#"Progress (%)","Step","Time (ps)","Potential Energy (kJ/mole)","Kinetic Energy (kJ/mole)","Temperature (K)","Speed (ns/day)","Time Remaining"
3.0%,152500,610.0000000014564,-3487211.8853790313,568197.2406326046,310.587536033404,0,--
3.1%,155000,620.0000000015042,-3489633.7617863268,568675.8740377333,310.8491662549741,113,4:07:57
3.1%,157500,630.0000000015519,-3486029.0673175566,567530.8644298216,310.2232819890457,113,4:07:53
3.2%,160000,640.0000000015997,-3485123.3553157467,568691.6683022568,310.85779970362717,113,4:07:37
3.2%,162500,650.0000000016474,-3488406.00392206,569295.9783435052,311.1881271907909,113,4:07:37
3.3%,165000,660.0000000016952,-3488087.9129507467,568332.8752447617,310.66167652015434,113,4:07:29
3.4%,167500,670.0000000017429,-3489208.4822333585,569270.1418545479,311.17400446918805,113,4:07:21
3.4%,170000,680.0000000017907,-3488673.4809075706,568709.9191936543,310.8677759917612,113,4:07:12
3.5%,172500,690.0000000018384,-3484253.820080582,568346.7975003398,310.66928669272613,113,4:07:02
3.5%,175000,700.0000000018862,-3484526.1568598226,569931.2683087864,311.53538890005893,113,4:06:58
3.5%,177500,710.0000000019339,-3487211.626186205,569850.0446490936,311.49099048604427,113,4:06:51
3.6%,180000,720.0000000019817,-3488513.1948345546,570765.5062151459,311.9913993789437,113,4:06:42
3.6%,182500,730.0000000020294,-3487286.826066971,569521.865051653,311.31160120841946,113,4:06:33
3.7%,185000,740.0000000020772,-3487030.068957543,568509.965131864,310.75847725721934,113,4:06:30
3.8%,187500,750.0000000021249,-3487003.586206548,569430.6891281374,311.26176269565445,113,4:06:21
3.8%,190000,760.0000000021727,-3487807.60486963,566696.0990799373,309.76698319938953,113,4:06:14
3.9%,192500,770.0000000022204,-3488320.053012356,570639.5957733209,311.92257431065616,113,4:06:06
3.9%,195000,780.0000000022682,-3487645.785739396,570792.3794093548,312.00608878356906,113,4:05:59
4.0%,197500,790.0000000023159,-3489887.74233301,567612.8602404373,310.26810247560036,113,4:05:50
4.0%,200000,800.0000000023637,-3486617.4059922565,568083.7402866805,310.5254945621356,112,4:05:47
4.0%,202500,810.0000000024114,-3483469.1958457567,570157.8537266571,311.6592448458555,113,4:05:37
4.1%,205000,820.0000000024592,-3487498.111682901,569147.8394273102,311.1071516110425,112,4:05:31
4.2%,207500,830.0000000025069,-3486578.3205128927,567189.2665980264,310.0365580465402,112,4:05:25
4.2%,210000,840.0000000025547,-3488017.033660751,569584.1161605916,311.34562886142083,112,4:05:18
4.2%,212500,850.0000000026024,-3485980.3136832267,570339.9026749412,311.75875630110664,112,4:05:12
4.3%,215000,860.0000000026502,-3486207.068650041,568573.7644767365,310.79335120574905,112,4:05:06
4.3%,217500,870.0000000026979,-3487869.707343554,569340.7000270156,311.2125729228281,112,4:04:57
4.4%,220000,880.0000000027457,-3486309.9327904545,570045.9057184053,311.5980519122044,112,4:04:47
4.5%,222500,890.0000000027934,-3484788.2998354565,568044.7482792324,310.5041807811943,112,4:04:40
4.5%,225000,900.0000000028411,-3485710.444716476,570370.6836105448,311.7755817523096,112,4:04:31
4.5%,227500,910.0000000028889,-3486580.4460261464,568162.0344852256,310.56829167636437,112,4:04:22
4.6%,230000,920.0000000029366,-3486875.328008389,569706.9924760679,311.4127954179112,112,4:04:15
4.7%,232500,930.0000000029844,-3487445.723236939,568424.3396585349,310.7116727272407,112,4:04:07
4.7%,235000,940.0000000030321,-3485884.429015428,571486.8606837322,312.38570560041614,112,4:03:59
4.8%,237500,950.0000000030799,-3487700.2993072085,567208.9303092682,310.0473066091645,112,4:03:51
4.8%,240000,960.0000000031276,-3483822.4523417335,567639.7361040593,310.2827933393783,112,4:03:42
4.8%,242500,970.0000000031754,-3487755.8618014734,570759.6777918381,311.9882134507049,113,4:03:34
4.9%,245000,980.0000000032231,-3491630.2924162447,571043.3952945048,312.1432988924869,112,4:03:27
5.0%,247500,990.0000000032709,-3485995.1045875717,571500.7981236824,312.3933240730576,113,4:03:19
5.0%,250000,1000.0000000033186,-3486191.728650024,570760.5503661423,311.9886904165959,113,4:03:10
5.0%,252500,1010.0000000033664,-3485190.517033927,568853.5023286492,310.9462612939151,112,4:03:08
5.1%,255000,1020.0000000034141,-3488682.2807482667,568350.100513196,310.6710921830579,112,4:03:00
5.2%,257500,1030.0000000032912,-3486954.3283361997,571191.113072712,312.2240442701142,112,4:02:52
5.2%,260000,1040.0000000030548,-3488370.9304449596,569090.0481875286,311.07556180826896,112,4:02:45
5.2%,262500,1050.0000000028183,-3488183.1531792246,570106.0082221673,311.6309050963066,112,4:02:37
5.3%,265000,1060.0000000025818,-3488982.541718222,570249.9173767269,311.7095686070227,112,4:02:28
5.3%,267500,1070.0000000023454,-3486017.5975588337,568558.5563851167,310.785038170475,112,4:02:20
5.4%,270000,1080.000000002109,-3489366.764484035,567322.701926301,310.10949636243646,112,4:02:13
5.5%,272500,1090.0000000018724,-3488643.9862957634,568965.229818518,311.0073336879783,112,4:02:05
5.5%,275000,1100.000000001636,-3489781.6295436677,568752.654538457,310.8911359528709,112,4:01:58
5.5%,277500,1110.0000000013995,-3487673.4632251393,568035.0958179985,310.4989045603032,112,4:01:52
5.6%,280000,1120.000000001163,-3488709.146705134,568613.6720987725,310.81516547922786,112,4:01:45
5.7%,282500,1130.0000000009265,-3486868.2031525094,567877.6121379369,310.4128209529605,112,4:01:37
5.7%,285000,1140.00000000069,-3489873.048417473,569948.784730709,311.54496371305703,112,4:01:29
5.8%,287500,1150.0000000004536,-3488470.2921175305,567043.0868636653,309.95665339324995,112,4:01:21
5.8%,290000,1160.0000000002171,-3486387.181832934,571231.4568399946,312.2460969489704,112,4:01:14
5.8%,292500,1169.9999999999807,-3488967.009765759,567394.5299299308,310.1487589302038,112,4:01:06
5.9%,295000,1179.9999999997442,-3487890.4650671743,568548.3009118007,310.7794323315862,112,4:00:59
6.0%,297500,1189.9999999995077,-3485776.8686578292,568923.2576626814,310.98439090063073,112,4:00:52
6.0%,300000,1199.9999999992713,-3486408.588612601,569782.604294986,311.45412629186376,112,4:00:45
6.0%,302500,1209.9999999990348,-3489220.46035452,569429.5263864669,311.2611271187022,112,4:00:37
6.1%,305000,1219.9999999987983,-3487691.9767395128,570478.3051069262,311.83440973138977,112,4:00:30
6.2%,307500,1229.9999999985619,-3487126.93614129,568994.711564474,311.02344897714136,112,4:00:22
6.2%,310000,1239.9999999983254,-3487298.5422938094,566660.2251388127,309.74737381344937,112,4:00:15
6.2%,312500,1249.999999998089,-3488133.4515499417,569930.068549105,311.53473308835015,112,4:00:08
6.3%,315000,1259.9999999978525,-3485717.5032186527,567585.8587607958,310.25334294769107,112,4:00:00
6.3%,317500,1269.999999997616,-3485452.7793728244,567614.7496850982,310.26913528237895,112,3:59:51
6.4%,320000,1279.9999999973795,-3489043.050879281,567907.5971745604,310.4292113504788,112,3:59:44
6.5%,322500,1289.999999997143,-3490879.092336675,568772.954908706,310.9022325255491,112,3:59:36
6.5%,325000,1299.9999999969066,-3486873.38800098,568013.9815570716,310.4873630993324,112,3:59:28
6.5%,327500,1309.99999999667,-3489852.498150911,570402.5128284654,311.7929802147816,112,3:59:20
6.6%,330000,1319.9999999964336,-3488898.907553844,569252.7038929795,311.1644725441281,112,3:59:13
6.7%,332500,1329.9999999961972,-3487182.709983861,568582.9447821513,310.79836933719156,112,3:59:05
6.7%,335000,1339.9999999959607,-3486166.025179345,570584.0873921772,311.8922323623049,112,3:58:58
6.8%,337500,1349.9999999957242,-3487330.147849215,567875.1494908535,310.41147482271725,112,3:58:50
6.8%,340000,1359.9999999954878,-3486982.3940253407,567418.658287002,310.1619479540769,112,3:58:43
6.8%,342500,1369.9999999952513,-3489403.5567446407,569553.6087938356,311.32895294820963,112,3:58:35
6.9%,345000,1379.9999999950148,-3490076.2005332652,571563.7442280587,312.4277316239274,112,3:58:27
7.0%,347500,1389.9999999947784,-3487770.458544217,569353.9666290322,311.2198247025574,112,3:58:19
7.0%,350000,1399.999999994542,-3486460.5093417186,571401.6661404072,312.33913662506285,112,3:58:12
7.0%,352500,1409.9999999943054,-3489040.0227262713,569905.3290941985,311.52121002665126,112,3:58:04
7.1%,355000,1419.999999994069,-3488581.6753621567,568547.9637774294,310.779248047457,112,3:57:57
7.2%,357500,1429.9999999938325,-3490578.605572358,568520.985591864,310.7645012525375,112,3:57:49
7.2%,360000,1439.999999993596,-3491171.77893373,569796.3879597586,311.46166070803673,112,3:57:43
7.2%,362500,1449.9999999933596,-3489661.7984204497,571636.9118696088,312.46772646353827,112,3:57:39
7.3%,365000,1459.999999993123,-3488508.851764934,569061.2446157408,311.05981722214506,112,3:57:36
7.3%,367500,1469.9999999928866,-3494353.3837176673,566104.3274072021,309.44350942552086,112,3:57:33
7.4%,370000,1479.9999999926501,-3492664.8499416616,569318.0954304484,311.2002168157428,112,3:57:25
7.5%,372500,1489.9999999924137,-3486411.021684598,569667.9278462749,311.3914419401999,112,3:57:18
7.5%,375000,1499.9999999921772,-3487192.5702132713,567815.986229981,310.3791350468365,112,3:57:11
7.5%,377500,1509.9999999919407,-3490926.2170833983,571836.6238573244,312.57689287573663,112,3:57:05
7.6%,380000,1519.9999999917043,-3486787.6990677975,567647.9274113389,310.28727086542546,112,3:57:00
7.7%,382500,1529.9999999914678,-3489418.837586485,568329.5155800509,310.65984006282963,112,3:56:53
7.7%,385000,1539.9999999912313,-3488061.97844705,569145.8582364505,311.10606865402775,112,3:56:45
7.8%,387500,1549.9999999909949,-3485542.5224183407,570023.110997665,311.58559187959065,112,3:56:37
7.8%,390000,1559.9999999907584,-3488402.7139225192,566525.7391391009,309.67386118034506,112,3:56:30
7.8%,392500,1569.999999990522,-3491009.825280249,568766.9111020647,310.8989288646392,112,3:56:25
7.9%,395000,1579.9999999902855,-3489534.993433101,568786.082145947,310.9094081258126,112,3:56:20
8.0%,397500,1589.999999990049,-3488522.9596729428,568199.7702849511,310.5889187900123,112,3:56:13
8.0%,400000,1599.9999999898125,-3488525.496840084,569367.1852917764,311.2270502777588,112,3:56:06
8.1%,402500,1609.999999989576,-3491074.5657126606,569518.6966633096,311.3098693064347,112,3:55:58
8.1%,405000,1619.9999999893396,-3490848.1985880677,569378.8956471714,311.23345138316387,112,3:55:50
8.2%,407500,1629.9999999891031,-3490038.623761175,568433.1823017617,310.71650628603936,112,3:55:42
8.2%,410000,1639.9999999888666,-3489305.647410147,568822.0099816592,310.92904697157053,112,3:55:35
8.2%,412500,1649.9999999886302,-3489707.651365122,567810.3832629258,310.3760723573201,112,3:55:27
8.3%,415000,1659.9999999883937,-3486809.7962682303,569616.9099212422,311.3635545614935,112,3:55:20
8.3%,417500,1669.9999999881572,-3483214.761332903,569357.7354344621,311.2218848040654,112,3:55:12
8.4%,420000,1679.9999999879208,-3490275.7795516998,568560.4851282212,310.78609245853846,112,3:55:04
8.4%,422500,1689.9999999876843,-3489065.525586346,569284.7993009435,311.18201651119557,112,3:54:56
8.5%,425000,1699.9999999874478,-3487111.3483458906,568947.1035806062,310.997425537836,112,3:54:49
8.6%,427500,1709.9999999872114,-3492919.7525628787,568403.9396771147,310.70052170518125,112,3:54:41
8.6%,430000,1719.999999986975,-3491971.277612742,569592.5574293942,311.35024302124225,112,3:54:33
8.7%,432500,1729.9999999867384,-3490986.7090566847,567557.6898537992,310.23794528154417,112,3:54:25
8.7%,435000,1739.999999986502,-3488260.846172018,570955.5446738838,312.0952780542172,112,3:54:18
8.8%,437500,1749.9999999862655,-3488042.761727184,570858.8357510193,312.0424150976293,112,3:54:10
8.8%,440000,1759.999999986029,-3486706.290430676,568370.5544819767,310.6822727156466,112,3:54:02
8.8%,442500,1769.9999999857926,-3488030.580880752,569877.0822852564,311.50576977780327,112,3:53:54
8.9%,445000,1779.999999985556,-3486717.709576186,567578.823688027,310.2494974416575,112,3:53:46
8.9%,447500,1789.9999999853196,-3486996.5887442008,568117.3186111436,310.5438491198725,112,3:53:37
9.0%,450000,1799.9999999850832,-3487757.8221855704,569338.9953234352,311.21164109907596,112,3:53:30
9.1%,452500,1809.9999999848467,-3488976.7871124055,570029.684142695,311.5891848870411,112,3:53:22
9.1%,455000,1819.9999999846102,-3486730.986141011,570171.5245222859,311.6667175655844,112,3:53:14
9.2%,457500,1829.9999999843737,-3484089.782920949,569246.9251357636,311.16131376433003,112,3:53:06
9.2%,460000,1839.9999999841373,-3491966.7388840523,570709.8134056763,311.9609566185236,112,3:52:58
9.2%,462500,1849.9999999839008,-3490936.1146837454,567445.2747361425,310.1764970169116,112,3:52:51
9.3%,465000,1859.9999999836643,-3493683.7490023933,569693.593616145,311.40547134346747,112,3:52:43
9.3%,467500,1869.9999999834279,-3490561.8667479046,568286.6503733573,310.6364091167137,112,3:52:35
9.4%,470000,1879.9999999831914,-3488736.193871077,571214.290225568,312.23671334747513,112,3:52:27
9.4%,472500,1889.999999982955,-3491455.897156099,569713.3343339487,311.416261999359,112,3:52:20
9.5%,475000,1899.9999999827185,-3485476.2052863967,568616.6874160663,310.81681370963395,112,3:52:12
9.6%,477500,1909.999999982482,-3487228.227691341,568036.6748917899,310.4997677123972,112,3:52:04
9.6%,480000,1919.9999999822455,-3487005.1171181574,570008.4737815182,311.57759089582606,112,3:51:56
9.7%,482500,1929.999999982009,-3484174.212602893,568787.3632290722,310.9101083904792,112,3:51:48
9.7%,485000,1939.9999999817726,-3487186.809716247,568745.9652665114,310.8874794682158,112,3:51:40
9.8%,487500,1949.9999999815361,-3493267.0995351113,567353.5244130436,310.1263445262909,112,3:51:32
9.8%,490000,1959.9999999812997,-3489969.5363032706,569592.9252974326,311.3504441049848,112,3:51:29
9.8%,492500,1969.9999999810632,-3486877.4889441933,568543.220440693,310.77665524840023,112,3:51:21
9.9%,495000,1979.9999999808267,-3490767.2142259907,567917.1417799363,310.4344286152842,112,3:51:13
9.9%,497500,1989.9999999805902,-3489599.483496625,568285.7498775651,310.63591688840046,112,3:51:06
10.0%,500000,1999.9999999803538,-3488500.132665962,569491.6273991656,311.2950727262131,112,3:50:58
10.1%,502500,2009.9999999801173,-3488994.153729379,568631.1263599639,310.8247063139751,112,3:50:52
10.1%,505000,2019.9999999798808,-3487826.431982551,568939.104587652,310.9930531344967,112,3:50:44
10.2%,507500,2029.9999999796444,-3486640.53788984,569543.5898514878,311.3234764016956,112,3:50:36
10.2%,510000,2039.999999979408,-3489202.3756394554,569705.1752325,311.4118020776382,112,3:50:29
10.2%,512500,2049.9999999791717,-3488735.68111906,566850.1712403032,309.85120200447574,112,3:50:21
10.3%,515000,2059.999999978935,-3486948.224950755,569004.5603558014,311.0288325158362,112,3:50:13
10.3%,517500,2069.9999999786987,-3489650.103893541,569267.4612906047,311.1725392213994,112,3:50:05
10.4%,520000,2079.9999999784623,-3488655.0470046233,569818.9708935942,311.47400497385644,112,3:49:58
10.4%,522500,2089.999999978226,-3487785.755536018,568247.3469601471,310.6149251153957,112,3:49:50
10.5%,525000,2099.9999999779893,-3491280.867633324,566740.9426380484,309.79149555042665,112,3:49:42
10.6%,527500,2109.999999977753,-3490167.31121091,568850.7393686613,310.9447510068643,112,3:49:35
10.6%,530000,2119.9999999775164,-3487476.2727581374,567968.1314807226,310.4623005660749,112,3:49:27
10.7%,532500,2129.99999997728,-3488739.0946224723,569123.2040139476,311.0936854204519,112,3:49:20
10.7%,535000,2139.9999999770434,-3487645.5255154893,570224.6254898988,311.69574357541427,112,3:49:12
10.8%,537500,2149.999999976807,-3492541.008483896,568552.451422526,310.7817010805474,112,3:49:04
10.8%,540000,2159.9999999765705,-3490797.683449831,569175.3113628427,311.12216829918697,112,3:48:56
10.8%,542500,2169.999999976334,-3486812.622108074,568755.4330175088,310.8926547229404,112,3:48:48
10.9%,545000,2179.9999999760976,-3489311.847719565,568887.9922352931,310.96511413999826,112,3:48:40
10.9%,547500,2189.999999975861,-3486254.5861724652,569936.7677984284,311.53839502683184,112,3:48:33
11.0%,550000,2199.9999999756246,-3490074.115361862,568783.2893691189,310.90788154030366,112,3:48:25
11.1%,552500,2209.999999975388,-3487972.699640544,570098.7566444981,311.626941244532,112,3:48:17
11.1%,555000,2219.9999999751517,-3489002.0293847974,568550.6987085862,310.78074301340973,112,3:48:09
11.2%,557500,2229.999999974915,-3488772.3552694004,567331.8578385131,310.11450116008547,112,3:48:02
11.2%,560000,2239.9999999746788,-3486391.9551148824,569569.6397357737,311.3377157692879,112,3:47:53
11.2%,562500,2249.9999999744423,-3490663.199326804,567831.9365740631,310.3878538115772,112,3:47:46
11.3%,565000,2259.999999974206,-3492056.1810193043,568197.449781293,310.58765035809824,112,3:47:38
11.3%,567500,2269.9999999739694,-3489202.7895787153,570246.7691175817,311.7078477080446,112,3:47:30
11.4%,570000,2279.999999973733,-3487822.4655824546,566605.336284717,309.71737051049365,112,3:47:23
11.4%,572500,2289.9999999734964,-3488086.6955579817,568901.1255903852,310.97229308439677,112,3:47:15
11.5%,575000,2299.99999997326,-3485815.3325688466,569527.4705912048,311.31466530411194,112,3:47:07
11.6%,577500,2309.9999999730235,-3490016.524821531,569229.44428643,311.15175839599306,112,3:46:59
11.6%,580000,2319.999999972787,-3487860.5134245064,568781.7777165269,310.9070552419335,112,3:46:51
11.7%,582500,2329.9999999725505,-3487598.9283080343,572278.3530316192,312.8183505352029,112,3:46:44
11.7%,585000,2339.999999972314,-3489303.5128538106,567211.753028786,310.04884956192325,112,3:46:36
11.8%,587500,2349.9999999720776,-3487941.1473139916,570436.7143692218,311.81167543452653,112,3:46:28
11.8%,590000,2359.999999971841,-3486815.569943687,569747.9562390279,311.4351869983248,112,3:46:20
11.8%,592500,2369.9999999716047,-3487969.7847181447,570793.5313114029,312.0067184353753,112,3:46:13
11.9%,595000,2379.999999971368,-3485493.095376035,570712.6456902316,311.9625047997157,112,3:46:05
11.9%,597500,2389.9999999711317,-3490634.704336904,567524.6475600947,310.2198837285258,112,3:45:57
12.0%,600000,2399.9999999708953,-3490433.0439987443,569608.2835088901,311.35883919864824,112,3:45:49
12.1%,602500,2409.999999970659,-3487129.5393452365,571250.0569601419,312.2562641322534,112,3:45:41
12.1%,605000,2419.9999999704223,-3482520.041488668,568399.2728427819,310.6979707238092,112,3:45:33
12.2%,607500,2429.999999970186,-3487014.012096485,568437.1421635202,310.7186708226099,112,3:45:25
12.2%,610000,2439.9999999699494,-3484610.936139565,567999.8264202103,310.47962562937374,112,3:45:17
12.2%,612500,2449.999999969713,-3488249.543586418,568891.1982218843,310.96686659390815,112,3:45:10
12.3%,615000,2459.9999999694764,-3486295.872263735,570491.7366399681,311.8417516655885,112,3:45:02
12.3%,617500,2469.99999996924,-3486994.775510192,568731.252913901,310.8794374134156,112,3:44:55
12.4%,620000,2479.9999999690035,-3491913.6626408417,569611.0295211468,311.3603402217433,112,3:44:47
12.4%,622500,2489.999999968767,-3490837.702227859,570828.2687046435,312.02570656239055,112,3:44:39
12.5%,625000,2499.9999999685306,-3487978.9796117134,570911.9641116093,312.07145608098705,112,3:44:32
12.6%,627500,2509.999999968294,-3488329.4420199357,569325.6484756412,311.20434545546186,112,3:44:24
12.6%,630000,2519.9999999680576,-3488474.030566547,568542.7956043213,310.7764230246715,112,3:44:16
12.7%,632500,2529.999999967821,-3489764.2212240733,568732.9659315898,310.88037378181923,112,3:44:09
12.7%,635000,2539.9999999675847,-3486856.9081419744,569030.9747064945,311.04327110777405,112,3:44:01
12.8%,637500,2549.9999999673482,-3486656.2598386724,568866.6869891922,310.9534682828595,112,3:43:53
12.8%,640000,2559.9999999671118,-3488486.399975423,570044.701057533,311.5973934214105,112,3:43:45
12.8%,642500,2569.9999999668753,-3487798.83683783,568049.7574710341,310.506918901741,112,3:43:37
12.9%,645000,2579.999999966639,-3490287.7438926324,568760.9632462958,310.89567765232096,112,3:43:29
12.9%,647500,2589.9999999664024,-3485786.626087865,572863.6898210399,313.13830687813316,112,3:43:21
13.0%,650000,2599.999999966166,-3489568.9883631207,569401.8067257872,311.2459750192295,112,3:43:14
13.1%,652500,2609.9999999659294,-3488585.528978085,568014.145394618,310.4874526560853,112,3:43:06
13.1%,655000,2619.999999965693,-3492362.5323612764,570061.8422613612,311.6067631329841,112,3:42:58
13.2%,657500,2629.9999999654565,-3487088.795394743,569284.7094108317,311.1819673755322,112,3:42:50
13.2%,660000,2639.99999996522,-3487203.730336517,569751.7581670114,311.43726520525746,112,3:42:43
13.2%,662500,2649.9999999649835,-3488605.6383875515,569755.680228682,311.4394090795731,112,3:42:35
13.3%,665000,2659.999999964747,-3488202.846852651,568742.9963706516,310.8858566126582,112,3:42:27
13.3%,667500,2669.9999999645106,-3490129.9131764024,570663.8998619682,311.93585939278734,112,3:42:19
13.4%,670000,2679.999999964274,-3488491.7146134973,570033.2215222802,311.59111848673285,112,3:42:12
13.4%,672500,2689.9999999640377,-3484689.0487012286,569719.4895026119,311.4196265328912,112,3:42:04
13.5%,675000,2699.999999963801,-3490515.032734614,570622.8206053192,311.91340468130284,112,3:41:56
13.6%,677500,2709.9999999635647,-3488181.493634861,571427.654626715,312.3533424313399,112,3:41:48
13.6%,680000,2719.9999999633283,-3488068.660739105,568783.6788612739,310.9080944442041,112,3:41:40
13.7%,682500,2729.999999963092,-3488820.7753014844,569218.9421456184,311.1460177239086,112,3:41:32
13.7%,685000,2739.9999999628553,-3492185.9928463995,569092.4984507813,311.0769011692723,112,3:41:25
13.8%,687500,2749.999999962619,-3488213.8534966987,569783.9166169048,311.45484363225563,112,3:41:17
13.8%,690000,2759.9999999623824,-3490060.809943881,569566.7306903091,311.3361256291069,112,3:41:09
13.8%,692500,2769.999999962146,-3487768.404343175,568894.9230496807,310.9689026563961,112,3:41:01
13.9%,695000,2779.9999999619095,-3488130.4034424517,569187.7676281703,311.1289771333023,112,3:40:53
13.9%,697500,2789.999999961673,-3484548.6965419,568687.4043258652,310.85546893215115,112,3:40:46
14.0%,700000,2799.9999999614365,-3491291.676966492,570686.7259591776,311.9483365763823,112,3:40:38
14.1%,702500,2809.9999999612,-3488250.807998039,566631.7281710883,309.7317968230013,112,3:40:30
14.1%,705000,2819.9999999609636,-3485230.7343229447,569763.1140390285,311.4434725432329,112,3:40:23
14.2%,707500,2829.999999960727,-3489600.9362660274,567632.512226778,310.2788446291682,112,3:40:15
14.2%,710000,2839.9999999604906,-3487119.9221310057,569163.024219018,311.1154519101367,112,3:40:07
14.2%,712500,2849.999999960254,-3487547.563657813,569452.0417635185,311.2734344566849,112,3:39:59
14.3%,715000,2859.9999999600177,-3485723.3267704695,568603.0162851573,310.80934080663445,112,3:39:51
14.3%,717500,2869.9999999597812,-3488982.076577941,569381.7668583097,311.23502084237475,112,3:39:43
14.4%,720000,2879.9999999595448,-3487813.075308351,567885.9990832462,310.41740541851607,112,3:39:36
14.4%,722500,2889.9999999593083,-3489982.730365349,568154.5038742876,310.5641752996402,112,3:39:28
14.5%,725000,2899.999999959072,-3490988.550951166,569399.7357636729,311.24484299152095,112,3:39:20
14.6%,727500,2909.9999999588354,-3483547.463208694,568608.0144285765,310.81207288792297,112,3:39:13
14.6%,730000,2919.999999958599,-3490393.9582401384,570448.0313222992,311.8178614986612,112,3:39:05
14.7%,732500,2929.9999999583624,-3484095.915402064,569703.5400222098,311.41090824025457,112,3:38:57
14.7%,735000,2939.999999958126,-3487765.108164482,570196.9005401848,311.68058858485364,112,3:38:49
14.8%,737500,2949.9999999578895,-3490273.101040181,570002.3126586752,311.5742231076248,112,3:38:41
14.8%,740000,2959.999999957653,-3488634.0452904683,570544.7673371317,311.8707392642397,112,3:38:33
14.8%,742500,2969.9999999574165,-3489533.6342461873,571219.4778569265,312.2395490065143,112,3:38:26
14.9%,745000,2979.99999995718,-3492534.3947085496,567862.1862902129,310.40438888801333,112,3:38:18
14.9%,747500,2989.9999999569436,-3489163.11585561,570511.7553384348,311.85269427105493,112,3:38:10
15.0%,750000,2999.999999956707,-3488135.4934022557,570098.5639499703,311.6268359139983,112,3:38:02
15.1%,752500,3009.9999999564707,-3486765.838247722,571210.9583593383,312.23489208533465,112,3:37:55
15.1%,755000,3019.999999956234,-3488810.712902665,568053.1326895023,310.5087638610486,112,3:37:48
15.2%,757500,3029.9999999559977,-3488978.6714188103,566776.9670505975,309.8111871869404,112,3:37:40
15.2%,760000,3039.9999999557613,-3487357.2127081864,569486.7198103425,311.29239014380784,112,3:37:32
15.2%,762500,3049.999999955525,-3489191.680102838,567280.4103230995,310.08637895901745,112,3:37:24
15.3%,765000,3059.9999999552883,-3487541.7161305808,568526.7427655192,310.7676482343463,112,3:37:16
15.3%,767500,3069.999999955052,-3487230.086244935,567948.0752777368,310.4513374599172,112,3:37:08
15.4%,770000,3079.9999999548154,-3488823.7494094614,568843.0694282812,310.94055846998833,112,3:37:01
15.4%,772500,3089.999999954579,-3488009.704613488,570670.0673926276,311.93923068362426,112,3:36:53
15.5%,775000,3099.9999999543425,-3486566.817010235,568884.2885028052,310.9630896086115,112,3:36:45
15.6%,777500,3109.999999954106,-3489939.068346722,568644.2338789129,310.8318711358411,112,3:36:37
15.6%,780000,3119.9999999538695,-3490881.3782123346,567802.5636509019,310.371798007046,112,3:36:30
15.7%,782500,3129.999999953633,-3490130.912815068,567555.3664810234,310.23667528131523,112,3:36:22
15.7%,785000,3139.9999999533966,-3488707.587856848,567702.2083227863,310.3169418552411,112,3:36:14
15.8%,787500,3149.99999995316,-3491772.9169372674,568960.0856582379,311.0045217910662,112,3:36:06
15.8%,790000,3159.9999999529236,-3489139.6405862626,567920.002557252,310.435992371167,112,3:35:58
15.8%,792500,3169.999999952687,-3486741.529513931,569466.723684865,311.28145987717124,112,3:35:51
15.9%,795000,3179.9999999524507,-3490315.3345049396,569802.1106391128,311.4647888345973,112,3:35:44
15.9%,797500,3189.9999999522142,-3489249.0673513766,568384.9816896252,310.6901589047284,112,3:35:37
16.0%,800000,3199.9999999519778,-3488151.033907367,569557.0990134153,311.33086076933574,112,3:35:30
16.1%,802500,3209.9999999517413,-3486278.742674183,569921.4853909808,311.53004136909755,112,3:35:22
16.1%,805000,3219.999999951505,-3486677.179486405,571259.1996850836,312.26126172148696,112,3:35:14
16.1%,807500,3229.9999999512684,-3489242.3912141975,568872.407044596,310.95659497511843,112,3:35:06
16.2%,810000,3239.999999951032,-3488736.855109215,567326.2600820275,310.11144131876654,112,3:34:58
16.2%,812500,3249.9999999507954,-3486926.9153688867,569633.8955351331,311.37283922461603,112,3:34:51
16.3%,815000,3259.999999950559,-3486229.6041339356,569167.2156949751,311.1177430514812,112,3:34:43
16.4%,817500,3269.9999999503225,-3484849.7199250646,569515.5376286353,311.3081425173453,112,3:34:35
16.4%,820000,3279.999999950086,-3491783.213614626,570458.157901499,311.823396881548,112,3:34:27
16.4%,822500,3289.9999999498496,-3486125.684650935,567624.0104541056,310.2741973967683,112,3:34:19
16.5%,825000,3299.999999949613,-3489684.1696111187,569110.6302558709,311.08681236254085,112,3:34:12
16.6%,827500,3309.9999999493766,-3491055.8079097196,567559.247653973,310.2387968050699,112,3:34:04
16.6%,830000,3319.99999994914,-3489325.7048243247,566955.1973864869,309.908611315239,112,3:33:56
16.6%,832500,3329.9999999489037,-3490823.1905925926,569661.6615953454,311.38801668696533,112,3:33:49
16.7%,835000,3339.999999948667,-3491050.98394737,569465.6614388948,311.28087923310096,112,3:33:41
16.8%,837500,3349.9999999484307,-3490669.198573159,568014.4733327939,310.48763191339725,112,3:33:33
16.8%,840000,3359.9999999481943,-3487097.292305611,569273.7210340984,311.1759609175445,112,3:33:26
16.9%,842500,3369.999999947958,-3486076.4065084253,571403.2330374437,312.33999312110853,112,3:33:18
16.9%,845000,3379.9999999477213,-3491182.074650487,569291.9608715692,311.18593116338985,112,3:33:10
16.9%,847500,3389.999999947485,-3489586.9263964407,569819.0980861217,311.4740744997374,112,3:33:03
17.0%,850000,3399.9999999472484,-3489817.0611920245,569627.8258106026,311.3695213964896,112,3:32:55
17.1%,852500,3409.999999947012,-3487900.1560070645,567607.0224272581,310.26491141467733,112,3:32:47
17.1%,855000,3419.9999999467755,-3486942.889499698,568123.1021186846,310.54701049628954,112,3:32:39
17.1%,857500,3429.999999946539,-3489670.1363848317,569630.7746768205,311.37113330345994,112,3:32:32
17.2%,860000,3439.9999999463025,-3490350.929787047,568032.5215670427,310.4974974252375,112,3:32:24
17.2%,862500,3449.999999946066,-3487849.7449973747,568475.83893308,310.7398232208451,112,3:32:16
17.3%,865000,3459.9999999458296,-3487860.5110914297,568535.1865921962,310.7722637923511,112,3:32:08
17.4%,867500,3469.999999945593,-3486447.032336127,570180.2267941928,311.67147439472075,112,3:32:01
17.4%,870000,3479.9999999453566,-3490337.453471964,568531.8212355878,310.7704242237258,112,3:31:53
17.4%,872500,3489.99999994512,-3488604.368498737,570057.0239102563,311.60412932963135,112,3:31:45
17.5%,875000,3499.9999999448837,-3487193.035064468,568493.0884527301,310.74925213992947,112,3:31:37
17.6%,877500,3509.9999999446472,-3489277.3680400755,568562.3077056657,310.7870887144109,112,3:31:29
17.6%,880000,3519.999999944411,-3490269.018914152,567732.8355671822,310.333683295875,112,3:31:22
17.6%,882500,3529.9999999441743,-3490232.236412123,569078.5935485382,311.069300482367,112,3:31:14
17.7%,885000,3539.999999943938,-3489875.190283453,568319.6299228286,310.65443637252787,112,3:31:06
17.8%,887500,3549.9999999437014,-3489305.0062226895,568347.8390588192,310.6698560286163,112,3:30:58
17.8%,890000,3559.999999943465,-3490375.737072734,567672.8596416692,310.3008993018774,112,3:30:51
17.9%,892500,3569.9999999432284,-3488347.8949746788,570528.8922544186,311.86206163881036,112,3:30:43
17.9%,895000,3579.999999942992,-3484963.5261437166,569365.7891561617,311.2262871231893,112,3:30:35
17.9%,897500,3589.9999999427555,-3488401.7957861777,567813.9562523486,310.3780254220338,112,3:30:28
18.0%,900000,3599.999999942519,-3488299.6032378078,568800.3753487648,310.91722106527754,112,3:30:20
18.1%,902500,3609.9999999422826,-3488914.5084594935,569863.3744526294,311.4982768129391,112,3:30:12
18.1%,905000,3619.999999942046,-3486534.489956403,569072.2742489558,311.0658462317188,112,3:30:04
18.1%,907500,3629.9999999418096,-3487534.165626537,569775.6785164619,311.4503405281657,112,3:29:56
18.2%,910000,3639.999999941573,-3490169.7028427366,568946.7220805666,310.9972170025796,112,3:29:49
18.2%,912500,3649.9999999413367,-3489327.5504254904,567116.4567641153,309.9967587914642,112,3:29:41
18.3%,915000,3659.9999999411,-3489543.814978443,570455.9442467844,311.8221868553207,112,3:29:33
18.4%,917500,3669.9999999408637,-3491495.3478484806,567004.4754320345,309.9355476423674,112,3:29:26
18.4%,920000,3679.9999999406273,-3489540.882381078,569945.8315521474,311.54334944887665,112,3:29:18
18.4%,922500,3689.999999940391,-3491641.8583841585,570800.7701914245,312.01067534637167,112,3:29:10
18.5%,925000,3699.9999999401543,-3489791.8296022005,568612.6469679896,310.81460512303255,112,3:29:02
18.6%,927500,3709.999999939918,-3486073.3044277597,569363.4891503968,311.22502989581767,112,3:28:55
18.6%,930000,3719.9999999396814,-3485814.4416970536,569707.814964425,311.4132450058606,112,3:28:47
18.6%,932500,3729.999999939445,-3490202.090498464,568449.5597526993,310.7254585155989,112,3:28:39
18.7%,935000,3739.9999999392085,-3486991.2443019226,567304.0072251735,310.09927747937115,112,3:28:32
18.8%,937500,3749.999999938972,-3489771.560787892,568580.4844054482,310.79702444798187,112,3:28:24
18.8%,940000,3759.9999999387355,-3488094.342824444,568455.5262177228,310.7287199000935,112,3:28:16
18.9%,942500,3769.999999938499,-3487383.9885805026,568870.0919756349,310.9553295139142,112,3:28:08
18.9%,945000,3779.9999999382626,-3492135.734902747,568370.6377733035,310.6823182442873,112,3:28:00
18.9%,947500,3789.999999938026,-3488682.6342590693,571181.8321475849,312.21897113800236,112,3:27:52
19.0%,950000,3799.9999999377897,-3490738.676567903,568030.8274610661,310.4965713943394,112,3:27:45
19.1%,952500,3809.999999937553,-3491595.6089782696,567972.5020101743,310.46468958150206,112,3:27:37
19.1%,955000,3819.9999999373167,-3487750.431858318,569321.8876703341,311.2022897269748,112,3:27:29
19.1%,957500,3829.9999999370802,-3491795.9874096066,569215.775533278,311.1442867927213,112,3:27:22
19.2%,960000,3839.999999936844,-3488376.594416138,570014.3054333304,311.5807785888274,112,3:27:14
19.2%,962500,3849.9999999366073,-3489784.4162931815,568340.0773543046,310.6656133317001,112,3:27:06
19.3%,965000,3859.999999936371,-3487012.4665827844,567836.17589204,310.3901711042895,112,3:26:58
19.4%,967500,3869.9999999361344,-3488161.4641402774,569765.120828765,311.4445694930858,112,3:26:51
19.4%,970000,3879.999999935898,-3489761.2598704863,568442.6331104836,310.7216722797904,112,3:26:43
19.4%,972500,3889.9999999356614,-3491642.9132785574,571304.0511104164,312.2857783728987,112,3:26:35
19.5%,975000,3899.999999935425,-3489875.9251045436,569466.4352599782,311.2813022185828,112,3:26:27
19.6%,977500,3909.9999999351885,-3489854.275597226,569023.4629446289,311.03916503431526,112,3:26:20
19.6%,980000,3919.999999934952,-3488704.1327602044,567720.7066019871,310.32705337030484,112,3:26:12
19.6%,982500,3929.9999999347156,-3488377.480117619,569736.4395595673,311.428891759909,112,3:26:04
19.7%,985000,3939.999999934479,-3486640.298383927,569875.0500076299,311.5046588957795,112,3:25:56
19.8%,987500,3949.9999999342426,-3489878.9075664934,567896.4362486192,310.4231105737765,112,3:25:49
19.8%,990000,3959.999999934006,-3486869.831425553,570061.1673431064,311.6063942096898,112,3:25:41
19.9%,992500,3969.9999999337697,-3490512.181836335,567472.8873064435,310.1915905787244,112,3:25:33
19.9%,995000,3979.999999933533,-3489811.26966762,570485.454947067,311.8383179714753,112,3:25:25
19.9%,997500,3989.9999999332967,-3489258.564625984,567931.6634095474,310.44236641722614,112,3:25:17
20.0%,1000000,3999.9999999330603,-3486539.776395317,568531.8185501863,310.7704227558337,112,3:25:10
20.1%,1002500,4009.999999932824,-3488569.407566406,570311.6105124648,311.74329126114475,112,3:25:03
20.1%,1005000,4019.9999999325873,-3487821.363131415,568698.385092618,310.8614712303772,112,3:24:55
20.1%,1007500,4029.999999932351,-3487663.1439703144,565261.124021273,308.9825982431308,112,3:24:47
20.2%,1010000,4039.9999999321144,-3491646.1163211577,570390.995996125,311.7866848927988,112,3:24:40
20.2%,1012500,4049.999999931878,-3487447.8846357036,568838.0217196771,310.9377992954168,112,3:24:32
20.3%,1015000,4059.9999999316415,-3488623.5696696565,568420.3932276146,310.7095155322246,112,3:24:24
20.4%,1017500,4069.999999931405,-3488632.7934995648,568297.7851651026,310.64249560796196,112,3:24:16
20.4%,1020000,4079.9999999311685,-3485125.978624206,568453.5368927948,310.72763249684056,112,3:24:09
20.4%,1022500,4089.999999930932,-3489712.2687581778,569893.3541220786,311.51466427665673,112,3:24:01
20.5%,1025000,4099.999999930696,-3486603.878214946,569090.1524881595,311.0756188209991,112,3:23:53
20.6%,1027500,4109.999999930459,-3490342.7919877525,569333.1513137515,311.2084466510245,112,3:23:46
20.6%,1030000,4119.999999930223,-3489598.1578507684,569436.6538078426,311.2650231042598,112,3:23:38
20.6%,1032500,4129.999999929986,-3487364.128750922,568928.701411772,310.98736655854657,112,3:23:30
20.7%,1035000,4139.99999992975,-3489119.827217767,566777.1340042162,309.81127844699824,112,3:23:23
20.8%,1037500,4149.999999929513,-3489060.590596903,569901.247209856,311.5189787901904,112,3:23:15
20.8%,1040000,4159.999999929277,-3489133.8998602405,569545.2831291519,311.3244019798222,112,3:23:07
20.9%,1042500,4169.99999992904,-3487814.570545491,570336.3608825589,311.7568202892951,112,3:23:00
20.9%,1045000,4179.999999928804,-3489594.009309916,570168.5674796522,311.665101189228,112,3:22:52
20.9%,1047500,4189.999999928567,-3489981.287540527,570117.8710587455,311.6373895508582,112,3:22:44
21.0%,1050000,4199.999999928331,-3486813.2283124104,568521.9345151248,310.7650199522361,112,3:22:36
21.1%,1052500,4209.999999928094,-3490752.450125139,568232.9707271976,310.6070667900643,112,3:22:29
21.1%,1055000,4219.999999927858,-3490307.711555142,568055.1057324635,310.5098423642654,112,3:22:21
21.1%,1057500,4229.9999999276215,-3488640.840430554,571505.6434324343,312.39597261197855,112,3:22:13
21.2%,1060000,4239.999999927385,-3488379.444305958,569344.3781083977,311.2145834328273,112,3:22:05
21.2%,1062500,4249.999999927149,-3487934.4376754146,571482.5168835879,312.38333119574224,112,3:21:58
21.3%,1065000,4259.999999926912,-3488437.9268213343,570429.408677607,311.8076820030288,112,3:21:50
21.4%,1067500,4269.999999926676,-3489440.2277609017,568518.7653516857,310.7632876265692,112,3:21:42
21.4%,1070000,4279.999999926439,-3488785.271695249,568646.2981191999,310.83299948926964,112,3:21:34
21.4%,1072500,4289.999999926203,-3488309.6432021484,570641.5075812128,311.9236193416068,112,3:21:27
21.5%,1075000,4299.999999925966,-3490759.4277181327,570496.9353259199,311.844593367281,112,3:21:20
21.6%,1077500,4309.99999992573,-3487436.93871985,567889.716477346,310.4194374176026,112,3:21:12
21.6%,1080000,4319.999999925493,-3487393.9960734863,570073.9732566096,311.6133941682205,112,3:21:04
21.6%,1082500,4329.999999925257,-3486293.6350478902,569550.5746055087,311.3272944025341,112,3:20:56
21.7%,1085000,4339.99999992502,-3489655.5852142666,568341.8196581409,310.666565708475,112,3:20:49
21.8%,1087500,4349.999999924784,-3489015.7252577115,570016.6567139339,311.5820638440116,112,3:20:41
21.8%,1090000,4359.999999924547,-3490449.5101831947,569035.7099773103,311.0458594978435,112,3:20:33
21.9%,1092500,4369.999999924311,-3487261.7444429602,568539.3040019602,310.7745144476905,112,3:20:25
21.9%,1095000,4379.9999999240745,-3490059.160915384,566534.8717646524,309.67885324905774,112,3:20:18
21.9%,1097500,4389.999999923838,-3489907.039866708,569949.7753964392,311.54550522999193,112,3:20:10
22.0%,1100000,4399.9999999236015,-3488131.8565307893,568344.6007785453,310.66808592235856,112,3:20:02
22.1%,1102500,4409.999999923365,-3489956.2725622524,567421.6428994219,310.16357940060846,112,3:19:54
22.1%,1105000,4419.999999923129,-3487747.732758008,570433.4358551356,311.8098833356934,112,3:19:47
22.1%,1107500,4429.999999922892,-3487385.845584329,568462.3398434914,310.7324443589391,112,3:19:39
22.2%,1110000,4439.999999922656,-3485972.9729580227,571029.31565365,312.1356026900969,112,3:19:31
22.2%,1112500,4449.999999922419,-3489241.631991746,570670.958228025,311.9397176313799,112,3:19:23
22.3%,1115000,4459.999999922183,-3487837.9245446976,570891.1354627965,312.06007074108913,112,3:19:15
22.4%,1117500,4469.999999921946,-3492367.191815449,569935.2022349688,311.53753925974485,112,3:19:08
22.4%,1120000,4479.99999992171,-3486756.807301283,569815.2446022001,311.4719681113378,112,3:19:00
22.4%,1122500,4489.999999921473,-3487242.4309622813,569992.8653640304,311.5690590347358,112,3:18:52
22.5%,1125000,4499.999999921237,-3485752.865052875,570598.5178117005,311.90012030705924,112,3:18:45
22.6%,1127500,4509.999999921,-3491542.1954712756,570400.817536141,311.79205353540294,112,3:18:37
22.6%,1130000,4519.999999920764,-3490677.3620013725,568627.595804081,310.82277644425017,112,3:18:29
22.6%,1132500,4529.999999920527,-3490655.085590316,570462.8956337213,311.82598661706953,112,3:18:22
22.7%,1135000,4539.999999920291,-3486979.58030311,570942.8623644903,312.0883456600694,112,3:18:14
22.8%,1137500,4549.9999999200545,-3487741.5755695626,569884.1203315873,311.50961690924294,112,3:18:06
22.8%,1140000,4559.999999919818,-3487943.900944477,569557.3973870552,311.3310238661039,112,3:17:58
22.9%,1142500,4569.999999919582,-3488435.612420261,568586.9977544035,310.8005847697481,112,3:17:51
22.9%,1145000,4579.999999919345,-3489757.3394379467,569280.093189586,311.17944406024674,112,3:17:43
22.9%,1147500,4589.999999919109,-3488672.314840734,569138.5465985426,311.10207197217187,112,3:17:35
23.0%,1150000,4599.999999918872,-3493334.3105306253,569337.647605262,311.21090441041093,112,3:17:27
23.1%,1152500,4609.999999918636,-3490086.2014320083,570852.3930681827,312.0388934033222,112,3:17:20
23.1%,1155000,4619.999999918399,-3489201.4623526577,568238.9831396837,310.61035329032546,112,3:17:12
23.1%,1157500,4629.999999918163,-3486767.8783818968,571017.5222501245,312.1291561889869,112,3:17:04
23.2%,1160000,4639.999999917926,-3489637.0075145364,569268.8291541059,311.17328692188806,112,3:16:56
23.2%,1162500,4649.99999991769,-3487937.606110234,569873.2631536273,311.5036821670272,112,3:16:49
23.3%,1165000,4659.999999917453,-3489326.9764845893,570822.8850191656,312.0227637364002,112,3:16:41
23.4%,1167500,4669.999999917217,-3487616.0229776837,569352.5484434434,311.2190494950482,112,3:16:33
23.4%,1170000,4679.99999991698,-3490227.8512476683,568884.0634992723,310.9629666173544,112,3:16:26
23.4%,1172500,4689.999999916744,-3493233.15964094,568528.1855315671,310.7684368780071,112,3:16:18
23.5%,1175000,4699.9999999165075,-3488598.4003996365,570109.7262464527,311.6329374398647,112,3:16:10
23.6%,1177500,4709.999999916271,-3486846.351790594,568812.9875977711,310.92411516307067,112,3:16:02
23.6%,1180000,4719.9999999160345,-3490756.6007873043,570662.6207159923,311.93516018700376,112,3:15:54
23.6%,1182500,4729.999999915798,-3490455.74192911,568394.063866715,310.6951233973419,112,3:15:47
23.7%,1185000,4739.999999915562,-3488354.6705419943,568855.1713633231,310.94717362035715,112,3:15:39
23.8%,1187500,4749.999999915325,-3490468.138618104,571405.2160976141,312.3410770999245,112,3:15:31
23.8%,1190000,4759.999999915089,-3491907.887069665,568742.5006332643,310.88558563307106,112,3:15:23
23.9%,1192500,4769.999999914852,-3486192.519697845,570019.0760399052,311.58338629410207,112,3:15:16
23.9%,1195000,4779.999999914616,-3487061.192755252,567725.3634190458,310.32959887604227,112,3:15:08
23.9%,1197500,4789.999999914379,-3492558.0243191253,570000.7248557652,311.5733551840267,112,3:15:00
24.0%,1200000,4799.999999914143,-3491977.5686886143,567405.9968089862,310.15502694676064,112,3:14:53
24.1%,1202500,4809.999999913906,-3489235.4881727565,569480.6588541127,311.2890771086031,112,3:14:45
24.1%,1205000,4819.99999991367,-3492401.409077501,568367.8299813195,310.68078345120546,112,3:14:37
24.1%,1207500,4829.999999913433,-3488400.6462614518,570631.8831489843,311.9183584419089,112,3:14:29
24.2%,1210000,4839.999999913197,-3489616.0607420877,566282.7880857724,309.5410594635575,112,3:14:22
24.2%,1212500,4849.99999991296,-3492482.0279615577,568943.6181771867,310.9955203493157,112,3:14:14
24.3%,1215000,4859.999999912724,-3489475.6421378814,570290.6822298651,311.73185145950333,112,3:14:06
24.4%,1217500,4869.9999999124875,-3486412.0522562955,568865.2828315517,310.95270074329653,112,3:13:58
24.4%,1220000,4879.999999912251,-3489145.312375821,569223.0680492092,311.148273022137,112,3:13:51
24.4%,1222500,4889.999999912015,-3484964.162763426,568721.4994683277,310.874105992543,112,3:13:43
24.5%,1225000,4899.999999911778,-3489563.73402543,569775.4999452388,311.4502429177019,112,3:13:35
24.6%,1227500,4909.999999911542,-3490049.2095326483,569306.4470287148,311.19384957540007,112,3:13:28
24.6%,1230000,4919.999999911305,-3489436.015006561,572379.7293290929,312.8737647684883,112,3:13:20
24.6%,1232500,4929.999999911069,-3486811.273345545,569990.0349458002,311.5675118737129,112,3:13:12
24.7%,1235000,4939.999999910832,-3489040.5615981594,569681.9284838154,311.39909495785935,112,3:13:04
24.8%,1237500,4949.999999910596,-3488884.375671638,568070.1379122114,310.5180592427281,112,3:12:57
24.8%,1240000,4959.999999910359,-3489544.276713049,568513.7469696146,310.76054448244446,112,3:12:49
24.9%,1242500,4969.999999910123,-3489392.404644033,568468.3476720622,310.73572835354395,112,3:12:41
24.9%,1245000,4979.999999909886,-3489650.592697328,567678.8860708494,310.3041934639329,112,3:12:33
24.9%,1247500,4989.99999990965,-3488986.584685283,569309.4635623433,311.19549847067805,112,3:12:26
25.0%,1250000,4999.999999909413,-3489602.6451050043,570807.8452953615,312.0145427342114,112,3:12:18
25.1%,1252500,5009.999999909177,-3492023.487957094,569228.5447516497,311.15126669298746,112,3:12:11
25.1%,1255000,5019.9999999089405,-3488462.638001032,568918.9280561132,310.98202425443844,112,3:12:03
25.1%,1257500,5029.999999908704,-3491977.7504832856,567186.5509822936,310.0350736387696,112,3:11:55
25.2%,1260000,5039.9999999084675,-3488624.1983342543,569764.9103253754,311.4444544278859,112,3:11:48
25.2%,1262500,5049.999999908231,-3493184.983042212,569321.938904393,311.2023177324965,112,3:11:40
25.3%,1265000,5059.999999907995,-3489119.1172563154,568736.5402133378,310.8823275529426,112,3:11:32
25.4%,1267500,5069.999999907758,-3487702.9379925914,570334.6263311019,311.7558721501197,112,3:11:24
25.4%,1270000,5079.999999907522,-3491332.8528609294,572121.7015408447,312.73272181852445,112,3:11:17
25.4%,1272500,5089.999999907285,-3491966.2313722074,570198.7176490463,311.6815818514936,112,3:11:09
25.5%,1275000,5099.999999907049,-3486348.294699626,571665.3001031026,312.4832440177653,112,3:11:01
25.6%,1277500,5109.999999906812,-3491943.0320551377,569745.9167918669,311.4340721972956,112,3:10:53
25.6%,1280000,5119.999999906576,-3489954.9667694084,571127.2760733269,312.18914973890406,112,3:10:46
25.6%,1282500,5129.999999906339,-3489421.4525790364,567497.7112386038,310.2051598173144,112,3:10:38
25.7%,1285000,5139.999999906103,-3492974.605088204,569627.3532743823,311.36926309910643,112,3:10:30
25.8%,1287500,5149.999999905866,-3492129.791568,568274.059449145,310.62952667546296,112,3:10:22
25.8%,1290000,5159.99999990563,-3490775.1431134343,568135.7197922324,310.55390755924134,112,3:10:15
25.9%,1292500,5169.999999905393,-3490733.480101699,568351.1777286895,310.6716810097575,112,3:10:07
25.9%,1295000,5179.999999905157,-3490399.176420044,569695.7261525084,311.4066370288444,112,3:09:59
25.9%,1297500,5189.9999999049205,-3489505.8282040153,567670.6953408355,310.2997162534303,112,3:09:52
26.0%,1300000,5199.999999904684,-3487271.713127533,569900.9098803767,311.5187943994113,112,3:09:44
26.1%,1302500,5209.999999904448,-3488928.9836132172,569301.8667771724,311.19134592184594,112,3:09:36
26.1%,1305000,5219.999999904211,-3488291.5780228544,566038.6220045066,309.40759358913886,112,3:09:28
26.1%,1307500,5229.999999903975,-3487059.438763542,570292.8054650971,311.73301206070295,112,3:09:21
26.2%,1310000,5239.999999903738,-3486405.9483032767,566848.3527286903,309.850207971065,112,3:09:13
26.2%,1312500,5249.999999903502,-3489970.019580206,568317.031281207,310.6530159050553,112,3:09:05
26.3%,1315000,5259.999999903265,-3490462.4131239317,570001.1562634024,311.57359099973553,112,3:08:58
26.4%,1317500,5269.999999903029,-3489294.46301673,570151.1312119113,311.6555701900467,112,3:08:50
26.4%,1320000,5279.999999902792,-3486561.4903124366,571655.9480592988,312.4781320108174,112,3:08:42
26.4%,1322500,5289.999999902556,-3493088.5535467677,567490.4773237233,310.20120562035964,112,3:08:34
26.5%,1325000,5299.999999902319,-3489225.8553421553,568572.7794863639,310.79281279107363,112,3:08:27
26.6%,1327500,5309.999999902083,-3490497.9688900225,569835.2774355551,311.48291844320596,112,3:08:19
26.6%,1330000,5319.999999901846,-3490350.093603261,569612.6270817758,311.36121347909824,112,3:08:11
26.6%,1332500,5329.99999990161,-3490068.817490056,570232.285942374,311.69993092601896,112,3:08:04
26.7%,1335000,5339.9999999013735,-3490525.4700156767,572104.57875306,312.72336217351426,112,3:07:56
26.8%,1337500,5349.999999901137,-3488986.9506895896,568597.292880167,310.80621228342716,112,3:07:48
26.8%,1340000,5359.999999900901,-3491131.3117999155,568400.946291599,310.69888546310676,112,3:07:40
26.9%,1342500,5369.999999900664,-3487497.8072575238,568529.0244960913,310.76889547214614,112,3:07:33
26.9%,1345000,5379.999999900428,-3488049.2840218265,569489.5412034946,311.29393237154954,112,3:07:25
26.9%,1347500,5389.999999900191,-3488020.7736157887,568284.5372526909,310.63525404433,112,3:07:17
27.0%,1350000,5399.999999899955,-3491125.6423909925,568222.6881222265,310.6014461204912,112,3:07:10
27.1%,1352500,5409.999999899718,-3488535.5653284993,569681.4233717743,311.3988188539062,112,3:07:02
27.1%,1355000,5419.999999899482,-3491282.8503533322,568947.7799676583,310.9977952640031,112,3:06:54
27.1%,1357500,5429.999999899245,-3488624.2479991913,569022.0100096193,311.03837083210453,112,3:06:46
27.2%,1360000,5439.999999899009,-3486883.4000430927,570368.6257115606,311.77445686515915,112,3:06:39
27.2%,1362500,5449.999999898772,-3489264.1338578947,567961.4777133546,310.45866348890456,112,3:06:31
27.3%,1365000,5459.999999898536,-3487462.9133085553,570570.6213473259,311.88487156328756,112,3:06:23
27.4%,1367500,5469.999999898299,-3485515.6982297413,571255.2254415889,312.25908932358294,112,3:06:16
27.4%,1370000,5479.999999898063,-3487516.7522562444,570621.2411878628,311.9125413413549,112,3:06:08
27.4%,1372500,5489.9999998978265,-3492207.3244753815,569473.0773536894,311.2849329147079,112,3:06:00
27.5%,1375000,5499.99999989759,-3485879.944264494,570024.052749106,311.58610665903467,112,3:05:53
27.6%,1377500,5509.9999998973535,-3489499.659966793,568546.3975080017,310.7783918944743,112,3:05:45
27.6%,1380000,5519.999999897117,-3488719.604818577,567578.9628923886,310.24957353343797,112,3:05:37
27.6%,1382500,5529.999999896881,-3487597.071790928,569847.3612719851,311.48952370052547,112,3:05:29
27.7%,1385000,5539.999999896644,-3487180.3740666956,568485.7452082143,310.7452381812941,112,3:05:22
27.8%,1387500,5549.999999896408,-3486325.184436202,567501.3845554321,310.2071677229169,112,3:05:14
27.8%,1390000,5559.999999896171,-3489640.451630842,567643.80430857,310.28501709818016,112,3:05:06
27.9%,1392500,5569.999999895935,-3489350.2726736516,568846.0276427283,310.94217548688044,112,3:04:59
27.9%,1395000,5579.999999895698,-3487464.653161701,569319.449793958,311.20095713687647,112,3:04:51
27.9%,1397500,5589.999999895462,-3489654.5297621526,566831.4111840761,309.8409473970565,112,3:04:43
28.0%,1400000,5599.999999895225,-3491372.144198559,569202.5382193234,311.13705102240976,112,3:04:36
28.1%,1402500,5609.999999894989,-3487714.8569138274,569448.6848686975,311.2715995134353,112,3:04:28
28.1%,1405000,5619.999999894752,-3491122.0923390538,569882.500286587,311.50873136149846,112,3:04:20
28.1%,1407500,5629.999999894516,-3490213.829389846,570042.2590927732,311.59605859652294,112,3:04:12
28.2%,1410000,5639.999999894279,-3486171.904122399,567461.1084243658,310.18515201531693,112,3:04:05
28.2%,1412500,5649.999999894043,-3487362.6411193125,570461.2104688089,311.825065473529,112,3:03:57
28.3%,1415000,5659.9999998938065,-3489394.5722253323,567230.1676661402,310.0589153567455,112,3:03:49
28.4%,1417500,5669.99999989357,-3491830.277573243,569196.1679858181,311.13356893030004,112,3:03:42
28.4%,1420000,5679.999999893334,-3488239.994620798,569284.4826398815,311.18184341817096,112,3:03:34
28.4%,1422500,5689.999999893097,-3488191.3427590616,570834.4376891009,312.0290786479014,112,3:03:26
28.5%,1425000,5699.999999892861,-3489154.7096842825,567978.9154503739,310.4681952912216,112,3:03:19
28.6%,1427500,5709.999999892624,-3487772.7246371936,570874.8726601733,312.05118118050257,112,3:03:11
28.6%,1430000,5719.999999892388,-3488661.2343760226,568462.1056480515,310.73231634320894,112,3:03:03
28.6%,1432500,5729.999999892151,-3489548.1110595614,567660.5827587199,310.2941885216188,112,3:02:55
28.7%,1435000,5739.999999891915,-3493596.2537449393,569675.8217697171,311.395756910524,112,3:02:48
28.8%,1437500,5749.999999891678,-3490181.9709597714,568888.4496865037,310.9653641916251,112,3:02:40
28.8%,1440000,5759.999999891442,-3490875.188088553,570238.3538756378,311.7032477750045,112,3:02:32
28.9%,1442500,5769.999999891205,-3486956.2270107605,568617.7064780105,310.81737074848536,112,3:02:25
28.9%,1445000,5779.999999890969,-3485865.7040168103,570024.8588049989,311.5865472646832,112,3:02:17
28.9%,1447500,5789.999999890732,-3490234.811351409,569144.768238426,311.1054728401509,112,3:02:09
29.0%,1450000,5799.999999890496,-3487602.2339227237,569480.4803089468,311.2889795123827,112,3:02:01
29.1%,1452500,5809.9999998902595,-3487556.135863485,568660.7259684312,310.8408860290529,112,3:01:54
29.1%,1455000,5819.999999890023,-3489388.8087886386,569140.8214351246,311.1033154415842,112,3:01:46
29.1%,1457500,5829.9999998897865,-3491801.371212542,571512.4107173288,312.3996717400114,112,3:01:38
29.2%,1460000,5839.99999988955,-3488758.415862117,569283.1757218342,311.18112903163916,112,3:01:31
29.2%,1462500,5849.999999889314,-3492291.3589311577,566871.0851261485,309.86263393657447,112,3:01:23
29.3%,1465000,5859.999999889077,-3491440.2733652983,570668.9992049593,311.9386467917075,112,3:01:15
29.4%,1467500,5869.999999888841,-3489663.7466251533,568736.7787514231,310.8824579424463,112,3:01:07
29.4%,1470000,5879.999999888604,-3487986.5291386507,570021.6854211282,311.5848126320472,112,3:01:00
29.4%,1472500,5889.999999888368,-3489009.3255619667,568233.9386608517,310.6075958812094,112,3:00:52
29.5%,1475000,5899.999999888131,-3490178.9045766313,570756.6774862233,311.9865734259712,112,3:00:44
29.6%,1477500,5909.999999887895,-3490162.0890451986,568291.3212286392,310.63896229601386,112,3:00:37
29.6%,1480000,5919.999999887658,-3489030.279827697,564340.3305054458,308.479274803971,112,3:00:29
29.6%,1482500,5929.999999887422,-3488492.401204113,571150.4119879468,312.2017962746522,112,3:00:21
29.7%,1485000,5939.999999887185,-3488597.055578828,568999.4131487816,311.02601895351773,112,3:00:13
29.8%,1487500,5949.999999886949,-3491753.8782749847,571274.906074686,312.2698471360186,112,3:00:06
29.8%,1490000,5959.999999886712,-3490004.0138930567,568793.7147099164,310.9135802320239,112,2:59:58
29.9%,1492500,5969.999999886476,-3487963.7862873077,568256.4260897227,310.6198879421793,112,2:59:50
29.9%,1495000,5979.9999998862395,-3491200.209758958,569556.428729869,311.33049437946227,112,2:59:43
29.9%,1497500,5989.999999886003,-3490919.516974883,570085.8503718879,311.61988642778397,112,2:59:35
30.0%,1500000,5999.999999885767,-3491835.4436072484,569424.0946461528,311.2581580250145,112,2:59:27
30.1%,1502500,6009.99999988553,-3486267.0139246136,568803.336546795,310.91883971305356,112,2:59:20
30.1%,1505000,6019.999999885294,-3487714.837717466,568441.1368067667,310.72085437141044,112,2:59:12
30.1%,1507500,6029.999999885057,-3487980.4629220236,570026.6316184917,311.58751631862293,112,2:59:04
30.2%,1510000,6039.999999884821,-3489842.855845416,568788.0566992874,310.91048745463166,112,2:58:57
30.2%,1512500,6049.999999884584,-3489063.686543172,569206.2611653707,311.13908605629746,112,2:58:49
30.3%,1515000,6059.999999884348,-3487989.3433830887,566901.3705465825,309.87918852965885,112,2:58:41
30.4%,1517500,6069.999999884111,-3486259.482211482,570743.2397535786,311.97922810295034,112,2:58:34
30.4%,1520000,6079.999999883875,-3487035.8371834066,567924.1485523495,310.4382586517993,112,2:58:26
30.4%,1522500,6089.999999883638,-3487535.891088387,569276.9451689692,311.17772329165297,112,2:58:18
30.5%,1525000,6099.999999883402,-3486831.259195948,570442.9150675873,311.8150648554693,112,2:58:10
30.6%,1527500,6109.999999883165,-3488885.576080648,568225.2596461754,310.6028517649225,112,2:58:03
30.6%,1530000,6119.999999882929,-3487850.8139676843,569076.8686808133,311.0683576365059,112,2:57:55
30.6%,1532500,6129.9999998826925,-3490694.088459065,571102.512711063,312.17561360898395,112,2:57:47
30.7%,1535000,6139.999999882456,-3489571.5850230902,568334.4641853817,310.6625450656466,112,2:57:40
30.8%,1537500,6149.9999998822195,-3490090.027777938,569689.0294119808,311.40297646171877,112,2:57:32
30.8%,1540000,6159.999999881983,-3490451.089458715,571598.778483331,312.4468820214367,112,2:57:24
30.9%,1542500,6169.999999881747,-3488616.754337186,568930.0891631187,310.98812513011393,112,2:57:16
30.9%,1545000,6179.99999988151,-3492125.7737467606,569099.1129017461,311.0805167553407,112,2:57:09
30.9%,1547500,6189.999999881274,-3487581.5589742716,568121.2542604422,310.5460004214469,112,2:57:01
31.0%,1550000,6199.999999881037,-3487893.244383877,567909.328753876,310.43015786502446,112,2:56:53
31.1%,1552500,6209.999999880801,-3488388.882352844,568481.1066855855,310.7427026756437,112,2:56:45
31.1%,1555000,6219.999999880564,-3492750.941225346,569383.8101325736,311.2361377353719,112,2:56:38
31.1%,1557500,6229.999999880328,-3491927.6184204184,567371.9799750551,310.1364326913176,112,2:56:30
31.2%,1560000,6239.999999880091,-3489636.6344845165,570893.8666788049,312.06156367627034,112,2:56:22
31.2%,1562500,6249.999999879855,-3485530.0704774,566247.5039147038,309.521772457269,112,2:56:15
31.3%,1565000,6259.999999879618,-3485766.268473085,569268.0159062867,311.17284238499445,112,2:56:07
31.4%,1567500,6269.999999879382,-3488044.192603765,568764.6115236725,310.8976718708777,112,2:55:59
31.4%,1570000,6279.999999879145,-3487910.0140495375,568180.0844671967,310.5781581435433,112,2:55:51
31.4%,1572500,6289.999999878909,-3489244.1896333024,568514.7189514397,310.7610757863976,112,2:55:44
31.5%,1575000,6299.9999998786725,-3488960.944588326,571373.5351507261,312.3237596852497,112,2:55:36
31.6%,1577500,6309.999999878436,-3487113.4707081374,569721.2858401595,311.4206084455315,112,2:55:28
31.6%,1580000,6319.9999998782,-3489136.5647487193,567707.575630092,310.3198757286076,112,2:55:20
31.6%,1582500,6329.999999877963,-3491214.922973782,570788.3078266692,312.00386317819186,112,2:55:13
31.7%,1585000,6339.999999877727,-3487640.6190980226,568266.3621361591,310.62531917619435,112,2:55:05
31.8%,1587500,6349.99999987749,-3490131.8823690023,569434.3752388102,311.2637775946183,112,2:54:57
31.8%,1590000,6359.999999877254,-3488889.2924187817,569087.5027870449,311.074170443426,112,2:54:50
31.9%,1592500,6369.999999877017,-3489672.83334367,570592.6459899719,311.8969106564092,112,2:54:42
31.9%,1595000,6379.999999876781,-3489578.4159933273,571243.0625693962,312.2524408637959,112,2:54:34
31.9%,1597500,6389.999999876544,-3492053.072785858,569016.6924999778,311.0354641790987,112,2:54:26
32.0%,1600000,6399.999999876308,-3491031.9267778527,570744.7313257072,311.9800434249532,112,2:54:19
32.0%,1602500,6409.999999876071,-3489325.4462875687,569940.2898443653,311.5403202448567,112,2:54:11
32.1%,1605000,6419.999999875835,-3489492.860622108,570041.8321875413,311.5958252419154,112,2:54:03
32.1%,1607500,6429.999999875598,-3488981.914650228,569651.9320153309,311.382698311466,112,2:53:56
32.2%,1610000,6439.999999875362,-3491730.7171503063,568589.273089887,310.80182851186953,112,2:53:48
32.2%,1612500,6449.9999998751255,-3489280.477238929,568034.6794160202,310.498676946976,112,2:53:40
32.3%,1615000,6459.999999874889,-3488328.0920188203,571094.6087160257,312.17129313333237,112,2:53:32
32.4%,1617500,6469.9999998746525,-3487294.3206331693,567969.6696764815,310.4631413734504,112,2:53:25
32.4%,1620000,6479.999999874416,-3488785.515711533,568643.1660230925,310.83128742531886,112,2:53:17
32.5%,1622500,6489.99999987418,-3490245.448041953,568180.256462479,310.57825215947145,112,2:53:09
32.5%,1625000,6499.999999873943,-3491370.5430261455,568104.5537535392,310.53687160328553,112,2:53:02
32.5%,1627500,6509.999999873707,-3483789.8787972685,566747.3149148964,309.7949787594667,112,2:52:54
32.6%,1630000,6519.99999987347,-3485074.8114579953,568176.9985604201,310.57647132756875,112,2:52:46
32.6%,1632500,6529.999999873234,-3487025.0426431056,570106.132352364,311.6309729482587,112,2:52:39
32.7%,1635000,6539.999999872997,-3488181.0250705853,568184.4549797975,310.5805471497594,112,2:52:31
32.8%,1637500,6549.999999872761,-3491869.1265774947,570426.8557550386,311.80628652646976,112,2:52:23
32.8%,1640000,6559.999999872524,-3488521.381674219,568635.0216127818,310.82683553405656,112,2:52:16
32.9%,1642500,6569.999999872288,-3491178.6678237263,568507.8817290366,310.7573384291779,112,2:52:08
32.9%,1645000,6579.999999872051,-3485468.02881724,568343.9878135051,310.6677508638826,112,2:52:00
33.0%,1647500,6589.999999871815,-3489162.4344574474,569150.0343434121,311.1083513943839,112,2:51:52
33.0%,1650000,6599.999999871578,-3492425.9831703156,567511.2546970053,310.2125629320666,112,2:51:45
33.0%,1652500,6609.999999871342,-3491544.6720587257,569364.3771187929,311.2255152764153,112,2:51:37
33.1%,1655000,6619.9999998711055,-3490011.6271315236,566299.8496627416,309.550385649559,112,2:51:29
33.1%,1657500,6629.999999870869,-3486952.8871151656,568248.6987472032,310.6156640281903,112,2:51:22
33.2%,1660000,6639.999999870633,-3487933.2978316583,568599.5875019194,310.80746656779394,112,2:51:14
33.2%,1662500,6649.999999870396,-3487781.69061487,569611.1705568116,311.36041731454935,112,2:51:07
33.3%,1665000,6659.99999987016,-3487183.9024247434,570063.0118297362,311.60740244154425,112,2:50:59
33.4%,1667500,6669.999999869923,-3490599.2972717416,570349.4334243131,311.76396599195397,112,2:50:51
33.4%,1670000,6679.999999869687,-3487870.368169723,570094.7747908933,311.62476468679546,112,2:50:43
33.5%,1672500,6689.99999986945,-3488400.306113785,568962.3346920935,311.0057511562123,112,2:50:36
33.5%,1675000,6699.999999869214,-3488430.9980278965,569598.9394286188,311.35373154472035,112,2:50:28
33.5%,1677500,6709.999999868977,-3491528.773951255,569868.3945640993,311.5010209023865,112,2:50:20
33.6%,1680000,6719.999999868741,-3486516.7723852266,566672.444928437,309.7540533853987,112,2:50:12
33.6%,1682500,6729.999999868504,-3486379.3697970826,570172.5402829247,311.66727279987884,112,2:50:05
33.7%,1685000,6739.999999868268,-3490196.448021602,569993.3632730027,311.569331201353,112,2:49:57
33.8%,1687500,6749.999999868031,-3488641.3575597424,568691.9786283241,310.8579693338219,112,2:49:49
33.8%,1690000,6759.999999867795,-3488972.7299169824,569360.3235068109,311.2232994941702,112,2:49:42
33.9%,1692500,6769.9999998675585,-3487892.583724275,571321.8525587501,312.29550898681305,112,2:49:34
33.9%,1695000,6779.999999867322,-3487998.993332563,567719.2786842976,310.32627284304226,112,2:49:26
34.0%,1697500,6789.9999998670855,-3493200.3692383617,568607.2545191944,310.8116575068445,112,2:49:19
34.0%,1700000,6799.999999866849,-3488281.102737114,568826.6832121274,310.9316014491931,112,2:49:11
34.0%,1702500,6809.999999866613,-3490581.2108436115,570836.6836386782,312.03030632712154,112,2:49:03
34.1%,1705000,6819.999999866376,-3485827.1534525864,568735.9396866155,310.88199929349037,112,2:48:55
34.1%,1707500,6829.99999986614,-3491257.1364377793,567996.425947076,310.4777668653802,112,2:48:48
34.2%,1710000,6839.999999865903,-3488700.53391047,567943.6709305432,310.4489299590621,112,2:48:40
34.2%,1712500,6849.999999865667,-3489732.7026680354,568706.0489026237,310.8656604162727,112,2:48:32
34.3%,1715000,6859.99999986543,-3488941.961578861,569648.6421891252,311.380900029211,112,2:48:25
34.4%,1717500,6869.999999865194,-3490277.4930848666,568161.5416214431,310.5680222675449,112,2:48:17
34.4%,1720000,6879.999999864957,-3490193.9132889602,568653.9597797102,310.83718750020955,112,2:48:09
34.5%,1722500,6889.999999864721,-3487493.1472227275,569072.9379891863,311.06620904489,112,2:48:02
34.5%,1725000,6899.999999864484,-3488685.881209573,568791.5226878641,310.91238203062574,112,2:47:54
34.5%,1727500,6909.999999864248,-3485572.9278521035,568482.3184876936,310.74336506997446,112,2:47:46
34.6%,1730000,6919.999999864011,-3487211.4911783095,568663.5965264221,310.8424551312408,112,2:47:39
34.6%,1732500,6929.999999863775,-3488528.400895765,570801.15587515,312.01088616851126,112,2:47:31
34.7%,1735000,6939.9999998635385,-3490266.9701109417,568161.9202838835,310.5682292517151,112,2:47:23
34.8%,1737500,6949.999999863302,-3490182.0102409255,566828.7512184109,309.8394934086827,112,2:47:15
34.8%,1740000,6959.999999863066,-3491073.3152169865,568476.402342219,310.74013119111277,112,2:47:08
34.9%,1742500,6969.999999862829,-3490849.790536737,568327.0471870392,310.6584907917515,112,2:47:00
34.9%,1745000,6979.999999862593,-3484785.414146647,569303.5359463894,311.19225832183184,112,2:46:52
35.0%,1747500,6989.999999862356,-3489727.918341942,569343.5846596418,311.21414971848225,112,2:46:45
35.0%,1750000,6999.99999986212,-3487601.6755510904,567755.8281517962,310.3462514846864,112,2:46:37
35.0%,1752500,7009.999999861883,-3486454.9832176045,571941.3334318934,312.6341291423688,112,2:46:30
35.1%,1755000,7019.999999861647,-3487544.9548957385,568957.3407359261,311.00302136375603,112,2:46:22
35.1%,1757500,7029.99999986141,-3489937.1072223373,567748.3552470101,310.34216665125433,112,2:46:14
35.2%,1760000,7039.999999861174,-3489289.7466038987,571042.4010629875,312.1427554264242,112,2:46:06
35.2%,1762500,7049.999999860937,-3488626.145605473,567209.5469554368,310.0476436798161,112,2:45:59
35.3%,1765000,7059.999999860701,-3489542.577363534,568948.8446516661,310.99837724075167,112,2:45:51
35.4%,1767500,7069.999999860464,-3489128.3532115053,570640.9104001259,311.92329291094313,112,2:45:43
35.4%,1770000,7079.999999860228,-3487039.451263029,569943.5356142062,311.5420944450557,112,2:45:36
35.5%,1772500,7089.9999998599915,-3490149.668817647,568119.3528187816,310.5449610568776,112,2:45:28
35.5%,1775000,7099.999999859755,-3492082.322731044,567594.204769641,310.25790503658834,112,2:45:20
35.5%,1777500,7109.9999998595185,-3488838.442295421,568565.5494481911,310.7888607132018,112,2:45:13
35.6%,1780000,7119.999999859282,-3489305.8724819683,569722.6948824388,311.42137865513195,112,2:45:05
35.6%,1782500,7129.999999859046,-3494499.003181504,569158.0952857315,311.11275766043735,112,2:44:57
35.7%,1785000,7139.999999858809,-3487573.4139558747,569979.6771888136,311.56185012460315,112,2:44:49
35.8%,1787500,7149.999999858573,-3489392.9815956037,568099.6794777031,310.53420723039943,112,2:44:42
35.8%,1790000,7159.999999858336,-3489734.237315787,568085.4121250492,310.52640842113107,112,2:44:34
35.9%,1792500,7169.9999998581,-3488563.7185610496,568001.9015309454,310.48075992479824,112,2:44:26
35.9%,1795000,7179.999999857863,-3488301.1044954564,570310.7213451513,311.74280522519587,112,2:44:19
36.0%,1797500,7189.999999857627,-3491137.084364252,569809.6173685404,311.46889215722877,112,2:44:11
36.0%,1800000,7199.99999985739,-3490055.7645172905,569748.6184993556,311.4355490025527,112,2:44:03
36.0%,1802500,7209.999999857154,-3487319.221576052,568733.5651664541,310.880701335117,112,2:43:55
36.1%,1805000,7219.999999856917,-3491168.1714416463,569262.2781283625,311.1697060052651,112,2:43:48
36.1%,1807500,7229.999999856681,-3489631.046065718,568070.3743912606,310.518188506723,112,2:43:40
36.2%,1810000,7239.999999856444,-3487729.865717942,567965.4305682718,310.46082419540085,112,2:43:32
36.2%,1812500,7249.999999856208,-3487157.9885492083,570552.2274155238,311.8748170865182,112,2:43:25
36.3%,1815000,7259.9999998559715,-3488701.4627377074,570333.4267190855,311.7552164191276,112,2:43:17
36.4%,1817500,7269.999999855735,-3489356.3625278473,571515.4868404192,312.40135320803495,112,2:43:09
36.4%,1820000,7279.999999855499,-3490623.626108296,568686.3594377891,310.85489777623945,112,2:43:01
36.5%,1822500,7289.999999855262,-3488669.645847991,566975.6067671713,309.919767475117,112,2:42:54
36.5%,1825000,7299.999999855026,-3490413.8527335953,571461.5075015675,312.3718470635982,112,2:42:46
36.5%,1827500,7309.999999854789,-3488707.505734382,570853.7708715249,312.03964653711904,112,2:42:38
36.6%,1830000,7319.999999854553,-3487343.873658728,568429.6550200451,310.7145782060367,112,2:42:31
36.6%,1832500,7329.999999854316,-3491748.6120366137,568096.8489174258,310.53265999173084,112,2:42:23
36.7%,1835000,7339.99999985408,-3490261.2569570523,567270.261683851,310.080831517684,112,2:42:16
36.8%,1837500,7349.999999853843,-3491561.1737393364,570581.7226444613,311.89093974573814,112,2:42:08
36.8%,1840000,7359.999999853607,-3489524.4601977635,571816.3489346656,312.56581021320056,112,2:42:01
36.9%,1842500,7369.99999985337,-3490413.9072168246,567902.5569696736,310.42645627758344,112,2:41:53
36.9%,1845000,7379.999999853134,-3492469.844978068,569165.4321300068,311.1167681205783,112,2:41:45
37.0%,1847500,7389.999999852897,-3492276.5135082267,570347.5269235969,311.76292386200754,112,2:41:37
37.0%,1850000,7399.999999852661,-3488105.286811957,569027.9514768338,311.0416185523161,112,2:41:30
37.0%,1852500,7409.9999998524245,-3489522.6082516797,569124.1665675648,311.0942115707653,112,2:41:22
37.1%,1855000,7419.999999852188,-3488678.256240448,568320.2812903555,310.6547924225414,112,2:41:14
37.1%,1857500,7429.9999998519515,-3488213.5048323236,568576.4047849884,310.7947944490027,112,2:41:07
37.2%,1860000,7439.999999851715,-3488442.060472084,569552.1404404262,311.3281503180051,112,2:40:59
37.2%,1862500,7449.999999851479,-3489717.5957753807,569779.1315177393,311.4522280050522,112,2:40:51
37.3%,1865000,7459.999999851242,-3488494.165890923,572146.6824115701,312.7463768427515,112,2:40:44
37.4%,1867500,7469.999999851006,-3488783.289422231,569197.561390359,311.134330592012,112,2:40:36
37.4%,1870000,7479.999999850769,-3488393.956648076,568639.7868213657,310.8294402886856,112,2:40:28
37.5%,1872500,7489.999999850533,-3487065.1965011638,569384.6344460017,311.23658832094014,112,2:40:21
37.5%,1875000,7499.999999850296,-3490970.273501437,569640.5840295692,311.3764952842694,112,2:40:13
37.5%,1877500,7509.99999985006,-3488162.150165502,570656.0330854566,311.93155926149745,112,2:40:05
37.6%,1880000,7519.999999849823,-3489490.805090511,567923.5330205996,310.4379221903104,112,2:39:58
37.6%,1882500,7529.999999849587,-3492655.7030952517,567741.0612225512,310.33817959724826,112,2:39:50
37.7%,1885000,7539.99999984935,-3489596.1470404677,568902.717723062,310.9731633747287,112,2:39:42
37.8%,1887500,7549.999999849114,-3491996.29848467,569011.3950088349,311.03256846858915,112,2:39:34
37.8%,1890000,7559.999999848877,-3488568.1550320927,569276.0601960227,311.1772395484257,112,2:39:27
37.9%,1892500,7569.999999848641,-3486770.499598412,567101.106600987,309.98836809717216,112,2:39:19
37.9%,1895000,7579.9999998484045,-3486389.2017209586,568037.251907293,310.500083120165,112,2:39:11
38.0%,1897500,7589.999999848168,-3490150.8146099336,568636.9805777163,310.8279063419532,112,2:39:04
38.0%,1900000,7599.999999847932,-3490308.4014777523,567106.9752577541,309.9915760177933,112,2:38:56
38.0%,1902500,7609.999999847695,-3486869.6388013195,568437.6733549889,310.71896118207945,112,2:38:48
38.1%,1905000,7619.999999847459,-3485694.062817337,568500.7998974903,310.7534673638976,112,2:38:40
38.1%,1907500,7629.999999847222,-3491623.86642728,567760.4399173828,310.3487723644229,112,2:38:33
38.2%,1910000,7639.999999846986,-3490253.950168051,569552.3607315574,311.3282707333728,112,2:38:25
38.2%,1912500,7649.999999846749,-3490743.491060538,568761.4468033519,310.89594197390477,112,2:38:17
38.3%,1915000,7659.999999846513,-3491129.235565098,570282.6194980198,311.7274442152606,112,2:38:10
38.4%,1917500,7669.999999846276,-3489447.739660576,569340.8965721027,311.21268035815154,112,2:38:02
38.4%,1920000,7679.99999984604,-3491983.346892355,567808.0016931298,310.3747705454809,112,2:37:54
38.5%,1922500,7689.999999845803,-3485852.6824706756,568680.4032598722,310.85164201487515,112,2:37:47
38.5%,1925000,7699.999999845567,-3489657.716703428,571295.6691912389,312.2811966547234,112,2:37:39
38.5%,1927500,7709.99999984533,-3494862.427063899,568146.5720837035,310.55983963040836,112,2:37:31
38.6%,1930000,7719.999999845094,-3491397.7776144166,567475.9843810687,310.1932834992597,112,2:37:23
38.6%,1932500,7729.9999998448575,-3491529.2857955694,569757.0658150257,311.4401664677082,112,2:37:16
38.7%,1935000,7739.999999844621,-3489800.031225102,568671.9951694632,310.84704599100155,112,2:37:08
38.8%,1937500,7749.999999844385,-3489449.5460764393,569533.2256502088,311.3178111300117,112,2:37:00
38.8%,1940000,7759.999999844148,-3485256.463770505,571529.8996789933,312.4092315427044,112,2:36:53
38.9%,1942500,7769.999999843912,-3488599.27590112,569292.5435530664,311.18624966829896,112,2:36:45
38.9%,1945000,7779.999999843675,-3490874.130718155,571302.3846501827,312.2848674536951,112,2:36:37
39.0%,1947500,7789.999999843439,-3488799.7184487935,568519.4435359426,310.76365833512295,112,2:36:30
39.0%,1950000,7799.999999843202,-3488298.735326549,567165.164189674,310.02338320673584,112,2:36:22
39.0%,1952500,7809.999999842966,-3487731.845317498,570073.1671240707,311.6129535206758,112,2:36:14
39.1%,1955000,7819.999999842729,-3491131.2486176435,567657.0760574674,310.2922716912935,112,2:36:07
39.1%,1957500,7829.999999842493,-3491440.562769847,569060.818366511,311.0595842261208,112,2:35:59
39.2%,1960000,7839.999999842256,-3490075.5448574815,570239.8919370885,311.7040885089646,112,2:35:51
39.2%,1962500,7849.99999984202,-3490001.185531594,568916.2310048017,310.98054999433737,112,2:35:44
39.3%,1965000,7859.999999841783,-3489304.577510977,567828.2640146322,310.38584631998265,112,2:35:36
39.4%,1967500,7869.999999841547,-3489269.646322772,567514.269883674,310.21421109107047,112,2:35:28
39.4%,1970000,7879.9999998413105,-3486991.6088815928,567751.2663568188,310.3437579198455,112,2:35:20
39.5%,1972500,7889.999999841074,-3489819.739555098,567455.5694123984,310.1821242848811,112,2:35:13
39.5%,1975000,7899.9999998408375,-3490180.381847415,570330.6780029188,311.7537139180234,112,2:35:05
39.5%,1977500,7909.999999840601,-3490908.4852844477,566474.6318342963,309.64592494493695,112,2:34:57
39.6%,1980000,7919.999999840365,-3489535.1428896133,567949.9549339777,310.45236491615725,112,2:34:50
39.6%,1982500,7929.999999840128,-3490289.641244093,570074.1332450868,311.6134816209981,112,2:34:42
39.7%,1985000,7939.999999839892,-3490221.2751122136,570349.4762198563,311.76398938482066,112,2:34:34
39.8%,1987500,7949.999999839655,-3488085.7501074877,570729.3439702363,311.9716324006116,112,2:34:27
39.8%,1990000,7959.999999839419,-3487339.4574880693,570758.2760997163,311.9874472588418,112,2:34:19
39.9%,1992500,7969.999999839182,-3490179.9527917188,569108.8512247168,311.085839909908,112,2:34:11
39.9%,1995000,7979.999999838946,-3489620.7681099344,566966.5679960406,309.91482670903525,112,2:34:03
40.0%,1997500,7989.999999838709,-3492291.932138389,569497.7590618895,311.29842441094684,112,2:33:56
40.0%,2000000,7999.999999838473,-3491112.016054604,569789.685486091,311.4579970070665,112,2:33:48
40.0%,2002500,8009.999999838236,-3489026.875034157,569082.1899535065,311.071266346468,112,2:33:41
40.1%,2005000,8019.999999838,-3489121.055588372,568385.926282,310.6906752370815,112,2:33:33
40.1%,2007500,8029.999999837763,-3491337.4398574494,570333.3866302797,311.75519450581555,112,2:33:25
40.2%,2010000,8039.999999837527,-3491388.0435686223,569620.3288675761,311.3654234232932,112,2:33:18
40.2%,2012500,8049.9999998372905,-3488674.7911241055,567085.5886850613,309.9798857059758,112,2:33:10
40.3%,2015000,8059.999999837054,-3487574.7733355705,569883.0675511967,311.5090414392405,112,2:33:02
40.4%,2017500,8069.999999836818,-3489360.024257878,568883.220136464,310.9625056190287,112,2:32:55
40.4%,2020000,8079.999999836581,-3492149.810986949,569080.3332444931,311.0702514336238,112,2:32:47
40.5%,2022500,8089.999999836345,-3487260.876526879,571220.9920845057,312.2403767124221,112,2:32:39
40.5%,2025000,8099.999999836108,-3486919.373497611,570167.0060015696,311.6642476552866,112,2:32:31
40.5%,2027500,8109.999999835872,-3489863.9958063234,568196.8777490724,310.58733767428845,112,2:32:24
40.6%,2030000,8119.999999835635,-3488720.127438303,568567.6387898766,310.7900027875374,112,2:32:16
40.6%,2032500,8129.999999835399,-3488276.5827977266,567228.8232671376,310.058180482403,112,2:32:08
40.7%,2035000,8139.999999835162,-3488926.475273991,569306.6907412867,311.1939827933776,112,2:32:01
40.8%,2037500,8149.999999834926,-3488562.77633401,568813.1255079657,310.9241905474345,112,2:31:53
40.8%,2040000,8159.999999834689,-3488682.2027614713,569374.8955278802,311.231264841052,112,2:31:45
40.9%,2042500,8169.999999834453,-3492397.1440626252,570529.0270815387,311.8621353379064,112,2:31:37
40.9%,2045000,8179.999999834216,-3489926.603620665,568412.2709295293,310.70507572792985,112,2:31:30
41.0%,2047500,8189.99999983398,-3489180.5029733796,567699.5155782733,310.315469949319,112,2:31:22
41.0%,2050000,8199.999999835562,-3489796.9573542736,570483.8426318872,311.83743664899924,112,2:31:14
41.0%,2052500,8209.999999837599,-3490948.226396162,568080.3050295562,310.5236167845443,112,2:31:07
41.1%,2055000,8219.999999839636,-3489391.955944402,569236.2317720898,311.1554685661526,112,2:30:59
41.1%,2057500,8229.999999841673,-3489294.073915411,570647.6589227887,311.92698178317943,112,2:30:51
41.2%,2060000,8239.99999984371,-3489545.049507607,566778.0080950864,309.81175624187347,112,2:30:44
41.2%,2062500,8249.999999845748,-3490282.9919641446,570081.5497978393,311.61753565132506,112,2:30:36
41.3%,2065000,8259.999999847785,-3486305.0410592705,569773.9672896897,311.44940513871154,112,2:30:28
41.4%,2067500,8269.999999849822,-3490326.1074226256,569352.8914863652,311.2192370089047,112,2:30:21
41.4%,2070000,8279.99999985186,-3487124.661871951,570625.1517336282,311.9146789208554,112,2:30:13
41.5%,2072500,8289.999999853897,-3489760.7995394375,569901.8036071236,311.5192829276342,112,2:30:05
41.5%,2075000,8299.999999855934,-3490131.65749231,568092.6915181457,310.53038747735314,112,2:29:58
41.5%,2077500,8309.999999857971,-3486888.4109762255,572189.5837423599,312.76982753499294,112,2:29:50
41.6%,2080000,8319.999999860009,-3490727.179911157,568732.7347200245,310.8802473971323,112,2:29:42
41.6%,2082500,8329.999999862046,-3489995.594097059,568799.3759272747,310.91667476227593,112,2:29:35
41.7%,2085000,8339.999999864083,-3489927.519606814,568172.2488971427,310.5738750703031,112,2:29:27
41.8%,2087500,8349.99999986612,-3490711.231457265,569778.4294367655,311.4518442340935,112,2:29:19
41.8%,2090000,8359.999999868158,-3488434.7725821044,568299.1621827821,310.64324831230044,112,2:29:11
41.9%,2092500,8369.999999870195,-3490708.629389189,568500.9994004846,310.75357641606996,112,2:29:04
41.9%,2095000,8379.999999872232,-3486934.866322309,569186.5891072229,311.12833293109395,112,2:28:56
42.0%,2097500,8389.99999987427,-3488304.205691077,570635.1875320221,311.9201646812083,112,2:28:48
42.0%,2100000,8399.999999876307,-3489933.9155312367,568315.2142241492,310.65202266673236,112,2:28:41
42.0%,2102500,8409.999999878344,-3492614.1472857706,568559.9257751778,310.7857867054106,112,2:28:33
42.1%,2105000,8419.999999880381,-3494690.7372375093,569688.689909773,311.4027908832846,112,2:28:25
42.1%,2107500,8429.999999882419,-3487165.8613766357,571619.0121235839,312.457942118216,112,2:28:18
42.2%,2110000,8439.999999884456,-3487413.0115081742,568412.1943227359,310.7050338531837,112,2:28:10
42.2%,2112500,8449.999999886493,-3488664.4477739297,567688.400719658,310.30939435390275,112,2:28:02
42.3%,2115000,8459.99999988853,-3491962.472925041,566090.6968374886,309.43605869405064,112,2:27:54
42.4%,2117500,8469.999999890568,-3492148.449515952,568938.5047440673,310.9927252484605,112,2:27:47
42.4%,2120000,8479.999999892605,-3492253.4192526266,570097.2679072657,311.6261274721379,112,2:27:39
42.5%,2122500,8489.999999894642,-3488421.7843575757,570419.7562535604,311.802405802465,112,2:27:31
42.5%,2125000,8499.99999989668,-3487889.713087594,569344.6307163727,311.21472151320313,112,2:27:24
42.5%,2127500,8509.999999898717,-3490101.6659734827,568811.1340447998,310.92310197537967,112,2:27:16
42.6%,2130000,8519.999999900754,-3489898.291398937,569766.1945715123,311.44515642151555,112,2:27:08
42.6%,2132500,8529.999999902791,-3488291.258980207,568757.0312363999,310.893528340114,112,2:27:01
42.7%,2135000,8539.999999904829,-3490722.4505979884,570435.4206431187,311.81096825896503,112,2:26:53
42.8%,2137500,8549.999999906866,-3487859.812390059,568219.7994625996,310.599867123601,112,2:26:45
42.8%,2140000,8559.999999908903,-3488145.7177868225,568774.8120692507,310.90324768520907,112,2:26:38
42.9%,2142500,8569.99999991094,-3488950.8667077497,570115.0055131044,311.635823188517,112,2:26:30
42.9%,2145000,8579.999999912978,-3490093.931638615,569805.3140536824,311.4665398825908,112,2:26:22
43.0%,2147500,8589.999999915015,-3490363.85981746,569817.6067105146,311.473259285157,112,2:26:15
43.0%,2150000,8599.999999917052,-3488104.6587629616,569126.1006695044,311.09526878807105,112,2:26:07
43.0%,2152500,8609.99999991909,-3491471.524928611,569433.277838674,311.263177734605,112,2:25:59
43.1%,2155000,8619.999999921127,-3489926.281143708,570698.3278542313,311.95467839527964,112,2:25:51
43.1%,2157500,8629.999999923164,-3489446.5569677725,569966.391102423,311.55458769434034,112,2:25:44
43.2%,2160000,8639.999999925201,-3490472.1802183185,568482.8696279341,310.7436663338263,112,2:25:36
43.2%,2162500,8649.999999927239,-3491037.1228330024,569333.5476349483,311.2086632878104,112,2:25:28
43.3%,2165000,8659.999999929276,-3486428.467114078,570732.4634835627,311.97333758657237,112,2:25:21
43.4%,2167500,8669.999999931313,-3490007.7413717248,569747.1490988261,311.43474579997223,112,2:25:13
43.4%,2170000,8679.99999993335,-3487541.786890939,568246.0048172813,310.6141914743008,112,2:25:05
43.5%,2172500,8689.999999935388,-3484321.231085008,568744.2318748139,310.8865319629873,112,2:24:58
43.5%,2175000,8699.999999937425,-3494128.292300934,567773.2265754174,310.3557617975442,112,2:24:50
43.5%,2177500,8709.999999939462,-3489344.9216824956,568653.6158383659,310.83699949525806,112,2:24:42
43.6%,2180000,8719.9999999415,-3488763.665865883,569152.656423594,311.10978467382404,112,2:24:35
43.6%,2182500,8729.999999943537,-3487436.5567932967,569988.4988695502,311.56667222490165,112,2:24:27
43.7%,2185000,8739.999999945574,-3491227.4429540373,567501.9601839626,310.20748237253883,112,2:24:19
43.8%,2187500,8749.999999947611,-3487513.820833428,571081.3359243736,312.1640379702293,112,2:24:11
43.8%,2190000,8759.999999949649,-3491130.1477749776,568277.3073315881,310.63130203045097,112,2:24:04
43.9%,2192500,8769.999999951686,-3487621.368060924,570046.4833834519,311.59836767502526,112,2:23:56
43.9%,2195000,8779.999999953723,-3493707.192287542,566730.9787231614,309.78604908298064,112,2:23:48
44.0%,2197500,8789.99999995576,-3488002.586768506,567631.3491604221,310.2782088747367,112,2:23:41
44.0%,2200000,8799.999999957798,-3490867.3723215647,570266.5121804032,311.718639645768,112,2:23:33
44.0%,2202500,8809.999999959835,-3492724.587545052,569839.6783100324,311.48532404580754,112,2:23:25
44.1%,2205000,8819.999999961872,-3488773.429292161,569932.6631693547,311.53615135766347,112,2:23:18
44.1%,2207500,8829.99999996391,-3491854.5809443984,566923.2300679367,309.8911373643077,112,2:23:10
44.2%,2210000,8839.999999965947,-3492688.6398255564,570621.4401052813,311.91265007344026,112,2:23:02
44.2%,2212500,8849.999999967984,-3490232.7852832954,567263.0407285416,310.0768844046799,112,2:22:55
44.3%,2215000,8859.999999970021,-3490267.35912947,569779.3380243077,311.45234088551285,112,2:22:47
44.4%,2217500,8869.999999972059,-3492412.647082163,569602.9616712399,311.35593017986974,112,2:22:39
44.4%,2220000,8879.999999974096,-3492717.3678053226,568745.1004871964,310.8870067632157,112,2:22:32
44.5%,2222500,8889.999999976133,-3486301.2542998027,568264.6575742577,310.6243874298867,112,2:22:24
44.5%,2225000,8899.99999997817,-3488382.493143469,567882.9683361704,310.41574875389455,112,2:22:16
44.5%,2227500,8909.999999980208,-3487714.5618234947,570309.6485050101,311.74221879014794,112,2:22:08
44.6%,2230000,8919.999999982245,-3485051.1448740736,568209.5238087589,310.5942502536494,112,2:22:01
44.6%,2232500,8929.999999984282,-3488600.8232771643,567427.3757009851,310.1667130601632,112,2:21:53
44.7%,2235000,8939.99999998632,-3487085.0539150704,570386.0130820579,311.78396113616697,112,2:21:45
44.8%,2237500,8949.999999988357,-3484349.251726426,569202.9737549624,311.1372890945638,112,2:21:38
44.8%,2240000,8959.999999990394,-3488033.366982488,569856.4783044455,311.4945072457547,112,2:21:30
44.9%,2242500,8969.999999992431,-3488182.4739257544,568137.9572226191,310.5551305817081,112,2:21:22
44.9%,2245000,8979.999999994468,-3489503.7152935825,569552.1589730314,311.3281604482834,112,2:21:15
45.0%,2247500,8989.999999996506,-3486243.3172350414,568457.1553374963,310.7296104082836,112,2:21:07
45.0%,2250000,8999.999999998543,-3487297.0256654564,570038.464925703,311.59398463185477,112,2:21:00
45.0%,2252500,9010.00000000058,-3490029.7765315194,569734.6357121123,311.4279057422089,112,2:20:52
45.1%,2255000,9020.000000002618,-3488424.794575883,569383.2037332242,311.23580626582867,112,2:20:44
45.1%,2257500,9030.000000004655,-3489495.8064275384,569698.4459431102,311.4081237186787,112,2:20:37
45.2%,2260000,9040.000000006692,-3489407.1506973207,569928.1870420056,311.5337046203953,112,2:20:29
45.2%,2262500,9050.00000000873,-3488875.440609131,569375.1354825979,311.23139600491413,112,2:20:21
45.3%,2265000,9060.000000010767,-3488616.70592694,570766.6899235181,311.9920464166982,112,2:20:14
45.4%,2267500,9070.000000012804,-3485735.537495183,567204.6833791123,310.04498515548875,112,2:20:06
45.4%,2270000,9080.000000014841,-3489460.444373371,569475.2015896009,311.2860940628982,112,2:19:58
45.5%,2272500,9090.000000016878,-3490162.456150634,569005.6756184478,311.0294421398411,112,2:19:51
45.5%,2275000,9100.000000018916,-3491811.8277520537,570528.2436952236,311.861707123885,112,2:19:43
45.5%,2277500,9110.000000020953,-3489191.484986458,568014.7088753225,310.48776066547197,112,2:19:35
45.6%,2280000,9120.00000002299,-3489615.5303649046,570169.5131466535,311.66561810899253,112,2:19:27
45.6%,2282500,9130.000000025027,-3487039.783204656,572192.773304933,312.7715710112188,112,2:19:20
45.7%,2285000,9140.000000027065,-3490047.378468318,569480.5367891972,311.2890103855735,112,2:19:12
45.8%,2287500,9150.000000029102,-3491152.054318838,568649.1027489367,310.8345325538063,112,2:19:05
45.8%,2290000,9160.00000003114,-3487545.7249448746,570817.5878331872,312.0198681926994,112,2:18:57
45.9%,2292500,9170.000000033177,-3486631.8321591076,569022.9635855453,311.03889207503937,112,2:18:49
45.9%,2295000,9180.000000035214,-3488234.084780611,568885.2549354995,310.9636178793031,112,2:18:42
46.0%,2297500,9190.000000037251,-3490727.2923160344,568138.2501492252,310.5552907010229,112,2:18:34
46.0%,2300000,9200.000000039288,-3494661.567686368,568495.062427262,310.75033115236073,112,2:18:26
46.0%,2302500,9210.000000041326,-3491818.117469432,570609.0363651626,311.9058699506139,112,2:18:18
46.1%,2305000,9220.000000043363,-3488749.5841617305,570588.4800642836,311.89463348133285,112,2:18:11
46.1%,2307500,9230.0000000454,-3486288.8884741515,569421.0406335652,311.25648864301684,112,2:18:03
46.2%,2310000,9240.000000047437,-3493595.4693336245,567543.776258467,310.2303398428293,112,2:17:55
46.2%,2312500,9250.000000049475,-3488440.758690441,569238.602200369,311.15676428782444,112,2:17:48
46.3%,2315000,9260.000000051512,-3487956.418473834,570184.2397159026,311.67366793488077,112,2:17:40
46.4%,2317500,9270.00000005355,-3489504.133310573,569618.1749434489,311.3642460469533,112,2:17:32
46.4%,2320000,9280.000000055586,-3487218.697653087,569863.3966991194,311.49828897329826,112,2:17:25
46.5%,2322500,9290.000000057624,-3490605.613463519,566986.3879177046,309.92566065927963,112,2:17:17
46.5%,2325000,9300.000000059661,-3489775.6085595377,570829.5931267189,312.0264305169606,112,2:17:09
46.5%,2327500,9310.000000061698,-3491310.657786317,568103.2092018378,310.5361366454748,112,2:17:02
46.6%,2330000,9320.000000063736,-3487944.595268119,568557.3752460692,310.7843925371627,112,2:16:54
46.6%,2332500,9330.000000065773,-3490357.0020088553,568649.6871098295,310.83485197670535,112,2:16:46
46.7%,2335000,9340.00000006781,-3491394.0838810243,569485.9218596269,311.291953968605,112,2:16:38
46.8%,2337500,9350.000000069847,-3487591.2286728937,568801.6708613078,310.91792921734134,112,2:16:31
46.8%,2340000,9360.000000071885,-3486673.0453322604,570142.8154671162,311.65102464406107,112,2:16:23
46.9%,2342500,9370.000000073922,-3487888.4289787095,570022.6108954612,311.58531851411095,112,2:16:15
46.9%,2345000,9380.00000007596,-3486580.1310394127,570319.3759621476,311.7475360052419,112,2:16:08
47.0%,2347500,9390.000000077996,-3489566.2166650873,567824.66694891,310.3838800947008,112,2:16:00
47.0%,2350000,9400.000000080034,-3489871.1117746234,569778.3187113758,311.4517837094667,112,2:15:52
47.0%,2352500,9410.000000082071,-3487261.0372056086,570355.428227395,311.7672428665761,112,2:15:45
47.1%,2355000,9420.000000084108,-3488254.7126779146,568871.3610684078,310.95602322442375,112,2:15:37
47.1%,2357500,9430.000000086146,-3485310.6075342167,570667.4476584689,311.93779868656543,112,2:15:29
47.2%,2360000,9440.000000088183,-3487963.5638653412,571029.9392285923,312.1359435481494,112,2:15:22
47.2%,2362500,9450.00000009022,-3494239.6701644324,567304.2692322474,310.09942069747507,112,2:15:14
47.3%,2365000,9460.000000092257,-3485785.741424395,568309.1238168742,310.6486935330201,112,2:15:06
47.4%,2367500,9470.000000094295,-3487984.092559807,570191.0081471592,311.6773676895372,112,2:14:59
47.4%,2370000,9480.000000096332,-3486726.482158527,570872.3719776096,312.0498142593345,112,2:14:51
47.5%,2372500,9490.00000009837,-3491389.400179902,568392.3542436394,310.69418888449917,112,2:14:43
47.5%,2375000,9500.000000100406,-3489479.2628802396,569634.8168996361,311.3733428601677,112,2:14:35
47.5%,2377500,9510.000000102444,-3486259.7223417144,568280.521289268,310.6330588415112,112,2:14:28
47.6%,2380000,9520.000000104481,-3490018.7912201528,568616.3332394366,310.81662010987867,112,2:14:20
47.6%,2382500,9530.000000106518,-3485209.4015822355,569957.8770928173,311.54993377299746,112,2:14:12
47.7%,2385000,9540.000000108555,-3489607.184508877,567286.6337437485,310.0897808003973,112,2:14:05
47.8%,2387500,9550.000000110593,-3493117.254163293,570985.0992958563,312.11143317881204,112,2:13:57
47.8%,2390000,9560.00000011263,-3491828.3118289597,569793.6327269272,311.4601546447982,112,2:13:49
47.9%,2392500,9570.000000114667,-3489603.6375177316,568897.8160246518,310.97048401213635,112,2:13:42
47.9%,2395000,9580.000000116705,-3489355.9070111886,568898.9798347381,310.97112017310525,112,2:13:34
48.0%,2397500,9590.000000118742,-3488957.6228864715,567317.2433477042,310.1065125984274,112,2:13:26
48.0%,2400000,9600.000000120779,-3491255.304428026,568780.1917015617,310.9061882956604,112,2:13:19
48.0%,2402500,9610.000000122816,-3489314.352764299,570122.0980957514,311.63970013055564,112,2:13:11
48.1%,2405000,9620.000000124854,-3491514.773950288,571546.252630228,312.4181703802552,112,2:13:03
48.1%,2407500,9630.00000012689,-3488361.3664524164,568898.6361615451,310.97093231473036,112,2:12:56
48.2%,2410000,9640.000000128928,-3489382.9471299835,569498.765633104,311.2989746221253,112,2:12:48
48.2%,2412500,9650.000000130965,-3487831.6482230704,569436.3665440085,311.264866080325,112,2:12:40
48.3%,2415000,9660.000000133003,-3490529.5941471253,568093.7615463013,310.53097237531557,112,2:12:32
48.4%,2417500,9670.00000013504,-3489744.1646514703,568012.1293738796,310.4863506603892,112,2:12:25
48.4%,2420000,9680.000000137077,-3489749.3409927413,568853.893220413,310.94647496286854,112,2:12:17
48.5%,2422500,9690.000000139114,-3490920.017185565,570518.3607938744,311.8563049399964,112,2:12:09
48.5%,2425000,9700.000000141152,-3486726.233995676,568912.1116125167,310.9782982553139,112,2:12:02
48.5%,2427500,9710.000000143189,-3489527.7159856427,567518.6907899247,310.21662764342454,112,2:11:54
48.6%,2430000,9720.000000145226,-3488224.4583588205,568621.2970160774,310.81933340562534,112,2:11:46
48.6%,2432500,9730.000000147264,-3488435.766017612,568908.7141112162,310.9764411157819,112,2:11:39
48.7%,2435000,9740.0000001493,-3489641.554683896,568380.204056406,310.68754735855487,112,2:11:31
48.8%,2437500,9750.000000151338,-3491739.1084020175,569246.5447753678,311.1611058520248,112,2:11:23
48.8%,2440000,9760.000000153375,-3487762.9418943524,568104.6844399597,310.5369430389956,112,2:11:15
48.9%,2442500,9770.000000155413,-3491454.543934392,569854.0771707501,311.493194739912,112,2:11:08
48.9%,2445000,9780.00000015745,-3490420.644781677,568607.5181487143,310.81180161180873,112,2:11:00
49.0%,2447500,9790.000000159487,-3486804.0290950667,566288.500901033,309.54418219821497,112,2:10:52
49.0%,2450000,9800.000000161524,-3490795.819163963,567770.6033511385,310.3543278927186,112,2:10:45
49.0%,2452500,9810.000000163562,-3489172.401308628,568678.9986819106,310.8508742455565,112,2:10:37
49.1%,2455000,9820.000000165599,-3485151.546707226,566572.9223404508,309.6996524253591,112,2:10:29
49.1%,2457500,9830.000000167636,-3489213.26605634,569927.7315058776,311.5334556155895,112,2:10:22
49.2%,2460000,9840.000000169674,-3492039.095608564,569409.0511803571,311.24993497738114,112,2:10:14
49.2%,2462500,9850.00000017171,-3490258.0964052435,570595.1823045162,311.89829705470294,112,2:10:06
49.3%,2465000,9860.000000173748,-3491100.4061016534,568182.3842997054,310.5794152762097,112,2:09:59
49.4%,2467500,9870.000000175785,-3485922.7587736007,570181.8231796239,311.67234700968993,112,2:09:51
49.4%,2470000,9880.000000177823,-3491535.5848765112,568710.6198357132,310.86815897618135,112,2:09:43
49.5%,2472500,9890.00000017986,-3489840.3737398796,568340.9824690046,310.66610808479703,112,2:09:36
49.5%,2475000,9900.000000181897,-3487213.241483126,567770.6710936697,310.3543649220885,112,2:09:28
49.5%,2477500,9910.000000183934,-3488188.4880798403,569002.5807182698,311.02775040790044,112,2:09:20
49.6%,2480000,9920.000000185972,-3489666.3122115284,568836.119723144,310.93675962754355,112,2:09:13
49.6%,2482500,9930.000000188009,-3488258.3782965187,568528.5804179453,310.7686527304936,112,2:09:05
49.7%,2485000,9940.000000190046,-3487985.460225614,568681.2184488259,310.85208761283025,112,2:08:57
49.8%,2487500,9950.000000192083,-3489794.087651113,568222.8968040604,310.6015601899938,112,2:08:49
49.8%,2490000,9960.00000019412,-3491413.5491341073,570145.1455577693,311.652298316411,112,2:08:42
49.9%,2492500,9970.000000196158,-3488198.0130975824,571227.4685343833,312.243916864443,112,2:08:34
49.9%,2495000,9980.000000198195,-3488478.6682359576,570074.3554202691,311.61360306622424,112,2:08:26
50.0%,2497500,9990.000000200233,-3491343.1355351377,570364.4483423275,311.77217343482124,112,2:08:19
50.0%,2500000,10000.00000020227,-3487995.419755459,570765.4614258668,311.9913748962626,112,2:08:11
50.0%,2502500,10010.000000204307,-3487371.4165316243,570327.4715082981,311.75196118641475,112,2:08:03
50.1%,2505000,10020.000000206344,-3487178.246210616,570506.7534975817,311.849960168678,112,2:07:56
50.1%,2507500,10030.000000208382,-3488607.1122799236,568706.0747422506,310.86567454070956,112,2:07:48
50.2%,2510000,10040.000000210419,-3491808.876059983,568534.1424516041,310.7716930450286,112,2:07:40
50.2%,2512500,10050.000000212456,-3489252.241488192,567658.1769418754,310.29287345587676,112,2:07:33
50.3%,2515000,10060.000000214493,-3488076.725618392,568908.2121484029,310.97616673325723,112,2:07:25
50.4%,2517500,10070.00000021653,-3488927.151416136,569286.9233815651,311.18317757450154,112,2:07:17
50.4%,2520000,10080.000000218568,-3492328.4218955394,570132.2686220834,311.6452595357898,112,2:07:10
50.5%,2522500,10090.000000220605,-3487995.0497120414,568780.1663313454,310.90617442781246,112,2:07:02
50.5%,2525000,10100.000000222642,-3488764.474062143,569153.1647740733,311.1100625479697,112,2:06:54
50.5%,2527500,10110.00000022468,-3487727.6443200633,569442.050779125,311.26797319252626,112,2:06:47
50.6%,2530000,10120.000000226717,-3490909.9702884126,570202.8365035352,311.68383329654733,112,2:06:39
50.6%,2532500,10130.000000228754,-3490766.559698485,571180.9804960632,312.2185056089065,112,2:06:31
50.7%,2535000,10140.000000230792,-3488030.9553694595,570438.9589454746,311.8129023630611,112,2:06:23
50.8%,2537500,10150.000000232829,-3488944.782333879,568602.7705242212,310.80920646898176,112,2:06:16
50.8%,2540000,10160.000000234866,-3491664.8397764843,570708.1465854037,311.96004550251587,112,2:06:08
50.9%,2542500,10170.000000236903,-3487474.7560290247,568514.3813271894,310.7608912344911,112,2:06:00
50.9%,2545000,10180.00000023894,-3489385.2894506734,570306.512670215,311.74050468255865,112,2:05:53
51.0%,2547500,10190.000000240978,-3488439.3956263065,568084.7231805171,310.526031830804,112,2:05:45
51.0%,2550000,10200.000000243015,-3490953.279655207,568805.7540871503,310.92016118709205,112,2:05:37
51.0%,2552500,10210.000000245052,-3489631.723685926,569845.4994247502,311.48850597903055,112,2:05:30
51.1%,2555000,10220.00000024709,-3491130.6679476593,571212.2515008136,312.23559894132734,112,2:05:22
51.1%,2557500,10230.000000249127,-3489786.57155082,568972.9866690438,311.01157373161084,112,2:05:14
51.2%,2560000,10240.000000251164,-3492223.603049891,571037.2077628372,312.13991666871425,112,2:05:07
51.2%,2562500,10250.000000253202,-3487285.5756647736,567685.8300242058,310.30798916234374,112,2:04:59
51.3%,2565000,10260.000000255239,-3488738.0918876883,568845.8434553228,310.94207480650346,112,2:04:51
51.4%,2567500,10270.000000257276,-3492963.2086866926,569817.834574138,311.4733838397945,112,2:04:44
51.4%,2570000,10280.000000259313,-3490249.281900661,567779.227498866,310.3590420176765,112,2:04:36
51.5%,2572500,10290.00000026135,-3486186.329563761,568400.7051648914,310.6987536586124,112,2:04:28
51.5%,2575000,10300.000000263388,-3488153.221735731,568431.6889074936,310.71568996802006,112,2:04:20
51.5%,2577500,10310.000000265425,-3489176.7540886775,568901.4654392904,310.9724788523424,112,2:04:13
51.6%,2580000,10320.000000267462,-3489986.281352112,571031.6791826048,312.13689464046536,112,2:04:05
51.6%,2582500,10330.0000002695,-3487713.5466253627,568660.5988214001,310.8408165280411,112,2:03:57
51.7%,2585000,10340.000000271537,-3490788.1340373345,568121.108356961,310.5459206677989,112,2:03:50
51.8%,2587500,10350.000000273574,-3487002.6433814485,569456.1869731622,311.275700307973,112,2:03:42
51.8%,2590000,10360.000000275611,-3489325.1709616147,564902.2747816377,308.78644434942004,112,2:03:34
51.9%,2592500,10370.000000277649,-3487413.291572137,570004.4428352251,311.57538750308225,112,2:03:27
51.9%,2595000,10380.000000279686,-3491592.8744571004,569370.8495411542,311.22905322691844,112,2:03:19
52.0%,2597500,10390.000000281723,-3490936.06187775,568696.6608170343,310.86052870819185,112,2:03:11
52.0%,2600000,10400.00000028376,-3485697.0448694825,569713.3244885203,311.4162566176585,112,2:03:04
52.0%,2602500,10410.000000285798,-3490951.1702569574,569446.1610808539,311.270219962477,112,2:02:56
52.1%,2605000,10420.000000287835,-3487746.4907057583,570058.2348133831,311.6047912325616,112,2:02:48
52.1%,2607500,10430.000000289872,-3490070.975182738,569012.9498898064,311.0334183964227,112,2:02:41
52.2%,2610000,10440.00000029191,-3489286.9798996467,568467.1295129936,310.7350624843764,112,2:02:33
52.2%,2612500,10450.000000293947,-3488803.8763492033,567841.9039930194,310.39330219441473,112,2:02:25
52.3%,2615000,10460.000000295984,-3490398.6520786546,567763.7398545705,310.3505761735351,112,2:02:17
52.4%,2617500,10470.000000298021,-3489746.0467067137,571217.7327381503,312.2385950910392,112,2:02:10
52.4%,2620000,10480.000000300059,-3489212.8880028203,568079.9541872421,310.5234250073901,112,2:02:02
52.5%,2622500,10490.000000302096,-3486070.7445954625,568723.6066614992,310.87525782484397,112,2:01:54
52.5%,2625000,10500.000000304133,-3491646.7937316652,569212.6643369203,311.14258615297547,112,2:01:47
52.5%,2627500,10510.00000030617,-3487724.8221257906,569259.1182726675,311.16797876739,112,2:01:39
52.6%,2630000,10520.000000308208,-3489332.5232485924,568486.7967938334,310.74581299821153,112,2:01:31
52.6%,2632500,10530.000000310245,-3489777.5530657526,568034.0305770484,310.4983222791193,112,2:01:24
52.7%,2635000,10540.000000312282,-3492756.572345663,568440.1629317885,310.7203220326234,112,2:01:16
52.8%,2637500,10550.00000031432,-3490184.6133658253,568645.5124574392,310.83257003144587,112,2:01:08
52.8%,2640000,10560.000000316357,-3489255.323449487,569313.1654778222,311.1975220088528,112,2:01:01
52.9%,2642500,10570.000000318394,-3486276.218556393,568819.5132585058,310.92768221469225,112,2:00:53
52.9%,2645000,10580.000000320431,-3486596.062381288,569153.8756494578,311.11045112612237,112,2:00:45
53.0%,2647500,10590.000000322469,-3487599.8670000304,570495.7568055768,311.843949165403,112,2:00:38
53.0%,2650000,10600.000000324506,-3489304.907771239,568796.9372886077,310.91534175549464,112,2:00:30
53.0%,2652500,10610.000000326543,-3487980.8151634857,570712.6853530207,311.9625264801588,112,2:00:23
53.1%,2655000,10620.00000032858,-3488525.91632469,570469.2978289707,311.8294861800831,112,2:00:15
53.1%,2657500,10630.000000330618,-3488348.429244319,569385.8040985578,311.2372276755153,112,2:00:07
53.2%,2660000,10640.000000332655,-3486538.7137163263,569476.0029693367,311.2865321124694,112,2:00:00
53.2%,2662500,10650.000000334692,-3493084.108523285,568646.8281166896,310.8332891960873,112,1:59:52
53.3%,2665000,10660.00000033673,-3487108.478947701,568691.8676448774,310.8579086681362,112,1:59:44
53.4%,2667500,10670.000000338767,-3489840.2399141286,565902.2661437427,309.3330588540331,112,1:59:37
53.4%,2670000,10680.000000340804,-3488443.124003088,567865.722237139,310.40632170458616,112,1:59:29
53.5%,2672500,10690.000000342841,-3490728.8603376523,570849.4548354539,312.0372873088214,112,1:59:22
53.5%,2675000,10700.000000344879,-3489033.123471454,569035.956436038,311.0459942169225,112,1:59:14
