#"Progress (%)","Step","Time (ps)","Potential Energy (kJ/mole)","Kinetic Energy (kJ/mole)","Temperature (K)","Speed (ns/day)","Time Remaining"
3.0%,152500,610.0000000014564,-3525473.204119092,577228.7815180407,312.0995169643503,0,--
3.1%,155000,620.0000000015042,-3524453.915341649,573643.1291201246,310.1608049367749,272,1:42:27
3.1%,157500,630.0000000015519,-3526411.9197914153,577375.0159368895,312.17858386632673,273,1:42:15
3.2%,160000,640.0000000015997,-3526063.4695805795,574992.3832318359,310.89032773607096,273,1:42:02
3.2%,162500,650.0000000016474,-3527272.303941751,573236.5127801804,309.94095317721326,273,1:42:04
3.3%,165000,660.0000000016952,-3525877.76299599,577268.1202541611,312.1207868679557,272,1:42:17
3.4%,167500,670.0000000017429,-3528139.7775868103,574708.0686564643,310.73660282754156,272,1:42:13
3.4%,170000,680.0000000017907,-3525338.207743531,574982.3723142094,310.8849149731325,273,1:42:03
3.5%,172500,690.0000000018384,-3524137.312206121,573298.4576985192,309.974445926901,272,1:42:11
3.5%,175000,700.0000000018862,-3524524.168708181,574171.7786975633,310.4466383585391,272,1:42:08
3.5%,177500,710.0000000019339,-3526764.8147822674,576391.565617034,311.64684605349953,272,1:42:11
3.6%,180000,720.0000000019817,-3526958.1521323733,575882.4790357404,311.37159006973354,272,1:42:11
3.6%,182500,730.0000000020294,-3526968.2489009537,575677.4681147153,311.26074353630867,272,1:42:06
3.7%,185000,740.0000000020772,-3525839.4685450234,574464.2485537103,310.6047727131533,272,1:42:01
3.8%,187500,750.0000000021249,-3528017.4901668075,577070.3949431649,312.0138795618244,272,1:42:00
3.8%,190000,760.0000000021727,-3523390.9566372186,576754.1734711118,311.84290304117695,272,1:41:55
3.9%,192500,770.0000000022204,-3523380.2508128397,575747.6241245465,311.29867590815417,272,1:41:51
3.9%,195000,780.0000000022682,-3527365.12328998,576289.7621604918,311.59180235050087,272,1:41:47
4.0%,197500,790.0000000023159,-3528131.814532362,575152.7557437413,310.97703890693185,272,1:41:42
4.0%,200000,800.0000000023637,-3523297.558818305,577173.7435872408,312.06975872607916,272,1:41:41
4.0%,202500,810.0000000024114,-3525623.5157104023,574741.0503093007,310.7544355452585,272,1:41:38
4.1%,205000,820.0000000024592,-3529733.9038727824,574626.7700725014,310.6926458219363,272,1:41:35
4.2%,207500,830.0000000025069,-3529769.251040647,576678.3674283343,311.80191577565705,272,1:41:35
4.2%,210000,840.0000000025547,-3527595.8332117423,576311.5253974735,311.6035694279008,272,1:41:35
4.2%,212500,850.0000000026024,-3523136.7344716024,576124.8894338761,311.5026579765804,272,1:41:33
4.3%,215000,860.0000000026502,-3526064.1215005517,575479.1575603466,311.15351979728337,272,1:41:30
4.3%,217500,870.0000000026979,-3526279.0247172117,575362.4210533525,311.0904020030716,271,1:41:28
4.4%,220000,880.0000000027457,-3528641.7340374812,578010.2020692752,312.52202011110074,271,1:41:27
4.5%,222500,890.0000000027934,-3524285.5984163843,574688.2005102409,310.7258603991703,271,1:41:26
4.5%,225000,900.0000000028411,-3524877.4953622725,574530.5506310288,310.64062131767093,271,1:41:25
4.5%,227500,910.0000000028889,-3528370.2596283164,575516.4516824209,311.17368420671284,271,1:41:22
4.6%,230000,920.0000000029366,-3527247.5345548764,576961.0249982248,311.95474476453234,271,1:41:20
4.7%,232500,930.0000000029844,-3528713.5019781385,576185.8662320778,311.53562727727035,271,1:41:16
4.7%,235000,940.0000000030321,-3524449.1649160124,574395.1363137471,310.56740469305544,271,1:41:12
4.8%,237500,950.0000000030799,-3528348.528581945,574053.5204248957,310.3826977669429,271,1:41:06
4.8%,240000,960.0000000031276,-3527545.9993666485,572286.9383448734,309.42753158066427,271,1:41:05
4.8%,242500,970.0000000031754,-3529572.9563121106,576715.9897485797,311.8222576372405,271,1:40:58
4.9%,245000,980.0000000032231,-3524012.615921434,574678.2810704429,310.72049709701236,271,1:40:55
5.0%,247500,990.0000000032709,-3524209.0274563804,574002.5403704685,310.3551335655881,271,1:40:54
5.0%,250000,1000.0000000033186,-3526089.4090393614,577295.1651988717,312.13540969074415,271,1:40:53
5.0%,252500,1010.0000000033664,-3524927.7773252185,575680.3310255832,311.2622914721144,271,1:40:56
5.1%,255000,1020.0000000034141,-3523971.9630241264,578049.1300446474,312.5430679221231,271,1:40:53
5.2%,257500,1030.0000000032912,-3527891.974135952,576116.432795061,311.4980855904246,271,1:40:51
5.2%,260000,1040.0000000030548,-3528282.4830110148,576914.1195983426,311.9293836718166,271,1:40:46
5.2%,262500,1050.0000000028183,-3528202.3097862117,576485.1781302637,311.69746102817896,271,1:40:41
5.3%,265000,1060.0000000025818,-3521819.219862189,573636.0754444327,310.15699111312864,271,1:40:38
5.3%,267500,1070.0000000023454,-3530076.5364245456,573897.7012792066,310.29844853741645,271,1:40:33
5.4%,270000,1080.000000002109,-3527775.768508317,576498.8020076314,311.70482726784303,271,1:40:28
5.5%,272500,1090.0000000018724,-3525233.657616319,575892.7252429111,311.37713005043287,271,1:40:24
5.5%,275000,1100.000000001636,-3527670.968668597,573841.1484439031,310.2678712114994,271,1:40:22
5.5%,277500,1110.0000000013995,-3527889.9017070215,576849.5024611731,311.8944460908367,271,1:40:19
5.6%,280000,1120.000000001163,-3528515.2693743166,574631.3952296241,310.69514657960826,271,1:40:16
5.7%,282500,1130.0000000009265,-3524598.691170465,574684.3291236812,310.72376719468366,271,1:40:14
5.7%,285000,1140.00000000069,-3529938.278269289,574836.4990443368,310.8060433393489,271,1:40:12
5.8%,287500,1150.0000000004536,-3528326.742529191,575514.6168563196,311.1726921419401,271,1:40:10
5.8%,290000,1160.0000000002171,-3527976.009073561,575469.1674471339,311.14811828300003,271,1:40:08
5.8%,292500,1169.9999999999807,-3527735.916322738,574654.0771187843,310.7074103593736,271,1:40:06
5.9%,295000,1179.9999999997442,-3527503.482579317,576429.1398258727,311.66716190191937,271,1:40:02
6.0%,297500,1189.9999999995077,-3528033.4154102243,575389.1990687374,311.10488050091243,271,1:39:58
6.0%,300000,1199.9999999992713,-3527744.281927785,576069.656463942,311.47279428338123,271,1:39:57
6.0%,302500,1209.9999999990348,-3528065.611530589,572349.9467995224,309.461599369538,271,1:39:54
6.1%,305000,1219.9999999987983,-3528250.8254292198,575156.9620244383,310.97931318398764,271,1:39:51
6.2%,307500,1229.9999999985619,-3528594.261456145,575269.1750688844,311.0399852053595,271,1:39:50
6.2%,310000,1239.9999999983254,-3525820.6124757025,575811.2657967185,311.33308606887323,271,1:39:47
6.2%,312500,1249.999999998089,-3526764.138218669,575434.7228679473,311.1294945814966,271,1:39:43
6.3%,315000,1259.9999999978525,-3527600.634003088,575674.8154048536,311.25930925324275,271,1:39:40
6.3%,317500,1269.999999997616,-3524879.325947484,576305.6502403249,311.60039281272344,271,1:39:35
6.4%,320000,1279.9999999973795,-3525246.4073992968,575735.2590030548,311.29199026016096,271,1:39:31
6.5%,322500,1289.999999997143,-3528016.4531446267,575349.2659931725,311.08328924629427,271,1:39:29
6.5%,325000,1299.9999999969066,-3527373.987984799,578061.856519063,312.5499489485808,271,1:39:27
6.5%,327500,1309.99999999667,-3526158.1981527377,574300.5324288915,310.5162536976239,271,1:39:23
6.6%,330000,1319.9999999964336,-3522976.5795185957,576194.8271838259,311.54047233836513,271,1:39:21
6.7%,332500,1329.9999999961972,-3527198.4667970706,574839.0446814203,310.8074197296634,271,1:39:17
6.7%,335000,1339.9999999959607,-3526475.5718902107,574663.4484461894,310.71247730483805,271,1:39:14
6.8%,337500,1349.9999999957242,-3527119.894491883,577364.8541899374,312.17308955208455,271,1:39:11
6.8%,340000,1359.9999999954878,-3529820.31981525,575359.0936248016,311.08860290906114,271,1:39:08
6.8%,342500,1369.9999999952513,-3529112.0368488412,574352.7359709439,310.54447942160033,271,1:39:05
6.9%,345000,1379.9999999950148,-3526557.835785147,575536.261374456,311.18439502972325,271,1:39:01
7.0%,347500,1389.9999999947784,-3526680.998183621,574137.063568955,310.42786837475296,271,1:38:58
7.0%,350000,1399.999999994542,-3528944.9327988233,575455.6585029368,311.14081418609146,271,1:38:54
7.0%,352500,1409.9999999943054,-3528441.3732116576,575480.7395167147,311.15437513893323,271,1:38:50
7.1%,355000,1419.999999994069,-3528651.9807527196,576297.9031924678,311.59620409245946,271,1:38:47
7.2%,357500,1429.9999999938325,-3526092.050992826,577556.4635592129,312.27669005419307,271,1:38:44
7.2%,360000,1439.999999993596,-3528892.669819664,575454.9092779491,311.140409090635,271,1:38:42
7.2%,362500,1449.9999999933596,-3527545.8842418157,576766.6814530733,311.84966593182514,271,1:38:39
7.3%,365000,1459.999999993123,-3528471.123202091,576113.7274064939,311.4966228247205,271,1:38:35
7.3%,367500,1469.9999999928866,-3525120.284559494,575797.4055986998,311.3255920539433,271,1:38:32
7.4%,370000,1479.9999999926501,-3525848.2118030433,575925.2942031905,311.3947396310648,271,1:38:28
7.5%,372500,1489.9999999924137,-3527928.294438673,575784.2614832891,311.3184852148494,271,1:38:24
7.5%,375000,1499.9999999921772,-3525297.7956303786,574643.7080745162,310.7018039623763,271,1:38:20
7.5%,377500,1509.9999999919407,-3526780.6324433535,574613.6507638434,310.68555239550614,271,1:38:18
7.6%,380000,1519.9999999917043,-3526352.89559331,576644.1042630137,311.7833901620899,271,1:38:14
7.7%,382500,1529.9999999914678,-3528354.3430077154,573187.4846202426,309.9144443378689,271,1:38:11
7.7%,385000,1539.9999999912313,-3527250.4863384143,573794.9552505108,310.242895198857,271,1:38:08
7.8%,387500,1549.9999999909949,-3524364.952443909,575120.1295907658,310.9593984030102,271,1:38:05
7.8%,390000,1559.9999999907584,-3528230.0428511407,575539.0849197005,311.18592168108773,271,1:38:01
7.8%,392500,1569.999999990522,-3523777.515797645,575630.2361333781,311.23520586557464,271,1:37:58
7.9%,395000,1579.9999999902855,-3525768.056816701,575905.7355480231,311.38416454017255,271,1:37:54
8.0%,397500,1589.999999990049,-3527921.7609162834,577031.8295910766,311.99302781613244,271,1:37:50
8.0%,400000,1599.9999999898125,-3525716.0230265986,574068.0749427242,310.39056719086864,271,1:37:48
8.1%,402500,1609.999999989576,-3528919.4584615976,574469.2875049813,310.60749720352527,271,1:37:44
8.1%,405000,1619.9999999893396,-3527358.5373912323,575718.1461043054,311.28273755550634,271,1:37:41
8.2%,407500,1629.9999999891031,-3529344.761047844,575671.9215710541,311.2577445978411,271,1:37:37
8.2%,410000,1639.9999999888666,-3524637.9389025755,577418.590043966,312.20214377568357,271,1:37:34
8.2%,412500,1649.9999999886302,-3527575.010927191,574737.9454691969,310.75275680170364,271,1:37:30
8.3%,415000,1659.9999999883937,-3529157.374948891,575493.1656360266,311.16109376759346,271,1:37:27
8.3%,417500,1669.9999999881572,-3527251.3218904063,575708.6687991654,311.27761330936505,271,1:37:24
8.4%,420000,1679.9999999879208,-3531233.048346201,575426.331262489,311.1249573579659,271,1:37:21
8.4%,422500,1689.9999999876843,-3529453.4625090826,575189.8558352336,310.99709840674336,271,1:37:18
8.5%,425000,1699.9999999874478,-3528983.678507056,574811.7750032857,310.7926753966605,271,1:37:14
8.6%,427500,1709.9999999872114,-3528698.871461382,575874.915125459,311.36750036939156,271,1:37:11
8.6%,430000,1719.999999986975,-3527973.3164622784,575941.4377021797,311.40346819484745,271,1:37:07
8.7%,432500,1729.9999999867384,-3526269.4214478657,577986.2210285921,312.50905389830416,271,1:37:04
8.7%,435000,1739.999999986502,-3529950.4921409693,577083.5240480197,312.020978284921,271,1:37:00
8.8%,437500,1749.9999999862655,-3530864.2832637243,577066.5537990225,312.01180270898925,271,1:36:57
8.8%,440000,1759.999999986029,-3526903.542199973,575969.5961690729,311.418693083483,271,1:36:54
8.8%,442500,1769.9999999857926,-3527194.184330132,575155.7298810066,310.9786469812927,271,1:36:51
8.9%,445000,1779.999999985556,-3525023.8703808486,574545.2331041072,310.6485599252081,271,1:36:47
8.9%,447500,1789.9999999853196,-3530886.8810615465,574329.0762402002,310.53168693658733,271,1:36:44
9.0%,450000,1799.9999999850832,-3526607.5122825205,575543.8949481288,311.1885223960852,271,1:36:40
9.1%,452500,1809.9999999848467,-3529316.7579617538,576166.1596544834,311.5249722067937,271,1:36:37
9.1%,455000,1819.9999999846102,-3527339.005695846,576454.9577895016,311.6811213132231,271,1:36:34
9.2%,457500,1829.9999999843737,-3525507.082304843,573752.0398216078,310.21969142756245,271,1:36:30
9.2%,460000,1839.9999999841373,-3528467.009365216,575866.8576912342,311.36314382756615,271,1:36:27
9.2%,462500,1849.9999999839008,-3526639.1747783776,575021.0307262676,310.90581703504677,271,1:36:24
9.3%,465000,1859.9999999836643,-3527396.3159374595,577332.0329047592,312.1553435429141,271,1:36:21
9.3%,467500,1869.9999999834279,-3528901.7986121885,577356.0976606709,312.1683550193623,271,1:36:18
9.4%,470000,1879.9999999831914,-3528909.582182018,575006.756375856,310.898099093719,271,1:36:15
9.4%,472500,1889.999999982955,-3527409.7048658878,574640.6103394754,310.70012906042956,271,1:36:12
9.5%,475000,1899.9999999827185,-3527654.5603953265,577644.1729471431,312.32411329170776,271,1:36:08
9.6%,477500,1909.999999982482,-3528296.0560206603,574246.1954135555,310.4868744345264,271,1:36:05
9.6%,480000,1919.9999999822455,-3529167.3954843115,576006.4805506853,311.4386359519839,271,1:36:02
9.7%,482500,1929.999999982009,-3523565.7738284897,575857.817275638,311.3582558014817,271,1:35:59
9.7%,485000,1939.9999999817726,-3527539.647069378,577165.0350632153,312.06505014911824,271,1:35:56
9.8%,487500,1949.9999999815361,-3527137.109375894,575783.136786492,311.31787710704475,271,1:35:54
9.8%,490000,1959.9999999812997,-3525741.606634887,575758.3955012544,311.3044998406662,271,1:35:51
9.8%,492500,1969.9999999810632,-3527791.5861034635,576607.0897475714,311.76337693204994,271,1:35:47
9.9%,495000,1979.9999999808267,-3526488.3177180104,574175.7133796159,310.44876578601213,271,1:35:44
9.9%,497500,1989.9999999805902,-3529270.1260729823,576417.102394327,311.66065343129003,271,1:35:40
10.0%,500000,1999.9999999803538,-3523944.9336108826,575834.0280049484,311.34539327603443,271,1:35:37
10.1%,502500,2009.9999999801173,-3530121.2970707286,574684.5247315207,310.7238729571026,271,1:35:35
10.1%,505000,2019.9999999798808,-3527341.1888394896,576365.7565933289,311.6328914758873,271,1:35:33
10.2%,507500,2029.9999999796444,-3527450.970498657,575127.3497115003,310.96330222115967,271,1:35:30
10.2%,510000,2039.999999979408,-3527974.5482608043,575069.859156512,310.9322178833435,271,1:35:27
10.2%,512500,2049.9999999791717,-3526416.872891132,575367.0901570946,311.09292652206517,271,1:35:23
10.3%,515000,2059.999999978935,-3526225.1175110172,574173.6905541223,310.4476720726013,271,1:35:20
10.3%,517500,2069.9999999786987,-3524621.5384500194,574920.1140159868,310.85125278333106,271,1:35:16
10.4%,520000,2079.9999999784623,-3525847.0234322287,574952.728932177,310.8688872116803,271,1:35:13
10.4%,522500,2089.999999978226,-3530606.1686096154,577507.3895315712,312.2501564148236,271,1:35:10
10.5%,525000,2099.9999999779893,-3524074.181293655,575695.5644690755,311.2705279816369,271,1:35:07
10.6%,527500,2109.999999977753,-3526465.5941580143,573365.9094785631,310.0109161595784,271,1:35:04
10.6%,530000,2119.9999999775164,-3531475.409131624,576281.9099701683,311.5875567811781,271,1:35:00
10.7%,532500,2129.99999997728,-3525125.8629337605,575691.1884891645,311.268161950593,271,1:34:57
10.7%,535000,2139.9999999770434,-3522632.3233030494,573119.1409917144,309.87749189520804,271,1:34:53
10.8%,537500,2149.999999976807,-3526947.032993585,577438.4102366855,312.212860276267,271,1:34:50
10.8%,540000,2159.9999999765705,-3527498.0389297754,577247.6761848246,312.1097330460241,271,1:34:46
10.8%,542500,2169.999999976334,-3527241.192576321,575060.9446822654,310.9273979519828,271,1:34:43
10.9%,545000,2179.9999999760976,-3526599.979003474,574755.3199962503,310.7621509651177,271,1:34:39
10.9%,547500,2189.999999975861,-3524767.6859734003,575754.7558607993,311.30253193805237,271,1:34:37
11.0%,550000,2199.9999999756246,-3525686.2172149047,576912.0246212881,311.92825094706745,271,1:34:33
11.1%,552500,2209.999999975388,-3528723.2447254434,574819.450322143,310.796825334059,271,1:34:30
11.1%,555000,2219.9999999751517,-3525813.4768352825,573902.2293327514,310.300896792544,271,1:34:27
11.2%,557500,2229.999999974915,-3525492.4631382395,574671.1543598347,310.7166437844099,271,1:34:23
11.2%,560000,2239.9999999746788,-3526328.0290933605,575215.2283305111,311.01081695954923,271,1:34:20
11.2%,562500,2249.9999999744423,-3526178.495868083,576360.5931595662,311.63009967957566,271,1:34:17
11.3%,565000,2259.999999974206,-3524271.6453040633,573597.6681292192,310.13622481576124,271,1:34:14
11.3%,567500,2269.9999999739694,-3527544.7813240103,575961.828195473,311.4144930489629,271,1:34:11
11.4%,570000,2279.999999973733,-3522963.94752755,572962.860027998,309.7929929671429,271,1:34:08
11.4%,572500,2289.9999999734964,-3527470.0520340353,576915.6703883205,311.93022216223585,271,1:34:05
11.5%,575000,2299.99999997326,-3525710.190919673,576313.4030745517,311.6045846615965,271,1:34:01
11.6%,577500,2309.9999999730235,-3526431.5025976524,575776.2025561279,311.3141278658142,271,1:33:58
11.6%,580000,2319.999999972787,-3526056.9284672663,576757.4779256515,311.8446897134613,271,1:33:54
11.7%,582500,2329.9999999725505,-3525935.455569662,577050.8042947599,312.00328717263665,271,1:33:51
11.7%,585000,2339.999999972314,-3527029.2773362864,575735.8473754707,311.2923083848849,271,1:33:48
11.8%,587500,2349.9999999720776,-3528975.0518463794,576451.4468481459,311.6792229964096,271,1:33:44
11.8%,590000,2359.999999971841,-3526309.209173387,574406.9435001152,310.5737886733422,271,1:33:40
11.8%,592500,2369.9999999716047,-3523583.668629665,576530.1036734597,311.72175164011617,271,1:33:37
11.9%,595000,2379.999999971368,-3527340.884276578,574642.3712854579,310.7010811792568,271,1:33:34
11.9%,597500,2389.9999999711317,-3524538.7163283676,575927.6556919444,311.39601645495685,271,1:33:31
12.0%,600000,2399.9999999708953,-3527326.7317772936,576917.7807413023,311.9313632005336,271,1:33:27
12.1%,602500,2409.999999970659,-3529389.029174639,578252.5363202062,312.6530468462206,271,1:33:24
12.1%,605000,2419.9999999704223,-3528405.8374479525,573861.3776197708,310.2788088435425,271,1:33:21
12.2%,607500,2429.999999970186,-3529698.890506951,575772.8163797401,311.3122970076712,271,1:33:18
12.2%,610000,2439.9999999699494,-3527365.374159366,575060.6966531179,310.92726384609693,271,1:33:14
12.2%,612500,2449.999999969713,-3528687.93664331,577047.0359197506,312.0012496650525,271,1:33:11
12.3%,615000,2459.9999999694764,-3527669.361997826,576607.6486777316,311.76367913775863,271,1:33:07
12.3%,617500,2469.99999996924,-3527634.4028248135,574199.6535790747,310.46170991653076,271,1:33:04
12.4%,620000,2479.9999999690035,-3526456.859415572,574916.0393398644,310.8490496630254,271,1:33:01
12.4%,622500,2489.999999968767,-3525661.6561947595,576818.6884133992,311.87778536681554,271,1:32:57
12.5%,625000,2499.9999999685306,-3524891.871879408,575139.5145194952,310.96987956245084,271,1:32:54
12.6%,627500,2509.999999968294,-3528082.66356886,574462.1829943687,310.6036558941495,271,1:32:51
12.6%,630000,2519.9999999680576,-3526317.143738648,575688.6051817387,311.2667651924521,271,1:32:47
12.7%,632500,2529.999999967821,-3527274.815152455,576708.9255446267,311.81843812111094,271,1:32:44
12.7%,635000,2539.9999999675847,-3526513.8357334603,573366.4005972595,310.0111817005785,271,1:32:41
12.8%,637500,2549.9999999673482,-3526023.311808856,576208.0348392732,311.5476135326668,271,1:32:37
12.8%,640000,2559.9999999671118,-3527164.3818758167,577004.7357947978,311.97837857998536,271,1:32:34
12.8%,642500,2569.9999999668753,-3526826.7965070996,574804.7398538408,310.7888715898964,271,1:32:31
12.9%,645000,2579.999999966639,-3525617.2167329546,575725.9553289432,311.2869598938847,271,1:32:27
12.9%,647500,2589.9999999664024,-3530046.521943737,577229.2949508519,312.0997945702797,271,1:32:24
13.0%,650000,2599.999999966166,-3527444.089802429,574957.1364197766,310.8712702784901,271,1:32:21
13.1%,652500,2609.9999999659294,-3526791.910161976,575779.228339379,311.3157638644361,271,1:32:18
13.1%,655000,2619.999999965693,-3526241.435759809,575545.1127715728,311.1891808561634,271,1:32:14
13.2%,657500,2629.9999999654565,-3526459.340960713,575275.9410835886,311.043643494739,271,1:32:11
13.2%,660000,2639.99999996522,-3526862.5073030945,575223.8874217795,311.0154988089107,271,1:32:08
13.2%,662500,2649.9999999649835,-3524632.6198052,576214.26377309,311.55098142993324,271,1:32:05
13.3%,665000,2659.999999964747,-3528494.4450542256,575463.9159288356,311.14527886061376,271,1:32:01
13.3%,667500,2669.9999999645106,-3529017.484685378,576849.0302581503,311.89419077727644,271,1:31:58
13.4%,670000,2679.999999964274,-3529443.338821387,574632.2229416852,310.695594111926,271,1:31:54
13.4%,672500,2689.9999999640377,-3528813.097404873,572828.8596050947,309.7205408154134,271,1:31:51
13.5%,675000,2699.999999963801,-3526169.9100881293,573772.2954942508,310.2306433860408,271,1:31:48
13.6%,677500,2709.9999999635647,-3532695.7760427613,574164.3033988411,310.4425965692259,271,1:31:45
13.6%,680000,2719.9999999633283,-3528535.2863774356,575098.7624670793,310.94784549852073,271,1:31:42
13.7%,682500,2729.999999963092,-3527515.3404214755,575288.7645370107,311.0505769563871,271,1:31:38
13.7%,685000,2739.9999999628553,-3525802.891375605,576341.5519748924,311.61980437773104,271,1:31:35
13.8%,687500,2749.999999962619,-3525152.7829190213,576406.6560791377,311.65500525498794,271,1:31:31
13.8%,690000,2759.9999999623824,-3526922.462323554,577153.8365962507,312.05899529488664,271,1:31:28
13.8%,692500,2769.999999962146,-3530396.942277748,577539.4714310318,312.2675026484931,271,1:31:25
13.9%,695000,2779.9999999619095,-3527946.4548634365,575228.5888073402,311.0180407822315,271,1:31:21
13.9%,697500,2789.999999961673,-3526413.273187043,574624.5319257239,310.6914356873233,271,1:31:18
14.0%,700000,2799.9999999614365,-3527461.7174223587,572369.9654152722,309.4724231546747,271,1:31:15
14.1%,702500,2809.9999999612,-3525005.932764098,576416.5398034605,311.66034924628866,271,1:31:11
14.1%,705000,2819.9999999609636,-3525590.656443648,573192.37903004,309.91709067669063,271,1:31:08
14.2%,707500,2829.999999960727,-3528287.083391657,573998.0205809865,310.3526897787236,271,1:31:05
14.2%,710000,2839.9999999604906,-3526883.425864216,575116.0161984642,310.9571743494087,271,1:31:02
14.2%,712500,2849.999999960254,-3527111.252306428,571385.6858845344,308.94023699913805,271,1:30:59
14.3%,715000,2859.9999999600177,-3527682.447502991,575100.7099359466,310.9488984676592,271,1:30:55
14.3%,717500,2869.9999999597812,-3528399.509643756,574782.5096620934,310.77685203659536,271,1:30:52
14.4%,720000,2879.9999999595448,-3525600.7746252697,574465.5638289344,310.605483864044,271,1:30:48
14.4%,722500,2889.9999999593083,-3525927.13422725,574545.4224007737,310.6486622752642,271,1:30:45
14.5%,725000,2899.999999959072,-3527514.1240784563,577580.5075570727,312.28969030705326,271,1:30:42
14.6%,727500,2909.9999999588354,-3529162.2528454196,577813.252716925,312.4155323549406,271,1:30:39
14.6%,730000,2919.999999958599,-3527677.1655875165,575541.4213172211,311.1871849385014,271,1:30:35
14.7%,732500,2929.9999999583624,-3530031.8449768163,576273.0536352161,311.58276828491944,271,1:30:32
14.7%,735000,2939.999999958126,-3526618.8536000364,573692.2435687048,310.1873604311797,271,1:30:29
14.8%,737500,2949.9999999578895,-3528978.8355939314,575983.3647690495,311.4261375726345,271,1:30:26
14.8%,740000,2959.999999957653,-3525820.6370457485,576637.8166452713,311.7799905352467,272,1:30:22
14.8%,742500,2969.9999999574165,-3526383.038402073,572908.7940440975,309.7637602469462,272,1:30:19
14.9%,745000,2979.99999995718,-3529587.0174748674,575727.500156436,311.2877951604718,272,1:30:15
14.9%,747500,2989.9999999569436,-3528396.968348792,576435.1388723467,311.6704055023196,272,1:30:12
15.0%,750000,2999.999999956707,-3527422.4408821557,577364.8105118298,312.1730659359436,272,1:30:09
15.1%,752500,3009.9999999564707,-3528089.666692391,576274.1698823203,311.5833718240935,272,1:30:06
15.1%,755000,3019.999999956234,-3522776.790599525,576151.8132535248,311.51721530874437,272,1:30:03
15.2%,757500,3029.9999999559977,-3529359.5371155515,576031.0928276747,311.4519434654096,272,1:29:59
15.2%,760000,3039.9999999557613,-3527315.92212422,573559.3665709065,310.1155156996688,272,1:29:56
15.2%,762500,3049.999999955525,-3526313.6214279253,575573.4816584527,311.2045195159384,272,1:29:52
15.3%,765000,3059.9999999552883,-3528570.9047114644,575406.3184908322,311.1141367326486,272,1:29:49
15.3%,767500,3069.999999955052,-3527206.889309544,574706.596764795,310.73580699633266,272,1:29:45
15.4%,770000,3079.9999999548154,-3528825.613907872,576813.5812608538,311.8750240009698,272,1:29:42
15.4%,772500,3089.999999954579,-3527697.856535036,575692.6103633421,311.2689307380448,272,1:29:39
15.5%,775000,3099.9999999543425,-3524556.5845173504,575112.2181671711,310.9551208070873,272,1:29:35
15.6%,777500,3109.999999954106,-3526389.702996297,575899.4278985313,311.3807540824431,272,1:29:32
15.6%,780000,3119.9999999538695,-3527759.865047384,576418.2873515596,311.66129412106807,272,1:29:29
15.7%,782500,3129.999999953633,-3530321.957760209,576667.9445791702,311.7962802871061,272,1:29:26
15.7%,785000,3139.9999999533966,-3529160.01162643,578335.9990114481,312.6981739543191,272,1:29:23
15.8%,787500,3149.99999995316,-3526497.0225994308,577415.1356570548,312.2002760370661,272,1:29:19
15.8%,790000,3159.9999999529236,-3525183.2145703677,577043.7034096562,311.9994478235227,272,1:29:16
15.8%,792500,3169.999999952687,-3526943.2476821784,576004.4108944067,311.4375169178236,272,1:29:13
15.9%,795000,3179.9999999524507,-3527969.5141511634,577037.6264151396,311.99616207770765,272,1:29:10
15.9%,797500,3189.9999999522142,-3527981.0057438556,575549.7137445103,311.1916685377852,272,1:29:06
16.0%,800000,3199.9999999519778,-3525166.835733425,575565.91625353,311.2004290074648,272,1:29:03
16.1%,802500,3209.9999999517413,-3528813.164646348,576303.2264640734,311.59908231085393,272,1:29:00
16.1%,805000,3219.999999951505,-3527971.122504769,574678.1872638583,310.720446377106,272,1:28:57
16.1%,807500,3229.9999999512684,-3526925.6002981737,575036.0837971524,310.9139560196269,272,1:28:53
16.2%,810000,3239.999999951032,-3525925.530510733,576889.2494558876,311.91593673414553,272,1:28:50
16.2%,812500,3249.9999999507954,-3529191.5502818134,576655.5745011823,311.78959195920487,272,1:28:47
16.3%,815000,3259.999999950559,-3529270.019308759,574681.212646404,310.7220821590722,272,1:28:44
16.4%,817500,3269.9999999503225,-3528555.551914964,574600.5870038106,310.67848900343955,272,1:28:41
16.4%,820000,3279.999999950086,-3531327.531939216,574950.2239744444,310.8675328161211,272,1:28:38
16.4%,822500,3289.9999999498496,-3531168.902378246,574145.2557368844,310.4322977652052,272,1:28:34
16.5%,825000,3299.999999949613,-3527903.220359467,575899.9565735032,311.38103992959526,272,1:28:31
16.6%,827500,3309.9999999493766,-3525932.2381879427,574558.7998852944,310.655895293767,272,1:28:28
16.6%,830000,3319.99999994914,-3528271.951479243,576774.7041445869,311.85400368875327,272,1:28:25
16.6%,832500,3329.9999999489037,-3526927.0869431905,575444.56021893,311.1348134993819,272,1:28:22
16.7%,835000,3339.999999948667,-3530033.706940869,575876.0855302389,311.36813319086224,272,1:28:18
16.8%,837500,3349.9999999484307,-3530215.855630908,576193.7684010775,311.5398998693633,272,1:28:16
16.8%,840000,3359.9999999481943,-3529829.0437314957,576005.6362237276,311.4381794362243,272,1:28:12
16.9%,842500,3369.999999947958,-3529378.2224085256,575417.4990926057,311.1201819274216,272,1:28:09
16.9%,845000,3379.9999999477213,-3527663.752353033,575490.5010921115,311.15965308602057,272,1:28:06
16.9%,847500,3389.999999947485,-3526674.7768245637,573831.9649150271,310.2629058060692,272,1:28:03
17.0%,850000,3399.9999999472484,-3524418.132112192,575096.4264415759,310.94658244225155,272,1:28:00
17.1%,852500,3409.999999947012,-3528873.6167485937,576470.2200730466,311.68937341615816,272,1:27:57
17.1%,855000,3419.9999999467755,-3527465.2570716683,575445.3927663472,311.1352636461089,272,1:27:53
17.1%,857500,3429.999999946539,-3529678.448873155,576990.8660624472,311.97087940997574,272,1:27:50
17.2%,860000,3439.9999999463025,-3527973.4095668886,574503.5656125876,310.62603089617704,272,1:27:47
17.2%,862500,3449.999999946066,-3527442.001583781,573286.0820349192,309.9677545789375,272,1:27:44
17.3%,865000,3459.9999999458296,-3526849.6353215054,579030.7555562207,313.0738190866721,272,1:27:40
17.4%,867500,3469.999999945593,-3528511.511658674,574954.1600204789,310.86966098108,272,1:27:37
17.4%,870000,3479.9999999453566,-3526115.094170032,577705.547826041,312.3572978290543,272,1:27:34
17.4%,872500,3489.99999994512,-3528690.3823735584,575507.4029230619,311.1687916692727,272,1:27:31
17.5%,875000,3499.9999999448837,-3527843.3887862787,574158.1911235175,310.43929174757267,272,1:27:28
17.6%,877500,3509.9999999446472,-3529559.6726590563,576409.7266834228,311.65666548771514,272,1:27:24
17.6%,880000,3519.999999944411,-3525397.137963621,574868.6828489369,310.8234446716999,272,1:27:21
17.6%,882500,3529.9999999441743,-3530175.4426156394,574959.191990068,310.8723816965544,272,1:27:18
17.7%,885000,3539.999999943938,-3527744.2364834677,574497.0475634907,310.62250667832814,272,1:27:15
17.8%,887500,3549.9999999437014,-3528681.435911473,574025.9485139736,310.36779002090515,272,1:27:12
17.8%,890000,3559.999999943465,-3526739.777984239,574608.8216273136,310.68294134902584,272,1:27:09
17.9%,892500,3569.9999999432284,-3527905.6812449545,574906.6912824025,310.84399529929334,272,1:27:06
17.9%,895000,3579.999999942992,-3530120.687864652,573949.5434287791,310.32647886154103,272,1:27:02
17.9%,897500,3589.9999999427555,-3530794.850937184,574730.0280915545,310.74847598651064,272,1:26:59
18.0%,900000,3599.999999942519,-3525748.2285519447,573885.5562510974,310.29188189083237,272,1:26:56
18.1%,902500,3609.9999999422826,-3523993.341784656,576811.4176578004,311.87385417110426,272,1:26:53
18.1%,905000,3619.999999942046,-3527421.701786006,574968.0617328426,310.87717744223477,272,1:26:50
18.1%,907500,3629.9999999418096,-3530219.0108628944,577123.2609394677,312.0424634655351,272,1:26:46
18.2%,910000,3639.999999941573,-3527849.690250786,573461.9997857974,310.06287084276994,272,1:26:43
18.2%,912500,3649.9999999413367,-3528351.7870569397,576725.6409062045,311.82747588298514,272,1:26:40
18.3%,915000,3659.9999999411,-3527532.937487958,574013.5191401344,310.36106963256765,272,1:26:37
18.4%,917500,3669.9999999408637,-3524535.153434504,574905.4843821451,310.8433427452291,272,1:26:33
18.4%,920000,3679.9999999406273,-3527856.014710201,576562.8155698568,311.73943850430487,272,1:26:30
18.4%,922500,3689.999999940391,-3528349.1000055503,576229.4742434834,311.55920551822305,272,1:26:27
18.5%,925000,3699.9999999401543,-3530996.8126902524,575651.4764231876,311.2466901927634,272,1:26:24
18.6%,927500,3709.999999939918,-3529437.8952469304,574631.6639229327,310.6952918583167,272,1:26:21
18.6%,930000,3719.9999999396814,-3530977.69405685,576795.0840953293,311.86502284265913,272,1:26:17
18.6%,932500,3729.999999939445,-3526929.332898196,573438.4554033701,310.050140724976,272,1:26:14
18.7%,935000,3739.9999999392085,-3528702.908884097,576970.3047849792,311.9597622152491,272,1:26:11
18.8%,937500,3749.999999938972,-3529963.3725452423,574791.2486235073,310.7815770706259,272,1:26:08
18.8%,940000,3759.9999999387355,-3531150.3094117194,575220.0897326304,311.01344545158184,272,1:26:04
18.9%,942500,3769.999999938499,-3527308.0563333556,576032.4690241753,311.4526875555812,272,1:26:02
18.9%,945000,3779.9999999382626,-3532050.5204694755,575753.693589192,311.3019575826734,272,1:25:58
18.9%,947500,3789.999999938026,-3528041.614993101,576461.6465598625,311.6847378376681,272,1:25:55
19.0%,950000,3799.9999999377897,-3530103.9281502906,577520.291720589,312.25713244770554,272,1:25:52
19.1%,952500,3809.999999937553,-3528627.9050921854,575511.7089772257,311.1711198924445,272,1:25:49
19.1%,955000,3819.9999999373167,-3531722.5162060484,574939.1079812648,310.86152255430983,272,1:25:46
19.1%,957500,3829.9999999370802,-3527820.2804243434,574115.3031962705,310.41610284603837,272,1:25:42
19.2%,960000,3839.999999936844,-3525293.2589630894,574936.2324089967,310.8599677726624,272,1:25:39
19.2%,962500,3849.9999999366073,-3530457.828480821,575194.7871632252,310.9997647067157,272,1:25:36
19.3%,965000,3859.999999936371,-3526107.7239945065,576932.3052533957,311.93921640077866,272,1:25:33
19.4%,967500,3869.9999999361344,-3528166.0134119466,576644.1420067563,311.78341056960284,272,1:25:30
19.4%,970000,3879.999999935898,-3527503.1284100767,576401.5627225069,311.65225134839994,272,1:25:27
19.4%,972500,3889.9999999356614,-3527565.708315855,576743.6962010711,311.8372381280203,272,1:25:23
19.5%,975000,3899.999999935425,-3526250.8930793665,575842.4436948873,311.34994352170645,272,1:25:20
19.6%,977500,3909.9999999351885,-3527407.781243792,574886.1027697982,310.8328633789101,272,1:25:17
19.6%,980000,3919.999999934952,-3528056.759400768,576595.1988034066,311.7569476650956,272,1:25:14
19.6%,982500,3929.9999999347156,-3529049.5395896416,575912.1926101649,311.387655783229,272,1:25:10
19.7%,985000,3939.999999934479,-3530383.229351679,573529.3576476321,310.0992902951872,272,1:25:07
19.8%,987500,3949.9999999342426,-3527117.00636233,574991.6031536458,310.8899059587201,272,1:25:04
19.8%,990000,3959.999999934006,-3529789.2770051826,576419.9003959638,311.6621662715836,272,1:25:01
19.9%,992500,3969.9999999337697,-3528285.815847233,572729.4693109728,309.66680187553453,272,1:24:58
19.9%,995000,3979.999999933533,-3528837.507634215,572716.1963252635,309.65962535807523,272,1:24:55
19.9%,997500,3989.9999999332967,-3530687.7102851085,573838.7209745601,310.266558712827,272,1:24:51
20.0%,1000000,3999.9999999330603,-3525655.90018774,576598.5682958908,311.7587695024856,272,1:24:48
20.1%,1002500,4009.999999932824,-3528376.9012359586,574318.4655179476,310.525949867689,272,1:24:46
20.1%,1005000,4019.9999999325873,-3526517.2282413114,575909.2565373098,311.3860682897616,272,1:24:43
20.1%,1007500,4029.999999932351,-3525968.5297143254,575281.935088921,311.0468843694646,272,1:24:39
20.2%,1010000,4039.9999999321144,-3529586.2338900883,575900.4884137128,311.3813274881472,272,1:24:36
20.2%,1012500,4049.999999931878,-3527108.423985267,577095.5881974781,312.02750120155144,272,1:24:33
20.3%,1015000,4059.9999999316415,-3524919.350056393,576223.1327677061,311.5557767710948,272,1:24:30
20.4%,1017500,4069.999999931405,-3529244.9760402143,578092.8345448178,312.56669833319944,272,1:24:26
20.4%,1020000,4079.9999999311685,-3528668.8288474977,575107.1372433765,310.9523736227597,272,1:24:23
20.4%,1022500,4089.999999930932,-3527030.2286871485,574390.1879124325,310.56472916177654,272,1:24:20
20.5%,1025000,4099.999999930696,-3529251.323666759,574895.6442722228,310.83802233562386,272,1:24:17
20.6%,1027500,4109.999999930459,-3527385.961446993,574048.7064071468,310.3800948949756,272,1:24:14
20.6%,1030000,4119.999999930223,-3526902.658999596,575172.9167213754,310.9879396651453,272,1:24:10
20.6%,1032500,4129.999999929986,-3524780.8595612347,572623.2515212914,309.6093714044388,272,1:24:07
20.7%,1035000,4139.99999992975,-3529875.7213819586,576336.7991808765,311.6172346085787,272,1:24:04
20.8%,1037500,4149.999999929513,-3527631.578238353,574907.7525199798,310.84456909558673,272,1:24:01
20.8%,1040000,4159.999999929277,-3529462.3017113507,573922.6723411585,310.311950040846,272,1:23:57
20.9%,1042500,4169.99999992904,-3528262.7360557336,575739.0487477238,311.2940393220208,272,1:23:54
20.9%,1045000,4179.999999928804,-3529361.5034468863,575344.3341301039,311.0806226570133,272,1:23:51
20.9%,1047500,4189.999999928567,-3528028.522703903,574609.0697575626,310.68307550957593,272,1:23:48
21.0%,1050000,4199.999999928331,-3530005.1061884724,574523.2623640562,310.63668065380506,272,1:23:45
21.1%,1052500,4209.999999928094,-3528180.0331402905,574410.1572460358,310.57552630074673,272,1:23:42
21.1%,1055000,4219.999999927858,-3529123.2618557215,576305.393215737,311.6002538431289,272,1:23:39
21.1%,1057500,4229.9999999276215,-3529761.4607460126,576523.3954639165,311.71812460517754,272,1:23:36
21.2%,1060000,4239.999999927385,-3529203.8983940985,577342.0699804936,312.1607704491752,272,1:23:32
21.2%,1062500,4249.999999927149,-3529234.0105774067,577264.5253845617,312.1188431723164,272,1:23:29
21.3%,1065000,4259.999999926912,-3530436.8691676985,576164.4066767865,311.5240243963068,272,1:23:26
21.4%,1067500,4269.999999926676,-3528735.3136309367,573934.6289380391,310.3184148053041,272,1:23:23
21.4%,1070000,4279.999999926439,-3528337.981850207,573422.6341445518,310.0415863919402,272,1:23:20
21.4%,1072500,4289.999999926203,-3526679.42217773,575748.8302374333,311.29932803649814,272,1:23:16
21.5%,1075000,4299.999999925966,-3527883.232198663,576017.3583968331,311.4445174510307,272,1:23:13
21.6%,1077500,4309.99999992573,-3527935.8937405106,576679.2806796482,311.8024095578506,272,1:23:10
21.6%,1080000,4319.999999925493,-3526806.8557629213,575049.8105550911,310.9213778853746,272,1:23:07
21.6%,1082500,4329.999999925257,-3526664.9246279914,577607.130547802,312.3040849852343,272,1:23:04
21.7%,1085000,4339.99999992502,-3526417.634826854,574897.7064751734,310.8391373398741,272,1:23:00
21.8%,1087500,4349.999999924784,-3526763.2577893026,575484.0178738866,311.15614770073637,272,1:22:57
21.8%,1090000,4359.999999924547,-3526432.8512367494,575228.796704907,311.0181531895338,272,1:22:54
21.9%,1092500,4369.999999924311,-3529713.2578450814,573637.6217957429,310.15782720362245,272,1:22:51
21.9%,1095000,4379.9999999240745,-3528806.5068226736,576609.0361610791,311.76442933057024,272,1:22:47
21.9%,1097500,4389.999999923838,-3529613.1212757044,575589.7911878207,311.2133378500213,272,1:22:44
22.0%,1100000,4399.9999999236015,-3524016.682367103,573512.6011636188,310.0902302989881,272,1:22:41
22.1%,1102500,4409.999999923365,-3526524.0332503524,574259.5667921338,310.49410415163175,272,1:22:38
22.1%,1105000,4419.999999923129,-3526255.3352934998,575662.4344174098,311.2526150267515,272,1:22:35
22.1%,1107500,4429.999999922892,-3529086.5000089053,574081.687111859,310.39792710005514,272,1:22:32
22.2%,1110000,4439.999999922656,-3531808.5098098107,575273.5737507396,311.0423635110266,272,1:22:28
22.2%,1112500,4449.999999922419,-3531256.88908731,574961.4410234827,310.87359771741967,272,1:22:25
22.3%,1115000,4459.999999922183,-3527301.4378230926,575637.806309296,311.23929895365853,272,1:22:22
22.4%,1117500,4469.999999921946,-3528881.668274682,576298.399945694,311.59647267997093,272,1:22:19
22.4%,1120000,4479.99999992171,-3529928.298415445,575976.9857197632,311.42268851003627,272,1:22:16
22.4%,1122500,4489.999999921473,-3526637.505366843,574057.1580550941,310.3846645826391,272,1:22:13
22.5%,1125000,4499.999999921237,-3530317.329557698,574533.0525139087,310.64197405070036,272,1:22:09
22.6%,1127500,4509.999999921,-3528900.901720958,575813.09000033,311.33407239021443,272,1:22:06
22.6%,1130000,4519.999999920764,-3529096.494423626,574334.65785176,310.5347048357765,272,1:22:03
22.6%,1132500,4529.999999920527,-3526294.987635549,573058.3145431982,309.844603886487,272,1:22:00
22.7%,1135000,4539.999999920291,-3526949.9533035606,574362.850765076,310.5499483491103,272,1:21:57
22.8%,1137500,4549.9999999200545,-3528454.182864705,575977.0324601782,311.422713781924,272,1:21:53
22.8%,1140000,4559.999999919818,-3530148.0366992615,575623.3835487366,311.23150076904267,272,1:21:50
22.9%,1142500,4569.999999919582,-3526543.5966447573,577702.6533485949,312.35573282564195,272,1:21:47
22.9%,1145000,4579.999999919345,-3527363.4094587956,575493.1065036901,311.1610617955673,272,1:21:44
22.9%,1147500,4589.999999919109,-3533062.378426103,576325.9999501534,311.61139561579074,272,1:21:41
23.0%,1150000,4599.999999918872,-3522258.044182075,576207.3394303567,311.5472375348062,272,1:21:38
23.1%,1152500,4609.999999918636,-3526115.6788014006,575641.786657532,311.24145107219726,272,1:21:35
23.1%,1155000,4619.999999918399,-3527769.598810252,575502.396233793,311.1660846225133,272,1:21:32
23.1%,1157500,4629.999999918163,-3525463.1789741777,575282.339579328,311.04710307176197,272,1:21:28
23.2%,1160000,4639.999999917926,-3529210.891014194,574478.8977022998,310.61269330260603,272,1:21:25
23.2%,1162500,4649.99999991769,-3528951.265128581,576211.2167821338,311.5493339646023,272,1:21:22
23.3%,1165000,4659.999999917453,-3525922.973955592,574078.0061899276,310.3959368771252,272,1:21:19
23.4%,1167500,4669.999999917217,-3527781.085606657,573929.4408205115,310.31560966282655,272,1:21:15
23.4%,1170000,4679.99999991698,-3531639.0141405854,574413.1036252831,310.5771193667361,272,1:21:12
23.4%,1172500,4689.999999916744,-3528060.27265558,575388.7666728098,311.10464671049095,272,1:21:09
23.5%,1175000,4699.9999999165075,-3527678.2643440086,574597.3323851379,310.6767292767105,272,1:21:06
23.6%,1177500,4709.999999916271,-3529026.786049951,573911.8644551673,310.30610636827583,272,1:21:03
23.6%,1180000,4719.9999999160345,-3530784.046653064,575001.5880740918,310.89530466534717,272,1:21:00
23.6%,1182500,4729.999999915798,-3526947.293933863,575736.034532727,311.29240957819195,272,1:20:56
23.7%,1185000,4739.999999915562,-3523383.916659666,574297.8162486271,310.51478509700024,272,1:20:53
23.8%,1187500,4749.999999915325,-3527109.0981543064,576393.9855928796,311.6481545005428,272,1:20:50
23.8%,1190000,4759.999999915089,-3525284.3199830037,575185.0920715386,310.99452270643917,272,1:20:47
23.9%,1192500,4769.999999914852,-3528736.2870631535,575569.8382080307,311.2025495533287,272,1:20:44
23.9%,1195000,4779.999999914616,-3526170.9286342096,576330.6606106805,311.6139155696562,272,1:20:40
23.9%,1197500,4789.999999914379,-3525104.3069211375,576149.8299596176,311.51614296950856,272,1:20:37
24.0%,1200000,4799.999999914143,-3527473.1728279702,577637.8567810077,312.3206982291485,272,1:20:34
24.1%,1202500,4809.999999913906,-3527131.2577874307,574048.8491716791,310.38017208575866,272,1:20:31
24.1%,1205000,4819.99999991367,-3531441.716287084,577667.8932200449,312.33693851101765,272,1:20:28
24.1%,1207500,4829.999999913433,-3525968.3182506394,577840.979574998,312.4305238787325,272,1:20:24
24.2%,1210000,4839.999999913197,-3528495.045187887,576206.5099904401,311.54678906826115,272,1:20:21
24.2%,1212500,4849.99999991296,-3528502.9960808754,576223.301202944,311.5558678416687,272,1:20:18
24.3%,1215000,4859.999999912724,-3527324.376751106,575147.992528105,310.9744635029553,272,1:20:15
24.4%,1217500,4869.9999999124875,-3528089.8514763676,576146.6826186015,311.5144412463058,272,1:20:12
24.4%,1220000,4879.999999912251,-3528358.7385335676,575021.961868447,310.90632049058075,272,1:20:08
24.4%,1222500,4889.999999912015,-3530032.1301399507,573706.4790444496,310.1950573535196,272,1:20:05
24.5%,1225000,4899.999999911778,-3526239.1642145906,575517.626237146,311.17431927200073,272,1:20:02
24.6%,1227500,4909.999999911542,-3524899.826401327,575082.7313840914,310.93917771649535,272,1:19:59
24.6%,1230000,4919.999999911305,-3527084.428219866,575394.1334025874,311.1075484261102,272,1:19:56
24.6%,1232500,4929.999999911069,-3526391.820700811,575258.1786997083,311.03403962257136,272,1:19:53
24.7%,1235000,4939.999999910832,-3526999.2625091746,573617.537445342,310.1469678766808,272,1:19:50
24.8%,1237500,4949.999999910596,-3528491.043301061,573271.6926932088,309.95997446342517,272,1:19:47
24.8%,1240000,4959.999999910359,-3524864.6189997643,576167.3274081111,311.5256035948235,272,1:19:44
24.9%,1242500,4969.999999910123,-3524150.0878455956,577819.6607023131,312.41899706288365,272,1:19:40
24.9%,1245000,4979.999999909886,-3525127.502225077,576970.2543779581,311.9597349608789,272,1:19:37
24.9%,1247500,4989.99999990965,-3526987.5583641026,576985.3973837304,311.967922571993,272,1:19:34
25.0%,1250000,4999.999999909413,-3532193.4911143314,576129.6332368774,311.50522288441704,272,1:19:31
25.1%,1252500,5009.999999909177,-3527027.3843625616,574955.0971262169,310.8701676610266,272,1:19:28
25.1%,1255000,5019.9999999089405,-3530760.854853401,575130.7889348916,310.96516176107434,272,1:19:25
25.1%,1257500,5029.999999908704,-3527721.6819362473,574598.5816983066,310.6774047628417,272,1:19:22
25.2%,1260000,5039.9999999084675,-3529782.956953982,574124.5606496186,310.42110822139523,272,1:19:19
25.2%,1262500,5049.999999908231,-3524850.732137207,575901.9854666165,311.38213692368305,272,1:19:16
25.3%,1265000,5059.999999907995,-3527495.2151004933,573466.0021279701,310.0650348531222,272,1:19:12
25.4%,1267500,5069.999999907758,-3528889.4691465423,573904.4496606418,310.30209729273446,272,1:19:09
25.4%,1270000,5079.999999907522,-3527275.5057340804,574905.2180335647,310.84319873428245,272,1:19:06
25.4%,1272500,5089.999999907285,-3530001.883086089,574441.8687725205,310.59267227893594,272,1:19:03
25.5%,1275000,5099.999999907049,-3529804.094692908,575611.101321785,311.2248599409662,272,1:19:00
25.6%,1277500,5109.999999906812,-3527223.4687451366,576374.1616149098,311.63743595332755,272,1:18:57
25.6%,1280000,5119.999999906576,-3530544.937270539,575389.2511351258,311.1049086524793,272,1:18:53
25.6%,1282500,5129.999999906339,-3526729.4795284253,575880.4648540916,311.37050102992856,272,1:18:50
25.7%,1285000,5139.999999906103,-3530101.2200842947,574056.0810946354,310.38408228520404,272,1:18:47
25.8%,1287500,5149.999999905866,-3528128.1520124916,576572.343606787,311.7445901804145,272,1:18:44
25.8%,1290000,5159.99999990563,-3527095.978777781,575424.8046904942,311.1241319618709,272,1:18:41
25.9%,1292500,5169.999999905393,-3527482.931018481,575826.9666493272,311.341575299958,272,1:18:37
25.9%,1295000,5179.999999905157,-3533529.4224218484,575280.2735357657,311.0459859909468,272,1:18:34
25.9%,1297500,5189.9999999049205,-3524886.493880436,574262.6446747829,310.4957683196684,272,1:18:31
26.0%,1300000,5199.999999904684,-3529335.217215577,575056.863904614,310.9251915326659,272,1:18:28
26.1%,1302500,5209.999999904448,-3529576.935648408,575643.5957657348,311.2424292316625,272,1:18:25
26.1%,1305000,5219.999999904211,-3528936.276810568,575732.5986928502,311.2905518676961,272,1:18:22
26.1%,1307500,5229.999999903975,-3530531.679188259,576519.883079296,311.716225508011,272,1:18:18
26.2%,1310000,5239.999999903738,-3529845.0189894773,577673.9111296933,312.34019231047205,272,1:18:15
26.2%,1312500,5249.999999903502,-3527852.757535031,576741.7912803027,311.83620816404294,272,1:18:12
26.3%,1315000,5259.999999903265,-3527426.863398822,574736.9131710096,310.7521986525332,272,1:18:09
26.4%,1317500,5269.999999903029,-3526506.3790241294,574681.3676213414,310.7221659518501,272,1:18:06
26.4%,1320000,5279.999999902792,-3530582.949872179,573980.4541170439,310.343191837722,272,1:18:03
26.4%,1322500,5289.999999902556,-3525956.4827337693,574552.9300650953,310.65272156420355,272,1:17:59
26.5%,1325000,5299.999999902319,-3528769.4521413334,573326.056516583,309.9893682212534,272,1:17:56
26.6%,1327500,5309.999999902083,-3529698.514623359,574834.3472776008,310.8048799092144,272,1:17:53
26.6%,1330000,5319.999999901846,-3527418.2220073473,574871.4179111454,310.82492348152624,272,1:17:50
26.6%,1332500,5329.99999990161,-3526411.1654184684,574760.8332089914,310.76513188202364,272,1:17:47
26.7%,1335000,5339.9999999013735,-3527017.0641922615,575233.3526613836,311.0206165313857,272,1:17:44
26.8%,1337500,5349.999999901137,-3531468.757697398,576515.2574909264,311.71372451716985,272,1:17:40
26.8%,1340000,5359.999999900901,-3529341.2285387293,575237.3829482684,311.02279565105243,272,1:17:37
26.9%,1342500,5369.999999900664,-3530863.361888796,574529.6996115716,310.6401611833706,272,1:17:34
26.9%,1345000,5379.999999900428,-3527547.684738051,575372.3429068299,311.0957666102721,272,1:17:31
26.9%,1347500,5389.999999900191,-3526813.7862994913,575766.6978327788,311.30898879503127,272,1:17:28
27.0%,1350000,5399.999999899955,-3527601.911809521,575148.8990141968,310.97495362728813,272,1:17:24
27.1%,1352500,5409.999999899718,-3527900.7306886893,576512.0018404574,311.71196423256293,272,1:17:21
27.1%,1355000,5419.999999899482,-3527817.691480696,576569.9739834574,311.74330895827137,272,1:17:18
27.1%,1357500,5429.999999899245,-3528530.8980223406,576041.6012781581,311.4576252373949,272,1:17:15
27.2%,1360000,5439.999999899009,-3525064.3705318477,576217.3343220749,311.55264163276047,272,1:17:11
27.2%,1362500,5449.999999898772,-3527939.98915625,574951.483995751,310.86821409199257,272,1:17:08
27.3%,1365000,5459.999999898536,-3531655.7251842227,575954.9200515447,311.41075791230276,272,1:17:05
27.4%,1367500,5469.999999898299,-3528267.4975125194,576436.2950467521,311.67103062962616,272,1:17:02
27.4%,1370000,5479.999999898063,-3525484.2210548054,575263.7822327892,311.03706937441996,272,1:16:59
27.4%,1372500,5489.9999998978265,-3529569.6376788933,574466.9513583763,310.6062340817782,272,1:16:55
27.5%,1375000,5499.99999989759,-3533157.243516311,577271.5008259986,312.1226146957968,272,1:16:52
27.6%,1377500,5509.9999998973535,-3525291.3840663005,577159.0292139527,312.0618028705455,272,1:16:49
27.6%,1380000,5519.999999897117,-3527712.8182676304,575560.9446880294,311.19774095163496,272,1:16:46
27.6%,1382500,5529.999999896881,-3526862.710594861,574484.2895524206,310.6156086004431,272,1:16:43
27.7%,1385000,5539.999999896644,-3528726.6672623195,576018.8378987347,311.44531739698573,272,1:16:40
27.8%,1387500,5549.999999896408,-3528858.974146785,574524.621518014,310.63741552931253,272,1:16:37
27.8%,1390000,5559.999999896171,-3528614.3738954104,573691.710673209,310.18707230204933,272,1:16:33
27.9%,1392500,5569.999999895935,-3527129.887014415,577409.2123678477,312.1970733975589,272,1:16:30
27.9%,1395000,5579.999999895698,-3526692.357592933,574646.1637082864,310.70313168916,272,1:16:27
27.9%,1397500,5589.999999895462,-3528725.528277861,575259.5613750704,311.0347872157726,272,1:16:24
28.0%,1400000,5599.999999895225,-3527050.0644641183,575097.2045064558,310.9470031310338,272,1:16:21
28.1%,1402500,5609.999999894989,-3528819.902497342,577562.4562407136,312.2799302131414,272,1:16:17
28.1%,1405000,5619.999999894752,-3524845.203426687,576939.844937647,311.94329300244556,272,1:16:14
28.1%,1407500,5629.999999894516,-3525289.829252893,575630.1645317907,311.2351671515992,272,1:16:11
28.2%,1410000,5639.999999894279,-3526234.703853244,573926.4819636955,310.3140098503907,272,1:16:08
28.2%,1412500,5649.999999894043,-3527285.135804292,575793.4403729978,311.32344811194685,272,1:16:05
28.3%,1415000,5659.9999998938065,-3526270.574854471,576713.1372688026,311.8207153413796,272,1:16:02
28.4%,1417500,5669.99999989357,-3528772.0584094804,575344.0272007296,311.0804567045997,272,1:15:58
28.4%,1420000,5679.999999893334,-3527916.5828253143,574272.5438965107,310.50112069019895,272,1:15:55
28.4%,1422500,5689.999999893097,-3528144.293898158,573515.8682628053,310.09199677375614,272,1:15:52
28.5%,1425000,5699.999999892861,-3527593.86077909,576653.806991758,311.7886362916165,272,1:15:49
28.6%,1427500,5709.999999892624,-3528927.772847187,576666.2250473527,311.79535056033774,272,1:15:46
28.6%,1430000,5719.999999892388,-3529504.831341872,574724.7427335343,310.7456182674607,272,1:15:43
28.6%,1432500,5729.999999892151,-3530523.9160734043,575625.6582675163,311.232730677625,272,1:15:40
28.7%,1435000,5739.999999891915,-3525488.520800734,574931.3305596728,310.8573174113928,272,1:15:36
28.8%,1437500,5749.999999891678,-3527035.0404057167,575305.7405229856,311.0597556342223,272,1:15:33
28.8%,1440000,5759.999999891442,-3528150.042635331,578598.2267356182,312.83995681177277,272,1:15:30
28.9%,1442500,5769.999999891205,-3529381.5915116128,574178.207581983,310.45011436629585,272,1:15:27
28.9%,1445000,5779.999999890969,-3524683.958780151,572069.3641940824,309.30989228487726,272,1:15:24
28.9%,1447500,5789.999999890732,-3529161.068353489,577121.5611570363,312.0415444169832,272,1:15:21
29.0%,1450000,5799.999999890496,-3524849.7024610266,576088.3959375627,311.4829264542855,272,1:15:18
29.1%,1452500,5809.9999998902595,-3527636.2147724386,575985.6656354214,311.4273816188537,272,1:15:14
29.1%,1455000,5819.999999890023,-3532620.0922476538,576399.6159793318,311.65119877163306,272,1:15:11
29.1%,1457500,5829.9999998897865,-3531145.2027927563,574947.0045003538,310.86579209157526,272,1:15:08
29.2%,1460000,5839.99999988955,-3528388.9019321892,574475.3825810559,310.61079272578553,272,1:15:05
29.2%,1462500,5849.999999889314,-3528661.611582715,575427.7878029306,311.12574488898105,272,1:15:02
29.3%,1465000,5859.999999889077,-3526104.9904982112,574651.77433899,310.7061652785937,272,1:14:59
29.4%,1467500,5869.999999888841,-3527262.6398260724,576145.231474395,311.51365663295945,272,1:14:55
29.4%,1470000,5879.999999888604,-3529178.59481583,576086.9010807979,311.4821182061711,272,1:14:52
29.4%,1472500,5889.999999888368,-3528203.892853435,575326.3935335869,311.0709224277692,272,1:14:49
29.5%,1475000,5899.999999888131,-3528538.56780532,578191.4825963425,312.6200359529025,272,1:14:46
29.6%,1477500,5909.999999887895,-3526959.943144176,577441.168935682,312.2143518661735,272,1:14:43
29.6%,1480000,5919.999999887658,-3528912.982432736,575541.4842289031,311.18721895396664,272,1:14:40
29.6%,1482500,5929.999999887422,-3533814.8834263366,575367.983748302,311.0934096743145,272,1:14:37
29.7%,1485000,5939.999999887185,-3530946.857659053,575107.955012927,310.95281577930115,272,1:14:33
29.8%,1487500,5949.999999886949,-3527585.0737869833,576874.5536176696,311.9079909002646,272,1:14:30
29.8%,1490000,5959.999999886712,-3525139.8567355983,575515.213437783,311.17301470518106,272,1:14:27
29.9%,1492500,5969.999999886476,-3527993.631338563,575230.4884117015,311.01906787170196,272,1:14:24
29.9%,1495000,5979.9999998862395,-3530025.0480982605,575402.5549883898,311.1121018595931,272,1:14:21
29.9%,1497500,5989.999999886003,-3531757.5036036633,575549.8462790956,311.19174019737903,272,1:14:18
30.0%,1500000,5999.999999885767,-3527420.6860435307,576240.9726792332,311.56542256137516,272,1:14:14
30.1%,1502500,6009.99999988553,-3530811.783527145,578028.2243783703,312.5317645211913,272,1:14:11
30.1%,1505000,6019.999999885294,-3524674.950366402,576865.1537666547,311.9029085324839,272,1:14:08
30.1%,1507500,6029.999999885057,-3527893.0220055673,574181.3500246136,310.45181344101024,272,1:14:05
30.2%,1510000,6039.999999884821,-3531746.292001944,574151.1308848936,310.435474375441,272,1:14:02
30.2%,1512500,6049.999999884584,-3530806.6071721986,576667.1274032108,311.795838451511,272,1:13:59
30.3%,1515000,6059.999999884348,-3526975.266074335,576289.5083873556,311.59166513892075,271,1:13:56
30.4%,1517500,6069.999999884111,-3529341.5181771275,575558.0080863782,311.1961531722549,271,1:13:52
30.4%,1520000,6079.999999883875,-3526589.4043592047,576358.3006865063,311.6288601715027,271,1:13:49
30.4%,1522500,6089.999999883638,-3531325.667170029,574944.0159066123,310.8641762008002,271,1:13:46
30.5%,1525000,6099.999999883402,-3531272.0777847134,574227.8940851567,310.4769791626066,271,1:13:43
30.6%,1527500,6109.999999883165,-3528126.0779979825,576033.8384959353,311.45342800977977,271,1:13:40
30.6%,1530000,6119.999999882929,-3530125.545870226,575622.1257120003,311.2308206743378,271,1:13:37
30.6%,1532500,6129.9999998826925,-3529020.9398733843,574485.2605514735,310.6161336060303,271,1:13:33
30.7%,1535000,6139.999999882456,-3527051.42800352,574425.7102357238,310.58393558442145,271,1:13:30
30.8%,1537500,6149.9999998822195,-3524287.9445506446,575660.4234279591,311.2515277129233,271,1:13:27
30.8%,1540000,6159.999999881983,-3530001.5021211915,575071.4426228746,310.9330740414263,271,1:13:24
30.9%,1542500,6169.999999881747,-3527522.8023062926,574807.4037895751,310.7903119426344,271,1:13:21
30.9%,1545000,6179.99999988151,-3524678.6123977434,574634.0766514165,310.696596386813,271,1:13:18
30.9%,1547500,6189.999999881274,-3530121.619753761,576323.5345127643,311.6100625883277,271,1:13:14
31.0%,1550000,6199.999999881037,-3528725.413240766,573284.5962237278,309.966951221638,271,1:13:11
31.1%,1552500,6209.999999880801,-3528213.8464193717,576368.668490673,311.63446589799446,271,1:13:08
31.1%,1555000,6219.999999880564,-3529444.006160777,574586.2130324078,310.6707171984373,271,1:13:05
31.1%,1557500,6229.999999880328,-3528934.770618124,575011.3350284747,310.90057470705705,271,1:13:02
31.2%,1560000,6239.999999880091,-3530332.087097874,576908.9723157717,311.92660060822817,272,1:12:58
31.2%,1562500,6249.999999879855,-3529597.456605017,576681.6099480061,311.8036689606258,272,1:12:55
31.3%,1565000,6259.999999879618,-3528910.788255768,574158.6820568165,310.439557188331,271,1:12:52
31.4%,1567500,6269.999999879382,-3530716.991400104,576875.620506369,311.90856775204054,272,1:12:49
31.4%,1570000,6279.999999879145,-3527318.749576457,575282.5257217274,311.0472037163501,272,1:12:46
31.4%,1572500,6289.999999878909,-3529391.6309209224,576118.1432063513,311.4990103858516,272,1:12:42
31.5%,1575000,6299.9999998786725,-3528953.6667335145,571631.3295735318,309.0730531010652,272,1:12:39
31.6%,1577500,6309.999999878436,-3527930.153243566,576795.3330138865,311.8651574294364,272,1:12:36
31.6%,1580000,6319.9999998782,-3525546.0741251744,574404.7735080838,310.5726153890457,272,1:12:33
31.6%,1582500,6329.999999877963,-3525537.941743437,574730.6710373452,310.7488236182939,272,1:12:30
31.7%,1585000,6339.999999877727,-3527184.650995735,576587.7386998965,311.7529140916209,272,1:12:26
31.8%,1587500,6349.99999987749,-3528769.898760153,575325.8937888953,311.0706522228144,272,1:12:23
31.8%,1590000,6359.999999877254,-3525556.4713989627,574749.3250208693,310.75890956590035,272,1:12:20
31.9%,1592500,6369.999999877017,-3528364.6057814807,576692.9997211422,311.80982725142474,272,1:12:17
31.9%,1595000,6379.999999876781,-3526596.752108816,575222.3887814028,311.0146885150504,271,1:12:14
31.9%,1597500,6389.999999876544,-3525784.043505121,573855.8071755769,310.2757969823917,271,1:12:11
32.0%,1600000,6399.999999876308,-3529201.384171404,573285.7429560153,309.96757124372357,271,1:12:07
32.0%,1602500,6409.999999876071,-3527710.0171089973,573716.7308168558,310.2006003432638,271,1:12:04
32.1%,1605000,6419.999999875835,-3529006.1259138826,574308.554751388,310.5205912550296,271,1:12:01
32.1%,1607500,6429.999999875598,-3527377.461850023,576370.696640341,311.6355624901118,271,1:11:58
32.2%,1610000,6439.999999875362,-3526392.8837454375,575942.5933363973,311.40409303008204,271,1:11:55
32.2%,1612500,6449.9999998751255,-3527885.724341696,577254.5229754809,312.1134350098294,271,1:11:52
32.3%,1615000,6459.999999874889,-3528729.665193917,577019.2478365926,311.9862250377147,271,1:11:49
32.4%,1617500,6469.9999998746525,-3527344.16695969,572942.3741080107,309.78191651715053,271,1:11:45
32.4%,1620000,6479.999999874416,-3531227.408717895,576908.4826051471,311.9263358285528,271,1:11:42
32.5%,1622500,6489.99999987418,-3524473.0165885985,576803.7374321825,311.869701580689,271,1:11:39
32.5%,1625000,6499.999999873943,-3528885.462656079,575108.115566488,310.9529025883628,271,1:11:36
32.5%,1627500,6509.999999873707,-3531776.7583260965,574125.2513418696,310.42148166902086,271,1:11:33
32.6%,1630000,6519.99999987347,-3526327.548387021,574314.2194844999,310.5236540968777,271,1:11:30
32.6%,1632500,6529.999999873234,-3527183.020966366,574055.9218961389,310.3839962088069,271,1:11:27
32.7%,1635000,6539.999999872997,-3529336.8242513817,574985.7022296974,310.88671541179497,271,1:11:23
32.8%,1637500,6549.999999872761,-3529940.3871283475,575465.150997388,311.1459466448805,271,1:11:20
32.8%,1640000,6559.999999872524,-3526514.4245194737,576346.3071471057,311.6223754327414,271,1:11:17
32.9%,1642500,6569.999999872288,-3527057.5468958654,575385.4547337714,311.10285599144294,271,1:11:14
32.9%,1645000,6579.999999872051,-3527283.863290079,574689.4441631099,310.7265328248568,271,1:11:11
33.0%,1647500,6589.999999871815,-3530595.666564392,574226.2191181501,310.4760735314072,271,1:11:08
33.0%,1650000,6599.999999871578,-3527391.927688068,574336.5073050386,310.5357048092591,271,1:11:04
33.0%,1652500,6609.999999871342,-3527313.1682354584,574455.3633396155,310.5999686023468,271,1:11:01
33.1%,1655000,6619.9999998711055,-3525601.21352992,575340.903782084,311.07876791588757,271,1:10:58
33.1%,1657500,6629.999999870869,-3526520.699046623,575070.4915289986,310.9325597982895,271,1:10:55
33.2%,1660000,6639.999999870633,-3530311.9706862736,574635.7428928333,310.6974973002081,271,1:10:52
33.2%,1662500,6649.999999870396,-3529265.1589337066,576640.626451413,311.78150975807085,271,1:10:48
33.3%,1665000,6659.99999987016,-3527116.505158752,575321.6432274464,311.0683540037762,271,1:10:45
33.4%,1667500,6669.999999869923,-3529947.10620128,575057.7062036437,310.92564695195324,271,1:10:42
33.4%,1670000,6679.999999869687,-3526915.4433822967,574924.2840918243,310.8535074849265,271,1:10:39
33.5%,1672500,6689.99999986945,-3530211.0658820383,575056.9224058152,310.92522316344593,271,1:10:36
33.5%,1675000,6699.999999869214,-3527646.031287268,575165.8320379165,310.9841090760337,271,1:10:33
33.5%,1677500,6709.999999868977,-3527751.7008597665,574841.2766058145,310.80862649992093,271,1:10:30
33.6%,1680000,6719.999999868741,-3528094.524188511,573669.2876678067,310.17494849710573,271,1:10:26
33.6%,1682500,6729.999999868504,-3526183.9350166265,575952.2105091955,311.40929290070693,271,1:10:23
33.7%,1685000,6739.999999868268,-3527391.0330350157,574747.5866222198,310.75796963810023,271,1:10:20
33.8%,1687500,6749.999999868031,-3528719.2781137247,574729.4735042916,310.7481761289456,271,1:10:17
33.8%,1690000,6759.999999867795,-3530953.7485747226,574733.0683614099,310.75011981783655,271,1:10:14
33.9%,1692500,6769.9999998675585,-3526818.200601049,574333.2784726734,310.5339590248252,271,1:10:10
33.9%,1695000,6779.999999867322,-3526901.4189814385,575702.388663877,311.27421772818,271,1:10:07
34.0%,1697500,6789.9999998670855,-3529474.5846189875,575754.5259001169,311.30240760153237,271,1:10:04
34.0%,1700000,6799.999999866849,-3528460.644954115,574187.1192348883,310.45493277219686,271,1:10:01
34.0%,1702500,6809.999999866613,-3527983.595177889,574419.115261591,310.5803697742832,271,1:09:58
34.1%,1705000,6819.999999866376,-3526722.776037352,576263.3566734601,311.5775252735226,271,1:09:54
34.1%,1707500,6829.99999986614,-3529016.5599798746,575438.4978300118,311.13153565060924,271,1:09:51
34.2%,1710000,6839.999999865903,-3528542.2601500507,576185.6045295189,311.5354857783624,271,1:09:48
34.2%,1712500,6849.999999865667,-3526694.8307253346,574613.6843939701,310.68557057884453,271,1:09:45
34.3%,1715000,6859.99999986543,-3526184.6474817656,576931.214364914,311.9386265726566,271,1:09:42
34.4%,1717500,6869.999999865194,-3524385.8171068374,576948.6815204102,311.94807081897227,271,1:09:39
34.4%,1720000,6879.999999864957,-3528294.8068728745,576678.0372384421,311.8017372466073,271,1:09:36
34.5%,1722500,6889.999999864721,-3529900.918369962,575013.0424150323,310.90149786705354,271,1:09:32
34.5%,1725000,6899.999999864484,-3527340.816196304,575416.6024964673,311.11969715044813,271,1:09:29
34.5%,1727500,6909.999999864248,-3525026.0585414823,572110.1453629609,309.3319420916709,271,1:09:26
34.6%,1730000,6919.999999864011,-3529134.803560123,576829.6613188562,311.88371826309947,271,1:09:23
34.6%,1732500,6929.999999863775,-3525413.5033659227,574467.1551766341,310.6063442834553,271,1:09:19
34.7%,1735000,6939.9999998635385,-3526942.8037055153,575409.5373379306,311.1158771181885,271,1:09:16
34.8%,1737500,6949.999999863302,-3528077.114897378,575038.4295598681,310.9152243406703,271,1:09:13
34.8%,1740000,6959.999999863066,-3523375.8155302536,573933.1181432995,310.31759793975,271,1:09:10
34.9%,1742500,6969.999999862829,-3526314.916682033,577144.7429829404,312.0540785055433,271,1:09:07
34.9%,1745000,6979.999999862593,-3523826.757235404,574975.2699478735,310.88107482313706,271,1:09:03
35.0%,1747500,6989.999999862356,-3527267.9441595655,575326.8170062948,311.07115139353084,271,1:09:00
35.0%,1750000,6999.99999986212,-3527268.35950361,575514.8533682813,311.17282002064496,271,1:08:57
35.0%,1752500,7009.999999861883,-3527436.394704031,574361.0035201446,310.5489495696502,271,1:08:54
35.1%,1755000,7019.999999861647,-3527946.28271015,576179.9389398734,311.5324224733986,271,1:08:51
35.1%,1757500,7029.99999986141,-3526403.850475598,575435.2006331526,311.1297529024511,271,1:08:48
35.2%,1760000,7039.999999861174,-3527807.034681104,574151.8451417859,310.4358605641381,271,1:08:45
35.2%,1762500,7049.999999860937,-3529168.1576402504,576714.4659741796,311.8214337537658,271,1:08:42
35.3%,1765000,7059.999999860701,-3525558.7583185434,578196.8937175991,312.62296167037283,271,1:08:38
35.4%,1767500,7069.999999860464,-3527730.277668435,572356.372577644,309.465073697763,271,1:08:35
35.4%,1770000,7079.999999860228,-3528932.1887649577,576316.399134995,311.6062045895126,271,1:08:32
35.5%,1772500,7089.9999998599915,-3527962.8048868906,574895.3862780433,310.83788284178473,271,1:08:29
35.5%,1775000,7099.999999859755,-3530530.983093621,577752.3626578874,312.38260995290165,271,1:08:25
35.5%,1777500,7109.9999998595185,-3527251.9369964115,575586.7425748396,311.21168950768407,271,1:08:22
35.6%,1780000,7119.999999859282,-3525739.847833695,577392.2648728762,312.18791012441017,271,1:08:19
35.6%,1782500,7129.999999859046,-3524276.972733332,574761.2152939287,310.76533846999746,271,1:08:16
35.7%,1785000,7139.999999858809,-3528756.4694791976,574863.7569469891,310.8207813055135,271,1:08:13
35.8%,1787500,7149.999999858573,-3529093.137400696,577483.5647080435,312.23727466645477,271,1:08:10
35.8%,1790000,7159.999999858336,-3527692.8316026665,574990.9724165531,310.8895649280087,271,1:08:07
35.9%,1792500,7169.9999998581,-3531750.971676521,576348.5141831778,311.62356874623185,271,1:08:03
35.9%,1795000,7179.999999857863,-3529027.5496733766,574841.1253359551,310.8085447104268,271,1:08:00
36.0%,1797500,7189.999999857627,-3530736.048581971,574147.545981843,310.43353606857505,271,1:07:57
36.0%,1800000,7199.99999985739,-3527419.3734828383,577701.5990460133,312.3551627790036,271,1:07:54
36.0%,1802500,7209.999999857154,-3530462.0624596924,573974.594927185,310.34002385583454,271,1:07:51
36.1%,1805000,7219.999999856917,-3528625.612610277,575709.578127383,311.2781049703954,271,1:07:48
36.1%,1807500,7229.999999856681,-3530765.124491118,575216.0857868755,311.0112805741951,271,1:07:44
36.2%,1810000,7239.999999856444,-3527828.050481247,575282.8902737312,311.04740082451224,271,1:07:41
36.2%,1812500,7249.999999856208,-3530794.853923684,574555.6344969156,310.654183812608,271,1:07:38
36.3%,1815000,7259.9999998559715,-3531472.9875441566,574701.8632348822,310.733247643011,271,1:07:35
36.4%,1817500,7269.999999855735,-3525805.987888301,572873.2265903149,309.7445294228768,271,1:07:32
36.4%,1820000,7279.999999855499,-3529595.774729265,575079.4278891995,310.9373915630791,271,1:07:29
36.5%,1822500,7289.999999855262,-3529755.896526037,573951.0831173335,310.32731134957606,271,1:07:25
36.5%,1825000,7299.999999855026,-3527368.985692261,576049.6535983479,311.46197901413325,271,1:07:22
36.5%,1827500,7309.999999854789,-3527616.0024462007,573824.9383069526,310.2591066175045,271,1:07:19
36.6%,1830000,7319.999999854553,-3529147.038752854,573903.7407842273,310.30171401318626,271,1:07:16
36.6%,1832500,7329.999999854316,-3525942.754758021,574626.5037453813,310.6925018225928,271,1:07:13
36.7%,1835000,7339.99999985408,-3527784.0377384964,573030.6205689413,309.82963014251385,271,1:07:10
36.8%,1837500,7349.999999853843,-3527084.4668587297,575872.4084886113,311.36614506595834,271,1:07:06
36.8%,1840000,7359.999999853607,-3525328.9740951564,572918.644538768,309.7690862714394,271,1:07:03
36.9%,1842500,7369.99999985337,-3527859.9348168485,574011.237594479,310.35983603278913,271,1:07:00
36.9%,1845000,7379.999999853134,-3525683.5219330247,575497.2081896801,311.1632795197301,271,1:06:57
37.0%,1847500,7389.999999852897,-3529290.908092452,577108.5970972395,312.0345349314377,271,1:06:54
37.0%,1850000,7399.999999852661,-3527161.3237802796,575014.802956,310.902449766895,271,1:06:51
37.0%,1852500,7409.9999998524245,-3525680.407604102,576214.8204767243,311.55128243179064,271,1:06:47
37.1%,1855000,7419.999999852188,-3526075.2660822347,574513.9592169796,310.63165057248926,271,1:06:44
37.1%,1857500,7429.9999998519515,-3526607.016285369,575364.6283186197,311.0915954404845,271,1:06:41
37.2%,1860000,7439.999999851715,-3529333.237541197,576053.0062076986,311.4637917230494,271,1:06:38
37.2%,1862500,7449.999999851479,-3527107.8005345147,574419.0651158738,310.5803426611963,271,1:06:35
37.3%,1865000,7459.999999851242,-3528575.568094345,576352.8143633541,311.6258937934208,271,1:06:31
37.4%,1867500,7469.999999851006,-3528503.5266881846,574880.8637348299,310.8300307060855,271,1:06:28
37.4%,1870000,7479.999999850769,-3526768.348739296,578143.140537159,312.59389807862584,271,1:06:25
37.5%,1872500,7489.999999850533,-3531288.628085224,573726.211962552,310.20572666594006,271,1:06:22
37.5%,1875000,7499.999999850296,-3530560.706992585,577726.1621579325,312.3684437095646,271,1:06:19
37.5%,1877500,7509.99999985006,-3525999.80206237,574889.0627365138,310.8344637914531,271,1:06:16
37.6%,1880000,7519.999999849823,-3526408.629771985,576722.4180514484,311.82573333056087,271,1:06:12
37.6%,1882500,7529.999999849587,-3526521.678607166,575756.8441601369,311.30366105225346,271,1:06:09
37.7%,1885000,7539.99999984935,-3527973.4683139436,575634.8284969456,311.2376888922306,271,1:06:06
37.8%,1887500,7549.999999849114,-3529942.273901053,574738.7566745013,310.7531954090493,271,1:06:03
37.8%,1890000,7559.999999848877,-3529825.705046529,574335.681941423,310.53525854671295,271,1:06:00
37.9%,1892500,7569.999999848641,-3529082.7913354356,575220.6819183745,311.01376563811897,271,1:05:57
37.9%,1895000,7579.9999998484045,-3526402.9168660194,577318.9679645214,312.1482795127273,271,1:05:53
38.0%,1897500,7589.999999848168,-3528251.9536106493,575189.3070495143,310.9968016859917,271,1:05:50
38.0%,1900000,7599.999999847932,-3525980.924045235,575345.0722398591,311.0810217426193,271,1:05:47
38.0%,1902500,7609.999999847695,-3527721.352186542,574909.5074642963,310.8455179693973,271,1:05:44
38.1%,1905000,7619.999999847459,-3527964.093997456,575782.2170177428,311.31737980096517,271,1:05:41
38.1%,1907500,7629.999999847222,-3529232.308230743,574520.596906808,310.6352394784058,271,1:05:38
38.2%,1910000,7639.999999846986,-3526205.3244775366,575896.7803895761,311.3793226114345,271,1:05:35
38.2%,1912500,7649.999999846749,-3525402.7116115335,576680.5199659492,311.80307962259496,271,1:05:31
38.3%,1915000,7659.999999846513,-3528229.4145330954,574581.9179493394,310.6683949071831,271,1:05:28
38.4%,1917500,7669.999999846276,-3531121.5403794814,573393.9213942732,310.026061810042,271,1:05:25
38.4%,1920000,7679.99999984604,-3526768.974924147,577585.2116326885,312.29223373484916,271,1:05:22
38.5%,1922500,7689.999999845803,-3527794.5576111525,575691.597934569,311.2683833319882,271,1:05:18
38.5%,1925000,7699.999999845567,-3529250.4469881672,574839.1493973432,310.80747634809615,271,1:05:15
38.5%,1927500,7709.99999984533,-3526804.473878052,576696.6395278345,311.81179524392076,271,1:05:12
38.6%,1930000,7719.999999845094,-3526101.776266277,571788.8256168229,309.1582090056369,271,1:05:09
38.6%,1932500,7729.9999998448575,-3527248.73869163,576814.6269987648,311.8755894168107,271,1:05:06
38.7%,1935000,7739.999999844621,-3528557.1630668268,575388.9099244504,311.1047241646465,271,1:05:03
38.8%,1937500,7749.999999844385,-3533039.7900908645,577676.3105136605,312.34148962377515,271,1:04:59
38.8%,1940000,7759.999999844148,-3526647.3656454924,575759.144704294,311.3049049242557,271,1:04:56
38.9%,1942500,7769.999999843912,-3532764.266388394,574987.4691851261,310.8876707798457,271,1:04:53
38.9%,1945000,7779.999999843675,-3530630.221539704,574954.2213621086,310.86969414763996,271,1:04:50
39.0%,1947500,7789.999999843439,-3528203.9910864886,576536.6015587788,311.7252649556928,271,1:04:47
39.0%,1950000,7799.999999843202,-3529759.785390485,577020.209104913,311.98674478203117,271,1:04:44
39.0%,1952500,7809.999999842966,-3528228.912727479,575008.1633047677,310.89885980047484,271,1:04:40
39.1%,1955000,7819.999999842729,-3532930.023667671,575465.8165177101,311.1463064823968,271,1:04:37
39.1%,1957500,7829.999999842493,-3529784.973081734,573723.1102286761,310.2040496018791,271,1:04:34
39.2%,1960000,7839.999999842256,-3527144.276188586,577281.62651723,312.1280895152158,271,1:04:31
39.2%,1962500,7849.99999984202,-3524790.4788036253,576263.0388358157,311.5773534231603,271,1:04:28
39.3%,1965000,7859.999999841783,-3529976.404786583,578155.6744624446,312.600674996466,271,1:04:25
39.4%,1967500,7869.999999841547,-3528269.2782412376,575363.6923971297,311.0910894008443,271,1:04:22
39.4%,1970000,7879.9999998413105,-3528286.8753143307,575640.8996313789,311.24097146958087,271,1:04:18
39.5%,1972500,7889.999999841074,-3526278.3641122766,574515.5115349027,310.6324898890471,271,1:04:15
39.5%,1975000,7899.9999998408375,-3528818.1992866006,575242.1000183339,311.02534610476516,271,1:04:12
39.5%,1977500,7909.999999840601,-3529788.3558267336,574916.7126433395,310.8494137087835,271,1:04:09
39.6%,1980000,7919.999999840365,-3530826.105086487,576412.9648408196,311.658416314063,271,1:04:06
39.6%,1982500,7929.999999840128,-3529875.607225241,573071.8936009996,309.8519458928393,271,1:04:03
39.7%,1985000,7939.999999839892,-3529123.59902611,574167.109670013,310.4441138807413,271,1:03:59
39.8%,1987500,7949.999999839655,-3527795.7848228123,573396.1908086916,310.02728885063044,271,1:03:56
39.8%,1990000,7959.999999839419,-3526020.4061957225,575362.1430946242,311.0902517146805,271,1:03:53
39.9%,1992500,7969.999999839182,-3527951.0371506847,574298.8445379888,310.5153410786549,271,1:03:50
39.9%,1995000,7979.999999838946,-3527129.8115378004,575157.143169172,310.97941112640785,271,1:03:47
40.0%,1997500,7989.999999838709,-3527394.6817999575,576617.0184365511,311.76874523511077,271,1:03:43
40.0%,2000000,7999.999999838473,-3531986.0226193517,574188.3843302843,310.4556167915574,271,1:03:40
40.0%,2002500,8009.999999838236,-3525927.913807338,577263.0785923279,312.1180609120207,271,1:03:37
40.1%,2005000,8019.999999838,-3526659.247754859,574788.7371677324,310.78021916166614,271,1:03:34
40.1%,2007500,8029.999999837763,-3527200.840328539,575832.9467157269,311.34480863809796,271,1:03:31
40.2%,2010000,8039.999999837527,-3528176.1544220634,574697.6736168591,310.7309823752296,271,1:03:28
40.2%,2012500,8049.9999998372905,-3526315.6497442294,575297.397865573,311.0552448762143,271,1:03:25
40.3%,2015000,8059.999999837054,-3529048.9083847404,575427.4765249365,311.12557658532967,271,1:03:21
40.4%,2017500,8069.999999836818,-3527743.962098969,574274.9703736218,310.50243265238544,271,1:03:18
40.4%,2020000,8079.999999836581,-3529360.7707550935,574801.5638946949,310.7871543932717,271,1:03:15
40.5%,2022500,8089.999999836345,-3530277.5777397025,576111.8232591947,311.4955932789471,271,1:03:12
40.5%,2025000,8099.999999836108,-3527710.0508414023,576806.0273909441,311.87093972931615,271,1:03:09
40.5%,2027500,8109.999999835872,-3529418.5569933187,576287.3289948402,311.59048677191424,271,1:03:06
40.6%,2030000,8119.999999835635,-3529248.317749094,573700.2665174843,310.19169832720786,271,1:03:02
40.6%,2032500,8129.999999835399,-3529174.1540812477,574281.0400834305,310.505714459461,271,1:02:59
40.7%,2035000,8139.999999835162,-3530044.0516114067,577022.6568983475,311.98806826965506,271,1:02:56
40.8%,2037500,8149.999999834926,-3527645.8709412236,575451.3161521358,311.13846633783635,271,1:02:53
40.8%,2040000,8159.999999834689,-3524554.675532384,574262.8069848532,310.49585607845,271,1:02:50
40.9%,2042500,8169.999999834453,-3529976.196197888,574284.1947692533,310.50742015389795,271,1:02:47
40.9%,2045000,8179.999999834216,-3529835.0872040223,574982.0285177855,310.8847290872217,271,1:02:43
41.0%,2047500,8189.99999983398,-3529966.761873128,575381.6259347473,311.1007858134403,271,1:02:40
41.0%,2050000,8199.999999835562,-3530760.298621604,576745.6724454984,311.83830665570105,271,1:02:37
41.0%,2052500,8209.999999837599,-3527219.5788796693,574261.9799619314,310.49540891874017,271,1:02:34
41.1%,2055000,8219.999999839636,-3528653.805225784,574848.6508101401,310.81261362890984,271,1:02:31
41.1%,2057500,8229.999999841673,-3532091.284243649,573612.4844943377,310.14423581684906,271,1:02:27
41.2%,2060000,8239.99999984371,-3527141.6492913105,576016.2475224973,311.4439168168374,271,1:02:24
41.2%,2062500,8249.999999845748,-3527643.4268217236,577470.8974037964,312.23042563247844,271,1:02:21
41.3%,2065000,8259.999999847785,-3528398.8656778373,575491.0551839257,311.1599526757033,271,1:02:18
41.4%,2067500,8269.999999849822,-3531011.568822477,574557.1644813414,310.65501105375665,271,1:02:15
41.4%,2070000,8279.99999985186,-3530958.97078488,575310.2109948343,311.06217275573334,271,1:02:11
41.5%,2072500,8289.999999853897,-3530002.367650155,576274.3230884501,311.58345466050196,271,1:02:08
41.5%,2075000,8299.999999855934,-3530700.576201886,575863.8950780507,311.3615419841149,271,1:02:05
41.5%,2077500,8309.999999857971,-3528671.1334980577,575333.0033242113,311.07449624897697,271,1:02:02
41.6%,2080000,8319.999999860009,-3528574.610443715,574350.3224196581,310.54317444822647,271,1:01:59
41.6%,2082500,8329.999999862046,-3526180.818733357,578740.5423541297,312.9169048732972,271,1:01:55
41.7%,2085000,8339.999999864083,-3525713.980755195,574247.3515952934,310.4874995657975,271,1:01:52
41.8%,2087500,8349.99999986612,-3527968.1761388425,575017.1460425478,310.90371664097194,271,1:01:49
41.8%,2090000,8359.999999868158,-3530952.1263129376,576596.4703681443,311.7576351823386,271,1:01:46
41.9%,2092500,8369.999999870195,-3528008.7399366945,575474.310012194,311.15089879589647,271,1:01:43
41.9%,2095000,8379.999999872232,-3527186.818421457,577318.8044046283,312.1481910781841,271,1:01:39
42.0%,2097500,8389.99999987427,-3527852.6272407267,574599.2190775687,310.677749384881,271,1:01:36
42.0%,2100000,8399.999999876307,-3526220.9400792867,575535.7428979129,311.1841146967186,271,1:01:33
42.0%,2102500,8409.999999878344,-3527867.912111981,577984.8984891283,312.5083388197408,271,1:01:30
42.1%,2105000,8419.999999880381,-3529230.0586628504,576102.1815138566,311.490380122294,271,1:01:27
42.1%,2107500,8429.999999882419,-3528566.9921435006,577070.9813033091,312.0141965985413,271,1:01:24
42.2%,2110000,8439.999999884456,-3531977.920889767,574452.587818816,310.598467917127,271,1:01:20
42.2%,2112500,8449.999999886493,-3525270.480757894,576657.0069163893,311.79036644604355,271,1:01:17
42.3%,2115000,8459.99999988853,-3528083.979041932,576052.1923237395,311.46335166739277,271,1:01:14
42.4%,2117500,8469.999999890568,-3526203.4010547213,573917.5308695203,310.30917011914744,271,1:01:11
42.4%,2120000,8479.999999892605,-3526732.53221458,577416.3470304041,312.20093100966847,271,1:01:08
42.5%,2122500,8489.999999894642,-3526764.4880588893,576741.1792946784,311.8358772719879,271,1:01:04
42.5%,2125000,8499.99999989668,-3529678.294646928,575600.6518578352,311.21921006217343,271,1:01:01
42.5%,2127500,8509.999999898717,-3527516.3603523467,576044.6591001388,311.45927855890915,271,1:00:58
42.6%,2130000,8519.999999900754,-3531210.036536243,575048.1325766845,310.92047062595344,271,1:00:55
42.6%,2132500,8529.999999902791,-3527493.0278664026,574702.153007966,310.7334043192586,271,1:00:52
42.7%,2135000,8539.999999904829,-3526482.810733257,574289.8247015586,310.51046417943735,271,1:00:48
42.8%,2137500,8549.999999906866,-3530668.4776609764,577235.547997431,312.103175504979,271,1:00:45
42.8%,2140000,8559.999999908903,-3529263.158189282,576487.0236195391,311.69845885838055,271,1:00:42
42.9%,2142500,8569.99999991094,-3528208.7920800336,577224.9809760493,312.0974620645295,271,1:00:39
42.9%,2145000,8579.999999912978,-3528060.8630510736,577575.8118198714,312.28715138772145,271,1:00:36
43.0%,2147500,8589.999999915015,-3525676.6889341623,572975.0598383471,309.79958923371674,271,1:00:33
43.0%,2150000,8599.999999917052,-3527341.692940004,574837.384880543,310.80652229857776,271,1:00:29
43.0%,2152500,8609.99999991909,-3529835.3696469087,575077.9960164684,310.9366173695496,271,1:00:26
43.1%,2155000,8619.999999921127,-3530183.1439658124,575672.4867752981,311.2580501958591,271,1:00:23
43.1%,2157500,8629.999999923164,-3527753.079028394,577003.7487790863,311.9778449144152,271,1:00:20
43.2%,2160000,8639.999999925201,-3528063.1070654728,576494.6431443981,311.7025786287457,271,1:00:17
43.2%,2162500,8649.999999927239,-3527701.6345753316,575706.4546081228,311.27641612728235,271,1:00:14
43.3%,2165000,8659.999999929276,-3527044.0706743617,577268.352434393,312.120912404555,271,1:00:10
43.4%,2167500,8669.999999931313,-3530095.7770325206,574508.711587836,310.62881325291454,271,1:00:07
43.4%,2170000,8679.99999993335,-3528979.6925936583,576539.4953721461,311.7268296000471,271,1:00:04
43.5%,2172500,8689.999999935388,-3530478.463294795,573857.5487432012,310.27673862361206,271,1:00:01
43.5%,2175000,8699.999999937425,-3530362.3553568274,576801.8818339356,311.86869828470816,271,59:57
43.5%,2177500,8709.999999939462,-3529009.279786501,576083.1967524445,311.4801153277167,271,59:54
43.6%,2180000,8719.9999999415,-3528364.3975053206,576959.9053289348,311.95413937503037,271,59:51
43.6%,2182500,8729.999999943537,-3526190.7639149986,575307.2504233222,311.06057201618523,271,59:48
43.7%,2185000,8739.999999945574,-3526636.263559729,576028.7888362078,311.45069772949535,271,59:45
43.8%,2187500,8749.999999947611,-3530162.575385874,573255.3017332925,309.9511121009855,271,59:41
43.8%,2190000,8759.999999949649,-3529048.429693781,576123.8342729363,311.5020874658398,271,59:38
43.9%,2192500,8769.999999951686,-3527100.927091228,575921.2898416121,311.3925745288482,271,59:35
43.9%,2195000,8779.999999953723,-3525649.0437971987,573951.797512053,310.3276976127945,271,59:32
44.0%,2197500,8789.99999995576,-3527045.142722126,575179.2938161134,310.99138767094655,271,59:29
44.0%,2200000,8799.999999957798,-3528411.4189228285,578299.7814814153,312.67859164312665,271,59:25
44.0%,2202500,8809.999999959835,-3531860.971747093,576542.1257797396,311.7282518245889,271,59:22
44.1%,2205000,8819.999999961872,-3529293.1430101003,573866.9066813616,310.2817983296994,271,59:19
44.1%,2207500,8829.99999996391,-3526105.688385261,577697.2930643372,312.35283459502494,271,59:16
44.2%,2210000,8839.999999965947,-3526999.6370716654,575193.7212252568,310.9991883689867,271,59:13
44.2%,2212500,8849.999999967984,-3527818.836982332,576422.7369723856,311.6636999687231,271,59:10
44.3%,2215000,8859.999999970021,-3527550.199391065,576408.9218833878,311.656230343609,271,59:06
44.4%,2217500,8869.999999972059,-3528886.5960713513,574866.1577288277,310.822079374626,271,59:03
44.4%,2220000,8879.999999974096,-3524751.4617269896,576182.5960551407,311.5338591384056,271,59:00
44.5%,2222500,8889.999999976133,-3524790.9602166396,576394.0557606259,311.64819243926036,271,58:57
44.5%,2225000,8899.99999997817,-3524940.6137697008,576203.2850202743,311.54504537206446,271,58:54
44.5%,2227500,8909.999999980208,-3527349.3490614537,574018.6013268237,310.3638174997247,271,58:50
44.6%,2230000,8919.999999982245,-3527865.567852758,573595.431973395,310.1350157576288,271,58:47
44.6%,2232500,8929.999999984282,-3523126.842997255,574703.121010203,310.7339277045094,271,58:44
44.7%,2235000,8939.99999998632,-3527090.3434408214,575657.6759665238,311.25004219900876,271,58:41
44.8%,2237500,8949.999999988357,-3531297.7124220673,574052.1551899179,310.38195960351317,271,58:37
44.8%,2240000,8959.999999990394,-3529404.038768092,573578.7882339556,310.1260167208416,271,58:34
44.9%,2242500,8969.999999992431,-3527354.3960317336,574396.7733198379,310.5682897993193,271,58:31
44.9%,2245000,8979.999999994468,-3528029.2573622335,575919.7177986242,311.39172454722416,271,58:28
45.0%,2247500,8989.999999996506,-3525103.6613241863,574893.1764411407,310.8366880139245,271,58:25
45.0%,2250000,8999.999999998543,-3526311.0127831437,576949.8625126906,311.9487093649562,271,58:22
45.0%,2252500,9010.00000000058,-3530714.125080075,571804.8946713099,309.1668973183199,271,58:19
45.1%,2255000,9020.000000002618,-3525437.4839807656,576611.3048248286,311.76565596528263,271,58:15
45.1%,2257500,9030.000000004655,-3527956.4131661914,574710.3460870336,310.7378342023506,271,58:12
45.2%,2260000,9040.000000006692,-3526172.044580009,577449.658466749,312.21894203670917,271,58:09
45.2%,2262500,9050.00000000873,-3524307.247394787,575542.0095201253,311.18750297157277,271,58:06
45.3%,2265000,9060.000000010767,-3524861.8399103377,576797.0567013079,311.8660894030816,271,58:03
45.4%,2267500,9070.000000012804,-3532649.212184049,575379.2870391713,311.09952120536315,271,57:59
45.4%,2270000,9080.000000014841,-3528825.4254676607,574326.5209378412,310.5303053203938,271,57:56
45.5%,2272500,9090.000000016878,-3526792.618953677,574075.1592673878,310.3943975859846,271,57:53
45.5%,2275000,9100.000000018916,-3529768.6219670754,576444.753922381,311.6756042251958,271,57:50
45.5%,2277500,9110.000000020953,-3527864.495177008,573399.4624702306,310.02905779219867,271,57:47
45.6%,2280000,9120.00000002299,-3528344.829769049,576974.4495397652,311.9620032261067,271,57:43
45.6%,2282500,9130.000000025027,-3528096.6656322684,575489.0108257713,311.15884731988444,271,57:40
45.7%,2285000,9140.000000027065,-3528271.43322077,576410.8224192945,311.65725793675307,271,57:37
45.8%,2287500,9150.000000029102,-3530124.7979402468,575055.8134027991,310.9246235410489,271,57:34
45.8%,2290000,9160.00000003114,-3528493.4406098016,577045.5459545376,312.0004440617317,271,57:31
45.9%,2292500,9170.000000033177,-3528612.430812439,575100.5187589494,310.9487951009346,271,57:27
45.9%,2295000,9180.000000035214,-3527656.443215044,575837.386817523,311.3472093389469,271,57:24
46.0%,2297500,9190.000000037251,-3527986.1028283965,573643.0862225129,310.1607817426372,271,57:21
46.0%,2300000,9200.000000039288,-3528137.1101799533,575070.292447882,310.93245215791825,271,57:18
46.0%,2302500,9210.000000041326,-3530260.1598461177,574524.5486141917,310.6373761112369,271,57:15
46.1%,2305000,9220.000000043363,-3528111.2409774233,576037.6721571966,311.45550081672593,271,57:11
46.1%,2307500,9230.0000000454,-3529360.5516485684,576664.5949334373,311.7944691805766,271,57:08
46.2%,2310000,9240.000000047437,-3528375.2545408886,575922.9089221432,311.39344994301297,271,57:05
46.2%,2312500,9250.000000049475,-3527207.9272664227,573461.8337063756,310.0627810459528,271,57:02
46.3%,2315000,9260.000000051512,-3527447.9472064227,575518.2573187897,311.174660489006,271,56:59
46.4%,2317500,9270.00000005355,-3526485.598437099,577429.6879668691,312.20814426714946,271,56:56
46.4%,2320000,9280.000000055586,-3530819.8509137984,576916.312374142,311.9305692749773,271,56:52
46.5%,2322500,9290.000000057624,-3529131.5135949273,575093.0455286396,310.9447544299831,271,56:49
46.5%,2325000,9300.000000059661,-3531239.2118221596,575941.621501999,311.4035675728353,271,56:46
46.5%,2327500,9310.000000061698,-3525756.096691655,576229.5076343545,311.55922357219936,271,56:43
46.6%,2330000,9320.000000063736,-3530536.00462809,572068.5851775362,309.3094710815423,271,56:40
46.6%,2332500,9330.000000065773,-3526877.669636596,574410.26644412,310.57558534262137,271,56:36
46.7%,2335000,9340.00000006781,-3527389.1319667995,576277.0273468778,311.5849168151555,271,56:33
46.8%,2337500,9350.000000069847,-3528154.3025172204,574617.9847599037,310.68789572647,271,56:30
46.8%,2340000,9360.000000071885,-3529038.4138366655,574208.7523301126,310.46662948377144,271,56:27
46.9%,2342500,9370.000000073922,-3529024.5841103233,574121.8191491424,310.4196259304877,271,56:24
46.9%,2345000,9380.00000007596,-3532974.4625613783,578259.5301479213,312.656828310904,271,56:20
47.0%,2347500,9390.000000077996,-3530688.7366281375,574893.7274713721,310.83698594825245,271,56:17
47.0%,2350000,9400.000000080034,-3526956.6956862714,575525.7813947328,311.1787286514792,271,56:14
47.0%,2352500,9410.000000082071,-3528202.731114164,575411.3585236582,311.11686180780225,271,56:11
47.1%,2355000,9420.000000084108,-3529393.6672599707,574862.1630438461,310.81991950440977,271,56:08
47.1%,2357500,9430.000000086146,-3530093.6384606697,575303.8354365574,311.05872558067506,271,56:04
47.2%,2360000,9440.000000088183,-3528531.8432812225,576126.6009745677,311.50358338265886,271,56:01
47.2%,2362500,9450.00000009022,-3527827.1840104796,575623.7604589412,311.23170455911094,271,55:58
47.3%,2365000,9460.000000092257,-3525967.661339594,574187.8965919281,310.45535307825986,271,55:55
47.4%,2367500,9470.000000094295,-3526085.7624308113,574406.3995618324,310.5734945735316,271,55:52
47.4%,2370000,9480.000000096332,-3528035.232499985,573756.6012856021,310.2221577472521,271,55:48
47.5%,2372500,9490.00000009837,-3528737.944352107,575869.1024072011,311.36435751404787,271,55:45
47.5%,2375000,9500.000000100406,-3527246.429420544,576494.3367190993,311.7024129488787,271,55:42
47.5%,2377500,9510.000000102444,-3528888.1601890493,575779.874865687,311.31611343215496,271,55:39
47.6%,2380000,9520.000000104481,-3531023.1320917215,573673.5760887504,310.1772671862424,271,55:36
47.6%,2382500,9530.000000106518,-3527505.323298203,577476.8709031388,312.23365541990245,271,55:33
47.7%,2385000,9540.000000108555,-3529634.2594396435,578025.6204564195,312.5303566170655,271,55:29
47.8%,2387500,9550.000000110593,-3525618.590274919,573729.5320734289,310.20752180338656,271,55:26
47.8%,2390000,9560.00000011263,-3525132.914596524,576186.6276142241,311.5360389459322,271,55:23
47.9%,2392500,9570.000000114667,-3523793.517379971,576498.8635595557,311.70486054810635,271,55:20
47.9%,2395000,9580.000000116705,-3527389.7356052957,575220.8507238289,311.01385690886366,271,55:17
48.0%,2397500,9590.000000118742,-3531931.840849148,575296.4544692601,311.054734795042,271,55:13
48.0%,2400000,9600.000000120779,-3529506.56147586,576378.1021070466,311.63956652223175,271,55:10
48.0%,2402500,9610.000000122816,-3526746.9759814255,575947.7382531352,311.40687481449777,271,55:07
48.1%,2405000,9620.000000124854,-3525988.2638540696,577777.3931652947,312.3961435976562,271,55:04
48.1%,2407500,9630.00000012689,-3529658.0463790875,578168.8298858651,312.6077879496424,271,55:01
48.2%,2410000,9640.000000128928,-3529335.685851356,576636.1858284816,311.7791087754513,271,54:58
48.2%,2412500,9650.000000130965,-3529182.8987500984,574823.8114508522,310.79918333526604,271,54:54
48.3%,2415000,9660.000000133003,-3530772.0548634734,576273.0000083488,311.5827392896235,271,54:51
48.4%,2417500,9670.00000013504,-3527797.341716256,573194.5703733847,309.91827550534316,271,54:48
48.4%,2420000,9680.000000137077,-3528989.5227813907,574077.696352164,310.3957693521864,271,54:45
48.5%,2422500,9690.000000139114,-3526658.789542945,574985.1376159126,310.88641013303004,271,54:42
48.5%,2425000,9700.000000141152,-3528603.8528529033,574766.0996698068,310.76797938361955,271,54:38
48.5%,2427500,9710.000000143189,-3524891.045673782,576964.7713757537,311.956770378387,271,54:35
48.6%,2430000,9720.000000145226,-3528136.00047517,574698.0295650249,310.7311748314171,271,54:32
48.6%,2432500,9730.000000147264,-3525670.7609296273,577146.4612892228,312.05500756968206,271,54:29
48.7%,2435000,9740.0000001493,-3526285.1709056087,576273.7125152141,311.5831245321055,271,54:26
48.8%,2437500,9750.000000151338,-3526981.257493077,574437.5465476403,310.59033531248434,271,54:22
48.8%,2440000,9760.000000153375,-3526852.483027488,577012.9881847355,311.98284053163405,271,54:19
48.9%,2442500,9770.000000155413,-3528088.5509049725,574025.0481752967,310.3673032203935,271,54:16
48.9%,2445000,9780.00000015745,-3530146.597309228,575597.6874139684,311.2176072288974,271,54:13
49.0%,2447500,9790.000000159487,-3530022.6313778684,575237.417775101,311.022814481433,271,54:10
49.0%,2450000,9800.000000161524,-3527591.3834523503,574441.7991016839,310.5926346088905,271,54:06
49.0%,2452500,9810.000000163562,-3530240.6740245037,575412.8847269259,311.11768700453155,271,54:03
49.1%,2455000,9820.000000165599,-3529478.0652915314,574015.0607430157,310.36190315565244,271,54:00
49.1%,2457500,9830.000000167636,-3527458.246986132,575997.9680327752,311.4340333527841,271,53:57
49.2%,2460000,9840.000000169674,-3533013.1519558076,576007.2351181454,311.4390439360403,271,53:54
49.2%,2462500,9850.00000017171,-3526824.004069589,575880.8527568635,311.37071076352396,271,53:50
49.3%,2465000,9860.000000173748,-3527651.594109161,574534.668278598,310.642847672036,271,53:47
49.4%,2467500,9870.000000175785,-3531716.785898067,577020.8004544647,311.98706451645074,271,53:44
49.4%,2470000,9880.000000177823,-3526682.012790067,574774.3648458412,310.77244824853165,271,53:41
49.5%,2472500,9890.00000017986,-3526211.3553432412,576565.2498438151,311.7407546821375,271,53:38
49.5%,2475000,9900.000000181897,-3527482.4495539293,577373.3159518614,312.17766470823364,271,53:34
49.5%,2477500,9910.000000183934,-3527078.098183863,573842.88568393,310.26881051284863,271,53:31
49.6%,2480000,9920.000000185972,-3528787.476477701,576209.1262694979,311.54820365370165,271,53:28
49.6%,2482500,9930.000000188009,-3527515.0077878702,574937.9392456487,310.86089063533257,271,53:25
49.7%,2485000,9940.000000190046,-3529428.0932008848,575740.9651713212,311.29507550541666,271,53:22
49.8%,2487500,9950.000000192083,-3528448.1518986635,573060.4642090299,309.845766180692,271,53:19
49.8%,2490000,9960.00000019412,-3529639.5890718866,575035.573819506,310.91368028185667,271,53:15
49.9%,2492500,9970.000000196158,-3529231.4686930533,574842.9254658438,310.8095180154433,271,53:12
49.9%,2495000,9980.000000198195,-3531778.4433336984,576868.5916558651,311.90476735102567,271,53:09
50.0%,2497500,9990.000000200233,-3530551.929967586,576684.4040712852,311.8051797039457,271,53:06
50.0%,2500000,10000.00000020227,-3529066.8866082653,574525.9550927308,310.6381365744826,271,53:03
50.0%,2502500,10010.000000204307,-3526702.6338860877,576748.2030273895,311.8396749058839,271,53:00
50.1%,2505000,10020.000000206344,-3531875.5902112257,577369.3450357311,312.1755176895023,271,52:56
50.1%,2507500,10030.000000208382,-3528320.4647356793,575661.6280556024,311.25217903821687,271,52:53
50.2%,2510000,10040.000000210419,-3531061.693464808,575369.2952901686,311.09411880663106,271,52:50
50.2%,2512500,10050.000000212456,-3528442.2734266,574476.7528205225,310.6115335950723,271,52:47
50.3%,2515000,10060.000000214493,-3527340.8695903793,575675.3714125396,311.25960987881064,271,52:44
50.4%,2517500,10070.00000021653,-3529109.227217268,574776.1215785313,310.77339808929077,271,52:40
50.4%,2520000,10080.000000218568,-3529089.538074324,573980.0468373215,310.3429716272808,271,52:37
50.5%,2522500,10090.000000220605,-3530223.7680432424,575444.4386346464,311.13474776046274,271,52:34
50.5%,2525000,10100.000000222642,-3526615.708108727,575776.9216079796,311.3145166470787,271,52:31
50.5%,2527500,10110.00000022468,-3530210.517494859,573370.0049047966,310.01313049917854,271,52:28
50.6%,2530000,10120.000000226717,-3529805.570015261,576392.1960452287,311.64718691719406,271,52:24
50.6%,2532500,10130.000000228754,-3526754.958244998,576158.0458340351,311.520585177727,271,52:21
50.7%,2535000,10140.000000230792,-3524819.797480341,574140.8340134129,310.4299070012589,271,52:18
50.8%,2537500,10150.000000232829,-3530264.7918540034,572611.1551678792,309.60283107558155,271,52:15
50.8%,2540000,10160.000000234866,-3527025.824443044,575203.5325328074,311.00449320555305,271,52:12
50.9%,2542500,10170.000000236903,-3527833.3889055457,576150.8459530604,311.51669230293214,271,52:09
50.9%,2545000,10180.00000023894,-3526082.2206692994,576573.2475844186,311.745078948458,271,52:05
51.0%,2547500,10190.000000240978,-3530210.589998249,575530.5875973436,311.18132729791074,271,52:02
51.0%,2550000,10200.000000243015,-3524747.031134337,576286.7240373436,311.5901596798695,271,51:59
51.0%,2552500,10210.000000245052,-3529759.5470407866,574854.8654797138,310.8159738136999,271,51:56
51.1%,2555000,10220.00000024709,-3529504.735475935,575678.9965355746,311.26156993205876,271,51:53
51.1%,2557500,10230.000000249127,-3528347.857149612,574469.1015676935,310.60739666983824,271,51:50
51.2%,2560000,10240.000000251164,-3527121.597695099,573987.9300698594,310.34723398069417,271,51:46
51.2%,2562500,10250.000000253202,-3529414.2333167456,576059.0574296351,311.4670635339914,271,51:43
51.3%,2565000,10260.000000255239,-3527312.792384008,575053.8471899638,310.92356043730945,271,51:40
51.4%,2567500,10270.000000257276,-3530910.616350757,577391.9407098793,312.18773485401823,271,51:37
51.4%,2570000,10280.000000259313,-3530507.5015076194,573785.0745843179,310.23755286104426,271,51:34
51.5%,2572500,10290.00000026135,-3532993.153173603,572725.6730657364,309.66474929890893,271,51:30
51.5%,2575000,10300.000000263388,-3529028.1063257437,574515.5349018687,310.6325025232383,271,51:27
51.5%,2577500,10310.000000265425,-3527265.6172534637,575694.6036026846,311.2700084546381,271,51:24
51.6%,2580000,10320.000000267462,-3526908.8135944456,577644.0820299478,312.32406413405374,271,51:21
51.6%,2582500,10330.0000002695,-3525528.994217707,576091.0366034437,311.4843542253397,271,51:18
51.7%,2585000,10340.000000271537,-3529582.6866710074,574720.7015932088,310.74343327949066,271,51:14
51.8%,2587500,10350.000000273574,-3528423.6251057517,575899.8056021584,311.3809583015038,271,51:11
51.8%,2590000,10360.000000275611,-3529975.2526516896,576145.7103254506,311.5139155410179,271,51:08
51.9%,2592500,10370.000000277649,-3529875.2029504795,577521.1459483679,312.2575943167004,271,51:05
51.9%,2595000,10380.000000279686,-3530647.5033517387,576510.9482302836,311.71139456029977,271,51:02
52.0%,2597500,10390.000000281723,-3527488.615499193,577365.4469580273,312.173410053488,271,50:59
52.0%,2600000,10400.00000028376,-3528523.3115023337,576008.1672774216,311.4395479415043,271,50:55
52.0%,2602500,10410.000000285798,-3526753.3655713815,574692.3098070932,310.7280822384197,271,50:52
52.1%,2605000,10420.000000287835,-3527011.138414962,575329.9067213625,311.0728219591905,271,50:49
52.1%,2607500,10430.000000289872,-3528349.0101540107,574259.9849283267,310.4943302320145,271,50:46
52.2%,2610000,10440.00000029191,-3530260.383618625,575066.6421337822,310.9304784842141,271,50:42
52.2%,2612500,10450.000000293947,-3528003.454062151,574655.9922367127,310.7084458368126,271,50:39
52.3%,2615000,10460.000000295984,-3526718.3952317256,575993.6203496163,311.4316826213977,271,50:36
52.4%,2617500,10470.000000298021,-3530744.67632973,575120.7104424034,310.95971246135474,271,50:33
52.4%,2620000,10480.000000300059,-3529381.854583299,574821.9888034777,310.79819785536034,271,50:30
52.5%,2622500,10490.000000302096,-3528774.9049279,576564.3852842376,311.7402872268837,271,50:26
52.5%,2625000,10500.000000304133,-3526442.5044694263,576111.4269878062,311.49537902055783,271,50:23
52.5%,2627500,10510.00000030617,-3528934.263407927,576241.083750611,311.5654826161134,271,50:20
52.6%,2630000,10520.000000308208,-3528099.2363001537,575504.4522670598,311.167196290902,271,50:17
52.6%,2632500,10530.000000310245,-3529192.3027722966,574651.2178542942,310.70586439511334,271,50:14
52.7%,2635000,10540.000000312282,-3528946.767166417,572983.9884491251,309.80441680850197,271,50:11
52.8%,2637500,10550.00000031432,-3531215.0244122576,574966.9964622601,310.876601465352,271,50:07
52.8%,2640000,10560.000000316357,-3530514.1603654996,575103.5688308896,310.95044423211056,271,50:04
52.9%,2642500,10570.000000318394,-3529412.317196302,576173.4419485372,311.52890964118603,271,50:01
52.9%,2645000,10580.000000320431,-3529556.8863863517,573165.0594543065,309.9023193647549,271,49:58
53.0%,2647500,10590.000000322469,-3531371.7319976836,574232.5131589295,310.4794766310965,271,49:55
53.0%,2650000,10600.000000324506,-3527222.33975406,576582.871535094,311.7502824837862,271,49:51
53.0%,2652500,10610.000000326543,-3527645.137814492,574117.718775335,310.4174089158037,271,49:48
53.1%,2655000,10620.00000032858,-3526625.2343904953,575685.1151898792,311.26487820273775,271,49:45
53.1%,2657500,10630.000000330618,-3529217.4735126514,574257.8536174465,310.4931778620746,271,49:42
53.2%,2660000,10640.000000332655,-3529601.9906853754,574299.573235784,310.51573507534596,271,49:39
53.2%,2662500,10650.000000334692,-3528562.8525259625,575231.7311030423,311.0197397775036,271,49:36
53.3%,2665000,10660.00000033673,-3525041.268148521,573135.8050549198,309.8865019207708,271,49:32
53.4%,2667500,10670.000000338767,-3528781.392105151,575031.8594741106,310.911671987328,271,49:29
53.4%,2670000,10680.000000340804,-3528365.487808831,576854.3132206715,311.89704720111354,271,49:26
53.5%,2672500,10690.000000342841,-3529937.496309584,574120.7220656786,310.4190327528256,271,49:23
53.5%,2675000,10700.000000344879,-3525619.7525530998,575316.1022674446,311.06535808431505,271,49:20
53.5%,2677500,10710.000000346916,-3526591.4835638776,574767.7737885681,310.76888455618456,271,49:16
53.6%,2680000,10720.000000348953,-3529238.603333991,573659.1880134579,310.1694877554645,271,49:13
53.6%,2682500,10730.00000035099,-3533812.72504792,574883.7636211724,310.8315986340124,271,49:10
53.7%,2685000,10740.000000353028,-3529086.3949976787,575662.9669639537,311.2529029672084,271,49:07
53.8%,2687500,10750.000000355065,-3530694.8753704242,575492.8968868752,311.1609484586915,271,49:04
53.8%,2690000,10760.000000357102,-3526267.186621733,576535.4879628189,311.7246628499554,271,49:01
53.9%,2692500,10770.00000035914,-3528182.152782945,577095.4928336558,312.0274496396685,271,48:57
53.9%,2695000,10780.000000361177,-3528049.811707815,573751.2811466272,310.21928122262716,271,48:54
54.0%,2697500,10790.000000363214,-3527333.3295660224,576057.3919569486,311.46616303623796,271,48:51
54.0%,2700000,10800.000000365251,-3527727.8877783716,574330.4989393783,310.5324561701053,271,48:48
54.0%,2702500,10810.000000367289,-3530277.4468957745,573439.6790659559,310.0508023421964,271,48:45
54.1%,2705000,10820.000000369326,-3525307.95037416,575862.4642423976,311.3607683513189,271,48:41
54.1%,2707500,10830.000000371363,-3527382.319218032,576965.1793031427,311.9569909390124,271,48:38
54.2%,2710000,10840.0000003734,-3527773.795822844,575057.8553260486,310.9257275803488,271,48:35
54.2%,2712500,10850.000000375438,-3527886.779501848,574384.4043566908,310.56160207419686,271,48:32
54.3%,2715000,10860.000000377475,-3527924.364943903,576881.8114726425,311.9119151207882,271,48:29
54.4%,2717500,10870.000000379512,-3526419.5226599984,576289.0634478856,311.5914245663815,271,48:25
54.4%,2720000,10880.00000038155,-3526792.167971378,576572.0788724681,311.74444704227636,271,48:22
54.5%,2722500,10890.000000383587,-3523164.24494981,574814.2345912067,310.79400526139807,271,48:19
54.5%,2725000,10900.000000385624,-3529416.3357980866,574872.7856466374,310.825662996949,271,48:16
54.5%,2727500,10910.000000387661,-3527721.3216064814,574270.0179235395,310.4997549319946,271,48:13
54.6%,2730000,10920.000000389698,-3528342.8034829516,577541.1920540428,312.26843296525453,271,48:10
54.6%,2732500,10930.000000391736,-3527689.1776152067,574885.4567829163,310.8325141028513,271,48:06
54.7%,2735000,10940.000000393773,-3528632.117838975,576515.4126737283,311.7138084223372,271,48:03
54.8%,2737500,10950.00000039581,-3528422.032826232,574885.0710390953,310.8323055365704,271,48:00
54.8%,2740000,10960.000000397848,-3526611.8167130724,576140.6106721144,311.51115822988953,271,47:57
54.9%,2742500,10970.000000399885,-3526188.83469921,574931.9072363577,310.8576292123988,271,47:54
54.9%,2745000,10980.000000401922,-3529849.869661847,578870.9422789831,312.98741028616297,271,47:51
55.0%,2747500,10990.00000040396,-3527108.8124665283,576822.1525761292,311.8796583910814,271,47:47
55.0%,2750000,11000.000000405997,-3528634.312541466,577375.273886797,312.17872333622864,271,47:44
55.0%,2752500,11010.000000408034,-3527829.2969175912,575730.7716285542,311.2895639996228,271,47:41
55.1%,2755000,11020.000000410071,-3528402.716686886,573815.8105695008,310.25417137771586,271,47:38
55.1%,2757500,11030.000000412108,-3526986.434428977,575623.2708957783,311.231439859166,271,47:35
55.2%,2760000,11040.000000414146,-3528298.1215399746,574815.5236900039,310.7947022590614,271,47:32
55.2%,2762500,11050.000000416183,-3526771.464547666,575806.0607129566,311.33027175299037,271,47:28
55.3%,2765000,11060.00000041822,-3529092.3370176535,575330.1971814212,311.0729790068758,271,47:25
55.4%,2767500,11070.000000420257,-3528111.328843238,577621.8856256453,312.31206284915083,271,47:22
55.4%,2770000,11080.000000422295,-3526698.1204820126,577702.0577921653,312.3554108166224,271,47:19
55.5%,2772500,11090.000000424332,-3533903.3071344737,577101.9587493087,312.0309456696944,271,47:16
55.5%,2775000,11100.00000042637,-3531182.767994687,574690.7686332809,310.7272489473265,271,47:13
55.5%,2777500,11110.000000428407,-3531747.713786971,575408.3753449037,311.11524884483475,271,47:09
55.6%,2780000,11120.000000430444,-3532706.2059720606,575821.0177831575,311.3383588313454,271,47:06
55.6%,2782500,11130.000000432481,-3530213.9663335327,573868.924337312,310.2828892480107,271,47:03
55.7%,2785000,11140.000000434518,-3527865.548695689,575575.9967257732,311.2058793776102,271,47:00
55.8%,2787500,11150.000000436556,-3526881.7380649038,576500.7752906915,311.705894194354,271,46:57
55.8%,2790000,11160.000000438593,-3530002.063530598,577387.0193219574,312.1850739285024,271,46:53
55.9%,2792500,11170.00000044063,-3526595.0485258754,575392.6203151476,311.10673032092524,271,46:50
55.9%,2795000,11180.000000442667,-3528611.843693059,576253.6231482762,311.5722624927925,271,46:47
56.0%,2797500,11190.000000444705,-3522246.582275573,575621.9382382912,311.23071930992916,271,46:44
56.0%,2800000,11200.000000446742,-3530279.385963846,571601.0693340538,309.05669181343256,271,46:41
56.0%,2802500,11210.00000044878,-3532276.4011088572,576018.0164032907,311.4448732259057,271,46:37
56.1%,2805000,11220.000000450817,-3530956.364758039,574032.5068608932,310.3713360272223,271,46:34
56.1%,2807500,11230.000000452854,-3526045.27705444,576817.8271034295,311.8773196685792,271,46:31
56.2%,2810000,11240.000000454891,-3530766.640104875,577401.0194361575,312.19264359415183,271,46:28
56.2%,2812500,11250.000000456928,-3529415.1803762354,575249.0732554229,311.02911643638555,271,46:25
56.3%,2815000,11260.000000458966,-3528621.289535541,574406.9894258389,310.57381350473776,271,46:22
56.4%,2817500,11270.000000461003,-3527780.1481297296,576665.3108945163,311.7948562907036,271,46:18
56.4%,2820000,11280.00000046304,-3533194.308575796,575287.6310191886,311.0499640791778,271,46:15
56.5%,2822500,11290.000000465077,-3530098.50047059,576232.8277632613,311.5610187193944,271,46:12
56.5%,2825000,11300.000000467115,-3526997.7326167896,574677.9231150041,310.7203035555205,271,46:09
56.5%,2827500,11310.000000469152,-3529345.093763327,575290.4760597304,311.05150235274846,271,46:06
56.6%,2830000,11320.00000047119,-3528435.696747901,576071.5348777145,311.47380991539717,271,46:02
56.6%,2832500,11330.000000473226,-3530886.0102612507,573662.4967569757,310.17127674673924,271,45:59
56.7%,2835000,11340.000000475264,-3532020.825544605,576448.8598515998,311.677824243613,271,45:56
56.8%,2837500,11350.000000477301,-3529110.625329498,578253.7637587946,312.6537105050727,271,45:53
56.8%,2840000,11360.000000479338,-3530184.8813497704,576988.7842636642,311.9697538105334,271,45:50
56.9%,2842500,11370.000000481376,-3527726.2208498344,573658.2581424727,310.1689849872474,271,45:46
56.9%,2845000,11380.000000483413,-3528569.2169846687,574958.5368457716,310.8720274692099,271,45:43
57.0%,2847500,11390.00000048545,-3530841.960510211,575794.2352069309,311.3238778675213,271,45:40
57.0%,2850000,11400.000000487487,-3529096.729799172,575304.6330577156,311.059156843263,271,45:37
57.0%,2852500,11410.000000489525,-3529579.931833891,576039.8860501782,311.45669783765123,271,45:34
57.1%,2855000,11420.000000491562,-3530543.119288085,576404.4654515213,311.6538208133197,271,45:30
57.1%,2857500,11430.0000004936,-3527213.537457576,576393.3025011558,311.6477851624157,271,45:27
57.2%,2860000,11440.000000495636,-3528833.1883626785,577557.3760761084,312.27718343929695,271,45:24
57.2%,2862500,11450.000000497674,-3530898.6791359503,575897.5208322428,311.379722958413,271,45:21
57.3%,2865000,11460.000000499711,-3525630.9320708476,574708.9309766033,310.73706907196225,271,45:18
57.4%,2867500,11470.000000501748,-3527798.5194626264,576816.3994052166,311.8765477321532,271,45:14
57.4%,2870000,11480.000000503785,-3528247.0156356543,575865.8327175621,311.36258963865833,271,45:11
57.5%,2872500,11490.000000505823,-3526007.456556026,576089.0375314782,311.4832733551288,271,45:08
57.5%,2875000,11500.00000050786,-3530032.069644658,574786.1621381664,310.778826879248,271,45:05
57.5%,2877500,11510.000000509897,-3527541.9657698423,575566.008854584,311.2004790755576,271,45:02
57.6%,2880000,11520.000000511935,-3526476.117227612,576181.1627608966,311.53308417628386,271,44:59
57.6%,2882500,11530.000000513972,-3526951.8961548917,574997.6189179213,310.89315859820147,271,44:55
57.7%,2885000,11540.00000051601,-3531589.5330326185,574654.6315001763,310.7077101056271,271,44:52
57.8%,2887500,11550.000000518046,-3524957.6456877515,574563.535507062,310.65845577812524,271,44:49
57.8%,2890000,11560.000000520084,-3529760.833210204,574994.9971376376,310.8917410383251,271,44:46
57.9%,2892500,11570.00000052212,-3526710.0010000207,576332.1653494576,311.61472916083625,271,44:43
57.9%,2895000,11580.000000524158,-3528467.4953542333,575702.3696913922,311.2742074700232,271,44:39
58.0%,2897500,11590.000000526195,-3528117.791856276,575524.2030107462,311.177875241366,271,44:36
58.0%,2900000,11600.000000528233,-3528288.4080131073,576076.9415884335,311.47673324815156,271,44:33
58.0%,2902500,11610.00000053027,-3530070.1632610317,577310.5909878738,312.14375019878963,271,44:30
58.1%,2905000,11620.000000532307,-3527878.76945523,576746.9377696083,311.838990798724,271,44:27
58.1%,2907500,11630.000000534345,-3529170.634729672,574277.1375508135,310.50360441473754,271,44:23
58.2%,2910000,11640.000000536382,-3526569.9975489136,573142.4323105256,309.8900851850494,271,44:20
58.2%,2912500,11650.000000538419,-3528815.831984829,574047.8975460433,310.37965755510663,271,44:17
58.3%,2915000,11660.000000540456,-3528480.411874501,576769.427728986,311.85115080474424,271,44:14
58.4%,2917500,11670.000000542494,-3524679.6606213134,573609.281343933,310.14250391829154,271,44:11
58.4%,2920000,11680.00000054453,-3525624.6771934796,574912.8254637676,310.8473119652365,271,44:08
58.5%,2922500,11690.000000546568,-3526816.573836347,573831.0672892927,310.2624204724076,271,44:04
58.5%,2925000,11700.000000548605,-3526735.253920138,576912.9183929153,311.9287341968673,271,44:01
58.5%,2927500,11710.000000550643,-3529409.5679939147,574245.5284618415,310.48651382307656,271,43:58
58.6%,2930000,11720.00000055268,-3524401.3758052364,575727.4581434426,311.28777244463475,271,43:55
58.6%,2932500,11730.000000554717,-3529210.0289296396,575157.3318207648,310.9795131276817,271,43:52
58.7%,2935000,11740.000000556754,-3527617.7289134823,576311.0774405311,311.6033272238565,271,43:48
58.8%,2937500,11750.000000558792,-3528211.7998191044,573995.3628364478,310.3512527734783,271,43:45
58.8%,2940000,11760.000000560829,-3526436.2520212345,573735.0541480585,310.21050751179155,271,43:42
58.9%,2942500,11770.000000562866,-3532373.745640222,574909.7702656072,310.84566006238504,271,43:39
58.9%,2945000,11780.000000564904,-3528137.244980743,577831.0477653376,312.4251538883633,271,43:36
59.0%,2947500,11790.00000056694,-3524904.4610179104,576093.3798490383,311.48562118541105,271,43:32
59.0%,2950000,11800.000000568978,-3529146.5150184333,573918.9911675127,310.3099596818177,271,43:29
59.0%,2952500,11810.000000571015,-3526109.043357486,574538.2388923175,310.6447782528608,271,43:26
59.1%,2955000,11820.000000573053,-3525502.941980047,576255.1702884763,311.573099009828,271,43:23
59.1%,2957500,11830.00000057509,-3527741.8327805307,574416.6718515443,310.5790486566956,271,43:20
59.2%,2960000,11840.000000577127,-3528405.213669248,575039.5153169958,310.9158113943412,271,43:17
59.2%,2962500,11850.000000579164,-3527311.8741422277,574118.0371566862,310.4175810601407,271,43:13
59.3%,2965000,11860.000000581202,-3533177.6918873787,575050.8583212441,310.9219443978576,271,43:10
59.4%,2967500,11870.000000583239,-3531588.2173290607,575908.7977133307,311.3858202100628,271,43:07
59.4%,2970000,11880.000000585276,-3526873.944020206,575099.766097194,310.9483881472659,271,43:04
59.5%,2972500,11890.000000587313,-3528941.626408154,575870.9117987319,311.3653358267045,271,43:01
59.5%,2975000,11900.00000058935,-3529892.9180116393,577049.4130073953,312.0025349230463,271,42:57
59.5%,2977500,11910.000000591388,-3529223.781372769,576538.3201821009,311.72619419125044,271,42:54
59.6%,2980000,11920.000000593425,-3525412.6456301473,574776.4812679756,310.7735925683351,271,42:51
59.6%,2982500,11930.000000595463,-3528445.7093409,578663.2857223146,312.8751332946029,271,42:48
59.7%,2985000,11940.0000005975,-3529107.2366285007,575654.6550964672,311.24840885688224,271,42:45
59.8%,2987500,11950.000000599537,-3525922.599511776,573503.7119408918,310.0854240207703,271,42:41
59.8%,2990000,11960.000000601574,-3528901.160776494,577269.8121897941,312.1217016738537,271,42:38
59.9%,2992500,11970.000000603612,-3529297.7304662317,576517.419513853,311.714893492683,271,42:35
59.9%,2995000,11980.000000605649,-3529211.7365240734,575537.4769389906,311.1850522684408,271,42:32
60.0%,2997500,11990.000000607686,-3530483.44264178,575534.2724521444,311.183319647288,271,42:29
60.0%,3000000,12000.000000609723,-3530941.306396086,577093.008786402,312.0261065501122,271,42:25
60.0%,3002500,12010.00000061176,-3530421.132983517,578241.4682118301,312.6470624750518,271,42:22
60.1%,3005000,12020.000000613798,-3527478.224867504,576788.4738727001,311.86144878787246,271,42:19
60.1%,3007500,12030.000000615835,-3528252.4286404997,575498.1895975756,311.16381015323265,271,42:16
60.2%,3010000,12040.000000617873,-3527701.8929512314,575936.5334076567,311.40081651149296,271,42:13
60.2%,3012500,12050.00000061991,-3527572.4343917407,574516.2856187162,310.6329084253225,271,42:10
60.3%,3015000,12060.000000621947,-3529881.283524791,575281.3893166572,311.04658927804616,271,42:06
60.4%,3017500,12070.000000623984,-3527099.8281554673,577754.4202809932,312.383722480894,271,42:03
60.4%,3020000,12080.000000626022,-3529732.577747917,573755.1086587061,310.2213507047966,271,42:00
60.5%,3022500,12090.000000628059,-3527085.5641276743,575792.1849275678,311.3227693101878,271,41:57
60.5%,3025000,12100.000000630096,-3530725.280188512,574505.362652223,310.6270025303368,271,41:54
60.5%,3027500,12110.000000632133,-3525853.0133489873,574324.3175388272,310.5291139734098,271,41:51
60.6%,3030000,12120.00000063417,-3527007.9874332175,574774.0725942322,310.7722902321802,271,41:47
60.6%,3032500,12130.000000636208,-3528312.417237088,576797.2566116268,311.86619749179096,271,41:44
60.7%,3035000,12140.000000638245,-3531254.456845399,574516.8303651589,310.63320296209383,271,41:41
60.8%,3037500,12150.000000640282,-3526178.239179354,575013.6193693159,310.90180981815337,271,41:38
60.8%,3040000,12160.00000064232,-3527577.827422878,576318.6247790644,311.60740796408646,271,41:35
60.9%,3042500,12170.000000644357,-3531632.2930066977,575584.3816281378,311.21041297687196,271,41:31
60.9%,3045000,12180.000000646394,-3529676.7897806168,577001.5403867301,311.976650867601,271,41:28
61.0%,3047500,12190.000000648432,-3529119.28949471,576680.6727485367,311.80316223,271,41:25
61.0%,3050000,12200.000000650469,-3527899.065268565,577597.3819901128,312.29881407663913,271,41:22
61.0%,3052500,12210.000000652506,-3528328.062884964,575266.1833884728,311.03836764566523,271,41:19
61.1%,3055000,12220.000000654543,-3529271.875291778,576511.8037067867,311.7118571044624,271,41:16
61.1%,3057500,12230.00000065658,-3528660.1241849214,575761.5267827818,311.3061928807285,271,41:12
61.2%,3060000,12240.000000658618,-3529294.8819143586,573489.8557373388,310.077932165592,271,41:09
61.2%,3062500,12250.000000660655,-3529183.0109303705,577608.0823644279,312.3045996191519,271,41:06
61.3%,3065000,12260.000000662692,-3527235.601710893,576523.077283768,311.71795256962804,271,41:03
61.4%,3067500,12270.00000066473,-3527573.917397991,575048.9480164559,310.920911522816,271,41:00
61.4%,3070000,12280.000000666767,-3527639.401788341,576474.7637239975,311.6918301045847,271,40:56
61.5%,3072500,12290.000000668804,-3529358.0742693637,574824.7778314975,310.7997058437449,271,40:53
61.5%,3075000,12300.000000670841,-3526901.949004883,575604.4272413696,311.22125135916895,271,40:50
61.5%,3077500,12310.000000672879,-3530148.725748483,576884.6506111546,311.9134502032141,271,40:47
61.6%,3080000,12320.000000674916,-3532218.728359202,576414.0586007116,311.65900769471637,271,40:44
61.6%,3082500,12330.000000676953,-3529680.560885189,574895.1822563389,310.83777253010686,271,40:40
61.7%,3085000,12340.00000067899,-3528227.5011199284,573736.6812276585,310.21138725094085,271,40:37
61.8%,3087500,12350.000000681028,-3529261.660477409,576057.98220467,311.4664821749134,271,40:34
61.8%,3090000,12360.000000683065,-3527874.2216549534,576362.7950983375,311.6312902370269,271,40:31
61.9%,3092500,12370.000000685102,-3528582.7711536996,573911.6168326092,310.3059724822271,271,40:28
61.9%,3095000,12380.00000068714,-3527190.8134259395,574455.334136511,310.5999528126372,271,40:25
62.0%,3097500,12390.000000689177,-3527943.9883284457,576194.8863275211,311.5405043165327,271,40:21
62.0%,3100000,12400.000000691214,-3526701.894879626,572660.653636965,309.6295942044947,271,40:18
62.0%,3102500,12410.000000693251,-3527880.036138313,574136.1643109908,310.4273821585675,271,40:15
62.1%,3105000,12420.000000695289,-3528478.635023838,574497.1374991084,310.622555305257,271,40:12
62.1%,3107500,12430.000000697326,-3529343.360962702,574137.7679993855,310.42824925041975,271,40:09
62.2%,3110000,12440.000000699363,-3530466.1688683033,576325.9618605694,311.6113750212863,271,40:06
62.2%,3112500,12450.0000007014,-3528953.2258932367,577080.1706761639,312.019165163729,271,40:02
62.3%,3115000,12460.000000703438,-3532194.5778987855,576890.1493644228,311.9164233020856,271,39:59
62.4%,3117500,12470.000000705475,-3528703.7908985205,578188.2577309646,312.6182923133632,271,39:56
62.4%,3120000,12480.000000707512,-3530259.065686086,574041.4239998662,310.37615739936325,271,39:53
62.5%,3122500,12490.00000070955,-3526682.333231384,574160.6472574233,310.4406197447727,271,39:50
62.5%,3125000,12500.000000711587,-3524613.4770091493,575839.4231163077,311.3483103371775,271,39:46
62.5%,3127500,12510.000000713624,-3526452.133766081,575138.0730000718,310.96910015308987,271,39:43
62.6%,3130000,12520.000000715661,-3527875.638774013,575896.2601980026,311.37904135113695,271,39:40
62.6%,3132500,12530.000000717699,-3527162.6853983738,575625.4038393402,311.23259311187394,271,39:37
62.7%,3135000,12540.000000719736,-3526655.623736942,574291.70403505,310.5114803087324,271,39:34
62.8%,3137500,12550.000000721773,-3527703.393232718,575334.8826867247,311.0755123939638,271,39:31
62.8%,3140000,12560.00000072381,-3531916.1107634064,578227.9901631677,312.6397750829261,271,39:27
62.9%,3142500,12570.000000725848,-3526194.170119116,576581.5805418986,311.74958446184826,271,39:24
62.9%,3145000,12580.000000727885,-3525710.095836945,577248.9786538268,312.11043727277,271,39:21
63.0%,3147500,12590.000000729922,-3525046.69909695,575141.3627411386,310.9708788700055,271,39:18
63.0%,3150000,12600.00000073196,-3527719.580145942,574601.2960611283,310.6788723807995,271,39:15
63.0%,3152500,12610.000000733997,-3526820.570518041,574263.9619268366,310.4964805394032,271,39:12
63.1%,3155000,12620.000000736034,-3526659.0897073634,574347.9965294974,310.5419168719952,271,39:08
63.1%,3157500,12630.000000738071,-3529684.3225069307,577402.6595555034,312.19353038370906,271,39:05
63.2%,3160000,12640.000000740109,-3528493.379608514,575215.8803068507,311.0111694740238,271,39:02
63.2%,3162500,12650.000000742146,-3526103.226971943,575489.9090598306,311.15933298245886,271,38:59
63.3%,3165000,12660.000000744183,-3526627.2885339446,576176.813615222,311.53073265413576,271,38:56
63.4%,3167500,12670.00000074622,-3528234.583916558,575964.5094132989,311.4159427458858,271,38:52
63.4%,3170000,12680.000000748258,-3524411.761580322,573616.1187963395,310.146200833036,271,38:49
63.5%,3172500,12690.000000750295,-3528229.462449502,575644.93536486,311.24315353414585,271,38:46
63.5%,3175000,12700.000000752332,-3529594.633798115,575290.5137388586,311.05152272532536,271,38:43
63.5%,3177500,12710.00000075437,-3528603.745483864,575326.5360295342,311.07099947333194,271,38:40
63.6%,3180000,12720.000000756407,-3525732.8327235784,575926.2427112514,311.39525247608765,271,38:36
63.6%,3182500,12730.000000758444,-3526767.2186690904,573969.5275964441,310.3372840210807,271,38:33
63.7%,3185000,12740.000000760481,-3530883.237985987,573291.2258018004,309.9705357416418,271,38:30
63.8%,3187500,12750.000000762519,-3529920.357078014,575981.9285596065,311.4253610343056,271,38:27
63.8%,3190000,12760.000000764556,-3528282.4698353037,576350.9640911034,311.6248933771315,271,38:24
63.9%,3192500,12770.000000766593,-3532470.8468160853,572871.9686709035,309.7438492834706,271,38:21
63.9%,3195000,12780.00000076863,-3529298.8066851087,574806.023848566,310.7895658278596,271,38:17
64.0%,3197500,12790.000000770668,-3528774.4001873955,575518.3329744429,311.17470139495794,271,38:14
64.0%,3200000,12800.000000772705,-3530013.949800119,576527.7337823361,311.7204702731806,271,38:11
64.0%,3202500,12810.000000774742,-3529167.0502526723,575389.6223934143,311.1051093866357,271,38:08
64.1%,3205000,12820.00000077678,-3527796.8418815974,575588.2283474156,311.2124928441048,271,38:05
64.2%,3207500,12830.000000778817,-3524752.291475501,575582.2178580728,311.20924305670565,271,38:01
64.2%,3210000,12840.000000780854,-3525923.044628408,576232.9889983451,311.5611058969458,271,37:58
64.2%,3212500,12850.000000782891,-3528504.775369808,575384.6105763988,311.10239956737564,271,37:55
64.3%,3215000,12860.000000784928,-3527890.94578873,574089.10108702,310.4019357325777,271,37:52
64.3%,3217500,12870.000000786966,-3524679.362664856,575196.342326722,311.00060556183536,271,37:49
64.4%,3220000,12880.000000789003,-3529728.848545518,575492.0179546963,311.1604732323736,271,37:46
64.5%,3222500,12890.00000079104,-3530279.357947089,576744.1330317707,311.83747431626097,271,37:42
64.5%,3225000,12900.000000793078,-3527921.351053983,574444.2345905015,310.59395144358047,271,37:39
64.5%,3227500,12910.000000795115,-3526856.291931959,576222.2608920503,311.5553053601401,271,37:36
64.6%,3230000,12920.000000797152,-3527081.0216110926,576577.237513882,311.74723624743217,271,37:33
64.7%,3232500,12930.00000079919,-3530729.8407809976,575601.2265369631,311.2195207831284,271,37:30
64.7%,3235000,12940.000000801227,-3529842.778222164,575810.4925574261,311.33266798921846,271,37:26
64.8%,3237500,12950.000000803264,-3529599.4252351876,574166.5627234016,310.44381815436964,271,37:23
64.8%,3240000,12960.000000805301,-3530369.3940944504,573909.8911418898,310.30503942542674,271,37:20
64.8%,3242500,12970.000000807338,-3530449.853287086,573870.7807704823,310.2838929954229,271,37:17
64.9%,3245000,12980.000000809376,-3526527.1786624305,576302.2837554613,311.5985726015119,271,37:14
65.0%,3247500,12990.000000811413,-3528500.0552781746,574655.8818090681,310.7083861301319,271,37:10
65.0%,3250000,13000.00000081345,-3530464.2511237953,577918.942116189,312.47267713273874,271,37:07
65.0%,3252500,13010.000000815488,-3530145.586948309,575605.994794151,311.2220989130013,271,37:04
65.1%,3255000,13020.000000817525,-3528303.717719853,576134.3040544915,311.50774833007716,271,37:01
65.2%,3257500,13030.000000819562,-3525268.443710897,577479.9569386463,312.2353239960755,271,36:58
65.2%,3260000,13040.0000008216,-3528663.090229079,575120.3430417243,310.9595138129537,271,36:55
65.2%,3262500,13050.000000823637,-3528415.796589954,574854.5535265976,310.81580514501945,271,36:51
65.3%,3265000,13060.000000825674,-3529568.6620686613,577971.0248721838,312.5008375493856,271,36:48
65.3%,3267500,13070.000000827711,-3528437.3109529074,575955.1855136575,311.4109014439489,271,36:45
65.4%,3270000,13080.000000829748,-3527595.138481496,574418.2055450694,310.5798779033023,271,36:42
65.5%,3272500,13090.000000831786,-3528959.546426853,575489.4358734665,311.1590771372197,271,36:39
65.5%,3275000,13100.000000833823,-3528967.8107322995,575606.0748609675,311.22214220400747,271,36:36
65.5%,3277500,13110.00000083586,-3527821.466864934,575313.8204809283,311.0641243543065,271,36:32
65.6%,3280000,13120.000000837897,-3529175.2687484305,574756.841178567,310.7629734470893,271,36:29
65.7%,3282500,13130.000000839935,-3527666.2870527674,576430.2774530083,311.6677770009769,271,36:26
65.7%,3285000,13140.000000841972,-3529438.833520012,575075.2559900318,310.93513587563467,271,36:23
65.8%,3287500,13150.00000084401,-3527989.0740579776,578461.2812688028,312.76591231605113,271,36:20
65.8%,3290000,13160.000000846047,-3524842.451990772,576460.8317090111,311.6842972592263,271,36:16
65.8%,3292500,13170.000000848084,-3528327.7553220484,575224.3309422189,311.01573861419996,271,36:13
65.9%,3295000,13180.000000850121,-3526525.825384544,575376.5488232337,311.09804069035965,271,36:10
66.0%,3297500,13190.000000852158,-3527920.9537690524,576034.1965566678,311.4536216082025,271,36:07
66.0%,3300000,13200.000000854196,-3525470.884391172,576330.807714111,311.6139951064207,271,36:04
66.0%,3302500,13210.000000856233,-3531868.8733637966,574158.8221027676,310.43963290921516,271,36:01
66.1%,3305000,13220.00000085827,-3529066.514310481,573320.9756352366,309.98662105987694,271,35:57
66.2%,3307500,13230.000000860307,-3528401.034473954,578325.9934572547,312.6927640913138,271,35:54
66.2%,3310000,13240.000000862345,-3529442.4007445537,576360.9296329255,311.6302816060081,271,35:51
66.2%,3312500,13250.000000864382,-3531416.848401688,574317.6789209642,310.5255245657179,271,35:48
66.3%,3315000,13260.00000086642,-3524659.576423567,574615.5825029854,310.6865968598025,271,35:45
66.3%,3317500,13270.000000868456,-3529850.1550871413,573666.7154757914,310.1735577489116,271,35:41
66.4%,3320000,13280.000000870494,-3526950.701116197,573191.9101919984,309.91683718252847,271,35:38
66.5%,3322500,13290.000000872531,-3528767.888079185,575979.6773485739,311.4241438360328,271,35:35
66.5%,3325000,13300.000000874568,-3530892.053242551,575379.5929889774,311.0996866281379,271,35:32
66.5%,3327500,13310.000000876606,-3528468.203221904,576404.3601646468,311.65376388618137,271,35:29
66.6%,3330000,13320.000000878643,-3530185.0195592474,575770.1628258791,311.3108622682667,271,35:26
66.7%,3332500,13330.00000088068,-3525748.204367785,576136.6110345928,311.50899568190425,271,35:22
66.7%,3335000,13340.000000882717,-3527245.1809515655,577735.1170530255,312.3732854959108,271,35:19
66.8%,3337500,13350.000000884755,-3530022.3289773576,576584.1246070983,311.7509600022672,271,35:16
66.8%,3340000,13360.000000886792,-3526825.6768754553,574637.7784379689,310.6985978909512,271,35:13
66.8%,3342500,13370.00000088883,-3528052.1609705426,574959.8285935179,310.8727258991229,271,35:10
66.9%,3345000,13380.000000890866,-3529334.4168368243,576151.27738086,311.5169255699004,271,35:06
67.0%,3347500,13390.000000892904,-3527156.4600677956,575320.8511018892,311.0679257125827,271,35:03
67.0%,3350000,13400.000000894941,-3528258.0993216056,573384.52535535,310.02098150340584,271,35:00
67.0%,3352500,13410.000000896978,-3530709.295212332,573937.6831903446,310.320066196745,271,34:57
67.1%,3355000,13420.000000899016,-3528166.4655898325,574480.3814879328,310.6134955647145,271,34:54
67.2%,3357500,13430.000000901053,-3527852.479025934,577300.5433585964,312.13831758637576,271,34:50
67.2%,3360000,13440.00000090309,-3528652.5983167533,576021.4011984835,311.44670333725594,271,34:47
67.2%,3362500,13450.000000905127,-3527640.8138934504,576679.5297875039,311.8025442469789,271,34:44
67.3%,3365000,13460.000000907165,-3525635.7103379555,577213.1023799605,312.0910394740069,271,34:41
67.3%,3367500,13470.000000909202,-3531532.044712119,575681.5034938767,311.26292540929796,271,34:38
67.4%,3370000,13480.00000091124,-3526543.1352984626,576651.8973498862,311.78760377500464,271,34:35
67.5%,3372500,13490.000000913276,-3529048.0952016693,577028.2250871729,311.99107891135975,271,34:31
67.5%,3375000,13500.000000915314,-3532201.2167185694,574483.456656724,310.61515826540625,271,34:28
67.5%,3377500,13510.000000917351,-3527992.420269184,572977.7848975114,309.80106263503717,271,34:25
67.6%,3380000,13520.000000919388,-3529599.5625645556,574487.685800115,310.6174449040004,271,34:22
67.7%,3382500,13530.000000921425,-3530362.336547533,573715.6237762569,310.2000017819182,271,34:19
67.7%,3385000,13540.000000923463,-3530020.392773319,574387.2060454682,310.56311690807576,271,34:16
67.8%,3387500,13550.0000009255,-3526438.399272112,574416.4668617146,310.578937821566,271,34:12
67.8%,3390000,13560.000000927537,-3530526.0391676817,575037.0933325726,310.9145018612881,271,34:09
67.8%,3392500,13570.000000929575,-3526650.5333934613,574451.9639259204,310.5981305869772,271,34:06
67.9%,3395000,13580.000000931612,-3532639.413194837,576619.3085116285,311.76998344662826,271,34:03
68.0%,3397500,13590.000000933649,-3530747.6280103996,574551.4627105911,310.65192818617624,271,34:00
68.0%,3400000,13600.000000935686,-3530245.703923732,573701.7165963023,310.19248236451364,271,33:56
68.0%,3402500,13610.000000937724,-3529395.6185632404,575167.6758410161,310.9851059945436,271,33:53
68.1%,3405000,13620.00000093976,-3532227.7512701694,575953.1812516144,311.4098177675357,271,33:50
68.2%,3407500,13630.000000941798,-3528528.0851850677,576495.2485657652,311.7029059715988,271,33:47
68.2%,3410000,13640.000000943835,-3530087.5634662863,573776.3113732521,310.23281471556663,271,33:44
68.2%,3412500,13650.000000945873,-3530204.526298661,575021.3526517407,310.9059910956409,271,33:41
68.3%,3415000,13660.00000094791,-3528546.3766363673,576612.3864694051,311.76624079535463,271,33:37
68.3%,3417500,13670.000000949947,-3527427.310223045,573154.7776674646,309.8967601466257,271,33:34
68.4%,3420000,13680.000000951984,-3527434.093128754,574240.4224766283,310.483753088391,271,33:31
68.5%,3422500,13690.000000954022,-3532807.0830120835,575577.4331582102,311.2066560365089,271,33:28
68.5%,3425000,13700.000000956059,-3529583.2679904364,574735.5901258799,310.7514833005633,271,33:25
68.5%,3427500,13710.000000958096,-3528416.8295202404,575438.1842700199,311.13136611311364,271,33:21
68.6%,3430000,13720.000000960134,-3529557.744512772,576781.2003933986,311.8575161194933,271,33:18
68.7%,3432500,13730.00000096217,-3529014.237321822,576286.808871845,311.5902055486961,271,33:15
68.7%,3435000,13740.000000964208,-3526081.170139121,574544.0741890715,310.64793331608115,271,33:12
68.8%,3437500,13750.000000966245,-3532317.618527528,577136.8601770159,312.04981638279384,271,33:09
68.8%,3440000,13760.000000968283,-3530028.1582005713,577324.5628708785,312.1513046002271,271,33:05
68.8%,3442500,13770.00000097032,-3526296.255561171,579326.7875149307,313.23387942024806,271,33:02
68.9%,3445000,13780.000000972357,-3528484.113448411,576021.7208596037,311.4468761735462,271,32:59
69.0%,3447500,13790.000000974394,-3529104.898536125,575002.8689433159,310.8959972133956,271,32:56
69.0%,3450000,13800.000000976432,-3526646.465471735,575388.2273431008,311.1043551024716,271,32:53
69.0%,3452500,13810.000000978469,-3528923.7462816723,574502.7409375862,310.62558500595486,271,32:50
69.1%,3455000,13820.000000980506,-3530081.891015975,575249.5248977344,311.02936063305725,271,32:46
69.2%,3457500,13830.000000982543,-3528707.352801552,576231.0514477901,311.56005829049985,271,32:43
69.2%,3460000,13840.00000098458,-3532482.129918309,575619.1390183945,311.2292058109395,271,32:40
69.2%,3462500,13850.000000986618,-3529342.148786472,576102.7817303375,311.4907046509381,271,32:37
69.3%,3465000,13860.000000988655,-3525843.966271559,575022.7255620073,310.9067334089918,271,32:34
69.3%,3467500,13870.000000990693,-3528821.6714479513,575255.7714935625,311.0327380799259,271,32:30
69.4%,3470000,13880.00000099273,-3526881.3682444766,574561.6865860474,310.6574560924304,271,32:27
69.5%,3472500,13890.000000994767,-3531650.0083535183,573730.8653372572,310.20824268046357,271,32:24
69.5%,3475000,13900.000000996804,-3525703.6886861715,575949.700677239,311.4079358697231,271,32:21
69.5%,3477500,13910.000000998842,-3528379.690688459,575868.6385734782,311.36410672565074,271,32:18
69.6%,3480000,13920.000001000879,-3531825.626270432,572366.2728503498,309.47042663654264,271,32:14
69.7%,3482500,13930.000001002916,-3527132.5950565264,576067.8931341316,311.4718408756516,271,32:11
69.7%,3485000,13940.000001004953,-3527101.455618575,575886.4644208835,311.3737449116574,271,32:08
69.8%,3487500,13950.00000100699,-3529568.540373357,574836.0943283876,310.805824515104,271,32:05
69.8%,3490000,13960.000001009028,-3528997.3611308746,575223.2035702313,311.0151290599573,271,32:02
69.8%,3492500,13970.000001011065,-3531772.59411373,577688.7148861666,312.348196494242,271,31:58
69.9%,3495000,13980.000001013103,-3527348.6436544657,577820.6446720667,312.41952908154707,271,31:55
70.0%,3497500,13990.00000101514,-3525970.09064178,573403.0126943958,310.03097734867714,271,31:52
70.0%,3500000,14000.000001017177,-3527659.4698036388,575906.088962741,311.3843556265602,271,31:49
70.0%,3502500,14010.000001019214,-3528133.0357615016,577577.8671326039,312.28826266652726,271,31:46
70.1%,3505000,14020.000001021252,-3529180.546741998,575802.4477317884,311.32831826467947,271,31:43
70.2%,3507500,14030.000001023289,-3522877.19634158,573456.1965669313,310.05973312361436,271,31:39
70.2%,3510000,14040.000001025326,-3528326.7187871225,574936.6224617203,310.86017866870657,271,31:36
70.2%,3512500,14050.000001027363,-3526232.648187604,576536.3266801613,311.72511633267453,271,31:33
70.3%,3515000,14060.0000010294,-3529465.1875316035,575370.4598454689,311.0947484653701,271,31:30
70.3%,3517500,14070.000001031438,-3528320.6039303057,577432.681936451,312.2097630645661,271,31:27
70.4%,3520000,14080.000001033475,-3529426.712968165,574555.400045106,310.65405704779846,271,31:23
70.5%,3522500,14090.000001035512,-3530049.1679952014,575873.5640628603,311.3667698687687,271,31:20
70.5%,3525000,14100.00000103755,-3528017.880375834,576591.4812135028,311.7549376163067,271,31:17
70.5%,3527500,14110.000001039587,-3525736.4180801995,575048.3766703322,310.92060260396977,271,31:14
70.6%,3530000,14120.000001041624,-3525878.288025176,575502.3270863785,311.1660472354749,271,31:11
70.7%,3532500,14130.000001043662,-3529990.050970843,575322.3101737458,311.06871461229844,271,31:08
70.7%,3535000,14140.000001045699,-3528744.6877778154,573588.3756769698,310.1312005169887,271,31:04
70.8%,3537500,14150.000001047736,-3527786.8672596384,575504.1609947849,311.16703880406277,271,31:01
70.8%,3540000,14160.000001049773,-3527969.495160956,575140.3373515132,310.97032445619766,271,30:58
70.8%,3542500,14170.00000105181,-3530282.0411562547,573401.978531177,310.03041819111013,271,30:55
70.9%,3545000,14180.000001053848,-3532286.9116720688,575857.4150584094,311.35803832826,271,30:52
71.0%,3547500,14190.000001055885,-3530555.961898377,576469.7632583171,311.6891264228325,271,30:48
71.0%,3550000,14200.000001057922,-3529952.6209830176,575301.388449419,311.0574025290041,271,30:45
71.0%,3552500,14210.00000105996,-3522331.8147687633,574605.7322328635,310.68127095671963,271,30:42
71.1%,3555000,14220.000001061997,-3529387.332391614,575234.403418031,311.0211846607871,271,30:39
71.2%,3557500,14230.000001064034,-3530307.052690102,576600.1487074955,311.75962400890353,271,30:36
71.2%,3560000,14240.000001066071,-3530926.0020175204,575739.7412825149,311.2944137658821,271,30:33
71.2%,3562500,14250.000001068109,-3529205.301656179,575349.9942778856,311.0836830196376,271,30:29
71.3%,3565000,14260.000001070146,-3529349.1974870134,577199.8371119128,312.0838671293792,271,30:26
71.3%,3567500,14270.000001072183,-3528825.902428096,575858.7105672593,311.3587387917491,271,30:23
71.4%,3570000,14280.00000107422,-3528956.0405439734,573310.4598086928,309.98093529975915,271,30:20
71.5%,3572500,14290.000001076258,-3525457.096252188,574128.8076687697,310.42340452516254,271,30:17
71.5%,3575000,14300.000001078295,-3530139.2960418426,574775.9649473977,310.77331340103075,271,30:13
71.5%,3577500,14310.000001080332,-3528531.4518522024,574948.3677389179,310.8665291755721,271,30:10
71.6%,3580000,14320.00000108237,-3530292.3344677463,576339.0286727517,311.61844006360735,271,30:07
71.7%,3582500,14330.000001084407,-3529502.1854962613,575443.4686611644,311.1342233093874,271,30:04
71.7%,3585000,14340.000001086444,-3531772.5813994277,573670.3998793417,310.17554985430405,271,30:01
71.8%,3587500,14350.000001088481,-3530931.6253200565,575713.3632136988,311.28015151354896,271,29:58
71.8%,3590000,14360.000001090519,-3527409.540107282,577582.743651218,312.29089933183684,271,29:54
71.8%,3592500,14370.000001092556,-3529739.9098777194,575112.0605341436,310.9550355771173,271,29:51
71.9%,3595000,14380.000001094593,-3528843.095165113,573370.2371250598,310.0132560574222,271,29:48
72.0%,3597500,14390.00000109663,-3529778.758662656,574831.9338152629,310.80357498393346,271,29:45
72.0%,3600000,14400.000001098668,-3529492.1460272744,575282.7231029698,311.0473104376232,271,29:42
72.0%,3602500,14410.000001100705,-3530423.908829391,573353.5174152436,310.0042159445163,271,29:39
72.1%,3605000,14420.000001102742,-3527727.486631332,573237.6096445278,309.9415462364022,271,29:35
72.2%,3607500,14430.00000110478,-3528385.8844923005,575719.157337497,311.28328431512875,271,29:32
72.2%,3610000,14440.000001106817,-3531814.7397521194,574319.8787940776,310.52671400629686,271,29:29
72.2%,3612500,14450.000001108854,-3527500.036182072,577193.9881619099,312.08070468403844,271,29:26
72.3%,3615000,14460.000001110891,-3528197.5551238954,575698.5186783995,311.27212528123897,271,29:23
72.3%,3617500,14470.000001112929,-3527904.60394679,575946.1648101833,311.40602407593275,271,29:19
72.4%,3620000,14480.000001114966,-3526623.8342503905,573750.2475263712,310.2187223586326,271,29:16
72.5%,3622500,14490.000001117003,-3528310.7244852763,574122.1401050065,310.41979946682784,271,29:13
72.5%,3625000,14500.00000111904,-3526836.896445928,575867.9521956764,311.36373561078733,271,29:10
72.5%,3627500,14510.000001121078,-3526310.7949549835,573775.0167369349,310.23211472384384,271,29:07
72.6%,3630000,14520.000001123115,-3525933.1831557043,576628.3160955161,311.77485372106764,271,29:03
72.7%,3632500,14530.000001125152,-3527440.202372106,576412.415302132,311.658119186192,271,29:00
72.7%,3635000,14540.00000112719,-3531706.3205861393,576260.0739637079,311.5757503583403,271,28:57
72.8%,3637500,14550.000001129227,-3530227.5379020125,575143.0279540858,310.97177922732163,271,28:54
72.8%,3640000,14560.000001131264,-3523997.589647662,574882.5536962841,310.8309444445726,271,28:51
72.8%,3642500,14570.000001133301,-3529151.573823737,576140.6674545169,311.5111889313392,271,28:48
72.9%,3645000,14580.000001135339,-3530231.43208923,578489.996256077,312.78143810746144,271,28:44
73.0%,3647500,14590.000001137376,-3530982.444491213,576445.2740739968,311.67588546388873,271,28:41
73.0%,3650000,14600.000001139413,-3526943.572953984,574797.3125010026,310.78485572425126,271,28:38
73.0%,3652500,14610.00000114145,-3529052.315058887,576284.5038163618,311.58895923748304,271,28:35
73.1%,3655000,14620.000001143488,-3528405.8215227798,575332.5146145684,311.07423201051836,271,28:32
73.2%,3657500,14630.000001145525,-3528822.724851096,576212.2828919308,311.54991039523657,271,28:28
73.2%,3660000,14640.000001147562,-3528332.8370560706,574349.6402705121,310.5428056197381,271,28:25
73.2%,3662500,14650.0000011496,-3526743.152386574,576070.6171150645,311.47331369398745,271,28:22
73.3%,3665000,14660.000001151637,-3526444.1896763816,576785.8743184913,311.8600432453236,271,28:19
73.3%,3667500,14670.000001153674,-3526939.099035777,576486.5872625001,311.6982229262416,271,28:16
73.4%,3670000,14680.000001155711,-3530596.4463927317,576120.8319598257,311.5004641571941,271,28:13
73.5%,3672500,14690.000001157749,-3529136.4688101057,573558.2224406723,310.1148970844769,271,28:09
73.5%,3675000,14700.000001159786,-3528319.4686974324,573758.6090359823,310.2232433097603,271,28:06
73.5%,3677500,14710.000001161823,-3528509.8780030254,574557.8229221646,310.655367063487,271,28:03
73.6%,3680000,14720.00000116386,-3528549.1021750104,574617.2869100205,310.6875184088129,271,28:00
73.7%,3682500,14730.000001165898,-3529842.308607161,575597.8873354585,311.2177153236468,271,27:57
73.7%,3685000,14740.000001167935,-3527376.14593124,575813.6284043989,311.33436349775315,271,27:53
73.8%,3687500,14750.000001169972,-3524555.975578325,575410.7337465377,311.1165239995644,271,27:50
73.8%,3690000,14760.00000117201,-3527119.256625565,576374.1106535118,311.6374083992135,271,27:47
73.8%,3692500,14770.000001174047,-3526378.5266470388,573451.4650850724,310.0571748776468,271,27:44
73.9%,3695000,14780.000001176084,-3528738.1225175224,574694.5166285923,310.72927543589344,271,27:41
74.0%,3697500,14790.000001178121,-3529519.0773514807,575557.2507388387,311.19574368504846,271,27:38
74.0%,3700000,14800.000001180159,-3526820.5404824186,575621.5121119781,311.23048890940044,271,27:34
74.0%,3702500,14810.000001182196,-3529173.824261518,576248.3519577368,311.569412433901,271,27:31
74.1%,3705000,14820.000001184233,-3527283.902208239,577070.6940139785,312.01404126522425,271,27:28
74.2%,3707500,14830.00000118627,-3530121.8513315637,574689.2505863671,310.72642816062336,271,27:25
74.2%,3710000,14840.000001188308,-3528943.5163173303,576768.4799794968,311.85063836987047,271,27:22
74.2%,3712500,14850.000001190345,-3526700.9912563264,575629.1384348893,311.23461235537707,271,27:19
74.3%,3715000,14860.000001192382,-3526930.3852191456,573648.088921106,310.163486631694,271,27:15
74.3%,3717500,14870.00000119442,-3527343.9959974717,576306.9505964972,311.6010958970918,271,27:12
74.4%,3720000,14880.000001196457,-3527036.0887780767,575329.1328382933,311.0724035314547,271,27:09
74.5%,3722500,14890.000001198494,-3528532.6229817085,576066.1252287297,311.4708849939637,271,27:06
74.5%,3725000,14900.000001200531,-3528739.945061572,577928.593714207,312.4778956165978,271,27:03
74.5%,3727500,14910.000001202568,-3532330.6688085347,575718.2971030385,311.2828191984063,271,26:59
74.6%,3730000,14920.000001204606,-3524528.086296104,575551.2929777966,311.1925224071029,271,26:56
74.7%,3732500,14930.000001206643,-3528467.3699422926,575712.8359848035,311.2798664482701,271,26:53
74.7%,3735000,14940.00000120868,-3534083.6147686206,574460.0783999665,310.60251796943504,271,26:50
74.8%,3737500,14950.000001210718,-3532077.688970048,576073.368481209,311.47480131912357,271,26:47
74.8%,3740000,14960.000001212755,-3530854.2614165265,575871.5392901255,311.3656751025118,271,26:43
74.8%,3742500,14970.000001214792,-3525018.0902571734,577210.3962682593,312.08957631731437,271,26:40
74.9%,3745000,14980.00000121683,-3526712.8903817646,575360.7948094095,311.0895227157503,271,26:37
75.0%,3747500,14990.000001218867,-3528476.6474537347,577297.1549256446,312.13648550814025,271,26:34
75.0%,3750000,15000.000001220904,-3527320.548471773,573453.8633965713,310.0584716110812,271,26:31
75.0%,3752500,15010.000001222941,-3526757.163212536,575287.8480881336,311.0500814453159,271,26:28
75.1%,3755000,15020.000001224978,-3526960.4201363865,574251.9983156432,310.4900119824044,271,26:24
75.2%,3757500,15030.000001227016,-3528397.600597691,577353.630086231,312.16702083642576,271,26:21
75.2%,3760000,15040.000001229053,-3526271.2928921953,573692.9189666214,310.187725609373,271,26:18
75.2%,3762500,15050.00000123109,-3529303.2218344808,574251.1368161489,310.4895461816948,271,26:15
75.3%,3765000,15060.000001233127,-3527828.7017908096,577133.2009064608,312.0478378664598,271,26:12
75.3%,3767500,15070.000001235165,-3528468.3824651204,577044.5966179371,311.9999307687291,271,26:08
75.4%,3770000,15080.000001237202,-3526497.6056805067,577885.1685236862,312.4544162243368,271,26:05
75.5%,3772500,15090.00000123924,-3526718.484098116,576771.2988864258,311.85216251336277,271,26:02
75.5%,3775000,15100.000001241277,-3525731.149293149,574044.532306559,310.3778380172542,271,25:59
75.5%,3777500,15110.000001243314,-3527671.703689862,574077.7926209529,310.3958214033721,271,25:56
75.6%,3780000,15120.000001245351,-3531669.6538704187,574136.9967864666,310.4278322663968,271,25:53
75.7%,3782500,15130.000001247388,-3529091.724896323,576223.2581911052,311.55584458576993,271,25:49
75.7%,3785000,15140.000001249426,-3531009.1524267904,576413.2818131165,311.6585876965441,271,25:46
75.8%,3787500,15150.000001251463,-3530139.0607307684,576541.3729562031,311.72784478344744,271,25:43
75.8%,3790000,15160.0000012535,-3527861.549288897,575267.0467080515,311.03883443046897,271,25:40
75.8%,3792500,15170.000001255537,-3527267.458861867,574303.0155249772,310.51759627289687,271,25:37
75.9%,3795000,15180.000001257575,-3530257.374877395,575649.0362619659,311.24537083177,271,25:34
76.0%,3797500,15190.000001259612,-3530699.887200417,575975.0808954354,311.42165859820295,271,25:30
76.0%,3800000,15200.00000126165,-3530841.8678714614,572838.638574914,309.7258281674214,271,25:27
76.0%,3802500,15210.000001263686,-3529295.8014564756,573982.205633346,310.34413885805316,271,25:24
76.1%,3805000,15220.000001265724,-3527296.5203421023,573663.0254284622,310.1715625920069,271,25:21
76.2%,3807500,15230.000001267761,-3525035.814092595,576982.5833231423,311.9664010488493,271,25:18
76.2%,3810000,15240.000001269798,-3527305.7660494465,574049.270541778,310.38039991466894,271,25:14
76.2%,3812500,15250.000001271836,-3527062.2197121233,572831.0358035802,309.7217174554527,271,25:11
76.3%,3815000,15260.000001273873,-3530760.856244225,574138.837947285,310.42882775626236,271,25:08
76.3%,3817500,15270.00000127591,-3527497.490357397,576934.7313791476,311.9405281729902,271,25:05
76.4%,3820000,15280.000001277947,-3532634.7987299003,574681.5498815391,310.7222644973861,271,25:02
76.5%,3822500,15290.000001279985,-3529428.4805144034,573117.2687577441,309.8764796045245,271,24:59
76.5%,3825000,15300.000001282022,-3528848.2696766052,574512.1744090643,310.6306855518492,271,24:55
76.5%,3827500,15310.00000128406,-3530958.756443592,574328.8893034509,310.53158586250544,271,24:52
76.6%,3830000,15320.000001286096,-3525940.2523491904,572925.6132750188,309.77285416951963,271,24:49
76.7%,3832500,15330.000001288134,-3527878.933794277,574645.3669280217,310.70270088123124,271,24:46
76.7%,3835000,15340.000001290171,-3530488.5364688765,575003.0310741905,310.8960848752885,271,24:43
76.8%,3837500,15350.000001292208,-3527364.5424242374,576612.9807020543,311.7665620886247,271,24:39
76.8%,3840000,15360.000001294246,-3526261.9005418867,576264.2654763678,311.57801665052534,271,24:36
76.8%,3842500,15370.000001296283,-3526343.967045825,575206.894284314,311.00631085750484,271,24:33
76.9%,3845000,15380.00000129832,-3528578.1631066613,575889.8454506556,311.3755729870973,271,24:30
77.0%,3847500,15390.000001300357,-3527266.960021481,575348.5638687233,311.08290961743916,271,24:27
77.0%,3850000,15400.000001302395,-3531237.5406626854,574994.6515749616,310.89155419742656,271,24:24
77.0%,3852500,15410.000001304432,-3528577.090344729,576550.0727412999,311.73254863539205,271,24:20
77.1%,3855000,15420.00000130647,-3527190.329388147,576835.9125175676,311.8870981986827,271,24:17
77.2%,3857500,15430.000001308506,-3530971.9408723693,576149.5093157825,311.51596960187817,271,24:14
77.2%,3860000,15440.000001310544,-3528158.139786547,575791.7827744167,311.32255187161195,271,24:11
77.2%,3862500,15450.000001312581,-3528845.501767803,574397.302929654,310.56857615192865,271,24:08
77.3%,3865000,15460.000001314618,-3529778.309262745,575925.1250364312,311.3946481649676,271,24:04
77.3%,3867500,15470.000001316655,-3526717.29873739,575333.7682694707,311.07490984416415,271,24:01
77.4%,3870000,15480.000001318693,-3525966.707064349,575809.4928532883,311.332127463194,271,23:58
77.5%,3872500,15490.00000132073,-3525690.5239385255,575673.6482871454,311.2586782090457,271,23:55
77.5%,3875000,15500.000001322767,-3530087.1511044,577892.0755907276,312.45815077873925,271,23:52
77.5%,3877500,15510.000001324805,-3530418.6119199153,576114.2404302247,311.4969002094659,271,23:49
77.6%,3880000,15520.000001326842,-3529016.8149334267,576777.9813858955,311.8557756472248,271,23:45
77.7%,3882500,15530.000001328879,-3528199.4609850273,577030.6192722057,311.9923734136718,271,23:42
77.7%,3885000,15540.000001330916,-3528612.2907451,575954.2619005053,311.41040205925447,271,23:39
77.8%,3887500,15550.000001332954,-3530245.169865312,575887.7591662335,311.37444496233275,271,23:36
77.8%,3890000,15560.00000133499,-3526418.091087118,576269.1013007,311.5806313130067,271,23:33
77.8%,3892500,15570.000001337028,-3528116.482599873,575427.4214217613,311.12554679181466,271,23:30
77.9%,3895000,15580.000001339065,-3527263.798572855,575990.7990919474,311.4301572068934,271,23:26
78.0%,3897500,15590.000001341103,-3524541.2126157805,575593.8802728921,311.2155487610438,271,23:23
78.0%,3900000,15600.00000134314,-3528205.596083656,575298.8146081606,311.0560108890873,271,23:20
78.0%,3902500,15610.000001345177,-3526728.347896911,574589.6650090929,310.6725836338793,271,23:17
78.1%,3905000,15620.000001347214,-3528307.243566666,578081.7646449712,312.5607129934077,271,23:14
78.2%,3907500,15630.000001349252,-3526383.8823943585,576179.9999080875,311.532455438058,271,23:10
78.2%,3910000,15640.000001351289,-3530103.2632212415,575086.7334953767,310.94134160201,271,23:07
78.2%,3912500,15650.000001353326,-3525712.222955318,577534.6206369954,312.26487989210233,271,23:04
78.3%,3915000,15660.000001355364,-3527709.101961812,573490.6083269091,310.0783390802313,271,23:01
78.3%,3917500,15670.0000013574,-3528013.8376255743,576057.6524584526,311.46630388575244,271,22:58
78.4%,3920000,15680.000001359438,-3530468.1191985942,576004.5829872929,311.43760996603663,271,22:54
78.5%,3922500,15690.000001361475,-3530977.1013719738,575397.3969634777,311.10931298777115,271,22:51
78.5%,3925000,15700.000001363513,-3526728.0481252223,576701.9595376228,311.8146716986963,271,22:48
78.5%,3927500,15710.00000136555,-3528349.8936229404,576519.0077415751,311.7157522251661,271,22:45
78.6%,3930000,15720.000001367587,-3528363.9497648105,576366.6274568465,311.63336233959313,271,22:42
78.7%,3932500,15730.000001369624,-3529644.2301699724,575005.0510942276,310.8971770718283,271,22:39
78.7%,3935000,15740.000001371662,-3528656.2675269805,576383.4538554903,311.6424601376537,271,22:35
78.8%,3937500,15750.000001373699,-3528654.295651026,573904.1679298255,310.30194496482824,271,22:32
78.8%,3940000,15760.000001375736,-3526604.5223627836,575375.2044032356,311.0973137812978,271,22:29
78.8%,3942500,15770.000001377774,-3529871.5457272716,573877.551654743,310.2875539177034,271,22:26
78.9%,3945000,15780.00000137981,-3528312.4317516517,575325.0534128777,311.0701978432727,271,22:23
79.0%,3947500,15790.000001381848,-3527170.5781290606,573803.5461780103,310.24754019302344,271,22:19
79.0%,3950000,15800.000001383885,-3530080.79721055,575847.7580973294,311.3528169446684,271,22:16
79.0%,3952500,15810.000001385923,-3531999.478869466,575542.9951053838,311.188035863717,271,22:13
79.1%,3955000,15820.00000138796,-3529653.304173082,574503.3803950371,310.6259307516418,271,22:10
79.2%,3957500,15830.000001389997,-3526865.913809523,576673.138868639,311.7990887666658,271,22:07
79.2%,3960000,15840.000001392034,-3528257.1693158224,574476.8205526143,310.6115702168656,271,22:03
79.2%,3962500,15850.000001394072,-3530877.21593016,577448.2095662015,312.2181586364778,271,22:00
79.3%,3965000,15860.000001396109,-3528833.0323259383,576941.0330196423,311.94393538173904,271,21:57
79.3%,3967500,15870.000001398146,-3526643.239296971,574380.6771609916,310.5595868316888,271,21:54
79.4%,3970000,15880.000001400183,-3527997.2052205745,574192.0081667313,310.45757614916545,271,21:51
79.5%,3972500,15890.00000140222,-3525296.495664036,576020.7426700762,311.4463472801701,271,21:48
79.5%,3975000,15900.000001404258,-3530504.1966297384,573367.3067516603,310.0116716455706,271,21:44
79.5%,3977500,15910.000001406295,-3530153.078299647,574955.9279609364,310.870616881722,271,21:41
79.6%,3980000,15920.000001408333,-3524895.813270975,575086.2345138353,310.9410718096798,271,21:38
79.7%,3982500,15930.00000141037,-3528319.450690292,572700.9514539035,309.6513826696647,271,21:35
79.7%,3985000,15940.000001412407,-3527753.9226714633,576863.1940907283,311.9018489631595,271,21:32
79.8%,3987500,15950.000001414444,-3528804.9554251675,574925.4009540706,310.85411135669926,271,21:28
79.8%,3990000,15960.000001416482,-3529412.69799361,575253.5573592088,311.0315409284941,271,21:25
79.8%,3992500,15970.000001418519,-3530157.0780109726,576205.7132662297,311.5463582906403,271,21:22
79.9%,3995000,15980.000001420556,-3527647.731978588,574801.9143021104,310.78734385365317,271,21:19
80.0%,3997500,15990.000001422593,-3526571.446261786,574840.6108667639,310.80826654414125,271,21:16
80.0%,4000000,16000.00000142463,-3526644.90990611,576722.8120854595,311.8259463792314,271,21:13
80.0%,4002500,16010.000001426668,-3529254.7133289203,575228.17146926,311.0178151333771,271,21:09
80.1%,4005000,16020.000001428705,-3530027.888048196,575769.7350997889,311.31063100276083,271,21:06
80.2%,4007500,16030.000001430742,-3527951.9744373,576475.923837276,311.69245736158473,271,21:03
80.2%,4010000,16040.00000143278,-3529011.5946064647,576231.833982701,311.56048139616524,271,21:00
80.2%,4012500,16050.000001434817,-3528439.670181956,577927.5151465589,312.47731245017786,271,20:57
80.3%,4015000,16060.000001436854,-3524763.517399166,575895.9705620682,311.3788847490441,271,20:53
80.3%,4017500,16070.000001438892,-3530408.005870044,575074.7351661893,310.9348542734781,271,20:50
80.4%,4020000,16080.000001440929,-3527280.636673961,575875.9084032093,311.36803742075836,271,20:47
80.5%,4022500,16090.000001442966,-3524538.095206488,575146.0989342949,310.97343966330567,271,20:44
80.5%,4025000,16100.000001445003,-3528358.2615560535,575470.0076189341,311.14857255212416,271,20:41
80.5%,4027500,16110.00000144704,-3530715.7222483605,573704.1450755594,310.1937954092324,271,20:38
80.6%,4030000,16120.000001449078,-3526652.9426837023,578642.7511956487,312.8640305636603,271,20:34
80.7%,4032500,16130.000001451115,-3526685.579141654,574433.8672921332,310.58834599056667,271,20:31
80.7%,4035000,16140.000001453152,-3525326.657086754,575800.6379218211,311.32733972578,271,20:28
80.8%,4037500,16150.00000145519,-3529948.9011745322,575407.7422590352,311.11490654417327,271,20:25
80.8%,4040000,16160.000001457227,-3527185.656960858,576938.8798369096,311.9427711859949,271,20:22
80.8%,4042500,16170.000001459264,-3531163.316766463,575405.4414640181,311.1136625365346,271,20:18
80.9%,4045000,16180.000001461302,-3525487.7152715623,575409.4328972877,311.11582064859573,271,20:15
81.0%,4047500,16190.000001463339,-3528306.732293844,575692.3274862268,311.2687777903508,271,20:12
81.0%,4050000,16200.000001465376,-3533893.6768767983,576358.2093822563,311.6288108045736,271,20:09
81.0%,4052500,16210.000001467413,-3530159.1746792514,575465.2718857772,311.14601200753935,271,20:06
81.1%,4055000,16220.00000146945,-3528070.6645463947,576084.7190773402,311.4809384274647,271,20:03
81.2%,4057500,16230.000001471488,-3528594.69183651,574479.8299847306,310.613197374658,271,19:59
81.2%,4060000,16240.000001473525,-3532116.1163716,576104.9034661343,311.4918518437644,271,19:56
81.2%,4062500,16250.000001475562,-3526164.6726958547,577252.8482706081,312.1125295203622,271,19:53
81.3%,4065000,16260.0000014776,-3530424.1741769332,575662.0708645205,311.2524184587965,271,19:50
81.3%,4067500,16270.000001479637,-3529290.863814242,573496.9562709623,310.08177132466557,271,19:47
81.4%,4070000,16280.000001481674,-3530723.663036853,574682.7429523885,310.72290957408313,271,19:43
81.5%,4072500,16290.000001483711,-3526409.164046269,574714.6052642727,310.74013707982573,271,19:40
81.5%,4075000,16300.000001485749,-3530107.7072337307,575787.9794978133,311.32049549322466,271,19:37
81.5%,4077500,16310.000001487786,-3531110.94184961,573400.2470473574,310.0294820020616,271,19:34
81.6%,4080000,16320.000001489823,-3527490.532497855,576127.6679436874,311.5041602779169,271,19:31
81.7%,4082500,16330.00000149186,-3528349.573880978,573610.540202891,310.14318456569737,271,19:27
81.7%,4085000,16340.000001493898,-3531440.6979377195,576053.0918205106,311.4638380126977,271,19:24
81.8%,4087500,16350.000001495935,-3528181.516217526,572671.4731109804,309.6354441425472,271,19:21
81.8%,4090000,16360.000001497972,-3528077.962243095,578356.9669109051,312.7095110038596,271,19:18
81.8%,4092500,16370.00000150001,-3527792.120344963,572667.7750658626,309.63344466135027,271,19:15
81.9%,4095000,16380.000001502047,-3525763.9808191564,576477.364772965,311.6932364553287,271,19:12
82.0%,4097500,16390.000001504082,-3527066.271188095,575768.595991608,311.3100151029228,271,19:08
82.0%,4100000,16400.00000150612,-3528197.9832228217,575460.5608680845,311.1434648262598,271,19:05
82.0%,4102500,16410.000001508157,-3530348.7901462335,576253.9257007152,311.57242607865845,271,19:02
82.1%,4105000,16420.000001510194,-3527922.3937627636,576553.8609073395,311.7345968437091,271,18:59
82.2%,4107500,16430.00000151223,-3529892.6409818158,572449.152921859,309.5152387303123,271,18:56
82.2%,4110000,16440.00000151427,-3528875.029100634,575495.7466818299,311.1624893029067,271,18:53
82.2%,4112500,16450.000001516306,-3527998.2958953436,576844.1751492936,311.89156568792276,271,18:49
82.3%,4115000,16460.000001518343,-3532001.5319026653,575178.3693760494,310.9908878391525,271,18:46
82.3%,4117500,16470.00000152038,-3529231.6263302434,574716.4204952912,310.7411185498117,271,18:43
82.4%,4120000,16480.000001522418,-3527642.54537287,575046.4940990012,310.9195847240201,271,18:40
82.5%,4122500,16490.000001524455,-3529041.9532334153,575617.5977594759,311.2283724738306,271,18:37
82.5%,4125000,16500.000001526492,-3529813.0264222007,578253.5067086141,312.6535715216405,271,18:33
82.5%,4127500,16510.00000152853,-3528024.1623853855,578093.6037076741,312.5671142087822,271,18:30
82.6%,4130000,16520.000001530567,-3528470.4288978856,574543.9673234622,310.647875535343,271,18:27
82.7%,4132500,16530.000001532604,-3528856.77603261,575211.7070338386,311.0089130437609,271,18:24
82.7%,4135000,16540.00000153464,-3530709.3629573714,574825.187594203,310.79992739670024,271,18:21
82.8%,4137500,16550.00000153668,-3527430.5485920757,574322.2948381425,310.52802032748133,271,18:17
82.8%,4140000,16560.000001538716,-3528647.1458611414,574339.2492437379,310.53718733710764,271,18:14
82.8%,4142500,16570.000001540753,-3528034.1051222514,576311.0559331917,311.60331559513935,271,18:11
82.9%,4145000,16580.00000154279,-3527413.2714016326,574852.4682653792,310.8146776734868,271,18:08
83.0%,4147500,16590.000001544828,-3526480.974314358,576646.0877230349,311.78446259114116,271,18:05
83.0%,4150000,16600.000001546865,-3531052.9968714956,574894.0376335448,310.8371536485947,271,18:02
83.0%,4152500,16610.000001548902,-3530235.599511629,572774.9707620684,309.6914038728063,271,17:58
83.1%,4155000,16620.00000155094,-3532575.6257622987,575319.7907319635,311.06735238541637,271,17:55
83.2%,4157500,16630.000001552977,-3532412.1943271663,575887.5742314055,311.37434497066164,271,17:52
83.2%,4160000,16640.000001555014,-3529964.838207595,574768.5331791984,310.76929514806164,271,17:49
83.2%,4162500,16650.00000155705,-3528465.634628825,574794.5662104014,310.78337084339023,271,17:46
83.3%,4165000,16660.00000155909,-3528556.674089782,575421.8866648942,311.12255422630153,271,17:42
83.3%,4167500,16670.000001561126,-3530135.5119674467,575617.9110887946,311.2285418866044,271,17:39
83.4%,4170000,16680.000001563163,-3528363.2044077087,576336.4564300845,311.61704928802635,271,17:36
83.5%,4172500,16690.0000015652,-3527965.77864274,574048.060007018,310.37974539548014,271,17:33
83.5%,4175000,16700.000001567238,-3530951.3280368894,577278.667230018,312.1264894700708,271,17:30
83.5%,4177500,16710.000001569275,-3528102.2996538877,576163.9179122632,311.5237601281751,271,17:27
83.6%,4180000,16720.000001571312,-3526321.3949295823,576828.226637381,311.8829425509213,271,17:23
83.7%,4182500,16730.00000157335,-3527972.178434292,575050.8317558762,310.9219300343352,271,17:20
83.7%,4185000,16740.000001575387,-3527906.153637763,575481.1971258479,311.1546225617818,271,17:17
83.8%,4187500,16750.000001577424,-3527325.1198893078,573861.6828481598,310.27897387625706,271,17:14
83.8%,4190000,16760.00000157946,-3529334.817381412,573697.3000902307,310.19009442154237,271,17:11
83.8%,4192500,16770.0000015815,-3525861.3033669144,576061.6056832769,311.46844133904233,271,17:07
83.9%,4195000,16780.000001583536,-3528689.543913724,574100.3615371388,310.4080241002326,271,17:04
84.0%,4197500,16790.000001585573,-3529430.6905333474,575965.1673435669,311.4162984795661,271,17:01
84.0%,4200000,16800.00000158761,-3526365.1714205705,574235.5882822948,310.48113930722707,271,16:58
84.0%,4202500,16810.000001589648,-3527729.095061889,573189.2224539276,309.91538396020064,271,16:55
84.1%,4205000,16820.000001591685,-3528246.2599478588,577121.7655272237,312.0416549170809,271,16:52
84.2%,4207500,16830.000001593722,-3531126.4169428293,574842.6341102651,310.8093604835629,271,16:48
84.2%,4210000,16840.00000159576,-3530073.4785093945,573615.0051866336,310.1455987198663,271,16:45
84.2%,4212500,16850.000001597797,-3527168.2515015807,576024.8138254199,311.44854849684003,271,16:42
84.3%,4215000,16860.000001599834,-3530965.9981068037,576700.1267649201,311.81368074416747,271,16:39
84.3%,4217500,16870.00000160187,-3530024.5509522203,575384.1108772913,311.10212938706746,271,16:36
84.4%,4220000,16880.00000160391,-3531136.094545787,574559.4583415773,310.65625131185624,271,16:32
84.5%,4222500,16890.000001605946,-3525103.3150644675,576507.1648438349,311.70934893624064,271,16:29
84.5%,4225000,16900.000001607983,-3526704.128507292,576396.9652578963,311.6497655636814,271,16:26
84.5%,4227500,16910.00000161002,-3530443.401750235,573720.5826374288,310.2026829686954,271,16:23
84.6%,4230000,16920.000001612058,-3529688.742578637,575372.8272316637,311.0960284779258,271,16:20
84.7%,4232500,16930.000001614095,-3528630.2938703224,577274.8595970967,312.1244307362835,271,16:17
84.7%,4235000,16940.000001616132,-3528609.352355819,574546.957191994,310.64949211537925,271,16:13
84.8%,4237500,16950.00000161817,-3527684.5511347074,576359.0977424873,311.62929112850736,271,16:10
84.8%,4240000,16960.000001620207,-3527621.2248141617,575703.9543887125,311.27506429366764,271,16:07
84.8%,4242500,16970.000001622244,-3528593.0834887717,574472.1601306199,310.6090503919714,271,16:04
84.9%,4245000,16980.00000162428,-3532697.1350848414,575499.9417968008,311.16475754281083,271,16:01
85.0%,4247500,16990.00000162632,-3528426.0262467936,573736.5000736965,310.211289303531,271,15:57
85.0%,4250000,17000.000001628356,-3530226.338453047,576315.4839282823,311.60570975006226,271,15:54
85.0%,4252500,17010.000001630393,-3528380.261049466,573388.6604327001,310.0232172818093,271,15:51
85.1%,4255000,17020.00000163243,-3527228.175990304,575013.7076898835,310.90185757184713,271,15:48
85.2%,4257500,17030.000001634467,-3528879.51453479,574688.3698293243,310.72595194762704,271,15:45
85.2%,4260000,17040.000001636505,-3531646.9051816463,575683.8277170312,311.2641820842024,271,15:41
85.2%,4262500,17050.000001638542,-3528490.3555879835,575530.352038488,311.18119993453695,271,15:38
85.3%,4265000,17060.00000164058,-3525765.870084293,575145.6407555324,310.9731919324664,271,15:35
85.3%,4267500,17070.000001642617,-3532924.57974354,575746.3983291332,311.2980131377438,271,15:32
85.4%,4270000,17080.000001644654,-3528061.0200031046,576285.4177630318,311.58945339564593,271,15:29
85.5%,4272500,17090.00000164669,-3530105.147787871,574407.608138973,310.5741480342631,271,15:26
85.5%,4275000,17100.00000164873,-3527949.2359899785,573873.1455971983,310.2851716241043,271,15:22
85.5%,4277500,17110.000001650766,-3528658.9243830685,576982.7424343962,311.9664870780756,271,15:19
85.6%,4280000,17120.000001652803,-3529901.9680021573,576478.299290024,311.69374173561283,271,15:16
85.7%,4282500,17130.00000165484,-3529710.9105381425,576578.5239817343,311.7479318225804,271,15:13
85.7%,4285000,17140.000001656877,-3524270.659397343,577402.0198236846,312.19318448967533,271,15:10
85.8%,4287500,17150.000001658915,-3528174.3604103327,578840.7134711093,312.97106599315833,271,15:06
85.8%,4290000,17160.000001660952,-3528450.5139302034,575660.9787912262,311.25182799006285,271,15:03
85.8%,4292500,17170.00000166299,-3528731.9206776917,575734.7624917307,311.29172180344267,271,15:00
85.9%,4295000,17180.000001665027,-3528936.8842691854,577042.8119756368,311.99896583763467,271,14:57
86.0%,4297500,17190.000001667064,-3529649.653631747,576914.7839988435,311.92974290386127,271,14:54
86.0%,4300000,17200.0000016691,-3530416.7946849912,576260.5946990683,311.5760319126558,271,14:51
86.0%,4302500,17210.00000167114,-3526630.7859095447,576011.1735014284,311.44117336471686,271,14:47
86.1%,4305000,17220.000001673176,-3527438.7704064716,574817.4889225587,310.7957648327769,271,14:44
86.2%,4307500,17230.000001675213,-3525584.9338048324,574689.5659328545,310.7265986640521,271,14:41
86.2%,4310000,17240.00000167725,-3527727.0823276117,575340.5546906632,311.0785791670461,271,14:38
86.2%,4312500,17250.000001679287,-3529157.708674848,576145.8006098075,311.5139643565051,271,14:35
86.3%,4315000,17260.000001681325,-3529509.053544935,573724.5050114628,310.20480374139527,271,14:31
86.3%,4317500,17270.000001683362,-3527788.9114142545,575298.452164433,311.0558149208404,272,14:28
86.4%,4320000,17280.0000016854,-3530260.2005166337,574903.2653560311,310.8421429488911,272,14:25
86.5%,4322500,17290.000001687436,-3526708.7892481666,575974.8515361482,311.421534586849,271,14:22
86.5%,4325000,17300.000001689474,-3528671.676097775,574358.1247913558,310.54739308131616,272,14:19
86.5%,4327500,17310.00000169151,-3528202.2229814474,574407.2196155182,310.57393796507307,272,14:16
86.6%,4330000,17320.00000169355,-3528794.0813454725,572234.118764264,309.3989727732689,272,14:12
86.7%,4332500,17330.000001695586,-3528382.8974113,574566.0652777851,310.6598235897209,272,14:09
86.7%,4335000,17340.000001697623,-3527092.7399004027,576460.8200684807,311.68429096535453,272,14:06
86.8%,4337500,17350.00000169966,-3530692.9335280005,576707.0354019769,311.8174161474553,272,14:03
86.8%,4340000,17360.000001701697,-3526585.8823046833,576643.1485151785,311.78287340262244,272,14:00
86.8%,4342500,17370.000001703735,-3529589.0676018056,574037.5025839838,310.3740371447226,272,13:56
86.9%,4345000,17380.000001705772,-3529959.2318545748,576246.3355299169,311.5683221796228,272,13:53
87.0%,4347500,17390.00000170781,-3528678.5598033536,576652.8460460596,311.7881167217373,272,13:50
87.0%,4350000,17400.000001709846,-3530235.220766276,578271.247262636,312.6631635907095,272,13:47
87.0%,4352500,17410.000001711884,-3528907.2275036555,575823.056158374,311.33946095227355,272,13:44
87.1%,4355000,17420.00000171392,-3527184.161673134,573719.5296088813,310.20211361090946,272,13:41
87.2%,4357500,17430.00000171596,-3528426.7008529976,575110.8893292015,310.9544023230101,272,13:37
87.2%,4360000,17440.000001717995,-3529627.337537201,574358.0456540672,310.5473502928927,272,13:34
87.2%,4362500,17450.000001720033,-3524504.6313537546,575846.993725212,311.35240365937113,272,13:31
87.3%,4365000,17460.00000172207,-3530314.060151832,578322.787043273,312.69103042818585,272,13:28
87.3%,4367500,17470.000001724107,-3532360.1366672684,573612.7946950633,310.1444035380364,272,13:25
87.4%,4370000,17480.000001726145,-3531444.6235011127,576170.6500128151,311.5274000806475,272,13:21
87.5%,4372500,17490.00000172818,-3531476.4566769786,577661.2339182217,312.33333791979817,272,13:18
87.5%,4375000,17500.00000173022,-3530989.2753292844,575662.8276533894,311.2528276439376,272,13:15
87.5%,4377500,17510.000001732256,-3533053.4820759464,575376.2308976023,311.0978687924239,272,13:12
87.6%,4380000,17520.000001734294,-3531022.925676476,574047.6031301672,310.3794983685663,272,13:09
87.7%,4382500,17530.00000173633,-3530853.7969308645,575653.4309129424,311.24774695799744,272,13:06
87.7%,4385000,17540.000001738368,-3527819.8167777415,576789.4265567717,311.86196389080584,272,13:02
87.8%,4387500,17550.000001740405,-3528945.3241796643,574502.0113950552,310.6251905525271,272,12:59
87.8%,4390000,17560.000001742443,-3531250.0587282088,574186.0515341173,310.4543554813452,272,12:56
87.8%,4392500,17570.00000174448,-3524949.4059837162,574243.6773141946,310.4855129334728,272,12:53
87.9%,4395000,17580.000001746517,-3528281.2244172916,572807.4749836113,309.7089784501102,272,12:50
88.0%,4397500,17590.000001748554,-3528752.2320541088,574846.8562557632,310.81164333849443,272,12:46
88.0%,4400000,17600.00000175059,-3528019.164866494,575262.8554517361,311.0365682768859,272,12:43
88.0%,4402500,17610.00000175263,-3526728.9092854057,576964.9344739048,311.95685856327276,272,12:40
88.1%,4405000,17620.000001754666,-3526935.3027359135,575591.8753282521,311.2144647155601,272,12:37
88.2%,4407500,17630.000001756704,-3529179.6537120733,575023.5327819814,310.9071698615251,272,12:34
88.2%,4410000,17640.00000175874,-3526158.833830377,577031.6513180567,311.99293142640767,272,12:30
88.2%,4412500,17650.000001760778,-3529220.7285195496,576497.6034073089,311.7041792014374,272,12:27
88.3%,4415000,17660.000001762815,-3525790.514707966,574718.8682542975,310.7424420188208,272,12:24
88.3%,4417500,17670.000001764853,-3530164.2199477423,574800.660349418,310.78666585899634,272,12:21
88.4%,4420000,17680.00000176689,-3528594.107660303,575847.8304228067,311.35285605004094,272,12:18
88.5%,4422500,17690.000001768927,-3529836.560414316,576016.7418138939,311.44418407327197,272,12:15
88.5%,4425000,17700.000001770964,-3528156.881420616,574408.928193171,310.57486176907804,272,12:11
88.5%,4427500,17710.000001773,-3528232.8250918984,577633.5399935178,312.3183642026176,272,12:08
88.6%,4430000,17720.00000177504,-3529057.941412015,575729.8975868331,311.2890914175069,272,12:05
88.7%,4432500,17730.000001777076,-3527639.9184722435,575195.6008286574,311.0002046442179,272,12:02
88.7%,4435000,17740.000001779114,-3526742.473707065,575729.6293251949,311.2889463721966,272,11:59
88.8%,4437500,17750.00000178115,-3531301.6192700416,575698.5796373964,311.27215824091473,272,11:55
88.8%,4440000,17760.000001783188,-3524726.1000190973,575422.8605577219,311.1230807965123,272,11:52
88.8%,4442500,17770.000001785225,-3526217.09065507,577186.4778663804,312.0766439724418,272,11:49
88.9%,4445000,17780.000001787263,-3525734.6748816837,575557.6114741424,311.1959387295743,272,11:46
89.0%,4447500,17790.0000017893,-3528201.1915158574,575767.1316965421,311.309223379091,272,11:43
89.0%,4450000,17800.000001791337,-3526257.6837151647,575518.4375211006,311.17475792187145,272,11:40
89.0%,4452500,17810.000001793374,-3532788.9982836638,575233.0052431978,311.02042868723896,272,11:36
89.1%,4455000,17820.00000179541,-3529683.231908003,575076.0991632238,310.9355917675693,272,11:33
89.2%,4457500,17830.00000179745,-3531421.8681532424,574847.0486285229,310.811747351751,272,11:30
89.2%,4460000,17840.000001799486,-3530524.7277834713,575275.9398560623,311.0436428310327,272,11:27
89.2%,4462500,17850.000001801523,-3529045.3858049866,575700.7486523021,311.27333099689304,272,11:24
89.3%,4465000,17860.00000180356,-3527588.615367802,573528.8896518722,310.099037256435,272,11:20
89.3%,4467500,17870.000001805598,-3529189.3939168844,578603.8289817484,312.84298586778516,272,11:17
89.4%,4470000,17880.000001807635,-3528231.4874452744,574664.766679242,310.71319005498515,272,11:14
89.5%,4472500,17890.000001809673,-3528555.347143408,572988.4171277876,309.8068113330226,272,11:11
89.5%,4475000,17900.00000181171,-3525003.932510348,575480.7913095864,311.15440314261343,272,11:08
89.5%,4477500,17910.000001813747,-3529530.3052079007,576454.3771369852,311.68080736254063,272,11:05
89.6%,4480000,17920.000001815784,-3527780.49892243,574796.0830899914,310.78419099893773,272,11:01
89.7%,4482500,17930.00000181782,-3524687.99177514,575948.4585432634,311.40726426528096,272,10:58
89.7%,4485000,17940.00000181986,-3528457.646872023,576699.0568086719,311.81310223381087,272,10:55
89.8%,4487500,17950.000001821896,-3525974.5307945255,575091.729065994,310.94404263707025,272,10:52
89.8%,4490000,17960.000001823933,-3525259.9390642717,574356.2918203066,310.54640201954413,272,10:49
89.8%,4492500,17970.00000182597,-3527091.9259823654,574421.5558428754,310.5816893623986,272,10:45
89.9%,4495000,17980.000001828008,-3527922.459727792,573282.9638824677,309.96606863758274,272,10:42
90.0%,4497500,17990.000001830045,-3529279.947973063,575734.2546365923,311.2914472132828,272,10:39
90.0%,4500000,18000.000001832082,-3529872.973440919,577645.643309114,312.3249082958302,272,10:36
90.0%,4502500,18010.00000183412,-3528045.0172636174,575547.8792645517,311.19067666016696,272,10:33
90.1%,4505000,18020.000001836157,-3528374.2286138274,576650.3911646726,311.78678940175666,272,10:30
90.2%,4507500,18030.000001838194,-3526257.5221806373,577625.5310321501,312.31403386938706,272,10:26
90.2%,4510000,18040.00000184023,-3529050.202862583,574562.0824360676,310.65767012299165,272,10:23
90.2%,4512500,18050.00000184227,-3529153.652452886,574323.9144398334,310.52889602343,272,10:20
90.3%,4515000,18060.000001844306,-3530707.8908951897,574317.7513855649,310.52556374631246,272,10:17
90.3%,4517500,18070.000001846343,-3530123.676756529,575452.6762671035,311.1392017329484,272,10:14
90.4%,4520000,18080.00000184838,-3527735.440390436,576815.2803427042,311.87594267072734,272,10:10
90.5%,4522500,18090.000001850418,-3525193.393351456,576736.6349511866,311.8334202091142,272,10:07
90.5%,4525000,18100.000001852455,-3529130.1293787993,576174.8512599813,311.52967163614363,272,10:04
90.5%,4527500,18110.000001854492,-3528185.296238361,575861.2028732178,311.36008634667127,272,10:01
90.6%,4530000,18120.00000185653,-3530375.336479675,575052.6020921911,310.92288723038376,272,9:58
90.7%,4532500,18130.000001858567,-3526239.170675777,573862.8411490147,310.27960015330507,272,9:55
90.7%,4535000,18140.000001860604,-3528424.046148561,574618.2442192731,310.68803601251676,272,9:51
90.8%,4537500,18150.00000186264,-3526604.7094469387,574687.0494121688,310.72523801656604,272,9:48
90.8%,4540000,18160.00000186468,-3531151.084699955,574120.5848092488,310.41895854019657,272,9:45
90.8%,4542500,18170.000001866716,-3528807.569790121,575209.2968705033,311.00760990220454,272,9:42
90.9%,4545000,18180.000001868753,-3526290.567804279,577398.4075002878,312.1912313570122,272,9:39
91.0%,4547500,18190.00000187079,-3527051.01730673,575734.0682936597,311.2913464602692,272,9:35
91.0%,4550000,18200.000001872828,-3530127.461268179,576514.8075375482,311.71348123368074,272,9:32
91.0%,4552500,18210.000001874865,-3530872.5729043502,578689.127061748,312.8891053448767,272,9:29
91.1%,4555000,18220.000001876902,-3526535.7420949154,575325.2815751686,311.0703212074276,272,9:26
91.2%,4557500,18230.00000187894,-3528622.9080964755,576683.3809336366,311.80462650775013,272,9:23
91.2%,4560000,18240.000001880977,-3528756.9247479215,576012.847712341,311.4420785871067,272,9:20
91.2%,4562500,18250.000001883014,-3526995.9240718037,576081.9143782589,311.47942196595665,272,9:16
91.3%,4565000,18260.00000188505,-3527692.431856543,574790.9907981169,310.78143766804857,272,9:13
91.3%,4567500,18270.00000188709,-3529554.1032144856,574718.2308762929,310.7420973974614,272,9:10
91.4%,4570000,18280.000001889126,-3532527.332633363,576903.2734719896,311.9235193232185,272,9:07
91.5%,4572500,18290.000001891163,-3528903.626417948,573003.9169298109,309.81519185887197,272,9:04
91.5%,4575000,18300.0000018932,-3530814.3008643165,576435.3478480468,311.6705184925535,272,9:00
91.5%,4577500,18310.000001895238,-3527941.3417385165,576059.4237044284,311.46726157364174,272,8:57
91.6%,4580000,18320.000001897275,-3529004.64779412,576524.0970700507,311.718503953787,272,8:54
91.7%,4582500,18330.000001899312,-3528634.9599181656,576075.2261346871,311.47580572633916,272,8:51
91.7%,4585000,18340.00000190135,-3525407.10481436,577510.7768146795,312.25198787135486,272,8:48
91.8%,4587500,18350.000001903387,-3526765.4440826885,575113.9357113462,310.9560494591653,272,8:45
91.8%,4590000,18360.000001905424,-3528349.77759666,576451.2115719119,311.67909578584533,272,8:41
91.8%,4592500,18370.00000190746,-3528286.6849346943,577107.363832322,312.0338681223711,272,8:38
91.9%,4595000,18380.0000019095,-3531015.66227768,576928.1646022357,311.9369776086943,272,8:35
92.0%,4597500,18390.000001911536,-3529743.2989665624,574323.7020063936,310.5287811636446,272,8:32
92.0%,4600000,18400.000001913573,-3524739.834547285,575688.2314848534,311.26656313978054,272,8:29
92.0%,4602500,18410.00000191561,-3526429.525263747,576394.8106221326,311.64860058230374,272,8:25
92.1%,4605000,18420.000001917648,-3532083.3404321186,577962.7443244888,312.496360373232,272,8:22
92.2%,4607500,18430.000001919685,-3527850.638561476,575885.7840434883,311.37337704112986,272,8:19
92.2%,4610000,18440.000001921722,-3526603.435823379,574081.5325345218,310.3978435222541,272,8:16
92.2%,4612500,18450.00000192376,-3526866.6542358175,577840.1658469818,312.430083907392,272,8:13
92.3%,4615000,18460.000001925797,-3527981.7217113916,578508.8596530709,312.79163728199785,272,8:10
92.3%,4617500,18470.000001927834,-3529300.785632847,575223.875541998,311.0154923856793,272,8:06
92.4%,4620000,18480.00000192987,-3524702.350375397,573041.5625992934,309.835546345061,272,8:03
92.5%,4622500,18490.00000193191,-3527010.5503688846,575424.542181081,311.12399002670816,272,8:00
92.5%,4625000,18500.000001933946,-3528611.699637007,573665.0017913461,310.1726311837355,272,7:57
92.5%,4627500,18510.000001935983,-3527134.9067661334,574931.3949086426,310.8573522039795,272,7:54
92.6%,4630000,18520.00000193802,-3528311.48052283,576371.883689068,311.6362043107316,272,7:50
92.7%,4632500,18530.000001940058,-3529924.7873119544,576075.0547143102,311.47571304174244,272,7:47
92.7%,4635000,18540.000001942095,-3529902.910570381,575620.4698535432,311.2299253748635,272,7:44
92.8%,4637500,18550.000001944132,-3529019.861719208,576963.3502655153,311.95600200398644,272,7:41
92.8%,4640000,18560.00000194617,-3525415.9992213864,574355.9339041706,310.54620849930274,272,7:38
92.8%,4642500,18570.000001948207,-3528231.601341838,574315.5211624102,310.5243578958913,272,7:35
92.9%,4645000,18580.000001950244,-3528514.444779562,576238.5796963314,311.56412870903847,272,7:31
93.0%,4647500,18590.00000195228,-3527587.9591631107,576525.5247997378,311.7192759072308,272,7:28
93.0%,4650000,18600.00000195432,-3529471.7124413364,574583.1815705171,310.6690781294544,272,7:25
93.0%,4652500,18610.000001956356,-3526573.637879461,576389.7164608886,311.6458462406727,272,7:22
93.1%,4655000,18620.000001958393,-3531188.0183528475,576331.2875598923,311.61425455231347,272,7:19
93.2%,4657500,18630.00000196043,-3527974.73979342,576058.8118265793,311.46693073985927,272,7:15
93.2%,4660000,18640.000001962468,-3533176.9669821206,574327.2800743794,310.53071577488686,272,7:12
93.2%,4662500,18650.000001964505,-3528758.2311854437,575076.8935834253,310.93602129944486,272,7:09
93.3%,4665000,18660.000001966542,-3527793.1311187,573472.1232100241,310.0683444364512,272,7:06
93.3%,4667500,18670.00000196858,-3528975.8666048273,574922.6655679864,310.8526323717579,272,7:03
93.4%,4670000,18680.000001970617,-3527252.025208542,573213.9289334875,309.9287424076367,272,7:00
93.5%,4672500,18690.000001972654,-3530237.864811234,575138.8574562785,310.96952429757306,272,6:56
93.5%,4675000,18700.00000197469,-3528606.7162229214,575915.9316978214,311.3896774555517,272,6:53
93.5%,4677500,18710.00000197673,-3525364.325791383,574302.650147278,310.5173987182927,272,6:50
93.6%,4680000,18720.000001978766,-3528065.136923436,575688.9929128222,311.266974833218,272,6:47
93.7%,4682500,18730.000001980803,-3528711.762550937,576534.4468876881,311.7240999552144,272,6:44
93.7%,4685000,18740.00000198284,-3528625.9221661687,574391.5138559081,310.56544608084135,272,6:40
93.8%,4687500,18750.000001984878,-3523084.8310615215,574861.1810331255,310.8193885449681,272,6:37
93.8%,4690000,18760.000001986915,-3526958.290224932,573950.4508056364,310.3269694674982,272,6:34
93.8%,4692500,18770.000001988952,-3526891.775645377,577037.3135136979,311.9959928962809,272,6:31
93.9%,4695000,18780.00000199099,-3529151.3257203195,578353.5748158757,312.70767694559004,272,6:28
94.0%,4697500,18790.000001993027,-3527673.5881956965,575400.1076673459,311.1107786273841,272,6:25
94.0%,4700000,18800.000001995064,-3527011.916362932,574370.3225838835,310.55398825688235,272,6:21
94.0%,4702500,18810.0000019971,-3527640.02174777,576195.980609161,311.54109597928783,272,6:18
94.1%,4705000,18820.00000199914,-3527479.3523579333,575480.6504966293,311.15432700701996,272,6:15
94.2%,4707500,18830.000002001176,-3525567.6790577695,573591.3100839392,310.1327871097351,272,6:12
94.2%,4710000,18840.000002003213,-3528224.0895221364,575441.1862572306,311.1329892455498,272,6:09
94.2%,4712500,18850.00000200525,-3527358.0407844856,573577.3646962482,310.1252470339426,272,6:05
94.3%,4715000,18860.000002007288,-3528671.366411982,576790.7936190797,311.86270304224746,272,6:02
94.3%,4717500,18870.000002009325,-3528804.2815553825,575524.9310342083,311.17826887345456,272,5:59
94.4%,4720000,18880.000002011362,-3528367.5408975743,575862.647816849,311.3608676074535,272,5:56
94.5%,4722500,18890.0000020134,-3528550.328077052,577020.10369349,311.98668778755115,272,5:53
94.5%,4725000,18900.000002015437,-3529523.214206863,575409.2295006806,311.1157106748992,272,5:50
94.5%,4727500,18910.000002017474,-3528593.357045632,573865.66566997,310.28112733222275,272,5:46
94.6%,4730000,18920.00000201951,-3533286.868938599,575636.0347551029,311.23834109912036,272,5:43
94.7%,4732500,18930.00000202155,-3524797.604186846,575896.4311370351,311.37913377547756,272,5:40
94.7%,4735000,18940.000002023586,-3525981.6407705676,576248.8750238214,311.5696952484064,272,5:37
94.8%,4737500,18950.000002025623,-3526898.206489302,577295.9726318567,312.1358462584494,272,5:34
94.8%,4740000,18960.00000202766,-3531796.965872472,574534.8980686315,310.6429719162885,272,5:30
94.8%,4742500,18970.000002029697,-3528199.0730483904,575697.8898266747,311.2717852699197,272,5:27
94.9%,4745000,18980.000002031735,-3526678.532369634,575656.1234429679,311.24920277126813,272,5:24
95.0%,4747500,18990.000002033772,-3530855.1308066975,574743.0767730309,310.75553122581294,272,5:21
95.0%,4750000,19000.00000203581,-3527412.9994462207,575154.0929710909,310.97776192702935,272,5:18
95.0%,4752500,19010.000002037847,-3530647.4212184753,575680.6447172798,311.26246108082086,272,5:15
95.1%,4755000,19020.000002039884,-3531126.6033943854,576508.159640742,311.70988680899427,272,5:11
95.2%,4757500,19030.00000204192,-3528845.1064734403,575010.3000592443,310.9000151136909,272,5:08
95.2%,4760000,19040.00000204396,-3528355.343896432,576515.7630509664,311.7139978664021,272,5:05
95.2%,4762500,19050.000002045996,-3530268.632418899,577011.8945900789,311.9822492403211,272,5:02
95.3%,4765000,19060.000002048033,-3531056.28317162,573135.5927867866,309.88638715036444,272,4:59
95.3%,4767500,19070.00000205007,-3525927.669107033,574303.4402024623,310.5178258900646,272,4:55
95.4%,4770000,19080.000002052107,-3528371.28680058,576286.3869181876,311.58997740426383,272,4:52
95.5%,4772500,19090.000002054145,-3528107.1911306437,574815.6091553741,310.79474846898995,272,4:49
95.5%,4775000,19100.000002056182,-3525545.0551146977,575533.027523713,311.1826465319228,272,4:46
95.5%,4777500,19110.00000205822,-3522652.230964966,576102.9492612951,311.4907952325803,272,4:43
95.6%,4780000,19120.000002060257,-3528071.7874590047,576498.0443101311,311.70441759141767,272,4:40
95.7%,4782500,19130.000002062294,-3528038.906815827,575708.0990540585,311.27730525616613,272,4:36
95.7%,4785000,19140.00000206433,-3529034.3915425017,574044.5693545172,310.3778580485662,272,4:33
95.8%,4787500,19150.00000206637,-3526954.154905567,576280.3265817671,311.5867006652479,272,4:30
95.8%,4790000,19160.000002068406,-3529869.7691138387,576170.5643299686,311.52735375313256,272,4:27
95.8%,4792500,19170.000002070443,-3531328.6586106177,575781.8562796711,311.3171847549426,272,4:24
95.9%,4795000,19180.00000207248,-3528654.685108708,575344.5794873172,311.0807553182218,272,4:20
96.0%,4797500,19190.000002074517,-3528962.951657407,577560.6114234662,312.27893274629605,272,4:17
96.0%,4800000,19200.000002076555,-3526856.765612535,576165.2090487061,311.524458227565,272,4:14
96.0%,4802500,19210.000002078592,-3529336.7113705054,574543.4465081847,310.6475939378175,272,4:11
96.1%,4805000,19220.00000208063,-3528716.6983329374,577199.1479527709,312.0834945106842,272,4:08
96.2%,4807500,19230.000002082666,-3526583.96794218,575825.5880990421,311.3408299371281,272,4:05
96.2%,4810000,19240.000002084704,-3531613.1223161127,573656.0899154893,310.1678126572877,272,4:01
96.2%,4812500,19250.00000208674,-3526455.34061349,576830.7968779458,311.88433224399347,272,3:58
96.3%,4815000,19260.00000208878,-3527662.7188306563,575037.198086835,310.9145585004505,272,3:55
96.3%,4817500,19270.000002090816,-3527443.70451398,573078.5784144977,309.855560277864,272,3:52
96.4%,4820000,19280.000002092853,-3527324.4069646467,574550.1522685748,310.6512196485333,272,3:49
96.5%,4822500,19290.00000209489,-3527122.2496032007,576832.868444165,311.8854523108319,272,3:45
96.5%,4825000,19300.000002096927,-3529987.280950226,577506.7767141077,312.2498250730048,272,3:42
96.5%,4827500,19310.000002098965,-3530372.829155663,576414.8707656891,311.6594468209437,272,3:39
96.6%,4830000,19320.000002101002,-3528946.7144539487,577044.8501360312,312.0000678424115,272,3:36
96.7%,4832500,19330.00000210304,-3528817.7088370565,575007.4623760586,310.89848081813966,272,3:33
96.7%,4835000,19340.000002105076,-3524516.2897213623,577901.8090007362,312.4634134971957,272,3:30
96.8%,4837500,19350.000002107114,-3524991.5287973173,575344.567523062,311.08074884931665,272,3:26
96.8%,4840000,19360.00000210915,-3526928.4155093525,575588.7352974878,311.212766944908,272,3:23
96.8%,4842500,19370.00000211119,-3528654.457991358,573961.2573648207,310.3328124226825,272,3:20
96.9%,4845000,19380.000002113225,-3530891.8999477457,574682.4690274823,310.72276146672317,272,3:17
97.0%,4847500,19390.000002115263,-3529053.2882636935,576011.142175521,311.44115642723744,272,3:14
97.0%,4850000,19400.0000021173,-3530416.911114147,573650.447256784,310.16476175076207,272,3:10
97.0%,4852500,19410.000002119337,-3529296.2375949714,575699.5835530999,311.2727010440738,272,3:07
97.1%,4855000,19420.000002121375,-3526510.470392689,575558.0423258112,311.19617168503675,272,3:04
97.2%,4857500,19430.000002123412,-3526886.979270149,575483.2807206069,311.1557491322833,272,3:01
97.2%,4860000,19440.00000212545,-3530697.735873239,576019.5929428259,311.44572563874993,272,2:58
97.2%,4862500,19450.000002127486,-3530328.907394549,574374.7835304055,310.5564002281826,272,2:55
97.3%,4865000,19460.000002129524,-3533875.0191181656,572113.3879347838,309.33369530483714,272,2:51
97.3%,4867500,19470.00000213156,-3528161.070726769,578212.5982583598,312.6314528955898,272,2:48
97.4%,4870000,19480.000002133598,-3526581.749776842,575233.5310938035,311.0207130072959,272,2:45
97.5%,4872500,19490.000002135635,-3531254.010923486,573810.7495754713,310.2514349691331,272,2:42
97.5%,4875000,19500.000002137673,-3526742.6548464,575478.392938924,311.1531063771901,272,2:39
97.5%,4877500,19510.00000213971,-3531616.6887731273,574939.0308330437,310.8614808413473,272,2:35
97.6%,4880000,19520.000002141747,-3526676.703441687,574486.9511164963,310.61704767085854,272,2:32
97.7%,4882500,19530.000002143785,-3529120.2774505876,576510.9070549931,311.7113722973969,272,2:29
97.7%,4885000,19540.00000214582,-3529154.083350042,575082.6945704789,310.93915781189077,272,2:26
97.8%,4887500,19550.00000214786,-3527877.7091904357,576070.0581730308,311.47301148185886,272,2:23
97.8%,4890000,19560.000002149896,-3531847.188747056,573751.2205820088,310.21924847618635,272,2:20
97.8%,4892500,19570.000002151934,-3529250.853134809,575879.1291429867,311.36977882964334,272,2:16
97.9%,4895000,19580.00000215397,-3525968.968841685,575755.1843078862,311.302763593391,272,2:13
98.0%,4897500,19590.000002156008,-3529719.996770883,574178.8368917166,310.4504546252541,272,2:10
98.0%,4900000,19600.000002158045,-3526461.6831904706,574843.1096943682,310.80961762522594,272,2:07
98.0%,4902500,19610.000002160083,-3524547.093360897,576614.3791781138,311.76731822504166,272,2:04
98.1%,4905000,19620.00000216212,-3529356.608210856,574734.4574406088,310.75087087350266,272,2:00
98.2%,4907500,19630.000002164157,-3524139.569595292,574524.5999189082,310.63740385097856,272,1:57
98.2%,4910000,19640.000002166194,-3530762.9096703343,576450.7968969839,311.6788715769201,272,1:54
98.2%,4912500,19650.00000216823,-3527326.439022295,575130.7963072762,310.96516574721943,272,1:51
98.3%,4915000,19660.00000217027,-3529933.785349114,575354.7921423225,311.08627715773525,272,1:48
98.3%,4917500,19670.000002172306,-3527377.660784064,575338.9872610488,311.0777316798084,272,1:45
98.4%,4920000,19680.000002174344,-3525706.192704523,576718.6267402375,311.8236834216938,272,1:41
98.5%,4922500,19690.00000217638,-3529505.1384625975,575422.1664688498,311.1227055123811,272,1:38
98.5%,4925000,19700.000002178418,-3530682.675973268,575798.6864534961,311.32628459419084,272,1:35
98.5%,4927500,19710.000002180455,-3528820.79850379,575867.1992616749,311.36332850991903,272,1:32
98.6%,4930000,19720.000002182493,-3530268.276595937,575864.2452941843,311.3617313410729,272,1:29
98.7%,4932500,19730.00000218453,-3526251.152147677,574448.4239134102,310.5962165517976,272,1:25
98.7%,4935000,19740.000002186567,-3527085.321067719,575893.3127754524,311.37744772104844,272,1:22
98.8%,4937500,19750.000002188604,-3528456.822310306,577388.1125929873,312.1856650448349,272,1:19
98.8%,4940000,19760.00000219064,-3527663.696349716,575105.8681584694,310.95168744632645,272,1:16
98.8%,4942500,19770.00000219268,-3525186.6579101626,574490.5621436827,310.6190001026788,272,1:13
98.9%,4945000,19780.000002194716,-3524730.4292581826,576625.3975278365,311.7732756924035,272,1:10
99.0%,4947500,19790.000002196753,-3532124.444419412,574762.4423357695,310.76600191433363,272,1:06
99.0%,4950000,19800.00000219879,-3528246.619951684,575504.8874474402,311.1674315868381,272,1:03
99.0%,4952500,19810.000002200828,-3528306.8016915787,575289.6975077386,311.05108140059167,272,1:00
99.1%,4955000,19820.000002202865,-3527297.002290029,577443.2863340657,312.2154967138213,272,0:57
99.2%,4957500,19830.000002204903,-3528038.8334638197,573333.7532413778,309.99352973254247,272,0:54
99.2%,4960000,19840.00000220694,-3530736.438978562,575819.1479538723,311.33734784084146,272,0:50
99.2%,4962500,19850.000002208977,-3527327.84475716,576006.9232621166,311.43887531985376,272,0:47
99.3%,4965000,19860.000002211014,-3528642.2609298527,574162.4608739463,310.44160034182346,272,0:44
99.3%,4967500,19870.00000221305,-3527193.6759398896,576245.0935408648,311.56765065353875,272,0:41
99.4%,4970000,19880.00000221509,-3527293.4960807264,574836.011977589,310.8057799891807,272,0:38
99.5%,4972500,19890.000002217126,-3527653.480623767,576102.9015584694,311.49076944033055,272,0:35
99.5%,4975000,19900.000002219163,-3529734.6116445344,576380.3762817931,311.64079613666297,272,0:31
99.5%,4977500,19910.0000022212,-3528964.418657787,574305.7538835693,310.5190768650316,272,0:28
99.6%,4980000,19920.000002223238,-3530008.5619365983,576058.3573786478,311.46668502622816,272,0:25
99.7%,4982500,19930.000002225275,-3526328.969387315,576324.6010954034,311.6106392746211,272,0:22
99.7%,4985000,19940.000002227313,-3528155.0585740823,574607.9730770718,310.6824825497957,272,0:19
99.8%,4987500,19950.00000222935,-3526323.5692374688,574687.7281220647,310.7256049855001,272,0:15
99.8%,4990000,19960.000002231387,-3528697.0978214834,575933.7654360412,311.39931990801125,272,0:12
99.8%,4992500,19970.000002233424,-3526029.9478724916,575425.4655037764,311.12448925435666,272,0:09
99.9%,4995000,19980.00000223546,-3529486.8704044744,575148.3558873574,310.97465996621355,272,0:06
100.0%,4997500,19990.0000022375,-3528360.810419183,575301.9582698188,311.0577106229128,272,0:03
100.0%,5000000,20000.000002239536,-3526986.8648151197,574109.2630250783,310.41283701007904,272,0:00
100.0%,5002500,20010.000002241573,-3526058.4334290307,578863.3689342313,312.983315484735,272,23:59:57
100.1%,5005000,20020.00000224361,-3528041.675195532,577110.0736183275,312.03533326570846,272,23:59:54
100.2%,5007500,20030.000002245648,-3526850.257537583,573952.0966013456,310.3278593261856,272,23:59:51
100.2%,5010000,20040.000002247685,-3527236.9520301986,575118.9004537202,310.95873382582613,272,23:59:48
100.2%,5012500,20050.000002249722,-3529364.752948314,578309.6831089386,312.68394531443715,272,23:59:45
100.3%,5015000,20060.00000225176,-3526537.766992353,576511.2755291051,311.7115715261881,272,23:59:41
100.3%,5017500,20070.000002253797,-3531107.027990777,575367.5751936841,311.0931887745552,272,23:59:38
100.4%,5020000,20080.000002255834,-3525872.7857344635,576017.9035746367,311.44481222103286,272,23:59:35
100.5%,5022500,20090.00000225787,-3527172.883870082,578270.7967339143,312.6629199961402,272,23:59:32
100.5%,5025000,20100.00000225991,-3531449.451954672,574876.1825472453,310.8274996535275,272,23:59:29
100.5%,5027500,20110.000002261946,-3527878.6006131396,575713.6130034227,311.2802865713539,272,23:59:25
100.6%,5030000,20120.000002263983,-3527519.4110864494,574972.0994653611,310.8793605876513,272,23:59:22
100.7%,5032500,20130.00000226602,-3530039.8443202656,576700.9459455584,311.8141236636644,272,23:59:19
100.7%,5035000,20140.000002268058,-3530748.094012631,575561.1702327413,311.19786290050143,272,23:59:16
100.8%,5037500,20150.000002270095,-3530105.0432405267,574981.9265882524,310.88467397535084,272,23:59:13
100.8%,5040000,20160.000002272132,-3530755.4647941906,572682.0238500142,309.6411487793594,272,23:59:10
100.8%,5042500,20170.00000227417,-3527852.2056322694,576582.301143695,311.7499740811462,272,23:59:06
100.9%,5045000,20180.000002276207,-3530200.1530439835,576055.4214523098,311.4650976119805,272,23:59:03
101.0%,5047500,20190.000002278244,-3529170.186852379,574933.0354553573,310.858239224609,272,23:59:00
101.0%,5050000,20200.00000228028,-3528656.8351092357,576508.5898524144,311.7101194184196,271,23:58:57
101.0%,5052500,20210.00000228232,-3528860.7229749225,576292.0296241674,311.5930283363501,271,23:58:54
101.1%,5055000,20220.000002284356,-3526876.1283509172,575296.0283385796,311.0545043921519,271,23:58:50
101.2%,5057500,20230.000002286393,-3527048.1477373242,576499.4593249969,311.70518267013557,271,23:58:47
101.2%,5060000,20240.00000228843,-3528831.697548719,574936.8210494258,310.86028604229733,271,23:58:44
101.2%,5062500,20250.000002290468,-3526996.5771069303,576433.526976296,311.6695339727027,271,23:58:41
101.3%,5065000,20260.000002292505,-3529713.4798917547,576114.1175263217,311.496833757047,271,23:58:38
101.3%,5067500,20270.000002294542,-3525497.4532311205,574576.9817468629,310.6657259716451,271,23:58:35
101.4%,5070000,20280.00000229658,-3524923.69131347,576087.7214279283,311.48256175637397,271,23:58:31
101.5%,5072500,20290.000002298617,-3532483.5115679987,576106.4214276271,311.49267258428154,271,23:58:28
101.5%,5075000,20300.000002300654,-3526480.966074655,575838.5490637596,311.34783774920754,271,23:58:25
101.5%,5077500,20310.00000230269,-3532283.4509787653,576509.7227490176,311.7107319597445,271,23:58:22
101.6%,5080000,20320.00000230473,-3531651.9412892275,573112.7984795005,309.874062587693,271,23:58:19
101.7%,5082500,20330.000002306766,-3527409.3161655273,574262.0599604924,310.4954521728416,271,23:58:15
101.7%,5085000,20340.000002308803,-3530302.1316268537,579130.2676653017,313.1276238901932,271,23:58:12
101.8%,5087500,20350.00000231084,-3530548.464571845,576352.9909050497,311.6259892470428,271,23:58:09
101.8%,5090000,20360.000002312878,-3530150.0339869317,573430.8188529505,310.0460117491287,271,23:58:06
101.8%,5092500,20370.000002314915,-3529350.1908253804,577230.6948711481,312.1005514875753,271,23:58:03
101.9%,5095000,20380.000002316952,-3529141.8201942593,577150.5422543145,312.0572140903454,271,23:58:00
102.0%,5097500,20390.00000231899,-3527248.5081802458,574845.4423672614,310.8108788687858,271,23:57:56
102.0%,5100000,20400.000002321027,-3529971.8626181222,575291.964033985,311.052306879586,271,23:57:53
102.0%,5102500,20410.000002323064,-3529304.5877436567,576009.4253404328,311.4402281585529,271,23:57:50
102.1%,5105000,20420.0000023251,-3526288.253352806,574894.3188081305,310.83730567575486,271,23:57:47
102.2%,5107500,20430.00000232714,-3526390.381626526,575476.0591082496,311.1518445076343,271,23:57:44
102.2%,5110000,20440.000002329176,-3527214.368779961,574491.5827749232,310.6195519436946,271,23:57:40
102.2%,5112500,20450.000002331213,-3526712.8443864267,575138.113735636,310.9691221782389,271,23:57:37
102.3%,5115000,20460.00000233325,-3525763.678545315,575255.348542153,311.03250939602304,271,23:57:34
102.3%,5117500,20470.000002335288,-3529467.422116548,576097.029517754,311.48759451016497,271,23:57:31
102.4%,5120000,20480.000002337325,-3528984.1834462136,574459.1390567827,310.6020100797329,271,23:57:28
102.5%,5122500,20490.000002339362,-3527944.3809873257,574103.9484593065,310.409963498807,271,23:57:25
102.5%,5125000,20500.0000023414,-3531684.137490662,575027.2924069733,310.9092026380974,271,23:57:21
102.5%,5127500,20510.000002343437,-3527603.5592976697,575033.0035198822,310.9122905568521,271,23:57:18
102.6%,5130000,20520.000002345474,-3529492.6586455554,573876.4814520472,310.28697527409605,271,23:57:15
102.7%,5132500,20530.00000234751,-3529741.588732807,574379.55372467,310.55897940540564,271,23:57:12
102.7%,5135000,20540.00000234955,-3528404.3358744513,573676.2562923613,310.17871633479336,271,23:57:09
102.8%,5137500,20550.000002351586,-3522822.037199091,574839.6386684394,310.8077408901247,271,23:57:05
102.8%,5140000,20560.000002353623,-3525906.254668426,577560.6208337611,312.2789378343106,271,23:57:02
102.8%,5142500,20570.00000235566,-3527286.54236152,575709.0218296808,311.27780418801984,271,23:56:59
102.9%,5145000,20580.000002357698,-3527550.284728814,575557.3548651991,311.19579998471295,271,23:56:56
103.0%,5147500,20590.000002359735,-3529278.9611117635,574362.5177187447,310.549768275624,271,23:56:53
103.0%,5150000,20600.000002361772,-3527278.730385827,575837.273748725,311.34714820423153,271,23:56:50
