#"Progress (%)","Step","Time (ps)","Potential Energy (kJ/mole)","Kinetic Energy (kJ/mole)","Temperature (K)","Speed (ns/day)","Time Remaining"
3.0%,152500,610.0000000014564,-3525040.630640365,576306.5865477569,311.6008990610372,0,--
3.1%,155000,620.0000000015042,-3528367.9158638753,575209.1644016721,311.00753827816294,273,1:42:12
3.1%,157500,630.0000000015519,-3523565.674526291,576737.0983947654,311.83367078656585,272,1:42:23
3.2%,160000,640.0000000015997,-3525053.958836574,576409.0464753965,311.65629770876296,272,1:42:28
3.2%,162500,650.0000000016474,-3522552.709270891,576544.6225100092,311.7296017716742,272,1:42:25
3.3%,165000,660.0000000016952,-3527748.3064444065,573947.1064437623,310.3251612178771,272,1:42:15
3.4%,167500,670.0000000017429,-3528943.9739308376,576860.9595681116,311.9006407880795,273,1:41:55
3.4%,170000,680.0000000017907,-3525740.134337822,575567.9751323606,311.20154221440987,273,1:41:45
3.5%,172500,690.0000000018384,-3526204.725152569,576326.4260801693,311.6116260183216,274,1:41:36
3.5%,175000,700.0000000018862,-3526338.195408754,574310.9646260015,310.5218942404782,273,1:41:37
3.5%,177500,710.0000000019339,-3524916.016983999,574652.0252963181,310.70630096770583,274,1:41:33
3.6%,180000,720.0000000019817,-3525008.135204792,575946.6551761848,311.40628920996124,273,1:41:33
3.6%,182500,730.0000000020294,-3525859.1143360287,575354.6362453077,311.086192866403,274,1:41:26
3.7%,185000,740.0000000020772,-3529685.5284688156,573973.420346295,310.33938877639963,274,1:41:23
3.8%,187500,750.0000000021249,-3526680.8509105314,576279.3113790997,311.5861517593856,274,1:41:20
3.8%,190000,760.0000000021727,-3526534.4758435637,573523.389145506,310.09606320968794,273,1:41:21
3.9%,192500,770.0000000022204,-3527726.042419046,576815.6808643725,311.8761592271834,273,1:41:18
3.9%,195000,780.0000000022682,-3524838.8237806987,577753.6336347621,312.38329715229537,273,1:41:16
4.0%,197500,790.0000000023159,-3524188.612229444,575360.540570141,311.0893852521389,273,1:41:09
4.0%,200000,800.0000000023637,-3529728.1191172227,577282.3385785818,312.1284745168149,274,1:41:03
4.0%,202500,810.0000000024114,-3529059.269189479,575417.1362242536,311.1199857295863,274,1:40:58
4.1%,205000,820.0000000024592,-3525523.760881204,572670.2325998361,309.6347734155472,273,1:40:59
4.2%,207500,830.0000000025069,-3529537.7914572638,576189.5536991843,311.53762103908474,273,1:40:58
4.2%,210000,840.0000000025547,-3526361.2155761905,572683.0477049843,309.64170236340067,273,1:40:53
4.2%,212500,850.0000000026024,-3522956.9093044717,575719.7698568695,311.2836154957739,273,1:40:52
4.3%,215000,860.0000000026502,-3527649.4013968725,575708.1019746547,311.2773068352916,273,1:40:48
4.3%,217500,870.0000000026979,-3527667.72035964,575236.7797957917,311.0224695349566,273,1:40:49
4.4%,220000,880.0000000027457,-3525690.4806455653,574243.6576203451,310.48550228528427,273,1:40:44
4.5%,222500,890.0000000027934,-3527515.3177222237,575515.9153333374,311.17339421027594,273,1:40:43
4.5%,225000,900.0000000028411,-3527007.0509726796,576982.657023987,311.9664408978637,273,1:40:41
4.5%,227500,910.0000000028889,-3525945.170546878,575755.5400992043,311.30295596477316,273,1:40:39
4.6%,230000,920.0000000029366,-3527204.568215253,576760.2039906636,311.8461636586296,273,1:40:33
4.7%,232500,930.0000000029844,-3520852.810691558,574453.4118299054,310.5989134483812,273,1:40:28
4.7%,235000,940.0000000030321,-3526609.050586099,576625.8283923261,311.7735086547979,273,1:40:24
4.8%,237500,950.0000000030799,-3528335.5672486853,574088.4840733182,310.4016021219116,273,1:40:21
4.8%,240000,960.0000000031276,-3525178.3097716942,575703.7151179116,311.274934923297,273,1:40:17
4.8%,242500,970.0000000031754,-3528077.957766691,574508.8236427524,310.6288738394382,273,1:40:14
4.9%,245000,980.0000000032231,-3525848.7836466394,577059.6094354524,312.0080479888761,273,1:40:10
5.0%,247500,990.0000000032709,-3527048.151805548,576343.5356241306,311.62087690908936,273,1:40:07
5.0%,250000,1000.0000000033186,-3527167.0041707978,574736.120354681,310.75176998784923,273,1:40:03
5.0%,252500,1010.0000000033664,-3528350.3453582358,576099.9328694195,311.4891643117434,273,1:40:07
5.1%,255000,1020.0000000034141,-3526474.2179806456,574568.9694141159,310.66139381555695,273,1:40:04
5.2%,257500,1030.0000000032912,-3527348.346756762,575935.4144179553,311.40021148943504,273,1:40:00
5.2%,260000,1040.0000000030548,-3526356.7203251403,577415.0255574777,312.2002165077669,273,1:39:57
5.2%,262500,1050.0000000028183,-3523841.5120125115,575336.3239332524,311.07629165577396,273,1:39:53
5.3%,265000,1060.0000000025818,-3526972.559047589,575975.998179382,311.4221545607845,273,1:39:49
5.3%,267500,1070.0000000023454,-3524268.037486078,574977.6166439757,310.8823436488495,273,1:39:45
5.4%,270000,1080.000000002109,-3523620.927901024,576718.8301626991,311.82379340936944,273,1:39:43
5.5%,272500,1090.0000000018724,-3529108.463834496,575793.5825362784,311.3235249776414,273,1:39:39
5.5%,275000,1100.000000001636,-3524608.779701287,574265.4840780625,310.49730354525036,273,1:39:33
5.5%,277500,1110.0000000013995,-3528721.8806731496,576208.2905050652,311.5477517675794,273,1:39:29
5.6%,280000,1120.000000001163,-3527857.3169017676,578344.9886852996,312.7030345450529,273,1:39:26
5.7%,282500,1130.0000000009265,-3526684.2322327215,575050.3891889683,310.9216907446072,273,1:39:23
5.7%,285000,1140.00000000069,-3526726.103659101,575343.5572092498,311.08020258678977,273,1:39:22
5.8%,287500,1150.0000000004536,-3526865.9352642223,573174.1948789387,309.9072587608943,273,1:39:18
5.8%,290000,1160.0000000002171,-3526594.489668561,577261.3944002436,312.1171502929511,273,1:39:15
5.8%,292500,1169.9999999999807,-3527370.2657269537,574095.8758896902,310.4055987734873,273,1:39:12
5.9%,295000,1179.9999999997442,-3529196.2262444757,575701.8401541477,311.27392115665236,273,1:39:10
6.0%,297500,1189.9999999995077,-3525064.588703165,573648.6863427942,310.1638096492328,273,1:39:08
6.0%,300000,1199.9999999992713,-3527112.259103289,574866.864821464,310.82246168971034,273,1:39:05
6.0%,302500,1209.9999999990348,-3528757.3531795554,574918.6749984405,310.8504747267001,273,1:39:03
6.1%,305000,1219.9999999987983,-3528397.5543903764,575157.5933436431,310.9796545294389,273,1:38:59
6.2%,307500,1229.9999999985619,-3527356.4545137286,575126.1736058653,310.96266631731646,273,1:38:57
6.2%,310000,1239.9999999983254,-3526007.389491655,575662.4765915114,311.2526378296975,273,1:38:54
6.2%,312500,1249.999999998089,-3524797.263045272,576046.5942864527,311.46032488704304,273,1:38:49
6.3%,315000,1259.9999999978525,-3527990.679407537,574408.3480464878,310.5745480918925,273,1:38:47
6.3%,317500,1269.999999997616,-3523358.651141731,573145.7633744996,309.8918862446821,273,1:38:44
6.4%,320000,1279.9999999973795,-3529920.8212834615,575890.3546716608,311.37584831576225,273,1:38:41
6.5%,322500,1289.999999997143,-3524417.8400928862,578783.1409834519,312.9399373554957,273,1:38:37
6.5%,325000,1299.9999999969066,-3526824.8365224525,575149.7611313765,310.9754197619715,273,1:38:32
6.5%,327500,1309.99999999667,-3525547.6528610196,576659.6439313848,311.7917922431151,273,1:38:28
6.6%,330000,1319.9999999964336,-3526866.6299492437,574498.2183442106,310.6231397030644,273,1:38:24
6.7%,332500,1329.9999999961972,-3527942.278294258,575152.8493001228,310.9770894915569,273,1:38:20
6.7%,335000,1339.9999999959607,-3528221.8435153626,576148.3764782408,311.515357092487,273,1:38:17
6.8%,337500,1349.9999999957242,-3530372.0463252906,576232.0323598353,311.56058865590313,273,1:38:13
6.8%,340000,1359.9999999954878,-3528417.6318879593,577208.2932664678,312.0884392537023,273,1:38:09
6.8%,342500,1369.9999999952513,-3524638.9269864447,575583.9729478767,311.21019200917914,273,1:38:06
6.9%,345000,1379.9999999950148,-3524750.8157146275,574688.1399411925,310.72582765033417,273,1:38:03
7.0%,347500,1389.9999999947784,-3527406.6303014476,573014.8461771589,309.8211011498279,273,1:38:00
7.0%,350000,1399.999999994542,-3525790.709329117,576108.9931563415,311.4940630819754,273,1:37:57
7.0%,352500,1409.9999999943054,-3528929.111158559,575181.6331744222,310.99265252921685,273,1:37:55
7.1%,355000,1419.999999994069,-3526235.343628442,575627.8769107921,311.23393026696783,273,1:37:51
7.2%,357500,1429.9999999938325,-3529066.6258913726,575472.9567749817,311.1501671194905,273,1:37:48
7.2%,360000,1439.999999993596,-3529580.698707491,572715.9263494094,309.65947938591245,273,1:37:44
7.2%,362500,1449.9999999933596,-3525924.3452333007,577421.4980093819,312.20371607185234,273,1:37:42
7.3%,365000,1459.999999993123,-3527370.700899206,574279.0189482411,310.504621659974,273,1:37:39
7.3%,367500,1469.9999999928866,-3529374.553466648,577052.8517512438,312.00439420367894,273,1:37:35
7.4%,370000,1479.9999999926501,-3529393.7844843864,576253.807227319,311.57236202175255,273,1:37:32
7.5%,372500,1489.9999999924137,-3529031.764734376,575596.8295841039,311.21714341230523,273,1:37:28
7.5%,375000,1499.9999999921772,-3527327.8523990232,577681.550858058,312.34432300458974,274,1:37:24
7.5%,377500,1509.9999999919407,-3528928.0611682534,572447.8287672861,309.51452277848216,274,1:37:20
7.6%,380000,1519.9999999917043,-3528746.6562110763,575027.8578296803,310.90950835423524,274,1:37:17
7.7%,382500,1529.9999999914678,-3527179.304265471,573790.3421557908,310.24040096315713,273,1:37:14
7.7%,385000,1539.9999999912313,-3529065.682750892,575213.4747445264,311.0098688201697,274,1:37:11
7.8%,387500,1549.9999999909949,-3527770.2418589145,574290.7772524271,310.5109792103496,274,1:37:08
7.8%,390000,1559.9999999907584,-3528906.59614338,573973.4285419746,310.3393932076888,274,1:37:04
7.8%,392500,1569.999999990522,-3526069.6995622404,579166.1899560415,313.1470465696353,273,1:37:02
7.9%,395000,1579.9999999902855,-3527773.8816700038,577225.901919086,312.0979600055298,273,1:37:00
8.0%,397500,1589.999999990049,-3526430.058740124,574672.3214077291,310.71727479085956,273,1:36:57
8.0%,400000,1599.9999999898125,-3527562.236544922,575434.7929210976,311.1295324582538,273,1:36:54
8.1%,402500,1609.999999989576,-3525998.7958815712,576632.8790085609,311.7773208242386,273,1:36:51
8.1%,405000,1619.9999999893396,-3524881.9470697436,578078.7204127888,312.55906701970696,273,1:36:47
8.2%,407500,1629.9999999891031,-3525708.969655676,575233.6394772802,311.02077160872363,273,1:36:43
8.2%,410000,1639.9999999888666,-3528375.1740269884,575918.9839001647,311.3913277386067,273,1:36:40
8.2%,412500,1649.9999999886302,-3528149.134280542,574025.3964744515,310.3674915408679,273,1:36:37
8.3%,415000,1659.9999999883937,-3527081.116568608,576178.7939233002,311.5318033789756,273,1:36:34
8.3%,417500,1669.9999999881572,-3527559.9163750634,575254.3070624912,311.03194628255784,274,1:36:29
8.4%,420000,1679.9999999879208,-3529890.8282613233,576172.7122738091,311.52851511628097,274,1:36:27
8.4%,422500,1689.9999999876843,-3527155.6349049266,573969.0254005926,310.33701249081804,274,1:36:24
8.5%,425000,1699.9999999874478,-3528799.966335537,575184.0661527,310.99396800649316,274,1:36:20
8.6%,427500,1709.9999999872114,-3528285.1417409107,576131.4696134841,311.5062157875263,274,1:36:17
8.6%,430000,1719.999999986975,-3530513.6701301206,576405.598742356,311.6544335678001,274,1:36:13
8.7%,432500,1729.9999999867384,-3529186.539992392,575459.1069157661,311.1426786946066,274,1:36:10
8.7%,435000,1739.999999986502,-3527895.0954096876,576526.7510935409,311.71993894711346,274,1:36:06
8.8%,437500,1749.9999999862655,-3529355.344899833,576155.1557020464,311.5190225238425,274,1:36:04
8.8%,440000,1759.999999986029,-3525381.4985551257,577586.4028492495,312.2928778089584,274,1:36:01
8.8%,442500,1769.9999999857926,-3526769.4198582117,577298.8888336619,312.1374230079185,274,1:35:58
8.9%,445000,1779.999999985556,-3529871.92790216,574205.8634113541,310.4650674858636,274,1:35:55
8.9%,447500,1789.9999999853196,-3524189.483276086,574232.979673807,310.4797288691563,273,1:35:52
9.0%,450000,1799.9999999850832,-3530225.44591449,573689.1942434793,310.1857117037419,274,1:35:49
9.1%,452500,1809.9999999848467,-3526867.8000587076,577476.201044486,312.2332932367116,274,1:35:45
9.1%,455000,1819.9999999846102,-3525739.475578796,576341.640951891,311.6198524863479,274,1:35:42
9.2%,457500,1829.9999999843737,-3528910.414216915,575820.1583293821,311.3378941367273,274,1:35:39
9.2%,460000,1839.9999999841373,-3528877.70783522,575784.1088036355,311.3184026630992,274,1:35:36
9.2%,462500,1849.9999999839008,-3528204.7491183355,574408.8618210498,310.5748258826018,274,1:35:32
9.3%,465000,1859.9999999836643,-3528956.0329860356,573717.9963215988,310.2012845839525,274,1:35:29
9.3%,467500,1869.9999999834279,-3528369.200142633,576097.1299496266,311.48764881227174,274,1:35:26
9.4%,470000,1879.9999999831914,-3529364.6040962953,576421.1458071534,311.66283964796946,274,1:35:23
9.4%,472500,1889.999999982955,-3529247.8437637407,575825.9799789784,311.3410418211206,274,1:35:20
9.5%,475000,1899.9999999827185,-3527988.8073300235,576368.0883511218,311.6341522246651,273,1:35:18
9.6%,477500,1909.999999982482,-3526945.1177138872,576185.9824479443,311.53569011356154,273,1:35:15
9.6%,480000,1919.9999999822455,-3530968.2758246213,575835.7385081799,311.3463181211729,273,1:35:12
9.7%,482500,1929.999999982009,-3526425.262675468,573376.9729978447,310.0168980494881,273,1:35:08
9.7%,485000,1939.9999999817726,-3523415.595661612,576067.3244143197,311.47153337681533,273,1:35:05
9.8%,487500,1949.9999999815361,-3526202.9973778464,575705.4311977937,311.2758627836522,273,1:35:02
9.8%,490000,1959.9999999812997,-3530013.427743744,576072.3651477767,311.47425883079035,273,1:34:59
9.8%,492500,1969.9999999810632,-3526197.1018864512,576164.6471812383,311.5241544336951,273,1:34:57
9.9%,495000,1979.9999999808267,-3526611.913633572,574337.1050818507,310.53602801880834,273,1:34:54
9.9%,497500,1989.9999999805902,-3526724.8347731885,576488.7213433369,311.6993767938581,273,1:34:50
10.0%,500000,1999.9999999803538,-3526258.56891948,576151.6569806447,311.517130814187,273,1:34:47
10.1%,502500,2009.9999999801173,-3525284.0607076734,577605.4381924537,312.30316995240213,273,1:34:46
10.1%,505000,2019.9999999798808,-3530452.6470575873,575231.8496811942,311.01980389104943,273,1:34:43
10.2%,507500,2029.9999999796444,-3527475.681961205,574848.1818709827,310.81236008007585,273,1:34:40
10.2%,510000,2039.999999979408,-3530749.8891257737,577200.666066014,312.0843153332506,273,1:34:36
10.2%,512500,2049.9999999791717,-3529783.1580195483,576701.5907931516,311.81447232372574,273,1:34:34
10.3%,515000,2059.999999978935,-3527187.885139454,577117.9061242585,312.039568191956,273,1:34:31
10.3%,517500,2069.9999999786987,-3529501.525906671,574779.5614233802,310.7752579652189,273,1:34:28
10.4%,520000,2079.9999999784623,-3528107.733863417,573375.6617001733,310.0161890492044,273,1:34:25
10.4%,522500,2089.999999978226,-3527413.242679378,576210.7894478377,311.54910291093404,273,1:34:22
10.5%,525000,2099.9999999779893,-3527290.9150303286,575354.1173938342,311.0859123306788,273,1:34:19
10.6%,527500,2109.999999977753,-3530098.6928933132,576493.0752332471,311.701730881148,273,1:34:16
10.6%,530000,2119.9999999775164,-3523894.469362991,575312.5298698745,311.06342653898724,273,1:34:13
10.7%,532500,2129.99999997728,-3528031.5109944064,576953.681705591,311.95077434906227,273,1:34:10
10.7%,535000,2139.9999999770434,-3529731.767356122,578070.9376313866,312.5548589788157,273,1:34:07
10.8%,537500,2149.999999976807,-3528391.8514808584,573333.0140180943,309.9931300448673,273,1:34:03
10.8%,540000,2159.9999999765705,-3528186.250161439,574864.6085836476,310.82124177352597,273,1:34:00
10.8%,542500,2169.999999976334,-3525993.341589844,574717.3998313423,310.74164806309693,273,1:33:57
10.9%,545000,2179.9999999760976,-3529161.8309689127,576225.0774335186,311.5568282246609,273,1:33:54
10.9%,547500,2189.999999975861,-3526698.5448465645,575809.1511873319,311.331942729197,273,1:33:51
11.0%,550000,2199.9999999756246,-3526168.1484823003,574257.4013536129,310.4929333293546,273,1:33:48
11.1%,552500,2209.999999975388,-3529646.4896185044,575361.9492063129,311.09014688198636,273,1:33:45
11.1%,555000,2219.9999999751517,-3525936.8017807715,574893.520690593,310.8368741447815,273,1:33:43
11.2%,557500,2229.999999974915,-3527040.4315492846,575606.658299139,311.2224576608546,273,1:33:39
11.2%,560000,2239.9999999746788,-3531985.962099528,573478.1613440053,310.07160917091915,273,1:33:36
11.2%,562500,2249.9999999744423,-3527515.021274999,576011.5457906065,311.4413746562608,273,1:33:32
11.3%,565000,2259.999999974206,-3528385.733415859,573831.3670068155,310.26258252547404,273,1:33:29
11.3%,567500,2269.9999999739694,-3526062.6039356217,574894.9706354957,310.8376581096811,273,1:33:26
11.4%,570000,2279.999999973733,-3526615.858800793,576549.5410926077,311.73226118039094,273,1:33:22
11.4%,572500,2289.9999999734964,-3526240.024054719,575883.2563468602,311.3720103509683,273,1:33:19
11.5%,575000,2299.99999997326,-3526329.503050711,575022.0079978902,310.9063454321245,273,1:33:16
11.6%,577500,2309.9999999730235,-3528498.154674232,575133.049919761,310.9663842439238,273,1:33:13
11.6%,580000,2319.999999972787,-3526666.3981875293,574075.0244372393,310.39432468521187,273,1:33:10
11.7%,582500,2329.9999999725505,-3527521.090855783,574381.5328452651,310.56004948819,273,1:33:07
11.7%,585000,2339.999999972314,-3529218.685023045,575570.2628807555,311.20277916792264,273,1:33:04
11.8%,587500,2349.9999999720776,-3526929.8796979133,575238.0095248998,311.0231344322606,273,1:33:01
11.8%,590000,2359.999999971841,-3526206.447444111,575643.9927249075,311.242643861927,273,1:32:58
11.8%,592500,2369.9999999716047,-3529623.8555992767,575872.0296204757,311.36594021726415,273,1:32:55
11.9%,595000,2379.999999971368,-3530144.9620671235,576856.6998861856,311.8983376377272,273,1:32:52
11.9%,597500,2389.9999999711317,-3531078.9413987026,576058.136493746,311.4665655968557,273,1:32:49
12.0%,600000,2399.9999999708953,-3528735.689493835,575609.9530289071,311.2242390750912,273,1:32:45
12.1%,602500,2409.999999970659,-3527684.4759099763,576170.8822652679,311.52752565629555,273,1:32:42
12.1%,605000,2419.9999999704223,-3525826.068434825,577311.8985539551,312.1444571814548,273,1:32:39
12.2%,607500,2429.999999970186,-3529956.1855155434,576585.7144677368,311.75181961764537,273,1:32:35
12.2%,610000,2439.9999999699494,-3528342.9918506145,574721.2946969231,310.74375396236144,273,1:32:32
12.2%,612500,2449.999999969713,-3526537.8141120113,576589.585150481,311.7539124415888,273,1:32:29
12.3%,615000,2459.9999999694764,-3527115.205047436,576743.4429179921,311.8371011814072,273,1:32:25
12.3%,617500,2469.99999996924,-3526866.762475515,575076.6841601394,310.93590806720755,273,1:32:22
12.4%,620000,2479.9999999690035,-3530692.9919755682,575653.1814933253,311.247612100304,273,1:32:18
12.4%,622500,2489.999999968767,-3522853.6128573418,575078.2692779906,310.936765118227,273,1:32:15
12.5%,625000,2499.9999999685306,-3525537.820520181,574860.994155573,310.819287502893,273,1:32:12
12.6%,627500,2509.999999968294,-3526627.734064324,576076.5621578711,311.4765280953611,273,1:32:09
12.6%,630000,2519.9999999680576,-3524622.337239802,574926.7695653185,310.85485134563095,273,1:32:05
12.7%,632500,2529.999999967821,-3529134.760508457,575428.2894963471,311.1260161475841,273,1:32:02
12.7%,635000,2539.9999999675847,-3526699.0988822766,575777.5164007167,311.3148382431804,273,1:31:59
12.8%,637500,2549.9999999673482,-3532824.075755272,574887.4831955697,310.83360975578915,273,1:31:55
12.8%,640000,2559.9999999671118,-3526238.58480246,576455.6675225324,311.68150505593167,273,1:31:52
12.8%,642500,2569.9999999668753,-3527331.255660955,575369.184740382,311.0940590339099,273,1:31:49
12.9%,645000,2579.999999966639,-3525868.4282382466,576342.0334059376,311.62006468075384,273,1:31:45
12.9%,647500,2589.9999999664024,-3527800.930199189,575003.8744874311,310.8965408970141,273,1:31:42
13.0%,650000,2599.999999966166,-3527831.8468371313,577345.4771348145,312.16261264979266,273,1:31:39
13.1%,652500,2609.9999999659294,-3525248.378011631,574948.2574172348,310.8664695261833,273,1:31:35
13.1%,655000,2619.999999965693,-3528746.209366614,573697.2315817797,310.19005737998253,273,1:31:32
13.2%,657500,2629.9999999654565,-3525009.522526758,576104.6608691406,311.49172067496795,273,1:31:29
13.2%,660000,2639.99999996522,-3529386.059508864,575023.9652357572,310.90740368322435,273,1:31:26
13.2%,662500,2649.9999999649835,-3529335.6448566057,574549.7811816048,310.6510190070064,273,1:31:23
13.3%,665000,2659.999999964747,-3524738.5931884497,576854.0272006103,311.89689255407274,273,1:31:20
13.3%,667500,2669.9999999645106,-3527658.215218112,575092.8653786028,310.94465702538156,273,1:31:16
13.4%,670000,2679.999999964274,-3525165.628883818,578285.3804955774,312.6708052317977,273,1:31:13
13.4%,672500,2689.9999999640377,-3527822.796486823,576664.4967394136,311.7944160884433,273,1:31:10
13.5%,675000,2699.999999963801,-3526664.7903744224,576474.0188958419,311.69142738643376,273,1:31:07
13.6%,677500,2709.9999999635647,-3526714.980332738,574705.504759202,310.73521656420417,273,1:31:04
13.6%,680000,2719.9999999633283,-3527098.5011376347,575443.4552326788,311.13421604879335,273,1:31:00
13.7%,682500,2729.999999963092,-3526864.413695205,577562.7851139744,312.280108030307,273,1:30:58
13.7%,685000,2739.9999999628553,-3529290.8291635066,575982.7766183885,311.42581956781027,273,1:30:54
13.8%,687500,2749.999999962619,-3525808.4529449064,575649.8096623924,311.2457889985476,273,1:30:51
13.8%,690000,2759.9999999623824,-3528082.522224579,577122.9121606884,312.0422748857345,273,1:30:48
13.8%,692500,2769.999999962146,-3526370.3137640134,577152.7067169446,312.058384384972,273,1:30:45
13.9%,695000,2779.9999999619095,-3531141.1771778762,577465.5517522873,312.2275353135836,273,1:30:41
13.9%,697500,2789.999999961673,-3529054.3063593823,576528.6136400264,311.72094599990965,273,1:30:38
14.0%,700000,2799.9999999614365,-3529605.559504127,574829.1004382304,310.80204301665896,273,1:30:35
14.1%,702500,2809.9999999612,-3527121.267802883,576175.6776822247,311.530118471075,273,1:30:32
14.1%,705000,2819.9999999609636,-3530080.478478819,577289.6976830445,312.13245348151946,273,1:30:29
14.2%,707500,2829.999999960727,-3529276.9438662007,574543.602359919,310.6476782046672,273,1:30:26
14.2%,710000,2839.9999999604906,-3527829.044209389,576446.1896377348,311.67638049637765,273,1:30:23
14.2%,712500,2849.999999960254,-3524685.548712326,576370.5949054544,311.63550748348365,273,1:30:20
14.3%,715000,2859.9999999600177,-3527953.451155396,574599.6027421963,310.6779568269712,273,1:30:17
14.3%,717500,2869.9999999597812,-3530426.0545220748,574451.3153381433,310.5977799046508,273,1:30:14
14.4%,720000,2879.9999999595448,-3526594.033444844,574998.275406234,310.8935135522367,273,1:30:11
14.4%,722500,2889.9999999593083,-3523604.654870851,577331.0749789512,312.1548256058474,273,1:30:08
14.5%,725000,2899.999999959072,-3527190.935185399,576704.1193580071,311.81583948332565,273,1:30:04
14.6%,727500,2909.9999999588354,-3529005.697736731,574839.705376464,310.8077769582192,273,1:30:01
14.6%,730000,2919.999999958599,-3529274.76786693,577176.5317445404,312.07126624367754,273,1:29:58
14.7%,732500,2929.9999999583624,-3526548.136260908,573850.2082728744,310.2727697341238,273,1:29:55
14.7%,735000,2939.999999958126,-3526902.8687045686,576456.1535689054,311.68176785439755,273,1:29:52
14.8%,737500,2949.9999999578895,-3529055.337352805,574992.4576523505,310.89036797420084,273,1:29:49
14.8%,740000,2959.999999957653,-3530670.0889184754,575329.7952099841,311.07276166655015,273,1:29:46
14.8%,742500,2969.9999999574165,-3527942.903357219,574699.9150200768,310.7321942705542,273,1:29:42
14.9%,745000,2979.99999995718,-3525830.325020658,577374.9223063579,312.1785332416098,273,1:29:39
14.9%,747500,2989.9999999569436,-3526048.931680616,575605.7710485298,311.22197793687786,273,1:29:36
15.0%,750000,2999.999999956707,-3527637.1832794715,577470.8848596537,312.2304188500362,273,1:29:33
15.1%,752500,3009.9999999564707,-3528904.742122248,574462.1333783439,310.6036290674598,273,1:29:31
15.1%,755000,3019.999999956234,-3525357.265934538,576958.1464175154,311.95318835626284,273,1:29:28
15.2%,757500,3029.9999999559977,-3525022.9162161388,575784.8790979991,311.3188191504722,273,1:29:25
15.2%,760000,3039.9999999557613,-3528673.2995765116,574680.9437311448,310.7219367603582,273,1:29:22
15.2%,762500,3049.999999955525,-3525248.3702588547,576351.995717342,311.6254511629888,273,1:29:19
15.3%,765000,3059.9999999552883,-3529033.051376546,577090.880730266,312.024955939967,273,1:29:16
15.3%,767500,3069.999999955052,-3525063.762073979,573749.1833018241,310.21814694732655,273,1:29:12
15.4%,770000,3079.9999999548154,-3527275.8449548036,573500.8294164055,310.08386548015585,273,1:29:09
15.4%,772500,3089.999999954579,-3526244.1105671413,575087.9345921675,310.9419910182212,273,1:29:06
15.5%,775000,3099.9999999543425,-3527876.112213904,573205.5712150551,309.9242235063463,273,1:29:03
15.6%,777500,3109.999999954106,-3527258.0069439504,576152.9565827847,311.51783349086065,273,1:29:00
15.6%,780000,3119.9999999538695,-3526778.8750287313,576204.0000972424,311.5454320041651,273,1:28:57
15.7%,782500,3129.999999953633,-3526837.124709241,575844.7578441188,311.35119474978177,273,1:28:53
15.7%,785000,3139.9999999533966,-3527612.1045712456,575704.8464494115,311.2755466183925,273,1:28:50
15.8%,787500,3149.99999995316,-3527387.128965011,575608.3061884937,311.2233486515468,273,1:28:47
15.8%,790000,3159.9999999529236,-3528466.0659460146,576583.122046696,311.75041793190053,273,1:28:43
15.8%,792500,3169.999999952687,-3527250.8211934026,574943.0546588697,310.86365646761,273,1:28:41
15.9%,795000,3179.9999999524507,-3525259.184327701,576693.1815013632,311.8099255374441,273,1:28:38
15.9%,797500,3189.9999999522142,-3532188.135966679,573655.9913201472,310.16775934816724,273,1:28:34
16.0%,800000,3199.9999999519778,-3529221.0565451607,576180.0459289635,311.53248032090096,273,1:28:31
16.1%,802500,3209.9999999517413,-3527696.8914100323,574414.6056986516,310.57793151676697,273,1:28:28
16.1%,805000,3219.999999951505,-3526316.3343367055,577462.8906890076,312.2260965139416,273,1:28:25
16.1%,807500,3229.9999999512684,-3526836.738540575,574834.4573437036,310.8049394204145,273,1:28:22
16.2%,810000,3239.999999951032,-3525146.5673454627,572543.1186453416,309.5660446808282,273,1:28:19
16.2%,812500,3249.9999999507954,-3531199.3458953314,576347.6919879934,311.62312419681206,273,1:28:16
16.3%,815000,3259.999999950559,-3529774.579211306,575017.3630333565,310.9038339648628,273,1:28:13
16.4%,817500,3269.9999999503225,-3527068.6936547793,575000.6982170502,310.8948235321089,273,1:28:10
16.4%,820000,3279.999999950086,-3527541.094651038,575329.0507077044,311.07235912459566,273,1:28:07
16.4%,822500,3289.9999999498496,-3529622.6606980823,573818.7195147146,310.2557442036476,273,1:28:03
16.5%,825000,3299.999999949613,-3529747.2788178753,576731.1231303774,311.8304400448064,273,1:28:00
16.6%,827500,3309.9999999493766,-3526997.7880908977,574792.8046556872,310.7824183954302,273,1:27:57
16.6%,830000,3319.99999994914,-3525589.657528851,577238.9263217102,312.1050021175968,273,1:27:54
16.6%,832500,3329.9999999489037,-3526269.7243845593,575093.7997141267,310.94516220751217,273,1:27:51
16.7%,835000,3339.999999948667,-3526983.9866110384,577639.0452735145,312.3213408303998,273,1:27:47
16.8%,837500,3349.9999999484307,-3527471.6676894855,575568.8741205161,311.2020282847135,273,1:27:44
16.8%,840000,3359.9999999481943,-3528637.676000029,576020.2406370838,311.44607583796295,273,1:27:41
16.9%,842500,3369.999999947958,-3529249.762946032,576309.6412587867,311.6025507005038,273,1:27:38
16.9%,845000,3379.9999999477213,-3528958.261805959,576483.0046279879,311.69628584594255,273,1:27:35
16.9%,847500,3389.999999947485,-3525866.8110779505,575617.9585506797,311.2285675485809,273,1:27:32
17.0%,850000,3399.9999999472484,-3525787.84220838,574916.2468691721,310.84916187121524,273,1:27:28
17.1%,852500,3409.999999947012,-3526189.322520802,576632.34398223,311.7770315429956,273,1:27:25
17.1%,855000,3419.9999999467755,-3529631.144101443,576039.8343815221,311.4566699011326,273,1:27:22
17.1%,857500,3429.999999946539,-3526826.569988122,575088.1979140062,310.942133392651,273,1:27:19
17.2%,860000,3439.9999999463025,-3529504.4919427633,574486.6782783798,310.61690015111054,273,1:27:16
17.2%,862500,3449.999999946066,-3527471.900317656,575544.4452984936,311.18881996281874,273,1:27:13
17.3%,865000,3459.9999999458296,-3529612.600638166,575565.428007192,311.2001650195086,273,1:27:09
17.4%,867500,3469.999999945593,-3528168.462246487,574512.5996225592,310.63091545882986,273,1:27:06
17.4%,870000,3479.9999999453566,-3526010.6900950875,576198.7115794974,311.5425725766963,273,1:27:03
17.4%,872500,3489.99999994512,-3527887.4084347524,575017.3957530037,310.9038516559178,273,1:27:00
17.5%,875000,3499.9999999448837,-3526328.230641803,575249.1810980956,311.02917474540817,273,1:26:57
17.6%,877500,3509.9999999446472,-3528548.6503584627,574655.3164369557,310.70808044134986,273,1:26:53
17.6%,880000,3519.999999944411,-3531851.3059039433,573871.9586741406,310.28452987143214,273,1:26:50
17.6%,882500,3529.9999999441743,-3527978.379578214,576858.3103138821,311.8992083734255,273,1:26:47
17.7%,885000,3539.999999943938,-3528496.4023311418,577033.8394460708,311.99411451657596,273,1:26:44
17.8%,887500,3549.9999999437014,-3530194.3553691693,576283.9940012991,311.58868358761964,273,1:26:41
17.8%,890000,3559.999999943465,-3526696.8457439393,573107.617612574,309.87126136551393,273,1:26:38
17.9%,892500,3569.9999999432284,-3529119.989713758,574034.7051526014,310.37252461275756,273,1:26:34
17.9%,895000,3579.999999942992,-3527605.0497618653,573121.2933946775,309.8786556693415,273,1:26:31
17.9%,897500,3589.9999999427555,-3526069.689232122,574941.7801014419,310.86296733226135,273,1:26:28
18.0%,900000,3599.999999942519,-3526677.166178042,576519.7216023877,311.7161381997085,273,1:26:25
18.1%,902500,3609.9999999422826,-3527841.364944974,577149.6453540181,312.05672914891784,273,1:26:22
18.1%,905000,3619.999999942046,-3528974.349467078,576570.676432455,311.7436887626052,273,1:26:19
18.1%,907500,3629.9999999418096,-3526751.4528211933,576912.0448566384,311.928261888038,273,1:26:16
18.2%,910000,3639.999999941573,-3527408.920386227,574308.2845743552,310.5204451740924,273,1:26:12
18.2%,912500,3649.9999999413367,-3524786.0158048384,575147.1122691769,310.97398755928265,273,1:26:09
18.3%,915000,3659.9999999411,-3526495.215430543,573661.2715899984,310.1706143161154,273,1:26:06
18.4%,917500,3669.9999999408637,-3528990.8488910813,575716.9975330362,311.282116539109,273,1:26:03
18.4%,920000,3679.9999999406273,-3527518.1674961094,574992.3430774545,310.89030602515936,273,1:26:00
18.4%,922500,3689.999999940391,-3530571.1817838643,576253.2006199108,311.57203403762367,273,1:25:57
18.5%,925000,3699.9999999401543,-3527522.319291057,576528.2040738477,311.72072455321353,273,1:25:53
18.6%,927500,3709.999999939918,-3527244.179329492,574966.5509418491,310.87636057870617,273,1:25:50
18.6%,930000,3719.9999999396814,-3527064.3604889642,575362.2487925008,311.0903088640419,273,1:25:47
18.6%,932500,3729.999999939445,-3527246.542868858,574810.0110129252,310.79172163178066,273,1:25:44
18.7%,935000,3739.9999999392085,-3525544.3654197864,575460.209016606,311.14327458509365,273,1:25:41
18.8%,937500,3749.999999938972,-3529611.2686797194,573609.668549377,310.14271327485153,273,1:25:38
18.8%,940000,3759.9999999387355,-3527148.0760955997,576821.5694733979,311.87934311560207,273,1:25:35
18.9%,942500,3769.999999938499,-3527312.253356261,576570.3923702864,311.7435351741695,273,1:25:31
18.9%,945000,3779.9999999382626,-3525425.002464803,576372.3026549629,311.6364308397226,273,1:25:28
18.9%,947500,3789.999999938026,-3525021.854831936,574557.8749792114,310.655395210003,273,1:25:25
19.0%,950000,3799.9999999377897,-3523064.385043189,575586.6862489281,311.21165905305264,273,1:25:22
19.1%,952500,3809.999999937553,-3525144.4113613795,576006.1676630799,311.4384667780382,273,1:25:19
19.1%,955000,3819.9999999373167,-3526863.2514175177,577925.7020826475,312.47633215191644,273,1:25:16
19.1%,957500,3829.9999999370802,-3528612.260846691,575482.5791768669,311.15536981740956,273,1:25:12
19.2%,960000,3839.999999936844,-3525211.453085011,575798.4521370132,311.3261579025505,273,1:25:09
19.2%,962500,3849.9999999366073,-3527704.0772216823,576522.8096600638,311.7178078692398,273,1:25:06
19.3%,965000,3859.999999936371,-3527154.194205152,574487.2443642658,310.6172062258199,273,1:25:03
19.4%,967500,3869.9999999361344,-3529624.3265838027,573612.368091448,310.14417287943706,273,1:25:00
19.4%,970000,3879.999999935898,-3529232.4509247616,576383.426722881,311.6424454674319,273,1:24:56
19.4%,972500,3889.9999999356614,-3531728.9724674635,576658.3518489387,311.7910936322346,273,1:24:53
19.5%,975000,3899.999999935425,-3526455.4670397453,575640.8563917681,311.2409480905289,273,1:24:50
19.6%,977500,3909.9999999351885,-3524942.469415726,575724.2565414091,311.2860413832598,273,1:24:47
19.6%,980000,3919.999999934952,-3529376.232923353,572544.8292279411,309.56696956887976,273,1:24:43
19.6%,982500,3929.9999999347156,-3527332.270759683,574671.4253333895,310.71679029601546,273,1:24:40
19.7%,985000,3939.999999934479,-3530102.797617562,576185.6269796857,311.53549791685316,273,1:24:37
19.8%,987500,3949.9999999342426,-3528029.5645077135,575019.0225805773,310.9047312588,273,1:24:34
19.8%,990000,3959.999999934006,-3527254.308411639,574974.5768535789,310.88070007676004,273,1:24:31
19.9%,992500,3969.9999999337697,-3530264.9013096094,575036.4579299937,310.9141583080137,273,1:24:28
19.9%,995000,3979.999999933533,-3527037.451255666,574542.7538493378,310.647219426881,273,1:24:24
19.9%,997500,3989.9999999332967,-3526845.230186736,576063.1871361115,311.4692964084387,273,1:24:21
20.0%,1000000,3999.9999999330603,-3528768.704529928,574199.9001773678,310.4618432487738,273,1:24:18
20.1%,1002500,4009.999999932824,-3527535.2068045363,574229.7451210022,310.4779799917609,273,1:24:15
20.1%,1005000,4019.9999999325873,-3528780.290530896,574087.8258152475,310.40124621099295,273,1:24:12
20.1%,1007500,4029.999999932351,-3530188.486230245,575184.1373432381,310.99400649821996,273,1:24:09
20.2%,1010000,4039.9999999321144,-3526732.4262605123,575904.0027966748,311.38322766578904,273,1:24:06
20.2%,1012500,4049.999999931878,-3528295.371883711,575748.3043803483,311.2990437129379,273,1:24:03
20.3%,1015000,4059.9999999316415,-3529929.6861948874,575402.0364773534,311.11182150793843,273,1:23:59
20.4%,1017500,4069.999999931405,-3528783.219026603,574264.6929698795,310.49687580413683,273,1:23:56
20.4%,1020000,4079.9999999311685,-3527014.8929289747,574866.1453194674,310.8220726650588,273,1:23:53
20.4%,1022500,4089.999999930932,-3527353.481925098,576550.5215847106,311.7327913187373,273,1:23:50
20.5%,1025000,4099.999999930696,-3528794.5028200503,577809.5617211983,312.4135366852506,273,1:23:47
20.6%,1027500,4109.999999930459,-3526791.4376596566,576274.3534509006,311.5834710770536,273,1:23:43
20.6%,1030000,4119.999999930223,-3529066.3268954754,575133.1585074833,310.96644295578426,273,1:23:40
20.6%,1032500,4129.999999929986,-3527279.8769939914,575404.8595138926,311.1133478842531,273,1:23:37
20.7%,1035000,4139.99999992975,-3525862.1421040706,575403.6688308531,311.1127040986114,273,1:23:34
20.8%,1037500,4149.999999929513,-3528987.377332054,574132.0560664767,310.4251608883026,273,1:23:30
20.8%,1040000,4159.999999929277,-3527944.0206347667,574142.9100144514,310.43102946594206,273,1:23:27
20.9%,1042500,4169.99999992904,-3528192.131108608,576582.4966962779,311.7500798136886,273,1:23:24
20.9%,1045000,4179.999999928804,-3527898.83165841,575658.615518597,311.25055020165445,273,1:23:21
20.9%,1047500,4189.999999928567,-3530550.7852979116,572725.0461516086,309.66441033522113,273,1:23:18
21.0%,1050000,4199.999999928331,-3528538.5363547374,574193.0757351815,310.4581533684731,273,1:23:14
21.1%,1052500,4209.999999928094,-3528247.211313488,575471.3599063084,311.14930371496604,273,1:23:11
21.1%,1055000,4219.999999927858,-3527259.1958295703,575944.5647864433,311.4051589655079,273,1:23:08
21.1%,1057500,4229.9999999276215,-3524792.756540144,575587.8733047969,311.2123008775339,273,1:23:05
21.2%,1060000,4239.999999927385,-3527079.32253268,575216.0053137254,311.01123706349006,273,1:23:01
21.2%,1062500,4249.999999927149,-3527858.4874972217,575208.3707646064,311.007109169718,273,1:22:58
21.3%,1065000,4259.999999926912,-3527674.217293389,574834.4851007764,310.804954428275,273,1:22:55
21.4%,1067500,4269.999999926676,-3528522.997548856,576888.5846139981,311.91557726344826,273,1:22:52
21.4%,1070000,4279.999999926439,-3526643.1678306386,575310.9899222901,311.0625939108983,273,1:22:49
21.4%,1072500,4289.999999926203,-3525613.016266931,574472.4655782017,310.60921554320055,273,1:22:46
21.5%,1075000,4299.999999925966,-3529098.2594288867,575871.9386237672,311.3658910166185,273,1:22:43
21.6%,1077500,4309.99999992573,-3529222.5084513314,575944.0404648206,311.40487547215065,273,1:22:39
21.6%,1080000,4319.999999925493,-3526759.783557482,575351.4037994929,311.0844451282275,273,1:22:36
21.6%,1082500,4329.999999925257,-3526356.7851300817,576847.6932263433,311.89346786290605,273,1:22:33
21.7%,1085000,4339.99999992502,-3526424.970664166,575665.337361601,311.2541846080143,273,1:22:29
21.8%,1087500,4349.999999924784,-3528807.3168217875,575090.8653201294,310.94357562177964,273,1:22:26
21.8%,1090000,4359.999999924547,-3530688.5725787804,576214.2845640334,311.55099267130515,273,1:22:23
21.9%,1092500,4369.999999924311,-3527753.7151333615,573865.7731892827,310.28118546640917,273,1:22:20
21.9%,1095000,4379.9999999240745,-3526850.6526536364,576417.4405098745,311.66083624563055,273,1:22:17
21.9%,1097500,4389.999999923838,-3528438.5397199895,575459.6305209356,311.14296180058767,273,1:22:14
22.0%,1100000,4399.9999999236015,-3529569.3533893693,573028.8661383621,309.8286815464739,273,1:22:10
22.1%,1102500,4409.999999923365,-3529701.357285291,573569.9828050081,310.12125574874665,273,1:22:07
22.1%,1105000,4419.999999923129,-3529199.2014716826,574655.8169171683,310.70835104399066,273,1:22:04
22.1%,1107500,4429.999999922892,-3524482.4219701886,577929.1510409528,312.47819695536276,273,1:22:01
22.2%,1110000,4439.999999922656,-3528668.1278097685,576681.5668140418,311.8036456386955,273,1:21:58
22.2%,1112500,4449.999999922419,-3525939.2494643833,576703.0819363829,311.8152785639846,273,1:21:55
22.3%,1115000,4459.999999922183,-3526596.6943200324,575710.1054674933,311.2783900958066,273,1:21:51
22.4%,1117500,4469.999999921946,-3527651.901135642,574535.6637369425,310.64338590241954,273,1:21:48
22.4%,1120000,4479.99999992171,-3529689.4441800304,574642.6644021637,310.70123966335393,273,1:21:45
22.4%,1122500,4489.999999921473,-3526543.233141316,574133.7503554758,310.42607696663265,273,1:21:42
22.5%,1125000,4499.999999921237,-3528063.5346208457,575241.5841533018,311.025067183768,273,1:21:39
22.6%,1127500,4509.999999921,-3529140.8263018467,578506.0577229762,312.79012231764204,273,1:21:36
22.6%,1130000,4519.999999920764,-3525584.3267695326,577721.7934535989,312.3660816123235,273,1:21:32
22.6%,1132500,4529.999999920527,-3528643.3298918437,575954.8128400074,311.41069994452624,273,1:21:29
22.7%,1135000,4539.999999920291,-3524954.7427257374,576324.5806188941,311.61062820325935,273,1:21:26
22.8%,1137500,4549.9999999200545,-3531224.2681293357,576259.7360588802,311.575567657933,273,1:21:23
22.8%,1140000,4559.999999919818,-3530702.6302691624,577500.0856540141,312.2462073105334,273,1:21:19
22.9%,1142500,4569.999999919582,-3531133.6038569417,573042.3612144154,309.8359781450713,273,1:21:16
22.9%,1145000,4579.999999919345,-3528086.6452139635,576199.7255139188,311.54312079683575,273,1:21:13
22.9%,1147500,4589.999999919109,-3531574.506274,576130.2848898162,311.5055752240334,273,1:21:10
23.0%,1150000,4599.999999918872,-3526058.6522710472,573582.2866922076,310.1279082882158,273,1:21:07
23.1%,1152500,4609.999999918636,-3526261.224087801,573770.6809801547,310.2297704408834,273,1:21:04
23.1%,1155000,4619.999999918399,-3530673.7093042247,576357.6793653402,311.6285242318509,273,1:21:00
23.1%,1157500,4629.999999918163,-3527154.323403802,575424.6572609597,311.12405224878665,273,1:20:57
23.2%,1160000,4639.999999917926,-3525433.808007084,576220.790048172,311.55451009545703,273,1:20:54
23.2%,1162500,4649.99999991769,-3530215.842934178,576105.3513847855,311.4920940271051,273,1:20:51
23.3%,1165000,4659.999999917453,-3528470.4292346574,575407.4909072397,311.1147706417782,273,1:20:48
23.4%,1167500,4669.999999917217,-3526383.1546110157,577471.641003983,312.23082768668377,273,1:20:45
23.4%,1170000,4679.99999991698,-3530351.1390344985,576262.106590449,311.5768493711484,273,1:20:42
23.4%,1172500,4689.999999916744,-3528807.078249663,579188.6350181708,313.1591823003422,273,1:20:39
23.5%,1175000,4699.9999999165075,-3528211.114533227,575454.1130284107,311.13997856966256,273,1:20:35
23.6%,1177500,4709.999999916271,-3530234.6690094452,575106.4896053306,310.95202345393966,273,1:20:32
23.6%,1180000,4719.9999999160345,-3528864.6510040946,575869.2054758801,311.36441324183886,273,1:20:29
23.6%,1182500,4729.999999915798,-3526210.927999459,576425.601241637,311.66524863898775,273,1:20:26
23.7%,1185000,4739.999999915562,-3527446.8572598733,578238.4994410279,312.6454573022624,273,1:20:23
23.8%,1187500,4749.999999915325,-3525364.0027274247,574661.1932014911,310.7112579256187,273,1:20:20
23.8%,1190000,4759.999999915089,-3526178.430343166,574634.8781154411,310.697029727185,273,1:20:17
23.9%,1192500,4769.999999914852,-3529639.79778827,576542.8317349313,311.72863352467283,273,1:20:14
23.9%,1195000,4779.999999914616,-3529762.8760189377,577481.1708800524,312.2359803571902,273,1:20:10
23.9%,1197500,4789.999999914379,-3525157.7818666473,575816.9807775199,311.33617607894314,273,1:20:07
24.0%,1200000,4799.999999914143,-3527348.300081156,575181.8309133642,310.9927594438931,273,1:20:04
24.1%,1202500,4809.999999913906,-3526600.3988489434,573508.3793344977,310.0879476151172,273,1:20:01
24.1%,1205000,4819.99999991367,-3527690.0181651283,573089.5567518305,309.8614961110871,273,1:19:58
24.1%,1207500,4829.999999913433,-3531603.02658521,572200.1163813407,309.3805881610912,273,1:19:55
24.2%,1210000,4839.999999913197,-3531450.3646956515,576912.1002147709,311.92829181940476,273,1:19:52
24.2%,1212500,4849.99999991296,-3524000.665492857,574448.0744917137,310.59602762438067,273,1:19:48
24.3%,1215000,4859.999999912724,-3526618.452099832,576015.7300676173,311.4436370362317,273,1:19:45
24.4%,1217500,4869.9999999124875,-3525296.256326778,574438.8562232584,310.5910434357465,273,1:19:42
24.4%,1220000,4879.999999912251,-3528144.319514841,575601.4409220801,311.2196366981583,273,1:19:39
24.4%,1222500,4889.999999912015,-3528828.6181704924,575483.4968153236,311.15586597166975,273,1:19:36
24.5%,1225000,4899.999999911778,-3529370.2310525905,575544.8232628768,311.1890243228666,273,1:19:33
24.6%,1227500,4909.999999911542,-3529406.7683174293,575969.9739768491,311.41889735885565,273,1:19:30
24.6%,1230000,4919.999999911305,-3528000.4638476428,576709.7365433532,311.8188766167628,273,1:19:26
24.6%,1232500,4929.999999911069,-3526060.865626028,575587.6644573207,311.21218795662884,273,1:19:23
24.7%,1235000,4939.999999910832,-3528762.3773204945,577683.7148967169,312.34549306998105,273,1:19:20
24.8%,1237500,4949.999999910596,-3529937.0150146466,577542.2548914017,312.26900762652735,273,1:19:17
24.8%,1240000,4959.999999910359,-3527114.118581822,577296.6842189418,312.13623100361923,273,1:19:14
24.9%,1242500,4969.999999910123,-3525533.9359965622,577080.9546540756,312.0195890496047,273,1:19:10
24.9%,1245000,4979.999999909886,-3526966.7744734026,575596.0956772397,311.21674659914356,273,1:19:07
24.9%,1247500,4989.99999990965,-3529278.318004621,575389.5600911094,311.1050757006521,273,1:19:04
25.0%,1250000,4999.999999909413,-3532374.3630871847,573957.8385777869,310.33096393242,273,1:19:01
25.1%,1252500,5009.999999909177,-3527952.7806208506,573843.3614887791,310.2690677738659,273,1:18:58
25.1%,1255000,5019.9999999089405,-3526800.724642139,576306.3583932818,311.6007757011082,273,1:18:55
25.1%,1257500,5029.999999908704,-3527377.2445304915,577505.2332781436,312.2489905587978,273,1:18:52
25.2%,1260000,5039.9999999084675,-3527936.254419353,575050.8733613417,310.92195252982765,273,1:18:48
25.2%,1262500,5049.999999908231,-3529441.1059670635,574936.068574208,310.85987918948695,273,1:18:45
25.3%,1265000,5059.999999907995,-3525738.741321888,574584.5527184032,310.6698194899108,273,1:18:42
25.4%,1267500,5069.999999907758,-3527834.710871687,575705.6648088032,311.2759890938529,273,1:18:39
25.4%,1270000,5079.999999907522,-3529393.6853184216,576871.7819422465,311.90649229418597,273,1:18:36
25.4%,1272500,5089.999999907285,-3528338.1138157956,576349.1565091901,311.6239160429097,273,1:18:33
25.5%,1275000,5099.999999907049,-3528430.9570323452,575228.8507175428,311.01818239340946,273,1:18:29
25.6%,1277500,5109.999999906812,-3529250.9667356554,573552.14095881,310.11160891241684,273,1:18:26
25.6%,1280000,5119.999999906576,-3528610.736237759,575129.3116932238,310.96436303719616,273,1:18:23
25.6%,1282500,5129.999999906339,-3524453.8133864123,575060.2516604044,310.92702324476966,273,1:18:20
25.7%,1285000,5139.999999906103,-3526383.818404332,576895.8416360617,311.9195010336295,273,1:18:17
25.8%,1287500,5149.999999905866,-3528559.651769031,578000.7144851517,312.5168903072571,273,1:18:14
25.8%,1290000,5159.99999990563,-3528598.616991585,574909.6306300815,310.84558456341216,273,1:18:11
25.9%,1292500,5169.999999905393,-3528181.7619448956,574838.1425406889,310.80693195480615,273,1:18:08
25.9%,1295000,5179.999999905157,-3527556.013035396,575643.212005657,311.24222173796375,273,1:18:04
25.9%,1297500,5189.9999999049205,-3529734.6809604764,573125.9526903746,309.88117488526257,273,1:18:01
26.0%,1300000,5199.999999904684,-3530354.9452019855,574591.1831247131,310.673404457731,273,1:17:58
26.1%,1302500,5209.999999904448,-3528336.680870386,576905.4847826578,311.9247149479231,273,1:17:55
26.1%,1305000,5219.999999904211,-3526967.6870842483,576511.7777985106,311.7118430962205,273,1:17:52
26.1%,1307500,5229.999999903975,-3525542.069038462,575541.504616495,311.18722997725195,273,1:17:49
26.2%,1310000,5239.999999903738,-3529785.1343657896,574033.6180312783,310.37193682148535,273,1:17:45
26.2%,1312500,5249.999999903502,-3529451.67866393,574335.6810701732,310.53525807564034,273,1:17:42
26.3%,1315000,5259.999999903265,-3526424.935243653,574767.4310977953,310.7686992680837,273,1:17:39
26.4%,1317500,5269.999999903029,-3530418.4077625796,575036.7048104984,310.91429179284455,273,1:17:36
26.4%,1320000,5279.999999902792,-3528605.146611862,576345.6252376164,311.622006733832,273,1:17:33
26.4%,1322500,5289.999999902556,-3530100.970827915,574862.2767300969,310.8199809729732,273,1:17:30
26.5%,1325000,5299.999999902319,-3526656.6681015566,574528.1336939989,310.63931451367273,273,1:17:26
26.6%,1327500,5309.999999902083,-3524454.2881506626,578056.0635197342,312.54681675498585,273,1:17:23
26.6%,1330000,5319.999999901846,-3531661.2164024673,574822.4150505582,310.7984283211863,273,1:17:20
26.6%,1332500,5329.99999990161,-3528907.27214887,576310.7565909941,311.60315374500595,273,1:17:17
26.7%,1335000,5339.9999999013735,-3526098.0196742583,575419.0155044065,311.121001830042,273,1:17:14
26.8%,1337500,5349.999999901137,-3524683.304127343,575342.519378456,311.07964144621644,273,1:17:10
26.8%,1340000,5359.999999900901,-3528283.9278776124,575701.2889934465,311.27362315178124,273,1:17:07
26.9%,1342500,5369.999999900664,-3528061.10212907,574693.430320645,310.72868808440217,273,1:17:04
26.9%,1345000,5379.999999900428,-3528282.868788801,575424.5953020618,311.1240187484784,273,1:17:01
26.9%,1347500,5389.999999900191,-3528558.4031393584,576385.4088116802,311.6435171550826,273,1:16:58
27.0%,1350000,5399.999999899955,-3529796.817984225,575394.1137356735,311.10753779248535,273,1:16:55
27.1%,1352500,5409.999999899718,-3526008.5136020333,576178.5983512225,311.53169763589256,273,1:16:51
27.1%,1355000,5419.999999899482,-3528877.856372224,574015.2474717447,310.36200411726065,273,1:16:48
27.1%,1357500,5429.999999899245,-3527991.6947590243,577512.1409518858,312.25272544123493,273,1:16:45
27.2%,1360000,5439.999999899009,-3528412.818731947,573725.935836175,310.20557736827567,273,1:16:42
27.2%,1362500,5449.999999898772,-3528365.52262138,576166.9434817791,311.5253960112334,273,1:16:39
27.3%,1365000,5459.999999898536,-3527051.4376351666,575667.3361058861,311.2552653010531,273,1:16:36
27.4%,1367500,5469.999999898299,-3525560.7281955034,573197.8960049944,309.92007362777264,273,1:16:32
27.4%,1370000,5479.999999898063,-3527621.0471950117,575640.7730108787,311.24090300764993,273,1:16:29
27.4%,1372500,5489.9999998978265,-3530129.2168611716,574476.0626154144,310.61116041083795,273,1:16:26
27.5%,1375000,5499.99999989759,-3526805.605063835,573514.7726875124,310.09140441154096,273,1:16:23
27.6%,1377500,5509.9999998973535,-3527190.3095713835,573050.407737307,309.84032878729175,273,1:16:20
27.6%,1380000,5519.999999897117,-3524468.401468141,574505.8561051118,310.62726933340207,273,1:16:17
27.6%,1382500,5529.999999896881,-3528285.1727194544,575186.165538453,310.99510311496385,273,1:16:14
27.7%,1385000,5539.999999896644,-3526375.087091306,576951.8883658671,311.9498047153927,273,1:16:10
27.8%,1387500,5549.999999896408,-3531250.3378667403,574512.2787899883,310.6307419891527,273,1:16:07
27.8%,1390000,5559.999999896171,-3527747.596611457,577039.6532726232,311.9972579711589,273,1:16:04
27.9%,1392500,5569.999999895935,-3528660.743792543,575848.931889188,311.35345159748516,273,1:16:01
27.9%,1395000,5579.999999895698,-3526606.878659457,573348.9838201544,310.0017646931534,273,1:15:58
27.9%,1397500,5589.999999895462,-3528630.697683938,576177.940237447,311.5313418029923,273,1:15:55
28.0%,1400000,5599.999999895225,-3529684.226284994,574635.756690734,310.6975047605397,273,1:15:51
28.1%,1402500,5609.999999894989,-3527088.7107008304,575130.1914731363,310.96483872187184,273,1:15:48
28.1%,1405000,5619.999999894752,-3528097.618928518,576499.9918242444,311.70547058501995,273,1:15:45
28.1%,1407500,5629.999999894516,-3525845.5029011704,575964.3509411578,311.4158570622188,273,1:15:42
28.2%,1410000,5639.999999894279,-3526243.0142052285,574267.5994891992,310.4984473184216,273,1:15:39
28.2%,1412500,5649.999999894043,-3526082.0922447965,575521.5379535327,311.1764342822599,273,1:15:36
28.3%,1415000,5659.9999998938065,-3530204.1422080677,574521.3906280806,310.6356686323804,273,1:15:32
28.4%,1417500,5669.99999989357,-3529001.3580397964,574083.1487718064,310.39871739911536,273,1:15:29
28.4%,1420000,5679.999999893334,-3526960.151553357,575452.5781648953,311.1391486904585,273,1:15:26
28.4%,1422500,5689.999999893097,-3528528.424524337,576308.4572002538,311.60191049664013,273,1:15:23
28.5%,1425000,5699.999999892861,-3529457.0879834965,575627.7895228122,311.2338830175112,273,1:15:20
28.6%,1427500,5709.999999892624,-3524739.422908658,577093.2686050124,312.02624703039567,273,1:15:17
28.6%,1430000,5719.999999892388,-3531095.3643263876,575150.5332367222,310.97583722851715,273,1:15:14
28.6%,1432500,5729.999999892151,-3525867.3343442604,576936.9347229186,311.941719490105,273,1:15:10
28.7%,1435000,5739.999999891915,-3527642.6612899173,575559.1214924082,311.1967551752999,273,1:15:07
28.8%,1437500,5749.999999891678,-3527943.5088088177,574252.1602670572,310.4900995472655,273,1:15:04
28.8%,1440000,5759.999999891442,-3526805.7949562743,574571.2914570566,310.66264931165034,273,1:15:01
28.9%,1442500,5769.999999891205,-3528054.710704621,575353.1059671412,311.0853654664329,273,1:14:58
28.9%,1445000,5779.999999890969,-3531052.5736377854,574218.8149925574,310.4720702244083,273,1:14:55
28.9%,1447500,5789.999999890732,-3526546.568362508,575139.1284574771,310.9696708241252,273,1:14:52
29.0%,1450000,5799.999999890496,-3527457.228783259,575664.0900864345,311.2535102238023,273,1:14:49
29.1%,1452500,5809.9999998902595,-3530041.517406162,574233.2785283697,310.47989045563236,273,1:14:45
29.1%,1455000,5819.999999890023,-3529312.433383582,575766.1102057281,311.30867107331585,273,1:14:42
29.1%,1457500,5829.9999998897865,-3526074.7571974117,576487.2191869648,311.69856459894834,273,1:14:39
29.2%,1460000,5839.99999988955,-3527574.7423231583,575717.2797923622,311.28226915277304,273,1:14:36
29.2%,1462500,5849.999999889314,-3527030.0912008006,574229.1827661179,310.47767593435185,273,1:14:33
29.3%,1465000,5859.999999889077,-3525605.428481398,575437.0025131474,311.13072715372545,273,1:14:30
29.4%,1467500,5869.999999888841,-3523287.5060188174,574207.0898339528,310.4657305953843,273,1:14:27
29.4%,1470000,5879.999999888604,-3525154.0698881503,575707.363119351,311.27690734657796,273,1:14:23
29.4%,1472500,5889.999999888368,-3524072.863389056,576005.6578550015,311.4381911319511,273,1:14:20
29.5%,1475000,5899.999999888131,-3528537.9466500953,576842.2922515898,311.89054763150796,273,1:14:17
29.6%,1477500,5909.999999887895,-3528943.513134824,577055.0649099913,312.0055908276141,273,1:14:14
29.6%,1480000,5919.999999887658,-3527565.183714891,573741.4677154096,310.21397523782383,273,1:14:11
29.6%,1482500,5929.999999887422,-3524211.1453143973,577250.0532993607,312.1110183185577,273,1:14:08
29.7%,1485000,5939.999999887185,-3525239.9950618166,576503.5703505508,311.7074054440697,273,1:14:05
29.8%,1487500,5949.999999886949,-3525892.7400960904,573612.9613419201,310.1444936416577,273,1:14:01
29.8%,1490000,5959.999999886712,-3526979.6958331633,575849.8504727883,311.3539482627713,273,1:13:58
29.9%,1492500,5969.999999886476,-3527881.7068080027,573666.1886668581,310.17327291070035,273,1:13:55
29.9%,1495000,5979.9999998862395,-3529564.568309685,575270.78958014,311.0408581489811,273,1:13:52
29.9%,1497500,5989.999999886003,-3529150.1360762604,575301.8053268539,311.0576279287939,273,1:13:49
30.0%,1500000,5999.999999885767,-3528375.516593352,575333.7352604527,311.0748919966505,273,1:13:46
30.1%,1502500,6009.99999988553,-3529439.6521524005,573408.2121246881,310.03378860780805,273,1:13:43
30.1%,1505000,6019.999999885294,-3527070.742386045,573214.1196366916,309.92884551818804,273,1:13:40
30.1%,1507500,6029.999999885057,-3527252.9959289264,574604.9789620766,310.6808636737561,273,1:13:37
30.2%,1510000,6039.999999884821,-3528687.3663477954,573424.7760135356,310.0427444704987,273,1:13:34
30.2%,1512500,6049.999999884584,-3528223.699766567,576481.6168988083,311.69553552021296,273,1:13:31
30.3%,1515000,6059.999999884348,-3524400.653824333,572713.0637656178,309.65793162695235,273,1:13:27
30.4%,1517500,6069.999999884111,-3529237.6042139214,575801.9223492322,311.3280341976904,273,1:13:24
30.4%,1520000,6079.999999883875,-3527641.6171832904,574860.5539374367,310.81904948311285,273,1:13:21
30.4%,1522500,6089.999999883638,-3529961.884714287,573821.8289305059,310.2574254212126,273,1:13:18
30.5%,1525000,6099.999999883402,-3526749.8828672674,574014.1737477399,310.36142356973085,273,1:13:15
30.6%,1527500,6109.999999883165,-3525349.565189874,577904.4919927727,312.46486415340934,273,1:13:11
30.6%,1530000,6119.999999882929,-3528265.929229835,576739.8381572769,311.83515213778014,273,1:13:08
30.6%,1532500,6129.9999998826925,-3529325.4784946106,575946.5339771826,311.40622367935833,273,1:13:05
30.7%,1535000,6139.999999882456,-3530688.3294430543,572939.0923334472,309.7801421076116,273,1:13:02
30.8%,1537500,6149.9999998822195,-3526972.723011505,576498.9867490388,311.70492715493435,273,1:12:59
30.8%,1540000,6159.999999881983,-3526261.5751892105,574297.5150079723,310.5146222203976,273,1:12:56
30.9%,1542500,6169.999999881747,-3531186.712137757,574043.5958922661,310.37733171116236,273,1:12:52
30.9%,1545000,6179.99999988151,-3526017.272153996,576137.6740269742,311.5095704269956,273,1:12:49
30.9%,1547500,6189.999999881274,-3529759.251290599,576568.7906830707,311.7426691643266,273,1:12:46
31.0%,1550000,6199.999999881037,-3526483.667516554,577100.9438411866,312.0303969230885,273,1:12:43
31.1%,1552500,6209.999999880801,-3527520.796736216,575763.9443090727,311.30750000333177,273,1:12:40
31.1%,1555000,6219.999999880564,-3526710.653494036,574564.3824315278,310.6589136983211,273,1:12:37
31.1%,1557500,6229.999999880328,-3526348.93171856,573318.9394588866,309.98552012784506,273,1:12:34
31.2%,1560000,6239.999999880091,-3529478.0455386657,573822.1102100954,310.2575775051468,273,1:12:30
31.2%,1562500,6249.999999879855,-3529751.8121021427,577428.9814125048,312.2077622431014,273,1:12:27
31.3%,1565000,6259.999999879618,-3527990.274830181,575063.6548786471,310.9288633172049,273,1:12:24
31.4%,1567500,6269.999999879382,-3529431.678711012,575428.0907735057,311.1259087009273,273,1:12:21
31.4%,1570000,6279.999999879145,-3529682.5470634494,575988.3700289873,311.4288438465745,273,1:12:18
31.4%,1572500,6289.999999878909,-3530489.175605729,576419.6626272411,311.66203771336563,273,1:12:14
31.5%,1575000,6299.9999998786725,-3530999.9332606513,576081.6918717419,311.47930165979955,273,1:12:11
31.6%,1577500,6309.999999878436,-3527404.947735589,575873.8064709243,311.36690093541347,273,1:12:08
31.6%,1580000,6319.9999998782,-3529119.923253294,577188.9466197325,312.0779787927996,273,1:12:05
31.6%,1582500,6329.999999877963,-3529913.783499036,577688.4091993842,312.3480312136805,273,1:12:02
31.7%,1585000,6339.999999877727,-3524602.229906004,574916.2742712542,310.84917668713723,273,1:11:59
31.8%,1587500,6349.99999987749,-3529978.7782651447,576763.985723177,311.8482083884291,273,1:11:55
31.8%,1590000,6359.999999877254,-3529445.3810044155,575774.4642850236,311.31318800697596,273,1:11:52
31.9%,1592500,6369.999999877017,-3528027.7300083768,576820.546657044,311.87879009312604,273,1:11:49
31.9%,1595000,6379.999999876781,-3529788.529488828,573151.7986446633,309.8951494307241,273,1:11:46
31.9%,1597500,6389.999999876544,-3529495.2219999917,574053.9449356905,310.3829272939835,273,1:11:43
32.0%,1600000,6399.999999876308,-3530072.4735218678,574268.3029880744,310.49882769040954,273,1:11:40
32.0%,1602500,6409.999999876071,-3529261.8587868717,573691.6832593855,310.18705747977896,273,1:11:37
32.1%,1605000,6419.999999875835,-3525977.4366227295,577213.6460948645,312.0913334530397,273,1:11:34
32.1%,1607500,6429.999999875598,-3528495.246606879,574583.8577602124,310.6694437357513,273,1:11:30
32.2%,1610000,6439.999999875362,-3527521.853791196,574952.0794934273,310.868536069245,273,1:11:27
32.2%,1612500,6449.9999998751255,-3529280.7590997107,574203.7083920622,310.46390229711767,273,1:11:24
32.3%,1615000,6459.999999874889,-3526095.619452432,576385.8948437537,311.64377994581696,273,1:11:21
32.4%,1617500,6469.9999998746525,-3528934.8602669872,574802.3599409672,310.78758480434095,273,1:11:18
32.4%,1620000,6479.999999874416,-3528784.8962237015,574289.4531941927,310.51026331060825,273,1:11:14
32.5%,1622500,6489.99999987418,-3530283.961243307,576221.5524146345,311.55492229632495,273,1:11:11
32.5%,1625000,6499.999999873943,-3524424.2225325983,576373.1772480326,311.63690371994505,273,1:11:08
32.5%,1627500,6509.999999873707,-3527504.713398032,576227.5566143352,311.5581686830027,273,1:11:05
32.6%,1630000,6519.99999987347,-3525227.6554230265,576361.178080501,311.63041593813216,273,1:11:02
32.6%,1632500,6529.999999873234,-3528780.843576269,574827.7650866547,310.8013210107661,273,1:10:59
32.7%,1635000,6539.999999872997,-3528025.849591477,576589.650156558,311.75394758946413,273,1:10:55
32.8%,1637500,6549.999999872761,-3526716.7670163587,574470.3064630168,310.6080481398626,273,1:10:52
32.8%,1640000,6559.999999872524,-3528163.08490349,575034.0245207553,310.9128425977231,273,1:10:49
32.9%,1642500,6569.999999872288,-3527919.421486249,576355.9123442762,311.62756882831223,273,1:10:46
32.9%,1645000,6579.999999872051,-3525539.4611219056,575739.2871365896,311.29416821554145,273,1:10:43
33.0%,1647500,6589.999999871815,-3528370.1508885305,574104.9409510419,310.4105001251865,273,1:10:40
33.0%,1650000,6599.999999871578,-3528058.39550595,577690.5165393726,312.3491706228949,273,1:10:36
33.0%,1652500,6609.999999871342,-3528934.6431053467,572853.7813317489,309.73401564393856,273,1:10:33
33.1%,1655000,6619.9999998711055,-3529166.9678552654,574953.736868958,310.8694321889797,273,1:10:30
33.1%,1657500,6629.999999870869,-3529420.083977882,573164.4221665664,309.90197479220024,273,1:10:27
33.2%,1660000,6639.999999870633,-3526870.1322096735,576728.4818687962,311.82901195166534,273,1:10:24
33.2%,1662500,6649.999999870396,-3527339.7184007596,576248.0870092325,311.5692691799559,273,1:10:21
33.3%,1665000,6659.99999987016,-3528636.1216080952,573768.9320373618,310.2288248120126,273,1:10:17
33.4%,1667500,6669.999999869923,-3528445.90265527,575834.5889494751,311.345696570883,273,1:10:14
33.4%,1670000,6679.999999869687,-3531317.2183129676,577477.9493672147,312.23423853032233,273,1:10:11
33.5%,1672500,6689.99999986945,-3527255.277345188,574268.0687848288,310.4987010599951,273,1:10:08
33.5%,1675000,6699.999999869214,-3529976.9639741946,574731.4432611321,310.74924114887904,273,1:10:05
33.5%,1677500,6709.999999868977,-3527716.2712777443,576120.7527303083,311.50042131890376,273,1:10:02
33.6%,1680000,6719.999999868741,-3527226.337978922,575249.6335254428,311.02941936653764,273,1:09:59
33.6%,1682500,6729.999999868504,-3525921.852881903,574510.2595661043,310.62965022308174,273,1:09:55
33.7%,1685000,6739.999999868268,-3529519.186279632,574137.4145173066,310.4280581276109,273,1:09:52
33.8%,1687500,6749.999999868031,-3531705.7482098397,575035.5912812285,310.9136897231655,273,1:09:49
33.8%,1690000,6759.999999867795,-3529036.919983972,577207.139289794,312.08781531467844,273,1:09:46
33.9%,1692500,6769.9999998675585,-3527581.9027049635,575489.9426183153,311.1593511270615,273,1:09:43
33.9%,1695000,6779.999999867322,-3527094.082534982,576363.176021006,311.6314961965782,273,1:09:40
34.0%,1697500,6789.9999998670855,-3526245.4850216135,575034.9012595285,310.91331663809734,273,1:09:36
34.0%,1700000,6799.999999866849,-3527700.0934380274,574621.9907909797,310.6900617313606,273,1:09:33
34.0%,1702500,6809.999999866613,-3526934.519404348,576680.8111518791,311.8032370627487,273,1:09:30
34.1%,1705000,6819.999999866376,-3529172.005303491,575505.7552214866,311.16790078011013,273,1:09:27
34.1%,1707500,6829.99999986614,-3525356.489022229,575277.1424276094,311.04429304462394,273,1:09:24
34.2%,1710000,6839.999999865903,-3529105.5517833754,577069.0737536206,312.0131652131436,273,1:09:21
34.2%,1712500,6849.999999865667,-3527393.926354734,575239.6200834252,311.0240052386963,273,1:09:17
34.3%,1715000,6859.99999986543,-3525209.658334894,574793.2414235122,310.78265454967544,273,1:09:14
34.4%,1717500,6869.999999865194,-3526084.062559331,575037.1100765775,310.91451091453706,273,1:09:11
34.4%,1720000,6879.999999864957,-3532293.5091610253,574494.3242022477,310.62103419505,273,1:09:08
34.5%,1722500,6889.999999864721,-3525842.990075307,573439.5932629821,310.0507559497303,273,1:09:05
34.5%,1725000,6899.999999864484,-3525658.808213217,579425.4624333814,313.28723156652177,273,1:09:01
34.5%,1727500,6909.999999864248,-3529007.580024956,574814.0795635211,310.79392144009995,273,1:08:58
34.6%,1730000,6919.999999864011,-3527127.87513897,576611.4825717123,311.765752070533,273,1:08:55
34.6%,1732500,6929.999999863775,-3528921.2149815317,575507.5874265244,311.16889142771055,273,1:08:52
34.7%,1735000,6939.9999998635385,-3527551.2186008207,576271.1998378632,311.58176596265673,273,1:08:49
34.8%,1737500,6949.999999863302,-3526139.785334727,574290.3156427587,310.5107296244677,273,1:08:46
34.8%,1740000,6959.999999863066,-3527446.306404764,573750.8268285799,310.2190355792226,273,1:08:43
34.9%,1742500,6969.999999862829,-3526909.889306875,573594.2385118535,310.13437046969005,273,1:08:39
34.9%,1745000,6979.999999862593,-3528369.79616813,576078.904611561,311.47779462726066,273,1:08:36
35.0%,1747500,6989.999999862356,-3530298.624082757,573721.7331798619,310.20330505087344,273,1:08:33
35.0%,1750000,6999.99999986212,-3526041.3763815705,575558.8628884607,311.1966153517678,273,1:08:30
35.0%,1752500,7009.999999861883,-3530549.756867435,574558.8542177824,310.6559246705823,273,1:08:27
35.1%,1755000,7019.999999861647,-3526498.4756686613,574973.1016081783,310.87990243223567,273,1:08:24
35.1%,1757500,7029.99999986141,-3529300.2348692752,576136.1437248939,311.50874301409567,273,1:08:20
35.2%,1760000,7039.999999861174,-3527281.916865403,576709.045762524,311.81850312124413,273,1:08:17
35.2%,1762500,7049.999999860937,-3525258.7242392134,572409.3190475617,309.4937011124301,273,1:08:14
35.3%,1765000,7059.999999860701,-3531287.194682069,575299.3867740866,311.05632025118916,273,1:08:11
35.4%,1767500,7069.999999860464,-3526219.4501131326,578221.7322385948,312.6363915107638,273,1:08:08
35.4%,1770000,7079.999999860228,-3526612.421391595,574018.7630736703,310.3639049539791,273,1:08:05
35.5%,1772500,7089.9999998599915,-3528560.0134231653,573322.189848124,309.98727756777777,273,1:08:02
35.5%,1775000,7099.999999859755,-3528997.11986937,576787.1313299469,311.8607228938107,273,1:07:58
35.5%,1777500,7109.9999998595185,-3525510.05102106,574538.2100221678,310.6447626431752,273,1:07:55
35.6%,1780000,7119.999999859282,-3528781.5311534796,577056.7762433747,312.006516121604,273,1:07:52
35.6%,1782500,7129.999999859046,-3524054.9897879325,576486.3577732848,311.6980988446373,273,1:07:49
35.7%,1785000,7139.999999858809,-3528125.502177775,577733.7666344361,312.3725553434947,273,1:07:46
35.8%,1787500,7149.999999858573,-3526688.9859881774,574677.1048397381,310.71986112554566,273,1:07:42
35.8%,1790000,7159.999999858336,-3528424.058862433,575157.6630787057,310.9796922342104,273,1:07:39
35.9%,1792500,7169.9999998581,-3525740.4200886264,575945.0153379077,311.4054025723739,273,1:07:36
35.9%,1795000,7179.999999857863,-3527866.0330477506,573252.8242918543,309.94977258310115,273,1:07:33
36.0%,1797500,7189.999999857627,-3528152.9005136937,574164.1267835665,310.4425010758208,273,1:07:30
36.0%,1800000,7199.99999985739,-3526933.330611486,573077.9406538197,309.8552154495985,273,1:07:27
36.0%,1802500,7209.999999857154,-3525199.510855302,573408.3351549995,310.0338551285742,273,1:07:24
36.1%,1805000,7219.999999856917,-3528737.723985728,575869.1833669727,311.36440128786234,273,1:07:20
36.1%,1807500,7229.999999856681,-3529329.59984182,576166.2609387562,311.52502696978127,273,1:07:17
36.2%,1810000,7239.999999856444,-3528593.853180038,575172.715954707,310.98783111341976,273,1:07:14
36.2%,1812500,7249.999999856208,-3527083.936044188,573981.8014272375,310.343920309472,273,1:07:11
36.3%,1815000,7259.9999998559715,-3529452.3426483925,576775.4216641937,311.85439164155446,273,1:07:08
36.4%,1817500,7269.999999855735,-3531066.2234168984,578389.9658329419,312.7273530587913,273,1:07:05
36.4%,1820000,7279.999999855499,-3530133.588961521,575263.2014610292,311.03675535926413,273,1:07:01
36.5%,1822500,7289.999999855262,-3528540.928689705,575304.885279381,311.0592932159846,273,1:06:58
36.5%,1825000,7299.999999855026,-3525499.8277255297,576906.5731338509,311.9253034041688,273,1:06:55
36.5%,1827500,7309.999999854789,-3527291.8860785346,576799.693098715,311.8675148662319,273,1:06:52
36.6%,1830000,7319.999999854553,-3525902.9860528912,575217.8257064146,311.012221324319,273,1:06:49
36.6%,1832500,7329.999999854316,-3528523.6011518706,576124.7344421088,311.5025741747027,273,1:06:46
36.7%,1835000,7339.99999985408,-3531045.1488306243,576992.3618711341,311.9716881727811,273,1:06:42
36.8%,1837500,7349.999999853843,-3526065.76783615,576079.8850533776,311.47832473841794,273,1:06:39
36.8%,1840000,7359.999999853607,-3524395.452071175,573281.5625571839,309.96531096063,273,1:06:36
36.9%,1842500,7369.99999985337,-3527371.5111419465,576461.6266649828,311.68472708078525,273,1:06:33
36.9%,1845000,7379.999999853134,-3527889.8245505095,573151.9160267392,309.8952128975683,273,1:06:30
37.0%,1847500,7389.999999852897,-3527327.7447548956,577243.7772529011,312.10762494814514,273,1:06:26
37.0%,1850000,7399.999999852661,-3528953.385136379,576525.0789711686,311.719034853968,273,1:06:23
37.0%,1852500,7409.9999998524245,-3527504.2253733817,575687.4735988739,311.26615336144715,273,1:06:20
37.1%,1855000,7419.999999852188,-3530081.3749118,574779.8217094848,310.77539869826984,273,1:06:17
37.1%,1857500,7429.9999998519515,-3525053.5695850477,577572.5320761515,312.2853780762312,273,1:06:14
37.2%,1860000,7439.999999851715,-3527245.897074161,575577.1610387382,311.2065089053219,273,1:06:10
37.2%,1862500,7449.999999851479,-3533976.5205292087,575030.4732251286,310.9109224619205,273,1:06:07
37.3%,1865000,7459.999999851242,-3527737.8858981766,575298.0599071665,311.0556028328308,273,1:06:04
37.4%,1867500,7469.999999851006,-3526744.977815246,574009.7790583528,310.35904742273533,273,1:06:01
37.4%,1870000,7479.999999850769,-3527578.0833420865,574847.4462204993,310.8119623241637,273,1:05:58
37.5%,1872500,7489.999999850533,-3526950.6999908723,574971.2422458383,310.8788971010623,273,1:05:55
37.5%,1875000,7499.999999850296,-3530009.867705267,578363.0512860835,312.71280074029517,273,1:05:51
37.5%,1877500,7509.99999985006,-3527136.576628104,574468.1318700119,310.60687236788425,273,1:05:48
37.6%,1880000,7519.999999849823,-3525282.253727341,575484.7098877181,311.15652186292203,273,1:05:45
37.6%,1882500,7529.999999849587,-3525044.924694011,575803.874139601,311.32908950340413,273,1:05:42
37.7%,1885000,7539.99999984935,-3529098.696054369,577242.9956187021,312.10720232948205,273,1:05:39
37.8%,1887500,7549.999999849114,-3524412.861901194,573911.4426474327,310.305878302742,273,1:05:35
37.8%,1890000,7559.999999848877,-3524903.0613181926,575702.1198988357,311.27407241068676,273,1:05:32
37.9%,1892500,7569.999999848641,-3524854.0611323826,575688.7373576597,311.26683665812124,273,1:05:29
37.9%,1895000,7579.9999998484045,-3525798.683946496,574842.8128487754,310.80945712497186,273,1:05:26
38.0%,1897500,7589.999999848168,-3529518.257156687,574680.1946148709,310.7215317236817,273,1:05:23
38.0%,1900000,7599.999999847932,-3527525.9999588914,575768.6916425037,311.31006682002237,273,1:05:19
38.0%,1902500,7609.999999847695,-3525918.5845571123,578146.4686023705,312.59569751686973,273,1:05:16
38.1%,1905000,7619.999999847459,-3527012.996683158,577580.5311269877,312.2897030509762,273,1:05:13
38.1%,1907500,7629.999999847222,-3529255.633675916,572934.2025617755,309.7774982765594,273,1:05:10
38.2%,1910000,7639.999999846986,-3528421.456966579,574021.546142555,310.36540972034277,273,1:05:07
38.2%,1912500,7649.999999846749,-3530554.3382011615,575197.5593990537,311.00126361579765,273,1:05:03
38.3%,1915000,7659.999999846513,-3527062.9717689417,576532.316938725,311.722948321644,273,1:05:00
38.4%,1917500,7669.999999846276,-3528673.280048201,575256.6644398815,311.03322088349313,273,1:04:57
38.4%,1920000,7679.99999984604,-3523939.261737287,575748.8998750518,311.299365688583,273,1:04:54
38.5%,1922500,7689.999999845803,-3531549.4703562465,576315.8537407897,311.6059097025051,273,1:04:51
38.5%,1925000,7699.999999845567,-3531258.0583499186,574579.3729717135,310.6670188734281,273,1:04:48
38.5%,1927500,7709.99999984533,-3529218.6802068446,574569.7346951279,310.6618075922809,273,1:04:44
38.6%,1930000,7719.999999845094,-3531798.935319474,573633.4859906818,310.1555910317559,273,1:04:41
38.6%,1932500,7729.9999998448575,-3528731.1206184197,577541.5880046338,312.26864705019295,273,1:04:38
38.7%,1935000,7739.999999844621,-3529631.077802755,574013.0525629364,310.360817360812,273,1:04:35
38.8%,1937500,7749.999999844385,-3527825.511186648,574670.080586001,310.7160632099383,273,1:04:32
38.8%,1940000,7759.999999844148,-3530304.919053998,570794.9328449572,308.62082510527443,273,1:04:28
38.9%,1942500,7769.999999843912,-3527977.709968278,573632.6014257739,310.1551127599002,273,1:04:25
38.9%,1945000,7779.999999843675,-3526054.0692784972,574610.9601195293,310.68409760181316,273,1:04:22
39.0%,1947500,7789.999999843439,-3530092.3719461914,576302.2554406028,311.5985572920644,273,1:04:19
39.0%,1950000,7799.999999843202,-3525808.3450711407,574428.2188649765,310.58529196512023,273,1:04:16
39.0%,1952500,7809.999999842966,-3528532.197399754,577732.506443778,312.3718739760573,273,1:04:13
39.1%,1955000,7819.999999842729,-3527051.598017201,576481.4118437804,311.6954246498316,273,1:04:09
39.1%,1957500,7829.999999842493,-3531491.1085406505,576153.6319413648,311.51819864778525,273,1:04:06
39.2%,1960000,7839.999999842256,-3526094.2192995027,576676.7532505293,311.8010430123275,273,1:04:03
39.2%,1962500,7849.99999984202,-3529376.883664675,575214.0993603603,311.0102065412021,273,1:04:00
39.3%,1965000,7859.999999841783,-3523991.4693932924,574678.5507849896,310.7206429278899,273,1:03:57
39.4%,1967500,7869.999999841547,-3529971.253234189,573524.0070933297,310.0963973254207,273,1:03:53
39.4%,1970000,7879.9999998413105,-3527685.6505617816,574068.9219299788,310.39102514501354,273,1:03:50
39.5%,1972500,7889.999999841074,-3529443.3198880795,574430.0266766048,310.58626942354573,273,1:03:47
39.5%,1975000,7899.9999998408375,-3528767.8000359572,575606.1250132723,311.2221693206562,273,1:03:44
39.5%,1977500,7909.999999840601,-3529865.8050768934,576631.2901026637,311.77646172507565,273,1:03:41
39.6%,1980000,7919.999999840365,-3526337.863449959,574786.141781193,310.77881587251767,273,1:03:38
39.6%,1982500,7929.999999840128,-3529122.897714276,574968.5410987554,310.8774366286694,273,1:03:34
39.7%,1985000,7939.999999839892,-3528658.0505424477,575305.7518160759,311.05976174023806,273,1:03:31
39.8%,1987500,7949.999999839655,-3529463.8439665604,576797.1400730468,311.8661344810131,273,1:03:28
39.8%,1990000,7959.999999839419,-3528134.3262228165,574959.2312758543,310.8724029378288,273,1:03:25
39.9%,1992500,7969.999999839182,-3526404.529381953,575564.203938718,311.19950318283014,273,1:03:22
39.9%,1995000,7979.999999838946,-3528272.231054729,574240.2054165165,310.48363572702885,273,1:03:19
40.0%,1997500,7989.999999838709,-3528427.0975991953,573644.4415637042,310.16151455663515,273,1:03:16
40.0%,2000000,7999.999999838473,-3530077.7666132823,575213.1695233795,311.0097037913707,273,1:03:12
40.0%,2002500,8009.999999838236,-3526959.200958222,574016.3554437951,310.362603182229,273,1:03:10
40.1%,2005000,8019.999999838,-3529226.5707578417,575477.7199277438,311.1527424894718,273,1:03:07
40.1%,2007500,8029.999999837763,-3529584.553828759,574646.6985309937,310.70342086030655,273,1:03:03
40.2%,2010000,8039.999999837527,-3527796.2907004002,575499.2114013119,311.1643626282006,273,1:03:00
40.2%,2012500,8049.9999998372905,-3529227.617679924,575885.9070399408,311.3734435435889,273,1:02:57
40.3%,2015000,8059.999999837054,-3530147.104473889,575375.525241591,311.0974872541027,273,1:02:54
40.4%,2017500,8069.999999836818,-3529294.32048985,576982.1526355608,311.9661681821066,273,1:02:51
40.4%,2020000,8079.999999836581,-3529446.506739171,577476.4867100266,312.23344769206807,273,1:02:48
40.5%,2022500,8089.999999836345,-3526982.6372752637,574312.1774189773,310.5225499806527,273,1:02:44
40.5%,2025000,8099.999999836108,-3526791.3388638645,576794.4358875138,311.8646723657727,273,1:02:41
40.5%,2027500,8109.999999835872,-3528430.9508684874,576107.1875547036,311.4930868184607,273,1:02:38
40.6%,2030000,8119.999999835635,-3527453.997339448,577206.4805914608,312.08745916571604,273,1:02:35
40.6%,2032500,8129.999999835399,-3525637.7974957842,577361.4400683567,312.1712435843673,273,1:02:32
40.7%,2035000,8139.999999835162,-3528712.7580470704,574176.6079797792,310.4492494837898,273,1:02:29
40.8%,2037500,8149.999999834926,-3529260.0943398234,576645.5822623826,311.78418929564646,273,1:02:25
40.8%,2040000,8159.999999834689,-3526801.992449617,577268.1140510819,312.1207835140377,273,1:02:22
40.9%,2042500,8169.999999834453,-3527191.8551512826,575808.8114414685,311.3317590333675,273,1:02:19
40.9%,2045000,8179.999999834216,-3533956.0949148294,572248.8439240449,309.4069344609082,273,1:02:16
41.0%,2047500,8189.99999983398,-3528728.2918924037,575125.4127082448,310.96225491063086,273,1:02:13
41.0%,2050000,8199.999999835562,-3530998.8945380636,575805.3058531606,311.3298636108719,273,1:02:09
41.0%,2052500,8209.999999837599,-3530346.686889639,576398.9782912361,311.65085398261175,273,1:02:06
41.1%,2055000,8219.999999839636,-3526574.635566538,577211.6754755434,312.09026796677506,273,1:02:03
41.1%,2057500,8229.999999841673,-3527935.2224833984,576019.3051663518,311.44557004204125,273,1:02:00
41.2%,2060000,8239.99999984371,-3525666.2223913334,575469.1962517046,311.14813385722795,273,1:01:57
41.2%,2062500,8249.999999845748,-3531254.000664508,575912.2201539171,311.38767067575,273,1:01:54
41.3%,2065000,8259.999999847785,-3531144.830021819,577086.4348771309,312.02255212944965,273,1:01:51
41.4%,2067500,8269.999999849822,-3528507.8832644764,576683.0761878178,311.8044617359545,273,1:01:48
41.4%,2070000,8279.99999985186,-3524216.5113513973,576118.4322556665,311.4991666707676,273,1:01:44
41.5%,2072500,8289.999999853897,-3529438.336506704,575884.705298455,311.3727937788002,273,1:01:41
41.5%,2075000,8299.999999855934,-3528693.8848347943,576599.5027207504,311.75927473291875,273,1:01:38
41.5%,2077500,8309.999999857971,-3529765.0503348503,579565.9176252917,313.36317372144185,273,1:01:35
41.6%,2080000,8319.999999860009,-3533448.401968032,575429.2113994845,311.1265146076975,273,1:01:32
41.6%,2082500,8329.999999862046,-3528565.8755713142,574082.0147473735,310.39810424798867,273,1:01:28
41.7%,2085000,8339.999999864083,-3526692.7162650153,575917.6925464321,311.39062952173146,273,1:01:25
41.8%,2087500,8349.99999986612,-3533132.3317170385,576892.9447903123,311.9179347497087,273,1:01:22
41.8%,2090000,8359.999999868158,-3528141.369191032,575256.8772869157,311.03333596690317,273,1:01:19
41.9%,2092500,8369.999999870195,-3527074.7225069944,574994.7442348511,310.89160429733084,273,1:01:16
41.9%,2095000,8379.999999872232,-3526643.0795843042,576019.373569747,311.4456070267989,273,1:01:13
42.0%,2097500,8389.99999987427,-3525513.819098672,574395.4390008155,310.5675683517136,273,1:01:09
42.0%,2100000,8399.999999876307,-3527619.3472667113,576608.2339269426,311.76399557380944,273,1:01:06
42.0%,2102500,8409.999999878344,-3526447.9902230687,577669.8867598708,312.33801639007805,273,1:01:03
42.1%,2105000,8419.999999880381,-3528944.889453236,576231.3217414354,311.5602044344879,273,1:01:00
42.1%,2107500,8429.999999882419,-3528851.02214255,574883.9242893966,310.8316855050707,273,1:00:57
42.2%,2110000,8439.999999884456,-3529071.620102316,576004.4487911905,311.43753740808376,273,1:00:54
42.2%,2112500,8449.999999886493,-3523338.549187405,574435.869380955,310.58942849194955,273,1:00:50
42.3%,2115000,8459.99999988853,-3528411.77358496,576139.1620860508,311.5103749996952,273,1:00:47
42.4%,2117500,8469.999999890568,-3529390.017360136,575001.5040439286,310.8952592314149,273,1:00:44
42.4%,2120000,8479.999999892605,-3532774.893713683,575466.1677139923,311.1464963693074,273,1:00:41
42.5%,2122500,8489.999999894642,-3529824.0906494632,575941.0901419476,311.4032802738982,273,1:00:38
42.5%,2125000,8499.99999989668,-3527284.712358555,574779.7433830604,310.7753563482693,273,1:00:35
42.5%,2127500,8509.999999898717,-3530258.2669292055,577468.2073074586,312.2289711350686,273,1:00:32
42.6%,2130000,8519.999999900754,-3528960.516399326,574680.8161497233,310.72186777887055,273,1:00:28
42.6%,2132500,8529.999999902791,-3529807.5626671854,575785.0548817762,311.3189141942983,273,1:00:25
42.7%,2135000,8539.999999904829,-3528199.926609028,576951.5290222103,311.9496104233108,273,1:00:22
42.8%,2137500,8549.999999906866,-3530475.5686450247,572697.6753900647,309.6496113478347,273,1:00:19
42.8%,2140000,8559.999999908903,-3526360.3316858932,574534.2309844184,310.64261123319824,273,1:00:16
42.9%,2142500,8569.99999991094,-3527442.623373745,577654.705698046,312.3298082025895,273,1:00:13
42.9%,2145000,8579.999999912978,-3529289.3100907225,576344.766555616,311.6215424565019,273,1:00:09
43.0%,2147500,8589.999999915015,-3528099.3249563705,576904.0982368339,311.92396526201736,273,1:00:06
43.0%,2150000,8599.999999917052,-3532095.24315032,575745.7746780748,311.297675938352,273,1:00:03
43.0%,2152500,8609.99999991909,-3532212.6582384575,574796.9057321467,310.7846357900284,273,1:00:00
43.1%,2155000,8619.999999921127,-3527556.7735095024,573594.5825077508,310.1345564634534,273,59:57
43.1%,2157500,8629.999999923164,-3525718.747004306,575482.8582916989,311.1555207308896,273,59:53
43.2%,2160000,8639.999999925201,-3529364.3572285622,575585.8963892537,311.2112319869902,273,59:50
43.2%,2162500,8649.999999927239,-3528272.672089394,577228.6286851462,312.09943432974495,273,59:47
43.3%,2165000,8659.999999929276,-3529039.5409692656,574996.5351286418,310.89257260851855,273,59:44
43.4%,2167500,8669.999999931313,-3528887.875551777,574903.057374439,310.8420304961574,273,59:41
43.4%,2170000,8679.99999993335,-3528672.968087174,574278.7241848748,310.5044622855506,273,59:38
43.5%,2172500,8689.999999935388,-3525945.967846442,576315.3067964029,311.60561397733613,273,59:35
43.5%,2175000,8699.999999937425,-3531078.238628786,574771.0746570567,310.77066928954133,273,59:31
43.5%,2177500,8709.999999939462,-3529029.894066384,574587.3015653633,310.6713057529593,273,59:28
43.6%,2180000,8719.9999999415,-3528511.9851872846,574572.2699162734,310.6631783508436,273,59:25
43.6%,2182500,8729.999999943537,-3529611.165043192,574273.899693064,310.5018537504048,273,59:22
43.7%,2185000,8739.999999945574,-3528908.532524148,576885.20209497,311.9137483827885,273,59:19
43.8%,2187500,8749.999999947611,-3529981.1265555304,576630.6861116895,311.77613515561603,273,59:16
43.8%,2190000,8759.999999949649,-3525105.272773301,574702.1984125501,310.7334288688813,273,59:13
43.9%,2192500,8769.999999951686,-3528014.6470933184,575557.2112610969,311.1957223399864,273,59:09
43.9%,2195000,8779.999999953723,-3527581.889190793,577283.7791293662,312.12925340244635,273,59:06
44.0%,2197500,8789.99999995576,-3528670.493518289,575496.7398194788,311.16302627852264,273,59:03
44.0%,2200000,8799.999999957798,-3527143.4887683485,577807.6094809966,312.4124811363185,273,59:00
44.0%,2202500,8809.999999959835,-3528122.6312084775,574875.2684645914,310.82700542184006,273,58:57
44.1%,2205000,8819.999999961872,-3531206.863532504,576201.996398432,311.5443486322839,273,58:54
44.1%,2207500,8829.99999996391,-3528650.101124754,575707.5200526491,311.2769921982141,273,58:50
44.2%,2210000,8839.999999965947,-3529487.4107723814,574249.5776113824,310.4887031415172,273,58:47
44.2%,2212500,8849.999999967984,-3526817.289220687,575032.2382406978,310.9118767811163,273,58:44
44.3%,2215000,8859.999999970021,-3528583.8528925665,576117.5482563209,311.4986887047036,273,58:41
44.4%,2217500,8869.999999972059,-3526613.429586012,575003.3993221018,310.89628398177615,273,58:38
44.4%,2220000,8879.999999974096,-3528818.409445714,576806.6603206906,311.8712819455647,273,58:35
44.5%,2222500,8889.999999976133,-3527338.643776808,575508.5831664542,311.16942981034333,273,58:31
44.5%,2225000,8899.99999997817,-3525341.0676350296,576719.0488884418,311.8239116713148,273,58:28
44.5%,2227500,8909.999999980208,-3528953.982493436,576387.9595791331,311.644896319316,273,58:25
44.6%,2230000,8919.999999982245,-3527750.20554184,575357.6879608368,311.0878428862444,273,58:22
44.6%,2232500,8929.999999984282,-3530684.352230357,574410.4455875297,310.5756822029537,273,58:19
44.7%,2235000,8939.99999998632,-3527963.850617243,575360.4764114802,311.0893505624497,273,58:16
44.8%,2237500,8949.999999988357,-3530347.512223391,574912.3537198233,310.84705689989346,273,58:12
44.8%,2240000,8959.999999990394,-3528382.0000894126,574741.5905190893,310.75472762912455,273,58:09
44.9%,2242500,8969.999999992431,-3527916.5228785276,575795.3603787385,311.3244862321575,273,58:06
44.9%,2245000,8979.999999994468,-3528780.0436260942,575393.0958076501,311.1069874130612,273,58:03
45.0%,2247500,8989.999999996506,-3527486.165872382,575021.6448199758,310.9061490669132,273,58:00
45.0%,2250000,8999.999999998543,-3530638.8981534243,573999.8222696631,310.3536639265549,273,57:57
45.0%,2252500,9010.00000000058,-3531242.45266279,573939.2784596975,310.3209287365393,273,57:54
45.1%,2255000,9020.000000002618,-3528566.9130152334,574065.545546021,310.3891995815003,273,57:50
45.1%,2257500,9030.000000004655,-3528671.7387367487,576138.3241715755,311.50992195107494,273,57:47
45.2%,2260000,9040.000000006692,-3527249.3630724847,575115.7100346741,310.95700881093586,273,57:44
45.2%,2262500,9050.00000000873,-3527032.976452701,576015.139168172,311.4433175451783,273,57:41
45.3%,2265000,9060.000000010767,-3526818.9767651,573738.5375684532,310.2123909484069,273,57:38
45.4%,2267500,9070.000000012804,-3528020.844211636,578356.7182757659,312.70937657032243,273,57:35
45.4%,2270000,9080.000000014841,-3527721.618782373,575203.1401905799,311.00428107160616,273,57:32
45.5%,2272500,9090.000000016878,-3530901.506328758,576932.731700857,311.93944697494777,273,57:28
45.5%,2275000,9100.000000018916,-3528924.7474295422,576562.1723191726,311.7390907076699,273,57:25
45.5%,2277500,9110.000000020953,-3528039.2722444646,576166.4843004704,311.52514773833155,273,57:22
45.6%,2280000,9120.00000002299,-3528165.636686327,574343.7215440515,310.53960544724407,273,57:19
45.6%,2282500,9130.000000025027,-3530343.375690764,575832.878351497,311.3447716745164,273,57:16
45.7%,2285000,9140.000000027065,-3531079.349205613,574275.3735153116,310.50265062545037,273,57:12
45.8%,2287500,9150.000000029102,-3529459.3761594705,574395.3395840698,310.5675145984717,273,57:09
45.8%,2290000,9160.00000003114,-3524447.2383764014,577707.1933318333,312.3581875309878,273,57:06
45.9%,2292500,9170.000000033177,-3531845.026596099,574996.2526085492,310.8924198538617,273,57:03
45.9%,2295000,9180.000000035214,-3526805.28593654,576342.698829198,311.62042446579017,273,57:00
46.0%,2297500,9190.000000037251,-3529989.2951971292,575338.9750109361,311.0777250563441,273,56:57
46.0%,2300000,9200.000000039288,-3525946.607430365,574155.8508538248,310.4380263965298,273,56:54
46.0%,2302500,9210.000000041326,-3527953.302562775,575545.5430692984,311.1894135121164,273,56:51
46.1%,2305000,9220.000000043363,-3528793.058801152,575143.8879150733,310.97224419618215,273,56:47
46.1%,2307500,9230.0000000454,-3526377.458781382,576218.8809193034,311.5534778562188,273,56:44
46.2%,2310000,9240.000000047437,-3526614.143261822,574728.6071603469,310.7477077089095,273,56:41
46.2%,2312500,9250.000000049475,-3525031.0514363144,577685.3849747921,312.3463960578037,273,56:38
46.3%,2315000,9260.000000051512,-3526272.4771553706,575903.2159489149,311.3828022282265,273,56:35
46.4%,2317500,9270.00000005355,-3528737.2350422237,573973.9587277566,310.33967987171485,273,56:32
46.4%,2320000,9280.000000055586,-3528172.3014202155,572783.1876471128,309.6958466274565,273,56:28
46.5%,2322500,9290.000000057624,-3529520.39325455,575621.9658041294,311.2307342143918,273,56:25
46.5%,2325000,9300.000000059661,-3527776.443257902,573876.2054840876,310.2868260620857,273,56:22
46.5%,2327500,9310.000000061698,-3526861.981974993,576301.9085553957,311.59836973609174,273,56:19
46.6%,2330000,9320.000000063736,-3525828.2440682575,575814.3463455958,311.33475167850213,273,56:16
46.6%,2332500,9330.000000065773,-3526080.2575969156,576164.4727090347,311.52406009901847,273,56:13
46.7%,2335000,9340.00000006781,-3527641.6637899876,577060.5293714339,312.00854538537584,273,56:09
46.8%,2337500,9350.000000069847,-3526456.9997184854,572080.3202066598,309.31581604741774,273,56:06
46.8%,2340000,9360.000000071885,-3525318.1729584243,572442.191845897,309.51147497404304,273,56:03
46.9%,2342500,9370.000000073922,-3525666.6963399816,576065.2472613846,311.4704102893179,273,56:00
46.9%,2345000,9380.00000007596,-3524852.452234015,574649.9089114412,310.705156668047,273,55:57
47.0%,2347500,9390.000000077996,-3528148.726195544,575370.9259982016,311.0950005076233,273,55:54
47.0%,2350000,9400.000000080034,-3528775.8410560023,574922.0459082546,310.8522973304204,273,55:50
47.0%,2352500,9410.000000082071,-3526342.092025649,575859.996032476,311.3594338247863,273,55:47
47.1%,2355000,9420.000000084108,-3526461.186770318,575819.4537974559,311.33751320618313,273,55:44
47.1%,2357500,9430.000000086146,-3527011.7600144055,575052.8762124258,310.92303544335505,273,55:41
47.2%,2360000,9440.000000088183,-3530740.7423916925,577639.1390843883,312.32139155262524,273,55:38
47.2%,2362500,9450.00000009022,-3528660.244840076,574987.2366958556,310.8875450761536,273,55:35
47.3%,2365000,9460.000000092257,-3529827.182580363,575675.8820128565,311.25988595325003,273,55:31
47.4%,2367500,9470.000000094295,-3529155.7752033006,575957.6894282962,311.41225527552183,273,55:28
47.4%,2370000,9480.000000096332,-3528729.7439059988,574381.7541777383,310.5601691595581,273,55:25
47.5%,2372500,9490.00000009837,-3527249.0332956426,576349.0637904176,311.6238659111681,273,55:22
47.5%,2375000,9500.000000100406,-3525863.656790102,575981.2406351017,311.4249890831615,273,55:19
47.5%,2377500,9510.000000102444,-3528346.7897648327,576241.1942847326,311.56554238036466,273,55:16
47.6%,2380000,9520.000000104481,-3526554.9262819234,575240.4808373658,311.0244706362955,273,55:13
47.6%,2382500,9530.000000106518,-3525752.369424414,575513.3519712398,311.1720082362946,273,55:09
47.7%,2385000,9540.000000108555,-3529100.8630606085,575499.8908500768,311.16472999663074,273,55:06
47.8%,2387500,9550.000000110593,-3526681.478868885,574888.4682516523,310.83414236181545,273,55:03
47.8%,2390000,9560.00000011263,-3527154.0124719795,577328.2958918172,312.1533229923605,273,55:00
47.9%,2392500,9570.000000114667,-3531700.3949914444,576042.8066677873,311.45827697468354,273,54:57
47.9%,2395000,9580.000000116705,-3528019.9093264453,574448.2579577721,310.5961268219087,273,54:54
48.0%,2397500,9590.000000118742,-3529040.3951985,578387.7605973065,312.72616071877184,273,54:50
48.0%,2400000,9600.000000120779,-3528458.1144235693,574870.5681593402,310.8244640326276,273,54:47
48.0%,2402500,9610.000000122816,-3524690.5342947897,574627.2955512071,310.6929299409121,273,54:44
48.1%,2405000,9620.000000124854,-3527587.7741506863,573896.595170774,310.29785048008017,273,54:41
48.1%,2407500,9630.00000012689,-3529739.3675399553,574246.2590066178,310.48690881840446,273,54:38
48.2%,2410000,9640.000000128928,-3528199.226395188,574994.3171595676,310.8913733837071,273,54:35
48.2%,2412500,9650.000000130965,-3529986.8479439747,574808.2004938564,310.79074270947996,273,54:32
48.3%,2415000,9660.000000133003,-3528026.0667731445,573315.2853469554,309.98354440070676,273,54:28
48.4%,2417500,9670.00000013504,-3529137.8216589,575785.0563382114,311.3189149817724,273,54:25
48.4%,2420000,9680.000000137077,-3529737.846440032,576203.1116293586,311.544951622025,273,54:22
48.5%,2422500,9690.000000139114,-3529022.4641739633,574617.6407822696,310.6877097425813,273,54:19
48.5%,2425000,9700.000000141152,-3528653.1875266116,576983.4262217963,311.9668567923451,273,54:16
48.5%,2427500,9710.000000143189,-3525484.0251968857,577470.4538096515,312.2301857873377,273,54:13
48.6%,2430000,9720.000000145226,-3525603.6453428604,575644.5159521662,311.242926763577,273,54:09
48.6%,2432500,9730.000000147264,-3525903.8535607215,577311.7523610097,312.1443781369769,273,54:06
48.7%,2435000,9740.0000001493,-3526950.8340010047,575324.1588223571,311.06971415070865,273,54:03
48.8%,2437500,9750.000000151338,-3525943.354212282,575573.9388995186,311.20476673977817,273,54:00
48.8%,2440000,9760.000000153375,-3529007.8447244726,575709.1251602977,311.27786005743707,273,53:57
48.9%,2442500,9770.000000155413,-3528387.4622967057,577606.6266446523,312.3038125318594,273,53:54
48.9%,2445000,9780.00000015745,-3529889.136260206,577716.6986089062,312.3633269011613,273,53:50
49.0%,2447500,9790.000000159487,-3529057.5017129574,575990.6021484614,311.43005072230903,273,53:47
49.0%,2450000,9800.000000161524,-3526134.819654098,578033.154217334,312.534430016067,273,53:44
49.0%,2452500,9810.000000163562,-3524754.1639019325,575863.6722311811,311.3614214939339,273,53:41
49.1%,2455000,9820.000000165599,-3531532.139425935,577194.6558776861,312.081065708606,273,53:38
49.1%,2457500,9830.000000167636,-3527671.540694911,574426.1458200212,310.58417109874983,273,53:35
49.2%,2460000,9840.000000169674,-3529805.2168490496,574843.3589081031,310.80975237160175,273,53:31
49.2%,2462500,9850.00000017171,-3528719.440623196,574075.6790574678,310.39467862920026,273,53:28
49.3%,2465000,9860.000000173748,-3531840.1293883175,576196.0968636535,311.5411588364636,273,53:25
49.4%,2467500,9870.000000175785,-3530040.1309161074,575616.1604860106,311.22759536019964,273,53:22
49.4%,2470000,9880.000000177823,-3529798.076677073,575851.127638831,311.35463880856145,273,53:19
49.5%,2472500,9890.00000017986,-3529265.2988410667,574182.4450390572,310.4524054999821,273,53:16
49.5%,2475000,9900.000000181897,-3528362.4514479544,578329.1261907967,312.69445791645995,273,53:13
49.5%,2477500,9910.000000183934,-3529726.698656466,573830.6441558849,310.2621916901008,273,53:09
49.6%,2480000,9920.000000185972,-3530914.3481667098,575693.2704782642,311.269287652937,273,53:06
49.6%,2482500,9930.000000188009,-3532099.392596131,575894.8523302244,311.3782801367492,273,53:03
49.7%,2485000,9940.000000190046,-3528664.618794527,576966.7863476316,311.95785984545785,273,53:00
49.8%,2487500,9950.000000192083,-3530165.4959703125,575989.9447430829,311.42969527242906,273,52:57
49.8%,2490000,9960.00000019412,-3528133.4094174784,574454.957421911,310.5997491283296,273,52:54
49.9%,2492500,9970.000000196158,-3531943.1110757627,574257.4865628867,310.4929794008155,273,52:50
49.9%,2495000,9980.000000198195,-3530148.1809000876,576397.1437043059,311.6498620471555,273,52:47
50.0%,2497500,9990.000000200233,-3527003.206830822,575443.4355944141,311.13420543065865,273,52:44
50.0%,2500000,10000.00000020227,-3530304.822692197,576508.0294074495,311.70981639367716,273,52:41
50.0%,2502500,10010.000000204307,-3528975.1871360578,576794.4697583888,311.8646906792804,273,52:38
50.1%,2505000,10020.000000206344,-3530363.4925807063,574901.7145554819,310.84130445275605,273,52:35
50.1%,2507500,10030.000000208382,-3525259.1118390467,574038.5997086253,310.3746303446489,273,52:32
50.2%,2510000,10040.000000210419,-3529736.7742525544,573317.2194565691,309.98459014668396,273,52:28
50.2%,2512500,10050.000000212456,-3527111.5970803667,576198.5467108344,311.54248343451945,273,52:25
50.3%,2515000,10060.000000214493,-3528920.708409723,574361.9458610691,310.5494590801888,273,52:22
50.4%,2517500,10070.00000021653,-3529775.5726566743,575005.1209575349,310.89721484593997,273,52:19
50.4%,2520000,10080.000000218568,-3526979.2051321864,576476.878483193,311.6929735252604,273,52:16
50.5%,2522500,10090.000000220605,-3527474.2253594436,575904.8205680308,311.3836698233067,273,52:13
50.5%,2525000,10100.000000222642,-3530859.1040867325,574353.4158163979,310.54484700451474,273,52:09
50.5%,2527500,10110.00000022468,-3525802.6330806892,574514.6122946787,310.63200368245356,273,52:06
50.6%,2530000,10120.000000226717,-3529173.379956035,576625.3478550962,311.7732488350486,273,52:03
50.6%,2532500,10130.000000228754,-3530124.9285908025,576205.4708895219,311.54622724094935,273,52:00
50.7%,2535000,10140.000000230792,-3528250.5217503253,575661.6697753731,311.25220159551253,273,51:57
50.8%,2537500,10150.000000232829,-3528070.904290121,576907.5542844638,311.9258338985622,273,51:54
50.8%,2540000,10160.000000234866,-3528555.090167802,573624.8316872005,310.1509117710837,273,51:51
50.9%,2542500,10170.000000236903,-3526846.1066988837,573265.3343479483,309.9565365952037,273,51:47
50.9%,2545000,10180.00000023894,-3528291.171501333,576251.8703508915,311.5713147797979,273,51:44
51.0%,2547500,10190.000000240978,-3527416.9697880913,572695.8582185903,309.64862882867146,273,51:41
51.0%,2550000,10200.000000243015,-3530369.6996245794,575171.1996098331,310.98701124698573,273,51:38
51.0%,2552500,10210.000000245052,-3527123.5124334786,576892.515844479,311.9177028247048,273,51:35
51.1%,2555000,10220.00000024709,-3530159.9333375506,576829.6628040315,311.883719066113,273,51:32
51.1%,2557500,10230.000000249127,-3527830.7952090017,577086.3860080414,312.0225257066175,273,51:28
51.2%,2560000,10240.000000251164,-3530563.311339142,573426.2512926515,310.0435421332526,273,51:25
51.2%,2562500,10250.000000253202,-3532390.1390355565,574638.6177002215,310.6990516682956,273,51:22
51.3%,2565000,10260.000000255239,-3526203.562228907,575895.3800158321,311.378565448966,273,51:19
51.4%,2567500,10270.000000257276,-3528510.427987421,578771.9951278655,312.9339109474993,273,51:16
51.4%,2570000,10280.000000259313,-3529364.906698307,576705.7027648336,311.816695609218,273,51:13
51.5%,2572500,10290.00000026135,-3528185.8160639554,577487.0879419786,312.2391796296938,273,51:09
51.5%,2575000,10300.000000263388,-3530651.8227193244,574712.3147197823,310.73889861450334,273,51:06
51.5%,2577500,10310.000000265425,-3532401.285558425,575474.8916655907,311.15121328774086,273,51:03
51.6%,2580000,10320.000000267462,-3527464.792125877,576313.5115647077,311.60464332070427,273,51:00
51.6%,2582500,10330.0000002695,-3529531.043823883,576054.2558287967,311.46446737567373,273,50:57
51.7%,2585000,10340.000000271537,-3528567.7408461478,576756.6377323112,311.84423543269077,273,50:54
51.8%,2587500,10350.000000273574,-3529753.9652315397,574258.6344828573,310.4936000650647,273,50:50
51.8%,2590000,10360.000000275611,-3529961.0509915855,574093.3988427193,310.4042594688859,273,50:47
51.9%,2592500,10370.000000277649,-3532782.6839296557,577432.8478503133,312.2098527718675,273,50:44
51.9%,2595000,10380.000000279686,-3528625.3582662325,575717.7476369648,311.28252210979656,273,50:41
52.0%,2597500,10390.000000281723,-3527453.0463642143,575164.2040361179,310.98322883826444,273,50:38
52.0%,2600000,10400.00000028376,-3529145.5888162404,575811.7837436083,311.3333661155017,273,50:34
52.0%,2602500,10410.000000285798,-3528469.3639922943,575182.1537956297,310.9929340218115,273,50:31
52.1%,2605000,10420.000000287835,-3530553.2614388503,573869.160130504,310.2830167380868,273,50:28
52.1%,2607500,10430.000000289872,-3528953.4785374366,576051.8307528775,311.4631561710922,273,50:25
52.2%,2610000,10440.00000029191,-3531180.327640444,576938.6669379753,311.9426560745232,273,50:22
52.2%,2612500,10450.000000293947,-3526654.2660502084,575258.0920228078,311.03399275758534,273,50:19
52.3%,2615000,10460.000000295984,-3528628.7819414604,577999.4556227081,312.5162096579666,273,50:15
52.4%,2617500,10470.000000298021,-3530327.067822464,578203.4896478641,312.62652799747843,273,50:12
52.4%,2620000,10480.000000300059,-3524584.4675968513,576628.9346807485,311.77518818143835,273,50:09
52.5%,2622500,10490.000000302096,-3526673.025223134,575474.9928407858,311.1512679917517,273,50:06
52.5%,2625000,10500.000000304133,-3531492.515967872,575367.4199250396,311.093104822974,273,50:03
52.5%,2627500,10510.00000030617,-3528933.2250844967,574629.1329503236,310.6939233968781,273,50:00
52.6%,2630000,10520.000000308208,-3526150.2825023085,576368.7529928805,311.6345115871545,273,49:56
52.6%,2632500,10530.000000310245,-3528128.654766625,575379.4425647353,311.09960529585715,273,49:53
52.7%,2635000,10540.000000312282,-3529714.4811270777,575810.2344615231,311.3325284403789,273,49:50
52.8%,2637500,10550.00000031432,-3529441.2433155347,577320.7141334084,312.14922364178597,273,49:47
52.8%,2640000,10560.000000316357,-3527115.512255106,574163.0763331155,310.4419331119755,273,49:44
52.9%,2642500,10570.000000318394,-3529722.7834211625,572461.9565628628,309.52216147966345,273,49:41
52.9%,2645000,10580.000000320431,-3529891.981035987,573655.2066123749,310.1673350676661,273,49:37
53.0%,2647500,10590.000000322469,-3528336.366507059,575711.4533942123,311.2791189009033,273,49:34
53.0%,2650000,10600.000000324506,-3533044.0574153885,575747.5216454975,311.2986204991678,273,49:31
53.0%,2652500,10610.000000326543,-3529760.3131465632,577862.0766072228,312.4419307485518,273,49:28
53.1%,2655000,10620.00000032858,-3528333.91927997,577090.3755278263,312.0246827840842,273,49:25
53.1%,2657500,10630.000000330618,-3530231.4330578335,576078.8974936807,311.4777907787225,273,49:22
53.2%,2660000,10640.000000332655,-3528241.972045485,576828.1943788305,311.8829251091749,273,49:18
53.2%,2662500,10650.000000334692,-3528551.9264110755,577120.671538667,312.04106341279174,273,49:15
53.3%,2665000,10660.00000033673,-3529517.411112966,574566.083514007,310.6598334497907,273,49:12
53.4%,2667500,10670.000000338767,-3528387.6801988967,575171.5513785053,310.98720144337966,273,49:09
53.4%,2670000,10680.000000340804,-3529211.307439452,574718.8038556171,310.7424071993563,273,49:06
53.5%,2672500,10690.000000342841,-3530289.233788237,577614.9902377849,312.30833460951794,273,49:03
53.5%,2675000,10700.000000344879,-3526371.5142903384,577766.4003099672,312.3901999147568,273,48:59
53.5%,2677500,10710.000000346916,-3529799.400664909,575292.4901953246,311.05259136765244,273,48:56
53.6%,2680000,10720.000000348953,-3529220.7612860985,575442.2984184924,311.1335905755662,273,48:53
53.6%,2682500,10730.00000035099,-3528158.1118133627,576171.268804129,311.52773465244354,273,48:50
53.7%,2685000,10740.000000353028,-3527084.803169759,577181.9157999586,312.07417732702805,273,48:47
53.8%,2687500,10750.000000355065,-3529452.569855932,575299.6984981699,311.0564887960347,273,48:44
53.8%,2690000,10760.000000357102,-3528442.180886572,576258.0372189884,311.574649118999,273,48:40
53.9%,2692500,10770.00000035914,-3530589.813942911,575412.2935140363,311.1173673440033,273,48:37
53.9%,2695000,10780.000000361177,-3530270.3464671634,577052.849983511,312.00439324789056,273,48:34
54.0%,2697500,10790.000000363214,-3530279.236180989,570797.0624424794,308.62197654882556,273,48:31
54.0%,2700000,10800.000000365251,-3527552.106167523,577206.2671573929,312.0873437649051,273,48:28
54.0%,2702500,10810.000000367289,-3526844.971956102,574725.0964633768,310.74580952423184,273,48:25
54.1%,2705000,10820.000000369326,-3530833.927795535,574314.926672079,310.5240364632962,273,48:21
54.1%,2707500,10830.000000371363,-3523706.457434401,576562.5781306241,311.7393101242376,273,48:18
54.2%,2710000,10840.0000003734,-3528944.4165322445,576530.304426883,311.7218601846802,273,48:15
54.2%,2712500,10850.000000375438,-3528758.2606081367,576189.3077981774,311.53748808385456,273,48:12
54.3%,2715000,10860.000000377475,-3529556.685001543,577558.8104736505,312.27795899795643,273,48:09
54.4%,2717500,10870.000000379512,-3529860.541132154,574995.06482079,310.8917776336576,273,48:06
54.4%,2720000,10880.00000038155,-3529172.4652739316,578100.2049745988,312.570683421345,273,48:02
54.5%,2722500,10890.000000383587,-3527905.36891656,576885.8570846834,311.9141025265521,273,47:59
54.5%,2725000,10900.000000385624,-3529416.9042996336,577810.8502154361,312.4142333560372,273,47:56
54.5%,2727500,10910.000000387661,-3529710.2994631287,573479.1446217626,310.07214081542975,273,47:53
54.6%,2730000,10920.000000389698,-3526285.8429484554,577313.1654059377,312.1451421505771,273,47:50
54.6%,2732500,10930.000000391736,-3526049.46325556,576488.4051520922,311.699205833681,273,47:47
54.7%,2735000,10940.000000393773,-3526888.146502631,572505.2906887732,309.54559163456514,273,47:43
54.8%,2737500,10950.00000039581,-3526246.8938834183,575641.5743537159,311.2413362824976,273,47:40
54.8%,2740000,10960.000000397848,-3530109.8692421056,575960.834856774,311.413955964642,273,47:37
54.9%,2742500,10970.000000399885,-3530448.725560287,575842.7780219922,311.35012428768914,273,47:34
54.9%,2745000,10980.000000401922,-3528740.927479217,574475.9372855688,310.611092646746,273,47:31
55.0%,2747500,10990.00000040396,-3529540.956484249,575608.294885508,311.2233425401808,273,47:28
55.0%,2750000,11000.000000405997,-3526165.963244537,577761.908372937,312.3877711873228,273,47:24
55.0%,2752500,11010.000000408034,-3528695.5219473727,575493.8156978983,311.161445246942,273,47:21
55.1%,2755000,11020.000000410071,-3526409.064606525,575552.27928634,311.1930556903171,273,47:18
55.1%,2757500,11030.000000412108,-3527178.8914788924,575090.3390970826,310.94329110034903,273,47:15
55.2%,2760000,11040.000000414146,-3529303.6429203376,575663.0599021371,311.25295321758244,273,47:12
55.2%,2762500,11050.000000416183,-3531630.4743555766,574996.9660500381,310.8928056016817,273,47:09
55.3%,2765000,11060.00000041822,-3528433.1087876577,577150.2186610979,312.0570391280257,273,47:06
55.4%,2767500,11070.000000420257,-3529495.005812971,575563.5232808873,311.19913516067504,273,47:02
55.4%,2770000,11080.000000422295,-3526601.6923723873,575935.4697830692,311.4002414245766,273,46:59
55.5%,2772500,11090.000000424332,-3530127.6683377232,576168.4740039898,311.52622354315486,273,46:56
55.5%,2775000,11100.00000042637,-3531296.7650659084,574766.7447582133,310.76832817388527,273,46:53
55.5%,2777500,11110.000000428407,-3528727.513053367,573248.9266135218,309.94766516302127,273,46:50
55.6%,2780000,11120.000000430444,-3531891.984696202,574342.4252068077,310.538904535854,273,46:47
55.6%,2782500,11130.000000432481,-3524159.8529311474,575630.947094027,311.23559027203913,273,46:43
55.7%,2785000,11140.000000434518,-3528595.5040891655,574744.5981081034,310.7563537903774,273,46:40
55.8%,2787500,11150.000000436556,-3526027.0819550697,574148.6636953716,310.43414040062424,273,46:37
55.8%,2790000,11160.000000438593,-3530526.259692032,574427.0919035859,310.5846826328816,273,46:34
55.9%,2792500,11170.00000044063,-3530941.6548307203,575417.3268825344,311.1200888158482,273,46:31
55.9%,2795000,11180.000000442667,-3529095.5000265334,575949.6469917827,311.40790684274884,273,46:28
56.0%,2797500,11190.000000444705,-3532415.1852730345,572193.2564856044,309.3768791115527,273,46:24
56.0%,2800000,11200.000000446742,-3528142.026803704,574174.8500537917,310.4482989978315,273,46:21
56.0%,2802500,11210.00000044878,-3530051.8336200006,576654.1277775748,311.7888097360144,273,46:18
56.1%,2805000,11220.000000450817,-3526301.900349755,577963.6663193465,312.49685888293726,273,46:15
56.1%,2807500,11230.000000452854,-3530324.182022175,572647.6191528633,309.622546641514,273,46:12
56.2%,2810000,11240.000000454891,-3531337.2354288734,574906.1539867042,310.8437047910351,273,46:09
56.2%,2812500,11250.000000456928,-3528205.088507332,577251.063961605,312.1115647694769,273,46:05
56.3%,2815000,11260.000000458966,-3531046.471113015,574109.6699977069,310.4130570544789,273,46:02
56.4%,2817500,11270.000000461003,-3528944.093682671,579067.5849796467,313.0937322400515,273,45:59
56.4%,2820000,11280.00000046304,-3526773.8078263756,574518.9255649906,310.63433580729554,273,45:56
56.5%,2822500,11290.000000465077,-3530153.7382874526,575140.6116364251,310.9704727582077,273,45:53
56.5%,2825000,11300.000000467115,-3526950.404305365,577339.0861146968,312.15915711473366,273,45:50
56.5%,2827500,11310.000000469152,-3528041.0842240546,576173.1738239694,311.5287646699878,273,45:46
56.6%,2830000,11320.00000047119,-3531192.3530138433,574840.2038863907,310.808046495554,273,45:43
56.6%,2832500,11330.000000473226,-3526065.357413156,574882.3919002913,310.8308569637456,273,45:40
56.7%,2835000,11340.000000475264,-3530641.057992991,574951.4784670298,310.8682111026904,273,45:37
56.8%,2837500,11350.000000477301,-3530306.215225283,574463.2469481616,310.6042311590625,273,45:34
56.8%,2840000,11360.000000479338,-3526408.5252394676,574143.7314522886,310.4314736058748,273,45:31
56.9%,2842500,11370.000000481376,-3529282.2607793473,577352.3411131569,312.16632390673914,273,45:27
56.9%,2845000,11380.000000483413,-3529045.298347084,575133.1340968988,310.9664297573231,273,45:24
57.0%,2847500,11390.00000048545,-3527207.557261184,574046.7905818044,310.3790590350479,273,45:21
57.0%,2850000,11400.000000487487,-3528082.2716009766,576590.3931631029,311.7543493226957,273,45:18
57.0%,2852500,11410.000000489525,-3530862.498289205,574846.9991510555,310.8117205999775,273,45:15
57.1%,2855000,11420.000000491562,-3524677.2483643144,573603.2530398443,310.1392444987088,273,45:12
57.1%,2857500,11430.0000004936,-3526261.7545064855,573854.9217964623,310.2753182703058,273,45:09
57.2%,2860000,11440.000000495636,-3525460.889513118,575850.8627481941,311.3544955859044,273,45:05
57.2%,2862500,11450.000000497674,-3530120.816646617,577340.8644835878,312.1601186538835,273,45:02
57.3%,2865000,11460.000000499711,-3528012.227390213,578849.9091281965,312.97603795614253,273,44:59
57.4%,2867500,11470.000000501748,-3529832.335111266,577027.2914837823,311.99057412508336,273,44:56
57.4%,2870000,11480.000000503785,-3530772.8170549814,575609.2185289711,311.22384194126386,273,44:53
57.5%,2872500,11490.000000505823,-3528869.8069713376,574380.6882692415,310.55959283776394,273,44:49
57.5%,2875000,11500.00000050786,-3532063.0014404953,573892.6005061211,310.29569062085534,273,44:46
57.5%,2877500,11510.000000509897,-3528520.453705836,577028.0770892599,311.9909988909612,273,44:43
57.6%,2880000,11520.000000511935,-3533140.573760463,575365.7901091503,311.0922236043514,273,44:40
57.6%,2882500,11530.000000513972,-3530924.0048823524,573205.453919143,309.92416008608956,273,44:37
57.7%,2885000,11540.00000051601,-3528594.0433120728,575476.8758297547,311.15228609751233,273,44:34
57.8%,2887500,11550.000000518046,-3528757.286225185,575008.5019647063,310.89904290916,273,44:30
57.8%,2890000,11560.000000520084,-3528524.7136594504,574421.9468383776,310.58190076819005,273,44:27
57.9%,2892500,11570.00000052212,-3528283.50032958,574142.1105137502,310.43059718711146,273,44:24
57.9%,2895000,11580.000000524158,-3527192.936868403,575224.5414470006,311.0158524311869,273,44:21
58.0%,2897500,11590.000000526195,-3526402.1586577594,576494.667543825,311.70259182117405,273,44:18
58.0%,2900000,11600.000000528233,-3530826.5633638445,573098.1564735592,309.86614586017015,273,44:15
58.0%,2902500,11610.00000053027,-3525282.366850501,575314.3183919521,311.0643935678229,273,44:12
58.1%,2905000,11620.000000532307,-3528164.018923335,576846.9171078305,311.8930482264973,273,44:08
58.1%,2907500,11630.000000534345,-3526882.045061039,577997.2465602374,312.51501524883093,273,44:05
58.2%,2910000,11640.000000536382,-3527799.1893837694,575012.0276270172,310.90094918538784,273,44:02
58.2%,2912500,11650.000000538419,-3528898.1181823816,574944.7661831991,310.8645818648417,273,43:59
58.3%,2915000,11660.000000540456,-3528351.728282634,577552.6658631872,312.274636693146,273,43:56
58.4%,2917500,11670.000000542494,-3524346.92652289,575040.8455963333,310.9165306577458,273,43:53
58.4%,2920000,11680.00000054453,-3528991.925379848,575071.4022742916,310.93305222551265,273,43:49
58.5%,2922500,11690.000000546568,-3528822.1906052623,574854.723948194,310.81589728958954,273,43:46
58.5%,2925000,11700.000000548605,-3526012.246067878,577547.7775935617,312.2719936742291,273,43:43
58.5%,2927500,11710.000000550643,-3523512.441235766,573887.9840024817,310.29319454200055,273,43:40
58.6%,2930000,11720.00000055268,-3528117.357978575,576586.8698882041,311.7524443373082,273,43:37
58.6%,2932500,11730.000000554717,-3527240.65659366,572958.1797026368,309.790462380777,273,43:34
58.7%,2935000,11740.000000556754,-3526662.6352322586,573962.3866025556,310.3334229857086,273,43:30
58.8%,2937500,11750.000000558792,-3526369.529359596,574941.533706674,310.8628341100616,273,43:27
58.8%,2940000,11760.000000560829,-3530199.1373242233,576015.4945659993,311.4435097038055,273,43:24
58.9%,2942500,11770.000000562866,-3530765.872855803,577137.2891261821,312.05004830959973,273,43:21
58.9%,2945000,11780.000000564904,-3530650.5271380767,575191.5803536118,310.9980308296753,273,43:18
59.0%,2947500,11790.00000056694,-3527332.76617351,575058.7394641226,310.92620562142133,273,43:15
59.0%,2950000,11800.000000568978,-3529336.095895309,574298.4840062137,310.5151461441741,273,43:11
59.0%,2952500,11810.000000571015,-3528692.747071391,575043.6180797422,310.918029700691,273,43:08
59.1%,2955000,11820.000000573053,-3528998.7702223174,574859.5593188534,310.81851170677646,273,43:05
59.1%,2957500,11830.00000057509,-3525540.1839397345,577032.9194605696,311.99361709330157,273,43:02
59.2%,2960000,11840.000000577127,-3525534.2033009995,574442.5766422388,310.59305501417754,273,42:59
59.2%,2962500,11850.000000579164,-3529864.984859146,576341.0385529906,311.6195267777003,273,42:56
59.3%,2965000,11860.000000581202,-3530317.502452735,577971.9442213702,312.50133462861345,273,42:53
59.4%,2967500,11870.000000583239,-3529964.2529842164,577767.1859454577,312.3906246968621,273,42:49
59.4%,2970000,11880.000000585276,-3528100.110774651,575649.3996093366,311.245567288604,273,42:46
59.5%,2972500,11890.000000587313,-3530608.971816374,575460.5883234879,311.1434796710118,273,42:43
59.5%,2975000,11900.00000058935,-3530454.901994724,575608.8960800066,311.22366759762525,273,42:40
59.5%,2977500,11910.000000591388,-3532386.0815207157,577368.025443576,312.1748042045075,273,42:37
59.6%,2980000,11920.000000593425,-3530037.069697436,572945.6051160535,309.7836634779428,273,42:34
59.6%,2982500,11930.000000595463,-3532680.7669354603,575357.2414460031,311.0876014619281,273,42:31
59.7%,2985000,11940.0000005975,-3525830.647665268,575471.8159796385,311.1495503074275,273,42:27
59.8%,2987500,11950.000000599537,-3531328.0757585745,575460.0521311772,311.1431897593398,273,42:24
59.8%,2990000,11960.000000601574,-3532172.99370425,576847.1821745532,311.8931915443614,273,42:21
59.9%,2992500,11970.000000603612,-3526889.1274377108,575588.0185959466,311.2123794344235,273,42:18
59.9%,2995000,11980.000000605649,-3528957.4354307503,576256.8086881413,311.57398486957794,273,42:15
60.0%,2997500,11990.000000607686,-3526259.869227035,575662.5146332333,311.2526583983237,273,42:12
60.0%,3000000,12000.000000609723,-3527990.2979484573,577460.1187702158,312.22459777627694,273,42:08
60.0%,3002500,12010.00000061176,-3528879.5909255315,577003.4926765335,311.97770644335213,273,42:05
60.1%,3005000,12020.000000613798,-3531017.2982835807,575684.0985275948,311.2643285076809,273,42:02
60.1%,3007500,12030.000000615835,-3529569.212185746,573925.926201053,310.31370935731434,273,41:59
60.2%,3010000,12040.000000617873,-3527348.5531708766,574717.9648430176,310.7419535569957,273,41:56
60.2%,3012500,12050.00000061991,-3527329.447263643,575669.489038361,311.25642936148625,273,41:53
60.3%,3015000,12060.000000621947,-3526814.8214237057,575986.2064894708,311.4276740510625,273,41:50
60.4%,3017500,12070.000000623984,-3526966.720973663,576032.8927243295,311.4529166443198,273,41:46
60.4%,3020000,12080.000000626022,-3529385.8485834654,576079.468158674,311.4780993292911,273,41:43
60.5%,3022500,12090.000000628059,-3525770.2532548606,574094.4079542712,310.40480508136756,273,41:40
60.5%,3025000,12100.000000630096,-3526365.8804062027,576806.9642977498,311.87144630170275,273,41:37
60.5%,3027500,12110.000000632133,-3530065.4364634585,576017.4549144084,311.44456963673184,273,41:34
60.6%,3030000,12120.00000063417,-3525938.2855937853,574766.9974149757,310.7684647818577,273,41:31
60.6%,3032500,12130.000000636208,-3527962.458931094,576507.574569766,311.70957046931255,273,41:28
60.7%,3035000,12140.000000638245,-3530204.924642548,572879.8003392057,309.748083756824,273,41:24
60.8%,3037500,12150.000000640282,-3529271.6619811244,576961.6395295269,311.9550770329997,273,41:21
60.8%,3040000,12160.00000064232,-3527312.1800514273,574064.0526566957,310.3883923971529,273,41:18
60.9%,3042500,12170.000000644357,-3527906.587369807,577555.8823829559,312.2763758203314,273,41:15
60.9%,3045000,12180.000000646394,-3530662.6001758818,575687.219176192,311.2660157986666,273,41:12
61.0%,3047500,12190.000000648432,-3525782.5453274827,574867.9225735879,310.82303360146784,273,41:09
61.0%,3050000,12200.000000650469,-3528422.147379132,576478.7018863744,311.6939594138203,273,41:05
61.0%,3052500,12210.000000652506,-3529464.806434907,576269.8044057111,311.5810114720378,273,41:02
61.1%,3055000,12220.000000654543,-3530017.0047033336,575360.9336567558,311.0895977885656,273,40:59
61.1%,3057500,12230.00000065658,-3530095.076732399,574670.115888277,310.7160822973844,273,40:56
61.2%,3060000,12240.000000658618,-3526935.6842343863,575683.007218598,311.26373845219223,273,40:53
61.2%,3062500,12250.000000660655,-3525946.3970248904,576919.9169917288,311.9325182412169,273,40:49
61.3%,3065000,12260.000000662692,-3527102.3646935504,574677.5867001705,310.7201216607321,273,40:46
61.4%,3067500,12270.00000066473,-3526485.215794338,574067.6493270848,310.39033706645404,273,40:43
61.4%,3070000,12280.000000666767,-3531558.319213636,577684.5489599532,312.3459440362903,273,40:40
61.5%,3072500,12290.000000668804,-3528839.881304929,577153.3322065746,312.05872257845374,273,40:37
61.5%,3075000,12300.000000670841,-3529444.486685559,574558.8667907752,310.65593146862335,273,40:34
61.5%,3077500,12310.000000672879,-3527274.640486965,575212.8857931371,311.00955038240284,273,40:30
61.6%,3080000,12320.000000674916,-3529718.6972975656,575054.4900584972,310.92390802732086,273,40:27
61.6%,3082500,12330.000000676953,-3528319.732023163,576151.6264660673,311.5171143153824,273,40:24
61.7%,3085000,12340.00000067899,-3528572.6058690343,575640.4039594876,311.240703466732,273,40:21
61.8%,3087500,12350.000000681028,-3531400.002931848,576856.3515614558,311.8981493034247,273,40:18
61.8%,3090000,12360.000000683065,-3528835.3400624897,575239.3855587803,311.0238784345058,273,40:15
61.9%,3092500,12370.000000685102,-3527827.018786246,575104.0685047919,310.95071439879064,273,40:12
61.9%,3095000,12380.00000068714,-3527520.453569066,577419.6615076477,312.2027231010884,273,40:08
62.0%,3097500,12390.000000689177,-3526607.227992784,575979.8390804781,311.424231282208,273,40:05
62.0%,3100000,12400.000000691214,-3528829.072323663,576328.8595106064,311.612941740074,273,40:02
62.0%,3102500,12410.000000693251,-3525066.5871801786,575586.1377349166,311.21136247920964,273,39:59
62.1%,3105000,12420.000000695289,-3528796.4901500586,576818.7941890463,311.8778425582263,273,39:56
62.1%,3107500,12430.000000697326,-3531742.078302508,575122.6747117988,310.9607745143034,273,39:53
62.2%,3110000,12440.000000699363,-3529275.454722628,572569.6342365158,309.5803812895741,273,39:49
62.2%,3112500,12450.0000007014,-3528526.3511144966,575166.1688172497,310.98429116790186,273,39:46
62.3%,3115000,12460.000000703438,-3528478.5677665323,575401.3596545913,311.11145555935116,273,39:43
62.4%,3117500,12470.000000705475,-3525345.453767985,575833.2612128964,311.3449786823124,273,39:40
62.4%,3120000,12480.000000707512,-3531544.598663928,574868.8769413646,310.8235496147569,273,39:37
62.5%,3122500,12490.00000070955,-3526887.3656172995,576794.6510530176,311.8647887027468,273,39:34
62.5%,3125000,12500.000000711587,-3527392.5454459563,577234.4044332388,312.10255719583813,273,39:30
62.5%,3127500,12510.000000713624,-3527458.173620226,575423.7950314393,311.12358605336215,273,39:27
62.6%,3130000,12520.000000715661,-3528611.9108857233,577177.3747946247,312.0717220690496,273,39:24
62.6%,3132500,12530.000000717699,-3527257.6377441194,574763.9223756015,310.7668021511399,273,39:21
62.7%,3135000,12540.000000719736,-3532232.2037790567,576330.1688622979,311.6136496881937,273,39:18
62.8%,3137500,12550.000000721773,-3523660.6645416915,574073.9960869706,310.3937686706256,273,39:15
62.8%,3140000,12560.00000072381,-3528198.2405164894,576332.4799927652,311.6148992840655,273,39:11
62.9%,3142500,12570.000000725848,-3528693.5084894802,574334.4183241604,310.5345753265584,273,39:08
62.9%,3145000,12580.000000727885,-3531373.307683682,575588.1952872075,311.21247496891334,273,39:05
63.0%,3147500,12590.000000729922,-3526947.1932312474,575256.8289680716,311.033309841581,273,39:02
63.0%,3150000,12600.00000073196,-3527628.6961474996,574348.160811024,310.5420056967156,273,38:59
63.0%,3152500,12610.000000733997,-3530039.0770341195,576058.4586119729,311.46673976166903,273,38:56
63.1%,3155000,12620.000000736034,-3526495.8713669535,576077.0807742588,311.47680850397774,273,38:52
63.1%,3157500,12630.000000738071,-3529846.9976244643,574063.6129699349,310.3881546646801,273,38:49
63.2%,3160000,12640.000000740109,-3531131.0153359044,574643.5143165324,310.7016992001484,273,38:46
63.2%,3162500,12650.000000742146,-3529572.6027015224,575154.4270180578,310.97794254154536,273,38:43
63.3%,3165000,12660.000000744183,-3528894.901878873,574810.7661911059,310.79212994604524,273,38:40
63.4%,3167500,12670.00000074622,-3526321.998305047,574025.9785352738,310.3678062530016,273,38:37
63.4%,3170000,12680.000000748258,-3527829.552011531,576072.7805959835,311.4744834578166,273,38:33
63.5%,3172500,12690.000000750295,-3526845.8251883313,577101.0658523596,312.03046289282076,273,38:30
63.5%,3175000,12700.000000752332,-3529459.480474381,573132.8945380887,309.8849282450876,273,38:27
63.5%,3177500,12710.00000075437,-3527341.377764078,577034.0046194085,311.99420382348603,273,38:24
63.6%,3180000,12720.000000756407,-3530401.2521577366,576055.474028757,311.46512603932905,273,38:21
63.6%,3182500,12730.000000758444,-3526469.5316899214,574447.1750984662,310.59554133504946,273,38:18
63.7%,3185000,12740.000000760481,-3528714.56551536,578796.7992556321,312.94732219195316,273,38:14
63.8%,3187500,12750.000000762519,-3528050.6610782705,574982.6272632033,310.88505282048243,273,38:11
63.8%,3190000,12760.000000764556,-3528363.392968964,575900.4416949127,311.3813022279464,273,38:08
63.9%,3192500,12770.000000766593,-3526925.9170429576,573778.3433081416,310.2339133543002,273,38:05
63.9%,3195000,12780.00000076863,-3530806.2896046042,574179.6061113906,310.4508705315574,273,38:02
64.0%,3197500,12790.000000770668,-3531563.280474134,574790.2544132343,310.78103951505705,273,37:59
64.0%,3200000,12800.000000772705,-3528511.3280465323,577200.7750988192,312.08437428576116,273,37:55
64.0%,3202500,12810.000000774742,-3529131.270512214,577664.6888672132,312.33520596232466,273,37:52
64.1%,3205000,12820.00000077678,-3526644.3488612194,576503.1237736233,311.70716398618015,273,37:49
64.2%,3207500,12830.000000778817,-3525887.3847325835,574526.7783565295,310.6385817016872,273,37:46
64.2%,3210000,12840.000000780854,-3530043.0632332694,575398.7537914827,311.11004660566846,273,37:43
64.2%,3212500,12850.000000782891,-3529612.8291680664,578174.9278979206,312.61108505934635,273,37:40
64.3%,3215000,12860.000000784928,-3524635.7152017634,574944.0653769652,310.86420294872715,273,37:36
64.3%,3217500,12870.000000786966,-3527953.4199623596,577345.4760876601,312.16261208361095,273,37:33
64.4%,3220000,12880.000000789003,-3529899.6674541887,575481.8386729392,311.154969437308,273,37:30
64.5%,3222500,12890.00000079104,-3529809.7926012315,575063.4210436172,310.9287368858795,273,37:27
64.5%,3225000,12900.000000793078,-3529891.9101856127,579083.259705909,313.10220734498665,273,37:24
64.5%,3227500,12910.000000795115,-3529600.2297939584,575821.154153239,311.3384325647383,273,37:21
64.6%,3230000,12920.000000797152,-3525209.3407954425,575337.0154424761,311.0766655451253,273,37:18
64.7%,3232500,12930.00000079919,-3531660.949328441,574766.0856518591,310.76797180431157,273,37:14
64.7%,3235000,12940.000000801227,-3529542.500342943,573735.6907897061,310.21085173501297,273,37:11
64.8%,3237500,12950.000000803264,-3527527.8897984363,575274.5769053134,311.04290590265356,273,37:08
64.8%,3240000,12960.000000805301,-3527428.6371791027,574900.0965783311,310.8404296351735,273,37:05
64.8%,3242500,12970.000000807338,-3528593.4429640938,574766.7894907525,310.76835236014267,273,37:02
64.9%,3245000,12980.000000809376,-3530509.5967255477,572946.813205365,309.7843166749119,273,36:59
65.0%,3247500,12990.000000811413,-3531730.2175671216,576842.0598209689,311.89042195952686,273,36:55
65.0%,3250000,13000.00000081345,-3527159.6397752613,576033.0595155307,311.4530068259861,273,36:52
65.0%,3252500,13010.000000815488,-3531664.689948907,576022.2399844063,311.4471568570555,273,36:49
65.1%,3255000,13020.000000817525,-3527372.890219286,574664.9635512067,310.71329650089893,273,36:46
65.2%,3257500,13030.000000819562,-3529606.457677044,575518.0501148116,311.17454845671733,273,36:43
65.2%,3260000,13040.0000008216,-3527007.3758040015,575034.0378072636,310.91284978155204,273,36:40
65.2%,3262500,13050.000000823637,-3528561.1910587028,575310.632846847,311.0624008452078,273,36:37
65.3%,3265000,13060.000000825674,-3531747.109902518,573269.0585056415,309.9585501951044,273,36:33
65.3%,3267500,13070.000000827711,-3527790.470307326,574189.5803786741,310.4562634781688,273,36:30
65.4%,3270000,13080.000000829748,-3529165.095812766,575881.679077788,311.3711575436737,273,36:27
65.5%,3272500,13090.000000831786,-3526675.7908241376,573019.443812127,309.82358702665636,273,36:24
65.5%,3275000,13100.000000833823,-3528694.523807099,576240.4096376465,311.5651181326757,273,36:21
65.5%,3277500,13110.00000083586,-3529198.055202011,577137.3289747345,312.05006985515394,273,36:18
65.6%,3280000,13120.000000837897,-3529123.541852765,576409.9397015288,311.65678066362136,273,36:14
65.7%,3282500,13130.000000839935,-3527296.924488779,575536.837225195,311.1847063841519,273,36:11
65.7%,3285000,13140.000000841972,-3528886.1466479525,575755.6104061401,311.30299397874853,273,36:08
65.8%,3287500,13150.00000084401,-3527882.8676088806,576226.1002321537,311.55738123755657,273,36:05
65.8%,3290000,13160.000000846047,-3529998.86303246,572737.7011140587,309.67125269616076,273,36:02
65.8%,3292500,13170.000000848084,-3526507.63351403,575510.391724294,311.170407672235,273,35:59
65.9%,3295000,13180.000000850121,-3526634.1948753465,575737.3815104439,311.29313787017645,273,35:55
66.0%,3297500,13190.000000852158,-3530568.2678861506,576309.0845566342,311.60224969944767,273,35:52
66.0%,3300000,13200.000000854196,-3527445.7783190534,574195.5584941214,310.4594957614561,273,35:49
66.0%,3302500,13210.000000856233,-3529029.552338958,575600.0587155041,311.2188893584231,273,35:46
66.1%,3305000,13220.00000085827,-3525845.3391039446,576361.0952406297,311.6303711477741,273,35:43
66.2%,3307500,13230.000000860307,-3528358.665538287,576455.6312709068,311.68148545518545,273,35:40
66.2%,3310000,13240.000000862345,-3525199.2714791894,575448.0768041335,311.13671486774484,273,35:37
66.2%,3312500,13250.000000864382,-3528521.0833399463,576722.0059096087,311.82551049124095,273,35:33
66.3%,3315000,13260.00000086642,-3531154.4910684135,574197.2844774956,310.4604289764908,273,35:30
66.3%,3317500,13270.000000868456,-3528784.599878734,574411.8030651157,310.5764161720704,273,35:27
66.4%,3320000,13280.000000870494,-3529425.247081762,575544.318452248,311.18875137883043,273,35:24
66.5%,3322500,13290.000000872531,-3528969.6147570238,575333.2312480463,311.074619484202,273,35:21
66.5%,3325000,13300.000000874568,-3530748.6230142415,574481.8796998139,310.61430562689327,273,35:18
66.5%,3327500,13310.000000876606,-3531208.264387764,576959.2221162973,311.95376997152704,273,35:14
66.6%,3330000,13320.000000878643,-3526967.0616673045,574428.213783813,310.58528921780623,273,35:11
66.7%,3332500,13330.00000088068,-3528818.5714882165,574057.115114796,310.38464136542143,273,35:08
66.7%,3335000,13340.000000882717,-3529312.99476715,576004.1655460177,311.4373842613862,273,35:05
66.8%,3337500,13350.000000884755,-3525828.766378289,574734.9904839313,310.75115908256083,273,35:02
66.8%,3340000,13360.000000886792,-3527970.7979114987,574894.980817831,310.8376636151272,273,34:59
66.8%,3342500,13370.00000088883,-3527221.5335970595,574179.9092245207,310.4510344205812,273,34:55
66.9%,3345000,13380.000000890866,-3530007.5860506278,576543.9191408335,311.72922146981296,273,34:52
67.0%,3347500,13390.000000892904,-3529569.6433358267,577802.5519381562,312.4097465937453,273,34:49
67.0%,3350000,13400.000000894941,-3527782.832313815,575914.2080300932,311.38874549255434,273,34:46
67.0%,3352500,13410.000000896978,-3528985.701108679,578881.265403115,312.99299185478577,273,34:43
67.1%,3355000,13420.000000899016,-3527888.268697342,574658.1366252486,310.7096052776576,273,34:40
67.2%,3357500,13430.000000901053,-3530235.6150928345,574860.6273903976,310.81908919809996,273,34:36
67.2%,3360000,13440.00000090309,-3530665.6381275877,575594.0833057817,311.21565853808335,273,34:33
67.2%,3362500,13450.000000905127,-3527202.7105078995,574593.4190227912,310.67461337650377,273,34:30
67.3%,3365000,13460.000000907165,-3529283.2531659417,576451.8876228979,311.67946131714405,273,34:27
67.3%,3367500,13470.000000909202,-3528433.827414656,575997.5094019469,311.43378537751926,273,34:24
67.4%,3370000,13480.00000091124,-3527486.2058412023,576444.0707286306,311.67523483190445,273,34:21
67.5%,3372500,13490.000000913276,-3526695.4068004657,576057.5436035022,311.46624502940546,273,34:17
67.5%,3375000,13500.000000915314,-3526334.9013364743,573797.0647753407,310.24403578938455,273,34:14
67.5%,3377500,13510.000000917351,-3528206.7298251167,576143.6669237874,311.5128107023604,273,34:11
67.6%,3380000,13520.000000919388,-3529522.3978039213,576352.6786581193,311.62582041950117,273,34:08
67.7%,3382500,13530.000000921425,-3529361.0575551577,574673.8451343201,310.7180986484846,273,34:05
67.7%,3385000,13540.000000923463,-3528397.7960591,575961.534114599,311.41433404355354,273,34:02
67.8%,3387500,13550.0000009255,-3527513.290688349,576274.5345762661,311.58356900900174,273,33:59
67.8%,3390000,13560.000000927537,-3528289.870242147,577017.0888283269,311.9850576921865,273,33:55
67.8%,3392500,13570.000000929575,-3526118.5036261845,574380.5789437648,310.55953372701003,273,33:52
67.9%,3395000,13580.000000931612,-3527117.7742813397,575577.8262449472,311.2068685730016,273,33:49
68.0%,3397500,13590.000000933649,-3528926.349976789,575161.479061632,310.98175548272843,273,33:46
68.0%,3400000,13600.000000935686,-3527332.2585601695,575382.488622413,311.1012522565776,273,33:43
68.0%,3402500,13610.000000937724,-3527423.9122270346,575111.7399253726,310.9548622284456,273,33:40
68.1%,3405000,13620.00000093976,-3529404.8422258534,575443.9266046338,311.1344709130069,273,33:36
68.2%,3407500,13630.000000941798,-3530041.407701038,576487.5865940456,311.6987632508107,273,33:33
68.2%,3410000,13640.000000943835,-3530549.946862731,576310.1024690842,311.60280007045156,273,33:30
68.2%,3412500,13650.000000945873,-3527414.2759453654,575938.6079943012,311.4019382114331,273,33:27
68.3%,3415000,13660.00000094791,-3531548.138498729,574537.574404721,310.6444189737248,273,33:24
68.3%,3417500,13670.000000949947,-3529662.301663082,575982.2407561021,311.42552983457784,273,33:21
68.4%,3420000,13680.000000951984,-3529409.641233811,575388.1659329522,311.10432189886444,273,33:17
68.5%,3422500,13690.000000954022,-3529916.1625414416,576429.681192548,311.6674546112978,273,33:14
68.5%,3425000,13700.000000956059,-3528228.4949373305,574147.4501950308,310.43348427798736,273,33:11
68.5%,3427500,13710.000000958096,-3528301.431938896,576391.7968995038,311.6469711046914,273,33:08
68.6%,3430000,13720.000000960134,-3528196.952640634,575932.7337400524,311.398762084441,273,33:05
68.7%,3432500,13730.00000096217,-3530720.834546564,574812.2004333718,310.79290542074904,273,33:02
68.7%,3435000,13740.000000964208,-3528223.4164983276,577526.8649123462,312.2606864804184,273,32:58
68.8%,3437500,13750.000000966245,-3529971.8696816023,573986.5973165575,310.3465133796517,273,32:55
68.8%,3440000,13760.000000968283,-3529541.0448763687,574807.5104325899,310.7903696030188,273,32:52
68.8%,3442500,13770.00000097032,-3530717.279105287,575324.6548110447,311.0699823248448,273,32:49
68.9%,3445000,13780.000000972357,-3527698.2351659797,571895.9599053015,309.2161350147949,273,32:46
69.0%,3447500,13790.000000974394,-3527186.9335722774,574307.1560624728,310.5198350035245,273,32:43
69.0%,3450000,13800.000000976432,-3528571.057555327,574955.4580654183,310.87036281579714,273,32:39
69.0%,3452500,13810.000000978469,-3529147.8091508187,577082.4591473623,312.0204025080515,273,32:36
69.1%,3455000,13820.000000980506,-3528244.1773133334,575781.356369071,311.31691446028344,273,32:33
69.2%,3457500,13830.000000982543,-3531519.333674222,576281.3993008642,311.58728066943826,273,32:30
69.2%,3460000,13840.00000098458,-3528321.83615488,573600.9437993427,310.13799592471497,273,32:27
69.2%,3462500,13850.000000986618,-3527791.999524953,574402.0744128976,310.57115602608457,273,32:24
69.3%,3465000,13860.000000988655,-3525853.2191998903,575841.3694737757,311.349362705398,273,32:20
69.3%,3467500,13870.000000990693,-3528921.735403143,577333.2177232541,312.1559841576787,273,32:17
69.4%,3470000,13880.00000099273,-3527933.19590261,577209.5821730162,312.0891361474194,273,32:14
69.5%,3472500,13890.000000994767,-3527694.0215670355,574886.2608826472,310.8329488683129,273,32:11
69.5%,3475000,13900.000000996804,-3527272.9531269763,577400.821770927,312.1925367193304,273,32:08
69.5%,3477500,13910.000000998842,-3528665.1343184095,574409.9890732098,310.5754353720553,273,32:05
69.6%,3480000,13920.000001000879,-3532552.2677592207,575921.1942719951,311.3925228556949,273,32:02
69.7%,3482500,13930.000001002916,-3528385.514431799,577741.8268602615,312.3769133946995,273,31:58
69.7%,3485000,13940.000001004953,-3527269.221259441,575508.9860396226,311.16964763822244,273,31:55
69.8%,3487500,13950.00000100699,-3528787.7598552946,577591.4767222181,312.2956211810031,273,31:52
69.8%,3490000,13960.000001009028,-3529397.58142375,573342.2452568064,309.99812124633763,273,31:49
69.8%,3492500,13970.000001011065,-3528066.0650839284,576810.3068473174,311.87325357143516,273,31:46
69.9%,3495000,13980.000001013103,-3530315.4867500346,574805.9005985621,310.7894991883088,273,31:43
70.0%,3497500,13990.00000101514,-3529680.6549108475,577049.1011607982,312.0023663119593,273,31:39
70.0%,3500000,14000.000001017177,-3529191.3285055384,576166.4853970953,311.5251483312613,273,31:36
70.0%,3502500,14010.000001019214,-3526997.6959313396,576120.9995628246,311.50055477778795,273,31:33
70.1%,3505000,14020.000001021252,-3526920.3171033505,572681.6734186711,309.64095930604066,273,31:30
70.2%,3507500,14030.000001023289,-3525802.945666114,574856.0857217185,310.81663358146,273,31:27
70.2%,3510000,14040.000001025326,-3530322.095877886,575239.935870893,311.02417598055695,273,31:24
70.2%,3512500,14050.000001027363,-3529407.7894849423,574858.0418678297,310.81769124226275,273,31:20
70.3%,3515000,14060.0000010294,-3531140.6820936576,573105.8953816994,309.8703301794032,273,31:17
70.3%,3517500,14070.000001031438,-3530092.4348579627,576103.279738223,311.4909739168262,273,31:14
70.4%,3520000,14080.000001033475,-3532136.224173108,575181.4422363642,310.9925492916834,273,31:11
70.5%,3522500,14090.000001035512,-3528853.4803814143,574966.1798240438,310.87615992050706,273,31:08
70.5%,3525000,14100.00000103755,-3532463.46250486,574222.5915132506,310.4741121362497,273,31:05
70.5%,3527500,14110.000001039587,-3525943.5532908347,575224.6293280624,311.0158999472461,273,31:02
70.6%,3530000,14120.000001041624,-3525665.9425370507,575398.4770177947,311.10989695801214,273,30:58
70.7%,3532500,14130.000001043662,-3528221.9052408636,575722.6503477504,311.28517293684644,273,30:55
70.7%,3535000,14140.000001045699,-3528695.9659593217,577901.8547116767,312.46343821246097,273,30:52
70.8%,3537500,14150.000001047736,-3524849.3635987993,575215.9890535674,311.01122827185037,273,30:49
70.8%,3540000,14160.000001049773,-3527359.6960890796,577512.6187345836,312.25298377164734,273,30:46
70.8%,3542500,14170.00000105181,-3528672.536583217,577180.8015642469,312.07357487538576,273,30:43
70.9%,3545000,14180.000001053848,-3526492.4738312215,574388.4416808733,310.5637849988318,273,30:39
71.0%,3547500,14190.000001055885,-3530220.6645097286,576795.0957511929,311.86502914482134,273,30:36
71.0%,3550000,14200.000001057922,-3528521.1353710424,575332.1179124741,311.07401751925255,273,30:33
71.0%,3552500,14210.00000105996,-3525464.6921812855,575760.3077975475,311.30553379248653,273,30:30
71.1%,3555000,14220.000001061997,-3528542.8368463106,574350.1794451014,310.5430971438863,273,30:27
71.2%,3557500,14230.000001064034,-3526711.5267187897,576900.3721771968,311.92195063376226,273,30:24
71.2%,3560000,14240.000001066071,-3526924.25174989,575681.9865359259,311.26318658336805,273,30:20
71.2%,3562500,14250.000001068109,-3528803.2239380963,574766.6374751446,310.7682701674327,273,30:17
71.3%,3565000,14260.000001070146,-3528085.9076357298,575182.0591368186,310.9928828411182,273,30:14
71.3%,3567500,14270.000001072183,-3526980.516705539,575340.2742127115,311.0784275165462,273,30:11
71.4%,3570000,14280.00000107422,-3528561.6728556007,574570.4864550998,310.66221405836785,273,30:08
71.5%,3572500,14290.000001076258,-3530386.701630473,574629.7944729283,310.69428107288456,273,30:05
71.5%,3575000,14300.000001078295,-3531765.6312659737,575125.4156093944,310.96225647924183,273,30:01
71.5%,3577500,14310.000001080332,-3527939.6059958283,577245.7240791882,312.1086775698495,273,29:58
71.6%,3580000,14320.00000108237,-3528696.9285122193,577293.0350575242,312.1342579531543,273,29:55
71.7%,3582500,14330.000001084407,-3531079.1754272096,574970.3312578563,310.8784045426206,273,29:52
71.7%,3585000,14340.000001086444,-3524251.7306745835,574957.9040811626,310.87168534224895,273,29:49
71.8%,3587500,14350.000001088481,-3528542.49172323,577395.4261968306,312.1896194079918,273,29:46
71.8%,3590000,14360.000001090519,-3531106.028758334,575386.5336922526,311.1034393691808,273,29:42
71.8%,3592500,14370.000001092556,-3529445.0213678908,576011.7057752495,311.4414611577164,273,29:39
71.9%,3595000,14380.000001094593,-3528948.6598608512,577271.3195041055,312.122516657589,273,29:36
72.0%,3597500,14390.00000109663,-3527327.2178423014,575778.806179231,311.31553560835727,273,29:33
72.0%,3600000,14400.000001098668,-3533510.831265725,576354.877223746,311.6270091531404,273,29:30
72.0%,3602500,14410.000001100705,-3527195.2799618617,574582.424633081,310.6686688639851,273,29:27
72.1%,3605000,14420.000001102742,-3529347.5103373397,573897.6564872626,310.2984243190398,273,29:24
72.2%,3607500,14430.00000110478,-3526807.0569479,577325.7590588408,312.1519513623034,273,29:20
72.2%,3610000,14440.000001106817,-3530861.965846697,572266.3126107202,309.4163795351108,273,29:17
72.2%,3612500,14450.000001108854,-3531580.0460827053,573438.9302194414,310.05039745137503,273,29:14
72.3%,3615000,14460.000001110891,-3529688.7652098425,574970.3989527281,310.87844114428964,273,29:11
72.3%,3617500,14470.000001112929,-3530158.3542309236,574455.0173104729,310.59978150923615,273,29:08
72.4%,3620000,14480.000001114966,-3529552.6227238644,574978.203893841,310.8826611666261,273,29:05
72.5%,3622500,14490.000001117003,-3529593.9001291264,576554.9242435177,311.7351717746866,273,29:01
72.5%,3625000,14500.00000111904,-3528332.7880606297,577422.9051421802,312.2044768888467,273,28:58
72.5%,3627500,14510.000001121078,-3527403.5084025953,577780.5602273145,312.3978559837295,273,28:55
72.6%,3630000,14520.000001123115,-3526217.8203084487,575389.6472286738,311.1051228147127,273,28:52
72.7%,3632500,14530.000001125152,-3528220.410032252,577147.2747137556,312.0554473769334,273,28:49
72.7%,3635000,14540.00000112719,-3528906.895869687,575476.7853532393,311.15223717812773,273,28:46
72.8%,3637500,14550.000001129227,-3527440.7572969534,576656.6088086242,311.7901511947512,273,28:42
72.8%,3640000,14560.000001131264,-3526868.0305521954,577110.3801556592,312.0354990061501,273,28:39
72.8%,3642500,14570.000001133301,-3530263.215105796,575243.2387076847,311.02596177814763,273,28:36
72.9%,3645000,14580.000001135339,-3532930.4935676847,576136.4125233504,311.508888349656,273,28:33
73.0%,3647500,14590.000001137376,-3528819.4128347337,574395.1476911944,310.56741084468183,273,28:30
73.0%,3650000,14600.000001139413,-3527952.385630019,572839.8799586605,309.72649936622514,273,28:27
73.0%,3652500,14610.00000114145,-3526258.378548451,575308.2972098474,311.06113799899714,273,28:23
73.1%,3655000,14620.000001143488,-3529780.732139509,576210.8212596312,311.5491201111252,273,28:20
73.2%,3657500,14630.000001145525,-3527465.2664876133,574839.9857481356,310.8079285512549,273,28:17
73.2%,3660000,14640.000001147562,-3530030.4032963943,575621.4493937301,311.2304549985222,273,28:14
73.2%,3662500,14650.0000011496,-3527012.184376767,575286.7339984825,311.04947907264653,273,28:11
73.3%,3665000,14660.000001151637,-3529732.6826396007,575276.1999842285,311.04378347868857,273,28:08
73.3%,3667500,14670.000001153674,-3531718.1325167157,575612.1199372478,311.22541069207927,273,28:05
73.4%,3670000,14680.000001155711,-3528440.550872814,575498.1860033161,311.1638082098669,273,28:01
73.5%,3672500,14690.000001157749,-3529387.1160638966,575705.2271645148,311.27575246571627,273,27:58
73.5%,3675000,14700.000001159786,-3532786.4619199913,576239.7459730043,311.5647592984996,273,27:55
73.5%,3677500,14710.000001161823,-3528626.569348097,575216.8884104288,311.01171454150807,273,27:52
73.6%,3680000,14720.00000116386,-3525700.972463429,575000.0514070024,310.8944738109759,273,27:49
73.7%,3682500,14730.000001165898,-3530018.519939568,575730.4803384957,311.28940650316827,273,27:46
73.7%,3685000,14740.000001167935,-3528842.907297142,576618.8751241823,311.7697491201065,273,27:42
73.8%,3687500,14750.000001169972,-3525862.8278285526,576250.6013771481,311.5706286634692,273,27:39
73.8%,3690000,14760.00000117201,-3528903.1723598316,574977.4133182707,310.8822337134888,273,27:36
73.8%,3692500,14770.000001174047,-3528795.065359229,574800.6757772923,310.7866742006319,273,27:33
73.9%,3695000,14780.000001176084,-3532168.241528677,576140.5835704205,311.5111435763833,273,27:30
74.0%,3697500,14790.000001178121,-3528211.0874368884,576254.5046405098,311.57273910329627,273,27:27
74.0%,3700000,14800.000001180159,-3527719.0207102317,575638.2636664202,311.23954624024947,273,27:23
74.0%,3702500,14810.000001182196,-3528679.729441555,575630.4123899625,311.235301165041,273,27:20
74.1%,3705000,14820.000001184233,-3527931.2852831446,573937.2589275289,310.3198368037832,273,27:17
74.2%,3707500,14830.00000118627,-3529939.340334244,576483.6105943618,311.6966134834732,273,27:14
74.2%,3710000,14840.000001188308,-3525721.9764228687,575638.2749171504,311.23955232336164,273,27:11
74.2%,3712500,14850.000001190345,-3529696.3155798577,576462.3928830626,311.6851413641687,273,27:08
74.3%,3715000,14860.000001192382,-3531089.277820727,575196.1787677386,311.000517127784,273,27:04
74.3%,3717500,14870.00000119442,-3526987.5750553757,575544.2056497708,311.188690388111,273,27:01
74.4%,3720000,14880.000001196457,-3530730.129138969,574356.1396873025,310.5463197633598,273,26:58
74.5%,3722500,14890.000001198494,-3530084.482154116,576249.1224513326,311.569829028996,273,26:55
74.5%,3725000,14900.000001200531,-3529416.5419427548,577942.1465032056,312.4852234197764,273,26:52
74.5%,3727500,14910.000001202568,-3523725.81194349,577741.5182628331,312.3767465403925,273,26:49
74.6%,3730000,14920.000001204606,-3531046.377132699,575876.5483848078,311.3683834498445,273,26:45
74.7%,3732500,14930.000001206643,-3528929.6906229854,575782.2891741039,311.31741881489893,273,26:42
74.7%,3735000,14940.00000120868,-3526506.5115835313,578432.8158153368,312.75052144407556,273,26:39
74.8%,3737500,14950.000001210718,-3527394.753287088,576768.9579233159,311.850896787399,273,26:36
74.8%,3740000,14960.000001212755,-3528618.7848191094,574665.3905087642,310.71352735086987,273,26:33
74.8%,3742500,14970.000001214792,-3528412.6598718297,576556.406110427,311.7359729993681,273,26:30
74.9%,3745000,14980.00000121683,-3529128.747448368,575798.4429166499,311.32615291722925,273,26:26
75.0%,3747500,14990.000001218867,-3528742.657061344,574485.3708248083,310.6161932292778,273,26:23
75.0%,3750000,15000.000001220904,-3528178.5140601024,573502.9465382642,310.0850101782905,273,26:20
75.0%,3752500,15010.000001222941,-3526094.9027163535,576155.5587419423,311.51924044186893,273,26:17
75.1%,3755000,15020.000001224978,-3530563.4375744574,575758.9574356654,311.30480367073125,273,26:14
75.2%,3757500,15030.000001227016,-3524979.868721122,574121.9381697676,310.41969028327264,273,26:11
75.2%,3760000,15040.000001229053,-3529418.4648475423,575081.9916224563,310.9387777377411,273,26:08
75.2%,3762500,15050.00000123109,-3527980.2449472994,576059.1938179741,311.467137277256,273,26:04
75.3%,3765000,15060.000001233127,-3527377.759327516,577116.3869924302,312.0387468186548,273,26:01
75.3%,3767500,15070.000001235165,-3528257.1187509634,575514.856023183,311.1728214561131,273,25:58
75.4%,3770000,15080.000001237202,-3527591.953386793,573426.0349605927,310.0434251655385,273,25:55
75.5%,3772500,15090.00000123924,-3527276.5854306836,574240.0178076155,310.4835342895239,273,25:52
75.5%,3775000,15100.000001241277,-3529214.398115769,575996.0993908658,311.43302300427763,273,25:49
75.5%,3777500,15110.000001243314,-3530314.8574025407,574823.0773571384,310.79878642107735,273,25:45
75.6%,3780000,15120.000001245351,-3527694.437840786,575922.5032082816,311.39323057921087,273,25:42
75.7%,3782500,15130.000001247388,-3527979.3603854906,573927.9908176237,310.3148256665752,273,25:39
75.7%,3785000,15140.000001249426,-3527960.0797952935,575199.8412822774,311.0024973980945,273,25:36
75.8%,3787500,15150.000001251463,-3531071.301131675,577019.1496986588,311.9861719759085,273,25:33
75.8%,3790000,15160.0000012535,-3527772.571419066,573453.6451000404,310.0583535812046,273,25:30
75.8%,3792500,15170.000001255537,-3527482.860992126,575393.0302885082,311.1069519877788,273,25:26
75.9%,3795000,15180.000001257575,-3529956.120233426,576660.4853773012,311.7922472011361,273,25:23
76.0%,3797500,15190.000001259612,-3529983.8904686235,576386.789508473,311.64426367849916,273,25:20
76.0%,3800000,15200.00000126165,-3529539.2427178975,574612.171363518,310.68475250447204,273,25:17
76.0%,3802500,15210.000001263686,-3526155.6291588526,575077.5462122324,310.9363741666996,273,25:14
76.1%,3805000,15220.000001265724,-3527590.069876196,576216.6521650243,311.55227279999815,273,25:11
76.2%,3807500,15230.000001267761,-3528361.279136136,575331.343877223,311.0735990092341,273,25:07
76.2%,3810000,15240.000001269798,-3526373.1078414004,574947.6428591083,310.86613724321234,273,25:04
76.2%,3812500,15250.000001271836,-3531667.112342896,576570.1137072376,311.7433845049622,273,25:01
76.3%,3815000,15260.000001273873,-3528398.648907548,574430.609500458,310.5865845482396,273,24:58
76.3%,3817500,15270.00000127591,-3526753.7636142876,573769.9220403794,310.2293600927773,273,24:55
76.4%,3820000,15280.000001277947,-3526950.1134728957,574338.8210335255,310.53695580984373,273,24:52
76.5%,3822500,15290.000001279985,-3531300.247514855,574478.1315007769,310.6122790281747,273,24:48
76.5%,3825000,15300.000001282022,-3530158.4442123882,573036.1055639277,309.832595802475,273,24:45
76.5%,3827500,15310.00000128406,-3526493.1468457114,578427.1905917326,312.74747996446496,273,24:42
76.6%,3830000,15320.000001286096,-3528142.257850956,576289.6481958907,311.59174073143737,273,24:39
76.7%,3832500,15330.000001288134,-3530679.7905600704,575692.1356707058,311.26867407838535,273,24:36
76.7%,3835000,15340.000001290171,-3525849.131889472,575691.5830032139,311.26837525881365,273,24:33
76.8%,3837500,15350.000001292208,-3526184.6105459575,574680.4713936893,310.721681374112,273,24:29
76.8%,3840000,15360.000001294246,-3528410.331963891,573886.5683361624,310.2924291110508,273,24:26
76.8%,3842500,15370.000001296283,-3523381.5601360165,571563.2768786992,309.0362579621785,273,24:23
76.9%,3845000,15380.00000129832,-3526845.844587559,575776.7969849878,311.3144492651726,273,24:20
77.0%,3847500,15390.000001300357,-3526708.213276265,576198.1545071158,311.5422713754624,273,24:17
77.0%,3850000,15400.000001302395,-3529960.027946679,573431.1981446093,310.0462168268159,273,24:14
77.0%,3852500,15410.000001304432,-3526476.054158954,577896.386605119,312.46048168383663,273,24:10
77.1%,3855000,15420.00000130647,-3527909.8518754262,575699.4742968492,311.2726419707494,273,24:07
77.2%,3857500,15430.000001308506,-3528216.2950868197,575137.4914574802,310.9687857211563,273,24:04
77.2%,3860000,15440.000001310544,-3528136.5633908827,576332.6092814447,311.61496918864356,273,24:01
77.2%,3862500,15450.000001312581,-3528985.567063799,575340.9458359375,311.0787906538171,273,23:58
77.3%,3865000,15460.000001314618,-3525528.69852395,578379.284381849,312.72157774779976,273,23:55
77.3%,3867500,15470.000001316655,-3528495.717886148,575680.8278968288,311.2625601234372,273,23:52
77.4%,3870000,15480.000001318693,-3526294.147877408,575602.1863893152,311.2200397618506,273,23:48
77.5%,3872500,15490.00000132073,-3527131.4428309184,576657.6403121261,311.79070891424647,273,23:45
77.5%,3875000,15500.000001322767,-3527988.1247693803,576385.3590641007,311.6434902572632,273,23:42
77.5%,3877500,15510.000001324805,-3527230.3628031667,577333.4371995083,312.1561028254152,273,23:39
77.6%,3880000,15520.000001326842,-3529143.6569962744,575137.8289469567,310.968968196989,273,23:36
77.7%,3882500,15530.000001328879,-3525965.4733076617,576400.7674458099,311.6518213534293,273,23:33
77.7%,3885000,15540.000001330916,-3525089.179868499,573453.8342573701,310.0584558559233,273,23:29
77.8%,3887500,15550.000001332954,-3532109.259230703,573868.3983768828,310.2826048685737,273,23:26
77.8%,3890000,15560.00000133499,-3531654.9823250268,576073.6457968511,311.4749512598069,273,23:23
77.8%,3892500,15570.000001337028,-3530288.943197204,575123.0438568935,310.96097410588555,273,23:20
77.9%,3895000,15580.000001339065,-3531604.4016841557,575651.559378987,311.24673504580215,273,23:17
78.0%,3897500,15590.000001341103,-3528274.0776708946,576663.2369305703,311.7937349274478,273,23:14
78.0%,3900000,15600.00000134314,-3530689.750814913,575255.5397970629,311.0326128048739,273,23:10
78.0%,3902500,15610.000001345177,-3525446.6743138917,575500.4244408938,311.16501850171153,273,23:07
78.1%,3905000,15620.000001347214,-3528852.275242375,576848.7223221094,311.89402428057235,273,23:04
78.2%,3907500,15630.000001349252,-3525084.198078161,576083.4494846828,311.4802519764979,273,23:01
78.2%,3910000,15640.000001351289,-3527383.688205054,575370.5308478377,311.0947868553564,273,22:58
78.2%,3912500,15650.000001353326,-3529561.693209721,576189.9547826634,311.5378378993039,273,22:55
78.3%,3915000,15660.000001355364,-3526663.1969373096,574640.8588072674,310.7002634034843,273,22:52
78.3%,3917500,15670.0000013574,-3532065.1232908815,575935.1283140446,311.4000567970579,273,22:48
78.4%,3920000,15680.000001359438,-3524715.595696736,576842.312965023,311.8905588309711,273,22:45
78.5%,3922500,15690.000001361475,-3530357.3763742223,575129.1960880201,310.9643005310818,273,22:42
78.5%,3925000,15700.000001363513,-3527592.638147507,574167.704621768,310.4444355628218,273,22:39
78.5%,3927500,15710.00000136555,-3525655.90599386,574605.7172945626,310.68126287978953,273,22:36
78.6%,3930000,15720.000001367587,-3527371.3552205246,576205.5144125539,311.54625077324306,273,22:33
78.7%,3932500,15730.000001369624,-3528531.176795222,576694.9975100291,311.810907427893,273,22:29
78.7%,3935000,15740.000001371662,-3531471.255128987,576758.3383340002,311.84515492420377,273,22:26
78.8%,3937500,15750.000001373699,-3528149.7864698395,575863.8781068618,311.3615328080308,273,22:23
78.8%,3940000,15760.000001375736,-3530033.8941920567,575878.2549143289,311.36930614645337,273,22:20
78.8%,3942500,15770.000001377774,-3527591.335575547,577067.5356233498,312.0123335676507,273,22:17
78.9%,3945000,15780.00000137981,-3525422.7270559203,576629.955303458,311.7757400178416,273,22:14
79.0%,3947500,15790.000001381848,-3528156.690465033,575637.3803578753,311.2390686476916,273,22:10
79.0%,3950000,15800.000001383885,-3530923.4891302343,577369.1094100968,312.1753902900222,273,22:07
79.0%,3952500,15810.000001385923,-3530057.2605271395,575965.1380919751,311.4162826636401,273,22:04
79.1%,3955000,15820.00000138796,-3527114.3944060765,574665.7263794738,310.71370895145805,273,22:01
79.2%,3957500,15830.000001389997,-3526785.152525857,574686.6732755059,310.72503464474096,273,21:58
79.2%,3960000,15840.000001392034,-3526979.6702486314,573058.5105664602,309.8447098735191,273,21:55
79.2%,3962500,15850.000001394072,-3528704.4099871144,575469.2374151885,311.14815611374706,273,21:51
79.3%,3965000,15860.000001396109,-3530187.691965604,574796.8251541243,310.7845922226204,273,21:48
79.3%,3967500,15870.000001398146,-3529064.2666476406,575677.5654585904,311.2607961687784,273,21:45
79.4%,3970000,15880.000001400183,-3531138.860190863,574217.4895547172,310.47135357873344,273,21:42
79.5%,3972500,15890.00000140222,-3529275.649791483,575084.6335705356,310.9402062020619,273,21:39
79.5%,3975000,15900.000001404258,-3528717.520081358,573066.9873139143,309.84929313213433,273,21:36
79.5%,3977500,15910.000001406295,-3526296.4368072543,575671.4617992346,311.25749600565825,273,21:32
79.6%,3980000,15920.000001408333,-3525107.1122178715,576187.5881438933,311.53655829087023,273,21:29
79.7%,3982500,15930.00000141037,-3529565.3525531534,577916.2774879994,312.4712364055999,273,21:26
79.7%,3985000,15940.000001412407,-3527995.213663785,575056.2427931528,310.92485570639866,273,21:23
79.8%,3987500,15950.000001414444,-3530220.8058911655,576982.9592387751,311.9666043011665,273,21:20
79.8%,3990000,15960.000001416482,-3527952.2743634246,577322.060606774,312.1499516610748,273,21:17
79.8%,3992500,15970.000001418519,-3529848.9584252015,575782.0731093072,311.31730199168976,273,21:13
79.9%,3995000,15980.000001420556,-3526600.317098411,573434.7834650127,310.0481553593387,273,21:10
80.0%,3997500,15990.000001422593,-3529803.941495765,575468.2520839851,311.1476233589669,273,21:07
80.0%,4000000,16000.00000142463,-3529052.1650954913,574840.3297882974,310.80811456895145,273,21:04
80.0%,4002500,16010.000001426668,-3527450.0094431285,575047.4887420391,310.92012251357886,273,21:01
80.1%,4005000,16020.000001428705,-3523723.9524735045,575490.8582851405,311.15984621528816,273,20:58
80.2%,4007500,16030.000001430742,-3527863.105829036,575891.4240139031,311.3764264941345,273,20:55
80.2%,4010000,16040.00000143278,-3530926.2307182048,575021.1227090425,310.90586676884476,273,20:51
80.2%,4012500,16050.000001434817,-3524320.002880942,575740.4097703483,311.29477520789015,273,20:48
80.3%,4015000,16060.000001436854,-3530016.8151651435,576204.127394987,311.5455008322726,273,20:45
80.3%,4017500,16070.000001438892,-3528853.9139744714,574613.7884184313,310.6856268234137,273,20:42
80.4%,4020000,16080.000001440929,-3525709.4704081547,575763.45844125,311.30723730140556,273,20:39
80.5%,4022500,16090.000001442966,-3525550.2216406204,576720.5295318228,311.8247122344516,273,20:36
80.5%,4025000,16100.000001445003,-3530124.2481747903,577128.8089945031,312.04546322118154,273,20:32
80.5%,4027500,16110.00000144704,-3525517.945463091,572155.6024873701,309.35652012212427,273,20:29
80.6%,4030000,16120.000001449078,-3527408.295666322,576036.6666965205,311.4549571782218,273,20:26
80.7%,4032500,16130.000001451115,-3527167.363732714,575249.2111427188,311.02919099011507,273,20:23
80.7%,4035000,16140.000001453152,-3527421.870065635,574592.8683353993,310.67431562754444,273,20:20
80.8%,4037500,16150.00000145519,-3527920.4901575465,574222.1225976096,310.4738586001307,273,20:17
80.8%,4040000,16160.000001457227,-3524613.4404032715,575622.2683018097,311.2308977706504,273,20:13
80.8%,4042500,16170.000001459264,-3529005.641894143,576697.3782017876,311.81219463458064,273,20:10
80.9%,4045000,16180.000001461302,-3527330.5817184113,573954.3206729912,310.32906185057203,273,20:07
81.0%,4047500,16190.000001463339,-3531806.9303285982,576386.9062430281,311.644326795238,273,20:04
81.0%,4050000,16200.000001465376,-3526961.5225627534,572538.5880089784,309.56359502920697,273,20:01
81.0%,4052500,16210.000001467413,-3529253.707236184,575661.6446497312,311.2521880104299,273,19:58
81.1%,4055000,16220.00000146945,-3532838.555923363,574977.4861552906,310.8822730954452,273,19:54
81.2%,4057500,16230.000001471488,-3528797.84172754,577377.9706941089,312.1801814621682,273,19:51
81.2%,4060000,16240.000001473525,-3528848.804192262,575258.6376716947,311.0342877822956,273,19:48
81.2%,4062500,16250.000001475562,-3530212.612768924,575376.8376166285,311.09819683690307,273,19:45
81.3%,4065000,16260.0000014776,-3528901.647880381,573944.977204961,310.32400996828136,273,19:42
81.3%,4067500,16270.000001479637,-3528671.050025111,574672.6982492792,310.7174785438073,273,19:39
81.4%,4070000,16280.000001481674,-3530035.412398869,577088.043451505,312.0234218630825,273,19:36
81.5%,4072500,16290.000001483711,-3528319.768604677,574579.8079014546,310.6672540338471,273,19:32
81.5%,4075000,16300.000001485749,-3531266.049333021,575058.5654143458,310.92611151514495,273,19:29
81.5%,4077500,16310.000001487786,-3528592.2695059124,575350.5220959312,311.08396840346177,273,19:26
81.6%,4080000,16320.000001489823,-3529192.5502866264,577647.9639412474,312.3261630291198,273,19:23
81.7%,4082500,16330.00000149186,-3528949.5489716027,576269.18382502,311.5806759327506,273,19:20
81.7%,4085000,16340.000001493898,-3531076.3155681416,574968.0916302704,310.8771936073552,273,19:17
81.8%,4087500,16350.000001495935,-3527718.0733032003,575912.7112841689,311.3879362229979,273,19:13
81.8%,4090000,16360.000001497972,-3527951.8290667776,576854.7748406106,311.89729679254873,273,19:10
81.8%,4092500,16370.00000150001,-3529091.0906519275,574367.670563823,310.55255434678224,273,19:07
81.9%,4095000,16380.000001502047,-3529638.486819638,574077.1250399968,310.39546045169993,273,19:04
82.0%,4097500,16390.000001504082,-3530153.555030998,577385.9573499853,312.184499735132,273,19:01
82.0%,4100000,16400.00000150612,-3527190.996559074,573837.7171804444,310.2660159754088,273,18:58
82.0%,4102500,16410.000001508157,-3527311.070589127,574445.1914231222,310.5944687895762,273,18:54
82.1%,4105000,16420.000001510194,-3527058.4287660085,576110.555276382,311.4949076984008,273,18:51
82.2%,4107500,16430.00000151223,-3529603.6295315903,575258.6790991543,311.03431018154276,273,18:48
82.2%,4110000,16440.00000151427,-3529304.36116386,576890.8437911761,311.91679876890424,273,18:45
82.2%,4112500,16450.000001516306,-3529389.224097118,574632.980022508,310.6960034549225,273,18:42
82.3%,4115000,16460.000001518343,-3528730.861238569,574466.0578061879,310.60575095062586,273,18:39
82.3%,4117500,16470.00000152038,-3529287.496251922,576455.8856097,311.6816229726084,273,18:35
82.4%,4120000,16480.000001522418,-3527670.961965585,573256.943114772,309.95199957296063,273,18:32
82.5%,4122500,16490.000001524455,-3526354.520733349,575845.409999006,311.3515473607946,273,18:29
82.5%,4125000,16500.000001526492,-3527511.3200239427,576344.4459466679,311.62136910773444,273,18:26
82.5%,4127500,16510.00000152853,-3529188.386474574,577524.8495069222,312.2595967789353,273,18:23
82.6%,4130000,16520.000001530567,-3528538.6719571427,574816.04903369,310.79498630503406,273,18:20
82.7%,4132500,16530.000001532604,-3526708.2796006,576328.3779598125,311.61268137230485,273,18:16
82.7%,4135000,16540.00000153464,-3529328.561314296,574790.3626583796,310.7810980416909,273,18:13
82.8%,4137500,16550.00000153668,-3528827.3419836257,576299.148613864,311.59687747436385,273,18:10
82.8%,4140000,16560.000001538716,-3527937.9848240484,576547.628646425,311.7312271475274,273,18:07
82.8%,4142500,16570.000001540753,-3527906.362874951,574596.7522463672,310.67641560380304,273,18:04
82.9%,4145000,16580.00000154279,-3525253.3038985375,575102.1072201196,310.9496539596399,273,18:01
83.0%,4147500,16590.000001544828,-3528168.560925754,573215.7302034951,309.9297163290996,273,17:58
83.0%,4150000,16600.000001546865,-3525456.3022912815,575795.3643671559,311.3244883886389,273,17:54
83.0%,4152500,16610.000001548902,-3529177.2508450933,576189.4905518165,311.53758689618746,273,17:51
83.1%,4155000,16620.00000155094,-3532065.837031236,574040.8104303271,310.37582565090764,273,17:48
83.2%,4157500,16630.000001552977,-3525834.520373784,574518.3139569365,310.63400511938744,273,17:45
83.2%,4160000,16640.000001555014,-3526676.98162131,574502.4142959538,310.6254083953995,273,17:42
83.2%,4162500,16650.00000155705,-3530829.358779663,574644.5864635361,310.70227889501587,273,17:39
83.3%,4165000,16660.00000155909,-3527060.5330219697,577813.1740819797,312.4154898381271,273,17:35
83.3%,4167500,16670.000001561126,-3531641.4058216866,575710.0575804438,311.2783642039497,273,17:32
83.4%,4170000,16680.000001563163,-3527132.018425882,574978.2648669897,310.8826941339535,273,17:29
83.5%,4172500,16690.0000015652,-3527763.110840561,576996.0065653503,311.9736588078928,273,17:26
83.5%,4175000,16700.000001567238,-3527233.491710715,574980.4108710971,310.8838544483155,273,17:23
83.5%,4177500,16710.000001569275,-3527737.867366791,576089.2851377898,311.4834072323933,273,17:20
83.6%,4180000,16720.000001571312,-3529136.3651778754,574127.4163115141,310.42265223778304,273,17:16
83.7%,4182500,16730.00000157335,-3530854.148383543,575454.8091494273,311.1403549525457,273,17:13
83.7%,4185000,16740.000001575387,-3526996.8628028743,576710.9370768274,311.8195257283965,273,17:10
83.8%,4187500,16750.000001577424,-3526105.810462512,573475.5533870184,310.0701990851058,273,17:07
83.8%,4190000,16760.00000157946,-3529806.942558473,574908.2409865451,310.8448332026167,273,17:04
83.8%,4192500,16770.0000015815,-3523153.8412668165,576069.6120474974,311.47277026803175,273,17:01
83.9%,4195000,16780.000001583536,-3525596.1180293337,576929.5601939155,311.9377321855676,273,16:57
84.0%,4197500,16790.000001585573,-3528183.335563559,575735.1444047149,311.2919282984438,273,16:54
84.0%,4200000,16800.00000158761,-3528387.193399515,575209.8043855276,311.00788430846944,273,16:51
84.0%,4202500,16810.000001589648,-3527974.427422622,574055.6958463866,310.38387398687206,273,16:48
84.1%,4205000,16820.000001591685,-3525403.144997405,573899.5343671707,310.2994396624027,273,16:45
84.2%,4207500,16830.000001593722,-3529375.544347845,576062.4302968816,311.46888719606807,273,16:42
84.2%,4210000,16840.00000159576,-3527695.0339198913,576438.9614368543,311.6724723094065,273,16:38
84.2%,4212500,16850.000001597797,-3524986.442927623,577300.3025205259,312.13818736860446,273,16:35
84.3%,4215000,16860.000001599834,-3529116.807749752,576978.5235360747,311.964205978847,273,16:32
84.3%,4217500,16870.00000160187,-3528029.3395744637,576635.7951486532,311.7788975403403,273,16:29
84.4%,4220000,16880.00000160391,-3531157.295750929,575242.1438262034,311.0253697910666,273,16:26
84.5%,4222500,16890.000001605946,-3534775.96759131,576189.8375866169,311.5377745330431,273,16:23
84.5%,4225000,16900.000001607983,-3528048.6159504876,575219.440912782,311.0130946437777,273,16:20
84.5%,4227500,16910.00000161002,-3529614.1901259534,574218.6522528336,310.4719822333192,273,16:16
84.6%,4230000,16920.000001612058,-3527250.4182765223,575750.7874362911,311.30038626650617,273,16:13
84.7%,4232500,16930.000001614095,-3528314.2739636693,576094.5912964012,311.48627619803153,273,16:10
84.7%,4235000,16940.000001616132,-3529768.9157191534,576256.9711805744,311.5740727269605,273,16:07
84.8%,4237500,16950.00000161817,-3528557.666375378,574365.8242789595,310.5515560864174,273,16:04
84.8%,4240000,16960.000001620207,-3527736.650079349,576034.1698342259,311.45360715975244,273,16:01
84.8%,4242500,16970.000001622244,-3530995.3670358304,576356.4504210207,311.6278597588712,273,15:57
84.9%,4245000,16980.00000162428,-3528796.652825849,576314.5138330715,311.60518523316983,273,15:54
85.0%,4247500,16990.00000162632,-3528546.277309982,574566.8688751656,310.66025808356864,273,15:51
85.0%,4250000,17000.000001628356,-3529285.8989622965,574059.9100716291,310.38615255943233,273,15:48
85.0%,4252500,17010.000001630393,-3527619.799425505,576561.5686357857,311.7387643045184,273,15:45
85.1%,4255000,17020.00000163243,-3527544.8794960696,574125.6061291059,310.42167349751,273,15:42
85.2%,4257500,17030.000001634467,-3525735.474163104,576523.795873895,311.71834110124445,273,15:38
85.2%,4260000,17040.000001636505,-3530865.2659017555,576934.2599414341,311.94027327322186,273,15:35
85.2%,4262500,17050.000001638542,-3528404.038570311,575530.848804421,311.1814685289188,273,15:32
85.3%,4265000,17060.00000164058,-3530413.0165972337,575744.3559220395,311.2969088368361,273,15:29
85.3%,4267500,17070.000001642617,-3527604.1881423593,574312.8290893172,310.5229023296776,273,15:26
85.4%,4270000,17080.000001644654,-3531407.935899541,574989.2849519746,310.88865253954737,273,15:23
85.5%,4272500,17090.00000164669,-3528692.587274749,573538.0820917384,310.1040074799128,273,15:19
85.5%,4275000,17100.00000164873,-3527831.4963219333,576431.7718807685,311.66858501713443,273,15:16
85.5%,4277500,17110.000001650766,-3529034.90889756,576701.2002307726,311.814261152118,273,15:13
85.6%,4280000,17120.000001652803,-3529865.65595972,577219.875957929,312.0947018527374,273,15:10
85.7%,4282500,17130.00000165484,-3528857.593400808,575943.344383064,311.40449911049484,273,15:07
85.7%,4285000,17140.000001656877,-3528174.289751744,575985.9434053588,311.4275318051682,273,15:04
85.8%,4287500,17150.000001658915,-3532567.90713528,576326.6826764559,311.61176475633965,273,15:00
85.8%,4290000,17160.000001660952,-3527897.079342982,574508.925628993,310.62892898197003,273,14:57
85.8%,4292500,17170.00000166299,-3529798.058466047,574140.9573129683,310.4299736676015,273,14:54
85.9%,4295000,17180.000001665027,-3529140.987894103,574696.35015331,310.7302667970263,273,14:51
86.0%,4297500,17190.000001667064,-3534655.0307370164,575948.7791165371,311.4074375947598,273,14:48
86.0%,4300000,17200.0000016691,-3530066.1849549115,575332.0555785352,311.0739838161649,273,14:45
86.0%,4302500,17210.00000167114,-3528162.589681251,575758.9863078836,311.30481928153523,273,14:42
86.1%,4305000,17220.000001673176,-3529683.6927939206,576191.4603672664,311.53865194781014,273,14:38
86.2%,4307500,17230.000001675213,-3526828.407637628,576161.1551518345,311.52226634230914,273,14:35
86.2%,4310000,17240.00000167725,-3525940.4336452633,576132.7752021239,311.5069217010165,273,14:32
86.2%,4312500,17250.000001679287,-3524930.7544590496,574427.4789810702,310.5848919202556,273,14:29
86.3%,4315000,17260.000001681325,-3530155.705054557,572785.1599770384,309.69691303862095,273,14:26
86.3%,4317500,17270.000001683362,-3528789.702630548,575025.3358906021,310.9081447771003,273,14:23
86.4%,4320000,17280.0000016854,-3530497.4121068995,574311.4045981133,310.5221321272364,273,14:19
86.5%,4322500,17290.000001687436,-3531214.1562383603,576663.5972225489,311.7939297322741,273,14:16
86.5%,4325000,17300.000001689474,-3527879.5750446673,575651.8939212542,311.24691592812013,273,14:13
86.5%,4327500,17310.00000169151,-3530768.9926622044,574008.429211304,310.35831757934335,273,14:10
86.6%,4330000,17320.00000169355,-3531007.519370515,575535.150020503,311.18379413620744,273,14:07
86.7%,4332500,17330.000001695586,-3531085.4085530844,577353.9422612347,312.16718962507764,273,14:04
86.7%,4335000,17340.000001697623,-3526696.586338274,576187.1188355421,311.53630454241835,273,14:00
86.8%,4337500,17350.00000169966,-3528693.500961777,574274.4267971579,310.5021387482052,273,13:57
86.8%,4340000,17360.000001701697,-3530754.211599676,573308.3728715084,309.9798069220551,273,13:54
86.8%,4342500,17370.000001703735,-3531033.237074621,574528.3348823002,310.63942329336925,273,13:51
86.9%,4345000,17380.000001705772,-3528011.662109267,576330.7973523426,311.6139895039576,273,13:48
87.0%,4347500,17390.00000170781,-3530839.713874543,574687.2268196391,310.72533393830025,273,13:45
87.0%,4350000,17400.000001709846,-3530801.0213101655,574927.713171595,310.8553615403277,273,13:41
87.0%,4352500,17410.000001711884,-3531054.301057644,576038.8504677941,311.4561379127615,273,13:38
87.1%,4355000,17420.00000171392,-3530503.9442052115,573833.7486008457,310.26387022000733,273,13:35
87.2%,4357500,17430.00000171596,-3527465.3657690994,575229.6590411566,311.0186194426653,273,13:32
87.2%,4360000,17440.000001717995,-3531488.680379303,576024.9969622947,311.448647516383,273,13:29
87.2%,4362500,17450.000001720033,-3529101.6309456155,574218.0036316062,310.47163153290677,273,13:26
87.3%,4365000,17460.00000172207,-3529237.8033896834,575150.2452901434,310.97568153983525,273,13:22
87.3%,4367500,17470.000001724107,-3529309.484187437,576641.7485142371,311.7821164417232,273,13:19
87.4%,4370000,17480.000001726145,-3531461.5482251495,575756.7466829752,311.30360834771756,273,13:16
87.5%,4372500,17490.00000172818,-3527377.1796262115,576331.3085934813,311.6142659248804,273,13:13
87.5%,4375000,17500.00000173022,-3529174.487564603,574608.9260443237,310.6829978058406,273,13:10
87.5%,4377500,17510.000001732256,-3533222.733652029,573130.8595264701,309.88382794280966,273,13:07
87.6%,4380000,17520.000001734294,-3529367.2313336264,574647.158069825,310.7036693265159,273,13:03
87.7%,4382500,17530.00000173633,-3528449.9784268215,576504.8795759603,311.7081133239104,273,13:00
87.7%,4385000,17540.000001738368,-3529701.9509899635,575911.5123519863,311.3872879771601,273,12:57
87.8%,4387500,17550.000001740405,-3529662.584171826,575836.1006782607,311.3465139414626,273,12:54
87.8%,4390000,17560.000001742443,-3529396.8797759674,572142.4244807423,309.34939495852404,273,12:51
87.8%,4392500,17570.00000174448,-3531496.3685275987,573445.166722889,310.0537694414349,273,12:48
87.9%,4395000,17580.000001746517,-3529764.398854848,574978.5244299929,310.88283447603374,273,12:45
88.0%,4397500,17590.000001748554,-3527525.8287972324,574262.2410158722,310.4955500669495,273,12:41
88.0%,4400000,17600.00000175059,-3533038.285348464,576500.753305218,311.7058823071164,273,12:38
88.0%,4402500,17610.00000175263,-3530673.334990319,575191.6993937792,310.9980951930264,273,12:35
88.1%,4405000,17620.000001754666,-3530451.090927111,577022.9704223474,311.9882377876903,273,12:32
88.2%,4407500,17630.000001756704,-3530131.7527794503,575061.9360339153,310.9279339619341,273,12:29
88.2%,4410000,17640.00000175874,-3527656.6528420337,573376.7392792498,310.0167716811175,273,12:26
88.2%,4412500,17650.000001760778,-3529544.9522587545,574299.4893152133,310.5156897006689,273,12:22
88.3%,4415000,17660.000001762815,-3530362.7030909676,575624.2992203899,311.2319958598799,273,12:19
88.3%,4417500,17670.000001764853,-3528863.5912461225,574419.2816775667,310.58045975307033,273,12:16
88.4%,4420000,17680.00000176689,-3527786.9077546857,576316.3868197822,311.60619793084953,273,12:13
88.5%,4422500,17690.000001768927,-3528894.2103462517,577562.4903601608,312.27994866104865,273,12:10
88.5%,4425000,17700.000001770964,-3532024.627996454,574950.6405931455,310.86775807601725,273,12:07
88.5%,4427500,17710.000001773,-3531212.5191184096,575687.9674439398,311.266420376557,273,12:03
88.6%,4430000,17720.00000177504,-3528076.8683958687,576199.2442760683,311.5428605982707,273,12:00
88.7%,4432500,17730.000001777076,-3528254.484964667,575163.5158382442,310.9828567393137,273,11:57
88.7%,4435000,17740.000001779114,-3533774.0412981994,575917.0979970011,311.3903080571819,273,11:54
88.8%,4437500,17750.00000178115,-3528125.432240622,572052.8607875246,309.30096912411346,273,11:51
88.8%,4440000,17760.000001783188,-3528314.216302866,575706.9125082279,311.2766637074554,273,11:48
88.8%,4442500,17770.000001785225,-3528742.904900275,575280.4359988286,311.04607383244934,273,11:44
88.9%,4445000,17780.000001787263,-3530510.074172342,575157.5817508643,310.9796482613857,273,11:41
89.0%,4447500,17790.0000017893,-3528319.7281792816,575235.6982814571,311.02188477530456,273,11:38
89.0%,4450000,17800.000001791337,-3527080.027807681,576646.0101608601,311.7844206543597,273,11:35
89.0%,4452500,17810.000001793374,-3528800.3487256933,574211.1959525237,310.4679507161815,273,11:32
89.1%,4455000,17820.00000179541,-3528109.7329982724,574093.0150231931,310.4040519430443,273,11:29
89.2%,4457500,17830.00000179745,-3527006.1038181633,575027.724032843,310.9094360121594,273,11:25
89.2%,4460000,17840.000001799486,-3530798.7570455726,575895.3313755519,311.3785391498478,273,11:22
89.2%,4462500,17850.000001801523,-3527779.8249787,576135.164436162,311.5082135263951,273,11:19
89.3%,4465000,17860.00000180356,-3527876.0305371545,574815.6332089416,310.794761474417,273,11:16
89.3%,4467500,17870.000001805598,-3526904.5397890806,575942.5137099434,311.4040499771737,273,11:13
89.4%,4470000,17880.000001807635,-3527843.530546522,575933.6497529373,311.3992573597773,273,11:10
89.5%,4472500,17890.000001809673,-3529670.2502808813,575399.0589315913,311.11021159065115,273,11:07
89.5%,4475000,17900.00000181171,-3529351.5235015955,576558.8269327024,311.7372819040641,273,11:03
89.5%,4477500,17910.000001813747,-3526276.003938794,574525.8007212887,310.6380531080061,273,11:00
89.6%,4480000,17920.000001815784,-3528841.966480203,572626.1721650739,309.6109505556227,273,10:57
89.7%,4482500,17930.00000181782,-3527117.787315,575556.5707687319,311.19537603473594,273,10:54
89.7%,4485000,17940.00000181986,-3529242.577587109,576821.4552588107,311.8792813613745,273,10:51
89.8%,4487500,17950.000001821896,-3524704.6606914327,575109.6980930783,310.9537582383238,273,10:48
89.8%,4490000,17960.000001823933,-3530643.554705521,574952.3084985835,310.8686598891253,273,10:44
89.8%,4492500,17970.00000182597,-3525041.194727488,576817.9500862063,311.8773861636441,273,10:41
89.9%,4495000,17980.000001828008,-3528380.6594083756,576071.1386131364,311.47359566069025,273,10:38
90.0%,4497500,17990.000001830045,-3531453.6428057514,573766.7135937652,310.2276253306335,273,10:35
90.0%,4500000,18000.000001832082,-3528955.244698748,576875.8617475788,311.90869818778367,273,10:32
90.0%,4502500,18010.00000183412,-3529368.71769722,576752.9150041414,311.8422226057133,273,10:29
90.1%,4505000,18020.000001836157,-3529037.7749701813,575681.3047516756,311.2628179521736,273,10:25
90.2%,4507500,18030.000001838194,-3526082.421522919,576149.9862693837,311.5162274840097,273,10:22
90.2%,4510000,18040.00000184023,-3529611.5662527066,574414.531838563,310.57789158165167,273,10:19
90.2%,4512500,18050.00000184227,-3528404.5705193244,576100.5888453803,311.4895189887573,273,10:16
90.3%,4515000,18060.000001844306,-3523914.427993631,575287.7500225584,311.05002842263303,273,10:13
90.3%,4517500,18070.000001846343,-3529035.5332274623,576088.6063803143,311.48304023773363,273,10:10
90.4%,4520000,18080.00000184838,-3527643.2963136993,575530.0952305552,311.18106108208474,273,10:06
90.5%,4522500,18090.000001850418,-3530938.7704886124,576323.9748990746,311.6103006990373,273,10:03
90.5%,4525000,18100.000001852455,-3530929.289312929,574672.6274432777,310.71744025999413,273,10:00
90.5%,4527500,18110.000001854492,-3529778.687325118,578228.0101792621,312.63978590534805,273,9:57
90.6%,4530000,18120.00000185653,-3533099.5688290056,573689.8570985899,310.18607010021566,273,9:54
90.7%,4532500,18130.000001858567,-3530937.4767001756,576627.3772595196,311.77434610559465,273,9:51
90.7%,4535000,18140.000001860604,-3525730.025501566,574165.2084467371,310.44308591594637,273,9:48
90.8%,4537500,18150.00000186264,-3529219.249301942,573808.1596679109,310.2500346423919,273,9:44
90.8%,4540000,18160.00000186468,-3528431.9240851086,576577.8114346089,311.7475465583303,273,9:41
90.8%,4542500,18170.000001866716,-3532219.831531916,576181.3515054598,311.5331862278254,273,9:38
90.9%,4545000,18180.000001868753,-3531600.8175713643,576555.7322007744,311.7356086258583,273,9:35
91.0%,4547500,18190.00000187079,-3530345.6807215456,576539.0978014516,311.72661463914125,273,9:32
91.0%,4550000,18200.000001872828,-3530708.66014765,575716.7947297378,311.2820068862062,273,9:29
91.0%,4552500,18210.000001874865,-3529070.84398723,573257.0211484157,309.9520417646589,273,9:25
91.1%,4555000,18220.000001876902,-3524858.819939075,576981.9030169928,311.9660332168433,273,9:22
91.2%,4557500,18230.00000187894,-3528092.2743356396,576081.7267482057,311.479320517015,273,9:19
91.2%,4560000,18240.000001880977,-3531739.270791393,574026.9501356708,310.3683315837272,273,9:16
91.2%,4562500,18250.000001883014,-3530541.421264898,578716.6810934347,312.9040034238624,273,9:13
91.3%,4565000,18260.00000188505,-3529991.8776246216,574665.2883335997,310.7134721061896,273,9:10
91.3%,4567500,18270.00000188709,-3526738.222375365,574389.5545492675,310.5643867111847,273,9:06
91.4%,4570000,18280.000001889126,-3530607.7206523567,574056.2580774925,310.3841779773558,273,9:03
91.5%,4572500,18290.000001891163,-3525217.5980247688,574353.2222352957,310.5447423379242,273,9:00
91.5%,4575000,18300.0000018932,-3529470.623024864,576022.4140100859,311.4472509503029,273,8:57
91.5%,4577500,18310.000001895238,-3529280.467933258,575342.3740608697,311.07956287503293,273,8:54
91.6%,4580000,18320.000001897275,-3529573.687393436,572821.2612095535,309.71643246937447,273,8:51
91.7%,4582500,18330.000001899312,-3526770.837878084,577502.7695842747,312.2476584740317,273,8:47
91.7%,4585000,18340.00000190135,-3526101.299805239,575001.607059115,310.8953149302833,273,8:44
91.8%,4587500,18350.000001903387,-3529331.813742444,576764.4365622276,311.8484521507889,273,8:41
91.8%,4590000,18360.000001905424,-3525539.2307299543,575710.5707634891,311.2786416748342,273,8:38
91.8%,4592500,18370.00000190746,-3528382.047346348,577420.7295737411,312.20330058946473,273,8:35
91.9%,4595000,18380.0000019095,-3528241.6140038297,575743.019502623,311.29618625357676,273,8:32
92.0%,4597500,18390.000001911536,-3528743.704894066,574012.1268755089,310.36031685458596,273,8:28
92.0%,4600000,18400.000001913573,-3528867.965143308,576762.7929416042,311.84756346813987,273,8:25
92.0%,4602500,18410.00000191561,-3527640.3442068547,576999.017009987,311.97528651314076,273,8:22
92.1%,4605000,18420.000001917648,-3527893.7536361404,577021.8605461046,311.9876376931518,273,8:19
92.2%,4607500,18430.000001919685,-3527778.8329851422,575711.7654602388,311.2792876306327,273,8:16
92.2%,4610000,18440.000001921722,-3529105.966291737,574323.075195626,310.5284422558423,273,8:13
92.2%,4612500,18450.00000192376,-3528928.0527156126,576098.3453809512,311.4883059789645,273,8:10
92.3%,4615000,18460.000001925797,-3528999.128278341,575979.5129872388,311.4240549681611,273,8:06
92.3%,4617500,18470.000001927834,-3528176.6407680735,574298.4499117977,310.5151277098009,273,8:03
92.4%,4620000,18480.00000192987,-3529398.381573662,575578.2162492219,311.2070794428502,273,8:00
92.5%,4622500,18490.00000193191,-3529391.1253823005,573227.5683302733,309.93611703843277,273,7:57
92.5%,4625000,18500.000001933946,-3524630.2157297377,576709.6301704581,311.8188191024284,273,7:54
92.5%,4627500,18510.000001935983,-3531014.3422927335,573428.557815677,310.04478923794517,273,7:51
92.6%,4630000,18520.00000193802,-3527270.064349413,574386.8250576486,310.56291091329814,273,7:47
92.7%,4632500,18530.000001940058,-3528221.016901687,574107.9569837584,310.41213085183097,273,7:44
92.7%,4635000,18540.000001942095,-3526810.1630808767,575589.3266576133,311.21308668504474,273,7:41
92.8%,4637500,18550.000001944132,-3526926.701562172,576756.0858984089,311.8439370638293,273,7:38
92.8%,4640000,18560.00000194617,-3531013.229909433,574975.6942500927,310.8813042374038,273,7:35
92.8%,4642500,18570.000001948207,-3527380.883822415,577592.2296885136,312.29602829933236,273,7:32
92.9%,4645000,18580.000001950244,-3528796.944672875,575269.6102728089,311.04022051402563,273,7:28
93.0%,4647500,18590.00000195228,-3525286.7535192166,577298.1703120512,312.1370345133478,273,7:25
93.0%,4650000,18600.00000195432,-3530467.574089261,574578.462477938,310.6665265821969,273,7:22
93.0%,4652500,18610.000001956356,-3528866.0516927447,573419.234304178,310.03974814587144,273,7:19
93.1%,4655000,18620.000001958393,-3529017.190574456,576019.481894128,311.44566559627447,273,7:16
93.2%,4657500,18630.00000196043,-3529866.5280614626,575325.0408798982,311.0701910668663,273,7:13
93.2%,4660000,18640.000001962468,-3527200.7631916795,575708.8304740905,311.2777007247325,273,7:09
93.2%,4662500,18650.000001964505,-3528646.0588488895,577244.0929868596,312.1077956610741,273,7:06
93.3%,4665000,18660.000001966542,-3529488.761071302,576011.1026197604,311.4411350399918,273,7:03
93.3%,4667500,18670.00000196858,-3529683.975736007,576678.2541103581,311.8018545062145,273,7:00
93.4%,4670000,18680.000001970617,-3530349.8854433354,573203.1007463937,309.9228877585448,273,6:57
93.5%,4672500,18690.000001972654,-3528825.8691878114,576708.0439133167,311.81796143541055,273,6:54
93.5%,4675000,18700.00000197469,-3528532.871866856,574472.662615189,310.60932207833963,273,6:50
93.5%,4677500,18710.00000197673,-3526597.989995228,573832.2864831415,310.26307967344445,273,6:47
93.6%,4680000,18720.000001978766,-3526111.9405425563,576156.6730389125,311.5198429266328,273,6:44
93.7%,4682500,18730.000001980803,-3528945.6628562603,575105.4945245079,310.95148542767686,273,6:41
93.7%,4685000,18740.00000198284,-3525696.185034249,574731.8714559857,310.74947266783863,273,6:38
93.8%,4687500,18750.000001984878,-3525163.6217520107,572887.6908858791,309.752350064888,273,6:35
93.8%,4690000,18760.000001986915,-3526504.711588567,577850.7709963223,312.4358179630948,273,6:32
93.8%,4692500,18770.000001988952,-3525822.382738853,574099.7279796309,310.4076815445623,273,6:28
93.9%,4695000,18780.00000199099,-3530655.8615637943,574460.9500164601,310.60298924026455,273,6:25
94.0%,4697500,18790.000001993027,-3530111.850433428,574868.9156271361,310.8235705316117,273,6:22
94.0%,4700000,18800.000001995064,-3529606.4568830933,577400.5555912685,312.1923927997173,273,6:19
94.0%,4702500,18810.0000019971,-3528287.8990725353,576601.0870872147,311.7601313776739,273,6:16
94.1%,4705000,18820.00000199914,-3527696.204377385,574973.4551250418,310.88009357385204,273,6:13
94.2%,4707500,18830.000002001176,-3525878.4022629783,573872.9314580711,310.28505584207767,273,6:09
94.2%,4710000,18840.000002003213,-3533526.3127824124,576698.1973512194,311.8126375372047,273,6:06
94.2%,4712500,18850.00000200525,-3531705.939705532,575405.8747775999,311.1138968231189,273,6:03
94.3%,4715000,18860.000002007288,-3529780.914139822,575124.23994371,310.9616208132737,273,6:00
94.3%,4717500,18870.000002009325,-3529128.7908063903,577818.2988444878,312.418260725433,273,5:57
94.4%,4720000,18880.000002011362,-3526620.8135909084,574810.9332791505,310.7922202882105,273,5:54
94.5%,4722500,18890.0000020134,-3532138.6169253215,576691.5503530791,311.8090435984143,273,5:50
94.5%,4725000,18900.000002015437,-3530883.3826178163,574814.7891472146,310.7943051020639,273,5:47
94.5%,4727500,18910.000002017474,-3531016.122562539,574892.0219851723,310.8360638157528,273,5:44
94.6%,4730000,18920.00000201951,-3527715.9164569993,574163.8287714175,310.4423399448261,273,5:41
94.7%,4732500,18930.00000202155,-3527550.731813796,575880.1604335266,311.37033643399303,273,5:38
94.7%,4735000,18940.000002023586,-3527059.8181722686,574048.2366457236,310.3798409015541,273,5:35
94.8%,4737500,18950.000002025623,-3529367.1114189457,574661.6962184962,310.7115298998676,273,5:31
94.8%,4740000,18960.00000202766,-3530707.7778259832,575334.0519428062,311.07506322236327,273,5:28
94.8%,4742500,18970.000002029697,-3529024.4571680147,576372.0420521807,311.63628993544853,273,5:25
94.9%,4745000,18980.000002031735,-3526785.8411274888,575238.2990406617,311.0232909693778,273,5:22
95.0%,4747500,18990.000002033772,-3526707.093025962,575190.7654595536,310.99759022787214,273,5:19
95.0%,4750000,19000.00000203581,-3530955.7338386998,575116.9846346952,310.957697969314,273,5:16
95.0%,4752500,19010.000002037847,-3527919.233842682,572181.9336206431,309.3707569970667,273,5:12
95.1%,4755000,19020.000002039884,-3529304.664300503,575510.0424559314,311.1702188277235,273,5:09
95.2%,4757500,19030.00000204192,-3529079.8207117394,576442.5320817527,311.67440290708925,273,5:06
95.2%,4760000,19040.00000204396,-3530167.1806108076,576278.6953499744,311.5858186810662,273,5:03
95.2%,4762500,19050.000002045996,-3528471.5193967354,577035.3993476683,311.9949579335202,273,5:00
95.3%,4765000,19060.000002048033,-3524889.5683283415,574626.090364595,310.6922783133919,273,4:57
95.3%,4767500,19070.00000205007,-3530652.8561298624,573099.2439688653,309.86673385364963,273,4:54
95.4%,4770000,19080.000002052107,-3525177.962259695,574845.4588778818,310.81088779584695,273,4:50
95.5%,4772500,19090.000002054145,-3525602.27042431,575643.3478306688,311.2422951766451,273,4:47
95.5%,4775000,19100.000002056182,-3529330.014842052,574080.8132748568,310.3974546286278,273,4:44
95.5%,4777500,19110.00000205822,-3527451.8440386932,575975.905658064,311.42210453580384,273,4:41
95.6%,4780000,19120.000002060257,-3530169.491227748,574191.2154578583,310.45714754258125,273,4:38
95.7%,4782500,19130.000002062294,-3528325.841578109,574971.0414301157,310.8787885228139,273,4:35
95.7%,4785000,19140.00000206433,-3527415.1612307616,574681.0324850273,310.72198474833937,273,4:31
95.8%,4787500,19150.00000206637,-3529143.7719853353,576936.6043815622,311.9415408791607,273,4:28
95.8%,4790000,19160.000002068406,-3529492.461323511,574020.8892953098,310.36505457223774,273,4:25
95.8%,4792500,19170.000002070443,-3529395.523517158,574544.7208953712,310.64828298111894,273,4:22
95.9%,4795000,19180.00000207248,-3529423.1362088807,574028.5929326232,310.36921982102876,273,4:19
96.0%,4797500,19190.000002074517,-3529495.6867684983,575907.1561792796,311.3849326555942,273,4:16
96.0%,4800000,19200.000002076555,-3527676.9225753266,574334.5927587773,310.5346696409125,273,4:12
96.0%,4802500,19210.000002078592,-3526162.814467022,577539.9058029939,312.2677375073288,273,4:09
96.1%,4805000,19220.00000208063,-3527426.1899915095,574406.9838598031,310.5738104952601,273,4:06
96.2%,4807500,19230.000002082666,-3530660.3799923267,576826.4640326211,311.8819895352163,273,4:03
96.2%,4810000,19240.000002084704,-3527431.184031563,577142.0500692709,312.05262248484166,273,4:00
96.2%,4812500,19250.00000208674,-3528323.0490773153,575267.2041346126,311.0389195488055,273,3:57
96.3%,4815000,19260.00000208878,-3527678.222950874,573535.0764592127,310.10238237650583,273,3:53
96.3%,4817500,19270.000002090816,-3526974.2780975755,575975.3899175036,311.4218256821068,273,3:50
96.4%,4820000,19280.000002092853,-3529391.8489537593,575673.2629408482,311.25846985770033,273,3:47
96.5%,4822500,19290.00000209489,-3526382.271295592,577061.1578286595,312.00888518339497,273,3:44
96.5%,4825000,19300.000002096927,-3528590.683940828,573692.7005021265,310.18760748868056,273,3:41
96.5%,4827500,19310.000002098965,-3527504.7467356995,575253.1808812915,311.0313373721575,273,3:38
96.6%,4830000,19320.000002101002,-3529609.9566061646,575056.1979197129,310.9248314439583,273,3:34
96.7%,4832500,19330.00000210304,-3529136.314005142,576318.033937915,311.60708850455285,273,3:31
96.7%,4835000,19340.000002105076,-3527292.6231521294,575435.8723144298,311.1301160711095,273,3:28
96.8%,4837500,19350.000002107114,-3529226.5139953494,575503.1499016313,311.16649212015693,273,3:25
96.8%,4840000,19360.00000210915,-3531601.684196323,576306.0738543946,311.60062185491745,273,3:22
96.8%,4842500,19370.00000211119,-3526271.967572307,574706.5020271208,310.73575577299914,273,3:19
96.9%,4845000,19380.000002113225,-3528336.0999954287,577033.4878620745,311.9939244200337,273,3:16
97.0%,4847500,19390.000002115263,-3529469.3231547996,575940.405080938,311.40290987100593,273,3:12
97.0%,4850000,19400.0000021173,-3527374.6785080265,576417.7414754559,311.66099897350483,273,3:09
97.0%,4852500,19410.000002119337,-3528672.4694878124,576351.5645007677,311.6252180102271,273,3:06
97.1%,4855000,19420.000002121375,-3526730.482970573,576577.5859570497,311.74742464577236,273,3:03
97.2%,4857500,19430.000002123412,-3532083.454449665,577526.5328385544,312.26050693277045,273,3:00
97.2%,4860000,19440.00000212545,-3528333.301200591,575170.4290109228,310.9865945949487,273,2:57
97.2%,4862500,19450.000002127486,-3527374.960511565,576976.2342327714,311.96296818461707,273,2:53
97.3%,4865000,19460.000002129524,-3526302.843822727,574557.5620567172,310.6552260171935,273,2:50
97.3%,4867500,19470.00000213156,-3528772.967889646,578103.4324842873,312.572428490626,273,2:47
97.4%,4870000,19480.000002133598,-3527620.3593510035,576160.8937891183,311.52212502714934,273,2:44
97.5%,4872500,19490.000002135635,-3527162.562692914,575498.7367387688,311.164105984812,273,2:41
97.5%,4875000,19500.000002137673,-3533681.5492231958,571001.2620290236,308.73238440506094,273,2:38
97.5%,4877500,19510.00000213971,-3529030.052039562,576234.4644034633,311.5619036278273,273,2:34
97.6%,4880000,19520.000002141747,-3528763.9218774233,576507.4405933819,311.7094980301582,273,2:31
97.7%,4882500,19530.000002143785,-3531537.7729593534,574141.5480492237,310.4302930704204,273,2:28
97.7%,4885000,19540.00000214582,-3533065.84741088,575308.9871640734,311.061511047583,273,2:25
97.8%,4887500,19550.00000214786,-3530658.445773417,575625.4353799305,311.2326101654294,273,2:22
97.8%,4890000,19560.000002149896,-3532875.2782894056,576434.8571097455,311.67025315722776,273,2:19
97.8%,4892500,19570.000002151934,-3528895.386200022,575732.1317159331,311.29029937981795,273,2:15
97.9%,4895000,19580.00000215397,-3528047.5141880848,577606.2046892117,312.30358438646294,273,2:12
98.0%,4897500,19590.000002156008,-3529855.761902567,575359.4825245808,311.08881318172445,273,2:09
98.0%,4900000,19600.000002158045,-3527318.001316171,576317.2652979686,311.6066729117001,273,2:06
98.0%,4902500,19610.000002160083,-3527734.2163385227,573323.161311258,309.98780282428714,273,2:03
98.1%,4905000,19620.00000216212,-3531540.3071233965,573405.93086208,310.0325551610693,273,2:00
98.2%,4907500,19630.000002164157,-3527786.5650231224,577770.7211109337,312.39253611131824,273,1:56
98.2%,4910000,19640.000002166194,-3530252.330755612,573460.0258650171,310.0618035714526,273,1:53
98.2%,4912500,19650.00000216823,-3532910.880601933,574313.0680024438,310.5230315066587,273,1:50
98.3%,4915000,19660.00000217027,-3529881.2620426584,573170.9636577197,309.90551168484063,273,1:47
98.3%,4917500,19670.000002172306,-3528116.2563302442,574838.1086636207,310.8069136379499,273,1:44
98.4%,4920000,19680.000002174344,-3529618.31001354,573805.1223100934,310.248392385564,273,1:41
98.5%,4922500,19690.00000217638,-3526978.723570211,574169.7783678165,310.4455568082634,273,1:38
98.5%,4925000,19700.000002178418,-3524439.325958848,575789.0410020757,311.32106943371093,273,1:34
98.5%,4927500,19710.000002180455,-3528955.4198259674,575162.4053466624,310.98225631207,273,1:31
98.6%,4930000,19720.000002182493,-3530510.134713711,575844.0326673309,311.35080265685014,273,1:28
98.7%,4932500,19730.00000218453,-3533070.4123972263,574319.7539014968,310.52664647862775,273,1:25
98.7%,4935000,19740.000002186567,-3524966.817112943,576547.420137719,311.73111440979073,273,1:22
98.8%,4937500,19750.000002188604,-3526316.5245804805,575639.4606879449,311.2401934530212,273,1:19
98.8%,4940000,19760.00000219064,-3530989.6823545564,575753.9190639383,311.30207949371055,273,1:15
98.8%,4942500,19770.00000219268,-3529625.6770357303,576451.0520979593,311.6790095605129,273,1:12
98.9%,4945000,19780.000002194716,-3529505.407442091,576065.0722953314,311.4703156876236,273,1:09
99.0%,4947500,19790.000002196753,-3527539.3788563777,574111.990567171,310.4143117538841,273,1:06
99.0%,4950000,19800.00000219879,-3533445.096095059,577167.8286425925,312.0665605983581,273,1:03
99.0%,4952500,19810.000002200828,-3530500.95333134,574482.9932232397,310.61490769341253,273,1:00
99.1%,4955000,19820.000002202865,-3530149.2513990365,576700.3982740911,311.8138275453732,273,0:56
99.2%,4957500,19830.000002204903,-3532560.9407935888,576579.0131413458,311.74819630433075,273,0:53
99.2%,4960000,19840.00000220694,-3527593.4922940917,576278.5971350535,311.5857655776341,273,0:50
99.2%,4962500,19850.000002208977,-3525320.504182268,573779.4805083293,310.23452822251306,273,0:47
99.3%,4965000,19860.000002211014,-3526174.4052742906,574122.3284056727,310.4199012783605,273,0:44
99.3%,4967500,19870.00000221305,-3526966.087058643,575007.8506930531,310.8986907756995,273,0:41
99.4%,4970000,19880.00000221509,-3529008.787381852,575316.0374486583,311.06532303770524,273,0:37
99.5%,4972500,19890.000002217126,-3527596.865892481,575671.0163350815,311.2572551494303,273,0:34
99.5%,4975000,19900.000002219163,-3528462.6496619657,575589.3837521067,311.21311755523755,273,0:31
99.5%,4977500,19910.0000022212,-3528512.791653542,575041.6492937666,310.9169652056907,273,0:28
99.6%,4980000,19920.000002223238,-3529227.8907269016,575635.4193406452,311.23800835314313,273,0:25
99.7%,4982500,19930.000002225275,-3528133.3093230966,577986.4347031112,312.50916942912363,273,0:22
99.7%,4985000,19940.000002227313,-3526184.993074145,576621.0388212155,311.7709190007856,273,0:18
99.8%,4987500,19950.00000222935,-3528383.5798315257,576168.1831186928,311.52606626554916,273,0:15
99.8%,4990000,19960.000002231387,-3527872.0628090147,576525.2656973524,311.7191358142001,273,0:12
99.8%,4992500,19970.000002233424,-3526486.11014905,575666.7978050124,311.2549742493106,273,0:09
99.9%,4995000,19980.00000223546,-3528193.018542409,577805.3793677923,312.4112753453459,273,0:06
100.0%,4997500,19990.0000022375,-3530100.119115576,575718.3577674548,311.28285199880645,273,0:03
100.0%,5000000,20000.000002239536,-3528403.228785401,575743.1202378816,311.29624071972006,273,0:00
100.0%,5002500,20010.000002241573,-3527683.3724301215,575992.1969728884,311.4309130215381,273,23:59:57
100.1%,5005000,20020.00000224361,-3530279.7170158327,574552.7951260653,310.6526486045601,273,23:59:54
100.2%,5007500,20030.000002245648,-3530187.625571206,575153.36542222,310.97736855154557,273,23:59:51
100.2%,5010000,20040.000002247685,-3530891.9264255,574477.3980418915,310.61188245722894,273,23:59:48
100.2%,5012500,20050.000002249722,-3526430.174465757,576370.6334265984,311.6355283113267,273,23:59:45
100.3%,5015000,20060.00000225176,-3526129.566064736,575388.9622626918,311.1047524632005,273,23:59:42
100.3%,5017500,20070.000002253797,-3529584.6503476277,575821.7595716863,311.3387599060127,273,23:59:38
100.4%,5020000,20080.000002255834,-3528788.051937273,574813.6465361391,310.79368730825985,273,23:59:35
100.5%,5022500,20090.00000225787,-3528574.0929541904,574572.9039878566,310.6635211844673,273,23:59:32
100.5%,5025000,20100.00000225991,-3529170.899312323,579017.7316366755,313.0667772357992,273,23:59:29
100.5%,5027500,20110.000002261946,-3528452.1075339317,574320.2033105916,310.5268894678305,273,23:59:26
100.6%,5030000,20120.000002263983,-3527958.2090837676,576128.5617865198,311.50464356621643,273,23:59:23
100.7%,5032500,20130.00000226602,-3529220.7181838956,576805.6400300862,311.87073028872595,273,23:59:19
100.7%,5035000,20140.000002268058,-3531247.904691266,577783.3797637073,312.3993804675641,273,23:59:16
100.8%,5037500,20150.000002270095,-3525970.280508928,576015.2424757902,311.44337340216043,273,23:59:13
100.8%,5040000,20160.000002272132,-3526173.9010557607,575219.131145244,311.0129271568088,273,23:59:10
100.8%,5042500,20170.00000227417,-3527332.68455269,575270.5826331783,311.0407462556576,273,23:59:07
100.9%,5045000,20180.000002276207,-3526628.8689970244,577936.6886483706,312.48227243411486,273,23:59:04
101.0%,5047500,20190.000002278244,-3528889.866193963,573611.4857172106,310.1436957920463,273,23:59:00
101.0%,5050000,20200.00000228028,-3533651.091515992,576034.5415966735,311.45380816650066,273,23:58:57
101.0%,5052500,20210.00000228232,-3527856.0264804196,575096.2674980471,310.9464965037118,273,23:58:54
101.1%,5055000,20220.000002284356,-3529620.664617941,575514.4276121891,311.17258982028943,273,23:58:51
101.2%,5057500,20230.000002286393,-3527617.9612131603,576813.8752202195,311.8751829406813,273,23:58:48
101.2%,5060000,20240.00000228843,-3528324.592576418,577260.5582551602,312.11669820101633,273,23:58:45
101.2%,5062500,20250.000002290468,-3528199.7225033008,578014.0458155707,312.5240983708837,273,23:58:41
101.3%,5065000,20260.000002292505,-3527786.6543095633,575877.0492324905,311.3686542511712,273,23:58:38
101.3%,5067500,20270.000002294542,-3528635.8251829073,574616.4766867084,310.68708033241677,273,23:58:35
101.4%,5070000,20280.00000229658,-3531837.2190282494,574596.0732092655,310.6760484579534,273,23:58:32
101.5%,5072500,20290.000002298617,-3530143.7749485187,574591.634896983,310.6736487246694,273,23:58:29
101.5%,5075000,20300.000002300654,-3527584.4878594764,575170.4214666765,310.9865905158804,273,23:58:26
101.5%,5077500,20310.00000230269,-3530182.0521020703,575214.2790925966,311.01030371990475,273,23:58:22
101.6%,5080000,20320.00000230473,-3529023.6974730417,577489.5300222388,312.24050002828454,273,23:58:19
101.7%,5082500,20330.000002306766,-3527964.604727879,575592.3849487035,311.2147402601999,273,23:58:16
101.7%,5085000,20340.000002308803,-3528659.9612538833,575842.9019305999,311.3501912833378,273,23:58:13
101.8%,5087500,20350.00000231084,-3530763.4600547645,575365.7884566169,311.0922227108496,273,23:58:10
101.8%,5090000,20360.000002312878,-3526290.8152911067,572600.7820192073,309.5972224593906,273,23:58:07
101.8%,5092500,20370.000002314915,-3527790.484545592,575935.821454167,311.4004315682133,273,23:58:04
101.9%,5095000,20380.000002316952,-3530026.952476872,576604.5357802712,311.7619960377039,273,23:58:00
102.0%,5097500,20390.00000231899,-3529434.871075781,575756.3016093272,311.30336770263017,273,23:57:57
102.0%,5100000,20400.000002321027,-3528506.9746207874,576491.3781135094,311.70081327227723,273,23:57:54
102.0%,5102500,20410.000002323064,-3528937.675555937,578382.0837389692,312.72309132098417,273,23:57:51
102.1%,5105000,20420.0000023251,-3527488.750898909,576080.448537041,311.4786294061421,273,23:57:48
102.2%,5107500,20430.00000232714,-3530596.487427626,575725.2585202007,311.2865831391578,273,23:57:45
102.2%,5110000,20440.000002329176,-3529301.4560843706,576558.2432639819,311.73696632256224,273,23:57:41
102.2%,5112500,20450.000002331213,-3528005.321294602,575281.5845714794,311.04669484959356,273,23:57:38
102.3%,5115000,20460.00000233325,-3531064.7548000272,576371.5543775931,311.63602625662986,273,23:57:35
102.3%,5117500,20470.000002335288,-3526992.7790068984,576255.504253977,311.5732795802964,273,23:57:32
102.4%,5120000,20480.000002337325,-3530056.4946240485,574284.9104318884,310.50780710266054,273,23:57:29
102.5%,5122500,20490.000002339362,-3527185.024615934,575789.6615057855,311.3214049313755,273,23:57:26
102.5%,5125000,20500.0000023414,-3530453.080625085,577367.0943495845,312.17430077502803,273,23:57:22
102.5%,5127500,20510.000002343437,-3526719.6646458656,578403.1511866562,312.73448219485834,273,23:57:19
102.6%,5130000,20520.000002345474,-3526461.1654507723,574287.2833969592,310.5090901316363,273,23:57:16
102.7%,5132500,20530.00000234751,-3526045.7107706983,575179.2309613952,310.99135368628083,273,23:57:13
102.7%,5135000,20540.00000234955,-3528747.1625639517,574777.6402421058,310.7742192094137,273,23:57:10
102.8%,5137500,20550.000002351586,-3529435.9341389947,576207.2383324336,311.5471828725752,273,23:57:07
102.8%,5140000,20560.000002353623,-3529961.140317863,576035.8787056397,311.45453112258986,273,23:57:03
102.8%,5142500,20570.00000235566,-3529286.14357524,573955.3961740239,310.32964335891586,273,23:57:00
102.9%,5145000,20580.000002357698,-3529602.613764789,574551.255553212,310.65181617908297,273,23:56:57
103.0%,5147500,20590.000002359735,-3531672.237873135,576229.0266933523,311.5589635341359,273,23:56:54
103.0%,5150000,20600.000002361772,-3529299.341877969,576733.8310104745,311.8319041576458,273,23:56:51
