#"Progress (%)","Step","Time (ps)","Potential Energy (kJ/mole)","Kinetic Energy (kJ/mole)","Temperature (K)","Speed (ns/day)","Time Remaining"
3.0%,152500,610.0000000014564,-3525093.8417829685,576863.0976102448,311.9017967975135,0,--
3.1%,155000,620.0000000015042,-3527306.457842404,577306.9094435987,312.1417596393672,275,1:41:19
3.1%,157500,630.0000000015519,-3527138.7951242607,575327.3724216785,311.07145169884916,274,1:41:58
3.2%,160000,640.0000000015997,-3529221.212950891,574800.6014944725,310.78663403695174,274,1:41:45
3.2%,162500,650.0000000016474,-3523981.129462665,575884.9289230129,311.3729146894664,274,1:41:42
3.3%,165000,660.0000000016952,-3528346.532781627,574838.8234218338,310.8073000977041,273,1:41:55
3.4%,167500,670.0000000017429,-3529968.064206386,575884.5488622828,311.3727091959531,273,1:41:58
3.4%,170000,680.0000000017907,-3529121.4655024763,574134.3658004948,310.4264097291339,273,1:41:56
3.5%,172500,690.0000000018384,-3527020.1081561167,574817.9383890899,310.79600785303467,273,1:41:47
3.5%,175000,700.0000000018862,-3525432.0663363207,574967.9985398471,310.8771432746673,273,1:41:46
3.5%,177500,710.0000000019339,-3527533.3430188764,573646.2976459737,310.1625181143203,273,1:41:36
3.6%,180000,720.0000000019817,-3527689.20161533,573705.1752027068,310.19435238455213,274,1:41:30
3.6%,182500,730.0000000020294,-3528596.5021353047,574815.9989260813,310.79495921255193,273,1:41:36
3.7%,185000,740.0000000020772,-3527848.0779547524,576727.48198665,311.82847132939423,273,1:41:42
3.8%,187500,750.0000000021249,-3526330.1918310244,573113.2032652806,309.87428144969454,273,1:41:42
3.8%,190000,760.0000000021727,-3528447.3008285593,574087.139144771,310.4008749378845,273,1:41:35
3.9%,192500,770.0000000022204,-3525639.488303151,574717.8531034759,310.74189314099067,273,1:41:28
3.9%,195000,780.0000000022682,-3527579.918676283,573985.6887151577,310.3460221116015,273,1:41:25
4.0%,197500,790.0000000023159,-3527383.430463778,572831.7225809505,309.7220887863572,273,1:41:28
4.0%,200000,800.0000000023637,-3527434.9486313574,577638.8226565456,312.3212204645228,273,1:41:22
4.0%,202500,810.0000000024114,-3524335.192148501,576110.9461188352,311.49511902144076,273,1:41:11
4.1%,205000,820.0000000024592,-3525168.6246265434,575414.7826977745,311.11871321078473,273,1:41:07
4.2%,207500,830.0000000025069,-3529831.945746282,576899.0202218981,311.92121965046897,273,1:41:01
4.2%,210000,840.0000000025547,-3525184.3356992733,576444.8038799618,311.67563123656,273,1:40:59
4.2%,212500,850.0000000026024,-3527075.9660116658,573927.3184334412,310.3144621178658,273,1:40:56
4.3%,215000,860.0000000026502,-3525773.054459989,576303.4384577386,311.5991969328593,273,1:40:54
4.3%,217500,870.0000000026979,-3527117.755497856,577566.2604474337,312.2819870944297,273,1:40:47
4.4%,220000,880.0000000027457,-3526451.501811173,575118.049185904,310.95827355724145,273,1:40:44
4.5%,222500,890.0000000027934,-3527423.4722885024,576072.1801108357,311.4741587839081,273,1:40:41
4.5%,225000,900.0000000028411,-3530244.182425197,573690.0677873302,310.18618401666646,273,1:40:37
4.5%,227500,910.0000000028889,-3527447.5181361586,575335.0081479552,311.0755802290938,273,1:40:35
4.6%,230000,920.0000000029366,-3525927.9657082576,575252.1975763586,311.03080571295334,273,1:40:31
4.7%,232500,930.0000000029844,-3530062.792900825,575798.6340658006,311.32625626889757,273,1:40:26
4.7%,235000,940.0000000030321,-3529165.921515707,575259.6020788446,311.0348092237332,273,1:40:21
4.8%,237500,950.0000000030799,-3531206.1858883593,575422.6162997684,311.1229487296581,274,1:40:16
4.8%,240000,960.0000000031276,-3524761.824954288,573560.3256666036,310.11603426927826,274,1:40:11
4.8%,242500,970.0000000031754,-3523869.7833637297,577775.5840147181,312.39516541528013,274,1:40:07
4.9%,245000,980.0000000032231,-3526895.1608399227,573916.9600540297,310.308861487207,274,1:40:03
5.0%,247500,990.0000000032709,-3528245.1376215797,575459.2250254938,311.142742554882,274,1:39:59
5.0%,250000,1000.0000000033186,-3524605.764098538,577041.5356756501,311.9982757601089,274,1:39:55
5.0%,252500,1010.0000000033664,-3527614.9033829607,575613.4588245708,311.22613460970103,274,1:39:57
5.1%,255000,1020.0000000034141,-3524542.4634177703,572789.6555020683,309.69934370603613,274,1:39:53
5.2%,257500,1030.0000000032912,-3528156.671817731,574633.0840290905,310.6960596898249,274,1:39:49
5.2%,260000,1040.0000000030548,-3525940.6337580364,576663.711991211,311.79399178608213,274,1:39:45
5.2%,262500,1050.0000000028183,-3527366.31077246,575146.3645887033,310.97358329892324,274,1:39:40
5.3%,265000,1060.0000000025818,-3525064.317613121,574272.9777690098,310.501355278982,274,1:39:36
5.3%,267500,1070.0000000023454,-3524211.4468115456,576458.6832136174,311.68313559786077,274,1:39:35
5.4%,270000,1080.000000002109,-3528026.298058942,575724.1049553008,311.28595942277434,274,1:39:31
5.5%,272500,1090.0000000018724,-3528575.7098451946,575807.7123716846,311.33116478172997,274,1:39:27
5.5%,275000,1100.000000001636,-3529907.9709689077,576131.4490591269,311.5062046740733,274,1:39:25
5.5%,277500,1110.0000000013995,-3527726.3025471587,576995.460307616,311.97336345398725,274,1:39:21
5.6%,280000,1120.000000001163,-3526028.6140816696,574080.818588882,310.3974575018468,274,1:39:16
5.7%,282500,1130.0000000009265,-3525707.027083995,575968.7959662254,311.4182604250117,274,1:39:13
5.7%,285000,1140.00000000069,-3529322.0788098704,575955.1925072093,311.41090522526434,274,1:39:09
5.8%,287500,1150.0000000004536,-3529026.5845045615,576358.4333642395,311.6289319084946,274,1:39:08
5.8%,290000,1160.0000000002171,-3524239.61240454,575002.0110597834,310.89553336778584,274,1:39:06
5.8%,292500,1169.9999999999807,-3524783.0651730355,578095.6504340599,312.5682208450707,274,1:39:04
5.9%,295000,1179.9999999997442,-3527215.856051188,576678.7571278479,311.8021264807255,274,1:39:02
6.0%,297500,1189.9999999995077,-3527150.1354495846,574534.7049145466,310.6428674805802,274,1:38:57
6.0%,300000,1199.9999999992713,-3525609.7885593474,576244.1914836954,311.5671629238623,274,1:38:54
6.0%,302500,1209.9999999990348,-3529317.638243085,574092.6707982001,310.4038658254121,274,1:38:50
6.1%,305000,1219.9999999987983,-3522939.999907028,576793.4938301572,311.86416300855535,274,1:38:45
6.2%,307500,1229.9999999985619,-3525391.4780496005,575598.5461400733,311.21807153007427,274,1:38:43
6.2%,310000,1239.9999999983254,-3525483.2776206806,575647.3727629635,311.2444714011599,274,1:38:40
6.2%,312500,1249.999999998089,-3525766.974228749,572985.4545653362,309.8052095170016,274,1:38:37
6.3%,315000,1259.9999999978525,-3527699.617667254,575870.0337162395,311.3648610598001,274,1:38:32
6.3%,317500,1269.999999997616,-3530328.2736555487,575720.8032321602,311.28417422731917,274,1:38:29
6.4%,320000,1279.9999999973795,-3526723.2633854877,575925.3437156549,311.3947664017608,274,1:38:26
6.5%,322500,1289.999999997143,-3525522.075662492,575464.4603768088,311.14557323600684,274,1:38:22
6.5%,325000,1299.9999999969066,-3527682.194746582,575582.7080977461,311.20950812243024,274,1:38:18
6.5%,327500,1309.99999999667,-3527858.6650212314,576772.5447383346,311.8528361280393,274,1:38:15
6.6%,330000,1319.9999999964336,-3528162.808445744,575548.1544280737,311.19082543722914,274,1:38:11
6.7%,332500,1329.9999999961972,-3530097.9090198204,574310.9153948535,310.52186762188603,274,1:38:08
6.7%,335000,1339.9999999959607,-3524973.8655313607,578671.7857613636,312.8797291466572,274,1:38:05
6.8%,337500,1349.9999999957242,-3526175.8675240558,575832.2265513375,311.3444192552999,274,1:38:01
6.8%,340000,1359.9999999954878,-3525821.050608473,575304.7603088906,311.05922564619095,274,1:37:58
6.8%,342500,1369.9999999952513,-3526630.5548386145,578604.7340437727,312.8434752221445,274,1:37:55
6.9%,345000,1379.9999999950148,-3525643.3182094116,577244.0346790709,312.1077641348694,274,1:37:52
7.0%,347500,1389.9999999947784,-3525056.9387573563,578058.4561920273,312.54811043938076,274,1:37:49
7.0%,350000,1399.999999994542,-3527748.1729353666,576551.6493488286,311.7334010849994,274,1:37:47
7.0%,352500,1409.9999999943054,-3525682.4427855294,576181.618382347,311.53333052442025,274,1:37:43
7.1%,355000,1419.999999994069,-3527720.0669175405,577439.8915508953,312.21366120211155,274,1:37:40
7.2%,357500,1429.9999999938325,-3527010.01145106,575050.9575160865,310.9219980311194,274,1:37:37
7.2%,360000,1439.999999993596,-3528252.2060112096,577789.1833262399,312.4025183725353,274,1:37:34
7.2%,362500,1449.9999999933596,-3526321.023813866,574506.7482082404,310.62775168106805,274,1:37:31
7.3%,365000,1459.999999993123,-3529578.2018552683,575748.6955561057,311.2992552161907,274,1:37:27
7.3%,367500,1469.9999999928866,-3528172.1284795217,574946.4273001796,310.86548000752583,274,1:37:24
7.4%,370000,1479.9999999926501,-3526564.662507482,574703.1593180406,310.7339484170206,274,1:37:20
7.5%,372500,1489.9999999924137,-3528595.454983581,576526.7761613698,311.7199525009374,274,1:37:17
7.5%,375000,1499.9999999921772,-3521394.545485262,576148.0534213108,311.51518242013,274,1:37:15
7.5%,377500,1509.9999999919407,-3524191.472508423,575433.1712798967,311.12865565957065,274,1:37:12
7.6%,380000,1519.9999999917043,-3527911.265993148,575416.8156790909,311.1198124153067,274,1:37:09
7.7%,382500,1529.9999999914678,-3527961.553101642,574958.9898603605,310.8722724078528,274,1:37:05
7.7%,385000,1539.9999999912313,-3528805.3795463666,576332.4284369298,311.61487140854746,274,1:37:02
7.8%,387500,1549.9999999909949,-3526141.184571471,576530.7059843425,311.72207730117395,274,1:36:59
7.8%,390000,1559.9999999907584,-3529639.2425514273,574894.2819496826,310.8372857469084,274,1:36:56
7.8%,392500,1569.999999990522,-3524068.818209598,575658.9040155818,311.2507061879332,274,1:36:53
7.9%,395000,1579.9999999902855,-3526191.2654206343,576175.7658608272,311.53016614801027,274,1:36:50
8.0%,397500,1589.999999990049,-3524887.3844986465,573943.6010391989,310.3232658947296,274,1:36:47
8.0%,400000,1599.9999999898125,-3527021.4231177513,573870.2944677232,310.28363005833273,274,1:36:44
8.1%,402500,1609.999999989576,-3527732.4354239423,577902.4848223969,312.46377890450145,274,1:36:41
8.1%,405000,1619.9999999893396,-3526719.5834867414,578051.1824092398,312.54417760691086,274,1:36:37
8.2%,407500,1629.9999999891031,-3526043.439081708,574624.5218601206,310.6914302449925,274,1:36:34
8.2%,410000,1639.9999999888666,-3533404.6526552197,574459.7225028023,310.6023255408234,274,1:36:30
8.2%,412500,1649.9999999886302,-3526268.4269918688,575172.504469217,310.9877167661776,274,1:36:28
8.3%,415000,1659.9999999883937,-3527475.4372106083,573111.7269840144,309.8734832450921,274,1:36:25
8.3%,417500,1669.9999999881572,-3521820.5359210167,575688.395830942,311.2666519994087,274,1:36:22
8.4%,420000,1679.9999999879208,-3527624.5002468843,573661.9453176719,310.17097859123163,274,1:36:18
8.4%,422500,1689.9999999876843,-3526691.382734269,575216.0440651457,311.01125801584016,274,1:36:15
8.5%,425000,1699.9999999874478,-3529070.5163372885,576682.0320859445,311.8038972046963,274,1:36:12
8.6%,427500,1709.9999999872114,-3527984.229299307,578118.8778570921,312.5807795873593,274,1:36:09
8.6%,430000,1719.999999986975,-3526607.0246089622,576223.6005491642,311.55602969397705,274,1:36:06
8.7%,432500,1729.9999999867384,-3530007.4104047567,576725.2979039948,311.8272904264948,274,1:36:03
8.7%,435000,1739.999999986502,-3528355.6666076537,574618.50500368,310.6881770149928,274,1:36:01
8.8%,437500,1749.9999999862655,-3527014.7648691777,576311.8320871501,311.60373525071316,274,1:35:57
8.8%,440000,1759.999999986029,-3524644.14547015,576040.9412494907,311.4572683691394,274,1:35:54
8.8%,442500,1769.9999999857926,-3525435.2348332386,576485.3972389274,311.69757949716444,274,1:35:50
8.9%,445000,1779.999999985556,-3525491.940880608,575786.5421222164,311.3197183243727,274,1:35:47
8.9%,447500,1789.9999999853196,-3525021.9626973197,576709.4216085996,311.81870633595275,274,1:35:44
9.0%,450000,1799.9999999850832,-3526620.976903485,576124.0426545641,311.5022001348671,274,1:35:41
9.1%,452500,1809.9999999848467,-3530596.4150668383,574972.8962975414,310.8797914236501,274,1:35:38
9.1%,455000,1819.9999999846102,-3527244.284725191,573804.3041397517,310.2479500123203,274,1:35:35
9.2%,457500,1829.9999999843737,-3528133.5334642883,575784.802525296,311.3187777486842,274,1:35:31
9.2%,460000,1839.9999999841373,-3527805.5408383645,577538.5569076189,312.2670081784934,274,1:35:29
9.2%,462500,1849.9999999839008,-3529294.167846676,574563.5041341898,310.6584388152527,274,1:35:25
9.3%,465000,1859.9999999836643,-3529154.399530722,575989.0766787333,311.42922592219423,274,1:35:22
9.3%,467500,1869.9999999834279,-3527487.440069139,577194.5730837361,312.08102094307696,274,1:35:19
9.4%,470000,1879.9999999831914,-3526411.696711218,578135.9660807641,312.59001895054524,274,1:35:17
9.4%,472500,1889.999999982955,-3531421.0173821542,577054.450751913,312.0052587609437,274,1:35:13
9.5%,475000,1899.9999999827185,-3526931.6054473724,576061.05620738,311.4681442451214,274,1:35:10
9.6%,477500,1909.999999982482,-3526716.3354716245,574490.5415375617,310.6189889612378,274,1:35:06
9.6%,480000,1919.9999999822455,-3526904.9095189236,578838.7549094865,312.9700070263223,274,1:35:03
9.7%,482500,1929.999999982009,-3528095.0417394657,575884.6842830158,311.3727824160466,274,1:35:00
9.7%,485000,1939.9999999817726,-3528947.193822941,576544.1469235716,311.72934462874883,274,1:34:58
9.8%,487500,1949.9999999815361,-3525592.6354319956,574740.2692319587,310.7540132276802,274,1:34:55
9.8%,490000,1959.9999999812997,-3527364.167764524,577128.7234418964,312.0454169640854,274,1:34:51
9.8%,492500,1969.9999999810632,-3525566.40401192,574890.7891664878,310.83539724795804,274,1:34:48
9.9%,495000,1979.9999999808267,-3527329.806305008,575509.0616101576,311.16968849815225,274,1:34:45
9.9%,497500,1989.9999999805902,-3528278.5838043503,575762.2201823974,311.30656779218816,274,1:34:41
10.0%,500000,1999.9999999803538,-3527979.2165086083,574812.7715326088,310.7932142061071,274,1:34:38
10.1%,502500,2009.9999999801173,-3527922.101977002,574744.1873281298,310.75613168739943,274,1:34:37
10.1%,505000,2019.9999999798808,-3528776.6143497583,575236.4143046285,311.0222719190041,274,1:34:34
10.2%,507500,2029.9999999796444,-3530603.2928551994,573659.3287951371,310.1695638741465,274,1:34:31
10.2%,510000,2039.999999979408,-3528148.315165393,576206.0507490776,311.54654076288904,274,1:34:28
10.2%,512500,2049.9999999791717,-3528370.2973704357,577015.2830300226,311.9840813223371,274,1:34:25
10.3%,515000,2059.999999978935,-3526344.1303255353,575774.4137874045,311.3131607036206,274,1:34:21
10.3%,517500,2069.9999999786987,-3525519.9114656653,574502.4772288378,310.6254424223284,274,1:34:19
10.4%,520000,2079.9999999784623,-3525766.297756685,575463.5412809137,311.14507629373014,274,1:34:15
10.4%,522500,2089.999999978226,-3522604.4067368284,576549.7779059565,311.7323892220516,274,1:34:12
10.5%,525000,2099.9999999779893,-3524691.46768743,574840.8750739367,310.80840939725886,274,1:34:09
10.6%,527500,2109.999999977753,-3525833.691209931,574578.30709132,310.66644256682906,274,1:34:06
10.6%,530000,2119.9999999775164,-3526472.8210731596,575296.3985367394,311.05470455311155,274,1:34:03
10.7%,532500,2129.99999997728,-3528580.1561109107,574846.1376657769,310.8112548069541,274,1:34:00
10.7%,535000,2139.9999999770434,-3523685.257937506,574486.5191235694,310.6168140983338,274,1:33:57
10.8%,537500,2149.999999976807,-3528431.998223286,577925.6647479138,312.4763119655489,274,1:33:53
10.8%,540000,2159.9999999765705,-3532069.229499232,572485.3800857308,309.5348262503865,274,1:33:50
10.8%,542500,2169.999999976334,-3522936.5135678556,575420.1349295954,311.1216070875619,274,1:33:47
10.9%,545000,2179.9999999760976,-3531311.942995809,573899.3368387059,310.2993328615286,274,1:33:44
10.9%,547500,2189.999999975861,-3526227.522557039,575663.1213222237,311.252986426563,274,1:33:41
11.0%,550000,2199.9999999756246,-3526424.0696489215,576567.2767158562,311.7418505834598,274,1:33:38
11.1%,552500,2209.999999975388,-3526938.672706496,576918.443771329,311.931721691582,274,1:33:35
11.1%,555000,2219.9999999751517,-3527752.7807723265,575824.6155547618,311.3403040960581,274,1:33:32
11.2%,557500,2229.999999974915,-3526834.376111813,575547.297012381,311.1903618445739,274,1:33:29
11.2%,560000,2239.9999999746788,-3531225.3882116936,575007.3284556433,310.89840840924694,274,1:33:25
11.2%,562500,2249.9999999744423,-3526901.442327436,576186.9935448251,311.5362367994826,274,1:33:23
11.3%,565000,2259.999999974206,-3525641.7245517,575731.6577975875,311.2900431388066,274,1:33:20
11.3%,567500,2269.9999999739694,-3530417.3579783775,575453.725291748,311.13976892588005,274,1:33:17
11.4%,570000,2279.999999973733,-3526661.3641044665,574916.8803965064,310.8495044105711,274,1:33:14
11.4%,572500,2289.9999999734964,-3525668.7321732882,574660.5171279702,310.7108923821357,274,1:33:11
11.5%,575000,2299.99999997326,-3524440.973235704,573850.003080409,310.2726587894319,274,1:33:07
11.6%,577500,2309.9999999730235,-3525685.9351665825,574836.064859433,310.805808581653,274,1:33:05
11.6%,580000,2319.999999972787,-3527148.688618349,576594.724239865,311.75669107523584,274,1:33:01
11.7%,582500,2329.9999999725505,-3528849.1350049786,574696.2251356803,310.730199201745,274,1:32:59
11.7%,585000,2339.999999972314,-3523427.5498657357,575037.1638387977,310.9145399830164,274,1:32:56
11.8%,587500,2349.9999999720776,-3528219.2074663434,575440.9694780038,311.1328720360583,274,1:32:52
11.8%,590000,2359.999999971841,-3528304.287606772,572921.806721441,309.77079601931825,274,1:32:49
11.8%,592500,2369.9999999716047,-3528037.123983687,575661.3869756565,311.25204868966694,274,1:32:46
11.9%,595000,2379.999999971368,-3524610.1923167277,577687.1250337155,312.34733688329067,274,1:32:43
11.9%,597500,2389.9999999711317,-3528128.183642991,575127.9976931578,310.9636525757656,274,1:32:40
12.0%,600000,2399.9999999708953,-3527381.5531287845,575372.595536069,311.0959032033631,274,1:32:37
12.1%,602500,2409.999999970659,-3527168.688436387,576495.6010295039,311.7030965438054,274,1:32:34
12.1%,605000,2419.9999999704223,-3528539.502191758,575969.2275418311,311.41849377189664,274,1:32:31
12.2%,607500,2429.999999970186,-3527864.88602438,574950.9997633059,310.86795227429207,274,1:32:28
12.2%,610000,2439.9999999699494,-3529236.9920263737,576267.3490837968,311.5796839138703,274,1:32:25
12.2%,612500,2449.999999969713,-3525807.5067950916,574590.1573276534,310.67284982362906,274,1:32:21
12.3%,615000,2459.9999999694764,-3527848.8384184577,574870.1946057773,310.82426205744844,274,1:32:18
12.3%,617500,2469.99999996924,-3526378.5055129603,576472.2429119332,311.69046713681035,274,1:32:15
12.4%,620000,2479.9999999690035,-3525847.54727656,576638.9918274882,311.78062593981076,274,1:32:12
12.4%,622500,2489.999999968767,-3523768.5259074997,577457.2819602647,312.22306395287137,274,1:32:08
12.5%,625000,2499.9999999685306,-3531031.8358973227,574016.5882624135,310.362729063995,274,1:32:05
12.6%,627500,2509.999999968294,-3526875.949466359,575478.595579097,311.15321594189334,274,1:32:02
12.6%,630000,2519.9999999680576,-3528115.163418062,575225.6710238988,311.01646317759383,274,1:31:59
12.7%,632500,2529.999999967821,-3526670.299528405,573402.5776270113,310.03074211383625,274,1:31:56
12.7%,635000,2539.9999999675847,-3532093.10884491,575652.5429485587,311.24726684809286,274,1:31:53
12.8%,637500,2549.9999999673482,-3525742.7102604657,574547.784027418,310.6499391737116,274,1:31:50
12.8%,640000,2559.9999999671118,-3528442.0810481887,574111.7797384243,310.4141977617338,274,1:31:47
12.8%,642500,2569.9999999668753,-3526663.318355499,575840.8089515221,311.3490596388666,274,1:31:43
12.9%,645000,2579.999999966639,-3525503.0421182755,574791.8639028571,310.7819097435521,274,1:31:40
12.9%,647500,2589.9999999664024,-3525991.7784668393,573561.2555589663,310.1165370490538,274,1:31:37
13.0%,650000,2599.999999966166,-3527167.350345172,574937.1567109083,310.8604675297593,274,1:31:34
13.1%,652500,2609.9999999659294,-3530787.4467431083,575660.8303483224,311.25174772906405,274,1:31:31
13.1%,655000,2619.999999965693,-3526827.65857205,575836.9106365358,311.34695187455696,274,1:31:29
13.2%,657500,2629.9999999654565,-3524676.788698055,576221.2556275908,311.5547618277275,274,1:31:26
13.2%,660000,2639.99999996522,-3526998.237085199,574513.793363089,310.6315608976137,274,1:31:22
13.2%,662500,2649.9999999649835,-3526727.8792618923,576956.1845541284,311.9521276042092,274,1:31:19
13.3%,665000,2659.999999964747,-3524415.175166957,575876.8037201613,311.36852150609366,274,1:31:16
13.3%,667500,2669.9999999645106,-3527426.575068623,574346.5456286054,310.5411323902056,274,1:31:13
13.4%,670000,2679.999999964274,-3526598.3233819697,574083.8837402491,310.3991147862577,274,1:31:10
13.4%,672500,2689.9999999640377,-3526435.359454537,576147.7515450274,311.51501919985185,274,1:31:07
13.5%,675000,2699.999999963801,-3529515.8804638945,575539.8556204878,311.1863383882083,274,1:31:04
13.6%,677500,2709.9999999635647,-3526601.609858943,578119.1935075438,312.5809502551373,274,1:31:01
13.6%,680000,2719.9999999633283,-3527885.9517201465,574237.9031395498,310.4823909181208,274,1:30:58
13.7%,682500,2729.999999963092,-3528673.330426788,574738.7139939248,310.75317233225934,274,1:30:54
13.7%,685000,2739.9999999628553,-3522279.2965138424,576874.0061906595,311.90769491414807,274,1:30:51
13.8%,687500,2749.999999962619,-3527407.109487362,575575.515119119,311.2056189796381,274,1:30:49
13.8%,690000,2759.9999999623824,-3526125.503918756,574625.8824372,310.6921658899619,273,1:30:46
13.8%,692500,2769.999999962146,-3525614.1583102886,575791.2979090505,311.3222897116999,274,1:30:42
13.9%,695000,2779.9999999619095,-3527694.51268409,575075.7510301026,310.93540353686694,274,1:30:39
13.9%,697500,2789.999999961673,-3529616.215671703,574212.4965728647,310.46865394338215,274,1:30:36
14.0%,700000,2799.9999999614365,-3527669.591463739,576006.0594617734,311.4384082751074,273,1:30:33
14.1%,702500,2809.9999999612,-3525378.098084323,576156.42245762,311.51970744083786,274,1:30:30
14.1%,705000,2819.9999999609636,-3527722.6403145157,574846.8857973823,310.8116593112341,274,1:30:26
14.2%,707500,2829.999999960727,-3528322.006180506,574818.6464256633,310.7963906784925,274,1:30:23
14.2%,710000,2839.9999999604906,-3525782.506332746,576524.0839152819,311.7184968411878,274,1:30:19
14.2%,712500,2849.999999960254,-3529295.5662229564,575768.2287828733,311.30981655830345,274,1:30:16
14.3%,715000,2859.9999999600177,-3527294.5995797087,575225.5832354773,311.016415711624,274,1:30:13
14.3%,717500,2869.9999999597812,-3526133.6365803704,575582.1849174167,311.20922524615423,274,1:30:10
14.4%,720000,2879.9999999595448,-3532771.828300651,575730.4098754087,311.2893684047641,274,1:30:07
14.4%,722500,2889.9999999593083,-3525835.0594073795,575713.4419593754,311.2801940902333,274,1:30:03
14.5%,725000,2899.999999959072,-3529578.009897003,575238.9618658929,311.0236493496962,274,1:30:00
14.6%,727500,2909.9999999588354,-3525908.2687050905,575533.595088999,311.1829534065231,274,1:29:57
14.6%,730000,2919.999999958599,-3530188.883476617,575324.2693627847,311.06977391836955,274,1:29:54
14.7%,732500,2929.9999999583624,-3526982.3679389786,574003.0122946991,310.3553887284094,274,1:29:50
14.7%,735000,2939.999999958126,-3528180.0292922836,574520.9821075805,310.63544775106806,274,1:29:47
14.8%,737500,2949.9999999578895,-3528144.174181005,576517.8505203058,311.7151265318349,274,1:29:44
14.8%,740000,2959.999999957653,-3526137.4453978967,575688.0561978624,311.2664683645597,274,1:29:41
14.8%,742500,2969.9999999574165,-3525625.06048074,574833.3699418351,310.8043514774553,274,1:29:38
14.9%,745000,2979.99999995718,-3527809.017343607,576135.4551576823,311.508370715449,274,1:29:35
14.9%,747500,2989.9999999569436,-3525457.568554681,576653.9577726016,311.7887178167067,274,1:29:31
15.0%,750000,2999.999999956707,-3527563.895470759,575931.8750682105,311.3982978126034,274,1:29:28
15.1%,752500,3009.9999999564707,-3526697.149820013,576337.300700606,311.61750577327166,274,1:29:26
15.1%,755000,3019.999999956234,-3524251.0022311695,576129.5472687384,311.50517640264843,274,1:29:23
15.2%,757500,3029.9999999559977,-3526973.6618045345,575953.685096021,311.41009018914906,274,1:29:19
15.2%,760000,3039.9999999557613,-3530594.9231489804,576858.166470902,311.899130599541,274,1:29:16
15.2%,762500,3049.999999955525,-3526097.31568294,575778.9733053343,311.3156259711004,274,1:29:13
15.3%,765000,3059.9999999552883,-3528877.40967983,572415.9250163161,309.4972728672062,274,1:29:10
15.3%,767500,3069.999999955052,-3529825.908960419,575643.7732746798,311.2425252082627,274,1:29:07
15.4%,770000,3079.9999999548154,-3526403.5678794906,575969.4184634704,311.4185970005528,274,1:29:04
15.4%,772500,3089.999999954579,-3529312.1261013485,575486.060812686,311.1572522891299,274,1:29:00
15.5%,775000,3099.9999999543425,-3526425.7950504124,575242.1096116174,311.02535129171923,274,1:28:57
15.6%,777500,3109.999999954106,-3528832.9025578704,576372.0410417578,311.636289389127,274,1:28:54
15.6%,780000,3119.9999999538695,-3528167.628884038,572352.1136877734,309.4627709756639,274,1:28:51
15.7%,782500,3129.999999953633,-3530734.81532282,574160.6899578983,310.44064283232143,274,1:28:48
15.7%,785000,3139.9999999533966,-3526854.5870551597,575745.314229743,311.2974269803884,274,1:28:45
15.8%,787500,3149.99999995316,-3527487.5541274305,575937.9312643027,311.40157231300174,274,1:28:42
15.8%,790000,3159.9999999529236,-3524046.895662369,574888.506737347,310.8341631704915,274,1:28:39
15.8%,792500,3169.999999952687,-3527046.517265253,575870.1269821669,311.3649114873807,274,1:28:36
15.9%,795000,3179.9999999524507,-3525788.6522599757,573631.1683380775,310.1543379094559,274,1:28:33
15.9%,797500,3189.9999999522142,-3531458.274050977,573667.6571231018,310.1740668844227,274,1:28:30
16.0%,800000,3199.9999999519778,-3526936.890668655,576050.3680141782,311.4623652887659,273,1:28:27
16.1%,802500,3209.9999999517413,-3526812.2801475506,574965.4941780337,310.8757892013131,273,1:28:24
16.1%,805000,3219.999999951505,-3529929.794069428,574931.82272077,310.8575835160044,273,1:28:21
16.1%,807500,3229.9999999512684,-3526472.0595117714,574630.1654260774,310.69448164205636,274,1:28:17
16.2%,810000,3239.999999951032,-3525866.781115297,577597.6204562136,312.2989430119196,274,1:28:14
16.2%,812500,3249.9999999507954,-3526435.0628540684,578800.725045834,312.94944481172706,274,1:28:11
16.3%,815000,3259.999999950559,-3527429.0510249194,577279.0942751425,312.12672036738803,274,1:28:07
16.4%,817500,3269.9999999503225,-3527914.9537129123,576698.6603894416,311.81288789548574,274,1:28:04
16.4%,820000,3279.999999950086,-3527937.8969617523,574383.1153721621,310.56090513831685,274,1:28:00
16.4%,822500,3289.9999999498496,-3529788.8182589,575338.33755967,311.0773803953732,274,1:27:57
16.5%,825000,3299.999999949613,-3527996.2485834844,574472.6341585802,310.6093066922499,274,1:27:54
16.6%,827500,3309.9999999493766,-3527916.9162561074,573551.6784210927,310.11135882475185,274,1:27:51
16.6%,830000,3319.99999994914,-3527653.113179378,574729.7014815549,310.7482993930586,274,1:27:47
16.6%,832500,3329.9999999489037,-3527132.526984237,574925.8939255355,310.8543778994653,274,1:27:44
16.7%,835000,3339.999999948667,-3526348.092683144,577017.5837846387,311.98532530813145,274,1:27:41
16.8%,837500,3349.9999999484307,-3528638.413862847,577587.3461370458,312.2933878314572,274,1:27:38
16.8%,840000,3359.9999999481943,-3530819.1391735766,574806.2260572985,310.78967515928883,274,1:27:35
16.9%,842500,3369.999999947958,-3528423.918931866,576785.4349861376,311.85980570447356,274,1:27:32
16.9%,845000,3379.9999999477213,-3527927.446099626,578251.6971546661,312.6525931211671,274,1:27:29
16.9%,847500,3389.999999947485,-3524385.290196672,572516.991264279,309.55191797185205,274,1:27:25
17.0%,850000,3399.9999999472484,-3528313.122632323,579760.6530718459,313.4684644497481,274,1:27:22
17.1%,852500,3409.999999947012,-3525486.2795079555,574812.0374036053,310.79281727283785,274,1:27:19
17.1%,855000,3419.9999999467755,-3530370.91822638,574524.5628986969,310.63738383466875,274,1:27:16
17.1%,857500,3429.999999946539,-3525684.946427079,575862.9152158513,311.36101218634855,274,1:27:13
17.2%,860000,3439.9999999463025,-3528671.5023132507,574547.3127816013,310.64968437769926,274,1:27:10
17.2%,862500,3449.999999946066,-3532483.3756775465,576586.2013855553,311.7520828872896,274,1:27:07
17.3%,865000,3459.9999999458296,-3531244.096339971,575179.1449040197,310.99130715626325,274,1:27:04
17.4%,867500,3469.999999945593,-3530281.5490778685,575203.3297954749,311.00438358831707,274,1:27:01
17.4%,870000,3479.9999999453566,-3527846.665478803,575960.365871609,311.4137023909323,274,1:26:57
17.4%,872500,3489.99999994512,-3526247.9691907894,573622.676860041,310.1497466862211,274,1:26:54
17.5%,875000,3499.9999999448837,-3526853.386572307,575803.6910001079,311.3289904824455,274,1:26:51
17.6%,877500,3509.9999999446472,-3529418.1673043817,577030.0157829488,311.9920471154836,274,1:26:48
17.6%,880000,3519.999999944411,-3524101.409031285,576741.1752295077,311.83587507400705,274,1:26:45
17.6%,882500,3529.9999999441743,-3525692.773802601,571312.0294103594,308.90041197525267,274,1:26:42
17.7%,885000,3539.999999943938,-3528833.6165813114,575370.020041144,311.0945106693319,274,1:26:39
17.8%,887500,3549.9999999437014,-3527563.9637860097,575535.9540187668,311.1842288468071,274,1:26:36
17.8%,890000,3559.999999943465,-3527167.661337564,576514.0650868723,311.7130798009997,274,1:26:33
17.9%,892500,3569.9999999432284,-3525921.929716559,576511.2402638376,311.711552458752,274,1:26:30
17.9%,895000,3579.999999942992,-3526744.7341861,575604.080054834,311.2210636402722,274,1:26:27
17.9%,897500,3589.9999999427555,-3525140.454391986,573405.368329578,310.0322510076249,274,1:26:23
18.0%,900000,3599.999999942519,-3527237.639752444,574911.0243326998,310.84633811889637,273,1:26:21
18.1%,902500,3609.9999999422826,-3528949.5965536367,573490.4224837507,310.0782385974386,273,1:26:17
18.1%,905000,3619.999999942046,-3524470.2054473646,576981.2661506457,311.96568887212993,273,1:26:14
18.1%,907500,3629.9999999418096,-3528403.8846695293,576599.6562076275,311.75935772112337,273,1:26:11
18.2%,910000,3639.999999941573,-3525320.2914756313,575046.4945176677,310.9195849503873,273,1:26:08
18.2%,912500,3649.9999999413367,-3527740.652170822,575659.998708723,311.2512980731814,273,1:26:05
18.3%,915000,3659.9999999411,-3527621.463639045,576239.9789265662,311.56488525322754,273,1:26:02
18.4%,917500,3669.9999999408637,-3526834.008649433,574787.0601220063,310.77931240653226,273,1:25:58
18.4%,920000,3679.9999999406273,-3528136.146816613,576070.1031092461,311.473035778241,273,1:25:55
18.4%,922500,3689.999999940391,-3528166.2588340472,572977.2551806236,309.8007762245357,273,1:25:52
18.5%,925000,3699.9999999401543,-3525586.739161944,576130.0631298767,311.5054553215403,273,1:25:49
18.6%,927500,3709.999999939918,-3526641.726094559,575983.2487669718,311.4260748519359,274,1:25:46
18.6%,930000,3719.9999999396814,-3529615.6613970585,574104.2876769863,310.410146909055,274,1:25:42
18.6%,932500,3729.999999939445,-3529822.1428132486,577020.3279277494,311.98680902787436,273,1:25:39
18.7%,935000,3739.9999999392085,-3527049.3795482796,577933.2821353446,312.4804305802365,273,1:25:36
18.8%,937500,3749.999999938972,-3525790.783407228,576057.4866632785,311.46621424262406,274,1:25:33
18.8%,940000,3759.9999999387355,-3526556.690992316,575452.2292065967,311.1389600135943,273,1:25:30
18.9%,942500,3769.999999938499,-3526750.910009792,575549.4229877219,311.19151132966226,273,1:25:27
18.9%,945000,3779.9999999382626,-3531002.5830645952,575818.142447175,311.33680417745427,273,1:25:24
18.9%,947500,3789.999999938026,-3528048.501217693,574205.9002950783,310.46508742837665,273,1:25:21
19.0%,950000,3799.9999999377897,-3530231.931036588,575782.8092870995,311.31770003271055,273,1:25:18
19.1%,952500,3809.999999937553,-3524044.630363146,576094.8607410772,311.48642188299374,273,1:25:15
19.1%,955000,3819.9999999373167,-3527080.561687639,573817.2080731246,310.2549269883506,273,1:25:11
19.1%,957500,3829.9999999370802,-3528826.1830087807,575505.9974048422,311.1680317252583,273,1:25:08
19.2%,960000,3839.999999936844,-3527797.5152079593,574883.6375904026,310.8315304909404,273,1:25:05
19.2%,962500,3849.9999999366073,-3529271.249370657,575139.962527767,310.97012179424826,273,1:25:02
19.3%,965000,3859.999999936371,-3526536.0465761814,572864.643137441,309.73988847013567,273,1:24:59
19.4%,967500,3869.9999999361344,-3528518.1197750308,574406.9611922583,310.5737982392362,273,1:24:56
19.4%,970000,3879.999999935898,-3525144.8937769625,577584.313967804,312.29174838001956,273,1:24:52
19.4%,972500,3889.9999999356614,-3528094.305185117,574467.374927107,310.606463099458,273,1:24:49
19.5%,975000,3899.999999935425,-3527704.7415679414,575205.1704196469,311.0053787880254,273,1:24:46
19.6%,977500,3909.9999999351885,-3529644.84810267,578770.2701099215,312.9329782544593,273,1:24:43
19.6%,980000,3919.999999934952,-3530539.1477867216,576893.2748602584,311.91811321390526,273,1:24:40
19.6%,982500,3929.9999999347156,-3527016.819659807,574768.5863898132,310.76932391829575,273,1:24:36
19.7%,985000,3939.999999934479,-3529032.5696377493,576633.6755952699,311.7777515275144,273,1:24:33
19.8%,987500,3949.9999999342426,-3529381.3494614363,576994.4793692917,311.9728330743752,273,1:24:30
19.8%,990000,3959.999999934006,-3525253.415120866,575645.82663688,311.2436354324431,273,1:24:27
19.9%,992500,3969.9999999337697,-3529165.470352344,578104.943643426,312.57324555320565,273,1:24:24
19.9%,995000,3979.999999933533,-3529478.4645293765,576694.5212822587,311.8106499382081,273,1:24:21
19.9%,997500,3989.9999999332967,-3527957.831572473,573888.3227721276,310.2933777100029,273,1:24:18
20.0%,1000000,3999.9999999330603,-3526484.86926849,573917.1256602214,310.3089510281553,273,1:24:15
20.1%,1002500,4009.999999932824,-3531217.293665761,576120.6584016556,311.5003703167225,273,1:24:12
20.1%,1005000,4019.9999999325873,-3528697.294776816,574394.2042224377,310.5669007243402,273,1:24:09
20.1%,1007500,4029.999999932351,-3528274.6921348944,576684.1932551074,311.80506571859127,273,1:24:06
20.2%,1010000,4039.9999999321144,-3527051.333808627,573791.2492662463,310.24089142507466,273,1:24:03
20.2%,1012500,4049.999999931878,-3527938.6916549355,575772.8903227304,311.31233698761037,273,1:24:00
20.3%,1015000,4059.9999999316415,-3526314.4047345594,576330.6901080195,311.6139315184543,273,1:23:57
20.4%,1017500,4069.999999931405,-3528776.7430072203,575521.2622380615,311.1762852067665,273,1:23:53
20.4%,1020000,4079.9999999311685,-3525189.1880311705,577719.5812726995,312.3648855170971,273,1:23:50
20.4%,1022500,4089.999999930932,-3528136.835645344,574246.1806754202,310.4868664658231,273,1:23:47
20.5%,1025000,4099.999999930696,-3528757.4262831025,576040.7802674962,311.45718132842984,273,1:23:44
20.6%,1027500,4109.999999930459,-3527134.6609844863,574243.3044719571,310.4853113428974,273,1:23:41
20.6%,1030000,4119.999999930223,-3531123.293391388,577378.2866368783,312.18035228799823,273,1:23:38
20.6%,1032500,4129.999999929986,-3525288.438137563,575870.0151839314,311.3648510396407,273,1:23:34
20.7%,1035000,4139.99999992975,-3525428.0310444944,575029.1925146461,310.9102299997014,273,1:23:31
20.8%,1037500,4149.999999929513,-3528531.3158940673,575738.2718494372,311.2936192639992,273,1:23:28
20.8%,1040000,4159.999999929277,-3525652.727033863,574925.4633985463,310.85414511955264,273,1:23:25
20.9%,1042500,4169.99999992904,-3526243.620601222,575764.6678409114,311.3078912068625,273,1:23:22
20.9%,1045000,4179.999999928804,-3528089.108596187,572622.16494094,309.60878390566245,273,1:23:18
20.9%,1047500,4189.999999928567,-3527282.8402162977,575573.7678028657,311.2046742302145,273,1:23:15
21.0%,1050000,4199.999999928331,-3530083.7149208393,574357.907771943,310.5472757419595,273,1:23:12
21.1%,1052500,4209.999999928094,-3526703.5926685445,574824.5740034743,310.7995956367878,273,1:23:09
21.1%,1055000,4219.999999927858,-3525665.1242330186,573427.7532402135,310.04435421526165,273,1:23:06
21.1%,1057500,4229.9999999276215,-3525958.772938,576031.6904704205,311.4522666024712,273,1:23:02
21.2%,1060000,4239.999999927385,-3530084.652950732,573706.5738894553,310.1951086348857,273,1:22:59
21.2%,1062500,4249.999999927149,-3528156.9769571014,574673.8822877046,310.7181187367992,273,1:22:56
21.3%,1065000,4259.999999926912,-3527805.2942923736,575384.7102547223,311.10245346204897,273,1:22:53
21.4%,1067500,4269.999999926676,-3526392.2287320066,576218.4227641241,311.55323013813074,273,1:22:50
21.4%,1070000,4279.999999926439,-3529327.695104316,574192.5509346286,310.457869616165,273,1:22:47
21.4%,1072500,4289.999999926203,-3528877.163143795,576209.5110859396,311.5484117185616,273,1:22:44
21.5%,1075000,4299.999999925966,-3525566.0084961075,576909.9912931893,311.92715155504516,273,1:22:40
21.6%,1077500,4309.99999992573,-3526900.7822753936,575651.1027302811,311.24648814224315,273,1:22:37
21.6%,1080000,4319.999999925493,-3528505.069295151,576154.4152562943,311.5186221751958,273,1:22:34
21.6%,1082500,4329.999999925257,-3525304.4857685566,577559.2860394291,312.2782161297117,273,1:22:31
21.7%,1085000,4339.99999992502,-3528385.6316404883,575419.2125485928,311.12110836907357,273,1:22:28
21.8%,1087500,4349.999999924784,-3526848.0553435255,575410.8395978713,311.1165812318978,273,1:22:24
21.8%,1090000,4359.999999924547,-3528140.626007082,575276.8653233194,311.0441432182157,273,1:22:21
21.9%,1092500,4369.999999924311,-3525825.773516409,575296.551574711,311.0547872985992,273,1:22:18
21.9%,1095000,4379.9999999240745,-3527345.283198932,575366.0207736442,311.09234832141226,273,1:22:15
21.9%,1097500,4389.999999923838,-3527985.666509161,575522.3778336211,311.17688839365957,273,1:22:12
22.0%,1100000,4399.9999999236015,-3523265.8222102933,577515.2649096654,312.2544145214493,273,1:22:08
22.1%,1102500,4409.999999923365,-3527851.5140030105,574233.6456116526,310.48008893242167,273,1:22:05
22.1%,1105000,4419.999999923129,-3523451.741788069,576481.7423718085,311.69560336170673,273,1:22:02
22.1%,1107500,4429.999999922892,-3523958.071229771,577790.2419496216,312.40309075536976,273,1:21:59
22.2%,1110000,4439.999999922656,-3527805.886245329,576990.0181807319,311.9704209722085,273,1:21:56
22.2%,1112500,4449.999999922419,-3528696.196636416,574999.7145925632,310.8942917001264,273,1:21:53
22.3%,1115000,4459.999999922183,-3528076.427927723,576817.6000570992,311.8771969078087,273,1:21:50
22.4%,1117500,4469.999999921946,-3525443.9189925008,576980.8191516402,311.96544718602877,273,1:21:46
22.4%,1120000,4479.99999992171,-3528891.1581571233,576039.5938616757,311.4565398554206,273,1:21:44
22.4%,1122500,4489.999999921473,-3528648.1992842704,573840.5395516264,310.26754199197416,273,1:21:41
22.5%,1125000,4499.999999921237,-3525695.1994077247,574958.7984828276,310.87216893270136,273,1:21:37
22.6%,1127500,4509.999999921,-3528809.8838641085,576508.0899364889,311.7098491208809,273,1:21:34
22.6%,1130000,4519.999999920764,-3530350.7504962366,575781.2281395163,311.31684512835926,273,1:21:31
22.6%,1132500,4529.999999920527,-3527594.256213691,574505.8469448659,310.6272643805854,273,1:21:28
22.7%,1135000,4539.999999920291,-3524968.0999077,576522.76368162,311.7177830093392,273,1:21:25
22.8%,1137500,4549.9999999200545,-3527158.7272888403,575119.6221649982,310.9591240450051,273,1:21:22
22.8%,1140000,4559.999999919818,-3524840.7833615206,578258.6774947424,312.65636729327326,273,1:21:18
22.9%,1142500,4569.999999919582,-3525261.76319493,573806.535363608,310.24915640380686,273,1:21:15
22.9%,1145000,4579.999999919345,-3525821.491224112,575663.7793537746,311.25334221500555,273,1:21:12
22.9%,1147500,4589.999999919109,-3527860.1356050633,576961.6408571878,311.95507775084735,273,1:21:09
23.0%,1150000,4599.999999918872,-3528652.699172195,574012.650853155,310.3606001619599,273,1:21:06
23.1%,1152500,4609.999999918636,-3530239.178307321,576164.866249311,311.5242728807336,273,1:21:03
23.1%,1155000,4619.999999918399,-3526113.749948943,576754.2277096082,311.84293236717224,273,1:21:00
23.1%,1157500,4629.999999918163,-3527395.638179699,574681.4156293104,310.7221919090865,273,1:20:56
23.2%,1160000,4639.999999917926,-3530361.9043342993,575270.8702564867,311.04090176955174,273,1:20:53
23.2%,1162500,4649.99999991769,-3528065.5665980317,575207.2278549841,311.00649121449385,273,1:20:50
23.3%,1165000,4659.999999917453,-3527381.0695319884,575719.0439848305,311.2832230269297,273,1:20:47
23.4%,1167500,4669.999999917217,-3529987.0297205783,573329.1405722597,309.99103572695964,273,1:20:44
23.4%,1170000,4679.99999991698,-3527515.658571277,572778.9678065465,309.6935650187693,273,1:20:41
23.4%,1172500,4689.999999916744,-3527978.16809397,575853.2911287749,311.35580857727024,273,1:20:38
23.5%,1175000,4699.9999999165075,-3525531.8403965775,576904.4024563921,311.9241297492713,273,1:20:34
23.6%,1177500,4709.999999916271,-3526034.447010746,573731.9626148916,310.208835963111,273,1:20:31
23.6%,1180000,4719.9999999160345,-3530680.1859358363,577538.6978535095,312.26708438596216,273,1:20:28
23.6%,1182500,4729.999999915798,-3527802.4351193123,573109.1651389103,309.87209809132787,273,1:20:25
23.7%,1185000,4739.999999915562,-3527602.53584837,575120.0130200698,310.9593353748677,273,1:20:22
23.8%,1187500,4749.999999915325,-3525308.4588710964,576405.9152865089,311.65460471878976,273,1:20:18
23.8%,1190000,4759.999999915089,-3525823.285558697,574506.0457332694,310.6273718626908,273,1:20:15
23.9%,1192500,4769.999999914852,-3527930.698060062,575084.8180070652,310.94030592431017,273,1:20:12
23.9%,1195000,4779.999999914616,-3528895.219690075,574248.5386654302,310.4881413979932,273,1:20:09
23.9%,1197500,4789.999999914379,-3523896.6912083253,575271.8127503038,311.0414113627572,273,1:20:06
24.0%,1200000,4799.999999914143,-3528980.478652902,577166.0714501785,312.06561050903264,273,1:20:03
24.1%,1202500,4809.999999913906,-3526982.483742716,574108.4445529204,310.4123944736475,273,1:20:00
24.1%,1205000,4819.99999991367,-3525488.82734148,574927.259467374,310.8551162288103,273,1:19:57
24.1%,1207500,4829.999999913433,-3524396.362467386,573753.7525285969,310.22061746424174,273,1:19:54
24.2%,1210000,4839.999999913197,-3528898.183980124,573740.7283225534,310.2135754584632,273,1:19:50
24.2%,1212500,4849.99999991296,-3525288.1489650384,575606.733459443,311.22249829897817,273,1:19:47
24.3%,1215000,4859.999999912724,-3528159.0456388835,576539.618717316,311.7268962910527,273,1:19:44
24.4%,1217500,4869.9999999124875,-3529486.00169402,573472.4344716645,310.06851273126034,273,1:19:41
24.4%,1220000,4879.999999912251,-3528071.4787601884,575004.2183006551,310.8967267920085,273,1:19:38
24.4%,1222500,4889.999999912015,-3527395.9803794883,575091.8698338727,310.94411874829046,273,1:19:35
24.5%,1225000,4899.999999911778,-3527440.4397075567,573798.0576951443,310.2445726472146,273,1:19:32
24.6%,1227500,4909.999999911542,-3526147.681092255,576554.7025760395,311.73505192218596,273,1:19:28
24.6%,1230000,4919.999999911305,-3530098.091298977,575229.5426814447,311.0185565285989,273,1:19:25
24.6%,1232500,4929.999999911069,-3529700.9267855138,574953.3945501077,310.8692471019722,273,1:19:22
24.7%,1235000,4939.999999910832,-3529325.876769526,574086.5722398129,310.40056842031424,273,1:19:19
24.8%,1237500,4949.999999910596,-3531821.948008299,576263.717982681,311.57772062835755,273,1:19:16
24.8%,1240000,4959.999999910359,-3530333.77261973,574040.587484095,310.3757051070027,273,1:19:13
24.9%,1242500,4969.999999910123,-3527734.599036034,577073.0867695617,312.015334994653,273,1:19:09
24.9%,1245000,4979.999999909886,-3528545.8480459694,577238.2956881069,312.1046611428408,273,1:19:06
24.9%,1247500,4989.99999990965,-3528902.4966638032,575923.3724433425,311.3937005624329,273,1:19:03
25.0%,1250000,4999.999999909413,-3528227.013755627,575452.6244862515,311.139173735767,273,1:19:00
25.1%,1252500,5009.999999909177,-3527595.460112229,576857.8472038944,311.89895797634193,273,1:18:57
25.1%,1255000,5019.9999999089405,-3526913.4827007726,576495.972637416,311.7032974669983,273,1:18:54
25.1%,1257500,5029.999999908704,-3527862.75235641,575166.2090972543,310.98431294673617,273,1:18:51
25.2%,1260000,5039.9999999084675,-3528521.028498227,576102.1136229285,311.4903434146201,273,1:18:48
25.2%,1262500,5049.999999908231,-3532096.379367048,576803.9310159817,311.86980624873775,273,1:18:45
25.3%,1265000,5059.999999907995,-3527006.0080532506,575886.2183158563,311.3736118461164,273,1:18:41
25.4%,1267500,5069.999999907758,-3528230.153652353,576755.3804151333,311.8435556189038,273,1:18:38
25.4%,1270000,5079.999999907522,-3525391.1804531347,576674.4924299186,311.7998206182905,273,1:18:35
25.4%,1272500,5089.999999907285,-3527592.3891242836,574442.393551802,310.592956019743,273,1:18:32
25.5%,1275000,5099.999999907049,-3528490.858233141,577256.006136335,312.1142369341287,273,1:18:29
25.6%,1277500,5109.999999906812,-3530487.113659106,577522.3577733855,312.2582495335135,273,1:18:26
25.6%,1280000,5119.999999906576,-3529159.92111451,575192.288917327,310.99841394015124,273,1:18:23
25.6%,1282500,5129.999999906339,-3525447.6994256284,576106.319441993,311.49261744207774,273,1:18:20
25.7%,1285000,5139.999999906103,-3529867.4022211097,576576.0717026971,311.7466059096539,273,1:18:16
25.8%,1287500,5149.999999905866,-3528078.0193089806,577399.8771919501,312.1920259987082,273,1:18:13
25.8%,1290000,5159.99999990563,-3528658.392978385,577316.0656688693,312.1467102821204,273,1:18:10
25.9%,1292500,5169.999999905393,-3528705.850970112,573833.4112817224,310.26368783628214,273,1:18:07
25.9%,1295000,5179.999999905157,-3528436.415465096,575296.8495153005,311.0549483909027,273,1:18:04
25.9%,1297500,5189.9999999049205,-3530530.809658205,576867.6846531713,311.9042769473735,273,1:18:01
26.0%,1300000,5199.999999904684,-3528269.721735807,574639.7413427534,310.6996592060739,273,1:17:58
26.1%,1302500,5209.999999904448,-3527397.8777459804,575759.1563789473,311.3049112365772,273,1:17:55
26.1%,1305000,5219.999999904211,-3529174.702566093,575109.6058947684,310.9537083879891,273,1:17:52
26.1%,1307500,5229.999999903975,-3529502.8403138183,575753.678790002,311.3019495809587,273,1:17:48
26.2%,1310000,5239.999999903738,-3526279.5579864252,574700.2563558894,310.73237882604707,273,1:17:45
26.2%,1312500,5249.999999903502,-3530056.438189497,575254.6038621913,311.0321067579984,273,1:17:42
26.3%,1315000,5259.999999903265,-3527301.2256082743,578206.9559880211,312.62840219904854,273,1:17:39
26.4%,1317500,5269.999999903029,-3527703.680821428,575288.5218806227,311.050445755477,273,1:17:36
26.4%,1320000,5279.999999902792,-3527920.709681604,575708.5450947379,311.27754642411384,273,1:17:33
26.4%,1322500,5289.999999902556,-3531688.3470090944,574894.839358496,310.8375871300462,273,1:17:30
26.5%,1325000,5299.999999902319,-3529478.3000478614,577592.5405898411,312.2961963993253,273,1:17:26
26.6%,1327500,5309.999999902083,-3525308.367587639,577595.4089428943,312.2977472776444,273,1:17:23
26.6%,1330000,5319.999999901846,-3530007.627326308,575000.9568621595,310.8949633778967,273,1:17:20
26.6%,1332500,5329.99999990161,-3531381.4098121505,575888.9071959467,311.37506568591834,273,1:17:17
26.7%,1335000,5339.9999999013735,-3531019.86267969,575715.7706293244,311.2814531694572,273,1:17:14
26.8%,1337500,5349.999999901137,-3525717.5945205484,575124.8195796574,310.96193421431155,273,1:17:11
26.8%,1340000,5359.999999900901,-3528436.2072358467,575793.4888464881,311.3234743208841,273,1:17:07
26.9%,1342500,5369.999999900664,-3529656.375746267,575887.6104465136,311.37436455166335,273,1:17:04
26.9%,1345000,5379.999999900428,-3531030.040766515,577465.5844521488,312.22755299394066,273,1:17:01
26.9%,1347500,5389.999999900191,-3526187.2228823733,577271.0861289089,312.122390474889,273,1:16:58
27.0%,1350000,5399.999999899955,-3525664.2382363565,573888.9632442446,310.29372400430555,273,1:16:55
27.1%,1352500,5409.999999899718,-3531005.262477543,574364.1241351829,310.55063684249114,273,1:16:52
27.1%,1355000,5419.999999899482,-3527279.1145213395,575867.3427489167,311.3634060914609,273,1:16:48
27.1%,1357500,5429.999999899245,-3525472.8372463807,575774.1434179205,311.3130145186276,273,1:16:45
27.2%,1360000,5439.999999899009,-3530531.0194924064,577210.7022665195,312.08974176628755,273,1:16:42
27.2%,1362500,5449.999999898772,-3531220.1993660834,574668.8489034876,310.71539725645533,273,1:16:39
27.3%,1365000,5459.999999898536,-3527213.0038525723,574971.2546395236,310.87890380215435,273,1:16:36
27.4%,1367500,5469.999999898299,-3531471.06525632,576601.7627730193,311.7604967115241,273,1:16:32
27.4%,1370000,5479.999999898063,-3528682.8419013266,576179.2023354371,311.5320242016974,273,1:16:29
27.4%,1372500,5489.9999998978265,-3526637.5370808616,571121.1907182812,308.79722816750996,273,1:16:26
27.5%,1375000,5499.99999989759,-3527667.1245379746,574838.8050699099,310.807290175076,273,1:16:23
27.6%,1377500,5509.9999998973535,-3528579.568879567,579206.6329826057,313.16891354761594,273,1:16:20
27.6%,1380000,5519.999999897117,-3527127.2889841218,577185.4611711287,312.07609425955997,273,1:16:17
27.6%,1382500,5529.999999896881,-3527382.6097501684,575758.5012659156,311.30455702613705,273,1:16:13
27.7%,1385000,5539.999999896644,-3531837.861985162,577765.0814424554,312.3894868215665,273,1:16:10
27.8%,1387500,5549.999999896408,-3527523.109882677,573897.278755119,310.2982200845605,273,1:16:07
27.8%,1390000,5559.999999896171,-3530209.818533687,575941.3821462095,311.4034381565125,273,1:16:04
27.9%,1392500,5569.999999895935,-3530397.4382609166,575014.2561811982,310.9021541334183,273,1:16:01
27.9%,1395000,5579.999999895698,-3529492.9251503106,574062.8194469686,310.387725617927,273,1:15:58
27.9%,1397500,5589.999999895462,-3528284.8655811213,574152.2146569231,310.436060355797,273,1:15:54
28.0%,1400000,5599.999999895225,-3528859.2130783144,574838.5945263435,310.8071763371187,273,1:15:51
28.1%,1402500,5609.999999894989,-3526516.7647164557,575672.809721904,311.25822480856533,273,1:15:48
28.1%,1405000,5619.999999894752,-3528154.39114945,575661.7571576168,311.25224884186775,273,1:15:45
28.1%,1407500,5629.999999894516,-3526765.3558862265,575079.3765182411,310.9373637875215,273,1:15:42
28.2%,1410000,5639.999999894279,-3527750.4438285343,575060.8097746007,310.92732500929816,273,1:15:39
28.2%,1412500,5649.999999894043,-3525658.369309796,575625.618706903,311.2327092877555,273,1:15:35
28.3%,1415000,5659.9999998938065,-3530546.1634818,575306.8867290716,311.0603753717982,273,1:15:32
28.4%,1417500,5669.99999989357,-3523331.729415996,575293.9166101605,311.05336261017453,273,1:15:29
28.4%,1420000,5679.999999893334,-3523462.4646743424,576341.7377819198,311.61990484098817,273,1:15:26
28.4%,1422500,5689.999999893097,-3531966.5679649003,573123.8284645819,309.8800263461303,273,1:15:22
28.5%,1425000,5699.999999892861,-3528403.3759255297,574994.3252446377,310.8913777551913,273,1:15:19
28.6%,1427500,5709.999999892624,-3526792.1095628887,575738.696055924,311.2938486265048,273,1:15:16
28.6%,1430000,5719.999999892388,-3526057.7517979387,575398.8846278461,311.1101173470575,273,1:15:13
28.6%,1432500,5729.999999892151,-3527181.02448071,574162.8169595602,310.4417928723272,273,1:15:10
28.7%,1435000,5739.999999891915,-3528136.17428297,576039.7225595483,311.45660944055766,273,1:15:07
28.8%,1437500,5749.999999891678,-3530377.2929682042,574706.2923659096,310.735642412119,273,1:15:03
28.8%,1440000,5759.999999891442,-3527672.1272700485,573344.9371043919,309.99957669062263,273,1:15:00
28.9%,1442500,5769.999999891205,-3526382.8064080514,575676.7426154331,311.26035126900877,273,1:14:57
28.9%,1445000,5779.999999890969,-3529254.397665769,573324.2768957613,309.98840600520214,273,1:14:54
28.9%,1447500,5789.999999890732,-3527986.9738592785,575730.9198214526,311.28964412544724,273,1:14:51
29.0%,1450000,5799.999999890496,-3528773.9442481417,574252.3638599579,310.49020962709517,273,1:14:47
29.1%,1452500,5809.9999998902595,-3526879.795463614,575640.2464668513,311.2406183126696,273,1:14:44
29.1%,1455000,5819.999999890023,-3532628.4293424115,575851.8144691556,311.3550101680976,273,1:14:41
29.1%,1457500,5829.9999998897865,-3530504.5105673,575289.2954401878,311.0508640082987,273,1:14:38
29.2%,1460000,5839.99999988955,-3527621.067972934,576442.4442216798,311.67435540237847,273,1:14:35
29.2%,1462500,5849.999999889314,-3527028.305556914,577171.5294050006,312.0685615487558,273,1:14:31
29.3%,1465000,5859.999999889077,-3526957.1019058153,576983.7329137223,311.96702261637364,273,1:14:28
29.4%,1467500,5869.999999888841,-3528508.4704150334,578878.8259329256,312.99167286742386,273,1:14:25
29.4%,1470000,5879.999999888604,-3529052.4315620866,573883.8417193568,310.2909548675356,273,1:14:22
29.4%,1472500,5889.999999888368,-3526941.5183408093,575727.3526615378,311.2877154120463,273,1:14:19
29.5%,1475000,5899.999999888131,-3530017.686214,574058.3081996144,310.3852864496713,273,1:14:16
29.6%,1477500,5909.999999887895,-3528576.578075772,574523.6613629151,310.63689638689937,273,1:14:12
29.6%,1480000,5919.999999887658,-3527044.7183272038,574697.8076482001,310.7310548440983,273,1:14:09
29.6%,1482500,5929.999999887422,-3528844.403165534,578391.1517138593,312.7279942479928,273,1:14:06
29.7%,1485000,5939.999999887185,-3529478.417062292,575295.5476228581,311.05424447589456,273,1:14:03
29.8%,1487500,5949.999999886949,-3527038.5842459816,576753.088323158,311.84231631687794,273,1:14:00
29.8%,1490000,5959.999999886712,-3529375.109810233,576970.1469433208,311.95967687247526,273,1:13:56
29.9%,1492500,5969.999999886476,-3525325.947308792,574659.3104670176,310.7102399574602,273,1:13:53
29.9%,1495000,5979.9999998862395,-3530949.9009636194,573724.2771220857,310.20468052480106,273,1:13:50
29.9%,1497500,5989.999999886003,-3530974.3271707185,576233.5586595838,311.56141390479837,273,1:13:47
30.0%,1500000,5999.999999885767,-3528857.644052593,574480.8269789158,310.6137364354491,273,1:13:44
30.1%,1502500,6009.99999988553,-3529822.7182498462,575008.4339520391,310.8990061356635,273,1:13:41
30.1%,1505000,6019.999999885294,-3529448.9397784565,573889.1098563,310.29380327539036,273,1:13:38
30.1%,1507500,6029.999999885057,-3524818.3448168784,574316.2660575826,310.52476065027736,273,1:13:34
30.2%,1510000,6039.999999884821,-3526620.0539336074,575086.7944106101,310.9413745380235,273,1:13:31
30.2%,1512500,6049.999999884584,-3525977.886077741,575705.4349956025,311.27586483707427,273,1:13:28
30.3%,1515000,6059.999999884348,-3526271.106885461,572492.8089487492,309.53884293256505,273,1:13:25
30.4%,1517500,6069.999999884111,-3524582.0204794854,574627.629070555,310.693110270152,273,1:13:21
30.4%,1520000,6079.999999883875,-3528403.7395626735,575140.6318254555,310.97048367413356,273,1:13:18
30.4%,1522500,6089.999999883638,-3526839.74059619,576089.1489706663,311.4833336087369,273,1:13:15
30.5%,1525000,6099.999999883402,-3528885.3466803227,574585.9018235626,310.67054893217374,273,1:13:12
30.6%,1527500,6109.999999883165,-3528486.2990576625,576843.9511521298,311.8914445757938,273,1:13:09
30.6%,1530000,6119.999999882929,-3528703.7480900083,575946.7719123691,311.4063523275809,273,1:13:06
30.6%,1532500,6129.9999998826925,-3525637.602417562,576832.6335557702,311.88532530996696,273,1:13:02
30.7%,1535000,6139.999999882456,-3526725.598929966,575453.1391735307,311.13945201996967,273,1:12:59
30.8%,1537500,6149.9999998822195,-3526270.532431124,575489.2804858466,311.15899312131006,273,1:12:56
30.8%,1540000,6159.999999881983,-3526521.1083892975,573256.964856463,309.9520113283885,273,1:12:53
30.9%,1542500,6169.999999881747,-3524332.929422723,574189.7890023335,310.4563762780593,273,1:12:50
30.9%,1545000,6179.99999988151,-3527674.1057731733,576055.9966662002,311.4654086220741,273,1:12:46
30.9%,1547500,6189.999999881274,-3526545.391781235,575910.4888866344,311.3867346037799,273,1:12:43
31.0%,1550000,6199.999999881037,-3527008.3604855035,575918.6184854617,311.3911301639952,273,1:12:40
31.1%,1552500,6209.999999880801,-3527314.8725047223,573017.9174510924,309.8227617446246,273,1:12:37
31.1%,1555000,6219.999999880564,-3528408.404468894,576179.4845488716,311.53217679054853,273,1:12:34
31.1%,1557500,6229.999999880328,-3527340.441607736,575501.6530780983,311.16568280863856,273,1:12:31
31.2%,1560000,6239.999999880091,-3528767.3377884254,575948.3053581732,311.4071814402484,273,1:12:27
31.2%,1562500,6249.999999879855,-3527075.2692889385,573644.0283224916,310.1612911228997,273,1:12:24
31.3%,1565000,6259.999999879618,-3524772.9652761742,575674.8553196533,311.25933083461587,273,1:12:21
31.4%,1567500,6269.999999879382,-3532246.459656788,577807.6351711631,312.41249502663163,273,1:12:18
31.4%,1570000,6279.999999879145,-3529037.696041977,575207.0430479981,311.0063912919451,273,1:12:15
31.4%,1572500,6289.999999878909,-3531023.2751760837,575116.1096187187,310.95722486043184,273,1:12:12
31.5%,1575000,6299.9999998786725,-3531459.3587088883,574387.0788977513,310.56304816108616,273,1:12:09
31.6%,1577500,6309.999999878436,-3526520.099662235,576075.2556152438,311.47582166606327,273,1:12:06
31.6%,1580000,6319.9999998782,-3527400.992471952,574948.8467120748,310.8667881496491,273,1:12:02
31.6%,1582500,6329.999999877963,-3526300.7985593826,576030.0515069424,311.45138043787534,273,1:11:59
31.7%,1585000,6339.999999877727,-3526472.5757538117,578496.3609994942,312.7848794350767,273,1:11:56
31.8%,1587500,6349.99999987749,-3527265.7283888645,574563.6915686352,310.6585401584319,273,1:11:53
31.8%,1590000,6359.999999877254,-3527901.4081817344,575438.0942388154,311.1313174345024,273,1:11:50
31.9%,1592500,6369.999999877017,-3527420.4201867487,575434.9824624714,311.1296349406196,273,1:11:46
31.9%,1595000,6379.999999876781,-3527437.5108944494,577096.472957714,312.0279795790182,273,1:11:43
31.9%,1597500,6389.999999876544,-3529220.3296115026,574435.4020793571,310.58917582852104,273,1:11:40
32.0%,1600000,6399.999999876308,-3527773.1258333754,575968.248078111,311.41796418958245,273,1:11:37
32.0%,1602500,6409.999999876071,-3526967.381572744,574405.5461290987,310.5730331344065,273,1:11:34
32.1%,1605000,6419.999999875835,-3528536.6527190357,575703.5963144635,311.2748706879367,273,1:11:30
32.1%,1607500,6429.999999875598,-3527047.5802181736,576253.8511297716,311.5723857591937,273,1:11:27
32.2%,1610000,6439.999999875362,-3529678.678713221,574322.2630316205,310.52800313014046,273,1:11:24
32.2%,1612500,6449.9999998751255,-3530955.856766863,574052.2026392954,310.38198525872696,273,1:11:21
32.3%,1615000,6459.999999874889,-3529534.731634006,574936.4850790724,310.8601043878332,273,1:11:18
32.4%,1617500,6469.9999998746525,-3526732.417492751,577520.505572183,312.257248074267,273,1:11:14
32.4%,1620000,6479.999999874416,-3526881.570967214,572969.5125003742,309.79658986577596,273,1:11:11
32.5%,1622500,6489.99999987418,-3526361.2976925895,574601.7823965377,310.6791353355433,273,1:11:08
32.5%,1625000,6499.999999873943,-3527050.8957247846,576352.1825093864,311.6255521588309,273,1:11:05
32.5%,1627500,6509.999999873707,-3530598.5848446395,576974.5390841316,311.9620516414913,273,1:11:02
32.6%,1630000,6519.99999987347,-3526477.4354422763,575355.2708159091,311.0865359698388,273,1:10:58
32.6%,1632500,6529.999999873234,-3528741.111071389,576441.5290944541,311.6738606059057,273,1:10:55
32.7%,1635000,6539.999999872997,-3529048.960921392,575365.8229392236,311.0922413551121,273,1:10:52
32.8%,1637500,6549.999999872761,-3528259.591034144,576579.0721863458,311.74822822913524,273,1:10:49
32.8%,1640000,6559.999999872524,-3523048.391582696,574294.087538244,310.5127690355239,273,1:10:45
32.9%,1642500,6569.999999872288,-3529717.3278555684,573070.6300226673,309.85126269373393,273,1:10:42
32.9%,1645000,6579.999999872051,-3528820.4668687284,573935.2651250944,310.3187587827339,273,1:10:39
33.0%,1647500,6589.999999871815,-3530429.0306728575,576010.3868106965,311.44074801205716,274,1:10:36
33.0%,1650000,6599.999999871578,-3527703.5373394005,573363.8735264032,310.009815348763,274,1:10:33
33.0%,1652500,6609.999999871342,-3532279.50260829,578811.4766597976,312.95525805880004,274,1:10:29
33.1%,1655000,6619.9999998711055,-3529195.449041022,574373.9080680329,310.5559268779403,274,1:10:26
33.1%,1657500,6629.999999870869,-3525401.937384937,576246.9799134812,311.5686705887901,274,1:10:23
33.2%,1660000,6639.999999870633,-3524561.547476193,577210.1007601258,312.0894165402057,274,1:10:20
33.2%,1662500,6649.999999870396,-3527713.504465334,576169.5837713277,311.5268235788101,274,1:10:17
33.3%,1665000,6659.99999987016,-3528436.1679619793,575214.7909413632,311.0105804693634,274,1:10:14
33.4%,1667500,6669.999999869923,-3529192.435499249,573884.3813662835,310.29124664707,274,1:10:10
33.4%,1670000,6679.999999869687,-3528270.292268358,574411.2204301672,310.57610114951467,274,1:10:07
33.5%,1672500,6689.99999986945,-3528867.3307922874,575213.5070467456,311.0098862855271,274,1:10:04
33.5%,1675000,6699.999999869214,-3525667.676523948,577270.6301792193,312.1221439492783,274,1:10:01
33.5%,1677500,6709.999999868977,-3528619.9488934353,578762.1960393479,312.928612717593,274,1:09:58
33.6%,1680000,6719.999999868741,-3528187.2564120386,575307.8051642466,311.06087195683284,274,1:09:55
33.6%,1682500,6729.999999868504,-3527575.719288023,576210.0641907904,311.5487107746072,274,1:09:51
33.7%,1685000,6739.999999868268,-3529571.305917034,574394.4514470501,310.5670343952252,274,1:09:48
33.8%,1687500,6749.999999868031,-3529112.402671205,574093.6682908431,310.40440515571237,274,1:09:45
33.8%,1690000,6759.999999867795,-3532784.2940372266,574912.4892183183,310.84713016203176,274,1:09:42
33.9%,1692500,6769.9999998675585,-3530359.9632893354,573883.6758112719,310.2908651633579,274,1:09:39
33.9%,1695000,6779.999999867322,-3529289.5757248625,576896.5863366539,311.9199036828087,274,1:09:36
34.0%,1697500,6789.9999998670855,-3526687.295854384,573723.8422357187,310.20444538783386,274,1:09:32
34.0%,1700000,6799.999999866849,-3526745.294448063,574898.9392958711,310.8398039087573,274,1:09:29
34.0%,1702500,6809.999999866613,-3527638.826137116,576472.5346824817,311.6906248930591,274,1:09:26
34.1%,1705000,6819.999999866376,-3526423.3805848863,575865.2462276305,311.3622725317673,274,1:09:23
34.1%,1707500,6829.99999986614,-3528843.053198384,576306.3573363721,311.60077512965194,274,1:09:20
34.2%,1710000,6839.999999865903,-3525780.3658851087,572399.7459383535,309.48852506637104,274,1:09:17
34.2%,1712500,6849.999999865667,-3530369.138459461,576800.1407943103,311.86775692896936,274,1:09:13
34.3%,1715000,6859.99999986543,-3528300.027576614,574280.507697233,310.50542660570113,274,1:09:10
34.4%,1717500,6869.999999865194,-3529279.278907595,575216.0954714008,311.01128581048226,274,1:09:07
34.4%,1720000,6879.999999864957,-3524848.776870612,577650.293514306,312.32742259664235,274,1:09:04
34.5%,1722500,6889.999999864721,-3529068.146517329,574479.4449115711,310.61298917099435,274,1:09:01
34.5%,1725000,6899.999999864484,-3528582.805004021,575895.445208753,311.37860069786524,274,1:08:58
34.5%,1727500,6909.999999864248,-3527155.156051092,573583.4953418833,310.12856178816594,274,1:08:54
34.6%,1730000,6919.999999864011,-3529980.1592488755,576219.9280735344,311.5540440378441,274,1:08:51
34.6%,1732500,6929.999999863775,-3528600.3305494618,575518.2100928331,311.17463495459276,274,1:08:48
34.7%,1735000,6939.9999998635385,-3528224.7325640377,574915.4992717673,310.84875765577004,274,1:08:45
34.8%,1737500,6949.999999863302,-3526426.8701268025,574679.3912721486,310.7210973675241,274,1:08:42
34.8%,1740000,6959.999999863066,-3528225.5273970608,576778.9825758658,311.8563169766181,274,1:08:39
34.9%,1742500,6969.999999862829,-3527427.113960374,574956.0718563315,310.8706946839466,274,1:08:35
34.9%,1745000,6979.999999862593,-3531526.433256559,575977.2542775949,311.42283371549416,274,1:08:32
35.0%,1747500,6989.999999862356,-3524738.6620844435,576550.2432190457,311.73264081032136,274,1:08:29
35.0%,1750000,6999.99999986212,-3525611.225030139,575254.9749801246,311.03230741626675,274,1:08:26
35.0%,1752500,7009.999999861883,-3526929.281628005,576180.5483824996,311.5327519904901,274,1:08:23
35.1%,1755000,7019.999999861647,-3529454.1712294184,577051.9037671157,312.0038816419392,274,1:08:20
35.1%,1757500,7029.99999986141,-3527121.057607157,575968.4241929455,311.41805941240665,274,1:08:17
35.2%,1760000,7039.999999861174,-3528921.400789302,576409.4895490215,311.65653727246587,274,1:08:13
35.2%,1762500,7049.999999860937,-3528995.3368194494,573704.4738599877,310.1939731783675,274,1:08:10
35.3%,1765000,7059.999999860701,-3531072.4295766167,574984.2154454906,310.8859115283996,274,1:08:07
35.4%,1767500,7069.999999860464,-3527707.0077143833,575205.335251928,311.00546791053097,274,1:08:04
35.4%,1770000,7079.999999860228,-3527663.395554932,574947.9965593851,310.86632848399773,274,1:08:01
35.5%,1772500,7089.9999998599915,-3522608.325748466,576190.8394814555,311.5383162435489,274,1:07:58
35.5%,1775000,7099.999999859755,-3526756.409673987,574544.4130208548,310.64811651768036,274,1:07:55
35.5%,1777500,7109.9999998595185,-3528293.8244697116,575720.251069495,311.28387568070025,273,1:07:52
35.6%,1780000,7119.999999859282,-3529919.8443379514,575617.2747258102,311.2281978140521,273,1:07:48
35.6%,1782500,7129.999999859046,-3528021.5251732618,573335.8136727551,309.99464377892787,273,1:07:45
35.7%,1785000,7139.999999858809,-3530214.1558646765,575387.518645151,311.10397191941684,273,1:07:42
35.8%,1787500,7149.999999858573,-3528360.9479291774,575921.3818293691,311.3926242653399,274,1:07:39
35.8%,1790000,7159.999999858336,-3529220.412921546,573843.4152865093,310.26909686154505,273,1:07:36
35.9%,1792500,7169.9999998581,-3528218.7586952355,576228.9670986268,311.55893131210263,273,1:07:33
35.9%,1795000,7179.999999857863,-3531113.59029459,575038.5574590166,310.9152934939484,273,1:07:29
36.0%,1797500,7189.999999857627,-3528694.1666265987,576760.8936481208,311.8465365467567,273,1:07:26
36.0%,1800000,7199.99999985739,-3529787.3753576837,576176.8914083147,311.5307747157713,273,1:07:23
36.0%,1802500,7209.999999857154,-3525137.6851452906,575053.9113102191,310.92359510623334,273,1:07:20
36.1%,1805000,7219.999999856917,-3529879.826847179,575437.8023210053,311.13115959863137,273,1:07:17
36.1%,1807500,7229.999999856681,-3525834.8113541547,573741.4227699558,310.21395093644657,273,1:07:14
36.2%,1810000,7239.999999856444,-3525881.737161083,576242.5906442702,311.5662973724079,273,1:07:11
36.2%,1812500,7249.999999856208,-3531317.705988437,574315.0758105699,310.5241171003893,273,1:07:08
36.3%,1815000,7259.9999998559715,-3530393.807281079,573810.75182685,310.25143618642204,273,1:07:04
36.4%,1817500,7269.999999855735,-3531912.2836830523,574976.0406800664,310.88149154723817,273,1:07:01
36.4%,1820000,7279.999999855499,-3527573.255825091,578155.9015030193,312.6007977541246,273,1:06:58
36.5%,1822500,7289.999999855262,-3528433.383167755,573918.2271137568,310.3095465686539,273,1:06:55
36.5%,1825000,7299.999999855026,-3526421.8388981055,575622.4809832282,311.23101276451445,273,1:06:52
36.5%,1827500,7309.999999854789,-3526502.931707371,577820.4941493643,312.41944769603026,273,1:06:49
36.6%,1830000,7319.999999854553,-3527922.4323567357,578297.6068101192,312.67741582881735,273,1:06:45
36.6%,1832500,7329.999999854316,-3530717.607436655,574762.2486603914,310.7658971967695,273,1:06:42
36.7%,1835000,7339.99999985408,-3528141.0780024156,574479.0206288125,310.6127597672496,273,1:06:39
36.8%,1837500,7349.999999853843,-3524961.299169183,576044.4067008806,311.45914209016564,273,1:06:36
36.8%,1840000,7359.999999853607,-3529558.31809072,576073.6697807896,311.47496422758655,273,1:06:33
36.9%,1842500,7369.99999985337,-3528051.047357291,575730.4690643267,311.289400407383,273,1:06:29
36.9%,1845000,7379.999999853134,-3529378.2820443995,576385.3781376982,311.6435005700902,273,1:06:26
37.0%,1847500,7389.999999852897,-3527874.3133103196,576629.6656612892,311.77558341237796,273,1:06:23
37.0%,1850000,7399.999999852661,-3529238.7838981804,578357.9727737597,312.710054859816,273,1:06:20
37.0%,1852500,7409.9999998524245,-3528023.373553382,576998.6396405855,311.9750824747912,273,1:06:17
37.1%,1855000,7419.999999852188,-3531256.8849967457,577900.913172197,312.46292913525235,273,1:06:14
37.1%,1857500,7429.9999998519515,-3527552.1147659402,573016.4585694969,309.82197294778035,273,1:06:10
37.2%,1860000,7439.999999851715,-3529191.767657753,575584.3509997614,311.21039641653783,273,1:06:07
37.2%,1862500,7449.999999851479,-3526056.013453951,575761.7376778226,311.306306908723,273,1:06:04
37.3%,1865000,7459.999999851242,-3526596.7317913603,573913.8203168334,310.3071638752831,273,1:06:01
37.4%,1867500,7469.999999851006,-3529275.6347415857,578110.3507364398,312.5761690926614,273,1:05:58
37.4%,1870000,7479.999999850769,-3525885.961409036,577415.0830408058,312.2002475881972,273,1:05:55
37.5%,1872500,7489.999999850533,-3530957.5862200316,573444.1643511689,310.05322747308594,273,1:05:52
37.5%,1875000,7499.999999850296,-3526257.058645496,574780.4398390214,310.7757329122522,273,1:05:48
37.5%,1877500,7509.99999985006,-3528768.6684263106,579583.8294564318,313.3728583976495,273,1:05:45
37.6%,1880000,7519.999999849823,-3529328.7200054433,577293.4654180389,312.13449064305655,273,1:05:42
37.6%,1882500,7529.999999849587,-3529097.873447094,577049.8865885334,312.0027909817342,274,1:05:39
37.7%,1885000,7539.99999984935,-3530195.621633094,573645.2753100523,310.16196535160736,274,1:05:36
37.8%,1887500,7549.999999849114,-3526980.0081805624,578464.1616596165,312.7674697030186,274,1:05:32
37.8%,1890000,7559.999999848877,-3527605.456501372,576335.9992097262,311.6168020753829,274,1:05:29
37.9%,1892500,7569.999999848641,-3529558.0119359586,574914.6510799825,310.8482990503525,273,1:05:26
37.9%,1895000,7579.9999998484045,-3530914.5185244605,574745.608418846,310.75690005124454,274,1:05:23
38.0%,1897500,7589.999999848168,-3529454.2681463268,576964.5771650493,311.9566653713794,274,1:05:20
38.0%,1900000,7599.999999847932,-3528664.8373270985,573660.9755227959,310.1704542367261,274,1:05:17
38.0%,1902500,7609.999999847695,-3531345.863463709,575388.2285991461,311.10435578159775,274,1:05:14
38.1%,1905000,7619.999999847459,-3529472.3292413577,573874.4769996144,310.2858914947418,273,1:05:10
38.1%,1907500,7629.999999847222,-3529612.150538169,573364.5816460783,310.01019821915276,273,1:05:07
38.2%,1910000,7639.999999846986,-3528020.4603740554,574941.2362612693,310.8626732854976,273,1:05:04
38.2%,1912500,7649.999999846749,-3529519.3010472227,578665.8473528103,312.8765183323314,273,1:05:01
38.3%,1915000,7659.999999846513,-3527813.118641367,577195.8039167331,312.0816864372382,273,1:04:58
38.4%,1917500,7669.999999846276,-3525645.4614796713,577148.0968695343,312.055891905047,273,1:04:55
38.4%,1920000,7679.99999984604,-3524831.799220657,577631.7698042447,312.3174070860726,273,1:04:51
38.5%,1922500,7689.999999845803,-3528425.5163199175,575374.5674058406,311.0969693657288,273,1:04:48
38.5%,1925000,7699.999999845567,-3525790.2821386084,576430.5892449878,311.667945582533,273,1:04:45
38.5%,1927500,7709.99999984533,-3524839.0201174505,573522.1839576866,310.09541158151507,274,1:04:42
38.6%,1930000,7719.999999845094,-3528231.0039639063,575203.7715887143,311.00462245973347,273,1:04:39
38.6%,1932500,7729.9999998448575,-3529810.3194025755,576368.2424247684,311.63423553012774,273,1:04:36
38.7%,1935000,7739.999999844621,-3527937.3722967114,573586.6014608748,310.1302412231975,274,1:04:32
38.8%,1937500,7749.999999844385,-3526849.054720603,575565.7379612509,311.20033260732674,274,1:04:29
38.8%,1940000,7759.999999844148,-3526252.923767917,576628.4966735155,311.7749513570626,274,1:04:26
38.9%,1942500,7769.999999843912,-3528232.775825314,575198.385400601,311.0017102232645,274,1:04:23
38.9%,1945000,7779.999999843675,-3525839.471433388,575487.7588290382,311.15817038278755,274,1:04:20
39.0%,1947500,7789.999999843439,-3529807.523194194,574264.611684455,310.49683185424635,274,1:04:17
39.0%,1950000,7799.999999843202,-3527794.091048401,576605.0606779796,311.7622798425427,273,1:04:14
39.0%,1952500,7809.999999842966,-3530342.8256296534,574530.2664251903,310.6404676515549,273,1:04:10
39.1%,1955000,7819.999999842729,-3528400.325181376,572163.3737365053,309.36072192768034,273,1:04:07
39.1%,1957500,7829.999999842493,-3525101.9591451865,573722.201804166,310.20355842947066,273,1:04:04
39.2%,1960000,7839.999999842256,-3527938.434693668,574817.576870644,310.7958123850748,273,1:04:01
39.2%,1962500,7849.99999984202,-3527142.982385095,574853.9736356407,310.81549160610155,273,1:03:58
39.3%,1965000,7859.999999841783,-3525497.115116367,575114.5158652411,310.95636314025006,273,1:03:55
39.4%,1967500,7869.999999841547,-3525521.6141522992,576957.125629722,311.95263643060105,273,1:03:52
39.4%,1970000,7879.9999998413105,-3527240.7512976527,576738.7763979195,311.8345780593676,273,1:03:48
39.5%,1972500,7889.999999841074,-3530997.7614933252,576189.5772023723,311.5376337469292,273,1:03:45
39.5%,1975000,7899.9999998408375,-3528625.2275351286,574078.3330966255,310.3961136309979,273,1:03:42
39.5%,1977500,7909.999999840601,-3528146.964848483,574074.1314798952,310.3938418756835,273,1:03:39
39.6%,1980000,7919.999999840365,-3527107.742760632,577346.703124629,312.16327552531305,273,1:03:36
39.6%,1982500,7929.999999840128,-3528322.872154437,575509.5607764571,311.1699583903786,273,1:03:33
39.7%,1985000,7939.999999839892,-3526209.854668213,575592.3077403558,311.21469851472784,273,1:03:29
39.8%,1987500,7949.999999839655,-3526443.412659202,576377.413901832,311.6391944193118,273,1:03:26
39.8%,1990000,7959.999999839419,-3528307.9298307,576863.9077811651,311.9022348455821,273,1:03:23
39.9%,1992500,7969.999999839182,-3527894.4714562576,575198.0863643782,311.0015485385675,273,1:03:20
39.9%,1995000,7979.999999838946,-3525880.8482054863,576265.8801518593,311.5788896829469,273,1:03:17
40.0%,1997500,7989.999999838709,-3527811.088412624,574463.8873683036,310.60457742526296,273,1:03:14
40.0%,2000000,7999.999999838473,-3527256.9685757607,574701.0155288659,310.73278930024173,273,1:03:11
40.0%,2002500,8009.999999838236,-3525405.0674726833,576140.6995119122,311.51120626432385,273,1:03:08
40.1%,2005000,8019.999999838,-3526517.9935432207,574537.2581388084,310.6442479731758,273,1:03:04
40.1%,2007500,8029.999999837763,-3529983.4582630415,574805.9442290377,310.7895227786958,273,1:03:01
40.2%,2010000,8039.999999837527,-3529998.705134755,576356.7595143038,311.6280268812799,273,1:02:58
40.2%,2012500,8049.9999998372905,-3526944.6622978617,574782.9740178928,310.7771031072719,273,1:02:55
40.3%,2015000,8059.999999837054,-3529595.19811167,576245.5649604747,311.5679055435187,273,1:02:52
40.4%,2017500,8069.999999836818,-3529032.2710531056,576278.526836633,311.5857275682628,273,1:02:49
40.4%,2020000,8079.999999836581,-3528501.031521857,575971.7755149938,311.41987142529644,273,1:02:45
40.5%,2022500,8089.999999836345,-3528892.3794009537,576966.4596595872,311.9576832098081,273,1:02:42
40.5%,2025000,8099.999999836108,-3526627.743479274,574663.3756184663,310.71243792790824,273,1:02:39
40.5%,2027500,8109.999999835872,-3526245.307798013,573586.5696432297,310.13022401984244,273,1:02:36
40.6%,2030000,8119.999999835635,-3527056.120292619,574790.895363645,310.7813860679664,273,1:02:33
40.6%,2032500,8129.999999835399,-3527925.4337875824,575104.0373237429,310.9506975396342,273,1:02:30
40.7%,2035000,8139.999999835162,-3529178.926282972,576286.9321891202,311.59027222461947,273,1:02:26
40.8%,2037500,8149.999999834926,-3526543.9544181675,574632.4701186297,310.69572775703773,273,1:02:23
40.8%,2040000,8159.999999834689,-3530025.1831716932,578903.70430725,313.00512425595144,273,1:02:20
40.9%,2042500,8169.999999834453,-3525566.5911955927,574536.5516095926,310.6438659627251,273,1:02:17
40.9%,2045000,8179.999999834216,-3530784.888634678,577365.0850709146,312.17321438619507,273,1:02:14
41.0%,2047500,8189.99999983398,-3526412.5506715793,574579.2800929273,310.66696865516934,273,1:02:11
41.0%,2050000,8199.999999835562,-3527617.365305979,574919.1756785433,310.85074543741865,273,1:02:08
41.0%,2052500,8209.999999837599,-3528350.7301373705,575182.6727343517,310.99321460470975,273,1:02:04
41.1%,2055000,8219.999999839636,-3529708.4785670415,571987.1399659447,309.2654347964321,273,1:02:01
41.1%,2057500,8229.999999841673,-3528827.0189781524,576248.9826387197,311.5697534342746,273,1:01:58
41.2%,2060000,8239.99999984371,-3529287.333031127,576180.4533964456,311.5327006328612,273,1:01:55
41.2%,2062500,8249.999999845748,-3528615.7706071883,573537.5837086899,310.1037380111793,273,1:01:52
41.3%,2065000,8259.999999847785,-3526804.305830365,576125.4773715769,311.50297586626,273,1:01:49
41.4%,2067500,8269.999999849822,-3527853.2279203255,576647.9644594599,311.7854773162388,273,1:01:46
41.4%,2070000,8279.99999985186,-3529151.5860911664,573424.0212925626,310.04233640343995,273,1:01:42
41.5%,2072500,8289.999999853897,-3529468.1144667044,576204.2864539656,311.5455868332343,273,1:01:39
41.5%,2075000,8299.999999855934,-3528479.3879620656,574267.0035021093,310.4981250765501,273,1:01:36
41.5%,2077500,8309.999999857971,-3526268.9411289115,575976.4421843924,311.4223946280745,273,1:01:33
41.6%,2080000,8319.999999860009,-3527106.2705368474,575564.3415375589,311.19957758059616,273,1:01:30
41.6%,2082500,8329.999999862046,-3523619.524389729,576222.4864947009,311.5554273403332,273,1:01:26
41.7%,2085000,8339.999999864083,-3528315.14338232,575168.1888823851,310.9853833888257,273,1:01:23
41.8%,2087500,8349.99999986612,-3526472.404837271,574517.0685754684,310.6333317590716,273,1:01:20
41.8%,2090000,8359.999999868158,-3529261.536084449,573366.6911621348,310.01133880493666,273,1:01:17
41.9%,2092500,8369.999999870195,-3531583.036779633,575315.4303607666,311.0649947937856,273,1:01:14
41.9%,2095000,8379.999999872232,-3532176.3255336974,573005.3869244352,309.8159866643752,273,1:01:11
42.0%,2097500,8389.99999987427,-3530253.9312352687,576171.6420827756,311.52793647897926,273,1:01:08
42.0%,2100000,8399.999999876307,-3527250.6322183236,576289.6331329535,311.59173258711826,273,1:01:04
42.0%,2102500,8409.999999878344,-3527749.1149131376,574945.1182099438,310.8647722007717,273,1:01:01
42.1%,2105000,8419.999999880381,-3528487.559334865,575256.7138391277,311.0332475929736,273,1:00:58
42.1%,2107500,8429.999999882419,-3525839.1752850525,575465.7258864812,311.1462574793608,273,1:00:55
42.2%,2110000,8439.999999884456,-3529577.861384131,574493.894628412,310.620801930494,273,1:00:52
42.2%,2112500,8449.999999886493,-3529784.5465628766,575754.6638761414,311.30248220323625,273,1:00:49
42.3%,2115000,8459.99999988853,-3527565.9079867713,574372.3357992634,310.5550767742393,273,1:00:46
42.4%,2117500,8469.999999890568,-3529612.0494665634,574411.1199704439,310.5760468323494,273,1:00:42
42.4%,2120000,8479.999999892605,-3526793.7915690225,575906.6647447182,311.3846669438103,273,1:00:39
42.5%,2122500,8489.999999894642,-3528687.3915389273,573192.0867970898,309.91693267042774,273,1:00:36
42.5%,2125000,8499.99999989668,-3529414.3227140363,574651.9299881416,310.7062494359098,273,1:00:33
42.5%,2127500,8509.999999898717,-3530353.116274083,573345.4508730993,309.99985447816636,273,1:00:30
42.6%,2130000,8519.999999900754,-3528318.5455270465,575964.0281391166,311.4156825276766,273,1:00:27
42.6%,2132500,8529.999999902791,-3527718.10883916,576636.8730298607,311.7794803356114,273,1:00:24
42.7%,2135000,8539.999999904829,-3528574.6512887347,574787.9516047308,310.7797944187545,273,1:00:21
42.8%,2137500,8549.999999906866,-3526690.7084786203,573874.9193269538,310.2861306549386,273,1:00:17
42.8%,2140000,8559.999999908903,-3528001.7072744444,575378.5981067985,311.09914870927895,273,1:00:14
42.9%,2142500,8569.99999991094,-3525454.857929362,573712.186913677,310.19814351846117,273,1:00:11
42.9%,2145000,8579.999999912978,-3526590.1984285302,575215.4595898459,311.0109419982323,273,1:00:08
43.0%,2147500,8589.999999915015,-3526284.024613371,575018.7718679535,310.90459570199596,273,1:00:05
43.0%,2150000,8599.999999917052,-3528381.9559333436,576377.4102777473,311.63919245982004,273,1:00:01
43.0%,2152500,8609.99999991909,-3527765.0228484087,574952.6204186447,310.8688285399334,273,59:58
43.1%,2155000,8619.999999921127,-3528372.7583431825,578748.3297308981,312.92111539883865,273,59:55
43.1%,2157500,8629.999999923164,-3529468.7354274,575528.2456247235,311.1800610261189,273,59:52
43.2%,2160000,8639.999999925201,-3525866.506071532,576148.7929652055,311.51558228115505,273,59:49
43.2%,2162500,8649.999999927239,-3527303.5232642796,576241.9913899138,311.5659733639712,273,59:46
43.3%,2165000,8659.999999929276,-3530846.7350374646,575544.2559220571,311.18871756963205,273,59:43
43.4%,2167500,8669.999999931313,-3532228.537676718,575431.8615428535,311.1279475030967,273,59:39
43.4%,2170000,8679.99999993335,-3526686.305118762,576035.0515880559,311.45408391169764,273,59:36
43.5%,2172500,8689.999999935388,-3527084.7105782274,574004.8920275257,310.35640507361944,273,59:33
43.5%,2175000,8699.999999937425,-3530206.552490413,577157.9582780849,312.06122383052224,273,59:30
43.5%,2177500,8709.999999939462,-3529623.2447751462,575823.830994728,311.3398798954371,273,59:27
43.6%,2180000,8719.9999999415,-3533285.0820883587,576402.7926819245,311.65291637022915,273,59:24
43.6%,2182500,8729.999999943537,-3533686.6783099826,575381.75648205,311.1008563985383,273,59:20
43.7%,2185000,8739.999999945574,-3531070.254150238,574634.6322732376,310.69689680374904,273,59:17
43.8%,2187500,8749.999999947611,-3531545.3348458987,575361.923243894,311.09013284447013,273,59:14
43.8%,2190000,8759.999999949649,-3532591.021083832,574722.0015026412,310.7441361223131,273,59:11
43.9%,2192500,8769.999999951686,-3527136.5814341735,575175.9272538802,310.9895674179022,273,59:08
43.9%,2195000,8779.999999953723,-3530468.3505167086,577126.4285217293,312.04417613289587,273,59:04
44.0%,2197500,8789.99999995576,-3529868.9275263697,577078.1482926083,312.01807168926786,273,59:01
44.0%,2200000,8799.999999957798,-3528084.0029333364,574304.3399965923,310.51831239614734,273,58:58
44.0%,2202500,8809.999999959835,-3529544.4155714475,576882.7537334722,311.91242458802066,273,58:55
44.1%,2205000,8819.999999961872,-3527987.683478879,574749.2251577347,310.75885557130226,273,58:52
44.1%,2207500,8829.99999996391,-3531798.3514448386,574920.7216083145,310.85158129999223,273,58:49
44.2%,2210000,8839.999999965947,-3530939.0451659244,572551.9065448409,309.570796174996,273,58:45
44.2%,2212500,8849.999999967984,-3531200.1287959293,576272.9497432462,311.5827121119865,273,58:42
44.3%,2215000,8859.999999970021,-3529927.2440743446,576991.4231520123,311.97118062050043,273,58:39
44.4%,2217500,8869.999999972059,-3528584.927189732,574163.4159006431,310.4421167113814,273,58:36
44.4%,2220000,8879.999999974096,-3529567.9003225975,575468.8856770992,311.147965933889,273,58:33
44.5%,2222500,8889.999999976133,-3525135.8649968226,575029.8153248699,310.9105667444658,273,58:30
44.5%,2225000,8899.99999997817,-3529983.762336798,575472.8685315665,311.15011940751185,273,58:27
44.5%,2227500,8909.999999980208,-3528901.145697767,575870.798292449,311.3652744554472,273,58:24
44.6%,2230000,8919.999999982245,-3524713.943671301,573946.861096259,310.3250285619186,273,58:20
44.6%,2232500,8929.999999984282,-3528966.888379514,577398.2718996373,312.19115803963984,273,58:17
44.7%,2235000,8939.99999998632,-3526637.8995385803,573438.799502504,310.05032677455796,273,58:14
44.8%,2237500,8949.999999988357,-3526303.8983344845,577629.981334,312.31644008526223,273,58:11
44.8%,2240000,8959.999999990394,-3529071.4650906473,574631.5400063286,310.69522485834455,273,58:08
44.9%,2242500,8969.999999992431,-3530527.5496989116,575090.7721963611,310.9435252710625,273,58:05
44.9%,2245000,8979.999999994468,-3528582.8621658795,575973.760401007,311.42094462536164,273,58:02
45.0%,2247500,8989.999999996506,-3529094.483078664,576569.3931203483,311.74299489372436,273,57:58
45.0%,2250000,8999.999999998543,-3528473.619867265,575021.9630981422,310.9063211554597,273,57:55
45.0%,2252500,9010.00000000058,-3530234.665542526,574297.4006975209,310.5145604143377,273,57:52
45.1%,2255000,9020.000000002618,-3528052.9950634725,575146.3278511156,310.9735634354241,273,57:49
45.1%,2257500,9030.000000004655,-3533130.5123182703,575807.829450391,311.3312280845465,273,57:46
45.2%,2260000,9040.000000006692,-3529139.9141036235,574173.3440640989,310.44748473029887,273,57:43
45.2%,2262500,9050.00000000873,-3531565.6468029693,575255.2263614415,311.03244333462374,273,57:40
45.3%,2265000,9060.000000010767,-3528490.6974169426,574975.2206794736,310.8810481844033,273,57:36
45.4%,2267500,9070.000000012804,-3527318.250015842,576924.0480731886,311.93475185909847,273,57:33
45.4%,2270000,9080.000000014841,-3526924.9813329335,574338.2090565928,310.5366249224881,273,57:30
45.5%,2272500,9090.000000016878,-3525806.028897142,576695.143235119,311.81098621940794,273,57:27
45.5%,2275000,9100.000000018916,-3529350.7353515103,574400.5140656482,310.57031236818256,273,57:24
45.5%,2277500,9110.000000020953,-3530142.971747661,575197.5598431486,311.0012638559135,273,57:21
45.6%,2280000,9120.00000002299,-3527333.296462156,574399.2824770142,310.5696464654589,273,57:17
45.6%,2282500,9130.000000025027,-3530066.888993539,574483.656294963,310.61526620700573,273,57:14
45.7%,2285000,9140.000000027065,-3525453.4435899965,576706.2368619363,311.81698438804045,273,57:11
45.8%,2287500,9150.000000029102,-3528830.0458421186,576767.9839429177,311.85037016984006,273,57:08
45.8%,2290000,9160.00000003114,-3526759.146917589,574361.7693305811,310.54936363262647,273,57:05
45.9%,2292500,9170.000000033177,-3531511.571391903,575450.3230661955,311.13792939017856,273,57:02
45.9%,2295000,9180.000000035214,-3526028.0941004083,576280.639629694,311.5868699258772,273,56:59
46.0%,2297500,9190.000000037251,-3530991.845886575,574654.663129715,310.70772720727564,273,56:55
46.0%,2300000,9200.000000039288,-3528124.224315658,576092.4761135291,311.48513254827975,273,56:52
46.0%,2302500,9210.000000041326,-3527782.4773677215,576841.2728624535,311.88999646208043,273,56:49
46.1%,2305000,9220.000000043363,-3529563.865647111,575050.4951998896,310.9217480632274,273,56:46
46.1%,2307500,9230.0000000454,-3532026.1498404574,576996.9746173415,311.974182220045,273,56:43
46.2%,2310000,9240.000000047437,-3526662.40150428,575230.4825224925,311.01906468748916,273,56:40
46.2%,2312500,9250.000000049475,-3526463.1713926997,576782.138349015,311.8580232589572,273,56:36
46.3%,2315000,9260.000000051512,-3526549.061744835,573017.3984058131,309.8224811041123,273,56:33
46.4%,2317500,9270.00000005355,-3528669.061429901,576104.531799997,311.4916508890898,273,56:30
46.4%,2320000,9280.000000055586,-3528467.692697365,574943.0807690923,310.86367058504163,273,56:27
46.5%,2322500,9290.000000057624,-3525235.279152941,574697.9485850206,310.73113104666305,273,56:24
46.5%,2325000,9300.000000059661,-3532436.898270523,576300.731907798,311.5977335392169,273,56:21
46.5%,2327500,9310.000000061698,-3527085.2625440303,574829.8822786505,310.8024657468229,273,56:17
46.6%,2330000,9320.000000063736,-3529936.1583381575,575081.2652427835,310.9383849944263,273,56:14
46.6%,2332500,9330.000000065773,-3527975.0593807567,576053.6166334981,311.46412177172897,273,56:11
46.7%,2335000,9340.00000006781,-3528634.4369392805,574891.5529899991,310.8358102366318,273,56:08
46.8%,2337500,9350.000000069847,-3528864.351918578,575161.5078908298,310.9817710702719,273,56:05
46.8%,2340000,9360.000000071885,-3526975.263779996,574813.7158945692,310.7937248093915,273,56:02
46.9%,2342500,9370.000000073922,-3529752.7950107343,576981.5014821489,311.96581611257744,273,55:58
46.9%,2345000,9380.00000007596,-3529095.334026864,577803.2671808098,312.41013331542973,273,55:55
47.0%,2347500,9390.000000077996,-3530043.320029741,575296.118111399,311.05455293105786,273,55:52
47.0%,2350000,9400.000000080034,-3525081.934971815,575772.8061665186,311.3122914855254,273,55:49
47.0%,2352500,9410.000000082071,-3528869.0111720096,574609.4771302801,310.68329577029823,273,55:46
47.1%,2355000,9420.000000084108,-3526987.0971255396,576120.9183593711,311.50051087221806,273,55:42
47.1%,2357500,9430.000000086146,-3528818.3765039146,574553.612942916,310.6530907866762,273,55:39
47.2%,2360000,9440.000000088183,-3526569.704552781,575468.4714567967,311.1477419707734,273,55:36
47.2%,2362500,9450.00000009022,-3529084.6501981374,574286.6732361986,310.50876022625954,273,55:33
47.3%,2365000,9460.000000092257,-3528622.01864399,575877.5199032911,311.3689087362805,273,55:30
47.4%,2367500,9470.000000094295,-3527475.509847071,575441.7045526386,311.13326948061723,273,55:27
47.4%,2370000,9480.000000096332,-3527207.578353146,577976.1870719441,312.50362867848946,273,55:23
47.5%,2372500,9490.00000009837,-3527601.4305907357,576830.6810664767,311.88426962635435,273,55:20
47.5%,2375000,9500.000000100406,-3528174.9340883642,574519.1533327859,310.63445895815215,273,55:17
47.5%,2377500,9510.000000102444,-3527237.7956869435,576164.907223991,311.52429503516913,273,55:14
47.6%,2380000,9520.000000104481,-3526941.1902690176,575474.6598708102,311.15108795954984,273,55:11
47.6%,2382500,9530.000000106518,-3529264.7619458623,574622.5767245397,310.69037853742935,273,55:08
47.7%,2385000,9540.000000108555,-3527321.571034204,575633.1458949075,311.2367791328768,273,55:04
47.8%,2387500,9550.000000110593,-3526829.5473191347,573593.5355405784,310.1339903829681,273,55:01
47.8%,2390000,9560.00000011263,-3529925.9028420486,577627.8772719423,312.3153024483791,273,54:58
47.9%,2392500,9570.000000114667,-3523405.18493188,575406.4416736683,311.1142033358826,273,54:55
47.9%,2395000,9580.000000116705,-3532400.742028419,572582.2440564323,309.5871992425781,273,54:52
48.0%,2397500,9590.000000118742,-3530158.0453068037,574360.2226933326,310.5485273875299,273,54:49
48.0%,2400000,9600.000000120779,-3526929.274346644,576134.9707063979,311.5081087794252,273,54:45
48.0%,2402500,9610.000000122816,-3529996.4585036505,573932.9252744702,310.31749365827557,273,54:42
48.1%,2405000,9620.000000124854,-3529080.2495539077,576814.2614382163,311.8753917633425,273,54:39
48.1%,2407500,9630.00000012689,-3529303.6361943167,577710.3803006988,312.35991068041363,273,54:36
48.2%,2410000,9640.000000128928,-3526818.7268768623,578154.4929362147,312.600036161783,273,54:33
48.2%,2412500,9650.000000130965,-3526105.366853973,573711.3408494449,310.1976860633816,273,54:30
48.3%,2415000,9660.000000133003,-3529073.1031581387,574470.0545638809,310.60791194152813,273,54:26
48.4%,2417500,9670.00000013504,-3527859.0966100786,576472.212331618,311.69045060246225,273,54:23
48.4%,2420000,9680.000000137077,-3530213.2989798393,578133.9260333659,312.5889159254918,273,54:20
48.5%,2422500,9690.000000139114,-3531732.140817769,578334.6209616801,312.69742886211174,273,54:17
48.5%,2425000,9700.000000141152,-3528962.3691557534,574423.7421499549,310.5828714680131,273,54:14
48.5%,2427500,9710.000000143189,-3526292.7775880434,576548.1530982808,311.73151071129996,273,54:10
48.6%,2430000,9720.000000145226,-3527288.5260530505,575093.3704637989,310.9449301178724,273,54:07
48.6%,2432500,9730.000000147264,-3527937.880254926,576164.4127888938,311.5240277010376,273,54:04
48.7%,2435000,9740.0000001493,-3525657.73852548,575423.1962686689,311.12326231071904,273,54:01
48.8%,2437500,9750.000000151338,-3532242.9232627116,573985.0589110625,310.34568158534887,273,53:58
48.8%,2440000,9760.000000153375,-3527975.205828283,577163.4693660808,312.06420359860823,273,53:55
48.9%,2442500,9770.000000155413,-3525492.9942823183,576313.9566681725,311.60488398191313,273,53:52
48.9%,2445000,9780.00000015745,-3526891.2387273666,574675.0095348184,310.71872822352435,273,53:48
49.0%,2447500,9790.000000159487,-3525679.395150421,576736.4906260775,311.8333421745493,273,53:45
49.0%,2450000,9800.000000161524,-3527609.860076355,574658.3077057251,310.70969777847495,273,53:42
49.0%,2452500,9810.000000163562,-3529832.3275094647,576809.5508188843,311.87284479745097,273,53:39
49.1%,2455000,9820.000000165599,-3528385.1944258753,575094.2240378957,310.9453916334305,273,53:36
49.1%,2457500,9830.000000167636,-3528017.5334526505,576563.7862632051,311.7399633446019,273,53:33
49.2%,2460000,9840.000000169674,-3530666.7121849786,575382.5455075306,311.10128301356383,273,53:29
49.2%,2462500,9850.00000017171,-3529174.205258839,574712.6341931007,310.73907134925173,273,53:26
49.3%,2465000,9860.000000173748,-3524418.1508389525,575164.1436301288,310.9831961775923,273,53:23
49.4%,2467500,9870.000000175785,-3527875.533263512,575881.7959175339,311.37122071728766,273,53:20
49.4%,2470000,9880.000000177823,-3527389.211056182,574739.9315782543,310.75383066305176,273,53:17
49.5%,2472500,9890.00000017986,-3531177.24328308,574203.0534876983,310.4635481995013,273,53:14
49.5%,2475000,9900.000000181897,-3531795.2460868955,576539.3819240355,311.7267682602427,273,53:10
49.5%,2477500,9910.000000183934,-3527203.753195904,574721.6781383852,310.74396128378913,273,53:07
49.6%,2480000,9920.000000185972,-3527312.563240368,575886.970764363,311.37401868448444,273,53:04
49.6%,2482500,9930.000000188009,-3527883.1773664616,576793.1039552693,311.86395220866444,273,53:01
49.7%,2485000,9940.000000190046,-3525339.3683874663,574619.6766773474,310.68881052253323,273,52:58
49.8%,2487500,9950.000000192083,-3525193.369112944,576346.1052044546,311.6222662451786,273,52:55
49.8%,2490000,9960.00000019412,-3529754.6943035033,577508.7488658243,312.2508913878142,273,52:51
49.9%,2492500,9970.000000196158,-3529122.2255004533,576539.1447265707,311.7266400108959,273,52:48
49.9%,2495000,9980.000000198195,-3530778.438645974,574644.6474731627,310.7023118820664,273,52:45
50.0%,2497500,9990.000000200233,-3528487.3128733262,576558.3910557069,311.7370462314779,273,52:42
50.0%,2500000,10000.00000020227,-3529692.8962968253,576349.5959264424,311.6241536296631,273,52:39
50.0%,2502500,10010.000000204307,-3527366.77760363,577292.053686359,312.1337273395112,273,52:36
50.1%,2505000,10020.000000206344,-3527717.3483800422,574194.7596188656,310.45906382079505,273,52:33
50.1%,2507500,10030.000000208382,-3528542.292743234,574965.7524236433,310.87592883109704,273,52:29
50.2%,2510000,10040.000000210419,-3528362.6620823536,575410.5897144296,311.1164461234209,273,52:26
50.2%,2512500,10050.000000212456,-3528228.864023844,574015.6811803444,310.36223861742565,273,52:23
50.3%,2515000,10060.000000214493,-3526102.086615516,577052.3598006109,312.00412821286244,273,52:20
50.4%,2517500,10070.00000021653,-3526792.9510340802,573728.5426795371,310.2069868519676,273,52:17
50.4%,2520000,10080.000000218568,-3526800.1343241595,575059.6613893631,310.92670409348557,273,52:14
50.5%,2522500,10090.000000220605,-3528109.712181689,576139.683575592,311.5106569617856,273,52:10
50.5%,2525000,10100.000000222642,-3527624.096468685,574845.825223631,310.8110858738621,273,52:07
50.5%,2527500,10110.00000022468,-3531438.4125916623,575321.6201666067,311.0683415351033,273,52:04
50.6%,2530000,10120.000000226717,-3528730.1899373736,575228.041121158,311.01774465598413,273,52:01
50.6%,2532500,10130.000000228754,-3529108.6329361685,574950.74073543,310.8678122215478,273,51:58
50.7%,2535000,10140.000000230792,-3528353.9236347005,575700.3920167546,311.27313816904785,273,51:55
50.8%,2537500,10150.000000232829,-3528794.68094478,577296.7303243565,312.13625593217114,273,51:51
50.8%,2540000,10160.000000234866,-3529918.6544911005,575781.1237307669,311.3167886760109,273,51:48
50.9%,2542500,10170.000000236903,-3528453.5045351274,574597.8224123523,310.6769942275615,273,51:45
50.9%,2545000,10180.00000023894,-3529403.4877330884,573229.7696878985,309.9373072816664,273,51:42
51.0%,2547500,10190.000000240978,-3527480.6185919493,576952.6602232868,311.9502220478882,273,51:39
51.0%,2550000,10200.000000243015,-3527227.4496927783,574466.2672301425,310.6058641832247,273,51:36
51.0%,2552500,10210.000000245052,-3524931.877724301,575513.1464800579,311.1718971300908,273,51:32
51.1%,2555000,10220.00000024709,-3528893.7241539434,574197.4214439733,310.4605030323468,273,51:29
51.1%,2557500,10230.000000249127,-3527092.2574157733,574258.0838261931,310.49330233271945,273,51:26
51.2%,2560000,10240.000000251164,-3528528.899775883,574301.5716783035,310.5168156052243,273,51:23
51.2%,2562500,10250.000000253202,-3527446.0025272164,575981.7367394429,311.4252573198299,273,51:20
51.3%,2565000,10260.000000255239,-3528042.2037403006,576793.5877513369,311.8642137904216,273,51:17
51.4%,2567500,10270.000000257276,-3528576.2136766464,573873.2711669706,310.2852395179213,273,51:14
51.4%,2570000,10280.000000259313,-3528667.835578736,575065.9141991895,310.93008490017604,273,51:10
51.5%,2572500,10290.00000026135,-3528400.391467793,574590.151912046,310.67284689548603,273,51:07
51.5%,2575000,10300.000000263388,-3527216.669466123,575010.9928230831,310.9003896813951,273,51:04
51.5%,2577500,10310.000000265425,-3528834.3482749835,576382.3228814676,311.6418486358411,273,51:01
51.6%,2580000,10320.000000267462,-3528334.049683824,575488.7024330643,311.15868057626744,273,50:58
51.6%,2582500,10330.0000002695,-3528847.0975200552,575041.9717087832,310.9171395309741,273,50:54
51.7%,2585000,10340.000000271537,-3527896.9984177426,576493.1325147102,311.7017618524327,273,50:51
51.8%,2587500,10350.000000273574,-3528385.2573962975,577102.3954737186,312.0311818004657,273,50:48
51.8%,2590000,10360.000000275611,-3527724.38215599,575482.3494578456,311.15524561155235,273,50:45
51.9%,2592500,10370.000000277649,-3528434.1527030524,574210.2375188501,310.46743250451885,273,50:42
51.9%,2595000,10380.000000279686,-3528028.758322727,574884.9990133167,310.8322665932408,273,50:39
52.0%,2597500,10390.000000281723,-3530769.827867871,574439.1445208397,310.59119931421054,273,50:35
52.0%,2600000,10400.00000028376,-3528322.1634304635,575198.4459914201,311.00174298387174,273,50:32
52.0%,2602500,10410.000000285798,-3528764.508009048,577388.5809477643,312.1859182777026,273,50:29
52.1%,2605000,10420.000000287835,-3533308.5566297024,575865.8548847962,311.36260162417136,273,50:26
52.1%,2607500,10430.000000289872,-3526740.991297085,574633.99310034,310.6965512119162,273,50:23
52.2%,2610000,10440.00000029191,-3525530.9606520664,573528.4333300623,310.098790529624,273,50:20
52.2%,2612500,10450.000000293947,-3529642.74351573,578529.7332761317,312.8029233576114,273,50:17
52.3%,2615000,10460.000000295984,-3529870.3900864758,576794.9633159258,311.86495753892746,273,50:13
52.4%,2617500,10470.000000298021,-3528854.5424861573,578308.6465708584,312.6833848728159,273,50:10
52.4%,2620000,10480.000000300059,-3528282.335195111,577882.7207623881,312.4530927540885,273,50:07
52.5%,2622500,10490.000000302096,-3529391.6093974747,576473.3677021264,311.69107529511297,273,50:04
52.5%,2625000,10500.000000304133,-3529021.735669287,574316.8713236894,310.5250879091833,273,50:01
52.5%,2627500,10510.00000030617,-3525804.3877651766,574054.1343722085,310.38302971965544,273,49:58
52.6%,2630000,10520.000000308208,-3528902.0482929647,576002.0400491017,311.4362350349754,273,49:55
52.6%,2632500,10530.000000310245,-3529365.0067641046,574880.842306331,310.8300191199963,273,49:51
52.7%,2635000,10540.000000312282,-3529168.400712423,575392.7874830114,311.1068207062477,273,49:48
52.8%,2637500,10550.00000031432,-3527603.8750297707,573925.2466108014,310.3133419123843,273,49:45
52.8%,2640000,10560.000000316357,-3528214.896429874,573473.9335896767,310.06932328337155,273,49:42
52.9%,2642500,10570.000000318394,-3528463.0637062993,572886.5757310459,309.75174711628955,273,49:39
52.9%,2645000,10580.000000320431,-3524500.919467669,578102.7473732337,312.5720580606756,273,49:36
53.0%,2647500,10590.000000322469,-3527096.0880481396,574969.9923460704,310.8782212977651,273,49:32
53.0%,2650000,10600.000000324506,-3527116.973297378,576016.482327622,311.4440437726794,273,49:29
53.0%,2652500,10610.000000326543,-3526171.0020899046,576617.4606834446,311.7689843518116,273,49:26
53.1%,2655000,10620.00000032858,-3528525.500825558,574831.3244415002,310.80324550407545,273,49:23
53.1%,2657500,10630.000000330618,-3528396.5064471103,574566.422862565,310.6600169308027,273,49:20
53.2%,2660000,10640.000000332655,-3530182.659559289,575627.6416511405,311.2338030653695,273,49:17
53.2%,2662500,10650.000000334692,-3527907.867298806,577581.5544014671,312.29025632115423,273,49:13
53.3%,2665000,10660.00000033673,-3529598.665779395,575557.2907357005,311.19576531079133,273,49:10
53.4%,2667500,10670.000000338767,-3525152.35952363,577973.8333056578,312.5023560300275,273,49:07
53.4%,2670000,10680.000000340804,-3531773.6444596183,574170.9101970943,310.4461687725005,273,49:04
53.5%,2672500,10690.000000342841,-3528447.3169277497,576785.5400118446,311.85986249040224,273,49:01
53.5%,2675000,10700.000000344879,-3529181.6866945103,575457.0397956313,311.1415610317037,273,48:58
53.5%,2677500,10710.000000346916,-3531814.2614455335,576075.7689018035,311.47609919291654,273,48:54
53.6%,2680000,10720.000000348953,-3530649.5278495457,575643.2140417292,311.24222283883944,273,48:51
53.6%,2682500,10730.00000035099,-3527323.171186691,577930.311804741,312.4788245640844,273,48:48
53.7%,2685000,10740.000000353028,-3529458.928994186,576330.036363015,311.6135780476873,273,48:45
53.8%,2687500,10750.000000355065,-3526417.939799901,577533.6096544965,312.26433326802595,273,48:42
53.8%,2690000,10760.000000357102,-3528309.5012518615,576169.6108031127,311.52683819451755,273,48:39
53.9%,2692500,10770.00000035914,-3526110.251848586,576020.7547896421,311.4463538330495,273,48:35
53.9%,2695000,10780.000000361177,-3528635.2578023467,574959.9401802936,310.87278623252956,273,48:32
54.0%,2697500,10790.000000363214,-3529013.436352294,574827.4210645343,310.80113500282437,273,48:29
54.0%,2700000,10800.000000365251,-3527832.4314782433,575886.1005310013,311.3735481614951,273,48:26
54.0%,2702500,10810.000000367289,-3528295.851239823,573450.0445248812,310.056406800649,273,48:23
54.1%,2705000,10820.000000369326,-3527849.2330339644,574157.7752317409,310.43906688071445,273,48:20
54.1%,2707500,10830.000000371363,-3528783.0554095507,573788.3521523189,310.23932499615375,273,48:16
54.2%,2710000,10840.0000003734,-3531024.056334939,576181.0631368958,311.533030310982,273,48:13
54.2%,2712500,10850.000000375438,-3529389.0281673335,577228.0744354723,312.0991346547096,273,48:10
54.3%,2715000,10860.000000377475,-3524597.078962434,574839.9237307893,310.80789501934447,273,48:07
54.4%,2717500,10870.000000379512,-3526409.580058029,575155.8554481275,310.9787148736761,273,48:04
54.4%,2720000,10880.00000038155,-3528851.877546422,575958.2107966885,311.4125371721088,273,48:01
54.5%,2722500,10890.000000383587,-3527509.839696208,576460.9858565187,311.68438060462455,273,47:58
54.5%,2725000,10900.000000385624,-3532419.6327762194,574132.6771827542,310.42549671717387,273,47:54
54.5%,2727500,10910.000000387661,-3526358.4035240524,576464.4546986707,311.6862561589883,273,47:51
54.6%,2730000,10920.000000389698,-3531927.0821574293,573663.0588695446,310.17158067313176,273,47:48
54.6%,2732500,10930.000000391736,-3529367.017112801,576343.6609536704,311.62094467301597,273,47:45
54.7%,2735000,10940.000000393773,-3525922.67781456,576941.1811644242,311.94401548154747,273,47:42
54.8%,2737500,10950.00000039581,-3527955.621574715,575521.1353364801,311.17621659285896,273,47:39
54.8%,2740000,10960.000000397848,-3527284.0086552463,576186.0847181953,311.5357454096537,273,47:35
54.9%,2742500,10970.000000399885,-3529383.2191320583,575510.9420507478,311.1707052260402,273,47:32
54.9%,2745000,10980.000000401922,-3527014.762778042,575295.6286150154,311.05428826721965,273,47:29
55.0%,2747500,10990.00000040396,-3530745.961111171,575636.9272249017,311.2388236450399,273,47:26
55.0%,2750000,11000.000000405997,-3527814.721282417,576695.9351619179,311.8114144031357,273,47:23
55.0%,2752500,11010.000000408034,-3525193.582298413,574413.2964679868,310.5772236340848,273,47:20
55.1%,2755000,11020.000000410071,-3529109.898439599,575973.9589952925,311.4210520025101,273,47:16
55.1%,2757500,11030.000000412108,-3530347.5406018775,574322.167183359,310.52795130632796,273,47:13
55.2%,2760000,11040.000000414146,-3527979.210880678,575315.3958737932,311.06497614716216,273,47:10
55.2%,2762500,11050.000000416183,-3526146.726343952,575983.4339253316,311.4261749644676,273,47:07
55.3%,2765000,11060.00000041822,-3529469.266778527,576023.3087642081,311.4477347313241,273,47:04
55.4%,2767500,11070.000000420257,-3528095.9499352407,574688.7562811817,310.72616089673335,273,47:01
55.4%,2770000,11080.000000422295,-3527721.1738466956,577709.8754877918,312.3596377351457,273,46:58
55.5%,2772500,11090.000000424332,-3527867.6225005537,575917.7094458829,311.3906386590278,273,46:54
55.5%,2775000,11100.00000042637,-3526693.1055219527,576303.4896411991,311.5992246070395,273,46:51
55.5%,2777500,11110.000000428407,-3527869.533990752,575060.6236051018,310.9272243500578,273,46:48
55.6%,2780000,11120.000000430444,-3527454.4858592693,571862.4601670083,309.19802217552825,273,46:45
55.6%,2782500,11130.000000432481,-3527160.863281822,576187.1427454259,311.53631747015766,273,46:42
55.7%,2785000,11140.000000434518,-3530592.1479417216,575152.7745063911,310.9770490516338,273,46:39
55.8%,2787500,11150.000000436556,-3526419.03774509,574781.3374614062,310.7762182441027,273,46:35
55.8%,2790000,11160.000000438593,-3527146.4839106053,576036.3386825317,311.4547798256525,273,46:32
55.9%,2792500,11170.00000044063,-3527326.3953081165,575568.3438520024,311.20174157595557,273,46:29
55.9%,2795000,11180.000000442667,-3526450.930473136,575948.5609905437,311.40731965709045,273,46:26
56.0%,2797500,11190.000000444705,-3527573.2084488478,576034.1726623456,311.4536086888772,273,46:23
56.0%,2800000,11200.000000446742,-3527624.1598649863,574181.1526581687,310.451706727738,273,46:20
56.0%,2802500,11210.00000044878,-3527527.1709240545,574224.0194204021,310.474884185646,273,46:16
56.1%,2805000,11220.000000450817,-3529849.290166883,576496.8320452946,311.7037621368006,273,46:13
56.1%,2807500,11230.000000452854,-3526622.184795739,575229.2906521419,311.01842025988503,273,46:10
56.2%,2810000,11240.000000454891,-3527868.748906022,576209.9158956339,311.5486305934932,273,46:07
56.2%,2812500,11250.000000456928,-3528617.6933637653,575026.564137479,310.9088088729827,273,46:04
56.3%,2815000,11260.000000458966,-3527625.2490112204,575758.9425725661,311.3047956344617,273,46:01
56.4%,2817500,11270.000000461003,-3526917.7860419974,577818.4585772161,312.41834709068183,273,45:57
56.4%,2820000,11280.00000046304,-3526260.112946268,574015.7967216497,310.36230108899105,273,45:54
56.5%,2822500,11290.000000465077,-3533171.5816886015,575260.1145351582,311.035086301684,273,45:51
56.5%,2825000,11300.000000467115,-3529599.7524109315,576707.5964251119,311.81771948480616,273,45:48
56.5%,2827500,11310.000000469152,-3529217.34628338,574609.6841435209,310.6834076994579,273,45:45
56.6%,2830000,11320.00000047119,-3531046.2875911985,575774.5021762527,311.3132084942327,273,45:42
56.6%,2832500,11330.000000473226,-3525582.5660378505,575750.6347565099,311.30030371468706,273,45:38
56.7%,2835000,11340.000000475264,-3524599.3931878824,576094.9362057726,311.4864626856975,273,45:35
56.8%,2837500,11350.000000477301,-3529607.2427678183,572687.4317830259,309.6440727729902,273,45:32
56.8%,2840000,11360.000000479338,-3529915.3758448493,576125.3863169359,311.502926634291,273,45:29
56.9%,2842500,11370.000000481376,-3527119.706078436,574869.5463744159,310.8239115678311,273,45:26
56.9%,2845000,11380.000000483413,-3527637.043508049,573693.6572071124,310.1881247656659,273,45:23
57.0%,2847500,11390.00000048545,-3528492.1766804624,574335.3245320173,310.5350653004535,273,45:20
57.0%,2850000,11400.000000487487,-3529834.311720889,575492.0663266088,311.1604993863891,273,45:16
57.0%,2852500,11410.000000489525,-3532009.3688907884,576179.6056136687,311.53224224858855,273,45:13
57.1%,2855000,11420.000000491562,-3528231.04885854,575312.2716173871,311.06328690548463,273,45:10
57.1%,2857500,11430.0000004936,-3529418.0941886622,576176.2893351609,311.53044918325025,273,45:07
57.2%,2860000,11440.000000495636,-3525931.6609625313,574674.4088252186,310.71840342825783,273,45:04
57.2%,2862500,11450.000000497674,-3524011.6843231283,576882.6440205225,311.9123652677655,273,45:01
57.3%,2865000,11460.000000499711,-3527166.2360176276,574494.0225267388,310.62087108332787,273,44:58
57.4%,2867500,11470.000000501748,-3528379.205676332,576344.5836714895,311.6214435736164,273,44:54
57.4%,2870000,11480.000000503785,-3528976.1191872004,577596.386890995,312.2982760404844,273,44:51
57.5%,2872500,11490.000000505823,-3529903.8046992514,576709.8366012797,311.8189307166821,273,44:48
57.5%,2875000,11500.00000050786,-3528775.6752167344,577872.5545405755,312.4475960203519,273,44:45
57.5%,2877500,11510.000000509897,-3528453.3579316437,575422.667963248,311.12297666337787,273,44:42
57.6%,2880000,11520.000000511935,-3526518.032091303,574055.3917621775,310.3837095727995,273,44:39
57.6%,2882500,11530.000000513972,-3526072.1734832227,576563.2564796454,311.73967689805175,273,44:35
57.7%,2885000,11540.00000051601,-3528847.260665858,576525.138032808,311.7190667877692,273,44:32
57.8%,2887500,11550.000000518046,-3530317.990376519,573778.5356378254,310.2340173442663,273,44:29
57.8%,2890000,11560.000000520084,-3527139.1275020298,576031.1562567737,311.45197776063503,273,44:26
57.9%,2892500,11570.00000052212,-3523908.1136219576,577416.8064428448,312.2011794075401,273,44:23
57.9%,2895000,11580.000000524158,-3533704.4363955744,573704.5743983868,310.1940275380717,273,44:20
58.0%,2897500,11590.000000526195,-3525904.2152315974,573435.2988509964,310.04843402132116,273,44:16
58.0%,2900000,11600.000000528233,-3528728.9550859854,574520.8701657355,310.6353872256804,273,44:13
58.0%,2902500,11610.00000053027,-3529129.583867399,575251.9788208215,311.03068743489854,273,44:10
58.1%,2905000,11620.000000532307,-3526111.5271432195,578657.4213453734,312.8719625081327,273,44:07
58.1%,2907500,11630.000000534345,-3525664.829282917,573739.9378373108,310.2131480541647,273,44:04
58.2%,2910000,11640.000000536382,-3527446.8953516018,574943.9156706766,310.8641220046338,273,44:01
58.2%,2912500,11650.000000538419,-3526097.9858183656,577972.6431799844,312.50171254574593,273,43:58
58.3%,2915000,11660.000000540456,-3528502.699113652,574786.906332549,310.77922925472683,273,43:54
58.4%,2917500,11670.000000542494,-3530349.3434556555,574472.9314864292,310.60946745325316,273,43:51
58.4%,2920000,11680.00000054453,-3528574.001225006,574645.4988887557,310.7027722305518,273,43:48
58.5%,2922500,11690.000000546568,-3526849.8316950873,576614.1402911611,311.7671890622124,273,43:45
58.5%,2925000,11700.000000548605,-3530338.009819625,578130.0863688735,312.58683987268273,273,43:42
58.5%,2927500,11710.000000550643,-3531025.464311613,574296.8946521295,310.5142868026827,273,43:39
58.6%,2930000,11720.00000055268,-3527333.340513084,574849.7332726063,310.81319890120335,273,43:35
58.6%,2932500,11730.000000554717,-3529321.8935393393,575224.9977099745,311.01609912618613,273,43:32
58.7%,2935000,11740.000000556754,-3526175.2156051267,577849.114463088,312.43492229877796,273,43:29
58.8%,2937500,11750.000000558792,-3527458.395264754,574354.1101894605,310.54522244230367,273,43:26
58.8%,2940000,11760.000000560829,-3528345.375901947,576302.6741614623,311.5987836885682,273,43:23
58.9%,2942500,11770.000000562866,-3527792.806827413,576775.009586595,311.85416883696877,273,43:20
58.9%,2945000,11780.000000564904,-3525159.228430163,575786.0613389402,311.31945837158946,273,43:17
59.0%,2947500,11790.00000056694,-3527583.740023222,577440.1135027297,312.2137812083596,273,43:13
59.0%,2950000,11800.000000568978,-3527317.488229001,578002.2352703065,312.5177125744887,273,43:10
59.0%,2952500,11810.000000571015,-3530966.1201151405,574367.6996691197,310.5525700836085,273,43:07
59.1%,2955000,11820.000000573053,-3523798.7611823212,577341.2855438609,312.1603463152754,273,43:04
59.1%,2957500,11830.00000057509,-3526754.209475141,576041.6768729396,311.45766611043433,273,43:01
59.2%,2960000,11840.000000577127,-3527727.5054776836,575822.8988097045,311.3393758760519,273,42:58
59.2%,2962500,11850.000000579164,-3528702.121729398,574661.4193181053,310.7113801837048,273,42:54
59.3%,2965000,11860.000000581202,-3528758.993231524,576065.9218779305,311.4707750450349,273,42:51
59.4%,2967500,11870.000000583239,-3525828.9240398314,575771.479408772,311.3115741261956,273,42:48
59.4%,2970000,11880.000000585276,-3528373.3326003496,576106.8264562212,311.49289157756914,273,42:45
59.5%,2972500,11890.000000587313,-3526843.5480684955,574171.4455872288,310.44645825044705,273,42:42
59.5%,2975000,11900.00000058935,-3529123.126588814,573844.2802012423,310.2695645088264,273,42:39
59.5%,2977500,11910.000000591388,-3526263.466516072,578956.6200734094,313.0337350695265,273,42:36
59.6%,2980000,11920.000000593425,-3529134.7520335913,575019.6059128977,310.90504665841496,273,42:32
59.6%,2982500,11930.000000595463,-3529260.54862405,575961.888714251,311.4145257706185,273,42:29
59.7%,2985000,11940.0000005975,-3527937.704282431,574515.7137078336,310.632599201119,273,42:26
59.8%,2987500,11950.000000599537,-3526585.6642267145,576130.3488391964,311.5056098005675,273,42:23
59.8%,2990000,11960.000000601574,-3525669.8317260165,575922.5527865608,311.393257385492,273,42:20
59.9%,2992500,11970.000000603612,-3527562.95066528,576221.7239775836,311.5550150580084,273,42:17
59.9%,2995000,11980.000000605649,-3527856.935837729,576386.6963318846,311.64421329922294,273,42:13
60.0%,2997500,11990.000000607686,-3528033.086820876,575060.5066618274,310.92716112046736,273,42:10
60.0%,3000000,12000.000000609723,-3525468.2579359133,576062.5204031612,311.46893591527135,273,42:07
60.0%,3002500,12010.00000061176,-3527461.658118665,575299.9603975604,311.0566304013667,273,42:04
60.1%,3005000,12020.000000613798,-3529471.3863413576,576421.8926622906,311.66324346208097,273,42:01
60.1%,3007500,12030.000000615835,-3527608.8723607827,574600.2372999606,310.6782999234661,273,41:58
60.2%,3010000,12040.000000617873,-3528751.484630391,574958.9903501908,310.8722726726972,273,41:54
60.2%,3012500,12050.00000061991,-3529480.390712397,575830.4672999613,311.34346805272247,273,41:51
60.3%,3015000,12060.000000621947,-3525147.1479301024,575370.4054051084,311.0947190302297,273,41:48
60.4%,3017500,12070.000000623984,-3527808.212229088,572455.1207468046,309.5184654496696,273,41:45
60.4%,3020000,12080.000000626022,-3528046.601554975,575378.6617135492,311.0991831005581,273,41:42
60.5%,3022500,12090.000000628059,-3529311.393116357,576443.7919828624,311.6750841179719,273,41:39
60.5%,3025000,12100.000000630096,-3529641.721649073,578513.7757273756,312.79429533451525,273,41:36
60.5%,3027500,12110.000000632133,-3527744.2846881505,575504.1632521838,311.16704002460676,273,41:32
60.6%,3030000,12120.00000063417,-3528245.5069378894,576788.7629938924,311.86160511165144,273,41:29
60.6%,3032500,12130.000000636208,-3530972.0008367654,574858.2229198985,310.8177891345803,273,41:26
60.7%,3035000,12140.000000638245,-3527306.4872025233,575201.3890455943,311.0033342520406,273,41:23
60.8%,3037500,12150.000000640282,-3524579.703411814,576099.8659074372,311.48912810633755,273,41:20
60.8%,3040000,12160.00000064232,-3528852.3530973345,576561.1634594842,311.7385452313675,273,41:17
60.9%,3042500,12170.000000644357,-3526082.110905649,577014.3336746122,311.98356801916424,273,41:13
60.9%,3045000,12180.000000646394,-3528887.5280399453,574079.0731086018,310.39651374510817,273,41:10
61.0%,3047500,12190.000000648432,-3530160.1166263726,575602.6247034415,311.22027675215924,273,41:07
61.0%,3050000,12200.000000650469,-3528088.8511496335,575679.187456768,311.2616731604739,273,41:04
61.0%,3052500,12210.000000652506,-3528535.29317254,575532.9587736545,311.18260935972916,273,41:01
61.1%,3055000,12220.000000654543,-3527112.3152879085,575299.5136835357,311.05638886935066,273,40:58
61.1%,3057500,12230.00000065658,-3526703.078646498,575546.8838990778,311.19013847999724,273,40:54
61.2%,3060000,12240.000000658618,-3523376.1807517484,576299.4221768184,311.5970253860215,273,40:51
61.2%,3062500,12250.000000660655,-3526724.1642611045,576127.7667178216,311.50421368370775,273,40:48
61.3%,3065000,12260.000000662692,-3527959.4305130914,575488.7878652354,311.1587267682457,273,40:45
61.4%,3067500,12270.00000066473,-3529864.9351929966,574934.0557686167,310.858790893697,273,40:42
61.4%,3070000,12280.000000666767,-3526659.309858931,575925.0388199645,311.3946015489317,273,40:39
61.5%,3072500,12290.000000668804,-3529530.936848281,572358.7792421409,309.4663749475465,273,40:35
61.5%,3075000,12300.000000670841,-3527475.6823648885,575853.029531559,311.3556671353198,273,40:32
61.5%,3077500,12310.000000672879,-3528617.8908263594,574582.5140294037,310.6687171993246,273,40:29
61.6%,3080000,12320.000000674916,-3529888.3831413947,575373.7285022918,311.0965157823304,273,40:26
61.6%,3082500,12330.000000676953,-3531919.94807549,577902.609434153,312.4638462803325,273,40:23
61.7%,3085000,12340.00000067899,-3528513.020612661,576851.7077740934,311.89563847264304,273,40:20
61.8%,3087500,12350.000000681028,-3528857.960464742,575558.5722202868,311.1964581915575,273,40:17
61.8%,3090000,12360.000000683065,-3529126.2554582655,574954.8239745264,310.87001997173354,273,40:13
61.9%,3092500,12370.000000685102,-3530776.503107924,577076.1568243686,312.016994930285,273,40:10
61.9%,3095000,12380.00000068714,-3528636.3770805616,575379.4361493937,311.0996018271718,273,40:07
62.0%,3097500,12390.000000689177,-3528222.052341152,574988.2281606131,310.88808114726055,273,40:04
62.0%,3100000,12400.000000691214,-3529405.6442438364,578665.7330485103,312.87645652959736,273,40:01
62.0%,3102500,12410.000000693251,-3526152.547024289,577467.8706175026,312.22878909152536,273,39:58
62.1%,3105000,12420.000000695289,-3527256.7849308774,578763.6677820096,312.92940846823564,273,39:54
62.1%,3107500,12430.000000697326,-3530587.600474447,575611.0514462439,311.2248329739597,273,39:51
62.2%,3110000,12440.000000699363,-3527292.767498648,575467.9530626135,311.1474616822996,273,39:48
62.2%,3112500,12450.0000007014,-3528517.441302687,575876.3474292832,311.3682747960071,273,39:45
62.3%,3115000,12460.000000703438,-3528692.9733538516,575749.9341270088,311.29992489412945,273,39:42
62.4%,3117500,12470.000000705475,-3529335.4970495887,576440.6253772038,311.67337197864674,273,39:39
62.4%,3120000,12480.000000707512,-3527126.615611965,573927.2037941895,310.3144001340281,273,39:35
62.5%,3122500,12490.00000070955,-3527064.925399592,575192.9737845514,310.9987842382666,273,39:32
62.5%,3125000,12500.000000711587,-3528744.6548623145,574367.2251839131,310.5523135361034,273,39:29
62.5%,3127500,12510.000000713624,-3526487.4491705336,575381.296007772,311.10060742654605,273,39:26
62.6%,3130000,12520.000000715661,-3527751.4153386373,576569.5745815928,311.74309300727754,273,39:23
62.6%,3132500,12530.000000717699,-3527095.3772784453,575666.3240745324,311.2547181098755,273,39:20
62.7%,3135000,12540.000000719736,-3526539.9617683925,576321.9326353399,311.60919647564174,273,39:17
62.8%,3137500,12550.000000721773,-3526190.202878138,575204.2327222263,311.00487178816434,273,39:13
62.8%,3140000,12560.00000072381,-3527790.5657951497,575218.2908395114,311.01247281526935,273,39:10
62.9%,3142500,12570.000000725848,-3525576.086815655,575486.3210070455,311.1573929725755,273,39:07
62.9%,3145000,12580.000000727885,-3526321.6689064596,575645.4265764393,311.24341912536636,273,39:04
63.0%,3147500,12590.000000729922,-3527569.931927178,572965.3617965574,309.7943456383608,273,39:01
63.0%,3150000,12600.00000073196,-3527929.4703991283,575112.6380341032,310.95534782325643,273,38:58
63.0%,3152500,12610.000000733997,-3522924.33069776,575383.9385645967,311.10203622000705,273,38:54
63.1%,3155000,12620.000000736034,-3529352.9567616917,574159.4642191217,310.4399800925337,273,38:51
63.1%,3157500,12630.000000738071,-3524649.5735485516,575502.2227356917,311.16599081452017,273,38:48
63.2%,3160000,12640.000000740109,-3527268.537370976,576692.6310531523,311.80962791780655,273,38:45
63.2%,3162500,12650.000000742146,-3528241.3874161765,575909.4644665772,311.386180714204,273,38:42
63.3%,3165000,12660.000000744183,-3528372.4501255695,574950.7184109163,310.8678001509959,273,38:39
63.4%,3167500,12670.00000074622,-3527903.412096182,574661.3362554437,310.71133527288714,273,38:36
63.4%,3170000,12680.000000748258,-3524762.9340083506,576475.2810336625,311.6921098066747,273,38:32
63.5%,3172500,12690.000000750295,-3525511.3397472333,575545.9132161071,311.1896136453113,273,38:29
63.5%,3175000,12700.000000752332,-3527529.0358315464,574775.7628641035,310.77320413742416,273,38:26
63.5%,3177500,12710.00000075437,-3525071.96570299,577205.0249613454,312.0866721269015,273,38:23
63.6%,3180000,12720.000000756407,-3527592.5539160147,574878.4597941564,310.82873092903515,273,38:20
63.6%,3182500,12730.000000758444,-3524180.1398364957,576207.721101084,311.5474438988224,273,38:17
63.7%,3185000,12740.000000760481,-3529132.482828306,574403.0976327853,310.57170926674576,273,38:13
63.8%,3187500,12750.000000762519,-3527398.0607370716,574716.5317669862,310.7411787128586,273,38:10
63.8%,3190000,12760.000000764556,-3526211.9036127534,574865.3984903167,310.8216688649978,273,38:07
63.9%,3192500,12770.000000766593,-3526689.2661719285,573076.9209535394,309.8546641119398,273,38:04
63.9%,3195000,12780.00000076863,-3526854.538834311,571802.416738966,309.1655575350098,273,38:01
64.0%,3197500,12790.000000770668,-3529207.5126440953,579065.1389381734,313.0924096996884,273,37:58
64.0%,3200000,12800.000000772705,-3530113.0794233754,574483.529980276,310.6151979104238,273,37:54
64.0%,3202500,12810.000000774742,-3527059.9074054006,577371.384363628,312.1766203255315,273,37:51
64.1%,3205000,12820.00000077678,-3528716.338474646,574129.7871075798,310.4239340940082,273,37:48
64.2%,3207500,12830.000000778817,-3528567.1329694316,576717.8382106037,311.82325707476565,273,37:45
64.2%,3210000,12840.000000780854,-3525957.010969192,573581.7618219736,310.12762449823214,273,37:42
64.2%,3212500,12850.000000782891,-3525737.149595324,575571.273534335,311.20332561415694,273,37:39
64.3%,3215000,12860.000000784928,-3525648.2876442224,572860.1759274343,309.73747311225696,273,37:35
64.3%,3217500,12870.000000786966,-3531916.921475973,575285.0116665203,311.04854783187915,273,37:32
64.4%,3220000,12880.000000789003,-3528337.113131214,577336.4494490866,312.15773150656975,273,37:29
64.5%,3222500,12890.00000079104,-3527245.0213805344,577693.1154655832,312.35057582589394,273,37:26
64.5%,3225000,12900.000000793078,-3527446.054204548,576719.9191023671,311.8243821837952,273,37:23
64.5%,3227500,12910.000000795115,-3528504.7896431684,573656.8702540267,310.16823457540477,273,37:20
64.6%,3230000,12920.000000797152,-3528266.1794604547,572332.0437437352,309.45191943804076,273,37:17
64.7%,3232500,12930.00000079919,-3530689.795326315,575516.2543976181,311.1735775375833,273,37:13
64.7%,3235000,12940.000000801227,-3525951.061716728,576211.4736051932,311.5494728252332,273,37:10
64.8%,3237500,12950.000000803264,-3529470.344858991,575585.3785470722,311.21095199697606,273,37:07
64.8%,3240000,12960.000000805301,-3526834.467017524,574253.9161545255,310.49104893102503,273,37:04
64.8%,3242500,12970.000000807338,-3533160.497974647,574738.782531644,310.7532093896441,273,37:01
64.9%,3245000,12980.000000809376,-3524438.3387840297,575805.1852532271,311.32979840417715,273,36:58
65.0%,3247500,12990.000000811413,-3526232.9242168535,576407.3815110709,311.6553974858731,273,36:54
65.0%,3250000,13000.00000081345,-3526520.4833672717,575910.5243266196,311.3867537656835,273,36:51
65.0%,3252500,13010.000000815488,-3531821.9889190365,573331.6997097867,309.99241941677485,273,36:48
65.1%,3255000,13020.000000817525,-3531160.471290944,576006.5873379577,311.43869369036634,273,36:45
65.2%,3257500,13030.000000819562,-3525186.726505691,574885.0907564828,310.83231619748557,273,36:42
65.2%,3260000,13040.0000008216,-3524800.267106708,574613.5573368364,310.685501880832,273,36:39
65.2%,3262500,13050.000000823637,-3528534.004531294,575959.2054164185,311.4130749490652,273,36:35
65.3%,3265000,13060.000000825674,-3533873.753130313,574820.1224562901,310.7971887475777,273,36:32
65.3%,3267500,13070.000000827711,-3527561.2249180693,577356.1665585729,312.16839227149285,273,36:29
65.4%,3270000,13080.000000829748,-3531224.4436808173,575662.819488159,311.252823229112,273,36:26
65.5%,3272500,13090.000000831786,-3530214.589196047,573351.612637186,310.00318605770065,273,36:23
65.5%,3275000,13100.000000833823,-3529445.7043548767,576238.618291626,311.5641495769737,273,36:20
65.5%,3277500,13110.00000083586,-3529037.9875343423,572575.9867477933,309.5838160034426,273,36:16
65.6%,3280000,13120.000000837897,-3530018.077549141,576081.8647171272,311.47939511487834,273,36:13
65.7%,3282500,13130.000000839935,-3527960.265801374,573918.0304939422,310.30944025907417,273,36:10
65.7%,3285000,13140.000000841972,-3529360.592123015,575057.1503204922,310.92534639371945,273,36:07
65.8%,3287500,13150.00000084401,-3529719.3519414384,576540.1541620267,311.7271857985079,273,36:04
65.8%,3290000,13160.000000846047,-3527485.6946765706,572901.6689367857,309.75990780122356,273,36:01
65.8%,3292500,13170.000000848084,-3527579.5470422804,576835.2864254115,311.8867596794234,273,35:58
65.9%,3295000,13180.000000850121,-3529539.462742079,575644.2769656194,311.2427975468986,273,35:54
66.0%,3297500,13190.000000852158,-3528540.2982336823,575458.9124074178,311.14257352666715,273,35:51
66.0%,3300000,13200.000000854196,-3524797.7923766077,576545.1560054808,311.729890225203,273,35:48
66.0%,3302500,13210.000000856233,-3529068.192172788,574488.6041432298,310.6179414392595,273,35:45
66.1%,3305000,13220.00000085827,-3526470.430813603,577173.0933355025,312.06940714407233,273,35:42
66.2%,3307500,13230.000000860307,-3528648.981700329,575536.404604043,311.1844724719547,273,35:39
66.2%,3310000,13240.000000862345,-3529163.801592881,577574.5361862858,312.28646167050937,273,35:35
66.2%,3312500,13250.000000864382,-3529182.195747534,577498.3749973882,312.2452823824568,273,35:32
66.3%,3315000,13260.00000086642,-3531516.1535285152,575602.6767639297,311.220304900536,273,35:29
66.3%,3317500,13270.000000868456,-3526973.931409383,574577.176477294,310.66583125966156,273,35:26
66.4%,3320000,13280.000000870494,-3530476.330481343,575383.6417776663,311.10187575147086,273,35:23
66.5%,3322500,13290.000000872531,-3532677.967712991,574745.1553106392,310.7566550619838,273,35:20
66.5%,3325000,13300.000000874568,-3531156.617762018,574755.295495383,310.7621377178419,273,35:16
66.5%,3327500,13310.000000876606,-3529541.772515461,577200.516962711,312.08423471518313,273,35:13
66.6%,3330000,13320.000000878643,-3529018.60358423,573835.50050204,310.2648174484444,273,35:10
66.7%,3332500,13330.00000088068,-3528420.204005908,574744.1849881771,310.75613042221977,273,35:07
66.7%,3335000,13340.000000882717,-3530255.9533325657,574409.6817325989,310.57526919729196,273,35:04
66.8%,3337500,13350.000000884755,-3526646.874998763,573733.0646643066,310.2094318257934,273,35:01
66.8%,3340000,13360.000000886792,-3525071.7621190622,573897.4839513004,310.2983310312617,273,34:57
66.8%,3342500,13370.00000088883,-3528877.3680544887,576838.9098617185,311.88871882068145,273,34:54
66.9%,3345000,13380.000000890866,-3529921.1983935945,576162.5785324373,311.5230359442639,273,34:51
67.0%,3347500,13390.000000892904,-3530110.461262133,574074.8792596643,310.3942461897306,273,34:48
67.0%,3350000,13400.000000894941,-3528533.456659373,575335.6691386872,311.0759376175242,273,34:45
67.0%,3352500,13410.000000896978,-3529530.1784675755,576221.8664957772,311.55509211559945,273,34:42
67.1%,3355000,13420.000000899016,-3525723.2963978983,575059.6677699938,310.92670754340315,273,34:38
67.2%,3357500,13430.000000901053,-3531143.5210593995,576792.7753551684,311.8637745391925,273,34:35
67.2%,3360000,13440.00000090309,-3527194.527137801,575685.882880788,311.2652932824591,273,34:32
67.2%,3362500,13450.000000905127,-3525420.2669393923,576170.1778418267,311.52714478440777,273,34:29
67.3%,3365000,13460.000000907165,-3527909.378735777,574440.1731534004,310.59175548142815,273,34:26
67.3%,3367500,13470.000000909202,-3524973.6736322194,575290.3040094315,311.05140932756177,273,34:23
67.4%,3370000,13480.00000091124,-3529703.194386186,574004.0976561912,310.3559755681656,273,34:19
67.5%,3372500,13490.000000913276,-3529951.1517036166,573557.1858482762,310.11433661348786,273,34:16
67.5%,3375000,13500.000000915314,-3530085.73112336,575833.07856064,311.3448799247957,273,34:13
67.5%,3377500,13510.000000917351,-3528720.804227108,574937.0349887409,310.86040171628844,273,34:10
67.6%,3380000,13520.000000919388,-3526455.172550708,574939.6515298011,310.86181644338996,273,34:07
67.7%,3382500,13530.000000921425,-3529516.054823203,577279.4504754138,312.1269129598855,273,34:04
67.7%,3385000,13540.000000923463,-3526396.8455749284,577490.6833869622,312.2411236364353,273,34:01
67.8%,3387500,13550.0000009255,-3529720.0255371574,572652.3989155914,309.62513099227135,273,33:57
67.8%,3390000,13560.000000927537,-3526947.402653476,576034.1682483063,311.45360630226793,273,33:54
67.8%,3392500,13570.000000929575,-3527964.7354038954,574571.1561704896,310.6625761640985,273,33:51
67.9%,3395000,13580.000000931612,-3526747.1471265983,575420.0895017472,311.1215825253607,273,33:48
68.0%,3397500,13590.000000933649,-3528939.780892033,575305.369287163,311.05955491221295,273,33:45
68.0%,3400000,13600.000000935686,-3528799.719392678,575886.736892625,311.37389223331155,273,33:42
68.0%,3402500,13610.000000937724,-3527579.539936537,575760.216392505,311.3054843710603,273,33:38
68.1%,3405000,13620.00000093976,-3530797.3585951217,574203.7804393206,310.4639412520611,273,33:35
68.2%,3407500,13630.000000941798,-3531198.056819029,575732.1435362466,311.2903057708959,273,33:32
68.2%,3410000,13640.000000943835,-3527749.832633376,574258.8282646601,310.4937048401712,273,33:29
68.2%,3412500,13650.000000945873,-3528199.1702910513,574235.0968595818,310.48087360184945,273,33:26
68.3%,3415000,13660.00000094791,-3531500.096576523,575006.5896266188,310.8980089347421,273,33:23
68.3%,3417500,13670.000000949947,-3525273.042986689,574092.17202026,310.4035961431663,273,33:19
68.4%,3420000,13680.000000951984,-3530678.839255849,576789.7964572246,311.8621638907996,273,33:16
68.5%,3422500,13690.000000954022,-3531961.2926869337,575291.4092280695,311.0520069037986,273,33:13
68.5%,3425000,13700.000000956059,-3529066.371935457,574667.6199081154,310.71473275587203,273,33:10
68.5%,3427500,13710.000000958096,-3528863.5782842357,576512.0987110178,311.71201660911805,273,33:07
68.6%,3430000,13720.000000960134,-3531775.489047384,574445.6155646768,310.5946981169738,273,33:04
68.7%,3432500,13730.00000096217,-3530615.904752616,572764.2389014175,309.6856013060728,273,33:00
68.7%,3435000,13740.000000964208,-3526602.1164549943,576425.2754973378,311.66507251360787,273,32:57
68.8%,3437500,13750.000000966245,-3529311.5248212907,575400.0941995888,311.11077134555643,273,32:54
68.8%,3440000,13760.000000968283,-3527443.921212673,577287.8917168499,312.13147702089407,273,32:51
68.8%,3442500,13770.00000097032,-3529072.3132229075,574504.4825619811,310.6265266778704,273,32:48
68.9%,3445000,13780.000000972357,-3526738.581006212,574977.3489435698,310.8821989069897,273,32:45
69.0%,3447500,13790.000000974394,-3528067.4403738547,577132.3938280402,312.04740149046256,273,32:41
69.0%,3450000,13800.000000976432,-3529291.0441369563,575672.709815105,311.2581707903585,273,32:38
69.0%,3452500,13810.000000978469,-3530008.7649614513,574741.3944323559,310.7546216077743,273,32:35
69.1%,3455000,13820.000000980506,-3526885.2601737697,575784.5699237392,311.31865198428045,273,32:32
69.2%,3457500,13830.000000982543,-3532293.707647333,577233.9019889007,312.10228553122226,273,32:29
69.2%,3460000,13840.00000098458,-3525367.714151021,576552.1831592608,311.733689708823,273,32:26
69.2%,3462500,13850.000000986618,-3527770.2104588784,577031.9181454413,311.9930756962371,273,32:23
69.3%,3465000,13860.000000988655,-3529779.1616928596,575360.2276986355,311.08921608689826,273,32:19
69.3%,3467500,13870.000000990693,-3526554.381415453,574764.279291073,310.7669951303361,273,32:16
69.4%,3470000,13880.00000099273,-3529191.0416041017,577257.6952588109,312.11515021899197,273,32:13
69.5%,3472500,13890.000000994767,-3528599.8996564634,575327.1119488396,311.0713108648336,273,32:10
69.5%,3475000,13900.000000996804,-3528178.568071097,576770.5657541594,311.8517661190152,273,32:07
69.5%,3477500,13910.000000998842,-3523944.332849633,577019.2028531437,311.9862007157939,273,32:04
69.6%,3480000,13920.000001000879,-3524573.307712944,577445.8511866017,312.21688349366184,273,32:00
69.7%,3482500,13930.000001002916,-3526388.2992704455,575549.0205403515,311.1912937320062,273,31:57
69.7%,3485000,13940.000001004953,-3529953.2918485478,575317.0178530561,311.0658531286307,273,31:54
69.8%,3487500,13950.00000100699,-3529532.928531956,575646.0956629548,311.24378089107347,273,31:51
69.8%,3490000,13960.000001009028,-3528508.934203921,574656.3711115839,310.70865068914856,273,31:48
69.8%,3492500,13970.000001011065,-3529703.250230953,576312.0219907032,311.60383792890434,273,31:44
69.9%,3495000,13980.000001013103,-3529636.784528373,575715.7230823175,311.2814274614566,273,31:41
70.0%,3497500,13990.00000101514,-3527440.579684235,573429.967186131,310.0455512648087,273,31:38
70.0%,3500000,14000.000001017177,-3532221.68603098,574204.2734955022,310.4642078406323,273,31:35
70.0%,3502500,14010.000001019214,-3530047.390178606,575969.045367289,311.4183952726735,273,31:32
70.1%,3505000,14020.000001021252,-3525568.5436413977,573425.3822066108,310.04307223060357,273,31:29
70.2%,3507500,14030.000001023289,-3524609.5777563285,574542.9250053772,310.6473119685541,273,31:26
70.2%,3510000,14040.000001025326,-3527665.2394453567,577492.4635546207,312.24208614815365,273,31:22
70.2%,3512500,14050.000001027363,-3528293.54550861,574316.6537022517,310.52497024432023,273,31:19
70.3%,3515000,14060.0000010294,-3527242.638193948,577209.5123917626,312.08909841767303,273,31:16
70.3%,3517500,14070.000001031438,-3526455.3294833954,575662.2643311954,311.25252306351774,273,31:13
70.4%,3520000,14080.000001033475,-3525102.798862107,575982.6104602787,311.42572972844766,273,31:10
70.5%,3522500,14090.000001035512,-3527842.3153083846,574774.6140651937,310.77258299794477,273,31:07
70.5%,3525000,14100.00000103755,-3528408.9036755357,575306.8558423743,311.0603586717936,273,31:03
70.5%,3527500,14110.000001039587,-3531036.2765312474,576092.5408523574,311.48516755165747,273,31:00
70.6%,3530000,14120.000001041624,-3530567.516767958,574428.235344172,310.5853008751904,273,30:57
70.7%,3532500,14130.000001043662,-3529996.197640557,574784.8456305959,310.7781150620449,273,30:54
70.7%,3535000,14140.000001045699,-3528056.603872247,574273.2309589148,310.5014921752172,273,30:51
70.8%,3537500,14150.000001047736,-3529219.5837204605,575552.0428226753,311.1929278377258,273,30:48
70.8%,3540000,14160.000001049773,-3529282.24774676,574791.0553687057,310.78147258046147,273,30:44
70.8%,3542500,14170.00000105181,-3530570.8702419735,575171.858160517,310.98736731611626,273,30:41
70.9%,3545000,14180.000001053848,-3528255.081348343,576508.5768411267,311.7101123833985,273,30:38
71.0%,3547500,14190.000001055885,-3525210.3943478633,574736.1802504328,310.7518023726432,273,30:35
71.0%,3550000,14200.000001057922,-3528445.432384018,576116.029179701,311.4978673612528,273,30:32
71.0%,3552500,14210.00000105996,-3530262.6640575863,575856.1025218823,311.3573286581444,273,30:29
71.1%,3555000,14220.000001061997,-3532433.5513329916,575393.6884638378,311.10730785396055,273,30:25
71.2%,3557500,14230.000001064034,-3528856.8362502716,576585.4337168748,311.7516678195867,273,30:22
71.2%,3560000,14240.000001066071,-3528289.4006058313,574497.7483832552,310.62288560175847,273,30:19
71.2%,3562500,14250.000001068109,-3527095.8387425784,573489.7009820517,310.07784849157593,273,30:16
71.3%,3565000,14260.000001070146,-3527520.5847375784,575739.2531150915,311.29414982059393,273,30:13
71.3%,3567500,14270.000001072183,-3527696.692804709,574340.4973602393,310.53786217621763,273,30:10
71.4%,3570000,14280.00000107422,-3525179.0259284247,574165.7568656171,310.4433824383531,273,30:07
71.5%,3572500,14290.000001076258,-3530153.549841339,576124.3323031173,311.50235674378274,273,30:03
71.5%,3575000,14300.000001078295,-3528498.933173323,575809.3691047789,311.33206055410824,273,30:00
71.5%,3577500,14310.000001080332,-3528965.1322681997,576733.81727061,311.8318967286935,273,29:57
71.6%,3580000,14320.00000108237,-3527443.612106709,577607.6150552535,312.3043469516268,273,29:54
71.7%,3582500,14330.000001084407,-3530212.1178709418,576410.131471503,311.65688435096024,273,29:51
71.7%,3585000,14340.000001086444,-3530423.9864379205,576292.9678490348,311.59353562139427,273,29:48
71.8%,3587500,14350.000001088481,-3530449.3671169225,578013.8978458531,312.52401836572994,273,29:44
71.8%,3590000,14360.000001090519,-3525249.5153984334,572654.9056758496,309.62648636243097,273,29:41
71.8%,3592500,14370.000001092556,-3526040.53204301,575600.2309769851,311.218982497793,273,29:38
71.9%,3595000,14380.000001094593,-3526806.781886803,575047.3383304977,310.9200411881652,273,29:35
72.0%,3597500,14390.00000109663,-3525155.5894451067,574394.0092522274,310.56679530667833,273,29:32
72.0%,3600000,14400.000001098668,-3531505.188193854,575016.7896419552,310.90352394016355,273,29:29
72.0%,3602500,14410.000001100705,-3528361.081247829,575412.7959312275,311.1176389939412,273,29:25
72.1%,3605000,14420.000001102742,-3525852.1588376947,576004.7463609674,311.4376982998941,273,29:22
72.2%,3607500,14430.00000110478,-3528281.1358137745,575494.7886674826,311.1619713179679,273,29:19
72.2%,3610000,14440.000001106817,-3528488.17706226,576185.7524940716,311.5355657807235,273,29:16
72.2%,3612500,14450.000001108854,-3527514.469444327,575472.3275086274,311.14982688398686,273,29:13
72.3%,3615000,14460.000001110891,-3526746.5301984306,575373.103832836,311.0961780323054,273,29:10
72.3%,3617500,14470.000001112929,-3529715.461379219,574985.3471140573,310.8865234057425,273,29:06
72.4%,3620000,14480.000001114966,-3528312.4531991463,575138.3229300636,310.9692352867357,273,29:03
72.5%,3622500,14490.000001117003,-3527487.0342196487,575718.2893166154,311.2828149883964,273,29:00
72.5%,3625000,14500.00000111904,-3524500.1647459175,575358.6425210956,311.0883590036059,274,28:57
72.5%,3627500,14510.000001121078,-3529313.4465720914,576243.6985015564,311.5668963753249,274,28:54
72.6%,3630000,14520.000001123115,-3527183.6438903827,576770.4331711455,311.85169443323673,274,28:51
72.7%,3632500,14530.000001125152,-3524661.626346154,577563.5413354089,312.28051690864436,274,28:47
72.7%,3635000,14540.00000112719,-3530204.243500596,575006.5436593326,310.8979840808743,274,28:44
72.8%,3637500,14550.000001129227,-3526833.429119969,577198.8744046066,312.0833466070233,274,28:41
72.8%,3640000,14560.000001131264,-3530601.002172563,576301.7616342198,311.5982902978698,274,28:38
72.8%,3642500,14570.000001133301,-3530791.984232789,573781.1657077079,310.2354393862126,274,28:35
72.9%,3645000,14580.000001135339,-3526660.4780577254,575447.818672359,311.13657529951,274,28:32
73.0%,3647500,14590.000001137376,-3526441.4420842994,574618.7524004086,310.6883107789387,274,28:29
73.0%,3650000,14600.000001139413,-3530407.7870247997,575937.9341395977,311.4015738676335,274,28:25
73.0%,3652500,14610.00000114145,-3532709.904779341,573881.1600962976,310.2895049515088,274,28:22
73.1%,3655000,14620.000001143488,-3525916.337740965,575322.9180559864,311.0690432857114,274,28:19
73.2%,3657500,14630.000001145525,-3531681.3430793993,576136.087375843,311.50871254695306,274,28:16
73.2%,3660000,14640.000001147562,-3527010.632633142,576574.717604596,311.7458737677775,274,28:13
73.2%,3662500,14650.0000011496,-3530220.9394335113,574696.0235393492,310.7300902014325,274,28:10
73.3%,3665000,14660.000001151637,-3530652.9386047274,575780.079299513,311.31622396666125,274,28:06
73.3%,3667500,14670.000001153674,-3529234.3888142724,574834.7304782495,310.8050871004377,274,28:03
73.4%,3670000,14680.000001155711,-3526826.741542684,574290.4508969523,310.5108027545156,274,28:00
73.5%,3672500,14690.000001157749,-3525972.6825689916,575469.8894648195,311.1485086678494,274,27:57
73.5%,3675000,14700.000001159786,-3526263.8450235836,575081.9488178503,310.93875459389017,274,27:54
73.5%,3677500,14710.000001161823,-3528046.2063474283,577732.5976798795,312.3719233061394,274,27:51
73.6%,3680000,14720.00000116386,-3526210.501293417,574797.558397485,310.78498867703496,274,27:47
73.7%,3682500,14730.000001165898,-3530709.762837846,573893.7613870356,310.2963182929054,274,27:44
73.7%,3685000,14740.000001167935,-3529491.78558,576842.7109895824,311.89077403727526,274,27:41
73.8%,3687500,14750.000001169972,-3527061.765533015,574626.5547899252,310.6925294216628,274,27:38
73.8%,3690000,14760.00000117201,-3529730.8251570407,575376.2278353025,311.0978671366813,274,27:35
73.8%,3692500,14770.000001174047,-3527873.314179085,575067.4307571183,310.9309048818058,274,27:32
73.9%,3695000,14780.000001176084,-3525569.062926082,578808.5283331521,312.95366393987985,274,27:29
74.0%,3697500,14790.000001178121,-3528697.2388179637,577465.6117623718,312.22756776019577,274,27:25
74.0%,3700000,14800.000001180159,-3528751.6555384304,575800.7573545894,311.327404301405,274,27:22
74.0%,3702500,14810.000001182196,-3529199.5737349987,576336.7536805575,311.61721000719353,274,27:19
74.1%,3705000,14820.000001184233,-3530654.311232945,575018.8425177885,310.90463390137216,274,27:16
74.2%,3707500,14830.00000118627,-3530391.589858569,574615.9084923768,310.68677311770034,274,27:13
74.2%,3710000,14840.000001188308,-3522367.013955733,576262.0063938927,311.5767951962738,274,27:10
74.2%,3712500,14850.000001190345,-3527693.1385399085,572556.1304055657,309.57307995732657,274,27:06
74.3%,3715000,14860.000001192382,-3528510.018511234,575935.7416305629,311.4003884087087,274,27:03
74.3%,3717500,14870.00000119442,-3532440.418805968,575997.7205869694,311.4338995623029,274,27:00
74.4%,3720000,14880.000001196457,-3527522.128112532,574310.4668589397,310.5216251048001,274,26:57
74.5%,3722500,14890.000001198494,-3528855.655619068,576130.5001580137,311.50569161653254,274,26:54
74.5%,3725000,14900.000001200531,-3528493.732740106,574638.7033801605,310.69909799423857,274,26:51
74.5%,3727500,14910.000001202568,-3529677.3395552114,574830.2579964116,310.8026688921537,274,26:47
74.6%,3730000,14920.000001204606,-3528779.020444909,576338.7376292022,311.61828270043674,274,26:44
74.7%,3732500,14930.000001206643,-3527330.782899324,577865.2290134171,312.44363521042555,274,26:41
74.7%,3735000,14940.00000120868,-3528684.7708486915,573476.1105934314,310.07050035880854,274,26:38
74.8%,3737500,14950.000001210718,-3527150.6019369327,573436.5089118901,310.0490882842971,274,26:35
74.8%,3740000,14960.000001212755,-3526833.066118339,575500.923400061,311.16528828194436,274,26:32
74.8%,3742500,14970.000001214792,-3529428.47073799,574020.6311050502,310.36491497238086,274,26:28
74.9%,3745000,14980.00000121683,-3524766.0908007678,574398.8131468398,310.5693927052075,274,26:25
75.0%,3747500,14990.000001218867,-3527993.044435052,574368.2036981916,310.5528426050678,274,26:22
75.0%,3750000,15000.000001220904,-3527403.2233454417,574902.4942183408,310.8417260055432,274,26:19
75.0%,3752500,15010.000001222941,-3529905.5689462535,574983.003964483,310.88525649758805,274,26:16
75.1%,3755000,15020.000001224978,-3531942.9207522664,574587.5404463095,310.6714349125409,274,26:13
75.2%,3757500,15030.000001227016,-3527100.174840495,574229.6252538402,310.47791518126536,274,26:09
75.2%,3760000,15040.000001229053,-3524441.4834821243,575277.9476876212,311.0447284374331,274,26:06
75.2%,3762500,15050.00000123109,-3525916.451692978,576172.3780411731,311.5283344013763,274,26:03
75.3%,3765000,15060.000001233127,-3527075.6596581973,574700.2963522,310.73240045149197,274,26:00
75.3%,3767500,15070.000001235165,-3528673.151797071,575894.5325429004,311.37810723222236,274,25:57
75.4%,3770000,15080.000001237202,-3528424.667194428,574403.0716207195,310.5716952023861,274,25:54
75.5%,3772500,15090.00000123924,-3528113.855453497,575863.5848879248,311.36137426865866,274,25:51
75.5%,3775000,15100.000001241277,-3528067.1817763913,574810.4094660116,310.79193706978333,274,25:47
75.5%,3777500,15110.000001243314,-3531504.103105871,576559.3390944074,311.7375588227241,274,25:44
75.6%,3780000,15120.000001245351,-3527647.08344445,573677.2292492242,310.179242398941,274,25:41
75.7%,3782500,15130.000001247388,-3529986.805001432,574121.4141472536,310.4194069516393,274,25:38
75.7%,3785000,15140.000001249426,-3528061.6752399337,577503.0490443062,312.24780957415635,274,25:35
75.8%,3787500,15150.000001251463,-3528804.5018738285,575171.4092669396,310.9871246056466,274,25:32
75.8%,3790000,15160.0000012535,-3525875.172027437,576911.6872972103,311.9280685606635,274,25:28
75.8%,3792500,15170.000001255537,-3531138.7774932086,575629.8773596834,311.23501188166324,274,25:25
75.9%,3795000,15180.000001257575,-3530368.5859328043,576894.2855016587,311.9186596535544,274,25:22
76.0%,3797500,15190.000001259612,-3529072.549671367,576387.1970989148,311.64448405694196,274,25:19
76.0%,3800000,15200.00000126165,-3526800.778558675,575531.3599340824,311.18174488956737,274,25:16
76.0%,3802500,15210.000001263686,-3527796.22498969,576236.9249939523,311.56323403463944,274,25:13
76.1%,3805000,15220.000001265724,-3526919.058145901,576858.2422276295,311.8991715601424,274,25:09
76.2%,3807500,15230.000001267761,-3530601.202769408,574967.3628440094,310.876799562832,274,25:06
76.2%,3810000,15240.000001269798,-3530830.5983914845,575400.518454605,311.11100073430123,274,25:03
76.2%,3812500,15250.000001271836,-3528644.6831624936,575714.9313187927,311.28099936600887,274,25:00
76.3%,3815000,15260.000001273873,-3528998.12045875,574308.8722765278,310.52076293642517,274,24:57
76.3%,3817500,15270.00000127591,-3529037.19218201,577484.6238101118,312.2378473081083,274,24:54
76.4%,3820000,15280.000001277947,-3528240.777940374,575506.8813505219,311.16850966230595,274,24:50
76.5%,3822500,15290.000001279985,-3531574.474268919,575703.3860087596,311.2747569785883,274,24:47
76.5%,3825000,15300.000001282022,-3527909.5984767564,574522.0538898634,310.63602724873607,274,24:44
76.5%,3827500,15310.00000128406,-3525173.6894394085,574134.0097264478,310.42621720488415,274,24:41
76.6%,3830000,15320.000001286096,-3525038.852479793,575227.1154262028,311.017244145688,274,24:38
76.7%,3832500,15330.000001288134,-3527209.0423929375,576317.4122254532,311.60675235333304,274,24:35
76.7%,3835000,15340.000001290171,-3529088.6741015613,577144.9599199306,312.05419580033526,274,24:32
76.8%,3837500,15350.000001292208,-3527489.3322769254,575835.0245678024,311.34593210361083,274,24:28
76.8%,3840000,15360.000001294246,-3528086.8084357847,575624.7877507826,311.23226000142034,274,24:25
76.8%,3842500,15370.000001296283,-3528930.3673821744,575434.5455600754,311.12939871361385,274,24:22
76.9%,3845000,15380.00000129832,-3529186.778410131,574885.2202637264,310.8323862202382,274,24:19
77.0%,3847500,15390.000001300357,-3527814.7718548793,572899.9411800088,309.75897362733497,274,24:16
77.0%,3850000,15400.000001302395,-3527536.0908339173,575644.3497598657,311.2428369057279,274,24:13
77.0%,3852500,15410.000001304432,-3526110.598104529,576155.7118804017,311.5193232416889,274,24:09
77.1%,3855000,15420.00000130647,-3526202.0552663263,575775.1848730695,311.3135776188391,274,24:06
77.2%,3857500,15430.000001308506,-3526194.8981294464,574242.5616424978,310.4849097054135,274,24:03
77.2%,3860000,15440.000001310544,-3529429.6314158216,575441.0658667074,311.1329241520802,274,24:00
77.2%,3862500,15450.000001312581,-3527336.3388233297,575951.116541299,311.40870140758847,274,23:57
77.3%,3865000,15460.000001314618,-3524827.594148686,574934.4536101879,310.85900600106197,274,23:54
77.3%,3867500,15470.000001316655,-3526962.538494276,577560.268814669,312.27874750251823,274,23:50
77.4%,3870000,15480.000001318693,-3529091.763506381,575247.9549140522,311.0285117648709,274,23:47
77.5%,3872500,15490.00000132073,-3526739.6920785084,573981.041088924,310.3435092051959,274,23:44
77.5%,3875000,15500.000001322767,-3527559.749005541,574998.0722529627,310.89340371010854,274,23:41
77.5%,3877500,15510.000001324805,-3527857.2717778385,575025.0472648477,310.9079887211976,274,23:38
77.6%,3880000,15520.000001326842,-3532227.6264920738,575098.004411075,310.9474356282572,274,23:35
77.7%,3882500,15530.000001328879,-3531731.0590946097,574506.6508774569,310.6276990556767,274,23:32
77.7%,3885000,15540.000001330916,-3526701.8292616736,575382.7142126877,311.1013742300793,274,23:28
77.8%,3887500,15550.000001332954,-3527634.1557450574,574948.1416601823,310.8664069379664,274,23:25
77.8%,3890000,15560.00000133499,-3526226.276935518,576095.5493711361,311.486794215621,274,23:22
77.8%,3892500,15570.000001337028,-3526404.359578101,575584.6740267248,311.21057107269235,274,23:19
77.9%,3895000,15580.000001339065,-3530157.161240354,575221.8970303411,311.0144226321393,274,23:16
78.0%,3897500,15590.000001341103,-3529747.0124444775,576102.8215130747,311.4907261609068,274,23:13
78.0%,3900000,15600.00000134314,-3529967.879662445,574982.8905742554,310.88519518908015,274,23:09
78.0%,3902500,15610.000001345177,-3526284.0668882933,574927.2230092403,310.85509651640814,274,23:06
78.1%,3905000,15620.000001347214,-3530324.7749095857,575981.7289320277,311.42525309846985,274,23:03
78.2%,3907500,15630.000001349252,-3524040.718970148,576824.6853179669,311.8810278091171,274,23:00
78.2%,3910000,15640.000001351289,-3526845.0362307653,576921.5404895133,311.93339604372875,274,22:57
78.2%,3912500,15650.000001353326,-3528456.0576521084,575755.3360788818,311.30284565384244,274,22:54
78.3%,3915000,15660.000001355364,-3527215.2398799304,574549.5869804635,310.65091400516945,274,22:50
78.3%,3917500,15670.0000013574,-3526208.5156612415,574040.6642534593,310.37574661512275,274,22:47
78.4%,3920000,15680.000001359438,-3528000.91122446,575488.2253820781,311.1584226414812,274,22:44
78.5%,3922500,15690.000001361475,-3529667.9966976885,575243.9747302653,311.0263597352476,274,22:41
78.5%,3925000,15700.000001363513,-3529432.996816339,575143.0645057901,310.97179899031613,274,22:38
78.5%,3927500,15710.00000136555,-3529613.14368397,573719.6478357294,310.20217753451027,274,22:35
78.6%,3930000,15720.000001367587,-3531149.836944513,574564.5251336631,310.6589908553669,274,22:32
78.7%,3932500,15730.000001369624,-3527326.5067343134,577085.428100924,312.0220077796564,274,22:28
78.7%,3935000,15740.000001371662,-3526524.2712638173,576786.6678432443,311.8604722930426,274,22:25
78.8%,3937500,15750.000001373699,-3530152.267104108,575524.6358713555,311.1781092830344,274,22:22
78.8%,3940000,15760.000001375736,-3529524.5796390586,574321.0049628897,310.5273229099994,274,22:19
78.8%,3942500,15770.000001377774,-3528990.8480213527,576155.1429334191,311.5190156200246,274,22:16
78.9%,3945000,15780.00000137981,-3525164.7855567727,575700.8232357191,311.2733713231019,274,22:13
79.0%,3947500,15790.000001381848,-3529729.999340588,573804.376683563,310.247989235743,274,22:09
79.0%,3950000,15800.000001383885,-3529509.145473527,574583.1825033841,310.6690786338425,274,22:06
79.0%,3952500,15810.000001385923,-3528418.592825765,573179.2265120498,309.9099792944397,274,22:03
79.1%,3955000,15820.00000138796,-3526262.1212416887,576369.5663081735,311.6349513353414,274,22:00
79.2%,3957500,15830.000001389997,-3527287.960047884,576323.5722587766,311.6100829970679,274,21:57
79.2%,3960000,15840.000001392034,-3530610.225927552,574268.2375536197,310.49879231091643,274,21:54
79.2%,3962500,15850.000001394072,-3526603.323420698,574575.300710014,310.664817058567,274,21:50
79.3%,3965000,15860.000001396109,-3527911.5172734745,574156.8909865939,310.438588781749,274,21:47
79.3%,3967500,15870.000001398146,-3530385.561185105,575756.145591676,311.3032833460715,274,21:44
79.4%,3970000,15880.000001400183,-3528672.013114415,576198.0764383455,311.54222916477175,274,21:41
79.5%,3972500,15890.00000140222,-3528292.5038602445,576204.7219696228,311.5458223104499,274,21:38
79.5%,3975000,15900.000001404258,-3530638.0902317334,576324.6278087335,311.61065371814453,274,21:35
79.5%,3977500,15910.000001406295,-3529630.0841580983,575735.4115406328,311.29207273509286,274,21:32
79.6%,3980000,15920.000001408333,-3524741.812065171,575682.6174158638,311.26352769131375,274,21:28
79.7%,3982500,15930.00000141037,-3529569.559886163,573868.5590682013,310.2826917521188,274,21:25
79.7%,3985000,15940.000001412407,-3528041.2887739427,576613.5274973905,311.766857733204,274,21:22
79.8%,3987500,15950.000001414444,-3530462.2742639836,572764.8381320083,309.68592530165984,274,21:19
79.8%,3990000,15960.000001416482,-3528125.998482166,576074.7568054323,311.47555196658493,274,21:16
79.8%,3992500,15970.000001418519,-3528440.337413475,576761.0434946741,311.8466175666892,273,21:13
79.9%,3995000,15980.000001420556,-3528202.261528574,574335.2220814714,310.5350099068783,274,21:09
80.0%,3997500,15990.000001422593,-3526966.6928627193,574770.8436200835,310.77054437108603,274,21:06
80.0%,4000000,16000.00000142463,-3525938.2204561178,573952.5182620599,310.32808731222764,274,21:03
80.0%,4002500,16010.000001426668,-3529375.9545232877,575172.9238071189,310.9879434963075,273,21:00
80.1%,4005000,16020.000001428705,-3529233.308351347,574626.2593799158,310.6923696976085,273,20:57
80.2%,4007500,16030.000001430742,-3525863.920612382,576178.489840375,311.5316389655972,273,20:54
80.2%,4010000,16040.00000143278,-3527976.0837673433,574203.7693943914,310.46393528022264,273,20:50
80.2%,4012500,16050.000001434817,-3529436.188226737,576355.3909514567,311.6272869185178,273,20:47
80.3%,4015000,16060.000001436854,-3530696.5846714918,573740.5534971455,310.21348093281387,273,20:44
80.3%,4017500,16070.000001438892,-3526962.7437025364,576281.7741484634,311.58748334428464,273,20:41
80.4%,4020000,16080.000001440929,-3528958.790640453,575552.057031576,311.1929355202794,273,20:38
80.5%,4022500,16090.000001442966,-3530498.8182669673,575715.9194054421,311.28153361062016,273,20:35
80.5%,4025000,16100.000001445003,-3530966.8486284204,574888.3848316006,310.8340972577619,273,20:32
80.5%,4027500,16110.00000144704,-3526200.2366037946,575556.4048199013,311.1952863085277,273,20:28
80.6%,4030000,16120.000001449078,-3527255.3431052156,574624.59776073,310.69147128338886,273,20:25
80.7%,4032500,16130.000001451115,-3530587.089765683,575007.286126661,310.8983855225591,273,20:22
80.7%,4035000,16140.000001453152,-3532044.87945766,574708.333921128,310.73674625242967,273,20:19
80.8%,4037500,16150.00000145519,-3529842.4596456066,573543.6709324132,310.1070292877832,273,20:16
80.8%,4040000,16160.000001457227,-3525830.5005556475,575708.592346404,311.27757197242784,273,20:13
80.8%,4042500,16170.000001459264,-3525872.339659393,577736.9310521915,312.3742662998513,274,20:09
80.9%,4045000,16180.000001461302,-3527152.35000588,575004.1292542964,310.89667864588966,274,20:06
81.0%,4047500,16190.000001463339,-3526935.05366252,576608.8840574296,311.76434709025744,273,20:03
81.0%,4050000,16200.000001465376,-3527357.441920873,576953.5987392,311.95072949029674,274,20:00
81.0%,4052500,16210.000001467413,-3527665.6231266763,574610.775969178,310.6839980342976,273,19:57
81.1%,4055000,16220.00000146945,-3531258.21424981,575685.6314252508,311.2651573239723,274,19:54
81.2%,4057500,16230.000001471488,-3531363.8133096304,573030.5496516712,309.8295917985392,274,19:50
81.2%,4060000,16240.000001473525,-3532306.0783056766,575752.0509912947,311.3010694529981,273,19:47
81.2%,4062500,16250.000001475562,-3531097.181108307,573673.078433096,310.1769981108007,273,19:44
81.3%,4065000,16260.0000014776,-3531414.9295533877,577474.6042997361,312.23242989919083,273,19:41
81.3%,4067500,16270.000001479637,-3531700.1406460274,573610.4463224085,310.1431338058355,273,19:38
81.4%,4070000,16280.000001481674,-3530578.577927826,575069.005654824,310.9317564069358,273,19:35
81.5%,4072500,16290.000001483711,-3527362.4173499737,573559.3675832925,310.11551624705174,273,19:32
81.5%,4075000,16300.000001485749,-3529819.0353338774,577457.0076535465,312.22291563907106,273,19:28
81.5%,4077500,16310.000001487786,-3528748.2796883844,576428.9048014898,311.66703482752746,273,19:25
81.6%,4080000,16320.000001489823,-3530049.2781492975,575331.971093814,311.0739381364595,273,19:22
81.7%,4082500,16330.00000149186,-3529872.9449999034,573971.006755125,310.33808378146097,273,19:19
81.7%,4085000,16340.000001493898,-3529190.0404758733,575487.1616449459,311.1578474937135,273,19:16
81.8%,4087500,16350.000001495935,-3530245.2901641186,574999.0498969383,310.8939323085123,273,19:13
81.8%,4090000,16360.000001497972,-3526433.2186304256,572492.7488923443,309.53881046090817,273,19:09
81.8%,4092500,16370.00000150001,-3526677.4164549857,574296.3131191563,310.5139723759496,273,19:06
81.9%,4095000,16380.000001502047,-3527801.9978403877,578910.4977647928,313.00879738328933,274,19:03
82.0%,4097500,16390.000001504082,-3526393.871039981,577355.8505338121,312.1682214013312,274,19:00
82.0%,4100000,16400.00000150612,-3525405.5964289214,573880.1927978068,310.28898194676367,273,18:57
82.0%,4102500,16410.000001508157,-3530879.5062334295,574885.9719935679,310.8327926700341,273,18:54
82.1%,4105000,16420.000001510194,-3527010.0075267684,574730.7807079525,310.7488829156551,273,18:50
82.2%,4107500,16430.00000151223,-3530642.689388506,575615.711720517,311.22735271898307,273,18:47
82.2%,4110000,16440.00000151427,-3532697.7384860814,574809.05842127,310.79120657881555,273,18:44
82.2%,4112500,16450.000001516306,-3527762.122804746,575530.203401231,311.18111956845405,273,18:41
82.3%,4115000,16460.000001518343,-3526625.344718067,575577.5996876901,311.2067460766661,273,18:38
82.3%,4117500,16470.00000152038,-3530438.3494906854,576678.0128759395,311.8017240741433,273,18:35
82.4%,4120000,16480.000001522418,-3528872.267221974,575467.356851877,311.14713931950547,273,18:31
82.5%,4122500,16490.000001524455,-3528312.8554398622,574030.8333645613,310.37043119119613,273,18:28
82.5%,4125000,16500.000001526492,-3528667.1813122593,574545.2453266779,310.64856653378087,273,18:25
82.5%,4127500,16510.00000152853,-3524243.2449216973,575178.0120822097,310.990694655378,273,18:22
82.6%,4130000,16520.000001530567,-3528483.8406997193,574276.9218220416,310.5034877732122,273,18:19
82.7%,4132500,16530.000001532604,-3526438.347424967,576344.5376130098,311.6214186704415,273,18:16
82.7%,4135000,16540.00000153464,-3529174.6219877694,576331.7805654407,311.614521113508,273,18:13
82.8%,4137500,16550.00000153668,-3529322.253618449,574331.3910120747,310.532938501317,273,18:09
82.8%,4140000,16560.000001538716,-3528842.8645142037,575321.6782634752,311.06837294726625,273,18:06
82.8%,4142500,16570.000001540753,-3529977.199767582,578081.4327940568,312.5605335662665,273,18:03
82.9%,4145000,16580.00000154279,-3528819.8774741255,576391.4082154379,311.6467609486612,273,18:00
83.0%,4147500,16590.000001544828,-3529424.5560462326,577020.2395159896,311.9867612248742,273,17:57
83.0%,4150000,16600.000001546865,-3524390.652172625,572934.6175662838,309.77772266368413,273,17:54
83.0%,4152500,16610.000001548902,-3533666.058976678,578142.111877321,312.5933418966598,273,17:50
83.1%,4155000,16620.00000155094,-3530025.5392694417,574604.5713445495,310.68064328066873,273,17:47
83.2%,4157500,16630.000001552977,-3529114.7171557248,576634.0657886548,311.7779624996123,273,17:44
83.2%,4160000,16640.000001555014,-3530849.8579667434,575503.3615833912,311.1666065735195,273,17:41
83.2%,4162500,16650.00000155705,-3529041.2969406396,574451.4511710919,310.5978533476235,273,17:38
83.3%,4165000,16660.00000155909,-3530576.0216097105,573291.9950721005,309.97095167531796,273,17:35
83.3%,4167500,16670.000001561126,-3529272.1992270537,574639.1769330704,310.69935403766397,273,17:31
83.4%,4170000,16680.000001563163,-3530759.083912283,573375.6571246635,310.01618657529036,273,17:28
83.5%,4172500,16690.0000015652,-3528121.8743667398,576233.3777958789,311.5613161143265,273,17:25
83.5%,4175000,16700.000001567238,-3532256.584470719,574638.5342805913,310.6990065644701,273,17:22
83.5%,4177500,16710.000001569275,-3527143.906436613,573742.7188490606,310.2146517082644,273,17:19
83.6%,4180000,16720.000001571312,-3531038.2455094196,576288.615918525,311.5911825935248,273,17:16
83.7%,4182500,16730.00000157335,-3528596.4072242714,575624.0053562102,311.231836971634,273,17:13
83.7%,4185000,16740.000001575387,-3528335.107551936,575517.6266760547,311.1743195093125,273,17:09
83.8%,4187500,16750.000001577424,-3530536.63090585,575381.0162193709,311.10045614887656,273,17:06
83.8%,4190000,16760.00000157946,-3523963.2271748334,578824.1031477489,312.962085023977,273,17:03
83.8%,4192500,16770.0000015815,-3529963.7430532426,574956.5097354776,310.87093143906753,273,17:00
83.9%,4195000,16780.000001583536,-3524751.145705942,575505.8723792887,311.1679641256928,273,16:57
84.0%,4197500,16790.000001585573,-3527542.4125152007,575387.381585461,311.10389781316223,273,16:54
84.0%,4200000,16800.00000158761,-3526925.098490268,573331.4333149428,309.9922753808141,273,16:50
84.0%,4202500,16810.000001589648,-3528805.5677295793,574789.4863444439,310.78062423102034,273,16:47
84.1%,4205000,16820.000001591685,-3530309.077974528,575988.019076657,311.42865409156536,273,16:44
84.2%,4207500,16830.000001593722,-3530252.6795028932,575314.6164328428,311.0645547143579,273,16:41
84.2%,4210000,16840.00000159576,-3529681.9211801086,576568.4269926528,311.7424725220119,273,16:38
84.2%,4212500,16850.000001597797,-3528434.5438356977,576230.7016429843,311.5598691559411,273,16:35
84.3%,4215000,16860.000001599834,-3529249.3828877695,575548.9523468283,311.19125686072334,273,16:31
84.3%,4217500,16870.00000160187,-3531825.1035056207,576085.5910508751,311.4814098913414,273,16:28
84.4%,4220000,16880.00000160391,-3528985.930715056,574674.9934916531,310.71871954920965,273,16:25
84.5%,4222500,16890.000001605946,-3527858.994105112,573978.5797555803,310.34217839673266,273,16:22
84.5%,4225000,16900.000001607983,-3528500.933314506,574246.0309128717,310.4867854913108,273,16:19
84.5%,4227500,16910.00000161002,-3528567.751497533,574538.0480294671,310.64467505599094,273,16:16
84.6%,4230000,16920.000001612058,-3523639.9992597103,575513.3016836892,311.1719810465204,273,16:13
84.7%,4232500,16930.000001614095,-3526470.3658839427,574439.9659716706,310.5916434611688,273,16:09
84.7%,4235000,16940.000001616132,-3530418.7612097673,577166.1073107405,312.0656298983362,273,16:06
84.8%,4237500,16950.00000161817,-3528695.343706785,574070.4286272755,310.3918397951377,273,16:03
84.8%,4240000,16960.000001620207,-3528011.09681049,574373.3988747968,310.55565156428975,273,16:00
84.8%,4242500,16970.000001622244,-3529124.1009282507,574942.4196962952,310.86331315223975,273,15:57
84.9%,4245000,16980.00000162428,-3530420.0504221506,575401.7863238975,311.11168625346875,273,15:54
85.0%,4247500,16990.00000162632,-3531543.413968332,575258.9629853272,311.0344636748201,274,15:50
85.0%,4250000,17000.000001628356,-3531852.2094981503,577421.2971927968,312.20360749313755,274,15:47
85.0%,4252500,17010.000001630393,-3530770.8326685857,575443.9404255229,311.13447838576803,273,15:44
85.1%,4255000,17020.00000163243,-3527240.5399677325,574650.5931778442,310.70552664130656,273,15:41
85.2%,4257500,17030.000001634467,-3528691.515600484,576618.3876345796,311.7694855413065,273,15:38
85.2%,4260000,17040.000001636505,-3528262.624114547,576328.3049777803,311.6126419119423,273,15:35
85.2%,4262500,17050.000001638542,-3528410.7440224383,576368.3746248118,311.6343070088395,273,15:31
85.3%,4265000,17060.00000164058,-3528291.6006108187,574938.0613520553,310.86095665655625,273,15:28
85.3%,4267500,17070.000001642617,-3528173.8970992547,572291.0784803648,309.4297700939338,273,15:25
85.4%,4270000,17080.000001644654,-3529215.9162611477,574264.5432384284,310.4967948464385,273,15:22
85.5%,4272500,17090.00000164669,-3532181.984331932,575840.106335233,311.3486797440806,273,15:19
85.5%,4275000,17100.00000164873,-3530073.6700986195,575850.5226654804,311.3543117079446,273,15:16
85.5%,4277500,17110.000001650766,-3529122.558197463,574018.2990948829,310.36365408714767,273,15:12
85.6%,4280000,17120.000001652803,-3525559.2112293225,575002.6849111607,310.895897709787,273,15:09
85.7%,4282500,17130.00000165484,-3528641.933941208,576888.1632377633,311.91534943122036,273,15:06
85.7%,4285000,17140.000001656877,-3526320.9200755376,576037.0597403056,311.45516969149105,273,15:03
85.8%,4287500,17150.000001658915,-3527862.841352798,573995.8154716003,310.35149750696525,273,15:00
85.8%,4290000,17160.000001660952,-3528915.5825858694,574722.3872467759,310.74434468876353,273,14:57
85.8%,4292500,17170.00000166299,-3527473.2018957846,575773.5500903775,311.3126937147358,273,14:54
85.9%,4295000,17180.000001665027,-3527398.2895884346,574123.591560269,310.42058424835784,273,14:50
86.0%,4297500,17190.000001667064,-3527723.4556892887,574237.8501917114,310.4823622899662,273,14:47
86.0%,4300000,17200.0000016691,-3528794.2569155637,575768.1830583885,311.309791835715,273,14:44
86.0%,4302500,17210.00000167114,-3530682.4436838403,576829.2225146219,311.88348100779626,273,14:41
86.1%,4305000,17220.000001673176,-3529378.9339815974,574814.3255237995,310.7940544273773,273,14:38
86.2%,4307500,17230.000001675213,-3529162.168397315,575677.6142011458,311.26082252319543,273,14:35
86.2%,4310000,17240.00000167725,-3527558.036614824,574963.5150861368,310.8747191340455,273,14:31
86.2%,4312500,17250.000001679287,-3529998.133843474,576238.9178728161,311.56431155632697,273,14:28
86.3%,4315000,17260.000001681325,-3527490.0193000734,574260.071213773,310.49437688534664,273,14:25
86.3%,4317500,17270.000001683362,-3527871.8626838587,576008.208563541,311.43957026433077,273,14:22
86.4%,4320000,17280.0000016854,-3529257.694875531,574345.5918073948,310.5406166724371,273,14:19
86.5%,4322500,17290.000001687436,-3530506.0089738294,577951.370993406,312.490210972421,273,14:16
86.5%,4325000,17300.000001689474,-3528240.49596088,573160.2644070683,309.89972674987706,273,14:12
86.5%,4327500,17310.00000169151,-3529720.3762146886,574080.8049551522,310.39745013028016,273,14:09
86.6%,4330000,17320.00000169355,-3528596.942533765,574247.0565384049,310.4873400326708,273,14:06
86.7%,4332500,17330.000001695586,-3529098.6797923073,575049.5307964226,310.92122662378114,273,14:03
86.7%,4335000,17340.000001697623,-3530163.777183179,575843.3405848544,311.35042845754896,273,14:00
86.8%,4337500,17350.00000169966,-3527231.4363002162,576205.559736649,311.54627527934645,273,13:57
86.8%,4340000,17360.000001701697,-3527108.6633995734,577223.9029312667,312.0968791808156,273,13:54
86.8%,4342500,17370.000001703735,-3526167.1757426,577281.9599418058,312.1282697932137,273,13:50
86.9%,4345000,17380.000001705772,-3525523.9115047045,576900.0443861595,311.92177340173976,273,13:47
87.0%,4347500,17390.00000170781,-3530308.320537366,576691.378873988,311.8089508820716,273,13:44
87.0%,4350000,17400.000001709846,-3529078.2701274436,575940.8436083223,311.4031469766202,273,13:41
87.0%,4352500,17410.000001711884,-3528779.3120173085,578599.2787825498,312.8405256388127,273,13:38
87.1%,4355000,17420.00000171392,-3525654.754444519,574285.296612388,310.5080159050474,273,13:35
87.2%,4357500,17430.00000171596,-3526969.6309287753,573520.0943799446,310.0942817760985,273,13:31
87.2%,4360000,17440.000001717995,-3528152.336668117,574729.5323064204,310.74820792243304,273,13:28
87.2%,4362500,17450.000001720033,-3532920.26167617,575282.9938315032,311.0474568167491,273,13:25
87.3%,4365000,17460.00000172207,-3526676.3158315197,575166.7627899115,310.9846123206004,273,13:22
87.3%,4367500,17470.000001724107,-3531664.328540301,575760.9083651626,311.30585851098385,273,13:19
87.4%,4370000,17480.000001726145,-3530904.7623143997,577148.6348626183,312.0561827903719,273,13:16
87.5%,4372500,17490.00000172818,-3527082.968346795,576388.593606157,311.64523912884704,273,13:12
87.5%,4375000,17500.00000173022,-3523765.1347690597,575883.4852517678,311.37213411664555,273,13:09
87.5%,4377500,17510.000001732256,-3526069.675500104,574980.6479201368,310.88398261741094,273,13:06
87.6%,4380000,17520.000001734294,-3528296.413793443,575841.7511552714,311.34956907523656,273,13:03
87.7%,4382500,17530.00000173633,-3527632.80606563,574991.4019981233,310.8897971967466,273,13:00
87.7%,4385000,17540.000001738368,-3525397.3948424812,575492.4646187951,311.16071473739544,273,12:57
87.8%,4387500,17550.000001740405,-3523811.2291339748,576397.258817241,311.6499242871071,273,12:53
87.8%,4390000,17560.000001742443,-3528423.6994607225,574055.538836601,310.3837890938802,273,12:50
87.8%,4392500,17570.00000174448,-3530216.3917436823,574027.7580506599,310.36876841204537,273,12:47
87.9%,4395000,17580.000001746517,-3531447.449830029,574388.2774846283,310.563696220222,273,12:44
88.0%,4397500,17590.000001748554,-3528900.5041357297,575003.0634285385,310.8961023688313,273,12:41
88.0%,4400000,17600.00000175059,-3526959.567301074,573716.962735099,310.2007257382094,273,12:38
88.0%,4402500,17610.00000175263,-3524401.9754706025,576867.2817349745,311.9040590951481,273,12:35
88.1%,4405000,17620.000001754666,-3523929.0293834005,576046.6905535576,311.46037693731824,273,12:31
88.2%,4407500,17630.000001756704,-3530841.520738693,577438.8762632732,312.21311225031536,273,12:28
88.2%,4410000,17640.00000175874,-3528981.5459490716,575657.4362066011,311.24991256417684,273,12:25
88.2%,4412500,17650.000001760778,-3530127.9707075544,573485.5961031497,310.0756290410504,273,12:22
88.3%,4415000,17660.000001762815,-3526143.2822039966,574502.4110815898,310.62540665743785,273,12:19
88.3%,4417500,17670.000001764853,-3526765.6715460997,575246.2359254188,311.02758233179463,273,12:16
88.4%,4420000,17680.00000176689,-3527519.387097461,575744.3834067648,311.2969236974421,273,12:12
88.5%,4422500,17690.000001768927,-3528628.913198225,576327.9636975207,311.6124573864862,273,12:09
88.5%,4425000,17700.000001770964,-3527499.9561571777,576450.1413514586,311.6785171326367,273,12:06
88.5%,4427500,17710.000001773,-3530160.5359315854,574316.6661569732,310.5249769784137,273,12:03
88.6%,4430000,17720.00000177504,-3531492.100417657,574652.8476432652,310.7067455991816,273,12:00
88.7%,4432500,17730.000001777076,-3529827.8465277366,574676.2091338829,310.7193768299358,273,11:57
88.7%,4435000,17740.000001779114,-3530777.238927033,574345.803715599,310.5407312482349,273,11:53
88.8%,4437500,17750.00000178115,-3527059.0388357677,577388.5681302593,312.18591134745714,273,11:50
88.8%,4440000,17760.000001783188,-3530078.9032299165,579186.5185290959,313.15803794434487,273,11:47
88.8%,4442500,17770.000001785225,-3529283.3514981233,577118.0916678016,312.0396685127509,273,11:44
88.9%,4445000,17780.000001787263,-3527557.211568389,574203.2260047769,310.4636414770693,273,11:41
89.0%,4447500,17790.0000017893,-3527244.6948126573,577353.500799024,312.1669509326439,273,11:38
89.0%,4450000,17800.000001791337,-3529683.401955154,574346.4722612044,310.5410927214795,273,11:35
89.0%,4452500,17810.000001793374,-3531996.7014731877,575699.2846696407,311.2725394419739,273,11:31
89.1%,4455000,17820.00000179541,-3528708.204308303,576142.181638007,311.5120076291433,273,11:28
89.2%,4457500,17830.00000179745,-3526758.300798392,574852.1921183933,310.81452836467946,273,11:25
89.2%,4460000,17840.000001799486,-3530019.84926508,575412.6482085485,311.1175591223579,273,11:22
89.2%,4462500,17850.000001801523,-3527326.306878427,577281.8212853427,312.12819482360624,273,11:19
89.3%,4465000,17860.00000180356,-3530936.4813230466,575972.7349004287,311.420390151563,273,11:16
89.3%,4467500,17870.000001805598,-3531177.3739892505,574118.7163159533,310.41794827204353,273,11:12
89.4%,4470000,17880.000001807635,-3528097.1006829552,577203.2360833376,312.08570490561937,273,11:09
89.5%,4472500,17890.000001809673,-3527829.6323882565,574776.5046130458,310.77360519068765,273,11:06
89.5%,4475000,17900.00000181171,-3528129.217586862,575460.1196444513,311.1432262628215,273,11:03
89.5%,4477500,17910.000001813747,-3527669.8541393653,576901.6114591875,311.9226206961761,273,11:00
89.6%,4480000,17920.000001815784,-3526968.938662518,576995.0923697031,311.9731645151114,273,10:57
89.7%,4482500,17930.00000181782,-3528234.9526545145,575250.006195711,311.02962086413174,273,10:53
89.7%,4485000,17940.00000181986,-3528927.843562728,576881.6216627809,311.9118124932547,273,10:50
89.8%,4487500,17950.000001821896,-3529022.4188618697,577455.7398494077,312.22223015513123,273,10:47
89.8%,4490000,17960.000001823933,-3528280.0889039207,576464.1367069705,311.68608422533003,273,10:44
89.8%,4492500,17970.00000182597,-3528289.81166297,574479.8763188068,310.61322242684395,273,10:41
89.9%,4495000,17980.000001828008,-3527904.023464406,573437.3096170792,310.0495212143775,273,10:38
90.0%,4497500,17990.000001830045,-3527877.2003995534,575944.983846715,311.40538554552705,273,10:35
90.0%,4500000,18000.000001832082,-3531164.4652827214,576007.9551833309,311.4394332652003,273,10:31
90.0%,4502500,18010.00000183412,-3529808.892725624,575894.1899335624,311.37792198815225,273,10:28
90.1%,4505000,18020.000001836157,-3526619.414770603,574343.4173453886,310.5394409712879,273,10:25
90.2%,4507500,18030.000001838194,-3527519.232685836,575433.3962783971,311.12877731310823,273,10:22
90.2%,4510000,18040.00000184023,-3528917.44257793,576779.6278720493,311.8566658792259,273,10:19
90.2%,4512500,18050.00000184227,-3526978.036788145,575749.0302328244,311.2994361712048,273,10:16
90.3%,4515000,18060.000001844306,-3529815.276683891,574452.7492417935,310.59855519626996,273,10:12
90.3%,4517500,18070.000001846343,-3530449.462135412,574863.2098998161,310.8204855247695,273,10:09
90.4%,4520000,18080.00000184838,-3528829.760581905,573676.3929882615,310.17879024435194,273,10:06
90.5%,4522500,18090.000001850418,-3528034.8923279084,576564.309567449,311.7402462878767,273,10:03
90.5%,4525000,18100.000001852455,-3525923.813718062,573371.9724455373,310.0141943208979,273,10:00
90.5%,4527500,18110.000001854492,-3531528.242592914,576428.007049371,311.66654942553157,273,9:57
90.6%,4530000,18120.00000185653,-3531451.256916212,575354.5596858871,311.08615147179665,273,9:53
90.7%,4532500,18130.000001858567,-3525488.7332307473,575524.8958000338,311.1782498228299,273,9:50
90.7%,4535000,18140.000001860604,-3524764.0111179464,576029.575736138,311.4511231952655,273,9:47
90.8%,4537500,18150.00000186264,-3527932.9877060875,576635.4721555174,311.778722902476,273,9:44
90.8%,4540000,18160.00000186468,-3526594.7415367085,573512.7073308483,310.090287702122,273,9:41
90.8%,4542500,18170.000001866716,-3525660.394750757,577516.9449984678,312.25532292193185,273,9:38
90.9%,4545000,18180.000001868753,-3526601.0966034494,576030.9322153598,311.4518566245806,273,9:34
91.0%,4547500,18190.00000187079,-3527524.0829516593,575288.5733999711,311.0504736112671,273,9:31
91.0%,4550000,18200.000001872828,-3529127.904275002,575707.7792666836,311.2771323516118,273,9:28
91.0%,4552500,18210.000001874865,-3531128.804620737,575139.2682418101,310.9697464035562,273,9:25
91.1%,4555000,18220.000001876902,-3528767.294775104,574639.14991622,310.6993394300314,273,9:22
91.2%,4557500,18230.00000187894,-3522687.318190722,576220.7906561724,311.55451042419435,273,9:19
91.2%,4560000,18240.000001880977,-3529598.488897655,575292.0209057857,311.05233762937206,273,9:16
91.2%,4562500,18250.000001883014,-3525301.318330031,575596.4265013989,311.2169254711326,273,9:12
91.3%,4565000,18260.00000188505,-3529060.790744083,576572.2073556085,311.74451651131074,273,9:09
91.3%,4567500,18270.00000188709,-3527528.340907093,574904.243296355,310.8426717075262,273,9:06
91.4%,4570000,18280.000001889126,-3527705.216979457,574602.0594268314,310.6792851219428,273,9:03
91.5%,4572500,18290.000001891163,-3525627.4587203357,575024.5016349675,310.907693706764,273,9:00
91.5%,4575000,18300.0000018932,-3525913.979029482,575842.4985944,311.349973205104,273,8:57
91.5%,4577500,18310.000001895238,-3528700.079652006,576620.614462035,311.7706895557207,273,8:53
91.6%,4580000,18320.000001897275,-3525308.7742095534,574065.5005278089,310.38917524078363,273,8:50
91.7%,4582500,18330.000001899312,-3529013.4937596936,573998.4602069012,310.35292747829783,273,8:47
91.7%,4585000,18340.00000190135,-3528152.1055347715,573626.6297805577,310.1518839749762,273,8:44
91.8%,4587500,18350.000001903387,-3527762.116940435,572629.1088279956,309.61253836813086,273,8:41
91.8%,4590000,18360.000001905424,-3530800.2441972513,575545.197113506,311.1892264586653,273,8:38
91.8%,4592500,18370.00000190746,-3528721.2532711364,573734.4800967004,310.2101971302629,273,8:34
91.9%,4595000,18380.0000019095,-3524892.8584099486,574822.9273716907,310.7987053260466,273,8:31
92.0%,4597500,18390.000001911536,-3530369.6281891894,573169.8758573955,309.9049235264421,273,8:28
92.0%,4600000,18400.000001913573,-3529911.1180974115,575094.3782314663,310.94547500373443,273,8:25
92.0%,4602500,18410.00000191561,-3528931.286248915,577074.0350845626,312.01584773529095,273,8:22
92.1%,4605000,18420.000001917648,-3526190.0792054236,578129.9931595048,312.5867894756826,273,8:19
92.2%,4607500,18430.000001919685,-3529306.003026791,576654.9399576968,311.78924887043024,273,8:16
92.2%,4610000,18440.000001921722,-3527166.2570509575,575600.992770583,311.21939438892105,273,8:12
92.2%,4612500,18450.00000192376,-3529101.6036862973,578138.9014740911,312.5916060766013,273,8:09
92.3%,4615000,18460.000001925797,-3528285.448635755,577752.4051837632,312.38263294604707,273,8:06
92.3%,4617500,18470.000001927834,-3528587.7673558537,575583.7890453937,311.21009257568255,273,8:03
92.4%,4620000,18480.00000192987,-3532488.5276054107,575898.125985444,311.3800501562726,273,8:00
92.5%,4622500,18490.00000193191,-3526799.1343935803,577487.3018882307,312.2392953074356,273,7:57
92.5%,4625000,18500.000001933946,-3528241.158720346,574403.7493060022,310.57206161732614,273,7:53
92.5%,4627500,18510.000001935983,-3527031.4207724724,576504.6607789282,311.7079950234198,273,7:50
92.6%,4630000,18520.00000193802,-3530852.7238809746,574876.4677800743,310.82765387492293,273,7:47
92.7%,4632500,18530.000001940058,-3527614.5545033272,575239.5476245694,311.0239660612079,273,7:44
92.7%,4635000,18540.000001942095,-3527582.550868664,576805.1718210026,311.87047713463267,273,7:41
92.8%,4637500,18550.000001944132,-3527725.1254102867,574142.1392883784,310.43061274514986,273,7:38
92.8%,4640000,18560.00000194617,-3529191.1330259163,574250.6181731129,310.48926575866983,273,7:34
92.8%,4642500,18570.000001948207,-3528789.7313773744,574666.1500058494,310.7139380003057,273,7:31
92.9%,4645000,18580.000001950244,-3528215.090963496,575868.5090011914,311.36403666773015,273,7:28
93.0%,4647500,18590.00000195228,-3531423.938532997,574896.3596862189,310.8384091499508,273,7:25
93.0%,4650000,18600.00000195432,-3532512.365787415,577636.1842977509,312.3197939408779,273,7:22
93.0%,4652500,18610.000001956356,-3525642.498099787,576358.3830045239,311.6289046797018,273,7:19
93.1%,4655000,18620.000001958393,-3527334.4776721597,576138.9807380786,311.5102769473867,273,7:15
93.2%,4657500,18630.00000196043,-3529420.0115775466,575688.3192839104,311.2666106115009,273,7:12
93.2%,4660000,18640.000001962468,-3532823.869174367,576490.9756829375,311.70059568370385,273,7:09
93.2%,4662500,18650.000001964505,-3527632.38102879,575591.8743327264,311.2144641772933,273,7:06
93.3%,4665000,18660.000001966542,-3530918.934697451,577489.6478651009,312.2405637442694,273,7:03
93.3%,4667500,18670.00000196858,-3526311.083321346,577454.1500997437,312.22137059975546,273,7:00
93.4%,4670000,18680.000001970617,-3524792.1889356803,575952.2678106283,311.409323882789,273,6:57
93.5%,4672500,18690.000001972654,-3528476.323736053,571981.2830394176,309.26226803829644,273,6:53
93.5%,4675000,18700.00000197469,-3527949.457216941,573898.972429443,310.2991358305444,273,6:50
93.5%,4677500,18710.00000197673,-3525397.681967087,577044.7018654009,311.99998767455855,273,6:47
93.6%,4680000,18720.000001978766,-3528385.3983685393,575715.6550561162,311.28139068064235,273,6:44
93.7%,4682500,18730.000001980803,-3529297.816099463,572215.34265214,309.38882079243905,273,6:41
93.7%,4685000,18740.00000198284,-3530555.702289259,573934.1577757448,310.31816005445114,273,6:38
93.8%,4687500,18750.000001984878,-3525631.680885965,575643.3393463797,311.2422905893089,273,6:34
93.8%,4690000,18760.000001986915,-3529192.6212106403,577563.0497537893,312.2802511173482,273,6:31
93.8%,4692500,18770.000001988952,-3529019.951595433,574518.2424042885,310.6339664318729,273,6:28
93.9%,4695000,18780.00000199099,-3526985.3391031865,575021.9167973506,310.90629612127026,273,6:25
94.0%,4697500,18790.000001993027,-3524666.030331172,575995.5390664672,311.43272004472374,273,6:22
94.0%,4700000,18800.000001995064,-3527189.2421278805,574600.1351309975,310.6782446821389,273,6:19
94.0%,4702500,18810.0000019971,-3531099.160227375,574477.8041817894,310.612102051383,273,6:15
94.1%,4705000,18820.00000199914,-3528077.873005137,576450.0145910571,311.6784485950632,273,6:12
94.2%,4707500,18830.000002001176,-3526623.8312225547,572868.63803172,309.74204845351613,273,6:09
94.2%,4710000,18840.000002003213,-3529465.362522451,575839.2410911412,311.3482119187196,273,6:06
94.2%,4712500,18850.00000200525,-3527841.277500324,576539.9751368492,311.727089002102,273,6:03
94.3%,4715000,18860.000002007288,-3529648.426844334,574936.0839800832,310.85988751922787,273,6:00
94.3%,4717500,18870.000002009325,-3527323.2638625912,574671.2702075813,310.7167064216638,273,5:57
94.4%,4720000,18880.000002011362,-3525651.807832632,576108.3950738863,311.49373970716914,273,5:53
94.5%,4722500,18890.0000020134,-3528872.0412455983,576533.0066118808,311.72332121825923,273,5:50
94.5%,4725000,18900.000002015437,-3530695.471878905,575111.0913647652,310.95451156080946,273,5:47
94.5%,4727500,18910.000002017474,-3527680.728260692,576064.5562916342,311.4700366916522,273,5:44
94.6%,4730000,18920.00000201951,-3527503.2751807086,573791.8684592305,310.2412262140482,273,5:41
94.7%,4732500,18930.00000202155,-3531694.6746231057,575789.7005208429,311.32142602627056,273,5:38
94.7%,4735000,18940.000002023586,-3528288.319222899,577251.7734359943,312.11194837234166,273,5:34
94.8%,4737500,18950.000002025623,-3527096.8566552214,574263.9840163379,310.4964924828871,273,5:31
94.8%,4740000,18960.00000202766,-3527014.4750440326,576406.1415036283,311.65472703121765,273,5:28
94.8%,4742500,18970.000002029697,-3530864.015787974,575903.8959572702,311.3831698992194,273,5:25
94.9%,4745000,18980.000002031735,-3529288.827115601,575746.6941699886,311.2981730947505,273,5:22
95.0%,4747500,18990.000002033772,-3528199.9754726104,574557.3983755646,310.655137517087,273,5:19
95.0%,4750000,19000.00000203581,-3526979.5832601525,573955.3574400595,310.32962241600393,273,5:15
95.0%,4752500,19010.000002037847,-3529096.8034428544,576146.9191966134,311.51456916072306,273,5:12
95.1%,4755000,19020.000002039884,-3529396.3583426382,577874.5650552323,312.4486830774657,273,5:09
95.2%,4757500,19030.00000204192,-3527380.1970077697,576492.4793202755,311.70140867935106,273,5:06
95.2%,4760000,19040.00000204396,-3532618.6280287243,573014.5831101548,309.8209589131835,273,5:03
95.2%,4762500,19050.000002045996,-3529494.78594766,577597.7454648364,312.29901060233095,273,5:00
95.3%,4765000,19060.000002048033,-3529910.4371186253,577043.6311041571,311.9994087289521,273,4:56
95.3%,4767500,19070.00000205007,-3528298.774102563,578048.8512954172,312.54291720631875,273,4:53
95.4%,4770000,19080.000002052107,-3525215.182269193,574888.7419209701,310.8342903309823,273,4:50
95.5%,4772500,19090.000002054145,-3527815.076857725,575924.1784991099,311.39413638549604,273,4:47
95.5%,4775000,19100.000002056182,-3527496.567413913,578136.3342656231,312.59021802294143,273,4:44
95.5%,4777500,19110.00000205822,-3530131.554320948,575117.7353742495,310.95810388367545,273,4:41
95.6%,4780000,19120.000002060257,-3527631.4819045383,576800.764305125,311.8680940525334,273,4:38
95.7%,4782500,19130.000002062294,-3527273.4805315603,573612.4328809762,310.14420791022746,273,4:34
95.7%,4785000,19140.00000206433,-3527653.893692732,574201.3804080148,310.46264358875106,273,4:31
95.8%,4787500,19150.00000206637,-3529374.760708615,574517.5800535185,310.63360830808904,273,4:28
95.8%,4790000,19160.000002068406,-3528252.562616477,575562.3516489911,311.19850167571974,273,4:25
95.8%,4792500,19170.000002070443,-3526813.9248963837,575839.7374686297,311.3484803030749,273,4:22
95.9%,4795000,19180.00000207248,-3526753.197373431,574672.3656396724,310.71729870645174,273,4:19
96.0%,4797500,19190.000002074517,-3525774.6027502473,574629.0449911668,310.693875838594,273,4:15
96.0%,4800000,19200.000002076555,-3525079.104702128,574893.5661121942,310.836898703605,273,4:12
96.0%,4802500,19210.000002078592,-3529536.8662034683,576305.9576166786,311.6005590068125,273,4:09
96.1%,4805000,19220.00000208063,-3526960.1275087893,574375.563638799,310.55682202186404,273,4:06
96.2%,4807500,19230.000002082666,-3527968.8546252996,576941.1325547975,311.9439891990032,273,4:03
96.2%,4810000,19240.000002084704,-3528829.3193814326,574739.0842941275,310.75337254839224,273,4:00
96.2%,4812500,19250.00000208674,-3527154.3362413067,573646.4524538694,310.1626018167811,273,3:56
96.3%,4815000,19260.00000208878,-3525680.4319030363,574386.2728389611,310.5626123363887,273,3:53
96.3%,4817500,19270.000002090816,-3528150.2417606246,575343.3449552085,311.08008782400265,273,3:50
96.4%,4820000,19280.000002092853,-3529608.5577834025,575650.8658641634,311.24636007205106,273,3:47
96.5%,4822500,19290.00000209489,-3527435.493239224,576342.5921637504,311.6203667932768,273,3:44
96.5%,4825000,19300.000002096927,-3529575.423268659,575028.1602833878,310.9096718867184,273,3:41
96.5%,4827500,19310.000002098965,-3528687.7681200486,573946.8438144266,310.32501921787394,273,3:38
96.6%,4830000,19320.000002101002,-3527789.8341304585,578029.8044802401,312.5326188601399,273,3:34
96.7%,4832500,19330.00000210304,-3529444.6743044835,575226.736951286,311.0170395096018,273,3:31
96.7%,4835000,19340.000002105076,-3531523.024814548,574825.8386484128,310.80027941259226,273,3:28
96.8%,4837500,19350.000002107114,-3527815.523439467,576694.8120162981,311.8108071340309,273,3:25
96.8%,4840000,19360.00000210915,-3531123.3031188883,575282.2032786403,311.04702937588934,273,3:22
96.8%,4842500,19370.00000211119,-3528087.6167466603,574097.2654324824,310.40635007981183,273,3:19
96.9%,4845000,19380.000002113225,-3530417.4661468286,577226.8260735981,312.09845968293,273,3:15
97.0%,4847500,19390.000002115263,-3531787.8013921995,574819.5201199724,310.7968630727677,273,3:12
97.0%,4850000,19400.0000021173,-3526802.0938355774,574824.5791004329,310.7995983926419,273,3:09
97.0%,4852500,19410.000002119337,-3529858.0024631564,575540.7129809919,311.1868019510239,273,3:06
97.1%,4855000,19420.000002121375,-3530803.898018513,576241.5762931164,311.56574892694704,273,3:03
97.2%,4857500,19430.000002123412,-3525784.6525241956,574418.5984673274,310.5800903508636,273,3:00
97.2%,4860000,19440.00000212545,-3529258.9062977713,575356.4252090452,311.08716013403796,273,2:56
97.2%,4862500,19450.000002127486,-3524876.263752166,576318.8082084311,311.6075071417758,273,2:53
97.3%,4865000,19460.000002129524,-3528393.5248591863,575385.9555942859,311.1031267997076,273,2:50
97.3%,4867500,19470.00000213156,-3527157.7692180146,574318.028949384,310.5257138211817,273,2:47
97.4%,4870000,19480.000002133598,-3529258.8115103897,575031.7945453146,310.9116368812375,273,2:44
97.5%,4872500,19490.000002135635,-3530555.136548942,575606.4774946615,311.2223599024061,273,2:41
97.5%,4875000,19500.000002137673,-3527321.8554890472,576340.0324329853,311.618982782706,273,2:37
97.5%,4877500,19510.00000213971,-3526906.9177096244,572322.5649155531,309.44679436841193,273,2:34
97.6%,4880000,19520.000002141747,-3528306.4197598994,576892.2156913923,311.91754053613505,273,2:31
97.7%,4882500,19530.000002143785,-3527361.826116536,576788.2812822743,311.8613446569268,273,2:28
97.7%,4885000,19540.00000214582,-3529307.657293858,575836.6581328327,311.3468153493415,273,2:25
97.8%,4887500,19550.00000214786,-3530200.0246054474,572761.0820484713,309.6838944399026,273,2:22
97.8%,4890000,19560.000002149896,-3529613.1633797027,574327.1623549757,310.5306521256541,273,2:19
97.8%,4892500,19570.000002151934,-3525394.2716576476,572819.2578767946,309.7153492954123,273,2:15
97.9%,4895000,19580.00000215397,-3528269.279759908,574762.4769376544,310.76602062308814,273,2:12
98.0%,4897500,19590.000002156008,-3526610.832657844,575989.6809050767,311.4295526189147,273,2:09
98.0%,4900000,19600.000002158045,-3528880.8981849942,575173.972823464,310.98851068475176,273,2:06
98.0%,4902500,19610.000002160083,-3526905.3562105596,574434.7716807777,310.58883498083907,273,2:03
98.1%,4905000,19620.00000216212,-3529000.3081841636,576915.008262289,311.929864159965,273,2:00
98.2%,4907500,19630.000002164157,-3529657.7094353605,577287.4341242288,312.1312296069733,273,1:56
98.2%,4910000,19640.000002166194,-3531041.199062163,577088.8205312378,312.0238420192095,273,1:53
98.2%,4912500,19650.00000216823,-3527035.165162239,576580.1199645932,311.7487947481574,273,1:50
98.3%,4915000,19660.00000217027,-3530254.128520703,575343.258763412,311.0800412213056,273,1:47
98.3%,4917500,19670.000002172306,-3529123.303191401,576147.0129407106,311.51461984684335,273,1:44
98.4%,4920000,19680.000002174344,-3529250.5571935214,577736.4425109968,312.3740021524703,273,1:41
98.5%,4922500,19690.00000217638,-3526141.3055379353,575255.8746649134,311.03279386323027,273,1:37
98.5%,4925000,19700.000002178418,-3527382.9380375072,573975.9710522261,310.340767907369,273,1:34
98.5%,4927500,19710.000002180455,-3526970.7093818206,574894.0407326841,310.83715532425595,273,1:31
98.6%,4930000,19720.000002182493,-3528911.36719252,576278.2374462759,311.5855710989502,273,1:28
98.7%,4932500,19730.00000218453,-3527161.3389829714,574854.8271188326,310.81595307250876,273,1:25
98.7%,4935000,19740.000002186567,-3527504.411186874,576411.566113295,311.65766004168233,273,1:22
98.8%,4937500,19750.000002188604,-3529536.3690729663,576967.1868258031,311.9580763783957,273,1:18
98.8%,4940000,19760.00000219064,-3527028.3115187883,575616.3498846625,311.2276977653978,273,1:15
98.8%,4942500,19770.00000219268,-3528056.6405853797,573825.8685040581,310.2596095620503,273,1:12
98.9%,4945000,19780.000002194716,-3528497.2819195613,574992.2126903837,310.8902355266965,273,1:09
99.0%,4947500,19790.000002196753,-3527246.328756245,574408.8395551828,310.5748138437594,273,1:06
99.0%,4950000,19800.00000219879,-3530286.9790261257,573780.9606145276,310.23532849520274,273,1:03
99.0%,4952500,19810.000002200828,-3530506.950962264,573650.8813226616,310.16499644410214,273,1:00
99.1%,4955000,19820.000002202865,-3527281.512868827,574533.9596061457,310.6424645027674,273,0:56
99.2%,4957500,19830.000002204903,-3529477.4007452093,575962.789953728,311.41501305818014,273,0:53
99.2%,4960000,19840.00000220694,-3530863.6331596207,574116.096782385,310.4165319269348,273,0:50
99.2%,4962500,19850.000002208977,-3528903.6258792654,576826.5541808349,311.8820382770928,273,0:47
99.3%,4965000,19860.000002211014,-3529386.5220997557,576198.8057080635,311.5426234706935,273,0:44
99.3%,4967500,19870.00000221305,-3528304.7927423734,575036.6943103487,310.9142861155607,273,0:41
99.4%,4970000,19880.00000221509,-3527374.4210175425,575474.7027522153,311.1511111449249,273,0:37
99.5%,4972500,19890.000002217126,-3526617.942352405,577094.1698801721,312.0267343372504,273,0:34
99.5%,4975000,19900.000002219163,-3530867.517315112,576480.5367577993,311.6949515030989,273,0:31
99.5%,4977500,19910.0000022212,-3531611.8614598624,574217.4906220202,310.47135415580925,273,0:28
99.6%,4980000,19920.000002223238,-3528849.7488004826,574379.984295315,310.5592122089224,273,0:25
99.7%,4982500,19930.000002225275,-3528057.6942659914,576901.7808341886,311.92271227486674,273,0:22
99.7%,4985000,19940.000002227313,-3526622.471473148,576805.0929681796,311.8704345000158,273,0:18
99.8%,4987500,19950.00000222935,-3528035.25566555,574763.7508768837,310.7667094241854,273,0:15
99.8%,4990000,19960.000002231387,-3527306.5422078446,577126.659942907,312.04430125908516,273,0:12
99.8%,4992500,19970.000002233424,-3526872.7788811475,576631.5533007096,311.77660403257244,273,0:09
99.9%,4995000,19980.00000223546,-3526615.9770565815,575861.0294847724,311.3599925979675,273,0:06
100.0%,4997500,19990.0000022375,-3530852.606106473,575639.4472157715,311.2401861688058,273,0:03
100.0%,5000000,20000.000002239536,-3528545.601520516,575498.3835817409,311.1639150377537,273,0:00
100.0%,5002500,20010.000002241573,-3529270.0432912894,575369.5865105275,311.0942762654,273,23:59:57
100.1%,5005000,20020.00000224361,-3528582.6936094537,575309.3962377042,311.06173222796536,273,23:59:54
100.2%,5007500,20030.000002245648,-3529162.2225212213,576548.6767105325,311.7317938211103,273,23:59:51
100.2%,5010000,20040.000002247685,-3528090.0316833965,574475.7215142653,310.61097598222443,273,23:59:48
100.2%,5012500,20050.000002249722,-3530517.3099172153,575573.4205020567,311.2044864495317,273,23:59:45
100.3%,5015000,20060.00000225176,-3525770.6035783067,574943.5134181404,310.86390451232177,273,23:59:42
100.3%,5017500,20070.000002253797,-3529884.2906684764,576838.771020649,311.88864375125985,273,23:59:38
100.4%,5020000,20080.000002255834,-3527503.5319432802,574881.3111775727,310.8302726321092,273,23:59:35
100.5%,5022500,20090.00000225787,-3526781.802773673,574845.278246884,310.8107901311965,273,23:59:32
100.5%,5025000,20100.00000225991,-3525826.3097698055,574031.9666541788,310.3710439450184,273,23:59:29
100.5%,5027500,20110.000002261946,-3526543.704238534,573238.1543051461,309.9418407267695,273,23:59:26
100.6%,5030000,20120.000002263983,-3526963.970121799,574317.5089042657,310.52543264007045,273,23:59:23
100.7%,5032500,20130.00000226602,-3528713.9811060578,577933.8922927047,312.48076048377465,273,23:59:19
100.7%,5035000,20140.000002268058,-3529056.995692158,574389.7825786076,310.56451000345487,273,23:59:16
100.8%,5037500,20150.000002270095,-3524729.759432696,572083.6994563167,309.3176431603743,273,23:59:13
100.8%,5040000,20160.000002272132,-3527684.2074429765,575218.8029175408,311.01274968868717,273,23:59:10
100.8%,5042500,20170.00000227417,-3530639.633881502,573909.6722300083,310.3049210628387,273,23:59:07
100.9%,5045000,20180.000002276207,-3527288.57043436,575990.2431157399,311.4298565983455,273,23:59:04
101.0%,5047500,20190.000002278244,-3527452.696405921,575713.862358388,311.2804213940909,273,23:59:00
101.0%,5050000,20200.00000228028,-3527847.4605555777,576579.476658396,311.7484469215073,273,23:58:57
101.0%,5052500,20210.00000228232,-3528863.801847838,572561.9506067632,309.5762268585909,273,23:58:54
101.1%,5055000,20220.000002284356,-3529503.5036629178,574991.207135439,310.88969183722264,273,23:58:51
101.2%,5057500,20230.000002286393,-3523062.6611665543,573563.200440726,310.1175886193795,273,23:58:48
101.2%,5060000,20240.00000228843,-3525277.252171876,576793.6655632916,311.8642558622557,273,23:58:45
101.2%,5062500,20250.000002290468,-3526872.920813307,575744.4323488134,311.29695015972226,273,23:58:42
101.3%,5065000,20260.000002292505,-3528483.562653102,575025.6640596855,310.9083222135271,273,23:58:38
101.3%,5067500,20270.000002294542,-3528481.3360596634,575375.5132866851,311.0974807902525,273,23:58:35
101.4%,5070000,20280.00000229658,-3530240.657133626,574632.8968877371,310.6959585051164,273,23:58:32
101.5%,5072500,20290.000002298617,-3525962.2857870646,573994.437159424,310.3507522728774,273,23:58:29
101.5%,5075000,20300.000002300654,-3527285.512914773,576281.0227856103,311.5870770929143,273,23:58:26
101.5%,5077500,20310.00000230269,-3528937.9287429675,575904.5446238483,311.38352062415237,273,23:58:23
101.6%,5080000,20320.00000230473,-3530835.925027687,575650.7891847751,311.24631861257984,273,23:58:19
101.7%,5082500,20330.000002306766,-3529158.666100422,576185.6589864796,311.53551522247824,273,23:58:16
101.7%,5085000,20340.000002308803,-3529881.0022327136,577464.856082388,312.22715917461323,273,23:58:13
101.8%,5087500,20350.00000231084,-3531438.940377811,573877.7469291979,310.287659499866,273,23:58:10
101.8%,5090000,20360.000002312878,-3529650.923565205,572857.2907364422,309.73591312990015,273,23:58:07
101.8%,5092500,20370.000002314915,-3527851.291824706,575470.3276424364,311.1487455843493,273,23:58:04
101.9%,5095000,20380.000002316952,-3528155.675235696,574348.959628508,310.54243760614014,273,23:58:00
102.0%,5097500,20390.00000231899,-3527780.0398504697,576364.8806986806,311.6324178919196,273,23:57:57
102.0%,5100000,20400.000002321027,-3528336.838241808,577548.6957311655,312.2724900983713,273,23:57:54
102.0%,5102500,20410.000002323064,-3530156.1993104536,574300.8044687329,310.51640078575565,273,23:57:51
102.1%,5105000,20420.0000023251,-3528955.364535719,575992.8711482135,311.43127753869334,273,23:57:48
102.2%,5107500,20430.00000232714,-3528031.251657976,577405.2737493194,312.19494384168854,273,23:57:45
102.2%,5110000,20440.000002329176,-3529152.478032971,574365.1376955191,310.5511848603681,273,23:57:41
102.2%,5112500,20450.000002331213,-3527629.8687069006,577705.1295049838,312.3570716487181,273,23:57:38
102.3%,5115000,20460.00000233325,-3528337.35880162,577171.6491105754,312.0686262718834,273,23:57:35
102.3%,5117500,20470.000002335288,-3527097.025063578,573199.6939042086,309.92104572669473,273,23:57:32
102.4%,5120000,20480.000002337325,-3523700.935643131,576212.1701461902,311.5498494351939,273,23:57:29
102.5%,5122500,20490.000002339362,-3526612.214701103,574662.7944616731,310.7121237045704,273,23:57:26
102.5%,5125000,20500.0000023414,-3528396.408521142,575214.5099765074,311.0104285556013,273,23:57:23
102.5%,5127500,20510.000002343437,-3527815.837880302,575005.6474660574,310.8974995217234,273,23:57:19
102.6%,5130000,20520.000002345474,-3527235.34833003,574466.7151851445,310.60610638621984,273,23:57:16
102.7%,5132500,20530.00000234751,-3529164.641571166,574795.7772523335,310.7840256368,273,23:57:13
102.7%,5135000,20540.00000234955,-3530374.484459283,575461.3820332428,311.14390881875886,273,23:57:10
102.8%,5137500,20550.000002351586,-3524527.473935861,574039.0126682178,310.37485362611625,273,23:57:07
102.8%,5140000,20560.000002353623,-3531492.84572044,575330.7752245363,311.0732915466915,273,23:57:04
102.8%,5142500,20570.00000235566,-3523983.8685181867,575588.7607901443,311.21278072843035,273,23:57:00
102.9%,5145000,20580.000002357698,-3530428.0460283086,574524.6828849447,310.63744870955236,273,23:56:57
103.0%,5147500,20590.000002359735,-3530096.697285084,574657.1164787398,310.7090536987294,273,23:56:54
103.0%,5150000,20600.000002361772,-3530789.7846885957,576041.6234534242,311.4576372272507,273,23:56:51
