#"Progress (%)","Step","Time (ps)","Potential Energy (kJ/mole)","Kinetic Energy (kJ/mole)","Temperature (K)","Speed (ns/day)","Time Remaining"
3.0%,152500,610.0000000014564,-3487635.341404481,569763.2828351029,311.437903062273,0,--
3.1%,155000,620.0000000015042,-3485024.5166455265,569820.5489313761,311.4692052424541,111,4:12:05
3.1%,157500,630.0000000015519,-3487909.7914002687,569531.0103925858,311.31094078756,112,4:10:06
3.2%,160000,640.0000000015997,-3485918.913142696,570801.3358637923,312.00531249047236,111,4:10:28
3.2%,162500,650.0000000016474,-3487689.2291186545,567386.5923125247,310.1387819449967,111,4:10:07
3.3%,165000,660.0000000016952,-3488748.132449923,568529.7922904516,310.7636656723839,112,4:09:27
3.4%,167500,670.0000000017429,-3490706.8143937904,568898.7049139842,310.96531673932265,111,4:09:46
3.4%,170000,680.0000000017907,-3483681.118575193,569926.75637526,311.52725921786686,111,4:09:42
3.5%,172500,690.0000000018384,-3489022.4359395746,570102.0196957595,311.623059776914,111,4:09:30
3.5%,175000,700.0000000018862,-3488266.8405765835,568624.5081474171,310.8154382396391,112,4:09:03
3.5%,177500,710.0000000019339,-3488722.7797454353,568697.4401051309,310.85530352520743,112,4:08:48
3.6%,180000,720.0000000019817,-3486133.8625532687,568398.8987400145,310.6921180418142,112,4:08:37
3.6%,182500,730.0000000020294,-3485876.7946446873,571882.7176158207,312.59640580133953,112,4:08:16
3.7%,185000,740.0000000020772,-3486315.199994128,568816.7441106605,310.9205162028728,112,4:08:04
3.8%,187500,750.0000000021249,-3485266.8576726355,566871.6093263954,309.85728746098084,112,4:07:49
3.8%,190000,760.0000000021727,-3488897.746583661,568312.1343123125,310.64469179965715,112,4:07:50
3.9%,192500,770.0000000022204,-3486889.9986653663,568721.1583213967,310.8682681225424,112,4:07:35
3.9%,195000,780.0000000022682,-3487179.135770183,571273.841807998,312.2635886287936,112,4:07:32
4.0%,197500,790.0000000023159,-3486038.7780312058,568831.9588686319,310.9288327309134,112,4:07:28
4.0%,200000,800.0000000023637,-3488910.388061015,571065.0763070307,312.1494754666933,112,4:07:16
4.0%,202500,810.0000000024114,-3488732.7064676173,567539.4194880229,310.22231869877146,112,4:07:07
4.1%,205000,820.0000000024592,-3490132.3937242236,568688.6076508733,310.8504756236635,112,4:07:08
4.2%,207500,830.0000000025069,-3490018.5007674117,567193.500842087,310.03323635358356,112,4:07:04
4.2%,210000,840.0000000025547,-3491907.4454639945,570022.2074091008,311.57943363963125,112,4:06:54
4.2%,212500,850.0000000026024,-3489144.099552203,568795.7056981281,310.90901641115187,112,4:06:40
4.3%,215000,860.0000000026502,-3488931.5081307106,569235.2309703331,311.14926500779234,112,4:06:31
4.3%,217500,870.0000000026979,-3484918.318019487,569042.8955712472,311.0441326920034,112,4:06:27
4.4%,220000,880.0000000027457,-3488341.272100102,569155.1742716953,311.1055052726515,112,4:06:24
4.5%,222500,890.0000000027934,-3486033.8249052297,569517.4670637001,311.30353787818393,112,4:06:12
4.5%,225000,900.0000000028411,-3490849.1163974274,570376.9122436217,311.77331859711666,112,4:06:08
4.5%,227500,910.0000000028889,-3486432.8055746146,568317.6147927972,310.64768748119957,112,4:05:58
4.6%,230000,920.0000000029366,-3485456.4438398033,568407.588768997,310.6968680923797,112,4:05:56
4.7%,232500,930.0000000029844,-3487235.5493313726,568985.2907478579,311.0126453604341,112,4:05:50
4.7%,235000,940.0000000030321,-3485360.969626885,568192.5191590276,310.5793090457385,112,4:05:38
4.8%,237500,950.0000000030799,-3487981.606599115,569973.1809418139,311.55263531719385,112,4:05:29
4.8%,240000,960.0000000031276,-3489480.5551051833,569125.235207188,311.0891403018808,112,4:05:20
4.8%,242500,970.0000000031754,-3484913.7996082585,569451.0476181695,311.2672323922711,112,4:05:19
4.9%,245000,980.0000000032231,-3488722.842517767,570477.1348965804,311.82810123021557,112,4:05:10
5.0%,247500,990.0000000032709,-3486069.7011135034,571241.0681245076,312.2456742289553,112,4:05:00
5.0%,250000,1000.0000000033186,-3485869.0410973337,566887.3156681979,309.86587269331,112,4:04:52
5.0%,252500,1010.0000000033664,-3490361.1080340035,569107.4441157687,311.0794155260454,112,4:04:56
5.1%,255000,1020.0000000034141,-3487063.1052829623,571983.0867411583,312.65126849760134,112,4:04:49
5.2%,257500,1030.0000000032912,-3489617.7465959676,570995.4423432355,312.1114128952366,112,4:04:39
5.2%,260000,1040.0000000030548,-3486639.774293145,567907.0624006798,310.4232757299509,112,4:04:29
5.2%,262500,1050.0000000028183,-3488091.643557081,570608.0995126741,311.89968770593345,112,4:04:24
5.3%,265000,1060.0000000025818,-3488748.25262486,569538.5644302889,311.31506989473974,112,4:04:15
5.3%,267500,1070.0000000023454,-3490447.6760495584,569560.9636452076,311.32731351368585,112,4:04:04
5.4%,270000,1080.000000002109,-3485506.5741290376,569141.2446464766,311.0978912101114,112,4:03:58
5.5%,272500,1090.0000000018724,-3487906.5958745256,569260.6671520679,311.16316866101124,112,4:03:49
5.5%,275000,1100.000000001636,-3486219.491232276,568961.6590500901,310.9997280549139,112,4:03:40
5.5%,277500,1110.0000000013995,-3491615.4480169713,571217.6314715128,312.23286353671983,112,4:03:31
5.6%,280000,1120.000000001163,-3484463.47132062,567186.3524354754,310.02932896812644,112,4:03:27
5.7%,282500,1130.0000000009265,-3488651.64214015,568829.343579088,310.92740318935466,112,4:03:20
5.7%,285000,1140.00000000069,-3486329.217265127,570621.1861252558,311.90684096993516,112,4:03:11
5.8%,287500,1150.0000000004536,-3488307.6924850866,568142.9733804308,310.5522268629151,112,4:03:03
5.8%,290000,1160.0000000002171,-3489319.462209994,567892.125018033,310.41511081783926,112,4:02:53
5.8%,292500,1169.9999999999807,-3490049.999155339,571363.8966436544,312.3128134385039,112,4:02:47
5.9%,295000,1179.9999999997442,-3486259.659648495,569010.1773700158,311.02624861928325,112,4:02:41
6.0%,297500,1189.9999999995077,-3490950.098537354,568729.116359931,310.87261806032933,112,4:02:31
6.0%,300000,1199.9999999992713,-3487796.4995524045,570203.6482634306,311.6786108960545,112,4:02:23
6.0%,302500,1209.9999999990348,-3488064.139351597,569981.1931994471,311.557014891644,112,4:02:13
6.1%,305000,1219.9999999987983,-3486141.8737226687,568165.1576120913,310.5643529700153,112,4:02:04
6.2%,307500,1229.9999999985619,-3490815.7667149585,571132.8194342116,312.1865044892921,112,4:01:55
6.2%,310000,1239.9999999983254,-3487431.5624323953,568770.9977561942,310.89551082057295,112,4:01:50
6.2%,312500,1249.999999998089,-3488826.5130240396,567888.590999266,310.4131790903529,112,4:01:42
6.3%,315000,1259.9999999978525,-3487905.994009964,568566.6868852493,310.78383260062293,112,4:01:32
6.3%,317500,1269.999999997616,-3487867.4810618516,569919.8606051641,311.52348992587605,112,4:01:23
6.4%,320000,1279.9999999973795,-3489871.614554422,569358.816869751,311.2168182084325,112,4:01:17
6.5%,322500,1289.999999997143,-3487074.923139576,568984.8469071623,311.012402752987,112,4:01:13
6.5%,325000,1299.9999999969066,-3485677.022670962,569230.0057896619,311.14640887549956,112,4:01:05
6.5%,327500,1309.99999999667,-3488701.4442908224,569761.4278125922,311.43688908973695,112,4:00:57
6.6%,330000,1319.9999999964336,-3484034.9030551724,569567.2398202461,311.33074412926277,112,4:00:50
6.7%,332500,1329.9999999961972,-3487517.648967104,569461.9135209171,311.27317179564886,112,4:00:45
6.7%,335000,1339.9999999959607,-3489062.250618765,566729.561903076,309.77964301988266,112,4:00:40
6.8%,337500,1349.9999999957242,-3487468.972979987,569157.9033640181,311.1069970198663,112,4:00:35
6.8%,340000,1359.9999999954878,-3487424.741779616,568779.7815088914,310.9003121013916,112,4:00:26
6.8%,342500,1369.9999999952513,-3488329.4508825745,569366.3048766195,311.2209112225447,112,4:00:19
6.9%,345000,1379.9999999950148,-3489914.8833221626,568988.3326359701,311.01430808473305,112,4:00:10
7.0%,347500,1389.9999999947784,-3485847.1740727704,567025.7087432742,309.94151963371235,112,4:00:01
7.0%,350000,1399.999999994542,-3484560.6719237566,569670.5494766573,311.3872141471247,112,3:59:54
7.0%,352500,1409.9999999943054,-3487066.230964007,568848.5755304652,310.9379155526276,112,3:59:49
7.1%,355000,1419.999999994069,-3488944.4290723912,567652.3211849921,310.2840318151051,112,3:59:42
7.2%,357500,1429.9999999938325,-3485042.371019263,569606.5072486564,311.35220807039616,112,3:59:34
7.2%,360000,1439.999999993596,-3489041.606385622,569894.6847957256,311.50972859457295,112,3:59:26
7.2%,362500,1449.9999999933596,-3485635.792022677,568863.464820719,310.9460541769904,112,3:59:19
7.3%,365000,1459.999999993123,-3488736.626399962,568418.1109330547,310.7026196049965,112,3:59:11
7.3%,367500,1469.9999999928866,-3487070.439478904,565347.0211617062,309.02393340790513,112,3:59:01
7.4%,370000,1479.9999999926501,-3488671.1896834616,571725.3954434383,312.5104120405128,112,3:58:53
7.5%,372500,1489.9999999924137,-3488354.9587854017,569686.8518434367,311.3961251722429,112,3:58:44
7.5%,375000,1499.9999999921772,-3490485.3695241436,569108.3066192674,311.07988697846986,112,3:58:36
7.5%,377500,1509.9999999919407,-3484346.9132518023,568136.0479432052,310.5484413545956,112,3:58:29
7.6%,380000,1519.9999999917043,-3492763.8750060443,569200.4247289922,311.1302395929521,112,3:58:22
7.7%,382500,1529.9999999914678,-3488182.2507986594,569107.123260063,311.07924014333616,112,3:58:14
7.7%,385000,1539.9999999912313,-3490789.0248076674,568420.9420613968,310.7041671260473,112,3:58:05
7.8%,387500,1549.9999999909949,-3485507.729826592,569078.8649370437,311.06379388147565,112,3:57:56
7.8%,390000,1559.9999999907584,-3489024.283548504,567746.4359333471,310.33547581080995,112,3:57:47
7.8%,392500,1569.999999990522,-3489924.128791228,567766.537586147,310.3464635609593,112,3:57:41
7.9%,395000,1579.9999999902855,-3487997.211487362,570714.1858155429,311.95767546454204,112,3:57:33
8.0%,397500,1589.999999990049,-3488891.509955289,568493.6700208861,310.74392090429126,112,3:57:25
8.0%,400000,1599.9999999898125,-3484834.2297143675,569763.8700903544,311.4382240614486,112,3:57:16
8.1%,402500,1609.999999989576,-3489884.245067451,569737.464214205,311.423790364255,112,3:57:07
8.1%,405000,1619.9999999893396,-3489313.9707853403,567851.2974635642,310.3927940973099,112,3:57:01
8.2%,407500,1629.9999999891031,-3488979.8002827037,568047.1876319287,310.4998694830076,112,3:56:54
8.2%,410000,1639.9999999888666,-3486893.7110293135,570612.5985494326,311.9021469212182,112,3:56:46
8.2%,412500,1649.9999999886302,-3489076.8424039613,567970.6689697648,310.45804367146906,112,3:56:39
8.3%,415000,1659.9999999883937,-3488925.087266093,568462.7919988281,310.72704269060114,112,3:56:31
8.3%,417500,1669.9999999881572,-3487681.6036615428,568438.6647881801,310.71385453313763,112,3:56:23
8.4%,420000,1679.9999999879208,-3486565.474098202,569841.2416734789,311.4805160875072,112,3:56:16
8.4%,422500,1689.9999999876843,-3489365.758806655,569845.324850729,311.4827479901217,112,3:56:08
8.5%,425000,1699.9999999874478,-3488048.2543044537,570262.8735290773,311.71098397641435,112,3:56:02
8.6%,427500,1709.9999999872114,-3485320.174090199,572227.0920581033,312.784644070466,112,3:55:55
8.6%,430000,1719.999999986975,-3484624.5497350767,570384.422782904,311.77742392765555,112,3:55:46
8.7%,432500,1729.9999999867384,-3486932.0892641544,568836.4594020804,310.9312927643029,112,3:55:38
8.7%,435000,1739.999999986502,-3487540.156230692,570612.239677697,311.9019507585939,112,3:55:32
8.8%,437500,1749.9999999862655,-3488444.2577913664,569045.8562488339,311.0457510258747,112,3:55:25
8.8%,440000,1759.999999986029,-3487312.0987943485,571079.3432607494,312.1572739161249,112,3:55:16
8.8%,442500,1769.9999999857926,-3488491.4745035823,568322.8605779557,310.6505548760966,112,3:55:07
8.9%,445000,1779.999999985556,-3484978.2042957153,569724.1330209312,311.4165034101749,112,3:54:58
8.9%,447500,1789.9999999853196,-3488020.8092398774,570570.6991844954,311.8792443391305,112,3:54:50
9.0%,450000,1799.9999999850832,-3489161.2037887033,568636.4435986,310.82196226812687,112,3:54:42
9.1%,452500,1809.9999999848467,-3490581.0250536483,570027.7379991913,311.58245671154964,112,3:54:33
9.1%,455000,1819.9999999846102,-3489083.230960969,570793.3800381894,312.00096376229425,112,3:54:25
9.2%,457500,1829.9999999843737,-3485439.3202536236,568296.1390021357,310.6359486145304,112,3:54:19
9.2%,460000,1839.9999999841373,-3489881.614971619,568785.4446064766,310.90340760313745,112,3:54:10
9.2%,462500,1849.9999999839008,-3486882.7602080386,572457.1280086861,312.91038385791245,112,3:54:02
9.3%,465000,1859.9999999836643,-3489555.822272621,569817.3554701773,311.467459666898,112,3:53:54
9.3%,467500,1869.9999999834279,-3491092.0200207215,569096.1512164862,311.0732427223952,112,3:53:45
9.4%,470000,1879.9999999831914,-3492511.2031543143,569414.7934196282,311.2474155105747,112,3:53:37
9.4%,472500,1889.999999982955,-3486356.6290032323,571108.2946646494,312.17309902243306,112,3:53:30
9.5%,475000,1899.9999999827185,-3487767.07130637,567708.9250372055,310.31497200653143,112,3:53:23
9.6%,477500,1909.999999982482,-3491819.0686937366,569073.0293299933,311.0606040844536,112,3:53:15
9.6%,480000,1919.9999999822455,-3487643.5632368326,568845.2743619466,310.93611110324997,112,3:53:08
9.7%,482500,1929.999999982009,-3485569.8139273766,569070.2994513913,311.0591119074512,112,3:52:59
9.7%,485000,1939.9999999817726,-3488275.5208517723,569330.4675398149,311.2013222013459,112,3:52:52
9.8%,487500,1949.9999999815361,-3488696.9683851004,569987.0894680435,311.56023784683055,112,3:52:43
9.8%,490000,1959.9999999812997,-3486846.5311065055,567133.7398977171,310.00057046625756,112,3:52:35
9.8%,492500,1969.9999999810632,-3487392.00187907,570718.668776432,311.9601258926073,112,3:52:27
9.9%,495000,1979.9999999808267,-3490966.5083597787,569521.461656217,311.3057213595604,112,3:52:19
9.9%,497500,1989.9999999805902,-3489671.3390850015,568931.1683338642,310.9830615461894,112,3:52:10
10.0%,500000,1999.9999999803538,-3486271.342783246,569443.9494803876,311.2633524842233,112,3:52:04
10.1%,502500,2009.9999999801173,-3487899.446774874,569496.6537060346,311.29216110354383,112,3:51:58
10.1%,505000,2019.9999999798808,-3487801.3786072414,570063.2576902113,311.6018721046119,112,3:51:50
10.2%,507500,2029.9999999796444,-3485676.894714983,569100.5852248818,311.07566639257277,112,3:51:42
10.2%,510000,2039.999999979408,-3490016.777933793,567887.8887523726,310.4127952356776,112,3:51:33
10.2%,512500,2049.9999999791717,-3484234.4105842374,569973.5920219077,311.5528600173918,112,3:51:25
10.3%,515000,2059.999999978935,-3489524.829688197,568819.5661668859,310.9220587650204,112,3:51:17
10.3%,517500,2069.9999999786987,-3488031.2156640496,569886.8014623991,311.5054194913465,112,3:51:09
10.4%,520000,2079.9999999784623,-3489187.074861666,569492.5917164369,311.2899407822969,112,3:51:01
10.4%,522500,2089.999999978226,-3488549.1488732286,568854.6700451393,310.94124687096183,112,3:50:53
10.5%,525000,2099.9999999779893,-3486645.295400467,570612.0127557067,311.901826720926,112,3:50:44
10.6%,527500,2109.999999977753,-3488144.3792702723,568328.5137234416,310.6536449379326,112,3:50:36
10.6%,530000,2119.9999999775164,-3487141.8998001497,570439.7618372156,311.8076727687997,112,3:50:28
10.7%,532500,2129.99999997728,-3489364.815737499,566854.0015061272,309.84766286285907,112,3:50:20
10.7%,535000,2139.9999999770434,-3488706.4714212287,568923.0462027716,310.9786219138858,112,3:50:12
10.8%,537500,2149.999999976807,-3487586.818525631,568573.0802490782,310.7873272726813,112,3:50:03
10.8%,540000,2159.9999999765705,-3490409.088638449,569795.20777495,311.4553535309516,112,3:49:55
10.8%,542500,2169.999999976334,-3488225.7999917623,570455.9185689474,311.81650418844794,112,3:49:47
10.9%,545000,2179.9999999760976,-3488640.8566198274,571944.7644048866,312.63032115261007,112,3:49:39
10.9%,547500,2189.999999975861,-3488696.1966616493,569266.8588560718,311.166553103936,112,3:49:34
11.0%,550000,2199.9999999756246,-3488462.9119668882,568258.2991597482,310.61526500517823,112,3:49:26
11.1%,552500,2209.999999975388,-3491009.2920731492,568817.1286433465,310.92072639201103,112,3:49:18
11.1%,555000,2219.9999999751517,-3486326.974591097,568420.9895483148,310.70419308283783,112,3:49:10
11.2%,557500,2229.999999974915,-3490150.8856222667,569392.6852567996,311.23533098340465,112,3:49:01
11.2%,560000,2239.9999999746788,-3489141.689884823,566658.1644468039,309.7406165070566,112,3:48:53
11.2%,562500,2249.9999999744423,-3487391.425339984,569713.6837388554,311.4107917355265,112,3:48:45
11.3%,565000,2259.999999974206,-3488658.0429426823,568423.5558144264,310.7055958277331,112,3:48:37
11.3%,567500,2269.9999999739694,-3489770.163850434,568612.6480834207,310.80895541848776,112,3:48:29
11.4%,570000,2279.999999973733,-3490263.7860774156,570055.7792157393,311.5977843009963,112,3:48:21
11.4%,572500,2289.9999999734964,-3488028.812979009,571529.7556898091,312.4034735338355,112,3:48:13
11.5%,575000,2299.99999997326,-3488765.3027227316,570172.8681593996,311.66178620526756,112,3:48:05
11.6%,577500,2309.9999999730235,-3488872.542097099,570761.554578288,311.98356767027803,112,3:47:57
11.6%,580000,2319.999999972787,-3488199.6581036337,567660.2821649506,310.28838336070186,112,3:47:49
11.7%,582500,2329.9999999725505,-3489695.8665837646,568472.6486554289,310.73243043066,112,3:47:40
11.7%,585000,2339.999999972314,-3490767.3770661987,569477.7655905958,311.2818366841888,112,3:47:32
11.8%,587500,2349.9999999720776,-3489892.529227145,569470.1324668395,311.27766434783774,112,3:47:24
11.8%,590000,2359.999999971841,-3488005.8822185714,571221.9503690978,312.235224286259,112,3:47:15
11.8%,592500,2369.9999999716047,-3489177.47268939,569745.5914815629,311.4282328040889,112,3:47:07
11.9%,595000,2379.999999971368,-3489693.4850932453,569824.8921332401,311.471579276938,112,3:46:59
11.9%,597500,2389.9999999711317,-3488997.4721201323,568277.5449996556,310.6257849600507,112,3:46:51
12.0%,600000,2399.9999999708953,-3489152.4957991503,567654.9056930095,310.28544453119554,112,3:46:44
12.1%,602500,2409.999999970659,-3488841.1306015793,566885.8644635364,309.86507945136145,112,3:46:37
12.1%,605000,2419.9999999704223,-3487802.323126655,568643.4764709893,310.8258065015048,112,3:46:29
12.2%,607500,2429.999999970186,-3487442.726444822,570375.6422375555,311.77262440000345,112,3:46:21
12.2%,610000,2439.9999999699494,-3490275.9901171997,571742.4806261654,312.51975096009966,112,3:46:13
12.2%,612500,2449.999999969713,-3486399.2525654323,570555.0145897688,311.8706709939551,112,3:46:05
12.3%,615000,2459.9999999694764,-3488294.7212790363,569213.0692171141,311.1371511876171,112,3:45:56
12.3%,617500,2469.99999996924,-3488875.863982301,566776.7802162487,309.80545298848483,112,3:45:48
12.4%,620000,2479.9999999690035,-3486853.1368059795,570166.4303956141,311.65826726378054,112,3:45:40
12.4%,622500,2489.999999968767,-3486505.3977164254,570206.5742781968,311.68021028290616,112,3:45:32
12.5%,625000,2499.9999999685306,-3486978.998383142,568629.5003758156,310.81816703805566,112,3:45:23
12.6%,627500,2509.999999968294,-3485173.8923106063,568127.2129131148,310.5436120450775,112,3:45:15
12.6%,630000,2519.9999999680576,-3489053.761797767,569176.4727208028,311.1171472027799,112,3:45:07
12.7%,632500,2529.999999967821,-3491628.5337223485,571247.721106028,312.2493108104554,112,3:45:00
12.7%,635000,2539.9999999675847,-3490915.282435231,569643.8835334299,311.37263829485045,112,3:44:53
12.8%,637500,2549.9999999673482,-3488198.2227337547,568584.466479504,310.79355109200134,112,3:44:46
12.8%,640000,2559.9999999671118,-3490490.4183866438,567915.730255129,310.4280136597106,112,3:44:38
12.8%,642500,2569.9999999668753,-3488961.4084670283,569918.7221098503,311.5228676137617,112,3:44:30
12.9%,645000,2579.999999966639,-3492100.4294436425,571165.4135588962,312.20432074061915,112,3:44:22
12.9%,647500,2589.9999999664024,-3489476.459587157,569490.675238756,311.28889321779394,112,3:44:14
13.0%,650000,2599.999999966166,-3489638.6699561495,569953.815865965,311.54205018684814,112,3:44:06
13.1%,652500,2609.9999999659294,-3488137.360909635,569739.1264791706,311.4246989737264,112,3:43:58
13.1%,655000,2619.999999965693,-3489166.467636278,568505.8933052266,310.75060226505667,112,3:43:49
13.2%,657500,2629.9999999654565,-3488126.6985689513,569797.6546612137,311.4566910217131,112,3:43:41
13.2%,660000,2639.99999996522,-3488241.4887388702,569177.5592376639,311.1177411029891,112,3:43:33
13.2%,662500,2649.9999999649835,-3491002.4546289872,569103.079266496,311.07702965888683,112,3:43:25
13.3%,665000,2659.999999964747,-3485579.203348661,568677.1999248499,310.84424005465013,112,3:43:17
13.3%,667500,2669.9999999645106,-3484182.816417344,570247.1672788886,311.7023987941622,112,3:43:09
13.4%,670000,2679.999999964274,-3490283.196611602,568529.5844993747,310.7635520918511,112,3:43:01
13.4%,672500,2689.9999999640377,-3486817.6082993597,569177.4943039836,311.1177056096363,112,3:42:53
13.5%,675000,2699.999999963801,-3490636.2899269164,568347.2581492208,310.6638908151848,112,3:42:45
13.6%,677500,2709.9999999635647,-3487770.7099727783,569911.3777267523,311.5188531057367,112,3:42:38
13.6%,680000,2719.9999999633283,-3488360.5866401773,568593.112941294,310.79827732833473,112,3:42:31
13.7%,682500,2729.999999963092,-3489060.432778988,566237.8241735677,309.5108546090665,112,3:42:23
13.7%,685000,2739.9999999628553,-3487680.3174836114,568521.0887404917,310.7589082311265,112,3:42:15
13.8%,687500,2749.999999962619,-3487234.520546008,571474.187101662,312.3730992273647,112,3:42:08
13.8%,690000,2759.9999999623824,-3488766.1966240536,567582.2730238916,310.2457428395538,112,3:42:00
13.8%,692500,2769.999999962146,-3486087.8944390416,570428.4909201487,311.80151198083274,112,3:41:52
13.9%,695000,2779.9999999619095,-3487613.2204641234,569233.0231692204,311.1480582031954,112,3:41:44
13.9%,697500,2789.999999961673,-3488579.5752963293,568500.470807669,310.7476382775208,112,3:41:36
14.0%,700000,2799.9999999614365,-3490031.915589217,569142.8585734596,311.0987733975924,112,3:41:28
14.1%,702500,2809.9999999612,-3489073.4678772725,568023.027203721,310.4866631685174,112,3:41:19
14.1%,705000,2819.9999999609636,-3487001.1378040556,567232.2060152651,310.0543929607841,112,3:41:11
14.2%,707500,2829.999999960727,-3488836.234030729,568786.2862948878,310.9038676778417,112,3:41:03
14.2%,710000,2839.9999999604906,-3487242.1433985513,569005.5212176306,311.02370352313744,112,3:40:55
14.2%,712500,2849.999999960254,-3490754.8050569557,566824.119517477,309.8313290902821,112,3:40:47
14.3%,715000,2859.9999999600177,-3490913.694021471,569075.6030049834,311.06201087911063,112,3:40:39
14.3%,717500,2869.9999999597812,-3487464.4798547514,569504.7014693855,311.296560085749,112,3:40:31
14.4%,720000,2879.9999999595448,-3488518.5705441255,570077.2345987398,311.60951201264834,112,3:40:23
14.4%,722500,2889.9999999593083,-3489029.391163621,570199.0770408928,311.67611222335216,112,3:40:15
14.5%,725000,2899.999999959072,-3488578.6827248093,569186.3464609497,311.12254428086374,112,3:40:07
14.6%,727500,2909.9999999588354,-3492053.743595913,569093.2381909856,311.07165043559684,112,3:39:59
14.6%,730000,2919.999999958599,-3489085.379928097,569064.0756132042,311.05570989968345,112,3:39:51
14.7%,732500,2929.9999999583624,-3488756.69093176,569484.4532936001,311.2854922447746,112,3:39:43
14.7%,735000,2939.999999958126,-3487242.0037013534,567627.400345675,310.2704098528389,112,3:39:35
14.8%,737500,2949.9999999578895,-3489381.7856796794,567196.4542768089,310.0348507284377,112,3:39:26
14.8%,740000,2959.999999957653,-3490162.4105891716,568499.2339456403,310.74696219724643,112,3:39:18
14.8%,742500,2969.9999999574165,-3486435.954293575,569271.6716899715,311.16918384365306,112,3:39:10
14.9%,745000,2979.99999995718,-3488037.964400435,568252.7179688241,310.6122142743741,112,3:39:02
14.9%,747500,2989.9999999569436,-3488850.84946998,568780.1857693432,310.90053307390974,112,3:38:54
15.0%,750000,2999.999999956707,-3485345.45275338,568658.3978280909,310.83396265390456,112,3:38:46
15.1%,752500,3009.9999999564707,-3489435.284328919,567128.5132101707,309.9977135102928,112,3:38:39
15.1%,755000,3019.999999956234,-3485151.011414161,568928.7309529022,310.9817292511142,112,3:38:31
15.2%,757500,3029.9999999559977,-3487168.413315408,570365.6379234339,311.76715594897223,112,3:38:23
15.2%,760000,3039.9999999557613,-3490506.602394646,568376.0638129389,310.67963625855566,112,3:38:15
15.2%,762500,3049.999999955525,-3486057.9770467356,569972.2748905866,311.55214006117654,112,3:38:07
15.3%,765000,3059.9999999552883,-3487684.782883374,569966.8991154522,311.54920161255126,112,3:37:59
15.3%,767500,3069.999999955052,-3490074.016032407,567732.1657071388,310.327675572605,112,3:37:51
15.4%,770000,3079.9999999548154,-3489617.041083729,568476.4990424436,310.73453508796933,112,3:37:42
15.4%,772500,3089.999999954579,-3488615.1129793134,570055.8886177009,311.5978441011247,112,3:37:34
15.5%,775000,3099.9999999543425,-3487904.995024789,570745.5665290285,311.974828454036,112,3:37:26
15.6%,777500,3109.999999954106,-3489235.707296977,570346.1792829254,311.75651967531445,112,3:37:18
15.6%,780000,3119.9999999538695,-3487980.1229997594,568750.9458552337,310.88455026524116,112,3:37:10
15.7%,782500,3129.999999953633,-3491158.057847498,568499.0978116936,310.7468877851666,112,3:37:02
15.7%,785000,3139.9999999533966,-3491123.8116244283,568727.3968178346,310.8716781426462,112,3:36:54
15.8%,787500,3149.99999995316,-3487638.142266035,568928.2152369352,310.98144735597594,112,3:36:46
15.8%,790000,3159.9999999529236,-3489613.392835716,566181.3236083641,309.47997087527915,112,3:36:38
15.8%,792500,3169.999999952687,-3486410.2232122067,568623.1199302692,310.81467942725055,112,3:36:30
15.9%,795000,3179.9999999524507,-3488330.9279054664,569275.2286706041,311.17112812230846,112,3:36:22
15.9%,797500,3189.9999999522142,-3490341.4250442665,569763.6187076753,311.43808665334103,112,3:36:14
16.0%,800000,3199.9999999519778,-3488899.7877102736,568816.2295935834,310.920234963059,112,3:36:06
16.1%,802500,3209.9999999517413,-3490399.1669543795,570145.9281153856,311.64706052695715,112,3:35:58
16.1%,805000,3219.999999951505,-3489644.4550741427,568444.7509577083,310.7171812899376,112,3:35:50
16.1%,807500,3229.9999999512684,-3485994.2827558983,569870.5319649047,311.49652643288493,112,3:35:42
16.2%,810000,3239.999999951032,-3487109.8536439613,568124.5624791028,310.54216329322605,112,3:35:33
16.2%,812500,3249.9999999507954,-3487604.261130465,571049.3293174402,312.1408680159056,112,3:35:25
16.3%,815000,3259.999999950559,-3489575.139125144,569217.2716077571,311.13944825337956,112,3:35:17
16.4%,817500,3269.9999999503225,-3490467.0553822387,570024.1631950592,311.5805026904038,112,3:35:10
16.4%,820000,3279.999999950086,-3483109.118633041,569363.8853529649,311.21958868843956,112,3:35:02
16.4%,822500,3289.9999999498496,-3488054.8519304637,568917.2305400402,310.97544301861376,112,3:34:54
16.5%,825000,3299.999999949613,-3486072.047269281,568313.8181811757,310.64561221801966,112,3:34:46
16.6%,827500,3309.9999999493766,-3487479.339051662,569805.2227868834,311.46082782950623,112,3:34:38
16.6%,830000,3319.99999994914,-3487802.6263014097,569392.521909805,311.2352416964201,112,3:34:30
16.6%,832500,3329.9999999489037,-3488630.480892407,568019.2087628362,310.4845759732593,112,3:34:22
16.7%,835000,3339.999999948667,-3489062.741554741,569147.5341343018,311.1013291025812,112,3:34:14
16.8%,837500,3349.9999999484307,-3489988.2924601547,568953.5298432978,310.99528455496704,112,3:34:06
16.8%,840000,3359.9999999481943,-3487874.7592811193,570931.940123708,312.0767019921558,112,3:33:58
16.9%,842500,3369.999999947958,-3487689.202515416,568166.4459377823,310.5650571808055,112,3:33:50
16.9%,845000,3379.9999999477213,-3488512.957041284,570015.115423666,311.57555709451344,112,3:33:41
16.9%,847500,3389.999999947485,-3488412.0740311723,568842.5325061195,310.93461237938516,112,3:33:33
17.0%,850000,3399.9999999472484,-3489207.4663766474,569496.2666471258,311.29194953354875,112,3:33:26
17.1%,852500,3409.999999947012,-3490605.204358479,568104.4775602266,310.5311846899948,112,3:33:18
17.1%,855000,3419.9999999467755,-3489061.31707157,572046.8582574753,312.6861266008088,112,3:33:10
17.1%,857500,3429.999999946539,-3488140.7080207523,569914.8681471307,311.52076100193887,112,3:33:02
17.2%,860000,3439.9999999463025,-3486539.4727762323,569036.3081352185,311.04053193827787,112,3:32:54
17.2%,862500,3449.999999946066,-3485964.874838557,568497.204536978,310.74585290362,112,3:32:46
17.3%,865000,3459.9999999458296,-3488112.8083350975,568609.1583684378,310.80704790786126,112,3:32:38
17.4%,867500,3469.999999945593,-3489229.103902936,570658.8087761436,311.9274058603961,112,3:32:30
17.4%,870000,3479.9999999453566,-3487211.7834263276,569217.5535786531,311.1396023812906,112,3:32:22
17.4%,872500,3489.99999994512,-3487965.1076209564,568171.4131066066,310.5677722814261,112,3:32:14
17.5%,875000,3499.9999999448837,-3486949.237823613,569490.1074621871,311.28858286584716,112,3:32:06
17.6%,877500,3509.9999999446472,-3490474.266732149,570102.9491861226,311.6235678449807,112,3:31:58
17.6%,880000,3519.999999944411,-3486361.587085638,572820.9382645342,313.10924592327774,112,3:31:50
17.6%,882500,3529.9999999441743,-3488805.2741603125,569056.0975088871,311.05134899375327,112,3:31:43
17.7%,885000,3539.999999943938,-3490991.0633860603,568360.9021899053,310.6713487745657,112,3:31:35
17.8%,887500,3549.9999999437014,-3489504.8357002344,569119.9496503368,311.0862511674071,112,3:31:27
17.8%,890000,3559.999999943465,-3490139.386390278,570276.5273218942,311.71844726640137,112,3:31:19
17.9%,892500,3569.9999999432284,-3489147.6728295647,568684.58820588,310.84827855769265,112,3:31:11
17.9%,895000,3579.999999942992,-3488009.0756450314,568764.9699924709,310.89221598892846,112,3:31:03
17.9%,897500,3589.9999999427555,-3490048.505887866,569319.0273801914,311.19506890382536,112,3:30:55
18.0%,900000,3599.999999942519,-3485871.141341569,569063.8251764332,311.05557300861807,112,3:30:47
18.1%,902500,3609.9999999422826,-3488367.584231615,567996.2933445862,310.47205019277726,112,3:30:39
18.1%,905000,3619.999999942046,-3490223.306285739,568346.868335459,310.66367773936156,112,3:30:31
18.1%,907500,3629.9999999418096,-3489321.8650079947,569758.7200341283,311.4354089928753,112,3:30:23
18.2%,910000,3639.999999941573,-3490097.3783098925,571157.4478616641,312.19996661651686,112,3:30:16
18.2%,912500,3649.9999999413367,-3491138.3403612114,569742.9171727763,311.42677100206384,112,3:30:08
18.3%,915000,3659.9999999411,-3487941.8843124136,569222.2354518526,311.14216153667246,112,3:30:00
18.4%,917500,3669.9999999408637,-3485198.11402278,569012.5703832309,311.02755666253597,112,3:29:52
18.4%,920000,3679.9999999406273,-3487054.0903023295,568042.7176153536,310.4974261304246,112,3:29:44
18.4%,922500,3689.999999940391,-3489261.532234492,568514.1024991539,310.7550894867145,112,3:29:37
18.5%,925000,3699.9999999401543,-3485371.437591972,569203.1442560321,311.1317261116944,112,3:29:29
18.6%,927500,3709.999999939918,-3487384.5686235335,568721.2410529674,310.86831334438745,112,3:29:21
18.6%,930000,3719.9999999396814,-3491304.679000573,568324.787602206,310.65160820545236,112,3:29:13
18.6%,932500,3729.999999939445,-3487143.9699042793,570306.180028399,311.73465571122784,112,3:29:05
18.7%,935000,3739.9999999392085,-3489689.41155483,568631.400958814,310.81920591437756,112,3:28:57
18.8%,937500,3749.999999938972,-3487010.517514929,569271.619570351,311.16915535458435,112,3:28:49
18.8%,940000,3759.9999999387355,-3485752.8539596163,569840.5082024694,311.48011516544005,112,3:28:42
18.9%,942500,3769.999999938499,-3490596.400787253,567647.948921737,310.2816418953949,112,3:28:34
18.9%,945000,3779.9999999382626,-3489728.16981004,568049.6752330426,310.50122922888437,112,3:28:26
18.9%,947500,3789.999999938026,-3493104.54914427,568444.8739349446,310.71724851043734,112,3:28:18
19.0%,950000,3799.9999999377897,-3488754.1523175146,567227.8244462318,310.0519979544491,112,3:28:10
19.1%,952500,3809.999999937553,-3484142.3630052526,570624.4791706342,311.9086409791289,112,3:28:03
19.1%,955000,3819.9999999373167,-3484052.730253026,569019.8291943462,311.03152439612035,112,3:27:55
19.1%,957500,3829.9999999370802,-3487522.0741740447,568293.2483405289,310.63436855204407,112,3:27:47
19.2%,960000,3839.999999936844,-3488114.8456519376,568706.1425536678,310.8600603644168,112,3:27:40
19.2%,962500,3849.9999999366073,-3491018.640604958,571037.088461152,312.1341770501503,112,3:27:33
19.3%,965000,3859.999999936371,-3487893.657284543,568381.1902988779,310.68243844339105,112,3:27:26
19.4%,967500,3869.9999999361344,-3487590.4980571046,568573.7303231852,310.78768260922686,112,3:27:18
19.4%,970000,3879.999999935898,-3489796.687460255,568698.3826965983,310.8558187544595,112,3:27:10
19.4%,972500,3889.9999999356614,-3488799.586444443,569382.2911487047,311.2296494673667,112,3:27:03
19.5%,975000,3899.999999935425,-3492784.8401817083,569191.5852781946,311.1254078670344,112,3:26:55
19.6%,977500,3909.9999999351885,-3491594.940477023,569734.330866997,311.42207764756466,112,3:26:48
19.6%,980000,3919.999999934952,-3487797.400312107,570362.0559439019,311.7651980056862,112,3:26:40
19.6%,982500,3929.9999999347156,-3488790.8166072853,570122.8944992165,311.6344701383945,112,3:26:32
19.7%,985000,3939.999999934479,-3489198.2717401627,571979.7713975158,312.6494562999693,112,3:26:24
19.8%,987500,3949.9999999342426,-3490867.3001074437,570396.4853317926,311.78401742892993,112,3:26:16
19.8%,990000,3959.999999934006,-3489553.6848537736,569067.8485010803,311.0577721952438,112,3:26:08
19.9%,992500,3969.9999999337697,-3490830.999263862,567725.2503783524,310.32389558965224,112,3:26:00
19.9%,995000,3979.999999933533,-3489125.4289218895,571679.2057219935,312.48516430970386,112,3:25:52
19.9%,997500,3989.9999999332967,-3485620.549973687,569972.5611784784,311.5522965487976,112,3:25:45
20.0%,1000000,3999.9999999330603,-3490173.9491671845,569219.6995469218,311.14077538748063,112,3:25:38
20.1%,1002500,4009.999999932824,-3488362.1815510932,567821.4357899402,310.37647142911493,112,3:25:31
20.1%,1005000,4019.9999999325873,-3490322.9282652326,568398.3882718574,310.69183901517766,112,3:25:23
20.1%,1007500,4029.999999932351,-3488886.0424966216,569222.5309901163,311.1423230806327,112,3:25:15
20.2%,1010000,4039.9999999321144,-3487839.3606141154,570732.8434511612,311.9678739014861,112,3:25:07
20.2%,1012500,4049.999999931878,-3487300.7178828586,567203.5210556586,310.0387134954019,112,3:24:59
20.3%,1015000,4059.9999999316415,-3488551.863689292,574709.7853925873,314.141707309415,112,3:24:51
20.4%,1017500,4069.999999931405,-3486991.1307952814,570806.8564825405,312.00833011196244,112,3:24:44
20.4%,1020000,4079.9999999311685,-3490253.248066971,568785.8565793906,310.9036327913592,112,3:24:36
20.4%,1022500,4089.999999930932,-3488160.1846955065,569952.4040156621,311.5412784563576,112,3:24:28
20.5%,1025000,4099.999999930696,-3485688.314709492,567095.22199678,309.97951622380356,112,3:24:20
20.6%,1027500,4109.999999930459,-3490625.5859009214,569073.6228349691,311.0609284997865,112,3:24:12
20.6%,1030000,4119.999999930223,-3491885.4045937974,568883.4664449343,310.9569872505862,112,3:24:05
20.6%,1032500,4129.999999929986,-3487049.1988501307,569968.7672417806,311.55022274775587,112,3:23:57
20.7%,1035000,4139.99999992975,-3489043.356966704,569210.3448723132,311.13566203544184,112,3:23:50
20.8%,1037500,4149.999999929513,-3489426.366082344,568690.2066399243,310.8513496459322,112,3:23:42
20.8%,1040000,4159.999999929277,-3493117.2413755413,569330.8641842532,311.20153901088037,112,3:23:36
20.9%,1042500,4169.99999992904,-3489647.5733158514,570491.674902921,311.83604893274685,112,3:23:28
20.9%,1045000,4179.999999928804,-3490816.115512615,566527.3782063228,309.66912753310567,112,3:23:20
20.9%,1047500,4189.999999928567,-3486512.5201843083,568925.6499784846,310.9800451618776,112,3:23:13
21.0%,1050000,4199.999999928331,-3489418.236967642,570566.3750702813,311.8768807381334,112,3:23:05
21.1%,1052500,4209.999999928094,-3490610.266347589,567358.0657386766,310.12318905474126,112,3:22:58
21.1%,1055000,4219.999999927858,-3489399.485422386,569281.1856888634,311.17438428382513,112,3:22:50
21.1%,1057500,4229.9999999276215,-3489028.5018850733,569023.975601306,311.0337908606815,112,3:22:42
21.2%,1060000,4239.999999927385,-3488077.831724046,568025.6659888232,310.48810555296654,112,3:22:34
21.2%,1062500,4249.999999927149,-3490078.1136915665,569699.1601962991,311.4028530322526,112,3:22:26
21.3%,1065000,4259.999999926912,-3491395.0895483308,569040.7975970919,311.04298591984156,112,3:22:18
21.4%,1067500,4269.999999926676,-3491641.4800606444,570052.7142113221,311.5961089411103,112,3:22:10
21.4%,1070000,4279.999999926439,-3488035.6122700386,568728.3752722858,310.87221297493835,112,3:22:03
21.4%,1072500,4289.999999926203,-3487191.955508927,568967.4855738797,311.0029128869412,112,3:21:55
21.5%,1075000,4299.999999925966,-3486452.0856477264,571355.9397145289,312.30846410713,112,3:21:47
21.6%,1077500,4309.99999992573,-3489650.8955194317,568469.5913082497,310.7307592562914,112,3:21:39
21.6%,1080000,4319.999999925493,-3487009.2324140463,569610.3318888153,311.354298654235,112,3:21:31
21.6%,1082500,4329.999999925257,-3486284.294034131,566753.0342339149,309.79247321395917,112,3:21:23
21.7%,1085000,4339.99999992502,-3490176.7420377396,571002.0899008155,312.11504651196054,112,3:21:16
21.8%,1087500,4349.999999924784,-3490523.431806896,569199.3908749846,311.1296744787478,112,3:21:08
21.8%,1090000,4359.999999924547,-3487710.5807729736,569263.467109328,311.16469914365905,112,3:21:00
21.9%,1092500,4369.999999924311,-3487547.410679305,569565.7933440628,311.3299534719443,112,3:20:52
21.9%,1095000,4379.9999999240745,-3489788.6431967765,570178.2064511266,311.6647041651142,112,3:20:44
21.9%,1097500,4389.999999923838,-3488906.5473211277,568050.6880261536,310.50178283100695,112,3:20:37
22.0%,1100000,4399.9999999236015,-3485308.8933528606,566155.2270646088,309.46570626204567,112,3:20:29
22.1%,1102500,4409.999999923365,-3488238.2951390147,567125.9215612726,309.99629689093064,112,3:20:21
22.1%,1105000,4419.999999923129,-3488050.3655305207,567740.3124588635,310.3321286627748,112,3:20:13
22.1%,1107500,4429.999999922892,-3488649.1696291827,567807.1227638279,310.36864779608493,112,3:20:05
22.2%,1110000,4439.999999922656,-3488437.46867105,569647.4099212231,311.37456585117565,112,3:19:57
22.2%,1112500,4449.999999922419,-3490441.991450291,568536.7602187763,310.76747440673296,112,3:19:50
22.3%,1115000,4459.999999922183,-3488348.5023610406,569711.4841882071,311.40958944070996,112,3:19:42
22.4%,1117500,4469.999999921946,-3486059.9459803533,567444.0983730804,310.1702152918837,112,3:19:34
22.4%,1120000,4479.99999992171,-3488843.279188052,568920.5807585488,310.97727427917147,112,3:19:26
22.4%,1122500,4489.999999921473,-3490216.0640194695,569561.8211215002,311.3277822181927,112,3:19:18
22.5%,1125000,4499.999999921237,-3487467.5378050953,569705.8465093577,311.40650783308115,112,3:19:10
22.6%,1127500,4509.999999921,-3489449.293147566,570587.5236135905,311.88844072835997,112,3:19:03
22.6%,1130000,4519.999999920764,-3489024.032953128,568951.0187115707,310.9939119470385,112,3:18:55
22.6%,1132500,4529.999999920527,-3487264.456531137,570336.6894687912,311.7513324547556,112,3:18:49
22.7%,1135000,4539.999999920291,-3489548.8769320436,570034.5714172346,311.5861919213294,112,3:18:42
22.8%,1137500,4549.9999999200545,-3488629.608663872,567787.331103429,310.35782949066146,112,3:18:34
22.8%,1140000,4559.999999919818,-3489293.63195695,569465.4839283023,311.27512341349194,112,3:18:26
22.9%,1142500,4569.999999919582,-3488331.028155787,567884.1281403183,310.4107396501956,112,3:18:18
22.9%,1145000,4579.999999919345,-3487737.654636465,567483.9016103961,310.1919721111421,112,3:18:10
22.9%,1147500,4589.999999919109,-3489994.1437841207,567268.0459402034,310.07398339668083,112,3:18:03
23.0%,1150000,4599.999999918872,-3488628.684823679,569794.8309503094,311.45514755510266,112,3:17:55
23.1%,1152500,4609.999999918636,-3489877.414300181,570447.4259733554,311.8118620568077,112,3:17:47
23.1%,1155000,4619.999999918399,-3490056.6365744546,569454.5574356279,311.2691508910974,112,3:17:39
23.1%,1157500,4629.999999918163,-3491245.6433782186,569132.6922952089,311.09321641546364,112,3:17:32
23.2%,1160000,4639.999999917926,-3491570.2691352423,567728.481352226,310.3256616699848,112,3:17:24
23.2%,1162500,4649.99999991769,-3489835.7106801234,569883.0888417385,311.5033901384061,112,3:17:16
23.3%,1165000,4659.999999917453,-3485943.744132016,567330.354924038,310.10804206604763,112,3:17:08
23.4%,1167500,4669.999999917217,-3491989.5430818237,570356.3574411774,311.76208315116224,112,3:17:00
23.4%,1170000,4679.99999991698,-3489403.2931551933,569837.0111103973,311.4782036224281,112,3:16:52
23.4%,1172500,4689.999999916744,-3488373.845209798,567351.3216927466,310.11950269658894,112,3:16:45
23.5%,1175000,4699.9999999165075,-3488616.208082378,568875.096572121,310.9524122003568,112,3:16:37
23.6%,1177500,4709.999999916271,-3487861.663288513,569082.668765305,311.06587308933786,112,3:16:29
23.6%,1180000,4719.9999999160345,-3488694.284954019,568932.907729337,310.9840123159124,112,3:16:21
23.6%,1182500,4729.999999915798,-3489532.178330131,569156.7821318512,311.1063841439485,112,3:16:13
23.7%,1185000,4739.999999915562,-3487270.9557923637,570060.8385918934,311.60054980299986,112,3:16:06
23.8%,1187500,4749.999999915325,-3487411.252229318,569462.253660893,311.2733577193193,112,3:15:58
23.8%,1190000,4759.999999915089,-3489972.903105043,569032.0897152442,311.03822611073406,112,3:15:50
23.9%,1192500,4769.999999914852,-3486117.6216852497,569102.6275179796,311.0767827289514,112,3:15:42
23.9%,1195000,4779.999999914616,-3488395.225252904,569274.1176837984,311.1705208466003,112,3:15:34
23.9%,1197500,4789.999999914379,-3490943.3193552066,568114.1007545898,310.53644481742583,112,3:15:27
24.0%,1200000,4799.999999914143,-3485625.194599353,567754.3950972382,310.33982636372735,112,3:15:19
24.1%,1202500,4809.999999913906,-3485995.382804163,569310.113032836,311.19019623875346,112,3:15:11
24.1%,1205000,4819.99999991367,-3486915.224712413,567525.2757023213,310.214587574122,112,3:15:03
24.1%,1207500,4829.999999913433,-3491313.1331977453,567684.031717821,310.30136508691595,112,3:14:55
24.2%,1210000,4839.999999913197,-3493297.631399164,568232.5296388956,310.60117914570105,112,3:14:47
24.2%,1212500,4849.99999991296,-3489011.8655542154,570196.7726444252,311.67485261883695,112,3:14:40
24.3%,1215000,4859.999999912724,-3491337.215175241,567245.3565849462,310.0615811843305,112,3:14:32
24.4%,1217500,4869.9999999124875,-3487676.242277542,567009.834229922,309.932842477252,112,3:14:24
24.4%,1220000,4879.999999912251,-3492147.539431758,568077.7380709077,310.5165686367437,112,3:14:16
24.4%,1222500,4889.999999912015,-3488643.5149548166,568360.5451957621,310.67115363825076,112,3:14:09
24.5%,1225000,4899.999999911778,-3491049.3192180116,569586.0201741813,311.3410096451789,112,3:14:01
24.6%,1227500,4909.999999911542,-3489796.7744157724,569635.8429412781,311.36824323248936,112,3:13:53
24.6%,1230000,4919.999999911305,-3491594.8302930333,568530.0569069039,310.76381031419487,112,3:13:46
24.6%,1232500,4929.999999911069,-3490908.3835801594,569698.8850757425,311.4027026488007,112,3:13:38
24.7%,1235000,4939.999999910832,-3492293.7157968227,568405.4944697707,310.6957233289682,112,3:13:31
24.8%,1237500,4949.999999910596,-3487972.511661699,570120.4565905074,311.6331375548478,112,3:13:23
24.8%,1240000,4959.999999910359,-3488145.3215953372,566487.9189149202,309.6475587178784,112,3:13:16
24.9%,1242500,4969.999999910123,-3486469.798997842,567836.4434712363,310.3846747671212,112,3:13:08
24.9%,1245000,4979.999999909886,-3489373.1987209693,568946.1505906786,310.9912509869378,112,3:13:00
24.9%,1247500,4989.99999990965,-3490306.4503458533,569876.3206612493,311.4996905880795,112,3:12:52
25.0%,1250000,4999.999999909413,-3489598.077066101,568463.6900683618,310.72753358375064,112,3:12:45
25.1%,1252500,5009.999999909177,-3489893.425719252,570280.0178386191,311.72035521526743,112,3:12:37
25.1%,1255000,5019.9999999089405,-3488975.29384364,569234.9794109976,311.1491275031227,112,3:12:30
25.1%,1257500,5029.999999908704,-3486560.9388144687,568050.8968483253,310.50189697514577,112,3:12:22
25.2%,1260000,5039.9999999084675,-3491520.855864387,569044.3383233271,311.0449213136924,112,3:12:14
25.2%,1262500,5049.999999908231,-3491249.574142879,569213.1842270539,311.13721405311856,112,3:12:06
25.3%,1265000,5059.999999907995,-3491899.7613339424,570000.6976432183,311.5676762017907,112,3:11:58
25.4%,1267500,5069.999999907758,-3488658.6708517727,569659.9845779478,311.38143927535026,112,3:11:51
25.4%,1270000,5079.999999907522,-3489851.2481801864,569745.0976862042,311.42796289095884,112,3:11:43
25.4%,1272500,5089.999999907285,-3489569.4282082617,569759.2630982565,311.4357058367725,112,3:11:35
25.5%,1275000,5099.999999907049,-3488123.705822965,569711.7593546412,311.4097398492389,112,3:11:27
25.6%,1277500,5109.999999906812,-3485458.5005080123,570528.7122926364,311.8562939140143,112,3:11:19
25.6%,1280000,5119.999999906576,-3485444.1883681305,569110.0031978415,311.0808143440783,112,3:11:11
25.6%,1282500,5129.999999906339,-3488657.4830890857,566663.8795667558,309.7437404447115,112,3:11:04
25.7%,1285000,5139.999999906103,-3488163.8478789143,569606.6969368551,311.3523117557276,112,3:10:56
25.8%,1287500,5149.999999905866,-3488206.7478355356,570693.8780315618,311.94657504117424,112,3:10:48
25.8%,1290000,5159.99999990563,-3487232.81086698,567754.5295094091,310.33989983466853,112,3:10:40
25.9%,1292500,5169.999999905393,-3492443.7203631364,566259.4760385209,309.52268971957915,112,3:10:32
25.9%,1295000,5179.999999905157,-3486500.34594493,566376.0723896031,309.58642236817144,112,3:10:25
25.9%,1297500,5189.9999999049205,-3490191.031484507,569722.8659830426,311.4158108354952,112,3:10:17
26.0%,1300000,5199.999999904684,-3488578.1760310847,569371.7714483205,311.2238993014167,112,3:10:09
26.1%,1302500,5209.999999904448,-3491298.77210371,569895.2277020747,311.51002535222653,112,3:10:01
26.1%,1305000,5219.999999904211,-3490644.138738202,567738.5344353511,310.33115677860644,112,3:09:53
26.1%,1307500,5229.999999903975,-3490298.691165179,569050.3212179509,311.04819161947023,112,3:09:45
26.2%,1310000,5239.999999903738,-3491755.2551614586,570057.3657096255,311.59865149329175,112,3:09:38
26.2%,1312500,5249.999999903502,-3488336.7322981954,571393.5727498482,312.3290346738177,112,3:09:30
26.3%,1315000,5259.999999903265,-3488168.3744737264,568075.1401346652,310.5151485806607,112,3:09:23
26.4%,1317500,5269.999999903029,-3487489.7194670066,569054.8317229729,311.0506571034144,112,3:09:15
26.4%,1320000,5279.999999902792,-3488234.4488340225,569740.2195111879,311.4252964351804,112,3:09:07
26.4%,1322500,5289.999999902556,-3485817.4805280585,566489.8377224233,309.6486075558838,112,3:08:59
26.5%,1325000,5299.999999902319,-3487384.3647024464,569559.3887757435,311.3264526754075,112,3:08:52
26.6%,1327500,5309.999999902083,-3489365.270034129,568018.2161816398,310.4840334191571,112,3:08:44
26.6%,1330000,5319.999999901846,-3489145.90328425,568364.7228273081,310.67343717046083,112,3:08:36
26.6%,1332500,5329.99999990161,-3489312.7342383005,568712.6771611205,310.86363224155195,112,3:08:29
26.7%,1335000,5339.9999999013735,-3490189.2002794463,568134.1293560766,310.5473926370489,112,3:08:22
26.8%,1337500,5349.999999901137,-3490263.9252819773,569991.0518921423,311.56240374465085,112,3:08:14
26.8%,1340000,5359.999999900901,-3486605.446102569,570505.3322157629,311.84351414681225,112,3:08:06
26.9%,1342500,5369.999999900664,-3489417.8862826284,569545.5420134212,311.31888390649624,112,3:07:59
26.9%,1345000,5379.999999900428,-3490230.7349848766,570500.1000559474,311.84065419965435,112,3:07:51
26.9%,1347500,5389.999999900191,-3489690.9415419195,568331.3596369749,310.6552005407062,112,3:07:44
27.0%,1350000,5399.999999899955,-3488153.7494622376,569690.1668032019,311.3979371600439,112,3:07:36
27.1%,1352500,5409.999999899718,-3486279.8885274082,569464.9355750325,311.2748236785009,112,3:07:28
27.1%,1355000,5419.999999899482,-3489414.356946867,570537.9300247338,311.8613324120044,112,3:07:20
27.1%,1357500,5429.999999899245,-3488769.4909243137,571559.970892569,312.4199894443402,112,3:07:12
27.2%,1360000,5439.999999899009,-3492347.9358759094,568945.2702945841,310.9907698089153,112,3:07:05
27.2%,1362500,5449.999999898772,-3489158.7248938773,571987.566966323,312.6537174302942,112,3:06:57
27.3%,1365000,5459.999999898536,-3490367.118873246,566628.670256793,309.72449470881827,112,3:06:49
27.4%,1367500,5469.999999898299,-3487564.333919041,568953.384787096,310.9952052658997,112,3:06:41
27.4%,1370000,5479.999999898063,-3491091.4298681375,569403.4908577603,311.2412374252655,112,3:06:34
27.4%,1372500,5489.9999998978265,-3490514.564352615,569225.2148238311,311.143790089072,112,3:06:26
27.5%,1375000,5499.99999989759,-3490142.373204816,569470.0852938478,311.27763856264227,112,3:06:18
27.6%,1377500,5509.9999998973535,-3487479.8230969794,569964.7387157234,311.548020717991,112,3:06:10
27.6%,1380000,5519.999999897117,-3490485.275606105,569371.733757151,311.2238786990734,112,3:06:02
27.6%,1382500,5529.999999896881,-3488985.4251195174,568856.7369186587,310.9423766432272,112,3:05:55
27.7%,1385000,5539.999999896644,-3490267.2108800802,569014.4648711121,311.0285922072101,112,3:05:47
27.8%,1387500,5549.999999896408,-3487232.495798487,569267.0538674437,311.1666596989634,112,3:05:39
27.8%,1390000,5559.999999896171,-3487112.5845273975,569040.1307797696,311.042621431299,112,3:05:32
27.9%,1392500,5569.999999895935,-3488115.895134026,569612.0037800324,311.35521252550484,112,3:05:24
27.9%,1395000,5579.999999895698,-3490776.5734712835,567608.0442157614,310.2598296124245,112,3:05:16
27.9%,1397500,5589.999999895462,-3487939.1356114373,567607.4112579941,310.2594836318292,112,3:05:08
28.0%,1400000,5599.999999895225,-3490820.991218552,568644.0412137813,310.82611519516104,112,3:05:00
28.1%,1402500,5609.999999894989,-3488741.2378585525,568637.4436300143,310.82250889458743,112,3:04:53
28.1%,1405000,5619.999999894752,-3488321.301237438,569403.1874501765,311.2410715798618,112,3:04:45
28.1%,1407500,5629.999999894516,-3487709.8174212575,568307.1622469057,310.64197402251915,112,3:04:37
28.2%,1410000,5639.999999894279,-3489485.39959196,569886.8028748075,311.50542026338206,112,3:04:29
28.2%,1412500,5649.999999894043,-3489191.667396756,569616.6110310673,311.35773089171835,112,3:04:21
28.3%,1415000,5659.9999998938065,-3492028.7562893443,568931.1156758182,310.98303276281223,112,3:04:14
28.4%,1417500,5669.99999989357,-3490805.298804801,569061.7277855747,311.0544265552917,112,3:04:06
28.4%,1420000,5679.999999893334,-3491521.5382355712,568971.2927062507,311.0049939008605,112,3:03:58
28.4%,1422500,5689.999999893097,-3485870.8871620093,568028.2256776203,310.4895047026406,112,3:03:50
28.5%,1425000,5699.999999892861,-3489998.44034956,567557.5639763956,310.23223664466445,112,3:03:43
28.6%,1427500,5709.999999892624,-3488430.583302034,569202.2468807357,311.1312355980215,112,3:03:35
28.6%,1430000,5719.999999892388,-3491046.8141885493,570640.3202354761,311.91729985232286,112,3:03:27
28.6%,1432500,5729.999999892151,-3486125.038369769,566176.2158561163,309.4771789304534,112,3:03:19
28.7%,1435000,5739.999999891915,-3488054.088171359,566984.1094367413,309.9187810663358,112,3:03:11
28.8%,1437500,5749.999999891678,-3488943.642217407,568732.0060502787,310.8741975919164,112,3:03:04
28.8%,1440000,5759.999999891442,-3490216.772807913,568509.1513214143,310.75238312696933,112,3:02:56
28.9%,1442500,5769.999999891205,-3488558.688085759,569197.4231778412,311.12859891721087,112,3:02:48
28.9%,1445000,5779.999999890969,-3487301.5805995427,569985.7727127552,311.55951809615834,112,3:02:40
28.9%,1447500,5789.999999890732,-3488103.7243313566,569582.180327889,311.33891074952624,112,3:02:32
29.0%,1450000,5799.999999890496,-3493805.215301344,569914.517602447,311.5205693909584,112,3:02:25
29.1%,1452500,5809.9999998902595,-3486420.7813687027,570105.3178858225,311.62486259824004,112,3:02:17
29.1%,1455000,5819.999999890023,-3490290.624309955,568208.9321209635,310.5882805231965,112,3:02:09
29.1%,1457500,5829.9999998897865,-3488273.703018265,567876.8947080153,310.40678578890567,112,3:02:01
29.2%,1460000,5839.99999988955,-3490106.697959218,568117.6065605475,310.53836112352855,112,3:01:53
29.2%,1462500,5849.999999889314,-3487528.113330476,566627.548762238,309.7238816894767,112,3:01:46
29.3%,1465000,5859.999999889077,-3486622.8741183802,568554.7877721887,310.7773284348903,112,3:01:38
29.4%,1467500,5869.999999888841,-3487748.7567519546,570543.9700045299,311.86463392106776,112,3:01:30
29.4%,1470000,5879.999999888604,-3489097.733923828,571014.4106524186,312.1217811492371,112,3:01:22
29.4%,1472500,5889.999999888368,-3489491.994797699,568797.2212656196,310.90984483442116,112,3:01:15
29.5%,1475000,5899.999999888131,-3490790.139302766,572110.3147135391,312.7208124891551,112,3:01:07
29.6%,1477500,5909.999999887895,-3488463.352067629,569081.8481520975,311.06542453453585,112,3:00:59
29.6%,1480000,5919.999999887658,-3492655.5449436046,566965.4853216154,309.9086009520042,112,3:00:51
29.6%,1482500,5929.999999887422,-3486132.4501764104,569046.7469645698,311.04623789937,112,3:00:43
29.7%,1485000,5939.999999887185,-3492005.92935743,569532.1951417307,311.31158838244806,112,3:00:36
29.8%,1487500,5949.999999886949,-3490029.3451708406,569488.3473273776,311.28762075981,112,3:00:28
29.8%,1490000,5959.999999886712,-3488217.2275506835,569201.2796930387,311.13070692424185,112,3:00:20
29.9%,1492500,5969.999999886476,-3486938.988401411,567926.9251747753,310.43413290678143,112,3:00:12
29.9%,1495000,5979.9999998862395,-3488447.104901936,569562.9585406411,311.32840394206085,112,3:00:04
29.9%,1497500,5989.999999886003,-3487306.7763898727,567378.2766229159,310.1342365118102,112,2:59:57
30.0%,1500000,5999.999999885767,-3485885.882878747,567428.6905108017,310.16179321123496,112,2:59:49
30.1%,1502500,6009.99999988553,-3487398.368997475,569332.1783577811,311.2022573503384,112,2:59:41
30.1%,1505000,6019.999999885294,-3490234.7350053005,570230.4464365522,311.6932590264173,112,2:59:34
30.1%,1507500,6029.999999885057,-3489347.7829532847,568852.5246697874,310.94007418886554,112,2:59:26
30.2%,1510000,6039.999999884821,-3489332.3101643026,569576.5584520262,311.3358377799567,112,2:59:18
30.2%,1512500,6049.999999884584,-3492103.093604034,567482.3274793817,310.19111167650715,112,2:59:10
30.3%,1515000,6059.999999884348,-3491274.0510366783,569003.1605027252,311.0224131344409,112,2:59:02
30.4%,1517500,6069.999999884111,-3486638.738415584,568945.2626003772,310.9907656031903,112,2:58:55
30.4%,1520000,6079.999999883875,-3485936.0138449613,568027.1969036963,310.48894236525723,112,2:58:47
30.4%,1522500,6089.999999883638,-3488816.112087231,569591.1603344334,311.3438193045208,112,2:58:39
30.5%,1525000,6099.999999883402,-3488892.184761474,568581.3577383474,310.7918518252073,112,2:58:31
30.6%,1527500,6109.999999883165,-3489181.831640616,571442.5882376314,312.35582699475634,112,2:58:23
30.6%,1530000,6119.999999882929,-3490890.1681904737,571914.9240848409,312.61401015647937,112,2:58:16
30.6%,1532500,6129.9999998826925,-3487861.389238067,569756.5461500809,311.4342207276613,112,2:58:08
30.7%,1535000,6139.999999882456,-3488870.7591505554,569612.7354252728,311.3556124495897,112,2:58:00
30.8%,1537500,6149.9999998822195,-3488354.4153187145,566689.8088160193,309.7579136132218,112,2:57:52
30.8%,1540000,6159.999999881983,-3486396.343315104,569582.6546915679,311.3391700411196,112,2:57:45
30.9%,1542500,6169.999999881747,-3489498.86501801,569418.5487154534,311.2494681901565,112,2:57:37
30.9%,1545000,6179.99999988151,-3487751.582955446,568022.3640049612,310.48630065791474,112,2:57:29
30.9%,1547500,6189.999999881274,-3488113.223251758,567983.5925156958,310.4651078017248,112,2:57:21
31.0%,1550000,6199.999999881037,-3492198.0896422565,569801.1051408299,311.4585770859236,112,2:57:13
31.1%,1552500,6209.999999880801,-3488534.8760093786,569783.7126210642,311.44907017305644,112,2:57:06
31.1%,1555000,6219.999999880564,-3483951.40202054,570327.68566969,311.7464108945284,112,2:56:58
31.1%,1557500,6229.999999880328,-3489219.6870141774,569575.8228851965,311.3354357122948,112,2:56:50
31.2%,1560000,6239.999999880091,-3487843.941061046,568372.0867078486,310.67746233596904,112,2:56:42
31.2%,1562500,6249.999999879855,-3489035.674158504,568924.782640738,310.97957106700835,112,2:56:35
31.3%,1565000,6259.999999879618,-3485929.094725799,571343.4366431508,312.3016298121708,112,2:56:27
31.4%,1567500,6269.999999879382,-3488410.345459882,570730.7491961659,311.96672916225174,112,2:56:19
31.4%,1570000,6279.999999879145,-3488880.8272908963,569713.9789074506,311.4109530774225,112,2:56:11
31.4%,1572500,6289.999999878909,-3489580.2872228026,569662.0797951245,311.38258454052203,112,2:56:03
31.5%,1575000,6299.9999998786725,-3487895.952640053,569750.6621383211,311.4310044721754,112,2:55:56
31.6%,1577500,6309.999999878436,-3488454.875480842,569482.8272738298,311.2846034472637,112,2:55:48
31.6%,1580000,6319.9999998782,-3482701.2545643,570729.8841999052,311.9662563472604,112,2:55:40
31.6%,1582500,6329.999999877963,-3491481.7229052614,569097.6109417093,311.07404062176187,112,2:55:32
31.7%,1585000,6339.999999877727,-3489695.5903529786,569183.1499203916,311.12079702210127,112,2:55:25
31.8%,1587500,6349.99999987749,-3490194.524809731,568062.4178344782,310.5081944531981,112,2:55:17
31.8%,1590000,6359.999999877254,-3487248.2550110947,570589.6343778642,311.8895944917194,112,2:55:09
31.9%,1592500,6369.999999877017,-3487580.2429329995,568741.16449829,310.8792036846744,112,2:55:01
31.9%,1595000,6379.999999876781,-3486846.201985594,569088.461945865,311.0690396956462,112,2:54:53
31.9%,1597500,6389.999999876544,-3489364.9853684343,569980.93436606,311.55687341091016,112,2:54:46
32.0%,1600000,6399.999999876308,-3484926.0898759924,569111.7673275021,311.0817786337382,112,2:54:38
32.0%,1602500,6409.999999876071,-3487424.608536411,567493.2022715609,310.19705593893076,112,2:54:30
32.1%,1605000,6419.999999875835,-3490702.0859332904,568387.8780647976,310.686094038367,112,2:54:23
32.1%,1607500,6429.999999875598,-3486045.069221625,571132.4361056352,312.1862949583315,112,2:54:16
32.2%,1610000,6439.999999875362,-3488407.0680982526,569049.0328034078,311.04748736011254,112,2:54:08
32.2%,1612500,6449.9999998751255,-3490100.736304596,569830.9815972658,311.4749078345409,112,2:54:01
32.3%,1615000,6459.999999874889,-3488408.883157378,567220.3121205601,310.04789164745324,112,2:53:53
32.4%,1617500,6469.9999998746525,-3490156.8522686027,568848.1660065679,310.93769170306115,112,2:53:45
32.4%,1620000,6479.999999874416,-3488450.2612543143,567526.2006393026,310.21509315326796,112,2:53:38
32.5%,1622500,6489.99999987418,-3490147.2031592373,569293.4376076481,311.1810812964438,112,2:53:30
32.5%,1625000,6499.999999873943,-3486355.281571036,571117.920369554,312.1783605221493,112,2:53:23
32.5%,1627500,6509.999999873707,-3486099.927826129,568176.7524755499,310.5706908300891,112,2:53:16
32.6%,1630000,6519.99999987347,-3489476.4035863653,569531.2973374643,311.3110976342961,112,2:53:08
32.6%,1632500,6529.999999873234,-3485301.631443547,568617.765818056,310.8117528197792,112,2:53:01
32.7%,1635000,6539.999999872997,-3489500.852806311,569762.2086903355,311.43731592476513,112,2:52:53
32.8%,1637500,6549.999999872761,-3488597.2390991505,569528.070837575,311.3093339994849,112,2:52:46
32.8%,1640000,6559.999999872524,-3490621.1578943096,567701.3937978665,310.31085536114927,112,2:52:39
32.9%,1642500,6569.999999872288,-3492439.9599517956,571015.8755058774,312.12258185174505,112,2:52:32
32.9%,1645000,6579.999999872051,-3487807.290802803,572007.9438670158,312.6648556334987,112,2:52:24
33.0%,1647500,6589.999999871815,-3489523.2094322257,569627.7591559263,311.36382456032385,112,2:52:16
33.0%,1650000,6599.999999871578,-3490679.828030538,571524.8273278933,312.40077964543167,112,2:52:08
33.0%,1652500,6609.999999871342,-3485349.3590834383,568448.7238077403,310.7193528866698,112,2:52:00
33.1%,1655000,6619.9999998711055,-3485667.666552214,569580.4631531327,311.33797212585324,112,2:51:53
33.1%,1657500,6629.999999870869,-3488531.059701262,567860.9120390269,310.39804951356984,112,2:51:45
33.2%,1660000,6639.999999870633,-3487874.746871967,566932.1749090273,309.89039317105534,112,2:51:37
33.2%,1662500,6649.999999870396,-3487764.76783978,569456.3198968244,311.27011426875936,112,2:51:29
33.3%,1665000,6659.99999987016,-3487585.909360992,567657.4935175283,310.28685906011646,112,2:51:22
33.4%,1667500,6669.999999869923,-3486220.992156163,568107.7014479255,310.5329468969585,112,2:51:14
33.4%,1670000,6679.999999869687,-3488131.8534048926,569203.2813501587,311.13180104861755,112,2:51:06
33.5%,1672500,6689.99999986945,-3489252.732695656,567590.440749912,310.25020739446853,112,2:50:58
33.5%,1675000,6699.999999869214,-3488234.322781088,567436.4707040226,310.1660459371215,112,2:50:50
33.5%,1677500,6709.999999868977,-3488245.4998373017,569122.3816472051,311.0875805194868,112,2:50:43
33.6%,1680000,6719.999999868741,-3489342.9553739093,567032.8798193465,309.9454394105073,112,2:50:35
33.6%,1682500,6729.999999868504,-3486952.0767910387,570903.6320745565,312.0612285495296,112,2:50:27
33.7%,1685000,6739.999999868268,-3490903.658752883,568452.117691478,310.7212080150474,112,2:50:19
33.8%,1687500,6749.999999868031,-3490640.2712811492,570514.1219939957,311.84831872124465,112,2:50:12
33.8%,1690000,6759.999999867795,-3490390.6553324256,569365.6778327695,311.2205684745515,112,2:50:04
33.9%,1692500,6769.9999998675585,-3491284.01025695,566377.7550609353,309.58734213195237,112,2:49:56
33.9%,1695000,6779.999999867322,-3488227.40386251,565539.2834089391,309.12902573821174,112,2:49:48
34.0%,1697500,6789.9999998670855,-3489387.8168979287,567440.4786485515,310.16823671683176,112,2:49:41
34.0%,1700000,6799.999999866849,-3487294.9187682997,568731.9530652082,310.87416862978466,112,2:49:33
34.0%,1702500,6809.999999866613,-3490625.006570535,566912.5147226134,309.8796467305334,112,2:49:25
34.1%,1705000,6819.999999866376,-3487748.198636504,568621.2073729564,310.8136340056572,112,2:49:17
34.1%,1707500,6829.99999986614,-3487309.9366114233,569777.3727136407,311.4456047207659,112,2:49:09
34.2%,1710000,6839.999999865903,-3487058.4627262224,567547.326977742,310.2266410061065,112,2:49:02
34.2%,1712500,6849.999999865667,-3485089.776508525,569025.3015742914,311.03451564983266,112,2:48:54
34.3%,1715000,6859.99999986543,-3482885.0568295624,568650.7988197592,310.82980896536145,112,2:48:47
34.4%,1717500,6869.999999865194,-3487987.0634902082,569234.4207751243,311.1488221475651,112,2:48:39
34.4%,1720000,6879.999999864957,-3487471.161290165,569228.1284293643,311.14538269292166,112,2:48:31
34.5%,1722500,6889.999999864721,-3492288.32480298,568504.1188931483,310.74963235493175,112,2:48:23
34.5%,1725000,6899.999999864484,-3489644.7914204653,570322.2442534508,311.7434365658655,112,2:48:16
34.5%,1727500,6909.999999864248,-3490957.2162082177,568475.1030631326,310.73377203271036,112,2:48:08
34.6%,1730000,6919.999999864011,-3486391.815902896,569895.9463255813,311.51041815851073,112,2:48:00
34.6%,1732500,6929.999999863775,-3485363.0404878706,567396.5285299032,310.1442131737156,112,2:47:52
34.7%,1735000,6939.9999998635385,-3487594.019376198,569904.099832593,311.5148749411831,112,2:47:45
34.8%,1737500,6949.999999863302,-3490670.4808823913,568028.1449024602,310.48946055018774,112,2:47:37
34.8%,1740000,6959.999999863066,-3488044.5218593515,569249.6302423035,311.15713578360953,112,2:47:29
34.9%,1742500,6969.999999862829,-3486988.8726793267,567700.896346487,310.3105834496043,112,2:47:21
34.9%,1745000,6979.999999862593,-3488293.5760054793,568995.0042492365,311.0179548505187,112,2:47:14
35.0%,1747500,6989.999999862356,-3487896.378915176,570110.6233393082,311.62776260839894,112,2:47:06
35.0%,1750000,6999.99999986212,-3492790.6789970286,570286.8700658388,311.7241007063177,112,2:46:58
35.0%,1752500,7009.999999861883,-3491986.402643308,565503.0105125792,309.1091986361139,112,2:46:51
35.1%,1755000,7019.999999861647,-3491778.2822862137,569897.6235050985,311.5113349204145,112,2:46:43
35.1%,1757500,7029.99999986141,-3487756.4231374133,569349.2884526651,311.2116098871417,112,2:46:35
35.2%,1760000,7039.999999861174,-3488517.54769988,568279.9301374494,310.6270886985249,112,2:46:28
35.2%,1762500,7049.999999860937,-3489596.494037688,570571.6488315783,311.87976342504754,112,2:46:20
35.3%,1765000,7059.999999860701,-3488756.7477172166,569784.9726068716,311.44975889300315,112,2:46:12
35.4%,1767500,7069.999999860464,-3488708.511164127,571361.6510077693,312.3115859530688,112,2:46:05
35.4%,1770000,7079.999999860228,-3488782.7781123575,569663.6991278722,311.3834696828443,112,2:45:57
35.5%,1772500,7089.9999998599915,-3488373.9900563657,568883.9138269022,310.9572317937257,112,2:45:49
35.5%,1775000,7099.999999859755,-3486670.3418622594,568656.843916059,310.83311327115325,112,2:45:42
35.5%,1777500,7109.9999998595185,-3489707.3476518225,570441.9058454644,311.8088447036247,112,2:45:34
35.6%,1780000,7119.999999859282,-3487757.821253076,568865.55337142,310.94719579820463,112,2:45:26
35.6%,1782500,7129.999999859046,-3485167.5347191934,569089.5279916252,311.06962240616156,112,2:45:18
35.7%,1785000,7139.999999858809,-3488275.1730346866,569757.4889525173,311.4347360722309,112,2:45:11
35.8%,1787500,7149.999999858573,-3486686.731503295,572107.0733071928,312.71904070633605,112,2:45:03
35.8%,1790000,7159.999999858336,-3487339.3539807927,567990.4254985055,310.4688427736017,112,2:44:55
35.9%,1792500,7169.9999998581,-3487817.7905039787,570119.4063496768,311.6325634834538,112,2:44:47
35.9%,1795000,7179.999999857863,-3486083.550210869,567570.4356850246,310.2392724401693,112,2:44:40
36.0%,1797500,7189.999999857627,-3489602.9752586447,568096.8617735298,310.5270218302415,112,2:44:32
36.0%,1800000,7199.99999985739,-3486560.1250624284,569181.966932406,311.1201503898792,112,2:44:24
36.0%,1802500,7209.999999857154,-3488142.767022386,568311.7651431444,310.6444900083606,112,2:44:16
36.1%,1805000,7219.999999856917,-3490427.2029779367,569310.1248068768,311.1902026745535,112,2:44:09
36.1%,1807500,7229.999999856681,-3486798.392604595,569988.773729553,311.56115847981715,112,2:44:01
36.2%,1810000,7239.999999856444,-3490679.5276649,570047.5297180923,311.59327504895083,112,2:43:53
36.2%,1812500,7249.999999856208,-3490962.9741834067,570017.3827444998,311.5767964331429,112,2:43:45
36.3%,1815000,7259.9999998559715,-3489350.38280306,569640.0133727165,311.37052282905364,112,2:43:38
36.4%,1817500,7269.999999855735,-3491331.3196464125,567821.4540244658,310.376481396276,112,2:43:30
36.4%,1820000,7279.999999855499,-3489643.634284271,568500.0267856382,310.7473955709542,112,2:43:22
36.5%,1822500,7289.999999855262,-3489969.665115373,567925.3386992775,310.4332657245372,112,2:43:14
36.5%,1825000,7299.999999855026,-3490008.2683666106,571079.1256083124,312.1571549452811,112,2:43:07
36.5%,1827500,7309.999999854789,-3489846.3346805666,569992.555426365,311.56322559042366,112,2:42:59
36.6%,1830000,7319.999999854553,-3486997.6945989765,569710.8896723599,311.40926447282527,112,2:42:51
36.6%,1832500,7329.999999854316,-3490969.511116842,570256.93807994,311.70773960478016,112,2:42:43
36.7%,1835000,7339.99999985408,-3485909.6051161475,569113.2046858413,311.0825643071584,112,2:42:36
36.8%,1837500,7349.999999853843,-3490736.7338718567,570415.7462903063,311.794545647773,112,2:42:28
36.8%,1840000,7359.999999853607,-3486219.535113957,569240.097792032,311.151925257742,112,2:42:20
36.9%,1842500,7369.99999985337,-3490309.719732458,569572.2016743731,311.3334563248204,112,2:42:12
36.9%,1845000,7379.999999853134,-3489527.6427828334,568627.7350307424,310.81720208403993,112,2:42:05
37.0%,1847500,7389.999999852897,-3488199.019324716,571734.9048431466,312.51560996672833,112,2:41:57
37.0%,1850000,7399.999999852661,-3489918.8165775575,569029.6007293651,311.03686560793176,112,2:41:49
37.0%,1852500,7409.9999998524245,-3488645.859869359,568388.2407571757,310.68629228939,112,2:41:42
37.1%,1855000,7419.999999852188,-3486570.557994943,570477.9735849777,311.8285596650843,112,2:41:34
37.1%,1857500,7429.9999998519515,-3490300.9454370514,570237.7889600722,311.69727251797974,112,2:41:27
37.2%,1860000,7439.999999851715,-3489843.9444071297,568890.9499151416,310.9610777849173,112,2:41:19
37.2%,1862500,7449.999999851479,-3488178.2423457187,568732.5175063967,310.87447715858156,112,2:41:11
37.3%,1865000,7459.999999851242,-3487580.367676733,569875.7678879276,311.49938843704695,112,2:41:03
37.4%,1867500,7469.999999851006,-3489449.4122869186,568208.1375047825,310.58784617861056,112,2:40:56
37.4%,1870000,7479.999999850769,-3490357.0338819046,569974.4048873279,311.5533043371814,112,2:40:48
37.5%,1872500,7489.999999850533,-3489036.8335496336,566615.3638625932,309.7172213101424,112,2:40:40
37.5%,1875000,7499.999999850296,-3489377.0988661684,568773.8395813787,310.89706418861715,112,2:40:32
37.5%,1877500,7509.99999985006,-3489377.9570100363,569926.1748754306,311.52694136465846,112,2:40:25
37.6%,1880000,7519.999999849823,-3485760.6357416473,567811.9594363321,310.37129156620466,112,2:40:17
37.6%,1882500,7529.999999849587,-3488906.660618782,569559.9325802919,311.3267499240251,112,2:40:09
37.7%,1885000,7539.99999984935,-3490520.338972084,568932.7347421807,310.98391775952587,112,2:40:02
37.8%,1887500,7549.999999849114,-3490704.656156026,569895.2545810533,311.5100400445259,112,2:39:54
37.8%,1890000,7559.999999848877,-3490333.7581018806,567240.4254570117,310.05888578399515,112,2:39:46
37.9%,1892500,7569.999999848641,-3487851.55971591,570325.1903622395,311.7450469362965,112,2:39:39
37.9%,1895000,7579.9999998484045,-3487602.6049260013,569989.0021366082,311.56128332923527,112,2:39:31
38.0%,1897500,7589.999999848168,-3488401.4410236925,569617.0696264971,311.35798156424033,112,2:39:23
38.0%,1900000,7599.999999847932,-3490099.372138256,565909.59949823,309.331443952571,112,2:39:15
38.0%,1902500,7609.999999847695,-3489595.07616036,569966.2825961316,311.54886461736356,112,2:39:08
38.1%,1905000,7619.999999847459,-3489610.0489347167,568167.0713798025,310.56539905322364,112,2:39:00
38.1%,1907500,7629.999999847222,-3486756.853391543,568877.9005085278,310.9539448580432,112,2:38:52
38.2%,1910000,7639.999999846986,-3486566.075203702,569227.2103656416,311.1448808707627,112,2:38:44
38.2%,1912500,7649.999999846749,-3490492.586560104,569200.1680373114,311.1300992828949,112,2:38:37
38.3%,1915000,7659.999999846513,-3489880.186706273,570161.4475712318,311.65554360568655,112,2:38:29
38.4%,1917500,7669.999999846276,-3490632.0474998783,570698.6292676977,311.9491721109814,112,2:38:21
38.4%,1920000,7679.99999984604,-3486422.0238068514,567432.4748061311,310.1638617422152,112,2:38:13
38.5%,1922500,7689.999999845803,-3487972.1739738304,570660.3536556151,311.92825030586596,112,2:38:06
38.5%,1925000,7699.999999845567,-3487635.9360541217,569198.3717517243,311.12911741650686,112,2:37:58
38.5%,1927500,7709.99999984533,-3485322.4408080615,569076.3358463079,311.0624114569861,112,2:37:50
38.6%,1930000,7719.999999845094,-3490280.4524352867,567130.2575167348,309.998666964464,112,2:37:42
38.6%,1932500,7729.9999998448575,-3490287.799520312,567860.2419903202,310.3976832587225,112,2:37:35
38.7%,1935000,7739.999999844621,-3487806.538912868,568527.518850325,310.76242298889224,112,2:37:27
38.8%,1937500,7749.999999844385,-3489805.530343419,569142.9848265002,311.0988424086772,112,2:37:19
38.8%,1940000,7759.999999844148,-3489019.4752576817,567686.559165074,310.3027466130625,112,2:37:12
38.9%,1942500,7769.999999843912,-3489497.299221365,568818.7208426938,310.92159670296456,112,2:37:04
38.9%,1945000,7779.999999843675,-3488070.116546916,568521.5920784168,310.7591833603121,112,2:36:56
39.0%,1947500,7789.999999843439,-3485967.2911518235,570355.199650821,311.7614502921985,112,2:36:48
39.0%,1950000,7799.999999843202,-3487789.4513083007,569323.8161281832,311.1976864779615,112,2:36:40
39.0%,1952500,7809.999999842966,-3490601.7649708483,568090.8175730275,310.52371801410095,112,2:36:33
39.1%,1955000,7819.999999842729,-3489655.7320871577,568924.2055872118,310.9792556441905,112,2:36:25
39.1%,1957500,7829.999999842493,-3490340.0877534393,569119.0213141731,311.0857437302366,112,2:36:17
39.2%,1960000,7839.999999842256,-3488837.5113839824,569629.6053970696,311.3648337328829,112,2:36:10
39.2%,1962500,7849.99999984202,-3490394.0457219686,569008.7964464276,311.0254937936223,112,2:36:02
39.3%,1965000,7859.999999841783,-3490173.3184532467,570019.1834441071,311.5777807122754,112,2:35:54
39.4%,1967500,7869.999999841547,-3487907.434849566,568553.6008142941,310.7766796326792,112,2:35:46
39.4%,1970000,7879.9999998413105,-3488241.52001244,569060.6861869026,311.05385720778185,112,2:35:39
39.5%,1972500,7889.999999841074,-3488381.5997509956,567470.0339815413,310.1843919363904,112,2:35:31
39.5%,1975000,7899.9999998408375,-3487985.7288225424,569933.6920488935,311.53105032150205,112,2:35:23
39.5%,1977500,7909.999999840601,-3492639.257299222,571929.7448652189,312.6221113327077,112,2:35:15
39.6%,1980000,7919.999999840365,-3491571.074397899,566936.3661559934,309.89268414558046,112,2:35:08
39.6%,1982500,7929.999999840128,-3488924.8754508607,568545.6438304563,310.77233027139914,112,2:35:00
39.7%,1985000,7939.999999839892,-3488441.16627877,570794.3115293167,312.0014729239973,112,2:34:52
39.8%,1987500,7949.999999839655,-3492451.000431113,569432.2714580084,311.25696916871095,112,2:34:44
39.8%,1990000,7959.999999839419,-3486905.3200598788,568337.1438905256,310.6583622674283,112,2:34:37
39.9%,1992500,7969.999999839182,-3491427.6652956903,567777.1528084269,310.35226594006474,112,2:34:29
39.9%,1995000,7979.999999838946,-3485818.3126626574,570631.8130639159,311.91264975332297,112,2:34:21
40.0%,1997500,7989.999999838709,-3487090.027060002,568962.6149092426,311.0002505364058,112,2:34:13
40.0%,2000000,7999.999999838473,-3488610.6525052097,569314.2442362407,311.19245439291024,112,2:34:06
40.0%,2002500,8009.999999838236,-3490361.9008127004,568255.9886190079,310.61400204214635,112,2:33:58
40.1%,2005000,8019.999999838,-3486347.5157649536,569371.193390507,311.22358332964615,112,2:33:50
40.1%,2007500,8029.999999837763,-3487460.427106997,567299.8902506537,310.0913897925823,112,2:33:43
40.2%,2010000,8039.999999837527,-3487467.881229764,566783.5031643298,309.809127814357,112,2:33:35
40.2%,2012500,8049.9999998372905,-3490305.1438299455,569539.2618182627,311.31545109348446,112,2:33:27
40.3%,2015000,8059.999999837054,-3489279.633042041,571052.0745320123,312.14236857569165,112,2:33:19
40.4%,2017500,8069.999999836818,-3488729.947654685,569624.2672657189,311.3619158606995,112,2:33:12
40.4%,2020000,8079.999999836581,-3488795.3630931824,567406.3726922369,310.149594084292,112,2:33:04
40.5%,2022500,8089.999999836345,-3489989.0066765975,569788.4605311493,311.4516654248134,112,2:32:56
40.5%,2025000,8099.999999836108,-3487857.3280857354,568655.0329978911,310.83212340646065,112,2:32:48
40.5%,2027500,8109.999999835872,-3485251.204911871,568364.7147615199,310.6734327616261,112,2:32:41
40.6%,2030000,8119.999999835635,-3488508.36060966,568745.7589755678,310.8817150686336,112,2:32:33
40.6%,2032500,8129.999999835399,-3487647.679563975,570721.4194153618,311.96162941739766,112,2:32:25
40.7%,2035000,8139.999999835162,-3490585.01932803,568538.0921334999,310.7682024436933,112,2:32:17
40.8%,2037500,8149.999999834926,-3492023.8336048424,568466.9639243747,310.72932310385886,112,2:32:10
40.8%,2040000,8159.999999834689,-3490817.5449082013,568359.9989709181,310.670855066677,112,2:32:02
40.9%,2042500,8169.999999834453,-3487945.907284992,569829.4689785842,311.4740810231184,112,2:31:54
40.9%,2045000,8179.999999834216,-3487846.287899671,568071.0524813386,310.5129142313812,112,2:31:46
41.0%,2047500,8189.99999983398,-3490013.354713518,569778.8160857501,311.4463936813687,112,2:31:39
41.0%,2050000,8199.999999835562,-3491443.867694827,568130.2336942109,310.54526323208535,112,2:31:31
41.0%,2052500,8209.999999837599,-3485921.8136514537,570778.2320492717,311.9926837308387,112,2:31:23
41.1%,2055000,8219.999999839636,-3488605.7819681615,569177.5592538675,311.11774111184616,112,2:31:16
41.1%,2057500,8229.999999841673,-3486957.398623336,567335.382981166,310.1107904487806,112,2:31:08
41.2%,2060000,8239.99999984371,-3489784.235805461,569236.1081393916,311.149744476548,112,2:31:00
41.2%,2062500,8249.999999845748,-3487248.8904503807,569164.5544176551,311.1106325475675,112,2:30:52
41.3%,2065000,8259.999999847785,-3490251.809999764,568869.1466728041,310.94915993012023,112,2:30:44
41.4%,2067500,8269.999999849822,-3487461.5953428,570320.2722977204,311.74235867654534,112,2:30:37
41.4%,2070000,8279.99999985186,-3490147.68176643,567765.587387332,310.3459441734604,112,2:30:29
41.5%,2072500,8289.999999853897,-3488249.6755322646,567629.592748873,310.2716082407927,112,2:30:21
41.5%,2075000,8299.999999855934,-3487129.1534911282,568362.940737427,310.67246306357754,112,2:30:14
41.5%,2077500,8309.999999857971,-3489966.3192597255,568434.7387277063,310.71170851201254,112,2:30:06
41.6%,2080000,8319.999999860009,-3486482.5032654777,568951.1085550184,310.99396105630166,112,2:29:58
41.6%,2082500,8329.999999862046,-3488366.7255684976,569152.6940325086,311.10414955087253,112,2:29:50
41.7%,2085000,8339.999999864083,-3488680.2857506666,569017.7854073724,311.03040724317526,112,2:29:43
41.8%,2087500,8349.99999986612,-3487684.8702147044,569626.1133240203,311.3629249333155,112,2:29:35
41.8%,2090000,8359.999999868158,-3489083.1092483886,567765.9306635943,310.34613181145414,112,2:29:27
41.9%,2092500,8369.999999870195,-3485436.6794001255,569753.6694603786,311.4326483023478,112,2:29:19
41.9%,2095000,8379.999999872232,-3488617.6435269173,569075.4837430049,311.0619456894053,112,2:29:12
42.0%,2097500,8389.99999987427,-3488561.681786988,570556.1441570746,311.8712884259373,112,2:29:04
42.0%,2100000,8399.999999876307,-3486679.822888339,568393.6123482106,310.68922845094767,112,2:28:56
42.0%,2102500,8409.999999878344,-3487848.1089528296,568779.6676633682,310.90024987237103,112,2:28:48
42.1%,2105000,8419.999999880381,-3487995.8761840686,569181.3300995196,311.1198022911079,112,2:28:41
42.1%,2107500,8429.999999882419,-3488606.441053087,571861.6976277016,312.584916080574,112,2:28:33
42.2%,2110000,8439.999999884456,-3487526.323709417,569362.3628473679,311.2187564727373,112,2:28:25
42.2%,2112500,8449.999999886493,-3491000.951807063,569387.0787405766,311.232266409557,112,2:28:17
42.3%,2115000,8459.99999988853,-3490322.9673093166,570039.663471428,311.58897528545276,112,2:28:10
42.4%,2117500,8469.999999890568,-3488897.2200229242,569980.4626880216,311.5566155873128,112,2:28:02
42.4%,2120000,8479.999999892605,-3488969.6785141397,569658.0454231723,311.38037931533677,112,2:27:54
42.5%,2122500,8489.999999894642,-3488523.762172105,569749.6343451858,311.43044267090033,112,2:27:46
42.5%,2125000,8499.99999989668,-3490912.49841745,570520.7346966553,311.8519332859453,112,2:27:39
42.5%,2127500,8509.999999898717,-3486055.042936627,569105.1201704593,311.07814523595164,112,2:27:31
42.6%,2130000,8519.999999900754,-3487438.3814528733,568887.9146736129,310.9594186937026,112,2:27:23
42.6%,2132500,8529.999999902791,-3488190.673152067,566743.1810499728,309.78708737208785,112,2:27:16
42.7%,2135000,8539.999999904829,-3492299.261523744,570217.5504635031,311.6862099677549,112,2:27:08
42.8%,2137500,8549.999999906866,-3484987.149525022,570404.4972026097,311.78839679194266,112,2:27:01
42.8%,2140000,8559.999999908903,-3490855.8332348857,568496.547791199,310.7454939202765,112,2:26:53
42.9%,2142500,8569.99999991094,-3491649.1151077114,569648.0438188235,311.3749123454925,112,2:26:45
42.9%,2145000,8579.999999912978,-3488667.4369315766,567120.380971102,309.99326835287553,112,2:26:38
43.0%,2147500,8589.999999915015,-3488347.4069435354,570300.3099250473,311.73144705820704,112,2:26:30
43.0%,2150000,8599.999999917052,-3490750.406235473,567406.9333137298,310.1499005252077,112,2:26:23
43.0%,2152500,8609.99999991909,-3489390.445575053,567931.264110811,310.4365046095239,112,2:26:15
43.1%,2155000,8619.999999921127,-3488508.2056706958,569405.5044350869,311.24233806533687,112,2:26:08
43.1%,2157500,8629.999999923164,-3486998.954577757,566528.3619882944,309.6696652774699,112,2:26:00
43.2%,2160000,8639.999999925201,-3489321.5267100576,567684.3445256532,310.3015360705828,112,2:25:52
43.2%,2162500,8649.999999927239,-3488443.2378266416,570714.4835436197,311.9578382054745,112,2:25:44
43.3%,2165000,8659.999999929276,-3492359.3738554213,568068.0866117789,310.5112930595293,112,2:25:37
43.4%,2167500,8669.999999931313,-3485606.7808598764,571619.1569995517,312.4523411202105,112,2:25:29
43.4%,2170000,8679.99999993335,-3492681.867373882,570673.0709230376,311.9352016823728,112,2:25:22
43.5%,2172500,8689.999999935388,-3489044.619729921,570654.6276714078,311.9251204297082,112,2:25:14
43.5%,2175000,8699.999999937425,-3491033.294441251,567008.9308915229,309.9323487040917,112,2:25:06
43.5%,2177500,8709.999999939462,-3489838.9969847593,569907.7273106917,311.5168577544084,112,2:24:58
43.6%,2180000,8719.9999999415,-3489465.648398921,571352.2490748394,312.3064467691926,112,2:24:51
43.6%,2182500,8729.999999943537,-3491793.5037430245,569426.5984507862,311.2538682502653,112,2:24:43
43.7%,2185000,8739.999999945574,-3488448.498151405,569129.8525580392,311.09166418874776,112,2:24:35
43.8%,2187500,8749.999999947611,-3487762.5582918637,570350.8068854953,311.759049165866,112,2:24:27
43.8%,2190000,8759.999999949649,-3490222.6770480257,568897.5224013963,310.9646703669575,112,2:24:20
43.9%,2192500,8769.999999951686,-3490087.789452005,570708.7463233795,311.95470218759675,112,2:24:12
43.9%,2195000,8779.999999953723,-3491727.3063110914,568048.8877631959,310.5007987905512,112,2:24:04
44.0%,2197500,8789.99999995576,-3487355.998608591,567978.8322073903,310.4625057729854,112,2:23:56
44.0%,2200000,8799.999999957798,-3487695.6931736358,567891.9599609656,310.415020596113,112,2:23:49
44.0%,2202500,8809.999999959835,-3489514.151418643,568480.124839283,310.73651698220255,112,2:23:41
44.1%,2205000,8819.999999961872,-3490136.245419115,568866.2847874204,310.94759559698474,112,2:23:33
44.1%,2207500,8829.99999996391,-3489029.2640484795,569143.8353053629,311.0993072883239,112,2:23:25
44.2%,2210000,8839.999999965947,-3489083.443746891,570210.4366900879,311.6823215131247,112,2:23:18
44.2%,2212500,8849.999999967984,-3488623.4908544477,570381.7620391434,311.77596954039973,112,2:23:10
44.3%,2215000,8859.999999970021,-3487874.2086632494,567512.0910486439,310.2073807199466,112,2:23:02
44.4%,2217500,8869.999999972059,-3489041.710902145,568115.8000588093,310.53737367289744,112,2:22:54
44.4%,2220000,8879.999999974096,-3487314.2459144425,570867.8058682757,312.04164561237843,112,2:22:47
44.5%,2222500,8889.999999976133,-3487331.891402608,571002.0685593348,312.11503484650893,112,2:22:39
44.5%,2225000,8899.99999997817,-3486538.1926420685,568630.0710470695,310.8184789722642,112,2:22:31
44.5%,2227500,8909.999999980208,-3487455.776614396,567402.1844074016,310.14730472889505,112,2:22:23
44.6%,2230000,8919.999999982245,-3493729.4235191904,568512.2160217513,310.7540583206423,112,2:22:16
44.6%,2232500,8929.999999984282,-3491581.037273789,568508.6193991095,310.7520923732964,112,2:22:08
44.7%,2235000,8939.99999998632,-3485800.626239475,570891.801611139,312.05476190832957,112,2:22:00
44.8%,2237500,8949.999999988357,-3488311.636058448,570025.8246269467,311.58141084450705,112,2:21:52
44.8%,2240000,8959.999999990394,-3491179.81916425,568888.6596595051,310.9598259099117,112,2:21:45
44.9%,2242500,8969.999999992431,-3489705.9125088453,570257.8743538834,311.70825138081494,112,2:21:37
44.9%,2245000,8979.999999994468,-3490488.576130692,569122.5815888025,311.0876898094212,112,2:21:29
45.0%,2247500,8989.999999996506,-3490921.7624093685,568468.0414459329,310.729912087152,112,2:21:21
45.0%,2250000,8999.999999998543,-3490732.5598165,569749.3355518779,311.43027934770254,112,2:21:14
45.0%,2252500,9010.00000000058,-3491088.4849261586,568382.4194857514,310.6831103283543,112,2:21:06
45.1%,2255000,9020.000000002618,-3490464.4455349483,568477.0645731898,310.73484421232854,112,2:20:58
45.1%,2257500,9030.000000004655,-3487840.07998701,570573.0091179172,311.8805069701964,112,2:20:51
45.2%,2260000,9040.000000006692,-3489608.702543473,570245.9526974033,311.7017348926398,112,2:20:43
45.2%,2262500,9050.00000000873,-3490084.3113124445,568247.0823647815,310.60913380085395,112,2:20:35
45.3%,2265000,9060.000000010767,-3486700.0192103554,569312.7870985903,311.1916579079347,112,2:20:28
45.4%,2267500,9070.000000012804,-3490407.839948686,569367.8456687217,311.22175343382054,112,2:20:20
45.4%,2270000,9080.000000014841,-3489566.8017646894,568666.0828234591,310.8381633437605,112,2:20:12
45.5%,2272500,9090.000000016878,-3492494.6936082114,571007.7503061129,312.1181405420769,112,2:20:04
45.5%,2275000,9100.000000018916,-3486492.6703395247,569034.3297211493,311.0394505187697,112,2:19:57
45.5%,2277500,9110.000000020953,-3489258.0280751195,569339.9228267532,311.2064905490188,112,2:19:49
45.6%,2280000,9120.00000002299,-3490004.578920733,567420.7163728932,310.15743447338053,112,2:19:41
45.6%,2282500,9130.000000025027,-3486978.3407023735,570232.0256801138,311.694122255618,112,2:19:33
45.7%,2285000,9140.000000027065,-3486854.467206862,569154.9057070483,311.10535847272064,112,2:19:26
45.8%,2287500,9150.000000029102,-3490605.5545813143,568883.6623715085,310.9570943458718,112,2:19:18
45.8%,2290000,9160.00000003114,-3489975.141297182,571371.3776262423,312.31690261307904,112,2:19:10
45.9%,2292500,9170.000000033177,-3489708.6120032202,567344.0054493791,310.115503570002,112,2:19:02
45.9%,2295000,9180.000000035214,-3492656.793946147,569898.1731332683,311.5116353522777,112,2:18:55
46.0%,2297500,9190.000000037251,-3489176.5832284987,567479.4365391951,310.1895314617465,112,2:18:47
46.0%,2300000,9200.000000039288,-3488788.838726798,569785.2793769767,311.4499265763922,112,2:18:39
46.0%,2302500,9210.000000041326,-3489276.8857416734,567752.5927292369,310.3388411726352,112,2:18:32
46.1%,2305000,9220.000000043363,-3491033.6702032182,570773.9940823964,311.9903672187772,112,2:18:24
46.1%,2307500,9230.0000000454,-3487753.2676187586,569842.3646712995,311.4811299285477,112,2:18:16
46.2%,2310000,9240.000000047437,-3489186.6201460157,568969.9665145841,311.00426899217626,112,2:18:08
46.2%,2312500,9250.000000049475,-3486342.910017373,568089.8848211854,310.5232081632795,112,2:18:01
46.3%,2315000,9260.000000051512,-3489795.8592725024,567038.976718652,309.9487720323032,112,2:17:53
46.4%,2317500,9270.00000005355,-3492533.4140445795,569775.5628012681,311.44461540585036,112,2:17:45
46.4%,2320000,9280.000000055586,-3488957.4809663966,568117.219381166,310.53814948768206,112,2:17:38
46.5%,2322500,9290.000000057624,-3491105.515698869,570209.2150349931,311.68165374510164,112,2:17:30
46.5%,2325000,9300.000000059661,-3487082.868204452,570141.9021699937,311.644859907808,112,2:17:22
46.5%,2327500,9310.000000061698,-3488805.3831344843,568513.2951792388,310.75464819814954,112,2:17:14
46.6%,2330000,9320.000000063736,-3490347.2856766228,568168.9150403561,310.56640681520844,112,2:17:07
46.6%,2332500,9330.000000065773,-3490630.4954133406,567666.2297121754,310.29163434526316,112,2:16:59
46.7%,2335000,9340.00000006781,-3487458.1039736867,568021.3189209237,310.4857294052718,112,2:16:51
46.8%,2337500,9350.000000069847,-3488992.9295255076,567426.4442511459,310.16056538484105,112,2:16:43
46.8%,2340000,9360.000000071885,-3491920.3283832073,568934.6478171744,310.9849634640885,112,2:16:36
46.9%,2342500,9370.000000073922,-3491005.979388742,569624.8395993344,311.3622287035703,112,2:16:28
46.9%,2345000,9380.00000007596,-3486969.5029224306,569652.7562996759,311.3774882313017,112,2:16:20
47.0%,2347500,9390.000000077996,-3487720.5854720417,568665.3339976445,310.83775402861426,112,2:16:12
47.0%,2350000,9400.000000080034,-3489302.588795509,571000.3452951636,312.11409289430514,112,2:16:05
47.0%,2352500,9410.000000082071,-3489193.8126941677,568340.5361123828,310.66021648740656,112,2:15:57
47.1%,2355000,9420.000000084108,-3485741.6767785326,569522.7774058144,311.3064405605126,112,2:15:49
47.1%,2357500,9430.000000086146,-3491633.919639021,569831.3898731023,311.47513100190565,112,2:15:42
47.2%,2360000,9440.000000088183,-3490012.647535516,568399.92543329,310.69267924189575,112,2:15:34
47.2%,2362500,9450.00000009022,-3489907.4947163183,569201.3252456462,311.1307318237202,112,2:15:26
47.3%,2365000,9460.000000092257,-3486637.5497765597,569993.0747472392,311.5635094560376,112,2:15:18
47.4%,2367500,9470.000000094295,-3491601.223300457,566344.6413525201,309.5692418713316,112,2:15:11
47.4%,2370000,9480.000000096332,-3486904.9301042277,570524.767181545,311.85413747964475,112,2:15:03
47.5%,2372500,9490.00000009837,-3489279.891057372,570218.9880171572,311.686995747936,112,2:14:55
47.5%,2375000,9500.000000100406,-3487209.094942689,566611.4084909428,309.715059267256,112,2:14:47
47.5%,2377500,9510.000000102444,-3487085.654294856,567647.8511319055,310.2815884425646,112,2:14:40
47.6%,2380000,9520.000000104481,-3487452.2875404954,570535.9605989892,311.86025590559797,112,2:14:32
47.6%,2382500,9530.000000106518,-3492281.1268747654,570222.7867287549,311.68907215898247,112,2:14:24
47.7%,2385000,9540.000000108555,-3488272.704320455,566680.7587649412,309.7529667712344,112,2:14:16
47.8%,2387500,9550.000000110593,-3488490.217720883,567946.8143564942,310.4450045182642,112,2:14:09
47.8%,2390000,9560.00000011263,-3489566.4498148,568076.7067623255,310.5160049138926,112,2:14:01
47.9%,2392500,9570.000000114667,-3489586.5014887173,569905.0921845171,311.515417369963,112,2:13:53
47.9%,2395000,9580.000000116705,-3490623.078135481,567338.5950976762,310.1125462215031,112,2:13:45
48.0%,2397500,9590.000000118742,-3488242.396727208,569256.2814575076,311.1607713996248,112,2:13:38
48.0%,2400000,9600.000000120779,-3487897.248008482,568533.7832556128,310.76584717101406,112,2:13:30
48.0%,2402500,9610.000000122816,-3488552.290031137,568833.6119588371,310.9297363253756,112,2:13:22
48.1%,2405000,9620.000000124854,-3492981.925836865,567508.4216408958,310.2053749875855,112,2:13:14
48.1%,2407500,9630.00000012689,-3489215.487797171,568270.0641771466,310.62169587297615,112,2:13:07
48.2%,2410000,9640.000000128928,-3486438.6929024886,567937.3423498266,310.439827031432,112,2:12:59
48.2%,2412500,9650.000000130965,-3487079.556018837,569749.5815028365,311.43041378678134,112,2:12:51
48.3%,2415000,9660.000000133003,-3487908.9966579843,569792.7091235218,311.4539877448704,112,2:12:44
48.4%,2417500,9670.00000013504,-3492523.216063084,572643.1908259641,313.01208752221766,112,2:12:36
48.4%,2420000,9680.000000137077,-3491863.966416644,570976.3119164512,312.10095602624926,112,2:12:28
48.5%,2422500,9690.000000139114,-3490610.827543324,570858.5363073414,312.03657878426463,112,2:12:20
48.5%,2425000,9700.000000141152,-3488873.0430793557,568875.6524456037,310.95271604596616,112,2:12:13
48.5%,2427500,9710.000000143189,-3490068.4139818475,569038.4459786674,311.0417005033659,112,2:12:05
48.6%,2430000,9720.000000145226,-3489807.292445462,568327.9695657715,310.6533474962952,112,2:11:57
48.6%,2432500,9730.000000147264,-3491411.599968547,569845.3079402094,311.4827387466746,112,2:11:49
48.7%,2435000,9740.0000001493,-3490167.988729695,569039.8619270609,311.04247447391094,112,2:11:42
48.8%,2437500,9750.000000151338,-3489157.787000045,568283.5311962822,310.629057070734,112,2:11:34
48.8%,2440000,9760.000000153375,-3494335.043332016,567717.4249871813,310.3196181581462,112,2:11:26
48.9%,2442500,9770.000000155413,-3488084.9573271275,571120.974208538,312.1800297789058,112,2:11:19
48.9%,2445000,9780.00000015745,-3488303.0871497,570023.9180742323,311.5803687050829,112,2:11:11
49.0%,2447500,9790.000000159487,-3489713.2058583032,570001.3706771568,311.5680440883934,112,2:11:03
49.0%,2450000,9800.000000161524,-3485577.5287052225,568113.5104703346,310.53612216256863,112,2:10:55
49.0%,2452500,9810.000000163562,-3485820.2831606064,568547.42104447,310.773301713088,112,2:10:48
49.1%,2455000,9820.000000165599,-3489815.115986826,569422.0500425837,311.25138204809065,112,2:10:40
49.1%,2457500,9830.000000167636,-3490284.835208459,568433.266962098,310.7109040312595,112,2:10:32
49.2%,2460000,9840.000000169674,-3488963.568790585,569315.2485644562,311.19300336804224,112,2:10:24
49.2%,2462500,9850.00000017171,-3488179.6589260623,570570.5487947117,311.87916213467776,112,2:10:17
49.3%,2465000,9860.000000173748,-3489198.7439604234,570177.155598654,311.664129759391,112,2:10:09
49.4%,2467500,9870.000000175785,-3485680.1938050725,568461.5817759533,310.7263811715357,112,2:10:01
49.4%,2470000,9880.000000177823,-3489909.653144177,568801.3744067994,310.91211497996954,112,2:09:53
49.5%,2472500,9890.00000017986,-3491359.445730919,570181.1098082167,311.66629116706963,112,2:09:46
49.5%,2475000,9900.000000181897,-3485891.4384005982,568688.8499055991,310.85060804234706,112,2:09:38
49.5%,2477500,9910.000000183934,-3487534.0111333653,570676.4791867733,311.9370646709909,112,2:09:30
49.6%,2480000,9920.000000185972,-3487195.535372384,571018.9726274271,312.12427476715396,112,2:09:22
49.6%,2482500,9930.000000188009,-3487654.418920094,568201.3813401709,310.58415319627426,112,2:09:15
49.7%,2485000,9940.000000190046,-3489426.1455153506,569112.7110703255,311.0822944923321,112,2:09:07
49.8%,2487500,9950.000000192083,-3488315.137941243,570325.1484021888,311.74502400054297,112,2:08:59
49.8%,2490000,9960.00000019412,-3488098.4975421745,568264.7690769862,310.61880152204105,112,2:08:51
49.9%,2492500,9970.000000196158,-3490965.1827501655,567684.5561164957,310.30165172810285,112,2:08:44
49.9%,2495000,9980.000000198195,-3490159.852906838,570542.4654898138,311.86381153934815,112,2:08:36
50.0%,2497500,9990.000000200233,-3490693.4961207863,568853.8653176955,310.94080699946574,112,2:08:28
50.0%,2500000,10000.00000020227,-3488082.1721192654,570505.3615141432,311.84353016157905,112,2:08:21
50.0%,2502500,10010.000000204307,-3488701.647839701,567377.4633263296,310.13379195634116,112,2:08:13
50.1%,2505000,10020.000000206344,-3485598.5722975824,568140.3476507653,310.55079161468893,112,2:08:05
50.1%,2507500,10030.000000208382,-3489323.98046677,570464.7693191655,311.8213420907339,112,2:07:58
50.2%,2510000,10040.000000210419,-3490869.746783413,569548.8589841523,311.32069699351,112,2:07:50
50.2%,2512500,10050.000000212456,-3489623.646073865,569584.020344954,311.3399165199463,112,2:07:42
50.3%,2515000,10060.000000214493,-3488614.0929178,569624.3758312336,311.36197520361833,112,2:07:34
50.4%,2517500,10070.00000021653,-3488408.0310710035,570495.6620480884,311.8382283433329,112,2:07:27
50.4%,2520000,10080.000000218568,-3489631.177424183,567588.8385582535,310.24933162162483,112,2:07:19
50.5%,2522500,10090.000000220605,-3489427.0197694283,568817.0907282955,310.9207056672919,112,2:07:11
50.5%,2525000,10100.000000222642,-3490125.37632031,568981.8269596463,311.0107520216217,112,2:07:03
50.5%,2527500,10110.00000022468,-3485832.4864060096,568720.0851814575,310.867681534283,112,2:06:56
50.6%,2530000,10120.000000226717,-3488964.084790537,570967.5026417312,312.09614079485584,112,2:06:48
50.6%,2532500,10130.000000228754,-3490290.257439317,569135.890628275,311.09496465402765,112,2:06:40
50.7%,2535000,10140.000000230792,-3489309.3281330187,568303.357643655,310.63989439104046,112,2:06:33
50.8%,2537500,10150.000000232829,-3490347.670959575,567583.3855280743,310.2463509446745,112,2:06:25
50.8%,2540000,10160.000000234866,-3488370.5470682085,570150.3324285636,311.64946796545297,112,2:06:17
50.9%,2542500,10170.000000236903,-3490061.649462348,567881.6383358047,310.40937869992,112,2:06:09
50.9%,2545000,10180.00000023894,-3487814.468714893,568401.3244791026,310.693443973333,112,2:06:02
51.0%,2547500,10190.000000240978,-3487872.00290763,568354.4017577212,310.6677955779498,112,2:05:54
51.0%,2550000,10200.000000243015,-3486987.3916758485,570679.5818604397,311.9387606212384,112,2:05:46
51.0%,2552500,10210.000000245052,-3488237.9290161952,570524.8991984003,311.85420964128417,112,2:05:39
51.1%,2555000,10220.00000024709,-3490528.912746763,569004.5885230245,311.0231937036017,112,2:05:31
51.1%,2557500,10230.000000249127,-3487283.409975359,569376.4477145066,311.22645539195304,112,2:05:23
51.2%,2560000,10240.000000251164,-3489039.162038969,570805.7433615229,312.00772166967414,112,2:05:15
51.2%,2562500,10250.000000253202,-3489198.826773621,569846.783347002,311.48354521773285,112,2:05:08
51.3%,2565000,10260.000000255239,-3489173.0089378767,569435.7650258621,311.2588787853523,112,2:05:00
51.4%,2567500,10270.000000257276,-3485616.209373452,566916.0324045572,309.88156952816047,112,2:04:52
51.4%,2570000,10280.000000259313,-3488690.914822478,569298.8938317574,311.18406371922606,112,2:04:45
51.5%,2572500,10290.00000026135,-3486967.834684795,569289.4151324215,311.17888257411926,112,2:04:37
51.5%,2575000,10300.000000263388,-3491529.8011596706,568989.449243089,311.0149184325566,112,2:04:29
51.5%,2577500,10310.000000265425,-3488166.4229896255,569210.9197028789,311.1359762431688,112,2:04:21
51.6%,2580000,10320.000000267462,-3485614.122247327,570300.6253526087,311.7316194738422,112,2:04:14
51.6%,2582500,10330.0000002695,-3490751.538287513,570312.4694688253,311.7380935777889,112,2:04:06
51.7%,2585000,10340.000000271537,-3490217.014915688,569345.8674284501,311.2097399235271,112,2:03:58
51.8%,2587500,10350.000000273574,-3488320.101911463,568845.6632143934,310.9363236536096,112,2:03:51
51.8%,2590000,10360.000000275611,-3487277.164590573,569171.6580119713,311.11451543820766,112,2:03:43
51.9%,2592500,10370.000000277649,-3488184.656826975,570066.2864046963,311.60352762808384,112,2:03:35
51.9%,2595000,10380.000000279686,-3490837.217092322,568477.5346855258,310.7351011800984,112,2:03:27
52.0%,2597500,10390.000000281723,-3491618.8122537825,569463.092577325,311.2738162788339,112,2:03:20
52.0%,2600000,10400.00000028376,-3488468.021497812,566653.7475699498,309.7382022011388,112,2:03:12
52.0%,2602500,10410.000000285798,-3489159.6800953913,569885.0088816427,311.5044396500534,112,2:03:04
52.1%,2605000,10420.000000287835,-3489189.4811430965,568889.4568639941,310.96026166929073,112,2:02:56
52.1%,2607500,10430.000000289872,-3487441.7819511965,567682.9878013819,310.3007944724931,112,2:02:49
52.2%,2610000,10440.00000029191,-3487925.159534201,567835.6556302294,310.3842441259084,112,2:02:41
52.2%,2612500,10450.000000293947,-3486399.075733589,568994.3240917381,311.01758307011187,112,2:02:33
52.3%,2615000,10460.000000295984,-3486385.1923069768,567631.4019339643,310.2725971581695,112,2:02:26
52.4%,2617500,10470.000000298021,-3493065.4689757545,571254.6821198874,312.2531157652935,112,2:02:18
52.4%,2620000,10480.000000300059,-3488566.992939528,569533.5519828743,311.3123300444211,112,2:02:10
52.5%,2622500,10490.000000302096,-3487426.488706669,567719.7761046239,310.32090330078046,112,2:02:02
52.5%,2625000,10500.000000304133,-3487866.520102497,568739.1013844253,310.8780759674712,112,2:01:55
52.5%,2627500,10510.00000030617,-3487294.420063548,568599.889372722,310.80198138870117,112,2:01:47
52.6%,2630000,10520.000000308208,-3487353.4465016853,570641.1974109912,311.9177793246077,112,2:01:39
52.6%,2632500,10530.000000310245,-3488331.344227841,568736.5124908059,310.87666085417,112,2:01:32
52.7%,2635000,10540.000000312282,-3487391.0598414056,569227.4286928338,311.14500021043403,112,2:01:24
52.8%,2637500,10550.00000031432,-3490559.9387474023,570714.8630117258,311.9580456262662,112,2:01:16
52.8%,2640000,10560.000000316357,-3489384.8023160044,570011.9001231858,311.57379958140336,112,2:01:08
52.9%,2642500,10570.000000318394,-3487165.2245535124,569170.6791215924,311.1139803676334,112,2:01:01
52.9%,2645000,10580.000000320431,-3491931.601061672,568109.0892892989,310.53370550394516,112,2:00:53
53.0%,2647500,10590.000000322469,-3488207.7019199245,570525.8454686719,311.8547268814047,112,2:00:45
53.0%,2650000,10600.000000324506,-3488596.6449652743,570396.2356912318,311.7838809730804,112,2:00:38
53.0%,2652500,10610.000000326543,-3488360.539985465,567760.4678947172,310.343145811241,112,2:00:30
53.1%,2655000,10620.00000032858,-3487812.0899800174,570680.5719011747,311.93930178670087,112,2:00:22
53.1%,2657500,10630.000000330618,-3485084.971929664,568167.5743977141,310.5656740074868,112,2:00:14
53.2%,2660000,10640.000000332655,-3489999.8679433856,568520.079998122,310.75835684317684,112,2:00:07
53.2%,2662500,10650.000000334692,-3491019.742432002,568382.7954002374,310.68331580670434,112,1:59:59
53.3%,2665000,10660.00000033673,-3489770.528633889,568531.6118535611,310.7646602624819,112,1:59:51
53.4%,2667500,10670.000000338767,-3489988.000210859,570716.2886975284,311.9588249193695,112,1:59:43
53.4%,2670000,10680.000000340804,-3493212.0109897237,569417.3963682984,311.24883830649725,112,1:59:36
53.5%,2672500,10690.000000342841,-3491647.952375481,572077.2454560807,312.70273652584024,112,1:59:28
53.5%,2675000,10700.000000344879,-3489802.0567920636,568886.1271229086,310.95844160188267,112,1:59:20
53.5%,2677500,10710.000000346916,-3488507.485172188,567793.097072023,310.36098122265645,112,1:59:13
53.6%,2680000,10720.000000348953,-3489458.5534220636,571926.9593080506,312.6205887212838,112,1:59:05
53.6%,2682500,10730.00000035099,-3490209.816995049,568269.9843331549,310.6216522295086,112,1:58:57
53.7%,2685000,10740.000000353028,-3491735.425637899,569851.6004004108,311.4861782638729,112,1:58:49
53.8%,2687500,10750.000000355065,-3488400.0174149293,569860.199185724,311.4908784398012,112,1:58:42
53.8%,2690000,10760.000000357102,-3491058.699737115,570364.3714292346,311.76646367147816,112,1:58:34
53.9%,2692500,10770.00000035914,-3491512.3924425244,570225.4034335141,311.690502474111,112,1:58:26
53.9%,2695000,10780.000000361177,-3490225.431028744,569013.7381298251,311.0281949636718,112,1:58:19
54.0%,2697500,10790.000000363214,-3491245.4956889823,570488.3192615442,311.83421470799897,112,1:58:11
54.0%,2700000,10800.000000365251,-3488859.215598054,567497.0508021441,310.19915958149744,112,1:58:03
54.0%,2702500,10810.000000367289,-3487917.2577598207,569134.6014800835,311.094259993651,112,1:57:55
54.1%,2705000,10820.000000369326,-3488504.081440367,569239.0489238778,311.1513519366657,112,1:57:48
54.1%,2707500,10830.000000371363,-3488536.9666377883,569686.2242323607,311.3957821141987,112,1:57:40
54.2%,2710000,10840.0000003734,-3489849.4621078502,568714.2231193788,310.86447727669673,112,1:57:32
54.2%,2712500,10850.000000375438,-3487812.9977993723,568851.1144796468,310.93930336583514,112,1:57:24
54.3%,2715000,10860.000000377475,-3489532.3688039985,569454.9579800871,311.26936983241956,112,1:57:17
54.4%,2717500,10870.000000379512,-3485401.0151892435,569524.3926475226,311.3073234666347,112,1:57:09
54.4%,2720000,10880.00000038155,-3488021.170001682,571649.6528458374,312.4690104330734,112,1:57:01
54.5%,2722500,10890.000000383587,-3485790.4195052627,567927.3870368307,310.4343853648712,112,1:56:54
54.5%,2725000,10900.000000385624,-3489059.2509385627,569974.6922921794,311.553461435343,112,1:56:46
54.5%,2727500,10910.000000387661,-3487247.8996918313,568616.188222664,310.81089049148324,112,1:56:38
54.6%,2730000,10920.000000389698,-3489810.8106673155,567714.0012044557,310.3177466867041,112,1:56:30
54.6%,2732500,10930.000000391736,-3491565.154527301,568006.6236957372,310.4776968586774,112,1:56:23
54.7%,2735000,10940.000000393773,-3489330.679875696,569122.0956493921,311.0874241904255,112,1:56:15
54.8%,2737500,10950.00000039581,-3489379.6339428313,569022.1282611422,311.0327810873876,112,1:56:07
54.8%,2740000,10960.000000397848,-3489079.106766872,570371.5280299443,311.7703755359054,112,1:56:00
54.9%,2742500,10970.000000399885,-3485979.2591971196,570489.2017085381,311.83469706172315,112,1:55:52
54.9%,2745000,10980.000000401922,-3489243.6508396547,569628.0907268388,311.36400580006466,112,1:55:44
55.0%,2747500,10990.00000040396,-3491814.3378753066,570134.7933227909,311.6409741458912,112,1:55:36
55.0%,2750000,11000.000000405997,-3485000.9255898744,569841.9584060491,311.4809078601879,112,1:55:29
55.0%,2752500,11010.000000408034,-3491143.1452545486,570351.6205281073,311.7594939104758,112,1:55:21
55.1%,2755000,11020.000000410071,-3484727.7794138957,567787.3937967706,310.35786375942445,112,1:55:13
55.1%,2757500,11030.000000412108,-3489540.0192211233,569085.933624082,311.06765769147347,112,1:55:06
55.2%,2760000,11040.000000414146,-3484561.27087049,569292.7039829476,311.1806802903677,112,1:54:58
55.2%,2762500,11050.000000416183,-3487626.071406642,567997.8308767804,310.4728906221571,112,1:54:50
55.3%,2765000,11060.00000041822,-3486902.6390377562,570399.5663454222,311.78570153960004,112,1:54:42
55.4%,2767500,11070.000000420257,-3490727.043920357,570841.5457106588,312.0272915662883,112,1:54:35
55.4%,2770000,11080.000000422295,-3489233.8987600077,569621.9061402439,311.36062524758177,112,1:54:27
55.5%,2772500,11090.000000424332,-3491036.6023837607,565951.2541919991,309.35421279512536,112,1:54:19
55.5%,2775000,11100.00000042637,-3488406.7887852117,571274.3814071675,312.2638835787121,112,1:54:12
55.5%,2777500,11110.000000428407,-3486439.676992491,569017.5795775538,311.0302947346844,112,1:54:04
55.6%,2780000,11120.000000430444,-3487111.3829780873,569762.9085948649,311.4376984990825,112,1:53:56
55.6%,2782500,11130.000000432481,-3489402.507876819,569656.5862284205,311.3795817059306,112,1:53:48
55.7%,2785000,11140.000000434518,-3492484.3459314927,568236.7592622088,310.60349109709404,112,1:53:41
55.8%,2787500,11150.000000436556,-3490088.235509975,567148.9377990937,310.0088777803269,112,1:53:33
55.8%,2790000,11160.000000438593,-3493026.0363771245,567038.9030653229,309.9487317727093,112,1:53:25
55.9%,2792500,11170.00000044063,-3489382.450895181,570765.5559794545,311.9857548733256,112,1:53:18
55.9%,2795000,11180.000000442667,-3488926.8511941433,570049.1488516849,311.5941600824131,112,1:53:10
56.0%,2797500,11190.000000444705,-3491456.599073166,568051.6905170453,310.5023308018407,112,1:53:02
56.0%,2800000,11200.000000446742,-3491557.6059834324,568294.9194807842,310.63528201283117,112,1:52:54
56.0%,2802500,11210.00000044878,-3488040.687044518,568541.1456831075,310.769871542274,112,1:52:47
56.1%,2805000,11220.000000450817,-3487987.5426984467,569104.8507992922,311.0779979951694,112,1:52:39
56.1%,2807500,11230.000000452854,-3487380.541865904,568150.8238908688,310.55651802484573,112,1:52:31
56.2%,2810000,11240.000000454891,-3489013.1665395387,572280.7623077065,312.8139807274547,112,1:52:24
56.2%,2812500,11250.000000456928,-3487673.2504520267,568050.613508165,310.50174209878213,112,1:52:16
56.3%,2815000,11260.000000458966,-3487026.9549355023,568510.3545270405,310.7530408103415,112,1:52:08
56.4%,2817500,11270.000000461003,-3489310.397351058,569296.3716893371,311.1826850927504,112,1:52:00
56.4%,2820000,11280.00000046304,-3486829.5644683316,568497.5231684139,310.74602707052276,112,1:51:53
56.5%,2822500,11290.000000465077,-3488826.216707455,569427.8764809058,311.25456683340065,112,1:51:45
56.5%,2825000,11300.000000467115,-3488698.4542368203,569115.8631101886,311.08401742660135,112,1:51:37
56.5%,2827500,11310.000000469152,-3490026.25563873,569263.0191814299,311.16445430210905,112,1:51:29
56.6%,2830000,11320.00000047119,-3486245.803977184,569369.3459679125,311.22257351129485,112,1:51:22
56.6%,2832500,11330.000000473226,-3490935.361415034,568022.2325057641,310.486228779232,112,1:51:14
56.7%,2835000,11340.000000475264,-3489290.5805916097,567891.4632270896,310.41474907676206,112,1:51:06
56.8%,2837500,11350.000000477301,-3489846.647929691,569228.3575045047,311.14550790752133,112,1:50:59
56.8%,2840000,11360.000000479338,-3489210.782564437,569582.4319377015,311.33904828178703,112,1:50:51
56.9%,2842500,11370.000000481376,-3487490.641779937,569893.6220611812,311.509147693999,112,1:50:43
56.9%,2845000,11380.000000483413,-3488195.998700697,566680.4083499818,309.75277523116245,112,1:50:36
57.0%,2847500,11390.00000048545,-3490288.317829728,569370.2225045569,311.22305263436704,112,1:50:28
57.0%,2850000,11400.000000487487,-3489816.8800406363,568879.0466378168,310.95457134295924,112,1:50:20
57.0%,2852500,11410.000000489525,-3492884.687882174,570560.7894753946,311.87382760008245,112,1:50:12
57.1%,2855000,11420.000000491562,-3489107.4777963925,571883.1735806135,312.5966550359308,112,1:50:05
57.1%,2857500,11430.0000004936,-3485990.441067772,569273.4819667798,311.17017335777257,112,1:49:57
57.2%,2860000,11440.000000495636,-3491032.8585072123,566781.1870606353,309.80786181056277,112,1:49:50
57.2%,2862500,11450.000000497674,-3489988.776609596,570742.6752114177,311.97324803297187,112,1:49:42
57.3%,2865000,11460.000000499711,-3490880.608696241,568277.189919953,310.62559087018684,112,1:49:34
57.4%,2867500,11470.000000501748,-3489332.8840005267,568371.9763326804,310.6774020038768,112,1:49:26
57.4%,2870000,11480.000000503785,-3492761.322865123,568986.6632560857,311.013395586181,112,1:49:19
57.5%,2872500,11490.000000505823,-3485721.976676319,565587.2081931274,309.15522187043354,112,1:49:11
57.5%,2875000,11500.00000050786,-3486478.120935982,569936.1115698973,311.5323728541582,112,1:49:03
57.5%,2877500,11510.000000509897,-3486102.846881451,568455.7540806001,310.7231956991208,112,1:48:56
57.6%,2880000,11520.000000511935,-3487154.3574607186,567926.2787090049,310.4337795425861,112,1:48:48
57.6%,2882500,11530.000000513972,-3487600.525413217,569725.9147380235,311.4174773132884,112,1:48:40
57.7%,2885000,11540.00000051601,-3491219.0891679656,568535.5904712754,310.7668350118829,112,1:48:32
57.8%,2887500,11550.000000518046,-3490923.2923494335,568679.3204155893,310.845399134586,112,1:48:25
57.8%,2890000,11560.000000520084,-3491674.6805837266,568170.8710506713,310.56747598861654,112,1:48:17
57.9%,2892500,11570.00000052212,-3487749.6045456324,566818.7861408249,309.82841381706106,112,1:48:10
57.9%,2895000,11580.000000524158,-3487969.403059585,568086.8301755312,310.52153846558963,112,1:48:02
58.0%,2897500,11590.000000526195,-3489437.395370461,567152.1781392414,310.0106489803519,112,1:47:54
58.0%,2900000,11600.000000528233,-3489419.2759020776,571277.4008075166,312.2655340109909,112,1:47:46
58.0%,2902500,11610.00000053027,-3488016.2454883624,569134.834117776,311.09438715557474,112,1:47:39
58.1%,2905000,11620.000000532307,-3488195.875887282,569719.4113053317,311.4139224765671,112,1:47:31
58.1%,2907500,11630.000000534345,-3487236.4917062204,567442.00231442,310.16906956674916,112,1:47:23
58.2%,2910000,11640.000000536382,-3488312.9381661657,567639.893403462,310.2772386742762,112,1:47:16
58.2%,2912500,11650.000000538419,-3491356.7280120943,570402.8291400822,311.78748501347013,112,1:47:08
58.3%,2915000,11660.000000540456,-3489179.8059964906,570482.6057298915,311.8310916385233,112,1:47:00
58.4%,2917500,11670.000000542494,-3491444.6744296737,569964.8694452532,311.54809217596636,112,1:46:52
58.4%,2920000,11680.00000054453,-3485306.3322619908,568919.9565333154,310.97693307186034,112,1:46:45
58.5%,2922500,11690.000000546568,-3487455.2303385716,567795.256383176,310.362161522191,112,1:46:37
58.5%,2925000,11700.000000548605,-3491324.7352985945,570424.6635767175,311.79941991936016,112,1:46:29
58.5%,2927500,11710.000000550643,-3490798.5340934396,567272.4609138255,310.0763966622744,112,1:46:22
58.6%,2930000,11720.00000055268,-3489718.4565300383,568053.0123872573,310.50305334837776,112,1:46:14
58.6%,2932500,11730.000000554717,-3492410.313338481,568403.8828426353,310.6948423986052,112,1:46:06
58.7%,2935000,11740.000000556754,-3491185.279936254,569513.7436179095,311.30150260812684,112,1:45:58
58.8%,2937500,11750.000000558792,-3485614.5177786574,567613.1302719002,310.26260969795555,112,1:45:51
58.8%,2940000,11760.000000560829,-3488350.0969180726,567009.5746893312,309.93270060995417,112,1:45:43
58.9%,2942500,11770.000000562866,-3488620.0674916487,570400.889003646,311.78642451687165,112,1:45:35
58.9%,2945000,11780.000000564904,-3488317.3711002525,567721.2771424679,310.3217237820094,112,1:45:28
59.0%,2947500,11790.00000056694,-3487035.578478627,569921.3950045216,311.5243286428182,112,1:45:20
59.0%,2950000,11800.000000568978,-3490366.0904319063,569946.3370845865,311.5379622154745,112,1:45:12
59.0%,2952500,11810.000000571015,-3491634.1900025606,569858.0535904857,311.489705637513,112,1:45:04
59.1%,2955000,11820.000000573053,-3485970.433619501,566749.4160466595,309.79049547919516,112,1:44:57
59.1%,2957500,11830.00000057509,-3489154.5172332264,570811.4774386917,312.0108559695198,112,1:44:49
59.2%,2960000,11840.000000577127,-3489919.740367133,569379.2142485179,311.22796760514257,112,1:44:41
59.2%,2962500,11850.000000579164,-3486561.927219972,569657.6344104277,311.3801546519525,112,1:44:33
59.3%,2965000,11860.000000581202,-3489612.948596822,567972.3827723558,310.45898045188517,112,1:44:26
59.4%,2967500,11870.000000583239,-3488360.193271775,568720.7909492004,310.8680673134873,112,1:44:18
59.4%,2970000,11880.000000585276,-3490785.2363303304,568447.352397708,310.7186032612068,112,1:44:10
59.5%,2972500,11890.000000587313,-3491319.9195950627,569711.9703858753,311.40985520087185,112,1:44:03
59.5%,2975000,11900.00000058935,-3491142.5466999616,569046.3495313125,311.0460206586597,112,1:43:55
59.5%,2977500,11910.000000591388,-3488918.44063757,567992.7776523996,310.47012848276995,112,1:43:47
59.6%,2980000,11920.000000593425,-3490381.7722930424,569349.380375446,311.2116601329876,112,1:43:39
59.6%,2982500,11930.000000595463,-3490573.0468317047,568451.6728648045,310.72096486865564,112,1:43:32
59.7%,2985000,11940.0000005975,-3489786.976487497,569566.4889534701,311.33033369850807,112,1:43:24
59.8%,2987500,11950.000000599537,-3492697.7148352265,567077.0128835975,309.9695629533893,112,1:43:16
59.8%,2990000,11960.000000601574,-3490420.9875882044,567349.0617695058,310.11826740155254,112,1:43:09
59.9%,2992500,11970.000000603612,-3490190.36370435,570342.7878039209,311.75466586138634,112,1:43:01
59.9%,2995000,11980.000000605649,-3489753.7866586,569406.9467189905,311.24312643111625,112,1:42:53
60.0%,2997500,11990.000000607686,-3491065.1783392597,568673.4177552239,310.8421726855991,112,1:42:45
60.0%,3000000,12000.000000609723,-3487320.174617538,569515.0575935228,311.3022208394029,112,1:42:38
60.0%,3002500,12010.00000061176,-3492266.923100235,568831.925085487,310.9288142647326,112,1:42:30
60.1%,3005000,12020.000000613798,-3489778.602492651,568781.9051198725,310.9014728868806,112,1:42:22
60.1%,3007500,12030.000000615835,-3491279.438064445,571600.0108626841,312.4418756639458,112,1:42:15
60.2%,3010000,12040.000000617873,-3487361.4883867987,569517.6127640851,311.3036175193678,112,1:42:07
60.2%,3012500,12050.00000061991,-3490396.1154360026,569159.009564921,311.1076016795556,112,1:41:59
60.3%,3015000,12060.000000621947,-3487581.358851541,569231.3206502682,311.147127590521,112,1:41:52
60.4%,3017500,12070.000000623984,-3488060.558182696,568187.0180591994,310.5763020934714,112,1:41:44
60.4%,3020000,12080.000000626022,-3489491.305733079,570345.0931845678,311.75592600386307,112,1:41:36
60.5%,3022500,12090.000000628059,-3490678.105622649,569216.0233820379,311.1387659616064,112,1:41:28
60.5%,3025000,12100.000000630096,-3487671.5632980894,569883.3657351115,311.5035414908959,112,1:41:21
60.5%,3027500,12110.000000632133,-3488766.858643312,568688.0426894382,310.85016681049507,112,1:41:13
60.6%,3030000,12120.00000063417,-3487908.29782168,568458.7842027689,310.72485199204584,112,1:41:05
60.6%,3032500,12130.000000636208,-3492266.7856301013,567349.9615866619,310.11875924996866,112,1:40:58
60.7%,3035000,12140.000000638245,-3488897.517299462,568670.3719953187,310.8405078449421,112,1:40:50
60.8%,3037500,12150.000000640282,-3488493.7319706995,568953.4006910773,310.9952139591636,112,1:40:42
60.8%,3040000,12160.00000064232,-3488872.674746683,571650.3250111991,312.469377844904,112,1:40:34
60.9%,3042500,12170.000000644357,-3490146.998423118,569317.8265899187,311.1944125407079,112,1:40:27
60.9%,3045000,12180.000000646394,-3489630.4273842946,569176.3191025697,311.1170632336267,112,1:40:19
61.0%,3047500,12190.000000648432,-3488127.5757656638,569003.3536995214,311.0225187376044,112,1:40:11
61.0%,3050000,12200.000000650469,-3489123.5051185563,567785.1171785295,310.35661933874576,112,1:40:04
61.0%,3052500,12210.000000652506,-3489524.4797618017,566535.0111706632,309.6732997823185,112,1:39:56
61.1%,3055000,12220.000000654543,-3492361.908951396,570378.1171308565,311.7739771996717,112,1:39:48
61.1%,3057500,12230.00000065658,-3490846.910051858,572084.4181323212,312.706657177302,112,1:39:41
61.2%,3060000,12240.000000658618,-3492793.8370560277,568318.046384343,310.6479233931476,112,1:39:33
61.2%,3062500,12250.000000660655,-3487542.6774786096,568598.4614651649,310.8012008811663,112,1:39:25
61.3%,3065000,12260.000000662692,-3491450.8198896646,567948.3155832804,310.44582510277087,112,1:39:17
61.4%,3067500,12270.00000066473,-3489060.2611733377,567399.4040392012,310.14578495380925,112,1:39:10
61.4%,3070000,12280.000000666767,-3489345.3921134006,567238.6894321146,310.05793685666004,112,1:39:02
61.5%,3072500,12290.000000668804,-3492072.4778255764,567490.1680583442,310.195397409801,112,1:38:54
61.5%,3075000,12300.000000670841,-3493629.379948139,569675.1400326262,311.38972338766007,112,1:38:47
61.5%,3077500,12310.000000672879,-3488258.08384875,569484.4516222674,311.2854913312086,112,1:38:39
61.6%,3080000,12320.000000674916,-3491507.802676851,570607.7782287063,311.89951208913214,112,1:38:31
61.6%,3082500,12330.000000676953,-3490216.5279182475,568143.8856454621,310.55272551545545,112,1:38:23
61.7%,3085000,12340.00000067899,-3486851.700154133,569990.4312565567,311.5620644994745,112,1:38:16
61.8%,3087500,12350.000000681028,-3485272.4562640004,568120.918411694,310.5401714121298,112,1:38:08
61.8%,3090000,12360.000000683065,-3489045.1346137393,568257.457087255,310.61480472053114,112,1:38:00
61.9%,3092500,12370.000000685102,-3490680.1484864,569436.2070390915,311.2591203938895,112,1:37:53
61.9%,3095000,12380.00000068714,-3491267.546610363,570177.4060170649,311.6642666404207,112,1:37:45
62.0%,3097500,12390.000000689177,-3489999.1641016696,567886.8517482526,310.4122283995927,112,1:37:37
62.0%,3100000,12400.000000691214,-3487617.5134928115,569778.9602218992,311.44647246752675,112,1:37:29
62.0%,3102500,12410.000000693251,-3485640.5841084234,569259.0751442232,311.16229845473475,112,1:37:22
62.1%,3105000,12420.000000695289,-3490278.6581772193,568610.3470330723,310.80769764299225,112,1:37:14
62.1%,3107500,12430.000000697326,-3490519.7717011776,571121.8483114992,312.1805075717042,112,1:37:06
62.2%,3110000,12440.000000699363,-3487482.224774828,569892.3675107268,311.50846194506676,112,1:36:59
62.2%,3112500,12450.0000007014,-3489132.22578945,569763.7023734408,311.43813238582567,112,1:36:51
62.3%,3115000,12460.000000703438,-3486580.729325721,568755.1136053796,310.8868283961861,112,1:36:43
62.4%,3117500,12470.000000705475,-3491652.211793771,568420.7586675081,310.7040668812442,112,1:36:36
62.4%,3120000,12480.000000707512,-3489114.477407353,568587.7894141735,310.7953674389592,112,1:36:28
62.5%,3122500,12490.00000070955,-3490926.2434451915,569031.2435692981,311.0377635994998,112,1:36:20
62.5%,3125000,12500.000000711587,-3491032.5521258414,570184.6496223921,311.6682260623801,112,1:36:12
62.5%,3127500,12510.000000713624,-3489668.4755225237,568941.4276009137,310.98866935685936,112,1:36:05
62.6%,3130000,12520.000000715661,-3489675.6428148206,569472.2734340448,311.2788346204001,112,1:35:57
62.6%,3132500,12530.000000717699,-3487853.9148886967,567868.5341561626,310.4022158335999,112,1:35:49
62.7%,3135000,12540.000000719736,-3486696.479210656,569828.9010921213,311.4737706111026,112,1:35:42
62.8%,3137500,12550.000000721773,-3492749.1731798444,568546.710791581,310.7729134822612,112,1:35:34
62.8%,3140000,12560.00000072381,-3488594.9476950057,568782.0311827699,310.9015417940313,112,1:35:26
62.9%,3142500,12570.000000725848,-3486678.257589437,569073.4808635414,311.06085089688537,112,1:35:18
62.9%,3145000,12580.000000727885,-3492258.435330877,567077.3585922936,309.9697519209739,112,1:35:11
63.0%,3147500,12590.000000729922,-3488227.0205451623,571126.5917457,312.18310037690117,112,1:35:03
63.0%,3150000,12600.00000073196,-3490612.7606118135,568770.4792423362,310.89522739608157,112,1:34:55
63.0%,3152500,12610.000000733997,-3487452.107212348,569441.1461267815,311.2618201451011,112,1:34:48
63.1%,3155000,12620.000000736034,-3490301.103883596,570029.5998004535,311.5834743894143,112,1:34:40
63.1%,3157500,12630.000000738071,-3490163.444537917,567856.6962064897,310.39574510034316,112,1:34:32
63.2%,3160000,12640.000000740109,-3488795.455415966,568301.7906329713,310.63903784844445,112,1:34:25
63.2%,3162500,12650.000000742146,-3490889.7750590667,570354.9611269673,311.76131991284433,112,1:34:17
63.3%,3165000,12660.000000744183,-3490578.7382096592,567669.1203680544,310.29321440461854,112,1:34:09
63.4%,3167500,12670.00000074622,-3491221.1151266806,567948.8271463164,310.4461047278783,112,1:34:02
63.4%,3170000,12680.000000748258,-3490650.6496618353,569179.2818575886,311.11868270304177,112,1:33:54
63.5%,3172500,12690.000000750295,-3488764.34253639,570085.2872605555,311.6139136723999,112,1:33:46
63.5%,3175000,12700.000000752332,-3488288.7142048664,569317.044012652,311.1939847767043,112,1:33:39
63.5%,3177500,12710.00000075437,-3486187.213216018,568655.8092370788,310.8325477060113,112,1:33:31
63.6%,3180000,12720.000000756407,-3491105.928110471,567161.2235955477,310.0155933107943,112,1:33:23
63.6%,3182500,12730.000000758444,-3489337.5796545427,570219.2724214508,311.6871512059648,112,1:33:16
63.7%,3185000,12740.000000760481,-3494581.00347873,566675.0128342954,309.7498259921681,112,1:33:08
63.8%,3187500,12750.000000762519,-3489053.3142870646,569395.986664487,311.2371355635142,112,1:33:00
63.8%,3190000,12760.000000764556,-3490541.6110158246,569768.934651298,311.44099239750625,112,1:32:52
63.9%,3192500,12770.000000766593,-3488816.3597644363,567730.4017726477,310.3267113896266,112,1:32:45
63.9%,3195000,12780.00000076863,-3490641.512413308,568442.6337981471,310.7160240308546,112,1:32:37
64.0%,3197500,12790.000000770668,-3490237.3409521803,569483.2254663192,311.28482110297733,112,1:32:29
64.0%,3200000,12800.000000772705,-3489576.404635459,571011.5908182397,312.12023980168084,112,1:32:22
64.0%,3202500,12810.000000774742,-3486955.641057089,568574.2362616959,310.7879591599165,112,1:32:14
64.1%,3205000,12820.00000077678,-3489331.2495147213,570207.042070592,311.68046598257484,112,1:32:06
64.2%,3207500,12830.000000778817,-3488327.7387786712,569021.1457744823,311.0322440510527,112,1:31:58
64.2%,3210000,12840.000000780854,-3490487.395175185,567796.4822347112,310.36283158402733,112,1:31:51
64.2%,3212500,12850.000000782891,-3488593.7606552187,570192.2969936624,311.6724061865546,112,1:31:43
64.3%,3215000,12860.000000784928,-3490471.350155199,569770.2784424534,311.44172692623454,112,1:31:35
64.3%,3217500,12870.000000786966,-3490403.9813580234,567089.7691023587,309.97653562105967,112,1:31:28
64.4%,3220000,12880.000000789003,-3489924.9700473957,567718.2681641734,310.32007904652255,112,1:31:20
64.5%,3222500,12890.00000079104,-3487461.3925065324,569083.314522309,311.0662260661149,112,1:31:12
64.5%,3225000,12900.000000793078,-3486973.8859556075,569098.6483991658,311.07460770564484,112,1:31:04
64.5%,3227500,12910.000000795115,-3488426.6014701407,569992.31575266,311.56309458255015,112,1:30:57
64.6%,3230000,12920.000000797152,-3484240.6552086025,567430.1010555363,310.16256422808976,112,1:30:49
64.7%,3232500,12930.00000079919,-3491542.466514146,567793.2026068914,310.3610389089958,112,1:30:41
64.7%,3235000,12940.000000801227,-3493066.06864118,569178.4290848044,311.11821656951633,112,1:30:34
64.8%,3237500,12950.000000803264,-3487442.5104156323,566107.295117744,309.4395062146383,112,1:30:26
64.8%,3240000,12960.000000805301,-3493494.5487164687,570513.5035046071,311.84798064919954,112,1:30:18
64.8%,3242500,12970.000000807338,-3488590.7961152084,568167.8352346607,310.56581658338473,112,1:30:11
64.9%,3245000,12980.000000809376,-3490611.693239836,570048.4976445982,311.5938041265703,112,1:30:03
65.0%,3247500,12990.000000811413,-3486481.3600212075,568251.5234161814,310.61156132080316,112,1:29:55
65.0%,3250000,13000.00000081345,-3486177.6790530235,570021.4054228985,311.57899526652324,112,1:29:47
65.0%,3252500,13010.000000815488,-3488751.008874368,568996.7550753867,311.01891186835616,112,1:29:40
65.1%,3255000,13020.000000817525,-3489061.228418464,570042.1525054136,311.59033581455054,112,1:29:32
65.2%,3257500,13030.000000819562,-3485028.93021263,572413.9326813804,312.8867728907556,112,1:29:24
65.2%,3260000,13040.0000008216,-3489946.5332493912,568974.643435186,311.0068254404223,112,1:29:17
65.2%,3262500,13050.000000823637,-3491174.6611178685,571459.5375446868,312.3650916434389,112,1:29:09
65.3%,3265000,13060.000000825674,-3489182.6714364644,568178.5672639933,310.57168281031034,112,1:29:01
65.3%,3267500,13070.000000827711,-3489376.0899531934,568227.7479441143,310.5985654269153,112,1:28:53
65.4%,3270000,13080.000000829748,-3490289.461598357,569987.258295991,311.5603301297549,112,1:28:46
65.5%,3272500,13090.000000831786,-3487430.960359264,569103.1301686096,311.07705748245496,112,1:28:38
65.5%,3275000,13100.000000833823,-3488638.5056530107,568131.9146038705,310.54618203291966,112,1:28:30
65.5%,3277500,13110.00000083586,-3489469.186543353,566443.2323762018,309.62313264071116,112,1:28:23
65.6%,3280000,13120.000000837897,-3489074.086346589,570983.0125818215,312.10461867218476,112,1:28:15
65.7%,3282500,13130.000000839935,-3488564.568790082,567809.1457745564,310.3697535925414,112,1:28:07
65.7%,3285000,13140.000000841972,-3488805.7124640774,569424.224643802,311.252570705317,112,1:28:00
65.8%,3287500,13150.00000084401,-3488911.7371281907,567784.3584977987,310.35620463681073,112,1:27:52
65.8%,3290000,13160.000000846047,-3490540.4681215715,567664.7829312342,310.2908435213612,112,1:27:44
65.8%,3292500,13170.000000848084,-3489490.855425196,570100.2015117094,311.6220659406226,112,1:27:36
65.9%,3295000,13180.000000850121,-3488307.8771912493,567857.0706058852,310.39594975053063,112,1:27:29
66.0%,3297500,13190.000000852158,-3490142.929783931,566465.6271170161,309.6353738140703,112,1:27:21
66.0%,3300000,13200.000000854196,-3486446.8616288435,569856.084385126,311.48862925157096,112,1:27:13
66.0%,3302500,13210.000000856233,-3490981.620840052,568878.6167248723,310.9543363485502,112,1:27:06
66.1%,3305000,13220.00000085827,-3491578.3747087736,567998.8980239227,310.47347393469806,112,1:26:58
66.2%,3307500,13230.000000860307,-3488449.5398230013,567254.1664660136,310.0663967471591,112,1:26:50
66.2%,3310000,13240.000000862345,-3487088.8633425534,570657.5395724198,311.92671210185074,112,1:26:42
66.2%,3312500,13250.000000864382,-3488412.23610832,567842.2604642163,310.38785438951953,112,1:26:35
66.3%,3315000,13260.00000086642,-3490205.125937544,570689.8633107616,311.9443805574911,112,1:26:27
66.3%,3317500,13270.000000868456,-3488801.1391468514,567851.072477028,310.3926711175793,112,1:26:19
66.4%,3320000,13280.000000870494,-3489023.8331338335,570932.4511245454,312.0769813099604,112,1:26:12
66.5%,3322500,13290.000000872531,-3491059.581474133,567923.9618119246,310.4325131051199,112,1:26:04
66.5%,3325000,13300.000000874568,-3491613.0261294767,569236.8690892053,311.15016041878476,112,1:25:56
66.5%,3327500,13310.000000876606,-3490684.461052101,569535.3504374002,311.31331309637125,112,1:25:48
66.6%,3330000,13320.000000878643,-3488831.799040105,570184.9288892136,311.66837871221884,112,1:25:41
66.7%,3332500,13330.00000088068,-3483864.664716229,568075.2164759004,310.515190309489,112,1:25:33
66.7%,3335000,13340.000000882717,-3486363.5813701116,568691.1504932828,310.8518655649456,112,1:25:25
66.8%,3337500,13350.000000884755,-3490918.165834425,569338.490478755,311.2057076142975,112,1:25:18
66.8%,3340000,13360.000000886792,-3488703.523343971,568414.2673915518,310.7005186895074,112,1:25:10
66.8%,3342500,13370.00000088883,-3491084.484154936,570021.0061056585,311.5787769960105,112,1:25:02
66.9%,3345000,13380.000000890866,-3486950.0370221417,570711.7282036045,311.9563321110271,112,1:24:55
67.0%,3347500,13390.000000892904,-3490176.312226925,571770.4648729655,312.5350474093528,112,1:24:47
67.0%,3350000,13400.000000894941,-3490507.7179556303,568534.511337975,310.7662451475966,112,1:24:39
67.0%,3352500,13410.000000896978,-3488872.611432934,568915.420320033,310.97445353554224,112,1:24:31
67.1%,3355000,13420.000000899016,-3489730.5101722274,570541.2144932586,311.8631277330103,112,1:24:24
67.2%,3357500,13430.000000901053,-3488846.546355497,570786.1180633784,311.99699429940443,112,1:24:16
67.2%,3360000,13440.00000090309,-3489667.119312985,570027.3807616764,311.58226144220555,112,1:24:08
67.2%,3362500,13450.000000905127,-3493701.8199686687,569657.4932747604,311.38007750588577,112,1:24:01
67.3%,3365000,13460.000000907165,-3491414.0434358157,567543.3553487146,310.2244700767867,112,1:23:53
67.3%,3367500,13470.000000909202,-3487472.1994939,569628.1755069687,311.3640521416712,112,1:23:45
67.4%,3370000,13480.00000091124,-3489356.4955312666,568695.0993643373,310.85402405454596,112,1:23:37
67.5%,3372500,13490.000000913276,-3486896.1583213266,568636.7627920206,310.8221367422156,112,1:23:30
67.5%,3375000,13500.000000915314,-3492058.1152525395,570923.2659298959,312.07196059724157,112,1:23:22
67.5%,3377500,13510.000000917351,-3486174.263885338,568198.6247231241,310.5826464037896,112,1:23:14
67.6%,3380000,13520.000000919388,-3489742.5395688005,571364.0916068627,312.3129200072046,112,1:23:07
67.7%,3382500,13530.000000921425,-3493003.795902539,568581.406236792,310.7918783349076,112,1:22:59
67.7%,3385000,13540.000000923463,-3486568.1279325318,568660.5455235043,310.83513660416793,112,1:22:51
67.8%,3387500,13550.0000009255,-3492105.2259296738,568972.7541868966,311.0057927597576,112,1:22:43
67.8%,3390000,13560.000000927537,-3492590.1843118872,568273.8790197031,310.6237811013545,112,1:22:36
67.8%,3392500,13570.000000929575,-3489535.7434397843,568000.0847976863,310.4741226362614,112,1:22:28
67.9%,3395000,13580.000000931612,-3488462.2248156983,570426.6337602377,311.8004968399738,112,1:22:20
68.0%,3397500,13590.000000933649,-3490486.7773947604,570029.724355752,311.58354247249747,112,1:22:13
68.0%,3400000,13600.000000935686,-3489116.8954952992,568725.1954593987,310.8704748596762,112,1:22:05
68.0%,3402500,13610.000000937724,-3492036.556468794,568825.6968433015,310.9254098496984,112,1:21:57
68.1%,3405000,13620.00000093976,-3489322.0166123603,569761.7018033788,311.437038855646,112,1:21:50
68.2%,3407500,13630.000000941798,-3487677.2056415603,569128.6034728092,311.09098142715794,112,1:21:42
68.2%,3410000,13640.000000943835,-3487606.6328983326,569704.2646488219,311.405643173418,112,1:21:34
68.2%,3412500,13650.000000945873,-3491107.770756146,569562.9197188874,311.32838272172967,112,1:21:26
68.3%,3415000,13660.00000094791,-3487573.1244929973,568354.8048446206,310.6680159089934,112,1:21:19
68.3%,3417500,13670.000000949947,-3489147.026294276,566795.0541654299,309.81544169885825,112,1:21:11
68.4%,3420000,13680.000000951984,-3488450.3377086595,568494.9593333674,310.74462565447027,112,1:21:03
68.5%,3422500,13690.000000954022,-3486940.06021278,570060.3704156658,311.6002938935248,112,1:20:56
68.5%,3425000,13700.000000956059,-3488705.522733519,569521.7972780836,311.3059048135903,112,1:20:48
68.5%,3427500,13710.000000958096,-3487530.998416461,571417.8807119502,312.342321631705,112,1:20:40
68.6%,3430000,13720.000000960134,-3488501.1314888224,568071.7806970922,310.5133122808767,112,1:20:33
68.7%,3432500,13730.00000096217,-3489890.842744507,570031.2882397228,311.5843973060032,112,1:20:25
68.7%,3435000,13740.000000964208,-3487358.161562143,566986.323390839,309.9199912342115,112,1:20:17
68.8%,3437500,13750.000000966245,-3491448.559190955,567739.683813234,310.3317850392341,112,1:20:09
68.8%,3440000,13760.000000968283,-3493923.426795557,572240.8104740502,312.7921426840562,112,1:20:02
68.8%,3442500,13770.00000097032,-3491919.46339993,572080.4323844316,312.704478530481,112,1:19:54
68.9%,3445000,13780.000000972357,-3486660.501471944,568557.0669813056,310.77857427176576,112,1:19:46
69.0%,3447500,13790.000000974394,-3486566.8140904494,567139.0478458327,310.0034718400043,112,1:19:39
69.0%,3450000,13800.000000976432,-3484956.569023505,570249.6792424913,311.70377185680167,112,1:19:31
69.0%,3452500,13810.000000978469,-3487684.1012414414,569823.0763820767,311.4705867704851,112,1:19:23
69.1%,3455000,13820.000000980506,-3489572.2232708484,568094.900537603,310.52594980046547,112,1:19:15
69.2%,3457500,13830.000000982543,-3488330.464461919,570121.8659634127,311.6339079311698,112,1:19:08
69.2%,3460000,13840.00000098458,-3490426.216722371,568661.5439204217,310.8356823371974,112,1:19:00
69.2%,3462500,13850.000000986618,-3488025.779950738,568360.700281107,310.6712384093409,112,1:18:52
69.3%,3465000,13860.000000988655,-3489804.037815664,568253.8501183293,310.6128331178104,112,1:18:45
69.3%,3467500,13870.000000990693,-3491698.4637679234,569113.5258028344,311.08273983268975,112,1:18:37
69.4%,3470000,13880.00000099273,-3488032.670566151,568744.710679869,310.8811420604668,112,1:18:29
69.5%,3472500,13890.000000994767,-3489745.3600651734,571437.4481045746,312.3530173502796,112,1:18:22
69.5%,3475000,13900.000000996804,-3488048.66776919,567306.6180094166,310.09506724801776,112,1:18:14
69.5%,3477500,13910.000000998842,-3490954.938867403,568961.3696845428,310.9995698850177,112,1:18:06
69.6%,3480000,13920.000001000879,-3491735.1714379936,570030.7560948754,311.5841064306864,112,1:17:58
69.7%,3482500,13930.000001002916,-3488270.8755275942,569738.2513381218,311.42422061349964,112,1:17:51
69.7%,3485000,13940.000001004953,-3489449.050750008,569180.9912191522,311.1196170559511,112,1:17:43
69.8%,3487500,13950.00000100699,-3488388.677802399,569789.9335764449,311.4524706050555,112,1:17:35
69.8%,3490000,13960.000001009028,-3485812.7723590303,570370.0716670738,311.76957947443185,112,1:17:28
69.8%,3492500,13970.000001011065,-3488504.899933394,568621.6995942909,310.81390305841103,112,1:17:20
69.9%,3495000,13980.000001013103,-3492886.6256610043,570814.8987877872,312.0127261107171,112,1:17:12
70.0%,3497500,13990.00000101514,-3490816.375083821,569984.7610168969,311.5589650938043,112,1:17:05
70.0%,3500000,14000.000001017177,-3487652.2005234323,571111.1145210227,312.174640382121,112,1:16:57
70.0%,3502500,14010.000001019214,-3485143.191757759,571208.5633727891,312.22790682972175,112,1:16:49
70.1%,3505000,14020.000001021252,-3487663.496207917,568394.8025416269,310.68987902172495,112,1:16:42
70.2%,3507500,14030.000001023289,-3487680.7657909654,568418.8640174549,310.70303124792525,112,1:16:34
70.2%,3510000,14040.000001025326,-3488952.627762668,568449.2396090236,310.7196348284427,112,1:16:26
70.2%,3512500,14050.000001027363,-3486104.423717726,569252.3899162377,311.1586442470172,112,1:16:18
70.3%,3515000,14060.0000010294,-3488085.7316578142,569655.3882501468,311.3789268798779,112,1:16:11
70.3%,3517500,14070.000001031438,-3486966.5947952997,568804.2710627326,310.91369831901034,112,1:16:03
70.4%,3520000,14080.000001033475,-3491276.8138352875,568147.2463840538,310.5545625263884,112,1:15:55
70.5%,3522500,14090.000001035512,-3484818.6319294833,570232.7417564758,311.69451366960925,112,1:15:48
70.5%,3525000,14100.00000103755,-3487510.904846655,569385.9293185249,311.23163812478623,112,1:15:40
70.5%,3527500,14110.000001039587,-3488538.1406285837,568489.0230444209,310.7413808237885,112,1:15:32
70.6%,3530000,14120.000001041624,-3488329.895748213,569400.8118307707,311.2397730442269,112,1:15:24
70.7%,3532500,14130.000001043662,-3488653.0029018465,570380.8657643334,311.7754796282629,112,1:15:17
70.7%,3535000,14140.000001045699,-3487729.4975593016,569366.2974523673,311.22090716437947,112,1:15:09
70.8%,3537500,14150.000001047736,-3488700.447210029,566950.9800725153,309.90067224810343,112,1:15:01
70.8%,3540000,14160.000001049773,-3485401.303975636,570252.9481360358,311.7055586643786,112,1:14:54
70.8%,3542500,14170.00000105181,-3491421.8851773534,569102.5584686219,311.0767449859311,112,1:14:46
70.9%,3545000,14180.000001053848,-3486032.9262848273,568166.548765408,310.56511338734094,112,1:14:38
71.0%,3547500,14190.000001055885,-3486814.8557453714,570002.4769591573,311.56864879241135,112,1:14:31
71.0%,3550000,14200.000001057922,-3491708.69123294,568787.6387907272,310.90460696463117,112,1:14:23
71.0%,3552500,14210.00000105996,-3489587.801776612,571027.7802660996,312.12908910426864,112,1:14:15
71.1%,3555000,14220.000001061997,-3489949.1123860497,568114.6238473637,310.5367307447952,112,1:14:07
71.2%,3557500,14230.000001064034,-3488146.3695320655,566861.1385643961,309.85156404520666,112,1:14:00
71.2%,3560000,14240.000001066071,-3487061.0512809157,568353.9153533108,310.6675297047807,112,1:13:52
71.2%,3562500,14250.000001068109,-3491479.539058581,569651.0644135978,311.37656343065504,112,1:13:44
71.3%,3565000,14260.000001070146,-3488840.1255441066,568089.3542353921,310.52291814015615,112,1:13:37
71.3%,3567500,14270.000001072183,-3488107.945976075,569883.3344983091,311.50352441656946,112,1:13:29
71.4%,3570000,14280.00000107422,-3487645.3660803884,569333.6813577075,311.2030789040599,112,1:13:21
71.5%,3572500,14290.000001076258,-3486865.701904379,567437.1184889663,310.16640002238915,112,1:13:14
71.5%,3575000,14300.000001078295,-3490527.4788725115,568708.6649501303,310.86143912975433,112,1:13:06
71.5%,3577500,14310.000001080332,-3488436.8557660226,571277.6867048936,312.2656902851529,112,1:12:58
71.6%,3580000,14320.00000108237,-3490166.674230648,568010.3156519409,310.47971491623383,112,1:12:50
71.7%,3582500,14330.000001084407,-3486973.819172634,570295.6766192727,311.7289144502308,112,1:12:43
71.7%,3585000,14340.000001086444,-3488814.510748258,569535.7893624865,311.31355301690064,112,1:12:35
71.8%,3587500,14350.000001088481,-3491854.629472792,569762.3187029229,311.4373760586673,112,1:12:27
71.8%,3590000,14360.000001090519,-3491933.1069620755,570827.1276828059,312.01941053833144,112,1:12:20
71.8%,3592500,14370.000001092556,-3490870.985994447,569363.2258401015,311.2192281925821,112,1:12:12
71.9%,3595000,14380.000001094593,-3486951.1346787848,568542.8599737666,310.7708085894727,112,1:12:04
72.0%,3597500,14390.00000109663,-3491202.4241179544,569267.4311885815,311.1668659462023,112,1:11:57
72.0%,3600000,14400.000001098668,-3485774.913158832,570333.2713220452,311.7494640639922,112,1:11:49
72.0%,3602500,14410.000001100705,-3491032.5220977366,568607.181929268,310.80596756785144,112,1:11:41
72.1%,3605000,14420.000001102742,-3490925.4568869825,568722.8523587654,310.8691940991045,112,1:11:33
72.2%,3607500,14430.00000110478,-3489816.1043874007,572458.7688798414,312.9112807733284,112,1:11:26
72.2%,3610000,14440.000001106817,-3488993.1130800713,569381.8499990768,311.22940833088217,112,1:11:18
72.2%,3612500,14450.000001108854,-3487751.5846583415,569851.8424679964,311.48631058026376,112,1:11:10
72.3%,3615000,14460.000001110891,-3488078.3752427995,570362.1266530617,311.7652366559698,112,1:11:03
72.3%,3617500,14470.000001112929,-3486968.943465974,567635.0619031142,310.27459773130516,112,1:10:55
72.4%,3620000,14480.000001114966,-3489889.5817454513,570964.41287882,312.09445190174705,112,1:10:47
72.5%,3622500,14490.000001117003,-3487473.9887770154,568227.8258410052,310.5986080060795,112,1:10:40
72.5%,3625000,14500.00000111904,-3487426.28318844,569646.0602560746,311.37382811166816,112,1:10:32
72.5%,3627500,14510.000001121078,-3488477.827778738,569201.4364699525,311.13079261995927,112,1:10:24
72.6%,3630000,14520.000001123115,-3484848.9337686375,569700.0981868121,311.4033657465802,112,1:10:16
72.7%,3632500,14530.000001125152,-3483617.4664446153,568125.5030599728,310.54267742346684,112,1:10:09
72.7%,3635000,14540.00000112719,-3488201.757193664,567848.7056680876,310.39137739782655,112,1:10:01
72.8%,3637500,14550.000001129227,-3488359.725437628,570033.5258654257,311.58562041299825,112,1:09:53
72.8%,3640000,14560.000001131264,-3489934.29516167,568322.6595492787,310.65044499195426,112,1:09:46
72.8%,3642500,14570.000001133301,-3489985.315278873,571764.5033351696,312.5317887774155,112,1:09:38
72.9%,3645000,14580.000001135339,-3489271.3362368383,568353.3813667912,310.66723782278876,112,1:09:30
73.0%,3647500,14590.000001137376,-3489569.9932339005,567331.4888716524,310.10866189234713,112,1:09:22
73.0%,3650000,14600.000001139413,-3488631.4302017763,568193.8074400388,310.5800132321063,112,1:09:15
73.0%,3652500,14610.00000114145,-3488418.9976879116,571289.2030081989,312.2719852035172,112,1:09:07
73.1%,3655000,14620.000001143488,-3487752.953781018,568278.3752160762,310.6262387640582,112,1:08:59
73.2%,3657500,14630.000001145525,-3490797.4788426813,569480.0473367355,311.2830839078245,112,1:08:52
73.2%,3660000,14640.000001147562,-3488627.9677939266,570872.6242261599,312.04427937155674,112,1:08:44
73.2%,3662500,14650.0000011496,-3491471.0436955206,568608.4389180567,310.8066546495998,112,1:08:36
73.3%,3665000,14660.000001151637,-3488210.799176058,569709.3459358545,311.40842065211126,112,1:08:29
73.3%,3667500,14670.000001153674,-3488023.617575027,568239.7405211937,310.60512068094874,112,1:08:21
73.4%,3670000,14680.000001155711,-3489848.7455572765,568429.6725678185,310.7089393019571,112,1:08:13
73.5%,3672500,14690.000001157749,-3491727.376191113,567513.9195894245,310.20838021732305,112,1:08:05
73.5%,3675000,14700.000001159786,-3488479.3082794063,569629.211290838,311.3646183107558,112,1:07:58
73.5%,3677500,14710.000001161823,-3489379.0750711076,568407.768185489,310.6969661631009,112,1:07:50
73.6%,3680000,14720.00000116386,-3487687.6294799168,571662.2445909866,312.4758931979396,112,1:07:42
73.7%,3682500,14730.000001165898,-3490719.363404412,570268.3304420735,311.71396677574864,112,1:07:35
73.7%,3685000,14740.000001167935,-3485590.721078325,568643.5678494044,310.82585644979537,112,1:07:27
73.8%,3687500,14750.000001169972,-3488315.869828744,569384.990694171,311.2311250639953,112,1:07:19
73.8%,3690000,14760.00000117201,-3490242.908642251,569613.2738243559,311.35590674352983,112,1:07:12
73.8%,3692500,14770.000001174047,-3488815.3173854724,570986.1574730836,312.1063376989622,112,1:07:04
73.9%,3695000,14780.000001176084,-3492305.9081967343,569519.9326014346,311.3048855640126,112,1:06:56
74.0%,3697500,14790.000001178121,-3492665.861420147,571768.2204531571,312.5338205886366,112,1:06:48
74.0%,3700000,14800.000001180159,-3487067.676469596,568662.5033143914,310.8362067508532,112,1:06:41
74.0%,3702500,14810.000001182196,-3489032.474923441,567484.1652999443,310.1921162462986,112,1:06:33
74.1%,3705000,14820.000001184233,-3486227.2511968333,571611.4634207684,312.44813573858016,112,1:06:25
74.2%,3707500,14830.00000118627,-3487335.3808705937,570451.7783635379,311.8142411137118,112,1:06:18
74.2%,3710000,14840.000001188308,-3489454.5755757336,568275.6793139838,310.62476515893167,112,1:06:10
74.2%,3712500,14850.000001190345,-3487587.5163138416,569942.4953081487,311.5358622647865,112,1:06:02
74.3%,3715000,14860.000001192382,-3489135.3440946434,567374.778798252,310.13232456835675,112,1:05:55
74.3%,3717500,14870.00000119442,-3488811.3480040655,570717.1380065377,311.9592891595634,112,1:05:47
74.4%,3720000,14880.000001196457,-3485627.9937610626,567567.7031750157,310.23777882481556,112,1:05:39
74.5%,3722500,14890.000001198494,-3489292.0645262934,570459.7697523811,311.8186092810874,112,1:05:31
74.5%,3725000,14900.000001200531,-3487902.416926004,569049.1445237492,311.047548427489,112,1:05:24
74.5%,3727500,14910.000001202568,-3488771.020235762,570728.2815179462,311.9653803064139,112,1:05:16
74.6%,3730000,14920.000001204606,-3489816.1208963804,568266.1762053831,310.619570671494,112,1:05:08
74.7%,3732500,14930.000001206643,-3489446.6420958173,570370.4797597134,311.76980254165954,112,1:05:01
74.7%,3735000,14940.00000120868,-3490163.038989894,570630.6684142086,311.91202407715997,112,1:04:53
74.8%,3737500,14950.000001210718,-3491608.309610028,569667.0139149217,311.38528157623733,112,1:04:45
74.8%,3740000,14960.000001212755,-3486355.674376551,568647.477576812,310.82799354311476,112,1:04:38
74.8%,3742500,14970.000001214792,-3489021.5043348894,570237.1999155426,311.6969505407681,112,1:04:30
74.9%,3745000,14980.00000121683,-3489605.2270746715,569158.5751543758,311.1073642267162,112,1:04:22
75.0%,3747500,14990.000001218867,-3489747.289139906,567392.7905786063,310.14216997481407,112,1:04:14
75.0%,3750000,15000.000001220904,-3488785.320345007,569793.3844435096,311.454356881049,112,1:04:07
75.0%,3752500,15010.000001222941,-3490561.5843499433,569306.8525885051,311.1884140495951,112,1:03:59
75.1%,3755000,15020.000001224978,-3492565.0731296223,569762.7747388853,311.4376253321606,112,1:03:51
75.2%,3757500,15030.000001227016,-3487901.179260507,569764.8127941485,311.43873935209945,112,1:03:44
75.2%,3760000,15040.000001229053,-3487693.071529882,574293.0285572913,313.9139041518903,112,1:03:36
75.2%,3762500,15050.00000123109,-3488981.361535758,569264.7366503878,311.1653930865954,112,1:03:28
75.3%,3765000,15060.000001233127,-3491056.2089845818,568324.871206474,310.65165390432185,112,1:03:21
75.3%,3767500,15070.000001235165,-3490456.2845892943,569038.5238357141,311.04174306075095,112,1:03:13
75.4%,3770000,15080.000001237202,-3489057.8816513587,569194.9058326223,311.12722291293,112,1:03:05
75.5%,3772500,15090.00000123924,-3487668.472550383,571123.0262487549,312.18115144315027,112,1:02:58
75.5%,3775000,15100.000001241277,-3486911.8906785157,569441.1212136112,311.26180652733086,112,1:02:50
75.5%,3777500,15110.000001243314,-3486082.5378918834,570019.4701674049,311.57793743789335,112,1:02:42
75.6%,3780000,15120.000001245351,-3487304.6385494936,569431.8692470212,311.25674931644903,112,1:02:34
75.7%,3782500,15130.000001247388,-3491515.2118139323,569457.6527703691,311.2708428298202,112,1:02:27
75.7%,3785000,15140.000001249426,-3487545.198566621,569199.2047944709,311.1295727654105,112,1:02:19
75.8%,3787500,15150.000001251463,-3488159.017013876,569150.2042695275,311.10278862329903,112,1:02:11
75.8%,3790000,15160.0000012535,-3489901.2993176524,567663.2239486565,310.2899913670024,112,1:02:04
75.8%,3792500,15170.000001255537,-3490370.751043616,569140.3255974681,311.09738884938605,112,1:01:56
75.9%,3795000,15180.000001257575,-3489503.675993275,568427.5918370449,310.70780195518796,112,1:01:48
76.0%,3797500,15190.000001259612,-3491108.962986408,567976.9485549574,310.4614761510678,112,1:01:41
76.0%,3800000,15200.00000126165,-3489212.4313918594,567020.3713509204,309.9386021654715,112,1:01:33
76.0%,3802500,15210.000001263686,-3488215.8585136198,569009.7975793805,311.0260410221941,112,1:01:25
76.1%,3805000,15220.000001265724,-3490464.9551375825,568939.8946755531,310.98783144561753,112,1:01:17
76.2%,3807500,15230.000001267761,-3487962.823745802,569169.4022895419,311.1132824393738,112,1:01:10
76.2%,3810000,15240.000001269798,-3487100.0066321604,570384.3702010345,311.7773951859172,112,1:01:02
76.2%,3812500,15250.000001271836,-3494173.9397592675,570362.0286212277,311.76518307085865,112,1:00:54
76.3%,3815000,15260.000001273873,-3488486.4784427416,569708.5828294195,311.40800353104527,112,1:00:47
76.3%,3817500,15270.00000127591,-3486109.1812204607,571404.0152441876,312.3347426382264,112,1:00:39
76.4%,3820000,15280.000001277947,-3490033.0106372014,568123.3023124514,310.5414744744284,112,1:00:31
76.5%,3822500,15290.000001279985,-3488568.8415004015,570290.3726408153,311.7260152463361,112,1:00:24
76.5%,3825000,15300.000001282022,-3487523.53648182,568167.3355641861,310.5655434588618,112,1:00:16
76.5%,3827500,15310.00000128406,-3488252.6587000582,567803.1660180155,310.3664850020687,112,1:00:08
76.6%,3830000,15320.000001286096,-3489115.0825529844,569487.2584017556,311.2870255429497,112,1:00:00
76.7%,3832500,15330.000001288134,-3489962.78915303,571538.3940571077,312.4081953456448,112,59:53
76.7%,3835000,15340.000001290171,-3486169.852956334,568926.1782997274,310.98033394717663,112,59:45
76.8%,3837500,15350.000001292208,-3489662.7730347477,570487.4019183002,311.8337132796604,112,59:37
76.8%,3840000,15360.000001294246,-3487977.5720800776,569403.1391438389,311.241045175169,112,59:30
76.8%,3842500,15370.000001296283,-3489862.6265416425,568503.737838649,310.74942406700274,112,59:22
76.9%,3845000,15380.00000129832,-3489463.5412317794,569527.4853314135,311.30901395637807,112,59:14
77.0%,3847500,15390.000001300357,-3490368.442310011,571430.8529269126,312.3494123649054,112,59:07
77.0%,3850000,15400.000001302395,-3489984.91190953,570417.1224545134,311.79529787191217,112,58:59
77.0%,3852500,15410.000001304432,-3488093.223784726,569342.9267665549,311.20813253041865,112,58:51
77.1%,3855000,15420.00000130647,-3490339.077135278,569658.1713162251,311.3804481296488,112,58:43
77.2%,3857500,15430.000001308506,-3489596.4177131075,568269.3870365275,310.62132574162365,112,58:36
77.2%,3860000,15440.000001310544,-3488790.8866471797,568682.2775989289,310.84701555846937,112,58:28
77.2%,3862500,15450.000001312581,-3490031.0354937986,570525.0163693624,311.85427368802044,112,58:20
77.3%,3865000,15460.000001314618,-3491272.208214069,569978.9447467402,311.55578586650796,112,58:13
77.3%,3867500,15470.000001316655,-3490009.038766304,570751.0501897194,311.9778258739087,112,58:05
77.4%,3870000,15480.000001318693,-3489164.3606122155,568487.3551250244,310.7404691235527,112,57:57
77.5%,3872500,15490.00000132073,-3487388.6126615815,568928.4592307414,310.98158072525695,112,57:50
77.5%,3875000,15500.000001322767,-3487264.574919967,569133.5857709658,311.09370479761213,112,57:42
77.5%,3877500,15510.000001324805,-3486931.147594014,568768.6720544497,310.8942395703954,112,57:34
77.6%,3880000,15520.000001326842,-3489205.247291608,568998.5529804924,311.01989461998807,112,57:26
77.7%,3882500,15530.000001328879,-3489959.622927567,569541.8286097689,311.3168541255652,112,57:19
77.7%,3885000,15540.000001330916,-3488123.9979745094,570049.8473309528,311.5945418776692,112,57:11
77.8%,3887500,15550.000001332954,-3487818.3809041157,568495.9013034515,310.74514054406836,112,57:03
77.8%,3890000,15560.00000133499,-3491433.3405689094,569521.3817050818,311.30567765752716,112,56:56
77.8%,3892500,15570.000001337028,-3489951.6681694165,566771.4482257785,309.80253847296376,112,56:48
77.9%,3895000,15580.000001339065,-3486680.126869114,569587.3816753584,311.3417538543696,112,56:40
78.0%,3897500,15590.000001341103,-3488978.4303141646,567057.0672557629,309.9586604879352,112,56:33
78.0%,3900000,15600.00000134314,-3489283.0199207608,569973.1010341025,311.55259163889656,112,56:25
78.0%,3902500,15610.000001345177,-3487793.721322436,568350.4770049414,310.6656502716224,112,56:17
78.1%,3905000,15620.000001347214,-3488485.2163698394,569353.8778649225,311.21411850251366,112,56:10
78.2%,3907500,15630.000001349252,-3491605.7089588065,569223.6335920908,311.1429257731143,112,56:02
78.2%,3910000,15640.000001351289,-3488024.3646266256,569644.7680942067,311.3731218039879,112,55:54
78.2%,3912500,15650.000001353326,-3488643.684360251,570045.6695221711,311.59225824858055,112,55:46
78.3%,3915000,15660.000001355364,-3488507.012118241,568688.4278338205,310.8503773339921,112,55:39
78.3%,3917500,15670.0000013574,-3492046.5477388445,567261.1934933022,310.0702377855507,112,55:31
78.4%,3920000,15680.000001359438,-3487636.1458150204,569089.6801258753,311.0697055641558,112,55:23
78.5%,3922500,15690.000001361475,-3487696.644044025,567632.6760849657,310.27329362094275,112,55:16
78.5%,3925000,15700.000001363513,-3489339.686760748,567473.5437177616,310.1863103908112,112,55:08
78.5%,3927500,15710.00000136555,-3491590.862786701,568824.1369607453,310.92455720340314,112,55:00
78.6%,3930000,15720.000001367587,-3489454.30342339,567896.5707816062,310.4175409135062,112,54:53
78.7%,3932500,15730.000001369624,-3491106.2407535445,570775.8454676382,311.9913792031483,112,54:45
78.7%,3935000,15740.000001371662,-3492783.7772687096,569008.8718779879,311.0255350252138,112,54:37
78.8%,3937500,15750.000001373699,-3488957.791132316,569388.0824531872,311.23281504819363,112,54:29
78.8%,3940000,15760.000001375736,-3491802.480408406,568866.7035644326,310.9478245043897,112,54:22
78.8%,3942500,15770.000001377774,-3490917.5144921597,569273.5759860572,311.1702247495829,112,54:14
78.9%,3945000,15780.00000137981,-3492784.356827708,570090.9033482973,311.61698347812876,112,54:06
79.0%,3947500,15790.000001381848,-3491129.903559327,570945.2049326227,312.08395265992857,112,53:59
79.0%,3950000,15800.000001383885,-3490741.9976476114,568256.1385244697,310.61408398186427,112,53:51
79.0%,3952500,15810.000001385923,-3489946.197244769,569965.1725809698,311.54825787276496,112,53:43
79.1%,3955000,15820.00000138796,-3487405.8636874035,569502.6513888978,311.2954394927107,112,53:36
79.2%,3957500,15830.000001389997,-3490791.594615169,570614.040038129,311.90293485233,112,53:28
79.2%,3960000,15840.000001392034,-3490003.663304895,569898.9397407407,311.5120543870434,112,53:20
79.2%,3962500,15850.000001394072,-3489009.2742721327,569634.1868013102,311.36733797099856,112,53:13
79.3%,3965000,15860.000001396109,-3487886.5223467555,569950.1850955467,311.54006557401044,112,53:05
79.3%,3967500,15870.000001398146,-3489824.642785892,568689.70169215,310.85107363678816,112,52:57
79.4%,3970000,15880.000001400183,-3488233.047056798,569603.2265624884,311.35041481686164,112,52:49
79.5%,3972500,15890.00000140222,-3485385.3211977948,568342.3955510206,310.6612328738388,112,52:42
79.5%,3975000,15900.000001404258,-3492058.583468735,568945.3332263527,310.9908042080046,112,52:34
79.5%,3977500,15910.000001406295,-3492179.922193125,570171.1308878682,311.6608365965106,112,52:26
79.6%,3980000,15920.000001408333,-3487329.6542672645,569872.9708718675,311.4978595620864,112,52:19
79.7%,3982500,15930.00000141037,-3485765.220098613,569743.2737798616,311.4269659268093,112,52:11
79.7%,3985000,15940.000001412407,-3490626.725600725,568012.472229956,310.4808937218098,112,52:03
79.8%,3987500,15950.000001414444,-3487898.329790484,569350.0025580262,311.21200022376553,112,51:56
79.8%,3990000,15960.000001416482,-3488408.513897516,568878.5951079909,310.954324532562,112,51:48
79.8%,3992500,15970.000001418519,-3491172.1798898336,569361.5361211905,311.21830457652914,112,51:40
79.9%,3995000,15980.000001420556,-3487586.63710591,568258.8139973655,310.6155464202023,112,51:33
80.0%,3997500,15990.000001422593,-3485332.390157046,570275.8941893686,311.7181011902815,112,51:25
80.0%,4000000,16000.00000142463,-3487747.128842918,568789.4456731181,310.90559462333056,112,51:17
80.0%,4002500,16010.000001426668,-3490357.3364770263,569405.2017853217,311.2421726341638,112,51:10
80.1%,4005000,16020.000001428705,-3488336.3690344635,567855.835935076,310.39527486799716,112,51:02
80.2%,4007500,16030.000001430742,-3491435.9276105836,567993.9768539055,310.47078397745275,112,50:54
80.2%,4010000,16040.00000143278,-3484876.611139115,569994.1254556904,311.5640837830373,112,50:47
80.2%,4012500,16050.000001434817,-3489408.4235354997,569521.8395920666,311.3059279428065,112,50:39
80.3%,4015000,16060.000001436854,-3488568.4479870237,569241.2741080339,311.1525682429957,112,50:31
80.3%,4017500,16070.000001438892,-3489516.585260341,571725.2417765309,312.5103280447537,112,50:23
80.4%,4020000,16080.000001440929,-3487529.7950834483,568633.6085034196,310.82041257876534,112,50:16
80.5%,4022500,16090.000001442966,-3490081.8266165387,569307.5638414584,311.1888028270664,112,50:08
80.5%,4025000,16100.000001445003,-3489000.5866149887,569284.7904278897,311.17635466766217,112,50:00
80.5%,4027500,16110.00000144704,-3488877.1332575865,571107.0210965893,312.17240287830094,112,49:53
80.6%,4030000,16120.000001449078,-3488922.7774299458,569621.453591016,311.36037787997003,112,49:45
80.7%,4032500,16130.000001451115,-3486583.9691771455,568996.0413886195,311.0185217605396,112,49:37
80.7%,4035000,16140.000001453152,-3491812.3425339833,569676.4282718814,311.39042755120374,112,49:30
80.8%,4037500,16150.00000145519,-3487931.789230017,568235.348075146,310.6027197291366,112,49:22
80.8%,4040000,16160.000001457227,-3491653.1720880046,567591.7792252335,310.2509390175126,112,49:14
80.8%,4042500,16170.000001459264,-3489653.1800438818,569600.6544417287,311.34900887176144,112,49:06
80.9%,4045000,16180.000001461302,-3490816.511420222,569663.5985798116,311.3834147223404,112,48:59
81.0%,4047500,16190.000001463339,-3490771.2156668194,568599.3928437459,310.8017099813504,112,48:51
81.0%,4050000,16200.000001465376,-3485519.9920902792,567364.474507126,310.1266921471083,112,48:43
81.0%,4052500,16210.000001467413,-3486815.3795976713,569156.693277494,311.10633557533146,112,48:36
81.1%,4055000,16220.00000146945,-3491463.0268501975,569767.392084218,311.44014921601104,112,48:28
81.2%,4057500,16230.000001471488,-3487077.569841033,568788.0428124667,310.904827806667,112,48:20
81.2%,4060000,16240.000001473525,-3489330.2535040975,569802.8916054694,311.45955358409043,112,48:13
81.2%,4062500,16250.000001475562,-3490776.2804388404,567690.033035357,310.30464546282883,112,48:05
81.3%,4065000,16260.0000014776,-3490247.993220957,568041.0757730622,310.4965286841767,112,47:57
81.3%,4067500,16270.000001479637,-3488873.2739433534,570240.049803461,311.69850831597756,112,47:50
81.4%,4070000,16280.000001481674,-3485777.0889628977,568188.4848011446,310.5771038282435,112,47:42
81.5%,4072500,16290.000001483711,-3490908.7313834745,568338.8898924616,310.65931664830555,112,47:35
81.5%,4075000,16300.000001485749,-3488462.9108120985,570514.5815935365,311.84856994262293,112,47:27
81.5%,4077500,16310.000001487786,-3485015.645500755,568870.6563021177,310.9499851075263,112,47:19
81.6%,4080000,16320.000001489823,-3490151.4064107276,567003.411918781,309.92933198232396,112,47:12
81.7%,4082500,16330.00000149186,-3488863.570661893,569264.0202264991,311.1650014826428,112,47:04
81.7%,4085000,16340.000001493898,-3490178.820184404,569238.9554560978,311.15130084630897,112,46:56
81.8%,4087500,16350.000001495935,-3485824.364121625,569226.7990554257,311.14465604477795,112,46:49
81.8%,4090000,16360.000001497972,-3485059.302800441,569757.9154257849,311.4349691864806,112,46:41
81.8%,4092500,16370.00000150001,-3487180.3306304496,569106.7159367776,311.07901749664467,112,46:33
81.9%,4095000,16380.000001502047,-3486203.030087974,569246.5020885551,311.15542590571255,112,46:26
82.0%,4097500,16390.000001504082,-3492243.3373244144,571162.0631584886,312.2024893806337,112,46:18
82.0%,4100000,16400.00000150612,-3488026.292290766,568495.5677236522,310.7449582062514,112,46:11
82.0%,4102500,16410.000001508157,-3490855.724550791,569565.7421911284,311.3299255112752,112,46:03
82.1%,4105000,16420.000001510194,-3489239.5536191594,568814.2493793201,310.91915255954797,112,45:55
82.2%,4107500,16430.00000151223,-3485847.3978940826,569222.1266921822,311.1421020876263,112,45:48
82.2%,4110000,16440.00000151427,-3486986.327470893,569167.028447011,311.11198487499524,112,45:40
82.2%,4112500,16450.000001516306,-3490388.6908089314,567182.2501820456,310.0270866382949,112,45:32
82.3%,4115000,16460.000001518343,-3487703.4457208607,568227.9843667632,310.5986946577313,112,45:25
82.3%,4117500,16470.00000152038,-3485529.643859634,570310.9738950226,311.73727608325567,112,45:17
82.4%,4120000,16480.000001522418,-3488407.3289296515,570557.470489585,311.872013411608,112,45:09
82.5%,4122500,16490.000001524455,-3492455.2644002866,569779.795107553,311.4469288237806,112,45:02
82.5%,4125000,16500.000001526492,-3491718.788584575,570058.7868616246,311.59942830817585,112,44:54
82.5%,4127500,16510.00000152853,-3493036.5755349845,567451.9891930523,310.17452848738003,112,44:46
82.6%,4130000,16520.000001530567,-3489228.2388917655,566921.5692748427,309.8845960328918,112,44:39
82.7%,4132500,16530.000001532604,-3490616.6843900606,570573.1451464393,311.88058132465017,112,44:31
82.7%,4135000,16540.00000153464,-3490561.5478003565,566838.9316702225,309.8394255505664,112,44:23
82.8%,4137500,16550.00000153668,-3492204.0542566366,570206.9347072162,311.6804072967563,112,44:16
82.8%,4140000,16560.000001538716,-3490484.863612259,571273.4253938084,312.2633610129294,112,44:08
82.8%,4142500,16570.000001540753,-3488491.2467628755,570324.7267179502,311.74479350402106,112,44:00
82.9%,4145000,16580.00000154279,-3486625.7070677094,567479.9075156376,310.189788901845,112,43:53
83.0%,4147500,16590.000001544828,-3489515.7937777713,567372.628112976,310.13114898380667,112,43:45
83.0%,4150000,16600.000001546865,-3489699.370008154,567590.2514272095,310.2501039089206,112,43:37
83.0%,4152500,16610.000001548902,-3488523.9414149895,569021.808683221,311.03260640312726,112,43:30
83.1%,4155000,16620.00000155094,-3489917.038352957,569828.4125501856,311.47350356954234,112,43:22
83.2%,4157500,16630.000001552977,-3489091.1515933946,570460.9816900056,311.81927173745095,112,43:14
83.2%,4160000,16640.000001555014,-3489345.80092939,570373.723275523,311.77157547753086,112,43:07
83.2%,4162500,16650.00000155705,-3489927.095167905,569634.488456164,311.3675028583438,112,42:59
83.3%,4165000,16660.00000155909,-3491009.8358150423,567553.635597844,310.23008935645646,112,42:51
83.3%,4167500,16670.000001561126,-3490704.6171322316,569916.416906544,311.52160756822093,112,42:44
83.4%,4170000,16680.000001563163,-3487495.149780132,568462.8296809894,310.72706328802053,112,42:36
83.5%,4172500,16690.0000015652,-3487115.1310118977,568798.3236952687,310.9104474327081,112,42:28
83.5%,4175000,16700.000001567238,-3488736.5319133606,567876.4910122437,310.4065651250469,112,42:21
83.5%,4177500,16710.000001569275,-3486754.2662444245,569620.1840827379,311.35968395495246,112,42:13
83.6%,4180000,16720.000001571312,-3488039.146528214,569327.9024834137,311.1999201176896,112,42:05
83.7%,4182500,16730.00000157335,-3492338.987807043,570389.808095823,311.7803675897225,112,41:58
83.7%,4185000,16740.000001575387,-3490813.424851589,568763.0315914368,310.891156440917,112,41:50
83.8%,4187500,16750.000001577424,-3490602.9898942877,569770.0223726874,311.4415869561218,112,41:42
83.8%,4190000,16760.00000157946,-3489553.811519198,568468.5909756456,310.7302124651976,112,41:35
83.8%,4192500,16770.0000015815,-3487388.326021092,568059.0633699221,310.5063608717113,112,41:27
83.9%,4195000,16780.000001583536,-3489326.547754694,567549.3869037257,310.2277669807842,112,41:19
84.0%,4197500,16790.000001585573,-3489366.9590756986,569079.0713133069,311.06390668865816,112,41:12
84.0%,4200000,16800.00000158761,-3491919.5669990275,570245.975231066,311.70174720974916,112,41:04
84.0%,4202500,16810.000001589648,-3489095.0648275837,568773.8773125524,310.8970848128272,112,40:56
84.1%,4205000,16820.000001591685,-3493851.2585125435,568705.9695960646,310.8599658241843,112,40:49
84.2%,4207500,16830.000001593722,-3490213.0222514793,570094.1735057747,311.61877097658316,112,40:41
84.2%,4210000,16840.00000159576,-3486679.6077706404,571407.6914664082,312.33675209544145,112,40:33
84.2%,4212500,16850.000001597797,-3488087.5632475,567491.7461154299,310.19625999046303,112,40:25
84.3%,4215000,16860.000001599834,-3489813.79773039,570077.9820545698,311.60992057894833,112,40:18
84.3%,4217500,16870.00000160187,-3492273.1095968653,570551.0315112362,311.8684938062294,112,40:10
84.4%,4220000,16880.00000160391,-3490350.438796768,568784.4847134706,310.90288291670373,112,40:02
84.5%,4222500,16890.000001605946,-3490256.014632711,569863.9371383542,311.49292163943153,112,39:55
84.5%,4225000,16900.000001607983,-3488677.3684496004,568463.5391558738,310.72745109358283,112,39:47
84.5%,4227500,16910.00000161002,-3492092.396386549,566219.8810630128,309.50104673815935,112,39:39
84.6%,4230000,16920.000001612058,-3490261.5766609926,568772.5733974783,310.8963720807353,112,39:32
84.7%,4232500,16930.000001614095,-3486285.5668392275,568050.8586115275,310.5018760745569,112,39:24
84.7%,4235000,16940.000001616132,-3492487.2753860615,569660.992685047,311.38199031605524,112,39:16
84.8%,4237500,16950.00000161817,-3489225.2514242996,569996.9275550549,311.56561543657926,112,39:09
84.8%,4240000,16960.000001620207,-3490082.655778041,569451.8033615986,311.26764548864975,112,39:01
84.8%,4242500,16970.000001622244,-3487995.4542829897,568486.6048658611,310.7400590249247,112,38:53
84.9%,4245000,16980.00000162428,-3490394.096904462,569591.8711544996,311.34420784537195,112,38:45
85.0%,4247500,16990.00000162632,-3488681.908911286,570720.679484366,311.9612249642419,112,38:38
85.0%,4250000,17000.000001628356,-3490329.8912346438,566653.4958720726,309.73806462074106,112,38:30
85.0%,4252500,17010.000001630393,-3488578.942230314,567997.1276523059,310.47250623312686,112,38:22
85.1%,4255000,17020.00000163243,-3490764.870207539,567827.2277894479,310.3796373898491,112,38:15
85.2%,4257500,17030.000001634467,-3487290.3304730225,570461.8382374644,311.81973993424856,112,38:07
85.2%,4260000,17040.000001636505,-3492000.0733191613,569190.0230727071,311.12455395100324,112,37:59
85.2%,4262500,17050.000001638542,-3493167.8820352126,569811.1602174495,311.46407328420787,112,37:52
85.3%,4265000,17060.00000164058,-3488280.413997283,568351.5487411518,310.66623609259057,112,37:44
85.3%,4267500,17070.000001642617,-3490577.526403846,569806.0927261019,311.4613033463641,112,37:36
85.4%,4270000,17080.000001644654,-3492737.285892619,566770.0542748627,309.8017765264444,112,37:29
85.5%,4272500,17090.00000164669,-3489666.084846765,570238.4195038101,311.69761717904413,112,37:21
85.5%,4275000,17100.00000164873,-3489333.356744608,570163.9821329544,311.65692902066826,112,37:13
85.5%,4277500,17110.000001650766,-3489881.0079771094,568254.900837679,310.6134074507674,112,37:05
85.6%,4280000,17120.000001652803,-3489750.6019695215,569130.2951657926,311.0919061222572,112,36:58
85.7%,4282500,17130.00000165484,-3489720.8809224386,571016.374199661,312.1228544423996,112,36:50
85.7%,4285000,17140.000001656877,-3491664.832430778,568690.2434753045,310.85136978049314,112,36:42
85.8%,4287500,17150.000001658915,-3488704.5987468176,569174.7719083321,311.1162175228842,112,36:35
85.8%,4290000,17160.000001660952,-3489914.5326980557,568835.9022043729,310.93098819486005,112,36:27
85.8%,4292500,17170.00000166299,-3489031.969604306,569210.9520663407,311.13599393333766,112,36:19
85.9%,4295000,17180.000001665027,-3488834.477900587,567402.2077664442,310.14731749716475,112,36:12
86.0%,4297500,17190.000001667064,-3489453.931114834,568236.2076561674,310.60318958410784,112,36:04
86.0%,4300000,17200.0000016691,-3487826.4564978257,568582.9486551429,310.79272143510616,112,35:56
86.0%,4302500,17210.00000167114,-3486638.11276827,569808.4883614642,311.4626128229068,112,35:48
86.1%,4305000,17220.000001673176,-3486246.4078795835,570234.6487936408,311.6955560738386,112,35:41
86.2%,4307500,17230.000001675213,-3490620.7872020584,567039.4950207723,309.9490553410568,112,35:33
86.2%,4310000,17240.00000167725,-3491224.198780602,571486.041119927,312.3795787438631,112,35:25
86.2%,4312500,17250.000001679287,-3491063.9379638955,570529.0465376829,311.85647661546164,112,35:18
86.3%,4315000,17260.000001681325,-3491365.822404124,569796.8183851687,311.45623390545853,112,35:10
86.3%,4317500,17270.000001683362,-3487373.2143858746,568342.4815852349,310.66127990093946,112,35:02
86.4%,4320000,17280.0000016854,-3489854.139474444,570417.5364272053,311.79552415323104,112,34:54
86.5%,4322500,17290.000001687436,-3490715.86364696,570554.5909060033,311.8704394044732,112,34:47
86.5%,4325000,17300.000001689474,-3492862.504599722,569407.4207487234,311.2433855401717,112,34:39
86.5%,4327500,17310.00000169151,-3488389.2178208437,570380.1118150017,311.7750675125546,112,34:31
86.6%,4330000,17320.00000169355,-3487559.690081017,568594.7772091522,310.79918703260586,112,34:24
86.7%,4332500,17330.000001695586,-3491843.4209333602,571457.426674621,312.3639378222525,112,34:16
86.7%,4335000,17340.000001697623,-3492857.729619678,569338.8183798316,311.20588684807194,112,34:08
86.8%,4337500,17350.00000169966,-3491714.9655700717,570070.9149754406,311.6060576478486,112,34:01
86.8%,4340000,17360.000001701697,-3490090.3007255495,568472.1948553878,310.732182379342,112,33:53
86.8%,4342500,17370.000001703735,-3490414.8054776136,570378.3122033079,311.7740838280857,112,33:45
86.9%,4345000,17380.000001705772,-3489645.1211470813,570928.9973768218,312.075093459372,112,33:38
87.0%,4347500,17390.00000170781,-3487067.7700564545,570958.551095046,312.09124779628473,112,33:30
87.0%,4350000,17400.000001709846,-3491179.206557052,571047.2447610523,312.13972857802,112,33:22
87.0%,4352500,17410.000001711884,-3489538.680952022,570651.8475842025,311.923600808217,112,33:14
87.1%,4355000,17420.00000171392,-3486902.557082467,567347.2720615903,310.11728913058096,112,33:07
87.2%,4357500,17430.00000171596,-3485489.8515673187,570127.1588837816,311.6368010906107,112,32:59
87.2%,4360000,17440.000001717995,-3489818.1497913245,568887.6481202277,310.9592729931462,112,32:51
87.2%,4362500,17450.000001720033,-3489897.7960474268,570991.896605632,312.10947476212533,112,32:44
87.3%,4365000,17460.00000172207,-3491358.1329525355,569269.5199938132,311.1680077065453,112,32:36
87.3%,4367500,17470.000001724107,-3492756.1513883118,568944.7317116854,310.9904754144999,112,32:28
87.4%,4370000,17480.000001726145,-3494167.650576463,570347.6751611261,311.75733733623446,112,32:21
87.5%,4372500,17490.00000172818,-3495117.630157575,570379.6242112543,311.77480098381676,112,32:13
87.5%,4375000,17500.00000173022,-3488675.5772381555,568100.8753066931,310.52921566475123,112,32:05
87.5%,4377500,17510.000001732256,-3490712.556928875,569720.6962523283,311.4146248405317,112,31:57
87.6%,4380000,17520.000001734294,-3491949.9795377273,570628.5876835661,311.91088673046244,112,31:50
87.7%,4382500,17530.00000173633,-3488955.780935472,569035.0636915918,311.03985171383164,112,31:42
87.7%,4385000,17540.000001738368,-3488288.1959250215,570345.4239842268,311.7561068220296,112,31:34
87.8%,4387500,17550.000001740405,-3489846.697984891,568938.7334475755,310.98719670761807,112,31:27
87.8%,4390000,17560.000001742443,-3487639.115217507,567961.6834285262,310.4531320911592,112,31:19
87.8%,4392500,17570.00000174448,-3490240.2947442736,569516.3588966337,311.30293214377144,112,31:11
87.9%,4395000,17580.000001746517,-3489712.1937279664,570026.4563840763,311.58175616882255,112,31:04
88.0%,4397500,17590.000001748554,-3489532.228042664,568904.6924105741,310.9685895605779,112,30:56
88.0%,4400000,17600.00000175059,-3488969.610818127,572106.7934265966,312.71888772100226,112,30:48
88.0%,4402500,17610.00000175263,-3488789.979906559,568081.8010319071,310.5187894889678,112,30:41
88.1%,4405000,17620.000001754666,-3488208.3291306924,566925.2328430536,309.88659857330765,112,30:33
88.2%,4407500,17630.000001756704,-3489777.1186556704,571302.9961813125,312.2795246800691,112,30:25
88.2%,4410000,17640.00000175874,-3493632.8830682803,568191.1393755662,310.57855484328127,112,30:17
88.2%,4412500,17650.000001760778,-3490711.6491347384,568239.4704711712,310.6049730690979,112,30:10
88.3%,4415000,17660.000001762815,-3486761.0263946876,570970.2904363393,312.0976646292852,112,30:02
88.3%,4417500,17670.000001764853,-3487317.4589390345,568369.0792546924,310.67581843413694,112,29:54
88.4%,4420000,17680.00000176689,-3489566.170490885,566436.8727987048,309.61965643657567,112,29:47
88.5%,4422500,17690.000001768927,-3491289.755508581,570583.2144574892,311.88608530360625,112,29:39
88.5%,4425000,17700.000001770964,-3488124.3237708844,568947.4776808323,310.9919763867435,112,29:31
88.5%,4427500,17710.000001773,-3490616.697616894,569673.5425576747,311.3888501930123,112,29:24
88.6%,4430000,17720.00000177504,-3491749.299403392,568478.9811935753,310.7358918548352,112,29:16
88.7%,4432500,17730.000001777076,-3488873.751847578,570275.4105532423,311.7178368302823,112,29:08
88.7%,4435000,17740.000001779114,-3484632.408144502,570150.2237226305,311.6494085457801,112,29:00
88.8%,4437500,17750.00000178115,-3486695.6534676477,566785.4422701872,309.81018774763146,112,28:53
88.8%,4440000,17760.000001783188,-3490726.5478225704,569055.0333078064,311.0507672915569,112,28:45
88.8%,4442500,17770.000001785225,-3486846.8695418816,569464.7600088639,311.2747277124023,112,28:37
88.9%,4445000,17780.000001787263,-3491245.382382365,568890.0100534819,310.9605640478035,112,28:30
89.0%,4447500,17790.0000017893,-3487926.687721517,567740.5124853863,310.3322379991303,112,28:22
89.0%,4450000,17800.000001791337,-3488961.1512523685,567695.4007024581,310.3075794795278,112,28:14
89.0%,4452500,17810.000001793374,-3492807.5235507246,569277.3142847042,311.1722681383493,112,28:07
89.1%,4455000,17820.00000179541,-3490007.682920182,568752.4637218206,310.8853799452174,112,27:59
89.2%,4457500,17830.00000179745,-3488748.3390895743,567505.8442929811,310.2039661852737,112,27:51
89.2%,4460000,17840.000001799486,-3488669.6618122365,569089.6184484172,311.06967185068424,112,27:44
89.2%,4462500,17850.000001801523,-3487373.3098560236,568527.1325160954,310.76221181501364,112,27:36
89.3%,4465000,17860.00000180356,-3489985.5139486752,569506.2419234535,311.2974021122522,112,27:28
89.3%,4467500,17870.000001805598,-3489885.6210753694,568153.0825041907,310.5577526038683,112,27:20
89.4%,4470000,17880.000001807635,-3488218.738887837,567056.1053781105,309.9581347166754,112,27:13
89.5%,4472500,17890.000001809673,-3490637.1764789894,570620.2448612145,311.9063264662666,112,27:05
89.5%,4475000,17900.00000181171,-3489648.6220243666,569773.3071167909,311.44338242776155,112,26:58
89.5%,4477500,17910.000001813747,-3493460.286571849,568936.8191224011,310.9861503196951,112,26:50
89.6%,4480000,17920.000001815784,-3492010.962776009,568683.8513919862,310.8478758083739,112,26:43
89.7%,4482500,17930.00000181782,-3489996.3666542936,569663.7898846555,311.3835192913451,112,26:36
89.7%,4485000,17940.00000181986,-3490886.342133794,569416.1994022409,311.24818403373126,112,26:28
89.8%,4487500,17950.000001821896,-3489508.6369505413,569025.4091178176,311.03457443412304,112,26:20
89.8%,4490000,17960.000001823933,-3485372.993537342,567987.8005377736,310.4674079456818,112,26:12
89.8%,4492500,17970.00000182597,-3490765.3211252913,570502.6783479752,311.84206351802715,112,26:05
89.9%,4495000,17980.000001828008,-3490686.1836095043,567993.2592170695,310.4703917104919,112,25:57
90.0%,4497500,17990.000001830045,-3491227.0087297913,567544.4530573575,310.2250700945277,112,25:49
90.0%,4500000,18000.000001832082,-3488717.9965183027,571507.7077493687,312.3914219247824,112,25:42
90.0%,4502500,18010.00000183412,-3489195.3931610584,566043.563716179,309.4046700385269,112,25:34
90.1%,4505000,18020.000001836157,-3488180.369010089,570091.26402131,311.6171806253479,112,25:26
90.2%,4507500,18030.000001838194,-3491059.4359939545,569724.7687835174,311.4168509239103,112,25:19
90.2%,4510000,18040.00000184023,-3487837.2663554456,568148.6757197862,310.55534381457716,112,25:11
90.2%,4512500,18050.00000184227,-3493536.9976116642,570551.3984621107,311.8686943849861,112,25:03
90.3%,4515000,18060.000001844306,-3485438.6367923673,570218.7310989166,311.6868553140392,112,24:55
90.3%,4517500,18070.000001846343,-3489123.26393033,568753.5585146477,310.8859783691464,112,24:48
90.4%,4520000,18080.00000184838,-3489731.3653811216,566315.3638840581,309.55323853510504,112,24:40
90.5%,4522500,18090.000001850418,-3487804.2114973944,567930.907880154,310.43630989053764,112,24:32
90.5%,4525000,18100.000001852455,-3490818.2297572047,568443.242348812,310.71635667030114,112,24:25
90.5%,4527500,18110.000001854492,-3489278.0724004693,569793.9430160605,311.45466220199404,112,24:17
90.6%,4530000,18120.00000185653,-3488107.148765141,568660.9080662546,310.835334773403,112,24:09
90.7%,4532500,18130.000001858567,-3486896.7112313975,569701.7043491593,311.40424368983923,112,24:01
90.7%,4535000,18140.000001860604,-3488108.2380021997,569409.4267734335,311.24448205191266,112,23:54
90.8%,4537500,18150.00000186264,-3487548.7314884793,568819.7127017966,310.9221388623637,112,23:46
90.8%,4540000,18160.00000186468,-3488531.108994767,566844.21723109,309.8423146872353,112,23:38
90.8%,4542500,18170.000001866716,-3490139.260520704,569857.2409801255,311.48926145714154,112,23:31
90.9%,4545000,18180.000001868753,-3489266.650530275,569923.3283756437,311.5253854414331,112,23:23
91.0%,4547500,18190.00000187079,-3488444.044210231,569354.929534744,311.21469335500734,112,23:15
91.0%,4550000,18200.000001872828,-3486336.744286308,567941.4403467397,310.442067034612,112,23:07
91.0%,4552500,18210.000001874865,-3487714.3475139868,566148.9901125935,309.4622970861376,112,23:00
91.1%,4555000,18220.000001876902,-3489669.903435426,569847.5742948122,311.4839775571532,112,22:52
91.2%,4557500,18230.00000187894,-3490070.112255711,569499.3951352381,311.29365959421216,112,22:44
91.2%,4560000,18240.000001880977,-3490645.0394142587,570141.3217425053,311.64454264075107,112,22:37
91.2%,4562500,18250.000001883014,-3492469.452028865,569778.1344488382,311.4460210923008,112,22:29
91.3%,4565000,18260.00000188505,-3491341.6139773354,568447.331686208,310.7185919401085,112,22:21
91.3%,4567500,18270.00000188709,-3489400.4427862763,569338.5570084807,311.2057439800636,112,22:13
91.4%,4570000,18280.000001889126,-3491289.4337436166,569806.0278051894,311.4612678599903,112,22:06
91.5%,4572500,18290.000001891163,-3488448.4893885367,568726.285886002,310.87107089698685,112,21:58
91.5%,4575000,18300.0000018932,-3488709.1082462445,569506.628906292,311.2976136406665,112,21:50
91.5%,4577500,18310.000001895238,-3488590.41283994,567488.1691282884,310.194304776064,112,21:43
91.6%,4580000,18320.000001897275,-3489325.9139272477,569648.370512119,311.3750909190825,112,21:35
91.7%,4582500,18330.000001899312,-3492145.547404386,570524.5648559802,311.85402688661156,112,21:27
91.7%,4585000,18340.00000190135,-3489710.450061459,568763.3580684963,310.8913348963104,112,21:19
91.8%,4587500,18350.000001903387,-3489469.514604762,570047.4688686221,311.5932417880652,112,21:12
91.8%,4590000,18360.000001905424,-3492195.306745751,570666.0503614671,311.93136417820267,112,21:04
91.8%,4592500,18370.00000190746,-3489491.1425354574,570132.0918036308,311.63949747042324,112,20:56
91.9%,4595000,18380.0000019095,-3488674.980747884,568371.4790667086,310.6771301936774,112,20:49
92.0%,4597500,18390.000001911536,-3489446.5575444605,568706.0606164463,310.8600155767705,112,20:41
92.0%,4600000,18400.000001913573,-3492191.9503316972,571144.6623982817,312.1929779634649,112,20:33
92.0%,4602500,18410.00000191561,-3487925.662506154,568098.7557087636,310.5280570728335,112,20:25
92.1%,4605000,18420.000001917648,-3489497.564868085,571966.6262105762,312.6422710186794,112,20:18
92.2%,4607500,18430.000001919685,-3492104.1539242864,570583.0937844238,311.88601934258776,112,20:10
92.2%,4610000,18440.000001921722,-3489372.0195140857,568541.4343099038,310.7700293083619,112,20:02
92.2%,4612500,18450.00000192376,-3488919.0784260947,570273.3663057502,311.71671942561363,112,19:55
92.3%,4615000,18460.000001925797,-3489655.37618763,568316.9369607549,310.6473169719087,112,19:47
92.3%,4617500,18470.000001927834,-3487208.7750003263,569324.3850914605,311.1979974785741,112,19:39
92.4%,4620000,18480.00000192987,-3493178.623225689,569049.2287618984,311.0475944728438,112,19:31
92.5%,4622500,18490.00000193191,-3489830.2362878732,569003.0604535104,311.02235844661067,112,19:24
92.5%,4625000,18500.000001933946,-3490687.194463389,566245.0963463723,309.51482964627434,112,19:16
92.5%,4627500,18510.000001935983,-3485662.9393781256,568516.4024859257,310.75634668084905,112,19:08
92.6%,4630000,18520.00000193802,-3490436.7282184176,568210.7443800103,310.58927112082597,112,19:01
92.7%,4632500,18530.000001940058,-3489689.940577654,568710.9990846787,310.86271498938083,112,18:53
92.7%,4635000,18540.000001942095,-3490668.2018246446,569017.7148466632,311.0303686740361,112,18:45
92.8%,4637500,18550.000001944132,-3489286.204167392,570354.5863815795,311.76111507353426,112,18:38
92.8%,4640000,18560.00000194617,-3490045.4992024302,571700.671606601,312.496897761632,112,18:30
92.8%,4642500,18570.000001948207,-3490955.1501481347,570905.6399008948,312.0623260460572,112,18:22
92.9%,4645000,18580.000001950244,-3493791.3276763093,569611.5681629205,311.354974413145,112,18:14
93.0%,4647500,18590.00000195228,-3490840.8350063805,570285.5582421398,311.7233836512979,112,18:07
93.0%,4650000,18600.00000195432,-3488877.5196029358,567881.3255257804,310.40920771505506,112,17:59
93.0%,4652500,18610.000001956356,-3489368.40243998,570470.4571538167,311.8244511139899,112,17:51
93.1%,4655000,18620.000001958393,-3488993.322687693,570159.5386926328,311.6545001949123,112,17:44
93.2%,4657500,18630.00000196043,-3490129.9412388783,569807.3800509028,311.4620070100586,112,17:36
93.2%,4660000,18640.000001962468,-3487984.3479324244,569774.807445093,311.4442025211484,112,17:28
93.2%,4662500,18650.000001964505,-3489346.408950789,569024.9921741488,311.03434652884056,112,17:20
93.3%,4665000,18660.000001966542,-3489147.7100108843,571143.692872284,312.1924480115484,112,17:13
93.3%,4667500,18670.00000196858,-3489789.088334389,568457.571913323,310.7241893433735,112,17:05
93.4%,4670000,18680.000001970617,-3491000.6423320808,571380.7405544004,312.3220204765846,112,16:57
93.5%,4672500,18690.000001972654,-3491028.2844602037,570761.9003347179,311.98375666395447,112,16:50
93.5%,4675000,18700.00000197469,-3489069.950748373,568595.8480390428,310.79977235817125,112,16:42
93.5%,4677500,18710.00000197673,-3490363.8999877814,568519.799662651,310.7582036092043,112,16:34
93.6%,4680000,18720.000001978766,-3493033.3702699803,569984.7429565385,311.5589552218446,112,16:26
93.7%,4682500,18730.000001980803,-3488128.5635119155,569019.7322284866,311.0314713936807,112,16:19
93.7%,4685000,18740.00000198284,-3491859.377968123,570126.1137667747,311.63622981994627,112,16:11
93.8%,4687500,18750.000001984878,-3489659.0418176632,568637.9721719329,310.82279780050993,112,16:03
93.8%,4690000,18760.000001986915,-3488685.9609837066,568151.7435229705,310.5570207042952,112,15:56
93.8%,4692500,18770.000001988952,-3490550.905714961,568679.952790204,310.8457447964247,112,15:48
93.9%,4695000,18780.00000199099,-3486321.5632595327,567359.3254205957,310.1238776085798,112,15:40
94.0%,4697500,18790.000001993027,-3491502.0140031204,570011.1312101842,311.573379286414,112,15:32
94.0%,4700000,18800.000001995064,-3486973.3321024682,569673.1571591303,311.38863953058785,112,15:25
94.0%,4702500,18810.0000019971,-3489637.2228502594,569067.0975505456,311.05736171870575,112,15:17
94.1%,4705000,18820.00000199914,-3487539.733811233,571667.8289506084,312.47894566078327,112,15:09
94.2%,4707500,18830.000002001176,-3489228.862989554,568163.5745423138,310.56348764936934,112,15:02
94.2%,4710000,18840.000002003213,-3489865.124838071,568620.6481351332,310.8133283210681,112,14:54
94.2%,4712500,18850.00000200525,-3488648.0861203875,570626.0300676973,311.9094887138702,112,14:46
94.3%,4715000,18860.000002007288,-3492578.8384242933,568584.1286875987,310.7933664518081,112,14:38
94.3%,4717500,18870.000002009325,-3492484.009021247,568594.4157716278,310.7989894674975,112,14:31
94.4%,4720000,18880.000002011362,-3489525.2454305477,568254.8961260226,310.61340487533215,112,14:23
94.5%,4722500,18890.0000020134,-3489774.997570444,569277.6182548113,311.1724342912335,112,14:15
94.5%,4725000,18900.000002015437,-3491917.77098752,571355.5204501463,312.3082349333239,112,14:08
94.5%,4727500,18910.000002017474,-3489533.432231782,569249.9883263764,311.15733151569015,112,14:00
94.6%,4730000,18920.00000201951,-3488184.997505171,569273.6224540992,311.17025014944636,112,13:52
94.7%,4732500,18930.00000202155,-3486707.0894215554,570334.6362614488,311.7502101525495,112,13:44
94.7%,4735000,18940.000002023586,-3489058.4709020965,568758.2306652656,310.88853221007486,112,13:37
94.8%,4737500,18950.000002025623,-3488575.246408129,567650.3306509204,310.28294377069096,112,13:29
94.8%,4740000,18960.00000202766,-3492377.493281845,568319.4963971733,310.6487159836302,112,13:21
94.8%,4742500,18970.000002029697,-3486519.5924104024,567632.2979483887,310.2730869279772,112,13:14
94.9%,4745000,18980.000002031735,-3491247.483372325,569527.1076206525,311.3088074961675,112,13:06
95.0%,4747500,18990.000002033772,-3492682.6161451004,570496.6451045612,311.83876569113283,112,12:58
95.0%,4750000,19000.00000203581,-3488937.6199354064,570144.5907205797,311.64632949453284,112,12:50
95.0%,4752500,19010.000002037847,-3489056.417734856,567957.8270509142,310.45102415933366,112,12:43
95.1%,4755000,19020.000002039884,-3491964.065096682,568625.2508985277,310.8158442342957,112,12:35
95.2%,4757500,19030.00000204192,-3490605.552029591,570334.869710631,311.750337758041,112,12:27
95.2%,4760000,19040.00000204396,-3488946.690356698,569211.4650213036,311.13627431928535,112,12:20
95.2%,4762500,19050.000002045996,-3485123.5727264285,568213.0933525112,310.59055509101506,112,12:12
95.3%,4765000,19060.000002048033,-3488867.7512318417,571019.6182255659,312.1246276570938,112,12:04
95.3%,4767500,19070.00000205007,-3489704.0462401863,568804.0739409103,310.9135905703912,112,11:57
95.4%,4770000,19080.000002052107,-3492672.2928456105,568899.8834953851,310.9659609628645,112,11:49
95.5%,4772500,19090.000002054145,-3490505.6201277543,570104.9082445943,311.62463868453943,112,11:41
95.5%,4775000,19100.000002056182,-3493021.2810093313,570132.9385034208,311.6399602843936,112,11:33
95.5%,4777500,19110.00000205822,-3491053.44826545,569684.8216776195,311.39501546474844,112,11:26
95.6%,4780000,19120.000002060257,-3490371.2386400998,570640.159985862,311.9172122583951,112,11:18
95.7%,4782500,19130.000002062294,-3491491.889520075,569246.168570691,311.1552436017499,112,11:10
95.7%,4785000,19140.00000206433,-3486038.8675118014,569692.7368407703,311.39934196645254,112,11:03
95.8%,4787500,19150.00000206637,-3485838.87093566,569960.3284747992,311.54561003933406,112,10:55
95.8%,4790000,19160.000002068406,-3491473.632774757,570674.8932839879,311.93619780179654,112,10:47
95.8%,4792500,19170.000002070443,-3489919.2688903213,569035.8359096684,311.04027381540556,112,10:39
95.9%,4795000,19180.00000207248,-3493495.6442853324,570224.0297240056,311.689751591733,112,10:32
96.0%,4797500,19190.000002074517,-3489535.4388161898,569964.8856248247,311.54810101987044,112,10:24
96.0%,4800000,19200.000002076555,-3487645.1025681216,567501.6887849099,310.20169474596054,112,10:16
96.0%,4802500,19210.000002078592,-3491269.00858354,568211.9394398895,310.5899243516571,112,10:09
96.1%,4805000,19220.00000208063,-3490426.811698865,567871.2742426671,310.4037135903365,112,10:01
96.2%,4807500,19230.000002082666,-3487783.077599345,569497.4310205695,311.2925859908893,112,9:53
96.2%,4810000,19240.000002084704,-3489699.2580985557,570028.3740860244,311.5828044025214,112,9:45
96.2%,4812500,19250.00000208674,-3487896.996805962,567866.3179961793,310.4010044599666,112,9:38
96.3%,4815000,19260.00000208878,-3490528.506373726,569452.2556005234,311.26789268664703,112,9:30
96.3%,4817500,19270.000002090816,-3490882.522284409,567659.6852296158,310.2880570703028,112,9:22
96.4%,4820000,19280.000002092853,-3490165.9427066986,567798.5859285801,310.3639814826378,112,9:15
96.5%,4822500,19290.00000209489,-3489086.133947851,570295.0592588693,311.7285769952994,112,9:07
96.5%,4825000,19300.000002096927,-3494025.2778109387,568246.8318285871,310.6089968554428,112,8:59
96.5%,4827500,19310.000002098965,-3491096.0164398476,568993.8513416322,311.01732466051254,112,8:51
96.6%,4830000,19320.000002101002,-3488581.1268887985,570302.8742720103,311.7328487540778,112,8:44
96.7%,4832500,19330.00000210304,-3491220.479219228,569810.1732817948,311.4635338160111,112,8:36
96.7%,4835000,19340.000002105076,-3490795.4433613494,569221.9345618758,311.14199706741607,112,8:28
96.8%,4837500,19350.000002107114,-3489030.236339664,570787.5715912152,311.99778881122216,112,8:21
96.8%,4840000,19360.00000210915,-3487732.7931738235,570250.4555288604,311.70419618214214,112,8:13
96.8%,4842500,19370.00000211119,-3488498.592697708,570249.454028918,311.7036487529704,112,8:05
96.9%,4845000,19380.000002113225,-3489403.5651965067,567994.373039808,310.4710005363473,112,7:57
97.0%,4847500,19390.000002115263,-3488060.6985584106,569696.3154705057,311.40129807870863,112,7:50
97.0%,4850000,19400.0000021173,-3488371.9922241513,567605.0163700451,310.25817456382964,112,7:42
97.0%,4852500,19410.000002119337,-3491440.444819823,569487.7075032766,311.28727102601295,112,7:34
97.1%,4855000,19420.000002121375,-3487362.8918491956,568875.7123380369,310.9527487837264,112,7:27
97.2%,4857500,19430.000002123412,-3491025.4954879265,570057.1336499074,311.5985246472942,112,7:19
97.2%,4860000,19440.00000212545,-3491017.780422395,568139.5188009599,310.55033855768596,112,7:11
97.2%,4862500,19450.000002127486,-3489096.0492301974,568270.1681681569,310.62175271542833,112,7:04
97.3%,4865000,19460.000002129524,-3487926.106688522,567389.9659337787,310.14062599771245,112,6:56
97.3%,4867500,19470.00000213156,-3489447.8594428413,568654.867735738,310.8320330726326,112,6:48
97.4%,4870000,19480.000002133598,-3489932.350255672,569439.5815811445,311.2609649499225,112,6:40
97.5%,4872500,19490.000002135635,-3489579.228779696,569235.7842495209,311.1495674353359,112,6:33
97.5%,4875000,19500.000002137673,-3492383.393771816,568759.9270899664,310.8894594915748,112,6:25
97.5%,4877500,19510.00000213971,-3487788.180179175,570029.1127331988,311.58320815392835,112,6:17
97.6%,4880000,19520.000002141747,-3492670.975753952,566575.6923767492,309.6955365074624,112,6:10
97.7%,4882500,19530.000002143785,-3489230.4735875744,569671.872282983,311.3879372053502,112,6:02
97.7%,4885000,19540.00000214582,-3487677.2768900637,570048.3442073384,311.59372025633877,112,5:54
97.8%,4887500,19550.00000214786,-3490524.732974969,568713.7151532774,310.8641996177071,112,5:46
97.8%,4890000,19560.000002149896,-3490723.1441838723,570947.2837721236,312.08508897291057,112,5:39
97.8%,4892500,19570.000002151934,-3488776.1728628986,568280.0569959632,310.62715804056694,112,5:31
97.9%,4895000,19580.00000215397,-3492685.725106435,572240.157038817,312.7917855102878,112,5:23
98.0%,4897500,19590.000002156008,-3492501.2913173437,568407.510708188,310.6968254236164,112,5:16
98.0%,4900000,19600.000002158045,-3486937.23846587,570718.9608596872,311.9602855480278,112,5:08
98.0%,4902500,19610.000002160083,-3490663.655078782,568532.5307381557,310.7651625333371,112,5:00
98.1%,4905000,19620.00000216212,-3491309.44762237,571165.8747390603,312.20457282598085,112,4:52
98.2%,4907500,19630.000002164157,-3489857.025692491,571215.5076318332,312.2317026262221,112,4:45
98.2%,4910000,19640.000002166194,-3488944.9970919136,571638.5939965644,312.46296556333255,112,4:37
98.2%,4912500,19650.00000216823,-3493128.554398654,568552.7190526107,310.7761976535522,112,4:29
98.3%,4915000,19660.00000217027,-3489629.8255119026,570755.7805807475,311.9804115495864,112,4:22
98.3%,4917500,19670.000002172306,-3494896.581029838,566571.5122902194,309.69325163333536,112,4:14
98.4%,4920000,19680.000002174344,-3492804.07332604,568586.6672943668,310.79475407784923,112,4:06
98.5%,4922500,19690.00000217638,-3489199.471917283,569685.9954990955,311.39565708647115,112,3:58
98.5%,4925000,19700.000002178418,-3488613.749378456,570986.696546738,312.1066323616293,112,3:51
98.5%,4927500,19710.000002180455,-3487159.559949696,570735.340404262,311.96923875924574,112,3:43
98.6%,4930000,19720.000002182493,-3490592.1894742586,571181.3281807539,312.2130198207612,112,3:35
98.7%,4932500,19730.00000218453,-3492070.9589588884,569207.4515551759,311.13408052141796,112,3:28
98.7%,4935000,19740.000002186567,-3490745.2120891716,569958.416914395,311.54456516266026,112,3:20
98.8%,4937500,19750.000002188604,-3489917.02300613,570552.3308297128,311.8692040257784,112,3:12
98.8%,4940000,19760.00000219064,-3487930.4592103716,570753.0774829593,311.9789340112256,112,3:05
98.8%,4942500,19770.00000219268,-3489999.2995669805,570712.3696075077,311.9566827083588,112,2:57
98.9%,4945000,19780.000002194716,-3490656.055867832,571395.3260372903,312.3299930370202,112,2:49
99.0%,4947500,19790.000002196753,-3488252.9247888178,570493.0214522118,311.83678496909766,112,2:41
99.0%,4950000,19800.00000219879,-3489525.00455229,567407.4335931661,310.1501739825948,112,2:34
99.0%,4952500,19810.000002200828,-3492710.1581117604,567805.380072493,310.367695224813,112,2:26
99.1%,4955000,19820.000002202865,-3488651.7966174968,570145.9596572167,311.64707776801504,112,2:18
99.2%,4957500,19830.000002204903,-3489430.9460807443,569372.0167366511,311.2240333782967,112,2:11
99.2%,4960000,19840.00000220694,-3489644.3187576067,569069.257933429,311.0585426040581,112,2:03
99.2%,4962500,19850.000002208977,-3491160.268111216,568064.2487312312,310.5091952383709,112,1:55
99.3%,4965000,19860.000002211014,-3489811.5630672406,568356.7952773157,310.6691038979941,112,1:47
99.3%,4967500,19870.00000221305,-3489227.6049785577,568785.594362691,310.9034894612754,112,1:40
99.4%,4970000,19880.00000221509,-3485175.309344303,569360.1352221062,311.21753883207634,112,1:32
99.5%,4972500,19890.000002217126,-3490205.395558659,569933.9471815487,311.53118977938135,112,1:24
99.5%,4975000,19900.000002219163,-3487944.912684826,569224.4164591117,311.14335369550025,112,1:17
99.5%,4977500,19910.0000022212,-3492553.2577152867,567513.365271663,310.20807722208536,112,1:09
99.6%,4980000,19920.000002223238,-3488444.8722708244,570276.5971293172,311.7184854237873,112,1:01
99.7%,4982500,19930.000002225275,-3488223.5516955554,571499.8999522512,312.38715411034946,112,0:53
99.7%,4985000,19940.000002227313,-3492205.303659791,570713.6033456055,311.9573570810636,112,0:46
99.8%,4987500,19950.00000222935,-3491634.8950727116,568755.2962263196,310.88692821848826,112,0:38
99.8%,4990000,19960.000002231387,-3487622.8832823467,570290.9696330235,311.72634156782266,112,0:30
99.8%,4992500,19970.000002233424,-3490792.2663408667,568214.5266198046,310.59133852823163,112,0:23
99.9%,4995000,19980.00000223546,-3485551.262912458,568669.7596808914,310.8401731481882,112,0:15
100.0%,4997500,19990.0000022375,-3487726.392914651,569064.4238660462,311.05590025792196,112,0:07
100.0%,5000000,20000.000002239536,-3489688.228530109,570046.5051838696,311.59271502902766,112,0:00
100.0%,5002500,20010.000002241573,-3486982.9143822435,570203.8080435791,311.6786982333679,112,23:59:53
100.1%,5005000,20020.00000224361,-3495229.8061537426,570696.4364099125,311.9479734745461,112,23:59:45
100.2%,5007500,20030.000002245648,-3489741.793065585,567965.3147516579,310.45511700611524,112,23:59:37
100.2%,5010000,20040.000002247685,-3492027.659892319,569165.4941993041,311.1111462409467,112,23:59:30
100.2%,5012500,20050.000002249722,-3488722.948590601,568589.4632692728,310.7962823837053,112,23:59:22
100.3%,5015000,20060.00000225176,-3490964.567946965,570706.5757324786,311.9535157224472,112,23:59:14
100.3%,5017500,20070.000002253797,-3491199.9220767226,571730.3730205935,312.51313283042373,112,23:59:07
100.4%,5020000,20080.000002255834,-3489348.0372918863,568745.5910893105,310.8816233004458,112,23:58:59
100.5%,5022500,20090.00000225787,-3491573.996974129,569157.3818132996,311.1067119353988,112,23:58:51
100.5%,5025000,20100.00000225991,-3490725.1123221945,569674.7213505879,311.38949453216867,112,23:58:43
100.5%,5027500,20110.000002261946,-3489589.0666066613,567681.8767898215,310.30018718325385,112,23:58:36
100.6%,5030000,20120.000002263983,-3493151.762135919,570289.6237091959,311.7256058733559,112,23:58:28
100.7%,5032500,20130.00000226602,-3488783.7231503204,567075.9436374536,309.9689784935145,112,23:58:20
100.7%,5035000,20140.000002268058,-3488127.8983129803,568055.8654877928,310.50461287963356,112,23:58:13
100.8%,5037500,20150.000002270095,-3490627.877100222,567818.6356724014,310.3749408588573,112,23:58:05
100.8%,5040000,20160.000002272132,-3490949.448867742,567245.8569650752,310.0618546967572,112,23:57:57
100.8%,5042500,20170.00000227417,-3490490.2011218313,568863.2696806877,310.94594751163663,112,23:57:49
100.9%,5045000,20180.000002276207,-3492638.447217785,569062.7825548125,311.05500310195504,112,23:57:42
101.0%,5047500,20190.000002278244,-3489828.337092949,568944.7644026943,310.990493283709,112,23:57:34
101.0%,5050000,20200.00000228028,-3486897.9831700586,570072.6349781281,311.6069978172951,112,23:57:26
101.0%,5052500,20210.00000228232,-3487568.2225152105,569661.3705732261,311.38219687324425,112,23:57:19
101.1%,5055000,20220.000002284356,-3487105.741732089,569387.7743971632,311.2326466619093,112,23:57:11
101.2%,5057500,20230.000002286393,-3491783.132090062,569597.7403044945,311.3474159772791,112,23:57:03
101.2%,5060000,20240.00000228843,-3489032.803960189,569083.2857275767,311.06621032664674,112,23:56:55
101.2%,5062500,20250.000002290468,-3489020.7834622636,570161.799841363,311.6557361598126,112,23:56:48
101.3%,5065000,20260.000002292505,-3493593.9864168447,570124.8970051683,311.6355647267494,112,23:56:40
101.3%,5067500,20270.000002294542,-3490014.666680595,568317.332427063,310.64753313746627,112,23:56:32
101.4%,5070000,20280.00000229658,-3492405.1174949,571641.6062169587,312.4646120709813,112,23:56:25
101.5%,5072500,20290.000002298617,-3491892.726060504,568416.2687540082,310.7016126528173,112,23:56:17
101.5%,5075000,20300.000002300654,-3488956.3817763794,570575.5272043615,311.88188337963794,112,23:56:09
101.5%,5077500,20310.00000230269,-3486147.3072415423,570419.025222875,311.79633794277385,112,23:56:02
101.6%,5080000,20320.00000230473,-3490700.0343187302,570622.1045790729,311.90734300532336,112,23:55:54
101.7%,5082500,20330.000002306766,-3492120.1060108338,567988.3406708017,310.4677031874124,112,23:55:46
101.7%,5085000,20340.000002308803,-3489825.022783553,566531.5266517221,309.6713951118968,112,23:55:38
101.8%,5087500,20350.00000231084,-3490558.987277869,570996.0514537714,312.11174584071364,112,23:55:31
101.8%,5090000,20360.000002312878,-3487300.816243103,570778.8949598006,311.9930460838917,112,23:55:23
101.8%,5092500,20370.000002314915,-3487581.144455647,568175.8122942573,310.57017691826104,112,23:55:15
101.9%,5095000,20380.000002316952,-3493910.091703508,569667.259560055,311.3854158481491,112,23:55:08
102.0%,5097500,20390.00000231899,-3489688.089695221,569107.0454816767,311.0791976289477,112,23:55:00
102.0%,5100000,20400.000002321027,-3489330.8134539444,568934.3685641766,310.98481082180587,112,23:54:52
102.0%,5102500,20410.000002323064,-3487908.3681892697,570215.6989706499,311.6851979245624,112,23:54:44
102.1%,5105000,20420.0000023251,-3490933.7475696746,568612.5844071389,310.8089206124406,112,23:54:37
102.2%,5107500,20430.00000232714,-3488082.772368893,567894.214426764,310.4162529080607,112,23:54:29
102.2%,5110000,20440.000002329176,-3487651.266520422,568818.3014075358,310.92136743581096,112,23:54:21
102.2%,5112500,20450.000002331213,-3490072.6402735375,570824.0944828377,312.0177525630527,112,23:54:14
102.3%,5115000,20460.00000233325,-3487909.5884597357,568001.7074635669,310.47500960050513,112,23:54:06
102.3%,5117500,20470.000002335288,-3492357.2178775445,569048.5730035286,311.04723602922746,112,23:53:58
102.4%,5120000,20480.000002337325,-3489306.3448381554,567944.7501996468,310.443876230957,112,23:53:50
102.5%,5122500,20490.000002339362,-3489026.822767472,571198.403814584,312.2223535208323,112,23:53:43
102.5%,5125000,20500.0000023414,-3490117.246441111,570049.0808835397,311.59412293039355,112,23:53:35
102.5%,5127500,20510.000002343437,-3490475.5281990543,567985.4758123325,310.4661372291608,112,23:53:27
102.6%,5130000,20520.000002345474,-3490772.189678164,569143.7733453999,311.09927342043255,112,23:53:20
102.7%,5132500,20530.00000234751,-3490077.3685307484,569569.87199921,311.3321829027353,112,23:53:12
102.7%,5135000,20540.00000234955,-3488425.1177405175,569100.8893945925,311.07583265456213,112,23:53:04
102.8%,5137500,20550.000002351586,-3491132.185095312,568824.6014296887,310.92481108644216,112,23:52:57
102.8%,5140000,20560.000002353623,-3491065.9715683423,572328.7694351922,312.84022186928786,112,23:52:49
102.8%,5142500,20570.00000235566,-3488255.3856879547,571014.7917166395,312.12198944248007,112,23:52:41
102.9%,5145000,20580.000002357698,-3490165.119726129,570330.0941956339,311.7477274171827,112,23:52:33
103.0%,5147500,20590.000002359735,-3491856.4167113993,570786.8902605312,311.9974163895413,112,23:52:26
103.0%,5150000,20600.000002361772,-3489128.0277839135,567278.1842403992,310.07952508574493,112,23:52:18
