#"Progress (%)","Step","Time (ps)","Potential Energy (kJ/mole)","Kinetic Energy (kJ/mole)","Temperature (K)","Speed (ns/day)","Time Remaining"
3.0%,152500,610.0000000014564,-3521350.5942414124,574170.6514976419,311.2330521113194,0,--
3.1%,155000,620.0000000015042,-3519302.7835963443,574864.6528788285,311.60924021405987,222,2:05:53
3.1%,157500,630.0000000015519,-3516837.620792391,575327.3254971484,311.86003500956616,222,2:05:44
3.2%,160000,640.0000000015997,-3517814.5147990603,574549.2007581049,311.4382472765566,222,2:05:43
3.2%,162500,650.0000000016474,-3514173.346500216,573786.8120809033,311.02498938139655,222,2:05:35
3.3%,165000,660.0000000016952,-3517798.385553101,573909.963470797,311.0917444181585,222,2:05:33
3.4%,167500,670.0000000017429,-3517480.8888775446,574252.5217244758,311.27743041680765,222,2:05:37
3.4%,170000,680.0000000017907,-3519745.5629448555,573033.2412205938,310.61651124301636,222,2:05:31
3.5%,172500,690.0000000018384,-3515889.811971441,572187.0989357388,310.1578541431647,222,2:05:25
3.5%,175000,700.0000000018862,-3518471.8130940385,575616.782816613,312.01693729072235,222,2:05:19
3.5%,177500,710.0000000019339,-3516975.8467203286,575185.9460948266,311.78339935642794,222,2:05:14
3.6%,180000,720.0000000019817,-3519705.1990616787,573509.5843152085,310.8747162118743,222,2:05:10
3.6%,182500,730.0000000020294,-3517229.3478595056,576398.3797283674,312.4406071382348,222,2:05:07
3.7%,185000,740.0000000020772,-3519143.279127689,574114.2579670962,311.20248361990434,222,2:05:01
3.8%,187500,750.0000000021249,-3521937.0529577993,574659.4216889908,311.4979932712999,222,2:04:58
3.8%,190000,760.0000000021727,-3519961.243825348,573215.4734714909,310.71529145668956,222,2:04:49
3.9%,192500,770.0000000022204,-3516911.5455295406,573702.24952743,310.97915168219834,222,2:04:49
3.9%,195000,780.0000000022682,-3517085.220183879,574938.2180518296,311.64911670942325,222,2:04:44
4.0%,197500,790.0000000023159,-3516345.386884544,574024.8718519381,311.15403127674733,222,2:04:40
4.0%,200000,800.0000000023637,-3515926.9765917026,574178.0822671573,311.23708000976694,222,2:04:36
4.0%,202500,810.0000000024114,-3519231.7919740845,574777.8133046943,311.56216824054235,222,2:04:30
4.1%,205000,820.0000000024592,-3522490.418353025,573689.9235950836,310.9724703279105,222,2:04:24
4.2%,207500,830.0000000025069,-3522826.5052300245,572801.2072478089,310.49073567201674,222,2:04:21
4.2%,210000,840.0000000025547,-3522817.7446609437,573859.3259459538,311.0642960082351,222,2:04:16
4.2%,212500,850.0000000026024,-3520558.749369584,573724.1415759939,310.9910184139334,222,2:04:13
4.3%,215000,860.0000000026502,-3518166.00870046,574733.8701951865,311.5383485833451,222,2:04:07
4.3%,217500,870.0000000026979,-3517274.7235767003,573888.935675052,311.08034616045967,222,2:04:03
4.4%,220000,880.0000000027457,-3520363.0716572236,574634.1315718205,311.4842845936887,222,2:03:58
4.5%,222500,890.0000000027934,-3520746.381633345,573817.5640950307,311.0416587168815,222,2:03:55
4.5%,225000,900.0000000028411,-3520095.9277233463,573109.0655414758,310.6576123246387,222,2:03:50
4.5%,227500,910.0000000028889,-3518765.8044859767,577137.3321689878,312.84116126418934,222,2:03:45
4.6%,230000,920.0000000029366,-3516446.156608587,574720.6152232196,311.5311636369009,222,2:03:41
4.7%,232500,930.0000000029844,-3515992.253260877,574835.3774637422,311.5933712789874,222,2:03:36
4.7%,235000,940.0000000030321,-3517558.054921679,575650.0563495774,312.0349734324025,222,2:03:32
4.8%,237500,950.0000000030799,-3516136.929325165,575002.8708546842,311.6841621947811,222,2:03:27
4.8%,240000,960.0000000031276,-3520632.0394049697,575270.7766561179,311.82938233106125,222,2:03:23
4.8%,242500,970.0000000031754,-3517469.7863655817,575080.3692247204,311.72617070597397,222,2:03:19
4.9%,245000,980.0000000032231,-3517847.3513583597,574566.0978741364,311.4474064716158,222,2:03:16
5.0%,247500,990.0000000032709,-3519368.9939898625,573055.4422106992,310.6285454385859,222,2:03:13
5.0%,250000,1000.0000000033186,-3517392.5067913495,573811.6360780608,311.03844539552887,222,2:03:09
5.0%,252500,1010.0000000033664,-3517726.0234006885,575608.3920093761,312.0123889973897,222,2:03:08
5.1%,255000,1020.0000000034141,-3516535.1026634946,574276.0893897952,311.290205427842,222,2:03:04
5.2%,257500,1030.0000000032912,-3515507.9477306027,572889.2944003483,310.5384839037753,222,2:03:01
5.2%,260000,1040.0000000030548,-3517841.711905107,571934.8321059251,310.0211112163282,222,2:02:58
5.2%,262500,1050.0000000028183,-3514235.598479064,574467.0365121607,311.3937095960378,222,2:02:54
5.3%,265000,1060.0000000025818,-3521522.06223296,573203.5242536893,310.7088143030471,222,2:02:50
5.3%,267500,1070.0000000023454,-3520585.427600302,575598.6556190815,312.00711132173694,222,2:02:46
5.4%,270000,1080.000000002109,-3516976.4852853864,573937.3283295807,311.1065777233747,222,2:02:42
5.5%,272500,1090.0000000018724,-3516005.0173934028,575004.6189506034,311.68510976189714,222,2:02:38
5.5%,275000,1100.000000001636,-3517419.568868149,573122.1076143198,310.6646818676858,222,2:02:34
5.5%,277500,1110.0000000013995,-3519811.0428199433,573892.4901420997,311.0822728831596,222,2:02:31
5.6%,280000,1120.000000001163,-3517572.86959091,574425.438425034,311.3711610739484,222,2:02:28
5.7%,282500,1130.0000000009265,-3516686.178753363,574335.6834630137,311.32250879487617,222,2:02:25
5.7%,285000,1140.00000000069,-3518190.1301188096,574487.4165910548,311.4047567544739,222,2:02:21
5.8%,287500,1150.0000000004536,-3518402.849395182,575780.3035531328,312.10557480254533,222,2:02:18
5.8%,290000,1160.0000000002171,-3518341.044509487,572486.3954521231,310.3200898269942,222,2:02:14
5.8%,292500,1169.9999999999807,-3518930.5037980564,572310.9260748224,310.22497547430675,222,2:02:11
5.9%,295000,1179.9999999997442,-3519384.8626546524,573704.8002273806,310.98053430621184,222,2:02:07
6.0%,297500,1189.9999999995077,-3515845.7533150837,573443.1670956089,310.83871431258734,222,2:02:03
6.0%,300000,1199.9999999992713,-3520722.767925976,573062.7363152175,310.6324992568553,222,2:01:59
6.0%,302500,1209.9999999990348,-3516669.83871858,575788.2799608877,312.1098984678598,222,2:01:55
6.1%,305000,1219.9999999987983,-3517782.4198299553,573374.0294096544,310.80123776626897,222,2:01:52
6.2%,307500,1229.9999999985619,-3513874.158043349,575092.9531349612,311.7329918989094,222,2:01:47
6.2%,310000,1239.9999999983254,-3518728.9139335956,574685.4849204012,311.51212102066955,222,2:01:43
6.2%,312500,1249.999999998089,-3515127.985795481,573837.033702577,311.05221234821784,222,2:01:38
6.3%,315000,1259.9999999978525,-3520982.173639197,573552.3102153209,310.89787607255596,222,2:01:35
6.3%,317500,1269.999999997616,-3521498.4056347366,574969.4008939404,311.6660195781058,222,2:01:31
6.4%,320000,1279.9999999973795,-3516911.610899698,575036.7269273316,311.70251410600315,222,2:01:26
6.5%,322500,1289.999999997143,-3518623.9430118334,573239.3860825934,310.7282534478989,222,2:01:22
6.5%,325000,1299.9999999969066,-3519069.078361243,574555.8752663557,311.441865238514,222,2:01:18
6.5%,327500,1309.99999999667,-3518089.057472842,575091.0159121354,311.7319418142854,222,2:01:14
6.6%,330000,1319.9999999964336,-3520053.2337622363,573836.5235416255,311.0519358120529,222,2:01:10
6.7%,332500,1329.9999999961972,-3519582.5689473487,572528.5446540611,310.342937084563,222,2:01:06
6.7%,335000,1339.9999999959607,-3518881.4866539575,573408.646456093,310.8200021684376,222,2:01:02
6.8%,337500,1349.9999999957242,-3517674.9166575726,573310.8637530233,310.76699839849454,222,2:00:59
6.8%,340000,1359.9999999954878,-3518397.6545039956,573561.4863675223,310.9028500673933,222,2:00:54
6.8%,342500,1369.9999999952513,-3515893.2470116075,572260.6637057713,310.19773042009626,222,2:00:50
6.9%,345000,1379.9999999950148,-3519224.671523733,573677.5306334778,310.9657526399632,222,2:00:46
7.0%,347500,1389.9999999947784,-3517485.6833889,572017.7410842641,310.0660525840359,222,2:00:41
7.0%,350000,1399.999999994542,-3517316.867408043,573842.1883166982,311.0550064413698,222,2:00:37
7.0%,352500,1409.9999999943054,-3517255.986675719,572159.1500117651,310.14270424149544,222,2:00:34
7.1%,355000,1419.999999994069,-3516970.488127243,573258.3710819869,310.7385443941362,222,2:00:30
7.2%,357500,1429.9999999938325,-3517061.6946161073,575806.5447869999,312.11979903934036,222,2:00:26
7.2%,360000,1439.999999993596,-3518431.6704965867,574689.9498827239,311.51454128343914,222,2:00:23
7.2%,362500,1449.9999999933596,-3519304.2898059394,575334.8967368205,311.8641390508041,222,2:00:19
7.3%,365000,1459.999999993123,-3518290.1704906076,574032.1517180224,311.1579773769781,222,2:00:16
7.3%,367500,1469.9999999928866,-3518500.3781084586,575683.7630928305,312.053244398625,222,2:00:11
7.4%,370000,1479.9999999926501,-3519460.818088487,574285.7497820139,311.2954419082281,222,2:00:07
7.5%,372500,1489.9999999924137,-3515550.2183278576,574571.9142441135,311.45055927396726,222,2:00:03
7.5%,375000,1499.9999999921772,-3517925.4130793624,574685.6191590562,311.5121937856327,222,1:59:59
7.5%,377500,1509.9999999919407,-3520510.613633517,574548.7820585323,311.4380203176454,222,1:59:56
7.6%,380000,1519.9999999917043,-3514809.4934892915,573701.7826155496,310.97889858948236,222,1:59:52
7.7%,382500,1529.9999999914678,-3519367.4774763156,573342.4543615198,310.784122299681,222,1:59:47
7.7%,385000,1539.9999999912313,-3522155.3278600276,574676.3783013269,311.5071847167301,222,1:59:43
7.8%,387500,1549.9999999909949,-3517595.5341977347,573705.4538668243,310.98088861585563,222,1:59:39
7.8%,390000,1559.9999999907584,-3516177.2903109323,573770.7265887007,311.01627013247656,222,1:59:35
7.8%,392500,1569.999999990522,-3520836.5033078697,574065.4110828075,311.17600583870177,222,1:59:31
7.9%,395000,1579.9999999902855,-3514271.697498994,574589.618404578,311.46015593287353,222,1:59:27
8.0%,397500,1589.999999990049,-3516899.337358324,574948.8623374826,311.6548865158435,222,1:59:23
8.0%,400000,1599.9999999898125,-3518144.574970955,573893.0944271148,311.0826004399044,222,1:59:19
8.1%,402500,1609.999999989576,-3515909.920150364,572823.4435970588,310.5027890342476,222,1:59:15
8.1%,405000,1619.9999999893396,-3518312.416722158,572072.6926473249,310.09583944730565,222,1:59:11
8.2%,407500,1629.9999999891031,-3515691.681357963,574494.368890712,311.40852529512625,222,1:59:07
8.2%,410000,1639.9999999888666,-3518679.3216725066,574010.9071104612,311.14646159498034,222,1:59:03
8.2%,412500,1649.9999999886302,-3518070.4323757067,574568.8066407514,311.44887477672484,222,1:58:59
8.3%,415000,1659.9999999883937,-3519727.5470675845,573916.0964605788,311.0950688463984,222,1:58:55
8.3%,417500,1669.9999999881572,-3520688.0084305275,574068.8922261533,311.1778928157974,222,1:58:51
8.4%,420000,1679.9999999879208,-3515386.209650023,570686.7845913142,309.3445986914559,222,1:58:48
8.4%,422500,1689.9999999876843,-3520372.4772214275,573856.810867704,311.06293269320327,222,1:58:44
8.5%,425000,1699.9999999874478,-3521436.2357761823,575029.0586359384,311.69835745722884,222,1:58:41
8.6%,427500,1709.9999999872114,-3516492.19004111,573268.2141632461,310.7438799023418,222,1:58:36
8.6%,430000,1719.999999986975,-3517466.1789909936,573913.1687750896,311.09348187484545,222,1:58:32
8.7%,432500,1729.9999999867384,-3515778.6797681544,573274.0256838644,310.7470300760658,222,1:58:28
8.7%,435000,1739.999999986502,-3516421.1277091745,572704.5077620342,310.4383190672725,222,1:58:24
8.8%,437500,1749.9999999862655,-3521913.8936901186,572330.2158980642,310.23543165235515,222,1:58:20
8.8%,440000,1759.999999986029,-3518104.7167182267,574965.5423342853,311.6639280199688,222,1:58:17
8.8%,442500,1769.9999999857926,-3514582.8703462146,576448.3140965367,312.46767439736766,222,1:58:13
8.9%,445000,1779.999999985556,-3518112.8389701117,572485.1037958176,310.3193896760318,222,1:58:09
8.9%,447500,1789.9999999853196,-3520454.9739333503,571619.6542102618,309.8502669243578,222,1:58:05
9.0%,450000,1799.9999999850832,-3520621.9548191167,574036.12994384,311.1601338009611,222,1:58:01
9.1%,452500,1809.9999999848467,-3519565.9689178932,573263.4798693825,310.74131364660417,222,1:57:57
9.1%,455000,1819.9999999846102,-3516204.779355729,575154.8022278665,311.7665176144872,222,1:57:53
9.2%,457500,1829.9999999843737,-3515339.5188908614,576121.4568420474,312.2904992306222,222,1:57:49
9.2%,460000,1839.9999999841373,-3518067.2390580997,574009.4188612876,311.1456548795354,222,1:57:45
9.2%,462500,1849.9999999839008,-3518251.843206316,574406.5152811395,311.3609036568991,222,1:57:42
9.3%,465000,1859.9999999836643,-3517078.5828453675,575393.9258640665,311.89613618508525,222,1:57:37
9.3%,467500,1869.9999999834279,-3520987.98647953,573908.5202778559,311.09096212574656,222,1:57:33
9.4%,470000,1879.9999999831914,-3520218.4147010744,573487.8755486723,310.86294882939137,222,1:57:29
9.4%,472500,1889.999999982955,-3519166.139378555,573542.7554475444,310.8926968466071,222,1:57:25
9.5%,475000,1899.9999999827185,-3517653.2062466424,573688.0328375465,310.97144543010785,222,1:57:21
9.6%,477500,1909.999999982482,-3518318.3248962946,573062.0879398414,310.63214780063464,222,1:57:17
9.6%,480000,1919.9999999822455,-3520198.1255903,573443.9256212162,310.8391254764796,222,1:57:14
9.7%,482500,1929.999999982009,-3515874.7221962567,573247.9569937652,310.7328993677773,222,1:57:11
9.7%,485000,1939.9999999817726,-3518738.170257801,575503.7185646449,311.9556500547187,222,1:57:07
9.8%,487500,1949.9999999815361,-3518385.9154104237,572421.0235548292,310.28465455167316,222,1:57:02
9.8%,490000,1959.9999999812997,-3518389.1695320085,574142.286642051,311.2176767511277,222,1:56:58
9.8%,492500,1969.9999999810632,-3519782.0956157874,575899.2308682003,312.1700401512206,222,1:56:54
9.9%,495000,1979.9999999808267,-3516393.043067118,575705.8091798511,312.0651946279385,222,1:56:50
9.9%,497500,1989.9999999805902,-3516591.0507891104,575119.1313907284,311.747181998003,222,1:56:46
10.0%,500000,1999.9999999803538,-3519708.193792481,575362.6558749181,311.8791860777665,222,1:56:42
10.1%,502500,2009.9999999801173,-3514556.7707767747,572068.975716867,310.09382466022475,222,1:56:40
10.1%,505000,2019.9999999798808,-3516679.989834577,575166.7370715373,311.77298697653566,222,1:56:36
10.2%,507500,2029.9999999796444,-3519152.830578454,576428.3113405596,312.45683176934904,222,1:56:32
10.2%,510000,2039.999999979408,-3518294.518607462,573394.091842508,310.8121127425386,222,1:56:28
10.2%,512500,2049.9999999791717,-3516332.3032425903,574375.4710483927,311.3440759223518,222,1:56:24
10.3%,515000,2059.999999978935,-3517633.790603362,574422.6144757676,311.3696303333107,222,1:56:20
10.3%,517500,2069.9999999786987,-3517799.375259701,573554.0131065206,310.8987991361506,222,1:56:16
10.4%,520000,2079.9999999784623,-3519251.096112989,573684.4070815523,310.9694800647564,222,1:56:12
10.4%,522500,2089.999999978226,-3518040.294325454,571407.2733781682,309.7351444700666,222,1:56:08
10.5%,525000,2099.9999999779893,-3517963.0459646266,573670.9236187765,310.9621712633368,222,1:56:04
10.6%,527500,2109.999999977753,-3518853.5796617325,571615.6658319626,309.84810499715417,222,1:56:00
10.6%,530000,2119.9999999775164,-3515816.9832940176,576730.9965060408,312.6209042931463,222,1:55:56
10.7%,532500,2129.99999997728,-3517029.1843254045,571829.0506138494,309.96377164916345,222,1:55:52
10.7%,535000,2139.9999999770434,-3519870.560171813,575893.666876267,312.1670241520802,222,1:55:48
10.8%,537500,2149.999999976807,-3517534.4835972283,575530.6471494733,311.9702468747117,222,1:55:44
10.8%,540000,2159.9999999765705,-3517243.992601117,573994.2240129723,311.1374184101074,222,1:55:40
10.8%,542500,2169.999999976334,-3519103.8089972213,571894.3666087834,309.99917662223544,222,1:55:36
10.9%,545000,2179.9999999760976,-3519091.0499744397,573601.6330283063,310.92461183410023,222,1:55:32
10.9%,547500,2189.999999975861,-3519052.9765998516,574790.0388777491,311.5687951944031,222,1:55:28
11.0%,550000,2199.9999999756246,-3522008.2651222274,574064.3260799518,311.1754177056277,222,1:55:24
11.1%,552500,2209.999999975388,-3517605.5312182624,573310.1661019432,310.766620232048,222,1:55:21
11.1%,555000,2219.9999999751517,-3520114.9947573375,575836.0207368005,312.1357766755995,222,1:55:17
11.2%,557500,2229.999999974915,-3517998.8175377585,573419.8593720759,310.8260802047415,222,1:55:13
11.2%,560000,2239.9999999746788,-3517191.931926025,574933.592957089,311.6466096458026,222,1:55:09
11.2%,562500,2249.9999999744423,-3518948.0277128704,573613.9650289884,310.93129647777005,222,1:55:05
11.3%,565000,2259.999999974206,-3519612.5845220145,574160.6868212278,311.22765069164467,222,1:55:01
11.3%,567500,2269.9999999739694,-3517333.4846921973,574600.8033357718,311.46621879983485,222,1:54:57
11.4%,570000,2279.999999973733,-3524782.7654926274,573336.912613665,310.78111835809256,222,1:54:54
11.4%,572500,2289.9999999734964,-3519904.0667720456,574581.489224267,311.45574945617057,222,1:54:50
11.5%,575000,2299.99999997326,-3520345.7055481747,572374.3505268206,310.2593551238454,222,1:54:46
11.6%,577500,2309.9999999730235,-3521231.638643032,573263.1893152624,310.7411561497949,222,1:54:43
11.6%,580000,2319.999999972787,-3517653.666114671,574065.2984756184,311.17594479921974,222,1:54:38
11.7%,582500,2329.9999999725505,-3515297.9800915904,573134.2899963023,310.67128540953615,222,1:54:34
11.7%,585000,2339.999999972314,-3518250.068150012,574661.1102365478,311.4989085598268,222,1:54:31
11.8%,587500,2349.9999999720776,-3519868.2897499967,575072.8940656218,311.7221187458551,222,1:54:27
11.8%,590000,2359.999999971841,-3518490.7267710064,574167.4616328608,311.2313230237231,222,1:54:23
11.8%,592500,2369.9999999716047,-3519590.9807976503,575254.0128268503,311.82029538498625,222,1:54:19
11.9%,595000,2379.999999971368,-3519173.618220426,574027.1510628153,311.1552667382881,222,1:54:15
11.9%,597500,2389.9999999711317,-3520992.46620092,573790.097763114,311.0267704074731,222,1:54:11
12.0%,600000,2399.9999999708953,-3515637.143554546,573703.216678558,310.97967593295306,222,1:54:07
12.1%,602500,2409.999999970659,-3515199.3471544776,574641.4460172358,311.4882494378778,222,1:54:04
12.1%,605000,2419.9999999704223,-3517598.2768117953,573266.9289216223,310.74318322850064,222,1:54:00
12.2%,607500,2429.999999970186,-3518037.6680169757,572868.6253701873,310.5272801173671,222,1:53:56
12.2%,610000,2439.9999999699494,-3518733.111720942,572657.3684642968,310.4127668948114,222,1:53:52
12.2%,612500,2449.999999969713,-3515630.9670878965,573953.0374986026,311.1150929837909,222,1:53:48
12.3%,615000,2459.9999999694764,-3518221.0654829405,573155.7378690537,310.68291137279334,222,1:53:44
12.3%,617500,2469.99999996924,-3519517.1055111233,574739.8506788365,311.54159034461355,222,1:53:40
12.4%,620000,2479.9999999690035,-3520232.9280624725,571939.168833686,310.02346196869377,222,1:53:36
12.4%,622500,2489.999999968767,-3516188.7757562194,573703.9224038511,310.98005847608084,222,1:53:32
12.5%,625000,2499.9999999685306,-3516971.3283484858,574879.8204843433,311.61746191634523,222,1:53:28
12.6%,627500,2509.999999968294,-3518436.8383573145,573891.1164699405,311.08152827495365,222,1:53:24
12.6%,630000,2519.9999999680576,-3517422.2690709755,572679.658035666,310.424849106449,222,1:53:20
12.7%,632500,2529.999999967821,-3515710.3686052524,575051.0815584701,311.7102951300759,222,1:53:16
12.7%,635000,2539.9999999675847,-3519226.8488648143,572208.9397217468,310.1696930876877,222,1:53:12
12.8%,637500,2549.9999999673482,-3515001.4751258194,573352.560048151,310.78960015488957,222,1:53:08
12.8%,640000,2559.9999999671118,-3519985.807138106,573999.4959894407,311.1402761203066,222,1:53:04
12.8%,642500,2569.9999999668753,-3517980.2443728633,575565.2355359128,311.98899574153563,222,1:53:00
12.9%,645000,2579.999999966639,-3516842.4788311794,573738.8702159472,310.99900217199234,222,1:52:56
12.9%,647500,2589.9999999664024,-3519212.2668781597,576159.684004324,312.3112205202908,222,1:52:52
13.0%,650000,2599.999999966166,-3519662.4308549836,573790.3964500612,311.0269323127359,222,1:52:48
13.1%,652500,2609.9999999659294,-3516552.0986206196,574719.1094820006,311.53034743977537,222,1:52:44
13.1%,655000,2619.999999965693,-3519153.523835864,574988.0489457728,311.676127879658,222,1:52:41
13.2%,657500,2629.9999999654565,-3518442.343872335,574237.2165207001,311.26913412846227,222,1:52:37
13.2%,660000,2639.99999996522,-3516736.1209783778,574184.1008751362,311.24034243658355,222,1:52:33
13.2%,662500,2649.9999999649835,-3517785.0998330787,574130.2401323292,311.2111468597475,222,1:52:29
13.3%,665000,2659.999999964747,-3518947.9579450805,575914.060747074,312.1780787865152,222,1:52:26
13.3%,667500,2669.9999999645106,-3520039.0835620984,575458.981974813,311.93140028619064,222,1:52:22
13.4%,670000,2679.999999964274,-3519922.0821658187,573516.803041223,310.8786291707202,222,1:52:18
13.4%,672500,2689.9999999640377,-3519211.2446296234,570376.6030914099,309.1764627293131,222,1:52:14
13.5%,675000,2699.999999963801,-3518518.510810666,571747.5890213659,309.9196148466651,222,1:52:10
13.6%,677500,2709.9999999635647,-3518266.0561961364,573212.8831960727,310.71388738052843,222,1:52:06
13.6%,680000,2719.9999999633283,-3520144.786202036,575377.978804013,311.8874919742401,222,1:52:02
13.7%,682500,2729.999999963092,-3519005.7032381836,573225.2504254453,310.72059112014614,222,1:51:58
13.7%,685000,2739.9999999628553,-3516741.6525784526,573866.8419769129,311.06837012321995,222,1:51:54
13.8%,687500,2749.999999962619,-3520320.1132175643,576268.4335765229,312.3701689551907,222,1:51:50
13.8%,690000,2759.9999999623824,-3521767.121303862,572933.1402665696,310.5622508495968,222,1:51:47
13.8%,692500,2769.999999962146,-3516872.192543801,573234.0240887764,310.7253469431922,222,1:51:43
13.9%,695000,2779.9999999619095,-3517515.5057992656,574849.6121479479,311.60108728502087,222,1:51:39
13.9%,697500,2789.999999961673,-3515391.5556750484,574223.8282140136,311.261876907039,222,1:51:35
14.0%,700000,2799.9999999614365,-3521554.0167759713,574224.6124701281,311.2623020183252,222,1:51:31
14.1%,702500,2809.9999999612,-3520123.5570405424,570863.3143359637,309.44028782337574,222,1:51:27
14.1%,705000,2819.9999999609636,-3518575.8794228565,575847.2118724771,312.14184290574224,222,1:51:24
14.2%,707500,2829.999999960727,-3518280.323994769,571899.2102067819,310.00180212701235,222,1:51:20
14.2%,710000,2839.9999999604906,-3516637.126091955,574192.1638642711,311.2447130339157,222,1:51:16
14.2%,712500,2849.999999960254,-3517472.003385959,573828.0095189651,311.0473207289736,222,1:51:12
14.3%,715000,2859.9999999600177,-3518228.54011631,573211.3520497223,310.7130574123811,222,1:51:08
14.3%,717500,2869.9999999597812,-3516362.837757267,574085.269783958,311.1867703808355,222,1:51:04
14.4%,720000,2879.9999999595448,-3514797.7235474773,577641.8397073325,313.1146329586457,222,1:51:00
14.4%,722500,2889.9999999593083,-3517598.8609422315,571808.626563715,309.9527006558217,222,1:50:56
14.5%,725000,2899.999999959072,-3517833.8923570737,574140.1881864825,311.2165392692143,222,1:50:53
14.6%,727500,2909.9999999588354,-3518872.814882379,574981.7709083676,311.6727248273811,222,1:50:49
14.6%,730000,2919.999999958599,-3519457.9220273104,573334.0565638212,310.77957021712166,222,1:50:45
14.7%,732500,2929.9999999583624,-3519218.4492304698,573488.3501093643,310.863206068197,222,1:50:42
14.7%,735000,2939.999999958126,-3517724.6862466056,572896.9361982988,310.54262619160124,222,1:50:38
14.8%,737500,2949.9999999578895,-3522441.030032616,573884.4601677319,311.0779201817034,222,1:50:34
14.8%,740000,2959.999999957653,-3521179.437484244,574274.172633267,311.28916643711193,222,1:50:30
14.8%,742500,2969.9999999574165,-3518834.2781484723,574818.9461630018,311.58446458223057,222,1:50:26
14.9%,745000,2979.99999995718,-3517233.429635549,572784.9489160618,310.48192273426264,222,1:50:22
14.9%,747500,2989.9999999569436,-3518362.538524797,574737.3338457835,311.540226078379,222,1:50:18
15.0%,750000,2999.999999956707,-3516654.8510534484,572735.4326833901,310.45508212828025,222,1:50:14
15.1%,752500,3009.9999999564707,-3517021.7211691253,573017.032125565,310.60772499435564,222,1:50:10
15.1%,755000,3019.999999956234,-3517894.7094896715,573549.6295480262,310.89642299887197,222,1:50:07
15.2%,757500,3029.9999999559977,-3516913.680356823,573203.8514105969,310.70899164064286,222,1:50:03
15.2%,760000,3039.9999999557613,-3519913.935412187,575218.3018938298,311.80093803426007,222,1:49:59
15.2%,762500,3049.999999955525,-3515350.4501734115,574944.2330614076,311.6523771857025,222,1:49:55
15.3%,765000,3059.9999999552883,-3518534.518683361,575181.2881237546,311.7808744719714,222,1:49:51
15.3%,767500,3069.999999955052,-3518754.798677195,572860.545043592,310.5229001221483,222,1:49:47
15.4%,770000,3079.9999999548154,-3521926.073021725,574595.5146299173,311.46335202135964,222,1:49:43
15.4%,772500,3089.999999954579,-3518977.3150942307,574495.5990407637,311.40919210621126,222,1:49:39
15.5%,775000,3099.9999999543425,-3518899.6523434985,575909.4373526517,312.17557264456354,222,1:49:35
15.6%,777500,3109.999999954106,-3519009.471780088,573785.5661457615,311.02431401389754,222,1:49:31
15.6%,780000,3119.9999999538695,-3521014.2335775252,574098.6802083655,311.1940395913178,222,1:49:28
15.7%,782500,3129.999999953633,-3515891.6611165926,573202.4483877239,310.7082311226857,222,1:49:24
15.7%,785000,3139.9999999533966,-3516648.1438442525,573946.7072458519,311.11166162783576,222,1:49:20
15.8%,787500,3149.99999995316,-3518853.455775531,572472.8057212727,310.3127234222522,222,1:49:16
15.8%,790000,3159.9999999529236,-3517970.0401641857,574633.9560836639,311.48418946915655,222,1:49:12
15.8%,792500,3169.999999952687,-3514809.5214896128,574776.2297678511,311.5613098737771,222,1:49:08
15.9%,795000,3179.9999999524507,-3515688.114846915,572958.5267054494,310.5760117390366,222,1:49:05
15.9%,797500,3189.9999999522142,-3518928.3747985046,572287.581370601,310.2123213208307,222,1:49:01
16.0%,800000,3199.9999999519778,-3517364.8143174797,574729.2934000276,311.53586770083666,222,1:48:57
16.1%,802500,3209.9999999517413,-3515837.6525434963,575868.5445827253,312.1534064443924,222,1:48:53
16.1%,805000,3219.999999951505,-3519081.519389322,574099.1104395287,311.19427280100496,222,1:48:49
16.1%,807500,3229.9999999512684,-3517955.0976796933,571323.0491432508,309.6894901587103,222,1:48:45
16.2%,810000,3239.999999951032,-3518739.4720399454,575262.7033776243,311.8250061563133,222,1:48:41
16.2%,812500,3249.9999999507954,-3521865.447342163,573548.5868091502,310.89585777527145,222,1:48:37
16.3%,815000,3259.999999950559,-3516240.8034008984,571885.0609004211,309.9941324006123,222,1:48:33
16.4%,817500,3269.9999999503225,-3519627.811530018,575476.8852982889,311.94110490274284,222,1:48:30
16.4%,820000,3279.999999950086,-3516555.244906122,573145.6467044861,310.6774413893668,222,1:48:26
16.4%,822500,3289.9999999498496,-3516838.412807958,575080.9845468183,311.72650424544355,222,1:48:22
16.5%,825000,3299.999999949613,-3520040.5373374037,572915.1364968515,310.55249178548536,222,1:48:18
16.6%,827500,3309.9999999493766,-3518519.202019071,572891.6702957274,310.5397717737985,222,1:48:14
16.6%,830000,3319.99999994914,-3517883.970860265,573082.7424379444,310.6433437098432,222,1:48:10
16.6%,832500,3329.9999999489037,-3516890.707205342,573781.9073850824,311.0223307581353,222,1:48:06
16.7%,835000,3339.999999948667,-3518137.5457584374,574633.3738125968,311.48387384521993,222,1:48:02
16.8%,837500,3349.9999999484307,-3518138.0944976844,576122.0035038813,312.2907955523352,222,1:47:58
16.8%,840000,3359.9999999481943,-3518727.179262858,573028.4691534092,310.61392451199686,222,1:47:54
16.9%,842500,3369.999999947958,-3520857.5482010357,574023.6159847275,311.15335052550387,222,1:47:50
16.9%,845000,3379.9999999477213,-3517240.9005353954,575903.5065715513,312.1723578248954,222,1:47:47
16.9%,847500,3389.999999947485,-3518492.9420585316,573407.5330968209,310.8193986645779,222,1:47:43
17.0%,850000,3399.9999999472484,-3520090.235489566,573211.3111047774,310.7130352178991,222,1:47:39
17.1%,852500,3409.999999947012,-3521333.7048721146,573220.1857451035,310.7178457762024,222,1:47:35
17.1%,855000,3419.9999999467755,-3518602.169622587,575266.8374279707,311.8272470460271,222,1:47:31
17.1%,857500,3429.999999946539,-3521379.7251036353,573959.9323292335,311.118830372972,222,1:47:27
17.2%,860000,3439.9999999463025,-3519211.5066155046,574511.4887963341,311.41780525477714,222,1:47:24
17.2%,862500,3449.999999946066,-3517408.227058526,573359.8327690971,310.7935423820502,222,1:47:20
17.3%,865000,3459.9999999458296,-3520149.0824576914,573985.8061027832,311.1328554254377,222,1:47:16
17.4%,867500,3469.999999945593,-3517321.2268901635,572469.5716238464,310.31097035805396,222,1:47:12
17.4%,870000,3479.9999999453566,-3514862.3514853828,571749.2683633255,309.9205251452363,222,1:47:08
17.4%,872500,3489.99999994512,-3517020.831185419,573104.00203743,310.65486761831414,222,1:47:04
17.5%,875000,3499.9999999448837,-3517202.8479197994,572265.7288893884,310.2004760368437,222,1:47:00
17.6%,877500,3509.9999999446472,-3519195.6975641754,574896.9549486605,311.6267497676344,222,1:46:56
17.6%,880000,3519.999999944411,-3518573.5784627926,572733.3531615746,310.4539549095346,222,1:46:53
17.6%,882500,3529.9999999441743,-3517937.2102002,574323.2049235178,311.3157447188596,222,1:46:49
17.7%,885000,3539.999999943938,-3514542.7862800453,575137.4036922047,311.7570866215548,222,1:46:45
17.8%,887500,3549.9999999437014,-3522199.6535240654,571408.0628662677,309.7355724173853,222,1:46:41
17.8%,890000,3559.999999943465,-3520235.5639400445,575108.6713782642,311.74151207810047,222,1:46:37
17.9%,892500,3569.9999999432284,-3517717.0104941837,572736.4414091152,310.4556289148243,222,1:46:33
17.9%,895000,3579.999999942992,-3518962.1157844346,572914.5855242615,310.55219312709806,222,1:46:29
17.9%,897500,3589.9999999427555,-3521421.0559108965,572039.1137782186,310.07763779612213,222,1:46:25
18.0%,900000,3599.999999942519,-3515783.2594057843,574971.8435959236,311.66734366109694,222,1:46:21
18.1%,902500,3609.9999999422826,-3522667.625713704,575022.8092633304,311.6949699428975,222,1:46:17
18.1%,905000,3619.999999942046,-3518493.8084307387,572686.0183480029,310.4282967564044,222,1:46:13
18.1%,907500,3629.9999999418096,-3517605.9823299535,572605.0879214705,310.38442787597194,222,1:46:09
18.2%,910000,3639.999999941573,-3522028.0471476186,573698.7133976129,310.9772348993172,222,1:46:06
18.2%,912500,3649.9999999413367,-3518384.909150183,575471.2138775203,311.9380306710819,222,1:46:02
18.3%,915000,3659.9999999411,-3522048.819186205,572359.1336605813,310.251106719454,222,1:45:58
18.4%,917500,3669.9999999408637,-3516008.694771828,574412.558481929,311.36417941441357,222,1:45:54
18.4%,920000,3679.9999999406273,-3519124.6966979466,574770.1950294381,311.5580387033506,222,1:45:50
18.4%,922500,3689.999999940391,-3520332.8511622027,575550.3602749638,311.9809325065827,222,1:45:46
18.5%,925000,3699.9999999401543,-3517923.4046446513,573081.6170109634,310.6427336646009,222,1:45:42
18.6%,927500,3709.999999939918,-3515717.7037518285,575235.6542832316,311.8103440133028,222,1:45:39
18.6%,930000,3719.9999999396814,-3519856.6199278235,572052.9639826546,310.085145392318,222,1:45:35
18.6%,932500,3729.999999939445,-3515627.9777583014,574638.8965981756,311.4868675081795,222,1:45:31
18.7%,935000,3739.9999999392085,-3519633.3485419676,574675.0767691068,311.5064792124619,222,1:45:27
18.8%,937500,3749.999999938972,-3520729.4174230825,573995.8237037591,311.1382855332261,222,1:45:23
18.8%,940000,3759.9999999387355,-3518294.7910284325,574321.7436759707,311.3149526398273,222,1:45:19
18.9%,942500,3769.999999938499,-3520079.275619339,574066.26604065,311.1764692743337,222,1:45:15
18.9%,945000,3779.9999999382626,-3523331.8814507853,575038.0187241635,311.7032143331389,222,1:45:11
18.9%,947500,3789.999999938026,-3518982.4874266554,573533.2131306517,310.88752436974335,222,1:45:07
19.0%,950000,3799.9999999377897,-3518539.8900465593,574388.5765317087,311.3511798374704,222,1:45:03
19.1%,952500,3809.999999937553,-3516053.1534508467,573201.6373605297,310.7077914999563,222,1:44:59
19.1%,955000,3819.9999999373167,-3513760.3633555137,574960.8251814675,311.66137105564997,222,1:44:55
19.1%,957500,3829.9999999370802,-3516958.2904073484,572676.7469959415,310.4232711578445,222,1:44:52
19.2%,960000,3839.999999936844,-3519416.016160706,574076.1008436545,311.18180029525587,222,1:44:48
19.2%,962500,3849.9999999366073,-3518330.6249982864,572381.767683795,310.2633756435238,222,1:44:44
19.3%,965000,3859.999999936371,-3521952.5135475826,573011.8124111982,310.60489561317894,222,1:44:40
19.4%,967500,3869.9999999361344,-3519033.510309724,573652.0946098813,310.95196487279526,222,1:44:36
19.4%,970000,3879.999999935898,-3518840.8011984043,573702.0489373109,310.9790429509791,222,1:44:32
19.4%,972500,3889.9999999356614,-3517478.1805882156,575007.1679174306,311.68649144645957,222,1:44:28
19.5%,975000,3899.999999935425,-3521153.8145126123,575248.5568565784,311.8173379397119,222,1:44:24
19.6%,977500,3909.9999999351885,-3521348.06502657,572006.4039268785,310.05990720184644,222,1:44:20
19.6%,980000,3919.999999934952,-3517038.2989223693,575286.4717539112,311.8378899640736,222,1:44:16
19.6%,982500,3929.9999999347156,-3518827.839843001,574985.3313587827,311.6746547934055,222,1:44:12
19.7%,985000,3939.999999934479,-3518230.4082804844,573566.2188905389,310.9054153632313,222,1:44:08
19.8%,987500,3949.9999999342426,-3518838.1932642013,575190.161346372,311.7856842617962,222,1:44:04
19.8%,990000,3959.999999934006,-3519625.040805213,574020.7423128015,311.1517928323652,222,1:44:00
19.9%,992500,3969.9999999337697,-3518979.7316825427,573685.848876245,310.9702615992384,222,1:43:56
19.9%,995000,3979.999999933533,-3520134.465514183,571738.5713514173,309.9147267581958,222,1:43:52
19.9%,997500,3989.9999999332967,-3520549.477803087,574027.9635779284,311.15570716755394,222,1:43:49
20.0%,1000000,3999.9999999330603,-3518244.246679347,573278.1251678001,310.74925222882484,222,1:43:44
20.1%,1002500,4009.999999932824,-3520114.0116535947,571673.9961728554,309.87972334960637,222,1:43:41
20.1%,1005000,4019.9999999325873,-3517884.7418610994,572773.1738381098,310.47553997429344,222,1:43:37
20.1%,1007500,4029.999999932351,-3520590.9393602423,573113.2709890031,310.6598919156732,222,1:43:33
20.2%,1010000,4039.9999999321144,-3519886.2357114013,571559.3868649807,309.8175986056871,222,1:43:29
20.2%,1012500,4049.999999931878,-3518197.439328363,572461.7692828493,310.3067410467929,222,1:43:25
20.3%,1015000,4059.9999999316415,-3518175.541298434,574907.7856678,311.6326206315763,222,1:43:21
20.4%,1017500,4069.999999931405,-3517970.5334287453,575301.1510802002,311.8458469913302,222,1:43:17
20.4%,1020000,4079.9999999311685,-3520825.356534753,572884.1024067118,310.53566954880637,222,1:43:13
20.4%,1022500,4089.999999930932,-3519351.210478522,576045.0249023484,312.2490687851453,222,1:43:10
20.5%,1025000,4099.999999930696,-3522482.3895880543,573782.6842939791,311.0227518868128,222,1:43:06
20.6%,1027500,4109.999999930459,-3520537.89927727,573008.3783821063,310.60303417468066,222,1:43:02
20.6%,1030000,4119.999999930223,-3519233.8340549096,574519.7973224812,311.4223089470932,222,1:42:58
20.6%,1032500,4129.999999929986,-3519156.6493210997,572117.213001429,310.11997200380745,222,1:42:54
20.7%,1035000,4139.99999992975,-3517563.160377085,574022.912439273,311.15296916397216,222,1:42:50
20.8%,1037500,4149.999999929513,-3515645.4648571275,574058.8205770464,311.1724334108571,222,1:42:46
20.8%,1040000,4159.999999929277,-3516379.610219352,574643.5985711205,311.48941624414635,222,1:42:42
20.9%,1042500,4169.99999992904,-3519153.989948297,572940.7768991783,310.5663903375147,222,1:42:38
20.9%,1045000,4179.999999928804,-3521711.038342515,574466.3536331941,311.3933394369145,222,1:42:34
20.9%,1047500,4189.999999928567,-3520535.998606179,573016.4792397132,310.60742529887193,222,1:42:30
21.0%,1050000,4199.999999928331,-3518054.754651202,573982.2839311792,311.1309462086996,222,1:42:27
21.1%,1052500,4209.999999928094,-3519076.864470631,574289.5084992659,311.297479346121,222,1:42:23
21.1%,1055000,4219.999999927858,-3518293.2306694835,573715.6687933916,310.98642568530414,222,1:42:19
21.1%,1057500,4229.9999999276215,-3519308.834336836,571915.3798620763,310.01056699710057,222,1:42:15
21.2%,1060000,4239.999999927385,-3517200.864866065,571746.2352515209,309.9188810266421,222,1:42:11
21.2%,1062500,4249.999999927149,-3519805.9099414553,574427.7004353092,311.3723872117873,222,1:42:07
21.3%,1065000,4259.999999926912,-3515101.9958848264,575162.5632508611,311.7707245290479,222,1:42:03
21.4%,1067500,4269.999999926676,-3513659.45122673,572665.1968740519,310.41701033681755,222,1:41:59
21.4%,1070000,4279.999999926439,-3519516.5383289233,573944.5487368396,311.1104915935504,222,1:41:55
21.4%,1072500,4289.999999926203,-3515983.641356718,575066.9502391522,311.7188968548572,222,1:41:51
21.5%,1075000,4299.999999925966,-3521100.9449913446,573618.1996786285,310.9335918980056,222,1:41:47
21.6%,1077500,4309.99999992573,-3517272.864872448,574417.4931959847,311.36685430926036,222,1:41:43
21.6%,1080000,4319.999999925493,-3520680.0801383443,574043.2569778068,311.1639970575177,222,1:41:39
21.6%,1082500,4329.999999925257,-3520980.6822114345,573991.3418061465,311.135856090569,222,1:41:35
21.7%,1085000,4339.99999992502,-3517650.3092485275,574305.5099353553,311.3061530318611,222,1:41:32
21.8%,1087500,4349.999999924784,-3519141.1461863816,574972.4383863491,311.66766607123583,222,1:41:28
21.8%,1090000,4359.999999924547,-3520276.426959753,575454.8194615319,311.92914396795226,222,1:41:24
21.9%,1092500,4369.999999924311,-3518321.359505225,571911.7298302813,310.00858847288856,222,1:41:20
21.9%,1095000,4379.9999999240745,-3515795.195993295,573911.4299019524,311.0925393070004,222,1:41:16
21.9%,1097500,4389.999999923838,-3516878.022612404,574248.5693125592,311.2752879854229,222,1:41:12
22.0%,1100000,4399.9999999236015,-3517883.3376389556,574211.6249679012,311.2552620556471,222,1:41:08
22.1%,1102500,4409.999999923365,-3520530.046640208,572513.7760842387,310.3349316822507,222,1:41:04
22.1%,1105000,4419.999999923129,-3517081.7264864985,572810.8740228044,310.49597561222976,222,1:41:01
22.1%,1107500,4429.999999922892,-3517763.7913933024,574389.7837225994,311.3518342033883,222,1:40:57
22.2%,1110000,4439.999999922656,-3517784.995174857,574881.7234710196,311.6184934430348,222,1:40:53
22.2%,1112500,4449.999999922419,-3517755.958175771,575652.5850695213,312.0363441420061,222,1:40:49
22.3%,1115000,4459.999999922183,-3519332.119615635,573532.0988597877,310.8869203717491,222,1:40:45
22.4%,1117500,4469.999999921946,-3518089.794899989,574423.3334015942,311.3700200318762,222,1:40:41
22.4%,1120000,4479.99999992171,-3516645.078405546,575421.2453292464,311.91094488439415,222,1:40:37
22.4%,1122500,4489.999999921473,-3521154.0994725227,572739.184596406,310.4571158778914,222,1:40:33
22.5%,1125000,4499.999999921237,-3515411.5927986633,575125.1496453374,311.750444233273,222,1:40:29
22.6%,1127500,4509.999999921,-3519042.044474844,571624.3212226423,309.8527967097163,222,1:40:25
22.6%,1130000,4519.999999920764,-3518741.599608427,572914.2817377178,310.55202845756486,222,1:40:21
22.6%,1132500,4529.999999920527,-3517248.421158485,573405.0169691375,310.8180347806936,222,1:40:18
22.7%,1135000,4539.999999920291,-3520689.2270363327,574363.9323131472,311.33782127353163,222,1:40:14
22.8%,1137500,4549.9999999200545,-3518019.424803337,573100.42968195,310.65293119906954,222,1:40:10
22.8%,1140000,4559.999999919818,-3517582.5999460593,574274.8243041263,311.2895196796714,222,1:40:06
22.9%,1142500,4569.999999919582,-3517172.004991375,573881.4445912279,311.0762855682366,222,1:40:02
22.9%,1145000,4579.999999919345,-3519673.341382576,572659.8867721269,310.4141319604588,222,1:39:58
22.9%,1147500,4589.999999919109,-3517397.107933607,574729.3169592433,311.5358804712675,222,1:39:54
23.0%,1150000,4599.999999918872,-3515845.3635344673,574741.6967323122,311.54259101028,222,1:39:50
23.1%,1152500,4609.999999918636,-3518747.220838288,573365.5336704676,310.79663259386916,222,1:39:47
23.1%,1155000,4619.999999918399,-3521054.1159626525,573485.5943483248,310.861712289445,222,1:39:43
23.1%,1157500,4629.999999918163,-3518874.384295825,574890.2565519353,311.62311885676917,222,1:39:39
23.2%,1160000,4639.999999917926,-3518356.044655064,575345.8797956423,311.87009249149247,222,1:39:35
23.2%,1162500,4649.99999991769,-3515659.094456682,573921.5739955759,311.0980379809767,222,1:39:31
23.3%,1165000,4659.999999917453,-3517758.648097379,574163.8644685843,311.22937315670396,222,1:39:27
23.4%,1167500,4669.999999917217,-3518175.717466235,574396.8867177297,311.3556844295324,222,1:39:23
23.4%,1170000,4679.99999991698,-3519385.1287562214,573102.2772525306,310.6539326870928,222,1:39:19
23.4%,1172500,4689.999999916744,-3516747.126086386,572056.8017409671,310.08722567494783,222,1:39:15
23.5%,1175000,4699.9999999165075,-3521122.8532262556,573474.7713830696,310.85584562854814,222,1:39:12
23.6%,1177500,4709.999999916271,-3517548.223061729,571460.1901704188,309.76382837217324,222,1:39:08
23.6%,1180000,4719.9999999160345,-3518735.9004231784,573947.3309930032,311.1119997341621,222,1:39:04
23.6%,1182500,4729.999999915798,-3518582.5302674063,573947.6095339132,311.1121507191303,222,1:39:01
23.7%,1185000,4739.999999915562,-3517678.26743515,573892.3676016615,311.0822064592933,222,1:38:57
23.8%,1187500,4749.999999915325,-3519402.924517598,572780.235117964,310.4793675883923,222,1:38:53
23.8%,1190000,4759.999999915089,-3517146.2846791465,573211.0146606062,310.7128745283481,222,1:38:49
23.9%,1192500,4769.999999914852,-3517937.10338806,574640.7871076566,311.4878922715216,222,1:38:45
23.9%,1195000,4779.999999914616,-3518571.624179451,575378.4247953412,311.88773372683045,222,1:38:41
23.9%,1197500,4789.999999914379,-3523178.124402683,573805.7634995125,311.03526212494444,222,1:38:37
24.0%,1200000,4799.999999914143,-3519417.1289134026,574041.5771932829,311.1630865190516,222,1:38:33
24.1%,1202500,4809.999999913906,-3522745.010273589,573434.1178770922,310.8338091230051,222,1:38:29
24.1%,1205000,4819.99999991367,-3517009.971984666,573309.8374522924,310.76644208530087,222,1:38:25
24.1%,1207500,4829.999999913433,-3518926.036793409,572983.7930912338,310.5897075528909,222,1:38:21
24.2%,1210000,4839.999999913197,-3518638.9650390856,575609.7777005106,312.01314012056173,222,1:38:17
24.2%,1212500,4849.99999991296,-3516443.2576078437,574581.1493801242,311.4555652413739,222,1:38:13
24.3%,1215000,4859.999999912724,-3516226.7813055664,575661.4921074291,312.04117226163584,222,1:38:09
24.4%,1217500,4869.9999999124875,-3516614.133931609,574560.7506106128,311.44450795156337,222,1:38:05
24.4%,1220000,4879.999999912251,-3517101.136119509,575161.0929777405,311.76992755764303,222,1:38:01
24.4%,1222500,4889.999999912015,-3520767.309525626,571199.9053757046,309.62273925369294,222,1:37:58
24.5%,1225000,4899.999999911778,-3516279.394005887,574364.5210697015,311.3381404129702,222,1:37:54
24.6%,1227500,4909.999999911542,-3516433.1577943377,573837.2458184077,311.0523273270264,222,1:37:50
24.6%,1230000,4919.999999911305,-3519815.4243494496,575536.2873391635,311.97330417735714,222,1:37:46
24.6%,1232500,4929.999999911069,-3515384.614225341,575908.8216705325,312.1752389099419,222,1:37:42
24.7%,1235000,4939.999999910832,-3518255.936522698,575796.0864059173,312.11413000373915,222,1:37:38
24.8%,1237500,4949.999999910596,-3519953.574514553,574932.3477670241,311.6459346821775,222,1:37:34
24.8%,1240000,4959.999999910359,-3518571.538590189,574764.3591810579,311.55487534260004,222,1:37:30
24.9%,1242500,4969.999999910123,-3516782.212438019,572882.1652660196,310.53461950870343,222,1:37:26
24.9%,1245000,4979.999999909886,-3520519.805131212,573296.9066829006,310.7594328750365,222,1:37:22
24.9%,1247500,4989.99999990965,-3520518.1648702007,573853.81162393,311.06130693300224,222,1:37:18
25.0%,1250000,4999.999999909413,-3520818.817201635,572459.3750623348,310.30544324350706,222,1:37:14
25.1%,1252500,5009.999999909177,-3518492.9961583223,572097.6169541798,310.10934983498225,222,1:37:11
25.1%,1255000,5019.9999999089405,-3515970.8116917834,574327.9862370909,311.318336461946,222,1:37:07
25.1%,1257500,5029.999999908704,-3517329.994946277,574130.6111413738,311.21134796768814,222,1:37:03
25.2%,1260000,5039.9999999084675,-3517302.2777466495,573081.2033731117,310.64250944942944,222,1:36:59
25.2%,1262500,5049.999999908231,-3519857.159786595,574174.4638648775,311.2351186305457,222,1:36:55
25.3%,1265000,5059.999999907995,-3520608.1328349877,575547.617562614,311.97944580096055,222,1:36:51
25.4%,1267500,5069.999999907758,-3521163.6797994915,575279.6895985503,311.83421365127816,222,1:36:47
25.4%,1270000,5079.999999907522,-3518454.9870926235,574329.3232217003,311.3190611834196,222,1:36:44
25.4%,1272500,5089.999999907285,-3518983.3917824198,571333.0672717262,309.69492055243336,222,1:36:40
25.5%,1275000,5099.999999907049,-3519746.2184608,574033.3219953347,311.15861173364334,222,1:36:36
25.6%,1277500,5109.999999906812,-3516248.6997123454,574292.6814297114,311.2991992543471,222,1:36:32
25.6%,1280000,5119.999999906576,-3517112.4318885133,575010.2150636453,311.6881431724998,222,1:36:28
25.6%,1282500,5129.999999906339,-3516210.517920483,574847.7265634515,311.60006519129956,222,1:36:24
25.7%,1285000,5139.999999906103,-3520184.6470219605,573189.3653476404,310.7011393730718,222,1:36:20
25.8%,1287500,5149.999999905866,-3518017.4668925777,576698.2940786702,312.6031777230831,222,1:36:16
25.8%,1290000,5159.99999990563,-3519058.263797274,571981.5948653878,310.04645928369246,222,1:36:12
25.9%,1292500,5169.999999905393,-3516422.148165673,573569.5431714143,310.90721731197294,222,1:36:08
25.9%,1295000,5179.999999905157,-3518014.811527472,574900.3541000148,311.6285923004212,222,1:36:04
25.9%,1297500,5189.9999999049205,-3517472.208347041,575047.6327672382,311.70842568966054,222,1:36:01
26.0%,1300000,5199.999999904684,-3520319.5021155123,572787.1038271738,310.483090818282,222,1:35:57
26.1%,1302500,5209.999999904448,-3520631.1011504736,573950.995289798,311.11398599081303,222,1:35:53
26.1%,1305000,5219.999999904211,-3516692.6000669785,572682.272351488,310.4262662138723,222,1:35:49
26.1%,1307500,5229.999999903975,-3520823.3824556656,574375.5604642361,311.3441243908093,222,1:35:45
26.2%,1310000,5239.999999903738,-3521640.789986115,574508.936050721,311.4164215218985,222,1:35:41
26.2%,1312500,5249.999999903502,-3521430.228167439,575124.2322717428,311.74994696476404,222,1:35:37
26.3%,1315000,5259.999999903265,-3517517.571498042,573218.7584502003,310.7170721014285,222,1:35:33
26.4%,1317500,5269.999999903029,-3518528.9657061957,576084.7651818742,312.270610270166,222,1:35:29
26.4%,1320000,5279.999999902792,-3524428.2462651674,572913.5738217358,310.55164472695947,222,1:35:25
26.4%,1322500,5289.999999902556,-3517697.0388589073,573620.9133357984,310.9350628540727,222,1:35:21
26.5%,1325000,5299.999999902319,-3518715.0137645844,575105.7922112503,311.7399514063125,222,1:35:17
26.6%,1327500,5309.999999902083,-3516761.889542816,574355.8643825315,311.33344799763677,222,1:35:14
26.6%,1330000,5319.999999901846,-3516350.92964036,573210.0044334051,310.71232692791904,222,1:35:10
26.6%,1332500,5329.99999990161,-3517974.105999019,571591.9580651065,309.8352540431423,222,1:35:06
26.7%,1335000,5339.9999999013735,-3518664.210880449,570554.9827075009,309.27315459645337,222,1:35:02
26.8%,1337500,5349.999999901137,-3518591.2748694047,575285.3949874446,311.8373062955895,222,1:34:58
26.8%,1340000,5359.999999900901,-3519685.9830393624,573437.413955495,310.8355957844073,222,1:34:54
26.9%,1342500,5369.999999900664,-3519878.081113968,575314.8499327984,311.8532725462474,222,1:34:50
26.9%,1345000,5379.999999900428,-3521125.707633812,573391.1145403234,310.81049887592326,222,1:34:46
26.9%,1347500,5389.999999900191,-3520326.419370355,573730.0743162308,310.9942342955646,222,1:34:42
27.0%,1350000,5399.999999899955,-3518196.672685325,573478.5731431188,310.85790639807794,222,1:34:38
27.1%,1352500,5409.999999899718,-3522434.957723515,570388.314660053,309.1828110636355,222,1:34:34
27.1%,1355000,5419.999999899482,-3520766.5321179684,573861.2225913806,311.06532409760786,222,1:34:31
27.1%,1357500,5429.999999899245,-3519989.5092562903,573926.7430961533,311.1008399266093,222,1:34:27
27.2%,1360000,5439.999999899009,-3519415.668549789,573493.7800154213,310.86614938518886,222,1:34:23
27.2%,1362500,5449.999999898772,-3520485.7316093333,572434.3240030751,310.2918641488395,222,1:34:19
27.3%,1365000,5459.999999898536,-3515529.3823765405,575874.6576282331,312.1567200617048,222,1:34:15
27.4%,1367500,5469.999999898299,-3517562.775989633,573540.5472851568,310.89149989737666,222,1:34:11
27.4%,1370000,5479.999999898063,-3517360.1741277166,574441.6314587125,311.3799386164464,222,1:34:07
27.4%,1372500,5489.9999998978265,-3516816.6023167465,573189.6412827079,310.70128894552556,222,1:34:03
27.5%,1375000,5499.99999989759,-3521336.3329664823,573492.0069499434,310.8651882831561,222,1:33:59
27.6%,1377500,5509.9999998973535,-3519273.3230915293,572870.9847227558,310.528559020249,222,1:33:55
27.6%,1380000,5519.999999897117,-3522128.778758999,571947.3205340367,310.02788065253526,222,1:33:51
27.6%,1382500,5529.999999896881,-3520586.1843962613,575874.0762001111,312.1564048946922,222,1:33:47
27.7%,1385000,5539.999999896644,-3519177.6792056356,573554.7140086555,310.8991790648532,222,1:33:44
27.8%,1387500,5549.999999896408,-3519581.923507599,573687.3809332494,310.9710920610118,222,1:33:40
27.8%,1390000,5559.999999896171,-3519729.025779778,572152.8304467326,310.1392786788897,222,1:33:36
27.9%,1392500,5569.999999895935,-3517476.4175585173,574628.3378106039,311.4811440465675,222,1:33:32
27.9%,1395000,5579.999999895698,-3516255.384114323,574904.3148264308,311.6307392387361,222,1:33:28
27.9%,1397500,5589.999999895462,-3520148.0382444486,573156.3819815438,310.68326051828814,222,1:33:24
28.0%,1400000,5599.999999895225,-3516553.453699954,572735.0071920166,310.45485148782785,222,1:33:20
28.1%,1402500,5609.999999894989,-3517257.027021127,574578.0106790562,311.4538638874115,222,1:33:16
28.1%,1405000,5619.999999894752,-3514626.2895534877,573210.1437729648,310.71240245786186,222,1:33:12
28.1%,1407500,5629.999999894516,-3518988.465060517,571670.450796032,309.8778015543234,222,1:33:08
28.2%,1410000,5639.999999894279,-3519804.9421496615,573613.7675322632,310.93118942334576,222,1:33:04
28.2%,1412500,5649.999999894043,-3521734.8279236257,571656.7918893598,309.8703976523633,222,1:33:01
28.3%,1415000,5659.9999998938065,-3517637.6393171437,574717.9197899557,311.5297025592242,222,1:32:57
28.4%,1417500,5669.99999989357,-3516329.357337462,575124.7247714107,311.75021392751177,222,1:32:53
28.4%,1420000,5679.999999893334,-3519386.0621647723,573699.9193672567,310.97788860324994,222,1:32:49
28.4%,1422500,5689.999999893097,-3522130.967639072,573174.5243811402,310.69309472765485,222,1:32:45
28.5%,1425000,5699.999999892861,-3518350.24714154,574668.1557878319,311.5027276481488,222,1:32:41
28.6%,1427500,5709.999999892624,-3518393.8773850612,574454.222014519,311.3867634116554,222,1:32:37
28.6%,1430000,5719.999999892388,-3518454.001898054,578204.4074515346,313.4195765770468,222,1:32:33
28.6%,1432500,5729.999999892151,-3517784.8514538966,575072.8012589642,311.722068439384,222,1:32:29
28.7%,1435000,5739.999999891915,-3517118.4714774955,574372.2136378922,311.34231022114534,222,1:32:25
28.8%,1437500,5749.999999891678,-3522433.7408003435,574790.8240198824,311.5692207859617,222,1:32:22
28.8%,1440000,5759.999999891442,-3519293.78384638,572779.0551177082,310.4787279613404,222,1:32:18
28.9%,1442500,5769.999999891205,-3517701.2476005815,572712.3616978178,310.44257634583363,222,1:32:14
28.9%,1445000,5779.999999890969,-3517712.264413258,577210.9120561257,312.8810457354492,222,1:32:10
28.9%,1447500,5789.999999890732,-3517794.8243677,575260.8124280181,311.8239811543983,222,1:32:06
29.0%,1450000,5799.999999890496,-3517458.8181536887,575189.8826975271,311.7855332183211,222,1:32:02
29.1%,1452500,5809.9999998902595,-3520465.784900341,573196.799523781,310.7051691181034,222,1:31:58
29.1%,1455000,5819.999999890023,-3522145.656108305,574790.5225159384,311.5690573537269,222,1:31:54
29.1%,1457500,5829.9999998897865,-3516779.860008061,574110.0239991094,311.2001885691635,222,1:31:50
29.2%,1460000,5839.99999988955,-3520674.746720819,575899.5143253279,312.1701938010575,222,1:31:47
29.2%,1462500,5849.999999889314,-3522095.777046563,575435.9764692497,311.91892999762194,222,1:31:43
29.3%,1465000,5859.999999889077,-3518762.307878347,575100.2794472314,311.7369631756067,222,1:31:39
29.4%,1467500,5869.999999888841,-3517211.552281745,575109.5077650156,311.741965447148,222,1:31:35
29.4%,1470000,5879.999999888604,-3519399.211559668,573363.8537444718,310.7957219787173,222,1:31:31
29.4%,1472500,5889.999999888368,-3521197.5613634475,572793.227052002,310.4864099533633,222,1:31:27
29.5%,1475000,5899.999999888131,-3518174.8081833962,575998.4171450785,312.22380473775917,222,1:31:23
29.6%,1477500,5909.999999887895,-3519491.6159894746,573951.4690677741,311.11424280534214,222,1:31:20
29.6%,1480000,5919.999999887658,-3518218.727602152,574721.2247962402,311.53149406004457,222,1:31:16
29.6%,1482500,5929.999999887422,-3518701.2646954097,575349.9276311183,311.87228664785755,222,1:31:12
29.7%,1485000,5939.999999887185,-3521893.1963315494,574300.8289081724,311.303615649685,222,1:31:08
29.8%,1487500,5949.999999886949,-3519977.2135620173,573385.9273107656,310.8076871033552,222,1:31:04
29.8%,1490000,5959.999999886712,-3518123.581645677,572779.0697785644,310.4787359083558,222,1:31:00
29.9%,1492500,5969.999999886476,-3517293.0787536465,574607.047579902,311.4696035342404,222,1:30:56
29.9%,1495000,5979.9999998862395,-3518306.604931522,575420.6283194271,311.9106104300838,222,1:30:53
29.9%,1497500,5989.999999886003,-3516672.225602893,571920.7808622646,310.0134946454725,222,1:30:49
30.0%,1500000,5999.999999885767,-3519352.557365719,573296.9923502469,310.759479311596,222,1:30:45
30.1%,1502500,6009.99999988553,-3517365.7859387547,573105.8277402344,310.65585725276276,222,1:30:41
30.1%,1505000,6019.999999885294,-3521223.432618426,573587.5554503552,310.9169809885657,222,1:30:37
30.1%,1507500,6029.999999885057,-3519386.013727138,571660.5462978308,309.87243275465255,222,1:30:33
30.2%,1510000,6039.999999884821,-3517302.876109535,574065.5294709979,311.1760700118143,222,1:30:29
30.2%,1512500,6049.999999884584,-3519698.4283161517,575324.0983283259,311.85828570106406,222,1:30:25
30.3%,1515000,6059.999999884348,-3517193.7697468754,574727.8634707388,311.53509259807635,222,1:30:22
30.4%,1517500,6069.999999884111,-3519309.346472051,573904.6294887878,311.08885309744005,222,1:30:18
30.4%,1520000,6079.999999883875,-3518155.4666477647,574433.1758480414,311.3753551959777,222,1:30:14
30.4%,1522500,6089.999999883638,-3518846.533638412,574466.5924633127,311.3934688963819,222,1:30:10
30.5%,1525000,6099.999999883402,-3515825.7046232745,573354.2846447362,310.7905349840339,222,1:30:06
30.6%,1527500,6109.999999883165,-3520277.2393829226,573643.2566852797,310.9471742164966,222,1:30:02
30.6%,1530000,6119.999999882929,-3519341.5658001155,572965.668391872,310.57988293805505,222,1:29:58
30.6%,1532500,6129.9999998826925,-3518631.311556354,572738.1662170424,310.45656385852794,222,1:29:54
30.7%,1535000,6139.999999882456,-3517305.6292929016,572637.658138274,310.4020827804106,222,1:29:51
30.8%,1537500,6149.9999998822195,-3517616.5793905705,573845.829137428,311.0569799726622,222,1:29:47
30.8%,1540000,6159.999999881983,-3518066.4926344715,573719.2717902444,310.98837871391044,222,1:29:43
30.9%,1542500,6169.999999881747,-3519734.2374426033,573355.5551006012,310.7912236431554,222,1:29:39
30.9%,1545000,6179.99999988151,-3519632.505580405,572240.1298322203,310.18659989623495,222,1:29:35
30.9%,1547500,6189.999999881274,-3516289.6233544108,574597.0589879755,311.46418915100173,222,1:29:31
31.0%,1550000,6199.999999881037,-3518395.414948752,574358.853800707,311.33506843180623,222,1:29:27
31.1%,1552500,6209.999999880801,-3514507.5674103145,574822.7804264209,311.58654297042995,222,1:29:23
31.1%,1555000,6219.999999880564,-3521926.62433389,571760.954726578,309.9268598168076,222,1:29:20
31.1%,1557500,6229.999999880328,-3518061.9915706217,573857.0004389444,311.0630354515655,222,1:29:16
31.2%,1560000,6239.999999880091,-3520163.098063059,575432.9030335872,311.91726402121014,222,1:29:12
31.2%,1562500,6249.999999879855,-3520457.1884278078,574977.4906852299,311.6704047037255,222,1:29:08
31.3%,1565000,6259.999999879618,-3517533.1636031773,574245.6779291038,311.27372069163084,222,1:29:04
31.4%,1567500,6269.999999879382,-3521384.499484349,573715.5550770055,310.98636404457454,222,1:29:00
31.4%,1570000,6279.999999879145,-3525557.8035139516,573097.5513798286,310.65137099610234,222,1:28:57
31.4%,1572500,6289.999999878909,-3520452.932614336,572985.589245082,310.5906811701295,222,1:28:53
31.5%,1575000,6299.9999998786725,-3518257.2278173678,575254.3775349191,311.8204930774407,222,1:28:49
31.6%,1577500,6309.999999878436,-3517814.645952735,573755.1035020221,311.0078015335719,222,1:28:45
31.6%,1580000,6319.9999998782,-3519222.458840063,573514.024594483,310.8771230950321,222,1:28:41
31.6%,1582500,6329.999999877963,-3518389.5377450474,575618.315090779,312.0177678702097,222,1:28:37
31.7%,1585000,6339.999999877727,-3518626.105803078,573714.6014851213,310.9858471436988,222,1:28:33
31.8%,1587500,6349.99999987749,-3518755.062502643,574808.7822419808,311.57895516068044,222,1:28:29
31.8%,1590000,6359.999999877254,-3517950.074435672,572835.1541595433,310.50913682317497,222,1:28:26
31.9%,1592500,6369.999999877017,-3521005.9564706776,576793.0082965982,312.6545182000775,222,1:28:22
31.9%,1595000,6379.999999876781,-3516271.600956334,572725.1009888828,310.44948176398685,222,1:28:18
31.9%,1597500,6389.999999876544,-3515660.7032195963,573568.5844993528,310.90669765735305,222,1:28:14
32.0%,1600000,6399.999999876308,-3520500.7908115033,574120.8644611315,311.2060647143002,222,1:28:10
32.0%,1602500,6409.999999876071,-3520877.357182186,574453.9727811053,311.38662831301207,222,1:28:06
32.1%,1605000,6419.999999875835,-3518798.8131906968,574343.6484360779,311.32682626193974,222,1:28:02
32.1%,1607500,6429.999999875598,-3517373.252724277,573323.1500660471,310.77365827686276,222,1:27:58
32.2%,1610000,6439.999999875362,-3522549.238238275,573670.8216003173,310.96211596354686,222,1:27:54
32.2%,1612500,6449.9999998751255,-3521714.9773101155,571605.50098908,309.84259507590286,222,1:27:51
32.3%,1615000,6459.999999874889,-3519309.050893711,573774.5843956866,311.0183612826243,222,1:27:47
32.4%,1617500,6469.9999998746525,-3518173.6168941613,572758.2341214266,310.46744180067753,222,1:27:43
32.4%,1620000,6479.999999874416,-3518099.3113584556,576528.5568357934,312.51117051230057,222,1:27:39
32.5%,1622500,6489.99999987418,-3519704.8824841864,575165.5849091164,311.77236243916883,222,1:27:35
32.5%,1625000,6499.999999873943,-3518007.4783672336,573418.1620497834,310.82516015981037,222,1:27:31
32.5%,1627500,6509.999999873707,-3515577.8334184457,573411.0564830105,310.8213085396903,222,1:27:27
32.6%,1630000,6519.99999987347,-3518140.180136742,573542.085428399,310.89233365823617,222,1:27:24
32.6%,1632500,6529.999999873234,-3516773.245148612,573569.1735805076,310.90701697274346,222,1:27:20
32.7%,1635000,6539.999999872997,-3519316.4956303593,574072.0653831202,311.1796128468109,222,1:27:16
32.8%,1637500,6549.999999872761,-3515725.0990764163,574930.0786230136,311.6447046774494,222,1:27:12
32.8%,1640000,6559.999999872524,-3520523.425654236,573995.343266665,311.1380251090773,222,1:27:08
32.9%,1642500,6569.999999872288,-3519321.357341757,572263.9700492218,310.19952264573635,222,1:27:04
32.9%,1645000,6579.999999872051,-3515619.5722669605,575442.812390364,311.9226354545046,222,1:27:00
33.0%,1647500,6589.999999871815,-3517325.9909865707,573355.7313872895,310.791319200537,222,1:26:56
33.0%,1650000,6599.999999871578,-3521606.214916045,575726.1146978614,312.0762013701476,222,1:26:52
33.0%,1652500,6609.999999871342,-3519328.396798214,574416.3243783321,311.36622074381347,222,1:26:48
33.1%,1655000,6619.9999998711055,-3521320.5362919103,573158.6460722559,310.684487783842,222,1:26:45
33.1%,1657500,6629.999999870869,-3518680.3483597934,572778.5991866901,310.4784808208745,222,1:26:41
33.2%,1660000,6639.999999870633,-3520210.5040460583,573463.635120852,310.8498091429318,222,1:26:37
33.2%,1662500,6649.999999870396,-3517679.841193635,575241.6878195886,311.81361453214686,222,1:26:33
33.3%,1665000,6659.99999987016,-3518578.9473230448,575074.1574651664,311.7228035800508,222,1:26:29
33.4%,1667500,6669.999999869923,-3520335.9057097957,574665.7174511049,311.5014059313741,222,1:26:25
33.4%,1670000,6679.999999869687,-3520584.062954141,574710.7634514249,311.52582341793214,222,1:26:21
33.5%,1672500,6689.99999986945,-3518209.8452539593,575504.9234659027,311.9563031795257,222,1:26:17
33.5%,1675000,6699.999999869214,-3518305.4597714096,572671.0601575586,310.4201885689624,222,1:26:13
33.5%,1677500,6709.999999868977,-3521096.8622025866,574039.8763380691,311.1621645590768,222,1:26:09
33.6%,1680000,6719.999999868741,-3517667.7502792086,574484.0165530692,311.4029137410827,222,1:26:06
33.6%,1682500,6729.999999868504,-3518243.9338439945,574597.8021084246,311.46459196442464,222,1:26:02
33.7%,1685000,6739.999999868268,-3516985.7801944874,574217.5659500957,311.2584824048867,222,1:25:58
33.8%,1687500,6749.999999868031,-3519577.7227404155,575062.3232775601,311.71638877929706,222,1:25:54
33.8%,1690000,6759.999999867795,-3521240.1078454014,575022.7461112522,311.69493571089004,222,1:25:50
33.9%,1692500,6769.9999998675585,-3517957.369869532,572668.581870385,310.4188451967801,222,1:25:46
33.9%,1695000,6779.999999867322,-3519866.44308082,578721.8084377736,313.7000372513995,222,1:25:42
34.0%,1697500,6789.9999998670855,-3518760.6495538615,574125.164150515,311.20839538976486,222,1:25:38
34.0%,1700000,6799.999999866849,-3516171.008583341,572983.6325080659,310.5896205077078,222,1:25:34
34.0%,1702500,6809.999999866613,-3520661.1956737414,575044.1852518538,311.70655694082694,222,1:25:31
34.1%,1705000,6819.999999866376,-3521793.109579919,576166.2087538851,312.3147573045463,222,1:25:27
34.1%,1707500,6829.99999986614,-3518121.6056839637,574939.7093188572,311.6499250607162,222,1:25:23
34.2%,1710000,6839.999999865903,-3519907.195109261,576895.7820313515,312.7102273922152,222,1:25:19
34.2%,1712500,6849.999999865667,-3519615.9132546727,573253.7346238429,310.7360311709065,222,1:25:15
34.3%,1715000,6859.99999986543,-3519064.890386196,573848.2672934476,311.0583015914833,222,1:25:11
34.4%,1717500,6869.999999865194,-3516582.438050095,572081.6067852424,310.10067141554333,222,1:25:07
34.4%,1720000,6879.999999864957,-3518740.980239885,574097.3017908608,311.1932924108655,222,1:25:04
34.5%,1722500,6889.999999864721,-3518464.044871781,573791.3907511026,311.02747128028324,222,1:25:00
34.5%,1725000,6899.999999864484,-3518731.9851892013,574513.5718953954,311.4189344125928,222,1:24:56
34.5%,1727500,6909.999999864248,-3516876.1288330965,575516.7280678756,311.96270194318845,222,1:24:52
34.6%,1730000,6919.999999864011,-3520296.484585006,574170.9367532297,311.2332067360237,222,1:24:48
34.6%,1732500,6929.999999863775,-3517713.455010496,575998.0875768748,312.22362609310414,222,1:24:44
34.7%,1735000,6939.9999998635385,-3518890.8999536987,574499.5186921591,311.41131677953587,222,1:24:40
34.8%,1737500,6949.999999863302,-3521707.2072391193,571328.1977976375,309.6922810213482,222,1:24:36
34.8%,1740000,6959.999999863066,-3520973.7620319854,574597.4265770421,311.4643884051204,222,1:24:32
34.9%,1742500,6969.999999862829,-3519175.7862860225,574741.611733892,311.5425449363163,222,1:24:29
34.9%,1745000,6979.999999862593,-3518339.122022819,573858.2393022199,311.063706985712,222,1:24:25
35.0%,1747500,6989.999999862356,-3516899.689224461,575146.8280532433,311.7621951596568,222,1:24:21
35.0%,1750000,6999.99999986212,-3519803.4260275364,573995.9157567164,311.13833543114896,222,1:24:17
35.0%,1752500,7009.999999861883,-3521031.7222748604,573544.5276183316,310.8936574636668,222,1:24:13
35.1%,1755000,7019.999999861647,-3517580.0608122163,573501.9443844068,310.87057493614884,222,1:24:09
35.1%,1757500,7029.99999986141,-3517570.0242013317,575836.0203802437,312.13577648232547,222,1:24:05
35.2%,1760000,7039.999999861174,-3520887.632973224,574258.8012256057,311.2808342625063,222,1:24:02
35.2%,1762500,7049.999999860937,-3518162.188065786,571290.2447723431,309.67170832946914,222,1:23:58
35.3%,1765000,7059.999999860701,-3519460.436280178,572881.7935802572,310.5344180339433,222,1:23:54
35.4%,1767500,7069.999999860464,-3517043.9943958893,571844.3157187854,309.9720462016639,222,1:23:50
35.4%,1770000,7079.999999860228,-3519575.6953441203,575051.067760394,311.7102876507362,222,1:23:46
35.5%,1772500,7089.9999998599915,-3523643.874591358,573903.4078222376,311.08819088489383,222,1:23:42
35.5%,1775000,7099.999999859755,-3522897.3382430933,574114.4858656733,311.2026071538564,222,1:23:38
35.5%,1777500,7109.9999998595185,-3517670.2132763173,574647.979725237,311.4917910781158,222,1:23:35
35.6%,1780000,7119.999999859282,-3517896.3335694447,574290.0025119309,311.297747128999,222,1:23:31
35.6%,1782500,7129.999999859046,-3516573.70921891,575559.077991206,311.985658003134,222,1:23:27
35.7%,1785000,7139.999999858809,-3517906.0238903873,573413.5890528788,310.8226813361711,222,1:23:23
35.8%,1787500,7149.999999858573,-3518467.508803971,572838.0215655369,310.51069111982304,222,1:23:19
35.8%,1790000,7159.999999858336,-3519594.228855975,574250.2559165083,311.276202220404,222,1:23:15
35.9%,1792500,7169.9999998581,-3519460.3855874427,574100.6481978975,311.1951063532412,222,1:23:11
35.9%,1795000,7179.999999857863,-3519481.7692464963,574084.8872973609,311.18656305141064,222,1:23:08
36.0%,1797500,7189.999999857627,-3520915.5600862876,573249.1773221586,310.73356085496664,222,1:23:04
36.0%,1800000,7199.99999985739,-3521565.91366747,571678.2528653448,309.8820307183162,222,1:23:00
36.0%,1802500,7209.999999857154,-3519648.787864074,575925.5591256268,312.1843115597195,222,1:22:56
36.1%,1805000,7219.999999856917,-3517682.857917873,574382.7334577501,311.3480125600467,222,1:22:52
36.1%,1807500,7229.999999856681,-3519185.271802677,572815.104940256,310.4982690094075,222,1:22:48
36.2%,1810000,7239.999999856444,-3517118.3584249914,572360.6211241514,310.2519130090573,222,1:22:44
36.2%,1812500,7249.999999856208,-3520004.170186231,572528.2854292284,310.34279657000405,222,1:22:40
36.3%,1815000,7259.9999998559715,-3518570.2524823453,573537.1972463529,310.88968398637724,222,1:22:37
36.4%,1817500,7269.999999855735,-3519624.763359569,573270.5978207882,310.7451719798976,222,1:22:33
36.4%,1820000,7279.999999855499,-3520067.0973500684,574345.8674928934,311.3280291165679,222,1:22:29
36.5%,1822500,7289.999999855262,-3518103.1338132564,573318.1321764216,310.7709382961406,222,1:22:25
36.5%,1825000,7299.999999855026,-3518185.166419428,575292.640507531,311.84123377834175,222,1:22:21
36.5%,1827500,7309.999999854789,-3520853.797968887,575260.7403270428,311.8239420715811,222,1:22:17
36.6%,1830000,7319.999999854553,-3518740.5854596607,574097.1856415011,311.19322945132615,222,1:22:13
36.6%,1832500,7329.999999854316,-3519935.557832632,571481.9229623671,309.7756087777919,222,1:22:09
36.7%,1835000,7339.99999985408,-3520153.8743199557,574577.6096920365,311.45364652970835,222,1:22:06
36.8%,1837500,7349.999999853843,-3518948.1294534653,572988.4288750151,310.59222041057774,222,1:22:02
36.8%,1840000,7359.999999853607,-3519979.61027696,574928.8066138898,311.64401517637356,222,1:21:58
36.9%,1842500,7369.99999985337,-3514507.528730467,574520.6582010428,311.4227755920908,222,1:21:54
36.9%,1845000,7379.999999853134,-3516524.8384061325,575995.8746359893,312.22242655365693,222,1:21:50
37.0%,1847500,7389.999999852897,-3518254.3042585813,575371.7385995116,311.88410942954243,222,1:21:46
37.0%,1850000,7399.999999852661,-3520544.208815133,572216.0885880013,310.1735681785822,222,1:21:42
37.0%,1852500,7409.9999998524245,-3518977.1842955537,574039.8238965748,311.16213613281315,222,1:21:38
37.1%,1855000,7419.999999852188,-3520064.6767659225,575546.2059754538,311.9786806406741,222,1:21:34
37.1%,1857500,7429.9999998519515,-3520253.4281722587,573043.9610245404,310.6223219846341,222,1:21:30
37.2%,1860000,7439.999999851715,-3521231.521163022,573350.4572953717,310.78846034364415,222,1:21:27
37.2%,1862500,7449.999999851479,-3518618.053615354,575043.4078944663,311.706135569042,222,1:21:23
37.3%,1865000,7459.999999851242,-3516398.683679823,574374.6177544878,311.34361338866836,222,1:21:19
37.4%,1867500,7469.999999851006,-3520232.3284187354,571832.9237670703,309.9658711178407,222,1:21:15
37.4%,1870000,7479.999999850769,-3518682.8456025477,575722.0285131392,312.0739864263164,222,1:21:11
37.5%,1872500,7489.999999850533,-3518610.9041233137,573016.0562416896,310.6071960099565,222,1:21:07
37.5%,1875000,7499.999999850296,-3517587.8067677226,575539.5203159407,311.97505663410004,222,1:21:03
37.5%,1877500,7509.99999985006,-3517192.2143452484,572841.2931166508,310.5124644860438,222,1:21:00
37.6%,1880000,7519.999999849823,-3519317.7551724743,572603.6975277134,310.38367420371173,222,1:20:56
37.6%,1882500,7529.999999849587,-3518167.8372208513,572470.4031609849,310.31142109833627,222,1:20:52
37.7%,1885000,7539.99999984935,-3518698.51628829,573996.2295599967,311.1385055303214,222,1:20:48
37.8%,1887500,7549.999999849114,-3518113.533736486,572721.6968194555,310.4476365111199,222,1:20:44
37.8%,1890000,7559.999999848877,-3518652.766387023,573817.1194465754,311.04141769220445,222,1:20:40
37.9%,1892500,7569.999999848641,-3520110.4401064627,576099.4998203956,312.2785972797891,222,1:20:36
37.9%,1895000,7579.9999998484045,-3518108.481499899,572524.2582378164,310.34061360389234,222,1:20:32
38.0%,1897500,7589.999999848168,-3523672.699678369,574266.7140799756,311.2851234782822,222,1:20:29
38.0%,1900000,7599.999999847932,-3521500.4821579847,572715.596757391,310.44432993157,222,1:20:25
38.0%,1902500,7609.999999847695,-3516148.989711417,574832.7793512002,311.59196295466074,222,1:20:21
38.1%,1905000,7619.999999847459,-3520978.035272043,572994.7451252067,310.5956441763517,222,1:20:17
38.1%,1907500,7629.999999847222,-3519983.645130962,574608.6631933143,311.47047928832507,222,1:20:13
38.2%,1910000,7639.999999846986,-3519115.3196006548,573702.2607606926,310.9791577712636,222,1:20:09
38.2%,1912500,7649.999999846749,-3519343.4421649016,572661.6039204858,310.41506275224225,222,1:20:05
38.3%,1915000,7659.999999846513,-3520428.073722098,573759.9444875066,311.01042562221807,222,1:20:01
38.4%,1917500,7669.999999846276,-3522209.027112171,576829.988937525,312.6745638044891,222,1:19:57
38.4%,1920000,7679.99999984604,-3520700.710107129,575920.379619529,312.1815039737047,222,1:19:53
38.5%,1922500,7689.999999845803,-3519006.215205718,573442.5908651946,310.83840196302697,222,1:19:50
38.5%,1925000,7699.999999845567,-3519653.4878701754,574881.4257767224,311.6183320758446,222,1:19:46
38.5%,1927500,7709.99999984533,-3518694.691775605,574214.907994105,311.2570416420173,222,1:19:42
38.6%,1930000,7719.999999845094,-3518089.3358143196,573603.3184998957,310.9255254552783,222,1:19:38
38.6%,1932500,7729.9999998448575,-3515765.3625892494,576199.5316082994,312.33282018124913,222,1:19:34
38.7%,1935000,7739.999999844621,-3516288.253059678,573978.5109456985,311.1289010366176,222,1:19:30
38.8%,1937500,7749.999999844385,-3520639.391797038,570243.1013315726,309.1040972051122,222,1:19:26
38.8%,1940000,7759.999999844148,-3516867.515821455,575321.3149361571,311.8567769446732,222,1:19:22
38.9%,1942500,7769.999999843912,-3516700.8689924255,574272.9459990466,311.28850153180673,222,1:19:19
38.9%,1945000,7779.999999843675,-3518003.7688862197,573898.2164053122,311.085376842535,222,1:19:15
39.0%,1947500,7789.999999843439,-3520491.637963081,575082.961636178,311.7275759399896,222,1:19:11
39.0%,1950000,7799.999999843202,-3517241.8838850576,572785.9236547961,310.48245109793027,222,1:19:07
39.0%,1952500,7809.999999842966,-3516353.2819752824,572440.0008992427,310.2949413484772,222,1:19:03
39.1%,1955000,7819.999999842729,-3518423.2796684,574532.9102987212,311.42941692380157,222,1:18:59
39.1%,1957500,7829.999999842493,-3515968.7050759345,572558.519838871,310.3591853345069,222,1:18:55
39.2%,1960000,7839.999999842256,-3519935.3356258646,573776.7085053722,311.0195126705239,222,1:18:51
39.2%,1962500,7849.99999984202,-3519000.5849755816,575020.2701645779,311.69359360739116,222,1:18:47
39.3%,1965000,7859.999999841783,-3520795.985722553,572992.0331068754,310.59417410862807,222,1:18:44
39.4%,1967500,7869.999999841547,-3522311.2837263495,574057.6815209173,311.1718159778437,222,1:18:40
39.4%,1970000,7879.9999998413105,-3521559.450374797,574654.9315961483,311.4955593863634,222,1:18:36
39.5%,1972500,7889.999999841074,-3520191.8121794965,575701.105059122,312.06264472775086,222,1:18:32
39.5%,1975000,7899.9999998408375,-3519111.5460625775,572956.7910432008,310.57507091167514,222,1:18:28
39.5%,1977500,7909.999999840601,-3519952.6059553027,575213.4611570203,311.79831408040985,222,1:18:24
39.6%,1980000,7919.999999840365,-3518205.404914014,574845.1486727926,311.59866782838026,222,1:18:20
39.6%,1982500,7929.999999840128,-3523964.360365309,574882.4911836387,311.6189095868084,222,1:18:17
39.7%,1985000,7939.999999839892,-3517813.0965375155,573952.9809668526,311.11506234037665,222,1:18:13
39.8%,1987500,7949.999999839655,-3519489.413873622,573386.4626598288,310.80797729290504,222,1:18:09
39.8%,1990000,7959.999999839419,-3519513.2813223097,574308.7264277837,311.30789655315215,222,1:18:05
39.9%,1992500,7969.999999839182,-3519338.693090573,574434.783433374,311.3762265983879,222,1:18:01
39.9%,1995000,7979.999999838946,-3520783.6859061327,573583.4258286317,310.9147424994167,222,1:17:57
40.0%,1997500,7989.999999838709,-3516762.6900455486,574221.4766038989,311.2606022010062,222,1:17:53
40.0%,2000000,7999.999999838473,-3521659.926891722,573419.2085912965,310.8257274446558,222,1:17:49
40.0%,2002500,8009.999999838236,-3520476.5596239287,575231.4193319717,311.80804842957224,222,1:17:45
40.1%,2005000,8019.999999838,-3519467.9647404402,575024.6958345504,311.69599257147894,222,1:17:42
40.1%,2007500,8029.999999837763,-3519795.1956274677,577464.6778133181,313.01860116592326,222,1:17:38
40.2%,2010000,8039.999999837527,-3519227.888727894,575291.2531662579,311.8404817607009,222,1:17:34
40.2%,2012500,8049.9999998372905,-3521181.6894518454,573953.4870601597,311.1153366716477,222,1:17:30
40.3%,2015000,8059.999999837054,-3515571.391537156,574515.4110329207,311.4199313294219,222,1:17:26
40.4%,2017500,8069.999999836818,-3517045.782886371,575878.2965085842,312.15869254120196,222,1:17:22
40.4%,2020000,8079.999999836581,-3521366.694924524,574975.1881922641,311.6691566219726,222,1:17:18
40.5%,2022500,8089.999999836345,-3521155.057070205,573249.2492435767,310.7335998404536,222,1:17:14
40.5%,2025000,8099.999999836108,-3516289.5151603837,574111.2396993071,311.20084754760836,222,1:17:10
40.5%,2027500,8109.999999835872,-3519127.5039903633,572267.037760566,310.201185519243,222,1:17:07
40.6%,2030000,8119.999999835635,-3518473.713757923,573627.2432231227,310.938494011946,222,1:17:03
40.6%,2032500,8129.999999835399,-3518724.875370154,573529.8351112785,310.88569329168865,222,1:16:59
40.7%,2035000,8139.999999835162,-3518873.553355569,574391.3395418951,311.3526775456711,222,1:16:55
40.8%,2037500,8149.999999834926,-3519313.383210456,572123.2221808347,310.1232293198027,222,1:16:51
40.8%,2040000,8159.999999834689,-3518264.584740985,572815.8972154623,310.4986984674962,222,1:16:47
40.9%,2042500,8169.999999834453,-3518663.7718105987,574177.6941463152,311.23686962626175,222,1:16:43
40.9%,2045000,8179.999999834216,-3517861.5917248707,573847.8908695704,311.05809754839623,222,1:16:39
41.0%,2047500,8189.99999983398,-3518763.0025616307,573885.028933943,311.07822848524233,222,1:16:35
41.0%,2050000,8199.999999835562,-3518931.522049602,574583.7472529884,311.45697343578166,222,1:16:31
41.0%,2052500,8209.999999837599,-3519312.2071143836,575075.393146932,311.7234733896385,222,1:16:28
41.1%,2055000,8219.999999839636,-3519274.4720177706,573945.7776499267,311.1111577341306,222,1:16:24
41.1%,2057500,8229.999999841673,-3516642.6969200913,576654.6130072272,312.57950010537616,222,1:16:20
41.2%,2060000,8239.99999984371,-3522058.9649968185,575487.0300003649,311.9466039065349,222,1:16:16
41.2%,2062500,8249.999999845748,-3517680.448433332,573207.2238583127,310.71081969854333,222,1:16:12
41.3%,2065000,8259.999999847785,-3519778.385054933,574505.3139258056,311.41445812479765,222,1:16:08
41.4%,2067500,8269.999999849822,-3521519.511316005,573772.676788849,311.01732725154534,222,1:16:04
41.4%,2070000,8279.99999985186,-3518473.5682299156,574037.8637292801,311.1610736109859,222,1:16:00
41.5%,2072500,8289.999999853897,-3519033.254500255,576244.6364288658,312.35726955171634,222,1:15:56
41.5%,2075000,8299.999999855934,-3517085.347850727,572679.929811203,310.4249964242014,222,1:15:53
41.5%,2077500,8309.999999857971,-3519775.435372917,575092.5273100851,311.7327610776797,222,1:15:49
41.6%,2080000,8319.999999860009,-3519096.337775357,571948.1049005515,310.0283058236647,222,1:15:45
41.6%,2082500,8329.999999862046,-3520201.518180337,575624.1446859837,312.02092784138443,222,1:15:41
41.7%,2085000,8339.999999864083,-3519313.6902970206,574509.9099206831,311.4169494146423,222,1:15:37
41.8%,2087500,8349.99999986612,-3516962.214315893,574250.3479141078,311.27625208831984,222,1:15:33
41.8%,2090000,8359.999999868158,-3517211.486023199,574168.485977807,311.23187827677054,222,1:15:29
41.9%,2092500,8369.999999870195,-3519255.0029546283,575382.0906489813,311.88972082737973,222,1:15:25
41.9%,2095000,8379.999999872232,-3518806.6307330653,573253.2868056119,310.7357884280313,222,1:15:21
42.0%,2097500,8389.99999987427,-3518498.393329777,573755.4305041508,311.0079787872687,222,1:15:18
42.0%,2100000,8399.999999876307,-3517843.957899539,574564.270260329,311.4464158012953,222,1:15:14
42.0%,2102500,8409.999999878344,-3517987.2118214797,574182.8851963724,311.2396834697571,222,1:15:10
42.1%,2105000,8419.999999880381,-3516504.3589698523,572969.5734257473,310.5819996878549,222,1:15:06
42.1%,2107500,8429.999999882419,-3519652.9714322165,571516.6575670977,309.79443690322114,222,1:15:02
42.2%,2110000,8439.999999884456,-3519293.513732668,574719.1810180757,311.5303862163846,222,1:14:58
42.2%,2112500,8449.999999886493,-3519212.194790749,573697.7149062154,310.9766936603591,222,1:14:54
42.3%,2115000,8459.99999988853,-3517423.370701505,574574.5649726887,311.4519961191676,222,1:14:50
42.4%,2117500,8469.999999890568,-3521104.9910853636,571540.4243387196,309.807319841162,222,1:14:46
42.4%,2120000,8479.999999892605,-3517363.533493137,576308.7166949334,312.39200468966925,222,1:14:42
42.5%,2122500,8489.999999894642,-3518342.096351953,573104.9860662849,310.655401017754,222,1:14:39
42.5%,2125000,8499.99999989668,-3520166.1759827156,570267.6514522333,309.1174047626528,222,1:14:35
42.5%,2127500,8509.999999898717,-3519563.74856692,575385.9823119575,311.89183032939405,222,1:14:31
42.6%,2130000,8519.999999900754,-3517155.7050620355,573751.04147717,311.00559968576033,222,1:14:27
42.6%,2132500,8529.999999902791,-3523668.111172471,573774.8657345128,311.01851378422174,222,1:14:23
42.7%,2135000,8539.999999904829,-3518377.336762268,574465.79496749,311.3930366084231,222,1:14:19
42.8%,2137500,8549.999999906866,-3517377.688172348,573210.5158947767,310.7126041689854,222,1:14:15
42.8%,2140000,8559.999999908903,-3519406.076383248,573192.7020477862,310.7029480537622,222,1:14:12
42.9%,2142500,8569.99999991094,-3516847.3699650876,574011.6217167955,311.1468489521361,222,1:14:08
42.9%,2145000,8579.999999912978,-3517037.2386545967,572053.9818484753,310.08569713331207,222,1:14:04
43.0%,2147500,8589.999999915015,-3518003.655998878,574995.309937449,311.68006374888927,222,1:14:00
43.0%,2150000,8599.999999917052,-3520918.98562607,571129.694794754,309.5846811374469,222,1:13:56
43.0%,2152500,8609.99999991909,-3521453.8434231,572988.5637443198,310.59229351738884,222,1:13:52
43.1%,2155000,8619.999999921127,-3516397.4388735015,576650.583489432,312.5773158782328,222,1:13:48
43.1%,2157500,8629.999999923164,-3519797.763531668,573222.0052401634,310.71883204570145,222,1:13:44
43.2%,2160000,8639.999999925201,-3520417.0144278575,574254.0668872772,311.27826798266625,222,1:13:40
43.2%,2162500,8649.999999927239,-3516941.3648441155,573493.7468108318,310.86613138641843,222,1:13:37
43.3%,2165000,8659.999999929276,-3518959.5453154575,573388.1071594139,310.8088687049334,222,1:13:33
43.4%,2167500,8669.999999931313,-3521034.616416434,574343.018910583,311.3264850234236,222,1:13:29
43.4%,2170000,8679.99999993335,-3515660.030064635,575034.9839368534,311.70156930632567,222,1:13:25
43.5%,2172500,8689.999999935388,-3520980.174556231,574124.1647443603,311.2078536549566,222,1:13:21
43.5%,2175000,8699.999999937425,-3517881.6766326297,571928.1036455205,310.01746400924395,222,1:13:17
43.5%,2177500,8709.999999939462,-3520451.8035663497,574305.529774763,311.3061637859451,222,1:13:13
43.6%,2180000,8719.9999999415,-3518953.9891219344,574226.3877107736,311.26326429942213,222,1:13:09
43.6%,2182500,8729.999999943537,-3518547.6569775958,572421.9353583343,310.28514880087783,222,1:13:05
43.7%,2185000,8739.999999945574,-3515813.652997313,571174.490028146,309.60896269411,222,1:13:02
43.8%,2187500,8749.999999947611,-3520760.4788091183,572883.1399648009,310.5351478507143,222,1:12:58
43.8%,2190000,8759.999999949649,-3518838.2832396943,571307.0647430064,309.68082570736425,222,1:12:54
43.9%,2192500,8769.999999951686,-3520725.042509863,575207.9007625605,311.7953000313042,222,1:12:50
43.9%,2195000,8779.999999953723,-3518278.653014047,572620.671052115,310.3928748164404,222,1:12:46
44.0%,2197500,8789.99999995576,-3517028.49857313,573745.3777696525,311.0025296351189,222,1:12:42
44.0%,2200000,8799.999999957798,-3517232.7507334165,577342.6210108326,312.9524394576064,222,1:12:38
44.0%,2202500,8809.999999959835,-3521939.804505581,572584.4852576788,310.37326006389935,222,1:12:34
44.1%,2205000,8819.999999961872,-3523791.1162337065,574581.694745054,311.45586086009143,222,1:12:30
44.1%,2207500,8829.99999996391,-3521244.277515225,574627.2716106151,311.48056610571354,222,1:12:26
44.2%,2210000,8839.999999965947,-3518920.3893128745,573771.0839936205,311.0164638662102,222,1:12:23
44.2%,2212500,8849.999999967984,-3521093.2528219316,574121.8974125339,311.206624632535,222,1:12:19
44.3%,2215000,8859.999999970021,-3518119.59795703,576279.5945550975,312.3762188384742,222,1:12:15
44.4%,2217500,8869.999999972059,-3517536.7084912285,574454.549541894,311.3869409500654,222,1:12:11
44.4%,2220000,8879.999999974096,-3521139.4360004906,574692.5958846592,311.51597556653263,222,1:12:07
44.5%,2222500,8889.999999976133,-3523096.5492137503,574313.1896523962,311.3103158739844,222,1:12:03
44.5%,2225000,8899.99999997817,-3523793.61562277,574025.8545127588,311.15456393463506,222,1:11:59
44.5%,2227500,8909.999999980208,-3519940.166705463,573570.8410494174,310.9079208354483,222,1:11:55
44.6%,2230000,8919.999999982245,-3518429.047696037,574094.9811596554,311.19203449715815,222,1:11:51
44.6%,2232500,8929.999999984282,-3516774.070339678,574631.8193011846,311.48303121188417,222,1:11:47
44.7%,2235000,8939.99999998632,-3518953.0643633083,573781.2887049369,311.0219953984134,222,1:11:44
44.8%,2237500,8949.999999988357,-3522570.1062743496,573353.6005201987,310.7901641497405,222,1:11:40
44.8%,2240000,8959.999999990394,-3521508.9104656894,572927.8768776949,310.55939779436034,222,1:11:36
44.9%,2242500,8969.999999992431,-3519886.3360326327,575642.7830152926,312.0310308727775,222,1:11:32
44.9%,2245000,8979.999999994468,-3521147.5434456263,574688.503127431,311.5137570600305,222,1:11:28
45.0%,2247500,8989.999999996506,-3520007.470996693,575133.375522885,311.7549031253616,222,1:11:24
45.0%,2250000,8999.999999998543,-3519861.8012486324,574058.0125499994,311.1719954143776,222,1:11:20
45.0%,2252500,9010.00000000058,-3521378.75702093,574458.9608309473,311.38933211887945,222,1:11:16
45.1%,2255000,9020.000000002618,-3521040.886147486,575326.307817061,311.8594833692501,222,1:11:13
45.1%,2257500,9030.000000004655,-3519906.464826308,573857.3081733128,311.06320226104356,222,1:11:09
45.2%,2260000,9040.000000006692,-3518934.9006954134,573139.4373696995,310.674075577805,222,1:11:05
45.2%,2262500,9050.00000000873,-3521454.264279548,575407.6608711409,311.9035813377788,222,1:11:01
45.3%,2265000,9060.000000010767,-3521875.492325632,574321.960589279,311.31507021914075,222,1:10:57
45.4%,2267500,9070.000000012804,-3521231.6746555157,571944.2502385197,310.0262163782605,222,1:10:53
45.4%,2270000,9080.000000014841,-3518281.544409819,576243.6058384138,312.35671091325054,222,1:10:49
45.5%,2272500,9090.000000016878,-3520811.917345524,571598.5872186227,309.83884742026174,222,1:10:45
45.5%,2275000,9100.000000018916,-3520704.8280905355,573909.5026057522,311.09149460317036,222,1:10:41
45.5%,2277500,9110.000000020953,-3518753.348584419,572246.2110841118,310.18989627960445,222,1:10:37
45.6%,2280000,9120.00000002299,-3519118.649267599,574906.5097037589,311.631928986711,222,1:10:34
45.6%,2282500,9130.000000025027,-3520858.056385927,575629.7511030289,312.02396683734116,222,1:10:30
45.7%,2285000,9140.000000027065,-3520469.4523077887,573845.0012566813,311.05653121435154,222,1:10:26
45.8%,2287500,9150.000000029102,-3518325.3475616146,573190.8053092645,310.70191991392664,222,1:10:22
45.8%,2290000,9160.00000003114,-3517362.557495864,571065.8593401131,309.5500787011695,222,1:10:18
45.9%,2292500,9170.000000033177,-3516252.8727832865,571521.2557444096,309.79692937606904,222,1:10:14
45.9%,2295000,9180.000000035214,-3521527.291842466,571633.8258555547,309.85794875972584,222,1:10:10
46.0%,2297500,9190.000000037251,-3523511.698805671,575538.4647969425,311.97448448294864,222,1:10:06
46.0%,2300000,9200.000000039288,-3517744.2206177283,575157.4119831529,311.7679322498416,222,1:10:03
46.0%,2302500,9210.000000041326,-3519477.190691281,575330.934915557,311.8619915190198,222,1:09:59
46.1%,2305000,9220.000000043363,-3518596.322564991,576166.4922679388,312.3149109852403,222,1:09:55
46.1%,2307500,9230.0000000454,-3518256.9978765994,575254.8765917906,311.82076359456465,222,1:09:51
46.2%,2310000,9240.000000047437,-3516159.9079924896,574416.4974781158,311.3663145737121,222,1:09:47
46.2%,2312500,9250.000000049475,-3521495.1918070037,575293.1811822581,311.8415268547034,222,1:09:43
46.3%,2315000,9260.000000051512,-3521414.8103086967,573401.7637328873,310.81627134216757,222,1:09:39
46.4%,2317500,9270.00000005355,-3520442.5250024647,573335.4347782566,310.78031728749886,222,1:09:35
46.4%,2320000,9280.000000055586,-3518953.5716754273,574051.6884788454,311.1685674091985,222,1:09:31
46.5%,2322500,9290.000000057624,-3515160.183134401,573148.8348897548,310.67916956657206,222,1:09:27
46.5%,2325000,9300.000000059661,-3516036.2494451143,573606.4631351947,310.9272300259305,222,1:09:24
46.5%,2327500,9310.000000061698,-3518983.9829535857,574842.5175511362,311.59724161124177,222,1:09:20
46.6%,2330000,9320.000000063736,-3522056.65460857,573940.3064937564,311.1081920572381,222,1:09:16
46.6%,2332500,9330.000000065773,-3517389.72296408,574688.7431931329,311.51388718925415,222,1:09:12
46.7%,2335000,9340.00000006781,-3519501.937249979,571820.8767773695,309.9593409662847,222,1:09:08
46.8%,2337500,9350.000000069847,-3518713.0966089573,573111.2549746295,310.65879912156237,222,1:09:04
46.8%,2340000,9360.000000071885,-3518156.5714517776,575368.338181152,311.88226620996693,222,1:09:00
46.9%,2342500,9370.000000073922,-3514615.0133817755,573925.5041540045,311.1001683497091,222,1:08:56
46.9%,2345000,9380.00000007596,-3515520.7043384407,573713.4743416486,310.9852361680206,222,1:08:52
47.0%,2347500,9390.000000077996,-3515862.7849947903,573762.362429759,311.0117362840311,222,1:08:49
47.0%,2350000,9400.000000080034,-3517663.9247367065,574462.9113307407,311.39147351378506,222,1:08:45
47.0%,2352500,9410.000000082071,-3519493.491479734,572940.0107632373,310.56597504839004,222,1:08:41
47.1%,2355000,9420.000000084108,-3518033.2900126763,574601.8498598151,311.4667860752106,222,1:08:37
47.1%,2357500,9430.000000086146,-3517951.40484559,574322.0786230173,311.3151342001202,222,1:08:33
47.2%,2360000,9440.000000088183,-3517696.828105474,573570.8179528265,310.9079083157863,222,1:08:29
47.2%,2362500,9450.00000009022,-3518738.3020819537,574240.4839239224,311.2709052462905,222,1:08:25
47.3%,2365000,9460.000000092257,-3520290.6189535037,574269.5602023585,311.2866662380064,222,1:08:21
47.4%,2367500,9470.000000094295,-3518383.0162211154,572547.178838047,310.35303786895594,222,1:08:17
47.4%,2370000,9480.000000096332,-3520585.8187403847,573506.1220023069,310.87283944194724,222,1:08:13
47.5%,2372500,9490.00000009837,-3517119.11383087,574313.7307263726,311.3106091667617,222,1:08:10
47.5%,2375000,9500.000000100406,-3517345.6550178844,574844.7611808677,311.59845778578375,222,1:08:06
47.5%,2377500,9510.000000102444,-3518716.3260705974,574163.0168253043,311.2289136859796,222,1:08:02
47.6%,2380000,9520.000000104481,-3518664.3760836907,571659.5519009752,309.8718937351684,222,1:07:58
47.6%,2382500,9530.000000106518,-3517063.5696293917,573091.916260357,310.64831644180293,222,1:07:54
47.7%,2385000,9540.000000108555,-3519302.5284765903,575037.942811446,311.70317318414124,222,1:07:50
47.8%,2387500,9550.000000110593,-3517549.7172191124,574204.8484195888,311.25158878218997,222,1:07:46
47.8%,2390000,9560.00000011263,-3515089.2259144764,574674.1984807805,311.50600313038467,222,1:07:42
47.9%,2392500,9570.000000114667,-3519698.2613407746,574471.4421231512,311.3960976870198,222,1:07:39
47.9%,2395000,9580.000000116705,-3520506.009776175,573657.2709844275,310.9547707613315,222,1:07:35
48.0%,2397500,9590.000000118742,-3521021.7055237517,575640.8186462077,312.0299660733417,222,1:07:31
48.0%,2400000,9600.000000120779,-3517034.0231248364,575429.2555720814,311.9152868902406,222,1:07:27
48.0%,2402500,9610.000000122816,-3515939.512926519,575614.4658880807,312.0156813840738,222,1:07:23
48.1%,2405000,9620.000000124854,-3518540.5459471457,573774.1909973964,311.0181480384429,222,1:07:19
48.1%,2407500,9630.00000012689,-3519753.2342348974,574930.5205341605,311.64494421835013,222,1:07:15
48.2%,2410000,9640.000000128928,-3520350.891156988,573164.8168778969,310.6878327104219,222,1:07:11
48.2%,2412500,9650.000000130965,-3522397.6088303737,573940.1403035462,311.1081019727202,222,1:07:07
48.3%,2415000,9660.000000133003,-3519369.890329644,575207.1654663417,311.7949014590577,222,1:07:03
48.4%,2417500,9670.00000013504,-3520717.881567169,574485.7517882497,311.40385433694905,222,1:07:00
48.4%,2420000,9680.000000137077,-3519800.0623985995,573820.0095428721,311.04298428828344,222,1:06:56
48.5%,2422500,9690.000000139114,-3519758.8373585977,575779.5601144185,312.1051718166047,222,1:06:52
48.5%,2425000,9700.000000141152,-3520767.0020302236,574032.8861055376,311.1583754566557,222,1:06:48
48.5%,2427500,9710.000000143189,-3519989.0040643048,574133.6433887898,311.2129916177347,222,1:06:44
48.6%,2430000,9720.000000145226,-3518780.4694869947,573961.0093267193,311.1194141666817,222,1:06:40
48.6%,2432500,9730.000000147264,-3523051.611368127,575141.7922694804,311.75946547929743,222,1:06:36
48.7%,2435000,9740.0000001493,-3519750.368402332,574379.7930327209,311.3464186829408,222,1:06:32
48.8%,2437500,9750.000000151338,-3519569.3291624375,575256.2918283248,311.8215307330188,222,1:06:28
48.8%,2440000,9760.000000153375,-3521683.646388419,575792.3798571597,312.11212084412847,222,1:06:25
48.9%,2442500,9770.000000155413,-3517655.847343657,574723.8846759086,311.5329358656563,222,1:06:21
48.9%,2445000,9780.00000015745,-3514469.612048885,575720.2454257663,312.07301989184833,222,1:06:17
49.0%,2447500,9790.000000159487,-3519806.3488924094,573008.2122430636,310.6029441178984,222,1:06:13
49.0%,2450000,9800.000000161524,-3518865.6227140687,574524.7606713534,311.4249993636343,222,1:06:09
49.0%,2452500,9810.000000163562,-3521276.254749479,573168.6797460609,310.6899266040151,222,1:06:05
49.1%,2455000,9820.000000165599,-3515611.06295372,573776.0438257579,311.0191523764816,222,1:06:01
49.1%,2457500,9830.000000167636,-3518106.152725218,572370.9471397112,310.2575102950392,222,1:05:57
49.2%,2460000,9840.000000169674,-3519893.4758681823,572864.0722814674,310.52481208509283,222,1:05:54
49.2%,2462500,9850.00000017171,-3520099.582453409,571846.3370777698,309.9731418928569,222,1:05:50
49.3%,2465000,9860.000000173748,-3517533.577299742,574400.4511044155,311.35761652923867,222,1:05:46
49.4%,2467500,9870.000000175785,-3518269.4331164453,573383.579153644,310.80641426904043,222,1:05:42
49.4%,2470000,9880.000000177823,-3519307.7893184256,575242.8970603673,311.8142700092203,222,1:05:38
49.5%,2472500,9890.00000017986,-3519159.9073668476,572519.1693568662,310.3378551418465,222,1:05:34
49.5%,2475000,9900.000000181897,-3517759.316060992,575112.6604166757,311.7436743631225,222,1:05:30
49.5%,2477500,9910.000000183934,-3519853.60950274,574347.2992231639,311.3288051955624,222,1:05:26
49.6%,2480000,9920.000000185972,-3518256.630052764,574982.7098030234,311.67323376152564,222,1:05:22
49.6%,2482500,9930.000000188009,-3521933.8683802933,573096.150660992,310.65061172706356,222,1:05:18
49.7%,2485000,9940.000000190046,-3517792.675523078,575593.8055440187,312.0044823060239,222,1:05:15
49.8%,2487500,9950.000000192083,-3523036.347523559,575666.0159149601,312.0436244218453,222,1:05:11
49.8%,2490000,9960.00000019412,-3525868.077409407,573133.012539441,310.6705929554776,222,1:05:07
49.9%,2492500,9970.000000196158,-3518696.955228662,572726.7829188125,310.4503934653844,222,1:05:03
49.9%,2495000,9980.000000198195,-3519778.217943564,572744.164470382,310.4598152519758,222,1:04:59
50.0%,2497500,9990.000000200233,-3517200.2612923086,575241.1061617396,311.8132992406091,222,1:04:55
50.0%,2500000,10000.00000020227,-3517911.4050534554,573671.2614729411,310.96235439945247,222,1:04:51
50.0%,2502500,10010.000000204307,-3519901.4795481637,572605.222668156,310.3845009163165,222,1:04:47
50.1%,2505000,10020.000000206344,-3520943.441230044,573567.9622867445,310.9063603828361,222,1:04:44
50.1%,2507500,10030.000000208382,-3520830.4409486167,574326.7938323818,311.317690110977,222,1:04:40
50.2%,2510000,10040.000000210419,-3517833.355777351,575322.4474339162,311.85739082267816,222,1:04:36
50.2%,2512500,10050.000000212456,-3517654.321858691,571413.2039757993,309.73835919028386,222,1:04:32
50.3%,2515000,10060.000000214493,-3518200.8920306806,573849.7980711199,311.05913135978614,222,1:04:28
50.4%,2517500,10070.00000021653,-3515128.2838852536,575653.8671602719,312.03703910789534,222,1:04:24
50.4%,2520000,10080.000000218568,-3519428.0820348803,573958.5027446693,311.118055457072,222,1:04:20
50.5%,2522500,10090.000000220605,-3518790.792011723,574476.1806666015,311.3986662462744,222,1:04:16
50.5%,2525000,10100.000000222642,-3522075.250475414,575523.2402962673,311.96623194026,222,1:04:12
50.5%,2527500,10110.00000022468,-3518014.583962612,573741.1688156907,311.00024814339804,222,1:04:09
50.6%,2530000,10120.000000226717,-3518031.1001020614,573428.7945529534,310.83092357945674,222,1:04:05
50.6%,2532500,10130.000000228754,-3518052.9295520764,573287.6633689522,310.75442247472387,222,1:04:01
50.7%,2535000,10140.000000230792,-3518884.444248596,574092.6708999644,311.1907822053997,222,1:03:57
50.8%,2537500,10150.000000232829,-3521731.836568512,574204.068451567,311.25116599529315,222,1:03:53
50.8%,2540000,10160.000000234866,-3518256.0544921514,573858.8963085592,311.0640631204041,222,1:03:49
50.9%,2542500,10170.000000236903,-3522460.4835312385,573054.8053057913,310.6282002000094,222,1:03:45
50.9%,2545000,10180.00000023894,-3519649.3271194063,574987.57178546,311.6758692317105,222,1:03:41
51.0%,2547500,10190.000000240978,-3517849.6567398235,574008.4736070232,311.1451424981224,222,1:03:37
51.0%,2550000,10200.000000243015,-3519497.1673965976,571827.2938503324,309.96281938371794,222,1:03:34
51.0%,2552500,10210.000000245052,-3519059.005484661,573654.1071015256,310.9530557573871,222,1:03:30
51.1%,2555000,10220.00000024709,-3517616.4736137185,574407.229338649,311.36129071656063,222,1:03:26
51.1%,2557500,10230.000000249127,-3519912.414145218,576376.6959655553,312.4288533091881,222,1:03:22
51.2%,2560000,10240.000000251164,-3518296.1139667295,573322.10093917,310.77308959060343,222,1:03:18
51.2%,2562500,10250.000000253202,-3522841.4003164694,573119.2354003135,310.6631249648222,222,1:03:14
51.3%,2565000,10260.000000255239,-3520608.4443277363,576870.8117541848,312.6966920860229,222,1:03:10
51.4%,2567500,10270.000000257276,-3519117.2655405942,573368.5459337478,310.79826541138084,222,1:03:06
51.4%,2570000,10280.000000259313,-3522636.839970382,573098.0862853942,310.6516609452513,222,1:03:02
51.5%,2572500,10290.00000026135,-3519535.108493995,572023.3549242241,310.0690956036334,222,1:02:59
51.5%,2575000,10300.000000263388,-3519218.120581543,573464.832500257,310.85045819046803,222,1:02:55
51.5%,2577500,10310.000000265425,-3520040.7686388046,574502.5593337019,311.41296497967505,222,1:02:51
51.6%,2580000,10320.000000267462,-3516922.320039686,573682.6809780824,310.96854441879503,222,1:02:47
51.6%,2582500,10330.0000002695,-3521616.3785944954,572427.5358310151,310.28818457465195,222,1:02:43
51.7%,2585000,10340.000000271537,-3519463.0394025575,571893.8168456663,309.99887861945103,222,1:02:39
51.8%,2587500,10350.000000273574,-3519271.8384912964,574380.815574911,311.34697295879215,222,1:02:35
51.8%,2590000,10360.000000275611,-3519887.784067869,574211.7734953498,311.2553425659467,222,1:02:31
51.9%,2592500,10370.000000277649,-3521667.3904099427,573060.3880972926,310.6312263895816,222,1:02:27
51.9%,2595000,10380.000000279686,-3522867.856842626,572700.7852355985,310.43630124685427,222,1:02:24
52.0%,2597500,10390.000000281723,-3519220.268699914,573950.4202833839,311.1136743047302,222,1:02:20
52.0%,2600000,10400.00000028376,-3522107.0205163583,572602.1314066972,310.38282527731224,222,1:02:16
52.0%,2602500,10410.000000285798,-3517571.2086286265,574460.2918581235,311.39005361108633,222,1:02:12
52.1%,2605000,10420.000000287835,-3521747.2909363434,573937.6669692423,311.1067612852742,222,1:02:08
52.1%,2607500,10430.000000289872,-3519932.245052969,573501.820440619,310.87050775158747,222,1:02:04
52.2%,2610000,10440.00000029191,-3519799.955046205,572198.25229615,310.16389989697154,222,1:02:00
52.2%,2612500,10450.000000293947,-3521314.1928299405,574150.8027848453,311.22229298343984,222,1:01:56
52.3%,2615000,10460.000000295984,-3521579.6165575236,573855.6032852863,311.0622781150556,222,1:01:52
52.4%,2617500,10470.000000298021,-3518078.226421213,572588.1478946595,310.37524542083696,222,1:01:49
52.4%,2620000,10480.000000300059,-3519786.0635295827,572993.3858941433,310.5949073960386,222,1:01:45
52.5%,2622500,10490.000000302096,-3520694.695465889,571823.5784296885,309.96080541504176,222,1:01:41
52.5%,2625000,10500.000000304133,-3520396.0150518827,576240.1997379905,312.3548646136743,222,1:01:37
52.5%,2627500,10510.00000030617,-3518459.6806115564,574669.4280156443,311.5034172677663,222,1:01:33
52.6%,2630000,10520.000000308208,-3518730.7305610217,573206.6713405249,310.71052020257116,222,1:01:29
52.6%,2632500,10530.000000310245,-3518220.8586836606,575713.5685934067,312.069400670092,222,1:01:25
52.7%,2635000,10540.000000312282,-3519054.5329102036,573379.8149704873,310.80437386831716,222,1:01:21
52.8%,2637500,10550.00000031432,-3519518.7077733744,576098.2265442392,312.2779070919097,222,1:01:17
52.8%,2640000,10560.000000316357,-3517417.201717671,575279.0928041576,311.83389015487546,222,1:01:14
52.9%,2642500,10570.000000318394,-3516919.0580813363,571283.9473239618,309.6682947553425,222,1:01:10
52.9%,2645000,10580.000000320431,-3518714.195742294,573230.9488692437,310.7236799998216,222,1:01:06
53.0%,2647500,10590.000000322469,-3519049.9874451663,575269.696023592,311.82879656695377,222,1:01:02
53.0%,2650000,10600.000000324506,-3521360.8389081806,573599.9585687721,310.92370418208054,222,1:00:58
53.0%,2652500,10610.000000326543,-3518737.9629190452,573958.1519387644,311.11786530037864,222,1:00:54
53.1%,2655000,10620.00000032858,-3517679.028125232,573195.7970729158,310.7046257328893,222,1:00:50
53.1%,2657500,10630.000000330618,-3519635.125407025,574936.3132641128,311.6480842064676,222,1:00:46
53.2%,2660000,10640.000000332655,-3518538.49279131,574413.7702852071,311.364836280507,222,1:00:42
53.2%,2662500,10650.000000334692,-3516073.3495603334,576571.1086184302,312.53423599143684,222,1:00:38
53.3%,2665000,10660.00000033673,-3521303.504541695,573613.2015827973,310.93088264664243,222,1:00:35
53.4%,2667500,10670.000000338767,-3517367.2789162677,576107.0395984912,312.28268426706853,222,1:00:31
53.4%,2670000,10680.000000340804,-3521931.286382688,572688.8875537398,310.42985202861536,222,1:00:27
53.5%,2672500,10690.000000342841,-3518441.6646640133,572587.9219987909,310.37512297246644,222,1:00:23
53.5%,2675000,10700.000000344879,-3521372.232847642,574264.4933980431,311.2839197427485,222,1:00:19
53.5%,2677500,10710.000000346916,-3522079.293281587,575529.5211386998,311.96963651302076,222,1:00:15
53.6%,2680000,10720.000000348953,-3517638.697801428,574725.0708919656,311.53357886202497,222,1:00:11
53.6%,2682500,10730.00000035099,-3521537.0944847465,574948.1295632077,311.6544893106337,222,1:00:07
53.7%,2685000,10740.000000353028,-3516488.908500051,572635.1428348417,310.4007193433172,222,1:00:03
53.8%,2687500,10750.000000355065,-3523108.5357831754,573284.5001773572,310.75270784550696,222,1:00:00
53.8%,2690000,10760.000000357102,-3522378.3829483315,575747.6379270488,312.0878681808664,222,59:56
53.9%,2692500,10770.00000035914,-3524293.0078806896,573684.9604147302,310.96978000271616,222,59:52
53.9%,2695000,10780.000000361177,-3521292.8267810997,573628.250022101,310.93903975408386,222,59:48
54.0%,2697500,10790.000000363214,-3521303.36448103,575367.2665867368,311.8816853450279,222,59:44
54.0%,2700000,10800.000000365251,-3516789.107655175,573888.8094496345,311.0802777391256,222,59:40
54.0%,2702500,10810.000000367289,-3515829.3160528727,573709.6651989354,310.9831713966683,222,59:36
54.1%,2705000,10820.000000369326,-3520210.0901751295,575738.059840165,312.08267631463906,222,59:32
54.1%,2707500,10830.000000371363,-3519716.9990233276,572466.358569948,310.30922870064114,222,59:28
54.2%,2710000,10840.0000003734,-3520143.6937979124,574209.3721369018,311.2540408934961,222,59:25
54.2%,2712500,10850.000000375438,-3516254.523525525,574777.0965319098,311.56177970904776,222,59:21
54.3%,2715000,10860.000000377475,-3515426.407426007,572977.501652167,310.5862972361534,222,59:17
54.4%,2717500,10870.000000379512,-3521485.400718607,574019.2072106868,311.15096071996925,222,59:13
54.4%,2720000,10880.00000038155,-3520209.6106246617,573655.5966939921,310.953863200973,222,59:09
54.5%,2722500,10890.000000383587,-3520297.667169446,575262.4484928763,311.8248679943263,222,59:05
54.5%,2725000,10900.000000385624,-3517622.365520267,573900.8558842466,311.08680758979216,222,59:01
54.5%,2727500,10910.000000387661,-3521047.421179589,575240.9442239351,311.81321146113623,222,58:57
54.6%,2730000,10920.000000389698,-3520370.934130816,574623.1454608794,311.4783294985788,222,58:53
54.6%,2732500,10930.000000391736,-3520808.4339374285,573710.3242610256,310.98352864569404,222,58:50
54.7%,2735000,10940.000000393773,-3520645.23880703,574757.6813815723,311.5512555966066,222,58:46
54.8%,2737500,10950.00000039581,-3517160.831567431,573601.591430956,310.92458928597756,222,58:42
54.8%,2740000,10960.000000397848,-3520792.8939773925,572441.0882438697,310.2955307509241,222,58:38
54.9%,2742500,10970.000000399885,-3518897.414723063,576704.6394498192,312.60661727406733,222,58:34
54.9%,2745000,10980.000000401922,-3518606.8030047603,573208.8727822619,310.71171350882787,222,58:30
55.0%,2747500,10990.00000040396,-3523166.532605013,573955.360970801,311.1163524374775,222,58:26
55.0%,2750000,11000.000000405997,-3515679.8012500033,573089.6440847239,310.6470847937634,222,58:22
55.0%,2752500,11010.000000408034,-3521927.8651218824,574475.8825340462,311.39850464152346,222,58:19
55.1%,2755000,11020.000000410071,-3522892.7040468287,572034.2176605182,310.07498382268864,222,58:15
55.1%,2757500,11030.000000412108,-3517911.493022658,574627.4888500117,311.4806838617853,222,58:11
55.2%,2760000,11040.000000414146,-3521160.2033877745,575191.0308847895,311.7861556009267,222,58:07
55.2%,2762500,11050.000000416183,-3517843.4053572826,573124.6547500929,310.666062559713,222,58:03
55.3%,2765000,11060.00000041822,-3516777.6457232293,575191.6472487382,311.7864897051385,222,57:59
55.4%,2767500,11070.000000420257,-3515766.8594542015,574160.8305500029,311.227728600791,222,57:55
55.4%,2770000,11080.000000422295,-3520946.3592894934,574669.8227612299,311.50363124225817,222,57:51
55.5%,2772500,11090.000000424332,-3520143.4505195376,575387.3464039451,311.89256974460375,222,57:47
55.5%,2775000,11100.00000042637,-3522905.717217637,571680.7499111106,309.8833842587191,222,57:43
55.5%,2777500,11110.000000428407,-3517903.5356223714,573295.784914145,310.75882481275977,222,57:40
55.6%,2780000,11120.000000430444,-3522893.886305265,574866.5425592698,311.61026452801553,222,57:36
55.6%,2782500,11130.000000432481,-3518034.224062789,573129.1647855318,310.6685072546676,222,57:32
55.7%,2785000,11140.000000434518,-3519824.607082421,575335.8243714287,311.8646418813644,222,57:28
55.8%,2787500,11150.000000436556,-3520858.050837802,574501.1572445256,311.4122049678345,222,57:24
55.8%,2790000,11160.000000438593,-3519194.0181173887,574668.5841667887,311.5029598538351,222,57:20
55.9%,2792500,11170.00000044063,-3516072.08612491,574628.9057196137,311.4814518854547,222,57:16
55.9%,2795000,11180.000000442667,-3519983.14213641,572928.1345894821,310.5595374887628,222,57:12
56.0%,2797500,11190.000000444705,-3520778.636378959,571080.6164781554,309.55807790680865,222,57:08
56.0%,2800000,11200.000000446742,-3515905.983453458,574201.5056241115,311.24977679748423,222,57:05
56.0%,2802500,11210.00000044878,-3514447.256122336,574570.4429996586,311.4497617760441,222,57:01
56.1%,2805000,11220.000000450817,-3517382.394355433,576377.5213252178,312.42930070092825,222,56:57
56.1%,2807500,11230.000000452854,-3519673.5242181756,573347.0180461983,310.7865960755656,222,56:53
56.2%,2810000,11240.000000454891,-3521635.6517947223,572355.9271708754,310.24936862020576,222,56:49
56.2%,2812500,11250.000000456928,-3521676.477680888,574011.3633620521,311.1467089092149,222,56:45
56.3%,2815000,11260.000000458966,-3519974.306934651,573383.2361011293,310.80622831512426,222,56:41
56.4%,2817500,11270.000000461003,-3520055.6753865443,573574.5066259948,310.90990778581397,222,56:37
56.4%,2820000,11280.00000046304,-3518548.3282551337,574588.02104695,311.4592900744592,222,56:33
56.5%,2822500,11290.000000465077,-3520299.358196048,573700.1330901019,310.9780044531514,222,56:30
56.5%,2825000,11300.000000467115,-3522369.679243436,572381.8572207846,310.26342417764954,222,56:26
56.5%,2827500,11310.000000469152,-3520356.6186640523,574924.5276010404,311.64169570876294,222,56:22
56.6%,2830000,11320.00000047119,-3521696.1895484496,574744.0278109307,311.54385458707765,222,56:18
56.6%,2832500,11330.000000473226,-3517321.634301681,575737.7440244629,312.08250512461984,222,56:14
56.7%,2835000,11340.000000475264,-3520639.1296636015,573613.5235217402,310.9310571558054,222,56:10
56.8%,2837500,11350.000000477301,-3517919.528217338,574440.6411717746,311.37940182477075,222,56:06
56.8%,2840000,11360.000000479338,-3517141.804380251,574563.2472511185,311.4458612722923,222,56:02
56.9%,2842500,11370.000000481376,-3517963.6441630535,573218.5026190577,310.71693342644204,222,55:58
56.9%,2845000,11380.000000483413,-3517380.5503090806,575792.0867974433,312.11196198914394,222,55:54
57.0%,2847500,11390.00000048545,-3517657.561223747,573816.3751472512,311.04101423976437,222,55:51
57.0%,2850000,11400.000000487487,-3521311.6760495678,574047.3139471516,311.1661961649577,222,55:47
57.0%,2852500,11410.000000489525,-3518523.897569392,575571.6718068526,311.9924845653611,222,55:43
57.1%,2855000,11420.000000491562,-3519741.556327166,574732.0358809025,311.5373542809864,222,55:39
57.1%,2857500,11430.0000004936,-3517206.1214176957,575210.2519028882,311.79657448268586,222,55:35
57.2%,2860000,11440.000000495636,-3519285.9121669848,573396.278977849,310.8132982939175,222,55:31
57.2%,2862500,11450.000000497674,-3517149.0141779706,572086.540065867,310.10334553338913,222,55:27
57.3%,2865000,11460.000000499711,-3520473.3976078182,572832.8818193732,310.5079050859472,222,55:23
57.4%,2867500,11470.000000501748,-3516998.7322433162,576999.2695240374,312.7663234816269,222,55:19
57.4%,2870000,11480.000000503785,-3519808.6935429834,572374.3699914427,310.2593656747743,222,55:16
57.5%,2872500,11490.000000505823,-3517320.6362187136,572428.6558801649,310.28879170480485,222,55:12
57.5%,2875000,11500.00000050786,-3517508.6730046067,574294.5329495011,311.30020288306565,222,55:08
57.5%,2877500,11510.000000509897,-3520662.4059197307,576309.2392858937,312.3922879636039,222,55:04
57.6%,2880000,11520.000000511935,-3518700.448806325,574513.4638963072,311.4188758709628,222,55:00
57.6%,2882500,11530.000000513972,-3517150.3790159877,573474.5762693032,310.8557398658226,222,54:56
57.7%,2885000,11540.00000051601,-3520988.861343473,574674.5503874003,311.5061938837279,222,54:52
57.8%,2887500,11550.000000518046,-3520571.180284163,572867.6280034155,310.52673948802,222,54:48
57.8%,2890000,11560.000000520084,-3517496.05485403,573600.0372175669,310.9237468141872,222,54:44
57.9%,2892500,11570.00000052212,-3518730.4220456313,573087.9727626347,310.64617884241693,222,54:40
57.9%,2895000,11580.000000524158,-3519699.509232115,575420.2484849517,311.9104045382592,222,54:37
58.0%,2897500,11590.000000526195,-3520357.7095040902,575653.4501677488,312.0368130743018,222,54:33
58.0%,2900000,11600.000000528233,-3516088.231738642,572310.5000045821,310.22474452007566,222,54:29
58.0%,2902500,11610.00000053027,-3517727.2602375634,577101.8135866082,312.8219081784179,222,54:25
58.1%,2905000,11620.000000532307,-3520814.4724287,571703.2767105862,309.8955950614426,222,54:21
58.1%,2907500,11630.000000534345,-3521250.9444594234,574054.3790639169,311.17002585887985,222,54:17
58.2%,2910000,11640.000000536382,-3516126.4228200484,574441.9103917836,311.3800898139882,222,54:13
58.2%,2912500,11650.000000538419,-3517444.658719074,575144.7070080467,311.761045432884,222,54:09
58.3%,2915000,11660.000000540456,-3519897.014151944,576587.5513065474,312.5431488607977,222,54:05
58.4%,2917500,11670.000000542494,-3516939.121994918,574193.4944627564,311.2454342937478,222,54:02
58.4%,2920000,11680.00000054453,-3521228.4627975207,575897.7974544507,312.169263159685,222,53:58
58.5%,2922500,11690.000000546568,-3519505.9113086946,573592.3722842522,310.9195919856819,222,53:54
58.5%,2925000,11700.000000548605,-3521972.644743098,573364.9212919523,310.7963006499882,222,53:50
58.5%,2927500,11710.000000550643,-3517217.0320958626,574346.2085263035,311.3282139760149,222,53:46
58.6%,2930000,11720.00000055268,-3519571.085701911,573351.7538155932,310.7891631311249,222,53:42
58.6%,2932500,11730.000000554717,-3518295.366329225,575183.8369924384,311.78225610333453,222,53:38
58.7%,2935000,11740.000000556754,-3517633.268579254,573329.7158540105,310.7772173062594,222,53:34
58.8%,2937500,11750.000000558792,-3518819.625271477,571837.1090651748,309.9681397867455,222,53:30
58.8%,2940000,11760.000000560829,-3518874.3363722116,575251.9411055509,311.81917239456266,222,53:26
58.9%,2942500,11770.000000562866,-3519598.0407159235,574266.54532046,311.2850320010551,222,53:23
58.9%,2945000,11780.000000564904,-3519178.911542803,573044.3288413088,310.62252136218007,222,53:19
59.0%,2947500,11790.00000056694,-3517537.66115362,575463.9685227787,311.9341032779559,222,53:15
59.0%,2950000,11800.000000568978,-3518951.0945470463,574283.5403227434,311.29424425601354,222,53:11
59.0%,2952500,11810.000000571015,-3517989.2579037044,574919.1483875815,311.6387798700338,222,53:07
59.1%,2955000,11820.000000573053,-3522283.908883199,573970.4933695729,311.12455505571177,222,53:03
59.1%,2957500,11830.00000057509,-3517585.9870725106,573107.4931265728,310.6567599865958,222,52:59
59.2%,2960000,11840.000000577127,-3520286.987954894,575467.3169485196,311.9359183145837,222,52:55
59.2%,2962500,11850.000000579164,-3519122.267823478,574352.362295348,311.33154966779347,222,52:51
59.3%,2965000,11860.000000581202,-3520315.932216393,575302.2851582752,311.846461725956,222,52:47
59.4%,2967500,11870.000000583239,-3517170.6266725454,577488.2193106775,313.03136199243943,222,52:44
59.4%,2970000,11880.000000585276,-3519168.7458579857,573625.9283206369,310.93778126023557,222,52:40
59.5%,2972500,11890.000000587313,-3517350.720559489,575406.3297268047,311.9028597820646,222,52:36
59.5%,2975000,11900.00000058935,-3516127.2622678336,575639.4315515875,312.0292141894008,222,52:32
59.5%,2977500,11910.000000591388,-3518888.638546262,570732.7208577273,309.36949875272,222,52:28
59.6%,2980000,11920.000000593425,-3519389.17690094,574118.2186838966,311.2046305530071,222,52:24
59.6%,2982500,11930.000000595463,-3518338.0223903526,574571.8839890177,311.45054287398966,222,52:20
59.7%,2985000,11940.0000005975,-3519060.57091137,572735.7488852593,310.45525352762394,222,52:16
59.8%,2987500,11950.000000599537,-3517850.69336034,574835.9771001872,311.5936963159437,222,52:12
59.8%,2990000,11960.000000601574,-3517555.916804092,574958.0221218071,311.65985163836336,222,52:09
59.9%,2992500,11970.000000603612,-3520172.9106976315,572706.9255161143,310.4396296270855,222,52:05
59.9%,2995000,11980.000000605649,-3520299.07371201,575823.1658158354,312.1288085794835,222,52:01
60.0%,2997500,11990.000000607686,-3519017.5277907047,575019.9150071025,311.6934010918999,222,51:57
60.0%,3000000,12000.000000609723,-3518379.698630931,574024.8926000845,311.15404252341926,222,51:53
60.0%,3002500,12010.00000061176,-3518262.8636229895,573503.6756726688,310.87151339256155,222,51:49
60.1%,3005000,12020.000000613798,-3518714.185942685,575480.6694793311,311.943156143454,222,51:45
60.1%,3007500,12030.000000615835,-3518170.252394786,572168.6428312648,310.1478498879653,222,51:41
60.2%,3010000,12040.000000617873,-3520095.078073006,573114.4907935152,310.6605531188892,222,51:37
60.2%,3012500,12050.00000061991,-3522767.632316977,574580.9147015542,311.45543803228134,222,51:33
60.3%,3015000,12060.000000621947,-3517664.409792967,570609.0923499789,309.30248509102523,222,51:30
60.4%,3017500,12070.000000623984,-3517658.3072709516,574271.3115553597,311.28761557064547,222,51:26
60.4%,3020000,12080.000000626022,-3516243.730635021,576569.6368299101,312.5334381985996,222,51:22
60.5%,3022500,12090.000000628059,-3516566.188848581,572943.5121352484,310.56787299056936,222,51:18
60.5%,3025000,12100.000000630096,-3518354.605175646,574532.2661744112,311.4290677718997,222,51:14
60.5%,3027500,12110.000000632133,-3524199.0315588564,572015.1833276676,310.0646661349201,222,51:10
60.6%,3030000,12120.00000063417,-3518311.7638968676,573900.8744002031,311.08681762649053,222,51:06
60.6%,3032500,12130.000000636208,-3520506.756372381,571871.9132240355,309.98700561445736,222,51:02
60.7%,3035000,12140.000000638245,-3517013.5394433904,574250.1385646742,311.2761386090554,222,50:58
60.8%,3037500,12150.000000640282,-3519376.4861364327,573458.1599325376,310.84684128038856,222,50:55
60.8%,3040000,12160.00000064232,-3519780.1834012195,573574.2859791316,310.909788182702,222,50:51
60.9%,3042500,12170.000000644357,-3516807.64327053,573029.3940913434,310.61442588080683,222,50:47
60.9%,3045000,12180.000000646394,-3521079.077712126,575852.5796447198,312.1447525426835,222,50:43
61.0%,3047500,12190.000000648432,-3519291.69621256,572380.6413710613,310.2627651181533,222,50:39
61.0%,3050000,12200.000000650469,-3518498.055457879,575600.9078382934,312.0083321522644,222,50:35
61.0%,3052500,12210.000000652506,-3519774.654507937,574521.4697454032,311.4232154951536,222,50:31
61.1%,3055000,12220.000000654543,-3517542.9276700094,576000.6164162123,312.22499686742583,222,50:27
61.1%,3057500,12230.00000065658,-3519965.2122699004,574619.4204225646,311.47631031657966,222,50:24
61.2%,3060000,12240.000000658618,-3519918.8162040673,575040.1172739734,311.7043518661365,222,50:20
61.2%,3062500,12250.000000660655,-3518676.21806716,573633.1191331942,310.94167908840484,222,50:16
61.3%,3065000,12260.000000662692,-3518200.031494556,572540.1600447354,310.34923328497246,222,50:12
61.4%,3067500,12270.00000066473,-3521687.317431718,575718.2398976528,312.07193278188504,222,50:08
61.4%,3070000,12280.000000666767,-3520632.0798576307,576270.8399256528,312.37147333287396,222,50:04
61.5%,3072500,12290.000000668804,-3519798.923212968,573716.4554824537,310.98685211538594,222,50:00
61.5%,3075000,12300.000000670841,-3521112.4231711086,573102.6244683766,310.6541208977706,222,49:56
61.5%,3077500,12310.000000672879,-3521353.9676544294,573033.9277102074,310.6168833593151,222,49:52
61.6%,3080000,12320.000000674916,-3520266.7193412185,572720.3817529648,310.44692367050965,222,49:49
61.6%,3082500,12330.000000676953,-3516788.60401454,575354.1287697233,311.8745639032118,222,49:45
61.7%,3085000,12340.00000067899,-3519704.5370365903,573384.0403323027,310.80666425402507,222,49:41
61.8%,3087500,12350.000000681028,-3520435.038733175,575693.0341471232,312.05826983577725,222,49:37
61.8%,3090000,12360.000000683065,-3517949.5687280428,574271.6154384218,311.28778029249713,222,49:33
61.9%,3092500,12370.000000685102,-3521480.180377526,573847.3616250328,311.0578106678455,222,49:29
61.9%,3095000,12380.00000068714,-3514173.46533777,573383.6543729433,310.806455042166,222,49:25
62.0%,3097500,12390.000000689177,-3518374.647704307,575690.1909490915,312.05672866121733,222,49:21
62.0%,3100000,12400.000000691214,-3519118.0052810833,572006.5960272992,310.0600113311678,222,49:17
62.0%,3102500,12410.000000693251,-3519656.9515432883,574012.1636610955,311.14714271667833,222,49:14
62.1%,3105000,12420.000000695289,-3517970.048479205,576358.0894948073,312.4187675469417,222,49:10
62.1%,3107500,12430.000000697326,-3520883.8709359,572129.7558945571,310.12677096314184,222,49:06
62.2%,3110000,12440.000000699363,-3517848.2225573286,574021.7009665809,311.1523124770751,222,49:02
62.2%,3112500,12450.0000007014,-3515887.9604647625,572357.3322131031,310.2501302327677,222,48:58
62.3%,3115000,12460.000000703438,-3519785.358200403,571267.3422326937,309.65929385426466,222,48:54
62.4%,3117500,12470.000000705475,-3518211.8983234875,575013.9332439264,311.6901586370558,222,48:50
62.4%,3120000,12480.000000707512,-3522223.782041615,573806.9658577968,311.0359138713157,222,48:46
62.5%,3122500,12490.00000070955,-3519758.6824756656,574207.0601280185,311.25278765357626,222,48:42
62.5%,3125000,12500.000000711587,-3520649.1498531755,575365.0734524269,311.88049654186784,222,48:39
62.5%,3127500,12510.000000713624,-3518763.6722920053,575702.7128145184,312.0635162223453,222,48:35
62.6%,3130000,12520.000000715661,-3522203.890704436,574323.1791350355,311.31573074003984,222,48:31
62.6%,3132500,12530.000000717699,-3520334.752180971,574063.2563462018,311.1748378492747,222,48:27
62.7%,3135000,12540.000000719736,-3517870.1198497303,570941.7680974584,309.48281421091565,222,48:23
62.8%,3137500,12550.000000721773,-3516723.675465634,572688.1590934427,310.4294571618261,222,48:19
62.8%,3140000,12560.00000072381,-3518683.1540500335,574526.741805299,311.42607325057526,222,48:15
62.9%,3142500,12570.000000725848,-3520080.7983389683,572262.6921950679,310.19882997632277,222,48:11
62.9%,3145000,12580.000000727885,-3520999.427925855,574748.2330435948,311.5461340616441,222,48:07
63.0%,3147500,12590.000000729922,-3516492.1374623477,574375.0374674987,311.3438408969206,222,48:04
63.0%,3150000,12600.00000073196,-3516959.3073722124,573384.5204224576,310.8069244901131,222,48:00
63.0%,3152500,12610.000000733997,-3516193.4848993532,576439.7040940153,312.46300728776106,222,47:56
63.1%,3155000,12620.000000736034,-3522422.7421146,573546.2618593337,310.89459752063203,222,47:52
63.1%,3157500,12630.000000738071,-3518205.685293814,573063.500203774,310.63291332777004,222,47:48
63.2%,3160000,12640.000000740109,-3521164.8110100366,572679.1688909156,310.42458396225675,222,47:44
63.2%,3162500,12650.000000742146,-3520712.153364882,573958.6343311344,311.1181267843978,222,47:40
63.3%,3165000,12660.000000744183,-3518507.8727018014,573393.9583476178,310.81204038073815,222,47:36
63.4%,3167500,12670.00000074622,-3519019.9456403106,574242.8470759197,311.2721862086783,222,47:32
63.4%,3170000,12680.000000748258,-3520121.568882445,574146.8882044645,311.2201710588927,222,47:28
63.5%,3172500,12690.000000750295,-3518612.5105564874,573961.2568554673,311.1195483412995,222,47:25
63.5%,3175000,12700.000000752332,-3517804.571212461,575333.3862426234,311.8633202772951,222,47:21
63.5%,3177500,12710.00000075437,-3520028.743449308,574850.173941224,311.6013918088336,222,47:17
63.6%,3180000,12720.000000756407,-3519685.0842973106,573097.730974556,310.65146834662863,222,47:13
63.6%,3182500,12730.000000758444,-3519069.7546126656,574481.47275717,311.40153485945655,222,47:09
63.7%,3185000,12740.000000760481,-3519308.300510321,573118.0852515048,310.66250151894735,222,47:05
63.8%,3187500,12750.000000762519,-3518975.9400878903,574442.8624592806,311.38060588855967,222,47:01
63.8%,3190000,12760.000000764556,-3521211.0721788984,575357.929980979,311.8766243752644,222,46:57
63.9%,3192500,12770.000000766593,-3522001.434830865,573970.8509470376,311.1247488829745,222,46:53
63.9%,3195000,12780.00000076863,-3518168.6211797483,573294.0048071994,310.75785989385224,222,46:50
64.0%,3197500,12790.000000770668,-3517495.0514748655,574705.0108431067,311.5227051780155,222,46:46
64.0%,3200000,12800.000000772705,-3519500.300346464,572778.1504636907,310.47823758756357,222,46:42
64.0%,3202500,12810.000000774742,-3520285.8940029535,574221.9567897236,311.26086248895257,222,46:38
64.1%,3205000,12820.00000077678,-3517706.6845999025,574242.4453761333,311.27196846461527,222,46:34
64.2%,3207500,12830.000000778817,-3517574.079512354,575600.1536048485,312.0079233149676,222,46:30
64.2%,3210000,12840.000000780854,-3517805.6417941097,576922.9709646477,312.72496533584115,222,46:26
64.2%,3212500,12850.000000782891,-3522214.4420177545,573958.938590419,311.1182917101835,222,46:22
64.3%,3215000,12860.000000784928,-3518219.9543001465,575139.7232359567,311.7583439458008,222,46:18
64.3%,3217500,12870.000000786966,-3516768.5869549997,573549.335152636,310.89626341987645,222,46:15
64.4%,3220000,12880.000000789003,-3521173.0951999538,575311.9431446454,311.85169690223574,222,46:11
64.5%,3222500,12890.00000079104,-3515807.2916187327,573287.0423345747,310.75408583887474,222,46:07
64.5%,3225000,12900.000000793078,-3519916.734139381,571963.5465960403,310.03667609825845,222,46:03
64.5%,3227500,12910.000000795115,-3517688.4933589734,575817.6961901331,312.1258437321915,222,45:59
64.6%,3230000,12920.000000797152,-3517743.053933801,573536.4913438498,310.8893013471916,222,45:55
64.7%,3232500,12930.00000079919,-3519966.3164712545,572666.6785342225,310.4178134806493,222,45:51
64.7%,3235000,12940.000000801227,-3517699.4591859747,573947.7046955099,311.11220230211194,222,45:47
64.8%,3237500,12950.000000803264,-3518247.6913742274,575113.7939285627,311.7442887908423,222,45:43
64.8%,3240000,12960.000000805301,-3517180.8887163736,572914.5211132362,310.5521582126699,222,45:40
64.8%,3242500,12970.000000807338,-3517246.3643599097,573189.2141899669,310.7010574370412,222,45:36
64.9%,3245000,12980.000000809376,-3519306.8447325006,572292.1816797002,310.2148149492282,222,45:32
65.0%,3247500,12990.000000811413,-3520599.9710686784,575067.0325534428,311.71894147387036,222,45:28
65.0%,3250000,13000.00000081345,-3519698.3878149,574825.6761904636,311.58811263874867,222,45:24
65.0%,3252500,13010.000000815488,-3519265.6805322506,573704.8154179242,310.98054254034787,222,45:20
65.1%,3255000,13020.000000817525,-3519660.3310557045,574769.6306535103,311.5577327795941,222,45:16
65.2%,3257500,13030.000000819562,-3518166.9512760118,573663.9735160961,310.9584039135705,222,45:12
65.2%,3260000,13040.0000008216,-3516784.1906017493,575259.2921627916,311.8231570844372,222,45:08
65.2%,3262500,13050.000000823637,-3519756.659111878,573016.2206148454,310.60728510952794,222,45:05
65.3%,3265000,13060.000000825674,-3514623.795293795,573109.09704157,310.65762939947604,222,45:01
65.3%,3267500,13070.000000827711,-3517890.873531025,574116.6472326173,311.20377873730274,222,44:57
65.4%,3270000,13080.000000829748,-3516870.277743129,575509.3022580065,311.95867673315036,222,44:53
65.5%,3272500,13090.000000831786,-3520053.790334847,574600.3295584992,311.465961985687,222,44:49
65.5%,3275000,13100.000000833823,-3521465.6701141223,572695.3110421612,310.4333339235909,222,44:45
65.5%,3277500,13110.00000083586,-3518854.589130856,574815.9130735572,311.58282047575676,222,44:41
65.6%,3280000,13120.000000837897,-3517215.622733293,573678.5719034267,310.9663170673219,222,44:37
65.7%,3282500,13130.000000839935,-3520291.74060422,572755.2785242919,310.46583969943003,222,44:33
65.7%,3285000,13140.000000841972,-3516445.930617787,572793.4751959657,310.4865444614629,222,44:30
65.8%,3287500,13150.00000084401,-3517444.69037747,574243.1515480854,311.27235124985754,222,44:26
65.8%,3290000,13160.000000846047,-3520359.479129439,576091.1401954268,312.2740658890139,222,44:22
65.8%,3292500,13170.000000848084,-3517598.182825137,573106.4383466209,310.6561882360493,222,44:18
65.9%,3295000,13180.000000850121,-3521539.9838632997,572355.0178259582,310.2488757036952,222,44:14
66.0%,3297500,13190.000000852158,-3518458.1646332294,575404.8800689862,311.9020739853224,222,44:10
66.0%,3300000,13200.000000854196,-3517484.1184259932,574039.6658174056,311.1620504449394,222,44:06
66.0%,3302500,13210.000000856233,-3522910.37750523,575470.784106653,311.9377977109012,222,44:02
66.1%,3305000,13220.00000085827,-3518485.2193172835,576203.5895639139,312.3350198233032,222,43:58
66.2%,3307500,13230.000000860307,-3519835.9913959596,572605.1251710921,310.38444806737914,222,43:55
66.2%,3310000,13240.000000862345,-3518707.5846589934,575869.6297018912,312.15399464051325,222,43:51
66.2%,3312500,13250.000000864382,-3515700.268732475,574462.25418064,311.39111730116605,222,43:47
66.3%,3315000,13260.00000086642,-3521609.4747895803,573121.8055032252,310.66451810634095,222,43:43
66.3%,3317500,13270.000000868456,-3517681.5149170756,573478.5477737129,310.8578926464213,222,43:39
66.4%,3320000,13280.000000870494,-3516214.185200924,573916.7279327118,311.09541114010284,222,43:35
66.5%,3322500,13290.000000872531,-3518220.9511959646,573692.6118598101,310.9739275198334,222,43:31
66.5%,3325000,13300.000000874568,-3518599.2756175064,573136.3805916935,310.6724186307877,222,43:27
66.5%,3327500,13310.000000876606,-3518392.5959934797,573800.4337899131,311.03237312011436,222,43:23
66.6%,3330000,13320.000000878643,-3517609.594134709,576118.3246430489,312.2888014011501,222,43:20
66.7%,3332500,13330.00000088068,-3519872.4706330243,573111.0109981927,310.65866687249866,222,43:16
66.7%,3335000,13340.000000882717,-3523736.743977381,573370.2388499904,310.7991830679831,222,43:12
66.8%,3337500,13350.000000884755,-3519276.034182692,574287.1588321684,311.2962056933136,222,43:08
66.8%,3340000,13360.000000886792,-3518252.576071715,573646.7532297799,310.9490695418913,222,43:04
66.8%,3342500,13370.00000088883,-3519252.6610879824,573710.9488276674,310.9838671962307,222,43:00
66.9%,3345000,13380.000000890866,-3521758.9392195083,573258.318844869,310.7385160786562,222,42:56
67.0%,3347500,13390.000000892904,-3519144.683326047,575569.6213630249,311.99137310853376,222,42:52
67.0%,3350000,13400.000000894941,-3519451.2394486535,574309.1993246617,311.3081528900762,222,42:48
67.0%,3352500,13410.000000896978,-3520551.0577309616,574518.4516453145,311.4215795137607,222,42:45
67.1%,3355000,13420.000000899016,-3516436.335571643,572748.9272725198,310.46239696081454,222,42:41
67.2%,3357500,13430.000000901053,-3520329.134394098,573649.9371062609,310.9507953834893,222,42:37
67.2%,3360000,13440.00000090309,-3518951.74127735,573468.250790583,310.8523110976628,222,42:33
67.2%,3362500,13450.000000905127,-3517957.507625511,572563.0702380624,310.36165190890426,222,42:29
67.3%,3365000,13460.000000907165,-3520893.666224271,574277.8453262476,311.29115724497166,222,42:25
67.3%,3367500,13470.000000909202,-3521276.702108346,571781.084662664,309.93777138365715,222,42:21
67.4%,3370000,13480.00000091124,-3519807.146239266,575217.8713405789,311.80070464998306,222,42:17
67.5%,3372500,13490.000000913276,-3520113.457925167,574630.925241705,311.4825465809476,222,42:13
67.5%,3375000,13500.000000915314,-3521370.091075234,573645.7708410926,310.9485370315153,222,42:10
67.5%,3377500,13510.000000917351,-3519010.0466761384,574224.1327548515,311.2620419854425,222,42:06
67.6%,3380000,13520.000000919388,-3518192.740963079,575623.5002001773,312.0205784935311,222,42:02
67.7%,3382500,13530.000000921425,-3518114.440145176,572193.6084684707,310.16138267903585,222,41:58
67.7%,3385000,13540.000000923463,-3517703.976986736,574893.8076959543,311.62504377819914,222,41:54
67.8%,3387500,13550.0000009255,-3516987.4751611855,572399.441190772,310.27295568650163,222,41:50
67.8%,3390000,13560.000000927537,-3517289.369021384,573745.6776987338,311.00269221368876,222,41:46
67.8%,3392500,13570.000000929575,-3522617.8820434064,571285.5145521153,309.66914428187323,222,41:42
67.9%,3395000,13580.000000931612,-3517662.8470853306,573680.9924214314,310.96762912533865,222,41:38
68.0%,3397500,13590.000000933649,-3519519.89120798,573125.0825476579,310.666294450252,222,41:35
68.0%,3400000,13600.000000935686,-3520920.067725893,572754.8804684993,310.4656239306182,222,41:31
68.0%,3402500,13610.000000937724,-3521822.0481189527,572624.8495214528,310.3951397837663,222,41:27
68.1%,3405000,13620.00000093976,-3518977.2897950336,572839.521023308,310.5115039109634,222,41:23
68.2%,3407500,13630.000000941798,-3521159.7356793676,573226.068791839,310.7210347211379,222,41:19
68.2%,3410000,13640.000000943835,-3517309.8803984877,574892.4421645268,311.6243035827314,222,41:15
68.2%,3412500,13650.000000945873,-3522160.1897901017,573028.0909344313,310.61371949586345,222,41:11
68.3%,3415000,13660.00000094791,-3516998.9042827096,574193.6844217204,311.2455372622781,222,41:07
68.3%,3417500,13670.000000949947,-3517610.7644417696,575802.5507329365,312.1176340355506,222,41:03
68.4%,3420000,13680.000000951984,-3517890.475737268,575313.608508022,311.85259962362215,222,41:00
68.5%,3422500,13690.000000954022,-3522083.4293110333,574127.2790681313,311.20954179504173,222,40:56
68.5%,3425000,13700.000000956059,-3522436.8368314523,575022.0289013743,311.694546942466,222,40:52
68.5%,3427500,13710.000000958096,-3519148.1827773377,574527.7928593701,311.42664298148304,222,40:48
68.6%,3430000,13720.000000960134,-3518027.7930382974,575338.3147274919,311.86599179556913,222,40:44
68.7%,3432500,13730.00000096217,-3520675.9791074432,574643.2741056462,311.48924036546003,222,40:40
68.7%,3435000,13740.000000964208,-3518789.1070049945,570148.0509246077,309.05257449459583,222,40:36
68.8%,3437500,13750.000000966245,-3517133.195109794,573444.7748415394,310.8395858020508,222,40:32
68.8%,3440000,13760.000000968283,-3521535.4450983666,573004.4223872488,310.6008898011387,222,40:28
68.8%,3442500,13770.00000097032,-3519123.0852419343,574097.6579384163,311.1934854630364,222,40:25
68.9%,3445000,13780.000000972357,-3520216.4058127217,575026.0496653276,311.6967264245307,222,40:21
69.0%,3447500,13790.000000974394,-3520052.054821193,575547.8046237158,311.9795471986852,222,40:17
69.0%,3450000,13800.000000976432,-3523444.1299797613,572493.1835844492,310.32376937964375,222,40:13
69.0%,3452500,13810.000000978469,-3518974.0388168674,574521.5807591678,311.42327567090916,222,40:09
69.1%,3455000,13820.000000980506,-3518973.0274759065,574444.81867437,311.3816662680675,222,40:05
69.2%,3457500,13830.000000982543,-3521674.6321838517,574030.0895489894,311.1568595644246,222,40:01
69.2%,3460000,13840.00000098458,-3517041.7758022137,575463.6762868074,311.9339448694879,222,39:57
69.2%,3462500,13850.000000986618,-3518875.0897497106,574028.0509099965,311.15575450648714,222,39:53
69.3%,3465000,13860.000000988655,-3518629.464358719,572739.6256262294,310.4573549410648,222,39:49
69.3%,3467500,13870.000000990693,-3516805.7210234497,573974.4893364221,311.12672109633985,222,39:46
69.4%,3470000,13880.00000099273,-3518042.011836104,573262.0888280779,310.74055962333654,222,39:42
69.5%,3472500,13890.000000994767,-3522407.3523971736,574654.9746410628,311.495582719148,222,39:38
69.5%,3475000,13900.000000996804,-3521282.031071406,573090.191196935,310.64738135960647,222,39:34
69.5%,3477500,13910.000000998842,-3520573.605756182,572497.2610305061,310.3259795866228,222,39:30
69.6%,3480000,13920.000001000879,-3521309.347890621,573037.9860048988,310.61908318516805,222,39:26
69.7%,3482500,13930.000001002916,-3519520.3575128578,574538.5778769199,311.4324890725717,222,39:22
69.7%,3485000,13940.000001004953,-3518817.833397152,573997.2243957475,311.13904478771167,222,39:18
69.8%,3487500,13950.00000100699,-3514603.771889886,574746.6156499907,311.5452573425946,222,39:15
69.8%,3490000,13960.000001009028,-3516795.77048265,573654.8340077468,310.953449781779,222,39:11
69.8%,3492500,13970.000001011065,-3520404.9220461827,574422.7019393783,311.3696777435474,222,39:07
69.9%,3495000,13980.000001013103,-3520912.6400520504,576605.7486396341,312.5530128472312,222,39:03
70.0%,3497500,13990.00000101514,-3520069.789704267,574509.2888511093,311.4166127597149,222,38:59
70.0%,3500000,14000.000001017177,-3521654.519987887,574092.9541670282,311.1909357522113,222,38:55
70.0%,3502500,14010.000001019214,-3517312.1013331674,572504.292596878,310.3297910943293,222,38:51
70.1%,3505000,14020.000001021252,-3520479.38346532,573520.2081089354,310.88047491050855,222,38:47
70.2%,3507500,14030.000001023289,-3517930.6126721054,572093.1639624039,310.1069360609277,222,38:44
70.2%,3510000,14040.000001025326,-3517382.6706247684,578629.7123202843,313.6501159333053,222,38:40
70.2%,3512500,14050.000001027363,-3517245.452182252,574017.8104322262,311.1502035868376,222,38:36
70.3%,3515000,14060.0000010294,-3519370.5087376162,577713.0563777237,313.15323643242,222,38:32
70.3%,3517500,14070.000001031438,-3521631.487977704,574286.0784059794,311.2956200410524,222,38:28
70.4%,3520000,14080.000001033475,-3517690.0115605593,575268.4635380992,311.8281284899271,222,38:24
70.5%,3522500,14090.000001035512,-3518948.734571187,574974.8022021106,311.66894739342143,222,38:20
70.5%,3525000,14100.00000103755,-3517711.5855913293,573160.6171815466,310.68555623685154,222,38:16
70.5%,3527500,14110.000001039587,-3519807.5983279645,575752.7704565837,312.0906503029202,222,38:12
70.6%,3530000,14120.000001041624,-3519262.1993634123,574386.5314722124,311.350071299256,222,38:09
70.7%,3532500,14130.000001043662,-3516326.1627123468,574107.0957705472,311.1986013032343,222,38:05
70.7%,3535000,14140.000001045699,-3518843.5845705774,574999.1119803527,311.6821246717422,222,38:01
70.8%,3537500,14150.000001047736,-3519670.2552188914,573119.4958316225,310.6632661333597,222,37:57
70.8%,3540000,14160.000001049773,-3515503.5102702286,575299.691748739,311.8450559509251,222,37:53
70.8%,3542500,14170.00000105181,-3519965.514668932,571697.643183209,309.8925413701486,222,37:49
70.9%,3545000,14180.000001053848,-3517923.5789552666,572663.2289661176,310.41594361912473,222,37:45
71.0%,3547500,14190.000001055885,-3521133.285189908,572905.447931286,310.5472400335478,222,37:41
71.0%,3550000,14200.000001057922,-3520875.949618958,574079.4928422858,311.18363895086117,222,37:37
71.0%,3552500,14210.00000105996,-3519950.132893335,574967.5693772219,311.66502679218615,222,37:33
71.1%,3555000,14220.000001061997,-3520354.7404483575,572130.9315757172,310.1274082489989,222,37:30
71.2%,3557500,14230.000001064034,-3519761.9621727653,573636.8729827829,310.94371388774823,222,37:26
71.2%,3560000,14240.000001066071,-3520529.3343628217,573705.8381972504,310.9810969447405,222,37:22
71.2%,3562500,14250.000001068109,-3521175.2593129333,573068.3710975482,310.63555362840526,222,37:18
71.3%,3565000,14260.000001070146,-3518151.7843262553,572722.1209821099,310.44786643133125,222,37:14
71.3%,3567500,14270.000001072183,-3522152.48913721,573306.1268555399,310.7644307314473,222,37:10
71.4%,3570000,14280.00000107422,-3518926.485656621,573754.4538832761,311.0074494033742,222,37:06
71.5%,3572500,14290.000001076258,-3514791.346672045,574007.1444535536,311.14442202157073,222,37:02
71.5%,3575000,14300.000001078295,-3516530.1123238485,574043.199356378,311.16396582343583,222,36:58
71.5%,3577500,14310.000001080332,-3517554.0288490187,572774.6503249086,310.4763403138642,222,36:55
71.6%,3580000,14320.00000108237,-3521493.566661928,573566.0235997518,310.90530950455053,222,36:51
71.7%,3582500,14330.000001084407,-3518889.04848516,576814.2808318619,312.6660491204737,222,36:47
71.7%,3585000,14340.000001086444,-3517112.186381152,574299.9339248704,311.3031305179843,222,36:43
71.8%,3587500,14350.000001088481,-3518060.6646714304,574923.8288917043,311.6413169686817,222,36:39
71.8%,3590000,14360.000001090519,-3522268.6406297274,572228.6948635051,310.18040149475837,222,36:35
71.8%,3592500,14370.000001092556,-3522381.0358013418,574340.7611399549,311.32526118371374,222,36:31
71.9%,3595000,14380.000001094593,-3520209.6286402326,575188.2786648478,311.78466374165055,222,36:27
72.0%,3597500,14390.00000109663,-3517677.1523607336,571520.2587812365,309.7963889654953,222,36:23
72.0%,3600000,14400.000001098668,-3519546.1808498967,574786.78541355,311.56703163231583,222,36:20
72.0%,3602500,14410.000001100705,-3520190.6414384115,573444.8514290464,310.83962731682254,222,36:16
72.1%,3605000,14420.000001102742,-3518363.8302043267,573703.5433502237,310.97985300752015,222,36:12
72.2%,3607500,14430.00000110478,-3518502.9140177555,575687.1308419501,312.05506990961976,222,36:08
72.2%,3610000,14440.000001106817,-3515767.8919807505,576182.7073765227,312.323700493589,222,36:04
72.2%,3612500,14450.000001108854,-3521649.829167599,572570.1210064802,310.36547382520854,222,36:00
72.3%,3615000,14460.000001110891,-3519585.234625615,573579.5299469644,310.9126307106326,222,35:56
72.3%,3617500,14470.000001112929,-3525443.794738507,574448.6502815094,311.38374321641265,222,35:52
72.4%,3620000,14480.000001114966,-3517962.7742240336,574582.8069153836,311.4564637194769,222,35:48
72.5%,3622500,14490.000001117003,-3519860.4524855465,571181.6867030688,309.6128637000138,222,35:44
72.5%,3625000,14500.00000111904,-3518991.659953203,572954.1864640722,310.5736590820918,222,35:41
72.5%,3627500,14510.000001121078,-3518835.401369069,573607.1128176411,310.9275821906574,222,35:37
72.6%,3630000,14520.000001123115,-3518624.1771166828,573896.2072282915,311.08428775465717,222,35:33
72.7%,3632500,14530.000001125152,-3518058.5759317577,575803.6120592025,312.11820933457045,222,35:29
72.7%,3635000,14540.00000112719,-3518097.177610418,572634.2989173129,310.40026189216127,222,35:25
72.8%,3637500,14550.000001129227,-3517172.025236653,573077.0157345955,310.64023951188886,222,35:21
72.8%,3640000,14560.000001131264,-3522619.2899058014,573167.2717342821,310.68916338178815,222,35:17
72.8%,3642500,14570.000001133301,-3516401.309044972,571364.6063497795,309.7120165211975,222,35:13
72.9%,3645000,14580.000001135339,-3516724.213377759,575156.7038576232,311.7675484056494,222,35:09
73.0%,3647500,14590.000001137376,-3518455.583898274,576231.5002300958,312.3501489870799,222,35:06
73.0%,3650000,14600.000001139413,-3521990.7652677763,574739.8626510178,311.5415968342148,222,35:02
73.0%,3652500,14610.00000114145,-3519948.981654182,573792.0296213686,311.0278175841953,222,34:58
73.1%,3655000,14620.000001143488,-3521547.8345989436,574289.2631893998,311.29734637426304,222,34:54
73.2%,3657500,14630.000001145525,-3519411.0175209157,573476.578107968,310.85682497589545,222,34:50
73.2%,3660000,14640.000001147562,-3518118.3251855653,573621.8035520527,310.93554540176325,222,34:46
73.2%,3662500,14650.0000011496,-3520697.978213027,576935.5977232163,312.73180975500003,222,34:42
73.3%,3665000,14660.000001151637,-3517442.622891864,574797.3461595454,311.5727561555044,222,34:38
73.3%,3667500,14670.000001153674,-3519340.410705436,574766.92432596,311.55626579659645,222,34:34
73.4%,3670000,14680.000001155711,-3517613.467890177,573828.5804551473,311.0476302087599,222,34:31
73.5%,3672500,14690.000001157749,-3517651.2974668555,572702.5101540914,310.4372362504909,222,34:27
73.5%,3675000,14700.000001159786,-3520592.737217121,574442.3886692976,311.38034906752205,222,34:23
73.5%,3677500,14710.000001161823,-3516548.5887608286,572792.9712949109,310.4862713185169,222,34:19
73.6%,3680000,14720.00000116386,-3518600.8581154626,575238.5211252675,311.8118980042538,222,34:15
73.7%,3682500,14730.000001165898,-3520156.017922109,572017.78874674,310.06607841980053,222,34:11
73.7%,3685000,14740.000001167935,-3519619.822585039,574871.6130440587,311.6130130182988,222,34:07
73.8%,3687500,14750.000001169972,-3519432.402530171,574030.2849746319,311.15696549620463,222,34:03
73.8%,3690000,14760.00000117201,-3518034.240253076,573571.5554235491,310.9083080667371,222,33:59
73.8%,3692500,14770.000001174047,-3517516.379839301,572427.5632916566,310.2881994598768,222,33:56
73.9%,3695000,14780.000001176084,-3517426.459202919,575891.5240602021,312.1658626242622,222,33:52
74.0%,3697500,14790.000001178121,-3519514.8877184447,574343.253765749,311.3266123282413,222,33:48
74.0%,3700000,14800.000001180159,-3520445.739786761,573796.0028487737,311.02997129875524,222,33:44
74.0%,3702500,14810.000001182196,-3517118.0080035925,573047.068834226,310.6240065937156,222,33:40
74.1%,3705000,14820.000001184233,-3520740.32710211,574245.5975989086,311.2736771481098,222,33:36
74.2%,3707500,14830.00000118627,-3519420.723847065,573901.5803038516,311.0872002662971,222,33:32
74.2%,3710000,14840.000001188308,-3517890.3002121896,573777.4065783051,311.0198910656386,222,33:28
74.2%,3712500,14850.000001190345,-3521244.719687555,573958.4908882244,311.1180490302066,222,33:24
74.3%,3715000,14860.000001192382,-3518766.2659755517,574620.4317074306,311.4768584903231,222,33:21
74.3%,3717500,14870.00000119442,-3518652.3565945234,573086.6048102623,310.6454373346598,222,33:17
74.4%,3720000,14880.000001196457,-3523130.884175239,572873.1469250661,310.5297310565113,222,33:13
74.5%,3722500,14890.000001198494,-3519537.121901108,572109.8199946567,310.115964574908,222,33:09
74.5%,3725000,14900.000001200531,-3516973.117626345,573914.3295634742,311.09411108797383,222,33:05
74.5%,3727500,14910.000001202568,-3519981.512991132,572634.8842432542,310.400579172013,222,33:01
74.6%,3730000,14920.000001204606,-3518217.229986593,576309.6735454018,312.39252335688246,222,32:57
74.7%,3732500,14930.000001206643,-3520296.174138399,573980.7065590669,311.130091183568,222,32:53
74.7%,3735000,14940.00000120868,-3518377.121468609,574142.8339293445,311.2179734118754,222,32:49
74.8%,3737500,14950.000001210718,-3516161.4183556605,574952.6089789487,311.6569174079757,222,32:46
74.8%,3740000,14960.000001212755,-3518767.197413916,575185.5215884813,311.7831692499167,222,32:42
74.8%,3742500,14970.000001214792,-3520113.066516416,572773.7867853108,310.47587222643426,222,32:38
74.9%,3745000,14980.00000121683,-3517488.6297159754,574839.5755265742,311.5956468670983,222,32:34
75.0%,3747500,14990.000001218867,-3519787.2325626835,573460.0360218787,310.84785822719726,222,32:30
75.0%,3750000,15000.000001220904,-3518358.7853823546,575265.1661148014,311.8263410995156,222,32:26
75.0%,3752500,15010.000001222941,-3518688.158084806,573922.2216335345,311.0983890374753,222,32:22
75.1%,3755000,15020.000001224978,-3521068.942831395,572877.1419854031,310.5318966057584,222,32:18
75.2%,3757500,15030.000001227016,-3518374.887128005,573614.1941393004,310.93142066855114,222,32:14
75.2%,3760000,15040.000001229053,-3518070.3159793373,572257.9166708892,310.1962413714164,222,32:10
75.2%,3762500,15050.00000123109,-3518663.8401460834,572027.277488648,310.07122185598456,222,32:07
75.3%,3765000,15060.000001233127,-3518601.4030485805,573707.63452768,310.98207065769634,222,32:03
75.3%,3767500,15070.000001235165,-3517487.859280141,573944.7947306526,311.11062493614645,222,31:59
75.4%,3770000,15080.000001237202,-3519450.2772597447,572970.7256644294,310.5826242665596,222,31:55
75.5%,3772500,15090.00000123924,-3515213.108807478,574016.673870557,311.1495875059629,222,31:51
75.5%,3775000,15100.000001241277,-3519299.5695894584,574476.2753810987,311.3987175869028,222,31:47
75.5%,3777500,15110.000001243314,-3516677.72711692,574309.0073146538,311.30804880976376,222,31:43
75.6%,3780000,15120.000001245351,-3518214.9286909383,575433.3915798417,311.9175288409837,222,31:39
75.7%,3782500,15130.000001247388,-3516920.9222349934,575652.1448062913,312.03610549436985,222,31:35
75.7%,3785000,15140.000001249426,-3523387.37369895,573244.7859959211,310.7311805071308,222,31:32
75.8%,3787500,15150.000001251463,-3518748.885594787,571102.7033866013,309.57005026364965,222,31:28
75.8%,3790000,15160.0000012535,-3520599.9867126048,574260.3813995491,311.2816908063892,222,31:24
75.8%,3792500,15170.000001255537,-3517881.030252211,573239.8979200257,310.7285308928116,222,31:20
75.9%,3795000,15180.000001257575,-3519240.0769248493,572573.6210415435,310.36737104268633,222,31:16
76.0%,3797500,15190.000001259612,-3519558.2491205297,573579.7907304564,310.91277207007323,222,31:12
76.0%,3800000,15200.00000126165,-3519575.375622282,572210.3809219245,310.17047429990885,222,31:08
76.0%,3802500,15210.000001263686,-3518945.5486644786,573051.9010472023,310.62662592716487,222,31:04
76.1%,3805000,15220.000001265724,-3521230.0182632823,573433.3880860321,310.83341353486685,222,31:00
76.2%,3807500,15230.000001267761,-3521788.5122582875,573586.0644378044,310.9161727752136,222,30:57
76.2%,3810000,15240.000001269798,-3516775.076933909,573622.5820128997,310.9359673716858,222,30:53
76.2%,3812500,15250.000001271836,-3519691.5885780547,574566.1945170421,311.44745885755094,222,30:49
76.3%,3815000,15260.000001273873,-3525355.742704984,573014.1178085275,310.6061452692617,222,30:45
76.3%,3817500,15270.00000127591,-3520929.6471958365,573705.9294489888,310.98114640835723,222,30:41
76.4%,3820000,15280.000001277947,-3518594.9676881433,574828.8011371216,311.589806537041,222,30:37
76.5%,3822500,15290.000001279985,-3523316.5991493203,576030.8643367642,312.2413929556077,222,30:33
76.5%,3825000,15300.000001282022,-3516981.658352781,574373.1957191756,311.34284256489104,222,30:29
76.5%,3827500,15310.00000128406,-3519229.4385272916,572964.7406616027,310.57938005564114,222,30:25
76.6%,3830000,15320.000001286096,-3520826.310386764,574399.1378895398,311.3569046923087,222,30:21
76.7%,3832500,15330.000001288134,-3519718.3223454375,572456.6873579954,310.3039863553458,222,30:18
76.7%,3835000,15340.000001290171,-3518964.548308827,575041.0596660143,311.70486269606204,222,30:14
76.8%,3837500,15350.000001292208,-3519713.358540835,575782.9589654333,312.10701418659045,222,30:10
76.8%,3840000,15360.000001294246,-3517858.7492416296,572876.0968013053,310.53133005670907,222,30:06
76.8%,3842500,15370.000001296283,-3516170.5320103113,571863.7882728488,309.98260143017956,222,30:02
76.9%,3845000,15380.00000129832,-3519419.3990891464,574994.5191531198,311.6796350989405,222,29:58
77.0%,3847500,15390.000001300357,-3518411.5070625525,575909.3285158545,312.17551364884775,222,29:54
77.0%,3850000,15400.000001302395,-3520406.617015267,573295.0719212424,310.75843833017547,222,29:50
77.0%,3852500,15410.000001304432,-3519355.3428476695,573469.4196918237,310.85294470841905,222,29:46
77.1%,3855000,15420.00000130647,-3521623.0119764525,575296.2313251856,311.84318020513194,222,29:43
77.2%,3857500,15430.000001308506,-3519045.503458135,573456.1059879903,310.8457279259727,222,29:39
77.2%,3860000,15440.000001310544,-3519480.3042913694,573653.5514119263,310.95275454211327,222,29:35
77.2%,3862500,15450.000001312581,-3520153.201597538,574554.0672384579,311.4408851848671,222,29:31
77.3%,3865000,15460.000001314618,-3523427.1113072224,574919.1015549739,311.63875448410477,222,29:27
77.3%,3867500,15470.000001316655,-3519599.4452408236,574583.3307519796,311.45674766861674,222,29:23
77.4%,3870000,15480.000001318693,-3519316.017724326,574000.3402604915,311.14073376309153,222,29:19
77.5%,3872500,15490.00000132073,-3519594.195141228,574698.4649048,311.5191569082585,222,29:15
77.5%,3875000,15500.000001322767,-3518577.6378436275,574955.2498805699,311.6583489264097,222,29:11
77.5%,3877500,15510.000001324805,-3518933.954342013,571695.705154039,309.8914908484403,222,29:08
77.6%,3880000,15520.000001326842,-3517968.4671395607,574515.8328668948,311.42015998735644,222,29:04
77.7%,3882500,15530.000001328879,-3520979.957126599,575384.5049681433,311.8910295252723,222,29:00
77.7%,3885000,15540.000001330916,-3519016.9616379347,572871.6889649772,310.52894075946784,222,28:56
77.8%,3887500,15550.000001332954,-3519818.2333952934,574072.0978869939,311.17963046575363,222,28:52
77.8%,3890000,15560.00000133499,-3520331.409052763,572143.975966956,310.13447904874744,222,28:48
77.8%,3892500,15570.000001337028,-3518859.485653948,574282.7680725032,311.29382565259203,222,28:44
77.9%,3895000,15580.000001339065,-3516729.001370175,573528.4119748652,310.8849218710521,222,28:40
78.0%,3897500,15590.000001341103,-3520331.7758953627,574325.4566369309,311.31696527521547,222,28:36
78.0%,3900000,15600.00000134314,-3519570.1972282752,573989.1697321208,311.1346787032771,222,28:32
78.0%,3902500,15610.000001345177,-3519766.5933767445,573933.1842028123,311.10433137166876,222,28:29
78.1%,3905000,15620.000001347214,-3525110.491949508,574576.3646543659,311.45297164868964,222,28:25
78.2%,3907500,15630.000001349252,-3518888.5139936153,574213.0473392897,311.2560330615969,222,28:21
78.2%,3910000,15640.000001351289,-3521273.6666859034,574385.2945726718,311.3494008295652,222,28:17
78.2%,3912500,15650.000001353326,-3520707.353245482,572309.3963657358,310.22414628523785,222,28:13
78.3%,3915000,15660.000001355364,-3518370.721206883,571289.7267362331,309.67142752452173,222,28:09
78.3%,3917500,15670.0000013574,-3521092.733268533,573404.7645751502,310.81789796884016,222,28:05
78.4%,3920000,15680.000001359438,-3519540.0157902185,572268.7604488363,310.20211931397245,222,28:01
78.5%,3922500,15690.000001361475,-3518716.1417984013,573171.57773452,310.69149747809365,222,27:57
78.5%,3925000,15700.000001363513,-3521102.207932079,573370.6830844089,310.7994238682287,222,27:54
78.5%,3927500,15710.00000136555,-3517886.7835786603,575603.3468136021,312.00965421518663,222,27:50
78.6%,3930000,15720.000001367587,-3517821.7675780244,572960.8807175369,310.57728774707493,222,27:46
78.7%,3932500,15730.000001369624,-3518413.895501325,574273.269788624,311.2886770441186,222,27:42
78.7%,3935000,15740.000001371662,-3522303.4505549837,574449.2827175171,311.3840860325919,222,27:38
78.8%,3937500,15750.000001373699,-3516903.1722081676,574008.0598553898,311.14491822127485,222,27:34
78.8%,3940000,15760.000001375736,-3520708.7845426295,574001.1414077438,311.14116803033227,222,27:30
78.8%,3942500,15770.000001377774,-3518026.8672216367,574039.9503957022,311.1622047025134,222,27:26
78.9%,3945000,15780.00000137981,-3519123.1464785933,575491.5401283212,311.94904865163915,222,27:22
79.0%,3947500,15790.000001381848,-3517811.0894077066,574953.0690206644,311.6571667766728,222,27:19
79.0%,3950000,15800.000001383885,-3518509.1057505235,574904.294115896,311.63072801245187,222,27:15
79.0%,3952500,15810.000001385923,-3522619.5302417073,573490.3441685962,310.8642869613761,222,27:11
79.1%,3955000,15820.00000138796,-3519373.2560192347,574896.6769769522,311.6265990912059,222,27:07
79.2%,3957500,15830.000001389997,-3519991.383637419,574839.3748701389,311.59553809993196,222,27:03
79.2%,3960000,15840.000001392034,-3522681.0146118216,574474.0084465111,311.3974887798072,222,26:59
79.2%,3962500,15850.000001394072,-3520153.094202565,573828.4762731364,311.0475737362023,222,26:55
79.3%,3965000,15860.000001396109,-3517910.9897710774,573720.6849843432,310.9891447452488,222,26:51
79.3%,3967500,15870.000001398146,-3517323.733186612,574158.4499350903,311.2264381725129,222,26:47
79.4%,3970000,15880.000001400183,-3517417.4908213783,573345.4841521487,310.7857646180096,222,26:43
79.5%,3972500,15890.00000140222,-3522914.474417405,572853.0263721937,310.5188245758956,222,26:40
79.5%,3975000,15900.000001404258,-3518884.3432030864,573481.9567137056,310.8597404852051,222,26:36
79.5%,3977500,15910.000001406295,-3520671.231562527,571483.4518220609,309.77643750644165,222,26:32
79.6%,3980000,15920.000001408333,-3522457.8262158222,573600.8689322873,310.924197650729,222,26:28
79.7%,3982500,15930.00000141037,-3517792.171787318,574078.0671648146,311.18286615282716,222,26:24
79.7%,3985000,15940.000001412407,-3520333.6392863467,575113.5846660647,311.7441753587019,222,26:20
79.8%,3987500,15950.000001414444,-3520661.2877081037,573874.7985510989,311.0726830376154,222,26:16
79.8%,3990000,15960.000001416482,-3518635.6595712937,573925.5845130873,311.1002119088888,222,26:12
79.8%,3992500,15970.000001418519,-3519667.5591045693,572255.7873445167,310.19508715577666,222,26:08
79.9%,3995000,15980.000001420556,-3519809.3730610535,574797.1392671617,311.5726440081004,222,26:05
80.0%,3997500,15990.000001422593,-3518282.449245438,574117.9040767953,311.2044600181181,222,26:01
80.0%,4000000,16000.00000142463,-3522035.6898182705,573906.2947468546,311.08975576174254,222,25:57
80.0%,4002500,16010.000001426668,-3519003.5886570197,574187.6790458784,311.24228200803,222,25:53
80.1%,4005000,16020.000001428705,-3519870.704724854,574136.0038435231,311.2142711180524,222,25:49
80.2%,4007500,16030.000001430742,-3518124.479819758,572789.750030609,310.4845252105998,222,25:45
80.2%,4010000,16040.00000143278,-3520226.6738449465,571984.3403006304,310.04794746527705,222,25:41
80.2%,4012500,16050.000001434817,-3519764.7282796893,573908.0085420958,311.09068473594596,222,25:37
80.3%,4015000,16060.000001436854,-3517490.2362882346,573846.3489157702,311.0572617219983,222,25:33
80.3%,4017500,16070.000001438892,-3517668.5824213624,571657.8907785327,309.87099331260873,222,25:29
80.4%,4020000,16080.000001440929,-3521163.0112591106,572112.8991159904,310.1176336332759,222,25:26
80.5%,4022500,16090.000001442966,-3520672.6833446156,573855.7383558148,311.06235133094134,222,25:22
80.5%,4025000,16100.000001445003,-3517758.214400148,573931.7686486326,311.1035640610328,222,25:18
80.5%,4027500,16110.00000144704,-3516473.238853531,575017.0263319402,311.6918352661564,222,25:14
80.6%,4030000,16120.000001449078,-3523040.348187182,574402.1253058367,311.35852404134647,222,25:10
80.7%,4032500,16130.000001451115,-3519520.103401672,571149.1287831129,309.59521546116383,222,25:06
80.7%,4035000,16140.000001453152,-3521470.191111747,572820.2457311224,310.50105560957155,222,25:02
80.8%,4037500,16150.00000145519,-3522200.8694537617,573325.0372681854,310.7746812474377,222,24:58
80.8%,4040000,16160.000001457227,-3519182.1508630253,573163.5941931547,310.6871699459579,222,24:54
80.8%,4042500,16170.000001459264,-3519775.9594997335,575878.5012484147,312.15880352180017,222,24:51
80.9%,4045000,16180.000001461302,-3519913.866740765,575432.7552267009,311.9171839014963,222,24:47
81.0%,4047500,16190.000001463339,-3517861.9832953997,573807.2120128528,311.0360473013145,222,24:43
81.0%,4050000,16200.000001465376,-3519449.0033227317,575964.0051899321,312.20515150670076,222,24:39
81.0%,4052500,16210.000001467413,-3519209.6115948223,573542.1425491632,310.89236462092947,222,24:35
81.1%,4055000,16220.00000146945,-3520926.310206244,573879.1054532996,311.07501762283596,222,24:31
81.2%,4057500,16230.000001471488,-3517676.822315095,572701.5729567654,310.4367282363954,222,24:27
81.2%,4060000,16240.000001473525,-3519133.3406399563,573241.8627298523,310.72959593115434,222,24:23
81.2%,4062500,16250.000001475562,-3517343.9158973657,572775.1317763246,310.476601287833,222,24:19
81.3%,4065000,16260.0000014776,-3518011.3160560206,575092.6721543465,311.7328395914829,222,24:15
81.3%,4067500,16270.000001479637,-3518810.828971604,572563.467558485,310.3618672791038,222,24:12
81.4%,4070000,16280.000001481674,-3519491.1185535453,573915.0708633766,311.09451291455713,222,24:08
81.5%,4072500,16290.000001483711,-3520903.619566826,574964.4540058939,311.6633380842657,222,24:04
81.5%,4075000,16300.000001485749,-3516403.182721112,574492.1650213045,311.4073306729344,222,24:00
81.5%,4077500,16310.000001487786,-3519325.9471858367,576212.731338474,312.33997518350947,222,23:56
81.6%,4080000,16320.000001489823,-3520491.448633114,572241.4886246761,310.18733643879784,222,23:52
81.7%,4082500,16330.00000149186,-3517203.187604809,572704.7554042103,310.43845330337484,222,23:48
81.7%,4085000,16340.000001493898,-3519396.287582226,572736.0560922455,310.455420051231,222,23:44
81.8%,4087500,16350.000001495935,-3518055.5920843016,573705.8597987166,310.9811086539602,222,23:40
81.8%,4090000,16360.000001497972,-3517521.703617491,575239.0428156765,311.8121807900386,222,23:37
81.8%,4092500,16370.00000150001,-3519180.2229601257,576358.2532283831,312.4188562998245,222,23:33
81.9%,4095000,16380.000001502047,-3518464.406585194,573733.2404395437,310.9959505139388,222,23:29
82.0%,4097500,16390.000001504082,-3516426.6815491132,573939.1544815383,311.10756760128976,222,23:25
82.0%,4100000,16400.00000150612,-3522212.006214548,572371.3831086745,310.25774661493944,222,23:21
82.0%,4102500,16410.000001508157,-3518452.328093428,574399.9989442048,311.3573714327641,222,23:17
82.1%,4105000,16420.000001510194,-3516148.220022453,573956.0002818056,311.11669898029487,222,23:13
82.2%,4107500,16430.00000151223,-3522926.4368121065,573690.7468609685,310.97291658470436,222,23:09
82.2%,4110000,16440.00000151427,-3517038.6357672885,575023.793089217,311.69550323231704,222,23:05
82.2%,4112500,16450.000001516306,-3521420.234009916,574858.6860932146,311.6060058779038,222,23:01
82.3%,4115000,16460.000001518343,-3518293.9961955138,573082.5629425753,310.6432464131747,222,22:58
82.3%,4117500,16470.00000152038,-3521569.337186383,573502.2960435045,310.870765555321,222,22:54
82.4%,4120000,16480.000001522418,-3519046.4047003426,575777.1330901468,312.10385623182225,222,22:50
82.5%,4122500,16490.000001524455,-3518064.151057126,575485.700687041,311.94588334333315,222,22:46
82.5%,4125000,16500.000001526492,-3517010.006530674,573450.884560972,310.8428976164418,222,22:42
82.5%,4127500,16510.00000152853,-3518219.076371789,572927.0292479831,310.5589383309907,222,22:38
82.6%,4130000,16520.000001530567,-3521975.2674358934,573969.7900606659,311.12417382240227,222,22:34
82.7%,4132500,16530.000001532604,-3518690.5593908243,573885.3378309957,311.0783959249613,222,22:30
82.7%,4135000,16540.00000153464,-3521049.164720161,573985.6134934024,311.1327510202311,222,22:26
82.8%,4137500,16550.00000153668,-3521054.248720903,575266.7241475746,311.8271856416287,222,22:23
82.8%,4140000,16560.000001538716,-3517206.335753225,572647.5993006834,310.4074714541614,222,22:19
82.8%,4142500,16570.000001540753,-3519344.7080102246,572979.6018287591,310.58743565095926,222,22:15
82.9%,4145000,16580.00000154279,-3519492.0762786604,574956.9760601264,311.6592846136144,222,22:11
83.0%,4147500,16590.000001544828,-3521552.3137032613,573337.6886124448,310.78153899343516,222,22:07
83.0%,4150000,16600.000001546865,-3515528.002449237,574840.7068912176,311.59626013089036,222,22:03
83.0%,4152500,16610.000001548902,-3518423.218377998,572590.9350353044,310.37675620911443,222,21:59
83.1%,4155000,16620.00000155094,-3518328.487344373,575320.2964541775,311.856224869686,222,21:55
83.2%,4157500,16630.000001552977,-3517200.1828816514,575428.545355716,311.91490191269696,222,21:51
83.2%,4160000,16640.000001555014,-3517535.488331264,573599.8569818501,310.92364911620825,222,21:47
83.2%,4162500,16650.00000155705,-3517804.930397952,571349.5656609844,309.7038636149712,222,21:44
83.3%,4165000,16660.00000155909,-3519332.6076611504,573545.852463795,310.8943756050348,222,21:40
83.3%,4167500,16670.000001561126,-3520507.7437861785,574160.4303473993,311.227511668286,222,21:36
83.4%,4170000,16680.000001563163,-3524902.8073650897,574851.528804271,311.60212622143416,222,21:32
83.5%,4172500,16690.0000015652,-3519234.479701318,573521.2287788924,310.88102817150354,222,21:28
83.5%,4175000,16700.000001567238,-3519146.240357071,572363.663782686,310.25356230252044,222,21:24
83.5%,4177500,16710.000001569275,-3518804.5234654546,576131.5838917911,312.2959886658491,222,21:20
83.6%,4180000,16720.000001571312,-3517814.413762316,574275.7548843635,311.29002410692954,222,21:16
83.7%,4182500,16730.00000157335,-3520457.2428996563,573839.764764192,311.0536927384812,222,21:12
83.7%,4185000,16740.000001575387,-3522437.3054351006,574504.7164284409,311.4141342473442,222,21:09
83.8%,4187500,16750.000001577424,-3516290.5826239437,574189.2703270514,311.2431445726612,222,21:05
83.8%,4190000,16760.00000157946,-3523066.6465341523,575647.9771602366,312.03384639387707,222,21:01
83.8%,4192500,16770.0000015815,-3519162.598686084,572851.9610343123,310.5182471023527,222,20:57
83.9%,4195000,16780.000001583536,-3517940.715853635,573038.0496679771,310.6191176941666,222,20:53
84.0%,4197500,16790.000001585573,-3516806.070728913,571505.3826605175,309.7883252644982,222,20:49
84.0%,4200000,16800.00000158761,-3517455.4264192637,573169.7532274809,310.69050849181775,222,20:45
84.0%,4202500,16810.000001589648,-3517848.369704051,574876.1028154439,311.61544672898714,222,20:41
84.1%,4205000,16820.000001591685,-3519269.0189237036,575452.9782761241,311.92814594105465,222,20:37
84.2%,4207500,16830.000001593722,-3521345.832008438,573237.844464715,310.7274178035896,222,20:34
84.2%,4210000,16840.00000159576,-3521377.268722115,574788.9622867941,311.5682116210562,222,20:30
84.2%,4212500,16850.000001597797,-3521539.136804778,574513.798656669,311.4190573300619,222,20:26
84.3%,4215000,16860.000001599834,-3516790.9898969308,577093.598457274,312.8174551124706,222,20:22
84.3%,4217500,16870.00000160187,-3519158.1214048024,574965.1611728892,311.6637214088779,222,20:18
84.4%,4220000,16880.00000160391,-3516638.1382559687,575764.533896429,312.0970267543756,222,20:14
84.5%,4222500,16890.000001605946,-3521120.9422376174,571672.1666924347,309.87873166747556,222,20:10
84.5%,4225000,16900.000001607983,-3516429.280308079,573753.742270048,311.0070636686517,222,20:06
84.5%,4227500,16910.00000161002,-3518481.0963321533,573619.6488288378,310.9343774195948,222,20:02
84.6%,4230000,16920.000001612058,-3518880.205729656,573614.1918910338,310.93141944986314,222,19:58
84.7%,4232500,16930.000001614095,-3518716.849373881,575565.7244236231,311.9892607463976,222,19:55
84.7%,4235000,16940.000001616132,-3520065.255040312,575416.927549547,311.9086044029525,222,19:51
84.8%,4237500,16950.00000161817,-3518969.264955936,573928.0796340532,311.101564405941,222,19:47
84.8%,4240000,16960.000001620207,-3515793.4502513036,573177.0035183574,310.6944385606088,222,19:43
84.8%,4242500,16970.000001622244,-3522083.577323869,575708.9798911822,312.0669133332788,222,19:39
84.9%,4245000,16980.00000162428,-3517782.459011998,574143.0876334455,311.2181109338847,222,19:35
85.0%,4247500,16990.00000162632,-3518562.9408984557,572214.8847969059,310.1729156555461,222,19:31
85.0%,4250000,17000.000001628356,-3515306.6071512327,572982.7583951943,310.58914668896387,222,19:27
85.0%,4252500,17010.000001630393,-3520820.9798538573,572814.6729670751,310.49803485544794,222,19:23
85.1%,4255000,17020.00000163243,-3520248.080046192,574015.4868896075,311.14894409497924,222,19:20
85.2%,4257500,17030.000001634467,-3517313.151123045,574909.564974726,311.63358511682776,222,19:16
85.2%,4260000,17040.000001636505,-3518421.211359786,576026.7002313549,312.2391357743455,222,19:12
85.2%,4262500,17050.000001638542,-3516945.145728776,572500.3946053075,310.3276781618581,222,19:08
85.3%,4265000,17060.00000164058,-3519523.696630789,575409.2982238817,311.9044688758123,222,19:04
85.3%,4267500,17070.000001642617,-3519248.0989757217,574735.3488979444,311.5391501240915,222,19:00
85.4%,4270000,17080.000001644654,-3520320.8435766585,572989.2060886452,310.592641704438,222,18:56
85.5%,4272500,17090.00000164669,-3519193.5507295877,571896.5224569137,310.0003452141719,222,18:52
85.5%,4275000,17100.00000164873,-3521078.0106012914,574692.5512541297,311.5159513742549,222,18:48
85.5%,4277500,17110.000001650766,-3518503.444692189,572931.2817506253,310.56124342856583,222,18:45
85.6%,4280000,17120.000001652803,-3516221.4184981473,572856.3669881416,310.5206353791728,222,18:41
85.7%,4282500,17130.00000165484,-3517798.3085299935,573819.8315053195,311.0428877818341,222,18:37
85.7%,4285000,17140.000001656877,-3516899.182177853,577429.5714883981,312.9995715470726,222,18:33
85.8%,4287500,17150.000001658915,-3518646.936758835,574010.9809801206,311.14650163652465,222,18:29
85.8%,4290000,17160.000001660952,-3521211.937998779,575506.4373375017,311.9571237837782,222,18:25
85.8%,4292500,17170.00000166299,-3518377.522542851,575327.0294463222,311.8598745332304,222,18:21
85.9%,4295000,17180.000001665027,-3521134.3183502685,572147.3888291381,310.1363290135804,222,18:17
86.0%,4297500,17190.000001667064,-3520205.334163131,574593.6180514693,311.4623239682932,222,18:13
86.0%,4300000,17200.0000016691,-3519916.2950768434,573815.3271542955,311.0404461681548,222,18:09
86.0%,4302500,17210.00000167114,-3521142.889001699,575068.5249921557,311.7197504602832,222,18:06
86.1%,4305000,17220.000001673176,-3520269.1783103943,575292.8628000708,311.8413542735036,222,18:02
86.2%,4307500,17230.000001675213,-3519519.0861462746,573782.2738149659,311.0225293839109,222,17:58
86.2%,4310000,17240.00000167725,-3519593.638740558,574384.3739308048,311.3489017894672,222,17:54
86.2%,4312500,17250.000001679287,-3515683.852943614,574529.4457117453,311.4275389211973,222,17:50
86.3%,4315000,17260.000001681325,-3518154.490308961,573352.6977699404,310.789674807909,222,17:46
86.3%,4317500,17270.000001683362,-3518739.808455799,572112.0823260758,310.11719088682514,222,17:42
86.4%,4320000,17280.0000016854,-3517132.420791764,574492.7299090193,311.40763687410845,222,17:38
86.5%,4322500,17290.000001687436,-3521531.504170144,573372.1379911465,310.80021251018263,222,17:34
86.5%,4325000,17300.000001689474,-3516319.557336144,573874.7047852795,311.0726322112242,222,17:31
86.5%,4327500,17310.00000169151,-3518320.1976951845,575345.8666709834,311.87008537718305,222,17:27
86.6%,4330000,17320.00000169355,-3518578.050057417,574046.6366791581,311.1658290472999,222,17:23
86.7%,4332500,17330.000001695586,-3520664.3656061087,573859.0244675602,311.0641325898501,222,17:19
86.7%,4335000,17340.000001697623,-3517148.448491426,573018.6206675952,310.608586074216,222,17:15
86.8%,4337500,17350.00000169966,-3518109.7064294387,574258.5690174194,311.2807083925017,222,17:11
86.8%,4340000,17360.000001701697,-3519634.8565966003,575391.0886819822,311.89459827150995,222,17:07
86.8%,4342500,17370.000001703735,-3520459.0783576015,573253.1756262286,310.73572816250095,222,17:03
86.9%,4345000,17380.000001705772,-3515990.2649145015,573223.6344904567,310.7197151917489,222,16:59
87.0%,4347500,17390.00000170781,-3519255.9541443307,577500.4131103533,313.03797172332696,222,16:56
87.0%,4350000,17400.000001709846,-3518392.8371746037,574695.3829153115,311.51748629518795,222,16:52
87.0%,4352500,17410.000001711884,-3518323.226162862,574132.9172597989,311.2125980146456,222,16:48
87.1%,4355000,17420.00000171392,-3519907.0785113424,574725.4094250555,311.53376236615657,222,16:44
87.2%,4357500,17430.00000171596,-3517271.0456948467,574158.4125932632,311.2264179311251,222,16:40
87.2%,4360000,17440.000001717995,-3515017.52184014,572895.3315198811,310.54175636490373,222,16:36
87.2%,4362500,17450.000001720033,-3518105.9054114465,574814.3625355997,311.5819799962588,222,16:32
87.3%,4365000,17460.00000172207,-3517850.3155039586,574511.1441961571,311.4176184619402,222,16:28
87.3%,4367500,17470.000001724107,-3515326.6912513506,575320.3369105526,311.85624679933545,222,16:24
87.4%,4370000,17480.000001726145,-3520815.714440679,573414.4904646182,310.82316995244946,222,16:20
87.5%,4372500,17490.00000172818,-3518164.287586136,572813.1824746091,310.4972269240113,222,16:17
87.5%,4375000,17500.00000173022,-3517154.924799515,574047.1420780645,311.1661030021663,222,16:13
87.5%,4377500,17510.000001732256,-3516720.439575063,573929.4680398714,311.10231700062565,222,16:09
87.6%,4380000,17520.000001734294,-3518677.9630375747,575450.0572753638,311.92656259300395,222,16:05
87.7%,4382500,17530.00000173633,-3516958.6377561837,572721.5561301162,310.4475602495201,222,16:01
87.7%,4385000,17540.000001738368,-3517163.789920643,572043.1429399317,310.0798218302489,222,15:57
87.8%,4387500,17550.000001740405,-3516526.7870014887,574784.0424819808,311.56554480786417,222,15:53
87.8%,4390000,17560.000001742443,-3518719.6687775254,574309.7053169,311.3084271665622,222,15:49
87.8%,4392500,17570.00000174448,-3516623.570563834,573651.7148773391,310.9517590362242,222,15:45
87.9%,4395000,17580.000001746517,-3516040.9104429986,574951.9354663066,311.65655232593144,222,15:42
88.0%,4397500,17590.000001748554,-3517530.4303916544,575280.3947073682,311.8345958602415,222,15:38
88.0%,4400000,17600.00000175059,-3519142.7531054933,573428.8148960689,310.8309346065789,222,15:34
88.0%,4402500,17610.00000175263,-3520634.287705131,573193.1303691859,310.70318022824927,222,15:30
88.1%,4405000,17620.000001754666,-3518430.5913894363,573237.3302625172,310.72713907684005,222,15:26
88.2%,4407500,17630.000001756704,-3517819.273091968,573420.1517763722,310.82623870445127,222,15:22
88.2%,4410000,17640.00000175874,-3521185.531878883,575922.3959456923,312.1825969368233,222,15:18
88.2%,4412500,17650.000001760778,-3519330.8146197367,573778.9454275623,311.0207252091982,222,15:14
88.3%,4415000,17660.000001762815,-3523527.05548127,572410.9527077352,310.27919558146937,222,15:10
88.3%,4417500,17670.000001764853,-3521455.738118157,573518.2080018629,310.87939073905693,222,15:07
88.4%,4420000,17680.00000176689,-3523406.3758766204,572303.3430451795,310.22086504223597,222,15:03
88.5%,4422500,17690.000001768927,-3519695.623572748,571507.7999733235,309.78963558511555,222,14:59
88.5%,4425000,17700.000001770964,-3520884.6423453484,573498.0928965281,310.86848721131554,222,14:55
88.5%,4427500,17710.000001773,-3524692.650961587,573790.6682818687,311.02707966099,222,14:51
88.6%,4430000,17720.00000177504,-3518645.392444065,571122.4460011706,309.58075188027357,222,14:47
88.7%,4432500,17730.000001777076,-3519057.529148517,572895.7432637238,310.5419795534148,222,14:43
88.7%,4435000,17740.000001779114,-3519207.8525511194,573226.1784422889,310.7210941578996,222,14:39
88.8%,4437500,17750.00000178115,-3520461.208260417,575394.9382900206,311.8966849773632,222,14:35
88.8%,4440000,17760.000001783188,-3519174.2698621303,575472.9898424379,311.9389933447754,222,14:31
88.8%,4442500,17770.000001785225,-3516823.2565509267,573261.9443887542,310.7404813290325,222,14:28
88.9%,4445000,17780.000001787263,-3518664.2000162005,574089.9615781473,311.18931359933964,222,14:24
89.0%,4447500,17790.0000017893,-3520192.133682832,572852.3255301509,310.5184446797664,222,14:20
89.0%,4450000,17800.000001791337,-3520285.6396915857,573454.7741581519,310.8450059986774,222,14:16
89.0%,4452500,17810.000001793374,-3520760.49893241,574320.403057197,311.3142259484307,222,14:12
89.1%,4455000,17820.00000179541,-3519251.7810866665,573396.4625445713,310.81339779749027,222,14:08
89.2%,4457500,17830.00000179745,-3518779.0861433037,574060.0874107326,311.1731201065523,222,14:04
89.2%,4460000,17840.000001799486,-3520328.3436012343,573558.655168211,310.90131539682017,222,14:00
89.2%,4462500,17850.000001801523,-3519167.7488047034,573648.8704567757,310.9502171989827,222,13:56
89.3%,4465000,17860.00000180356,-3517407.2246140875,573904.0499997537,311.08853898152296,222,13:53
89.3%,4467500,17870.000001805598,-3518117.5454370864,573236.8250865665,310.7268652428282,222,13:49
89.4%,4470000,17880.000001807635,-3517017.05537143,573385.8193974114,310.80762860819794,222,13:45
89.5%,4472500,17890.000001809673,-3517322.6793585736,574606.1139130422,311.46909743385777,222,13:41
89.5%,4475000,17900.00000181171,-3520732.0681424364,573935.2725969712,311.10546339972774,222,13:37
89.5%,4477500,17910.000001813747,-3515818.871381426,573884.5180413222,311.0779515524712,222,13:33
89.6%,4480000,17920.000001815784,-3518505.478035474,573671.7161173776,310.96260084251816,222,13:29
89.7%,4482500,17930.00000181782,-3520218.4603771977,573538.1299299813,310.8901895537927,222,13:25
89.7%,4485000,17940.00000181986,-3518226.483749401,573342.1014170855,310.7839309837835,222,13:21
89.8%,4487500,17950.000001821896,-3519731.0623533465,573388.0831564302,310.80885569395514,222,13:18
89.8%,4490000,17960.000001823933,-3515862.560159471,574170.7367592806,311.2330983279624,222,13:14
89.8%,4492500,17970.00000182597,-3520395.3014694285,573597.2726679537,310.92224827152995,222,13:10
89.9%,4495000,17980.000001828008,-3521428.7273357846,574888.3974143511,311.62211109877404,222,13:06
90.0%,4497500,17990.000001830045,-3517756.42394593,573798.1868904748,311.0311551732058,222,13:02
90.0%,4500000,18000.000001832082,-3520191.0736975744,573147.9913007021,310.67871229346883,222,12:58
90.0%,4502500,18010.00000183412,-3520581.4329907373,574502.383800475,311.4128698307124,222,12:54
90.1%,4505000,18020.000001836157,-3521243.596087642,573463.1216204403,310.84953079659,222,12:50
90.2%,4507500,18030.000001838194,-3518479.7850521132,573493.6464602865,310.8660769907324,222,12:46
90.2%,4510000,18040.00000184023,-3522064.2890779693,573879.1717233944,311.0750535449853,222,12:42
90.2%,4512500,18050.00000184227,-3519684.2458161023,572272.9270231833,310.2043778335389,222,12:39
90.3%,4515000,18060.000001844306,-3520364.538486138,574553.8277325219,311.4407553590684,222,12:35
90.3%,4517500,18070.000001846343,-3521411.2584960368,574195.0523013219,311.24627873058927,222,12:31
90.4%,4520000,18080.00000184838,-3515741.5026300214,574631.0049623107,311.48258979403647,222,12:27
90.5%,4522500,18090.000001850418,-3518589.1445552576,573512.7689171932,310.87644244673646,222,12:23
90.5%,4525000,18100.000001852455,-3520961.366291994,572371.6027310095,310.25786566269886,222,12:19
90.5%,4527500,18110.000001854492,-3519257.893247774,573896.3318867717,311.0843553266223,222,12:15
90.6%,4530000,18120.00000185653,-3520245.547564108,572280.9388975669,310.2087207237772,222,12:11
90.7%,4532500,18130.000001858567,-3517886.864715375,572898.3779047915,310.54340767827387,222,12:07
90.7%,4535000,18140.000001860604,-3516722.6805200074,571802.4392542066,309.9493467832097,222,12:04
90.8%,4537500,18150.00000186264,-3521653.1473680176,573172.5623139808,310.6920311759931,222,12:00
90.8%,4540000,18160.00000186468,-3515658.1987286992,574394.8622863757,311.35458707294083,222,11:56
90.8%,4542500,18170.000001866716,-3520260.9754950386,574203.9345060082,311.25109338920475,222,11:52
90.9%,4545000,18180.000001868753,-3522713.5803859457,575291.5244731107,311.84062882439997,222,11:48
91.0%,4547500,18190.00000187079,-3521753.9444603864,573253.7820469583,310.73605687692424,222,11:44
91.0%,4550000,18200.000001872828,-3517972.1337414365,572060.1601523514,310.08904612436066,222,11:40
91.0%,4552500,18210.000001874865,-3519468.6879146583,573830.8334032209,311.0488514343718,222,11:36
91.1%,4555000,18220.000001876902,-3521920.668959895,572997.2107914961,310.59698070729894,222,11:32
91.2%,4557500,18230.00000187894,-3521546.773862969,573224.5505372484,310.72021174105544,222,11:29
91.2%,4560000,18240.000001880977,-3518472.644375665,574001.1436299034,311.1411692348688,222,11:25
91.2%,4562500,18250.000001883014,-3519017.6276349705,572603.6850319903,310.3836674303212,222,11:21
91.3%,4565000,18260.00000188505,-3519122.1379926614,574130.5084704173,311.2112923142077,222,11:17
91.3%,4567500,18270.00000188709,-3519697.85274522,572807.463764253,310.49412705871225,222,11:13
91.4%,4570000,18280.000001889126,-3519623.200687891,574013.5258710366,311.14788111171197,222,11:09
91.5%,4572500,18290.000001891163,-3519100.097505361,572381.2938367901,310.26311879157714,222,11:05
91.5%,4575000,18300.0000018932,-3520565.3814303447,575103.8406989928,311.73889357600626,222,11:01
91.5%,4577500,18310.000001895238,-3519304.0820027106,575062.1665790334,311.7163038398099,222,10:57
91.6%,4580000,18320.000001897275,-3521334.4867394343,575229.8894662698,311.807219155609,222,10:54
91.7%,4582500,18330.000001899312,-3522197.4157907926,573691.1470659561,310.97313351850175,222,10:50
91.7%,4585000,18340.00000190135,-3518181.59874849,573704.0619828043,310.9801341357885,222,10:46
91.8%,4587500,18350.000001903387,-3522565.2638715506,574019.4544068505,311.15109471430753,222,10:42
91.8%,4590000,18360.000001905424,-3519189.010136429,575405.8770682216,311.9026144154439,222,10:38
91.8%,4592500,18370.00000190746,-3517909.5759636853,573073.2565293215,310.6382018094604,222,10:34
91.9%,4595000,18380.0000019095,-3518291.6712684147,575105.1369582398,311.739596222024,222,10:30
92.0%,4597500,18390.000001911536,-3519037.007016072,573324.5374428966,310.774410313788,222,10:26
92.0%,4600000,18400.000001913573,-3518228.934250774,572557.4095137814,310.3585834753461,222,10:22
92.0%,4602500,18410.00000191561,-3519997.8066453803,573020.7076377026,310.60971733035825,222,10:18
92.1%,4605000,18420.000001917648,-3518729.7857290506,573619.8363631624,310.934479073833,222,10:15
92.2%,4607500,18430.000001919685,-3517714.842946835,575293.4528580629,311.8416741183953,222,10:11
92.2%,4610000,18440.000001921722,-3516527.2360196374,575797.2026173733,312.1147350536444,222,10:07
92.2%,4612500,18450.00000192376,-3523299.5389696136,572712.5277176981,310.44266633802306,222,10:03
92.3%,4615000,18460.000001925797,-3519466.7495399155,574012.8999424413,311.1475418229194,222,9:59
92.3%,4617500,18470.000001927834,-3522384.727586195,576366.8801313106,312.4235325704095,222,9:55
92.4%,4620000,18480.00000192987,-3520530.549348807,573083.2754021059,310.64363260664106,222,9:51
92.5%,4622500,18490.00000193191,-3520276.5883560013,573656.1841863677,310.9541816551549,222,9:47
92.5%,4625000,18500.000001933946,-3517353.645281542,573344.6155482947,310.78529378546557,222,9:43
92.5%,4627500,18510.000001935983,-3517314.8323000446,572425.8573084048,310.2872747202146,222,9:40
92.6%,4630000,18520.00000193802,-3522035.7697846666,571079.5389901228,309.5574938471949,222,9:36
92.7%,4632500,18530.000001940058,-3516688.2978629153,572598.8971475088,310.3810721254298,222,9:32
92.7%,4635000,18540.000001942095,-3522268.481591884,574935.5195208434,311.6476539526055,222,9:28
92.8%,4637500,18550.000001944132,-3519101.0964420456,575981.7539272367,312.21477232878215,222,9:24
92.8%,4640000,18560.00000194617,-3520060.731595574,572578.729071381,310.3701398845149,222,9:20
92.8%,4642500,18570.000001948207,-3517147.62505888,573661.6751634409,310.95715807610077,222,9:16
92.9%,4645000,18580.000001950244,-3517131.8209335525,571589.8719472723,309.83412324898046,222,9:12
93.0%,4647500,18590.00000195228,-3518819.653643556,572631.9716480327,310.3990003802409,222,9:08
93.0%,4650000,18600.00000195432,-3524376.6490300912,576861.1805217112,312.6914714118723,222,9:05
93.0%,4652500,18610.000001956356,-3522173.851601308,574088.2360679195,311.18837827494923,222,9:01
93.1%,4655000,18620.000001958393,-3520814.149935914,574479.5091939887,311.4004704968662,222,8:57
93.2%,4657500,18630.00000196043,-3521302.498297302,574237.7784188967,311.2694387091479,222,8:53
93.2%,4660000,18640.000001962468,-3520304.9109012447,576975.7504636636,312.75357481722926,222,8:49
93.2%,4662500,18650.000001964505,-3521002.0016780235,573046.1303983515,310.62349790825647,222,8:45
93.3%,4665000,18660.000001966542,-3516238.605588237,575200.6769106588,311.7913842939367,222,8:41
93.3%,4667500,18670.00000196858,-3517943.860069262,573637.5395923333,310.9440752279254,222,8:37
93.4%,4670000,18680.000001970617,-3518558.490854049,573305.3774348262,310.7640245029238,222,8:33
93.5%,4672500,18690.000001972654,-3518193.1788902413,574039.6662189267,311.1620506625866,222,8:29
93.5%,4675000,18700.00000197469,-3518428.711861752,574051.6968408308,311.1685719418688,222,8:26
93.5%,4677500,18710.00000197673,-3516698.7417109385,574839.9364028915,311.5958424825262,222,8:22
93.6%,4680000,18720.000001978766,-3522965.1144981664,573492.7604964471,310.86559674809183,222,8:18
93.7%,4682500,18730.000001980803,-3520085.936502924,576266.3884623029,312.3690603873129,222,8:14
93.7%,4685000,18740.00000198284,-3520236.6980765257,572279.6688132102,310.2080322660343,222,8:10
93.8%,4687500,18750.000001984878,-3521015.1248140335,575321.7188311622,311.8569958786693,222,8:06
93.8%,4690000,18760.000001986915,-3520750.8204926774,574900.437223707,311.628637358176,222,8:02
93.8%,4692500,18770.000001988952,-3519556.0648106337,573823.1480340637,311.044685528481,222,7:58
93.9%,4695000,18780.00000199099,-3517431.05842793,573016.3163368389,310.60733699627644,222,7:54
94.0%,4697500,18790.000001993027,-3517864.1796760634,573090.5492381487,310.64757543824743,222,7:51
94.0%,4700000,18800.000001995064,-3518136.342195362,573171.2293864728,310.6913086536986,222,7:47
94.0%,4702500,18810.0000019971,-3518502.4591200687,572780.5204281048,310.47952224266743,222,7:43
94.1%,4705000,18820.00000199914,-3522342.6205055565,574966.0741693522,311.6642163047333,222,7:39
94.2%,4707500,18830.000002001176,-3518315.0333316717,575925.5346349298,312.18429828437297,222,7:35
94.2%,4710000,18840.000002003213,-3515512.5673399605,575289.5316036702,311.83954857615527,222,7:31
94.2%,4712500,18850.00000200525,-3521222.3738826327,573242.4872433417,310.7299344528794,222,7:27
94.3%,4715000,18860.000002007288,-3517646.3849934153,575899.3110563934,312.1700836177684,222,7:23
94.3%,4717500,18870.000002009325,-3520848.852515109,572354.9763143463,310.2488532020476,222,7:19
94.4%,4720000,18880.000002011362,-3519961.503205577,576149.9732073478,312.3059567176679,222,7:16
94.5%,4722500,18890.0000020134,-3519957.607745258,574330.8204088337,311.3198727437456,222,7:12
94.5%,4725000,18900.000002015437,-3521669.678328052,575002.8948674126,311.68417521104163,222,7:08
94.5%,4727500,18910.000002017474,-3517870.7113513406,573430.0625498964,310.83161090570303,222,7:04
94.6%,4730000,18920.00000201951,-3521723.694005655,574375.1632907244,311.3439091002438,222,7:00
94.7%,4732500,18930.00000202155,-3520264.891760163,574908.8776339265,311.633212539138,222,6:56
94.7%,4735000,18940.000002023586,-3519036.227572037,573740.4377515086,310.9998518651555,222,6:52
94.8%,4737500,18950.000002025623,-3516792.397260027,574440.1841215447,311.37915407762864,222,6:48
94.8%,4740000,18960.00000202766,-3517003.539884854,574658.605065503,311.497550615062,222,6:44
94.8%,4742500,18970.000002029697,-3520239.515400829,574373.0741840871,311.3427766859813,222,6:40
94.9%,4745000,18980.000002031735,-3520671.8868299704,573985.1538069664,311.1325018441158,222,6:37
95.0%,4747500,18990.000002033772,-3519012.6049313247,573722.3537728199,310.9900493232337,222,6:33
95.0%,4750000,19000.00000203581,-3514765.9151469506,575572.1363788317,311.99273638971783,222,6:29
95.0%,4752500,19010.000002037847,-3516107.19310485,574726.7934489335,311.5345125855811,222,6:25
95.1%,4755000,19020.000002039884,-3518800.0632365663,574672.0670551038,311.50484777680305,222,6:21
95.2%,4757500,19030.00000204192,-3515756.5921041556,575613.4414158477,312.01512606202965,222,6:17
95.2%,4760000,19040.00000204396,-3521094.293482488,574283.9247197956,311.29445262101353,222,6:13
95.2%,4762500,19050.000002045996,-3518853.061298821,573132.3332127575,310.67022472189313,222,6:09
95.3%,4765000,19060.000002048033,-3522476.5586365554,572626.6450428679,310.3961130581904,222,6:05
95.3%,4767500,19070.00000205007,-3519554.629613567,575490.3198473777,311.94838719017037,222,6:02
95.4%,4770000,19080.000002052107,-3522211.559318401,575584.5180606407,311.9994479633757,222,5:58
95.5%,4772500,19090.000002054145,-3517908.748380838,574281.791394683,311.29329623782985,222,5:54
95.5%,4775000,19100.000002056182,-3518967.014457222,574085.2377618204,311.1867530230212,222,5:50
95.5%,4777500,19110.00000205822,-3517666.380198851,575006.8064562171,311.68629551398476,222,5:46
95.6%,4780000,19120.000002060257,-3520857.0348745864,575085.9860867783,311.7292153637199,222,5:42
95.7%,4782500,19130.000002062294,-3515590.0158857517,572458.1195274176,310.3047626723854,222,5:38
95.7%,4785000,19140.00000206433,-3521870.439410081,573467.2285124247,310.85175696493155,222,5:34
95.8%,4787500,19150.00000206637,-3520482.638710605,572676.0895601884,310.4229147903856,222,5:30
95.8%,4790000,19160.000002068406,-3519126.11651361,574229.1542596731,311.26476392580594,222,5:27
95.8%,4792500,19170.000002070443,-3517079.4054814354,571963.8588950456,310.0368453820286,222,5:23
95.9%,4795000,19180.00000207248,-3521417.5818188116,573896.3222177422,311.08435008546,222,5:19
96.0%,4797500,19190.000002074517,-3518511.970223097,572622.9468127682,310.39410840776407,222,5:15
96.0%,4800000,19200.000002076555,-3516450.856082095,574191.6914433524,311.24445695498855,222,5:11
96.0%,4802500,19210.000002078592,-3520407.593060363,573702.6150505589,310.9793498164616,222,5:07
96.1%,4805000,19220.00000208063,-3519591.879744746,572911.4362761423,310.5504860560358,222,5:03
96.2%,4807500,19230.000002082666,-3516858.4514427725,574055.0464442401,311.17038761685967,222,4:59
96.2%,4810000,19240.000002084704,-3518405.7494762857,574586.4686914198,311.45844860973375,222,4:55
96.2%,4812500,19250.00000208674,-3521910.0543182623,573993.5432115715,311.13704937714255,222,4:51
96.3%,4815000,19260.00000208878,-3519693.6220072675,573524.5731065446,310.8828409867349,222,4:48
96.3%,4817500,19270.000002090816,-3520955.1962973494,573939.9541024005,311.1080010411404,222,4:44
96.4%,4820000,19280.000002092853,-3518911.675493531,574291.9780311624,311.2988179724465,222,4:40
96.5%,4822500,19290.00000209489,-3516690.1540082917,573727.1508533531,310.9926496129066,222,4:36
96.5%,4825000,19300.000002096927,-3518841.951585695,572760.6565579987,310.46875489866665,222,4:32
96.5%,4827500,19310.000002098965,-3520642.975118313,575981.8032455214,312.21479906208907,222,4:28
96.6%,4830000,19320.000002101002,-3523088.9621550664,574915.7341596613,311.6369291648934,222,4:24
96.7%,4832500,19330.00000210304,-3519554.317325685,575142.7383996589,311.7599783355056,222,4:20
96.7%,4835000,19340.000002105076,-3517423.214665083,574134.9237575072,311.21368565018423,222,4:16
96.8%,4837500,19350.000002107114,-3521537.376332298,574353.5113044817,311.3321724958998,222,4:13
96.8%,4840000,19360.00000210915,-3518717.5538925603,573257.1462833908,310.7378804838435,222,4:09
96.8%,4842500,19370.00000211119,-3520295.9156374577,573520.6591202343,310.8807193842077,222,4:05
96.9%,4845000,19380.000002113225,-3518196.1662873104,574498.5101558077,311.4107700956432,222,4:01
97.0%,4847500,19390.000002115263,-3520833.486181289,574410.6362680765,311.3631374655042,222,3:57
97.0%,4850000,19400.0000021173,-3521746.818199994,575016.6761399631,311.6916454422467,222,3:53
97.0%,4852500,19410.000002119337,-3519304.8999692276,577237.7116153737,312.8955726162611,222,3:49
97.1%,4855000,19420.000002121375,-3518497.3872340694,574837.1971043543,311.59435762738394,222,3:45
97.2%,4857500,19430.000002123412,-3520193.102264313,572242.0547842096,310.18764332936973,222,3:41
97.2%,4860000,19440.00000212545,-3518345.4121623244,573904.1919482402,311.08861592565194,222,3:38
97.2%,4862500,19450.000002127486,-3517342.242985297,573775.8705153314,311.01905843240263,222,3:34
97.3%,4865000,19460.000002129524,-3517679.1239487734,576119.342469813,312.2893531209732,222,3:30
97.3%,4867500,19470.00000213156,-3519054.4651940856,571624.8231969874,309.8530688082764,222,3:26
97.4%,4870000,19480.000002133598,-3518627.828521831,573136.1195696678,310.67227714204824,222,3:22
97.5%,4872500,19490.000002135635,-3520961.4279777016,572626.8078714507,310.3962013205157,222,3:18
97.5%,4875000,19500.000002137673,-3518456.1427499,572902.1857664912,310.54547175524425,222,3:14
97.5%,4877500,19510.00000213971,-3519977.645722106,576124.9399744568,312.2923872859031,222,3:10
97.6%,4880000,19520.000002141747,-3518733.5863037445,574454.5536539637,311.3869431790404,222,3:06
97.7%,4882500,19530.000002143785,-3520631.9904775675,573228.9658446608,310.722605088048,222,3:02
97.7%,4885000,19540.00000214582,-3523812.597959738,573989.2381289843,311.13471577825567,222,2:59
97.8%,4887500,19550.00000214786,-3519092.750262901,574926.5794587999,311.6428079320215,222,2:55
97.8%,4890000,19560.000002149896,-3518206.907293495,574344.4403150835,311.3272555052652,222,2:51
97.8%,4892500,19570.000002151934,-3521647.326251397,574511.2174970502,311.4176581951809,222,2:47
97.9%,4895000,19580.00000215397,-3517938.3924688436,571770.355260863,309.9319554394581,222,2:43
98.0%,4897500,19590.000002156008,-3519162.674637785,572993.4190177985,310.594925350938,222,2:39
98.0%,4900000,19600.000002158045,-3522235.126211025,573772.5993139257,311.01728525574356,222,2:35
98.0%,4902500,19610.000002160083,-3518504.625319192,574237.2958034803,311.269177104225,222,2:31
98.1%,4905000,19620.00000216212,-3516757.8610623665,573536.4903094172,310.8893007864704,222,2:27
98.2%,4907500,19630.000002164157,-3522645.1870713383,574518.5852169604,311.42165191716714,222,2:24
98.2%,4910000,19640.000002166194,-3516439.220476834,572460.8086296194,310.3062203182674,222,2:20
98.2%,4912500,19650.00000216823,-3519529.5957046226,573849.0354108922,311.05871795469517,222,2:16
98.3%,4915000,19660.00000217027,-3521923.013433501,573307.4657182867,310.76515647097784,222,2:12
98.3%,4917500,19670.000002172306,-3517086.324841805,575419.4936744067,311.9099953881414,222,2:08
98.4%,4920000,19680.000002174344,-3516538.73034296,573076.2896077496,310.6398459099625,222,2:04
98.5%,4922500,19690.00000217638,-3521246.1247228067,572889.4611412904,310.5385742868211,222,2:00
98.5%,4925000,19700.000002178418,-3517951.831777461,575742.1896708478,312.08491491705587,222,1:56
98.5%,4927500,19710.000002180455,-3521841.7460937034,574477.8369117818,311.3995640250814,222,1:52
98.6%,4930000,19720.000002182493,-3520264.222882794,574550.9310258029,311.4391851797657,222,1:49
98.7%,4932500,19730.00000218453,-3519283.9825609643,574718.8997218003,311.53023373785214,222,1:45
98.7%,4935000,19740.000002186567,-3519288.018851839,573827.4009075912,311.046990827097,222,1:41
98.8%,4937500,19750.000002188604,-3519573.601517789,572259.4266844601,310.19705988439887,222,1:37
98.8%,4940000,19760.00000219064,-3518514.872065235,574950.3731122704,311.6557054414487,222,1:33
98.8%,4942500,19770.00000219268,-3519380.4191556703,571994.593898556,310.05350549679457,222,1:29
98.9%,4945000,19780.000002194716,-3517408.392460935,575807.8506182005,312.12050687389967,222,1:25
99.0%,4947500,19790.000002196753,-3520685.3813589457,573286.3325179252,310.7537010779998,222,1:21
99.0%,4950000,19800.00000219879,-3517316.48821114,574184.073722925,311.24032771854536,222,1:17
99.0%,4952500,19810.000002200828,-3520544.8502804283,573627.6733819661,310.9387271824317,222,1:13
99.1%,4955000,19820.000002202865,-3519462.298083676,573080.5277845389,310.64214324211304,222,1:10
99.2%,4957500,19830.000002204903,-3518313.649900997,573251.9260501552,310.73505082141054,222,1:06
99.2%,4960000,19840.00000220694,-3517385.1675981544,573210.007384167,310.7123285273994,222,1:02
99.2%,4962500,19850.000002208977,-3519869.492042722,574115.4562948274,311.2031331814872,222,0:58
99.3%,4965000,19860.000002211014,-3521956.974786788,572588.4341093983,310.37540056545544,222,0:54
99.3%,4967500,19870.00000221305,-3521059.0430770908,574112.6171530606,311.20159420565284,222,0:50
99.4%,4970000,19880.00000221509,-3517970.1723928414,574839.8451016946,311.5957929921001,222,0:46
99.5%,4972500,19890.000002217126,-3518970.220631903,574065.5457917813,311.1760788586044,222,0:42
99.5%,4975000,19900.000002219163,-3520050.147388369,571441.0632996713,309.75346052361715,222,0:38
99.5%,4977500,19910.0000022212,-3517716.4287558254,572957.8321907283,310.5756352726745,222,0:35
99.6%,4980000,19920.000002223238,-3518354.9282792173,572043.161821082,310.079832064903,222,0:31
99.7%,4982500,19930.000002225275,-3520292.8131604567,571315.3044241534,309.68529208178643,222,0:27
99.7%,4985000,19940.000002227313,-3520697.141013412,575039.8189312257,311.7041901474493,222,0:23
99.8%,4987500,19950.00000222935,-3517085.512147691,575609.6459034588,312.013068679086,222,0:19
99.8%,4990000,19960.000002231387,-3519202.685441874,572647.734828767,310.40754491806797,222,0:15
99.8%,4992500,19970.000002233424,-3521417.7250030413,572281.6966957384,310.209131493358,222,0:11
99.9%,4995000,19980.00000223546,-3518787.6328061726,576076.7415391018,312.2662610007936,222,0:07
100.0%,4997500,19990.0000022375,-3520390.154396165,573168.5570126027,310.68986007552104,222,0:03
100.0%,5000000,20000.000002239536,-3523671.6032291744,575281.4697750132,311.835178607868,222,0:00
100.0%,5002500,20010.000002241573,-3516847.962514531,574742.2807837172,311.5429075992608,222,23:59:57
100.1%,5005000,20020.00000224361,-3521911.7298494037,574223.2668934616,311.26157263946953,222,23:59:53
100.2%,5007500,20030.000002245648,-3517550.8900902495,574302.8041756481,311.30468635666665,222,23:59:49
100.2%,5010000,20040.000002247685,-3522270.032983262,574264.4346556183,311.2838879010232,222,23:59:45
100.2%,5012500,20050.000002249722,-3520782.15715939,574052.5681950189,311.16904426524985,222,23:59:41
100.3%,5015000,20060.00000225176,-3520089.0026145484,574270.6825858818,311.28727463352203,222,23:59:37
100.3%,5017500,20070.000002253797,-3517424.122476645,572845.8495756062,310.5149343451768,222,23:59:33
100.4%,5020000,20080.000002255834,-3517164.359081449,575415.4450254414,311.90780079081895,222,23:59:29
100.5%,5022500,20090.00000225787,-3521398.0807768162,573126.5780759546,310.66710511139445,222,23:59:25
100.5%,5025000,20100.00000225991,-3520170.736183986,573210.2203120815,310.7124439464033,222,23:59:22
100.5%,5027500,20110.000002261946,-3516981.019093979,574921.4008389506,311.6400008264037,222,23:59:18
100.6%,5030000,20120.000002263983,-3518821.6461882815,572427.1849921751,310.28799440010596,222,23:59:14
100.7%,5032500,20130.00000226602,-3518739.9379041027,573974.948574966,311.12697002967235,222,23:59:10
100.7%,5035000,20140.000002268058,-3517990.9040869605,573952.6573043652,311.11488689695483,222,23:59:06
100.8%,5037500,20150.000002270095,-3521075.7338063233,575217.7082161448,311.80061622728965,222,23:59:02
100.8%,5040000,20160.000002272132,-3520888.929155359,574636.4595336961,311.48554648103504,222,23:58:58
100.8%,5042500,20170.00000227417,-3517905.4156067893,573576.8417994098,310.9111735822235,222,23:58:54
100.9%,5045000,20180.000002276207,-3519510.1265004016,576531.5039175905,312.5127679977522,222,23:58:50
101.0%,5047500,20190.000002278244,-3519331.058875421,574643.0274244682,311.48910665027324,222,23:58:47
101.0%,5050000,20200.00000228028,-3519575.6931266896,574763.5367287236,311.55442952679675,222,23:58:43
101.0%,5052500,20210.00000228232,-3522765.1611475702,572783.350316169,310.4810562024703,222,23:58:39
101.1%,5055000,20220.000002284356,-3519789.2999302037,575080.868616535,311.72644140465604,222,23:58:35
101.2%,5057500,20230.000002286393,-3520285.721115079,575731.4378519122,312.07908682149866,222,23:58:31
101.2%,5060000,20240.00000228843,-3519666.690503642,574998.7059262751,311.68190456740643,222,23:58:27
101.2%,5062500,20250.000002290468,-3521468.514413271,575004.0134136581,311.6847815265351,222,23:58:23
101.3%,5065000,20260.000002292505,-3519569.5336866416,574287.5253236672,311.2964043524883,222,23:58:19
101.3%,5067500,20270.000002294542,-3519221.548016561,576891.1184509333,312.7076994671749,222,23:58:15
101.4%,5070000,20280.00000229658,-3518765.675214201,572657.6130065651,310.41289945058793,222,23:58:11
101.5%,5072500,20290.000002298617,-3517580.2851990294,572548.2000951192,310.35359144820063,222,23:58:08
101.5%,5075000,20300.000002300654,-3522449.616827203,573519.9341218441,310.88032639396835,222,23:58:04
101.5%,5077500,20310.00000230269,-3518864.6728740316,572904.878840453,310.54693155404533,222,23:58:00
101.6%,5080000,20320.00000230473,-3520457.035171654,572881.3706393138,310.5341887759687,222,23:57:56
101.7%,5082500,20330.000002306766,-3518291.7538233604,574542.3906081729,311.43455578911613,222,23:57:52
101.7%,5085000,20340.000002308803,-3518904.709564343,574630.5155421133,311.48232450053644,222,23:57:48
101.8%,5087500,20350.00000231084,-3518790.3293961175,574185.9212264526,311.2413291702221,222,23:57:44
101.8%,5090000,20360.000002312878,-3517502.6053457987,572724.1002766376,310.44893932120345,222,23:57:40
101.8%,5092500,20370.000002314915,-3517993.6086922195,572263.4877783514,310.1992612275769,222,23:57:36
101.9%,5095000,20380.000002316952,-3519218.0490729827,573323.5221572472,310.77385997139305,222,23:57:33
102.0%,5097500,20390.00000231899,-3514759.0334566887,573070.5750825789,310.6367483132714,222,23:57:29
102.0%,5100000,20400.000002321027,-3518162.937927479,574243.1586847696,311.2723551183451,222,23:57:25
102.0%,5102500,20410.000002323064,-3521031.4530827813,574647.52506802,311.4915446281223,222,23:57:21
102.1%,5105000,20420.0000023251,-3516611.927853618,575209.082517265,311.7959406093667,222,23:57:17
102.2%,5107500,20430.00000232714,-3519235.148339387,572230.3077249592,310.18127575712566,222,23:57:13
102.2%,5110000,20440.000002329176,-3517180.6533662155,575002.558530777,311.6839928975127,222,23:57:09
102.2%,5112500,20450.000002331213,-3518319.942705203,572433.7181402876,310.2915357368525,222,23:57:05
102.3%,5115000,20460.00000233325,-3520384.294456534,573622.4777044363,310.93591083058374,222,23:57:01
102.3%,5117500,20470.000002335288,-3519076.0969781466,571717.8090530909,309.90347241515315,222,23:56:57
102.4%,5120000,20480.000002337325,-3517393.3330746833,573146.6250079426,310.677971685316,222,23:56:54
102.5%,5122500,20490.000002339362,-3516208.5727661625,574315.1085181851,311.3113560080534,222,23:56:50
102.5%,5125000,20500.0000023414,-3515437.7567527387,573546.9318800847,310.8949607098733,222,23:56:46
102.5%,5127500,20510.000002343437,-3519509.2548364718,574444.919205763,311.3817207617833,222,23:56:42
102.6%,5130000,20520.000002345474,-3517558.631112974,572755.4892281361,310.4659539128618,222,23:56:38
102.7%,5132500,20530.00000234751,-3519197.506993059,572884.0893174756,310.5356624536981,222,23:56:34
102.7%,5135000,20540.00000234955,-3518537.986528566,574731.5199035199,311.53707459198586,222,23:56:30
102.8%,5137500,20550.000002351586,-3519805.2763445526,574742.6494497545,311.54310743715865,222,23:56:26
102.8%,5140000,20560.000002353623,-3518785.7345325053,571864.4092829347,309.98293805286124,222,23:56:22
102.8%,5142500,20570.00000235566,-3520958.1818204913,573376.4907692609,310.8025719627499,222,23:56:19
102.9%,5145000,20580.000002357698,-3519108.9677666947,573224.5545464653,310.7202139142784,222,23:56:15
103.0%,5147500,20590.000002359735,-3518410.7485426255,574856.2402722738,311.6046801042608,222,23:56:11
103.0%,5150000,20600.000002361772,-3516640.5305829644,574284.2149048868,311.29460991778825,222,23:56:07
