#"Progress (%)","Step","Time (ps)","Potential Energy (kJ/mole)","Kinetic Energy (kJ/mole)","Temperature (K)","Speed (ns/day)","Time Remaining"
3.0%,152500,610.0000000014564,-3515436.703797575,575387.5591884444,311.89268508586855,0,--
3.1%,155000,620.0000000015042,-3515502.732316809,574930.969590531,311.64518763236714,222,2:05:58
3.1%,157500,630.0000000015519,-3517077.423007682,574916.2392909602,311.63720297470144,222,2:05:29
3.2%,160000,640.0000000015997,-3519700.258516185,572479.7486119419,310.31648686269943,223,2:05:07
3.2%,162500,650.0000000016474,-3516792.617361538,575784.2146582375,312.1076948432958,223,2:04:58
3.3%,165000,660.0000000016952,-3518413.637532709,574612.5276305984,311.47257403247033,223,2:04:57
3.4%,167500,670.0000000017429,-3517997.1229345556,574661.5235861002,311.49913261872365,223,2:05:02
3.4%,170000,680.0000000017907,-3516347.633319374,573421.5313728572,310.82698652397767,222,2:05:19
3.5%,172500,690.0000000018384,-3516434.1881499086,573987.358655137,311.13369699685273,222,2:05:15
3.5%,175000,700.0000000018862,-3516919.3336823843,572811.4812921155,310.49630478663227,222,2:05:15
3.5%,177500,710.0000000019339,-3521703.872227283,573977.1336441172,311.12815446105907,222,2:05:09
3.6%,180000,720.0000000019817,-3515690.935017852,573445.647133959,310.84005863400654,222,2:05:04
3.6%,182500,730.0000000020294,-3519187.7711298726,573644.4092877833,310.9477989924132,222,2:05:13
3.7%,185000,740.0000000020772,-3517040.0047675483,574256.7768110527,311.2797369150219,222,2:05:04
3.8%,187500,750.0000000021249,-3517063.650851721,575426.0273753866,311.9135370245735,222,2:04:59
3.8%,190000,760.0000000021727,-3518416.0286510326,574453.6238035639,311.38643914739544,222,2:04:55
3.9%,192500,770.0000000022204,-3518000.039618749,573617.0613579832,310.93297486366606,222,2:04:52
3.9%,195000,780.0000000022682,-3520889.5100375637,573426.7567558256,310.8298189778578,222,2:04:48
4.0%,197500,790.0000000023159,-3518337.6100311596,573933.2578128561,311.1043712724867,222,2:04:43
4.0%,200000,800.0000000023637,-3519415.6896409597,575612.2755916968,312.0144941192305,222,2:04:38
4.0%,202500,810.0000000024114,-3517485.1582873985,573072.9461483597,310.6380335653786,222,2:04:37
4.1%,205000,820.0000000024592,-3515782.586775668,575508.944414036,311.9584827614264,222,2:04:33
4.2%,207500,830.0000000025069,-3519566.7178253196,573822.7612576294,311.044475873721,222,2:04:32
4.2%,210000,840.0000000025547,-3515635.5648975056,572843.9008175115,310.513878007783,222,2:04:27
4.2%,212500,850.0000000026024,-3513988.724166427,573311.4481438714,310.7673151714727,222,2:04:25
4.3%,215000,860.0000000026502,-3517398.968757551,575208.7471839776,311.7957588397095,222,2:04:20
4.3%,217500,870.0000000026979,-3519425.7283664364,576380.3052288725,312.4308097345734,222,2:04:18
4.4%,220000,880.0000000027457,-3518243.4098298047,574738.556126379,311.5408886237725,222,2:04:15
4.5%,222500,890.0000000027934,-3518729.9868279137,573278.249578958,310.74931966672733,222,2:04:10
4.5%,225000,900.0000000028411,-3518788.3962688297,574486.6665256156,311.40435017647263,222,2:04:02
4.5%,227500,910.0000000028889,-3519568.625885863,571787.7433876346,309.9413807901818,222,2:03:59
4.6%,230000,920.0000000029366,-3519802.302625235,571947.5430056342,310.0280012447566,222,2:03:54
4.7%,232500,930.0000000029844,-3517282.4524980914,574476.7201749408,311.3989586903877,222,2:03:51
4.7%,235000,940.0000000030321,-3518485.0223193634,575502.1338420912,311.9547910452311,222,2:03:47
4.8%,237500,950.0000000030799,-3515256.7929732036,573691.8353190671,310.97350659071606,222,2:03:46
4.8%,240000,960.0000000031276,-3514089.439014647,573861.5502459777,311.0655017049795,222,2:03:43
4.8%,242500,970.0000000031754,-3519754.244480718,575125.9665608471,311.7508870478034,222,2:03:37
4.9%,245000,980.0000000032231,-3521896.1019337103,572027.7512061305,310.07147863772275,222,2:03:33
5.0%,247500,990.0000000032709,-3515776.347444635,573401.8102920245,310.81629657986,222,2:03:28
5.0%,250000,1000.0000000033186,-3519033.5023767,574980.9688166687,311.67229004819677,222,2:03:25
5.0%,252500,1010.0000000033664,-3521662.673627006,571911.6255844107,310.00853196571524,222,2:03:23
5.1%,255000,1020.0000000034141,-3516877.0191609655,573682.0995763228,310.96822926607234,222,2:03:17
5.2%,257500,1030.0000000032912,-3518366.1533330437,574091.732801336,311.19027370274716,222,2:03:12
5.2%,260000,1040.0000000030548,-3518359.1966522783,575513.3285527115,311.9608592131961,222,2:03:07
5.2%,262500,1050.0000000028183,-3516981.463606579,573324.0163609007,310.7741278577977,222,2:03:03
5.3%,265000,1060.0000000025818,-3510930.106014779,573187.5345245607,310.70014696314365,222,2:02:58
5.3%,267500,1070.0000000023454,-3516877.200892389,575779.9720334392,312.10539510007226,222,2:02:54
5.4%,270000,1080.000000002109,-3514512.05453364,575280.9527762234,311.8348983652069,222,2:02:50
5.5%,272500,1090.0000000018724,-3519188.501636764,572480.1877320046,310.31672489067415,222,2:02:46
5.5%,275000,1100.000000001636,-3517653.2397761494,574099.3875958715,311.19442303545924,222,2:02:41
5.5%,277500,1110.0000000013995,-3516355.522155039,574227.8975873602,311.26408273815133,222,2:02:39
5.6%,280000,1120.000000001163,-3515023.785105573,576289.536856963,312.38160812987473,222,2:02:36
5.7%,282500,1130.0000000009265,-3516774.0172172096,573130.03919015,310.6689812315547,222,2:02:30
5.7%,285000,1140.00000000069,-3516042.4440507106,575020.9412484649,311.6939573729125,222,2:02:27
5.8%,287500,1150.0000000004536,-3522733.8010885715,574383.7577358572,311.3485677768636,222,2:02:25
5.8%,290000,1160.0000000002171,-3518563.8438691683,572477.9953254212,310.3155364819831,222,2:02:21
5.8%,292500,1169.9999999999807,-3517993.872560691,572151.9592207203,310.1388064249872,222,2:02:18
5.9%,295000,1179.9999999997442,-3519640.3229594566,575688.5290533712,312.0558278194972,222,2:02:14
6.0%,297500,1189.9999999995077,-3518459.699994536,575155.6912499748,311.7669995148829,222,2:02:09
6.0%,300000,1199.9999999992713,-3519120.633143505,573181.8388470414,310.69705958294827,222,2:02:06
6.0%,302500,1209.9999999990348,-3518194.8489743806,573502.9081374157,310.8710973449303,222,2:02:02
6.1%,305000,1219.9999999987983,-3517770.3206505533,573167.2665946585,310.6891605958206,222,2:01:58
6.2%,307500,1229.9999999985619,-3519008.3353312016,574813.5322998463,311.581529961401,222,2:01:53
6.2%,310000,1239.9999999983254,-3517053.256903602,577428.3603368627,312.9989150342607,222,2:01:50
6.2%,312500,1249.999999998089,-3521174.6352357846,575332.0207959097,311.86258012774704,222,2:01:44
6.3%,315000,1259.9999999978525,-3517698.6155174077,573824.6733437967,311.04551233285076,222,2:01:41
6.3%,317500,1269.999999997616,-3520276.6328842044,573779.0357176464,311.0207741515438,222,2:01:36
6.4%,320000,1279.9999999973795,-3518718.2627714947,572782.7593036146,310.4807358401518,222,2:01:32
6.5%,322500,1289.999999997143,-3517325.6065033115,574952.4615197263,311.65683747671534,222,2:01:27
6.5%,325000,1299.9999999969066,-3520092.9362124,572960.1278754012,310.5768796639466,222,2:01:25
6.5%,327500,1309.99999999667,-3517225.3626031727,572491.6503073904,310.32293825653164,222,2:01:20
6.6%,330000,1319.9999999964336,-3517388.0721648876,574036.1428138508,311.16014077723673,222,2:01:17
6.7%,332500,1329.9999999961972,-3518359.8307812307,573521.9146770341,310.881399967191,222,2:01:12
6.7%,335000,1339.9999999959607,-3519835.609851038,575505.492038253,311.95661137798106,222,2:01:09
6.8%,337500,1349.9999999957242,-3519851.9036212713,573122.3084476229,310.6647907307246,222,2:01:05
6.8%,340000,1359.9999999954878,-3519556.8586938307,571595.901177234,309.83739143351403,222,2:01:02
6.8%,342500,1369.9999999952513,-3517838.151736358,573117.9239143364,310.66241406505327,222,2:00:57
6.9%,345000,1379.9999999950148,-3516323.4986866675,572454.6714511744,310.30289361953453,222,2:00:54
7.0%,347500,1389.9999999947784,-3516861.8119654376,571880.3645629783,309.9915867194071,222,2:00:50
7.0%,350000,1399.999999994542,-3517235.49784882,572261.8937571935,310.1983971777185,222,2:00:48
7.0%,352500,1409.9999999943054,-3518465.141725255,573726.3947438283,310.9922397586681,222,2:00:44
7.1%,355000,1419.999999994069,-3520001.2337347064,574026.5975862123,311.15496672258377,222,2:00:40
7.2%,357500,1429.9999999938325,-3520282.5226025376,575269.8900632294,311.82890174744045,222,2:00:37
7.2%,360000,1439.999999993596,-3516163.057137467,572337.4762270089,310.23936716234834,222,2:00:33
7.2%,362500,1449.9999999933596,-3518697.737393154,573352.6603991825,310.78965455083915,222,2:00:29
7.3%,365000,1459.999999993123,-3520933.994360825,575787.9434687375,312.10971607003324,222,2:00:25
7.3%,367500,1469.9999999928866,-3517763.185545232,575214.0329533942,311.7986240264689,222,2:00:21
7.4%,370000,1479.9999999926501,-3516979.7208887395,572785.1934448641,310.48205528273974,222,2:00:16
7.5%,372500,1489.9999999924137,-3518573.1490189154,573019.0447198785,310.60881593459993,222,2:00:13
7.5%,375000,1499.9999999921772,-3517470.2038334273,574311.3584864214,311.30932327818766,222,2:00:08
7.5%,377500,1509.9999999919407,-3513801.4188191276,572658.344066766,310.41329572667235,222,2:00:05
7.6%,380000,1519.9999999917043,-3517946.796408931,574519.7361888611,311.4222758092045,222,2:00:00
7.7%,382500,1529.9999999914678,-3517471.54143871,572803.0682759763,310.4917444548152,222,1:59:56
7.7%,385000,1539.9999999912313,-3516874.1140104495,572922.2322218488,310.5563380708051,222,1:59:53
7.8%,387500,1549.9999999909949,-3513246.4073513746,574097.6586991089,311.1934858753749,222,1:59:49
7.8%,390000,1559.9999999907584,-3517918.2368770204,575272.8968955664,311.83053162107296,222,1:59:46
7.8%,392500,1569.999999990522,-3517143.1494041607,574334.4378229217,311.3218335873108,222,1:59:41
7.9%,395000,1579.9999999902855,-3516957.1644006837,570580.2861481839,309.28687049616394,222,1:59:37
8.0%,397500,1589.999999990049,-3518532.2333618943,573012.0223740634,310.60500942495804,222,1:59:32
8.0%,400000,1599.9999999898125,-3515257.0976327956,574806.1071755578,311.5775051229865,222,1:59:28
8.1%,402500,1609.999999989576,-3521024.6145307943,572963.2374339076,310.57856522098814,222,1:59:24
8.1%,405000,1619.9999999893396,-3519544.992669385,575610.851719531,312.0137222997743,222,1:59:21
8.2%,407500,1629.9999999891031,-3517806.0962645803,573223.8677310084,310.71984162135413,222,1:59:17
8.2%,410000,1639.9999999888666,-3514973.5749019757,572904.6389576608,310.5468015239691,222,1:59:14
8.2%,412500,1649.9999999886302,-3520079.9612171184,575095.1220102841,311.73416755232296,222,1:59:10
8.3%,415000,1659.9999999883937,-3517880.650010299,573004.6791306429,310.6010289706172,222,1:59:07
8.3%,417500,1669.9999999881572,-3517064.184403522,573376.7555393747,310.8027154831656,222,1:59:03
8.4%,420000,1679.9999999879208,-3512980.1382718757,574763.752138603,311.55454629116645,222,1:58:59
8.4%,422500,1689.9999999876843,-3519089.276986731,571573.3444619298,309.8251644147149,222,1:58:56
8.5%,425000,1699.9999999874478,-3519611.0908342656,575012.8159659974,311.68955300906174,222,1:58:52
8.6%,427500,1709.9999999872114,-3521572.6369105875,575896.0078175324,312.1682930749918,222,1:58:48
8.6%,430000,1719.999999986975,-3515349.7772162687,575815.960369668,312.12490281906776,222,1:58:44
8.7%,432500,1729.9999999867384,-3516146.099559691,573531.6862034446,310.886696688611,222,1:58:40
8.7%,435000,1739.999999986502,-3519933.0491613206,574297.2617343152,311.3016820391737,222,1:58:37
8.8%,437500,1749.9999999862655,-3520650.6363079455,575863.4046669494,312.1506203185771,222,1:58:33
8.8%,440000,1759.999999986029,-3517327.7430861797,574932.2610117729,311.64588765591185,222,1:58:28
8.8%,442500,1769.9999999857926,-3517805.3929715194,574551.8949667929,311.4397076904436,222,1:58:25
8.9%,445000,1779.999999985556,-3517351.256532671,573900.2008056822,311.0864525000633,222,1:58:21
8.9%,447500,1789.9999999853196,-3516199.0749547035,574001.1411288723,311.14116787916805,222,1:58:17
9.0%,450000,1799.9999999850832,-3517433.6714261174,573018.6749835369,310.60861551653653,222,1:58:12
9.1%,452500,1809.9999999848467,-3520496.9984290693,573604.7509918934,310.9263019471721,222,1:58:08
9.1%,455000,1819.9999999846102,-3515217.232941631,571106.9205290017,309.5723361939685,222,1:58:04
9.2%,457500,1829.9999999843737,-3517065.886747455,572864.5494690414,310.52507074781744,222,1:58:00
9.2%,460000,1839.9999999841373,-3520743.550581364,571990.279913105,310.0511670720507,222,1:57:56
9.2%,462500,1849.9999999839008,-3519066.0400690585,574091.4523555313,311.19012168521806,222,1:57:53
9.3%,465000,1859.9999999836643,-3520167.6210374273,573726.795222068,310.9924568405836,222,1:57:48
9.3%,467500,1869.9999999834279,-3521966.1291820146,576790.4736686834,312.6531442880187,222,1:57:44
9.4%,470000,1879.9999999831914,-3519092.4625731725,576353.8730919264,312.4164820174843,222,1:57:40
9.4%,472500,1889.999999982955,-3518030.371537663,574714.0733373839,311.5276175638128,222,1:57:36
9.5%,475000,1899.9999999827185,-3520125.1371234246,574738.9476025832,311.54110082607434,222,1:57:32
9.6%,477500,1909.999999982482,-3517276.624421051,572757.849668751,310.4672334055265,222,1:57:29
9.6%,480000,1919.9999999822455,-3522315.164790472,572622.267493854,310.393740178391,222,1:57:27
9.7%,482500,1929.999999982009,-3515952.506396383,573454.2076848514,310.84469893802594,222,1:57:24
9.7%,485000,1939.9999999817726,-3515762.075108964,574189.2960423077,311.2431585117884,222,1:57:20
9.8%,487500,1949.9999999815361,-3522136.9035178404,573751.0423645077,311.0056001667477,222,1:57:16
9.8%,490000,1959.9999999812997,-3516578.224413572,574115.4077180048,311.20310685009474,222,1:57:12
9.8%,492500,1969.9999999810632,-3518115.2997587156,574797.6832752263,311.57293889132,222,1:57:08
9.9%,495000,1979.9999999808267,-3517681.182935631,575197.8367698736,311.78984477657775,222,1:57:04
9.9%,497500,1989.9999999805902,-3517547.488698922,574499.0167775981,311.4110447133822,222,1:57:00
10.0%,500000,1999.9999999803538,-3516393.605634857,577341.8473137647,312.95202006992224,222,1:56:56
10.1%,502500,2009.9999999801173,-3514432.187279798,574132.2884433528,311.21225716047405,222,1:56:53
10.1%,505000,2019.9999999798808,-3518951.460000051,573799.8920126694,311.03207944612615,222,1:56:49
10.2%,507500,2029.9999999796444,-3519439.9218571763,573674.4106899725,310.96406145366336,222,1:56:45
10.2%,510000,2039.999999979408,-3521469.4500332978,572926.0317389483,310.558397624529,222,1:56:41
10.2%,512500,2049.9999999791717,-3515889.4628897905,574368.319922383,311.3401996065418,222,1:56:37
10.3%,515000,2059.999999978935,-3519398.7538742777,574824.5702126088,311.5875131360357,222,1:56:33
10.3%,517500,2069.9999999786987,-3517764.6835015565,573817.8871694063,311.0418338415134,222,1:56:29
10.4%,520000,2079.9999999784623,-3520043.570463158,574626.7863892112,311.48030308819756,222,1:56:25
10.4%,522500,2089.999999978226,-3521882.750593217,572102.894456701,310.1122105406155,222,1:56:22
10.5%,525000,2099.9999999779893,-3516612.595189484,574017.0699772027,311.14980221822657,222,1:56:18
10.6%,527500,2109.999999977753,-3521044.479583459,575215.4151822177,311.79937327287206,222,1:56:14
10.6%,530000,2119.9999999775164,-3521522.8306167927,573735.0301232232,310.9969206239792,222,1:56:10
10.7%,532500,2129.99999997728,-3516370.7758069504,573450.9926005083,310.842956179997,222,1:56:06
10.7%,535000,2139.9999999770434,-3519697.738258688,575465.509427527,311.93493853570817,222,1:56:02
10.8%,537500,2149.999999976807,-3520276.0373943076,575946.6452230013,312.1957414202076,222,1:55:58
10.8%,540000,2159.9999999765705,-3519181.063946938,573636.7781594236,310.9436624881105,222,1:55:55
10.8%,542500,2169.999999976334,-3518149.6112547014,573413.4287029349,310.82259441740865,222,1:55:51
10.9%,545000,2179.9999999760976,-3518681.947664935,573222.7617615199,310.71924212317606,222,1:55:48
10.9%,547500,2189.999999975861,-3520351.4968298413,573298.1036901217,310.760081720828,222,1:55:43
11.0%,550000,2199.9999999756246,-3519972.783332756,573872.1255088698,311.0712340971493,222,1:55:40
11.1%,552500,2209.999999975388,-3519677.973002434,572585.0458893988,310.37356395808285,222,1:55:36
11.1%,555000,2219.9999999751517,-3518903.78784219,573881.8505121293,311.0765056003833,222,1:55:32
11.2%,557500,2229.999999974915,-3518576.164943997,573112.4789361181,310.6594625780953,222,1:55:28
11.2%,560000,2239.9999999746788,-3520964.8489340283,572468.405672961,310.3103383465575,222,1:55:24
11.2%,562500,2249.9999999744423,-3514611.3982647005,574031.5241287265,311.1576371879916,222,1:55:19
11.3%,565000,2259.999999974206,-3524274.4003184345,574666.368041429,311.50175858822223,222,1:55:16
11.3%,567500,2269.9999999739694,-3523726.3902684655,576394.190760191,312.4383364799429,222,1:55:12
11.4%,570000,2279.999999973733,-3515026.5106160603,575316.5773203742,311.85420888826695,222,1:55:08
11.4%,572500,2289.9999999734964,-3519214.137940077,572437.3617254834,310.2935107666423,222,1:55:04
11.5%,575000,2299.99999997326,-3517438.120066844,573784.3018867706,311.0236287138332,222,1:55:00
11.6%,577500,2309.9999999730235,-3515495.197399689,574317.107260898,311.31243943994474,222,1:54:56
11.6%,580000,2319.999999972787,-3517153.3326246236,573974.880334388,311.1269330394094,222,1:54:51
11.7%,582500,2329.9999999725505,-3518967.940303512,573453.7870039251,310.8444709051087,222,1:54:48
11.7%,585000,2339.999999972314,-3517426.903655924,574261.5360089804,311.28231667017434,222,1:54:43
11.8%,587500,2349.9999999720776,-3517978.2412788607,570693.8543311639,309.34843089135205,222,1:54:40
11.8%,590000,2359.999999971841,-3517981.1441698708,574369.7005569194,311.34094798875105,222,1:54:36
11.8%,592500,2369.9999999716047,-3519366.2358021457,573721.5072967645,310.9895904852113,222,1:54:32
11.9%,595000,2379.999999971368,-3513694.713436112,573072.2719394292,310.63766810590647,222,1:54:28
11.9%,597500,2389.9999999711317,-3516033.7511351462,575230.1919572172,311.8073831228556,222,1:54:24
12.0%,600000,2399.9999999708953,-3518344.166833326,573500.1560599426,310.8696055628802,222,1:54:20
12.1%,602500,2409.999999970659,-3518970.7198333032,571873.1721028816,309.9876879981781,222,1:54:16
12.1%,605000,2419.9999999704223,-3516560.853264874,574833.6860776638,311.5924544518209,222,1:54:12
12.2%,607500,2429.999999970186,-3519538.6870104037,574823.5222493189,311.58694508050655,222,1:54:08
12.2%,610000,2439.9999999699494,-3514094.3452803604,575959.0516578751,312.2024664114302,222,1:54:05
12.2%,612500,2449.999999969713,-3516867.9188794754,575489.0461427988,311.9476967700618,222,1:54:00
12.3%,615000,2459.9999999694764,-3518821.3644710258,572073.3941633179,310.0962197087541,222,1:53:57
12.3%,617500,2469.99999996924,-3519848.5975355655,574197.8243239154,311.24778132402565,222,1:53:53
12.4%,620000,2479.9999999690035,-3519762.2755065784,573741.684200133,311.0005275109912,222,1:53:49
12.4%,622500,2489.999999968767,-3516879.5445041023,573274.6401503433,310.7473631517414,222,1:53:45
12.5%,625000,2499.9999999685306,-3520547.7759740446,575196.6804737531,311.78921799851133,222,1:53:41
12.6%,627500,2509.999999968294,-3518818.7011894975,574669.6263952593,311.50352480076685,222,1:53:37
12.6%,630000,2519.9999999680576,-3519642.8311019186,574283.9120864782,311.2944457730391,222,1:53:33
12.7%,632500,2529.999999967821,-3518168.6399057545,574802.8394802507,311.57573384683167,222,1:53:29
12.7%,635000,2539.9999999675847,-3521831.4983622357,572894.9517319675,310.54155049831826,222,1:53:25
12.8%,637500,2549.9999999673482,-3521802.4073184356,574168.9821352668,311.23214722224895,222,1:53:22
12.8%,640000,2559.9999999671118,-3521574.214647405,574915.1079311593,311.6365897135343,222,1:53:18
12.8%,642500,2569.9999999668753,-3518978.2649944946,572774.5374060851,310.47627910545873,222,1:53:14
12.9%,645000,2579.999999966639,-3522949.50905462,572064.1795114574,310.0912248449185,222,1:53:10
12.9%,647500,2589.9999999664024,-3520143.5497224033,574542.4301609516,311.434577228965,222,1:53:07
13.0%,650000,2599.999999966166,-3515714.2397805583,573576.8348143506,310.91116979592533,222,1:53:03
13.1%,652500,2609.9999999659294,-3515080.233766593,573676.5188386298,310.96520418978065,222,1:52:59
13.1%,655000,2619.999999965693,-3520541.5309214164,574396.3787514188,311.355409082987,222,1:52:54
13.2%,657500,2629.9999999654565,-3517355.4787666462,574674.6240271279,311.5062338006361,222,1:52:50
13.2%,660000,2639.99999996522,-3518430.2974122,573432.1711632307,310.8327538937015,222,1:52:46
13.2%,662500,2649.9999999649835,-3522236.970861232,574459.3105117544,311.38952166570596,222,1:52:43
13.3%,665000,2659.999999964747,-3521371.837973889,572301.6058081477,310.2199233612527,222,1:52:39
13.3%,667500,2669.9999999645106,-3518170.832842132,573435.8365742487,310.8347407543246,222,1:52:35
13.4%,670000,2679.999999964274,-3518715.502063602,572145.487846546,310.13529857321805,222,1:52:31
13.4%,672500,2689.9999999640377,-3515583.5973145794,573357.2113391855,310.79212141838696,222,1:52:27
13.5%,675000,2699.999999963801,-3520954.02359014,572916.6454425829,310.5533097196383,222,1:52:23
13.6%,677500,2709.9999999635647,-3517400.375283854,573103.1978957073,310.6544317279007,222,1:52:19
13.6%,680000,2719.9999999633283,-3521637.067817835,573384.603014708,310.8069692597963,222,1:52:15
13.7%,682500,2729.999999963092,-3514823.618601734,576383.1850061305,312.43237073714835,222,1:52:11
13.7%,685000,2739.9999999628553,-3518868.998170946,573914.698171248,311.0943108942895,222,1:52:07
13.8%,687500,2749.999999962619,-3518101.282129543,572096.4484136136,310.10871641973193,222,1:52:04
13.8%,690000,2759.9999999623824,-3516743.870778095,573021.6032035373,310.6102027778247,222,1:52:00
13.8%,692500,2769.999999962146,-3516253.9124443065,572654.5399290773,310.4112336683271,222,1:51:56
13.9%,695000,2779.9999999619095,-3516278.1198931243,574546.6675688967,311.4368741443583,222,1:51:52
13.9%,697500,2789.999999961673,-3517411.4517514315,575081.5346606431,311.7268024383314,222,1:51:48
14.0%,700000,2799.9999999614365,-3521473.0886276737,575990.092455693,312.2192922840513,222,1:51:44
14.1%,702500,2809.9999999612,-3516927.6748133656,575671.3556752864,312.0465188747393,222,1:51:40
14.1%,705000,2819.9999999609636,-3517772.719061667,572105.4610751083,310.11360179333525,222,1:51:36
14.2%,707500,2829.999999960727,-3514124.120653726,575273.7468805178,311.830992361116,222,1:51:32
14.2%,710000,2839.9999999604906,-3520496.1853809133,573167.2194926235,310.6891350638467,222,1:51:28
14.2%,712500,2849.999999960254,-3521743.526946135,572733.4835195676,310.45402557095895,222,1:51:24
14.3%,715000,2859.9999999600177,-3517971.3142471667,574045.6946935677,311.16531843769354,222,1:51:20
14.3%,717500,2869.9999999597812,-3518281.630249638,575691.5202795987,312.0574492337334,222,1:51:17
14.4%,720000,2879.9999999595448,-3519231.858707752,573122.4566664884,310.66487107375457,222,1:51:13
14.4%,722500,2889.9999999593083,-3519433.2144832015,571363.1588669799,309.71123190343894,222,1:51:09
14.5%,725000,2899.999999959072,-3515117.3851142973,576253.2903567083,312.36196047133774,222,1:51:05
14.6%,727500,2909.9999999588354,-3519719.836675765,575254.5663987949,311.8205954523711,222,1:51:01
14.6%,730000,2919.999999958599,-3519134.711111041,574174.4398517191,311.23510561405215,222,1:50:57
14.7%,732500,2929.9999999583624,-3520817.209675163,573356.817245598,310.79190779731505,222,1:50:53
14.7%,735000,2939.999999958126,-3516327.9440154545,576030.914787356,312.24142030268933,222,1:50:49
14.8%,737500,2949.9999999578895,-3522879.936204644,573410.6363331084,310.82108079461824,222,1:50:46
14.8%,740000,2959.999999957653,-3515892.4818609897,573994.2679181368,311.1374422091962,222,1:50:42
14.8%,742500,2969.9999999574165,-3517257.55068394,575229.3647007975,311.80693470296563,222,1:50:38
14.9%,745000,2979.99999995718,-3519614.616100708,573045.6098201224,310.62321572533637,222,1:50:34
14.9%,747500,2989.9999999569436,-3519427.0246924516,575895.4770457076,312.1680053665647,222,1:50:30
15.0%,750000,2999.999999956707,-3517192.1209770385,574825.6148783758,311.5880794041203,222,1:50:26
15.1%,752500,3009.9999999564707,-3519783.367023509,574780.357807816,311.5635475055233,222,1:50:23
15.1%,755000,3019.999999956234,-3519331.5913178865,575714.3040360596,312.0697993217141,222,1:50:19
15.2%,757500,3029.9999999559977,-3517943.931822866,573938.1838231212,311.1070414493854,222,1:50:15
15.2%,760000,3039.9999999557613,-3518601.2199891247,573335.7348776029,310.78047995836204,222,1:50:11
15.2%,762500,3049.999999955525,-3519801.032646835,575489.8177705274,311.9481150360467,222,1:50:07
15.3%,765000,3059.9999999552883,-3515363.3543404825,573614.1166471713,310.9313786634229,222,1:50:03
15.3%,767500,3069.999999955052,-3518208.8567096274,574046.985366401,311.16601805555825,222,1:49:59
15.4%,770000,3079.9999999548154,-3516269.6329222713,573770.0657650037,311.01591192856006,222,1:49:55
15.4%,772500,3089.999999954579,-3516570.0265161786,572263.0378255097,310.19901732762156,222,1:49:51
15.5%,775000,3099.9999999543425,-3521224.7072824705,572800.814461221,310.49052275941267,222,1:49:47
15.6%,777500,3109.999999954106,-3518630.012904158,573718.5730057749,310.9879999331026,222,1:49:43
15.6%,780000,3119.9999999538695,-3516767.4462925587,576442.5060217134,312.4645260914599,222,1:49:39
15.7%,782500,3129.999999953633,-3518812.2161605265,575762.6822496947,312.09602305684587,222,1:49:36
15.7%,785000,3139.9999999533966,-3517791.201110922,574890.6332930722,311.62332307182896,222,1:49:32
15.8%,787500,3149.99999995316,-3516867.476697011,574868.5008143027,311.6113260132885,222,1:49:28
15.8%,790000,3159.9999999529236,-3520429.182595294,572689.7143118838,310.4303001784116,222,1:49:24
15.8%,792500,3169.999999952687,-3519444.1741098724,573589.2995862301,310.9179264091131,222,1:49:20
15.9%,795000,3179.9999999524507,-3517549.2492983043,571171.7827871947,309.60749521599723,222,1:49:16
15.9%,797500,3189.9999999522142,-3516504.272512542,575490.4138490921,311.94843814443004,222,1:49:13
16.0%,800000,3199.9999999519778,-3518033.177909022,574040.9120770118,311.16272598831654,222,1:49:09
16.1%,802500,3209.9999999517413,-3517961.7673088517,576362.5510752938,312.4211859765644,222,1:49:05
16.1%,805000,3219.999999951505,-3519198.741737187,573078.3619033521,310.640969211691,222,1:49:01
16.1%,807500,3229.9999999512684,-3516225.5806600377,573881.0759484741,311.0760857429597,222,1:48:57
16.2%,810000,3239.999999951032,-3517908.660350181,573702.7382809834,310.9794166143395,222,1:48:53
16.2%,812500,3249.9999999507954,-3518756.040272074,574221.9570985859,311.2608626563735,222,1:48:50
16.3%,815000,3259.999999950559,-3519691.829788657,574784.4905246187,311.56578767238074,222,1:48:46
16.4%,817500,3269.9999999503225,-3518705.586854579,571191.4432986776,309.6181523280926,222,1:48:42
16.4%,820000,3279.999999950086,-3518945.823566178,574205.0347213752,311.25168976832265,222,1:48:38
16.4%,822500,3289.9999999498496,-3515307.7446874883,574788.5542070963,311.5679904187194,222,1:48:34
16.5%,825000,3299.999999949613,-3518404.7664500903,574600.4103965694,311.4660058045051,222,1:48:30
16.6%,827500,3309.9999999493766,-3516726.545832293,574847.3544291558,311.5998634734091,222,1:48:26
16.6%,830000,3319.99999994914,-3519309.608723726,576586.8463469264,312.54276673270766,222,1:48:23
16.6%,832500,3329.9999999489037,-3523076.4008007366,573558.8320424845,310.90141127270624,222,1:48:19
16.7%,835000,3339.999999948667,-3520403.8823695537,573116.765498734,310.6617861381075,222,1:48:15
16.8%,837500,3349.9999999484307,-3520783.0937188566,574890.0156837737,311.62298829256684,222,1:48:11
16.8%,840000,3359.9999999481943,-3516846.6493803244,574544.9805243111,311.4359596705271,222,1:48:07
16.9%,842500,3369.999999947958,-3514255.731365701,573015.3414658967,310.60680856094456,222,1:48:03
16.9%,845000,3379.9999999477213,-3521970.691965552,572870.0700657836,310.52806322430337,222,1:47:59
16.9%,847500,3389.999999947485,-3517862.481833363,575275.5541655894,311.83197201210896,222,1:47:56
17.0%,850000,3399.9999999472484,-3517237.614903737,576923.3859876617,312.72519030184907,222,1:47:52
17.1%,852500,3409.999999947012,-3516120.649262704,573378.9746037194,310.80391834187503,222,1:47:48
17.1%,855000,3419.9999999467755,-3520271.865007447,575632.9754835241,312.02571463441177,222,1:47:45
17.1%,857500,3429.999999946539,-3516005.75683436,573371.0097398505,310.79960093400143,222,1:47:41
17.2%,860000,3439.9999999463025,-3516710.2455412988,572575.6506645482,310.3684712134469,222,1:47:36
17.2%,862500,3449.999999946066,-3520573.5991595704,574996.3757617583,311.6806414861037,222,1:47:33
17.3%,865000,3459.9999999458296,-3519755.4480634723,572776.4315195548,310.47730582236716,222,1:47:29
17.4%,867500,3469.999999945593,-3517315.9322845135,571939.8061405474,310.02380742515186,222,1:47:25
17.4%,870000,3479.9999999453566,-3518822.01286038,574422.3725231499,311.3694991812717,222,1:47:21
17.4%,872500,3489.99999994512,-3520535.808000395,576640.7672010439,312.57199489328264,222,1:47:17
17.5%,875000,3499.9999999448837,-3520857.9133825637,574032.5180737446,311.1581759625542,222,1:47:13
17.6%,877500,3509.9999999446472,-3519790.7289743237,572957.4855900351,310.5754473954444,222,1:47:10
17.6%,880000,3519.999999944411,-3516949.7974533197,574445.0202052572,311.3817755092364,222,1:47:06
17.6%,882500,3529.9999999441743,-3516680.6336693447,571664.564583793,309.8746108935055,222,1:47:01
17.7%,885000,3539.999999943938,-3517072.443915436,575705.5186383021,312.0650371379435,222,1:46:57
17.8%,887500,3549.9999999437014,-3519750.624443384,572566.0223862133,310.36325214060696,222,1:46:54
17.8%,890000,3559.999999943465,-3517934.6543542203,572727.6793941025,310.4508794058273,222,1:46:50
17.9%,892500,3569.9999999432284,-3518522.884472128,574501.7332127293,311.4125171752619,222,1:46:46
17.9%,895000,3579.999999942992,-3520947.874123277,575105.4055882867,311.73974183474235,222,1:46:42
17.9%,897500,3589.9999999427555,-3518149.530242717,572418.3203174697,310.28318924373417,222,1:46:38
18.0%,900000,3599.999999942519,-3515494.594322631,573837.044057372,311.05221796110396,222,1:46:34
18.1%,902500,3609.9999999422826,-3518598.590453947,572917.4659368619,310.55375447406465,222,1:46:30
18.1%,905000,3619.999999942046,-3516578.078437483,573207.755684282,310.7111079783765,222,1:46:26
18.1%,907500,3629.9999999418096,-3519062.146287715,573908.4711740797,311.09093550871535,222,1:46:22
18.2%,910000,3639.999999941573,-3519682.887781553,575298.4779094118,311.8443979811776,222,1:46:18
18.2%,912500,3649.9999999413367,-3520548.7361510657,573644.5077415451,310.94785235993504,222,1:46:14
18.3%,915000,3659.9999999411,-3522244.3182652276,573321.4080576692,310.77271400953936,222,1:46:10
18.4%,917500,3669.9999999408637,-3519161.077387629,574685.1522779657,311.51194070960656,222,1:46:07
18.4%,920000,3679.9999999406273,-3518991.8812590893,573675.1971980119,310.9644877856206,222,1:46:03
18.4%,922500,3689.999999940391,-3517297.4288787674,574049.7224390557,311.16750170414593,222,1:45:59
18.5%,925000,3699.9999999401543,-3517132.4836958647,574575.8440268792,311.45268943906905,222,1:45:55
18.6%,927500,3709.999999939918,-3515163.827372173,574151.7658001337,311.22281499233503,222,1:45:51
18.6%,930000,3719.9999999396814,-3519707.0345445555,571713.4119981203,309.90108896201906,222,1:45:47
18.6%,932500,3729.999999939445,-3516156.3522453904,575696.3903927485,312.0600891112259,222,1:45:43
18.7%,935000,3739.9999999392085,-3517000.2606737744,575162.8204182468,311.77086392835395,222,1:45:39
18.8%,937500,3749.999999938972,-3520167.2211773023,575866.4685453023,312.15228111438506,222,1:45:35
18.8%,940000,3759.9999999387355,-3516260.787501214,572463.9650888331,310.3079312981518,222,1:45:31
18.9%,942500,3769.999999938499,-3519850.8019276373,573908.1404695907,311.0907562481293,222,1:45:27
18.9%,945000,3779.9999999382626,-3517044.2595900465,572911.6946711289,310.5506261207711,222,1:45:23
18.9%,947500,3789.999999938026,-3514358.2238768972,573628.2597810762,310.93904504400183,222,1:45:20
19.0%,950000,3799.9999999377897,-3521620.47556776,574719.88555726,311.5307681165742,222,1:45:16
19.1%,952500,3809.999999937553,-3519240.1529565006,572578.2654896814,310.36988859694577,222,1:45:12
19.1%,955000,3819.9999999373167,-3517660.117782116,573303.6119918596,310.76306753272445,222,1:45:08
19.1%,957500,3829.9999999370802,-3520325.9172961377,574982.8639738449,311.67331733085337,222,1:45:04
19.2%,960000,3839.999999936844,-3518952.945922859,575265.3164300227,311.8264225788894,222,1:45:00
19.2%,962500,3849.9999999366073,-3518811.592946954,574088.4788503826,311.18850987681145,222,1:44:56
19.3%,965000,3859.999999936371,-3517642.027630301,574184.8797538215,311.2407646329982,222,1:44:52
19.4%,967500,3869.9999999361344,-3521040.153234331,573690.9317945892,310.97301682921363,222,1:44:48
19.4%,970000,3879.999999935898,-3517603.6890752558,575344.9297182732,311.8695774956832,222,1:44:44
19.4%,972500,3889.9999999356614,-3518280.151427459,574467.4697610931,311.3939444415271,222,1:44:40
19.5%,975000,3899.999999935425,-3515944.587014364,575676.6149187251,312.04936968291446,222,1:44:36
19.6%,977500,3909.9999999351885,-3518885.519665407,573600.9089338492,310.9242193338439,222,1:44:33
19.6%,980000,3919.999999934952,-3518244.3427053057,574891.751323747,311.6239291078539,222,1:44:29
19.6%,982500,3929.9999999347156,-3516887.788273109,573616.2631279253,310.9325421777102,222,1:44:25
19.7%,985000,3939.999999934479,-3517142.992085496,573284.7371544715,310.75283630054093,222,1:44:21
19.8%,987500,3949.9999999342426,-3518035.5331480913,573990.7519672161,311.1355363644212,222,1:44:17
19.8%,990000,3959.999999934006,-3518924.090488808,573497.6012803207,310.86822072745343,222,1:44:13
19.9%,992500,3969.9999999337697,-3517599.119488219,575098.8833303663,311.73620640109743,222,1:44:09
19.9%,995000,3979.999999933533,-3517051.324576229,573981.8821485239,311.1307284197169,222,1:44:05
19.9%,997500,3989.9999999332967,-3519276.2629754674,575128.8171263941,311.75243221597447,222,1:44:01
20.0%,1000000,3999.9999999330603,-3515713.799680883,575593.2693259466,312.00419164542194,222,1:43:57
20.1%,1002500,4009.999999932824,-3519697.6725578196,574775.6580304096,311.5609999596628,222,1:43:54
20.1%,1005000,4019.9999999325873,-3519641.739870403,572645.3066975932,310.4062287332818,222,1:43:50
20.1%,1007500,4029.999999932351,-3518978.8709525,572879.6784612224,310.5332715194862,222,1:43:46
20.2%,1010000,4039.9999999321144,-3519790.583402546,575831.7777238355,312.1334767219676,222,1:43:42
20.2%,1012500,4049.999999931878,-3518257.3185194097,572780.7489333737,310.4796461054809,222,1:43:38
20.3%,1015000,4059.9999999316415,-3519042.7098191753,573103.2061723081,310.6544362142876,222,1:43:34
20.4%,1017500,4069.999999931405,-3518043.217101617,574384.0738388295,311.34873912259957,222,1:43:31
20.4%,1020000,4079.9999999311685,-3519601.3158075307,574866.8167639875,311.61041316252164,222,1:43:27
20.4%,1022500,4089.999999930932,-3519776.8420487083,575994.3388448566,312.2215940677742,222,1:43:23
20.5%,1025000,4099.999999930696,-3519452.2074813303,573636.7856016003,310.94366652219225,222,1:43:19
20.6%,1027500,4109.999999930459,-3518514.7388977725,574604.7388782881,311.4683520870481,222,1:43:15
20.6%,1030000,4119.999999930223,-3515496.5032277945,574804.1746983482,311.5764576107556,222,1:43:11
20.6%,1032500,4129.999999929986,-3519238.492820576,575678.7535472936,312.05052894087197,222,1:43:07
20.7%,1035000,4139.99999992975,-3518513.2611458283,575379.6152098537,311.88837899900005,222,1:43:03
20.8%,1037500,4149.999999929513,-3517310.452221157,576267.8426885356,312.3698486603946,222,1:42:59
20.8%,1040000,4159.999999929277,-3515907.4662499297,575760.2955866654,312.09472935014554,222,1:42:55
20.9%,1042500,4169.99999992904,-3518118.2443532255,575875.4345982578,312.15714122351716,222,1:42:52
20.9%,1045000,4179.999999928804,-3518761.2736572996,574538.7654150992,311.43259072889947,222,1:42:47
20.9%,1047500,4189.999999928567,-3516817.4639598783,573326.1157242848,310.7752658317986,222,1:42:44
21.0%,1050000,4199.999999928331,-3517509.3430658523,573383.8196166414,310.8065446136207,222,1:42:40
21.1%,1052500,4209.999999928094,-3518624.059329726,571148.4807251223,309.594864176984,222,1:42:36
21.1%,1055000,4219.999999927858,-3517357.924935732,572150.5620830302,310.13804909713286,222,1:42:32
21.1%,1057500,4229.9999999276215,-3516681.015288815,576917.5343584777,312.72201838700806,222,1:42:28
21.2%,1060000,4239.999999927385,-3514975.71751911,574925.2337725507,311.6420784937658,222,1:42:24
21.2%,1062500,4249.999999927149,-3520056.605709959,574975.416209287,311.669280220129,222,1:42:20
21.3%,1065000,4259.999999926912,-3517930.5149930734,573423.9109700001,310.8282764005669,222,1:42:16
21.4%,1067500,4269.999999926676,-3519632.191036314,575260.4162737699,311.8237664163314,222,1:42:12
21.4%,1070000,4279.999999926439,-3518460.7977937497,574165.3127672204,311.2301582166922,222,1:42:08
21.4%,1072500,4289.999999926203,-3519163.48354706,573440.7230422094,310.837389497052,222,1:42:05
21.5%,1075000,4299.999999925966,-3522471.8624069598,576255.5699104687,312.3631961187405,222,1:42:01
21.6%,1077500,4309.99999992573,-3519173.1798910946,573975.6022571132,311.12732436246387,222,1:41:57
21.6%,1080000,4319.999999925493,-3518265.4281055406,574577.5310076531,311.4536038783107,222,1:41:53
21.6%,1082500,4329.999999925257,-3520969.748435734,570538.9236438812,309.26444967332407,222,1:41:49
21.7%,1085000,4339.99999992502,-3520415.800432887,574629.4575151816,311.4817509899428,222,1:41:46
21.8%,1087500,4349.999999924784,-3521954.068689542,572860.9834587825,310.5231377680425,222,1:41:42
21.8%,1090000,4359.999999924547,-3518796.83840755,572766.7510076329,310.4720584359611,222,1:41:38
21.9%,1092500,4369.999999924311,-3517617.940498743,575468.3865288215,311.93649808775916,222,1:41:34
21.9%,1095000,4379.9999999240745,-3517231.957370326,575691.0596101191,312.0571995247527,222,1:41:30
21.9%,1097500,4389.999999923838,-3518859.1343878657,573723.6598908466,310.99075731326906,222,1:41:26
22.0%,1100000,4399.9999999236015,-3518654.764546454,574698.0415046478,311.51892740136657,222,1:41:22
22.1%,1102500,4409.999999923365,-3517363.320703516,574281.4886037114,311.29313210795317,222,1:41:18
22.1%,1105000,4419.999999923129,-3521063.691689009,574645.8215263308,311.4906212119255,222,1:41:14
22.1%,1107500,4429.999999922892,-3516450.416495824,574869.00429784,311.6115989299162,222,1:41:11
22.2%,1110000,4439.999999922656,-3516250.244786227,572655.925099343,310.41198450915874,222,1:41:07
22.2%,1112500,4449.999999922419,-3515703.901626479,574176.564146574,311.23625710232403,222,1:41:03
22.3%,1115000,4459.999999922183,-3521947.555682348,574659.7885703704,311.49819214181207,222,1:40:59
22.4%,1117500,4469.999999921946,-3514148.467420319,573604.5595122876,310.92619815436774,222,1:40:55
22.4%,1120000,4479.99999992171,-3514979.8715916686,572567.2890720968,310.36393875618467,222,1:40:51
22.4%,1122500,4489.999999921473,-3517830.257789772,574465.5616972332,311.3929101627161,222,1:40:47
22.5%,1125000,4499.999999921237,-3519836.0826347135,573764.5633827251,311.01292932534625,222,1:40:43
22.6%,1127500,4509.999999921,-3516416.659224687,575330.2257977296,311.861607136946,222,1:40:39
22.6%,1130000,4519.999999920764,-3519579.9336687643,574491.7456460136,311.40710334774565,222,1:40:35
22.6%,1132500,4529.999999920527,-3519085.4137702174,573671.2356915482,310.96234042447554,222,1:40:31
22.7%,1135000,4539.999999920291,-3518927.646563364,574046.5912113424,311.1658044011655,222,1:40:27
22.8%,1137500,4549.9999999200545,-3519424.3472164962,573233.6182288823,310.7251269441148,222,1:40:24
22.8%,1140000,4559.999999919818,-3518284.689444041,574218.4531811778,311.2589633344447,222,1:40:20
22.9%,1142500,4569.999999919582,-3518060.516489679,574074.5239408826,311.18094552453346,222,1:40:16
22.9%,1145000,4579.999999919345,-3518846.519225782,574071.452660444,311.1792807163752,222,1:40:12
22.9%,1147500,4589.999999919109,-3515876.2745355517,575606.4362271696,312.0113288525289,222,1:40:08
23.0%,1150000,4599.999999918872,-3519437.4904062264,573521.3890003125,310.88111502059877,222,1:40:04
23.1%,1152500,4609.999999918636,-3519128.597276902,573322.6188093636,310.7733703056148,222,1:40:00
23.1%,1155000,4619.999999918399,-3522015.067415314,575682.570025387,312.0525976884163,222,1:39:56
23.1%,1157500,4629.999999918163,-3518876.0601446647,573338.0856107133,310.7817541890089,222,1:39:52
23.2%,1160000,4639.999999917926,-3518767.689564489,573027.2452325724,310.6132610774995,222,1:39:48
23.2%,1162500,4649.99999991769,-3518381.4102099966,574733.4619858621,311.5381273107434,222,1:39:45
23.3%,1165000,4659.999999917453,-3519252.8483442385,574097.576166168,311.19344113784075,222,1:39:41
23.4%,1167500,4669.999999917217,-3519144.315860523,571060.1002582018,309.5469569521983,222,1:39:37
23.4%,1170000,4679.99999991698,-3522682.273913294,573999.9544467853,311.14052463018476,222,1:39:33
23.4%,1172500,4689.999999916744,-3522600.264381593,577247.3273921086,312.900784912525,222,1:39:29
23.5%,1175000,4699.9999999165075,-3517672.990064768,574474.3543591163,311.39767628405457,222,1:39:25
23.6%,1177500,4709.999999916271,-3518105.9681818746,574539.5411847663,311.43301124004995,222,1:39:21
23.6%,1180000,4719.9999999160345,-3518633.8970748093,573353.641017247,310.79018610143714,222,1:39:18
23.6%,1182500,4729.999999915798,-3516690.0942414943,574503.989714667,311.4137403272695,222,1:39:14
23.7%,1185000,4739.999999915562,-3516578.8677375335,573070.1447075577,310.63651502560504,222,1:39:10
23.8%,1187500,4749.999999915325,-3513993.4448113963,575337.9732640556,311.86580670302357,222,1:39:06
23.8%,1190000,4759.999999915089,-3517662.605222812,573862.8050037528,311.0661818548461,222,1:39:02
23.9%,1192500,4769.999999914852,-3519190.8944062013,571177.5800987097,309.61063768758146,222,1:38:58
23.9%,1195000,4779.999999914616,-3517016.713973291,574940.838437762,311.6505371071906,222,1:38:54
23.9%,1197500,4789.999999914379,-3518392.7779957205,573053.0759649446,310.6272627992062,222,1:38:50
24.0%,1200000,4799.999999914143,-3517140.7652145606,573930.058480979,311.10263705318755,222,1:38:47
24.1%,1202500,4809.999999913906,-3519665.058397647,574434.5697077902,311.3761107470019,222,1:38:43
24.1%,1205000,4819.99999991367,-3517220.1838786975,572378.3530053797,310.2615246941895,222,1:38:39
24.1%,1207500,4829.999999913433,-3515826.8377071153,574194.26030803,311.24584942531413,222,1:38:35
24.2%,1210000,4839.999999913197,-3522193.419032747,574545.2082155286,311.43608309207855,222,1:38:31
24.2%,1212500,4849.99999991296,-3518056.09085639,571174.8432218177,309.60915414510833,222,1:38:27
24.3%,1215000,4859.999999912724,-3517834.7212638836,573757.3362857777,311.00901182898,222,1:38:23
24.4%,1217500,4869.9999999124875,-3518397.09934612,576778.8509168786,312.6468440974591,222,1:38:19
24.4%,1220000,4879.999999912251,-3519094.024911795,574909.4659300877,311.6335314290174,222,1:38:15
24.4%,1222500,4889.999999912015,-3518359.3477197457,570969.2306287943,309.49770046019376,222,1:38:12
24.5%,1225000,4899.999999911778,-3519840.1292345542,573847.1581962034,311.0577003978843,222,1:38:08
24.6%,1227500,4909.999999911542,-3519985.871001737,574865.9200483914,311.60992709181926,222,1:38:04
24.6%,1230000,4919.999999911305,-3519628.463430349,573913.3576458995,311.09358425353463,222,1:38:00
24.6%,1232500,4929.999999911069,-3518617.7083336264,575265.6340446415,311.82659474402345,222,1:37:56
24.7%,1235000,4939.999999910832,-3519719.8397020884,572436.8995223354,310.2932602263263,222,1:37:52
24.8%,1237500,4949.999999910596,-3519364.9150620736,571014.6713461198,309.52233190575174,222,1:37:48
24.8%,1240000,4959.999999910359,-3516537.657315379,575737.600947895,312.08242756900665,222,1:37:44
24.9%,1242500,4969.999999910123,-3517518.701987006,575351.4795601995,311.87312788142344,222,1:37:40
24.9%,1245000,4979.999999909886,-3515188.7043686993,572806.1654228505,310.4934232840482,222,1:37:37
24.9%,1247500,4989.99999990965,-3517723.9217437375,574032.6511381321,311.1582480909978,222,1:37:33
25.0%,1250000,4999.999999909413,-3521441.1411682684,574500.544440297,311.4118727931928,222,1:37:29
25.1%,1252500,5009.999999909177,-3518365.072801126,572567.3300877241,310.3639609889805,222,1:37:25
25.1%,1255000,5019.9999999089405,-3517662.9653970394,574571.5823318403,311.45037935869374,222,1:37:21
25.1%,1257500,5029.999999908704,-3518416.630298471,572564.6698216624,310.3625189739216,222,1:37:17
25.2%,1260000,5039.9999999084675,-3520521.081633948,572522.9347153949,310.33989617968797,222,1:37:13
25.2%,1262500,5049.999999908231,-3518287.889957551,576377.5004777526,312.4292894004199,222,1:37:09
25.3%,1265000,5059.999999907995,-3523084.950450586,573780.1268050321,311.02136558277823,222,1:37:05
25.4%,1267500,5069.999999907758,-3519289.5343781225,571673.0316273207,309.87920051123086,222,1:37:01
25.4%,1270000,5079.999999907522,-3519879.379468972,575245.4371120677,311.8156468612784,222,1:36:58
25.4%,1272500,5089.999999907285,-3520068.929643834,575704.9181559725,312.0647116424698,222,1:36:54
25.5%,1275000,5099.999999907049,-3520928.682482157,573182.9889475368,310.6976830026346,222,1:36:50
25.6%,1277500,5109.999999906812,-3520099.522817647,574164.1351092642,311.2295198592995,222,1:36:46
25.6%,1280000,5119.999999906576,-3520021.0353118274,573125.8735284987,310.6667232067212,222,1:36:42
25.6%,1282500,5129.999999906339,-3519241.728902966,574438.7846332964,311.37839547563846,222,1:36:38
25.7%,1285000,5139.999999906103,-3515852.076025119,570660.9620206649,309.3306013938658,222,1:36:34
25.8%,1287500,5149.999999905866,-3517841.1651713625,574311.6373852356,311.3094744571602,222,1:36:30
25.8%,1290000,5159.99999990563,-3517164.3495487086,574101.5997760852,311.1956221625793,222,1:36:27
25.9%,1292500,5169.999999905393,-3517547.66609581,575405.6581861386,311.902495768943,222,1:36:23
25.9%,1295000,5179.999999905157,-3517142.486833129,574077.2421083413,311.18241892543284,222,1:36:19
25.9%,1297500,5189.9999999049205,-3520948.7117388863,573250.3971491944,310.7342220703917,222,1:36:15
26.0%,1300000,5199.999999904684,-3520892.9377311748,575081.7254638262,311.72690586447635,222,1:36:11
26.1%,1302500,5209.999999904448,-3521295.3156664763,573702.9679327286,310.9795410986081,222,1:36:07
26.1%,1305000,5219.999999904211,-3514907.9466194715,574276.9043344511,311.2906471740579,222,1:36:03
26.1%,1307500,5229.999999903975,-3516726.79711725,572235.384229884,310.1840275106639,222,1:35:59
26.2%,1310000,5239.999999903738,-3515490.66846784,574709.7348657146,311.5252658661501,222,1:35:55
26.2%,1312500,5249.999999903502,-3517939.866815787,573462.7485217361,310.84932855593536,222,1:35:51
26.3%,1315000,5259.999999903265,-3517859.0932315905,572106.2800248255,310.11404571052145,222,1:35:48
26.4%,1317500,5269.999999903029,-3520723.921524847,574686.6129274572,311.51273246445874,222,1:35:44
26.4%,1320000,5279.999999902792,-3521149.8750502784,574692.013510674,311.5156598868085,222,1:35:40
26.4%,1322500,5289.999999902556,-3518843.335152177,574180.6954459489,311.23849650085526,222,1:35:36
26.5%,1325000,5299.999999902319,-3519285.6754594203,573836.9070654088,311.05214370369157,222,1:35:32
26.6%,1327500,5309.999999902083,-3518968.6106104366,575349.0310996794,311.87180067697886,222,1:35:28
26.6%,1330000,5319.999999901846,-3520235.253494976,572744.8226307266,310.46017201220434,222,1:35:25
26.6%,1332500,5329.99999990161,-3519496.5758474804,574692.4087654152,311.5158741372916,222,1:35:21
26.7%,1335000,5339.9999999013735,-3516326.726898998,573004.7465354394,310.60106550783917,222,1:35:17
26.8%,1337500,5349.999999901137,-3519700.8176155426,573004.1447478805,310.6007393048572,222,1:35:13
26.8%,1340000,5359.999999900901,-3518392.0944447275,576164.8354983847,312.314012922193,222,1:35:09
26.9%,1342500,5369.999999900664,-3515011.9080332275,576503.1527041973,312.49740003240527,222,1:35:05
26.9%,1345000,5379.999999900428,-3518787.2922437545,574753.1880921721,311.54881997895467,222,1:35:01
26.9%,1347500,5389.999999900191,-3520711.436074458,571918.4961675312,310.01225621137087,222,1:34:57
27.0%,1350000,5399.999999899955,-3516269.8876359817,575540.0019903765,311.97531772895815,222,1:34:54
27.1%,1352500,5409.999999899718,-3520712.7634878345,574341.9096690885,311.3258837516328,222,1:34:50
27.1%,1355000,5419.999999899482,-3520141.035233319,575163.9228317239,311.77146149897214,222,1:34:46
27.1%,1357500,5429.999999899245,-3521438.883044392,574423.0569618981,311.3698701858851,222,1:34:42
27.2%,1360000,5439.999999899009,-3524583.2292126007,572183.8348584088,310.1560848281586,222,1:34:38
27.2%,1362500,5449.999999898772,-3520712.2338731866,572383.1021348289,310.2640989916558,222,1:34:34
27.3%,1365000,5459.999999898536,-3519518.1079245917,574284.42085586,311.2947215548944,222,1:34:30
27.4%,1367500,5469.999999898299,-3517702.2974410746,574152.549264464,311.22323967442924,222,1:34:26
27.4%,1370000,5479.999999898063,-3518395.056325726,574872.8485641183,311.6136827402326,222,1:34:22
27.4%,1372500,5489.9999998978265,-3520639.657909218,573930.5450455532,311.102900798778,222,1:34:18
27.5%,1375000,5499.99999989759,-3520595.1852493435,573659.3166031057,310.95587960265425,222,1:34:14
27.6%,1377500,5509.9999998973535,-3518139.252389267,575499.9051723538,311.9535829798542,222,1:34:10
27.6%,1380000,5519.999999897117,-3517961.69255667,574751.701626408,311.5480142302188,222,1:34:06
27.6%,1382500,5529.999999896881,-3521713.729941666,572389.9040159765,310.26778599694615,222,1:34:03
27.7%,1385000,5539.999999896644,-3520239.797613539,575472.3084844986,311.93862401013513,222,1:33:59
27.8%,1387500,5549.999999896408,-3518042.657402709,573867.7737694052,311.0688752075892,222,1:33:55
27.8%,1390000,5559.999999896171,-3517205.5124000963,573373.9987313154,310.8012211368695,222,1:33:51
27.9%,1392500,5569.999999895935,-3517509.9328463823,573076.7795622334,310.6401114930762,222,1:33:47
27.9%,1395000,5579.999999895698,-3518700.027357448,573837.0752085837,311.05223484682716,222,1:33:43
27.9%,1397500,5589.999999895462,-3520953.8924382664,573038.2685749738,310.6192363541722,222,1:33:39
28.0%,1400000,5599.999999895225,-3521546.3394915517,575305.3669561949,311.8481322351853,222,1:33:35
28.1%,1402500,5609.999999894989,-3519936.9115803726,572859.7795675878,310.52248519074686,222,1:33:31
28.1%,1405000,5619.999999894752,-3520946.5938664638,573394.9530316421,310.8125795558841,222,1:33:27
28.1%,1407500,5629.999999894516,-3520255.0172216073,574476.4222266583,311.3987971855231,222,1:33:24
28.2%,1410000,5639.999999894279,-3514756.102733558,573477.4472575511,310.8572961042556,222,1:33:20
28.2%,1412500,5649.999999894043,-3518543.225890167,572441.4764786526,310.2957411961917,222,1:33:16
28.3%,1415000,5659.9999998938065,-3520805.4402260743,574424.2696212106,311.3705275159977,222,1:33:12
28.4%,1417500,5669.99999989357,-3516890.3738819677,572532.4330220479,310.3450448005062,222,1:33:08
28.4%,1420000,5679.999999893334,-3517278.258640405,574381.3762963451,311.3472769016058,222,1:33:04
28.4%,1422500,5689.999999893097,-3521301.332335146,573560.2066342065,310.90215637936734,222,1:33:00
28.5%,1425000,5699.999999892861,-3522078.7539159283,574060.8430476908,311.1735297046329,222,1:32:56
28.6%,1427500,5709.999999892624,-3516410.727163285,574104.6322233111,311.1972659209341,222,1:32:52
28.6%,1430000,5719.999999892388,-3518227.723226046,575864.8183718673,312.15138662680835,222,1:32:48
28.6%,1432500,5729.999999892151,-3518532.406901248,572121.8383122005,310.1224791845291,222,1:32:45
28.7%,1435000,5739.999999891915,-3516494.7804018073,574407.593353734,311.36148803337863,222,1:32:41
28.8%,1437500,5749.999999891678,-3517839.1466336213,573816.9510378097,311.04132640510363,222,1:32:37
28.8%,1440000,5759.999999891442,-3519588.055037614,573208.9570214296,310.7117591712336,222,1:32:33
28.9%,1442500,5769.999999891205,-3520086.205064535,573681.9016760029,310.9681219928767,222,1:32:29
28.9%,1445000,5779.999999890969,-3516237.4920591824,574579.9944103361,311.4549391822549,222,1:32:25
28.9%,1447500,5789.999999890732,-3521122.01028434,574948.9868743911,311.65495402190993,222,1:32:21
29.0%,1450000,5799.999999890496,-3518122.919780731,572918.0052211306,310.5540467967189,222,1:32:17
29.1%,1452500,5809.9999998902595,-3521048.161326863,573327.155130168,310.775829248728,222,1:32:13
29.1%,1455000,5819.999999890023,-3519211.430403771,576094.6101887459,312.27594682216284,222,1:32:09
29.1%,1457500,5829.9999998897865,-3522095.3476489037,571978.5507264808,310.0448091877835,222,1:32:06
29.2%,1460000,5839.99999988955,-3519933.890291849,574112.8002895056,311.201693475991,222,1:32:02
29.2%,1462500,5849.999999889314,-3519619.821954161,574460.5897232237,311.3902150708615,222,1:31:58
29.3%,1465000,5859.999999889077,-3519695.649535734,576262.2595848751,312.36682230161443,222,1:31:54
29.4%,1467500,5869.999999888841,-3520378.519943567,574104.9610553005,311.1974441665192,222,1:31:50
29.4%,1470000,5879.999999888604,-3520744.3872129396,572491.1208600956,310.32265126607496,222,1:31:46
29.4%,1472500,5889.999999888368,-3520531.010632161,570888.7340203314,309.4540667337552,222,1:31:42
29.5%,1475000,5899.999999888131,-3518348.448073078,573256.1105323693,310.73731904805646,222,1:31:38
29.6%,1477500,5909.999999887895,-3518128.2698623,572687.663779293,310.4291886734696,222,1:31:35
29.6%,1480000,5919.999999887658,-3520573.784614194,573806.3718257556,311.03559187226404,222,1:31:31
29.6%,1482500,5929.999999887422,-3516764.7663720604,575716.851862201,312.07118038796006,222,1:31:27
29.7%,1485000,5939.999999887185,-3519817.244134767,572348.5265502731,310.2453570641787,222,1:31:23
29.8%,1487500,5949.999999886949,-3519174.842308251,572725.5404150933,310.4497199579111,222,1:31:19
29.8%,1490000,5959.999999886712,-3518525.8957699947,573720.9390999449,310.98928249031485,222,1:31:15
29.9%,1492500,5969.999999886476,-3519879.800717514,574084.0313836213,311.1860990976282,222,1:31:11
29.9%,1495000,5979.9999998862395,-3520983.13112239,573272.8445613326,310.74638984067667,222,1:31:07
29.9%,1497500,5989.999999886003,-3519366.6391236857,572962.640081293,310.57824142199746,222,1:31:04
30.0%,1500000,5999.999999885767,-3520237.343268091,572606.4791619852,310.38518200722274,222,1:31:00
30.1%,1502500,6009.99999988553,-3518404.4398826547,573121.5713794554,310.66439119798144,222,1:30:56
30.1%,1505000,6019.999999885294,-3519386.3613001946,573471.3312830995,310.8539808992896,222,1:30:52
30.1%,1507500,6029.999999885057,-3518312.6265481915,573767.0839780371,311.0142956309386,222,1:30:48
30.2%,1510000,6039.999999884821,-3520872.232468948,575388.9858513747,311.8934584180773,222,1:30:44
30.2%,1512500,6049.999999884584,-3516963.575935822,575109.9122937132,311.7421847246414,222,1:30:41
30.3%,1515000,6059.999999884348,-3520020.9657218195,575850.4433442377,312.14359454668084,222,1:30:37
30.4%,1517500,6069.999999884111,-3521415.7611104436,575054.5884991598,311.71219609079475,222,1:30:33
30.4%,1520000,6079.999999883875,-3520300.6477896404,573030.8160772638,310.615196677811,222,1:30:29
30.4%,1522500,6089.999999883638,-3521811.9856985975,573416.0251551496,310.82400184174384,222,1:30:25
30.5%,1525000,6099.999999883402,-3519741.726848403,571783.8119490128,309.9392497275121,222,1:30:21
30.6%,1527500,6109.999999883165,-3518700.765004568,572142.9242508607,310.133908958985,222,1:30:17
30.6%,1530000,6119.999999882929,-3515619.526729418,573040.687233549,310.6205474042727,222,1:30:14
30.6%,1532500,6129.9999998826925,-3522159.5757806264,573413.3099123253,310.82253002616216,222,1:30:10
30.7%,1535000,6139.999999882456,-3520761.537435541,575175.5163266863,311.77774583066406,222,1:30:06
30.8%,1537500,6149.9999998822195,-3518652.112147782,574210.7119798353,311.25476716434343,222,1:30:02
30.8%,1540000,6159.999999881983,-3517103.741125077,573097.8085197898,310.65151038054273,222,1:29:58
30.9%,1542500,6169.999999881747,-3517582.1336023547,572474.9950567031,310.3139101662042,222,1:29:54
30.9%,1545000,6179.99999988151,-3518922.677422937,575497.1342680318,311.95208099258434,222,1:29:50
30.9%,1547500,6189.999999881274,-3517431.5397433527,574754.7682977531,311.5496765399869,222,1:29:46
31.0%,1550000,6199.999999881037,-3521014.8233580217,573101.5399627743,310.65353303423603,222,1:29:42
31.1%,1552500,6209.999999880801,-3520631.5867835004,573325.2887193478,310.7748175482265,222,1:29:38
31.1%,1555000,6219.999999880564,-3518862.0421110056,572427.7080524082,310.28827792841304,222,1:29:34
31.1%,1557500,6229.999999880328,-3520166.2511117384,572541.5714401155,310.3499983413032,222,1:29:30
31.2%,1560000,6239.999999880091,-3514560.4351938404,572116.2999921127,310.11947710098474,222,1:29:26
31.2%,1562500,6249.999999879855,-3518791.144927144,575903.5617504368,312.17238773498036,222,1:29:23
31.3%,1565000,6259.999999879618,-3521918.4169130735,574093.1141936578,311.191022495719,222,1:29:19
31.4%,1567500,6269.999999879382,-3519895.428850496,574195.0840947715,311.24629596444186,222,1:29:15
31.4%,1570000,6279.999999879145,-3521686.7026578505,575268.3660858674,311.82807566529135,222,1:29:11
31.4%,1572500,6289.999999878909,-3520670.8939549644,572645.6433748258,310.4064112314336,222,1:29:07
31.5%,1575000,6299.9999998786725,-3520822.644299658,574011.2459349985,311.14664525709304,222,1:29:03
31.6%,1577500,6309.999999878436,-3523805.0041490216,575703.7443210332,312.06407535736906,222,1:28:59
31.6%,1580000,6319.9999998782,-3520552.2277319245,572102.9589031226,310.1122454742305,222,1:28:55
31.6%,1582500,6329.999999877963,-3520357.326710446,573906.8729994536,311.0900692074416,222,1:28:51
31.7%,1585000,6339.999999877727,-3517382.700854523,572602.5210916782,310.3830365086695,222,1:28:47
31.8%,1587500,6349.99999987749,-3518243.14252083,574878.2422956552,311.6166064485833,222,1:28:43
31.8%,1590000,6359.999999877254,-3517632.852903269,572505.4372196891,310.3304115448001,222,1:28:39
31.9%,1592500,6369.999999877017,-3520076.7196788955,575420.6151761367,311.9106033056751,222,1:28:36
31.9%,1595000,6379.999999876781,-3519878.086806858,573182.8105047016,310.6975862764991,222,1:28:32
31.9%,1597500,6389.999999876544,-3521263.0043391436,574360.695738348,311.3360668664568,222,1:28:28
32.0%,1600000,6399.999999876308,-3520718.5109132547,573179.5459506973,310.6958167031085,222,1:28:24
32.0%,1602500,6409.999999876071,-3519091.1177502703,573691.1962980246,310.9731602050746,222,1:28:20
32.1%,1605000,6419.999999875835,-3520153.5030338634,573005.3659962008,310.6014012906991,222,1:28:16
32.1%,1607500,6429.999999875598,-3519073.4879988004,574317.1600606935,311.312468060428,222,1:28:12
32.2%,1610000,6439.999999875362,-3519350.6689146385,573053.2438514017,310.62735380318617,222,1:28:08
32.2%,1612500,6449.9999998751255,-3521732.8005733937,572002.3612191204,310.0577158249952,222,1:28:04
32.3%,1615000,6459.999999874889,-3515289.242374746,575754.3626597096,312.0915133673022,222,1:28:00
32.4%,1617500,6469.9999998746525,-3519579.725769477,575511.2550778852,311.9597352722615,222,1:27:56
32.4%,1620000,6479.999999874416,-3519785.4015731607,574431.3549944528,311.37436819007905,222,1:27:53
32.5%,1622500,6489.99999987418,-3520664.955000745,574473.0939740436,311.3969930838736,222,1:27:49
32.5%,1625000,6499.999999873943,-3518104.2162219584,575135.5128259208,311.7560616648052,222,1:27:45
32.5%,1627500,6509.999999873707,-3516335.103800956,571260.2439210055,309.6554461668118,222,1:27:41
32.6%,1630000,6519.99999987347,-3518728.8779478855,574395.472775143,311.3549179924711,222,1:27:37
32.6%,1632500,6529.999999873234,-3519696.6283593494,573321.8331472825,310.77294443221496,222,1:27:33
32.7%,1635000,6539.999999872997,-3521912.6826365665,575313.4562130834,311.8525170711294,222,1:27:29
32.8%,1637500,6549.999999872761,-3520787.085182529,572281.7901641091,310.2091821585151,222,1:27:25
32.8%,1640000,6559.999999872524,-3518804.604096502,572901.5469247454,310.54512546679183,222,1:27:21
32.9%,1642500,6569.999999872288,-3518171.8089977615,574462.2674398252,311.3911244883963,222,1:27:18
32.9%,1645000,6579.999999872051,-3520051.427814927,574174.0904743158,311.23491623168775,222,1:27:14
33.0%,1647500,6589.999999871815,-3517148.2493606694,574473.6452758976,311.39729192074066,222,1:27:10
33.0%,1650000,6599.999999871578,-3520008.8345812783,575504.2899431319,311.95595977425927,222,1:27:06
33.0%,1652500,6609.999999871342,-3519444.316812614,574577.164068385,311.4534049764197,222,1:27:02
33.1%,1655000,6619.9999998711055,-3516549.7437574714,576470.829016539,312.479878760743,222,1:26:58
33.1%,1657500,6629.999999870869,-3521872.6351943184,575769.0342778153,312.0994662162862,222,1:26:54
33.2%,1660000,6639.999999870633,-3521854.203061154,574021.094833324,311.1519839184784,222,1:26:50
33.2%,1662500,6649.999999870396,-3521213.896220496,572787.5479122251,310.4833315375622,222,1:26:47
33.3%,1665000,6659.99999987016,-3520066.0546381567,574009.0471693084,311.14545340140546,222,1:26:43
33.4%,1667500,6669.999999869923,-3522238.9750884008,575062.5781779169,311.71652694974495,222,1:26:39
33.4%,1670000,6679.999999869687,-3516454.786988776,573840.7766159019,311.0542412194861,222,1:26:35
33.5%,1672500,6689.99999986945,-3518283.3154506944,573846.3273388484,311.0572500260831,222,1:26:31
33.5%,1675000,6699.999999869214,-3517437.5654160436,576455.3450003269,312.4714855459173,222,1:26:27
33.5%,1677500,6709.999999868977,-3521850.1498236116,573579.6755920055,310.91270965850384,222,1:26:23
33.6%,1680000,6719.999999868741,-3521179.407598287,574049.0204789769,311.16712120197775,222,1:26:19
33.6%,1682500,6729.999999868504,-3514590.3747171275,572286.1163521572,310.21152719775864,222,1:26:15
33.7%,1685000,6739.999999868268,-3518687.204208253,575247.484685146,311.8167567619968,222,1:26:11
33.8%,1687500,6749.999999868031,-3524446.5001685023,573063.493469826,310.6329096775884,222,1:26:08
33.8%,1690000,6759.999999867795,-3517931.7449742015,575007.5413351401,311.6866938600332,222,1:26:04
33.9%,1692500,6769.9999998675585,-3515364.145070087,574786.6568700678,311.56696195445926,222,1:26:00
33.9%,1695000,6779.999999867322,-3520937.1328398325,573671.8289582826,310.96266200868746,222,1:25:56
34.0%,1697500,6789.9999998670855,-3518705.5944899097,574169.588879517,311.23247611203874,222,1:25:52
34.0%,1700000,6799.999999866849,-3518272.7940269746,575613.6937909771,312.015262863661,222,1:25:48
34.0%,1702500,6809.999999866613,-3521055.8509720154,573748.7409276464,311.0043526574633,221,1:25:45
34.1%,1705000,6819.999999866376,-3518608.2802134864,573705.8554307118,310.9811062862538,221,1:25:41
34.1%,1707500,6829.99999986614,-3520820.4889740217,573631.1838412145,310.94063005040897,221,1:25:37
34.2%,1710000,6839.999999865903,-3519442.464844292,575759.5757065412,312.0943391342966,222,1:25:33
34.2%,1712500,6849.999999865667,-3519660.992320217,574989.1920021278,311.6767474810207,222,1:25:29
34.3%,1715000,6859.99999986543,-3520279.3245728463,575065.9026345111,311.71832899373607,221,1:25:25
34.4%,1717500,6869.999999865194,-3521723.6389797144,574402.8053417379,311.35889265936714,221,1:25:21
34.4%,1720000,6879.999999864957,-3518760.8351940215,574216.6958861009,311.2580107808636,221,1:25:17
34.5%,1722500,6889.999999864721,-3521796.11559313,572885.8944412132,310.53664093312545,221,1:25:13
34.5%,1725000,6899.999999864484,-3517580.484479729,574770.2636692846,311.5580759100397,221,1:25:10
34.5%,1727500,6909.999999864248,-3520325.2025248185,574693.2973769531,311.5163558151349,221,1:25:06
34.6%,1730000,6919.999999864011,-3518780.425761601,575838.523601828,312.1371333703722,221,1:25:02
34.6%,1732500,6929.999999863775,-3519501.410394218,574377.0690421069,311.344942125561,221,1:24:58
34.7%,1735000,6939.9999998635385,-3517742.802592462,574298.2820914944,311.3022351306254,222,1:24:54
34.8%,1737500,6949.999999863302,-3518872.9064323734,575298.6454423277,311.8444887935182,222,1:24:50
34.8%,1740000,6959.999999863066,-3519439.6579282377,574675.8867713332,311.5069182796007,221,1:24:46
34.9%,1742500,6969.999999862829,-3523158.181228142,573733.2964425711,310.9959808707554,221,1:24:42
34.9%,1745000,6979.999999862593,-3517006.6791180205,574508.7014646397,311.41629436293994,221,1:24:38
35.0%,1747500,6989.999999862356,-3521402.8645075336,573460.804981896,310.8482750471314,221,1:24:35
35.0%,1750000,6999.99999986212,-3518394.899497537,574606.4644772757,311.4692874595514,221,1:24:31
35.0%,1752500,7009.999999861883,-3519586.3407918606,574345.0599263499,311.32759136970736,221,1:24:27
35.1%,1755000,7019.999999861647,-3517708.451927904,574101.3062473696,311.19546305337053,221,1:24:23
35.1%,1757500,7029.99999986141,-3519488.781245066,572294.7529503749,310.21620872374075,221,1:24:19
35.2%,1760000,7039.999999861174,-3519116.743342256,573765.0801637787,311.01320944998196,221,1:24:15
35.2%,1762500,7049.999999860937,-3517013.884212369,575399.2165848896,311.89900405578777,221,1:24:11
35.3%,1765000,7059.999999860701,-3519846.422843907,574797.471169452,311.5728239179626,221,1:24:07
35.4%,1767500,7069.999999860464,-3521334.0202440694,574639.9340201304,311.48742984970715,221,1:24:04
35.4%,1770000,7079.999999860228,-3517647.5935074743,576243.9547557022,312.35690004620653,221,1:24:00
35.5%,1772500,7089.9999998599915,-3521924.793689931,575334.398157275,311.86386879241803,221,1:23:56
35.5%,1775000,7099.999999859755,-3516500.9159283955,573196.3007723856,310.7048987665648,221,1:23:52
35.5%,1777500,7109.9999998595185,-3519841.9280548897,573291.7349970469,310.7566295280375,221,1:23:48
35.6%,1780000,7119.999999859282,-3517892.3553055488,573953.374613056,311.11527571894106,221,1:23:44
35.6%,1782500,7129.999999859046,-3517282.4365122356,572144.991561335,310.13502955849134,221,1:23:40
35.7%,1785000,7139.999999858809,-3519210.519571433,571754.7826798277,309.92351421747605,221,1:23:36
35.8%,1787500,7149.999999858573,-3519202.183364844,575404.5495046484,311.9018948007063,221,1:23:32
35.8%,1790000,7159.999999858336,-3519212.151672598,572701.6985854312,310.4367963342562,221,1:23:29
35.9%,1792500,7169.9999998581,-3517457.1257686242,572057.7414767637,310.0877350650384,221,1:23:25
35.9%,1795000,7179.999999857863,-3519004.9714424387,572945.2234522102,310.5688006214049,221,1:23:21
36.0%,1797500,7189.999999857627,-3522324.094166776,573926.4873766273,311.10070131212535,221,1:23:17
36.0%,1800000,7199.99999985739,-3520860.422126334,572332.4437464348,310.2366392725046,221,1:23:13
36.0%,1802500,7209.999999857154,-3522850.5017912574,573386.1534721446,310.8078096956474,221,1:23:09
36.1%,1805000,7219.999999856917,-3518748.7824183665,574506.3047771462,311.41499522241156,221,1:23:05
36.1%,1807500,7229.999999856681,-3520509.9745016675,575647.0447132761,312.033340954749,221,1:23:01
36.2%,1810000,7239.999999856444,-3518495.7105829883,574429.7629819182,311.3735052290084,221,1:22:57
36.2%,1812500,7249.999999856208,-3517717.1519071516,572574.9192639304,310.3680747528372,221,1:22:53
36.3%,1815000,7259.9999998559715,-3518185.181381546,572026.6533282867,310.0708835256751,221,1:22:49
36.4%,1817500,7269.999999855735,-3520785.3084833156,574269.6608172996,311.2867207770099,221,1:22:46
36.4%,1820000,7279.999999855499,-3521383.5261090323,575567.3908707476,311.9901640552369,221,1:22:42
36.5%,1822500,7289.999999855262,-3521460.910380833,573628.0520549398,310.93893244465653,221,1:22:38
36.5%,1825000,7299.999999855026,-3518047.433450721,573627.6557732953,310.9387176375336,221,1:22:34
36.5%,1827500,7309.999999854789,-3518294.897241639,574871.6311933823,311.6130228562613,221,1:22:30
36.6%,1830000,7319.999999854553,-3518953.305836102,575734.1763937755,312.0805712664807,221,1:22:26
36.6%,1832500,7329.999999854316,-3517975.455998456,574063.8058651199,311.1751357196894,221,1:22:22
36.7%,1835000,7339.99999985408,-3517122.820417704,572205.8064825137,310.1679946943494,221,1:22:18
36.8%,1837500,7349.999999853843,-3520798.136632748,573516.8547994378,310.8786572266077,221,1:22:14
36.8%,1840000,7359.999999853607,-3522294.405005133,574553.4407580916,311.4405455969834,221,1:22:10
36.9%,1842500,7369.99999985337,-3523379.6536255535,575065.458227273,311.7180880998124,221,1:22:06
36.9%,1845000,7379.999999853134,-3520860.9914918523,572485.2363769724,310.31946154253586,221,1:22:02
37.0%,1847500,7389.999999852897,-3518809.6964254323,576167.1359100667,312.31525987577214,221,1:21:59
37.0%,1850000,7399.999999852661,-3522039.48584445,575516.2638556907,311.9624503138605,221,1:21:55
37.0%,1852500,7409.9999998524245,-3519302.2892686427,573471.26979669,310.85394757016894,221,1:21:51
37.1%,1855000,7419.999999852188,-3518922.0824678354,573208.8559017242,310.7117043586192,221,1:21:47
37.1%,1857500,7429.9999998519515,-3520304.249340916,573991.4502359909,311.1359148656933,221,1:21:43
37.2%,1860000,7439.999999851715,-3519463.9736921284,574412.7818867913,311.3643005125174,221,1:21:39
37.2%,1862500,7449.999999851479,-3520043.2462277114,574665.4566294049,311.5012645512225,221,1:21:35
37.3%,1865000,7459.999999851242,-3518141.005369041,574074.7981928992,311.1810941846782,221,1:21:31
37.4%,1867500,7469.999999851006,-3518110.505399216,574872.5841080644,311.61353939005517,221,1:21:27
37.4%,1870000,7479.999999850769,-3519274.9091552347,574088.7753141521,311.1886705769858,221,1:21:23
37.5%,1872500,7489.999999850533,-3518750.892431544,574474.8382745854,311.39793859367984,221,1:21:20
37.5%,1875000,7499.999999850296,-3521518.7354261875,572108.6278843951,310.1153183835462,221,1:21:16
37.5%,1877500,7509.99999985006,-3519552.25381439,573073.9244005688,310.6385638335488,221,1:21:12
37.6%,1880000,7519.999999849823,-3522996.1476042196,576350.9525395863,312.41489891250274,221,1:21:08
37.6%,1882500,7529.999999849587,-3520259.9911111575,574521.4475113694,311.4232034430465,221,1:21:04
37.7%,1885000,7539.99999984935,-3518462.931889165,575310.5914299367,311.8509641962131,221,1:21:00
37.8%,1887500,7549.999999849114,-3525710.7807237674,574807.1987412482,311.5780968134892,221,1:20:56
37.8%,1890000,7559.999999848877,-3520335.484164316,573296.7920478447,310.7593707363357,221,1:20:52
37.9%,1892500,7569.999999848641,-3519910.35389011,573422.5976008794,310.82756448002743,221,1:20:48
37.9%,1895000,7579.9999998484045,-3518309.8222247493,571980.8927202902,310.04607868123367,221,1:20:45
38.0%,1897500,7589.999999848168,-3518078.5460107327,573513.8688647657,310.8770386806946,221,1:20:41
38.0%,1900000,7599.999999847932,-3523277.0653527323,573181.1482756081,310.69668525407184,221,1:20:37
38.0%,1902500,7609.999999847695,-3517817.8850455265,572663.1172426554,310.4158830586728,221,1:20:33
38.1%,1905000,7619.999999847459,-3520226.008138867,576179.6891575663,312.3220644477631,221,1:20:29
38.1%,1907500,7629.999999847222,-3524397.309999669,572521.9860088483,310.3393819269423,221,1:20:25
38.2%,1910000,7639.999999846986,-3515380.2484029364,573247.2005448672,310.7324893295793,221,1:20:21
38.2%,1912500,7649.999999846749,-3520302.9500636905,573878.4160841238,311.0746439456512,221,1:20:17
38.3%,1915000,7659.999999846513,-3518925.927990824,573826.5734245902,311.046542284387,221,1:20:13
38.4%,1917500,7669.999999846276,-3516329.14646999,574721.9676812491,311.53189674584553,221,1:20:09
38.4%,1920000,7679.99999984604,-3523342.236140888,571037.2920218913,309.5345935947511,221,1:20:05
38.5%,1922500,7689.999999845803,-3518283.1206527147,570247.3261120451,309.10638727569926,221,1:20:02
38.5%,1925000,7699.999999845567,-3519468.044106474,572193.3232326561,310.1612280650497,221,1:19:58
38.5%,1927500,7709.99999984533,-3518315.784041593,575283.9915324601,311.83654554340336,221,1:19:54
38.6%,1930000,7719.999999845094,-3517446.8547850046,573960.4481315296,311.11910996706564,221,1:19:50
38.6%,1932500,7729.9999998448575,-3514832.175881192,573706.1977912438,310.9812918650761,221,1:19:46
38.7%,1935000,7739.999999844621,-3523229.0748706236,572207.899239962,310.16912908755853,221,1:19:42
38.8%,1937500,7749.999999844385,-3521019.1933783554,572945.2077796175,310.5687921259709,221,1:19:38
38.8%,1940000,7759.999999844148,-3521963.2029313315,572108.1199298734,310.1150430433913,221,1:19:34
38.9%,1942500,7769.999999843912,-3519217.0336769205,574721.4388819652,311.53161010664746,221,1:19:30
38.9%,1945000,7779.999999843675,-3520543.2512466162,574982.4095377852,311.67307100073964,221,1:19:26
39.0%,1947500,7789.999999843439,-3518452.31762759,575193.4252033207,311.7874534573431,221,1:19:22
39.0%,1950000,7799.999999843202,-3517480.3407861833,574262.1089838766,311.28262725505937,221,1:19:19
39.0%,1952500,7809.999999842966,-3518034.1333240382,572367.060173756,310.25540333907657,221,1:19:15
39.1%,1955000,7819.999999842729,-3519452.7434713524,574374.9705607912,311.3438046296911,221,1:19:11
39.1%,1957500,7829.999999842493,-3521276.9032637533,575245.7283837203,311.815804747031,221,1:19:07
39.2%,1960000,7839.999999842256,-3519501.9867083635,574811.7063629885,311.58054020008217,221,1:19:03
39.2%,1962500,7849.99999984202,-3520352.128598558,574510.1681111415,311.41708936851177,221,1:18:59
39.3%,1965000,7859.999999841783,-3517329.549186876,574860.58533188,311.60703537295893,221,1:18:55
39.4%,1967500,7869.999999841547,-3518639.201386379,576130.5555868231,312.2954312662453,221,1:18:51
39.4%,1970000,7879.9999998413105,-3519357.1470163707,573528.1983917162,310.88480609687383,221,1:18:47
39.5%,1972500,7889.999999841074,-3521383.2888055537,572602.3803152102,310.38296019984097,221,1:18:43
39.5%,1975000,7899.9999998408375,-3521424.4876297936,573452.4189233172,310.8437293278407,221,1:18:39
39.5%,1977500,7909.999999840601,-3522292.617837129,573861.3749821814,311.06540670206334,221,1:18:36
39.6%,1980000,7919.999999840365,-3518433.693398215,571760.035373096,309.9263614750874,221,1:18:32
39.6%,1982500,7929.999999840128,-3518088.25747977,573666.4702495359,310.959757284675,221,1:18:28
39.7%,1985000,7939.999999839892,-3517916.193454759,574634.6982394397,311.4845917596719,221,1:18:24
39.8%,1987500,7949.999999839655,-3520192.576683335,573165.9985974033,310.6884732694051,221,1:18:20
39.8%,1990000,7959.999999839419,-3517648.946441047,574055.331859427,311.1705423280757,221,1:18:16
39.9%,1992500,7969.999999839182,-3522145.4704931304,574998.7317237512,311.6819185511013,221,1:18:12
39.9%,1995000,7979.999999838946,-3522977.037196502,574047.9232519967,311.166526442735,221,1:18:08
40.0%,1997500,7989.999999838709,-3521784.136814434,573319.816757781,310.7718514347635,221,1:18:04
40.0%,2000000,7999.999999838473,-3521358.708888227,572701.8103111165,310.43685689591314,221,1:18:01
40.0%,2002500,8009.999999838236,-3519793.489417633,574755.4144898416,311.5500268127419,221,1:17:57
40.1%,2005000,8019.999999838,-3520813.0518205725,575592.2294552193,312.0036279765207,221,1:17:53
40.1%,2007500,8029.999999837763,-3518099.6569930986,573857.4543418038,311.0632814926543,221,1:17:49
40.2%,2010000,8039.999999837527,-3524351.589267373,572054.8687318866,310.0861778744127,221,1:17:45
40.2%,2012500,8049.9999998372905,-3517952.3031409327,575747.6008005639,312.08784805620627,221,1:17:41
40.3%,2015000,8059.999999837054,-3520507.007912524,576064.3744911472,312.2595573595147,221,1:17:37
40.4%,2017500,8069.999999836818,-3519654.518514596,574815.21081809,311.5824398134714,221,1:17:33
40.4%,2020000,8079.999999836581,-3516445.187236225,574267.2768936243,311.2854285551948,221,1:17:29
40.5%,2022500,8089.999999836345,-3518429.477379473,574930.7991815255,311.64509526102296,221,1:17:25
40.5%,2025000,8099.999999836108,-3518828.582948759,574300.4443459819,311.30340719517073,221,1:17:22
40.5%,2027500,8109.999999835872,-3516182.0897891484,571234.6329423804,309.6415635640974,221,1:17:18
40.6%,2030000,8119.999999835635,-3518674.6722824555,575414.4352104894,311.90725341385235,221,1:17:14
40.6%,2032500,8129.999999835399,-3519298.439631518,573653.5079415205,310.9527309786883,221,1:17:10
40.7%,2035000,8139.999999835162,-3516830.0062601212,575281.8413228258,311.8353800078514,221,1:17:06
40.8%,2037500,8149.999999834926,-3522966.317165334,573143.1859457064,310.6761075185681,221,1:17:02
40.8%,2040000,8159.999999834689,-3516536.7178774513,573347.5400534577,310.7868790331013,221,1:16:58
40.9%,2042500,8169.999999834453,-3521612.192949634,576861.1872185414,312.6914750419339,221,1:16:54
40.9%,2045000,8179.999999834216,-3519249.180618288,575316.6131331268,311.8542283008096,221,1:16:50
41.0%,2047500,8189.99999983398,-3519671.4790954757,573142.6410156314,310.6758121355665,221,1:16:46
41.0%,2050000,8199.999999835562,-3516004.357814731,572587.3410857785,310.3748080846724,221,1:16:43
41.0%,2052500,8209.999999837599,-3517330.2013648544,574243.1692792126,311.27236086113396,221,1:16:39
41.1%,2055000,8219.999999839636,-3520133.1746042576,573216.2151961976,310.71569351354094,221,1:16:35
41.1%,2057500,8229.999999841673,-3519034.787155429,573032.5105280648,310.6161151662309,221,1:16:31
41.2%,2060000,8239.99999984371,-3519966.3771303073,574711.3407877178,311.5261363669415,221,1:16:27
41.2%,2062500,8249.999999845748,-3522367.6044115108,572882.7020863583,310.534910495768,221,1:16:23
41.3%,2065000,8259.999999847785,-3522891.0501605924,573282.6572053364,310.7517088501638,221,1:16:19
41.4%,2067500,8269.999999849822,-3518687.719193803,572003.6318482838,310.0584045780543,221,1:16:15
41.4%,2070000,8279.99999985186,-3519728.077319991,574971.8687389441,311.6673572900398,221,1:16:11
41.5%,2072500,8289.999999853897,-3523438.736324277,572312.7286918686,310.22595259496524,221,1:16:07
41.5%,2075000,8299.999999855934,-3521207.360204812,573643.0574744988,310.94706623295684,221,1:16:04
41.5%,2077500,8309.999999857971,-3520329.0531471614,573271.2569044792,310.74552924063227,221,1:16:00
41.6%,2080000,8319.999999860009,-3519802.1371396054,573993.1787128131,311.1368517981461,221,1:15:56
41.6%,2082500,8329.999999862046,-3517962.849346442,573839.5419831991,311.0535719785499,221,1:15:52
41.7%,2085000,8339.999999864083,-3519140.3723579943,573046.9555459123,310.6239451850254,221,1:15:48
41.8%,2087500,8349.99999986612,-3518065.132073734,574882.0124323166,311.6186500764436,221,1:15:44
41.8%,2090000,8359.999999868158,-3518908.9044506047,572891.6047499127,310.53973624425015,221,1:15:40
41.9%,2092500,8369.999999870195,-3516469.463942228,572793.6841812886,310.48665774335865,221,1:15:36
41.9%,2095000,8379.999999872232,-3520893.6942259204,574388.2126463931,311.3509825909949,221,1:15:33
42.0%,2097500,8389.99999987427,-3519787.1617971864,572942.0739767929,310.56709342713407,221,1:15:29
42.0%,2100000,8399.999999876307,-3516608.1744114123,573389.3116139704,310.809521587603,221,1:15:25
42.0%,2102500,8409.999999878344,-3520354.316482367,574430.3246420707,311.3738096806607,221,1:15:21
42.1%,2105000,8419.999999880381,-3520010.4445134345,573291.5188540027,310.75651236625083,221,1:15:17
42.1%,2107500,8429.999999882419,-3519674.692200007,575234.0080700458,311.80945167240577,221,1:15:13
42.2%,2110000,8439.999999884456,-3520819.158768514,574335.5441895146,311.3224333007419,221,1:15:09
42.2%,2112500,8449.999999886493,-3521936.739183888,573597.8591997882,310.92256620504423,221,1:15:05
42.3%,2115000,8459.99999988853,-3520086.9394684955,572269.6744892355,310.20261477570057,221,1:15:01
42.4%,2117500,8469.999999890568,-3519899.8050623517,571573.67949419,309.82534602119836,221,1:14:58
42.4%,2120000,8479.999999892605,-3521019.392904993,574961.787582736,311.6618927317116,221,1:14:54
42.5%,2122500,8489.999999894642,-3519463.0203961246,573964.7960804594,311.121466801941,221,1:14:50
42.5%,2125000,8499.99999989668,-3515910.549935339,574421.9140227495,311.3692506480549,221,1:14:46
42.5%,2127500,8509.999999898717,-3521080.4408398084,575941.4908254105,312.1929474444274,221,1:14:42
42.6%,2130000,8519.999999900754,-3518623.8247614,573200.7452088733,310.707307903168,221,1:14:38
42.6%,2132500,8529.999999902791,-3519286.6845160592,574520.2560587755,311.4225576081779,221,1:14:34
42.7%,2135000,8539.999999904829,-3518913.579849839,572479.2173426026,310.31619888459124,221,1:14:30
42.8%,2137500,8549.999999906866,-3518304.376043858,573351.2623146817,310.78889670975974,221,1:14:26
42.8%,2140000,8559.999999908903,-3518580.741557773,575707.766379908,312.0662555413546,221,1:14:22
42.9%,2142500,8569.99999991094,-3517886.993313879,574816.8992119755,311.5833550186996,221,1:14:18
42.9%,2145000,8579.999999912978,-3518600.6766477246,575047.8268181098,311.70853087623686,221,1:14:15
43.0%,2147500,8589.999999915015,-3517262.56965062,573249.7131913621,310.733851326462,221,1:14:11
43.0%,2150000,8599.999999917052,-3520900.663114965,574687.6272070277,311.5132822615019,221,1:14:07
43.0%,2152500,8609.99999991909,-3517491.891628884,575559.2941289048,311.9857751620231,221,1:14:03
43.1%,2155000,8619.999999921127,-3520243.3772380706,574305.3201737199,311.30605017029404,221,1:13:59
43.1%,2157500,8629.999999923164,-3517232.436089674,574075.9272350103,311.18170618952604,221,1:13:55
43.2%,2160000,8639.999999925201,-3518187.1718101297,573963.9915861608,311.1210307204114,221,1:13:51
43.2%,2162500,8649.999999927239,-3517521.044026805,569908.243669614,308.9225853638462,221,1:13:47
43.3%,2165000,8659.999999929276,-3521710.4293934107,574379.9479437796,311.346502653519,221,1:13:43
43.4%,2167500,8669.999999931313,-3519733.4189572837,573318.2720788852,310.7710141312092,221,1:13:40
43.4%,2170000,8679.99999993335,-3519894.2624382135,574494.4224341619,311.4085543187123,221,1:13:36
43.5%,2172500,8689.999999935388,-3519774.018798819,571256.2164282337,309.65326303734594,221,1:13:32
43.5%,2175000,8699.999999937425,-3520167.2653518952,573452.0111633248,310.8435082988023,221,1:13:28
43.5%,2177500,8709.999999939462,-3517293.9982352816,572753.1634073944,310.4646931861315,221,1:13:24
43.6%,2180000,8719.9999999415,-3517133.748741025,574655.8985927012,311.49608355332975,221,1:13:20
43.6%,2182500,8729.999999943537,-3516188.5123629365,574186.3381221651,311.24155515133884,221,1:13:16
43.7%,2185000,8739.999999945574,-3519952.489551218,571664.1041474633,309.8743613109053,221,1:13:12
43.8%,2187500,8749.999999947611,-3518253.398195561,575146.2015258893,311.76185554630297,221,1:13:08
43.8%,2190000,8759.999999949649,-3518891.7841733713,574220.9302526424,311.2603060476436,221,1:13:04
43.9%,2192500,8769.999999951686,-3522956.620408032,573053.2898983762,310.6273787632575,221,1:13:01
43.9%,2195000,8779.999999953723,-3520839.4114649296,573087.8243118756,310.6460983736874,221,1:12:57
44.0%,2197500,8789.99999995576,-3520831.1801742613,574222.4916450946,311.26115241089326,221,1:12:53
44.0%,2200000,8799.999999957798,-3522140.250023052,574520.955798957,311.4229369070359,221,1:12:49
44.0%,2202500,8809.999999959835,-3519250.2138864156,573307.9947623282,310.7654432428484,221,1:12:45
44.1%,2205000,8819.999999961872,-3518546.6539301574,573928.3843736341,311.10172959207443,221,1:12:41
44.1%,2207500,8829.99999996391,-3518986.427454885,574252.6501027495,311.27750000511185,221,1:12:37
44.2%,2210000,8839.999999965947,-3518399.0615673866,574538.7568124174,311.43258606575813,221,1:12:33
44.2%,2212500,8849.999999967984,-3521788.4890158065,575573.9990088198,311.993746040794,221,1:12:29
44.3%,2215000,8859.999999970021,-3521897.707710067,572004.9232265836,310.05910457832186,221,1:12:25
44.4%,2217500,8869.999999972059,-3520531.742662167,574102.7541693256,311.19624790917675,221,1:12:22
44.4%,2220000,8879.999999974096,-3517711.4257746767,573973.8442411636,311.1263714181289,221,1:12:18
44.5%,2222500,8889.999999976133,-3519253.0747239646,572793.9222002949,310.4867867631572,221,1:12:14
44.5%,2225000,8899.99999997817,-3518965.65506546,574980.3608115031,311.6719604749194,221,1:12:10
44.5%,2227500,8909.999999980208,-3515798.6412427966,574845.1125740458,311.59864826081247,221,1:12:06
44.6%,2230000,8919.999999982245,-3519844.9392074645,575505.1544232629,311.95642837151166,221,1:12:02
44.6%,2232500,8929.999999984282,-3520612.6732048765,573224.0250154987,310.7199268784668,221,1:11:58
44.7%,2235000,8939.99999998632,-3516181.63737412,573851.8101860436,311.06022204017404,221,1:11:54
44.8%,2237500,8949.999999988357,-3518617.778111875,574963.6683704592,311.6629122253098,221,1:11:50
44.8%,2240000,8959.999999990394,-3520208.408751365,572811.0901026158,310.49609273974056,221,1:11:47
44.9%,2242500,8969.999999992431,-3519114.7018692084,573543.1469560541,310.8929090664204,221,1:11:43
44.9%,2245000,8979.999999994468,-3517283.64332488,572379.630188012,310.26221699960035,221,1:11:39
45.0%,2247500,8989.999999996506,-3518348.2584916353,573570.090744049,310.9075141273917,221,1:11:35
45.0%,2250000,8999.999999998543,-3521202.2032692954,574473.018292225,311.39695206003626,221,1:11:31
45.0%,2252500,9010.00000000058,-3517297.232899567,573298.8096228709,310.7604643764088,221,1:11:27
45.1%,2255000,9020.000000002618,-3520553.565485351,574702.6646913141,311.52143343070276,221,1:11:23
45.1%,2257500,9030.000000004655,-3520634.8880008254,574387.900168678,311.35081321035386,221,1:11:19
45.2%,2260000,9040.000000006692,-3525725.996200802,572713.3802159752,310.4431284404312,221,1:11:15
45.2%,2262500,9050.00000000873,-3519825.0758688264,575262.4607291983,311.8248746271068,221,1:11:12
45.3%,2265000,9060.000000010767,-3519430.1030949205,573030.2712269886,310.6149013380655,221,1:11:08
45.4%,2267500,9070.000000012804,-3520380.8648390826,573339.4267793426,310.78248117845845,221,1:11:04
45.4%,2270000,9080.000000014841,-3518237.3818514757,574896.5086806606,311.62650786507237,221,1:11:00
45.5%,2272500,9090.000000016878,-3520490.611922236,575358.0039451993,311.876664468066,221,1:10:56
45.5%,2275000,9100.000000018916,-3521542.5329083093,574761.8814391041,311.5535322659579,221,1:10:52
45.5%,2277500,9110.000000020953,-3524525.651049366,572535.9269133484,310.34693868771615,221,1:10:48
45.6%,2280000,9120.00000002299,-3521129.0571836196,572439.7890540996,310.29482651639665,221,1:10:44
45.6%,2282500,9130.000000025027,-3521513.237288136,572791.9250302687,310.48570418375124,221,1:10:40
45.7%,2285000,9140.000000027065,-3518179.957234353,575569.4425769174,311.9912761963252,221,1:10:36
45.8%,2287500,9150.000000029102,-3519774.4133338314,574860.6694022567,311.6070809438704,221,1:10:33
45.8%,2290000,9160.00000003114,-3520861.6361045577,573849.9470589041,311.0592121196137,221,1:10:29
45.9%,2292500,9170.000000033177,-3517167.3150036335,573803.6190415896,311.0340997071463,221,1:10:25
45.9%,2295000,9180.000000035214,-3519731.6484633107,571226.6705706704,309.6372475071152,221,1:10:21
46.0%,2297500,9190.000000037251,-3521290.6656794753,574783.5578370583,311.5652821028339,221,1:10:17
46.0%,2300000,9200.000000039288,-3519158.6810437776,574615.7427165674,311.4743167913806,221,1:10:13
46.0%,2302500,9210.000000041326,-3518437.704980258,574556.9587379461,311.44245254155555,221,1:10:09
46.1%,2305000,9220.000000043363,-3517409.609249808,575588.9838813739,312.0018686914525,221,1:10:05
46.1%,2307500,9230.0000000454,-3518988.320887031,574083.5594234861,311.1858432684719,221,1:10:01
46.2%,2310000,9240.000000047437,-3518037.6882561147,572191.6290471947,310.16030972045894,221,1:09:57
46.2%,2312500,9250.000000049475,-3521663.952500934,572867.5446160032,310.5266942873139,221,1:09:53
46.3%,2315000,9260.000000051512,-3520197.975128215,572683.2907350829,310.4268182355293,221,1:09:50
46.4%,2317500,9270.00000005355,-3521952.202857651,571134.0710828984,309.58705333378356,221,1:09:46
46.4%,2320000,9280.000000055586,-3517694.9269648157,573215.6497870844,310.7153870297394,221,1:09:42
46.5%,2322500,9290.000000057624,-3518243.3940838706,574158.4076445892,311.2264152486632,221,1:09:38
46.5%,2325000,9300.000000059661,-3520521.1519705206,575095.0404254247,311.7341233287028,221,1:09:34
46.5%,2327500,9310.000000061698,-3518130.771168353,575095.1581659722,311.73418715075616,221,1:09:30
46.6%,2330000,9320.000000063736,-3517224.3859283924,574544.2991759216,311.4355903410634,221,1:09:26
46.6%,2332500,9330.000000065773,-3519278.3903842494,575136.8965354324,311.7568117138253,221,1:09:22
46.7%,2335000,9340.00000006781,-3523678.3339222837,574772.0235000465,311.5590298381058,221,1:09:18
46.8%,2337500,9350.000000069847,-3517715.5305826757,573532.8825071043,310.8873451530323,221,1:09:14
46.8%,2340000,9360.000000071885,-3519438.0802752897,573486.7138163811,310.8623191046122,221,1:09:10
46.9%,2342500,9370.000000073922,-3520246.9446859304,574133.8300732928,311.2130928113215,221,1:09:06
46.9%,2345000,9380.00000007596,-3520610.9206907023,571373.2674425787,309.7167113246318,221,1:09:03
47.0%,2347500,9390.000000077996,-3520681.4513507895,573325.1707372962,310.77475359526426,221,1:08:59
47.0%,2350000,9400.000000080034,-3520978.3419173677,572937.2095448952,310.5644566292024,221,1:08:55
47.0%,2352500,9410.000000082071,-3517981.4285964724,573355.8640878892,310.791391131787,221,1:08:51
47.1%,2355000,9420.000000084108,-3517872.202998571,572237.4976961603,310.18517312923217,221,1:08:47
47.1%,2357500,9430.000000086146,-3520142.1772576924,573584.4264987758,310.9152849193789,221,1:08:43
47.2%,2360000,9440.000000088183,-3518933.4837478716,572649.8696574353,310.4087021162641,221,1:08:40
47.2%,2362500,9450.00000009022,-3520419.602443615,573449.4360110562,310.84211242024577,221,1:08:36
47.3%,2365000,9460.000000092257,-3518436.179697916,574707.3569090941,311.52397687881705,221,1:08:32
47.4%,2367500,9470.000000094295,-3520635.48195808,575080.8423266698,311.72642715405834,221,1:08:28
47.4%,2370000,9480.000000096332,-3517212.317373885,573852.7596793612,311.0607367193943,221,1:08:24
47.5%,2372500,9490.00000009837,-3521672.3469175715,574574.672873175,311.45205460734974,221,1:08:20
47.5%,2375000,9500.000000100406,-3519198.297757743,572965.3564773571,310.57971386270054,221,1:08:16
47.5%,2377500,9510.000000102444,-3518983.200921435,572620.2923115946,310.3926695176014,221,1:08:12
47.6%,2380000,9520.000000104481,-3516863.8531261142,572934.0098143623,310.5627221938092,221,1:08:08
47.6%,2382500,9530.000000106518,-3522828.8346636873,572388.0094086446,310.2667590123364,221,1:08:04
47.7%,2385000,9540.000000108555,-3516786.4048987664,574297.7459987828,311.30194453797594,221,1:08:00
47.8%,2387500,9550.000000110593,-3520268.573708581,573834.4287419996,311.0508003118676,221,1:07:56
47.8%,2390000,9560.00000011263,-3518912.181559814,574525.2228023193,311.4252498648235,221,1:07:53
47.9%,2392500,9570.000000114667,-3518572.888652131,573923.321495596,311.0989852250815,221,1:07:49
47.9%,2395000,9580.000000116705,-3517702.9205974974,571785.4445991036,309.9401347164426,221,1:07:45
48.0%,2397500,9590.000000118742,-3521392.2571367193,575834.6644580166,312.1350414955893,221,1:07:41
48.0%,2400000,9600.000000120779,-3519009.1109468006,574641.2569133085,311.4881469328258,221,1:07:37
48.0%,2402500,9610.000000122816,-3522968.772131035,572053.9353899446,310.08567195015394,221,1:07:33
48.1%,2405000,9620.000000124854,-3518452.2560888138,574632.5642666167,311.4834350253925,221,1:07:29
48.1%,2407500,9630.00000012689,-3521286.774691183,573455.3432279415,310.8453144667731,221,1:07:25
48.2%,2410000,9640.000000128928,-3522658.5019285623,576983.3435331411,312.7576906914597,221,1:07:21
48.2%,2412500,9650.000000130965,-3517759.9245977513,575261.5807994745,311.8243976552991,221,1:07:17
48.3%,2415000,9660.000000133003,-3522622.18014214,574626.3582941738,311.48007103641174,221,1:07:13
48.4%,2417500,9670.00000013504,-3518782.9678112026,575161.5117660374,311.77015456464784,221,1:07:10
48.4%,2420000,9680.000000137077,-3519973.190144418,573425.6853448134,310.8292382123337,221,1:07:06
48.5%,2422500,9690.000000139114,-3518411.3437530976,573457.9978634142,310.8467534297334,221,1:07:02
48.5%,2425000,9700.000000141152,-3519155.5000323914,575006.7979384786,311.6862908968875,221,1:06:58
48.5%,2427500,9710.000000143189,-3518170.490765393,572941.4368484705,310.5667480674542,221,1:06:54
48.6%,2430000,9720.000000145226,-3519490.2321781088,576134.6616884782,312.2976570061835,221,1:06:50
48.6%,2432500,9730.000000147264,-3517223.71044755,573851.0844154336,311.0598286313477,221,1:06:46
48.7%,2435000,9740.0000001493,-3519686.712617431,574608.1578846837,311.4702053823931,221,1:06:42
48.8%,2437500,9750.000000151338,-3517186.5663472638,575541.1342090255,311.97593145566964,221,1:06:38
48.8%,2440000,9760.000000153375,-3519159.8495202865,572918.3291662257,310.5542223933302,221,1:06:34
48.9%,2442500,9770.000000155413,-3521065.1826280206,573001.3561103937,310.5992277052065,221,1:06:30
48.9%,2445000,9780.00000015745,-3519132.5151095614,574832.4726917455,311.5917967278468,221,1:06:27
49.0%,2447500,9790.000000159487,-3518593.5603158846,573776.6308080032,311.01947055414405,221,1:06:23
49.0%,2450000,9800.000000161524,-3520662.7470707465,573965.4037334088,311.1217961842972,221,1:06:19
49.0%,2452500,9810.000000163562,-3519021.341105031,574630.4953906414,311.4823135772959,221,1:06:15
49.1%,2455000,9820.000000165599,-3516975.2821551543,574268.151140565,311.2859024466119,221,1:06:11
49.1%,2457500,9830.000000167636,-3517715.051483415,574283.7660844651,311.2943666316688,221,1:06:07
49.2%,2460000,9840.000000169674,-3521369.372204099,574075.6840165225,311.18157435131366,221,1:06:03
49.2%,2462500,9850.00000017171,-3517057.1684177183,574867.7595820931,311.6109242233984,221,1:05:59
49.3%,2465000,9860.000000173748,-3519587.239599215,573726.1096905126,310.9920852436067,221,1:05:55
49.4%,2467500,9870.000000175785,-3519658.0755010806,573244.6647680115,310.7311147947294,221,1:05:51
49.4%,2470000,9880.000000177823,-3523172.524667455,574467.9737497955,311.394217631983,221,1:05:48
49.5%,2472500,9890.00000017986,-3522667.779810317,575078.5225630708,311.7251697106428,221,1:05:44
49.5%,2475000,9900.000000181897,-3520065.6133362725,574657.617799028,311.49701546064847,221,1:05:40
49.5%,2477500,9910.000000183934,-3518899.562787734,575597.6084111182,312.00654367563766,221,1:05:36
49.6%,2480000,9920.000000185972,-3519730.514027301,573228.2415995919,310.72221250615155,221,1:05:32
49.6%,2482500,9930.000000188009,-3521796.502690276,573374.4982439784,310.80149190105834,221,1:05:28
49.7%,2485000,9940.000000190046,-3521519.1054362915,572456.139442536,310.30368935409666,221,1:05:24
49.8%,2487500,9950.000000192083,-3516980.4817424454,573880.5055751251,311.07577656826084,221,1:05:20
49.8%,2490000,9960.00000019412,-3517472.080301592,574087.9625365549,311.18823000543864,221,1:05:16
49.9%,2492500,9970.000000196158,-3519920.837189095,574471.6485399298,311.3962095766189,221,1:05:12
49.9%,2495000,9980.000000198195,-3518093.080345722,572756.3606966907,310.466426298236,221,1:05:08
50.0%,2497500,9990.000000200233,-3516772.639238408,573325.3785704852,310.77486625263805,221,1:05:05
50.0%,2500000,10000.00000020227,-3524492.15226884,574639.6655653098,311.48728433197135,221,1:05:01
50.0%,2502500,10010.000000204307,-3520085.1825185716,574392.2081480802,311.3531483794787,221,1:04:57
50.1%,2505000,10020.000000206344,-3518366.9238995984,576482.9304616898,312.486438430241,221,1:04:53
50.1%,2507500,10030.000000208382,-3516608.089337025,571258.7309555806,309.6546260537571,221,1:04:49
50.2%,2510000,10040.000000210419,-3518549.7886821833,573714.0226051436,310.9855333579248,221,1:04:45
50.2%,2512500,10050.000000212456,-3519690.382068226,575159.6522900935,311.76914662324253,221,1:04:41
50.3%,2515000,10060.000000214493,-3517692.8894727416,573931.2169323126,311.1032649995016,221,1:04:37
50.4%,2517500,10070.00000021653,-3521560.863090137,575215.301298328,311.79931154134596,221,1:04:33
50.4%,2520000,10080.000000218568,-3518126.416152751,574786.7571324694,311.5670163023664,221,1:04:30
50.5%,2522500,10090.000000220605,-3520786.90714537,573900.0591853133,311.0863757337926,221,1:04:26
50.5%,2525000,10100.000000222642,-3520962.5332846027,573534.6867577732,310.8883231592069,221,1:04:22
50.5%,2527500,10110.00000022468,-3519045.88904774,574907.2215245493,311.63231483394406,221,1:04:18
50.6%,2530000,10120.000000226717,-3521601.562661549,572532.2592027655,310.34495058059855,221,1:04:14
50.6%,2532500,10130.000000228754,-3521478.206890486,574340.0661002253,311.32488443276725,221,1:04:10
50.7%,2535000,10140.000000230792,-3516091.7542717624,575783.830793194,312.1074867666747,221,1:04:06
50.8%,2537500,10150.000000232829,-3519060.766342653,573238.4453805834,310.72774353406595,221,1:04:02
50.8%,2540000,10160.000000234866,-3522433.2860952634,575260.5957878175,311.82386372312476,221,1:03:58
50.9%,2542500,10170.000000236903,-3520713.67953006,576118.9978091754,312.2891662953633,221,1:03:55
50.9%,2545000,10180.00000023894,-3520241.854757689,574442.2689560982,311.38028417617954,221,1:03:51
51.0%,2547500,10190.000000240978,-3520797.4684250355,574567.8902983419,311.44837806717663,221,1:03:47
51.0%,2550000,10200.000000243015,-3518549.390241934,572823.577639685,310.5028616929521,221,1:03:43
51.0%,2552500,10210.000000245052,-3521114.6907760333,573841.219681107,311.05448138595176,221,1:03:39
51.1%,2555000,10220.00000024709,-3521875.854494473,574539.886378913,311.43319835485204,221,1:03:35
51.1%,2557500,10230.000000249127,-3519638.5554867163,571259.2365351303,309.6549001065425,221,1:03:31
51.2%,2560000,10240.000000251164,-3516427.0512790997,575355.9335729782,311.8755422089194,221,1:03:27
51.2%,2562500,10250.000000253202,-3518520.3621872347,574964.2534468363,311.66322936988354,221,1:03:23
51.3%,2565000,10260.000000255239,-3515829.998499589,576640.8339947149,312.5720310992399,221,1:03:19
51.4%,2567500,10270.000000257276,-3519127.793061763,575556.4819118564,311.98425078091293,221,1:03:16
51.4%,2570000,10280.000000259313,-3516623.031917423,573921.0419951105,311.0977496065567,221,1:03:12
51.5%,2572500,10290.00000026135,-3519124.406998923,572911.1886688336,310.5503518388336,221,1:03:08
51.5%,2575000,10300.000000263388,-3518153.5516777188,574408.6716171193,311.3620725132776,221,1:03:04
51.5%,2577500,10310.000000265425,-3518931.837868249,575365.9818516258,311.88098894574546,221,1:03:00
51.6%,2580000,10320.000000267462,-3522790.4363618884,575036.573097107,311.7024307212983,221,1:02:56
51.6%,2582500,10330.0000002695,-3520196.7690179106,574998.0684054808,311.6815589949846,221,1:02:52
51.7%,2585000,10340.000000271537,-3520083.548126241,574992.2363114461,311.6783976693022,221,1:02:48
51.8%,2587500,10350.000000273574,-3522557.446740603,574567.3461253316,311.4480830945471,221,1:02:45
51.8%,2590000,10360.000000275611,-3517678.597308973,574076.2369437105,311.18187406920396,221,1:02:41
51.9%,2592500,10370.000000277649,-3519839.1259971224,575497.7358297817,311.9524070731651,221,1:02:37
51.9%,2595000,10380.000000279686,-3523002.3739209324,572238.8263614684,310.18589334117263,221,1:02:33
52.0%,2597500,10390.000000281723,-3518931.1584337186,572384.8052759424,310.26502219071784,221,1:02:29
52.0%,2600000,10400.00000028376,-3519497.84543374,575301.4632630767,311.84601621215194,221,1:02:25
52.0%,2602500,10410.000000285798,-3518882.108037049,574224.3689634597,311.2621700239026,221,1:02:21
52.1%,2605000,10420.000000287835,-3519391.9423902053,574251.7596029213,311.27701730370813,221,1:02:17
52.1%,2607500,10430.000000289872,-3517977.525588639,574552.5517882737,311.44006372493203,221,1:02:13
52.2%,2610000,10440.00000029191,-3520098.087739002,575388.2298009469,311.8930485958727,221,1:02:09
52.2%,2612500,10450.000000293947,-3517621.09039516,574674.7109186223,311.5062809007533,221,1:02:05
52.3%,2615000,10460.000000295984,-3521549.202452,571665.2114583855,309.8749615362164,221,1:02:02
52.4%,2617500,10470.000000298021,-3521668.3600016553,573570.2511674468,310.9076010859703,221,1:01:58
52.4%,2620000,10480.000000300059,-3519934.862750111,575920.6723116662,312.18166262944055,221,1:01:54
52.5%,2622500,10490.000000302096,-3516981.646627579,574717.4061331111,311.52942412808693,221,1:01:50
52.5%,2625000,10500.000000304133,-3520824.6196775176,572665.0430909157,310.4169269776373,221,1:01:46
52.5%,2627500,10510.00000030617,-3519925.3340280727,574457.8467511786,311.3887282244697,221,1:01:42
52.6%,2630000,10520.000000308208,-3518433.139211362,573963.6302936194,311.12083487936644,221,1:01:38
52.6%,2632500,10530.000000310245,-3521215.0472743325,576679.9015416348,312.5932079250402,221,1:01:34
52.7%,2635000,10540.000000312282,-3519681.9455208555,575333.8341019398,311.8635630424409,221,1:01:30
52.8%,2637500,10550.00000031432,-3518659.952893125,573572.0755529628,310.90859000637386,221,1:01:26
52.8%,2640000,10560.000000316357,-3517777.246754201,575658.014040164,312.0392869519504,221,1:01:22
52.9%,2642500,10570.000000318394,-3518884.688762363,574286.3863153509,311.2957869453921,221,1:01:18
52.9%,2645000,10580.000000320431,-3520104.897572629,573456.9506980667,310.84618580673435,221,1:01:15
53.0%,2647500,10590.000000322469,-3517517.6745151076,576420.8559660495,312.45279053359906,221,1:01:11
53.0%,2650000,10600.000000324506,-3521376.677008558,576608.8029939858,312.5546684804905,221,1:01:07
53.0%,2652500,10610.000000326543,-3517445.36491655,572615.7517348038,310.39020826750226,221,1:01:03
53.1%,2655000,10620.00000032858,-3518454.150794016,572830.9782743653,310.5068732566102,221,1:00:59
53.1%,2657500,10630.000000330618,-3518923.7491368745,576899.4376397547,312.7122089392652,221,1:00:55
53.2%,2660000,10640.000000332655,-3519497.2897124924,573978.5683141346,311.1289321335631,221,1:00:51
53.2%,2662500,10650.000000334692,-3520718.263231771,573806.6545131704,311.035745104873,221,1:00:47
53.3%,2665000,10660.00000033673,-3521646.532520499,572855.6210809535,310.5202310551794,221,1:00:43
53.4%,2667500,10670.000000338767,-3523087.5345933884,573070.1979574966,310.6365438900915,221,1:00:39
53.4%,2670000,10680.000000340804,-3518580.6196183506,575220.3166680599,311.8020301561429,221,1:00:36
53.5%,2672500,10690.000000342841,-3518319.4398087747,575154.9882724886,311.76661846122227,221,1:00:32
53.5%,2675000,10700.000000344879,-3519164.3410351314,573523.7022854815,310.88236895233786,221,1:00:28
53.5%,2677500,10710.000000346916,-3519239.042947935,574698.745269469,311.5193088818074,221,1:00:24
53.6%,2680000,10720.000000348953,-3518674.0835327264,573801.7556095943,311.03308962133684,221,1:00:20
53.6%,2682500,10730.00000035099,-3518356.586001143,575095.3720785402,311.7343031034981,221,1:00:16
53.7%,2685000,10740.000000353028,-3519251.734828515,573374.8295542361,310.8016714900054,221,1:00:12
53.8%,2687500,10750.000000355065,-3515926.644347269,573080.4325475825,310.64209161828217,221,1:00:08
53.8%,2690000,10760.000000357102,-3520253.915546613,573363.3067547653,310.7954254792787,221,1:00:04
53.9%,2692500,10770.00000035914,-3519320.1431881264,575878.7787798125,312.15895395955545,221,1:00:00
53.9%,2695000,10780.000000361177,-3522178.611863356,573438.8610650684,310.836380199856,221,59:56
54.0%,2697500,10790.000000363214,-3519864.556120228,574963.0710979813,311.66258846975774,221,59:53
54.0%,2700000,10800.000000365251,-3518867.4679240678,574094.9269362482,311.19200510499667,221,59:49
54.0%,2702500,10810.000000367289,-3520833.2589522805,574831.152928265,311.59108134120174,221,59:45
54.1%,2705000,10820.000000369326,-3521515.8910303283,575270.5599047359,311.8292648395211,221,59:41
54.1%,2707500,10830.000000371363,-3518137.415309688,575006.4669209317,311.68611146660635,221,59:37
54.2%,2710000,10840.0000003734,-3520711.120639229,574208.7639378487,311.25371121512075,221,59:33
54.2%,2712500,10850.000000375438,-3520175.6467611883,574234.8648062567,311.2678593658773,221,59:29
54.3%,2715000,10860.000000377475,-3519327.2804529183,574358.9598566982,311.3351259201675,221,59:25
54.4%,2717500,10870.000000379512,-3518839.1746156774,571814.0821431626,309.95565788924705,221,59:21
54.4%,2720000,10880.00000038155,-3520217.754568318,572077.9789709199,310.0987049344611,221,59:17
54.5%,2722500,10890.000000383587,-3515729.546299152,574825.5913277387,311.58806663833957,221,59:14
54.5%,2725000,10900.000000385624,-3520156.9404241964,574293.7217686486,311.29976317704467,221,59:10
54.5%,2727500,10910.000000387661,-3519643.022156868,573946.3257613729,311.1114548416157,221,59:06
54.6%,2730000,10920.000000389698,-3519650.91116892,574888.1369894457,311.6219699337076,221,59:02
54.6%,2732500,10930.000000391736,-3518158.211764857,574956.4566703881,311.65900307492353,221,58:58
54.7%,2735000,10940.000000393773,-3522049.489227455,575355.8978582537,311.8755228495134,221,58:54
54.8%,2737500,10950.00000039581,-3519197.7164953966,571243.0513585834,309.6461268230553,221,58:50
54.8%,2740000,10960.000000397848,-3518675.195483228,573748.8582730796,311.00441626534223,221,58:46
54.9%,2742500,10970.000000399885,-3518383.0850870013,574971.8153666985,311.66732835925615,221,58:42
54.9%,2745000,10980.000000401922,-3519788.5835968237,574907.191561891,311.6322985924841,221,58:39
55.0%,2747500,10990.00000040396,-3519000.969735872,576112.9620284666,312.28589455995336,221,58:35
55.0%,2750000,11000.000000405997,-3518519.5302700754,574336.14082509,311.32275671105674,221,58:31
55.0%,2752500,11010.000000408034,-3521059.599210065,574601.3944757383,311.4665392312179,221,58:27
55.1%,2755000,11020.000000410071,-3520117.660031989,574428.5454018256,311.372845231554,221,58:23
55.1%,2757500,11030.000000412108,-3520485.818457868,574100.3884973046,311.1949655807933,221,58:19
55.2%,2760000,11040.000000414146,-3519685.748801995,574428.5605851146,311.37285346175764,221,58:15
55.2%,2762500,11050.000000416183,-3521792.829624051,571103.0351090826,309.57023007604516,221,58:11
55.3%,2765000,11060.00000041822,-3518369.287160648,576068.4611810129,312.26177257716233,221,58:07
55.4%,2767500,11070.000000420257,-3516206.4044580646,574050.8957064226,311.1681376815902,221,58:04
55.4%,2770000,11080.000000422295,-3519680.040867122,576520.7709569379,312.50695012445374,221,58:00
55.5%,2772500,11090.000000424332,-3519647.5510732345,574762.782761587,311.55402083385417,221,57:56
55.5%,2775000,11100.00000042637,-3521817.6967215333,574644.9503746948,311.4901489983391,221,57:52
55.5%,2777500,11110.000000428407,-3522996.9749885127,574890.6925813875,311.62335520945777,221,57:48
55.6%,2780000,11120.000000430444,-3522028.6717261635,570901.9077976595,309.46120766810105,221,57:44
55.6%,2782500,11130.000000432481,-3514906.358622821,573083.5795307559,310.64379746161535,221,57:40
55.7%,2785000,11140.000000434518,-3518140.407684937,571309.4377828543,309.6821120295278,221,57:36
55.8%,2787500,11150.000000436556,-3517760.6421049014,571906.2990971401,310.00564470757007,221,57:32
55.8%,2790000,11160.000000438593,-3520041.918880461,575438.8024352631,311.9204618314508,221,57:28
55.9%,2792500,11170.00000044063,-3518981.4405096937,573596.2238618068,310.92167975912463,221,57:24
55.9%,2795000,11180.000000442667,-3518344.373995399,573665.6475803597,310.95931135133117,221,57:21
56.0%,2797500,11190.000000444705,-3517678.925977813,573835.9802739781,311.0516413301814,221,57:17
56.0%,2800000,11200.000000446742,-3516289.0033536404,573155.6334804607,310.6828547882565,221,57:13
56.0%,2802500,11210.00000044878,-3519284.866469212,571149.7392612877,309.59554637495245,221,57:09
56.1%,2805000,11220.000000450817,-3522433.8008088563,575057.973375946,311.71403088595616,221,57:05
56.1%,2807500,11230.000000452854,-3519386.546159448,573544.6473722261,310.89372237706834,221,57:01
56.2%,2810000,11240.000000454891,-3519186.962629104,573741.5798577048,311.0004709514783,221,56:57
56.2%,2812500,11250.000000456928,-3518189.1520569976,573982.9717958412,311.13131907035256,221,56:53
56.3%,2815000,11260.000000458966,-3519099.060750805,575482.6305873585,311.9442191752117,221,56:49
56.4%,2817500,11270.000000461003,-3515303.267822737,573902.727533699,311.08782212992935,221,56:45
56.4%,2820000,11280.00000046304,-3521423.9847887475,573236.9660351814,310.7269416449701,221,56:42
56.5%,2822500,11290.000000465077,-3517344.9409138635,574841.2143562306,311.59653520570373,221,56:38
56.5%,2825000,11300.000000467115,-3518886.418157529,575932.1402576678,312.18787890647627,221,56:34
56.5%,2827500,11310.000000469152,-3521708.790507028,575181.6169969733,311.7810527399051,221,56:30
56.6%,2830000,11320.00000047119,-3516693.281584969,571278.1210844528,309.66513660314513,221,56:26
56.6%,2832500,11330.000000473226,-3518178.913725311,572710.3430762608,310.4414821384815,221,56:22
56.7%,2835000,11340.000000475264,-3518078.0642077457,575127.9660095265,311.7519708623687,221,56:18
56.8%,2837500,11350.000000477301,-3520149.578841081,573074.2330760569,310.63873115316716,221,56:14
56.8%,2840000,11360.000000479338,-3519520.4459926374,573394.2727826023,310.81221082233026,221,56:10
56.9%,2842500,11370.000000481376,-3518320.249717327,574486.1857048932,311.40408954437555,221,56:06
56.9%,2845000,11380.000000483413,-3517136.4481226485,575655.9801128651,312.0381844480182,221,56:03
57.0%,2847500,11390.00000048545,-3522103.4794289675,576016.6043722244,312.2336632461996,221,55:59
57.0%,2850000,11400.000000487487,-3522231.9640912823,573323.584681273,310.77389386296056,221,55:55
57.0%,2852500,11410.000000489525,-3521303.2456975617,570899.3555425559,309.45982420110636,221,55:51
57.1%,2855000,11420.000000491562,-3516536.8635065295,573069.1940648835,310.6359997233683,221,55:47
57.1%,2857500,11430.0000004936,-3517251.8116816487,577601.42788722,313.09272746054654,221,55:43
57.2%,2860000,11440.000000495636,-3518698.8413096126,574790.0212116508,311.568785618376,221,55:39
57.2%,2862500,11450.000000497674,-3521934.7143545505,574033.6033262212,311.15876423093704,221,55:35
57.3%,2865000,11460.000000499711,-3522795.4683306795,572022.132180202,310.06843280703634,221,55:31
57.4%,2867500,11470.000000501748,-3520436.0684408974,574520.1748663699,311.42251359729,221,55:27
57.4%,2870000,11480.000000503785,-3520913.099297473,574352.3496480173,311.33154281222306,221,55:24
57.5%,2872500,11490.000000505823,-3520969.637759926,573112.6865876844,310.6595751370194,221,55:20
57.5%,2875000,11500.00000050786,-3520349.1763638537,574147.8225694923,311.220677537722,221,55:16
57.5%,2877500,11510.000000509897,-3520509.7134624235,574485.6817520079,311.4038163733345,221,55:12
57.6%,2880000,11520.000000511935,-3521817.236360986,573206.2012688923,310.7102653970903,221,55:08
57.6%,2882500,11530.000000513972,-3518478.2769766115,574853.8770245018,311.60339908995775,221,55:04
57.7%,2885000,11540.00000051601,-3519709.9206234347,573595.4309686811,310.92124996608857,221,55:00
57.8%,2887500,11550.000000518046,-3521231.0170954242,574636.1853099687,311.4853978362246,221,54:56
57.8%,2890000,11560.000000520084,-3517877.509345427,572198.2679910134,310.16390840447747,221,54:52
57.9%,2892500,11570.00000052212,-3519960.2590857316,576257.2906645497,312.3641288650298,221,54:48
57.9%,2895000,11580.000000524158,-3516605.2847051937,575231.5999780106,311.80814634996904,221,54:45
58.0%,2897500,11590.000000526195,-3518651.5094912015,572212.1205635474,310.1714172843168,221,54:41
58.0%,2900000,11600.000000528233,-3519396.250932168,574456.411688866,311.3879503393194,221,54:37
58.0%,2902500,11610.00000053027,-3520556.528355278,574350.8675641796,311.3307394387398,221,54:33
58.1%,2905000,11620.000000532307,-3516585.68145526,574475.80610686,311.3984632136547,221,54:29
58.1%,2907500,11630.000000534345,-3520899.1957647447,574271.23799629,311.2875756974584,221,54:25
58.2%,2910000,11640.000000536382,-3517910.548502043,574649.7587773227,311.4927554252294,221,54:21
58.2%,2912500,11650.000000538419,-3519019.5685882177,574076.6341966338,311.18208940281505,221,54:17
58.3%,2915000,11660.000000540456,-3518796.9107088037,574623.1176051421,311.47831439918957,221,54:13
58.4%,2917500,11670.000000542494,-3519961.577877734,573378.7558581354,310.8037997693643,221,54:09
58.4%,2920000,11680.00000054453,-3520168.0930780023,574694.8240900919,311.5171833802301,221,54:06
58.5%,2922500,11690.000000546568,-3516007.981941711,573242.5741648544,310.7299815692682,221,54:02
58.5%,2925000,11700.000000548605,-3521452.586776942,573701.7383881271,310.97887461571133,221,53:58
58.5%,2927500,11710.000000550643,-3515480.7856324594,574312.2633216548,311.3098137501938,221,53:54
58.6%,2930000,11720.00000055268,-3520084.560248863,573300.6330634698,310.76145278461365,221,53:50
58.6%,2932500,11730.000000554717,-3517963.5273702107,572204.0387780424,310.1670364982863,221,53:46
58.7%,2935000,11740.000000556754,-3518364.1609186567,571765.7402995054,309.9294538687057,221,53:42
58.8%,2937500,11750.000000558792,-3520012.660746211,573925.0245021766,311.09990835121914,221,53:38
58.8%,2940000,11760.000000560829,-3522206.150354782,573614.2311115225,310.93144070959204,221,53:34
58.9%,2942500,11770.000000562866,-3520401.3788411133,574764.6161443697,311.5550146312865,221,53:31
58.9%,2945000,11780.000000564904,-3517299.495483177,575341.9484652493,311.86796148748886,221,53:27
59.0%,2947500,11790.00000056694,-3520493.843779333,573624.772901559,310.937154957576,221,53:23
59.0%,2950000,11800.000000568978,-3521248.927190166,576173.1969084949,312.31854528061604,221,53:19
59.0%,2952500,11810.000000571015,-3521300.7662935164,575163.8193284607,311.77140539433424,221,53:15
59.1%,2955000,11820.000000573053,-3519841.1344951205,576605.3182857211,312.5527795710066,221,53:11
59.1%,2957500,11830.00000057509,-3517872.401493173,573159.9537666899,310.68519662837946,221,53:07
59.2%,2960000,11840.000000577127,-3519543.647708917,573163.7379742048,310.6872478834403,221,53:03
59.2%,2962500,11850.000000579164,-3522046.991249487,571950.0760926782,310.0293743215761,221,52:59
59.3%,2965000,11860.000000581202,-3520900.6797895133,574370.6413291376,311.34145794064085,221,52:55
59.4%,2967500,11870.000000583239,-3521695.9632746577,572320.6427138024,310.2302424436269,221,52:52
59.4%,2970000,11880.000000585276,-3522023.746334264,572898.0436045893,310.54322646860743,221,52:48
59.5%,2972500,11890.000000587313,-3516491.148617832,572582.2159431526,310.37202996674205,221,52:44
59.5%,2975000,11900.00000058935,-3521810.1112457346,573408.9867987289,310.82018665344583,221,52:40
59.5%,2977500,11910.000000591388,-3520260.597152708,574515.8972262907,311.42019487379855,221,52:36
59.6%,2980000,11920.000000593425,-3520809.272268679,573295.050083504,310.75842649288296,221,52:32
59.6%,2982500,11930.000000595463,-3518405.6049423628,575586.5369104828,312.00054229447124,221,52:28
59.7%,2985000,11940.0000005975,-3520407.2122385874,573841.009032372,311.0543672023923,221,52:24
59.8%,2987500,11950.000000599537,-3519999.912445441,573361.2912683721,310.7943329713632,221,52:20
59.8%,2990000,11960.000000601574,-3523021.7216814384,573977.786639932,311.12850842181956,221,52:16
59.9%,2992500,11970.000000603612,-3522065.659657046,573120.5505864448,310.66383787028445,221,52:12
59.9%,2995000,11980.000000605649,-3523152.206160495,573931.7203582578,311.1035378849113,221,52:09
60.0%,2997500,11990.000000607686,-3522126.3380447663,573548.4182366444,310.8957663994142,221,52:05
60.0%,3000000,12000.000000609723,-3516781.390647622,572378.0849772684,310.26137940775436,221,52:01
60.0%,3002500,12010.00000061176,-3519379.5043536536,573097.0803359387,310.6511156636029,221,51:57
60.1%,3005000,12020.000000613798,-3520472.83608127,575517.2975380502,311.9630106283155,221,51:53
60.1%,3007500,12030.000000615835,-3517913.1166649293,574619.3233770041,311.47625771238273,221,51:49
60.2%,3010000,12040.000000617873,-3522675.7646528445,574551.7617196033,311.4396354629109,221,51:45
60.2%,3012500,12050.00000061991,-3519150.864269262,572562.6194266032,310.3614075435296,221,51:41
60.3%,3015000,12060.000000621947,-3521019.5962808877,574846.2900453636,311.59928651703655,221,51:37
60.4%,3017500,12070.000000623984,-3521568.4418780655,575645.8390608123,312.0326874227457,221,51:33
60.4%,3020000,12080.000000626022,-3519844.4375357665,573393.092974537,310.8115712994565,221,51:30
60.5%,3022500,12090.000000628059,-3517851.224368917,574474.6657453456,311.3978450730484,221,51:26
60.5%,3025000,12100.000000630096,-3518948.547559412,573380.9318362575,310.80497927289775,221,51:22
60.5%,3027500,12110.000000632133,-3519232.522808416,574487.1601530407,311.4046177505287,221,51:18
60.6%,3030000,12120.00000063417,-3521127.136831416,575601.7291157609,312.0087773312233,221,51:14
60.6%,3032500,12130.000000636208,-3517934.2986633778,572205.3534607843,310.16774913088295,221,51:10
60.7%,3035000,12140.000000638245,-3518321.366727831,572792.5937668489,310.48606667689916,221,51:06
60.8%,3037500,12150.000000640282,-3516742.8420635387,575560.0910321976,311.9862071287971,221,51:02
60.8%,3040000,12160.00000064232,-3521813.013416484,572422.4158132528,310.28540923468836,221,50:58
60.9%,3042500,12170.000000644357,-3522244.3248548117,574934.8822798361,311.64730853184403,221,50:54
60.9%,3045000,12180.000000646394,-3520089.7222575806,571856.898736062,309.9788669105621,221,50:51
61.0%,3047500,12190.000000648432,-3515645.3347793333,573165.705868514,310.68831459374763,221,50:47
61.0%,3050000,12200.000000650469,-3521354.015152186,573568.8608471085,310.9068474535073,221,50:43
61.0%,3052500,12210.000000652506,-3518834.7364729587,574072.9896147357,311.18011383275615,221,50:39
61.1%,3055000,12220.000000654543,-3521146.747469114,578465.8000479895,313.56126618688967,221,50:35
61.1%,3057500,12230.00000065658,-3520968.9326629974,571132.033705008,309.58594895943514,221,50:31
61.2%,3060000,12240.000000658618,-3521522.312868759,573873.5778195058,311.07202133186894,221,50:27
61.2%,3062500,12250.000000660655,-3519671.9934460074,574778.5636660005,311.56257497892045,221,50:23
61.3%,3065000,12260.000000662692,-3520139.5710181184,573388.9784707814,310.80934100510325,221,50:19
61.4%,3067500,12270.00000066473,-3521967.5455791242,573130.8377107212,310.6694140749854,221,50:15
61.4%,3070000,12280.000000666767,-3520246.6770289578,573482.2423614153,310.85989532246185,221,50:11
61.5%,3072500,12290.000000668804,-3518212.6460823957,576103.5197460186,312.28077630743115,221,50:08
61.5%,3075000,12300.000000670841,-3518373.695217978,576684.2553159334,312.59556791759576,221,50:04
61.5%,3077500,12310.000000672879,-3521194.617837539,573353.8820353441,310.79031674691305,221,50:00
61.6%,3080000,12320.000000674916,-3522395.929769663,575080.2362011387,311.72609859964945,221,49:56
61.6%,3082500,12330.000000676953,-3517097.7035014965,572737.2776266767,310.45608219216126,221,49:52
61.7%,3085000,12340.00000067899,-3519195.128881084,575223.3090530384,311.8036521984878,221,49:48
61.8%,3087500,12350.000000681028,-3518196.3789554443,575359.171402747,311.8772972962589,221,49:44
61.8%,3090000,12360.000000683065,-3521563.063020289,572421.5339960986,310.28493123978626,221,49:40
61.9%,3092500,12370.000000685102,-3520882.8421063237,574357.5285987334,311.3343500971895,221,49:36
61.9%,3095000,12380.00000068714,-3519410.002359854,574032.5986974563,311.1582196651778,221,49:32
62.0%,3097500,12390.000000689177,-3515198.5884949397,575368.6626066121,311.8824420669632,221,49:28
62.0%,3100000,12400.000000691214,-3520172.45447685,573282.2837597774,310.75150642149424,221,49:25
62.0%,3102500,12410.000000693251,-3520111.1200069897,574456.5941332653,311.38804923452955,221,49:21
62.1%,3105000,12420.000000695289,-3519064.457512215,572636.8597775062,310.4016500236025,221,49:17
62.1%,3107500,12430.000000697326,-3517723.63734542,572883.2038916881,310.5351825027122,221,49:13
62.2%,3110000,12440.000000699363,-3518121.507139055,573669.873110417,310.96160182823576,221,49:09
62.2%,3112500,12450.0000007014,-3518749.5596130267,574124.8891999011,311.2082463509408,221,49:05
62.3%,3115000,12460.000000703438,-3520259.015369015,575422.3485041339,311.9115428677399,221,49:01
62.4%,3117500,12470.000000705475,-3520691.7595120687,573859.7890793893,311.0645470528196,221,48:57
62.4%,3120000,12480.000000707512,-3520979.5294033196,571574.2783221209,309.82567061989414,221,48:53
62.5%,3122500,12490.00000070955,-3519159.966080187,572162.3714438502,310.1444504403605,221,48:49
62.5%,3125000,12500.000000711587,-3516373.2092896607,573731.0542734609,310.99476548795286,221,48:46
62.5%,3127500,12510.000000713624,-3516958.109758178,574891.9291747299,311.62402551317183,221,48:42
62.6%,3130000,12520.000000715661,-3518677.315980632,573940.1775108301,311.10812214117794,221,48:38
62.6%,3132500,12530.000000717699,-3517944.9123848043,573485.1453354709,310.8614688990164,221,48:34
62.7%,3135000,12540.000000719736,-3520787.8865636084,575604.114553569,312.01007037378423,221,48:30
62.8%,3137500,12550.000000721773,-3517989.342329437,573804.6378679062,311.03465196878363,221,48:26
62.8%,3140000,12560.00000072381,-3523247.3177568726,572853.5909281524,310.51913059723904,221,48:22
62.9%,3142500,12570.000000725848,-3519635.0683886874,573007.204207656,310.6023977055456,221,48:18
62.9%,3145000,12580.000000727885,-3519094.808623584,572048.9690429291,310.08297990844926,221,48:14
63.0%,3147500,12590.000000729922,-3518066.5522809997,577269.1747270112,312.91262740692014,221,48:10
63.0%,3150000,12600.00000073196,-3518556.332357755,572320.344119922,310.23008058881163,221,48:07
63.0%,3152500,12610.000000733997,-3518777.387079211,572724.5982672076,310.4492092603315,221,48:03
63.1%,3155000,12620.000000736034,-3520496.4012114163,570977.0488308547,309.50193836905055,221,47:59
63.1%,3157500,12630.000000738071,-3522230.1718183123,572923.7678028058,310.55717044276065,221,47:55
63.2%,3160000,12640.000000740109,-3519087.58487436,574987.7202515661,311.675949708759,221,47:51
63.2%,3162500,12650.000000742146,-3517413.80574912,572724.4935800771,310.4491525139703,221,47:47
63.3%,3165000,12660.000000744183,-3520774.988647161,573305.4277700719,310.7640517874812,221,47:43
63.4%,3167500,12670.00000074622,-3519522.8232796863,571073.8359474319,309.55440247465884,221,47:39
63.4%,3170000,12680.000000748258,-3519402.365804309,577182.7244387877,312.8657664484411,221,47:35
63.5%,3172500,12690.000000750295,-3521952.2206215765,576957.6052391189,312.7437390765805,221,47:31
63.5%,3175000,12700.000000752332,-3520480.7795014326,575219.1858250716,311.8014171751175,221,47:27
63.5%,3177500,12710.00000075437,-3520172.556500349,575023.2076046515,311.69518586648195,221,47:24
63.6%,3180000,12720.000000756407,-3520930.209778441,573690.2955711491,310.97267196003133,221,47:20
63.6%,3182500,12730.000000758444,-3517294.9072387554,573846.8860386561,311.0575528730606,221,47:16
63.7%,3185000,12740.000000760481,-3522040.0142288636,576500.9984036454,312.49623227934404,221,47:12
63.8%,3187500,12750.000000762519,-3514535.331348207,574810.5007944853,311.5798867135904,221,47:08
63.8%,3190000,12760.000000764556,-3520260.4611141942,575731.0884625085,312.07889743262933,221,47:04
63.9%,3192500,12770.000000766593,-3518659.9357029274,574481.4443014283,311.4015194348309,221,47:00
63.9%,3195000,12780.00000076863,-3518420.1894184314,572135.8671166355,310.1300835920522,221,46:56
64.0%,3197500,12790.000000770668,-3524684.722248951,572556.3886634549,310.3580301165807,221,46:52
64.0%,3200000,12800.000000772705,-3520697.1194930766,575095.1062435454,311.73415900585655,221,46:48
64.0%,3202500,12810.000000774742,-3519334.4049881753,575308.165318064,311.84964910600263,221,46:45
64.1%,3205000,12820.00000077678,-3519695.9061999507,574526.4941136583,311.4259389876604,221,46:41
64.2%,3207500,12830.000000778817,-3517779.903115295,574127.3021550446,311.2095543094579,221,46:37
64.2%,3210000,12840.000000780854,-3518741.8609866127,574133.401867233,311.21286069935513,221,46:33
64.2%,3212500,12850.000000782891,-3520486.8304787315,573984.0848755909,311.1319224226953,221,46:29
64.3%,3215000,12860.000000784928,-3519411.5758812074,574452.0931854141,311.3856094655628,221,46:25
64.3%,3217500,12870.000000786966,-3518747.960021967,572656.11145486,310.4120855244165,221,46:21
64.4%,3220000,12880.000000789003,-3516249.536284318,575747.4879930242,312.08778690812284,221,46:17
64.5%,3222500,12890.00000079104,-3521549.9029398207,574811.2209685341,311.5802770887631,221,46:13
64.5%,3225000,12900.000000793078,-3518016.851829525,572938.1723302524,310.5649785134618,221,46:09
64.5%,3227500,12910.000000795115,-3519222.8441546634,573555.8199831892,310.899778565766,221,46:06
64.6%,3230000,12920.000000797152,-3518460.781925237,572507.8812112208,310.33173632679956,221,46:02
64.7%,3232500,12930.00000079919,-3519395.3306863382,574310.1253660253,311.3086548570074,221,45:58
64.7%,3235000,12940.000000801227,-3521886.7218973488,573172.8267275759,310.6921745031555,221,45:54
64.8%,3237500,12950.000000803264,-3520625.0378474817,573716.0106291748,310.98661097968284,221,45:50
64.8%,3240000,12960.000000805301,-3520113.8962909393,572582.9907998441,310.37244998300804,221,45:46
64.8%,3242500,12970.000000807338,-3516194.7005771976,574637.2501642352,311.48597504762085,221,45:42
64.9%,3245000,12980.000000809376,-3515916.1241804175,576528.8871523443,312.5113495626021,221,45:38
65.0%,3247500,12990.000000811413,-3517296.490697963,573255.088451118,310.73676502205996,221,45:34
65.0%,3250000,13000.00000081345,-3519650.3301689457,574375.2993455511,311.34398284967506,221,45:30
65.0%,3252500,13010.000000815488,-3518827.602289466,575229.6327129446,311.8070799807473,221,45:27
65.1%,3255000,13020.000000817525,-3521241.2109428905,574666.2445675388,311.50169165837207,221,45:23
65.2%,3257500,13030.000000819562,-3519325.6919679455,572767.6477475858,310.4725445198662,221,45:19
65.2%,3260000,13040.0000008216,-3521560.6621552147,575103.102905444,311.7384936500653,221,45:15
65.2%,3262500,13050.000000823637,-3520716.555641759,572458.00340418,310.30469972700575,221,45:11
65.3%,3265000,13060.000000825674,-3518532.2352704685,572415.9971522265,310.2819299564346,221,45:07
65.3%,3267500,13070.000000827711,-3517040.8274906166,576468.0226258074,312.4783575378269,221,45:03
65.4%,3270000,13080.000000829748,-3518552.579967223,573866.5799762016,311.06822810397745,221,44:59
65.5%,3272500,13090.000000831786,-3518171.8803275134,573672.836415651,310.9632081077101,221,44:55
65.5%,3275000,13100.000000833823,-3518307.732166631,573013.7042235477,310.6059210827498,221,44:52
65.5%,3277500,13110.00000083586,-3519405.8388080653,575596.13552968,312.00574529037675,221,44:48
65.6%,3280000,13120.000000837897,-3518006.918269625,573633.8487084326,310.94207455955546,221,44:44
65.7%,3282500,13130.000000839935,-3520923.160724979,574346.422448182,311.32832993380373,221,44:40
65.7%,3285000,13140.000000841972,-3517710.6223876793,574599.2067860187,311.46535337933443,221,44:36
65.8%,3287500,13150.00000084401,-3518259.8814705703,575873.9306094116,312.1563259762771,221,44:32
65.8%,3290000,13160.000000846047,-3520683.3833412975,573460.207064848,310.84795094218583,221,44:28
65.8%,3292500,13170.000000848084,-3521345.978673814,571909.7469307109,310.0075136288787,221,44:24
65.9%,3295000,13180.000000850121,-3519498.8572710305,574447.9102035965,311.3833420522169,221,44:20
66.0%,3297500,13190.000000852158,-3517518.1717000343,573304.6044089659,310.76360547907217,221,44:16
66.0%,3300000,13200.000000854196,-3518873.213351678,573656.5813033297,310.9543969150673,221,44:13
66.0%,3302500,13210.000000856233,-3519463.0045630876,572216.4583385577,310.17376860435087,221,44:09
66.1%,3305000,13220.00000085827,-3519343.746320389,575611.4963697146,312.0140717367295,221,44:05
66.2%,3307500,13230.000000860307,-3518207.9229105003,573011.9518665059,310.6049712058637,221,44:01
66.2%,3310000,13240.000000862345,-3519414.8511836436,573087.7585833953,310.6460627451238,221,43:57
66.2%,3312500,13250.000000864382,-3518084.0173187368,574062.5470840852,311.17445338898796,221,43:53
66.3%,3315000,13260.00000086642,-3518782.3641570844,574210.2618537787,311.2545231704959,221,43:49
66.3%,3317500,13270.000000868456,-3520439.211829951,572351.3734011332,310.2469002187788,221,43:45
66.4%,3320000,13280.000000870494,-3515767.606375929,574403.5588938694,311.3593011273534,221,43:41
66.5%,3322500,13290.000000872531,-3518280.5386228506,573867.4910318777,311.0687219478163,221,43:37
66.5%,3325000,13300.000000874568,-3518235.740219932,572379.3683376105,310.2620750618342,221,43:33
66.5%,3327500,13310.000000876606,-3521514.850789463,575116.1014731302,311.74553961084985,221,43:30
66.6%,3330000,13320.000000878643,-3518701.0032773837,571704.0717334338,309.8960260089086,221,43:26
66.7%,3332500,13330.00000088068,-3519764.3144731,574905.4847366901,311.63137339643777,221,43:22
66.7%,3335000,13340.000000882717,-3520722.7375604026,572795.3081082031,310.487538003833,221,43:18
66.8%,3337500,13350.000000884755,-3517566.7977555245,572245.0812203947,310.1892838293995,221,43:14
66.8%,3340000,13360.000000886792,-3519145.8572764993,574598.8761634466,311.4651741631521,221,43:10
66.8%,3342500,13370.00000088883,-3516947.8378903735,572561.1748708707,310.36062451240736,221,43:06
66.9%,3345000,13380.000000890866,-3520471.509293385,572998.1471050824,310.5974882423575,221,43:02
67.0%,3347500,13390.000000892904,-3521898.571397405,572544.4883460394,310.3515794697205,221,42:58
67.0%,3350000,13400.000000894941,-3520625.030056661,571685.1636013902,309.8857767291339,221,42:54
67.0%,3352500,13410.000000896978,-3519809.4595460594,571992.4540260264,310.0523455645396,221,42:50
67.1%,3355000,13420.000000899016,-3521721.211523354,572107.2948652486,310.11459581157845,221,42:46
67.2%,3357500,13430.000000901053,-3519074.3046575747,572045.9133868101,310.08132356955826,221,42:43
67.2%,3360000,13440.00000090309,-3518983.9199838284,574671.7203321933,311.5046598333242,221,42:39
67.2%,3362500,13450.000000905127,-3518631.9572428484,574200.9606483717,311.2494813897298,221,42:35
67.3%,3365000,13460.000000907165,-3518284.5951851606,574631.3010250767,311.4827502768442,221,42:31
67.3%,3367500,13470.000000909202,-3517617.9774648175,574642.0595055053,311.4885819833084,221,42:27
67.4%,3370000,13480.00000091124,-3517794.8317749854,574370.6869905036,311.3414826916905,221,42:23
67.5%,3372500,13490.000000913276,-3521024.31978056,573657.1777765233,310.9547202373619,221,42:19
67.5%,3375000,13500.000000915314,-3519468.4690463897,574609.6996402878,311.47104110135757,221,42:15
67.5%,3377500,13510.000000917351,-3518159.3955985066,574091.361912213,311.1900726598109,221,42:11
67.6%,3380000,13520.000000919388,-3516031.504108442,575883.8411845765,312.16169807000693,221,42:07
67.7%,3382500,13530.000000921425,-3519317.2573951315,572200.3219350646,310.1650217586245,221,42:03
67.7%,3385000,13540.000000923463,-3518522.343850136,576097.6323683204,312.2775850148683,221,42:00
67.8%,3387500,13550.0000009255,-3519503.877686197,574363.1735622988,311.337409987546,221,41:56
67.8%,3390000,13560.000000927537,-3519515.116064016,575348.0765803142,311.8712832733558,221,41:52
67.8%,3392500,13570.000000929575,-3520500.59545137,575413.1297168776,311.9065457622852,221,41:48
67.9%,3395000,13580.000000931612,-3516787.123080939,575997.1500868342,312.22311792034077,221,41:44
68.0%,3397500,13590.000000933649,-3520146.160434179,574309.6063353743,311.3083735129624,221,41:40
68.0%,3400000,13600.000000935686,-3520040.9079549257,572910.120271144,310.54977270670116,221,41:36
68.0%,3402500,13610.000000937724,-3517263.3518222626,575262.181796569,311.8247234298045,221,41:32
68.1%,3405000,13620.00000093976,-3519247.907303635,572090.6464850027,310.10557144541986,221,41:28
68.2%,3407500,13630.000000941798,-3519394.362072775,570901.8821864955,309.4611937853978,221,41:24
68.2%,3410000,13640.000000943835,-3518547.1727434155,572725.8204255782,310.4498717394722,221,41:20
68.2%,3412500,13650.000000945873,-3517174.3887275234,574101.5915929964,311.1956177268811,221,41:17
68.3%,3415000,13660.00000094791,-3516540.5713041928,574408.9361371829,311.362215898152,221,41:13
68.3%,3417500,13670.000000949947,-3522664.433616435,574631.1525206389,311.48266977901784,221,41:09
68.4%,3420000,13680.000000951984,-3519313.165394701,574611.7197307675,311.47213610494913,221,41:05
68.5%,3422500,13690.000000954022,-3518081.1218064614,572738.8617096327,310.4569408549506,221,41:01
68.5%,3425000,13700.000000956059,-3516518.470881216,574092.7102740856,311.1908035484062,221,40:57
68.5%,3427500,13710.000000958096,-3523473.4837936033,575452.358572039,311.92781002629954,221,40:53
68.6%,3430000,13720.000000960134,-3521715.53828717,573974.5389555306,311.1267479927104,221,40:49
68.7%,3432500,13730.00000096217,-3519960.4732121304,574310.2487982272,311.30872176426027,221,40:45
68.7%,3435000,13740.000000964208,-3518073.537695281,572295.2548680368,310.21648079157535,221,40:41
68.8%,3437500,13750.000000966245,-3518758.4101468977,576542.6843273633,312.51882841384685,221,40:38
68.8%,3440000,13760.000000968283,-3519141.209175274,573987.3792713247,311.1337081719955,221,40:34
68.8%,3442500,13770.00000097032,-3517956.1226990744,573245.1082696083,310.73135519774416,221,40:30
68.9%,3445000,13780.000000972357,-3519638.370829258,574501.1217843778,311.4121857464236,221,40:26
69.0%,3447500,13790.000000974394,-3522014.545531329,572484.663189111,310.31915084221174,221,40:22
69.0%,3450000,13800.000000976432,-3522060.2878192626,573469.6085719022,310.8530470921323,221,40:18
69.0%,3452500,13810.000000978469,-3518905.235371625,574864.4156337928,311.60911161379727,221,40:14
69.1%,3455000,13820.000000980506,-3521413.687237531,571740.0056989372,309.9155042558879,221,40:10
69.2%,3457500,13830.000000982543,-3517791.2895904537,573977.3303900246,311.1282611084976,222,40:06
69.2%,3460000,13840.00000098458,-3518371.208644772,574748.5198679838,311.5462895367276,222,40:02
69.2%,3462500,13850.000000986618,-3519909.2478733156,575412.4092726914,311.90615524068266,222,39:58
69.3%,3465000,13860.000000988655,-3515494.6076702364,573843.784925899,311.0558718940942,222,39:54
69.3%,3467500,13870.000000990693,-3515438.5789974853,572849.8042185942,310.5170779859289,222,39:51
69.4%,3470000,13880.00000099273,-3520558.6211361475,576480.3797216585,312.4850557845014,222,39:47
69.5%,3472500,13890.000000994767,-3518070.381456731,572740.0841271186,310.45760347454654,222,39:43
69.5%,3475000,13900.000000996804,-3518293.1700985264,573315.7962338356,310.7696720827967,222,39:39
69.5%,3477500,13910.000000998842,-3521909.5159687046,571526.0530017655,309.7995297615899,222,39:35
69.6%,3480000,13920.000001000879,-3518084.640648961,575343.0332906116,311.86854952435147,222,39:31
69.7%,3482500,13930.000001002916,-3519284.5639586784,574132.7145791712,311.21248815025217,222,39:27
69.7%,3485000,13940.000001004953,-3518034.1627654657,573668.372746273,310.96078854578974,222,39:23
69.8%,3487500,13950.00000100699,-3516937.6564506963,574156.6766043691,311.2254769267033,222,39:19
69.8%,3490000,13960.000001009028,-3519735.901173353,571349.2583837009,309.703697053259,222,39:15
69.8%,3492500,13970.000001011065,-3516862.5275076963,574103.0618099498,311.1964146678402,222,39:12
69.9%,3495000,13980.000001013103,-3517686.183097748,574989.7866368599,311.6770698067649,222,39:08
70.0%,3497500,13990.00000101514,-3516342.0835014414,571714.7990686555,309.90184083290455,222,39:04
70.0%,3500000,14000.000001017177,-3521368.6584892664,574392.5260412444,311.3533206956002,222,39:00
70.0%,3502500,14010.000001019214,-3516882.8888760414,572839.0374002992,310.51124175986826,222,38:56
70.1%,3505000,14020.000001021252,-3518653.9285418876,573634.3945670127,310.94237044585935,222,38:52
70.2%,3507500,14030.000001023289,-3522196.3240844216,574134.4293532333,311.21341765503206,222,38:48
70.2%,3510000,14040.000001025326,-3519756.692279121,574444.8398054794,311.381677722327,222,38:44
70.2%,3512500,14050.000001027363,-3521020.543877175,572617.4482589378,310.39112787978615,222,38:40
70.3%,3515000,14060.0000010294,-3517973.5990312602,573208.0877617786,310.71128798321047,222,38:36
70.3%,3517500,14070.000001031438,-3522000.7805387825,574518.827303812,311.42178314196855,222,38:32
70.4%,3520000,14080.000001033475,-3520503.9456060473,575402.7752326347,311.9009330446628,222,38:29
70.5%,3522500,14090.000001035512,-3518372.589184234,573932.3822725855,311.10389668001153,222,38:25
70.5%,3525000,14100.00000103755,-3520857.187492227,575297.7979556342,311.8440294076726,222,38:21
70.5%,3527500,14110.000001039587,-3516228.817033699,573485.3792489439,310.86159569338304,222,38:17
70.6%,3530000,14120.000001041624,-3521343.317445334,571948.8530358324,310.0287113554108,222,38:13
70.7%,3532500,14130.000001043662,-3520151.9389811475,574148.9431316731,311.2212849459667,222,38:09
70.7%,3535000,14140.000001045699,-3516968.193747023,574955.9431732146,311.65872473033704,222,38:05
70.8%,3537500,14150.000001047736,-3523129.1412993055,572753.9456504077,310.4651172062027,222,38:01
70.8%,3540000,14160.000001049773,-3523292.3492140323,573352.8644062004,310.7897651342112,222,37:57
70.8%,3542500,14170.00000105181,-3518163.115506517,573290.001445283,310.7556898446784,222,37:53
70.9%,3545000,14180.000001053848,-3519002.3079373054,574350.8711049384,311.33074135803184,222,37:50
71.0%,3547500,14190.000001055885,-3521967.7975005414,573830.8494288416,311.048860121167,222,37:46
71.0%,3550000,14200.000001057922,-3519520.376152491,575470.3959898977,311.9375873296112,222,37:42
71.0%,3552500,14210.00000105996,-3516395.11230788,575465.1822431408,311.9347611832175,222,37:38
71.1%,3555000,14220.000001061997,-3519688.9115007073,575369.2326261388,311.88275104987036,222,37:34
71.2%,3557500,14230.000001064034,-3516113.5592296366,572528.9886298173,310.343177744599,222,37:30
71.2%,3560000,14240.000001066071,-3519603.809223991,573661.0703400252,310.9568302275122,222,37:26
71.2%,3562500,14250.000001068109,-3519357.5585581306,572271.931547608,310.2038382293275,222,37:22
71.3%,3565000,14260.000001070146,-3516721.293231992,573849.2049429643,311.0588098506917,222,37:18
71.3%,3567500,14270.000001072183,-3521369.261333214,573333.687333068,310.7793700731158,222,37:14
71.4%,3570000,14280.00000107422,-3523155.2463963274,573024.3079562219,310.61166890715583,222,37:10
71.5%,3572500,14290.000001076258,-3520199.38171711,572641.5202867618,310.4041762838985,222,37:06
71.5%,3575000,14300.000001078295,-3522063.5529328324,573828.0498656203,311.04734259914864,222,37:03
71.5%,3577500,14310.000001080332,-3519821.1418771874,575025.7523595016,311.6965652679139,222,36:59
71.6%,3580000,14320.00000108237,-3517827.920982484,573062.6504756936,310.6324527269657,222,36:55
71.7%,3582500,14330.000001084407,-3519726.5813123193,571208.9243468507,309.6276280474852,222,36:51
71.7%,3585000,14340.000001086444,-3518594.8443913497,576548.152541987,312.5217924962543,222,36:47
71.8%,3587500,14350.000001088481,-3521217.7055483796,575115.4658765686,311.7451950814712,222,36:43
71.8%,3590000,14360.000001090519,-3517460.5403260738,573568.2617143295,310.90652268956654,222,36:39
71.8%,3592500,14370.000001092556,-3521303.4549246114,574791.961267192,311.5698372384925,222,36:35
71.9%,3595000,14380.000001094593,-3519069.91918288,574669.6979813284,311.5035636044757,222,36:31
72.0%,3597500,14390.00000109663,-3520250.9853114337,571451.9341383846,309.75935313464305,222,36:27
72.0%,3600000,14400.000001098668,-3521401.799235996,574424.9402995291,311.37089106167787,222,36:23
72.0%,3602500,14410.000001100705,-3517947.344747793,574335.0635558236,311.3221727700266,222,36:20
72.1%,3605000,14420.000001102742,-3519588.1270354837,575309.2784665539,311.8502524956065,222,36:16
72.2%,3607500,14430.00000110478,-3516216.905236665,574381.8113719984,311.34751273728136,222,36:12
72.2%,3610000,14440.000001106817,-3515214.787269853,574016.6187084246,311.14955760495917,222,36:08
72.2%,3612500,14450.000001108854,-3519284.7354567125,573185.4580147403,310.6990213770701,222,36:04
72.3%,3615000,14460.000001110891,-3520642.7501203083,573701.0485149343,310.9785006653208,222,36:00
72.3%,3617500,14470.000001112929,-3522075.476764094,573786.2207709176,311.0246688578534,222,35:56
72.4%,3620000,14480.000001114966,-3519307.891851254,573437.2842063067,310.83552545298966,222,35:52
72.5%,3622500,14490.000001117003,-3519380.510572158,574210.0223307079,311.254393335409,222,35:48
72.5%,3625000,14500.00000111904,-3521850.743072098,575326.7056051379,311.85969899294474,222,35:44
72.5%,3627500,14510.000001121078,-3523523.627493687,573723.2850221787,310.9905541131937,222,35:41
72.6%,3630000,14520.000001123115,-3519459.724416297,572587.9196605254,310.37512170499394,222,35:37
72.7%,3632500,14530.000001125152,-3519325.311810516,572509.8137465336,310.3327838705257,222,35:33
72.7%,3635000,14540.00000112719,-3518739.6172862053,574325.7848934599,311.31714320886834,222,35:29
72.8%,3637500,14550.000001129227,-3521445.9720291346,573426.4867784823,310.8296726348284,222,35:25
72.8%,3640000,14560.000001131264,-3521827.897467179,574355.1524541136,311.3330620920636,222,35:21
72.8%,3642500,14570.000001133301,-3517515.343118483,574458.5207094233,311.3890935480559,222,35:17
72.9%,3645000,14580.000001135339,-3518730.9860814493,572822.011415558,310.5020127106607,222,35:13
73.0%,3647500,14590.000001137376,-3516359.496528011,573583.0445447017,310.9145358219055,222,35:09
73.0%,3650000,14600.000001139413,-3521379.5633746795,575213.7187054306,311.7984536862528,222,35:05
73.0%,3652500,14610.00000114145,-3521032.8135890905,572962.7172922282,310.5782832747027,222,35:01
73.1%,3655000,14620.000001143488,-3521194.520063719,572217.1899655706,310.17416518767953,222,34:58
73.2%,3657500,14630.000001145525,-3516992.597590385,574017.4477989345,311.15000701903006,222,34:54
73.2%,3660000,14640.000001147562,-3518513.6438525002,574688.4664588285,311.51373718356865,222,34:50
73.2%,3662500,14650.0000011496,-3518076.164945917,573344.2578925749,310.78509991578414,222,34:46
73.3%,3665000,14660.000001151637,-3520176.8585014865,574975.1245441976,311.6691221211113,222,34:42
73.3%,3667500,14670.000001153674,-3517259.7487343866,574238.9122974081,311.2700533355989,222,34:38
73.4%,3670000,14680.000001155711,-3522737.3765841983,574448.6780893392,311.3837582898333,222,34:34
73.5%,3672500,14690.000001157749,-3518577.0481763054,573749.9798111308,311.0050242025641,222,34:30
73.5%,3675000,14700.000001159786,-3520494.6035228074,575729.9333210051,312.07827128043084,222,34:26
73.5%,3677500,14710.000001161823,-3517553.0937415063,573201.1645854563,310.70753522905716,222,34:22
73.6%,3680000,14720.00000116386,-3521431.8979769982,574335.0529835117,311.322167039234,222,34:19
73.7%,3682500,14730.000001165898,-3519141.7633165047,575280.7913886326,311.83481088398105,222,34:15
73.7%,3685000,14740.000001167935,-3522893.3984676786,574430.2459028313,311.37376699952796,222,34:11
73.8%,3687500,14750.000001169972,-3522810.6639985014,573468.4659127477,310.8524277060748,222,34:07
73.8%,3690000,14760.00000117201,-3518544.7294925116,572617.9590528694,310.39140475906225,222,34:03
73.8%,3692500,14770.000001174047,-3521650.113927543,573630.3267181541,310.9401654411061,222,33:59
73.9%,3695000,14780.000001176084,-3518998.2358993962,573634.8395743633,310.94261166507806,222,33:55
74.0%,3697500,14790.000001178121,-3519215.3623118177,574000.2154688719,311.14066611895726,222,33:51
74.0%,3700000,14800.000001180159,-3520214.9168006144,573610.0486776348,310.92917359325526,222,33:47
74.0%,3702500,14810.000001182196,-3520155.996901462,575088.6315395657,311.7306493491441,222,33:43
74.1%,3705000,14820.000001184233,-3520550.960280774,575153.838664931,311.7659953087362,222,33:40
74.2%,3707500,14830.00000118627,-3521978.0978304744,574339.0485399608,311.32433285740194,222,33:36
74.2%,3710000,14840.000001188308,-3520141.1829065196,575206.7222819226,311.7946612279713,222,33:32
74.2%,3712500,14850.000001190345,-3524214.736633895,572631.5791358306,310.3987876163696,222,33:28
74.3%,3715000,14860.000001192382,-3520509.2207326423,575361.6552656111,311.8786436907815,222,33:24
74.3%,3717500,14870.00000119442,-3519506.618273549,575084.2988663954,311.7283007945966,222,33:20
74.4%,3720000,14880.000001196457,-3521102.545927638,574397.71890486,311.3561355221471,222,33:16
74.5%,3722500,14890.000001198494,-3521382.8455278296,575488.2198829975,311.9472488903954,222,33:12
74.5%,3725000,14900.000001200531,-3520036.853456745,572974.8199169971,310.58484358362057,222,33:08
74.5%,3727500,14910.000001202568,-3517192.542506175,573845.2314121863,311.0566559716865,222,33:04
74.6%,3730000,14920.000001204606,-3518276.639818672,575461.3347412344,311.93267561900734,222,33:01
74.7%,3732500,14930.000001206643,-3520613.75601002,574241.1915872623,311.27128883994965,222,32:57
74.7%,3735000,14940.00000120868,-3519583.3815756664,574910.6443859793,311.6341702189363,222,32:53
74.8%,3737500,14950.000001210718,-3518103.780576201,573026.2351675185,310.6127135649633,222,32:49
74.8%,3740000,14960.000001212755,-3519259.6186522767,574535.2366752732,311.4306779518126,222,32:45
74.8%,3742500,14970.000001214792,-3522040.9842705745,572360.9323162423,310.25208169281706,222,32:41
74.9%,3745000,14980.00000121683,-3521193.918252889,573207.823363357,310.7111446642729,222,32:37
75.0%,3747500,14990.000001218867,-3522158.0903695878,572083.7618657791,310.10183959140045,222,32:33
75.0%,3750000,15000.000001220904,-3520443.664753223,574373.532127399,311.3430249172245,222,32:29
75.0%,3752500,15010.000001222941,-3517535.608699074,574960.370407911,311.66112454259394,222,32:25
75.1%,3755000,15020.000001224978,-3518529.4949161615,572704.9118022098,310.4385380799593,222,32:22
75.2%,3757500,15030.000001227016,-3519880.741385216,572854.9049894859,310.51984289299713,222,32:18
75.2%,3760000,15040.000001229053,-3518401.423295496,574538.3510080004,311.4323660967525,222,32:14
75.2%,3762500,15050.00000123109,-3519922.9297836963,574857.2360331276,311.60521986310937,222,32:10
75.3%,3765000,15060.000001233127,-3520427.1284094304,573321.7923957596,310.7729223425787,222,32:06
75.3%,3767500,15070.000001235165,-3520436.399962891,575241.2382633013,311.81337084714653,222,32:02
75.4%,3770000,15080.000001237202,-3522705.9257742874,573180.364487113,310.69626039626183,222,31:58
75.5%,3772500,15090.00000123924,-3517965.6428506672,575427.6284501902,311.9144048979078,222,31:54
75.5%,3775000,15100.000001241277,-3518150.802093994,573979.15253372,311.12924881370725,222,31:50
75.5%,3777500,15110.000001243314,-3520096.50712876,573705.4542093372,310.98088880151715,222,31:46
75.6%,3780000,15120.000001245351,-3517601.856220262,577580.9997652444,313.08165426003586,222,31:42
75.7%,3782500,15130.000001247388,-3520082.8893032074,573897.0436292207,311.0847411313898,222,31:39
75.7%,3785000,15140.000001249426,-3518703.951783683,572894.9222545389,310.5415345198804,222,31:35
75.8%,3787500,15150.000001251463,-3514548.0960016362,573781.4002420073,311.0220558578304,222,31:31
75.8%,3790000,15160.0000012535,-3519853.5040242802,571419.3965485436,309.7417159158682,222,31:27
75.8%,3792500,15170.000001255537,-3520762.0392569136,574581.7204242675,311.45587477968127,222,31:23
75.9%,3795000,15180.000001257575,-3519603.3407991976,575109.4613446335,311.74194028466854,222,31:19
76.0%,3797500,15190.000001259612,-3519982.346864829,573106.7631668617,310.65636430703915,222,31:15
76.0%,3800000,15200.00000126165,-3520644.059899494,572762.7887559952,310.4699106708895,222,31:11
76.0%,3802500,15210.000001263686,-3516031.6624821704,575055.4083308735,311.71264048607304,222,31:07
76.1%,3805000,15220.000001265724,-3520539.3065125253,572832.3335046006,310.5076078682476,222,31:03
76.2%,3807500,15230.000001267761,-3519503.164673006,573363.3585900767,310.79545357695685,222,30:59
76.2%,3810000,15240.000001269798,-3520080.950226238,573963.6119076391,311.12082491312253,222,30:56
76.2%,3812500,15250.000001271836,-3522099.9745049607,573102.7442306629,310.65418581572106,222,30:52
76.3%,3815000,15260.000001273873,-3517983.0862011965,572546.319350017,310.3525719777055,222,30:48
76.3%,3817500,15270.00000127591,-3519140.317099232,575327.2513113302,311.8599947966459,222,30:44
76.4%,3820000,15280.000001277947,-3520287.50605613,571841.7566196122,309.97065902479545,222,30:40
76.5%,3822500,15290.000001279985,-3519898.6245887987,574201.1328718977,311.24957474464696,222,30:36
76.5%,3825000,15300.000001282022,-3518708.202934148,574271.1430206541,311.28752421527804,222,30:32
76.5%,3827500,15310.00000128406,-3519612.4598226584,573730.0032039918,310.9941957486986,222,30:28
76.6%,3830000,15320.000001286096,-3517576.862656262,574766.4635083552,311.5560160073235,222,30:24
76.7%,3832500,15330.000001288134,-3519192.1796346176,573827.3653103446,311.04697153137073,222,30:20
76.7%,3835000,15340.000001290171,-3518939.521471424,574930.3322401914,311.6448421523414,222,30:17
76.8%,3837500,15350.000001292208,-3520284.4326989036,575299.592059905,311.84500191392414,222,30:13
76.8%,3840000,15360.000001294246,-3521705.2056024205,575632.8197300081,312.02563020717395,222,30:09
76.8%,3842500,15370.000001296283,-3518375.0778747126,575065.1649415912,311.71792912234173,222,30:05
76.9%,3845000,15380.00000129832,-3521504.625801932,574375.0692313781,311.3438581147445,222,30:01
77.0%,3847500,15390.000001300357,-3518421.993587142,575802.4247675994,312.1175657551949,222,29:57
77.0%,3850000,15400.000001302395,-3519846.88861678,573138.5168589425,310.6735766087761,222,29:53
77.0%,3852500,15410.000001304432,-3520063.839460183,571212.7120885246,309.62968121826054,222,29:49
77.1%,3855000,15420.00000130647,-3517796.8854741454,575044.5895784115,311.706776108749,222,29:45
77.2%,3857500,15430.000001308506,-3517189.444466533,572633.9310798177,310.4000625033802,222,29:41
77.2%,3860000,15440.000001310544,-3518427.971296767,573904.6083635498,311.0888416463631,222,29:37
77.2%,3862500,15450.000001312581,-3521716.4820752833,574498.5403964113,311.4107864877652,222,29:34
77.3%,3865000,15460.000001314618,-3519724.8020886313,573601.3151477659,310.9244395248216,222,29:30
77.3%,3867500,15470.000001316655,-3522214.676315056,573161.1668377127,310.68585418166236,222,29:26
77.4%,3870000,15480.000001318693,-3520834.7025045715,573021.1329826823,310.60994789145695,222,29:22
77.5%,3872500,15490.00000132073,-3518500.1743379235,572163.7363064364,310.14519027327833,222,29:18
77.5%,3875000,15500.000001322767,-3519492.9648869224,575224.6835377807,311.8043972471598,222,29:14
77.5%,3877500,15510.000001324805,-3521390.5208648257,574415.4229409175,311.3657321136178,222,29:10
77.6%,3880000,15520.000001326842,-3521295.1028816495,575438.2560776636,311.9201656746501,222,29:06
77.7%,3882500,15530.000001328879,-3518107.2427750546,573673.1592884075,310.963383123053,222,29:02
77.7%,3885000,15540.000001330916,-3520050.3601255957,571857.9496941386,309.9794365894354,222,28:58
77.8%,3887500,15550.000001332954,-3518237.768912215,572449.6952338967,310.30019622758795,222,28:55
77.8%,3890000,15560.00000133499,-3520279.7329383623,574952.0515395801,311.6566152442277,222,28:51
77.8%,3892500,15570.000001337028,-3519090.9686230533,575570.3493106959,311.99176769745054,222,28:47
77.9%,3895000,15580.000001339065,-3519093.972994322,572103.458307956,310.1125161799695,222,28:43
78.0%,3897500,15590.000001341103,-3521514.2619065195,574195.4219170302,311.2464790832626,222,28:39
78.0%,3900000,15600.00000134314,-3523036.5633377302,574665.1773816999,311.50111318313134,222,28:35
78.0%,3902500,15610.000001345177,-3521979.622815538,573252.8711388642,310.7355631130832,222,28:31
78.1%,3905000,15620.000001347214,-3519899.480880035,575021.960655004,311.69450994906333,222,28:27
78.2%,3907500,15630.000001349252,-3521564.961648302,574591.9433958308,311.4614162099739,222,28:23
78.2%,3910000,15640.000001351289,-3518250.858420087,572411.5531380686,310.2795210487582,222,28:19
78.2%,3912500,15650.000001353326,-3519810.4437635057,574851.2726572285,311.601987375212,222,28:16
78.3%,3915000,15660.000001355364,-3516121.728986947,572827.8701210369,310.5051884612549,222,28:12
78.3%,3917500,15670.0000013574,-3520238.2697929125,573024.6499806747,310.61185430380425,222,28:08
78.4%,3920000,15680.000001359438,-3521049.4584270827,572871.9198694563,310.52906592278924,222,28:04
78.5%,3922500,15690.000001361475,-3521537.0507388115,575646.0517705928,312.0328027235087,222,28:00
78.5%,3925000,15700.000001363513,-3522553.944465941,576222.3105511258,312.34516765996693,222,27:56
78.5%,3927500,15710.00000136555,-3520215.768070478,572913.3285647407,310.5515117837605,222,27:52
78.6%,3930000,15720.000001367587,-3517768.0987638533,574719.23592609,311.53041597964204,222,27:48
78.7%,3932500,15730.000001369624,-3517033.9418106973,575427.2653402776,311.91420807174455,222,27:44
78.7%,3935000,15740.000001371662,-3521763.845299974,576555.0902485133,312.525553126602,222,27:40
78.8%,3937500,15750.000001373699,-3519763.943523705,573794.5443596876,311.02918071496526,222,27:37
78.8%,3940000,15760.000001375736,-3519605.8476589136,575349.5601886485,311.87208747320267,222,27:33
78.8%,3942500,15770.000001377774,-3517185.997424703,574855.9049742406,311.6044983537133,222,27:29
78.9%,3945000,15780.00000137981,-3517481.551599806,573371.6588913857,310.7999528109444,222,27:25
79.0%,3947500,15790.000001381848,-3516592.065010324,575488.0751496603,311.94717043671943,222,27:21
79.0%,3950000,15800.000001383885,-3519828.688128177,574563.0283493863,311.4457426151404,222,27:17
79.0%,3952500,15810.000001385923,-3519715.9666779954,572514.3214942422,310.33522732540075,222,27:13
79.1%,3955000,15820.00000138796,-3518045.264556486,573479.1297470168,310.8582081089535,222,27:09
79.2%,3957500,15830.000001389997,-3524143.8997148145,576655.4588584288,312.57995860469237,222,27:05
79.2%,3960000,15840.000001392034,-3520328.212746078,575097.3644431983,311.73538307812214,222,27:01
79.2%,3962500,15850.000001394072,-3520775.7408530675,571967.663953871,310.0389079396822,222,26:58
79.3%,3965000,15860.000001396109,-3520135.4396844264,576261.2230916631,312.366260463518,222,26:54
79.3%,3967500,15870.000001398146,-3522241.0692849327,572365.3816224344,310.2544934690761,222,26:50
79.4%,3970000,15880.000001400183,-3516066.9052716177,575096.4182948624,311.7348702120717,222,26:46
79.5%,3972500,15890.00000140222,-3515083.762320373,573561.1289021086,310.9026563008686,222,26:42
79.5%,3975000,15900.000001404258,-3521547.6474445425,574147.5253161024,311.22051640952856,222,26:38
79.5%,3977500,15910.000001406295,-3520913.1243656185,574101.0183280995,311.19530698479934,222,26:34
79.6%,3980000,15920.000001408333,-3520017.620257266,573248.0835882429,310.7329679891629,222,26:30
79.7%,3982500,15930.00000141037,-3521410.6668695845,575879.7194464926,312.15946385423763,222,26:26
79.7%,3985000,15940.000001412407,-3520897.9906713497,575591.5516860217,312.0032605871819,222,26:22
79.8%,3987500,15950.000001414444,-3519539.667108666,576306.7111170117,312.39091755270715,222,26:19
79.8%,3990000,15960.000001416482,-3519254.6691228077,574152.3506444406,311.22313201111365,222,26:15
79.8%,3992500,15970.000001418519,-3518996.625841737,574847.4634106681,311.5999225475686,222,26:11
79.9%,3995000,15980.000001420556,-3519047.530151816,575235.1474206202,311.8100692650252,222,26:07
80.0%,3997500,15990.000001422593,-3522061.76765156,574789.1969450423,311.56833881913326,222,26:03
80.0%,4000000,16000.00000142463,-3515574.9314514436,575243.4708445519,311.81458103278544,222,25:59
80.0%,4002500,16010.000001426668,-3522173.4672260657,573163.9541082144,310.6873650403296,222,25:55
80.1%,4005000,16020.000001428705,-3518997.6595321577,575805.4246965927,312.1191918868236,222,25:51
80.2%,4007500,16030.000001430742,-3520999.454827886,571801.3532517399,309.9487581082897,222,25:47
80.2%,4010000,16040.00000143278,-3519171.1674723886,571686.0957575084,309.88628201060897,222,25:43
80.2%,4012500,16050.000001434817,-3518653.5072065927,575077.0731992992,311.72438407329076,222,25:40
80.3%,4015000,16060.000001436854,-3520577.9818229564,572312.6196394524,310.22589348237165,222,25:36
80.3%,4017500,16070.000001438892,-3519521.1528763045,571807.7664393387,309.9522344196353,222,25:32
80.4%,4020000,16080.000001440929,-3519154.6177414358,573994.7088087217,311.13768119689445,222,25:28
80.5%,4022500,16090.000001442966,-3520947.9471941907,573800.2199566865,311.03225721037984,222,25:24
80.5%,4025000,16100.000001445003,-3519162.072575759,574776.332725673,311.5613656827549,222,25:20
80.5%,4027500,16110.00000144704,-3517927.010226857,574096.1246494828,311.1926543334875,222,25:16
80.6%,4030000,16120.000001449078,-3521228.239234265,574888.1737585922,311.62198986467007,222,25:12
80.7%,4032500,16130.000001451115,-3517436.0511681214,574615.9965876327,311.474454403894,222,25:08
80.7%,4035000,16140.000001453152,-3517183.4700081106,574342.0214001398,311.32594431619844,222,25:04
80.8%,4037500,16150.00000145519,-3516912.865484845,577864.4293337268,313.23528915834925,222,25:01
80.8%,4040000,16160.000001457227,-3517093.946020875,576082.1407553875,312.26918768218917,222,24:57
80.8%,4042500,16170.000001459264,-3520287.691477658,572738.8766039729,310.45694892852754,222,24:53
80.9%,4045000,16180.000001461302,-3518814.683124747,574655.9798727261,311.4961276117124,222,24:49
81.0%,4047500,16190.000001463339,-3519644.255913863,575706.9328116855,312.0658037001096,222,24:45
81.0%,4050000,16200.000001465376,-3522670.2893030997,575314.6962818097,311.85318925869854,222,24:41
81.0%,4052500,16210.000001467413,-3515816.9343869183,575412.8751279977,311.90640776067556,222,24:37
81.1%,4055000,16220.00000146945,-3516445.6939607076,575457.6798349774,311.9306944525604,222,24:33
81.2%,4057500,16230.000001471488,-3521699.007378008,577025.7579319291,312.7806817007595,222,24:29
81.2%,4060000,16240.000001473525,-3518164.6206655093,575064.1577505714,311.7173831676951,222,24:25
81.2%,4062500,16250.000001475562,-3519839.763954375,574165.6631717758,311.2303481558312,222,24:22
81.3%,4065000,16260.0000014776,-3521082.376882147,575554.7364923029,311.9833046645389,222,24:18
81.3%,4067500,16270.000001479637,-3520775.5412829686,573849.1796582066,311.0587961449193,222,24:14
81.4%,4070000,16280.000001481674,-3518246.886433279,574801.5970610484,311.57506038517124,222,24:10
81.5%,4072500,16290.000001483711,-3519178.5577162057,572654.8529292761,310.4114033321839,222,24:06
81.5%,4075000,16300.000001485749,-3517817.815861201,576070.9335677861,312.2631127509929,222,24:02
81.5%,4077500,16310.000001487786,-3515668.793423388,575909.4402267516,312.17557420248863,222,23:58
81.6%,4080000,16320.000001489823,-3519219.701497309,573312.432723013,310.76784886919916,222,23:54
81.7%,4082500,16330.00000149186,-3521251.57864091,574018.8763699753,311.1507813855429,222,23:50
81.7%,4085000,16340.000001493898,-3519220.513462007,574776.4758587186,311.56144326898215,222,23:46
81.8%,4087500,16350.000001495935,-3520404.908220563,573969.8053546017,311.1241821125827,222,23:43
81.8%,4090000,16360.000001497972,-3520180.4295280892,574886.6998202458,311.621190906505,222,23:39
81.8%,4092500,16370.00000150001,-3522317.030834589,572851.8785824717,310.51820240877964,222,23:35
81.9%,4095000,16380.000001502047,-3517407.099097969,571041.1117995305,309.53666413083624,222,23:31
82.0%,4097500,16390.000001504082,-3521140.477200892,574533.0154667725,311.42947393084904,222,23:27
82.0%,4100000,16400.00000150612,-3523497.997523032,572562.4873643892,310.36133595832086,222,23:23
82.0%,4102500,16410.000001508157,-3521699.3923105095,575522.6484730178,311.9659111384988,222,23:19
82.1%,4105000,16420.000001510194,-3517554.918781204,575832.3211979829,312.1337713157738,222,23:15
82.2%,4107500,16430.00000151223,-3516342.170846857,571663.6497353672,309.8741149937812,222,23:11
82.2%,4110000,16440.00000151427,-3520528.412667785,573123.2023620309,310.6652752830241,222,23:07
82.2%,4112500,16450.000001516306,-3520634.3125837836,572667.2142122898,310.41810384853795,222,23:04
82.3%,4115000,16460.000001518343,-3520650.4337032177,573102.9232307493,310.6542828439183,222,23:00
82.3%,4117500,16470.00000152038,-3524821.7555400804,573559.6661685668,310.90186341634296,222,22:56
82.4%,4120000,16480.000001522418,-3520683.6631060448,572977.9521160694,310.58654141313264,222,22:52
82.5%,4122500,16490.000001524455,-3518706.974754732,575007.860616135,311.68686692843755,222,22:48
82.5%,4125000,16500.000001526492,-3519648.372281868,574453.53724092,311.3863922255338,222,22:44
82.5%,4127500,16510.00000152853,-3520257.707842171,574140.6894201164,311.21681096626685,222,22:40
82.6%,4130000,16520.000001530567,-3522605.4649024773,572277.7059898963,310.20696830449407,222,22:36
82.7%,4132500,16530.000001532604,-3518941.5688414797,574978.3406458977,311.67086543060543,222,22:32
82.7%,4135000,16540.00000153464,-3522623.4114550315,574408.8984854852,311.3621954887968,222,22:28
82.8%,4137500,16550.00000153668,-3520845.438678993,573813.8699591724,311.03965628576617,222,22:24
82.8%,4140000,16560.000001538716,-3518678.2054121085,575876.9938021731,312.1579864004557,222,22:21
82.8%,4142500,16570.000001540753,-3523512.5516907386,572964.2427801706,310.57911017567204,222,22:17
82.9%,4145000,16580.00000154279,-3519776.106112132,572857.0018591173,310.52097951524274,222,22:13
83.0%,4147500,16590.000001544828,-3516940.7823549155,575356.0968545884,311.87563071681114,222,22:09
83.0%,4150000,16600.000001546865,-3517325.9942830857,574160.2835570661,311.22743209960146,222,22:05
83.0%,4152500,16610.000001548902,-3519929.9134404287,575639.8932456475,312.0294644537622,222,22:01
83.1%,4155000,16620.00000155094,-3521055.3882626444,575410.4126859409,311.9050729774451,222,21:57
83.2%,4157500,16630.000001552977,-3517761.6369366385,574652.1884874066,311.49407246587435,222,21:53
83.2%,4160000,16640.000001555014,-3517483.4500486925,575004.1482208257,311.68485459966433,222,21:49
83.2%,4162500,16650.00000155705,-3522400.1053661574,571466.400790622,309.76719488050367,222,21:45
83.3%,4165000,16660.00000155909,-3521012.247698432,574140.8834971912,311.2169161670468,222,21:42
83.3%,4167500,16670.000001561126,-3517675.053587815,572117.1917518663,310.1199604853394,222,21:38
83.4%,4170000,16680.000001563163,-3520670.8078722097,573271.8070550095,310.74582745341655,222,21:34
83.5%,4172500,16690.0000015652,-3521194.6340363603,574866.1174460987,311.61003409257034,222,21:30
83.5%,4175000,16700.000001567238,-3520277.897754235,572801.9779032948,310.491153410991,222,21:26
83.5%,4177500,16710.000001569275,-3519415.8459924087,572624.2409432447,310.39480989986737,222,21:22
83.6%,4180000,16720.000001571312,-3518234.3565665185,573906.5678119713,311.0899037785203,222,21:18
83.7%,4182500,16730.00000157335,-3520896.265340224,572562.909269256,310.36156465468326,222,21:14
83.7%,4185000,16740.000001575387,-3517702.820353346,574398.2232574163,311.35640890983245,222,21:10
83.8%,4187500,16750.000001577424,-3524198.2315524276,575360.5002859102,311.87801762628914,222,21:06
83.8%,4190000,16760.00000157946,-3518668.472318493,575394.2395657992,311.8963062292132,222,21:03
83.8%,4192500,16770.0000015815,-3523367.5144327953,574078.0648753396,311.18286491180186,222,20:59
83.9%,4195000,16780.000001583536,-3520461.403335832,572209.7332054733,310.1701232008628,222,20:55
84.0%,4197500,16790.000001585573,-3517498.4704859015,576081.7268134844,312.26896330220467,222,20:51
84.0%,4200000,16800.00000158761,-3520423.204455765,574456.7105697584,311.3881123497115,222,20:47
84.0%,4202500,16810.000001589648,-3518659.0379394665,574992.6129603247,311.6786018343528,222,20:43
84.1%,4205000,16820.000001591685,-3519585.9309076685,572026.4273460009,310.07076103046154,222,20:39
84.2%,4207500,16830.000001593722,-3519833.7681143545,573782.0892829101,311.0224293570726,222,20:35
84.2%,4210000,16840.00000159576,-3525355.806451224,573664.4815992506,310.95867932345175,222,20:31
84.2%,4212500,16850.000001597797,-3518158.380933663,573439.7984364568,310.8368883083033,222,20:28
84.3%,4215000,16860.000001599834,-3519096.509778464,574180.4828138766,311.23838124221453,222,20:24
84.3%,4217500,16870.00000160187,-3522432.916004883,572536.9341509924,310.3474846676358,222,20:20
84.4%,4220000,16880.00000160391,-3519201.80281966,575561.899621167,311.9871874865766,222,20:16
84.5%,4222500,16890.000001605946,-3520866.3269403595,574277.4799610535,311.29095919631794,222,20:12
84.5%,4225000,16900.000001607983,-3519290.2883341685,572945.6182980861,310.56901465025976,222,20:08
84.5%,4227500,16910.00000161002,-3516756.7456690483,575264.4724568457,311.82596509756894,222,20:04
84.6%,4230000,16920.000001612058,-3521156.5071143005,572714.0743275698,310.4435046882758,222,20:00
84.7%,4232500,16930.000001614095,-3522816.960644098,575013.2701912024,311.68979922488023,222,19:56
84.7%,4235000,16940.000001616132,-3520829.132888451,574690.3539288255,311.5147602993381,222,19:52
84.8%,4237500,16950.00000161817,-3522505.689001374,573683.2918112654,310.96887552501823,222,19:48
84.8%,4240000,16960.000001620207,-3521328.269314157,572102.6058107312,310.11205407813185,222,19:45
84.8%,4242500,16970.000001622244,-3518980.3850371893,574802.2504149477,311.5754145400338,222,19:41
84.9%,4245000,16980.00000162428,-3518063.0889770575,576170.5583111772,312.31711501124516,222,19:37
85.0%,4247500,16990.00000162632,-3516586.7210909277,573323.6453873096,310.77392676907476,222,19:33
85.0%,4250000,17000.000001628356,-3522353.1546017453,572270.5294402062,310.2030782076077,222,19:29
85.0%,4252500,17010.000001630393,-3517757.349249335,573460.6267903097,310.84817845718703,222,19:25
85.1%,4255000,17020.00000163243,-3518931.2308520246,573458.337468927,310.84693751517904,222,19:21
85.2%,4257500,17030.000001634467,-3518838.892241847,573403.6046454967,310.8172692211929,222,19:17
85.2%,4260000,17040.000001636505,-3518351.853619758,573837.232406857,311.05232005720535,222,19:13
85.2%,4262500,17050.000001638542,-3517406.735417908,574554.6339716415,311.44119238638996,222,19:10
85.3%,4265000,17060.00000164058,-3519821.1917121783,576138.2455149065,312.2995996433326,222,19:06
85.3%,4267500,17070.000001642617,-3519453.855625812,574026.4898003396,311.15490829652856,222,19:02
85.4%,4270000,17080.000001644654,-3519016.2569373194,574788.4355929589,311.56792612313075,222,18:58
85.5%,4272500,17090.00000164669,-3520198.362730328,575697.0466237694,312.0604448256516,222,18:54
85.5%,4275000,17100.00000164873,-3520902.0801263135,573553.7398632381,310.8986510227969,222,18:50
85.5%,4277500,17110.000001650766,-3520628.723762974,574731.9666022954,311.5373167280528,222,18:46
85.6%,4280000,17120.000001652803,-3518336.226248499,572298.143362476,310.21804651935673,222,18:42
85.7%,4282500,17130.00000165484,-3519196.347855849,574521.1412118019,311.42303741131184,222,18:38
85.7%,4285000,17140.000001656877,-3514840.3648706414,573239.3394366663,310.72822816316136,222,18:34
85.8%,4287500,17150.000001658915,-3521938.995789362,574078.3196173806,311.1830029964335,222,18:31
85.8%,4290000,17160.000001660952,-3518685.8625066467,574072.3696528573,311.1797777782624,222,18:27
85.8%,4292500,17170.00000166299,-3521176.571281459,573434.7673150289,310.8341611551939,222,18:23
85.9%,4295000,17180.000001665027,-3518976.135338085,574615.2921738396,311.4740725716736,222,18:19
86.0%,4297500,17190.000001667064,-3517455.4248751197,572874.3774850827,310.53039808982066,222,18:15
86.0%,4300000,17200.0000016691,-3523251.658176232,574801.5275713885,311.5750227178351,222,18:11
86.0%,4302500,17210.00000167114,-3519112.2876860816,573526.8617311211,310.8840815510344,222,18:07
86.1%,4305000,17220.000001673176,-3522735.5538101215,573043.7240057723,310.62219350702134,222,18:03
86.2%,4307500,17230.000001675213,-3518300.1417958643,574685.5359557918,311.5121486847452,222,17:59
86.2%,4310000,17240.00000167725,-3519496.130263986,572233.9344329898,310.1832416385348,222,17:55
86.2%,4312500,17250.000001679287,-3522105.9662590455,572092.7942519415,310.1067356568922,222,17:52
86.3%,4315000,17260.000001681325,-3518706.75297489,572542.5243465159,310.35051487060787,222,17:48
86.3%,4317500,17270.000001683362,-3518983.7860054523,573730.4272811594,310.99442562257116,222,17:44
86.4%,4320000,17280.0000016854,-3519300.3568335287,571344.1585380055,309.7009326476996,222,17:40
86.5%,4322500,17290.000001687436,-3519462.3595913295,574196.27178064,311.24693975753166,222,17:36
86.5%,4325000,17300.000001689474,-3518985.735504847,573319.7534183008,310.77181710117344,222,17:32
86.5%,4327500,17310.00000169151,-3521090.9343699384,572626.3935891436,310.3959767560129,222,17:28
86.6%,4330000,17320.00000169355,-3520336.6968205497,574901.4077190997,311.6291634217119,222,17:24
86.7%,4332500,17330.000001695586,-3521947.451968726,574966.8398027659,311.66463132145964,222,17:20
86.7%,4335000,17340.000001697623,-3520105.4896098245,575120.5535884919,311.74795290983815,222,17:16
86.8%,4337500,17350.00000169966,-3521852.324112894,573151.8547790885,310.6808065178372,222,17:13
86.8%,4340000,17360.000001701697,-3521468.8364938963,575073.0204961691,311.7221872783811,222,17:09
86.8%,4342500,17370.000001703735,-3520362.8712057937,573968.7400060171,311.1236046332381,222,17:05
86.9%,4345000,17380.000001705772,-3516562.209029477,573775.1074962128,311.0186448327725,222,17:01
87.0%,4347500,17390.00000170781,-3514833.6883406956,574999.5442159977,311.6823589679723,222,16:57
87.0%,4350000,17400.000001709846,-3518835.486464331,575054.7332999567,311.7122745810377,222,16:53
87.0%,4352500,17410.000001711884,-3519521.823199492,573198.5967002795,310.7061432896765,222,16:49
87.1%,4355000,17420.00000171392,-3517335.0155914985,574348.8117940653,311.329625094763,222,16:45
87.2%,4357500,17430.00000171596,-3518917.752163036,573691.2118476535,310.9731686338552,222,16:41
87.2%,4360000,17440.000001717995,-3514042.6522984486,573871.3504419915,311.0708139669502,222,16:37
87.2%,4362500,17450.000001720033,-3520511.394516753,573230.9872849047,310.72370082328825,222,16:34
87.3%,4365000,17460.00000172207,-3516287.8468473926,572681.1300827254,310.4256470394293,222,16:30
87.3%,4367500,17470.000001724107,-3517853.386138253,572249.8015620285,310.19184252223744,222,16:26
87.4%,4370000,17480.000001726145,-3521236.853109697,575546.5531615138,311.97886883520613,222,16:22
87.5%,4372500,17490.00000172818,-3519725.387831595,573876.6749887883,311.0737001732486,222,16:18
87.5%,4375000,17500.00000173022,-3519151.0470697004,575846.1546423244,312.1412698270481,222,16:14
87.5%,4377500,17510.000001732256,-3520046.107817717,574490.0913663227,311.4062066343453,222,16:10
87.6%,4380000,17520.000001734294,-3519071.2994893827,574371.5274319359,311.34193825860496,222,16:06
87.7%,4382500,17530.00000173633,-3521075.7990861516,572034.6460031527,310.07521600868614,222,16:02
87.7%,4385000,17540.000001738368,-3520481.4998461436,573486.0866586918,310.8619791495809,222,15:58
87.8%,4387500,17550.000001740405,-3521591.3329408877,575854.2549953605,312.14566067773336,222,15:55
87.8%,4390000,17560.000001742443,-3522879.23246591,573913.7551097039,311.0937997014552,222,15:51
87.8%,4392500,17570.00000174448,-3515779.838419467,574274.4185305701,311.28929972739405,222,15:47
87.9%,4395000,17580.000001746517,-3519559.0597608425,576705.9951997319,312.60735216739937,222,15:43
88.0%,4397500,17590.000001748554,-3521027.9976318665,572538.3529547664,310.34825373973615,222,15:39
88.0%,4400000,17600.00000175059,-3519895.2518593688,572332.1147412963,310.236460933063,222,15:35
88.0%,4402500,17610.00000175263,-3519570.109568415,573677.6474438012,310.96581595778235,222,15:31
88.1%,4405000,17620.000001754666,-3520048.3621103726,574295.7403636604,311.3008573700078,222,15:27
88.2%,4407500,17630.000001756704,-3519230.4912349097,573790.1995644945,311.0268255895941,222,15:23
88.2%,4410000,17640.00000175874,-3517919.4658850227,576143.2179767109,312.30229499959967,222,15:19
88.2%,4412500,17650.000001760778,-3522057.9825342763,574927.5208647111,311.64331822740894,222,15:16
88.3%,4415000,17660.000001762815,-3516260.749151731,574426.3304082019,311.3716445794062,222,15:12
88.3%,4417500,17670.000001764853,-3517768.266089348,573400.0683340097,310.81535233983635,222,15:08
88.4%,4420000,17680.00000176689,-3520688.1388082746,572819.5405140133,310.50067334190817,222,15:04
88.5%,4422500,17690.000001768927,-3518809.704431344,573660.8017985004,310.95668466277783,222,15:00
88.5%,4425000,17700.000001770964,-3521391.547059322,575410.7403587343,311.9052505946803,222,14:56
88.5%,4427500,17710.000001773,-3517371.6641241293,573136.5168614713,310.6724924967346,222,14:52
88.6%,4430000,17720.00000177504,-3520322.688561173,573619.8819336621,310.93450377562806,222,14:48
88.7%,4432500,17730.000001777076,-3518930.5145287868,575219.4614929871,311.8015666027597,222,14:44
88.7%,4435000,17740.000001779114,-3518534.398787629,576242.8005320553,312.3562743915384,222,14:40
88.8%,4437500,17750.00000178115,-3520266.7020619847,574998.0092073866,311.6815269062606,222,14:37
88.8%,4440000,17760.000001783188,-3521638.601700671,574150.4609368807,311.2221076824581,222,14:33
88.8%,4442500,17770.000001785225,-3520663.891196763,572221.9334673586,310.17673643463434,222,14:29
88.9%,4445000,17780.000001787263,-3515965.4791444857,572748.8211163213,310.4623394181353,222,14:25
89.0%,4447500,17790.0000017893,-3521886.969712971,574836.4020734365,311.5939266755434,222,14:21
89.0%,4450000,17800.000001791337,-3515174.816103341,572858.1618898916,310.52160831770334,222,14:17
89.0%,4452500,17810.000001793374,-3522563.7856943663,573008.1513916121,310.602911132961,222,14:13
89.1%,4455000,17820.00000179541,-3521541.7755453195,575211.523876037,311.79726396426116,222,14:09
89.2%,4457500,17830.00000179745,-3516625.1441463996,571333.8414385365,309.6953401947445,222,14:05
89.2%,4460000,17840.000001799486,-3520278.8186965436,574890.2604351868,311.62312096171166,222,14:01
89.2%,4462500,17850.000001801523,-3522131.222894566,574865.411642996,311.60965150726526,222,13:58
89.3%,4465000,17860.00000180356,-3518763.5598862264,574993.3364804655,311.6789940232971,222,13:54
89.3%,4467500,17870.000001805598,-3521089.254503859,574330.5783420883,311.3197415298429,222,13:50
89.4%,4470000,17880.000001807635,-3523739.267137576,573894.2502753742,311.0832269752047,222,13:46
89.5%,4472500,17890.000001809673,-3519310.9889328238,571891.3587699006,309.9975462029981,222,13:42
89.5%,4475000,17900.00000181171,-3521276.695922032,573401.5537373745,310.8161575126915,222,13:38
89.5%,4477500,17910.000001813747,-3519967.049029555,570435.567299014,309.20842467346694,222,13:34
89.6%,4480000,17920.000001815784,-3521192.442797335,573485.7169864906,310.8617787662852,222,13:30
89.7%,4482500,17930.00000181782,-3520457.2063771468,573990.656797823,311.1354847772135,222,13:26
89.7%,4485000,17940.00000181986,-3518340.9819675814,574173.9572086721,311.23484399415184,222,13:22
89.8%,4487500,17950.000001821896,-3520032.298403969,575181.946348299,311.78123126699984,222,13:19
89.8%,4490000,17960.000001823933,-3518081.6654409524,574218.9249071033,311.2592190366461,222,13:15
89.8%,4492500,17970.00000182597,-3517260.1786033288,573056.0804437556,310.6288913970942,222,13:11
89.9%,4495000,17980.000001828008,-3516513.246220054,575260.033899662,311.82355914788195,222,13:07
90.0%,4497500,17990.000001830045,-3518904.3479972836,573252.1152071278,310.7351533552161,222,13:03
90.0%,4500000,18000.000001832082,-3515443.9339893125,574431.1302847269,311.3742463846652,222,12:59
90.0%,4502500,18010.00000183412,-3519536.290938981,575922.4100192029,312.18260456546403,222,12:55
90.1%,4505000,18020.000001836157,-3519835.054110488,575517.2070759716,311.9629615927392,222,12:51
90.2%,4507500,18030.000001838194,-3518723.05597635,572963.7267353784,310.5788304501317,222,12:47
90.2%,4510000,18040.00000184023,-3521137.6243362315,573194.8006375353,310.70408560840906,222,12:43
90.2%,4512500,18050.00000184227,-3520474.473601522,574485.1039795064,311.40350318787546,222,12:40
90.3%,4515000,18060.000001844306,-3519832.477526352,573006.6248834608,310.60208367898065,222,12:36
90.3%,4517500,18070.000001846343,-3523487.0147918053,573722.3712093438,310.9900587748184,222,12:32
90.4%,4520000,18080.00000184838,-3521124.9828998875,573838.202697618,311.0528460098193,222,12:28
90.5%,4522500,18090.000001850418,-3521808.653161753,573305.1797311491,310.7639173363198,222,12:24
90.5%,4525000,18100.000001852455,-3519838.64756893,572953.2413667627,310.5731467857573,222,12:20
90.5%,4527500,18110.000001854492,-3519435.116287047,573535.0565996887,310.8885236344974,222,12:16
90.6%,4530000,18120.00000185653,-3521830.717204202,573214.028066356,310.7145079651431,222,12:12
90.7%,4532500,18130.000001858567,-3515672.213448895,574520.7507329037,311.4228257496065,222,12:08
90.7%,4535000,18140.000001860604,-3521548.7164803427,572465.2906430144,310.30864982368513,222,12:04
90.8%,4537500,18150.00000186264,-3518323.9854156747,575171.4062393135,311.7755179302408,222,12:01
90.8%,4540000,18160.00000186468,-3522906.0307042412,574223.8496994753,311.2618885533776,222,11:57
90.8%,4542500,18170.000001866716,-3519360.380935034,574865.2508258537,311.6095643352548,222,11:53
90.9%,4545000,18180.000001868753,-3518626.2457580324,574209.1943979224,311.2539445488904,222,11:49
91.0%,4547500,18190.00000187079,-3519006.2768662386,573276.7223404229,310.7484918168375,222,11:45
91.0%,4550000,18200.000001872828,-3521161.3075732887,573712.5637502817,310.9847425758636,222,11:41
91.0%,4552500,18210.000001874865,-3518393.9830900673,573033.2212806989,310.61650043446264,222,11:37
91.1%,4555000,18220.000001876902,-3520169.5953035206,572300.1813945924,310.2191512483327,222,11:33
91.2%,4557500,18230.00000187894,-3517626.048425531,574601.4823719945,311.46658687597306,222,11:29
91.2%,4560000,18240.000001880977,-3519446.331430508,573405.0909127162,310.8180748623063,222,11:25
91.2%,4562500,18250.000001883014,-3518043.7147914898,574724.7593895686,311.5334100100617,222,11:22
91.3%,4565000,18260.00000188505,-3519752.320509622,571826.1841699949,309.9622178740494,222,11:18
91.3%,4567500,18270.00000188709,-3519436.572842419,572659.648487949,310.41400279692226,222,11:14
91.4%,4570000,18280.000001889126,-3518966.9952511042,572164.3195698459,310.1455064351209,222,11:10
91.5%,4572500,18290.000001891163,-3520846.872498177,573164.4259376731,310.6876207986519,222,11:06
91.5%,4575000,18300.0000018932,-3522009.6965171304,571796.2987714533,309.9460182933543,222,11:02
91.5%,4577500,18310.000001895238,-3519158.593546573,573730.0005304861,310.9941942995069,222,10:58
91.6%,4580000,18320.000001897275,-3518844.2075277343,572913.8017153502,310.55176825822144,222,10:54
91.7%,4582500,18330.000001899312,-3520570.2262124866,575568.0139293424,311.99050178832647,222,10:50
91.7%,4585000,18340.00000190135,-3520009.093163114,574305.8014649194,311.3063110574163,222,10:47
91.8%,4587500,18350.000001903387,-3522424.893968083,574876.1757710424,311.6154862750585,222,10:43
91.8%,4590000,18360.000001905424,-3517586.27482968,574712.8567681622,311.5269581143078,222,10:39
91.8%,4592500,18370.00000190746,-3521829.0982473604,573914.7377106335,311.0943323268786,222,10:35
91.9%,4595000,18380.0000019095,-3516566.8539732043,575037.465444458,311.7029144241641,222,10:31
92.0%,4597500,18390.000001911536,-3520200.311760837,573605.8758253013,310.92691167066414,222,10:27
92.0%,4600000,18400.000001913573,-3522181.241848478,574636.4391615868,311.48553543819656,222,10:23
92.0%,4602500,18410.00000191561,-3520212.0718969293,573315.8734308953,310.7697139279806,222,10:19
92.1%,4605000,18420.000001917648,-3517115.609992776,573817.972914997,311.04188032048586,222,10:15
92.2%,4607500,18430.000001919685,-3518666.0295626596,573985.9293987553,311.1329222588462,222,10:11
92.2%,4610000,18440.000001921722,-3517391.6494726185,571604.9104071928,309.8422749470303,222,10:08
92.2%,4612500,18450.00000192376,-3517795.2700213324,573614.4788269808,310.93157498541746,222,10:04
92.3%,4615000,18460.000001925797,-3519593.2584211007,573525.1838957852,310.8831720691388,222,10:00
92.3%,4617500,18470.000001927834,-3520778.2393877786,574052.4511695469,311.1689808308079,222,9:56
92.4%,4620000,18480.00000192987,-3519573.7163635027,573981.4076582813,311.13047121909887,222,9:52
92.5%,4622500,18490.00000193191,-3522406.64509348,572290.7244993465,310.21402507484544,222,9:48
92.5%,4625000,18500.000001933946,-3523755.767010376,574638.815390185,311.4868234888435,222,9:44
92.5%,4627500,18510.000001935983,-3519681.842795845,573569.2827753082,310.9070761625174,222,9:40
92.6%,4630000,18520.00000193802,-3520282.995291872,575001.8406456562,311.6836037630688,222,9:36
92.7%,4632500,18530.000001940058,-3518278.780424487,572740.7500368144,310.4579644353628,222,9:32
92.7%,4635000,18540.000001942095,-3519731.1763295326,573565.1708359667,310.9048472582221,222,9:29
92.8%,4637500,18550.000001944132,-3520543.4989316575,575201.2679867095,311.7917046906738,222,9:25
92.8%,4640000,18560.00000194617,-3521764.321402665,572915.2497512123,310.5525531757712,222,9:21
92.8%,4642500,18570.000001948207,-3519669.3544831946,571268.4500983739,309.6598943802861,222,9:17
92.9%,4645000,18580.000001950244,-3522865.4856557734,573944.5251745387,311.1104788214472,222,9:13
93.0%,4647500,18590.00000195228,-3518796.760153588,572672.1324553513,310.42076981517187,222,9:09
93.0%,4650000,18600.00000195432,-3516993.9917045888,574436.2525208241,311.3770229270921,222,9:05
93.0%,4652500,18610.000001956356,-3520586.2099862024,576117.1030695195,312.28813923902646,222,9:01
93.1%,4655000,18620.000001958393,-3518238.931092063,574228.8721952501,311.26461103089395,222,8:57
93.2%,4657500,18630.00000196043,-3516423.805099871,574702.4437517747,311.5213136689438,222,8:53
93.2%,4660000,18640.000001962468,-3519802.593135521,572701.8093980032,310.4368564009539,222,8:50
93.2%,4662500,18650.000001964505,-3519381.48298279,571288.4763916612,309.6707497668616,222,8:46
93.3%,4665000,18660.000001966542,-3517411.0092166886,573677.350060964,310.9656547594211,222,8:42
93.3%,4667500,18670.00000196858,-3521719.3877730835,576275.9094141589,312.37422128311533,222,8:38
93.4%,4670000,18680.000001970617,-3518129.3680442814,573064.3338408119,310.63336520631697,222,8:34
93.5%,4672500,18690.000001972654,-3519558.062394228,573445.2345813098,310.83983500707643,222,8:30
93.5%,4675000,18700.00000197469,-3521476.9787760414,575228.2125963983,311.80631019704987,222,8:26
93.5%,4677500,18710.00000197673,-3522139.1605112795,574589.1526768949,311.4599034820597,222,8:22
93.6%,4680000,18720.000001978766,-3521496.5898642596,572701.4121827899,310.4366410877838,222,8:18
93.7%,4682500,18730.000001980803,-3519952.5678207353,575625.2018648058,312.02150089225455,222,8:14
93.7%,4685000,18740.00000198284,-3517433.699287856,573295.6596638041,310.75875691997254,222,8:11
93.8%,4687500,18750.000001984878,-3518917.574324984,573799.471441106,311.03185147248985,222,8:07
93.8%,4690000,18760.000001986915,-3519468.587186279,574723.4411990293,311.5326954760399,222,8:03
93.8%,4692500,18770.000001988952,-3519664.3337982204,574586.8968133401,311.4586806760917,222,7:59
93.9%,4695000,18780.00000199099,-3516253.064845063,575412.4873808249,311.9061975797202,222,7:55
94.0%,4697500,18790.000001993027,-3517165.1026992984,573185.246846919,310.69890691213647,222,7:51
94.0%,4700000,18800.000001995064,-3518984.691374138,574958.9017919106,311.6603284694422,222,7:47
94.0%,4702500,18810.0000019971,-3520410.4980496895,574827.663297562,311.58918976347724,222,7:43
94.1%,4705000,18820.00000199914,-3519060.999391252,573994.9024296977,311.13778615044293,222,7:39
94.2%,4707500,18830.000002001176,-3516287.714575922,576172.4660268159,312.31814910130055,222,7:35
94.2%,4710000,18840.000002003213,-3519617.4169199467,573722.2879344712,310.99001363511525,222,7:32
94.2%,4712500,18850.00000200525,-3517357.4706141017,573185.0952033257,310.69882471270984,222,7:28
94.3%,4715000,18860.000002007288,-3521559.6747999303,574480.2480247461,311.40087098503295,222,7:24
94.3%,4717500,18870.000002009325,-3520536.229495233,574506.7544752534,311.4152389842863,222,7:20
94.4%,4720000,18880.000002011362,-3519395.5680655055,573992.925167632,311.1367143622805,222,7:16
94.5%,4722500,18890.0000020134,-3518058.268324632,574657.0045294936,311.4966830337846,222,7:12
94.5%,4725000,18900.000002015437,-3523672.344065603,573015.2335936816,310.60675008808704,222,7:08
94.5%,4727500,18910.000002017474,-3518783.649792686,572504.340612434,310.3298171214834,222,7:04
94.6%,4730000,18920.00000201951,-3518354.5300082415,575861.5760535401,312.14962910641566,222,7:00
94.7%,4732500,18930.00000202155,-3520194.703752972,571810.1656623224,309.9535349345432,222,6:57
94.7%,4735000,18940.000002023586,-3520153.138349084,573246.0812113888,310.73188258736093,222,6:53
94.8%,4737500,18950.000002025623,-3523188.637604311,574729.1443371207,311.5357869002883,222,6:49
94.8%,4740000,18960.00000202766,-3519230.4082542583,573365.4935264878,310.7966108335557,222,6:45
94.8%,4742500,18970.000002029697,-3519974.891507471,574879.7213354562,311.6174081720261,222,6:41
94.9%,4745000,18980.000002031735,-3519273.8817365654,574731.8978376426,311.53727945371156,222,6:37
95.0%,4747500,18990.000002033772,-3522811.131457297,573519.9748744621,310.8803484841983,222,6:33
95.0%,4750000,19000.00000203581,-3520317.203096332,572962.3189595741,310.5780673558163,222,6:29
95.0%,4752500,19010.000002037847,-3519054.136722168,575940.5849542941,312.1924564109139,222,6:25
95.1%,4755000,19020.000002039884,-3519935.777017204,575000.6636712749,311.6829657762125,222,6:21
95.2%,4757500,19030.00000204192,-3522134.0046418775,574673.5765076331,311.5056659856691,222,6:18
95.2%,4760000,19040.00000204396,-3523432.5520020165,572284.3925877318,310.21059281969207,222,6:14
95.2%,4762500,19050.000002045996,-3517878.5105974004,572557.7901187233,310.35878978480724,222,6:10
95.3%,4765000,19060.000002048033,-3519814.4285069443,574377.1565502407,311.3449895599317,222,6:06
95.3%,4767500,19070.00000205007,-3518974.9654836003,574640.4881001628,311.4877301925045,222,6:02
95.4%,4770000,19080.000002052107,-3517341.737970691,575558.0707637626,311.9851120287437,222,5:58
95.5%,4772500,19090.000002054145,-3519537.4827486984,574998.253765254,311.6816594704927,222,5:54
95.5%,4775000,19100.000002056182,-3520280.449851744,572132.42792079,310.12821935288036,222,5:50
95.5%,4777500,19110.00000205822,-3519254.2154130414,574466.4704143154,311.3934027389044,222,5:46
95.6%,4780000,19120.000002060257,-3520124.3300707955,574009.083484658,311.1454730863843,222,5:42
95.7%,4782500,19130.000002062294,-3517598.337175712,572761.9339863509,310.46944733727156,222,5:39
95.7%,4785000,19140.00000206433,-3522224.4839176033,574366.5658631967,311.339248806997,222,5:35
95.8%,4787500,19150.00000206637,-3517537.8745713457,574674.1339969356,311.50596817648415,222,5:31
95.8%,4790000,19160.000002068406,-3518877.792088831,572600.7322439466,310.3820668517603,222,5:27
95.8%,4792500,19170.000002070443,-3519142.231362775,575126.8869225676,311.75138593604606,222,5:23
95.9%,4795000,19180.00000207248,-3519541.4077827036,571817.2283121683,309.9573632912552,222,5:19
96.0%,4797500,19190.000002074517,-3522387.6014003437,575018.1851580273,311.69246341560813,222,5:15
96.0%,4800000,19200.000002076555,-3519037.815071972,572588.33796247,310.37534844836824,222,5:11
96.0%,4802500,19210.000002078592,-3522149.901534401,576577.1630841594,312.53751785518745,222,5:07
96.1%,4805000,19220.00000208063,-3520534.8183414806,573898.1664815824,311.0853497810425,222,5:03
96.2%,4807500,19230.000002082666,-3519087.835405985,573671.2047547019,310.9623236549505,222,5:00
96.2%,4810000,19240.000002084704,-3520436.2425097004,575529.490508053,311.9696199094732,222,4:56
96.2%,4812500,19250.00000208674,-3522519.54246323,573675.5809895851,310.9646958224166,222,4:52
96.3%,4815000,19260.00000208878,-3518973.878675133,573218.3751475981,310.71686432968255,222,4:48
96.3%,4817500,19270.000002090816,-3516449.2651382387,573014.0552577476,310.6061113631919,222,4:44
96.4%,4820000,19280.000002092853,-3517730.5501184687,575459.4449339171,311.9316512362777,222,4:40
96.5%,4822500,19290.00000209489,-3517627.1971384156,573713.3055955262,310.9851446980533,222,4:36
96.5%,4825000,19300.000002096927,-3518564.4669060744,573773.3832958053,311.01771021837885,222,4:32
96.5%,4827500,19310.000002098965,-3520002.9925915375,573601.2413938908,310.92439954603896,222,4:28
96.6%,4830000,19320.000002101002,-3520569.2867498323,574408.3095488717,311.3618762517559,222,4:25
96.7%,4832500,19330.00000210304,-3521770.7525800206,573034.0335771313,310.6169407451912,222,4:21
96.7%,4835000,19340.000002105076,-3514349.11131721,572412.327411724,310.27994074898544,222,4:17
96.8%,4837500,19350.000002107114,-3519448.5729930773,575414.3777938709,311.90722229078915,222,4:13
96.8%,4840000,19360.00000210915,-3520096.1958496366,574375.8025540577,311.3442556172206,222,4:09
96.8%,4842500,19370.00000211119,-3520511.6904389784,573655.970883417,310.95406603286006,222,4:05
96.9%,4845000,19380.000002113225,-3522372.259295957,573694.5869538533,310.9749981328047,222,4:01
97.0%,4847500,19390.000002115263,-3520865.083920112,574442.297633925,311.3802997211878,222,3:57
97.0%,4850000,19400.0000021173,-3520112.2233986463,574568.3429679271,311.4486234397609,222,3:53
97.0%,4852500,19410.000002119337,-3518959.299567124,572114.3435997858,310.1184166254041,222,3:49
97.1%,4855000,19420.000002121375,-3519287.3078110684,575028.9013751774,311.69827221297874,222,3:46
97.2%,4857500,19430.000002123412,-3516377.126003016,573377.2998109062,310.8030105091992,222,3:42
97.2%,4860000,19440.00000212545,-3520642.9553020615,574077.704312929,311.18266946652915,222,3:38
97.2%,4862500,19450.000002127486,-3519824.233082816,574307.4622755283,311.3072113109446,222,3:34
97.3%,4865000,19460.000002129524,-3521425.6944128647,573212.3658730316,310.7136069621047,222,3:30
97.3%,4867500,19470.00000213156,-3519303.074706437,575214.4470125207,311.7988484699951,222,3:26
97.4%,4870000,19480.000002133598,-3521521.197803259,575148.5246558506,311.7631148144777,222,3:22
97.5%,4872500,19490.000002135635,-3521149.174024122,575965.4479830131,312.20593358236584,222,3:18
97.5%,4875000,19500.000002137673,-3521701.556966534,575193.0930147311,311.7872733922904,222,3:14
97.5%,4877500,19510.00000213971,-3517001.7113257404,576214.4034642379,312.3408815704933,222,3:10
97.6%,4880000,19520.000002141747,-3522772.1177174337,574189.4751145577,311.2432555791023,222,3:07
97.7%,4882500,19530.000002143785,-3518600.1083220877,574808.5605039813,311.57883496611083,222,3:03
97.7%,4885000,19540.00000214582,-3519089.2768392656,575078.7966125042,311.725318260976,222,2:59
97.8%,4887500,19550.00000214786,-3519721.282766022,576346.2052980039,312.4123256383673,222,2:55
97.8%,4890000,19560.000002149896,-3520253.3424524143,575331.0301629368,311.86204314850073,222,2:51
97.8%,4892500,19570.000002151934,-3519672.4109128807,572244.824553707,310.18914470150025,222,2:47
97.9%,4895000,19580.00000215397,-3519907.678660754,573995.7513239889,311.13824629928627,222,2:43
98.0%,4897500,19590.000002156008,-3519562.249237204,574631.3771432952,311.4827915372351,222,2:39
98.0%,4900000,19600.000002158045,-3516964.7283958234,574060.5841885029,311.1733893882741,222,2:35
98.0%,4902500,19610.000002160083,-3521119.7927633543,575765.4986412873,312.09754970079575,222,2:31
98.1%,4905000,19620.00000216212,-3520211.219074374,573841.3647049214,311.05455999708295,222,2:28
98.2%,4907500,19630.000002164157,-3521700.1317543127,573043.6858423292,310.6221728202711,222,2:24
98.2%,4910000,19640.000002166194,-3520408.0548100155,573066.0513572774,310.634296197635,222,2:20
98.2%,4912500,19650.00000216823,-3519259.0208493527,574612.9164539692,311.47278479678596,222,2:16
98.3%,4915000,19660.00000217027,-3518515.9504817817,573593.1762605233,310.9200277864112,222,2:12
98.3%,4917500,19670.000002172306,-3520484.196054889,574504.9041862143,311.41423602270436,222,2:08
98.4%,4920000,19680.000002174344,-3522509.770817397,573392.2882372335,310.8111350862044,222,2:04
98.5%,4922500,19690.00000217638,-3521021.7245125063,573368.9822322808,310.79850190992653,222,2:00
98.5%,4925000,19700.000002178418,-3522903.5719633233,573920.6217865673,311.0975218296979,222,1:56
98.5%,4927500,19710.000002180455,-3520137.322631741,574512.398157334,311.41829818000537,222,1:53
98.6%,4930000,19720.000002182493,-3520315.3170977216,571413.1039564919,309.7383049741476,222,1:49
98.7%,4932500,19730.00000218453,-3517812.5828490965,573223.7708803825,310.7197891228228,222,1:45
98.7%,4935000,19740.000002186567,-3516528.5988813955,575621.7271571115,312.019617403647,222,1:41
98.8%,4937500,19750.000002188604,-3519825.687704198,572833.6247449252,310.5083077937248,222,1:37
98.8%,4940000,19760.00000219064,-3518515.8935478516,573954.4668813378,311.1158677902881,222,1:33
98.8%,4942500,19770.00000219268,-3515768.722396111,573747.1561980199,311.00349364414177,222,1:29
98.9%,4945000,19780.000002194716,-3520315.762449624,573524.7422472662,310.88293267059737,222,1:25
99.0%,4947500,19790.000002196753,-3519010.9675774574,576409.6455597956,312.4467138577106,222,1:21
99.0%,4950000,19800.00000219879,-3517674.849421408,574442.0512993042,311.38016619385473,222,1:17
99.0%,4952500,19810.000002200828,-3516454.943557285,574334.7651651991,311.3220110253875,222,1:14
99.1%,4955000,19820.000002202865,-3518732.5355903506,574155.7373777692,311.2249678126263,222,1:10
99.2%,4957500,19830.000002204903,-3519268.357890466,571749.2792712664,309.9205310579588,222,1:06
99.2%,4960000,19840.00000220694,-3521156.3331755754,573351.0054943745,310.78875749859,222,1:02
99.2%,4962500,19850.000002208977,-3518213.0955427475,572657.8801372967,310.41304425059235,222,0:58
99.3%,4965000,19860.000002211014,-3522318.4393790793,574740.4438449736,311.54191187429603,222,0:54
99.3%,4967500,19870.00000221305,-3521256.641457066,573727.1997668245,310.99267612678176,222,0:50
99.4%,4970000,19880.00000221509,-3522074.7167168427,574552.4465542783,311.4400066821391,222,0:46
99.5%,4972500,19890.000002217126,-3520334.990640536,573799.2746437861,311.0317447971828,222,0:42
99.5%,4975000,19900.000002219163,-3519462.2284980323,573293.2807610503,310.7574674197816,222,0:38
99.5%,4977500,19910.0000022212,-3520322.895987192,572519.0380124219,310.33778394570965,222,0:35
99.6%,4980000,19920.000002223238,-3520924.677561816,573866.7334006749,311.06831126874204,222,0:31
99.7%,4982500,19930.000002225275,-3515857.8587638233,573635.2597123013,310.9428394036649,222,0:27
99.7%,4985000,19940.000002227313,-3519703.6730048396,573819.938278253,311.0429456588187,222,0:23
99.8%,4987500,19950.00000222935,-3519811.0786455013,573545.4715223322,310.8941691131602,222,0:19
99.8%,4990000,19960.000002231387,-3519024.305223584,573230.7961891334,310.72359723854396,222,0:15
99.8%,4992500,19970.000002233424,-3518230.1523180827,572908.0219037088,310.548635272561,222,0:11
99.9%,4995000,19980.00000223546,-3520590.766254075,573183.6566860286,310.698044954762,222,0:07
100.0%,4997500,19990.0000022375,-3518486.215320101,574156.7830661389,311.2255346350196,222,0:03
100.0%,5000000,20000.000002239536,-3519743.3872024436,575647.6602533765,312.03367461238827,222,0:00
100.0%,5002500,20010.000002241573,-3520404.3747052513,570580.8065801346,309.2871525997929,222,23:59:57
100.1%,5005000,20020.00000224361,-3522445.918769039,573979.9530379113,311.1296827323725,222,23:59:53
100.2%,5007500,20030.000002245648,-3521111.6904691905,574123.5431363895,311.20751670818737,222,23:59:49
100.2%,5010000,20040.000002247685,-3515126.6649384107,572497.2768783679,310.3259881770625,222,23:59:45
100.2%,5012500,20050.000002249722,-3517807.4744667206,571759.3798284538,309.92600613271793,222,23:59:41
100.3%,5015000,20060.00000225176,-3519816.2544700783,575976.143489611,312.2117311534428,222,23:59:37
100.3%,5017500,20070.000002253797,-3516257.8419336025,570600.5817353316,309.2978718552823,222,23:59:33
100.4%,5020000,20080.000002255834,-3517946.893572366,574656.5979667011,311.49646265369654,222,23:59:29
100.5%,5022500,20090.00000225787,-3517872.2456385624,573578.2847555915,310.9119557462985,222,23:59:25
100.5%,5025000,20100.00000225991,-3520052.6677485704,575128.8824261267,311.7524676121324,222,23:59:22
100.5%,5027500,20110.000002261946,-3521289.884551218,575125.4697411694,311.75061774336535,222,23:59:18
100.6%,5030000,20120.000002263983,-3518147.126611145,573967.0775269859,311.1227034753304,222,23:59:14
100.7%,5032500,20130.00000226602,-3519934.877466386,573557.7150658322,310.90080580802135,222,23:59:10
100.7%,5035000,20140.000002268058,-3516301.320552664,574120.309676076,311.2057639893405,222,23:59:06
100.8%,5037500,20150.000002270095,-3517965.6067036595,575281.2324032888,311.83504993893297,222,23:59:02
100.8%,5040000,20160.000002272132,-3517171.0346565377,573998.2406176917,311.1395956376314,222,23:58:58
100.8%,5042500,20170.00000227417,-3519752.5654544383,576330.4272669501,312.403773050825,222,23:58:54
100.9%,5045000,20180.000002276207,-3521617.9236831777,573645.2573313019,310.94825868008957,222,23:58:50
101.0%,5047500,20190.000002278244,-3521848.5778097864,572917.9266021207,310.55400418075743,222,23:58:46
101.0%,5050000,20200.00000228028,-3520679.328139523,572354.6123675932,310.2486559222694,222,23:58:43
101.0%,5052500,20210.00000228232,-3523036.3991327416,575900.5883078501,312.17077596048586,222,23:58:39
101.1%,5055000,20220.000002284356,-3518395.980157029,574735.0610006792,311.5389940674482,222,23:58:35
101.2%,5057500,20230.000002286393,-3519161.085561216,575171.1453315729,311.77537650345033,222,23:58:31
101.2%,5060000,20240.00000228843,-3520829.1702546347,573203.8652451083,310.70899913973255,222,23:58:27
101.2%,5062500,20250.000002290468,-3519485.3606136143,573826.5825773261,311.04654724568894,222,23:58:23
101.3%,5065000,20260.000002292505,-3523882.5579957366,573814.855715004,311.0401906213253,222,23:58:19
101.3%,5067500,20270.000002294542,-3519082.250933392,571894.9731534352,309.99950540383145,222,23:58:15
101.4%,5070000,20280.00000229658,-3519868.442661917,573346.6415174293,310.78639197562137,222,23:58:11
101.5%,5072500,20290.000002298617,-3519886.751949584,575420.5654056019,311.9105763272229,222,23:58:07
101.5%,5075000,20300.000002300654,-3520403.4389933012,573369.748006754,310.7989170031151,222,23:58:04
101.5%,5077500,20310.00000230269,-3518177.641378233,575550.8680512414,311.9812077501192,222,23:58:00
101.6%,5080000,20320.00000230473,-3519802.3123991936,574625.2245158609,311.47945646427394,222,23:57:56
101.7%,5082500,20330.000002306766,-3521977.7174743675,574306.4094674316,311.30664062925547,222,23:57:52
101.7%,5085000,20340.000002308803,-3522129.1723213214,574019.5706430457,311.1511577209166,222,23:57:48
101.8%,5087500,20350.00000231084,-3517309.374112567,572436.4834074704,310.29303466847324,222,23:57:44
101.8%,5090000,20360.000002312878,-3523318.6357721165,574779.3973268147,311.56302687035543,222,23:57:40
101.8%,5092500,20370.000002314915,-3518901.5316881035,572672.884013332,310.4211772022153,222,23:57:36
101.9%,5095000,20380.000002316952,-3519438.8245268483,571822.6092076588,309.9602800417409,222,23:57:32
102.0%,5097500,20390.00000231899,-3518150.960599592,574794.3243083631,311.5711181408061,222,23:57:29
102.0%,5100000,20400.000002321027,-3519133.646481814,573817.0247328455,311.041366351992,222,23:57:25
102.0%,5102500,20410.000002323064,-3519315.665819086,574202.8930886053,311.2505288819176,222,23:57:21
102.1%,5105000,20420.0000023251,-3518168.491170276,574177.3984290832,311.236709330753,222,23:57:17
102.2%,5107500,20430.00000232714,-3515128.54365696,575070.5104569151,311.72082669477084,222,23:57:13
102.2%,5110000,20440.000002329176,-3521046.7512184978,574222.5618946933,311.2611904901593,222,23:57:09
102.2%,5112500,20450.000002331213,-3519360.1045659,574149.2515647938,311.22145213420816,222,23:57:05
102.3%,5115000,20460.00000233325,-3520949.5350155327,574107.3178244218,311.1987216690261,222,23:57:01
102.3%,5117500,20470.000002335288,-3523322.0007539447,573292.0547804647,310.7568028687836,222,23:56:57
102.4%,5120000,20480.000002337325,-3520910.3490041997,574812.8872266843,311.58118029516754,222,23:56:53
102.5%,5122500,20490.000002339362,-3517407.4684961997,574166.5206256635,311.23081294446126,222,23:56:50
102.5%,5125000,20500.0000023414,-3521587.8510204274,574623.036253013,311.4782703017224,222,23:56:46
102.5%,5127500,20510.000002343437,-3521732.014409192,574326.8384949316,311.3177143206117,222,23:56:42
102.6%,5130000,20520.000002345474,-3516719.8043031935,572233.3930509652,310.1829481787778,222,23:56:38
102.7%,5132500,20530.00000234751,-3520104.283167895,574927.5702443715,311.643344993985,222,23:56:34
102.7%,5135000,20540.00000234955,-3518282.333125964,573003.4828528913,310.6003805202396,222,23:56:30
102.8%,5137500,20550.000002351586,-3518542.0550413765,572331.4846264278,310.23611937507286,222,23:56:26
102.8%,5140000,20560.000002353623,-3519372.7642156407,573299.251769112,310.7607040447438,222,23:56:22
102.8%,5142500,20570.00000235566,-3521626.7827623356,572477.9454833271,310.31550946474175,222,23:56:18
102.9%,5145000,20580.000002357698,-3516349.918165611,573893.8384691624,311.08300375288593,222,23:56:14
103.0%,5147500,20590.000002359735,-3519946.890044559,573754.011493521,311.00720960304074,222,23:56:11
103.0%,5150000,20600.000002361772,-3518609.0375305824,574765.8980979493,311.55570952282125,222,23:56:07
