#"Progress (%)","Step","Time (ps)","Potential Energy (kJ/mole)","Kinetic Energy (kJ/mole)","Temperature (K)","Speed (ns/day)","Time Remaining"
3.0%,152500,610.0000000014564,-1529062.4111954644,243331.99860570816,310.71358455846536,0,--
3.1%,155000,620.0000000015042,-1530366.4446972543,242805.08044232946,310.0407563556376,257,1:48:35
3.1%,157500,630.0000000015519,-1529035.1546203438,242802.54953528062,310.0375246096863,257,1:48:28
3.2%,160000,640.0000000015997,-1527885.3743315302,245692.50036988046,313.7277379320667,257,1:48:23
3.2%,162500,650.0000000016474,-1527985.2148181237,243966.84227701605,311.52422415324367,257,1:48:15
3.3%,165000,660.0000000016952,-1530725.306874101,244236.18800461869,311.86815498432406,257,1:48:15
3.4%,167500,670.0000000017429,-1526810.2041104473,242732.2775044921,309.94779340004015,257,1:48:13
3.4%,170000,680.0000000017907,-1527399.7323071538,244066.0475368797,311.6509005545222,257,1:48:11
3.5%,172500,690.0000000018384,-1531032.6930903904,242938.7828488369,310.211482582472,257,1:48:09
3.5%,175000,700.0000000018862,-1530660.5649037892,243423.05100745702,310.82985047619155,257,1:48:05
3.5%,177500,710.0000000019339,-1530803.8375837523,245456.07228025238,313.4258400327375,257,1:48:02
3.6%,180000,720.0000000019817,-1528172.3756198743,243796.50621179087,311.30671996263595,257,1:47:59
3.6%,182500,730.0000000020294,-1532241.911871842,243031.9080775421,310.3303953181155,257,1:47:56
3.7%,185000,740.0000000020772,-1531355.159925118,242197.05572466407,309.26436220851156,257,1:47:52
3.8%,187500,750.0000000021249,-1527122.934566033,244867.24233428156,312.6739559227301,257,1:47:50
3.8%,190000,760.0000000021727,-1528591.8805413703,243127.4756218721,310.45242667624507,257,1:47:48
3.9%,192500,770.0000000022204,-1528107.8244366013,242703.82764559437,309.9114654296583,257,1:47:46
3.9%,195000,780.0000000022682,-1528019.1683961377,243237.436129998,310.5928365846642,257,1:47:43
4.0%,197500,790.0000000023159,-1529492.547618161,242534.0152378133,309.69462990360137,257,1:47:39
4.0%,200000,800.0000000023637,-1530571.4993257103,242492.7184207379,309.6418974962818,257,1:47:37
4.0%,202500,810.0000000024114,-1529890.0073539773,243514.87354177376,310.9470997855478,257,1:47:34
4.1%,205000,820.0000000024592,-1529017.251193027,244863.46327484743,312.6691303958378,257,1:47:31
4.2%,207500,830.0000000025069,-1531222.0395455612,244012.39903804183,311.58239613473523,257,1:47:30
4.2%,210000,840.0000000025547,-1529361.1672974592,244519.92741386787,312.23046528232635,257,1:47:26
4.2%,212500,850.0000000026024,-1528967.3121973537,244667.77662399708,312.4192557345341,257,1:47:22
4.3%,215000,860.0000000026502,-1530314.748925779,242881.9519459401,310.13891451228824,257,1:47:19
4.3%,217500,870.0000000026979,-1528900.7180493902,242613.2953783418,309.795863677988,257,1:47:16
4.4%,220000,880.0000000027457,-1529063.139948518,242655.49920372094,309.84975425522725,257,1:47:12
4.5%,222500,890.0000000027934,-1528756.1366417417,243538.12175860652,310.97678571599715,257,1:47:07
4.5%,225000,900.0000000028411,-1528329.7333918111,242285.11420060424,309.37680514600805,257,1:47:02
4.5%,227500,910.0000000028889,-1528028.9940361874,242390.93538359582,309.51192949988643,257,1:46:59
4.6%,230000,920.0000000029366,-1529489.9775848547,244192.00475937425,311.8117368618166,257,1:46:55
4.7%,232500,930.0000000029844,-1530104.3219919894,243679.14716099802,311.15686276522183,257,1:46:52
4.7%,235000,940.0000000030321,-1529562.656020658,243654.99203188007,311.1260187874601,257,1:46:49
4.8%,237500,950.0000000030799,-1530074.0214825384,244290.21852565446,311.9371472128957,257,1:46:45
4.8%,240000,960.0000000031276,-1529535.6409747312,244162.4237980129,311.77396457296055,257,1:46:41
4.8%,242500,970.0000000031754,-1529087.5748529676,244094.46522089027,311.6871874403998,257,1:46:37
4.9%,245000,980.0000000032231,-1526638.2191577246,243099.2334360211,310.4163638860991,257,1:46:33
5.0%,247500,990.0000000032709,-1527295.9329510117,243232.72916407007,310.58682620269946,257,1:46:30
5.0%,250000,1000.0000000033186,-1528264.750379352,244674.50636619906,312.42784902409204,257,1:46:26
5.0%,252500,1010.0000000033664,-1531469.6118168794,243504.5694717263,310.9339423933498,257,1:46:25
5.1%,255000,1020.0000000034141,-1530813.7986237826,243239.18352051597,310.5950678488406,257,1:46:21
5.2%,257500,1030.0000000032912,-1528561.9833701793,243131.60392621154,310.457698158199,257,1:46:17
5.2%,260000,1040.0000000030548,-1529983.8780395864,243583.3249378085,311.03450620456323,257,1:46:13
5.2%,262500,1050.0000000028183,-1527308.2510891547,242953.65602133278,310.2304743170833,257,1:46:09
5.3%,265000,1060.0000000025818,-1528437.923756212,242678.42474215044,309.8790281537041,257,1:46:05
5.3%,267500,1070.0000000023454,-1529537.5043841219,243627.0214786564,311.09030284831516,257,1:46:02
5.4%,270000,1080.000000002109,-1530940.5394025734,244534.8748052806,312.24955178797404,257,1:45:59
5.5%,272500,1090.0000000018724,-1528533.880496974,243800.75325005734,311.3121430573834,257,1:45:56
5.5%,275000,1100.000000001636,-1529536.629815693,244304.34339134028,311.9551834254522,257,1:45:52
5.5%,277500,1110.0000000013995,-1530566.139806592,243481.04308073013,310.9039012589325,257,1:45:49
5.6%,280000,1120.000000001163,-1530482.9826959902,242674.2483592979,309.8736952797129,257,1:45:45
5.7%,282500,1130.0000000009265,-1528797.856220807,242974.30499822382,310.25684124648035,257,1:45:42
5.7%,285000,1140.00000000069,-1530091.0541540794,244591.22948134475,312.32151175833076,257,1:45:39
5.8%,287500,1150.0000000004536,-1529629.62412709,244011.87576552975,311.5817279617088,257,1:45:35
5.8%,290000,1160.0000000002171,-1528026.1831983877,243925.12625403702,311.47095645681406,257,1:45:31
5.8%,292500,1169.9999999999807,-1527657.8551814044,243691.13414523998,311.17216909099574,257,1:45:27
5.9%,295000,1179.9999999997442,-1525652.7805692032,242783.09765389096,310.012686266075,257,1:45:23
6.0%,297500,1189.9999999995077,-1529423.0101352092,244008.5419464158,311.57747096758925,257,1:45:20
6.0%,300000,1199.9999999992713,-1527929.3751551807,245326.9000784364,313.260898479298,257,1:45:15
6.0%,302500,1209.9999999990348,-1528482.8676763242,243083.8099297745,310.39666942363704,257,1:45:11
6.1%,305000,1219.9999999987983,-1526874.248272175,244575.61442200327,312.30157269939536,257,1:45:07
6.2%,307500,1229.9999999985619,-1528777.4212527284,243104.52972415858,310.42312678075115,257,1:45:00
6.2%,310000,1239.9999999983254,-1531741.951123733,242527.01986963605,309.6856974330093,258,1:44:54
6.2%,312500,1249.999999998089,-1527745.7021530475,244163.42224773765,311.7752395055413,258,1:44:48
6.3%,315000,1259.9999999978525,-1529388.1241527824,243408.08050889778,310.81073446474784,258,1:44:42
6.3%,317500,1269.999999997616,-1527915.6360186143,243617.60881325556,311.0782837015375,258,1:44:37
6.4%,320000,1279.9999999973795,-1528916.8309485419,243851.69921326864,311.3771965766035,258,1:44:32
6.5%,322500,1289.999999997143,-1530424.5706569944,241923.35664588385,308.9148725304361,258,1:44:26
6.5%,325000,1299.9999999969066,-1526940.837845074,244788.43851546658,312.5733303693249,258,1:44:21
6.5%,327500,1309.99999999667,-1528152.7128448924,244041.10335046134,311.6190490199096,258,1:44:16
6.6%,330000,1319.9999999964336,-1529166.281939298,244334.7981594326,311.99407148873644,258,1:44:11
6.7%,332500,1329.9999999961972,-1528335.6856298232,242924.4081419743,310.1931273446823,258,1:44:06
6.7%,335000,1339.9999999959607,-1529762.4097932158,244840.50333619158,312.63981257129404,258,1:44:00
6.8%,337500,1349.9999999957242,-1529115.5980577804,243112.6385000721,310.4334809752052,258,1:43:55
6.8%,340000,1359.9999999954878,-1529216.4244397208,244178.71708005195,311.7947696626963,258,1:43:51
6.8%,342500,1369.9999999952513,-1529775.8091074778,243459.22804618004,310.8760453763475,259,1:43:46
6.9%,345000,1379.9999999950148,-1530014.0976213505,242970.00000893784,310.25134415337214,259,1:43:41
7.0%,347500,1389.9999999947784,-1527555.6500438834,244477.52857509756,312.17632569011926,259,1:43:35
7.0%,350000,1399.999999994542,-1528609.7513234075,243211.64048324095,310.5598978100031,259,1:43:30
7.0%,352500,1409.9999999943054,-1528677.1336065438,244741.37656086072,312.5132363878687,259,1:43:25
7.1%,355000,1419.999999994069,-1528484.8232417582,243244.55737645022,310.6019297907545,259,1:43:20
7.2%,357500,1429.9999999938325,-1531055.3501915103,243123.57070743345,310.44744044356884,259,1:43:15
7.2%,360000,1439.999999993596,-1529609.0823548902,242005.91038261453,309.02028639957484,259,1:43:10
7.2%,362500,1449.9999999933596,-1527326.6981234383,243482.89860844176,310.9062706048049,259,1:43:05
7.3%,365000,1459.999999993123,-1530984.4595214361,245417.596000418,313.3767092036795,259,1:43:00
7.3%,367500,1469.9999999928866,-1526618.1694030156,243986.76942008207,311.5496693642621,259,1:42:55
7.4%,370000,1479.9999999926501,-1529403.5540021537,242452.91510662684,309.5910721610377,259,1:42:51
7.5%,372500,1489.9999999924137,-1527267.3621925144,244068.49874880622,311.65403053680393,259,1:42:46
7.5%,375000,1499.9999999921772,-1527919.0055653825,241989.06331318256,308.9987741719907,259,1:42:42
7.5%,377500,1509.9999999919407,-1530324.7422970887,244315.04628348327,311.96885007842815,259,1:42:37
7.6%,380000,1519.9999999917043,-1529360.0561446697,246066.33852389196,314.20509641160584,259,1:42:33
7.7%,382500,1529.9999999914678,-1526229.0946006654,242813.7851507459,310.05187150354294,260,1:42:28
7.7%,385000,1539.9999999912313,-1528978.02002923,243527.3557867303,310.9630385157436,260,1:42:24
7.8%,387500,1549.9999999909949,-1529379.591899532,243003.99476890976,310.2947524752846,260,1:42:19
7.8%,390000,1559.9999999907584,-1526055.3673116118,245279.33817518313,313.2001661073415,260,1:42:15
7.8%,392500,1569.999999990522,-1529077.2366416268,244480.4226993788,312.1800212325664,260,1:42:10
7.9%,395000,1579.9999999902855,-1530354.7650746284,243267.15210694115,310.63078127655666,260,1:42:06
8.0%,397500,1589.999999990049,-1530295.4695633044,244521.91032723396,312.2329972884882,260,1:42:02
8.0%,400000,1599.9999999898125,-1528939.9591739876,244972.97705280688,312.8089698690813,260,1:41:58
8.1%,402500,1609.999999989576,-1530654.0044125551,244139.68517822144,311.7449293531629,260,1:41:53
8.1%,405000,1619.9999999893396,-1529783.6096539972,243385.3416823008,310.7816989808777,260,1:41:49
8.2%,407500,1629.9999999891031,-1530421.5321744103,242365.95899854653,309.480036850451,260,1:41:44
8.2%,410000,1639.9999999888666,-1529135.3320975378,243774.86329615058,311.27908386077746,260,1:41:40
8.2%,412500,1649.9999999886302,-1527410.426411613,243995.11889463055,311.56033090972676,260,1:41:36
8.3%,415000,1659.9999999883937,-1529594.0077391462,243819.47030828567,311.33604309637474,260,1:41:32
8.3%,417500,1669.9999999881572,-1527895.6904516453,243210.2220441453,310.5580865878934,260,1:41:27
8.4%,420000,1679.9999999879208,-1525407.11078987,243934.5737588055,311.4830200904034,260,1:41:23
8.4%,422500,1689.9999999876843,-1529303.9161182912,243523.54356695036,310.95817064600294,260,1:41:19
8.5%,425000,1699.9999999874478,-1528704.1386545487,243382.77583433758,310.7784226184484,260,1:41:15
8.6%,427500,1709.9999999872114,-1529982.5169906067,244475.90285762728,312.17424979173535,260,1:41:11
8.6%,430000,1719.999999986975,-1527800.682177239,243975.86446471073,311.53574469429554,260,1:41:06
8.7%,432500,1729.9999999867384,-1529486.9987424426,243570.69731463277,311.01838183915356,260,1:41:02
8.7%,435000,1739.999999986502,-1526607.0081379022,242685.73515272484,309.88836290575966,260,1:40:58
8.8%,437500,1749.9999999862655,-1529751.1085551865,244271.96802815507,311.91384293096604,260,1:40:54
8.8%,440000,1759.999999986029,-1529289.2868134854,245223.25532546284,313.12855323534484,260,1:40:50
8.8%,442500,1769.9999999857926,-1530149.68393235,243542.4082112825,310.98225913948284,261,1:40:46
8.9%,445000,1779.999999985556,-1528916.7830972066,243413.80244173593,310.81804087028814,261,1:40:42
8.9%,447500,1789.9999999853196,-1528844.1966831256,243036.71192112315,310.3365294043323,261,1:40:38
9.0%,450000,1799.9999999850832,-1530064.9888028437,241987.15925982027,308.99634286312556,261,1:40:34
9.1%,452500,1809.9999999848467,-1530540.5711421184,243049.55252803522,310.3529257312618,261,1:40:30
9.1%,455000,1819.9999999846102,-1530387.8419576483,243435.6094734235,310.84588653392075,261,1:40:25
9.2%,457500,1829.9999999843737,-1527634.0359146008,245227.30232066388,313.1337208926723,261,1:40:22
9.2%,460000,1839.9999999841373,-1528106.5592351994,242778.01066249958,310.00619062498015,261,1:40:18
9.2%,462500,1849.9999999839008,-1527907.2931106724,244578.2911373381,312.3049906297181,261,1:40:14
9.3%,465000,1859.9999999836643,-1529886.6542738983,243775.58129445865,311.28000068153796,261,1:40:10
9.3%,467500,1869.9999999834279,-1530224.8968771873,243973.229822352,311.532380487467,261,1:40:06
9.4%,470000,1879.9999999831914,-1528465.0756786438,243291.23254255325,310.6615298772735,261,1:40:02
9.4%,472500,1889.999999982955,-1529974.1475597927,244687.4877480126,312.44442510820306,261,1:39:58
9.5%,475000,1899.9999999827185,-1526422.4289793326,244010.1953861207,311.57958226483134,261,1:39:54
9.6%,477500,1909.999999982482,-1530477.1158660203,243094.83063971443,310.4107419020182,261,1:39:50
9.6%,480000,1919.9999999822455,-1530502.3164424356,244399.2313951914,312.07634707009043,261,1:39:47
9.7%,482500,1929.999999982009,-1529153.814787032,243674.13031926868,311.1504566990825,261,1:39:43
9.7%,485000,1939.9999999817726,-1527370.0508194547,244514.78044594324,312.2238930564677,261,1:39:39
9.8%,487500,1949.9999999815361,-1527854.7513373438,244588.91748300067,312.31855953956347,261,1:39:35
9.8%,490000,1959.9999999812997,-1530807.0223890422,243604.00711489975,311.06091552769914,261,1:39:31
9.8%,492500,1969.9999999810632,-1530491.6677267617,243559.58863219369,311.00419702761974,261,1:39:27
9.9%,495000,1979.9999999808267,-1531122.7985057374,244137.43655698435,311.7420580613932,261,1:39:23
9.9%,497500,1989.9999999805902,-1528698.4368215194,243772.42797094016,311.27597416443655,261,1:39:19
10.0%,500000,1999.9999999803538,-1527871.3213112047,245251.86214539577,313.16508163117896,261,1:39:15
10.1%,502500,2009.9999999801173,-1530211.3195280954,244845.39507251699,312.6460588888235,261,1:39:12
10.1%,505000,2019.9999999798808,-1528077.831262242,243667.42036000034,311.1418886705928,261,1:39:08
10.2%,507500,2029.9999999796444,-1529102.2644741088,243078.4402579543,310.3898128244692,261,1:39:04
10.2%,510000,2039.999999979408,-1529394.548129484,243801.87806622696,311.31357934881254,261,1:39:00
10.2%,512500,2049.9999999791717,-1529645.8528086282,242689.21677644548,309.8928086333768,261,1:38:56
10.3%,515000,2059.999999978935,-1530912.3892758265,243819.82573359442,311.3364969432685,261,1:38:52
10.3%,517500,2069.9999999786987,-1528052.199808444,243831.00701021467,311.350774451194,261,1:38:48
10.4%,520000,2079.9999999784623,-1527406.2711809902,242250.49427829758,309.33259854671707,261,1:38:45
10.4%,522500,2089.999999978226,-1529092.8980450705,243215.3188150961,310.56459471662646,261,1:38:41
10.5%,525000,2099.9999999779893,-1527057.2050406272,243856.68916547508,311.3835683071844,261,1:38:37
10.6%,527500,2109.999999977753,-1528308.9198447634,243164.33957142677,310.49949870118525,261,1:38:33
10.6%,530000,2119.9999999775164,-1530056.9835471557,245614.78791485855,313.6285059543447,261,1:38:29
10.7%,532500,2129.99999997728,-1529701.9341633637,244216.10931027014,311.8425162556323,261,1:38:25
10.7%,535000,2139.9999999770434,-1528361.1851455914,243172.72877459775,310.51021097661055,261,1:38:21
10.8%,537500,2149.999999976807,-1528584.6494105132,244791.21097607777,312.57687055795395,262,1:38:17
10.8%,540000,2159.9999999765705,-1530215.9915097347,245144.1996535515,313.0276060876618,262,1:38:13
10.8%,542500,2169.999999976334,-1528232.661670222,242599.44956142636,309.77818378619577,262,1:38:10
10.9%,545000,2179.9999999760976,-1530169.1334598996,241753.91300832963,308.698507891561,262,1:38:06
10.9%,547500,2189.999999975861,-1530451.9646987086,243284.04052259424,310.6523462996327,262,1:38:02
11.0%,550000,2199.9999999756246,-1527377.808068945,243911.17327222184,311.45313972485974,262,1:37:58
11.1%,552500,2209.999999975388,-1528670.7313017603,242668.9116700214,309.86688079635564,262,1:37:54
11.1%,555000,2219.9999999751517,-1528555.0742838867,243833.19775776824,311.3535718433542,262,1:37:51
11.2%,557500,2229.999999974915,-1529278.33587215,244047.91888182983,311.62775185469627,262,1:37:47
11.2%,560000,2239.9999999746788,-1531653.7554235533,244443.44469394145,312.13280356828426,262,1:37:43
11.2%,562500,2249.9999999744423,-1531289.143319062,244060.7090114415,311.6440837265478,262,1:37:40
11.3%,565000,2259.999999974206,-1530727.4725446552,243059.36929040175,310.3654608743631,262,1:37:36
11.3%,567500,2269.9999999739694,-1529491.8175928108,243329.473738224,310.7103605245075,262,1:37:32
11.4%,570000,2279.999999973733,-1528768.439760032,242949.25534906244,310.2248550452102,262,1:37:29
11.4%,572500,2289.9999999734964,-1528515.1119465474,243910.43305713337,311.4521945352225,262,1:37:25
11.5%,575000,2299.99999997326,-1529492.0366103882,243016.27944578876,310.31043892840256,262,1:37:21
11.6%,577500,2309.9999999730235,-1530491.121898694,243439.0375080365,310.85026383295536,262,1:37:17
11.6%,580000,2319.999999972787,-1529441.5745163532,243614.04603090888,311.0737343414851,262,1:37:14
11.7%,582500,2329.9999999725505,-1528579.575051534,243978.85375881605,311.53956176024695,262,1:37:10
11.7%,585000,2339.999999972314,-1529513.5100749508,244434.51406445657,312.1213999390225,262,1:37:06
11.8%,587500,2349.9999999720776,-1528354.7830043202,244241.93628652403,311.8754950353083,262,1:37:03
11.8%,590000,2359.999999971841,-1530331.5653566308,242927.82554831993,310.1974910723532,262,1:36:59
11.8%,592500,2369.9999999716047,-1528524.284721735,243736.79401622945,311.23047273485224,262,1:36:55
11.9%,595000,2379.999999971368,-1529473.5665777205,244571.81479359604,312.2967209077314,262,1:36:52
11.9%,597500,2389.9999999711317,-1529704.203251239,243218.42548716773,310.56856166392873,262,1:36:48
12.0%,600000,2399.9999999708953,-1529903.804412051,243945.13797391817,311.49650966499496,262,1:36:45
12.1%,602500,2409.999999970659,-1529303.311953132,243701.62118895457,311.1855601244917,262,1:36:41
12.1%,605000,2419.9999999704223,-1527879.5688587055,242901.77323328162,310.1642245548464,262,1:36:37
12.2%,607500,2429.999999970186,-1528093.324510227,242145.18900407484,309.1981329630119,262,1:36:34
12.2%,610000,2439.9999999699494,-1529189.1598531846,242691.987964953,309.8963471976412,262,1:36:30
12.2%,612500,2449.999999969713,-1527918.074195575,243718.05697483668,311.20654717911555,262,1:36:27
12.3%,615000,2459.9999999694764,-1528877.192110747,244496.61541302584,312.20069790530084,262,1:36:24
12.3%,617500,2469.99999996924,-1529316.7134382771,244564.08446235466,312.2868499538758,262,1:36:20
12.4%,620000,2479.9999999690035,-1530571.5816104459,243588.02882920188,311.0405126606174,262,1:36:16
12.4%,622500,2489.999999968767,-1527884.885519622,243142.58901750614,310.47172515469924,262,1:36:13
12.5%,625000,2499.9999999685306,-1528220.6530733313,242242.76163418803,309.322724639532,262,1:36:09
12.6%,627500,2509.999999968294,-1528791.9222790003,244267.4883863375,311.90812282191894,262,1:36:05
12.6%,630000,2519.9999999680576,-1529745.3508554138,244132.70157384506,311.736011903911,262,1:36:02
12.7%,632500,2529.999999967821,-1529640.0038213357,243902.12888521605,311.4415908372378,262,1:35:58
12.7%,635000,2539.9999999675847,-1530262.011518648,242461.52674248163,309.60206846345864,262,1:35:55
12.8%,637500,2549.9999999673482,-1527618.1075365487,243475.96517084196,310.8974172141194,262,1:35:51
12.8%,640000,2559.9999999671118,-1528460.9579228358,243491.63694930775,310.9174286983936,262,1:35:48
12.8%,642500,2569.9999999668753,-1529485.7961856248,245280.33725665056,313.2014418466022,262,1:35:44
12.9%,645000,2579.999999966639,-1528598.211077855,243194.6644593731,310.5382209189336,262,1:35:40
12.9%,647500,2589.9999999664024,-1530320.5709289545,243661.8254821594,311.1347445031216,262,1:35:37
13.0%,650000,2599.999999966166,-1527917.368131373,243935.07614329678,311.4836615912624,262,1:35:34
13.1%,652500,2609.9999999659294,-1531766.4335852647,243153.64641372437,310.48584447823475,262,1:35:30
13.1%,655000,2619.999999965693,-1527444.0879404899,244074.84692003322,311.6621365937493,262,1:35:27
13.2%,657500,2629.9999999654565,-1529391.4120617965,243298.00739377004,310.67018076708035,262,1:35:23
13.2%,660000,2639.99999996522,-1527770.1464144532,242627.50574140792,309.8140090631879,262,1:35:20
13.2%,662500,2649.9999999649835,-1529949.3586049313,243394.58756242006,310.79350515750355,262,1:35:16
13.3%,665000,2659.999999964747,-1528578.6454212172,244078.0771488937,311.66626131221597,262,1:35:13
13.3%,667500,2669.9999999645106,-1529030.565035738,245501.52243702297,313.48387588996076,262,1:35:09
13.4%,670000,2679.999999964274,-1529209.9200094445,242421.85581594644,309.5514121755181,262,1:35:06
13.4%,672500,2689.9999999640377,-1529349.286438968,244654.57683261827,312.40240076059627,262,1:35:02
13.5%,675000,2699.999999963801,-1531509.3027091064,244954.93027951935,312.7859257250722,262,1:34:58
13.6%,677500,2709.9999999635647,-1530485.5227055075,243476.61251578596,310.8982438167411,262,1:34:55
13.6%,680000,2719.9999999633283,-1529406.5080697173,244004.19613681073,311.57192175051983,262,1:34:51
13.7%,682500,2729.999999963092,-1532310.6684607873,244428.67028644204,312.1139379478966,262,1:34:48
13.7%,685000,2739.9999999628553,-1528134.6896515368,243390.11241726234,310.787790790296,262,1:34:44
13.8%,687500,2749.999999962619,-1529826.901525407,243105.2120993886,310.4239981139705,262,1:34:41
13.8%,690000,2759.9999999623824,-1526952.2272859225,244243.460913277,311.87744184972746,262,1:34:37
13.8%,692500,2769.999999962146,-1528784.9684901256,244341.08982937288,312.0021053985025,262,1:34:34
13.9%,695000,2779.9999999619095,-1527784.3230249733,244423.042478709,312.10675173184626,262,1:34:30
13.9%,697500,2789.999999961673,-1529096.1643715017,243435.37811125675,310.8455911047599,262,1:34:27
14.0%,700000,2799.9999999614365,-1528428.7011173805,244777.8194467951,312.55977075155783,262,1:34:23
14.1%,702500,2809.9999999612,-1527571.5989062283,243727.29929803667,311.218348813868,262,1:34:20
14.1%,705000,2819.9999999609636,-1526699.7449636338,243927.76921752736,311.4743312889966,262,1:34:16
14.2%,707500,2829.999999960727,-1530771.1355263311,242960.42348544876,310.23911577421137,262,1:34:13
14.2%,710000,2839.9999999604906,-1528890.984743054,243229.34382755333,310.5825034253825,262,1:34:09
14.2%,712500,2849.999999960254,-1531108.7212408278,244750.2765761114,312.52460092544294,262,1:34:05
14.3%,715000,2859.9999999600177,-1530640.6593911806,244364.51072312222,312.03201182220397,262,1:34:02
14.3%,717500,2869.9999999597812,-1531681.4828670975,244813.25336865586,312.60501675676636,262,1:33:59
14.4%,720000,2879.9999999595448,-1529060.6637477316,244003.98303513162,311.57164963839745,262,1:33:55
14.4%,722500,2889.9999999593083,-1528856.9063177006,243721.14514893707,311.2104905061336,262,1:33:51
14.5%,725000,2899.999999959072,-1529063.6919996925,243290.3277998105,310.66037460027616,262,1:33:48
14.6%,727500,2909.9999999588354,-1526818.794528137,243622.60954209307,311.08466919292954,263,1:33:44
14.6%,730000,2919.999999958599,-1531120.1527795345,244840.40006171356,312.6396806988587,263,1:33:41
14.7%,732500,2929.9999999583624,-1526093.4078897927,242416.98242448107,309.5451892827632,263,1:33:37
14.7%,735000,2939.999999958126,-1530162.107833786,242574.5806675763,309.7464283935781,263,1:33:34
14.8%,737500,2949.9999999578895,-1529256.9474855037,243098.14316173672,310.41497170162273,263,1:33:30
14.8%,740000,2959.999999957653,-1527174.0122984415,244342.1613849696,312.00347368085926,263,1:33:27
14.8%,742500,2969.9999999574165,-1529521.2923830021,244792.5161283309,312.5785371227185,263,1:33:23
14.9%,745000,2979.99999995718,-1528506.358014007,243194.7503769344,310.53833062811117,263,1:33:20
14.9%,747500,2989.9999999569436,-1530579.9598649424,242551.84580314567,309.7173979690464,263,1:33:17
15.0%,750000,2999.999999956707,-1528860.7298351964,243630.0287034065,311.0941428101247,263,1:33:13
15.1%,752500,3009.9999999564707,-1529399.1479241718,244892.49724616745,312.70620422646635,263,1:33:10
15.1%,755000,3019.999999956234,-1528551.1427042112,243115.10208728357,310.43662675963856,263,1:33:07
15.2%,757500,3029.9999999559977,-1529702.2773976782,243613.40754888687,311.0729190560361,263,1:33:03
15.2%,760000,3039.9999999557613,-1530138.9058332434,241614.21152456637,308.52012137011315,263,1:33:00
15.2%,762500,3049.999999955525,-1529824.6692557856,243102.1383992474,310.4200732689267,263,1:32:56
15.3%,765000,3059.9999999552883,-1529762.9203017475,241743.8733005898,308.6856880668045,263,1:32:53
15.3%,767500,3069.999999955052,-1527353.5221390082,243291.0001008827,310.6612330696811,263,1:32:49
15.4%,770000,3079.9999999548154,-1528367.0396268321,244706.5725793579,312.4687947611545,263,1:32:46
15.4%,772500,3089.999999954579,-1529267.1939156987,242322.21817354078,309.4241836597199,263,1:32:42
15.5%,775000,3099.9999999543425,-1527441.5183749115,243141.74406923563,310.47064622998977,263,1:32:39
15.6%,777500,3109.999999954106,-1528839.3406039886,243881.1528619183,311.4148062983117,263,1:32:35
15.6%,780000,3119.9999999538695,-1529738.0393524393,242218.97228066198,309.2923477250663,263,1:32:32
15.7%,782500,3129.999999953633,-1529017.5299277753,243935.71423765787,311.4844763817024,263,1:32:28
15.7%,785000,3139.9999999533966,-1529443.7031775368,243855.17392038048,311.38163347231887,263,1:32:25
15.8%,787500,3149.99999995316,-1528459.425294958,244376.38080869382,312.04716887864583,263,1:32:22
15.8%,790000,3159.9999999529236,-1529935.5862265844,244490.35955850565,312.1927097286797,263,1:32:18
15.8%,792500,3169.999999952687,-1531904.6373839546,244032.64135572192,311.60824379604645,263,1:32:15
15.9%,795000,3179.9999999524507,-1528278.160000125,244214.68255524515,311.8406944148113,263,1:32:11
15.9%,797500,3189.9999999522142,-1529034.0318405386,244088.63912548195,311.67974802840854,263,1:32:08
16.0%,800000,3199.9999999519778,-1529184.4218083043,241792.24677465687,308.7474567433906,263,1:32:04
16.1%,802500,3209.9999999517413,-1530720.3623933746,243173.63630908082,310.511369818415,263,1:32:01
16.1%,805000,3219.999999951505,-1530704.6704419693,243738.1180976702,311.2321634705264,263,1:31:57
16.1%,807500,3229.9999999512684,-1529395.2751675667,244097.180937521,311.69065517195105,263,1:31:54
16.2%,810000,3239.999999951032,-1528368.6946939602,243886.2667026337,311.42133622363457,263,1:31:50
16.2%,812500,3249.9999999507954,-1528312.0942780161,242922.36475346188,310.1905181170715,263,1:31:47
16.3%,815000,3259.999999950559,-1531011.911164416,242088.88389932422,309.1262362908675,263,1:31:43
16.4%,817500,3269.9999999503225,-1530902.1447531143,243297.71881302132,310.66981227481716,263,1:31:40
16.4%,820000,3279.999999950086,-1529967.7638938334,243271.06125166034,310.63577291092946,263,1:31:37
16.4%,822500,3289.9999999498496,-1530120.2657632008,242960.43347985944,310.2391285361958,263,1:31:33
16.5%,825000,3299.999999949613,-1530545.5093108118,242989.01416965437,310.2756235661393,263,1:31:30
16.6%,827500,3309.9999999493766,-1531185.814695458,242592.20132760878,309.7689284283962,263,1:31:26
16.6%,830000,3319.99999994914,-1527819.2161530573,241926.79481384135,308.9192627688615,263,1:31:23
16.6%,832500,3329.9999999489037,-1529681.5997295314,242999.72099625572,310.2892952430729,263,1:31:20
16.7%,835000,3339.999999948667,-1528240.9227503035,245277.61494295244,313.1979656911755,263,1:31:16
16.8%,837500,3349.9999999484307,-1529346.6808014885,242907.51810622876,310.17156025289046,263,1:31:13
16.8%,840000,3359.9999999481943,-1528884.4172394006,243837.7001689918,311.35932102693243,263,1:31:09
16.9%,842500,3369.999999947958,-1526905.496259736,243702.23242115384,311.18634061431106,263,1:31:06
16.9%,845000,3379.9999999477213,-1526117.957828153,244386.40400164502,312.05996761546805,263,1:31:03
16.9%,847500,3389.999999947485,-1525823.6352513125,243058.74196383878,310.3646598334553,263,1:30:59
17.0%,850000,3399.9999999472484,-1528178.221898403,244348.15471981827,312.0111266429232,263,1:30:56
17.1%,852500,3409.999999947012,-1528122.815460424,244318.59411405458,311.973380346377,263,1:30:53
17.1%,855000,3419.9999999467755,-1530756.7055865834,244097.6368446828,311.6912373253434,263,1:30:49
17.1%,857500,3429.999999946539,-1529699.135915555,244555.36132877873,312.2757112786605,263,1:30:46
17.2%,860000,3439.9999999463025,-1527808.6355026867,244439.94585804993,312.1283358622371,263,1:30:42
17.2%,862500,3449.999999946066,-1530634.5623516822,242543.19594926323,309.70635286556177,263,1:30:39
17.3%,865000,3459.9999999458296,-1530947.4933779463,244137.34290144802,311.7419384715013,263,1:30:35
17.4%,867500,3469.999999945593,-1527169.7353803497,244864.87956339342,312.6709388718846,263,1:30:32
17.4%,870000,3479.9999999453566,-1530613.607633493,243634.93651201588,311.1004096505488,263,1:30:28
17.4%,872500,3489.99999994512,-1529441.2769485777,242761.80176954225,309.9854932926878,263,1:30:25
17.5%,875000,3499.9999999448837,-1529379.1235293793,241968.62743415037,308.97267934983796,263,1:30:22
17.6%,877500,3509.9999999446472,-1530576.0641197953,243378.14649000368,310.7725113524399,263,1:30:18
17.6%,880000,3519.999999944411,-1528306.2548541306,243707.96596816505,311.19366185012996,263,1:30:15
17.6%,882500,3529.9999999441743,-1530355.3939995226,243516.8119029955,310.94957490253546,263,1:30:12
17.7%,885000,3539.999999943938,-1531590.6433484927,242807.02474807308,310.04323906325743,263,1:30:08
17.8%,887500,3549.9999999437014,-1527820.8527139323,244475.29577686635,312.17347460293803,263,1:30:05
17.8%,890000,3559.999999943465,-1530766.852148774,243474.12584238336,310.89506855326994,263,1:30:02
17.9%,892500,3569.9999999432284,-1526769.7473252565,243364.13553611058,310.7546205952351,263,1:29:58
17.9%,895000,3579.999999942992,-1530595.663025462,242591.56751150513,309.76811910091504,263,1:29:55
17.9%,897500,3589.9999999427555,-1528233.6890102169,244821.90197009506,312.61606026099105,263,1:29:51
18.0%,900000,3599.999999942519,-1529499.0905368626,243486.12454691395,310.91038984482265,263,1:29:48
18.1%,902500,3609.9999999422826,-1531764.5051885396,244366.43731065994,312.03447190523144,263,1:29:45
18.1%,905000,3619.999999942046,-1530264.7662939532,243689.24469925516,311.1697564344682,263,1:29:41
18.1%,907500,3629.9999999418096,-1528483.364948335,244211.8582391292,311.83708801125834,263,1:29:38
18.2%,910000,3639.999999941573,-1529813.0860172566,242529.5357507097,309.6889099921104,263,1:29:34
18.2%,912500,3649.9999999413367,-1527489.3770870045,243512.94870476576,310.94464193779305,263,1:29:31
18.3%,915000,3659.9999999411,-1529185.006747826,244009.67241721763,311.5789144794869,263,1:29:28
18.4%,917500,3669.9999999408637,-1529730.6275453633,244117.2835264791,311.71632441196,263,1:29:24
18.4%,920000,3679.9999999406273,-1529329.6355490312,243070.1517765799,310.37922916192935,263,1:29:21
18.4%,922500,3689.999999940391,-1530164.9334737742,244697.0843705528,312.45667915208634,263,1:29:18
18.5%,925000,3699.9999999401543,-1531750.1694186348,242114.21039228525,309.15857599734795,263,1:29:14
18.6%,927500,3709.999999939918,-1528157.8567836415,243476.4737593019,310.89806663690126,263,1:29:11
18.6%,930000,3719.9999999396814,-1529775.16534275,244631.12754171662,312.37245807622617,263,1:29:08
18.6%,932500,3729.999999939445,-1528328.325960488,243936.1255925019,311.48500164569907,263,1:29:04
18.7%,935000,3739.9999999392085,-1528219.5479092943,243549.13775360852,310.99085217381673,263,1:29:01
18.8%,937500,3749.999999938972,-1530090.1722121844,244892.75582136994,312.70653440428305,263,1:28:58
18.8%,940000,3759.9999999387355,-1529424.5584798856,243497.65374667762,310.9251116200359,263,1:28:54
18.9%,942500,3769.999999938499,-1526677.439154449,245396.41127626254,313.3496581720933,263,1:28:51
18.9%,945000,3779.9999999382626,-1528327.6398570584,243272.35420708056,310.63742390140993,263,1:28:47
18.9%,947500,3789.999999938026,-1530154.0388047518,243058.08005847892,310.36381463846175,263,1:28:44
19.0%,950000,3799.9999999377897,-1528248.6455482943,243810.5473379772,311.32464924720836,263,1:28:41
19.1%,952500,3809.999999937553,-1530938.0822650464,244639.77996720313,312.3835064634232,263,1:28:37
19.1%,955000,3819.9999999373167,-1528786.4541679434,243405.3334236392,310.80722667821476,263,1:28:34
19.1%,957500,3829.9999999370802,-1530556.8899122616,243041.21387481573,310.34227800368353,263,1:28:30
19.2%,960000,3839.999999936844,-1529977.5073761484,242837.07628904778,310.0816122409375,263,1:28:27
19.2%,962500,3849.9999999366073,-1526029.5940408856,243634.86577512848,311.1003193257581,263,1:28:24
19.3%,965000,3859.999999936371,-1530080.724451309,242480.60402403027,309.626428475983,263,1:28:20
19.4%,967500,3869.9999999361344,-1529527.5026464006,244190.53406431823,311.80985891343636,263,1:28:17
19.4%,970000,3879.999999935898,-1529292.457680054,242130.7865730957,309.1797423239611,263,1:28:14
19.4%,972500,3889.9999999356614,-1528007.9674160918,243748.53166356994,311.24546067930817,263,1:28:10
19.5%,975000,3899.999999935425,-1529589.694727485,242523.96339516612,309.6817945836343,263,1:28:07
19.6%,977500,3909.9999999351885,-1529272.8819898088,244877.05667294902,312.6864879709807,263,1:28:03
19.6%,980000,3919.999999934952,-1527458.0574900033,243558.53742204764,311.00285472461616,263,1:28:00
19.6%,982500,3929.9999999347156,-1528575.88849401,244682.52264531679,312.4380851082641,263,1:27:57
19.7%,985000,3939.999999934479,-1530143.8418457713,242101.52732933627,309.14238084021844,263,1:27:53
19.8%,987500,3949.9999999342426,-1527752.7721015122,242894.86074880714,310.15539791946105,263,1:27:50
19.8%,990000,3959.999999934006,-1529676.5521492576,242913.07376841764,310.17865434541915,263,1:27:46
19.9%,992500,3969.9999999337697,-1530777.9898022301,242750.73609541196,309.9713633989859,263,1:27:43
19.9%,995000,3979.999999933533,-1528769.778901467,243953.58036313285,311.50728985432545,263,1:27:40
19.9%,997500,3989.9999999332967,-1530255.66341961,243126.64340343227,310.45136400641104,263,1:27:36
20.0%,1000000,3999.9999999330603,-1529599.6524521215,244149.21492590936,311.757098003735,263,1:27:33
20.1%,1002500,4009.999999932824,-1526158.189334116,245148.31692925983,313.03286348702267,263,1:27:30
20.1%,1005000,4019.9999999325873,-1530629.767541063,242974.8529050795,310.25754087539923,263,1:27:26
20.1%,1007500,4029.999999932351,-1528498.6016795533,244427.2105520529,312.112073995325,263,1:27:23
20.2%,1010000,4039.9999999321144,-1530080.5218937835,243030.42229764842,310.32849810772285,263,1:27:20
20.2%,1012500,4049.999999931878,-1530625.5904555041,244098.18839879698,311.6919416114911,263,1:27:16
20.3%,1015000,4059.9999999316415,-1530204.049305886,243479.9177631154,310.902464327202,263,1:27:14
20.4%,1017500,4069.999999931405,-1527236.725393747,244232.9210984421,311.863983432147,263,1:27:11
20.4%,1020000,4079.9999999311685,-1529707.3698005257,243667.85276235087,311.1424408104062,263,1:27:08
20.4%,1022500,4089.999999930932,-1529591.1874563377,243209.11472576452,310.5566726396034,263,1:27:04
20.5%,1025000,4099.999999930696,-1528403.1285629347,243543.69852399232,310.9839067554543,263,1:27:01
20.6%,1027500,4109.999999930459,-1527646.9927983629,244244.75088324473,311.8790890280475,263,1:26:58
20.6%,1030000,4119.999999930223,-1529327.3838998592,244550.51870224404,312.2695276700193,263,1:26:54
20.6%,1032500,4129.999999929986,-1529778.2304330328,243060.7183206245,310.36718346744004,263,1:26:51
20.7%,1035000,4139.99999992975,-1528447.856217578,243498.1164871364,310.9257024989482,263,1:26:48
20.8%,1037500,4149.999999929513,-1528964.572271756,245029.4654615425,312.88110060431063,263,1:26:44
20.8%,1040000,4159.999999929277,-1527894.8383753607,243176.4988876245,310.5150250797266,263,1:26:41
20.9%,1042500,4169.99999992904,-1528826.9635403967,244045.06190589714,311.62410374742666,263,1:26:37
20.9%,1045000,4179.999999928804,-1529131.683891775,243614.3326950991,311.07410038647146,263,1:26:34
20.9%,1047500,4189.999999928567,-1528804.3902720474,243964.01600335643,311.52061525007946,263,1:26:31
21.0%,1050000,4199.999999928331,-1529555.1442775829,243679.78553543676,311.1576779132964,263,1:26:27
21.1%,1052500,4209.999999928094,-1531574.535497765,243636.96597592955,311.1030010976703,263,1:26:24
21.1%,1055000,4219.999999927858,-1530426.0643058764,243019.9265974626,310.3150960206736,263,1:26:21
21.1%,1057500,4229.9999999276215,-1529158.5226397673,245021.61212258507,312.8710725804083,263,1:26:18
21.2%,1060000,4239.999999927385,-1529543.0369733796,243985.28542572167,311.5477744338385,263,1:26:15
21.2%,1062500,4249.999999927149,-1530309.7474523745,244209.98277427012,311.8346932074002,263,1:26:12
21.3%,1065000,4259.999999926912,-1529415.3344138134,243084.38765114627,310.3974071230737,263,1:26:08
21.4%,1067500,4269.999999926676,-1528754.611643714,243993.38225034956,311.55811336755085,263,1:26:05
21.4%,1070000,4279.999999926439,-1529284.6550128255,242839.79925636802,310.0850892309822,263,1:26:02
21.4%,1072500,4289.999999926203,-1528058.987849311,243691.816087084,311.1730398708193,263,1:25:59
21.5%,1075000,4299.999999925966,-1529777.0910758404,243807.54553067757,311.3208162030072,263,1:25:56
21.6%,1077500,4309.99999992573,-1529767.76328946,242992.2652515563,310.2797749121079,263,1:25:52
21.6%,1080000,4319.999999925493,-1528541.1270906627,243093.67227521315,310.4092627723168,263,1:25:49
21.6%,1082500,4329.999999925257,-1526168.428273905,243989.67338867008,311.55337747702407,263,1:25:46
21.7%,1085000,4339.99999992502,-1528247.8838184932,244714.11654443786,312.47842774179503,263,1:25:43
21.8%,1087500,4349.999999924784,-1528630.545701757,243493.03350986078,310.91921198352657,263,1:25:40
21.8%,1090000,4359.999999924547,-1526274.5167055493,244215.6183573031,311.8418893518255,263,1:25:37
21.9%,1092500,4369.999999924311,-1526467.5734230904,244256.07123204676,311.893544118931,263,1:25:33
21.9%,1095000,4379.9999999240745,-1528718.5924629746,244188.84120502468,311.8076972808428,263,1:25:30
21.9%,1097500,4389.999999923838,-1527843.1824302422,243496.90627743345,310.92415716747917,263,1:25:27
22.0%,1100000,4399.9999999236015,-1527972.4666743819,244845.38824935298,312.6460501762425,263,1:25:24
22.1%,1102500,4409.999999923365,-1527526.90262374,243255.38386564975,310.6157542663132,263,1:25:21
22.1%,1105000,4419.999999923129,-1528877.1686584093,243841.55202779747,311.36423951222645,263,1:25:18
22.1%,1107500,4429.999999922892,-1529341.348799251,242799.35571804034,310.03344638565966,263,1:25:14
22.2%,1110000,4439.999999922656,-1527272.906943583,244685.0028489658,312.44125211042837,263,1:25:11
22.2%,1112500,4449.999999922419,-1527533.8078016192,244688.23160639283,312.4453749500038,263,1:25:08
22.3%,1115000,4459.999999922183,-1530445.9183953032,242698.03074940143,309.90406330249976,263,1:25:06
22.4%,1117500,4469.999999921946,-1530910.9983630292,242357.17125954636,309.46881567978465,263,1:25:03
22.4%,1120000,4479.99999992171,-1530129.5825517979,243313.89114187827,310.6904629179656,263,1:24:59
22.4%,1122500,4489.999999921473,-1528993.5896762125,242899.80647383514,310.16171317582064,263,1:24:56
22.5%,1125000,4499.999999921237,-1529708.1106827483,244404.40131973306,312.0829486095322,263,1:24:53
22.6%,1127500,4509.999999921,-1527775.6667433782,243183.92507852794,310.52450767309057,263,1:24:50
22.6%,1130000,4519.999999920764,-1531029.3510592552,242809.4957963664,310.0463943748368,263,1:24:47
22.6%,1132500,4529.999999920527,-1529699.9499859223,245179.41544595332,313.07257356071483,263,1:24:44
22.7%,1135000,4539.999999920291,-1527612.6578781614,243871.21305531962,311.4021140385358,263,1:24:41
22.8%,1137500,4549.9999999200545,-1529047.8099724539,244360.70786701117,312.02715590904586,263,1:24:38
22.8%,1140000,4559.999999919818,-1529014.05632627,242916.04582928782,310.1824494060433,263,1:24:35
22.9%,1142500,4569.999999919582,-1527541.142176426,243552.86068116504,310.9956060252328,263,1:24:32
22.9%,1145000,4579.999999919345,-1528529.6510775378,243105.919496577,310.42490139803255,263,1:24:28
22.9%,1147500,4589.999999919109,-1528707.9380236277,243790.99985517305,311.29968882898976,263,1:24:25
23.0%,1150000,4599.999999918872,-1528121.1228895197,244389.3036079504,312.0636701579783,263,1:24:22
23.1%,1152500,4609.999999918636,-1529786.0767116053,244306.26059301253,311.957631523554,263,1:24:19
23.1%,1155000,4619.999999918399,-1529408.2468233816,243591.56160575597,311.0450237059089,263,1:24:16
23.1%,1157500,4629.999999918163,-1528931.2832807992,244321.99591642775,311.977724149146,263,1:24:13
23.2%,1160000,4639.999999917926,-1528590.531022829,242172.9024958642,309.23352065728903,263,1:24:10
23.2%,1162500,4649.99999991769,-1527703.7033446971,244560.7721320115,312.28262039902864,263,1:24:07
23.3%,1165000,4659.999999917453,-1527859.4746198915,244226.88978549052,311.8562819753821,263,1:24:04
23.4%,1167500,4669.999999917217,-1527508.299470313,244691.9852747075,312.4501680546673,263,1:24:00
23.4%,1170000,4679.99999991698,-1529244.8250433784,245059.59693755716,312.9195758520142,263,1:23:57
23.4%,1172500,4689.999999916744,-1529618.1098155156,245425.89979304993,313.38731241735013,263,1:23:54
23.5%,1175000,4699.9999999165075,-1527660.348690248,243303.48342610657,310.6771731792834,263,1:23:50
23.6%,1177500,4709.999999916271,-1527905.4010705668,243929.11778691784,311.4760532936312,263,1:23:47
23.6%,1180000,4719.9999999160345,-1529560.1894752625,243629.92246289778,311.0940071503287,263,1:23:44
23.6%,1182500,4729.999999915798,-1528440.733286676,244240.22234200587,311.87330647873534,263,1:23:40
23.7%,1185000,4739.999999915562,-1530450.959107723,243984.90677034127,311.5472909241841,263,1:23:37
23.8%,1187500,4749.999999915325,-1530842.5609124042,243111.20806255323,310.43165443216316,263,1:23:33
23.8%,1190000,4759.999999915089,-1530761.6253744792,243115.92969019135,310.4376835358437,263,1:23:30
23.9%,1192500,4769.999999914852,-1529615.7974892184,244846.22467665398,312.6471182204225,263,1:23:27
23.9%,1195000,4779.999999914616,-1529220.030553544,243197.35383939813,310.54165502095304,263,1:23:23
23.9%,1197500,4789.999999914379,-1528405.8459937023,244561.94029125597,312.2841120357565,263,1:23:20
24.0%,1200000,4799.999999914143,-1529476.628155062,241669.15643837367,308.59028119792106,263,1:23:17
24.1%,1202500,4809.999999913906,-1531475.88915757,242936.73267599047,310.20886469186274,263,1:23:13
24.1%,1205000,4819.99999991367,-1529850.828875417,243624.2635066549,311.0867811603678,263,1:23:10
24.1%,1207500,4829.999999913433,-1530101.4688061345,241925.73964966007,308.91791541690225,263,1:23:07
24.2%,1210000,4839.999999913197,-1531286.5430791425,243103.5095754698,310.42182414049955,263,1:23:03
24.2%,1212500,4849.99999991296,-1529033.800474857,243461.13233274716,310.87847698299475,263,1:23:00
24.3%,1215000,4859.999999912724,-1530963.9568750653,244249.92071957822,311.8856904548551,263,1:22:57
24.4%,1217500,4869.9999999124875,-1528560.6028731065,244144.04792112386,311.7505001925653,263,1:22:53
24.4%,1220000,4879.999999912251,-1528663.3957161773,244361.52836643002,312.02820361471964,263,1:22:50
24.4%,1222500,4889.999999912015,-1529682.2975777881,244158.60628258192,311.7690899411387,263,1:22:46
24.5%,1225000,4899.999999911778,-1530288.5416276287,242920.51972516728,310.18816217803226,263,1:22:43
24.6%,1227500,4909.999999911542,-1525927.741746216,243174.86512385195,310.51293890692153,263,1:22:40
24.6%,1230000,4919.999999911305,-1527447.6738248235,243619.73613981495,311.08100011066,263,1:22:36
24.6%,1232500,4929.999999911069,-1530925.1317315325,243753.72940297093,311.25209773588165,263,1:22:33
24.7%,1235000,4939.999999910832,-1531266.3566968357,242648.38701846625,309.84067261949014,263,1:22:30
24.8%,1237500,4949.999999910596,-1529221.0372427981,241542.1249453691,308.4280731415642,263,1:22:26
24.8%,1240000,4959.999999910359,-1527635.2697442789,243370.97699562996,310.7633565379926,263,1:22:23
24.9%,1242500,4969.999999910123,-1531034.6394652976,243549.08497498577,310.9907847801523,263,1:22:20
24.9%,1245000,4979.999999909886,-1529941.5740721645,243131.78195398426,310.4579254840243,263,1:22:16
24.9%,1247500,4989.99999990965,-1529055.9887193218,244013.64489615877,311.58398698609705,263,1:22:13
25.0%,1250000,4999.999999909413,-1529200.723433245,243681.09120081546,311.15934513327727,263,1:22:10
25.1%,1252500,5009.999999909177,-1528647.026529272,243714.65506465983,311.20220323869074,263,1:22:06
25.1%,1255000,5019.9999999089405,-1528590.6286558947,244048.15021062712,311.6280472412473,263,1:22:03
25.1%,1257500,5029.999999908704,-1527613.3923462704,243761.59157374885,311.26213703724284,263,1:22:00
25.2%,1260000,5039.9999999084675,-1528260.0156764966,242322.04813763313,309.42396653880417,263,1:21:56
25.2%,1262500,5049.999999908231,-1530757.4178522555,242229.3763226901,309.30563277270073,263,1:21:53
25.3%,1265000,5059.999999907995,-1527341.4541932624,244471.74964790416,312.16894650779454,263,1:21:50
25.4%,1267500,5069.999999907758,-1526720.939547223,243436.6269437468,310.8471857541349,263,1:21:46
25.4%,1270000,5079.999999907522,-1527734.7525570458,244757.3409184706,312.5336214700057,263,1:21:43
25.4%,1272500,5089.999999907285,-1528414.7693484165,243752.316300656,311.250293328372,263,1:21:39
25.5%,1275000,5099.999999907049,-1529453.2437143596,241810.63960835003,308.7709427761349,263,1:21:36
25.6%,1277500,5109.999999906812,-1526548.8346151924,243142.4015235161,310.47148574134604,263,1:21:33
25.6%,1280000,5119.999999906576,-1528322.2059404375,241661.79480789107,308.58088104254256,263,1:21:29
25.6%,1282500,5129.999999906339,-1528708.7614561412,243958.77650854198,311.5139248755114,263,1:21:26
25.7%,1285000,5139.999999906103,-1529821.878988376,244126.28909997537,311.7278237381401,263,1:21:23
25.8%,1287500,5149.999999905866,-1529249.7164842542,243404.7176239321,310.8064403560892,263,1:21:19
25.8%,1290000,5159.99999990563,-1528313.722605383,244762.82732215605,312.5406271255101,263,1:21:16
25.9%,1292500,5169.999999905393,-1529921.1241953,243681.7417540293,311.16017583257764,263,1:21:13
25.9%,1295000,5179.999999905157,-1531260.7111487528,242126.7984213072,309.17464980450177,263,1:21:09
25.9%,1297500,5189.9999999049205,-1531386.0812193546,243286.11858109158,310.65499979776826,263,1:21:06
26.0%,1300000,5199.999999904684,-1529254.045016543,243954.87904694496,311.5089481594591,263,1:21:03
26.1%,1302500,5209.999999904448,-1528548.6117124576,243428.7320855687,310.8371047138354,263,1:20:59
26.1%,1305000,5219.999999904211,-1530578.007095337,243285.60530447625,310.6543443886239,263,1:20:56
26.1%,1307500,5229.999999903975,-1530175.530078059,243523.22321719164,310.95776158750505,263,1:20:53
26.2%,1310000,5239.999999903738,-1529000.0357844848,242129.1298556473,309.1776268413285,263,1:20:49
26.2%,1312500,5249.999999903502,-1524803.2852733517,243391.9877065848,310.79018537000934,263,1:20:46
26.3%,1315000,5259.999999903265,-1531176.9323062291,243760.99652178818,311.26137720816666,263,1:20:43
26.4%,1317500,5269.999999903029,-1529482.9438852845,243885.0457666201,311.41977719560913,263,1:20:39
26.4%,1320000,5279.999999902792,-1527172.1001195172,243743.69089664356,311.23927944522336,263,1:20:36
26.4%,1322500,5289.999999902556,-1528206.877876399,242288.0793331813,309.3805913598106,263,1:20:32
26.5%,1325000,5299.999999902319,-1528124.5812660083,243087.1187956328,310.40089455464135,263,1:20:29
26.6%,1327500,5309.999999902083,-1528472.4411974885,243271.08508636692,310.6358033457558,263,1:20:26
26.6%,1330000,5319.999999901846,-1527219.2040852392,243826.31186274785,311.3447791603658,263,1:20:22
26.6%,1332500,5329.99999990161,-1529448.9999929909,244221.16241974462,311.8489686324959,263,1:20:19
26.7%,1335000,5339.9999999013735,-1529432.5434636064,242966.45478830306,310.2468172180829,263,1:20:16
26.8%,1337500,5349.999999901137,-1530878.581935226,242919.16008376706,310.1864260354139,263,1:20:12
26.8%,1340000,5359.999999900901,-1528709.7945073573,243756.22109241696,311.25527940439963,263,1:20:09
26.9%,1342500,5369.999999900664,-1529032.1098605506,244939.47730499523,312.7661936342088,263,1:20:05
26.9%,1345000,5379.999999900428,-1526859.0678837225,242433.69616721856,309.5665312638718,263,1:20:02
26.9%,1347500,5389.999999900191,-1529433.4006253034,244589.17934760207,312.3188939176536,263,1:19:59
27.0%,1350000,5399.999999899955,-1530863.7011746382,243785.38629899334,311.292520810921,263,1:19:55
27.1%,1352500,5409.999999899718,-1530885.7662026295,242870.34857356083,310.1240980251613,263,1:19:52
27.1%,1355000,5419.999999899482,-1531405.3249194957,244199.3130035235,311.8210688475376,263,1:19:49
27.1%,1357500,5429.999999899245,-1531141.7279503383,242835.57852689727,310.0796997302556,263,1:19:45
27.2%,1360000,5439.999999899009,-1531529.748925984,243065.0769968897,310.37274911410407,263,1:19:42
27.2%,1362500,5449.999999898772,-1529695.5243813181,243873.27775568466,311.40475047951,263,1:19:39
27.3%,1365000,5459.999999898536,-1529795.438640588,243322.4795574023,310.70142957006414,263,1:19:35
27.4%,1367500,5469.999999898299,-1529608.835671544,244122.9235309702,311.72352620219885,263,1:19:32
27.4%,1370000,5479.999999898063,-1528520.7551897708,245004.39274665382,312.84908495013315,263,1:19:29
27.4%,1372500,5489.9999998978265,-1528930.8767526643,243638.6832452087,311.105193899671,263,1:19:25
27.5%,1375000,5499.99999989759,-1529082.1097761095,244285.78517170902,311.9314862093947,263,1:19:22
27.6%,1377500,5509.9999998973535,-1530077.727532913,245517.45069423798,313.5042148750651,263,1:19:19
27.6%,1380000,5519.999999897117,-1529688.6339216642,242315.99143867762,309.41623266634247,263,1:19:15
27.6%,1382500,5529.999999896881,-1529524.0921218963,242425.1157988407,309.555574887272,263,1:19:12
27.7%,1385000,5539.999999896644,-1530777.081690494,243252.5840847434,310.6121791920674,263,1:19:11
27.8%,1387500,5549.999999896408,-1529460.636135419,244625.13247505727,312.364802902792,263,1:19:08
27.8%,1390000,5559.999999896171,-1527840.136782242,243110.7693231218,310.4310942004542,263,1:19:05
27.9%,1392500,5569.999999895935,-1527708.0143238818,243128.75133920563,310.45405565520326,263,1:19:01
27.9%,1395000,5579.999999895698,-1529264.3731063474,243566.34418939333,311.0128232806618,263,1:18:58
27.9%,1397500,5589.999999895462,-1530060.7344878865,244614.29483737567,312.3509641916012,263,1:18:55
28.0%,1400000,5599.999999895225,-1529175.4829827724,244302.88650653674,311.9533231115511,263,1:18:51
28.1%,1402500,5609.999999894989,-1530743.9317775238,242094.40767493923,309.13328966704273,263,1:18:48
28.1%,1405000,5619.999999894752,-1528648.9615480062,244488.5994599285,312.19046223742816,263,1:18:45
28.1%,1407500,5629.999999894516,-1528317.162926552,243749.57367144525,311.24679123182045,263,1:18:41
28.2%,1410000,5639.999999894279,-1527601.87706115,243796.8414601982,311.30714804539923,263,1:18:38
28.2%,1412500,5649.999999894043,-1529830.943824606,244012.54445236875,311.5825818160555,263,1:18:35
28.3%,1415000,5659.9999998938065,-1530042.0219002059,242785.0627872197,310.01519556869124,263,1:18:31
28.4%,1417500,5669.99999989357,-1529463.728536671,243694.35788272897,311.1762855205513,263,1:18:28
28.4%,1420000,5679.999999893334,-1528126.022002641,243520.42526051565,310.95418884264114,263,1:18:25
28.4%,1422500,5689.999999893097,-1529225.7931367876,244040.48984446118,311.6182656266463,263,1:18:21
28.5%,1425000,5699.999999892861,-1529309.7226309208,244722.36420933122,312.4889592852744,263,1:18:18
28.6%,1427500,5709.999999892624,-1529904.6180221085,243602.60967496014,311.0591311196668,263,1:18:15
28.6%,1430000,5719.999999892388,-1528496.534846669,243040.63764318224,310.3415422065118,263,1:18:11
28.6%,1432500,5729.999999892151,-1528671.919597256,244829.12006658982,312.62527713607705,263,1:18:08
28.7%,1435000,5739.999999891915,-1527453.881357126,244290.55945569184,311.9375825506014,263,1:18:05
28.8%,1437500,5749.999999891678,-1528990.3283755453,242785.83150622898,310.0161771553311,263,1:18:02
28.8%,1440000,5759.999999891442,-1527473.8421937125,242702.15022443878,309.9093235102105,263,1:17:58
28.9%,1442500,5769.999999891205,-1530093.8706233306,243652.1502594861,311.12239009377373,263,1:17:55
28.9%,1445000,5779.999999890969,-1527658.1380413268,243563.7580339595,311.0095209873765,263,1:17:52
28.9%,1447500,5789.999999890732,-1528232.5887634158,243839.6759091203,311.36184387350005,263,1:17:48
29.0%,1450000,5799.999999890496,-1528624.5527250478,242800.53593564103,310.03495341984905,263,1:17:45
29.1%,1452500,5809.9999998902595,-1528704.698416614,243181.59297508784,310.5215297818819,263,1:17:42
29.1%,1455000,5819.999999890023,-1527268.1059988383,243637.5316492087,311.10372341275115,263,1:17:38
29.1%,1457500,5829.9999998897865,-1529407.5350361867,243681.4151591513,311.1597587996111,263,1:17:35
29.2%,1460000,5839.99999988955,-1529543.6115231905,245065.31836541448,312.9268816127383,263,1:17:32
29.2%,1462500,5849.999999889314,-1531115.489965925,244282.5549291518,311.9273614734385,263,1:17:28
29.3%,1465000,5859.999999889077,-1531232.960838084,242910.38260611508,310.17521796758786,263,1:17:25
29.4%,1467500,5869.999999888841,-1529725.4479500111,243674.04698435435,311.1503502877182,263,1:17:22
29.4%,1470000,5879.999999888604,-1529483.72977662,243846.54928920942,311.3706205760207,263,1:17:18
29.4%,1472500,5889.999999888368,-1528111.8778204313,243934.69126789932,311.4831701391926,263,1:17:15
29.5%,1475000,5899.999999888131,-1530819.4396483386,244702.9252015398,312.46413738011705,263,1:17:12
29.6%,1477500,5909.999999887895,-1528904.1737773195,243148.4030078461,310.4791491095817,263,1:17:08
29.6%,1480000,5919.999999887658,-1531869.9643266937,242279.4809306324,309.3696119551587,263,1:17:05
29.6%,1482500,5929.999999887422,-1528146.4583559474,243539.56103633362,310.9786235472085,263,1:17:02
29.7%,1485000,5939.999999887185,-1527435.5820636759,242259.01858743327,309.34348334058967,263,1:16:59
29.8%,1487500,5949.999999886949,-1528420.42423107,243734.62025131175,311.22769702802606,263,1:16:55
29.8%,1490000,5959.999999886712,-1529101.829026278,243689.80214084528,311.17046823840536,263,1:16:52
29.9%,1492500,5969.999999886476,-1528811.0298942402,244143.37077265995,311.7496355334671,263,1:16:49
29.9%,1495000,5979.9999998862395,-1529356.4980552336,242434.55445589297,309.567627223105,263,1:16:45
29.9%,1497500,5989.999999886003,-1529792.1281672446,243812.23848693684,311.3268086958559,263,1:16:42
30.0%,1500000,5999.999999885767,-1529107.1491697133,244603.95744028216,312.33776424369324,263,1:16:39
30.1%,1502500,6009.99999988553,-1527181.3285203958,243705.20748141996,311.1901395049003,263,1:16:35
30.1%,1505000,6019.999999885294,-1530605.754735699,242934.87066513143,310.2064870675806,263,1:16:32
30.1%,1507500,6029.999999885057,-1529304.0574709345,242212.96285992654,309.2846742227381,263,1:16:29
30.2%,1510000,6039.999999884821,-1532073.4351055166,243952.07705532538,311.5053702623268,263,1:16:26
30.2%,1512500,6049.999999884584,-1528623.1662576701,242066.28636538633,309.0973812253099,263,1:16:22
30.3%,1515000,6059.999999884348,-1532277.0219418732,243400.4795398331,310.8010286950269,263,1:16:19
30.4%,1517500,6069.999999884111,-1530785.7478129119,244093.5587148932,311.68602991188163,263,1:16:16
30.4%,1520000,6079.999999883875,-1528069.8726073913,243478.08461187728,310.9001235541204,263,1:16:12
30.4%,1522500,6089.999999883638,-1533476.0696276883,243228.78522938982,310.58179014460273,263,1:16:09
30.5%,1525000,6099.999999883402,-1528204.3824969744,244585.71686200102,312.3144726277339,263,1:16:06
30.6%,1527500,6109.999999883165,-1531050.1526011666,243151.32146028813,310.48287571695283,263,1:16:02
30.6%,1530000,6119.999999882929,-1529222.2537149582,243781.01324927376,311.2869368106185,263,1:15:59
30.6%,1532500,6129.9999998826925,-1529384.689127094,242162.34355223837,309.22003781392306,263,1:15:56
30.7%,1535000,6139.999999882456,-1527177.6575250756,242839.1402611859,310.08424775202997,263,1:15:52
30.8%,1537500,6149.9999998822195,-1528460.116162194,244221.5284733317,311.8494360507674,263,1:15:49
30.8%,1540000,6159.999999881983,-1527595.9300104594,243181.16166634345,310.5209790385075,263,1:15:46
30.9%,1542500,6169.999999881747,-1528786.9468452055,245605.79848335544,313.61702724007165,263,1:15:42
30.9%,1545000,6179.99999988151,-1530431.323864475,243320.20229735147,310.69852170904534,263,1:15:39
30.9%,1547500,6189.999999881274,-1530775.1190432254,242507.21126120415,309.6604035803049,263,1:15:36
31.0%,1550000,6199.999999881037,-1529154.4055453269,242809.11454748438,310.04590755350864,263,1:15:32
31.1%,1552500,6209.999999880801,-1529512.6015874036,243028.6634438028,310.3262522058841,263,1:15:29
31.1%,1555000,6219.999999880564,-1527622.5464813523,243381.52969176797,310.77683140386546,263,1:15:26
31.1%,1557500,6229.999999880328,-1527618.7452193582,244721.45749846747,312.4878014951595,263,1:15:22
31.2%,1560000,6239.999999880091,-1528015.3401536131,244546.26092898828,312.26409086763357,263,1:15:19
31.2%,1562500,6249.999999879855,-1527553.6312021436,244657.41366629797,312.4060231479784,263,1:15:16
31.3%,1565000,6259.999999879618,-1528675.8048624368,242206.77828789304,309.27677706759,263,1:15:12
31.4%,1567500,6269.999999879382,-1527761.8171765655,243466.4504619177,310.8852677667273,263,1:15:09
31.4%,1570000,6279.999999879145,-1529303.3031159518,243142.78480678226,310.471975160404,263,1:15:06
31.4%,1572500,6289.999999878909,-1527165.8091526506,244403.09899826412,312.0812856594303,263,1:15:02
31.5%,1575000,6299.9999998786725,-1528617.6326450063,244280.63659163186,311.92491192495896,263,1:14:59
31.6%,1577500,6309.999999878436,-1529283.4184362572,244252.37881729216,311.88882922968236,263,1:14:56
31.6%,1580000,6319.9999998782,-1531036.2763761617,243989.61791112905,311.5533066370781,263,1:14:53
31.6%,1582500,6329.999999877963,-1527121.8329571476,244565.35240585654,312.28846900633397,263,1:14:49
31.7%,1585000,6339.999999877727,-1533822.4079194758,244424.65962479918,312.10881668533085,263,1:14:46
31.8%,1587500,6349.99999987749,-1527919.818623025,243580.49346843618,311.03089066693036,263,1:14:43
31.8%,1590000,6359.999999877254,-1528703.8727622535,243287.17360569234,310.65634697149545,263,1:14:39
31.9%,1592500,6369.999999877017,-1532250.2296346128,243522.26264719033,310.9565350240032,263,1:14:36
31.9%,1595000,6379.999999876781,-1530923.9863800062,244075.14695689024,311.6625197144563,263,1:14:33
31.9%,1597500,6389.999999876544,-1528846.1896395134,245002.81844055586,312.847074699555,263,1:14:29
32.0%,1600000,6399.999999876308,-1527410.4576887926,243180.93426819236,310.5206886710464,263,1:14:26
32.0%,1602500,6409.999999876071,-1529164.4188432768,243680.19776590436,311.15820429538746,263,1:14:23
32.1%,1605000,6419.999999875835,-1528148.6395381847,244844.8884062238,312.6454119204797,263,1:14:19
32.1%,1607500,6429.999999875598,-1529605.538207042,243186.23672698662,310.527459445085,263,1:14:16
32.2%,1610000,6439.999999875362,-1527468.0720734699,243312.14989249938,310.6882394954843,263,1:14:13
32.2%,1612500,6449.9999998751255,-1530347.7558059162,244494.0313524629,312.19739828698175,263,1:14:09
32.3%,1615000,6459.999999874889,-1528543.3169970587,244290.01171387522,311.93688313242285,263,1:14:06
32.4%,1617500,6469.9999998746525,-1529994.8925103499,244999.5108490513,312.8428511957884,263,1:14:03
32.4%,1620000,6479.999999874416,-1531084.03827265,243349.369455369,310.73576560738564,263,1:13:59
32.5%,1622500,6489.99999987418,-1528260.4911795128,243785.36890933837,311.29249860585935,263,1:13:56
32.5%,1625000,6499.999999873943,-1529636.9881539717,244476.6319738315,312.17518080907246,263,1:13:53
32.5%,1627500,6509.999999873707,-1530115.9860699438,243035.99984110933,310.33562014071356,263,1:13:49
32.6%,1630000,6519.99999987347,-1529661.5671388274,242328.82080750258,309.4326146432221,263,1:13:46
32.6%,1632500,6529.999999873234,-1531141.1717469133,244316.15082008028,311.9702604746247,263,1:13:43
32.7%,1635000,6539.999999872997,-1528043.5192370145,242592.16197698517,309.76887818110697,263,1:13:39
32.8%,1637500,6549.999999872761,-1529559.6706999205,243594.80313756567,311.0491628572487,263,1:13:36
32.8%,1640000,6559.999999872524,-1529012.6681986134,242560.12288725039,309.7279670782741,263,1:13:33
32.9%,1642500,6569.999999872288,-1530091.9291074323,243195.36775130685,310.53911896094604,263,1:13:29
32.9%,1645000,6579.999999872051,-1529690.2832337348,243171.55382156366,310.50871066481017,263,1:13:26
33.0%,1647500,6589.999999871815,-1529570.1944875475,242456.33819730327,309.5954431470997,263,1:13:23
33.0%,1650000,6599.999999871578,-1528923.7067386284,243652.56378451397,311.12291812890453,263,1:13:20
33.0%,1652500,6609.999999871342,-1529790.5454248507,244756.29262561986,312.5322828921319,263,1:13:16
33.1%,1655000,6619.9999998711055,-1529332.0282402728,243881.9066368439,311.4157688026696,263,1:13:13
33.1%,1657500,6629.999999870869,-1528749.3524306323,243167.65781061933,310.503735801114,263,1:13:10
33.2%,1660000,6639.999999870633,-1527579.1415515728,243408.21514419408,310.810906382193,263,1:13:06
33.2%,1662500,6649.999999870396,-1529643.7096617566,243316.4959545032,310.6937890348447,263,1:13:03
33.3%,1665000,6659.99999987016,-1530591.8535224907,243579.18170577026,311.0292156612494,263,1:13:00
33.4%,1667500,6669.999999869923,-1529260.4447604874,243568.20912112962,311.0152046346475,263,1:12:56
33.4%,1670000,6679.999999869687,-1527001.9673185265,241835.72915084212,308.80297991768356,263,1:12:53
33.5%,1672500,6689.99999986945,-1526507.2735463995,243908.67512345017,311.44994980835037,263,1:12:50
33.5%,1675000,6699.999999869214,-1527104.1025117524,243973.7391000324,311.53303079032287,263,1:12:46
33.5%,1677500,6709.999999868977,-1529059.3422993897,244919.3146648177,312.74044771406835,263,1:12:43
33.6%,1680000,6719.999999868741,-1528701.2227433408,244230.623304081,311.86104935061803,263,1:12:40
33.6%,1682500,6729.999999868504,-1529897.0672454368,245097.71308760226,312.96824682696996,263,1:12:36
33.7%,1685000,6739.999999868268,-1528368.7056581667,243850.8028047742,311.3760519417091,263,1:12:33
33.8%,1687500,6749.999999868031,-1528971.2677059425,242850.64066456747,310.09893275679315,263,1:12:30
33.8%,1690000,6759.999999867795,-1527023.5771891875,242485.292049086,309.63241467211793,263,1:12:27
33.9%,1692500,6769.9999998675585,-1526842.7461376293,242402.7884432062,309.5270648156716,263,1:12:23
33.9%,1695000,6779.999999867322,-1526886.7830359833,243936.1653762027,311.4850524459899,263,1:12:20
34.0%,1697500,6789.9999998670855,-1529066.8351285262,242961.62646944617,310.2406518790892,263,1:12:17
34.0%,1700000,6799.999999866849,-1529317.697726625,243586.1540276116,311.03811870369526,263,1:12:13
34.0%,1702500,6809.999999866613,-1529106.8257408421,243432.5002705129,310.84191635495944,263,1:12:10
34.1%,1705000,6819.999999866376,-1529159.4967320357,243727.17063496794,311.2181845224327,263,1:12:07
34.1%,1707500,6829.99999986614,-1530361.8369159075,243453.49309572473,310.86872234845373,263,1:12:03
34.2%,1710000,6839.999999865903,-1528600.6491331607,243778.96667695564,311.2843235175676,263,1:12:00
34.2%,1712500,6849.999999865667,-1530640.4810491614,242411.18799113415,309.5377903004426,263,1:11:57
34.3%,1715000,6859.99999986543,-1528707.6447564773,244121.77825022547,311.7220637793052,263,1:11:53
34.4%,1717500,6869.999999865194,-1530839.8536214828,243817.85534245727,311.3339809268929,263,1:11:50
34.4%,1720000,6879.999999864957,-1529826.787739412,244414.25460998068,312.09553039552856,263,1:11:47
34.5%,1722500,6889.999999864721,-1529798.964141299,243627.6726500828,311.09113433701873,263,1:11:44
34.5%,1725000,6899.999999864484,-1528240.3441268206,244074.64247720595,311.66187553821993,263,1:11:40
34.5%,1727500,6909.999999864248,-1529815.0044028908,243972.81491121216,311.531850682393,263,1:11:37
34.6%,1730000,6919.999999864011,-1529098.5056729373,243358.09189168815,310.74690339226527,263,1:11:34
34.6%,1732500,6929.999999863775,-1527529.8753444375,243691.1636761189,311.17220679933365,263,1:11:30
34.7%,1735000,6939.9999998635385,-1528348.2342828792,243788.54465769615,311.2965537575104,263,1:11:27
34.8%,1737500,6949.999999863302,-1528327.7016975451,243691.12341895484,311.17215539447193,263,1:11:24
34.8%,1740000,6959.999999863066,-1528692.4083492802,243736.54329817806,311.2301525899272,263,1:11:20
34.9%,1742500,6969.999999862829,-1528677.6530761244,243574.88170989743,311.02372494429113,263,1:11:17
34.9%,1745000,6979.999999862593,-1527830.021176166,244182.74572463494,311.7999138878967,263,1:11:14
35.0%,1747500,6989.999999862356,-1528306.2479292257,242752.83831536403,309.97404774917646,263,1:11:10
35.0%,1750000,6999.99999986212,-1528368.7211442888,244192.71847687487,311.81264821636205,263,1:11:07
35.0%,1752500,7009.999999861883,-1528214.1197070647,243956.3737216607,311.51085672775815,263,1:11:04
35.1%,1755000,7019.999999861647,-1529866.229263029,244177.88250351785,311.79370398178304,263,1:11:01
35.1%,1757500,7029.99999986141,-1528873.3215279328,242142.3316638649,309.19448439059227,263,1:10:57
35.2%,1760000,7039.999999861174,-1530162.716348826,243762.6433424755,311.26348005350474,263,1:10:54
35.2%,1762500,7049.999999860937,-1528865.3871720638,243033.3172127481,310.33219465997564,263,1:10:51
35.3%,1765000,7059.999999860701,-1528413.4835009025,243897.23757161744,311.43534505949333,263,1:10:47
35.4%,1767500,7069.999999860464,-1530102.7932796413,243302.85183690162,310.67636669535625,263,1:10:44
35.4%,1770000,7079.999999860228,-1527906.4356175382,243842.12739613178,311.3649742070411,263,1:10:41
35.5%,1772500,7089.9999998599915,-1529325.5170058617,245364.89367628534,313.309412965866,263,1:10:37
35.5%,1775000,7099.999999859755,-1527757.7428962719,242565.87621999686,309.7353135787387,263,1:10:34
35.5%,1777500,7109.9999998595185,-1529067.7444312843,244392.50848181965,312.06776250034875,263,1:10:31
35.6%,1780000,7119.999999859282,-1528077.4645760367,243690.8463948082,311.1718016589743,263,1:10:28
35.6%,1782500,7129.999999859046,-1529717.9146251073,243489.8254583673,310.9151155836092,263,1:10:24
35.7%,1785000,7139.999999858809,-1527642.8892353736,242979.52279775066,310.2635039180721,263,1:10:21
35.8%,1787500,7149.999999858573,-1529621.5378824556,243466.52078140897,310.88535755853974,263,1:10:18
35.8%,1790000,7159.999999858336,-1529826.9276095321,242016.7546639188,309.0341335940882,263,1:10:14
35.9%,1792500,7169.9999998581,-1528078.2233617576,244026.02962778474,311.5998012003367,263,1:10:11
35.9%,1795000,7179.999999857863,-1530471.5453739539,244228.4676618168,311.85829678482816,263,1:10:08
36.0%,1797500,7189.999999857627,-1529846.3032374317,244491.14686499813,312.19371504990266,263,1:10:04
36.0%,1800000,7199.99999985739,-1529426.6485047778,244766.431726623,312.54522963335353,263,1:10:01
36.0%,1802500,7209.999999857154,-1528267.1699016392,244837.51130457933,312.6359920097868,263,1:09:58
36.1%,1805000,7219.999999856917,-1530368.9418006325,242818.906170919,310.05841059640255,263,1:09:54
36.1%,1807500,7229.999999856681,-1529705.1771464096,243714.68058349483,311.2022358240011,263,1:09:51
36.2%,1810000,7239.999999856444,-1528462.3161809687,244769.62006803858,312.549300865233,263,1:09:48
36.2%,1812500,7249.999999856208,-1529076.2819116013,243392.15797845897,310.79040279223364,263,1:09:45
36.3%,1815000,7259.9999998559715,-1529680.7279785406,244482.84712865407,312.1831170157554,263,1:09:41
36.4%,1817500,7269.999999855735,-1528674.9175966969,243274.81791734026,310.6405698429651,263,1:09:38
36.4%,1820000,7279.999999855499,-1526521.9492775742,245326.02970629244,313.2597870905358,263,1:09:35
36.5%,1822500,7289.999999855262,-1528968.4756184146,244694.75709138322,312.45370742104734,263,1:09:31
36.5%,1825000,7299.999999855026,-1529133.646602071,244865.8658483611,312.67219827113934,263,1:09:28
36.5%,1827500,7309.999999854789,-1528168.4059608653,244368.60357535462,312.03723803493176,263,1:09:25
36.6%,1830000,7319.999999854553,-1529697.7266880227,244591.02914684475,312.3212559487745,263,1:09:21
36.6%,1832500,7329.999999854316,-1528957.089611682,241978.59297854514,308.9854044745183,263,1:09:18
36.7%,1835000,7339.99999985408,-1528058.9618091136,243536.44842430152,310.9746490150985,263,1:09:15
36.8%,1837500,7349.999999853843,-1529261.2813676707,243580.05556968326,311.03033150869396,263,1:09:11
36.8%,1840000,7359.999999853607,-1528069.0821755622,244075.49290148728,311.66296145531413,263,1:09:08
36.9%,1842500,7369.99999985337,-1528054.4175094105,245075.64638315074,312.9400695840311,263,1:09:05
36.9%,1845000,7379.999999853134,-1529355.550403595,244691.5221164084,312.44957664220965,263,1:09:02
37.0%,1847500,7389.999999852897,-1530045.1594080878,244333.47371206502,311.9923802858059,263,1:08:58
37.0%,1850000,7399.999999852661,-1529151.0251836767,243486.04889604173,310.91029324530507,263,1:08:55
37.0%,1852500,7409.9999998524245,-1528969.4989050915,243763.12060777476,311.26408947936227,263,1:08:52
37.1%,1855000,7419.999999852188,-1529896.640954012,243942.2157945029,311.4927782986065,263,1:08:48
37.1%,1857500,7429.9999998519515,-1528249.1130953943,242936.54093529528,310.20861985584014,263,1:08:45
37.2%,1860000,7439.999999851715,-1529108.7877402548,245038.15072235296,312.8921909193317,263,1:08:42
37.2%,1862500,7449.999999851479,-1530566.842195711,244602.56367194152,312.33598452397024,263,1:08:38
37.3%,1865000,7459.999999851242,-1528703.3841822501,243933.22449500413,311.4812971990671,263,1:08:35
37.4%,1867500,7469.999999851006,-1527676.3309478657,243640.8457960888,311.1079552871564,263,1:08:32
37.4%,1870000,7479.999999850769,-1528003.193300536,242709.49278576393,309.9186993159503,263,1:08:28
37.5%,1872500,7489.999999850533,-1529918.10331845,243705.68122308527,311.19074443138686,263,1:08:25
37.5%,1875000,7499.999999850296,-1531344.2837061454,243487.63246694466,310.91231532622527,263,1:08:22
37.5%,1877500,7509.99999985006,-1527813.4515025094,244192.63030998845,311.8125356349939,263,1:08:19
37.6%,1880000,7519.999999849823,-1528239.11800267,243515.1791781716,310.9474900563765,263,1:08:15
37.6%,1882500,7529.999999849587,-1529612.2988408934,244209.18225608335,311.83367101600436,263,1:08:12
37.7%,1885000,7539.99999984935,-1528506.6656157859,244422.79608355102,312.1064371068763,263,1:08:09
37.8%,1887500,7549.999999849114,-1528457.1096724607,242614.71461984888,309.7976759247067,263,1:08:05
37.8%,1890000,7559.999999848877,-1528532.7642748468,242671.97429046483,309.8707914935988,263,1:08:02
37.9%,1892500,7569.999999848641,-1528525.9652888179,243397.17331916175,310.79680694169394,263,1:07:59
37.9%,1895000,7579.9999998484045,-1529826.7075859727,243722.37912152577,311.2120661807201,263,1:07:55
38.0%,1897500,7589.999999848168,-1529074.7989760283,243524.93960379742,310.9599532624094,263,1:07:52
38.0%,1900000,7599.999999847932,-1529290.3080424834,244211.23668413778,311.8362943401404,263,1:07:49
38.0%,1902500,7609.999999847695,-1528699.1634113677,242093.9529202236,309.13270898522285,263,1:07:45
38.1%,1905000,7619.999999847459,-1526311.545357652,244841.57343617053,312.6411789949547,263,1:07:42
38.1%,1907500,7629.999999847222,-1528221.1786812544,243819.48244077855,311.3360585885023,263,1:07:39
38.2%,1910000,7639.999999846986,-1528514.234498132,243392.33062037238,310.7906232407898,263,1:07:36
38.2%,1912500,7649.999999846749,-1528741.085324958,244685.2386495155,312.44155320701435,263,1:07:32
38.3%,1915000,7659.999999846513,-1527841.1967065772,243784.94198569766,311.29195346187703,263,1:07:29
38.4%,1917500,7669.999999846276,-1529074.9024547385,242692.58056158846,309.8971038914828,263,1:07:26
38.4%,1920000,7679.99999984604,-1528358.0577708734,243189.2253393599,310.53127564052454,263,1:07:22
38.5%,1922500,7689.999999845803,-1529137.1186591368,244611.89957871177,312.3479056567202,263,1:07:19
38.5%,1925000,7699.999999845567,-1528319.9850330604,243714.52936599002,311.2020427325325,263,1:07:16
38.5%,1927500,7709.99999984533,-1529493.4555515498,243957.47686831997,311.51226534912627,263,1:07:12
38.6%,1930000,7719.999999845094,-1528953.4599193903,244422.99988854985,312.10669734795476,263,1:07:09
38.6%,1932500,7729.9999998448575,-1528136.640929304,244074.86427240504,311.6621587512036,263,1:07:06
38.7%,1935000,7739.999999844621,-1530208.0057756416,243566.18289906852,311.01261732708696,263,1:07:03
38.8%,1937500,7749.999999844385,-1528391.9886370376,242707.6574220662,309.91635571775214,263,1:06:59
38.8%,1940000,7759.999999844148,-1531089.335540533,244143.4849251773,311.74978129620297,263,1:06:56
38.9%,1942500,7769.999999843912,-1528686.814237888,244417.6147961413,312.0998210580503,263,1:06:53
38.9%,1945000,7779.999999843675,-1528892.1916053444,242785.82535371743,310.0161692991144,263,1:06:49
39.0%,1947500,7789.999999843439,-1528388.8161310954,243326.47483951243,310.70653119431773,263,1:06:46
39.0%,1950000,7799.999999843202,-1529980.5522198966,245484.07494190335,313.4615969715232,263,1:06:43
39.0%,1952500,7809.999999842966,-1531480.5807701945,244758.87253183694,312.5355772057163,263,1:06:39
39.1%,1955000,7819.999999842729,-1529102.023670433,244678.71131270775,312.4332183713627,263,1:06:36
39.1%,1957500,7829.999999842493,-1530626.3010645518,243770.46099126988,311.2734625042044,263,1:06:33
39.2%,1960000,7839.999999842256,-1529492.5120517798,243646.1061076633,311.1146722428982,263,1:06:29
39.2%,1962500,7849.99999984202,-1530494.1828764006,243011.3952269522,310.30420221004584,263,1:06:26
39.3%,1965000,7859.999999841783,-1530390.2279482596,244042.62572408334,311.6209929572785,263,1:06:23
39.4%,1967500,7869.999999841547,-1525544.1808629613,243427.17152672287,310.83511201729044,263,1:06:20
39.4%,1970000,7879.9999998413105,-1527087.723554193,243155.3454807818,310.4880140375974,263,1:06:16
39.5%,1972500,7889.999999841074,-1529542.823511201,243371.89321306805,310.76452646716774,263,1:06:13
39.5%,1975000,7899.9999998408375,-1530135.5670035044,243840.99500045658,311.36352823724917,263,1:06:10
39.5%,1977500,7909.999999840601,-1527453.0153109431,244348.4086133425,312.0114508426481,263,1:06:06
39.6%,1980000,7919.999999840365,-1529329.1220400613,244075.37402240356,311.66280965716817,263,1:06:03
39.6%,1982500,7929.999999840128,-1528421.9706173968,242904.3540137363,310.1675199847554,263,1:06:00
39.7%,1985000,7939.999999839892,-1530389.6191004897,241643.74431534266,308.5578321493641,263,1:05:57
39.8%,1987500,7949.999999839655,-1527416.4429519055,243185.84296454064,310.5269566450351,263,1:05:53
39.8%,1990000,7959.999999839419,-1528756.528676981,242823.22747999974,310.0639285284548,263,1:05:50
39.9%,1992500,7969.999999839182,-1531053.8421063581,244322.02075946325,311.9777558715198,263,1:05:47
39.9%,1995000,7979.999999838946,-1526984.2683040965,244004.5730047408,311.57240297775724,263,1:05:43
40.0%,1997500,7989.999999838709,-1529646.5890762405,242725.47032386373,309.9391012284149,263,1:05:40
40.0%,2000000,7999.999999838473,-1529173.6163578527,243098.1427621877,310.4149711914337,263,1:05:37
40.0%,2002500,8009.999999838236,-1529434.0361144394,243972.2576335005,311.5311390877142,263,1:05:34
40.1%,2005000,8019.999999838,-1529862.7221051063,244073.5726740667,311.66050949359754,263,1:05:30
40.1%,2007500,8029.999999837763,-1529117.1440195506,243609.534485523,311.0679734943841,263,1:05:27
40.2%,2010000,8039.999999837527,-1528598.7363933502,243682.08522425103,311.16061441387563,263,1:05:24
40.2%,2012500,8049.9999998372905,-1529473.3652767083,243360.19136190554,310.7495842312863,263,1:05:20
40.3%,2015000,8059.999999837054,-1527936.641933106,243109.2880526188,310.42920274815714,263,1:05:17
40.4%,2017500,8069.999999836818,-1529534.2189988466,244916.13982156114,312.736393718152,263,1:05:14
40.4%,2020000,8079.999999836581,-1527317.8687915374,243160.597562053,310.494720483965,263,1:05:10
40.5%,2022500,8089.999999836345,-1530713.3294429136,244945.40763515205,312.7737661448165,263,1:05:07
40.5%,2025000,8099.999999836108,-1530595.6566258296,241993.31041692643,309.00419735034706,263,1:05:04
40.5%,2027500,8109.999999835872,-1530194.8757373495,243304.83600103186,310.67890029863406,263,1:05:00
40.6%,2030000,8119.999999835635,-1529113.1461946145,243732.6963616262,311.2252403899188,263,1:04:57
40.6%,2032500,8129.999999835399,-1529952.6348813418,242918.38661146932,310.1854383792422,263,1:04:54
40.7%,2035000,8139.999999835162,-1527650.7255029948,243559.2807321126,311.00380386626637,263,1:04:51
40.8%,2037500,8149.999999834926,-1530286.9464914454,244029.52001918099,311.60425812350525,263,1:04:47
40.8%,2040000,8159.999999834689,-1529044.6887033852,243540.32562294728,310.97959985714226,263,1:04:44
40.9%,2042500,8169.999999834453,-1528212.6320361309,243521.6218013296,310.95571672013983,263,1:04:41
40.9%,2045000,8179.999999834216,-1529948.8944219006,243742.74890150165,311.238076600185,263,1:04:37
41.0%,2047500,8189.99999983398,-1528885.2466839598,243713.04880469263,311.2001521858288,263,1:04:34
41.0%,2050000,8199.999999835562,-1528125.9776908709,243467.64611813595,310.8867945146749,263,1:04:31
41.0%,2052500,8209.999999837599,-1528081.7679702882,243172.50392973167,310.50992386947,263,1:04:27
41.1%,2055000,8219.999999839636,-1526939.413682511,244123.95623233606,311.72484487111626,263,1:04:24
41.1%,2057500,8229.999999841673,-1528099.7038163217,243604.08286166255,311.0610122496606,263,1:04:21
41.2%,2060000,8239.99999984371,-1528797.0704505323,244375.08575776598,312.0455152123862,263,1:04:18
41.2%,2062500,8249.999999845748,-1528817.9271543808,243238.05613230352,310.59362827313873,263,1:04:14
41.3%,2065000,8259.999999847785,-1529859.6889820974,243387.2050521426,310.78407834046146,263,1:04:11
41.4%,2067500,8269.999999849822,-1527322.5589392968,243607.14682192233,311.0649246577316,263,1:04:08
41.4%,2070000,8279.99999985186,-1528422.4936934058,243216.33885849337,310.56589722243,263,1:04:04
41.5%,2072500,8289.999999853897,-1528702.0279772943,243150.7571539886,310.48215514738484,263,1:04:01
41.5%,2075000,8299.999999855934,-1530492.8195425812,243097.22060329618,310.4137936755445,263,1:03:58
41.5%,2077500,8309.999999857971,-1528254.181919897,244703.35484126888,312.46468599230565,263,1:03:54
41.6%,2080000,8319.999999860009,-1530012.6630555335,243205.768048145,310.5523992263019,263,1:03:51
41.6%,2082500,8329.999999862046,-1528171.893999314,243688.33566210428,311.168595673889,263,1:03:48
41.7%,2085000,8339.999999864083,-1528019.6442849925,243809.16105025876,311.3228790795827,263,1:03:44
41.8%,2087500,8349.99999986612,-1528424.1362392483,242890.96919417573,310.15042874608497,263,1:03:41
41.8%,2090000,8359.999999868158,-1528315.8779600896,243705.19448185735,311.1901229056009,263,1:03:38
41.9%,2092500,8369.999999870195,-1528924.9439478163,242840.1828399927,310.0855790335716,263,1:03:34
41.9%,2095000,8379.999999872232,-1529769.3385362728,244100.83137443813,311.69531645918914,263,1:03:31
42.0%,2097500,8389.99999987427,-1525719.960137451,242765.46856985215,309.99017547454093,263,1:03:28
42.0%,2100000,8399.999999876307,-1527469.8327067029,244160.3851274072,311.77136136970216,263,1:03:25
42.0%,2102500,8409.999999878344,-1528551.8292350397,242866.30811530433,310.11893871493766,263,1:03:21
42.1%,2105000,8419.999999880381,-1528339.2681197198,243089.2693282682,310.40364059588416,263,1:03:18
42.1%,2107500,8429.999999882419,-1528736.578022956,244663.15340255707,312.41335228692316,263,1:03:15
42.2%,2110000,8439.999999884456,-1529971.2239465471,244312.98444296734,311.96621728923003,263,1:03:11
42.2%,2112500,8449.999999886493,-1528524.499073049,244741.42945708198,312.5133039316961,263,1:03:08
42.3%,2115000,8459.99999988853,-1528246.959816984,243199.28651153756,310.5441228734823,263,1:03:05
42.4%,2117500,8469.999999890568,-1525644.4270647252,243988.21174758355,311.5515110897674,263,1:03:01
42.4%,2120000,8479.999999892605,-1527487.013432826,243959.1327560402,311.51437977226885,263,1:02:58
42.5%,2122500,8489.999999894642,-1529588.4916904196,242511.59052074427,309.6659955100027,263,1:02:55
42.5%,2125000,8499.99999989668,-1529751.162691366,243128.49504764762,310.4537283933999,263,1:02:51
42.5%,2127500,8509.999999898717,-1528567.4595775232,242773.84336798504,310.0008693559981,263,1:02:48
42.6%,2130000,8519.999999900754,-1529689.642887271,243188.0582180774,310.5297853291829,263,1:02:45
42.6%,2132500,8529.999999902791,-1529026.050119901,244139.12341276044,311.74421202802245,263,1:02:42
42.7%,2135000,8539.999999904829,-1528775.8479459547,243464.79253536218,310.8831507401711,263,1:02:38
42.8%,2137500,8549.999999906866,-1529348.7930305395,244726.00791231773,312.49361197387475,263,1:02:35
42.8%,2140000,8559.999999908903,-1530291.3588319458,244559.56454524363,312.2810784168173,263,1:02:32
42.9%,2142500,8569.99999991094,-1528542.6181133054,243556.17553040764,310.9998387964932,263,1:02:28
42.9%,2145000,8579.999999912978,-1531130.062551774,242685.43929306202,309.88798511896266,263,1:02:25
43.0%,2147500,8589.999999915015,-1531015.7290296573,244153.76585446153,311.7629091396794,263,1:02:22
43.0%,2150000,8599.999999917052,-1528280.854135611,243579.46231864992,311.0295739792438,263,1:02:18
43.0%,2152500,8609.99999991909,-1529838.8654892799,243441.06171830208,310.8528485716298,263,1:02:15
43.1%,2155000,8619.999999921127,-1530523.9495973047,244144.16986668028,311.7506559063275,263,1:02:12
43.1%,2157500,8629.999999923164,-1528983.2276618471,242429.927906188,309.56171952559214,263,1:02:09
43.2%,2160000,8639.999999925201,-1529821.8910656385,243450.3384574685,310.86469415254777,263,1:02:05
43.2%,2162500,8649.999999927239,-1530198.6796591794,243026.6302052046,310.3236559388222,263,1:02:02
43.3%,2165000,8659.999999929276,-1531840.196301857,244134.5679376608,311.7383950865364,263,1:01:59
43.4%,2167500,8669.999999931313,-1530026.649313517,244063.89389630873,311.64815054471876,263,1:01:55
43.4%,2170000,8679.99999993335,-1530127.5310408473,242993.28158193722,310.2810726767158,263,1:01:52
43.5%,2172500,8689.999999935388,-1529445.9295535674,243201.0802119916,310.5464132713786,263,1:01:49
43.5%,2175000,8699.999999937425,-1529104.4115664763,243239.65260652098,310.59566683045796,263,1:01:45
43.5%,2177500,8709.999999939462,-1529209.9657781683,242528.3924128567,309.6874500501188,263,1:01:42
43.6%,2180000,8719.9999999415,-1529677.8482055562,244682.41246030966,312.4379444116902,263,1:01:39
43.6%,2182500,8729.999999943537,-1531799.6845522877,243059.36581278924,310.36545643375746,263,1:01:35
43.7%,2185000,8739.999999945574,-1528597.715986872,243606.17124105233,311.0636789266691,263,1:01:32
43.8%,2187500,8749.999999947611,-1530736.2202734444,243286.6020981794,310.6556172066106,263,1:01:29
43.8%,2190000,8759.999999949649,-1530524.7050516075,244001.5426011702,311.5685334186303,263,1:01:26
43.9%,2192500,8769.999999951686,-1527753.7156520858,242474.30712364078,309.61838788739277,263,1:01:22
43.9%,2195000,8779.999999953723,-1530186.2000249187,243254.15489948826,310.61418498449444,263,1:01:19
44.0%,2197500,8789.99999995576,-1530170.7738576112,242700.4488192681,309.90715096528265,263,1:01:16
44.0%,2200000,8799.999999957798,-1529627.2677261168,243188.6674847801,310.5305633092358,263,1:01:12
44.0%,2202500,8809.999999959835,-1529036.07284013,245000.43731298065,312.84403420883274,263,1:01:09
44.1%,2205000,8819.999999961872,-1529038.57039731,243912.6488823354,311.45502394933663,263,1:01:06
44.1%,2207500,8829.99999996391,-1529308.2695319997,243203.5971156229,310.54962713619597,263,1:01:02
44.2%,2210000,8839.999999965947,-1528305.1984322974,243048.755154258,310.35190755500065,263,1:00:59
44.2%,2212500,8849.999999967984,-1531637.5544537604,243122.12735018483,310.44559740316686,263,1:00:56
44.3%,2215000,8859.999999970021,-1529464.9625741085,244052.21924251085,311.6332430374826,263,1:00:53
44.4%,2217500,8869.999999972059,-1528098.2986621354,244532.06832469383,312.24596815882495,263,1:00:49
44.4%,2220000,8879.999999974096,-1527569.1310772765,243853.86414283415,311.3799610014612,263,1:00:46
44.5%,2222500,8889.999999976133,-1528913.783802919,243496.6196698195,310.92379119473577,263,1:00:43
44.5%,2225000,8899.99999997817,-1528963.4930526372,243616.62521229978,311.0770277295302,263,1:00:39
44.5%,2227500,8909.999999980208,-1527121.603526446,244033.12566895204,311.60886222149253,263,1:00:36
44.6%,2230000,8919.999999982245,-1530097.2606049338,244009.4149033989,311.578585656964,263,1:00:33
44.6%,2232500,8929.999999984282,-1528796.3128110785,241642.01434660697,308.5556231312731,263,1:00:29
44.7%,2235000,8939.99999998632,-1531872.319056224,243757.79003460985,311.25728280574225,263,1:00:26
44.8%,2237500,8949.999999988357,-1529346.855858162,244851.01919836085,312.65324040342483,263,1:00:23
44.8%,2240000,8959.999999990394,-1528400.9658964537,242978.20308992433,310.2618187671194,263,1:00:20
44.9%,2242500,8969.999999992431,-1528805.0532079292,245482.2946380353,313.45932367989025,263,1:00:16
44.9%,2245000,8979.999999994468,-1530446.818607146,245443.3776913762,313.4096301580115,263,1:00:13
45.0%,2247500,8989.999999996506,-1530385.5252167983,243190.83161588956,310.53332671453524,264,1:00:10
45.0%,2250000,8999.999999998543,-1528935.2720691683,243175.28566250097,310.5134758978304,264,1:00:06
45.0%,2252500,9010.00000000058,-1528791.7929016398,243813.32336990623,311.32819399609656,263,1:00:03
45.1%,2255000,9020.000000002618,-1530333.6050403928,243263.7311713527,310.6264130423527,263,1:00:00
45.1%,2257500,9030.000000004655,-1527852.959392449,242371.82862048945,309.48753184200297,264,59:56
45.2%,2260000,9040.000000006692,-1529628.1534762355,244074.30701099063,311.661447177335,264,59:53
45.2%,2262500,9050.00000000873,-1527647.589110054,243536.62023636,310.9748684040029,264,59:50
45.3%,2265000,9060.000000010767,-1529147.857291013,241793.54167115764,308.74911021246044,264,59:47
45.4%,2267500,9070.000000012804,-1529932.7995621786,243418.81059559432,310.8244358427795,264,59:43
45.4%,2270000,9080.000000014841,-1529059.790288397,244239.29806730698,311.872126261146,264,59:40
45.5%,2272500,9090.000000016878,-1530562.93680026,243647.51999898127,311.1164776578954,264,59:37
45.5%,2275000,9100.000000018916,-1529673.3083268376,243674.82820503405,311.1513478378929,264,59:33
45.5%,2277500,9110.000000020953,-1528659.320743028,243448.03656458185,310.8617548375617,264,59:30
45.6%,2280000,9120.00000002299,-1527532.65456984,244294.07566585473,311.94207244206666,264,59:27
45.6%,2282500,9130.000000025027,-1527375.3121357756,243526.40063364306,310.96181886916514,264,59:23
45.7%,2285000,9140.000000027065,-1530326.4166415595,243202.6646502487,310.54843645983385,264,59:20
45.8%,2287500,9150.000000029102,-1528394.2710319515,241987.2601864413,308.9964717375538,264,59:17
45.8%,2290000,9160.00000003114,-1527993.6388532463,243663.3311530407,311.13666711255803,264,59:14
45.9%,2292500,9170.000000033177,-1527523.5453013824,242755.1856500386,309.97704508933344,264,59:10
45.9%,2295000,9180.000000035214,-1529357.7923433753,242593.33211794213,309.7703723483076,264,59:07
46.0%,2297500,9190.000000037251,-1528955.2605399154,244917.08584721223,312.7376017097964,264,59:04
46.0%,2300000,9200.000000039288,-1531800.5387765858,243543.78777046688,310.9840207153616,264,59:00
46.0%,2302500,9210.000000041326,-1529640.2452512821,241578.2489764804,308.4742003556569,264,58:57
46.1%,2305000,9220.000000043363,-1529039.3627278386,242873.6723077069,310.12834214166287,264,58:54
46.1%,2307500,9230.0000000454,-1530078.425297439,242989.07657489367,310.2757032521473,264,58:51
46.2%,2310000,9240.000000047437,-1527190.1661213357,244581.54741139384,312.3091486056109,264,58:47
46.2%,2312500,9250.000000049475,-1527974.7065267079,243515.23662482674,310.94756341070826,264,58:44
46.3%,2315000,9260.000000051512,-1529403.2934458712,244304.07429215638,311.9548398094357,264,58:41
46.4%,2317500,9270.00000005355,-1527771.6013367297,245027.5870358472,312.87870201972476,264,58:37
46.4%,2320000,9280.000000055586,-1530423.049921181,243855.4068791488,311.3819309401996,264,58:34
46.5%,2322500,9290.000000057624,-1527017.2124881288,243295.73711118207,310.6672818156687,264,58:31
46.5%,2325000,9300.000000059661,-1526732.02379076,243137.64600818363,310.4654133660569,264,58:27
46.5%,2327500,9310.000000061698,-1530366.7595597506,243563.37014711,311.00902568994707,264,58:24
46.6%,2330000,9320.000000063736,-1529786.0420353543,242962.4780060367,310.2417392165045,264,58:21
46.6%,2332500,9330.000000065773,-1527637.6343257409,243293.36779061236,310.66425640145513,264,58:18
46.7%,2335000,9340.00000006781,-1529246.9210854052,243953.9772165217,311.5077966012379,264,58:14
46.8%,2337500,9350.000000069847,-1527939.4957386376,244287.5183803655,311.9336993645799,264,58:11
46.8%,2340000,9360.000000071885,-1528115.3807529686,243358.77709834275,310.74777834096517,264,58:08
46.9%,2342500,9370.000000073922,-1529314.7244332246,243671.3149656981,311.14686173991265,264,58:04
46.9%,2345000,9380.00000007596,-1530382.2335943626,243388.58818508248,310.785844479712,264,58:01
47.0%,2347500,9390.000000077996,-1532008.706003624,243908.4170459902,311.4496202661071,264,57:58
47.0%,2350000,9400.000000080034,-1528612.7983410172,244620.38388271336,312.35873936755115,264,57:55
47.0%,2352500,9410.000000082071,-1529129.7056423659,244709.63797974132,312.47270900813686,264,57:51
47.1%,2355000,9420.000000084108,-1529427.3455605078,244610.13899742393,312.3456575490895,264,57:48
47.1%,2357500,9430.000000086146,-1529552.3865401587,244119.024546451,311.7185475415087,264,57:45
47.2%,2360000,9440.000000088183,-1527924.1235347306,244068.61337545747,311.6541769049672,264,57:41
47.2%,2362500,9450.00000009022,-1529521.9789291406,243680.68457758834,311.1588259111396,264,57:38
47.3%,2365000,9460.000000092257,-1529048.467586781,244612.2080061597,312.3482994914746,264,57:35
47.4%,2367500,9470.000000094295,-1529149.7451209798,244758.3395310783,312.5348966105737,264,57:31
47.4%,2370000,9480.000000096332,-1528541.5806016363,243854.83473539457,311.3812003628905,264,57:28
47.5%,2372500,9490.00000009837,-1527801.4293492008,242868.6990949535,310.1219917858928,264,57:25
47.5%,2375000,9500.000000100406,-1527760.6539215483,242428.8025614004,309.5602825591643,264,57:22
47.5%,2377500,9510.000000102444,-1530218.6916779708,243622.283246685,311.08425254235976,264,57:18
47.6%,2380000,9520.000000104481,-1528389.411295984,243262.477337496,310.6248120066718,264,57:15
47.6%,2382500,9530.000000106518,-1529091.0991917113,243747.26325418823,311.2438410319624,264,57:12
47.7%,2385000,9540.000000108555,-1529905.3576034484,243671.88567269727,311.1475904826117,264,57:08
47.8%,2387500,9550.000000110593,-1530386.1753615187,243321.27317566043,310.6998891265651,264,57:05
47.8%,2390000,9560.00000011263,-1528038.3510971433,243393.8676293026,310.79258586616146,264,57:02
47.9%,2392500,9570.000000114667,-1528290.578688616,243513.49842571473,310.9453438831497,264,56:59
47.9%,2395000,9580.000000116705,-1528864.8776600128,243077.83595381188,310.3890411811698,264,56:56
48.0%,2397500,9590.000000118742,-1531201.6009107241,241140.31446748675,307.91499646191926,264,56:52
48.0%,2400000,9600.000000120779,-1530599.3616674691,244034.59007450816,311.610732138734,264,56:49
48.0%,2402500,9610.000000122816,-1529733.1760802139,243401.01965060673,310.80171836903395,264,56:46
48.1%,2405000,9620.000000124854,-1527726.6576239541,243672.45591013154,311.1483186257177,264,56:42
48.1%,2407500,9630.00000012689,-1528367.852518171,244340.11979705718,312.0008667524565,264,56:39
48.2%,2410000,9640.000000128928,-1527670.2061081398,243129.48896741593,310.4549975416243,264,56:36
48.2%,2412500,9650.000000130965,-1530604.52863466,243196.3377436517,310.5403575559528,264,56:33
48.3%,2415000,9660.000000133003,-1529965.123847955,242824.4066252982,310.06543419340846,264,56:29
48.4%,2417500,9670.00000013504,-1527962.3692536587,243783.33133290085,311.2898967997577,264,56:26
48.4%,2420000,9680.000000137077,-1532238.4375932254,243247.66164634435,310.6058936706871,264,56:23
48.5%,2422500,9690.000000139114,-1528755.5823979871,243983.97176603953,311.5460970058345,264,56:19
48.5%,2425000,9700.000000141152,-1528262.149829057,243994.44232279732,311.55946698693515,264,56:16
48.5%,2427500,9710.000000143189,-1528976.10981974,244635.83724328713,312.37847195136607,264,56:13
48.6%,2430000,9720.000000145226,-1530244.5210497053,243670.26155853286,311.1455166315085,264,56:09
48.6%,2432500,9730.000000147264,-1529220.3948834995,242359.96343349665,309.4723810406159,264,56:06
48.7%,2435000,9740.0000001493,-1529843.4410942392,243917.98115110496,311.46183278809485,264,56:03
48.8%,2437500,9750.000000151338,-1529772.260133341,243458.08693590917,310.8745882787826,264,56:00
48.8%,2440000,9760.000000153375,-1528866.1879106201,243188.89264763866,310.5308508224248,264,55:56
48.9%,2442500,9770.000000155413,-1528363.7884521512,244433.71465036448,312.1203791574586,264,55:53
48.9%,2445000,9780.00000015745,-1530846.3935302002,243893.19676905742,311.43018530962433,264,55:50
49.0%,2447500,9790.000000159487,-1529086.617126449,243172.67393060628,310.51014094565164,264,55:46
49.0%,2450000,9800.000000161524,-1528195.8446724694,243865.12346553896,311.39433816738006,264,55:43
49.0%,2452500,9810.000000163562,-1528912.6945984857,243263.6079381687,310.6262556844032,264,55:40
49.1%,2455000,9820.000000165599,-1530010.9206691477,243846.16011065373,311.370123629196,264,55:36
49.1%,2457500,9830.000000167636,-1526417.7962031374,243904.85238690762,311.4450685096278,264,55:33
49.2%,2460000,9840.000000169674,-1527740.5291747246,243012.18144922022,310.3052061468094,264,55:30
49.2%,2462500,9850.00000017171,-1527835.8858100558,243116.20639205363,310.4380368598125,264,55:27
49.3%,2465000,9860.000000173748,-1527001.2576353764,244168.49795228857,311.7817207343325,264,55:23
49.4%,2467500,9870.000000175785,-1530946.0802428396,243480.46665185946,310.90316520990615,264,55:20
49.4%,2470000,9880.000000177823,-1530001.7967566047,244172.02640566288,311.7862262593032,264,55:17
49.5%,2472500,9890.00000017986,-1528215.5878125615,242870.4032600372,310.1241678549872,264,55:13
49.5%,2475000,9900.000000181897,-1529628.9346533753,243460.8344913728,310.8780966657262,264,55:10
49.5%,2477500,9910.000000183934,-1529026.262720394,244793.60006919535,312.57992121997404,264,55:07
49.6%,2480000,9920.000000185972,-1529595.5934727192,245046.73651964538,312.9031542281785,264,55:03
49.6%,2482500,9930.000000188009,-1530373.6989864064,243588.29525163528,311.04085285865864,264,55:00
49.7%,2485000,9940.000000190046,-1528207.7417430542,244135.96642478002,311.7401808317251,264,54:57
49.8%,2487500,9950.000000192083,-1529099.7481500804,243202.23917460695,310.547893164819,264,54:54
49.8%,2490000,9960.00000019412,-1527605.1171714878,243616.0501764514,311.0762934592709,264,54:50
49.9%,2492500,9970.000000196158,-1530608.789930338,244161.9522528978,311.7733624512756,264,54:47
49.9%,2495000,9980.000000198195,-1529834.699997671,244363.75541386107,312.03104735863434,264,54:44
50.0%,2497500,9990.000000200233,-1530406.844551498,243939.3198942067,311.4890804883443,264,54:40
50.0%,2500000,10000.00000020227,-1529307.031340356,243906.52876552555,311.4472090978465,264,54:37
50.0%,2502500,10010.000000204307,-1530169.0500819683,242663.19927466864,309.85958656934633,264,54:34
50.1%,2505000,10020.000000206344,-1529053.1153331865,242621.7438220365,309.8066515983575,264,54:31
50.1%,2507500,10030.000000208382,-1528297.359342713,243510.4297942099,310.9414255103092,264,54:27
50.2%,2510000,10040.000000210419,-1530174.7245065356,244000.24965953227,311.5668824457486,264,54:24
50.2%,2512500,10050.000000212456,-1528591.1521092309,243012.82972165733,310.30603393375833,264,54:21
50.3%,2515000,10060.000000214493,-1528106.6665182207,243911.79737856367,311.45393665382807,264,54:17
50.4%,2517500,10070.00000021653,-1529424.6748786634,243330.75907218823,310.71200178305827,264,54:14
50.4%,2520000,10080.000000218568,-1528437.6485173246,242897.47794912462,310.15873985433524,264,54:11
50.5%,2522500,10090.000000220605,-1529926.8635067446,243236.68843132432,310.59188183914614,264,54:08
50.5%,2525000,10100.000000222642,-1527128.0589176463,244307.30906290427,311.95897032749366,264,54:04
50.5%,2527500,10110.00000022468,-1529064.718069153,244309.7219267324,311.96205134262266,264,54:01
50.6%,2530000,10120.000000226717,-1527850.29038879,243461.86405567807,310.87941132889284,264,53:58
50.6%,2532500,10130.000000228754,-1530629.7780388165,243440.2134949163,310.8517654648859,264,53:55
50.7%,2535000,10140.000000230792,-1529577.753816408,244274.87892179954,311.9175598864167,264,53:51
50.8%,2537500,10150.000000232829,-1527558.9297975488,243482.16961467476,310.9053397438094,264,53:48
50.8%,2540000,10160.000000234866,-1528285.7027961463,243105.0790005308,310.4238281584224,264,53:45
50.9%,2542500,10170.000000236903,-1528618.2189776776,243961.37386884383,311.51724147642864,264,53:41
50.9%,2545000,10180.00000023894,-1528524.9702421334,242793.63890860346,310.0261465222527,264,53:38
51.0%,2547500,10190.000000240978,-1528216.74700996,243278.5418614809,310.64532499246974,264,53:35
51.0%,2550000,10200.000000243015,-1529730.2104531033,244786.66493938796,312.571065668488,264,53:32
51.0%,2552500,10210.000000245052,-1530717.2960510692,245061.43114514422,312.92191797396055,264,53:28
51.1%,2555000,10220.00000024709,-1531466.6428219806,244192.14193220038,311.81191201946444,264,53:25
51.1%,2557500,10230.000000249127,-1530415.2545000222,244495.56410734574,312.19935548030867,264,53:22
51.2%,2560000,10240.000000251164,-1529375.7013460007,244431.49780349844,312.1175484387693,264,53:18
51.2%,2562500,10250.000000253202,-1528996.6812418308,244704.7843944579,312.46651140613625,264,53:15
51.3%,2565000,10260.000000255239,-1528210.0762820737,244283.15589590633,311.9281288551868,264,53:12
51.4%,2567500,10270.000000257276,-1528185.863092591,243052.10822727063,310.3561891346573,264,53:08
51.4%,2570000,10280.000000259313,-1528336.6698184162,243550.0896617889,310.99206767693425,264,53:05
51.5%,2572500,10290.00000026135,-1529541.5755441329,243822.03855054945,311.3393225161155,264,53:02
51.5%,2575000,10300.000000263388,-1530601.2362853708,243249.7965489673,310.6086197537772,264,52:59
51.5%,2577500,10310.000000265425,-1530372.6528977295,242643.1032636778,309.8339257288236,264,52:55
51.6%,2580000,10320.000000267462,-1530468.8466254808,242872.63044587284,310.1270117756324,264,52:52
51.6%,2582500,10330.0000002695,-1530132.7491907822,243016.14783935327,310.3102708785466,264,52:49
51.7%,2585000,10340.000000271537,-1529133.3907714775,244863.7031445819,312.66943668841526,264,52:46
51.8%,2587500,10350.000000273574,-1529867.6355868792,241682.46342642483,308.6072730525918,264,52:42
51.8%,2590000,10360.000000275611,-1528216.4407115877,245241.9565389839,313.152433042037,264,52:39
51.9%,2592500,10370.000000277649,-1528626.3433641763,244487.24382876282,312.18873121552707,264,52:36
51.9%,2595000,10380.000000279686,-1526185.8447779063,243979.1040005267,311.53988129692675,264,52:33
52.0%,2597500,10390.000000281723,-1529321.3758698637,242851.10417443572,310.0995246181737,264,52:29
52.0%,2600000,10400.00000028376,-1529620.5296328822,244421.38025252934,312.1046292150479,264,52:26
52.0%,2602500,10410.000000285798,-1529005.620306503,243654.92907640152,311.1259383988448,264,52:23
52.1%,2605000,10420.000000287835,-1528819.9459855119,244959.58674687066,312.79187162479116,264,52:20
52.1%,2607500,10430.000000289872,-1527286.551142539,242496.24101418973,309.64639553864623,264,52:16
52.2%,2610000,10440.00000029191,-1528703.1501195906,241800.27793408046,308.757711828406,264,52:13
52.2%,2612500,10450.000000293947,-1527952.0478095878,242804.92176202155,310.0405537348251,264,52:10
52.3%,2615000,10460.000000295984,-1530705.9301745016,243447.19470464534,310.8606798563835,264,52:07
52.4%,2617500,10470.000000298021,-1529301.6669233814,243568.35860938975,311.01539551802256,264,52:03
52.4%,2620000,10480.000000300059,-1530746.6655900069,243223.27362902986,310.57475231515855,264,52:00
52.5%,2622500,10490.000000302096,-1528355.0551061835,243961.16302227677,311.5169722438862,264,51:57
52.5%,2625000,10500.000000304133,-1528363.4444777193,243898.06751355756,311.4364048224372,264,51:54
52.5%,2627500,10510.00000030617,-1529666.1186617939,243109.18699645583,310.42907370831523,264,51:50
52.6%,2630000,10520.000000308208,-1530140.8619220871,243874.69799724128,311.4065640032041,264,51:47
52.6%,2632500,10530.000000310245,-1530108.3161847452,243791.79028201883,311.3006981346298,264,51:44
52.7%,2635000,10540.000000312282,-1529519.2296843352,244432.75625014567,312.1191553645784,264,51:41
52.8%,2637500,10550.00000031432,-1528111.385291649,243902.26471353922,311.44176427807344,264,51:37
52.8%,2640000,10560.000000316357,-1527410.5392276943,243452.0060897452,310.8668235724572,264,51:34
52.9%,2642500,10570.000000318394,-1529923.9928563088,244159.4903142226,311.77021877187826,264,51:31
52.9%,2645000,10580.000000320431,-1527976.6160079157,243630.15874579176,311.094308862826,264,51:28
53.0%,2647500,10590.000000322469,-1528901.7122501116,242938.14128218062,310.21066335821604,264,51:24
53.0%,2650000,10600.000000324506,-1529640.366527059,242593.48682912858,309.77056990090074,264,51:21
53.0%,2652500,10610.000000326543,-1528519.091345502,242878.97090855343,310.1351079894412,264,51:18
53.1%,2655000,10620.00000032858,-1528869.9743862208,243512.03838241275,310.94347953612356,264,51:14
53.1%,2657500,10630.000000330618,-1531001.05661913,244250.69848943315,311.88668359862976,264,51:11
53.2%,2660000,10640.000000332655,-1528614.6925504925,244187.77791838144,311.8063395572132,264,51:08
53.2%,2662500,10650.000000334692,-1527542.0355792502,244378.4446039364,312.04980416385814,264,51:05
53.3%,2665000,10660.00000033673,-1528521.3969419384,242634.8324235262,309.8233645925755,264,51:01
53.4%,2667500,10670.000000338767,-1530489.0600179508,244946.05223657886,312.7745892442078,264,50:58
53.4%,2670000,10680.000000340804,-1528880.8887673393,243678.29564566497,311.15577545495046,264,50:55
53.5%,2672500,10690.000000342841,-1528118.1071800543,244282.41744802258,311.92718592211475,264,50:51
53.5%,2675000,10700.000000344879,-1527544.5214941343,243536.30967971444,310.97447185045013,264,50:48
53.5%,2677500,10710.000000346916,-1531182.3907634458,243165.86310219104,310.50144411612314,264,50:45
53.6%,2680000,10720.000000348953,-1527837.7823636606,243969.39892574935,311.52748876906463,264,50:42
53.6%,2682500,10730.00000035099,-1530324.1210423373,244317.58096220333,311.97208664047224,264,50:38
53.7%,2685000,10740.000000353028,-1530841.0293708062,244559.9870285518,312.28161789088506,264,50:35
53.8%,2687500,10750.000000355065,-1527254.7632463453,244084.39989487297,311.6743349033537,264,50:32
53.8%,2690000,10760.000000357102,-1528280.5826407569,243618.70450344041,311.07968280164295,264,50:29
53.9%,2692500,10770.00000035914,-1530259.360124914,242284.86080429464,309.3764815811826,264,50:25
53.9%,2695000,10780.000000361177,-1529403.9402135238,244072.15786152065,311.658702902273,264,50:22
54.0%,2697500,10790.000000363214,-1531324.7758929962,244505.95582857734,312.21262479536836,264,50:19
54.0%,2700000,10800.000000365251,-1528788.9047403997,243380.61017784773,310.7756572653722,264,50:15
54.0%,2702500,10810.000000367289,-1529709.2429825757,244131.02638051915,311.73387282920606,264,50:12
54.1%,2705000,10820.000000369326,-1529645.5604062667,243628.50322775633,311.0921949117384,264,50:09
54.1%,2707500,10830.000000371363,-1530632.7582060061,243296.82427589557,310.6686700294962,264,50:06
54.2%,2710000,10840.0000003734,-1531118.0791929616,243740.30663151905,311.2349580359802,264,50:02
54.2%,2712500,10850.000000375438,-1529792.8290462242,244881.0022051765,312.69152606900485,264,49:59
54.3%,2715000,10860.000000377475,-1530719.0241374169,243890.44993401415,311.42667784259424,264,49:56
54.4%,2717500,10870.000000379512,-1529532.2004144993,243480.4597217663,310.903156360786,264,49:52
54.4%,2720000,10880.00000038155,-1527805.79621524,243649.96546522778,311.1196003034485,264,49:49
54.5%,2722500,10890.000000383587,-1529777.4868967049,244495.49347003098,312.19926528266353,264,49:46
54.5%,2725000,10900.000000385624,-1526073.9292265177,243262.93567686656,310.62539726578115,264,49:43
54.5%,2727500,10910.000000387661,-1526475.333974801,243444.9014302771,310.8577515464883,264,49:39
54.6%,2730000,10920.000000389698,-1529052.201919998,243522.2122596961,310.9564706835998,264,49:36
54.6%,2732500,10930.000000391736,-1527727.591179017,244145.89491785032,311.7528586451192,264,49:33
54.7%,2735000,10940.000000393773,-1527937.5747229261,244402.62936034083,312.0806859730618,264,49:29
54.8%,2737500,10950.00000039581,-1530155.1038144147,245139.70231018742,313.02186337529497,264,49:26
54.8%,2740000,10960.000000397848,-1528133.9378199996,243001.81371121912,310.29196745622806,264,49:23
54.9%,2742500,10970.000000399885,-1531136.594456126,244143.81390280565,311.75020137173243,264,49:19
54.9%,2745000,10980.000000401922,-1530133.6161446264,242079.50453366057,309.1142596649287,264,49:16
55.0%,2747500,10990.00000040396,-1529473.7925846567,245616.5536173904,313.63076060135404,264,49:13
55.0%,2750000,11000.000000405997,-1529882.5999976704,243624.9519465318,311.08766023760853,264,49:10
55.0%,2752500,11010.000000408034,-1530488.7632550932,243720.99990536727,311.2103050428552,264,49:06
55.1%,2755000,11020.000000410071,-1529857.966266024,243535.47901529324,310.97341116496136,264,49:03
55.1%,2757500,11030.000000412108,-1526119.8208789825,244225.0481089827,311.85393031628007,264,49:00
55.2%,2760000,11040.000000414146,-1528690.8254292784,243446.89826941863,310.860301334642,264,48:56
55.2%,2762500,11050.000000416183,-1532071.3968109367,243859.0987406178,311.38664512295117,264,48:53
55.3%,2765000,11060.00000041822,-1528646.5811210116,243154.20363483953,310.4865560006447,264,48:50
55.4%,2767500,11070.000000420257,-1530120.0000475459,245496.1407111041,313.47700389876786,264,48:47
55.4%,2770000,11080.000000422295,-1528004.1874376843,243747.45606505254,311.24408723449693,264,48:43
55.5%,2772500,11090.000000424332,-1528411.6168899592,245004.66254638394,312.84942946068554,264,48:40
55.5%,2775000,11100.00000042637,-1531544.5079916827,242413.19362933197,309.5403513242182,264,48:37
55.5%,2777500,11110.000000428407,-1530306.145150764,244161.21754802892,311.77242429770473,264,48:34
55.6%,2780000,11120.000000430444,-1529262.565764864,244056.3162400553,311.6384745434097,264,48:30
55.6%,2782500,11130.000000432481,-1527963.0764076868,243848.70652375434,311.37337517501317,264,48:27
55.7%,2785000,11140.000000434518,-1529953.5479439935,243065.3247155,310.3730654290064,264,48:24
55.8%,2787500,11150.000000436556,-1528108.283099237,242589.8374800772,309.7659100027716,264,48:20
55.8%,2790000,11160.000000438593,-1528420.064821316,243341.68082731866,310.7259479048412,264,48:17
55.9%,2792500,11170.00000044063,-1529084.82488353,243792.4100712631,311.3014895510438,264,48:14
55.9%,2795000,11180.000000442667,-1531780.7143131308,244149.05096590501,311.756888641214,264,48:11
56.0%,2797500,11190.000000444705,-1528535.2773043476,245083.0194607623,312.94948435638753,264,48:07
56.0%,2800000,11200.000000446742,-1529168.2996445782,243150.44442306098,310.4817558174649,264,48:04
56.0%,2802500,11210.00000044878,-1526998.3313562786,244083.2773325058,311.67290148983227,264,48:01
56.1%,2805000,11220.000000450817,-1529993.7035900997,242738.78474114445,309.95610256955916,264,47:57
56.1%,2807500,11230.000000452854,-1529223.061602109,243079.9977611042,310.3918016191589,264,47:54
56.2%,2810000,11240.000000454891,-1528648.7125760429,243908.2727880402,311.44943606137855,264,47:51
56.2%,2812500,11250.000000456928,-1529736.5045840302,245092.6463591582,312.9617770598787,264,47:48
56.3%,2815000,11260.000000458966,-1527926.7565632658,241503.627260471,308.3789149801204,264,47:44
56.4%,2817500,11270.000000461003,-1526830.780499721,243076.8124823917,310.38773429808214,264,47:41
56.4%,2820000,11280.00000046304,-1530415.7368350644,243621.64673286292,311.0834397701292,264,47:38
56.5%,2822500,11290.000000465077,-1527734.9898167849,245148.69403711206,313.0333450206196,264,47:34
56.5%,2825000,11300.000000467115,-1528184.669990221,242278.2991497639,309.36810292481357,264,47:31
56.5%,2827500,11310.000000469152,-1529999.9975409145,243281.6550196453,310.6493002219426,264,47:28
56.6%,2830000,11320.00000047119,-1529950.6294163195,244026.9435009078,311.6009681360275,264,47:25
56.6%,2832500,11330.000000473226,-1530185.3488969384,245832.4467324519,313.90643714223904,264,47:21
56.7%,2835000,11340.000000475264,-1527690.2940447722,243683.6260928304,311.1625819676802,264,47:18
56.8%,2837500,11350.000000477301,-1528443.2442765413,244138.98412584816,311.7440341708724,264,47:15
56.8%,2840000,11360.000000479338,-1530815.3269612696,244799.38510713837,312.58730820518923,264,47:11
56.9%,2842500,11370.000000481376,-1527828.5652867155,244205.82350359173,311.829382184152,264,47:08
56.9%,2845000,11380.000000483413,-1530116.110018422,244229.8851592309,311.86010680449334,264,47:05
57.0%,2847500,11390.00000048545,-1529892.652145193,244031.10264927545,311.60627900309566,264,47:02
57.0%,2850000,11400.000000487487,-1529742.1017620582,243387.5782952601,310.7845549391316,264,46:58
57.0%,2852500,11410.000000489525,-1529872.3879959984,244854.21283205925,312.6573183930846,264,46:55
57.1%,2855000,11420.000000491562,-1528046.7004804192,243379.3653366316,310.7740677125033,264,46:52
57.1%,2857500,11430.0000004936,-1529247.857345866,241911.91389460862,308.9002611423478,264,46:48
57.2%,2860000,11440.000000495636,-1528695.7796859108,242814.9706477642,310.0533852790848,264,46:45
57.2%,2862500,11450.000000497674,-1531415.4976622127,244864.3281294699,312.67023473920983,264,46:42
57.3%,2865000,11460.000000499711,-1531255.1275648158,244830.75088385743,312.62735954645416,264,46:39
57.4%,2867500,11470.000000501748,-1526933.7937769238,243421.7318856121,310.8281660734856,264,46:35
57.4%,2870000,11480.000000503785,-1530119.102528357,243690.91254059965,311.1718861213388,264,46:32
57.5%,2872500,11490.000000505823,-1528872.862205673,242734.70015490247,309.9508869117749,264,46:29
57.5%,2875000,11500.00000050786,-1530574.2969282968,243351.9056509147,310.73900410628283,264,46:25
57.5%,2877500,11510.000000509897,-1527838.0103996275,242243.58563835488,309.3237768204611,264,46:22
57.6%,2880000,11520.000000511935,-1529997.2401173888,243481.64171738576,310.90466566534917,264,46:19
57.6%,2882500,11530.000000513972,-1528286.691366177,243801.08129813202,311.3125619459545,264,46:16
57.7%,2885000,11540.00000051601,-1530134.4929451738,243602.22486557558,311.05863975188976,264,46:12
57.8%,2887500,11550.000000518046,-1531439.0015689963,244287.78650898146,311.93404174126636,264,46:09
57.8%,2890000,11560.000000520084,-1531182.1442139205,243382.8181077881,310.7784765979308,264,46:06
57.9%,2892500,11570.00000052212,-1528595.1954905288,242511.83977233086,309.666313782381,264,46:02
57.9%,2895000,11580.000000524158,-1529464.7804100933,243836.26008984,311.35748217237216,264,45:59
58.0%,2897500,11590.000000526195,-1530790.1372940522,243204.49620620324,310.5507751958785,264,45:56
58.0%,2900000,11600.000000528233,-1529963.206457695,245173.9489821493,313.06559336668715,264,45:53
58.0%,2902500,11610.00000053027,-1530158.8474436142,243383.17188145194,310.77892833581916,264,45:49
58.1%,2905000,11620.000000532307,-1531413.849076734,244199.93783802824,311.821866706306,264,45:46
58.1%,2907500,11630.000000534345,-1530799.3607688816,242918.03777486229,310.1849929455417,264,45:43
58.2%,2910000,11640.000000536382,-1530171.9797342531,244690.8756482409,312.4487511591545,264,45:39
58.2%,2912500,11650.000000538419,-1529880.5707281558,242806.90335034393,310.0430840490225,264,45:36
58.3%,2915000,11660.000000540456,-1528377.6011431413,245187.0386113261,313.0823076731712,264,45:33
58.4%,2917500,11670.000000542494,-1530965.9115488566,243650.40922261582,311.1201669426472,264,45:30
58.4%,2920000,11680.00000054453,-1529182.1901244763,243771.55214192922,311.2748558077346,264,45:26
58.5%,2922500,11690.000000546568,-1530634.2188436706,243052.51320381835,310.35670625412996,264,45:23
58.5%,2925000,11700.000000548605,-1529795.4261698648,244312.47126105052,311.96556200100724,264,45:20
58.5%,2927500,11710.000000550643,-1530137.3748829784,244935.90091483283,312.7616268981712,264,45:16
58.6%,2930000,11720.00000055268,-1528051.2933454802,243348.23087021292,310.7343117341705,264,45:13
58.6%,2932500,11730.000000554717,-1528343.7563967006,243716.76639310428,311.2048992196259,264,45:10
58.7%,2935000,11740.000000556754,-1528117.10266315,242639.45639212168,309.8292689942383,264,45:07
58.8%,2937500,11750.000000558792,-1527957.761617571,243739.49765731854,311.2339250469976,264,45:03
58.8%,2940000,11760.000000560829,-1530118.2370272102,243147.38850978986,310.47785368469147,264,45:00
58.9%,2942500,11770.000000562866,-1529839.5383351995,244123.89614819514,311.7247681489469,264,44:57
58.9%,2945000,11780.000000564904,-1530628.8665901395,244094.16536513413,311.6868045509427,264,44:53
59.0%,2947500,11790.00000056694,-1529755.3992958171,243378.89375023072,310.7734655381001,264,44:50
59.0%,2950000,11800.000000568978,-1531405.6420710478,243902.9405525938,311.4426272651711,264,44:47
59.0%,2952500,11810.000000571015,-1530849.6811542055,243443.76730059477,310.85630336252166,264,44:44
59.1%,2955000,11820.000000573053,-1528521.9286720287,244219.8819697451,311.847333610339,264,44:40
59.1%,2957500,11830.00000057509,-1528755.4613887193,244030.97256729595,311.6061128998361,264,44:37
59.2%,2960000,11840.000000577127,-1528673.9418541575,245634.23893752822,313.653343201446,264,44:34
59.2%,2962500,11850.000000579164,-1527619.3738516401,243184.11306252185,310.52474771213565,264,44:30
59.3%,2965000,11860.000000581202,-1528953.2664509118,242882.68332949592,310.1398484248342,264,44:27
59.4%,2967500,11870.000000583239,-1529545.775605211,244661.16837786074,312.41081758477804,264,44:24
59.4%,2970000,11880.000000585276,-1526604.649294111,244448.22353745718,312.1389057316139,264,44:21
59.5%,2972500,11890.000000587313,-1526936.4036225304,245233.27685072838,313.141349842679,264,44:17
59.5%,2975000,11900.00000058935,-1530505.7404771615,243387.72700711153,310.78474483110097,264,44:14
59.5%,2977500,11910.000000591388,-1529523.709621422,244333.90279815905,311.9929281910511,264,44:11
59.6%,2980000,11920.000000593425,-1528955.1908912165,242965.8862318533,310.2460912214465,264,44:08
59.6%,2982500,11930.000000595463,-1528832.6603577752,242230.98761565733,309.3076902522616,264,44:04
59.7%,2985000,11940.0000005975,-1529391.155124493,243693.36751592223,311.1750209091466,264,44:01
59.8%,2987500,11950.000000599537,-1531191.2511207908,244397.68163125875,312.07436815770126,264,43:58
59.8%,2990000,11960.000000601574,-1527360.0400068685,243976.20010330476,311.536173275293,264,43:55
59.9%,2992500,11970.000000603612,-1527602.774464611,244235.34284248197,311.8670757865263,264,43:51
59.9%,2995000,11980.000000605649,-1530362.03696978,243753.50675766895,311.25181343739126,264,43:48
60.0%,2997500,11990.000000607686,-1531201.9991372554,242635.76015036524,309.8245492182445,264,43:45
60.0%,3000000,12000.000000609723,-1527959.4259660486,243374.50964652468,310.76786742282803,264,43:42
60.0%,3002500,12010.00000061176,-1529561.7657991825,243994.30846034572,311.5592960563448,264,43:38
60.1%,3005000,12020.000000613798,-1530397.6832513614,243163.77891100865,310.4987827870875,264,43:35
60.1%,3007500,12030.000000615835,-1529044.0237427661,243837.77393039348,311.35941521376213,264,43:32
60.2%,3010000,12040.000000617873,-1528667.0461455518,243725.96292559535,311.2166423836659,264,43:29
60.2%,3012500,12050.00000061991,-1528782.802637171,243579.07402898013,311.02907816744823,264,43:25
60.3%,3015000,12060.000000621947,-1528130.8320845328,243716.88680297346,311.20505297245035,264,43:22
60.4%,3017500,12070.000000623984,-1531378.7741211765,245299.34356630367,313.22571123425115,264,43:19
60.4%,3020000,12080.000000626022,-1527571.726773437,243923.7918662589,311.46925256085257,264,43:15
60.5%,3022500,12090.000000628059,-1526846.0024246182,243024.778480527,310.32129144909004,264,43:12
60.5%,3025000,12100.000000630096,-1528014.0943426145,245209.37737950712,313.1108323175908,264,43:09
60.5%,3027500,12110.000000632133,-1525485.413811991,244963.40705998865,312.79674982901344,264,43:06
60.6%,3030000,12120.00000063417,-1529169.5282876398,244514.95547491065,312.2241165530821,264,43:02
60.6%,3032500,12130.000000636208,-1527908.43707171,243257.9092061142,310.6189789042253,264,42:59
60.7%,3035000,12140.000000638245,-1527769.6212275848,244356.12238393124,312.0213006500053,264,42:56
60.8%,3037500,12150.000000640282,-1529626.2993101925,244728.02085162324,312.49618232052336,264,42:52
60.8%,3040000,12160.00000064232,-1530165.9402676001,243431.7310534938,310.84093413240475,264,42:49
60.9%,3042500,12170.000000644357,-1529886.1179609941,241698.07065536594,308.62720211279395,264,42:46
60.9%,3045000,12180.000000646394,-1528902.7713460894,243607.6172951465,311.0655254107059,264,42:43
61.0%,3047500,12190.000000648432,-1528956.199903519,243464.59157494438,310.8828941313728,264,42:39
61.0%,3050000,12200.000000650469,-1528880.0919879219,243630.1750388833,311.0943296676724,264,42:36
61.0%,3052500,12210.000000652506,-1529058.1995190782,244322.74258730336,311.97867758225624,264,42:33
61.1%,3055000,12220.000000654543,-1528383.8050883776,243812.77172602233,311.3274895953209,264,42:29
61.1%,3057500,12230.00000065658,-1528074.1829082407,243760.2488829984,311.26042253911504,264,42:26
61.2%,3060000,12240.000000658618,-1528510.2215342,243247.09051254636,310.60516438300345,264,42:23
61.2%,3062500,12250.000000660655,-1531721.429576479,243470.30955177944,310.8901954854447,264,42:20
61.3%,3065000,12260.000000662692,-1528100.0053219255,244190.02983465057,311.8092150564493,264,42:16
61.4%,3067500,12270.00000066473,-1528517.898611717,243482.03473102627,310.90516750924036,264,42:13
61.4%,3070000,12280.000000666767,-1531298.6197589412,245358.65520295722,313.3014469835001,264,42:10
61.5%,3072500,12290.000000668804,-1529344.570051658,243410.0209487154,310.81321223591976,264,42:06
61.5%,3075000,12300.000000670841,-1528984.3692871165,241440.29408321614,308.29804407683156,264,42:03
61.5%,3077500,12310.000000672879,-1529108.8762692073,244431.7993381135,312.1179334719817,264,42:00
61.6%,3080000,12320.000000674916,-1529416.7339475453,243761.1453440112,311.26156724107085,264,41:57
61.6%,3082500,12330.000000676953,-1528623.7070598537,243488.7725481137,310.9137711097176,264,41:53
61.7%,3085000,12340.00000067899,-1529400.8638425376,244154.9606965235,311.76443484802104,264,41:50
61.8%,3087500,12350.000000681028,-1528781.1834962778,242105.14795566682,309.1470040619565,264,41:47
61.8%,3090000,12360.000000683065,-1529468.3896981897,243272.41169675512,310.63749731067367,264,41:44
61.9%,3092500,12370.000000685102,-1528892.8088394804,243213.62175917043,310.56242772530237,264,41:40
61.9%,3095000,12380.00000068714,-1529255.3518869737,244217.3240115736,311.84406732248056,264,41:37
62.0%,3097500,12390.000000689177,-1529989.2302436633,244667.77151545763,312.41924921137803,264,41:34
62.0%,3100000,12400.000000691214,-1528941.3459568676,244856.14095628978,312.65978043833377,264,41:30
62.0%,3102500,12410.000000693251,-1531248.0744330697,243129.14479127104,310.45455805892453,264,41:27
62.1%,3105000,12420.000000695289,-1531097.0832545832,242127.61372952405,309.17569088146666,264,41:24
62.1%,3107500,12430.000000697326,-1529986.6560008032,243635.09139729445,311.10060742544226,264,41:21
62.2%,3110000,12440.000000699363,-1526960.1551195988,243767.73566041695,311.2699824961361,264,41:17
62.2%,3112500,12450.0000007014,-1529607.8190692896,242712.0785151231,309.9220010651756,264,41:14
62.3%,3115000,12460.000000703438,-1530510.5888990574,243663.8505739462,311.1373303674212,264,41:11
62.4%,3117500,12470.000000705475,-1529923.6144400276,243277.90620202554,310.64451331119034,264,41:08
62.4%,3120000,12480.000000707512,-1530849.8967579827,243219.49430342985,310.5699264483958,264,41:04
62.5%,3122500,12490.00000070955,-1530006.2482551094,243877.74423875782,311.4104537859966,264,41:01
62.5%,3125000,12500.000000711587,-1529083.197937848,245002.0925609764,312.84614781510334,264,40:58
62.5%,3127500,12510.000000713624,-1528395.9966322342,243650.3138308178,311.1200451357017,264,40:54
62.6%,3130000,12520.000000715661,-1527857.8581508035,244133.85790690407,311.737488439639,264,40:51
62.6%,3132500,12530.000000717699,-1529864.4995425753,243117.99914602694,310.440326049136,264,40:48
62.7%,3135000,12540.000000719736,-1528228.4878410278,244179.57330117992,311.7958629818543,264,40:45
62.8%,3137500,12550.000000721773,-1528808.0409522122,242376.17048317142,309.4930760191983,264,40:41
62.8%,3140000,12560.00000072381,-1528147.3877557414,242501.57133564752,309.65320189085844,264,40:38
62.9%,3142500,12570.000000725848,-1527174.1413207147,243954.95959569077,311.509051013131,264,40:35
62.9%,3145000,12580.000000727885,-1527515.5845920825,244790.1625964285,312.5755318692461,264,40:31
63.0%,3147500,12590.000000729922,-1528903.762701449,244396.7893939112,312.0732288489949,264,40:28
63.0%,3150000,12600.00000073196,-1529295.9086118843,243644.83516161266,311.1130493564491,264,40:25
63.0%,3152500,12610.000000733997,-1525706.4460775815,245812.13673338143,313.88050305773834,264,40:22
63.1%,3155000,12620.000000736034,-1528689.0057169627,244767.56678573688,312.5466790041226,264,40:18
63.1%,3157500,12630.000000738071,-1527539.2612582669,242658.36771367464,309.85341709042837,264,40:15
63.2%,3160000,12640.000000740109,-1528403.8143923227,243665.06452965352,311.1388804822087,264,40:12
63.2%,3162500,12650.000000742146,-1527905.6701608086,243069.66414441864,310.3786064984998,264,40:08
63.3%,3165000,12660.000000744183,-1528803.1678929254,243486.5687598721,310.9109570657444,264,40:05
63.4%,3167500,12670.00000074622,-1529129.4850216024,243226.0201509068,310.5782593823028,264,40:02
63.4%,3170000,12680.000000748258,-1529624.0815476887,242946.83128163905,310.2217597240743,264,39:59
63.5%,3172500,12690.000000750295,-1530149.7609242983,243698.30492778128,311.18132555031985,264,39:55
63.5%,3175000,12700.000000752332,-1530551.5324960174,244605.924637462,312.340276181666,264,39:52
63.5%,3177500,12710.00000075437,-1529747.973545515,244219.59589947766,311.8469683237399,264,39:49
63.6%,3180000,12720.000000756407,-1526715.954457675,242836.37878956602,310.0807215953774,264,39:45
63.6%,3182500,12730.000000758444,-1529801.8544607414,243387.95590676993,310.78503711585506,264,39:42
63.7%,3185000,12740.000000760481,-1529410.8675132133,244188.25373114002,311.80694712830393,264,39:39
63.8%,3187500,12750.000000762519,-1529504.3683250137,243904.00679120934,311.44398875820997,264,39:36
63.8%,3190000,12760.000000764556,-1528490.9278285988,242281.94887509476,309.3727633034186,264,39:32
63.9%,3192500,12770.000000766593,-1531669.152301848,245649.45180454676,313.6727686961192,264,39:29
63.9%,3195000,12780.00000076863,-1528738.998622276,243646.7439379931,311.1154866961935,264,39:26
64.0%,3197500,12790.000000770668,-1528192.8000177275,242751.33745789825,309.9721312860488,264,39:22
64.0%,3200000,12800.000000772705,-1529670.1452804357,244200.34590638833,311.8223877737515,264,39:19
64.0%,3202500,12810.000000774742,-1529264.3590298481,243745.4693212671,311.2415503372261,264,39:16
64.1%,3205000,12820.00000077678,-1529848.685718529,243600.4257053302,311.0563423823196,264,39:13
64.2%,3207500,12830.000000778817,-1530677.8706780216,243576.06885910145,311.02524082952897,264,39:09
64.2%,3210000,12840.000000780854,-1530672.9177530492,243391.3027454012,310.78931073475434,264,39:06
64.2%,3212500,12850.000000782891,-1530058.055150398,243234.27000114444,310.5887937162749,264,39:03
64.3%,3215000,12860.000000784928,-1530057.955956271,244270.4435475362,311.91189630314733,264,39:00
64.3%,3217500,12870.000000786966,-1529483.6900292365,243481.1358447101,310.9040197103852,264,38:56
64.4%,3220000,12880.000000789003,-1528603.8798594298,245828.82571546102,313.90181342166204,264,38:53
64.5%,3222500,12890.00000079104,-1531104.851257911,244762.1764238798,312.53979598559533,264,38:50
64.5%,3225000,12900.000000793078,-1528466.68430058,243888.9165553858,311.4247198527991,264,38:46
64.5%,3227500,12910.000000795115,-1528475.192458625,244453.23174819734,312.1453007767383,264,38:43
64.6%,3230000,12920.000000797152,-1527818.298692747,243261.79838867323,310.6239450486734,264,38:40
64.7%,3232500,12930.00000079919,-1529528.027184084,243138.91960335395,310.46703963519917,264,38:37
64.7%,3235000,12940.000000801227,-1528491.1165146697,244863.52393958965,312.66920785938396,264,38:33
64.8%,3237500,12950.000000803264,-1528333.4038812714,242873.36827880924,310.1279539234707,264,38:30
64.8%,3240000,12960.000000805301,-1527959.3339329576,244016.3929187938,311.58749596957756,264,38:27
64.8%,3242500,12970.000000807338,-1531851.5103054699,242579.39718439637,309.7525786624077,264,38:23
64.9%,3245000,12980.000000809376,-1529917.9139624145,243532.15504404332,310.96916674569894,264,38:20
65.0%,3247500,12990.000000811413,-1527846.5677717775,244645.8349979313,312.3912382057051,264,38:17
65.0%,3250000,13000.00000081345,-1528789.471912045,243111.63010337268,310.43219334121164,264,38:14
65.0%,3252500,13010.000000815488,-1527755.7085961383,243745.04516136076,311.2410087222898,264,38:10
65.1%,3255000,13020.000000817525,-1530826.1129281772,243433.07080694445,310.84264487985877,264,38:07
65.2%,3257500,13030.000000819562,-1529284.2242906792,244759.57937934302,312.5364797878823,264,38:04
65.2%,3260000,13040.0000008216,-1528750.5979429483,244101.47586448007,311.6961394163518,264,38:00
65.2%,3262500,13050.000000823637,-1530679.1350689922,245100.472582182,312.971770459116,264,37:57
65.3%,3265000,13060.000000825674,-1530753.45614048,244969.0473834082,312.8039520264959,264,37:54
65.3%,3267500,13070.000000827711,-1529857.6884610262,244097.93357133574,311.69161621921063,264,37:51
65.4%,3270000,13080.000000829748,-1530402.1522598853,244727.81681628805,312.4959217853256,264,37:47
65.5%,3272500,13090.000000831786,-1528961.2614716291,243485.98694302962,310.91021413675145,264,37:44
65.5%,3275000,13100.000000833823,-1526569.2340124045,242853.86605039187,310.10305129112817,264,37:41
65.5%,3277500,13110.00000083586,-1530073.4650357226,243362.9771782032,310.75314147395363,264,37:37
65.6%,3280000,13120.000000837897,-1530997.0231428407,243583.82543654792,311.0351452974827,264,37:34
65.7%,3282500,13130.000000839935,-1528557.390067365,243499.37375654612,310.92730792152844,264,37:31
65.7%,3285000,13140.000000841972,-1529934.670575874,243867.1128467923,311.39687843246566,264,37:28
65.8%,3287500,13150.00000084401,-1527375.0971330889,243034.3390670166,310.3334994781026,264,37:24
65.8%,3290000,13160.000000846047,-1527435.404019664,243741.6289471674,311.2366465168925,264,37:21
65.8%,3292500,13170.000000848084,-1529430.0116000334,241529.38666968278,308.4118074826197,264,37:18
65.9%,3295000,13180.000000850121,-1527951.4142619818,243462.0955830345,310.8797069689864,264,37:14
66.0%,3297500,13190.000000852158,-1530880.767127296,244088.42738409946,311.6794776532654,264,37:11
66.0%,3300000,13200.000000854196,-1531143.9341880307,243834.60602205218,311.3553700731233,264,37:08
66.0%,3302500,13210.000000856233,-1528701.5778123839,242273.61340047972,309.362119634639,264,37:05
66.1%,3305000,13220.00000085827,-1528736.5330610806,243531.01360372486,310.96770922669225,264,37:01
66.2%,3307500,13230.000000860307,-1531627.2279370027,244664.8359263984,312.4155007220523,264,36:58
66.2%,3310000,13240.000000862345,-1530598.0553835034,244881.036347876,312.69156966623257,264,36:55
66.2%,3312500,13250.000000864382,-1530457.2315665511,243917.69920518622,311.4614727679267,264,36:52
66.3%,3315000,13260.00000086642,-1527198.091007459,243154.22020892246,310.48657716429256,264,36:48
66.3%,3317500,13270.000000868456,-1529076.5233263802,244351.38842322576,312.0152557980812,264,36:45
66.4%,3320000,13280.000000870494,-1529339.0049532233,242092.77524844138,309.13120520181997,264,36:42
66.5%,3322500,13290.000000872531,-1529596.1974743754,242558.29868143445,309.7256377277107,264,36:38
66.5%,3325000,13300.000000874568,-1528168.0514858216,243360.68107378797,310.75020955033705,264,36:35
66.5%,3327500,13310.000000876606,-1528538.1659348048,243241.61627592784,310.5981742637746,264,36:32
66.6%,3330000,13320.000000878643,-1529219.5628948128,242589.9056573866,309.76599705920603,264,36:29
66.7%,3332500,13330.00000088068,-1530784.9236195758,243371.33635671955,310.76381541053274,264,36:25
66.7%,3335000,13340.000000882717,-1531526.0801189756,242132.46189225465,309.1818815593437,264,36:22
66.8%,3337500,13350.000000884755,-1528621.6816089451,242870.84691021894,310.1247343572929,264,36:19
66.8%,3340000,13360.000000886792,-1528918.970299459,241855.97193138042,308.8288281700241,264,36:15
66.8%,3342500,13370.00000088883,-1529841.9000307778,243694.9454051811,311.17703573510653,264,36:12
66.9%,3345000,13380.000000890866,-1528616.7251879731,244320.5318257271,311.97585463394734,264,36:09
67.0%,3347500,13390.000000892904,-1529592.2471077535,243584.4198936784,311.03590436701296,264,36:06
67.0%,3350000,13400.000000894941,-1527259.991153867,242734.8751879583,309.9511104136099,264,36:02
67.0%,3352500,13410.000000896978,-1531472.786584924,243339.65844247263,310.7233654970672,264,35:59
67.1%,3355000,13420.000000899016,-1529728.1305694086,246197.76935253319,314.372922033072,264,35:56
67.2%,3357500,13430.000000901053,-1530112.3347664298,242953.22028067365,310.2299179145431,264,35:52
67.2%,3360000,13440.00000090309,-1529017.6637254478,245065.11370238976,312.9266202760362,264,35:49
67.2%,3362500,13450.000000905127,-1529092.6098685553,242971.34430642016,310.2530607031553,264,35:46
67.3%,3365000,13460.000000907165,-1529880.8220726019,243712.8506242434,311.1998991268061,264,35:43
67.3%,3367500,13470.000000909202,-1527478.699243702,242782.11680668534,310.0114338103647,264,35:39
67.4%,3370000,13480.00000091124,-1528159.9212313201,241878.02112870605,308.85698305790135,264,35:36
67.5%,3372500,13490.000000913276,-1529261.2040251596,245288.77342555101,313.2122140931379,264,35:33
67.5%,3375000,13500.000000915314,-1529056.3468768764,243956.71879791925,311.511297359824,264,35:29
67.5%,3377500,13510.000000917351,-1530059.7248445004,244655.81090115476,312.4039765576997,264,35:26
67.6%,3380000,13520.000000919388,-1530151.506585733,242974.88725392672,310.2575847358595,264,35:23
67.7%,3382500,13530.000000921425,-1526004.012082857,243883.3364515669,311.41759455045616,264,35:20
67.7%,3385000,13540.000000923463,-1529828.0379408589,242880.3525803049,310.1368722628826,264,35:16
67.8%,3387500,13550.0000009255,-1528757.199534379,244664.16002028214,312.4146376493228,264,35:13
67.8%,3390000,13560.000000927537,-1530019.024952815,243127.4876634574,310.4524420522916,264,35:10
67.8%,3392500,13570.000000929575,-1528855.469926103,243404.7493011202,310.80648080507547,264,35:07
67.9%,3395000,13580.000000931612,-1530622.5941191195,244591.42791868834,312.3217651453851,264,35:03
68.0%,3397500,13590.000000933649,-1527761.6708254712,244170.46851714898,311.7842369725375,264,35:00
68.0%,3400000,13600.000000935686,-1530608.6693509184,244018.6533121473,311.59038229330565,264,34:57
68.0%,3402500,13610.000000937724,-1527679.990472247,243971.04025805643,311.5295846062233,264,34:53
68.1%,3405000,13620.00000093976,-1528453.862020215,244057.48933213434,311.63997247893394,264,34:50
68.2%,3407500,13630.000000941798,-1529487.6377863865,244145.5988784745,311.75248062884447,264,34:47
68.2%,3410000,13640.000000943835,-1530808.5649040285,243464.30668493544,310.88253035186005,264,34:44
68.2%,3412500,13650.000000945873,-1530092.9388712887,244568.52213512716,312.29251647213954,264,34:40
68.3%,3415000,13660.00000094791,-1528466.208763007,243211.0907019496,310.55919578759455,264,34:37
68.3%,3417500,13670.000000949947,-1530432.6931515029,242874.82479260006,310.12981376362114,264,34:34
68.4%,3420000,13680.000000951984,-1529565.9698175238,241508.9230829639,308.3856772801853,264,34:30
68.5%,3422500,13690.000000954022,-1530314.3780776355,244926.47871268142,312.7495955738009,264,34:27
68.5%,3425000,13700.000000956059,-1527405.8438017275,244083.02208809968,311.6725755651499,264,34:24
68.5%,3427500,13710.000000958096,-1527161.100003481,245370.0563389003,313.31600523246533,264,34:21
68.6%,3430000,13720.000000960134,-1529136.2347835293,244586.77063731197,312.31581820622773,264,34:17
68.7%,3432500,13730.00000096217,-1528773.739513795,244669.22173832264,312.4211010185689,264,34:14
68.7%,3435000,13740.000000964208,-1527816.865399695,243225.02886433457,310.57699359643846,264,34:11
68.8%,3437500,13750.000000966245,-1526270.976257747,244624.72434341453,312.36428175454023,264,34:07
68.8%,3440000,13760.000000968283,-1529769.2885220842,242463.0798988826,309.6040517077318,264,34:04
68.8%,3442500,13770.00000097032,-1531566.9700759212,244354.45688972838,312.01917396022833,264,34:01
68.9%,3445000,13780.000000972357,-1529325.5933255432,243895.35565697288,311.43294201982576,264,33:58
69.0%,3447500,13790.000000974394,-1528936.8904501917,244102.9689960829,311.6980460142311,264,33:54
69.0%,3450000,13800.000000976432,-1529853.6476147752,242993.6501857567,310.28154335140994,264,33:51
69.0%,3452500,13810.000000978469,-1530400.2752888259,244143.53073524422,311.74983979163386,264,33:48
69.1%,3455000,13820.000000980506,-1530449.3662774274,244570.56470332737,312.2951246522836,264,33:45
69.2%,3457500,13830.000000982543,-1529311.0970895113,243450.49167882575,310.8648898027599,264,33:41
69.2%,3460000,13840.00000098458,-1531501.8174964497,244020.33411467745,311.5925285304716,264,33:38
69.2%,3462500,13850.000000986618,-1531101.660246306,243686.50649952653,311.1662599939762,264,33:35
69.3%,3465000,13860.000000988655,-1530709.1991211548,245101.28486061672,312.97280766731535,264,33:31
69.3%,3467500,13870.000000990693,-1531329.9106255732,244025.9145106278,311.59965420584075,264,33:28
69.4%,3470000,13880.00000099273,-1529802.611156893,243584.59757962858,311.03613125636093,264,33:25
69.5%,3472500,13890.000000994767,-1529954.1944319392,243104.07841583883,310.422550499676,264,33:22
69.5%,3475000,13900.000000996804,-1529083.136574123,242664.48019099497,309.8612221869615,264,33:18
69.5%,3477500,13910.000000998842,-1529845.7979732873,243747.87529944867,311.2446225599894,264,33:15
69.6%,3480000,13920.000001000879,-1531035.8046395406,244680.54686391738,312.43556220899717,264,33:12
69.7%,3482500,13930.000001002916,-1529476.6664636368,243789.5282939432,311.29780977458165,264,33:08
69.7%,3485000,13940.000001004953,-1527871.198234206,242295.93229342357,309.39061890012687,264,33:05
69.8%,3487500,13950.00000100699,-1529570.1162266107,243264.21917078499,310.627036174755,264,33:02
69.8%,3490000,13960.000001009028,-1527588.329576617,243913.9076771913,311.4566313197776,264,32:59
69.8%,3492500,13970.000001011065,-1527626.5177178886,244787.01946957211,312.5715183723863,264,32:55
69.9%,3495000,13980.000001013103,-1529349.5970068695,243247.95456693025,310.60626770454115,264,32:52
70.0%,3497500,13990.00000101514,-1529891.3352272213,243391.1530629516,310.78911960341645,264,32:49
70.0%,3500000,14000.000001017177,-1527927.7293271339,242323.90965460913,309.426343532441,264,32:45
70.0%,3502500,14010.000001019214,-1528121.2657622406,243125.79005717952,310.45027435821606,264,32:42
70.1%,3505000,14020.000001021252,-1530733.4147851765,244304.48132842119,311.9553595589862,264,32:39
70.2%,3507500,14030.000001023289,-1528582.3335759975,242519.01245262777,309.67547266497235,264,32:36
70.2%,3510000,14040.000001025326,-1531095.2913524434,244354.6295427246,312.01939442293633,264,32:32
70.2%,3512500,14050.000001027363,-1529747.5876565306,243321.25077545707,310.6998605234733,264,32:29
70.3%,3515000,14060.0000010294,-1529811.0352891423,243310.17434120286,310.68571689003846,264,32:26
70.3%,3517500,14070.000001031438,-1527858.5087353112,244116.7352669466,311.7156243327037,264,32:23
70.4%,3520000,14080.000001033475,-1530810.7290302552,243097.3494575143,310.4139582110607,264,32:19
70.5%,3522500,14090.000001035512,-1527695.2254543826,244859.01456016672,312.66344977802737,264,32:16
70.5%,3525000,14100.00000103755,-1530101.749741544,243409.8283821588,310.8129663453447,264,32:13
70.5%,3527500,14110.000001039587,-1529742.73090229,242972.4364278862,310.25445524632033,264,32:09
70.6%,3530000,14120.000001041624,-1530293.058814275,244209.18829601048,311.8336787284607,264,32:06
70.7%,3532500,14130.000001043662,-1529634.0459546829,243555.24525671016,310.99865091870964,264,32:03
70.7%,3535000,14140.000001045699,-1528899.4344619904,244366.79890560385,312.03493363020726,264,32:00
70.8%,3537500,14150.000001047736,-1528497.167800419,244381.597112739,312.0538296406389,264,31:56
70.8%,3540000,14160.000001049773,-1526632.8235073164,244180.45634329374,311.796990549055,264,31:53
70.8%,3542500,14170.00000105181,-1526996.366747423,244490.08080500038,312.192353784943,264,31:50
70.9%,3545000,14180.000001053848,-1530219.6530101802,242469.1184908992,309.61176245922326,264,31:46
71.0%,3547500,14190.000001055885,-1527701.2720508259,243288.2813889716,310.65776151342,264,31:43
71.0%,3550000,14200.000001057922,-1528180.8591415975,242921.97446071182,310.1900197475184,264,31:40
71.0%,3552500,14210.00000105996,-1529184.0559847355,245244.00445847138,313.1550480553048,264,31:37
71.1%,3555000,14220.000001061997,-1530284.5852985103,244133.60337732034,311.737163427722,264,31:33
71.2%,3557500,14230.000001064034,-1529173.3820514493,243835.73464911568,311.3568112307292,264,31:30
71.2%,3560000,14240.000001066071,-1529813.2538482696,243944.52823777404,311.4957310855066,264,31:27
71.2%,3562500,14250.000001068109,-1530726.6061042044,243631.66762670508,311.0962355711912,264,31:23
71.3%,3565000,14260.000001070146,-1530522.9754501283,244233.24446394117,311.8643963414804,264,31:20
71.3%,3567500,14270.000001072183,-1529906.648292291,243582.12297536904,311.03297140412513,264,31:17
71.4%,3570000,14280.00000107422,-1530278.726504906,242897.27106376624,310.1584756799083,264,31:14
71.5%,3572500,14290.000001076258,-1531109.220312127,245057.51145451918,312.91691287339245,264,31:10
71.5%,3575000,14300.000001078295,-1528607.4568677368,243089.29528782816,310.40367374396163,264,31:07
71.5%,3577500,14310.000001080332,-1529899.730490474,243738.9793470428,311.23326321031107,264,31:04
71.6%,3580000,14320.00000108237,-1527964.4778894791,242347.6790239963,309.45669492891705,264,31:01
71.7%,3582500,14330.000001084407,-1530319.3818248212,243976.45866370003,311.5365034342022,264,30:57
71.7%,3585000,14340.000001086444,-1530201.521034724,244300.71110130806,311.95054531019184,264,30:54
71.8%,3587500,14350.000001088481,-1527424.3751114262,243147.3736319701,310.4778346870228,264,30:51
71.8%,3590000,14360.000001090519,-1528781.0055686412,243965.18135747762,311.5221033049113,264,30:47
71.8%,3592500,14370.000001092556,-1527667.7072536089,243147.67336794588,310.47821742353085,264,30:44
71.9%,3595000,14380.000001094593,-1531539.1407362008,243116.71333727843,310.4386841843275,264,30:41
72.0%,3597500,14390.00000109663,-1526976.3772577494,243536.42564899637,310.9746199330348,264,30:38
72.0%,3600000,14400.000001098668,-1529160.144461302,243552.0464841642,310.9945663671931,264,30:34
72.0%,3602500,14410.000001100705,-1528930.7582140565,244166.2238529592,311.77881690927734,264,30:31
72.1%,3605000,14420.000001102742,-1530527.8689117609,244727.0657493706,312.4949627388562,264,30:28
72.2%,3607500,14430.00000110478,-1529766.414417562,243059.0234210904,310.3650192296385,264,30:24
72.2%,3610000,14440.000001106817,-1527665.3510572594,243621.60384345343,311.0833850041213,264,30:21
72.2%,3612500,14450.000001108854,-1530508.4402859043,242684.90250957682,309.88729969361054,264,30:18
72.3%,3615000,14460.000001110891,-1529079.6913823225,242250.6362067653,309.33277977690136,264,30:15
72.3%,3617500,14470.000001112929,-1529477.2697726786,242782.97286769422,310.0125269250647,264,30:11
72.4%,3620000,14480.000001114966,-1529698.3180447267,242238.01296106091,309.316661001138,264,30:08
72.5%,3622500,14490.000001117003,-1529869.8813605793,244572.76456505858,312.29793368244793,264,30:05
72.5%,3625000,14500.00000111904,-1528297.3312454754,243727.5092730882,311.21861693356163,264,30:01
72.5%,3627500,14510.000001121078,-1528878.7214341154,242725.10096738493,309.9386295926409,264,29:58
72.6%,3630000,14520.000001123115,-1528273.4708230877,245491.43609694828,313.4709965198095,264,29:55
72.7%,3632500,14530.000001125152,-1529916.2708473057,242971.09673996715,310.2527445825445,264,29:52
72.7%,3635000,14540.00000112719,-1529492.4670258136,241211.64979403367,308.00608540683425,264,29:48
72.8%,3637500,14550.000001129227,-1528862.7470362727,241987.98484863582,308.9973970675118,264,29:45
72.8%,3640000,14560.000001131264,-1528432.1851805234,243960.3118254245,311.5158853402868,264,29:42
72.8%,3642500,14570.000001133301,-1529258.6343442835,244439.6683197844,312.12798147025484,264,29:39
72.9%,3645000,14580.000001135339,-1528556.4386657588,243835.34655259523,311.35631566556833,264,29:35
73.0%,3647500,14590.000001137376,-1529892.820421433,244061.17751962878,311.64468197034273,264,29:32
73.0%,3650000,14600.000001139413,-1529788.9856102327,243210.57286262835,310.5585345522755,264,29:29
73.0%,3652500,14610.00000114145,-1528383.4919762956,244277.95745802997,311.9214909067216,264,29:25
73.1%,3655000,14620.000001143488,-1527543.0508851027,243815.0923763705,311.3304528619374,264,29:22
73.2%,3657500,14630.000001145525,-1531370.001489913,242868.7710633158,310.1220836831688,264,29:19
73.2%,3660000,14640.000001147562,-1530226.235939946,242639.62832197244,309.829488533553,264,29:16
73.2%,3662500,14650.0000011496,-1527982.0202002944,240988.7512143688,307.721463503108,264,29:12
73.3%,3665000,14660.000001151637,-1529360.123976007,243912.21780067496,311.4544734959285,264,29:09
73.3%,3667500,14670.000001153674,-1529706.575677991,243833.8956001287,311.3544629267403,264,29:06
73.4%,3670000,14680.000001155711,-1527560.4901583344,243424.2385980619,310.8313669250595,264,29:02
73.5%,3672500,14690.000001157749,-1528816.942699897,243679.25806770084,311.1570043833377,264,28:59
73.5%,3675000,14700.000001159786,-1527097.511495391,243835.17746437463,311.3560997547657,264,28:56
73.5%,3677500,14710.000001161823,-1530174.5270483075,244632.21032872997,312.3738407001151,264,28:53
73.6%,3680000,14720.00000116386,-1526316.3282063808,243727.73416719455,311.2189041035776,264,28:49
73.7%,3682500,14730.000001165898,-1528488.762800984,244352.6842702668,312.0169104809074,264,28:46
73.7%,3685000,14740.000001167935,-1528755.509727382,244160.22926372188,311.77116234546924,264,28:43
73.8%,3687500,14750.000001169972,-1529851.6226465506,243527.079779435,310.96268607867586,264,28:40
73.8%,3690000,14760.00000117201,-1527444.2693954334,243167.73631404008,310.50383604308547,264,28:36
73.8%,3692500,14770.000001174047,-1530149.047441612,243754.45021815324,311.25301815354305,264,28:33
73.9%,3695000,14780.000001176084,-1529841.1054393677,243902.6979808592,311.44231752237687,264,28:30
74.0%,3697500,14790.000001178121,-1528034.724341468,243341.84961457358,310.7261634313371,264,28:26
74.0%,3700000,14800.000001180159,-1527251.6754594753,243275.26355661062,310.64113888516215,264,28:23
74.0%,3702500,14810.000001182196,-1530227.9256501636,245815.00589144963,313.8841667205247,264,28:20
74.1%,3705000,14820.000001184233,-1528464.1333296364,244201.16393952083,311.8234323301943,264,28:17
74.2%,3707500,14830.00000118627,-1528532.094934241,243774.10555936763,311.2781162974758,264,28:13
74.2%,3710000,14840.000001188308,-1529507.463227854,243030.25794716246,310.32828824659117,264,28:10
74.2%,3712500,14850.000001190345,-1530873.7020684257,244669.08349251488,312.4209244908178,264,28:07
74.3%,3715000,14860.000001192382,-1530444.1324058864,243853.8629303134,311.3799594531787,264,28:04
74.3%,3717500,14870.00000119442,-1529018.5250430098,243935.7208369153,311.48448480837436,264,28:00
74.4%,3720000,14880.000001196457,-1530414.7444552807,243876.61512426607,311.4090120059877,264,27:57
74.5%,3722500,14890.000001198494,-1529125.520817183,244614.34249499207,312.35102504619044,264,27:54
74.5%,3725000,14900.000001200531,-1529551.4915677253,243528.69652193354,310.9647505168094,264,27:50
74.5%,3727500,14910.000001202568,-1527114.1759471977,244402.6968485407,312.080772149564,264,27:47
74.6%,3730000,14920.000001204606,-1530706.9660351155,243838.17601948095,311.3599286462017,264,27:44
74.7%,3732500,14930.000001206643,-1531490.3661011644,243695.37656995706,311.17758629464595,264,27:41
74.7%,3735000,14940.00000120868,-1530827.1641786592,243724.3216643708,311.2145466372733,264,27:37
74.8%,3737500,14950.000001210718,-1528404.170807398,243686.01684389543,311.1656347467535,264,27:34
74.8%,3740000,14960.000001212755,-1529577.7187606422,243924.7979046384,311.47053718347877,264,27:31
74.8%,3742500,14970.000001214792,-1529999.582762517,244062.2386233253,311.64603690654116,264,27:28
74.9%,3745000,14980.00000121683,-1528866.1998551823,243994.9759571266,311.5601483910918,264,27:24
75.0%,3747500,14990.000001218867,-1527458.473940446,244377.79171696177,312.04897048455024,264,27:21
75.0%,3750000,15000.000001220904,-1529765.8142351583,240975.77697040577,307.70489653340496,264,27:18
75.0%,3752500,15010.000001222941,-1527530.6974155344,243340.80486131215,310.7248293732079,264,27:14
75.1%,3755000,15020.000001224978,-1529296.9449480409,243384.710973824,310.78089362156305,264,27:11
75.2%,3757500,15030.000001227016,-1530006.3987094415,244779.4805519456,312.5618918369005,264,27:08
75.2%,3760000,15040.000001229053,-1529018.5536640212,244288.58934727975,311.9350668952408,264,27:05
75.2%,3762500,15050.00000123109,-1529065.3970759446,242199.00095561688,309.26684609754216,264,27:01
75.3%,3765000,15060.000001233127,-1529462.782103219,242934.8214915903,310.20642427728865,264,26:58
75.3%,3767500,15070.000001235165,-1528733.2343399208,243995.34688954783,311.5606220392059,264,26:55
75.4%,3770000,15080.000001237202,-1528844.2861143677,243163.4664267485,310.49838377214024,264,26:52
75.5%,3772500,15090.00000123924,-1530649.2873407518,243803.9319301581,311.31620195261274,264,26:48
75.5%,3775000,15100.000001241277,-1528063.4365750272,244384.06048225268,312.0569751470913,264,26:45
75.5%,3777500,15110.000001243314,-1529380.8922694335,244178.83902213263,311.79492537202026,264,26:42
75.6%,3780000,15120.000001245351,-1528234.4902611133,245089.82190655702,312.9581704820461,264,26:39
75.7%,3782500,15130.000001247388,-1527488.7001667023,244625.02703290829,312.3646682624313,264,26:35
75.7%,3785000,15140.000001249426,-1528639.3789072894,244595.47770136443,312.3269363620733,264,26:32
75.8%,3787500,15150.000001251463,-1528632.533511932,243423.93630447696,310.8309809227092,264,26:29
75.8%,3790000,15160.0000012535,-1528905.5728370892,244388.80252392165,312.06303031769585,264,26:25
75.8%,3792500,15170.000001255537,-1529028.431007985,243350.04002286325,310.73662186316386,264,26:22
75.9%,3795000,15180.000001257575,-1529982.4079583688,244023.76006572286,311.5969031689735,264,26:19
76.0%,3797500,15190.000001259612,-1529082.690579718,242861.90222754987,310.11331278334956,264,26:16
76.0%,3800000,15200.00000126165,-1530750.062641303,244098.2895682264,311.6920707959643,264,26:12
76.0%,3802500,15210.000001263686,-1529097.900045788,242786.85119737367,310.01747921133904,264,26:09
76.1%,3805000,15220.000001265724,-1529526.4552049339,244012.3186098632,311.58229343501705,264,26:06
76.2%,3807500,15230.000001267761,-1527789.8235839289,243376.2657737576,310.7701098430218,264,26:02
76.2%,3810000,15240.000001269798,-1527578.4080263097,245095.5477993256,312.96548194406967,264,25:59
76.2%,3812500,15250.000001271836,-1528140.0354427323,243957.2808606385,311.51201506453714,264,25:56
76.3%,3815000,15260.000001273873,-1531732.866529975,243890.85622571447,311.4271966414012,264,25:53
76.3%,3817500,15270.00000127591,-1529021.281984752,244310.58945226815,311.96315909651634,264,25:49
76.4%,3820000,15280.000001277947,-1529124.3340694904,243268.16649712244,310.6320765637,264,25:46
76.5%,3822500,15290.000001279985,-1528953.933508142,245053.70905933293,312.9120575487948,264,25:43
76.5%,3825000,15300.000001282022,-1530098.1422101334,243282.20672355703,310.65000469936854,264,25:40
76.5%,3827500,15310.00000128406,-1529258.921095498,244216.77371062862,311.8433646365199,264,25:36
76.6%,3830000,15320.000001286096,-1529313.4936980149,243087.6184520726,310.40153257201825,264,25:33
76.7%,3832500,15330.000001288134,-1527497.2608509436,243985.1790016946,311.54763853970576,264,25:30
76.7%,3835000,15340.000001290171,-1529557.8688688762,244491.34626822433,312.19396967030417,264,25:26
76.8%,3837500,15350.000001292208,-1530248.8277535941,244081.85795216903,311.6710890658403,264,25:23
76.8%,3840000,15360.000001294246,-1527676.0569889927,243585.08050296325,311.03674790703263,264,25:20
76.8%,3842500,15370.000001296283,-1532066.1278189868,243891.47051357044,311.4279810330258,264,25:17
76.9%,3845000,15380.00000129832,-1528560.0486097299,243341.68325281166,310.7259510019827,264,25:13
77.0%,3847500,15390.000001300357,-1527634.3543822104,244154.91297492228,311.7643739117288,264,25:10
77.0%,3850000,15400.000001302395,-1531223.041123039,243247.18046435516,310.6052792435607,264,25:07
77.0%,3852500,15410.000001304432,-1530877.728923657,242378.4799531608,309.49602500947884,264,25:03
77.1%,3855000,15420.00000130647,-1529602.5785273127,244098.60172711243,311.6924693954374,264,25:00
77.2%,3857500,15430.000001308506,-1530077.754675,244419.49297854592,312.1022193319754,264,24:57
77.2%,3860000,15440.000001310544,-1528744.3438204536,244712.45820128737,312.4763101832837,264,24:54
77.2%,3862500,15450.000001312581,-1528068.8413071996,244173.53526974795,311.7881529461802,264,24:50
77.3%,3865000,15460.000001314618,-1531342.0715104276,242364.65576181677,309.4783727316414,264,24:47
77.3%,3867500,15470.000001316655,-1531705.5443919487,243369.038101519,310.76088074055224,264,24:44
77.4%,3870000,15480.000001318693,-1528354.2456194088,244237.55548421235,311.86990113562683,264,24:41
77.5%,3872500,15490.00000132073,-1529983.1884199549,244279.1847830775,311.92305809298205,264,24:37
77.5%,3875000,15500.000001322767,-1529153.7281996524,244492.3158655899,312.1952077609571,264,24:34
77.5%,3877500,15510.000001324805,-1530543.7099138973,243099.17706974986,310.4162919113226,264,24:31
77.6%,3880000,15520.000001326842,-1528224.7461676188,244053.69310498683,311.6351250303798,264,24:27
77.7%,3882500,15530.000001328879,-1526687.8493483067,243646.69890260996,311.11542918996577,264,24:24
77.7%,3885000,15540.000001330916,-1529548.4092884762,244797.6501746115,312.58509284877294,264,24:21
77.8%,3887500,15550.000001332954,-1527731.3647580594,243813.5776948778,311.32851874674185,264,24:18
77.8%,3890000,15560.00000133499,-1527203.8333742265,242174.81879406082,309.2359676017319,264,24:14
77.8%,3892500,15570.000001337028,-1530192.4857315067,243958.87683813364,311.51405298758556,264,24:11
77.9%,3895000,15580.000001339065,-1530751.522646281,244432.98324935226,312.1194452226224,264,24:08
78.0%,3897500,15590.000001341103,-1529581.4335001651,243917.7185782877,311.46149750567525,264,24:04
78.0%,3900000,15600.00000134314,-1529502.2269105809,244734.20389673382,312.504077525925,264,24:01
78.0%,3902500,15610.000001345177,-1529540.479415846,243360.43800894884,310.7498991778917,264,23:58
78.1%,3905000,15620.000001347214,-1529896.1075469842,244820.00157297918,312.6136336208313,264,23:55
78.2%,3907500,15630.000001349252,-1529919.895578376,243991.51286125838,311.55572632191445,264,23:51
78.2%,3910000,15640.000001351289,-1529147.1202721763,242765.03351055752,309.9896199420433,264,23:48
78.2%,3912500,15650.000001353326,-1528415.4734042333,244215.97527672676,311.8423451065728,264,23:45
78.3%,3915000,15660.000001355364,-1526621.3077432895,242574.9732994702,309.74692975001244,264,23:42
78.3%,3917500,15670.0000013574,-1529878.2090122085,242552.7579504184,309.718562700978,264,23:38
78.4%,3920000,15680.000001359438,-1530965.4848047215,244221.37288937048,311.84923738371754,264,23:35
78.5%,3922500,15690.000001361475,-1529162.1882887771,242280.69319937783,309.3711599158441,264,23:32
78.5%,3925000,15700.000001363513,-1530469.2265458154,245254.20765113123,313.1680766359413,264,23:28
78.5%,3927500,15710.00000136555,-1529382.5695467088,243833.05467452272,311.3533891386201,264,23:25
78.6%,3930000,15720.000001367587,-1532361.2557109557,243120.37351002023,310.4433579033584,264,23:22
78.7%,3932500,15730.000001369624,-1528732.583740159,241869.91272083187,308.8466293334011,264,23:19
78.7%,3935000,15740.000001371662,-1530909.750582547,244453.3354663631,312.1454332157239,264,23:15
78.8%,3937500,15750.000001373699,-1528917.6070217593,243245.0780889159,310.6025946948266,264,23:12
78.8%,3940000,15760.000001375736,-1528457.1641812213,243466.4413327765,310.88525610961597,264,23:09
78.8%,3942500,15770.000001377774,-1529436.5023406893,244566.26520486438,312.289634570474,264,23:05
78.9%,3945000,15780.00000137981,-1530858.5253983336,244654.02528548444,312.4016964833619,264,23:02
79.0%,3947500,15790.000001381848,-1530889.3758291155,242643.88018357745,309.83491778728,264,22:59
79.0%,3950000,15800.000001383885,-1529698.2686672732,244798.1151514522,312.58568658334843,264,22:56
79.0%,3952500,15810.000001385923,-1526765.044138912,244282.2932794326,311.92702736973405,264,22:52
79.1%,3955000,15820.00000138796,-1529113.9627831401,243948.8220265433,311.50121387653894,264,22:49
79.2%,3957500,15830.000001389997,-1528792.2432414154,242945.8783785802,310.2205429505844,264,22:46
79.2%,3960000,15840.000001392034,-1530109.9886718392,243709.22046624508,311.19526373396565,264,22:43
79.2%,3962500,15850.000001394072,-1531086.2229703274,244091.39167103206,311.6832627872542,264,22:39
79.3%,3965000,15860.000001396109,-1531141.0645789485,242572.9541993225,309.7443515365096,264,22:36
79.3%,3967500,15870.000001398146,-1528798.5316008637,244457.2376359006,312.1504159434026,264,22:33
79.4%,3970000,15880.000001400183,-1531010.2404984403,244300.13704723938,311.949812293579,264,22:29
79.5%,3972500,15890.00000140222,-1530590.4498868426,243898.6319937968,311.437125614111,264,22:26
79.5%,3975000,15900.000001404258,-1530874.9827780873,243575.97361685935,311.02511921355324,264,22:23
79.5%,3977500,15910.000001406295,-1530241.0978699746,244608.05817491,312.34300052154754,264,22:20
79.6%,3980000,15920.000001408333,-1529118.0946392212,243830.10928144824,311.3496281304282,264,22:16
79.7%,3982500,15930.00000141037,-1529478.785659519,242839.85137440375,310.08515578113503,264,22:13
79.7%,3985000,15940.000001412407,-1528001.1151208906,243678.20203820805,311.15565592645174,264,22:10
79.8%,3987500,15950.000001414444,-1530447.5538542848,243439.71436023823,310.8511281137529,264,22:06
79.8%,3990000,15960.000001416482,-1529400.1166295372,242323.14286422904,309.4253644084912,264,22:03
79.8%,3992500,15970.000001418519,-1528200.7324098563,243856.9916259597,311.383954522651,264,22:00
79.9%,3995000,15980.000001420556,-1530452.4469813518,243947.79377086402,311.4999008843728,264,21:57
80.0%,3997500,15990.000001422593,-1528409.0655698813,243107.62171588937,310.4270749825478,264,21:53
80.0%,4000000,16000.00000142463,-1526875.627917109,243782.98390778364,311.2894531684056,264,21:50
80.0%,4002500,16010.000001426668,-1529098.4006772116,244525.2250329055,312.237229876421,264,21:47
80.1%,4005000,16020.000001428705,-1528007.1273504943,243720.83313817048,311.2100920957961,264,21:44
80.2%,4007500,16030.000001430742,-1529137.0822444754,244531.8348022548,312.24566997118615,264,21:40
80.2%,4010000,16040.00000143278,-1530308.3923125817,244231.43632398953,311.8620875056143,264,21:37
80.2%,4012500,16050.000001434817,-1529596.8058969378,244090.5093866757,311.6821361876432,264,21:34
80.3%,4015000,16060.000001436854,-1529686.8321023127,245669.88686782768,313.69886247662924,264,21:30
80.3%,4017500,16070.000001438892,-1528828.356086405,243548.28706019014,310.98976591305814,264,21:27
80.4%,4020000,16080.000001440929,-1530548.83475558,243697.70006193948,311.1805531897797,264,21:24
80.5%,4022500,16090.000001442966,-1531225.8373941164,243072.6490465552,310.38241795629295,264,21:21
80.5%,4025000,16100.000001445003,-1527917.1125022266,244121.78242203832,311.7220691063437,264,21:17
80.5%,4027500,16110.00000144704,-1528169.3483274244,242806.85437692466,310.0430215142687,264,21:14
80.6%,4030000,16120.000001449078,-1528991.2180505907,242761.9917900799,309.98573593222034,264,21:11
80.7%,4032500,16130.000001451115,-1528976.442012623,243693.3125944184,311.1749507792113,264,21:07
80.7%,4035000,16140.000001453152,-1529232.9618922444,242329.96246180712,309.4340724354702,264,21:04
80.8%,4037500,16150.00000145519,-1528913.446711721,244332.10215851842,311.9906289324232,264,21:01
80.8%,4040000,16160.000001457227,-1529068.5457905233,245235.73571112682,313.14448959138736,264,20:58
80.8%,4042500,16170.000001459264,-1530168.9756275723,243936.70501247773,311.48574151410395,264,20:54
80.9%,4045000,16180.000001461302,-1529177.697989284,243930.49145102972,311.47780734202036,264,20:51
81.0%,4047500,16190.000001463339,-1529810.6594748534,244687.90506753186,312.4449579885661,264,20:48
81.0%,4050000,16200.000001465376,-1529181.4739002474,243689.9542633668,311.1706624855008,264,20:45
81.0%,4052500,16210.000001467413,-1528918.0265395017,244041.22924139892,311.61920977157695,264,20:41
81.1%,4055000,16220.00000146945,-1529577.8481444083,244640.40503727968,312.3843046229962,264,20:38
81.2%,4057500,16230.000001471488,-1529262.1951525742,245324.6395583123,313.258011993695,264,20:35
81.2%,4060000,16240.000001473525,-1528864.2392365,243303.63145994893,310.6773622054947,264,20:31
81.2%,4062500,16250.000001475562,-1529065.5292876605,242860.947083978,310.1120931489214,264,20:28
81.3%,4065000,16260.0000014776,-1527986.716019244,242891.19913194462,310.15072235641486,264,20:25
81.3%,4067500,16270.000001479637,-1529243.3411179185,244557.534045246,312.2784856467076,264,20:22
81.4%,4070000,16280.000001481674,-1527713.3600984989,243550.78666152863,310.99295768436775,264,20:18
81.5%,4072500,16290.000001483711,-1531678.2930289395,243729.7567618516,311.22148677926185,264,20:15
81.5%,4075000,16300.000001485749,-1528799.8210473228,243490.68435209483,310.91621231544207,264,20:12
81.5%,4077500,16310.000001487786,-1531525.1632281858,243336.17512684758,310.7189176090368,264,20:08
81.6%,4080000,16320.000001489823,-1531912.1691237157,244492.98771619744,312.1960656551583,264,20:05
81.7%,4082500,16330.00000149186,-1527853.1004165886,243960.11244488778,311.51563074885775,264,20:02
81.7%,4085000,16340.000001493898,-1529803.8625396425,243587.27759860537,311.0395534051442,264,19:59
81.8%,4087500,16350.000001495935,-1528748.5827524513,243128.97452579605,310.4543406448714,264,19:55
81.8%,4090000,16360.000001497972,-1530231.0649662511,243389.02203094203,310.7863984627596,264,19:52
81.8%,4092500,16370.00000150001,-1528882.594263088,243106.8035905103,310.4260303083143,264,19:49
81.9%,4095000,16380.000001502047,-1529124.4171772208,243954.65942434932,311.5086677206992,264,19:46
82.0%,4097500,16390.000001504082,-1529439.693714044,244130.58790482167,311.73331293426213,264,19:42
82.0%,4100000,16400.00000150612,-1528808.4986821488,244150.40602485026,311.7586189324399,264,19:39
82.0%,4102500,16410.000001508157,-1526835.8601578195,244651.01403617096,312.39785138253853,264,19:36
82.1%,4105000,16420.000001510194,-1529442.4877268542,242497.0748221911,309.6474602382108,264,19:33
82.2%,4107500,16430.00000151223,-1531235.6749774618,243123.3713089191,310.4471858291839,264,19:29
82.2%,4110000,16440.00000151427,-1529171.565080531,243665.29004713954,311.1391684482258,264,19:26
82.2%,4112500,16450.000001516306,-1530445.7831077343,243911.76646551577,311.45389718058175,264,19:23
82.3%,4115000,16460.000001518343,-1529050.4650529101,243608.56516295183,311.06673575461946,264,19:19
82.3%,4117500,16470.00000152038,-1528763.7811272684,243290.35616719196,310.6604108229301,264,19:16
82.4%,4120000,16480.000001522418,-1527136.619160057,243801.57161808858,311.31318804146247,264,19:13
82.5%,4122500,16490.000001524455,-1529638.6048039114,245516.60918970924,313.50314034771134,264,19:10
82.5%,4125000,16500.000001526492,-1527824.010891988,243401.30601328114,310.80208402901116,264,19:06
82.5%,4127500,16510.00000152853,-1526873.1098532584,243043.11466512375,310.34470514591504,264,19:03
82.6%,4130000,16520.000001530567,-1529654.2054287577,245670.77528341365,313.6999969052818,264,19:00
82.7%,4132500,16530.000001532604,-1529623.0703799846,244001.1287858349,311.5680050128024,264,18:56
82.7%,4135000,16540.00000153464,-1528321.3753823647,243377.94950142832,310.77225981533536,264,18:53
82.8%,4137500,16550.00000153668,-1527969.2005303195,243443.27418425586,310.8556736962791,264,18:50
82.8%,4140000,16560.000001538716,-1530181.7765223822,241939.25311196767,308.93517092105895,264,18:47
82.8%,4142500,16570.000001540753,-1529598.27269708,243273.81391280223,310.6392878173757,264,18:43
82.9%,4145000,16580.00000154279,-1528403.599250798,244252.46612180088,311.8889407098699,264,18:40
83.0%,4147500,16590.000001544828,-1530805.0471813101,242731.15427392814,309.9463591332901,264,18:37
83.0%,4150000,16600.000001546865,-1527609.1667108666,244111.76460294117,311.70927723146093,264,18:34
83.0%,4152500,16610.000001548902,-1529334.3710112926,242763.80158276015,309.9880468784757,264,18:30
83.1%,4155000,16620.00000155094,-1528723.88502168,241606.52424343268,308.51030538746295,264,18:27
83.2%,4157500,16630.000001552977,-1529366.2857354758,244773.54294713537,312.55431003719946,264,18:24
83.2%,4160000,16640.000001555014,-1529309.570246554,242455.6409508675,309.59455282465706,264,18:20
83.2%,4162500,16650.00000155705,-1528061.2524905587,244150.58136738918,311.75884282945754,264,18:17
83.3%,4165000,16660.00000155909,-1529100.4638369717,245350.27411048772,313.290745064728,264,18:14
83.3%,4167500,16670.000001561126,-1531382.1227043746,244908.6181786427,312.7267892409507,264,18:11
83.4%,4170000,16680.000001563163,-1527805.6882891273,243885.06224011714,311.4197982308176,264,18:07
83.5%,4172500,16690.0000015652,-1530545.6005212562,244104.90865006438,311.70052278195936,264,18:04
83.5%,4175000,16700.000001567238,-1531140.6040386185,242429.7852411127,309.5615373548247,264,18:01
83.5%,4177500,16710.000001569275,-1530290.993078716,242324.23389057623,309.42675755328565,264,17:58
83.6%,4180000,16720.000001571312,-1528777.9248132724,243136.40987948523,310.4638349383078,264,17:54
83.7%,4182500,16730.00000157335,-1528004.4548791246,242288.0523053992,309.38055684770734,264,17:51
83.7%,4185000,16740.000001575387,-1530380.5354565429,245069.10444741644,312.93171610683277,264,17:48
83.8%,4187500,16750.000001577424,-1528546.558257183,243914.96999224788,311.4579878027764,264,17:44
83.8%,4190000,16760.00000157946,-1530330.4216281222,243665.8963660362,311.1399426641894,264,17:41
83.8%,4192500,16770.0000015815,-1528964.6796541195,244295.47941336787,311.9438649043163,264,17:38
83.9%,4195000,16780.000001583536,-1528784.2163691306,242770.23724386533,309.9962646523092,264,17:35
84.0%,4197500,16790.000001585573,-1531217.2837079344,241938.85201703495,308.9346587580676,264,17:31
84.0%,4200000,16800.00000158761,-1527500.8755137352,243783.60865992654,311.29025092200516,264,17:28
84.0%,4202500,16810.000001589648,-1529755.132170719,245589.6579058338,313.5964171405889,264,17:25
84.1%,4205000,16820.000001591685,-1528899.451877704,244626.9568867103,312.3671325161913,264,17:22
84.2%,4207500,16830.000001593722,-1530694.9953433545,243282.70369817672,310.6506392922968,264,17:18
84.2%,4210000,16840.00000159576,-1529013.3424643297,244585.3763703,312.31403784974515,264,17:15
84.2%,4212500,16850.000001597797,-1529065.060219272,242152.95105150918,309.2080444156596,264,17:12
84.3%,4215000,16860.000001599834,-1528328.5441409433,244025.85635809312,311.59957995016293,264,17:08
84.3%,4217500,16870.00000160187,-1528850.782819572,241929.8433751067,308.92315551376936,264,17:05
84.4%,4220000,16880.00000160391,-1530081.6127677197,243591.89309431892,311.0454469876812,264,17:02
84.5%,4222500,16890.000001605946,-1528957.2745383317,242941.24044702522,310.21462071944893,264,16:59
84.5%,4225000,16900.000001607983,-1528419.5887518022,244046.81573722453,311.62634323595086,264,16:55
84.5%,4227500,16910.00000161002,-1530802.906493919,243332.76148530573,310.7145586886895,264,16:52
84.6%,4230000,16920.000001612058,-1530939.6781182615,243994.46486171,311.55949576714653,264,16:49
84.7%,4232500,16930.000001614095,-1529275.5027686488,242173.10352166567,309.23377734957666,264,16:46
84.7%,4235000,16940.000001616132,-1529257.6102506062,244081.57063847885,311.6707221914996,264,16:42
84.8%,4237500,16950.00000161817,-1529764.9429689664,243698.54208936414,311.1816283848256,264,16:39
84.8%,4240000,16960.000001620207,-1528903.0177014414,243493.80079537025,310.9201917397131,264,16:36
84.8%,4242500,16970.000001622244,-1527720.606612998,244017.27184010795,311.588618274879,264,16:33
84.9%,4245000,16980.00000162428,-1525663.5491414936,245235.49477036076,313.14418193119667,264,16:29
85.0%,4247500,16990.00000162632,-1529429.7279508673,243211.2423763044,310.5593894624204,264,16:26
85.0%,4250000,17000.000001628356,-1532520.2316536577,244527.62579403084,312.24029543746184,264,16:23
85.0%,4252500,17010.000001630393,-1530413.2873723097,244103.9943493656,311.69935530029187,264,16:19
85.1%,4255000,17020.00000163243,-1529114.135911609,242982.58616785644,310.26741557256827,264,16:16
85.2%,4257500,17030.000001634467,-1529734.0025174003,243728.48479174118,311.21986258517836,264,16:13
85.2%,4260000,17040.000001636505,-1530332.6060942821,245029.46633464342,312.88110171918385,264,16:10
85.2%,4262500,17050.000001638542,-1530850.800288532,244823.4446778072,312.6180301632065,264,16:06
85.3%,4265000,17060.00000164058,-1527375.0277538328,243430.13307868218,310.8388936589586,264,16:03
85.3%,4267500,17070.000001642617,-1530036.305513029,241693.58453278668,308.6214737283835,264,16:00
85.4%,4270000,17080.000001644654,-1529053.5127438642,244333.4116764695,311.99230107180045,264,15:57
85.5%,4272500,17090.00000164669,-1529406.5170656582,243411.1959556098,310.814712616495,264,15:53
85.5%,4275000,17100.00000164873,-1529322.1182298642,243592.0461892963,311.04564247651734,264,15:50
85.5%,4277500,17110.000001650766,-1527687.1152372165,244454.541617487,312.1469733647441,264,15:47
85.6%,4280000,17120.000001652803,-1531235.7147899922,243702.09817508477,311.1861691938749,264,15:43
85.7%,4282500,17130.00000165484,-1528024.3219774421,243711.7974925987,311.1985543702175,264,15:40
85.7%,4285000,17140.000001656877,-1528962.6106421556,243866.15666334628,311.3956574702095,264,15:37
85.8%,4287500,17150.000001658915,-1529015.5755354278,243959.62753883132,311.5150115664245,264,15:34
85.8%,4290000,17160.000001660952,-1529512.901864607,244130.90252860147,311.733714681188,264,15:30
85.8%,4292500,17170.00000166299,-1528914.572671257,243034.10512140032,310.3332007501037,264,15:27
85.9%,4295000,17180.000001665027,-1528042.844789287,244662.91977412868,312.41305396394523,264,15:24
86.0%,4297500,17190.000001667064,-1528037.1387081333,243672.72498004948,311.14866220436403,264,15:20
86.0%,4300000,17200.0000016691,-1526622.508922589,242472.91116096702,309.61660536569906,264,15:17
86.0%,4302500,17210.00000167114,-1530688.3796825428,245484.68682447312,313.46237829180853,264,15:14
86.1%,4305000,17220.000001673176,-1530499.5396602536,243769.31107732616,311.27199416512263,264,15:11
86.2%,4307500,17230.000001675213,-1529114.1923743654,244763.7816047058,312.5418456604887,264,15:07
86.2%,4310000,17240.00000167725,-1527415.7098264946,243213.82976307435,310.56269332801367,264,15:04
86.2%,4312500,17250.000001679287,-1527739.4739715187,242416.39827352334,309.5444433733101,264,15:01
86.3%,4315000,17260.000001681325,-1527158.2767923428,244194.67460039415,311.81514601424317,264,14:57
86.3%,4317500,17270.000001683362,-1527456.664881249,243848.35886746272,311.37293124847173,264,14:54
86.4%,4320000,17280.0000016854,-1528592.4718573028,244206.9932514782,311.83087584943615,264,14:51
86.5%,4322500,17290.000001687436,-1529660.7670858875,243294.32401575206,310.66547741695047,264,14:48
86.5%,4325000,17300.000001689474,-1530592.0395029318,244409.08498418162,312.0889292375549,264,14:44
86.5%,4327500,17310.00000169151,-1529887.6432551034,244552.60218886973,312.27218809939785,264,14:41
86.6%,4330000,17320.00000169355,-1530829.6276644003,244271.56615966413,311.9133297802088,264,14:38
86.7%,4332500,17330.000001695586,-1531307.7598117907,244482.8817619807,312.1831612394708,264,14:35
86.7%,4335000,17340.000001697623,-1527658.7235346707,243192.77417994646,310.53580719817415,264,14:31
86.8%,4337500,17350.00000169966,-1531164.7241961025,243269.32812955472,310.63355986626215,264,14:28
86.8%,4340000,17360.000001701697,-1530698.7982273996,243073.9308554085,310.3840547135867,264,14:25
86.8%,4342500,17370.000001703735,-1528353.8295771098,243784.3379484149,311.29118215933397,264,14:21
86.9%,4345000,17380.000001705772,-1528709.3520963984,243504.95444077373,310.9344339650023,264,14:18
87.0%,4347500,17390.00000170781,-1532059.946005852,243375.5918188637,310.76924926183193,264,14:15
87.0%,4350000,17400.000001709846,-1529598.8595182672,243385.37332760356,310.7817393891492,264,14:12
87.0%,4352500,17410.000001711884,-1529645.1222704845,244005.1219308254,311.57310390814195,264,14:08
87.1%,4355000,17420.00000171392,-1528014.0385539383,243146.83968531765,310.47715288405686,264,14:05
87.2%,4357500,17430.00000171596,-1526539.9430328524,244605.10696910974,312.3392320910155,264,14:02
87.2%,4360000,17440.000001717995,-1529549.109897743,243626.21415257512,311.0892719638361,264,13:58
87.2%,4362500,17450.000001720033,-1529249.7219354352,244339.19211499824,311.99968218396765,264,13:55
87.3%,4365000,17460.00000172207,-1528892.9617325952,243575.90032842394,311.0250256306599,264,13:52
87.3%,4367500,17470.000001724107,-1528543.1659185784,242497.6185589069,309.6481545422274,264,13:49
87.4%,4370000,17480.000001726145,-1530687.5227942094,243365.18681354407,310.7559629841589,264,13:45
87.5%,4372500,17490.00000172818,-1531966.354148142,244268.7079075681,311.9096800433908,264,13:42
87.5%,4375000,17500.00000173022,-1527432.6666113734,243104.35688399285,310.42290607904414,264,13:39
87.5%,4377500,17510.000001732256,-1529292.7412696294,242788.03961702788,310.0189967188302,264,13:36
87.6%,4380000,17520.000001734294,-1528605.283486099,244377.47978422203,312.0485721738461,264,13:32
87.7%,4382500,17530.00000173633,-1528722.380885331,243646.83470033942,311.1156025917359,264,13:29
87.7%,4385000,17540.000001738368,-1529669.2448085407,244940.71394445223,312.7677727141518,264,13:26
87.8%,4387500,17550.000001740405,-1529794.1170916678,243804.15584141825,311.31648786762037,264,13:22
87.8%,4390000,17560.000001742443,-1531310.691527797,242821.3173510673,310.06148946162034,264,13:19
87.8%,4392500,17570.00000174448,-1527570.1729178801,243631.3894130952,311.09588031685354,264,13:16
87.9%,4395000,17580.000001746517,-1528318.6487262053,243211.29602272663,310.5594579641886,264,13:13
88.0%,4397500,17590.000001748554,-1529468.9291580832,244314.80735365435,311.96854498602755,264,13:09
88.0%,4400000,17600.00000175059,-1529050.3953825487,244051.03643863671,311.6317327008492,264,13:06
88.0%,4402500,17610.00000175263,-1530365.0447810944,244715.37727153345,312.4800375795363,264,13:03
88.1%,4405000,17620.000001754666,-1529630.309149853,244210.7868429865,311.83571993251053,264,12:59
88.2%,4407500,17630.000001756704,-1532638.323708007,243405.8993325193,310.80794929413736,264,12:56
88.2%,4410000,17640.00000175874,-1531830.372418113,243825.24538849722,311.34341736644166,264,12:53
88.2%,4412500,17650.000001760778,-1531056.130113599,242813.29794324492,310.0512493823673,264,12:50
88.3%,4415000,17660.000001762815,-1528643.6556575634,244542.35177089064,312.25909921617756,264,12:46
88.3%,4417500,17670.000001764853,-1528332.8648003712,244402.83861641205,312.0809531746808,264,12:43
88.4%,4420000,17680.00000176689,-1527259.618509598,243764.20513415724,311.2654743242729,264,12:40
88.5%,4422500,17690.000001768927,-1530634.7510853466,244357.42973188384,312.0229700184851,264,12:37
88.5%,4425000,17700.000001770964,-1530936.899625183,243719.55124137906,311.20845522621306,264,12:33
88.5%,4427500,17710.000001773,-1527929.6725074658,243074.8259776414,310.3851977060382,264,12:30
88.6%,4430000,17720.00000177504,-1529590.372874476,242769.58006205462,309.9954254888729,264,12:27
88.7%,4432500,17730.000001777076,-1528609.3042381639,244605.06794006936,312.3391822543598,264,12:23
88.7%,4435000,17740.000001779114,-1529777.2758979844,243644.0502052327,311.1120470361133,264,12:20
88.8%,4437500,17750.00000178115,-1529252.344582609,244341.29687604948,312.0023697789187,264,12:17
88.8%,4440000,17760.000001783188,-1526824.2092313021,243745.08091527203,311.2410543768934,264,12:14
88.8%,4442500,17770.000001785225,-1529083.6080997325,242934.11659082735,310.2055241809427,264,12:10
88.9%,4445000,17780.000001787263,-1529376.5508303111,242912.32466684372,310.17769780852075,264,12:07
89.0%,4447500,17790.0000017893,-1530743.13046512,244715.91335481976,312.4807221107959,264,12:04
89.0%,4450000,17800.000001791337,-1527460.2549003214,244232.06032407592,311.86288429890374,264,12:00
89.0%,4452500,17810.000001793374,-1527595.4850644348,245030.9942766034,312.88305276683104,264,11:57
89.1%,4455000,17820.00000179541,-1529503.0573741058,242990.1742727312,310.2771049158489,264,11:54
89.2%,4457500,17830.00000179745,-1529656.9837059136,245533.6863154846,313.5249463370346,264,11:51
89.2%,4460000,17840.000001799486,-1527734.7692600815,244390.45094089286,312.0651352013482,264,11:47
89.2%,4462500,17850.000001801523,-1528791.41492916,243036.69534329788,310.3365082359058,264,11:44
89.3%,4465000,17860.00000180356,-1528359.566780665,243140.017169981,310.4684411313564,264,11:41
89.3%,4467500,17870.000001805598,-1528595.5786689343,243576.25909563695,311.02548374487185,264,11:38
89.4%,4470000,17880.000001807635,-1528586.1831000075,244232.0842511818,311.86291485171586,264,11:34
89.5%,4472500,17890.000001809673,-1528514.7233824711,243330.81599930133,310.7120744739804,264,11:31
89.5%,4475000,17900.00000181171,-1528792.5410515908,243832.82087052014,311.3530905914494,264,11:28
89.5%,4477500,17910.000001813747,-1528595.6247175885,243495.92073485325,310.922898716188,264,11:24
89.6%,4480000,17920.000001815784,-1527048.3800188908,242808.01733219606,310.0445065059801,264,11:21
89.7%,4482500,17930.00000181782,-1530432.3295361968,244096.1762887594,311.6893723237447,264,11:18
89.7%,4485000,17940.00000181986,-1526769.0883263564,243974.95533618942,311.5345838170443,264,11:15
89.8%,4487500,17950.000001821896,-1528064.8334202487,241497.2223750534,308.3707365041362,264,11:11
89.8%,4490000,17960.000001823933,-1530756.2559516784,244097.64346734388,311.6912457818998,264,11:08
89.8%,4492500,17970.00000182597,-1528835.8262167312,243353.9756024647,310.74164725255895,264,11:05
89.9%,4495000,17980.000001828008,-1530359.9714365639,243282.06032814304,310.64981776528634,264,11:02
90.0%,4497500,17990.000001830045,-1527876.9594485369,243173.2604183876,310.5108898390232,264,10:58
90.0%,4500000,18000.000001832082,-1527311.104193978,244354.0156871947,312.01861058335425,264,10:55
90.0%,4502500,18010.00000183412,-1529000.3455510587,244096.45075029216,311.68972278700954,264,10:52
90.1%,4505000,18020.000001836157,-1528231.2398633733,245650.02613725688,313.6735020685327,264,10:48
90.2%,4507500,18030.000001838194,-1530964.156861269,243756.8732651523,311.25611217168677,264,10:45
90.2%,4510000,18040.00000184023,-1528833.518741686,242196.60970350873,309.2637926786809,264,10:42
90.2%,4512500,18050.00000184227,-1527159.4864154523,244669.22102250656,312.4211001045347,264,10:39
90.3%,4515000,18060.000001844306,-1527318.8250334132,243197.46708390053,310.5417996242336,264,10:35
90.3%,4517500,18070.000001846343,-1531309.9742078967,243464.70606707747,310.88304032776813,264,10:32
90.4%,4520000,18080.00000184838,-1528785.4223153265,243236.62605497811,310.591802190032,264,10:29
90.5%,4522500,18090.000001850418,-1530374.5963611417,244164.11709471856,311.7761267640909,264,10:25
90.5%,4525000,18100.000001852455,-1527625.5201428859,244428.40446261968,312.11359851422907,264,10:22
90.5%,4527500,18110.000001854492,-1528565.1033688989,243905.90739010499,311.4464156560247,264,10:19
90.6%,4530000,18120.00000185653,-1531087.6720065987,243415.30501337347,310.81995952226254,264,10:16
90.7%,4532500,18130.000001858567,-1528202.4939612607,243431.15331640356,310.840196412897,264,10:12
90.7%,4535000,18140.000001860604,-1529040.0990527002,243260.44078397218,310.622211506741,264,10:09
90.8%,4537500,18150.00000186264,-1528347.7363705346,243523.3042049319,310.95786500173426,264,10:06
90.8%,4540000,18160.00000186468,-1530409.266106761,244034.9579975756,311.61120194416765,264,10:03
90.8%,4542500,18170.000001866716,-1527474.761307072,243342.03635255375,310.7264018793322,264,9:59
90.9%,4545000,18180.000001868753,-1530414.6925191758,244283.04721826932,311.92799008339205,264,9:56
91.0%,4547500,18190.00000187079,-1528118.6603671424,244414.2912025811,312.09557712106454,264,9:53
91.0%,4550000,18200.000001872828,-1526729.1973778447,243975.16572274698,311.53485246219503,264,9:49
91.0%,4552500,18210.000001874865,-1530115.4710420342,244367.91799576284,312.03636261002396,264,9:46
91.1%,4555000,18220.000001876902,-1528268.314880047,243534.7098438404,310.97242900059075,264,9:43
91.2%,4557500,18230.00000187894,-1530789.174897422,242860.90419394942,310.11203838212293,264,9:40
91.2%,4560000,18240.000001880977,-1530338.2342670904,243143.2209783038,310.47253211311767,264,9:36
91.2%,4562500,18250.000001883014,-1528846.6700174278,244689.58109805378,312.4470981322968,264,9:33
91.3%,4565000,18260.00000188505,-1528073.8857173733,243557.92887546166,311.002077664089,264,9:30
91.3%,4567500,18270.00000188709,-1530207.3086115243,244137.80469217006,311.7425281376833,264,9:26
91.4%,4570000,18280.000001889126,-1530143.287182643,243894.68246289605,311.4320824101323,264,9:23
91.5%,4572500,18290.000001891163,-1528465.405013565,244399.64513932687,312.0768753850024,264,9:20
91.5%,4575000,18300.0000018932,-1528770.155426505,244778.30814908416,312.5603947814466,264,9:17
91.5%,4577500,18310.000001895238,-1528140.5485862857,243569.57678017835,311.0169510150986,264,9:13
91.6%,4580000,18320.000001897275,-1528796.9188586315,244538.114862343,312.2536890561911,264,9:10
91.7%,4582500,18330.000001899312,-1527978.1919221552,243541.50893745787,310.9811108458135,264,9:07
91.7%,4585000,18340.00000190135,-1528378.3133564992,243132.77377079087,310.45919194695136,264,9:03
91.8%,4587500,18350.000001903387,-1528644.3828991912,243843.38380378578,311.3665785292349,264,9:00
91.8%,4590000,18360.000001905424,-1530488.288635104,242316.6434197391,309.4170651888789,264,8:57
91.8%,4592500,18370.00000190746,-1529241.8047387386,243609.23772489224,311.0675945571302,264,8:54
91.9%,4595000,18380.0000019095,-1530152.7475640783,242800.4560908783,310.03485146510167,264,8:50
92.0%,4597500,18390.000001911536,-1529803.838651375,241732.4744159068,308.67113269250063,264,8:47
92.0%,4600000,18400.000001913573,-1526738.3331650235,244248.84013017133,311.88431063711647,264,8:44
92.0%,4602500,18410.00000191561,-1530064.3135138368,243139.46763093938,310.46773941827945,264,8:41
92.1%,4605000,18420.000001917648,-1526690.599664351,243480.5191821065,310.90323228641665,264,8:37
92.2%,4607500,18430.000001919685,-1529825.401616633,242917.66769056633,310.18452038040914,264,8:34
92.2%,4610000,18440.000001921722,-1527370.909322448,243758.92812616166,311.25873604866814,264,8:31
92.2%,4612500,18450.00000192376,-1529913.8379696244,243734.91191855457,311.228069461471,264,8:27
92.3%,4615000,18460.000001925797,-1529364.090417971,244391.91173427095,312.06700050615564,264,8:24
92.3%,4617500,18470.000001927834,-1528705.0438188072,243247.64262821613,310.6058693862082,264,8:21
92.4%,4620000,18480.00000192987,-1529737.710757615,244586.09512697568,312.31495563887444,264,8:18
92.5%,4622500,18490.00000193191,-1527951.8560085949,242878.29738289278,310.13424795634444,264,8:14
92.5%,4625000,18500.000001933946,-1528169.0454038717,243133.78209665045,310.4604794904887,264,8:11
92.5%,4627500,18510.000001935983,-1530562.119020219,243808.96747629426,311.32263190263626,264,8:08
92.6%,4630000,18520.00000193802,-1527955.753046602,243745.2851892127,311.24131521676935,264,8:04
92.7%,4632500,18530.000001940058,-1528601.4719172213,244859.6377531992,312.6642455407799,264,8:01
92.7%,4635000,18540.000001942095,-1529208.4639077447,242551.14797585458,309.7165069049025,264,7:58
92.8%,4637500,18550.000001944132,-1527726.8035711078,244097.9545110804,311.6916429574249,264,7:55
92.8%,4640000,18560.00000194617,-1527238.321496646,243748.21781648858,311.24505992415794,264,7:51
92.8%,4642500,18570.000001948207,-1529195.9370734822,243727.16758655646,311.2181806298791,264,7:48
92.9%,4645000,18580.000001950244,-1528487.783707478,244441.79748182785,312.13070022312917,264,7:45
93.0%,4647500,18590.00000195228,-1527623.2958812453,243446.20533955185,310.85941652407865,264,7:42
93.0%,4650000,18600.00000195432,-1530174.471455018,244008.7599129379,311.5777492916888,264,7:38
93.0%,4652500,18610.000001956356,-1529457.9240513314,244552.30027957007,312.2718025877461,264,7:35
93.1%,4655000,18620.000001958393,-1528057.9287434267,243119.41149887582,310.44212949964333,264,7:32
93.2%,4657500,18630.00000196043,-1529797.1944692973,243503.02192934338,310.9319663176844,264,7:28
93.2%,4660000,18640.000001962468,-1528080.581162517,241981.21173241807,308.98874839314635,264,7:25
93.2%,4662500,18650.000001964505,-1529483.2503054505,244630.07055239298,312.3711083937205,264,7:22
93.3%,4665000,18660.000001966542,-1531067.5138845593,242805.77851026703,310.04164772706594,264,7:19
93.3%,4667500,18670.00000196858,-1527122.0876556262,244047.9608543703,311.627805449943,264,7:15
93.4%,4670000,18680.000001970617,-1530080.6190222567,244329.13205877523,311.9868363759859,264,7:12
93.5%,4672500,18690.000001972654,-1527867.8467159271,244809.35822497428,312.6000430004885,264,7:09
93.5%,4675000,18700.00000197469,-1528850.543813954,244701.3670506394,312.46214775830697,264,7:05
93.5%,4677500,18710.00000197673,-1530249.814072908,243373.8536606426,310.7670297864875,264,7:02
93.6%,4680000,18720.000001978766,-1529380.222231592,244477.49926996557,312.1762882700403,264,6:59
93.7%,4682500,18730.000001980803,-1531540.7734698718,242694.348001129,309.8993607564996,264,6:56
93.7%,4685000,18740.00000198284,-1529023.208168026,243291.03778468556,310.66128118858666,264,6:52
93.8%,4687500,18750.000001984878,-1527762.74072559,243202.0023967902,310.5475908203489,264,6:49
93.8%,4690000,18760.000001986915,-1526529.3684785245,242346.93021294643,309.4557387629923,264,6:46
93.8%,4692500,18770.000001988952,-1532299.6734246714,242814.5711918132,310.05287520892915,264,6:43
93.9%,4695000,18780.00000199099,-1527398.9961801423,241908.07874617632,308.89536399473246,264,6:39
94.0%,4697500,18790.000001993027,-1530846.3204624653,243315.17248071206,310.69209907508576,264,6:36
94.0%,4700000,18800.000001995064,-1528406.627324501,244420.79593457564,312.1038830923556,264,6:33
94.0%,4702500,18810.0000019971,-1529174.120983391,243236.8859624194,310.5921340690007,264,6:29
94.1%,4705000,18820.00000199914,-1525674.4563600253,243428.39761834205,310.8366776285712,264,6:26
94.2%,4707500,18830.000002001176,-1529663.2919720234,244594.5486946348,312.32575010209644,264,6:23
94.2%,4710000,18840.000002003213,-1531258.0439650537,242899.2742523633,310.16103357575884,264,6:20
94.2%,4712500,18850.00000200525,-1529736.2323046708,243372.22896014233,310.7649551866849,264,6:16
94.3%,4715000,18860.000002007288,-1530376.0017370665,243823.5022540267,311.34119153686396,264,6:13
94.3%,4717500,18870.000002009325,-1529080.269653947,241913.0567093269,308.90172041634236,264,6:10
94.4%,4720000,18880.000002011362,-1530067.4738027109,243165.1112087464,310.50048401425113,264,6:06
94.5%,4722500,18890.0000020134,-1529831.0109944725,243803.57964226906,311.31575211192825,264,6:03
94.5%,4725000,18900.000002015437,-1528210.5429331306,244254.05947498203,311.8909752819,264,6:00
94.5%,4727500,18910.000002017474,-1529706.429674822,242525.41624864153,309.6836497498836,264,5:57
94.6%,4730000,18920.00000201951,-1530621.8584360788,243427.72179060662,310.8358146559272,264,5:53
94.7%,4732500,18930.00000202155,-1527841.1785306176,245019.6128926874,312.8685197394691,264,5:50
94.7%,4735000,18940.000002023586,-1530456.8501681602,243633.8053159591,311.0989652125642,264,5:47
94.8%,4737500,18950.000002025623,-1530280.2775689764,243965.83288166192,311.52293524405576,264,5:44
94.8%,4740000,18960.00000202766,-1530743.009951191,244633.62271242123,312.37564419000546,264,5:40
94.8%,4742500,18970.000002029697,-1528724.10736088,244227.32181801804,311.85683364296403,264,5:37
94.9%,4745000,18980.000002031735,-1529753.2433770653,243312.2771753837,310.6884020245452,264,5:34
95.0%,4747500,18990.000002033772,-1529407.3573331274,242709.63102560333,309.9188758360803,264,5:30
95.0%,4750000,19000.00000203581,-1529262.1161910286,243215.53198375728,310.5648669142791,264,5:27
95.0%,4752500,19010.000002037847,-1527802.3957568938,243012.24876952614,310.3052921089257,264,5:24
95.1%,4755000,19020.000002039884,-1528812.6569342948,243915.2338837444,311.45832476903354,264,5:21
95.2%,4757500,19030.00000204192,-1528720.6510676173,244626.81016186264,312.3669451614512,264,5:17
95.2%,4760000,19040.00000204396,-1529066.0151080787,243984.37659510836,311.5466139369896,264,5:14
95.2%,4762500,19050.000002045996,-1527437.1258619595,243177.761256539,310.5166370139264,264,5:11
95.3%,4765000,19060.000002048033,-1529233.5194429122,243675.42760831234,311.1521132232193,264,5:08
95.3%,4767500,19070.00000205007,-1528576.6774119232,243261.12270182924,310.6230822559354,264,5:04
95.4%,4770000,19080.000002052107,-1529291.3171148095,243757.34382754422,311.2567130385205,264,5:01
95.5%,4772500,19090.000002054145,-1528718.8603267968,244473.5037663473,312.17118636294026,264,4:58
95.5%,4775000,19100.000002056182,-1528229.9619592987,243966.52834292565,311.5238232869906,264,4:54
95.5%,4777500,19110.00000205822,-1526774.5976045076,244324.43721938512,311.9808414785446,264,4:51
95.6%,4780000,19120.000002060257,-1529436.3229393028,243407.06475743407,310.8094374393664,264,4:48
95.7%,4782500,19130.000002062294,-1527279.9375154497,242898.18968232017,310.15964867509746,264,4:45
95.7%,4785000,19140.00000206433,-1526316.7001168784,243482.7423161592,310.9060710332909,264,4:41
95.8%,4787500,19150.00000206637,-1529721.4938906003,244468.6300603277,312.16496306852724,264,4:38
95.8%,4790000,19160.000002068406,-1529630.7096658312,241488.78666981295,308.35996484965364,264,4:35
95.8%,4792500,19170.000002070443,-1527723.6156776464,244534.3092024317,312.2488295628264,264,4:31
95.9%,4795000,19180.00000207248,-1527240.527173602,244436.93759051015,312.1244945688768,264,4:28
96.0%,4797500,19190.000002074517,-1529312.0476519642,244200.63191478752,311.8227529813503,264,4:25
96.0%,4800000,19200.000002076555,-1529061.0347384224,244120.78899101607,311.720800582205,264,4:22
96.0%,4802500,19210.000002078592,-1530547.7739025215,244205.7999932724,311.8293521635397,264,4:18
96.1%,4805000,19220.00000208063,-1525687.6404396389,244171.78934464697,311.7859235532126,264,4:15
96.2%,4807500,19230.000002082666,-1528227.0664333208,244214.00645437848,311.83983109340267,264,4:12
96.2%,4810000,19240.000002084704,-1529657.0580879245,243415.69784961868,310.8204611396355,264,4:09
96.2%,4812500,19250.00000208674,-1529188.6359049324,245374.9881380542,313.3223027067072,264,4:05
96.3%,4815000,19260.00000208878,-1529195.6129858084,242543.61572042055,309.70688887645116,264,4:02
96.3%,4817500,19270.000002090816,-1530024.7209588634,244476.80391106868,312.175400357819,264,3:59
96.4%,4820000,19280.000002092853,-1530864.8943338227,244454.95024403592,312.14749514494764,264,3:55
96.5%,4822500,19290.00000209489,-1530898.4201501794,242616.74144934674,309.8002640079106,264,3:52
96.5%,4825000,19300.000002096927,-1530090.3677521404,243850.00203116605,311.37502942416256,264,3:49
96.5%,4827500,19310.000002098965,-1530616.5896395212,243086.64905822836,310.4002947412442,264,3:46
96.6%,4830000,19320.000002101002,-1526670.9214145942,242725.2176969952,309.9387786460981,264,3:42
96.7%,4832500,19330.00000210304,-1527398.910198342,243590.30342982072,311.0434171257752,264,3:39
96.7%,4835000,19340.000002105076,-1529773.531949373,242166.92613698836,309.2258893720509,264,3:36
96.8%,4837500,19350.000002107114,-1529880.8988558613,242959.35030201694,310.2377454132523,264,3:32
96.8%,4840000,19360.00000210915,-1527370.8948628716,243171.818863002,310.509049099442,264,3:29
96.8%,4842500,19370.00000211119,-1530507.9239523448,245049.07724236738,312.9061431254529,264,3:26
96.9%,4845000,19380.000002113225,-1529770.218678629,243984.60183944332,311.5469015542168,264,3:23
97.0%,4847500,19390.000002115263,-1529154.9287823392,243240.5442304128,310.5968053558352,264,3:19
97.0%,4850000,19400.0000021173,-1528778.805803069,243386.81806633706,310.7835841935859,264,3:16
97.0%,4852500,19410.000002119337,-1528582.1098670932,244176.77442139515,311.7922890582617,264,3:13
97.1%,4855000,19420.000002121375,-1528448.5353304269,244253.27139608742,311.88996897438744,264,3:10
97.2%,4857500,19430.000002123412,-1530428.4242126765,244120.67705906747,311.72065765494034,264,3:06
97.2%,4860000,19440.00000212545,-1529776.3186146934,244525.71726029023,312.2378584075472,264,3:03
97.2%,4862500,19450.000002127486,-1529100.7989350716,242383.45956220521,309.50238353275057,264,3:00
97.3%,4865000,19460.000002129524,-1528712.381220216,244166.06844362197,311.77861846520705,264,2:56
97.3%,4867500,19470.00000213156,-1528542.021971682,243581.91280490026,311.03270303490075,264,2:53
97.4%,4870000,19480.000002133598,-1529718.7258547684,244286.16853743955,311.93197573375244,264,2:50
97.5%,4872500,19490.000002135635,-1528675.2065000273,243254.3962327291,310.6144931458409,264,2:47
97.5%,4875000,19500.000002137673,-1528320.8102027858,243578.13881300294,311.0278839788077,264,2:43
97.5%,4877500,19510.00000213971,-1527502.8677747454,244307.64690050384,311.9594017164279,264,2:40
97.6%,4880000,19520.000002141747,-1531736.5695602987,243659.8139998019,311.1321760168677,264,2:37
97.7%,4882500,19530.000002143785,-1530979.9477132298,243025.07900023885,310.32167518636027,264,2:33
97.7%,4885000,19540.00000214582,-1528967.3736072136,243240.31817178236,310.59651669882425,264,2:30
97.8%,4887500,19550.00000214786,-1529304.439792391,244336.9051082895,311.9967618773231,264,2:27
97.8%,4890000,19560.000002149896,-1527976.7893234026,243229.01847769826,310.5820879822009,264,2:24
97.8%,4892500,19570.000002151934,-1529516.6867507445,243125.67720248786,310.4501302526895,264,2:20
97.9%,4895000,19580.00000215397,-1530111.7160332315,243925.59527059106,311.47155534974866,264,2:17
98.0%,4897500,19590.000002156008,-1531358.7080142964,243566.34710098532,311.0128269985089,264,2:14
98.0%,4900000,19600.000002158045,-1530118.6115405327,244078.81295547896,311.6672008725819,264,2:11
98.0%,4902500,19610.000002160083,-1528010.7768528974,243414.33859603526,310.81872549222516,264,2:07
98.1%,4905000,19620.00000216212,-1528622.0522573804,243877.2380296597,311.4098074014507,264,2:04
98.2%,4907500,19630.000002164157,-1530755.8321935246,245098.40246913012,312.96912710661616,264,2:01
98.2%,4910000,19640.000002166194,-1529357.2128385939,242017.02108102688,309.03447378532945,264,1:57
98.2%,4912500,19650.00000216823,-1528308.1279441332,244592.8427492372,312.3235717596976,264,1:54
98.3%,4915000,19660.00000217027,-1527812.049609689,243289.2816530415,310.6590387627602,264,1:51
98.3%,4917500,19670.000002172306,-1532206.388711105,243250.20327333812,310.6091391050664,264,1:48
98.4%,4920000,19680.000002174344,-1532034.858245831,243954.71687647386,311.5087410820148,264,1:44
98.5%,4922500,19690.00000217638,-1529525.6858079238,244474.79898645193,312.17284024522377,264,1:41
98.5%,4925000,19700.000002178418,-1524269.4118658807,243064.80696188816,310.37240430313074,264,1:38
98.5%,4927500,19710.000002180455,-1528674.2730917512,244509.5176011377,312.21717286601233,264,1:35
98.6%,4930000,19720.000002182493,-1529392.9437402217,245251.41860277468,313.16451526621876,264,1:31
98.7%,4932500,19730.00000218453,-1530203.8079576725,243512.81664490985,310.94447330895895,264,1:28
98.7%,4935000,19740.000002186567,-1528550.7587618297,243607.60462612193,311.0655092334746,264,1:25
98.8%,4937500,19750.000002188604,-1528860.038676842,243769.0102269363,311.27161000560574,264,1:21
98.8%,4940000,19760.00000219064,-1529846.713075689,243514.69160767313,310.9468674716849,264,1:18
98.8%,4942500,19770.00000219268,-1529698.3062775666,245004.09822610492,312.848708873267,264,1:15
98.9%,4945000,19780.000002194716,-1528395.76467878,243765.37825603294,311.26697229784486,264,1:12
99.0%,4947500,19790.000002196753,-1529638.1909944862,242962.22987194656,310.241422371071,264,1:08
99.0%,4950000,19800.00000219879,-1528126.9581833286,244574.36398252868,312.29997599804227,264,1:05
99.0%,4952500,19810.000002200828,-1528883.340945513,243706.39368585317,311.1916541837488,264,1:02
99.1%,4955000,19820.000002202865,-1528750.6517317547,244937.0158189347,312.7630505327606,264,0:58
99.2%,4957500,19830.000002204903,-1528420.8331853207,243067.7039138103,310.3761034562269,264,0:55
99.2%,4960000,19840.00000220694,-1527787.0404425254,245232.7084337859,313.1406240241811,264,0:52
99.2%,4962500,19850.000002208977,-1527962.2314946325,243979.24350671226,311.5400594340695,264,0:49
99.3%,4965000,19860.000002211014,-1530392.8009573761,243875.75568785355,311.4079145811938,264,0:45
99.3%,4967500,19870.00000221305,-1529400.848526246,243840.81297758472,311.36329581003326,264,0:42
99.4%,4970000,19880.00000221509,-1529833.469185858,243031.74182924736,310.3301830336487,264,0:39
99.5%,4972500,19890.000002217126,-1528421.0280859899,243440.1218954162,310.8516485003716,264,0:36
99.5%,4975000,19900.000002219163,-1527966.7706249133,244091.4338225959,311.683316611098,264,0:32
99.5%,4977500,19910.0000022212,-1528198.7229949944,244585.33969852596,312.3139910231115,264,0:29
99.6%,4980000,19920.000002223238,-1528067.0008756798,243834.25615126977,311.3549233188717,264,0:26
99.7%,4982500,19930.000002225275,-1528405.8393527726,245497.85368100717,313.479191210843,264,0:22
99.7%,4985000,19940.000002227313,-1530535.2738987748,243157.38148845814,310.49061384052897,264,0:19
99.8%,4987500,19950.00000222935,-1527219.110925367,243454.8614825085,310.8704696581586,264,0:16
99.8%,4990000,19960.000002231387,-1530857.393782572,242828.01216159947,310.0700381465048,264,0:13
99.8%,4992500,19970.000002233424,-1528071.7092957515,243170.99528196917,310.5079974588179,264,0:09
99.9%,4995000,19980.00000223546,-1526495.2542747222,243931.42743947037,311.47900251702885,264,0:06
100.0%,4997500,19990.0000022375,-1529347.1648849566,244353.21029969177,312.01758217426936,264,0:03
100.0%,5000000,20000.000002239536,-1528874.1235760683,245255.3598105383,313.16954784228244,264,0:00
100.0%,5002500,20010.000002241573,-1530426.8141992977,243939.30298064792,311.4890588912157,264,23:59:57
100.1%,5005000,20020.00000224361,-1529781.5617588675,243887.2592194414,311.42260358040147,264,23:59:54
100.2%,5007500,20030.000002245648,-1527221.5685694944,243995.95543569594,311.56139909917385,264,23:59:51
100.2%,5010000,20040.000002247685,-1528146.1978939623,243236.46746241982,310.59159968126806,264,23:59:47
100.2%,5012500,20050.000002249722,-1527274.485611313,245003.66550919646,312.84815633179073,264,23:59:44
100.3%,5015000,20060.00000225176,-1529913.4043196924,244713.05030369663,312.47706624604183,264,23:59:41
100.3%,5017500,20070.000002253797,-1529271.2854916435,243740.35904442635,311.23502496265814,264,23:59:38
100.4%,5020000,20080.000002255834,-1530018.7353259595,244031.08762635355,311.6062598201442,264,23:59:34
100.5%,5022500,20090.00000225787,-1529915.8223530035,244193.2315407276,311.81330335382734,264,23:59:31
100.5%,5025000,20100.00000225991,-1528330.9912604317,242976.05880552292,310.2590807043225,264,23:59:28
100.5%,5027500,20110.000002261946,-1528614.5232929531,242977.19330564397,310.26052936130685,264,23:59:24
100.6%,5030000,20120.000002263983,-1527807.2925005099,242639.88549371026,309.82981691926864,264,23:59:21
100.7%,5032500,20130.00000226602,-1528625.5940090017,243520.24848240614,310.9539631125259,264,23:59:18
100.7%,5035000,20140.000002268058,-1528088.153714586,243945.28005281586,311.4966910872651,264,23:59:15
100.8%,5037500,20150.000002270095,-1529597.4280635016,244326.3076697162,311.98322987929106,264,23:59:11
100.8%,5040000,20160.000002272132,-1528933.2329037078,244557.61801669537,312.27859287087125,264,23:59:08
100.8%,5042500,20170.00000227417,-1528143.0260289814,244467.1372457783,312.16305687549726,264,23:59:05
100.9%,5045000,20180.000002276207,-1529388.8101881035,243671.06282304198,311.14653977589245,264,23:59:02
101.0%,5047500,20190.000002278244,-1530448.766942488,243464.08723212744,310.882250129904,264,23:58:58
101.0%,5050000,20200.00000228028,-1528723.0750316437,242832.18640433197,310.0753682877508,264,23:58:55
101.0%,5052500,20210.00000228232,-1527869.7245260002,244380.915436504,312.05295919997474,264,23:58:52
101.1%,5055000,20220.000002284356,-1528580.2499224972,243535.04743688324,310.9728600772476,264,23:58:48
101.2%,5057500,20230.000002286393,-1528392.7099484308,243491.841573285,310.91768998523554,264,23:58:45
101.2%,5060000,20240.00000228843,-1528637.7329099681,243845.91022601706,311.36980454846827,264,23:58:42
101.2%,5062500,20250.000002290468,-1529562.9032400912,243897.95475292293,311.43626083701326,264,23:58:39
101.3%,5065000,20260.000002292505,-1530036.3771536546,244682.25746697048,312.4377464988128,264,23:58:35
101.3%,5067500,20270.000002294542,-1528377.462598686,243210.16479431573,310.55801348489064,264,23:58:32
101.4%,5070000,20280.00000229658,-1529078.1902197618,244299.57057623554,311.9490889598738,264,23:58:29
101.5%,5072500,20290.000002298617,-1529052.5550603354,243015.58458838367,310.30955165654217,264,23:58:25
101.5%,5075000,20300.000002300654,-1527576.2135370737,243683.00765205166,311.1617922731382,264,23:58:22
101.5%,5077500,20310.00000230269,-1529620.5890090792,243295.62443244233,310.6671379348173,264,23:58:19
101.6%,5080000,20320.00000230473,-1528073.8189575877,242635.36956586386,309.8240504761506,264,23:58:16
101.7%,5082500,20330.000002306766,-1529341.5201800736,243864.40394418704,311.39341940182635,264,23:58:12
101.7%,5085000,20340.000002308803,-1527749.8282343997,242968.48859983537,310.24941421673145,264,23:58:09
101.8%,5087500,20350.00000231084,-1528280.3026417699,243287.10163433745,310.65625507039823,264,23:58:06
101.8%,5090000,20360.000002312878,-1528648.7510020053,242649.31398406223,309.8418562731186,264,23:58:03
101.8%,5092500,20370.000002314915,-1528232.9154185224,244913.84009259962,312.73345716630826,264,23:57:59
101.9%,5095000,20380.000002316952,-1530686.533334192,244156.04610563265,311.76582082009594,264,23:57:56
102.0%,5097500,20390.00000231899,-1529677.3400209742,242907.06510743493,310.1709818132284,264,23:57:53
102.0%,5100000,20400.000002321027,-1527565.4436423993,244082.57058076287,311.6719990299475,264,23:57:49
102.0%,5102500,20410.000002323064,-1529904.0026413854,244845.76841975318,312.6465356204441,264,23:57:46
102.1%,5105000,20420.0000023251,-1527039.6478871955,244865.9917170091,312.67235899434473,264,23:57:43
102.2%,5107500,20430.00000232714,-1529565.124561729,243046.86778528278,310.34949755063195,264,23:57:40
102.2%,5110000,20440.000002329176,-1530065.3205310665,244695.60399355623,312.45478884071866,264,23:57:36
102.2%,5112500,20450.000002331213,-1528289.6184911141,242822.57838813655,310.06309969517076,264,23:57:33
102.3%,5115000,20460.00000233325,-1530481.2132157646,244083.85961641974,311.67364501523446,264,23:57:30
102.3%,5117500,20470.000002335288,-1529462.893304213,243272.14744703833,310.6371598870007,264,23:57:26
102.4%,5120000,20480.000002337325,-1528198.1311261002,242791.74362069851,310.0237264061065,264,23:57:23
102.5%,5122500,20490.000002339362,-1530353.422272659,241469.62357283453,308.33549525836463,264,23:57:20
102.5%,5125000,20500.0000023414,-1529729.1854629004,242874.75299284258,310.12972208163876,264,23:57:17
102.5%,5127500,20510.000002343437,-1530010.3045073617,243578.8659229319,311.02881243430755,264,23:57:13
102.6%,5130000,20520.000002345474,-1529889.0475458223,242869.36270408903,310.12283915645827,264,23:57:10
102.7%,5132500,20530.00000234751,-1528435.8873086274,244443.2138494819,312.13250880019,264,23:57:07
102.7%,5135000,20540.00000234955,-1530566.41854796,243022.28599493962,310.3181087639695,264,23:57:04
102.8%,5137500,20550.000002351586,-1532046.8970914949,244261.46861764335,311.9004361061566,264,23:57:00
102.8%,5140000,20560.000002353623,-1530105.948023065,243842.0876509695,311.3649234559606,264,23:56:57
102.8%,5142500,20570.00000235566,-1528596.9798272783,243801.27301717905,311.31280675433425,264,23:56:54
102.9%,5145000,20580.000002357698,-1529642.193489884,243947.70018801565,311.499781387297,264,23:56:50
103.0%,5147500,20590.000002359735,-1529651.9314479353,243799.24920932262,311.31022252950095,264,23:56:47
103.0%,5150000,20600.000002361772,-1529181.8435366675,243769.54931331065,311.27229837154493,264,23:56:44
