#"Progress (%)","Step","Time (ps)","Potential Energy (kJ/mole)","Kinetic Energy (kJ/mole)","Temperature (K)","Speed (ns/day)","Time Remaining"
3.0%,152500,610.0000000014564,-1539212.9006348643,246237.30011319646,312.3837348660582,0,--
3.1%,155000,620.0000000015042,-1538679.1707026092,245984.89564571323,312.0635272849442,265,1:45:27
3.1%,157500,630.0000000015519,-1536817.922176104,244299.33866682113,309.9251811279899,264,1:45:37
3.2%,160000,640.0000000015997,-1541207.1824597968,244869.51270018634,310.648520337705,264,1:45:33
3.2%,162500,650.0000000016474,-1538903.0561521314,245976.70737051315,312.0531394030598,264,1:45:30
3.3%,165000,660.0000000016952,-1539316.1953105163,246944.25679605713,313.2806004866568,264,1:45:25
3.4%,167500,670.0000000017429,-1539165.7168999258,244377.56643236396,310.02442312568587,264,1:45:24
3.4%,170000,680.0000000017907,-1537939.5432769228,244670.2914424861,310.39578250912865,264,1:45:29
3.5%,172500,690.0000000018384,-1538850.1281585237,246319.08378789597,312.48748799258277,264,1:45:28
3.5%,175000,700.0000000018862,-1538054.289169684,245491.0918595007,311.43707357156626,264,1:45:27
3.5%,177500,710.0000000019339,-1538064.4702045023,247074.98262334245,313.44644303834195,263,1:45:25
3.6%,180000,720.0000000019817,-1540142.666988193,245135.81418906103,310.9863580806336,263,1:45:24
3.6%,182500,730.0000000020294,-1542886.3821316278,245117.12629650894,310.9626500816037,263,1:45:23
3.7%,185000,740.0000000020772,-1538081.2518204218,243839.64432946395,309.34199964437875,263,1:45:21
3.8%,187500,750.0000000021249,-1539773.9911215343,243883.4885635212,309.3976217031849,263,1:45:19
3.8%,190000,760.0000000021727,-1539867.914261924,244168.81457838754,309.7595945080256,263,1:45:13
3.9%,192500,770.0000000022204,-1539231.4686708217,245871.4806007608,311.91964569057996,263,1:45:08
3.9%,195000,780.0000000022682,-1538909.9997825753,244703.76963244381,310.4382539056666,263,1:45:05
4.0%,197500,790.0000000023159,-1539112.352572986,246522.9769519192,312.7461527361531,263,1:45:00
4.0%,200000,800.0000000023637,-1538192.337685599,245166.56903449475,311.02537456382845,263,1:44:56
4.0%,202500,810.0000000024114,-1540271.4720646786,245446.25534129117,311.38019267248944,263,1:44:53
4.1%,205000,820.0000000024592,-1540263.8596932925,244619.96894482238,310.33194193842405,263,1:45:00
4.2%,207500,830.0000000025069,-1540208.3000994958,244396.96614262683,310.0490341571764,263,1:44:58
4.2%,210000,840.0000000025547,-1539176.3577576838,244850.0770641153,310.62386372969894,263,1:44:56
4.2%,212500,850.0000000026024,-1537708.7427895414,244722.71776389805,310.4622920512672,263,1:44:59
4.3%,215000,860.0000000026502,-1539982.0627991864,245373.66698236944,311.2881049885466,263,1:44:57
4.3%,217500,870.0000000026979,-1538314.3576800814,245015.44914194936,310.83365951324845,263,1:44:53
4.4%,220000,880.0000000027457,-1539567.408728905,246632.71617896046,312.8853710819874,263,1:44:51
4.5%,222500,890.0000000027934,-1540704.8314258438,245095.504136322,310.93521958609404,263,1:44:48
4.5%,225000,900.0000000028411,-1540051.7458907738,244926.85641339357,310.72126822478197,263,1:44:44
4.5%,227500,910.0000000028889,-1539628.1437560422,245115.79676971067,310.9609634055938,263,1:44:41
4.6%,230000,920.0000000029366,-1539570.0753857223,244845.20974797808,310.6176889121834,263,1:44:37
4.7%,232500,930.0000000029844,-1538144.8494335627,245725.13475353463,311.7339871314679,263,1:44:33
4.7%,235000,940.0000000030321,-1539451.4903079616,244922.48291859703,310.71571988324985,263,1:44:30
4.8%,237500,950.0000000030799,-1538977.7882950976,245385.71284584366,311.3033867180816,263,1:44:25
4.8%,240000,960.0000000031276,-1540713.771358435,243585.06365652313,309.01903126630845,263,1:44:21
4.8%,242500,970.0000000031754,-1538278.7517240644,244706.94353879348,310.4422804147258,263,1:44:17
4.9%,245000,980.0000000032231,-1543175.9280695543,244302.9477256211,309.9297596839876,263,1:44:13
5.0%,247500,990.0000000032709,-1541060.786507057,243408.88365801313,308.7955242431322,263,1:44:09
5.0%,250000,1000.0000000033186,-1539849.4127245117,244647.9245939221,310.3674072804838,263,1:44:06
5.0%,252500,1010.0000000033664,-1540751.9362957077,246263.27868321093,312.4166920286159,263,1:44:05
5.1%,255000,1020.0000000034141,-1541822.7613193896,245342.13727490423,311.24810549304897,263,1:44:01
5.2%,257500,1030.0000000032912,-1540120.5643800274,245617.06813673716,311.59689070718935,263,1:43:57
5.2%,260000,1040.0000000030548,-1539682.5474024434,244954.9848774566,310.7569528048842,263,1:43:54
5.2%,262500,1050.0000000028183,-1540306.0380877461,245403.34009326884,311.3257491521383,263,1:43:51
5.3%,265000,1060.0000000025818,-1539165.1311799325,245114.06026164486,310.95876042141975,263,1:43:47
5.3%,267500,1070.0000000023454,-1538292.2012709202,244233.057372189,309.8410947675586,263,1:43:44
5.4%,270000,1080.000000002109,-1540957.5077586286,243916.2600299297,309.4391965298622,263,1:43:41
5.5%,272500,1090.0000000018724,-1537619.7164932722,246288.59856205445,312.44881355657236,263,1:43:37
5.5%,275000,1100.000000001636,-1539543.9647977604,245549.06833918748,311.5106242044339,263,1:43:34
5.5%,277500,1110.0000000013995,-1541399.7469813386,245624.61857261122,311.6064694077238,263,1:43:31
5.6%,280000,1120.000000001163,-1538625.5201778067,243574.96796876064,309.00622358588055,263,1:43:27
5.7%,282500,1130.0000000009265,-1538775.2871145634,245198.09058368925,311.0653637095087,263,1:43:24
5.7%,285000,1140.00000000069,-1538524.6059426544,245408.89247590333,311.3327930647542,263,1:43:21
5.8%,287500,1150.0000000004536,-1541157.0553895328,244606.26029566932,310.3145507510596,263,1:43:17
5.8%,290000,1160.0000000002171,-1539446.3429324478,246865.70930170035,313.1809528717737,263,1:43:14
5.8%,292500,1169.9999999999807,-1540978.4821032928,245186.6601660924,311.05086275234936,263,1:43:10
5.9%,295000,1179.9999999997442,-1540533.0016145092,244052.47230095742,309.6119993421846,263,1:43:06
6.0%,297500,1189.9999999995077,-1540239.3125002682,243149.7390534555,308.4667659298918,263,1:43:03
6.0%,300000,1199.9999999992713,-1539978.8788307738,244621.44680805778,310.33381679831285,263,1:42:59
6.0%,302500,1209.9999999990348,-1542011.8276945306,245256.439411865,311.1393867143996,263,1:42:56
6.1%,305000,1219.9999999987983,-1540393.5546610402,244984.39475224877,310.79426301956454,263,1:42:52
6.2%,307500,1229.9999999985619,-1539096.8653895939,244306.2765646058,309.93398274505233,263,1:42:49
6.2%,310000,1239.9999999983254,-1540138.9993412644,245584.28168692798,311.555296872138,263,1:42:45
6.2%,312500,1249.999999998089,-1539032.0833237935,245103.8612476696,310.9458216583807,263,1:42:41
6.3%,315000,1259.9999999978525,-1539426.3650242696,245095.34207468608,310.93501399003253,263,1:42:38
6.3%,317500,1269.999999997616,-1539783.6122322287,245002.12246584022,310.81675290789497,263,1:42:34
6.4%,320000,1279.9999999973795,-1539602.876852884,244352.10191113595,309.99211810023223,263,1:42:31
6.5%,322500,1289.999999997143,-1539637.479072784,243614.18564598274,309.0559762613597,263,1:42:27
6.5%,325000,1299.9999999969066,-1540440.8729096865,244254.74296239237,309.86860573221503,263,1:42:24
6.5%,327500,1309.99999999667,-1541181.7716462575,245453.82364292894,311.3897940380466,263,1:42:20
6.6%,330000,1319.9999999964336,-1539752.997541897,244188.07999591026,309.78403517187604,263,1:42:16
6.7%,332500,1329.9999999961972,-1537509.258833862,245818.79285430515,311.85280449709734,263,1:42:13
6.7%,335000,1339.9999999959607,-1537972.751743015,246031.33198876516,312.12243776791905,263,1:42:09
6.8%,337500,1349.9999999957242,-1538177.207845537,244514.74921207994,310.19845715329774,263,1:42:05
6.8%,340000,1359.9999999954878,-1543087.3990992922,243477.85718332962,308.883026044993,263,1:42:02
6.8%,342500,1369.9999999952513,-1540417.4493493568,245039.34351169734,310.8639725992866,263,1:41:59
6.9%,345000,1379.9999999950148,-1540336.952586569,245038.8400143736,310.8633338480722,263,1:41:55
7.0%,347500,1389.9999999947784,-1540788.4050057987,245596.77047919802,311.5711405139075,263,1:41:52
7.0%,350000,1399.999999994542,-1540150.7386559546,247685.52112290048,314.2209897730722,263,1:41:48
7.0%,352500,1409.9999999943054,-1542380.3290642789,245709.53991799222,311.7142030736947,263,1:41:46
7.1%,355000,1419.999999994069,-1539315.467853888,245780.32816531468,311.804007084188,263,1:41:43
7.2%,357500,1429.9999999938325,-1540413.7909490177,244709.63961504342,310.4457007347507,263,1:41:39
7.2%,360000,1439.999999993596,-1541894.1503507914,245595.7233541476,311.56981210089305,263,1:41:36
7.2%,362500,1449.9999999933596,-1540624.4566117302,246023.4664259436,312.11245928825775,263,1:41:33
7.3%,365000,1459.999999993123,-1539649.8583121179,245715.41277411173,311.7216535482089,263,1:41:29
7.3%,367500,1469.9999999928866,-1539479.9642932406,246123.36958231698,312.23919931139187,263,1:41:26
7.4%,370000,1479.9999999926501,-1541227.533612595,244711.3038303778,310.44781200628233,263,1:41:23
7.5%,372500,1489.9999999924137,-1539343.7263423083,245788.5371893197,311.8144212886043,263,1:41:20
7.5%,375000,1499.9999999921772,-1541060.4427334573,243959.5487524542,309.49411385072943,263,1:41:16
7.5%,377500,1509.9999999919407,-1539604.1067974428,244849.92973272564,310.62367682085227,263,1:41:13
7.6%,380000,1519.9999999917043,-1542668.5943874214,244855.01052350295,310.63012245844806,263,1:41:09
7.7%,382500,1529.9999999914678,-1540290.6122819586,245870.7866161053,311.91876528164704,263,1:41:06
7.7%,385000,1539.9999999912313,-1541777.5708451448,244518.45292690067,310.2031557926511,263,1:41:03
7.8%,387500,1549.9999999909949,-1536066.9795929175,246289.82981491834,312.4503755594371,263,1:40:59
7.8%,390000,1559.9999999907584,-1540688.6594157433,245078.62346060463,310.9138042744202,263,1:40:56
7.8%,392500,1569.999999990522,-1537610.518916835,245900.05367598837,311.9558943172181,263,1:40:52
7.9%,395000,1579.9999999902855,-1540295.6745805955,246259.4720689371,312.411862848051,263,1:40:49
8.0%,397500,1589.999999990049,-1539107.089250723,246369.92861889093,312.5519912104037,263,1:40:45
8.0%,400000,1599.9999999898125,-1537092.3499217927,245528.34725847244,311.48433684430915,263,1:40:42
8.1%,402500,1609.999999989576,-1543206.668527441,244726.79902226757,310.4674696532464,263,1:40:39
8.1%,405000,1619.9999999893396,-1538623.034027649,246267.82908965112,312.4224648053572,263,1:40:35
8.2%,407500,1629.9999999891031,-1540282.775783833,246498.93441340158,312.71565167894386,263,1:40:32
8.2%,410000,1639.9999999888666,-1539463.9640202932,244805.68407767298,310.56754550780346,263,1:40:30
8.2%,412500,1649.9999999886302,-1540842.1261695465,245486.33217097976,311.43103529354624,263,1:40:28
8.3%,415000,1659.9999999883937,-1538029.2057754835,244197.7207999879,309.79626577375274,263,1:40:25
8.3%,417500,1669.9999999881572,-1541239.94426867,245166.54756778758,311.0253473305451,263,1:40:22
8.4%,420000,1679.9999999879208,-1537557.7190725794,246234.02081863914,312.3795746584817,263,1:40:19
8.4%,422500,1689.9999999876843,-1540255.71752813,243896.20482060075,309.41375391336663,263,1:40:18
8.5%,425000,1699.9999999874478,-1541472.0559617039,245160.40647361014,311.01755656150067,263,1:40:15
8.6%,427500,1709.9999999872114,-1538036.4307105318,244195.46005498874,309.7933977274978,263,1:40:12
8.6%,430000,1719.999999986975,-1536989.3200058732,244475.6277968346,310.1488265985363,263,1:40:08
8.7%,432500,1729.9999999867384,-1538643.797273145,245043.76744169905,310.8695849243734,263,1:40:05
8.7%,435000,1739.999999986502,-1539003.5640368406,244391.6198470926,310.0422516925948,263,1:40:02
8.8%,437500,1749.9999999862655,-1537099.4340573084,245984.41219007244,312.06291395918635,263,1:39:58
8.8%,440000,1759.999999986029,-1540022.850326757,246792.16586385228,313.08765354718184,263,1:39:55
8.8%,442500,1769.9999999857926,-1539013.3046184024,246093.28200762716,312.2010293470918,263,1:39:51
8.9%,445000,1779.999999985556,-1539832.6457022838,245906.75257646438,311.9643927354075,263,1:39:48
8.9%,447500,1789.9999999853196,-1538680.238131795,244992.52407021815,310.80457610660704,263,1:39:45
9.0%,450000,1799.9999999850832,-1539781.1767052067,243345.31005283142,308.7148729355666,263,1:39:42
9.1%,452500,1809.9999999848467,-1539528.4776315717,244767.18140456197,310.5186999071442,263,1:39:38
9.1%,455000,1819.9999999846102,-1541310.7708063861,245137.0352114881,310.9879071048714,263,1:39:35
9.2%,457500,1829.9999999843737,-1539502.6694041975,245215.04388943134,311.08687116172496,263,1:39:32
9.2%,460000,1839.9999999841373,-1538260.3814376267,245477.65292043978,311.420024546197,263,1:39:29
9.2%,462500,1849.9999999839008,-1539893.995106115,244986.59903754594,310.7970594394145,263,1:39:25
9.3%,465000,1859.9999999836643,-1540306.210392652,245812.52286155726,311.8448502036119,263,1:39:22
9.3%,467500,1869.9999999834279,-1538441.6654869355,244782.3276833571,310.53791491290156,263,1:39:18
9.4%,470000,1879.9999999831914,-1539817.6436224757,244766.13987810464,310.5173785966663,263,1:39:15
9.4%,472500,1889.999999982955,-1539533.0762888575,244915.40273546588,310.70673775889657,263,1:39:11
9.5%,475000,1899.9999999827185,-1540597.5025027636,245835.87727631838,311.8744782871936,263,1:39:08
9.6%,477500,1909.999999982482,-1540995.9187209625,244673.30558532514,310.3996063375943,263,1:39:05
9.6%,480000,1919.9999999822455,-1540299.8744031247,245573.69025943274,311.54186028199916,263,1:39:02
9.7%,482500,1929.999999982009,-1540676.9527404085,245765.57140935335,311.78528623832267,263,1:38:59
9.7%,485000,1939.9999999817726,-1540046.3806709154,245407.11731836884,311.3305410487504,263,1:38:56
9.8%,487500,1949.9999999815361,-1540408.3152149646,246607.12518243032,312.8529056063208,263,1:38:54
9.8%,490000,1959.9999999812997,-1537282.2125977604,243844.41948703246,309.34805754687824,263,1:38:51
9.8%,492500,1969.9999999810632,-1538707.186959627,244973.71984441142,310.7807205238579,263,1:38:48
9.9%,495000,1979.9999999808267,-1539701.9628679287,246021.489664832,312.1099515121463,263,1:38:45
9.9%,497500,1989.9999999805902,-1538958.0547930468,245097.57634844046,310.9378484541035,263,1:38:41
10.0%,500000,1999.9999999803538,-1541836.820524944,245415.14245951627,311.3407219740745,263,1:38:38
10.1%,502500,2009.9999999801173,-1540385.5567779345,245763.1632789613,311.78223121471103,263,1:38:35
10.1%,505000,2019.9999999798808,-1539647.1360888518,245899.98883507776,311.95581205817035,263,1:38:32
10.2%,507500,2029.9999999796444,-1539356.6823644694,245999.46201395872,312.0820065994667,263,1:38:28
10.2%,510000,2039.999999979408,-1540756.0370917972,244902.96856896178,310.6909634169479,263,1:38:25
10.2%,512500,2049.9999999791717,-1540770.0147110904,246614.13536636255,312.8617989276732,263,1:38:21
10.3%,515000,2059.999999978935,-1539728.5741426088,244170.66228714667,309.7619385646038,263,1:38:18
10.3%,517500,2069.9999999786987,-1538292.3159329891,245411.62766915374,311.3362630097331,263,1:38:14
10.4%,520000,2079.9999999784623,-1541030.837528415,247352.16163427714,313.7980803192188,263,1:38:11
10.4%,522500,2089.999999978226,-1539336.9855362168,244266.92082461168,309.88405491916194,263,1:38:07
10.5%,525000,2099.9999999779893,-1539989.92791963,245002.52608921487,310.8172649561394,263,1:38:04
10.6%,527500,2109.999999977753,-1540028.1233797204,245271.07156073896,311.15794948012297,263,1:38:00
10.6%,530000,2119.9999999775164,-1539384.5093453666,245029.62650154703,310.8516453201901,263,1:37:57
10.7%,532500,2129.99999997728,-1541521.2369691683,245344.71026985848,311.25136966859526,263,1:37:53
10.7%,535000,2139.9999999770434,-1539071.456170462,245680.05824102106,311.676801768701,263,1:37:50
10.8%,537500,2149.999999976807,-1539819.4495492363,244452.3001690146,310.11923249764,263,1:37:46
10.8%,540000,2159.9999999765705,-1539935.0079649827,246834.9450970968,313.1419245152662,263,1:37:43
10.8%,542500,2169.999999976334,-1538713.4501661332,245623.65970408532,311.6052529594797,263,1:37:40
10.9%,545000,2179.9999999760976,-1539083.60833072,246608.7806159419,312.8550057369791,263,1:37:36
10.9%,547500,2189.999999975861,-1540027.0088075167,245733.26557330193,311.7443021237346,263,1:37:33
11.0%,550000,2199.9999999756246,-1539583.8761040345,244958.0111259046,310.7607919908742,263,1:37:30
11.1%,552500,2209.999999975388,-1540507.3719702968,246297.9381679349,312.46066204973624,263,1:37:26
11.1%,555000,2219.9999999751517,-1543722.0037501147,244946.24249794247,310.7458619702991,263,1:37:23
11.2%,557500,2229.999999974915,-1539862.491377104,245001.23704021028,310.81562963142505,263,1:37:19
11.2%,560000,2239.9999999746788,-1538679.9476578552,245561.4866387956,311.52637841718104,263,1:37:16
11.2%,562500,2249.9999999744423,-1537943.6218512785,244916.90907333448,310.7086487425255,263,1:37:13
11.3%,565000,2259.999999974206,-1540680.2658853931,245638.4982043319,311.62407750850093,263,1:37:09
11.3%,567500,2269.9999999739694,-1540217.5545507437,244917.23540094134,310.70906273113155,263,1:37:06
11.4%,570000,2279.999999973733,-1540147.1808770876,245768.60422602523,311.78913375695083,263,1:37:02
11.4%,572500,2289.9999999734964,-1538368.4032960525,246859.27932132615,313.17279561337494,263,1:36:59
11.5%,575000,2299.99999997326,-1542280.73446305,244500.8294670263,310.1807981635905,263,1:36:55
11.6%,577500,2309.9999999730235,-1538993.8475906365,246620.4918925602,312.8698629999867,263,1:36:52
11.6%,580000,2319.999999972787,-1540441.0853740107,245933.52646032977,311.99835885603545,263,1:36:48
11.7%,582500,2329.9999999725505,-1539437.8806103095,244656.7382980156,310.3785885994857,263,1:36:45
11.7%,585000,2339.999999972314,-1541267.9819689812,245805.55532346183,311.836010983997,263,1:36:42
11.8%,587500,2349.9999999720776,-1540238.801457299,245743.69272578345,311.75753030985703,263,1:36:39
11.8%,590000,2359.999999971841,-1539573.2277935622,247236.25784076902,313.65104142671726,263,1:36:35
11.8%,592500,2369.9999999716047,-1539300.6516318917,245770.93241439268,311.7920873638064,263,1:36:32
11.9%,595000,2379.999999971368,-1542150.8216293873,244871.87063005287,310.65151167548333,263,1:36:28
11.9%,597500,2389.9999999711317,-1540081.7241492262,244586.7346334573,310.2897799332967,263,1:36:25
12.0%,600000,2399.9999999708953,-1539560.0326384986,245334.04282761837,311.2378366439604,263,1:36:22
12.1%,602500,2409.999999970659,-1539075.2938621677,245290.56443093775,311.1826786969929,263,1:36:18
12.1%,605000,2419.9999999704223,-1538851.3571162708,246008.161214816,312.0930426563634,263,1:36:15
12.2%,607500,2429.999999970186,-1539955.8768814607,244700.80054287717,310.43448723308063,263,1:36:11
12.2%,610000,2439.9999999699494,-1541471.9929177444,246800.71766155242,313.0985026041856,263,1:36:08
12.2%,612500,2449.999999969713,-1540747.6138026696,246010.68136053864,312.0962397858514,263,1:36:04
12.3%,615000,2459.9999999694764,-1539641.9499182636,244685.82660104422,310.41549085895986,263,1:36:01
12.3%,617500,2469.99999996924,-1538425.4839561665,245580.67471716288,311.5507209663502,263,1:35:58
12.4%,620000,2479.9999999690035,-1540066.2981718741,245386.6030209263,311.3045160198441,263,1:35:54
12.4%,622500,2489.999999968767,-1540514.5720660044,244774.2608925918,310.52768114967193,263,1:35:51
12.5%,625000,2499.9999999685306,-1539665.9572298182,244671.2966926859,310.3970577985009,263,1:35:48
12.6%,627500,2509.999999968294,-1539431.602028001,246775.61300801794,313.0666541172585,263,1:35:44
12.6%,630000,2519.9999999680576,-1539393.8191450406,244546.15374619595,310.2382978502774,263,1:35:41
12.7%,632500,2529.999999967821,-1538141.5012869872,244690.64183414463,310.42159960243396,263,1:35:38
12.7%,635000,2539.9999999675847,-1541090.5783312982,245938.305602325,312.0044218132935,263,1:35:34
12.8%,637500,2549.9999999673482,-1538161.2579891663,243767.9684832381,309.2510696003382,263,1:35:31
12.8%,640000,2559.9999999671118,-1537909.7154231612,245927.9325848788,311.9912623044369,263,1:35:27
12.8%,642500,2569.9999999668753,-1541537.4289145507,246431.37251199444,312.62994070385395,263,1:35:24
12.9%,645000,2579.999999966639,-1541133.815539022,244876.03049516474,310.65678900024113,263,1:35:21
12.9%,647500,2589.9999999664024,-1541139.928565084,243658.67899984086,309.11242181225117,263,1:35:18
13.0%,650000,2599.999999966166,-1538995.2679539276,246080.32677267163,312.18459396268975,263,1:35:15
13.1%,652500,2609.9999999659294,-1537360.4059625631,246449.90755990762,312.65345479977026,263,1:35:12
13.1%,655000,2619.999999965693,-1540256.1026597172,244929.16918724414,310.7242022763371,263,1:35:09
13.2%,657500,2629.9999999654565,-1540407.2834614636,244533.72109425016,310.22252542974104,263,1:35:05
13.2%,660000,2639.99999996522,-1539008.9791794093,244672.0513997951,310.3980152416884,263,1:35:02
13.2%,662500,2649.9999999649835,-1541962.102685243,245648.95859680674,311.6373478638368,263,1:34:59
13.3%,665000,2659.999999964747,-1537402.1663032416,244264.3747560161,309.88082490317026,263,1:34:55
13.3%,667500,2669.9999999645106,-1539659.2584064724,245692.65760610337,311.69278568632654,263,1:34:52
13.4%,670000,2679.999999964274,-1539626.0477557406,244911.61428897438,310.7019316265039,263,1:34:48
13.4%,672500,2689.9999999640377,-1539939.7267448083,246425.1462574513,312.62204189791544,263,1:34:45
13.5%,675000,2699.999999963801,-1537458.1489360267,245658.30972287833,311.64921097184725,263,1:34:41
13.6%,677500,2709.9999999635647,-1541909.8444600003,245020.1064607519,310.8395679220936,263,1:34:38
13.6%,680000,2719.9999999633283,-1540943.350087042,245481.74555734094,311.42521658330935,263,1:34:35
13.7%,682500,2729.999999963092,-1541222.6808627537,245356.34879141534,311.2661346324353,263,1:34:31
13.7%,685000,2739.9999999628553,-1541213.0664013438,244031.95618507935,309.58597200635865,263,1:34:28
13.8%,687500,2749.999999962619,-1539085.6587555343,246230.44568770984,312.3750391443585,263,1:34:24
13.8%,690000,2759.9999999623824,-1539101.2131942222,246462.71673104918,312.66970488340866,263,1:34:21
13.8%,692500,2769.999999962146,-1541155.1713991668,244665.70072101624,310.3899585875789,263,1:34:18
13.9%,695000,2779.9999999619095,-1541218.9701422108,245670.96563672414,311.6652666288638,263,1:34:14
13.9%,697500,2789.999999961673,-1539792.0248977765,245524.9329375482,311.48000533839246,263,1:34:11
14.0%,700000,2799.9999999614365,-1542990.500400993,245235.61406235068,311.1129670758713,263,1:34:07
14.1%,702500,2809.9999999612,-1540022.0579471262,244193.75806445105,309.79123853325456,263,1:34:04
14.1%,705000,2819.9999999609636,-1539691.3547619078,246051.48589923713,312.148005599529,263,1:34:00
14.2%,707500,2829.999999960727,-1538230.0755657004,243737.04143541408,309.2118346562286,263,1:33:57
14.2%,710000,2839.9999999604906,-1541797.7219214402,244503.27667907075,310.1839027673126,263,1:33:54
14.2%,712500,2849.999999960254,-1540512.0321849762,246320.25268559495,312.4889708898884,263,1:33:50
14.3%,715000,2859.9999999600177,-1539272.2981836684,245813.14065870963,311.8456339588828,263,1:33:47
14.3%,717500,2869.9999999597812,-1539113.0564497625,245669.70000168702,311.6636610077833,263,1:33:44
14.4%,720000,2879.9999999595448,-1540615.410172318,244874.63105538877,310.655013630613,263,1:33:40
14.4%,722500,2889.9999999593083,-1541509.410226237,246010.30336477637,312.0957602495346,263,1:33:37
14.5%,725000,2899.999999959072,-1538062.7011005823,244452.5308435195,310.1195251379644,263,1:33:34
14.6%,727500,2909.9999999588354,-1539247.9844114613,244387.51544854962,310.0370447343247,263,1:33:30
14.6%,730000,2919.999999958599,-1540086.5580642717,246412.12531383053,312.6055231536071,263,1:33:27
14.7%,732500,2929.9999999583624,-1541431.314441951,244437.33923878014,310.100252630408,263,1:33:24
14.7%,735000,2939.999999958126,-1538798.8632289628,243478.2019191919,308.8834633868423,263,1:33:20
14.8%,737500,2949.9999999578895,-1538523.301122277,246653.56645252244,312.9118223398808,263,1:33:17
14.8%,740000,2959.999999957653,-1538252.22408982,244751.40403860674,310.49868428602923,263,1:33:14
14.8%,742500,2969.9999999574165,-1540750.8195165414,245623.11556826934,311.6045626531029,263,1:33:10
14.9%,745000,2979.99999995718,-1540749.6352209346,246678.5421090561,312.9435071774953,263,1:33:07
14.9%,747500,2989.9999999569436,-1540021.0791757563,243876.92644321918,309.38929680826584,263,1:33:03
15.0%,750000,2999.999999956707,-1538297.6694197906,244321.87657188857,309.95377336384445,263,1:33:00
15.1%,752500,3009.9999999564707,-1538377.194215388,246137.56951510994,312.2572137553395,263,1:32:57
15.1%,755000,3019.999999956234,-1539706.6164266877,245847.69909480025,311.88947578679495,263,1:32:54
15.2%,757500,3029.9999999559977,-1538962.3473365437,244306.6082768016,309.934403564703,263,1:32:50
15.2%,760000,3039.9999999557613,-1541889.7574711805,245062.92490587372,310.8938886354955,263,1:32:47
15.2%,762500,3049.999999955525,-1538954.335685945,245575.26380603097,311.54385652855933,263,1:32:44
15.3%,765000,3059.9999999552883,-1538033.4876305899,245895.08867081016,311.94959556857,263,1:32:40
15.3%,767500,3069.999999955052,-1539626.1595977517,244450.32427000004,310.11672581520963,263,1:32:37
15.4%,770000,3079.9999999548154,-1539318.822407131,244363.29275412805,310.0063151261441,263,1:32:34
15.4%,772500,3089.999999954579,-1539307.093023057,247595.89622831708,314.1072890490386,263,1:32:31
15.5%,775000,3099.9999999543425,-1538045.5242846739,245464.63049748135,311.4035039251583,263,1:32:27
15.6%,777500,3109.999999954106,-1540448.322314309,244128.9929378864,309.70907562732583,263,1:32:24
15.6%,780000,3119.9999999538695,-1538065.6548566045,245833.5964988155,311.87158482712715,263,1:32:21
15.7%,782500,3129.999999953633,-1539027.6026191916,246212.96597763087,312.35286388043085,263,1:32:17
15.7%,785000,3139.9999999533966,-1539656.1775950575,244576.87747718685,310.27727486079345,263,1:32:14
15.8%,787500,3149.99999995316,-1539130.1606330052,244349.7291599653,309.9891079597204,263,1:32:10
15.8%,790000,3159.9999999529236,-1538268.2800880782,244319.35504642437,309.9505744839765,263,1:32:07
15.8%,792500,3169.999999952687,-1539949.3550124438,244074.5385442599,309.63999321433204,263,1:32:04
15.9%,795000,3179.9999999524507,-1538446.7356637996,243467.63294853285,308.870055286093,263,1:32:00
15.9%,797500,3189.9999999522142,-1540089.4480683915,245243.17400386682,311.1225578355373,263,1:31:57
16.0%,800000,3199.9999999519778,-1541703.256590317,245458.99456174034,311.3963540146637,263,1:31:54
16.1%,802500,3209.9999999517413,-1540589.721996556,243878.61720401593,309.39144175613603,263,1:31:50
16.1%,805000,3219.999999951505,-1539380.6791011821,245203.1760227742,311.0718152440815,263,1:31:47
16.1%,807500,3229.9999999512684,-1540414.1484028203,244920.01739724542,310.7125920518131,263,1:31:44
16.2%,810000,3239.999999951032,-1540906.070909787,245407.6459194359,311.331211647297,263,1:31:41
16.2%,812500,3249.9999999507954,-1539773.007995083,244654.77805284382,310.3761017759714,263,1:31:37
16.3%,815000,3259.999999950559,-1537135.6974398326,246654.3139930663,312.91277069135697,263,1:31:34
16.4%,817500,3269.9999999503225,-1538330.8360936893,245560.59116154508,311.5252423889356,263,1:31:31
16.4%,820000,3279.999999950086,-1540096.8019352546,244138.05896559893,309.7205770513422,263,1:31:27
16.4%,822500,3289.9999999498496,-1541794.571206186,245345.77038225782,311.25271455773486,263,1:31:24
16.5%,825000,3299.999999949613,-1537696.783793875,245991.74811188038,312.07222052099473,263,1:31:21
16.6%,827500,3309.9999999493766,-1538528.5742901051,244839.91735552283,310.6109748306012,263,1:31:18
16.6%,830000,3319.99999994914,-1538554.4803103367,245320.62654302682,311.2208163587039,263,1:31:14
16.6%,832500,3329.9999999489037,-1538984.6422662372,243654.8864869443,309.1076105210999,263,1:31:11
16.7%,835000,3339.999999948667,-1540131.275347528,243265.84913796856,308.61406652910694,263,1:31:08
16.8%,837500,3349.9999999484307,-1541710.9857107792,244600.58096712042,310.3073457911984,263,1:31:05
16.8%,840000,3359.9999999481943,-1540416.417373253,245242.23901954322,311.12137168748046,263,1:31:01
16.9%,842500,3369.999999947958,-1541480.2234675866,245022.96523905985,310.84319465063794,263,1:30:58
16.9%,845000,3379.9999999477213,-1537959.0699248407,246960.71779623092,313.30148338584206,263,1:30:55
16.9%,847500,3389.999999947485,-1540772.3957267553,246645.69651334558,312.90183830824907,263,1:30:51
17.0%,850000,3399.9999999472484,-1539156.9734991267,246020.1763903427,312.1082854542839,263,1:30:48
17.1%,852500,3409.999999947012,-1538309.4070288548,245736.25250785038,311.74809143497873,263,1:30:45
17.1%,855000,3419.9999999467755,-1538233.0448201587,244996.1483934223,310.80917402746775,263,1:30:41
17.1%,857500,3429.999999946539,-1541267.3379099546,244917.27905679145,310.70911811420103,263,1:30:38
17.2%,860000,3439.9999999463025,-1538455.8207698846,243946.81623281696,309.47796100939826,263,1:30:35
17.2%,862500,3449.999999946066,-1538944.9391302336,245191.81632230183,311.05740400070414,263,1:30:32
17.3%,865000,3459.9999999458296,-1540018.1393931685,245988.81317767527,312.0684971788847,263,1:30:28
17.4%,867500,3469.999999945593,-1537618.3037924832,246049.7784473107,312.14583947681064,263,1:30:25
17.4%,870000,3479.9999999453566,-1540311.2223837217,245048.8258560871,310.8760021746369,263,1:30:22
17.4%,872500,3489.99999994512,-1538038.9370191908,243185.08790333645,308.5116104995161,263,1:30:18
17.5%,875000,3499.9999999448837,-1541207.358883745,245143.52853083966,310.99614471692195,263,1:30:15
17.6%,877500,3509.9999999446472,-1540666.2880031308,245633.1671228477,311.6173143449016,263,1:30:12
17.6%,880000,3519.999999944411,-1540619.772400966,244790.64028975068,310.548460524921,263,1:30:08
17.6%,882500,3529.9999999441743,-1539667.137465855,246224.850314036,312.3679406920713,263,1:30:05
17.7%,885000,3539.999999943938,-1537174.7482424164,246687.49572032318,312.95486598676933,263,1:30:02
17.8%,887500,3549.9999999437014,-1541120.894689436,244989.54018812915,310.8007906678009,263,1:29:58
17.8%,890000,3559.999999943465,-1540579.3600894324,244451.46203899823,310.1181692217485,263,1:29:55
17.9%,892500,3569.9999999432284,-1540138.606529571,244695.44182095054,310.42768900401956,263,1:29:52
17.9%,895000,3579.999999942992,-1539014.4016199056,245702.38553148851,311.7051268128046,263,1:29:49
17.9%,897500,3589.9999999427555,-1539271.4667569334,245468.1779178114,311.4080042848168,263,1:29:45
18.0%,900000,3599.999999942519,-1542766.8184987353,246392.7288509293,312.58091624181316,263,1:29:42
18.1%,902500,3609.9999999422826,-1540208.6155856578,243314.25695427536,308.67547807986585,263,1:29:40
18.1%,905000,3619.999999942046,-1541111.4180424158,245947.36193119176,312.01591093307457,263,1:29:37
18.1%,907500,3629.9999999418096,-1538778.146523158,244382.51044872252,310.03069524731245,263,1:29:34
18.2%,910000,3639.999999941573,-1540173.206725643,246083.05912205283,312.1880602998542,263,1:29:31
18.2%,912500,3649.9999999413367,-1539981.3430781886,245673.16789781797,311.6680604807511,263,1:29:27
18.3%,915000,3659.9999999411,-1540656.674483654,244900.4982244075,310.6878294666572,263,1:29:24
18.4%,917500,3669.9999999408637,-1539118.8324743882,246717.11584046224,312.9924429247555,263,1:29:21
18.4%,920000,3679.9999999406273,-1541083.8212424563,245893.26461335272,311.9472815167147,263,1:29:17
18.4%,922500,3689.999999940391,-1541417.9320571925,246186.39930765872,312.3191606373192,263,1:29:14
18.5%,925000,3699.9999999401543,-1540961.8816798823,245865.96216699068,311.91264484647166,263,1:29:11
18.6%,927500,3709.999999939918,-1539683.6919760583,245409.76721960123,311.33390278981733,263,1:29:07
18.6%,930000,3719.9999999396814,-1539987.1489530532,244952.0413716351,310.75321858857455,263,1:29:04
18.6%,932500,3729.999999939445,-1541696.8127379213,243780.02692325285,309.266367284835,263,1:29:01
18.7%,935000,3739.9999999392085,-1539300.577397585,246194.2449548198,312.3291138513997,263,1:28:58
18.8%,937500,3749.999999938972,-1541173.690217467,246174.06908800424,312.30351816533954,263,1:28:54
18.8%,940000,3759.9999999387355,-1538697.4748239806,243480.77683962355,308.8867300051047,263,1:28:51
18.9%,942500,3769.999999938499,-1541006.7032716433,245221.62494989965,311.0952200846847,263,1:28:48
18.9%,945000,3779.9999999382626,-1538740.3819646575,243529.17605028726,308.94813063849676,263,1:28:44
18.9%,947500,3789.999999938026,-1537510.6262059538,245354.2823035475,311.26351302637516,263,1:28:41
19.0%,950000,3799.9999999377897,-1541814.9358283961,245000.9837023555,310.8153082397219,263,1:28:38
19.1%,952500,3809.999999937553,-1538431.7979415674,245661.50955736137,311.65327037408366,263,1:28:34
19.1%,955000,3819.9999999373167,-1540261.8995473003,245138.75347414677,310.9900869423962,263,1:28:31
19.1%,957500,3829.9999999370802,-1539535.0969294552,245545.5291228107,311.506134252547,263,1:28:28
19.2%,960000,3839.999999936844,-1538717.4128562566,245212.3179473476,311.0834129530427,263,1:28:25
19.2%,962500,3849.9999999366073,-1538936.9706170475,245170.61376229435,311.0305058220739,263,1:28:22
19.3%,965000,3859.999999936371,-1537866.9016235452,244695.57126668846,310.427853222613,263,1:28:19
19.4%,967500,3869.9999999361344,-1540282.1164984219,244655.39020508033,310.37687836993933,263,1:28:16
19.4%,970000,3879.999999935898,-1540161.1004271666,245083.1346366397,310.91952728233906,263,1:28:13
19.4%,972500,3889.9999999356614,-1538694.0657876572,243802.26019169448,309.29457304988716,263,1:28:10
19.5%,975000,3899.999999935425,-1540574.0538424058,244188.05589146333,309.78400459228,263,1:28:07
19.6%,977500,3909.9999999351885,-1538953.5094918413,244947.64029759364,310.74763525921765,263,1:28:03
19.6%,980000,3919.999999934952,-1538860.145666903,246165.6674673819,312.2928596273044,263,1:28:00
19.6%,982500,3929.9999999347156,-1540145.7450556112,245545.64218583392,311.5062776875564,263,1:27:57
19.7%,985000,3939.999999934479,-1537861.1079380587,245849.3646556076,311.8915887652324,263,1:27:53
19.8%,987500,3949.9999999342426,-1537631.39311249,244256.91737407207,309.87136425353293,263,1:27:50
19.8%,990000,3959.999999934006,-1540055.7883873722,246484.08573100116,312.6968142125489,263,1:27:47
19.9%,992500,3969.9999999337697,-1544064.2489226107,245780.02879270207,311.80362729146447,263,1:27:43
19.9%,995000,3979.999999933533,-1540182.5134436507,244801.0479582942,310.5616639931582,263,1:27:40
19.9%,997500,3989.9999999332967,-1538050.274165119,244630.83912938068,310.34573216780626,263,1:27:37
20.0%,1000000,3999.9999999330603,-1541268.9494188773,245315.85114072898,311.2147581457337,263,1:27:34
20.1%,1002500,4009.999999932824,-1540259.1347415047,245584.7325865884,311.555868896441,263,1:27:31
20.1%,1005000,4019.9999999325873,-1539755.71771128,246833.8269095504,313.1405059503215,263,1:27:27
20.1%,1007500,4029.999999932351,-1541829.136565674,245115.62329887546,310.9607433354933,263,1:27:24
20.2%,1010000,4039.9999999321144,-1540247.6836485406,243798.78959768062,309.2901701543073,263,1:27:21
20.2%,1012500,4049.999999931878,-1539716.7912478251,245868.84961846098,311.91630795061604,263,1:27:17
20.3%,1015000,4059.9999999316415,-1541413.9260933446,244201.44422861174,309.80098942260486,263,1:27:14
20.4%,1017500,4069.999999931405,-1538585.4575087922,245643.4868995687,311.63040631104,263,1:27:11
20.4%,1020000,4079.9999999311685,-1539447.6397399064,244679.82642605924,310.4078788640639,263,1:27:07
20.4%,1022500,4089.999999930932,-1540367.367532147,244391.4246737766,310.0420040901017,263,1:27:04
20.5%,1025000,4099.999999930696,-1539436.4938686024,244838.0658360702,310.6086259396674,263,1:27:01
20.6%,1027500,4109.999999930459,-1542282.2669540243,245926.51405406406,311.98946271536676,263,1:26:57
20.6%,1030000,4119.999999930223,-1540164.0819518995,246254.974621832,312.40615725704833,263,1:26:54
20.6%,1032500,4129.999999929986,-1539158.4787551844,245509.9291151424,311.46097105691587,263,1:26:51
20.7%,1035000,4139.99999992975,-1540979.2853165856,243547.20125536795,308.9709979331034,263,1:26:47
20.8%,1037500,4149.999999929513,-1541314.1233177027,244705.28560745151,310.440177115248,263,1:26:44
20.8%,1040000,4159.999999929277,-1539230.1323537463,245307.33316571056,311.20395199715864,263,1:26:41
20.9%,1042500,4169.99999992904,-1538430.1178141767,244831.9961196855,310.60092572254774,263,1:26:38
20.9%,1045000,4179.999999928804,-1540323.6289820084,245347.82029752235,311.2553151393128,263,1:26:34
20.9%,1047500,4189.999999928567,-1541436.1698490102,244644.76023511868,310.36339288371687,263,1:26:31
21.0%,1050000,4199.999999928331,-1538577.52842124,245601.46873256413,311.57710085351965,263,1:26:28
21.1%,1052500,4209.999999928094,-1538841.2092927108,243646.4182494742,309.0968674710119,263,1:26:25
21.1%,1055000,4219.999999927858,-1539298.1544892034,246929.36648516485,313.26171020915734,263,1:26:21
21.1%,1057500,4229.9999999276215,-1540925.5752291195,245142.8819006745,310.99532438326014,263,1:26:18
21.2%,1060000,4239.999999927385,-1539876.375208849,245129.25181019848,310.9780328576972,263,1:26:15
21.2%,1062500,4249.999999927149,-1540090.5686411308,246118.47457792287,312.23298936775575,263,1:26:11
21.3%,1065000,4259.999999926912,-1540017.8242295906,246372.94720837552,312.555820680012,263,1:26:08
21.4%,1067500,4269.999999926676,-1541474.9821530208,246082.81497553232,312.18775056854264,263,1:26:05
21.4%,1070000,4279.999999926439,-1539225.8815453975,246072.74006220518,312.174969243162,263,1:26:01
21.4%,1072500,4289.999999926203,-1539449.3126347177,246197.0593953422,312.3326843317515,263,1:25:58
21.5%,1075000,4299.999999925966,-1541783.2330124406,246208.9938270408,312.34782469572485,263,1:25:55
21.6%,1077500,4309.99999992573,-1539019.4817664782,245623.39376923663,311.60491558686704,263,1:25:51
21.6%,1080000,4319.999999925493,-1540538.692175542,244771.51522727247,310.5241979195247,263,1:25:48
21.6%,1082500,4329.999999925257,-1540003.418867494,243934.32667979202,309.4621164025132,263,1:25:45
21.7%,1085000,4339.99999992502,-1540087.5077148238,246338.88511023752,312.51260852072977,263,1:25:41
21.8%,1087500,4349.999999924784,-1538806.8692539223,245145.68495516723,310.9988804189667,263,1:25:38
21.8%,1090000,4359.999999924547,-1540868.1406458225,245463.93781795853,311.40262517195436,263,1:25:35
21.9%,1092500,4369.999999924311,-1542705.0794005226,245375.64093690517,311.2906092041551,263,1:25:32
21.9%,1095000,4379.9999999240745,-1541312.606455233,245233.22593917127,311.1099374339862,263,1:25:28
21.9%,1097500,4389.999999923838,-1541535.027272812,245786.52771941002,311.811872017169,263,1:25:25
22.0%,1100000,4399.9999999236015,-1541100.4874797137,245416.65314115465,311.342638468335,263,1:25:22
22.1%,1102500,4409.999999923365,-1539464.8376926007,245604.06841497848,311.58039888554686,263,1:25:19
22.1%,1105000,4419.999999923129,-1543576.3703007074,244542.9167516314,310.2341913056907,263,1:25:15
22.1%,1107500,4429.999999922892,-1542566.4850662183,246551.23736436007,312.7820047097699,263,1:25:12
22.2%,1110000,4439.999999922656,-1541399.9399539838,243998.73260898195,309.54382362030117,263,1:25:09
22.2%,1112500,4449.999999922419,-1540538.5236427123,244185.61486004826,309.78090782948243,263,1:25:05
22.3%,1115000,4459.999999922183,-1541897.2936936477,245809.78320659138,311.84137459837217,263,1:25:02
22.4%,1117500,4469.999999921946,-1540407.3443668513,244505.47775379958,310.1866951141431,263,1:24:59
22.4%,1120000,4479.99999992171,-1542210.9269774659,244123.51658766266,309.70212817161735,263,1:24:55
22.4%,1122500,4489.999999921473,-1538303.7809755513,245655.68696546412,311.6458836662103,263,1:24:52
22.5%,1125000,4499.999999921237,-1540068.6110839108,243930.4195427223,309.4571596958327,263,1:24:49
22.6%,1127500,4509.999999921,-1541121.6804983746,245374.78452564188,311.2895227361468,263,1:24:46
22.6%,1130000,4519.999999920764,-1540010.1332614915,244409.0924813497,310.06441797993097,263,1:24:42
22.6%,1132500,4529.999999920527,-1541493.919691857,245255.91982448217,311.13872755087255,263,1:24:39
22.7%,1135000,4539.999999920291,-1540973.4304557517,244800.75755603617,310.561295580485,263,1:24:36
22.8%,1137500,4549.9999999200545,-1540274.2527475916,244846.43594164218,310.6192444968015,263,1:24:32
22.8%,1140000,4559.999999919818,-1538947.7397198621,245302.3565859428,311.19763856465266,263,1:24:29
22.9%,1142500,4569.999999919582,-1539455.050280326,244832.06068830707,310.6010076361618,263,1:24:26
22.9%,1145000,4579.999999919345,-1538649.5174248135,245076.3923891097,310.91097387282787,263,1:24:22
22.9%,1147500,4589.999999919109,-1539556.2087931978,246338.5123094671,312.51213557492923,263,1:24:19
23.0%,1150000,4599.999999918872,-1539908.0008066762,244821.89003564802,310.58810485310573,263,1:24:16
23.1%,1152500,4609.999999918636,-1540328.3021591203,246459.9018514878,312.6661338460794,263,1:24:12
23.1%,1155000,4619.999999918399,-1539836.767968908,246341.6227452816,312.5160815634385,263,1:24:09
23.1%,1157500,4629.999999918163,-1539721.3428303031,244732.73531457505,310.47500060473675,263,1:24:06
23.2%,1160000,4639.999999917926,-1539603.3237262089,245177.38736704618,311.03909901226046,263,1:24:03
23.2%,1162500,4649.99999991769,-1541626.0519866506,244235.54105007238,309.8442456328948,263,1:23:59
23.3%,1165000,4659.999999917453,-1538711.6853542514,244794.4197408384,310.55325524548516,263,1:23:56
23.4%,1167500,4669.999999917217,-1541613.0733740209,244837.91750606766,310.6084377639517,263,1:23:53
23.4%,1170000,4679.99999991698,-1539973.0299770925,245194.5778588294,311.0609073655236,263,1:23:49
23.4%,1172500,4689.999999916744,-1539862.5524276355,246535.88864581095,312.76253288310687,263,1:23:46
23.5%,1175000,4699.9999999165075,-1538350.680425587,245946.54381589903,312.01487304843823,263,1:23:43
23.6%,1177500,4709.999999916271,-1538367.0904200189,245700.30324193186,311.7024851602667,263,1:23:40
23.6%,1180000,4719.9999999160345,-1540661.9303689804,243928.96779198598,309.45531796301276,263,1:23:37
23.6%,1182500,4729.999999915798,-1540391.3857731689,245170.02240860148,311.02975561373785,263,1:23:34
23.7%,1185000,4739.999999915562,-1539893.4383587763,245617.9124794202,311.5979618646489,263,1:23:31
23.8%,1187500,4749.999999915325,-1539068.2168791033,243917.86117007182,309.4412277823874,263,1:23:28
23.8%,1190000,4759.999999915089,-1540304.7357253581,246539.61165101174,312.76725599479227,263,1:23:25
23.9%,1192500,4769.999999914852,-1540724.6271254178,245088.24948760224,310.92601612966735,263,1:23:22
23.9%,1195000,4779.999999914616,-1542084.8913401747,245030.04871103942,310.8521809473191,263,1:23:18
23.9%,1197500,4789.999999914379,-1541015.2617172673,244420.9181546222,310.0794203698307,263,1:23:15
24.0%,1200000,4799.999999914143,-1542270.4868272785,244814.77123877947,310.57907374225243,263,1:23:12
24.1%,1202500,4809.999999913906,-1540576.1807583598,244121.36217463092,309.6993950211605,263,1:23:08
24.1%,1205000,4819.99999991367,-1541041.9104593433,245917.5937835557,311.97814620314,263,1:23:05
24.1%,1207500,4829.999999913433,-1540198.162454795,246813.02232510975,313.114112654964,263,1:23:02
24.2%,1210000,4839.999999913197,-1538559.842750431,246402.53431351724,312.59335573422106,263,1:22:59
24.2%,1212500,4849.99999991296,-1542217.9816114577,245576.02061266545,311.5448166352651,263,1:22:55
24.3%,1215000,4859.999999912724,-1541183.5633495692,245866.38303719927,311.9131787745468,263,1:22:52
24.4%,1217500,4869.9999999124875,-1541445.236016185,244666.55275702235,310.3910395050098,263,1:22:49
24.4%,1220000,4879.999999912251,-1539721.4912401289,245070.75163913128,310.90381785485295,263,1:22:45
24.4%,1222500,4889.999999912015,-1540437.750208092,245567.91089335666,311.5345284116481,263,1:22:42
24.5%,1225000,4899.999999911778,-1539766.9695182182,245543.50059678487,311.5035608059735,263,1:22:39
24.6%,1227500,4909.999999911542,-1538343.8847011188,245056.07704274013,310.885201238986,263,1:22:35
24.6%,1230000,4919.999999911305,-1542097.3497698307,245296.98467881512,311.1908236084656,263,1:22:32
24.6%,1232500,4929.999999911069,-1541606.4658909868,245670.7289675902,311.6649663835803,263,1:22:29
24.7%,1235000,4939.999999910832,-1540858.4702920746,245424.34740455906,311.3523996326192,263,1:22:26
24.8%,1237500,4949.999999910596,-1540553.706785635,245446.47645927453,311.3804731891352,263,1:22:22
24.8%,1240000,4959.999999910359,-1541164.616162504,244531.3377402003,310.2195018381111,263,1:22:19
24.9%,1242500,4969.999999910123,-1539581.7414816841,244385.01313019887,310.0338702211544,263,1:22:16
24.9%,1245000,4979.999999909886,-1539732.7585453568,246353.8570617332,312.5316023698513,263,1:22:12
24.9%,1247500,4989.99999990965,-1540761.8744713506,245388.76257962748,311.30725569824546,263,1:22:09
25.0%,1250000,4999.999999909413,-1540203.6593056573,245241.22774106037,311.1200887504546,263,1:22:06
25.1%,1252500,5009.999999909177,-1540143.325584353,244050.93099058987,309.61004399143565,263,1:22:03
25.1%,1255000,5019.9999999089405,-1539360.0457409425,244705.53295130742,310.4404909027914,263,1:21:59
25.1%,1257500,5029.999999908704,-1537550.6176193757,244000.75551590783,309.5463899383225,263,1:21:56
25.2%,1260000,5039.9999999084675,-1540030.99775038,245481.63526429055,311.4250766623673,263,1:21:53
25.2%,1262500,5049.999999908231,-1538698.4628359443,245073.4910058704,310.90729309443986,263,1:21:49
25.3%,1265000,5059.999999907995,-1538172.4707128005,242933.5720192052,308.19253020084915,263,1:21:46
25.4%,1267500,5069.999999907758,-1540731.028793281,244636.578170094,310.35301288023993,263,1:21:43
25.4%,1270000,5079.999999907522,-1541475.9768652096,244894.72311448812,310.68050299578925,263,1:21:39
25.4%,1272500,5089.999999907285,-1540879.701580111,244356.5340799886,309.99774087736273,263,1:21:36
25.5%,1275000,5099.999999907049,-1539196.9202708276,243876.40346654912,309.38863334499126,263,1:21:33
25.6%,1277500,5109.999999906812,-1539512.8214979162,245996.53582409798,312.0782943506839,263,1:21:30
25.6%,1280000,5119.999999906576,-1540546.5751044918,245986.6314191129,312.0657293370997,263,1:21:27
25.6%,1282500,5129.999999906339,-1539126.6217554398,244899.0557156991,310.68599945854027,263,1:21:24
25.7%,1285000,5139.999999906103,-1541955.0275675291,245770.98010938478,311.79214787104775,263,1:21:21
25.8%,1287500,5149.999999905866,-1541246.919306539,245679.74998228176,311.6764107027811,263,1:21:18
25.8%,1290000,5159.99999990563,-1539332.002153202,244589.38184800447,310.29313826595734,263,1:21:14
25.9%,1292500,5169.999999905393,-1542640.0493173515,244423.23737432016,310.08236259877367,263,1:21:11
25.9%,1295000,5179.999999905157,-1538086.7124956613,246770.63477642383,313.06033858919807,263,1:21:08
25.9%,1297500,5189.9999999049205,-1540438.5849968586,246285.4052687089,312.4447624526114,263,1:21:05
26.0%,1300000,5199.999999904684,-1540960.3427202161,245769.73949642456,311.7905739936951,263,1:21:01
26.1%,1302500,5209.999999904448,-1540712.5841337005,246097.41911806376,312.2062778046128,263,1:20:58
26.1%,1305000,5219.999999904211,-1538316.72228993,244774.3708841311,310.5278206881084,263,1:20:55
26.1%,1307500,5229.999999903975,-1541822.750207602,245254.67230723088,311.1371449145372,263,1:20:51
26.2%,1310000,5239.999999903738,-1539946.4503672132,246774.37967564736,313.0650894762716,263,1:20:48
26.2%,1312500,5249.999999903502,-1538477.2407552823,245374.45043742724,311.2890989022101,263,1:20:45
26.3%,1315000,5259.999999903265,-1540714.615605277,246016.66344196987,312.1038288267437,263,1:20:42
26.4%,1317500,5269.999999903029,-1537715.5804413315,245517.81461113092,311.47097482436715,263,1:20:38
26.4%,1320000,5279.999999902792,-1540017.0803794991,246928.22717978992,313.26026485352673,263,1:20:35
26.4%,1322500,5289.999999902556,-1538616.5796990134,246327.06000287092,312.4976068487545,263,1:20:32
26.5%,1325000,5299.999999902319,-1541124.8064431548,245044.3178219191,310.8702831525811,263,1:20:28
26.6%,1327500,5309.999999902083,-1540084.6620108997,245363.04389461462,311.27462823329006,263,1:20:25
26.6%,1330000,5319.999999901846,-1539894.0186108407,245093.68975831277,310.93291781386574,263,1:20:22
26.6%,1332500,5329.99999990161,-1539015.3013552716,244420.15118484705,310.0784473698718,263,1:20:18
26.7%,1335000,5339.9999999013735,-1541711.2619486833,244439.19068318722,310.1026014261368,263,1:20:15
26.8%,1337500,5349.999999901137,-1539349.776155442,244540.41397639853,310.2310162129065,263,1:20:12
26.8%,1340000,5359.999999900901,-1540054.443037847,245496.18572316636,311.4435357938049,263,1:20:09
26.9%,1342500,5369.999999900664,-1538703.6912729098,245695.7651417178,311.69672799555843,263,1:20:06
26.9%,1345000,5379.999999900428,-1537999.9136992022,243380.91901534557,308.7600474915732,263,1:20:03
26.9%,1347500,5389.999999900191,-1540066.0163952513,244491.258695217,310.1686564066676,263,1:20:00
27.0%,1350000,5399.999999899955,-1541322.4945601132,245603.29565149196,311.57941853551876,263,1:19:57
27.1%,1352500,5409.999999899718,-1541419.759510938,244921.3055113186,310.71422619044654,263,1:19:54
27.1%,1355000,5419.999999899482,-1541711.8417360242,245447.70580213467,311.3820327689142,263,1:19:50
27.1%,1357500,5429.999999899245,-1540740.1717939992,245583.04949339165,311.5537336759091,263,1:19:47
27.2%,1360000,5439.999999899009,-1540098.3317521,245251.88063141477,311.1336033141478,263,1:19:44
27.2%,1362500,5449.999999898772,-1538961.07642237,245170.4020974223,311.0302372979176,263,1:19:40
27.3%,1365000,5459.999999898536,-1539456.49805855,245120.15941098164,310.96649797803053,263,1:19:37
27.4%,1367500,5469.999999898299,-1540220.2220212389,246332.52538857167,312.5045403945532,263,1:19:34
27.4%,1370000,5479.999999898063,-1538855.6933426298,244858.3071256994,310.63430462299425,263,1:19:31
27.4%,1372500,5489.9999998978265,-1539310.7627046015,245498.09116256313,311.44595308913364,263,1:19:27
27.5%,1375000,5499.99999989759,-1538975.5608093739,245186.16808559152,311.05023848484535,263,1:19:24
27.6%,1377500,5509.9999998973535,-1539494.365878149,246929.05135479852,313.26131042569335,263,1:19:21
27.6%,1380000,5519.999999897117,-1541476.1765809646,244720.01985357775,310.4588694044878,263,1:19:18
27.6%,1382500,5529.999999896881,-1539375.1535870219,245599.83105599077,311.57502324982494,263,1:19:15
27.7%,1385000,5539.999999896644,-1537555.507355826,246330.55313466195,312.50203833640796,263,1:19:11
27.8%,1387500,5549.999999896408,-1536714.0948832314,247062.30437716126,313.4303590498812,263,1:19:08
27.8%,1390000,5559.999999896171,-1538870.5241958443,245620.75663444115,311.6015700416699,263,1:19:05
27.9%,1392500,5569.999999895935,-1541235.6569445357,245895.17082257592,311.9496997886675,263,1:19:02
27.9%,1395000,5579.999999895698,-1541009.4913931228,245033.33985054065,310.8563561817328,263,1:18:59
27.9%,1397500,5589.999999895462,-1538458.7170006642,245537.86576192762,311.4964122920918,263,1:18:55
28.0%,1400000,5599.999999895225,-1540745.6431592163,245448.2125931392,311.382675698587,263,1:18:52
28.1%,1402500,5609.999999894989,-1540385.5225242507,245244.58933634037,311.12435336709956,263,1:18:49
28.1%,1405000,5619.999999894752,-1540466.9115099274,244724.09364621388,310.46403753522253,263,1:18:45
28.1%,1407500,5629.999999894516,-1538684.6426621368,245123.7766740712,310.97108694222646,263,1:18:42
28.2%,1410000,5639.999999894279,-1539039.8206628049,245773.41179976997,311.79523278354566,263,1:18:39
28.2%,1412500,5649.999999894043,-1538467.950039735,245067.68226416793,310.8999239573227,263,1:18:36
28.3%,1415000,5659.9999998938065,-1541285.9384164568,245464.2985271113,311.4030827779803,263,1:18:33
28.4%,1417500,5669.99999989357,-1541964.1229286212,246729.89621668583,313.00865647833115,263,1:18:29
28.4%,1420000,5679.999999893334,-1541457.0024357224,246081.17207244498,312.1856663343417,263,1:18:26
28.4%,1422500,5689.999999893097,-1538692.832563324,245209.4003748324,311.0797116364727,263,1:18:23
28.5%,1425000,5699.999999892861,-1540811.1008921284,245413.4474952421,311.3385716935516,263,1:18:20
28.6%,1427500,5709.999999892624,-1538826.2173308544,245135.15822687742,310.9855259081043,263,1:18:17
28.6%,1430000,5719.999999892388,-1538883.0768263862,246777.69676967894,313.0692976373505,263,1:18:14
28.6%,1432500,5729.999999892151,-1539409.67081442,245548.36398730768,311.5097306433415,263,1:18:11
28.7%,1435000,5739.999999891915,-1539663.3779763393,245677.31993302138,311.6733278722614,263,1:18:07
28.8%,1437500,5749.999999891678,-1540547.6871133074,245017.09748681093,310.835750651041,263,1:18:04
28.8%,1440000,5759.999999891442,-1539001.8190073706,245648.1954446073,311.6363797069645,263,1:18:01
28.9%,1442500,5769.999999891205,-1539540.3796817036,247240.34989022635,313.65623271858146,263,1:17:57
28.9%,1445000,5779.999999890969,-1538613.3704470657,244542.66926806554,310.23387734090716,263,1:17:54
28.9%,1447500,5789.999999890732,-1537912.1372829136,245741.9711890467,311.7553463187424,263,1:17:51
29.0%,1450000,5799.999999890496,-1540697.597438531,244295.38244258903,309.92016214792056,263,1:17:48
29.1%,1452500,5809.9999998902595,-1539101.6462948862,246349.98390920082,312.5266887769342,263,1:17:44
29.1%,1455000,5819.999999890023,-1539434.9404537166,245456.98999721266,311.3938109663374,263,1:17:41
29.1%,1457500,5829.9999998897865,-1540921.2238744106,244852.4759594525,310.62690703745386,263,1:17:38
29.2%,1460000,5839.99999988955,-1537247.012704595,247098.3836701297,313.47613028065587,263,1:17:35
29.2%,1462500,5849.999999889314,-1536780.6505657127,245633.27537982602,311.617451682824,263,1:17:32
29.3%,1465000,5859.999999889077,-1540281.5618809229,245730.6308781425,311.74095967352997,263,1:17:29
29.4%,1467500,5869.999999888841,-1537714.5410918742,245121.52163948957,310.9682261403717,263,1:17:25
29.4%,1470000,5879.999999888604,-1539551.5660269689,246115.76324649455,312.229549694572,263,1:17:22
29.4%,1472500,5889.999999888368,-1540191.274653689,244243.49342085444,309.8543342396364,263,1:17:19
29.5%,1475000,5899.999999888131,-1538862.2263245014,247042.68566260982,313.405470183239,263,1:17:16
29.6%,1477500,5909.999999887895,-1538370.3944553984,245465.55923930704,311.4046821538024,263,1:17:13
29.6%,1480000,5919.999999887658,-1538585.7122175107,246128.04560073628,312.2451314431097,263,1:17:09
29.6%,1482500,5929.999999887422,-1538180.3498374429,245373.29051499348,311.28762739118457,263,1:17:06
29.7%,1485000,5939.999999887185,-1540590.677437542,246447.50815981883,312.6504108516729,263,1:17:03
29.8%,1487500,5949.999999886949,-1539212.330591443,245191.45122294337,311.05694082513673,263,1:17:00
29.8%,1490000,5959.999999886712,-1540322.774014363,245806.17492632702,311.8367970300472,263,1:16:57
29.9%,1492500,5969.999999886476,-1539646.3681963794,244996.0417547458,310.80903874256967,263,1:16:53
29.9%,1495000,5979.9999998862395,-1540194.0790842166,244921.83080596777,310.7148925943761,263,1:16:50
29.9%,1497500,5989.999999886003,-1538928.6222957512,245738.2783240981,311.7506614438495,263,1:16:47
30.0%,1500000,5999.999999885767,-1539742.686926202,244362.04092990526,310.00472702586063,263,1:16:44
30.1%,1502500,6009.99999988553,-1539594.040659653,243388.80091952297,308.77004670234936,263,1:16:41
30.1%,1505000,6019.999999885294,-1542015.2333564237,245647.73847509027,311.6357999822664,263,1:16:37
30.1%,1507500,6029.999999885057,-1540173.6265048655,243871.95630035107,309.38299154179623,263,1:16:34
30.2%,1510000,6039.999999884821,-1539197.2688751286,246306.88201975886,312.4720084778996,263,1:16:31
30.2%,1512500,6049.999999884584,-1537070.829042147,245371.1441566012,311.28490445907545,263,1:16:28
30.3%,1515000,6059.999999884348,-1538044.717134539,246005.5303427682,312.08970505626843,263,1:16:25
30.4%,1517500,6069.999999884111,-1537113.791995626,245787.03928628023,311.8125210056426,263,1:16:21
30.4%,1520000,6079.999999883875,-1538302.4432691205,244610.06626442558,310.3193791127022,263,1:16:18
30.4%,1522500,6089.999999883638,-1541725.8029533224,247083.61107281368,313.4573893379915,263,1:16:15
30.5%,1525000,6099.999999883402,-1540493.1196048437,245738.25892044435,311.75063682781524,263,1:16:11
30.6%,1527500,6109.999999883165,-1540562.6661287518,245141.40220188288,310.9934471947319,263,1:16:08
30.6%,1530000,6119.999999882929,-1539568.565178588,244185.65090954286,309.78095356291016,263,1:16:05
30.6%,1532500,6129.9999998826925,-1540597.5017649224,246991.3669940327,313.34036584140654,263,1:16:01
30.7%,1535000,6139.999999882456,-1540983.1087466516,245949.2870927197,312.0183532484673,263,1:15:58
30.8%,1537500,6149.9999998822195,-1541301.732247265,244141.76753866847,309.72528185401006,263,1:15:55
30.8%,1540000,6159.999999881983,-1539527.6401892249,245455.03002846,311.3913244934963,263,1:15:52
30.9%,1542500,6169.999999881747,-1540819.8817730602,244883.726950328,310.66655294505387,263,1:15:48
30.9%,1545000,6179.99999988151,-1541050.7523187064,244707.87333726886,310.4434599838662,263,1:15:45
30.9%,1547500,6189.999999881274,-1540496.790759611,243676.5131028244,309.1350466692303,263,1:15:42
31.0%,1550000,6199.999999881037,-1538285.5812869938,245448.44343895442,311.38296855624054,263,1:15:38
31.1%,1552500,6209.999999880801,-1540711.6814050516,244262.82949035027,309.8788645346159,263,1:15:35
31.1%,1555000,6219.999999880564,-1540605.0737743778,244667.92540268102,310.3927808828486,263,1:15:32
31.1%,1557500,6229.999999880328,-1540229.5701010795,245539.05698946782,311.4979235176775,263,1:15:28
31.2%,1560000,6239.999999880091,-1538375.540551994,245292.64906294178,311.1853233212271,263,1:15:25
31.2%,1562500,6249.999999879855,-1539815.2882159948,245056.68964556238,310.88597840458,263,1:15:22
31.3%,1565000,6259.999999879618,-1540456.4493190264,244501.81822560276,310.1820525312142,263,1:15:19
31.4%,1567500,6269.999999879382,-1542033.5627994193,245042.79003094783,310.8683449529279,263,1:15:15
31.4%,1570000,6279.999999879145,-1538283.2088466855,244020.81487599842,309.5718378205939,263,1:15:12
31.4%,1572500,6289.999999878909,-1540093.2647677604,245353.0260322723,311.26191928443285,263,1:15:09
31.5%,1575000,6299.9999998786725,-1539461.4766006898,245441.77274653123,311.3745059235998,263,1:15:05
31.6%,1577500,6309.999999878436,-1540028.7976186825,246885.9225324656,313.2065959588171,263,1:15:02
31.6%,1580000,6319.9999998782,-1541000.6838788567,246501.4384082137,312.7188283189214,263,1:14:59
31.6%,1582500,6329.999999877963,-1542794.8460250692,245130.70910022382,310.9798816178188,263,1:14:55
31.7%,1585000,6339.999999877727,-1540460.5887537561,244825.5819693045,310.5927885465347,263,1:14:52
31.8%,1587500,6349.99999987749,-1540819.5251088329,244404.62304144923,310.0587479196751,263,1:14:49
31.8%,1590000,6359.999999877254,-1538830.6153213428,245624.12060557955,311.60583767239723,263,1:14:45
31.9%,1592500,6369.999999877017,-1540136.5498664873,247206.1702642404,313.6128714600844,263,1:14:42
31.9%,1595000,6379.999999876781,-1539823.8651344301,247294.17581152715,313.72451783347196,263,1:14:39
31.9%,1597500,6389.999999876544,-1538510.9630971057,243966.70335026726,309.5031903796926,263,1:14:36
32.0%,1600000,6399.999999876308,-1540560.1543606808,246131.46720162922,312.2494721846045,263,1:14:32
32.0%,1602500,6409.999999876071,-1539389.4683747748,245211.3484342646,311.08218300080665,263,1:14:29
32.1%,1605000,6419.999999875835,-1539411.8126013828,245224.82233023207,311.0992763735149,263,1:14:26
32.1%,1607500,6429.999999875598,-1540692.3910193555,245167.21276813495,311.0261912228752,263,1:14:22
32.2%,1610000,6439.999999875362,-1541841.9722699374,246627.23390468914,312.8784161108614,263,1:14:19
32.2%,1612500,6449.9999998751255,-1538342.5449103704,244963.41664397385,310.7676495868704,263,1:14:16
32.3%,1615000,6459.999999874889,-1536959.5170833636,245412.91238677865,311.3378928395344,263,1:14:12
32.4%,1617500,6469.9999998746525,-1541482.672258704,246023.15287369865,312.112061506844,263,1:14:09
32.4%,1620000,6479.999999874416,-1540216.8442480303,245651.24726032862,311.6402513283342,263,1:14:06
32.5%,1622500,6489.99999987418,-1537765.8055359367,245106.57531047543,310.9492647966686,263,1:14:02
32.5%,1625000,6499.999999873943,-1539505.547467175,245775.97392340208,311.79848316741936,263,1:13:59
32.5%,1627500,6509.999999873707,-1542217.4175000452,245394.87488624163,311.31500994655755,263,1:13:56
32.6%,1630000,6519.99999987347,-1540053.6467819447,244159.79604553882,309.74815333736217,263,1:13:52
32.6%,1632500,6529.999999873234,-1541232.398892413,244882.321103065,310.664769446703,263,1:13:49
32.7%,1635000,6539.999999872997,-1541105.255107671,244368.5423987076,310.01297497653934,263,1:13:46
32.8%,1637500,6549.999999872761,-1539105.5360749885,246202.274921624,312.3393008986911,263,1:13:43
32.8%,1640000,6559.999999872524,-1538813.4654126214,244796.70593296218,310.5561555746957,263,1:13:40
32.9%,1642500,6569.999999872288,-1539478.4735403107,244603.05168054457,310.31048020944803,263,1:13:37
32.9%,1645000,6579.999999872051,-1540550.6604648847,245507.3187532232,311.45765947656105,263,1:13:33
33.0%,1647500,6589.999999871815,-1537928.6286465488,244220.10174726343,309.8246588884294,263,1:13:30
33.0%,1650000,6599.999999871578,-1538369.0389662152,244460.60769722937,310.12977166733543,263,1:13:27
33.0%,1652500,6609.999999871342,-1539827.885902864,243951.7764275206,309.4842536553397,263,1:13:23
33.1%,1655000,6619.9999998711055,-1537156.5570744146,244906.92990303872,310.69598887951366,263,1:13:20
33.1%,1657500,6629.999999870869,-1538929.1179769496,245332.76593885972,311.2362167460845,263,1:13:17
33.2%,1660000,6639.999999870633,-1538631.8836971158,245883.1610577567,311.93446385492643,263,1:13:14
33.2%,1662500,6649.999999870396,-1540448.5711405044,245276.87901762145,311.1653169872805,263,1:13:11
33.3%,1665000,6659.99999987016,-1539437.4144802503,245125.82275309943,310.97368265704455,263,1:13:07
33.4%,1667500,6669.999999869923,-1541157.5955782458,245411.4458329975,311.33603232714523,263,1:13:04
33.4%,1670000,6679.999999869687,-1538378.8340719538,246155.3253129149,312.2797392721126,263,1:13:01
33.5%,1672500,6689.99999986945,-1539816.9123575343,243514.0868143638,308.92898799897023,263,1:12:58
33.5%,1675000,6699.999999869214,-1541198.2616261793,245463.83708205106,311.4024973754792,263,1:12:55
33.5%,1677500,6709.999999868977,-1541096.3766730921,245501.76939653003,311.45061940274155,263,1:12:51
33.6%,1680000,6719.999999868741,-1539192.9160061032,244746.94678252327,310.4930296825148,263,1:12:48
33.6%,1682500,6729.999999868504,-1541184.450424333,244924.91647186445,310.7188071590538,263,1:12:45
33.7%,1685000,6739.999999868268,-1539386.0020772563,244908.78253474899,310.6983391814895,263,1:12:42
33.8%,1687500,6749.999999868031,-1540889.8583164178,245879.90486079844,311.93033294962976,263,1:12:38
33.8%,1690000,6759.999999867795,-1540020.6005478008,245910.06374938565,311.96859338479516,263,1:12:35
33.9%,1692500,6769.9999998675585,-1540953.3330505108,243793.7172209714,309.2837351910408,263,1:12:32
33.9%,1695000,6779.999999867322,-1542263.4847263433,244841.97740007576,310.6135882624863,263,1:12:28
34.0%,1697500,6789.9999998670855,-1539118.7417382868,244373.9945140603,310.01989168719206,263,1:12:25
34.0%,1700000,6799.999999866849,-1538070.8550789766,245423.09153566125,311.3508064011445,263,1:12:22
34.0%,1702500,6809.999999866613,-1539362.16239022,244675.81388358184,310.4027884370456,263,1:12:19
34.1%,1705000,6819.999999866376,-1539680.6015491672,246283.3040816985,312.4420968262191,263,1:12:15
34.1%,1707500,6829.99999986614,-1537847.5840740409,243034.63211241967,308.3207379473999,263,1:12:12
34.2%,1710000,6839.999999865903,-1541959.706496575,245407.48230295983,311.33100407872047,263,1:12:09
34.2%,1712500,6849.999999865667,-1541957.849330984,247317.85751022797,313.75456111889105,263,1:12:05
34.3%,1715000,6859.99999986543,-1539965.4457373358,244987.86030507286,310.79865951974574,263,1:12:02
34.4%,1717500,6869.999999865194,-1539459.8540969323,245374.3131550001,311.28892474176695,263,1:11:59
34.4%,1720000,6879.999999864957,-1541955.2878522007,245089.00559100945,310.92697534423877,263,1:11:55
34.5%,1722500,6889.999999864721,-1539231.5212260736,246249.27264129266,312.3989235602193,263,1:11:52
34.5%,1725000,6899.999999864484,-1540109.5477636298,245575.5054665461,311.54416310605285,263,1:11:49
34.5%,1727500,6909.999999864248,-1540341.6737751774,245573.13803193608,311.54115971028307,263,1:11:46
34.6%,1730000,6919.999999864011,-1538877.739712811,247630.46743082986,314.1511470728018,263,1:11:43
34.6%,1732500,6929.999999863775,-1537964.7575867753,245848.71325735512,311.8907623826376,263,1:11:39
34.7%,1735000,6939.9999998635385,-1540771.9882918056,245326.5782318595,311.2283668426698,263,1:11:36
34.8%,1737500,6949.999999863302,-1541299.918323353,245064.19832652775,310.89550413363406,263,1:11:33
34.8%,1740000,6959.999999863066,-1540974.1418042537,246036.49554257878,312.12898840108767,263,1:11:29
34.9%,1742500,6969.999999862829,-1537990.0673401076,244584.14444683352,310.28649394790307,263,1:11:26
34.9%,1745000,6979.999999862593,-1540361.7362976,244947.8058174489,310.7478452424759,263,1:11:23
35.0%,1747500,6989.999999862356,-1539707.383246554,245225.44705791966,311.10006892106253,263,1:11:20
35.0%,1750000,6999.99999986212,-1541246.78452391,246222.93178378258,312.36550678930445,263,1:11:16
35.0%,1752500,7009.999999861883,-1542032.515291322,245019.9982275792,310.8394306143717,263,1:11:13
35.1%,1755000,7019.999999861647,-1538588.618284448,244487.51324815824,310.16390482459445,263,1:11:10
35.1%,1757500,7029.99999986141,-1540478.6334775304,246142.086457757,312.2629440789486,263,1:11:07
35.2%,1760000,7039.999999861174,-1541144.6117874924,245595.5738586416,311.56962244658604,263,1:11:04
35.2%,1762500,7049.999999860937,-1538445.0937484205,244246.6436395477,309.85833069785207,263,1:11:00
35.3%,1765000,7059.999999860701,-1540087.7679137047,246785.47881495635,313.07917016424847,263,1:10:57
35.4%,1767500,7069.999999860464,-1542228.3290060638,245155.67486028845,311.0115539004875,263,1:10:54
35.4%,1770000,7079.999999860228,-1537675.8052228307,244625.50533647923,310.33896556442494,263,1:10:51
35.5%,1772500,7089.9999998599915,-1540324.0796155287,246399.43513861558,312.58942403163036,263,1:10:47
35.5%,1775000,7099.999999859755,-1538614.8777604625,246040.8831533841,312.13455465059525,263,1:10:44
35.5%,1777500,7109.9999998595185,-1539760.2865466373,246256.16532619245,312.4076678189131,263,1:10:41
35.6%,1780000,7119.999999859282,-1539425.9425076004,245041.54749888368,310.8667686409446,263,1:10:38
35.6%,1782500,7129.999999859046,-1540299.8119267141,245829.26311152196,311.8660873671292,263,1:10:34
35.7%,1785000,7139.999999858809,-1539986.042411373,244690.19897060734,310.42103777298837,263,1:10:31
35.8%,1787500,7149.999999858573,-1539403.5411313605,244472.73082886028,310.1451514214807,263,1:10:28
35.8%,1790000,7159.999999858336,-1538913.248568791,246852.12463307127,313.1637189696747,263,1:10:25
35.9%,1792500,7169.9999998581,-1540078.126596774,244270.07619717775,309.8880579157292,263,1:10:22
35.9%,1795000,7179.999999857863,-1539817.6373951873,243466.08417082502,308.86809046206093,263,1:10:18
36.0%,1797500,7189.999999857627,-1539760.43749535,244577.09377726266,310.2775492653028,263,1:10:15
36.0%,1800000,7199.99999985739,-1539659.38169422,244993.08744884477,310.8052908249679,263,1:10:12
36.0%,1802500,7209.999999857154,-1539182.4207514664,244882.8847730484,310.66548453468744,263,1:10:09
36.1%,1805000,7219.999999856917,-1539896.0351049276,245228.33842454068,311.10373699207986,263,1:10:05
36.1%,1807500,7229.999999856681,-1538110.604150951,245718.1950076615,311.72518316986714,263,1:10:02
36.2%,1810000,7239.999999856444,-1540318.446988929,244472.903773861,310.14537082449243,263,1:09:59
36.2%,1812500,7249.999999856208,-1539421.1027583256,244511.79314363372,310.19470699968036,263,1:09:56
36.3%,1815000,7259.9999998559715,-1537641.574102779,245924.1549542595,311.98646989337135,263,1:09:53
36.4%,1817500,7269.999999855735,-1538220.0288411332,244591.4248088735,310.29573002498876,262,1:09:50
36.4%,1820000,7279.999999855499,-1541376.425348414,244043.47738755494,309.60058813583134,262,1:09:47
36.5%,1822500,7289.999999855262,-1538770.663638589,245291.0932887498,311.1833496212536,262,1:09:43
36.5%,1825000,7299.999999855026,-1539697.755703426,244367.77315443108,310.01199909108243,262,1:09:40
36.5%,1827500,7309.999999854789,-1539781.292489266,246147.27834441818,312.2695306559841,262,1:09:37
36.6%,1830000,7319.999999854553,-1541328.6683989894,246655.6180997645,312.9144251186954,262,1:09:34
36.6%,1832500,7329.999999854316,-1540445.7403262341,245533.63317819193,311.4910427143923,262,1:09:30
36.7%,1835000,7339.99999985408,-1539988.9976502806,246745.59230291244,313.0285689856401,262,1:09:27
36.8%,1837500,7349.999999853843,-1540148.3912337376,245347.70047463488,311.2551631285448,262,1:09:24
36.8%,1840000,7359.999999853607,-1537647.8013979876,245324.3168308816,311.22549796422135,262,1:09:20
36.9%,1842500,7369.99999985337,-1537675.4994635452,245736.2899848123,311.74813897933257,262,1:09:17
36.9%,1845000,7379.999999853134,-1542657.332781177,244669.43754072845,310.3946992247516,262,1:09:14
37.0%,1847500,7389.999999852897,-1535810.1446034927,245310.7003934253,311.20822375927264,262,1:09:10
37.0%,1850000,7399.999999852661,-1539394.897504555,245855.70971368905,311.89963828876324,262,1:09:07
37.0%,1852500,7409.9999998524245,-1541866.787681099,246540.3921892023,312.76824620803393,262,1:09:04
37.1%,1855000,7419.999999852188,-1538308.7978939023,245262.48998441896,311.1470626451039,262,1:09:00
37.1%,1857500,7429.9999998519515,-1540339.4791268287,245218.57458913495,311.0913503091149,262,1:08:57
37.2%,1860000,7439.999999851715,-1540075.5742029874,245228.88743727628,311.10443348545743,262,1:08:54
37.2%,1862500,7449.999999851479,-1540439.6528320704,246256.89337638082,312.4085914443627,262,1:08:51
37.3%,1865000,7459.999999851242,-1541264.6285703536,245810.09684117459,311.8417724842426,262,1:08:47
37.4%,1867500,7469.999999851006,-1539991.3767392607,244764.1923844354,310.51490795007555,262,1:08:44
37.4%,1870000,7479.999999850769,-1539874.840177279,245560.85302183882,311.5255745924504,262,1:08:41
37.5%,1872500,7489.999999850533,-1541201.309755723,245762.72849218614,311.7816796316786,262,1:08:37
37.5%,1875000,7499.999999850296,-1538910.8091742592,245025.35939650855,310.84623194777095,262,1:08:34
37.5%,1877500,7509.99999985006,-1540507.1628447706,245832.18695598026,311.86979664046686,262,1:08:31
37.6%,1880000,7519.999999849823,-1539326.2406241354,245544.29258998868,311.50456555137515,262,1:08:27
37.6%,1882500,7529.999999849587,-1539472.4565766593,244759.40772011317,310.5088379870343,262,1:08:24
37.7%,1885000,7539.99999984935,-1540154.4131244523,244771.09179263242,310.52366073813795,262,1:08:21
37.8%,1887500,7549.999999849114,-1538855.2437617062,244920.38990598658,310.7130646271369,262,1:08:17
37.8%,1890000,7559.999999848877,-1540197.1382303806,246533.86318854804,312.7599633296545,262,1:08:14
37.9%,1892500,7569.999999848641,-1539625.3676177124,243710.67793062102,309.17838915431787,262,1:08:11
37.9%,1895000,7579.9999998484045,-1541304.2331585018,245375.83033194038,311.2908494761546,263,1:08:07
38.0%,1897500,7589.999999848168,-1538530.7880879724,245371.64126228337,311.2855351016692,263,1:08:04
38.0%,1900000,7599.999999847932,-1538753.5293717599,245874.63541201258,311.9236479750477,263,1:08:01
38.0%,1902500,7609.999999847695,-1540631.3574368376,243985.59336656876,309.5271547987357,263,1:07:58
38.1%,1905000,7619.999999847459,-1540062.715901264,246004.18793894086,312.0880020440884,263,1:07:54
38.1%,1907500,7629.999999847222,-1537748.4055298064,245505.79431733594,311.45572553326406,263,1:07:51
38.2%,1910000,7639.999999846986,-1538954.7639161646,245107.53660230432,310.95048431918474,263,1:07:48
38.2%,1912500,7649.999999846749,-1538523.8779517552,246114.46779903345,312.22790625259125,263,1:07:44
38.3%,1915000,7659.999999846513,-1539234.8537440756,244263.44930489518,309.87965084920904,263,1:07:41
38.4%,1917500,7669.999999846276,-1541156.1524526374,244952.79735326412,310.75417764865466,263,1:07:38
38.4%,1920000,7679.99999984604,-1541437.7930426644,245317.34547100987,311.2166538961909,263,1:07:35
38.5%,1922500,7689.999999845803,-1542058.5299986703,244940.08655503136,310.7380523637232,263,1:07:31
38.5%,1925000,7699.999999845567,-1540256.4612987842,246000.08444686455,312.082796235788,263,1:07:28
38.5%,1927500,7709.99999984533,-1540619.2197357947,245510.19673296378,311.46131056459615,263,1:07:25
38.6%,1930000,7719.999999845094,-1540027.624731212,246087.33570701542,312.19348569877826,263,1:07:21
38.6%,1932500,7729.9999998448575,-1541625.9924646625,246211.550570765,312.3510682544923,263,1:07:18
38.7%,1935000,7739.999999844621,-1542001.9166323561,245220.6119392849,311.0939349502264,263,1:07:15
38.8%,1937500,7749.999999844385,-1539904.7193529597,244659.19722444523,310.3817080644144,263,1:07:11
38.8%,1940000,7759.999999844148,-1540148.3290141486,246537.90032322376,312.76508495504424,263,1:07:08
38.9%,1942500,7769.999999843912,-1537981.0100124096,245951.83343646093,312.02158361351667,263,1:07:05
38.9%,1945000,7779.999999843675,-1538963.4132828554,243697.41472266964,309.16156306649833,263,1:07:01
39.0%,1947500,7789.999999843439,-1541157.5596313523,243750.2692464044,309.2286158384433,263,1:06:58
39.0%,1950000,7799.999999843202,-1540211.4757390162,245228.1103936346,311.10344770550114,263,1:06:55
39.0%,1952500,7809.999999842966,-1538351.327460927,245265.3187003833,311.1506512356928,263,1:06:51
39.1%,1955000,7819.999999842729,-1540670.737323857,243984.8730989183,309.52624104643803,263,1:06:48
39.1%,1957500,7829.999999842493,-1539320.169443529,246645.18692964638,312.9011918356834,263,1:06:45
39.2%,1960000,7839.999999842256,-1540314.0391751956,245883.61279205157,311.93503693807077,263,1:06:42
39.2%,1962500,7849.99999984202,-1538773.5956371278,245056.42314513947,310.88564031446356,263,1:06:38
39.3%,1965000,7859.999999841783,-1541617.467048359,245811.58568195836,311.8436612705656,263,1:06:35
39.4%,1967500,7869.999999841547,-1540464.710653049,246066.61473112617,312.16719847163847,263,1:06:32
39.4%,1970000,7879.9999998413105,-1539041.5991979288,246139.37177565246,312.25950015500035,263,1:06:28
39.5%,1972500,7889.999999841074,-1542449.9440862378,245010.34884553344,310.82718913023746,263,1:06:25
39.5%,1975000,7899.9999998408375,-1541975.6195941018,245078.26135542724,310.91334489735715,263,1:06:22
39.5%,1977500,7909.999999840601,-1536651.0957411584,246395.9104478825,312.5849525073936,263,1:06:18
39.6%,1980000,7919.999999840365,-1540091.4358938215,244550.5616936019,310.24388989938257,263,1:06:15
39.6%,1982500,7929.999999840128,-1538731.6683482323,243981.00632926146,309.52133555102074,263,1:06:12
39.7%,1985000,7939.999999839892,-1540046.0435828771,246188.75258827157,312.3221460769204,263,1:06:08
39.8%,1987500,7949.999999839655,-1538331.4718462098,243139.09986770467,308.4532687522536,263,1:06:05
39.8%,1990000,7959.999999839419,-1538850.9829773996,246929.81584838912,313.2622802842931,263,1:06:02
39.9%,1992500,7969.999999839182,-1539778.9907091344,244343.97665934922,309.9818101716662,263,1:05:59
39.9%,1995000,7979.999999838946,-1539676.8558736518,244096.92217399227,309.6683897320507,263,1:05:56
40.0%,1997500,7989.999999838709,-1540250.4300824339,245117.40763954498,310.96300700148686,263,1:05:52
40.0%,2000000,7999.999999838473,-1538989.7765539652,245336.51524471698,311.2409732235406,263,1:05:49
40.0%,2002500,8009.999999838236,-1539014.3410430746,245023.0499289869,310.84330209071993,262,1:05:46
40.1%,2005000,8019.999999838,-1537504.9304324538,244422.5903837356,310.08154180787346,263,1:05:43
40.1%,2007500,8029.999999837763,-1538814.68834416,244969.82759269938,310.77578270117107,262,1:05:39
40.2%,2010000,8039.999999837527,-1540527.544476308,244851.37917529827,310.6255156254692,262,1:05:36
40.2%,2012500,8049.9999998372905,-1540075.4098726064,245445.20951060817,311.37886590154676,262,1:05:33
40.3%,2015000,8059.999999837054,-1537654.3906286526,246541.2256377236,312.769303544846,262,1:05:30
40.4%,2017500,8069.999999836818,-1539499.8214081945,245097.40970800899,310.93763704925,262,1:05:26
40.4%,2020000,8079.999999836581,-1538548.169898739,244521.94239134504,310.2075826278029,262,1:05:23
40.5%,2022500,8089.999999836345,-1541219.8605395807,246297.3253428362,312.459884602156,262,1:05:20
40.5%,2025000,8099.999999836108,-1541091.6350867068,244852.27030738076,310.62664614130927,262,1:05:16
40.5%,2027500,8109.999999835872,-1540811.8918338353,244889.095050257,310.67336307131893,262,1:05:13
40.6%,2030000,8119.999999835635,-1542064.269538803,246713.42341494947,312.9877586073435,262,1:05:10
40.6%,2032500,8129.999999835399,-1541239.674365325,244502.57760856836,310.18301590632785,263,1:05:06
40.7%,2035000,8139.999999835162,-1538751.227708607,244994.2460389946,310.8067606458197,263,1:05:03
40.8%,2037500,8149.999999834926,-1539303.0229552826,244158.0504266236,309.745938794902,263,1:05:00
40.8%,2040000,8159.999999834689,-1539805.2064940492,245151.03104397195,311.0056626212852,263,1:04:56
40.9%,2042500,8169.999999834453,-1540552.3704063771,245399.09199464825,311.32035989180866,263,1:04:53
40.9%,2045000,8179.999999834216,-1539171.711716598,244373.05948917766,310.0187054876809,263,1:04:50
41.0%,2047500,8189.99999983398,-1541770.9594193865,245558.2658221854,311.5222923964135,263,1:04:47
41.0%,2050000,8199.999999835562,-1540047.6746286424,244127.3624158806,309.70700710012176,263,1:04:43
41.0%,2052500,8209.999999837599,-1541269.75449791,245258.06284620299,311.1414462499841,263,1:04:40
41.1%,2055000,8219.999999839636,-1540304.962772239,244805.97580579622,310.5679156025075,263,1:04:37
41.1%,2057500,8229.999999841673,-1539656.8423292916,245881.18594336137,311.93195816788665,263,1:04:33
41.2%,2060000,8239.99999984371,-1540428.53029837,245910.9116035488,311.96966899701954,263,1:04:30
41.2%,2062500,8249.999999845748,-1539228.236315987,244805.0145353846,310.56669610716193,263,1:04:27
41.3%,2065000,8259.999999847785,-1539726.4726100499,246181.64609706838,312.31313057738873,263,1:04:23
41.4%,2067500,8269.999999849822,-1540280.6545709707,244884.10239960585,310.6670292508272,263,1:04:20
41.4%,2070000,8279.99999985186,-1538484.847002576,244966.67933555198,310.771788731429,263,1:04:17
41.5%,2072500,8289.999999853897,-1539744.1877627391,245763.15652783675,311.7822226500399,263,1:04:13
41.5%,2075000,8299.999999855934,-1538336.549923597,244915.5378526895,310.7069091725002,263,1:04:10
41.5%,2077500,8309.999999857971,-1540972.5404993016,245063.31504273723,310.8943835743633,263,1:04:07
41.6%,2080000,8319.999999860009,-1542666.1553843748,244579.1831176848,310.2801998627719,263,1:04:03
41.6%,2082500,8329.999999862046,-1540982.0680173216,244050.86380107654,309.6099587528828,263,1:04:00
41.7%,2085000,8339.999999864083,-1539389.2981408797,245333.98168318614,311.2377590743717,263,1:03:57
41.8%,2087500,8349.99999986612,-1538562.6959019126,243854.43603352847,309.3607648264149,263,1:03:54
41.8%,2090000,8359.999999868158,-1539228.8995522354,244421.55566697713,310.08022913637575,263,1:03:50
41.9%,2092500,8369.999999870195,-1539743.218823703,245484.8279801897,311.429127033763,263,1:03:47
41.9%,2095000,8379.999999872232,-1536620.527119169,244160.10277440236,309.7485424624376,263,1:03:44
42.0%,2097500,8389.99999987427,-1540388.221975753,244307.43799521247,309.9354561693895,263,1:03:40
42.0%,2100000,8399.999999876307,-1540665.5835350761,246569.87532568543,312.80564936460667,263,1:03:37
42.0%,2102500,8409.999999878344,-1540589.6092152,246542.01200838195,312.7703011573244,263,1:03:34
42.1%,2105000,8419.999999880381,-1540300.251620493,244714.59645270766,310.45198912185515,263,1:03:30
42.1%,2107500,8429.999999882419,-1538216.4747297503,245297.0328606165,311.1908847332873,263,1:03:27
42.2%,2110000,8439.999999884456,-1536973.319217436,245614.0709893603,311.59308843965675,263,1:03:24
42.2%,2112500,8449.999999886493,-1538808.2767293695,246050.93756495317,312.1473099668547,263,1:03:21
42.3%,2115000,8459.99999988853,-1539616.565106201,245340.57225153438,311.246120059302,263,1:03:17
42.4%,2117500,8469.999999890568,-1539897.6744729653,245777.7077141668,311.80068270434697,263,1:03:14
42.4%,2120000,8479.999999892605,-1538728.3512751143,244566.20396960637,310.26373414149305,263,1:03:11
42.5%,2122500,8489.999999894642,-1539660.7636643676,245551.49791559813,311.5137064350827,263,1:03:07
42.5%,2125000,8499.99999989668,-1540810.714556802,245951.54795624592,312.02122144508905,263,1:03:04
42.5%,2127500,8509.999999898717,-1542910.5033172462,245833.6235426032,311.8716191356555,263,1:03:01
42.6%,2130000,8519.999999900754,-1539190.4914088538,245093.02115505876,310.9320696045102,263,1:02:58
42.6%,2132500,8529.999999902791,-1540530.680265016,245170.47692066125,311.03033222083474,263,1:02:54
42.7%,2135000,8539.999999904829,-1540773.3406720655,245717.52963858287,311.72433906347976,263,1:02:51
42.8%,2137500,8549.999999906866,-1540141.9345587958,245145.16616971005,310.9982222727856,263,1:02:48
42.8%,2140000,8559.999999908903,-1541098.4818398627,245214.97590668366,311.08678491685214,263,1:02:44
42.9%,2142500,8569.99999991094,-1538186.1018523881,244785.57949563005,310.54204025566014,263,1:02:41
42.9%,2145000,8579.999999912978,-1538310.5655080825,244139.03690792923,309.7218176971643,263,1:02:38
43.0%,2147500,8589.999999915015,-1539563.338200423,245607.51847245762,311.5847757278869,263,1:02:35
43.0%,2150000,8599.999999917052,-1539131.4281256227,245784.45816101652,311.80924651575145,263,1:02:31
43.0%,2152500,8609.99999991909,-1539855.2618495068,245564.73560863288,311.53050015394376,263,1:02:28
43.1%,2155000,8619.999999921127,-1538527.1618449045,244598.15252031543,310.3042649935998,263,1:02:25
43.1%,2157500,8629.999999923164,-1538246.4461775208,246098.47677616263,312.20761958015606,263,1:02:22
43.2%,2160000,8639.999999925201,-1537738.9862178108,243343.26954389992,308.7122842871337,263,1:02:18
43.2%,2162500,8649.999999927239,-1538792.2460611425,245623.7005884743,311.60530482659374,263,1:02:15
43.3%,2165000,8659.999999929276,-1539842.6195533462,245957.838569643,312.0292018985243,263,1:02:12
43.4%,2167500,8669.999999931313,-1538900.1496517397,245473.3207541699,311.4145286352248,263,1:02:09
43.4%,2170000,8679.99999993335,-1539579.5477858223,245002.34255236734,310.8170321160056,263,1:02:05
43.5%,2172500,8689.999999935388,-1540476.1315273726,244829.4762725004,310.59772897179306,263,1:02:02
43.5%,2175000,8699.999999937425,-1540055.2541819736,246655.00206273064,312.91364359636157,263,1:01:59
43.5%,2177500,8709.999999939462,-1538374.829690083,245873.58143648735,311.9223108713234,263,1:01:55
43.6%,2180000,8719.9999999415,-1536913.3826937787,244607.18840294704,310.3157281746978,263,1:01:52
43.6%,2182500,8729.999999943537,-1539618.1903622197,244657.88171614424,310.3800391726742,263,1:01:49
43.7%,2185000,8739.999999945574,-1538807.3517903741,244056.20849116123,309.61673918074484,263,1:01:46
43.8%,2187500,8749.999999947611,-1540421.8521106197,243498.295056329,308.90895411964834,263,1:01:42
43.8%,2190000,8759.999999949649,-1537973.6963705588,245058.99153748277,310.8888986510049,263,1:01:39
43.9%,2192500,8769.999999951686,-1539327.697775364,242965.70427976333,308.2332941125645,263,1:01:36
43.9%,2195000,8779.999999953723,-1538267.301779056,245135.62336505926,310.9861159958059,263,1:01:32
44.0%,2197500,8789.99999995576,-1540211.4596887305,245879.5782530806,311.9299186056669,263,1:01:29
44.0%,2200000,8799.999999957798,-1541839.4964166656,245445.83807015413,311.3796633103003,263,1:01:26
44.0%,2202500,8809.999999959835,-1539555.962347365,245786.21686619916,311.8114776598277,263,1:01:22
44.1%,2205000,8819.999999961872,-1538616.937960323,245620.0138596421,311.6006277361549,263,1:01:19
44.1%,2207500,8829.99999996391,-1540614.9050787836,242859.78709662263,308.09892452176416,263,1:01:16
44.2%,2210000,8839.999999965947,-1540690.3226822242,244406.962974793,310.06171642654607,263,1:01:13
44.2%,2212500,8849.999999967984,-1538459.2777535077,244288.56110611337,309.9115084038937,263,1:01:09
44.3%,2215000,8859.999999970021,-1540737.3319212534,244378.8866463572,310.02609798720295,263,1:01:06
44.4%,2217500,8869.999999972059,-1536527.2623299183,246386.2659200271,312.57271718142516,263,1:01:03
44.4%,2220000,8879.999999974096,-1539422.4858390791,243541.41199699196,308.96365351309566,263,1:00:59
44.5%,2222500,8889.999999976133,-1539259.1888955422,244461.4777914718,310.13087549396533,263,1:00:56
44.5%,2225000,8899.99999997817,-1540450.0772454645,244775.717519839,310.5295290689741,263,1:00:53
44.5%,2227500,8909.999999980208,-1539118.3276187368,244316.90884117773,309.9474711575071,262,1:00:50
44.6%,2230000,8919.999999982245,-1540171.2699731141,244061.38264430914,309.6233032605344,262,1:00:46
44.6%,2232500,8929.999999984282,-1538444.3451386169,245691.9557783765,311.6918953274473,262,1:00:43
44.7%,2235000,8939.99999998632,-1539323.9109549485,245808.39911007386,311.83961869364384,262,1:00:40
44.8%,2237500,8949.999999988357,-1538710.1230606632,245364.62766584684,311.27663745111556,262,1:00:37
44.8%,2240000,8959.999999990394,-1538915.471680113,246274.45250578882,312.43086746193984,262,1:00:33
44.9%,2242500,8969.999999992431,-1537644.147553483,243329.91965006007,308.695348227098,262,1:00:30
44.9%,2245000,8979.999999994468,-1538693.7325666025,245571.42815406277,311.53899050993857,262,1:00:27
45.0%,2247500,8989.999999996506,-1539513.497499317,245725.64849998418,311.7346388850187,262,1:00:24
45.0%,2250000,8999.999999998543,-1538445.563592203,245755.6548050249,311.7727057483,262,1:00:20
45.0%,2252500,9010.00000000058,-1541308.1611206317,244737.45442138915,310.48098739963393,262,1:00:17
45.1%,2255000,9020.000000002618,-1538620.1157836765,244112.99939575457,309.68878575888357,262,1:00:14
45.1%,2257500,9030.000000004655,-1537912.9202515138,244469.29463318712,310.1407921646272,262,1:00:11
45.2%,2260000,9040.000000006692,-1541207.38705126,244995.60277254973,310.80848183710543,262,1:00:07
45.2%,2262500,9050.00000000873,-1539832.2555758627,245319.0234368832,311.2187826120526,262,1:00:04
45.3%,2265000,9060.000000010767,-1541251.022724201,245040.5346494419,310.86548371095495,262,1:00:01
45.4%,2267500,9070.000000012804,-1542602.2282041106,245139.99941453856,310.9916675782821,262,59:58
45.4%,2270000,9080.000000014841,-1540852.6810590327,245709.12926756655,311.71368211073076,262,59:55
45.5%,2272500,9090.000000016878,-1541083.7628630185,246396.03024555807,312.58510448617716,262,59:51
45.5%,2275000,9100.000000018916,-1540423.1355639612,245358.32201946303,311.2686379264001,262,59:48
45.5%,2277500,9110.000000020953,-1539395.0917254267,244223.7975039619,309.82934743187946,262,59:45
45.6%,2280000,9120.00000002299,-1540325.9137454173,244214.38185828322,309.8174024724362,262,59:42
45.6%,2282500,9130.000000025027,-1539645.2425163295,247495.53204132908,313.97996414918106,262,59:38
45.7%,2285000,9140.000000027065,-1538510.3393652122,244269.2194939882,309.8869710773749,262,59:35
45.8%,2287500,9150.000000029102,-1538552.0831645522,244276.58951234183,309.89632089504374,262,59:32
45.8%,2290000,9160.00000003114,-1537682.4716539169,245653.19054860825,311.6427166398464,262,59:28
45.9%,2292500,9170.000000033177,-1539167.1186226383,244052.98001675674,309.61264344507873,262,59:25
45.9%,2295000,9180.000000035214,-1538760.6446198253,244635.21582489647,310.35128456986297,262,59:22
46.0%,2297500,9190.000000037251,-1539671.0092068492,243951.4406824699,309.4838277194931,262,59:19
46.0%,2300000,9200.000000039288,-1541012.6657816237,246202.72954911223,312.3398776522239,262,59:15
46.0%,2302500,9210.000000041326,-1539354.7408597013,246717.0129553781,312.99231240177284,262,59:12
46.1%,2305000,9220.000000043363,-1537937.5043509472,244661.22969836878,310.38428651940467,262,59:09
46.1%,2307500,9230.0000000454,-1539960.1015601559,245366.05125606927,311.278443458696,262,59:06
46.2%,2310000,9240.000000047437,-1539724.4885592172,245508.58165110662,311.45926162520954,262,59:02
46.2%,2312500,9250.000000049475,-1538251.9620661186,245511.44644690477,311.46289598771534,262,58:59
46.3%,2315000,9260.000000051512,-1539823.1851417841,246324.112693218,312.4938678067947,262,58:56
46.4%,2317500,9270.00000005355,-1539611.2112109298,244790.25546056707,310.5479723195288,262,58:53
46.4%,2320000,9280.000000055586,-1541048.0354183288,245483.19020002862,311.42704929865397,262,58:49
46.5%,2322500,9290.000000057624,-1541383.982260313,246489.15685493723,312.7032475865112,262,58:46
46.5%,2325000,9300.000000059661,-1539602.015735508,243442.19188151014,308.83778001532016,262,58:43
46.5%,2327500,9310.000000061698,-1540576.0115871541,246024.04622221348,312.113194834514,262,58:39
46.6%,2330000,9320.000000063736,-1540401.3231239347,245672.61874479608,311.6673638094023,262,58:36
46.6%,2332500,9330.000000065773,-1537254.2508250233,245832.40554420365,311.8700739477862,262,58:33
46.7%,2335000,9340.00000006781,-1540490.114662162,245831.22306014653,311.86857381443514,262,58:30
46.8%,2337500,9350.000000069847,-1540323.5053699287,244951.84719633055,310.7529722521876,262,58:26
46.8%,2340000,9360.000000071885,-1541690.5174499573,244983.28149661166,310.792850711382,262,58:23
46.9%,2342500,9370.000000073922,-1539862.219253878,246363.26426499544,312.5435366190019,262,58:20
46.9%,2345000,9380.00000007596,-1540104.7332811793,244625.50332096452,310.3389630074849,262,58:17
47.0%,2347500,9390.000000077996,-1540905.4985402916,246350.02364000192,312.52673918057343,262,58:13
47.0%,2350000,9400.000000080034,-1537711.9807032049,244205.2790722219,309.8058544157193,262,58:10
47.0%,2352500,9410.000000082071,-1540367.884031726,244929.74555596046,310.72493347430014,262,58:07
47.1%,2355000,9420.000000084108,-1539528.398741492,246393.3308743373,312.58167998605734,262,58:03
47.1%,2357500,9430.000000086146,-1540321.2881348068,244539.89101272318,310.23035276611756,262,58:00
47.2%,2360000,9440.000000088183,-1540330.4447235651,245640.4091450079,311.626501782911,262,57:57
47.2%,2362500,9450.00000009022,-1541111.70236588,245605.52427455757,311.58224583096313,262,57:54
47.3%,2365000,9460.000000092257,-1540377.0193701684,244740.6175055948,310.4850001794094,262,57:51
47.4%,2367500,9470.000000094295,-1538498.8577526854,245731.48401315126,311.74204198518737,262,57:47
47.4%,2370000,9480.000000096332,-1539753.7220059074,246697.47476401724,312.9675256891707,262,57:44
47.5%,2372500,9490.00000009837,-1539846.5654591667,244755.52923562567,310.5039176298453,262,57:41
47.5%,2375000,9500.000000100406,-1538225.83543324,244605.1025122355,310.313081953631,262,57:37
47.5%,2377500,9510.000000102444,-1540682.9693880249,246796.24268902082,313.09282552507455,262,57:34
47.6%,2380000,9520.000000104481,-1539438.2156267678,245573.53280861862,311.541660535359,262,57:31
47.6%,2382500,9530.000000106518,-1542276.7048602644,244388.89126390958,310.0387901333379,262,57:27
47.7%,2385000,9540.000000108555,-1541604.4613893628,245101.46125029764,310.94277695255266,262,57:24
47.8%,2387500,9550.000000110593,-1538363.0846998682,243174.62599036514,308.4983382152345,262,57:21
47.8%,2390000,9560.00000011263,-1539689.383958147,246031.01082764863,312.12203033367155,262,57:17
47.9%,2392500,9570.000000114667,-1540409.6753133144,245445.00067377844,311.37860096512645,262,57:14
47.9%,2395000,9580.000000116705,-1536425.1520651197,244247.05669370532,309.8588547102596,262,57:11
48.0%,2397500,9590.000000118742,-1541040.7731692605,245462.12657226718,311.4003273734748,262,57:07
48.0%,2400000,9600.000000120779,-1540265.772928333,244366.19967067684,310.01000292424794,262,57:04
48.0%,2402500,9610.000000122816,-1539650.9221311295,246277.3295725598,312.4345173917553,262,57:01
48.1%,2405000,9620.000000124854,-1539255.361556585,245180.810952227,311.04344227108,262,56:58
48.1%,2407500,9630.00000012689,-1539630.819227607,245298.8693658561,311.1932145767577,262,56:54
48.2%,2410000,9640.000000128928,-1539513.0582393566,245060.0268516069,310.89021208033796,262,56:51
48.2%,2412500,9650.000000130965,-1540992.9212855576,245089.70643662295,310.92786445718065,262,56:48
48.3%,2415000,9660.000000133003,-1539531.0524703236,245293.03318100667,311.18581062447356,262,56:45
48.4%,2417500,9670.00000013504,-1540323.8226587428,243979.53469491922,309.5194685932854,262,56:41
48.4%,2420000,9680.000000137077,-1540341.6220265348,245306.99422845486,311.20352201158875,262,56:38
48.5%,2422500,9690.000000139114,-1540063.8159085112,245511.5138689594,311.46298152127673,262,56:35
48.5%,2425000,9700.000000141152,-1539320.8177050157,245946.20169087584,312.01443901877457,262,56:32
48.5%,2427500,9710.000000143189,-1538161.880006495,244500.94582975202,310.1809457846976,262,56:28
48.6%,2430000,9720.000000145226,-1538524.6367315631,245248.17627369496,311.1289038591941,262,56:25
48.6%,2432500,9730.000000147264,-1540240.8172085835,244523.83989341388,310.2099898536087,262,56:22
48.7%,2435000,9740.0000001493,-1537998.6787119927,245071.7544248319,310.9050900176905,262,56:18
48.8%,2437500,9750.000000151338,-1540584.9146036673,244976.53323509052,310.78428967234834,262,56:15
48.8%,2440000,9760.000000153375,-1537461.290406637,246503.94049635177,312.7220025400373,262,56:12
48.9%,2442500,9770.000000155413,-1538377.3851139173,245781.08227275434,311.8049637666175,262,56:09
48.9%,2445000,9780.00000015745,-1541314.4019914214,245582.6309135645,311.5532026534779,262,56:05
49.0%,2447500,9790.000000159487,-1541721.9756875336,244885.14468886572,310.6683515290184,262,56:02
49.0%,2450000,9800.000000161524,-1540541.6388261896,246785.22028569004,313.0788421865711,262,55:59
49.0%,2452500,9810.000000163562,-1539908.632539669,244585.67921622048,310.2884410005756,262,55:55
49.1%,2455000,9820.000000165599,-1540088.3667241381,243667.55171007477,309.12367798814324,262,55:52
49.1%,2457500,9830.000000167636,-1541278.8036620375,244727.1383798942,310.46790017211094,262,55:49
49.2%,2460000,9840.000000169674,-1539242.7050960353,246029.3860036346,312.11996903510396,262,55:46
49.2%,2462500,9850.00000017171,-1539335.5499606142,245360.30114465608,311.27114870165343,262,55:42
49.3%,2465000,9860.000000173748,-1538301.601385869,244465.86845768933,310.13644561965685,262,55:39
49.4%,2467500,9870.000000175785,-1538500.0445775893,246286.84390447437,312.4465875474014,262,55:36
49.4%,2470000,9880.000000177823,-1541891.4051277954,245947.87838120275,312.01656611644137,262,55:33
49.5%,2472500,9890.00000017986,-1541866.2479356853,244397.53928202076,310.04976125832803,262,55:29
49.5%,2475000,9900.000000181897,-1537224.2349985428,244127.2870875154,309.7069115363869,262,55:26
49.5%,2477500,9910.000000183934,-1539372.3835374024,245676.47054283755,311.6722503113969,262,55:23
49.6%,2480000,9920.000000185972,-1539623.605958688,245305.98404097173,311.20224045863654,262,55:19
49.6%,2482500,9930.000000188009,-1541575.1446448881,242928.52282910421,308.186124652782,262,55:16
49.7%,2485000,9940.000000190046,-1536466.7364808368,246230.76042170342,312.37543842497263,262,55:13
49.8%,2487500,9950.000000192083,-1541473.2792106215,246341.2502345611,312.5156089856036,262,55:09
49.8%,2490000,9960.00000019412,-1542042.6626833444,245547.12413469475,311.5081577305873,262,55:06
49.9%,2492500,9970.000000196158,-1537668.6662737522,245751.20300051,311.76705806080247,262,55:03
49.9%,2495000,9980.000000198195,-1541070.4405320259,246501.96574768273,312.7194973169684,262,55:00
50.0%,2497500,9990.000000200233,-1540512.622283454,244692.72686865056,310.4242447372937,262,54:56
50.0%,2500000,10000.00000020227,-1538833.940352371,244763.31509263295,310.51379499241364,262,54:53
50.0%,2502500,10010.000000204307,-1541158.294658932,244178.33467242753,309.77167197367,262,54:50
50.1%,2505000,10020.000000206344,-1537297.7334812386,246048.9755084406,312.14482084542135,262,54:46
50.1%,2507500,10030.000000208382,-1539196.3904641736,245369.3462377096,311.2826235673581,262,54:43
50.2%,2510000,10040.000000210419,-1540656.403861491,244997.73944464044,310.81119248089317,262,54:40
50.2%,2512500,10050.000000212456,-1541388.3773576934,245261.28439296287,311.1455331970406,262,54:37
50.3%,2515000,10060.000000214493,-1542039.4880039021,245406.21425163973,311.3293953922737,262,54:33
50.4%,2517500,10070.00000021653,-1539912.2973863846,244826.8142211162,310.59435181669335,262,54:30
50.4%,2520000,10080.000000218568,-1541444.3001657892,245560.72679457552,311.5254144569066,262,54:27
50.5%,2522500,10090.000000220605,-1541677.549198649,246232.73096226074,312.37793830950966,262,54:23
50.5%,2525000,10100.000000222642,-1539961.8945669914,244914.5234237159,310.70562223867097,262,54:20
50.5%,2527500,10110.00000022468,-1542052.9365061894,245184.40878290922,311.04800658276395,262,54:17
50.6%,2530000,10120.000000226717,-1540199.0926767355,245696.5069760629,311.6976691079864,262,54:13
50.6%,2532500,10130.000000228754,-1538903.2402266022,245752.34418649395,311.7685058022278,262,54:10
50.7%,2535000,10140.000000230792,-1539032.8358679255,245042.65658386936,310.8681756581185,262,54:07
50.8%,2537500,10150.000000232829,-1539616.0952227525,245409.4547073269,311.3335063277403,262,54:04
50.8%,2540000,10160.000000234866,-1540949.7922314284,246059.51052520203,312.1581858712777,262,54:00
50.9%,2542500,10170.000000236903,-1540899.3271328323,244406.16171821477,310.06069992936074,262,53:57
50.9%,2545000,10180.00000023894,-1542335.428749986,244843.21075818242,310.61515293612274,262,53:54
51.0%,2547500,10190.000000240978,-1537337.0877136234,245323.50890458026,311.22447300563306,262,53:50
51.0%,2550000,10200.000000243015,-1541959.074590859,245121.17708661006,310.9677890306596,262,53:47
51.0%,2552500,10210.000000245052,-1539857.3330046674,245485.33657303147,311.4297722492985,262,53:44
51.1%,2555000,10220.00000024709,-1541504.9054453354,245055.5980687969,310.8845935988388,262,53:41
51.1%,2557500,10230.000000249127,-1537799.4127992876,244496.2383701544,310.1749737657949,262,53:37
51.2%,2560000,10240.000000251164,-1538651.9175497564,245143.65941452072,310.9963107597315,262,53:34
51.2%,2562500,10250.000000253202,-1538439.0638761306,244486.4693526994,310.1625805087329,262,53:31
51.3%,2565000,10260.000000255239,-1538281.8652416207,243558.89249079878,308.9858297712831,262,53:27
51.4%,2567500,10270.000000257276,-1540069.6851100624,245083.37440880208,310.9198314642139,262,53:24
51.4%,2570000,10280.000000259313,-1541266.0241008857,245578.40105933178,311.5478365385045,262,53:21
51.5%,2572500,10290.00000026135,-1539429.6960919835,244982.34843540977,310.79166700305285,262,53:17
51.5%,2575000,10300.000000263388,-1541063.1680804808,244298.48515408082,309.9240983371314,262,53:14
51.5%,2577500,10310.000000265425,-1538631.7638076162,245677.5214102955,311.6735834721374,262,53:11
51.6%,2580000,10320.000000267462,-1538918.526081548,245716.1142852279,311.72254350542664,262,53:08
51.6%,2582500,10330.0000002695,-1539113.8167899363,245161.741557966,311.01925028798826,262,53:04
51.7%,2585000,10340.000000271537,-1540535.8945476953,244307.0496895017,309.9349635535748,262,53:01
51.8%,2587500,10350.000000273574,-1540278.9016651837,244572.9624080531,310.27230809126786,262,52:58
51.8%,2590000,10360.000000275611,-1539707.0040836278,245535.09881489264,311.4929020633467,262,52:54
51.9%,2592500,10370.000000277649,-1539542.297977943,246016.3637161546,312.10344858593714,262,52:51
51.9%,2595000,10380.000000279686,-1539054.3569026543,244880.55597705257,310.6625301569771,262,52:48
52.0%,2597500,10390.000000281723,-1539755.3030021172,245967.53445638542,312.0415023798569,262,52:44
52.0%,2600000,10400.00000028376,-1539394.5965194218,244302.30195019924,309.9289404346777,262,52:41
52.0%,2602500,10410.000000285798,-1538155.3623652942,245572.95776925597,311.54093102385235,262,52:38
52.1%,2605000,10420.000000287835,-1540662.2078829966,244837.54458801902,310.60796466936864,262,52:34
52.1%,2607500,10430.000000289872,-1539670.1349504841,246294.23865757845,312.4559687442875,262,52:31
52.2%,2610000,10440.00000029191,-1541276.8727752306,245045.66335909552,310.87199013981814,262,52:28
52.2%,2612500,10450.000000293947,-1539701.4018372102,246081.31533956667,312.1858480871408,262,52:24
52.3%,2615000,10460.000000295984,-1540277.9969554944,245177.6930520761,311.03948681309845,262,52:21
52.4%,2617500,10470.000000298021,-1540292.5610588444,245865.87960195213,311.91254010208445,262,52:18
52.4%,2620000,10480.000000300059,-1539489.4049719544,243960.19169731514,309.4949295091081,262,52:15
52.5%,2622500,10490.000000302096,-1540133.1087928433,245791.4509325677,311.8181177472555,262,52:11
52.5%,2625000,10500.000000304133,-1541023.1292945845,244618.0821248963,310.32954826429244,262,52:08
52.5%,2627500,10510.00000030617,-1537881.8670724034,244415.9648865127,310.07313651116624,262,52:05
52.6%,2630000,10520.000000308208,-1538234.9464717451,245559.25383260887,311.5235458149087,262,52:01
52.6%,2632500,10530.000000310245,-1540728.0339010153,244692.86068676808,310.4244145028139,262,51:58
52.7%,2635000,10540.000000312282,-1540430.60361992,246128.80413387791,312.24609374011226,262,51:55
52.8%,2637500,10550.00000031432,-1539683.915694545,246638.37346336662,312.8925480760138,262,51:52
52.8%,2640000,10560.000000316357,-1541651.5314673614,244396.68402136047,310.0486762500079,262,51:48
52.9%,2642500,10570.000000318394,-1540041.9920938136,244455.1760701815,310.1228809487366,262,51:45
52.9%,2645000,10580.000000320431,-1540206.6834110534,246070.02551026022,312.1715254843381,262,51:42
53.0%,2647500,10590.000000322469,-1539071.4321384542,246635.23518531903,312.8885667660453,262,51:39
53.0%,2650000,10600.000000324506,-1541672.052813149,245170.8039846071,311.03074714358166,262,51:35
53.0%,2652500,10610.000000326543,-1539840.6633323329,244064.9703473323,309.6278547239782,262,51:32
53.1%,2655000,10620.00000032858,-1538865.9671877054,245749.3966826906,311.76476651396325,262,51:29
53.1%,2657500,10630.000000330618,-1540984.6751897568,247058.03036051942,313.42493690920287,262,51:25
53.2%,2660000,10640.000000332655,-1541420.439457734,244143.96935550933,309.72807514230516,262,51:22
53.2%,2662500,10650.000000334692,-1540126.437442178,244798.2429525594,310.5581054820498,262,51:19
53.3%,2665000,10660.00000033673,-1540170.7082677074,245233.55793322172,311.1103586112058,262,51:16
53.4%,2667500,10670.000000338767,-1538770.8270774223,245021.9298797623,310.84188116399656,262,51:12
53.4%,2670000,10680.000000340804,-1540342.2501064166,244984.05603836203,310.79383331736693,262,51:09
53.5%,2672500,10690.000000342841,-1540470.3457980454,245074.2680596923,310.90827888731104,262,51:06
53.5%,2675000,10700.000000344879,-1541078.696335693,246079.77618488323,312.1838954711548,262,51:02
53.5%,2677500,10710.000000346916,-1538882.1627818067,245446.9146213969,311.3810290542304,262,50:59
53.6%,2680000,10720.000000348953,-1538162.7436912218,245768.86185898402,311.7894605975467,262,50:56
53.6%,2682500,10730.00000035099,-1540646.3473743573,244133.78504874348,309.71515503725584,262,50:52
53.7%,2685000,10740.000000353028,-1540435.9982050061,245614.5935568479,311.59375138383064,262,50:49
53.8%,2687500,10750.000000355065,-1539419.1345324758,245838.00947849013,311.8771832603134,262,50:46
53.8%,2690000,10760.000000357102,-1539870.3927752897,246517.71248716998,312.7394740844635,262,50:43
53.9%,2692500,10770.00000035914,-1541106.8491135705,244590.64266812362,310.2947377786941,262,50:39
53.9%,2695000,10780.000000361177,-1539129.1873703431,245199.90647888635,311.06766740648527,262,50:36
54.0%,2697500,10790.000000363214,-1539863.4211586518,245980.6901697997,312.058192097009,262,50:33
54.0%,2700000,10800.000000365251,-1540435.6500517605,244718.00638388403,310.45631505881124,262,50:29
54.0%,2702500,10810.000000367289,-1539927.3045103755,245683.0783243115,311.68063313339445,262,50:26
54.1%,2705000,10820.000000369326,-1540654.1345760617,244538.85392761257,310.22903709006,262,50:23
54.1%,2707500,10830.000000371363,-1540838.7068248643,245047.46483175567,310.8742755399487,262,50:20
54.2%,2710000,10840.0000003734,-1540806.9083320796,245354.65523322747,311.2639861357141,262,50:16
54.2%,2712500,10850.000000375438,-1541072.9974364806,244092.7312522545,309.6630730079622,262,50:13
54.3%,2715000,10860.000000377475,-1539480.1403019177,245534.05242038798,311.4915745771237,262,50:10
54.4%,2717500,10870.000000379512,-1538854.7295024004,243828.21499728342,309.3275000642098,262,50:07
54.4%,2720000,10880.00000038155,-1538322.737167228,244943.47566797095,310.7423518900641,262,50:03
54.5%,2722500,10890.000000383587,-1540583.5690418938,245763.86586830526,311.78312253979965,262,50:00
54.5%,2725000,10900.000000385624,-1541449.4921252532,245487.40144554302,311.43239180607105,262,49:57
54.5%,2727500,10910.000000387661,-1542133.594748306,246451.68419179905,312.6557086861858,262,49:53
54.6%,2730000,10920.000000389698,-1537578.550440738,244537.65991366137,310.22752232955304,262,49:50
54.6%,2732500,10930.000000391736,-1539880.4737841627,246571.54953910015,312.80777331999116,262,49:47
54.7%,2735000,10940.000000393773,-1540064.7479007393,245115.6250236279,310.9607455235639,262,49:44
54.8%,2737500,10950.00000039581,-1540386.9749784125,245248.7445159828,311.1296247477358,262,49:40
54.8%,2740000,10960.000000397848,-1541602.6178537412,245677.42424773856,311.6734602089177,262,49:37
54.9%,2742500,10970.000000399885,-1541689.1272237375,244365.76063435478,310.0094459501179,262,49:34
54.9%,2745000,10980.000000401922,-1539040.0395786883,245942.03301875148,312.00915052118694,262,49:31
55.0%,2747500,10990.00000040396,-1542290.362205837,245099.64869285526,310.9404774899479,262,49:27
55.0%,2750000,11000.000000405997,-1540336.7364197029,245954.47859229273,312.0249393344317,262,49:24
55.0%,2752500,11010.000000408034,-1538291.7719415957,245994.6527160163,312.075905385505,262,49:21
55.1%,2755000,11020.000000410071,-1539587.9986473164,246968.57169611286,313.311447069562,262,49:18
55.1%,2757500,11030.000000412108,-1540021.0160810053,244849.2278473137,310.6227863887921,262,49:14
55.2%,2760000,11040.000000414146,-1539453.400895061,244021.6161705017,309.57285436589206,262,49:11
55.2%,2762500,11050.000000416183,-1539627.6721829046,245786.88214085498,311.8123216464276,262,49:08
55.3%,2765000,11060.00000041822,-1538660.7127740234,245839.1169948414,311.8785882874725,262,49:04
55.4%,2767500,11070.000000420257,-1541099.420660236,245157.46720529196,311.0138277210099,262,49:01
55.4%,2770000,11080.000000422295,-1539601.6313150208,245730.61668676347,311.7409416699376,262,48:58
55.5%,2772500,11090.000000424332,-1539983.4627839234,244844.4565569475,310.6167333923369,262,48:55
55.5%,2775000,11100.00000042637,-1538832.4227583995,245146.83696659637,311.0003418938638,262,48:51
55.5%,2777500,11110.000000428407,-1540047.886497613,245875.75800364633,311.9250721271445,262,48:48
55.6%,2780000,11120.000000430444,-1538592.7047566464,245755.84068481537,311.7729415607587,262,48:45
55.6%,2782500,11130.000000432481,-1538337.0752684167,245454.57683885065,311.39074956409814,262,48:41
55.7%,2785000,11140.000000434518,-1539449.4199845372,245409.58023825142,311.33366557988865,262,48:38
55.8%,2787500,11150.000000436556,-1539561.5929152295,244241.41848665776,309.8517019183201,262,48:35
55.8%,2790000,11160.000000438593,-1538017.2246169914,244600.25713109033,310.3069349634785,262,48:31
55.9%,2792500,11170.00000044063,-1538946.4005895741,245285.9841528649,311.17686802423754,262,48:28
55.9%,2795000,11180.000000442667,-1538389.5300619127,245694.65926910812,311.6953250536973,262,48:25
56.0%,2797500,11190.000000444705,-1538113.1109643131,244260.37740088237,309.8757537432538,262,48:21
56.0%,2800000,11200.000000446742,-1540554.7474892708,245625.5823160125,311.60769204037535,262,48:18
56.0%,2802500,11210.00000044878,-1540008.6225853972,245071.2990978572,310.90451237676905,262,48:15
56.1%,2805000,11220.000000450817,-1541459.201575105,246550.04940179322,312.7804976262235,262,48:11
56.1%,2807500,11230.000000452854,-1536770.5572089478,245071.10070514196,310.90426069005326,262,48:08
56.2%,2810000,11240.000000454891,-1539052.2706986675,244122.80416439264,309.70122437092675,262,48:05
56.2%,2812500,11250.000000456928,-1538741.4262673678,245996.6913541965,312.0784916606488,262,48:02
56.3%,2815000,11260.000000458966,-1540282.5636643851,245500.50077460625,311.44900999241054,262,47:58
56.4%,2817500,11270.000000461003,-1538901.421224176,245572.92633918414,311.5408911507575,262,47:55
56.4%,2820000,11280.00000046304,-1539407.2906235736,246342.475158555,312.5171629594815,262,47:52
56.5%,2822500,11290.000000465077,-1539124.4160407372,246459.24954062165,312.66530630571657,262,47:48
56.5%,2825000,11300.000000467115,-1539333.2522209622,245979.4267522201,312.056589289059,262,47:45
56.5%,2827500,11310.000000469152,-1540982.0083758384,244726.34092329955,310.4668884956943,262,47:42
56.6%,2830000,11320.00000047119,-1539149.7503042324,242893.18569510407,308.14129494626167,262,47:38
56.6%,2832500,11330.000000473226,-1537136.1100917803,245293.0697313883,311.18585699334096,262,47:35
56.7%,2835000,11340.000000475264,-1539160.8880134095,244131.13823810103,309.71179721700037,262,47:32
56.8%,2837500,11350.000000477301,-1537849.6266664881,245828.53941938397,311.86516927042794,262,47:28
56.8%,2840000,11360.000000479338,-1541016.5062433574,245526.6827662781,311.4822252215449,262,47:25
56.9%,2842500,11370.000000481376,-1540866.2595198527,245016.31691650595,310.83476039705806,262,47:22
56.9%,2845000,11380.000000483413,-1541309.5386118637,244722.7491535333,310.462331873063,262,47:19
57.0%,2847500,11390.00000048545,-1541046.4913407657,245141.1032336164,310.99306791497355,262,47:15
57.0%,2850000,11400.000000487487,-1537438.7139720442,246050.89515893447,312.1472561693574,262,47:12
57.0%,2852500,11410.000000489525,-1539147.0986167714,244511.73248890106,310.1946300513386,262,47:09
57.1%,2855000,11420.000000491562,-1542616.6763086682,246406.63593232355,312.5985591660372,262,47:05
57.1%,2857500,11430.0000004936,-1541642.822980063,245165.1575497991,311.02358391366806,262,47:02
57.2%,2860000,11440.000000495636,-1540488.8995040422,244129.9085343489,309.7102371793834,262,46:59
57.2%,2862500,11450.000000497674,-1539280.8625144577,244681.0718113865,310.4094587957789,262,46:56
57.3%,2865000,11460.000000499711,-1540968.9607420089,245586.94018617604,311.55866952089536,262,46:52
57.4%,2867500,11470.000000501748,-1540887.4538439615,246566.51962651563,312.80139222793696,262,46:49
57.4%,2870000,11480.000000503785,-1538879.2864715382,244902.73276963003,310.69066427512047,262,46:46
57.5%,2872500,11490.000000505823,-1540065.339308518,244451.79899302055,310.11859669133133,262,46:43
57.5%,2875000,11500.00000050786,-1540604.9702440854,243934.3932610386,309.46220086940133,262,46:39
57.5%,2877500,11510.000000509897,-1540752.791457179,245758.84341683675,311.7767509131323,262,46:36
57.6%,2880000,11520.000000511935,-1540963.51536794,244104.19483475442,309.6776160390734,262,46:33
57.6%,2882500,11530.000000513972,-1539198.9857950723,246054.84867128683,312.1522717090579,262,46:29
