#"Progress (%)","Step","Time (ps)","Potential Energy (kJ/mole)","Kinetic Energy (kJ/mole)","Temperature (K)","Speed (ns/day)","Time Remaining"
3.0%,152500,610.0000000014564,-3486220.1898503043,568437.1994657028,310.7109354131474,0,--
3.1%,155000,620.0000000015042,-3487239.1803510543,567925.341105294,310.4311507859078,275,1:41:24
3.1%,157500,630.0000000015519,-3491802.4126646034,568450.9350499175,310.71844335988953,274,1:41:40
3.2%,160000,640.0000000015997,-3487279.218112625,569850.2505836606,311.4833170149496,275,1:41:21
3.2%,162500,650.0000000016474,-3486853.750488868,567981.685236181,310.46194880128996,275,1:41:14
3.3%,165000,660.0000000016952,-3486891.876268681,568469.6298071817,310.72866201820796,275,1:41:18
3.4%,167500,670.0000000017429,-3486904.153411988,567848.0136599754,310.3888831741283,275,1:41:23
3.4%,170000,680.0000000017907,-3485034.769800173,570557.247052331,311.8697652177077,274,1:41:27
3.5%,172500,690.0000000018384,-3486720.175263211,568993.0430628571,311.01476261547964,275,1:41:13
3.5%,175000,700.0000000018862,-3488844.7773334105,568975.3735241425,311.0051043473236,275,1:41:06
3.5%,177500,710.0000000019339,-3482329.624660168,568692.1400644315,310.8502873626332,275,1:41:00
3.6%,180000,720.0000000019817,-3486640.738821801,569156.0451792632,311.1038604790791,275,1:40:56
3.6%,182500,730.0000000020294,-3488823.115085928,569366.5870529729,311.21894383848183,275,1:41:00
3.7%,185000,740.0000000020772,-3485092.1223550234,569781.6278920181,311.4458074699535,275,1:40:57
3.8%,187500,750.0000000021249,-3484660.0181937385,569987.9075139978,311.5585610588499,275,1:40:56
3.8%,190000,760.0000000021727,-3484471.4462071173,571420.8485781954,312.3418146159135,274,1:40:56
3.9%,192500,770.0000000022204,-3485436.791953195,571722.7577092783,312.50683982646746,275,1:40:50
3.9%,195000,780.0000000022682,-3485273.4603218157,567486.3728440761,310.1912082923696,274,1:40:52
4.0%,197500,790.0000000023159,-3489393.4641554,569185.2533770055,311.1198258424486,274,1:40:50
4.0%,200000,800.0000000023637,-3486750.8216763493,572155.103965466,312.74316269521836,274,1:40:45
4.0%,202500,810.0000000024114,-3487456.9389195144,571230.5626920217,312.2378032919809,275,1:40:39
4.1%,205000,820.0000000024592,-3489611.053641878,571072.8716957876,312.15160851621295,274,1:40:37
4.2%,207500,830.0000000025069,-3487143.232975479,567606.2308207869,310.25672332920306,274,1:40:34
4.2%,210000,840.0000000025547,-3484276.2372947857,570038.3943554177,311.5861574472256,274,1:40:33
4.2%,212500,850.0000000026024,-3487693.752682235,569954.5606236351,311.54033346307074,274,1:40:30
4.3%,215000,860.0000000026502,-3488347.666621236,569103.7497409186,311.07527550156334,274,1:40:28
4.3%,217500,870.0000000026979,-3486154.1067727245,569591.0446909477,311.3416336320445,274,1:40:26
4.4%,220000,880.0000000027457,-3486707.0725288615,568837.633300006,310.9298147745692,274,1:40:22
4.5%,222500,890.0000000027934,-3487569.946911605,568955.1269205312,310.9940374411588,274,1:40:19
4.5%,225000,900.0000000028411,-3486060.370955229,569860.857924934,311.48911504669775,274,1:40:17
4.5%,227500,910.0000000028889,-3484754.5371629596,568521.8094519267,310.7571837022982,274,1:40:13
4.6%,230000,920.0000000029366,-3485472.7396904435,568832.0585322957,310.92676757552664,274,1:40:08
4.7%,232500,930.0000000029844,-3487454.366687406,568591.3757226071,310.7952090128455,274,1:40:05
4.7%,235000,940.0000000030321,-3487680.951792501,568722.9435461138,310.8671247170788,274,1:40:00
4.8%,237500,950.0000000030799,-3490191.493616214,570551.236489153,311.8664798104382,274,1:39:56
4.8%,240000,960.0000000031276,-3487562.8416558187,570333.1826493156,311.74729036856144,275,1:39:51
4.8%,242500,970.0000000031754,-3486483.2813263554,570588.523916469,311.886861325637,275,1:39:48
4.9%,245000,980.0000000032231,-3482550.5629407912,569707.552578471,311.40531749149176,275,1:39:45
5.0%,247500,990.0000000032709,-3485320.429088369,569922.7133792457,311.52292558212304,275,1:39:40
5.0%,250000,1000.0000000033186,-3482514.5201907214,568914.242508267,310.97168979397753,275,1:39:37
5.0%,252500,1010.0000000033664,-3486560.3729107063,569957.6539181157,311.5420242750416,275,1:39:36
5.1%,255000,1020.0000000034141,-3488514.038212154,567837.2293015351,310.382988383812,275,1:39:33
5.2%,257500,1030.0000000032912,-3485638.3219420984,569395.5599589462,311.2347805900615,275,1:39:29
5.2%,260000,1040.0000000030548,-3484525.601869233,569008.9900853566,311.02347934669035,275,1:39:26
5.2%,262500,1050.0000000028183,-3489497.481712971,568010.4549842163,310.4776745056106,275,1:39:24
5.3%,265000,1060.0000000025818,-3488409.6135927085,570745.8124588757,311.97283611790414,275,1:39:21
5.3%,267500,1070.0000000023454,-3488141.899662176,570857.5205923965,312.03389640511284,275,1:39:16
5.4%,270000,1080.000000002109,-3485023.4580071606,569715.8714759434,311.40986464712773,275,1:39:13
5.5%,272500,1090.0000000018724,-3483948.990430277,571145.5837588882,312.191353334397,275,1:39:10
5.5%,275000,1100.000000001636,-3489406.215004891,569180.3983676886,311.1171720673479,275,1:39:06
5.5%,277500,1110.0000000013995,-3487278.39514851,566978.7511600971,309.9137394560348,275,1:39:02
5.6%,280000,1120.000000001163,-3488033.345039863,570702.7121953266,311.9492772740838,275,1:38:59
5.7%,282500,1130.0000000009265,-3483161.757930072,570296.2748433445,311.7271163565015,275,1:38:55
5.7%,285000,1140.00000000069,-3485378.6602778565,569505.8716458564,311.29507757178453,275,1:38:50
5.8%,287500,1150.0000000004536,-3485145.6934833173,568796.956884869,310.90758081977464,275,1:38:47
5.8%,290000,1160.0000000002171,-3486295.7776989415,567739.9902720972,310.3298369893858,275,1:38:44
5.8%,292500,1169.9999999999807,-3487308.26387926,569822.5399419742,311.46817022405105,275,1:38:41
5.9%,295000,1179.9999999997442,-3485788.3506351244,568807.281176654,310.91322413509783,275,1:38:38
6.0%,297500,1189.9999999995077,-3485174.557115933,568470.3006531284,310.7290287063344,275,1:38:35
6.0%,300000,1199.9999999992713,-3486495.7770541236,570197.1442806055,311.6729310394504,275,1:38:32
6.0%,302500,1209.9999999990348,-3487464.593655169,568504.1458099267,310.7475286573191,275,1:38:27
6.1%,305000,1219.9999999987983,-3487643.9389478397,568931.0311167252,310.98086654075485,275,1:38:23
6.2%,307500,1229.9999999985619,-3484845.9927226044,567512.6690633172,310.20558195209117,275,1:38:18
6.2%,310000,1239.9999999983254,-3484405.7660723086,570331.718489239,311.7464900505185,275,1:38:14
6.2%,312500,1249.999999998089,-3485105.102524586,568583.7914210511,310.7910633914239,275,1:38:09
6.3%,315000,1259.9999999978525,-3487790.161802117,566937.3739037588,309.8911224175409,275,1:38:06
6.3%,317500,1269.999999997616,-3487516.246792622,570675.6561892505,311.9344883106515,275,1:38:02
6.4%,320000,1279.9999999973795,-3484918.4105085563,567951.7393497799,310.4455802131958,275,1:38:00
6.5%,322500,1289.999999997143,-3487228.765663922,569006.3652825914,311.02204461489725,275,1:37:58
6.5%,325000,1299.9999999969066,-3486199.871645961,567765.1491632287,310.34358897923585,275,1:37:55
6.5%,327500,1309.99999999667,-3486684.331036413,568850.6298047472,310.9369187363596,275,1:37:53
6.6%,330000,1319.9999999964336,-3489190.046205135,569760.3806599567,311.4341936147116,275,1:37:51
6.7%,332500,1329.9999999961972,-3487423.4694102164,568404.3064152657,310.69295588879623,275,1:37:47
6.7%,335000,1339.9999999959607,-3487633.4252895545,569876.0810694364,311.49743610216825,275,1:37:46
6.8%,337500,1349.9999999957242,-3484069.8824776504,571289.1451504037,312.26982478962356,275,1:37:43
6.8%,340000,1359.9999999954878,-3487592.923594553,570414.628320527,311.79180902552343,275,1:37:41
6.8%,342500,1369.9999999952513,-3488130.738516582,569337.246915853,311.2029063563145,275,1:37:38
6.9%,345000,1379.9999999950148,-3486815.630729107,569082.3760836704,311.06359254161094,275,1:37:36
7.0%,347500,1389.9999999947784,-3487841.164456174,569116.7006337936,311.0823545316539,275,1:37:33
7.0%,350000,1399.999999994542,-3490553.0715764146,571354.7129889617,312.30566453492963,275,1:37:29
7.0%,352500,1409.9999999943054,-3485551.4380134717,569640.3163680795,311.3685658048604,275,1:37:26
7.1%,355000,1419.999999994069,-3483147.1553179864,569454.8549334025,311.26719155295405,275,1:37:22
7.2%,357500,1429.9999999938325,-3487639.9461954217,569639.8500354756,311.36831090486487,275,1:37:19
7.2%,360000,1439.999999993596,-3484904.3424393274,570078.2806062023,311.6079594937895,275,1:37:17
7.2%,362500,1449.9999999933596,-3485537.0212846287,569804.1456256218,311.4581157884062,275,1:37:14
7.3%,365000,1459.999999993123,-3483492.3284480944,570307.9460682571,311.7334959129651,275,1:37:11
7.3%,367500,1469.9999999928866,-3484996.4426839836,571103.3694720233,312.16827877036087,275,1:37:08
7.4%,370000,1479.9999999926501,-3485483.2631363776,569137.565638708,311.09375945941093,275,1:37:05
7.5%,372500,1489.9999999924137,-3485240.0738732256,569570.036100232,311.3301502194896,275,1:37:02
7.5%,375000,1499.9999999921772,-3484931.160658382,567969.470443093,310.45527212743787,275,1:36:59
7.5%,377500,1509.9999999919407,-3487550.902243385,568510.147453058,310.7508091888415,275,1:36:55
7.6%,380000,1519.9999999917043,-3485032.167005075,570356.0198759811,311.7597733236991,275,1:36:52
7.7%,382500,1529.9999999914678,-3482750.629576128,568278.436773889,310.6241548426138,275,1:36:49
7.7%,385000,1539.9999999912313,-3486059.2670313623,568216.7803491924,310.59045309788337,275,1:36:46
7.8%,387500,1549.9999999909949,-3487231.2591491584,569397.218319755,311.23568705930506,275,1:36:43
7.8%,390000,1559.9999999907584,-3485127.814372681,568100.6197640734,310.52695907586224,275,1:36:39
7.8%,392500,1569.999999990522,-3488000.818020299,567182.7627066453,310.0252533022832,275,1:36:37
7.9%,395000,1579.9999999902855,-3485597.0118237175,569197.6314017656,311.12659173964084,275,1:36:33
8.0%,397500,1589.999999990049,-3489648.8005587664,571291.4942105978,312.27110879899334,275,1:36:31
8.0%,400000,1599.9999999898125,-3488254.7385478634,569882.6823602696,311.5010444044603,275,1:36:28
8.1%,402500,1609.999999989576,-3484971.0587626807,568184.044526068,310.5725595148559,275,1:36:25
8.1%,405000,1619.9999999893396,-3486012.4093759116,569099.2593051677,311.0728210044018,275,1:36:21
8.2%,407500,1629.9999999891031,-3487974.5675364565,569364.6191369533,311.2178681646381,275,1:36:19
8.2%,410000,1639.9999999888666,-3486799.876885768,569715.7954437138,311.40982308748806,275,1:36:16
8.2%,412500,1649.9999999886302,-3488530.8676074427,569492.1553841284,311.28758018682123,275,1:36:13
8.3%,415000,1659.9999999883937,-3487036.10442687,569771.8968081682,311.4404884053876,275,1:36:09
8.3%,417500,1669.9999999881572,-3488542.4265887197,569592.3832339661,311.3423652871046,275,1:36:06
8.4%,420000,1679.9999999879208,-3485894.4174585734,569481.2587146866,311.28162400668674,275,1:36:03
8.4%,422500,1689.9999999876843,-3486703.6299329195,568514.5430016597,310.7532118201594,275,1:36:00
8.5%,425000,1699.9999999874478,-3487367.0037660375,569878.8634145138,311.49895694746556,275,1:35:57
8.6%,427500,1709.9999999872114,-3490308.7567422334,569562.2551968477,311.3258971344151,275,1:35:53
8.6%,430000,1719.999999986975,-3486350.4048623387,569122.5943399272,311.0855760642129,275,1:35:51
8.7%,432500,1729.9999999867384,-3484250.4884016197,569118.6328731093,311.0834107044128,275,1:35:47
8.7%,435000,1739.999999986502,-3488740.0275534373,571848.3289018235,312.57547773885835,275,1:35:45
8.8%,437500,1749.9999999862655,-3487539.2956680097,570757.6154471121,311.97928769693357,275,1:35:42
8.8%,440000,1759.999999986029,-3489544.2341093123,569363.2895434725,311.217141401445,275,1:35:38
8.8%,442500,1769.9999999857926,-3485782.2205409165,570470.2709538373,311.82222359842774,275,1:35:35
8.9%,445000,1779.999999985556,-3486257.5408207886,569331.8447389344,311.19995349635883,275,1:35:33
8.9%,447500,1789.9999999853196,-3486644.80266623,568878.5424708005,310.95217595490095,275,1:35:29
9.0%,450000,1799.9999999850832,-3485956.1406205017,565454.7907623292,309.08073422490617,275,1:35:26
9.1%,452500,1809.9999999848467,-3484751.1727325097,568983.5783790706,311.0095891666704,275,1:35:22
9.1%,455000,1819.9999999846102,-3481866.310410248,569114.9236125756,311.08138320197065,275,1:35:19
9.2%,457500,1829.9999999843737,-3483635.055052614,567317.1346441628,310.0987017508341,275,1:35:16
9.2%,460000,1839.9999999841373,-3487688.4272913374,568043.4263592102,310.4956968426002,275,1:35:12
9.2%,462500,1849.9999999839008,-3487943.2799526956,568380.4352779922,310.6799077923687,275,1:35:09
9.3%,465000,1859.9999999836643,-3487673.9218218606,569653.6375543056,311.3758472393566,275,1:35:06
9.3%,467500,1869.9999999834279,-3486617.3534704875,569089.4491090638,311.0674586966378,275,1:35:03
9.4%,470000,1879.9999999831914,-3486524.7471006177,570023.3955575179,311.57795902085604,275,1:35:00
9.4%,472500,1889.999999982955,-3486817.6133974977,568314.8420035681,310.64405414367667,275,1:34:57
9.5%,475000,1899.9999999827185,-3489306.522523815,570881.666831789,312.04709487388897,275,1:34:54
9.6%,477500,1909.999999982482,-3485816.003088657,569643.7793948274,311.37045871454546,275,1:34:51
9.6%,480000,1919.9999999822455,-3488757.2755548935,570072.3803003496,311.6047343537873,275,1:34:48
9.7%,482500,1929.999999982009,-3489146.9535840247,568927.617943656,310.979000881368,275,1:34:45
9.7%,485000,1939.9999999817726,-3485615.9430839363,569432.1749631164,311.25479455502824,275,1:34:41
9.8%,487500,1949.9999999815361,-3486939.376775844,569080.1932515088,311.0623993934084,275,1:34:38
9.8%,490000,1959.9999999812997,-3487270.8896641433,566634.2540771201,309.7254354340611,275,1:34:35
9.8%,492500,1969.9999999810632,-3489836.6856011283,568521.3432691251,310.7569288841854,275,1:34:32
9.9%,495000,1979.9999999808267,-3489686.4627618846,570278.2486078123,311.71726311588066,275,1:34:29
9.9%,497500,1989.9999999805902,-3490371.7597021163,569318.0145256786,311.1923938248564,275,1:34:26
10.0%,500000,1999.9999999803538,-3489246.9195091277,568112.0813717209,310.5332240543627,275,1:34:23
10.1%,502500,2009.9999999801173,-3485539.556404343,568434.2929676173,310.7093467051252,275,1:34:21
10.1%,505000,2019.9999999798808,-3482988.8089446146,570205.1911079182,311.67732948002356,275,1:34:17
10.2%,507500,2029.9999999796444,-3484904.415695237,570076.4631929094,311.60696608557345,275,1:34:14
10.2%,510000,2039.999999979408,-3487580.581884112,569745.0148740544,311.4257945906583,275,1:34:11
10.2%,512500,2049.9999999791717,-3484668.9136747755,570082.6522941947,311.6103490827656,275,1:34:08
10.3%,515000,2059.999999978935,-3485372.5654047336,569030.0632578807,311.0349980600209,275,1:34:04
10.3%,517500,2069.9999999786987,-3487416.3719791565,566041.0867315115,309.4012068631938,275,1:34:01
10.4%,520000,2079.9999999784623,-3487748.6235717386,569026.0260315512,311.0327912896503,275,1:33:58
10.4%,522500,2089.999999978226,-3485722.163803106,570616.8798660231,311.9023608454059,275,1:33:54
10.5%,525000,2099.9999999779893,-3488591.9775144868,568760.811438525,310.88782351772784,275,1:33:51
10.6%,527500,2109.999999977753,-3487384.441419821,568218.0673517082,310.59115658061796,275,1:33:47
10.6%,530000,2119.9999999775164,-3487356.332280187,570912.4942841006,312.063945330814,275,1:33:44
10.7%,532500,2129.99999997728,-3486861.977192614,567994.6320348866,310.4690255934848,275,1:33:41
10.7%,535000,2139.9999999770434,-3486261.8439158034,568831.756691182,310.92660258749476,275,1:33:38
10.8%,537500,2149.999999976807,-3483195.437484095,569828.7577682268,311.4715689224701,275,1:33:35
10.8%,540000,2159.9999999765705,-3485806.040018609,567275.2028079191,310.07578157587875,275,1:33:32
10.8%,542500,2169.999999976334,-3487789.386822205,570069.3094098724,311.6030557879693,275,1:33:29
10.9%,545000,2179.9999999760976,-3490774.684337968,568101.758853391,310.52758170842,275,1:33:25
10.9%,547500,2189.999999975861,-3490455.534406094,568055.8753578597,310.50250153451515,275,1:33:23
11.0%,550000,2199.9999999756246,-3488759.579932997,567878.2897297518,310.4054322422922,275,1:33:20
11.1%,552500,2209.999999975388,-3487547.608599879,566165.1472660209,309.4690190414986,275,1:33:17
11.1%,555000,2219.9999999751517,-3488343.901017256,569454.5908832991,311.2670472216987,275,1:33:13
11.2%,557500,2229.999999974915,-3488245.1904697567,571077.0131214384,312.1538722425122,275,1:33:10
11.2%,560000,2239.9999999746788,-3488729.989417104,569313.4842265401,311.1899175381455,275,1:33:07
11.2%,562500,2249.9999999744423,-3487340.067060359,568646.6289235067,310.82541071982774,275,1:33:04
11.3%,565000,2259.999999974206,-3484192.366187053,570017.1853898439,311.5745645086586,275,1:33:02
11.3%,567500,2269.9999999739694,-3489267.7284336537,569546.069334814,311.31704985218636,275,1:32:58
11.4%,570000,2279.999999973733,-3482542.8154651765,569878.6186780476,311.4988231731517,275,1:32:55
11.4%,572500,2289.9999999734964,-3488207.2811606266,568717.1225211173,310.86394291243374,275,1:32:52
11.5%,575000,2299.99999997326,-3484222.3725814614,567617.9181901373,310.2631117103062,275,1:32:49
11.6%,577500,2309.9999999730235,-3485852.801724607,569950.9395869622,311.53835418428173,275,1:32:46
11.6%,580000,2319.999999972787,-3486669.0046731737,570856.7541284595,312.0334774516611,275,1:32:42
11.7%,582500,2329.9999999725505,-3487453.4148129895,569030.7338721044,311.03536462148617,275,1:32:39
11.7%,585000,2339.999999972314,-3489128.245334383,570453.8169521615,311.813229749579,275,1:32:36
11.8%,587500,2349.9999999720776,-3487638.448880287,570171.4272366496,311.6588739601616,275,1:32:33
11.8%,590000,2359.999999971841,-3487947.760733366,569198.7781240385,311.12721854441435,275,1:32:30
11.8%,592500,2369.9999999716047,-3482888.522585906,568538.5110494733,310.7663128884272,275,1:32:27
11.9%,595000,2379.999999971368,-3485456.139833398,570899.9520355109,312.05708966796306,275,1:32:24
11.9%,597500,2389.9999999711317,-3486231.7743727826,568628.4493936743,310.8154736876896,275,1:32:21
12.0%,600000,2399.9999999708953,-3487843.7382165957,568974.2467352753,311.00448843826047,275,1:32:18
12.1%,602500,2409.999999970659,-3486636.1033587623,569738.7012324678,311.4223435190446,275,1:32:14
12.1%,605000,2419.9999999704223,-3487359.4415350743,569572.311888586,311.33139417806404,275,1:32:11
12.2%,607500,2429.999999970186,-3486161.9840047266,568410.8663044441,310.6965415607135,275,1:32:08
12.2%,610000,2439.9999999699494,-3490503.1891629845,568526.678107823,310.7598449366952,275,1:32:05
12.2%,612500,2449.999999969713,-3488568.700292008,569939.4384366763,311.5320675915552,275,1:32:02
12.3%,615000,2459.9999999694764,-3489779.5138129797,570955.2478058382,312.0873146436313,275,1:31:59
12.3%,617500,2469.99999996924,-3485313.929497972,569084.4861089543,311.06474589316906,275,1:31:56
12.4%,620000,2479.9999999690035,-3486024.878991468,570581.9393774573,311.8832621799838,275,1:31:53
12.4%,622500,2489.999999968767,-3485062.7075177357,567379.4415057087,310.1327590279647,275,1:31:50
12.5%,625000,2499.9999999685306,-3489422.637954047,568896.1972663172,310.96182616434305,275,1:31:47
12.6%,627500,2509.999999968294,-3486523.5440974683,570258.5706991663,311.70650706154754,274,1:31:45
12.6%,630000,2519.9999999680576,-3489513.2327969503,570283.4356667205,311.7200983911352,274,1:31:42
12.7%,632500,2529.999999967821,-3485744.5856547523,569820.2971161801,311.46694428299526,274,1:31:38
12.7%,635000,2539.9999999675847,-3485890.248289317,567877.6904372753,310.4051046656907,274,1:31:35
12.8%,637500,2549.9999999673482,-3486400.312449565,570058.6814444142,311.59724648292706,274,1:31:32
12.8%,640000,2559.9999999671118,-3484486.6867900044,567284.0435787346,310.08061399038723,274,1:31:29
12.8%,642500,2569.9999999668753,-3488073.8505783323,569823.3339106267,311.4686042117333,274,1:31:26
12.9%,645000,2579.999999966639,-3488044.755494047,570489.9767171721,311.8329948782886,274,1:31:23
12.9%,647500,2589.9999999664024,-3483528.3691748753,569697.8784492707,311.4000295586542,275,1:31:19
13.0%,650000,2599.999999966166,-3488067.8776822276,569216.950126014,311.137151461784,275,1:31:16
13.1%,652500,2609.9999999659294,-3485187.1028459333,569530.0080070371,311.3082706410752,275,1:31:13
13.1%,655000,2619.999999965693,-3487618.430803938,570131.0498806124,311.63680347273464,275,1:31:10
13.2%,657500,2629.9999999654565,-3488907.933960488,569600.3406469286,311.3467148532966,275,1:31:06
13.2%,660000,2639.99999996522,-3489205.07935768,571376.0212668416,312.3173117581556,275,1:31:03
13.2%,662500,2649.9999999649835,-3488335.003055854,567543.4657823952,310.22241561005967,275,1:31:00
13.3%,665000,2659.999999964747,-3483843.2502770983,568201.4889480856,310.5820947329731,275,1:30:57
13.3%,667500,2669.9999999645106,-3485551.1530491486,569336.7911087604,311.20265720962203,274,1:30:54
13.4%,670000,2679.999999964274,-3485676.188397661,569941.0861241871,311.53296822671456,274,1:30:51
13.4%,672500,2689.9999999640377,-3486245.0683127735,568931.2045585777,310.98096134503635,274,1:30:48
13.5%,675000,2699.999999963801,-3483890.987619698,570255.2553825275,311.70469489102993,275,1:30:45
13.6%,677500,2709.9999999635647,-3488739.9708073568,571335.537117382,312.2951828968499,275,1:30:41
13.6%,680000,2719.9999999633283,-3484709.6724990737,569413.6428906007,311.24466482109824,275,1:30:38
13.7%,682500,2729.999999963092,-3484951.5610325057,568736.6325657901,310.8746072113852,275,1:30:35
13.7%,685000,2739.9999999628553,-3484445.2137852684,569211.5220355446,311.13418443733724,274,1:30:32
13.8%,687500,2749.999999962619,-3487520.84096347,569850.0741193453,311.4832205585732,274,1:30:30
13.8%,690000,2759.9999999623824,-3489346.060648827,568762.8934220875,310.8889615415251,274,1:30:26
13.8%,692500,2769.999999962146,-3488126.909824997,569652.2631177694,311.3750959647,275,1:30:23
13.9%,695000,2779.9999999619095,-3487431.0154309925,570282.2067218383,311.71942664302605,275,1:30:20
13.9%,697500,2789.999999961673,-3485862.6476818547,567634.771921729,310.2723240537506,275,1:30:16
14.0%,700000,2799.9999999614365,-3487056.0141296983,567455.0697533941,310.1740978488654,275,1:30:13
14.1%,702500,2809.9999999612,-3488173.394090779,570715.589501577,311.95631608131595,274,1:30:10
14.1%,705000,2819.9999999609636,-3487877.085311312,569192.2953307785,311.123675013555,274,1:30:07
14.2%,707500,2829.999999960727,-3485312.617328843,571298.5256635427,312.27495223028853,274,1:30:04
14.2%,710000,2839.9999999604906,-3489326.341841737,568906.8613949359,310.96765523637,274,1:30:01
14.2%,712500,2849.999999960254,-3486467.714808371,568176.4636846147,310.56841578474575,274,1:29:58
14.3%,715000,2859.9999999600177,-3485167.850478247,568914.6070127583,310.97188903416014,274,1:29:55
14.3%,717500,2869.9999999597812,-3483411.985414056,571115.7862420318,312.1750658459213,274,1:29:52
14.4%,720000,2879.9999999595448,-3485258.4825558104,570281.2306786631,311.71889313239683,274,1:29:49
14.4%,722500,2889.9999999593083,-3489024.1852591354,568067.79106615,310.509014726953,274,1:29:46
14.5%,725000,2899.999999959072,-3487678.4157407936,568745.7555442274,310.87959388214966,274,1:29:43
14.6%,727500,2909.9999999588354,-3486954.890789071,568799.3528705643,310.9088904788844,274,1:29:39
14.6%,730000,2919.999999958599,-3487798.9282559454,570548.7541670417,311.86512295936313,274,1:29:36
14.7%,732500,2929.9999999583624,-3485319.3350922223,569483.2734220088,311.2827252569168,274,1:29:34
14.7%,735000,2939.999999958126,-3485253.5965983253,567932.8552221754,310.4352580439958,274,1:29:30
14.8%,737500,2949.9999999578895,-3485011.1943949834,568639.5723717136,310.82155356936244,274,1:29:27
14.8%,740000,2959.999999957653,-3484087.4874018114,569731.9664560372,311.41866225278255,274,1:29:24
14.8%,742500,2969.9999999574165,-3486274.27706242,568799.0743430933,310.90873823421936,274,1:29:21
14.9%,745000,2979.99999995718,-3488667.7611992545,570448.778557342,311.81047573494243,274,1:29:18
14.9%,747500,2989.9999999569436,-3486240.0208802223,567645.1387859955,310.277990639429,274,1:29:15
15.0%,750000,2999.999999956707,-3487207.043734316,567631.5753553098,310.27057679276356,274,1:29:11
15.1%,752500,3009.9999999564707,-3483865.792619901,568884.8680419513,310.9556335472808,274,1:29:09
15.1%,755000,3019.999999956234,-3487474.786281662,567624.019279039,310.2664465994399,274,1:29:05
15.2%,757500,3029.9999999559977,-3489477.8149202205,570212.6024269029,311.6813805482094,274,1:29:02
15.2%,760000,3039.9999999557613,-3489329.7487452477,568695.483664028,310.85211499277295,274,1:28:59
15.2%,762500,3049.999999955525,-3489579.0628747065,569403.0515132244,311.2388755153051,274,1:28:56
15.3%,765000,3059.9999999552883,-3486324.127053758,570642.4291451729,311.91632622351847,274,1:28:52
15.3%,767500,3069.999999955052,-3484761.0410519354,568644.8445118469,310.8244353504879,274,1:28:49
15.4%,770000,3079.9999999548154,-3484973.9188285805,571336.4204571252,312.29566573526745,274,1:28:46
15.4%,772500,3089.999999954579,-3486494.7450214475,569096.5341859059,311.0713314390536,274,1:28:43
15.5%,775000,3099.9999999543425,-3486865.532600777,569092.750645188,311.0692633346496,274,1:28:40
15.6%,777500,3109.999999954106,-3486837.5605079234,566532.3435650049,309.6697305812163,274,1:28:37
15.6%,780000,3119.9999999538695,-3486389.6133216023,570654.7042143735,311.92303584462906,274,1:28:34
15.7%,782500,3129.999999953633,-3486015.7113767546,568529.713633945,310.7615041721599,274,1:28:31
15.7%,785000,3139.9999999533966,-3486454.008530859,569442.2658192255,311.26031027311234,274,1:28:28
15.8%,787500,3149.99999995316,-3486497.5110770017,568402.4255129558,310.6919277771303,274,1:28:24
15.8%,790000,3159.9999999529236,-3486558.1066797376,568753.7059816443,310.88393963546963,274,1:28:21
15.8%,792500,3169.999999952687,-3483875.6088237483,567575.9694165111,310.2401822772834,274,1:28:18
15.9%,795000,3179.9999999524507,-3487933.273028521,570748.8954481209,311.97452129697604,274,1:28:15
15.9%,797500,3189.9999999522142,-3486459.3510458656,568812.9682160681,310.9163327024782,274,1:28:12
16.0%,800000,3199.9999999519778,-3485000.5894956198,569126.8669356974,311.0879114888291,274,1:28:09
16.1%,802500,3209.9999999517413,-3483322.8561447803,568132.0336850224,310.5441300998069,274,1:28:06
16.1%,805000,3219.999999951505,-3486294.3700215872,568912.913281812,310.9709632314028,274,1:28:02
16.1%,807500,3229.9999999512684,-3485568.9903136715,567952.4781891932,310.4459840669292,274,1:27:59
16.2%,810000,3239.999999951032,-3490817.8370227106,568159.028945919,310.5588858595862,274,1:27:56
16.2%,812500,3249.9999999507954,-3488509.722032683,568073.83701747,310.5123194775779,274,1:27:53
16.3%,815000,3259.999999950559,-3483637.136180518,568907.6195817674,310.9680696655098,274,1:27:50
16.4%,817500,3269.9999999503225,-3485084.8593115285,566781.0607783321,309.80568079362126,274,1:27:47
16.4%,820000,3279.999999950086,-3486447.7694416083,570383.6345772038,311.77486767300644,274,1:27:44
16.4%,822500,3289.9999999498496,-3486184.315943025,568451.8000497059,310.7189161735858,274,1:27:41
16.5%,825000,3299.999999949613,-3488248.751871718,571012.4867465775,312.11860176705653,274,1:27:38
16.6%,827500,3309.9999999493766,-3486731.245121235,569341.2479779837,311.20509335913283,274,1:27:35
16.6%,830000,3319.99999994914,-3486786.497844154,568850.62460222,310.93691589262926,274,1:27:31
16.6%,832500,3329.9999999489037,-3487457.26533868,570468.9655039919,311.8215100322802,274,1:27:28
16.7%,835000,3339.999999948667,-3486548.1545198224,568033.8008777268,310.4904355008754,274,1:27:25
16.8%,837500,3349.9999999484307,-3488083.4015847333,568220.7872460298,310.59264328998484,274,1:27:22
16.8%,840000,3359.9999999481943,-3489225.1095878724,570138.0985083503,311.64065629186734,274,1:27:19
16.9%,842500,3369.999999947958,-3488906.5800367836,570376.5617560023,311.771001629592,274,1:27:16
16.9%,845000,3379.9999999477213,-3486146.1314286273,570184.2335128358,311.66587394196563,274,1:27:12
16.9%,847500,3389.999999947485,-3489798.3607686404,572167.3322451166,312.74984674090064,274,1:27:09
17.0%,850000,3399.9999999472484,-3488913.0889534,569617.2367462503,311.3559503551778,274,1:27:06
17.1%,852500,3409.999999947012,-3485198.0939571783,572272.6367344983,312.80740676059975,274,1:27:03
17.1%,855000,3419.9999999467755,-3486008.080028521,570022.656378122,311.5775549812863,274,1:26:59
17.1%,857500,3429.999999946539,-3488234.4003342614,569645.074625582,311.37116669488114,274,1:26:56
17.2%,860000,3439.9999999463025,-3485856.1083271652,570295.0673107004,311.72645631244086,274,1:26:53
17.2%,862500,3449.999999946066,-3487189.902525734,569790.3337131834,311.45056612023245,274,1:26:50
17.3%,865000,3459.9999999458296,-3485501.5473964904,569947.6017245197,311.5365296901023,274,1:26:47
17.4%,867500,3469.999999945593,-3487892.6244061813,570169.916557141,311.6580482143384,274,1:26:44
17.4%,870000,3479.9999999453566,-3487536.5063100737,571121.2665658232,312.17806142139244,274,1:26:41
17.4%,872500,3489.99999994512,-3490058.5513409954,571840.308073743,312.57109350961014,274,1:26:38
17.5%,875000,3499.9999999448837,-3486911.5443270076,569042.2148112737,311.0416401667039,274,1:26:34
17.6%,877500,3509.9999999446472,-3484242.202632377,569526.8874580405,311.3065649316342,274,1:26:31
17.6%,880000,3519.999999944411,-3487315.8223324735,568868.148208145,310.9464943931108,274,1:26:28
17.6%,882500,3529.9999999441743,-3485771.2992863245,569803.0811845991,311.4575339590218,274,1:26:25
17.7%,885000,3539.999999943938,-3486692.4300352093,569965.4652484269,311.5462939916438,274,1:26:22
17.8%,887500,3549.9999999437014,-3484928.328523809,568218.7711253156,310.5915412671868,274,1:26:18
17.8%,890000,3559.999999943465,-3486968.301650947,568474.3897790171,310.7312638452927,274,1:26:15
17.9%,892500,3569.9999999432284,-3484836.0844878163,567166.9617418565,310.01661640702974,274,1:26:12
17.9%,895000,3579.999999942992,-3485031.9165172037,568093.6900827803,310.523171273518,274,1:26:09
17.9%,897500,3589.9999999427555,-3486781.7583200336,570424.6422814813,311.7972827122881,274,1:26:05
18.0%,900000,3599.999999942519,-3487783.8430651855,568724.1949824753,310.8678087591557,274,1:26:02
18.1%,902500,3609.9999999422826,-3486002.424556656,567838.729826903,310.38380857932543,274,1:25:59
18.1%,905000,3619.999999942046,-3485676.209628802,570520.3748184645,311.8496106495581,274,1:25:56
18.1%,907500,3629.9999999418096,-3486681.768515285,570867.2615892354,312.03922088817365,274,1:25:53
18.2%,910000,3639.999999941573,-3487305.618022714,570053.5837620007,311.5944600613617,274,1:25:50
18.2%,912500,3649.9999999413367,-3488533.393696964,569242.174230583,311.1509390976617,274,1:25:47
18.3%,915000,3659.9999999411,-3489260.043789871,568196.3546329769,310.5792882877728,274,1:25:43
18.4%,917500,3669.9999999408637,-3488939.136520501,570293.4083504518,311.7255495155402,274,1:25:40
18.4%,920000,3679.9999999406273,-3489558.6896447,569268.4478292293,311.1653003928404,274,1:25:37
18.4%,922500,3689.999999940391,-3488090.082548188,568619.2541971318,310.8104475421071,274,1:25:34
18.5%,925000,3699.9999999401543,-3486910.9113939907,569852.8957455049,311.4847628751286,274,1:25:31
18.6%,927500,3709.999999939918,-3487790.153739359,565981.9220906233,309.3688671413546,274,1:25:28
18.6%,930000,3719.9999999396814,-3487871.0159921087,568778.6036102369,310.8975488177624,274,1:25:25
18.6%,932500,3729.999999939445,-3484570.6072599944,569485.6835352124,311.2840426382012,274,1:25:22
18.7%,935000,3739.9999999392085,-3486658.877487477,568960.9562333438,310.9972237759704,274,1:25:19
18.8%,937500,3749.999999938972,-3487167.5964711644,570302.5845550416,311.73056528001575,274,1:25:16
18.8%,940000,3759.9999999387355,-3490840.682526307,568459.8242854973,310.72330226550775,274,1:25:13
18.9%,942500,3769.999999938499,-3488237.2925972715,569026.3132084562,311.0329482621441,274,1:25:09
18.9%,945000,3779.9999999382626,-3486435.7198364753,570809.5718024638,312.0076873297992,274,1:25:06
18.9%,947500,3789.999999938026,-3487410.0765925813,570166.9829548986,311.65644469103324,274,1:25:03
19.0%,950000,3799.9999999377897,-3485432.7037131134,569659.0287125664,311.37879407645266,274,1:25:00
19.1%,952500,3809.999999937553,-3487677.420654366,568206.3600388748,310.5847572982961,274,1:24:57
19.1%,955000,3819.9999999373167,-3485022.015100414,569016.8970777412,311.0278013527139,274,1:24:54
19.1%,957500,3829.9999999370802,-3489116.9245708566,569640.0798695569,311.3684365334523,274,1:24:51
19.2%,960000,3839.999999936844,-3487997.6133352593,570445.9552718711,311.8089325113982,274,1:24:48
19.2%,962500,3849.9999999366073,-3488183.0881259628,569583.1719961085,311.33733037325,274,1:24:45
19.3%,965000,3859.999999936371,-3489305.658658918,571401.4009452197,312.33118443154285,274,1:24:42
19.4%,967500,3869.9999999361344,-3487740.6109515037,567342.0823008168,310.11233827874355,274,1:24:38
19.4%,970000,3879.999999935898,-3485705.2073412687,571072.1555372439,312.151217059969,274,1:24:35
19.4%,972500,3889.9999999356614,-3489823.3626307882,569249.0552998056,311.1547003283778,274,1:24:32
19.5%,975000,3899.999999935425,-3489845.591716718,568721.2015106126,310.8661725107831,274,1:24:29
19.6%,977500,3909.9999999351885,-3490574.754591834,568742.4997911174,310.8778142693881,274,1:24:26
19.6%,980000,3919.999999934952,-3488188.8094276693,567787.1948185964,310.3556392570986,274,1:24:22
19.6%,982500,3929.9999999347156,-3486622.7643893007,570874.5345721752,312.0431963411078,274,1:24:19
19.7%,985000,3939.999999934479,-3489812.304465253,567890.3107261602,310.41200298580117,274,1:24:16
19.8%,987500,3949.9999999342426,-3489018.058227489,569086.5827665783,311.0658919378899,274,1:24:13
19.8%,990000,3959.999999934006,-3487242.078620529,568134.4040727473,310.5454257669237,274,1:24:10
19.9%,992500,3969.9999999337697,-3485937.817271853,571155.5092246633,312.1967786492044,274,1:24:07
19.9%,995000,3979.999999933533,-3487443.306707481,569919.0908349049,311.5209454792343,274,1:24:04
19.9%,997500,3989.9999999332967,-3487367.163608713,569182.3967093199,311.1182643720002,274,1:24:00
20.0%,1000000,3999.9999999330603,-3486930.9845489245,569501.3862763247,311.2926258438467,274,1:23:57
20.1%,1002500,4009.999999932824,-3487917.571729606,568655.5141003539,310.83026740692014,274,1:23:54
20.1%,1005000,4019.9999999325873,-3486306.8995970786,569132.9824748146,311.09125427653095,274,1:23:51
20.1%,1007500,4029.999999932351,-3488859.1469743103,568557.1631425484,310.77650822626265,274,1:23:48
20.2%,1010000,4039.9999999321144,-3487303.2464813553,567524.3140220246,310.2119471513009,274,1:23:45
20.2%,1012500,4049.999999931878,-3491001.7575377095,570528.2087045053,311.8538926952475,274,1:23:42
20.3%,1015000,4059.9999999316415,-3487419.41823313,569381.9262879934,311.22732834967536,274,1:23:38
20.4%,1017500,4069.999999931405,-3489089.673622204,568249.1150988496,310.6081274519224,274,1:23:35
20.4%,1020000,4079.9999999311685,-3486485.347618619,568294.3873360162,310.63287350860463,274,1:23:32
20.4%,1022500,4089.999999930932,-3487956.683934871,569521.9228901683,311.30385127121764,274,1:23:29
20.5%,1025000,4099.999999930696,-3485856.9322203435,569584.842799322,311.3382436435811,274,1:23:26
20.6%,1027500,4109.999999930459,-3484664.0987243354,567676.5308261525,310.29514970321105,274,1:23:23
20.6%,1030000,4119.999999930223,-3485720.0881640743,571981.4757171809,312.64825652882115,274,1:23:19
20.6%,1032500,4129.999999929986,-3490040.2261886653,569235.8886700422,311.14750337530387,274,1:23:16
20.7%,1035000,4139.99999992975,-3487385.3641020507,567492.5431054777,310.19458099157646,274,1:23:13
20.8%,1037500,4149.999999929513,-3490612.233282719,571252.8588707119,312.24999050728536,274,1:23:10
20.8%,1040000,4159.999999929277,-3487508.9792236444,569347.036304632,311.2082572906789,274,1:23:07
20.9%,1042500,4169.99999992904,-3489816.841544794,569329.3894317232,311.1986114117784,274,1:23:03
20.9%,1045000,4179.999999928804,-3485015.2675357405,570748.6049980081,311.9743625353287,274,1:23:01
20.9%,1047500,4189.999999928567,-3487331.340021126,571173.5161575314,312.20662133888175,274,1:22:57
21.0%,1050000,4199.999999928331,-3486970.120847998,569808.0147968455,311.46023069892107,274,1:22:54
21.1%,1052500,4209.999999928094,-3486778.501848489,569940.0724881766,311.53241416763245,274,1:22:51
21.1%,1055000,4219.999999927858,-3486454.928192662,569560.1383995693,311.32474008124706,274,1:22:48
21.1%,1057500,4229.9999999276215,-3488539.6780614555,570259.6074936683,311.70707377919007,274,1:22:44
21.2%,1060000,4239.999999927385,-3487100.406219259,569471.1342337313,311.27608990907464,274,1:22:41
21.2%,1062500,4249.999999927149,-3487468.0116456375,569154.4351961806,311.1029804533699,274,1:22:38
21.3%,1065000,4259.999999926912,-3487786.743108982,569224.2249921955,311.14112794410846,274,1:22:35
21.4%,1067500,4269.999999926676,-3487609.5267789457,569750.4540476818,311.4287676732209,274,1:22:32
21.4%,1070000,4279.999999926439,-3487291.370953573,568552.2647581588,310.7738307421059,274,1:22:29
21.4%,1072500,4289.999999926203,-3489508.434681684,568236.0958766867,310.60101107266297,274,1:22:26
21.5%,1075000,4299.999999925966,-3487973.2108041663,569483.6378442153,311.2829244521221,274,1:22:23
21.6%,1077500,4309.99999992573,-3490660.253327107,569192.5556286324,311.12381729381,274,1:22:19
21.6%,1080000,4319.999999925493,-3489316.426012788,570822.9501356317,312.0150000011317,274,1:22:16
21.6%,1082500,4329.999999925257,-3484961.711912403,570727.000777751,311.962553548353,274,1:22:13
21.7%,1085000,4339.99999992502,-3486373.8942710627,569736.5286967701,311.4211559989466,274,1:22:10
21.8%,1087500,4349.999999924784,-3486393.397673486,570349.970855471,311.7564668954378,274,1:22:07
21.8%,1090000,4359.999999924547,-3488548.4867222738,568192.218155557,310.5770272662041,274,1:22:04
21.9%,1092500,4369.999999924311,-3488047.1192331873,569420.7253201811,311.24853611650605,274,1:22:01
21.9%,1095000,4379.9999999240745,-3489308.356567314,569031.7840119642,311.0359386337754,274,1:21:58
21.9%,1097500,4389.999999923838,-3486158.3480260037,569965.6737141884,311.54640794018866,274,1:21:54
22.0%,1100000,4399.9999999236015,-3490489.9594775643,568110.6926724513,310.53246498361665,274,1:21:51
22.1%,1102500,4409.999999923365,-3488752.0027109627,567740.2516555178,310.3299798630176,274,1:21:48
22.1%,1105000,4419.999999923129,-3486650.256666407,569767.0209160114,311.4378232156105,274,1:21:45
22.1%,1107500,4429.999999922892,-3489067.325537931,570072.5086069376,311.60480448688213,274,1:21:42
22.2%,1110000,4439.999999922656,-3490099.1823732853,569776.4248577274,311.442963462466,274,1:21:39
22.2%,1112500,4449.999999922419,-3487582.690217631,570513.8085534708,311.8460214925847,274,1:21:36
22.3%,1115000,4459.999999922183,-3492973.8330291733,570892.2803848131,312.05289630101464,274,1:21:32
22.4%,1117500,4469.999999921946,-3488675.904813098,572031.7640950368,312.6757444359087,274,1:21:29
22.4%,1120000,4479.99999992171,-3490531.8585376292,569563.9003361561,311.3267963767128,274,1:21:26
22.4%,1122500,4489.999999921473,-3487745.790797569,571237.899649072,312.24181371351966,274,1:21:23
22.5%,1125000,4499.999999921237,-3486595.541587416,570193.0601612274,311.67069863707866,274,1:21:20
22.6%,1127500,4509.999999921,-3485552.2943734042,568759.5033888328,310.88710853048946,274,1:21:17
22.6%,1130000,4519.999999920764,-3488405.098754242,569052.9486208905,311.04750732675205,274,1:21:14
22.6%,1132500,4529.999999920527,-3488715.8203008603,569272.833750486,311.16769776179797,274,1:21:11
22.7%,1135000,4539.999999920291,-3489331.2490033675,569814.3807231032,311.4637103496268,274,1:21:08
22.8%,1137500,4549.9999999200545,-3485051.7246372364,571166.5143462017,312.20279410985825,274,1:21:05
22.8%,1140000,4559.999999919818,-3488013.547748953,568273.7449093739,310.62159024336927,274,1:21:01
22.9%,1142500,4569.999999919582,-3485754.6402335856,568630.161020889,310.8164092726468,274,1:20:58
22.9%,1145000,4579.999999919345,-3490167.2321651317,569973.1796169712,311.55051070840466,274,1:20:55
22.9%,1147500,4589.999999919109,-3486813.601105608,569340.2262052608,311.20453485247845,274,1:20:52
23.0%,1150000,4599.999999918872,-3484492.584802743,567299.8849623569,310.0892729787999,274,1:20:48
23.1%,1152500,4609.999999918636,-3488609.653781187,570414.6755046184,311.7918348166103,274,1:20:45
23.1%,1155000,4619.999999918399,-3485994.4206928555,569052.1113868491,311.04704968996754,274,1:20:42
23.1%,1157500,4629.999999918163,-3488422.585942358,569529.1690995821,311.30781208959354,274,1:20:39
23.2%,1160000,4639.999999917926,-3488744.981580334,568157.2433925525,310.5579098661831,274,1:20:36
23.2%,1162500,4649.99999991769,-3489508.479958484,569412.1976583906,311.24387484913245,274,1:20:33
23.3%,1165000,4659.999999917453,-3488180.392576486,569319.8012342611,311.193370449707,274,1:20:30
23.4%,1167500,4669.999999917217,-3486837.1989007127,570000.4649563006,311.565425026669,274,1:20:27
23.4%,1170000,4679.99999991698,-3484275.8264098857,571582.2270316954,312.43002497633614,274,1:20:24
23.4%,1172500,4689.999999916744,-3486668.063551765,570976.0952488146,312.09870997193536,274,1:20:20
23.5%,1175000,4699.9999999165075,-3487463.525143247,570967.5413342647,312.0940343546574,274,1:20:17
23.6%,1177500,4709.999999916271,-3488833.481361497,568945.2962620906,310.98866394856776,274,1:20:14
23.6%,1180000,4719.9999999160345,-3486935.3193875123,569245.5311852663,311.1527740277662,274,1:20:10
23.6%,1182500,4729.999999915798,-3486310.7286511958,568172.3348525625,310.56615894217754,274,1:20:07
23.7%,1185000,4739.999999915562,-3486912.1764759943,570009.5163018223,311.5703725424833,274,1:20:04
23.8%,1187500,4749.999999915325,-3488877.3268550597,569412.9705827176,311.2442973338693,274,1:20:01
23.8%,1190000,4759.999999915089,-3486610.42642954,568706.4391666641,310.85810333145866,274,1:19:58
23.9%,1192500,4769.999999914852,-3488355.28834589,567147.3068051236,310.00587290927217,274,1:19:55
23.9%,1195000,4779.999999914616,-3489380.86506838,569088.4130773428,311.0668923959357,274,1:19:52
23.9%,1197500,4789.999999914379,-3486294.5580762643,570820.5436546039,312.01368460521473,274,1:19:49
24.0%,1200000,4799.999999914143,-3489307.898870649,571160.3676433907,312.19943428790793,274,1:19:46
24.1%,1202500,4809.999999913906,-3488228.9862357806,569707.1798785661,311.4051137716504,274,1:19:43
24.1%,1205000,4819.99999991367,-3489291.314224707,568654.0340831649,310.8294584212914,274,1:19:40
24.1%,1207500,4829.999999913433,-3487855.210178729,568192.6110387789,310.57724201835873,274,1:19:37
24.2%,1210000,4839.999999913197,-3490566.780405307,571459.3707389303,312.3628710432679,274,1:19:34
24.2%,1212500,4849.99999991296,-3485108.279813325,571941.5218628022,312.6264175297567,274,1:19:30
24.3%,1215000,4859.999999912724,-3487717.9033992346,566822.9626029299,309.828584564044,274,1:19:27
24.4%,1217500,4869.9999999124875,-3487737.5575161595,567918.9504506902,310.4276576185505,274,1:19:24
24.4%,1220000,4879.999999912251,-3486682.990983758,569016.3546184488,311.02750484144696,274,1:19:21
24.4%,1222500,4889.999999912015,-3489229.3108669184,569087.1439236172,311.0661986694491,274,1:19:18
24.5%,1225000,4899.999999911778,-3487713.8017876837,567774.7133565648,310.3488168205184,274,1:19:15
24.6%,1227500,4909.999999911542,-3488486.665683847,567576.8316139797,310.240653559216,274,1:19:12
24.6%,1230000,4919.999999911305,-3487224.20349285,567081.1490822756,309.9697107299317,274,1:19:09
24.6%,1232500,4929.999999911069,-3487488.4942777026,568937.6839996772,310.9845030435861,274,1:19:05
24.7%,1235000,4939.999999910832,-3488310.542066036,568271.4187635873,310.62031875914204,274,1:19:02
24.8%,1237500,4949.999999910596,-3488447.5216545537,567322.1907538024,310.10146544848993,274,1:18:59
24.8%,1240000,4959.999999910359,-3488002.4343054425,569488.897306714,311.28579930358194,274,1:18:56
24.9%,1242500,4969.999999910123,-3489190.817474557,571226.1865180156,312.23541125092476,274,1:18:53
24.9%,1245000,4979.999999909886,-3489591.216026759,568380.4553168071,310.67991874569645,274,1:18:50
24.9%,1247500,4989.99999990965,-3485604.364360735,569403.5863651665,311.239167868352,274,1:18:47
25.0%,1250000,4999.999999909413,-3487525.4644964803,567863.8819683415,310.3975568797557,274,1:18:44
25.1%,1252500,5009.999999909177,-3489203.2005544566,569382.8907149372,311.2278555108079,274,1:18:41
25.1%,1255000,5019.9999999089405,-3488993.3644555323,569340.2579318143,311.20455219438907,274,1:18:38
25.1%,1257500,5029.999999908704,-3483454.197009217,567934.6886703314,310.43626021695724,274,1:18:34
25.2%,1260000,5039.9999999084675,-3486839.7313635144,570090.0182237215,311.61437534082125,274,1:18:31
25.2%,1262500,5049.999999908231,-3488330.2829088327,567978.5820227297,310.46025256755445,274,1:18:28
25.3%,1265000,5059.999999907995,-3484253.6028313525,569522.2267841562,311.3040173813619,274,1:18:25
25.4%,1267500,5069.999999907758,-3488703.0819678176,569844.7205470715,311.4802942661867,274,1:18:22
25.4%,1270000,5079.999999907522,-3488431.531928951,570220.3260679907,311.6856023333943,274,1:18:19
25.4%,1272500,5089.999999907285,-3488800.2556328103,569814.158647686,311.4635889619684,274,1:18:16
25.5%,1275000,5099.999999907049,-3489680.4309196398,568405.443380167,310.6935773601362,274,1:18:13
25.6%,1277500,5109.999999906812,-3488734.7353167403,569618.1888228238,311.3564707655293,274,1:18:10
25.6%,1280000,5119.999999906576,-3487182.786529513,570229.5132850548,311.69062411734944,274,1:18:06
25.6%,1282500,5129.999999906339,-3491848.006298609,567964.96480566,310.4528093209523,274,1:18:03
25.7%,1285000,5139.999999906103,-3491378.693475373,569605.1910732699,311.3493661233174,274,1:18:00
25.8%,1287500,5149.999999905866,-3489452.0118959434,569604.2000373151,311.3488244175514,274,1:17:57
25.8%,1290000,5159.99999990563,-3487720.0130575765,569462.266755735,311.27124289627255,274,1:17:53
25.9%,1292500,5169.999999905393,-3487323.8821249288,569890.4752384832,311.5053040350432,274,1:17:50
25.9%,1295000,5179.999999905157,-3487414.9322218485,570161.8646449267,311.65364699432973,274,1:17:47
25.9%,1297500,5189.9999999049205,-3487105.7508083824,568370.0331472387,310.67422192983236,274,1:17:44
26.0%,1300000,5199.999999904684,-3483593.362838635,567375.7703409607,310.130752348891,274,1:17:41
26.1%,1302500,5209.999999904448,-3486917.7438577954,567456.5820466409,310.17492447676693,274,1:17:38
26.1%,1305000,5219.999999904211,-3487635.2212047726,570285.285089312,311.7211092958119,274,1:17:35
26.1%,1307500,5229.999999903975,-3491317.2077642586,567618.4535731561,310.2634043536426,274,1:17:31
26.2%,1310000,5239.999999903738,-3488008.135425389,570075.0024127711,311.60616761502365,274,1:17:28
26.2%,1312500,5249.999999903502,-3486387.9943767283,567858.998832227,310.3948877303909,274,1:17:25
26.3%,1315000,5259.999999903265,-3485052.00254778,569396.2735626814,311.2351706498329,274,1:17:22
26.4%,1317500,5269.999999903029,-3488836.12208567,569727.8831028824,311.4164302692326,274,1:17:19
26.4%,1320000,5279.999999902792,-3487597.529680578,570549.3620247481,311.8654552177669,274,1:17:16
26.4%,1322500,5289.999999902556,-3491181.293949431,568417.7510346359,310.70030479253575,274,1:17:13
26.5%,1325000,5299.999999902319,-3489197.092712054,569512.5170870057,311.29871000688496,274,1:17:10
26.6%,1327500,5309.999999902083,-3485724.063113345,569258.2243100498,311.159712160384,274,1:17:06
26.6%,1330000,5319.999999901846,-3486370.0968614276,569455.8291502232,311.2677240652877,274,1:17:03
26.6%,1332500,5329.99999990161,-3485308.520087,568579.5637878997,310.7887525436252,274,1:17:00
26.7%,1335000,5339.9999999013735,-3487249.8497831617,569239.5633096385,311.1495119537491,274,1:16:57
26.8%,1337500,5349.999999901137,-3486699.2811468393,568743.6990094607,310.8784697688058,274,1:16:54
26.8%,1340000,5359.999999900901,-3490859.320346363,569901.5904638767,311.5113796790767,274,1:16:51
26.9%,1342500,5369.999999900664,-3486423.894849682,569149.5428753308,311.1003062835777,274,1:16:48
26.9%,1345000,5379.999999900428,-3487062.4793783203,567683.0409054632,310.2987081487774,274,1:16:44
26.9%,1347500,5389.999999900191,-3488622.652658634,571942.2566300527,312.6268191576233,274,1:16:41
27.0%,1350000,5399.999999899955,-3487463.5613598656,569900.8370770194,311.5109678736294,274,1:16:38
27.1%,1352500,5409.999999899718,-3487496.3493300267,569911.1854029717,311.5166243261621,274,1:16:35
27.1%,1355000,5419.999999899482,-3487398.5238262936,568183.9016981071,310.5724814442979,274,1:16:32
27.1%,1357500,5429.999999899245,-3484205.763413077,569650.7910121696,311.37429130358987,274,1:16:29
27.2%,1360000,5439.999999899009,-3487356.0631480776,568717.7570329199,310.86428974011477,274,1:16:25
27.2%,1362500,5449.999999898772,-3487232.381965669,568620.1903517307,310.8109592494186,274,1:16:22
27.3%,1365000,5459.999999898536,-3489902.245575942,568792.5668388838,310.90518119621754,274,1:16:19
27.4%,1367500,5469.999999898299,-3487472.846228473,568113.1575783689,310.53381231490334,274,1:16:16
27.4%,1370000,5479.999999898063,-3489429.14852079,568645.5091544413,310.8247986478274,274,1:16:13
27.4%,1372500,5489.9999998978265,-3489659.4946443923,568858.02163075,310.940959149573,274,1:16:10
27.5%,1375000,5499.99999989759,-3488335.9137726277,567907.3472997884,310.42131527171983,274,1:16:07
27.6%,1377500,5509.9999998973535,-3487695.8392134253,568055.4312139158,310.5022587629647,274,1:16:03
27.6%,1380000,5519.999999897117,-3489335.4679579455,568572.3880058181,310.78483022122094,274,1:16:00
27.6%,1382500,5529.999999896881,-3489563.4004002064,569554.2778351766,311.32153666414797,274,1:15:57
27.7%,1385000,5539.999999896644,-3490085.7620849274,570486.7453262117,311.83122858201364,274,1:15:54
27.8%,1387500,5549.999999896408,-3485294.49341511,569197.6852689761,311.1266211837578,274,1:15:51
27.8%,1390000,5559.999999896171,-3486996.2564289756,568503.5322836523,310.7471933004445,274,1:15:48
27.9%,1392500,5569.999999895935,-3487342.87315936,569223.9333714927,311.1409685426101,274,1:15:45
27.9%,1395000,5579.999999895698,-3488957.942088159,568415.8370247196,310.6992585840679,274,1:15:42
27.9%,1397500,5589.999999895462,-3487535.2156366818,568979.4166855887,311.0073143618619,274,1:15:38
28.0%,1400000,5599.999999895225,-3486187.549574444,570469.9056717949,311.8220239332313,274,1:15:35
28.1%,1402500,5609.999999894989,-3485689.0327249914,569412.8633598106,311.24423872523187,274,1:15:32
28.1%,1405000,5619.999999894752,-3485728.9148096554,569770.0946248736,311.4395033219734,274,1:15:29
28.1%,1407500,5629.999999894516,-3489161.1163287554,568715.4735757473,310.8630415897215,274,1:15:26
28.2%,1410000,5639.999999894279,-3486320.194261279,567253.0999300047,310.0637000198536,274,1:15:23
28.2%,1412500,5649.999999894043,-3484286.1960983835,570844.3032467137,312.0266717304353,274,1:15:20
28.3%,1415000,5659.9999998938065,-3490556.18456883,568605.632405903,310.80300179524414,274,1:15:16
28.4%,1417500,5669.99999989357,-3488176.6544520427,568913.8052512303,310.9714507868488,274,1:15:13
28.4%,1420000,5679.999999893334,-3489062.7954193875,569184.3716036452,311.11934386022466,274,1:15:10
28.4%,1422500,5689.999999893097,-3487562.283547405,570417.2738619293,311.7932550931709,274,1:15:07
28.5%,1425000,5699.999999892861,-3487557.2525445875,568167.5305089069,310.56353286120907,274,1:15:04
28.6%,1427500,5709.999999892624,-3489113.1389350686,568028.6534513716,310.48762188899474,274,1:15:01
28.6%,1430000,5719.999999892388,-3492560.913917549,568302.1642743573,310.63712442636455,274,1:14:58
28.6%,1432500,5729.999999892151,-3484330.0750944726,568661.3257178428,310.8334440693693,274,1:14:55
28.7%,1435000,5739.999999891915,-3489404.0385878105,570679.4310511858,311.93655167118465,274,1:14:51
28.8%,1437500,5749.999999891678,-3488415.6888363883,569342.897058198,311.2059947555517,274,1:14:48
28.8%,1440000,5759.999999891442,-3487447.356621789,567591.7558035064,310.2488112042338,274,1:14:45
28.9%,1442500,5769.999999891205,-3489220.9840869606,570857.7544693752,312.0340242435705,274,1:14:42
28.9%,1445000,5779.999999890969,-3489847.1432880536,570505.5894610371,311.8415288909381,274,1:14:39
28.9%,1447500,5789.999999890732,-3488684.543185046,568465.2419649903,310.72626359925687,274,1:14:36
29.0%,1450000,5799.999999890496,-3488118.581612559,567523.1213572606,310.21129523410616,274,1:14:33
29.1%,1452500,5809.9999998902595,-3485432.557869654,568569.2049361204,310.78309033761695,274,1:14:29
29.1%,1455000,5819.999999890023,-3485726.0626955256,569224.6628499682,311.14136727960283,274,1:14:26
29.1%,1457500,5829.9999998897865,-3488919.76961359,570144.6534800965,311.64423927588876,274,1:14:23
29.2%,1460000,5839.99999988955,-3485000.305918986,569229.1669899116,311.1438292675522,274,1:14:20
29.2%,1462500,5849.999999889314,-3488062.5503617246,569724.0516897091,311.41433599747813,274,1:14:17
29.3%,1465000,5859.999999889077,-3486184.8619156145,570858.6419388757,312.03450933933635,274,1:14:14
29.4%,1467500,5869.999999888841,-3484796.2099677715,572143.9676845921,312.7370755421421,274,1:14:11
29.4%,1470000,5879.999999888604,-3488429.7350508925,569067.4579701219,311.05543821775666,274,1:14:08
29.4%,1472500,5889.999999888368,-3486384.0386847816,570132.4211323546,311.6375530065652,274,1:14:04
29.5%,1475000,5899.999999888131,-3487257.710242374,570390.8266836451,311.77879891839655,274,1:14:01
29.6%,1477500,5909.999999887895,-3490585.482916625,569505.0134341961,311.29460846851686,274,1:13:58
29.6%,1480000,5919.999999887658,-3485990.788551064,570230.6974032014,311.69127136291553,274,1:13:55
29.6%,1482500,5929.999999887422,-3486867.80463483,569049.439188097,311.04558905126436,274,1:13:52
29.7%,1485000,5939.999999887185,-3488080.831387598,570186.2218083069,311.6669607553309,274,1:13:49
29.8%,1487500,5949.999999886949,-3489473.1100570634,570352.9583326689,311.75809986709334,274,1:13:46
29.8%,1490000,5959.999999886712,-3488774.0762777906,567164.6832313094,310.01537096048946,274,1:13:42
29.9%,1492500,5969.999999886476,-3488796.5685587917,567508.5692425778,310.20334096726793,274,1:13:39
29.9%,1495000,5979.9999998862395,-3486381.630146792,570426.6665309925,311.7983891783318,274,1:13:36
29.9%,1497500,5989.999999886003,-3482124.813579876,569063.0737566664,311.0530417822928,274,1:13:33
30.0%,1500000,5999.999999885767,-3491537.423545707,567924.1833233924,310.4305179358797,274,1:13:30
30.1%,1502500,6009.99999988553,-3488668.7133494094,569383.0104888148,311.22792097987565,274,1:13:27
30.1%,1505000,6019.999999885294,-3485641.1965398844,569648.8019872857,311.3732040915235,274,1:13:24
30.1%,1507500,6029.999999885057,-3489829.1861859355,568613.5383449972,310.80732322553337,274,1:13:21
30.2%,1510000,6039.999999884821,-3489043.3017351143,571838.5552702365,312.5701354174627,274,1:13:17
30.2%,1512500,6049.999999884584,-3489500.7572470326,568755.5348010086,310.88493927830774,274,1:13:14
30.3%,1515000,6059.999999884348,-3486574.3876764253,571040.7947679758,312.1340750890288,274,1:13:11
30.4%,1517500,6069.999999884111,-3486621.715230232,568995.3292173094,311.016012240221,274,1:13:08
30.4%,1520000,6079.999999883875,-3486899.0579971317,569239.0976375294,311.14925741478373,274,1:13:05
30.4%,1522500,6089.999999883638,-3487184.20000151,568949.6251415962,310.9910301381869,274,1:13:02
30.5%,1525000,6099.999999883402,-3490764.348747041,567795.1871561285,310.36000791325455,274,1:12:59
30.6%,1527500,6109.999999883165,-3487699.989876475,569048.1165016629,311.0448660635014,274,1:12:56
30.6%,1530000,6119.999999882929,-3487464.0978014786,568992.27829055,311.0143445866822,274,1:12:52
30.6%,1532500,6129.9999998826925,-3490440.5164192244,567342.7589360916,310.1127081313488,274,1:12:49
30.7%,1535000,6139.999999882456,-3487014.4388297834,567815.4810966279,310.37110069402564,274,1:12:46
30.8%,1537500,6149.9999998822195,-3488210.5555055663,568398.0750332809,310.68954978073856,274,1:12:43
30.8%,1540000,6159.999999881983,-3486939.2629590165,567127.7864731132,309.9952029872048,274,1:12:40
30.9%,1542500,6169.999999881747,-3490829.3048264775,567461.2875344758,310.1774965225938,274,1:12:37
30.9%,1545000,6179.99999988151,-3486857.405878287,568978.1619404508,311.0066285111895,274,1:12:34
30.9%,1547500,6189.999999881274,-3489362.3611004166,568056.306325365,310.502737103751,274,1:12:30
31.0%,1550000,6199.999999881037,-3486890.3111501075,569543.3422422488,311.3155592082195,274,1:12:27
31.1%,1552500,6209.999999880801,-3487263.1190733295,567944.4176374187,310.44157812448884,274,1:12:24
31.1%,1555000,6219.999999880564,-3489086.237910619,567945.4253816244,310.4421289630777,274,1:12:21
31.1%,1557500,6229.999999880328,-3484188.9298630245,569190.3386918672,311.1226055038414,274,1:12:18
31.2%,1560000,6239.999999880091,-3488021.4323536977,569016.4948271022,311.02758148027687,274,1:12:15
31.2%,1562500,6249.999999879855,-3492809.3087011445,568909.7282951477,310.96922229997415,274,1:12:12
31.3%,1565000,6259.999999879618,-3486284.682330042,567370.62743773,310.12794120937536,274,1:12:09
31.4%,1567500,6269.999999879382,-3488470.5129889045,568382.5313458769,310.6810535147348,274,1:12:05
31.4%,1570000,6279.999999879145,-3486215.0559346564,569332.3957439943,311.2002546787897,274,1:12:02
31.4%,1572500,6289.999999878909,-3488486.443463886,569760.0698235786,311.4340237098181,274,1:11:59
31.5%,1575000,6299.9999998786725,-3489319.196066551,569443.215999916,311.2608296471636,274,1:11:56
31.6%,1577500,6309.999999878436,-3488579.9958722033,568683.148640397,310.84537260023717,274,1:11:53
31.6%,1580000,6319.9999998782,-3490367.1484222356,567168.7503407965,310.01759406516027,274,1:11:50
31.6%,1582500,6329.999999877963,-3487636.1717241053,569321.8338758016,311.19448150288054,274,1:11:47
31.7%,1585000,6339.999999877727,-3488519.5636127125,567873.3198397222,310.40271567275477,274,1:11:44
31.8%,1587500,6349.99999987749,-3487663.2041082457,571651.1893167511,312.467720144981,274,1:11:40
31.8%,1590000,6359.999999877254,-3486972.5589892827,567839.3521039761,310.38414871943525,274,1:11:37
31.9%,1592500,6369.999999877017,-3488913.32102206,566458.210541999,309.6292090584433,274,1:11:34
31.9%,1595000,6379.999999876781,-3484483.0528254267,569260.7938575513,311.1611166893426,274,1:11:31
31.9%,1597500,6389.999999876544,-3489786.2546693496,569801.929429798,311.4569044034404,274,1:11:28
32.0%,1600000,6399.999999876308,-3484563.355705403,569028.6292299521,311.0342142123777,274,1:11:25
32.0%,1602500,6409.999999876071,-3485834.4629989825,571360.6579358617,312.3089140759766,274,1:11:22
32.1%,1605000,6419.999999875835,-3488529.0059218556,570556.300503984,311.86924782911564,274,1:11:18
32.1%,1607500,6429.999999875598,-3489796.595126331,568280.0335213774,310.62502763367354,274,1:11:15
32.2%,1610000,6439.999999875362,-3488835.2832074314,568414.3493514587,310.69844541358765,274,1:11:12
32.2%,1612500,6449.9999998751255,-3488699.761159092,569346.7580783505,311.20810521064567,274,1:11:09
32.3%,1615000,6459.999999874889,-3490079.533302918,571029.9444236927,312.1281442304837,274,1:11:06
32.4%,1617500,6469.9999998746525,-3490442.9299815632,567620.6411871302,310.2646001156104,274,1:11:03
32.4%,1620000,6479.999999874416,-3487364.1451277137,569063.0313049527,311.05301857794984,274,1:10:59
32.5%,1622500,6489.99999987418,-3487767.955584472,569936.411379017,311.53041298499926,274,1:10:56
32.5%,1625000,6499.999999873943,-3489184.414147239,570061.1529015923,311.59859739516924,274,1:10:53
32.5%,1627500,6509.999999873707,-3485767.286612097,568832.6515488881,310.9270917216949,274,1:10:50
32.6%,1630000,6519.99999987347,-3488943.3640668932,569116.1221912008,311.08203835171486,274,1:10:47
32.6%,1632500,6529.999999873234,-3489108.1279040724,571149.3545387918,312.1934144636689,274,1:10:44
32.7%,1635000,6539.999999872997,-3486699.354817735,567910.8432854343,310.4232261969219,274,1:10:41
32.8%,1637500,6549.999999872761,-3490326.995013764,569386.2642207007,311.22969948782486,274,1:10:37
32.8%,1640000,6559.999999872524,-3492952.073152533,569011.6340640732,311.0249245601651,274,1:10:34
32.9%,1642500,6569.999999872288,-3488737.573007699,566423.9748841275,309.6104956573996,274,1:10:31
32.9%,1645000,6579.999999872051,-3486541.0719676185,570618.5323740466,311.90326411548443,274,1:10:28
33.0%,1647500,6589.999999871815,-3490095.345009962,565112.3963306285,308.89357952381704,274,1:10:25
33.0%,1650000,6599.999999871578,-3489083.2972287405,569201.6333970951,311.1287792525508,274,1:10:22
33.0%,1652500,6609.999999871342,-3487591.0106093474,568506.3091462906,310.74871114901015,274,1:10:19
33.1%,1655000,6619.9999998711055,-3491952.6698166113,569615.8402944139,311.3551870468357,274,1:10:16
33.1%,1657500,6629.999999870869,-3489482.5316774715,569739.8597546341,311.42297677370556,274,1:10:13
33.2%,1660000,6639.999999870633,-3488526.211410949,571222.3037627601,312.2332889153026,274,1:10:09
33.2%,1662500,6649.999999870396,-3486112.1479280572,570085.2032275859,311.61174343714794,274,1:10:06
33.3%,1665000,6659.99999987016,-3488566.4650072344,567251.2518582495,310.0626898535515,274,1:10:03
33.4%,1667500,6669.999999869923,-3488958.208675543,570344.5259248768,311.7534906660852,274,1:10:00
33.4%,1670000,6679.999999869687,-3488363.564126862,570482.3980187108,311.8288523195498,274,1:09:57
33.5%,1672500,6689.99999986945,-3486423.6128485035,570636.7518658516,311.913222991059,274,1:09:54
33.5%,1675000,6699.999999869214,-3484859.3835875504,569674.3746860262,311.3871822709146,274,1:09:51
33.5%,1677500,6709.999999868977,-3486075.56939047,568041.2529094841,310.49450882288914,274,1:09:47
33.6%,1680000,6719.999999868741,-3487122.455314748,567089.1758567572,309.97409820951583,274,1:09:44
33.6%,1682500,6729.999999868504,-3491160.5833095033,570081.6859670989,311.60982088299943,274,1:09:41
33.7%,1685000,6739.999999868268,-3485354.2762274146,569129.7654812078,311.0894958499295,274,1:09:38
33.8%,1687500,6749.999999868031,-3490133.6277405024,568181.5375855609,310.57118920722877,274,1:09:35
33.8%,1690000,6759.999999867795,-3490057.1587562207,568585.9161443497,310.79222477699864,274,1:09:32
33.9%,1692500,6769.9999998675585,-3485052.437014647,569341.0592333277,311.20499019025397,274,1:09:28
33.9%,1695000,6779.999999867322,-3488161.7980416343,568414.8780024595,310.69873437716564,274,1:09:25
34.0%,1697500,6789.9999998670855,-3488518.6666761655,569123.5274216915,311.0860860918959,274,1:09:22
34.0%,1700000,6799.999999866849,-3483106.562630916,567558.3480980501,310.23055036658616,274,1:09:19
34.0%,1702500,6809.999999866613,-3483905.2083921954,567770.619254731,310.34657896168085,274,1:09:16
34.1%,1705000,6819.999999866376,-3487920.567411635,568751.739066445,310.8828645086798,274,1:09:12
34.1%,1707500,6829.99999986614,-3487034.037853604,569390.9999181612,311.2322880464012,274,1:09:09
34.2%,1710000,6839.999999865903,-3484515.4041492157,568912.4911097903,310.9707324698272,274,1:09:06
34.2%,1712500,6849.999999865667,-3487255.732715873,569518.4773873698,311.30196794022083,274,1:09:03
34.3%,1715000,6859.99999986543,-3486427.088570131,569510.9963594987,311.29787876877,274,1:09:00
34.4%,1717500,6869.999999865194,-3490764.820179103,569626.9115644842,311.361238664645,274,1:08:57
34.4%,1720000,6879.999999864957,-3484989.393740885,570667.1217483969,311.9298233378043,274,1:08:54
34.5%,1722500,6889.999999864721,-3487340.0997294504,568447.9650595414,310.71681994662805,274,1:08:50
34.5%,1725000,6899.999999864484,-3484277.2762717176,570079.9753986355,311.6088858767616,274,1:08:47
34.5%,1727500,6909.999999864248,-3486409.93276475,568765.1517185459,310.89019593893204,274,1:08:44
34.6%,1730000,6919.999999864011,-3489420.8360028844,569962.4907606852,311.54466812009724,274,1:08:41
34.6%,1732500,6929.999999863775,-3488260.629859669,571927.829003118,312.61893293648063,274,1:08:38
34.7%,1735000,6939.9999998635385,-3487052.706276294,568373.1379209063,310.6759190163908,274,1:08:35
34.8%,1737500,6949.999999863302,-3487995.172023002,570495.5500679007,311.8360413028011,274,1:08:32
34.8%,1740000,6959.999999863066,-3487602.6880695038,569564.3258523444,311.32702896622845,274,1:08:28
34.9%,1742500,6969.999999862829,-3490906.5647716317,567463.3144235277,310.178604431425,274,1:08:25
34.9%,1745000,6979.999999862593,-3490608.2394732703,569466.0838903972,311.27332936331345,274,1:08:22
35.0%,1747500,6989.999999862356,-3488089.1687347703,570147.8812468215,311.64600359113655,274,1:08:19
35.0%,1750000,6999.99999986212,-3487246.2726529706,569753.7380661821,311.430562736002,274,1:08:16
35.0%,1752500,7009.999999861883,-3485557.1206519455,569690.9662036987,311.39625128677204,274,1:08:13
35.1%,1755000,7019.999999861647,-3488390.9042480234,570009.0586519833,311.5701223885354,274,1:08:10
35.1%,1757500,7029.99999986141,-3490215.2886500396,569791.0383939157,311.4509513026409,274,1:08:07
35.2%,1760000,7039.999999861174,-3487805.6474187784,569661.2407609756,311.3800031944187,274,1:08:04
35.2%,1762500,7049.999999860937,-3490148.814729506,569290.1602407123,311.177168517742,274,1:08:00
35.3%,1765000,7059.999999860701,-3488906.2076903693,571317.1065825014,312.28510866395607,274,1:07:57
35.4%,1767500,7069.999999860464,-3489492.010632187,570439.84917417,311.80559488442697,274,1:07:54
35.4%,1770000,7079.999999860228,-3488040.3397249356,567916.7413687119,310.4264501220522,274,1:07:51
35.5%,1772500,7089.9999998599915,-3490709.239323752,569335.2998174084,311.2018420614731,274,1:07:48
35.5%,1775000,7099.999999859755,-3487077.600326011,570274.3344114074,311.7151235943512,274,1:07:44
35.5%,1777500,7109.9999998595185,-3485592.8454874363,568324.3026610634,310.64922539169277,274,1:07:41
35.6%,1780000,7119.999999859282,-3491052.4946454316,568920.217868153,310.97495595893184,274,1:07:38
35.6%,1782500,7129.999999859046,-3487705.164716309,569806.0938603503,311.45918070434675,274,1:07:35
35.7%,1785000,7139.999999858809,-3491224.427192699,568134.2599972754,310.5453470144693,274,1:07:32
35.8%,1787500,7149.999999858573,-3491221.291573135,567830.932965134,310.37954677130904,274,1:07:29
35.8%,1790000,7159.999999858336,-3486904.857791014,567768.5080203267,310.3454249492107,274,1:07:26
35.9%,1792500,7169.9999998581,-3487495.0172969345,568243.481888367,310.60504830773533,274,1:07:22
35.9%,1795000,7179.999999857863,-3486333.4817977287,568597.7351899229,310.79868513305763,274,1:07:19
36.0%,1797500,7189.999999857627,-3487437.152112372,569064.7325257877,311.05394847472206,274,1:07:16
36.0%,1800000,7199.99999985739,-3488098.6948393565,570725.3356352798,311.9616433722152,274,1:07:13
36.0%,1802500,7209.999999857154,-3486950.241327435,569693.4153163029,311.39758998534586,274,1:07:10
36.1%,1805000,7219.999999856917,-3488965.8297675494,568927.5562764755,310.9789671737441,274,1:07:06
36.1%,1807500,7229.999999856681,-3488612.026316479,568697.4060564132,310.8531657831448,274,1:07:03
36.2%,1810000,7239.999999856444,-3486649.174345415,568868.4884912928,310.94668039377234,274,1:07:00
36.2%,1812500,7249.999999856208,-3487361.567646431,567023.2465644549,309.9380608915823,274,1:06:57
36.3%,1815000,7259.9999998559715,-3489700.5597263183,568495.4077371935,310.7427523781537,274,1:06:54
36.4%,1817500,7269.999999855735,-3490098.664081795,569988.8532449031,311.5590780006238,274,1:06:51
36.4%,1820000,7279.999999855499,-3489303.4373720326,570544.9766026046,311.86305812162743,274,1:06:48
36.5%,1822500,7289.999999855262,-3488169.502736261,569462.3748035858,311.27130195582885,274,1:06:44
36.5%,1825000,7299.999999855026,-3491115.527886031,570348.1851850403,311.75549083804685,274,1:06:41
36.5%,1827500,7309.999999854789,-3493785.5954893995,570191.7851218004,311.6700016934348,274,1:06:38
36.6%,1830000,7319.999999854553,-3489533.8953374606,568576.8074652231,310.7872459223169,274,1:06:35
36.6%,1832500,7329.999999854316,-3486809.423896553,571899.7658472746,312.6035934593828,274,1:06:32
36.7%,1835000,7339.99999985408,-3488813.3973642923,567556.0595835666,310.2292994518386,274,1:06:29
36.8%,1837500,7349.999999853843,-3489314.560551785,567160.9985425227,310.0133568891009,274,1:06:25
36.8%,1840000,7359.999999853607,-3487115.8193322644,568472.5894924129,310.73027979861996,274,1:06:22
36.9%,1842500,7369.99999985337,-3486555.657608226,568704.3232975091,310.8569467856081,274,1:06:19
36.9%,1845000,7379.999999853134,-3486744.738848103,569855.4240195747,311.48614484379976,274,1:06:16
37.0%,1847500,7389.999999852897,-3489252.0414300915,569111.4170673158,311.07946650482495,274,1:06:13
37.0%,1850000,7399.999999852661,-3489474.8006482795,567517.6453243895,310.20830200407596,274,1:06:10
37.0%,1852500,7409.9999998524245,-3489619.4908230603,568148.604310957,310.55318769612427,274,1:06:06
37.1%,1855000,7419.999999852188,-3485730.1704245247,571342.2567309577,312.29885587501116,274,1:06:03
37.1%,1857500,7429.9999998519515,-3485923.352719005,569968.5677229452,311.5479898214744,274,1:06:00
37.2%,1860000,7439.999999851715,-3488090.475833025,568002.6631663315,310.47341545460927,274,1:05:57
37.2%,1862500,7449.999999851479,-3488642.629418401,571785.2409278932,312.5409935013531,274,1:05:54
37.3%,1865000,7459.999999851242,-3490292.1047329605,570405.2686679048,311.78669298733286,274,1:05:51
37.4%,1867500,7469.999999851006,-3489654.7231231816,567685.648916119,310.3001337019101,274,1:05:48
37.4%,1870000,7479.999999850769,-3485363.718126904,569157.0663336623,311.1044186477543,274,1:05:44
37.5%,1872500,7489.999999850533,-3485691.173745215,569393.9581467896,311.2339050306259,274,1:05:41
37.5%,1875000,7499.999999850296,-3487291.380192727,571139.3580261602,312.1879503142544,274,1:05:38
37.5%,1877500,7509.99999985006,-3487137.6630597096,568183.1920715736,310.5720935584871,274,1:05:35
37.6%,1880000,7519.999999849823,-3489409.676328825,570876.2784683376,312.0441495644513,274,1:05:32
37.6%,1882500,7529.999999849587,-3485348.7813907117,570411.1612131011,311.78991388531705,274,1:05:29
37.7%,1885000,7539.99999984935,-3485116.3104248587,568496.8266696341,310.74352797451917,274,1:05:26
37.8%,1887500,7549.999999849114,-3482597.3624729477,568265.6972981212,310.6171913742901,274,1:05:22
37.8%,1890000,7559.999999848877,-3484882.9053637683,569592.5977769031,311.34248255746746,274,1:05:19
37.9%,1892500,7569.999999848641,-3489106.0834399164,570163.0119097962,311.6542740956895,274,1:05:16
37.9%,1895000,7579.9999998484045,-3489895.2620608993,571018.50425494,312.1218909706025,274,1:05:13
38.0%,1897500,7589.999999848168,-3486677.6768770497,568259.1263332855,310.613599648357,274,1:05:10
38.0%,1900000,7599.999999847932,-3489950.456201764,569911.3048026627,311.51668959069747,274,1:05:07
38.0%,1902500,7609.999999847695,-3487664.2799836993,569553.1350276826,311.3209119992144,274,1:05:04
38.1%,1905000,7619.999999847459,-3489187.611340437,571055.5771710395,312.1421552327771,274,1:05:00
38.1%,1907500,7629.999999847222,-3483495.6793623734,571118.9865068648,312.1768151284819,274,1:04:57
38.2%,1910000,7639.999999846986,-3489103.8585127275,568542.1094969223,310.76827981982086,274,1:04:54
38.2%,1912500,7649.999999846749,-3485479.100099068,569814.3798388855,311.46370986630853,274,1:04:51
38.3%,1915000,7659.999999846513,-3491288.5247167926,568038.5981917259,310.4930577393945,274,1:04:48
38.4%,1917500,7669.999999846276,-3484931.079124283,569828.3854697038,311.4713654220264,274,1:04:44
38.4%,1920000,7679.99999984604,-3485971.3995419964,570365.078256258,311.7647246847497,274,1:04:41
38.5%,1922500,7689.999999845803,-3489068.536938647,569156.5592935174,311.1041414967904,274,1:04:38
38.5%,1925000,7699.999999845567,-3484771.5375106633,567182.3882106203,310.0250486006727,274,1:04:35
38.5%,1927500,7709.99999984533,-3486565.833335899,567988.4613946667,310.46565268721366,274,1:04:32
38.6%,1930000,7719.999999845094,-3485143.441033749,569487.8600827008,311.28523235116637,274,1:04:29
38.6%,1932500,7729.9999998448575,-3489202.972015001,568605.5657904297,310.80296538285586,274,1:04:26
38.7%,1935000,7739.999999844621,-3487310.524179958,570121.5732582184,311.6316234982162,274,1:04:22
38.8%,1937500,7749.999999844385,-3488798.041577909,570355.7249431117,311.7596121117519,274,1:04:19
38.8%,1940000,7759.999999844148,-3488817.0002026,569005.686477199,311.0216735760936,274,1:04:16
38.9%,1942500,7769.999999843912,-3492094.1140865777,569467.7153157449,311.274221109484,274,1:04:13
38.9%,1945000,7779.999999843675,-3485088.2812474947,571223.1387872121,312.2337453443132,274,1:04:10
39.0%,1947500,7789.999999843439,-3487885.5267837197,570548.4680279589,311.8649665541487,274,1:04:07
39.0%,1950000,7799.999999843202,-3487715.045606572,569057.8835882931,311.0502048073873,274,1:04:03
39.0%,1952500,7809.999999842966,-3488033.9789274726,568988.822732908,311.01245575965197,274,1:04:00
39.1%,1955000,7819.999999842729,-3487153.6986672226,570071.6385793122,311.60432892494214,274,1:03:57
39.1%,1957500,7829.999999842493,-3488680.3370349705,569464.7541464557,311.2726025178777,274,1:03:54
39.2%,1960000,7839.999999842256,-3488639.557098629,569450.333711783,311.2647202280656,274,1:03:51
39.2%,1962500,7849.99999984202,-3488732.550180055,570157.9008225516,311.6514803469689,274,1:03:48
39.3%,1965000,7859.999999841783,-3490331.39481459,569715.7651770283,311.4098065435494,274,1:03:45
39.4%,1967500,7869.999999841547,-3489237.555984933,567224.6389597827,310.0481430952034,274,1:03:41
39.4%,1970000,7879.9999998413105,-3488968.9353853725,569074.7014087895,311.0593975216272,274,1:03:38
39.5%,1972500,7889.999999841074,-3490563.8197655845,569537.5369689206,311.3123860135239,274,1:03:35
39.5%,1975000,7899.9999998408375,-3486023.877280267,569130.3357141595,311.0898075424331,274,1:03:32
39.5%,1977500,7909.999999840601,-3490398.7266225778,570709.2906804029,311.95287311062225,274,1:03:29
39.6%,1980000,7919.999999840365,-3486504.5209873095,569502.5078725506,311.2932389145832,274,1:03:25
39.6%,1982500,7929.999999840128,-3487824.495939644,569471.2793407879,311.27616922539903,274,1:03:22
39.7%,1985000,7939.999999839892,-3489368.796731185,569836.7470388783,311.4759359022521,274,1:03:19
39.8%,1987500,7949.999999839655,-3486997.1784800105,569500.6204410482,311.2922072340242,274,1:03:16
39.8%,1990000,7959.999999839419,-3485487.1351258736,568717.8488853972,310.8643399471898,274,1:03:13
39.9%,1992500,7969.999999839182,-3487594.897216009,568663.7554171284,310.8347721565151,274,1:03:10
39.9%,1995000,7979.999999838946,-3487554.699252002,571531.2105933955,312.40213910735974,274,1:03:07
40.0%,1997500,7989.999999838709,-3487826.4495213367,569799.6127530582,311.4556380950468,274,1:03:04
40.0%,2000000,7999.999999838473,-3486181.0304503385,568087.2291717954,310.5196397036319,274,1:03:00
40.0%,2002500,8009.999999838236,-3485587.511736527,568643.7551169558,310.82383988118016,274,1:02:57
40.1%,2005000,8019.999999838,-3491658.2629348673,567864.8269243832,310.3980733979849,274,1:02:54
40.1%,2007500,8029.999999837763,-3487568.2810779475,570082.806177708,311.61043319635,274,1:02:51
40.2%,2010000,8039.999999837527,-3487961.039904384,568764.9126947992,310.8900652872224,274,1:02:48
40.2%,2012500,8049.9999998372905,-3487253.4330733027,571073.1004967199,312.15173358007536,274,1:02:45
40.3%,2015000,8059.999999837054,-3490929.814841412,567569.9431629137,310.2368882935433,274,1:02:42
40.4%,2017500,8069.999999836818,-3489306.408628,569840.1113592477,311.47777485848155,274,1:02:38
40.4%,2020000,8079.999999836581,-3488941.0783345345,570835.4959258668,312.0218575998657,274,1:02:35
40.5%,2022500,8089.999999836345,-3486958.312383771,569972.7879557763,311.5502966242168,274,1:02:32
40.5%,2025000,8099.999999836108,-3484381.7041369267,569131.5903049549,311.09049330874103,274,1:02:29
40.5%,2027500,8109.999999835872,-3485893.7533517815,571544.4506560608,312.4093761992663,274,1:02:26
40.6%,2030000,8119.999999835635,-3487913.8575627524,567643.7772423724,310.2772464121104,274,1:02:23
40.6%,2032500,8129.999999835399,-3491324.46625972,569701.4982915891,311.4020081846024,274,1:02:20
40.7%,2035000,8139.999999835162,-3487164.5353168193,569166.0071524128,311.1093057490206,274,1:02:16
40.8%,2037500,8149.999999834926,-3488892.2330194265,569588.3332688237,311.340151553628,274,1:02:13
40.8%,2040000,8159.999999834689,-3485499.0743206404,570033.1922997675,311.5833139746685,274,1:02:10
40.9%,2042500,8169.999999834453,-3487898.407155324,568924.2260487692,310.9771468527539,274,1:02:07
40.9%,2045000,8179.999999834216,-3492138.0696851313,567447.2967523347,310.16984908324554,274,1:02:04
41.0%,2047500,8189.99999983398,-3487498.1875052135,568611.8590848094,310.8064053325731,274,1:02:01
41.0%,2050000,8199.999999835562,-3485841.6208688617,571436.6539457059,312.3504539177191,274,1:01:58
41.0%,2052500,8209.999999837599,-3487094.665699564,570343.0895387295,311.7527055294266,274,1:01:54
41.1%,2055000,8219.999999839636,-3488852.877951432,570919.3396453301,312.0676870433424,274,1:01:51
41.1%,2057500,8229.999999841673,-3487932.222585004,567960.344129811,310.4502836338287,274,1:01:48
41.2%,2060000,8239.99999984371,-3488314.181341285,568863.2457968667,310.9438147078342,274,1:01:45
41.2%,2062500,8249.999999845748,-3489093.765364023,568843.8594094032,310.9332180006012,274,1:01:42
41.3%,2065000,8259.999999847785,-3486005.6700451933,570429.4656416998,311.7999191878157,274,1:01:39
41.4%,2067500,8269.999999849822,-3487094.251550814,568405.1384254277,310.6934106701793,274,1:01:35
41.4%,2070000,8279.99999985186,-3487315.597515963,568387.8408638899,310.68395572681726,274,1:01:32
41.5%,2072500,8289.999999853897,-3486869.890726693,568645.7857975729,310.824949862502,274,1:01:29
41.5%,2075000,8299.999999855934,-3485971.010402875,568698.2900726194,310.8536489913209,274,1:01:26
41.5%,2077500,8309.999999857971,-3489458.85363785,567040.6080569986,309.94755077998775,274,1:01:23
41.6%,2080000,8319.999999860009,-3491499.3876479287,566867.6194259091,309.8529942319079,274,1:01:20
41.6%,2082500,8329.999999862046,-3488722.277576482,570345.386996387,311.75396133256277,274,1:01:17
41.7%,2085000,8339.999999864083,-3489917.05723403,570355.5542855439,311.75951882937596,274,1:01:13
41.8%,2087500,8349.99999986612,-3485714.7342013903,568194.311243441,310.57817135968514,274,1:01:10
41.8%,2090000,8359.999999868158,-3488473.648374155,569617.5293175018,311.3561102762515,274,1:01:07
41.9%,2092500,8369.999999870195,-3486852.387935858,567301.5334434945,310.0901740477601,274,1:01:04
41.9%,2095000,8379.999999872232,-3489034.072184289,569932.2184067233,311.5281210830183,274,1:01:01
42.0%,2097500,8389.99999987427,-3487301.859688366,568870.2560890586,310.94764657254416,274,1:00:58
42.0%,2100000,8399.999999876307,-3487750.9025091566,568686.4929997394,310.8472006456582,274,1:00:54
42.0%,2102500,8409.999999878344,-3486248.033344548,569305.7216144053,311.18567445116963,274,1:00:51
42.1%,2105000,8419.999999880381,-3488325.906713791,566724.933901497,309.77500153051244,274,1:00:48
42.1%,2107500,8429.999999882419,-3488897.7806950305,569407.6216886076,311.2413735985932,274,1:00:45
42.2%,2110000,8439.999999884456,-3491007.353396466,568019.4809023193,310.48260812265636,274,1:00:42
42.2%,2112500,8449.999999886493,-3488494.6565302555,570462.3904623352,311.81791607793394,274,1:00:38
42.3%,2115000,8459.99999988853,-3486966.74740508,569048.9463464469,311.0453196612767,274,1:00:35
42.4%,2117500,8469.999999890568,-3490499.270996874,570392.0385314096,311.77946132112606,274,1:00:32
42.4%,2120000,8479.999999892605,-3491246.68257452,570386.9121656565,311.7766592210877,274,1:00:29
42.5%,2122500,8489.999999894642,-3487875.7957252655,568910.3272279217,310.96954967996027,274,1:00:26
42.5%,2125000,8499.99999989668,-3484520.3923515044,569164.6292258461,311.10855256669396,274,1:00:23
42.5%,2127500,8509.999999898717,-3488739.1535598356,568274.8685538084,310.62220443366795,274,1:00:20
42.6%,2130000,8519.999999900754,-3486122.2298318446,569116.9465724693,311.08248896310215,274,1:00:16
42.6%,2132500,8529.999999902791,-3490604.621709209,569027.1888582767,311.0334268972072,274,1:00:13
42.7%,2135000,8539.999999904829,-3487950.085614519,568626.51980554,310.8144189640812,274,1:00:10
42.8%,2137500,8549.999999906866,-3486785.1088680457,569560.1831233929,311.32476452753775,274,1:00:07
42.8%,2140000,8559.999999908903,-3485992.5519099385,568245.8480525527,310.6063416662421,274,1:00:04
42.9%,2142500,8569.99999991094,-3486379.4613950085,568346.1161015087,310.6611487395872,274,1:00:01
42.9%,2145000,8579.999999912978,-3487083.497338444,569140.3075674206,311.0952582128985,274,59:57
43.0%,2147500,8589.999999915015,-3488246.509787513,569068.3055937398,311.0559015335415,274,59:54
43.0%,2150000,8599.999999917052,-3487705.109081719,569050.0508133196,311.0459233690135,274,59:51
43.0%,2152500,8609.99999991909,-3486530.590694517,569445.0407416474,311.26182706114486,274,59:48
43.1%,2155000,8619.999999921127,-3489334.305675855,567720.2359634804,310.3190391744037,274,59:45
43.1%,2157500,8629.999999923164,-3489689.9891823176,570201.4248568785,311.67527082625384,274,59:42
43.2%,2160000,8639.999999925201,-3489470.724402711,568264.769290405,310.61668412010994,274,59:39
43.2%,2162500,8649.999999927239,-3490065.318011962,570317.3248961784,311.73862243248084,274,59:35
43.3%,2165000,8659.999999929276,-3490366.553426288,569736.563192569,311.42117485454213,274,59:32
43.4%,2167500,8669.999999931313,-3489393.397763597,569722.2700161791,311.4133621248153,274,59:29
43.4%,2170000,8679.99999993335,-3485945.654358726,569360.8218812507,311.21579256354715,274,59:26
43.5%,2172500,8689.999999935388,-3489225.4582837615,572061.6587375496,312.6920850138085,274,59:23
43.5%,2175000,8699.999999937425,-3488972.296727933,567842.2165600068,310.3857144470365,274,59:19
43.5%,2177500,8709.999999939462,-3491021.6750287283,569819.0114372993,311.4662415237668,274,59:16
43.6%,2180000,8719.9999999415,-3486973.116625048,570736.141583719,311.967549963745,274,59:13
43.6%,2182500,8729.999999943537,-3486484.5320353787,569319.038926966,311.1929537682988,274,59:10
43.7%,2185000,8739.999999945574,-3489365.98856999,567976.6789156084,310.45921231861513,274,59:07
43.8%,2187500,8749.999999947611,-3488023.80730664,568191.1876495446,310.576463985885,274,59:04
43.8%,2190000,8759.999999949649,-3485722.730928298,569347.7184188233,311.2086301380905,274,59:00
43.9%,2192500,8769.999999951686,-3487848.986258747,568054.975333574,310.50200957623383,274,58:57
43.9%,2195000,8779.999999953723,-3485481.194185639,568899.5497549605,310.96365865328517,274,58:54
44.0%,2197500,8789.99999995576,-3487903.55456898,570604.2829339984,311.8954752922852,274,58:51
44.0%,2200000,8799.999999957798,-3489657.8640282284,569957.2361204675,311.54179590452304,274,58:48
44.0%,2202500,8809.999999959835,-3485995.2293722928,569081.8891316066,311.06332637090395,274,58:45
44.1%,2205000,8819.999999961872,-3488057.99476099,569364.7289074276,311.21792816579,274,58:42
44.1%,2207500,8829.99999996391,-3487602.1249624044,569381.3818484787,311.22703075600793,274,58:38
44.2%,2210000,8839.999999965947,-3489896.02139505,567097.7249817656,309.9787712088037,274,58:35
44.2%,2212500,8849.999999967984,-3486874.3229888733,568654.2368489268,310.82956925418483,274,58:32
44.3%,2215000,8859.999999970021,-3488475.72323801,568181.5081778963,310.57117313283567,274,58:29
44.4%,2217500,8869.999999972059,-3490410.219789805,567559.7617718752,310.23132308856316,274,58:26
44.4%,2220000,8879.999999974096,-3489627.432449829,567963.3405531961,310.45192149551997,274,58:23
44.5%,2222500,8889.999999976133,-3489489.7441966813,571329.1046485387,312.2916668735967,274,58:20
44.5%,2225000,8899.99999997817,-3488595.3448202964,569866.9287521538,311.4924333946277,274,58:16
44.5%,2227500,8909.999999980208,-3489228.9042392634,570725.5119263153,311.96173973387585,274,58:13
44.6%,2230000,8919.999999982245,-3488957.298107283,571333.4407467206,312.29403700898433,274,58:10
44.6%,2232500,8929.999999984282,-3490207.71153062,569212.3813939187,311.1346541674051,274,58:07
44.7%,2235000,8939.99999998632,-3487086.141439153,569404.6251029586,311.2397356482076,274,58:04
44.8%,2237500,8949.999999988357,-3485402.9613114204,569890.6725659564,311.5054118953378,274,58:01
44.8%,2240000,8959.999999990394,-3486200.2525005825,568898.3374735514,310.96299601352314,274,57:58
44.9%,2242500,8969.999999992431,-3492290.7319193594,569447.972825014,311.2634297542241,274,57:54
44.9%,2245000,8979.999999994468,-3488532.6393127106,569283.5863047505,311.17357516777486,274,57:51
45.0%,2247500,8989.999999996506,-3490947.6332017127,569431.2598766168,311.254294363657,274,57:48
45.0%,2250000,8999.999999998543,-3487336.8311002124,568967.3511460928,311.00071927085355,274,57:45
45.0%,2252500,9010.00000000058,-3487962.5850712024,569566.7757708824,311.3283681053301,274,57:42
45.1%,2255000,9020.000000002618,-3489249.1016689986,566820.9935594777,309.8275082739394,274,57:39
45.1%,2257500,9030.000000004655,-3488323.5244960748,570909.9759987161,312.0625688220137,274,57:36
45.2%,2260000,9040.000000006692,-3488267.537959492,569656.6927900193,311.37751724819384,274,57:33
45.2%,2262500,9050.00000000873,-3489003.1043773573,565289.185431324,308.99021342972526,274,57:29
45.3%,2265000,9060.000000010767,-3489708.26884304,566213.4974908617,309.49544754336625,274,57:26
45.4%,2267500,9070.000000012804,-3489990.0654303096,569753.9064990703,311.43065480235566,274,57:23
45.4%,2270000,9080.000000014841,-3488440.153410429,569549.1489219755,311.31873317166037,274,57:20
45.5%,2272500,9090.000000016878,-3491962.593393447,568760.5428926412,310.8876767290538,274,57:17
45.5%,2275000,9100.000000018916,-3483452.0003149305,569382.9474236991,311.2278865081326,274,57:14
45.5%,2277500,9110.000000020953,-3488485.367572028,568702.281436842,310.8558306932087,274,57:11
45.6%,2280000,9120.00000002299,-3486153.6393015347,570190.2924530936,311.6691857924161,274,57:07
45.6%,2282500,9130.000000025027,-3485779.357094262,568503.7621246106,310.7473189327909,274,57:04
45.7%,2285000,9140.000000027065,-3489808.3963183034,570174.8668028484,311.66075404618005,274,57:01
45.8%,2287500,9150.000000029102,-3488671.8071406055,569779.1162148721,311.4444345732532,274,56:58
45.8%,2290000,9160.00000003114,-3487613.9645363875,571047.6887601325,312.13784338349257,274,56:55
45.9%,2292500,9170.000000033177,-3486173.6251771636,567864.6689481484,310.3979870472961,274,56:52
45.9%,2295000,9180.000000035214,-3488010.6849149875,572238.8631021081,312.7889459052544,274,56:48
46.0%,2297500,9190.000000037251,-3485255.432748899,570157.8498888197,311.65145250630775,274,56:45
46.0%,2300000,9200.000000039288,-3487211.414822031,568907.9397002219,310.9682446440379,274,56:42
46.0%,2302500,9210.000000041326,-3486515.750798056,570414.2757395392,311.79161630279407,274,56:39
46.1%,2305000,9220.000000043363,-3490319.017916307,569654.8683518055,311.3765200001169,274,56:36
46.1%,2307500,9230.0000000454,-3490172.381088771,567968.8279779501,310.4549209524167,274,56:33
46.2%,2310000,9240.000000047437,-3486878.806032799,570501.51701342,311.83930286841576,274,56:29
46.2%,2312500,9250.000000049475,-3487342.204953246,571094.3529330007,312.1633502799726,274,56:26
46.3%,2315000,9260.000000051512,-3486425.945682926,570660.0753447867,311.92597173439225,274,56:23
46.4%,2317500,9270.00000005355,-3489125.117351018,568395.9464257832,310.688386272039,274,56:20
46.4%,2320000,9280.000000055586,-3490746.992233401,570383.0296537398,311.7745370184758,274,56:17
46.5%,2322500,9290.000000057624,-3487452.206157785,567642.5302353894,310.27656479115643,274,56:14
46.5%,2325000,9300.000000059661,-3484146.0874596387,569885.6763572695,311.50268093987586,274,56:11
46.5%,2327500,9310.000000061698,-3487406.7952105533,567070.6757471561,309.9639859466928,274,56:08
46.6%,2330000,9320.000000063736,-3487944.90891508,568948.3025981055,310.99030722855764,274,56:04
46.6%,2332500,9330.000000065773,-3488843.7152880263,566234.133761819,309.50672744387,274,56:01
46.7%,2335000,9340.00000006781,-3486155.0696263295,569320.0199989611,311.193490027709,274,55:58
46.8%,2337500,9350.000000069847,-3488692.2149204053,570403.4207737757,311.7856829181221,274,55:55
46.8%,2340000,9360.000000071885,-3488990.321773557,569944.6861394832,311.5349360151021,274,55:52
46.9%,2342500,9370.000000073922,-3488964.460314689,569099.0369572135,311.07269946777313,274,55:49
46.9%,2345000,9380.00000007596,-3490300.256732626,567310.7172453165,310.09519396492504,274,55:46
47.0%,2347500,9390.000000077996,-3486761.8882655837,569354.5056152126,311.2123400573937,274,55:42
47.0%,2350000,9400.000000080034,-3486994.1836043987,568434.9571204239,310.7097097347439,274,55:39
47.0%,2352500,9410.000000082071,-3487154.909327386,569520.5915307902,311.30312354277527,274,55:36
47.1%,2355000,9420.000000084108,-3485530.5733327568,569868.5483551134,311.4933186786152,274,55:33
47.1%,2357500,9430.000000086146,-3487047.083772838,570447.888745805,311.80998935900635,274,55:30
47.2%,2360000,9440.000000088183,-3488184.1992904637,568102.5552230271,310.5280170084932,274,55:27
47.2%,2362500,9450.00000009022,-3488864.5920577776,568405.9576513846,310.69385846364463,274,55:24
47.3%,2365000,9460.000000092257,-3489447.1616171077,567645.5827207887,310.2782332966565,274,55:20
47.4%,2367500,9470.000000094295,-3491468.871318942,570224.4792092999,311.68787246353753,274,55:17
47.4%,2370000,9480.000000096332,-3486137.20900017,569764.652530394,311.4365286428568,274,55:14
47.5%,2372500,9490.00000009837,-3487298.52927074,568530.4769421635,310.7619214006784,274,55:11
47.5%,2375000,9500.000000100406,-3487170.07561804,569564.992028835,311.3273931020041,274,55:08
47.5%,2377500,9510.000000102444,-3487330.6902950276,569218.9685358691,311.1382547358391,274,55:05
47.6%,2380000,9520.000000104481,-3487881.6130582206,568047.4814051683,310.49791335327893,274,55:02
47.6%,2382500,9530.000000106518,-3488040.3107751627,567524.1061787447,310.2118335430079,274,54:58
47.7%,2385000,9540.000000108555,-3483109.0089258254,566885.020362973,309.8625056809075,274,54:55
47.8%,2387500,9550.000000110593,-3489299.4111723006,570431.8990937765,311.80124932625796,274,54:52
47.8%,2390000,9560.00000011263,-3487060.87976186,570956.1209988464,312.08779193578704,274,54:49
47.9%,2392500,9570.000000114667,-3484582.658802759,571495.0539673797,312.38237569444215,274,54:46
47.9%,2395000,9580.000000116705,-3489022.313174285,569326.6399159908,311.19710851118367,274,54:43
48.0%,2397500,9590.000000118742,-3486434.34005766,566922.6864022996,309.8830941475375,274,54:39
48.0%,2400000,9600.000000120779,-3488097.30258104,572055.060654728,312.6884784650334,274,54:36
48.0%,2402500,9610.000000122816,-3487718.9091451056,567771.2125330343,310.34690325090173,274,54:33
48.1%,2405000,9620.000000124854,-3487469.1577898003,570373.8724885602,311.7695316610479,274,54:30
48.1%,2407500,9630.00000012689,-3488523.518080497,569431.7306167586,311.2545516728372,274,54:27
48.2%,2410000,9640.000000128928,-3487926.949164396,566962.2329361775,309.9047105029504,274,54:24
48.2%,2412500,9650.000000130965,-3489779.2032142933,569053.5756350628,311.0478500561867,274,54:21
48.3%,2415000,9660.000000133003,-3487441.8175446205,569636.0811243177,311.36625079705976,274,54:17
48.4%,2417500,9670.00000013504,-3488095.181351101,569669.9649261278,311.3847718716229,274,54:14
48.4%,2420000,9680.000000137077,-3487631.5991433766,568789.8760092736,310.9037103737836,274,54:11
48.5%,2422500,9690.000000139114,-3487379.426846694,570221.1607658768,311.68605858390214,274,54:08
48.5%,2425000,9700.000000141152,-3489064.648325719,567610.8074981458,310.25922496650725,274,54:05
48.5%,2427500,9710.000000143189,-3487811.7791917156,568803.2888197643,310.9110418906126,274,54:02
48.6%,2430000,9720.000000145226,-3485024.7156998273,569732.9533553144,311.41920169741746,274,53:59
48.6%,2432500,9730.000000147264,-3488698.1762379017,569044.4698206323,311.0428727673638,274,53:55
48.7%,2435000,9740.0000001493,-3488873.2937263455,569635.7919183462,311.3660927154669,274,53:52
48.8%,2437500,9750.000000151338,-3489219.846488647,568469.7547704013,310.72873032379897,274,53:49
48.8%,2440000,9760.000000153375,-3488231.2947978713,568579.2679396218,310.7885908313108,274,53:46
48.9%,2442500,9770.000000155413,-3488583.975947311,568293.1795909575,310.63221334843695,274,53:43
48.9%,2445000,9780.00000015745,-3490345.9065581094,568945.9378770716,310.98901465888565,274,53:40
49.0%,2447500,9790.000000159487,-3485505.7027486544,568397.2887646963,310.68912000195627,274,53:37
49.0%,2450000,9800.000000161524,-3487379.7132559996,569910.8383744935,311.51643463846546,274,53:33
49.0%,2452500,9810.000000163562,-3488312.2195922993,568201.3435742734,310.5820152708386,274,53:30
49.1%,2455000,9820.000000165599,-3488704.6488895286,567517.9074675735,310.20844529299865,274,53:27
49.1%,2457500,9830.000000167636,-3488501.3429211807,569026.6094277499,311.03311017725787,274,53:24
49.2%,2460000,9840.000000169674,-3487280.911285743,568797.5256454945,310.9078917074965,274,53:21
49.2%,2462500,9850.00000017171,-3485862.719921369,570412.2177624794,311.7904914010848,274,53:18
49.3%,2465000,9860.000000173748,-3488916.879444333,571176.918337828,312.208480989558,274,53:15
49.4%,2467500,9870.000000175785,-3489485.7121404167,569166.4101559079,311.1095260329729,274,53:11
49.4%,2470000,9880.000000177823,-3488358.5484309215,569400.4654659857,311.2374619674984,274,53:08
49.5%,2472500,9890.00000017986,-3486744.3853287734,569104.8612468907,311.0758830569109,274,53:05
49.5%,2475000,9900.000000181897,-3489934.4043408595,569715.6928055892,311.4097669849182,274,53:02
49.5%,2477500,9910.000000183934,-3488381.8433516137,569482.3781026818,311.28223587039207,274,52:59
49.6%,2480000,9920.000000185972,-3487105.9103916697,571082.722785125,312.15699317644584,274,52:56
49.6%,2482500,9930.000000188009,-3488118.796268543,569878.7131624355,311.4988748188437,274,52:52
49.7%,2485000,9940.000000190046,-3488185.636413783,568704.2388047897,310.85690060141764,274,52:49
49.8%,2487500,9950.000000192083,-3487855.7926774863,572547.2962211136,312.95753716389953,274,52:46
49.8%,2490000,9960.00000019412,-3487769.5055428185,568363.9442488018,310.67089370407456,274,52:43
49.9%,2492500,9970.000000196158,-3488157.26158862,570233.8660742303,311.6930033761271,274,52:40
49.9%,2495000,9980.000000198195,-3485275.3164679445,569980.3406626652,311.55442497581754,274,52:37
50.0%,2497500,9990.000000200233,-3490246.4853567965,568880.330297599,310.95315319097455,274,52:34
50.0%,2500000,10000.00000020227,-3489268.1033333596,569741.6117806771,311.4239344408871,274,52:30
50.0%,2502500,10010.000000204307,-3488930.263786925,568155.8776382594,310.5571633372889,274,52:27
50.1%,2505000,10020.000000206344,-3489124.9619200993,568485.6517197108,310.73741968472547,274,52:24
50.1%,2507500,10030.000000208382,-3483762.2103419416,567039.6414281119,309.947022415261,274,52:21
50.2%,2510000,10040.000000210419,-3488356.739222305,570209.9211709953,311.6799149588147,274,52:18
50.2%,2512500,10050.000000212456,-3486279.758068295,568821.1129747645,310.92078467289053,274,52:15
50.3%,2515000,10060.000000214493,-3490207.7640171684,568939.4110680998,310.98544706879346,274,52:12
50.4%,2517500,10070.00000021653,-3490587.3698478676,569480.0887323476,311.2809844878317,274,52:08
50.4%,2520000,10080.000000218568,-3484453.0916116145,570219.6228221577,311.68521793530977,274,52:05
50.5%,2522500,10090.000000220605,-3490589.3229377363,570232.9375453352,311.69249583706767,274,52:02
50.5%,2525000,10100.000000222642,-3489886.3254169114,569476.1855081542,311.2788509637742,274,51:59
50.5%,2527500,10110.00000022468,-3486540.4683615733,568435.4001948598,310.70995192169545,274,51:56
50.6%,2530000,10120.000000226717,-3487520.1551648974,569738.0870316727,311.4220077934733,274,51:53
50.6%,2532500,10130.000000228754,-3485485.9218738396,569200.9054222598,311.1283813374562,274,51:50
50.7%,2535000,10140.000000230792,-3490943.847364895,568786.437268418,310.9018307389025,274,51:47
50.8%,2537500,10150.000000232829,-3488255.0685884263,570753.321691754,311.9769407063689,274,51:43
50.8%,2540000,10160.000000234866,-3489004.0466289334,568509.093378828,310.7502330260036,274,51:40
50.9%,2542500,10170.000000236903,-3487725.0249925572,569882.8194844915,311.50111935732275,274,51:37
50.9%,2545000,10180.00000023894,-3487308.5953602027,571056.700836169,312.14276943438773,274,51:34
51.0%,2547500,10190.000000240978,-3487424.9208819903,570426.3836976308,311.7982345800429,274,51:31
51.0%,2550000,10200.000000243015,-3487992.811277002,569023.8203424353,311.0315856477094,274,51:28
51.0%,2552500,10210.000000245052,-3488177.1583553366,569254.5862485019,311.1577235757036,274,51:24
51.1%,2555000,10220.00000024709,-3489737.2966609057,568453.6043798386,310.7199024304737,274,51:21
51.1%,2557500,10230.000000249127,-3485331.6687335167,569218.6646858563,311.1380886497318,274,51:18
51.2%,2560000,10240.000000251164,-3488455.860181151,570753.5757695707,311.9770795867169,274,51:15
51.2%,2562500,10250.000000253202,-3491389.93306729,567278.3853004398,310.07752114399455,274,51:12
51.3%,2565000,10260.000000255239,-3489406.876811037,567581.9220168071,310.24343600171915,274,51:09
51.4%,2567500,10270.000000257276,-3488004.537728347,570542.7129210979,311.8618207807231,274,51:06
51.4%,2570000,10280.000000259313,-3487869.0253841244,568725.623804411,310.86858976117423,274,51:02
51.5%,2572500,10290.00000026135,-3486898.132713368,567856.6075663001,310.39358065113277,274,50:59
51.5%,2575000,10300.000000263388,-3487210.7856306694,571480.9711238444,312.37467793382365,274,50:56
51.5%,2577500,10310.000000265425,-3490862.8604114354,569708.1534644417,311.405645939106,274,50:53
51.6%,2580000,10320.000000267462,-3487784.9428718556,568206.9674980631,310.5850893388677,274,50:50
51.6%,2582500,10330.0000002695,-3484820.341913363,567672.315806146,310.2928457498275,274,50:47
51.7%,2585000,10340.000000271537,-3485414.0374564677,571682.7244877928,312.48495744490083,274,50:44
51.8%,2587500,10350.000000273574,-3487358.973659439,567605.1630624632,310.2561396865635,274,50:40
51.8%,2590000,10360.000000275611,-3487356.8584310208,570524.316377823,311.8517651278301,274,50:37
51.9%,2592500,10370.000000277649,-3487154.0495898407,570129.3379749501,311.63586773557637,274,50:34
51.9%,2595000,10380.000000279686,-3488726.8621834293,569988.7510783786,311.5590221558332,274,50:31
52.0%,2597500,10390.000000281723,-3485981.39645255,570486.366222373,311.8310213617465,274,50:28
52.0%,2600000,10400.00000028376,-3488790.052601833,566252.3436133204,309.516681050001,274,50:25
52.0%,2602500,10410.000000285798,-3488297.4402959067,570228.674048116,311.69016538577006,274,50:22
52.1%,2605000,10420.000000287835,-3486152.8812202457,568537.4955900791,310.7657578326734,274,50:18
52.1%,2607500,10430.000000289872,-3489109.604010774,569959.75526534,311.54317288312416,274,50:15
52.2%,2610000,10440.00000029191,-3485520.993399106,571864.115475947,312.5841067680941,274,50:12
52.2%,2612500,10450.000000293947,-3487186.149791144,570431.3319034678,311.80093929687996,274,50:09
52.3%,2615000,10460.000000295984,-3489554.1744747385,569590.1038511603,311.3411193637828,274,50:06
52.4%,2617500,10470.000000298021,-3489210.6017032396,567505.7244116464,310.20178596685514,274,50:03
52.4%,2620000,10480.000000300059,-3484144.0046531465,567812.4522905233,310.3694451317598,274,49:59
52.5%,2622500,10490.000000302096,-3489912.574734956,569537.7629339056,311.3125095272418,274,49:56
52.5%,2625000,10500.000000304133,-3487088.891209781,568588.3395293305,310.79354941271026,274,49:53
52.5%,2627500,10510.00000030617,-3486389.632334184,567990.7772732789,310.4669185593462,274,49:50
52.6%,2630000,10520.000000308208,-3490543.3111045007,567849.8595843681,310.38989216667005,274,49:47
52.6%,2632500,10530.000000310245,-3488650.836637201,568062.0782694179,310.50589208047927,274,49:44
52.7%,2635000,10540.000000312282,-3493442.9400920626,568752.548374776,310.88330688111563,274,49:40
52.8%,2637500,10550.00000031432,-3487137.361448191,566790.9567804781,309.8110900034452,274,49:37
52.8%,2640000,10560.000000316357,-3486590.9868000466,569302.1970638451,311.1837479122266,274,49:34
52.9%,2642500,10570.000000318394,-3488849.8740996644,568944.7860278029,310.98838505166776,274,49:31
52.9%,2645000,10580.000000320431,-3487155.817480931,567958.5274452358,310.4492906239338,274,49:28
53.0%,2647500,10590.000000322469,-3484764.3017909713,569288.4455332208,311.1762312490883,274,49:25
53.0%,2650000,10600.000000324506,-3485950.548599951,568595.8817741715,310.7976720456975,274,49:22
53.0%,2652500,10610.000000326543,-3488714.500951316,570151.8078453359,311.64814989172794,274,49:18
53.1%,2655000,10620.00000032858,-3490239.3889739476,569808.9590479066,311.46074683180393,274,49:15
53.1%,2657500,10630.000000330618,-3487627.402764883,569041.8140913266,311.0414211309516,274,49:12
53.2%,2660000,10640.000000332655,-3486642.836015679,569088.2334256654,311.06679419732944,274,49:09
53.2%,2662500,10650.000000334692,-3483790.314144144,569348.4029383305,311.20900430026103,274,49:06
53.3%,2665000,10660.00000033673,-3488874.9008838832,571082.399890638,312.156816680523,274,49:03
53.4%,2667500,10670.000000338767,-3486837.3868606705,570547.7971923994,311.8645998717001,274,49:00
53.4%,2670000,10680.000000340804,-3489128.560487084,569279.0682613822,311.17110558013604,274,48:56
53.5%,2672500,10690.000000342841,-3488518.7411712594,569580.7933240347,311.33603017786197,274,48:53
53.5%,2675000,10700.000000344879,-3486106.2198896427,569082.7512863181,311.0637976294654,274,48:50
53.5%,2677500,10710.000000346916,-3487196.3441236466,569970.1883428029,311.548875661304,274,48:47
53.6%,2680000,10720.000000348953,-3483660.721039936,570065.4524675995,311.60094756186703,274,48:44
53.6%,2682500,10730.00000035099,-3487993.742832022,570591.3118130448,311.8883852054143,274,48:41
53.7%,2685000,10740.000000353028,-3487820.661557466,571194.3205691696,312.217993146017,274,48:37
53.8%,2687500,10750.000000355065,-3489358.2209812254,569594.5699520921,311.3435605593969,274,48:34
53.8%,2690000,10760.000000357102,-3488188.235291317,568771.4267547673,310.89362590863834,274,48:31
53.9%,2692500,10770.00000035914,-3486937.282234134,570834.2753668949,312.02119043554177,274,48:28
53.9%,2695000,10780.000000361177,-3488010.564881783,570608.1849271472,311.8976081434469,274,48:25
54.0%,2697500,10790.000000363214,-3484990.845722273,568940.132065419,310.98584116993896,274,48:22
54.0%,2700000,10800.000000365251,-3488429.4765239693,568725.8379562143,310.86870681774127,274,48:19
54.0%,2702500,10810.000000367289,-3487458.0708416365,566067.5465915769,309.41566996990025,274,48:15
54.1%,2705000,10820.000000369326,-3491281.0646870174,568644.980646893,310.8245097626614,274,48:12
54.1%,2707500,10830.000000371363,-3489706.664211344,569978.7593227657,311.5535606066316,274,48:09
54.2%,2710000,10840.0000003734,-3488156.9324692953,570718.6517944033,311.95798994761026,274,48:06
54.2%,2712500,10850.000000375438,-3491088.6621457227,568033.7684516141,310.49041777658175,274,48:03
54.3%,2715000,10860.000000377475,-3488191.146698827,571310.869769302,312.28169958716614,274,48:00
54.4%,2717500,10870.000000379512,-3488684.5785429496,569559.5949900134,311.3244430505608,274,47:56
54.4%,2720000,10880.00000038155,-3489763.4844237175,568376.3463587007,310.67767276633754,274,47:53
54.5%,2722500,10890.000000383587,-3490610.223357655,567302.4718106296,310.09068696445627,274,47:50
54.5%,2725000,10900.000000385624,-3484928.3083324656,567888.5923484376,310.41106371097874,274,47:47
54.5%,2727500,10910.000000387661,-3489000.808008082,569540.6666563875,311.3140967181036,274,47:44
54.6%,2730000,10920.000000389698,-3489315.164634293,569181.5213731918,311.1177859084032,274,47:41
54.6%,2732500,10930.000000391736,-3488143.2650069725,569562.1984408335,311.3258661112619,274,47:38
54.7%,2735000,10940.000000393773,-3487119.350625897,569835.6982948007,311.47536265290523,274,47:34
54.8%,2737500,10950.00000039581,-3490497.022257399,570685.8764503528,311.9400747622248,274,47:31
54.8%,2740000,10960.000000397848,-3488515.4154109284,568871.5381202316,310.94834733791515,274,47:28
54.9%,2742500,10970.000000399885,-3488413.2948611025,569535.3581688766,311.31119506929934,274,47:25
54.9%,2745000,10980.000000401922,-3488138.670023991,568799.793974208,310.90913158858984,274,47:22
55.0%,2747500,10990.00000040396,-3488521.7182809655,569467.6503004876,311.2741855717827,274,47:19
55.0%,2750000,11000.000000405997,-3486914.481588356,568006.3888606861,310.47545193986934,274,47:16
55.0%,2752500,11010.000000408034,-3483325.5992073826,569235.9497016345,311.1475367355118,274,47:12
55.1%,2755000,11020.000000410071,-3489766.489742594,571822.7734350049,312.5615089785316,274,47:09
55.1%,2757500,11030.000000412108,-3486087.403308889,567363.721676575,310.1241664819117,274,47:06
55.2%,2760000,11040.000000414146,-3487184.789115265,569050.8652456971,311.04636854228164,274,47:03
55.2%,2762500,11050.000000416183,-3489577.8990443815,569226.5719104579,311.1424107826865,274,47:00
55.3%,2765000,11060.00000041822,-3488131.132123856,569631.2027476403,311.36358424922975,274,46:57
55.4%,2767500,11070.000000420257,-3487884.2114181668,570842.9872737956,312.02595241231757,274,46:54
55.4%,2770000,11080.000000422295,-3490678.799319232,569777.1148203606,311.44334059987955,274,46:50
55.5%,2772500,11090.000000424332,-3486982.2386648357,568614.9941156955,310.8081189578954,274,46:47
55.5%,2775000,11100.00000042637,-3491319.4161854833,569555.3564639413,311.3221262486311,274,46:44
55.5%,2777500,11110.000000428407,-3489140.4364677984,569308.1107721189,311.18698037806666,274,46:41
55.6%,2780000,11120.000000430444,-3489930.8130348288,569181.9644283714,311.118028084829,274,46:38
55.6%,2782500,11130.000000432481,-3490362.3001359347,569635.979028513,311.36619499092495,274,46:35
55.7%,2785000,11140.000000434518,-3490047.256501954,570247.6616581233,311.7005441190271,274,46:32
55.8%,2787500,11150.000000436556,-3490947.5321888328,569929.96327644,311.52688841626025,274,46:28
55.8%,2790000,11160.000000438593,-3487849.7190528493,567706.1277794316,310.31132756251964,274,46:25
55.9%,2792500,11170.00000044063,-3487190.422766134,568896.6695335263,310.96208430822674,274,46:22
55.9%,2795000,11180.000000442667,-3491337.150242014,569843.8728727939,311.479830922711,274,46:19
56.0%,2797500,11190.000000444705,-3488256.3926915303,570930.5496660217,312.0738145030132,274,46:16
56.0%,2800000,11200.000000446742,-3488108.6653698664,568186.3085563356,310.5737970463949,274,46:13
56.0%,2802500,11210.00000044878,-3487285.387799535,568146.5080386051,310.55204186199524,274,46:09
56.1%,2805000,11220.000000450817,-3488574.3552800845,568679.897358619,310.8435954315306,274,46:06
56.1%,2807500,11230.000000452854,-3490417.8083032984,570979.728874601,312.10069613200386,274,46:03
56.2%,2810000,11240.000000454891,-3488409.329445772,570738.158152692,311.9686522315637,274,46:00
56.2%,2812500,11250.000000456928,-3489529.8066094536,569045.3501003502,311.04335393315455,274,45:57
56.3%,2815000,11260.000000458966,-3489881.653592948,569756.3860235382,311.43201012422327,274,45:54
56.4%,2817500,11270.000000461003,-3486082.6018981505,568912.2469769398,310.97059902545305,274,45:51
56.4%,2820000,11280.00000046304,-3487464.699597221,567503.0633163527,310.20033139736415,274,45:47
56.5%,2822500,11290.000000465077,-3488837.7687618695,567224.0399944512,310.04781569742124,274,45:44
56.5%,2825000,11300.000000467115,-3487606.8825789858,568912.7963750167,310.97089932949814,274,45:41
56.5%,2827500,11310.000000469152,-3487975.889870601,570035.5125184605,311.58458221911326,274,45:38
56.6%,2830000,11320.00000047119,-3488838.6172252595,568373.8365939893,310.6763009149846,274,45:35
56.6%,2832500,11330.000000473226,-3489496.7352350913,569696.7124521037,311.39939221811636,274,45:32
56.7%,2835000,11340.000000475264,-3490404.243005952,566882.135749572,309.86092893517554,274,45:29
56.8%,2837500,11350.000000477301,-3487830.547301816,569771.2321788548,311.44012511530764,274,45:25
56.8%,2840000,11360.000000479338,-3487187.012406975,570144.4595533621,311.6441332744569,274,45:22
56.9%,2842500,11370.000000481376,-3488105.28501885,568156.2990980622,310.55739370956167,274,45:19
56.9%,2845000,11380.000000483413,-3491532.4808136337,569517.1406097446,311.3012372501345,274,45:16
57.0%,2847500,11390.00000048545,-3489165.602585286,568429.3421139666,310.7066405409784,274,45:13
57.0%,2850000,11400.000000487487,-3484765.258605685,567538.0825859716,310.2194731249481,274,45:10
57.0%,2852500,11410.000000489525,-3489529.193368733,568649.5010862087,310.82698065993833,274,45:07
57.1%,2855000,11420.000000491562,-3491394.569452133,569333.4684890178,311.2008410471872,274,45:03
57.1%,2857500,11430.0000004936,-3491007.150965387,567876.5384480206,310.4044749819556,274,45:00
57.2%,2860000,11440.000000495636,-3485022.4173118845,570499.2700527358,311.8380746672061,274,44:57
57.2%,2862500,11450.000000497674,-3488930.288823966,567605.7685087763,310.25647062688626,274,44:54
57.3%,2865000,11460.000000499711,-3491308.0323298723,569724.4108008414,311.4145322896208,274,44:51
57.4%,2867500,11470.000000501748,-3489357.365574876,570492.8277628976,311.83455327574245,274,44:48
57.4%,2870000,11480.000000503785,-3488101.6886198614,570199.0458136715,311.67397042800246,274,44:45
57.5%,2872500,11490.000000505823,-3490914.3685861025,570968.883849097,312.09476818073307,274,44:41
57.5%,2875000,11500.00000050786,-3493092.647944832,568115.2135123769,310.5349360998691,274,44:38
57.5%,2877500,11510.000000509897,-3487562.26261303,566710.2943577301,309.7669994744505,274,44:35
57.6%,2880000,11520.000000511935,-3486483.0523787457,567015.195176329,309.9336599580433,274,44:32
57.6%,2882500,11530.000000513972,-3487364.2868481595,568550.0052042026,310.77259565734363,274,44:29
57.7%,2885000,11540.00000051601,-3491590.499876434,571274.1514334175,312.2616291405096,274,44:26
57.8%,2887500,11550.000000518046,-3487598.9246624988,568422.3601011302,310.70282413392147,274,44:23
57.8%,2890000,11560.000000520084,-3489073.3874403164,569260.0186683792,311.1606929666288,274,44:19
57.9%,2892500,11570.00000052212,-3483745.6195689943,569338.5379818254,311.2036120601572,274,44:16
57.9%,2895000,11580.000000524158,-3485724.904725546,569214.5221699197,311.13582432747626,274,44:13
58.0%,2897500,11590.000000526195,-3486763.500448644,570100.5700629752,311.6201430348566,274,44:10
58.0%,2900000,11600.000000528233,-3486101.4066231176,568672.5599472721,310.8395847616707,274,44:07
58.0%,2902500,11610.00000053027,-3486187.450008314,568342.6522487057,310.6592553783758,274,44:04
58.1%,2905000,11620.000000532307,-3488448.4688533284,568832.189286307,310.92683904639654,274,44:01
58.1%,2907500,11630.000000534345,-3487106.33130073,569009.1744267393,311.0235801087156,274,43:57
58.2%,2910000,11640.000000536382,-3487591.2828150727,568720.5829847106,310.8658344210842,274,43:54
58.2%,2912500,11650.000000538419,-3491130.5283731017,569876.4326916444,311.49762830082324,274,43:51
58.3%,2915000,11660.000000540456,-3488727.068561526,568510.4784660579,310.75099012238866,274,43:48
58.4%,2917500,11670.000000542494,-3485200.35384948,568666.3983753504,310.8362168121819,274,43:45
58.4%,2920000,11680.00000054453,-3484615.5653074495,567553.8662905005,310.2281005856475,274,43:42
58.5%,2922500,11690.000000546568,-3486697.741154691,568139.1797027764,310.54803615286414,274,43:39
58.5%,2925000,11700.000000548605,-3488847.9040025678,569417.4965190939,311.24677123587014,274,43:35
58.5%,2927500,11710.000000550643,-3488862.935929859,569057.0746989272,311.04976266396005,274,43:32
58.6%,2930000,11720.00000055268,-3486567.065788131,572073.4658137059,312.6985388273177,274,43:29
58.6%,2932500,11730.000000554717,-3488616.31977134,567706.1838477637,310.3113582097818,274,43:26
58.7%,2935000,11740.000000556754,-3486371.6283712294,569768.0973790495,311.43841161629535,274,43:23
58.8%,2937500,11750.000000558792,-3488774.4181713574,568708.5377936298,310.8592504526327,274,43:20
58.8%,2940000,11760.000000560829,-3489474.6680188626,570094.0691239918,311.61658958544393,274,43:16
58.9%,2942500,11770.000000562866,-3489110.7610847205,569029.4651705282,311.03467114214686,274,43:13
58.9%,2945000,11780.000000564904,-3485967.8030856177,569167.9903248519,311.1103897621081,274,43:10
59.0%,2947500,11790.00000056694,-3486203.959862465,569762.6646138537,311.43544203661713,274,43:07
59.0%,2950000,11800.000000568978,-3488319.906625258,568407.7209271883,310.6948222800079,274,43:04
59.0%,2952500,11810.000000571015,-3491212.6248605717,568784.113277022,310.90056043227713,274,43:01
59.1%,2955000,11820.000000573053,-3488502.5043072477,567829.0040279476,310.37849240351227,274,42:58
59.1%,2957500,11830.00000057509,-3488378.321931729,568659.292126521,310.83233249704006,274,42:54
59.2%,2960000,11840.000000577127,-3484374.3320258334,571937.9738296173,312.6244781550803,274,42:51
59.2%,2962500,11850.000000579164,-3488553.524527535,571215.5666167339,312.2296063538063,274,42:48
59.3%,2965000,11860.000000581202,-3488263.556695817,568582.5366706535,310.79037753787645,274,42:45
59.4%,2967500,11870.000000583239,-3486522.547896307,569588.4511231894,311.3402159734799,274,42:42
59.4%,2970000,11880.000000585276,-3490631.7371398676,570523.5480739078,311.85134516863604,274,42:39
59.5%,2972500,11890.000000587313,-3489532.9328049235,567120.9061883155,309.9914421852597,274,42:36
59.5%,2975000,11900.00000058935,-3487225.577683838,567920.7542613011,310.42864359146495,274,42:32
59.5%,2977500,11910.000000591388,-3484997.715924401,566295.4535950312,309.5402452058226,274,42:29
59.6%,2980000,11920.000000593425,-3487560.556168232,568678.12504252,310.84262667369154,274,42:26
59.6%,2982500,11930.000000595463,-3489220.9908603877,570377.100530535,311.7712961267487,274,42:23
59.7%,2985000,11940.0000005975,-3489524.6424335744,567154.25975738,310.0096734316544,274,42:20
59.8%,2987500,11950.000000599537,-3487218.983925348,568832.737799607,310.92713886681764,274,42:17
59.8%,2990000,11960.000000601574,-3490940.666152848,570514.6602987938,311.8464870613165,274,42:13
59.9%,2992500,11970.000000603612,-3488881.576344356,570032.7435116402,311.5830686645815,274,42:10
59.9%,2995000,11980.000000605649,-3488992.0602233075,567326.4187381244,310.1037764882404,274,42:07
60.0%,2997500,11990.000000607686,-3488165.640814688,567752.3969877788,310.3366185691953,274,42:04
60.0%,3000000,12000.000000609723,-3487926.817430502,569253.182005333,311.1569560085757,274,42:01
60.0%,3002500,12010.00000061176,-3487212.2615680546,568444.6501455178,310.715007996182,274,41:58
60.1%,3005000,12020.000000613798,-3489807.863589762,567242.9580098992,310.05815638990504,274,41:54
60.1%,3007500,12030.000000615835,-3487617.431726875,569979.4833766174,311.55395637849483,274,41:51
60.2%,3010000,12040.000000617873,-3487285.396014111,570372.5509261314,311.7688092876725,274,41:48
60.2%,3012500,12050.00000061991,-3487634.569446625,566566.7113872864,309.6885162240617,274,41:45
60.3%,3015000,12060.000000621947,-3491037.947516231,569911.3397614028,311.5167086993393,274,41:42
60.4%,3017500,12070.000000623984,-3487566.705355156,568154.6208043825,310.55647634490003,274,41:39
60.4%,3020000,12080.000000626022,-3489963.9677292425,569701.1125033663,311.40179731061374,274,41:36
60.5%,3022500,12090.000000628059,-3489178.13772228,567894.9774894591,310.41455386458125,274,41:32
60.5%,3025000,12100.000000630096,-3487350.9790891763,569197.2063912123,311.1263594265081,274,41:29
60.5%,3027500,12110.000000632133,-3483318.3245586064,568750.9095386846,310.88241108419135,274,41:26
60.6%,3030000,12120.00000063417,-3488642.410706198,569993.5615432076,311.56165158266907,274,41:23
60.6%,3032500,12130.000000636208,-3485525.9834634326,568710.0811678926,310.86009406959045,274,41:20
60.7%,3035000,12140.000000638245,-3487928.4625590947,569325.7836768371,311.196640486099,274,41:17
60.8%,3037500,12150.000000640282,-3488297.033208616,570793.013534575,311.9986364884584,274,41:14
60.8%,3040000,12160.00000064232,-3490733.440543417,568989.840478466,311.0130120650357,274,41:10
60.9%,3042500,12170.000000644357,-3488899.8569087368,569128.6006705713,311.0888591579558,274,41:07
60.9%,3045000,12180.000000646394,-3483879.980610328,570590.8765779958,311.8881473035153,274,41:04
61.0%,3047500,12190.000000648432,-3490614.467905244,570559.5811332151,311.87104103930335,274,41:01
61.0%,3050000,12200.000000650469,-3486203.1211688854,567596.3326374681,310.251312927138,274,40:58
61.0%,3052500,12210.000000652506,-3487466.9666301645,570309.6156388451,311.73440850953625,274,40:55
61.1%,3055000,12220.000000654543,-3489078.506390296,571346.4485754329,312.3011471605203,274,40:51
61.1%,3057500,12230.00000065658,-3488416.340479322,569332.2998005899,311.2002022355911,274,40:48
61.2%,3060000,12240.000000658618,-3487169.1137002558,569269.6429340235,311.1659536437692,274,40:45
61.2%,3062500,12250.000000660655,-3488172.018099159,568178.1350508074,310.56932936280435,274,40:42
61.3%,3065000,12260.000000662692,-3486426.2660487033,568693.0202341975,310.8507684683237,274,40:39
61.4%,3067500,12270.00000066473,-3490434.6386494003,569631.4750346977,311.36373308285005,274,40:36
61.4%,3070000,12280.000000666767,-3488177.954488838,568375.4221800775,310.677167605161,274,40:33
61.5%,3072500,12290.000000668804,-3490164.110502055,569298.8204854385,311.18190225568577,274,40:29
61.5%,3075000,12300.000000670841,-3486938.507022068,569569.1571183847,311.3296697631221,274,40:26
61.5%,3077500,12310.000000672879,-3485743.4173383694,570527.8562124155,311.8537000211102,274,40:23
61.6%,3080000,12320.000000674916,-3487453.209160283,571490.4646215776,312.3798671324965,274,40:20
61.6%,3082500,12330.000000676953,-3487268.1590735223,568588.9793235301,310.79389912777896,274,40:17
61.7%,3085000,12340.00000067899,-3487453.72915563,569585.4923337068,311.33859868268917,274,40:14
61.8%,3087500,12350.000000681028,-3485453.7818955984,569285.2295404839,311.1744733695679,274,40:11
61.8%,3090000,12360.000000683065,-3485516.311409073,570697.4042946359,311.9463759460387,274,40:07
61.9%,3092500,12370.000000685102,-3488344.1505195927,568813.9244192648,310.9168553684648,274,40:04
61.9%,3095000,12380.00000068714,-3486829.219798237,569196.4515607783,311.1259468319938,274,40:01
62.0%,3097500,12390.000000689177,-3486677.1841384936,567877.8033341554,310.40516637575337,274,39:58
62.0%,3100000,12400.000000691214,-3487679.894815523,568357.7844172944,310.6675267059058,274,39:55
62.0%,3102500,12410.000000693251,-3489445.801783124,570803.30209404,312.0042602722967,274,39:52
62.1%,3105000,12420.000000695289,-3488485.25539756,569883.4529196213,311.5014655964885,274,39:48
62.1%,3107500,12430.000000697326,-3482795.459704835,568912.9877756317,310.97100395013905,274,39:45
62.2%,3110000,12440.000000699363,-3488168.9029865265,568397.3926800924,310.6891768026898,274,39:42
62.2%,3112500,12450.0000007014,-3489249.4007804506,569514.6719772306,311.29988788186944,274,39:39
62.3%,3115000,12460.000000703438,-3489509.3384674992,569047.4360016575,311.0444940984129,274,39:36
62.4%,3117500,12470.000000705475,-3491656.649588106,567914.6178837066,310.4252894133354,274,39:33
62.4%,3120000,12480.000000707512,-3487854.248127943,567656.1230821318,310.28399471680217,274,39:30
62.5%,3122500,12490.00000070955,-3488082.507328648,568139.0423665484,310.54796108411796,274,39:26
62.5%,3125000,12500.000000711587,-3486865.524557324,567739.2396917485,310.3294267179918,274,39:23
62.5%,3127500,12510.000000713624,-3487856.580570072,569875.8759759483,311.4973239969267,274,39:20
62.6%,3130000,12520.000000715661,-3489218.2363677714,568424.3326125676,310.70390231964615,274,39:17
62.6%,3132500,12530.000000717699,-3487300.8347385265,568855.2057216296,310.93941995798303,274,39:14
62.7%,3135000,12540.000000719736,-3490063.718130404,569045.9767376841,311.0436964566072,274,39:11
62.8%,3137500,12550.000000721773,-3489365.4463346787,570444.3631491098,311.80806224824,274,39:07
62.8%,3140000,12560.00000072381,-3488141.543438319,569717.72131659,311.41087578031573,274,39:04
62.9%,3142500,12570.000000725848,-3492705.5747258235,571243.8455815066,312.24506379326533,274,39:01
62.9%,3145000,12580.000000727885,-3488128.035969792,569175.5201736249,311.1145056193355,274,38:58
63.0%,3147500,12590.000000729922,-3489391.85318256,567191.2673844614,310.02990200648856,274,38:55
63.0%,3150000,12600.00000073196,-3487834.750202544,569807.3589407397,311.45987220432517,274,38:52
63.0%,3152500,12610.000000733997,-3489190.348309407,569436.0610333877,311.2569187026565,274,38:49
63.1%,3155000,12620.000000736034,-3488953.525160365,570582.0811821857,311.8833396912372,274,38:45
63.1%,3157500,12630.000000738071,-3488986.6687188987,567279.5681998733,310.07816772340533,274,38:42
63.2%,3160000,12640.000000740109,-3489774.220096428,567693.8904935946,310.3046385940058,274,38:39
63.2%,3162500,12650.000000742146,-3489177.668519698,568789.7912706838,310.90366405519904,274,38:36
63.3%,3165000,12660.000000744183,-3485348.7000903115,567130.9097433395,309.99691018408504,274,38:33
63.4%,3167500,12670.00000074622,-3488404.4210678414,566803.4320242616,309.81790904109636,274,38:30
63.4%,3170000,12680.000000748258,-3490244.0712545607,567958.9535603812,310.44952354084273,274,38:27
63.5%,3172500,12690.000000750295,-3487732.526080994,570154.6270359822,311.6496908770182,274,38:23
63.5%,3175000,12700.000000752332,-3489409.487895483,570152.3460330723,311.64844406813864,274,38:20
63.5%,3177500,12710.00000075437,-3487544.753048379,568921.9446953421,310.97589985227955,274,38:17
63.6%,3180000,12720.000000756407,-3485448.8572400957,568453.7720586499,310.7199940846448,274,38:14
63.6%,3182500,12730.000000758444,-3489331.442814881,567775.9390071484,310.3494867679457,274,38:11
63.7%,3185000,12740.000000760481,-3487906.936544275,568411.3585509255,310.6968106253786,274,38:08
63.8%,3187500,12750.000000762519,-3489642.2105705794,568654.6200615407,310.82977872033143,274,38:04
63.8%,3190000,12760.000000764556,-3491274.4336520843,569215.79317416,311.13651906546454,274,38:01
63.9%,3192500,12770.000000766593,-3489739.1147205774,569951.992130019,311.53892951017184,274,37:58
63.9%,3195000,12780.00000076863,-3490526.538033778,569854.7992926588,311.48580336459224,274,37:55
64.0%,3197500,12790.000000770668,-3490386.0751205664,568249.6639314417,310.6084274468704,274,37:52
64.0%,3200000,12800.000000772705,-3487873.776027579,568914.8072241982,310.971998470847,274,37:49
64.0%,3202500,12810.000000774742,-3489354.8004080653,569243.9788908395,311.15192553499713,274,37:46
64.1%,3205000,12820.00000077678,-3486761.0881918743,568783.9388604679,310.9004650952184,274,37:42
64.2%,3207500,12830.000000778817,-3484693.1426282767,571489.7759407877,312.37949069574563,274,37:39
64.2%,3210000,12840.000000780854,-3486949.894582985,568896.6010428624,310.96204687084884,274,37:36
64.2%,3212500,12850.000000782891,-3490608.0417412072,568996.6981919828,311.016760529393,274,37:33
64.3%,3215000,12860.000000784928,-3487942.433594113,566978.4075375758,309.9135516300531,274,37:30
64.3%,3217500,12870.000000786966,-3488001.6013717465,567916.0187996896,310.4260551618049,274,37:27
64.4%,3220000,12880.000000789003,-3488570.4050691593,568258.4074029919,310.61320667705917,274,37:24
64.5%,3222500,12890.00000079104,-3488303.207223797,570764.191709641,311.9828823186153,274,37:20
64.5%,3225000,12900.000000793078,-3486742.2499748766,567263.2295984165,310.0692369529583,274,37:17
64.5%,3227500,12910.000000795115,-3489660.9991225544,568896.433971929,310.96195554894723,274,37:14
64.6%,3230000,12920.000000797152,-3489584.743901577,570942.0628921231,312.08010769644767,274,37:11
64.7%,3232500,12930.00000079919,-3485790.6402421147,568000.4830159699,310.47222377229355,274,37:08
64.7%,3235000,12940.000000801227,-3489192.2903615795,569531.2382785156,311.3089431143093,274,37:05
64.8%,3237500,12950.000000803264,-3488276.1080538575,570215.4009905423,311.68291025866296,274,37:02
64.8%,3240000,12960.000000805301,-3488384.2740133237,566944.604754936,309.89507484101915,274,36:58
64.8%,3242500,12970.000000807338,-3489821.236388717,567346.3300104877,310.11466010047945,274,36:55
64.9%,3245000,12980.000000809376,-3489212.6202964466,569138.2117574189,311.0941126314927,274,36:52
65.0%,3247500,12990.000000811413,-3488870.204975635,569490.3166508352,311.2865751249744,274,36:49
65.0%,3250000,13000.00000081345,-3488732.920774514,569718.2178386098,311.4111471820139,274,36:46
65.0%,3252500,13010.000000815488,-3486876.993998274,570819.308291238,312.0130093487267,274,36:43
65.1%,3255000,13020.000000817525,-3486492.973802423,569243.7159679827,311.151781819901,274,36:40
65.2%,3257500,13030.000000819562,-3486567.824417511,570579.5710297351,311.8819676279439,274,36:36
65.2%,3260000,13040.0000008216,-3490892.9164566733,567599.6258282894,310.2531130035607,274,36:33
65.2%,3262500,13050.000000823637,-3489464.6318205353,569181.968752997,311.11803044869345,274,36:30
65.3%,3265000,13060.000000825674,-3488041.597966103,571687.0337582569,312.48731291610875,274,36:27
65.3%,3267500,13070.000000827711,-3490073.007769093,568192.2703029236,310.5770557702447,274,36:24
65.4%,3270000,13080.000000829748,-3487678.80088591,568664.7833174125,310.83533401252856,274,36:21
65.5%,3272500,13090.000000831786,-3487831.414109979,572030.5096211457,312.67505873350126,274,36:17
65.5%,3275000,13100.000000833823,-3486718.2049385738,569684.9616866189,311.3929691843335,274,36:14
65.5%,3277500,13110.00000083586,-3487674.7219284624,568206.6126961875,310.5848954021887,274,36:11
65.6%,3280000,13120.000000837897,-3486957.835490739,571421.2180684945,312.3420165813664,274,36:08
65.7%,3282500,13130.000000839935,-3487156.865874596,566357.2453465484,309.5740209209461,274,36:05
65.7%,3285000,13140.000000841972,-3490885.2928745206,571653.6905524099,312.4690873343063,274,36:02
65.8%,3287500,13150.00000084401,-3489056.556960551,569782.3182769086,311.44618483817527,274,35:59
65.8%,3290000,13160.000000846047,-3488344.845045898,570254.3231639002,311.7041853351423,274,35:55
65.8%,3292500,13170.000000848084,-3485974.0999972615,571019.2229601918,312.1222838188912,274,35:52
65.9%,3295000,13180.000000850121,-3486010.0493227486,570704.7716197887,311.95040296695123,274,35:49
66.0%,3297500,13190.000000852158,-3487582.835648006,567445.2918509307,310.1687531929849,274,35:46
66.0%,3300000,13200.000000854196,-3489418.6242037974,569396.383314229,311.2352306406394,274,35:43
66.0%,3302500,13210.000000856233,-3488179.260485336,570962.8050335525,312.0914454663403,274,35:40
66.1%,3305000,13220.00000085827,-3488358.7807163764,569261.2025740801,311.1613400960709,274,35:37
66.2%,3307500,13230.000000860307,-3489125.500348579,569260.219752026,311.16080288006873,274,35:33
66.2%,3310000,13240.000000862345,-3487252.440235324,570023.5118260894,311.57802257390404,274,35:30
66.2%,3312500,13250.000000864382,-3490694.1033963505,566707.4249263767,309.76543102731017,274,35:27
66.3%,3315000,13260.00000086642,-3487116.3862945437,566667.3606602093,309.7435316765478,274,35:24
66.3%,3317500,13270.000000868456,-3489242.9702363927,567839.4220301706,310.3841869414822,274,35:21
66.4%,3320000,13280.000000870494,-3483560.8927257173,571186.9205915725,312.21394827709673,274,35:18
66.5%,3322500,13290.000000872531,-3491169.722191034,569915.3640261204,311.51890838482063,274,35:14
66.5%,3325000,13300.000000874568,-3485138.6266031265,569801.1642258506,311.45648613870594,274,35:11
66.5%,3327500,13310.000000876606,-3487907.811665235,569936.5193738875,311.5304720155962,274,35:08
66.6%,3330000,13320.000000878643,-3486633.05935587,568377.6795435194,310.6784014925759,274,35:05
66.7%,3332500,13330.00000088068,-3484708.3047722206,567379.3929831262,310.13273250525117,274,35:02
66.7%,3335000,13340.000000882717,-3491624.658431176,569826.572139302,311.4703742455413,274,34:59
66.8%,3337500,13350.000000884755,-3491300.62002643,570462.7295988133,311.81810145181953,274,34:56
66.8%,3340000,13360.000000886792,-3487190.755737908,570054.9320880643,311.5951970638887,274,34:52
66.8%,3342500,13370.00000088883,-3487924.2617814653,569451.950539919,311.265603995319,274,34:49
66.9%,3345000,13380.000000890866,-3490382.858548427,569971.4575417046,311.5495694124842,274,34:46
67.0%,3347500,13390.000000892904,-3486748.590626374,570660.9303179533,311.9264390674812,274,34:43
67.0%,3350000,13400.000000894941,-3487828.6348781288,569062.568052905,311.0527653618036,274,34:40
67.0%,3352500,13410.000000896978,-3490544.5972013064,568284.8356402653,310.6276524985716,274,34:37
67.1%,3355000,13420.000000899016,-3488255.350694442,567652.9210077883,310.282244445153,274,34:33
67.2%,3357500,13430.000000901053,-3490041.8624921925,570320.9256644442,311.7405906324458,274,34:30
67.2%,3360000,13440.00000090309,-3489805.294346191,569920.0705667639,311.5214810061187,274,34:27
67.2%,3362500,13450.000000905127,-3489398.3652622923,568765.0210303362,310.89012450402953,274,34:24
67.3%,3365000,13460.000000907165,-3488303.173280988,569708.790941088,311.4059943873871,274,34:21
67.3%,3367500,13470.000000909202,-3489360.020725867,570637.4654387785,311.91361303399043,274,34:18
67.4%,3370000,13480.00000091124,-3487031.2374884766,570335.6743802557,311.74865236255465,274,34:14
67.5%,3372500,13490.000000913276,-3486349.1152866594,568816.7291594305,310.918388455042,274,34:11
67.5%,3375000,13500.000000915314,-3489021.5362266954,568471.1228878986,310.7294781444338,274,34:08
67.5%,3377500,13510.000000917351,-3487544.667582268,571397.7307533934,312.3291782842735,274,34:05
67.6%,3380000,13520.000000919388,-3485226.5686414912,568552.8711447781,310.77416219640526,274,34:02
67.7%,3382500,13530.000000921425,-3487786.1472767815,570411.0296794332,311.78984198828255,274,33:59
67.7%,3385000,13540.000000923463,-3485611.0682825204,568444.4005031458,310.7148715402727,274,33:56
67.8%,3387500,13550.0000009255,-3484401.366781501,567860.5812370521,310.3957526816711,274,33:52
67.8%,3390000,13560.000000927537,-3487853.1841412857,571722.1599121337,312.5065130672227,274,33:49
67.8%,3392500,13570.000000929575,-3486148.651098255,568219.0328621701,310.59168433400754,274,33:46
67.9%,3395000,13580.000000931612,-3489606.2883669753,568246.9015199965,310.60691749740727,274,33:43
68.0%,3397500,13590.000000933649,-3487717.529470168,568580.320976783,310.7891664272811,274,33:40
68.0%,3400000,13600.000000935686,-3489472.053929232,569101.3570657186,311.07396765198865,274,33:37
68.0%,3402500,13610.000000937724,-3484559.242929848,568642.0280062032,310.822895832835,274,33:33
68.1%,3405000,13620.00000093976,-3489553.4510176256,568787.9909595214,310.9026799951027,274,33:30
68.2%,3407500,13630.000000941798,-3488293.0202899408,569770.6960572968,311.4398320682817,274,33:27
68.2%,3410000,13640.000000943835,-3488096.575873738,569616.4113629274,311.355499196062,274,33:24
68.2%,3412500,13650.000000945873,-3485714.9747126866,568495.8726981182,310.7430065283817,274,33:21
68.3%,3415000,13660.00000094791,-3490844.815795196,567182.0370579186,310.0248566586525,274,33:18
68.3%,3417500,13670.000000949947,-3487841.9862066545,569139.2186727669,311.0946630170233,274,33:14
68.4%,3420000,13680.000000951984,-3488911.394859398,569759.5417613499,311.4337350680663,274,33:11
68.5%,3422500,13690.000000954022,-3488609.972702291,568810.3885758374,310.91492265677766,274,33:08
68.5%,3425000,13700.000000956059,-3488214.708581358,568638.427651332,310.8209278588338,274,33:05
68.5%,3427500,13710.000000958096,-3489632.517784694,568921.3571885697,310.9755787178096,274,33:02
68.6%,3430000,13720.000000960134,-3487057.5528381895,567629.0437930968,310.269193026775,274,32:59
68.7%,3432500,13730.00000096217,-3484736.8975257613,568815.6634652254,310.9178059406611,274,32:56
68.7%,3435000,13740.000000964208,-3487348.249607872,568569.1752990321,310.78307413781965,274,32:52
68.8%,3437500,13750.000000966245,-3489033.9109510034,569313.859500534,311.1901226649982,274,32:49
68.8%,3440000,13760.000000968283,-3490701.9569288343,570095.7240732431,311.6174941899111,274,32:46
68.8%,3442500,13770.00000097032,-3488759.8482422736,570117.6652737446,311.6294873721629,274,32:43
68.9%,3445000,13780.000000972357,-3486014.248401651,569217.2139089482,311.13729564700327,274,32:40
69.0%,3447500,13790.000000974394,-3486038.9760114383,569358.720340652,311.21464384976514,274,32:37
69.0%,3450000,13800.000000976432,-3487118.394091632,571108.4996955165,312.1710829790614,274,32:33
69.0%,3452500,13810.000000978469,-3484326.4792043436,569564.9607949611,311.3273760293949,274,32:30
69.1%,3455000,13820.000000980506,-3485984.8847802784,570662.5191951947,311.92730755662024,274,32:27
69.2%,3457500,13830.000000982543,-3489641.103143912,567226.5574013444,310.04919172603326,274,32:24
69.2%,3460000,13840.00000098458,-3488652.016915221,568850.5089586587,310.9368526812153,274,32:21
69.2%,3462500,13850.000000986618,-3489149.0470512174,569738.1878749677,311.42206291497934,274,32:18
69.3%,3465000,13860.000000988655,-3488166.1900600586,568644.8052374311,310.8244138828737,274,32:14
69.3%,3467500,13870.000000990693,-3490121.8722236287,566731.002314091,309.77831855859455,274,32:11
69.4%,3470000,13880.00000099273,-3492245.2939689085,571167.5976476441,312.203386248453,274,32:08
69.5%,3472500,13890.000000994767,-3487551.9734066986,569286.8504067615,311.1753593440921,274,32:05
69.5%,3475000,13900.000000996804,-3488718.36490676,569811.6115683136,311.46219671421414,274,32:02
69.5%,3477500,13910.000000998842,-3490707.7019010205,569652.5135370307,311.3752328452613,274,31:59
69.6%,3480000,13920.000001000879,-3488426.1526619643,567781.0179686706,310.3522629565677,274,31:56
69.7%,3482500,13930.000001002916,-3487102.54242979,567529.2724324915,310.21465744604546,274,31:52
69.7%,3485000,13940.000001004953,-3486412.0512023717,569802.3427383085,311.4571303201714,274,31:49
69.8%,3487500,13950.00000100699,-3485319.5180441514,569995.1003922502,311.5624927261163,274,31:46
69.8%,3490000,13960.000001009028,-3485013.883414833,569972.5621881962,311.55017321840154,274,31:43
69.8%,3492500,13970.000001011065,-3487526.562561922,567049.1885937941,309.9522409491333,274,31:40
69.9%,3495000,13980.000001013103,-3489459.7438836806,569493.2364641868,311.2881711111951,274,31:37
70.0%,3497500,13990.00000101514,-3487826.054560559,569842.4368638792,311.4790459922498,274,31:34
70.0%,3500000,14000.000001017177,-3486414.8275110833,567825.6926891349,310.37668240729647,274,31:30
70.0%,3502500,14010.000001019214,-3487341.3027104046,571291.6783810902,312.271209467609,274,31:27
70.1%,3505000,14020.000001021252,-3486831.7265473604,566193.6237536718,309.4845844480617,274,31:24
70.2%,3507500,14030.000001023289,-3491671.277486393,568742.0415317399,310.8775637822631,274,31:21
70.2%,3510000,14040.000001025326,-3487190.3263341,570346.1334023669,311.7543693222236,274,31:18
70.2%,3512500,14050.000001027363,-3487494.0108068567,568559.7682261572,310.77793217945515,274,31:15
70.3%,3515000,14060.0000010294,-3488618.8638793565,567165.8870873098,310.0160289948763,274,31:12
70.3%,3517500,14070.000001031438,-3487152.8579597455,569062.6394300029,311.0528043769223,274,31:08
70.4%,3520000,14080.000001033475,-3486323.74114193,569757.9769741403,311.4328797466727,274,31:05
70.5%,3522500,14090.000001035512,-3487142.511279246,569270.5368168496,311.1664422450946,274,31:02
70.5%,3525000,14100.00000103755,-3488503.0360155813,570512.0552251987,311.8450631135976,274,30:59
70.5%,3527500,14110.000001039587,-3487280.215793874,569567.6581583594,311.3288504232337,274,30:56
70.6%,3530000,14120.000001041624,-3488091.8886092994,569355.4329860788,311.212846963468,274,30:53
70.7%,3532500,14130.000001043662,-3486223.2649906017,568839.4907668076,310.9308300762559,274,30:49
70.7%,3535000,14140.000001045699,-3488829.655371977,568466.9401551919,310.727191839468,274,30:46
70.8%,3537500,14150.000001047736,-3489208.737465063,568475.2709459515,310.73174549604096,274,30:43
70.8%,3540000,14160.000001049773,-3491761.0383936055,568482.4636046926,310.73567704332123,274,30:40
70.8%,3542500,14170.00000105181,-3489263.519513054,569782.2433485927,311.44614388194094,274,30:37
70.9%,3545000,14180.000001053848,-3488076.3809728324,570693.1795550257,311.9440666798657,274,30:34
71.0%,3547500,14190.000001055885,-3487666.446835801,568071.5780308668,310.51108470293394,274,30:30
71.0%,3550000,14200.000001057922,-3488119.526522575,571269.2778611642,312.2589652188046,274,30:27
71.0%,3552500,14210.00000105996,-3485751.858291408,570046.6420156087,311.5906656641673,274,30:24
71.1%,3555000,14220.000001061997,-3488830.6882287506,568556.8255176252,310.77632367860144,274,30:21
71.2%,3557500,14230.000001064034,-3489717.4114535507,569882.9726688643,311.50120308875313,274,30:18
71.2%,3560000,14240.000001066071,-3491085.638890287,569239.7610433768,311.14962003611043,274,30:15
71.2%,3562500,14250.000001068109,-3486196.2605492044,568920.2678459384,310.97498327706734,274,30:12
71.3%,3565000,14260.000001070146,-3489975.5119509734,569954.5095663532,311.54030555487645,274,30:08
71.3%,3567500,14270.000001072183,-3489428.349563822,570437.2523527386,311.8041754473865,274,30:05
71.4%,3570000,14280.00000107422,-3489848.0218209326,568999.429866075,311.01825367764803,274,30:02
71.5%,3572500,14290.000001076258,-3488074.5328007657,566441.7776118116,309.6202267273874,274,29:59
71.5%,3575000,14300.000001078295,-3488700.51825374,568127.1753147563,310.5414744875926,274,29:56
71.5%,3577500,14310.000001080332,-3492005.504935909,566973.8362469956,309.91105293719215,274,29:53
71.6%,3580000,14320.00000108237,-3487843.5215835236,570948.5717023168,312.08366544830767,274,29:50
71.7%,3582500,14330.000001084407,-3488756.350135414,568158.9647878947,310.5588507904532,274,29:46
71.7%,3585000,14340.000001086444,-3490098.707922833,571200.9220301153,312.22160154129347,274,29:43
71.8%,3587500,14350.000001088481,-3487003.1153459866,569293.2013171627,311.1788307870471,274,29:40
71.8%,3590000,14360.000001090519,-3490823.041131474,569310.3210985347,311.18818855478145,274,29:37
71.8%,3592500,14370.000001092556,-3487408.642380517,569044.5591743926,311.0429216086263,274,29:34
71.9%,3595000,14380.000001094593,-3489593.261386214,568820.1036790456,310.9202329862359,274,29:31
72.0%,3597500,14390.00000109663,-3485195.250850534,569295.0061282397,311.17981730682186,274,29:27
72.0%,3600000,14400.000001098668,-3485710.352643471,569336.0487176212,311.20225141449555,274,29:24
72.0%,3602500,14410.000001100705,-3487451.6260124035,569538.3062222061,311.3128064916491,274,29:21
72.1%,3605000,14420.000001102742,-3487486.3027766384,569735.4793356624,311.42058241232763,274,29:18
72.2%,3607500,14430.00000110478,-3486670.860188814,569468.3272599957,311.27455560161576,274,29:15
72.2%,3610000,14440.000001106817,-3488280.18566666,571649.9953166939,312.4670674979076,274,29:12
72.2%,3612500,14450.000001108854,-3487093.7311164886,571147.5312269899,312.192417831295,274,29:09
72.3%,3615000,14460.000001110891,-3487546.070604779,568203.412677431,310.58314625413493,274,29:05
72.3%,3617500,14470.000001112929,-3486794.259938659,569040.8379706438,311.0408875779563,274,29:02
72.4%,3620000,14480.000001114966,-3490365.9071737155,568213.6971151304,310.58876778499314,274,28:59
72.5%,3622500,14490.000001117003,-3486405.5902739894,570978.2687369973,312.09989801266704,274,28:56
72.5%,3625000,14500.00000111904,-3490377.4053733647,568855.8671772232,310.93978151329014,274,28:53
72.5%,3627500,14510.000001121078,-3486298.920463832,570812.2296534015,312.0091401259072,274,28:50
72.6%,3630000,14520.000001123115,-3486424.681388583,568907.101746208,310.9677866137124,274,28:46
72.7%,3632500,14530.000001125152,-3487767.1223459933,569186.5207172992,311.12051857770336,274,28:43
72.7%,3635000,14540.00000112719,-3484195.289272476,570241.1922952835,311.69700792931013,274,28:40
72.8%,3637500,14550.000001129227,-3487106.327481821,571120.6406908277,312.1777193146382,274,28:37
72.8%,3640000,14560.000001131264,-3486163.967428742,567175.7164774224,310.0214017941922,274,28:34
72.8%,3642500,14570.000001133301,-3489992.3037588987,567890.3900471462,310.4120463430934,274,28:31
72.9%,3645000,14580.000001135339,-3485887.881059395,571751.117494165,312.52234144265043,274,28:28
73.0%,3647500,14590.000001137376,-3485574.444221435,569533.5431763774,311.3102029843026,274,28:24
73.0%,3650000,14600.000001139413,-3488255.644825287,570674.0586911481,311.9336151093019,274,28:21
73.0%,3652500,14610.00000114145,-3488062.2804972064,569298.0807354597,311.18149790423223,274,28:18
73.1%,3655000,14620.000001143488,-3489221.197406728,568878.5962977309,310.95220537700055,274,28:15
73.2%,3657500,14630.000001145525,-3489316.5258030444,569016.1739062025,311.0274060631279,274,28:12
73.2%,3660000,14640.000001147562,-3490116.1549699027,568826.8427936083,310.9239166237452,274,28:09
73.2%,3662500,14650.0000011496,-3489780.723778406,570739.9408278358,311.9696266517142,274,28:06
73.3%,3665000,14660.000001151637,-3490548.592584282,570182.474681678,311.6649125550705,274,28:02
73.3%,3667500,14670.000001153674,-3484826.5681268275,568986.9634852542,311.0114394845416,274,27:59
73.4%,3670000,14680.000001155711,-3485311.6429554634,569209.69312236,311.1331847432164,274,27:56
73.5%,3672500,14690.000001157749,-3486621.7166527174,568240.2149684182,310.60326259111764,274,27:53
73.5%,3675000,14700.000001159786,-3486325.2749473676,568920.0655496531,310.97487270079245,274,27:50
73.5%,3677500,14710.000001161823,-3487776.2736368123,568013.6497767486,310.47942079698123,274,27:47
73.6%,3680000,14720.00000116386,-3488478.9635107312,567873.7887292027,310.40297197035324,274,27:43
73.7%,3682500,14730.000001165898,-3488465.249797661,571298.0436213743,312.2746887433578,274,27:40
73.7%,3685000,14740.000001167935,-3488271.2497384623,569857.7623580046,311.4874229925936,274,27:37
73.8%,3687500,14750.000001169972,-3485600.0051100682,569382.0775924975,311.227411053559,274,27:34
73.8%,3690000,14760.00000117201,-3484428.250979267,569072.3863064654,311.05813207381806,274,27:31
73.8%,3692500,14770.000001174047,-3486272.4276531823,567562.286760896,310.23270326160826,274,27:28
73.9%,3695000,14780.000001176084,-3488329.355940098,568370.8150208234,310.6746493062833,274,27:25
74.0%,3697500,14790.000001178121,-3488489.37833192,569134.8162541654,311.0922566305253,274,27:21
74.0%,3700000,14800.000001180159,-3488911.419752272,570217.8216766947,311.68423341918,274,27:18
74.0%,3702500,14810.000001182196,-3488288.008949278,570340.9750749673,311.75154975177145,274,27:15
74.1%,3705000,14820.000001184233,-3487719.334687993,569893.8245773283,311.50713480228814,274,27:12
74.2%,3707500,14830.00000118627,-3487864.9193265866,569680.8164800068,311.39070339133974,274,27:09
74.2%,3710000,14840.000001188308,-3489966.9759417158,568234.4937324614,310.60013533171673,274,27:06
74.2%,3712500,14850.000001190345,-3486860.0385594387,570504.8108701606,311.84110330883374,274,27:02
74.3%,3715000,14860.000001192382,-3491573.4773615226,570758.1607770122,311.9795857772906,274,26:59
74.3%,3717500,14870.00000119442,-3489087.8161671553,568354.5335757694,310.665749777844,274,26:56
74.4%,3720000,14880.000001196457,-3490568.948067894,569568.2113242075,311.3291527867635,274,26:53
74.5%,3722500,14890.000001198494,-3487289.4797991924,570190.4789388867,311.669287726588,274,26:50
74.5%,3725000,14900.000001200531,-3491511.2074776497,569548.6111610563,311.3184392285504,274,26:47
74.5%,3727500,14910.000001202568,-3489444.577878313,569199.6203839479,311.1276789283662,274,26:44
74.6%,3730000,14920.000001204606,-3490129.823332766,568200.017414113,310.58129038431764,274,26:40
74.7%,3732500,14930.000001206643,-3490503.9783429224,570101.2695689029,311.620525388688,274,26:37
74.7%,3735000,14940.00000120868,-3487088.051706847,570368.603171002,311.76665142275766,274,26:34
74.8%,3737500,14950.000001210718,-3487827.756833989,569076.518776335,311.06039090483756,274,26:31
74.8%,3740000,14960.000001212755,-3487074.1431890074,568372.2780095823,310.67544898407743,274,26:28
74.8%,3742500,14970.000001214792,-3487597.4318770766,567899.7877633837,310.4171831870678,274,26:25
74.9%,3745000,14980.00000121683,-3490244.0704970807,569840.8116222834,311.47815762615244,274,26:22
75.0%,3747500,14990.000001218867,-3488262.6118356995,567230.6538549367,310.05143087035515,274,26:18
75.0%,3750000,15000.000001220904,-3486620.8543500844,569912.0131628246,311.5170767843025,274,26:15
75.0%,3752500,15010.000001222941,-3484873.900579393,568735.7477243589,310.87412355213655,274,26:12
75.1%,3755000,15020.000001224978,-3488223.0397599544,570812.0232124114,312.00902728411364,274,26:09
75.2%,3757500,15030.000001227016,-3489166.0828020032,570299.2680653057,311.7287524682766,274,26:06
75.2%,3760000,15040.000001229053,-3488200.7840294,570694.2753405959,311.94466564235415,274,26:03
75.2%,3762500,15050.00000123109,-3485236.5855045337,569867.3862146942,311.4926834461972,274,26:00
75.3%,3765000,15060.000001233127,-3488264.812930148,570091.4473938725,311.61515653317616,274,25:56
75.3%,3767500,15070.000001235165,-3484716.6936986,569181.7126102424,311.11789043963887,274,25:53
75.4%,3770000,15080.000001237202,-3487940.9006831907,568784.1295289714,310.90056931568313,274,25:50
75.5%,3772500,15090.00000123924,-3489864.9903380536,568949.1194973552,310.9907537502319,274,25:47
75.5%,3775000,15100.000001241277,-3488413.757931374,569367.1233240478,311.21923696723456,274,25:44
75.5%,3777500,15110.000001243314,-3486526.9828204773,569515.3699459208,311.30026939543825,274,25:41
75.6%,3780000,15120.000001245351,-3487927.373027103,569167.4577523866,311.11009865503587,274,25:37
75.7%,3782500,15130.000001247388,-3488170.2050200906,571273.4233285534,312.2612311543406,274,25:34
75.7%,3785000,15140.000001249426,-3492383.5972903688,569326.962717196,311.19728495611815,274,25:31
75.8%,3787500,15150.000001251463,-3490606.73939606,571011.1442482625,312.11786795000927,274,25:28
75.8%,3790000,15160.0000012535,-3491359.2791658062,568403.3287939401,310.6924215155413,274,25:25
75.8%,3792500,15170.000001255537,-3491983.06892352,567724.8337957674,310.32155237510926,274,25:22
75.9%,3795000,15180.000001257575,-3489985.2838937696,567656.1906220724,310.2840316345094,274,25:19
76.0%,3797500,15190.000001259612,-3491196.8672322165,570768.8670079266,311.9854378626665,274,25:15
76.0%,3800000,15200.00000126165,-3490304.3161245864,569368.9045441402,311.220210592046,274,25:12
76.0%,3802500,15210.000001263686,-3487093.560767563,569621.6170883625,311.35834467454396,274,25:09
76.1%,3805000,15220.000001265724,-3484532.1843619216,567031.0621402623,309.9423329287963,274,25:06
76.2%,3807500,15230.000001267761,-3489637.8921796624,568384.2311952297,310.6819826618472,274,25:03
76.2%,3810000,15240.000001269798,-3489506.791876713,566483.0315989617,309.6427763862573,274,25:00
76.2%,3812500,15250.000001271836,-3485860.264485797,568813.1013047982,310.91640544951844,274,24:56
76.3%,3815000,15260.000001273873,-3484892.9062097613,570662.578993793,311.9273402428667,274,24:53
76.3%,3817500,15270.00000127591,-3489413.3342054933,567931.3989398465,310.4344620319736,274,24:50
76.4%,3820000,15280.000001277947,-3489134.9081442934,569860.1853764666,311.4887474279641,274,24:47
76.5%,3822500,15290.000001279985,-3487385.5750308894,569820.7540882565,311.46719406647435,274,24:44
76.5%,3825000,15300.000001282022,-3488845.401826972,569029.5699591639,311.03472842019806,274,24:41
76.5%,3827500,15310.00000128406,-3490149.916688081,567164.7836903005,310.01542587193285,274,24:38
76.6%,3830000,15320.000001286096,-3486351.3512420803,568761.6007900367,310.8882549816553,274,24:34
76.7%,3832500,15330.000001288134,-3490244.3389007673,568192.037253021,310.5769283838715,274,24:31
76.7%,3835000,15340.000001290171,-3490817.92983591,568997.335515511,311.01710889397896,274,24:28
76.8%,3837500,15350.000001292208,-3488924.6992096286,568423.5522713177,310.7034757807779,274,24:25
76.8%,3840000,15360.000001294246,-3485809.4509087857,567992.7150434667,310.4679777553105,274,24:22
76.8%,3842500,15370.000001296283,-3486910.859080365,569648.9303909204,311.37327427766456,274,24:19
76.9%,3845000,15380.00000129832,-3490213.1906630155,567789.1904826176,310.35673009815434,274,24:15
77.0%,3847500,15390.000001300357,-3489051.9189463966,568176.477973124,310.5684235949244,274,24:12
77.0%,3850000,15400.000001302395,-3488200.605231952,568295.1916589775,310.6333131560097,274,24:09
77.0%,3852500,15410.000001304432,-3487647.3842830826,570150.8645528023,311.6476342827816,274,24:06
77.1%,3855000,15420.00000130647,-3485023.5315517858,568900.3489131648,310.9640954776053,274,24:03
77.2%,3857500,15430.000001308506,-3486416.4436409157,567818.1884906942,310.37258057068334,274,24:00
77.2%,3860000,15440.000001310544,-3487082.529390216,569718.9244613743,311.4115334259478,274,23:57
77.2%,3862500,15450.000001312581,-3490930.5946938694,567802.531227148,310.36402222332856,274,23:53
77.3%,3865000,15460.000001314618,-3484975.8033166956,570989.550162263,312.1060645024752,274,23:50
77.3%,3867500,15470.000001316655,-3490006.101582894,565433.0373006747,309.0688436617525,274,23:47
77.4%,3870000,15480.000001318693,-3489996.683546981,570408.7571672846,311.7885998205002,274,23:44
77.5%,3872500,15490.00000132073,-3489039.263812756,567515.5249931727,310.20714301923755,274,23:41
77.5%,3875000,15500.000001322767,-3488807.4909284357,569063.3166179834,311.0531745316397,274,23:38
77.5%,3877500,15510.000001324805,-3488426.267183218,569569.3949414981,311.3297997585589,274,23:34
77.6%,3880000,15520.000001326842,-3487663.8471608143,569393.068811284,311.2334189148913,274,23:31
77.7%,3882500,15530.000001328879,-3487411.191397963,570308.0630149967,311.73355983670353,274,23:28
77.7%,3885000,15540.000001330916,-3487788.3389935475,570422.953141591,311.79635941902757,274,23:25
77.8%,3887500,15550.000001332954,-3488750.0141322445,570872.7862365551,312.0422406911319,274,23:22
77.8%,3890000,15560.00000133499,-3489053.747833822,568444.3496871495,310.71484376396654,274,23:19
77.8%,3892500,15570.000001337028,-3488663.5968365017,568171.2944069933,310.5655902288415,274,23:16
77.9%,3895000,15580.000001339065,-3487813.841566382,569745.898716349,311.42627770377334,274,23:12
78.0%,3897500,15590.000001341103,-3491484.9419685937,568323.1957398753,310.64862034241366,274,23:09
78.0%,3900000,15600.00000134314,-3492875.8742462564,568665.9123883339,310.83595116897516,274,23:06
78.0%,3902500,15610.000001345177,-3485594.708071891,569293.1193942007,311.1787860075004,274,23:03
78.1%,3905000,15620.000001347214,-3490318.7063016873,569227.0804987716,311.14268877988803,274,23:00
78.2%,3907500,15630.000001349252,-3487114.53506778,570410.7462926233,311.7896870874758,274,22:57
78.2%,3910000,15640.000001351289,-3487655.020544773,569919.7317018381,311.5212957806651,274,22:53
78.2%,3912500,15650.000001353326,-3487697.092260843,568361.1648547249,310.66937447181056,274,22:50
78.3%,3915000,15660.000001355364,-3488341.3790875245,567429.2027161776,310.1599587824259,274,22:47
78.3%,3917500,15670.0000013574,-3491633.4971991424,567255.3071562242,310.06490650198384,274,22:44
78.4%,3920000,15680.000001359438,-3484352.004955264,569453.6243733182,311.26651892196645,274,22:41
78.5%,3922500,15690.000001361475,-3490827.386129778,569452.3398071192,311.2658167709361,274,22:38
78.5%,3925000,15700.000001363513,-3485018.197862424,568520.8303840454,310.75664853834775,274,22:35
78.5%,3927500,15710.00000136555,-3489139.328129431,568919.1856785109,310.9743917583314,274,22:31
78.6%,3930000,15720.000001367587,-3489244.8406064436,568973.1443820617,311.00388588586156,274,22:28
78.7%,3932500,15730.000001369624,-3487149.2581861094,570168.9765464747,311.65753439927903,274,22:25
78.7%,3935000,15740.000001371662,-3485676.3902408704,569054.8247262612,311.04853281638435,274,22:22
78.8%,3937500,15750.000001373699,-3486504.9872049987,569836.4661777271,311.47578238198446,274,22:19
78.8%,3940000,15760.000001375736,-3485601.654274894,568939.0717489165,310.98526159504024,274,22:16
78.8%,3942500,15770.000001377774,-3486466.1535852198,570468.3795396371,311.8211897409041,274,22:12
78.9%,3945000,15780.00000137981,-3486386.3124022093,570782.6361087232,311.9929641297587,274,22:09
79.0%,3947500,15790.000001381848,-3489691.8926517162,569197.5347731124,311.1265389218815,274,22:06
79.0%,3950000,15800.000001383885,-3486332.052419452,568956.3964391777,310.99473136711333,274,22:03
79.0%,3952500,15810.000001385923,-3488196.9127754346,568554.5496102116,310.77507965494846,274,22:00
79.1%,3955000,15820.00000138796,-3490046.566072477,569291.6871497106,311.17800313469456,274,21:57
79.2%,3957500,15830.000001389997,-3487334.291831458,569066.2606070242,311.0547837324266,274,21:54
79.2%,3960000,15840.000001392034,-3488971.24301167,568430.9654697388,310.7075278762741,274,21:50
79.2%,3962500,15850.000001394072,-3488481.919634683,569679.1341208074,311.3897838044425,274,21:47
79.3%,3965000,15860.000001396109,-3488649.314234771,569251.4578170939,311.15601355769275,274,21:44
79.3%,3967500,15870.000001398146,-3487913.02326425,570833.13263185,312.02056581020923,274,21:41
79.4%,3970000,15880.000001400183,-3488723.099383641,568280.0980017018,310.6250628789776,274,21:38
79.5%,3972500,15890.00000140222,-3490566.719040703,568783.3877716861,310.90016386702456,274,21:35
79.5%,3975000,15900.000001404258,-3489458.544254007,568825.8997131763,310.92340113073476,274,21:31
79.5%,3977500,15910.000001406295,-3488499.694075195,569308.4788467136,311.18718156968765,274,21:28
79.6%,3980000,15920.000001408333,-3490769.333598269,568704.422539236,310.8570010316881,274,21:25
79.7%,3982500,15930.00000141037,-3485904.8714594506,569809.9353403521,311.4612804786857,274,21:22
79.7%,3985000,15940.000001412407,-3489139.302524036,570376.3397009808,311.770880253082,274,21:19
79.8%,3987500,15950.000001414444,-3488063.957461985,572189.412984266,312.7619161957536,274,21:16
79.8%,3990000,15960.000001416482,-3486530.890844021,568679.1076113413,310.8431637512753,274,21:13
79.8%,3992500,15970.000001418519,-3488976.788582815,568976.2629658564,311.00559052111225,274,21:09
79.9%,3995000,15980.000001420556,-3486534.3106261976,569088.4877831398,311.06693323054,274,21:06
80.0%,3997500,15990.000001422593,-3490469.031104544,568397.28320094,310.68911696077606,274,21:03
80.0%,4000000,16000.00000142463,-3487674.0679318774,567758.2953073797,310.33984262350117,274,21:00
80.0%,4002500,16010.000001426668,-3486841.0323208496,568974.0255684152,311.0043675472244,274,20:57
80.1%,4005000,16020.000001428705,-3485496.423438657,570111.8288008175,311.62629712359296,274,20:54
80.2%,4007500,16030.000001430742,-3489148.0813942403,567610.5944018788,310.2591084869022,274,20:50
80.2%,4010000,16040.00000143278,-3491277.825641848,568137.8241708861,310.54729521159214,274,20:47
80.2%,4012500,16050.000001434817,-3489380.9644228686,567914.7750014781,310.42537529478335,274,20:44
80.3%,4015000,16060.000001436854,-3488138.7074320503,569310.161459473,311.18810129518226,274,20:41
80.3%,4017500,16070.000001438892,-3490182.3591074347,568651.8409981924,310.8282596688454,274,20:38
80.4%,4020000,16080.000001440929,-3490838.4498169105,568994.2634593373,311.0154296909847,274,20:35
80.5%,4022500,16090.000001442966,-3487849.2862585615,568303.774904862,310.6380048059583,274,20:32
80.5%,4025000,16100.000001445003,-3485345.1295055393,568600.4025056863,310.80014310269206,274,20:28
80.5%,4027500,16110.00000144704,-3485008.139193995,570584.5483950947,311.8846882835382,274,20:25
80.6%,4030000,16120.000001449078,-3489973.5648262836,568413.5257866374,310.6979952484749,274,20:22
80.7%,4032500,16130.000001451115,-3491763.2343154997,569472.6455549747,311.2769160056736,274,20:19
80.7%,4035000,16140.000001453152,-3486323.774516564,566802.1504533881,309.8172085273276,274,20:16
80.8%,4037500,16150.00000145519,-3486590.05653709,569108.8134699191,311.07804336400426,274,20:13
80.8%,4040000,16160.000001457227,-3486550.265578488,569538.0375902755,311.31265965594145,274,20:09
80.8%,4042500,16170.000001459264,-3486338.753129557,567915.8455292961,310.425960451244,274,20:06
80.9%,4045000,16180.000001461302,-3486823.661100276,570944.1362836428,312.0812410237865,274,20:03
81.0%,4047500,16190.000001463339,-3487586.254906878,569188.8701323683,311.1218027810498,274,20:00
81.0%,4050000,16200.000001465376,-3490068.7966991346,569258.2598659113,311.15973159541574,274,19:57
81.0%,4052500,16210.000001467413,-3490646.196446281,570283.8621785959,311.72033152489894,274,19:54
81.1%,4055000,16220.00000146945,-3492621.700830329,569660.8934387821,311.3798133461755,274,19:50
81.2%,4057500,16230.000001471488,-3485375.8477566205,570683.4693967032,311.9387590533096,274,19:47
81.2%,4060000,16240.000001473525,-3485273.141930055,569215.8339166184,311.1365413355189,274,19:44
81.2%,4062500,16250.000001475562,-3489569.104132058,568182.9797288798,310.57197749078944,274,19:41
81.3%,4065000,16260.0000014776,-3490205.341380298,570063.3173073216,311.59978047138134,274,19:38
81.3%,4067500,16270.000001479637,-3485003.729702497,567799.3729258539,310.36229587827177,274,19:35
81.4%,4070000,16280.000001481674,-3490928.4306427017,568078.3510319204,310.51478686298765,274,19:32
81.5%,4072500,16290.000001483711,-3488678.786191914,570853.2795416458,312.0315782231798,274,19:28
81.5%,4075000,16300.000001485749,-3487328.9208865967,567881.9269555227,310.40742037013223,274,19:25
81.5%,4077500,16310.000001487786,-3488732.9180451296,567151.1623914825,310.0079803942244,274,19:22
81.6%,4080000,16320.000001489823,-3487393.8561237436,568462.2959621511,310.72465329771654,274,19:19
81.7%,4082500,16330.00000149186,-3488153.7797178887,571545.6892611715,312.41005322771014,274,19:16
81.7%,4085000,16340.000001493898,-3486949.1196694802,567565.8379730268,310.2346443739142,274,19:13
81.8%,4087500,16350.000001495935,-3488176.3254573755,568423.6338927911,310.7035203955293,274,19:09
81.8%,4090000,16360.000001497972,-3490398.032565329,569594.3490676624,311.3434398227388,274,19:06
81.8%,4092500,16370.00000150001,-3485388.6556454636,568822.591527265,310.92159285791246,274,19:03
81.9%,4095000,16380.000001502047,-3488834.3206681907,568439.7830558713,310.7123476179059,274,19:00
82.0%,4097500,16390.000001504082,-3490064.542427916,569835.762504149,311.4753977500922,274,18:57
82.0%,4100000,16400.00000150612,-3488480.5844574906,568702.7630200394,310.85609392926347,274,18:54
82.0%,4102500,16410.000001508157,-3488565.149436146,568887.1663342814,310.9568898066537,274,18:51
82.1%,4105000,16420.000001510194,-3488833.717500532,568786.9702718107,310.90212208152195,274,18:47
82.2%,4107500,16430.00000151223,-3488147.184888838,568368.3413219523,310.67329716871933,274,18:44
82.2%,4110000,16440.00000151427,-3486340.142284494,568158.5952949298,310.5586488235431,274,18:41
82.2%,4112500,16450.000001516306,-3487744.8241088726,571451.3926970044,312.35851020116974,274,18:38
82.3%,4115000,16460.000001518343,-3489785.2219080944,568406.391690013,310.6940957115734,274,18:35
82.3%,4117500,16470.00000152038,-3488553.5801530983,570612.1013740585,311.8997488951156,274,18:32
82.4%,4120000,16480.000001522418,-3486417.5613878705,569057.8022369752,311.0501603403044,274,18:29
82.5%,4122500,16490.000001524455,-3489036.0308689177,568958.8980776477,310.9960987766175,274,18:25
82.5%,4125000,16500.000001526492,-3490067.0363926645,571158.7306596074,312.1985395034656,274,18:22
82.5%,4127500,16510.00000152853,-3491248.4267335106,570450.5244865926,311.8114300695833,274,18:19
82.6%,4130000,16520.000001530567,-3487431.3697584383,569825.6582456355,311.4698747061792,274,18:16
82.7%,4132500,16530.000001532604,-3492043.5366934687,569717.6906825767,311.41085903559366,274,18:13
82.7%,4135000,16540.00000153464,-3490013.9885791596,568846.778383977,310.93481352834135,274,18:10
82.8%,4137500,16550.00000153668,-3486110.7522370163,571541.6065003674,312.40782156794245,274,18:06
82.8%,4140000,16560.000001538716,-3490134.7032329757,570067.411292129,311.6020182662516,274,18:03
82.8%,4142500,16570.000001540753,-3488696.219511235,568497.4421137809,310.74386437971344,274,18:00
82.9%,4145000,16580.00000154279,-3490190.89442065,568969.3730378354,311.0018244481277,274,17:57
83.0%,4147500,16590.000001544828,-3487587.293317057,568818.8698930815,310.91955859196446,274,17:54
83.0%,4150000,16600.000001546865,-3488461.900370907,568833.9528693785,310.92780303071413,274,17:51
83.0%,4152500,16610.000001548902,-3487816.0942886006,571368.3103915524,312.31309695082734,274,17:48
83.1%,4155000,16620.00000155094,-3488951.0782504566,570179.6562993837,311.6633720116299,274,17:44
83.2%,4157500,16630.000001552977,-3490203.427600313,568661.4675147946,310.83352157637194,274,17:41
83.2%,4160000,16640.000001555014,-3490979.1848990694,569199.8001872493,311.12777720985105,274,17:38
83.2%,4162500,16650.00000155705,-3489487.504513042,568667.674605723,310.8369144068031,274,17:35
83.3%,4165000,16660.00000155909,-3490593.4188487213,569263.7480604914,311.16273147310375,274,17:32
83.3%,4167500,16670.000001561126,-3487410.8399484325,570516.0376880125,311.8472399499257,274,17:29
83.4%,4170000,16680.000001563163,-3489900.602814801,569109.2722307779,311.07829412524165,274,17:26
83.5%,4172500,16690.0000015652,-3487550.555614641,568963.873656306,310.99881845559094,274,17:22
83.5%,4175000,16700.000001567238,-3488933.640000012,568922.1871975893,310.976032405357,274,17:19
83.5%,4177500,16710.000001569275,-3490392.1757852193,567950.5114159617,310.4449090177398,274,17:16
83.6%,4180000,16720.000001571312,-3484807.893960383,568461.2756843859,310.7240956082143,274,17:13
83.7%,4182500,16730.00000157335,-3483836.90297406,567506.5097865361,310.2022152571389,274,17:10
83.7%,4185000,16740.000001575387,-3486271.9034808036,569735.9768002682,311.42085432924847,274,17:07
83.8%,4187500,16750.000001577424,-3488290.413520612,568752.8980475117,310.8834980141782,274,17:03
83.8%,4190000,16760.00000157946,-3488564.023665568,569928.9974510795,311.52636049074533,274,17:00
83.8%,4192500,16770.0000015815,-3487494.7304919492,567015.5993613761,309.93388088783854,274,16:57
83.9%,4195000,16780.000001583536,-3489071.063876342,567989.934718356,310.46645801413825,274,16:54
84.0%,4197500,16790.000001585573,-3488461.4363616444,569267.6572388175,311.16486825172336,274,16:51
84.0%,4200000,16800.00000158761,-3488468.744677484,569538.9758927906,311.3131725373159,274,16:48
84.0%,4202500,16810.000001589648,-3488218.7753203996,569730.545006821,311.4178852807335,274,16:45
84.1%,4205000,16820.000001591685,-3488805.3807359654,568839.9871777599,310.93110141724395,274,16:41
84.2%,4207500,16830.000001593722,-3487933.8093617186,568764.1823807551,310.88966609350314,274,16:38
84.2%,4210000,16840.00000159576,-3489868.4758280534,569760.4451234979,311.43422885084175,274,16:35
84.2%,4212500,16850.000001597797,-3487096.5141675733,567978.5861934258,310.46025484728017,274,16:32
84.3%,4215000,16860.000001599834,-3486462.8854160663,567574.6269141518,310.23944845802555,274,16:29
84.3%,4217500,16870.00000160187,-3488219.804971898,568302.3630947527,310.6372331026987,274,16:26
84.4%,4220000,16880.00000160391,-3487389.09711965,569625.3017986192,311.36035875766817,274,16:22
84.5%,4222500,16890.000001605946,-3489850.0951377414,569054.165570381,311.0481725181134,274,16:19
84.5%,4225000,16900.000001607983,-3488958.8476025574,568429.6206109049,310.70679276895413,274,16:16
84.5%,4227500,16910.00000161002,-3487056.9832100794,569183.5578085198,311.1188990352821,274,16:13
84.6%,4230000,16920.000001612058,-3486697.9363109022,568052.9978180638,310.50092865525517,274,16:10
84.7%,4232500,16930.000001614095,-3489950.4812158216,568100.8644045413,310.52709279770295,274,16:07
84.7%,4235000,16940.000001616132,-3485380.3208946697,568792.8588350456,310.9053408029439,274,16:04
84.8%,4237500,16950.00000161817,-3484958.802540887,569392.9932809868,311.23337762961063,274,16:00
84.8%,4240000,16960.000001620207,-3485446.032378882,568738.5401613055,310.87564991370573,274,15:57
84.8%,4242500,16970.000001622244,-3488398.31344172,570004.9343759449,311.5678680363097,274,15:54
84.9%,4245000,16980.00000162428,-3484816.3476623,569023.3769190969,311.03134327004597,274,15:51
85.0%,4247500,16990.00000162632,-3483611.8650873546,567950.3540845928,310.4448230195384,274,15:48
85.0%,4250000,17000.000001628356,-3486589.2214764897,567932.4988717787,310.4350632608866,274,15:45
85.0%,4252500,17010.000001630393,-3486339.858347334,567725.5378701077,310.3219372260604,274,15:42
85.1%,4255000,17020.00000163243,-3490303.18174354,569172.3344545411,311.11276428756236,274,15:38
85.2%,4257500,17030.000001634467,-3488600.560442062,569654.0843806346,311.3760914771137,274,15:35
85.2%,4260000,17040.000001636505,-3488594.728478186,568619.0888129855,310.8103571422127,274,15:32
85.2%,4262500,17050.000001638542,-3491483.1294938214,569122.4524871989,311.08549852672246,274,15:29
85.3%,4265000,17060.00000164058,-3489600.953337718,569382.030777472,311.2273854642056,274,15:26
85.3%,4267500,17070.000001642617,-3493798.3504434023,567099.2061003388,309.97958079645525,274,15:23
85.4%,4270000,17080.000001644654,-3489647.4041618723,570083.000763743,311.6105395581592,274,15:19
85.5%,4272500,17090.00000164669,-3487384.42327179,567325.3143634064,310.1031728308759,274,15:16
85.5%,4275000,17100.00000164873,-3487982.232249856,568026.6756775822,310.4865408268392,274,15:13
85.5%,4277500,17110.000001650766,-3486841.368240429,568849.4775562244,310.93628891090714,274,15:10
85.6%,4280000,17120.000001652803,-3487814.844878182,569461.4348376035,311.27078816519395,274,15:07
85.7%,4282500,17130.00000165484,-3488497.4062703177,570068.7160881802,311.60273147503176,274,15:04
85.7%,4285000,17140.000001656877,-3488527.214568371,571044.803238956,312.1362661415655,274,15:01
85.8%,4287500,17150.000001658915,-3489699.9356470127,567905.7547399167,310.4204447696346,274,14:57
85.8%,4290000,17160.000001660952,-3486077.114724137,570144.1105828437,311.6439425252303,274,14:54
85.8%,4292500,17170.00000166299,-3493133.033667762,568862.069929556,310.94317197222085,274,14:51
85.9%,4295000,17180.000001665027,-3488809.9549283627,569338.8135249047,311.2037626735371,274,14:48
86.0%,4297500,17190.000001667064,-3490315.863171663,569674.1688223246,311.3870697446701,274,14:45
86.0%,4300000,17200.0000016691,-3487607.9628614504,569744.0104911862,311.4252455893952,274,14:42
86.0%,4302500,17210.00000167114,-3488689.89801345,569579.4364055404,311.3352884786646,274,14:39
86.1%,4305000,17220.000001673176,-3490899.359677842,568911.5782780501,310.97023351091997,274,14:35
86.2%,4307500,17230.000001675213,-3485923.2319304813,570053.7270099021,311.5945383614615,274,14:32
86.2%,4310000,17240.00000167725,-3487667.7424169723,569911.2860766738,311.5166793549677,274,14:29
86.2%,4312500,17250.000001679287,-3490100.4696954004,571389.4470931262,312.32465038948993,274,14:26
86.3%,4315000,17260.000001681325,-3490491.2613743283,569288.1620591584,311.1760763005889,274,14:23
86.3%,4317500,17270.000001683362,-3488013.082296079,567112.5556407989,309.9868777295335,274,14:20
86.4%,4320000,17280.0000016854,-3487210.771890685,570994.7750244618,312.1089204412187,274,14:16
86.5%,4322500,17290.000001687436,-3487341.0757938344,570616.5615887775,311.9021868732929,274,14:13
86.5%,4325000,17300.000001689474,-3485208.533042431,568886.5122807494,310.95653229735467,274,14:10
86.5%,4327500,17310.00000169151,-3487292.2569261454,568220.8897826669,310.59269933708106,274,14:07
86.6%,4330000,17320.00000169355,-3489714.5038779415,569490.2451473144,311.28653604075214,274,14:04
86.7%,4332500,17330.000001695586,-3487410.0822260454,569979.9355700943,311.55420354996477,274,14:01
86.7%,4335000,17340.000001697623,-3485148.3210667334,568430.9617361845,310.7075258354926,274,13:58
86.8%,4337500,17350.00000169966,-3488386.2316502593,568313.5436327237,310.64334444695044,274,13:54
86.8%,4340000,17360.000001701697,-3490331.796630714,568416.6653074059,310.69971132799196,274,13:51
86.8%,4342500,17370.000001703735,-3489507.265856607,569148.4682359019,311.0997188796877,274,13:48
86.9%,4345000,17380.000001705772,-3485107.8825001474,566209.940009048,309.4935030040168,274,13:45
87.0%,4347500,17390.00000170781,-3486806.7429825403,567056.1139333706,309.956026378271,274,13:42
87.0%,4350000,17400.000001709846,-3484446.155034462,570777.9313924112,311.9903925056505,274,13:39
87.0%,4352500,17410.000001711884,-3485091.0174095035,569373.5534752475,311.22275172365096,274,13:36
87.1%,4355000,17420.00000171392,-3486491.6516756583,570135.4693817425,311.63921919663784,274,13:32
87.2%,4357500,17430.00000171596,-3489704.378389269,567499.3926811665,310.19832500775186,274,13:29
87.2%,4360000,17440.000001717995,-3489919.7412855662,568686.2354540298,310.8470598697406,274,13:26
87.2%,4362500,17450.000001720033,-3487232.4050058275,567735.6798368938,310.32748088152493,274,13:23
87.3%,4365000,17460.00000172207,-3487106.480627781,569643.6407499153,311.37038293046515,274,13:20
87.3%,4367500,17470.000001724107,-3489952.0319895204,569353.4104433283,311.2117414303494,274,13:17
87.4%,4370000,17480.000001726145,-3491084.0273675937,569951.9065744877,311.53888274504243,274,13:13
87.5%,4372500,17490.00000172818,-3488019.4083044063,568069.3086177111,310.5098442290784,274,13:10
87.5%,4375000,17500.00000173022,-3490209.0528682843,568399.3533715992,310.6902485275747,274,13:07
87.5%,4377500,17510.000001732256,-3487204.5383303575,568174.9600594428,310.56759389486217,274,13:04
87.6%,4380000,17520.000001734294,-3489286.699941192,569285.3409821237,311.1745342841882,274,13:01
87.7%,4382500,17530.00000173633,-3487138.020670114,567583.5531081585,310.2443275653255,274,12:58
87.7%,4385000,17540.000001738368,-3485615.263951484,569720.1377946546,311.4121966406685,274,12:55
87.8%,4387500,17550.000001740405,-3486283.9687433615,567888.5113727945,310.4110194492418,274,12:51
87.8%,4390000,17560.000001742443,-3490981.2504079696,567558.3033819075,310.23052592449386,274,12:48
87.8%,4392500,17570.00000174448,-3490553.441009797,569105.0885487194,311.07600730135493,274,12:45
87.9%,4395000,17580.000001746517,-3487661.794907877,568584.4682716161,310.791433361708,274,12:42
88.0%,4397500,17590.000001748554,-3483869.180151975,568201.9101483284,310.58232496336893,274,12:39
88.0%,4400000,17600.00000175059,-3488745.3693280313,569289.4352057318,311.1767722095883,274,12:36
88.0%,4402500,17610.00000175263,-3486833.6824064013,568829.5653656616,310.92540479677507,274,12:32
88.1%,4405000,17620.000001754666,-3487947.497900557,569818.9227493567,311.46619304644406,274,12:29
88.2%,4407500,17630.000001756704,-3488079.7918101847,568850.9745782227,310.93710719145923,274,12:26
88.2%,4410000,17640.00000175874,-3489461.009422453,571275.1958486391,312.26220002367984,274,12:23
88.2%,4412500,17650.000001760778,-3488715.4488239065,568703.6576834873,310.856582957281,274,12:20
88.3%,4415000,17660.000001762815,-3486811.7430686764,570528.0875742878,311.8538264847967,274,12:17
88.3%,4417500,17670.000001764853,-3483586.805972796,568898.1241506415,310.96287941003385,274,12:14
88.4%,4420000,17680.00000176689,-3486317.2031811494,570041.2130845811,311.5876981802667,274,12:10
88.5%,4422500,17690.000001768927,-3487930.4936289005,568255.206559302,310.6114570780922,274,12:07
88.5%,4425000,17700.000001770964,-3486860.6943010986,569178.8302371786,311.1163149184877,274,12:04
88.5%,4427500,17710.000001773,-3488668.1800886504,570697.8621334285,311.9466262032696,274,12:01
88.6%,4430000,17720.00000177504,-3488112.2578100823,571780.6832432509,312.5385022455735,274,11:58
88.7%,4432500,17730.000001777076,-3485843.6637115255,568667.136343848,310.8366201898679,274,11:55
88.7%,4435000,17740.000001779114,-3490767.8795703463,569912.8815154347,311.51755143066976,274,11:52
88.8%,4437500,17750.00000178115,-3486592.979102511,568158.6866558425,310.55869876192617,274,11:48
88.8%,4440000,17760.000001783188,-3487427.0089921597,568175.2507204629,310.56775277179264,274,11:45
88.8%,4442500,17770.000001785225,-3491189.975864986,568842.4249162177,310.932433898646,274,11:42
88.9%,4445000,17780.000001787263,-3490587.3930978775,571062.4906719537,312.1459341908362,274,11:39
89.0%,4447500,17790.0000017893,-3488756.885803025,570557.7495737858,311.8700398987304,274,11:36
89.0%,4450000,17800.000001791337,-3490488.259387668,570468.6786115608,311.8213532152813,274,11:33
89.0%,4452500,17810.000001793374,-3487531.5116557255,569525.1772638971,311.30563013000176,274,11:29
89.1%,4455000,17820.00000179541,-3487182.8358146474,568185.5307721518,310.5733719052332,274,11:26
89.2%,4457500,17830.00000179745,-3489684.6449315418,568866.2552224759,310.94545967661344,274,11:23
89.2%,4460000,17840.000001799486,-3489785.469439136,569937.774879822,311.53115828212435,274,11:20
89.2%,4462500,17850.000001801523,-3489099.0322953872,568848.3680853017,310.93568246792887,274,11:17
89.3%,4465000,17860.00000180356,-3489368.327251736,570318.2301899837,311.7391172711109,274,11:14
89.3%,4467500,17870.000001805598,-3489676.674555719,570205.654406094,311.67758272138377,274,11:11
89.4%,4470000,17880.000001807635,-3485967.6778740063,570218.5208031135,311.68461556556974,274,11:07
89.5%,4472500,17890.000001809673,-3484180.00264854,570966.7956098807,312.09362673756067,274,11:04
89.5%,4475000,17900.00000181171,-3487830.950705508,568667.0613458948,310.8365791955695,274,11:01
89.5%,4477500,17910.000001813747,-3484856.4743313547,569469.3294361674,311.27510339668623,274,10:58
89.6%,4480000,17920.000001815784,-3486914.067380039,566430.1001834322,309.61384378007426,274,10:55
89.7%,4482500,17930.00000181782,-3484318.7860833667,568640.7180283117,310.82217979163215,274,10:52
89.7%,4485000,17940.00000181986,-3487664.694806302,567701.42072853,310.30875466231174,274,10:49
89.8%,4487500,17950.000001821896,-3488185.6582875587,569144.2094300713,311.09739099272923,274,10:45
89.8%,4490000,17960.000001823933,-3488231.7461014297,569147.786401322,311.0993461851133,274,10:42
89.8%,4492500,17970.00000182597,-3485970.6011987682,570122.6486833843,311.63221133159436,274,10:39
89.9%,4495000,17980.000001828008,-3487137.370902095,569006.2817595799,311.0219989607545,274,10:36
90.0%,4497500,17990.000001830045,-3488817.836439315,568854.6231032182,310.9391014955183,274,10:33
90.0%,4500000,18000.000001832082,-3489137.283818843,570447.9937675486,311.8100467644756,274,10:30
90.0%,4502500,18010.00000183412,-3490202.8168444466,570644.6303632053,311.9175294215402,274,10:26
90.1%,4505000,18020.000001836157,-3489415.722102944,566957.1495946968,309.9019319202187,274,10:23
90.2%,4507500,18030.000001838194,-3487263.2743944973,569754.5825690383,311.4310243459611,274,10:20
90.2%,4510000,18040.00000184023,-3486861.664219886,570694.2227683396,311.9446369060664,274,10:17
90.2%,4512500,18050.00000184227,-3487482.0505035184,569855.1125825567,311.48597461059325,274,10:14
90.3%,4515000,18060.000001844306,-3487385.769883547,568447.6917588428,310.7166705589458,274,10:11
90.3%,4517500,18070.000001846343,-3486262.76400958,568686.3648290407,310.8471305868413,274,10:08
90.4%,4520000,18080.00000184838,-3490359.003273394,567901.9126749237,310.41834467553633,274,10:04
90.5%,4522500,18090.000001850418,-3488093.9114641678,569476.8685973678,311.2792243441383,274,10:01
90.5%,4525000,18100.000001852455,-3487283.4023670517,566968.931035345,309.9083717212165,274,9:58
90.5%,4527500,18110.000001854492,-3486757.3154281955,568529.3766118992,310.76131995403483,274,9:55
90.6%,4530000,18120.00000185653,-3490909.286200218,571360.1855673104,312.3086558766987,274,9:52
90.7%,4532500,18130.000001858567,-3490451.461822955,571825.3607212973,312.562923203612,274,9:49
90.7%,4535000,18140.000001860604,-3489694.2237854693,572662.9099825607,313.02073228905954,274,9:46
90.8%,4537500,18150.00000186264,-3490843.1363729127,570877.7819144711,312.0449713564715,274,9:42
90.8%,4540000,18160.00000186468,-3489776.5489154086,570379.0236280707,311.7723473025598,274,9:39
90.8%,4542500,18170.000001866716,-3492875.0043955278,567724.7549119641,310.3215092567836,274,9:36
90.9%,4545000,18180.000001868753,-3486257.430139307,569466.4719576363,311.2735414830251,274,9:33
91.0%,4547500,18190.00000187079,-3488544.2683954537,568206.2371201162,310.5846901102189,274,9:30
91.0%,4550000,18200.000001872828,-3489933.5590282474,570874.2268450975,312.0430281357752,274,9:27
91.0%,4552500,18210.000001874865,-3491722.9957013186,567487.1295369617,310.1916219049102,274,9:23
91.1%,4555000,18220.000001876902,-3488941.6279737633,569267.4505192667,311.16475525766685,274,9:20
91.2%,4557500,18230.00000187894,-3491640.2235749383,567696.407132414,310.30601420278435,274,9:17
91.2%,4560000,18240.000001880977,-3490167.475269817,571231.3667223379,312.2382427794245,274,9:14
91.2%,4562500,18250.000001883014,-3488776.973689625,569091.5338597385,311.06859823295395,274,9:11
91.3%,4565000,18260.00000188505,-3489930.223490741,568899.9101585671,310.9638556519015,274,9:08
91.3%,4567500,18270.00000188709,-3489215.3938328084,567765.0611404269,310.34354086548274,274,9:05
91.4%,4570000,18280.000001889126,-3486166.6009409744,569725.6458680802,311.4152073842441,274,9:01
91.5%,4572500,18290.000001891163,-3488429.338916512,570941.8570237672,312.07999516765904,274,8:58
91.5%,4575000,18300.0000018932,-3487344.2371830996,569228.1548900856,311.143276048157,274,8:55
91.5%,4577500,18310.000001895238,-3488218.7379813213,567252.4908059826,310.06336706927465,274,8:52
91.6%,4580000,18320.000001897275,-3492037.5028512795,569797.6585013191,311.45456989017487,274,8:49
91.7%,4582500,18330.000001899312,-3486990.663384959,570295.1688555477,311.72651181741924,274,8:46
91.7%,4585000,18340.00000190135,-3491695.7698060498,568419.6013515929,310.7013161860776,274,8:42
91.8%,4587500,18350.000001903387,-3490888.651679592,568390.1460298978,310.68521574338075,274,8:39
91.8%,4590000,18360.000001905424,-3487245.124833856,568669.8534334167,310.8381053661412,274,8:36
91.8%,4592500,18370.00000190746,-3487566.2618587352,568752.5957721316,310.8833327887739,274,8:33
91.9%,4595000,18380.0000019095,-3487983.684405949,570600.7980191845,311.8935704184615,274,8:30
92.0%,4597500,18390.000001911536,-3485635.6836502794,568883.2680399048,310.95475897726146,274,8:27
92.0%,4600000,18400.000001913573,-3486316.2939895503,569551.3925159452,311.3199595326052,274,8:24
92.0%,4602500,18410.00000191561,-3488232.292862419,570772.2226327574,311.98727206586625,274,8:20
92.1%,4605000,18420.000001917648,-3489807.96477079,570724.4274775515,311.96114696814885,274,8:17
92.2%,4607500,18430.000001919685,-3489148.088590851,566890.7495405719,309.8656372812542,274,8:14
92.2%,4610000,18440.000001921722,-3489530.4433807507,569077.1614467751,311.06074219207517,274,8:11
92.2%,4612500,18450.00000192376,-3488408.551858945,568732.7464769634,310.8724830536144,274,8:08
92.3%,4615000,18460.000001925797,-3485684.492639238,568935.1052944134,310.9830935089436,274,8:05
92.3%,4617500,18470.000001927834,-3490181.725029016,570613.7298067457,311.90063900548125,274,8:02
92.4%,4620000,18480.00000192987,-3488418.2984620556,568279.289533827,310.6246209659398,274,7:58
92.5%,4622500,18490.00000193191,-3487681.1197298113,568655.5340998464,310.830278338754,274,7:55
92.5%,4625000,18500.000001933946,-3491359.012562128,569581.2649171879,311.336287953303,274,7:52
92.5%,4627500,18510.000001935983,-3491219.0003348403,569755.9391814121,311.43176587783137,274,7:49
92.6%,4630000,18520.00000193802,-3486927.5556098484,568831.341570409,310.92637568017096,274,7:46
92.7%,4632500,18530.000001940058,-3486617.6559219025,572199.804635573,312.76759633016616,274,7:43
92.7%,4635000,18540.000001942095,-3488657.200473003,570387.462875852,311.7769602423442,274,7:39
92.8%,4637500,18550.000001944132,-3485359.8053319007,568425.1496589496,310.7043489217437,274,7:36
92.8%,4640000,18560.00000194617,-3486949.6860936787,569522.7162142787,311.3042849065896,274,7:33
92.8%,4642500,18570.000001948207,-3491084.8422703315,565194.3694987614,308.93838651353065,274,7:30
92.9%,4645000,18580.000001950244,-3488907.1662838235,567919.9505352229,310.4282042703195,274,7:27
93.0%,4647500,18590.00000195228,-3487835.4508924577,567793.735872298,310.3592146334395,274,7:24
93.0%,4650000,18600.00000195432,-3487485.7471172493,570634.1559001748,311.9118040217789,274,7:21
93.0%,4652500,18610.000001956356,-3486884.0126787964,570699.4177084374,311.9474764892231,274,7:17
93.1%,4655000,18620.000001958393,-3486584.8969586603,570325.2085549708,311.7429316842331,274,7:14
93.2%,4657500,18630.00000196043,-3490424.9724292737,569353.8241032208,311.21196753914774,274,7:11
93.2%,4660000,18640.000001962468,-3489540.0138825346,569310.8349664715,311.18846943785434,274,7:08
93.2%,4662500,18650.000001964505,-3487671.809195131,569663.806450991,311.38140561485386,274,7:05
93.3%,4665000,18660.000001966542,-3491623.7423509844,571501.912224631,312.38612445600785,274,7:02
93.3%,4667500,18670.00000196858,-3487989.418328082,568517.1801687469,310.75465331035963,274,6:59
93.4%,4670000,18680.000001970617,-3489682.635131672,568577.9774840523,310.78788546111775,274,6:55
93.5%,4672500,18690.000001972654,-3490285.310587283,569102.1376393544,311.0743943178803,274,6:52
93.5%,4675000,18700.00000197469,-3486846.368797127,566950.9774093464,309.89855816937063,274,6:49
93.5%,4677500,18710.00000197673,-3488670.32984969,571271.5889018704,312.2602284465108,274,6:46
93.6%,4680000,18720.000001978766,-3483640.6677981466,568735.7731003894,310.874137422816,274,6:43
93.7%,4682500,18730.000001980803,-3488008.7795936055,569046.3811147792,311.04391749137693,274,6:40
93.7%,4685000,18740.00000198284,-3487716.838716021,569937.1781618709,311.53083211277277,274,6:36
93.8%,4687500,18750.000001984878,-3487366.374758335,568615.2403433325,310.8082535472916,274,6:33
93.8%,4690000,18760.000001986915,-3490349.354363803,570625.3327554186,311.9069812417725,274,6:30
93.8%,4692500,18770.000001988952,-3487027.057235718,568426.9558105861,310.70533617427577,274,6:27
93.9%,4695000,18780.00000199099,-3487431.2014771383,570313.4151846347,311.73648536240154,274,6:24
94.0%,4697500,18790.000001993027,-3488515.249978753,568266.1972655179,310.61746465925046,274,6:21
94.0%,4700000,18800.000001995064,-3489924.164405346,568533.0515707319,310.7633287069764,274,6:18
94.0%,4702500,18810.0000019971,-3489267.8295485564,569143.4381298727,311.0969693957499,274,6:14
94.1%,4705000,18820.00000199914,-3488807.674139276,569638.6475830693,311.3676536376904,274,6:11
94.2%,4707500,18830.000002001176,-3488179.182385238,569007.7960487214,311.02282667962317,274,6:08
94.2%,4710000,18840.000002003213,-3488292.972214494,568330.7029300714,310.6527238143369,274,6:05
94.2%,4712500,18850.00000200525,-3486034.4887755513,568696.8168459092,310.8528437174056,274,6:02
94.3%,4715000,18860.000002007288,-3490813.400849847,569376.7680724622,311.22450884037113,274,5:59
94.3%,4717500,18870.000002009325,-3489554.1392774805,569236.8267250779,311.1480161214048,274,5:56
94.4%,4720000,18880.000002011362,-3488969.634213727,569448.8244141125,311.2638952375627,274,5:52
94.5%,4722500,18890.0000020134,-3487822.8059996013,569708.3139808434,311.40573367826414,274,5:49
94.5%,4725000,18900.000002015437,-3492917.8390107844,570072.4042548087,311.60474744742794,274,5:46
94.5%,4727500,18910.000002017474,-3488261.610746905,566882.3172996524,309.86102817145945,274,5:43
94.6%,4730000,18920.00000201951,-3487341.5012409426,567803.2314065075,310.3644049452615,274,5:40
94.7%,4732500,18930.00000202155,-3489245.9007940907,567432.5288590002,310.1617768705959,274,5:37
94.7%,4735000,18940.000002023586,-3489103.6207942776,569305.1837857084,311.185380471012,274,5:33
94.8%,4737500,18950.000002025623,-3486382.2262799405,569361.1596810174,311.2159772067788,274,5:30
94.8%,4740000,18960.00000202766,-3488412.784950815,568895.445914713,310.9614154713765,274,5:27
94.8%,4742500,18970.000002029697,-3489120.219505558,567293.4855547978,310.08577502702855,274,5:24
94.9%,4745000,18980.000002031735,-3487714.6839417443,571332.2681791364,312.2933960770199,274,5:21
95.0%,4747500,18990.000002033772,-3490778.11038452,567433.0698510173,310.16207257984195,274,5:18
95.0%,4750000,19000.00000203581,-3488143.666906446,569391.1281543429,311.23235814101145,274,5:15
95.0%,4752500,19010.000002037847,-3488770.9312391747,569991.8668245669,311.5607252400324,274,5:11
95.1%,4755000,19020.000002039884,-3488739.039607398,567710.3276897022,310.3136232568374,274,5:08
95.2%,4757500,19030.00000204192,-3487087.8961901125,568950.1448527555,310.9913142151977,274,5:05
95.2%,4760000,19040.00000204396,-3490024.991313163,570860.4876573393,312.03551821931626,274,5:02
95.2%,4762500,19050.000002045996,-3493006.731830932,570387.6336692094,311.7770535989435,274,4:59
95.3%,4765000,19060.000002048033,-3491823.7191924527,568564.6086031322,310.78057795643645,274,4:56
95.3%,4767500,19070.00000205007,-3488836.6738747396,569222.3639997652,311.14011071529353,274,4:53
95.4%,4770000,19080.000002052107,-3490528.677423155,568368.5607722556,310.6734171214759,274,4:49
95.5%,4772500,19090.000002054145,-3487224.9959577285,568995.318750048,311.01600651875776,274,4:46
95.5%,4775000,19100.000002056182,-3485974.949640682,568899.7783838452,310.9637836231054,274,4:43
95.5%,4777500,19110.00000205822,-3486551.7994740345,569971.355207004,311.5495134757675,274,4:40
95.6%,4780000,19120.000002060257,-3489431.259240946,570157.4709763116,311.65124539062293,274,4:37
95.7%,4782500,19130.000002062294,-3489420.0724131186,568828.0034464556,310.92455104304815,274,4:34
95.7%,4785000,19140.00000206433,-3490432.669756189,568825.2058165029,310.923021842953,274,4:30
95.8%,4787500,19150.00000206637,-3484837.998906182,570109.2306439413,311.62487695659104,274,4:27
95.8%,4790000,19160.000002068406,-3489204.679000696,567456.8808286142,310.17508779265563,274,4:24
95.8%,4792500,19170.000002070443,-3489650.9641226083,567846.4847120938,310.3880474427108,274,4:21
95.9%,4795000,19180.00000207248,-3490537.0778128207,567983.7403522029,310.46307213914,274,4:18
96.0%,4797500,19190.000002074517,-3490749.79730496,568674.3356233689,310.8405553561032,274,4:15
96.0%,4800000,19200.000002076555,-3487687.7763275485,569605.0797742666,311.34930528666297,274,4:12
96.0%,4802500,19210.000002078592,-3487897.3171330746,569020.5672006194,311.0298074622958,274,4:08
96.1%,4805000,19220.00000208063,-3488321.6397845726,570512.9775257388,311.84556724820345,274,4:05
96.2%,4807500,19230.000002082666,-3488496.5491701607,568453.3142601367,310.71974384943076,274,4:02
96.2%,4810000,19240.000002084704,-3483407.4337703474,569803.8079280022,311.45793120100876,274,3:59
96.2%,4812500,19250.00000208674,-3488148.925973134,569186.5192438264,311.12051777229493,274,3:56
96.3%,4815000,19260.00000208878,-3487457.379415663,571636.1580926067,312.4595039942458,274,3:53
96.3%,4817500,19270.000002090816,-3488137.674387632,567352.4111798427,310.1179841014781,274,3:50
96.4%,4820000,19280.000002092853,-3489360.3033060785,570030.8852520606,311.58205292955785,274,3:46
96.5%,4822500,19290.00000209489,-3488237.195790231,566841.0936401112,309.8384950898292,274,3:43
96.5%,4825000,19300.000002096927,-3483866.744192684,570889.2259913274,312.0512267525439,274,3:40
96.5%,4827500,19310.000002098965,-3488864.1539820656,568619.0932088123,310.81035954499606,274,3:37
96.6%,4830000,19320.000002101002,-3489042.815144511,567805.0479149539,310.36539785888345,274,3:34
96.7%,4832500,19330.00000210304,-3487883.8963847384,571286.2427681469,312.26823833133614,274,3:31
96.7%,4835000,19340.000002105076,-3488846.230490094,568717.620615829,310.86421517377397,274,3:27
96.8%,4837500,19350.000002107114,-3486480.4751748145,570673.4679309799,311.93329219650764,274,3:24
96.8%,4840000,19360.00000210915,-3487902.4313773774,568852.1097521447,310.93772768383985,274,3:21
96.8%,4842500,19370.00000211119,-3489903.565310901,572508.1457289404,312.9361372870855,274,3:18
96.9%,4845000,19380.000002113225,-3486485.2637883537,569271.6139980678,311.1670310383408,274,3:15
97.0%,4847500,19390.000002115263,-3486946.586077383,569471.0442764454,311.27604073792173,274,3:12
97.0%,4850000,19400.0000021173,-3487098.7728168033,569329.0087812508,311.1984033461126,274,3:09
97.0%,4852500,19410.000002119337,-3492350.6273329575,568688.9299889362,310.84853271751,274,3:05
97.1%,4855000,19420.000002121375,-3489630.2021367364,570066.671385566,311.60161382920825,274,3:02
97.2%,4857500,19430.000002123412,-3489345.9111120645,570714.522609726,311.95573291229516,274,2:59
97.2%,4860000,19440.00000212545,-3487631.448207259,570757.2285961423,311.9790762420414,274,2:56
97.2%,4862500,19450.000002127486,-3489656.2856542394,567627.9991903392,310.2686220410966,274,2:53
97.3%,4865000,19460.000002129524,-3486829.233924892,567560.9922065185,310.231995650984,274,2:50
97.3%,4867500,19470.00000213156,-3485721.498903699,568620.0885094603,310.8109035818671,274,2:46
97.4%,4870000,19480.000002133598,-3487930.122777961,568752.981256766,310.8835434968195,274,2:43
97.5%,4872500,19490.000002135635,-3489507.919773439,568103.8975347185,310.52875072353095,274,2:40
97.5%,4875000,19500.000002137673,-3488517.9657775834,568370.6499893654,310.6745590991703,274,2:37
97.5%,4877500,19510.00000213971,-3487136.3102051895,569529.3611141597,311.30791704582975,274,2:34
97.6%,4880000,19520.000002141747,-3488001.0370256826,571641.4629793448,312.4624036748476,274,2:31
97.7%,4882500,19530.000002143785,-3485512.6623252444,569589.3550791752,311.3407100808504,274,2:28
97.7%,4885000,19540.00000214582,-3487507.5830880012,569420.636243471,311.24848742668075,274,2:24
97.8%,4887500,19550.00000214786,-3489841.132570116,568125.3725615502,310.5404890926616,274,2:21
97.8%,4890000,19560.000002149896,-3487569.6307675987,569212.779178372,311.13487159860017,274,2:18
97.8%,4892500,19570.000002151934,-3486734.9863013476,569068.1771497502,311.05583132534224,274,2:15
97.9%,4895000,19580.00000215397,-3486479.2578041293,568863.8275711059,310.94413270886974,274,2:12
98.0%,4897500,19590.000002156008,-3487411.7855762783,569050.631420358,311.0462407320505,274,2:09
98.0%,4900000,19600.000002158045,-3487396.079852851,567641.4885569673,310.2759954039362,274,2:06
98.0%,4902500,19610.000002160083,-3487155.586711375,568344.0268067779,310.6600067194647,274,2:02
98.1%,4905000,19620.00000216212,-3484919.5967024956,569187.7962521208,311.12121579213255,274,1:59
98.2%,4907500,19630.000002164157,-3488254.721590532,568746.041827905,310.8797503664004,274,1:56
98.2%,4910000,19640.000002166194,-3487539.649230806,567065.081254272,309.96092796576045,274,1:53
98.2%,4912500,19650.00000216823,-3488646.3641260173,569669.0548890425,311.3842744402896,274,1:50
98.3%,4915000,19660.00000217027,-3489716.953948915,568864.1562331177,310.9443123573536,274,1:47
98.3%,4917500,19670.000002172306,-3489502.7590247076,569881.9945260198,311.50066843043294,274,1:43
98.4%,4920000,19680.000002174344,-3489572.8990686107,570166.7263691043,311.65630443981075,274,1:40
98.5%,4922500,19690.00000217638,-3489884.483771704,569266.2907103123,311.16412129964044,274,1:37
98.5%,4925000,19700.000002178418,-3489498.593912892,570968.7385780471,312.0946887747691,274,1:34
98.5%,4927500,19710.000002180455,-3488136.8307487443,569960.3913267992,311.54352055785614,274,1:31
98.6%,4930000,19720.000002182493,-3489431.9640965946,568545.4218626509,310.77009037735456,274,1:28
98.7%,4932500,19730.00000218453,-3490477.8491805773,571108.8808130858,312.1712913000449,274,1:25
98.7%,4935000,19740.000002186567,-3487497.9212031234,568625.3719706205,310.8137915511288,274,1:21
98.8%,4937500,19750.000002188604,-3489605.325862838,571209.8511219542,312.22648223256465,274,1:18
98.8%,4940000,19760.00000219064,-3489367.4807215333,568332.6457313487,310.6537857603227,274,1:15
98.8%,4942500,19770.00000219268,-3486389.0030325875,569259.6376918207,311.1604847227226,274,1:12
98.9%,4945000,19780.000002194716,-3489811.1661985572,569218.5039912348,311.1380008131578,274,1:09
99.0%,4947500,19790.000002196753,-3490837.3415709306,569955.1598456271,311.540661001145,274,1:06
99.0%,4950000,19800.00000219879,-3490220.267576264,568943.2813059506,310.98756256233264,274,1:03
99.0%,4952500,19810.000002200828,-3489698.478580205,567657.4860513536,310.28473972336093,274,0:59
99.1%,4955000,19820.000002202865,-3487369.4447885733,570799.7987571311,312.0023453288534,274,0:56
99.2%,4957500,19830.000002204903,-3484852.7081297226,569529.6947880721,311.3080994338465,274,0:53
99.2%,4960000,19840.00000220694,-3489871.1482185908,571075.3129267026,312.15294290661143,274,0:50
99.2%,4962500,19850.000002208977,-3488555.1624664664,571837.5718339661,312.5695978657265,274,0:47
99.3%,4965000,19860.000002211014,-3487495.0268328693,570363.226182994,311.76371233120057,274,0:44
99.3%,4967500,19870.00000221305,-3488644.3629388753,570993.6749236374,312.1083191199883,274,0:40
99.4%,4970000,19880.00000221509,-3486960.2919469047,569991.3047867438,311.56041802703174,274,0:37
99.5%,4972500,19890.000002217126,-3486464.430738507,568414.4462835428,310.69849839720405,274,0:34
99.5%,4975000,19900.000002219163,-3487954.404536374,568298.7369348034,310.6352510234983,274,0:31
99.5%,4977500,19910.0000022212,-3488150.8116355147,568560.7232463972,310.7784541988311,274,0:28
99.6%,4980000,19920.000002223238,-3490382.231360933,569517.3921383854,311.3013747370888,274,0:25
99.7%,4982500,19930.000002225275,-3491435.3964781854,567236.7662013563,310.0547719129108,274,0:22
99.7%,4985000,19940.000002227313,-3491832.385804834,567629.2520298845,310.26930685016157,274,0:18
99.8%,4987500,19950.00000222935,-3488781.8874633405,568975.1812969579,311.0049992748751,274,0:15
99.8%,4990000,19960.000002231387,-3485893.6552800257,568568.4525901284,310.7826791011125,274,0:12
99.8%,4992500,19970.000002233424,-3481434.6650328524,568130.665720359,310.54338236271195,274,0:09
99.9%,4995000,19980.00000223546,-3487684.6766042355,570063.7354203106,311.600009014267,274,0:06
100.0%,4997500,19990.0000022375,-3488127.338588342,569896.6778854232,311.5086944363656,274,0:03
100.0%,5000000,20000.000002239536,-3488991.00505927,569725.9053906989,311.4153492407512,274,0:00
100.0%,5002500,20010.000002241573,-3489008.0556904636,569426.5503435914,311.2517201067064,274,23:59:57
100.1%,5005000,20020.00000224361,-3488440.8446447533,570187.3224136783,311.6675623523495,274,23:59:54
100.2%,5007500,20030.000002245648,-3487951.8405735046,567389.6918037182,310.13836189787855,274,23:59:51
100.2%,5010000,20040.000002247685,-3490484.1117602177,568449.9296815472,310.71789381994546,274,23:59:48
100.2%,5012500,20050.000002249722,-3488482.977236038,569996.8428662729,311.5634451721104,274,23:59:45
100.3%,5015000,20060.00000225176,-3485254.754523443,571633.969906845,312.4583079197357,274,23:59:42
100.3%,5017500,20070.000002253797,-3487450.9922373258,567342.6919979965,310.1126715426137,274,23:59:38
100.4%,5020000,20080.000002255834,-3488183.3489313815,568745.2851843603,310.87933678082976,274,23:59:35
100.5%,5022500,20090.00000225787,-3487745.633266311,569591.6554009237,311.3419674495147,274,23:59:32
100.5%,5025000,20100.00000225991,-3489723.39925812,569638.8210191694,311.36774843882756,274,23:59:29
100.5%,5027500,20110.000002261946,-3484698.8988310006,569431.3089260324,311.25432117434036,274,23:59:26
100.6%,5030000,20120.000002263983,-3488766.905241525,568725.9145771805,310.8687486991876,274,23:59:23
100.7%,5032500,20130.00000226602,-3485803.0212296955,568649.0613549266,310.8267403003733,274,23:59:20
100.7%,5035000,20140.000002268058,-3489656.7736341693,568259.6430299585,310.6138820776328,274,23:59:16
100.8%,5037500,20150.000002270095,-3485905.221038839,569330.6355393851,311.19929254115846,274,23:59:13
100.8%,5040000,20160.000002272132,-3489400.3730500992,568963.4101598691,310.9985651058602,274,23:59:10
100.8%,5042500,20170.00000227417,-3487086.482576074,568295.225573861,310.6333316940737,274,23:59:07
100.9%,5045000,20180.000002276207,-3489203.5292089786,568998.2015414133,311.0175822685548,274,23:59:04
101.0%,5047500,20190.000002278244,-3489718.3569057956,568017.3374045602,310.4814364748571,274,23:59:01
101.0%,5050000,20200.00000228028,-3488974.6026948225,568569.4820264629,310.7832417967396,274,23:58:57
101.0%,5052500,20210.00000228232,-3485307.9228376374,567248.021447079,310.0609240928351,274,23:58:54
101.1%,5055000,20220.000002284356,-3488901.621770989,569346.3825493576,311.2078999444092,274,23:58:51
101.2%,5057500,20230.000002286393,-3492314.2970006615,568791.6198797058,310.904663583063,274,23:58:48
101.2%,5060000,20240.00000228843,-3485931.4453751054,570597.705678327,311.8918801277463,274,23:58:45
101.2%,5062500,20250.000002290468,-3485112.6259512883,569691.7256603417,311.396666409998,274,23:58:42
101.3%,5065000,20260.000002292505,-3488926.7560350634,569573.9811009141,311.3323065788083,274,23:58:39
101.3%,5067500,20270.000002294542,-3489503.241952263,568986.9409998434,311.01142719389094,274,23:58:35
101.4%,5070000,20280.00000229658,-3488924.5407319814,569972.3179349118,311.5500397081976,274,23:58:32
101.5%,5072500,20290.000002298617,-3488859.144156093,569621.6737940388,311.3583756701821,274,23:58:29
101.5%,5075000,20300.000002300654,-3487669.19611967,568686.5922742041,310.8472549096329,274,23:58:26
101.5%,5077500,20310.00000230269,-3488027.7689351737,568885.5692612699,310.95601683766114,274,23:58:23
101.6%,5080000,20320.00000230473,-3486629.070306869,569872.9521984507,311.49572584388176,274,23:58:20
101.7%,5082500,20330.000002306766,-3488059.461915804,569843.672712471,311.47972151396505,274,23:58:17
101.7%,5085000,20340.000002308803,-3489451.927245319,570531.3590857428,311.85561471115733,274,23:58:13
101.8%,5087500,20350.00000231084,-3487389.9747698084,570440.2607787115,311.80581986975903,274,23:58:10
101.8%,5090000,20360.000002312878,-3488444.762240587,571376.5039646336,312.3175756034539,274,23:58:07
101.8%,5092500,20370.000002314915,-3488535.1737448648,568451.9347206197,310.7189897854564,274,23:58:04
101.9%,5095000,20380.000002316952,-3487324.1589765474,568818.3179764713,310.91925691127506,274,23:58:01
102.0%,5097500,20390.00000231899,-3488574.901646452,569344.9361365929,311.20710932714564,274,23:57:58
102.0%,5100000,20400.000002321027,-3489716.1732877158,569050.365181384,311.0460952043463,274,23:57:54
102.0%,5102500,20410.000002323064,-3486785.0409264304,568930.9482073656,310.98082122203766,274,23:57:51
102.1%,5105000,20420.0000023251,-3487382.406812653,567416.358719496,310.15293818238933,274,23:57:48
102.2%,5107500,20430.00000232714,-3484759.640444055,568340.2586802923,310.6579470405658,274,23:57:45
102.2%,5110000,20440.000002329176,-3490280.1177251246,570203.6345614813,311.6764786630822,274,23:57:42
102.2%,5112500,20450.000002331213,-3489192.547736125,567099.2076586799,309.9795816482532,274,23:57:39
102.3%,5115000,20460.00000233325,-3486274.6626912355,568720.3805835075,310.86572378746064,274,23:57:36
102.3%,5117500,20470.000002335288,-3489847.6255821288,570897.11563053,312.0555392732217,274,23:57:32
102.4%,5120000,20480.000002337325,-3490248.599854756,567448.5248810956,310.17052038525827,274,23:57:29
102.5%,5122500,20490.000002339362,-3490273.4949106313,570117.9088051582,311.6296204877883,274,23:57:26
102.5%,5125000,20500.0000023414,-3488987.0564674083,567939.9540828775,310.43913832074617,274,23:57:23
102.5%,5127500,20510.000002343437,-3487419.7252689395,571056.3770698888,312.14259246193785,274,23:57:20
102.6%,5130000,20520.000002345474,-3486482.308675645,570375.9331694082,311.7706580406629,274,23:57:17
102.7%,5132500,20530.00000234751,-3490444.3841720223,570864.006271969,312.0374415136466,274,23:57:14
102.7%,5135000,20540.00000234955,-3485883.8639558163,569635.4724103475,311.3659180706174,274,23:57:10
102.8%,5137500,20550.000002351586,-3490664.3427780196,566419.6755639858,309.6081456250933,274,23:57:07
102.8%,5140000,20560.000002353623,-3489636.6760448553,568980.263162202,311.00777705068765,274,23:57:04
102.8%,5142500,20570.00000235566,-3489737.790520828,567645.1193473794,310.2779800141733,274,23:57:01
102.9%,5145000,20580.000002357698,-3485518.606554335,571083.2500354191,312.15728137438964,274,23:56:58
103.0%,5147500,20590.000002359735,-3483504.273435889,568811.7118674668,310.91564597534375,274,23:56:55
103.0%,5150000,20600.000002361772,-3487257.805862395,569872.0884651169,311.4952537224366,274,23:56:51
