#"Progress (%)","Step","Time (ps)","Potential Energy (kJ/mole)","Kinetic Energy (kJ/mole)","Temperature (K)","Speed (ns/day)","Time Remaining"
3.0%,152500,610.0000000014564,-3529814.774551036,575065.6716091065,310.7602149868428,0,--
3.1%,155000,620.0000000015042,-3529191.344482232,576540.2846700524,311.55708236124144,220,2:06:48
3.1%,157500,630.0000000015519,-3529093.895019429,575875.9585741258,311.1980866315645,220,2:06:41
3.2%,160000,640.0000000015997,-3532233.944449302,576720.8081204011,311.654635578222,220,2:06:57
3.2%,162500,650.0000000016474,-3531176.359502783,577913.2840072033,312.2990386112049,220,2:06:51
3.3%,165000,660.0000000016952,-3531422.5389384814,577599.0210552311,312.1292137940775,220,2:06:46
3.4%,167500,670.0000000017429,-3526481.095551111,575667.6945051113,311.0855426386673,220,2:06:35
3.4%,170000,680.0000000017907,-3525952.7429924123,577878.8057680393,312.280406886962,220,2:06:18
3.5%,172500,690.0000000018384,-3527565.939345168,575915.4050522991,311.21940314660407,220,2:06:08
3.5%,175000,700.0000000018862,-3527073.692815542,574553.7679436182,310.4835869407023,220,2:06:09
3.5%,177500,710.0000000019339,-3525898.4718395136,576616.8644638851,311.5984653795122,220,2:06:09
3.6%,180000,720.0000000019817,-3527146.912683863,576379.8453130372,311.4703824041063,220,2:06:01
3.6%,182500,730.0000000020294,-3527869.3777910564,575894.208425691,311.20794868398013,220,2:05:57
3.7%,185000,740.0000000020772,-3530349.8138666265,575719.0844978195,311.1133133194271,220,2:05:51
3.8%,187500,750.0000000021249,-3528697.021445604,574232.2111010829,310.30982057200714,220,2:05:49
3.8%,190000,760.0000000021727,-3530218.148371322,574467.3435330136,310.43688398181337,220,2:05:46
3.9%,192500,770.0000000022204,-3528332.737759182,575030.7228166705,310.74132897992723,220,2:05:39
3.9%,195000,780.0000000022682,-3525734.1892677452,577088.3251568781,311.8532384142204,220,2:05:36
4.0%,197500,790.0000000023159,-3529765.0536329094,575143.9598906224,310.802521256189,220,2:05:33
4.0%,200000,800.0000000023637,-3530000.1628834866,575203.4521057899,310.83467030365995,220,2:05:32
4.0%,202500,810.0000000024114,-3526570.5754522756,576102.8758444161,311.32071064336174,220,2:05:29
4.1%,205000,820.0000000024592,-3527148.7467782106,574549.5223571253,310.481292664698,220,2:05:26
4.2%,207500,830.0000000025069,-3529733.1253559683,576982.2872045292,311.7959364772495,220,2:05:24
4.2%,210000,840.0000000025547,-3529249.117558988,575716.3188399395,311.1118187832727,220,2:05:19
4.2%,212500,850.0000000026024,-3526252.7652158923,575180.9943147976,310.822534319369,220,2:05:14
4.3%,215000,860.0000000026502,-3527652.2102329712,578453.5355306175,312.5909855797892,220,2:05:09
4.3%,217500,870.0000000026979,-3532296.261257818,577784.1289924785,312.2292444257335,220,2:05:03
4.4%,220000,880.0000000027457,-3529998.6571557336,575384.2054748121,310.932347766583,220,2:04:57
4.5%,222500,890.0000000027934,-3530140.1573375426,576325.6665029686,311.44110467202137,220,2:04:53
4.5%,225000,900.0000000028411,-3529877.872597197,575161.085271772,310.81177565510467,220,2:04:49
4.5%,227500,910.0000000028889,-3526985.7850642093,575291.4387543064,310.8822174815891,220,2:04:44
4.6%,230000,920.0000000029366,-3530398.518022042,575769.1503012686,311.1403684204554,220,2:04:40
4.7%,232500,930.0000000029844,-3527373.4219630826,575903.0452613235,311.21272402891293,220,2:04:35
4.7%,235000,940.0000000030321,-3530222.9896515757,575556.8449281616,311.02564054388966,220,2:04:32
4.8%,237500,950.0000000030799,-3524842.077617405,574826.6273925642,310.6310376845076,220,2:04:29
4.8%,240000,960.0000000031276,-3530249.938352363,575770.275614397,311.14097652934976,220,2:04:23
4.8%,242500,970.0000000031754,-3530177.1583807915,576376.2285288363,311.46842792709384,220,2:04:20
4.9%,245000,980.0000000032231,-3530578.7865743376,577006.5356456446,311.8090401124448,220,2:04:16
5.0%,247500,990.0000000032709,-3529869.1607181206,575527.3195115575,311.0096852795355,220,2:04:12
5.0%,250000,1000.0000000033186,-3528298.7254408076,576498.7742358568,311.53465050329606,220,2:04:08
5.0%,252500,1010.0000000033664,-3528530.8961998057,574509.2394017372,310.4595241250429,220,2:04:06
5.1%,255000,1020.0000000034141,-3527298.911298748,576398.6215192706,311.4805288937575,220,2:04:02
5.2%,257500,1030.0000000032912,-3524226.950846996,574832.1347981822,310.63401383599495,220,2:03:57
5.2%,260000,1040.0000000030548,-3525524.0838063825,575047.8132821538,310.75056451073704,220,2:03:54
5.2%,262500,1050.0000000028183,-3529722.528141232,575463.340784143,310.97511176199225,220,2:03:49
5.3%,265000,1060.0000000025818,-3526486.351839781,574434.084442234,310.41891107417655,220,2:03:45
5.3%,267500,1070.0000000023454,-3529244.7055981606,575117.3159548668,310.7881231176593,220,2:03:40
5.4%,270000,1080.000000002109,-3529347.1596734,574141.720095451,310.26092006246034,220,2:03:35
5.5%,272500,1090.0000000018724,-3530473.649279911,574013.7576192163,310.19177031385226,220,2:03:30
5.5%,275000,1100.000000001636,-3528924.220928747,575404.791846541,310.9434724530669,220,2:03:27
5.5%,277500,1110.0000000013995,-3525607.800395105,575767.5859434623,311.1395230558437,220,2:03:21
5.6%,280000,1120.000000001163,-3527196.0138012096,576503.7669835034,311.53734853833555,220,2:03:18
5.7%,282500,1130.0000000009265,-3529739.583414212,575814.134255857,311.16467733696527,220,2:03:14
5.7%,285000,1140.00000000069,-3530570.318165157,578921.3319560942,312.8437784779368,221,2:03:09
5.8%,287500,1150.0000000004536,-3532503.8979780935,575531.6167082757,311.01200744523237,221,2:03:04
5.8%,290000,1160.0000000002171,-3528186.8116272893,577823.0520991589,312.25027811561824,221,2:03:00
5.8%,292500,1169.9999999999807,-3528387.4752739575,574552.6736552,310.4829955972769,221,2:02:56
5.9%,295000,1179.9999999997442,-3526015.5028448086,574680.6969349186,310.5521782035301,221,2:02:51
6.0%,297500,1189.9999999995077,-3527269.65360111,575786.3799373645,311.14967915778794,221,2:02:46
6.0%,300000,1199.9999999992713,-3525695.3465588745,575775.4096195817,311.14375089866735,221,2:02:42
6.0%,302500,1209.9999999990348,-3530036.697682524,573949.7709394265,310.1571924989183,221,2:02:39
6.1%,305000,1219.9999999987983,-3530064.9341737013,575137.8237382025,310.7992053356962,221,2:02:35
6.2%,307500,1229.9999999985619,-3532904.343633922,573631.2647721672,309.98507468716434,221,2:02:32
6.2%,310000,1239.9999999983254,-3528979.480898898,578343.9503176806,312.5317667357286,221,2:02:27
6.2%,312500,1249.999999998089,-3531320.984575331,575117.2287194603,310.78807597644567,221,2:02:22
6.3%,315000,1259.9999999978525,-3529664.87607928,572811.7345074811,309.54220804807346,221,2:02:18
6.3%,317500,1269.999999997616,-3531370.6319766324,575379.2896874244,310.9296913201616,221,2:02:14
6.4%,320000,1279.9999999973795,-3529300.5252977256,575646.7972583619,311.0742499581734,221,2:02:10
6.5%,322500,1289.999999997143,-3527032.6827208623,576961.7421207723,311.78483410240705,221,2:02:06
6.5%,325000,1299.9999999969066,-3529434.0871892627,576838.506414235,311.718238656794,221,2:02:01
6.5%,327500,1309.99999999667,-3532118.369763015,574744.2629709754,310.58652870644846,221,2:01:58
6.6%,330000,1319.9999999964336,-3528569.339503363,576625.0122328657,311.6028683591458,221,2:01:53
6.7%,332500,1329.9999999961972,-3531202.112635892,578110.3071001649,312.40550808373456,221,2:01:50
6.7%,335000,1339.9999999959607,-3529331.221674053,574762.1358149294,310.59618702740863,221,2:01:46
6.8%,337500,1349.9999999957242,-3527208.701139692,573271.720710038,309.790780373383,221,2:01:42
6.8%,340000,1359.9999999954878,-3527926.388286097,576774.0336100118,311.68339814467447,221,2:01:38
6.8%,342500,1369.9999999952513,-3528177.0312190745,574599.3109351371,310.5081979556425,221,2:01:34
6.9%,345000,1379.9999999950148,-3528035.189067561,575047.641179495,310.7504715080386,221,2:01:30
7.0%,347500,1389.9999999947784,-3528238.207381036,577358.1928562575,311.99907244399736,221,2:01:25
7.0%,350000,1399.999999994542,-3531291.199456198,576114.9708711279,311.3272466848729,221,2:01:21
7.0%,352500,1409.9999999943054,-3531511.944298966,575121.6983542026,310.7904913260691,221,2:01:17
7.1%,355000,1419.999999994069,-3528907.8795322366,577816.2085945464,312.2465799484877,221,2:01:12
7.2%,357500,1429.9999999938325,-3529123.3321764227,576753.6719945958,311.6723949144409,221,2:01:08
7.2%,360000,1439.999999993596,-3530626.60619889,576543.5262109,311.5588340601872,221,2:01:04
7.2%,362500,1449.9999999933596,-3531288.7937358115,575163.5515465767,310.8131084073908,221,2:01:00
7.3%,365000,1459.999999993123,-3526238.492385464,575469.7637449626,310.978582671114,221,2:00:56
7.3%,367500,1469.9999999928866,-3529853.7345036697,574276.386259126,310.3336924222815,221,2:00:51
7.4%,370000,1479.9999999926501,-3528194.2980833054,575844.0041450104,311.18081875112586,221,2:00:47
7.5%,372500,1489.9999999924137,-3528840.3833828047,575267.7559196785,310.86941949495247,221,2:00:43
7.5%,375000,1499.9999999921772,-3530283.090818025,576787.7820516116,311.6908276764275,221,2:00:39
7.5%,377500,1509.9999999919407,-3529085.0422176644,574777.3537081606,310.60441063734686,221,2:00:35
7.6%,380000,1519.9999999917043,-3530657.850293927,577037.6453378443,311.8258515048012,221,2:00:31
7.7%,382500,1529.9999999914678,-3529389.7727623098,576915.6618557877,311.7599327498134,221,2:00:27
7.7%,385000,1539.9999999912313,-3531780.0261587314,576636.881722248,311.6092825223525,221,2:00:23
7.8%,387500,1549.9999999909949,-3531641.1015395466,576817.7764706674,311.7070363854052,221,2:00:19
7.8%,390000,1559.9999999907584,-3526827.627277648,576133.0886952621,311.33703739087565,221,2:00:15
7.8%,392500,1569.999999990522,-3529804.3480893243,574772.2421333446,310.6016483891948,221,2:00:11
7.9%,395000,1579.9999999902855,-3531968.696066797,576390.7875859621,311.4762955080429,221,2:00:07
8.0%,397500,1589.999999990049,-3533635.0439377334,578310.3845367752,312.5136280955604,221,2:00:03
8.0%,400000,1599.9999999898125,-3527365.258171389,576926.0692555574,311.7655568132022,221,1:59:59
8.1%,402500,1609.999999989576,-3531474.2783527896,573268.6169033241,309.78910310469996,221,1:59:55
8.1%,405000,1619.9999999893396,-3530353.6441250667,578311.729935427,312.51435513665314,221,1:59:52
8.2%,407500,1629.9999999891031,-3526894.5052277725,575742.7341552904,311.12609337743237,221,1:59:48
8.2%,410000,1639.9999999888666,-3526798.6324379165,576361.8555473702,311.46066089972476,221,1:59:44
8.2%,412500,1649.9999999886302,-3529539.7108730543,575280.6141967017,310.876367989932,221,1:59:40
8.3%,415000,1659.9999999883937,-3531637.7773807105,575650.6595840382,311.0763371235473,221,1:59:36
8.3%,417500,1669.9999999881572,-3528691.383517524,577200.5620848807,311.91389022078357,221,1:59:32
8.4%,420000,1679.9999999879208,-3531099.235829344,574148.4768764214,310.26457136493,221,1:59:29
8.4%,422500,1689.9999999876843,-3528480.9775982425,576475.0927796449,311.52185326154273,221,1:59:24
8.5%,425000,1699.9999999874478,-3525728.9771716446,575144.8204949539,310.8029863188771,221,1:59:20
8.6%,427500,1709.9999999872114,-3527233.2595540453,577207.6544614846,311.9177228760559,221,1:59:16
8.6%,430000,1719.999999986975,-3531424.751272803,576776.9820279074,311.6849914426652,221,1:59:13
8.7%,432500,1729.9999999867384,-3531171.3464697134,574698.5986854385,310.5618521453334,221,1:59:09
8.7%,435000,1739.999999986502,-3528526.6522291265,575685.9804516707,311.0954241964868,221,1:59:05
8.8%,437500,1749.9999999862655,-3527216.728077948,576823.485704719,311.71012160312705,221,1:59:02
8.8%,440000,1759.999999986029,-3527946.801633792,577318.7978335264,311.9777837350068,221,1:58:58
8.8%,442500,1769.9999999857926,-3530031.0548545793,577128.9466710314,311.87518990792734,221,1:58:55
8.9%,445000,1779.999999985556,-3530227.329002764,575008.2903364105,310.72920667332386,221,1:58:50
8.9%,447500,1789.9999999853196,-3528245.486420274,576267.08213221,311.40944621534305,221,1:58:46
9.0%,450000,1799.9999999850832,-3527018.8231251575,575578.6031512707,311.0373984881122,221,1:58:43
9.1%,452500,1809.9999999848467,-3529501.6405701563,574168.3324496011,310.2753011345801,221,1:58:38
9.1%,455000,1819.9999999846102,-3528282.7154465225,575041.4250467052,310.74711236688734,221,1:58:34
9.2%,457500,1829.9999999843737,-3526439.8458310273,578207.284538954,312.4579138022722,221,1:58:30
9.2%,460000,1839.9999999841373,-3527915.1202568226,577093.3502357543,311.85595392075993,221,1:58:26
9.2%,462500,1849.9999999839008,-3529927.2572780475,574374.0130269425,310.38644903227043,221,1:58:22
9.3%,465000,1859.9999999836643,-3526910.421463659,575136.4753472402,310.79847667758634,221,1:58:18
9.3%,467500,1869.9999999834279,-3523953.2920162827,576359.8209543343,311.45956142430754,221,1:58:14
9.4%,470000,1879.9999999831914,-3530251.878117973,573586.8186667201,309.96105641939783,221,1:58:10
9.4%,472500,1889.999999982955,-3529408.8673007917,575014.9984182213,310.73283165921436,221,1:58:06
9.5%,475000,1899.9999999827185,-3528029.639999831,577170.159586621,311.8974609895466,221,1:58:02
9.6%,477500,1909.999999982482,-3529837.7228315063,576004.6757896396,311.26764423435725,221,1:57:58
9.6%,480000,1919.9999999822455,-3528372.2951370496,576183.2353327028,311.3641361738517,221,1:57:54
9.7%,482500,1929.999999982009,-3530211.9062662497,577018.0929409841,311.81528556885377,221,1:57:50
9.7%,485000,1939.9999999817726,-3532050.129501948,573326.9289273258,309.82061438768847,221,1:57:46
9.8%,487500,1949.9999999815361,-3526877.7441535573,573475.8268069816,309.90107743630597,221,1:57:42
9.8%,490000,1959.9999999812997,-3529063.399136519,576439.60630669,311.5026766970058,221,1:57:38
9.8%,492500,1969.9999999810632,-3525632.686413098,575934.5518994399,311.22974992720236,221,1:57:34
9.9%,495000,1979.9999999808267,-3526072.967964178,575461.3794932822,310.9740518983982,221,1:57:31
9.9%,497500,1989.9999999805902,-3531906.671485409,575071.6114667129,310.7634248314186,221,1:57:27
10.0%,500000,1999.9999999803538,-3527261.558510119,578971.4447009239,312.87085894565666,221,1:57:23
10.1%,502500,2009.9999999801173,-3528888.544365378,575855.8301364211,311.1872094084275,221,1:57:20
10.1%,505000,2019.9999999798808,-3531422.808065133,575217.4706971671,310.84224582187517,221,1:57:16
10.2%,507500,2029.9999999796444,-3528070.5795432925,576526.3013626386,311.5495259101565,221,1:57:12
10.2%,510000,2039.999999979408,-3530016.814255828,575555.1314084962,311.0247145735772,221,1:57:08
10.2%,512500,2049.9999999791717,-3528137.8155053817,576437.6386558099,311.5016133965156,221,1:57:03
10.3%,515000,2059.999999978935,-3530896.897505032,576439.5103529618,311.5026248444911,221,1:57:00
10.3%,517500,2069.9999999786987,-3531539.0056802873,577891.1414210929,312.28707296074145,221,1:56:57
10.4%,520000,2079.9999999784623,-3530348.104560243,575046.2900318897,310.74974136026407,221,1:56:53
10.4%,522500,2089.999999978226,-3530685.2369904816,576304.547055042,311.42969191604914,221,1:56:49
10.5%,525000,2099.9999999779893,-3528506.3442223035,576154.1710928722,311.3484301251966,221,1:56:45
10.6%,527500,2109.999999977753,-3531863.126518544,575457.056734554,310.9717159192257,221,1:56:42
10.6%,530000,2119.9999999775164,-3529875.88880934,574684.6589752153,310.55431925377036,221,1:56:38
10.7%,532500,2129.99999997728,-3529158.167479543,573943.5194866437,310.15381427116677,221,1:56:34
10.7%,535000,2139.9999999770434,-3529028.0178764686,575454.2554120707,310.9702021102467,221,1:56:30
10.8%,537500,2149.999999976807,-3531354.5804640986,576063.8188404196,311.29960459659543,221,1:56:26
10.8%,540000,2159.9999999765705,-3529572.741602488,577236.5200135295,311.9333215556537,221,1:56:23
10.8%,542500,2169.999999976334,-3528926.1558644194,577516.1334869718,312.0844221123554,221,1:56:19
10.9%,545000,2179.9999999760976,-3531734.4886816554,574944.6117879093,310.6947953697124,221,1:56:15
10.9%,547500,2189.999999975861,-3530269.272455478,576106.2563519545,311.3225374386328,221,1:56:11
11.0%,550000,2199.9999999756246,-3530297.6663482506,575602.4385116464,311.0502788982642,221,1:56:07
11.1%,552500,2209.999999975388,-3532124.577523371,573531.4812278091,309.93115257491223,221,1:56:03
11.1%,555000,2219.9999999751517,-3530668.5312021524,575505.1151370486,310.9976862391882,221,1:55:59
11.2%,557500,2229.999999974915,-3527603.016825907,574658.5487229959,310.5402095129292,221,1:55:55
11.2%,560000,2239.9999999746788,-3531530.3192997873,577170.101021587,311.89742934153935,221,1:55:51
11.2%,562500,2249.9999999744423,-3527004.1274061296,575881.6420960359,311.20115795468087,221,1:55:47
11.3%,565000,2259.999999974206,-3531382.295267146,576327.2324861791,311.4419509149866,221,1:55:43
11.3%,567500,2269.9999999739694,-3528686.0613827836,578001.9714497065,312.34696449177744,221,1:55:39
11.4%,570000,2279.999999973733,-3530089.286736656,574243.7099074242,310.316034421498,221,1:55:36
11.4%,572500,2289.9999999734964,-3527332.5931209326,576349.6765321852,311.454079471613,221,1:55:32
11.5%,575000,2299.99999997326,-3529323.7956734505,577084.9781480376,311.85142972133855,221,1:55:27
11.6%,577500,2309.9999999730235,-3528942.522040244,574794.7652616415,310.61381968116586,221,1:55:23
11.6%,580000,2319.999999972787,-3529278.7794620153,573913.7605042445,310.13773278999906,221,1:55:20
11.7%,582500,2329.9999999725505,-3529243.6010238416,575014.1652853006,310.7323814418247,221,1:55:16
11.7%,585000,2339.999999972314,-3526409.6573720556,575987.4092387755,311.25831354862254,221,1:55:12
11.8%,587500,2349.9999999720776,-3528202.8006583415,576224.3183157131,311.3863370410968,221,1:55:08
11.8%,590000,2359.999999971841,-3529556.7868699357,574668.6411188473,310.5456633510895,221,1:55:04
11.8%,592500,2369.9999999716047,-3530284.104227174,575555.0386802747,311.02466446409676,221,1:55:00
11.9%,595000,2379.999999971368,-3529975.549358094,575594.8789494045,311.04619378015775,221,1:54:56
11.9%,597500,2389.9999999711317,-3528719.3310087677,574946.5949838719,310.6958670706226,221,1:54:52
12.0%,600000,2399.9999999708953,-3528604.5865324084,576185.6597106245,311.3654462854466,221,1:54:49
12.1%,602500,2409.999999970659,-3531194.9409085196,578708.5325578775,312.7287836347324,221,1:54:45
12.1%,605000,2419.9999999704223,-3530792.9362679254,576100.0704042267,311.3191946092122,221,1:54:41
12.2%,607500,2429.999999970186,-3527992.208354581,575094.4820303209,310.7757838742455,221,1:54:37
12.2%,610000,2439.9999999699494,-3532582.914496286,574777.9851862252,310.6047518823016,221,1:54:33
12.2%,612500,2449.999999969713,-3528138.073374504,574994.8970259838,310.7219690511999,221,1:54:30
12.3%,615000,2459.9999999694764,-3531291.115074273,577132.243576671,311.87697152549885,221,1:54:26
12.3%,617500,2469.99999996924,-3527934.1932019964,576257.8653788117,311.40446556633384,221,1:54:21
12.4%,620000,2479.9999999690035,-3532315.4791558255,574885.4388530152,310.662818858373,221,1:54:17
12.4%,622500,2489.999999968767,-3529586.1565333176,576911.7589938754,311.75782367902923,221,1:54:13
12.5%,625000,2499.9999999685306,-3528992.783287896,575629.5913841855,311.06495206156427,221,1:54:09
12.6%,627500,2509.999999968294,-3528647.188934006,576868.6608549214,311.73453383999333,221,1:54:06
12.6%,630000,2519.9999999680576,-3530231.82853291,577012.747215174,311.81239678765195,221,1:54:02
12.7%,632500,2529.999999967821,-3531220.1011600606,577107.003148605,311.863331829653,221,1:53:58
12.7%,635000,2539.9999999675847,-3529641.008845914,576069.098931175,311.3024579092157,221,1:53:54
12.8%,637500,2549.9999999673482,-3529549.0367595665,573829.6345846899,310.092271914594,221,1:53:50
12.8%,640000,2559.9999999671118,-3531023.0394274574,576368.2586070704,311.46412105446404,221,1:53:46
12.8%,642500,2569.9999999668753,-3530324.034704691,575838.5056475177,311.1778474135077,221,1:53:42
12.9%,645000,2579.999999966639,-3530474.204315299,576388.9696381978,311.47531310574357,221,1:53:38
12.9%,647500,2589.9999999664024,-3529739.470418738,574475.3928265676,310.44123374622956,221,1:53:34
13.0%,650000,2599.999999966166,-3532084.487882942,578158.1463633311,312.4313599828137,221,1:53:30
13.1%,652500,2609.9999999659294,-3530902.020061791,576076.6137104204,311.3065188270016,221,1:53:26
13.1%,655000,2619.999999965693,-3529509.73115756,576623.8942268975,311.6022641989739,221,1:53:22
13.2%,657500,2629.9999999654565,-3529723.225022061,576570.0077590572,311.573144445948,221,1:53:19
13.2%,660000,2639.99999996522,-3534928.0008488856,575018.0595645867,310.73448587463633,221,1:53:14
13.2%,662500,2649.9999999649835,-3528609.5803474095,575816.7288008679,311.16607940529457,221,1:53:10
13.3%,665000,2659.999999964747,-3527909.814896336,575734.8706837305,311.1218440295176,221,1:53:06
13.3%,667500,2669.9999999645106,-3528696.8500183523,576361.7999140192,311.4606308359721,221,1:53:02
13.4%,670000,2679.999999964274,-3531300.8092231397,574629.523825968,310.52452472476386,221,1:52:59
13.4%,672500,2689.9999999640377,-3530027.203454716,575191.9504668136,310.8284549234392,221,1:52:55
13.5%,675000,2699.999999963801,-3529380.8681726586,574721.4859078203,310.5742201904088,221,1:52:51
13.6%,677500,2709.9999999635647,-3527436.6483460385,576830.9570231014,311.7141590350612,221,1:52:46
13.6%,680000,2719.9999999633283,-3529752.132090399,576328.0474562787,311.4423913173543,221,1:52:42
13.7%,682500,2729.999999963092,-3526329.816057833,574407.9047867798,310.4047638284638,221,1:52:38
13.7%,685000,2739.9999999628553,-3527312.593968846,573849.1433656951,310.1028142809334,221,1:52:34
13.8%,687500,2749.999999962619,-3530674.673606094,577017.5329665483,311.81498296380425,221,1:52:30
13.8%,690000,2759.9999999623824,-3529392.0210545976,575514.5018236547,311.0027587185445,221,1:52:28
13.8%,692500,2769.999999962146,-3531719.65537362,576395.5402030128,311.47886377871066,221,1:52:24
13.9%,695000,2779.9999999619095,-3529553.184863763,578364.2261195089,312.54272359308635,221,1:52:21
13.9%,697500,2789.999999961673,-3529811.5861735754,577082.8135404426,311.850259987246,221,1:52:17
14.0%,700000,2799.9999999614365,-3529591.6788639314,576571.066969392,311.5737168334989,221,1:52:12
14.1%,702500,2809.9999999612,-3530726.281833209,574190.834612929,310.2874610972742,221,1:52:09
14.1%,705000,2819.9999999609636,-3528307.5402822997,574896.8544238051,310.6689877281352,221,1:52:05
14.2%,707500,2829.999999960727,-3528524.624959383,575112.5565297687,310.78555116798515,221,1:52:01
14.2%,710000,2839.9999999604906,-3530638.3598556127,575125.0251669474,310.7922891051661,221,1:51:57
14.2%,712500,2849.999999960254,-3529449.879745109,576282.1037275533,311.4175637477029,221,1:51:53
14.3%,715000,2859.9999999600177,-3526937.2545875665,575680.8591070927,311.09265666884494,221,1:51:49
14.3%,717500,2869.9999999597812,-3530010.150355395,577051.9135740628,311.83356192879916,221,1:51:45
14.4%,720000,2879.9999999595448,-3529851.622908475,574209.8780936135,310.2977520195876,221,1:51:41
14.4%,722500,2889.9999999593083,-3527589.9300667476,576879.617183893,311.74045453968864,221,1:51:37
14.5%,725000,2899.999999959072,-3531443.810294749,576359.0410803981,311.45913998758465,221,1:51:33
14.6%,727500,2909.9999999588354,-3527579.5184960496,577728.44510728,312.1991533648515,221,1:51:29
14.6%,730000,2919.999999958599,-3527421.665385952,574989.8728359209,310.7192540249669,221,1:51:25
14.7%,732500,2929.9999999583624,-3529358.089108262,575426.255283333,310.9550710974672,221,1:51:21
14.7%,735000,2939.999999958126,-3527001.5197277404,575771.583064552,311.1416830634228,221,1:51:17
14.8%,737500,2949.9999999578895,-3532927.318250235,573656.6335890377,309.99878376314274,221,1:51:13
14.8%,740000,2959.999999957653,-3529996.5694882497,576197.6585382256,311.3719303418405,221,1:51:09
14.8%,742500,2969.9999999574165,-3529409.5464877337,577224.0275957792,311.92657076766994,221,1:51:06
14.9%,745000,2979.99999995718,-3526391.2743866313,574596.3942879674,310.50662182626064,221,1:51:02
14.9%,747500,2989.9999999569436,-3527986.952883009,574972.0552840818,310.7096255833586,221,1:50:58
15.0%,750000,2999.999999956707,-3528442.6213129014,575347.7960100132,310.9126724257184,221,1:50:54
15.1%,752500,3009.9999999564707,-3528198.6838156413,575207.7446675298,310.836989964657,221,1:50:50
15.1%,755000,3019.999999956234,-3530086.380015455,573588.2228169168,309.96181520928656,221,1:50:46
15.2%,757500,3029.9999999559977,-3528717.776127817,576042.2915271779,311.28797143394746,221,1:50:42
15.2%,760000,3039.9999999557613,-3526165.4532188866,575667.895185974,311.085651084765,221,1:50:38
15.2%,762500,3049.999999955525,-3527058.287618842,578696.8249934445,312.7224569742833,221,1:50:34
15.3%,765000,3059.9999999552883,-3527681.465887945,574056.4485548835,310.2148401039664,221,1:50:30
15.3%,767500,3069.999999955052,-3528795.793313114,575524.270879051,311.0080378264882,221,1:50:27
15.4%,770000,3079.9999999548154,-3531051.008929787,577519.8298867668,312.0864196129048,221,1:50:23
15.4%,772500,3089.999999954579,-3528152.2883970235,575572.7474337405,311.034234112062,221,1:50:19
15.5%,775000,3099.9999999543425,-3530647.7024133056,575945.409543736,311.2356172986041,221,1:50:15
15.6%,777500,3109.999999954106,-3529966.383194048,576072.9947075349,311.3045631510323,221,1:50:11
15.6%,780000,3119.9999999538695,-3528017.866488507,576999.3388047781,311.80515100564304,221,1:50:07
15.7%,782500,3129.999999953633,-3528585.7950945515,574368.0453012374,310.38322412802967,221,1:50:03
15.7%,785000,3139.9999999533966,-3531764.036235297,575355.7374473594,310.916963905629,221,1:49:59
15.8%,787500,3149.99999995316,-3530954.215101918,575216.7599919564,310.8418617632971,221,1:49:56
15.8%,790000,3159.9999999529236,-3527314.180061247,574344.9473620837,310.37074221354317,221,1:49:52
15.8%,792500,3169.999999952687,-3529414.040439278,575573.1161215235,311.03443334755866,221,1:49:48
15.9%,795000,3179.9999999524507,-3530359.4208935443,577295.9751178643,311.9654505487711,221,1:49:44
15.9%,797500,3189.9999999522142,-3528149.6377968453,574259.2671473518,310.3244414112787,221,1:49:40
16.0%,800000,3199.9999999519778,-3527203.3091735616,577877.7350483978,312.2798282798874,221,1:49:36
16.1%,802500,3209.9999999517413,-3528383.7578633763,577627.4505370586,312.1445768253291,221,1:49:32
16.1%,805000,3219.999999951505,-3529546.653512154,574431.3838247261,310.4174516852428,221,1:49:28
16.1%,807500,3229.9999999512684,-3529335.2111042403,575083.3121182416,310.76974775619755,221,1:49:24
16.2%,810000,3239.999999951032,-3528106.5555622485,574726.4388264897,310.57689670223436,221,1:49:20
16.2%,812500,3249.9999999507954,-3530194.0853933915,576333.9506105315,311.44558132777445,221,1:49:16
16.3%,815000,3259.999999950559,-3530642.5665633716,573676.1386093914,310.00932409726056,221,1:49:12
16.4%,817500,3269.9999999503225,-3530320.741263088,574593.9150156699,310.50528205024864,221,1:49:08
16.4%,820000,3279.999999950086,-3529529.6746837124,577490.7401817515,312.07069980309745,221,1:49:05
16.4%,822500,3289.9999999498496,-3529218.392008148,573819.1091826445,310.0865840838576,221,1:49:01
16.5%,825000,3299.999999949613,-3528232.1199120097,575718.6316174064,311.1130685870052,221,1:48:57
16.6%,827500,3309.9999999493766,-3528634.9872844536,575438.0062458697,310.9614212098535,221,1:48:53
16.6%,830000,3319.99999994914,-3528086.4001944233,577990.6079317204,312.34082375087314,221,1:48:49
16.6%,832500,3329.9999999489037,-3525593.100374721,576187.9230586309,311.366669377952,221,1:48:45
16.7%,835000,3339.999999948667,-3527875.1305073462,576979.6520555485,311.79451246690735,221,1:48:41
16.8%,837500,3349.9999999484307,-3531055.8390117455,575105.8116823895,310.7819063143187,221,1:48:37
16.8%,840000,3359.9999999481943,-3531106.2082015797,577378.263550019,312.00991846283694,221,1:48:33
16.9%,842500,3369.999999947958,-3532534.6747429967,574597.1428911762,310.50702636456924,221,1:48:29
16.9%,845000,3379.9999999477213,-3532404.2146838214,577572.4177872877,312.1148376320605,221,1:48:25
16.9%,847500,3389.999999947485,-3528296.7648769543,574034.1909288671,310.2028122869928,221,1:48:21
17.0%,850000,3399.9999999472484,-3529906.3883928955,574391.1975349537,310.39573538279984,221,1:48:17
17.1%,852500,3409.999999947012,-3531392.952492295,575340.6744496019,310.90882399978426,221,1:48:13
17.1%,855000,3419.9999999467755,-3530754.1466522366,574210.2505171658,310.2979532738597,221,1:48:09
17.1%,857500,3429.999999946539,-3527933.515266357,576725.2828539088,311.65705368317157,221,1:48:05
17.2%,860000,3439.9999999463025,-3532213.7888154723,577043.9214626121,311.82924306506715,221,1:48:01
17.2%,862500,3449.999999946066,-3527601.6447239723,575809.2222332819,311.1620229250141,221,1:47:57
17.3%,865000,3459.9999999458296,-3531825.574812649,575127.2235976399,310.7934771169505,221,1:47:53
17.4%,867500,3469.999999945593,-3534206.8845454175,575224.98630224,310.84630718593064,221,1:47:50
17.4%,870000,3479.9999999453566,-3532353.0927084424,576513.7847970616,311.54276207290866,221,1:47:46
17.4%,872500,3489.99999994512,-3529644.1560174525,574749.3694135498,310.58928818118426,221,1:47:42
17.5%,875000,3499.9999999448837,-3530569.0570442267,577135.8386124468,311.8789142498619,221,1:47:37
17.6%,877500,3509.9999999446472,-3532938.9493341185,574140.1205692559,310.26005569317385,221,1:47:34
17.6%,880000,3519.999999944411,-3527014.01375252,575282.8938676437,310.87759990320205,221,1:47:30
17.6%,882500,3529.9999999441743,-3529803.5923335515,575607.4517821828,311.0529880236852,221,1:47:26
17.7%,885000,3539.999999943938,-3527512.517180601,576104.604192565,311.3216446268507,221,1:47:22
17.8%,887500,3549.9999999437014,-3532009.5878604185,576900.9318675258,311.75197279924595,221,1:47:18
17.8%,890000,3559.999999943465,-3530169.449886134,574035.5352756523,310.20353875966646,221,1:47:14
17.9%,892500,3569.9999999432284,-3530684.1488789935,576208.1280196342,311.37758795357763,221,1:47:10
17.9%,895000,3579.999999942992,-3531837.89663543,575231.3484936247,310.849745255807,221,1:47:06
17.9%,897500,3589.9999999427555,-3528472.8531007785,575581.481120809,311.0389537164567,221,1:47:02
18.0%,900000,3599.999999942519,-3531343.2622414343,575961.7263746394,311.244434764382,221,1:46:58
18.1%,902500,3609.9999999422826,-3529177.439076053,576379.5546165676,311.4702253144001,221,1:46:54
18.1%,905000,3619.999999942046,-3527313.8787599336,575422.0897781593,310.95282009667335,221,1:46:50
18.1%,907500,3629.9999999418096,-3529440.1773149706,574956.7414007096,310.7013501012285,221,1:46:46
18.2%,910000,3639.999999941573,-3531952.91461784,575470.7331262566,310.979106515875,221,1:46:42
18.2%,912500,3649.9999999413367,-3526126.559539959,576647.9147559169,311.61524467256277,221,1:46:38
18.3%,915000,3659.9999999411,-3528198.69381484,574938.1239001036,310.69128937464285,221,1:46:34
18.4%,917500,3669.9999999408637,-3531426.1521447245,576753.9546364581,311.67254765151114,221,1:46:30
18.4%,920000,3679.9999999406273,-3530171.965874141,575882.838702556,311.20180458987016,221,1:46:26
18.4%,922500,3689.999999940391,-3528841.9241198115,577146.7871983529,311.88483076527564,221,1:46:22
18.5%,925000,3699.9999999401543,-3528107.1499128826,576632.0266415931,311.6066588812927,221,1:46:18
18.6%,927500,3709.999999939918,-3528165.771024421,575237.0373645588,310.8528194694869,221,1:46:14
18.6%,930000,3719.9999999396814,-3530578.31188618,576057.925350214,311.2964198085378,221,1:46:11
18.6%,932500,3729.999999939445,-3529825.607386565,574645.354507808,310.53307948004635,221,1:46:07
18.7%,935000,3739.9999999392085,-3530903.236762615,576564.1423716226,311.56997484437005,221,1:46:03
18.8%,937500,3749.999999938972,-3528639.1103713606,575302.5062140103,310.888198235313,221,1:45:59
18.8%,940000,3759.9999999387355,-3532201.138375109,575664.3534668374,311.08373717222486,221,1:45:55
18.9%,942500,3769.999999938499,-3529029.81964802,574652.0943378058,310.5367216223659,221,1:45:51
18.9%,945000,3779.9999999382626,-3527274.2879234217,575574.7703791875,311.03532729322905,221,1:45:47
18.9%,947500,3789.999999938026,-3531212.860244848,574943.8992987226,310.6944103470902,221,1:45:43
19.0%,950000,3799.9999999377897,-3530198.932836173,576856.1215411689,311.72775770984003,221,1:45:39
19.1%,952500,3809.999999937553,-3528862.992026789,574737.7383579307,310.58300286539657,221,1:45:35
19.1%,955000,3819.9999999373167,-3527556.459479682,574502.1965961796,310.45571825750943,221,1:45:31
19.1%,957500,3829.9999999370802,-3529845.1864331793,574249.8668736701,310.3193615895915,221,1:45:27
19.2%,960000,3839.999999936844,-3529850.5260211676,575785.8080511749,311.14937011573585,221,1:45:23
19.2%,962500,3849.9999999366073,-3529625.627730759,576734.8377593778,311.6622170664586,221,1:45:19
19.3%,965000,3859.999999936371,-3529742.9507794846,573514.6751618133,309.92207073097717,221,1:45:15
19.4%,967500,3869.9999999361344,-3531079.8829643335,577301.7205917991,311.9685553501935,221,1:45:11
19.4%,970000,3879.999999935898,-3528338.496752169,575641.907300313,311.07160746968975,221,1:45:07
19.4%,972500,3889.9999999356614,-3527526.9778084513,574834.8968100108,310.63550640185656,221,1:45:03
19.5%,975000,3899.999999935425,-3531402.668208955,575850.1888158233,311.1841608905133,221,1:44:59
19.6%,977500,3909.9999999351885,-3530759.7334408723,578026.5447985299,312.36024370411855,221,1:44:55
19.6%,980000,3919.999999934952,-3528247.9526131153,576441.748484505,311.503834310251,221,1:44:51
19.6%,982500,3929.9999999347156,-3533488.748266289,577052.2787184061,311.8337592494535,221,1:44:48
19.7%,985000,3939.999999934479,-3528224.8684175685,576640.0971598898,311.6110201153652,221,1:44:45
19.8%,987500,3949.9999999342426,-3529379.561922077,575582.41295134,311.03945726912985,221,1:44:41
19.8%,990000,3959.999999934006,-3526698.8154408485,576734.4069108437,311.6619842398621,221,1:44:37
19.9%,992500,3969.9999999337697,-3529901.473880904,576547.2294487061,311.5608352559351,221,1:44:33
19.9%,995000,3979.999999933533,-3525766.1224936564,574502.5201249797,310.4558930895059,221,1:44:29
19.9%,997500,3989.9999999332967,-3527742.995430447,575212.511504127,310.8395659194372,221,1:44:25
20.0%,1000000,3999.9999999330603,-3527429.987445226,577332.0849930901,311.98496399417803,221,1:44:21
20.1%,1002500,4009.999999932824,-3530367.932510985,576533.3288966876,311.5533235251068,221,1:44:17
20.1%,1005000,4019.9999999325873,-3529053.367616197,575334.6877129928,310.9055888222253,221,1:44:13
20.1%,1007500,4029.999999932351,-3527807.1507240217,575498.1439262824,310.99391906082343,221,1:44:09
20.2%,1010000,4039.9999999321144,-3526873.2056838106,576732.7046999233,311.66106438069176,221,1:44:05
20.2%,1012500,4049.999999931878,-3531616.248496216,575417.2585696296,310.9502093558911,221,1:44:02
20.3%,1015000,4059.9999999316415,-3525478.1457294133,575228.4834301072,310.84819700175774,221,1:43:58
20.4%,1017500,4069.999999931405,-3528126.689089516,576927.0518134773,311.766087778491,221,1:43:54
20.4%,1020000,4079.9999999311685,-3529089.152637709,577045.5195923208,311.83010667970524,221,1:43:50
20.4%,1022500,4089.999999930932,-3529550.074047582,575386.5418769461,310.933610336869,221,1:43:46
20.5%,1025000,4099.999999930696,-3529130.2033263315,574493.7451974631,310.4511511991511,221,1:43:42
20.6%,1027500,4109.999999930459,-3529361.52913082,573515.2221017326,309.9223662922936,221,1:43:38
20.6%,1030000,4119.999999930223,-3529823.4568203315,575010.2757985546,310.7302795988578,221,1:43:34
20.6%,1032500,4129.999999929986,-3529538.1517327093,574982.3814772246,310.715205763431,221,1:43:30
20.7%,1035000,4139.99999992975,-3529668.6158463005,576142.2052771663,311.3419639081282,221,1:43:26
20.8%,1037500,4149.999999929513,-3527021.45226595,575107.1869878148,310.78264951675754,221,1:43:22
20.8%,1040000,4159.999999929277,-3528821.6533386223,576733.9046750439,311.66171283624186,221,1:43:18
20.9%,1042500,4169.99999992904,-3530103.249981016,576825.1517951904,311.71102194313806,221,1:43:14
20.9%,1045000,4179.999999928804,-3528577.2170427274,575750.0899982646,311.1300684075149,221,1:43:11
20.9%,1047500,4189.999999928567,-3528790.428305896,577013.397685586,311.81274829589705,221,1:43:07
21.0%,1050000,4199.999999928331,-3530361.411827607,573890.1807828868,310.1249905248279,221,1:43:03
21.1%,1052500,4209.999999928094,-3529290.9946983308,576071.7678629997,311.3039001754969,221,1:42:59
21.1%,1055000,4219.999999927858,-3532015.1894741934,575393.9894432221,310.93763493338264,221,1:42:55
21.1%,1057500,4229.9999999276215,-3528922.8001686037,575161.8507271411,310.81218930016615,221,1:42:51
21.2%,1060000,4239.999999927385,-3528478.7438945025,576738.3817746302,311.66413221979866,221,1:42:47
21.2%,1062500,4249.999999927149,-3528318.1451414227,573886.3780283938,310.1229355511752,221,1:42:43
21.3%,1065000,4259.999999926912,-3526401.926003495,574739.0880418776,310.58373222222355,221,1:42:39
21.4%,1067500,4269.999999926676,-3531100.5629324336,577126.9607751255,311.87411674799256,221,1:42:35
21.4%,1070000,4279.999999926439,-3527727.0680137593,576968.0009035128,311.78821629120046,221,1:42:31
21.4%,1072500,4289.999999926203,-3531016.851962926,575069.8568722841,310.7624766646808,221,1:42:27
21.5%,1075000,4299.999999925966,-3531662.04179159,575343.0605340194,310.91011341792057,221,1:42:23
21.6%,1077500,4309.99999992573,-3529428.3181199823,576763.7356153023,311.6778332027768,221,1:42:19
21.6%,1080000,4319.999999925493,-3527664.6237686425,576948.9467913838,311.7779196237519,221,1:42:15
21.6%,1082500,4329.999999925257,-3532368.5946713015,576029.9508836234,311.2813026633472,221,1:42:12
21.7%,1085000,4339.99999992502,-3528909.2607055213,574541.1841711088,310.4767867854445,221,1:42:08
21.8%,1087500,4349.999999924784,-3528884.230080178,576886.4456911576,311.74414460238984,221,1:42:04
21.8%,1090000,4359.999999924547,-3529220.5973640494,576961.7109336853,311.78481724919124,221,1:42:00
21.9%,1092500,4369.999999924311,-3528017.9789405987,573190.7619680556,309.74703101169166,221,1:41:56
21.9%,1095000,4379.9999999240745,-3529566.3022370003,577872.1936887265,312.27683377994106,221,1:41:52
21.9%,1097500,4389.999999923838,-3526866.3257235847,574427.7040043817,310.4154631440764,221,1:41:48
22.0%,1100000,4399.9999999236015,-3529785.898368966,578681.6819111381,312.7142737914828,221,1:41:44
22.1%,1102500,4409.999999923365,-3527212.901790375,578512.0521180939,312.6226074070035,221,1:41:40
22.1%,1105000,4419.999999923129,-3525612.3561579213,575892.1621808051,311.20684291201,221,1:41:36
22.1%,1107500,4429.999999922892,-3528611.790969258,574868.3827029257,310.6536018712873,221,1:41:32
22.2%,1110000,4439.999999922656,-3531348.1198788527,575871.0414250545,311.19542944930174,221,1:41:28
22.2%,1112500,4449.999999922419,-3528481.978383489,578550.3637106098,312.64331064024185,221,1:41:24
22.3%,1115000,4459.999999922183,-3528280.8540971912,576164.8433399287,311.3541973096303,221,1:41:20
22.4%,1117500,4469.999999921946,-3530829.366582753,575349.4820589835,310.91358355111913,221,1:41:16
22.4%,1120000,4479.99999992171,-3531328.5479384474,577366.9342074785,312.00379619002996,221,1:41:12
22.4%,1122500,4489.999999921473,-3530552.629302336,575049.3700665815,310.7514057827644,221,1:41:08
22.5%,1125000,4499.999999921237,-3530521.0027503893,575820.2950432319,311.1680065699619,221,1:41:04
22.6%,1127500,4509.999999921,-3529767.105192812,576330.6587268359,311.4438024240153,221,1:41:00
22.6%,1130000,4519.999999920764,-3527747.121461712,575727.9303963025,311.1180935618412,221,1:40:56
22.6%,1132500,4529.999999920527,-3528681.7421849445,574898.034221289,310.6696252798755,221,1:40:53
22.7%,1135000,4539.999999920291,-3529156.1304736044,578530.7520214939,312.6327126633032,221,1:40:49
22.8%,1137500,4549.9999999200545,-3530281.03678458,577392.8068275822,312.0177775166551,221,1:40:45
22.8%,1140000,4559.999999919818,-3528252.9913123343,576019.5317594516,311.27567226419893,221,1:40:41
22.9%,1142500,4569.999999919582,-3531558.5397724435,576697.4167625754,311.64199510297607,221,1:40:37
22.9%,1145000,4579.999999919345,-3529084.3667906057,574795.0402519247,310.6139682833929,221,1:40:33
22.9%,1147500,4589.999999919109,-3528282.9195233565,576953.7703478674,311.7805262294387,221,1:40:29
23.0%,1150000,4599.999999918872,-3531217.6975753754,575000.0174168235,310.72473606345034,221,1:40:25
23.1%,1152500,4609.999999918636,-3528955.6454464383,575977.1763622025,311.2527837959686,221,1:40:21
23.1%,1155000,4619.999999918399,-3530412.786437547,574787.7793046308,310.6100445340658,221,1:40:17
23.1%,1157500,4629.999999918163,-3530449.7099232785,575376.666397762,310.92827371848637,221,1:40:13
23.2%,1160000,4639.999999917926,-3530084.6662195586,575775.2279108935,311.14365270495875,221,1:40:09
23.2%,1162500,4649.99999991769,-3528359.662189558,576984.6375440278,311.7972065791594,221,1:40:06
23.3%,1165000,4659.999999917453,-3530138.7924402,576025.4719338731,311.2788822799788,221,1:40:02
23.4%,1167500,4669.999999917217,-3530575.75423697,575517.1554612374,311.00419271995753,221,1:39:58
23.4%,1170000,4679.99999991698,-3531954.208426388,574741.8221316694,310.5852096992726,221,1:39:54
23.4%,1172500,4689.999999916744,-3527575.230312137,576588.8002962183,311.58329976068273,221,1:39:50
23.5%,1175000,4699.9999999165075,-3529299.2136345617,576313.408095218,311.4344803408953,221,1:39:46
23.6%,1177500,4709.999999916271,-3528438.728628807,575704.8367085063,311.1056139447493,221,1:39:42
23.6%,1180000,4719.9999999160345,-3528529.6614501923,576420.9601688266,311.4926004951089,221,1:39:38
23.6%,1182500,4729.999999915798,-3525872.1464849245,574111.6890460443,310.24469155877694,221,1:39:34
23.7%,1185000,4739.999999915562,-3531046.670380892,575774.7952318398,311.1434188891662,221,1:39:30
23.8%,1187500,4749.999999915325,-3528373.6014530566,576885.6187619161,311.74369773741154,221,1:39:26
23.8%,1190000,4759.999999915089,-3529975.4195994195,575961.3900744262,311.244253030831,221,1:39:22
23.9%,1192500,4769.999999914852,-3530731.065302182,577477.0673641111,312.06331113783847,221,1:39:19
23.9%,1195000,4779.999999914616,-3532105.3069282956,575693.3732351515,311.09941918888035,221,1:39:15
23.9%,1197500,4789.999999914379,-3536328.801392602,576248.4033503692,311.39935237294014,221,1:39:11
24.0%,1200000,4799.999999914143,-3528391.127508113,576200.9827004769,311.37372668863503,221,1:39:07
24.1%,1202500,4809.999999913906,-3527767.354278432,576247.4433368382,311.3988335904323,221,1:39:03
24.1%,1205000,4819.99999991367,-3531917.272996936,575640.2987228549,311.07073820918373,221,1:38:59
24.1%,1207500,4829.999999913433,-3530932.412838118,576693.315814766,311.6397789883898,221,1:38:55
24.2%,1210000,4839.999999913197,-3527746.3593715783,575844.1919260633,311.1809202262847,221,1:38:51
24.2%,1212500,4849.99999991296,-3532163.3133581355,574065.1010244591,310.21951581917295,221,1:38:47
24.3%,1215000,4859.999999912724,-3528604.9675624575,576752.366669452,311.6716895287044,221,1:38:43
24.4%,1217500,4869.9999999124875,-3532049.2759409864,576081.5469150438,311.3091846855375,221,1:38:40
24.4%,1220000,4879.999999912251,-3531649.2600152735,575899.702406934,311.21091758105837,221,1:38:36
24.4%,1222500,4889.999999912015,-3530286.0831429753,575467.5633550726,310.9773936005973,221,1:38:32
24.5%,1225000,4899.999999911778,-3529577.8349011987,576257.2854411919,311.4041521733627,221,1:38:28
24.6%,1227500,4909.999999911542,-3526957.9790183846,573306.2036279007,309.8094146259517,221,1:38:24
24.6%,1230000,4919.999999911305,-3527836.051699063,576257.0113253172,311.404004043658,221,1:38:20
24.6%,1232500,4929.999999911069,-3531232.1456904355,575536.3355100706,311.01455744244595,221,1:38:16
24.7%,1235000,4939.999999910832,-3527285.5629635267,574665.2265506284,310.5438181497392,221,1:38:12
24.8%,1237500,4949.999999910596,-3529523.869729394,576547.7588380915,311.56112133310387,221,1:38:08
24.8%,1240000,4959.999999910359,-3532498.4928545915,573685.4777849321,310.0143709020728,221,1:38:04
24.9%,1242500,4969.999999910123,-3530714.8313827757,577361.3869050753,312.0007984786858,221,1:38:00
24.9%,1245000,4979.999999909886,-3528284.7963059675,576982.0959093571,311.79583310309283,221,1:37:56
24.9%,1247500,4989.99999990965,-3530322.5988427624,575433.3985093085,310.95893123127354,221,1:37:52
25.0%,1250000,4999.999999909413,-3530541.919347819,577243.3744509183,311.93702563075635,221,1:37:48
25.1%,1252500,5009.999999909177,-3529607.9652132876,574997.7719416944,310.72352262928393,221,1:37:45
25.1%,1255000,5019.9999999089405,-3526733.694412099,577398.8332468314,312.02103413834885,221,1:37:41
25.1%,1257500,5029.999999908704,-3527130.3002999406,575686.7580044693,311.0958443788882,221,1:37:37
25.2%,1260000,5039.9999999084675,-3527615.3290899005,574695.6267189858,310.56024612191834,221,1:37:33
25.2%,1262500,5049.999999908231,-3529227.2377146073,575432.0789153271,310.95821813478807,221,1:37:29
25.3%,1265000,5059.999999907995,-3528558.057170879,575021.2873830494,310.7362301581311,221,1:37:25
25.4%,1267500,5069.999999907758,-3526837.217656497,575937.6656188306,311.2314325526051,221,1:37:21
25.4%,1270000,5079.999999907522,-3532268.3511697687,578085.634996016,312.3921755049214,221,1:37:18
25.4%,1272500,5089.999999907285,-3531407.9875467494,576577.1414552145,311.5769994299279,221,1:37:14
25.5%,1275000,5099.999999907049,-3530828.292797029,575912.8484249059,311.2180215686077,221,1:37:10
25.6%,1277500,5109.999999906812,-3529568.475051949,575865.7015704545,311.19254384084786,221,1:37:06
25.6%,1280000,5119.999999906576,-3531899.6438663956,575304.1535104883,310.8890884192223,221,1:37:02
25.6%,1282500,5129.999999906339,-3533426.9699850827,575565.1257312855,311.03011541395426,221,1:36:58
25.7%,1285000,5139.999999906103,-3529247.83815738,575949.10736912,311.2376155695287,221,1:36:54
25.8%,1287500,5149.999999905866,-3529284.74930574,575414.1325306031,310.9485200730702,221,1:36:50
25.8%,1290000,5159.99999990563,-3530572.4075785168,576737.0476757062,311.66341128497527,221,1:36:46
25.9%,1292500,5169.999999905393,-3531111.6050800867,575102.549777729,310.7801436109552,221,1:36:42
25.9%,1295000,5179.999999905157,-3531616.4439287726,576055.0876811338,311.2948863581912,221,1:36:38
25.9%,1297500,5189.9999999049205,-3530534.3405149095,574612.1875736977,310.51515637302845,221,1:36:34
26.0%,1300000,5199.999999904684,-3527112.4940922875,575273.557043389,310.87255436900324,221,1:36:30
26.1%,1302500,5209.999999904448,-3531471.4803438447,576331.5410924815,311.444279246318,221,1:36:27
26.1%,1305000,5219.999999904211,-3531491.864392968,575668.8147300233,311.08614799793605,221,1:36:23
26.1%,1307500,5229.999999903975,-3526860.2692273557,575922.3122238652,311.2231357187724,221,1:36:19
26.2%,1310000,5239.999999903738,-3531946.53606249,574526.9566859473,310.4690983829441,221,1:36:15
26.2%,1312500,5249.999999903502,-3530311.851931561,575221.1657406235,310.84424258947155,221,1:36:11
26.3%,1315000,5259.999999903265,-3528866.6537250634,577523.425855315,312.0883628413295,221,1:36:07
26.4%,1317500,5269.999999903029,-3529912.0940593164,575374.5550582218,310.927132769962,221,1:36:03
26.4%,1320000,5279.999999902792,-3529832.481662588,578141.1103974406,312.42215390308405,221,1:35:59
26.4%,1322500,5289.999999902556,-3528936.512518095,575684.3067878989,311.09451976393376,221,1:35:55
26.5%,1325000,5299.999999902319,-3530570.1895503905,578655.4428096414,312.7000944216738,221,1:35:51
26.6%,1327500,5309.999999902083,-3526532.3969650716,577453.9238483394,312.0508045941656,221,1:35:47
26.6%,1330000,5319.999999901846,-3527198.083906641,577902.7035592691,312.293321034175,221,1:35:43
26.6%,1332500,5329.99999990161,-3528187.9067804143,575878.0043164443,311.19919213195175,221,1:35:39
26.7%,1335000,5339.9999999013735,-3529703.471869521,576744.4119403528,311.6673908660523,221,1:35:35
26.8%,1337500,5349.999999901137,-3530111.3846838474,575806.4901711154,311.16054654367514,221,1:35:31
26.8%,1340000,5359.999999900901,-3531282.304351164,577012.685756753,311.8123635760848,221,1:35:28
26.9%,1342500,5369.999999900664,-3530150.424678562,577335.9051577346,311.98702837611705,221,1:35:23
26.9%,1345000,5379.999999900428,-3530100.855569534,576541.1853175508,311.55756906288974,221,1:35:20
26.9%,1347500,5389.999999900191,-3528870.0185580887,576594.9262794306,311.586610185829,221,1:35:16
27.0%,1350000,5399.999999899955,-3528785.908921661,577040.4678051095,311.8273767402264,221,1:35:12
27.1%,1352500,5409.999999899718,-3533916.539552072,574411.172595625,310.40652972239457,221,1:35:08
27.1%,1355000,5419.999999899482,-3528585.1256043185,577575.1409352297,312.1163091962343,221,1:35:04
27.1%,1357500,5429.999999899245,-3532178.0322638545,577927.8286798793,312.3068984189292,221,1:35:00
27.2%,1360000,5439.999999899009,-3530147.4752189238,574222.3161568881,310.30447343491124,221,1:34:56
27.2%,1362500,5449.999999898772,-3533392.620880846,577482.6200595605,312.0663117635354,221,1:34:52
27.3%,1365000,5459.999999898536,-3529052.022657808,577895.7737545174,312.2895762312407,221,1:34:48
27.4%,1367500,5469.999999898299,-3528588.101539701,577214.510174791,311.9214276406526,221,1:34:44
27.4%,1370000,5479.999999898063,-3530066.4382769465,575664.7680965641,311.0839612343266,221,1:34:40
27.4%,1372500,5489.9999998978265,-3533080.1794740986,577543.4725624691,312.0991958980264,221,1:34:36
27.5%,1375000,5499.99999989759,-3529900.3985550217,576790.2214907272,311.69214592695334,221,1:34:32
27.6%,1377500,5509.9999998973535,-3530026.124543911,574530.4031141917,310.47096080116006,221,1:34:28
27.6%,1380000,5519.999999897117,-3531416.312523721,576324.504795491,311.4404768959545,221,1:34:24
27.6%,1382500,5529.999999896881,-3528714.0037977956,576074.8455199004,311.30556331306076,221,1:34:21
27.7%,1385000,5539.999999896644,-3529195.9870250933,577166.6953261562,311.8955889349623,221,1:34:17
27.8%,1387500,5549.999999896408,-3529787.6442797985,575488.4536041173,310.9886824995957,221,1:34:13
27.8%,1390000,5559.999999896171,-3529856.319494296,575530.9919592079,311.0116698365657,221,1:34:09
27.9%,1392500,5569.999999895935,-3529554.8408890776,573642.1789459509,309.9909726065828,221,1:34:05
27.9%,1395000,5579.999999895698,-3530188.4882919677,573925.7168784512,310.14419390496795,221,1:34:01
27.9%,1397500,5589.999999895462,-3533236.3687883746,574353.0362273983,310.37511336217585,221,1:33:57
28.0%,1400000,5599.999999895225,-3532499.4529667515,576612.4309729182,311.5960695616534,221,1:33:53
28.1%,1402500,5609.999999894989,-3528684.926774727,575871.1221212448,311.1954730567829,221,1:33:49
28.1%,1405000,5619.999999894752,-3532715.7197785284,574295.962211329,310.3442710873201,221,1:33:45
28.1%,1407500,5629.999999894516,-3532007.5536701735,575808.4678216802,311.1616152479033,221,1:33:41
28.2%,1410000,5639.999999894279,-3531536.635289155,575153.2907146513,310.80756354792084,221,1:33:37
28.2%,1412500,5649.999999894043,-3532931.246774005,574986.6744456387,310.71752564419097,221,1:33:33
28.3%,1415000,5659.9999998938065,-3524923.7744202875,575403.2019374097,310.94261328075345,221,1:33:29
28.4%,1417500,5669.99999989357,-3531161.1214651223,575948.282374314,311.2371697499016,221,1:33:26
28.4%,1420000,5679.999999893334,-3529322.4987570588,576235.0432860898,311.39213271672924,221,1:33:22
28.4%,1422500,5689.999999893097,-3530478.0039986223,577006.6892680458,311.8091231285816,221,1:33:18
28.5%,1425000,5699.999999892861,-3529482.7108362634,574856.3351885863,310.6470915050265,221,1:33:14
28.6%,1427500,5709.999999892624,-3529645.0114652384,574116.5688929361,310.247328583284,221,1:33:10
28.6%,1430000,5719.999999892388,-3527729.8094816245,575474.2520656174,310.9810081184333,221,1:33:06
28.6%,1432500,5729.999999892151,-3529579.8612725195,575485.3479977953,310.98700425842094,221,1:33:02
28.7%,1435000,5739.999999891915,-3526677.0359705016,576698.7912557787,311.6427378664976,221,1:32:58
28.8%,1437500,5749.999999891678,-3529981.7298561223,576314.8239225785,311.43524544101626,221,1:32:55
28.8%,1440000,5759.999999891442,-3529275.7886229176,574668.1463533777,310.5453959843673,221,1:32:51
28.9%,1442500,5769.999999891205,-3528377.563337153,574652.0288702874,310.53668624431936,221,1:32:47
28.9%,1445000,5779.999999890969,-3532650.7224022765,576118.6760333359,311.32924892054984,221,1:32:43
28.9%,1447500,5789.999999890732,-3529428.3195779882,574911.3245345155,310.67680724325714,221,1:32:39
29.0%,1450000,5799.999999890496,-3525883.6412429977,575329.775069285,310.9029340746196,221,1:32:35
29.1%,1452500,5809.9999998902595,-3532764.055687595,575905.5504173262,311.21407779224194,221,1:32:31
29.1%,1455000,5819.999999890023,-3528195.582506191,576650.5970226207,311.6166941448903,221,1:32:27
29.1%,1457500,5829.9999998897865,-3528767.6797131505,576953.043148868,311.7801332577686,221,1:32:23
29.2%,1460000,5839.99999988955,-3531723.128222296,575372.498394493,310.92602136774474,221,1:32:19
29.2%,1462500,5849.999999889314,-3529406.0753542576,575268.7311895776,310.86994652186166,221,1:32:15
29.3%,1465000,5859.999999889077,-3530754.0100434795,576689.6274173647,311.63778581226063,221,1:32:11
29.4%,1467500,5869.999999888841,-3531195.934635645,574778.3001990956,310.60492211236783,221,1:32:07
29.4%,1470000,5879.999999888604,-3532590.8925513104,577036.802083836,311.8253958180687,221,1:32:03
29.4%,1472500,5889.999999888368,-3530765.9485996794,576210.4566238292,311.3788463099289,221,1:31:59
29.5%,1475000,5899.999999888131,-3526945.6783363502,575832.2990772638,311.1744934398632,221,1:31:55
29.6%,1477500,5909.999999887895,-3528988.9325534757,577469.6785402094,312.05931828516526,221,1:31:51
29.6%,1480000,5919.999999887658,-3528503.767840134,577046.776046219,311.83078565586885,221,1:31:48
29.6%,1482500,5929.999999887422,-3529126.8939204253,575850.0678493249,311.1840955213269,221,1:31:44
29.7%,1485000,5939.999999887185,-3532425.8810968306,576721.635225284,311.6550825381153,221,1:31:40
29.8%,1487500,5949.999999886949,-3532343.6568363067,574253.6810281972,310.3214227237181,221,1:31:36
29.8%,1490000,5959.999999886712,-3531116.312163096,575231.6212147347,310.8498926317937,221,1:31:32
29.9%,1492500,5969.999999886476,-3531543.5798068084,576375.6721120311,311.46812724455526,221,1:31:28
29.9%,1495000,5979.9999998862395,-3530583.5123805404,576346.868190509,311.4525618695266,221,1:31:24
29.9%,1497500,5989.999999886003,-3530058.505075155,574238.7474692385,310.31335276541313,221,1:31:20
30.0%,1500000,5999.999999885767,-3528679.8491611164,576051.4116941204,311.2928998885218,221,1:31:16
30.1%,1502500,6009.99999988553,-3533307.9685184825,575229.8060047122,310.8489117089449,221,1:31:12
30.1%,1505000,6019.999999885294,-3528191.453749858,575912.0233298062,311.21757569478274,221,1:31:08
30.1%,1507500,6029.999999885057,-3532064.9146510214,577551.2573537298,312.10340272782906,221,1:31:05
30.2%,1510000,6039.999999884821,-3529316.765952654,575906.4853941198,311.21458304512646,221,1:31:01
30.2%,1512500,6049.999999884584,-3529167.601955775,575932.2379371633,311.2284994832096,221,1:30:57
30.3%,1515000,6059.999999884348,-3528082.577703366,576610.9639074911,311.5952767729512,221,1:30:53
30.4%,1517500,6069.999999884111,-3530546.7076617833,575911.3436263244,311.21720838925484,221,1:30:49
30.4%,1520000,6079.999999883875,-3527018.58336892,574352.253611145,310.37469044352997,221,1:30:45
30.4%,1522500,6089.999999883638,-3529967.426631784,575534.8756037226,311.01376852244437,221,1:30:41
30.5%,1525000,6099.999999883402,-3529370.03614136,573607.0396291963,309.9719836420727,221,1:30:37
30.6%,1527500,6109.999999883165,-3532014.5894647613,574634.6194426509,310.5272783492872,221,1:30:33
30.6%,1530000,6119.999999882929,-3529498.934175767,576377.4695093224,311.46909854156746,221,1:30:29
30.6%,1532500,6129.9999998826925,-3528142.7816667017,576470.7554569996,311.519509412163,221,1:30:25
30.7%,1535000,6139.999999882456,-3532748.622704942,575133.8253875421,310.7970446636683,221,1:30:21
30.8%,1537500,6149.9999998822195,-3528682.0232953057,574918.8447484255,310.6808710978859,221,1:30:18
30.8%,1540000,6159.999999881983,-3531312.526607273,576751.426557193,311.6711815006614,221,1:30:14
30.9%,1542500,6169.999999881747,-3527297.5415653717,575705.1115827414,311.10576248426503,221,1:30:10
30.9%,1545000,6179.99999988151,-3531547.8657991644,573530.0324687411,309.9303696787985,221,1:30:06
30.9%,1547500,6189.999999881274,-3532160.3319597878,576998.6091454292,311.80475670442263,221,1:30:02
31.0%,1550000,6199.999999881037,-3532937.696130138,573438.9550333605,309.8811522679937,221,1:29:58
31.1%,1552500,6209.999999880801,-3530724.0328339525,573418.8322570696,309.8702781042329,221,1:29:54
31.1%,1555000,6219.999999880564,-3529250.6636389494,576251.307001055,311.40092147914123,221,1:29:50
31.1%,1557500,6229.999999880328,-3528301.276424352,575141.5658273072,310.8012275263295,221,1:29:46
31.2%,1560000,6239.999999880091,-3531513.2983181383,575480.2069519378,310.9842260843883,221,1:29:42
31.2%,1562500,6249.999999879855,-3528372.13973579,573466.5210441328,309.896048687406,221,1:29:38
31.3%,1565000,6259.999999879618,-3528554.524483271,575780.4500130246,311.1464746810583,221,1:29:35
31.4%,1567500,6269.999999879382,-3530075.1350498404,576347.6475759803,311.45298304228754,221,1:29:31
31.4%,1570000,6279.999999879145,-3527240.487103997,576115.3744974912,311.32746480085785,221,1:29:27
31.4%,1572500,6289.999999878909,-3532708.1862859894,574887.3578134177,310.66385584697565,221,1:29:23
31.5%,1575000,6299.9999998786725,-3530680.1418660134,578031.4078720107,312.36287166442804,221,1:29:19
31.6%,1577500,6309.999999878436,-3530420.30550131,575050.5498920223,310.7520433496124,221,1:29:15
31.6%,1580000,6319.9999998782,-3529116.6981494967,576421.1869013028,311.4927230192597,221,1:29:11
31.6%,1582500,6329.999999877963,-3532241.980723854,577586.0938147363,312.1222280318704,221,1:29:07
31.7%,1585000,6339.999999877727,-3530677.2760569043,575255.7807203395,310.86294820705467,221,1:29:03
31.8%,1587500,6349.99999987749,-3530089.9834426474,576205.3394532013,311.37608103785135,221,1:28:59
31.8%,1590000,6359.999999877254,-3527418.555147752,575176.6950529353,310.8202110376874,221,1:28:56
31.9%,1592500,6369.999999877017,-3527687.550975144,574513.8159887152,310.4619972706737,221,1:28:52
31.9%,1595000,6379.999999876781,-3529916.9310449697,573531.3561005874,309.93108495730917,221,1:28:48
31.9%,1597500,6389.999999876544,-3530954.722544292,575758.5389697534,311.1346341542216,221,1:28:44
32.0%,1600000,6399.999999876308,-3528184.834062595,575944.873115533,311.2353274177229,221,1:28:40
32.0%,1602500,6409.999999876071,-3533621.5012476873,576518.1262146079,311.5451081351353,221,1:28:36
32.1%,1605000,6419.999999875835,-3530631.9758819453,577521.7787069367,312.08747273745195,221,1:28:32
32.1%,1607500,6429.999999875598,-3528748.0803464763,576454.3575642708,311.51064814131814,221,1:28:28
32.2%,1610000,6439.999999875362,-3528813.040685015,575138.1793176285,310.7993974875569,221,1:28:24
32.2%,1612500,6449.9999998751255,-3531719.2987414114,575220.6825942302,310.84398150159154,221,1:28:21
32.3%,1615000,6459.999999874889,-3531378.8130397107,576582.9543243675,311.5801406511082,221,1:28:17
32.4%,1617500,6469.9999998746525,-3531509.7160450686,576386.6702719128,311.4740705492908,221,1:28:13
32.4%,1620000,6479.999999874416,-3530180.4098204877,574314.6197236618,310.3543534358759,221,1:28:09
32.5%,1622500,6489.99999987418,-3530590.3209094517,573923.3110577125,310.1428938215047,221,1:28:05
32.5%,1625000,6499.999999873943,-3530098.834207235,574262.2487830593,310.3260526598704,221,1:28:01
32.5%,1627500,6509.999999873707,-3530809.7830400616,573925.4375247778,310.1440429448049,221,1:27:57
32.6%,1630000,6519.99999987347,-3527613.5436857864,577003.0829927815,311.807174330502,221,1:27:53
32.6%,1632500,6529.999999873234,-3531764.5188749097,577601.1987170775,312.1303905825679,221,1:27:49
32.7%,1635000,6539.999999872997,-3531057.219994398,575403.8929783171,310.9429867129223,221,1:27:45
32.8%,1637500,6549.999999872761,-3528758.1278353687,575475.1214353973,310.9814779178893,221,1:27:41
32.8%,1640000,6559.999999872524,-3529420.406334663,577199.7857669429,311.91347070568963,221,1:27:37
32.9%,1642500,6569.999999872288,-3532623.6018374637,575404.3656292588,310.94324212915643,221,1:27:33
32.9%,1645000,6579.999999872051,-3528875.843872806,573624.7973587925,309.9815797562896,221,1:27:30
33.0%,1647500,6589.999999871815,-3527171.7705215476,575899.4425798267,311.21077717287244,221,1:27:26
33.0%,1650000,6599.999999871578,-3529888.134737434,575911.2657040409,311.2171662807674,221,1:27:22
33.0%,1652500,6609.999999871342,-3529707.6884198636,575157.2917784553,310.80972568610656,221,1:27:18
33.1%,1655000,6619.9999998711055,-3533214.900292894,576711.7384869563,311.6497344314864,221,1:27:14
33.1%,1657500,6629.999999870869,-3532368.7747175246,576333.0923368068,311.44511752452485,221,1:27:10
33.2%,1660000,6639.999999870633,-3528520.7227075715,574442.663708695,310.4235472310913,221,1:27:06
33.2%,1662500,6649.999999870396,-3530872.2690983545,577242.7104428262,311.936666806873,221,1:27:02
33.3%,1665000,6659.99999987016,-3526080.4931709114,579391.8242692145,313.09802820904275,221,1:26:58
33.4%,1667500,6669.999999869923,-3529795.849741753,576176.2436676362,311.3603579421706,221,1:26:54
33.4%,1670000,6679.999999869687,-3532253.099817792,575650.5867520907,311.0762977658309,221,1:26:50
33.5%,1672500,6689.99999986945,-3529838.428806709,573858.7881370808,310.1080262269377,221,1:26:46
33.5%,1675000,6699.999999869214,-3532283.1944016293,577749.9165325963,312.2107563261771,221,1:26:43
33.5%,1677500,6709.999999868977,-3529455.494491359,573356.4570289298,309.83657110299197,221,1:26:39
33.6%,1680000,6719.999999868741,-3528959.5639634244,575574.3293234478,311.0350889507522,221,1:26:35
33.6%,1682500,6729.999999868504,-3531248.240012357,577572.0252759131,312.1146255225134,221,1:26:31
33.7%,1685000,6739.999999868268,-3529248.584859472,575227.4163111382,310.8476203404535,221,1:26:27
33.8%,1687500,6749.999999868031,-3527583.294900531,576171.2308551536,311.3576490642778,221,1:26:23
33.8%,1690000,6759.999999867795,-3529187.266433874,576099.7463180223,311.31901947599954,221,1:26:19
33.9%,1692500,6769.9999998675585,-3528404.436242968,576574.283928364,311.5754552486245,221,1:26:15
33.9%,1695000,6779.999999867322,-3531525.744151363,574955.3371466678,310.7005912552228,221,1:26:11
34.0%,1697500,6789.9999998670855,-3527396.111301152,576569.5906345968,311.572919035715,221,1:26:08
34.0%,1700000,6799.999999866849,-3530446.467004724,575806.7521487427,311.16068811398236,221,1:26:04
34.0%,1702500,6809.999999866613,-3530995.8190175984,574985.0922401941,310.7166706348792,221,1:26:00
34.1%,1705000,6819.999999866376,-3530633.8881766945,574734.0516504071,310.58101060246184,221,1:25:56
34.1%,1707500,6829.99999986614,-3529730.4760014266,575843.8056952925,311.1807115107183,221,1:25:52
34.2%,1710000,6839.999999865903,-3528332.8701974414,576271.0886716321,311.4116113125026,221,1:25:48
34.2%,1712500,6849.999999865667,-3533260.356945483,573932.1495454124,310.1476700591996,221,1:25:44
34.3%,1715000,6859.99999986543,-3526056.1686057393,574480.93463893,310.444228490806,221,1:25:40
34.4%,1717500,6869.999999865194,-3529239.9318517093,575673.6567695738,311.08876459170267,221,1:25:36
34.4%,1720000,6879.999999864957,-3532803.511099864,575595.0456602657,311.04628386917824,221,1:25:32
34.5%,1722500,6889.999999864721,-3530427.823180074,573115.8029563375,309.70652384921135,221,1:25:28
34.5%,1725000,6899.999999864484,-3528775.45878499,576329.7698518257,311.44332208411174,221,1:25:24
34.5%,1727500,6909.999999864248,-3530315.7803306,576267.739981508,311.40980171107054,221,1:25:21
34.6%,1730000,6919.999999864011,-3530966.757841574,574870.8927112736,310.65495825677914,221,1:25:17
34.6%,1732500,6929.999999863775,-3529420.3556037117,575954.3671793996,311.24045792276587,221,1:25:13
34.7%,1735000,6939.9999998635385,-3531490.1064715423,576074.2728362635,311.30525384007547,221,1:25:09
34.8%,1737500,6949.999999863302,-3528965.552828515,572982.6570862934,309.63457304212574,221,1:25:05
34.8%,1740000,6959.999999863066,-3530646.241535932,576081.5912751324,311.30920865732253,221,1:25:01
34.9%,1742500,6969.999999862829,-3530804.5998911727,576453.2495095422,311.5100493587048,221,1:24:57
34.9%,1745000,6979.999999862593,-3529411.0744078755,576096.2640687609,311.31713770043456,221,1:24:53
35.0%,1747500,6989.999999862356,-3531490.898219561,573404.7071506105,309.8626450262443,221,1:24:49
35.0%,1750000,6999.99999986212,-3527458.5467186235,575947.0341579001,311.236495225199,221,1:24:45
35.0%,1752500,7009.999999861883,-3529637.2497058045,577070.3914061186,311.8435471797812,221,1:24:42
35.1%,1755000,7019.999999861647,-3528152.590626413,576564.0145559466,311.56990577395095,221,1:24:38
35.1%,1757500,7029.99999986141,-3527869.9755827393,575343.4862946352,310.9103434950527,221,1:24:34
35.2%,1760000,7039.999999861174,-3531238.8244634233,574761.6014326636,310.59589825213305,221,1:24:30
35.2%,1762500,7049.999999860937,-3531658.9623041786,573613.1407663063,309.97528064061316,221,1:24:26
35.3%,1765000,7059.999999860701,-3532192.5298908073,575148.7508027216,310.80511022114973,221,1:24:22
35.4%,1767500,7069.999999860464,-3530061.373990001,574564.7205061322,310.4895056050385,221,1:24:18
35.4%,1770000,7079.999999860228,-3531059.464583475,575488.9511703808,310.98895137984135,221,1:24:14
35.5%,1772500,7089.9999998599915,-3530888.6528303046,574326.3003615509,310.3606655454676,221,1:24:10
35.5%,1775000,7099.999999859755,-3532559.129255969,577339.0167258335,311.9887098389814,221,1:24:06
35.5%,1777500,7109.9999998595185,-3530198.665574111,574828.1298694322,310.6318496092278,221,1:24:03
35.6%,1780000,7119.999999859282,-3532152.425524626,574444.7351358528,310.4246666113302,221,1:23:59
35.6%,1782500,7129.999999859046,-3526560.5618906356,575651.2389967248,311.0766502328494,221,1:23:55
35.7%,1785000,7139.999999858809,-3531636.133309463,578968.9307474352,312.86950042824697,221,1:23:51
35.8%,1787500,7149.999999858573,-3531050.3338241857,574036.7023254046,310.20416942264956,221,1:23:47
35.8%,1790000,7159.999999858336,-3533774.136989912,577809.7020504582,312.2430638717342,221,1:23:43
35.9%,1792500,7169.9999998581,-3528148.558538422,576369.7942179788,311.4649508845158,221,1:23:39
35.9%,1795000,7179.999999857863,-3530982.040906459,575128.5981791645,310.7942199282,221,1:23:35
36.0%,1797500,7189.999999857627,-3527054.477761941,575378.3349561498,310.9291753921367,221,1:23:31
36.0%,1800000,7199.99999985739,-3526317.0732452758,576419.4351828708,311.49177640668415,221,1:23:27
36.0%,1802500,7209.999999857154,-3529891.40271087,577056.780778197,311.83619212127593,221,1:23:23
36.1%,1805000,7219.999999856917,-3530347.264595473,574699.556753974,310.5623698767834,221,1:23:19
36.1%,1807500,7229.999999856681,-3528619.943521511,574162.7438612921,310.2722811127111,221,1:23:16
36.2%,1810000,7239.999999856444,-3529226.6633097287,574970.3217162295,310.70868877918986,221,1:23:12
36.2%,1812500,7249.999999856208,-3528406.6470604893,576007.4954563978,311.2691679564141,221,1:23:08
36.3%,1815000,7259.9999998559715,-3526988.564070413,577483.490458494,312.0667821191366,221,1:23:04
36.4%,1817500,7269.999999855735,-3528438.4576203953,577318.6399804642,311.9776984326598,221,1:23:00
36.4%,1820000,7279.999999855499,-3529624.718206698,577291.3728314948,311.9629635154248,221,1:22:56
36.5%,1822500,7289.999999855262,-3530995.9099075906,576167.6770536376,311.35572862253053,221,1:22:52
36.5%,1825000,7299.999999855026,-3528579.7530412152,577081.7561689123,311.84968859336817,221,1:22:48
36.5%,1827500,7309.999999854789,-3529795.5036547314,576882.8021136515,311.742175646521,221,1:22:44
36.6%,1830000,7319.999999854553,-3531284.1171376314,574095.3391500628,310.2358562249341,221,1:22:40
36.6%,1832500,7329.999999854316,-3531458.7175561376,577819.8323545163,312.24853819514175,221,1:22:37
36.7%,1835000,7339.99999985408,-3526495.2689690813,575520.3002289468,311.00589212358693,221,1:22:33
36.8%,1837500,7349.999999853843,-3529794.0161305815,575301.0906991039,310.88743330403935,221,1:22:29
36.8%,1840000,7359.999999853607,-3527629.1430045385,578286.5708997118,312.50075942448717,221,1:22:25
36.9%,1842500,7369.99999985337,-3531469.638270557,574693.8776026894,310.559300915513,221,1:22:21
36.9%,1845000,7379.999999853134,-3531207.854330221,575260.7207878453,310.8656177742293,221,1:22:17
37.0%,1847500,7389.999999852897,-3531079.3387616947,575363.4208220978,310.9211159308731,221,1:22:13
37.0%,1850000,7399.999999852661,-3531198.6545395795,575594.8725164942,311.04619030387204,221,1:22:09
37.0%,1852500,7409.9999998524245,-3532533.294475291,575870.6407043922,311.19521290353083,221,1:22:05
37.1%,1855000,7419.999999852188,-3529844.2261661664,574880.5093669753,310.66015500932554,221,1:22:01
37.1%,1857500,7429.9999998519515,-3529595.195865199,573656.3059639677,309.9986067175596,221,1:21:57
37.2%,1860000,7439.999999851715,-3528818.0162180923,574439.8447897296,310.4220239131348,221,1:21:53
37.2%,1862500,7449.999999851479,-3528822.9273689855,576445.9655625167,311.5061131805336,221,1:21:50
37.3%,1865000,7459.999999851242,-3530072.024604503,578819.3841787264,312.78868683401436,221,1:21:46
37.4%,1867500,7469.999999851006,-3527117.925478557,576583.0213514508,311.5801768719293,221,1:21:42
37.4%,1870000,7479.999999850769,-3533828.924502909,576274.391332652,311.41339604022886,221,1:21:38
37.5%,1872500,7489.999999850533,-3531574.4242910855,576280.4461596068,311.4166680131862,221,1:21:34
37.5%,1875000,7499.999999850296,-3532015.6226994786,574643.6729595553,310.5321707867921,221,1:21:30
37.5%,1877500,7509.99999985006,-3529151.325143816,575068.083826346,310.76151852691646,221,1:21:26
37.6%,1880000,7519.999999849823,-3529479.3241815697,572965.4798957009,309.62529064586226,221,1:21:22
37.6%,1882500,7529.999999849587,-3529120.2762581576,575710.1949319053,311.10850947953355,221,1:21:18
37.7%,1885000,7539.99999984935,-3527181.426983798,576089.1831816807,311.3133112539956,221,1:21:14
37.8%,1887500,7549.999999849114,-3527852.437979931,575984.4573424386,311.2567183709141,221,1:21:10
37.8%,1890000,7559.999999848877,-3528491.2669593245,576392.6075552197,311.47727900273867,221,1:21:07
37.9%,1892500,7569.999999848641,-3530528.4096212015,574175.4754039967,310.2791611216271,221,1:21:03
37.9%,1895000,7579.9999998484045,-3531786.1290464737,576974.419048023,311.7916845976327,221,1:20:59
38.0%,1897500,7589.999999848168,-3529323.416771788,576105.0593790316,311.3218906054427,221,1:20:55
38.0%,1900000,7599.999999847932,-3527460.781903984,574667.2076365914,310.54488871042497,221,1:20:51
38.0%,1902500,7609.999999847695,-3530406.681751512,580904.0728339779,313.9152334645476,221,1:20:47
38.1%,1905000,7619.999999847459,-3530919.782719003,577035.7747209813,311.82484064060395,221,1:20:43
38.1%,1907500,7629.999999847222,-3532530.756740257,575630.1229250471,311.06523930137104,221,1:20:39
38.2%,1910000,7639.999999846986,-3533569.739862427,576365.5378648588,311.46265079032486,221,1:20:35
38.2%,1912500,7649.999999846749,-3531109.30530837,574560.9306810788,310.48745761833624,221,1:20:31
38.3%,1915000,7659.999999846513,-3530228.5265092403,577228.7760226611,311.92913677400895,221,1:20:27
38.4%,1917500,7669.999999846276,-3528201.220454015,576828.6947999792,311.71293655043286,221,1:20:23
38.4%,1920000,7679.99999984604,-3530192.251927888,577827.8869841134,312.2528908431067,221,1:20:20
38.5%,1922500,7689.999999845803,-3527932.466783559,577475.0614306098,312.0622271497709,221,1:20:16
38.5%,1925000,7699.999999845567,-3528372.01480723,576327.6458188442,311.4421742761681,221,1:20:12
38.5%,1927500,7709.99999984533,-3529157.4271560293,574061.698265858,310.21767699963175,221,1:20:08
38.6%,1930000,7719.999999845094,-3529992.0571719334,574369.4712115538,310.38399467688754,221,1:20:04
38.6%,1932500,7729.9999998448575,-3527979.7506406065,576476.2090478132,311.52245648262357,221,1:20:00
38.7%,1935000,7739.999999844621,-3533499.0656360686,575511.8588076459,311.00133045693246,221,1:19:56
38.8%,1937500,7749.999999844385,-3531044.502557641,575877.763848413,311.199062185233,221,1:19:52
38.8%,1940000,7759.999999844148,-3528766.4661389273,576608.9449082622,311.5941857242842,221,1:19:48
38.9%,1942500,7769.999999843912,-3527310.7342010904,576329.1436398358,311.44298368489535,221,1:19:44
38.9%,1945000,7779.999999843675,-3528355.4993136674,578291.4778872516,312.50341111555156,221,1:19:40
39.0%,1947500,7789.999999843439,-3528891.362037396,576292.6229729966,311.423248251468,221,1:19:36
39.0%,1950000,7799.999999843202,-3526357.2435311005,576292.5590896795,311.42321372950937,221,1:19:33
39.0%,1952500,7809.999999842966,-3530520.551669961,575562.826047542,311.02887268594975,221,1:19:29
39.1%,1955000,7819.999999842729,-3529259.885087982,575624.2701337596,311.0620765066355,221,1:19:25
39.1%,1957500,7829.999999842493,-3528420.1166202016,573986.5756100378,310.17708140537945,221,1:19:21
39.2%,1960000,7839.999999842256,-3528888.9558631256,576695.825083342,311.64113497411574,221,1:19:17
39.2%,1962500,7849.99999984202,-3530601.915866507,576733.6057251932,311.66155128648427,221,1:19:13
39.3%,1965000,7859.999999841783,-3529906.5877676904,574508.8905909695,310.45933563090296,221,1:19:09
39.4%,1967500,7869.999999841547,-3528971.277695816,575810.0962735784,311.1624952483744,221,1:19:05
39.4%,1970000,7879.9999998413105,-3528622.663998235,575034.6974646054,310.7434768432196,221,1:19:01
39.5%,1972500,7889.999999841074,-3527951.107007943,575532.738232287,311.0126135065225,221,1:18:57
39.5%,1975000,7899.9999998408375,-3531557.0167122018,577082.0508744337,311.84984784952917,221,1:18:53
39.5%,1977500,7909.999999840601,-3528460.8459614255,574587.9924773532,310.5020815648581,221,1:18:49
39.6%,1980000,7919.999999840365,-3529123.0822212603,574895.6121908572,310.6683164368427,221,1:18:46
39.6%,1982500,7929.999999840128,-3528821.0920604914,575945.6063107228,311.2357236296792,221,1:18:42
39.7%,1985000,7939.999999839892,-3530538.4072294813,573790.2464729691,310.07098694025,221,1:18:38
39.8%,1987500,7949.999999839655,-3531786.704328725,573243.0431673448,309.7752832923145,221,1:18:34
39.8%,1990000,7959.999999839419,-3525092.4581423867,572779.8347427981,309.5249697077929,221,1:18:30
39.9%,1992500,7969.999999839182,-3529960.5129551236,578815.7821407592,312.78674032573133,221,1:18:26
39.9%,1995000,7979.999999838946,-3532278.4222040214,576472.3781593528,311.52038630563277,221,1:18:22
40.0%,1997500,7989.999999838709,-3531684.65778899,575955.7899787507,311.24122679048673,221,1:18:18
40.0%,2000000,7999.999999838473,-3526422.5387226883,575908.682412878,311.2157702939145,221,1:18:14
40.0%,2002500,8009.999999838236,-3531724.485535916,577389.9338523117,312.0162249871671,221,1:18:10
40.1%,2005000,8019.999999838,-3528722.049641641,575020.9308616895,310.7360374972579,221,1:18:06
40.1%,2007500,8029.999999837763,-3532055.649869792,577156.9956220365,311.8903473038124,221,1:18:02
40.2%,2010000,8039.999999837527,-3529872.2818540484,575209.7113794314,310.8380527577318,221,1:17:58
40.2%,2012500,8049.9999998372905,-3528679.788736291,574907.993054901,310.6750069422266,221,1:17:55
40.3%,2015000,8059.999999837054,-3529551.610310752,576510.2682807113,311.54086177972306,221,1:17:51
40.4%,2017500,8069.999999836818,-3527079.1007782146,577508.0769256394,312.08006842049843,221,1:17:47
40.4%,2020000,8079.999999836581,-3531268.1386135537,576951.204606873,311.7791397265358,221,1:17:43
40.5%,2022500,8089.999999836345,-3529710.3655301034,578382.8557412867,312.55279086984206,221,1:17:39
40.5%,2025000,8099.999999836108,-3531029.2415240556,575937.0046455222,311.23107536869105,221,1:17:35
40.5%,2027500,8109.999999835872,-3530317.667294359,573297.5456974953,309.8047359597629,221,1:17:31
40.6%,2030000,8119.999999835635,-3532658.6077220216,577742.7070573689,312.2068603918826,221,1:17:27
40.6%,2032500,8129.999999835399,-3530053.8373242784,574151.4237077802,310.26616380557084,221,1:17:23
40.7%,2035000,8139.999999835162,-3529731.5184757244,574285.3273391726,310.3385240999396,221,1:17:19
40.8%,2037500,8149.999999834926,-3530241.7577799708,576687.4671985514,311.6366184498254,221,1:17:15
40.8%,2040000,8159.999999834689,-3530367.903779663,576348.0070027666,311.4531772732265,221,1:17:11
40.9%,2042500,8169.999999834453,-3530825.2452357505,573317.9708310943,309.81577351464006,221,1:17:08
40.9%,2045000,8179.999999834216,-3530697.8342039473,574084.1957007982,310.2298344071486,221,1:17:04
41.0%,2047500,8189.99999983398,-3529581.7690881006,575006.2958250956,310.72812885770105,221,1:17:00
41.0%,2050000,8199.999999835562,-3530758.981980037,574169.7780664044,310.27608233264283,221,1:16:56
41.0%,2052500,8209.999999837599,-3530447.1666849162,574980.8161916208,310.714359897446,221,1:16:52
41.1%,2055000,8219.999999839636,-3528122.7778699975,575090.5315034151,310.7736490457361,221,1:16:48
41.1%,2057500,8229.999999841673,-3527946.205898635,576691.1688071967,311.6386187651897,221,1:16:44
41.2%,2060000,8239.99999984371,-3533179.909430053,575093.0464669515,310.7750081089663,221,1:16:40
41.2%,2062500,8249.999999845748,-3530624.0850301906,576204.9407583259,311.37586558679715,221,1:16:36
41.3%,2065000,8259.999999847785,-3531436.3999449797,575999.1542935933,311.2646604685317,221,1:16:32
41.4%,2067500,8269.999999849822,-3529758.5276626647,575500.9580703486,310.99543979846817,221,1:16:28
41.4%,2070000,8279.99999985186,-3530310.9572938476,575700.5890794161,311.1033185649441,221,1:16:24
41.5%,2072500,8289.999999853897,-3529296.979771396,575080.1762692262,310.76805317214865,221,1:16:21
41.5%,2075000,8299.999999855934,-3525717.719191991,576946.3039447032,311.7764914536435,221,1:16:17
41.5%,2077500,8309.999999857971,-3528264.591800781,577018.6040762651,311.81556178167205,221,1:16:13
41.6%,2080000,8319.999999860009,-3529091.4498854857,576014.1362257537,311.27275656727124,221,1:16:09
41.6%,2082500,8329.999999862046,-3530261.870636167,573536.2597300519,309.9337348337003,221,1:16:05
41.7%,2085000,8339.999999864083,-3530040.5226472914,575249.4461867665,310.8595250832061,221,1:16:01
41.8%,2087500,8349.99999986612,-3525964.910506742,575842.7464505264,311.180139104561,221,1:15:57
41.8%,2090000,8359.999999868158,-3529085.6583460122,576693.2607066871,311.63974920848943,221,1:15:53
41.9%,2092500,8369.999999870195,-3528050.9229637347,575835.1708957417,311.1760453442311,221,1:15:49
41.9%,2095000,8379.999999872232,-3530766.0741767827,576370.9648225161,311.46558346847206,221,1:15:45
42.0%,2097500,8389.99999987427,-3530042.291738795,576124.8387622132,311.33257920271654,221,1:15:41
42.0%,2100000,8399.999999876307,-3529989.661157917,574129.2476406739,310.2541800622842,221,1:15:37
42.0%,2102500,8409.999999878344,-3528137.116740836,575872.1529380544,311.1960301007331,221,1:15:34
42.1%,2105000,8419.999999880381,-3529594.3688138705,575513.2256626575,311.00206909284526,221,1:15:30
42.1%,2107500,8429.999999882419,-3530155.529086804,575360.6850264512,310.9196375319958,221,1:15:26
42.2%,2110000,8439.999999884456,-3531280.1675094664,577263.8596083967,311.9480956219874,221,1:15:22
42.2%,2112500,8449.999999886493,-3527278.3656520713,576055.449512182,311.29508188837127,221,1:15:18
42.3%,2115000,8459.99999988853,-3530298.886677794,573261.8329198069,309.78543710222345,221,1:15:14
42.4%,2117500,8469.999999890568,-3532328.121847987,576651.4419306235,311.6171507254263,221,1:15:10
42.4%,2120000,8479.999999892605,-3528153.048544582,575129.1028860228,310.79449266715756,221,1:15:06
42.5%,2122500,8489.999999894642,-3531860.514204515,575748.6074832468,311.1292672699955,221,1:15:02
42.5%,2125000,8499.99999989668,-3529706.2975596003,575297.1947389873,310.8853279629223,221,1:14:58
42.5%,2127500,8509.999999898717,-3531804.3443652894,574678.407021573,310.5509407553591,221,1:14:54
42.6%,2130000,8519.999999900754,-3529853.668278428,578359.916489568,312.5403947085901,221,1:14:51
42.6%,2132500,8529.999999902791,-3531482.3596616928,574455.7549812244,310.4306216347056,221,1:14:47
42.7%,2135000,8539.999999904829,-3528858.2246865444,575036.0797567479,310.7442238212163,221,1:14:43
42.8%,2137500,8549.999999906866,-3531438.1494023595,575215.1581013663,310.84099611631325,221,1:14:39
42.8%,2140000,8559.999999908903,-3531792.9740599375,574952.4413577951,310.6990263974734,221,1:14:35
42.9%,2142500,8569.99999991094,-3530812.384191001,576028.0670736422,311.28028466970983,221,1:14:31
42.9%,2145000,8579.999999912978,-3529447.4279389083,576269.0454447581,311.41050717143844,221,1:14:27
43.0%,2147500,8589.999999915015,-3529319.9896034114,577481.6693154874,312.06579799015753,221,1:14:23
43.0%,2150000,8599.999999917052,-3530742.483897565,576813.3277458317,311.7046323353034,221,1:14:20
43.0%,2152500,8609.99999991909,-3529218.847700432,576277.9405482329,311.4153140037788,221,1:14:16
43.1%,2155000,8619.999999921127,-3528537.543658357,576252.3326881356,311.401475751033,221,1:14:12
43.1%,2157500,8629.999999923164,-3528294.754909938,574457.3093751096,310.43146161490574,221,1:14:08
43.2%,2160000,8639.999999925201,-3529686.6327820253,574497.1258584803,310.4529780773607,221,1:14:04
43.2%,2162500,8649.999999927239,-3530944.1454023737,577100.2994784067,311.8597092277575,221,1:14:00
43.3%,2165000,8659.999999929276,-3531826.4304810464,577328.2181780036,311.98287440276795,221,1:13:56
43.4%,2167500,8669.999999931313,-3529651.756024305,577215.0058249031,311.92169548542756,221,1:13:52
43.4%,2170000,8679.99999993335,-3530358.445568541,575772.7598062854,311.14231896386354,221,1:13:48
43.5%,2172500,8689.999999935388,-3527894.7834913153,577468.3615989028,312.0586066221609,221,1:13:44
43.5%,2175000,8699.999999937425,-3531188.204999605,578138.027350953,312.4204878530369,221,1:13:40
43.5%,2177500,8709.999999939462,-3533115.67498683,575875.3571199127,311.19776161122365,221,1:13:36
43.6%,2180000,8719.9999999415,-3527589.399771722,574448.9079990116,310.4269215883117,221,1:13:32
43.6%,2182500,8729.999999943537,-3533189.4131457116,577521.4531249404,312.08729679592705,221,1:13:29
43.7%,2185000,8739.999999945574,-3532346.7690980397,575444.5774050709,310.9649722040215,221,1:13:25
43.8%,2187500,8749.999999947611,-3530385.4623134714,574466.2743604719,310.4363062107772,221,1:13:21
43.8%,2190000,8759.999999949649,-3533765.4309233315,576164.3041950974,311.35390596070806,221,1:13:17
43.9%,2192500,8769.999999951686,-3531149.4554141574,573775.6610987914,310.0631051378075,221,1:13:13
43.9%,2195000,8779.999999953723,-3528335.1525698993,574470.1769703056,310.43841514534046,221,1:13:09
44.0%,2197500,8789.99999995576,-3532100.12001195,574463.3233476615,310.43471151051835,221,1:13:05
44.0%,2200000,8799.999999957798,-3532704.3473816756,576097.2520980885,311.317671622422,221,1:13:01
44.0%,2202500,8809.999999959835,-3530840.4549361747,575448.8368642591,310.9672739767031,221,1:12:57
44.1%,2205000,8819.999999961872,-3529390.2471816726,574875.6921070003,310.65755180621437,221,1:12:53
44.1%,2207500,8829.99999996391,-3530896.96188931,576359.3235699744,311.45929264236094,221,1:12:49
44.2%,2210000,8839.999999965947,-3527801.474817684,575827.9614365713,311.1721494186137,221,1:12:45
44.2%,2212500,8849.999999967984,-3532706.2272714917,575547.723540632,311.0207114297213,221,1:12:41
44.3%,2215000,8859.999999970021,-3528697.412305137,575900.4674066491,311.21133097988854,221,1:12:38
44.4%,2217500,8869.999999972059,-3532934.0321193524,576268.0311315373,311.4099590458762,221,1:12:34
44.4%,2220000,8879.999999974096,-3531617.059861444,577029.8418834666,311.8216345896213,221,1:12:30
44.5%,2222500,8889.999999976133,-3531240.3055820987,578663.8478146556,312.70463640930086,221,1:12:26
44.5%,2225000,8899.99999997817,-3529570.407961553,576294.7893548238,311.4244189443395,221,1:12:22
44.5%,2227500,8909.999999980208,-3528693.1735836715,572825.3255103899,309.54955250140176,221,1:12:18
44.6%,2230000,8919.999999982245,-3530885.9906425793,577133.8214373617,311.8778241869455,221,1:12:14
44.6%,2232500,8929.999999984282,-3529732.8182129376,574932.2632679001,310.68812234274816,221,1:12:10
44.7%,2235000,8939.99999998632,-3530839.855451077,573915.5194519663,310.13868330921656,221,1:12:06
44.8%,2237500,8949.999999988357,-3531058.1659710966,576485.6467360137,311.5275565227737,221,1:12:02
44.8%,2240000,8959.999999990394,-3531907.205270525,576163.5503805764,311.35349860625416,221,1:11:59
44.9%,2242500,8969.999999992431,-3531581.8859018516,575001.676535469,310.72563263595055,221,1:11:55
44.9%,2245000,8979.999999994468,-3531738.394577723,574797.856727575,310.6154902810043,221,1:11:51
45.0%,2247500,8989.999999996506,-3525795.296107212,574134.7061767234,310.2571298051049,221,1:11:47
45.0%,2250000,8999.999999998543,-3529694.2060579825,576116.682840818,311.3281718175928,221,1:11:43
45.0%,2252500,9010.00000000058,-3527114.978130957,575811.6303703873,311.16332426022075,221,1:11:39
45.1%,2255000,9020.000000002618,-3528683.109684592,576396.6171193206,311.47944573440697,221,1:11:35
45.1%,2257500,9030.000000004655,-3529002.894812271,576758.3923148134,311.67494573219625,221,1:11:31
45.2%,2260000,9040.000000006692,-3530206.715838203,576161.3164628148,311.35229141758316,221,1:11:27
45.2%,2262500,9050.00000000873,-3528559.966752654,572855.5051630229,309.56586130890577,221,1:11:23
45.3%,2265000,9060.000000010767,-3531028.9266194813,575162.3970200918,310.81248451186656,221,1:11:20
45.4%,2267500,9070.000000012804,-3530070.81974723,576109.4266183497,311.3242506215181,221,1:11:16
45.4%,2270000,9080.000000014841,-3530322.896445418,575303.5244125072,310.8887484604428,221,1:11:12
45.5%,2272500,9090.000000016878,-3525145.264421176,576271.3877792704,311.41177294752725,221,1:11:08
45.5%,2275000,9100.000000018916,-3529829.660467269,574159.9880820519,310.270791914883,221,1:11:04
45.5%,2277500,9110.000000020953,-3530490.159294009,577755.3034853707,312.2136673860524,221,1:11:00
45.6%,2280000,9120.00000002299,-3531534.6103462707,575404.2092528217,310.943157624764,221,1:10:56
45.6%,2282500,9130.000000025027,-3528102.487886207,573505.3907346334,309.91705351167707,221,1:10:52
45.7%,2285000,9140.000000027065,-3530360.176878117,575033.3036724757,310.7427236507352,221,1:10:48
45.8%,2287500,9150.000000029102,-3527569.403740702,575835.6930724788,311.1763275237509,221,1:10:44
45.8%,2290000,9160.00000003114,-3532770.85215839,575877.5319538,311.19893687151085,221,1:10:40
45.9%,2292500,9170.000000033177,-3531047.377499651,574297.2720353019,310.3449789041826,221,1:10:37
45.9%,2295000,9180.000000035214,-3525001.540348312,575172.8210772877,310.81811757677576,221,1:10:33
46.0%,2297500,9190.000000037251,-3527717.420241397,575180.7902585617,310.82242404925057,221,1:10:29
46.0%,2300000,9200.000000039288,-3528615.2576253004,576459.9838687377,311.51368854465295,221,1:10:25
46.0%,2302500,9210.000000041326,-3526744.0044824407,576466.216474151,311.5170565874588,221,1:10:21
46.1%,2305000,9220.000000043363,-3530327.1414827127,576103.4651767772,311.32102911316497,221,1:10:17
46.1%,2307500,9230.0000000454,-3528560.4295327105,578786.1313238095,312.77071729618064,221,1:10:13
46.2%,2310000,9240.000000047437,-3533507.9470961504,575979.6772995922,311.25413527959785,221,1:10:09
46.2%,2312500,9250.000000049475,-3531977.4268192165,574009.0051624556,310.18920212980373,221,1:10:05
46.3%,2315000,9260.000000051512,-3528882.6131760553,574289.148906869,310.340589240075,221,1:10:01
46.4%,2317500,9270.00000005355,-3529459.0834902506,575436.6436720965,310.96068488748267,221,1:09:57
46.4%,2320000,9280.000000055586,-3526257.0767334513,574651.001841625,310.53613124744913,221,1:09:54
46.5%,2322500,9290.000000057624,-3532027.2183113657,575585.4945367291,311.0411225296127,221,1:09:50
46.5%,2325000,9300.000000059661,-3527650.391450947,576692.3339525927,311.6392483990761,221,1:09:46
46.5%,2327500,9310.000000061698,-3532638.6926091574,577032.0926987904,311.82285090958,221,1:09:42
46.6%,2330000,9320.000000063736,-3531903.6517228037,576071.7485851164,311.30388975790555,221,1:09:38
46.6%,2332500,9330.000000065773,-3528969.2067504786,576373.3424854903,311.4668683357377,221,1:09:34
46.7%,2335000,9340.00000006781,-3529041.42471784,577833.1578644922,312.2557391785239,221,1:09:30
46.8%,2337500,9350.000000069847,-3529285.7164475694,577224.1404268388,311.9266317405398,221,1:09:26
46.8%,2340000,9360.000000071885,-3528640.564684052,575914.4133730975,311.21886725225824,221,1:09:22
46.9%,2342500,9370.000000073922,-3528800.7397724204,575910.8168397459,311.21692371861894,221,1:09:18
46.9%,2345000,9380.00000007596,-3531931.9523512926,577221.6702467187,311.925296877857,221,1:09:14
47.0%,2347500,9390.000000077996,-3531152.2406116817,574342.1226414298,310.36921576040737,221,1:09:10
47.0%,2350000,9400.000000080034,-3529103.609544812,575654.5783741146,311.0784548017652,221,1:09:07
47.0%,2352500,9410.000000082071,-3529792.846944591,576252.4892969098,311.40156038097825,221,1:09:03
47.1%,2355000,9420.000000084108,-3534771.543292593,574789.9023295178,310.6111917972443,221,1:08:59
47.1%,2357500,9430.000000086146,-3530438.501582898,576677.8109769141,311.63140031621015,221,1:08:55
47.2%,2360000,9440.000000088183,-3528488.546027178,575094.6300901782,310.77586388443456,221,1:08:51
47.2%,2362500,9450.00000009022,-3527908.1750904247,578939.9459973539,312.85383733512333,221,1:08:47
47.3%,2365000,9460.000000092257,-3526533.047679268,573367.6752010405,309.8426333003182,221,1:08:43
47.4%,2367500,9470.000000094295,-3530846.075852461,577099.7358324276,311.85940463863966,221,1:08:39
47.4%,2370000,9480.000000096332,-3532914.2464912515,576767.0720045653,311.67963615693634,221,1:08:35
47.5%,2372500,9490.00000009837,-3528396.3769924417,574076.8336356934,310.2258560146837,221,1:08:31
47.5%,2375000,9500.000000100406,-3529374.41841726,576600.557576478,311.5896532871086,221,1:08:27
47.5%,2377500,9510.000000102444,-3530312.5048343986,576483.2821728765,311.52627873453986,221,1:08:23
47.6%,2380000,9520.000000104481,-3529867.711653881,576059.1448966505,311.29707884024754,221,1:08:20
47.6%,2382500,9530.000000106518,-3531313.3042389993,574443.0715683823,310.4237676347258,221,1:08:16
47.7%,2385000,9540.000000108555,-3528325.840393245,578304.8118101417,312.51061664519534,221,1:08:12
47.8%,2387500,9550.000000110593,-3532743.568693679,575617.5411596496,311.05844023073814,221,1:08:08
47.8%,2390000,9560.00000011263,-3527899.204586845,578048.326460177,312.372014314312,221,1:08:04
47.9%,2392500,9570.000000114667,-3530068.566449793,575003.7402069501,310.7267478250929,221,1:08:00
47.9%,2395000,9580.000000116705,-3527265.0246829744,574614.390260494,310.51634668477226,221,1:07:56
48.0%,2397500,9590.000000118742,-3529271.641194027,576805.9394775624,311.7006397828888,221,1:07:52
48.0%,2400000,9600.000000120779,-3530501.163949089,576412.9528583705,311.4882734179738,221,1:07:48
48.0%,2402500,9610.000000122816,-3530336.7503458727,576083.9765929764,311.3104976612095,221,1:07:44
48.1%,2405000,9620.000000124854,-3528951.404133586,576980.1024230027,311.79475584134923,221,1:07:40
48.1%,2407500,9630.00000012689,-3527321.426076241,575018.1701939009,310.73454565770317,221,1:07:36
48.2%,2410000,9640.000000128928,-3527781.4036573507,575105.3030123152,310.78163143367556,221,1:07:32
48.2%,2412500,9650.000000130965,-3528930.4753895625,575325.4709874783,310.9006081882842,221,1:07:29
48.3%,2415000,9660.000000133003,-3529229.6740858685,574808.9816512461,310.6215020877291,221,1:07:25
48.4%,2417500,9670.00000013504,-3531934.8464184906,575081.6249926197,310.7688360489842,221,1:07:21
48.4%,2420000,9680.000000137077,-3532195.3866559546,575530.8738173449,311.0116059937864,221,1:07:17
48.5%,2422500,9690.000000139114,-3531706.0138503946,574367.4797246649,310.38291849563683,221,1:07:13
48.5%,2425000,9700.000000141152,-3528245.814331837,574423.876078254,310.4133945679031,221,1:07:09
48.5%,2427500,9710.000000143189,-3533608.366873745,575856.3225892534,311.1874755254218,221,1:07:05
48.6%,2430000,9720.000000145226,-3529412.1494222935,575322.000792261,310.89873292661406,221,1:07:01
48.6%,2432500,9730.000000147264,-3530545.5423583463,575882.7511180418,311.20175726000195,221,1:06:57
48.7%,2435000,9740.0000001493,-3529549.961132139,575669.4186737878,311.08647436360764,221,1:06:53
48.8%,2437500,9750.000000151338,-3529404.4057928547,576625.4290739167,311.60309361622694,221,1:06:49
48.8%,2440000,9760.000000153375,-3528776.8708927035,575601.6782580416,311.0498680641885,221,1:06:45
48.9%,2442500,9770.000000155413,-3527196.426986536,575534.1820036685,311.01339370733615,221,1:06:42
48.9%,2445000,9780.00000015745,-3529045.648665186,574666.8515086753,310.54469626216513,221,1:06:38
49.0%,2447500,9790.000000159487,-3531077.972145276,575818.3587016751,311.16696018874285,221,1:06:34
49.0%,2450000,9800.000000161524,-3531098.409101354,576837.1166728549,311.71748765329755,221,1:06:30
49.0%,2452500,9810.000000163562,-3525446.028799886,576575.6509331596,311.5761939654792,221,1:06:26
49.1%,2455000,9820.000000165599,-3527725.1797998734,577580.3481487797,312.1191231266812,221,1:06:22
49.1%,2457500,9830.000000167636,-3531153.3519631606,576922.0675022751,311.7633943024287,221,1:06:18
49.2%,2460000,9840.000000169674,-3528511.886638012,574799.0362483987,310.6161276832401,221,1:06:14
49.2%,2462500,9850.00000017171,-3530625.8141339403,578488.9431990839,312.6101195591033,221,1:06:10
49.3%,2465000,9860.000000173748,-3529462.389690157,574268.6525662219,310.3295132055621,221,1:06:06
49.4%,2467500,9870.000000175785,-3525528.493150847,577224.3560151099,311.9267482424644,221,1:06:02
49.4%,2470000,9880.000000177823,-3531224.0989858843,576898.7692337155,311.75080413176846,221,1:05:59
49.5%,2472500,9890.00000017986,-3529350.821563922,575361.8909221863,310.92028918699174,221,1:05:55
49.5%,2475000,9900.000000181897,-3528362.293965576,577504.0315669471,312.0778823457613,221,1:05:51
49.5%,2477500,9910.000000183934,-3531578.885961361,575835.0990352262,311.1760065114676,221,1:05:47
49.6%,2480000,9920.000000185972,-3527638.2857870758,577025.3498600909,311.8192071413856,221,1:05:43
49.6%,2482500,9930.000000188009,-3532412.155588161,576197.4727477256,311.37182994235815,221,1:05:39
49.7%,2485000,9940.000000190046,-3529618.453809811,576690.7306527079,311.63838199052225,221,1:05:35
49.8%,2487500,9950.000000192083,-3531936.189780008,575170.6789566672,310.8169599944379,221,1:05:31
49.8%,2490000,9960.00000019412,-3532336.7567136474,577425.2951276384,312.03533389605394,221,1:05:27
49.9%,2492500,9970.000000196158,-3531079.907287568,576982.0127806822,311.7957881811193,221,1:05:23
49.9%,2495000,9980.000000198195,-3528683.6227068715,576435.3681723896,311.50038644809797,221,1:05:19
50.0%,2497500,9990.000000200233,-3529899.7323217094,575344.0499021265,310.91064806337215,221,1:05:16
50.0%,2500000,10000.00000020227,-3529944.913538927,575132.2492149782,310.79619291446994,221,1:05:12
50.0%,2502500,10010.000000204307,-3532213.326678509,575594.9562857207,311.04623557199375,221,1:05:08
50.1%,2505000,10020.000000206344,-3530733.186063431,577034.7948328245,311.82431111803066,221,1:05:04
50.1%,2507500,10030.000000208382,-3531086.920089284,576126.154325318,311.3332901209533,221,1:05:00
50.2%,2510000,10040.000000210419,-3531264.3630499765,576024.2492290218,311.2782215414906,221,1:04:56
50.2%,2512500,10050.000000212456,-3529219.6920242887,576475.4588423205,311.52205107845543,221,1:04:52
50.3%,2515000,10060.000000214493,-3527545.2142521087,575802.2264971889,311.15824249338766,221,1:04:48
50.4%,2517500,10070.00000021653,-3527825.7989915516,573503.1737841798,309.9158554919837,221,1:04:44
50.4%,2520000,10080.000000218568,-3525325.3891125415,575382.9532093279,310.9316710537999,221,1:04:40
50.5%,2522500,10090.000000220605,-3531146.7036837563,576226.1263713161,311.38731409776295,221,1:04:37
50.5%,2525000,10100.000000222642,-3529738.3069408312,578173.8529102446,312.4398476567204,221,1:04:33
50.5%,2527500,10110.00000022468,-3529290.338694958,575205.5975122645,310.83582966164323,221,1:04:29
50.6%,2530000,10120.000000226717,-3528286.4639517795,574377.7415762185,310.3884639061045,221,1:04:25
50.6%,2532500,10130.000000228754,-3530093.997685492,574586.6282695415,310.5013443594679,221,1:04:21
50.7%,2535000,10140.000000230792,-3530666.943190038,575593.053869404,311.0452075236634,221,1:04:17
50.8%,2537500,10150.000000232829,-3531132.527651971,575783.8793666324,311.14832787229716,221,1:04:13
50.8%,2540000,10160.000000234866,-3532376.4050670676,573876.7832073201,310.11775059786146,221,1:04:09
50.9%,2542500,10170.000000236903,-3531504.5917307064,575781.0920543501,311.14682163430234,221,1:04:05
50.9%,2545000,10180.00000023894,-3533998.018826809,578020.9181933034,312.3572031382559,221,1:04:01
51.0%,2547500,10190.000000240978,-3530180.839153627,576958.0498130622,311.7828388131828,221,1:03:57
51.0%,2550000,10200.000000243015,-3530449.2995027024,577721.3998313965,312.19534616237655,221,1:03:54
51.0%,2552500,10210.000000245052,-3532243.384844903,575815.9529867847,311.165660162479,221,1:03:50
51.1%,2555000,10220.00000024709,-3527390.700139351,574094.1462264217,310.23521157993883,221,1:03:46
51.1%,2557500,10230.000000249127,-3530601.915117344,577959.6686280887,312.32410443493615,221,1:03:42
51.2%,2560000,10240.000000251164,-3530013.8316059764,576261.839911276,311.4066133672269,221,1:03:38
51.2%,2562500,10250.000000253202,-3528929.538855441,577745.8848681368,312.20857765167773,221,1:03:34
51.3%,2565000,10260.000000255239,-3531931.7995407693,576279.550725874,311.41618412900914,221,1:03:30
51.4%,2567500,10270.000000257276,-3527954.995841829,574235.5068106356,310.3116015432243,221,1:03:26
51.4%,2570000,10280.000000259313,-3527665.230485905,575807.6128666255,311.16115323803257,221,1:03:22
51.5%,2572500,10290.00000026135,-3529475.048193829,577519.2797312522,312.08612231391027,221,1:03:18
51.5%,2575000,10300.000000263388,-3531390.496854471,576949.8063609229,311.7783841272477,221,1:03:15
51.5%,2577500,10310.000000265425,-3525894.6456773505,576921.4121196831,311.76304013968655,221,1:03:11
51.6%,2580000,10320.000000267462,-3531124.285103524,576771.8558863687,311.6822213227897,221,1:03:07
51.6%,2582500,10330.0000002695,-3530998.7590698916,574436.0735815044,310.41998598679584,221,1:03:03
51.7%,2585000,10340.000000271537,-3529518.508375846,576032.3238126663,311.2825849724398,221,1:02:59
51.8%,2587500,10350.000000273574,-3528751.4182369523,574371.6715772692,310.3851837343405,221,1:02:55
51.8%,2590000,10360.000000275611,-3532517.8459558133,575270.5521318957,310.87093054239045,221,1:02:51
51.9%,2592500,10370.000000277649,-3532157.6671508756,576162.6819558908,311.35302931751846,221,1:02:47
51.9%,2595000,10380.000000279686,-3532691.925745655,576849.2599739381,311.7240497818362,221,1:02:43
52.0%,2597500,10390.000000281723,-3530099.6815285087,576661.6985759978,311.62269332252254,221,1:02:39
52.0%,2600000,10400.00000028376,-3532247.846025802,575760.3971887599,311.13563831873086,221,1:02:35
52.0%,2602500,10410.000000285798,-3526507.860891415,575762.6949543512,311.1368800101835,221,1:02:31
52.1%,2605000,10420.000000287835,-3528895.0812742654,574730.3594432714,310.5790153675871,221,1:02:28
52.1%,2607500,10430.000000289872,-3526270.513641689,578216.1918650784,312.46272723962034,221,1:02:24
52.2%,2610000,10440.00000029191,-3527397.691480102,573396.5808799391,309.85825366409983,221,1:02:20
52.2%,2612500,10450.000000293947,-3531375.2901928164,575184.6873148096,310.82452998270685,221,1:02:16
52.3%,2615000,10460.000000295984,-3531807.1319006085,574484.4871817057,310.44614825234146,221,1:02:12
52.4%,2617500,10470.000000298021,-3528309.5677667093,576045.66734093,311.2897956927394,221,1:02:08
52.4%,2620000,10480.000000300059,-3529074.155577585,575481.3357331068,310.98483606737994,221,1:02:04
52.5%,2622500,10490.000000302096,-3524199.165044265,575616.3901797641,311.0578182517637,221,1:02:00
52.5%,2625000,10500.000000304133,-3528328.1938976627,577708.5389123799,312.18839623968796,221,1:01:56
52.5%,2627500,10510.00000030617,-3533461.0723469574,575636.4751465842,311.06867198363324,221,1:01:52
52.6%,2630000,10520.000000308208,-3531422.5230585746,577931.9193454832,312.3091089771059,221,1:01:48
52.6%,2632500,10530.000000310245,-3533479.723973438,576071.7904373645,311.3039123744766,221,1:01:44
52.7%,2635000,10540.000000312282,-3529356.330458684,573662.4341309393,310.0019183227894,221,1:01:41
52.8%,2637500,10550.00000031432,-3532669.762158934,577496.0267223954,312.0735566011783,221,1:01:37
52.8%,2640000,10560.000000316357,-3531639.9936974123,575274.8857151913,310.8732723710599,221,1:01:33
52.9%,2642500,10570.000000318394,-3528440.9539746772,576232.4828544812,311.39074908296976,221,1:01:29
52.9%,2645000,10580.000000320431,-3531317.018682055,575813.1500020181,311.1641454552174,221,1:01:25
53.0%,2647500,10590.000000322469,-3531164.3441815693,575554.5502686973,311.0244005309596,221,1:01:21
53.0%,2650000,10600.000000324506,-3528476.8428163677,576417.4549913859,311.4907063293661,221,1:01:17
53.0%,2652500,10610.000000326543,-3530082.1151523665,574151.5901653646,310.26625375772284,221,1:01:13
53.1%,2655000,10620.00000032858,-3527429.4643169213,578157.9831402758,312.43127177857156,221,1:01:09
53.1%,2657500,10630.000000330618,-3529155.1262091473,576202.5446479896,311.3745707507462,221,1:01:05
53.2%,2660000,10640.000000332655,-3529033.5855655875,575697.0672189938,311.10141538387103,221,1:01:01
53.2%,2662500,10650.000000334692,-3534010.6919125095,575902.5670393845,311.2124656021629,221,1:00:58
53.3%,2665000,10660.00000033673,-3530638.986282939,576057.9198588652,311.29641684106326,221,1:00:54
53.4%,2667500,10670.000000338767,-3529062.5374463685,575613.3646449379,311.0561832804909,221,1:00:50
53.4%,2670000,10680.000000340804,-3529315.6708800774,577670.7525572365,312.16797683990865,221,1:00:46
53.5%,2672500,10690.000000342841,-3528026.182026617,575389.5107021772,310.9352146627967,221,1:00:42
53.5%,2675000,10700.000000344879,-3530259.4149567895,577036.2402202517,311.82509219214063,221,1:00:38
53.5%,2677500,10710.000000346916,-3532180.3391342163,576110.3368737292,311.3247425151772,221,1:00:34
53.6%,2680000,10720.000000348953,-3531624.5301028397,575246.437175,310.8578990408433,221,1:00:30
53.6%,2682500,10730.00000035099,-3532064.5601724684,576442.1818055584,311.50406847297427,221,1:00:26
53.7%,2685000,10740.000000353028,-3527861.6010370646,577346.5926734626,311.99280381160077,221,1:00:22
53.8%,2687500,10750.000000355065,-3532536.932277104,576441.3370562346,311.50361197818694,221,1:00:18
53.8%,2690000,10760.000000357102,-3529789.6948504075,576618.2495071096,311.5992138441685,221,1:00:14
53.9%,2692500,10770.00000035914,-3531774.249940917,574923.1915772075,310.68322008429476,221,1:00:11
53.9%,2695000,10780.000000361177,-3531237.410086138,575235.3033269397,310.85188241146045,221,1:00:07
54.0%,2697500,10790.000000363214,-3530885.312389441,576321.8791122858,311.43905800083064,221,1:00:03
54.0%,2700000,10800.000000365251,-3532651.906404428,575020.9180135436,310.73603055423763,221,59:59
54.0%,2702500,10810.000000367289,-3528154.657152051,577139.8370872292,311.88107498896414,221,59:55
54.1%,2705000,10820.000000369326,-3533248.7027984113,576070.9267173444,311.30344562809904,221,59:51
54.1%,2707500,10830.000000371363,-3529556.2492387015,574679.5309473872,310.5515481145614,221,59:47
54.2%,2710000,10840.0000003734,-3531236.867155444,576697.607840802,311.6420983598974,221,59:43
54.2%,2712500,10850.000000375438,-3527765.481196504,577943.2629401891,312.3152389516524,221,59:39
54.3%,2715000,10860.000000377475,-3532038.4425153807,573495.1538826965,309.911521610773,221,59:35
54.4%,2717500,10870.000000379512,-3530175.5130911823,574623.0198714169,310.52101004737244,221,59:31
54.4%,2720000,10880.00000038155,-3530363.0095910057,573528.7462821924,309.9296746353832,221,59:27
54.5%,2722500,10890.000000383587,-3528702.996445261,575376.5766791877,310.9282252353916,221,59:24
54.5%,2725000,10900.000000385624,-3531427.2548658717,573786.8894629843,310.0691728428415,221,59:20
54.5%,2727500,10910.000000387661,-3524845.9273332413,575250.8045627014,310.86025913710364,221,59:16
54.6%,2730000,10920.000000389698,-3531706.415698312,575869.2624275973,311.1944680953911,221,59:12
54.6%,2732500,10930.000000391736,-3528540.071399845,576000.954610542,311.26563334330007,221,59:08
54.7%,2735000,10940.000000393773,-3529575.4917755593,576547.9537539815,311.5612266638633,221,59:04
54.8%,2737500,10950.00000039581,-3532457.48402912,574671.7121900845,310.54732292982123,221,59:00
54.8%,2740000,10960.000000397848,-3528769.50397064,575875.1589974269,311.1976545476493,221,58:56
54.9%,2742500,10970.000000399885,-3528236.5321306232,574298.5475086397,310.34566815827696,221,58:52
54.9%,2745000,10980.000000401922,-3526209.937197717,575660.2237629644,311.08150551812554,221,58:48
55.0%,2747500,10990.00000040396,-3530462.042400822,575728.9002197855,311.1186176455571,221,58:45
55.0%,2750000,11000.000000405997,-3529291.5292095877,575387.3297967954,310.9340361215295,221,58:41
55.0%,2752500,11010.000000408034,-3530554.3398506157,576280.3334301976,311.41660709524734,221,58:37
55.1%,2755000,11020.000000410071,-3530161.333436791,574968.5611219936,310.70773737021125,221,58:33
55.1%,2757500,11030.000000412108,-3527800.6212641634,576977.8412657649,311.79353393271515,221,58:29
55.2%,2760000,11040.000000414146,-3528825.6445827745,575354.0964183091,310.9160771085802,221,58:25
55.2%,2762500,11050.000000416183,-3529563.0494717974,575811.4286545917,311.1632152548547,221,58:21
55.3%,2765000,11060.00000041822,-3530387.097115455,577183.6884487179,311.90477186255004,221,58:17
55.4%,2767500,11070.000000420257,-3529768.1693254765,576811.1537079646,311.7034575051782,221,58:13
55.4%,2770000,11080.000000422295,-3527904.9619964715,574717.7009720278,310.5721748458184,221,58:09
55.5%,2772500,11090.000000424332,-3532100.804879617,576234.3044131489,311.39173343656824,221,58:05
55.5%,2775000,11100.00000042637,-3530219.658784505,576042.4758034226,311.2880710151402,221,58:02
55.5%,2777500,11110.000000428407,-3529434.0432302915,576772.1085189262,311.6823578431069,221,57:58
55.6%,2780000,11120.000000430444,-3530332.1880376115,576059.5428218625,311.29729387538276,221,57:54
55.6%,2782500,11130.000000432481,-3531764.8616910446,576104.165957628,311.3214078087098,221,57:50
55.7%,2785000,11140.000000434518,-3528117.0230387393,577126.6575219631,311.8739528727647,221,57:46
55.8%,2787500,11150.000000436556,-3528786.035036251,577207.9660904206,311.91789127747495,221,57:42
55.8%,2790000,11160.000000438593,-3529921.8839225806,575980.9496351987,311.25482283809094,221,57:38
55.9%,2792500,11170.00000044063,-3532967.66661695,575673.7939385881,311.08883871657997,221,57:34
55.9%,2795000,11180.000000442667,-3531871.110384781,574847.0312173122,310.6420637242771,221,57:30
56.0%,2797500,11190.000000444705,-3529970.5350741856,576053.9174172878,311.29425395834136,221,57:26
56.0%,2800000,11200.000000446742,-3533668.6083416883,578744.2757780193,312.74809894309453,221,57:22
56.0%,2802500,11210.00000044878,-3530050.142888356,575934.9405605993,311.2299599561285,221,57:19
56.1%,2805000,11220.000000450817,-3535545.7239291575,576164.9634200446,311.3542621998238,221,57:15
56.1%,2807500,11230.000000452854,-3530733.3648562636,574536.6821115734,310.4743539137602,221,57:11
56.2%,2810000,11240.000000454891,-3531049.645191705,575633.8448338571,311.06725058675823,221,57:07
56.2%,2812500,11250.000000456928,-3530250.254138846,576019.583041986,311.27569997681024,221,57:03
56.3%,2815000,11260.000000458966,-3532117.8037118353,576049.3540434621,311.29178795297685,221,56:59
56.4%,2817500,11270.000000461003,-3531502.543676084,573040.1528686358,309.66564323560743,221,56:55
56.4%,2820000,11280.00000046304,-3525011.7396037094,575409.146677607,310.94582576383664,221,56:51
56.5%,2822500,11290.000000465077,-3527039.9748209156,573606.0963135217,309.9714738829333,221,56:47
56.5%,2825000,11300.000000467115,-3530549.4429025035,578020.9972273374,312.3572458475231,221,56:43
56.5%,2827500,11310.000000469152,-3529602.2974079456,574836.7168268171,310.6364899222473,221,56:39
56.6%,2830000,11320.00000047119,-3528958.88804299,575207.9961453306,310.8371258609542,221,56:35
56.6%,2832500,11330.000000473226,-3528208.40241058,575756.0895944962,311.1333105342959,221,56:31
56.7%,2835000,11340.000000475264,-3529552.488097934,574464.9137156548,310.4355709307966,221,56:28
56.8%,2837500,11350.000000477301,-3530569.2265733257,576652.347739733,311.6176402163619,221,56:24
56.8%,2840000,11360.000000479338,-3528581.8952092864,574902.7159265467,310.6721552304607,221,56:20
56.9%,2842500,11370.000000481376,-3532765.5462174695,576426.1945213147,311.495429091189,221,56:16
56.9%,2845000,11380.000000483413,-3531374.7681297176,576956.4786164481,311.7819897529421,221,56:12
57.0%,2847500,11390.00000048545,-3528574.8275966235,573494.1165072359,309.91096102258786,221,56:08
57.0%,2850000,11400.000000487487,-3528363.4893127587,573501.2896029105,309.9148372977056,221,56:04
57.0%,2852500,11410.000000489525,-3530768.3557635676,572810.8300724018,309.5417192996512,221,56:00
57.1%,2855000,11420.000000491562,-3530129.4594107233,576416.5700726022,311.49022812737104,221,55:56
57.1%,2857500,11430.0000004936,-3529012.93892226,575544.614925807,311.01903156277905,221,55:52
57.2%,2860000,11440.000000495636,-3528296.416707728,576067.9057665651,311.3018131340031,221,55:48
57.2%,2862500,11450.000000497674,-3530439.359806882,577072.6595916741,311.8447728864537,221,55:44
57.3%,2865000,11460.000000499711,-3531208.0701960474,576931.8432216016,311.76867701149916,221,55:41
57.4%,2867500,11470.000000501748,-3531297.7745216694,576266.8243280284,311.40930690032764,221,55:37
57.4%,2870000,11480.000000503785,-3529136.684808897,577128.7437202726,311.8750802351985,221,55:33
57.5%,2872500,11490.000000505823,-3530161.2314168587,576613.0900365993,311.59642571362247,221,55:29
57.5%,2875000,11500.00000050786,-3530294.294164693,576433.3688761871,311.4993060467658,221,55:25
57.5%,2877500,11510.000000509897,-3531740.236339623,573493.8878750409,309.91083747184643,221,55:21
57.6%,2880000,11520.000000511935,-3530545.3385589235,574316.1751510351,310.3551939745636,221,55:17
57.6%,2882500,11530.000000513972,-3530972.3650958706,576814.6593538228,311.7053519240496,221,55:13
57.7%,2885000,11540.00000051601,-3531210.7119422033,574240.3818354462,310.3142359619229,221,55:09
57.8%,2887500,11550.000000518046,-3533370.786151571,574494.2034997048,310.4513988614795,221,55:05
57.8%,2890000,11560.000000520084,-3530933.9350777883,574828.34927913,310.6319681762162,221,55:01
57.9%,2892500,11570.00000052212,-3530835.372380575,574971.509959398,310.70933089490063,221,54:57
57.9%,2895000,11580.000000524158,-3527865.2936692946,576234.351055884,311.3917586418745,221,54:54
58.0%,2897500,11590.000000526195,-3530658.385465905,575458.8995785849,310.9727117752392,221,54:50
58.0%,2900000,11600.000000528233,-3529408.8333659787,575749.5796567297,311.1297926236298,221,54:46
58.0%,2902500,11610.00000053027,-3529644.017218692,575815.3319044285,311.1653245352697,221,54:42
58.1%,2905000,11620.000000532307,-3531184.258571202,574569.3982132401,310.49203339506016,221,54:38
58.1%,2907500,11630.000000534345,-3531584.930688452,574402.012270445,310.40157956667696,221,54:34
58.2%,2910000,11640.000000536382,-3529711.901888242,575835.0041903595,311.1759552581714,221,54:30
58.2%,2912500,11650.000000538419,-3528668.076045137,574988.6326507863,310.718583840294,221,54:26
58.3%,2915000,11660.000000540456,-3532447.8882129434,572832.1485372216,309.55323960252736,221,54:22
58.4%,2917500,11670.000000542494,-3529198.7289786264,575561.9875728297,311.02841958190487,221,54:19
58.4%,2920000,11680.00000054453,-3528516.154964706,574534.7291563669,310.4732985546772,221,54:15
58.5%,2922500,11690.000000546568,-3527594.1285699587,573955.4517089035,310.1602623346451,221,54:11
58.5%,2925000,11700.000000548605,-3530003.335133752,576119.5330619989,311.3297120509795,221,54:07
58.5%,2927500,11710.000000550643,-3529409.1951274257,575515.848359178,311.0034863739922,221,54:03
58.6%,2930000,11720.00000055268,-3530547.0259467456,576894.2106686544,311.74834072501625,221,53:59
58.6%,2932500,11730.000000554717,-3529981.1291470025,576219.6628765437,311.3838212844649,221,53:55
58.7%,2935000,11740.000000556754,-3531368.0433351006,574479.8473289208,310.44364091844886,221,53:51
58.8%,2937500,11750.000000558792,-3528970.0468930397,575260.4796793082,310.8654874813871,221,53:47
58.8%,2940000,11760.000000560829,-3529372.9134617094,575493.1214315159,310.9912049507131,221,53:43
58.9%,2942500,11770.000000562866,-3528722.566856021,575768.4169263057,311.1399721113513,221,53:40
58.9%,2945000,11780.000000564904,-3527826.7961956263,577516.6505874834,312.0847015487296,221,53:36
59.0%,2947500,11790.00000056694,-3527373.8799471874,574676.1346109265,310.54971276548605,221,53:32
59.0%,2950000,11800.000000568978,-3528627.104781611,577141.8877645433,311.8821831561778,221,53:28
59.0%,2952500,11810.000000571015,-3530236.5497614928,574032.5630006088,310.2019325694918,221,53:24
59.1%,2955000,11820.000000573053,-3530501.0348426383,576484.5852797579,311.5269829215477,221,53:20
59.1%,2957500,11830.00000057509,-3527347.9785661027,574441.741301703,310.4230487708122,221,53:16
59.2%,2960000,11840.000000577127,-3531998.4772926234,576341.5479892925,311.44968688158104,221,53:12
59.2%,2962500,11850.000000579164,-3531009.2730796207,574427.3668817508,310.41528096609846,221,53:08
59.3%,2965000,11860.000000581202,-3527607.0768774897,576398.5160876643,311.48047191948433,221,53:04
59.4%,2967500,11870.000000583239,-3530451.613589106,576231.913801443,311.3904415719268,221,53:00
59.4%,2970000,11880.000000585276,-3531066.70556988,575217.7886216958,310.8424176253747,221,52:56
59.5%,2972500,11890.000000587313,-3529579.063737981,575824.7767614973,311.17042844941045,221,52:53
59.5%,2975000,11900.00000058935,-3529195.1381220277,574877.1240299905,310.65832560426605,221,52:49
59.5%,2977500,11910.000000591388,-3530509.399359403,575244.0137255169,310.8565894309681,221,52:45
59.6%,2980000,11920.000000593425,-3529394.060080953,576849.9529474846,311.7244242583854,221,52:41
59.6%,2982500,11930.000000595463,-3529065.89226182,575131.2551108105,310.7956557096947,221,52:37
59.7%,2985000,11940.0000005975,-3531594.782677887,574847.4540488883,310.642292218583,221,52:33
59.8%,2987500,11950.000000599537,-3529871.061333934,576896.5854789506,311.7496240507208,221,52:29
59.8%,2990000,11960.000000601574,-3530779.8795800377,577606.0279103271,312.13300023431117,221,52:25
59.9%,2992500,11970.000000603612,-3530652.003399631,574633.6176841308,310.5267370081701,221,52:21
59.9%,2995000,11980.000000605649,-3530590.625251986,572961.8945529466,309.6233531595191,221,52:17
60.0%,2997500,11990.000000607686,-3531518.1556150727,575414.2196581302,310.94856715598684,221,52:13
60.0%,3000000,12000.000000609723,-3529291.2345848307,577180.0924733032,311.9028286304147,221,52:09
60.0%,3002500,12010.00000061176,-3530174.9531746376,571874.8458565866,309.0359220133741,221,52:06
60.1%,3005000,12020.000000613798,-3528857.613437569,575239.2029963965,310.85398975707085,221,52:02
60.1%,3007500,12030.000000615835,-3529242.8972844295,573535.65406871,309.9334075398658,221,51:58
60.2%,3010000,12040.000000617873,-3530392.647063276,577070.1812877831,311.8434336337597,221,51:54
60.2%,3012500,12050.00000061991,-3532486.5611544177,575285.9931411766,310.8792747221957,221,51:50
60.3%,3015000,12060.000000621947,-3531810.5523474105,575837.4941204737,311.17730079356994,221,51:46
60.4%,3017500,12070.000000623984,-3530513.5749626067,575114.4224673206,310.78655950352555,221,51:42
60.4%,3020000,12080.000000626022,-3530666.155291723,574328.8989227109,310.362069784087,221,51:38
60.5%,3022500,12090.000000628059,-3533086.0632413086,576432.8826235356,311.4990432802923,221,51:34
60.5%,3025000,12100.000000630096,-3531300.7772777993,576027.5264122651,311.2799925012601,221,51:30
60.5%,3027500,12110.000000632133,-3532183.649999881,576991.9361432035,311.80115067521825,221,51:26
60.6%,3030000,12120.00000063417,-3533117.903526658,576710.7626780306,311.64920711329216,221,51:22
60.6%,3032500,12130.000000636208,-3526947.1240774114,576511.6704198422,311.54161948285036,221,51:19
60.7%,3035000,12140.000000638245,-3530460.846423596,575813.7171085917,311.16445191440886,221,51:15
60.8%,3037500,12150.000000640282,-3530125.5497058444,574215.9438336722,310.3010298898862,221,51:11
60.8%,3040000,12160.00000064232,-3530052.352044994,577379.6808637585,312.01068436618357,221,51:07
60.9%,3042500,12170.000000644357,-3532021.3880474605,574457.2159606614,310.43141113459467,221,51:03
60.9%,3045000,12180.000000646394,-3528803.1372176427,576886.9875408579,311.7444374129986,221,50:59
61.0%,3047500,12190.000000648432,-3529960.0320508946,574971.199103374,310.70916291115617,221,50:55
61.0%,3050000,12200.000000650469,-3528630.905213278,576924.120140481,311.7645035292904,221,50:51
61.0%,3052500,12210.000000652506,-3529764.403784005,577037.9739536454,311.82602908576644,221,50:47
61.1%,3055000,12220.000000654543,-3529878.2209626827,575429.8163036997,310.95699544021517,221,50:43
61.1%,3057500,12230.00000065658,-3531379.7574933823,575785.0832590435,311.14897844471517,221,50:40
61.2%,3060000,12240.000000658618,-3532481.694656091,578570.8526554797,312.6543826781446,221,50:36
61.2%,3062500,12250.000000660655,-3525342.8481788095,574479.3445863023,310.44336924094847,221,50:32
61.3%,3065000,12260.000000662692,-3530260.723014852,575188.3178703068,310.82649190160157,221,50:28
61.4%,3067500,12270.00000066473,-3528645.8801209647,574893.206472516,310.66701640871406,221,50:24
61.4%,3070000,12280.000000666767,-3528359.2565829307,573906.9344081739,310.13404403028494,221,50:20
61.5%,3072500,12290.000000668804,-3528978.255038282,576791.0908545535,311.69261572319215,221,50:16
61.5%,3075000,12300.000000670841,-3530217.2367672306,574725.8922117028,310.5766013166165,221,50:12
61.5%,3077500,12310.000000672879,-3532340.112468917,573159.5772731176,309.73017908854325,221,50:08
61.6%,3080000,12320.000000674916,-3531008.821451353,576172.4322901937,311.358298308755,221,50:04
61.6%,3082500,12330.000000676953,-3529695.51875975,574567.144229675,310.4908153630129,221,50:00
61.7%,3085000,12340.00000067899,-3526062.680317709,575895.4046997025,311.2085951394849,221,49:57
61.8%,3087500,12350.000000681028,-3527937.036033917,575541.7329084792,311.01747414704624,221,49:53
61.8%,3090000,12360.000000683065,-3529309.242847003,574634.3705043385,310.5271438253062,221,49:49
61.9%,3092500,12370.000000685102,-3529430.6220018845,576191.589675072,311.36865078385006,221,49:45
61.9%,3095000,12380.00000068714,-3532205.7559856866,576275.741944564,311.41412589851967,221,49:41
62.0%,3097500,12390.000000689177,-3532822.581877416,577037.6969192522,311.825879378921,221,49:37
62.0%,3100000,12400.000000691214,-3528581.2922050767,576028.8011468605,311.2806813561448,221,49:33
62.0%,3102500,12410.000000693251,-3534132.4757253565,575397.2339841786,310.9393882535597,221,49:29
62.1%,3105000,12420.000000695289,-3529270.293680165,576111.9126026005,311.32559402460817,221,49:25
62.1%,3107500,12430.000000697326,-3527543.9711191934,576131.2763606712,311.33605802188373,221,49:21
62.2%,3110000,12440.000000699363,-3531350.645384405,577331.745560923,311.9847805681478,221,49:17
62.2%,3112500,12450.0000007014,-3530294.562722774,575423.809093083,310.9537491986902,221,49:13
62.3%,3115000,12460.000000703438,-3529869.64977777,574810.6024092634,310.62237793049763,221,49:10
62.4%,3117500,12470.000000705475,-3533657.58829483,577204.3163545902,311.91591899370405,221,49:06
62.4%,3120000,12480.000000707512,-3531965.908258578,577619.5276895345,312.14029539118786,221,49:02
62.5%,3122500,12490.00000070955,-3528689.5427564364,576707.4248548343,311.64740338424815,221,48:58
62.5%,3125000,12500.000000711587,-3529286.2416351866,575809.9308526348,311.1624058564136,221,48:54
62.5%,3127500,12510.000000713624,-3529096.077111272,577956.631788671,312.32246335476583,221,48:50
62.6%,3130000,12520.000000715661,-3529476.750474531,573327.3952889484,309.8208664052324,221,48:46
62.6%,3132500,12530.000000717699,-3532274.589403216,572954.1806401858,309.6191846318078,221,48:42
62.7%,3135000,12540.000000719736,-3529974.445505798,575323.4120753594,310.8994955710575,221,48:38
62.8%,3137500,12550.000000721773,-3527499.1239476297,576340.4847767885,311.44911233129466,221,48:34
62.8%,3140000,12560.00000072381,-3529063.07088048,572541.2961167202,309.3960656219078,221,48:30
62.9%,3142500,12570.000000725848,-3532241.4386870377,577167.6130551626,311.89608486730083,221,48:27
62.9%,3145000,12580.000000727885,-3532309.3769619353,576799.1666447006,311.6969798061242,221,48:23
63.0%,3147500,12590.000000729922,-3533456.9282893836,576933.5222651535,311.76958435123606,221,48:19
63.0%,3150000,12600.00000073196,-3527918.2389253564,574450.2510770506,310.4276473753665,221,48:15
63.0%,3152500,12610.000000733997,-3528272.649232058,575378.2038398964,310.9291045381158,221,48:11
63.1%,3155000,12620.000000736034,-3534160.5079206303,576882.8990501727,311.74222803012805,221,48:07
63.1%,3157500,12630.000000738071,-3530898.9544994403,575513.5500099648,311.0022443671556,221,48:03
63.2%,3160000,12640.000000740109,-3529063.9062656127,575647.2956567162,311.07451928807325,221,47:59
63.2%,3162500,12650.000000742146,-3529825.316966975,574271.6125542463,310.33111275594433,221,47:55
63.3%,3165000,12660.000000744183,-3530004.4657286257,576140.2050313292,311.34088299362213,221,47:51
63.4%,3167500,12670.00000074622,-3532007.590392282,574290.0023889283,310.34105045395256,221,47:47
63.4%,3170000,12680.000000748258,-3527388.4735338,576453.520596131,311.5101958514112,221,47:43
63.5%,3172500,12690.000000750295,-3532548.0290833246,575787.0447335454,311.15003840754724,221,47:39
63.5%,3175000,12700.000000752332,-3532471.4766935315,577126.0169661574,311.8736067222818,221,47:36
63.5%,3177500,12710.00000075437,-3530626.878827611,574163.277049698,310.27256924283574,221,47:32
63.6%,3180000,12720.000000756407,-3531520.984700799,575626.9380778996,311.06351823918095,221,47:28
63.6%,3182500,12730.000000758444,-3533515.625462318,577595.5104549611,312.12731669788747,221,47:24
63.7%,3185000,12740.000000760481,-3530233.5580199957,574945.1469962664,310.6950845914002,221,47:20
63.8%,3187500,12750.000000762519,-3526975.5391091686,577506.9646498344,312.07946735685414,221,47:16
63.8%,3190000,12760.000000764556,-3526021.602975389,574513.8125699025,310.4619954231787,221,47:12
63.9%,3192500,12770.000000766593,-3529827.7562731076,576485.9511879259,311.52772104579486,221,47:08
63.9%,3195000,12780.00000076863,-3528803.582287006,575821.8887999866,311.1688678214957,221,47:04
64.0%,3197500,12790.000000770668,-3532763.4746642523,574013.2208461487,310.1914802466093,221,47:00
64.0%,3200000,12800.000000772705,-3533671.609009253,574340.6701425384,310.36843084332736,221,46:56
64.0%,3202500,12810.000000774742,-3529782.770934047,574828.6509760862,310.6321312104845,221,46:53
64.1%,3205000,12820.00000077678,-3530693.6882426776,575665.0810446873,311.0841303486223,221,46:49
64.2%,3207500,12830.000000778817,-3529582.6066154577,576361.5513972137,311.46049653976957,221,46:45
64.2%,3210000,12840.000000780854,-3532020.3408782333,575867.1877471209,311.1933469570886,221,46:41
64.2%,3212500,12850.000000782891,-3527404.219923336,578120.379794048,312.41095127513194,221,46:37
64.3%,3215000,12860.000000784928,-3529917.4043577556,575882.8681935339,311.20182052652416,221,46:33
64.3%,3217500,12870.000000786966,-3527788.515329076,577230.809255936,311.9302355146238,221,46:29
64.4%,3220000,12880.000000789003,-3529190.259734731,575530.3585423455,311.0113275439023,221,46:25
64.5%,3222500,12890.00000079104,-3529107.413276393,576983.0407415603,311.79634368175033,221,46:21
64.5%,3225000,12900.000000793078,-3530042.18181563,574600.1718058214,310.5086631622652,221,46:17
64.5%,3227500,12910.000000795115,-3529096.885399822,575446.9611142932,310.96626033862407,221,46:13
64.6%,3230000,12920.000000797152,-3530295.6189711895,574506.1092062825,310.45783259612637,221,46:09
64.7%,3232500,12930.00000079919,-3534449.227802964,571625.2467366548,308.90104093804666,221,46:06
64.7%,3235000,12940.000000801227,-3531214.5737611745,576895.8679166408,311.74923628662935,221,46:02
64.8%,3237500,12950.000000803264,-3529070.3595496975,575850.060464082,311.18409153040943,221,45:58
64.8%,3240000,12960.000000805301,-3527831.085129874,575426.728303154,310.9553267130404,221,45:54
64.8%,3242500,12970.000000807338,-3526562.7642598506,576165.4124882083,311.3545048721409,221,45:50
64.9%,3245000,12980.000000809376,-3529866.8019241747,578020.6743580096,312.35707137189934,221,45:46
65.0%,3247500,12990.000000811413,-3533067.776477324,574607.5404098246,310.51264508829075,221,45:42
65.0%,3250000,13000.00000081345,-3528317.203865854,575684.5948443853,311.09467542701725,221,45:38
65.0%,3252500,13010.000000815488,-3531226.470992975,575157.2832612314,310.80972108347686,221,45:34
65.1%,3255000,13020.000000817525,-3532596.5309192277,577131.7263473729,311.87669201952974,221,45:30
65.2%,3257500,13030.000000819562,-3529961.872773325,574858.0720881108,310.6480301096004,221,45:26
65.2%,3260000,13040.0000008216,-3529577.672512101,576724.9158578707,311.65685536187834,221,45:23
65.2%,3262500,13050.000000823637,-3533647.0809854325,574747.6016892309,310.5883329191742,221,45:19
65.3%,3265000,13060.000000825674,-3530076.777137371,573993.8056052732,310.1809884284981,221,45:15
65.3%,3267500,13070.000000827711,-3527108.011729896,577368.5610994091,312.0046753475089,221,45:11
65.4%,3270000,13080.000000829748,-3529542.4357603732,576705.2019592051,311.6462021518364,221,45:07
65.5%,3272500,13090.000000831786,-3532630.590779539,575159.3750678806,310.8108514766061,221,45:03
65.5%,3275000,13100.000000833823,-3532339.2116805594,575661.8440531394,311.0823811080764,221,44:59
65.5%,3277500,13110.00000083586,-3530111.782652553,575581.442231647,311.0389327011103,221,44:55
65.6%,3280000,13120.000000837897,-3528136.9075731356,574348.9981691049,310.37293123250726,221,44:51
65.7%,3282500,13130.000000839935,-3530770.802402122,575633.3255093402,311.066969948552,221,44:47
65.7%,3285000,13140.000000841972,-3531485.4461632837,576713.552583528,311.65071475263653,221,44:43
65.8%,3287500,13150.00000084401,-3529934.037789479,576128.3239891218,311.3344625873748,221,44:39
65.8%,3290000,13160.000000846047,-3532700.814548567,574855.3237893218,310.6465449541396,221,44:36
65.8%,3292500,13170.000000848084,-3531993.2945380304,576008.6473404923,311.2697904240148,221,44:32
65.9%,3295000,13180.000000850121,-3531891.981475858,575705.9780314963,311.1062307052259,221,44:28
66.0%,3297500,13190.000000852158,-3527779.2867527436,576180.4387236291,311.3626249119562,221,44:24
66.0%,3300000,13200.000000854196,-3531624.2691816576,576444.710781011,311.5054351081156,221,44:20
66.0%,3302500,13210.000000856233,-3528560.323191276,576869.2203711248,311.73483619741825,221,44:16
66.1%,3305000,13220.00000085827,-3530024.2355850004,574428.7810757111,310.416045183545,221,44:12
66.2%,3307500,13230.000000860307,-3532809.519840967,577061.1181319176,311.8385359874485,221,44:08
66.2%,3310000,13240.000000862345,-3535103.6683649644,576399.301865909,311.4808965468414,221,44:04
66.2%,3312500,13250.000000864382,-3532533.763754485,578302.1228566105,312.5091635593676,221,44:00
66.3%,3315000,13260.00000086642,-3528306.1442635097,576596.8798779199,311.5876658925361,221,43:56
66.3%,3317500,13270.000000868456,-3526814.2030911315,577781.0140666289,312.22756114837154,221,43:53
66.4%,3320000,13280.000000870494,-3529498.9042785317,575885.4309819624,311.2032054338875,221,43:49
66.5%,3322500,13290.000000872531,-3526465.160959929,577049.7825446019,311.83241034002225,221,43:45
66.5%,3325000,13300.000000874568,-3530150.5618149787,575359.1615084717,310.9188142368519,221,43:41
66.5%,3327500,13310.000000876606,-3530596.761220701,574606.1100994418,310.5118721616774,221,43:37
66.6%,3330000,13320.000000878643,-3528486.1700123977,575072.8355502782,310.76408631495116,221,43:33
66.7%,3332500,13330.00000088068,-3527710.9860022906,576420.791270274,311.49250922388006,221,43:29
66.7%,3335000,13340.000000882717,-3531280.132691879,576086.9855369171,311.31212366691994,221,43:25
66.8%,3337500,13350.000000884755,-3527862.3140733074,576117.8112186374,311.3287815826181,221,43:21
66.8%,3340000,13360.000000886792,-3526953.56451077,574254.3900737562,310.32180588543554,221,43:17
66.8%,3342500,13370.00000088883,-3529368.4984871745,576973.8208366565,311.7913613296965,221,43:13
66.9%,3345000,13380.000000890866,-3529017.302682722,576683.4608596051,311.6344534610011,221,43:09
67.0%,3347500,13390.000000892904,-3531129.288217092,575126.7464865199,310.7932192904768,221,43:06
67.0%,3350000,13400.000000894941,-3529958.061944265,575785.402749069,311.14915109419496,221,43:02
67.0%,3352500,13410.000000896978,-3530215.0234083273,574719.1506565512,310.5729582420397,221,42:58
67.1%,3355000,13420.000000899016,-3529224.893719934,575512.0706449484,311.001444931868,221,42:54
67.2%,3357500,13430.000000901053,-3529401.104969261,574682.08593789,310.5529288079972,221,42:50
67.2%,3360000,13440.00000090309,-3527363.000451036,574250.5159905914,310.31971236642266,221,42:46
67.2%,3362500,13450.000000905127,-3531274.9254710507,575567.1991890958,311.03123589153915,221,42:42
67.3%,3365000,13460.000000907165,-3531208.6610961985,575075.2000674801,310.76536407836204,221,42:38
67.3%,3367500,13470.000000909202,-3529073.5217346735,578926.0212858599,312.8463125487361,221,42:34
67.4%,3370000,13480.00000091124,-3529079.8442277946,576413.264855701,311.48844201846987,221,42:30
67.5%,3372500,13490.000000913276,-3529540.8136152066,574343.9032429012,310.37017798111253,221,42:26
67.5%,3375000,13500.000000915314,-3528851.246819703,573335.7788448259,309.82539680194265,221,42:23
67.5%,3377500,13510.000000917351,-3531434.998776417,574243.2737142998,310.31579870673386,221,42:19
67.6%,3380000,13520.000000919388,-3529802.595095895,574934.8201218606,310.6895040431794,221,42:15
67.7%,3382500,13530.000000921425,-3531856.3457229137,577582.4981907962,312.1202849896688,221,42:11
67.7%,3385000,13540.000000923463,-3528157.081681052,576282.8755970038,311.4179808588751,221,42:07
67.8%,3387500,13550.0000009255,-3530882.426911596,574761.5080003396,310.595847762162,221,42:03
67.8%,3390000,13560.000000927537,-3527916.949289916,576303.0157494412,311.42886441254615,221,41:59
67.8%,3392500,13570.000000929575,-3530919.5291108955,575823.8241849942,311.1699136858043,221,41:55
67.9%,3395000,13580.000000931612,-3528776.902772242,575164.4716407993,310.81360561787045,221,41:51
68.0%,3397500,13590.000000933649,-3529495.8398931157,574685.9775961101,310.5550318244088,221,41:47
68.0%,3400000,13600.000000935686,-3534073.487513896,573687.0666611596,310.01522951621445,221,41:43
68.0%,3402500,13610.000000937724,-3529074.964065047,576565.5692698413,311.5707459270813,221,41:39
68.1%,3405000,13620.00000093976,-3527530.3425176963,575571.4111077818,311.0335119737694,221,41:36
68.2%,3407500,13630.000000941798,-3530292.810665477,574397.5497807192,310.39916807815484,221,41:32
68.2%,3410000,13640.000000943835,-3530409.6483713035,576032.5590861846,311.28271211209136,221,41:28
68.2%,3412500,13650.000000945873,-3528728.305748783,577432.2978060525,312.03911807924703,221,41:24
68.3%,3415000,13660.00000094791,-3531815.6514537837,574132.3775357034,310.25587142885377,221,41:20
68.3%,3417500,13670.000000949947,-3535556.974839341,574873.5012364394,310.65636787985585,221,41:16
68.4%,3420000,13680.000000951984,-3528446.9583080485,574201.9534466441,310.2934696130426,221,41:12
68.5%,3422500,13690.000000954022,-3529528.931079069,577326.6207808171,311.98201118397816,221,41:08
68.5%,3425000,13700.000000956059,-3529511.421310723,575014.3369816085,310.7324742249349,221,41:04
68.5%,3427500,13710.000000958096,-3530485.257062422,575361.1228154373,310.9198741091489,221,41:00
68.6%,3430000,13720.000000960134,-3529237.0976115465,574721.2719141444,310.5741045501889,221,40:56
68.7%,3432500,13730.00000096217,-3529483.782458864,576021.0273146243,311.2764804484985,221,40:53
68.7%,3435000,13740.000000964208,-3531801.597420981,575421.8245329065,310.95267676057136,221,40:49
68.8%,3437500,13750.000000966245,-3530436.961009044,576445.2313752838,311.50571643248617,221,40:45
68.8%,3440000,13760.000000968283,-3529555.252673438,575575.2512008577,311.0355871248499,221,40:41
68.8%,3442500,13770.00000097032,-3529900.579279637,575018.1116158091,310.73451400263957,221,40:37
68.9%,3445000,13780.000000972357,-3528103.482399959,574872.8522953958,310.65601719806733,221,40:33
69.0%,3447500,13790.000000974394,-3530476.4315999765,576476.1791622428,311.5224403327354,221,40:29
69.0%,3450000,13800.000000976432,-3526996.118553376,576281.0754086005,311.4170080535716,221,40:25
69.0%,3452500,13810.000000978469,-3528815.6563059017,573946.7384694368,310.1555537799467,221,40:21
69.1%,3455000,13820.000000980506,-3529183.394093372,576432.1727384285,311.4986596648908,221,40:17
69.2%,3457500,13830.000000982543,-3531936.7771706786,575963.8969288667,311.24560771198026,221,40:13
69.2%,3460000,13840.00000098458,-3527747.6752034724,572904.2023447563,309.59217681931074,221,40:09
69.2%,3462500,13850.000000986618,-3528813.166858867,574554.4037822578,310.48393054207185,221,40:06
69.3%,3465000,13860.000000988655,-3527102.8009729423,576332.1591945351,311.44461326299916,221,40:02
69.3%,3467500,13870.000000990693,-3531426.3158216644,577986.4824543566,312.33859438074063,221,39:58
69.4%,3470000,13880.00000099273,-3532187.961145075,575441.9454314024,310.96354990958895,221,39:54
69.5%,3472500,13890.000000994767,-3531880.1418648753,575946.6103515548,311.23626620413677,221,39:50
69.5%,3475000,13900.000000996804,-3528292.1040250007,577227.7143774381,311.9285630706668,221,39:46
69.5%,3477500,13910.000000998842,-3532313.0528850146,576280.2323590522,311.4165524773273,221,39:42
69.6%,3480000,13920.000001000879,-3528724.2219642904,575660.5712962577,311.08169332193,221,39:38
69.7%,3482500,13930.000001002916,-3530283.422970975,574586.1301032545,310.50107515497507,221,39:34
69.7%,3485000,13940.000001004953,-3530767.662545612,576500.9617413001,311.5358326111759,221,39:30
69.8%,3487500,13950.00000100699,-3529123.2941828575,576624.9654872828,311.6028430982616,221,39:26
69.8%,3490000,13960.000001009028,-3530697.327239711,574595.0270198063,310.5058829670857,221,39:22
69.8%,3492500,13970.000001011065,-3531664.874556564,575063.4803993122,310.7590308771657,221,39:19
69.9%,3495000,13980.000001013103,-3533561.163800478,575506.7484213132,310.9985688510259,221,39:15
70.0%,3497500,13990.00000101514,-3535135.9217894357,574211.270364163,310.29850438982396,221,39:11
70.0%,3500000,14000.000001017177,-3532600.1022918895,577108.5580874591,311.86417210434934,221,39:07
70.0%,3502500,14010.000001019214,-3532158.2172393072,573992.5473937092,310.180308502508,221,39:03
70.1%,3505000,14020.000001021252,-3530827.987851415,576523.4574550458,311.5479890885749,221,38:59
70.2%,3507500,14030.000001023289,-3532573.0527230203,576178.2139567393,311.36142266833235,221,38:55
70.2%,3510000,14040.000001025326,-3530737.261029551,575747.5434498738,311.128692276119,221,38:51
70.2%,3512500,14050.000001027363,-3530588.926002983,575083.310886833,310.7697470907557,221,38:47
70.3%,3515000,14060.0000010294,-3531105.3988728113,575161.2634014171,310.81187191473117,221,38:43
70.3%,3517500,14070.000001031438,-3529104.372017769,574914.5702736069,310.67856121089534,221,38:39
70.4%,3520000,14080.000001033475,-3529187.2420797776,575255.6565097808,310.8628810848079,221,38:35
70.5%,3522500,14090.000001035512,-3529730.956162812,576223.8895164713,311.38610532191905,221,38:32
70.5%,3525000,14100.00000103755,-3530599.348513039,574765.2576647117,310.59787404640036,221,38:28
70.5%,3527500,14110.000001039587,-3527690.610050237,574742.6198906566,310.5856408009129,221,38:24
70.6%,3530000,14120.000001041624,-3531791.522665132,574000.2685822633,310.1844809619913,221,38:20
70.7%,3532500,14130.000001043662,-3533281.284800913,573751.2231487678,310.0498990937362,221,38:16
70.7%,3535000,14140.000001045699,-3528733.10413081,575267.1158826582,310.86907362481645,221,38:12
70.8%,3537500,14150.000001047736,-3529271.9519426133,576848.2372253875,311.7234970978991,221,38:08
70.8%,3540000,14160.000001049773,-3534454.022125801,574711.6573448939,310.56890892514156,221,38:04
70.8%,3542500,14170.00000105181,-3532431.596216427,577014.3630158631,311.81326995152574,221,38:00
70.9%,3545000,14180.000001053848,-3528560.782557806,574917.8332900438,310.6803245150526,221,37:56
71.0%,3547500,14190.000001055885,-3532456.04828085,575975.8011104974,311.25204062255966,221,37:52
71.0%,3550000,14200.000001057922,-3529032.922590807,576614.2851545826,311.59707154442015,221,37:49
71.0%,3552500,14210.00000105996,-3531700.5169171225,576313.1307134406,311.4343304463266,221,37:45
71.1%,3555000,14220.000001061997,-3531814.5075624213,576559.0738719192,311.56723587361375,221,37:41
71.2%,3557500,14230.000001064034,-3530242.930894401,576010.6145510577,311.270853486563,221,37:37
71.2%,3560000,14240.000001066071,-3527851.8041915726,575087.1217907565,310.77180646828594,221,37:33
71.2%,3562500,14250.000001068109,-3530801.2065810375,574957.5834088546,310.70180511470795,221,37:29
71.3%,3565000,14260.000001070146,-3528180.108706031,574575.9620881501,310.495580452864,221,37:25
71.3%,3567500,14270.000001072183,-3528605.320035668,575432.0008851045,310.95817596797144,221,37:21
71.4%,3570000,14280.00000107422,-3529049.2728243507,575340.2946520736,310.9086187606831,221,37:17
71.5%,3572500,14290.000001076258,-3527514.24028383,575576.4856372821,311.03625420297266,221,37:13
71.5%,3575000,14300.000001078295,-3526985.7314249743,575575.6430056596,311.0357988525716,221,37:09
71.5%,3577500,14310.000001080332,-3529382.164942447,575637.610328966,311.06928542578163,221,37:05
71.6%,3580000,14320.00000108237,-3530913.084206138,575316.4665320634,310.89574226315824,221,37:02
71.7%,3582500,14330.000001084407,-3529104.6880559064,575820.8443717533,311.1683034220569,221,36:58
71.7%,3585000,14340.000001086444,-3528976.4327120148,576650.5795160603,311.61668468450557,221,36:54
71.8%,3587500,14350.000001088481,-3532528.8153568376,575594.8405302812,311.04617301881586,221,36:50
71.8%,3590000,14360.000001090519,-3530845.96999944,574816.6395934265,310.6256403694521,221,36:46
71.8%,3592500,14370.000001092556,-3530368.111292377,576680.1844840182,311.6326829376817,221,36:42
71.9%,3595000,14380.000001094593,-3528287.850809559,577305.5207117936,311.9706089001875,221,36:38
72.0%,3597500,14390.00000109663,-3528781.444827175,576516.4303656623,311.5441917139178,221,36:34
72.0%,3600000,14400.000001098668,-3528930.2396163642,576198.5843729735,311.37243065444744,221,36:30
72.0%,3602500,14410.000001100705,-3529532.205142187,574305.3360265408,310.34933661109295,221,36:26
72.1%,3605000,14420.000001102742,-3530468.0984085165,576253.0111016438,311.40184235947106,221,36:22
72.2%,3607500,14430.00000110478,-3528194.0732828584,574215.0231696242,310.300532371478,221,36:19
72.2%,3610000,14440.000001106817,-3531446.2740067057,575232.7236045316,310.8504883531299,221,36:15
72.2%,3612500,14450.000001108854,-3527840.022013154,574754.1259467732,310.59185856811587,221,36:11
72.3%,3615000,14460.000001110891,-3527720.663572155,576531.2445358844,311.5521971556445,221,36:07
72.3%,3617500,14470.000001112929,-3530198.6443427037,577255.5651973586,311.94361339833085,221,36:03
72.4%,3620000,14480.000001114966,-3533043.875902187,574889.1132147285,310.6648044497452,221,35:59
72.5%,3622500,14490.000001117003,-3532773.910133859,574668.9696373898,310.54584087949706,221,35:55
72.5%,3625000,14500.00000111904,-3535397.1712513864,577006.3829253204,311.80895758378216,221,35:51
72.5%,3627500,14510.000001121078,-3532326.7817254495,576286.1748001548,311.41976371800075,221,35:47
72.6%,3630000,14520.000001123115,-3530772.4387796186,575226.3555208226,310.84704709909545,221,35:43
72.7%,3632500,14530.000001125152,-3527706.24403131,576268.5570581553,311.4102432517973,221,35:39
72.7%,3635000,14540.00000112719,-3530093.414994085,576228.7265128517,311.38871919040275,221,35:35
72.8%,3637500,14550.000001129227,-3527980.6791980807,576465.5382535493,311.5166900832656,221,35:32
72.8%,3640000,14560.000001131264,-3533595.753551822,576637.2378863507,311.60947499016714,221,35:28
72.8%,3642500,14570.000001133301,-3527949.3243163023,575473.5359499976,310.98062113611985,221,35:24
72.9%,3645000,14580.000001135339,-3529495.363292467,576766.9702220056,311.6795811545746,221,35:20
73.0%,3647500,14590.000001137376,-3532185.4272029046,574646.7334853897,310.53382466688487,221,35:16
73.0%,3650000,14600.000001139413,-3529844.583474003,576661.7558479975,311.6227242717859,221,35:12
73.0%,3652500,14610.00000114145,-3527632.3449661266,575328.1905230462,310.90207780036417,221,35:08
73.1%,3655000,14620.000001143488,-3528827.273050323,574963.8973169453,310.70521709273504,221,35:04
73.2%,3657500,14630.000001145525,-3529653.420545729,573996.7323989854,310.1825700409784,221,35:00
73.2%,3660000,14640.000001147562,-3529673.5261843503,575782.227977098,311.14743547653774,221,34:56
73.2%,3662500,14650.0000011496,-3532768.4703151435,577950.611927801,312.31921027716004,221,34:52
73.3%,3665000,14660.000001151637,-3529562.3684771582,577186.3074803585,311.9061871632294,221,34:49
73.3%,3667500,14670.000001153674,-3534115.0032342505,574389.7648490623,310.39496117248336,221,34:45
73.4%,3670000,14680.000001155711,-3531593.10082921,574638.6764938796,310.52947074256383,221,34:41
73.5%,3672500,14690.000001157749,-3530373.302172173,576163.9189833628,311.3536977958195,221,34:37
73.5%,3675000,14700.000001159786,-3530347.4156592526,575518.8827683358,311.0051261408723,221,34:33
73.5%,3677500,14710.000001161823,-3527595.9348589107,576729.7496603238,311.659467504393,221,34:29
73.6%,3680000,14720.00000116386,-3530046.103041116,576956.4953017479,311.78199876952505,221,34:25
73.7%,3682500,14730.000001165898,-3526890.9258193728,578177.4899692249,312.4418130900378,221,34:21
73.7%,3685000,14740.000001167935,-3529239.632792771,575206.6657849855,310.8364069464245,221,34:17
73.8%,3687500,14750.000001169972,-3532068.73713609,577006.9571474183,311.8092678881377,221,34:13
73.8%,3690000,14760.00000117201,-3528999.3846680857,575163.5922909877,310.81313042529683,221,34:09
73.8%,3692500,14770.000001174047,-3531384.611536108,575674.6298586167,311.0892904400972,221,34:05
73.9%,3695000,14780.000001176084,-3528777.770487372,574027.1189318211,310.1989906446467,221,34:02
74.0%,3697500,14790.000001178121,-3529669.8399247453,574660.8591189932,310.54145802973744,221,33:58
74.0%,3700000,14800.000001180159,-3532221.5679664705,575789.2746695727,311.15124344452556,221,33:54
74.0%,3702500,14810.000001182196,-3530372.793254873,575928.4824586418,311.2264700570582,221,33:50
74.1%,3705000,14820.000001184233,-3532264.827890137,574495.6026087862,310.45215492719575,221,33:46
74.2%,3707500,14830.00000118627,-3531200.7390861064,574124.8863666528,310.2518232698006,221,33:42
74.2%,3710000,14840.000001188308,-3530404.8519195877,575124.4670892984,310.79198752512275,221,33:38
74.2%,3712500,14850.000001190345,-3528284.7817015015,575786.624967952,311.14981157007026,221,33:34
74.3%,3715000,14860.000001192382,-3528887.5068484116,577352.7236035564,311.99611690999643,221,33:30
74.3%,3717500,14870.00000119442,-3530063.282115847,574443.1850372141,310.4238289522419,221,33:26
74.4%,3720000,14880.000001196457,-3534944.5673494358,575227.0958549555,310.84744716887127,221,33:22
74.5%,3722500,14890.000001198494,-3527930.54719867,574544.633467926,310.4786507538109,221,33:19
74.5%,3725000,14900.000001200531,-3532030.1213188563,576396.9113342059,311.47960472543275,221,33:15
74.5%,3727500,14910.000001202568,-3529584.215101946,577864.87062305,312.2728764624096,221,33:11
74.6%,3730000,14920.000001204606,-3529095.755538389,575322.7567797368,310.8991414553128,221,33:07
74.7%,3732500,14930.000001206643,-3528146.668520203,573884.0269803929,310.121665066397,221,33:03
74.7%,3735000,14940.00000120868,-3532623.4514250886,578097.9817614903,312.39884758375104,221,32:59
74.8%,3737500,14950.000001210718,-3530598.0819359776,575283.7822017821,310.8780799508236,221,32:55
74.8%,3740000,14960.000001212755,-3529405.9078223687,577560.0899315197,312.10817577186276,221,32:51
74.8%,3742500,14970.000001214792,-3531560.0867234543,576492.6274065565,311.531328813115,221,32:47
74.9%,3745000,14980.00000121683,-3531563.449375149,577406.4866089207,312.0251699450326,221,32:43
75.0%,3747500,14990.000001218867,-3529789.2350753695,575944.9070617475,311.23534576194584,221,32:39
75.0%,3750000,15000.000001220904,-3532559.6587475464,575117.7891261983,310.78837881510736,221,32:35
75.0%,3752500,15010.000001222941,-3532211.0883686915,577631.3410118736,312.14667920223945,221,32:32
75.1%,3755000,15020.000001224978,-3532367.537432311,575982.6703927275,311.25575271967836,221,32:28
75.2%,3757500,15030.000001227016,-3529278.96812799,574347.5103673383,310.37212723807727,221,32:24
75.2%,3760000,15040.000001229053,-3527182.3460210823,574920.4768213686,310.68175305513654,221,32:20
75.2%,3762500,15050.00000123109,-3532458.8435724843,574547.6357831623,310.48027317743026,221,32:16
75.3%,3765000,15060.000001233127,-3526136.6906210575,574866.475886916,310.65257144540317,221,32:12
75.3%,3767500,15070.000001235165,-3529577.366405381,573743.4039383429,310.0456736641329,221,32:08
75.4%,3770000,15080.000001237202,-3530172.4016692806,576546.0197624809,311.560181552593,221,32:04
75.5%,3772500,15090.00000123924,-3529641.6288326923,573296.1295029491,309.8039706612181,221,32:00
75.5%,3775000,15100.000001241277,-3530791.0732375626,577032.2229175696,311.822921278614,221,31:56
75.5%,3777500,15110.000001243314,-3529921.867273992,576375.67357907,311.4681280373296,221,31:52
75.6%,3780000,15120.000001245351,-3530957.681108324,576012.8815880793,311.2720785725783,221,31:49
75.7%,3782500,15130.000001247388,-3529774.040349705,576002.4280756338,311.2664295903224,221,31:45
75.7%,3785000,15140.000001249426,-3529286.1061271634,576945.2734732034,311.77593459629543,221,31:41
75.8%,3787500,15150.000001251463,-3526988.0172147844,574194.8158880256,310.28961254182394,221,31:37
75.8%,3790000,15160.0000012535,-3532949.7486705687,576130.0831576663,311.33541322592276,221,31:33
75.8%,3792500,15170.000001255537,-3530214.9384556264,574395.4447498817,310.39803053879564,221,31:29
75.9%,3795000,15180.000001257575,-3527573.9165714644,573341.0674015018,309.82825468946874,221,31:25
76.0%,3797500,15190.000001259612,-3527346.894629892,577812.8205428794,312.2447490764388,221,31:21
76.0%,3800000,15200.00000126165,-3530537.5113587733,574533.1263441416,310.4724324096501,221,31:17
76.0%,3802500,15210.000001263686,-3532195.7248735446,576088.2867333939,311.3128268215627,221,31:13
76.1%,3805000,15220.000001265724,-3527234.8637582976,577237.0199511801,311.93359171737524,221,31:09
76.2%,3807500,15230.000001267761,-3530959.949036544,574712.5372721746,310.56938442977423,221,31:05
76.2%,3810000,15240.000001269798,-3528401.269505173,573861.8718345717,310.10969262878103,221,31:02
76.2%,3812500,15250.000001271836,-3531046.6214164943,574916.0953930295,310.67938537144437,221,30:58
76.3%,3815000,15260.000001273873,-3533615.383257564,573770.3980915406,310.0602610569564,221,30:54
76.3%,3817500,15270.00000127591,-3529907.3485783394,575527.5687940036,311.0098199894832,221,30:50
76.4%,3820000,15280.000001277947,-3533627.0823649336,577166.6044010562,311.8955397998721,221,30:46
76.5%,3822500,15290.000001279985,-3528269.1205253713,577357.0536783389,311.99845684269764,221,30:42
76.5%,3825000,15300.000001282022,-3530304.1907610465,576348.2990792061,311.4533351086558,221,30:38
76.5%,3827500,15310.00000128406,-3531212.2300820854,574441.9287375142,310.4231500594056,221,30:34
76.6%,3830000,15320.000001286096,-3530244.9462996256,576554.5368261295,311.5647840956785,221,30:30
76.7%,3832500,15330.000001288134,-3535366.940564554,576570.793218142,311.57356890083395,221,30:26
76.7%,3835000,15340.000001290171,-3529041.8495931923,575321.2131670495,310.89830730117313,221,30:22
76.8%,3837500,15350.000001292208,-3529403.081684122,576511.7735203276,311.54167519740713,221,30:19
76.8%,3840000,15360.000001294246,-3527389.5379476994,575151.4066129305,310.80654539663004,221,30:15
76.8%,3842500,15370.000001296283,-3530530.704603946,575969.2683953848,311.2485104032246,221,30:11
76.9%,3845000,15380.00000129832,-3530342.2395595014,575073.3405153241,310.764359193431,221,30:07
77.0%,3847500,15390.000001300357,-3528593.7408003714,576472.8442388375,311.52063817071183,221,30:03
77.0%,3850000,15400.000001302395,-3530734.1850921027,574489.9508052954,310.4491007444222,221,29:59
77.0%,3852500,15410.000001304432,-3529575.5513986032,575001.9255274322,310.7257671889239,221,29:55
77.1%,3855000,15420.00000130647,-3530438.487409929,574916.4422027895,310.6795727842581,221,29:51
77.2%,3857500,15430.000001308506,-3530499.198857326,577623.5095328145,312.14244714277874,221,29:47
77.2%,3860000,15440.000001310544,-3534667.286571093,574029.0809220881,310.20005088619354,221,29:43
77.2%,3862500,15450.000001312581,-3527762.140394274,576364.2434954525,311.4619513249685,221,29:39
77.3%,3865000,15460.000001314618,-3530151.2967603747,574910.9623082742,310.67661149951834,221,29:36
77.3%,3867500,15470.000001316655,-3532516.3340638727,577513.8156394885,312.08316956883255,221,29:32
77.4%,3870000,15480.000001318693,-3529146.311097946,575972.3780515434,311.25019083289396,221,29:28
77.5%,3872500,15490.00000132073,-3530157.8146562558,574842.5883356524,310.639662831774,221,29:24
77.5%,3875000,15500.000001322767,-3528209.083778193,575099.6951068242,310.77860097297855,221,29:20
77.5%,3877500,15510.000001324805,-3530834.881948363,576729.7339672174,311.65945902398215,221,29:16
77.6%,3880000,15520.000001326842,-3529462.3661126625,573573.2010266819,309.9536975716091,221,29:12
77.7%,3882500,15530.000001328879,-3530731.5641618446,574150.1495471742,310.2654752608647,221,29:08
77.7%,3885000,15540.000001330916,-3531187.8656027876,574536.612788649,310.4743164522876,221,29:04
77.8%,3887500,15550.000001332954,-3532022.9111784305,575755.5184528125,311.133001894568,221,29:00
77.8%,3890000,15560.00000133499,-3531808.379126737,574031.4326260278,310.201321725435,221,28:56
77.8%,3892500,15570.000001337028,-3533657.9900090657,576295.5805394403,311.42484649325024,221,28:53
77.9%,3895000,15580.000001339065,-3528784.3946206607,575291.1894201469,310.882082743696,221,28:49
78.0%,3897500,15590.000001341103,-3529245.3748224843,576865.6776272331,311.73292173110985,221,28:45
78.0%,3900000,15600.00000134314,-3526340.1217268053,577836.191051846,312.25737828515247,221,28:41
78.0%,3902500,15610.000001345177,-3532972.2407732755,577216.3193489141,311.9224053017567,221,28:37
78.1%,3905000,15620.000001347214,-3532725.609150775,573150.2514122266,309.7251394788456,221,28:33
78.2%,3907500,15630.000001349252,-3531229.7237676773,576292.4194420193,311.4231382651945,221,28:29
78.2%,3910000,15640.000001351289,-3528537.3254989497,575439.3213277368,310.96213186803385,221,28:25
78.2%,3912500,15650.000001353326,-3530758.956366135,575532.6111662546,311.0125448412039,221,28:21
78.3%,3915000,15660.000001355364,-3528561.150468245,576206.5437406959,311.3767318237689,221,28:17
78.3%,3917500,15670.0000013574,-3529864.2686756067,577076.2318632496,311.8467033092516,221,28:13
78.4%,3920000,15680.000001359438,-3528880.682462057,573606.9237031131,309.97192099668047,221,28:10
78.5%,3922500,15690.000001361475,-3529605.4078284074,575061.0117740802,310.75769685473017,221,28:06
78.5%,3925000,15700.000001363513,-3530152.8747544065,573192.5259276358,309.7479842392715,221,28:02
78.5%,3927500,15710.00000136555,-3531251.7153937425,575441.5838776978,310.9633545292828,221,27:58
78.6%,3930000,15720.000001367587,-3527270.758319592,575132.4035323726,310.79627630617455,221,27:54
78.7%,3932500,15730.000001369624,-3531213.7556420956,576518.3118745092,311.5452084640433,221,27:50
78.7%,3935000,15740.000001371662,-3526797.5144011453,576900.0730832622,311.75150872010585,221,27:46
78.8%,3937500,15750.000001373699,-3532677.8002528455,574153.1456536296,310.2670943293158,221,27:42
78.8%,3940000,15760.000001375736,-3529824.6063714903,577410.3285226877,312.02724607999795,221,27:38
78.8%,3942500,15770.000001377774,-3530778.9069196302,574600.8566631677,310.5090332528943,221,27:34
78.9%,3945000,15780.00000137981,-3530417.2110218015,574314.6511385601,310.3543704121989,221,27:30
79.0%,3947500,15790.000001381848,-3529882.0726982616,574870.5164352776,310.65475492068174,221,27:26
79.0%,3950000,15800.000001383885,-3532503.570153963,578150.3551760219,312.42714969664513,221,27:23
79.0%,3952500,15810.000001385923,-3530252.067882253,574591.389804071,310.50391744905943,221,27:19
79.1%,3955000,15820.00000138796,-3529955.594778439,576592.7863090266,311.5854537654485,221,27:15
79.2%,3957500,15830.000001389997,-3531462.4026219584,574371.9704692464,310.38534525282387,221,27:11
79.2%,3960000,15840.000001392034,-3531612.348127825,577698.6493850823,312.1830520298336,221,27:07
79.2%,3962500,15850.000001394072,-3531375.6221319754,577342.5067221466,311.990595800982,221,27:03
79.3%,3965000,15860.000001396109,-3527147.021979315,576106.6940308473,311.32277395629245,221,26:59
79.3%,3967500,15870.000001398146,-3534078.0659262184,576317.3973004459,311.43663607081527,221,26:55
79.4%,3970000,15880.000001400183,-3528846.0098228287,578729.1556761428,312.7399281787075,221,26:51
79.5%,3972500,15890.00000140222,-3528843.419760499,577091.255039102,311.8548216957042,221,26:47
79.5%,3975000,15900.000001404258,-3527872.5121544097,576540.3201449489,311.5571015315502,221,26:43
79.5%,3977500,15910.000001406295,-3528611.0536861066,576845.6428751483,311.7220951348227,221,26:40
79.6%,3980000,15920.000001408333,-3529997.7396135777,575444.828776744,310.9651080429682,221,26:36
79.7%,3982500,15930.00000141037,-3528928.992871307,574034.0125864313,310.2027159123761,221,26:32
79.7%,3985000,15940.000001412407,-3532156.0411556903,576512.4586781168,311.5420454503928,221,26:28
79.8%,3987500,15950.000001414444,-3529758.1995392386,576074.5430732693,311.30539987367507,221,26:24
79.8%,3990000,15960.000001416482,-3528203.2568650153,575295.941634681,310.88465079684744,221,26:20
79.8%,3992500,15970.000001418519,-3531920.64230565,575321.7616445434,310.8986036933807,221,26:16
79.9%,3995000,15980.000001420556,-3527504.5959122926,576026.6153482662,311.2795001706305,221,26:12
80.0%,3997500,15990.000001422593,-3528586.019744629,574666.3552096859,310.54442806674285,221,26:08
80.0%,4000000,16000.00000142463,-3526384.2494148836,576122.2402362158,311.3311749830987,221,26:04
80.0%,4002500,16010.000001426668,-3530358.7489822004,576345.7967325335,311.45198286346306,221,26:00
80.1%,4005000,16020.000001428705,-3530171.248980671,577362.6886478217,312.00150192852755,221,25:57
80.2%,4007500,16030.000001430742,-3528403.9525332246,577193.0362509214,311.90982332913177,221,25:53
80.2%,4010000,16040.00000143278,-3531841.2808222976,574602.0992422267,310.50970473122203,221,25:49
80.2%,4012500,16050.000001434817,-3533069.5519836266,575394.0674253665,310.93767707421824,221,25:45
80.3%,4015000,16060.000001436854,-3530720.097622186,575560.6970468061,311.0277221934772,221,25:41
80.3%,4017500,16070.000001438892,-3528880.1708344594,575081.6689445472,310.76885980020273,221,25:37
80.4%,4020000,16080.000001440929,-3532335.9950828087,574324.3437380416,310.35960820406746,221,25:33
80.5%,4022500,16090.000001442966,-3528313.6871062983,576243.7715517364,311.3968493914374,221,25:29
80.5%,4025000,16100.000001445003,-3527459.943444915,576070.4302086147,311.3031773193349,221,25:25
80.5%,4027500,16110.00000144704,-3530293.8088607453,573681.1523202293,310.0120334606164,221,25:21
80.6%,4030000,16120.000001449078,-3531012.6727735866,573302.2294091375,309.8072669945799,221,25:17
80.7%,4032500,16130.000001451115,-3531565.168583922,574925.3501792996,310.6843865730687,221,25:14
80.7%,4035000,16140.000001453152,-3530234.9855534304,573510.7658466191,309.91995817289876,221,25:10
80.8%,4037500,16150.00000145519,-3531050.003418509,574387.5483439902,310.39376339347007,221,25:06
80.8%,4040000,16160.000001457227,-3529468.6941234022,577363.8604337834,312.0021351509148,221,25:02
80.8%,4042500,16170.000001459264,-3529114.764954133,575967.4255777462,311.24751456147334,221,24:58
80.9%,4045000,16180.000001461302,-3530503.091673974,576602.3544361121,311.59062429357573,221,24:54
81.0%,4047500,16190.000001463339,-3528941.455588799,576196.8468949627,311.3714917372649,221,24:50
81.0%,4050000,16200.000001465376,-3530529.281738056,576608.8883134302,311.59415514095605,221,24:46
81.0%,4052500,16210.000001467413,-3531167.351124093,575395.5276535781,310.938466168152,221,24:42
81.1%,4055000,16220.00000146945,-3529934.344478339,574480.349897868,310.4439125020988,221,24:38
81.2%,4057500,16230.000001471488,-3533661.868520573,575687.8371599754,311.09642754462675,221,24:34
81.2%,4060000,16240.000001473525,-3528482.050614238,574304.6681912652,310.34897571903474,221,24:30
81.2%,4062500,16250.000001475562,-3532300.438656654,573842.9174996926,310.0994498800433,221,24:27
81.3%,4065000,16260.0000014776,-3531376.848330196,574136.2159866529,310.2579456925443,221,24:23
81.3%,4067500,16270.000001479637,-3530766.362396162,576271.2781005623,311.41171367815923,221,24:19
81.4%,4070000,16280.000001481674,-3531260.8697380126,578184.9268937921,312.4458319358695,221,24:15
81.5%,4072500,16290.000001483711,-3532392.740611609,576082.5129449104,311.3097067192179,221,24:11
81.5%,4075000,16300.000001485749,-3529897.597826522,576598.7007003117,311.5886498482578,221,24:07
81.5%,4077500,16310.000001487786,-3529453.563624855,576792.2416668376,311.69323761159626,221,24:03
81.6%,4080000,16320.000001489823,-3529984.1045494154,577506.8628427745,312.07941234125263,221,23:59
81.7%,4082500,16330.00000149186,-3532431.6865873504,576101.423677678,311.3199259057744,221,23:55
81.7%,4085000,16340.000001493898,-3532726.9234778024,572149.1633026118,309.18416064542964,221,23:51
81.8%,4087500,16350.000001495935,-3528771.675988786,577219.3813043345,311.9240599543846,221,23:47
81.8%,4090000,16360.000001497972,-3531277.31228563,575969.5892444437,311.2486837871135,221,23:44
81.8%,4092500,16370.00000150001,-3530215.8715044465,575343.4439749552,310.91032062588573,221,23:40
81.9%,4095000,16380.000001502047,-3527486.7115444876,574381.5592142388,310.39052692267893,221,23:36
82.0%,4097500,16390.000001504082,-3530635.1969067343,576270.7033060845,311.4114030644949,221,23:32
82.0%,4100000,16400.00000150612,-3531705.9380507283,577147.3757294561,311.88514880208635,221,23:28
82.0%,4102500,16410.000001508157,-3529398.1418457665,575888.5890455305,311.20491202247695,221,23:24
82.1%,4105000,16420.000001510194,-3530612.6886679325,575577.1584581793,311.036617789215,221,23:20
82.2%,4107500,16430.00000151223,-3532443.5032790247,575641.2108325337,311.07123110488914,221,23:16
82.2%,4110000,16440.00000151427,-3530191.7220934965,575230.0386708798,310.8490374396081,221,23:12
82.2%,4112500,16450.000001516306,-3530303.050784575,578022.9603116442,312.35830668027893,221,23:08
82.3%,4115000,16460.000001518343,-3528365.31848838,577760.9767230698,312.2167331516755,221,23:04
82.3%,4117500,16470.00000152038,-3528054.553836977,574702.022400721,310.563702289673,221,23:01
82.4%,4120000,16480.000001522418,-3531422.1279037315,575451.9476099673,310.96895499515506,221,22:57
82.5%,4122500,16490.000001524455,-3531022.997489471,575890.1569593849,311.2057593087445,221,22:53
82.5%,4125000,16500.000001526492,-3529308.4462175537,576272.3436893241,311.41228951255357,221,22:49
82.5%,4127500,16510.00000152853,-3526930.072437104,574784.975014281,310.608529121279,221,22:45
82.6%,4130000,16520.000001530567,-3528821.7224037033,575453.6401804913,310.96986964474354,221,22:41
82.7%,4132500,16530.000001532604,-3529970.296710942,578128.0013274036,312.41506988185984,221,22:37
82.7%,4135000,16540.00000153464,-3532807.1095256824,575328.7312676023,310.90237001376306,221,22:33
82.8%,4137500,16550.00000153668,-3532084.98485397,577191.2237989511,311.908843896709,221,22:29
82.8%,4140000,16560.000001538716,-3531674.361481132,575503.4624761629,310.9967931564022,221,22:25
82.8%,4142500,16570.000001540753,-3530505.0445252955,577031.6932209461,311.82263503541657,221,22:21
82.9%,4145000,16580.00000154279,-3532025.4467369784,575982.5235276879,311.25567335515785,221,22:17
83.0%,4147500,16590.000001544828,-3531109.4917373247,575944.0780545932,311.23489777408247,221,22:14
83.0%,4150000,16600.000001546865,-3530860.800299613,575507.3424789482,310.99888987432365,221,22:10
83.0%,4152500,16610.000001548902,-3525996.282486642,574853.5379323226,310.64557989339534,221,22:06
83.1%,4155000,16620.00000155094,-3530246.538216414,574062.9179247292,310.2183360921002,221,22:02
83.2%,4157500,16630.000001552977,-3531198.8622166235,576609.1344113391,311.594288130009,221,21:58
83.2%,4160000,16640.000001555014,-3532055.6336109415,574991.7603050488,310.72027399597357,221,21:54
83.2%,4162500,16650.00000155705,-3529054.7615743596,574581.9708364354,310.49882752533085,221,21:50
83.3%,4165000,16660.00000155909,-3533569.2134063207,574574.7912513738,310.49494774340786,221,21:46
83.3%,4167500,16670.000001561126,-3530256.8512265384,573635.8820286749,309.9875698102361,221,21:42
83.4%,4170000,16680.000001563163,-3532031.455874607,576906.5392224316,311.75500296241177,221,21:38
83.5%,4172500,16690.0000015652,-3528841.7876870558,575257.8064312835,310.86404288267096,221,21:34
83.5%,4175000,16700.000001567238,-3530302.16657722,575780.4165919165,311.1464566205979,221,21:31
83.5%,4177500,16710.000001569275,-3530405.193472469,574393.3310475387,310.39688831343426,221,21:27
83.6%,4180000,16720.000001571312,-3528590.446870193,573153.4256218369,309.7268547926082,221,21:23
83.7%,4182500,16730.00000157335,-3529858.7303384915,576393.5737276562,311.4778011134626,221,21:19
83.7%,4185000,16740.000001575387,-3530006.9880869016,574685.381654104,310.55470978281414,221,21:15
83.8%,4187500,16750.000001577424,-3530268.8213635217,576661.0094670858,311.6223209343863,221,21:11
83.8%,4190000,16760.00000157946,-3530777.253561605,576256.8780881714,311.4039320435263,221,21:07
83.8%,4192500,16770.0000015815,-3532297.207845116,575451.647473116,310.9687928039532,221,21:03
83.9%,4195000,16780.000001583536,-3530003.171490427,576064.190360524,311.2998053626526,221,20:59
84.0%,4197500,16790.000001585573,-3530661.592961792,576562.4857604372,311.5690796268783,221,20:55
84.0%,4200000,16800.00000158761,-3530542.198724624,576255.5300852451,311.4032035951075,221,20:51
84.0%,4202500,16810.000001589648,-3529831.3329098113,575472.9729905444,310.9803169179943,221,20:48
84.1%,4205000,16820.000001591685,-3531781.5308096875,576256.3521828612,311.40364784911975,221,20:44
84.2%,4207500,16830.000001593722,-3529402.793126516,574416.988646577,310.40967266298975,221,20:40
84.2%,4210000,16840.00000159576,-3528825.420599835,576936.1923394611,311.7710272349045,221,20:36
84.2%,4212500,16850.000001597797,-3527463.8190890085,575505.9648432771,310.9981454126414,221,20:32
84.3%,4215000,16860.000001599834,-3529681.444470696,577213.4871135748,311.92087478775386,221,20:28
84.3%,4217500,16870.00000160187,-3531059.423737174,575533.7233055847,311.0131458310985,221,20:24
84.4%,4220000,16880.00000160391,-3533056.154460119,575959.9809554708,311.2434915558706,221,20:20
84.5%,4222500,16890.000001605946,-3530000.4545802325,572564.6406734182,309.4086808062535,221,20:16
84.5%,4225000,16900.000001607983,-3528633.265305903,575994.528971476,311.26216098687854,221,20:12
84.5%,4227500,16910.00000161002,-3532326.297710683,576341.4080583015,311.44961126415683,221,20:08
84.6%,4230000,16920.000001612058,-3530534.521901859,575309.9515562818,310.892221629995,221,20:04
84.7%,4232500,16930.000001614095,-3529713.57830579,573452.6268063568,309.8885403687365,221,20:01
84.7%,4235000,16940.000001616132,-3531762.694898544,576209.3437253074,311.3782449097742,221,19:57
84.8%,4237500,16950.00000161817,-3530380.018927999,576132.0138686611,311.3364565644378,221,19:53
84.8%,4240000,16960.000001620207,-3530977.144220952,574428.6761683095,310.4159884925473,221,19:49
84.8%,4242500,16970.000001622244,-3529488.8417442273,577441.3711457921,312.0440212288304,221,19:45
84.9%,4245000,16980.00000162428,-3532795.867936315,576077.1806329228,311.3068251867226,221,19:41
85.0%,4247500,16990.00000162632,-3531205.6850352194,575548.7311518195,311.0212559335661,221,19:37
85.0%,4250000,17000.000001628356,-3532765.522678159,577359.365111145,311.99970591978774,221,19:33
85.0%,4252500,17010.000001630393,-3533155.7620195914,574070.4977869166,310.222432180111,221,19:29
85.1%,4255000,17020.00000163243,-3533486.7529229037,577750.7095400321,312.21118486012267,221,19:25
85.2%,4257500,17030.000001634467,-3529374.682955865,576598.0775795605,311.5883131195185,221,19:21
85.2%,4260000,17040.000001636505,-3531806.867911294,577673.2437953409,312.169323082133,221,19:18
85.2%,4262500,17050.000001638542,-3532027.9297772795,575435.5191167265,310.9600771880741,221,19:14
85.3%,4265000,17060.00000164058,-3530641.615329597,575647.2929574348,311.0745178294063,221,19:10
85.3%,4267500,17070.000001642617,-3532651.8259249143,573970.3665771944,310.16832219268457,221,19:06
85.4%,4270000,17080.000001644654,-3532291.021897014,576205.1968816612,311.3760039934986,221,19:02
85.5%,4272500,17090.00000164669,-3529078.0608226657,575084.3159263834,310.7702902049114,221,18:58
85.5%,4275000,17100.00000164873,-3527328.218075391,575223.3369030186,310.84541586571805,221,18:54
85.5%,4277500,17110.000001650766,-3526209.672736885,576307.7012778106,311.4313964291058,221,18:50
85.6%,4280000,17120.000001652803,-3532811.4485162757,575258.5606302591,310.8644504448806,221,18:46
85.7%,4282500,17130.00000165484,-3529228.6923231147,576427.952280299,311.4963789680237,221,18:42
85.7%,4285000,17140.000001656877,-3533650.803750869,574525.1149825257,310.4681031433054,221,18:38
85.8%,4287500,17150.000001658915,-3531810.8103940934,574349.576683812,310.3732438565494,221,18:35
85.8%,4290000,17160.000001660952,-3532940.217101015,575565.3526131343,311.03023801882455,221,18:31
85.8%,4292500,17170.00000166299,-3529803.022190487,574775.9662757898,310.6036608816178,221,18:27
85.9%,4295000,17180.000001665027,-3528379.5636910032,575068.9486126233,310.76198584948975,221,18:23
86.0%,4297500,17190.000001667064,-3530240.2819851525,576339.1087554125,311.44836874196255,221,18:19
86.0%,4300000,17200.0000016691,-3526174.464599449,575517.6703364204,311.00447095378445,221,18:15
86.0%,4302500,17210.00000167114,-3532889.7130092606,575836.3091311922,311.1766604362298,221,18:11
86.1%,4305000,17220.000001673176,-3532575.2109612226,574216.4514136841,310.30130418146956,221,18:07
86.2%,4307500,17230.000001675213,-3533036.793442251,574265.6206193437,310.32787476927524,221,18:03
86.2%,4310000,17240.00000167725,-3528901.6454218198,574946.5543167613,310.695845094489,221,17:59
86.2%,4312500,17250.000001679287,-3529892.1356037483,576974.773986296,311.7918764030203,221,17:55
86.3%,4315000,17260.000001681325,-3530617.1468968093,574931.4693635756,310.68769332413217,221,17:51
86.3%,4317500,17270.000001683362,-3531861.8520751633,576544.799968879,311.5595223873174,221,17:48
86.4%,4320000,17280.0000016854,-3534181.3835565615,575771.0117176382,311.14137431279045,221,17:44
86.5%,4322500,17290.000001687436,-3530504.5087395348,577050.2579987724,311.8326672710956,221,17:40
86.5%,4325000,17300.000001689474,-3531641.7480036486,578430.3073206707,312.57843326816084,221,17:36
86.5%,4327500,17310.00000169151,-3526634.7390457857,573952.6969183995,310.158773671121,221,17:32
86.6%,4330000,17320.00000169355,-3528920.4335284363,576457.8275133428,311.5125232699736,221,17:28
86.7%,4332500,17330.000001695586,-3529594.6522387974,573047.5041216845,309.66961578533625,221,17:24
86.7%,4335000,17340.000001697623,-3529395.8965026587,575957.8190224805,311.24232326710984,221,17:20
86.8%,4337500,17350.00000169966,-3533193.4265868533,575806.5702443131,311.16058981449686,221,17:16
86.8%,4340000,17360.000001701697,-3529470.5153864585,575717.041401919,311.1122092491397,221,17:12
86.8%,4342500,17370.000001703735,-3533207.7727812063,576481.4576070688,311.5252927559105,221,17:08
86.9%,4345000,17380.000001705772,-3529668.9014811795,576598.0693968622,311.5883086976634,221,17:05
87.0%,4347500,17390.00000170781,-3529688.0043662637,575404.6859551639,310.94341523033785,221,17:01
87.0%,4350000,17400.000001709846,-3531533.948091848,575786.9706044118,311.14999834884327,221,16:57
87.0%,4352500,17410.000001711884,-3527739.391815221,576233.2096721618,311.39114184857874,221,16:53
87.1%,4355000,17420.00000171392,-3531157.229542358,575099.6045914525,310.77855205930183,221,16:49
87.2%,4357500,17430.00000171596,-3530237.4995582215,577334.8165191527,311.9864400858113,221,16:45
87.2%,4360000,17440.000001717995,-3529045.9802993387,575854.8458782169,311.18667752432066,221,16:41
87.2%,4362500,17450.000001720033,-3531756.7481933255,574662.5262876536,310.54235895239185,221,16:37
87.3%,4365000,17460.00000172207,-3530145.04432234,574418.0101266144,310.4102246614339,221,16:33
87.3%,4367500,17470.000001724107,-3530053.4397903234,576490.7959040941,311.5303390859811,221,16:29
87.4%,4370000,17480.000001726145,-3531812.6704849284,576074.1104114351,311.3051660671878,221,16:25
87.5%,4372500,17490.00000172818,-3530594.4363376554,573667.9905403086,310.0049209554545,221,16:21
87.5%,4375000,17500.00000173022,-3529857.7405213118,576288.1922101132,311.4208539078405,221,16:18
87.5%,4377500,17510.000001732256,-3530799.6363063436,575709.3996452295,311.10807971390756,221,16:14
87.6%,4380000,17520.000001734294,-3530992.4404292647,575681.0612601759,311.0927659105171,221,16:10
87.7%,4382500,17530.00000173633,-3531508.5247210134,576006.9327415249,311.2688638704575,221,16:06
87.7%,4385000,17540.000001738368,-3528207.227687724,576273.6990729129,311.41302194941466,221,16:02
87.8%,4387500,17550.000001740405,-3531626.1222740356,574936.7141047483,310.69052753416213,221,15:58
87.8%,4390000,17560.000001742443,-3530701.203582065,573611.2564848441,309.97426239219186,221,15:54
87.8%,4392500,17570.00000174448,-3530667.092137348,573982.5503052203,310.1749061675723,221,15:50
87.9%,4395000,17580.000001746517,-3529151.6444597784,574251.4904911467,310.3202389775855,221,15:46
88.0%,4397500,17590.000001748554,-3527386.6350681055,576474.9951403344,311.52180049815473,221,15:42
88.0%,4400000,17600.00000175059,-3529404.303328272,573193.544827343,309.7485348433288,221,15:38
88.0%,4402500,17610.00000175263,-3529721.336234778,576781.4531698758,311.68740760677986,221,15:35
88.1%,4405000,17620.000001754666,-3532519.3628951143,576733.3656621318,311.66142155860757,221,15:31
88.2%,4407500,17630.000001756704,-3527329.2582407463,573949.7200198867,310.157164982466,221,15:27
88.2%,4410000,17640.00000175874,-3529242.1888713706,573902.0876266847,310.1314248740182,221,15:23
88.2%,4412500,17650.000001760778,-3525915.697218433,577289.3490196432,311.9618698660606,221,15:19
88.3%,4415000,17660.000001762815,-3529346.315122606,577456.1959009229,312.05203239054464,221,15:15
88.3%,4417500,17670.000001764853,-3533087.119770877,573696.0750492793,310.020097566538,221,15:11
88.4%,4420000,17680.00000176689,-3529559.364024978,575771.4993407559,311.1416378198512,221,15:07
88.5%,4422500,17690.000001768927,-3527497.208889058,575632.160952291,311.0663406326029,221,15:03
88.5%,4425000,17700.000001770964,-3529671.3738064915,577138.9077234895,311.8805727693224,221,14:59
88.5%,4427500,17710.000001773,-3527183.224728817,577291.3010472045,311.96292472385267,221,14:55
88.6%,4430000,17720.00000177504,-3529174.3619997557,576900.8221399686,311.75191350348035,221,14:52
88.7%,4432500,17730.000001777076,-3528702.0994505305,576280.1604830993,311.4165136362215,221,14:48
88.7%,4435000,17740.000001779114,-3530478.8018122446,576068.9256943628,311.30236429363123,221,14:44
88.8%,4437500,17750.00000178115,-3528084.808272328,576674.8921736183,311.62982302167757,221,14:40
88.8%,4440000,17760.000001783188,-3528928.7015633285,574895.6019663764,310.6683109116271,221,14:36
88.8%,4442500,17770.000001785225,-3531533.6933609284,576674.0459745917,311.62936574348413,221,14:32
88.9%,4445000,17780.000001787263,-3532574.590695573,577326.6975893461,311.9820526906028,221,14:28
89.0%,4447500,17790.0000017893,-3530534.886449052,575718.3725721968,311.11292860134967,221,14:24
89.0%,4450000,17800.000001791337,-3535341.378379494,573787.7093178179,310.06961588487474,221,14:20
89.0%,4452500,17810.000001793374,-3528334.8750811275,574074.8642129444,310.22479175669184,221,14:16
89.1%,4455000,17820.00000179541,-3532331.475306317,576615.2305595421,311.5975824325899,221,14:12
89.2%,4457500,17830.00000179745,-3529594.378427189,574179.6757912269,310.28143097236443,221,14:09
89.2%,4460000,17840.000001799486,-3531653.8956152815,574788.9563308042,310.6106805882153,221,14:05
89.2%,4462500,17850.000001801523,-3533224.5251499265,574164.7109642283,310.2733441170974,221,14:01
89.3%,4465000,17860.00000180356,-3528546.97483233,574804.3032996755,310.6189739494457,221,13:57
89.3%,4467500,17870.000001805598,-3531507.4511479493,576902.4298135235,311.75278227552536,221,13:53
89.4%,4470000,17880.000001807635,-3527465.8992746323,577747.5528430656,312.20947901003217,221,13:49
89.5%,4472500,17890.000001809673,-3532360.1674394887,574587.9828040765,310.5020763375081,221,13:45
89.5%,4475000,17900.00000181171,-3529870.608446937,575497.6499017886,310.9936520945177,221,13:41
89.5%,4477500,17910.000001813747,-3527913.781109059,578388.4283940013,312.555802280262,221,13:37
89.6%,4480000,17920.000001815784,-3533547.607249072,573990.6443867481,310.1792801349988,221,13:33
89.7%,4482500,17930.00000181782,-3533731.7745790556,576119.2849841855,311.32957799200426,221,13:29
89.7%,4485000,17940.00000181986,-3528767.964767851,574644.945833748,310.53285863633226,221,13:25
89.8%,4487500,17950.000001821896,-3531245.6169907264,573331.8434420889,309.8232701463953,221,13:22
89.8%,4490000,17960.000001823933,-3531337.993093528,576110.709124245,311.324943675942,221,13:18
89.8%,4492500,17970.00000182597,-3528896.517434543,576010.7662470916,311.27093546170846,221,13:14
89.9%,4495000,17980.000001828008,-3529050.07182936,576250.8954775496,311.40069909561305,221,13:10
90.0%,4497500,17990.000001830045,-3530969.1476591732,572739.3386401434,309.5030859853096,221,13:06
90.0%,4500000,18000.000001832082,-3530837.455036955,577250.591267424,311.9409255322104,221,13:02
90.0%,4502500,18010.00000183412,-3528359.87731497,576870.777409256,311.7356776065447,221,12:58
90.1%,4505000,18020.000001836157,-3532189.829580784,577915.6768488232,312.30033168087147,221,12:54
90.2%,4507500,18030.000001838194,-3529599.406107599,577864.5833700118,312.2727212335021,221,12:50
90.2%,4510000,18040.00000184023,-3527751.659642726,576043.8400687382,311.2888082516049,221,12:46
90.2%,4512500,18050.00000184227,-3529958.025668079,575378.6872547071,310.92936577104615,221,12:42
90.3%,4515000,18060.000001844306,-3527484.9845677037,576680.3851238512,311.63279136160736,221,12:39
90.3%,4517500,18070.000001846343,-3528766.252747968,576596.7226830042,311.58758094584533,221,12:35
90.4%,4520000,18080.00000184838,-3530005.721110616,577486.2123300065,312.06825299353955,221,12:31
90.5%,4522500,18090.000001850418,-3532380.565364197,576456.0348070756,311.5115545079478,221,12:27
90.5%,4525000,18100.000001852455,-3533711.3078523595,575602.4594320833,311.0502902034765,221,12:23
90.5%,4527500,18110.000001854492,-3529379.9126191065,574252.0537192576,310.3205433408913,221,12:19
90.6%,4530000,18120.00000185653,-3530906.514613364,575958.3767864441,311.2426246776405,221,12:15
90.7%,4532500,18130.000001858567,-3531880.6508268546,578222.7629558023,312.4662781967837,221,12:11
90.7%,4535000,18140.000001860604,-3526480.722003812,574979.4440143926,310.7136183854562,221,12:07
90.8%,4537500,18150.00000186264,-3530205.961236,578521.6526717795,312.6277954581681,221,12:03
90.8%,4540000,18160.00000186468,-3529088.835569687,575875.7312649465,311.19796379576866,221,11:59
90.8%,4542500,18170.000001866716,-3532305.5430069584,578745.7168789604,312.74887770082665,221,11:55
90.9%,4545000,18180.000001868753,-3530894.4012848977,576584.5163299895,311.58098474462116,221,11:52
91.0%,4547500,18190.00000187079,-3530907.083481472,576620.1730732243,311.60025332165577,221,11:48
91.0%,4550000,18200.000001872828,-3533323.959655259,575612.6394979771,311.05579141772364,221,11:44
91.0%,4552500,18210.000001874865,-3528497.650720218,575520.5968242263,311.00605240095587,221,11:40
91.1%,4555000,18220.000001876902,-3528661.3699389305,576631.8947292787,311.6065875970878,221,11:36
91.2%,4557500,18230.00000187894,-3529458.071257895,576069.1386120057,311.30247935237276,221,11:32
91.2%,4560000,18240.000001880977,-3532514.407411596,574291.51718659,310.3418690367167,221,11:28
91.2%,4562500,18250.000001883014,-3529885.5562306773,573480.3483874355,309.9035208569157,221,11:24
91.3%,4565000,18260.00000188505,-3532557.60798428,575536.3426821925,311.0145613181948,221,11:20
91.3%,4567500,18270.00000188709,-3531652.668763878,574004.6832100921,310.1868665863833,221,11:16
91.4%,4570000,18280.000001889126,-3530964.4822088517,574345.4303810553,310.3710032325656,221,11:12
91.5%,4572500,18290.000001891163,-3531828.1957918443,577312.8733386206,311.97458219229355,221,11:09
91.5%,4575000,18300.0000018932,-3528477.434667712,573389.2685851395,309.8543021670515,221,11:05
91.5%,4577500,18310.000001895238,-3533032.884332465,577830.2963899925,312.254192863947,221,11:01
91.6%,4580000,18320.000001897275,-3532557.3593633976,576724.9696253976,311.6568844173567,221,10:57
91.7%,4582500,18330.000001899312,-3529920.1942225043,577230.7717701332,311.93021525763976,221,10:53
91.7%,4585000,18340.00000190135,-3529357.063861359,574866.7438569027,310.65271625392637,221,10:49
91.8%,4587500,18350.000001903387,-3530452.0076240823,574795.2458162829,310.6140793684869,221,10:45
91.8%,4590000,18360.000001905424,-3531162.236122038,579137.5815649105,312.96063778330705,221,10:41
91.8%,4592500,18370.00000190746,-3527770.8247818667,574847.0640465462,310.6420814648941,221,10:37
91.9%,4595000,18380.0000019095,-3528874.1635044105,575903.757646005,311.21310899506153,221,10:33
92.0%,4597500,18390.000001911536,-3530934.3279880136,577840.0091474049,312.2594415489766,221,10:29
92.0%,4600000,18400.000001913573,-3530937.9877077453,575726.679135404,311.11741739192695,221,10:25
92.0%,4602500,18410.00000191561,-3530429.4429643378,573931.1445341423,310.1471269603262,221,10:22
92.1%,4605000,18420.000001917648,-3530386.0951809734,574705.8940485626,310.56579449265956,221,10:18
92.2%,4607500,18430.000001919685,-3533401.1141272765,574619.6530933955,310.5191906714066,221,10:14
92.2%,4610000,18440.000001921722,-3532178.5632052347,576282.8297246186,311.41795606985886,221,10:10
92.2%,4612500,18450.00000192376,-3533156.530888347,575609.7187616843,311.0542130786172,221,10:06
92.3%,4615000,18460.000001925797,-3530918.644885676,574898.4783753066,310.66986529663325,221,10:02
92.3%,4617500,18470.000001927834,-3528726.969531983,576215.4002273655,311.38151778794196,221,9:58
92.4%,4620000,18480.00000192987,-3529848.1324201357,577419.5044368551,312.0322046598613,221,9:54
92.5%,4622500,18490.00000193191,-3531793.774478363,576270.348856762,311.41121152333176,221,9:50
92.5%,4625000,18500.000001933946,-3529318.013170976,576591.1321421807,311.58455986885537,221,9:46
92.5%,4627500,18510.000001935983,-3531118.558696285,576178.3082704563,311.36147363460003,221,9:42
92.6%,4630000,18520.00000193802,-3528995.548869746,577980.510728197,312.335367314691,221,9:39
92.7%,4632500,18530.000001940058,-3527778.155678602,576607.4849079766,311.5933967535195,221,9:35
92.7%,4635000,18540.000001942095,-3532083.684624955,574927.4006019142,310.6854946026451,221,9:31
92.8%,4637500,18550.000001944132,-3530848.5181946456,574657.7112697051,310.53975696085115,221,9:27
92.8%,4640000,18560.00000194617,-3532306.32471451,574949.138860225,310.69724175807386,221,9:23
92.8%,4642500,18570.000001948207,-3529031.704448601,574907.775247938,310.6748892413413,221,9:19
92.9%,4645000,18580.000001950244,-3530030.080757778,576591.8357814715,311.584940109075,221,9:15
93.0%,4647500,18590.00000195228,-3533994.822806908,576006.6312080899,311.26870092455454,221,9:11
93.0%,4650000,18600.00000195432,-3531995.6139685437,574642.0551580832,310.5312965417136,221,9:07
93.0%,4652500,18610.000001956356,-3532461.9355086926,573940.7939611193,310.15234142216923,221,9:03
93.1%,4655000,18620.000001958393,-3531899.0157527328,574321.457602012,310.35804856262587,221,8:59
93.2%,4657500,18630.00000196043,-3535545.6075406466,572737.7528646165,309.5022290467581,221,8:55
93.2%,4660000,18640.000001962468,-3531408.5844374113,577181.272748365,311.90346644023373,221,8:52
93.2%,4662500,18650.000001964505,-3531764.1914651077,576397.5806443193,311.47996641447975,221,8:48
93.3%,4665000,18660.000001966542,-3532108.0961358324,573796.1854079221,310.07419628623245,221,8:44
93.3%,4667500,18670.00000196858,-3531250.973540373,574060.5612197369,310.2170625503358,221,8:40
93.4%,4670000,18680.000001970617,-3529669.4398069773,578062.0374711861,312.3794236189172,221,8:36
93.5%,4672500,18690.000001972654,-3528950.997258544,574146.8607424923,310.2636980209764,221,8:32
93.5%,4675000,18700.00000197469,-3532440.473407723,575084.7545486875,310.77052723238194,221,8:28
93.5%,4677500,18710.00000197673,-3531740.9227447305,576890.6502964406,311.74641673252415,221,8:24
93.6%,4680000,18720.000001978766,-3530578.486391237,576937.1549207454,311.77154740500276,221,8:20
93.7%,4682500,18730.000001980803,-3532095.127477661,577797.3289380893,312.2363775552844,221,8:16
93.7%,4685000,18740.00000198284,-3527837.8350145034,572283.0915183021,309.2565342249275,221,8:12
93.8%,4687500,18750.000001984878,-3530535.7930564843,575722.0913608908,311.1149382006547,221,8:09
93.8%,4690000,18760.000001986915,-3532674.2452282924,575890.1477832459,311.2057543500431,221,8:05
93.8%,4692500,18770.000001988952,-3529068.4312507287,575530.1011454002,311.0111884489537,221,8:01
93.9%,4695000,18780.00000199099,-3532376.751822518,574825.8509848712,310.63061812091075,221,7:57
94.0%,4697500,18790.000001993027,-3529175.98071352,574584.550129808,310.5002213518146,221,7:53
94.0%,4700000,18800.000001995064,-3529776.1431850474,577194.5857190526,311.9106606474996,221,7:49
94.0%,4702500,18810.0000019971,-3527125.659401847,575731.0818075314,311.1197965555675,221,7:45
94.1%,4705000,18820.00000199914,-3528439.4932917673,574369.5595470547,310.3840424125821,221,7:41
94.2%,4707500,18830.000002001176,-3531720.681710217,577545.7838984941,312.10044492281696,221,7:37
94.2%,4710000,18840.000002003213,-3526855.9874585476,575238.6268567393,310.85367841648394,221,7:33
94.2%,4712500,18850.00000200525,-3530530.34826407,575217.709298125,310.84237475964454,221,7:29
94.3%,4715000,18860.000002007288,-3527907.926113084,574849.1534796951,310.6432105754055,221,7:26
94.3%,4717500,18870.000002009325,-3530885.0322101433,577356.5378256802,311.99817808065177,221,7:22
94.4%,4720000,18880.000002011362,-3531286.8850550167,577978.1886810213,312.3341125016928,221,7:18
94.5%,4722500,18890.0000020134,-3532415.4352653027,575627.1891294237,311.0636539051221,221,7:14
94.5%,4725000,18900.000002015437,-3530521.469847344,575626.5342525466,311.0633000156637,221,7:10
94.5%,4727500,18910.000002017474,-3529331.2968667317,578378.4336642509,312.55040121996694,221,7:06
94.6%,4730000,18920.00000201951,-3530503.5661811214,577727.4994919698,312.1986423630101,221,7:02
94.7%,4732500,18930.00000202155,-3530294.192806801,575834.616447417,311.17574572544135,221,6:58
94.7%,4735000,18940.000002023586,-3529852.323307384,576232.6536326935,311.3908413699495,221,6:54
94.8%,4737500,18950.000002025623,-3531231.426107917,573823.3314669633,310.0888657675807,221,6:50
94.8%,4740000,18960.00000202766,-3528642.46273637,573104.0408283164,309.7001677030997,221,6:46
94.8%,4742500,18970.000002029697,-3527310.9004626274,575975.7896584665,311.2520344339872,221,6:42
94.9%,4745000,18980.000002031735,-3530767.0369219463,577074.4198465493,311.84572411204493,221,6:39
95.0%,4747500,18990.000002033772,-3531204.8492621854,574763.8236275597,310.5970991058751,221,6:35
95.0%,4750000,19000.00000203581,-3531774.4430778436,574690.1008520904,310.557259994126,221,6:31
95.0%,4752500,19010.000002037847,-3531839.6501864474,577101.8883694697,311.8605678499161,221,6:27
95.1%,4755000,19020.000002039884,-3530319.8085330725,577228.1130642616,311.9287785173699,221,6:23
95.2%,4757500,19030.00000204192,-3532766.787891725,575597.7018814539,311.047719266748,221,6:19
95.2%,4760000,19040.00000204396,-3529950.7394186016,574391.5016431,310.39589972005314,221,6:15
95.2%,4762500,19050.000002045996,-3532640.9509821013,577272.691474925,311.95286828166195,221,6:11
95.3%,4765000,19060.000002048033,-3531278.8603268545,574617.125774078,310.51782493122556,221,6:07
95.3%,4767500,19070.00000205007,-3528525.868557127,575040.0790173201,310.7463849849521,221,6:03
95.4%,4770000,19080.000002052107,-3530950.951101184,574121.7287413954,310.25011691807026,221,5:59
95.5%,4772500,19090.000002054145,-3529408.8745395765,574448.233542014,310.4265571179357,221,5:56
95.5%,4775000,19100.000002056182,-3529487.517774895,576583.1668885769,311.58025551885754,221,5:52
95.5%,4777500,19110.00000205822,-3530707.1804570444,575258.0141249946,310.8641551184477,221,5:48
95.6%,4780000,19120.000002060257,-3533090.078994384,576726.1499976533,311.6575222796985,221,5:44
95.7%,4782500,19130.000002062294,-3528565.734656751,575833.393203266,311.1750846955205,221,5:40
95.7%,4785000,19140.00000206433,-3531306.1299936995,576799.8944697321,311.6973731160963,221,5:36
95.8%,4787500,19150.00000206637,-3530262.8000316806,575012.9539667103,310.7317268563675,221,5:32
95.8%,4790000,19160.000002068406,-3532897.493718937,574844.8831204247,310.64090291241934,221,5:28
95.8%,4792500,19170.000002070443,-3532060.4455202315,574751.0107382106,310.59017513797835,221,5:24
95.9%,4795000,19180.00000207248,-3532429.15091726,574127.7192405411,310.25335412886943,221,5:20
96.0%,4797500,19190.000002074517,-3529283.430675959,576899.3541419907,311.7511202108361,221,5:16
96.0%,4800000,19200.000002076555,-3531712.641988242,574114.200342939,310.2460486405876,221,5:12
96.0%,4802500,19210.000002078592,-3528998.0839877,576388.6728728242,311.4751527364573,221,5:09
96.1%,4805000,19220.00000208063,-3531219.0844809897,574733.2353058201,310.58056945733375,221,5:05
96.2%,4807500,19230.000002082666,-3530431.796105569,574825.3978003192,310.63037322413504,221,5:01
96.2%,4810000,19240.000002084704,-3529366.498164717,575966.0288682581,311.2467597924752,221,4:57
96.2%,4812500,19250.00000208674,-3528658.221182665,575433.5663243432,310.9590219169793,221,4:53
96.3%,4815000,19260.00000208878,-3529053.150816407,577826.8433824377,312.2523268903321,221,4:49
96.3%,4817500,19270.000002090816,-3530263.733526988,577470.6745413912,312.0598565150695,221,4:45
96.4%,4820000,19280.000002092853,-3532647.7209104225,575618.7740752168,311.0591064870036,221,4:41
96.5%,4822500,19290.00000209489,-3530377.129971262,575897.3812192499,311.20966323252156,221,4:37
96.5%,4825000,19300.000002096927,-3530749.9952805806,578135.056848802,312.4188826209171,221,4:33
96.5%,4827500,19310.000002098965,-3530346.3145831563,574459.4537840078,310.43262043380787,221,4:29
96.6%,4830000,19320.000002101002,-3529978.2142218202,575581.6254055531,311.0390316866093,221,4:26
96.7%,4832500,19330.00000210304,-3527919.7251550034,574442.273633216,310.4233364378798,221,4:22
96.7%,4835000,19340.000002105076,-3531751.2946460433,575814.2802663797,311.16475623971274,221,4:18
96.8%,4837500,19350.000002107114,-3530708.101488266,575724.8880902481,311.1164495275505,221,4:14
96.8%,4840000,19360.00000210915,-3525851.6880441923,573614.4754611051,309.9760018974419,221,4:10
96.8%,4842500,19370.00000211119,-3528490.610395821,575400.7086385998,310.94126592494274,221,4:06
96.9%,4845000,19380.000002113225,-3530992.9556511175,576131.6250771352,311.33624646506274,221,4:02
97.0%,4847500,19390.000002115263,-3527979.090927599,574490.8171598391,310.4495689144723,221,3:58
97.0%,4850000,19400.0000021173,-3531074.5856750943,575386.443681531,310.9335572729672,221,3:54
97.0%,4852500,19410.000002119337,-3532322.117778728,576542.2961909354,311.55816936867893,221,3:50
97.1%,4855000,19420.000002121375,-3532161.256932387,576086.4492400123,311.31183385699103,221,3:46
97.2%,4857500,19430.000002123412,-3530318.078400312,573378.6142055086,309.8485446380107,221,3:42
97.2%,4860000,19440.00000212545,-3531139.6475825254,577552.1385604348,312.10387892385086,221,3:39
97.2%,4862500,19450.000002127486,-3530971.3653103467,574642.4223195234,310.5314949523886,221,3:35
97.3%,4865000,19460.000002129524,-3533936.2077267487,575949.869025871,311.2380271618518,221,3:31
97.3%,4867500,19470.00000213156,-3529351.9638799336,575081.5470874754,310.76879394975873,221,3:27
97.4%,4870000,19480.000002133598,-3531210.5125631187,578033.3962287409,312.3639461541698,221,3:23
97.5%,4872500,19490.000002135635,-3528670.251028694,577421.1019617338,312.0330679476548,221,3:19
97.5%,4875000,19500.000002137673,-3529177.2624454517,576564.2874906647,311.5700532653695,221,3:15
97.5%,4877500,19510.00000213971,-3533139.9237873293,577277.1611305325,311.95528364256086,221,3:11
97.6%,4880000,19520.000002141747,-3529506.995424168,575711.1861055554,311.109045100684,221,3:07
97.7%,4882500,19530.000002143785,-3528052.279094748,577249.4090543466,311.9402866751054,221,3:03
97.7%,4885000,19540.00000214582,-3531088.1834878214,575410.3474508775,310.9464746506997,221,2:59
97.8%,4887500,19550.00000214786,-3529210.921727393,576498.8702969677,311.5347024138394,221,2:56
97.8%,4890000,19560.000002149896,-3529794.196864916,575313.1267292448,310.89393746434456,221,2:52
97.8%,4892500,19570.000002151934,-3529614.1748673934,576365.5802646986,311.4626737028095,221,2:48
97.9%,4895000,19580.00000215397,-3530054.419518182,576086.1840685362,311.3116905607572,221,2:44
98.0%,4897500,19590.000002156008,-3534992.331164187,574489.7718208162,310.4490040228511,221,2:40
98.0%,4900000,19600.000002158045,-3529248.446010422,573000.2749491845,309.6440935736579,221,2:36
98.0%,4902500,19610.000002160083,-3531033.5378161743,574171.6373934777,310.2770870959413,221,2:32
98.1%,4905000,19620.00000216212,-3532694.5417357218,573721.2074906155,310.0336789073455,221,2:28
98.2%,4907500,19630.000002164157,-3533509.293979708,575519.0321901068,311.005206887027,221,2:24
98.2%,4910000,19640.000002166194,-3529629.526238637,577524.5483210436,312.08896941151505,221,2:20
98.2%,4912500,19650.00000216823,-3529938.900037365,578111.3784633046,312.40608703854974,221,2:16
98.3%,4915000,19660.00000217027,-3529602.2743324656,576042.5459640748,311.2881089293131,221,2:13
98.3%,4917500,19670.000002172306,-3532788.610788401,572979.9103134973,309.6330887112975,221,2:09
98.4%,4920000,19680.000002174344,-3532131.292575592,576192.5158479542,311.3691512791816,221,2:05
98.5%,4922500,19690.00000217638,-3533238.1828831434,577191.7354471808,311.90912038672,221,2:01
98.5%,4925000,19700.000002178418,-3535249.746643778,574650.1633245331,310.5356781205028,221,1:57
98.5%,4927500,19710.000002180455,-3531951.214308219,577410.0869265483,312.02711552365986,221,1:53
98.6%,4930000,19720.000002182493,-3531825.267001815,577398.5287598884,312.0208695963973,221,1:49
98.7%,4932500,19730.00000218453,-3531598.1559112966,575507.2569811805,310.99884367211416,221,1:45
98.7%,4935000,19740.000002186567,-3533269.919468634,574375.8247594993,310.3874280759286,221,1:41
98.8%,4937500,19750.000002188604,-3529586.8564775884,576167.5558187354,311.35566310830126,221,1:37
98.8%,4940000,19760.00000219064,-3531587.641951615,576672.8323925968,311.6287099349039,221,1:33
98.8%,4942500,19770.00000219268,-3531351.327863572,577502.6103038961,312.077114308243,221,1:29
98.9%,4945000,19780.000002194716,-3526110.0118924864,573594.8699871954,309.9654072791437,221,1:26
99.0%,4947500,19790.000002196753,-3530551.460553307,575703.1611360558,311.10470848076375,221,1:22
99.0%,4950000,19800.00000219879,-3531270.4914436247,576365.0401507935,311.4623818302086,221,1:18
99.0%,4952500,19810.000002200828,-3530594.539463436,574530.0013548484,310.47074369409546,221,1:14
99.1%,4955000,19820.000002202865,-3526040.67243837,578868.6493000269,312.8153092537528,221,1:10
99.2%,4957500,19830.000002204903,-3529917.9168985654,574439.1720245183,310.42166035698455,221,1:06
99.2%,4960000,19840.00000220694,-3528300.870514268,575001.031878618,310.72528426930046,221,1:02
99.2%,4962500,19850.000002208977,-3531413.430905683,576611.1858126756,311.5953966884778,221,0:58
99.3%,4965000,19860.000002211014,-3528503.5826388095,575878.419234346,311.1994163497807,221,0:54
99.3%,4967500,19870.00000221305,-3531552.759538455,577807.9991157784,312.2421436214509,221,0:50
99.4%,4970000,19880.00000221509,-3529612.414152853,575236.5145406206,310.85253694022555,221,0:46
99.5%,4972500,19890.000002217126,-3530941.5889677648,575483.1775838266,310.98583138661724,221,0:43
99.5%,4975000,19900.000002219163,-3530575.20667067,572788.9463724836,309.52989354891173,221,0:39
99.5%,4977500,19910.0000022212,-3532787.0484992377,576668.5891328698,311.6264169162626,221,0:35
99.6%,4980000,19920.000002223238,-3530271.083377566,576016.6797578111,311.2741310686683,221,0:31
99.7%,4982500,19930.000002225275,-3531734.6162838433,576359.896292474,311.45960213634726,221,0:27
99.7%,4985000,19940.000002227313,-3526772.6052534636,576161.261610012,311.3522617756316,221,0:23
99.8%,4987500,19950.00000222935,-3531904.57130868,577321.0604011929,311.9790064058237,221,0:19
99.8%,4990000,19960.000002231387,-3529525.589593094,575827.2543162246,311.1717672972634,221,0:15
99.8%,4992500,19970.000002233424,-3529903.9450160433,575263.7611651032,310.867260766216,221,0:11
99.9%,4995000,19980.00000223546,-3529440.593515206,575980.8006192655,311.2547423112473,221,0:07
100.0%,4997500,19990.0000022375,-3528984.6891557965,574975.3440042669,310.71140277758565,221,0:03
100.0%,5000000,20000.000002239536,-3528488.2499594335,576463.2210051294,311.5154378634711,221,0:00
100.0%,5002500,20010.000002241573,-3533277.5117263272,575938.1558910036,311.2316974911911,221,23:59:57
100.1%,5005000,20020.00000224361,-3535055.075233003,572989.8915532252,309.6384824817081,221,23:59:53
100.2%,5007500,20030.000002245648,-3529370.205381252,575423.5638104174,310.95361665018726,221,23:59:49
100.2%,5010000,20040.000002247685,-3531102.86209869,575389.2766977269,310.9350882089378,221,23:59:45
100.2%,5012500,20050.000002249722,-3529709.855897559,575330.5902233308,310.90337457639015,221,23:59:41
100.3%,5015000,20060.00000225176,-3530123.0813854337,576675.9198292543,311.63037835735855,221,23:59:37
100.3%,5017500,20070.000002253797,-3533474.8749398515,575234.4847173432,310.85144004234206,221,23:59:33
100.4%,5020000,20080.000002255834,-3525979.6928219423,575540.0409923524,311.01655985108795,221,23:59:29
100.5%,5022500,20090.00000225787,-3531173.103635706,577068.738295213,311.8426538538085,221,23:59:25
100.5%,5025000,20100.00000225991,-3531656.8354951907,574157.2618781046,310.2693186992721,221,23:59:21
100.5%,5027500,20110.000002261946,-3529023.45193273,576207.5696470398,311.37728621414846,221,23:59:17
100.6%,5030000,20120.000002263983,-3531109.019926138,575436.6892746203,310.9607095306683,221,23:59:14
100.7%,5032500,20130.00000226602,-3530163.42427554,575705.0541466938,311.1057314463517,221,23:59:10
100.7%,5035000,20140.000002268058,-3531011.197436003,575488.9248319918,310.9889371468175,221,23:59:06
100.8%,5037500,20150.000002270095,-3529095.8639325816,576160.933110419,311.3520842574642,221,23:59:02
100.8%,5040000,20160.000002272132,-3530501.979508007,575212.3865272627,310.8394983830859,221,23:58:58
100.8%,5042500,20170.00000227417,-3529915.6833609045,575422.1853734597,310.95287175549703,221,23:58:54
100.9%,5045000,20180.000002276207,-3531156.145199433,574634.677409,310.5273096737706,221,23:58:50
101.0%,5047500,20190.000002278244,-3528791.782143401,573462.6098866195,309.89393513375524,221,23:58:46
101.0%,5050000,20200.00000228028,-3529113.781718109,576643.1583195722,311.61267433798355,221,23:58:42
101.0%,5052500,20210.00000228232,-3529254.110809019,580120.6558095999,313.49188208932327,221,23:58:38
101.1%,5055000,20220.000002284356,-3530713.357526567,575730.7613881553,311.11962340387527,221,23:58:34
101.2%,5057500,20230.000002286393,-3527448.975255253,575000.7696455198,310.7251425609391,221,23:58:31
101.2%,5060000,20240.00000228843,-3527678.601533098,575419.2178382578,310.9512681266893,221,23:58:27
101.2%,5062500,20250.000002290468,-3530774.7996078134,575391.6619006328,310.9363771507134,221,23:58:23
101.3%,5065000,20260.000002292505,-3532577.9369516466,573787.5576742471,310.0695339380798,221,23:58:19
101.3%,5067500,20270.000002294542,-3531259.783111073,577659.6828997114,312.16199489850237,221,23:58:15
101.4%,5070000,20280.00000229658,-3530173.6736673974,576418.4650055259,311.49125213174443,221,23:58:11
101.5%,5072500,20290.000002298617,-3527915.767570544,576817.0238208806,311.706629660363,221,23:58:07
101.5%,5075000,20300.000002300654,-3530578.5289311334,576249.9171683233,311.40017042627926,221,23:58:03
101.5%,5077500,20310.00000230269,-3533065.0011846684,572849.6220639783,309.56268213613623,221,23:57:59
101.6%,5080000,20320.00000230473,-3527990.0890435837,575412.6784511658,310.94773430187774,221,23:57:55
101.7%,5082500,20330.000002306766,-3531780.484627055,575937.5077323813,311.2313472322159,221,23:57:51
101.7%,5085000,20340.000002308803,-3531805.425779501,575364.8238157213,310.92187409576036,221,23:57:47
101.8%,5087500,20350.00000231084,-3530093.1563935336,575892.1194456472,311.2068198183226,221,23:57:44
101.8%,5090000,20360.000002312878,-3526704.39515635,575911.2736664093,311.2171705835583,221,23:57:40
101.8%,5092500,20370.000002314915,-3528848.8622870613,574496.2805071723,310.4525212572666,221,23:57:36
101.9%,5095000,20380.000002316952,-3530975.981807364,574784.5808879297,310.6083161390133,221,23:57:32
102.0%,5097500,20390.00000231899,-3530935.1327341367,572757.0913008659,309.51267936035373,221,23:57:28
102.0%,5100000,20400.000002321027,-3532108.308073655,577077.2358590655,311.84724585938295,221,23:57:24
102.0%,5102500,20410.000002323064,-3532580.8748395313,574517.9093147859,310.4642092665423,221,23:57:20
102.1%,5105000,20420.0000023251,-3528518.404485708,576922.2007342518,311.763466299767,221,23:57:16
102.2%,5107500,20430.00000232714,-3531505.9176880755,574340.9575330322,310.3685861465146,221,23:57:12
102.2%,5110000,20440.000002329176,-3530548.6453609373,575579.9151977918,311.0381075060194,221,23:57:08
102.2%,5112500,20450.000002331213,-3530595.130982721,573837.8377020037,310.09670480395926,221,23:57:04
102.3%,5115000,20460.00000233325,-3532150.566604292,578096.2832654873,312.3979297320879,221,23:57:01
102.3%,5117500,20470.000002335288,-3529643.21163173,574091.8035745942,310.23394563237576,221,23:56:57
102.4%,5120000,20480.000002337325,-3532147.527661944,578677.9291782723,312.71224584905855,221,23:56:53
102.5%,5122500,20490.000002339362,-3535197.4339320716,575268.514770506,310.86982957098013,221,23:56:49
102.5%,5125000,20500.0000023414,-3529455.4774064403,575365.9682665912,310.92249254651466,221,23:56:45
102.5%,5127500,20510.000002343437,-3530970.967377262,575314.7931871404,310.89483800290816,221,23:56:41
102.6%,5130000,20520.000002345474,-3531405.971724039,576193.2596560214,311.36955322623965,221,23:56:37
102.7%,5132500,20530.00000234751,-3530275.5501877517,577054.5622654089,311.83499325731134,221,23:56:33
102.7%,5135000,20540.00000234955,-3528839.2626012936,576054.2582926763,311.29443816427516,221,23:56:29
102.8%,5137500,20550.000002351586,-3529298.38843756,575155.3305164583,310.8086658381102,221,23:56:25
102.8%,5140000,20560.000002353623,-3526095.3786603883,576722.201697674,311.6553886545997,221,23:56:21
102.8%,5142500,20570.00000235566,-3531195.417781912,574550.3849263175,310.4817587891788,221,23:56:18
102.9%,5145000,20580.000002357698,-3531345.6362064555,576491.1380587559,311.5305239832224,221,23:56:14
103.0%,5147500,20590.000002359735,-3527477.18985728,576169.328415131,311.35662100313687,221,23:56:10
103.0%,5150000,20600.000002361772,-3533290.666818008,576719.050291888,311.6536856638146,221,23:56:06
