#"Progress (%)","Step","Time (ps)","Potential Energy (kJ/mole)","Kinetic Energy (kJ/mole)","Temperature (K)","Speed (ns/day)","Time Remaining"
3.0%,152500,610.0000000014564,-3528358.309925394,576500.2998145032,311.5354749120054,0,--
3.1%,155000,620.0000000015042,-3531237.370401431,574650.4812238258,310.5358499103651,220,2:07:08
3.1%,157500,630.0000000015519,-3529355.54957889,573822.8736357347,310.08861835978354,220,2:07:01
3.2%,160000,640.0000000015997,-3526844.722108254,574717.7742572275,310.57221444846823,220,2:06:44
3.2%,162500,650.0000000016474,-3526669.3328980636,574005.4818195319,310.1872981476004,220,2:06:34
3.3%,165000,660.0000000016952,-3531175.8141708,577461.2373408483,312.05475673844506,220,2:06:44
3.4%,167500,670.0000000017429,-3526818.3571537603,578755.5292579021,312.754180220417,220,2:06:32
3.4%,170000,680.0000000017907,-3527545.3488278966,576662.244234029,311.6229881911183,220,2:06:25
3.5%,172500,690.0000000018384,-3529037.276802331,576074.2157723237,311.3052230032457,220,2:06:26
3.5%,175000,700.0000000018862,-3528777.8736675642,574740.3251299356,310.5844007332647,220,2:06:23
3.5%,177500,710.0000000019339,-3528898.688115863,575966.9926990385,311.2472806377896,220,2:06:18
3.6%,180000,720.0000000019817,-3526346.999329675,575108.3520112045,310.78327908471283,220,2:06:12
3.6%,182500,730.0000000020294,-3528896.2188761495,576147.733550667,311.34495133642787,220,2:06:06
3.7%,185000,740.0000000020772,-3527797.2747047767,577315.6034360065,311.976057511883,220,2:06:02
3.8%,187500,750.0000000021249,-3531792.1437505335,573878.3097045382,310.1185755029585,220,2:06:00
3.8%,190000,760.0000000021727,-3529481.9508604053,574536.1567861447,310.47407003271627,220,2:05:55
3.9%,192500,770.0000000022204,-3528220.8497812655,573930.6391155338,310.1468538367454,220,2:05:49
3.9%,195000,780.0000000022682,-3528551.0518003907,577187.8569586056,311.9070244870638,220,2:05:48
4.0%,197500,790.0000000023159,-3525800.690118842,575781.1670731204,311.1468621737578,220,2:05:44
4.0%,200000,800.0000000023637,-3526255.331018053,577029.9834432534,311.8217110872319,220,2:05:37
4.0%,202500,810.0000000024114,-3529107.019213926,574787.3018094667,310.6097865000582,220,2:05:34
4.1%,205000,820.0000000024592,-3527927.464905657,572880.5237949805,309.5793811481688,220,2:05:29
4.2%,207500,830.0000000025069,-3530069.2275415864,573793.9092925664,310.07296629436854,220,2:05:24
4.2%,210000,840.0000000025547,-3525992.512765929,578013.5578757225,312.353225690137,220,2:05:21
4.2%,212500,850.0000000026024,-3527790.0980824884,577149.7254318398,311.88641855970536,220,2:05:16
4.3%,215000,860.0000000026502,-3527560.8965085875,576460.9352819667,311.5142026796364,220,2:05:13
4.3%,217500,870.0000000026979,-3530759.5942148585,576519.9190891832,311.5460769881133,220,2:05:09
4.4%,220000,880.0000000027457,-3527631.539941974,574657.1251919472,310.5394402498058,220,2:05:03
4.5%,222500,890.0000000027934,-3526673.703435499,576182.5002017783,311.3637389158421,220,2:05:00
4.5%,225000,900.0000000028411,-3527964.750985928,575926.447637957,311.22537045862157,220,2:04:57
4.5%,227500,910.0000000028889,-3527115.5921755936,576897.1632970187,311.74993629830567,220,2:04:54
4.6%,230000,920.0000000029366,-3529172.9816548526,576792.0362162609,311.6931265879888,220,2:04:49
4.7%,232500,930.0000000029844,-3529273.7508284934,576320.5754084125,311.43835349121383,220,2:04:45
4.7%,235000,940.0000000030321,-3528924.392493427,576746.9662229725,311.6687711769545,220,2:04:41
4.8%,237500,950.0000000030799,-3527790.7012119535,575520.7722448212,311.00614719663656,220,2:04:37
4.8%,240000,960.0000000031276,-3524432.3730899096,575166.2684839992,310.81457661545676,220,2:04:34
4.8%,242500,970.0000000031754,-3531595.5499327686,575565.0715466447,311.0300861330713,220,2:04:31
4.9%,245000,980.0000000032231,-3529585.1898520105,576647.8461503433,311.61520759873997,220,2:04:27
5.0%,247500,990.0000000032709,-3529959.660523709,574507.399251865,310.45852972492804,220,2:04:22
5.0%,250000,1000.0000000033186,-3526041.3591581825,577013.6143855215,311.81286539855483,220,2:04:19
5.0%,252500,1010.0000000033664,-3529655.5975638516,575535.0429670834,311.01385896406964,220,2:04:20
5.1%,255000,1020.0000000034141,-3526825.6621186845,574513.8039100905,310.46199074349573,220,2:04:15
5.2%,257500,1030.0000000032912,-3528986.215465771,573838.6717912512,310.0971555381391,220,2:04:11
5.2%,260000,1040.0000000030548,-3530009.388636939,576005.9197251401,311.26831644569353,220,2:04:06
5.2%,262500,1050.0000000028183,-3530921.52874884,578193.9732175502,312.45072048626423,220,2:04:03
5.3%,265000,1060.0000000025818,-3528652.5694665983,573367.9058439067,309.84275793760787,220,2:03:59
5.3%,267500,1070.0000000023454,-3529135.870607579,576508.0757496163,311.53967695602705,220,2:03:55
5.4%,270000,1080.000000002109,-3529671.9548863266,575624.6369897772,311.06227475226297,220,2:03:52
5.5%,272500,1090.0000000018724,-3531401.804002404,576288.6792702354,311.4211171106637,220,2:03:48
5.5%,275000,1100.000000001636,-3528528.158706121,576995.6418841307,311.8031532236298,220,2:03:44
5.5%,277500,1110.0000000013995,-3528477.4635093603,576708.1092173416,311.6477732074708,220,2:03:41
5.6%,280000,1120.000000001163,-3528362.528809827,575388.413701067,310.9346218534574,220,2:03:37
5.7%,282500,1130.0000000009265,-3527398.595130559,575552.093532731,311.02307293337424,220,2:03:32
5.7%,285000,1140.00000000069,-3527698.0458877925,574150.4366448873,310.2656304058359,220,2:03:29
5.8%,287500,1150.0000000004536,-3529518.9752768036,576673.7883910235,311.6292265476862,220,2:03:24
5.8%,290000,1160.0000000002171,-3529836.7408899963,576721.4178757032,311.65496508439514,220,2:03:20
5.8%,292500,1169.9999999999807,-3528964.168412056,573635.1760869796,309.9871883258182,220,2:03:16
5.9%,295000,1179.9999999997442,-3528577.356622709,575382.5030337462,310.93142778304417,220,2:03:11
6.0%,297500,1189.9999999995077,-3531705.4782286882,574941.7383568076,310.6932425938974,220,2:03:08
6.0%,300000,1199.9999999992713,-3526463.685537625,576705.1881817337,311.6461947066172,220,2:03:04
6.0%,302500,1209.9999999990348,-3525469.3975755945,574610.3039887098,310.51413850097543,220,2:03:00
6.1%,305000,1219.9999999987983,-3530650.096127607,575341.1618113713,310.9090873656148,220,2:02:56
6.2%,307500,1229.9999999985619,-3528455.760101108,578614.0017553889,312.67770005601335,220,2:02:52
6.2%,310000,1239.9999999983254,-3530229.7329782564,576215.3808310825,311.38150730636846,220,2:02:48
6.2%,312500,1249.999999998089,-3525577.620757416,578170.4136619857,312.43798911850274,220,2:02:45
6.3%,315000,1259.9999999978525,-3529859.1027527954,575875.8179063355,311.19801061598065,220,2:02:42
6.3%,317500,1269.999999997616,-3533382.7058839165,575927.320570912,311.22584218358475,220,2:02:37
6.4%,320000,1279.9999999973795,-3530650.386401195,576104.2138935442,311.3214337128393,220,2:02:33
6.5%,322500,1289.999999997143,-3528875.1079974435,575839.0653394174,311.1781498658774,220,2:02:30
6.5%,325000,1299.9999999969066,-3527419.15965914,576354.9855063306,311.45694839255236,220,2:02:26
6.5%,327500,1309.99999999667,-3532812.3237618823,576051.7073548501,311.2930596608686,220,2:02:22
6.6%,330000,1319.9999999964336,-3527638.3608105984,575238.8471106966,310.8537974397025,220,2:02:17
6.7%,332500,1329.9999999961972,-3529344.02413385,575459.285267683,310.97292019809066,220,2:02:14
6.7%,335000,1339.9999999959607,-3529336.5341927204,576371.4445232863,311.4658426943689,220,2:02:09
6.8%,337500,1349.9999999957242,-3532208.284171097,573728.3010121951,310.0375121813521,220,2:02:05
6.8%,340000,1359.9999999954878,-3528601.3785597626,575335.8416069947,310.90621237596156,220,2:02:02
6.8%,342500,1369.9999999952513,-3528920.8245515153,575518.910708894,311.00514123969367,220,2:01:58
6.9%,345000,1379.9999999950148,-3527849.8304483294,575855.314578975,311.18693080591186,220,2:01:54
7.0%,347500,1389.9999999947784,-3531858.374527568,575036.7252747258,310.7445726532115,220,2:01:51
7.0%,350000,1399.999999994542,-3529123.3429661244,576235.1397045986,311.3921848204071,220,2:01:47
7.0%,352500,1409.9999999943054,-3529335.2200756855,576334.6285994407,311.4459477067631,220,2:01:43
7.1%,355000,1419.999999994069,-3529738.154215105,576097.0992400588,311.3175890193446,220,2:01:39
7.2%,357500,1429.9999999938325,-3531432.0154810306,576156.026046506,311.34943252512846,220,2:01:34
7.2%,360000,1439.999999993596,-3530514.516449541,576164.3954155025,311.35395525537837,220,2:01:30
7.2%,362500,1449.9999999933596,-3531749.018495403,575506.0493752031,310.99819109291894,220,2:01:26
7.3%,365000,1459.999999993123,-3528635.991872363,575557.6879872142,311.02609612526993,220,2:01:21
7.3%,367500,1469.9999999928866,-3528431.9661316853,577242.024150924,311.93629594102305,220,2:01:17
7.4%,370000,1479.9999999926501,-3526372.1360736657,576545.9781421905,311.5601590613698,220,2:01:13
7.5%,372500,1489.9999999924137,-3529622.2336818576,576025.4908401199,311.27889249674115,220,2:01:09
7.5%,375000,1499.9999999921772,-3528692.864807317,574696.4003403909,310.5606641798307,220,2:01:06
7.5%,377500,1509.9999999919407,-3529284.4949853737,575827.986706294,311.1721630741401,220,2:01:02
7.6%,380000,1519.9999999917043,-3529434.918788921,576885.1099049912,311.74342275579613,220,2:00:58
7.7%,382500,1529.9999999914678,-3526795.6269437354,575618.7727628918,311.0591057778352,220,2:00:54
7.7%,385000,1539.9999999912313,-3524058.1815373413,575932.7732658101,311.2287887699008,220,2:00:50
7.8%,387500,1549.9999999909949,-3528411.297418978,575325.592913774,310.90067407613617,220,2:00:46
7.8%,390000,1559.9999999907584,-3527739.0125565734,576305.7263734248,311.4303292088876,220,2:00:42
7.8%,392500,1569.999999990522,-3531030.128596563,576478.3695634176,311.523624005442,220,2:00:38
7.9%,395000,1579.9999999902855,-3528259.1948422454,574740.701328706,310.58460402763006,220,2:00:35
8.0%,397500,1589.999999990049,-3529425.1034875195,576536.9861296469,311.5552998602574,220,2:00:31
8.0%,400000,1599.9999999898125,-3524481.6982107665,575740.85465841,311.1250777145551,220,2:00:27
8.1%,402500,1609.999999989576,-3529456.863660736,575219.3995565852,310.843288159815,220,2:00:23
8.1%,405000,1619.9999999893396,-3529368.2033585124,573733.4794822847,310.0403105790966,220,2:00:19
8.2%,407500,1629.9999999891031,-3529820.9021087773,574433.2752223517,310.41847377917355,220,2:00:16
8.2%,410000,1639.9999999888666,-3529607.3202058375,575860.774130817,311.1898810976576,220,2:00:11
8.2%,412500,1649.9999999886302,-3528654.803798713,574373.1395308697,310.3859770030035,220,2:00:08
8.3%,415000,1659.9999999883937,-3526613.7591289952,574800.4498774859,310.6168915954343,220,2:00:04
8.3%,417500,1669.9999999881572,-3530252.197331257,577014.6368200665,311.81341791280613,220,2:00:01
8.4%,420000,1679.9999999879208,-3527167.4424133673,577523.7825637101,312.0885556032748,220,1:59:57
8.4%,422500,1689.9999999876843,-3529340.504188055,576589.830364317,311.5838564000365,220,1:59:54
8.5%,425000,1699.9999999874478,-3532042.2389053237,575613.3546814395,311.05617789630776,220,1:59:50
8.6%,427500,1709.9999999872114,-3530638.9292132165,576418.3869222354,311.49120993625036,220,1:59:46
8.6%,430000,1719.999999986975,-3531489.3351158276,574951.1435283208,310.6983250623279,220,1:59:43
8.7%,432500,1729.9999999867384,-3531079.1993265618,575534.5878599198,311.01361302833226,220,1:59:39
8.7%,435000,1739.999999986502,-3529219.91962336,576552.1150072608,311.5634753669724,220,1:59:35
8.8%,437500,1749.9999999862655,-3527040.314970419,575869.39708729,311.194540864254,220,1:59:31
8.8%,440000,1759.999999986029,-3528775.4541263655,574994.3046836132,310.72164895481524,220,1:59:27
8.8%,442500,1769.9999999857926,-3528679.1387631856,576076.7265274291,311.30657979227846,220,1:59:24
8.9%,445000,1779.999999985556,-3532290.8165874984,576032.9181281035,311.2829061350515,220,1:59:20
8.9%,447500,1789.9999999853196,-3531479.3933298755,578453.8487602951,312.59115484623436,220,1:59:16
9.0%,450000,1799.9999999850832,-3530915.7897698525,574325.3588555008,310.3601567642327,220,1:59:11
9.1%,452500,1809.9999999848467,-3531986.6419028603,575609.6616539194,311.0541822181048,220,1:59:08
9.1%,455000,1819.9999999846102,-3530739.9577654395,576282.6274391302,311.4178467566361,220,1:59:04
9.2%,457500,1829.9999999843737,-3532243.469229907,575441.5092786965,310.9633142166666,220,1:59:00
9.2%,460000,1839.9999999841373,-3526599.8792897314,576093.3909393863,311.3155850876702,220,1:58:56
9.2%,462500,1849.9999999839008,-3529572.8712384645,576411.3381452013,311.48740084178576,220,1:58:52
9.3%,465000,1859.9999999836643,-3531523.279446617,575138.808401434,310.79973743867606,220,1:58:48
9.3%,467500,1869.9999999834279,-3529911.051599093,577150.5071794448,311.8868410089416,220,1:58:44
9.4%,470000,1879.9999999831914,-3529930.0951777846,575581.6318683568,311.0390351790491,220,1:58:41
9.4%,472500,1889.999999982955,-3530374.0937783197,574726.7592718513,310.57706986796893,220,1:58:37
9.5%,475000,1899.9999999827185,-3528814.1826331243,574313.5087695639,310.35375308647,220,1:58:34
9.6%,477500,1909.999999982482,-3528410.5411661267,576972.1577468168,311.7904626111993,220,1:58:29
9.6%,480000,1919.9999999822455,-3530968.140229324,576836.6572193147,311.71723936881807,220,1:58:26
9.7%,482500,1929.999999982009,-3527551.734283425,575641.0354546297,311.07113633227823,220,1:58:22
9.7%,485000,1939.9999999817726,-3531184.085941078,574410.6527919616,310.40624882526197,220,1:58:18
9.8%,487500,1949.9999999815361,-3526632.342797842,576373.8850083423,311.46716151011145,220,1:58:15
9.8%,490000,1959.9999999812997,-3530360.705558222,576886.2111552728,311.74401786134865,220,1:58:10
9.8%,492500,1969.9999999810632,-3529175.8045271337,576481.0454890345,311.52507005110436,220,1:58:07
9.9%,495000,1979.9999999808267,-3533451.5390982274,577101.5285286477,311.8603733952361,220,1:58:03
9.9%,497500,1989.9999999805902,-3528515.7703594826,575386.0417655504,310.93334008125726,220,1:57:59
10.0%,500000,1999.9999999803538,-3526876.068227997,575534.1227028611,311.0133616617237,220,1:57:55
10.1%,502500,2009.9999999801173,-3530284.47476911,573502.8947682548,309.91570471433664,220,1:57:52
10.1%,505000,2019.9999999798808,-3529878.861176027,576642.167182206,311.61213873644056,220,1:57:48
10.2%,507500,2029.9999999796444,-3528960.7828026973,578422.9990241835,312.5744839317638,220,1:57:44
10.2%,510000,2039.999999979408,-3529522.5863914285,579444.3444071622,313.1264096099253,220,1:57:40
10.2%,512500,2049.9999999791717,-3531294.672597481,574923.1157237078,310.6831790937592,220,1:57:36
10.3%,515000,2059.999999978935,-3530106.3995041754,578215.0503834605,312.4621103934225,220,1:57:32
10.3%,517500,2069.9999999786987,-3532255.0586920045,574792.0933926336,310.61237582765784,220,1:57:29
10.4%,520000,2079.9999999784623,-3529450.167245727,574977.0425443931,310.71232065309243,220,1:57:25
10.4%,522500,2089.999999978226,-3528927.1155091953,576088.9378166343,311.31317866097476,220,1:57:21
10.5%,525000,2099.9999999779893,-3525923.59689831,574812.1589421153,310.62321906657576,220,1:57:17
10.6%,527500,2109.999999977753,-3528246.2257693633,577484.1435488362,312.067135043168,220,1:57:13
10.6%,530000,2119.9999999775164,-3527696.249578977,576682.7452773491,311.63406676691255,220,1:57:09
10.7%,532500,2129.99999997728,-3530713.4825472347,574932.4626033343,310.6882300617888,220,1:57:05
10.7%,535000,2139.9999999770434,-3530040.640565101,575168.1308932514,310.81558304433645,220,1:57:01
10.8%,537500,2149.999999976807,-3532023.4291040376,578188.9463519906,312.44800401421736,220,1:56:57
10.8%,540000,2159.9999999765705,-3531083.424706757,578169.3146505469,312.4373952228003,220,1:56:53
10.8%,542500,2169.999999976334,-3530242.3382644784,574229.0561772166,310.3081156800837,220,1:56:50
10.9%,545000,2179.9999999760976,-3529254.6019726116,576518.5850368513,311.5453560784678,220,1:56:45
10.9%,547500,2189.999999975861,-3525863.6599355843,574838.3264652179,310.637359756077,220,1:56:42
11.0%,550000,2199.9999999756246,-3531197.0547044184,576948.4504321513,311.7776513957749,220,1:56:38
11.1%,552500,2209.999999975388,-3529299.687891545,575845.0108361824,311.1813627578028,220,1:56:34
11.1%,555000,2219.9999999751517,-3528102.525980588,576824.885645458,311.7108781182635,220,1:56:30
11.2%,557500,2229.999999974915,-3530307.865977524,576968.1748475761,311.78831028897696,220,1:56:26
11.2%,560000,2239.9999999746788,-3529669.360587066,574744.7753990025,310.5868056178548,220,1:56:22
11.2%,562500,2249.9999999744423,-3530912.2863192726,574878.3068911317,310.6589648115787,220,1:56:18
11.3%,565000,2259.999999974206,-3534115.8985770103,577029.8525680117,311.82164036345154,220,1:56:14
11.3%,567500,2269.9999999739694,-3528268.572145868,574751.6638417188,310.5905280691245,220,1:56:11
11.4%,570000,2279.999999973733,-3529924.981394248,576998.5671987619,311.8047340368283,220,1:56:08
11.4%,572500,2289.9999999734964,-3529701.786131136,576724.329041583,311.65653825173814,220,1:56:04
11.5%,575000,2299.99999997326,-3527156.3221246134,577749.07899771,312.2103037300056,220,1:56:00
11.6%,577500,2309.9999999730235,-3528970.543878654,575387.1179304284,310.93392163088777,220,1:55:56
11.6%,580000,2319.999999972787,-3530898.9967150763,576389.009629397,311.4753347166208,220,1:55:52
11.7%,582500,2329.9999999725505,-3528552.392270403,575484.6158701719,310.98660862336766,220,1:55:48
11.7%,585000,2339.999999972314,-3527617.5885408577,576012.8767479749,311.2720759570303,220,1:55:45
11.8%,587500,2349.9999999720776,-3530588.716600919,575412.9302495006,310.9478703713886,220,1:55:41
11.8%,590000,2359.999999971841,-3528110.6340547875,575107.9313996837,310.7830517901045,220,1:55:37
11.8%,592500,2369.9999999716047,-3531213.9133140817,577477.2328521685,312.063400566067,220,1:55:33
11.9%,595000,2379.999999971368,-3529974.2826441787,575607.143905017,311.05282164968827,220,1:55:29
11.9%,597500,2389.9999999711317,-3530851.157706013,576004.8179146897,311.2677210374309,220,1:55:26
12.0%,600000,2399.9999999708953,-3528815.207885273,573734.9748043886,310.0411186374479,220,1:55:22
12.1%,602500,2409.999999970659,-3532834.547318574,576194.235283332,311.3700804462908,220,1:55:18
12.1%,605000,2419.9999999704223,-3529547.8420997243,575071.6688901795,310.76345586253336,220,1:55:13
12.2%,607500,2429.999999970186,-3530891.0357359312,574924.2529770995,310.6837936550623,220,1:55:10
12.2%,610000,2439.9999999699494,-3529089.898807628,577147.5056016415,311.88521898382425,220,1:55:06
12.2%,612500,2449.999999969713,-3529857.0432920605,575733.0491886173,311.1208597102634,220,1:55:02
12.3%,615000,2459.9999999694764,-3531589.783552436,573416.2489835477,309.8688821269129,220,1:54:58
12.3%,617500,2469.99999996924,-3532836.190719193,573116.0993543,309.706684019952,220,1:54:55
12.4%,620000,2479.9999999690035,-3528096.8289421406,578903.9879757052,312.83440594999684,220,1:54:50
12.4%,622500,2489.999999968767,-3526145.3409080636,575058.3231080483,310.75624392426437,220,1:54:47
12.5%,625000,2499.9999999685306,-3531802.2013685927,577301.4165422565,311.9683910446091,220,1:54:42
12.6%,627500,2509.999999968294,-3529601.7424150966,574362.5894198759,310.38027581977803,220,1:54:38
12.6%,630000,2519.9999999680576,-3532600.4615877774,574002.9543124464,310.1859323059513,220,1:54:35
12.7%,632500,2529.999999967821,-3529523.7634085678,576129.727189209,311.33522086383306,220,1:54:30
12.7%,635000,2539.9999999675847,-3530876.6281776708,575463.2010970721,310.9750362763803,220,1:54:26
12.8%,637500,2549.9999999673482,-3528153.5522582345,576832.7538692749,311.71513003425434,220,1:54:22
12.8%,640000,2559.9999999671118,-3529770.2741464674,577219.640274628,311.9241998995562,220,1:54:18
12.8%,642500,2569.9999999668753,-3527967.1651471835,573809.0964512709,310.08117329565044,220,1:54:14
12.9%,645000,2579.999999966639,-3525349.4969806895,573273.2431897507,309.79160310745704,220,1:54:11
12.9%,647500,2589.9999999664024,-3526021.9035517834,574517.0793294412,310.4637607500738,220,1:54:07
13.0%,650000,2599.999999966166,-3530681.5620143283,575003.5260964555,310.72663212174524,220,1:54:03
13.1%,652500,2609.9999999659294,-3530268.296100866,576392.1600498912,311.4770371749633,220,1:53:59
13.1%,655000,2619.999999965693,-3526987.6203147024,575639.6861518124,311.0704071814103,220,1:53:56
13.2%,657500,2629.9999999654565,-3532936.8829265926,577132.7459869285,311.87724302339444,220,1:53:51
13.2%,660000,2639.99999996522,-3532573.4602261838,576065.8335092971,311.30069330518023,220,1:53:48
13.2%,662500,2649.9999999649835,-3528104.1560380775,575494.1728112474,310.9917731066777,220,1:53:44
13.3%,665000,2659.999999964747,-3531224.8754279334,577193.1682739978,311.9098946731914,220,1:53:40
13.3%,667500,2669.9999999645106,-3528370.907227911,574869.8754187146,310.65440852120986,220,1:53:36
13.4%,670000,2679.999999964274,-3530663.677422473,577505.6937988936,312.07878060066076,220,1:53:32
13.4%,672500,2689.9999999640377,-3531761.4588314146,575472.3182624378,310.97996310893,220,1:53:28
13.5%,675000,2699.999999963801,-3533965.105594244,575364.8675763122,310.9218977435823,220,1:53:24
13.6%,677500,2709.9999999635647,-3529883.129882777,576827.8441940683,311.71247689079956,220,1:53:20
13.6%,680000,2719.9999999633283,-3534869.4901209455,575830.752338013,311.17365759615734,220,1:53:16
13.7%,682500,2729.999999963092,-3533590.924924437,575406.4704471801,310.94437955345774,220,1:53:12
13.7%,685000,2739.9999999628553,-3529885.826121073,576204.1638980305,311.37544577861814,220,1:53:08
13.8%,687500,2749.999999962619,-3529757.03065785,577033.1402532968,311.82341699842806,220,1:53:04
13.8%,690000,2759.9999999623824,-3533300.146526782,575990.2727359971,311.25986095625984,220,1:53:00
13.8%,692500,2769.999999962146,-3530917.9077688176,575823.8516357513,311.1699285199417,220,1:52:56
13.9%,695000,2779.9999999619095,-3530317.17723448,577800.1876012229,312.23792235062484,220,1:52:52
13.9%,697500,2789.999999961673,-3531624.5566527545,575481.9014651726,310.9851417838,220,1:52:48
14.0%,700000,2799.9999999614365,-3532363.823891364,574893.2649276678,310.667047997342,220,1:52:44
14.1%,702500,2809.9999999612,-3531023.7363535278,572519.731519385,309.3844123112777,220,1:52:40
14.1%,705000,2819.9999999609636,-3531078.348866999,576639.5945143821,311.6107484903426,220,1:52:36
14.2%,707500,2829.999999960727,-3528986.318369096,574181.1560911329,310.2822309128577,220,1:52:32
14.2%,710000,2839.9999999604906,-3532512.3313919883,576929.3931241123,311.7673530012859,220,1:52:28
14.2%,712500,2849.999999960254,-3531224.7225564253,576816.7857115767,311.70650098827883,220,1:52:24
14.3%,715000,2859.9999999600177,-3528920.2007362656,579296.5033556188,313.0465176615276,220,1:52:20
14.3%,717500,2869.9999999597812,-3531011.79499642,576807.1203883926,311.70127793627125,220,1:52:16
14.4%,720000,2879.9999999595448,-3531763.1118730996,576727.6338022889,311.65832411411554,220,1:52:12
14.4%,722500,2889.9999999593083,-3529310.0966352616,575540.9272062606,311.01703875295647,220,1:52:09
14.5%,725000,2899.999999959072,-3527645.170789279,576137.1411139864,311.3392272807894,220,1:52:05
14.6%,727500,2909.9999999588354,-3531849.8196183294,575874.5094107701,311.1973035169774,220,1:52:01
14.6%,730000,2919.999999958599,-3531209.031337982,574463.4429703614,310.4347761535284,220,1:51:57
14.7%,732500,2929.9999999583624,-3532250.3593938984,576373.4312297871,311.4669162923418,220,1:51:53
14.7%,735000,2939.999999958126,-3530141.5721770246,574365.7070098717,310.3819605368202,220,1:51:49
14.8%,737500,2949.9999999578895,-3532486.441923525,575701.6813026646,311.10390879237076,220,1:51:45
14.8%,740000,2959.999999957653,-3531424.501344789,573809.015517144,310.0811295595905,220,1:51:41
14.8%,742500,2969.9999999574165,-3533209.680979967,576217.0963724863,311.3824343692098,220,1:51:37
14.9%,745000,2979.99999995718,-3529769.8356397133,576437.8693482543,311.50173806059684,220,1:51:33
14.9%,747500,2989.9999999569436,-3528959.721228333,573982.2408124118,310.17473892049696,220,1:51:29
15.0%,750000,2999.999999956707,-3528906.9737602193,576047.9054134742,311.2910051266168,220,1:51:25
15.1%,752500,3009.9999999564707,-3530260.6147400774,574135.2739655334,310.2574366329706,220,1:51:22
15.1%,755000,3019.999999956234,-3531012.6603066474,575572.613336864,311.0341616473397,220,1:51:18
15.2%,757500,3029.9999999559977,-3527054.1193439756,574149.8792859239,310.26532921416367,220,1:51:14
15.2%,760000,3039.9999999557613,-3530453.566515861,575251.539621276,310.8606563560161,220,1:51:10
15.2%,762500,3049.999999955525,-3529685.212445805,576345.9315836648,311.4520557357777,220,1:51:06
15.3%,765000,3059.9999999552883,-3531682.5986149292,575654.4652086932,311.0783936482093,220,1:51:02
15.3%,767500,3069.999999955052,-3527962.6662542727,577792.2920190296,312.2336556504183,220,1:50:58
15.4%,770000,3079.9999999548154,-3529789.7452736795,575876.2597408558,311.1982493793033,220,1:50:54
15.4%,772500,3089.999999954579,-3531805.9610734694,576484.8509893129,311.5271265085544,220,1:50:51
15.5%,775000,3099.9999999543425,-3531808.7025375813,575329.3962501765,310.9027293642476,220,1:50:47
15.6%,777500,3109.999999954106,-3529768.177600866,576417.7180853327,311.49084850292206,220,1:50:43
15.6%,780000,3119.9999999538695,-3530549.167094551,577407.9942937596,312.02598468409246,220,1:50:39
15.7%,782500,3129.999999953633,-3528390.850940449,576053.7977239147,311.29418927714033,220,1:50:35
15.7%,785000,3139.9999999533966,-3529195.0499887206,575868.5168608218,311.1940651979432,220,1:50:31
15.8%,787500,3149.99999995316,-3528670.9411423933,576005.8080878314,311.26825611791577,220,1:50:27
15.8%,790000,3159.9999999529236,-3534216.3565551285,574969.6774788474,310.7083406392169,220,1:50:24
15.8%,792500,3169.999999952687,-3528815.02766612,571961.8562353784,309.0829416240975,220,1:50:19
15.9%,795000,3179.9999999524507,-3530095.310159631,574922.7237995078,310.6829673015158,220,1:50:16
15.9%,797500,3189.9999999522142,-3529578.7825513314,577329.4768661968,311.9835545863241,220,1:50:12
16.0%,800000,3199.9999999519778,-3528452.3152531963,577166.2282744104,311.8953365444822,220,1:50:08
16.1%,802500,3209.9999999517413,-3529035.7877396457,575368.4194112788,310.9238171226243,220,1:50:04
16.1%,805000,3219.999999951505,-3530039.33222571,575548.4259184394,311.0210909882469,220,1:50:00
16.1%,807500,3229.9999999512684,-3532606.2866006866,574408.4924790001,310.4050814119499,220,1:49:56
16.2%,810000,3239.999999951032,-3532921.207080301,575153.6554762357,310.80776066173576,220,1:49:52
16.2%,812500,3249.9999999507954,-3528919.2859974224,576470.8030053012,311.51953510682904,220,1:49:48
16.3%,815000,3259.999999950559,-3536580.488043191,575750.0555497623,311.1300497918602,220,1:49:44
16.4%,817500,3269.9999999503225,-3529269.1869827304,576339.5815184455,311.4486242187699,220,1:49:40
16.4%,820000,3279.999999950086,-3531212.090238286,574378.2038136427,310.38871369496934,220,1:49:37
16.4%,822500,3289.9999999498496,-3535048.6644278206,575781.8349204996,311.1472230723567,220,1:49:33
16.5%,825000,3299.999999949613,-3529424.1214892697,575189.5126562892,310.82713755298903,220,1:49:29
16.6%,827500,3309.9999999493766,-3532280.8096857667,576758.0975836447,311.67478646217563,220,1:49:25
16.6%,830000,3319.99999994914,-3528373.8566507977,575036.2422206553,310.74431161522193,220,1:49:21
16.6%,832500,3329.9999999489037,-3530533.5798358023,574222.6834727125,310.3046719290141,220,1:49:17
16.7%,835000,3339.999999948667,-3531238.761742076,573970.9306185727,310.1686269954726,220,1:49:13
16.8%,837500,3349.9999999484307,-3530584.1580433026,577845.5245573497,312.26242202592874,220,1:49:09
16.8%,840000,3359.9999999481943,-3527823.56987443,576667.3602785638,311.62575285466545,220,1:49:05
16.9%,842500,3369.999999947958,-3531981.3455179594,575157.4542423495,310.80981348010505,220,1:49:01
16.9%,845000,3379.9999999477213,-3530197.106772227,576038.5546656383,311.2859520682424,220,1:48:57
16.9%,847500,3389.999999947485,-3531968.261898456,575860.770344734,311.18987905169297,220,1:48:53
17.0%,850000,3399.9999999472484,-3530503.4979420025,573892.077616542,310.12601555633927,220,1:48:49
17.1%,852500,3409.999999947012,-3526818.587935446,574988.9719165319,310.7187671763915,220,1:48:45
17.1%,855000,3419.9999999467755,-3528014.8294004127,578442.3389237428,312.5849350361186,220,1:48:41
17.1%,857500,3429.999999946539,-3528392.8202952296,574693.877195949,310.55930069571417,220,1:48:37
17.2%,860000,3439.9999999463025,-3530442.6690977383,575082.0081589841,310.7690431085735,220,1:48:33
17.2%,862500,3449.999999946066,-3531367.7145820055,574484.8476258072,310.44634303302826,220,1:48:29
17.3%,865000,3459.9999999458296,-3531583.8924901076,576035.7415219245,311.2844318711789,220,1:48:25
17.4%,867500,3469.999999945593,-3525933.303990625,575853.7985649831,311.18611156585405,220,1:48:21
17.4%,870000,3479.9999999453566,-3528869.5099395607,575169.2736006372,310.8162005529279,220,1:48:17
17.4%,872500,3489.99999994512,-3527610.601155754,575156.8406403679,310.80948189522155,220,1:48:13
17.5%,875000,3499.9999999448837,-3530985.1703074463,576129.3926292292,311.3350400706883,220,1:48:09
17.6%,877500,3509.9999999446472,-3531515.262934981,578323.2408620238,312.52057553581886,220,1:48:05
17.6%,880000,3519.999999944411,-3532302.9440924115,572701.4369197676,309.48260424321677,220,1:48:02
17.6%,882500,3529.9999999441743,-3530064.1576904543,576064.3245245696,311.2998778636724,220,1:47:58
17.7%,885000,3539.999999943938,-3526687.885253487,575608.6308510464,311.0536251816858,220,1:47:54
17.8%,887500,3549.9999999437014,-3526853.3339556176,574986.1081661119,310.71721963192806,220,1:47:50
17.8%,890000,3559.999999943465,-3529121.0417655874,577834.8519306304,312.2566546363287,220,1:47:46
17.9%,892500,3569.9999999432284,-3529463.129511427,574106.604068337,310.2419436834585,220,1:47:42
17.9%,895000,3579.999999942992,-3529126.651421642,575315.647530725,310.8952996823461,220,1:47:38
17.9%,897500,3589.9999999427555,-3531518.511888638,575681.2754577389,311.09288166091574,220,1:47:34
18.0%,900000,3599.999999942519,-3532436.3216308914,575153.1225330196,310.80747266410947,220,1:47:30
18.1%,902500,3609.9999999422826,-3528983.554468831,575298.9001438713,310.8862495480813,220,1:47:27
18.1%,905000,3619.999999942046,-3530209.1894780826,575610.4323740331,311.05459870818595,220,1:47:23
18.1%,907500,3629.9999999418096,-3528386.9981739707,576971.8183400886,311.79027919891615,220,1:47:19
18.2%,910000,3639.999999941573,-3527688.7422243133,575906.6918873012,311.21469463214794,220,1:47:15
18.2%,912500,3649.9999999413367,-3533275.577153476,574448.8119026233,310.4268696587048,220,1:47:11
18.3%,915000,3659.9999999411,-3531613.587170083,574501.2315609776,310.45519676133665,220,1:47:06
18.4%,917500,3669.9999999408637,-3530390.4852671176,577833.444757967,312.2558942131267,220,1:47:02
18.4%,920000,3679.9999999406273,-3528257.0609322656,575351.0642735425,310.91443856535625,220,1:46:58
18.4%,922500,3689.999999940391,-3526158.872026013,574552.4450478784,310.4828720599769,220,1:46:54
18.5%,925000,3699.9999999401543,-3532483.5168096013,574999.2652475539,310.7243295980752,220,1:46:50
18.6%,927500,3709.999999939918,-3526775.8172018193,574975.682848913,310.71158588612485,220,1:46:46
18.6%,930000,3719.9999999396814,-3529582.1122072954,574701.2872385144,310.5633050147588,220,1:46:42
18.6%,932500,3729.999999939445,-3529204.798249176,574757.8205054919,310.59385507376453,220,1:46:38
18.7%,935000,3739.9999999392085,-3531792.614093676,577745.6947604573,312.20847491923115,220,1:46:34
18.8%,937500,3749.999999938972,-3531881.5060747247,576812.865554488,311.7043825713401,220,1:46:30
18.8%,940000,3759.9999999387355,-3527366.048624482,577836.6996363703,312.25765311956513,220,1:46:26
18.9%,942500,3769.999999938499,-3529377.03732647,578136.1910326785,312.4194955234823,220,1:46:22
18.9%,945000,3779.9999999382626,-3529562.2075452004,577607.7520852513,312.13393196262774,220,1:46:18
18.9%,947500,3789.999999938026,-3528870.9850009196,576644.8673367564,311.61359787519643,220,1:46:14
19.0%,950000,3799.9999999377897,-3528334.8206967954,575646.7785324912,311.0742398388846,220,1:46:10
19.1%,952500,3809.999999937553,-3529118.3237254824,576298.4957445271,311.4264218433437,220,1:46:06
19.1%,955000,3819.9999999373167,-3529923.9045969844,576055.5492673842,311.2951357951677,220,1:46:02
19.1%,957500,3829.9999999370802,-3526849.1704637893,576357.3257803619,311.45821305517615,220,1:45:58
19.2%,960000,3839.999999936844,-3529434.746540146,578036.888785297,312.3658334997023,220,1:45:54
19.2%,962500,3849.9999999366073,-3530610.250531543,575314.3300401059,310.8945877224982,220,1:45:50
19.3%,965000,3859.999999936371,-3528169.8744492624,574882.8207202113,310.6614040434167,220,1:45:46
19.4%,967500,3869.9999999361344,-3528312.5717077386,576650.0067169653,311.61637514912786,220,1:45:42
19.4%,970000,3879.999999935898,-3531046.7668671776,574469.6731763192,310.43814289969043,220,1:45:38
19.4%,972500,3889.9999999356614,-3529610.7791352645,576532.3628036595,311.55280145729455,220,1:45:34
19.5%,975000,3899.999999935425,-3529915.7759290542,574496.5321730941,310.4526572552227,220,1:45:30
19.6%,977500,3909.9999999351885,-3530407.377840303,575015.4804242393,310.733092130846,220,1:45:26
19.6%,980000,3919.999999934952,-3529138.370436689,578401.562078804,312.5628996030798,220,1:45:22
19.6%,982500,3929.9999999347156,-3531712.061857946,577268.5924442641,311.9506532030852,220,1:45:18
19.7%,985000,3939.999999934479,-3531730.5258578975,574773.2918750928,310.60221566000826,220,1:45:14
19.8%,987500,3949.9999999342426,-3529694.934270922,577235.0925118007,311.9325501468112,220,1:45:11
19.8%,990000,3959.999999934006,-3533574.295126168,574160.8294275019,310.2712465702482,220,1:45:07
19.9%,992500,3969.9999999337697,-3527859.491763212,576976.8282198469,311.7929864919917,220,1:45:03
19.9%,995000,3979.999999933533,-3531284.6885421127,574974.5980345275,310.7109996623798,220,1:44:59
19.9%,997500,3989.9999999332967,-3531221.9119323846,573016.8201637783,309.65303445588756,220,1:44:55
20.0%,1000000,3999.9999999330603,-3529199.7097549625,575292.0478739261,310.88254664424534,220,1:44:51
20.1%,1002500,4009.999999932824,-3530574.8378886916,576571.345576898,311.57386739043994,220,1:44:47
20.1%,1005000,4019.9999999325873,-3532166.525744261,575067.1852780585,310.76103295966254,220,1:44:43
20.1%,1007500,4029.999999932351,-3529335.0980935115,575096.4038451782,310.77682240536933,220,1:44:39
20.2%,1010000,4039.9999999321144,-3529872.371783953,574756.7070788409,310.5932533882136,220,1:44:36
20.2%,1012500,4049.999999931878,-3528087.946968248,574830.0449035433,310.6328844760985,220,1:44:32
20.3%,1015000,4059.9999999316415,-3527319.470578056,576855.4107140634,311.7273735853912,220,1:44:28
20.4%,1017500,4069.999999931405,-3528403.4689837396,575306.7975903671,310.89051725573984,220,1:44:24
20.4%,1020000,4079.9999999311685,-3528957.21123733,574387.790209929,310.3938940956053,220,1:44:20
20.4%,1022500,4089.999999930932,-3529085.056235548,576596.1391607712,311.5872656157821,220,1:44:16
20.5%,1025000,4099.999999930696,-3532583.2752476856,576065.8714967049,311.300713833227,220,1:44:12
20.6%,1027500,4109.999999930459,-3529363.6217812784,576408.0402365566,311.4856186821994,220,1:44:08
20.6%,1030000,4119.999999930223,-3529869.971317455,575227.5490073441,310.8476920482662,220,1:44:04
20.6%,1032500,4129.999999929986,-3529229.389392834,573903.6697803391,310.13227985534303,220,1:44:00
20.7%,1035000,4139.99999992975,-3528897.5475559738,574899.351245604,310.6703369877369,220,1:43:57
20.8%,1037500,4149.999999929513,-3530167.4032081813,576759.8253416487,311.67572012675566,220,1:43:53
20.8%,1040000,4159.999999929277,-3527074.143942831,577383.6252273426,312.01281586409044,220,1:43:49
20.9%,1042500,4169.99999992904,-3529829.849349195,576537.0780987925,311.55534955954016,220,1:43:45
20.9%,1045000,4179.999999928804,-3530670.3779097497,574886.4517897905,310.6633662401167,220,1:43:41
20.9%,1047500,4189.999999928567,-3530273.8938647863,575360.6013255246,310.9195923007827,220,1:43:37
21.0%,1050000,4199.999999928331,-3526522.4931064043,574461.7155777442,310.4338426864,220,1:43:33
21.1%,1052500,4209.999999928094,-3532906.0422795527,574980.5576920642,310.71422020665636,220,1:43:29
21.1%,1055000,4219.999999927858,-3529945.715453215,577316.5211100348,311.9765534145119,220,1:43:25
21.1%,1057500,4229.9999999276215,-3531178.383267874,577490.2271301589,312.07042255472203,220,1:43:21
21.2%,1060000,4239.999999927385,-3531421.596955305,576464.7512426442,311.51626478979017,220,1:43:17
21.2%,1062500,4249.999999927149,-3531138.454477567,577484.5090618979,312.06733256307433,220,1:43:13
21.3%,1065000,4259.999999926912,-3527970.7443373967,574262.1618589566,310.32600568688247,220,1:43:09
21.4%,1067500,4269.999999926676,-3531346.5290548895,576706.0275402239,311.6466482882475,220,1:43:05
21.4%,1070000,4279.999999926439,-3529215.2992838416,576072.0951661775,311.30407704713247,220,1:43:01
21.4%,1072500,4289.999999926203,-3529664.662599327,574139.5253338679,310.2597340334291,220,1:42:57
21.5%,1075000,4299.999999925966,-3528119.134918697,574632.6973689992,310.52623967831323,220,1:42:53
21.6%,1077500,4309.99999992573,-3527973.829609478,577803.049908683,312.23946911532596,220,1:42:49
21.6%,1080000,4319.999999925493,-3530116.8800442517,575852.6870059031,311.1855108895214,220,1:42:45
21.6%,1082500,4329.999999925257,-3530550.6113027222,574596.7482266569,310.50681309148246,220,1:42:41
21.7%,1085000,4339.99999992502,-3534043.878198061,576576.048632955,311.5764088788012,220,1:42:37
21.8%,1087500,4349.999999924784,-3529377.9417716153,576477.9770056265,311.52341187081186,220,1:42:33
21.8%,1090000,4359.999999924547,-3530106.734803466,575974.3661286127,311.25126517150943,220,1:42:30
21.9%,1092500,4369.999999924311,-3525512.932256514,575115.9859932204,310.78740441858264,220,1:42:26
21.9%,1095000,4379.9999999240745,-3533596.35980759,575829.5046693466,311.1729833674524,220,1:42:22
21.9%,1097500,4389.999999923838,-3531172.7438072767,575418.2805449881,310.9507616220023,220,1:42:18
22.0%,1100000,4399.9999999236015,-3530930.2748176213,575916.6280342041,311.2200640348095,220,1:42:14
22.1%,1102500,4409.999999923365,-3529770.5769215487,572368.2743909038,309.3025662680659,220,1:42:10
22.1%,1105000,4419.999999923129,-3529451.798942236,575892.7397665135,311.2071550340297,220,1:42:06
22.1%,1107500,4429.999999922892,-3530015.584776994,575712.3121142997,311.1096535854828,220,1:42:02
22.2%,1110000,4439.999999922656,-3526443.877241524,574936.4475894549,310.69038351174186,220,1:41:58
22.2%,1112500,4449.999999922419,-3532229.7090548277,577092.8858390205,311.85570296502397,220,1:41:54
22.3%,1115000,4459.999999922183,-3527308.2681724094,575527.7618010046,311.00992428869654,220,1:41:50
22.4%,1117500,4469.999999921946,-3532074.2579595987,577062.7999565769,311.8394448300703,220,1:41:46
22.4%,1120000,4479.99999992171,-3534737.6556708217,575432.8375427774,310.9586280901048,220,1:41:42
22.4%,1122500,4489.999999921473,-3530737.275814416,576406.835018065,311.48496739317966,220,1:41:38
22.5%,1125000,4499.999999921237,-3535452.711254671,575593.1980006441,311.0452854108637,220,1:41:34
22.6%,1127500,4509.999999921,-3530283.33380403,577153.3221824497,311.88836221074894,220,1:41:30
22.6%,1130000,4519.999999920764,-3530418.0869250875,575239.3681664949,310.8540790134773,220,1:41:26
22.6%,1132500,4529.999999920527,-3528438.7468878254,576268.6700696459,311.4103043221703,220,1:41:22
22.7%,1135000,4539.999999920291,-3532546.5783588476,578568.6947549871,312.65321656850864,220,1:41:18
22.8%,1137500,4549.9999999200545,-3526174.530184591,578036.0871935403,312.3654003268684,220,1:41:14
22.8%,1140000,4559.999999919818,-3530070.9677994326,574178.3975565823,310.28074022608524,220,1:41:10
22.9%,1142500,4569.999999919582,-3530526.813279476,573987.9072823371,310.1778010288772,220,1:41:06
22.9%,1145000,4579.999999919345,-3527262.8232928496,575855.0010178457,311.1867613603533,220,1:41:02
22.9%,1147500,4589.999999919109,-3530208.9022543393,576224.8576697941,311.3866285030958,220,1:40:58
23.0%,1150000,4599.999999918872,-3533052.8175067157,575825.5424029168,311.17084219501186,220,1:40:54
23.1%,1152500,4609.999999918636,-3530437.8332371507,575559.8277923624,311.0272524563478,220,1:40:51
23.1%,1155000,4619.999999918399,-3530669.6940829344,576355.1139072948,311.45701777925586,220,1:40:47
23.1%,1157500,4629.999999918163,-3530915.817002628,576794.3698433521,311.69438765866715,220,1:40:43
23.2%,1160000,4639.999999917926,-3530201.756024681,576229.3665761587,311.38906507474377,220,1:40:39
23.2%,1162500,4649.99999991769,-3528463.3238883168,575940.0639252628,311.23272857540604,220,1:40:35
23.3%,1165000,4659.999999917453,-3529804.0368344747,574930.8047347465,310.68733416480825,220,1:40:31
23.4%,1167500,4669.999999917217,-3530339.7402309254,577363.7252459528,312.002062096651,220,1:40:27
23.4%,1170000,4679.99999991698,-3527888.729072107,576209.6376771173,311.37840375863635,220,1:40:23
23.4%,1172500,4689.999999916744,-3532010.3265414312,575045.7286265248,310.7494379819535,220,1:40:19
23.5%,1175000,4699.9999999165075,-3526792.284273332,574925.6433116425,310.68454497909846,220,1:40:15
23.6%,1177500,4709.999999916271,-3530158.862419866,576139.8898562457,311.34071267589746,220,1:40:11
23.6%,1180000,4719.9999999160345,-3528452.5813199095,574978.4716235909,310.7130929143848,220,1:40:07
23.6%,1182500,4729.999999915798,-3532474.5029218327,574188.6703856811,310.2862915687177,220,1:40:03
23.7%,1185000,4739.999999915562,-3529653.8816524874,576363.8306745186,311.4617282403218,220,1:40:00
23.8%,1187500,4749.999999915325,-3531907.4341558274,575628.3209117171,311.0642655098939,220,1:39:56
23.8%,1190000,4759.999999915089,-3529503.8357241023,575019.7465240618,310.7353974920655,220,1:39:52
23.9%,1192500,4769.999999914852,-3530435.467365518,577263.4568614339,311.94787798122235,220,1:39:48
23.9%,1195000,4779.999999914616,-3530303.54862763,575997.993057516,311.26403294720535,220,1:39:44
23.9%,1197500,4789.999999914379,-3530920.340325838,574356.0801383186,310.3767582637213,220,1:39:40
24.0%,1200000,4799.999999914143,-3531794.6860058587,575775.5966796952,311.1438519842372,220,1:39:37
24.1%,1202500,4809.999999913906,-3529093.4519433808,573331.6410819318,309.82316079282225,220,1:39:33
24.1%,1205000,4819.99999991367,-3528823.2303362135,576172.1824379979,311.35816329091983,220,1:39:29
24.1%,1207500,4829.999999913433,-3526099.097219914,576721.0333214421,311.6547572747992,220,1:39:25
24.2%,1210000,4839.999999913197,-3527200.7708374225,576992.0689837404,311.8012224610261,220,1:39:21
24.2%,1212500,4849.99999991296,-3530207.037732035,574979.007760246,310.7133826377163,220,1:39:17
24.3%,1215000,4859.999999912724,-3531759.901992198,576457.1189601358,311.5121403743187,220,1:39:13
24.4%,1217500,4869.9999999124875,-3530473.638003381,576182.6832207312,311.3638378176057,220,1:39:09
24.4%,1220000,4879.999999912251,-3532204.127690211,577198.0495643902,311.91253247775296,220,1:39:05
24.4%,1222500,4889.999999912015,-3529919.53368666,576057.5141654932,311.2961976080856,220,1:39:01
24.5%,1225000,4899.999999911778,-3529249.7297650184,574003.7090017109,310.18634013310856,220,1:38:57
24.6%,1227500,4909.999999911542,-3530641.139583355,574456.7497319465,310.43115918887287,220,1:38:53
24.6%,1230000,4919.999999911305,-3532567.077527512,575040.848842774,310.7468009915674,220,1:38:49
24.6%,1232500,4929.999999911069,-3529226.0332764555,576863.7067696697,311.7318566977574,220,1:38:45
24.7%,1235000,4939.999999910832,-3532323.939404011,576231.2028909063,311.39005740239253,220,1:38:41
24.8%,1237500,4949.999999910596,-3528254.683860833,576243.146838116,311.3965118019262,220,1:38:37
24.8%,1240000,4959.999999910359,-3531432.103560332,578219.2420405919,312.4643755264945,220,1:38:33
24.9%,1242500,4969.999999910123,-3530047.760891108,572609.6255314847,309.43299021099466,220,1:38:29
24.9%,1245000,4979.999999909886,-3529899.207716357,577901.3489569626,312.2925890195117,220,1:38:25
24.9%,1247500,4989.99999990965,-3532284.653872689,577959.9034667534,312.32423133959685,220,1:38:21
25.0%,1250000,4999.999999909413,-3530647.681002265,576057.587707221,311.2962373493609,220,1:38:18
25.1%,1252500,5009.999999909177,-3531322.8274126444,574588.6621219711,310.5024434346683,220,1:38:14
25.1%,1255000,5019.9999999089405,-3529896.087306883,575918.446230012,311.2210465711493,220,1:38:10
25.1%,1257500,5029.999999908704,-3530483.314140184,575417.4303780774,310.9503021996007,220,1:38:06
25.2%,1260000,5039.9999999084675,-3528546.0227681957,575318.6614455627,310.8969283742836,220,1:38:02
25.2%,1262500,5049.999999908231,-3532834.022672899,575944.7896359122,311.23528230610134,220,1:37:58
25.3%,1265000,5059.999999907995,-3531082.3298004493,576601.7835855326,311.5903158111579,220,1:37:54
25.4%,1267500,5069.999999907758,-3530026.924092777,577906.7609184054,312.29551359384203,220,1:37:50
25.4%,1270000,5079.999999907522,-3529056.864267269,574691.4682490611,310.5579989229086,220,1:37:46
25.4%,1272500,5089.999999907285,-3527073.6498910207,573556.8627373141,309.94486850987386,220,1:37:42
25.5%,1275000,5099.999999907049,-3530403.3619707786,576189.5705937711,311.36755969083214,220,1:37:39
25.6%,1277500,5109.999999906812,-3529770.2731016167,574284.0724291406,310.33784595806713,220,1:37:35
25.6%,1280000,5119.999999906576,-3529952.3240177594,577787.8014698313,312.2312289988146,220,1:37:31
25.6%,1282500,5129.999999906339,-3527882.834240757,574734.8495027146,310.5814417545316,220,1:37:27
25.7%,1285000,5139.999999906103,-3532209.3966146596,576845.3192834959,311.7219202688615,220,1:37:23
25.8%,1287500,5149.999999905866,-3530358.2842467986,575495.1138786336,310.99228165086265,220,1:37:19
25.8%,1290000,5159.99999990563,-3532617.677356692,574892.2569394174,310.66650328973583,220,1:37:15
25.9%,1292500,5169.999999905393,-3530228.891402364,577129.6757692164,311.8755839058999,220,1:37:11
25.9%,1295000,5179.999999905157,-3528395.2943053413,576238.4652396466,311.3939819090485,220,1:37:07
25.9%,1297500,5189.9999999049205,-3529902.367818203,578957.5885772724,312.86337122351046,220,1:37:03
26.0%,1300000,5199.999999904684,-3533310.1848594714,576477.6769254201,311.52324971022034,220,1:36:59
26.1%,1302500,5209.999999904448,-3532892.649007693,575275.7363379699,310.8737320398084,220,1:36:55
26.1%,1305000,5219.999999904211,-3527930.495131109,576852.3218715981,311.72570440325086,220,1:36:51
26.1%,1307500,5229.999999903975,-3530761.9876600504,575840.4494283753,311.17889781485667,220,1:36:47
26.2%,1310000,5239.999999903738,-3528895.1345257163,575561.2396145957,311.02801539213476,220,1:36:43
26.2%,1312500,5249.999999903502,-3530920.7601348907,575722.5817585392,311.1152032070464,220,1:36:39
26.3%,1315000,5259.999999903265,-3527847.0527930316,574277.1550090206,310.33410784767426,220,1:36:35
26.4%,1317500,5269.999999903029,-3528624.5595928524,576640.7817490107,311.6113900610477,220,1:36:31
26.4%,1320000,5279.999999902792,-3532559.998920763,576006.6454123193,311.2687086003899,220,1:36:27
26.4%,1322500,5289.999999902556,-3529000.589574553,573537.4026941806,309.93435248103333,220,1:36:24
26.5%,1325000,5299.999999902319,-3530184.9190941043,577646.6122615952,312.1549316455358,220,1:36:20
26.6%,1327500,5309.999999902083,-3531088.445648486,576460.9920150818,311.5142333376915,220,1:36:16
26.6%,1330000,5319.999999901846,-3535785.736346595,573418.6451384509,309.87017698704744,220,1:36:12
26.6%,1332500,5329.99999990161,-3531248.416768428,576595.4333808953,311.58688421880987,220,1:36:08
26.7%,1335000,5339.9999999013735,-3528678.622018719,576486.3490950038,311.52793607113057,220,1:36:04
26.8%,1337500,5349.999999901137,-3531831.6162297167,575415.7326515028,310.9493847637297,220,1:36:00
26.8%,1340000,5359.999999900901,-3532321.729489226,577357.9900429483,311.99896284554507,220,1:35:56
26.9%,1342500,5369.999999900664,-3533736.9418892395,578110.2477218086,312.4054759962154,220,1:35:52
26.9%,1345000,5379.999999900428,-3530763.80066791,574281.9763456937,310.3367132537957,220,1:35:48
26.9%,1347500,5389.999999900191,-3530720.2856631745,574081.4463706503,310.2283486943508,220,1:35:44
27.0%,1350000,5399.999999899955,-3529598.0000535045,574371.4037060521,310.38503897919145,220,1:35:40
27.1%,1352500,5409.999999899718,-3531750.8046687357,573597.4516218185,309.9668023708177,220,1:35:36
27.1%,1355000,5419.999999899482,-3530279.465941338,574669.4206531446,310.54608460427465,220,1:35:32
27.1%,1357500,5429.999999899245,-3531601.648871327,576592.8980706156,311.58551416038614,220,1:35:28
27.2%,1360000,5439.999999899009,-3530133.134314375,579142.7704965973,312.9634418344027,220,1:35:24
27.2%,1362500,5449.999999898772,-3532789.0935469735,576109.9558767237,311.3245366278896,220,1:35:20
27.3%,1365000,5459.999999898536,-3530651.0943525657,577255.3277373647,311.9434850771279,220,1:35:16
27.4%,1367500,5469.999999898299,-3534059.46670915,572811.8381823008,309.54226407299524,220,1:35:13
27.4%,1370000,5479.999999898063,-3528328.4214403965,578006.3386290042,312.3493244754184,220,1:35:09
27.4%,1372500,5489.9999998978265,-3532071.7288239077,575522.2944866418,311.0069698021558,220,1:35:05
27.5%,1375000,5499.99999989759,-3530242.1534716915,577858.0597802508,312.2691959454234,220,1:35:01
27.6%,1377500,5509.9999998973535,-3529938.4801518377,575412.2255302304,310.947489547558,220,1:34:57
27.6%,1380000,5519.999999897117,-3530281.4752286226,575673.0538723054,311.088438791548,220,1:34:53
27.6%,1382500,5529.999999896881,-3530913.673179565,577492.2684145761,312.0715256461003,220,1:34:49
27.7%,1385000,5539.999999896644,-3532663.869040612,576915.5356042506,311.75986452464053,220,1:34:45
27.8%,1387500,5549.999999896408,-3527170.213694798,577012.934436468,311.8124979603221,220,1:34:41
27.8%,1390000,5559.999999896171,-3531713.8254549634,576446.5279669387,311.50641709872536,220,1:34:37
27.9%,1392500,5569.999999895935,-3528832.359040115,576378.7134403556,311.46977075048966,220,1:34:33
27.9%,1395000,5579.999999895698,-3531467.4135743063,576803.7801081104,311.69947287944063,220,1:34:29
27.9%,1397500,5589.999999895462,-3530732.5068006013,574212.6214111863,310.29923448324485,220,1:34:25
28.0%,1400000,5599.999999895225,-3532579.0482582785,574320.7684572153,310.357676155098,220,1:34:21
28.1%,1402500,5609.999999894989,-3531112.1030142214,575935.0423569104,311.23001496592144,220,1:34:17
28.1%,1405000,5619.999999894752,-3528080.4482514337,575563.2114705612,311.0290809650146,220,1:34:13
28.1%,1407500,5629.999999894516,-3531733.3590036463,577769.7656976655,312.221482632943,220,1:34:09
28.2%,1410000,5639.999999894279,-3531928.919067459,575779.9597748127,311.14620976082455,220,1:34:06
28.2%,1412500,5649.999999894043,-3531809.076747827,575026.1692917321,310.73886829681106,220,1:34:02
28.3%,1415000,5659.9999998938065,-3532824.2645710986,576930.7991909453,311.76811282690744,220,1:33:58
28.4%,1417500,5669.99999989357,-3526029.274652388,574539.3653076787,310.47580388832773,220,1:33:54
28.4%,1420000,5679.999999893334,-3531116.0179626234,577241.3020661192,311.93590573301685,220,1:33:50
28.4%,1422500,5689.999999893097,-3528852.1035205238,575667.7550461108,311.0855753544682,220,1:33:46
28.5%,1425000,5699.999999892861,-3529403.6866736244,574885.7659543555,310.66299562093747,220,1:33:42
28.6%,1427500,5709.999999892624,-3531903.070185762,574928.6405571443,310.6861646630798,220,1:33:38
28.6%,1430000,5719.999999892388,-3531787.400939243,577492.6525649517,312.07173323744024,220,1:33:34
28.6%,1432500,5729.999999892151,-3529341.7937629297,577357.8428921832,311.9988833266212,220,1:33:30
28.7%,1435000,5739.999999891915,-3531711.813504951,574702.3691509586,310.5638896703213,220,1:33:27
28.8%,1437500,5749.999999891678,-3529382.8665259164,577369.2604139441,312.00505325067024,220,1:33:23
28.8%,1440000,5759.999999891442,-3530142.5659358725,574156.9441696724,310.269147012549,220,1:33:19
28.9%,1442500,5769.999999891205,-3531053.358640954,577897.9632175551,312.2907593969866,220,1:33:15
28.9%,1445000,5779.999999890969,-3529587.837140955,576191.4109727487,311.3685542147534,220,1:33:11
28.9%,1447500,5789.999999890732,-3530402.3881236,575782.8064157525,311.1477480594817,220,1:33:07
29.0%,1450000,5799.999999890496,-3531396.929187389,577165.1985144276,311.89478007163154,220,1:33:03
29.1%,1452500,5809.9999998902595,-3531122.061671259,576168.8080568744,311.3563398063073,220,1:32:59
29.1%,1455000,5819.999999890023,-3530802.205770381,576212.7244076243,311.38007179949386,220,1:32:55
29.1%,1457500,5829.9999998897865,-3532160.494782977,575667.0648280289,311.08520236694676,220,1:32:51
29.2%,1460000,5839.99999988955,-3531097.319766268,576156.8699824444,311.3498885803699,220,1:32:47
29.2%,1462500,5849.999999889314,-3531506.3623297624,573830.2472161493,310.09260297501623,220,1:32:43
29.3%,1465000,5859.999999889077,-3529938.0959209483,577285.7759795776,311.95993902797767,220,1:32:39
29.4%,1467500,5869.999999888841,-3531259.44409075,577229.3915663164,311.92946940815506,220,1:32:35
29.4%,1470000,5879.999999888604,-3527763.605629625,574882.269266373,310.66110604282,220,1:32:31
29.4%,1472500,5889.999999888368,-3530330.553839918,574030.4273996667,310.2007785103284,220,1:32:27
29.5%,1475000,5899.999999888131,-3529175.9793742374,576771.5258232873,311.6820429597276,220,1:32:23
29.6%,1477500,5909.999999887895,-3532305.316918114,577482.8675692938,312.0664455155253,220,1:32:20
29.6%,1480000,5919.999999887658,-3528924.6778592765,576224.8834749777,311.3866424479803,220,1:32:16
29.6%,1482500,5929.999999887422,-3531290.4024098627,575761.2712708991,311.13611066470264,220,1:32:12
29.7%,1485000,5939.999999887185,-3529810.330585433,575292.6813670795,310.88288897813567,220,1:32:08
29.8%,1487500,5949.999999886949,-3531417.3039007224,575717.1997332675,311.1122948099485,220,1:32:04
29.8%,1490000,5959.999999886712,-3529076.6074533034,573829.9959595879,310.0924671982747,220,1:32:00
29.9%,1492500,5969.999999886476,-3528551.1943338476,574943.1554211982,310.6940083624981,220,1:31:56
29.9%,1495000,5979.9999998862395,-3532372.0814852864,577228.52211201,311.9289995630217,220,1:31:52
29.9%,1497500,5989.999999886003,-3529802.0452906955,575587.0265286661,311.0419504040056,220,1:31:48
30.0%,1500000,5999.999999885767,-3530413.9554972704,576170.1167944951,311.357047036115,220,1:31:44
30.1%,1502500,6009.99999988553,-3530931.4046172835,574826.9115630895,310.6311912476533,220,1:31:41
30.1%,1505000,6019.999999885294,-3531767.4152732305,575688.4769923255,311.0967733041608,220,1:31:37
30.1%,1507500,6029.999999885057,-3531733.5843251143,576352.856343327,311.45579781239184,220,1:31:33
30.2%,1510000,6039.999999884821,-3529157.047221152,574336.7807185829,310.3663290342919,220,1:31:29
30.2%,1512500,6049.999999884584,-3530114.030724399,575187.0040358248,310.8257819174967,220,1:31:25
30.3%,1515000,6059.999999884348,-3530230.1124867797,573373.8425244144,309.84596606530874,220,1:31:21
30.4%,1517500,6069.999999884111,-3529143.1342070457,574362.587203247,310.3802746219321,220,1:31:17
30.4%,1520000,6079.999999883875,-3525959.9240867905,576772.966266119,311.68282136182347,220,1:31:13
30.4%,1522500,6089.999999883638,-3530249.081267087,576548.8343997595,311.5617025567653,220,1:31:09
30.5%,1525000,6099.999999883402,-3530949.8131971173,575240.9590052043,310.8549386881262,220,1:31:05
30.6%,1527500,6109.999999883165,-3530566.6915862057,576064.5276579913,311.2999876351106,220,1:31:01
30.6%,1530000,6119.999999882929,-3529354.5923526287,575048.1475576228,310.7507451501348,220,1:30:57
30.6%,1532500,6129.9999998826925,-3532086.301061338,576392.923409916,311.4774496877199,220,1:30:53
30.7%,1535000,6139.999999882456,-3530470.3335855845,576145.5365014595,311.34376407118543,220,1:30:49
30.8%,1537500,6149.9999998822195,-3531507.168164406,577618.4655152339,312.1397214019371,220,1:30:45
30.8%,1540000,6159.999999881983,-3528555.488182785,575361.1425065194,310.91988475002915,220,1:30:41
30.9%,1542500,6169.999999881747,-3530253.873310443,575025.8026508515,310.7386701674417,220,1:30:37
30.9%,1545000,6179.99999988151,-3527253.463973036,576033.5135217533,311.2832278803195,220,1:30:33
30.9%,1547500,6189.999999881274,-3529893.8466142975,572606.7969242635,309.4314616575936,220,1:30:30
31.0%,1550000,6199.999999881037,-3525947.65839264,573019.9952544149,309.6547502457487,220,1:30:26
31.1%,1552500,6209.999999880801,-3529246.524206819,578211.5968490001,312.4602441350727,220,1:30:22
31.1%,1555000,6219.999999880564,-3529316.9698703717,575583.4006377967,311.039991005833,220,1:30:18
31.1%,1557500,6229.999999880328,-3529131.6608617026,575110.4130793021,310.78439286701064,220,1:30:14
31.2%,1560000,6239.999999880091,-3532727.852061942,576719.0010707611,311.65365906516905,220,1:30:10
31.2%,1562500,6249.999999879855,-3530311.833588481,577763.2426762074,312.2179576519699,220,1:30:06
31.3%,1565000,6259.999999879618,-3527178.966146171,575374.3588829052,310.92702675862006,220,1:30:02
31.4%,1567500,6269.999999879382,-3532875.139321601,575697.4140262447,311.1016027953288,220,1:29:58
31.4%,1570000,6279.999999879145,-3531293.6498159524,577433.1022411913,312.0395527886186,220,1:29:54
31.4%,1572500,6289.999999878909,-3531099.316727398,577190.8659035468,311.90865049331484,220,1:29:50
31.5%,1575000,6299.9999998786725,-3529774.940117102,575007.8663042814,310.7289775302501,220,1:29:46
31.6%,1577500,6309.999999878436,-3530092.8815709073,576919.0287791111,311.7617522042991,220,1:29:42
31.6%,1580000,6319.9999998782,-3530771.1547100767,577041.0264058427,311.82767860293967,220,1:29:38
31.6%,1582500,6329.999999877963,-3530475.585826697,577431.746521987,312.038820170394,220,1:29:35
31.7%,1585000,6339.999999877727,-3527274.4576356355,573855.5697370789,310.10628703309266,220,1:29:31
31.8%,1587500,6349.99999987749,-3531022.9447574914,576413.8030258444,311.4887328406798,220,1:29:27
31.8%,1590000,6359.999999877254,-3527893.3273719214,574874.8217442264,310.65708147015346,220,1:29:23
31.9%,1592500,6369.999999877017,-3531509.513520699,574372.5944995322,310.3856824730673,220,1:29:19
31.9%,1595000,6379.999999876781,-3528680.8317130115,577019.0214158325,311.8157873081468,220,1:29:15
31.9%,1597500,6389.999999876544,-3531330.38528925,574930.576924919,310.68721105846674,220,1:29:11
32.0%,1600000,6399.999999876308,-3531088.299031617,575814.0149285248,311.1646128535694,220,1:29:07
32.0%,1602500,6409.999999876071,-3529392.5864770394,575208.9842857998,310.83765984300146,220,1:29:03
32.1%,1605000,6419.999999875835,-3531380.2872088756,577958.0336252127,312.3232208943766,220,1:28:59
32.1%,1607500,6429.999999875598,-3528527.3119994514,573168.4911884665,309.7349960866479,220,1:28:55
32.2%,1610000,6439.999999875362,-3531567.499403294,575943.3105540017,311.23448302380166,220,1:28:51
32.2%,1612500,6449.9999998751255,-3531231.7504013795,575556.7543484231,311.02559159542966,220,1:28:47
32.3%,1615000,6459.999999874889,-3527971.3267399855,574516.4340486126,310.46341204623195,220,1:28:43
32.4%,1617500,6469.9999998746525,-3531772.2630370893,577709.2018733752,312.1887544977298,220,1:28:39
32.4%,1620000,6479.999999874416,-3528624.2455416434,574455.0691305648,310.4302510072991,220,1:28:35
32.5%,1622500,6489.99999987418,-3533998.7121762894,577792.4782027755,312.23375626240704,220,1:28:31
32.5%,1625000,6499.999999873943,-3533652.155361699,576524.5156474657,311.548560926054,220,1:28:28
32.5%,1627500,6509.999999873707,-3529554.5508053713,576224.0544889439,311.3861944715303,220,1:28:24
32.6%,1630000,6519.99999987347,-3528904.9914186746,576047.1145441281,311.2905777480753,220,1:28:20
32.6%,1632500,6529.999999873234,-3528842.955919802,574119.056159778,310.24867267947457,220,1:28:16
32.7%,1635000,6539.999999872997,-3531877.243852254,575917.5909916174,311.2205844081643,220,1:28:12
32.8%,1637500,6549.999999872761,-3531117.721263215,575287.9273312751,310.8803199407864,220,1:28:08
32.8%,1640000,6559.999999872524,-3532459.6263563614,577453.2863678464,312.05046010555355,220,1:28:04
32.9%,1642500,6569.999999872288,-3531476.8929497153,575898.6031905105,311.21032357458404,220,1:28:00
32.9%,1645000,6579.999999872051,-3531310.5973553564,577721.5216146129,312.19541197290977,220,1:27:56
33.0%,1647500,6589.999999871815,-3528682.0417906772,576407.41416859,311.48528036081194,220,1:27:52
33.0%,1650000,6599.999999871578,-3530316.0431477614,576437.350012205,311.50145741615864,220,1:27:48
33.0%,1652500,6609.999999871342,-3531677.1283463314,574948.7096084864,310.69700979437096,220,1:27:44
33.1%,1655000,6619.9999998711055,-3531708.7346466333,575261.4091414608,310.86598975421015,220,1:27:40
33.1%,1657500,6629.999999870869,-3526829.8909740094,575104.2774557817,310.7810772323303,220,1:27:36
33.2%,1660000,6639.999999870633,-3530260.332538154,574185.3076294619,310.2844743660968,220,1:27:32
33.2%,1662500,6649.999999870396,-3533803.796421537,574608.790494275,310.51332062246325,220,1:27:28
33.3%,1665000,6659.99999987016,-3530503.884393934,577095.3309728913,311.8570242929433,220,1:27:24
33.4%,1667500,6669.999999869923,-3531931.124545574,575129.5555186339,310.7947372656695,220,1:27:20
33.4%,1670000,6679.999999869687,-3526551.2088520452,573437.1334455493,309.8801678986464,220,1:27:17
33.5%,1672500,6689.99999986945,-3528333.379884556,575150.4780362354,310.80604360230006,220,1:27:13
33.5%,1675000,6699.999999869214,-3529417.1294008084,575761.5248368392,311.1362476894112,220,1:27:09
33.5%,1677500,6709.999999868977,-3529339.004557727,575925.1953595143,311.2246937388358,220,1:27:05
33.6%,1680000,6719.999999868741,-3531970.4824560694,575613.5877759348,311.05630385843534,220,1:27:01
33.6%,1682500,6729.999999868504,-3531886.824548995,576523.656478442,311.548096638993,220,1:26:57
33.7%,1685000,6739.999999868268,-3528918.94042976,573927.9256188117,310.14538748800237,220,1:26:53
33.8%,1687500,6749.999999868031,-3531292.357704876,574351.298302742,310.3741742036301,220,1:26:49
33.8%,1690000,6759.999999867795,-3531108.617593495,574903.6297347457,310.67264904403083,220,1:26:45
33.9%,1692500,6769.9999998675585,-3530851.1355987955,576528.2637578102,311.5505863705101,220,1:26:41
33.9%,1695000,6779.999999867322,-3525330.8196271937,577027.9371186052,311.82060527215896,220,1:26:37
34.0%,1697500,6789.9999998670855,-3529335.713528795,575785.8773948841,311.1494075884404,220,1:26:33
34.0%,1700000,6799.999999866849,-3532775.5857177656,574901.5802214926,310.67154150586504,220,1:26:29
34.0%,1702500,6809.999999866613,-3530728.9132935815,575376.8394299403,310.92836722348864,220,1:26:25
34.1%,1705000,6819.999999866376,-3530108.210805135,575875.8216774176,311.1980126538388,220,1:26:21
34.1%,1707500,6829.99999986614,-3535699.6341222823,574583.7523064006,310.49979021536205,220,1:26:17
34.2%,1710000,6839.999999865903,-3530361.239455888,574875.5606587853,310.6574807728045,220,1:26:13
34.2%,1712500,6849.999999865667,-3533876.122435471,575077.10679267,310.766394455168,220,1:26:10
34.3%,1715000,6859.99999986543,-3532192.8513506074,575721.4889235259,311.1146126490277,220,1:26:06
34.4%,1717500,6869.999999865194,-3528648.837502623,574479.3253105388,310.4433588245026,220,1:26:02
34.4%,1720000,6879.999999864957,-3528538.194889292,573783.197650734,310.0671778213592,220,1:25:58
34.5%,1722500,6889.999999864721,-3531606.7797881104,574054.6731786262,310.2138807069191,220,1:25:54
34.5%,1725000,6899.999999864484,-3529387.7758825608,576107.269036948,311.32308468431586,220,1:25:50
34.5%,1727500,6909.999999864248,-3529767.818972476,577489.7478174188,312.07016353851304,220,1:25:46
34.6%,1730000,6919.999999864011,-3531543.475045791,575208.940549548,310.8376362083321,220,1:25:42
34.6%,1732500,6929.999999863775,-3532814.6037392803,573900.1553503467,310.1303806896061,220,1:25:38
34.7%,1735000,6939.9999998635385,-3527574.5372090302,575093.0834425115,310.77502809021985,220,1:25:34
34.8%,1737500,6949.999999863302,-3529400.119761886,574872.318869611,310.6557289396653,220,1:25:30
34.8%,1740000,6959.999999863066,-3531623.868650174,576192.965996793,311.3693945354858,220,1:25:26
34.9%,1742500,6969.999999862829,-3529307.0937286094,576035.6786349097,311.28439788761284,220,1:25:22
34.9%,1745000,6979.999999862593,-3531276.1853726245,577401.8515811142,312.022665218514,220,1:25:18
35.0%,1747500,6989.999999862356,-3528088.09375781,575605.1766110063,311.0517585420471,220,1:25:14
35.0%,1750000,6999.99999986212,-3527390.024967931,576072.7538741659,311.3044330068884,220,1:25:10
35.0%,1752500,7009.999999861883,-3529859.163994953,573531.6737022697,309.9312565863455,220,1:25:07
35.1%,1755000,7019.999999861647,-3530706.798776742,575222.5217916574,310.8449753870139,220,1:25:03
35.1%,1757500,7029.99999986141,-3531321.041538287,574223.1534792052,310.30492591621226,220,1:24:59
35.2%,1760000,7039.999999861174,-3530141.80255205,574124.1552533555,310.2514281828798,220,1:24:55
35.2%,1762500,7049.999999860937,-3532014.9463372137,576195.9635679021,311.3710143954223,220,1:24:51
35.3%,1765000,7059.999999860701,-3531219.7601234633,577427.7035228321,312.0366353707292,220,1:24:47
35.4%,1767500,7069.999999860464,-3529050.2991651148,577242.0328969917,311.9363006673179,220,1:24:43
35.4%,1770000,7079.999999860228,-3526075.670436781,577419.8407745548,312.03238641366966,220,1:24:39
35.5%,1772500,7089.9999998599915,-3529510.0438533593,573801.1099780862,310.0768574787857,220,1:24:35
35.5%,1775000,7099.999999859755,-3531887.7161217183,577947.3869256536,312.31746751557614,220,1:24:31
35.5%,1777500,7109.9999998595185,-3532703.8822636884,577341.891848334,311.9902635288127,220,1:24:27
35.6%,1780000,7119.999999859282,-3532994.6458537243,576766.100227349,311.67911101744085,220,1:24:23
35.6%,1782500,7129.999999859046,-3528924.2497428134,575138.8982471908,310.79978599049906,220,1:24:19
35.7%,1785000,7139.999999858809,-3528042.3962587994,574449.3577818568,310.4271646468363,220,1:24:16
35.8%,1787500,7149.999999858573,-3529260.219890831,574436.9026511173,310.4204340084112,220,1:24:12
35.8%,1790000,7159.999999858336,-3530210.1443262286,574929.0340196104,310.68637728658797,220,1:24:08
35.9%,1792500,7169.9999998581,-3530119.9184054527,576965.3465614984,311.78678190911893,220,1:24:04
35.9%,1795000,7179.999999857863,-3529856.2268921025,574975.7186742907,310.71160524583036,220,1:24:00
36.0%,1797500,7189.999999857627,-3529698.3624714892,575261.1298560478,310.8658388309343,220,1:23:56
36.0%,1800000,7199.99999985739,-3526368.0922819357,577244.7194877926,311.9377524763478,220,1:23:52
36.0%,1802500,7209.999999857154,-3529280.274651872,576194.6096678063,311.3702827602272,220,1:23:48
36.1%,1805000,7219.999999856917,-3528023.8615582194,574789.312412655,310.6108730115819,220,1:23:44
36.1%,1807500,7229.999999856681,-3530617.2625058107,575802.293291779,311.15827858857153,220,1:23:40
36.2%,1810000,7239.999999856444,-3532153.514786871,575697.7240634395,311.10177033658556,220,1:23:37
36.2%,1812500,7249.999999856208,-3527103.395364752,575167.3368231166,310.81515393611807,220,1:23:33
36.3%,1815000,7259.9999998559715,-3529524.135967115,575583.3761868284,311.03997779275386,220,1:23:29
36.4%,1817500,7269.999999855735,-3530124.563230699,575388.7197828953,310.93478725727033,220,1:23:25
36.4%,1820000,7279.999999855499,-3528050.1237284485,575496.1795230228,310.99285751531755,220,1:23:21
36.5%,1822500,7289.999999855262,-3530353.2999151424,575547.1171146474,311.0203837226808,220,1:23:17
36.5%,1825000,7299.999999855026,-3527963.9878657516,579709.2691013208,313.2695724850135,220,1:23:13
36.5%,1827500,7309.999999854789,-3532018.933408713,576625.1129270705,311.60292277337066,220,1:23:09
36.6%,1830000,7319.999999854553,-3531481.9160261117,575324.0788043751,310.89985586530304,220,1:23:05
36.6%,1832500,7329.999999854316,-3532748.225680584,576389.9461559855,311.47584080700034,220,1:23:01
36.7%,1835000,7339.99999985408,-3530978.3765129857,577869.1077137442,312.27516614736214,220,1:22:57
36.8%,1837500,7349.999999853843,-3527018.7279243767,573668.1792346442,310.0050229241429,220,1:22:53
36.8%,1840000,7359.999999853607,-3531761.3495707773,574742.0697168161,310.5853434920152,220,1:22:49
36.9%,1842500,7369.99999985337,-3530316.30493683,577146.2947130657,311.88456463074306,220,1:22:45
36.9%,1845000,7379.999999853134,-3528405.9885966536,575102.1089067161,310.7799053683031,220,1:22:41
37.0%,1847500,7389.999999852897,-3531545.146046933,574274.3021750771,310.3325662023747,220,1:22:37
37.0%,1850000,7399.999999852661,-3532966.0951524936,574836.6927163505,310.63647689317224,220,1:22:34
37.0%,1852500,7409.9999998524245,-3531604.2686328012,575946.4254741761,311.2361662980968,220,1:22:30
37.1%,1855000,7419.999999852188,-3530868.819145741,577730.3432197428,312.20017908741863,220,1:22:26
37.1%,1857500,7429.9999998519515,-3531402.252083406,575748.2777029879,311.129089059768,220,1:22:22
37.2%,1860000,7439.999999851715,-3527378.5510204434,575128.7979247471,310.79432786888094,220,1:22:18
37.2%,1862500,7449.999999851479,-3529397.6263635177,575046.2235919863,310.7497054567496,220,1:22:14
37.3%,1865000,7459.999999851242,-3528900.1456048805,574961.6213672775,310.70398719040736,220,1:22:10
37.4%,1867500,7469.999999851006,-3532750.4222679604,576988.2713470762,311.799170253001,220,1:22:06
37.4%,1870000,7479.999999850769,-3533117.6406063084,574808.1814364931,310.62106965901535,220,1:22:02
37.5%,1872500,7489.999999850533,-3530915.3839572985,575746.7387030465,311.12825739831385,220,1:21:58
37.5%,1875000,7499.999999850296,-3530031.5583667215,573700.5971682292,310.02254127814604,220,1:21:54
37.5%,1877500,7509.99999985006,-3532009.81235967,574803.0137579186,310.61827709290674,220,1:21:50
37.6%,1880000,7519.999999849823,-3528886.7042921614,575149.2948448807,310.8054042165431,220,1:21:46
37.6%,1882500,7529.999999849587,-3531972.32226225,576538.4956885539,311.5561156120465,220,1:21:42
37.7%,1885000,7539.99999984935,-3527755.1621310767,574667.0642790208,310.54481124130854,220,1:21:38
37.8%,1887500,7549.999999849114,-3529089.674733864,574532.192040045,310.47192752028485,220,1:21:35
37.8%,1890000,7559.999999848877,-3529059.2354736235,576474.4668828674,311.5215150326643,220,1:21:31
37.9%,1892500,7569.999999848641,-3528176.0960047133,577734.4402371028,312.2023930780261,220,1:21:27
37.9%,1895000,7579.9999998484045,-3530958.2108428087,573842.8420221757,310.09940909268533,220,1:21:23
38.0%,1897500,7589.999999848168,-3530214.582012709,575672.4474495016,311.0881110862264,220,1:21:19
38.0%,1900000,7599.999999847932,-3531499.852297982,574976.3884473708,310.7119671850604,220,1:21:15
38.0%,1902500,7609.999999847695,-3528592.6623250637,573724.6346614887,310.0355309190547,220,1:21:11
38.1%,1905000,7619.999999847459,-3525615.725242907,572862.3649529244,309.5695682764572,220,1:21:07
38.1%,1907500,7629.999999847222,-3528250.559826754,577291.6439967357,311.9631100506341,220,1:21:03
38.2%,1910000,7639.999999846986,-3532784.269786533,577732.3516962738,312.2012644497162,220,1:20:59
38.2%,1912500,7649.999999846749,-3527604.0192829818,574500.0638423925,310.4545657369224,220,1:20:55
38.3%,1915000,7659.999999846513,-3528655.838190634,577636.2923085056,312.1493548375309,220,1:20:51
38.4%,1917500,7669.999999846276,-3529443.813914124,575085.0159112028,310.77066847028823,220,1:20:47
38.4%,1920000,7679.99999984604,-3529422.7173539028,575930.1115309511,311.2273503927939,220,1:20:43
38.5%,1922500,7689.999999845803,-3531765.4457567297,576506.3571096011,311.5387482187246,220,1:20:40
38.5%,1925000,7699.999999845567,-3530703.24770833,577014.0399981919,311.81309539573857,220,1:20:36
38.5%,1927500,7709.99999984533,-3531231.080234036,576096.7410458298,311.3173954544682,220,1:20:32
38.6%,1930000,7719.999999845094,-3530594.489848109,576996.2988928161,311.8035082650979,220,1:20:28
38.6%,1932500,7729.9999998448575,-3529999.7209754977,576367.6670685764,311.4638013924869,220,1:20:24
38.7%,1935000,7739.999999844621,-3531231.9304939415,576681.1062493937,311.63318105123705,220,1:20:20
38.8%,1937500,7749.999999844385,-3529916.285634268,574793.8415427157,310.6133205119298,220,1:20:16
38.8%,1940000,7759.999999844148,-3531400.4346023053,575022.5967040275,310.7369377031798,220,1:20:12
38.9%,1942500,7769.999999843912,-3532393.038372863,576294.6657124211,311.424352129119,220,1:20:08
38.9%,1945000,7779.999999843675,-3529597.5040207524,576250.4310214913,311.4004481078187,220,1:20:04
39.0%,1947500,7789.999999843439,-3526395.731253322,576335.1248301005,311.4462158652607,220,1:20:00
39.0%,1950000,7799.999999843202,-3528653.878827611,576400.4436577838,311.4815135606991,220,1:19:56
39.0%,1952500,7809.999999842966,-3531463.095069263,577454.128672134,312.05091527906575,220,1:19:52
39.1%,1955000,7819.999999842729,-3529508.7582992576,574857.3433226761,310.64763629144306,220,1:19:48
39.1%,1957500,7829.999999842493,-3528839.466896819,574767.1609283902,310.59890255263736,220,1:19:44
39.2%,1960000,7839.999999842256,-3529636.4583603796,576003.9451932971,311.26724942679414,220,1:19:40
39.2%,1962500,7849.99999984202,-3532490.799511194,577204.9227399349,311.91624667878307,220,1:19:36
39.3%,1965000,7859.999999841783,-3532712.208842097,576884.8304822467,311.74327175830757,220,1:19:32
39.4%,1967500,7869.999999841547,-3529868.5401489176,576226.4152978889,311.38747023103315,220,1:19:29
39.4%,1970000,7879.9999998413105,-3528783.0638908856,574651.7009726361,310.53650905143576,220,1:19:25
39.5%,1972500,7889.999999841074,-3529076.8480839133,573429.12550603,309.8758404815713,220,1:19:21
39.5%,1975000,7899.9999998408375,-3530573.3467316963,575769.8348563178,311.14073834772597,220,1:19:17
39.5%,1977500,7909.999999840601,-3530837.367750503,576235.1649727192,311.39219847506774,220,1:19:13
39.6%,1980000,7919.999999840365,-3529210.2388154436,575853.443197832,311.1859195287047,220,1:19:09
39.6%,1982500,7929.999999840128,-3530316.2982558366,575852.7026743568,311.18551935661003,220,1:19:05
39.7%,1985000,7939.999999839892,-3531787.291605072,577980.3689585128,312.33529070365375,220,1:19:01
39.8%,1987500,7949.999999839655,-3529332.4466081113,576063.7792596768,311.299583207525,220,1:18:57
39.8%,1990000,7959.999999839419,-3526801.3866463695,576512.4862790963,311.54206036570895,220,1:18:53
39.9%,1992500,7969.999999839182,-3529759.7073994875,574201.3299806477,310.2931326977359,220,1:18:49
39.9%,1995000,7979.999999838946,-3534929.826943511,574577.1035815577,310.49619730543276,220,1:18:45
40.0%,1997500,7989.999999838709,-3528515.1377237346,574995.6008438441,310.7223493879169,220,1:18:41
40.0%,2000000,7999.999999838473,-3530322.6427073125,577336.6269299558,311.9874184152059,220,1:18:37
40.0%,2002500,8009.999999838236,-3530942.3316125367,575808.6935631583,311.16173723652776,220,1:18:33
40.1%,2005000,8019.999999838,-3529849.1489640046,576862.5776102316,311.7312465103526,220,1:18:30
40.1%,2007500,8029.999999837763,-3527758.1645573694,575825.0359092581,311.17056849048373,220,1:18:26
40.2%,2010000,8039.999999837527,-3534582.0103901215,575303.3235186297,310.88863989923374,220,1:18:22
40.2%,2012500,8049.9999998372905,-3527744.7920182385,576351.0281906448,311.4548098954485,220,1:18:18
40.3%,2015000,8059.999999837054,-3532504.3399454,573845.9833929974,310.1011066606678,220,1:18:14
40.4%,2017500,8069.999999836818,-3530453.7074220777,574217.1632802698,310.3016888676439,220,1:18:10
40.4%,2020000,8079.999999836581,-3530173.707374666,576867.636089486,311.73398006615014,220,1:18:06
40.5%,2022500,8089.999999836345,-3528837.130250374,575222.6891483482,310.84506582503474,220,1:18:02
40.5%,2025000,8099.999999836108,-3529297.7335865945,575364.9122175381,310.9219218672914,220,1:17:58
40.5%,2027500,8109.999999835872,-3530893.380439136,576884.1249318143,311.7428904853245,220,1:17:54
40.6%,2030000,8119.999999835635,-3530139.7815489005,575084.8801721475,310.77059511814764,220,1:17:50
40.6%,2032500,8129.999999835399,-3528102.8059859425,577475.7249758863,312.06258572355296,220,1:17:46
40.7%,2035000,8139.999999835162,-3532366.8806445487,576430.2273620819,311.4976084013543,220,1:17:42
40.8%,2037500,8149.999999834926,-3529951.8165166453,576721.4827342655,311.65500013336737,220,1:17:38
40.8%,2040000,8159.999999834689,-3530883.239752909,574624.2466501517,310.5216729873499,220,1:17:34
40.9%,2042500,8169.999999834453,-3528597.8722099513,575957.3602871143,311.24207537072493,220,1:17:30
40.9%,2045000,8179.999999834216,-3529135.3486588355,577037.5055286523,311.8257759531961,220,1:17:27
41.0%,2047500,8189.99999983398,-3527376.3194612414,574884.8732627814,310.6625132185977,220,1:17:23
41.0%,2050000,8199.999999835562,-3531324.050661886,577129.8583178908,311.8756825535294,220,1:17:19
41.0%,2052500,8209.999999837599,-3530745.278530743,575324.6886423923,310.9001854161746,220,1:17:15
41.1%,2055000,8219.999999839636,-3527546.8845489956,573741.5651366467,310.04467999255996,220,1:17:11
41.1%,2057500,8229.999999841673,-3532422.513208721,575921.0930618196,311.22247689478394,220,1:17:07
41.2%,2060000,8239.99999984371,-3529778.053637231,574743.3177830353,310.586017935554,220,1:17:03
41.2%,2062500,8249.999999845748,-3529211.987090014,577167.0555026382,311.89578357103,220,1:16:59
41.3%,2065000,8259.999999847785,-3530483.772686057,573825.1166151023,310.0898304452633,220,1:16:55
41.4%,2067500,8269.999999849822,-3531374.366392873,574862.5134036513,310.650430155787,220,1:16:51
41.4%,2070000,8279.99999985186,-3534396.666186806,578227.0744476933,312.4686080874608,220,1:16:47
41.5%,2072500,8289.999999853897,-3530040.910619868,573757.5468518848,310.0533163649057,220,1:16:43
41.5%,2075000,8299.999999855934,-3529096.6215994973,574975.2994884935,310.7113787216699,220,1:16:39
41.5%,2077500,8309.999999857971,-3530843.793726772,575556.6810456978,311.0255519833092,220,1:16:35
41.6%,2080000,8319.999999860009,-3530917.526533222,577921.2446064317,312.30334044602097,220,1:16:31
41.6%,2082500,8329.999999862046,-3528560.5461515523,576200.8494750689,311.3736546948463,220,1:16:27
41.7%,2085000,8339.999999864083,-3530620.8486445323,575590.698772127,311.0439348506936,220,1:16:23
41.8%,2087500,8349.99999986612,-3527828.553389063,574142.2340023984,310.2611977730617,220,1:16:19
41.8%,2090000,8359.999999868158,-3530665.930617206,574383.5177045539,310.39158527288384,220,1:16:16
41.9%,2092500,8369.999999870195,-3527832.1886463743,574695.511920847,310.56018408605695,220,1:16:12
41.9%,2095000,8379.999999872232,-3530744.061457129,575393.0676484152,310.93713680392284,220,1:16:08
42.0%,2097500,8389.99999987427,-3526586.5085715204,576282.0106039043,311.417513424537,220,1:16:04
42.0%,2100000,8399.999999876307,-3528410.2360948455,577556.1729317104,312.1060590610888,220,1:16:00
42.0%,2102500,8409.999999878344,-3530254.370773429,575351.456708811,310.9146506337763,220,1:15:56
42.1%,2105000,8419.999999880381,-3531513.479340274,575781.8279617414,311.1472193119076,220,1:15:52
42.1%,2107500,8429.999999882419,-3529193.0765703116,576034.738131863,311.28388964839183,220,1:15:48
42.2%,2110000,8439.999999884456,-3525269.9716818426,576030.2417190135,311.28145982812475,220,1:15:44
42.2%,2112500,8449.999999886493,-3528317.3009256236,575818.3677499467,311.16696507834587,220,1:15:40
42.3%,2115000,8459.99999988853,-3529380.447118139,575755.2587487831,311.1328615528923,220,1:15:36
42.4%,2117500,8469.999999890568,-3531190.1214806214,573624.204964499,309.9812596318462,220,1:15:32
42.4%,2120000,8479.999999892605,-3529475.360342039,577504.2469197093,312.0779987204189,220,1:15:28
42.5%,2122500,8489.999999894642,-3530858.6346269827,574966.1012721992,310.7064080899417,220,1:15:25
42.5%,2125000,8499.99999989668,-3532589.4781341106,575428.3700685673,310.95621390801307,220,1:15:21
42.5%,2127500,8509.999999898717,-3532782.0698143262,577241.5534502625,311.93604157870243,220,1:15:17
42.6%,2130000,8519.999999900754,-3531029.8493099883,574486.0858015753,310.44701213185806,220,1:15:13
42.6%,2132500,8529.999999902791,-3528923.440213416,576893.8651251898,311.7481539964969,220,1:15:09
42.7%,2135000,8539.999999904829,-3530559.264830854,574888.8913329343,310.66468454685844,220,1:15:05
42.8%,2137500,8549.999999906866,-3529053.5281057693,576955.3771891047,311.7813945517069,220,1:15:01
42.8%,2140000,8559.999999908903,-3528773.373430485,575255.7580255305,310.86293594298803,220,1:14:57
42.9%,2142500,8569.99999991094,-3527379.833406631,576434.4986528318,311.49991656770334,220,1:14:53
42.9%,2145000,8579.999999912978,-3529882.2103043664,575908.2057761352,311.21551272378997,220,1:14:49
43.0%,2147500,8589.999999915015,-3528748.2116988283,574406.8186043843,310.4041768654587,220,1:14:45
43.0%,2150000,8599.999999917052,-3528180.710193446,575308.839711766,310.8916207994154,220,1:14:41
43.0%,2152500,8609.99999991909,-3529881.7422388084,576170.6913341468,311.35735751207363,220,1:14:37
43.1%,2155000,8619.999999921127,-3530564.7950921543,576951.1197961929,311.7790938956221,220,1:14:33
43.1%,2157500,8629.999999923164,-3533201.7855878714,574514.9416349143,310.4626055595563,220,1:14:29
43.2%,2160000,8639.999999925201,-3532491.3735847734,576327.1969580955,311.4419317159361,220,1:14:25
43.2%,2162500,8649.999999927239,-3533169.1556587648,577538.0153653768,312.0962468787659,220,1:14:21
43.3%,2165000,8659.999999929276,-3531134.883805182,576279.7171758843,311.4162740770681,220,1:14:18
43.4%,2167500,8669.999999931313,-3526848.9692842793,577128.8549020482,311.8751403168104,220,1:14:14
43.4%,2170000,8679.99999993335,-3530244.597414173,575502.3395299135,310.99618632654756,220,1:14:10
43.5%,2172500,8689.999999935388,-3531718.039751498,575771.2415854717,311.1414985312595,220,1:14:06
43.5%,2175000,8699.999999937425,-3532752.0329088364,574742.8231387655,310.58575063432704,220,1:14:02
43.5%,2177500,8709.999999939462,-3530575.8305428214,574530.5584325416,310.47104473377186,220,1:13:58
43.6%,2180000,8719.9999999415,-3531438.8534245417,577930.9528268608,312.3085866793064,220,1:13:54
43.6%,2182500,8729.999999943537,-3527695.2353023775,576019.4651077397,311.27563624622513,220,1:13:50
43.7%,2185000,8739.999999945574,-3531910.936135128,575118.0680205533,310.78852952705904,220,1:13:46
43.8%,2187500,8749.999999947611,-3532536.4365855753,575406.679696425,310.9444926298307,220,1:13:42
43.8%,2190000,8759.999999949649,-3534086.392019499,576367.8469295135,311.4638985876878,220,1:13:38
43.9%,2192500,8769.999999951686,-3530429.4574690927,575137.7544070682,310.7991678697871,220,1:13:34
43.9%,2195000,8779.999999953723,-3530504.5298641287,574911.9052729346,310.67712106897284,220,1:13:30
44.0%,2197500,8789.99999995576,-3534319.784474734,575822.7785212512,311.16934861870743,220,1:13:26
44.0%,2200000,8799.999999957798,-3533035.13206497,576362.7686804262,311.4611543484538,220,1:13:23
44.0%,2202500,8809.999999959835,-3529741.407878302,578738.7460889303,312.74511074982377,220,1:13:19
44.1%,2205000,8819.999999961872,-3533325.29884053,578140.0941527366,312.421604733766,220,1:13:15
44.1%,2207500,8829.99999996391,-3529740.929578092,577749.2231586841,312.21038163327387,220,1:13:11
44.2%,2210000,8839.999999965947,-3533138.930797862,573916.3971603407,310.13915761477256,220,1:13:07
44.2%,2212500,8849.999999967984,-3528875.3159889635,575195.5242151008,310.83038614423856,220,1:13:03
44.3%,2215000,8859.999999970021,-3527674.34347884,576117.194037924,311.32844806382076,220,1:12:59
44.4%,2217500,8869.999999972059,-3530824.1155279744,575073.8399483492,310.76462908245736,220,1:12:55
44.4%,2220000,8879.999999974096,-3530886.6823129933,575683.1100699261,311.0938730685164,220,1:12:51
44.5%,2222500,8889.999999976133,-3527502.8050222155,575829.1699465483,311.1728024863219,220,1:12:47
44.5%,2225000,8899.99999997817,-3536126.390771793,574215.1535154382,310.3006028091606,220,1:12:43
44.5%,2227500,8909.999999980208,-3530861.7708060164,578784.4441078254,312.7698055401363,220,1:12:39
44.6%,2230000,8919.999999982245,-3531715.0807716753,576365.9872193182,311.4628936173537,220,1:12:35
44.6%,2232500,8929.999999984282,-3528801.622547677,575525.5193472181,311.0087124872359,220,1:12:32
44.7%,2235000,8939.99999998632,-3527776.8525226843,576590.9414218593,311.5844568053428,220,1:12:28
44.8%,2237500,8949.999999988357,-3527417.3429826256,577748.7329135938,312.2101167093231,220,1:12:24
44.8%,2240000,8959.999999990394,-3528280.322222324,577184.5987570236,311.9052637848099,220,1:12:20
44.9%,2242500,8969.999999992431,-3532180.2686301637,574883.5596920478,310.6618033770201,220,1:12:16
44.9%,2245000,8979.999999994468,-3536751.966829248,575641.1553070266,311.07120109941434,220,1:12:12
45.0%,2247500,8989.999999996506,-3530566.7829324566,573594.2834418385,309.96509031541206,220,1:12:08
45.0%,2250000,8999.999999998543,-3528929.060900459,574802.4644270258,310.6179802395302,220,1:12:04
45.0%,2252500,9010.00000000058,-3534346.495341478,575025.7544105393,310.73864409881935,220,1:12:00
45.1%,2255000,9020.000000002618,-3530671.2521834373,577118.2875828478,311.86942983442776,220,1:11:56
45.1%,2257500,9030.000000004655,-3529422.4428119883,574851.9499848622,310.6447217811509,220,1:11:52
45.2%,2260000,9040.000000006692,-3531342.4449427314,575083.7924628971,310.77000733004417,220,1:11:49
45.2%,2262500,9050.00000000873,-3530387.114237223,576544.64779487,311.5594401538785,220,1:11:45
45.3%,2265000,9060.000000010767,-3530417.2384586204,576010.298904132,311.2706829138591,220,1:11:41
45.4%,2267500,9070.000000012804,-3528456.1718413755,577569.7163578734,312.11337780438,220,1:11:37
45.4%,2270000,9080.000000014841,-3529012.0583689976,575852.7775723934,311.18555983082217,220,1:11:33
45.5%,2272500,9090.000000016878,-3530251.031708371,576603.4477350092,311.5912151022731,220,1:11:29
45.5%,2275000,9100.000000018916,-3531134.016043421,575621.3891341267,311.0605196408556,220,1:11:25
45.5%,2277500,9110.000000020953,-3532709.795777511,578019.4833578572,312.3564277663397,220,1:11:21
45.6%,2280000,9120.00000002299,-3531425.3228396177,575286.5443295249,310.87957257932413,220,1:11:17
45.6%,2282500,9130.000000025027,-3529559.078414174,576686.4935797886,311.636092315175,220,1:11:13
45.7%,2285000,9140.000000027065,-3531759.7597316224,574270.9461913902,310.33075265956813,220,1:11:09
45.8%,2287500,9150.000000029102,-3528884.0983089134,576312.207869993,311.433831750191,220,1:11:05
45.8%,2290000,9160.00000003114,-3529293.246836474,576321.4684762524,311.4388360968842,220,1:11:01
45.9%,2292500,9170.000000033177,-3530415.2293131966,573555.5069287012,309.94413584333364,220,1:10:58
45.9%,2295000,9180.000000035214,-3532720.6999153197,575297.9117103997,310.8857154076982,220,1:10:54
46.0%,2297500,9190.000000037251,-3531609.193775788,573632.8430664653,309.98592758292847,220,1:10:50
46.0%,2300000,9200.000000039288,-3534266.8939281106,578059.1971383921,312.3778887291241,220,1:10:46
46.0%,2302500,9210.000000041326,-3529410.412182849,576940.9602213554,311.77360375455385,220,1:10:42
46.1%,2305000,9220.000000043363,-3526759.0348251667,577334.9191012506,311.9864955202362,220,1:10:38
46.1%,2307500,9230.0000000454,-3531181.1411675904,574363.8236647956,310.38094279441333,220,1:10:34
46.2%,2310000,9240.000000047437,-3531034.671586115,577297.6262866021,311.9663428252141,220,1:10:30
46.2%,2312500,9250.000000049475,-3532847.3809536844,576754.6053210415,311.67289927549257,220,1:10:26
46.3%,2315000,9260.000000051512,-3528786.305150861,575012.4448098369,310.73145171266265,220,1:10:22
46.4%,2317500,9270.00000005355,-3529536.0849744678,576318.2358188608,311.4370891984766,220,1:10:18
46.4%,2320000,9280.000000055586,-3530120.5665555075,575856.4723903963,311.1875564765856,220,1:10:14
46.5%,2322500,9290.000000057624,-3532461.5418390706,575835.4232643994,311.17618172193926,220,1:10:10
46.5%,2325000,9300.000000059661,-3531130.1262543257,575616.5411380506,311.0578998282373,220,1:10:06
46.5%,2327500,9310.000000061698,-3533146.168016948,575020.033490509,310.7355525661018,220,1:10:02
46.6%,2330000,9320.000000063736,-3534857.2843362875,575702.731369768,311.1044762390033,220,1:09:58
46.6%,2332500,9330.000000065773,-3527955.5590902604,574850.9146938776,310.64416231939754,220,1:09:54
46.7%,2335000,9340.00000006781,-3532441.58285746,576436.179971093,311.50082513667223,220,1:09:51
46.8%,2337500,9350.000000069847,-3534229.9866726305,575535.8191964971,311.01427843132603,220,1:09:47
46.8%,2340000,9360.000000071885,-3530833.4987632353,577854.0796654148,312.2670451278678,220,1:09:43
46.9%,2342500,9370.000000073922,-3530646.575477097,577454.9099150072,312.05133745554963,220,1:09:39
46.9%,2345000,9380.00000007596,-3529621.663015133,577297.890757963,311.96648574311206,220,1:09:35
47.0%,2347500,9390.000000077996,-3531495.3065155596,574808.4098615891,310.62119309784237,220,1:09:31
47.0%,2350000,9400.000000080034,-3528514.5433436316,576065.5921179962,311.30056285953503,220,1:09:27
47.0%,2352500,9410.000000082071,-3529358.5436323434,575540.2500946131,311.01667284803193,220,1:09:23
47.1%,2355000,9420.000000084108,-3528585.8067051973,576298.6697038333,311.4265158493574,220,1:09:19
47.1%,2357500,9430.000000086146,-3527773.3067905903,573494.9123448136,309.91139108591614,220,1:09:15
47.2%,2360000,9440.000000088183,-3532006.6940843556,575239.7962077309,310.85431032303563,220,1:09:11
47.2%,2362500,9450.00000009022,-3529321.2147324774,576367.38623474,311.46364963245725,220,1:09:07
47.3%,2365000,9460.000000092257,-3528564.3160281125,575634.8149007877,311.06777480203095,220,1:09:03
47.4%,2367500,9470.000000094295,-3530038.7355439886,578268.9106107815,312.4912159663125,220,1:08:59
47.4%,2370000,9480.000000096332,-3529425.566136943,574790.9954319382,310.61178249976746,220,1:08:55
47.5%,2372500,9490.00000009837,-3532121.8863562755,577223.8307257455,311.92646438090924,220,1:08:52
47.5%,2375000,9500.000000100406,-3529948.3030640353,574973.5293118586,310.71042213445077,220,1:08:48
47.5%,2377500,9510.000000102444,-3534207.847286403,575812.9654604993,311.1640457306731,220,1:08:44
47.6%,2380000,9520.000000104481,-3531652.3444770295,576120.5160153222,311.33024322994066,220,1:08:40
47.6%,2382500,9530.000000106518,-3531597.3044871893,575760.917848074,311.1359196782492,220,1:08:36
47.7%,2385000,9540.000000108555,-3532321.563222049,575953.9962070707,311.24025745272155,220,1:08:32
47.8%,2387500,9550.000000110593,-3529951.3825522065,578267.7665505952,312.49059772668005,220,1:08:28
47.8%,2390000,9560.00000011263,-3530611.5726861283,575426.7402472524,310.95533316752164,220,1:08:24
47.9%,2392500,9570.000000114667,-3531532.829670433,576222.647672669,311.38543424091733,220,1:08:20
47.9%,2395000,9580.000000116705,-3530224.06973649,577168.272390746,311.8964411662033,220,1:08:16
48.0%,2397500,9590.000000118742,-3529147.6335356925,575237.2745773953,310.85294765712825,220,1:08:12
48.0%,2400000,9600.000000120779,-3531106.330722045,572697.3819037045,309.480412949725,220,1:08:08
48.0%,2402500,9610.000000122816,-3530058.0801489856,575064.5837289843,310.75962710640175,220,1:08:04
48.1%,2405000,9620.000000124854,-3529551.5907399543,573456.4395645177,309.89060074827967,220,1:08:00
48.1%,2407500,9630.00000012689,-3534897.816014994,574979.0663352029,310.71341429108577,220,1:07:57
48.2%,2410000,9640.000000128928,-3529313.059684327,577725.0147617944,312.19729963761085,220,1:07:53
48.2%,2412500,9650.000000130965,-3531601.099719638,576163.4830203428,311.3534622054017,220,1:07:49
48.3%,2415000,9660.000000133003,-3532806.685919095,576183.0743226991,311.36404916552243,220,1:07:45
48.4%,2417500,9670.00000013504,-3529013.530716615,576542.724073868,311.55840059269156,220,1:07:41
48.4%,2420000,9680.000000137077,-3526532.294002656,576826.894434648,311.7119636495191,220,1:07:37
48.5%,2422500,9690.000000139114,-3529124.70625709,576107.09761523,311.32299204959156,220,1:07:33
48.5%,2425000,9700.000000141152,-3528543.824635932,573748.0560851108,310.0481876415812,220,1:07:29
48.5%,2427500,9710.000000143189,-3531777.4249981623,576000.1317754133,311.2651886907427,220,1:07:25
48.6%,2430000,9720.000000145226,-3534324.279624583,575604.8716999061,311.0515937708849,220,1:07:21
48.6%,2432500,9730.000000147264,-3530469.3981374335,574432.1936636651,310.41788931477834,220,1:07:17
48.7%,2435000,9740.0000001493,-3530939.304457031,575822.919993435,311.16942506897817,220,1:07:13
48.8%,2437500,9750.000000151338,-3531526.6252268944,573250.140243961,309.7791184874303,220,1:07:09
48.8%,2440000,9760.000000153375,-3530459.022264866,577683.0289002492,312.1746108630859,220,1:07:05
48.9%,2442500,9770.000000155413,-3530804.033081772,575045.0528969625,310.74907282389523,220,1:07:01
48.9%,2445000,9780.00000015745,-3528424.262944849,575837.830710076,311.17748268350414,220,1:06:57
49.0%,2447500,9790.000000159487,-3528606.785713736,574478.5363458932,310.44293247524377,220,1:06:54
49.0%,2450000,9800.000000161524,-3528103.9556175563,574750.1527984289,310.58971151518847,220,1:06:50
49.0%,2452500,9810.000000163562,-3527826.4903828856,576722.4195894729,311.65550640132955,220,1:06:46
49.1%,2455000,9820.000000165599,-3528713.902914688,575846.0808534021,311.18194098529517,220,1:06:42
49.1%,2457500,9830.000000167636,-3532842.9019641597,575649.2812426055,311.0755922804779,220,1:06:38
49.2%,2460000,9840.000000169674,-3531063.2494104095,575826.7105166691,311.1714734329708,220,1:06:34
49.2%,2462500,9850.00000017171,-3534505.992425805,576514.2086943056,311.54299114309174,220,1:06:30
49.3%,2465000,9860.000000173748,-3527500.9325228725,577064.7135931067,311.84047894170095,220,1:06:26
49.4%,2467500,9870.000000175785,-3531295.615337381,576697.7952582886,311.6421996385883,220,1:06:22
49.4%,2470000,9880.000000177823,-3533708.1006063893,573645.3553781981,309.99268912143793,220,1:06:18
49.5%,2472500,9890.00000017986,-3530161.1252676584,574297.3894163752,310.3450423358381,220,1:06:14
49.5%,2475000,9900.000000181897,-3528762.608054992,575322.3213842649,310.89890617159284,220,1:06:10
49.5%,2477500,9910.000000183934,-3528979.3005028926,579386.8237759776,313.0953259883573,220,1:06:06
49.6%,2480000,9920.000000185972,-3531521.713787254,573127.1627025076,309.712662551861,220,1:06:02
49.6%,2482500,9930.000000188009,-3531926.242288567,576237.0494756633,311.39321684317594,220,1:05:58
49.7%,2485000,9940.000000190046,-3528541.895182574,576609.6937326132,311.594590382096,220,1:05:54
49.8%,2487500,9950.000000192083,-3533211.4762572385,574085.1884490711,310.23037087921074,220,1:05:50
49.8%,2490000,9960.00000019412,-3526928.417668402,574059.0979736478,310.21627182556875,220,1:05:47
49.9%,2492500,9970.000000196158,-3531529.2677871566,575110.0243322242,310.7841827916549,220,1:05:43
49.9%,2495000,9980.000000198195,-3531570.027372403,573645.8549339962,309.99295907680977,220,1:05:39
50.0%,2497500,9990.000000200233,-3530211.6233763285,576846.6289724289,311.7226280127496,220,1:05:35
50.0%,2500000,10000.00000020227,-3527696.707318673,576986.3224305997,311.79811707641073,220,1:05:31
50.0%,2502500,10010.000000204307,-3529870.1070536748,577535.3277805487,312.09479453257273,220,1:05:27
50.1%,2505000,10020.000000206344,-3530610.6098450255,576311.6015790775,311.4335041161406,220,1:05:23
50.1%,2507500,10030.000000208382,-3527844.423800472,575843.7627269626,311.18068829102685,220,1:05:19
50.2%,2510000,10040.000000210419,-3532452.31808101,575179.9821260059,310.82198734182884,220,1:05:15
50.2%,2512500,10050.000000212456,-3529231.9316817,576164.4140082395,311.35396530272294,220,1:05:11
50.3%,2515000,10060.000000214493,-3530241.4386757948,577503.9760699954,312.07785235571754,220,1:05:07
50.4%,2517500,10070.00000021653,-3531852.3217243385,572574.3479928717,309.4139265526599,220,1:05:03
50.4%,2520000,10080.000000218568,-3531604.2718462385,575171.5977435249,310.81745649842964,220,1:04:59
50.5%,2522500,10090.000000220605,-3528503.298523348,575990.428444901,311.25994509992347,220,1:04:55
50.5%,2525000,10100.000000222642,-3528331.6698461846,573215.2740764592,309.76027713027145,220,1:04:52
50.5%,2527500,10110.00000022468,-3528727.720270086,576901.127438854,311.7520784841981,220,1:04:48
50.6%,2530000,10120.000000226717,-3527693.1292837765,575997.8887772398,311.2639765951004,220,1:04:44
50.6%,2532500,10130.000000228754,-3530595.9025372546,574604.781387931,310.51115413816257,220,1:04:40
50.7%,2535000,10140.000000230792,-3528484.884415634,576878.4426237259,311.73981981814626,220,1:04:36
50.8%,2537500,10150.000000232829,-3529260.505609503,573928.8936099471,310.1459105815344,220,1:04:32
50.8%,2540000,10160.000000234866,-3529812.923568107,575632.2341112881,311.0663801670539,220,1:04:28
50.9%,2542500,10170.000000236903,-3529788.574040111,575212.7134529799,310.83967505074526,220,1:04:24
50.9%,2545000,10180.00000023894,-3530351.996375004,575281.1081286215,310.87663490621156,220,1:04:20
51.0%,2547500,10190.000000240978,-3529642.782107232,575539.6197027632,311.0163321900576,220,1:04:16
51.0%,2550000,10200.000000243015,-3529588.2226616144,576811.4841238292,311.70363605888116,220,1:04:12
51.0%,2552500,10210.000000245052,-3531672.1465435326,574771.4231308459,310.60120580775555,220,1:04:08
51.1%,2555000,10220.00000024709,-3534488.937798444,577169.683230286,311.89720357095183,220,1:04:04
51.1%,2557500,10230.000000249127,-3529619.5734046735,575723.7622240616,311.1158411197887,220,1:04:00
51.2%,2560000,10240.000000251164,-3530603.5897373725,576876.9809958339,311.739029967838,220,1:03:56
51.2%,2562500,10250.000000253202,-3530861.871007832,575453.4253709908,310.96975356365954,220,1:03:52
51.3%,2565000,10260.000000255239,-3532458.252732111,574642.5021072566,310.53153806894784,220,1:03:48
51.4%,2567500,10270.000000257276,-3529399.406256793,575479.8402690842,310.9840279323371,220,1:03:45
51.4%,2570000,10280.000000259313,-3532221.0541000385,575210.6051470886,310.83853574157695,220,1:03:41
51.5%,2572500,10290.00000026135,-3531165.743931908,574732.3989282514,310.580117486566,220,1:03:37
51.5%,2575000,10300.000000263388,-3530588.2261543535,577063.0089647148,311.83955777615125,220,1:03:33
51.5%,2577500,10310.000000265425,-3529285.8509629723,574784.8225777342,310.60844674596717,220,1:03:29
51.6%,2580000,10320.000000267462,-3529511.4586663228,575897.3958949791,311.20967116315103,220,1:03:25
51.6%,2582500,10330.0000002695,-3528153.141967017,575657.4895637421,311.08002798194127,220,1:03:21
51.7%,2585000,10340.000000271537,-3533228.3869472966,577402.1714539363,312.0228380748535,220,1:03:17
51.8%,2587500,10350.000000273574,-3533907.0893935617,576707.862122085,311.6476396794602,220,1:03:13
51.8%,2590000,10360.000000275611,-3533511.8212674353,574520.184691611,310.465438859311,220,1:03:09
51.9%,2592500,10370.000000277649,-3529411.197841948,576387.653339606,311.4746017900564,220,1:03:05
51.9%,2595000,10380.000000279686,-3534587.31701847,576047.6583013886,311.29087158951205,220,1:03:01
52.0%,2597500,10390.000000281723,-3528606.0213188995,574438.4676636709,310.4212797268424,220,1:02:57
52.0%,2600000,10400.00000028376,-3529011.336402947,575361.4664092506,310.9200597840945,220,1:02:53
52.0%,2602500,10410.000000285798,-3525941.7171455454,573457.0397585728,309.89092508764264,220,1:02:49
52.1%,2605000,10420.000000287835,-3529954.3901383933,575057.4265625846,310.755759439318,220,1:02:45
52.1%,2607500,10430.000000289872,-3527599.600510072,575798.3957577299,311.15617239691585,220,1:02:42
52.2%,2610000,10440.00000029191,-3530528.035744833,575011.483725122,310.7309323512968,220,1:02:38
52.2%,2612500,10450.000000293947,-3528153.5820854176,575259.5734795164,310.86499777933034,220,1:02:34
52.3%,2615000,10460.000000295984,-3529847.6300068256,575627.8716232849,311.0640227185456,220,1:02:30
52.4%,2617500,10470.000000298021,-3529483.7430326417,574597.2313818547,310.50707418412037,220,1:02:26
52.4%,2620000,10480.000000300059,-3529925.9556120764,575268.3215418371,310.8697251519796,220,1:02:22
52.5%,2622500,10490.000000302096,-3534212.123049915,578856.3193294147,312.80864625071257,220,1:02:18
52.5%,2625000,10500.000000304133,-3530260.3817701116,574277.8696939187,310.3344940568388,220,1:02:14
52.5%,2627500,10510.00000030617,-3531098.759409547,577213.9346904564,311.921116654196,220,1:02:10
52.6%,2630000,10520.000000308208,-3530586.050961636,574544.7044209148,310.4786890961553,220,1:02:06
52.6%,2632500,10530.000000310245,-3530821.672956491,576175.2434541277,311.35981743596363,220,1:02:02
52.7%,2635000,10540.000000312282,-3530527.699637659,576325.9940883003,311.44128169613026,220,1:01:58
52.8%,2637500,10550.00000031432,-3529077.9349392224,575944.7645930415,311.2352687731636,220,1:01:54
52.8%,2640000,10560.000000316357,-3528653.2102629878,577769.0944012235,312.22111987050215,220,1:01:50
52.9%,2642500,10570.000000318394,-3530447.4125268813,575764.5120456055,311.13786194963274,220,1:01:46
52.9%,2645000,10580.000000320431,-3531496.8262059633,577131.5183653275,311.8765796279398,220,1:01:43
53.0%,2647500,10590.000000322469,-3530878.8984190356,576293.118807505,311.423516195889,220,1:01:39
53.0%,2650000,10600.000000324506,-3530561.1914421916,574546.91545562,310.47988391903255,220,1:01:35
53.0%,2652500,10610.000000326543,-3529993.0266928542,576407.0285481978,311.48507197508854,220,1:01:31
53.1%,2655000,10620.00000032858,-3530012.014250925,575305.6389362529,310.88989112968255,220,1:01:27
53.1%,2657500,10630.000000330618,-3530155.4932348114,574488.0759499285,310.4480875897763,220,1:01:23
53.2%,2660000,10640.000000332655,-3530964.5116811227,575823.53918927,311.1697596767287,220,1:01:19
53.2%,2662500,10650.000000334692,-3531780.126949087,576434.9304298353,311.5001498960362,220,1:01:15
53.3%,2665000,10660.00000033673,-3531709.169829704,577478.6118228862,312.06414574919626,220,1:01:11
53.4%,2667500,10670.000000338767,-3530445.449042937,575469.4965036644,310.9784382563673,220,1:01:07
53.4%,2670000,10680.000000340804,-3528825.764083961,576880.9746322609,311.7411880923374,220,1:01:03
53.5%,2672500,10690.000000342841,-3528235.9929281697,576583.2595091568,311.58030557016946,220,1:00:59
53.5%,2675000,10700.000000344879,-3530718.5103440415,574454.3186037863,310.4298454295111,220,1:00:55
53.5%,2677500,10710.000000346916,-3531474.5178242046,575066.117178017,310.7604557681957,220,1:00:51
53.6%,2680000,10720.000000348953,-3529888.794807989,575694.1458717454,311.09983671460975,220,1:00:47
53.6%,2682500,10730.00000035099,-3533440.8319166135,576976.0220633439,311.7925508524108,220,1:00:44
53.7%,2685000,10740.000000353028,-3531198.791700572,577198.6882258974,311.91287760457425,220,1:00:40
53.8%,2687500,10750.000000355065,-3529427.9125315156,576112.0757875061,311.3256822082345,220,1:00:36
53.8%,2690000,10760.000000357102,-3530813.158456873,576359.4094363693,311.45933904377324,220,1:00:32
53.9%,2692500,10770.00000035914,-3530521.5799288955,577680.0256411459,312.17298792940943,220,1:00:28
53.9%,2695000,10780.000000361177,-3531151.5169952195,575231.6017172232,310.8498820955173,220,1:00:24
54.0%,2697500,10790.000000363214,-3531434.0035881307,576742.8079441562,311.666524081218,220,1:00:20
54.0%,2700000,10800.000000365251,-3531797.03823662,574942.3848355368,310.69359194507376,220,1:00:16
54.0%,2702500,10810.000000367289,-3529453.6637108047,576277.246963985,311.4149391972122,220,1:00:12
54.1%,2705000,10820.000000369326,-3528377.5903435256,575319.2117041468,310.897225728976,220,1:00:08
54.1%,2707500,10830.000000371363,-3530721.4378167707,572858.9775944054,309.5677377789791,220,1:00:04
54.2%,2710000,10840.0000003734,-3532300.375072345,575720.1307802398,311.1138787208515,220,1:00:00
54.2%,2712500,10850.000000375438,-3532288.2327426504,574800.5523129756,310.6169469506336,220,59:56
54.3%,2715000,10860.000000377475,-3529493.018336339,575621.4429661692,311.0605487311977,220,59:52
54.4%,2717500,10870.000000379512,-3530084.817170266,575289.2111324013,310.8810136951412,220,59:49
54.4%,2720000,10880.00000038155,-3530658.155528538,575977.5802553648,311.2530020561294,220,59:45
54.5%,2722500,10890.000000383587,-3531392.115602052,575024.3673129786,310.73789452401866,220,59:41
54.5%,2725000,10900.000000385624,-3530088.211755829,575342.2165848862,310.90965735554886,220,59:37
54.5%,2727500,10910.000000387661,-3530572.7117546163,576401.3219943568,311.48198820572793,220,59:33
54.6%,2730000,10920.000000389698,-3529369.5857933816,576550.9997962222,311.5628727171548,220,59:29
54.6%,2732500,10930.000000391736,-3528625.446785303,575461.8115883372,310.9742853986032,220,59:25
54.7%,2735000,10940.000000393773,-3531025.48708418,576091.4760997244,311.3145503258779,220,59:21
54.8%,2737500,10950.00000039581,-3526705.5318497065,574794.3058173879,310.6135714017048,220,59:17
54.8%,2740000,10960.000000397848,-3530145.4991768003,577716.026616289,312.1924425262104,220,59:13
54.9%,2742500,10970.000000399885,-3529957.220321737,574356.0597014687,310.37674721983507,220,59:09
54.9%,2745000,10980.000000401922,-3530936.9188029896,576668.7794278971,311.62651974995003,220,59:05
55.0%,2747500,10990.00000040396,-3530229.6254370473,577153.4382846251,311.8884249512998,220,59:01
55.0%,2750000,11000.000000405997,-3534230.0615573637,576742.3056512458,311.6662526467357,220,58:57
55.0%,2752500,11010.000000408034,-3531670.449567547,576909.7168792384,311.7567201390077,220,58:54
55.1%,2755000,11020.000000410071,-3532319.8867887054,576206.6259400223,311.37677624353097,220,58:50
55.1%,2757500,11030.000000412108,-3530224.931163566,573453.2634711777,309.88888441656684,220,58:46
55.2%,2760000,11040.000000414146,-3533055.3866764605,575871.2305600137,311.19553165609904,220,58:42
55.2%,2762500,11050.000000416183,-3529103.263393469,575414.948409614,310.9489609666053,220,58:38
55.3%,2765000,11060.00000041822,-3528900.5751327667,575012.600522725,310.73153585847933,220,58:34
55.4%,2767500,11070.000000420257,-3530600.6129189637,576618.7907609498,311.59950633277987,220,58:30
55.4%,2770000,11080.000000422295,-3533725.0742047,574411.6317802877,310.40677786157505,220,58:26
55.5%,2772500,11090.000000424332,-3528200.574358629,575981.8649598516,311.2553174711389,220,58:22
55.5%,2775000,11100.00000042637,-3531680.2739551067,574942.0895542344,310.693432377766,220,58:18
55.5%,2777500,11110.000000428407,-3530346.2269139737,574076.0470968911,310.2254309763283,220,58:14
55.6%,2780000,11120.000000430444,-3529646.959262889,575664.9033749913,311.08403433754796,220,58:10
55.6%,2782500,11130.000000432481,-3531304.6986965425,574866.3259268843,310.6524904083773,220,58:06
55.7%,2785000,11140.000000434518,-3531865.70676996,575755.715374215,311.13310830908796,220,58:02
55.8%,2787500,11150.000000436556,-3530247.958821006,575432.393905475,310.95838835257524,220,57:58
55.8%,2790000,11160.000000438593,-3531416.043003492,574491.6972036781,310.450044482092,220,57:54
55.9%,2792500,11170.00000044063,-3533018.476995671,575067.4104690404,310.7611546508039,220,57:51
55.9%,2795000,11180.000000442667,-3529948.075696584,574741.1753711323,310.58486019580977,220,57:47
56.0%,2797500,11190.000000444705,-3527726.4753854442,575299.6452406921,310.8866521915699,220,57:43
56.0%,2800000,11200.000000446742,-3529711.8728697896,574025.175968504,310.1979406850892,220,57:39
56.0%,2802500,11210.00000044878,-3531743.3437061105,575399.4267856061,310.94057322334083,220,57:35
56.1%,2805000,11220.000000450817,-3533503.9972266965,572855.1120053504,309.5656488501052,220,57:31
56.1%,2807500,11230.000000452854,-3530164.520920111,574907.9993406151,310.6750103389689,220,57:27
56.2%,2810000,11240.000000454891,-3530653.205703987,576202.232622502,311.37440213503436,220,57:23
56.2%,2812500,11250.000000456928,-3530705.9921257813,574096.4476996716,310.23645527497615,220,57:19
56.3%,2815000,11260.000000458966,-3533229.4260428455,575133.7953771818,310.7970284463449,220,57:15
56.4%,2817500,11270.000000461003,-3533777.047132142,577351.0635366627,311.9952198250717,220,57:11
56.4%,2820000,11280.00000046304,-3529129.3884961344,574432.251664936,310.4179206581332,220,57:07
56.5%,2822500,11290.000000465077,-3526400.622817345,575471.8306191128,310.9796995909494,220,57:03
56.5%,2825000,11300.000000467115,-3527042.914124485,577346.6213181585,311.9928192909317,220,56:59
56.5%,2827500,11310.000000469152,-3532541.0040054433,575975.5964044237,311.25193000127484,220,56:56
56.6%,2830000,11320.00000047119,-3530881.2190066967,575628.5728063568,311.064401631447,220,56:52
56.6%,2832500,11330.000000473226,-3531360.401439555,577621.436586493,312.1413269415977,220,56:48
56.7%,2835000,11340.000000475264,-3531266.0297998264,574714.0048233496,310.5701774809702,220,56:44
56.8%,2837500,11350.000000477301,-3531482.362270355,578548.8932119934,312.64251599627556,220,56:40
56.8%,2840000,11360.000000479338,-3530449.0287448354,575733.5087762255,311.121108067192,220,56:36
56.9%,2842500,11370.000000481376,-3526323.6369356625,576678.5338509558,311.63179095071274,220,56:32
56.9%,2845000,11380.000000483413,-3529954.528313311,577979.8454356702,312.33500779671084,220,56:28
57.0%,2847500,11390.00000048545,-3532869.7477297075,575536.4347966745,311.0146110960162,220,56:24
57.0%,2850000,11400.000000487487,-3529800.058343768,572445.6543394609,309.3443816826115,220,56:20
57.0%,2852500,11410.000000489525,-3532455.977608232,576181.0879404098,311.36297574275045,220,56:16
57.1%,2855000,11420.000000491562,-3529277.087161148,575356.5487600754,310.91740233158015,220,56:12
57.1%,2857500,11430.0000004936,-3532788.2523629013,572527.6247955133,309.3886777653079,220,56:08
57.2%,2860000,11440.000000495636,-3532360.233924363,575459.0998526037,310.97282000148226,220,56:04
57.2%,2862500,11450.000000497674,-3530514.5236806124,575518.9014418075,311.00513623184514,220,56:00
57.3%,2865000,11460.000000499711,-3531860.1170336828,575397.246704666,310.93939512759437,220,55:56
57.4%,2867500,11470.000000501748,-3533031.557879828,576463.1813177522,311.5154164167764,220,55:53
57.4%,2870000,11480.000000503785,-3530399.66543244,575325.578762888,310.9006664291272,220,55:49
57.5%,2872500,11490.000000505823,-3528177.9239846524,575589.841947301,311.04347183041557,220,55:45
57.5%,2875000,11500.00000050786,-3529229.666814616,577150.9049092398,311.88705593847527,220,55:41
57.5%,2877500,11510.000000509897,-3532611.677714158,574857.8444886736,310.64790711695184,220,55:37
57.6%,2880000,11520.000000511935,-3530787.4631958175,575989.6369001892,311.25951735642053,220,55:33
57.6%,2882500,11530.000000513972,-3532082.885677075,575643.2178272542,311.0723156664299,220,55:29
57.7%,2885000,11540.00000051601,-3531505.6815221887,577196.6794925581,311.9117921034999,220,55:25
57.8%,2887500,11550.000000518046,-3530389.5693781786,575206.8962530531,310.8365314892545,220,55:21
57.8%,2890000,11560.000000520084,-3529254.9990999177,575231.5320700633,310.8498444588308,220,55:17
57.9%,2892500,11570.00000052212,-3531255.156838743,575231.2649806521,310.8497001261625,220,55:13
57.9%,2895000,11580.000000524158,-3528668.4726104457,577366.2883880222,312.00344719511855,220,55:09
58.0%,2897500,11590.000000526195,-3532503.686334433,579018.1080886982,312.89607541245806,220,55:05
58.0%,2900000,11600.000000528233,-3529772.8684161715,575275.9587659362,310.87385223784145,220,55:01
58.0%,2902500,11610.00000053027,-3532065.54671748,573870.7280472191,310.114478444875,220,54:58
58.1%,2905000,11620.000000532307,-3533172.77125586,575051.2780506329,310.7524368398476,220,54:54
58.1%,2907500,11630.000000534345,-3533132.3440239746,576086.486119488,311.3118537863215,220,54:50
58.2%,2910000,11640.000000536382,-3526701.38275145,575845.1705226816,311.1814490509224,220,54:46
58.2%,2912500,11650.000000538419,-3529607.906191658,575917.1550911579,311.22034885155364,220,54:42
58.3%,2915000,11660.000000540456,-3529667.537493687,575358.7728927061,310.91860423245623,220,54:38
58.4%,2917500,11670.000000542494,-3529772.05487244,574797.3639245983,310.6152239747953,220,54:34
58.4%,2920000,11680.00000054453,-3530755.809580786,575647.0853915078,311.074405662683,220,54:30
58.5%,2922500,11690.000000546568,-3528948.4846954998,574778.916637385,310.6052552299661,220,54:26
58.5%,2925000,11700.000000548605,-3531807.1724161524,576639.4774442337,311.6106852267081,220,54:22
58.5%,2927500,11710.000000550643,-3532005.9385551587,575529.3992880224,311.01080917166354,220,54:18
58.6%,2930000,11720.00000055268,-3534670.457703272,576874.7417368738,311.73781989283236,220,54:14
58.6%,2932500,11730.000000554717,-3528967.5070742574,572286.5265777789,309.25839049956573,220,54:10
58.7%,2935000,11740.000000556754,-3531175.1283431724,574925.8385722088,310.68465049611774,220,54:06
58.8%,2937500,11750.000000558792,-3527707.4796750154,573193.0848553327,309.7482862786729,220,54:03
58.8%,2940000,11760.000000560829,-3531608.2452271488,575843.7749182349,311.1806948790786,220,53:59
58.9%,2942500,11770.000000562866,-3531338.5695955437,575478.4936955078,310.9833002563259,220,53:55
58.9%,2945000,11780.000000564904,-3530449.084665658,575341.5572221477,310.90930104197207,220,53:51
59.0%,2947500,11790.00000056694,-3526101.747279398,574253.3659195465,310.32125244189314,220,53:47
59.0%,2950000,11800.000000568978,-3528494.448013654,575592.2727398395,311.04478540841046,220,53:43
59.0%,2952500,11810.000000571015,-3532974.178513646,572463.780650898,309.354176975075,220,53:39
59.1%,2955000,11820.000000573053,-3530337.946687946,576391.9668811403,311.4769327883418,220,53:35
59.1%,2957500,11830.00000057509,-3529115.7399504427,575530.6120966325,311.0114645623137,220,53:31
59.2%,2960000,11840.000000577127,-3531176.0402091146,574144.6436558428,310.26249992768396,220,53:27
59.2%,2962500,11850.000000579164,-3531451.2058219854,574998.1593966279,310.7237320063767,220,53:23
59.3%,2965000,11860.000000581202,-3532569.107717477,578384.8942971202,312.5538924867188,220,53:19
59.4%,2967500,11870.000000583239,-3531334.375337189,574309.3903815916,310.3515275473797,220,53:15
59.4%,2970000,11880.000000585276,-3527499.2822821494,572944.8487263441,309.6141417511511,220,53:11
59.5%,2972500,11890.000000587313,-3528872.0499669127,575445.6096047049,310.9655299952373,220,53:07
59.5%,2975000,11900.00000058935,-3531618.460191533,575196.0272414163,310.83065797504617,220,53:04
59.5%,2977500,11910.000000591388,-3529488.1166960597,577392.4745285755,312.01759794531944,220,53:00
59.6%,2980000,11920.000000593425,-3529076.3195169102,576533.3949180895,311.5533592024669,220,52:56
59.6%,2982500,11930.000000595463,-3531154.416522458,574625.6145462159,310.522412185838,220,52:52
59.7%,2985000,11940.0000005975,-3534163.7001912706,576042.4235888876,311.2880427988843,220,52:48
59.8%,2987500,11950.000000599537,-3533089.884997761,577223.0142455254,311.9260231624863,220,52:44
59.8%,2990000,11960.000000601574,-3530258.454846762,575721.6962758969,311.1147247003473,220,52:40
59.9%,2992500,11970.000000603612,-3528606.965970665,574724.9887207646,310.5761130783995,220,52:36
59.9%,2995000,11980.000000605649,-3527985.491631618,574614.9548025805,310.5166517581384,220,52:32
60.0%,2997500,11990.000000607686,-3531001.0417745356,574660.2700501652,310.54113970234516,220,52:28
60.0%,3000000,12000.000000609723,-3531690.781733349,576426.6140524435,311.4956558019635,220,52:24
60.0%,3002500,12010.00000061176,-3532921.7162146587,575446.7355643543,310.96613845350566,220,52:20
60.1%,3005000,12020.000000613798,-3532192.0116059203,578805.7626593383,312.78132588986057,220,52:16
60.1%,3007500,12030.000000615835,-3531222.0131060705,577942.1689476656,312.3146477681258,220,52:12
60.2%,3010000,12040.000000617873,-3529637.5740711447,574922.9600434633,310.68309496558277,220,52:09
60.2%,3012500,12050.00000061991,-3532228.296650527,576948.3662558803,311.77760590769003,220,52:05
60.3%,3015000,12060.000000621947,-3530212.123256676,575444.802324086,310.9650937481945,220,52:01
60.4%,3017500,12070.000000623984,-3529135.6813362148,576361.2046796381,311.4603091767715,220,51:57
60.4%,3020000,12080.000000626022,-3532599.7603875995,575347.6716310843,310.91260521248586,220,51:53
60.5%,3022500,12090.000000628059,-3533333.6935974807,576239.1235112391,311.39433763298,220,51:49
60.5%,3025000,12100.000000630096,-3531368.5273695476,576474.9747777944,311.5217894944249,220,51:45
60.5%,3027500,12110.000000632133,-3528882.4698134754,574990.8686959393,310.7197921785878,220,51:41
60.6%,3030000,12120.00000063417,-3528875.4349227548,574698.3329149085,310.56170852537633,220,51:37
60.6%,3032500,12130.000000636208,-3528102.116384821,575553.6118599426,311.0238934234747,220,51:33
60.7%,3035000,12140.000000638245,-3529758.6515872087,575390.9186154024,310.9359754861916,220,51:29
60.8%,3037500,12150.000000640282,-3529716.1125104837,574235.0882654547,310.3113753652471,220,51:25
60.8%,3040000,12160.00000064232,-3529005.398967821,575248.3565334278,310.85893624453513,220,51:21
60.9%,3042500,12170.000000644357,-3532331.750776591,574833.5659413728,310.63478721265005,220,51:17
60.9%,3045000,12180.000000646394,-3530256.1761154234,576414.9366351652,311.48934543276033,220,51:13
61.0%,3047500,12190.000000648432,-3532515.037884066,578637.1712590395,312.6902206432977,220,51:10
61.0%,3050000,12200.000000650469,-3531271.6075526904,575053.1239047905,310.75343432250594,220,51:06
61.0%,3052500,12210.000000652506,-3534860.495381683,574803.7654367522,310.6186832932548,220,51:02
61.1%,3055000,12220.000000654543,-3532294.4818789866,575135.7650303608,310.798092828859,220,50:58
61.1%,3057500,12230.00000065658,-3530224.056171568,576723.4361434542,311.65605573777816,220,50:54
61.2%,3060000,12240.000000658618,-3531244.4394653384,573523.8785143273,309.92704413827147,220,50:50
61.2%,3062500,12250.000000660655,-3534204.1779469624,577094.1459627956,311.8563839243554,220,50:46
61.3%,3065000,12260.000000662692,-3529149.53150318,576897.4572811306,311.75009516462353,220,50:42
61.4%,3067500,12270.00000066473,-3527816.295023069,574129.1553669529,310.25413019841164,220,50:38
61.4%,3070000,12280.000000666767,-3530010.041334143,576384.2270088544,311.47275023234124,220,50:34
61.5%,3072500,12290.000000668804,-3528905.1841544453,575519.5025283735,311.0054610535128,220,50:30
61.5%,3075000,12300.000000670841,-3533391.09613025,575541.6660307855,311.0174380069539,220,50:26
61.5%,3077500,12310.000000672879,-3532231.8588054534,576349.1271516252,311.4537825913968,220,50:22
61.6%,3080000,12320.000000674916,-3530830.4017948247,575869.7383165401,311.1947252614114,220,50:18
61.6%,3082500,12330.000000676953,-3530031.9298081473,576120.3336218372,311.33014466617414,220,50:14
61.7%,3085000,12340.00000067899,-3525745.3804303184,576303.1484111457,311.42893610171456,220,50:10
61.8%,3087500,12350.000000681028,-3528178.0906460863,572953.649764789,309.61889775161205,220,50:07
61.8%,3090000,12360.000000683065,-3530755.8689838294,574214.2456123858,310.3001121866775,220,50:03
61.9%,3092500,12370.000000685102,-3529262.2038513925,575754.1907061217,311.1322843924331,220,49:59
61.9%,3095000,12380.00000068714,-3529039.0041741375,577391.7099765007,312.0171847883899,220,49:55
62.0%,3097500,12390.000000689177,-3528117.54612126,576992.0779487456,311.8012273056327,220,49:51
62.0%,3100000,12400.000000691214,-3531006.6138074324,576241.6347019796,311.39569465742596,220,49:47
62.0%,3102500,12410.000000693251,-3532022.054127846,578078.6957929834,312.38842562324226,220,49:43
62.1%,3105000,12420.000000695289,-3528532.2777534556,578013.5124637434,312.3532011499199,220,49:39
62.1%,3107500,12430.000000697326,-3535139.528369529,577796.1677707129,312.23575007108326,220,49:35
62.2%,3110000,12440.000000699363,-3532128.1347512696,575821.206793285,311.16849927132887,220,49:31
62.2%,3112500,12450.0000007014,-3531372.850505881,574787.1182829817,310.60968732402887,220,49:27
62.3%,3115000,12460.000000703438,-3529096.0233662333,576377.2823647477,311.4689974103556,220,49:23
62.4%,3117500,12470.000000705475,-3528806.4570484385,577124.4912185709,311.8727822222788,220,49:19
62.4%,3120000,12480.000000707512,-3532124.021873312,576719.7784552998,311.65407915664434,220,49:15
62.5%,3122500,12490.00000070955,-3530667.7155344244,574610.532447926,310.5142619582407,220,49:11
62.5%,3125000,12500.000000711587,-3529251.9675317444,575175.7842461605,310.8197188460593,220,49:08
62.5%,3127500,12510.000000713624,-3533278.9107218888,576071.2790152808,311.3036360066729,220,49:04
62.6%,3130000,12520.000000715661,-3529526.621757811,573779.532514242,310.0651972152121,220,49:00
62.6%,3132500,12530.000000717699,-3531878.3934652843,575625.2291059252,311.062594726399,220,48:56
62.7%,3135000,12540.000000719736,-3531059.6421210356,574554.2051262865,310.48382319020686,220,48:52
62.8%,3137500,12550.000000721773,-3531291.1383947786,577449.4688362578,312.0483971464938,220,48:48
62.8%,3140000,12560.00000072381,-3528084.973606989,575972.5036992921,311.25025873178504,220,48:44
62.9%,3142500,12570.000000725848,-3532993.560261991,576749.6064929286,311.6701979546248,220,48:40
62.9%,3145000,12580.000000727885,-3528881.82696167,575440.5877494187,310.96281623069626,220,48:36
63.0%,3147500,12590.000000729922,-3532067.5044107866,574516.3837457744,310.46338486303955,220,48:32
63.0%,3150000,12600.00000073196,-3527773.3483931795,575017.0786721859,310.7339558093787,220,48:28
63.0%,3152500,12610.000000733997,-3528757.243792152,574750.5556363903,310.5899292051284,220,48:24
63.1%,3155000,12620.000000736034,-3530108.017416626,574712.3097315158,310.56926146888895,220,48:20
63.1%,3157500,12630.000000738071,-3532046.66206621,576174.4104204593,311.35936727220906,220,48:16
63.2%,3160000,12640.000000740109,-3533011.5356723126,575473.4893036182,310.9805959288442,220,48:12
63.2%,3162500,12650.000000742146,-3529798.3556795865,575964.7065376219,311.24604521712655,220,48:09
63.3%,3165000,12660.000000744183,-3530446.466713343,577464.110159884,312.0563091835052,220,48:05
63.4%,3167500,12670.00000074622,-3528721.8417430557,574809.2582793295,310.6216515750084,220,48:01
63.4%,3170000,12680.000000748258,-3528947.3628651015,576277.228015329,311.41492895753225,220,47:57
63.5%,3172500,12690.000000750295,-3531416.0576678235,576921.6417188079,311.76316421294786,220,47:53
63.5%,3175000,12700.000000752332,-3530242.295659082,575207.3238052535,310.8367625345426,220,47:49
63.5%,3177500,12710.00000075437,-3528597.9501509387,576631.4638037938,311.6063547289077,220,47:45
63.6%,3180000,12720.000000756407,-3531900.373250602,574013.7522613552,310.19176741851317,220,47:41
63.6%,3182500,12730.000000758444,-3528925.866065938,575676.2214042031,311.09015049673593,220,47:37
63.7%,3185000,12740.000000760481,-3533222.161828624,575981.9270029236,311.255350998646,220,47:33
63.8%,3187500,12750.000000762519,-3530787.5298878383,575229.8716625998,310.8489471898652,220,47:29
63.8%,3190000,12760.000000764556,-3530568.861994846,577898.9945056362,312.29131669560763,220,47:25
63.9%,3192500,12770.000000766593,-3528745.5617653113,576682.7198217695,311.6340530109508,220,47:21
63.9%,3195000,12780.00000076863,-3533732.332167931,576413.5947669846,311.48862029950186,220,47:17
64.0%,3197500,12790.000000770668,-3529636.107929807,576494.07412123,311.5321106044567,220,47:14
64.0%,3200000,12800.000000772705,-3529893.465404315,573758.9371626405,310.05406767608747,220,47:10
64.0%,3202500,12810.000000774742,-3529540.2487677447,574763.1548650942,310.596737712772,220,47:06
64.1%,3205000,12820.00000077678,-3529693.4131067023,572148.7095086141,309.18391541931504,220,47:02
64.2%,3207500,12830.000000778817,-3529057.213321138,573086.1180683337,309.6904824079754,220,46:58
64.2%,3210000,12840.000000780854,-3527450.9443517905,576738.8535985623,311.66438718912445,220,46:54
64.2%,3212500,12850.000000782891,-3530865.5432522763,575911.4115994421,311.21724512130425,220,46:50
64.3%,3215000,12860.000000784928,-3536485.418691624,577001.7338755324,311.80644527991336,220,46:46
64.3%,3217500,12870.000000786966,-3529294.710094791,573694.6039462734,310.01930259596526,220,46:42
64.4%,3220000,12880.000000789003,-3529877.386127135,576788.4774529986,311.6912034649595,220,46:38
64.5%,3222500,12890.00000079104,-3536399.482923018,577144.9951963206,311.8838623838119,220,46:34
64.5%,3225000,12900.000000793078,-3534287.977069877,574210.055569005,310.29784792566153,220,46:30
64.5%,3227500,12910.000000795115,-3531720.1434570663,574546.4625652758,310.479639181244,220,46:26
64.6%,3230000,12920.000000797152,-3530189.278998891,575871.6677507946,311.1957679099875,220,46:22
64.7%,3232500,12930.00000079919,-3527692.7201534566,576203.240642172,311.37494685961946,220,46:18
64.7%,3235000,12940.000000801227,-3532664.7950749043,576909.7617787628,311.7567444022989,220,46:15
64.8%,3237500,12950.000000803264,-3532367.8372527864,576958.3813001981,311.783017945791,220,46:11
64.8%,3240000,12960.000000805301,-3529951.7556904536,573902.7862867666,310.13180242351905,220,46:07
64.8%,3242500,12970.000000807338,-3533110.41107855,573031.6967643545,309.66107363440506,220,46:03
64.9%,3245000,12980.000000809376,-3531379.936709024,575789.9167143292,311.15159039962373,220,45:59
65.0%,3247500,12990.000000811413,-3531599.69528093,576413.804495854,311.4887336350595,220,45:55
65.0%,3250000,13000.00000081345,-3531566.0591804236,575076.3135706447,310.7659658052602,220,45:51
65.0%,3252500,13010.000000815488,-3531148.1365301777,574895.66756574,310.6683463609215,220,45:47
65.1%,3255000,13020.000000817525,-3531625.639340466,576674.9666189001,311.6298632512251,220,45:43
65.2%,3257500,13030.000000819562,-3529935.9978749845,574999.6604525603,310.7245431632362,220,45:39
65.2%,3260000,13040.0000008216,-3529109.4878387097,576502.4815873473,311.5366539220413,220,45:35
65.2%,3262500,13050.000000823637,-3532627.266840091,573874.171505432,310.1163392581131,220,45:31
65.3%,3265000,13060.000000825674,-3532470.7034211196,576617.3828196283,311.59874549420203,220,45:27
65.3%,3267500,13070.000000827711,-3529308.015862627,577771.7870365228,312.22257494592367,220,45:23
65.4%,3270000,13080.000000829748,-3534369.387163857,577274.9072991675,311.95406569276116,220,45:19
65.5%,3272500,13090.000000831786,-3531114.0268233847,576753.5803817762,311.67234540771335,220,45:16
65.5%,3275000,13100.000000833823,-3536290.504528247,576784.4677934123,311.6890366816918,220,45:12
65.5%,3277500,13110.00000083586,-3528542.668488577,577908.230407204,312.29630769211207,220,45:08
65.6%,3280000,13120.000000837897,-3531104.368372582,575451.7432275795,310.96884454878705,220,45:04
65.7%,3282500,13130.000000839935,-3528962.463887496,576130.2854224097,311.3355225279351,220,45:00
65.7%,3285000,13140.000000841972,-3531709.8726785555,576419.4609468979,311.49179032932807,220,44:56
65.8%,3287500,13150.00000084401,-3527014.1576919947,574708.6238192169,310.5672696356863,220,44:52
65.8%,3290000,13160.000000846047,-3529469.7474888526,575952.9665527153,311.23970103695086,220,44:48
65.8%,3292500,13170.000000848084,-3531743.46449795,574516.9394406113,310.46368515543304,220,44:44
65.9%,3295000,13180.000000850121,-3530531.332819646,575510.1728248685,311.0004193673018,220,44:40
66.0%,3297500,13190.000000852158,-3533355.525848815,577063.652551559,311.83990556457945,220,44:36
66.0%,3300000,13200.000000854196,-3533492.4333574586,575592.1469267099,311.0447174201491,220,44:32
66.0%,3302500,13210.000000856233,-3527781.2961052023,575411.3814896132,310.9470334357492,220,44:28
66.1%,3305000,13220.00000085827,-3530432.09716112,577837.7827532568,312.2582384259973,220,44:24
66.2%,3307500,13230.000000860307,-3529949.927043965,577575.2634286007,312.1163753905286,220,44:20
66.2%,3310000,13240.000000862345,-3526005.7608097345,575510.3784162484,311.000530466998,220,44:17
66.2%,3312500,13250.000000864382,-3531374.3394998815,575954.760910228,311.2406706912946,220,44:13
66.3%,3315000,13260.00000086642,-3527692.8959021196,577274.9952762465,311.9541132347678,220,44:09
66.3%,3317500,13270.000000868456,-3529063.861869296,575724.4180443627,311.11619551906483,220,44:05
66.4%,3320000,13280.000000870494,-3529397.674693359,575908.8190381378,311.21584412495184,220,44:01
66.5%,3322500,13290.000000872531,-3533802.726800306,574774.274647627,310.6027467412727,220,43:57
66.5%,3325000,13300.000000874568,-3531563.510036785,574697.826113334,310.5614346544534,220,43:53
66.5%,3327500,13310.000000876606,-3530699.242649138,575866.3825704705,311.19291184701103,220,43:49
66.6%,3330000,13320.000000878643,-3530882.278253516,576506.2399208895,311.5386848910196,220,43:45
66.7%,3332500,13330.00000088068,-3534244.8159947805,574969.0165289899,310.70798346797545,220,43:41
66.7%,3335000,13340.000000882717,-3530449.0047216527,577124.5032245925,311.8727887102228,220,43:37
66.8%,3337500,13350.000000884755,-3532342.3155348357,575882.8303041199,311.2018000514323,220,43:33
66.8%,3340000,13360.000000886792,-3532879.269534122,576645.5389781035,311.61396082402075,220,43:29
66.8%,3342500,13370.00000088883,-3530657.628716551,573403.5013241319,309.8619934086739,220,43:25
66.9%,3345000,13380.000000890866,-3530386.3984091263,574218.3746110392,310.30234345968256,220,43:21
67.0%,3347500,13390.000000892904,-3529277.5282446817,575685.0157022402,311.09490285474226,220,43:18
67.0%,3350000,13400.000000894941,-3532314.0944343805,574932.918191852,310.6884762576455,220,43:14
67.0%,3352500,13410.000000896978,-3530495.733316209,577408.7890228136,312.0264141483848,220,43:10
67.1%,3355000,13420.000000899016,-3530882.8407264464,578241.7797696514,312.4765547085838,220,43:06
67.2%,3357500,13430.000000901053,-3528659.252148401,574739.5472528166,310.5839803756035,220,43:02
67.2%,3360000,13440.00000090309,-3528528.824057851,574994.8663905201,310.72195249607626,220,42:58
67.2%,3362500,13450.000000905127,-3532664.994066432,574840.4175117174,310.63848973842823,220,42:54
67.3%,3365000,13460.000000907165,-3528918.586628262,575976.308238643,311.25231466995865,220,42:50
67.3%,3367500,13470.000000909202,-3531110.8205744736,576529.6924163799,311.55135840449884,220,42:46
67.4%,3370000,13480.00000091124,-3534916.137031462,576632.0433554521,311.6066679133088,220,42:42
67.5%,3372500,13490.000000913276,-3533898.9078787714,575371.9207188764,310.9257091971394,220,42:38
67.5%,3375000,13500.000000915314,-3529044.913760476,574328.9304667263,310.36208683018356,220,42:34
67.5%,3377500,13510.000000917351,-3529158.941335559,577651.5101563928,312.15757842296557,220,42:30
67.6%,3380000,13520.000000919388,-3531582.957453102,575934.1248201372,311.22951913746397,220,42:26
67.7%,3382500,13530.000000921425,-3531633.751764821,576130.5519810313,311.33566657376963,220,42:23
67.7%,3385000,13540.000000923463,-3531375.706687296,576385.2158537509,311.47328459505457,220,42:19
67.8%,3387500,13550.0000009255,-3529177.6770146806,575584.1373137482,311.04038909876107,220,42:15
67.8%,3390000,13560.000000927537,-3530637.335609736,575524.1025852141,311.0079468820421,220,42:11
67.8%,3392500,13570.000000929575,-3530309.646443872,575302.0266240397,310.88793906929124,220,42:07
67.9%,3395000,13580.000000931612,-3527958.3494778257,577695.9071870453,312.18157017116323,220,42:03
68.0%,3397500,13590.000000933649,-3526821.120955903,576746.9044202319,311.66873777932034,220,41:59
68.0%,3400000,13600.000000935686,-3531529.263301689,574918.0119386888,310.68042105514195,220,41:55
68.0%,3402500,13610.000000937724,-3532151.5715397336,576278.4202857508,311.4155732495338,220,41:51
68.1%,3405000,13620.00000093976,-3529841.9853051156,576577.5697753377,311.5772308901944,220,41:47
68.2%,3407500,13630.000000941798,-3528630.6977147367,575622.6306720374,311.06119055655637,220,41:43
68.2%,3410000,13640.000000943835,-3528553.231231723,577379.4287252598,312.0105481128512,220,41:39
68.2%,3412500,13650.000000945873,-3530293.8754678257,578267.2622113638,312.4903251863847,220,41:35
68.3%,3415000,13660.00000094791,-3533261.930676017,575025.8856566878,310.7387150230343,220,41:31
68.3%,3417500,13670.000000949947,-3531556.2281709835,577033.6913344308,311.82371479761895,220,41:27
68.4%,3420000,13680.000000951984,-3531644.6141016483,575015.8650725845,310.73329999128407,220,41:23
68.5%,3422500,13690.000000954022,-3527827.5225617774,574993.9286279893,310.72144573780486,220,41:20
68.5%,3425000,13700.000000956059,-3530158.1329398267,574449.9250216415,310.4274711780138,220,41:16
68.5%,3427500,13710.000000958096,-3529306.360301273,575623.3066892521,311.06155587005946,220,41:12
68.6%,3430000,13720.000000960134,-3529698.9447108246,577102.2997685962,311.86079016623114,220,41:08
68.7%,3432500,13730.00000096217,-3529276.4052507747,577401.474642271,312.02246152422003,220,41:04
68.7%,3435000,13740.000000964208,-3531636.1489794627,575170.7997779287,310.8170252851396,220,41:00
68.8%,3437500,13750.000000966245,-3528273.4541082364,576133.7117428193,311.3373740800616,220,40:56
68.8%,3440000,13760.000000968283,-3528040.7766870167,575349.5538415933,310.91362234178314,220,40:52
68.8%,3442500,13770.00000097032,-3533600.7323095463,576476.3111607977,311.52251166354387,220,40:48
68.9%,3445000,13780.000000972357,-3525844.4796364103,573697.404947782,310.0208162314924,220,40:44
69.0%,3447500,13790.000000974394,-3529313.4156224728,574946.6408228393,310.6958918415802,220,40:40
69.0%,3450000,13800.000000976432,-3531249.866786724,575623.1671941422,311.06148048818136,220,40:36
69.0%,3452500,13810.000000978469,-3529434.597611621,575120.6517665972,310.78992575972546,220,40:32
69.1%,3455000,13820.000000980506,-3532090.1375847887,575058.5825448006,310.75638412150596,220,40:28
69.2%,3457500,13830.000000982543,-3531443.4979337957,577722.2227069477,312.1957908367778,220,40:24
69.2%,3460000,13840.00000098458,-3530053.2522624526,575123.3172676727,310.7913661720613,220,40:21
69.2%,3462500,13850.000000986618,-3532221.051215954,576659.6139220868,311.6215667946674,220,40:17
69.3%,3465000,13860.000000988655,-3529025.842285637,575306.2846764182,310.8902400817458,220,40:13
69.3%,3467500,13870.000000990693,-3527972.7346635815,575867.6026701448,311.19357117768544,220,40:09
69.4%,3470000,13880.00000099273,-3529281.6098101195,575491.8471520944,310.9905163418001,220,40:05
69.5%,3472500,13890.000000994767,-3530836.9771642964,579247.9713455366,313.0202914083683,220,40:01
69.5%,3475000,13900.000000996804,-3529454.3444184214,574434.2316834434,310.41899064197577,220,39:57
69.5%,3477500,13910.000000998842,-3531339.529909827,574402.8944258159,310.40205627534914,220,39:53
69.6%,3480000,13920.000001000879,-3528718.999238586,576020.9092430347,311.27641664369435,220,39:49
69.7%,3482500,13930.000001002916,-3530992.833289966,577036.3756725586,311.825165389325,220,39:45
69.7%,3485000,13940.000001004953,-3530839.9900810793,576922.9798989794,311.7638873532401,220,39:41
69.8%,3487500,13950.00000100699,-3531007.377333902,575493.1687186409,310.99123050424174,220,39:37
69.8%,3490000,13960.000001009028,-3531435.8682031725,575108.2835345996,310.78324208058353,220,39:33
69.8%,3492500,13970.000001011065,-3530657.853499772,576546.7235721488,311.560561884883,220,39:29
69.9%,3495000,13980.000001013103,-3533284.2741329204,575376.1060707966,310.927970922933,220,39:25
70.0%,3497500,13990.00000101514,-3529329.764648577,574763.5878488632,310.5969716932298,220,39:22
70.0%,3500000,14000.000001017177,-3530647.250786079,576698.6961730071,311.64268648463985,220,39:18
70.0%,3502500,14010.000001019214,-3528560.647906892,575294.4889955672,310.8838658039926,220,39:14
70.1%,3505000,14020.000001021252,-3528515.8098808043,575203.481080936,310.8346859615632,220,39:10
70.2%,3507500,14030.000001023289,-3529761.2485888824,573605.9598421864,309.97140013507527,220,39:06
70.2%,3510000,14040.000001025326,-3531975.6530202515,575328.2724046297,310.90212204842095,220,39:02
70.2%,3512500,14050.000001027363,-3530380.425531771,577805.9254868776,312.24102305141025,220,38:58
70.3%,3515000,14060.0000010294,-3527781.4851396605,577470.4083330256,312.0597126585102,220,38:54
70.3%,3517500,14070.000001031438,-3529756.7728697117,575313.41915535,310.89409548872993,220,38:50
70.4%,3520000,14080.000001033475,-3528823.2179486677,576029.9147206305,311.2812831211975,220,38:46
70.5%,3522500,14090.000001035512,-3529151.609386772,576257.3481454729,311.4041860581811,220,38:42
70.5%,3525000,14100.00000103755,-3529493.11805379,573031.1802268864,309.66079450229444,220,38:38
70.5%,3527500,14110.000001039587,-3532836.082368914,574515.88225478,310.46311386190536,220,38:34
70.6%,3530000,14120.000001041624,-3531836.5389505588,575411.0843939725,310.9468728879897,220,38:30
70.7%,3532500,14130.000001043662,-3531610.8248649687,578650.0391674859,312.69717434301003,220,38:27
70.7%,3535000,14140.000001045699,-3530606.4318384845,576555.606191135,311.56536197072023,220,38:23
70.8%,3537500,14150.000001047736,-3526146.294718737,577074.7214719178,311.84588710762785,220,38:19
70.8%,3540000,14160.000001049773,-3531548.9879888017,575568.6416423068,311.03201538002554,220,38:15
70.8%,3542500,14170.00000105181,-3532600.8475503847,575280.1456757018,310.8761148054805,220,38:11
70.9%,3545000,14180.000001053848,-3531215.7364389114,574994.358490542,310.72167803158607,220,38:07
71.0%,3547500,14190.000001055885,-3527102.3259284496,573661.5330797685,310.00143140300025,220,38:03
71.0%,3550000,14200.000001057922,-3533268.401378371,574105.362593986,310.2412728021048,220,37:59
71.0%,3552500,14210.00000105996,-3530667.722537007,575890.2663978903,311.2058184483091,220,37:55
71.1%,3555000,14220.000001061997,-3530090.273173483,574680.1355675575,310.55187484575646,220,37:51
71.2%,3557500,14230.000001064034,-3532918.488243915,572658.5570490061,309.4594323543103,220,37:47
71.2%,3560000,14240.000001066071,-3531172.463786589,576534.0140880108,311.55369379621396,220,37:43
71.2%,3562500,14250.000001068109,-3527849.0411628056,576136.6875069876,311.3389821557273,220,37:39
71.3%,3565000,14260.000001070146,-3533669.218727356,577054.0616290276,311.83472271800224,220,37:35
71.3%,3567500,14270.000001072183,-3534828.8470120877,575110.2240261392,310.78429070441524,220,37:31
71.4%,3570000,14280.00000107422,-3533742.7284998316,574065.8776802483,310.21993551683875,220,37:28
71.5%,3572500,14290.000001076258,-3528443.15297555,576261.4996880861,311.4064295137353,220,37:24
71.5%,3575000,14300.000001078295,-3528643.315552335,574897.5217058854,310.66934832125173,220,37:20
71.5%,3577500,14310.000001080332,-3528621.579482591,576669.244768802,311.6267712159074,220,37:16
71.6%,3580000,14320.00000108237,-3531269.7609584313,575825.3775339694,311.1707531013447,220,37:12
71.7%,3582500,14330.000001084407,-3530571.1880162936,574027.4260093326,310.19915658651774,220,37:08
71.7%,3585000,14340.000001086444,-3531498.459325714,574191.9921141893,310.2880866003398,220,37:04
71.8%,3587500,14350.000001088481,-3530331.6172612365,576313.5642045897,311.43456470096805,220,37:00
71.8%,3590000,14360.000001090519,-3532292.515801953,576903.0974239504,311.7531430460774,220,36:56
71.8%,3592500,14370.000001092556,-3530051.0827430356,573471.084153316,309.8985145497602,220,36:52
71.9%,3595000,14380.000001094593,-3531235.442372611,577015.8257479651,311.81406039853886,220,36:48
72.0%,3597500,14390.00000109663,-3531771.2251082584,577273.3783885222,311.95323948347016,220,36:44
72.0%,3600000,14400.000001098668,-3531531.5719582327,574985.33190529,310.7168001476991,220,36:40
72.0%,3602500,14410.000001100705,-3533528.681976294,575909.2271659311,311.2160646734684,220,36:36
72.1%,3605000,14420.000001102742,-3532577.552337609,576481.2719484856,311.52519242771484,220,36:33
72.2%,3607500,14430.00000110478,-3531320.8332800902,575311.6834010821,310.8931575030422,220,36:29
72.2%,3610000,14440.000001106817,-3528521.643268112,576556.6343643162,311.56591758607794,220,36:25
72.2%,3612500,14450.000001108854,-3531071.736199677,576677.9808594341,311.63149211916596,220,36:21
72.3%,3615000,14460.000001110891,-3533080.052499825,577832.5820531456,312.25542801535306,220,36:17
72.3%,3617500,14470.000001112929,-3533292.9361486975,575570.0083469925,311.03275393470363,220,36:13
72.4%,3620000,14480.000001114966,-3528941.077602176,575993.182023736,311.2614331086727,220,36:09
72.5%,3622500,14490.000001117003,-3530248.6189622506,575499.2467028485,310.9945149911661,220,36:05
72.5%,3625000,14500.00000111904,-3528708.8694424257,575742.2871105587,311.1258517985592,220,36:01
72.5%,3627500,14510.000001121078,-3528385.465390634,575395.3750465794,310.9383837007295,220,35:57
72.6%,3630000,14520.000001123115,-3531270.344077863,574832.4761119868,310.6341982788447,220,35:53
72.7%,3632500,14530.000001125152,-3530941.361890748,575867.7582939408,311.19365527535757,220,35:49
72.7%,3635000,14540.00000112719,-3529979.199242728,576199.4423634901,311.3728943046539,220,35:45
72.8%,3637500,14550.000001129227,-3531931.5099755507,574780.9451603554,310.60635142517555,220,35:41
72.8%,3640000,14560.000001131264,-3529124.6813952923,576039.1857151568,311.2862930816149,220,35:37
72.8%,3642500,14570.000001133301,-3530280.832355963,574210.1710636005,310.2979103378817,220,35:34
72.9%,3645000,14580.000001135339,-3530908.5486938655,575588.9650196215,311.0429979467399,220,35:30
73.0%,3647500,14590.000001137376,-3531096.0634431355,576075.9018633536,311.3061341513751,220,35:26
73.0%,3650000,14600.000001139413,-3531097.762907112,577170.4640008127,311.89762549218403,220,35:22
73.0%,3652500,14610.00000114145,-3530969.3782187663,576502.3893636103,311.5366040851796,220,35:18
73.1%,3655000,14620.000001143488,-3528412.0754304323,576562.159765598,311.5689034622569,220,35:14
73.2%,3657500,14630.000001145525,-3530845.29391131,574159.8326916668,310.270707943344,220,35:10
73.2%,3660000,14640.000001147562,-3533276.2639888152,574874.6647829718,310.656996649731,220,35:06
73.2%,3662500,14650.0000011496,-3532384.9022792,575859.9510212003,311.18943629676943,220,35:02
73.3%,3665000,14660.000001151637,-3527398.213547593,576565.6210676928,311.5707739181652,220,34:58
73.3%,3667500,14670.000001153674,-3533912.4715957176,577124.0672182639,311.87255309640136,220,34:54
73.4%,3670000,14680.000001155711,-3531158.209698787,576666.3277573579,311.6251948896751,220,34:50
73.5%,3672500,14690.000001157749,-3530092.7740255985,576986.0735451607,311.79798258100203,220,34:46
73.5%,3675000,14700.000001159786,-3531213.328847766,574554.7594074139,310.48412271864476,220,34:42
73.5%,3677500,14710.000001161823,-3529382.704214342,576234.4443752542,311.39180907080635,220,34:38
73.6%,3680000,14720.00000116386,-3529444.2212785557,573863.9656232237,310.1108240929663,220,34:35
73.7%,3682500,14730.000001165898,-3530232.7862456106,573955.2610335697,310.1601592954434,220,34:31
73.7%,3685000,14740.000001167935,-3528774.4030806795,575335.0197336057,310.9057682431195,220,34:27
73.8%,3687500,14750.000001169972,-3531716.3816614393,577160.2469396295,311.8921042860217,220,34:23
73.8%,3690000,14760.00000117201,-3530732.9441534895,575341.8090043971,310.90943710279055,220,34:19
73.8%,3692500,14770.000001174047,-3530118.226106353,577112.7770593639,311.86645199807435,220,34:15
73.9%,3695000,14780.000001176084,-3531221.9806834217,576844.1238082118,311.72127424498166,220,34:11
74.0%,3697500,14790.000001178121,-3531981.3675775435,574537.3650570527,310.47472297123386,220,34:07
74.0%,3700000,14800.000001180159,-3529109.928632058,577169.777774374,311.8972546617099,220,34:03
74.0%,3702500,14810.000001182196,-3531704.5677988566,577535.9051372698,312.0951065308498,220,33:59
74.1%,3705000,14820.000001184233,-3530436.9021361973,576083.6452494138,311.31031860618714,220,33:55
74.2%,3707500,14830.00000118627,-3527570.856623154,575406.0401822175,310.9441470422179,220,33:51
74.2%,3710000,14840.000001188308,-3528057.009689817,576886.0010284465,311.7439043107388,220,33:47
74.2%,3712500,14850.000001190345,-3530300.760892747,577120.7485467774,311.87075971676575,220,33:43
74.3%,3715000,14860.000001192382,-3535116.026019383,575902.9546085545,311.21267504098796,220,33:39
74.3%,3717500,14870.00000119442,-3528466.3642072603,577073.5823893582,311.8452715578592,220,33:36
74.4%,3720000,14880.000001196457,-3529395.3259272277,575514.9616725291,311.0030072166589,220,33:32
74.5%,3722500,14890.000001198494,-3529235.2178874593,575565.3668845624,311.03024573097343,220,33:28
74.5%,3725000,14900.000001200531,-3529599.3046345506,574905.9476128079,310.6739016040783,220,33:24
74.5%,3727500,14910.000001202568,-3529350.390027771,575212.1449921599,310.8393678597315,220,33:20
74.6%,3730000,14920.000001204606,-3529705.0701705385,576443.2493416343,311.50464535967933,220,33:16
74.7%,3732500,14930.000001206643,-3530017.9491624534,576341.8397164764,311.4498445282757,220,33:12
74.7%,3735000,14940.00000120868,-3529761.0880535096,576143.1693351159,311.3424848762028,220,33:08
74.8%,3737500,14950.000001210718,-3533912.8967830855,577225.5709890178,311.92740480322163,220,33:04
74.8%,3740000,14960.000001212755,-3532401.575850019,577752.5902338423,312.21220116980976,220,33:00
74.8%,3742500,14970.000001214792,-3532707.814624252,576081.786846715,311.30931434241216,220,32:56
74.9%,3745000,14980.00000121683,-3530226.059617484,575620.1192461515,311.0598334050401,220,32:52
75.0%,3747500,14990.000001218867,-3528309.4880748726,577594.8046743658,312.1269353005265,220,32:48
75.0%,3750000,15000.000001220904,-3528938.1392964013,575947.7979918693,311.2369079940708,220,32:44
75.0%,3752500,15010.000001222941,-3526408.424538769,576729.5940227483,311.65938339927453,220,32:41
75.1%,3755000,15020.000001224978,-3534338.6192024257,575156.7104028887,310.8094115160822,220,32:37
75.2%,3757500,15030.000001227016,-3532587.4662982635,575940.9850503377,311.2332263429489,220,32:33
75.2%,3760000,15040.000001229053,-3529712.7566998266,576338.9734495336,311.4482956239065,220,32:29
75.2%,3762500,15050.00000123109,-3529431.479831632,576654.4812995436,311.6187931725166,220,32:25
75.3%,3765000,15060.000001233127,-3529232.673511954,575621.3650869507,311.0605066459823,220,32:21
75.3%,3767500,15070.000001235165,-3531084.970538998,574765.5270719738,310.598019631614,220,32:17
75.4%,3770000,15080.000001237202,-3529056.9006672744,574609.7735989977,310.5138518832393,220,32:13
75.5%,3772500,15090.00000123924,-3527126.3135583363,578270.0074235454,312.49180867387116,220,32:09
75.5%,3775000,15100.000001241277,-3532770.0770671666,576513.6785589124,311.5427046627871,220,32:05
75.5%,3777500,15110.000001243314,-3530606.61800904,578007.6243086733,312.3500192449206,220,32:01
75.6%,3780000,15120.000001245351,-3527265.96396745,576520.5720621031,311.5464298486908,220,31:57
75.7%,3782500,15130.000001247388,-3527273.257160565,574986.6474252621,310.7175110426273,220,31:53
75.7%,3785000,15140.000001249426,-3526361.999750534,576878.6935301995,311.7399554057035,220,31:49
75.8%,3787500,15150.000001251463,-3532321.5054054,574276.1985131598,310.33359096608314,220,31:46
75.8%,3790000,15160.0000012535,-3531778.9066419173,574955.0349215204,310.70042793552483,220,31:42
75.8%,3792500,15170.000001255537,-3534867.5589555725,575071.6181034761,310.7634284178646,220,31:38
75.9%,3795000,15180.000001257575,-3529764.8805896863,573510.0795974705,309.91958733015247,220,31:34
76.0%,3797500,15190.000001259612,-3530257.3320463654,573868.5870600205,310.11332147502793,220,31:30
76.0%,3800000,15200.00000126165,-3528799.315176826,575859.7745796235,311.18934094935946,220,31:26
76.0%,3802500,15210.000001263686,-3528348.9558183122,575431.561064933,310.9579382931843,220,31:22
76.1%,3805000,15220.000001265724,-3530133.654306283,571502.8011183869,308.83487244888846,220,31:18
76.2%,3807500,15230.000001267761,-3533497.5426748637,575262.5310339634,310.8665960146297,220,31:14
76.2%,3810000,15240.000001269798,-3531274.7961423937,573894.1682407747,310.1271453105014,220,31:10
76.2%,3812500,15250.000001271836,-3529745.192271095,574421.42174005,310.41206826604645,220,31:06
76.3%,3815000,15260.000001273873,-3534185.2926596366,575903.0349003416,311.2127184299334,220,31:02
76.3%,3817500,15270.00000127591,-3532204.911192097,577103.2545550307,311.86130612406396,220,30:58
76.4%,3820000,15280.000001277947,-3531311.2334458344,577377.0525404981,312.00926404439804,220,30:55
76.5%,3822500,15290.000001279985,-3535505.0784587916,576155.8224703264,311.349322514428,220,30:51
76.5%,3825000,15300.000001282022,-3530080.417527484,574661.5804684836,310.54184784038654,220,30:47
76.5%,3827500,15310.00000128406,-3531934.596146321,576631.4930617623,311.60637053964564,220,30:43
76.6%,3830000,15320.000001286096,-3531276.4384791553,576035.299327891,311.2841929135786,220,30:39
76.7%,3832500,15330.000001288134,-3531312.8591289353,575678.3869586459,311.09132074249646,220,30:35
76.7%,3835000,15340.000001290171,-3532221.6317953095,574595.4845644105,310.5061302199936,220,30:31
76.8%,3837500,15350.000001292208,-3529554.7549946364,575833.63085185,311.1752131186359,220,30:27
76.8%,3840000,15360.000001294246,-3535186.7699765097,575894.818550699,311.20827838993904,220,30:23
76.8%,3842500,15370.000001296283,-3528969.678773407,575419.9204438769,310.9516478083222,220,30:19
76.9%,3845000,15380.00000129832,-3529937.6674290355,575507.9081315552,310.9991955478049,220,30:15
77.0%,3847500,15390.000001300357,-3529804.4250382613,571106.9080896832,308.62093548692803,220,30:11
77.0%,3850000,15400.000001302395,-3529692.389398258,577901.6463235638,312.2927497136958,220,30:07
77.0%,3852500,15410.000001304432,-3530247.6508218795,575969.6211503409,311.24870102876775,220,30:03
77.1%,3855000,15420.00000130647,-3530331.28207295,574497.175058444,310.45300466456985,220,30:00
77.2%,3857500,15430.000001308506,-3529728.527491482,576301.3274630947,311.4279520780878,220,29:56
77.2%,3860000,15440.000001310544,-3525883.170454612,575947.1362340774,311.23655038622906,220,29:52
77.2%,3862500,15450.000001312581,-3531438.489563236,574460.7777636326,310.4333359002548,220,29:48
77.3%,3865000,15460.000001314618,-3528341.0940651223,574772.3243953432,310.6016928428244,220,29:44
77.3%,3867500,15470.000001316655,-3527103.054199623,575134.745832345,310.7975420635983,220,29:40
77.4%,3870000,15480.000001318693,-3529836.0585807804,574447.826416714,310.42633711115735,220,29:36
77.5%,3872500,15490.00000132073,-3531627.0849172156,574475.6219699067,310.4413575731885,220,29:32
77.5%,3875000,15500.000001322767,-3529232.283020122,573809.5994485519,310.0814451107681,220,29:28
77.5%,3877500,15510.000001324805,-3529580.662898237,575395.7765474395,310.93860066811214,220,29:24
77.6%,3880000,15520.000001326842,-3529117.281071553,577033.2650391677,311.8234844315683,220,29:20
77.7%,3882500,15530.000001328879,-3533927.3270627093,577821.9499801341,312.2496825406048,220,29:16
77.7%,3885000,15540.000001330916,-3528351.862643292,574748.0128034421,310.5885550815236,220,29:12
77.8%,3887500,15550.000001332954,-3530039.8765426055,577025.295074307,311.81917753565045,220,29:08
77.8%,3890000,15560.00000133499,-3533663.2329792716,576126.830511924,311.3336555259938,220,29:05
77.8%,3892500,15570.000001337028,-3529875.538695354,574750.9768155916,310.5901568065061,220,29:01
77.9%,3895000,15580.000001339065,-3527787.57475085,575221.3082831159,310.8443196181272,220,28:57
78.0%,3897500,15590.000001341103,-3530132.4291845914,576150.443966636,311.3464160203602,220,28:53
78.0%,3900000,15600.00000134314,-3530818.59958403,575285.237757494,310.8788665197813,220,28:49
78.0%,3902500,15610.000001345177,-3526942.138100194,576180.1006990218,311.36244224655843,220,28:45
78.1%,3905000,15620.000001347214,-3528620.6156820804,576677.0743264654,311.6310022370635,220,28:41
78.2%,3907500,15630.000001349252,-3530932.8733808883,575775.1864140137,311.14363028042544,220,28:37
78.2%,3910000,15640.000001351289,-3530438.8454454485,574731.8130489613,310.5798008827708,220,28:33
78.2%,3912500,15650.000001353326,-3534662.0494563114,578607.6628318769,312.674274559882,220,28:29
78.3%,3915000,15660.000001355364,-3528787.7443031333,575487.3886666449,310.98810701715223,220,28:25
78.3%,3917500,15670.0000013574,-3533378.986025309,576983.5322723255,311.796609300468,220,28:21
78.4%,3920000,15680.000001359438,-3531230.1383623704,577571.0663864762,312.11410734745573,220,28:17
78.5%,3922500,15690.000001361475,-3531026.818957787,574224.9309147834,310.30588642609774,220,28:13
78.5%,3925000,15700.000001363513,-3530700.1246802025,576741.9592349082,311.66606544652393,220,28:10
78.5%,3927500,15710.00000136555,-3532280.654295372,577397.379414213,312.020248500535,220,28:06
78.6%,3930000,15720.000001367587,-3531232.468116453,574947.4234819836,310.696314783404,220,28:02
78.7%,3932500,15730.000001369624,-3532992.610101426,576083.4888758485,311.31023410334654,220,27:58
78.7%,3935000,15740.000001371662,-3527774.0509827174,577025.4648256691,311.81926926772974,220,27:54
78.8%,3937500,15750.000001373699,-3531198.5057794936,574066.3307161492,310.22018033328476,220,27:50
78.8%,3940000,15760.000001375736,-3531453.717726633,575223.2475554532,310.84536758311316,220,27:46
78.8%,3942500,15770.000001377774,-3530127.5656782854,575358.6871297606,310.918557886947,220,27:42
78.9%,3945000,15780.00000137981,-3529516.735489849,577319.3844473155,311.9781007357186,220,27:38
79.0%,3947500,15790.000001381848,-3528347.787830876,575893.69204471,311.20766963643376,220,27:34
79.0%,3950000,15800.000001383885,-3528485.1327224486,575948.226103371,311.2371393416001,220,27:30
79.0%,3952500,15810.000001385923,-3531153.949247442,575663.3351740732,311.0831868961539,220,27:26
79.1%,3955000,15820.00000138796,-3529019.160209246,577960.7287447392,312.3246773122517,220,27:22
79.2%,3957500,15830.000001389997,-3532547.5109177977,576432.1977628113,311.4986731878378,220,27:18
79.2%,3960000,15840.000001392034,-3529817.4689191803,575148.7809214959,310.8051264970591,220,27:14
79.2%,3962500,15850.000001394072,-3532581.9456640314,574412.6342907983,310.40731960906095,220,27:11
79.3%,3965000,15860.000001396109,-3530940.0856222287,576176.7854464748,311.3606507144863,220,27:07
79.3%,3967500,15870.000001398146,-3530617.5949481316,575175.3744810226,310.8194974127367,220,27:03
79.4%,3970000,15880.000001400183,-3527747.900073644,576816.3075036309,311.70624256909065,220,26:59
79.5%,3972500,15890.00000140222,-3529084.7832408585,575238.6197996472,310.8536746028961,220,26:55
79.5%,3975000,15900.000001404258,-3527539.900998069,574060.7014073583,310.21713830644075,220,26:51
79.5%,3977500,15910.000001406295,-3530065.681847358,574386.8575882311,310.3933901153928,220,26:47
79.6%,3980000,15920.000001408333,-3533731.0523469783,574409.1900189291,310.4054583561304,220,26:43
79.7%,3982500,15930.00000141037,-3530201.2919060923,575670.0055134627,311.086791486386,220,26:39
79.7%,3985000,15940.000001412407,-3530360.295862559,574914.1468375532,310.67833238993524,220,26:35
79.8%,3987500,15950.000001414444,-3529246.1210798677,575537.282986294,311.01506944990774,220,26:31
79.8%,3990000,15960.000001416482,-3530883.4915246386,575530.2132820678,311.0112490465805,220,26:27
79.8%,3992500,15970.000001418519,-3529170.233894307,575064.7616556545,310.75972325634257,220,26:23
79.9%,3995000,15980.000001420556,-3531201.030435901,575104.3947647377,310.78114062501425,220,26:19
80.0%,3997500,15990.000001422593,-3532167.360269565,573702.9272346387,310.0238004246646,220,26:15
80.0%,4000000,16000.00000142463,-3530982.997587029,576616.7267499766,311.59839096017913,220,26:12
80.0%,4002500,16010.000001426668,-3534090.896788379,574658.8750988166,310.5403858834295,220,26:08
80.1%,4005000,16020.000001428705,-3533576.48517704,575400.9031632555,310.94137104428273,220,26:04
80.2%,4007500,16030.000001430742,-3530815.8966237754,574461.1764070741,310.4335513235146,220,26:00
80.2%,4010000,16040.00000143278,-3533499.8145898376,577280.9057232914,311.95730718614595,220,25:56
80.2%,4012500,16050.000001434817,-3528183.8458242603,575912.6504168895,311.2179145668915,220,25:52
80.3%,4015000,16060.000001436854,-3531371.2936474793,575602.422171887,311.05027006840805,220,25:48
80.3%,4017500,16070.000001438892,-3532448.0612968225,577681.3634650814,312.17371087719505,220,25:44
80.4%,4020000,16080.000001440929,-3531064.7185033485,575487.0485892985,310.9879232424731,220,25:40
80.5%,4022500,16090.000001442966,-3527762.5788937565,575255.271868936,310.862673228423,220,25:36
80.5%,4025000,16100.000001445003,-3529796.925099412,576048.4664057217,311.2913082816825,220,25:32
80.5%,4027500,16110.00000144704,-3527977.898848634,573915.9697967602,310.13892667141306,220,25:28
80.6%,4030000,16120.000001449078,-3531970.8860694654,577077.0870338632,311.8471654356085,220,25:24
80.7%,4032500,16130.000001451115,-3528401.8223975804,573620.0451977864,309.9790117320642,220,25:20
80.7%,4035000,16140.000001453152,-3532135.0775731206,575912.4289960421,311.2177949130963,220,25:17
80.8%,4037500,16150.00000145519,-3531858.955861645,575597.9378211537,311.047846766398,220,25:13
80.8%,4040000,16160.000001457227,-3533927.070687497,577088.7076339299,311.85344510131154,220,25:09
80.8%,4042500,16170.000001459264,-3531753.2049786747,575539.0392442073,311.0160185155774,220,25:05
80.9%,4045000,16180.000001461302,-3530466.6229249462,575650.7178607708,311.0763686157592,220,25:01
81.0%,4047500,16190.000001463339,-3529777.533205511,575523.2650806673,311.00749430226585,220,24:57
81.0%,4050000,16200.000001465376,-3531613.488862198,574950.5005700362,310.69797761356756,220,24:53
81.0%,4052500,16210.000001467413,-3528315.36313471,577990.5604659487,312.34079810080533,220,24:49
81.1%,4055000,16220.00000146945,-3531132.8273284044,578101.3091258694,312.40064566094605,220,24:45
81.2%,4057500,16230.000001471488,-3532507.257812325,574175.198859526,310.2790116795314,220,24:41
81.2%,4060000,16240.000001473525,-3530449.899482008,575051.8198993944,310.752729649949,220,24:37
81.2%,4062500,16250.000001475562,-3531567.6157479864,575629.3384640468,311.06481538584086,220,24:33
81.3%,4065000,16260.0000014776,-3530948.544549411,577421.9528287798,312.0335277484032,220,24:29
81.3%,4067500,16270.000001479637,-3526289.380561635,576358.6636212076,311.4589360120998,220,24:25
81.4%,4070000,16280.000001481674,-3531777.4735917803,577143.6616819497,311.88314176487563,220,24:21
81.5%,4072500,16290.000001483711,-3533220.82411761,575572.799151181,311.0342620596925,220,24:18
81.5%,4075000,16300.000001485749,-3529257.1699678507,575631.8137200205,311.06615299146836,220,24:14
81.5%,4077500,16310.000001487786,-3533298.86566345,575597.3535100762,311.0475310100504,220,24:10
81.6%,4080000,16320.000001489823,-3530566.927485196,576532.3072030668,311.5527714112441,220,24:06
81.7%,4082500,16330.00000149186,-3531424.755637029,574334.3205330607,310.36499957259815,220,24:02
81.7%,4085000,16340.000001493898,-3531634.5276946146,576221.0924536822,311.38459381483983,220,23:58
81.8%,4087500,16350.000001495935,-3529806.7501907293,577208.8042139427,311.9183441917398,220,23:54
81.8%,4090000,16360.000001497972,-3532228.964511711,575390.0842568689,310.935524606492,220,23:50
81.8%,4092500,16370.00000150001,-3530989.513609659,576328.6061703137,311.4426932412948,220,23:46
81.9%,4095000,16380.000001502047,-3531598.304701159,576435.3315156179,311.50036663911476,220,23:42
82.0%,4097500,16390.000001504082,-3529554.0461078454,576872.4322134239,311.7365718475408,220,23:38
82.0%,4100000,16400.00000150612,-3531457.933390362,575207.9763767733,310.8371151782071,220,23:34
82.0%,4102500,16410.000001508157,-3529679.966443535,575453.1375590856,310.96959803274547,220,23:30
82.1%,4105000,16420.000001510194,-3530830.089982722,577916.9381616795,312.30101328277146,220,23:26
82.2%,4107500,16430.00000151223,-3531973.318670973,574137.6824540762,310.2587381580908,220,23:23
82.2%,4110000,16440.00000151427,-3530199.1347216163,577433.5726976696,312.03980701898485,220,23:19
82.2%,4112500,16450.000001516306,-3531851.32222599,576626.4411399146,311.60364052741045,220,23:15
82.3%,4115000,16460.000001518343,-3527573.0915263463,574415.3953172503,310.40881164243405,220,23:11
82.3%,4117500,16470.00000152038,-3531964.2615802977,576740.4566086205,311.66525344105867,220,23:07
82.4%,4120000,16480.000001522418,-3534303.733100686,577594.1353339966,312.1265735951295,220,23:03
82.5%,4122500,16490.000001524455,-3532957.5938832853,574767.1007670073,310.59887004197776,220,22:59
82.5%,4125000,16500.000001526492,-3529394.2675992474,576486.9997943603,311.5282877030952,220,22:55
82.5%,4127500,16510.00000152853,-3531513.316695314,576027.5202860963,311.2799891907346,220,22:51
82.6%,4130000,16520.000001530567,-3530102.4570436087,572878.8806875078,309.57849322795954,220,22:47
82.7%,4132500,16530.000001532604,-3533831.178402204,578010.6881490829,312.3516749161793,220,22:43
82.7%,4135000,16540.00000153464,-3531309.9856648054,575279.6111500859,310.87582595273983,220,22:39
82.8%,4137500,16550.00000153668,-3531247.787373645,575739.5189268402,311.12435589746485,220,22:35
82.8%,4140000,16560.000001538716,-3529746.02367677,577291.1762865899,311.96285730436074,220,22:31
82.8%,4142500,16570.000001540753,-3530900.5482106097,576485.0032334921,311.52720877991266,220,22:27
82.9%,4145000,16580.00000154279,-3530853.729778018,573510.960451882,309.9200633357981,220,22:24
83.0%,4147500,16590.000001544828,-3531919.3466470633,576693.5670208796,311.6399147378698,220,22:20
83.0%,4150000,16600.000001546865,-3529775.468335569,575348.9880738619,310.9133166060898,220,22:16
83.0%,4152500,16610.000001548902,-3530600.33635816,574750.3474520574,310.5898167042241,220,22:12
83.1%,4155000,16620.00000155094,-3528558.06208653,575090.6906927861,310.77373507021224,220,22:08
83.2%,4157500,16630.000001552977,-3534817.7703553215,576068.5831035099,311.30217916067613,220,22:04
83.2%,4160000,16640.000001555014,-3531231.662681846,574641.5057974969,310.53099967229093,220,22:00
83.2%,4162500,16650.00000155705,-3532693.090961771,577767.5919789046,312.2203079752598,220,21:56
83.3%,4165000,16660.00000155909,-3531626.644789405,576304.0082982365,311.42940077681243,220,21:52
83.3%,4167500,16670.000001561126,-3529011.017772207,573232.0089454846,309.7693205000166,220,21:48
83.4%,4170000,16680.000001563163,-3534826.4108209237,576869.6050807475,311.7350440909702,220,21:44
83.5%,4172500,16690.0000015652,-3530008.724300375,577732.9710577026,312.2015991469521,220,21:40
83.5%,4175000,16700.000001567238,-3530830.956675414,575982.610624836,311.2557204216579,220,21:36
83.5%,4177500,16710.000001569275,-3529632.934465293,575706.0522755388,311.1062708260256,220,21:32
83.6%,4180000,16720.000001571312,-3530990.35253316,575905.6203696821,311.21411559385353,220,21:29
83.7%,4182500,16730.00000157335,-3531458.672356,574889.239446121,310.66487266403203,220,21:25
83.7%,4185000,16740.000001575387,-3527463.0817686934,575426.2882679414,310.95508892204714,220,21:21
83.8%,4187500,16750.000001577424,-3531582.1830860395,573782.9368729936,310.06703689946,220,21:17
83.8%,4190000,16760.00000157946,-3531199.963288257,577839.8868645357,312.25937546843556,220,21:13
83.8%,4192500,16770.0000015815,-3532178.058129208,573974.8047688464,310.1707205507505,220,21:09
83.9%,4195000,16780.000001583536,-3532049.969953416,575416.1530972589,310.94961196876034,220,21:05
84.0%,4197500,16790.000001585573,-3529976.100698814,576740.2603219955,311.6651473695666,220,21:01
84.0%,4200000,16800.00000158761,-3530050.398021849,575396.1901785184,310.93882419055376,220,20:57
84.0%,4202500,16810.000001589648,-3531792.971799653,574785.2722909342,310.60868976685606,220,20:53
84.1%,4205000,16820.000001591685,-3528641.3902250435,573637.9549671124,309.9886900071567,220,20:49
84.2%,4207500,16830.000001593722,-3529308.156397922,575876.3105213667,311.19827682062567,220,20:45
84.2%,4210000,16840.00000159576,-3529798.756296316,575829.7751228255,311.1731295180321,220,20:41
84.2%,4212500,16850.000001597797,-3525323.08762167,575102.3460379044,310.78003351182247,220,20:37
84.3%,4215000,16860.000001599834,-3528472.756570045,575473.9186774263,310.9808279585123,220,20:34
84.3%,4217500,16870.00000160187,-3530493.234276956,574378.1100605007,310.3886630316312,220,20:30
84.4%,4220000,16880.00000160391,-3531071.182602726,575163.0357062311,310.81282965199887,220,20:26
84.5%,4222500,16890.000001605946,-3530181.072250722,575136.8899535184,310.79870072701664,220,20:22
84.5%,4225000,16900.000001607983,-3531326.657892175,574736.1542268028,310.5821468154632,220,20:18
84.5%,4227500,16910.00000161002,-3533749.452939458,574891.1634368859,310.6659123709964,220,20:14
84.6%,4230000,16920.000001612058,-3531206.081357857,575671.4988808103,311.0875984884049,220,20:10
84.7%,4232500,16930.000001614095,-3532724.4127927013,575795.4941464001,311.15460439276404,220,20:06
84.7%,4235000,16940.000001616132,-3529214.6829036325,575723.4807892452,311.115689034995,220,20:02
84.8%,4237500,16950.00000161817,-3534483.2144714408,576043.2870430256,311.2885094015817,220,19:58
84.8%,4240000,16960.000001620207,-3528399.1993170623,575511.4253526162,311.0010962218097,220,19:54
84.8%,4242500,16970.000001622244,-3526880.380015591,575375.0203109139,310.92738418824996,220,19:50
84.9%,4245000,16980.00000162428,-3531366.1956265327,576740.5363042564,311.6652965078494,220,19:46
85.0%,4247500,16990.00000162632,-3530605.048552064,577695.2822049326,312.1812324365613,220,19:42
85.0%,4250000,17000.000001628356,-3528169.16231215,576445.8161438005,311.50603243602967,220,19:39
85.0%,4252500,17010.000001630393,-3525349.8827250097,575572.9305667371,311.0343330754538,220,19:35
85.1%,4255000,17020.00000163243,-3527821.854328448,574597.7846168701,310.5073731472489,220,19:31
85.2%,4257500,17030.000001634467,-3531593.931826636,574351.5742145727,310.3743233038531,220,19:27
85.2%,4260000,17040.000001636505,-3531015.4214380328,574115.2786277082,310.2466313357879,220,19:23
85.2%,4262500,17050.000001638542,-3532447.241161531,576948.9034253567,311.77789618914863,220,19:19
85.3%,4265000,17060.00000164058,-3529792.33069947,575527.2612104621,311.00965377415827,220,19:15
85.3%,4267500,17070.000001642617,-3533776.0631370954,576916.6502574687,311.76046687301704,220,19:11
85.4%,4270000,17080.000001644654,-3531928.9207242317,575766.2915216404,311.1388235621623,220,19:07
85.5%,4272500,17090.00000164669,-3531914.3790419046,574965.0982097446,310.7058660441904,220,19:03
85.5%,4275000,17100.00000164873,-3529633.7005563993,576458.7789929684,311.51303744083714,220,18:59
85.5%,4277500,17110.000001650766,-3529237.528888529,574047.8862607442,310.21021311873875,220,18:55
85.6%,4280000,17120.000001652803,-3531184.856328668,576607.9243060267,311.5936342001961,220,18:51
85.7%,4282500,17130.00000165484,-3530549.414775517,576773.9444160073,311.68334994505244,220,18:47
85.7%,4285000,17140.000001656877,-3529391.1917286143,575514.6516817617,311.00283970049117,220,18:44
85.8%,4287500,17150.000001658915,-3530582.6766950134,576790.704383526,311.6924068777932,220,18:40
85.8%,4290000,17160.000001660952,-3531720.3661216423,574003.2296177108,310.1860810783914,220,18:36
85.8%,4292500,17170.00000166299,-3533614.5875747856,576222.565395287,311.3853897789747,220,18:32
85.9%,4295000,17180.000001665027,-3530879.018254012,574524.9774253711,310.4680288086806,220,18:28
86.0%,4297500,17190.000001667064,-3530428.557764806,575524.0000105107,311.00789145161315,220,18:24
86.0%,4300000,17200.0000016691,-3531872.2064591926,575536.9830053303,311.0149073429461,220,18:20
86.0%,4302500,17210.00000167114,-3526034.0204160493,574998.8185956365,310.7240882314753,220,18:16
86.1%,4305000,17220.000001673176,-3528127.5845494494,577664.1066727699,312.16438546489263,220,18:12
86.2%,4307500,17230.000001675213,-3530798.40910968,575708.9091480304,311.10781465371963,220,18:08
86.2%,4310000,17240.00000167725,-3531406.017141089,577699.7624992825,312.183653546539,220,18:04
86.2%,4312500,17250.000001679287,-3529940.4683125503,573926.3657685324,310.14454455921685,220,18:00
86.3%,4315000,17260.000001681325,-3534766.5034963638,574168.9025919214,310.2756092342612,220,17:56
86.3%,4317500,17270.000001683362,-3531639.4832761995,575077.3388389271,310.7665198508372,220,17:52
86.4%,4320000,17280.0000016854,-3530808.688057877,575032.1492523754,310.7420998127002,220,17:49
86.5%,4322500,17290.000001687436,-3524309.5634871703,576116.4790214526,311.328061675477,220,17:45
86.5%,4325000,17300.000001689474,-3530188.655734509,573840.5189678329,310.09815373542335,220,17:41
86.5%,4327500,17310.00000169151,-3532408.1084787957,577287.1694418879,311.9606920422307,220,17:37
86.6%,4330000,17320.00000169355,-3530510.253587704,574875.9053344969,310.657667032398,220,17:33
86.7%,4332500,17330.000001695586,-3531108.208628865,576551.0556610273,311.5629029059831,220,17:29
86.7%,4335000,17340.000001697623,-3532075.0270378757,575131.64358197,310.7958656359466,220,17:25
86.8%,4337500,17350.00000169966,-3531009.5119670574,576078.5065315862,311.3075416902005,220,17:21
86.8%,4340000,17360.000001701697,-3531127.904912675,576107.2535116693,311.3230762945977,220,17:17
86.8%,4342500,17370.000001703735,-3530609.164671382,576666.3064634555,311.6251833826455,220,17:13
86.9%,4345000,17380.000001705772,-3530514.2636334337,576952.9367669637,311.78007576996316,220,17:09
87.0%,4347500,17390.00000170781,-3530026.9417580515,576546.6117780156,311.5605014723586,220,17:05
87.0%,4350000,17400.000001709846,-3528044.2447302807,577010.0179295545,311.8109219067335,220,17:01
87.0%,4352500,17410.000001711884,-3532987.4231058937,572108.7664356972,309.1623305490303,220,16:57
87.1%,4355000,17420.00000171392,-3532065.7968288176,574687.6268731153,310.5559230785768,220,16:53
87.2%,4357500,17430.00000171596,-3534682.857333349,577104.4605792717,311.86195784850327,220,16:50
87.2%,4360000,17440.000001717995,-3530933.633901641,576231.205957859,311.3900590597456,220,16:46
87.2%,4362500,17450.000001720033,-3529732.9732684344,577328.3413127654,311.98294094366395,220,16:42
87.3%,4365000,17460.00000172207,-3531747.9736252744,576143.9911760123,311.342928991486,220,16:38
87.3%,4367500,17470.000001724107,-3534074.8221065924,576594.6311592604,311.5864507055956,220,16:34
87.4%,4370000,17480.000001726145,-3530843.2567672953,575685.2680921243,311.095039243921,220,16:30
87.5%,4372500,17490.00000172818,-3529969.2736272123,577463.2910402373,312.0558665387603,220,16:26
87.5%,4375000,17500.00000173022,-3528383.1728029177,577561.9619400247,312.1091873880906,220,16:22
87.5%,4377500,17510.000001732256,-3531952.6421648264,576541.3772030039,311.55767275602875,220,16:18
87.6%,4380000,17520.000001734294,-3524909.0153326653,576588.2716267995,311.58301407257727,220,16:14
87.7%,4382500,17530.00000173633,-3528399.141431799,575481.7369621007,310.98505288784855,220,16:10
87.7%,4385000,17540.000001738368,-3530142.9278351516,576454.8042589002,311.5108895309991,220,16:06
87.8%,4387500,17550.000001740405,-3531809.9774842504,576670.7467401738,311.62758286746214,220,16:02
87.8%,4390000,17560.000001742443,-3529332.0764341336,575119.3696454108,310.7892329131948,220,15:58
87.8%,4392500,17570.00000174448,-3530628.0999405365,575123.4031527902,310.7914125835911,220,15:55
87.9%,4395000,17580.000001746517,-3529179.9455742035,575129.6716959956,310.7948000468503,220,15:51
88.0%,4397500,17590.000001748554,-3532700.6834694445,575914.8184776173,311.21908616702547,220,15:47
88.0%,4400000,17600.00000175059,-3531431.997122353,574398.0462039461,310.3994363407139,220,15:43
88.0%,4402500,17610.00000175263,-3532432.630030319,575581.5826258318,311.0390085688402,220,15:39
88.1%,4405000,17620.000001754666,-3531217.7430970073,576160.0186308925,311.3515900811148,220,15:35
88.2%,4407500,17630.000001756704,-3529305.921841264,575827.5029033248,311.17190163145256,220,15:31
88.2%,4410000,17640.00000175874,-3534170.986618707,575452.1530318214,310.96906600324104,220,15:27
88.2%,4412500,17650.000001760778,-3532386.592900483,576188.8391948974,311.36716444958853,220,15:23
88.3%,4415000,17660.000001762815,-3532308.1980409455,574547.0612260177,310.47996269201855,220,15:19
88.3%,4417500,17670.000001764853,-3533185.7574614827,577927.7335281603,312.30684699981293,220,15:15
88.4%,4420000,17680.00000176689,-3530453.5648930706,575649.6469185567,311.0757898884083,220,15:11
88.5%,4422500,17690.000001768927,-3532626.404547112,575180.9696394883,310.8225209850582,220,15:07
88.5%,4425000,17700.000001770964,-3531445.0084521323,575674.7317776975,311.0893455162337,220,15:03
88.5%,4427500,17710.000001773,-3529618.2948547043,575660.108119395,311.08144302540126,220,15:00
88.6%,4430000,17720.00000177504,-3532798.671932826,576341.1144556785,311.449452603992,220,14:56
88.7%,4432500,17730.000001777076,-3528885.384155754,576394.1279126377,311.4781005899441,220,14:52
88.7%,4435000,17740.000001779114,-3528720.2698931433,576312.9756513955,311.4342466522196,220,14:48
88.8%,4437500,17750.00000178115,-3527174.656486312,574374.8237043387,310.3868871149006,220,14:44
88.8%,4440000,17760.000001783188,-3530813.2449866775,575037.1797742384,310.74481826057985,220,14:40
88.8%,4442500,17770.000001785225,-3525939.2132352013,575549.7223624188,311.02179157468356,220,14:36
88.9%,4445000,17780.000001787263,-3532408.489229616,575360.7646100974,310.9196805382683,220,14:32
89.0%,4447500,17790.0000017893,-3530959.6029473767,575926.5639398443,311.2254333070948,220,14:28
89.0%,4450000,17800.000001791337,-3533857.8858488016,575992.9416006848,311.2613031862608,220,14:24
89.0%,4452500,17810.000001793374,-3529839.1288729254,574121.6035658894,310.25004927437476,220,14:20
89.1%,4455000,17820.00000179541,-3531399.502213098,575435.0713928798,310.95983524221344,220,14:16
89.2%,4457500,17830.00000179745,-3533529.0076623242,574352.7875757598,310.3749789931108,220,14:12
89.2%,4460000,17840.000001799486,-3530837.5939480234,576587.5828096161,311.5826418420885,220,14:08
89.2%,4462500,17850.000001801523,-3529914.195184389,576897.3401401363,311.75003186270453,220,14:05
89.3%,4465000,17860.00000180356,-3531943.8720947932,575965.5743049909,311.2465141506545,220,14:01
89.3%,4467500,17870.000001805598,-3533152.6375579685,576421.4869015098,311.4928851366202,220,13:57
89.4%,4470000,17880.000001807635,-3530378.841069961,576823.6075523928,311.7101874484925,220,13:53
89.5%,4472500,17890.000001809673,-3531388.932813566,574530.5050760771,310.4710159004278,220,13:49
89.5%,4475000,17900.00000181171,-3528452.692036515,576143.0758484773,311.3424343568806,220,13:45
89.5%,4477500,17910.000001813747,-3530694.548006309,575273.9418358074,310.8727623072972,220,13:41
89.6%,4480000,17920.000001815784,-3531778.247922981,576193.3475053648,311.3696006992192,220,13:37
89.7%,4482500,17930.00000181782,-3530389.543297574,576859.2038334918,311.7294233523434,220,13:33
89.7%,4485000,17940.00000181986,-3531212.583227936,577533.2983473033,312.0936978454589,220,13:29
89.8%,4487500,17950.000001821896,-3531797.4228968713,576226.6127337911,311.387576923584,220,13:25
89.8%,4490000,17960.000001823933,-3532184.386533439,575940.6376688681,311.23303862118854,220,13:21
89.8%,4492500,17970.00000182597,-3528641.2489205394,575572.842975911,311.0342857421747,220,13:17
89.9%,4495000,17980.000001828008,-3532205.0438899193,577275.1216522846,311.9541815272198,220,13:13
90.0%,4497500,17990.000001830045,-3532855.0577814467,576247.2229062287,311.39871447175256,220,13:10
90.0%,4500000,18000.000001832082,-3525013.179065399,574034.856860266,310.20317215021345,220,13:06
90.0%,4502500,18010.00000183412,-3531890.4559144545,576922.0131384854,311.7633649247353,220,13:02
90.1%,4505000,18020.000001836157,-3527625.3844486233,573620.6111052607,309.9793175432733,220,12:58
90.2%,4507500,18030.000001838194,-3529865.7912192643,574920.2720533,310.68164240035026,220,12:54
90.2%,4510000,18040.00000184023,-3532956.76523076,575163.9875064191,310.8133439960914,220,12:50
90.2%,4512500,18050.00000184227,-3528604.198732253,575046.2831184807,310.74973762432126,220,12:46
90.3%,4515000,18060.000001844306,-3529836.6647497546,575159.2158459635,310.8107654345423,220,12:42
90.3%,4517500,18070.000001846343,-3530521.3699392155,575872.5268404052,311.1962321541344,220,12:38
90.4%,4520000,18080.00000184838,-3532616.0076879356,577307.2484201253,311.9715425379251,220,12:34
90.5%,4522500,18090.000001850418,-3533478.7162260786,574827.2637973906,310.6313815918393,220,12:30
90.5%,4525000,18100.000001852455,-3531554.043589793,574085.7255453418,310.2306611211097,220,12:26
90.5%,4527500,18110.000001854492,-3533349.3655220643,574685.0566717053,310.55453416530634,220,12:22
90.6%,4530000,18120.00000185653,-3530816.074883787,575572.2953222024,311.0339897951331,220,12:18
90.7%,4532500,18130.000001858567,-3529329.4797851685,575746.4906226036,311.12812333791766,220,12:15
90.7%,4535000,18140.000001860604,-3528093.4514069855,573991.1093222578,310.1795313818843,220,12:11
90.8%,4537500,18150.00000186264,-3529928.3075693045,575736.4381919497,311.1226910965836,220,12:07
90.8%,4540000,18160.00000186468,-3528906.368808942,575650.3911431581,311.07619206055756,220,12:03
90.8%,4542500,18170.000001866716,-3530937.0028654374,574660.6096406146,310.5413232139096,220,11:59
90.9%,4545000,18180.000001868753,-3528491.389429562,576188.3598126789,311.36690539583407,220,11:55
91.0%,4547500,18190.00000187079,-3529130.956821192,574360.9292605558,310.3793786849068,220,11:51
91.0%,4550000,18200.000001872828,-3532152.624471573,575507.4984116526,310.9989741389271,220,11:47
91.0%,4552500,18210.000001874865,-3533103.6203452107,576000.0741882632,311.2651575711749,220,11:43
91.1%,4555000,18220.000001876902,-3528024.7639955617,575343.1296422542,310.9101507633769,220,11:39
91.2%,4557500,18230.00000187894,-3533278.4763545673,574335.101881355,310.3654218060506,220,11:35
91.2%,4560000,18240.000001880977,-3529565.231820382,574727.3469802842,310.5773874602162,220,11:31
91.2%,4562500,18250.000001883014,-3533570.989360852,575066.0003165936,310.7603926173542,220,11:27
91.3%,4565000,18260.00000188505,-3530718.3500875067,575728.7231151196,311.11852193981986,220,11:23
91.3%,4567500,18270.00000188709,-3529677.1877515167,576011.1912544556,311.27116513179027,220,11:20
91.4%,4570000,18280.000001889126,-3528475.1745186895,574881.4710340365,310.6606746853859,220,11:16
91.5%,4572500,18290.000001891163,-3532751.577989457,573487.8068851245,309.9075513606647,220,11:12
91.5%,4575000,18300.0000018932,-3528772.9051737487,572424.3555061815,309.33287198843976,220,11:08
91.5%,4577500,18310.000001895238,-3531221.1328818128,576533.3688580866,311.55334511988036,220,11:04
91.6%,4580000,18320.000001897275,-3530727.3715539295,576468.1504796408,311.51810170628863,220,11:00
91.7%,4582500,18330.000001899312,-3528090.165285414,578558.9929179489,312.64797378474907,220,10:56
91.7%,4585000,18340.00000190135,-3530149.3821228165,574659.3069368112,310.54061924472137,220,10:52
91.8%,4587500,18350.000001903387,-3530989.8665380366,575127.3209418111,310.7935297208478,220,10:48
91.8%,4590000,18360.000001905424,-3532514.526652895,575652.4313789427,311.0772945852645,220,10:44
91.8%,4592500,18370.00000190746,-3529110.494840447,576535.7887179242,311.55465278994393,220,10:40
91.9%,4595000,18380.0000019095,-3532357.6242338326,576990.7312209622,311.8004995462895,220,10:36
92.0%,4597500,18390.000001911536,-3530091.757098032,576952.8910819072,311.7800510821776,220,10:32
92.0%,4600000,18400.000001913573,-3531174.7025388256,576493.551901523,311.5318284017163,220,10:28
92.0%,4602500,18410.00000191561,-3530881.922780156,573522.1424252008,309.9261059716292,220,10:24
92.1%,4605000,18420.000001917648,-3532400.3636734355,574180.3515627615,310.2817961531042,220,10:21
92.2%,4607500,18430.000001919685,-3528360.3818059918,576683.909837493,311.6346960845341,220,10:17
92.2%,4610000,18440.000001921722,-3527081.6293366924,577483.9058265223,312.0670065802097,220,10:13
92.2%,4612500,18450.00000192376,-3530367.7723985873,575502.3127826251,310.99617187255825,220,10:09
92.3%,4615000,18460.000001925797,-3532363.5909175333,575410.2801197453,310.94643826557325,220,10:05
92.3%,4617500,18470.000001927834,-3530045.38094276,575192.6206758651,310.8288170982641,220,10:01
92.4%,4620000,18480.00000192987,-3532235.6455870196,575233.8424936014,310.85109299052175,220,9:57
92.5%,4622500,18490.00000193191,-3530229.545498712,577515.911140318,312.08430195826287,220,9:53
92.5%,4625000,18500.000001933946,-3528959.8978296593,576819.9153457667,311.70819221389314,220,9:49
92.5%,4627500,18510.000001935983,-3528522.9304401856,576898.6358247066,311.7507320387636,220,9:45
92.6%,4630000,18520.00000193802,-3534758.432384575,575710.2434664607,311.1085357071622,220,9:41
92.7%,4632500,18530.000001940058,-3532283.671948608,577493.672490086,312.0722843956291,220,9:37
92.7%,4635000,18540.000001942095,-3530469.1555364337,575466.9746780928,310.9770754849562,220,9:33
92.8%,4637500,18550.000001944132,-3530853.669842696,575704.8411916967,311.1056163674242,220,9:29
92.8%,4640000,18560.00000194617,-3529264.0360102598,573235.5100270339,309.7712124523772,220,9:26
92.8%,4642500,18570.000001948207,-3530287.042041324,576219.5675991259,311.38376979742213,220,9:22
92.9%,4645000,18580.000001950244,-3527944.287835844,576631.3894870777,311.60631456883596,220,9:18
93.0%,4647500,18590.00000195228,-3531940.7036569417,573869.9037671965,310.11403301151023,220,9:14
93.0%,4650000,18600.00000195432,-3529523.108841745,576170.6787399073,311.35735070626214,220,9:10
93.0%,4652500,18610.000001956356,-3532440.747698568,576338.9970621159,311.44830838392943,220,9:06
93.1%,4655000,18620.000001958393,-3530200.9080233015,577309.0826064628,311.9725337154004,220,9:02
93.2%,4657500,18630.00000196043,-3529610.2358699087,575858.1500610714,311.18846307443243,220,8:58
93.2%,4660000,18640.000001962468,-3530527.059130663,575309.5443494993,310.89200157918424,220,8:54
93.2%,4662500,18650.000001964505,-3532075.317175081,575786.4274942803,311.1497048571091,220,8:50
93.3%,4665000,18660.000001966542,-3527630.0814640075,575112.4867486891,310.7855134589297,220,8:46
93.3%,4667500,18670.00000196858,-3530086.5717139915,574553.6154901595,310.4835045562514,220,8:42
93.4%,4670000,18680.000001970617,-3530236.733096745,575785.9277913872,311.1494348222485,220,8:38
93.5%,4672500,18690.000001972654,-3530546.3597010467,576975.5989572188,311.79232220974114,220,8:34
93.5%,4675000,18700.00000197469,-3530630.1188707147,575285.3352272373,310.8789191915367,220,8:31
93.5%,4677500,18710.00000197673,-3527772.9331426583,576704.5144665356,311.64583063710285,220,8:27
93.6%,4680000,18720.000001978766,-3530896.862739142,576696.5484201333,311.64152585868396,220,8:23
93.7%,4682500,18730.000001980803,-3526697.6122148708,574144.1122582429,310.26221276529446,220,8:19
93.7%,4685000,18740.00000198284,-3530925.4378296994,572871.4093410927,309.57445578087686,220,8:15
93.8%,4687500,18750.000001984878,-3530958.7933353744,576464.4430982878,311.516098271406,220,8:11
93.8%,4690000,18760.000001986915,-3532325.979452567,574343.0789631939,310.36973254791826,220,8:07
93.8%,4692500,18770.000001988952,-3534550.3762594797,575579.9877643334,311.03814672031297,220,8:03
93.9%,4695000,18780.00000199099,-3533132.7433084697,575353.128782769,310.9155542072085,220,7:59
94.0%,4697500,18790.000001993027,-3530384.933105264,575324.7556031132,310.90022160113415,220,7:55
94.0%,4700000,18800.000001995064,-3531949.521535253,574684.9043649589,310.55445186013736,220,7:51
94.0%,4702500,18810.0000019971,-3529959.520357216,577806.1816689151,312.24116148983387,220,7:47
94.1%,4705000,18820.00000199914,-3529518.196938783,576383.9569992848,311.4726043216461,220,7:43
94.2%,4707500,18830.000002001176,-3531141.3065832052,576301.4656089307,311.42802673083065,220,7:39
94.2%,4710000,18840.000002003213,-3530416.3283905163,576001.8174578318,311.26609961806224,220,7:35
94.2%,4712500,18850.00000200525,-3529739.6878851578,575935.1624635673,311.23007987045736,220,7:32
94.3%,4715000,18860.000002007288,-3528922.4126636647,575200.9579589877,310.8333224896019,220,7:28
94.3%,4717500,18870.000002009325,-3530581.3571755067,573103.3773643913,309.6998091732793,220,7:24
94.4%,4720000,18880.000002011362,-3530906.1542906053,574836.1086482905,310.6361612681491,220,7:20
94.5%,4722500,18890.0000020134,-3526326.170115581,575750.3239701651,311.1301948437842,220,7:16
94.5%,4725000,18900.000002015437,-3530012.749783622,575434.5770491115,310.95956810337464,220,7:12
94.5%,4727500,18910.000002017474,-3530993.5785467513,575869.4434434257,311.19456591468463,220,7:08
94.6%,4730000,18920.00000201951,-3527537.7051096223,576139.6946592703,311.34060719324214,220,7:04
94.7%,4732500,18930.00000202155,-3529744.0091644097,575578.2914252756,311.0372300342434,220,7:00
94.7%,4735000,18940.000002023586,-3530936.614299493,575231.2938961664,310.84971575184125,220,6:56
94.8%,4737500,18950.000002025623,-3531131.4582303464,574319.7533635698,310.35712760780143,220,6:52
94.8%,4740000,18960.00000202766,-3534240.6531082615,575904.007824579,311.21324418926855,220,6:48
94.8%,4742500,18970.000002029697,-3528537.5084544327,577361.1678445978,312.00068010041275,220,6:44
94.9%,4745000,18980.000002031735,-3529659.2793026473,577412.439014182,312.028386570246,220,6:40
95.0%,4747500,18990.000002033772,-3524561.919179827,576030.236578481,311.28145705022814,220,6:37
95.0%,4750000,19000.00000203581,-3529140.2910046615,575744.7021169264,311.12715684585226,220,6:33
95.0%,4752500,19010.000002037847,-3533467.9080367833,576985.9502097535,311.7979159316791,220,6:29
95.1%,4755000,19020.000002039884,-3532744.398981178,576672.6126364439,311.62859118069423,220,6:25
95.2%,4757500,19030.00000204192,-3528581.9839748014,574051.3792446663,310.21210069521595,220,6:21
95.2%,4760000,19040.00000204396,-3527629.831018891,574699.8830977711,310.56254622997847,220,6:17
95.2%,4762500,19050.000002045996,-3528464.44191006,575166.8578117788,310.8148950827841,220,6:13
95.3%,4765000,19060.000002048033,-3531566.2912213206,574635.9425030628,310.52799331899996,220,6:09
95.3%,4767500,19070.00000205007,-3532018.617068013,576907.3838809447,311.75545940812583,220,6:05
95.4%,4770000,19080.000002052107,-3530882.862923056,577143.4801596489,311.883043671889,220,6:01
95.5%,4772500,19090.000002054145,-3528231.492403427,575044.4461099138,310.748744921739,220,5:57
95.5%,4775000,19100.000002056182,-3528697.3295929823,576866.6869027264,311.7334671343303,220,5:53
95.5%,4777500,19110.00000205822,-3531314.7805307265,577466.8040961414,312.05776496195256,220,5:49
95.6%,4780000,19120.000002060257,-3531058.6716274284,574934.5433970335,310.68935450362073,220,5:45
95.7%,4782500,19130.000002062294,-3534205.9688900057,574177.4134519193,310.2802084249506,220,5:41
95.7%,4785000,19140.00000206433,-3528976.1085421536,575923.7265395836,311.2239000020159,220,5:38
95.8%,4787500,19150.00000206637,-3530087.652528921,576166.1042584614,311.3548786984415,220,5:34
95.8%,4790000,19160.000002068406,-3532649.8136736825,576506.8190363917,311.5389978397259,220,5:30
95.8%,4792500,19170.000002070443,-3532335.1635791976,574697.2079445681,310.56110060172153,220,5:26
95.9%,4795000,19180.00000207248,-3531669.58317329,575668.9714903643,311.0862327097867,220,5:22
96.0%,4797500,19190.000002074517,-3530983.50429778,577624.7210391557,312.14310182969473,220,5:18
96.0%,4800000,19200.000002076555,-3534417.68349202,575035.6252420766,310.7439782056563,220,5:14
96.0%,4802500,19210.000002078592,-3530745.9815597665,575759.9131842986,311.1353767671588,220,5:10
96.1%,4805000,19220.00000208063,-3530528.081172319,576566.8781019561,311.57145320795274,220,5:06
96.2%,4807500,19230.000002082666,-3531141.036704734,579118.9932836287,312.9505928465763,220,5:02
96.2%,4810000,19240.000002084704,-3531062.23058467,575540.0865391362,311.0165844641522,220,4:58
96.2%,4812500,19250.00000208674,-3533026.6345659047,575632.1108565506,311.0663135613242,220,4:54
96.3%,4815000,19260.00000208878,-3529773.2868327554,575442.1012569057,310.9636341162618,220,4:50
96.3%,4817500,19270.000002090816,-3528763.0626988597,575360.916399143,310.91976256367656,220,4:46
96.4%,4820000,19280.000002092853,-3531176.7611735314,575998.8096587874,311.2644742310433,220,4:43
96.5%,4822500,19290.00000209489,-3531418.1448623,575575.0661816048,311.0354871421425,220,4:39
96.5%,4825000,19300.000002096927,-3531281.0628979225,577825.3464357359,312.25151795406305,220,4:35
96.5%,4827500,19310.000002098965,-3534078.883880714,573739.8003234057,310.04372630366964,220,4:31
96.6%,4830000,19320.000002101002,-3532903.852395987,576437.0340369721,311.50128666604064,220,4:27
96.7%,4832500,19330.00000210304,-3529533.6465076916,575119.7611831345,310.78944449658985,220,4:23
96.7%,4835000,19340.000002105076,-3527962.19207298,575410.1796714726,310.946383984248,220,4:19
96.8%,4837500,19350.000002107114,-3530024.7473330796,577628.9256343537,312.1453739543792,220,4:15
96.8%,4840000,19360.00000210915,-3532629.30917868,576283.0086887924,311.41805278045706,220,4:11
96.8%,4842500,19370.00000211119,-3531536.7699083686,575998.9267375477,311.26453749933165,220,4:07
96.9%,4845000,19380.000002113225,-3531930.895086266,578192.2897924127,312.4498107787586,220,4:03
97.0%,4847500,19390.000002115263,-3530485.299456546,574432.6458706623,310.4181336832924,220,3:59
97.0%,4850000,19400.0000021173,-3528779.1045843046,577962.6078476171,312.32569276221363,220,3:55
97.0%,4852500,19410.000002119337,-3533648.851062106,574492.2541516349,310.45034545166,220,3:51
97.1%,4855000,19420.000002121375,-3530506.1334373504,575022.0991203052,310.7366688134996,220,3:47
97.2%,4857500,19430.000002123412,-3529033.815708561,574734.1892819926,310.5810849773084,220,3:44
97.2%,4860000,19440.00000212545,-3530311.688656904,575311.6549507541,310.8931421287459,220,3:40
97.2%,4862500,19450.000002127486,-3530205.6290677823,576311.9108474496,311.43367124193253,220,3:36
97.3%,4865000,19460.000002129524,-3531702.0849864725,572037.9494072588,309.12406167632804,220,3:32
97.3%,4867500,19470.00000213156,-3530096.901884632,576663.3431794064,311.62358205112173,220,3:28
97.4%,4870000,19480.000002133598,-3528566.003627736,575155.4741832605,310.8087434743325,220,3:24
97.5%,4872500,19490.000002135635,-3528787.479135059,576312.7827135086,311.4341423903549,220,3:20
97.5%,4875000,19500.000002137673,-3531574.7748535667,575179.6073367809,310.82178480916883,220,3:16
97.5%,4877500,19510.00000213971,-3526023.446353089,575131.64825265,310.79586815993923,220,3:12
97.6%,4880000,19520.000002141747,-3527255.5003861897,575774.2896695617,311.14314568794765,220,3:08
97.7%,4882500,19530.000002143785,-3532589.8777080495,576164.5445226346,311.35403583150514,220,3:04
97.7%,4885000,19540.00000214582,-3530433.0768651087,576450.8198980755,311.5087364189502,220,3:00
97.8%,4887500,19550.00000214786,-3530868.821940616,575110.7276361228,310.7845628506318,220,2:56
97.8%,4890000,19560.000002149896,-3532813.3766545057,573643.8623650605,309.9918823108309,220,2:52
97.8%,4892500,19570.000002151934,-3532735.8044185676,575888.7863469302,311.2050186423439,220,2:49
97.9%,4895000,19580.00000215397,-3526961.5889623314,576279.7640007064,311.41629938077256,220,2:45
98.0%,4897500,19590.000002156008,-3531355.735086916,576086.5149182421,311.3118693489041,220,2:41
98.0%,4900000,19600.000002158045,-3530054.387862202,573071.2751537212,309.6824614330438,220,2:37
98.0%,4902500,19610.000002160083,-3527875.975970166,574860.7260078692,310.64946426349866,220,2:33
98.1%,4905000,19620.00000216212,-3527605.2635860257,575608.5889946511,311.0536025628736,220,2:29
98.2%,4907500,19630.000002164157,-3529407.348852705,575877.4861161874,311.1989121012854,220,2:25
98.2%,4910000,19640.000002166194,-3535396.5468243733,575480.2335120597,310.98424043723463,220,2:21
98.2%,4912500,19650.00000216823,-3526491.7998044044,574634.2626409443,310.52708553691724,220,2:17
98.3%,4915000,19660.00000217027,-3526857.038888531,575106.0092770611,310.78201309266706,220,2:13
98.3%,4917500,19670.000002172306,-3530031.7800076865,576384.1595047214,311.47271375372685,220,2:09
98.4%,4920000,19680.000002174344,-3531169.4602186196,576085.3531877748,311.3112415604138,220,2:05
98.5%,4922500,19690.00000217638,-3530110.332184054,574905.6094703483,310.6737188749943,220,2:01
98.5%,4925000,19700.000002178418,-3528574.5963442866,575772.3767266579,311.1421119511461,220,1:57
98.5%,4927500,19710.000002180455,-3528912.556517536,576376.7883112045,311.4687304283518,220,1:53
98.6%,4930000,19720.000002182493,-3530730.0541601703,573877.0975446848,310.1179204628905,220,1:50
98.7%,4932500,19730.00000218453,-3530022.73886252,574230.683266975,310.3089949444671,220,1:46
98.7%,4935000,19740.000002186567,-3530953.4086690824,577687.8214630756,312.1772007200845,220,1:42
98.8%,4937500,19750.000002188604,-3530563.736718893,576349.2985389795,311.4538752075512,220,1:38
98.8%,4940000,19760.00000219064,-3532686.4807981364,575073.132223954,310.76424663468475,220,1:34
98.8%,4942500,19770.00000219268,-3530957.85871003,575634.6094971088,311.0676638037667,220,1:30
98.9%,4945000,19780.000002194716,-3531667.706148673,576271.6987675065,311.4119410027179,220,1:26
99.0%,4947500,19790.000002196753,-3526789.492240006,577112.1451561913,311.8661105233951,220,1:22
99.0%,4950000,19800.00000219879,-3533408.764353562,577954.3098162194,312.32120858214785,220,1:18
99.0%,4952500,19810.000002200828,-3534336.6631557643,576814.5386996334,311.7052867236322,220,1:14
99.1%,4955000,19820.000002202865,-3529961.425142158,576950.2839916139,311.7786422344928,220,1:10
99.2%,4957500,19830.000002204903,-3528999.5336584877,574961.2547182713,310.70378905664705,220,1:06
99.2%,4960000,19840.00000220694,-3529226.7523523793,576220.3443165345,311.3841895283864,220,1:02
99.2%,4962500,19850.000002208977,-3530275.987396879,574253.6605995572,310.32141168426847,220,0:58
99.3%,4965000,19860.000002211014,-3534071.7805176657,576688.751571723,311.6373125133083,220,0:55
99.3%,4967500,19870.00000221305,-3531958.5937707163,577102.7057853132,311.86100957394143,220,0:51
99.4%,4970000,19880.00000221509,-3528088.6453632955,574989.3232013551,310.7189570074883,220,0:47
99.5%,4972500,19890.000002217126,-3530005.6613861937,577532.3038178594,312.09316041086834,220,0:43
99.5%,4975000,19900.000002219163,-3532348.987384947,575490.2968154723,310.9896785541078,220,0:39
99.5%,4977500,19910.0000022212,-3527517.4868805353,577136.7577857785,311.8794109627006,220,0:35
99.6%,4980000,19920.000002223238,-3531612.5263176784,575949.4255664244,311.2377875204338,220,0:31
99.7%,4982500,19930.000002225275,-3528900.8130669296,575286.4039803982,310.8794967359433,220,0:27
99.7%,4985000,19940.000002227313,-3532457.0785588063,575890.584891216,311.2059905591815,220,0:23
99.8%,4987500,19950.00000222935,-3532249.9236202426,575207.741161193,310.83698806986473,220,0:19
99.8%,4990000,19960.000002231387,-3533409.437893655,576640.9970853867,311.61150642685044,220,0:15
99.8%,4992500,19970.000002233424,-3529219.6031017527,576798.3210515517,311.6965228553415,220,0:11
99.9%,4995000,19980.00000223546,-3526042.8790511284,576991.8764834944,311.8011184356586,220,0:07
100.0%,4997500,19990.0000022375,-3530688.954873398,574554.0263552608,310.48372658398404,220,0:03
100.0%,5000000,20000.000002239536,-3530340.987885624,577855.1617134905,312.26762985672445,220,0:00
100.0%,5002500,20010.000002241573,-3528554.3008077443,575693.1734296116,311.099311215799,220,23:59:57
100.1%,5005000,20020.00000224361,-3531347.4256229587,579145.7324243486,312.9650424329956,220,23:59:53
100.2%,5007500,20030.000002245648,-3529998.888809491,577406.7413324387,312.02530759528565,220,23:59:49
100.2%,5010000,20040.000002247685,-3531602.019991813,575495.9366378885,310.9927262624185,220,23:59:45
100.2%,5012500,20050.000002249722,-3529310.7578999028,574130.7373091336,310.2549850654581,220,23:59:41
100.3%,5015000,20060.00000225176,-3531155.365845619,574507.9663855047,310.4588361987457,220,23:59:37
100.3%,5017500,20070.000002253797,-3529715.661552118,576211.264514328,311.37928288654524,220,23:59:33
100.4%,5020000,20080.000002255834,-3534787.816599533,575617.7471274415,311.0585515338439,220,23:59:29
100.5%,5022500,20090.00000225787,-3530965.1824359894,577465.6344847926,312.0571329147062,220,23:59:25
100.5%,5025000,20100.00000225991,-3533513.580000896,576037.4522286523,311.2853563214057,220,23:59:21
100.5%,5027500,20110.000002261946,-3532545.8859585337,576188.9412442289,311.3672195961113,220,23:59:17
100.6%,5030000,20120.000002263983,-3530029.6332142353,577452.465306496,312.0500164115298,220,23:59:13
100.7%,5032500,20130.00000226602,-3532621.9841689225,576373.1336588105,311.4667554877151,220,23:59:09
100.7%,5035000,20140.000002268058,-3530800.465248853,576709.7253172122,311.64864653301953,220,23:59:05
100.8%,5037500,20150.000002270095,-3532037.3401828893,576124.9379608359,311.33263280874246,220,23:59:02
100.8%,5040000,20160.000002272132,-3531842.490319742,574675.2364290089,310.549227396215,220,23:58:58
100.8%,5042500,20170.00000227417,-3530826.7152691428,577620.1703496168,312.14064267880246,220,23:58:54
100.9%,5045000,20180.000002276207,-3531197.4294232912,576752.9399321493,311.6719993146085,220,23:58:50
101.0%,5047500,20190.000002278244,-3530843.577551285,576279.3862347753,311.4160952395279,220,23:58:46
101.0%,5050000,20200.00000228028,-3530181.6817378774,574907.5152762195,310.6747487550088,220,23:58:42
101.0%,5052500,20210.00000228232,-3532520.8991289083,576401.5864449958,311.48213111242796,220,23:58:38
101.1%,5055000,20220.000002284356,-3528095.450870376,576435.7812349438,311.50060966331404,220,23:58:34
101.2%,5057500,20230.000002286393,-3529739.6235261112,576259.2042543709,311.4051890824071,220,23:58:30
101.2%,5060000,20240.00000228843,-3528801.408269031,573748.7820709497,310.0485799576705,220,23:58:26
101.2%,5062500,20250.000002290468,-3526418.932482317,575893.9448971502,311.2078062755735,220,23:58:22
101.3%,5065000,20260.000002292505,-3533112.45077144,576458.0011401151,311.512617096289,220,23:58:18
101.3%,5067500,20270.000002294542,-3530263.9555048123,573538.1813676709,309.9347732690463,220,23:58:14
101.4%,5070000,20280.00000229658,-3528002.5513699297,576103.5778859154,311.3210900201496,220,23:58:10
101.5%,5072500,20290.000002298617,-3531191.0082396753,575521.9294700467,311.00677255053546,220,23:58:07
101.5%,5075000,20300.000002300654,-3529952.835216483,574597.7865373107,310.5073741850374,220,23:58:03
101.5%,5077500,20310.00000230269,-3531865.6517661493,574197.1843533647,310.290892438772,220,23:57:59
101.6%,5080000,20320.00000230473,-3530567.437349923,575086.739280013,310.7715997629882,220,23:57:55
101.7%,5082500,20330.000002306766,-3529440.1986421756,576979.202063059,311.79426929509293,220,23:57:51
101.7%,5085000,20340.000002308803,-3531452.409374345,576705.4937652019,311.6463598411209,220,23:57:47
101.8%,5087500,20350.00000231084,-3530312.7471937165,574884.4840323904,310.66230288206407,220,23:57:43
101.8%,5090000,20360.000002312878,-3528912.4022772033,574825.3764298622,310.6303616757361,220,23:57:39
101.8%,5092500,20370.000002314915,-3529990.3348379564,574685.1699577008,310.5545953840193,220,23:57:35
101.9%,5095000,20380.000002316952,-3530029.040366659,574717.5307734834,310.5720828720859,220,23:57:31
102.0%,5097500,20390.00000231899,-3528911.7756808326,575063.0558736061,310.7588014673674,220,23:57:27
102.0%,5100000,20400.000002321027,-3528454.9550328366,576805.201493549,311.7002409830961,220,23:57:23
102.0%,5102500,20410.000002323064,-3530854.2555709705,575184.1441613361,310.8242364675511,220,23:57:19
102.1%,5105000,20420.0000023251,-3530388.8065300304,575173.1910031929,310.8183174813424,220,23:57:15
102.2%,5107500,20430.00000232714,-3531680.8697927296,575205.0859591524,310.8355532230329,220,23:57:11
102.2%,5110000,20440.000002329176,-3533455.5755466055,575638.5296502358,311.0697822185646,220,23:57:08
102.2%,5112500,20450.000002331213,-3531155.9599751085,574257.0762960324,310.32325749531816,220,23:57:04
102.3%,5115000,20460.00000233325,-3530149.782474436,573988.7341753524,310.1782478742792,220,23:57:00
102.3%,5117500,20470.000002335288,-3528002.6440958455,575753.2328659269,311.1317667843763,220,23:56:56
102.4%,5120000,20480.000002337325,-3526888.6739472244,576616.5134339973,311.5982756861802,220,23:56:52
102.5%,5122500,20490.000002339362,-3530841.5835911073,577136.4059333877,311.87922082489547,220,23:56:48
102.5%,5125000,20500.0000023414,-3532376.9887686577,575801.7028191679,311.15795950258774,220,23:56:44
102.5%,5127500,20510.000002343437,-3529079.44908911,577856.2114924146,312.26819714762746,220,23:56:40
102.6%,5130000,20520.000002345474,-3531928.1682529002,575386.9882371824,310.9338515458471,220,23:56:36
102.7%,5132500,20530.00000234751,-3529152.2772663664,573559.6605799054,309.94638043835107,220,23:56:32
102.7%,5135000,20540.00000234955,-3531484.23015517,575640.6691080597,311.0709383619516,220,23:56:28
102.8%,5137500,20550.000002351586,-3530118.3702966627,575995.5406368133,311.26270768154876,220,23:56:24
102.8%,5140000,20560.000002353623,-3529510.203043308,577504.2331246664,312.07799126570427,220,23:56:20
102.8%,5142500,20570.00000235566,-3529782.8693767916,576729.6214420446,311.6593982164108,220,23:56:16
102.9%,5145000,20580.000002357698,-3528919.1953853127,575537.8791366082,311.01539160407026,220,23:56:13
103.0%,5147500,20590.000002359735,-3528541.8792120833,575849.8555287682,311.1839807852453,220,23:56:09
103.0%,5150000,20600.000002361772,-3532825.912709832,575903.3531780422,311.21289042428384,220,23:56:05
