#"Progress (%)","Step","Time (ps)","Potential Energy (kJ/mole)","Kinetic Energy (kJ/mole)","Temperature (K)","Speed (ns/day)","Time Remaining"
3.0%,152500,610.0000000014564,-3529371.9187119827,573801.3291228092,310.07697590258425,0,--
3.1%,155000,620.0000000015042,-3527324.751873456,576830.0731249329,311.7136813845972,222,2:05:44
3.1%,157500,630.0000000015519,-3528978.0048588756,577012.1755309864,311.8120878547599,222,2:05:55
3.2%,160000,640.0000000015997,-3528562.164483538,576150.7829126712,311.3465991836892,222,2:05:46
3.2%,162500,650.0000000016474,-3527326.763609009,577485.177418869,312.067693737052,222,2:05:43
3.3%,165000,660.0000000016952,-3527842.5234156866,574549.1348042395,310.4810832346728,222,2:05:39
3.4%,167500,670.0000000017429,-3531801.980026448,576038.7191941256,311.28604097792805,222,2:05:35
3.4%,170000,680.0000000017907,-3527584.135054836,574774.3999106267,310.602814432249,222,2:05:27
3.5%,172500,690.0000000018384,-3528235.691810647,575994.4716019427,311.2621299849089,222,2:05:20
3.5%,175000,700.0000000018862,-3528662.9893826004,576426.5383627556,311.4956148999503,222,2:05:18
3.5%,177500,710.0000000019339,-3528845.6147227585,575217.1497333329,310.8420723759627,222,2:05:14
3.6%,180000,720.0000000019817,-3530196.342581833,575319.834932104,310.8975625156484,222,2:05:11
3.6%,182500,730.0000000020294,-3527965.9558886755,577444.6254860996,312.0457798444869,222,2:05:08
3.7%,185000,740.0000000020772,-3529763.674203232,573156.1866241982,309.728346812963,222,2:05:07
3.8%,187500,750.0000000021249,-3527642.283272993,578244.0682022031,312.4777913565475,222,2:05:04
3.8%,190000,760.0000000021727,-3530023.5344690997,574684.8579897131,310.5544267993798,222,2:04:56
3.9%,192500,770.0000000022204,-3528915.244606249,576981.783612845,311.79566434092175,222,2:04:48
3.9%,195000,780.0000000022682,-3526328.0499687158,576340.5008160365,311.44912099875717,222,2:04:43
4.0%,197500,790.0000000023159,-3530706.344753083,575635.3121416226,311.068043506418,222,2:04:40
4.0%,200000,800.0000000023637,-3527732.910895165,576197.9512983657,311.3720885467353,222,2:04:37
4.0%,202500,810.0000000024114,-3528521.0681348555,577091.245326445,311.85481644707335,222,2:04:34
4.1%,205000,820.0000000024592,-3526315.1307921708,575250.3220660978,310.85999840036396,222,2:04:34
4.2%,207500,830.0000000025069,-3526848.209460886,574486.2959613283,310.44712570026115,222,2:04:29
4.2%,210000,840.0000000025547,-3532208.019288549,573917.5728197423,310.13979293033117,222,2:04:29
4.2%,212500,850.0000000026024,-3529106.220692795,577079.4817520196,311.8484595193382,222,2:04:26
4.3%,215000,860.0000000026502,-3532400.4360604994,576203.3250275641,311.3749924607114,222,2:04:22
4.3%,217500,870.0000000026979,-3529177.2480586916,573954.1726226602,310.1595711281697,222,2:04:18
4.4%,220000,880.0000000027457,-3531966.495778756,575608.0489750768,311.0533107412482,222,2:04:16
4.5%,222500,890.0000000027934,-3528421.84216325,574976.2179895117,310.7118750711965,222,2:04:12
4.5%,225000,900.0000000028411,-3530889.0715591963,574011.6717062199,310.19064310559895,222,2:04:09
4.5%,227500,910.0000000028889,-3530960.052729726,575819.8531086138,311.1677677525472,222,2:04:04
4.6%,230000,920.0000000029366,-3532173.770063577,576014.2583528139,311.27282256361457,222,2:03:59
4.7%,232500,930.0000000029844,-3528257.938148802,577215.455388546,311.9219384254972,222,2:03:55
4.7%,235000,940.0000000030321,-3529234.1707720533,573886.1298728584,310.12280145019963,222,2:03:52
4.8%,237500,950.0000000030799,-3529609.9764104337,575045.3327682503,310.74922406377243,222,2:03:49
4.8%,240000,960.0000000031276,-3527186.0994756315,574918.799078678,310.6808464183732,222,2:03:45
4.8%,242500,970.0000000031754,-3530581.181232456,576177.8332205818,311.36121692200453,221,2:03:43
4.9%,245000,980.0000000032231,-3527463.898824688,577050.9626283596,311.8330480464623,221,2:03:39
5.0%,247500,990.0000000032709,-3527921.7625216693,577001.4878289979,311.80631231862264,221,2:03:37
5.0%,250000,1000.0000000033186,-3529606.7910615876,575769.820099019,311.140730373017,221,2:03:35
5.0%,252500,1010.0000000033664,-3530173.1417730413,575392.459051737,310.93680792385936,221,2:03:35
5.1%,255000,1020.0000000034141,-3525944.2601423394,575534.2969240678,311.01345580926596,221,2:03:31
5.2%,257500,1030.0000000032912,-3527298.0824115183,574556.2950136045,310.484952546147,221,2:03:27
5.2%,260000,1040.0000000030548,-3528648.7125120144,576741.0906650092,311.6655960793162,221,2:03:23
5.2%,262500,1050.0000000028183,-3527477.714886103,577427.5319335656,312.0365426454632,221,2:03:20
5.3%,265000,1060.0000000025818,-3527434.4018917195,577833.361417837,312.2558491768847,221,2:03:15
5.3%,267500,1070.0000000023454,-3529575.974591015,574920.8149853584,310.68193579585534,221,2:03:11
5.4%,270000,1080.000000002109,-3528452.2924700826,575461.213107082,310.9739619848215,221,2:03:07
5.5%,272500,1090.0000000018724,-3530366.4190067016,575033.4376124709,310.7427960306802,221,2:03:03
5.5%,275000,1100.000000001636,-3528442.4550139476,575934.7804552985,311.2298734366923,221,2:03:01
5.5%,277500,1110.0000000013995,-3527341.6939071566,574659.5861787552,310.540770144507,221,2:02:57
5.6%,280000,1120.000000001163,-3528400.804283805,575076.8215131024,310.76624029270596,221,2:02:54
5.7%,282500,1130.0000000009265,-3528832.0479028616,576310.408415838,311.4328593416685,221,2:02:50
5.7%,285000,1140.00000000069,-3527994.324901106,577005.3192463769,311.80838278143614,221,2:02:46
5.8%,287500,1150.0000000004536,-3526377.9190038536,575761.6607161111,311.1363211173236,221,2:02:41
5.8%,290000,1160.0000000002171,-3527195.347476175,575076.4511759634,310.76604016591244,221,2:02:39
5.8%,292500,1169.9999999999807,-3527430.647167446,578206.2514171221,312.457355512709,221,2:02:35
5.9%,295000,1179.9999999997442,-3529529.1959374864,572370.2433834871,309.3036302936002,221,2:02:31
6.0%,297500,1189.9999999995077,-3528216.2144240104,577998.8589549174,312.34528252813834,221,2:02:28
6.0%,300000,1199.9999999992713,-3523044.1582325045,577092.9066800862,311.8557142273447,221,2:02:24
6.0%,302500,1209.9999999990348,-3524947.5817008875,575082.3356270301,310.7692200693024,221,2:02:20
6.1%,305000,1219.9999999987983,-3530364.5520865824,575030.673837261,310.74130251190354,221,2:02:17
6.2%,307500,1229.9999999985619,-3529761.6008357704,577200.7317426684,311.91398190229614,221,2:02:13
6.2%,310000,1239.9999999983254,-3529447.8736461345,575867.798978128,311.1936772607192,221,2:02:09
6.2%,312500,1249.999999998089,-3529584.014155077,574423.0761216781,310.4129622787059,221,2:02:05
6.3%,315000,1259.9999999978525,-3530124.4957623314,575540.6065105645,311.0168654519434,221,2:02:01
6.3%,317500,1269.999999997616,-3530117.3694731276,576452.6403071384,311.50972015131276,221,2:01:57
6.4%,320000,1279.9999999973795,-3529362.825794453,574508.8383857966,310.45930741970636,221,2:01:53
6.5%,322500,1289.999999997143,-3530512.929673532,575648.9761535539,311.0754274131524,221,2:01:50
6.5%,325000,1299.9999999969066,-3527801.0901904274,575142.1601002344,310.8015486659693,221,2:01:46
6.5%,327500,1309.99999999667,-3527700.5039006975,578131.3185489369,312.41686247795406,221,2:01:42
6.6%,330000,1319.9999999964336,-3529521.115213843,574519.7214980657,310.46518855376706,221,2:01:39
6.7%,332500,1329.9999999961972,-3532013.096895298,575927.9100593594,311.2261607377355,221,2:01:35
6.7%,335000,1339.9999999959607,-3526719.3673133794,576099.8236532225,311.31906126723254,221,2:01:31
6.8%,337500,1349.9999999957242,-3527120.674418673,574965.9751310267,310.70633992440895,221,2:01:28
6.8%,340000,1359.9999999954878,-3529570.1685242653,576296.1865658346,311.4251739843558,221,2:01:24
6.8%,342500,1369.9999999952513,-3529308.914012667,574649.4116261525,310.53527190959176,221,2:01:20
6.9%,345000,1379.9999999950148,-3528746.675355509,575093.5419266445,310.7752758508405,221,2:01:17
7.0%,347500,1389.9999999947784,-3531736.423879536,574646.6350780934,310.53377148848443,221,2:01:12
7.0%,350000,1399.999999994542,-3526639.3482395113,574954.9330843699,310.70037290366264,221,2:01:08
7.0%,352500,1409.9999999943054,-3530009.373638762,577172.5200898873,311.89873658386347,221,2:01:05
7.1%,355000,1419.999999994069,-3529960.208064828,576049.2810922158,311.2917485307924,221,2:01:01
7.2%,357500,1429.9999999938325,-3526479.9712945074,576961.9152590937,311.7849276647681,221,2:00:57
7.2%,360000,1439.999999993596,-3527398.1972558796,574648.0204184309,310.5345201136978,221,2:00:53
7.2%,362500,1449.9999999933596,-3529272.5552261304,578165.8900667606,312.4355446091292,221,2:00:49
7.3%,365000,1459.999999993123,-3527349.2333093416,574606.70972706,310.51219619494304,221,2:00:45
7.3%,367500,1469.9999999928866,-3529314.3100504708,575992.4343890292,311.2610290937338,221,2:00:42
7.4%,370000,1479.9999999926501,-3530433.5283667203,577245.8216291219,311.9383480634144,221,2:00:38
7.5%,372500,1489.9999999924137,-3529386.063892897,575906.4616577777,311.2145702182249,221,2:00:34
7.5%,375000,1499.9999999921772,-3529219.895675907,575818.4655281678,311.1670179167998,221,2:00:31
7.5%,377500,1509.9999999919407,-3527696.733774727,577148.2937444502,311.88564488897003,221,2:00:27
7.6%,380000,1519.9999999917043,-3528120.9057718404,574970.4664308481,310.7087669816425,221,2:00:23
7.7%,382500,1529.9999999914678,-3531266.440224925,576348.8589029664,311.4536376322817,221,2:00:19
7.7%,385000,1539.9999999912313,-3529974.6765663717,575356.4053193526,310.9173248175291,221,2:00:15
7.8%,387500,1549.9999999909949,-3527071.5455294643,575099.4936779046,310.7784921226377,221,2:00:11
7.8%,390000,1559.9999999907584,-3527184.937820643,573676.2730032679,310.0093967224789,221,2:00:06
7.8%,392500,1569.999999990522,-3528796.910942346,574325.0229158769,310.35997522554095,221,2:00:03
7.9%,395000,1579.9999999902855,-3529514.6782498676,575446.4828783298,310.9660019042954,221,1:59:59
8.0%,397500,1589.999999990049,-3529845.9421638865,575396.396161408,310.9389355018182,221,1:59:55
8.0%,400000,1599.9999999898125,-3527578.7354116794,577159.8077950154,311.89186697629964,221,1:59:51
8.1%,402500,1609.999999989576,-3528281.4890851937,573836.6678891719,310.09607264783335,221,1:59:47
8.1%,405000,1619.9999999893396,-3525399.2949460987,574700.6155384132,310.56294203418423,221,1:59:44
8.2%,407500,1629.9999999891031,-3527609.5709563717,576796.6845551839,311.6956385077127,221,1:59:40
8.2%,410000,1639.9999999888666,-3531141.42999389,575697.9640487216,311.10190002243104,221,1:59:36
8.2%,412500,1649.9999999886302,-3529135.6435047947,574850.8952024975,310.64415178643446,221,1:59:32
8.3%,415000,1659.9999999883937,-3529417.9896725174,575182.8335761067,310.8235282393125,221,1:59:28
8.3%,417500,1669.9999999881572,-3530944.526453322,576834.0756367283,311.7158443052642,221,1:59:24
8.4%,420000,1679.9999999879208,-3531240.403728191,576430.0360924877,311.49750504101974,221,1:59:20
8.4%,422500,1689.9999999876843,-3529228.6698356513,576496.2169409567,311.53326856458506,221,1:59:16
8.5%,425000,1699.9999999874478,-3532363.727444878,576864.9381139501,311.7325221049138,221,1:59:12
8.6%,427500,1709.9999999872114,-3533668.4015496466,576191.2229425657,311.368452604967,221,1:59:09
8.6%,430000,1719.999999986975,-3530365.575840302,575234.4002120375,310.85139437644983,221,1:59:05
8.7%,432500,1729.9999999867384,-3529592.112737788,576520.1582795004,311.5462062443671,221,1:59:01
8.7%,435000,1739.999999986502,-3526378.990423659,576012.0085332015,311.2716067817292,221,1:58:57
8.8%,437500,1749.9999999862655,-3527400.0737880897,577614.8359327804,312.1377600088662,221,1:58:53
8.8%,440000,1759.999999986029,-3530108.981399603,578560.3400829772,312.64870178037546,221,1:58:49
8.8%,442500,1769.9999999857926,-3527102.5897349343,577094.1340162534,311.85637746855355,221,1:58:45
8.9%,445000,1779.999999985556,-3527699.1511226743,576251.292891351,311.4009138543866,221,1:58:41
8.9%,447500,1789.9999999853196,-3531580.415076481,575461.5267671258,310.97413148383265,221,1:58:37
9.0%,450000,1799.9999999850832,-3527813.316108711,575692.2867616164,311.098832068546,221,1:58:33
9.1%,452500,1809.9999999848467,-3527842.9062626995,576764.1237732515,311.67804295977277,221,1:58:30
9.1%,455000,1819.9999999846102,-3529319.4622388203,575776.6400487705,311.14441581131666,221,1:58:26
9.2%,457500,1829.9999999843737,-3529784.341371568,575384.8934849172,310.9327195609341,221,1:58:22
9.2%,460000,1839.9999999841373,-3527957.0283674356,576642.7422531974,311.6124494995303,221,1:58:18
9.2%,462500,1849.9999999839008,-3530473.202962991,576682.7210971822,311.63405370017216,221,1:58:14
9.3%,465000,1859.9999999836643,-3531908.4651366808,574961.3272709441,310.70382826344604,221,1:58:10
9.3%,467500,1869.9999999834279,-3527549.7292163223,573658.1062833602,309.9995795936485,221,1:58:06
9.4%,470000,1879.9999999831914,-3531467.088286601,573886.7124681032,310.12311627932695,221,1:58:02
9.4%,472500,1889.999999982955,-3526850.167849725,578768.8989249305,312.7614050658654,221,1:57:58
9.5%,475000,1899.9999999827185,-3529704.7374421284,574362.0328136026,310.3799750348525,221,1:57:54
9.6%,477500,1909.999999982482,-3528218.2559644263,573323.8239992775,309.81893651304665,221,1:57:50
9.6%,480000,1919.9999999822455,-3525215.093289202,575203.831697481,310.83487543152853,221,1:57:46
9.7%,482500,1929.999999982009,-3528276.401627606,573174.4897030701,309.7382376289271,221,1:57:42
9.7%,485000,1939.9999999817726,-3527372.1628055684,575962.0973057048,311.24463521212795,221,1:57:39
9.8%,487500,1949.9999999815361,-3527803.564455133,574847.3785325731,310.64225141025884,221,1:57:35
9.8%,490000,1959.9999999812997,-3529462.9881801363,575226.6401861038,310.8472009296027,221,1:57:31
9.8%,492500,1969.9999999810632,-3526209.913354818,574722.7848110888,310.57492210582285,221,1:57:27
9.9%,495000,1979.9999999808267,-3529186.049493855,576902.3571267683,311.7527429962695,221,1:57:23
9.9%,497500,1989.9999999805902,-3528354.965748038,576229.3442965365,311.3890530350403,221,1:57:18
10.0%,500000,1999.9999999803538,-3530845.9606860243,575275.6765247951,310.87369971731727,221,1:57:14
10.1%,502500,2009.9999999801173,-3530866.4270027056,575703.5795748595,311.10493460125576,221,1:57:12
10.1%,505000,2019.9999999798808,-3527575.0026053265,577728.6750580809,312.1992776281554,221,1:57:08
10.2%,507500,2029.9999999796444,-3527689.8761676326,572773.694479908,309.5216515660396,221,1:57:04
10.2%,510000,2039.999999979408,-3526371.3131870404,576099.241945309,311.3187469176109,221,1:57:00
10.2%,512500,2049.9999999791717,-3530282.8340146244,576089.9696209936,311.31373623858775,221,1:56:56
10.3%,515000,2059.999999978935,-3524638.8782593776,575956.8774837663,311.24181446822354,221,1:56:53
10.3%,517500,2069.9999999786987,-3527993.4650336374,574739.0178636578,310.58369429855713,221,1:56:49
10.4%,520000,2079.9999999784623,-3527964.332615236,575020.5528818545,310.73583324042147,221,1:56:45
10.4%,522500,2089.999999978226,-3529717.849445369,577719.5406444743,312.19434147481445,221,1:56:41
10.5%,525000,2099.9999999779893,-3526786.899574235,575989.4203968055,311.2594003599776,221,1:56:37
10.6%,527500,2109.999999977753,-3530473.2313336916,576499.4650992063,311.5350238395142,221,1:56:34
10.6%,530000,2119.9999999775164,-3533734.565580381,574565.4825506945,310.4899174069312,221,1:56:30
10.7%,532500,2129.99999997728,-3528583.639769772,574194.9661822484,310.28969375944365,221,1:56:26
10.7%,535000,2139.9999999770434,-3528663.382272383,575263.9656681783,310.8673712778023,221,1:56:22
10.8%,537500,2149.999999976807,-3526084.5891884323,575595.7616246068,311.04667076974204,221,1:56:19
10.8%,540000,2159.9999999765705,-3530898.286875041,575589.5180973413,311.04329682486735,221,1:56:15
10.8%,542500,2169.999999976334,-3532175.0203102864,574257.4876106455,310.3234797659629,221,1:56:11
10.9%,545000,2179.9999999760976,-3529958.103918707,574788.9737705367,310.6106900124869,221,1:56:08
10.9%,547500,2189.999999975861,-3530861.814859798,576557.5526015561,311.56641379306114,221,1:56:04
11.0%,550000,2199.9999999756246,-3530638.6543657295,576350.1740856406,311.4543483449372,221,1:56:00
11.1%,552500,2209.999999975388,-3529879.7113952935,574885.4486727219,310.6628241648524,221,1:55:56
11.1%,555000,2219.9999999751517,-3530349.403288398,575623.3160899803,311.0615609501267,221,1:55:52
11.2%,557500,2229.999999974915,-3531302.9804331735,575975.2638695281,311.2517503024669,221,1:55:48
11.2%,560000,2239.9999999746788,-3528824.1644798834,575618.1227117615,311.058754496166,221,1:55:44
11.2%,562500,2249.9999999744423,-3528787.9357375354,576310.5303774187,311.4329252485882,221,1:55:40
11.3%,565000,2259.999999974206,-3528629.5970151443,577086.4325902637,311.8522156885788,221,1:55:37
11.3%,567500,2269.9999999739694,-3531086.492147753,576625.1745776196,311.60295608876197,221,1:55:33
11.4%,570000,2279.999999973733,-3531123.9436334074,575943.0263598587,311.23432944789306,221,1:55:29
11.4%,572500,2289.9999999734964,-3527188.6166486572,575672.321992004,311.0880432901452,221,1:55:25
11.5%,575000,2299.99999997326,-3525842.4489448257,575947.0954698811,311.2365283576312,221,1:55:21
11.6%,577500,2309.9999999730235,-3528311.702983748,578289.606687321,312.50239993626985,221,1:55:17
11.6%,580000,2319.999999972787,-3531611.2016651537,577364.9955690777,312.00274856761746,221,1:55:13
11.7%,582500,2329.9999999725505,-3530055.0944667812,576429.9611174422,311.4974645251927,221,1:55:09
11.7%,585000,2339.999999972314,-3528232.479910562,576681.1522825361,311.63320592712506,221,1:55:05
11.8%,587500,2349.9999999720776,-3526169.514351066,574280.9101508675,310.3361370918898,221,1:55:01
11.8%,590000,2359.999999971841,-3531207.2431957293,574406.6245961795,310.404072025204,221,1:54:57
11.8%,592500,2369.9999999716047,-3533969.67004559,576325.8608943071,311.44120971931795,221,1:54:53
11.9%,595000,2379.999999971368,-3528712.1133940164,577770.3605687866,312.2218040958412,221,1:54:49
11.9%,597500,2389.9999999711317,-3531887.991173459,573864.0913034828,310.1108920094257,221,1:54:45
12.0%,600000,2399.9999999708953,-3527830.5248151254,576564.0803168615,311.56994131054626,221,1:54:41
12.1%,602500,2409.999999970659,-3528993.139869537,575888.9622450897,311.20511369609613,221,1:54:37
12.1%,605000,2419.9999999704223,-3532175.0568784066,576379.5540036503,311.4702249831853,221,1:54:33
12.2%,607500,2429.999999970186,-3531304.0698142853,577487.2593500831,312.0688187935867,221,1:54:29
12.2%,610000,2439.9999999699494,-3528014.8562465403,577090.844212654,311.85459968885937,221,1:54:26
12.2%,612500,2449.999999969713,-3528977.047427062,574861.7115269636,310.64999682897906,221,1:54:22
12.3%,615000,2459.9999999694764,-3530306.741761433,575027.4104393953,310.73953900162564,221,1:54:18
12.3%,617500,2469.99999996924,-3531161.0428503472,576111.7894234862,311.3255274597445,221,1:54:14
12.4%,620000,2479.9999999690035,-3527845.3833797723,575962.9092610419,311.24507398534564,221,1:54:10
12.4%,622500,2489.999999968767,-3527736.4102361854,577309.1001686587,311.97254320585,221,1:54:06
12.5%,625000,2499.9999999685306,-3526557.162689857,575706.5412643575,311.1065350710987,221,1:54:02
12.6%,627500,2509.999999968294,-3531112.895458201,575602.5974055303,311.05036476306185,221,1:53:58
12.6%,630000,2519.9999999680576,-3528732.3227561973,576901.9690290234,311.7525332718074,221,1:53:54
12.7%,632500,2529.999999967821,-3529592.3618873022,575860.7089065795,311.1898458510778,221,1:53:50
12.7%,635000,2539.9999999675847,-3528553.1398703884,574508.1984873709,310.4589616244656,221,1:53:46
12.8%,637500,2549.9999999673482,-3528305.320560068,576371.448230936,311.4658446979488,221,1:53:43
12.8%,640000,2559.9999999671118,-3528486.0871005394,575234.4989591127,310.8514477384636,221,1:53:39
12.8%,642500,2569.9999999668753,-3530268.383320041,576469.0648130251,311.5185958036641,221,1:53:35
12.9%,645000,2579.999999966639,-3527899.8266482614,575385.7466296193,310.93318059250686,221,1:53:31
12.9%,647500,2589.9999999664024,-3531079.173649214,575644.7433994755,311.0731400716672,221,1:53:27
13.0%,650000,2599.999999966166,-3528997.8509497195,575382.9090849443,310.93164720938773,221,1:53:23
13.1%,652500,2609.9999999659294,-3527153.4803146124,578557.3129334105,312.64706593651175,221,1:53:20
13.1%,655000,2619.999999965693,-3530716.784969572,577293.025254444,311.9638564696321,221,1:53:16
13.2%,657500,2629.9999999654565,-3527906.3336168677,574563.7531770181,310.48898286925663,221,1:53:12
13.2%,660000,2639.99999996522,-3527878.485702472,577565.5319532438,312.11111659049345,221,1:53:08
13.2%,662500,2649.9999999649835,-3526863.326161733,577052.6622034224,311.8339664812394,221,1:53:04
13.3%,665000,2659.999999964747,-3531067.2176327445,576471.8727941222,311.5201132108969,221,1:53:00
13.3%,667500,2669.9999999645106,-3527496.996926734,574450.0242349008,310.4275247919492,221,1:52:56
13.4%,670000,2679.999999964274,-3527614.4053455293,575797.6663947592,311.1557782558555,221,1:52:52
13.4%,672500,2689.9999999640377,-3529877.8945279736,576452.2867738662,311.5095291051747,221,1:52:49
13.5%,675000,2699.999999963801,-3528672.14436551,575813.9811713763,311.1645946115159,221,1:52:45
13.6%,677500,2709.9999999635647,-3528362.2947797813,576581.308707717,311.57925137496227,221,1:52:41
13.6%,680000,2719.9999999633283,-3529312.8341591675,576381.0296568249,311.4710224126275,221,1:52:37
13.7%,682500,2729.999999963092,-3532965.798196826,577345.5419312111,311.9922360001245,221,1:52:33
13.7%,685000,2739.9999999628553,-3528843.051715277,575575.6506507335,311.03580298389943,221,1:52:29
13.8%,687500,2749.999999962619,-3525167.2371383905,576069.3884346484,311.30261435423773,221,1:52:25
13.8%,690000,2759.9999999623824,-3530311.459593283,577546.8172819961,312.1010033537843,221,1:52:21
13.8%,692500,2769.999999962146,-3528618.8780180626,576474.6837652758,311.52163223392876,221,1:52:18
13.9%,695000,2779.9999999619095,-3529961.4625167307,576502.6403206434,311.5367397000587,221,1:52:14
13.9%,697500,2789.999999961673,-3526042.335501548,576879.9572396288,311.74063830268955,221,1:52:09
14.0%,700000,2799.9999999614365,-3527750.2033147756,574979.8829085492,310.7138555598333,221,1:52:06
14.1%,702500,2809.9999999612,-3525378.783737827,576231.1612152972,311.39003488127554,221,1:52:02
14.1%,705000,2819.9999999609636,-3530707.7715310827,573676.2312387675,310.0093741533259,221,1:51:58
14.2%,707500,2829.999999960727,-3524497.314427037,574870.9542686722,310.65499152183276,221,1:51:54
14.2%,710000,2839.9999999604906,-3530655.3544150945,574114.4030147595,310.2461581625808,221,1:51:50
14.2%,712500,2849.999999960254,-3528529.0533285197,575562.0343012108,311.02844483349344,221,1:51:46
14.3%,715000,2859.9999999600177,-3530296.9432814624,575337.9814613254,310.90736873361715,221,1:51:42
14.3%,717500,2869.9999999597812,-3525965.9132842887,575153.5389711449,310.80769770345324,221,1:51:39
14.4%,720000,2879.9999999595448,-3526016.297702873,575308.0931576008,310.89121736839127,221,1:51:35
14.4%,722500,2889.9999999593083,-3530167.1672048774,573796.353732945,310.0742872475312,221,1:51:31
14.5%,725000,2899.999999959072,-3526709.689266069,580394.392837884,313.63980706895455,221,1:51:28
14.6%,727500,2909.9999999588354,-3529925.5408956576,576651.7661200071,311.6173259143961,221,1:51:24
14.6%,730000,2919.999999958599,-3528945.9456834067,576526.0412257402,311.5493853345624,221,1:51:20
14.7%,732500,2929.9999999583624,-3530756.755881954,575378.7880204101,310.9294202239079,221,1:51:16
14.7%,735000,2939.999999958126,-3529630.854739258,575288.3348927457,310.8805401832674,221,1:51:12
14.8%,737500,2949.9999999578895,-3531200.0879137423,576071.3307798976,311.3036639797971,221,1:51:08
14.8%,740000,2959.999999957653,-3529352.5076483656,577398.5648038136,312.02088907420386,221,1:51:04
14.8%,742500,2969.9999999574165,-3527890.497181,574581.7298971114,310.49869732392983,221,1:51:00
14.9%,745000,2979.99999995718,-3529705.2614778075,576020.759270695,311.2763356000174,221,1:50:56
14.9%,747500,2989.9999999569436,-3532361.8943745773,575961.9937091689,311.24457922951,221,1:50:52
15.0%,750000,2999.999999956707,-3525692.352569185,575744.8894746308,311.1272580922374,221,1:50:48
15.1%,752500,3009.9999999564707,-3526729.4571677204,575473.4569618992,310.98057845167585,221,1:50:45
15.1%,755000,3019.999999956234,-3530643.2667012215,573612.3930443025,309.9748765784997,221,1:50:41
15.2%,757500,3029.9999999559977,-3525849.3008484673,575431.5482570681,310.95793137193164,221,1:50:37
15.2%,760000,3039.9999999557613,-3530289.3605954405,577154.8209760924,311.8891721450879,221,1:50:33
15.2%,762500,3049.999999955525,-3528525.477269225,574958.4644607431,310.70228122706834,221,1:50:29
15.3%,765000,3059.9999999552883,-3530883.653630713,575592.3888119088,311.0448481326922,221,1:50:25
15.3%,767500,3069.999999955052,-3530717.419918718,578365.0117949008,312.54314816486266,221,1:50:21
15.4%,770000,3079.9999999548154,-3529671.1351189874,577841.6404836766,312.26032310813673,221,1:50:17
15.4%,772500,3089.999999954579,-3529030.6973086875,575323.4791122361,310.8995317971709,221,1:50:13
15.5%,775000,3099.9999999543425,-3527827.690646505,575422.54541455,310.95306631840026,221,1:50:09
15.6%,777500,3109.999999954106,-3529905.1272295006,574801.3763717704,310.61739226444877,221,1:50:05
15.6%,780000,3119.9999999538695,-3527830.703016909,574762.5439469041,310.5964075781848,221,1:50:01
15.7%,782500,3129.999999953633,-3530416.91845865,575301.4376595595,310.88762079828757,221,1:49:57
15.7%,785000,3139.9999999533966,-3528998.497485552,575494.1873764024,310.99178097755396,221,1:49:53
15.8%,787500,3149.99999995316,-3526041.442101931,575770.5660134469,311.14113345833306,221,1:49:49
15.8%,790000,3159.9999999529236,-3529650.668867668,576112.845616329,311.32609821667035,221,1:49:45
15.8%,792500,3169.999999952687,-3531012.174110355,575195.4902282304,310.8303677780455,221,1:49:41
15.9%,795000,3179.9999999524507,-3529768.304950094,574956.8817630849,310.70142595176884,221,1:49:37
15.9%,797500,3189.9999999522142,-3528602.0835463107,573877.9676555325,310.1183906628128,221,1:49:34
16.0%,800000,3199.9999999519778,-3530876.262112882,575144.2639482549,310.80268556614504,221,1:49:29
16.1%,802500,3209.9999999517413,-3527937.7589411736,574471.9989513304,310.43939972717675,221,1:49:25
16.1%,805000,3219.999999951505,-3530354.2118376046,574524.3107289318,310.4676685320391,221,1:49:22
16.1%,807500,3229.9999999512684,-3528547.950128194,575977.0617523302,311.2527218618447,221,1:49:18
16.2%,810000,3239.999999951032,-3528647.3476224467,575594.9802333653,311.04624851308125,221,1:49:14
16.2%,812500,3249.9999999507954,-3528572.119422922,576062.4831246482,311.29888278804253,221,1:49:10
16.3%,815000,3259.999999950559,-3530148.2717956696,575158.5212055253,310.81039005722005,221,1:49:06
16.4%,817500,3269.9999999503225,-3529277.687029969,575860.940525414,311.1899710157717,221,1:49:02
16.4%,820000,3279.999999950086,-3531179.164357975,574965.5740549047,310.70612318655094,221,1:48:58
16.4%,822500,3289.9999999498496,-3528654.9491290655,575541.6115939864,311.01740858980685,221,1:48:54
16.5%,825000,3299.999999949613,-3530743.205467984,573432.7280945341,309.8777872873594,221,1:48:50
16.6%,827500,3309.9999999493766,-3531687.8817369714,574492.5633459121,310.4505125374118,221,1:48:46
16.6%,830000,3319.99999994914,-3527857.258295318,577012.1751684464,311.81208765884656,221,1:48:42
16.6%,832500,3329.9999999489037,-3528481.614970958,575695.6045373664,311.1006249641339,221,1:48:38
16.7%,835000,3339.999999948667,-3524038.3277363777,576644.2150686632,311.6132453955008,221,1:48:34
16.8%,837500,3349.9999999484307,-3527160.8688166775,573758.861371136,310.0540267190535,221,1:48:30
16.8%,840000,3359.9999999481943,-3527080.5131761506,574040.9237356975,310.2064506340571,221,1:48:26
16.9%,842500,3369.999999947958,-3531578.8496817946,576461.9495706197,311.51475079192244,221,1:48:22
16.9%,845000,3379.9999999477213,-3530234.610323975,576630.4120058175,311.60578634692746,221,1:48:18
16.9%,847500,3389.999999947485,-3529059.6124981884,576419.3321642374,311.4917207363594,221,1:48:14
17.0%,850000,3399.9999999472484,-3527301.102372162,576200.0377551911,311.37321604886876,221,1:48:10
17.1%,852500,3409.999999947012,-3528848.8224787116,576595.4537131476,311.5868952061725,221,1:48:06
17.1%,855000,3419.9999999467755,-3532818.601402918,576211.5420840678,311.37943288268707,221,1:48:02
17.1%,857500,3429.999999946539,-3526139.8356653024,575777.5476857971,311.1449062900419,221,1:47:58
17.2%,860000,3439.9999999463025,-3528906.7051714268,575722.5773798518,311.115200840844,221,1:47:54
17.2%,862500,3449.999999946066,-3526808.5375442095,576072.2950379523,311.30418505600653,221,1:47:50
17.3%,865000,3459.9999999458296,-3530748.4016479086,574996.3844826488,310.72277285914015,221,1:47:46
17.4%,867500,3469.999999945593,-3529467.582587721,576789.7108158785,311.6918699629485,221,1:47:42
17.4%,870000,3479.9999999453566,-3528842.79231192,573852.5205293559,310.1046392692036,221,1:47:38
17.4%,872500,3489.99999994512,-3528608.2688519917,576423.7759732057,311.4941221299715,221,1:47:34
17.5%,875000,3499.9999999448837,-3528649.909878511,576943.7504734441,311.775111581193,221,1:47:30
17.6%,877500,3509.9999999446472,-3534029.068595715,574185.2841052362,310.2844616538209,221,1:47:26
17.6%,880000,3519.999999944411,-3528665.6746384427,575137.1150053763,310.7988223429767,221,1:47:22
17.6%,882500,3529.9999999441743,-3528308.459329037,575735.5241141139,311.12219713730417,221,1:47:18
17.7%,885000,3539.999999943938,-3534002.770490486,576775.5364936212,311.68421028919397,221,1:47:14
17.8%,887500,3549.9999999437014,-3528551.542764945,573191.6435590542,309.7475074153822,221,1:47:10
17.8%,890000,3559.999999943465,-3528673.6676391046,573677.4919662771,310.0100554389099,221,1:47:06
17.9%,892500,3569.9999999432284,-3527512.7820607964,575176.7966380919,310.82026593337434,221,1:47:03
17.9%,895000,3579.999999942992,-3530029.773207022,576228.314549694,311.38849656929045,221,1:46:59
17.9%,897500,3589.9999999427555,-3530499.4628357925,577266.7613641358,311.94966370417677,221,1:46:55
18.0%,900000,3599.999999942519,-3529372.5167812966,576735.6790735221,311.6626717049065,221,1:46:51
18.1%,902500,3609.9999999422826,-3532982.5203223545,575614.2519135887,311.05666275233267,221,1:46:47
18.1%,905000,3619.999999942046,-3532577.2065689024,576284.9832229837,311.4191198006255,221,1:46:43
18.1%,907500,3629.9999999418096,-3528501.2961482275,578009.6783684781,312.35112924000117,221,1:46:39
18.2%,910000,3639.999999941573,-3533766.447312044,575085.1800449137,310.7707571666403,221,1:46:35
18.2%,912500,3649.9999999413367,-3527927.336460244,574591.1043609098,310.50376319819287,221,1:46:31
18.3%,915000,3659.9999999411,-3527908.8661102336,575545.4025647385,311.0194571956342,221,1:46:27
18.4%,917500,3669.9999999408637,-3528248.029417027,575770.174887502,311.1409220974594,221,1:46:23
18.4%,920000,3679.9999999406273,-3531059.2447603755,576216.1071105311,311.3818997811217,221,1:46:19
18.4%,922500,3689.999999940391,-3527072.3244110458,576847.2670633555,311.7229728312345,221,1:46:15
18.5%,925000,3699.9999999401543,-3528807.737624388,576317.0596463274,311.4364536056263,221,1:46:11
18.6%,927500,3709.999999939918,-3528770.1857543327,576422.3138037062,311.4933319869836,221,1:46:07
18.6%,930000,3719.9999999396814,-3528090.213860711,575062.4878573688,310.758494516602,221,1:46:03
18.6%,932500,3729.999999939445,-3527514.3286023997,574366.623979507,310.38245605880155,221,1:46:00
18.7%,935000,3739.9999999392085,-3528948.0837419145,577518.0448664231,312.0854550042816,221,1:45:56
18.8%,937500,3749.999999938972,-3530798.7946358845,577387.7846428462,312.01506357408243,221,1:45:52
18.8%,940000,3759.9999999387355,-3529915.3156693038,574214.8404678167,310.3004336410969,221,1:45:48
18.9%,942500,3769.999999938499,-3528719.588352332,574321.4546997541,310.3580469942724,221,1:45:44
18.9%,945000,3779.9999999382626,-3528301.075292865,575054.9547631771,310.7544237015872,221,1:45:40
18.9%,947500,3789.999999938026,-3529095.9798484053,575725.3027945048,311.11667362992756,221,1:45:36
19.0%,950000,3799.9999999377897,-3531390.840831917,574196.3633947258,310.2904488002526,221,1:45:33
19.1%,952500,3809.999999937553,-3529510.827826226,575399.036730625,310.9403624412063,221,1:45:29
19.1%,955000,3819.9999999373167,-3529263.952939205,576052.3123961901,311.2933866196599,221,1:45:25
19.1%,957500,3829.9999999370802,-3532527.048784109,575117.1241685874,310.78801947811274,221,1:45:21
19.2%,960000,3839.999999936844,-3528306.1362606995,574107.5846160201,310.24247356243376,221,1:45:17
19.2%,962500,3849.9999999366073,-3530273.5007753596,575771.6814772323,311.14173624473267,221,1:45:13
19.3%,965000,3859.999999936371,-3526263.4925341737,575860.0771044078,311.1895044309785,221,1:45:09
19.4%,967500,3869.9999999361344,-3532591.6504377853,575454.3621423144,310.9702597862916,221,1:45:05
19.4%,970000,3879.999999935898,-3528383.2907994557,573993.8900817649,310.1810340788195,221,1:45:01
19.4%,972500,3889.9999999356614,-3531067.506268967,575678.1864995353,311.0912124162315,221,1:44:57
19.5%,975000,3899.999999935425,-3530786.187525481,575252.8164205204,310.8613463266182,221,1:44:53
19.6%,977500,3909.9999999351885,-3529835.40362115,575844.5346704021,311.181105442182,221,1:44:49
19.6%,980000,3919.999999934952,-3530695.7820007,575551.6948224322,311.0228574739853,221,1:44:45
19.6%,982500,3929.9999999347156,-3530004.575191265,574043.3706712261,310.2077729355758,221,1:44:41
19.7%,985000,3939.999999934479,-3530056.704266222,575803.4365533722,311.15889639665164,221,1:44:37
19.8%,987500,3949.9999999342426,-3528745.557052087,576450.9563510686,311.50881015689623,221,1:44:33
19.8%,990000,3959.999999934006,-3530269.9521151297,574922.8217733864,310.6830202457013,221,1:44:29
19.9%,992500,3969.9999999337697,-3528672.6552700642,575782.1432837464,311.14738970902727,221,1:44:25
19.9%,995000,3979.999999933533,-3528459.4311938547,573863.0807525471,310.1103459169679,221,1:44:21
19.9%,997500,3989.9999999332967,-3529394.0088399164,578236.0328389223,312.4734491199232,221,1:44:17
20.0%,1000000,3999.9999999330603,-3527380.722322233,577831.46752956,312.25482573702874,221,1:44:13
20.1%,1002500,4009.999999932824,-3527989.697782818,578824.2911211224,312.7913385006834,221,1:44:10
20.1%,1005000,4019.9999999325873,-3530407.4325028043,575681.7834651286,311.09315618345016,221,1:44:06
20.1%,1007500,4029.999999932351,-3531956.1399618946,575184.3825447934,310.82436528778516,221,1:44:02
20.2%,1010000,4039.9999999321144,-3529562.0837421566,574473.3176751412,310.44011235343,221,1:43:58
20.2%,1012500,4049.999999931878,-3530186.661981456,576024.2323359373,311.2782124126227,221,1:43:54
20.3%,1015000,4059.9999999316415,-3530535.6642695833,573446.1754831438,309.8850541328375,221,1:43:50
20.4%,1017500,4069.999999931405,-3527472.0808976237,574234.9021628052,310.31127479708204,221,1:43:46
20.4%,1020000,4079.9999999311685,-3530375.9669145085,576238.5538267521,311.39402978070785,221,1:43:42
20.4%,1022500,4089.999999930932,-3527765.178401284,575283.6497466866,310.8780083733047,221,1:43:38
20.5%,1025000,4099.999999930696,-3526281.8908483144,577048.5381790939,311.8317378963138,221,1:43:34
20.6%,1027500,4109.999999930459,-3527076.792052746,577285.2839683697,311.9596731496332,221,1:43:31
20.6%,1030000,4119.999999930223,-3528752.335848324,578262.9564705247,312.48799840352336,221,1:43:27
20.6%,1032500,4129.999999929986,-3527998.0056018624,574464.2942065508,310.4352361537584,221,1:43:23
20.7%,1035000,4139.99999992975,-3529900.4408142883,575271.7117103718,310.8715571679644,221,1:43:19
20.8%,1037500,4149.999999929513,-3527576.019432567,577192.9595967106,311.9097819058992,221,1:43:15
20.8%,1040000,4159.999999929277,-3530142.246625807,577479.8571175477,312.0648186950107,221,1:43:11
20.9%,1042500,4169.99999992904,-3531276.3442304283,578108.86572702,312.40472917890594,221,1:43:07
20.9%,1045000,4179.999999928804,-3528724.725331355,575113.4950948262,310.7860583599346,221,1:43:03
20.9%,1047500,4189.999999928567,-3529657.48063739,577827.1408001219,312.252487612121,221,1:42:59
21.0%,1050000,4199.999999928331,-3527489.466348104,573792.0090542829,310.07193942302735,221,1:42:55
21.1%,1052500,4209.999999928094,-3529079.270395888,577155.3826034582,311.88947564336576,221,1:42:51
21.1%,1055000,4219.999999927858,-3531908.8020620253,576487.1746646713,311.52838220140757,221,1:42:47
21.1%,1057500,4229.9999999276215,-3529904.4459449537,574922.2214630966,310.6826958435261,221,1:42:43
21.2%,1060000,4239.999999927385,-3529214.168211937,577864.1643196852,312.2724947825488,221,1:42:39
21.2%,1062500,4249.999999927149,-3527755.4109089784,573480.9279038893,309.90383402229253,221,1:42:35
21.3%,1065000,4259.999999926912,-3531345.627650669,574578.0563592964,310.4967121777848,221,1:42:31
21.4%,1067500,4269.999999926676,-3532377.5084789842,576136.022928809,311.33862302377446,221,1:42:28
21.4%,1070000,4279.999999926439,-3530637.392836379,572834.0216434579,309.5542518119591,221,1:42:24
21.4%,1072500,4289.999999926203,-3531657.5552219823,573911.1402583767,310.1363168331625,221,1:42:20
21.5%,1075000,4299.999999925966,-3531472.2938942667,577162.3769140022,311.8932553046386,221,1:42:16
21.6%,1077500,4309.99999992573,-3529456.9666135814,573884.7895056708,310.12207712806406,221,1:42:12
21.6%,1080000,4319.999999925493,-3529279.1121367533,576862.9996902568,311.7314745985273,221,1:42:08
21.6%,1082500,4329.999999925257,-3528719.233657539,577156.6850432,311.89017946985746,221,1:42:04
21.7%,1085000,4339.99999992502,-3529152.4493346456,576987.3003999582,311.79864556208304,221,1:42:00
21.8%,1087500,4349.999999924784,-3532209.59249459,575110.0637894215,310.7842041139625,221,1:41:56
21.8%,1090000,4359.999999924547,-3529037.4358684868,576417.7470619222,311.4908641616053,221,1:41:52
21.9%,1092500,4369.999999924311,-3527709.498297859,574782.787284178,310.6073468919951,221,1:41:48
21.9%,1095000,4379.9999999240745,-3535076.2799626477,575655.7738252127,311.0791008125751,221,1:41:44
21.9%,1097500,4389.999999923838,-3531486.9798480645,576163.6647287074,311.3535603989355,221,1:41:40
22.0%,1100000,4399.9999999236015,-3528175.1977975834,575829.9477388287,311.17322279813715,221,1:41:36
22.1%,1102500,4409.999999923365,-3530834.805800503,574406.5803918019,310.40404813756385,221,1:41:32
22.1%,1105000,4419.999999923129,-3528335.057934271,577287.941640257,311.9611093311475,221,1:41:28
22.1%,1107500,4429.999999922892,-3532226.943627715,573215.3388751075,309.7603121468667,221,1:41:24
22.2%,1110000,4439.999999922656,-3531263.159570072,577847.1488621968,312.26329978537154,221,1:41:20
22.2%,1112500,4449.999999922419,-3528684.5003135353,574709.6557282993,310.56782726989076,221,1:41:16
22.3%,1115000,4459.999999922183,-3528781.2893228363,574679.7560747853,310.5516697713427,221,1:41:12
22.4%,1117500,4469.999999921946,-3528222.328008298,575134.708556925,310.79752192030327,221,1:41:08
22.4%,1120000,4479.99999992171,-3527262.9791526925,578205.4624340318,312.4569291534828,221,1:41:04
22.4%,1122500,4489.999999921473,-3527533.7223680485,577085.7222542039,311.8518318294866,221,1:41:00
22.5%,1125000,4499.999999921237,-3526218.035971675,576495.1302567992,311.53268133043235,221,1:40:56
22.6%,1127500,4509.999999921,-3532131.494269345,574920.9104194883,310.68198736758393,221,1:40:52
22.6%,1130000,4519.999999920764,-3527198.270424256,576871.01359886,311.7358052412406,221,1:40:49
22.6%,1132500,4529.999999920527,-3530410.281705903,576586.500610688,311.5820570317127,221,1:40:45
22.7%,1135000,4539.999999920291,-3530821.0204074867,577644.3002192646,312.1536822390641,221,1:40:41
22.8%,1137500,4549.9999999200545,-3530515.3211797196,574223.9193378087,310.3053397791779,221,1:40:37
22.8%,1140000,4559.999999919818,-3529565.050006604,575129.4961268385,310.79470517088794,221,1:40:33
22.9%,1142500,4569.999999919582,-3529046.552046148,576963.9820984572,311.786044565805,221,1:40:29
22.9%,1145000,4579.999999919345,-3531109.292211419,575515.7614221786,311.0034393940349,221,1:40:25
22.9%,1147500,4589.999999919109,-3531175.8981812857,573003.2890486284,309.64572236535497,221,1:40:21
23.0%,1150000,4599.999999918872,-3529202.4123439174,575941.8160741441,311.2336754205925,221,1:40:17
23.1%,1152500,4609.999999918636,-3528385.9986732844,575340.0209385853,310.90847084842426,221,1:40:13
23.1%,1155000,4619.999999918399,-3527981.539588155,577731.4974794395,312.200802838773,221,1:40:09
23.1%,1157500,4629.999999918163,-3530784.2063008156,575905.8969759424,311.21426506933983,221,1:40:05
23.2%,1160000,4639.999999917926,-3533128.6122315824,572953.0550407101,309.6185763681741,221,1:40:01
23.2%,1162500,4649.99999991769,-3532119.216481235,575117.4978351453,310.78822140409375,221,1:39:57
23.3%,1165000,4659.999999917453,-3529546.1981364246,576228.4308549404,311.388559419579,221,1:39:54
23.4%,1167500,4669.999999917217,-3529905.040691722,575347.8798290722,310.9127177207692,221,1:39:50
23.4%,1170000,4679.99999991698,-3534696.8215366583,574635.9334535018,310.52798842870016,221,1:39:46
23.4%,1172500,4689.999999916744,-3528188.8553500418,576421.0914064582,311.4926714147214,221,1:39:42
23.5%,1175000,4699.9999999165075,-3526904.8707890194,578131.4377946331,312.4169269172347,221,1:39:38
23.6%,1177500,4709.999999916271,-3529870.4895745944,576579.119446803,311.57806831844215,221,1:39:34
23.6%,1180000,4719.9999999160345,-3527246.759916516,576433.5808239377,311.4994205813864,221,1:39:30
23.6%,1182500,4729.999999915798,-3530551.091833057,576474.046386984,311.5212878005453,221,1:39:26
23.7%,1185000,4739.999999915562,-3533115.9197473284,576925.1419961752,311.765055730736,221,1:39:23
23.8%,1187500,4749.999999915325,-3528571.9850326423,577295.5774809702,311.9652356694403,221,1:39:19
23.8%,1190000,4759.999999915089,-3531147.0945453215,575573.1013983883,311.0344253913114,221,1:39:15
23.9%,1192500,4769.999999914852,-3531032.3023555838,575352.6698997829,310.9153062310513,221,1:39:11
23.9%,1195000,4779.999999914616,-3529564.5474305395,573855.8203639449,310.10642246955257,221,1:39:07
23.9%,1197500,4789.999999914379,-3527888.8205214664,577448.9206763671,312.04810092591606,221,1:39:03
24.0%,1200000,4799.999999914143,-3529465.544501191,575533.735439586,311.01315238820143,221,1:38:59
24.1%,1202500,4809.999999913906,-3527248.63275763,576555.1269136323,311.5651029735532,221,1:38:55
24.1%,1205000,4819.99999991367,-3528850.349872902,576951.3087899229,311.77919602610046,221,1:38:51
24.1%,1207500,4829.999999913433,-3529225.3544561695,576072.3641733535,311.3042224161434,221,1:38:47
24.2%,1210000,4839.999999913197,-3531364.175801629,576810.4276830973,311.7030651679983,221,1:38:43
24.2%,1212500,4849.99999991296,-3534967.5434363782,577950.4453528698,312.3191202615949,221,1:38:39
24.3%,1215000,4859.999999912724,-3527511.645244319,573102.8770722614,309.69953882000044,221,1:38:36
24.4%,1217500,4869.9999999124875,-3531256.675130844,575973.1720618661,311.25061990879044,221,1:38:32
24.4%,1220000,4879.999999912251,-3528907.604573952,573341.963058508,309.8287386943008,221,1:38:28
24.4%,1222500,4889.999999912015,-3527673.6676535066,575446.34382611,310.96592676175106,221,1:38:24
24.5%,1225000,4899.999999911778,-3530221.1998740565,575147.8419639091,310.80461909299044,221,1:38:20
24.6%,1227500,4909.999999911542,-3527660.867624121,574067.3824184942,310.2207486635868,221,1:38:16
24.6%,1230000,4919.999999911305,-3531052.368808452,577096.8271331587,311.85783280423044,221,1:38:12
24.6%,1232500,4929.999999911069,-3529374.9187720437,574685.073821475,310.5545434328846,221,1:38:08
24.7%,1235000,4939.999999910832,-3531511.145909559,572791.263079344,309.5311454760525,221,1:38:04
24.8%,1237500,4949.999999910596,-3527865.0118371043,576458.5837098218,311.5129319116157,221,1:38:00
24.8%,1240000,4959.999999910359,-3530149.8297777195,574127.6193922977,310.2533001717944,221,1:37:57
24.9%,1242500,4969.999999910123,-3530064.979723301,574656.6454292062,310.53918099042045,221,1:37:53
24.9%,1245000,4979.999999909886,-3531042.6462427694,575651.5411786035,311.0768135291653,221,1:37:49
24.9%,1247500,4989.99999990965,-3529672.3103896435,576067.0913912798,311.3013730530676,221,1:37:45
25.0%,1250000,4999.999999909413,-3532098.7193727884,574877.8286826955,310.65870639212545,221,1:37:41
25.1%,1252500,5009.999999909177,-3527942.984046856,575518.5574134181,311.0049503220586,221,1:37:37
25.1%,1255000,5019.9999999089405,-3531828.413665969,577144.3179307973,311.88349639573437,221,1:37:33
25.1%,1257500,5029.999999908704,-3534578.9620569684,574913.7644970063,310.6781257766102,221,1:37:29
25.2%,1260000,5039.9999999084675,-3529758.2952018026,573877.743782013,310.118269683616,221,1:37:25
25.2%,1262500,5049.999999908231,-3530234.288259683,576546.0685417264,311.56020791245,221,1:37:22
25.3%,1265000,5059.999999907995,-3531016.9516885206,576198.1629601758,311.3722029268363,221,1:37:18
25.4%,1267500,5069.999999907758,-3529397.506304059,576495.2983203152,311.53277215041516,221,1:37:14
25.4%,1270000,5079.999999907522,-3530146.9040504433,574189.8645223826,310.2869368692397,221,1:37:10
25.4%,1272500,5089.999999907285,-3528051.6393102966,574923.1999504698,310.6832246091289,221,1:37:06
25.5%,1275000,5099.999999907049,-3530314.7700741794,572691.2277862612,309.4770873210983,221,1:37:02
25.6%,1277500,5109.999999906812,-3528309.8019459117,577333.5545335105,311.985758120344,221,1:36:58
25.6%,1280000,5119.999999906576,-3527371.5909172483,575380.3871828686,310.9302843966345,221,1:36:54
25.6%,1282500,5129.999999906339,-3532558.9431498647,575034.3360300898,310.743281527322,221,1:36:50
25.7%,1285000,5139.999999906103,-3527188.8267364725,574799.0891496595,310.61615627059626,221,1:36:46
25.8%,1287500,5149.999999905866,-3524911.240263654,575670.5853299404,311.08710481389306,221,1:36:42
25.8%,1290000,5159.99999990563,-3525058.0719548054,576383.7152677604,311.4724736921473,221,1:36:38
25.9%,1292500,5169.999999905393,-3529957.5535920803,574989.8698807554,310.7192524280226,221,1:36:34
25.9%,1295000,5179.999999905157,-3530359.724851586,575555.4641105193,311.02489436269923,221,1:36:31
25.9%,1297500,5189.9999999049205,-3532329.01051824,576184.8537933817,311.3650107751597,221,1:36:27
26.0%,1300000,5199.999999904684,-3530868.7361158077,576141.1391854039,311.34138780191694,221,1:36:23
26.1%,1302500,5209.999999904448,-3529259.723426422,574785.9528228169,310.6090575200443,221,1:36:19
26.1%,1305000,5219.999999904211,-3528443.7851323504,574539.9946305862,310.4761439686555,221,1:36:15
26.1%,1307500,5229.999999903975,-3522326.7821810115,572635.6983596205,309.4470797282043,221,1:36:11
26.2%,1310000,5239.999999903738,-3531215.688965926,575480.5621858649,310.9844180495446,221,1:36:07
26.2%,1312500,5249.999999903502,-3531892.281382719,575352.7925135691,310.91537249041687,221,1:36:03
26.3%,1315000,5259.999999903265,-3530910.2619110495,574889.1823720816,310.6648418217445,221,1:35:59
26.4%,1317500,5269.999999903029,-3524314.0045918245,574094.5238651141,310.2354156524249,221,1:35:55
26.4%,1320000,5279.999999902792,-3527155.0422761384,576997.143089864,311.8039644614405,221,1:35:51
26.4%,1322500,5289.999999902556,-3528861.7731194906,575802.4439711713,311.1583600143332,221,1:35:48
26.5%,1325000,5299.999999902319,-3526404.6713701803,576495.8950479068,311.533094616533,221,1:35:44
26.6%,1327500,5309.999999902083,-3531400.450615486,576054.5549770766,311.2945984898042,221,1:35:40
26.6%,1330000,5319.999999901846,-3532544.746635245,576282.9146852647,311.4180019818128,221,1:35:36
26.6%,1332500,5329.99999990161,-3527559.6336574852,575218.9824180589,310.843062741981,221,1:35:32
26.7%,1335000,5339.9999999013735,-3531010.6122683138,576723.8037339714,311.65625438032254,221,1:35:28
26.8%,1337500,5349.999999901137,-3531559.799158495,577463.7556853638,312.0561176287254,221,1:35:24
26.8%,1340000,5359.999999900901,-3525567.276122272,575033.841031464,310.74301403460436,221,1:35:20
26.9%,1342500,5369.999999900664,-3530425.3188682664,576400.4375223592,311.48151024517193,221,1:35:17
26.9%,1345000,5379.999999900428,-3530451.450487701,577110.6819670771,311.8653198294167,221,1:35:13
26.9%,1347500,5389.999999900191,-3526509.868130684,574758.3682141481,310.59415105049925,221,1:35:09
27.0%,1350000,5399.999999899955,-3529605.4502805863,576299.2357198833,311.42682171923985,221,1:35:05
27.1%,1352500,5409.999999899718,-3530900.130408114,577541.5490966254,312.09815647472465,221,1:35:01
27.1%,1355000,5419.999999899482,-3529156.351033693,575445.7432456277,310.9656022135664,221,1:34:57
27.1%,1357500,5429.999999899245,-3534492.357587049,573855.5933166347,310.1062997752684,221,1:34:53
27.2%,1360000,5439.999999899009,-3529790.975784639,574959.4883592029,310.70283453240575,221,1:34:50
27.2%,1362500,5449.999999898772,-3529526.787059108,575422.9436416774,310.9532815166877,221,1:34:46
27.3%,1365000,5459.999999898536,-3531961.827941669,573507.5634813611,309.9182276440824,221,1:34:42
27.4%,1367500,5469.999999898299,-3529900.166669978,576341.0843307847,311.44943632477566,221,1:34:38
27.4%,1370000,5479.999999898063,-3530433.3384049367,576827.9428664391,311.7125302124438,221,1:34:34
27.4%,1372500,5489.9999998978265,-3529570.898483455,576955.4788881259,311.7814495089253,221,1:34:30
27.5%,1375000,5499.99999989759,-3528783.027104344,576125.2372898753,311.3327945634102,221,1:34:26
27.6%,1377500,5509.9999998973535,-3530602.246454796,574929.7393967654,310.6867584659335,221,1:34:22
27.6%,1380000,5519.999999897117,-3530050.287161162,578321.9339774348,312.51986930737246,221,1:34:18
27.6%,1382500,5529.999999896881,-3532086.311757887,576243.3096532052,311.3965997857072,221,1:34:15
27.7%,1385000,5539.999999896644,-3530092.7451702897,575411.7507261441,310.9472329677842,221,1:34:11
27.8%,1387500,5549.999999896408,-3533039.841067817,575902.1534449103,311.21224209950213,221,1:34:07
27.8%,1390000,5559.999999896171,-3528859.152775543,576739.1601731649,311.66455285922814,221,1:34:03
27.9%,1392500,5569.999999895935,-3528628.322342135,576544.8040670843,311.55952460195,221,1:33:59
27.9%,1395000,5579.999999895698,-3527490.94204602,574156.6295983817,310.26897702110847,221,1:33:55
27.9%,1397500,5589.999999895462,-3532245.27103772,575846.4799528315,311.1821566549666,221,1:33:51
28.0%,1400000,5599.999999895225,-3529005.52018792,573389.5814949436,309.8544712606399,221,1:33:47
28.1%,1402500,5609.999999894989,-3528903.1155322436,577061.7175728739,311.8388599198438,221,1:33:43
28.1%,1405000,5619.999999894752,-3531624.408378411,574826.5888065554,310.63101683298225,221,1:33:39
28.1%,1407500,5629.999999894516,-3528787.4537718277,575770.9105470881,311.1413196411531,221,1:33:36
28.2%,1410000,5639.999999894279,-3530343.6545785237,575588.6851949256,311.0428467320405,221,1:33:32
28.2%,1412500,5649.999999894043,-3528650.188472856,574925.0597275144,310.68422961558775,221,1:33:28
28.3%,1415000,5659.9999998938065,-3528558.231149439,575200.0187307461,310.8328149392739,221,1:33:24
28.4%,1417500,5669.99999989357,-3530515.480340004,575513.4056978279,311.0021663822003,221,1:33:20
28.4%,1420000,5679.999999893334,-3532766.345701875,574775.9145175894,310.60363291196103,221,1:33:16
28.4%,1422500,5689.999999893097,-3530320.5589213967,574228.5575543522,310.3078462288607,221,1:33:12
28.5%,1425000,5699.999999892861,-3531180.6718931478,575724.0984746409,311.11602282651796,221,1:33:08
28.6%,1427500,5709.999999892624,-3529584.2404691577,576518.2430754426,311.54517128565874,221,1:33:04
28.6%,1430000,5719.999999892388,-3527116.127037201,573854.0839713756,310.10548413893264,221,1:33:01
28.6%,1432500,5729.999999892151,-3531904.6613914203,575144.7280283722,310.8029363507843,221,1:32:57
28.7%,1435000,5739.999999891915,-3528911.431427961,575772.6616545307,311.1422659235555,221,1:32:53
28.8%,1437500,5749.999999891678,-3532606.0615762547,576401.8722135884,311.48228553915465,221,1:32:49
28.8%,1440000,5759.999999891442,-3530865.1849237587,576138.6576124291,311.34004678263994,221,1:32:45
28.9%,1442500,5769.999999891205,-3530784.236481888,576435.4937802114,311.5004543254129,221,1:32:41
28.9%,1445000,5779.999999890969,-3530346.7083231304,576138.5987324547,311.3400149644418,221,1:32:37
28.9%,1447500,5789.999999890732,-3527849.1992066577,575241.0421904257,310.85498364065694,221,1:32:33
29.0%,1450000,5799.999999890496,-3528562.5114110895,573731.7245625369,310.0393622365594,221,1:32:29
29.1%,1452500,5809.9999998902595,-3529534.8341880813,577004.9261042858,311.80817033105563,221,1:32:25
29.1%,1455000,5819.999999890023,-3532375.3927634135,578693.5032926629,312.72066195764444,221,1:32:22
29.1%,1457500,5829.9999998897865,-3530183.306626495,577078.8720456592,311.8481300396126,221,1:32:18
29.2%,1460000,5839.99999988955,-3529198.8087250926,575325.4616050597,310.90060311811123,221,1:32:14
29.2%,1462500,5849.999999889314,-3530402.2292695623,575766.3604043592,311.13886078575183,221,1:32:10
29.3%,1465000,5859.999999889077,-3528839.3153527733,574912.943644656,310.6776821955281,221,1:32:06
29.4%,1467500,5869.999999888841,-3533684.6574721895,575624.4505115509,311.06217398113967,221,1:32:02
29.4%,1470000,5879.999999888604,-3532595.638072856,575985.8341957298,311.25746240980544,221,1:31:58
29.4%,1472500,5889.999999888368,-3528860.30232843,575132.6912991832,310.79643181271996,221,1:31:54
29.5%,1475000,5899.999999888131,-3529954.3249803595,576752.1265202805,311.6715597542945,221,1:31:50
29.6%,1477500,5909.999999887895,-3531565.3668775223,575200.3863130745,310.83301357739305,221,1:31:46
29.6%,1480000,5919.999999887658,-3530630.4594280366,576920.2394741592,311.7624064527998,221,1:31:43
29.6%,1482500,5929.999999887422,-3529221.2457603533,577360.3434955173,312.00023462972973,221,1:31:39
29.7%,1485000,5939.999999887185,-3529669.621631358,575735.4515858374,311.1221579436887,221,1:31:35
29.8%,1487500,5949.999999886949,-3532761.6263824943,574969.7707118969,310.70839102150177,221,1:31:31
29.8%,1490000,5959.999999886712,-3528433.8143200465,575072.4201858782,310.76386185583874,221,1:31:27
29.9%,1492500,5969.999999886476,-3526823.8235841934,575543.3611883901,311.018354054577,221,1:31:23
29.9%,1495000,5979.9999998862395,-3528995.7246782947,576178.3549977632,311.36149888560817,221,1:31:19
29.9%,1497500,5989.999999886003,-3530573.9547096565,575522.3618789779,311.00700622035623,221,1:31:15
30.0%,1500000,5999.999999885767,-3527438.5266870614,575431.2049263832,310.9577458391782,221,1:31:11
30.1%,1502500,6009.99999988553,-3530075.28471205,576513.8363495469,311.54278993139894,221,1:31:08
30.1%,1505000,6019.999999885294,-3529218.548454378,575709.2937633083,311.1080224962884,221,1:31:04
30.1%,1507500,6029.999999885057,-3531186.174364118,575064.8400990415,310.7597656464295,221,1:31:00
30.2%,1510000,6039.999999884821,-3527614.3260343,577531.802770125,312.0928896492678,221,1:30:56
30.2%,1512500,6049.999999884584,-3529485.7759243622,574960.0379255058,310.70313151299575,221,1:30:52
30.3%,1515000,6059.999999884348,-3534389.743736295,576806.3492248494,311.70086120656487,221,1:30:48
30.4%,1517500,6069.999999884111,-3528069.5405213423,575272.6766058123,310.8720785886113,221,1:30:44
30.4%,1520000,6079.999999883875,-3529172.732304042,576389.3065622495,311.4754951764112,221,1:30:40
30.4%,1522500,6089.999999883638,-3529951.636823423,575542.0644538507,311.01765331112443,221,1:30:36
30.5%,1525000,6099.999999883402,-3529330.7925128657,574707.5700580392,310.5667001928099,221,1:30:33
30.6%,1527500,6109.999999883165,-3525938.649876617,576033.2649554074,311.28309355734575,221,1:30:29
30.6%,1530000,6119.999999882929,-3530912.243435081,572552.7344891839,309.40224681348536,221,1:30:25
30.6%,1532500,6129.9999998826925,-3530890.0513393637,572897.2615043725,309.588426052822,221,1:30:21
30.7%,1535000,6139.999999882456,-3532903.8969039917,573667.7277469938,310.0047789443572,221,1:30:17
30.8%,1537500,6149.9999998822195,-3530050.1176645644,575907.4004343052,311.2150775244508,221,1:30:13
30.8%,1540000,6159.999999881983,-3526671.854610862,576238.4438092057,311.39397032823473,221,1:30:09
30.9%,1542500,6169.999999881747,-3532897.288810013,573703.9664437709,310.02436200374905,221,1:30:05
30.9%,1545000,6179.99999988151,-3529430.7325909175,577824.9250533342,312.25129024287764,221,1:30:01
30.9%,1547500,6189.999999881274,-3533188.7446512226,574774.1616481368,310.6026856773845,221,1:29:57
31.0%,1550000,6199.999999881037,-3532339.9946214426,576210.1846105938,311.37869931647117,221,1:29:53
31.1%,1552500,6209.999999880801,-3531613.6327746045,575209.3127468012,310.8378373403143,221,1:29:50
31.1%,1555000,6219.999999880564,-3528635.9141797163,576954.5476083977,311.78094625390094,221,1:29:46
31.1%,1557500,6229.999999880328,-3529697.1263615396,572689.5597467569,309.4761859278479,221,1:29:42
31.2%,1560000,6239.999999880091,-3528937.146471735,575993.6646392236,311.2616939096562,221,1:29:38
31.2%,1562500,6249.999999879855,-3529559.840386642,573491.7569003028,309.90968591264124,221,1:29:34
31.3%,1565000,6259.999999879618,-3533680.6765081063,576808.1512543366,311.7018350067733,221,1:29:30
31.4%,1567500,6269.999999879382,-3525419.0462466907,574613.448593999,310.51583781683445,221,1:29:26
31.4%,1570000,6279.999999879145,-3532975.8407778144,576866.0008276543,311.7330963856533,221,1:29:22
31.4%,1572500,6289.999999878909,-3530639.0710860286,575269.6370834822,310.87043605861976,221,1:29:18
31.5%,1575000,6299.9999998786725,-3530117.793524815,574418.7517345713,310.4106254195725,221,1:29:14
31.6%,1577500,6309.999999878436,-3529003.136672592,577413.0382781818,312.0287104070157,221,1:29:11
31.6%,1580000,6319.9999998782,-3529129.4821575694,575287.3071250806,310.87998478704685,221,1:29:07
31.6%,1582500,6329.999999877963,-3533006.2046585437,575895.9833331967,311.20890782771846,221,1:29:03
31.7%,1585000,6339.999999877727,-3532870.1266566403,574756.0623947266,310.5929050068306,221,1:28:59
31.8%,1587500,6349.99999987749,-3530736.5693026613,575353.6083673591,310.9158133703228,221,1:28:55
31.8%,1590000,6359.999999877254,-3532279.4404487982,575617.3385897985,311.0583307638484,221,1:28:51
31.9%,1592500,6369.999999877017,-3530824.189687375,576231.7709491884,311.39036437587845,221,1:28:47
31.9%,1595000,6379.999999876781,-3532084.4875702653,573293.0755189623,309.8023203162799,221,1:28:43
31.9%,1597500,6389.999999876544,-3529370.28811224,574562.5406902089,310.4883276525047,221,1:28:39
32.0%,1600000,6399.999999876308,-3529558.428297911,575582.1398347651,311.03930967943757,221,1:28:36
32.0%,1602500,6409.999999876071,-3533454.7288700417,576529.6582410524,311.5513399364653,221,1:28:32
32.1%,1605000,6419.999999875835,-3530241.3641186412,575759.0821831254,311.134927701746,221,1:28:28
32.1%,1607500,6429.999999875598,-3529552.1043291893,576064.3804600398,311.2999080906876,221,1:28:24
32.2%,1610000,6439.999999875362,-3525307.9217117187,573601.924726343,309.96921959547973,221,1:28:20
32.2%,1612500,6449.9999998751255,-3530525.752495656,576808.0395245375,311.70177462901455,221,1:28:16
32.3%,1615000,6459.999999874889,-3527447.3430613633,574997.6963843189,310.7234817987711,221,1:28:12
32.4%,1617500,6469.9999998746525,-3530782.7214523554,576897.4688463286,311.75010141435047,221,1:28:08
32.4%,1620000,6479.999999874416,-3531977.4179337434,575169.5956371163,310.8163745784878,221,1:28:04
32.5%,1622500,6489.99999987418,-3530694.284137223,574277.4366389825,310.33426003792283,221,1:28:00
32.5%,1625000,6499.999999873943,-3530974.466722138,573841.895722738,310.0988977211478,221,1:27:57
32.5%,1627500,6509.999999873707,-3530393.863093028,576687.1162481996,311.63642879947383,221,1:27:53
32.6%,1630000,6519.99999987347,-3529462.2749120165,575181.092821123,310.82258755128385,221,1:27:49
32.6%,1632500,6529.999999873234,-3532213.772864025,576128.5082130337,311.33456214028723,221,1:27:45
32.7%,1635000,6539.999999872997,-3527612.2133611348,576908.9349103306,311.7562975701814,221,1:27:41
32.8%,1637500,6549.999999872761,-3529363.8264202233,577262.5199455761,311.94737168048533,221,1:27:37
32.8%,1640000,6559.999999872524,-3527123.395607982,577115.3621180307,311.8678489400702,221,1:27:33
32.9%,1642500,6569.999999872288,-3534545.4350612443,575974.664116994,311.2514262016979,221,1:27:29
32.9%,1645000,6579.999999872051,-3527703.827911837,576478.4459364132,311.5236652767084,221,1:27:25
33.0%,1647500,6589.999999871815,-3533110.2324033976,578335.8799212445,312.5274055675084,221,1:27:22
33.0%,1650000,6599.999999871578,-3531121.014743427,574375.9810145262,310.38751251471217,221,1:27:18
33.0%,1652500,6609.999999871342,-3528753.117872758,575374.7530062166,310.927239739243,221,1:27:14
33.1%,1655000,6619.9999998711055,-3529178.692627428,577111.1317503202,311.8655628881564,221,1:27:10
33.1%,1657500,6629.999999870869,-3530438.8514616564,574730.1031014672,310.578876842827,221,1:27:06
33.2%,1660000,6639.999999870633,-3529756.4688405804,573759.4329829152,310.0543356128167,221,1:27:02
33.2%,1662500,6649.999999870396,-3532002.4001213275,578246.5275286115,312.47912035398394,221,1:26:58
33.3%,1665000,6659.99999987016,-3525808.256764708,574320.686568548,310.35763190321313,221,1:26:54
33.4%,1667500,6669.999999869923,-3532320.931435421,577112.5300696171,311.86631852708035,221,1:26:50
33.4%,1670000,6679.999999869687,-3528620.5620991252,573517.8790076413,309.9238020598801,221,1:26:46
33.5%,1672500,6689.99999986945,-3529201.2597533185,576422.516672177,311.4934416152447,221,1:26:43
33.5%,1675000,6699.999999869214,-3527691.921622932,576456.3179003081,311.5117074889343,221,1:26:39
33.5%,1677500,6709.999999868977,-3530508.035277497,573747.0243352812,310.0476300934355,221,1:26:35
33.6%,1680000,6719.999999868741,-3529686.0676106196,576190.9915759127,311.3683275765496,221,1:26:31
33.6%,1682500,6729.999999868504,-3534019.451167656,575129.2344449136,310.7945637603756,221,1:26:27
33.7%,1685000,6739.999999868268,-3529377.1738291327,574889.1351536284,310.6648163053255,221,1:26:23
33.8%,1687500,6749.999999868031,-3529379.9419003353,574869.4179906821,310.6541613312962,221,1:26:19
33.8%,1690000,6759.999999867795,-3529891.670460563,572629.425496387,309.44368993044156,221,1:26:15
33.9%,1692500,6769.9999998675585,-3529773.0374404564,577474.2586817015,312.0617933516229,221,1:26:11
33.9%,1695000,6779.999999867322,-3527868.224050099,576065.9567813235,311.3007599202528,221,1:26:07
34.0%,1697500,6789.9999998670855,-3529739.6514999364,578913.6361894177,312.8396197562029,221,1:26:03
34.0%,1700000,6799.999999866849,-3529023.15434674,574620.1390646949,310.5194532858399,221,1:25:59
34.0%,1702500,6809.999999866613,-3531948.983969385,573241.6533491202,309.77453224729203,221,1:25:56
34.1%,1705000,6819.999999866376,-3529347.9429867044,573185.9523155853,309.7444319196062,221,1:25:52
34.1%,1707500,6829.99999986614,-3529219.481319865,576814.7346908647,311.7053926354961,221,1:25:48
34.2%,1710000,6839.999999865903,-3532284.4178272393,576125.6262685473,311.3330047639172,221,1:25:44
34.2%,1712500,6849.999999865667,-3530471.595077429,576917.1612683595,311.760743018616,221,1:25:40
34.3%,1715000,6859.99999986543,-3529105.4049384277,575987.9413317337,311.25860108677733,221,1:25:36
34.4%,1717500,6869.999999865194,-3530293.5504881386,576113.6060090219,311.326509125908,221,1:25:32
34.4%,1720000,6879.999999864957,-3527630.5985389315,576760.9127307037,311.67630774182845,221,1:25:28
34.5%,1722500,6889.999999864721,-3526502.6236643605,575621.5423390346,311.06060243138285,221,1:25:24
34.5%,1725000,6899.999999864484,-3529628.038613461,576241.0357559284,311.3953709924728,221,1:25:20
34.5%,1727500,6909.999999864248,-3530266.117420573,574543.2543426115,310.4779054871389,221,1:25:17
34.6%,1730000,6919.999999864011,-3531027.6726379655,573072.986595654,309.6833862805686,221,1:25:13
34.6%,1732500,6929.999999863775,-3532755.506909687,573806.8490236965,310.0799588064005,221,1:25:09
34.7%,1735000,6939.9999998635385,-3528367.5190962087,575678.2868124016,311.09126662438445,221,1:25:05
34.8%,1737500,6949.999999863302,-3530263.058164289,576907.8748890432,311.7557247443992,221,1:25:01
34.8%,1740000,6959.999999863066,-3528499.199274581,577040.060753096,311.8271567730514,221,1:24:57
34.9%,1742500,6969.999999862829,-3531361.0749021415,573414.1867214832,309.86776769940644,221,1:24:53
34.9%,1745000,6979.999999862593,-3529361.868562365,576241.469893327,311.39560559634157,221,1:24:49
35.0%,1747500,6989.999999862356,-3530366.200718265,576911.9276474251,311.75791481786075,221,1:24:45
35.0%,1750000,6999.99999986212,-3530894.598916214,575352.8106610025,310.9153822971235,221,1:24:41
35.0%,1752500,7009.999999861883,-3532425.41225907,576806.3842412361,311.7008801290991,221,1:24:38
35.1%,1755000,7019.999999861647,-3530586.719718432,575396.5406172897,310.93901356445184,221,1:24:34
35.1%,1757500,7029.99999986141,-3531903.41983827,577673.0856024234,312.16923759613127,221,1:24:30
35.2%,1760000,7039.999999861174,-3529757.8528401013,574747.0317110792,310.5880249082083,221,1:24:26
35.2%,1762500,7049.999999860937,-3531352.8134465776,573899.3487400895,310.1299448048206,221,1:24:22
35.3%,1765000,7059.999999860701,-3531382.4634009562,574084.307138267,310.22989462693465,221,1:24:18
35.4%,1767500,7069.999999860464,-3530169.728332836,575802.9423904368,311.15862935553326,221,1:24:15
35.4%,1770000,7079.999999860228,-3526254.6830323525,574747.002600321,310.58800917702155,221,1:24:11
35.5%,1772500,7089.9999998599915,-3530385.360385973,575504.6238549105,310.99742075482635,221,1:24:07
35.5%,1775000,7099.999999859755,-3527941.9313503224,574929.4436312587,310.6865986369662,221,1:24:03
35.5%,1777500,7109.9999998595185,-3531331.4306575265,577245.9957586508,311.93844216141486,221,1:23:59
35.6%,1780000,7119.999999859282,-3527817.618324274,574436.1835998067,310.4200454396774,221,1:23:55
35.6%,1782500,7129.999999859046,-3527254.5941919405,574610.9032696014,310.51446234687324,221,1:23:51
35.7%,1785000,7139.999999858809,-3529953.4023031965,573967.0665772723,310.16653890299114,221,1:23:47
35.8%,1787500,7149.999999858573,-3531600.66323673,575012.1334317662,310.7312834468089,221,1:23:43
35.8%,1790000,7159.999999858336,-3531322.1898748633,574766.1196262839,310.5983398425289,221,1:23:39
35.9%,1792500,7169.9999998581,-3532056.4544542953,576501.32391573,311.53602832691627,221,1:23:35
35.9%,1795000,7179.999999857863,-3532510.8863535896,575944.5203336917,311.2351367776512,221,1:23:31
36.0%,1797500,7189.999999857627,-3528748.188244533,576714.4613096016,311.65120581987276,221,1:23:28
36.0%,1800000,7199.99999985739,-3527669.0296210255,573496.1449883024,309.91205719515284,221,1:23:24
36.0%,1802500,7209.999999857154,-3528744.2521567717,576000.1081258167,311.26517591071763,221,1:23:20
36.1%,1805000,7219.999999856917,-3529976.518441355,573915.7966207991,310.13883308871186,221,1:23:16
36.1%,1807500,7229.999999856681,-3534306.199428927,574664.5516285396,310.54345342803214,221,1:23:12
36.2%,1810000,7239.999999856444,-3530211.361511158,574309.384098517,310.35152415206386,221,1:23:08
36.2%,1812500,7249.999999856208,-3531320.488241505,575390.1262559197,310.93554730239384,221,1:23:04
36.3%,1815000,7259.9999998559715,-3532566.900134096,573074.5598934002,309.68423647624184,221,1:23:00
36.4%,1817500,7269.999999855735,-3529988.5762297306,574407.4783967173,310.40453341118445,221,1:22:56
36.4%,1820000,7279.999999855499,-3534283.518827891,575147.1588939658,310.8042499682576,221,1:22:52
36.5%,1822500,7289.999999855262,-3530060.6320749987,576124.1915282384,311.3322294434123,221,1:22:48
36.5%,1825000,7299.999999855026,-3532085.9543496687,575863.1212798298,311.19114947545825,221,1:22:44
36.5%,1827500,7309.999999854789,-3529757.822281424,574691.3056351278,310.5579110478303,221,1:22:40
36.6%,1830000,7319.999999854553,-3528276.323447805,574887.8809513678,310.66413854592616,221,1:22:37
36.6%,1832500,7329.999999854316,-3530150.411793852,575124.6837879231,310.7921046270722,221,1:22:33
36.7%,1835000,7339.99999985408,-3531405.69102359,574984.8632820928,310.7165469080211,221,1:22:29
36.8%,1837500,7349.999999853843,-3529462.5685865413,575345.0241366413,310.9111745307692,221,1:22:25
36.8%,1840000,7359.999999853607,-3528070.3704366386,574604.8194897275,310.511174728024,221,1:22:21
36.9%,1842500,7369.99999985337,-3532150.6823994946,574914.2395304998,310.6783824803535,221,1:22:17
36.9%,1845000,7379.999999853134,-3528278.6479515415,576773.352540307,311.6830301008521,221,1:22:13
37.0%,1847500,7389.999999852897,-3529949.88007533,574125.299634002,310.25204659568607,221,1:22:09
37.0%,1850000,7399.999999852661,-3527654.33215018,574228.332346655,310.3077245286865,221,1:22:05
37.0%,1852500,7409.9999998524245,-3529455.6211343836,576431.0079926625,311.4980302469608,221,1:22:02
37.1%,1855000,7419.999999852188,-3529180.8450735565,576929.1415939399,311.76721707668753,221,1:21:58
37.1%,1857500,7429.9999998519515,-3531311.8415254746,575988.5779860343,311.2589451289226,221,1:21:54
37.2%,1860000,7439.999999851715,-3534480.6734702513,575426.5996506481,310.9552571904061,221,1:21:50
37.2%,1862500,7449.999999851479,-3530680.4115185067,574189.1800699563,310.28656699742567,221,1:21:46
37.3%,1865000,7459.999999851242,-3528403.3119610157,574756.1589079887,310.5929571617123,221,1:21:42
37.4%,1867500,7469.999999851006,-3531616.2656286284,576442.3336695682,311.5041505388924,221,1:21:38
37.4%,1870000,7479.999999850769,-3529388.703398157,575025.8674074868,310.7387051613334,221,1:21:34
37.5%,1872500,7489.999999850533,-3529967.881544415,575076.5854121675,310.76611270592605,221,1:21:31
37.5%,1875000,7499.999999850296,-3530903.701736929,576267.7190041433,311.409790375095,221,1:21:27
37.5%,1877500,7509.99999985006,-3531330.2240542695,575724.0628383972,311.1160035690187,221,1:21:23
37.6%,1880000,7519.999999849823,-3530338.2275617775,576176.2986996032,311.3603876809409,221,1:21:19
37.6%,1882500,7529.999999849587,-3528920.6464283094,576902.4007520695,311.75276657098215,221,1:21:15
37.7%,1885000,7539.99999984935,-3531229.8556585535,574320.5245593616,310.35754435493465,221,1:21:11
37.8%,1887500,7549.999999849114,-3529147.6398053057,575236.1026376322,310.85231435162814,221,1:21:07
37.8%,1890000,7559.999999848877,-3530339.553022044,577465.1150964652,312.0568522420174,221,1:21:03
37.9%,1892500,7569.999999848641,-3528794.5742700566,575641.2208340128,311.07123650959676,221,1:20:59
37.9%,1895000,7579.9999998484045,-3533787.6179238334,576135.797922263,311.3385014323006,221,1:20:55
38.0%,1897500,7589.999999848168,-3531898.9356743153,575400.9305251907,310.9413858304215,221,1:20:52
38.0%,1900000,7599.999999847932,-3527974.727688657,578092.4789190025,312.3958738981373,221,1:20:48
38.0%,1902500,7609.999999847695,-3534429.641543802,577517.3773847505,312.08509430330724,221,1:20:44
38.1%,1905000,7619.999999847459,-3530528.732305769,576229.054513728,311.3888964390682,221,1:20:40
38.1%,1907500,7629.999999847222,-3531603.0383987837,576522.418385719,311.5474275850401,221,1:20:36
38.2%,1910000,7639.999999846986,-3532474.298766844,575016.51666087,310.7336521036179,221,1:20:32
38.2%,1912500,7649.999999846749,-3530241.0225727204,576090.0175206804,311.3137621231392,221,1:20:28
38.3%,1915000,7659.999999846513,-3530285.9084004145,577374.7999173519,312.0080467475088,221,1:20:24
38.4%,1917500,7669.999999846276,-3532569.6811897215,576371.5828621703,311.46591745143314,221,1:20:20
38.4%,1920000,7679.99999984604,-3531462.3725473154,575951.9200531517,311.23913551818424,221,1:20:16
38.5%,1922500,7689.999999845803,-3529842.549328612,575980.6120870654,311.25464043017536,221,1:20:13
38.5%,1925000,7699.999999845567,-3529205.1690853313,574741.1158074117,310.5848280081214,221,1:20:09
38.5%,1927500,7709.99999984533,-3529952.156141894,577608.5254344542,312.13434987344465,221,1:20:05
38.6%,1930000,7719.999999845094,-3531272.5440574307,574752.3730803749,310.59091133518984,221,1:20:01
38.6%,1932500,7729.9999998448575,-3530344.451860735,575305.5902307655,310.8898648096839,221,1:19:57
38.7%,1935000,7739.999999844621,-3528396.1042493694,574810.244308683,310.62218441622815,221,1:19:53
38.8%,1937500,7749.999999844385,-3526104.9806883875,576795.6815895259,311.6950965142694,221,1:19:49
38.8%,1940000,7759.999999844148,-3531804.301384026,575649.8404445907,311.07589446810226,221,1:19:45
38.9%,1942500,7769.999999843912,-3531027.3058499824,573734.0252943744,310.0406055309443,221,1:19:41
38.9%,1945000,7779.999999843675,-3527700.1728279013,574348.1165109735,310.37245479253886,221,1:19:38
39.0%,1947500,7789.999999843439,-3531800.703704087,575972.4744569367,311.25024292948433,221,1:19:34
39.0%,1950000,7799.999999843202,-3530597.2972908616,576979.3239795608,311.7943351776524,221,1:19:30
39.0%,1952500,7809.999999842966,-3530497.023610452,575346.703324754,310.9120819486254,221,1:19:26
39.1%,1955000,7819.999999842729,-3528711.2684570625,576363.0617032875,311.46131269532077,221,1:19:22
39.1%,1957500,7829.999999842493,-3532828.8940242734,575475.0128700219,310.981419250156,221,1:19:18
39.2%,1960000,7839.999999842256,-3530665.455235457,575120.9669615437,310.79009608818393,221,1:19:14
39.2%,1962500,7849.99999984202,-3532063.346172599,575952.9737813683,311.2397049432487,221,1:19:10
39.3%,1965000,7859.999999841783,-3528587.9102741927,575565.2026825298,311.03015699770094,221,1:19:06
39.4%,1967500,7869.999999841547,-3531030.3532234635,576157.7401657325,311.3503588194382,221,1:19:02
39.4%,1970000,7879.9999998413105,-3534570.240031408,575712.8644223879,311.1099520477084,221,1:18:58
39.5%,1972500,7889.999999841074,-3532475.600663284,576039.6054916825,311.28651992499954,221,1:18:55
39.5%,1975000,7899.9999998408375,-3530665.2887876593,576586.8486058719,311.5822450851186,221,1:18:51
39.5%,1977500,7909.999999840601,-3529964.2364214957,577082.9761793609,311.85034787582583,221,1:18:47
39.6%,1980000,7919.999999840365,-3532378.431727154,575551.5869608427,311.02279918657155,221,1:18:43
39.6%,1982500,7929.999999840128,-3531824.4654678404,576825.457005494,311.71118687598704,221,1:18:39
39.7%,1985000,7939.999999839892,-3528387.3801735565,575666.5808078077,311.0849408068582,221,1:18:35
39.8%,1987500,7949.999999839655,-3529727.3099070676,577043.74923059,311.82914999246196,221,1:18:31
39.8%,1990000,7959.999999839419,-3530348.8930338044,574904.23959171,310.6729786051414,221,1:18:27
39.9%,1992500,7969.999999839182,-3530495.0774868187,577564.7724516827,312.1107061628153,221,1:18:23
39.9%,1995000,7979.999999838946,-3528746.7769645303,573291.1375277794,309.80127304361804,221,1:18:19
40.0%,1997500,7989.999999838709,-3530232.277295366,576724.125474174,311.65642824577725,221,1:18:15
40.0%,2000000,7999.999999838473,-3530082.5897820536,575131.5045368187,310.795790497222,221,1:18:12
40.0%,2002500,8009.999999838236,-3530897.849367326,577337.8527881734,311.9880808577443,221,1:18:08
40.1%,2005000,8019.999999838,-3529794.268495349,577272.4812812151,311.9527546949088,221,1:18:04
40.1%,2007500,8029.999999837763,-3528191.2690620776,574008.1507785823,310.1887404285942,221,1:18:00
40.2%,2010000,8039.999999837527,-3529473.895987982,576168.3666418857,311.3561012696956,221,1:17:56
40.2%,2012500,8049.9999998372905,-3528376.5721093398,575131.2225785647,310.7956381295674,221,1:17:52
40.3%,2015000,8059.999999837054,-3531648.5494376924,575942.3850829056,311.2339829077089,221,1:17:48
40.4%,2017500,8069.999999836818,-3529717.084140219,575268.8859388185,310.8700301469322,221,1:17:44
40.4%,2020000,8079.999999836581,-3527480.823922796,575831.7854506195,311.1742158807352,221,1:17:40
40.5%,2022500,8089.999999836345,-3526295.040419519,577068.3467716557,311.84244227806886,221,1:17:36
40.5%,2025000,8099.999999836108,-3528795.217693694,575067.9143820002,310.761426960746,221,1:17:32
40.5%,2027500,8109.999999835872,-3529667.57403077,576491.7692400042,311.53086506778044,221,1:17:28
40.6%,2030000,8119.999999835635,-3529453.7644917443,576738.2277199407,311.66404897005737,221,1:17:25
40.6%,2032500,8129.999999835399,-3527213.8117720857,575345.505731307,310.9114347801098,221,1:17:21
40.7%,2035000,8139.999999835162,-3529844.984987315,577187.9350478457,311.907066685773,221,1:17:17
40.8%,2037500,8149.999999834926,-3531957.9995635953,576685.4260177632,311.6355154144472,221,1:17:13
40.8%,2040000,8159.999999834689,-3525945.2376248576,575443.5290686651,310.9644056926421,221,1:17:09
40.9%,2042500,8169.999999834453,-3532213.7259126473,575305.8356660092,310.88999744063864,221,1:17:05
40.9%,2045000,8179.999999834216,-3532062.084679069,575592.1740811717,311.0447320941712,221,1:17:01
41.0%,2047500,8189.99999983398,-3528411.18011434,577221.0355374565,311.9249538867927,221,1:16:57
41.0%,2050000,8199.999999835562,-3530637.3526280504,575193.7912657859,310.8294496743217,221,1:16:53
41.0%,2052500,8209.999999837599,-3526543.5576144774,575194.4994334675,310.8298323616422,221,1:16:49
41.1%,2055000,8219.999999839636,-3530124.088998681,575342.3669678408,310.90973862111844,221,1:16:45
41.1%,2057500,8229.999999841673,-3527050.700256994,575267.6130065416,310.8693422660039,221,1:16:41
41.2%,2060000,8239.99999984371,-3527642.5347236358,574337.2962424138,310.36660761864226,221,1:16:37
41.2%,2062500,8249.999999845748,-3524410.52013682,576339.3421072607,311.44849484316126,221,1:16:34
41.3%,2065000,8259.999999847785,-3527053.6044424493,576535.6323844271,311.5545683087559,221,1:16:30
41.4%,2067500,8269.999999849822,-3528631.5528553315,574219.6580448782,310.3030370155587,221,1:16:26
41.4%,2070000,8279.99999985186,-3531036.7796867304,575501.1021612028,310.99551766384434,221,1:16:22
41.5%,2072500,8289.999999853897,-3532596.3334047925,577286.5224742796,311.9603424268685,221,1:16:18
41.5%,2075000,8299.999999855934,-3530404.4560269658,575431.1205478093,310.9577002417707,221,1:16:14
41.5%,2077500,8309.999999857971,-3530008.686706502,577363.944470553,312.00218056361433,221,1:16:10
41.6%,2080000,8319.999999860009,-3532475.182418233,575635.3449275368,311.0680612236253,221,1:16:06
41.6%,2082500,8329.999999862046,-3530890.5590815675,577880.266749418,312.28119638790037,221,1:16:02
41.7%,2085000,8339.999999864083,-3528067.7468935642,576042.9078864311,311.28830450883527,221,1:15:58
41.8%,2087500,8349.99999986612,-3530970.8332885467,576272.206958591,311.4122156245194,221,1:15:54
41.8%,2090000,8359.999999868158,-3531913.016017029,574918.6964829015,310.68079097655647,221,1:15:51
41.9%,2092500,8369.999999870195,-3528719.0120849386,572130.7994836483,309.1742370060771,221,1:15:47
41.9%,2095000,8379.999999872232,-3533079.985513946,575000.6782038137,310.72509314667974,221,1:15:43
42.0%,2097500,8389.99999987427,-3534599.381857112,576639.006701088,311.6104308414294,221,1:15:39
42.0%,2100000,8399.999999876307,-3530605.331471268,574995.7942958471,310.7224539276051,221,1:15:35
42.0%,2102500,8409.999999878344,-3530558.162388472,575609.1142409247,311.05388640114285,221,1:15:31
42.1%,2105000,8419.999999880381,-3527249.597540647,574798.1503330413,310.6156489427057,221,1:15:27
42.1%,2107500,8429.999999882419,-3531686.5862842835,574566.603343812,310.4905230732531,221,1:15:23
42.2%,2110000,8439.999999884456,-3528338.41170324,574650.7680144426,310.53600488938423,221,1:15:19
42.2%,2112500,8449.999999886493,-3529574.3651392944,573480.897952063,309.9038178366003,221,1:15:15
42.3%,2115000,8459.99999988853,-3528939.681116188,573820.434517792,310.08730028281656,221,1:15:11
42.4%,2117500,8469.999999890568,-3529899.994274756,574861.0185640607,310.64962235818143,221,1:15:08
42.4%,2120000,8479.999999892605,-3532483.479436826,576435.7298851771,311.5005819143711,221,1:15:04
42.5%,2122500,8489.999999894642,-3528506.308851218,575438.1971421435,310.96152436844915,221,1:15:00
42.5%,2125000,8499.99999989668,-3527983.0932153743,574619.4054051439,310.51905682294694,221,1:14:56
42.5%,2127500,8509.999999898717,-3529438.166619666,576768.0148461235,311.68014565986755,221,1:14:52
42.6%,2130000,8519.999999900754,-3531109.1904060207,576217.1117129235,311.3824426590414,221,1:14:48
42.6%,2132500,8529.999999902791,-3530785.0385682546,573067.6840974626,309.6805208591754,221,1:14:44
42.7%,2135000,8539.999999904829,-3529878.0556175765,577705.2922987437,312.1866417994538,221,1:14:40
42.8%,2137500,8549.999999906866,-3529337.625542039,577668.0151851788,312.16649758915327,221,1:14:36
42.8%,2140000,8559.999999908903,-3526381.7244973835,575199.6673370041,310.8326250493184,221,1:14:32
42.9%,2142500,8569.99999991094,-3534045.579149671,576231.6942085511,311.3903229059419,221,1:14:29
42.9%,2145000,8579.999999912978,-3530936.3347262237,578526.1226765017,312.6302110077254,221,1:14:25
43.0%,2147500,8589.999999915015,-3530841.1844609138,576070.0966485951,311.30299706655944,221,1:14:21
43.0%,2150000,8599.999999917052,-3528608.3027323745,577200.0143615063,311.91359423609526,221,1:14:17
43.0%,2152500,8609.99999991909,-3526976.7096078955,575795.3270768232,311.15451410989687,221,1:14:13
43.1%,2155000,8619.999999921127,-3531421.96579686,574306.0297631817,310.3497115000114,221,1:14:09
43.1%,2157500,8629.999999923164,-3529838.4742617477,576099.9000510725,311.31910255193003,221,1:14:05
43.2%,2160000,8639.999999925201,-3531624.8155108485,573906.1799030264,310.13363630262285,221,1:14:01
43.2%,2162500,8649.999999927239,-3528009.34125538,574514.4019077044,310.462313895922,221,1:13:57
43.3%,2165000,8659.999999929276,-3531242.5461661145,577158.1038943931,311.89094620402983,221,1:13:53
43.4%,2167500,8669.999999931313,-3531583.904056443,574983.3101787951,310.7157076252426,221,1:13:49
43.4%,2170000,8679.99999993335,-3528383.207826318,575344.8761966964,310.9110945853798,221,1:13:46
43.5%,2172500,8689.999999935388,-3528241.435073169,573859.5915589719,310.1084603887594,221,1:13:42
43.5%,2175000,8699.999999937425,-3530976.0073992703,576968.786854052,311.78864101166386,221,1:13:38
43.5%,2177500,8709.999999939462,-3529318.9744699243,576262.8487453796,311.40715853192444,221,1:13:34
43.6%,2180000,8719.9999999415,-3531751.6164553147,575845.3827827073,311.18156375429373,221,1:13:30
43.6%,2182500,8729.999999943537,-3532299.6579619143,578011.2166784198,312.35196052858583,221,1:13:26
43.7%,2185000,8739.999999945574,-3532679.5302704796,575434.846035421,310.95971346110946,221,1:13:22
43.8%,2187500,8749.999999947611,-3529602.165606331,575655.8072619688,311.07911888149147,221,1:13:18
43.8%,2190000,8759.999999949649,-3529619.577546779,576841.4998572085,311.71985628592387,221,1:13:14
43.9%,2192500,8769.999999951686,-3529307.7079982776,574532.5593765536,310.4721260255652,221,1:13:10
43.9%,2195000,8779.999999953723,-3525920.2117810994,576219.8657305625,311.38393090491627,221,1:13:07
44.0%,2197500,8789.99999995576,-3528795.0154193062,576950.4681585615,311.7787417566223,221,1:13:03
44.0%,2200000,8799.999999957798,-3529870.3588292655,578661.9024805741,312.703585168604,221,1:12:59
44.0%,2202500,8809.999999959835,-3529710.9455655217,576422.4203557352,311.4933895667229,221,1:12:55
44.1%,2205000,8819.999999961872,-3531328.067686636,574440.235453222,310.42223502410326,221,1:12:51
44.1%,2207500,8829.99999996391,-3531247.537491698,576712.4222850788,311.65010394972063,221,1:12:47
44.2%,2210000,8839.999999965947,-3533249.601739401,574650.6983892163,310.53596726455044,221,1:12:43
44.2%,2212500,8849.999999967984,-3531143.99840389,576189.1486180201,311.36733165900625,221,1:12:39
44.3%,2215000,8859.999999970021,-3527852.3582807966,576735.3744017032,311.6625070630497,221,1:12:35
44.4%,2217500,8869.999999972059,-3531636.984252885,575252.9170709674,310.86140071719666,221,1:12:31
44.4%,2220000,8879.999999974096,-3530265.0089682806,576626.6131824172,311.6037334976011,221,1:12:27
44.5%,2222500,8889.999999976133,-3526559.14419988,579280.2602116645,313.03774001550124,221,1:12:23
44.5%,2225000,8899.99999997817,-3527626.4842903316,576627.9513939922,311.60445665486344,221,1:12:20
44.5%,2227500,8909.999999980208,-3530364.693501735,576456.7006518524,311.51191432435866,221,1:12:16
44.6%,2230000,8919.999999982245,-3530131.966945173,575704.4648940485,311.1054130196262,221,1:12:12
44.6%,2232500,8929.999999984282,-3532808.10019443,574688.8152223047,310.55656525158037,221,1:12:08
44.7%,2235000,8939.99999998632,-3530198.9639196265,575919.6931100131,311.22172037366676,221,1:12:04
44.8%,2237500,8949.999999988357,-3528142.7785240747,574196.3203806861,310.29042555585994,221,1:12:00
44.8%,2240000,8959.999999990394,-3529883.445414385,575973.2034787696,311.25063688619696,221,1:11:56
44.9%,2242500,8969.999999992431,-3529202.261535162,578541.2006704389,312.63835901736815,221,1:11:52
44.9%,2245000,8979.999999994468,-3530142.187673006,573836.8495401477,310.09617081035475,221,1:11:48
45.0%,2247500,8989.999999996506,-3532638.3219748065,573812.5975502249,310.0830652574165,221,1:11:44
45.0%,2250000,8999.999999998543,-3529539.5920269527,573444.8707923319,309.88434908988813,221,1:11:40
45.0%,2252500,9010.00000000058,-3530342.298828041,575823.8526026318,311.16992904243506,221,1:11:37
45.1%,2255000,9020.000000002618,-3532047.27038865,575348.3226757208,310.91295703103674,221,1:11:33
45.1%,2257500,9030.000000004655,-3528879.928947529,575885.8388927665,311.2034258651451,221,1:11:29
45.2%,2260000,9040.000000006692,-3532202.277145665,575460.2176578538,310.97342405318795,221,1:11:25
45.2%,2262500,9050.00000000873,-3534520.1411365587,574735.1497975558,310.5816040311098,221,1:11:21
45.3%,2265000,9060.000000010767,-3531698.0276152603,576502.1828591872,311.5364924920832,221,1:11:17
45.4%,2267500,9070.000000012804,-3530874.787086576,577520.1063209786,312.0865689954177,221,1:11:13
45.4%,2270000,9080.000000014841,-3526475.838001771,575022.9650874017,310.73713677417675,221,1:11:09
45.5%,2272500,9090.000000016878,-3526986.848343691,578772.4791467036,312.76333978487725,221,1:11:05
45.5%,2275000,9100.000000018916,-3526629.2488428988,574612.9776866285,310.5155833428101,221,1:11:01
45.5%,2277500,9110.000000020953,-3528551.897035733,578555.3517096883,312.64600610919877,221,1:10:57
45.6%,2280000,9120.00000002299,-3530614.3663330954,576338.9085732483,311.4482605653569,221,1:10:53
45.6%,2282500,9130.000000025027,-3526010.096951507,575373.8532041793,310.92675349447416,221,1:10:50
45.7%,2285000,9140.000000027065,-3527182.593582025,573012.850454441,309.6508892613681,221,1:10:46
45.8%,2287500,9150.000000029102,-3529434.5323030315,576522.1360436855,311.54727500999456,221,1:10:42
45.8%,2290000,9160.00000003114,-3529321.5537931286,576677.2849081063,311.63111603345106,221,1:10:38
45.9%,2292500,9170.000000033177,-3532481.1675538067,576720.859246886,311.6546632065055,221,1:10:34
45.9%,2295000,9180.000000035214,-3532485.960638607,575742.4654469332,311.1259481699005,221,1:10:30
46.0%,2297500,9190.000000037251,-3530597.0581750516,574121.2935704498,310.24988175568217,221,1:10:26
46.0%,2300000,9200.000000039288,-3529296.423151817,574381.0806160572,310.39026829261087,221,1:10:22
46.0%,2302500,9210.000000041326,-3528257.214518981,577667.0851302787,312.16599499601483,221,1:10:18
46.1%,2305000,9220.000000043363,-3528106.2658124752,574763.4093969412,310.59687525944776,221,1:10:14
46.1%,2307500,9230.0000000454,-3527897.159953527,578636.3380191181,312.6897703680858,221,1:10:10
46.2%,2310000,9240.000000047437,-3528362.5861834306,576796.8936469002,311.6957514989586,221,1:10:06
46.2%,2312500,9250.000000049475,-3531541.1110594887,575918.8657440849,311.2212732727069,221,1:10:03
46.3%,2315000,9260.000000051512,-3531683.4191710204,574488.5768985092,310.4483582977951,221,1:09:59
46.4%,2317500,9270.00000005355,-3530199.5543932747,576251.7642773725,311.4011685870695,221,1:09:55
46.4%,2320000,9280.000000055586,-3529924.9135801923,577127.8447931658,311.87459446323413,221,1:09:51
46.5%,2322500,9290.000000057624,-3528485.9245350733,575136.3817770273,310.79842611310136,221,1:09:47
46.5%,2325000,9300.000000059661,-3532427.4870040845,574549.6768868644,310.4813761711518,221,1:09:43
46.5%,2327500,9310.000000061698,-3528238.956476478,578398.0557833486,312.5610048331721,221,1:09:39
46.6%,2330000,9320.000000063736,-3528502.4649011735,575646.3510347458,311.07400882302363,221,1:09:35
46.6%,2332500,9330.000000065773,-3531886.191980358,574934.461803051,310.68931041098085,221,1:09:31
46.7%,2335000,9340.00000006781,-3530930.933388898,576494.7882191382,311.53249649641725,221,1:09:27
46.8%,2337500,9350.000000069847,-3532200.6586464215,577138.814799878,311.88052255425504,221,1:09:23
46.8%,2340000,9360.000000071885,-3528472.457258029,575683.8123690613,311.09425258452825,221,1:09:20
46.9%,2342500,9370.000000073922,-3529341.3140385505,575377.830096788,310.92890257076766,221,1:09:16
46.9%,2345000,9380.00000007596,-3529304.3918815814,575831.0421632691,311.17381421506775,221,1:09:12
47.0%,2347500,9390.000000077996,-3528208.2007592246,575644.5524825267,311.073036901899,221,1:09:08
47.0%,2350000,9400.000000080034,-3529744.7984725777,571631.4773700838,308.9044079152103,221,1:09:04
47.0%,2352500,9410.000000082071,-3532270.32744845,575503.9790361244,310.997072300668,221,1:09:00
47.1%,2355000,9420.000000084108,-3529082.831202708,575303.0296028547,310.8884810698445,221,1:08:56
47.1%,2357500,9430.000000086146,-3530275.7726465296,576126.635226039,311.3335499952925,221,1:08:52
47.2%,2360000,9440.000000088183,-3529862.293193659,576086.4284046574,311.3118225977563,221,1:08:48
47.2%,2362500,9450.00000009022,-3528212.241231151,577131.8668253564,311.87676793254366,221,1:08:44
47.3%,2365000,9460.000000092257,-3529638.9702779446,573314.6791232093,309.81399470588747,221,1:08:40
47.4%,2367500,9470.000000094295,-3532880.441655865,576774.5793445256,311.6836930546008,221,1:08:37
47.4%,2370000,9480.000000096332,-3533902.8332030214,576956.4815169615,311.7819913203529,221,1:08:33
47.5%,2372500,9490.00000009837,-3534220.2107243333,574831.472712871,310.6336560511648,221,1:08:29
47.5%,2375000,9500.000000100406,-3531682.195429202,576488.5157065778,311.52910688815507,221,1:08:25
47.5%,2377500,9510.000000102444,-3530619.7905845772,574903.3950913403,310.6725222448865,221,1:08:21
47.6%,2380000,9520.000000104481,-3528534.778765511,574253.8074338468,310.3214910321719,221,1:08:17
47.6%,2382500,9530.000000106518,-3528920.3103507496,575299.7841971857,310.8867272823847,221,1:08:13
47.7%,2385000,9540.000000108555,-3530052.5835269336,575108.2369644218,310.78321691448656,221,1:08:09
47.8%,2387500,9550.000000110593,-3530408.8356954195,576137.7433400584,311.33955271823567,221,1:08:05
47.8%,2390000,9560.00000011263,-3531632.938349437,575914.0084588934,311.2186484403358,221,1:08:02
47.9%,2392500,9570.000000114667,-3531325.1431635544,575353.1219600294,310.91555052026257,221,1:07:58
47.9%,2395000,9580.000000116705,-3526374.5626465343,574252.8425812678,310.3209696346869,221,1:07:54
48.0%,2397500,9590.000000118742,-3530894.7746279016,576432.9294486655,311.49906858416307,221,1:07:50
48.0%,2400000,9600.000000120779,-3529838.0801754054,576257.9355434587,311.4045034826656,221,1:07:46
48.0%,2402500,9610.000000122816,-3529487.436626291,576366.4579108872,311.4631479747609,221,1:07:42
48.1%,2405000,9620.000000124854,-3530408.979837384,575765.2868179932,311.1382806295255,221,1:07:38
48.1%,2407500,9630.00000012689,-3529690.3288703114,575964.6335468849,311.24600577360167,221,1:07:34
48.2%,2410000,9640.000000128928,-3532831.968591487,575619.8740575603,311.059700907374,221,1:07:30
48.2%,2412500,9650.000000130965,-3531224.04896196,575235.9190564853,310.85221514606,221,1:07:26
48.3%,2415000,9660.000000133003,-3529542.810327556,576372.7231746621,311.4665336658459,221,1:07:22
48.4%,2417500,9670.00000013504,-3530418.219393732,575150.9012135961,310.8062722834648,221,1:07:18
48.4%,2420000,9680.000000137077,-3530852.960231187,573429.331269762,309.87595167440503,221,1:07:15
48.5%,2422500,9690.000000139114,-3528494.1644717287,573547.8063284562,309.9399745095837,221,1:07:11
48.5%,2425000,9700.000000141152,-3534249.5031091124,574868.6823469107,310.6537637961487,221,1:07:07
48.5%,2427500,9710.000000143189,-3529082.5900533665,575904.0782071832,311.21328222338235,221,1:07:03
48.6%,2430000,9720.000000145226,-3528850.7189489175,575720.6693108231,311.11416973783986,221,1:06:59
48.6%,2432500,9730.000000147264,-3530909.70763747,574379.5809858581,310.3894579062044,221,1:06:55
48.7%,2435000,9740.0000001493,-3529899.5228190497,576492.607399726,311.53131800160725,221,1:06:51
48.8%,2437500,9750.000000151338,-3531477.688481938,578020.6981983942,312.3570842550245,221,1:06:47
48.8%,2440000,9760.000000153375,-3529036.3744850233,575298.7054665424,310.8861443462381,221,1:06:43
48.9%,2442500,9770.000000155413,-3531003.294380255,576279.429636806,311.41611869358724,221,1:06:39
48.9%,2445000,9780.00000015745,-3529582.222464569,577243.3402823524,311.93700716637676,221,1:06:35
49.0%,2447500,9790.000000159487,-3528788.3635439817,576984.5406593085,311.7971542235457,221,1:06:31
49.0%,2450000,9800.000000161524,-3529784.37223999,574730.007140194,310.57882498623496,221,1:06:27
49.0%,2452500,9810.000000163562,-3533666.1348177027,576734.6435156649,311.66211209893754,221,1:06:24
49.1%,2455000,9820.000000165599,-3532660.922743283,577305.0156829914,311.9703359872544,221,1:06:20
49.1%,2457500,9830.000000167636,-3527950.3185834624,573365.3014328503,309.8413505377581,221,1:06:16
49.2%,2460000,9840.000000169674,-3528210.4784272984,576763.5993989387,311.6777595927032,221,1:06:12
49.2%,2462500,9850.00000017171,-3533031.793041205,577844.2407798832,312.2617282843594,221,1:06:08
49.3%,2465000,9860.000000173748,-3531926.5700207036,576929.1980389161,311.7672475790351,221,1:06:04
49.4%,2467500,9870.000000175785,-3532378.3185406514,573147.3920252887,309.7235942923679,221,1:06:00
49.4%,2470000,9880.000000177823,-3530616.6293710247,576185.1756373384,311.3651846966822,221,1:05:56
49.5%,2472500,9890.00000017986,-3533209.7457287554,577635.9315121183,312.149159866472,221,1:05:52
49.5%,2475000,9900.000000181897,-3528762.1901893467,577644.3350801652,312.15370107757514,221,1:05:48
49.5%,2477500,9910.000000183934,-3531857.776370451,577154.3710610062,311.88892901510155,221,1:05:45
49.6%,2480000,9920.000000185972,-3528335.7657954283,575435.1983038983,310.9599038237639,221,1:05:41
49.6%,2482500,9930.000000188009,-3528375.24078314,573565.5627194203,309.9495699004162,221,1:05:37
49.7%,2485000,9940.000000190046,-3528073.369399445,577812.611071287,312.2446358799113,221,1:05:33
49.8%,2487500,9950.000000192083,-3529837.7228056565,574908.6665544729,310.6753708952186,221,1:05:29
49.8%,2490000,9960.00000019412,-3528630.9903574213,575357.5482604525,310.9179424524175,221,1:05:25
49.9%,2492500,9970.000000196158,-3529269.4915829785,573688.14112091,310.01581014440967,221,1:05:21
49.9%,2495000,9980.000000198195,-3527303.5563619453,575076.8751334879,310.7662692686705,221,1:05:17
50.0%,2497500,9990.000000200233,-3530277.5505510103,575786.5547688655,311.1497736351277,221,1:05:13
50.0%,2500000,10000.00000020227,-3531640.348329561,574844.2873199248,310.64058094729336,221,1:05:09
50.0%,2502500,10010.000000204307,-3529399.8055774234,577714.1443158258,312.19142534830274,221,1:05:06
50.1%,2505000,10020.000000206344,-3529363.8416925035,576941.1623312165,311.77371297286913,221,1:05:02
50.1%,2507500,10030.000000208382,-3531351.2703285143,575583.9995538018,311.04031465454943,221,1:04:58
50.2%,2510000,10040.000000210419,-3529552.625057606,577977.5792520617,312.333783171872,221,1:04:54
50.2%,2512500,10050.000000212456,-3533720.888999345,574119.7140426815,310.24902819336216,221,1:04:50
50.3%,2515000,10060.000000214493,-3528314.2800035495,575718.7906527721,311.1131545282583,221,1:04:46
50.4%,2517500,10070.00000021653,-3531555.4014619663,573820.9449419433,310.0875761113468,221,1:04:42
50.4%,2520000,10080.000000218568,-3529405.086604396,573329.3932785066,309.821946100466,221,1:04:38
50.5%,2522500,10090.000000220605,-3526887.846262479,576827.5998171868,311.712344831774,221,1:04:34
50.5%,2525000,10100.000000222642,-3533707.3026628066,577086.164092958,311.8520705950972,221,1:04:30
50.5%,2527500,10110.00000022468,-3529789.7870119214,577196.9715463797,311.9119499267066,221,1:04:26
50.6%,2530000,10120.000000226717,-3532168.4322695415,574144.9859400344,310.262684894922,221,1:04:22
50.6%,2532500,10130.000000228754,-3525978.934925711,575512.2670677751,311.00155107696213,221,1:04:19
50.7%,2535000,10140.000000230792,-3530726.483416371,578428.9718423204,312.577711587908,221,1:04:15
50.8%,2537500,10150.000000232829,-3530955.9090345763,574063.6013201927,310.21870539274124,221,1:04:11
50.8%,2540000,10160.000000234866,-3530343.891794311,576199.8573315769,311.37311854960234,221,1:04:07
50.9%,2542500,10170.000000236903,-3529869.7846949436,574512.1954159373,310.4611215280069,221,1:04:03
50.9%,2545000,10180.00000023894,-3532715.8894090336,574502.8233525949,310.4560569509282,221,1:03:59
51.0%,2547500,10190.000000240978,-3530406.549437968,575631.5988801271,311.06603689396024,221,1:03:55
51.0%,2550000,10200.000000243015,-3528352.2935561053,576155.890542441,311.3493592999745,221,1:03:51
51.0%,2552500,10210.000000245052,-3529901.569576664,578271.8913218827,312.4928267152554,221,1:03:47
51.1%,2555000,10220.00000024709,-3529895.5219378937,575586.5786439218,311.04170837119733,221,1:03:43
51.1%,2557500,10230.000000249127,-3532684.60820451,576626.1144264736,311.6034639744633,221,1:03:40
51.2%,2560000,10240.000000251164,-3530820.6430026796,576573.5351325232,311.5750506062193,221,1:03:36
51.2%,2562500,10250.000000253202,-3530497.1062990017,575240.7886851884,310.8548466487516,221,1:03:32
51.3%,2565000,10260.000000255239,-3526189.5166893825,575194.13133917,310.8296334468597,221,1:03:28
51.4%,2567500,10270.000000257276,-3527815.1940548588,577619.0620460692,312.14004376172966,221,1:03:24
51.4%,2570000,10280.000000259313,-3529926.9901852775,575626.6866110947,311.0633823488258,221,1:03:20
51.5%,2572500,10290.00000026135,-3528648.989051558,575124.6944062478,310.7921103651175,221,1:03:16
51.5%,2575000,10300.000000263388,-3530769.9145929534,575028.5208218151,310.74013904210193,221,1:03:12
51.5%,2577500,10310.000000265425,-3530883.2245095726,575153.525617804,310.80769048743025,221,1:03:08
51.6%,2580000,10320.000000267462,-3533395.529931601,574417.7741706152,310.41009715297594,221,1:03:04
51.6%,2582500,10330.0000002695,-3530208.598060485,574623.8474805105,310.52145727973664,221,1:03:00
51.7%,2585000,10340.000000271537,-3528023.291489685,576590.2619656805,311.58408963345505,221,1:02:56
51.8%,2587500,10350.000000273574,-3531024.4608041905,575742.0355263911,311.12571584478235,221,1:02:53
51.8%,2590000,10360.000000275611,-3530752.104484439,578468.6709667408,312.5991646306626,221,1:02:49
51.9%,2592500,10370.000000277649,-3529291.097108977,574800.260302026,310.61678915059446,221,1:02:45
51.9%,2595000,10380.000000279686,-3527599.7014947254,575233.892985944,310.8511202761207,221,1:02:41
52.0%,2597500,10390.000000281723,-3528910.8201376013,575875.75134003,311.1979746441596,221,1:02:37
52.0%,2600000,10400.00000028376,-3528548.1740489006,577230.3902877077,311.9300091080356,221,1:02:33
52.0%,2602500,10410.000000285798,-3527329.6478311364,577300.6936360777,311.9680003927399,221,1:02:29
52.1%,2605000,10420.000000287835,-3529539.695367502,577934.8549936436,312.3106953744488,221,1:02:25
52.1%,2607500,10430.000000289872,-3528859.635736294,577156.3498117957,311.88999831388105,221,1:02:21
52.2%,2610000,10440.00000029191,-3532911.882110201,575149.102989204,310.8053005394949,221,1:02:17
52.2%,2612500,10450.000000293947,-3529384.777967492,574488.9819889553,310.44857720495713,221,1:02:13
52.3%,2615000,10460.000000295984,-3529250.0764061473,577855.4545480091,312.2677881018127,221,1:02:09
52.4%,2617500,10470.000000298021,-3531580.137778396,575722.5811865886,311.1152028979696,221,1:02:06
52.4%,2620000,10480.000000300059,-3528380.9640334863,577734.4477284616,312.20239712628774,221,1:02:02
52.5%,2622500,10490.000000302096,-3527868.015895974,576399.2424123904,311.4808644187052,221,1:01:58
52.5%,2625000,10500.000000304133,-3533764.1401125807,574395.9176415927,310.39828608513926,221,1:01:54
52.5%,2627500,10510.00000030617,-3530014.9237932004,576151.4802393708,311.3469760126424,221,1:01:50
52.6%,2630000,10520.000000308208,-3529913.0494091157,577571.7134162087,312.11445699638926,221,1:01:46
52.6%,2632500,10530.000000310245,-3528445.38392085,576365.1526097975,311.462442602023,221,1:01:42
52.7%,2635000,10540.000000312282,-3530671.6453546807,577589.4998818734,312.12406863931403,221,1:01:38
52.8%,2637500,10550.00000031432,-3528621.3623180427,573701.2260305716,310.0228811095886,221,1:01:34
52.8%,2640000,10560.000000316357,-3529603.0799608324,575155.1961543807,310.8085932300757,221,1:01:30
52.9%,2642500,10570.000000318394,-3528514.342253031,574803.4219196478,310.6184976597619,221,1:01:26
52.9%,2645000,10580.000000320431,-3532318.5836914983,575565.0055078622,311.0300504463188,221,1:01:23
53.0%,2647500,10590.000000322469,-3530840.1919433363,575773.9000235484,311.14293512681553,221,1:01:19
53.0%,2650000,10600.000000324506,-3531992.7436636463,576306.7666102329,311.43089134331865,221,1:01:15
53.0%,2652500,10610.000000326543,-3532424.4267726857,575302.0434895991,310.88794818328483,221,1:01:11
53.1%,2655000,10620.00000032858,-3530025.734452598,578798.7812762344,312.7775532144578,221,1:01:07
53.1%,2657500,10630.000000330618,-3530016.4304637965,577331.7628102985,311.98478988955213,221,1:01:03
53.2%,2660000,10640.000000332655,-3530149.4110983107,575479.1564717508,310.98365841452926,221,1:00:59
53.2%,2662500,10650.000000334692,-3532330.2064637374,576206.3369491005,311.3766200754872,221,1:00:55
53.3%,2665000,10660.00000033673,-3531155.178755481,578646.4203027282,312.69521874168373,221,1:00:51
53.4%,2667500,10670.000000338767,-3530187.0711865127,576469.1025589542,311.51861620121804,221,1:00:47
53.4%,2670000,10680.000000340804,-3531428.740380699,574329.9589205101,310.3626425971764,221,1:00:43
53.5%,2672500,10690.000000342841,-3530046.2227101587,574222.1612756755,310.3043897385244,221,1:00:39
53.5%,2675000,10700.000000344879,-3531000.4593374133,576803.366930576,311.6992496020903,221,1:00:36
53.5%,2677500,10710.000000346916,-3528924.986271668,576186.3128439412,311.36579923270097,221,1:00:32
53.6%,2680000,10720.000000348953,-3528524.1071278546,576623.1034262193,311.60183685753987,221,1:00:28
53.6%,2682500,10730.00000035099,-3531743.2341572717,574983.1542606966,310.715623368532,221,1:00:24
53.7%,2685000,10740.000000353028,-3531335.5467669778,574093.7716607925,310.235009168108,221,1:00:20
53.8%,2687500,10750.000000355065,-3530912.9863967486,575258.1425357227,310.8642245104275,221,1:00:16
53.8%,2690000,10760.000000357102,-3529158.3941518087,575120.4899160536,310.7898382971761,221,1:00:12
53.9%,2692500,10770.00000035914,-3531213.0802508276,574975.0481044275,310.7112428760261,221,1:00:08
53.9%,2695000,10780.000000361177,-3528425.3953896146,576884.0381059756,311.74284356543757,221,1:00:04
54.0%,2697500,10790.000000363214,-3528890.4634295143,573258.5807602789,309.78367966504015,221,1:00:00
54.0%,2700000,10800.000000365251,-3531794.5408756435,576066.0729929302,311.3008227199393,221,59:56
54.0%,2702500,10810.000000367289,-3527694.881252419,575025.1323326603,310.7383079336386,221,59:52
54.1%,2705000,10820.000000369326,-3529920.4790665507,576986.3437963021,311.79812862224037,221,59:49
54.1%,2707500,10830.000000371363,-3528611.4771249704,575322.6546504749,310.89908626559634,221,59:45
54.2%,2710000,10840.0000003734,-3530374.7152395453,575130.0355614198,310.7949966763885,221,59:41
54.2%,2712500,10850.000000375438,-3531354.8113220967,576291.7028054033,311.42275100133946,221,59:37
54.3%,2715000,10860.000000377475,-3530253.6961451937,573687.6288613089,310.0155333240192,221,59:33
54.4%,2717500,10870.000000379512,-3528482.3159974907,577111.1298962021,311.86556188620796,221,59:29
54.4%,2720000,10880.00000038155,-3531374.9870361406,576192.132285028,311.36894400529394,221,59:25
54.5%,2722500,10890.000000383587,-3529996.1778080445,577091.581667891,311.8549982029062,221,59:21
54.5%,2725000,10900.000000385624,-3529982.081728125,577915.1123435849,312.30002662741776,221,59:17
54.5%,2727500,10910.000000387661,-3532771.8600885216,574858.2200589138,310.6481100716653,221,59:13
54.6%,2730000,10920.000000389698,-3530298.317286169,574691.4891846941,310.5580102363326,221,59:09
54.6%,2732500,10930.000000391736,-3529654.8863671534,575350.2355486329,310.9139907300154,221,59:06
54.7%,2735000,10940.000000393773,-3527488.45474761,577142.80918368,311.88268108262895,221,59:02
54.8%,2737500,10950.00000039581,-3534471.161402473,575709.0114465328,311.1078699348921,221,58:58
54.8%,2740000,10960.000000397848,-3534147.246435588,576433.6155836952,311.4994393652406,221,58:54
54.9%,2742500,10970.000000399885,-3527212.2881961,575040.1836552699,310.7464415303406,221,58:50
54.9%,2745000,10980.000000401922,-3527250.02201315,578238.9839005399,312.47504384655707,221,58:46
55.0%,2747500,10990.00000040396,-3529324.4780355003,574863.319387395,310.6508657020104,221,58:42
55.0%,2750000,11000.000000405997,-3529604.7700192444,575266.6537371799,310.8688238856384,221,58:38
55.0%,2752500,11010.000000408034,-3527985.0588732343,575586.4225511096,311.04162402007313,221,58:34
55.1%,2755000,11020.000000410071,-3528899.08386245,575050.3329225173,310.7519261012817,221,58:30
55.1%,2757500,11030.000000412108,-3529750.0074869674,577770.5327394968,312.221897135314,221,58:26
55.2%,2760000,11040.000000414146,-3531672.9982748944,573517.3944874401,309.9235402296069,221,58:23
55.2%,2762500,11050.000000416183,-3529056.6970791724,578567.4244216965,312.6525300920486,221,58:19
55.3%,2765000,11060.00000041822,-3531559.9722929765,576763.6120465123,311.67776642733594,221,58:15
55.4%,2767500,11070.000000420257,-3529463.866305385,576698.4752525016,311.64256710122476,221,58:11
55.4%,2770000,11080.000000422295,-3532482.622460451,576586.7146722834,311.58217270863565,221,58:07
55.5%,2772500,11090.000000424332,-3528859.335310053,576926.3296417699,311.7656975235234,221,58:03
55.5%,2775000,11100.00000042637,-3529891.7121323273,576889.1563445209,311.7456094146079,221,57:59
55.5%,2777500,11110.000000428407,-3527313.4321736265,574417.8938854927,310.41016184579786,221,57:55
55.6%,2780000,11120.000000430444,-3529112.399188768,575696.545711441,311.10113356597225,221,57:51
55.6%,2782500,11130.000000432481,-3530776.8233901206,573996.3476396454,310.1823621205598,221,57:47
55.7%,2785000,11140.000000434518,-3530952.668026503,576298.8262173248,311.4266004278128,221,57:43
55.8%,2787500,11150.000000436556,-3530831.5050444417,576788.3968195015,311.69115989135713,221,57:39
55.8%,2790000,11160.000000438593,-3530415.153179582,575361.1593430496,310.9198938483356,221,57:36
55.9%,2792500,11170.00000044063,-3529947.779687358,575523.4149521405,311.0075752914355,221,57:32
55.9%,2795000,11180.000000442667,-3528228.998998007,575955.8270935325,311.24124684697443,221,57:28
56.0%,2797500,11190.000000444705,-3530352.0946715064,576742.3239949008,311.66626255947864,221,57:24
56.0%,2800000,11200.000000446742,-3531314.664348306,574989.0450925231,310.71880672002607,221,57:20
56.0%,2802500,11210.00000044878,-3531974.9848879334,578648.3155650175,312.69624292404336,221,57:16
56.1%,2805000,11220.000000450817,-3527848.3841329142,573688.3746527357,310.0159363428665,221,57:12
56.1%,2807500,11230.000000452854,-3532793.9970220085,575688.9373717809,311.0970220889963,221,57:08
56.2%,2810000,11240.000000454891,-3531139.9145524446,574694.6249489558,310.55970477458146,221,57:04
56.2%,2812500,11250.000000456928,-3529382.53305831,577132.4290157834,311.87707173509455,221,57:00
56.3%,2815000,11260.000000458966,-3530380.9622664265,575560.2417037953,311.0274761302901,221,56:57
56.4%,2817500,11270.000000461003,-3530022.9360788595,578722.3938929036,312.7362741730576,221,56:53
56.4%,2820000,11280.00000046304,-3530394.6344521604,576154.1090157141,311.3483965792697,221,56:49
56.5%,2822500,11290.000000465077,-3528815.394430304,575076.1091279166,310.76585532628485,221,56:45
56.5%,2825000,11300.000000467115,-3530459.0367424786,577012.6772895561,311.8123590004893,221,56:41
56.5%,2827500,11310.000000469152,-3529659.3388299868,574325.9747519027,310.36048958899994,221,56:37
56.6%,2830000,11320.00000047119,-3531771.6568299085,576407.2193888406,311.4851751036217,221,56:33
56.6%,2832500,11330.000000473226,-3531598.7510408647,574072.8197477467,310.2236869464489,221,56:29
56.7%,2835000,11340.000000475264,-3532050.049917301,575873.8206272167,311.196931304662,221,56:25
56.8%,2837500,11350.000000477301,-3534404.6264095753,574773.8721419728,310.60252923090854,221,56:21
56.8%,2840000,11360.000000479338,-3531131.3734136038,575953.8653952338,311.2401867632046,221,56:17
56.9%,2842500,11370.000000481376,-3527440.4266363457,575158.5925757716,310.81042862504665,221,56:14
56.9%,2845000,11380.000000483413,-3526803.2391071413,576798.6664779413,311.69670952059454,221,56:10
57.0%,2847500,11390.00000048545,-3527240.137906518,574367.972420427,310.38318474390815,221,56:06
57.0%,2850000,11400.000000487487,-3527807.97292196,576782.4198109412,311.6879299707465,221,56:02
57.0%,2852500,11410.000000489525,-3529534.4986310955,574981.1878352918,310.71456073027747,221,55:58
57.1%,2855000,11420.000000491562,-3527649.0827097557,575657.73401784,311.0801600826939,221,55:54
57.1%,2857500,11430.0000004936,-3531861.2159336936,575156.0330040567,310.8090454559658,221,55:50
57.2%,2860000,11440.000000495636,-3530446.836516114,572429.0280486154,309.335396987519,221,55:46
57.2%,2862500,11450.000000497674,-3530268.66623565,575154.4158336758,310.8081715519231,221,55:42
57.3%,2865000,11460.000000499711,-3527581.518159533,575135.2121721985,310.79779406937837,221,55:38
57.4%,2867500,11470.000000501748,-3533723.1027489547,578933.1820969088,312.8501821853548,221,55:35
57.4%,2870000,11480.000000503785,-3527378.804554403,575919.3495000193,311.2215346899774,221,55:31
57.5%,2872500,11490.000000505823,-3524865.814372653,577232.4955664047,311.9311467813359,221,55:27
57.5%,2875000,11500.00000050786,-3526555.1208708566,576067.9799870307,311.30185324206207,221,55:23
57.5%,2877500,11510.000000509897,-3529994.0056787394,573364.5675154431,309.84095393552207,221,55:19
57.6%,2880000,11520.000000511935,-3532494.009676818,573784.6108888615,310.06794152228247,221,55:15
57.6%,2882500,11530.000000513972,-3531680.3718718532,572037.2793642123,309.1236995912107,221,55:11
57.7%,2885000,11540.00000051601,-3529806.3735911045,575202.0711995448,310.8339240745895,221,55:07
57.8%,2887500,11550.000000518046,-3533646.3634389658,576598.759333169,311.58868153291615,221,55:03
57.8%,2890000,11560.000000520084,-3533055.393211307,575818.215422365,311.16688276191775,221,54:59
57.9%,2892500,11570.00000052212,-3529920.841541717,576167.958227216,311.35588056615364,221,54:56
57.9%,2895000,11580.000000524158,-3534061.890476618,574650.7557239828,310.5359982477325,221,54:52
58.0%,2897500,11590.000000526195,-3530353.8261254225,576421.6286883701,311.49296175693917,221,54:48
58.0%,2900000,11600.000000528233,-3529012.620949134,574146.7591134905,310.2636431015959,221,54:44
58.0%,2902500,11610.00000053027,-3528238.203036949,575152.9796235292,310.8073954371315,221,54:40
58.1%,2905000,11620.000000532307,-3529340.931412697,574251.8084624318,310.32041080635184,221,54:36
58.1%,2907500,11630.000000534345,-3530514.14029192,576732.354504843,311.660875138482,221,54:32
58.2%,2910000,11640.000000536382,-3530563.498088194,574796.8643097184,310.61495398749616,221,54:28
58.2%,2912500,11650.000000538419,-3531697.5990134124,575944.5988126241,311.2351791869465,221,54:24
58.3%,2915000,11660.000000540456,-3530645.419158116,574705.0514118796,310.56533913952387,221,54:20
58.4%,2917500,11670.000000542494,-3531689.135494489,573755.1880686535,310.05204170007994,221,54:16
58.4%,2920000,11680.00000054453,-3531261.2341818176,578341.5743717755,312.5304827963513,221,54:12
58.5%,2922500,11690.000000546568,-3530384.162925793,574142.0232644512,310.2610838922077,221,54:09
58.5%,2925000,11700.000000548605,-3528581.6097974777,575299.9355464197,310.88680907012275,221,54:05
58.5%,2927500,11710.000000550643,-3532698.379729446,577174.1795602925,311.8996333464513,221,54:01
58.6%,2930000,11720.00000055268,-3530502.582957076,576390.1816580093,311.47596807013423,221,53:57
58.6%,2932500,11730.000000554717,-3529494.936917318,576903.5388072145,311.75338156554534,221,53:53
58.7%,2935000,11740.000000556754,-3530741.6654814538,575081.2947426031,310.76865758490396,221,53:49
58.8%,2937500,11750.000000558792,-3527774.9070470147,577023.6528856639,311.81829011196834,221,53:45
58.8%,2940000,11760.000000560829,-3529157.8900130354,574960.4495938171,310.70335397477584,221,53:41
58.9%,2942500,11770.000000562866,-3527710.9839948975,575541.064541358,311.01711296758356,221,53:37
58.9%,2945000,11780.000000564904,-3532835.3397411276,576734.8506821305,311.66222404979567,221,53:33
59.0%,2947500,11790.00000056694,-3533289.5951444246,575046.5941116016,310.7499056821517,221,53:29
59.0%,2950000,11800.000000568978,-3532869.377431622,575557.0199833894,311.02573514212935,221,53:25
59.0%,2952500,11810.000000571015,-3531012.2331413124,577022.737032959,311.81779519356587,221,53:22
59.1%,2955000,11820.000000573053,-3528526.032561429,575173.7867110856,310.8186393964243,221,53:18
59.1%,2957500,11830.00000057509,-3527189.823365312,576746.9947532644,311.66878659446263,221,53:14
59.2%,2960000,11840.000000577127,-3532348.795332646,578558.8155087797,312.6478779144611,221,53:10
59.2%,2962500,11850.000000579164,-3527690.3803203795,576022.7023063572,311.2773855986695,221,53:06
59.3%,2965000,11860.000000581202,-3531083.0344064496,573853.0676588719,310.1049349329763,221,53:02
59.4%,2967500,11870.000000583239,-3530209.6673447657,575098.3789481143,310.7778897328823,221,52:58
59.4%,2970000,11880.000000585276,-3529601.9567770157,576073.4831220985,311.30482708578324,221,52:54
59.5%,2972500,11890.000000587313,-3529408.0183276366,575119.7134423826,310.7894186979254,221,52:50
59.5%,2975000,11900.00000058935,-3528151.9562937412,576599.9365301363,311.58931767936116,221,52:46
59.5%,2977500,11910.000000591388,-3528459.4004449025,574058.1011778824,310.2157331662788,221,52:42
59.6%,2980000,11920.000000593425,-3529790.699141111,575859.1218635703,311.1889882275904,221,52:39
59.6%,2982500,11930.000000595463,-3529370.582985662,575150.3640033792,310.80598197999035,221,52:35
59.7%,2985000,11940.0000005975,-3534333.8325444385,574911.2082868274,310.67674442407264,221,52:31
59.8%,2987500,11950.000000599537,-3527236.4618700873,577581.9134258708,312.1199689880659,221,52:27
59.8%,2990000,11960.000000601574,-3532218.2410177663,574086.5023084201,310.2310808767534,221,52:23
59.9%,2992500,11970.000000603612,-3529046.3219860457,576974.986735412,311.79199137069145,221,52:19
59.9%,2995000,11980.000000605649,-3532093.8548767157,574624.619108743,310.52187426055684,221,52:15
60.0%,2997500,11990.000000607686,-3530724.1636535376,574856.4192331152,310.6471369219191,221,52:11
60.0%,3000000,12000.000000609723,-3528961.0804249123,576599.3980088541,311.5890266673991,221,52:07
60.0%,3002500,12010.00000061176,-3529523.770015849,575070.2710009512,310.76270045601444,221,52:03
60.1%,3005000,12020.000000613798,-3532273.534440443,574360.8213299736,310.37932036021004,221,51:59
60.1%,3007500,12030.000000615835,-3527773.7923016176,575382.0702791181,310.931193926412,221,51:56
60.2%,3010000,12040.000000617873,-3532120.314866876,574606.8768652322,310.51228651487844,221,51:52
60.2%,3012500,12050.00000061991,-3530642.6179683954,574350.6871339439,310.37384393361674,221,51:48
60.3%,3015000,12060.000000621947,-3531594.0606480315,573113.3900431736,309.7052199330665,221,51:44
60.4%,3017500,12070.000000623984,-3534806.7375191078,574792.5435735732,310.612619101309,221,51:40
60.4%,3020000,12080.000000626022,-3530149.276184093,576341.7665614713,311.4498049959819,221,51:36
60.5%,3022500,12090.000000628059,-3528170.84769856,575747.0543591743,311.1284279759905,221,51:32
60.5%,3025000,12100.000000630096,-3527763.0708037615,575766.3756570192,311.13886902814943,221,51:28
60.5%,3027500,12110.000000632133,-3531341.804041311,574443.408603205,310.423949765253,221,51:24
60.6%,3030000,12120.00000063417,-3531190.572927946,577083.2018529491,311.8504698277632,221,51:20
60.6%,3032500,12130.000000636208,-3531547.0976959933,576090.6954068808,311.314128446625,221,51:17
60.7%,3035000,12140.000000638245,-3532459.127550926,576922.778700785,311.763778627581,221,51:13
60.8%,3037500,12150.000000640282,-3528988.795963064,575682.34352874,311.0934588366894,221,51:09
60.8%,3040000,12160.00000064232,-3530999.3641737886,575988.1704375289,311.25872489344783,221,51:05
60.9%,3042500,12170.000000644357,-3533720.6723815165,576031.647193291,311.2822193335346,221,51:01
60.9%,3045000,12180.000000646394,-3530543.617364468,575593.7887833095,311.04560466439796,221,50:57
61.0%,3047500,12190.000000648432,-3529909.9763442986,574917.0073798704,310.67987820076934,221,50:53
61.0%,3050000,12200.000000650469,-3526282.7354254704,575125.9273807313,310.7927766532207,221,50:49
61.0%,3052500,12210.000000652506,-3529792.646265503,575747.7879650858,311.12882440989716,221,50:45
61.1%,3055000,12220.000000654543,-3528594.8596782126,576526.1158578098,311.54942566504826,221,50:41
61.1%,3057500,12230.00000065658,-3531366.3366986793,575249.3887810821,310.8594940617008,221,50:37
61.2%,3060000,12240.000000658618,-3529963.966322029,576422.9385301832,311.4936695834424,221,50:34
61.2%,3062500,12250.000000660655,-3530358.6407241635,576960.1537084273,311.78397573894324,221,50:30
61.3%,3065000,12260.000000662692,-3528288.513290234,574104.0492892624,310.24056310427653,221,50:26
61.4%,3067500,12270.00000066473,-3533442.020655226,576696.7596404094,311.641640000184,221,50:22
61.4%,3070000,12280.000000666767,-3530425.4861081764,576563.1608116925,311.56944441838573,221,50:18
61.5%,3072500,12290.000000668804,-3530334.1351948846,575547.0370828366,311.02034047422416,221,50:14
61.5%,3075000,12300.000000670841,-3531177.0012196265,576373.013850831,311.46669074458174,221,50:10
61.5%,3077500,12310.000000672879,-3531773.5982927587,575754.48085085,311.13244118398336,221,50:06
61.6%,3080000,12320.000000674916,-3530311.0213765036,574903.273590216,310.6724565867932,221,50:02
61.6%,3082500,12330.000000676953,-3528905.2167298663,577982.2935779219,312.3363307503317,221,49:58
61.7%,3085000,12340.00000067899,-3531493.030407129,575699.0141743477,311.1024675006887,221,49:55
61.8%,3087500,12350.000000681028,-3529382.1373028606,576265.6405371765,311.4086671906079,221,49:51
61.8%,3090000,12360.000000683065,-3532470.6101725064,575457.7335136968,310.9720816444677,221,49:47
61.9%,3092500,12370.000000685102,-3534835.930732999,574340.6245738864,310.3684062184457,221,49:43
61.9%,3095000,12380.00000068714,-3527912.7256180495,576653.255972164,311.61813101683816,221,49:39
62.0%,3097500,12390.000000689177,-3530706.2606868166,576816.9342901767,311.7065812787917,221,49:35
62.0%,3100000,12400.000000691214,-3531842.7462327965,575415.5103051275,310.94926460978763,221,49:31
62.0%,3102500,12410.000000693251,-3528720.0470434986,575870.2214554152,311.19498634522864,221,49:27
62.1%,3105000,12420.000000695289,-3531124.0065332893,576757.6692750761,311.6745550081532,221,49:23
62.1%,3107500,12430.000000697326,-3528746.4794161767,576084.3025346308,311.3106737970904,221,49:19
62.2%,3110000,12440.000000699363,-3530298.6356727853,575975.9213537241,311.2521056008966,221,49:15
62.2%,3112500,12450.0000007014,-3528688.928945847,573610.5551060806,309.9738833735404,221,49:11
62.3%,3115000,12460.000000703438,-3530376.1588392593,577006.4030602716,311.80896846452515,221,49:08
62.4%,3117500,12470.000000705475,-3530378.279368473,576263.0940924527,311.4072911152326,221,49:04
62.4%,3120000,12480.000000707512,-3528609.2013620436,574061.8670919455,310.21776823170114,221,49:00
62.5%,3122500,12490.00000070955,-3531685.140612738,577620.985090934,312.14108295753823,221,48:56
62.5%,3125000,12500.000000711587,-3528699.387761321,577131.4883393227,311.87656340216216,221,48:52
62.5%,3127500,12510.000000713624,-3528539.0706233624,574339.0184051245,310.36753825957715,221,48:48
62.6%,3130000,12520.000000715661,-3531379.43411579,575420.9785887648,310.95221962011533,221,48:44
62.6%,3132500,12530.000000717699,-3529780.7776868343,575844.3659689093,311.18101427744256,221,48:40
62.7%,3135000,12540.000000719736,-3531456.674218882,574871.5108171355,310.6552922755182,221,48:36
62.8%,3137500,12550.000000721773,-3533917.540365264,576278.1211217201,311.4154115840352,221,48:32
62.8%,3140000,12560.00000072381,-3531526.951250719,574777.05278452,310.6042480209712,221,48:28
62.9%,3142500,12570.000000725848,-3527029.009187909,575973.0758541103,311.2505679190015,221,48:25
62.9%,3145000,12580.000000727885,-3530748.999110665,574738.355400038,310.58333630929246,221,48:21
63.0%,3147500,12590.000000729922,-3531561.458670521,575154.3115046949,310.80811517349866,221,48:17
63.0%,3150000,12600.00000073196,-3530880.104366958,574229.1649694946,310.308174470433,221,48:13
63.0%,3152500,12610.000000733997,-3530383.278332498,575447.016149397,310.9662900790895,221,48:09
63.1%,3155000,12620.000000736034,-3525805.202628309,574395.3296603849,310.397968345487,221,48:05
63.1%,3157500,12630.000000738071,-3530669.8403306287,574965.2105587205,310.7059267565466,221,48:01
63.2%,3160000,12640.000000740109,-3533684.4753305577,577511.0668395909,312.0816841425772,221,47:57
63.2%,3162500,12650.000000742146,-3531067.760833537,576156.5700329375,311.34972649040714,221,47:53
63.3%,3165000,12660.000000744183,-3531137.792943176,574000.7075532739,310.1847181778996,221,47:49
63.4%,3167500,12670.00000074622,-3529395.3272906244,578915.4815845652,312.8406169908165,221,47:45
63.4%,3170000,12680.000000748258,-3528817.6430562567,574612.780031667,310.51547653188163,221,47:42
63.5%,3172500,12690.000000750295,-3530078.4692138154,577150.8930686247,311.88704953991544,221,47:38
63.5%,3175000,12700.000000752332,-3529784.013691196,578126.0556340879,312.4140184470361,221,47:34
63.5%,3177500,12710.00000075437,-3530660.531501105,577500.6835674874,312.07607311755794,221,47:30
63.6%,3180000,12720.000000756407,-3527706.9446591605,575255.7487331793,310.8629309214867,221,47:26
63.6%,3182500,12730.000000758444,-3531078.75559867,577224.243086355,311.9266872168009,221,47:22
63.7%,3185000,12740.000000760481,-3531363.053461548,574516.0104708382,310.46318314868734,221,47:18
63.8%,3187500,12750.000000762519,-3529144.2148195785,577158.1973916953,311.8909967291146,221,47:14
63.8%,3190000,12760.000000764556,-3531868.937426055,576882.3940879523,311.7419551531751,221,47:10
63.9%,3192500,12770.000000766593,-3528519.286634803,576628.920971792,311.6049806058144,221,47:06
63.9%,3195000,12780.00000076863,-3530466.5498272236,575629.5621280079,311.06493625179417,221,47:02
64.0%,3197500,12790.000000770668,-3528768.962781515,575211.3557824258,310.83894137802906,221,46:58
64.0%,3200000,12800.000000772705,-3526767.041713599,576674.8366802237,311.6297930335561,221,46:55
64.0%,3202500,12810.000000774742,-3532231.8444303945,576024.0692147973,311.27812426345463,221,46:51
64.1%,3205000,12820.00000077678,-3527118.783549864,574942.9031543693,310.69387203981734,221,46:47
64.2%,3207500,12830.000000778817,-3529920.3303437773,576047.6497042489,311.29086694369664,221,46:43
64.2%,3210000,12840.000000780854,-3532395.212898448,575749.9753533169,311.13000645443657,221,46:39
64.2%,3212500,12850.000000782891,-3528013.4291441515,575944.1453410857,311.23493413508595,221,46:35
64.3%,3215000,12860.000000784928,-3529677.0795413665,574608.6172911824,310.5132270251004,221,46:31
64.3%,3217500,12870.000000786966,-3534019.5066826288,576455.1833509414,311.5110943888615,221,46:27
64.4%,3220000,12880.000000789003,-3531171.49732244,575699.9864513893,311.10299291028514,221,46:23
64.5%,3222500,12890.00000079104,-3532909.7210995387,574302.4838650145,310.3477953291614,221,46:19
64.5%,3225000,12900.000000793078,-3529233.361649368,573477.472942835,309.90196699302436,221,46:15
64.5%,3227500,12910.000000795115,-3532181.6111181844,575898.9293576032,311.21049983228966,221,46:11
64.6%,3230000,12920.000000797152,-3531764.8666048087,575889.2584560155,311.2052737657638,221,46:08
64.7%,3232500,12930.00000079919,-3532237.4680784047,577589.2318096377,312.12392377553635,221,46:04
64.7%,3235000,12940.000000801227,-3531760.7802793793,577437.7318369651,312.04205457971653,221,46:00
64.8%,3237500,12950.000000803264,-3531261.303901423,575505.5692966018,310.99793166284564,221,45:56
64.8%,3240000,12960.000000805301,-3531045.7521823905,578311.6176652223,312.5142944668641,221,45:52
64.8%,3242500,12970.000000807338,-3533708.198334286,575678.0107169736,311.09111742494724,221,45:48
64.9%,3245000,12980.000000809376,-3529571.96981577,577157.8924428454,311.8908319375527,221,45:44
65.0%,3247500,12990.000000811413,-3532679.1825785413,577595.7989138907,312.1274725784475,221,45:40
65.0%,3250000,13000.00000081345,-3531272.742332017,574826.4649356602,310.6309498942866,221,45:36
65.0%,3252500,13010.000000815488,-3529759.4949721824,575312.0635946684,310.8933629561695,221,45:32
65.1%,3255000,13020.000000817525,-3531469.4198223613,575998.8794593215,311.26451195061173,221,45:28
65.2%,3257500,13030.000000819562,-3530512.5914418045,575339.9482302282,310.90843155749485,221,45:25
65.2%,3260000,13040.0000008216,-3532114.604218429,575733.17270658,311.1209264582377,221,45:21
65.2%,3262500,13050.000000823637,-3529292.6926507894,576275.4693018828,311.41397856491517,221,45:17
65.3%,3265000,13060.000000825674,-3530960.830169866,576952.1632352448,311.77965776051633,221,45:13
65.3%,3267500,13070.000000827711,-3533686.371368071,575951.3055144646,311.2388034271137,221,45:09
65.4%,3270000,13080.000000829748,-3531394.7191567123,573832.8737567433,310.09402233346503,221,45:05
65.5%,3272500,13090.000000831786,-3531674.015138155,575599.6940454893,311.04879581392254,221,45:01
65.5%,3275000,13100.000000833823,-3526354.6997989677,574694.6716312132,310.55973000124516,221,44:57
65.5%,3277500,13110.00000083586,-3529777.279527681,576716.5461356749,311.6523324407628,221,44:53
65.6%,3280000,13120.000000837897,-3529543.517646931,576156.1537193055,311.34950151833846,221,44:49
65.7%,3282500,13130.000000839935,-3530032.035526527,574636.1398297607,310.5280999525378,221,44:45
65.7%,3285000,13140.000000841972,-3530475.1227154564,575126.0667811502,310.79285198392864,221,44:41
65.8%,3287500,13150.00000084401,-3529229.4839402195,575478.944372432,310.98354379800253,221,44:38
65.8%,3290000,13160.000000846047,-3532490.5972339064,575794.4103046209,311.15401869460646,221,44:34
65.8%,3292500,13170.000000848084,-3527879.0769582354,577397.0289393913,312.0200591071556,221,44:30
65.9%,3295000,13180.000000850121,-3527155.9581844527,577085.1341000088,311.8515139963535,221,44:26
66.0%,3297500,13190.000000852158,-3530682.8195228446,576690.1178784822,311.63805085295047,221,44:22
66.0%,3300000,13200.000000854196,-3531867.950785242,575592.3422950795,311.0448229954243,221,44:18
66.0%,3302500,13210.000000856233,-3530039.2065496314,576801.1709005537,311.6980628876061,221,44:14
66.1%,3305000,13220.00000085827,-3528653.451303173,574995.8371887298,310.72247710652556,221,44:10
66.2%,3307500,13230.000000860307,-3531184.557880651,577345.6115735446,311.9922736342028,221,44:06
66.2%,3310000,13240.000000862345,-3531509.2760026455,575538.6308525505,311.0157978244714,221,44:02
66.2%,3312500,13250.000000864382,-3530900.1071725413,575686.106741166,311.0954924421718,221,43:58
66.3%,3315000,13260.00000086642,-3530474.936113514,578091.5524137067,312.3953732231725,221,43:55
66.3%,3317500,13270.000000868456,-3530325.336103387,576918.695650418,311.76157218460855,221,43:51
66.4%,3320000,13280.000000870494,-3529512.553897891,575150.7374270919,310.8061837747401,221,43:47
66.5%,3322500,13290.000000872531,-3530763.1149600074,576394.9899326429,311.4785664176493,221,43:43
66.5%,3325000,13300.000000874568,-3529099.8869108725,575432.2203022921,310.9582945390073,221,43:39
66.5%,3327500,13310.000000876606,-3532693.45984889,575384.5411704532,310.9325291734288,221,43:35
66.6%,3330000,13320.000000878643,-3533997.6489729024,577879.4174475933,312.2807374329833,221,43:31
66.7%,3332500,13330.00000088068,-3530383.21344064,574152.5733921126,310.2667850844403,221,43:27
66.7%,3335000,13340.000000882717,-3532118.471754154,576757.0757491335,311.67423427217705,221,43:23
66.8%,3337500,13350.000000884755,-3528607.5876776837,575888.7612145552,311.205005061039,221,43:19
66.8%,3340000,13360.000000886792,-3527977.029803235,575648.8613852117,311.0753653933928,221,43:15
66.8%,3342500,13370.00000088883,-3531165.9875728935,575758.1729878585,311.134436380962,221,43:12
66.9%,3345000,13380.000000890866,-3531040.331753362,576120.1114806684,311.3300246231238,221,43:08
67.0%,3347500,13390.000000892904,-3529602.686027378,575169.1297005645,310.81612279064836,221,43:04
67.0%,3350000,13400.000000894941,-3530180.6985926144,576879.404345555,311.7403395238027,221,43:00
67.0%,3352500,13410.000000896978,-3531606.078324752,575831.5874786178,311.174108898481,221,42:56
67.1%,3355000,13420.000000899016,-3531640.4404114895,575433.6770133472,310.9590817323019,221,42:52
67.2%,3357500,13430.000000901053,-3529742.5471734386,574894.6220881518,310.66778139442096,221,42:48
67.2%,3360000,13440.00000090309,-3529830.3073273096,576091.114221949,311.31435477044687,221,42:44
67.2%,3362500,13450.000000905127,-3531116.4646669645,575429.0239288762,310.9565672481274,221,42:40
67.3%,3365000,13460.000000907165,-3529043.7037359085,576063.0245479622,311.299175368236,221,42:36
67.3%,3367500,13470.000000909202,-3532458.963074673,573959.1183575622,310.16224375795326,221,42:33
67.4%,3370000,13480.00000091124,-3528354.005542159,574762.7141162058,310.5964995361148,221,42:29
67.5%,3372500,13490.000000913276,-3530205.2576205973,573421.3395387847,309.87163301627737,221,42:25
67.5%,3375000,13500.000000915314,-3530104.9174438473,576274.8991842513,311.4136704785757,221,42:21
67.5%,3377500,13510.000000917351,-3526882.605337497,575447.9087117098,310.96677241157755,221,42:17
67.6%,3380000,13520.000000919388,-3529953.9581520073,573609.0587375958,309.97307474973445,221,42:13
67.7%,3382500,13530.000000921425,-3527873.7016405202,576460.4908866722,311.5139625324948,221,42:09
67.7%,3385000,13540.000000923463,-3526053.6409038436,573656.4398526538,309.9986790697776,221,42:05
67.8%,3387500,13550.0000009255,-3529237.341878107,577814.196791188,312.2454927884031,221,42:01
67.8%,3390000,13560.000000927537,-3531213.9992248937,576564.27482579,311.57004642138736,221,41:57
67.8%,3392500,13570.000000929575,-3528011.4829834234,574255.4624811772,310.32238540457075,221,41:53
67.9%,3395000,13580.000000931612,-3530752.6820135154,574833.6569378967,310.63483638633704,221,41:49
68.0%,3397500,13590.000000933649,-3529071.243839035,574978.4566850595,310.71308484173943,221,41:46
68.0%,3400000,13600.000000935686,-3527010.341256745,575039.4941753746,310.7460689417284,221,41:42
68.0%,3402500,13610.000000937724,-3532619.8866736796,574582.5189559613,310.49912372409585,221,41:38
68.1%,3405000,13620.00000093976,-3530510.093059024,576810.1765508705,311.70292945844614,221,41:34
68.2%,3407500,13630.000000941798,-3529106.9991155863,575020.4881290132,310.73579824857995,221,41:30
68.2%,3410000,13640.000000943835,-3532462.3273519203,574892.9506381021,310.6668781581431,221,41:26
68.2%,3412500,13650.000000945873,-3533716.4379590433,573318.5033589127,309.8160612877893,221,41:22
68.3%,3415000,13660.00000094791,-3531514.6616325714,574809.2479312442,310.621645982998,221,41:18
68.3%,3417500,13670.000000949947,-3529617.7569344584,575291.9974391335,310.882519389746,221,41:14
68.4%,3420000,13680.000000951984,-3532840.906148521,575635.9102332268,311.06836670963577,221,41:10
68.5%,3422500,13690.000000954022,-3532105.213266216,573342.7031778984,309.8291386480317,221,41:07
68.5%,3425000,13700.000000956059,-3530676.860226676,576566.4522392857,311.5712230756713,221,41:03
68.5%,3427500,13710.000000958096,-3528120.8403019793,576316.3628087721,311.43607704100214,221,40:59
68.6%,3430000,13720.000000960134,-3530043.1957621872,575766.1523019759,311.1387483291324,221,40:55
68.7%,3432500,13730.00000096217,-3533948.2992300764,577683.4255482282,312.1748252080161,221,40:51
68.7%,3435000,13740.000000964208,-3531545.6096757017,575888.6870818,311.20496500037785,221,40:47
68.8%,3437500,13750.000000966245,-3531391.144306451,578596.2791244803,312.66812290880534,221,40:43
68.8%,3440000,13760.000000968283,-3532248.902757615,577436.615068608,312.04145108833825,221,40:39
68.8%,3442500,13770.00000097032,-3532291.3812435046,576449.1615498383,311.5078402627716,221,40:35
68.9%,3445000,13780.000000972357,-3529723.823094398,576285.6662060157,311.4194888783924,221,40:31
69.0%,3447500,13790.000000974394,-3533965.3506109677,578327.1913506954,312.522710343667,221,40:27
69.0%,3450000,13800.000000976432,-3528847.751214111,575640.6383322262,311.07092173097345,221,40:24
69.0%,3452500,13810.000000978469,-3531622.4856101163,576653.4363016663,311.6182284652474,221,40:20
69.1%,3455000,13820.000000980506,-3531673.1994405147,576148.502456574,311.3453668461284,221,40:16
69.2%,3457500,13830.000000982543,-3531812.919428425,575370.368488977,310.9248703863373,221,40:12
69.2%,3460000,13840.00000098458,-3531361.650033688,574634.3571740345,310.52713662173215,221,40:08
69.2%,3462500,13850.000000986618,-3532262.176105384,575019.8514532873,310.7354541948566,221,40:04
69.3%,3465000,13860.000000988655,-3529728.8984136246,576090.8628856089,311.31421895059367,221,40:00
69.3%,3467500,13870.000000990693,-3532767.4462749977,577391.4497172453,312.0170441466751,221,39:56
69.4%,3470000,13880.00000099273,-3530513.1571199875,576545.4213956703,311.5598582006562,221,39:52
69.5%,3472500,13890.000000994767,-3529962.2461137082,574104.0354791795,310.24055564143436,221,39:48
69.5%,3475000,13900.000000996804,-3530168.5823112,575359.3951193803,310.9189404780445,221,39:44
69.5%,3477500,13910.000000998842,-3529695.234128412,577068.356663263,311.84244762340273,221,39:40
69.6%,3480000,13920.000001000879,-3531441.894304553,575950.0366607653,311.23811775021125,221,39:37
69.7%,3482500,13930.000001002916,-3530934.46974157,578161.6154635213,312.43323465274125,221,39:33
69.7%,3485000,13940.000001004953,-3533085.149600884,575107.817167701,310.78299006018864,221,39:29
69.8%,3487500,13950.00000100699,-3531454.92755845,576342.4618354612,311.45018071566966,221,39:25
69.8%,3490000,13960.000001009028,-3531064.0485660676,575260.7301458193,310.8656228311926,221,39:21
69.8%,3492500,13970.000001011065,-3531600.283270728,575759.2131483769,311.1349984741668,221,39:17
69.9%,3495000,13980.000001013103,-3531704.731800111,574612.561666013,310.5153585290848,221,39:13
70.0%,3497500,13990.00000101514,-3530637.726954721,579753.7298540685,313.29359866804697,221,39:09
70.0%,3500000,14000.000001017177,-3528470.1163756885,576771.4658499109,311.682010550665,221,39:05
70.0%,3502500,14010.000001019214,-3531062.0994933415,574940.9257308844,310.6928034583011,221,39:01
70.1%,3505000,14020.000001021252,-3529538.442186406,574313.8371612255,310.35393054631226,221,38:57
70.2%,3507500,14030.000001023289,-3525181.8741913848,577414.9825738571,312.02976108656736,221,38:54
70.2%,3510000,14040.000001025326,-3531028.389033716,576817.1722087918,311.70670984782936,221,38:50
70.2%,3512500,14050.000001027363,-3532035.5266229175,574642.62648729,310.5316052827772,221,38:46
70.3%,3515000,14060.0000010294,-3529181.1671163477,575691.1573475852,311.0982217435615,221,38:42
70.3%,3517500,14070.000001031438,-3529519.477458045,577334.6554330427,311.9863530363547,221,38:38
70.4%,3520000,14080.000001033475,-3531995.8559478633,575817.056686817,311.1662565918544,221,38:34
70.5%,3522500,14090.000001035512,-3529715.605910724,575723.0752908898,311.11546990740254,221,38:30
70.5%,3525000,14100.00000103755,-3529828.714872068,574413.6389592239,310.40786252266423,221,38:26
70.5%,3527500,14110.000001039587,-3529369.711961746,576102.9050177841,311.3207264083823,221,38:22
70.6%,3530000,14120.000001041624,-3529958.7763099074,576447.6188365992,311.5070065946855,221,38:18
70.7%,3532500,14130.000001043662,-3530114.9104105607,574068.0039836485,310.22108455169575,221,38:14
70.7%,3535000,14140.000001045699,-3530561.123283906,576162.6917805762,311.3530346266883,221,38:11
70.8%,3537500,14150.000001047736,-3530489.9310262073,574290.3444905784,310.3412353225468,221,38:07
70.8%,3540000,14160.000001049773,-3529899.725670336,575056.263622365,310.75513099708866,221,38:03
70.8%,3542500,14170.00000105181,-3530089.429510217,576684.2278814303,311.634867952561,221,37:59
70.9%,3545000,14180.000001053848,-3528841.5817070063,576137.5096941761,311.3394264581437,221,37:55
71.0%,3547500,14190.000001055885,-3532823.8231402207,574804.4174618977,310.6190356416636,221,37:51
71.0%,3550000,14200.000001057922,-3531369.2119694185,577252.1061182352,311.9417441436959,221,37:47
71.0%,3552500,14210.00000105996,-3530483.0014303736,575881.9818166096,311.2013415365633,221,37:43
71.1%,3555000,14220.000001061997,-3530541.1581639834,575865.6984088839,311.19254213236405,221,37:39
71.2%,3557500,14230.000001064034,-3531810.477113303,575968.9164477254,311.24832021393723,221,37:35
71.2%,3560000,14240.000001066071,-3527960.8614124227,577182.6504057071,311.9042109136269,221,37:31
71.2%,3562500,14250.000001068109,-3528797.9647319373,574910.2221784105,310.6762115401278,221,37:28
71.3%,3565000,14260.000001070146,-3529299.761564007,576421.3654244798,311.49281949154727,221,37:24
71.3%,3567500,14270.000001072183,-3531453.8957984466,576425.6054598964,311.49511076780084,221,37:20
71.4%,3570000,14280.00000107422,-3529255.3879705295,575167.1351511037,310.8150449544118,221,37:16
71.5%,3572500,14290.000001076258,-3528639.9121843465,575853.7527720206,311.1860868197571,221,37:12
71.5%,3575000,14300.000001078295,-3529314.6968882047,575520.3615602958,311.0059252664854,221,37:08
71.5%,3577500,14310.000001080332,-3528228.1284807455,576339.6660769982,311.4486699134363,221,37:04
71.6%,3580000,14320.00000108237,-3526564.369346276,575553.1442399737,311.02364072593207,221,37:00
71.7%,3582500,14330.000001084407,-3531484.625788197,575839.1844129293,311.17821421211124,221,36:56
71.7%,3585000,14340.000001086444,-3532949.1633319072,574218.8345760065,310.30259202053253,221,36:52
71.8%,3587500,14350.000001088481,-3529713.7888040934,576182.2582585199,311.36360817192417,221,36:48
71.8%,3590000,14360.000001090519,-3532974.148607664,576955.7426039099,311.7815920185164,221,36:44
71.8%,3592500,14370.000001092556,-3532997.0099854916,575773.5244162921,311.1427321520989,221,36:41
71.9%,3595000,14380.000001094593,-3531603.601769019,575792.5849969846,311.1530323150998,221,36:37
72.0%,3597500,14390.00000109663,-3531358.559019897,572967.1670542546,309.6262023708716,221,36:33
72.0%,3600000,14400.000001098668,-3530701.611962151,574819.7543073755,310.627323532305,221,36:29
72.0%,3602500,14410.000001100705,-3530985.238968743,575152.5836571017,310.8071814605055,221,36:25
72.1%,3605000,14420.000001102742,-3529635.620717235,578817.8776424291,312.78787271561583,221,36:21
72.2%,3607500,14430.00000110478,-3531660.9467743356,574842.722467821,310.63973531556775,221,36:17
72.2%,3610000,14440.000001106817,-3529489.436439067,576143.9952284654,311.3429311813945,221,36:13
72.2%,3612500,14450.000001108854,-3530437.0133373197,576090.4456672457,311.3139934896165,221,36:09
72.3%,3615000,14460.000001110891,-3529794.8549545184,576368.6335430243,311.46432366641494,221,36:05
72.3%,3617500,14470.000001112929,-3531109.5221799873,574766.2340751325,310.5984016896371,221,36:01
72.4%,3620000,14480.000001114966,-3527689.4592893515,578892.9898713673,312.82846267527674,221,35:58
72.5%,3622500,14490.000001117003,-3530374.7281530295,575280.6892773751,310.8764085628394,221,35:54
72.5%,3625000,14500.00000111904,-3531528.417880226,576048.0102016553,311.2910617531889,221,35:50
72.5%,3627500,14510.000001121078,-3530577.834050633,575648.7543696754,311.07530756317846,221,35:46
72.6%,3630000,14520.000001123115,-3528398.9418249484,574504.9447109851,310.4572033135472,221,35:42
72.7%,3632500,14530.000001125152,-3529282.966981413,575177.6094354966,310.82070516163765,221,35:38
72.7%,3635000,14540.00000112719,-3528446.01832824,575434.010328864,310.9592618529503,221,35:34
72.8%,3637500,14550.000001129227,-3532719.583828401,574143.55304786,310.2619105731321,221,35:30
72.8%,3640000,14560.000001131264,-3532599.954568293,574599.7195579603,310.50841877166863,221,35:26
72.8%,3642500,14570.000001133301,-3529332.0279673114,578333.444127564,312.52608928694224,221,35:22
72.9%,3645000,14580.000001135339,-3530542.7212864254,574322.3098247584,310.35850909598236,221,35:18
73.0%,3647500,14590.000001137376,-3529958.1483613513,576458.253719551,311.5127535878997,221,35:14
73.0%,3650000,14600.000001139413,-3529369.5592858493,575609.1001977762,311.0538788123542,221,35:11
73.0%,3652500,14610.00000114145,-3526860.461409962,575809.1804793798,311.16200036158835,221,35:07
73.1%,3655000,14620.000001143488,-3529302.405690782,574783.2080943001,310.60757429392584,221,35:03
73.2%,3657500,14630.000001145525,-3531198.20575648,576688.58754195,311.6372238731233,221,34:59
73.2%,3660000,14640.000001147562,-3534073.0643291846,575792.9751724645,311.1532431623508,221,34:55
73.2%,3662500,14650.0000011496,-3531171.1168301255,575195.4497976666,310.8303459297396,221,34:51
73.3%,3665000,14660.000001151637,-3529851.806272598,575561.3270891507,311.02806266258204,221,34:47
73.3%,3667500,14670.000001153674,-3530103.0898892004,576921.6793940754,311.76318457231696,221,34:43
73.4%,3670000,14680.000001155711,-3531207.1117638648,576598.413963883,311.5884948985214,221,34:39
73.5%,3672500,14690.000001157749,-3534615.920614753,578472.2825336393,312.6011162882927,221,34:35
73.5%,3675000,14700.000001159786,-3531396.5516962428,575703.7724101234,311.1050388076639,221,34:31
73.5%,3677500,14710.000001161823,-3529737.049110314,575261.5630395076,310.86607291930324,221,34:28
73.6%,3680000,14720.00000116386,-3529182.4407154545,576128.940225465,311.3347955958431,221,34:24
73.7%,3682500,14730.000001165898,-3530151.7443500683,575550.5699328894,311.0222495939928,221,34:20
73.7%,3685000,14740.000001167935,-3531012.704405008,574699.5903817278,310.56238804891325,221,34:16
73.8%,3687500,14750.000001169972,-3535373.289810205,576486.5801368443,311.52806092402227,221,34:12
73.8%,3690000,14760.00000117201,-3534013.946703162,575328.267597142,310.9021194504987,221,34:08
73.8%,3692500,14770.000001174047,-3532779.7126094233,574136.1710745536,310.25792142245774,221,34:04
73.9%,3695000,14780.000001176084,-3534834.0035696886,577056.0203429775,311.8357811890573,221,34:00
74.0%,3697500,14790.000001178121,-3531599.666851433,576165.8055109701,311.354717258037,221,33:56
74.0%,3700000,14800.000001180159,-3530055.963733239,574039.8104697505,310.20584903534916,221,33:52
74.0%,3702500,14810.000001182196,-3533110.5291588623,574796.7316840551,310.614882317804,221,33:48
74.1%,3705000,14820.000001184233,-3529416.2994615342,577286.3411023128,311.96024441512105,221,33:45
74.2%,3707500,14830.00000118627,-3529286.151742665,575447.6373903397,310.9666257919975,221,33:41
74.2%,3710000,14840.000001188308,-3527722.626960354,576092.4404279005,311.3150714399804,221,33:37
74.2%,3712500,14850.000001190345,-3527923.090637846,574785.5407049919,310.60883481535126,221,33:33
74.3%,3715000,14860.000001192382,-3530441.672206858,575000.3193942257,310.7248992492691,221,33:29
74.3%,3717500,14870.00000119442,-3528065.7067409083,576796.505133919,311.69554155010667,221,33:25
74.4%,3720000,14880.000001196457,-3529267.33992438,577226.3297941728,311.92781485456834,221,33:21
74.5%,3722500,14890.000001198494,-3529421.4353224784,578050.7894858166,312.3733453107792,221,33:17
74.5%,3725000,14900.000001200531,-3529066.49469525,576425.3981362741,311.49499873201677,221,33:13
74.5%,3727500,14910.000001202568,-3532111.5643035155,575631.0643093886,311.0657480168358,221,33:09
74.6%,3730000,14920.000001204606,-3531284.6483609863,576067.0074576755,311.3013276961176,221,33:05
74.7%,3732500,14930.000001206643,-3529264.4811840914,575179.3541396004,310.8216479837346,221,33:02
74.7%,3735000,14940.00000120868,-3532017.2905962877,574347.5098508864,310.37212695899143,221,32:58
74.8%,3737500,14950.000001210718,-3533005.2540305015,575326.1619602289,310.90098158362173,221,32:54
74.8%,3740000,14960.000001212755,-3530619.521883607,574826.3896697664,310.6309092212878,221,32:50
74.8%,3742500,14970.000001214792,-3530903.042496903,576805.199097222,311.70023968814286,221,32:46
74.9%,3745000,14980.00000121683,-3530880.3435395807,575609.2037250246,311.05393475752976,221,32:42
75.0%,3747500,14990.000001218867,-3532412.833576234,575050.7973825071,310.7521770912006,221,32:38
75.0%,3750000,15000.000001220904,-3528967.2046298925,576315.6636461355,311.4356992199253,221,32:34
75.0%,3752500,15010.000001222941,-3531717.7826745994,576565.1962852533,311.57054436963057,221,32:30
75.1%,3755000,15020.000001224978,-3532603.4513873886,577163.6042619678,311.89391855222317,221,32:26
75.2%,3757500,15030.000001227016,-3529863.750776913,575160.0889016901,310.8112372258501,221,32:22
75.2%,3760000,15040.000001229053,-3530273.7791221086,575409.6245518033,310.9460840026697,221,32:19
75.2%,3762500,15050.00000123109,-3530608.104925839,576833.6630879501,311.71562136768796,221,32:15
75.3%,3765000,15060.000001233127,-3531062.670100102,576910.2540845759,311.7570104398454,221,32:11
75.3%,3767500,15070.000001235165,-3530751.0476717968,577305.2170900754,311.9704448257954,221,32:07
75.4%,3770000,15080.000001237202,-3530907.5661497805,575208.8243937215,310.83757343878875,221,32:03
75.5%,3772500,15090.00000123924,-3531550.5453920104,574528.6305640559,310.47000293132277,221,31:59
75.5%,3775000,15100.000001241277,-3529081.985298479,575599.0446426338,311.0484448825751,221,31:55
75.5%,3777500,15110.000001243314,-3529514.8757495712,576685.4250704607,311.63551490253354,221,31:51
75.6%,3780000,15120.000001245351,-3532509.1147762258,576323.9254815588,311.44016384001844,221,31:47
75.7%,3782500,15130.000001247388,-3530501.6552177556,575852.1550559609,311.1852234286511,221,31:43
75.7%,3785000,15140.000001249426,-3530300.1725709233,573560.7429706536,309.9469653523847,221,31:39
75.8%,3787500,15150.000001251463,-3531008.3846106566,576046.8355239881,311.29042696815054,221,31:36
75.8%,3790000,15160.0000012535,-3529731.092546949,574080.3519701546,310.2277572903597,221,31:32
75.8%,3792500,15170.000001255537,-3530145.8859596234,576625.2537690545,311.6029988830872,221,31:28
75.9%,3795000,15180.000001257575,-3531822.5559125114,577139.4978374237,311.8808916614805,221,31:24
76.0%,3797500,15190.000001259612,-3532569.2747912146,575478.3481289067,310.98322159346964,221,31:20
76.0%,3800000,15200.00000126165,-3532275.4320928995,574016.1931004762,310.1930864255892,221,31:16
76.0%,3802500,15210.000001263686,-3530937.119756613,576193.4811363366,311.36967291217076,221,31:12
76.1%,3805000,15220.000001265724,-3531267.226722367,575247.0298488911,310.8582193163786,221,31:08
76.2%,3807500,15230.000001267761,-3532347.8407684285,576462.1755321278,311.51487289944913,221,31:04
76.2%,3810000,15240.000001269798,-3533551.611136453,573984.8983878843,310.1761750499096,221,31:00
76.2%,3812500,15250.000001271836,-3534412.502039129,574808.8669686897,310.6214401143274,221,30:57
76.3%,3815000,15260.000001273873,-3532615.527165005,575736.6596122693,311.1228107500936,221,30:53
76.3%,3817500,15270.00000127591,-3530790.8935231436,574604.3818616511,310.510938237825,221,30:49
76.4%,3820000,15280.000001277947,-3528745.9331905264,578870.6130033243,312.8163704210054,221,30:45
76.5%,3822500,15290.000001279985,-3531950.17599109,576530.2519123374,311.5516607509831,221,30:41
76.5%,3825000,15300.000001282022,-3533940.6324112974,575511.195829777,311.00097218977237,221,30:37
76.5%,3827500,15310.00000128406,-3532991.866708806,575241.2171884896,310.8550782080058,221,30:33
76.6%,3830000,15320.000001286096,-3528712.518523084,575640.9436723752,311.07108673398966,221,30:29
76.7%,3832500,15330.000001288134,-3528912.5277938806,576573.334195201,311.5749420215332,221,30:25
76.7%,3835000,15340.000001290171,-3530187.548401488,578507.9745459512,312.62040392441315,221,30:21
76.8%,3837500,15350.000001292208,-3530029.1009281725,576151.8592140924,311.3471808071064,221,30:17
76.8%,3840000,15360.000001294246,-3533526.393188024,576297.1215568389,311.4256792449197,221,30:13
76.8%,3842500,15370.000001296283,-3532359.129884489,576954.1644885845,311.78073921946753,221,30:10
76.9%,3845000,15380.00000129832,-3531023.5516593084,571650.0077880449,308.9144215831333,221,30:06
77.0%,3847500,15390.000001300357,-3530208.0811212473,578290.1120306775,312.50267301918524,221,30:02
77.0%,3850000,15400.000001302395,-3530767.497187415,576357.3631162439,311.45823323114433,221,29:58
77.0%,3852500,15410.000001304432,-3528323.1684976052,575294.7876496541,310.8840271939222,221,29:54
77.1%,3855000,15420.00000130647,-3530952.204878133,573924.9510397239,310.1437800527433,221,29:50
77.2%,3857500,15430.000001308506,-3529707.6028775424,575724.2294792371,311.11609362020033,221,29:46
77.2%,3860000,15440.000001310544,-3530152.6607318,575027.5772685888,310.7396291545918,221,29:42
77.2%,3862500,15450.000001312581,-3530399.885928588,575712.3273490363,311.1096618181947,221,29:38
77.3%,3865000,15460.000001314618,-3530154.2246246636,576316.9663637844,311.43640319659556,221,29:34
77.3%,3867500,15470.000001316655,-3529490.8528757878,575698.761640472,311.1023310336982,221,29:30
77.4%,3870000,15480.000001318693,-3533617.9393515047,576158.6548617588,311.35085311278215,221,29:27
77.5%,3872500,15490.00000132073,-3530519.7750925533,576637.3466089378,311.6095337428562,221,29:23
77.5%,3875000,15500.000001322767,-3532657.591076091,574373.4859017904,310.3861641786725,221,29:19
77.5%,3877500,15510.000001324805,-3530504.757742556,575673.4311660728,311.08864267763977,221,29:15
77.6%,3880000,15520.000001326842,-3529759.7922351304,575501.6015632628,310.9957875361374,221,29:11
77.7%,3882500,15530.000001328879,-3534314.346748356,576378.2869495726,311.4695402787819,221,29:07
77.7%,3885000,15540.000001330916,-3532826.8459539562,576984.5373333428,311.7971524262243,221,29:03
77.8%,3887500,15550.000001332954,-3533223.508102352,577627.752372209,312.1447399342763,221,28:59
77.8%,3890000,15560.00000133499,-3528661.5173143093,576067.5003760965,311.3015940647117,221,28:55
77.8%,3892500,15570.000001337028,-3529981.875012668,577610.3475867241,312.1353345478202,221,28:51
77.9%,3895000,15580.000001339065,-3529128.2942503653,573973.4318387817,310.1699786319347,221,28:47
78.0%,3897500,15590.000001341103,-3529934.0074868724,576505.8733359713,311.5384867918918,221,28:43
78.0%,3900000,15600.00000134314,-3530577.8728536256,576537.8582826861,311.5557711637612,221,28:40
78.0%,3902500,15610.000001345177,-3528482.8728261646,574814.2802451454,310.6243653992787,221,28:36
78.1%,3905000,15620.000001347214,-3527702.623556262,574862.5648110203,310.65045793585773,221,28:32
78.2%,3907500,15630.000001349252,-3526391.2394206896,576591.2192685081,311.58460695112365,221,28:28
78.2%,3910000,15640.000001351289,-3528650.5774392057,577042.6530430742,311.8285576227816,221,28:24
78.2%,3912500,15650.000001353326,-3528617.9143059757,575036.9911316675,310.7447163198646,221,28:20
78.3%,3915000,15660.000001355364,-3529403.286337709,574911.2434946084,310.67676345003457,221,28:16
78.3%,3917500,15670.0000013574,-3532700.3174990695,576579.8138245645,311.5784435538163,221,28:12
78.4%,3920000,15680.000001359438,-3528213.1407559197,577280.3964311702,311.9570319693544,221,28:08
78.5%,3922500,15690.000001361475,-3531229.2659009285,576852.3127388451,311.7256994679949,221,28:04
78.5%,3925000,15700.000001363513,-3528091.698915217,574732.2999402697,310.5800639943686,221,28:00
78.5%,3927500,15710.00000136555,-3529568.1777713653,574969.8411784818,310.708429100998,221,27:57
78.6%,3930000,15720.000001367587,-3530566.908721376,571322.1468133678,308.7372485192442,221,27:53
78.7%,3932500,15730.000001369624,-3533500.7365860343,575051.6486130568,310.752637088383,221,27:49
78.7%,3935000,15740.000001371662,-3529479.618548874,577403.2177838034,312.0234035019177,221,27:45
78.8%,3937500,15750.000001373699,-3528814.4568870626,576381.6719447989,311.47136949915824,221,27:41
78.8%,3940000,15760.000001375736,-3528316.404155411,575102.6235501566,310.7801834768985,221,27:37
78.8%,3942500,15770.000001377774,-3531910.8880962133,575740.7977091895,311.12504693971863,221,27:33
78.9%,3945000,15780.00000137981,-3531096.6866938397,574896.9834774656,310.6690574675498,221,27:29
79.0%,3947500,15790.000001381848,-3531991.574879365,573984.7291939536,310.1760836190611,221,27:25
79.0%,3950000,15800.000001383885,-3532552.540255079,574923.0514844374,310.6831443794466,221,27:21
79.0%,3952500,15810.000001385923,-3530495.106002668,576614.0370367694,311.59693746382936,221,27:17
79.1%,3955000,15820.00000138796,-3530051.813122701,575129.2231868895,310.7945576766427,221,27:14
79.2%,3957500,15830.000001389997,-3533148.200051073,577064.2013353021,311.8402021222813,221,27:10
79.2%,3960000,15840.000001392034,-3530481.8657059483,576715.0412329389,311.65151920512574,221,27:06
79.2%,3962500,15850.000001394072,-3533142.8670988996,576413.1348723201,311.4883717766429,221,27:02
79.3%,3965000,15860.000001396109,-3531863.5931445044,575662.8453508529,311.08292220017785,221,26:58
79.3%,3967500,15870.000001398146,-3531834.7306329105,575546.2309163765,311.0199048292625,221,26:54
79.4%,3970000,15880.000001400183,-3530623.628065249,574956.4060649632,310.7011688888665,221,26:50
79.5%,3972500,15890.00000140222,-3532158.9227747545,575624.5459796585,311.0622255712295,221,26:46
79.5%,3975000,15900.000001404258,-3530187.2515923437,577128.6879805026,311.875050113938,221,26:42
79.5%,3977500,15910.000001406295,-3534014.8080223147,573535.9006026107,309.9335407645247,221,26:38
79.6%,3980000,15920.000001408333,-3530595.41198078,574080.9958089265,310.22810521492744,221,26:34
79.7%,3982500,15930.00000141037,-3527859.530493414,575171.9374556621,310.81764007575305,221,26:31
79.7%,3985000,15940.000001412407,-3529053.1405521,574202.1213469843,310.29356034484664,221,26:27
79.8%,3987500,15950.000001414444,-3528190.350141516,575313.0780928847,310.89391118170164,221,26:23
79.8%,3990000,15960.000001416482,-3529568.765966527,575165.7215190334,310.81428104060547,221,26:19
79.8%,3992500,15970.000001418519,-3530510.501239011,575416.9456760352,310.95004027106233,221,26:15
79.9%,3995000,15980.000001420556,-3531196.7330782693,576305.7083123637,311.43031944885587,221,26:11
80.0%,3997500,15990.000001422593,-3532880.6296458524,578056.6373404004,312.37650543776533,221,26:07
80.0%,4000000,16000.00000142463,-3528421.2842098195,578444.320300858,312.58600575414044,221,26:03
80.0%,4002500,16010.000001426668,-3530493.909440618,575891.1906122095,311.2063178852512,221,25:59
80.1%,4005000,16020.000001428705,-3533505.290090125,576311.4002760198,311.43339533381436,221,25:55
80.2%,4007500,16030.000001430742,-3528565.741755003,575355.0031808235,310.91656711472706,221,25:51
80.2%,4010000,16040.00000143278,-3530727.8708031066,574406.7892436706,310.4041609991983,221,25:48
80.2%,4012500,16050.000001434817,-3534025.533144746,574905.7040305362,310.6737699744526,221,25:44
80.3%,4015000,16060.000001436854,-3530746.921282513,577003.8902938884,311.80761058861634,221,25:40
80.3%,4017500,16070.000001438892,-3529305.8393639904,576550.6173777807,311.56266606173614,221,25:36
80.4%,4020000,16080.000001440929,-3529798.721088834,576173.6462172221,311.3589543037882,221,25:32
80.5%,4022500,16090.000001442966,-3530598.8732592966,574418.5018377193,310.4104903776055,221,25:28
80.5%,4025000,16100.000001445003,-3532349.640123097,574623.9920062977,310.52153538014653,221,25:24
80.5%,4027500,16110.00000144704,-3532021.989888223,574841.5813456818,310.639118663629,221,25:20
80.6%,4030000,16120.000001449078,-3533258.775197929,576434.7879275834,311.50007288912616,221,25:16
80.7%,4032500,16130.000001451115,-3531425.376609033,576469.5335333731,311.5188490958415,221,25:12
80.7%,4035000,16140.000001453152,-3530585.613573974,576622.0638170765,311.6012750622934,221,25:08
80.8%,4037500,16150.00000145519,-3530624.780238224,577151.7833143829,311.88753062055866,221,25:05
80.8%,4040000,16160.000001457227,-3528616.7344650123,575919.2209584644,311.2214652272999,221,25:01
80.8%,4042500,16170.000001459264,-3530412.5475886557,574060.1110377957,310.21681927614344,221,24:57
80.9%,4045000,16180.000001461302,-3531007.3348519634,574386.242896541,310.39305794164085,221,24:53
81.0%,4047500,16190.000001463339,-3529863.562150197,575458.7527813397,310.97263244735416,221,24:49
81.0%,4050000,16200.000001465376,-3531509.6935492083,573875.762610662,310.11719907678736,221,24:45
81.0%,4052500,16210.000001467413,-3531845.3750990946,574614.7645756004,310.5165489612229,221,24:41
81.1%,4055000,16220.00000146945,-3533397.116113486,575545.7023484865,311.0196191960223,221,24:37
81.2%,4057500,16230.000001471488,-3534430.6422998514,575224.2184172736,310.84589222793704,221,24:33
81.2%,4060000,16240.000001473525,-3532171.3538717013,576603.1633086458,311.59106140087476,221,24:29
81.2%,4062500,16250.000001475562,-3529022.3171307016,575522.6091356882,311.00713983561485,221,24:25
81.3%,4065000,16260.0000014776,-3530766.7354168408,576699.6160296483,311.6431835667327,221,24:22
81.3%,4067500,16270.000001479637,-3531081.934486784,575424.3534546539,310.95404336669077,221,24:18
81.4%,4070000,16280.000001481674,-3533892.677513223,575399.2559610284,310.9404809113057,221,24:14
81.5%,4072500,16290.000001483711,-3528157.0094740614,575559.4338086358,311.02703955115516,221,24:10
81.5%,4075000,16300.000001485749,-3529578.7651510965,574346.6937505451,310.37168594585154,221,24:06
81.5%,4077500,16310.000001487786,-3532748.6666171476,574714.0523701487,310.57020317482437,221,24:02
81.6%,4080000,16320.000001489823,-3528934.4952867925,577700.4904669852,312.18404693360924,221,23:58
81.7%,4082500,16330.00000149186,-3527407.1348987333,577638.7291444761,312.15067168134095,221,23:54
81.7%,4085000,16340.000001493898,-3529122.0350280553,576939.9665226508,311.7730667688871,221,23:50
81.8%,4087500,16350.000001495935,-3529329.232155502,575133.6697700166,310.79696056938474,221,23:46
81.8%,4090000,16360.000001497972,-3529120.1134244986,576045.828066501,311.28988254736396,221,23:42
81.8%,4092500,16370.00000150001,-3531429.3109171987,576092.9052541741,311.3153226278357,221,23:39
81.9%,4095000,16380.000001502047,-3533078.815420905,572871.8247482702,309.57468026310585,221,23:35
82.0%,4097500,16390.000001504082,-3530371.185093835,575958.228348929,311.24254446336863,221,23:31
82.0%,4100000,16400.00000150612,-3531840.0783421937,575078.9009715887,310.76736401300116,221,23:27
82.0%,4102500,16410.000001508157,-3530669.212700736,575091.1329722614,310.7739740739845,221,23:23
82.1%,4105000,16420.000001510194,-3530315.6977564525,577288.7424983521,311.96154210751735,221,23:19
82.2%,4107500,16430.00000151223,-3533429.2367409114,576450.3410347489,311.50847764560024,221,23:15
82.2%,4110000,16440.00000151427,-3532062.9558752943,573807.7796824761,310.08046172586984,221,23:11
82.2%,4112500,16450.000001516306,-3532296.2122726794,577596.2982075118,312.12774239214133,221,23:07
82.3%,4115000,16460.000001518343,-3528235.6363869533,577990.7627240042,312.3409073992037,221,23:03
82.3%,4117500,16470.00000152038,-3530597.3025505003,574124.4351028384,310.25157941097393,221,22:59
82.4%,4120000,16480.000001522418,-3529220.836695669,575102.6979180529,310.78022366462767,221,22:56
82.5%,4122500,16490.000001524455,-3534493.896749178,574836.0808578836,310.636146250468,221,22:52
82.5%,4125000,16500.000001526492,-3532559.15240437,576899.2227969591,311.75104923318565,221,22:48
82.5%,4127500,16510.00000152853,-3530349.743949998,575074.8873526272,310.7651950901235,221,22:44
82.6%,4130000,16520.000001530567,-3530570.0289967936,573405.2094078526,309.8629164414518,221,22:40
82.7%,4132500,16530.000001532604,-3529161.8782939054,577980.0904992328,312.3351402268126,221,22:36
82.7%,4135000,16540.00000153464,-3529952.8603810556,574042.0387931552,310.207053200881,221,22:32
82.8%,4137500,16550.00000153668,-3530016.1525064986,576005.0597177198,311.2678517055708,221,22:28
82.8%,4140000,16560.000001538716,-3528831.386553813,574845.486716095,310.64122908998405,221,22:24
82.8%,4142500,16570.000001540753,-3529087.250801161,576106.217244528,311.3225163053381,221,22:20
82.9%,4145000,16580.00000154279,-3529001.0387813095,574143.4937799356,310.26187854528933,221,22:16
83.0%,4147500,16590.000001544828,-3528525.958266657,576108.7009666441,311.32385848599137,221,22:13
83.0%,4150000,16600.000001546865,-3529638.0471121687,577719.7240300367,312.19444057469053,221,22:09
83.0%,4152500,16610.000001548902,-3531852.8435849976,575134.3973663272,310.7973537557582,221,22:05
83.1%,4155000,16620.00000155094,-3526280.371687157,577157.3617099699,311.8905451343742,221,22:01
83.2%,4157500,16630.000001552977,-3530270.6412559673,573616.1469329702,309.9769051455086,221,21:57
83.2%,4160000,16640.000001555014,-3532233.879758334,578252.6123717437,312.4824085474083,221,21:53
83.2%,4162500,16650.00000155705,-3530968.141396219,573217.2106757736,309.76132365078024,221,21:49
83.3%,4165000,16660.00000155909,-3531832.5403037313,577008.55689419,311.8101323766218,221,21:45
83.3%,4167500,16670.000001561126,-3531944.977100918,577089.9659406362,311.85412507871564,221,21:41
83.4%,4170000,16680.000001563163,-3529408.5490934122,576700.5950550033,311.6437126230558,221,21:37
83.5%,4172500,16690.0000015652,-3529878.1693781316,576496.3845942365,311.53335916287995,221,21:33
83.5%,4175000,16700.000001567238,-3532305.474902615,576775.181652171,311.6840185361285,221,21:30
83.5%,4177500,16710.000001569275,-3530663.9941992145,575368.040859437,310.92361255668067,221,21:26
83.6%,4180000,16720.000001571312,-3531835.0732609536,576191.834918577,311.36878331119107,221,21:22
83.7%,4182500,16730.00000157335,-3530388.2720027957,574144.8452000523,310.26260884032644,221,21:18
83.7%,4185000,16740.000001575387,-3531137.5259844754,574138.8617686724,310.259375448883,221,21:14
83.8%,4187500,16750.000001577424,-3531430.2695988975,577286.5179065855,311.9603399585285,221,21:10
83.8%,4190000,16760.00000157946,-3532927.870902719,575278.0404571705,310.8749771646932,221,21:06
83.8%,4192500,16770.0000015815,-3529977.6272464264,576749.8733858255,311.67034218109865,221,21:02
83.9%,4195000,16780.000001583536,-3530875.592916105,576594.5553524861,311.58640974031,221,20:58
84.0%,4197500,16790.000001585573,-3528889.5628724676,576461.8106089709,311.51467569832187,221,20:54
84.0%,4200000,16800.00000158761,-3533661.9880292527,576054.6170687734,311.2946320435876,221,20:50
84.0%,4202500,16810.000001589648,-3533750.908086924,576020.5659885871,311.2762311521388,221,20:46
84.1%,4205000,16820.000001591685,-3528355.883854389,575695.4917310555,311.10056400463804,221,20:43
84.2%,4207500,16830.000001593722,-3529236.466100786,574088.7566799754,310.232299118467,221,20:39
84.2%,4210000,16840.00000159576,-3531623.341327889,575565.3794812255,311.03025253809466,221,20:35
84.2%,4212500,16850.000001597797,-3529831.6892900784,575790.1964122099,311.15174154579336,221,20:31
84.3%,4215000,16860.000001599834,-3528858.7021720167,577754.7095256033,312.21334641564135,221,20:27
84.3%,4217500,16870.00000160187,-3528695.7794665378,576358.4787945626,311.4588361334759,221,20:23
84.4%,4220000,16880.00000160391,-3530176.000956606,575804.606132511,311.159528426492,221,20:19
84.5%,4222500,16890.000001605946,-3527649.28647111,576038.2582965826,311.28579191312275,221,20:15
84.5%,4225000,16900.000001607983,-3528584.72265956,574519.1579226946,310.4648840028051,221,20:11
84.5%,4227500,16910.00000161002,-3532179.557703901,575625.7304476168,311.0628656468513,221,20:07
84.6%,4230000,16920.000001612058,-3529744.554622099,574674.0201883616,310.5485701509234,221,20:03
84.7%,4232500,16930.000001614095,-3529104.424571879,576822.2024292026,311.709428132807,221,20:00
84.7%,4235000,16940.000001616132,-3528915.6824114155,574568.4455044463,310.4915185599653,221,19:56
84.8%,4237500,16950.00000161817,-3529775.4285073113,574847.6804261637,310.64241455078655,221,19:52
84.8%,4240000,16960.000001620207,-3528166.003822008,575354.723503358,310.9164159795896,221,19:48
84.8%,4242500,16970.000001622244,-3531436.0568843205,575769.4351636395,311.14052235746817,221,19:44
84.9%,4245000,16980.00000162428,-3527749.4659151174,575544.2253763827,311.01882105384277,221,19:40
85.0%,4247500,16990.00000162632,-3530993.1725410093,576721.5527183946,311.65503795214886,221,19:36
85.0%,4250000,17000.000001628356,-3529283.77576638,574413.9768057186,310.4080450918116,221,19:32
85.0%,4252500,17010.000001630393,-3528533.2924486753,575794.9735986713,311.1543230935453,221,19:28
85.1%,4255000,17020.00000163243,-3532682.3779767174,576662.1571001738,311.622941104782,221,19:24
85.2%,4257500,17030.000001634467,-3533170.2907452676,575720.7643044027,311.11422107149906,221,19:20
85.2%,4260000,17040.000001636505,-3531579.2191876955,576977.4966919349,311.7933477281775,221,19:17
85.2%,4262500,17050.000001638542,-3534299.1429560017,576618.9981644473,311.59961841172776,221,19:13
85.3%,4265000,17060.00000164058,-3533503.4029759485,576244.6746163224,311.39733739925765,221,19:09
85.3%,4267500,17070.000001642617,-3529672.5706822034,574373.3635467847,310.38609805914956,221,19:05
85.4%,4270000,17080.000001644654,-3530237.4479044974,577031.2213334395,311.8223800317357,221,19:01
85.5%,4272500,17090.00000164669,-3531703.2689702623,572770.3348525995,309.5198360542534,221,18:57
85.5%,4275000,17100.00000164873,-3531787.7060856503,576859.2081145139,311.72942566576853,221,18:53
85.5%,4277500,17110.000001650766,-3528934.448983891,575053.3430271195,310.75355273420297,221,18:49
85.6%,4280000,17120.000001652803,-3531657.6932179667,576309.9369950804,311.43260459021457,221,18:45
85.7%,4282500,17130.00000165484,-3531802.788843835,575412.7026394331,310.9477473729956,221,18:41
85.7%,4285000,17140.000001656877,-3528681.087740358,577068.0974674745,311.8423075563757,221,18:37
85.8%,4287500,17150.000001658915,-3531582.4045698736,573807.1570197791,310.0801252446589,221,18:34
85.8%,4290000,17160.000001660952,-3531964.1307727564,575662.9440556958,311.0829755393697,221,18:30
85.8%,4292500,17170.00000166299,-3529186.7102348395,573467.2856011714,309.8964618470179,221,18:26
85.9%,4295000,17180.000001665027,-3531437.7851588633,576776.300185435,311.6846229812463,221,18:22
86.0%,4297500,17190.000001667064,-3534492.779170707,573650.1246371599,309.99526638524185,221,18:18
86.0%,4300000,17200.0000016691,-3534246.7148857415,576222.912002618,311.38557708239756,221,18:14
86.0%,4302500,17210.00000167114,-3531696.823372742,576976.4087784553,311.79275982971046,221,18:10
86.1%,4305000,17220.000001673176,-3532562.8993915822,574913.5264693134,310.6779971486279,221,18:06
86.2%,4307500,17230.000001675213,-3531747.422724748,579407.6460086127,313.1065781319117,221,18:02
86.2%,4310000,17240.00000167725,-3534579.9451217633,576280.3713277767,311.41662757475154,221,17:58
86.2%,4312500,17250.000001679287,-3532817.605598796,578319.7791539611,312.5187048605293,221,17:54
86.3%,4315000,17260.000001681325,-3531758.424882211,576540.4784922815,311.5571871009965,221,17:51
86.3%,4317500,17270.000001683362,-3529599.2546208147,575985.0701254369,311.2570495132265,221,17:47
86.4%,4320000,17280.0000016854,-3531449.274020888,576219.7859793975,311.3838878081181,221,17:43
86.5%,4322500,17290.000001687436,-3532011.557282796,576214.9890270263,311.38129557904983,221,17:39
86.5%,4325000,17300.000001689474,-3529904.674286127,575564.4906484582,311.02977222101873,221,17:35
86.5%,4327500,17310.00000169151,-3531147.5145573523,575823.1379728842,311.16954286307333,221,17:31
86.6%,4330000,17320.00000169355,-3532129.1665042136,575366.4219806774,310.92273772944577,221,17:27
86.7%,4332500,17330.000001695586,-3533545.138728911,575500.5437323626,310.9952158940204,221,17:23
86.7%,4335000,17340.000001697623,-3531820.706226757,575046.7283077205,310.7499782005036,221,17:19
86.8%,4337500,17350.00000169966,-3533718.0415058974,575646.726661358,311.07421180819995,221,17:15
86.8%,4340000,17360.000001701697,-3531305.0109376777,576077.4684211935,311.3069807048648,221,17:11
86.8%,4342500,17370.000001703735,-3531331.525023712,575869.8908127546,311.19480766896714,221,17:08
86.9%,4345000,17380.000001705772,-3531897.8841679078,577977.6229702558,312.3338067967832,221,17:04
87.0%,4347500,17390.00000170781,-3535272.7419561,575790.8487216253,311.15209404781905,221,17:00
87.0%,4350000,17400.000001709846,-3532388.1978051066,572964.2255444288,309.6246128059385,221,16:56
87.0%,4352500,17410.000001711884,-3530211.397315953,575629.2924071865,311.0647904971359,221,16:52
87.1%,4355000,17420.00000171392,-3532566.6133344006,576583.019265115,311.5801757444926,221,16:48
87.2%,4357500,17430.00000171596,-3531308.57008457,574701.5522067377,310.5634482011566,221,16:44
87.2%,4360000,17440.000001717995,-3530209.9118373096,574911.9983507862,310.6771713673902,221,16:40
87.2%,4362500,17450.000001720033,-3530578.8978083953,576484.1335246752,311.52673879724404,221,16:36
87.3%,4365000,17460.00000172207,-3531411.2622266095,576035.7240839828,311.28442244787516,221,16:32
87.3%,4367500,17470.000001724107,-3531867.7868249957,575785.2068412928,311.1490452274293,221,16:28
87.4%,4370000,17480.000001726145,-3532735.2836412285,574865.8513039834,310.65223392651444,221,16:25
87.5%,4372500,17490.00000172818,-3531087.326925602,574468.2110447143,310.4373527771804,221,16:21
87.5%,4375000,17500.00000173022,-3531013.349889694,574489.0008321042,310.448587387622,221,16:17
87.5%,4377500,17510.000001732256,-3529244.810217539,576824.5871737471,311.71071682688824,221,16:13
87.6%,4380000,17520.000001734294,-3528808.3842699304,573360.4802697392,309.838745225428,221,16:09
87.7%,4382500,17530.00000173633,-3531908.763312513,575403.4932760125,310.9427707174625,221,16:05
87.7%,4385000,17540.000001738368,-3532981.813038513,574597.7592730479,310.50735945167986,221,16:01
87.8%,4387500,17550.000001740405,-3526824.247648051,574977.4128187816,310.7125207459762,221,15:57
87.8%,4390000,17560.000001742443,-3530799.4982992522,574443.524740231,310.42401252463674,221,15:53
87.8%,4392500,17570.00000174448,-3533175.0870651156,576468.9664760474,311.51854266326325,221,15:49
87.9%,4395000,17580.000001746517,-3528374.9521057494,576038.489051712,311.28591661107833,221,15:45
88.0%,4397500,17590.000001748554,-3532463.279968675,575524.16471866,311.00798045838644,221,15:42
88.0%,4400000,17600.00000175059,-3529118.85157449,576687.3634459267,311.6365623828585,221,15:38
88.0%,4402500,17610.00000175263,-3530182.9444357418,575463.9231691321,310.9754264774993,221,15:34
88.1%,4405000,17620.000001754666,-3529008.7996658944,575771.9265212817,311.1418686642897,221,15:30
88.2%,4407500,17630.000001756704,-3530461.9436002355,575363.2875036164,310.9210438867885,221,15:26
88.2%,4410000,17640.00000175874,-3529818.966306852,577580.9854148595,312.11946749942626,221,15:22
88.2%,4412500,17650.000001760778,-3527607.318742413,575915.0592876209,311.21921629854296,221,15:18
88.3%,4415000,17660.000001762815,-3529638.4018744137,575257.7807299644,310.8640289939138,221,15:14
88.3%,4417500,17670.000001764853,-3533472.7222022135,574344.3749649791,310.3704328953973,221,15:10
88.4%,4420000,17680.00000176689,-3529927.4669784307,575418.5477253494,310.9509060038192,221,15:06
88.5%,4422500,17690.000001768927,-3532918.103255799,576061.2340460522,311.29820779742454,221,15:02
88.5%,4425000,17700.000001770964,-3528840.380303422,573527.0117257854,309.9287372970086,221,14:59
88.5%,4427500,17710.000001773,-3532199.660869794,576613.9304747636,311.5968798786987,221,14:55
88.6%,4430000,17720.00000177504,-3526550.139687462,576469.287756437,311.51871628023923,221,14:51
88.7%,4432500,17730.000001777076,-3532519.3317110185,576171.645620746,311.3578731998,221,14:47
88.7%,4435000,17740.000001779114,-3528629.970876487,574700.0132621494,310.5626165696148,221,14:43
88.8%,4437500,17750.00000178115,-3528713.413386643,574354.3303134541,310.37581267441226,221,14:39
88.8%,4440000,17760.000001783188,-3527722.1450393125,575852.152725791,311.1852221694487,221,14:35
88.8%,4442500,17770.000001785225,-3527921.6441295426,575763.8110860093,311.13748315749547,221,14:31
88.9%,4445000,17780.000001787263,-3527207.1276341192,577069.467506162,311.84304791271774,221,14:27
89.0%,4447500,17790.0000017893,-3528985.0157043487,574996.6864323631,310.72293602999656,221,14:23
89.0%,4450000,17800.000001791337,-3530627.8428863883,576640.637943117,311.6113123496616,221,14:19
89.0%,4452500,17810.000001793374,-3530164.872105565,575229.9704229737,310.84900055906553,221,14:16
89.1%,4455000,17820.00000179541,-3530957.0642023515,576059.8900439083,311.29748151099193,221,14:12
89.2%,4457500,17830.00000179745,-3529521.834366314,576270.0732485034,311.4110625871563,221,14:08
89.2%,4460000,17840.000001799486,-3531864.8407058567,576682.7187505453,311.63405243207103,221,14:04
89.2%,4462500,17850.000001801523,-3532997.1220535263,574999.5764642651,310.72449777673177,221,14:00
89.3%,4465000,17860.00000180356,-3532267.5723757744,575487.7596698009,310.9883075038552,221,13:56
89.3%,4467500,17870.000001805598,-3531073.777424082,576622.6962319472,311.60161681348956,221,13:52
89.4%,4470000,17880.000001807635,-3529566.2474039122,576549.7720888073,311.5622092753271,221,13:48
89.5%,4472500,17890.000001809673,-3532588.8630808815,575989.4290163831,311.25940501791825,221,13:44
89.5%,4475000,17900.00000181171,-3530459.1054758,573652.2637568983,309.99642234593057,221,13:40
89.5%,4477500,17910.000001813747,-3527561.436681399,575441.5435546645,310.9633327390854,221,13:36
89.6%,4480000,17920.000001815784,-3528636.1640080307,576332.7274408855,311.4449203381155,221,13:33
89.7%,4482500,17930.00000181782,-3531641.561263373,575318.3630505719,310.8967671243672,221,13:29
89.7%,4485000,17940.00000181986,-3529599.416031882,573611.4537744179,309.9743690056681,221,13:25
89.8%,4487500,17950.000001821896,-3528727.5411221515,575335.3920123274,310.90596941912656,221,13:21
89.8%,4490000,17960.000001823933,-3531405.2422515806,576366.0524933717,311.46292889085356,221,13:17
89.8%,4492500,17970.00000182597,-3530606.937797699,572636.8334948346,309.44769314486365,221,13:13
89.9%,4495000,17980.000001828008,-3530101.4108735584,575107.5424155985,310.78284158667225,221,13:09
90.0%,4497500,17990.000001830045,-3530593.236878235,574982.5541453194,310.7152990716859,221,13:05
90.0%,4500000,18000.000001832082,-3533466.9130694885,575200.7536287562,310.83321207141876,221,13:01
90.0%,4502500,18010.00000183412,-3529272.6331598945,575783.6270724697,311.14819153484547,221,12:57
90.1%,4505000,18020.000001836157,-3532028.7382536028,577346.6340217519,311.9928261558371,221,12:53
90.2%,4507500,18030.000001838194,-3528639.9931068867,576123.5835774902,311.3319009124035,221,12:50
90.2%,4510000,18040.00000184023,-3531650.3352514524,574251.3590395241,310.32016794233425,221,12:46
90.2%,4512500,18050.00000184227,-3530873.641937699,577747.0047590043,312.209182830432,221,12:42
90.3%,4515000,18060.000001844306,-3531551.78600049,575476.5404759591,310.9822447543948,221,12:38
90.3%,4517500,18070.000001846343,-3529646.8151611015,574937.7799778316,310.6911035222013,221,12:34
90.4%,4520000,18080.00000184838,-3532527.277510371,575931.2244328943,311.22795179479743,221,12:30
90.5%,4522500,18090.000001850418,-3530058.674422277,575852.7834822496,311.18556302445427,221,12:26
90.5%,4525000,18100.000001852455,-3529632.3101658653,575924.2429936777,311.2241790890719,221,12:22
90.5%,4527500,18110.000001854492,-3530728.151750082,576021.0563405699,311.2764961338533,221,12:18
90.6%,4530000,18120.00000185653,-3529690.1551885065,574233.0116986453,310.31025320758755,221,12:14
90.7%,4532500,18130.000001858567,-3531951.6180227306,576999.8630874056,311.8054343231667,221,12:10
90.7%,4535000,18140.000001860604,-3530639.1179860774,576317.21333204,311.43653665597594,221,12:07
90.8%,4537500,18150.00000186264,-3530317.9073049426,576497.7957561888,311.5341217418571,221,12:03
90.8%,4540000,18160.00000186468,-3530752.587074682,576549.8999795228,311.56227838629684,221,11:59
90.8%,4542500,18170.000001866716,-3534569.298399195,576472.7160902501,311.5205689203905,221,11:55
90.9%,4545000,18180.000001868753,-3528110.980748633,576585.1004800755,311.5813004139703,221,11:51
91.0%,4547500,18190.00000187079,-3530090.5983463787,579264.9766209301,313.02948090323486,221,11:47
91.0%,4550000,18200.000001872828,-3531277.6856687795,574035.7818446173,310.2036720032739,221,11:43
91.0%,4552500,18210.000001874865,-3531285.1656865347,574106.5950620678,310.2419388165532,221,11:39
91.1%,4555000,18220.000001876902,-3529925.038122747,577222.2179036984,311.92559282666633,221,11:35
91.2%,4557500,18230.00000187894,-3530182.7760773636,577002.995866759,311.80712724839844,221,11:31
91.2%,4560000,18240.000001880977,-3530923.7658581566,574627.1347847743,310.52323370881277,221,11:27
91.2%,4562500,18250.000001883014,-3528115.446335219,574701.3003334674,310.56331209115126,221,11:24
91.3%,4565000,18260.00000188505,-3530888.916703526,574808.7652701989,310.6213851573957,221,11:20
91.3%,4567500,18270.00000188709,-3531472.008340968,575473.5058091716,310.98060484829386,221,11:16
91.4%,4570000,18280.000001889126,-3530133.077092219,575613.9839300027,311.05651793646047,221,11:12
91.5%,4572500,18290.000001891163,-3529435.3717305865,577871.4026452684,312.27640630731094,221,11:08
91.5%,4575000,18300.0000018932,-3526657.1577912793,577790.9831616527,312.2329483558954,221,11:04
91.5%,4577500,18310.000001895238,-3529420.348640505,574845.6826451578,310.6413349682527,221,11:00
91.6%,4580000,18320.000001897275,-3531200.6460868474,574566.5185015467,310.490477225271,221,10:56
91.7%,4582500,18330.000001899312,-3533068.229103308,574721.0194642477,310.57396812858,221,10:52
91.7%,4585000,18340.00000190135,-3532014.0595312454,574869.7126271245,310.6543205501275,221,10:48
91.8%,4587500,18350.000001903387,-3530985.1108137034,576668.2942625766,311.62625757106036,221,10:44
91.8%,4590000,18360.000001905424,-3528706.680810539,575712.9954796397,311.11002286984535,221,10:41
91.8%,4592500,18370.00000190746,-3529792.8976916745,575514.9295249586,311.0029898444066,221,10:37
91.9%,4595000,18380.0000019095,-3531402.244282158,573945.3902060133,310.15482519075766,221,10:33
92.0%,4597500,18390.000001911536,-3529920.6546996385,576414.5269185082,311.48912402563644,221,10:29
92.0%,4600000,18400.000001913573,-3532815.8041843586,575268.0387528355,310.86957233539664,221,10:25
92.0%,4602500,18410.00000191561,-3533277.770580953,575704.8218148726,311.10560589636617,221,10:21
92.1%,4605000,18420.000001917648,-3529035.41020252,576879.3182088281,311.74029297630545,221,10:17
92.2%,4607500,18430.000001919685,-3528408.354418859,575077.9625772961,310.7668569133314,221,10:13
92.2%,4610000,18440.000001921722,-3533459.6871957853,575987.2089536223,311.25820531636253,221,10:09
92.2%,4612500,18450.00000192376,-3530942.791705234,575369.4883185897,310.9243947503321,221,10:05
92.3%,4615000,18460.000001925797,-3529351.6745074503,574914.0336835724,310.67827124256183,221,10:01
92.3%,4617500,18470.000001927834,-3533246.473929951,574510.9821717986,310.46046590200103,221,9:58
92.4%,4620000,18480.00000192987,-3528334.952549355,576440.7020265353,311.5032688139613,221,9:54
92.5%,4622500,18490.00000193191,-3534422.2472690064,576056.4838056287,311.29564081106435,221,9:50
92.5%,4625000,18500.000001933946,-3529676.0800185967,574366.4814082456,310.3823790145994,221,9:46
92.5%,4627500,18510.000001935983,-3529150.3709169403,574867.3897369057,310.6530652815566,221,9:42
92.6%,4630000,18520.00000193802,-3531282.81725529,573866.8787658851,310.11239832854403,221,9:38
92.7%,4632500,18530.000001940058,-3534124.6781823765,575770.3126796461,311.1409965590704,221,9:34
92.7%,4635000,18540.000001942095,-3532136.633553801,575383.549503163,310.9319932855198,221,9:30
92.8%,4637500,18550.000001944132,-3531255.205934791,574381.4495905935,310.3904676830664,221,9:26
92.8%,4640000,18560.00000194617,-3530346.027607672,576891.7795113572,311.74702694990907,221,9:22
92.8%,4642500,18570.000001948207,-3528077.2917305287,576245.1476019333,311.39759299634403,221,9:18
92.9%,4645000,18580.000001950244,-3531933.378409719,575298.1391130877,310.8858382940253,221,9:15
93.0%,4647500,18590.00000195228,-3530568.079286376,578333.5746823389,312.52615983754526,221,9:11
93.0%,4650000,18600.00000195432,-3531466.906273121,577691.6315834704,312.1792596742031,221,9:07
93.0%,4652500,18610.000001956356,-3530004.545387799,574306.96469711,310.3502167297319,221,9:03
93.1%,4655000,18620.000001958393,-3528102.9137869105,577673.1663433732,312.1692812278,221,8:59
93.2%,4657500,18630.00000196043,-3530577.651077861,575691.0316144954,311.09815379855286,221,8:55
93.2%,4660000,18640.000001962468,-3529642.198350005,575118.909104947,310.78898404135174,221,8:51
93.2%,4662500,18650.000001964505,-3533160.521567192,574417.4525235118,310.4099233378311,221,8:47
93.3%,4665000,18660.000001966542,-3527755.4306979943,576770.2159045538,311.6813350916573,221,8:43
93.3%,4667500,18670.00000196858,-3530798.613433825,573433.8298230662,309.8783826513542,221,8:39
93.4%,4670000,18680.000001970617,-3532476.1048299503,576539.1834591215,311.5564872769537,221,8:35
93.5%,4672500,18690.000001972654,-3529650.4695924874,573608.2634113391,309.9726449627193,221,8:32
93.5%,4675000,18700.00000197469,-3529979.592250876,576731.311678636,311.66031160476354,221,8:28
93.5%,4677500,18710.00000197673,-3533795.698636271,576091.6213546412,311.3146288203028,221,8:24
93.6%,4680000,18720.000001978766,-3530187.7509835884,574088.2203815676,310.23200930772583,221,8:20
93.7%,4682500,18730.000001980803,-3531459.030271236,578937.7468954878,312.8526489606429,221,8:16
93.7%,4685000,18740.00000198284,-3531691.6794205494,576256.295316244,311.4036171189213,221,8:12
93.8%,4687500,18750.000001984878,-3531716.8947333414,575879.8792636935,311.20020533625,221,8:08
93.8%,4690000,18760.000001986915,-3533607.990928149,575102.411009768,310.78006862202176,221,8:04
93.8%,4692500,18770.000001988952,-3532546.982826574,576745.3402411749,311.6678925113031,221,8:00
93.9%,4695000,18780.00000199099,-3531366.166039899,577394.5050331639,312.0186952113772,221,7:56
94.0%,4697500,18790.000001993027,-3529436.642323915,576706.4195715123,311.6468601383604,221,7:52
94.0%,4700000,18800.000001995064,-3527346.820541676,574757.7823400772,310.5938344495244,221,7:49
94.0%,4702500,18810.0000019971,-3531281.494482614,576384.4878750994,311.4728912020676,221,7:45
94.1%,4705000,18820.00000199914,-3529574.4267946575,576672.2610521204,311.6284011877502,221,7:41
94.2%,4707500,18830.000002001176,-3531858.940738715,576054.4975555534,311.29456745973965,221,7:37
94.2%,4710000,18840.000002003213,-3529799.404134862,576402.0179090906,311.4823642716678,221,7:33
94.2%,4712500,18850.00000200525,-3528499.1859329958,573667.0662032834,310.0044214522032,221,7:29
94.3%,4715000,18860.000002007288,-3535842.071714081,576213.8084706598,311.38065761721623,221,7:25
94.3%,4717500,18870.000002009325,-3528643.6852466706,575493.5202219026,310.9914204533807,221,7:21
94.4%,4720000,18880.000002011362,-3530426.7416157983,576944.33031056,311.7754249198527,221,7:17
94.5%,4722500,18890.0000020134,-3530582.96333405,574446.906325169,310.4258399021246,221,7:13
94.5%,4725000,18900.000002015437,-3530675.2566476744,576086.9920802305,311.3121272028666,221,7:09
94.5%,4727500,18910.000002017474,-3530060.4968641866,574614.3484242316,310.5163240768398,221,7:06
94.6%,4730000,18920.00000201951,-3529374.536232032,577140.1081954462,311.8812214933583,221,7:02
94.7%,4732500,18930.00000202155,-3532809.7105914,576267.6906727006,311.4097750650432,221,6:58
94.7%,4735000,18940.000002023586,-3529288.695153797,575876.783832295,311.1985325935106,221,6:54
94.8%,4737500,18950.000002025623,-3528919.1595843267,576840.9119105949,311.719538564966,221,6:50
94.8%,4740000,18960.00000202766,-3531324.8920921106,575839.8768337581,311.1785883899769,221,6:46
94.8%,4742500,18970.000002029697,-3529923.3395327106,576766.4367180222,311.6792928539147,221,6:42
94.9%,4745000,18980.000002031735,-3532732.8176977336,575304.3952054435,310.8892190289595,221,6:38
95.0%,4747500,18990.000002033772,-3533141.0291924905,577319.6177439045,311.9782268070557,221,6:34
95.0%,4750000,19000.00000203581,-3530515.923475586,575596.2181625704,311.04691747867065,221,6:30
95.0%,4752500,19010.000002037847,-3529264.8046730254,575544.635530387,311.01904269730517,221,6:26
95.1%,4755000,19020.000002039884,-3530389.9101855233,575700.3154352005,311.10317069011955,221,6:23
95.2%,4757500,19030.00000204192,-3530362.197583692,575407.5526103519,310.9449643445112,221,6:19
95.2%,4760000,19040.00000204396,-3531909.9881957322,576207.189887125,311.3770809953734,221,6:15
95.2%,4762500,19050.000002045996,-3532087.6651786026,577191.9566132319,311.90923990282573,221,6:11
95.3%,4765000,19060.000002048033,-3527514.431733284,578240.7512550862,312.47599890874534,221,6:07
95.3%,4767500,19070.00000205007,-3526496.033377962,575077.3189736297,310.7665091158127,221,6:03
95.4%,4770000,19080.000002052107,-3531059.4786770195,577436.1305343531,312.0411892504706,221,5:59
95.5%,4772500,19090.000002054145,-3528638.2036098856,576305.6411006722,311.43028312827414,221,5:55
95.5%,4775000,19100.000002056182,-3531259.86751727,577094.6501990242,311.85665640898895,221,5:51
95.5%,4777500,19110.00000205822,-3529734.526155943,575634.598168043,311.0676576816434,221,5:47
95.6%,4780000,19120.000002060257,-3526674.5290288087,576398.2058854476,311.48030428905133,221,5:43
95.7%,4782500,19130.000002062294,-3529682.947309533,577441.865943937,312.0442886132101,221,5:40
95.7%,4785000,19140.00000206433,-3529663.786510298,577042.86137937,311.82867020580517,221,5:36
95.8%,4787500,19150.00000206637,-3528740.700252991,576525.6384291394,311.54916766697335,221,5:32
95.8%,4790000,19160.000002068406,-3529835.108420808,572101.9354003388,309.15863912017033,221,5:28
95.8%,4792500,19170.000002070443,-3530883.722391451,575339.9608476599,310.90843837583924,221,5:24
95.9%,4795000,19180.00000207248,-3530952.705592349,575932.245367326,311.2285034984013,221,5:20
96.0%,4797500,19190.000002074517,-3530989.9762131236,575525.8822173874,311.00890857894757,221,5:16
96.0%,4800000,19200.000002076555,-3531316.1433355957,574587.3983693215,310.50176051432635,221,5:12
96.0%,4802500,19210.000002078592,-3530220.113401968,576734.5907714958,311.6620835964723,221,5:08
96.1%,4805000,19220.00000208063,-3529655.966298176,576531.5154427463,311.55234355122826,221,5:04
96.2%,4807500,19230.000002082666,-3531336.7691939827,575935.6997884023,311.23037023587034,221,5:00
96.2%,4810000,19240.000002084704,-3530696.0600821413,575345.5883503936,310.9114794267065,221,4:57
96.2%,4812500,19250.00000208674,-3532223.2402503286,577492.8161397318,312.0718216317513,221,4:53
96.3%,4815000,19260.00000208878,-3532018.6107683834,574317.6739369757,310.3560039047404,221,4:49
96.3%,4817500,19270.000002090816,-3531348.5208802,575440.6556873645,310.96285294373916,221,4:45
96.4%,4820000,19280.000002092853,-3529090.6344009675,577223.9382042366,311.9265224613001,221,4:41
96.5%,4822500,19290.00000209489,-3532205.2239947133,575930.1627440533,311.22737806788456,221,4:37
96.5%,4825000,19300.000002096927,-3526829.6594352666,574537.451125402,310.47476948178047,221,4:33
96.5%,4827500,19310.000002098965,-3529511.0925250556,576600.5706281774,311.5896603401272,221,4:29
96.6%,4830000,19320.000002101002,-3531746.8786759786,577855.637487139,312.2678869604407,221,4:25
96.7%,4832500,19330.00000210304,-3530149.954533579,576692.5889741713,311.63938621039836,221,4:21
96.7%,4835000,19340.000002105076,-3530880.7452356275,575295.1572319567,310.884226912809,221,4:17
96.8%,4837500,19350.000002107114,-3528954.763514107,577115.5957268563,311.8679751801371,221,4:14
96.8%,4840000,19360.00000210915,-3532275.799507616,573154.2879966296,309.7273208120373,221,4:10
96.8%,4842500,19370.00000211119,-3529823.6859572083,576321.6293804583,311.4389230480414,221,4:06
96.9%,4845000,19380.000002113225,-3529393.3327638786,576827.2737566151,311.71216863163136,221,4:02
97.0%,4847500,19390.000002115263,-3532549.8212663755,575000.1797615713,310.7248237930632,221,3:58
97.0%,4850000,19400.0000021173,-3530781.8958680816,574312.0108780335,310.35294363962424,221,3:54
97.0%,4852500,19410.000002119337,-3530623.7639976665,574499.3634807067,310.45418726789046,221,3:50
97.1%,4855000,19420.000002121375,-3532705.2278558854,575082.2833719194,310.7691918311197,221,3:46
97.2%,4857500,19430.000002123412,-3530714.885584604,573814.7545768481,310.0842308948215,221,3:42
97.2%,4860000,19440.00000212545,-3530958.501204528,575018.3305705942,310.7346323237973,221,3:38
97.2%,4862500,19450.000002127486,-3531824.7865017876,577782.0125975235,312.22810074530946,221,3:34
97.3%,4865000,19460.000002129524,-3529222.59964085,574592.5884696417,310.5045651969408,221,3:31
97.3%,4867500,19470.00000213156,-3531754.355252389,576002.9494556435,311.26671133929807,221,3:27
97.4%,4870000,19480.000002133598,-3528193.249427894,574689.0106682833,310.5566708687948,221,3:23
97.5%,4872500,19490.000002135635,-3528207.9216382783,576748.7871608224,311.6697551950687,221,3:19
97.5%,4875000,19500.000002137673,-3528807.521519413,575037.0814304595,310.7447651165037,221,3:15
97.5%,4877500,19510.00000213971,-3533676.9552071095,574913.618792071,310.6780470389994,221,3:11
97.6%,4880000,19520.000002141747,-3531024.320237411,573440.7057276758,309.882098327146,221,3:07
97.7%,4882500,19530.000002143785,-3531464.2987222522,575340.1481056833,310.90853956835775,221,3:03
97.7%,4885000,19540.00000214582,-3532508.9532715026,576695.3472855305,311.6408767765603,221,2:59
97.8%,4887500,19550.00000214786,-3531789.602674395,575829.2426849689,311.17284179349735,221,2:55
97.8%,4890000,19560.000002149896,-3530260.4342498854,576314.5248268729,311.4350838124399,221,2:51
97.8%,4892500,19570.000002151934,-3529741.830015734,576372.7014984179,311.46652195220224,221,2:48
97.9%,4895000,19580.00000215397,-3532127.504161453,574657.3108954317,310.5395406022657,221,2:44
98.0%,4897500,19590.000002156008,-3529144.9325921945,575690.8896596932,311.0980770874797,221,2:40
98.0%,4900000,19600.000002158045,-3529264.265084047,576134.8091561294,311.33796711214995,221,2:36
98.0%,4902500,19610.000002160083,-3530073.9758708924,575865.3737498961,311.1923666896245,221,2:32
98.1%,4905000,19620.00000216212,-3530959.0420236364,574399.5001525749,310.4002220412187,221,2:28
98.2%,4907500,19630.000002164157,-3530646.606845256,575195.8451859052,310.83055959391766,221,2:24
98.2%,4910000,19640.000002166194,-3531022.2931843046,577063.3151520463,311.8397232369771,221,2:20
98.2%,4912500,19650.00000216823,-3530675.336246766,574248.5607793485,310.31865578819827,221,2:16
98.3%,4915000,19660.00000217027,-3527988.6754549816,573632.1272986098,309.98554078854374,221,2:12
98.3%,4917500,19670.000002172306,-3529516.5518919695,576531.7030785345,311.5524449478873,221,2:08
98.4%,4920000,19680.000002174344,-3527587.713835839,575876.7993389412,311.19854097316,221,2:05
98.5%,4922500,19690.00000217638,-3528519.6200366095,575467.27460048,310.97723756026363,221,2:01
98.5%,4925000,19700.000002178418,-3533242.6210165657,575646.4974170718,311.07408792669014,221,1:57
98.5%,4927500,19710.000002180455,-3533453.5566108245,574734.6400993245,310.5813285948601,221,1:53
98.6%,4930000,19720.000002182493,-3532344.634675294,575584.7562233768,311.0407235518483,221,1:49
98.7%,4932500,19730.00000218453,-3533944.322506612,576066.788005616,311.30120910623725,221,1:45
98.7%,4935000,19740.000002186567,-3531070.790069446,575927.2505105633,311.2258043236148,221,1:41
98.8%,4937500,19750.000002188604,-3530353.08820834,574978.6337381832,310.71318051962373,221,1:37
98.8%,4940000,19760.00000219064,-3529235.1593272295,574898.9985014466,310.67014636802924,221,1:33
98.8%,4942500,19770.00000219268,-3531526.6451959405,576660.7459969984,311.62217855756734,221,1:29
98.9%,4945000,19780.000002194716,-3531027.8209674023,575938.0812971119,311.2316571813361,221,1:25
99.0%,4947500,19790.000002196753,-3531581.6819224674,576161.2039707624,311.3522306279097,221,1:22
99.0%,4950000,19800.00000219879,-3532909.7525499333,575984.641755152,311.25681802585314,221,1:18
99.0%,4952500,19810.000002200828,-3531613.0951144416,575946.3164414361,311.23610737780405,221,1:14
99.1%,4955000,19820.000002202865,-3530274.7075620797,575713.3165768739,311.11019638784586,221,1:10
99.2%,4957500,19830.000002204903,-3532034.4170328323,575979.8875137074,311.2542488773778,221,1:06
99.2%,4960000,19840.00000220694,-3529057.662085796,575104.5568695831,310.781228224986,221,1:02
99.2%,4962500,19850.000002208977,-3528335.5592026915,574317.2534898822,310.3557766989871,221,0:58
99.3%,4965000,19860.000002211014,-3529448.531767918,574528.6363348409,310.47000604980207,221,0:54
99.3%,4967500,19870.00000221305,-3528999.003121171,577861.2023094406,312.27089413937733,221,0:50
99.4%,4970000,19880.00000221509,-3528259.2037969716,576126.5718400866,311.33351574210513,221,0:46
99.5%,4972500,19890.000002217126,-3532007.45514166,576062.5534426973,311.29892078727136,221,0:42
99.5%,4975000,19900.000002219163,-3534626.861686455,576767.2914117754,311.67975472258047,221,0:39
99.5%,4977500,19910.0000022212,-3530009.5188485812,576787.3168711695,311.69057629718276,221,0:35
99.6%,4980000,19920.000002223238,-3530290.9773598034,577775.1258276924,312.22437919805157,221,0:31
99.7%,4982500,19930.000002225275,-3527744.981601121,575310.4649833874,310.8924990812942,221,0:27
99.7%,4985000,19940.000002227313,-3532696.640544342,575344.9412438835,310.91112973628304,221,0:23
99.8%,4987500,19950.00000222935,-3527364.46710258,577182.4257213017,311.9040894962348,221,0:19
99.8%,4990000,19960.000002231387,-3534288.4622171447,574593.4647154514,310.5050387121402,221,0:15
99.8%,4992500,19970.000002233424,-3528707.8216815013,575154.966868656,310.8084693261729,221,0:11
99.9%,4995000,19980.00000223546,-3529538.959845314,576113.1468221731,311.3262609855461,221,0:07
100.0%,4997500,19990.0000022375,-3528107.297609184,574365.379490413,310.3817835483084,221,0:03
100.0%,5000000,20000.000002239536,-3527943.2890067473,577088.170819734,311.85315501184317,221,0:00
100.0%,5002500,20010.000002241573,-3527616.9432208426,576448.0243269973,311.5072257179779,221,23:59:57
100.1%,5005000,20020.00000224361,-3532965.0438212007,575115.7784746503,310.7872922774506,221,23:59:53
100.2%,5007500,20030.000002245648,-3528941.8575843126,574996.210139454,310.7226786456765,221,23:59:49
100.2%,5010000,20040.000002247685,-3533424.308204895,575709.875420812,311.10833681866904,221,23:59:45
100.2%,5012500,20050.000002249722,-3532579.206820382,575503.6553886086,310.9968974045186,221,23:59:41
100.3%,5015000,20060.00000225176,-3535371.6462383773,576002.7845619149,311.26662223223934,221,23:59:37
100.3%,5017500,20070.000002253797,-3529935.3494287245,574741.526603274,310.585049998438,221,23:59:33
100.4%,5020000,20080.000002255834,-3527708.043622801,573909.2468477668,310.1352936514334,221,23:59:29
100.5%,5022500,20090.00000225787,-3529166.042092828,573842.3183374527,310.09912609826387,221,23:59:25
100.5%,5025000,20100.00000225991,-3528041.0340853017,577027.3430031042,311.8202842175908,221,23:59:21
100.5%,5027500,20110.000002261946,-3531638.2414798755,577669.0966588699,312.1670820076177,221,23:59:18
100.6%,5030000,20120.000002263983,-3527437.4885950815,575808.6113197159,311.1616927929257,221,23:59:14
100.7%,5032500,20130.00000226602,-3529731.7549728677,575042.9814379509,310.7479534264428,221,23:59:10
100.7%,5035000,20140.000002268058,-3526883.0928383693,574285.8185169543,310.33878952790826,221,23:59:06
100.8%,5037500,20150.000002270095,-3529759.802102288,573810.0965305867,310.08171372934095,221,23:59:02
100.8%,5040000,20160.000002272132,-3532804.574018536,574392.4032371186,310.3963869331922,221,23:58:58
100.8%,5042500,20170.00000227417,-3527814.406069707,576051.0026082445,311.2926788222662,221,23:58:54
100.9%,5045000,20180.000002276207,-3527307.5658385456,573396.8106594385,309.858377834834,221,23:58:50
101.0%,5047500,20190.000002278244,-3527849.493337119,577278.3696021338,311.9559366895312,221,23:58:46
101.0%,5050000,20200.00000228028,-3533384.265509039,575900.9858851626,311.21161116092225,221,23:58:42
101.0%,5052500,20210.00000228232,-3532481.0351836197,573824.6922662933,310.0896011310587,221,23:58:38
101.1%,5055000,20220.000002284356,-3530881.9623890296,574871.4252193333,310.6552460192509,221,23:58:35
101.2%,5057500,20230.000002286393,-3528594.9155821223,576020.4336919965,311.2761596602746,221,23:58:31
101.2%,5060000,20240.00000228843,-3532027.253263358,575543.1406032445,311.01823485238737,221,23:58:27
101.2%,5062500,20250.000002290468,-3529871.604662629,576028.3980560647,311.28046352957557,221,23:58:23
101.3%,5065000,20260.000002292505,-3529372.90482793,573405.1947285009,309.86290850886473,221,23:58:19
101.3%,5067500,20270.000002294542,-3533187.6881567743,575888.200553068,311.20470208471306,221,23:58:15
101.4%,5070000,20280.00000229658,-3531658.3513791263,576732.3689194437,311.66088292800004,221,23:58:11
101.5%,5072500,20290.000002298617,-3532586.8544462807,574415.2352361138,310.408725136056,221,23:58:07
101.5%,5075000,20300.000002300654,-3532707.7873062566,574693.9947606276,310.55936422658834,221,23:58:03
101.5%,5077500,20310.00000230269,-3529409.056984801,574045.7304937821,310.209048162043,221,23:57:59
101.6%,5080000,20320.00000230473,-3529012.9963551685,578844.978987429,312.8025180339063,221,23:57:55
101.7%,5082500,20330.000002306766,-3529607.893826859,574978.6001801989,310.71316238519677,221,23:57:52
101.7%,5085000,20340.000002308803,-3530670.470635211,574624.1495984917,310.52162054152296,221,23:57:48
101.8%,5087500,20350.00000231084,-3530988.262529237,575385.2112152996,310.9328912595188,221,23:57:44
101.8%,5090000,20360.000002312878,-3527882.323796561,576209.4117773209,311.37828168445816,221,23:57:40
101.8%,5092500,20370.000002314915,-3531413.183851775,574428.7079196236,310.4160056506662,221,23:57:36
101.9%,5095000,20380.000002316952,-3529553.18917959,576366.740932411,311.46330091699673,221,23:57:32
102.0%,5097500,20390.00000231899,-3530938.5767490417,576849.1484857461,311.7239895346397,221,23:57:28
102.0%,5100000,20400.000002321027,-3530521.9648399036,572232.7122329315,309.22930972114375,221,23:57:24
102.0%,5102500,20410.000002323064,-3531133.296353709,575219.9056471644,310.8435616465227,221,23:57:20
102.1%,5105000,20420.0000023251,-3527546.8812100366,577450.6174416246,312.04901784230015,221,23:57:16
102.2%,5107500,20430.00000232714,-3528687.648983529,576378.7194658861,311.46977400663104,221,23:57:12
102.2%,5110000,20440.000002329176,-3530758.342153657,575710.7474280162,311.10880804336495,221,23:57:09
102.2%,5112500,20450.000002331213,-3530345.4449134376,576642.4221374459,311.61227651191405,221,23:57:05
102.3%,5115000,20460.00000233325,-3531342.2398543395,575858.8719549354,311.188853179256,221,23:57:01
102.3%,5117500,20470.000002335288,-3528767.9075427353,575704.7549096314,311.10556974138746,221,23:56:57
102.4%,5120000,20480.000002337325,-3529471.7313324567,576628.9945513515,311.6050203675336,221,23:56:53
102.5%,5122500,20490.000002339362,-3527134.2886894215,576584.6904080564,311.581078814812,221,23:56:49
102.5%,5125000,20500.0000023414,-3531281.8982150108,574704.2908369133,310.5649281317874,221,23:56:45
102.5%,5127500,20510.000002343437,-3530168.430571921,575125.3982818035,310.7924907330125,221,23:56:41
102.6%,5130000,20520.000002345474,-3528628.1276731472,575799.9971657882,311.15703778314395,221,23:56:37
102.7%,5132500,20530.00000234751,-3528923.942359371,577140.9117401639,311.8816557215544,221,23:56:33
102.7%,5135000,20540.00000234955,-3529642.2061622925,576149.3201056921,311.34580869621317,221,23:56:29
102.8%,5137500,20550.000002351586,-3530050.263605902,576582.1654385172,311.5797143444296,221,23:56:26
102.8%,5140000,20560.000002353623,-3533815.7190320306,576131.4480524759,311.33615080256044,221,23:56:22
102.8%,5142500,20570.00000235566,-3531205.1227353252,575545.2297666912,311.01936381715416,221,23:56:18
102.9%,5145000,20580.000002357698,-3529659.2905286495,575029.6787366415,310.7407647686548,221,23:56:14
103.0%,5147500,20590.000002359735,-3533331.9911008254,576620.2536590991,311.60029686952345,221,23:56:10
103.0%,5150000,20600.000002361772,-3530262.9635166507,577896.5730658316,312.2900081717444,221,23:56:06
