mw,logp,tpsa,hbd,hba,rotatable_bonds,aromatic_rings,fraction_csp3,num_heavy_atoms,num_rings,qed,lipinski_violations,veber_violations,pains_alerts,permeability_score,pgp_risk,compound_id,smiles,cnn_affinity,type,drug_name,label,ml_score,cnn_norm
749.956,5.254120000000005,156.89,2,10,8,3,0.5526315789473685,52,7,0.293723959783343,2,1,0,0.0,1,fda_1628,COc1ccc2c(O[C@@H]3C[C@H]4C(=O)N[C@]5(C(=O)NS(=O)(=O)C6CC6)C[C@H]5/C=C\CCCCN(C)C(=O)[C@@H]4C3)cc(-c3nc(C(C)C)cs3)nc2c1C,6.50695038,FDA,SIMEPREVIR,1,0.9972012,0.8291366482892739
365.8420000000001,2.714120000000001,92.5,2,4,2,2,0.1875,24,3,0.8553020577996142,0,0,0,0.3392857142857143,0,fda_1149,Cc1ccccc1N1C(=O)c2cc(S(N)(=O)=O)c(Cl)cc2N[C@H]1C,5.24769831,FDA,METOLAZONE,-1,0.9028101,0.5706666151335293
360.429,3.675200000000003,52.61,1,5,12,2,0.35,26,2,0.5854024605222118,0,1,0,0.6242142857142857,0,fda_1775,CNc1ccc(/C=C/c2ccc(OCCOCCOCCF)nc2)cc1,4.70371199,FDA,FLORBETAPIR,-1,0.8609737,0.45900973124476896
454.3320000000002,-2.8705599999999976,213.75,4,12,7,1,0.4117647058823529,31,3,0.2101942403384005,1,1,0,0.0,0,fda_1324,Cc1cc2nc3c(=O)[nH]c(=O)nc-3n(C[C@H](O)[C@H](O)[C@H](O)COP(=O)([O-])[O-])c2cc1C,4.64546061,FDA,RIBOFLAVIN PHOSPHATE,-1,0.39360222,0.4470532401826038
499.6190000000003,4.509800000000003,87.55,2,8,10,4,0.25,37,4,0.3105348061023151,0,0,0,0.3746428571428571,1,fda_1812,C=CC(=O)Nc1cc(Nc2nccc(-c3cn(C)c4ccccc34)n2)c(OC)cc1N(C)CCN(C)C,5.13331795,FDA,OSIMERTINIB,-1,0.9969112,0.5471892700126547
521.5960000000002,-2.4744,270.21999999999997,2,17,8,2,0.5,31,3,0.2685718496326046,2,1,0,0.0,1,fda_1682,Nc1nc(Cl)nc2c1ncn2[C@H]1C[C@H](O)[C@@H](CO[P@](=O)([O-])O[P@@](=O)([O-])OP(=O)([O-])[O-])O1,4.74180841,FDA,M CLADRIBINE,-1,0.32246915,0.46682927998731344
551.7690000000003,3.2935000000000043,146.13,4,7,19,1,0.7333333333333333,39,1,0.1929941025707706,1,2,0,0.0,0,fda_1307,COCCCOc1cc(C[C@@H](C[C@H](N)[C@@H](O)C[C@H](C(=O)NCC(C)(C)C(N)=O)C(C)C)C(C)C)ccc1OC,5.60153198,FDA,ALISKIREN,-1,0.99197066,0.6432933771578465
152.113,-1.0605000000000004,94.4,3,3,0,2,0.0,11,2,0.4486681238776369,0,0,0,0.3257142857142856,0,fda_1755,O=c1[nH]c(=O)c2cn[nH]c2[nH]1,4.11631584,FDA,M ALLOPURINOL,-1,0.0034184288,0.3384426851520382
436.5550000000003,-0.7570999999999966,112.6,1,8,8,1,0.55,29,3,0.5661132077880987,0,0,0,0.1957142857142857,0,fda_1681,C[C@H](N[C@@H](CCc1ccccc1)C(=O)[O-])C(=O)N1CC2(C[C@H]1C(=O)[O-])SCCS2,4.43182135,FDA,SPIRAPRILAT,-1,0.8886336,0.4032023322261303
292.37899999999996,1.6990999999999998,70.58999999999999,3,4,5,1,0.5625,21,2,0.7723075202218123,0,0,0,0.4957857142857144,0,fda_1180,CC(C)(C)NC[C@H](O)COc1cccc2c1CCC(=O)N2,3.21930432,FDA,CARTEOLOL,0,0.008635344,0.1543249831930612
358.39300000000014,0.9455199999999992,77.4,1,6,3,2,0.4736842105263157,26,4,0.8838535055660096,0,0,0,0.447142857142857,0,fda_1199,Cc1c(F)c(N2CCN[C@H](C)C2)cc2c1c(=O)c(C(=O)[O-])cn2C1CC1,4.80435896,FDA,GREPAFLOXACIN,-1,0.95628154,0.4796682048678658
604.7209999999999,-0.0373999999999988,179.7,2,14,9,3,0.2727272727272727,39,5,0.1448488994610021,2,1,0,0.0,1,fda_1566,CCO/N=C(\C(=O)N[C@@H]1C(=O)N2C(C(=O)[O-])=C(Sc3nc(-c4cc[n+](C)cc4)cs3)CS[C@H]12)c1nsc(N)n1,4.83029604,FDA,M CEFTAROLINE,-1,0.9750123,0.4849919665572655
404.55100000000016,3.4323000000000023,71.03000000000002,2,5,11,1,0.6956521739130435,29,3,0.5530897750136828,0,1,0,0.492642857142857,0,fda_1728,CCCCCCCC(=O)N[C@H](CN1CCCC1)[C@H](O)c1ccc2c(c1)OCCO2,4.53364134,FDA,ELIGLUSTAT,-1,0.9896588,0.42410157616481015
670.855,3.092400000000003,166.75,5,7,12,3,0.5,49,5,0.1975020712188346,1,2,0,0.0,1,fda_1268,CC(C)(C)NC(=O)[C@@H]1C[C@@H]2CCCC[C@@H]2CN1C[C@@H](O)[C@H](Cc1ccccc1)NC(=O)[C@H](CC(N)=O)NC(=O)c1ccc2ccccc2n1,5.4330163,FDA,SAQUINAVIR,-1,0.9984749,0.6087043902230364
612.6320000000002,3.6271200000000023,200.00999999999996,5,11,8,3,0.3870967741935484,44,4,0.183746289747101,2,1,0,0.0,1,fda_1000,CO[C@@H]1[C@@H](OC(N)=O)[C@@H](O)[C@H](Oc2ccc3c(O)c(NC(=O)c4ccc(O)c(CC=C(C)C)c4)c(=O)oc3c2C)OC1(C)C,5.71098089,FDA,NOVOBIOCIN,-1,0.9954659,0.6657585086994291
404.5070000000002,2.423,68.31,0,6,6,1,0.6363636363636364,29,3,0.6786181154392725,0,0,0,0.5120714285714285,0,fda_1460,CCN(CC)C(=O)[C@H]1CN2CCc3cc(OC)c(OC)cc3[C@@H]2C[C@H]1OC(C)=O,4.1828413,FDA,BENZQUINAMIDE,-1,0.9741202,0.3520974872854196
265.356,3.620200000000003,21.26,1,2,3,2,0.2222222222222222,20,3,0.8558224264516979,0,0,0,0.8481428571428572,0,fda_1747,CNCC/C=C1\c2ccccc2COc2ccccc21,4.11050367,FDA,M DOXEPIN,-1,0.061154053,0.33724969781582764
448.9500000000001,5.683140000000005,69.64,2,3,3,3,0.2307692307692307,32,4,0.540891219756549,1,0,0,0.5025714285714286,1,fda_1492,Cc1ccccc1C(=O)Nc1ccc(C(=O)N2CCC[C@H](O)c3cc(Cl)ccc32)c(C)c1,5.44702864,FDA,TOLVAPTAN,-1,0.9977748,0.6115805181013805
341.4510000000001,3.2414000000000023,58.559999999999995,2,4,11,2,0.3809523809523809,25,2,0.4865357366381187,0,1,0,0.5817142857142857,0,fda_1178,CCCNC[C@@H](O)COc1ccccc1C(=O)CCc1ccccc1,3.94263721,FDA,PROPAFENONE,-1,0.94082993,0.30279396769188394
541.5690000000002,-2.251999999999996,207.73999999999995,3,13,9,2,0.3333333333333333,35,4,0.1742795027162374,2,1,0,0.0,1,fda_1039,O=C([O-])C1=C(CSc2nnnn2CS(=O)(=O)O)CS[C@@H]2[C@H](NC(=O)[C@H](O)c3ccccc3)C(=O)N12,4.51875544,FDA,CEFONICID,-1,0.9322084,0.4210461441681384
89.07,-1.8829,60.36,1,3,1,0,0.6666666666666666,6,0,0.4085864124474562,0,0,0,0.5688571428571428,0,fda_1202,C[C@H](O)C(=O)[O-],2.7041328,FDA,LACTIC ACID,0,0.010332754,0.04858253255305927
302.34900000000005,2.3681,64.35,2,3,7,2,0.2352941176470588,22,2,0.8250455320199923,0,0,0,0.540357142857143,0,fda_1827,C[C@H](NCc1ccc(OCc2cccc(F)c2)cc1)C(N)=O,3.31493688,FDA,SAFINAMIDE,-1,0.1088408,0.1739542151338661
614.4830000000003,3.4326000000000025,136.82000000000002,1,7,7,4,0.2068965517241379,41,5,0.3369312317444118,1,0,0,0.0227142857142855,1,fda_1824,CS(=O)(=O)c1cccc(C[C@H](NC(=O)c2c(Cl)cc3c(c2Cl)CCN(C(=O)c2ccc4ccoc4c2)C3)C(=O)[O-])c1,5.02756929,FDA,LIFITEGRAST,-1,0.99759525,0.5254836398949487
613.8030000000003,2.8669000000000016,118.03000000000002,4,7,11,3,0.4722222222222222,45,5,0.2628234200956571,1,1,0,0.1569285714285713,1,fda_1271,CC(C)(C)NC(=O)[C@@H]1CN(Cc2cccnc2)CCN1C[C@@H](O)C[C@@H](Cc1ccccc1)C(=O)N[C@H]1c2ccccc2C[C@H]1O,5.06193924,FDA,INDINAVIR,-1,0.99811363,0.5325383053806774
181.162,-1.5621999999999985,92.17,2,4,5,0,0.8333333333333334,12,0,0.5360122413008694,0,0,0,0.3416428571428571,0,fda_1558,NCCC[C@@](N)(C(=O)[O-])C(F)F,3.29629827,FDA,EFLORNITHINE,0,0.008613337,0.17012851394230324
489.9310000000001,5.544200000000004,91.92,2,4,7,4,0.1304347826086956,33,4,0.3330906331966008,1,0,0,0.3434285714285714,1,fda_1528,CCCS(=O)(=O)Nc1ccc(F)c(C(=O)c2c[nH]c3ncc(-c4ccc(Cl)cc4)cc23)c1F,5.40291452,FDA,VEMURAFENIB,-1,0.9975048,0.6025257955953167
602.9050000000001,3.633500000000006,59.08,0,6,4,0,0.9428571428571428,43,6,0.3620424161456103,1,0,0,0.5780000000000001,0,fda_1248,CC(=O)O[C@H]1C[C@@H]2CC[C@@H]3[C@H](CC[C@@]4(C)[C@H]3C[C@H](N3CC[N+](C)(C)CC3)[C@@H]4OC(C)=O)[C@@]2(C)C[C@@H]1N1CC[N+](C)(C)CC1,6.06469393,FDA,PIPECURONIUM,1,0.9917333,0.7383605105976028
323.371,2.979300000000001,56.92,3,2,3,3,0.2105263157894736,24,4,0.6939222125348533,0,0,0,0.5934285714285714,0,fda_1826,CNCc1ccc(-c2[nH]c3cc(F)cc4c3c2CCNC4=O)cc1,5.04596853,FDA,RUCAPARIB,-1,0.8978206,0.5292602087695509
278.4190000000001,4.358700000000004,0.0,0,0,2,2,0.3,21,3,0.7160780584944451,0,0,0,1.0,0,fda_106,C[N+]1(C)CCC(=C(c2ccccc2)c2ccccc2)CC1,4.52620554,FDA,DIPHEMANIL,-1,0.06680461,0.4225753277524971
254.28599999999997,-0.1878999999999994,93.81,3,5,6,1,0.4166666666666667,18,1,0.6540368201081147,0,0,0,0.3299285714285714,0,fda_1187,COc1ccc(OC)c([C@H](O)CNC(=O)CN)c1,3.44303036,FDA,MIDODRINE,-1,0.009742741,0.20024627119745841
545.6290000000004,2.5807,123.99000000000002,2,10,9,1,0.6551724137931034,39,5,0.4476247910169288,1,0,0,0.1143571428571427,0,fda_1594,COC(=O)C[C@](O)(CCCC(C)(C)O)C(=O)O[C@@H]1C(OC)=C[C@]23CCCN2CCc2cc4c(cc2[C@H]13)OCO4,5.15336227,FDA,OMACETAXINE MEPESUCCINATE,-1,0.99517256,0.5513035027214278
283.348,-0.527799999999998,104.48,2,5,6,0,0.7142857142857143,20,1,0.6817577267914008,0,0,0,0.2537142857142858,0,fda_1561,CCC(CC)O[C@@H]1C=C(C(=O)[O-])C[C@H](N)[C@H]1NC(C)=O,4.08763361,FDA,M OSELTAMIVIR,-1,0.008682693,0.33255546279545256
319.4450000000001,3.029900000000002,41.93,1,4,4,1,0.6842105263157895,23,3,0.9261145183663508,0,0,0,0.7005,0,fda_1638,COc1cc2c(cc1OC)[C@@H]1C[C@H](O)[C@@H](CC(C)C)CN1CC2,4.25459814,FDA,M TETRABENAZINE,-1,0.56563735,0.36682606566603837
129.09099999999998,-1.5345000000000004,66.43,0,4,2,0,0.2,9,0,0.3346886538696794,0,0,0,0.5255,0,fda_1624,COC(=O)/C=C/C(=O)[O-],4.53428936,FDA,MONOMETHYL FUMARATE,-1,0.0064345747,0.42423458666753305
412.6140000000003,6.400500000000007,43.370000000000005,0,3,4,0,0.8518518518518519,30,5,0.5017591238230259,1,0,0,0.6902142857142857,0,fda_1335,C[C@]12CC[C@H]3[C@@H](CCC4=CC(=O)CC[C@@]43C)[C@@H]1CC[C@@H]2OC(=O)CCC1CCCC1,6.27472258,FDA,TESTOSTERONE CYPIONATE,1,0.99188894,0.7814703163485326
181.162,-1.5621999999999985,92.17,2,4,5,0,0.8333333333333334,12,0,0.5360122413008694,0,0,0,0.3416428571428571,0,fda_1402,NCCC[C@](N)(C(=O)[O-])C(F)F,2.75194836,FDA,EFLORNITHINE,0,0.008613337,0.05839700073857554
456.3220000000001,4.245200000000003,90.93,1,7,7,1,0.3809523809523809,30,2,0.4847733126082574,0,0,0,0.3505,0,fda_1439,CCCC(=O)OCOC(=O)C1=C(C)NC(C)=C(C(=O)OC)[C@H]1c1cccc(Cl)c1Cl,4.44425201,FDA,CLEVIDIPINE,-1,0.98695576,0.40575380955056123
402.48700000000014,2.1284,100.90000000000002,2,6,3,0,0.6956521739130435,29,4,0.7016123362777874,0,0,0,0.2792857142857141,0,fda_172,CC(=O)OCC(=O)[C@@]1(O)CC[C@H]2[C@@H]3CCC4=CC(=O)C=C[C@]4(C)[C@H]3[C@@H](O)C[C@@]21C,5.64298868,FDA,PREDNISOLONE ACETATE,-1,0.9908009,0.6518026461745954
233.31099999999995,2.0852999999999997,38.33,1,3,3,1,0.5,17,2,0.8123400616112664,0,0,0,0.7262142857142857,0,fda_180,COC(=O)[C@@H](c1ccccc1)[C@@H]1CCCCN1,3.19584346,FDA,METHYLPHENIDATE,0,0.05055732,0.14950948246328094
135.20999999999998,1.5763,26.02,1,1,2,1,0.3333333333333333,10,1,0.6542162175383444,0,0,0,0.8141428571428572,0,fda_1332,C[C@H](N)Cc1ccccc1,2.81100678,FDA,DEXTROAMPHETAMINE,0,0.0128422035,0.07051914223763686
510.56300000000016,-2.204499999999997,193.64000000000004,2,15,8,2,0.375,33,4,0.1685610297305967,2,1,0,0.0,1,fda_1036,CO/N=C(\C(=O)N[C@@H]1C(=O)N2C(C(=O)[O-])=C(CSc3nnnn3C)CS[C@H]12)c1csc(N)n1,4.98890781,FDA,CEFMENOXIME,-1,0.88011885,0.5175481087526809
205.301,2.599600000000001,20.31,0,2,5,1,0.4615384615384615,15,1,0.6885993839924636,0,0,0,0.8549285714285714,0,fda_1119,CCN(CC)[C@H](C)C(=O)c1ccccc1,3.42219257,FDA,DIETHYLPROPION,-1,0.11092787,0.19596917338638045
149.19,-1.734699999999999,63.93000000000001,3,4,6,0,1.0,10,0,0.419530358360434,0,0,0,0.5433571428571429,0,fda_1342,OCCN(CCO)CCO,2.56090617,FDA,TROLAMINE,0,0.0026121903,0.01918429475235782
247.3379999999999,2.2131,29.54,0,3,3,1,0.5333333333333333,18,2,0.7669944339918414,0,0,0,0.789,0,fda_14,CCOC(=O)C1(c2ccccc2)CCN(C)CC1,3.99196529,FDA,MEPERIDINE,-1,0.06055608,0.31291889087196595
293.37000000000006,3.1285200000000017,39.82,0,4,2,3,0.3333333333333333,22,4,0.7280085381147323,0,0,0,0.7155714285714285,0,fda_1192,Cc1nccn1C[C@H]1CCc2c(c3ccccc3n2C)C1=O,3.9746542,FDA,ONDANSETRON,-1,0.29197204,0.30936567216948474
245.32199999999995,2.2512,38.33,1,2,4,1,0.5333333333333333,18,3,0.8832265983704791,0,0,0,0.7262142857142857,0,fda_1736,CCC(=O)NC[C@@H]1C[C@H]1c1cccc2c1CCO2,3.6575706,FDA,TASIMELTEON,-1,0.084548265,0.24428211141334263
502.9540000000002,-0.7574999999999965,154.45,3,10,9,0,0.9444444444444444,31,2,0.2705308269334761,1,1,0,0.0,0,fda_1445,CCC[C@@H]1C[C@@H](C(=O)N[C@@H]([C@H]2O[C@H](SC)[C@H](OP(=O)([O-])[O-])[C@@H](O)[C@H]2O)[C@H](C)Cl)N(C)C1,3.81997371,FDA,CLINDAMYCIN PHOSPHATE,-1,0.68654084,0.2776164518733079
482.82100000000014,5.688800000000002,92.35,3,4,5,3,0.0952380952380952,33,3,0.4073596452034195,1,0,0,0.3403571428571428,1,fda_1585,CNC(=O)c1cc(Oc2ccc(NC(=O)Nc3ccc(Cl)c(C(F)(F)F)c3)c(F)c2)ccn1,5.22351837,FDA,REGORAFENIB,-1,0.99049485,0.5657035183537846
162.19,-1.8291999999999993,69.23,2,4,3,0,0.6,10,0,0.4795672584018238,0,0,0,0.5055,0,fda_1397,C[C@@H](S)C(=O)NCC(=O)[O-],2.68835235,FDA,TIOPRONIN,0,0.010527566,0.04534348809811346
413.39300000000026,3.993300000000003,47.61000000000001,2,3,5,1,0.65,27,3,0.7675407710648973,0,0,0,0.6599285714285714,0,fda_1795,CNC(=O)N[C@H]1CC[C@H](CCN2CCN(c3cccc(Cl)c3Cl)CC2)CC1,4.85070038,FDA,M CARIPRAZINE,-1,0.99014086,0.4891800958142784
475.46500000000026,-1.6877999999999973,212.96,3,11,10,3,0.2608695652173913,35,3,0.2813060083578683,1,1,0,0.0,1,fda_1495,C#CC[C@H](Cc1cnc2nc(N)nc(N)c2n1)c1ccc(C(=O)N[C@@H](CCC(=O)[O-])C(=O)[O-])cc1,4.98038483,FDA,PRALATREXATE,-1,0.79446757,0.5157987092673295
185.22600000000003,2.1459200000000003,22.0,0,2,1,2,0.0833333333333333,14,2,0.6668204072157461,0,0,0,0.8428571428571429,0,fda_1739,Cc1ccc(=O)n(-c2ccccc2)c1,3.54147339,FDA,PIRFENIDONE,-1,0.03192881,0.220452371178737
308.333,3.609600000000002,67.50999999999999,1,4,4,3,0.1578947368421052,23,3,0.799206301564618,0,0,0,0.5177857142857143,0,fda_147,CC(=O)C[C@@H](c1ccccc1)c1c(O)oc2ccccc2c1=O,4.85922766,FDA,WARFARIN,-1,0.8311611,0.4909303779038114
407.57600000000014,5.675500000000006,58.59,0,4,20,0,1.0,27,0,0.148054699506973,1,1,0,0.5814999999999999,0,fda_1732,CCCCCCCCCCCCCCCCO[P@@](=O)([O-])OCC[N+](C)(C)C,4.62231779,FDA,MILTEFOSINE,-1,0.9296163,0.4423030193211703
378.899,5.645700000000005,29.46,1,2,8,3,0.1666666666666666,27,3,0.4053557584634295,1,0,0,0.7895714285714286,0,fda_1597,OCCOc1ccc(/C(=C(/CCCl)c2ccccc2)c2ccccc2)cc1,4.97705078,FDA,OSPEMIFENE,-1,0.94505376,0.5151143728786326
379.50000000000017,4.361100000000004,38.77,0,4,6,2,0.4583333333333333,28,4,0.7474614915624849,0,0,0,0.7230714285714286,0,fda_1198,COc1cc2c(cc1OC)C(=O)[C@H](CC1CCN(Cc3ccccc3)CC1)C2,4.88029289,FDA,DONEPEZIL,-1,0.98110145,0.4952541593183881
1056.2389999999998,-4.329100000000012,425.54999999999984,13,16,19,2,0.5,73,4,0.0467371473973945,3,2,0,0.0,1,fda_1367,NCCCC[C@H](NC(=O)[C@@H]1CCCN1C(=O)[C@@H]1CSSC[C@H](N)C(=O)N[C@@H](Cc2ccc(O)cc2)C(=O)N[C@H](Cc2ccccc2)C(=O)N[C@@H](CCC(N)=O)C(=O)N[C@@H](CC(N)=O)C(=O)N1)C(=O)NCC(N)=O,4.6994195,FDA,LYPRESSIN,-1,0.94185,0.4581286685417148
163.264,2.2271,12.03,1,1,3,1,0.4545454545454545,12,1,0.7201830349328019,0,0,0,0.9140714285714284,0,fda_112,CNC(C)(C)Cc1ccccc1,2.91908836,FDA,MEPHENTERMINE,0,0.031046892,0.09270362001747105
232.27999999999992,1.2294000000000005,104.64,2,4,6,0,0.8,16,0,0.7179858695750139,0,0,0,0.2525714285714286,0,fda_1376,CC[C@H](C)C(C)(COC(N)=O)COC(N)=O,3.77110028,FDA,MEBUTAMATE,-1,0.021000287,0.26758484869116267
373.44900000000007,3.891000000000003,46.61,0,5,5,2,0.4,26,4,0.7462318337051916,0,0,0,0.6670714285714285,0,fda_1474,CC(=O)Oc1cc2c(s1)CCN([C@H](C(=O)C1CC1)c1ccccc1F)C2,4.61686516,FDA,PRASUGREL,-1,0.9896243,0.44118383000994194
588.2820000000002,3.572700000000003,128.22000000000003,2,8,11,3,0.2631578947368421,32,3,0.3258129796797541,1,1,0,0.0841428571428569,1,fda_1615,CCCNS(=O)(=O)Nc1ncnc(OCCOc2ncc(Br)cn2)c1-c1ccc(Br)cc1,4.9793725,FDA,MACITENTAN,-1,0.9782817,0.5155909216647533
194.237,2.970200000000001,38.91,1,2,0,3,0.0,15,3,0.558615089468334,0,0,1,0.7220714285714286,0,fda_1130,Nc1c2ccccc2nc2ccccc12,3.4243381,FDA,ACRISORCIN,-1,0.06470961,0.19640955797930523
459.5060000000003,2.699600000000001,110.76,1,6,5,3,0.28,34,5,0.6307445123645383,0,0,0,0.2088571428571429,1,fda_1571,COc1ccc(-n2nc(C(N)=O)c3c2C(=O)N(c2ccc(N4CCCCC4=O)cc2)CC3)cc1,6.06077814,FDA,APIXABAN,1,0.99642926,0.7375567681259856
221.256,1.7906399999999998,47.56,1,3,3,1,0.4166666666666667,16,2,0.8460710155484404,0,0,0,0.6602857142857143,0,fda_1134,Cc1cc(C)cc(OC[C@@H]2CNC(=O)O2)c1,3.34436345,FDA,METAXALONE,-1,0.009372522,0.17999421832684068
620.735,2.2981199999999986,175.40000000000003,2,14,9,2,0.4,41,4,0.1383168578348206,2,1,0,0.0,1,fda_1425,CO/N=C(\C(=O)N[C@@H]1C(=O)N2C(C(=O)OCOC(=O)C(C)(C)C)=C(/C=C\c3scnc3C)CS[C@H]12)c1csc(N)n1,5.49285269,FDA,CEFDITOREN PIVOXIL,-1,0.9955782,0.6209862153442133
167.296,2.4206000000000003,12.03,1,1,1,0,1.0,12,2,0.632181599279575,0,0,0,0.9140714285714284,0,fda_181,CN[C@@]1(C)[C@H]2CC[C@H](C2)C1(C)C,3.55595589,FDA,MECAMYLAMINE,-1,0.034522437,0.22342500258777492
354.8350000000001,1.2344999999999997,69.67,1,6,4,1,0.375,23,2,0.5001850177708402,0,0,0,0.5023571428571428,0,fda_1564,COC(=O)[C@H](c1ccccc1Cl)N1CC[C@H](S)/C(=C/C(=O)[O-])C1,4.62794828,FDA,M CLOPIDOGREL,-1,0.71027565,0.44345871560442757
584.105,5.090000000000003,85.86,2,9,8,3,0.4482758620689655,40,5,0.3521921877728202,2,0,0,0.3867142857142857,1,fda_1841,COc1cc(N2CCC(N3CCN(C)CC3)CC2)ccc1Nc1ncc(Cl)c(Nc2ccccc2P(C)(C)=O)n1,4.90723181,FDA,BRIGATINIB,-1,0.9922455,0.5007835554666747
1815.708,2.83330000000001,575.3400000000001,20,30,22,7,0.4204545454545454,128,15,0.0433800730318552,3,2,0,0.0,1,fda_1711,CN[C@H]1C(=O)N[C@@H]2Cc3ccc(cc3)Oc3cc4cc(c3O[C@@H]3O[C@H](C(=O)[O-])[C@@H](O)[C@H](O)[C@H]3NC(=O)CCCCCCCCC(C)C)Oc3ccc(cc3Cl)[C@@H](O)[C@@H]3NC(=O)[C@H](NC(=O)[C@@H]4NC(=O)[C@@H](NC2=O)c2cc(cc(O)c2Cl)Oc2cc1ccc2O)c1ccc(O)c(c1)-c1c(O[C@H]2O[C@H](CO)[C@@H](O)[C@H](O)[C@@H]2O)cc(O)cc1[C@@H](C(=O)NCCCN(C)C)NC3=O,6.46600103,FDA,DALBAVANCIN,1,0.99627763,0.8207315163031053
581.0690000000002,6.139100000000005,106.35,2,8,11,5,0.1724137931034483,40,5,0.1794794929805593,2,1,0,0.2403571428571428,1,fda_1309,CS(=O)(=O)CCNCc1ccc(-c2ccc3ncnc(Nc4ccc(OCc5cccc(F)c5)c(Cl)c4)c3c2)o1,5.74226332,FDA,LAPATINIB,-1,0.99169356,0.672179439752012
137.142,-0.3149000000000006,68.00999999999999,2,3,1,1,0.0,10,1,0.3165786787720106,0,0,0,0.5142142857142857,0,fda_117,NNC(=O)c1ccncc1,3.18299389,FDA,ISONIAZID,0,0.014374631,0.14687202101845917
298.34400000000005,-1.7203999999999986,119.05,2,6,6,0,0.5833333333333334,20,2,0.2604540277735749,0,0,0,0.1496428571428572,0,fda_1043,C[C@@H](O)[C@H]1C(=O)N2C(C(=O)[O-])=C(SCC/N=C/N)C[C@H]12,3.1855762,FDA,IMIPENEM,0,0.011866655,0.1474020576705477
224.26,0.961,75.27000000000001,2,3,4,0,0.5454545454545454,16,1,0.5513835393856523,0,0,0,0.4623571428571428,0,fda_156,C=CCC1([C@H](C)CC)C(=O)NC(=O)NC1=O,4.61890173,FDA,TALBUTAL,-1,0.013268362,0.44160184982342066
332.353,-2.9255999999999953,129.51,5,9,2,0,0.9285714285714286,23,3,0.3608202823251693,0,0,0,0.0749285714285714,0,fda_1001,CN[C@@H]1[C@H](O)[C@H](NC)[C@H]2O[C@@]3(O)C(=O)C[C@@H](C)O[C@H]3O[C@@H]2[C@H]1O,2.88872075,FDA,SPECTINOMYCIN,0,0.019874906,0.08647046197822267
322.38800000000003,1.3302000000000005,61.19,0,5,1,2,0.3684210526315789,24,4,0.7945896150211051,0,0,1,0.5629285714285714,0,fda_1541,CN1CCC(=C2c3ccccc3CCn3c(C(=O)[O-])cnc32)CC1,4.61348534,FDA,M ALCAFTADINE,-1,0.8712577,0.44049009901813163
177.247,1.736,21.26,1,2,1,1,0.4545454545454545,13,2,0.705114488465338,0,0,0,0.8481428571428572,0,fda_1764,C[C@H]1NCCO[C@H]1c1ccccc1,2.89153695,FDA,PHENMETRAZINE,0,0.012756119,0.08704850614008229
366.4280000000001,4.989100000000003,97.42,2,6,5,3,0.0909090909090909,28,3,0.6174794624332792,0,0,0,0.3041428571428571,0,fda_1516,Cc1cc(/C=C/C#N)cc(C)c1Nc1ccnc(Nc2ccc(C#N)cc2)n1,5.61041641,FDA,RILPIVIRINE,-1,0.93392503,0.6451169667086423
183.251,1.1278,46.17,1,2,2,0,0.8,13,1,0.6521582317615695,0,0,0,0.6702142857142857,0,fda_1767,CCC1(CC)C(=O)NC[C@H](C)C1=O,3.55616069,FDA,METHYPRYLON,-1,0.011233819,0.22346703917762967
271.17299999999994,-1.703699999999999,142.04000000000002,1,9,5,2,0.375,18,2,0.5002251734160523,0,1,0,0.0,0,fda_1644,Nc1ncnc2c1ncn2CCOCP(=O)([O-])[O-],3.8366344,FDA,ADEFOVIR,-1,0.0022314135,0.2810361715619144
354.8350000000001,1.2344999999999997,69.67,1,6,4,1,0.375,23,2,0.5001850177708402,0,0,0,0.5023571428571428,0,fda_1565,COC(=O)[C@H](c1ccccc1Cl)N1CC[C@@H](S)/C(=C/C(=O)[O-])C1,4.66389227,FDA,M CLOPIDOGREL,-1,0.71027565,0.4508364634822212
195.693,2.589200000000001,12.03,1,1,0,1,0.4545454545454545,13,2,0.6712914663019366,0,0,0,0.9140714285714284,0,fda_1575,C[C@H]1CNCCc2ccc(Cl)cc21,2.96360493,FDA,LORCASERIN,0,0.039646585,0.10184094811722155
529.7860000000004,4.407500000000003,59.00000000000001,1,5,5,0,0.90625,38,6,0.3249028216616177,1,0,0,0.5785714285714285,0,fda_1259,C=CC[N+]1([C@H]2C[C@H]3[C@@H]4CC[C@H]5C[C@H](O)[C@@H](N6CCOCC6)C[C@]5(C)[C@H]4CC[C@]3(C)[C@H]2OC(C)=O)CCCC1,6.08955383,FDA,ROCURONIUM,1,0.9905415,0.743463173781828
198.222,0.5009999999999999,66.48,1,3,2,0,0.6666666666666666,14,1,0.6569080951365892,0,0,0,0.5251428571428571,0,fda_116,CCC1(CC)C(=O)NC(=O)N(C)C1=O,5.27937651,FDA,METHARBITAL,-1,0.011812775,0.5771687806644658
198.15399999999997,-2.430299999999999,89.89999999999999,1,5,2,0,0.5,14,2,0.4981022142507373,0,0,0,0.3578571428571429,0,fda_1034,O=C([O-])[C@H]1/C(=C/CO)O[C@@H]2CC(=O)N21,3.06482768,FDA,CLAVULANATE,0,0.009813051,0.12261760449279194
586.5020000000003,-4.742199999999994,313.32,6,16,9,0,1.0,34,2,0.1380615976675013,3,1,0,0.0,0,fda_1258,O=S(=O)(O)O[C@@H]1[C@@H](OS(=O)(=O)O)[C@H](O[C@@H]2CO[C@@H](O)[C@H](OS(=O)(=O)O)[C@H]2S(=O)(=O)O)OC[C@H]1O,4.14206076,FDA,PENTOSAN POLYSULFATE,-1,0.13131915,0.34372700469736306
386.48,4.639100000000004,70.67,2,4,5,4,0.0454545454545454,28,4,0.5241908173512972,0,0,0,0.4952142857142857,0,fda_1527,CNC(=O)c1ccccc1Sc1ccc2c(/C=C/c3ccccn3)n[nH]c2c1,5.63194036,FDA,AXITINIB,-1,0.9955149,0.6495349035162765
312.41,1.2853999999999997,90.65,2,5,7,0,0.75,22,1,0.6912235198580302,0,0,0,0.3525,0,fda_1289,CCOC(=O)C1=C[C@@H](OC(CC)CC)[C@H](NC(C)=O)[C@@H](N)C1,3.96236801,FDA,OSELTAMIVIR,-1,0.046605315,0.306843848292985
259.35299999999995,2.782700000000001,60.17,2,4,6,2,0.4,19,2,0.8371289360458547,0,0,0,0.5702142857142858,0,fda_1210,COc1cc(N[C@@H](C)CCCN)c2ncccc2c1,3.57218838,FDA,PRIMAQUINE,-1,0.04348508,0.22675683132044505
179.30699999999996,2.5500000000000007,26.02,1,1,1,0,1.0,13,4,0.657471607480536,0,0,0,0.8141428571428572,0,fda_1184,C[C@H](N)[C@]12C[C@H]3C[C@H](C[C@H](C3)C1)C2,4.4405117,FDA,RIMANTADINE,-1,0.07869974,0.40498608553982157
352.45400000000006,2.7045000000000012,46.53,1,3,4,2,0.4090909090909091,26,5,0.6797893586378044,0,0,0,0.6676428571428572,0,fda_184,C[N@+]12CC[C@H](CC1)[C@@H](OC(=O)C(O)(c1ccccc1)c1ccccc1)C2,4.21942091,FDA,CLIDINIUM,-1,0.97893804,0.3596057004817849
174.19899999999998,2.5594200000000007,40.46,2,2,0,2,0.0909090909090909,13,2,0.6024007223993295,0,0,0,0.7110000000000001,0,fda_1321,Cc1cc(O)c2ccccc2c1O,2.86658096,FDA,MENADIOL,0,0.03545528,0.08192611983125182
434.54800000000023,2.7964,91.21,2,8,5,3,0.4782608695652174,32,5,0.6380121763709555,0,0,0,0.3484999999999999,1,fda_1845,CN(C)C(=O)c1cc2cnc(Nc3ccc(N4CCNCC4)cn3)nc2n1C1CCCC1,5.47886133,FDA,RIBOCICLIB,-1,0.9973212,0.6181143937532477
1448.2630000000004,-1.2285000000000033,533.3200000000002,18,26,13,5,0.4242424242424242,101,12,0.0656252625730666,3,2,0,0.0,1,fda_1046,CN[C@H](CC(C)C)C(=O)N[C@H]1C(=O)N[C@@H](CC(N)=O)C(=O)N[C@H]2C(=O)N[C@H]3C(=O)N[C@H](C(=O)N[C@H](C(=O)[O-])c4cc(O)cc(O)c4-c4cc3ccc4O)[C@H](O)c3ccc(c(Cl)c3)Oc3cc2cc(c3O[C@@H]2O[C@H](CO)[C@@H](O)[C@H](O)[C@H]2O[C@H]2C[C@](C)(N)[C@H](O)[C@H](C)O2)Oc2ccc(cc2Cl)[C@H]1O,6.00930166,FDA,VANCOMYCIN,1,0.88519615,0.7269908712660019
471.52100000000024,-0.1683999999999985,154.79000000000002,3,7,9,4,0.16,35,4,0.2261047387910402,0,1,0,0.0,1,fda_1539,Cn1c(CNc2ccc(C(N)=[NH2+])cc2)nc2cc(C(=O)N(CCC(=O)[O-])c3ccccn3)ccc21,5.27472878,FDA,DABIGATRAN,-1,0.9851424,0.5762148025406111
165.236,1.3279,32.26,2,2,3,1,0.4,12,1,0.7078187228911748,0,0,0,0.7695714285714286,0,fda_1817,CN[C@@H](C)[C@H](O)c1ccccc1,2.83666301,FDA,EPHEDRINE,0,0.0128422035,0.07578525755857607
268.058,-3.643399999999999,164.43,1,9,4,1,0.4,16,1,0.5456078030109119,0,1,0,0.0,0,fda_1426,O=P([O-])([O-])C(O)(Cn1ccnc1)P(=O)([O-])[O-],3.70572853,FDA,ZOLEDRONIC ACID,-1,0.0036606516,0.25416685336481865
1570.3500000000004,2.2726999999999924,451.4899999999998,16,16,44,5,0.5,112,6,0.0151047748900568,3,2,0,0.0,1,fda_1422,CCNC(=NCCCC[C@H](NC(=O)[C@H](CC(C)C)NC(=O)[C@@H](CCCCN=C(NCC)NCC)NC(=O)[C@H](Cc1ccc(O)cc1)NC(=O)[C@H](CO)NC(=O)[C@@H](Cc1cccnc1)NC(=O)[C@@H](Cc1ccc(Cl)cc1)NC(=O)[C@@H](Cc1ccc2ccccc2c1)NC(C)=O)C(=O)N1CCC[C@H]1C(=O)N[C@H](C)C(N)=O)NCC,6.76217127,FDA,GANIRELIX,1,0.9977246,0.8815224679928211
480.5720000000003,-1.2798999999999958,150.04000000000002,2,10,7,1,0.5263157894736842,32,4,0.2120409462153182,0,1,0,0.0,0,fda_1057,CO/N=C(\C(=O)N[C@@H]1C(=O)N2C(C(=O)[O-])=C(C[N+]3(C)CCCC3)CS[C@H]12)c1csc(N)n1,4.72068262,FDA,CEFEPIME,-1,0.8762006,0.46249306822175223
445.5030000000001,2.3219000000000003,132.64,2,8,8,4,0.2916666666666667,33,4,0.4251656358347881,0,0,0,0.0525714285714287,1,fda_1647,CCCc1nc(C(C)(C)O)c(C(=O)[O-])n1Cc1ccc(-c2ccccc2-c2nn[nH]n2)cc1,4.95467091,FDA,OLMESARTAN,-1,0.9956779,0.5105207526823828
299.37000000000006,1.9333,38.77,0,4,1,1,0.6111111111111112,22,5,0.7941668671387195,0,0,0,0.7230714285714286,0,fda_16,COc1ccc2c3c1O[C@H]1C(=O)CC[C@H]4[C@@H](C2)N(C)CC[C@]314,4.34501839,FDA,HYDROCODONE,-1,0.062278833,0.3853854356065228
295.411,3.134700000000002,27.63,1,4,0,2,0.2352941176470588,21,4,0.8089608082557965,0,0,0,0.8026428571428572,0,fda_1567,c1ccc2c(c1)N=C(N1CCNCC1)c1ccccc1S2,3.59988093,FDA,M QUETIAPINE,-1,0.15141949,0.23244091514066625
461.5580000000003,5.163340000000004,84.86000000000001,2,6,7,3,0.2857142857142857,34,3,0.3733153100480422,1,0,0,0.3938571428571428,1,fda_1238,Cc1ccc(C(=O)Oc2ccc([C@@H](O)CNC(C)(C)C)cc2OC(=O)c2ccc(C)cc2)cc1,4.26400757,FDA,BITOLTEROL,-1,0.991172,0.3687574150296943
495.03100000000035,4.595100000000004,80.66999999999999,1,5,3,0,0.7407407407407407,34,4,0.4579880475870269,0,0,0,0.4237857142857143,0,fda_1386,C[C@@H]1C[C@H]2[C@@H]3C[C@H](F)C4=CC(=O)C=C[C@]4(C)[C@@]3(Cl)[C@@H](O)C[C@]2(C)[C@H]1C(=O)COC(=O)C(C)(C)C,6.0873189,FDA,CLOCORTOLONE PIVALATE,1,0.99589276,0.743004439232199
318.5250000000002,4.721100000000004,20.23,1,1,8,1,0.7142857142857143,23,2,0.6875795926365253,0,0,0,0.8555,0,fda_159,CC[N+](CC)(CC)CC[C@](O)(c1ccccc1)C1CCCCC1,4.95570707,FDA,TRIDIHEXETHYL,-1,0.69123966,0.510733431554179
432.5570000000002,3.132600000000002,100.90000000000002,2,6,5,0,0.8,31,4,0.6475279981236738,0,0,0,0.2792857142857141,0,fda_111,CCCC(=O)O[C@]1(C(=O)CO)CC[C@H]2[C@@H]3CCC4=CC(=O)CC[C@]4(C)[C@H]3[C@@H](O)C[C@@]21C,5.39108086,FDA,HYDROCORTISONE BUTYRATE,-1,0.9937941,0.6000968565723663
328.38500000000016,1.3482999999999994,104.76,1,6,7,0,0.8125,23,1,0.5584971740982958,0,0,0,0.2517142857142858,0,fda_1508,CC(C)C(=O)O[C@H](C)OC(=O)NCC1(CC(=O)[O-])CCCCC1,4.42039776,FDA,GABAPENTIN ENACARBIL,-1,0.37672603,0.4008575628535792
187.202,1.0191,71.77,2,3,1,2,0.0,14,2,0.6996440987416698,0,0,0,0.4873571428571429,0,fda_1393,Nc1cc(-c2ccncc2)c[nH]c1=O,3.51974487,FDA,INAMRINONE,-1,0.013722371,0.21599244499030887
499.62100000000015,1.2578000000000014,148.88,3,9,16,0,0.8461538461538461,35,2,0.1234319786879041,0,2,0,0.0,0,fda_1044,C/C(=C\C(=O)OCCCCCCCCC(=O)[O-])C[C@@H]1OC[C@H](C[C@@H]2O[C@H]2[C@@H](C)[C@H](C)O)[C@@H](O)[C@H]1O,4.72891665,FDA,MUPIROCIN,-1,0.95346826,0.4641831587586735
1019.261,-0.8053999999999897,332.21999999999997,13,14,17,4,0.4489795918367347,71,5,0.0455175534846949,3,2,0,0.0,1,fda_1249,C[C@@H](O)[C@@H]1NC(=O)[C@H](CCCCN)NC(=O)[C@@H](Cc2c[nH]c3ccccc23)NC(=O)[C@H](Cc2ccccc2)NC(=O)[C@@H](NC(=O)[C@H](N)Cc2ccccc2)CSSC[C@@H](C(=O)N[C@H](CO)[C@@H](C)O)NC1=O,5.71912527,FDA,OCTREOTIDE,-1,0.9865998,0.6674301979654496
400.4750000000003,-0.3745999999999969,112.6,1,6,8,1,0.5909090909090909,29,3,0.6368648940960338,0,0,0,0.1957142857142857,0,fda_1667,C[C@H](N[C@@H](CCc1ccccc1)C(=O)[O-])C(=O)N1[C@H](C(=O)[O-])C[C@H]2CCCC[C@@H]21,4.41287231,FDA,TRANDOLAPRILAT,-1,0.90560526,0.3993129131703653
545.5790000000002,-2.6338999999999952,194.05,2,12,9,2,0.3181818181818182,37,4,0.1455937897682478,2,1,0,0.0,1,fda_1038,CC(C)(O/N=C(\C(=O)N[C@@H]1C(=O)N2C(C(=O)[O-])=C(C[n+]3ccccc3)CS[C@H]12)c1csc(N)n1)C(=O)[O-],4.71331072,FDA,CEFTAZIDIME,-1,0.89327884,0.4609799357180901
184.242,2.760440000000001,25.78,0,2,1,2,0.1666666666666666,14,2,0.680654393103414,0,0,0,0.8158571428571428,0,fda_1326,Cc1ccc(-c2ccc(C)cn2)nc1,3.13395047,FDA,ABAMETAPIR,0,0.06680461,0.13680552623519376
287.4470000000001,3.940400000000003,23.47,1,2,5,1,0.6842105263157895,21,3,0.8863958351409401,0,0,0,0.8323571428571429,0,fda_1100,O[C@](CCN1CCCCC1)(c1ccccc1)C1CCCC1,4.40150833,FDA,CYCRIMINE,-1,0.07722022,0.39698037915485157
324.42599999999993,0.071500000000001,76.04,0,5,3,0,0.8,22,3,0.4171412133163235,0,0,0,0.4568571428571428,0,fda_1035,CC1(C)S[C@@H]2[C@H](/N=C/N3CCCCCC3)C(=O)N2[C@H]1C(=O)[O-],3.49798012,FDA,AMDINOCILLIN,-1,0.033993836,0.21152508234850953
407.5710000000002,2.113999999999999,100.82,3,5,4,0,0.9583333333333334,29,4,0.6626328892426167,0,0,0,0.2798571428571428,0,fda_1781,C[C@H](CCC(=O)[O-])[C@H]1CC[C@H]2[C@@H]3[C@H](O)C[C@H]4C[C@H](O)CC[C@]4(C)[C@H]3C[C@H](O)[C@]12C,5.88233137,FDA,CHOLIC ACID,1,0.9848781,0.7009293575723262
226.276,1.1849999999999998,75.27000000000001,2,3,4,0,0.7272727272727273,16,1,0.7067836690245719,0,0,0,0.4623571428571428,0,fda_1081,CCC[C@@H](C)C1(CC)C(=O)NC(=O)NC1=O,4.89274168,FDA,PENTOBARBITAL,-1,0.013049046,0.4978093579483566
1323.5040000000006,-3.232900000000019,473.8699999999998,17,14,33,6,0.4090909090909091,96,8,0.0109426701864789,3,2,0,0.0,1,fda_1253,CC(C)C[C@H](NC(=O)[C@@H](Cc1ccc2ccccc2c1)NC(=O)[C@H](Cc1ccc(O)cc1)NC(=O)[C@H](CO)NC(=O)[C@H](Cc1c[nH]c2ccccc12)NC(=O)[C@H](Cc1c[nH]cn1)NC(=O)[C@@H]1CCC(=O)N1)C(=O)N[C@@H](CCCNC(N)=[NH2+])C(=O)N1CCC[C@H]1C(=O)NCC(N)=O,6.44178724,FDA,NAFARELIN,1,0.93830025,0.8157614715811408
447.12600000000015,-2.6815999999999987,241.27999999999997,1,15,8,1,0.5555555555555556,27,2,0.3993372545304874,1,1,0,0.0,0,fda_1684,Nc1ccn([C@H]2CC[C@@H](CO[P@@](=O)([O-])O[P@](=O)([O-])OP(=O)([O-])[O-])O2)c(=O)n1,4.26197052,FDA,M ZALCITABINE,-1,0.28055865,0.3683392966929581
356.4440000000001,-1.236799999999996,135.38,2,7,11,0,0.6875,24,1,0.3491014441489554,0,1,0,0.033,0,fda_1042,CC1(C)C[C@@H]1C(=O)N/C(=C\CCCCSC[C@H](N)C(=O)[O-])C(=O)[O-],3.57902431,FDA,CILASTATIN,-1,0.29924384,0.22815995234430034
441.46700000000016,3.230140000000002,117.42,2,7,5,3,0.12,33,4,0.4656399387325317,0,0,1,0.1612857142857142,1,fda_1450,CC1=NN(c2ccc(C)c(C)c2)C(=O)/C1=N\Nc1cccc(-c2cccc(C(=O)[O-])c2)c1O,5.06914711,FDA,ELTROMBOPAG,-1,0.9975159,0.5340177696136663
389.8860000000001,1.2295000000000005,118.36,3,5,2,1,0.4285714285714285,24,4,0.6571692284800612,0,0,0,0.1545714285714287,0,fda_1463,NS(=O)(=O)c1cc2c(cc1Cl)N[C@@H]([C@@H]1C[C@@H]3C=C[C@H]1C3)NS2(=O)=O,4.67832327,FDA,CYCLOTHIAZIDE,-1,0.9317104,0.45379852416675953
290.38300000000004,2.033,46.53,1,3,3,1,0.5882352941176471,21,3,0.684255247270266,0,0,0,0.6676428571428572,0,fda_15,C[N+]1(C)[C@@H]2CC[C@H]1C[C@@H](OC(=O)[C@H](O)c1ccccc1)C2,3.95362091,FDA,HOMATROPINE METHYLBROMIDE,-1,0.033435293,0.30504844665666564
295.304,4.174300000000002,35.25,1,2,5,2,0.25,21,2,0.8980027339714314,0,0,0,0.7482142857142857,0,fda_1609,NCC[C@H](Oc1ccc(C(F)(F)F)cc1)c1ccccc1,3.45718503,FDA,NORFLUOXETINE,-1,0.04467033,0.20315161327421094
460.4920000000002,-1.2404999999999975,150.98,3,7,5,1,0.45,32,4,0.4650533503478492,0,1,0,0.0,0,fda_1033,CC1(C)S[C@@H]2[C@H](NC(=O)[C@H](NC(=O)N3CCNC3=O)c3ccccc3)C(=O)N2[C@H]1C(=O)[O-],4.42720175,FDA,AZLOCILLIN,-1,0.91113997,0.4022541279756769
183.207,0.4784,86.71000000000001,4,4,2,1,0.3333333333333333,13,1,0.5021061623437857,0,0,1,0.380642857142857,0,fda_124,C[C@H](N)[C@H](O)c1ccc(O)c(O)c1,2.94401765,FDA,LEVONORDEFRIN,0,0.010888473,0.0978205259701047
806.9870000000003,3.8181000000000025,188.9,4,14,8,0,0.9069767441860463,57,8,0.2047865315695335,2,1,0,0.0,0,fda_158,CC(=O)O[C@H]1C[C@H](O[C@H]2[C@@H](O)C[C@H](O[C@H]3[C@@H](O)C[C@H](O[C@H]4CC[C@@]5(C)[C@H](CC[C@@H]6[C@@H]5CC[C@]5(C)[C@@H](C7=CC(=O)OC7)CC[C@]65O)C4)O[C@@H]3C)O[C@@H]2C)O[C@H](C)[C@H]1O,6.72336388,FDA,ACETYLDIGITOXIN,1,0.99132967,0.8735569878328497
312.482,5.019600000000005,6.48,0,3,5,2,0.3684210526315789,22,3,0.7651953187356423,1,0,1,0.9537142857142856,0,fda_1101,CCN(CC)[C@H](C)CN1c2ccccc2Sc2ccccc21,4.26101065,FDA,ETHOPROPAZINE,-1,0.13138394,0.36814227686139633
326.3960000000001,2.3108000000000004,65.56,2,4,2,2,0.5263157894736842,24,6,0.8313731396942865,0,0,0,0.5317142857142857,0,fda_1569,O=C(O[C@@H]1C[C@@H]2C[C@@H]3C[C@H](C1)N2C[C@H]3O)c1c[nH]c2ccccc12,3.76257443,FDA,M DOLASETRON,-1,0.89628744,0.2658348601188342
383.51700000000017,2.8560000000000016,48.3,1,6,5,2,0.3809523809523809,27,4,0.8048695029648197,0,0,0,0.655,0,fda_1269,OCCOCCN1CCN(C2=Nc3ccccc3Sc3ccccc32)CC1,4.19764185,FDA,QUETIAPINE,-1,0.9747297,0.3551354006153722
360.2440000000001,0.5983000000000003,109.57,2,5,2,1,0.3333333333333333,20,2,0.7508465680270321,0,0,0,0.2173571428571429,0,fda_1131,CN1[C@H](CCl)Nc2cc(Cl)c(S(N)(=O)=O)cc2S1(=O)=O,3.62588429,FDA,METHYCLOTHIAZIDE,-1,0.038098343,0.23777828124986855
281.35900000000004,2.840420000000001,47.86,2,4,4,2,0.2352941176470588,21,3,0.905670967148002,0,0,0,0.6581428571428571,0,fda_1208,Cc1ccc(N(CC2=NCCN2)c2cccc(O)c2)cc1,4.17618513,FDA,PHENTOLAMINE,-1,0.06680461,0.3507312632214877
457.4470000000003,-2.927099999999995,208.43,5,11,9,2,0.35,33,3,0.2573379500489947,1,1,0,0.0,1,fda_1501,CN1c2c([nH]c(N)nc2=O)NC[C@@H]1CNc1ccc(C(=O)N[C@@H](CCC(=O)[O-])C(=O)[O-])cc1,3.99888301,FDA,LEVOMEFOLATE,-1,0.7309292,0.3143387998483809
517.5490000000003,-3.3795999999999955,199.28999999999996,2,13,10,2,0.35,35,4,0.234352291963058,2,1,0,0.0,1,fda_1028,NCc1ccccc1CC(=O)N[C@@H]1C(=O)N2C(C(=O)[O-])=C(CSc3nnnn3CC(=O)[O-])CS[C@H]12,4.13812637,FDA,CEFORANIDE,-1,0.91488796,0.3429194444495189
470.6060000000005,3.497000000000003,93.06000000000002,2,6,3,0,0.7857142857142857,34,6,0.6559282998675063,0,0,0,0.3352857142857142,0,fda_1642,C[C@]12C=CC(=O)C=C1CC[C@@H]1[C@@H]2[C@@H](O)C[C@@]2(C)[C@H]1C[C@H]1O[C@@H](C3CCCCC3)O[C@]12C(=O)CO,6.19540024,FDA,M CICLESONIDE,1,0.99635774,0.7651888677504046
321.829,3.6739000000000024,29.54,0,4,3,2,0.3125,21,3,0.807761185070717,0,0,0,0.789,0,fda_1280,COC(=O)[C@H](c1ccccc1Cl)N1CCc2sccc2C1,4.50415277,FDA,CLOPIDOGREL,-1,0.113941394,0.41804884705107886
408.88200000000006,2.266300000000001,99.88,2,7,8,1,0.4,28,2,0.5023259105130484,0,0,0,0.2865714285714285,0,fda_1186,CCOC(=O)C1=C(COCCN)NC(C)=C(C(=O)OC)[C@H]1c1ccccc1Cl,4.13780355,FDA,AMLODIPINE,-1,0.9708992,0.3428531834537332
189.21399999999997,0.9908,46.17,1,2,1,1,0.2727272727272727,14,2,0.6695100341687275,0,0,0,0.6702142857142857,0,fda_1762,C[C@]1(c2ccccc2)CC(=O)NC1=O,4.76135874,FDA,M METHSUXIMIDE,-1,0.013722371,0.470842117896173
408.4170000000001,-2.7175999999999965,168.57999999999998,2,10,6,1,0.2666666666666666,27,3,0.3750667341517135,0,1,0,0.0,0,fda_1060,Nc1nc(/C(=C/CC(=O)[O-])C(=O)N[C@@H]2C(=O)N3C(C(=O)[O-])=CCS[C@H]23)cs1,4.62833214,FDA,CEFTIBUTEN,-1,0.6330372,0.44353750547445514
246.354,1.7714,46.33,1,2,5,1,0.5333333333333333,18,2,0.8603942445298217,0,0,0,0.6690714285714285,0,fda_1619,CCN(CC)C(=O)[C@@]1(c2ccccc2)C[C@H]1CN,3.3546207,FDA,LEVOMILNACIPRAN,-1,0.044987593,0.18209958849914204
370.587,5.885600000000005,6.48,0,4,4,2,0.4285714285714285,25,4,0.6192081845073194,1,0,0,0.9537142857142856,0,fda_1120,CSc1ccc2c(c1)N(CC[C@@H]1CCCCN1C)c1ccccc1S2,5.44778585,FDA,THIORIDAZINE,-1,0.98268396,0.6117359405926104
522.5780000000002,2.0136999999999996,138.44,4,11,10,3,0.5652173913043478,36,5,0.2310407817268838,2,0,0,0.0111428571428571,1,fda_1524,CCCSc1nc(N[C@@H]2C[C@H]2c2ccc(F)c(F)c2)c2nnn([C@@H]3C[C@H](OCCO)[C@@H](O)[C@H]3O)c2n1,5.26269674,FDA,TICAGRELOR,-1,0.9705142,0.5737451446763747
451.4420000000002,-3.2141999999999973,190.17,2,12,8,1,0.25,30,3,0.2309292966157701,1,1,0,0.0,0,fda_1047,C=CC1=C(C(=O)[O-])N2C(=O)[C@@H](NC(=O)/C(=N\OCC(=O)[O-])c3csc(N)n3)[C@H]2SC1,4.45410156,FDA,CEFIXIME,-1,0.5247038,0.4077754965310474
157.16899999999995,0.7637,46.61,0,3,1,0,0.7142857142857143,11,1,0.5642459247185074,0,0,0,0.6670714285714285,0,fda_1095,CC[C@@]1(C)OC(=O)N(C)C1=O,3.90911269,FDA,PARAMETHADIONE,-1,0.011493388,0.2959128324510815
426.4880000000001,4.826600000000004,64.80000000000001,0,6,8,3,0.4166666666666667,31,4,0.3798624175213931,0,0,0,0.5371428571428571,1,fda_1471,COc1cc(C(C)=O)ccc1OCCCN1CCC(c2noc3cc(F)ccc23)CC1,4.62906837,FDA,ILOPERIDONE,-1,0.9955707,0.44368862167830625
238.287,1.3510999999999995,75.27000000000001,2,3,5,0,0.5833333333333334,17,1,0.5604883600608829,0,0,0,0.4623571428571428,0,fda_1096,C=CCC1([C@@H](C)CCC)C(=O)NC(=O)NC1=O,5.10873079,FDA,SECOBARBITAL,-1,0.013268362,0.5421425885643522
307.434,2.3933999999999997,50.72,2,4,11,1,0.6666666666666666,22,2,0.6164391834948149,0,1,0,0.6377142857142857,0,fda_1181,CC(C)NC[C@@H](O)COc1ccc(CCOCC2CC2)cc1,4.33641624,FDA,BETAXOLOL,-1,0.05319988,0.3836197859413921
325.449,2.3659,59.95,2,5,12,1,0.6666666666666666,23,1,0.5778484804828311,0,1,0,0.5717857142857143,0,fda_1191,CC(C)NC[C@@H](O)COc1ccc(COCCOC(C)C)cc1,3.67768192,FDA,BISOPROLOL,-1,0.38389838,0.24841009632680458
458.5950000000002,3.5447000000000024,100.90000000000002,2,6,4,0,0.7407407407407407,33,4,0.6251252881597862,0,0,0,0.2792857142857141,0,fda_1337,CC(C)(C)CC(=O)OCC(=O)[C@@]1(O)CC[C@H]2[C@@H]3CCC4=CC(=O)C=C[C@]4(C)[C@H]3[C@@H](O)C[C@@]21C,5.97596359,FDA,PREDNISOLONE TEBUTATE,1,0.99581796,0.7201480061530237
470.5380000000002,-2.0630199999999963,166.15999999999997,1,13,9,1,0.5333333333333333,30,3,0.1816146328274677,1,1,0,0.0,0,fda_1049,CO[C@@]1(NC(=O)CSCC#N)C(=O)N2C(C(=O)[O-])=C(CSc3nnnn3C)CS[C@H]21,4.28226233,FDA,CEFMETAZOLE,-1,0.6182409,0.3725043284037974
358.43400000000014,1.7658,91.67,2,5,2,0,0.6666666666666666,26,4,0.7848332802556961,0,0,0,0.3452142857142857,0,fda_166,C[C@]12C=CC(=O)C=C1CC[C@@H]1[C@@H]2C(=O)C[C@@]2(C)[C@H]1CC[C@]2(O)C(=O)CO,5.44756508,FDA,PREDNISONE,-1,0.9529173,0.611690626051877
350.345,0.4611999999999996,77.4,1,6,3,2,0.4117647058823529,25,3,0.8703616805410703,0,0,0,0.447142857142857,0,fda_1193,CCn1cc(C(=O)[O-])c(=O)c2cc(F)c(N3CCN[C@@H](C)C3)c(F)c21,5.4960041,FDA,LOMEFLOXACIN,-1,0.8366264,0.6216330636334422
387.44000000000017,1.0567999999999995,103.04,1,8,4,2,0.5263157894736842,28,4,0.8306226664509899,0,0,0,0.2639999999999999,0,fda_1176,COc1cc2nc(N3CCN(C(=O)[C@H]4CCCO4)CC3)nc(N)c2cc1OC,4.67160749,FDA,TERAZOSIN,-1,0.978994,0.4524200647457903
204.229,1.2994,49.41,1,2,2,1,0.2727272727272727,15,2,0.7380128478007799,0,0,0,0.6470714285714285,0,fda_1111,CCN1C(=O)N[C@@H](c2ccccc2)C1=O,3.89299273,FDA,ETHOTOIN,-1,0.013722371,0.292604101264585
433.5010000000003,2.52402,94.53000000000002,1,8,9,1,0.5652173913043478,31,3,0.4690174800061688,0,0,0,0.3247857142857141,0,fda_1066,COc1c(C)c2c(c(O)c1C/C=C(\C)CCC(=O)OCCN1CCOCC1)C(=O)OC2,4.81391954,FDA,MYCOPHENOLATE MOFETIL,-1,0.980871,0.4816305787947858
464.98600000000016,3.1259000000000015,100.90000000000002,2,6,4,0,0.72,32,4,0.489350804042416,0,0,0,0.2792857142857141,0,fda_1570,CCC(=O)O[C@]1(C(=O)CO)[C@@H](C)C[C@H]2[C@@H]3CCC4=CC(=O)C=C[C@]4(C)[C@@]3(Cl)[C@@H](O)C[C@@]21C,5.38227129,FDA,M BECLOMETHASONE DIPROPIONATE,-1,0.99572504,0.5982886325446006
582.8160000000005,4.049000000000006,103.30000000000004,1,10,37,0,1.0,40,0,0.1079531743784662,1,1,0,0.262142857142857,0,fda_1632,CCCCCCCCCCCCOCCOCCOCCOCCOCCOCCOCCOCCOCCO,4.68712521,FDA,POLIDOCANOL,-1,0.9592807,0.45560518208524503
1994.112000000002,-18.359199999999923,792.4000000000002,16,56,40,0,0.8888888888888888,128,30,0.0253370828420759,3,2,0,0.0,0,fda_1792,O=C([O-])CCSC[C@H]1O[C@@H]2O[C@H]3[C@H](O)[C@@H](O)[C@@H](O[C@H]4[C@H](O)[C@@H](O)[C@@H](O[C@H]5[C@H](O)[C@@H](O)[C@@H](O[C@H]6[C@H](O)[C@@H](O)[C@@H](O[C@H]7[C@H](O)[C@@H](O)[C@@H](O[C@H]8[C@H](O)[C@@H](O)[C@@H](O[C@H]9[C@H](O)[C@@H](O)[C@@H](O[C@H]1[C@H](O)[C@H]2O)O[C@@H]9CSCCC(=O)[O-])O[C@@H]8CSCCC(=O)[O-])O[C@@H]7CSCCC(=O)[O-])O[C@@H]6CSCCC(=O)[O-])O[C@@H]5CSCCC(=O)[O-])O[C@@H]4CSCCC(=O)[O-])O[C@@H]3CSCCC(=O)[O-],6.1930337,FDA,SUGAMMADEX,1,0.8532226,0.7647031193551176
415.35100000000006,0.5598000000000001,104.28,1,7,3,3,0.25,30,5,0.670533154146242,0,0,0,0.2551428571428571,1,fda_1276,N[C@H]1[C@H]2CN(c3nc4c(cc3F)c(=O)c(C(=O)[O-])cn4-c3ccc(F)cc3F)C[C@@H]12,5.93103933,FDA,TROVAFLOXACIN,1,0.9874275,0.7109269969140257
242.344,1.3499,58.2,2,3,4,0,0.7272727272727273,16,1,0.5777126778981032,0,0,0,0.5842857142857143,0,fda_1760,CCC[C@H](C)C1(CC)C(=O)NC(=S)NC1=O,3.63075709,FDA,THIOPENTAL,-1,0.012617028,0.2387784565186384
664.9070000000002,9.113520000000005,90.46,0,8,19,3,0.6923076923076923,48,5,0.0932591187326539,2,1,0,0.3538571428571427,1,fda_1487,CCCCCCCCCCCCCCCC(=O)O[C@@H]1CCCn2c1nc(C)c(CCN1CCC(c3noc4cc(F)ccc34)CC1)c2=O,6.35835981,FDA,PALIPERIDONE PALMITATE,1,0.9973596,0.79863742540173
152.182,1.0154899999999998,57.36,2,3,0,2,0.0,10,2,0.5538546640663037,0,0,0,0.5902857142857143,0,fda_139,S=c1nc[nH]c2nc[nH]c12,3.64289594,FDA,MERCAPTOPURINE,-1,0.012416948,0.24127003786023
308.3810000000001,3.7878000000000025,40.620000000000005,0,2,5,2,0.2631578947368421,23,3,0.7885515763199019,0,0,1,0.7098571428571427,0,fda_115,CCCCC1C(=O)N(c2ccccc2)N(c2ccccc2)C1=O,3.98610759,FDA,PHENYLBUTAZONE,-1,0.6868192,0.3117165581942707
578.6010000000003,6.787020000000006,39.68,0,4,5,3,0.4,41,4,0.312950179516564,2,0,0,0.7165714285714286,1,fda_1726,Cc1ccccc1-c1cc(N2CCN(C)CC2)ncc1N(C)C(=O)C(C)(C)c1cc(C(F)(F)F)cc(C(F)(F)F)c1,4.9994874,FDA,NETUPITANT,-1,0.9979504,0.5197196413975104
439.7570000000001,0.5830000000000004,124.51,2,8,3,3,0.1666666666666666,30,4,0.6113877954509063,0,0,0,0.1106428571428571,1,fda_1836,Nc1nc(-n2cc(C(=O)[O-])c(=O)c3cc(F)c(N4CC(O)C4)c(Cl)c32)c(F)cc1F,5.17533731,FDA,DELAFLOXACIN,-1,0.9894043,0.5558140288128393
556.7690000000005,7.0490000000000075,88.85,1,6,18,3,0.5161290322580645,39,3,0.1334070362172129,2,1,0,0.3653571428571429,1,fda_1086,CCCCc1oc2ccc(NS(C)(=O)=O)cc2c1C(=O)c1ccc(OCCCN(CCCC)CCCC)cc1,5.1417861,FDA,DRONEDARONE,-1,0.9919703,0.5489274152684078
294.39500000000004,2.5562000000000005,64.78999999999999,1,5,9,1,0.5625,21,1,0.5599065078286075,0,0,0,0.5372142857142858,0,fda_1330,CCCOc1cc(N)ccc1C(=O)OCCN(CC)CC,3.51054096,FDA,PROPOXYCAINE,-1,0.07311835,0.21410328000139414
591.7530000000002,2.910700000000001,118.21,3,6,5,2,0.6666666666666666,43,7,0.4923988878134787,1,0,0,0.1556428571428572,1,fda_1213,CCC(C)(C)[C@H]1C(=O)N2CCC[C@H]2[C@]2(O)O[C@](NC(=O)[C@@H]3C[C@@H]4c5cccc6[nH]cc(c56)C[C@H]4N(C)C3)(C(C)C)C(=O)N12,6.58059931,FDA,ERGOLOID,1,0.9963301,0.8442535909828723
348.4190000000001,1.526299999999999,60.44,1,5,5,1,0.4444444444444444,24,3,0.6475258733647374,0,0,0,0.5682857142857143,0,fda_1545,O=C([O-])/C=C1/CN([C@H](C(=O)C2CC2)c2ccccc2F)CC[C@H]1S,5.16196823,FDA,M PRASUGREL,-1,0.86206704,0.5530699344149148
290.794,3.4026000000000023,25.36,0,3,6,2,0.3125,20,2,0.8151739333124051,0,0,0,0.8188571428571428,0,fda_130,CN(C)CCO[C@@H](c1ccc(Cl)cc1)c1ccccn1,3.52999759,FDA,CARBINOXAMINE,-1,0.04467033,0.21809688534936786
296.799,1.5203999999999995,43.37,1,4,3,1,0.3571428571428571,19,2,0.6792913597377604,0,0,0,0.6902142857142857,0,fda_1689,O=C([O-])/C=C1/CN(Cc2ccccc2Cl)CC[C@H]1S,4.01326227,FDA,M TICLOPIDINE,-1,0.04544368,0.317290240546791
270.339,1.2295199999999995,97.97,2,6,3,2,0.1111111111111111,17,2,0.8173307365183631,0,0,0,0.3002142857142857,0,fda_120,Cc1nnc(NS(=O)(=O)c2ccc(N)cc2)s1,3.4513216,FDA,SULFAMETHIZOLE,-1,0.014042782,0.20194810447512956
335.8790000000001,3.783000000000002,48.39,2,4,9,2,0.5,23,2,0.7317801043771166,0,0,0,0.6543571428571429,0,fda_167,CCN(CCO)CCC[C@H](C)Nc1ccnc2cc(Cl)ccc12,4.0215683,FDA,HYDROXYCHLOROQUINE,-1,0.6688084,0.31899510957233296
483.96000000000015,2.4318,125.39,3,9,9,3,0.3478260869565217,34,4,0.4203166354901655,0,0,0,0.1043571428571427,1,fda_1584,COc1ccc(CNc2nc(N3CCC[C@H]3CO)ncc2C(=O)NCc2ncccn2)cc1Cl,5.10363245,FDA,AVANAFIL,-1,0.99496174,0.5410961196799776
184.491,2.3528,9.23,0,1,3,0,1.0,10,0,0.4832940928615504,0,0,0,0.9340714285714286,0,fda_1146,FC(F)OC(F)(F)[C@H](F)Cl,3.15907598,FDA,ENFLURANE,0,0.01610165,0.14196270767445476
397.3860000000002,-0.1123199999999999,110.42000000000002,1,8,3,2,0.45,29,5,0.7692659248351138,0,0,0,0.2112857142857142,0,fda_1724,N#Cc1c(N2C[C@@H]3NCCO[C@H]3C2)c(F)cc2c(=O)c(C(=O)[O-])cn(C3CC3)c12,5.66745996,FDA,FINAFLOXACIN,-1,0.96827465,0.6568255424664899
237.7299999999999,2.897800000000001,29.1,1,2,2,1,0.4615384615384615,16,2,0.8571565291687987,0,0,0,0.7921428571428571,0,fda_1141,CN[C@@]1(c2ccccc2Cl)CCCCC1=O,3.81570935,FDA,KETAMINE,-1,0.07111674,0.2767411630436552
269.35200000000003,1.9118,49.74,1,4,5,3,0.3333333333333333,20,3,0.7695062288280017,0,0,0,0.6447142857142857,0,fda_1281,CN(C)CCc1c[nH]c2ccc(Cn3cncn3)cc12,4.02658224,FDA,RIZATRIPTAN,-1,0.0157214,0.32002425478393526
364.40300000000013,-1.3109999999999988,135.79000000000002,3,7,4,1,0.4375,25,3,0.5643537756805507,0,0,0,0.0300714285714284,0,fda_1007,CC1(C)S[C@@H]2[C@H](NC(=O)[C@H](N)c3ccc(O)cc3)C(=O)N2[C@H]1C(=O)[O-],4.29298162,FDA,AMOXICILLIN,-1,0.2956196,0.374704535421687
338.44400000000013,3.7177000000000024,46.150000000000006,0,5,13,1,0.6842105263157895,24,2,0.5130604440913922,0,1,0,0.6703571428571429,0,fda_1421,CCCCOCCOCCOCc1cc2c(cc1CCC)OCO2,4.46002102,FDA,PIPERONYL BUTOXIDE,-1,0.6854161,0.4089905058678708
348.4190000000001,1.526299999999999,60.44,1,5,5,1,0.4444444444444444,24,3,0.6475258733647374,0,0,0,0.5682857142857143,0,fda_1542,O=C([O-])/C=C1/CN([C@@H](C(=O)C2CC2)c2ccccc2F)CC[C@H]1S,4.44619608,FDA,M PRASUGREL,-1,0.86206704,0.40615284311129796
342.443,-0.7564999999999973,121.68,4,2,10,2,0.2631578947368421,25,2,0.257571879518029,0,0,0,0.1308571428571427,0,fda_1246,NC(=[NH2+])c1ccc(OCCCCCOc2ccc(C(N)=[NH2+])cc2)cc1,4.08963251,FDA,PENTAMIDINE,-1,0.22382444,0.33296575058578753
346.3830000000002,-1.543299999999996,112.6,1,6,8,1,0.5,25,2,0.6101756826088751,0,0,0,0.1957142857142857,0,fda_1396,C[C@H](N[C@@H](CCc1ccccc1)C(=O)[O-])C(=O)N1CCC[C@H]1C(=O)[O-],3.90822959,FDA,ENALAPRILAT,-1,0.302717,0.29573157018301166
396.516,2.7722000000000007,100.27,4,6,9,3,0.238095238095238,28,3,0.4168643398571851,0,0,0,0.2837857142857143,0,fda_1583,Nc1nc(CC(=O)Nc2ccc(CCNC[C@H](O)c3ccccc3)cc2)cs1,4.37279844,FDA,MIRABEGRON,-1,0.989716,0.39108747939555416
473.3810000000001,4.292600000000002,108.74,3,8,6,3,0.3157894736842105,33,3,0.4552702646600812,0,0,0,0.2232857142857143,1,fda_1837,CC(C)(O)CNc1nc(Nc2ccnc(C(F)(F)F)c2)nc(-c2cccc(C(F)(F)F)n2)n1,4.88615417,FDA,ENASIDENIB,-1,0.9828503,0.4964572268153788
362.3870000000001,-1.184199999999998,135.79,3,7,4,1,0.3125,25,3,0.5733962602744812,0,0,0,0.0300714285714286,0,fda_1371,CC1=C(C(=O)[O-])N2C(=O)[C@@H](NC(=O)[C@H](N)c3ccc(O)cc3)[C@H]2SC1,4.02617168,FDA,CEFADROXIL,-1,0.30541036,0.31993998455771094
287.4470000000001,3.940400000000003,23.47,1,2,5,1,0.6842105263157895,21,3,0.8863958351409401,0,0,0,0.8323571428571429,0,fda_168,O[C@](CCN1CCCC1)(c1ccccc1)C1CCCCC1,4.68597555,FDA,PROCYCLIDINE,-1,0.07722022,0.4553692065681926
734.0529999999993,10.611799999999995,111.19,0,8,38,0,0.95,50,0,0.0266798202576407,2,1,0,0.2057857142857143,0,fda_1404,CCCCCCCCCCCCCCCC(=O)OC[C@H](CO[P@@](=O)([O-])OCC[N+](C)(C)C)OC(=O)CCCCCCCCCCCCCCC,6.43700027,FDA,COLFOSCERIL PALMITATE,1,0.98545665,0.8147789135023477
233.31099999999995,2.0852999999999997,38.33,1,3,3,1,0.5,17,2,0.8123400616112664,0,0,0,0.7262142857142857,0,fda_1427,COC(=O)[C@H](c1ccccc1)[C@H]1CCCCN1,3.28530002,FDA,DEXMETHYLPHENIDATE,0,0.05055732,0.16787104849127954
303.83299999999997,4.194900000000003,12.47,0,2,8,2,0.3333333333333333,21,2,0.6778826115024819,0,0,0,0.9109285714285714,0,fda_123,C[C@H](COc1ccccc1)N(CCCl)Cc1ccccc1,3.52114749,FDA,PHENOXYBENZAMINE,-1,0.045307957,0.2162803422640493
128.15099999999998,-0.9701999999999996,66.15,1,3,4,0,0.5,9,0,0.4952133881188815,0,0,0,0.5275,0,fda_1494,C=C[C@H](N)CCC(=O)[O-],2.86180615,FDA,VIGABATRIN,0,0.010527566,0.0809460576749813
1051.296999999999,-15.84199999999989,567.4999999999998,21,13,36,0,0.6578947368421053,71,0,0.0119884794120415,3,2,0,0.0,0,fda_1833,CC(=O)N[C@H](CSSC[C@H](N)C(=O)[O-])C(=O)N[C@H](C)C(=O)N[C@H](CCCNC(N)=[NH2+])C(=O)N[C@H](CCCNC(N)=[NH2+])C(=O)N[C@H](CCCNC(N)=[NH2+])C(=O)N[C@H](C)C(=O)N[C@H](CCCNC(N)=[NH2+])C(N)=O,6.37498236,FDA,ETELCALCETIDE,1,0.80281645,0.8020493165965032
348.4040000000001,-0.986099999999998,115.56,2,6,4,0,0.4375,24,3,0.498015778604386,0,0,0,0.1745714285714287,0,fda_1022,CC1=C(C(=O)[O-])N2C(=O)[C@@H](NC(=O)[C@H](N)C3=CCC=CC3)[C@H]2SC1,3.84822392,FDA,CEPHRADINE,-1,0.57277185,0.283414999193033
372.53600000000006,4.4596000000000044,9.49,0,2,4,2,0.24,28,3,0.7332076636758533,0,0,1,0.9322142857142856,0,fda_1082,CN(C)c1ccc(C(=C2C=CC(=[N+](C)C)C=C2)c2ccc(N(C)C)cc2)cc1,4.60446882,FDA,GENTIAN VIOLET,-1,0.9649102,0.4386393970984203
284.74600000000004,2.6092000000000004,35.830000000000005,1,3,1,2,0.1875,20,4,0.8737077174467992,0,0,0,0.7440714285714285,0,fda_1148,O[C@]1(c2ccc(Cl)cc2)c2ccccc2C2=NCCN21,3.34536004,FDA,MAZINDOL,-1,0.10349858,0.18019877518759908
287.4470000000001,3.940400000000003,23.47,1,2,5,1,0.6842105263157895,21,3,0.8863958351409401,0,0,0,0.8323571428571429,0,fda_137,O[C@@](CCN1CCCCC1)(c1ccccc1)C1CCCC1,4.42670679,FDA,CYCRIMINE,-1,0.07722022,0.40215253407668033
189.214,1.1588999999999998,37.38,0,2,1,1,0.2727272727272727,14,2,0.621507214134734,0,0,0,0.733,0,fda_133,CN1C(=O)C[C@@H](c2ccccc2)C1=O,4.03378391,FDA,PHENSUXIMIDE,-1,0.013268362,0.32150244642484865
290.403,4.468000000000004,35.53,0,3,9,1,0.5,21,1,0.497064500171454,0,0,0,0.7462142857142857,0,fda_1406,CCCC[C@H](CC)COC(=O)/C=C/c1ccc(OC)cc1,4.14172411,FDA,OCTINOXATE,-1,0.109243214,0.3436579050002216
331.41600000000017,0.272879999999999,110.58,3,5,2,0,0.8888888888888888,24,6,0.6726618802340836,0,0,0,0.210142857142857,0,fda_1546,N#C[C@@H]1C[C@@H]2C[C@@H]2N1C(=O)[C@@H](N)[C@@]12C[C@@H]3C[C@@](O)(C[C@@](O)(C3)C1)C2,5.49917746,FDA,M SAXAGLIPTIN,-1,0.7316099,0.6222844173091324
217.26799999999992,1.771,46.17,1,2,2,1,0.3846153846153846,16,2,0.7672998421844797,0,0,0,0.6702142857142857,0,fda_161,CC[C@]1(c2ccccc2)CCC(=O)NC1=O,5.15297937,FDA,GLUTETHIMIDE,-1,0.0149598755,0.5512249098979153
1155.455,-5.8314999999999975,490.6599999999998,18,18,28,0,0.7884615384615384,81,1,0.0346950250075063,3,2,0,0.0,0,fda_1312,CC[C@@H](C)CCCC(=O)N[C@@H](CCN)C(=O)N[C@H](C(=O)N[C@@H](CCN)C(=O)N[C@H]1CCNC(=O)[C@H]([C@@H](C)O)NC(=O)[C@H](CCN)NC(=O)[C@H](CCN)NC(=O)[C@H](CC(C)C)NC(=O)[C@@H](CC(C)C)NC(=O)[C@H](CCN)NC1=O)[C@@H](C)O,5.68684959,FDA,COLISTIN,-1,0.76013803,0.6608053956097748
335.4730000000002,2.1975999999999996,56.41,1,3,6,2,0.5294117647058824,23,3,0.8803470485806123,0,0,0,0.5970714285714285,0,fda_1285,CN(C)CCc1c[nH]c2ccc(CS(=O)(=O)N3CCCC3)cc12,4.28862381,FDA,ALMOTRIPTAN,-1,0.50414425,0.3738100653453452
747.9640000000002,2.439700000000004,182.91,4,14,8,0,0.9473684210526316,52,3,0.2658294280815995,2,1,0,0.0,0,fda_1051,CC[C@H]1OC(=O)[C@H](C)[C@@H](O[C@H]2C[C@@](C)(OC)[C@@H](O)[C@H](C)O2)[C@H](C)[C@@H](O[C@@H]2O[C@H](C)C[C@H](N(C)C)[C@H]2O)[C@](C)(OC)C[C@@H](C)C(=O)[C@H](C)[C@@H](O)[C@]1(C)O,5.41407776,FDA,CLARITHROMYCIN,-1,0.90678114,0.6048171263635285
1270.4410000000005,-4.715700000000025,495.12999999999977,18,15,31,4,0.5084745762711864,91,6,0.0097413264098977,3,2,0,0.0,1,fda_1252,CC(C)C[C@H](NC(=O)[C@@H](COC(C)(C)C)NC(=O)[C@H](Cc1ccc(O)cc1)NC(=O)[C@H](CO)NC(=O)[C@H](Cc1c[nH]c2ccccc12)NC(=O)[C@H](Cc1c[nH]cn1)NC(=O)[C@@H]1CCC(=O)N1)C(=O)N[C@@H](CCCNC(N)=[NH2+])C(=O)N1CCC[C@H]1C(=O)NNC(N)=O,5.91739416,FDA,GOSERELIN,1,0.89883196,0.708126233169944
1350.4100000000003,-7.184700000000015,557.0599999999998,15,21,38,4,0.4137931034482758,94,5,0.0185440312664431,3,2,0,0.0,1,fda_1235,CSCC[C@H](NC(=O)[C@H](Cc1c[nH]c2ccccc12)NC(=O)CNC(=O)[C@@H](NC(=O)[C@H](Cc1ccc(OS(=O)(=O)O)cc1)NC(=O)[C@H](CC(=O)[O-])NC(=O)[C@H](CCC(N)=O)NC(=O)[C@@H]1CCC(=O)N1)[C@@H](C)O)C(=O)N[C@@H](CC(=O)[O-])C(=O)N[C@@H](Cc1ccccc1)C(N)=O,6.95496941,FDA,CERULETIDE,1,0.90791017,0.921095594633118
452.43100000000027,-2.4009999999999954,216.2,3,12,9,3,0.25,33,3,0.3094201310733961,1,1,0,0.0,1,fda_103,CN(Cc1cnc2nc(N)nc(N)c2n1)c1ccc(C(=O)N[C@@H](CCC(=O)[O-])C(=O)[O-])cc1,5.24456263,FDA,METHOTREXATE,-1,0.7549291,0.5700229955335507
254.246,-2.213099999999999,102.28,2,8,3,2,0.5,18,2,0.6460832424087163,0,0,0,0.2694285714285714,0,fda_1097,Cn1c(=O)c2c(ncn2C[C@@H](O)CO)n(C)c1=O,3.1321907,FDA,DYPHYLLINE,0,0.00362006,0.1364443215001907
177.247,1.736,21.26,1,2,1,1,0.4545454545454545,13,2,0.705114488465338,0,0,0,0.8481428571428572,0,fda_1765,C[C@@H]1NCCO[C@H]1c1ccccc1,2.90519977,FDA,PHENMETRAZINE,0,0.012756119,0.0898528926664439
434.47100000000034,2.3474000000000004,86.37,1,4,4,3,0.3333333333333333,32,5,0.6830916301031819,0,0,0,0.3830714285714285,1,fda_1737,O=C(c1cc(Cc2n[nH]c(=O)c3ccccc23)ccc1F)N1CCN(C(=O)C2CC2)CC1,6.00663614,FDA,OLAPARIB,1,0.99582493,0.726443755196717
285.41599999999994,4.026800000000002,18.51,1,4,2,2,0.25,20,3,0.7657236071676111,0,0,0,0.8677857142857143,0,fda_1798,CN(C)c1ccc2c(c1)Sc1cc(N(C)C)ccc1N2,4.14355659,FDA,LEUCOMETHYLENE BLUE,-1,0.06680461,0.3440340339561639
651.7940000000003,1.8635000000000028,126.77000000000004,2,12,24,1,0.7647058823529411,46,5,0.1252158273224996,2,1,0,0.0944999999999997,0,fda_1727,C=CCN1CC[C@]23c4c5ccc(O)c4O[C@H]2[C@@H](OCCOCCOCCOCCOCCOCCOCCOC)CC[C@@]3(O)[C@H]1C5,4.62512159,FDA,NALOXEGOL,-1,0.9759134,0.44287851829887853
391.5550000000001,5.9694000000000065,39.19,0,3,2,1,0.6153846153846154,29,5,0.4604575535940218,1,0,0,0.7200714285714286,0,fda_1519,CC(=O)O[C@H]1CC[C@@]2(C)C(=CC[C@@H]3[C@@H]2CC[C@]2(C)C(c4cccnc4)=CC[C@@H]32)C1,6.30808115,FDA,ABIRATERONE ACETATE,1,0.99441224,0.7883173892256319
315.4170000000001,1.157979999999999,90.35,2,4,2,0,0.8888888888888888,23,6,0.7998067802808753,0,0,0,0.354642857142857,0,fda_1476,N#C[C@@H]1C[C@@H]2C[C@@H]2N1C(=O)[C@@H](N)[C@@]12C[C@@H]3C[C@@H](C[C@@](O)(C3)C1)C2,5.32520533,FDA,SAXAGLIPTIN,-1,0.7567992,0.5865754569821698
456.3220000000001,4.245200000000003,90.93,1,7,7,1,0.3809523809523809,30,2,0.4847733126082574,0,0,0,0.3505,0,fda_1551,CCCC(=O)OCOC(=O)C1=C(C)NC(C)=C(C(=O)OC)[C@@H]1c1cccc(Cl)c1Cl,4.21681356,FDA,CLEVIDIPINE,-1,0.98695576,0.35907052419976493
268.356,3.7375000000000025,37.3,1,2,0,1,0.5,20,4,0.7277739364016139,0,0,0,0.7335714285714285,0,fda_1322,C[C@]12CC[C@H]3C(=CCc4cc(O)ccc43)[C@@H]1CCC2=O,5.28230906,FDA,EQUILIN,-1,0.18290669,0.5777707064534232
510.4810000000003,-0.1682999999999985,189.06,2,12,9,1,0.4,35,3,0.1474715429500461,2,1,0,0.0,0,fda_1030,CO/N=C(\C(=O)N[C@@H]1C(=O)N2C(C(=O)O[C@H](C)OC(C)=O)=C(COC(N)=O)CS[C@H]12)c1ccco1,4.71639299,FDA,CEFUROXIME AXETIL,-1,0.91236407,0.46161259255310727
328.4120000000001,2.1353999999999997,95.57999999999998,4,4,8,2,0.3157894736842105,24,2,0.5968389616111595,0,0,0,0.3172857142857144,0,fda_1703,C[C@H](CCc1ccccc1)NC[C@@H](O)c1ccc(O)c(C(N)=O)c1,3.68257022,FDA,LABETALOL,-1,0.78801405,0.24941345307576374
294.442,4.121000000000003,6.48,0,2,4,2,0.4,22,3,0.8366473557753505,0,0,0,0.9537142857142856,0,fda_1140,C[C@H](CN(C)C)CN1c2ccccc2CCc2ccccc21,4.70799875,FDA,TRIMIPRAMINE,-1,0.11943813,0.4598896178264369
135.20999999999998,1.5763,26.02,1,1,2,1,0.3333333333333333,10,1,0.6542162175383444,0,0,0,0.8141428571428572,0,fda_1106,C[C@@H](N)Cc1ccccc1,3.33328652,FDA,AMPHETAMINE,-1,0.0128422035,0.177720603271863
309.40600000000006,2.2748600000000003,67.79,2,5,7,1,0.5882352941176471,22,1,0.5972565891756851,0,0,0,0.5157857142857143,0,fda_1190,CC(=O)Oc1c(C)cc(OC[C@@H](O)CNC(C)C)c(C)c1C,3.86345172,FDA,METIPRANOLOL,-1,0.11224236,0.2865406084849748
359.44100000000003,4.280200000000003,39.72,1,4,12,2,0.3333333333333333,26,2,0.4535162810194213,0,1,0,0.7162857142857143,0,fda_1777,CNc1ccc(/C=C/c2ccc(OCCOCCOCCF)cc2)cc1,4.49744749,FDA,FLORBETABEN,-1,0.85254437,0.4166725428263666
719.9240000000002,2.583500000000007,158.47,4,8,20,2,0.575,52,4,0.152234084939085,1,2,0,0.0,1,fda_1580,CC(C)C[C@H](NC(=O)[C@H](CCc1ccccc1)NC(=O)CN1CCOCC1)C(=O)N[C@@H](Cc1ccccc1)C(=O)N[C@@H](CC(C)C)C(=O)[C@@]1(C)CO1,5.09233522,FDA,CARFILZOMIB,-1,0.99775773,0.5387772865549558
215.228,1.1408,49.36,0,3,3,2,0.1538461538461538,16,2,0.7710272896539462,0,0,0,0.6474285714285715,0,fda_1700,COc1ccc2cc(CC(=O)[O-])ccc2c1,3.65143514,FDA,M NABUMETONE,-1,0.025596308,0.24302276661065683
570.6490000000002,5.906800000000007,77.72999999999999,1,6,3,6,0.2571428571428571,43,9,0.2872183916561939,2,0,0,0.4447857142857143,1,fda_1828,CO[C@@H]1[C@H](N(C)C(=O)c2ccccc2)C[C@H]2O[C@]1(C)n1c3ccccc3c3c4c(c5c6ccccc6n2c5c31)C(=O)NC4,5.1678443,FDA,MIDOSTAURIN,-1,0.99615884,0.5542760376597762
388.42500000000007,-0.6279999999999981,135.79,3,7,5,1,0.2777777777777778,27,3,0.5715891633840007,0,0,0,0.0300714285714286,0,fda_1052,C/C=C/C1=C(C(=O)[O-])N2C(=O)[C@@H](NC(=O)[C@H](N)c3ccc(O)cc3)[C@H]2SC1,4.23877335,FDA,CEFPROZIL,-1,0.84958994,0.3635779201251836
386.44800000000026,-0.7646999999999966,112.6,1,6,8,1,0.5714285714285714,28,3,0.6281516884306585,0,0,0,0.1957142857142857,0,fda_1694,C[C@H](N[C@@H](CCc1ccccc1)C(=O)[O-])C(=O)N1[C@H](C(=O)[O-])C[C@@H]2CCC[C@@H]21,4.1586771,FDA,RAMIPRILAT,-1,0.85951364,0.3471376212474929
531.3160000000003,3.781100000000002,64.60000000000001,3,4,4,2,0.3809523809523809,30,4,0.5262225719674639,1,0,0,0.5385714285714285,1,fda_1800,O=C(c1ccc(F)c(F)c1Nc1ccc(I)cc1F)N1CC(O)([C@@H]2CCCCN2)C1,5.50502443,FDA,COBIMETINIB,-1,0.9973496,0.6234845475815095
455.45000000000016,2.857100000000001,126.07,1,8,7,5,0.12,34,5,0.3998290004453371,0,0,0,0.0995,1,fda_1536,CCOc1nc2cccc(C(=O)[O-])c2n1Cc1ccc(-c2ccccc2-c2noc(=O)[nH]2)cc1,5.64682531,FDA,M AZILSARTAN KAMEDOXOMIL,-1,0.99517703,0.6525901405190011
135.14199999999997,-0.0210000000000006,40.129999999999995,0,2,2,1,0.125,10,1,0.5713429347387613,0,0,0,0.7133571428571429,0,fda_1607,O=C([O-])Cc1ccccc1,2.88766408,FDA,PHENYLACETATE,0,0.014374631,0.08625357328973736
167.20799999999997,0.7728000000000002,66.48,3,3,2,1,0.3333333333333333,12,1,0.6092207315266324,0,0,0,0.5251428571428571,0,fda_160,C[C@H](N)[C@H](O)c1cccc(O)c1,3.08983922,FDA,METARAMINOL,0,0.012416948,0.12775139281610692
437.7790000000001,7.0161000000000024,27.05,0,4,6,4,0.15,27,4,0.3240113707540214,1,0,0,0.8067857142857142,1,fda_1294,Clc1ccc([C@@H](Cn2ccnc2)OCc2csc3c(Cl)cccc23)c(Cl)c1,4.61988211,FDA,SERTACONAZOLE,-1,0.9854936,0.4418030794716714
356.44200000000023,1.6699999999999997,66.76,2,4,2,1,0.6666666666666666,26,6,0.7913895398394191,0,0,0,0.5231428571428571,0,fda_1431,C[N@@+]1(CC2CC2)CC[C@]23c4c5ccc(O)c4O[C@H]2C(=O)CC[C@@]3(O)[C@H]1C5,4.4481082,FDA,METHYLNALTREXONE,-1,0.8552895,0.4065453187177091
434.50400000000025,2.3224,100.90000000000002,2,6,3,0,0.7083333333333334,31,4,0.661485150928691,0,0,0,0.2792857142857141,0,fda_1350,CC(=O)OCC(=O)[C@@]1(O)[C@H](C)C[C@H]2[C@@H]3C[C@H](F)C4=CC(=O)C=C[C@]4(C)[C@H]3[C@@H](O)C[C@@]21C,5.64472342,FDA,PARAMETHASONE ACETATE,-1,0.99304366,0.6521587133322349
244.207,-3.1679999999999997,143.72000000000003,4,9,2,1,0.625,17,2,0.4262474653048269,0,1,0,0.0,0,fda_1073,Nc1ncn([C@@H]2O[C@H](CO)[C@@H](O)[C@H]2O)c(=O)n1,3.25714946,FDA,AZACITIDINE,0,0.0031848627,0.16209295501031917
236.315,1.7674,55.56,1,4,6,1,0.4615384615384615,17,1,0.6038456847188672,0,0,0,0.6031428571428572,0,fda_122,CCN(CC)CCOC(=O)c1ccc(N)cc1,3.26402688,FDA,PROCAINE,0,0.02696494,0.16350459213824223
440.4110000000002,5.182000000000006,49.77,1,3,5,1,0.6956521739130435,29,4,0.6421337808881203,1,0,0,0.6445000000000001,0,fda_1559,C[C@]12CC[C@@H]3c4ccc(OC(=O)N(CCCl)CCCl)cc4CC[C@H]3[C@@H]1CC[C@@H]2O,5.51277685,FDA,ESTRAMUSTINE,-1,0.9956061,0.6250757843975325
238.197,0.7035000000000001,73.80000000000001,1,4,3,2,0.1,17,2,0.8549954528788274,0,0,0,0.4728571428571427,0,fda_1453,NC(=O)c1cn(Cc2c(F)cccc2F)nn1,3.86161923,FDA,RUFINAMIDE,-1,0.03804981,0.28616447747646473
289.4189999999999,3.924200000000003,29.54,0,3,8,1,0.6111111111111112,21,2,0.5363384776583598,0,0,0,0.789,0,fda_170,CCCCOc1ccc(C(=O)CCN2CCCCC2)cc1,3.66893363,FDA,DYCLONINE,-1,0.109243214,0.2466144504349094
233.31099999999995,2.0852999999999997,38.33,1,3,3,1,0.5,17,2,0.8123400616112664,0,0,0,0.7262142857142857,0,fda_1470,COC(=O)[C@H](c1ccccc1)[C@@H]1CCCCN1,3.60453343,FDA,METHYLPHENIDATE,-1,0.05055732,0.23339587233939227
411.7850000000001,6.637000000000003,17.82,0,3,7,3,0.2105263157894736,25,3,0.4056053342949886,1,0,0,0.8727142857142858,1,fda_1245,Clc1ccc(CC[C@@H](Cn2ccnc2)Sc2c(Cl)cccc2Cl)cc1,4.88568926,FDA,BUTOCONAZOLE,-1,0.9633275,0.49636180088281356
387.88700000000017,1.8135000000000008,55.84,0,5,8,2,0.3809523809523809,27,3,0.6465285493358316,0,0,0,0.6011428571428572,0,fda_1189,O=C([O-])COCCN1CCN([C@H](c2ccccc2)c2ccc(Cl)cc2)CC1,3.60457516,FDA,LEVOCETIRIZINE,-1,0.9442255,0.23340443770508873
386.44800000000015,2.3760000000000003,100.05,4,6,7,2,0.3809523809523809,28,3,0.5830459262462236,0,0,0,0.2853571428571427,0,fda_1741,COc1ccc(CC(C)(C)NC[C@H](O)c2cc(O)cc3c2OCC(=O)N3)cc1,4.04980516,FDA,OLODATEROL,-1,0.9027783,0.32479091671395954
254.289,2.492900000000001,66.56,2,2,0,2,0.1333333333333333,19,3,0.7581194848865717,0,0,0,0.5245714285714286,0,fda_1653,NC(=O)N1c2ccccc2C[C@@H](O)c2ccccc21,4.15954971,FDA,M OXCARBAZEPINE,-1,0.103096776,0.34731673037187344
406.56600000000014,5.672800000000006,43.370000000000005,0,3,4,1,0.6296296296296297,30,5,0.6049275845173735,1,0,0,0.6902142857142857,0,fda_1345,C[C@]12CC[C@H]3[C@@H](CCC4=CC(=O)CC[C@@H]43)[C@@H]1CC[C@@H]2OC(=O)CCc1ccccc1,6.30494165,FDA,NANDROLONE PHENPROPIONATE,1,0.9947072,0.7876729855447292
519.6870000000004,1.7112000000000025,150.70000000000002,4,5,8,0,0.8148148148148148,37,3,0.3600552638977883,1,1,0,0.0,0,fda_1517,CC(C)(C)NC(=O)N[C@H](C(=O)N1C[C@H]2[C@@H]([C@H]1C(=O)N[C@@H](CC1CCC1)C(=O)C(N)=O)C2(C)C)C(C)(C)C,5.36858225,FDA,BOCEPREVIR,-1,0.97447497,0.5954788641852996
374.91200000000015,3.055900000000001,35.940000000000005,1,4,8,2,0.4285714285714285,26,3,0.720292463198365,0,0,0,0.7432857142857143,0,fda_1109,OCCOCCN1CCN([C@H](c2ccccc2)c2ccc(Cl)cc2)CC1,3.58753514,FDA,HYDROXYZINE,-1,0.9143172,0.22990685795969704
486.43600000000015,4.608100000000005,91.18,4,6,16,2,0.5,32,2,0.2593069982474659,0,1,0,0.3487142857142856,1,fda_1605,OCc1cc([C@@H](O)CNCCCCCCOCCOCc2c(Cl)cccc2Cl)ccc1O,4.59735012,FDA,VILANTEROL,-1,0.97594154,0.43717823561307456
349.51800000000003,5.398600000000005,33.120000000000005,1,2,1,1,0.625,26,5,0.6887813871003827,1,0,0,0.7634285714285713,0,fda_1489,C[C@]12CC[C@H](O)CC1=CC[C@@H]1[C@@H]2CC[C@]2(C)C(c3cccnc3)=CC[C@@H]12,5.90645599,FDA,ABIRATERONE,1,0.9673429,0.7058810995466474
444.4230000000002,0.9115199999999996,152.24,3,9,6,3,0.3,32,3,0.5072974072735444,0,1,0,0.0,1,fda_1438,Cc1nnc(C(=O)NC(C)(C)c2nc(C(=O)NCc3ccc(F)cc3)c(O)c(=O)n2C)o1,4.84367323,FDA,RALTEGRAVIR,-1,0.9741175,0.4877377255877277
682.6840000000001,-1.3789999999999978,228.9,2,16,11,3,0.2727272727272727,43,5,0.0781320855067188,2,2,0,0.0,1,fda_1502,CCO/N=C(\C(=O)N[C@@H]1C(=O)N2C(C(=O)[O-])=C(Sc3nc(-c4cc[n+](C)cc4)cs3)CS[C@H]12)c1nsc(NP(=O)([O-])[O-])n1,5.53061104,FDA,CEFTAROLINE,-1,0.9299578,0.6287363729249796
179.159,-1.4106000000000007,70.99000000000001,0,5,0,2,0.2857142857142857,13,2,0.4977860727271668,0,0,0,0.4929285714285714,0,fda_149,Cn1c(=O)c2[n-]cnc2n(C)c1=O,3.50861049,FDA,OXTRIPHYLLINE,-1,0.003499103,0.21370703793295254
326.3960000000001,2.3108000000000004,65.56,2,4,2,2,0.5263157894736842,24,6,0.8313731396942865,0,0,0,0.5317142857142857,0,fda_1568,O=C(O[C@@H]1C[C@@H]2C[C@@H]3C[C@H](C1)N2C[C@@H]3O)c1c[nH]c2ccccc12,3.87061381,FDA,M DOLASETRON,-1,0.89628744,0.28801067606228237
384.259,3.9643000000000033,64.63,1,5,4,1,0.3333333333333333,25,2,0.7964461277127532,0,0,0,0.5383571428571429,0,fda_1188,CCOC(=O)C1=C(C)NC(C)=C(C(=O)OC)[C@H]1c1cccc(Cl)c1Cl,4.31650352,FDA,FELODIPINE,-1,0.97028905,0.3795325650257092
441.54900000000015,4.374260000000002,84.86,2,6,5,2,0.4166666666666667,31,4,0.7166041254699328,0,0,0,0.3938571428571429,1,fda_1548,Cc1c(C)c2c(c(C)c1O)CC[C@](C)(COc1ccc(C[C@H]3SC(=O)NC3=O)cc1)O2,5.09572363,FDA,TROGLITAZONE,-1,0.9881153,0.5394727807025615
835.0080000000005,5.077420000000006,214.07999999999996,7,14,4,2,0.5777777777777777,60,7,0.1218710560553279,4,1,3,0.0,1,fda_1652,CO[C@H]1/C=C/O[C@@]2(C)Oc3c(C)c(O)c4c(O)c(c(/C=N/N5CCN(C6CCCC6)CC5)c(O)c4c3C2=O)NC(=O)/C(C)=C\C=C\[C@H](C)[C@H](O)[C@@H](C)[C@@H](O)[C@@H](C)[C@H](O)[C@@H]1C,4.61441231,FDA,M RIFAPENTINE,-1,0.9926676,0.4406803659014207
748.9960000000001,1.9007000000000056,180.08,5,14,7,0,0.9736842105263158,52,3,0.2384754411912263,2,1,0,0.0,0,fda_1054,CC[C@H]1OC(=O)[C@H](C)[C@@H](O[C@H]2C[C@@](C)(OC)[C@@H](O)[C@H](C)O2)[C@H](C)[C@@H](O[C@@H]2O[C@H](C)C[C@H](N(C)C)[C@H]2O)[C@](C)(O)C[C@@H](C)CN(C)[C@H](C)[C@@H](O)[C@]1(C)O,5.04068613,FDA,AZITHROMYCIN,-1,0.84152484,0.5281759603210717
348.50700000000023,3.4841000000000015,46.53,1,3,8,1,0.6666666666666666,25,2,0.5777859217395951,0,0,0,0.6676428571428572,0,fda_1212,CC[N+](C)(CC)CCOC(=O)[C@](O)(c1ccccc1)C1CCCCC1,3.83411193,FDA,OXYPHENONIUM,-1,0.9409235,0.2805184174759241
222.251,-0.8561000000000003,115.04,2,6,2,1,0.25,13,1,0.6318586926732331,0,0,0,0.1782857142857143,0,fda_136,CC(=O)Nc1nnc(S(N)(=O)=O)s1,3.84131455,FDA,ACETAZOLAMIDE,-1,0.010774205,0.28199680411078437
320.396,2.591400000000001,72.94,2,4,3,3,0.2631578947368421,24,4,0.7788736009496425,0,0,0,0.479,0,fda_1834,NC(=O)c1cccc2cn(-c3ccc([C@@H]4CCCNC4)cc3)nc12,4.1349535,FDA,NIRAPARIB,-1,0.94720465,0.34226819134965386
245.662,1.1750000000000005,81.78000000000002,2,4,5,1,0.3,16,1,0.8160595704353588,0,0,0,0.4158571428571427,0,fda_1359,NC(=O)OC[C@@H](O)COc1ccc(Cl)cc1,3.03908849,FDA,CHLORPHENESIN CARBAMATE,0,0.025596308,0.11733446106885301
471.43000000000023,-3.4004999999999965,225.5,5,11,10,2,0.3,34,3,0.2145563580923106,1,1,0,0.0,1,fda_105,Nc1nc(=O)c2c([nH]1)NC[C@@H](CNc1ccc(C(=O)N[C@@H](CCC(=O)[O-])C(=O)[O-])cc1)N2C=O,4.3214469,FDA,LEUCOVORIN,-1,0.74466527,0.3805472273184631
319.333,1.3985199999999995,95.89,1,6,6,1,0.4117647058823529,23,2,0.6287376853936307,0,0,0,0.3150714285714285,0,fda_1072,COc1c(C)c2c(c(O)c1C/C=C(\C)CCC(=O)[O-])C(=O)OC2,4.53480864,FDA,MYCOPHENOLIC ACID,-1,0.39252105,0.4243411724115748
451.40500000000026,3.412320000000002,100.58,1,6,5,3,0.2083333333333333,33,5,0.6382168999302117,0,0,0,0.2815714285714285,1,fda_1782,Cc1ccc(NC(=O)C2(c3ccc4c(c3)OC(F)(F)O4)CC2)nc1-c1cccc(C(=O)[O-])c1,5.86335182,FDA,LUMACAFTOR,1,0.9971554,0.6970336761320081
666.5250000000004,-0.1594999999999986,213.02,2,16,7,2,0.5517241379310345,46,7,0.290192838457237,2,1,0,0.0,1,fda_1395,COc1cc([C@@H]2c3cc4c(cc3[C@@H](O[C@@H]3O[C@@H]5CO[C@@H](C)O[C@H]5[C@H](O)[C@H]3O)[C@H]3COC(=O)[C@H]23)OCO4)cc(OC)c1OP(=O)([O-])[O-],4.15963507,FDA,ETOPOSIDE PHOSPHATE,-1,0.9322879,0.3473342510911605
433.0390000000001,6.544700000000008,6.48,0,2,5,3,0.3571428571428571,31,4,0.450917622424228,1,0,0,0.9537142857142856,1,fda_1112,CC(C)(C)c1ccc(CN2CCN([C@H](c3ccccc3)c3ccc(Cl)cc3)CC2)cc1,4.43340921,FDA,BUCLIZINE,-1,0.9923152,0.4035282512669834
441.5350000000002,4.029580000000003,102.29,2,5,7,4,0.3076923076923077,33,5,0.42169344518712,0,0,0,0.2693571428571429,1,fda_1511,N#Cc1ccc2[nH]cc(CCCCN3CCN(c4ccc5oc(C(N)=O)cc5c4)CC3)c2c1,4.82145548,FDA,VILAZODONE,-1,0.9971554,0.4831773816216891
287.35900000000004,1.8503,41.93,1,4,1,1,0.5294117647058824,21,4,0.8005242690101381,0,0,0,0.7005,0,fda_1290,COc1ccc2c3c1O[C@H]1C[C@@H](O)C=C[C@@]31CCN(C)C2,4.23226118,FDA,GALANTAMINE,-1,0.025241874,0.3622412530384932
1096.3469999999998,0.8216000000000108,355.0799999999999,13,14,17,5,0.4074074074074074,77,6,0.0453319191804842,3,2,0,0.0,1,fda_1436,CC(C)[C@@H]1NC(=O)[C@@H](CCCCN)NC(=O)[C@@H](Cc2c[nH]c3ccccc23)NC(=O)[C@H](Cc2ccc(O)cc2)NC(=O)[C@@H](NC(=O)[C@H](N)Cc2ccc3ccccc3c2)CSSC[C@@H](C(=O)N[C@H](C(N)=O)[C@@H](C)O)NC1=O,5.5477066,FDA,LANREOTIDE,-1,0.99674404,0.6322453526322879
492.5910000000001,5.6295000000000055,77.52,1,5,5,2,0.4827586206896552,36,5,0.5476460146101547,1,0,0,0.4462857142857143,1,fda_1710,CCOC(=O)N[C@@H]1CC[C@@H]2[C@@H](C1)C[C@H]1C(=O)O[C@H](C)[C@H]1[C@H]2/C=C/c1ccc(-c2cccc(F)c2)cn1,5.92942858,FDA,VORAPAXAR,1,0.9963301,0.7105963795453318
298.45500000000004,4.487000000000004,6.48,0,3,4,2,0.3333333333333333,21,3,0.8210774052142695,0,0,1,0.9537142857142856,0,fda_1115,C[C@H](CN(C)C)CN1c2ccccc2Sc2ccccc21,4.2617135,FDA,TRIMEPRAZINE,-1,0.06857987,0.36828654159371754
452.5380000000002,4.683000000000005,75.99000000000001,2,5,12,1,0.56,32,2,0.2735536224666615,0,1,0,0.4572142857142857,0,fda_1529,CC(C)OC(=O)CCC/C=C\C[C@@H]1[C@@H](/C=C/C(F)(F)COc2ccccc2)[C@H](O)C[C@@H]1O,5.40237474,FDA,TAFLUPROST,-1,0.9901175,0.6024150020871536
144.60099999999997,1.5132,20.23,1,1,2,0,0.4285714285714285,9,0,0.5829710350354784,0,0,0,0.8555,0,fda_1105,C#C[C@@](O)(/C=C/Cl)CC,3.12859273,FDA,ETHCHLORVYNOL,0,0.012416948,0.13570581374042703
285.391,2.658400000000001,28.6,0,4,7,2,0.3529411764705882,21,2,0.7817668594270732,0,0,0,0.7957142857142857,0,fda_100,COc1ccc(CN(CCN(C)C)c2ccccn2)cc1,3.7501862,FDA,PYRILAMINE,-1,0.029408552,0.2632920918398502
1141.4699999999996,1.227799999999997,325.4599999999999,10,12,16,2,0.6333333333333333,82,5,0.1135616701486414,3,2,0,0.0,1,fda_1075,CC(C)C[C@@H]1NC(=O)[C@H](CCCN)NC(=O)[C@@H](C(C)C)NC(=O)[C@@H]2CCCN2C(=O)[C@@H](Cc2ccccc2)NC(=O)[C@H](CC(C)C)NC(=O)[C@H](CCCN)NC(=O)[C@H](C(C)C)NC(=O)[C@@H]2CCCN2C(=O)[C@@H](Cc2ccccc2)NC1=O,5.39498138,FDA,GRAMICIDIN,-1,0.9906561,0.6008974647728553
343.898,5.104400000000005,12.47,0,2,6,2,0.4285714285714285,24,3,0.7227145221154115,1,0,0,0.9109285714285714,0,fda_1231,CN1CCC[C@@H]1CCO[C@](C)(c1ccccc1)c1ccc(Cl)cc1,4.77817106,FDA,CLEMASTINE,-1,0.8779033,0.47429296067130133
515.1110000000003,-1.1262999999999983,173.98999999999998,2,9,11,1,0.45,34,2,0.3460574596603075,1,2,0,0.0,0,fda_1821,CC(C)C[C@H](NC(=O)CNC(=O)c1cc(Cl)ccc1Cl)B1OC(=O)C(CC(=O)[O-])(CC(=O)[O-])O1,4.60250998,FDA,IXAZOMIB CITRATE,-1,0.9200478,0.43823733189494846
300.74500000000006,2.4722,52.900000000000006,1,3,1,2,0.125,21,3,0.879421465403288,0,0,0,0.6221428571428571,0,fda_1157,CN1C(=O)[C@H](O)N=C(c2ccccc2)c2cc(Cl)ccc21,3.69718289,FDA,TEMAZEPAM,-1,0.0401573,0.2524128027606874
240.4349999999999,2.637500000000001,0.0,0,0,6,0,1.0,17,2,0.4944792209997182,0,0,0,1.0,0,fda_154,C[N+]1(CCCCC[N+]2(C)CCCC2)CCCC1,3.11972356,FDA,PENTOLINIUM,0,0.036953833,0.13388535640819185
396.6590000000001,7.641000000000008,20.23,1,1,5,0,0.7142857142857143,29,3,0.4732790343822408,1,0,0,0.8555,0,fda_10,C=C1CC[C@H](O)C/C1=C/C=C1\CCC[C@]2(C)[C@@H]([C@H](C)/C=C/[C@H](C)C(C)C)CC[C@@H]12,5.39842844,FDA,ERGOCALCIFEROL,-1,0.9742284,0.6016049972309833
400.6030000000003,6.400500000000007,43.370000000000005,0,3,6,0,0.8461538461538461,29,4,0.3825496385561263,1,0,0,0.6902142857142857,0,fda_1334,CCCCCCC(=O)O[C@H]1CC[C@H]2[C@@H]3CCC4=CC(=O)CC[C@]4(C)[C@H]3CC[C@]12C,5.52111292,FDA,TESTOSTERONE ENANTHATE,-1,0.9920723,0.626786819336938
212.249,0.7948999999999999,75.27000000000001,2,3,3,0,0.7,15,1,0.6791427219817272,0,0,0,0.4623571428571428,0,fda_1774,CC[C@H](C)C1(CC)C(=O)NC(=O)NC1=O,4.94630575,FDA,BUTABARBITAL,-1,0.013469233,0.508803746823061
889.0169999999997,8.607300000000006,174.63999999999996,4,8,10,5,0.4693877551020408,65,10,0.1078810328858633,2,1,0,0.0,1,fda_1731,COC(=O)N[C@H](C(=O)N1CC2(CC2)C[C@H]1c1ncc(-c2ccc3c(c2)C(F)(F)c2cc(-c4ccc5nc([C@@H]6[C@H]7CC[C@H](C7)N6C(=O)[C@@H](NC(=O)OC)C(C)C)[nH]c5c4)ccc2-3)[nH]1)C(C)C,5.6843648,FDA,LEDIPASVIR,-1,0.9976005,0.660295375599496
738.8900000000001,6.222000000000006,174.63999999999996,4,8,11,4,0.45,54,6,0.1402981854910489,2,2,0,0.0,1,fda_1785,COC(=O)N[C@H](C(=O)N1CCC[C@H]1c1ncc(-c2ccc(-c3ccc(-c4cnc([C@@H]5CCCN5C(=O)[C@@H](NC(=O)OC)C(C)C)[nH]4)cc3)cc2)[nH]1)C(C)C,5.53621912,FDA,DACLATASVIR,-1,0.9976943,0.6298874694036537
243.257,2.3461,40.129999999999995,0,2,3,2,0.1333333333333333,18,2,0.829740682106172,0,0,0,0.7133571428571429,0,fda_1168,C[C@@H](C(=O)[O-])c1ccc(-c2ccccc2)c(F)c1,4.56908607,FDA,FLURBIPROFEN,-1,0.09214826,0.43137684753942573
368.4970000000001,4.730800000000005,35.53,0,3,6,2,0.4347826086956521,27,3,0.5460960608858308,0,0,0,0.7462142857142857,0,fda_128,CC(C)[N+](C)(CCOC(=O)C1c2ccccc2Oc2ccccc21)C(C)C,4.58011293,FDA,PROPANTHELINE,-1,0.95104575,0.43364018538710847
1361.5750000000005,-9.041700000000017,530.2399999999998,15,26,9,1,0.58,89,5,0.0806348091117694,3,1,0,0.0,0,fda_1582,C[C@@H]1NC(=O)[C@@H]2CCCN2C(=O)[C@H](CC(N)=O)NC(=O)[C@H]2CSSC[C@H](N)C(=O)N[C@H]3CSSC[C@H](NC1=O)C(=O)N[C@@H]([C@@H](C)O)C(=O)NCC(=O)N[C@H](C(=O)[O-])CSSC[C@@H](NC(=O)[C@H](Cc1ccc(O)cc1)NC(=O)[C@H](CCC(=O)[O-])NC3=O)C(=O)N2,5.26472235,FDA,M LINACLOTIDE,-1,0.9265881,0.5741609148754746
460.56000000000034,1.2687,122.21,2,8,7,3,0.4761904761904761,32,4,0.5443497435384126,0,0,0,0.1270714285714286,1,fda_1563,CCCc1nn(C)c2c(=O)[nH]c(-c3cc(S(=O)(=O)N4CCNCC4)ccc3OCC)nc12,4.88391161,FDA,M SILDENAFIL,-1,0.95929646,0.4959969261564696
301.386,2.956800000000002,72.72,4,4,7,2,0.3333333333333333,22,2,0.593334886982252,0,0,1,0.4805714285714285,0,fda_1155,C[C@H](CCc1ccc(O)cc1)NCCc1ccc(O)c(O)c1,3.60755372,FDA,DOBUTAMINE,-1,0.1158976,0.2340158073587883
537.5760000000002,4.639200000000005,58.2,2,2,14,2,0.5,36,2,0.2726617298998794,1,1,0,0.5842857142857143,1,fda_179,CC[N+](CC)(CCNC(=O)C(=O)NCC[N+](CC)(CC)Cc1ccccc1Cl)Cc1ccccc1Cl,4.3643117,FDA,AMBENONIUM,-1,0.99487996,0.38934551841614173
330.4680000000001,3.695900000000003,54.370000000000005,1,3,2,0,0.8095238095238095,24,4,0.8398032346789407,0,0,0,0.6116428571428572,0,fda_1791,C[C@]12CC[C@H]3[C@@H](CCC4=CC(=O)CC[C@@]43C)[C@@H]1CC[C@@H]2C(=O)CO,5.57008219,FDA,DESOXYCORTICOSTERONE,-1,0.95523673,0.6368380943294918
301.47400000000016,4.330500000000004,23.47,1,2,5,1,0.7,22,3,0.8747104302685795,0,0,0,0.8323571428571429,0,fda_1094,O[C@](CCN1CCCCC1)(c1ccccc1)C1CCCCC1,4.64758301,FDA,TRIHEXYPHENIDYL,-1,0.13685638,0.4474888771860592
186.236,-0.2072999999999999,86.18,2,3,2,1,0.1428571428571428,12,1,0.6698196794692757,0,0,0,0.3844285714285713,0,fda_1223,NCc1ccc(S(N)(=O)=O)cc1,3.19087005,FDA,MAFENIDE,0,0.004841482,0.14848865630923136
257.377,3.080400000000002,23.47,1,2,0,1,0.6470588235294118,19,4,0.7718143750897628,0,0,0,0.8323571428571429,0,fda_127,CN1CC[C@]23CCCC[C@H]2[C@H]1Cc1ccc(O)cc13,4.80286455,FDA,LEVORPHANOL,-1,0.18797398,0.47936146707370175
484.50300000000016,-7.2914000000000065,282.61000000000007,11,15,6,0,1.0,33,3,0.1668536519334857,2,1,0,0.0,0,fda_1318,NC[C@H]1O[C@H](O[C@H]2[C@H](O)[C@@H](O[C@H]3O[C@H](CO)[C@@H](O)[C@H](N)[C@H]3O)[C@H](N)C[C@@H]2N)[C@H](O)[C@@H](O)[C@@H]1O,3.35400271,FDA,KANAMYCIN,-1,0.08194016,0.18197274185771475
309.45300000000003,4.292000000000004,20.31,0,2,7,2,0.3809523809523809,23,2,0.7601212787758543,0,0,0,0.8549285714285714,0,fda_1090,CCC(=O)C(C[C@H](C)N(C)C)(c1ccccc1)c1ccccc1,4.64024687,FDA,METHADONE,-1,0.8427367,0.44598308466507874
389.8860000000001,1.2295000000000005,118.36,3,5,2,1,0.4285714285714285,24,4,0.6571692284800612,0,0,0,0.1545714285714287,0,fda_1461,NS(=O)(=O)c1cc2c(cc1Cl)N[C@@H]([C@H]1C[C@@H]3C=C[C@H]1C3)NS2(=O)=O,4.88519669,FDA,CYCLOTHIAZIDE,-1,0.9317104,0.49626069754753643
197.381,2.5084999999999997,0.0,0,0,0,0,1.0,7,0,0.523506439863351,0,0,0,1.0,0,fda_1761,FC(F)(F)[C@@H](Cl)Br,3.13127232,FDA,HALOTHANE,0,0.029680746,0.13625581777269663
276.42400000000004,3.7524400000000018,32.34,1,2,7,1,0.5882352941176471,20,1,0.8222609245677037,0,0,0,0.769,0,fda_1384,CCCN(CC)[C@H](CC)C(=O)Nc1c(C)cccc1C,3.58532333,FDA,ETIDOCAINE,-1,0.1644895,0.22945286894696967
761.8500000000001,3.413240000000002,168.72,4,15,3,3,0.4871794871794871,54,10,0.2263033430827385,2,1,1,0.0,1,fda_1808,COc1cc2c(cc1O)CCN[C@]21CS[C@H]2c3c(OC(C)=O)c(C)c4c(c3[C@@H](COC1=O)N1[C@@H]2[C@H]2c3c(cc(C)c(OC)c3O)C[C@@H]([C@@H]1O)N2C)OCO4,4.794662,FDA,TRABECTEDIN,-1,0.99679536,0.47767783802041647
249.317,2.4668,41.62,1,3,0,2,0.1875,19,4,0.7789519520165338,0,0,0,0.7027142857142857,0,fda_1201,NC1=NC[C@@H]2c3ccccc3Cc3ccccc3N12,4.77140093,FDA,EPINASTINE,-1,0.09613526,0.4729033455439912
398.48200000000014,3.3349400000000013,77.23,3,3,7,2,0.3636363636363636,29,3,0.6263032743124629,0,0,0,0.4483571428571428,0,fda_1304,CCN(CC)CCNC(=O)c1c(C)[nH]c(/C=C2\C(=O)Nc3ccc(F)cc32)c1C,4.86630297,FDA,SUNITINIB,-1,0.9894936,0.492382633297195
212.29299999999995,0.8988999999999999,63.4,1,2,5,0,0.8181818181818182,15,1,0.7355284136638995,0,0,0,0.5471428571428572,0,fda_1799,CCC[C@@H]1CC(=O)N([C@@H](CC)C(N)=O)C1,3.57732272,FDA,BRIVARACETAM,-1,0.03404099,0.22781068944913002
200.237,2.9712000000000014,29.46,1,2,3,2,0.0769230769230769,15,2,0.8248951292816564,0,0,0,0.7895714285714286,0,fda_107,Oc1ccc(OCc2ccccc2)cc1,3.54323173,FDA,MONOBENZONE,-1,0.04348508,0.22081328239653555
339.4830000000001,3.361900000000002,59.22,1,3,8,2,0.4285714285714285,25,2,0.8020711980677477,0,0,0,0.577,0,fda_1150,CC(C)N(CC[C@](C(N)=O)(c1ccccc1)c1ccccn1)C(C)C,4.72393084,FDA,DISOPYRAMIDE,-1,0.89754903,0.46315978742047254
448.3070000000002,0.2486999999999994,158.45,0,11,6,3,0.2352941176470588,31,4,0.4784839534822249,1,1,0,0.0,1,fda_1717,Cn1nnc(-c2ccc(-c3ccc(N4C[C@H](COP(=O)([O-])[O-])OC4=O)cc3F)cn2)n1,5.73464251,FDA,TEDIZOLID PHOSPHATE,-1,0.93633634,0.6706152167816469
1792.117,3.1604999999999923,563.8100000000002,19,29,19,7,0.4186046511627907,125,15,0.0552678967377424,3,2,0,0.0,1,fda_1714,CN[C@H](CC(C)C)C(=O)N[C@H]1C(=O)N[C@@H](CC(N)=O)C(=O)N[C@H]2C(=O)N[C@H]3C(=O)N[C@H](C(=O)N[C@H](C(=O)[O-])c4cc(O)cc(O)c4-c4cc3ccc4O)[C@H](O[C@H]3C[C@](C)(N)[C@@H](O)[C@H](C)O3)c3ccc(c(Cl)c3)Oc3cc2cc(c3O[C@@H]2O[C@H](CO)[C@@H](O)[C@H](O)[C@H]2O[C@H]2C[C@](C)(NCc3ccc(-c4ccc(Cl)cc4)cc3)[C@@H](O)[C@H](C)O2)Oc2ccc(cc2Cl)[C@H]1O,5.81857729,FDA,ORITAVANCIN,1,0.9955728,0.6878433999916379
448.9500000000001,5.683140000000005,69.64,2,3,3,3,0.2307692307692307,32,4,0.540891219756549,1,0,0,0.5025714285714286,1,fda_1472,Cc1ccccc1C(=O)Nc1ccc(C(=O)N2CCC[C@@H](O)c3cc(Cl)ccc32)c(C)c1,5.71758032,FDA,TOLVAPTAN,-1,0.9977748,0.6671130864933008
160.17999999999998,0.9153999999999998,63.83,2,4,1,2,0.0,12,2,0.480554166108739,0,0,0,0.5440714285714285,0,fda_113,NNc1nncc2ccccc12,3.32749867,FDA,HYDRALAZINE,-1,0.012416948,0.1765326077806978
328.41300000000007,-3.2937999999999956,153.1,5,4,7,0,0.8,23,1,0.2437291823447372,0,1,0,0.0,0,fda_1723,CCC(CC)[C@H](NC(C)=O)[C@@H]1[C@H](O)[C@@H](C(=O)[O-])C[C@H]1NC(N)=[NH2+],4.52463579,FDA,PERAMIVIR,-1,0.06938883,0.4222531259120456
478.8850000000002,0.4390000000000007,181.62,6,9,2,1,0.4090909090909091,33,4,0.3283008516696476,1,1,0,0.0,0,fda_1002,CN(C)[C@@H]1C(O)=C(C(N)=O)C(=O)[C@@]2(O)C(O)=C3C(=O)c4c(O)ccc(Cl)c4[C@@](C)(O)[C@H]3C[C@@H]12,4.24798059,FDA,CHLORTETRACYCLINE,-1,0.9883477,0.36546776861919716
1141.274,-3.9988000000000143,432.45999999999987,11,18,33,4,0.3877551020408163,78,4,0.0202574805861622,3,2,0,0.0,1,fda_1382,CSCC[C@H](NC(=O)[C@H](Cc1ccc(OS(=O)(=O)O)cc1)NC(=O)[C@@H](N)CC(=O)[O-])C(=O)NCC(=O)N[C@@H](Cc1c[nH]c2ccccc12)C(=O)N[C@@H](CCSC)C(=O)N[C@@H](CC(=O)[O-])C(=O)N[C@@H](Cc1ccccc1)C(N)=O,6.38599157,FDA,SINCALIDE,1,0.9018851,0.804309031661906
435.8950000000001,3.1380000000000017,112.41,1,7,8,4,0.2272727272727272,31,4,0.4546066211556448,0,0,0,0.1970714285714285,1,fda_1671,CCCCc1nc(Cl)c(C(=O)[O-])n1Cc1ccc(-c2ccccc2-c2nnn[nH]2)cc1,5.09315157,FDA,M LOSARTAN,-1,0.99728465,0.5389448479325335
450.41700000000014,3.7317800000000023,90.43,1,4,3,2,0.2,31,3,0.5685786906882935,0,0,0,0.3540714285714285,1,fda_1591,CC1(C)C(=O)N(c2ccc(C#N)c(C(F)(F)F)c2)C(=S)N1c1ccc(C(N)=O)c(F)c1,5.41264963,FDA,M ENZALUTAMIDE,-1,0.9931452,0.604523992989167
439.8900000000002,1.655,109.57,2,6,4,1,0.4545454545454545,25,2,0.7378988516920792,0,0,0,0.2173571428571429,0,fda_1133,CN1[C@H](CSCC(F)(F)F)Nc2cc(Cl)c(S(N)(=O)=O)cc2S1(=O)=O,5.21278477,FDA,POLYTHIAZIDE,-1,0.862186,0.5635003741112816
357.497,5.653900000000005,21.26,1,2,8,3,0.2,27,3,0.41513409758476,1,0,0,0.8481428571428572,0,fda_1707,CC/C(=C(\c1ccccc1)c1ccc(OCCNC)cc1)c1ccccc1,4.90658236,FDA,M TAMOXIFEN,-1,0.9015646,0.5006502514467472
410.4900000000002,2.5003,95.53,1,5,11,2,0.375,30,2,0.5744417259607896,0,1,0,0.3176428571428571,1,fda_1789,CCOC(=O)[C@H](C)C[C@@H](Cc1ccc(-c2ccccc2)cc1)NC(=O)CCC(=O)[O-],4.70605278,FDA,SACUBITRIL,-1,0.97690046,0.4594901942778062
281.339,-2.441799999999998,120.72,4,3,2,1,0.0,21,2,0.2732241016452689,0,0,0,0.1377142857142856,0,fda_145,NC(=[NH2+])C1=CC(=O)/C(=C\C=c2ccc(=C(N)N)cc2)C=C1,4.34595156,FDA,HYDROXYSTILBAMIDINE,-1,0.0035020637,0.3855769750818876
567.7960000000003,4.747620000000004,101.9,4,6,9,2,0.5625,40,4,0.326500977362608,1,0,0,0.2721428571428571,1,fda_1277,Cc1c(O)cccc1C(=O)N[C@@H](CSc1ccccc1)[C@H](O)CN1C[C@H]2CCCC[C@H]2C[C@H]1C(=O)NC(C)(C)C,5.84552383,FDA,NELFINAVIR,1,0.99799216,0.6933743601966368
425.5980000000002,3.8820000000000032,47.02000000000001,1,6,8,2,0.4583333333333333,30,4,0.6479013320403016,0,0,0,0.6641428571428571,1,fda_1220,CCC(=O)c1ccc2c(c1)N(CCCN1CCN(CCO)CC1)c1ccccc1S2,4.55251932,FDA,CARPHENAZINE,-1,0.9963798,0.4279764096733336
265.82800000000003,4.395800000000004,12.03,1,1,5,1,0.625,18,2,0.832337090661778,0,0,0,0.9140714285714284,0,fda_1657,CN[C@@H](CC(C)C)C1(c2ccc(Cl)cc2)CCC1,4.40920973,FDA,M SIBUTRAMINE,-1,0.06680461,0.39856114376963236
664.7250000000004,-1.2149999999999952,233.81999999999996,6,14,3,0,0.6363636363636364,47,4,0.1534721998247157,3,1,0,0.0,0,fda_1017,C[C@@H]1C/C=C/C=C/C=C/C=C/[C@H](O[C@@H]2O[C@H](C)[C@@H](O)[C@H](N)[C@@H]2O)C[C@@H]2O[C@](O)(C[C@@H](O)C[C@H]3O[C@@H]3/C=C/C(=O)O1)C[C@H](O)[C@H]2C(=O)[O-],4.99468231,FDA,NATAMYCIN,-1,0.9052491,0.5187333640657478
328.38500000000016,1.3482999999999994,104.76,1,6,7,0,0.8125,23,1,0.5584971740982958,0,0,0,0.2517142857142858,0,fda_1507,CC(C)C(=O)O[C@@H](C)OC(=O)NCC1(CC(=O)[O-])CCCCC1,4.37186575,FDA,GABAPENTIN ENACARBIL,-1,0.37672603,0.3908960384434467
259.34900000000005,2.577500000000001,41.489999999999995,2,3,6,2,0.375,19,2,0.8375057924076362,0,0,0,0.7036428571428572,0,fda_1139,CC(C)NC[C@@H](O)COc1cccc2ccccc12,3.4013412,FDA,PROPRANOLOL,-1,0.025547592,0.19168928818814315
464.4440000000002,3.992480000000003,76.44,1,4,3,2,0.238095238095238,32,3,0.5492417106050057,0,0,0,0.454,1,fda_1590,CNC(=O)c1ccc(N2C(=S)N(c3ccc(C#N)c(C(F)(F)F)c3)C(=O)C2(C)C)cc1F,5.85742998,FDA,ENZALUTAMIDE,1,0.9932499,0.6958181782840331
311.425,3.8371800000000023,61.09,1,3,1,0,0.7,23,4,0.8001121130289811,0,0,0,0.5636428571428571,0,fda_1497,C[C@]12CCC3=C4CCC(=O)C=C4CC[C@H]3[C@@H]1CC[C@@]2(O)CC#N,5.5657649,FDA,DIENOGEST,-1,0.8807634,0.6359519412581349
124.13899999999995,1.4008,29.46,1,2,1,1,0.1428571428571428,9,1,0.6127725486570803,0,0,0,0.7895714285714286,0,fda_1418,COc1ccc(O)cc1,3.52578545,FDA,MEQUINOL,-1,0.0075950287,0.21723231502910098
505.4580000000001,3.3366000000000007,177.57999999999998,6,2,9,2,0.2727272727272727,34,2,0.1728662272420182,2,1,0,0.0,1,fda_1233,NC(=N\CCCCCC/N=C(N)/N=C(\N)Nc1ccc(Cl)cc1)/N=C(\N)Nc1ccc(Cl)cc1,5.18994474,FDA,CHLORHEXIDINE,-1,0.9844413,0.5588123029522021
354.28700000000003,5.060880000000003,41.61,0,5,2,2,0.1428571428571428,21,3,0.7070685866540107,1,0,0,0.7027857142857143,0,fda_1631,N#C/C(=C1/SC[C@@H](c2ccc(Cl)cc2Cl)S1)n1ccnc1,3.74308848,FDA,LULICONAZOLE,-1,0.19616303,0.2618352366418832
338.40400000000005,-1.2072999999999965,112.6,1,6,7,0,0.8235294117647058,24,2,0.6233403097358331,0,0,0,0.1957142857142857,0,fda_1685,CCC[C@H](N[C@@H](C)C(=O)N1[C@H](C(=O)[O-])C[C@@H]2CCCC[C@@H]21)C(=O)[O-],3.88139725,FDA,PERINDOPRILAT,-1,0.12776577,0.29022405030301957
451.9140000000001,4.135170000000002,107.41,3,5,6,3,0.1304347826086956,32,3,0.3854531660971693,0,0,0,0.2327857142857142,1,fda_1832,[H]/N=C(/c1ccc(C(=O)Nc2ccc(OC)cc2C(=O)Nc2ccc(Cl)cn2)cc1)N(C)C,4.98085165,FDA,BETRIXABAN,-1,0.98995507,0.5158945272403568
166.24399999999997,1.9790000000000003,20.23,1,1,2,1,0.4,12,1,0.6659702056085907,0,0,0,0.8555,0,fda_101,CC[N+](C)(C)c1cccc(O)c1,3.87420869,FDA,EDROPHONIUM,-1,0.0157214,0.28874854957857604
161.22499999999997,0.1764,52.32,1,2,3,0,0.8571428571428571,11,0,0.6000594654010832,0,0,0,0.6262857142857143,0,fda_1093,C[C@@H](C[N+](C)(C)C)OC(N)=O,2.75888443,FDA,BETHANECHOL,0,0.011328132,0.059820676177020984
608.6080000000004,-9.215600000000013,328.96,6,16,21,0,0.6,40,0,0.051990568735421,3,2,0,0.0,0,fda_1391,N[C@@H](CCC(=O)N[C@@H](CSSC[C@H](NC(=O)CC[C@H](N)C(=O)[O-])C(=O)NCC(=O)[O-])C(=O)NCC(=O)[O-])C(=O)[O-],3.91180229,FDA,GLUTATHIONE DISULFIDE,-1,0.7312229,0.2964648911037829
353.4660000000001,1.9351,57.5,2,4,4,2,0.4761904761904761,26,4,0.8831423888921255,0,0,1,0.5892857142857143,0,fda_1219,CC[C@@H](CO)NC(=O)[C@@H]1C=C2c3cccc4c3c(cn4C)C[C@H]2N(C)C1,3.75057626,FDA,METHYSERGIDE,-1,0.9528167,0.2633721543019534
426.4560000000002,-1.873899999999996,159.27000000000004,2,11,7,1,0.4,28,3,0.2890668391096812,1,1,0,0.0,0,fda_1633,COCC1=C(C(=O)[O-])N2C(=O)[C@@H](NC(=O)/C(=N\OC)c3csc(N)n3)[C@H]2SC1,4.61079788,FDA,CEFPODOXIME,-1,0.5684019,0.43993847961495297
146.142,-1.4942000000000004,58.92,2,4,0,0,1.0,10,2,0.4366832812212583,0,0,0,0.5791428571428572,0,fda_1456,O[C@@H]1CO[C@H]2[C@@H]1OC[C@@H]2O,2.7480309,FDA,ISOSORBIDE,0,0.00237741,0.05759291548812495
386.56100000000015,4.214800000000004,32.78,0,4,8,2,0.5,27,3,0.6810921785688575,0,0,0,0.7658571428571428,0,fda_1243,CCC(=O)N(c1ccccc1)C1(COC)CCN(CCc2cccs2)CC1,4.12913275,FDA,SUFENTANIL,-1,0.9789944,0.34107344291021613
644.6720000000004,-2.4466999999999928,223.08999999999995,3,14,9,2,0.4,44,5,0.1467237929255473,2,1,0,0.0,1,fda_1027,CCN1CCN(C(=O)N[C@@H](C(=O)N[C@@H]2C(=O)N3C(C(=O)[O-])=C(CSc4nnnn4C)CS[C@H]23)c2ccc(O)cc2)C(=O)C1=O,5.39918375,FDA,CEFOPERAZONE,-1,0.9447614,0.601760029734319
838.8779999999998,3.8568000000000016,195.22,3,11,6,2,0.631578947368421,58,7,0.2826248744385246,2,1,0,0.0,1,fda_1850,CC(C)(C)[C@@H]1NC(=O)O[C@@H]2CCC[C@H]2OC/C=C/C(F)(F)c2nc3ccccc3nc2O[C@@H]2C[C@@H](C(=O)N[C@]3(C(=O)NS(=O)(=O)C4(C)CC4)C[C@H]3C(F)F)N(C2)C1=O,5.82164001,FDA,GLECAPREVIR,1,0.99793196,0.6884720440564809
394.4270000000002,-0.5747999999999962,112.6,1,6,8,2,0.3181818181818182,29,3,0.6413864471796791,0,0,0,0.1957142857142857,0,fda_1696,O=C([O-])CN1C(=O)[C@@H](N[C@@H](CCc2ccccc2)C(=O)[O-])CCc2ccccc21,5.03592634,FDA,BENAZEPRILAT,-1,0.9034204,0.5271989811217327
218.25299999999996,0.9834000000000004,104.64,2,4,6,0,0.7777777777777778,15,0,0.6928160102714501,0,0,0,0.2525714285714286,0,fda_164,CCCC(C)(COC(N)=O)COC(N)=O,3.34052396,FDA,MEPROBAMATE,-1,0.023520095,0.17920613694802578
1420.704,-4.347000000000006,536.5299999999999,15,21,31,2,0.6363636363636364,100,4,0.0339246860957052,3,2,0,0.0,1,fda_1311,CC[C@@H](C)[C@H](NC(=O)[C@@H](CCC(=O)[O-])NC(=O)[C@H](CC(C)C)NC(=O)[C@@H]1CSC([C@@H](N)[C@@H](C)CC)=N1)C(=O)N[C@H]1CCCCNC(=O)[C@H](CC(N)=O)NC(=O)[C@@H](CC(=O)[O-])NC(=O)[C@H](Cc2cnc[nH]2)NC(=O)[C@@H](Cc2ccccc2)NC(=O)[C@H]([C@H](C)CC)NC(=O)[C@@H](CCCN)NC1=O,5.93531418,FDA,BACITRACIN,1,0.94185,0.7118044388873678
176.17499999999998,0.5992000000000001,64.67999999999999,1,3,1,1,0.1111111111111111,13,2,0.6809458251088377,0,0,0,0.538,0,fda_1143,NC1=NC(=O)[C@H](c2ccccc2)O1,3.7593298,FDA,PEMOLINE,-1,0.010962756,0.26516887779197723
328.4120000000001,2.1353999999999997,95.57999999999998,4,4,8,2,0.3157894736842105,24,2,0.5968389616111595,0,0,0,0.3172857142857144,0,fda_1704,C[C@@H](CCc1ccccc1)NC[C@@H](O)c1ccc(O)c(C(N)=O)c1,4.25471497,FDA,LABETALOL,-1,0.78801405,0.36685004581639363
470.6130000000003,6.331020000000006,57.86,2,5,7,4,0.3333333333333333,35,5,0.3313105320722487,1,0,0,0.5867142857142857,1,fda_1630,Cc1c(-c2ccc(O)cc2)n(Cc2ccc(OCCN3CCCCCC3)cc2)c2ccc(O)cc12,5.20028448,FDA,BAZEDOXIFENE,-1,0.989925,0.5609346047568136
294.3949999999999,2.5562000000000005,64.79,1,5,9,1,0.5625,21,1,0.5599065078286075,0,0,0,0.5372142857142856,0,fda_134,CCCOc1ccc(C(=O)OCCN(CC)CC)cc1N,3.67678833,FDA,PROPARACAINE,-1,0.07311835,0.2482266809150454
223.29599999999996,1.9437,29.540000000000003,0,2,2,1,0.4166666666666667,16,1,0.7170811018086075,0,0,0,0.7889999999999999,0,fda_1606,CN(C)C(=O)Oc1cccc([N+](C)(C)C)c1,2.85903168,FDA,NEOSTIGMINE,0,0.031244459,0.08037657887881812
1085.156,-0.2492799999999888,358.20000000000005,11,24,15,2,0.7692307692307693,76,8,0.1095381588789766,3,2,0,0.0,1,fda_1444,CO[C@H](C(=O)[C@@H](O)[C@@H](C)O)[C@@H]1Cc2cc3cc(O[C@H]4C[C@@H](O[C@H]5C[C@@H](O)[C@H](O)[C@@H](C)O5)[C@H](O)[C@@H](C)O4)c(C)c(O)c3c(O)c2C(=O)[C@H]1O[C@H]1C[C@@H](O[C@H]2C[C@@H](O[C@H]3C[C@](C)(O)[C@H](O)[C@@H](C)O3)[C@@H](O)[C@@H](C)O2)[C@H](O)[C@@H](C)O1,5.465065,FDA,PLICAMYCIN,-1,0.97784287,0.6152826033933338
476.8690000000002,0.2155,181.62,6,9,2,1,0.3181818181818182,33,4,0.3249428299467629,1,1,0,0.0,0,fda_1019,C=C1c2c(Cl)ccc(O)c2C(=O)C2=C(O)[C@]3(O)C(=O)C(C(N)=O)=C(O)[C@@H](N(C)C)[C@@H]3[C@@H](O)[C@H]12,4.88442039,FDA,MECLOCYCLINE,-1,0.989106,0.4961013567042541
309.47800000000007,5.015000000000005,3.24,0,2,2,2,0.4,22,4,0.7664689844331225,1,0,0,0.9768571428571428,0,fda_1356,CN1CCC[C@H](CC2c3ccccc3Sc3ccccc32)C1,4.42658186,FDA,METHIXENE,-1,0.2999656,0.4021268913463554
367.50600000000026,2.530500000000001,97.66,2,5,13,0,0.8095238095238095,26,1,0.3849866768068556,0,1,0,0.3024285714285715,0,fda_1701,CCCC[C@](C)(O)C/C=C/[C@H]1[C@H](O)CC(=O)[C@@H]1CCCCCCC(=O)[O-],5.74122667,FDA,M MISOPROSTOL,-1,0.92508274,0.6719666603043903
505.5830000000002,-0.0419799999999984,162.93,2,12,7,2,0.2631578947368421,33,4,0.2984563702798238,2,1,0,0.0,1,fda_1553,CO/N=C(\C(=O)N[C@@H]1C(=O)N2C(C(=O)[O-])=C(/C=C\c3scnc3C)CS[C@H]12)c1csc(N)n1,5.34212255,FDA,CEFDITOREN,-1,0.9734326,0.5900478311941916
392.5220000000001,2.3457,59.06,1,6,4,2,0.5263157894736842,26,5,0.492985025398511,0,0,0,0.5781428571428571,0,fda_1295,C[N+]1(C)[C@@H]2C[C@@H](OC(=O)C(O)(c3cccs3)c3cccs3)C[C@H]1[C@@H]1O[C@@H]12,4.37629223,FDA,TIOTROPIUM,-1,0.9818518,0.3918046035033105
265.35299999999995,1.9891,50.72,2,4,9,1,0.4666666666666667,19,1,0.6704564525308724,0,0,0,0.6377142857142857,0,fda_1158,C=CCOc1ccccc1OC[C@H](O)CNC(C)C,3.06638598,FDA,OXPRENOLOL,0,0.009771319,0.12293745614303908
347.43800000000005,2.680620000000001,56.260000000000005,0,4,6,2,0.2727272727272727,26,3,0.7540871252153405,0,0,0,0.5981428571428571,0,fda_1400,Cc1ccc(/C(=C\CN2CCCC2)c2cccc(/C=C/C(=O)[O-])n2)cc1,4.91312408,FDA,ACRIVASTINE,-1,0.9616656,0.501992983871476
394.4140000000001,-1.5064999999999988,161.04000000000002,3,10,5,1,0.2142857142857142,26,3,0.2350719555253545,0,1,0,0.0,0,fda_1067,C=CC1=C(C(=O)[O-])N2C(=O)[C@@H](NC(=O)/C(=N\O)c3csc(N)n3)[C@H]2SC1,5.23147917,FDA,CEFDINIR,-1,0.56155854,0.5673375265789579
296.799,1.5203999999999995,43.37,1,4,3,1,0.3571428571428571,19,2,0.6792913597377604,0,0,0,0.6902142857142857,0,fda_1690,O=C([O-])/C=C1/CN(Cc2ccccc2Cl)CC[C@@H]1S,4.10417223,FDA,M TICLOPIDINE,-1,0.04544368,0.3359501267881432
129.115,0.0313999999999999,55.4,1,3,0,0,0.6,9,1,0.501695512229331,0,0,0,0.6042857142857143,0,fda_1773,CC1(C)OC(=O)NC1=O,3.47703671,FDA,M TRIMETHADIONE,-1,0.0047700675,0.20722630531565203
538.5840000000003,-1.5684999999999958,176.32999999999998,2,9,6,1,0.4761904761904761,36,4,0.4052799212104154,1,1,0,0.0,0,fda_1315,CC1(C)S[C@@H]2[C@H](NC(=O)[C@H](NC(=O)N3CCN(S(C)(=O)=O)C3=O)c3ccccc3)C(=O)N2[C@H]1C(=O)[O-],4.74569893,FDA,MEZLOCILLIN,-1,0.92386353,0.4676278356199383
334.33200000000005,-1.6511999999999971,146.89,3,8,3,0,0.5333333333333333,24,4,0.4106698403593517,0,1,1,0.0,0,fda_1006,CO[C@@]12[C@H](COC(N)=O)C3=C(C(=O)C(C)=C(N)C3=O)N1C[C@@H]1N[C@@H]12,3.35288644,FDA,MITOMYCIN,-1,0.263248,0.18174361986475998
263.381,2.7326000000000006,43.7,2,3,4,1,0.625,19,2,0.8775816874821688,0,0,0,0.6878571428571428,0,fda_1433,CN(C)C[C@@H](c1ccc(O)cc1)C1(O)CCCCC1,4.34468794,FDA,DESVENLAFAXINE,-1,0.06680461,0.3853176085014569
249.354,2.331600000000001,43.7,2,3,3,1,0.6,18,2,0.8638209859209474,0,0,0,0.6878571428571428,0,fda_1678,CN(C)C[C@@H]1CCCC[C@@]1(O)c1cccc(O)c1,3.80444217,FDA,M TRAMADOL,-1,0.036103144,0.2744284978850649
144.12599999999998,-0.1114000000000001,52.60000000000001,0,4,2,0,0.3333333333333333,10,0,0.4004770226950069,0,0,0,0.6242857142857142,0,fda_1625,COC(=O)/C=C/C(=O)OC,4.55409527,FDA,DIMETHYL FUMARATE,-1,0.008799248,0.42829988410586073
314.46900000000005,5.735800000000006,29.46,1,2,4,1,0.6190476190476191,23,3,0.5673159936374234,1,0,0,0.7895714285714286,0,fda_1392,CCCCCc1cc(O)c2c(c1)OC(C)(C)[C@@H]1CCC(C)=C[C@@H]21,5.24925947,FDA,DRONABINOL,-1,0.692796,0.5709870538181857
301.3860000000001,1.7251,41.93,1,4,1,1,0.6666666666666666,22,5,0.857564110359614,0,0,0,0.7005,0,fda_1216,COc1ccc2c3c1O[C@H]1[C@@H](O)CC[C@H]4[C@@H](C2)N(C)CC[C@@]341,3.70368314,FDA,DIHYDROCODEINE,-1,0.051225424,0.2537470231864839
389.8860000000001,1.2295000000000005,118.36,3,5,2,1,0.4285714285714285,24,4,0.6571692284800612,0,0,0,0.1545714285714287,0,fda_1462,NS(=O)(=O)c1cc2c(cc1Cl)N[C@H]([C@H]1C[C@@H]3C=C[C@H]1C3)NS2(=O)=O,4.52588654,FDA,CYCLOTHIAZIDE,-1,0.9317104,0.4225098508376355
388.4200000000001,3.201800000000002,107.77,1,7,6,1,0.4,28,2,0.4527860366395833,0,0,0,0.2302142857142856,0,fda_1672,COC(=O)C1=C(C)NC(C)=C(C(=O)OCC(C)C)[C@H]1c1ccccc1[N+](=O)[O-],4.29345846,FDA,NISOLDIPINE,-1,0.9822842,0.37480241006771403
168.16,-0.2733,108.52,3,4,3,1,0.2,12,1,0.4264148478247674,0,0,1,0.2248571428571427,0,fda_1651,CN/N=N/c1[nH]cnc1C(N)=O,3.545964,FDA,M TEMOZOLOMIDE,-1,0.014374631,0.2213740993563127
627.7460000000002,5.812270000000006,151.53000000000003,3,10,15,4,0.3529411764705882,46,4,0.0646297202377854,2,2,0,0.0,1,fda_1499,[H]/N=C(\NC(=O)OCCCCCC)c1ccc(NCc2nc3cc(C(=O)N(CCC(=O)OCC)c4ccccn4)ccc3n2C)cc1,5.7695179,FDA,DABIGATRAN ETEXILATE,-1,0.9972766,0.6777736272574937
312.482,5.019600000000005,6.48,0,3,5,2,0.3684210526315789,22,3,0.7651953187356423,1,0,1,0.9537142857142856,0,fda_140,CCN(CC)[C@@H](C)CN1c2ccccc2Sc2ccccc21,4.54167891,FDA,ETHOPROPAZINE,-1,0.13138394,0.4257513419534752
318.354,2.006,95.5,3,4,5,2,0.0,22,2,0.4462558920281968,0,0,0,0.3178571428571428,0,fda_1729,O=C(/C=C/c1cccc(S(=O)(=O)Nc2ccccc2)c1)NO,4.77332735,FDA,BELINOSTAT,-1,0.088446386,0.4732987563224477
433.5770000000001,4.724000000000004,48.57,1,5,7,4,0.32,31,5,0.4284550784737121,0,0,0,0.6530714285714285,1,fda_1780,O=c1ccc2ccc(OCCCCN3CCN(c4cccc5sccc45)CC3)cc2[nH]1,5.07954073,FDA,BREXPIPRAZOLE,-1,0.9888067,0.5361511306539289
319.246,3.9277000000000024,16.130000000000003,0,2,5,2,0.3125,19,2,0.8300542359520316,0,0,0,0.8847857142857143,0,fda_1110,CN(C)CC[C@H](c1ccc(Br)cc1)c1ccccn1,3.56866908,FDA,BROMPHENIRAMINE,-1,0.06857987,0.22603447111206748
385.4410000000001,2.0572999999999997,118.67000000000002,2,6,14,1,0.6842105263157895,26,1,0.3736904578521614,0,1,0,0.1523571428571427,0,fda_1538,CCCCCCCCc1ccc(CC[C@](N)(CO)COP(=O)([O-])[O-])cc1,4.98142958,FDA,M FINGOLIMOD,-1,0.77188694,0.516013151294921
362.4660000000002,1.7815999999999996,94.83,3,5,2,0,0.8095238095238095,26,4,0.6960164410604959,0,0,0,0.3226428571428571,0,fda_108,C[C@]12CCC(=O)C=C1CC[C@@H]1[C@@H]2[C@@H](O)C[C@@]2(C)[C@H]1CC[C@]2(O)C(=O)CO,5.31878805,FDA,HYDROCORTISONE,-1,0.94103974,0.5852582667119408
366.5490000000002,4.830200000000005,15.71,0,3,10,2,0.5,27,3,0.5988605961954666,0,0,0,0.8877857142857143,0,fda_1175,CC(C)COC[C@@H](CN(Cc1ccccc1)c1ccccc1)N1CCCC1,4.26199245,FDA,BEPRIDIL,-1,0.8920814,0.36834379797428385
232.27999999999992,1.2294000000000005,104.64,2,4,6,0,0.8,16,0,0.7179858695750139,0,0,0,0.2525714285714286,0,fda_1377,CC[C@@H](C)C(C)(COC(N)=O)COC(N)=O,3.44453549,FDA,MEBUTAMATE,-1,0.021000287,0.20055520934437265
288.431,3.879200000000003,37.3,1,2,0,0,0.8421052631578947,21,4,0.7342296115534325,0,0,0,0.7335714285714285,0,fda_143,C[C@]12CC[C@H]3[C@@H](CCC4=CC(=O)CC[C@@]43C)[C@@H]1CC[C@@H]2O,4.99357605,FDA,TESTOSTERONE,-1,0.1663346,0.5185062966932248
543.5250000000003,0.0012999999999993,206.07,6,12,5,2,0.4444444444444444,39,5,0.2352625816856561,3,1,1,0.0,1,fda_1009,COc1cccc2c1C(=O)c1c(O)c3c(c(O)c1C2=O)C[C@@](O)(C(=O)CO)C[C@@H]3O[C@H]1C[C@H](N)[C@H](O)[C@H](C)O1,4.15304184,FDA,DOXORUBICIN,-1,0.97061086,0.34598094588936446
339.4350000000001,2.512500000000001,52.93000000000001,2,4,2,1,0.6190476190476191,25,6,0.813193738638947,0,0,0,0.6219285714285714,0,fda_1415,C=C1CC[C@@]2(O)[C@H]3Cc4ccc(O)c5c4[C@@]2(CCN3CC2CC2)[C@H]1O5,4.43247461,FDA,NALMEFENE,-1,0.8334614,0.40333641827441397
558.1480000000001,6.361920000000006,105.24,3,8,9,3,0.4285714285714285,38,4,0.2788737905378975,2,0,0,0.2482857142857142,1,fda_1738,Cc1cc(Nc2ncc(Cl)c(Nc3ccccc3S(=O)(=O)C(C)C)n2)c(OC(C)C)cc1C1CCNCC1,5.65522146,FDA,CERITINIB,-1,0.9924299,0.6543135072861335
943.0900000000008,0.0423000000000082,282.21,9,19,10,0,0.9361702127659576,66,9,0.1033102543066299,3,1,0,0.0,0,fda_150,C[C@H]1O[C@@H](O[C@H]2CC[C@@]3(C)[C@H](CC[C@@H]4[C@@H]3C[C@@H](O)[C@]3(C)[C@@H](C5=CC(=O)OC5)CC[C@]43O)C2)C[C@H](O)[C@@H]1O[C@H]1C[C@H](O)[C@H](O[C@H]2C[C@H](O)[C@H](O[C@@H]3O[C@H](CO)[C@@H](O)[C@H](O)[C@H]3O)[C@@H](C)O2)[C@@H](C)O1,6.25214243,FDA,DESLANOSIDE,1,0.8777276,0.7768355873231028
381.4280000000003,0.6870999999999989,109.36,1,5,10,2,0.3181818181818182,28,2,0.6510654925004248,0,0,0,0.2188571428571427,0,fda_1790,C[C@H](C[C@@H](Cc1ccc(-c2ccccc2)cc1)NC(=O)CCC(=O)[O-])C(=O)[O-],4.66205359,FDA,M SACUBITRIL,-1,0.9546157,0.45045906193420326
549.7029999999999,6.829400000000008,36.02,0,6,12,2,0.5517241379310345,38,4,0.2134013967391396,2,1,0,0.7427142857142857,1,fda_1343,CCCCCCC(=O)OCCN1CCN(CCCN2c3ccccc3Sc3ccc(C(F)(F)F)cc32)CC1,5.01367092,FDA,FLUPHENAZINE ENANTHATE,-1,0.9972766,0.5226309051325506
276.42400000000004,3.7524400000000018,32.34,1,2,7,1,0.5882352941176471,20,1,0.8222609245677037,0,0,0,0.769,0,fda_1385,CCCN(CC)[C@@H](CC)C(=O)Nc1c(C)cccc1C,3.56268907,FDA,ETIDOCAINE,-1,0.1644895,0.22480703347682762
349.3930000000001,4.4381800000000045,58.68,0,4,3,4,0.0,27,4,0.5493442133854947,0,0,0,0.5808571428571428,0,fda_1579,N#Cc1ccccc1-c1cc(-c2ccccn2)cn(-c2ccccc2)c1=O,5.75230455,FDA,PERAMPANEL,-1,0.9726783,0.6742404703533152
357.261,1.9299,61.190000000000005,0,5,9,2,0.5,23,2,0.6437291201561798,0,0,0,0.5629285714285714,0,fda_1443,Cn1c(CCCC(=O)[O-])nc2cc(N(CCCl)CCCl)ccc21,4.20747185,FDA,BENDAMUSTINE,-1,0.823926,0.35715307482568415
411.5710000000003,3.491900000000003,47.02000000000001,1,6,7,2,0.4347826086956521,29,4,0.7040504664729512,0,0,0,0.6641428571428571,1,fda_1217,CC(=O)c1ccc2c(c1)Sc1ccccc1N2CCCN1CCN(CCO)CC1,4.80832911,FDA,ACETOPHENAZINE,-1,0.99588805,0.48048310509839176
437.4750000000001,4.242980000000002,87.61999999999999,1,7,6,4,0.1818181818181818,31,4,0.4874521724874653,0,0,0,0.3741428571428572,1,fda_1788,C[C@@H](c1nc(-c2ccc(C#N)cc2)cs1)[C@](O)(Cn1cncn1)c1cc(F)ccc1F,5.35421705,FDA,ISAVUCONAZOLE,-1,0.99257725,0.5925303093973063
360.5380000000002,5.166000000000006,43.370000000000005,0,3,2,0,0.9130434782608696,26,4,0.6384037243072085,1,0,0,0.6902142857142857,0,fda_1353,CCC(=O)O[C@H]1CC[C@H]2[C@@H]3CC[C@H]4CC(=O)[C@H](C)C[C@]4(C)[C@H]3CC[C@]12C,5.45416498,FDA,DROMOSTANOLONE PROPIONATE,-1,0.9608138,0.6130453003164381
252.273,3.0294000000000016,58.86000000000001,1,2,0,2,0.1333333333333333,19,4,0.732474562069225,0,0,0,0.5795714285714285,0,fda_1752,NC(=O)N1c2ccccc2[C@H]2O[C@H]2c2ccccc21,4.02918577,FDA,M CARBAMAZEPINE,-1,0.327764,0.3205586469850312
218.22899999999996,-2.3779999999999983,109.69,3,5,6,0,0.7777777777777778,15,0,0.46101245499216,0,0,0,0.2165,0,fda_1408,CC(C)(CO)[C@@H](O)C(=O)NCCC(=O)[O-],2.70209026,FDA,PANTOTHENIC ACID,0,0.01034152,0.04816328735656579
179.26299999999998,2.0294399999999997,35.25,1,2,3,1,0.4545454545454545,13,1,0.7701737793320904,0,0,0,0.7482142857142857,0,fda_1171,Cc1cccc(C)c1OC[C@@H](C)N,3.44256973,FDA,MEXILETINE,-1,0.009628763,0.20015172376393908
529.5260000000001,6.355840000000005,97.62,2,7,6,5,0.1071428571428571,39,5,0.2658598216325419,2,0,0,0.3027142857142857,1,fda_1310,Cc1cn(-c2cc(NC(=O)c3ccc(C)c(Nc4nccc(-c5cccnc5)n4)c3)cc(C(F)(F)F)c2)cn1,6.35661316,FDA,NILOTINIB,1,0.9979504,0.7982789136357645
326.8270000000001,3.7245000000000017,45.150000000000006,2,3,0,2,0.3157894736842105,23,4,0.7751782492264959,0,0,0,0.6775,0,fda_1649,Oc1cnc2c(c1)CCc1cc(Cl)ccc1C2=C1CCNCC1,5.09638786,FDA,M DESLORATADINE,-1,0.8460897,0.539609118417792
284.359,2.2062,53.43000000000001,1,3,6,2,0.2941176470588235,21,2,0.8845260918021192,0,0,0,0.6183571428571428,0,fda_1122,CCN(Cc1ccncc1)C(=O)[C@@H](CO)c1ccccc1,3.99501157,FDA,TROPICAMIDE,-1,0.09214826,0.3135441605152405
497.5000000000002,1.0202999999999998,176.61,5,10,3,2,0.4230769230769231,36,5,0.3283465061048781,0,1,1,0.0,1,fda_1050,CC(=O)[C@]1(O)Cc2c(O)c3c(c(O)c2[C@@H](O[C@H]2C[C@H](N)[C@H](O)[C@H](C)O2)C1)C(=O)c1ccccc1C3=O,4.4464016,FDA,IDARUBICIN,-1,0.98754907,0.4061950274860388
392.8380000000002,1.81,91.39,1,6,3,2,0.4736842105263157,27,4,0.8596709221048505,0,0,0,0.3472142857142858,0,fda_1473,N[C@@H]1CCCCN(c2c(F)cc3c(=O)c(C(=O)[O-])cn(C4CC4)c3c2Cl)C1,5.57413101,FDA,BESIFLOXACIN,-1,0.9890231,0.6376691421114039
615.6340000000004,-8.861700000000015,347.32,13,19,9,0,1.0,42,4,0.1143750845502517,3,1,0,0.0,0,fda_1076,NC[C@@H]1O[C@H](O[C@H]2[C@@H](O)[C@H](O[C@@H]3[C@@H](O)[C@H](N)C[C@H](N)[C@H]3O[C@H]3O[C@H](CO)[C@@H](O)[C@H](O)[C@H]3N)O[C@@H]2CO)[C@H](N)[C@@H](O)[C@@H]1O,2.88108945,FDA,PAROMOMYCIN,0,0.25143698,0.08490408586416838
205.25399999999996,-1.1355999999999995,89.79,4,4,6,0,0.8888888888888888,14,0,0.412780402657381,0,0,0,0.3586428571428571,0,fda_1323,CC(C)(CO)[C@@H](O)C(=O)NCCCO,2.58386731,FDA,DEXPANTHENOL,0,0.008613337,0.023897224560838263
717.7789999999999,4.584580000000004,159.37,2,12,13,5,0.2857142857142857,51,5,0.1304183828366195,2,2,0,0.0,1,fda_1787,CNCC(=O)OCc1cccnc1N(C)C(=O)O[C@@H](C)[n+]1cnn(C[C@](O)(c2cc(F)ccc2F)[C@@H](C)c2nc(-c3ccc(C#N)cc3)cs2)c1,5.6262908,FDA,ISAVUCONAZONIUM,-1,0.9975274,0.6483752929861025
475.6290000000003,5.543000000000006,63.68000000000001,0,5,4,1,0.5666666666666667,35,5,0.5349596674784687,1,0,1,0.5451428571428572,0,fda_1498,CC(=O)O[C@]1(C(C)=O)CC[C@H]2[C@@H]3CCC4=CC(=O)CCC4=C3[C@@H](c3ccc(N(C)C)cc3)C[C@@]21C,5.78613424,FDA,ULIPRISTAL ACETATE,-1,0.9968501,0.6811842438076233
284.38100000000003,2.16972,67.43,2,5,6,1,0.5384615384615384,19,1,0.7856511740400417,0,0,0,0.5183571428571427,0,fda_1555,CCCN[C@H](C)C(=O)Nc1c(C)csc1C(=O)OC,3.39420509,FDA,ARTICAINE,-1,0.062311165,0.19022455318214623
134.248,-0.1453999999999998,38.05,3,3,5,0,1.0,8,0,0.3613818494149863,0,0,0,0.7282142857142857,0,fda_1683,NCCCNCCS,4.68897486,FDA,M AMIFOSTINE,-1,0.003577215,0.4559848353002099
151.20899999999995,1.2819,46.25,2,2,2,1,0.3333333333333333,11,1,0.6684959137911127,0,0,0,0.6696428571428572,0,fda_1319,C[C@H](N)Cc1ccc(O)cc1,3.97407818,FDA,HYDROXYAMPHETAMINE,-1,0.0128422035,0.30924744015538264
377.4200000000002,2.1809399999999997,84.37,0,6,7,3,0.2272727272727272,28,3,0.6274711222776642,0,0,0,0.3973571428571428,0,fda_1437,COC(c1ccccc1)(c1ccccc1)[C@H](Oc1nc(C)cc(C)n1)C(=O)[O-],4.55749941,FDA,AMBRISENTAN,-1,0.9652502,0.4289986069427164
314.57900000000006,-0.4569000000000005,126.38,0,7,4,1,0.1428571428571428,17,1,0.5433575793442263,0,0,0,0.0972857142857143,0,fda_1274,O=P([O-])([O-])C(Sc1ccc(Cl)cc1)P(=O)([O-])[O-],4.49648285,FDA,TILUDRONATE,-1,0.004829275,0.41647454391993366
232.28299999999996,1.3532,72.19,2,3,2,1,0.3846153846153846,17,2,0.5969362176118971,0,0,0,0.4843571428571428,0,fda_1159,CC[C@@]1(c2ccc(N)cc2)CCC(=O)NC1=O,4.01370955,FDA,AMINOGLUTETHIMIDE,-1,0.013268362,0.31738204780221185
1524.7510000000009,-8.608600000000017,579.5699999999998,17,28,13,2,0.5254237288135594,101,6,0.0654066449822887,3,2,0,0.0,1,fda_1581,C[C@@H]1NC(=O)[C@@H]2CCCN2C(=O)[C@H](CC(N)=O)NC(=O)[C@H]2CSSC[C@H](N)C(=O)N[C@H]3CSSC[C@H](NC1=O)C(=O)N[C@@H]([C@@H](C)O)C(=O)NCC(=O)N[C@H](C(=O)N[C@@H](Cc1ccc(O)cc1)C(=O)[O-])CSSC[C@@H](NC(=O)[C@H](Cc1ccc(O)cc1)NC(=O)[C@H](CCC(=O)[O-])NC3=O)C(=O)N2,7.02369452,FDA,LINACLOTIDE,1,0.93443084,0.9352018898567043
612.3950000000002,3.1023000000000023,135.57,1,9,7,3,0.391304347826087,41,4,0.3179029304106891,1,0,0,0.0316428571428571,1,fda_1434,C[C@@H](O[C@H]1OCCN(Cc2nn(P(=O)([O-])[O-])c(=O)[nH]2)[C@H]1c1ccc(F)cc1)c1cc(C(F)(F)F)cc(C(F)(F)F)c1,5.49073029,FDA,FOSAPREPITANT,-1,0.9892264,0.6205505783407579
408.878,1.8443999999999996,99.38,4,6,6,2,0.4285714285714285,28,3,0.5818339767551266,0,0,0,0.290142857142857,1,fda_1719,CCOc1ccc(Cc2cc([C@@H]3O[C@H](CO)[C@@H](O)[C@H](O)[C@H]3O)ccc2Cl)cc1,3.8103478,FDA,DAPAGLIFLOZIN,-1,0.808954,0.2756406685205323
441.54900000000015,4.374260000000002,84.86,2,6,5,2,0.4166666666666667,31,4,0.7166041254699328,0,0,0,0.3938571428571429,1,fda_1547,Cc1c(C)c2c(c(C)c1O)CC[C@](C)(COc1ccc(C[C@@H]3SC(=O)NC3=O)cc1)O2,5.31247568,FDA,TROGLITAZONE,-1,0.9881153,0.5839626099311731
252.273,1.7696,58.2,2,2,2,2,0.0666666666666666,19,3,0.8001945345367882,0,0,0,0.5842857142857143,0,fda_129,O=C1NC(=O)C(c2ccccc2)(c2ccccc2)N1,4.65764093,FDA,PHENYTOIN,-1,0.0149598755,0.4495533335231275
437.4510000000001,2.625000000000001,140.09,2,7,7,3,0.0555555555555555,29,3,0.5336749188726526,0,1,0,0.0,1,fda_1601,O=S(=O)(O)Oc1ccc(C(c2ccc(OS(=O)(=O)O)cc2)c2ccccn2)cc1,4.71198082,FDA,PICOSULFATE,-1,0.9485073,0.46070696471785677
451.4830000000003,1.717799999999999,112.27,1,9,4,3,0.3478260869565217,33,5,0.6334640734356928,0,0,0,0.1980714285714284,1,fda_1250,COc1cc2nc(N3CCN(C(=O)[C@H]4COc5ccccc5O4)CC3)nc(N)c2cc1OC,4.87354803,FDA,DOXAZOSIN,-1,0.98701096,0.4938697310300703
247.23,-0.7278000000000002,95.25,1,6,3,2,0.25,18,2,0.7712543073207873,0,0,0,0.3196428571428571,0,fda_1756,CCn1cc(C(=O)[O-])c(=O)c2ccc(CO)nc21,3.50728154,FDA,M NALIDIXIC ACID,-1,0.011143834,0.21343426192666626
244.20300000000003,-2.8519,124.78,4,7,2,1,0.5555555555555556,17,2,0.4435105912731592,0,0,0,0.1087142857142856,0,fda_1814,O=c1ccn([C@@H]2O[C@H](CO)[C@@H](O)[C@H]2O)c(=O)[nH]1,3.05424404,FDA,URIDINE,0,0.0031848627,0.12044524055797745
491.1390000000002,-4.147899999999999,290.19,3,17,11,2,0.4444444444444444,30,2,0.2512754312098927,1,2,0,0.0,1,fda_1646,Nc1nc2c(ncn2CO[C@H](CO)CO[P@@](=O)([O-])O[P@@](=O)([O-])OP(=O)([O-])[O-])c(=O)[nH]1,3.11229801,FDA,M GANCICLOVIR,0,0.23536046,0.1323612118779393
242.23,2.615400000000001,52.6,0,4,2,2,0.0,18,2,0.5996635086620677,0,0,0,0.6242857142857143,0,fda_1316,O=C(OOC(=O)c1ccccc1)c1ccccc1,3.36206794,FDA,BENZOYL PEROXIDE,-1,0.07113133,0.18362818504909162
485.94700000000023,4.389900000000002,88.61000000000001,2,7,8,3,0.2916666666666667,34,4,0.4572933534123706,0,0,0,0.3670714285714285,1,fda_1618,CN(C)C/C=C/C(=O)Nc1cc2c(Nc3ccc(F)c(Cl)c3)ncnc2cc1O[C@H]1CCOC1,5.67005301,FDA,AFATINIB,-1,0.9963007,0.6573577835764645
353.50600000000003,4.654600000000005,29.54,0,3,8,2,0.4347826086956521,26,2,0.6468185140544594,0,0,0,0.789,0,fda_1260,CC[C@H](OC(C)=O)C(C[C@H](C)N(C)C)(c1ccccc1)c1ccccc1,5.37525415,FDA,LEVOMETHADYL ACETATE,-1,0.93889445,0.5968483169384817
308.333,3.609600000000002,67.50999999999999,1,4,4,3,0.1578947368421052,23,3,0.799206301564618,0,0,0,0.5177857142857143,0,fda_1102,CC(=O)C[C@H](c1ccccc1)c1c(O)oc2ccccc2c1=O,4.46008682,FDA,WARFARIN,-1,0.8311611,0.4090040117644158
502.7960000000004,0.4158000000000064,78.66,6,8,4,1,0.7857142857142857,36,3,0.3537783759817374,2,0,0,0.4381428571428571,0,fda_1449,c1cc(CN2CCCNCCNCCCNCC2)ccc1CN1CCCNCCNCCCNCC1,3.58196831,FDA,PLERIXAFOR,-1,0.8797312,0.228764228323462
425.4010000000001,-2.0029999999999974,196.92,4,8,9,3,0.25,31,3,0.301553668448796,0,1,0,0.0,1,fda_1297,Nc1nc(=O)c2c(CCc3ccc(C(=O)N[C@@H](CCC(=O)[O-])C(=O)[O-])cc3)c[nH]c2[nH]1,5.58744574,FDA,PEMETREXED,-1,0.73293334,0.6404020808029874
259.306,1.8325,57.2,0,4,4,2,0.1428571428571428,18,2,0.7870481258790089,0,0,0,0.5914285714285714,0,fda_1183,C[C@H](C(=O)[O-])c1ccc(C(=O)c2cccs2)cc1,4.63130379,FDA,SUPROFEN,-1,0.050319612,0.4441474568037605
152.129,-0.6621000000000001,86.38,2,4,1,1,0.0,11,1,0.4127367486568201,0,0,0,0.383,0,fda_1399,Nc1ccc(O)c(C(=O)[O-])c1,2.90608859,FDA,MESALAMINE,0,0.010527566,0.09003532900333197
586.6480000000004,5.3977000000000075,97.96,2,7,3,6,0.2571428571428571,44,9,0.2896240303210923,2,0,0,0.3002857142857144,1,fda_1830,CO[C@@H]1[C@H](N(C)C(=O)c2ccccc2)C[C@H]2O[C@]1(C)n1c3ccccc3c3c4c(c5c6ccccc6n2c5c31)C(=O)N[C@H]4O,5.0859828,FDA,M MIDOSTAURIN,-1,0.99615884,0.5374734092398928
493.58500000000026,4.023600000000002,110.26,2,6,5,4,0.2307692307692307,35,4,0.4363022246167922,0,0,0,0.2124285714285715,1,fda_1735,COc1c(-c2ccc3cc(NS(C)(=O)=O)ccc3c2)cc(-n2ccc(=O)[nH]c2=O)cc1C(C)(C)C,5.99825716,FDA,DASABUVIR,1,0.9908476,0.724723912688607
270.76,2.4208,55.56,1,4,6,1,0.4615384615384615,18,1,0.6371230261185129,0,0,0,0.6031428571428572,0,fda_157,CCN(CC)CCOC(=O)c1ccc(N)cc1Cl,3.20567513,FDA,CHLOROPROCAINE,0,0.06590148,0.15152749945242622
370.31400000000014,-1.1394999999999988,142.99,1,10,5,1,0.5333333333333333,26,2,0.5022752412372868,0,1,0,0.0,0,fda_1813,CC(=O)OC[C@H]1O[C@@H](n2ccc(=O)[nH]c2=O)[C@H](OC(C)=O)[C@@H]1OC(C)=O,3.29858518,FDA,URIDINE TRIACETATE,0,0.17017245,0.17059791773968927
460.5080000000002,2.4342000000000006,119.08,1,7,8,2,0.3181818181818182,32,3,0.6010508245322796,0,0,0,0.1494285714285714,1,fda_1715,CCOc1cc([C@@H](CS(C)(=O)=O)N2C(=O)c3cccc(NC(C)=O)c3C2=O)ccc1OC,4.38241339,FDA,APREMILAST,-1,0.984455,0.3930610131339507
583.5960000000005,-11.381100000000014,334.9100000000001,14,13,9,0,0.8571428571428571,40,3,0.0679812400888044,3,1,0,0.0,0,fda_1074,CN[C@@H]1[C@H](O[C@H]2[C@H](O[C@H]3[C@H](O)[C@@H](O)[C@H](NC(N)=[NH2+])[C@@H](O)[C@@H]3NC(N)=[NH2+])O[C@@H](C)[C@]2(O)C=O)O[C@@H](CO)[C@H](O)[C@H]1O,3.75947571,FDA,STREPTOMYCIN,-1,0.1504999,0.2651988268096808
307.43700000000007,4.417800000000004,12.47,0,2,4,2,0.4285714285714285,23,4,0.8289288715670488,0,0,0,0.9109285714285714,0,fda_1214,CN1[C@@H]2CC[C@H]1C[C@@H](OC(c1ccccc1)c1ccccc1)C2,4.26593781,FDA,BENZTROPINE,-1,0.80318695,0.3691536098890748
412.6140000000003,5.090600000000006,60.69,3,3,5,0,0.7037037037037037,30,4,0.5512651961830369,1,0,0,0.5665,0,fda_1412,C=C1/C(=C\C=C2/CCC[C@]3(C)[C@@H]([C@H](C)/C=C/[C@@H](O)C4CC4)CC[C@@H]23)C[C@@H](O)C[C@@H]1O,6.08589697,FDA,CALCIPOTRIENE,1,0.98861545,0.7427125784499135
835.086,2.201700000000009,196.33,5,16,12,0,0.9761904761904762,58,4,0.1417323022660341,2,2,0,0.0,0,fda_1056,CC[C@H]1OC(=O)[C@H](C)[C@H](O[C@H]2C[C@@](C)(OC)[C@@H](O)[C@H](C)O2)[C@H](C)[C@@H](O[C@@H]2O[C@H](C)C[C@H](N(C)C)[C@H]2O)[C@](C)(O)C[C@H](C)[C@@H]2N[C@@H](COCCOC)O[C@H]([C@H]2C)[C@]1(C)O,6.21071863,FDA,DIRITHROMYCIN,1,0.9610344,0.7683330712546265
491.1390000000002,-4.147899999999999,290.19,3,17,11,2,0.4444444444444444,30,2,0.2512754312098927,1,2,0,0.0,1,fda_1645,Nc1nc2c(ncn2CO[C@@H](CO)CO[P@@](=O)([O-])O[P@@](=O)([O-])OP(=O)([O-])[O-])c(=O)[nH]1,3.53380275,FDA,M GANCICLOVIR,-1,0.23536046,0.2188779202627057
348.4280000000001,2.5299199999999997,100.19,3,5,5,2,0.25,24,2,0.7708144759661694,0,0,0,0.2843571428571428,0,fda_1407,Cc1cccc(Nc2ccncc2S(=O)(=O)NC(=O)NC(C)C)c1,4.72195292,FDA,TORSEMIDE,-1,0.93418986,0.46275380591751614
288.43500000000006,3.8965400000000026,32.34,1,2,5,1,0.6111111111111112,21,2,0.891012713024742,0,0,0,0.769,0,fda_1145,CCCCN1CCCC[C@@H]1C(=O)Nc1c(C)cccc1C,3.68517661,FDA,BUPIVACAINE,-1,0.17434193,0.24994843231126881
1108.3090000000009,2.4351000000000065,359.21,10,20,10,1,0.576271186440678,79,4,0.0695919771129138,3,1,0,0.0,0,fda_1079,C[C@H](C[C@H](C)[C@H](O)CC(=O)c1ccc(N)cc1)[C@H]1OC(=O)CC(=O)CCCC(=O)C[C@H](O)C[C@H](O)C[C@H](O)C[C@]2(O)C[C@H](O)[C@@H](C(=O)[O-])[C@H](C[C@@H](O[C@@H]3O[C@H](C)[C@@H](O)[C@H](N)[C@@H]3O)/C=C/C=C/C=C/C=C/C=C/C=C/C=C/[C@@H]1C)O2,6.80928564,FDA,CANDICIDIN,1,0.9957658,0.8911930121722815
382.403,-1.8904999999999976,150.04000000000002,2,10,5,1,0.3076923076923077,25,3,0.3408224280691893,0,1,0,0.0,0,fda_1032,CO/N=C(\C(=O)N[C@@H]1C(=O)N2C(C(=O)[O-])=CCS[C@H]12)c1csc(N)n1,4.38452387,FDA,CEFTIZOXIME,-1,0.35925114,0.39349420347651215
284.428,4.239400000000003,6.48,0,3,3,2,0.2941176470588235,20,3,0.8321538928687809,0,0,1,0.9537142857142856,0,fda_1098,C[C@H](CN1c2ccccc2Sc2ccccc21)N(C)C,4.07471752,FDA,PROMETHAZINE,-1,0.06680461,0.3299043476691994
406.482,3.738000000000002,75.74000000000001,3,5,10,4,0.25,30,4,0.3499607634429391,0,0,0,0.4589999999999999,1,fda_1196,COc1ccccc1OCCNC[C@H](O)COc1cccc2[nH]c3ccccc3c12,4.05035257,FDA,CARVEDILOL,-1,0.9838471,0.3249032763314028
380.8710000000001,5.867800000000005,27.69,0,3,6,3,0.1304347826086956,27,3,0.5005017670153243,1,0,0,0.8022142857142858,0,fda_104,COc1ccc(C(Cl)=C(c2ccc(OC)cc2)c2ccc(OC)cc2)cc1,4.88617086,FDA,CHLOROTRIANISENE,-1,0.9475563,0.49646065255114374
1324.5360000000005,-2.6067000000000293,448.5999999999999,16,15,34,6,0.4393939393939394,96,8,0.0111854877726529,3,2,0,0.0,1,fda_1401,CCNC(=O)[C@@H]1CCCN1C(=O)[C@H](CCCNC(N)=[NH2+])NC(=O)[C@H](CC(C)C)NC(=O)[C@@H](Cc1cn(Cc2ccccc2)cn1)NC(=O)[C@H](Cc1ccc(O)cc1)NC(=O)[C@H](CO)NC(=O)[C@H](Cc1c[nH]c2ccccc12)NC(=O)[C@H](Cc1c[nH]cn1)NC(=O)[C@@H]1CCC(=O)N1,6.94086838,FDA,HISTRELIN,1,0.9547153,0.918201262530388
804.0310000000001,4.639000000000004,178.35999999999996,3,12,7,0,0.7727272727272727,57,4,0.1849555364451367,2,1,0,0.0,0,fda_1064,C=CC[C@@H]1/C=C(\C)C[C@H](C)C[C@H](OC)[C@H]2O[C@@](O)(C(=O)C(=O)N3CCCC[C@H]3C(=O)O[C@H](/C(C)=C/[C@@H]3CC[C@@H](O)[C@H](OC)C3)[C@H](C)[C@@H](O)CC1=O)[C@H](C)C[C@@H]2OC,6.05012131,FDA,TACROLIMUS,1,0.98997444,0.7353693814469744
386.5860000000001,4.901100000000005,23.55,0,4,4,2,0.4285714285714285,26,4,0.7454999719210018,0,0,0,0.8317857142857142,0,fda_1225,CN1CCCC[C@H]1CCN1c2ccccc2Sc2ccc([S@@](C)=O)cc21,5.19237566,FDA,MESORIDAZINE,-1,0.9841138,0.5593112657793976
162.236,1.8483,16.130000000000003,0,2,1,1,0.5,12,2,0.6261518225795569,0,0,0,0.8847857142857143,0,fda_1237,CN1CCC[C@H]1c1cccnc1,2.76339698,FDA,NICOTINE,0,0.01772532,0.06074690768849026
167.20799999999997,1.4178000000000002,52.32,1,2,1,0,0.6666666666666666,12,1,0.6002616319602778,0,0,0,0.6262857142857143,0,fda_165,C#CC1(OC(N)=O)CCCCC1,3.54969859,FDA,ETHINAMATE,-1,0.024307607,0.2221406492982343
348.4190000000001,1.526299999999999,60.44,1,5,5,1,0.4444444444444444,24,3,0.6475258733647374,0,0,0,0.5682857142857143,0,fda_1543,O=C([O-])/C=C1/CN([C@@H](C(=O)C2CC2)c2ccccc2F)CC[C@@H]1S,4.64663076,FDA,M PRASUGREL,-1,0.86206704,0.44729342141120976
444.52400000000017,2.968320000000001,90.15,4,6,5,3,0.3333333333333333,31,4,0.4859158173268412,0,0,0,0.3560714285714285,1,fda_1603,Cc1ccc([C@@H]2O[C@H](CO)[C@@H](O)[C@H](O)[C@H]2O)cc1Cc1ccc(-c2ccc(F)cc2)s1,5.05959463,FDA,CANAGLIFLOZIN,-1,0.99000424,0.5320570582667161
434.4320000000002,-2.5071999999999974,204.40999999999997,3,11,7,1,0.4615384615384615,28,2,0.1778074103168694,1,1,0,0.0,0,fda_1040,C[C@H]1[C@H](NC(=O)/C(=N\OC(C)(C)C(=O)[O-])c2csc(N)n2)C(=O)N1S(=O)(=O)O,4.31805277,FDA,AZTREONAM,-1,0.5769574,0.3798505591020394
464.8310000000002,5.549700000000003,92.35,3,4,5,3,0.0952380952380952,32,3,0.4613395020059931,1,0,0,0.3403571428571428,1,fda_1303,CNC(=O)c1cc(Oc2ccc(NC(=O)Nc3ccc(Cl)c(C(F)(F)F)c3)cc2)ccn1,5.11755323,FDA,SORAFENIB,-1,0.9892111,0.543953454246959
454.4660000000001,-1.957199999999996,176.34000000000003,2,12,7,1,0.375,30,3,0.203529370991991,1,1,0,0.0,0,fda_1025,CO/N=C(\C(=O)N[C@@H]1C(=O)N2C(C(=O)[O-])=C(COC(C)=O)CS[C@H]12)c1csc(N)n1,4.43686342,FDA,CEFOTAXIME,-1,0.6110551,0.40423725131113414
427.4200000000002,4.335500000000003,38.82000000000001,1,3,5,1,0.6666666666666666,28,3,0.7602495439352746,0,0,0,0.7227142857142856,0,fda_1794,CN(C)C(=O)N[C@H]1CC[C@H](CCN2CCN(c3cccc(Cl)c3Cl)CC2)CC1,4.28344917,FDA,CARIPRAZINE,-1,0.99135625,0.37274793536816836
213.64,1.2472999999999996,49.36,0,3,3,1,0.3,14,1,0.759418501076922,0,0,0,0.6474285714285715,0,fda_1754,CC(C)(Oc1ccc(Cl)cc1)C(=O)[O-],4.04674339,FDA,M CLOFIBRATE,-1,0.025596308,0.32416246764306356
286.718,2.4479,61.69,2,3,1,2,0.0666666666666666,20,3,0.8457292457729301,0,0,0,0.5593571428571429,0,fda_1138,O=C1Nc2ccc(Cl)cc2C(c2ccccc2)=N[C@@H]1O,3.94227242,FDA,OXAZEPAM,-1,0.039086897,0.3027190920687731
296.4100000000001,3.6126000000000023,40.46,2,2,0,1,0.6,22,4,0.7180018360911579,0,0,0,0.7110000000000001,0,fda_18,C#C[C@]1(O)CC[C@H]2[C@@H]3CCc4cc(O)ccc4[C@H]3CC[C@@]21C,5.42335176,FDA,ETHINYL ESTRADIOL,-1,0.2989554,0.6067206778006021
177.251,0.9814,36.42,2,1,2,1,0.3,13,1,0.5216669445312792,0,0,0,0.7398571428571428,0,fda_1232,CNC(=NCc1ccccc1)NC,4.52045393,FDA,BETHANIDINE,-1,0.012416948,0.42139477076727105
339.411,4.015300000000003,40.129999999999995,0,3,4,2,0.15,24,3,0.7901862796730263,0,0,0,0.7133571428571429,0,fda_1708,CSc1ccc(/C=C2/C(C)=C(CC(=O)[O-])c3cc(F)ccc32)cc1,5.15598679,FDA,M SULINDAC,-1,0.8963635,0.5518422032624704
225.288,1.5192999999999997,72.72,4,4,3,1,0.5,16,1,0.6290731330689312,0,0,0,0.4805714285714285,0,fda_1229,CC(C)(C)NC[C@@H](O)c1cc(O)cc(O)c1,3.2669735,FDA,TERBUTALINE,0,0.012416948,0.16410940589018427
346.3880000000001,-0.8897999999999975,115.56,2,6,4,1,0.3125,24,3,0.6835410149703657,0,0,0,0.1745714285714287,0,fda_1003,CC1=C(C(=O)[O-])N2C(=O)[C@@H](NC(=O)[C@H](N)c3ccccc3)[C@H]2SC1,3.79396176,FDA,CEPHALEXIN,-1,0.59782207,0.2722773226083105
530.4560000000004,5.190380000000005,82.88,1,8,9,3,0.3846153846153846,36,4,0.3788289261994078,2,0,0,0.408,1,fda_1592,COc1cc(Nc2c(C#N)cnc3cc(OCCCN4CCN(C)CC4)c(OC)cc23)c(Cl)cc1Cl,5.65839815,FDA,BOSUTINIB,-1,0.9902912,0.6549655444669226
693.7320000000003,8.382100000000005,61.440000000000005,2,3,10,4,0.3333333333333333,50,6,0.1296889045604335,2,0,0,0.5611428571428572,1,fda_1572,O=C(NC1CCN(CCCCC2(C(=O)NCC(F)(F)F)c3ccccc3-c3ccccc32)CC1)c1ccccc1-c1ccc(C(F)(F)F)cc1,5.30189753,FDA,LOMITAPIDE,-1,0.998374,0.5817913728561158
356.14400000000006,-3.4407999999999985,202.92,2,12,8,1,0.5,22,1,0.4383135946167533,1,1,0,0.0,0,fda_1663,Nc1ccn(C[C@@H](CO)OC[P@](=O)([O-])OP(=O)([O-])[O-])c(=O)n1,3.61006737,FDA,M CIDOFOVIR,-1,0.00788304,0.23453175107992263
254.289,2.492900000000001,66.56,2,2,0,2,0.1333333333333333,19,3,0.7581194848865717,0,0,0,0.5245714285714286,0,fda_1620,NC(=O)N1c2ccccc2C[C@H](O)c2ccccc21,4.88072252,FDA,ESLICARBAZEPINE,-1,0.103096776,0.4953423437915292
270.71899999999994,3.129500000000001,41.46,1,2,1,2,0.0666666666666666,19,3,0.8498120203195162,0,0,0,0.7038571428571428,0,fda_1709,O=C1CN=C(c2ccccc2)c2cc(Cl)ccc2N1,3.8883152,FDA,M DIAZEPAM,-1,0.07111674,0.2916440064884954
326.4180000000002,2.0605,95.5,3,4,4,1,0.5333333333333333,22,2,0.7889728437463693,0,0,0,0.3178571428571428,0,fda_1758,C[C@@H](O)c1ccc(S(=O)(=O)NC(=O)NC2CCCCC2)cc1,4.84959793,FDA,M ACETOHEXAMIDE,-1,0.09721012,0.48895381047011166
352.45400000000006,2.7045000000000012,46.53,1,3,4,2,0.4090909090909091,26,5,0.6797893586378044,0,0,0,0.6676428571428572,0,fda_1108,C[N@+]12CC[C@H](CC1)[C@H](OC(=O)C(O)(c1ccccc1)c1ccccc1)C2,4.67676592,FDA,CLIDINIUM,-1,0.97893804,0.45347886751045957
421.55400000000026,2.3809000000000005,106.89,2,6,10,0,0.75,30,2,0.5246403478312968,0,0,0,0.2364999999999999,0,fda_1699,CC[C@H](C)C(=O)O[C@H]1C[C@@H](C)C=C2C=C[C@H](C)[C@H](CC[C@@H](O)C[C@@H](O)CC(=O)[O-])[C@H]21,6.02587938,FDA,M LOVASTATIN,1,0.97143114,0.7303935607990408
883.019,7.731500000000008,193.1,4,10,11,6,0.3877551020408163,65,9,0.1001060928101877,2,2,0,0.0,1,fda_1818,COC[C@H]1C[C@@H](c2ncc(-c3ccc4c(c3)COc3cc5c(ccc6nc([C@@H]7CC[C@H](C)N7C(=O)[C@@H](NC(=O)OC)C(C)C)[nH]c65)cc3-4)[nH]2)N(C(=O)[C@H](NC(=O)OC)c2ccccc2)C1,5.73327017,FDA,VELPATASVIR,-1,0.9972523,0.6703335346833988
273.248,-0.3299999999999998,109.57,2,5,1,1,0.2307692307692307,20,3,0.5375391722332333,0,0,0,0.2173571428571429,0,fda_1599,Nc1cccc2c1C(=O)N([C@@H]1CCC(=O)NC1=O)C2=O,5.24024773,FDA,POMALIDOMIDE,-1,0.0053550103,0.5691373330259134
270.37199999999996,3.817400000000002,37.3,1,2,0,1,0.6111111111111112,20,4,0.7778844237760111,0,0,0,0.7335714285714285,0,fda_11,C[C@]12CC[C@@H]3c4ccc(O)cc4CC[C@H]3[C@@H]1CCC2=O,4.96658564,FDA,ESTRONE,-1,0.19899172,0.5129663318730066
319.4450000000001,3.029900000000002,41.93,1,4,4,1,0.6842105263157895,23,3,0.9261145183663508,0,0,0,0.7005,0,fda_1637,COc1cc2c(cc1OC)[C@@H]1C[C@@H](O)[C@@H](CC(C)C)CN1CC2,4.18871355,FDA,M TETRABENAZINE,-1,0.56563735,0.3533028064493571
419.62600000000026,3.779300000000003,80.59,2,4,5,0,0.9615384615384616,30,4,0.7105708435230718,0,0,0,0.4243571428571429,0,fda_1811,CC[C@H]1[C@@H](O)[C@@H]2[C@H](CC[C@]3(C)[C@@H]([C@H](C)CCC(=O)[O-])CC[C@@H]23)[C@@]2(C)CC[C@@H](O)C[C@@H]12,5.61609888,FDA,OBETICHOLIC ACID,-1,0.9916603,0.6462833322396567
494.53100000000023,2.9853000000000014,106.97,1,7,4,0,0.6923076923076923,35,4,0.5990209425922626,0,0,0,0.2359285714285713,0,fda_1383,CC(=O)OCC(=O)[C@@]1(OC(C)=O)[C@@H](C)C[C@H]2[C@@H]3C[C@H](F)C4=CC(=O)C=C[C@]4(C)[C@@]3(F)[C@@H](O)C[C@@]21C,5.26732016,FDA,DIFLORASONE DIACETATE,-1,0.9964224,0.5746941330077522
485.5060000000001,5.821520000000005,63.69000000000001,1,5,5,3,0.3076923076923077,35,4,0.4933869710607965,1,0,0,0.5450714285714284,1,fda_1779,Cc1c(C(=O)Nc2ccc(N3C[C@@H](C)O[C@@H](C)C3)nc2)cccc1-c1ccc(OC(F)(F)F)cc1,5.71925926,FDA,SONIDEGIB,-1,0.99571025,0.6674577003222594
475.3620000000003,5.004200000000005,59.51,1,6,6,3,0.3636363636363636,30,4,0.5415290027618135,1,0,0,0.5749285714285715,1,fda_1509,COc1cc2c(Nc3ccc(Br)cc3F)ncnc2cc1OCC1CCN(C)CC1,5.39506531,FDA,VANDETANIB,-1,0.98834527,0.6009146919749377
315.482,4.265700000000003,23.47,1,3,6,2,0.4736842105263157,22,3,0.8604750415603676,0,0,0,0.8323571428571429,0,fda_1429,CCCN(CCc1cccs1)[C@H]1CCc2c(O)cccc2C1,3.94682384,FDA,ROTIGOTINE,-1,0.12608111,0.3036533019115298
189.214,1.1588999999999998,37.38,0,2,1,1,0.2727272727272727,14,2,0.621507214134734,0,0,0,0.733,0,fda_1769,CN1C(=O)C[C@H](c2ccccc2)C1=O,3.71075344,FDA,PHENSUXIMIDE,-1,0.013268362,0.25519825024336784
312.377,1.5447799999999996,88.91,1,5,3,2,0.5,23,3,0.9284511020269034,0,0,0,0.3649285714285715,0,fda_1589,C[C@@H]1CCN(C(=O)CC#N)C[C@@H]1N(C)c1ncnc2[nH]ccc12,4.26466322,FDA,TOFACITINIB,-1,0.5757752,0.36889199164169734
548.0690000000001,1.2896000000000014,136.63,3,8,5,2,0.5,37,4,0.4796796282412841,1,0,0,0.0240714285714286,1,fda_1742,CN1CCc2nc(C(=O)N[C@@H]3C[C@@H](C(=O)N(C)C)CC[C@@H]3NC(=O)C(=O)Nc3ccc(Cl)cn3)sc2C1,5.47134161,FDA,EDOXABAN,-1,0.9942988,0.6165709201914199
384.58600000000007,4.164000000000003,69.64,2,4,14,1,0.7,26,1,0.4725190328976435,0,1,0,0.5025714285714286,0,fda_1263,CCCCCCCN(CC)CCC[C@@H](O)c1ccc(NS(C)(=O)=O)cc1,4.69024467,FDA,IBUTILIDE,-1,0.9583592,0.4562454724201485
868.457,8.659900000000006,172.03,3,11,13,5,0.3777777777777777,61,8,0.0764080971409355,3,2,0,0.0,1,fda_1822,CC1(C)CCC(CN2CCN(c3ccc(C(=O)NS(=O)(=O)c4ccc(NCC5CCOCC5)c([N+](=O)[O-])c4)c(Oc4cnc5[nH]ccc5c4)c3)CC2)=C(c2ccc(Cl)cc2)C1,5.33389235,FDA,VENETOCLAX,-1,0.9973596,0.5883585267907623
163.196,0.7591999999999998,40.129999999999995,0,2,4,1,0.3,12,1,0.6570235435085023,0,0,0,0.7133571428571429,0,fda_1416,O=C([O-])CCCc1ccccc1,4.04722977,FDA,PHENYLBUTYRATE,-1,0.04137045,0.3242623004388329
508.5580000000002,3.5195000000000025,106.97,1,7,6,0,0.7037037037037037,36,4,0.5473104243510836,1,0,0,0.2359285714285713,0,fda_1442,CCCC(=O)O[C@]1(C(=O)COC(C)=O)CC[C@H]2[C@@H]3C[C@H](F)C4=CC(=O)C=C[C@]4(C)[C@@]3(F)[C@@H](O)C[C@@]21C,5.58651876,FDA,DIFLUPREDNATE,-1,0.99657154,0.6402118118671304
521.0500000000003,3.942700000000003,106.97000000000004,1,7,6,0,0.7142857142857143,36,4,0.4171955230835296,1,0,0,0.2359285714285712,0,fda_1394,CCC(=O)OCC(=O)[C@@]1(OC(=O)CC)[C@H](C)C[C@H]2[C@H]3[C@H]([C@@H](O)C[C@@]21C)[C@@]1(C)C=CC(=O)C=C1C[C@H]3Cl,5.26364183,FDA,ALCLOMETASONE DIPROPIONATE,-1,0.9963237,0.5739391308126336
239.315,1.9077999999999995,72.72,4,4,5,1,0.5384615384615384,17,1,0.5922201213727966,0,0,1,0.4805714285714285,0,fda_1468,CC[C@H](NC(C)C)[C@H](O)c1ccc(O)c(O)c1,3.34920001,FDA,ISOETHARINE,-1,0.015202287,0.1809869550896715
397.75800000000015,6.518000000000003,17.82,0,3,6,3,0.1666666666666666,24,3,0.4710605975806781,1,0,0,0.8727142857142858,0,fda_1165,Clc1ccc(CS[C@H](Cn2ccnc2)c2ccc(Cl)cc2Cl)cc1,5.13706732,FDA,SULCONAZOLE,-1,0.96046346,0.5479588536498792
411.58600000000007,5.381100000000005,49.77,1,4,10,2,0.5,30,2,0.4210996938628835,1,0,0,0.6445,1,fda_1452,CC(C)C(=O)Oc1ccc(CO)cc1[C@H](CCN(C(C)C)C(C)C)c1ccccc1,4.77759171,FDA,FESOTERODINE,-1,0.9848221,0.47417404515210054
267.245,-1.9800000000000009,139.54000000000002,4,9,2,2,0.5,19,3,0.4905198676792232,0,0,0,0.0032857142857141,0,fda_1012,Nc1ncnc2c1ncn2[C@@H]1O[C@H](CO)[C@@H](O)[C@@H]1O,3.26997757,FDA,VIDARABINE,0,0.0029785421,0.16472601164450487
151.20899999999995,1.2819,46.25,2,2,2,1,0.3333333333333333,11,1,0.6684959137911127,0,0,0,0.6696428571428572,0,fda_177,C[C@@H](N)Cc1ccc(O)cc1,3.08051014,FDA,HYDROXYAMPHETAMINE,0,0.0128422035,0.1258365358352384
293.4069999999999,2.9666000000000015,30.930000000000003,0,4,9,1,0.6470588235294118,21,2,0.6550248398751946,0,0,0,0.7790714285714285,0,fda_1080,CCCCOc1ccc(OCCCN2CCOCC2)cc1,3.95907402,FDA,PRAMOXINE,-1,0.041395,0.3061677344911513
424.6220000000002,5.122300000000006,83.83000000000001,2,5,16,0,0.84,30,1,0.2039929365997617,1,1,0,0.4012142857142856,0,fda_1424,CCCCCCCC(=O)CC[C@@H]1[C@@H](C/C=C\CCCC(=O)OC(C)C)[C@@H](O)C[C@H]1O,6.05131006,FDA,UNOPROSTONE ISOPROPYL,1,0.98351663,0.7356133804518074
259.35299999999995,2.782700000000001,60.17,2,4,6,2,0.4,19,2,0.8371289360458547,0,0,0,0.5702142857142858,0,fda_1209,COc1cc(N[C@H](C)CCCN)c2ncccc2c1,3.55998158,FDA,PRIMAQUINE,-1,0.04348508,0.22425130278021757
389.8860000000001,1.2295000000000005,118.36,3,5,2,1,0.4285714285714285,24,4,0.6571692284800612,0,0,0,0.1545714285714287,0,fda_1464,NS(=O)(=O)c1cc2c(cc1Cl)N[C@@H]([C@@H]1C[C@H]3C=C[C@@H]1C3)NS2(=O)=O,5.20062065,FDA,CYCLOTHIAZIDE,-1,0.9317104,0.5610036059306979
321.163,3.1013000000000015,61.69,2,3,1,2,0.0666666666666666,21,3,0.847697894583369,0,0,0,0.5593571428571429,0,fda_1154,O=C1Nc2ccc(Cl)cc2C(c2ccccc2Cl)=N[C@H]1O,5.02302456,FDA,LORAZEPAM,-1,0.07299761,0.524550803220093
482.6280000000002,4.773280000000004,72.36,1,5,3,3,0.4666666666666667,36,6,0.5820901201895605,0,0,0,0.4831428571428571,1,fda_1819,CCc1cc2c(cc1N1CCC(N3CCOCC3)CC1)C(C)(C)c1[nH]c3cc(C#N)ccc3c1C2=O,6.11367226,FDA,ALECTINIB,1,0.99361175,0.7484136452166414
334.257,4.116700000000003,12.47,0,2,6,2,0.2941176470588235,20,2,0.7880221004554365,0,0,0,0.9109285714285714,0,fda_1099,CN(C)CCO[C@H](c1ccccc1)c1ccc(Br)cc1,3.65985847,FDA,BROMODIPHENHYDRAMINE,-1,0.047910534,0.2447517122572436
274.32000000000005,3.8497000000000017,45.150000000000006,2,4,2,3,0.0714285714285714,19,3,0.7457547162863496,0,0,0,0.6775,0,fda_1776,CNc1ccc(-c2nc3ccc(O)cc3s2)cc1F,4.39670753,FDA,FLUTEMETAMOL,-1,0.06680461,0.39599498237470226
446.58400000000023,3.522700000000002,100.90000000000002,2,6,6,0,0.8076923076923077,32,4,0.6056137866355813,0,0,0,0.2792857142857141,0,fda_110,CCCCC(=O)O[C@]1(C(=O)CO)CC[C@H]2[C@@H]3CCC4=CC(=O)CC[C@]4(C)[C@H]3[C@@H](O)C[C@@]21C,5.3588562,FDA,HYDROCORTISONE VALERATE,-1,0.99424136,0.5934825264179339
251.80099999999996,4.135100000000003,26.02,1,1,4,1,0.6,17,2,0.8554670191758997,0,0,0,0.8141428571428572,0,fda_1660,CC(C)C[C@H](N)C1(c2ccc(Cl)cc2)CCC1,4.27650023,FDA,M SIBUTRAMINE,-1,0.06680461,0.37132161827488197
729.9079999999999,3.438000000000005,146.39,2,12,4,0,0.875,52,10,0.4091542480611178,2,1,0,0.0,0,fda_1505,C=C1C[C@@H]2CC[C@@]34C[C@H]5O[C@H]6[C@@H](O3)[C@H]3O[C@H](CC[C@@H]3O[C@H]6[C@H]5O4)CC(=O)C[C@@H]3[C@@H](OC)[C@@H](C[C@H](O)CN)O[C@H]3C[C@H]3O[C@@H](CC[C@@H]1O2)C[C@@H](C)C3=C,5.97780466,FDA,ERIBULIN,1,0.9812308,0.7205258982647612
286.351,2.0483,65.15,1,3,4,2,0.4705882352941176,21,3,0.93515804493898,0,0,0,0.5346428571428571,0,fda_1173,CCc1cccc2c3c([nH]c12)[C@](CC)(CC(=O)[O-])OCC3,4.39507103,FDA,ETODOLAC,-1,0.045994688,0.39565907964375885
530.6610000000004,6.053300000000006,78.9,0,6,17,3,0.3636363636363636,39,3,0.1560936140972599,2,1,0,0.4364285714285714,1,fda_1604,O=C(CCCc1ccccc1)OCC(COC(=O)CCCc1ccccc1)OC(=O)CCCc1ccccc1,4.75036001,FDA,GLYCEROL PHENYLBUTYRATE,-1,0.99298334,0.46858455392189163
528.9510000000001,9.151699999999998,23.47,1,2,10,3,0.3333333333333333,35,4,0.2216866938390711,2,0,0,0.8323571428571429,1,fda_1116,CCCCN(CCCC)C[C@H](O)c1cc(Cl)cc2c1-c1ccc(Cl)cc1/C2=C/c1ccc(Cl)cc1,4.64072275,FDA,LUMEFANTRINE,-1,0.9948191,0.44608076226459076
290.404,0.2654000000000025,52.60000000000001,0,4,9,0,0.8571428571428571,20,0,0.4515871613452488,0,0,0,0.6242857142857142,0,fda_118,C[N+](C)(C)CCOC(=O)CCC(=O)OCC[N+](C)(C)C,3.14934921,FDA,SUCCINYLCHOLINE,0,0.011819658,0.1399662221222029
302.422,2.2146999999999997,33.53,0,5,5,2,0.5882352941176471,22,3,0.7931098529653791,0,0,0,0.7605,0,fda_1273,CCOCCn1c(N2CCCN(C)CC2)nc2ccccc21,3.72274661,FDA,EMEDASTINE,-1,0.039659083,0.25765992977631674
328.5000000000001,4.1181000000000045,48.91,2,2,0,1,0.8571428571428571,24,5,0.7524910781410399,0,0,0,0.6506428571428572,0,fda_1351,C[C@]12Cc3cn[nH]c3C[C@@H]1CC[C@@H]1[C@@H]2CC[C@@]2(C)[C@H]1CC[C@]2(C)O,5.61148453,FDA,STANOZOLOL,-1,0.89426553,0.645336205587332
457.4650000000001,2.225700000000001,110.05,3,6,11,1,0.5217391304347826,32,2,0.3473152244357651,0,1,0,0.2139285714285713,0,fda_1648,O=C([O-])CCC/C=C\C[C@@H]1[C@@H](/C=C/[C@@H](O)COc2cccc(C(F)(F)F)c2)[C@H](O)C[C@@H]1O,5.43663979,FDA,M TRAVOPROST,-1,0.97947615,0.6094481361359888
222.243,2.849400000000001,34.14,0,2,1,2,0.0666666666666666,17,3,0.6951125798613664,0,0,1,0.7561428571428571,0,fda_131,O=C1c2ccccc2C(=O)C1c1ccccc1,3.65962791,FDA,PHENINDIONE,-1,0.07111674,0.24470438825257124
339.39900000000006,0.3944800000000006,97.05,1,7,3,2,0.3888888888888889,25,3,0.8726102829759809,0,0,0,0.3067857142857142,0,fda_1602,Cn1c(=O)cc(N2CCC[C@@H](N)C2)n(Cc2ccccc2C#N)c1=O,4.80777407,FDA,ALOGLIPTIN,-1,0.2924866,0.4803691793716683
254.265,0.7921999999999998,83.22,1,4,4,2,0.0666666666666666,19,2,0.6455946074958699,0,0,1,0.4055714285714286,0,fda_1552,Nc1c(CC(=O)[O-])cccc1C(=O)c1ccccc1,3.72068596,FDA,AMFENAC,-1,0.040038824,0.25723696737942153
270.37600000000003,2.923300000000001,25.36,0,3,6,2,0.3529411764705882,20,2,0.8067475103694609,0,0,0,0.8188571428571428,0,fda_1091,CN(C)CCO[C@](C)(c1ccccc1)c1ccccn1,3.40686011,FDA,DOXYLAMINE,-1,0.04348508,0.192822081919174
413.53700000000015,4.324300000000004,53.6,2,3,8,2,0.4583333333333333,30,3,0.6775394484185063,0,0,0,0.6171428571428572,1,fda_1803,CC(C)COc1ccc(CNC(=O)N(Cc2ccc(F)cc2)C2CCNCC2)cc1,4.48276091,FDA,M PIMAVANSERIN,-1,0.98551995,0.4136580226123601
585.6080000000002,-8.424200000000015,331.93999999999994,13,17,10,0,0.9545454545454546,40,3,0.1130637940445751,3,1,0,0.0,0,fda_1013,NCC[C@H](O)C(=O)N[C@@H]1C[C@H](N)[C@@H](O[C@H]2O[C@H](CN)[C@@H](O)[C@H](O)[C@H]2O)[C@H](O)[C@H]1O[C@H]1O[C@H](CO)[C@@H](O)[C@H](N)[C@H]1O,2.92015529,FDA,AMIKACIN,0,0.2752305,0.0929226146405848
501.51400000000024,5.5408000000000035,98.78000000000002,2,6,8,4,0.1785714285714285,37,5,0.3077223994485213,2,0,0,0.2944285714285714,1,fda_1576,COc1cc2nccc(Oc3ccc(NC(=O)C4(C(=O)Nc5ccc(F)cc5)CC4)cc3)c2cc1OC,5.88944817,FDA,CABOZANTINIB,1,0.9963915,0.7023901290697776
308.37800000000004,1.5852999999999997,87.66,3,5,8,1,0.5,22,1,0.6347552616268447,0,0,0,0.3738571428571429,0,fda_1611,CC(=O)Nc1ccc(OC[C@@H](O)CNC(C)C)c(C(C)=O)c1,3.25447774,FDA,DIACETOLOL,0,0.049696025,0.16154456634895858
426.5600000000003,3.957500000000003,55.56,1,3,7,3,0.3214285714285714,32,5,0.6222713272119355,0,0,0,0.6031428571428572,1,fda_1298,NC(=O)C(c1ccccc1)(c1ccccc1)[C@@H]1CCN(CCc2ccc3c(c2)CCO3)C1,5.24171495,FDA,DARIFENACIN,-1,0.9969379,0.5694384898880552
912.0629999999996,-5.4549000000000225,359.61999999999995,12,12,25,2,0.5714285714285714,65,3,0.0251488807934355,3,2,0,0.0,1,fda_1388,CNCC(=O)N[C@@H](CCCNC(N)=[NH2+])C(=O)N[C@H](C(=O)N[C@@H](Cc1ccc(O)cc1)C(=O)N[C@H](C(=O)N[C@@H](Cc1c[nH]cn1)C(=O)N1CCC[C@H]1C(=O)N[C@@H](C)C(=O)[O-])C(C)C)C(C)C,6.09389114,FDA,SARALASIN,1,0.8240343,0.7443534360940487
441.54900000000015,4.374260000000002,84.86,2,6,5,2,0.4166666666666667,31,4,0.7166041254699328,0,0,0,0.3938571428571429,1,fda_1459,Cc1c(C)c2c(c(C)c1O)CC[C@@](C)(COc1ccc(C[C@@H]3SC(=O)NC3=O)cc1)O2,4.95964289,FDA,TROGLITAZONE,-1,0.9881153,0.5115412853192278
250.298,0.4539000000000007,67.42999999999999,2,3,6,1,0.3846153846153846,18,1,0.7701920576724235,0,0,0,0.518357142857143,0,fda_1455,COC[C@@H](NC(C)=O)C(=O)NCc1ccccc1,2.80403042,FDA,LACOSAMIDE,0,0.016558595,0.06908719700326739
543.5250000000003,0.0012999999999993,206.07,6,12,5,2,0.4444444444444444,39,5,0.2352625816856561,3,1,1,0.0,1,fda_1071,COc1cccc2c1C(=O)c1c(O)c3c(c(O)c1C2=O)C[C@@](O)(C(=O)CO)C[C@@H]3O[C@H]1C[C@H](N)[C@@H](O)[C@H](C)O1,4.35509443,FDA,EPIRUBICIN,-1,0.97061086,0.3874536111965607
399.3660000000002,3.7326000000000024,61.60000000000001,2,3,5,1,0.631578947368421,26,3,0.7932799641761825,0,0,0,0.5599999999999999,0,fda_1796,NC(=O)N[C@H]1CC[C@H](CCN2CCN(c3cccc(Cl)c3Cl)CC2)CC1,4.25588369,FDA,M CARIPRAZINE,-1,0.9853982,0.367089933527795
136.04299999999998,-1.3551000000000002,75.72,0,4,1,0,1.0,8,1,0.3293938952766208,0,0,0,0.4591428571428572,0,fda_1065,C[C@@H]1O[C@@H]1P(=O)([O-])[O-],3.43492889,FDA,FOSFOMYCIN,-1,0.0025421968,0.19858338950014248
479.12400000000014,-4.7399999999999975,281.73999999999995,3,17,8,1,0.5555555555555556,29,2,0.2949921367000568,1,1,0,0.0,0,fda_1750,Nc1ccn([C@@H]2O[C@H](CO[P@](=O)([O-])O[P@@](=O)([O-])OP(=O)([O-])[O-])[C@@H](O)[C@@H]2O)c(=O)n1,3.98918724,FDA,M CYTARABINE,-1,0.19671422,0.31234867725650745
144.60099999999997,1.5132,20.23,1,1,2,0,0.4285714285714285,9,0,0.5829710350354784,0,0,0,0.8555,0,fda_174,C#C[C@](O)(/C=C/Cl)CC,3.25786471,FDA,ETHCHLORVYNOL,0,0.012416948,0.16223976492679185
416.5140000000002,2.3744000000000005,100.90000000000002,2,6,3,0,0.7083333333333334,30,4,0.6853079587762,0,0,0,0.2792857142857141,0,fda_1340,CC(=O)OCC(=O)[C@@]1(O)CC[C@H]2[C@@H]3C[C@H](C)C4=CC(=O)C=C[C@]4(C)[C@H]3[C@@H](O)C[C@@]21C,5.40675402,FDA,METHYLPREDNISOLONE ACETATE,-1,0.99105865,0.6033138790266994
1069.2379999999991,-4.341700000000018,437.90999999999985,13,15,19,2,0.4782608695652174,74,4,0.0273758598968679,3,2,0,0.0,1,fda_1234,NC(=O)CC[C@@H]1NC(=O)[C@H](Cc2ccccc2)NC(=O)[C@H](Cc2ccc(O)cc2)NC(=O)CCSSC[C@@H](C(=O)N2CCC[C@H]2C(=O)N[C@H](CCCN=C(N)N)C(=O)NCC(N)=O)NC(=O)[C@H](CC(N)=O)NC1=O,5.62769318,FDA,DESMOPRESSIN,-1,0.94185,0.6486631409982141
334.257,4.116700000000003,12.47,0,2,6,2,0.2941176470588235,20,2,0.7880221004554365,0,0,0,0.9109285714285714,0,fda_102,CN(C)CCO[C@@H](c1ccccc1)c1ccc(Br)cc1,4.12314081,FDA,BROMODIPHENHYDRAMINE,-1,0.047910534,0.33984355656151444
461.6020000000003,5.518700000000006,72.47,1,5,4,1,0.5517241379310345,34,5,0.5980196000053634,1,0,0,0.4823571428571428,0,fda_1540,CNc1ccc([C@H]2C[C@@]3(C)[C@@H](CC[C@]3(OC(C)=O)C(C)=O)[C@@H]3CCC4=CC(=O)CCC4=C32)cc1,5.72905922,FDA,M ULIPRISTAL ACETATE,-1,0.996801,0.6694692086187077
301.45000000000005,4.658000000000004,40.129999999999995,0,2,13,0,0.45,22,0,0.3665448299038635,0,1,0,0.7133571428571429,0,fda_1574,CC/C=C\C/C=C\C/C=C\C/C=C\C/C=C\CCCC(=O)[O-],4.5285778,FDA,ICOSAPENT,-1,0.28150135,0.4230622502166023
704.869,4.2116000000000025,171.21999999999997,5,9,14,3,0.4473684210526316,51,3,0.1543119595881688,1,2,0,0.0,1,fda_1300,COC(=O)N[C@H](C(=O)N[C@@H](Cc1ccccc1)[C@@H](O)CN(Cc1ccc(-c2ccccn2)cc1)NC(=O)[C@@H](NC(=O)OC)C(C)(C)C)C(C)(C)C,5.40055656,FDA,ATAZANAVIR,-1,0.9936272,0.6020418083032568
338.77200000000005,0.9242,109.49,3,4,2,2,0.0714285714285714,22,3,0.7560395435859316,0,0,0,0.2179285714285713,0,fda_1127,NS(=O)(=O)c1cc([C@]2(O)NC(=O)c3ccccc32)ccc1Cl,5.24539709,FDA,CHLORTHALIDONE,-1,0.027587745,0.57019427411153
608.6880000000004,4.171100000000004,117.78000000000004,1,10,8,3,0.5151515151515151,44,6,0.3735666920618681,1,0,1,0.1587142857142854,1,fda_141,COC(=O)[C@H]1[C@H]2C[C@@H]3c4[nH]c5cc(OC)ccc5c4CCN3C[C@H]2C[C@@H](OC(=O)c2cc(OC)c(OC)c(OC)c2)[C@@H]1OC,4.46043921,FDA,RESERPINE,-1,0.9961293,0.4090763422033753
405.969,6.215000000000006,12.47,0,2,9,3,0.2307692307692307,29,3,0.3094533539966838,1,0,0,0.9109285714285714,1,fda_1264,CN(C)CCOc1ccc(/C(=C(/CCCl)c2ccccc2)c2ccccc2)cc1,5.0731225,FDA,TOREMIFENE,-1,0.96185964,0.534833745389753
212.181,-1.7915999999999996,126.84000000000002,4,6,3,1,0.2222222222222222,15,1,0.4380206767847102,0,0,1,0.0939999999999998,0,fda_1722,N[C@H](C(=O)[O-])[C@H](O)c1ccc(O)c(O)c1,3.40886402,FDA,DROXIDOPA,-1,0.010774205,0.1932333980460088
277.32300000000004,3.6730000000000023,53.35,2,3,3,3,0.0555555555555555,21,3,0.7676233654588757,0,0,0,0.6189285714285715,0,fda_1608,Oc1ccc(C(c2ccc(O)cc2)c2ccccn2)cc1,4.63563776,FDA,M PICOSULFATE,-1,0.06680461,0.44503703355831453
386.5860000000001,4.901100000000005,23.55,0,4,4,2,0.4285714285714285,26,4,0.7454999719210018,0,0,0,0.8317857142857142,0,fda_1224,CN1CCCC[C@@H]1CCN1c2ccccc2Sc2ccc([S@@](C)=O)cc21,5.09620047,FDA,MESORIDAZINE,-1,0.9841138,0.5395706553485885
137.11399999999998,-0.2443000000000001,60.36,1,3,1,1,0.0,10,1,0.5804537671854755,0,0,0,0.5688571428571428,0,fda_1770,O=C([O-])c1ccccc1O,4.1436286,FDA,M ASPIRIN,-1,0.014374631,0.3440488144973526
108.13999999999996,1.1789,20.23,1,1,1,1,0.1428571428571428,8,1,0.5723436119287516,0,0,0,0.8555,0,fda_1458,OCc1ccccc1,3.60570216,FDA,BENZYL ALCOHOL,-1,0.012416948,0.2336357621033615
574.991,4.988620000000003,131.17,2,9,9,4,0.2592592592592592,40,4,0.2673533192019243,1,0,0,0.0630714285714286,1,fda_1843,CCOC(=O)[C@@H](N)Cc1ccc(-c2cc(O[C@H](c3ccc(Cl)cc3-n3ccc(C)n3)C(F)(F)F)nc(N)n2)cc1,6.00391817,FDA,TELOTRISTAT ETHYL,1,0.99682355,0.7258858734089854
428.6570000000003,7.180700000000009,43.370000000000005,0,3,9,0,0.8571428571428571,31,4,0.2884127521938969,1,0,0,0.6902142857142857,0,fda_1346,CCCCCCCCCC(=O)O[C@H]1CC[C@H]2[C@@H]3CCC4=CC(=O)CC[C@@H]4[C@H]3CC[C@]12C,5.75486565,FDA,NANDROLONE DECANOATE,-1,0.99427176,0.6747661535089643
240.303,0.7009999999999998,85.61,4,5,4,1,0.5833333333333334,17,1,0.6222799026086435,0,0,0,0.3884999999999999,0,fda_1242,CC(C)(C)NC[C@@H](O)c1ccc(O)c(CO)n1,3.04730582,FDA,PIRBUTEROL,0,0.012193024,0.11902112381744127
289.31700000000006,-0.8335299999999988,134.53,3,8,3,1,0.5555555555555556,19,2,0.6177212323365296,0,0,0,0.0390714285714285,0,fda_1706,[H]/N=c1\nc(N2CCCCC2)cc(N)n1OS(=O)(=O)O,3.33157468,FDA,M MINOXIDIL,-1,0.0021328037,0.17736923649463202
263.3809999999999,2.6346000000000007,32.7,1,3,4,1,0.625,19,2,0.9061758690933456,0,0,0,0.7664285714285715,0,fda_1679,COc1cccc([C@@]2(O)CCCC[C@@H]2CN(C)C)c1,3.94101977,FDA,TRAMADOL,-1,0.034207404,0.30246197715528916
421.30500000000006,4.7112000000000025,76.13,1,4,4,3,0.0526315789473684,27,3,0.6621021756233525,0,0,0,0.4562142857142858,1,fda_1533,CS(=O)(=O)c1ccc(C(=O)Nc2ccc(Cl)c(-c3ccccn3)c2)c(Cl)c1,5.933002,FDA,VISMODEGIB,1,0.9900068,0.7113298482509894
241.2429999999999,0.5302000000000002,91.01,2,5,6,1,0.3636363636363636,17,1,0.757667099994584,0,0,0,0.3499285714285715,0,fda_1113,COc1ccccc1OC[C@H](O)COC(N)=O,2.67686176,FDA,METHOCARBAMOL,0,0.024042888,0.04298496652087348
557.054,5.932480000000005,112.4,2,8,11,4,0.2,40,4,0.2184754595815898,2,1,0,0.1971428571428571,1,fda_1831,CCOc1cc2ncc(C#N)c(Nc3ccc(OCc4ccccn4)c(Cl)c3)c2cc1NC(=O)/C=C/CN(C)C,5.79231787,FDA,NERATINIB,-1,0.9972766,0.6824534758297099
529.5420000000003,0.8206999999999993,189.0,6,11,4,2,0.4814814814814814,38,5,0.2625132085928076,3,1,1,0.0,1,fda_1636,COc1cccc2c1C(=O)c1c(O)c3c(c(O)c1C2=O)C[C@@](O)([C@H](C)O)C[C@@H]3O[C@H]1C[C@H](N)[C@H](O)[C@H](C)O1,4.15396118,FDA,DAUNORUBICINOL,-1,0.96479934,0.3461696466633733
875.1060000000002,5.601400000000008,170.06,3,14,8,0,0.8125,62,7,0.2035245857212583,3,1,0,0.0,0,fda_1068,CC[C@H](C)[C@H]1O[C@]2(CC[C@@H]1C)C[C@@H]1C[C@@H](C/C=C(\C)[C@@H](O[C@H]3C[C@H](OC)[C@@H](O[C@H]4C[C@H](OC)[C@@H](O)[C@H](C)O4)[C@H](C)O3)[C@@H](C)/C=C/C=C3\CO[C@@H]4[C@H](O)C(C)=C[C@@H](C(=O)O1)[C@]34O)O2,6.69201136,FDA,IVERMECTIN,1,0.98734945,0.8671216703321082
532.6490000000002,4.405900000000004,99.13,1,7,4,0,0.7666666666666667,38,5,0.5358144370210589,1,0,0,0.2919285714285713,0,fda_1341,CC(C)(C)CC(=O)OCC(=O)[C@@]12OC(C)(C)O[C@@H]1C[C@H]1[C@@H]3CCC4=CC(=O)C=C[C@]4(C)[C@@]3(F)[C@@H](O)C[C@@]12C,5.72384262,FDA,TRIAMCINOLONE HEXACETONIDE,-1,0.99517125,0.6683984660667736
272.711,2.8279000000000005,55.919999999999995,1,2,2,3,0.1333333333333333,19,3,0.7798066602926482,0,0,0,0.6005714285714285,0,fda_1164,C[C@H](C(=O)[O-])c1ccc2c(c1)[nH]c1ccc(Cl)cc12,4.21298742,FDA,CARPROFEN,-1,0.1644895,0.3582851829990484
373.44900000000007,3.891000000000003,46.61,0,5,5,2,0.4,26,4,0.7462318337051916,0,0,0,0.6670714285714285,0,fda_1493,CC(=O)Oc1cc2c(s1)CCN([C@@H](C(=O)C1CC1)c1ccccc1F)C2,4.57621765,FDA,PRASUGREL,-1,0.9896243,0.4328406527321803
268.356,4.828600000000005,40.46,2,2,4,2,0.2222222222222222,20,2,0.7796984854737203,0,0,0,0.7110000000000001,0,fda_12,CC/C(=C(/CC)c1ccc(O)cc1)c1ccc(O)cc1,4.67038584,FDA,DIETHYLSTILBESTROL,-1,0.06680461,0.4521693127926846
521.1400000000002,-4.017899999999999,290.45,3,18,8,2,0.5,32,3,0.220024779274052,2,1,0,0.0,1,fda_1687,Nc1nc(F)nc2c1ncn2[C@@H]1O[C@H](CO[P@](=O)([O-])O[P@](=O)([O-])OP(=O)([O-])[O-])[C@@H](O)[C@@H]1O,4.25596189,FDA,M FLUDARABINE,-1,0.27206138,0.3671059846084915
248.326,1.9055999999999995,57.279999999999994,3,3,6,2,0.4285714285714285,18,2,0.7315916457547719,0,0,0,0.590857142857143,0,fda_1163,CC(C)NC[C@H](O)COc1cccc2[nH]ccc12,3.11070895,FDA,PINDOLOL,0,0.009628763,0.1320350465289425
306.37300000000005,3.466380000000001,83.17999999999999,1,5,4,3,0.4117647058823529,23,4,0.7996787783250496,0,0,0,0.4058571428571429,0,fda_1526,N#CC[C@H](C1CCCC1)n1cc(-c2ncnc3[nH]ccc23)cn1,4.71331596,FDA,RUXOLITINIB,-1,0.87314653,0.4609810112636509
524.6340000000001,-1.987899999999995,175.29000000000002,2,14,10,2,0.5,34,4,0.2589124371510058,2,1,0,0.0,1,fda_1045,CN(C)CCn1nnnc1SCC1=C(C(=O)[O-])N2C(=O)[C@@H](NC(=O)Cc3csc(N)n3)[C@H]2SC1,4.78887033,FDA,CEFOTIAM,-1,0.934413,0.47648905844832723
440.5070000000002,4.2173000000000025,99.16,1,7,5,4,0.2,33,5,0.4667032430058404,0,0,0,0.2917142857142857,1,fda_1623,C=CC(=O)N1CCC[C@@H](n2nc(-c3ccc(Oc4ccccc4)cc3)c3c(N)ncnc32)C1,6.30511045,FDA,IBRUTINIB,1,0.99635714,0.7877076328902735
987.9610000000002,5.027500000000006,260.59,8,17,11,1,0.625,67,4,0.106851664500808,4,2,0,0.0,0,fda_1535,CCc1c(Cl)c(O)c(Cl)c(O)c1C(=O)O[C@H]1[C@H](O)[C@H](OC)[C@H](OC/C2=C\C=C\C[C@H](O)/C(C)=C/[C@H](CC)[C@@H](O[C@@H]3OC(C)(C)[C@@H](O)[C@H](O)[C@@H]3O)/C(C)=C/C(C)=C/C[C@@H]([C@@H](C)O)OC2=O)O[C@@H]1C,6.83681679,FDA,M FIDAXOMICIN,1,0.99638784,0.8968439675471779
340.425,-1.054999999999998,115.56,2,6,3,0,0.8,23,3,0.633195346785606,0,0,0,0.1745714285714286,0,fda_1016,CC1(C)S[C@@H]2[C@H](NC(=O)C3(N)CCCCC3)C(=O)N2[C@H]1C(=O)[O-],4.09069967,FDA,CYCLACILLIN,-1,0.21517444,0.3331847924179621
240.303,0.7009999999999998,85.61,4,5,4,1,0.5833333333333334,17,1,0.6222799026086435,0,0,0,0.3884999999999999,0,fda_1241,CC(C)(C)NC[C@H](O)c1ccc(O)c(CO)n1,3.1886375,FDA,PIRBUTEROL,0,0.012193024,0.14803041027075403
259.265,0.0297999999999998,92.5,2,4,1,1,0.3076923076923077,19,3,0.5494349129687401,0,0,0,0.3392857142857143,0,fda_1204,Nc1cccc2c1CN([C@H]1CCC(=O)NC1=O)C2=O,4.37568617,FDA,LENALIDOMIDE,-1,0.0058574025,0.3916802055753449
540.7080000000002,1.4296000000000009,142.70000000000002,4,8,2,0,0.625,36,2,0.1783385860432622,1,1,0,0.0,0,fda_1483,C/C=C1\NC(=O)[C@H]2CSSCC/C=C/[C@H](CC(=O)N[C@H](C(C)C)C(=O)N2)OC(=O)[C@H](C(C)C)NC1=O,4.95712996,FDA,ROMIDEPSIN,-1,0.9305795,0.5110254893829798
281.337,2.2588,84.08000000000001,2,4,4,2,0.3333333333333333,19,2,0.8999360171265322,0,0,0,0.3994285714285713,0,fda_1656,CCC[S@](=O)c1ccc2nc(NC(=O)OC)[nH]c2c1,4.00431633,FDA,M ALBENDAZOLE,-1,0.06055608,0.31545402565106373
266.34099999999995,0.4521,84.57999999999998,3,4,8,1,0.5,19,1,0.637673978167625,0,0,0,0.395857142857143,0,fda_1161,CC(C)NC[C@@H](O)COc1ccc(CC(N)=O)cc1,3.12897587,FDA,ATENOLOL,0,0.01624778,0.1357844558255684
573.6160000000001,-4.066899999999996,225.58999999999995,2,16,9,1,0.4117647058823529,36,4,0.0715163673500384,2,1,0,0.0,0,fda_1317,CO[C@@]1(NC(=O)C2SC(=C(C(N)=O)C(=O)[O-])S2)C(=O)N2C(C(=O)[O-])=C(CSc3nnnn3C)CS[C@@H]21,4.93731117,FDA,CEFOTETAN,-1,0.84760606,0.5069575482372434
287.4470000000001,3.940400000000003,23.47,1,2,5,1,0.6842105263157895,21,3,0.8863958351409401,0,0,0,0.8323571428571429,0,fda_1104,O[C@@](CCN1CCCC1)(c1ccccc1)C1CCCCC1,4.32303667,FDA,PROCYCLIDINE,-1,0.07722022,0.38087353839977817
664.9070000000002,9.113520000000005,90.46,0,8,19,3,0.6923076923076923,48,5,0.0932591187326539,2,1,0,0.3538571428571427,1,fda_1488,CCCCCCCCCCCCCCCC(=O)O[C@H]1CCCn2c1nc(C)c(CCN1CCC(c3noc4cc(F)ccc34)CC1)c2=O,6.05917406,FDA,PALIPERIDONE PALMITATE,1,0.9973596,0.7372275198200571
249.354,2.331600000000001,43.7,2,3,3,1,0.6,18,2,0.8638209859209474,0,0,0,0.6878571428571428,0,fda_1674,CN(C)C[C@H]1CCCC[C@@]1(O)c1cccc(O)c1,3.87963557,FDA,M TRAMADOL,-1,0.036103144,0.2898624535275544
245.662,1.1750000000000005,81.78000000000002,2,4,5,1,0.3,16,1,0.8160595704353588,0,0,0,0.4158571428571427,0,fda_1358,NC(=O)OC[C@H](O)COc1ccc(Cl)cc1,3.80888653,FDA,CHLORPHENESIN CARBAMATE,-1,0.025596308,0.2753407329362696
169.17999999999998,0.0898999999999999,86.71000000000001,4,4,2,1,0.25,12,1,0.4724272074622585,0,0,1,0.380642857142857,0,fda_1207,NC[C@H](O)c1ccc(O)c(O)c1,3.04195285,FDA,NOREPINEPHRINE,0,0.0066529764,0.11792239039754566
348.3970000000001,2.4846000000000004,54.18,1,5,5,2,0.4444444444444444,25,3,0.8437713718747005,0,0,0,0.613,0,fda_1712,C=C1CCN([C@@H](C)[C@](O)(Cn2cncn2)c2ccc(F)cc2F)CC1,5.50071669,FDA,EFINACONAZOLE,-1,0.8384764,0.6226003547124628
317.49700000000024,2.8465000000000007,23.47,1,2,4,1,0.7,23,3,0.8633480387484694,0,0,0,0.8323571428571429,0,fda_1339,C[N+]1(C)CCN(C[C@](O)(c2ccccc2)C2CCCCC2)CC1,4.50061226,FDA,HEXOCYCLIUM,-1,0.7056233,0.41732213334626167
197.234,0.6959,64.71,2,4,4,1,0.4,14,1,0.7452129480793569,0,0,0,0.5377857142857143,0,fda_176,COc1ccc(OC)c([C@@H](O)CN)c1,2.90183091,FDA,M MIDODRINE,0,0.007205632,0.08916141128901246
324.38000000000005,2.519000000000001,62.4,1,4,2,2,0.4736842105263157,24,6,0.8624002843059125,0,0,0,0.5542857142857143,0,fda_1267,O=C(O[C@@H]1C[C@@H]2C[C@@H]3C[C@H](C1)N2CC3=O)c1c[nH]c2ccccc12,3.71503711,FDA,DOLASETRON,-1,0.9072947,0.2560775025815659
192.262,1.58914,55.120000000000005,2,2,2,1,0.3636363636363636,14,1,0.7472361299391438,0,0,0,0.6062857142857143,0,fda_1162,Cc1cccc(C)c1NC(=O)[C@H](C)N,3.5258255,FDA,TOCAINIDE,-1,0.04137045,0.2172405355633963
475.58700000000016,-3.200699999999992,199.72999999999996,8,12,8,0,0.9047619047619048,33,3,0.1750353705309133,2,1,0,0.0,0,fda_1023,CCN[C@@H]1C[C@H](N)[C@@H](O[C@H]2OC(CN)=CC[C@H]2N)[C@H](O)[C@H]1O[C@H]1OC[C@](C)(O)[C@H](NC)[C@H]1O,3.07185435,FDA,NETILMICIN,0,0.10010429,0.12405987619608523
511.81900000000024,8.049500000000009,38.25,0,4,22,2,0.6875,37,2,0.1183570504805622,2,1,0,0.7267857142857144,1,fda_1370,CCCCCCCCCCCCCCCC[N+](C)(C)CCN(Cc1ccc(OC)cc1)c1ncccn1,5.04186821,FDA,THONZONIUM,-1,0.9799596,0.5284185902631393
319.88000000000005,4.810600000000004,28.16,1,3,8,2,0.5,22,2,0.7564117572128701,0,0,0,0.7988571428571428,0,fda_1088,CCN(CC)CCC[C@H](C)Nc1ccnc2cc(Cl)ccc12,3.86179233,FDA,CHLOROQUINE,-1,0.12100781,0.28620000742619056
461.5050000000001,-1.5602999999999962,153.36999999999998,2,11,7,2,0.3333333333333333,31,4,0.3654633725515254,1,1,0,0.0,1,fda_1635,Cn1nnnc1SCC1=C(C(=O)[O-])N2C(=O)[C@@H](NC(=O)[C@H](O)c3ccccc3)[C@H]2SC1,4.07039928,FDA,CEFAMANDOLE,-1,0.9143478,0.3290179996038955
313.72,1.247999999999999,81.59,1,4,2,2,0.0625,22,3,0.8471119866894983,0,0,0,0.4172142857142856,0,fda_1226,O=C([O-])[C@H]1N=C(c2ccccc2)c2cc(Cl)ccc2NC1=O,4.32325602,FDA,CLORAZEPATE,-1,0.0755883,0.38091856147587505
518.3740000000003,4.035000000000003,101.96,0,6,7,1,0.6956521739130435,33,4,0.3991256248803697,1,0,0,0.2717142857142858,0,fda_1389,C[C@]12CC[C@@H]3c4ccc(OC(=O)N(CCCl)CCCl)cc4CC[C@H]3[C@@H]1CC[C@@H]2OP(=O)([O-])[O-],5.83770895,FDA,ESTRAMUSTINE PHOSPHATE,1,0.9966307,0.6917703030417351
324.39900000000006,3.812980000000003,36.26,0,3,5,2,0.35,24,3,0.8388667572429986,0,0,0,0.741,0,fda_1279,CN(C)CCC[C@@]1(c2ccc(F)cc2)OCc2cc(C#N)ccc21,5.31001425,FDA,ESCITALOPRAM,-1,0.71839356,0.5834573847194245
284.352,2.1867,57.150000000000006,1,5,0,0,1.0,20,5,0.6909963971993888,0,0,0,0.5917857142857142,0,fda_1092,C[C@H]1[C@@H](O)O[C@@H]2O[C@@]3(C)CC[C@H]4[C@H](C)CC[C@@H]1[C@@]24OO3,5.09609079,FDA,DIHYDROARTEMISININ,-1,0.07557981,0.5395481427842561
392.49900000000014,5.081000000000005,82.19,3,3,2,3,0.3333333333333333,29,3,0.5686031632470885,1,0,0,0.4129285714285714,0,fda_1532,CC(C)(C)c1cc(C(C)(C)C)c(NC(=O)c2c[nH]c3ccccc3c2=O)cc1O,4.88409996,FDA,IVACAFTOR,-1,0.9901934,0.4960355862721881
1093.331,-3.31190000000001,412.03,16,18,23,1,0.75,77,4,0.0477155900477413,3,2,0,0.0,0,fda_1291,CC[C@H](C)C[C@H](C)CCCCCCCCC(=O)N[C@H]1C[C@@H](O)[C@H](NCCN)NC(=O)[C@@H]2[C@@H](O)CCN2C(=O)[C@@H]([C@H](O)CCN)NC(=O)[C@H]([C@H](O)[C@@H](O)c2ccc(O)cc2)NC(=O)[C@@H]2C[C@@H](O)CN2C(=O)[C@H]([C@@H](C)O)NC1=O,4.2635479,FDA,CASPOFUNGIN,-1,0.9186162,0.36866306464268966
180.18299999999996,-0.9881000000000004,86.38,2,4,3,1,0.2222222222222222,13,1,0.6250416792094207,0,0,0,0.383,0,fda_1329,N[C@@H](Cc1ccc(O)cc1)C(=O)[O-],3.32335019,FDA,TYROSINE,-1,0.010527566,0.17568110410745313
246.306,-0.2809999999999997,86.74000000000001,0,6,7,0,1.0,14,0,0.453312740145793,0,0,0,0.3804285714285713,0,fda_155,CS(=O)(=O)OCCCCOS(C)(=O)=O,4.467834,FDA,BUSULFAN,-1,0.002497059,0.41059417303487816
539.5860000000002,-2.5264,270.21999999999997,2,17,8,2,0.5,32,3,0.2582874151145248,2,1,0,0.0,1,fda_1641,Nc1nc(Cl)nc2c1ncn2[C@@H]1O[C@H](CO[P@](=O)([O-])O[P@](=O)([O-])OP(=O)([O-])[O-])[C@@H](O)[C@@H]1F,4.4783268,FDA,M CLOFARABINE,-1,0.33126256,0.412747891443216
332.4840000000001,4.401000000000005,57.53,2,3,0,0,0.8571428571428571,24,4,0.5104218936123291,0,0,1,0.5890714285714286,0,fda_1369,C[C@]12C/C(=C/O)C(=O)C[C@@H]1CC[C@@H]1[C@@H]2CC[C@@]2(C)[C@H]1CC[C@]2(C)O,5.52822542,FDA,OXYMETHOLONE,-1,0.89436346,0.628246708230208
499.10500000000013,-3.465599999999999,261.51,2,16,8,1,0.5555555555555556,30,2,0.3292238019331934,1,1,0,0.0,0,fda_1669,Nc1ccn([C@@H]2O[C@H](CO[P@@](=O)([O-])O[P@](=O)([O-])OP(=O)([O-])[O-])[C@@H](O)C2(F)F)c(=O)n1,4.58868551,FDA,M GEMCITABINE,-1,0.19885224,0.4353997656090654
435.2850000000001,4.717400000000002,120.64,2,7,4,3,0.1,28,3,0.6084537970432329,0,0,0,0.1382857142857143,1,fda_1441,Cc1cc(C#N)cc(C)c1Oc1nc(Nc2ccc(C#N)cc2)nc(N)c1Br,5.62263918,FDA,ETRAVIRINE,-1,0.9656804,0.6476257731997487
412.65800000000024,6.6118000000000094,40.46,2,2,5,0,0.7142857142857143,30,3,0.4986560295856184,1,0,0,0.7110000000000001,0,fda_1417,C=C1/C(=C\C=C2/CCC[C@]3(C)[C@@H]([C@H](C)/C=C/[C@H](C)C(C)C)CC[C@@H]23)C[C@@H](O)C[C@@H]1O,5.89418602,FDA,DOXERCALCIFEROL,1,0.9743385,0.703362604935223
427.5640000000002,4.6665000000000045,44.81,1,3,8,2,0.48,31,3,0.6660910059272132,0,0,0,0.6799285714285714,1,fda_1802,CC(C)COc1ccc(CNC(=O)N(Cc2ccc(F)cc2)C2CCN(C)CC2)cc1,4.62136364,FDA,PIMAVANSERIN,-1,0.9893504,0.4421071735584267
326.4180000000002,2.0605,95.5,3,4,4,1,0.5333333333333333,22,2,0.7889728437463693,0,0,0,0.3178571428571428,0,fda_1757,C[C@H](O)c1ccc(S(=O)(=O)NC(=O)NC2CCCCC2)cc1,4.44081736,FDA,M ACETOHEXAMIDE,-1,0.09721012,0.40504882432915246
299.3700000000001,1.5011,41.93,1,4,1,1,0.5555555555555556,22,5,0.7981444096668123,0,0,0,0.7005,0,fda_114,COc1ccc2c3c1O[C@H]1[C@@H](O)C=C[C@H]4[C@@H](C2)N(C)CC[C@@]341,3.84626079,FDA,CODEINE,-1,0.040685713,0.28301205343794755
233.31099999999995,2.0852999999999997,38.33,1,3,3,1,0.5,17,2,0.8123400616112664,0,0,0,0.7262142857142857,0,fda_1469,COC(=O)[C@@H](c1ccccc1)[C@H]1CCCCN1,3.41013074,FDA,METHYLPHENIDATE,-1,0.05055732,0.19349340092247738
489.16700000000014,-3.4842999999999993,280.96,3,16,11,2,0.5,30,2,0.2582616445236428,1,2,0,0.0,1,fda_1662,Nc1nc(=O)c2ncn(CC[C@H](CO)CO[P@](=O)([O-])O[P@](=O)([O-])OP(=O)([O-])[O-])c2[nH]1,4.21345568,FDA,M PENCICLOVIR,-1,0.23536046,0.358381296541848
265.247,-1.5252999999999983,130.23999999999998,2,5,3,0,0.7142857142857143,17,2,0.5954486838383566,0,0,0,0.0697142857142858,0,fda_1743,NC(=O)[C@@H]1CC[C@@H]2CN1C(=O)N2OS(=O)(=O)O,3.87476087,FDA,AVIBACTAM,-1,0.006711704,0.2888618882708903
557.6070000000001,0.8270000000000015,180.96999999999997,2,14,10,1,0.5238095238095238,37,3,0.1361090873395191,2,1,0,0.0,0,fda_1055,COCC1=C(C(=O)O[C@@H](C)OC(=O)OC(C)C)N2C(=O)[C@@H](NC(=O)/C(=N\OC)c3csc(N)n3)[C@H]2SC1,4.95589018,FDA,CEFPODOXIME PROXETIL,-1,0.97545266,0.5107710161243368
391.5720000000002,3.143200000000001,80.59,2,4,4,0,0.9583333333333334,28,4,0.7713900292451945,0,0,0,0.4243571428571429,0,fda_1784,C[C@H](CCC(=O)[O-])[C@H]1CC[C@H]2[C@@H]3CC[C@@H]4C[C@H](O)CC[C@]4(C)[C@H]3C[C@H](O)[C@]12C,5.83074331,FDA,DEOXYCHOLIC ACID,1,0.99041814,0.6903405581601159
504.5950000000003,3.8175000000000026,106.97,1,7,6,0,0.7142857142857143,36,4,0.5482119854331166,1,0,0,0.2359285714285713,0,fda_1349,CCC(=O)OCC(=O)[C@@]1(OC(=O)CC)[C@@H](C)C[C@H]2[C@@H]3CCC4=CC(=O)C=C[C@]4(C)[C@@]3(F)[C@@H](O)C[C@@]21C,5.75050783,FDA,BETAMETHASONE DIPROPIONATE,-1,0.99657154,0.6738716813800546
152.14899999999997,1.1787999999999998,46.53,1,3,1,1,0.125,11,1,0.6143884490200855,0,0,0,0.6676428571428572,0,fda_1435,COC(=O)c1ccccc1O,4.06221914,FDA,METHYL SALICYLATE,-1,0.024759306,0.3273389703551933
519.5740000000002,5.364900000000003,110.86,2,7,5,4,0.1739130434782608,35,4,0.3670492157866047,2,0,0,0.2081428571428571,1,fda_1598,CC(C)(C)c1nc(-c2cccc(NS(=O)(=O)c3c(F)cccc3F)c2F)c(-c2cnc(N)cn2)s1,6.44275331,FDA,DABRAFENIB,1,0.99439716,0.8159597640047781
776.0420000000001,6.000700000000006,138.02,3,10,19,4,0.475,54,5,0.1055720166030379,2,1,0,0.0141428571428571,1,fda_1587,CC(C)c1nc(CN(C)C(=O)N[C@@H](CCN2CCOCC2)C(=O)N[C@H](CC[C@H](Cc2ccccc2)NC(=O)OCc2cncs2)Cc2ccccc2)cs1,5.97172785,FDA,COBICISTAT,1,0.9971686,0.7192785917725977
422.42400000000015,2.442699999999999,138.07000000000002,2,9,4,4,0.15,31,4,0.5113498614184088,0,0,0,0.0137857142857141,1,fda_1614,COC(=O)N(C)c1c(N)nc(-c2nn(Cc3ccccc3F)c3ncccc23)nc1N,5.5531249,FDA,RIOCIGUAT,-1,0.9938345,0.6333574954780391
295.408,1.3211999999999997,65.2,2,3,6,2,0.4285714285714285,20,2,0.8445712183265353,0,0,0,0.5342857142857143,0,fda_1257,CNS(=O)(=O)Cc1ccc2[nH]cc(CCN(C)C)c2c1,3.6347878,FDA,SUMATRIPTAN,-1,0.014108347,0.2396057871001487
527.5260000000003,1.0288999999999997,185.84,5,11,4,2,0.4444444444444444,38,5,0.3051291560965146,2,1,1,0.0,1,fda_1011,COc1cccc2c1C(=O)c1c(O)c3c(c(O)c1C2=O)C[C@@](O)(C(C)=O)C[C@@H]3O[C@H]1C[C@H](N)[C@H](O)[C@H](C)O1,4.07304573,FDA,DAUNORUBICIN,-1,0.9888298,0.32956120142626366
524.8740000000004,11.542499999999986,26.3,0,2,20,0,0.6944444444444444,38,1,0.089874345152857,2,1,0,0.8121428571428572,0,fda_1325,CCCCCCCCCCCCCCCC(=O)OC/C=C(C)/C=C/C=C(C)/C=C/C1=C(C)CCCC1(C)C,6.435009,FDA,VITAMIN A PALMITATE,1,0.99261886,0.8143701918212929
317.49700000000024,2.8465000000000007,23.47,1,2,4,1,0.7,23,3,0.8633480387484694,0,0,0,0.8323571428571429,0,fda_1338,C[N+]1(C)CCN(C[C@@](O)(c2ccccc2)C2CCCCC2)CC1,4.34357023,FDA,HEXOCYCLIUM,-1,0.7056233,0.3850881909387298
289.74399999999997,0.8788000000000005,101.29,3,4,2,1,0.3,18,2,0.751957676885389,0,0,0,0.2765000000000001,0,fda_1135,CC[C@H]1NC(=O)c2cc(S(N)(=O)=O)c(Cl)cc2N1,4.32468796,FDA,QUINETHAZONE,-1,0.013722371,0.3812124768785928
139.154,0.3993199999999998,42.23,1,3,0,1,0.2857142857142857,10,1,0.5649178764789872,0,0,0,0.6983571428571429,0,fda_1520,Cc1c(O)c(=O)ccn1C,2.96940207,FDA,DEFERIPRONE,0,0.0085453,0.10303085044393251
250.28300000000004,0.8596000000000001,97.97,2,5,3,2,0.0,17,2,0.7871395577774678,0,0,0,0.3002142857142857,0,fda_13,Nc1ccc(S(=O)(=O)Nc2ncccn2)cc1,3.62555504,FDA,SULFADIAZINE,-1,0.014042782,0.23771070045294632
162.19,-1.8291999999999993,69.23,2,4,3,0,0.6,10,0,0.4795672584018238,0,0,0,0.5055,0,fda_1398,C[C@H](S)C(=O)NCC(=O)[O-],2.6464026,FDA,TIOPRONIN,0,0.010527566,0.03673301722283016
422.4640000000001,-0.8592999999999977,128.73000000000002,1,9,7,1,0.3529411764705882,28,3,0.3389583327822128,0,0,0,0.0804999999999999,0,fda_1005,CC(=O)OCC1=C(C(=O)[O-])N2C(=O)[C@@H](NC(=O)CSc3ccncc3)[C@H]2SC1,3.58053756,FDA,CEPHAPIRIN,-1,0.80983067,0.22847055717632012
344.4550000000002,2.731700000000001,62.129999999999995,1,5,5,1,0.6,25,3,0.8344883565703411,0,0,0,0.5562142857142858,0,fda_1118,CN1CCCN=C1COC(=O)[C@@](O)(c1ccccc1)C1CCCCC1,4.45233297,FDA,OXYPHENCYCLIMINE,-1,0.9481923,0.40741248143118813
384.58600000000007,4.164000000000003,69.64,2,4,14,1,0.7,26,1,0.4725190328976435,0,1,0,0.5025714285714286,0,fda_1262,CCCCCCCN(CC)CCC[C@H](O)c1ccc(NS(C)(=O)=O)cc1,4.25029898,FDA,IBUTILIDE,-1,0.9583592,0.36594363390021906
405.9690000000001,6.562600000000006,12.47,0,2,9,3,0.2307692307692307,29,3,0.3734283215865669,1,0,0,0.9109285714285714,1,fda_1753,CCN(CC)CCOc1ccc(/C(=C(/Cl)c2ccccc2)c2ccccc2)cc1,4.65156555,FDA,CLOMIPHENE,-1,0.9594325,0.4483063205481686
500.4320000000002,8.644300000000001,23.47,1,2,10,3,0.4615384615384615,33,3,0.2817693045006755,2,0,0,0.8323571428571429,1,fda_1195,CCCCN(CCCC)CC[C@H](O)c1cc2c(Cl)cc(Cl)cc2c2cc(C(F)(F)F)ccc12,5.55730677,FDA,HALOFANTRINE,-1,0.98549634,0.6342158526753816
211.261,1.1291999999999998,72.72,4,4,4,1,0.4545454545454545,15,1,0.6021334012552946,0,0,0,0.4805714285714285,0,fda_1221,CC(C)NC[C@@H](O)c1cc(O)cc(O)c1,2.99654651,FDA,METAPROTERENOL,0,0.012416948,0.10860243096696001
381.69000000000005,5.801400000000003,27.05,0,3,6,3,0.1666666666666666,24,3,0.5391871956552778,1,0,0,0.8067857142857142,0,fda_1166,Clc1ccc(CO[C@@H](Cn2ccnc2)c2ccc(Cl)cc2Cl)cc1,4.35572815,FDA,ECONAZOLE,-1,0.92530626,0.38758368652723807
591.7840000000001,7.99970000000001,36.02,0,6,15,2,0.59375,41,4,0.1543207568036371,2,1,0,0.7427142857142857,1,fda_1344,CCCCCCCCCC(=O)OCCN1CCN(CCCN2c3ccccc3Sc3ccc(C(F)(F)F)cc32)CC1,5.16334343,FDA,FLUPHENAZINE DECANOATE,-1,0.9972766,0.5533522035475721
447.9340000000003,4.357300000000004,66.84,1,5,8,2,0.4166666666666667,31,3,0.4808424368475291,0,0,0,0.5225714285714285,1,fda_1361,C[C@@H](O)C(=O)OC1(c2ccc(Cl)cc2)CCN(CCCC(=O)c2ccc(F)cc2)CC1,4.6617322,FDA,HALOPERIDOL LACTATE,-1,0.9901016,0.4503930944556222
309.47800000000007,5.015000000000005,3.24,0,2,2,2,0.4,22,4,0.7664689844331225,1,0,0,0.9768571428571428,0,fda_1355,CN1CCC[C@@H](CC2c3ccccc3Sc3ccccc32)C1,4.73394632,FDA,METHIXENE,-1,0.2999656,0.465215532659526
447.54300000000035,2.965820000000001,105.04,2,9,5,3,0.4583333333333333,33,5,0.5754108874418277,0,0,0,0.2497142857142857,1,fda_1745,CC(=O)c1c(C)c2cnc(Nc3ccc(N4CCNCC4)cn3)nc2n(C2CCCC2)c1=O,5.4295578,FDA,PALBOCICLIB,-1,0.9976835,0.607994509627272
344.4950000000001,4.840100000000005,43.370000000000005,0,3,2,0,0.8181818181818182,25,4,0.6732503232022307,0,0,0,0.6902142857142857,0,fda_144,CCC(=O)O[C@H]1CC[C@H]2[C@@H]3CCC4=CC(=O)CC[C@]4(C)[C@H]3CC[C@]12C,5.81028891,FDA,TESTOSTERONE PROPIONATE,1,0.975161,0.6861421537483757
414.34600000000006,3.4407000000000014,59.59,2,4,7,1,0.5882352941176471,28,2,0.6715843719947417,0,0,0,0.5743571428571428,0,fda_1169,O=C(NC[C@H]1CCCCN1)c1cc(OCC(F)(F)F)ccc1OCC(F)(F)F,3.81537247,FDA,FLECAINIDE,-1,0.9843166,0.27667201613745274
284.42800000000005,4.241000000000003,6.48,0,3,4,2,0.2941176470588235,20,3,0.8288580486751157,0,0,1,0.9537142857142856,0,fda_183,CN(C)CCCN1c2ccccc2Sc2ccccc21,4.17531157,FDA,PROMAZINE,-1,0.06680461,0.35055195910316
366.806,-0.7133999999999994,115.56,2,6,4,1,0.2666666666666666,24,3,0.6798087330589467,0,0,0,0.1745714285714286,0,fda_1021,N[C@@H](C(=O)N[C@@H]1C(=O)N2C(C(=O)[O-])=C(Cl)CS[C@H]12)c1ccccc1,3.90593076,FDA,CEFACLOR,-1,0.59782207,0.29525971972473175
160.237,0.6441999999999999,26.3,0,2,3,0,0.875,11,0,0.4472483918669033,0,0,0,0.8121428571428572,0,fda_1179,CC(=O)O[C@H](C)C[N+](C)(C)C,2.59113908,FDA,METHACHOLINE,0,0.018090105,0.025389804702478175
399.48700000000014,1.9924,96.19,2,6,2,0,0.6956521739130435,29,5,0.7403379417393309,0,0,0,0.3129285714285714,0,fda_1839,CC1=N[C@]2(C(=O)CO)[C@@H](C[C@H]3[C@@H]4CCC5=CC(=O)C=C[C@]5(C)[C@H]4[C@@H](O)C[C@@]32C)O1,5.26731443,FDA,M DEFLAZACORT,-1,0.98689693,0.5746929568863661
128.15099999999998,-0.9701999999999996,66.15,1,3,4,0,0.5,9,0,0.4952133881188815,0,0,0,0.5275,0,fda_1478,C=C[C@@H](N)CCC(=O)[O-],2.63106179,FDA,VIGABATRIN,0,0.010527566,0.03358421186145719
311.46900000000005,3.9624000000000033,23.47,1,2,5,1,0.6190476190476191,23,4,0.8320193452810374,0,0,0,0.8323571428571429,0,fda_1121,O[C@](CCN1CCCCC1)(c1ccccc1)[C@H]1C[C@H]2C=C[C@@H]1C2,4.83453512,FDA,BIPERIDEN,-1,0.8460897,0.48586206649535796
456.5720000000002,2.7171000000000003,110.43,3,6,6,3,0.3636363636363636,32,4,0.5260863337385334,0,0,0,0.2112142857142857,1,fda_1272,CC(C)Nc1cccnc1N1CCN(C(=O)c2cc3cc(NS(C)(=O)=O)ccc3[nH]2)CC1,3.95120168,FDA,DELAVIRDINE,-1,0.9975159,0.3045518832813031
461.1130000000001,-3.508799999999999,269.96,2,16,10,2,0.375,28,2,0.2563621381710445,1,1,0,0.0,1,fda_1670,Nc1nc2c(ncn2COCCO[P@@](=O)([O-])O[P@@](=O)([O-])OP(=O)([O-])[O-])c(=O)[nH]1,4.61172295,FDA,M ACYCLOVIR,-1,0.24882106,0.44012835651034804
205.27699999999996,1.7385,40.129999999999995,0,2,4,1,0.4615384615384615,15,1,0.7507790478562271,0,0,0,0.7133571428571429,0,fda_1152,CC(C)Cc1ccc([C@H](C)C(=O)[O-])cc1,4.56401396,FDA,IBUPROFEN,-1,0.044987593,0.4303357625405584
488.6210000000003,4.093500000000003,106.97,1,7,7,0,0.7857142857142857,35,4,0.5378739644790023,0,0,0,0.2359285714285713,0,fda_1328,CCCC(=O)O[C@]1(C(=O)COC(=O)CC)CC[C@H]2[C@@H]3CCC4=CC(=O)CC[C@]4(C)[C@H]3[C@@H](O)C[C@@]21C,5.50807714,FDA,HYDROCORTISONE PROBUTATE,-1,0.99566793,0.6241111370259207
183.251,1.1278,46.17,1,2,2,0,0.8,13,1,0.6521582317615695,0,0,0,0.6702142857142857,0,fda_163,CCC1(CC)C(=O)NC[C@@H](C)C1=O,3.70696449,FDA,METHYPRYLON,-1,0.011233819,0.25442054254253754
313.72,1.247999999999999,81.59,1,4,2,2,0.0625,22,3,0.8471119866894983,0,0,0,0.4172142857142856,0,fda_1228,O=C([O-])[C@@H]1N=C(c2ccccc2)c2cc(Cl)ccc2NC1=O,4.27301931,FDA,CLORAZEPATE,-1,0.0755883,0.3706071358219664
232.237,-2.129699999999998,94.57999999999998,0,5,1,0,0.75,15,2,0.4812035402653332,0,0,0,0.3244285714285715,0,fda_1372,CC1(C)[C@H](C(=O)[O-])N2C(=O)C[C@H]2S1(=O)=O,4.14346123,FDA,SULBACTAM,-1,0.009888064,0.3440144606690127
254.289,1.5276,86.18,2,3,4,2,0.0666666666666666,19,2,0.6404218695353087,0,0,1,0.3844285714285713,0,fda_1430,NC(=O)Cc1cccc(C(=O)c2ccccc2)c1N,3.59967804,FDA,NEPAFENAC,-1,0.040038824,0.2323992705912736
111.14799999999998,-0.0891000000000003,54.7,2,2,2,1,0.4,8,1,0.560081635014732,0,0,0,0.6092857142857143,0,fda_153,NCCc1ccn[nH]1,2.85058689,FDA,BETAZOLE,0,0.0043771593,0.0786432284215953
389.8860000000001,1.2295000000000005,118.36,3,5,2,1,0.4285714285714285,24,4,0.6571692284800612,0,0,0,0.1545714285714287,0,fda_1465,NS(=O)(=O)c1cc2c(cc1Cl)N[C@@H]([C@H]1C[C@H]3C=C[C@@H]1C3)NS2(=O)=O,5.00046682,FDA,CYCLOTHIAZIDE,-1,0.9317104,0.5199206739992464
519.1490000000001,-4.451399999999998,310.68,4,19,8,2,0.5,32,3,0.2388841203489812,2,1,0,0.0,1,fda_1639,Nc1nc(O)c2ncn([C@@H]3O[C@H](CO[P@@](=O)([O-])O[P@@](=O)([O-])OP(=O)([O-])[O-])[C@@H](O)[C@@H]3O)c2n1,4.06674385,FDA,M NELARABINE,-1,0.27206138,0.3282676977891853
882.0349999999996,8.116000000000009,188.8,4,10,11,6,0.3877551020408163,65,9,0.099661312474857,2,2,0,0.0,1,fda_1815,COC(=O)N[C@H](C(=O)N1CCC[C@H]1c1nc(-c2ccc3c(c2)O[C@@H](c2ccccc2)n2c-3cc3cc(-c4c[nH]c([C@@H]5CCCN5C(=O)[C@@H](NC(=O)OC)C(C)C)n4)ccc32)c[nH]1)C(C)C,6.62048292,FDA,ELBASVIR,1,0.9973596,0.852439972601503
467.5420000000002,1.7581999999999998,111.16,2,7,10,2,0.3846153846153846,34,3,0.5123623645836826,0,0,0,0.206,1,fda_1673,C=C(O)[C@@H]1Cc2cc(OC)c(OC)cc2CN1C(=O)[C@H](C)N[C@@H](CCc1ccccc1)C(=O)[O-],5.45838022,FDA,MOEXIPRILAT,-1,0.973321,0.6139105069327428
403.21200000000016,5.030900000000003,60.45,1,4,7,2,0.2941176470588235,26,3,0.7046383457729449,1,0,0,0.5682142857142857,1,fda_1510,O=C(Nc1c(Cl)cncc1Cl)c1ccc(OC(F)F)c(OCC2CC2)c1,5.16700983,FDA,ROFLUMILAST,-1,0.9795045,0.5541047570292289
556.6220000000002,5.252700000000005,88.73,2,6,2,6,0.2352941176470588,42,9,0.304931565132616,2,0,0,0.3662142857142857,1,fda_1829,CN(C(=O)c1ccccc1)[C@@H]1C[C@H]2O[C@@](C)([C@@H]1O)n1c3ccccc3c3c4c(c5c6ccccc6n2c5c31)C(=O)NC4,4.91782045,FDA,M MIDOSTAURIN,-1,0.99755716,0.5029569456854212
780.9490000000002,2.218100000000003,203.05999999999997,6,14,7,0,0.926829268292683,55,8,0.1622146238757446,3,1,0,0.0,0,fda_152,C[C@H]1O[C@@H](O[C@H]2[C@@H](O)C[C@H](O[C@H]3[C@@H](O)C[C@H](O[C@H]4CC[C@@]5(C)[C@H](CC[C@@H]6[C@@H]5C[C@@H](O)[C@]5(C)[C@@H](C7=CC(=O)OC7)CC[C@]65O)C4)O[C@@H]3C)O[C@@H]2C)C[C@H](O)[C@@H]1O,6.82241964,FDA,DIGOXIN,1,0.9659186,0.893888854804859
466.5210000000002,2.9487000000000014,100.90000000000002,2,6,5,0,0.72,33,4,0.604545875791816,0,0,0,0.2792857142857141,0,fda_1550,CCCC(=O)O[C@]1(C(=O)CO)CC[C@H]2[C@@H]3C[C@H](F)C4=CC(=O)C=C[C@]4(C)[C@@]3(F)[C@@H](O)C[C@@]21C,5.45816851,FDA,M DIFLUPREDNATE,-1,0.99572504,0.6138670520184942
263.381,2.7326000000000006,43.7,2,3,4,1,0.625,19,2,0.8775816874821688,0,0,0,0.6878571428571428,0,fda_1432,CN(C)C[C@H](c1ccc(O)cc1)C1(O)CCCCC1,4.16016626,FDA,DESVENLAFAXINE,-1,0.06680461,0.3474432814435282
419.3840000000002,1.3528,100.87,2,6,3,2,0.35,30,4,0.7824608276704148,0,0,0,0.2795000000000001,1,fda_1622,C[C@@H]1CCO[C@H]2Cn3cc(C(=O)NCc4ccc(F)cc4F)c(=O)c(O)c3C(=O)N12,4.6558342,FDA,DOLUTEGRAVIR,-1,0.9888715,0.449182489929435
407.31800000000015,2.0164999999999997,77.04,1,5,4,2,0.4375,28,3,0.6216377742511342,0,0,0,0.4497142857142856,1,fda_1308,N[C@@H](CC(=O)N1CCn2c(nnc2C(F)(F)F)C1)Cc1cc(F)c(F)cc1F,5.18658686,FDA,SITAGLIPTIN,-1,0.96901524,0.5581230752942854
274.408,3.5064400000000013,32.34,1,2,4,1,0.5882352941176471,20,2,0.910996282737818,0,0,0,0.769,0,fda_1265,CCCN1CCCC[C@H]1C(=O)Nc1c(C)cccc1C,3.72087789,FDA,ROPIVACAINE,-1,0.17434193,0.25727636231443535
273.248,-0.3299999999999998,109.57,2,5,1,1,0.2307692307692307,20,3,0.5375391722332333,0,0,0,0.2173571428571429,0,fda_1596,Nc1cccc2c1C(=O)N([C@H]1CCC(=O)NC1=O)C2=O,4.04118681,FDA,POMALIDOMIDE,-1,0.0053550103,0.32302194188888916
225.288,1.5192999999999997,72.72,4,4,3,1,0.5,16,1,0.6290731330689312,0,0,0,0.4805714285714285,0,fda_1227,CC(C)(C)NC[C@H](O)c1cc(O)cc(O)c1,2.76635385,FDA,TERBUTALINE,0,0.012416948,0.061353825322492776
476.47400000000016,2.9729,143.48,2,10,11,3,0.4285714285714285,33,3,0.3129977215658726,0,2,0,0.0,1,fda_1805,CC(C)OC(=O)[C@H](C)N[P@](=O)(CO[C@H](C)Cn1cnc2c(N)ncnc21)Oc1ccccc1,4.98529387,FDA,TENOFOVIR ALAFENAMIDE,-1,0.9911069,0.5168063230420384
492.68900000000025,4.255800000000003,56.75000000000001,0,6,5,2,0.6785714285714286,35,7,0.5841691518377902,0,0,0,0.594642857142857,1,fda_1503,O=C1[C@@H]2[C@H]3CC[C@H](C3)[C@@H]2C(=O)N1C[C@@H]1CCCC[C@H]1CN1CCN(c2nsc3ccccc23)CC1,5.38665962,FDA,LURASIDONE,-1,0.99787855,0.5991893670580632
362.3900000000002,-1.808099999999996,150.28,4,5,6,1,0.5625,26,3,0.4703300603695735,0,1,0,0.0,0,fda_1381,NC(=O)[C@@H]1CCCN1C(=O)[C@H](Cc1c[nH]cn1)NC(=O)[C@@H]1CCC(=O)N1,4.88319445,FDA,PROTIRELIN,-1,0.3104083,0.49584972419953505
243.168,3.0454000000000017,0.0,0,0,3,1,0.4545454545454545,13,1,0.7156100675468327,0,0,0,1.0,0,fda_1387,CC[N+](C)(C)Cc1ccccc1Br,3.14863849,FDA,BRETYLIUM,0,0.06680461,0.13982034201897273
389.51200000000006,1.9846999999999997,100.82,3,5,12,1,0.6086956521739131,28,2,0.3748568143522166,0,1,0,0.2798571428571428,0,fda_1665,O=C([O-])CCC/C=C\C[C@@H]1[C@@H](CC[C@@H](O)CCc2ccccc2)[C@H](O)C[C@@H]1O,5.71371412,FDA,M LATANOPROST,-1,0.9657034,0.6663195227057211
389.8860000000001,1.2295000000000005,118.36,3,5,2,1,0.4285714285714285,24,4,0.6571692284800612,0,0,0,0.1545714285714287,0,fda_1466,NS(=O)(=O)c1cc2c(cc1Cl)N[C@H]([C@@H]1C[C@H]3C=C[C@@H]1C3)NS2(=O)=O,4.30281687,FDA,CYCLOTHIAZIDE,-1,0.9317104,0.3767232872301276
211.224,1.617,69.53999999999999,1,3,1,2,0.0833333333333333,16,2,0.7786697771862998,0,0,0,0.5032857142857143,0,fda_1247,Cc1[nH]c(=O)c(C#N)cc1-c1ccncc1,4.27375269,FDA,MILRINONE,-1,0.013722371,0.37075766704397656
314.37000000000006,2.2553,90.00999999999999,2,5,4,3,0.0,22,3,0.7227517735358318,0,0,0,0.3570714285714286,0,fda_1354,Nc1ccc(S(=O)(=O)Nc2ccnn2-c2ccccc2)cc1,3.98390651,FDA,SULFAPHENAZOLE,-1,0.05951521,0.3112647715868614
441.5240000000002,2.5632,102.26,1,7,3,0,0.68,32,5,0.6756078663027947,0,0,0,0.2695714285714286,0,fda_1838,CC(=O)OCC(=O)[C@@]12N=C(C)O[C@@H]1C[C@H]1[C@@H]3CCC4=CC(=O)C=C[C@]4(C)[C@H]3[C@@H](O)C[C@@]12C,5.86068344,FDA,DEFLAZACORT,1,0.9943779,0.696485973028314
446.88200000000023,2.9463,91.59000000000002,1,6,7,3,0.3043478260869565,31,3,0.6021275728743393,0,0,0,0.3457857142857141,1,fda_1586,COc1cc2c(cc1Cc1cccc(Cl)c1F)c(=O)c(C(=O)[O-])cn2[C@H](CO)C(C)C,5.5830512,FDA,ELVITEGRAVIR,-1,0.9888657,0.6395000716448812
325.4520000000001,3.9333000000000022,38.33,1,3,8,2,0.3809523809523809,24,2,0.7473500606662421,0,0,0,0.7262142857142857,0,fda_1560,CCC(=O)O[C@](Cc1ccccc1)(c1ccccc1)[C@H](C)CNC,4.18353033,FDA,NORPROPOXYPHENE,-1,0.83115214,0.35223891536895285
410.5830000000001,4.976400000000005,43.78,1,5,7,2,0.4583333333333333,29,4,0.6525728569553443,0,0,0,0.6872857142857143,1,fda_1357,CC(=O)c1ccc2c(c1)N(CCCN1CCC(CCO)CC1)c1ccccc1S2,5.47827578,FDA,PIPERACETAZINE,-1,0.99616516,0.6179942056419712
493.5610000000003,1.1614999999999998,115.84,1,7,6,2,0.3846153846153846,35,5,0.2778852746524946,0,0,0,0.1725714285714286,1,fda_1448,CC1(C)S[C@@H]2[C@H](NC(=O)[C@H](C(=O)Oc3ccc4c(c3)CCC4)c3ccccc3)C(=O)N2[C@H]1C(=O)[O-],4.86078262,FDA,CARBENICILLIN INDANYL,-1,0.99023205,0.4912495439963919
545.9290000000002,3.175420000000001,145.0,2,9,8,4,0.2,38,4,0.3432527612643516,1,1,0,0.0,1,fda_1842,Cc1ccn(-c2cc(Cl)ccc2[C@@H](Oc2cc(-c3ccc(C[C@H](N)C(=O)[O-])cc3)nc(N)n2)C(F)(F)F)n1,5.93121386,FDA,TELOTRISTAT,1,0.9967458,0.710962820380956
387.88700000000017,2.8355000000000015,65.49,0,5,8,2,0.4285714285714285,27,3,0.6964171502061315,0,0,0,0.5322142857142858,0,fda_1479,O=C([O-])CCCN1CCC(O[C@@H](c2ccc(Cl)cc2)c2ccccn2)CC1,4.92008066,FDA,BEPOTASTINE,-1,0.98395777,0.5034208691266104
1047.2269999999996,3.3685000000000116,281.19999999999993,9,11,17,6,0.3275862068965517,77,8,0.0597664057401441,3,2,0,0.0,1,fda_1577,NCCCC[C@@H]1NC(=O)[C@@H](Cc2c[nH]c3ccccc23)NC(=O)[C@H](c2ccccc2)NC(=O)[C@@H]2C[C@@H](OC(=O)NCCN)CN2C(=O)[C@H](Cc2ccccc2)NC(=O)[C@H](Cc2ccc(OCc3ccccc3)cc2)NC1=O,5.18729925,FDA,PASIREOTIDE,-1,0.9974269,0.5582692981763487
300.833,4.186200000000004,15.27,1,2,4,2,0.3333333333333333,21,3,0.851977734438145,0,0,0,0.8909285714285714,0,fda_1693,CNCCCN1c2ccccc2CCc2ccc(Cl)cc21,4.04230928,FDA,M CLOMIPRAMINE,-1,0.06857987,0.32325233647391943
348.766,-0.6238999999999997,115.56,2,5,4,1,0.3125,24,3,0.7032282381265724,0,0,0,0.1745714285714286,0,fda_1053,N[C@@H](C(=O)N[C@@H]1C(=O)N2C(C(=O)[O-])=C(Cl)CC[C@H]12)c1ccccc1,4.61249208,FDA,LORACARBEF,-1,0.61453915,0.4402862256624719
418.57800000000026,3.5641000000000025,74.02,1,6,7,1,0.7083333333333334,30,3,0.6826775892247292,0,0,0,0.4712857142857143,0,fda_1848,COc1cc2c(cc1OC)[C@H]1C[C@@H](OC(=O)[C@@H](N)C(C)C)[C@H](CC(C)C)CN1CC2,4.65208769,FDA,VALBENAZINE,-1,0.9850583,0.4484134933266195
392.49900000000014,3.148900000000001,85.35,4,4,6,3,0.375,29,4,0.5191742847910432,0,0,0,0.3903571428571428,0,fda_1522,CCc1cc2c(cc1CC)CC(NC[C@H](O)c1ccc(O)c3[nH]c(=O)ccc13)C2,5.1254096,FDA,INDACATEROL,-1,0.98790234,0.5455660275059283
450.9300000000002,4.111320000000004,80.29,0,7,3,4,0.3043478260869565,32,5,0.4669425315890487,0,0,0,0.4265,1,fda_1721,Cc1ccc(-n2nccn2)c(C(=O)N2CCN(c3nc4cc(Cl)ccc4o3)CC[C@H]2C)c1,5.31553841,FDA,SUVOREXANT,-1,0.9972247,0.584591256048584
302.458,4.269300000000005,37.3,1,2,0,0,0.85,22,4,0.7253305311285855,0,0,0,0.7335714285714285,0,fda_1320,C[C@]12CCC(=O)C=C1CC[C@@H]1[C@@H]2CC[C@@]2(C)[C@H]1CC[C@]2(C)O,5.15610552,FDA,METHYLTESTOSTERONE,-1,0.26876858,0.5518665734007195
290.403,4.468000000000004,35.53,0,3,9,1,0.5,21,1,0.497064500171454,0,0,0,0.7462142857142857,0,fda_1405,CCCC[C@@H](CC)COC(=O)/C=C/c1ccc(OC)cc1,4.17677546,FDA,OCTINOXATE,-1,0.109243214,0.3508524324602031
422.4930000000002,2.444500000000001,100.90000000000002,2,6,3,0,0.782608695652174,30,4,0.6778330887220734,0,0,0,0.2792857142857141,0,fda_175,CC(=O)OCC(=O)[C@@]1(O)CC[C@H]2[C@@H]3CCC4=CC(=O)CC[C@]4(C)[C@@]3(F)[C@@H](O)C[C@@]21C,5.66596174,FDA,FLUDROCORTISONE ACETATE,-1,0.9902918,0.6565180226439697
284.38100000000003,2.16972,67.43,2,5,6,1,0.5384615384615384,19,1,0.7856511740400417,0,0,0,0.5183571428571427,0,fda_1420,CCCN[C@@H](C)C(=O)Nc1c(C)csc1C(=O)OC,3.56823802,FDA,ARTICAINE,-1,0.062311165,0.22594599312172192
317.74800000000005,2.478300000000001,66.43,0,4,5,2,0.1764705882352941,22,2,0.7945750436830831,0,0,0,0.5255,0,fda_1486,CC(C)(Oc1ccc(C(=O)c2ccc(Cl)cc2)cc1)C(=O)[O-],4.37509298,FDA,FENOFIBRIC ACID,-1,0.12150717,0.3915584493022203
426.4520000000002,-1.2360999999999984,151.09,2,9,7,1,0.375,28,3,0.4059709296632844,0,1,0,0.0,0,fda_1018,CO[C@@]1(NC(=O)Cc2cccs2)C(=O)N2C(C(=O)[O-])=C(COC(N)=O)CS[C@@H]21,4.12350035,FDA,CEFOXITIN,-1,0.518721,0.3399173545864967
218.25599999999991,1.4735000000000005,49.41,1,2,2,1,0.3333333333333333,16,2,0.764131318230403,0,0,0,0.6470714285714285,0,fda_1089,CC[C@@]1(c2ccccc2)NC(=O)N(C)C1=O,3.95000005,FDA,MEPHENYTOIN,-1,0.013722371,0.3043052405690613
1306.5640000000003,-11.187699999999952,524.2699999999998,17,15,30,2,0.6101694915254238,92,7,0.0196167538944969,3,2,0,0.0,1,fda_1521,NC(=[NH2+])NCCC[C@@H](N)C(=O)N[C@@H](CCCNC(N)=[NH2+])C(=O)N1CCC[C@H]1C(=O)N1C[C@H](O)C[C@H]1C(=O)NCC(=O)N[C@@H](Cc1cccs1)C(=O)N[C@@H](CO)C(=O)N1Cc2ccccc2C[C@@H]1C(=O)N1[C@H](C(=O)N[C@@H](CCCNC(N)=[NH2+])C(=O)[O-])C[C@@H]2CCCC[C@@H]21,6.70219421,FDA,ICATIBANT,1,0.92448515,0.8692117693995013
461.5580000000003,5.163340000000004,84.86000000000001,2,6,7,3,0.2857142857142857,34,3,0.3733153100480422,1,0,0,0.3938571428571428,1,fda_1239,Cc1ccc(C(=O)Oc2ccc([C@H](O)CNC(C)(C)C)cc2OC(=O)c2ccc(C)cc2)cc1,4.43072605,FDA,BITOLTEROL,-1,0.991172,0.40297751446798635
958.24,6.197200000000008,204.6599999999999,3,14,9,0,0.7547169811320755,68,4,0.1339238691413767,3,1,0,0.0,0,fda_1185,CO[C@@H]1C[C@@H]2CC[C@@H](C)[C@@](O)(O2)C(=O)C(=O)N2CCCC[C@H]2C(=O)O[C@H]([C@H](C)C[C@@H]2CC[C@@H](OCCO)[C@H](OC)C2)CC(=O)[C@@H](C)/C=C(\C)[C@@H](O)[C@@H](OC)C(=O)[C@H](C)C[C@H](C)/C=C/C=C/C=C/1C,5.18629456,FDA,EVEROLIMUS,-1,0.98973936,0.5580630787356207
198.3139999999999,0.5258999999999996,67.64,2,2,3,0,0.9,14,1,0.5131425590842082,0,0,0,0.5168571428571429,0,fda_1218,NC(N)=NCCN1CCCCCCC1,3.58187175,FDA,GUANETHIDINE,-1,0.008909207,0.22874440872816715
349.43399999999997,3.3272200000000014,77.15,4,3,7,3,0.1904761904761904,26,3,0.2286715976780098,0,0,1,0.4489285714285713,0,fda_1744,Cc1[nH]c2ccccc2c1CCNCc1ccc(/C=C/C(=O)NO)cc1,4.61539221,FDA,PANOBINOSTAT,-1,0.9643756,0.4408814970264142
428.90300000000025,3.090200000000002,74.6,2,4,2,0,0.7272727272727273,29,4,0.6626797624449254,0,0,0,0.4671428571428572,0,fda_1691,C[C@H]1C[C@H]2[C@@H]3C[C@H](F)C4=CC(=O)C=C[C@]4(C)[C@@]3(F)[C@@H](O)C[C@]2(C)[C@@]1(O)C(=O)CCl,5.57116652,FDA,HALOBETASOL,-1,0.996192,0.637060660420689
285.235,-1.8409,139.54000000000002,4,9,2,2,0.5,20,3,0.4718336471857848,0,0,0,0.0032857142857141,0,fda_1688,Nc1nc(F)nc2c1ncn2[C@@H]1O[C@H](CO)[C@@H](O)[C@@H]1O,3.53551793,FDA,FLUDARABINE,-1,0.0029785421,0.2192299725976033
597.9050000000001,6.912200000000008,55.84,0,5,7,0,0.8918918918918919,43,6,0.1813365703224181,2,0,0,0.6011428571428572,0,fda_1284,C=CC[N+]1([C@H]2C[C@H]3[C@@H]4CC[C@H]5C[C@H](OC(C)=O)[C@@H](N6CCCCC6)C[C@]5(C)[C@H]4CC[C@]3(C)[C@H]2OC(=O)CC)CCCCC1,6.14489508,FDA,RAPACURONIUM,1,0.9930795,0.754822340912187
502.74600000000027,8.239600000000008,0.0,0,0,9,4,0.3333333333333333,38,6,0.1596591824529376,2,0,0,1.0,1,fda_1336,C[N+](C)(CCCCCC[N+](C)(C)C1c2ccccc2-c2ccccc21)C1c2ccccc2-c2ccccc21,4.86459303,FDA,HEXAFLUORENIUM,-1,0.9944547,0.4920316565078583
416.1350000000001,6.454800000000002,27.05,0,3,6,3,0.1666666666666666,25,3,0.4616906207935435,1,0,0,0.8067857142857142,1,fda_1151,Clc1ccc(CO[C@H](Cn2ccnc2)c2ccc(Cl)cc2Cl)c(Cl)c1,4.91622686,FDA,MICONAZOLE,-1,0.94638073,0.5026298505231821
285.343,1.1981,52.93000000000001,2,4,0,1,0.5294117647058824,21,5,0.7033474919154648,0,0,0,0.6219285714285714,0,fda_1236,CN1CC[C@]23c4c5ccc(O)c4O[C@H]2[C@@H](O)C=C[C@H]3[C@H]1C5,4.09412956,FDA,MORPHINE,-1,0.036444027,0.33388880061706755
291.4350000000001,3.472000000000002,41.489999999999995,2,3,6,1,0.6666666666666666,21,2,0.8429853880163447,0,0,0,0.7036428571428572,0,fda_1240,CC(C)(C)NC[C@H](O)COc1ccccc1C1CCCC1,4.02326393,FDA,PENBUTOLOL,-1,0.0518266,0.31934314913705625
141.17,0.4491999999999999,46.17,1,2,1,0,0.7142857142857143,10,1,0.5387218646888615,0,0,0,0.6702142857142857,0,fda_1128,CC[C@@]1(C)CC(=O)NC1=O,4.12637424,FDA,ETHOSUXIMIDE,-1,0.008123909,0.34050724001236377
295.379,1.5298999999999996,67.79,2,5,9,1,0.5625,21,1,0.6762987306145708,0,0,0,0.5157857142857143,0,fda_1182,COC(=O)CCc1ccc(OC[C@H](O)CNC(C)C)cc1,3.70413423,FDA,ESMOLOL,-1,0.028534202,0.25383961247026116
465.5280000000002,1.2958000000000012,137.26000000000002,2,9,7,1,0.5238095238095238,32,3,0.3465790612399167,0,0,0,0.0195714285714284,0,fda_1020,CCOC(=O)O[C@H](C)OC(=O)[C@@H]1N2C(=O)[C@@H](NC(=O)[C@H](N)c3ccccc3)[C@H]2SC1(C)C,4.44262123,FDA,BACAMPICILLIN,-1,0.96383756,0.405419080888436
1022.2389999999992,2.323500000000009,231.2,4,14,10,3,0.5283018867924528,73,9,0.2139016389243514,2,1,1,0.0,1,fda_1069,CC[C@@H]1NC(=O)[C@@H](NC(=O)c2ncccc2O)[C@H](C)OC(=O)[C@H](c2ccccc2)NC(=O)[C@@H]2CC(=O)[C@H](CS[C@@H]3CN4CCC3CC4)CN2C(=O)[C@H](Cc2ccc(N(C)C)cc2)N(C)C(=O)[C@@H]2CCCN2C1=O,5.89764261,FDA,QUINUPRISTIN,1,0.99774545,0.7040720934905252
528.9510000000001,9.151699999999998,23.47,1,2,10,3,0.3333333333333333,35,4,0.2216866938390711,2,0,0,0.8323571428571429,1,fda_1153,CCCCN(CCCC)C[C@@H](O)c1cc(Cl)cc2c1-c1ccc(Cl)cc1/C2=C/c1ccc(Cl)cc1,5.16482687,FDA,LUMEFANTRINE,-1,0.9948191,0.5536566896747892
168.03599999999997,2.0835,9.23,0,1,2,0,1.0,10,0,0.5732475481548114,0,0,0,0.9340714285714286,0,fda_1194,FC(F)O[C@@H](F)C(F)(F)F,3.06955028,FDA,DESFLURANE,0,0.009413323,0.12358695019224457
324.15700000000004,-2.8305999999999996,156.74,2,9,4,1,0.5555555555555556,21,2,0.5610247630314301,0,1,0,0.0,0,fda_1654,O=c1[nH]c(=O)n([C@H]2C[C@H](O)[C@@H](COP(=O)([O-])[O-])O2)cc1F,3.55396962,FDA,M FLUOROURACIL,-1,0.0020886052,0.22301730719065224
140.19,-1.0197999999999992,12.96,0,4,0,0,1.0,10,4,0.4267612580294936,0,0,0,0.9074285714285716,0,fda_1365,C1N2CN3CN1CN(C2)C3,2.95212173,FDA,METHENAMINE,0,0.008698325,0.09948394338763315
265.25,2.0092000000000003,105.36,2,6,3,2,0.0,18,2,0.6518867096514126,0,0,0,0.2474285714285714,0,fda_1643,O=C(Nc1ncc([N+](=O)[O-])s1)c1ccccc1O,4.74227381,FDA,TIZOXANIDE,-1,0.05145,0.4669248064957041
285.77400000000006,4.258500000000003,12.47,0,2,0,2,0.2941176470588235,20,4,0.7170507116408826,0,0,0,0.9109285714285714,0,fda_1477,CN1C[C@@H]2c3ccccc3Oc3ccc(Cl)cc3[C@H]2C1,4.20196342,FDA,ASENAPINE,-1,0.13968317,0.35602243218577484
493.5610000000003,1.1614999999999998,115.84,1,7,6,2,0.3846153846153846,35,5,0.2778852746524946,0,0,0,0.1725714285714286,1,fda_1447,CC1(C)S[C@@H]2[C@H](NC(=O)[C@@H](C(=O)Oc3ccc4c(c3)CCC4)c3ccccc3)C(=O)N2[C@H]1C(=O)[O-],4.86446428,FDA,CARBENICILLIN INDANYL,-1,0.99023205,0.4920052296966093
360.4500000000002,1.5576,94.83,3,5,2,0,0.7142857142857143,26,4,0.6946116752943168,0,0,0,0.3226428571428571,0,fda_171,C[C@]12C=CC(=O)C=C1CC[C@@H]1[C@@H]2[C@@H](O)C[C@@]2(C)[C@H]1CC[C@]2(O)C(=O)CO,5.33013916,FDA,PREDNISOLONE,-1,0.9514551,0.5875881590726136
453.5110000000002,-1.970779999999998,158.91999999999996,1,13,7,2,0.4285714285714285,29,4,0.3658264038847418,1,1,0,0.0,1,fda_1008,Cc1nnc(SCC2=C(C(=O)[O-])N3C(=O)[C@@H](NC(=O)Cn4cnnn4)[C@H]3SC2)s1,4.31358099,FDA,CEFAZOLIN,-1,0.89135826,0.3789326959097516
660.7270000000002,8.675400000000007,62.32000000000001,0,6,19,2,0.6111111111111112,45,4,0.1110576667597675,2,1,0,0.5548571428571428,1,fda_1804,CCCCCCCCCCCC(=O)OCN1C(=O)CCc2ccc(OCCCCN3CCN(c4cccc(Cl)c4Cl)CC3)cc21,6.02829599,FDA,ARIPIPRAZOLE LAUROXIL,1,0.9975274,0.7308895864016229
380.662,0.8210000000000004,118.36,3,5,2,1,0.25,20,2,0.6564465021990212,0,0,0,0.1545714285714287,0,fda_1126,NS(=O)(=O)c1cc2c(cc1Cl)N[C@@H](C(Cl)Cl)NS2(=O)=O,4.18389559,FDA,TRICHLORMETHIAZIDE,-1,0.09009469,0.3523138874627533
482.09900000000016,-3.860599999999997,255.46,2,15,8,1,0.5555555555555556,29,2,0.3363510491427183,1,1,0,0.0,0,fda_1655,O=c1[nH]c(=O)n([C@H]2C[C@H](O)[C@@H](CO[P@@](=O)([O-])O[P@](=O)([O-])OP(=O)([O-])[O-])O2)cc1F,3.88902855,FDA,M FLUOROURACIL,-1,0.18676311,0.29179042641707387
418.54100000000005,4.307500000000003,81.34,1,5,11,3,0.32,31,3,0.4694486043901936,0,1,0,0.4189999999999999,1,fda_1807,CC(C)N(CCCCOCC(N)=O)c1cnc(-c2ccccc2)c(-c2ccccc2)n1,5.34317017,FDA,M SELEXIPAG,-1,0.9903122,0.5902628623087598
211.261,1.1291999999999998,72.72,4,4,4,1,0.4545454545454545,15,1,0.6021334012552946,0,0,0,0.4805714285714285,0,fda_1222,CC(C)NC[C@H](O)c1cc(O)cc(O)c1,2.70020747,FDA,METAPROTERENOL,0,0.012416948,0.04777683193169978
408.45400000000024,-0.5807999999999973,112.6,1,6,8,2,0.3478260869565217,30,3,0.625384663396691,0,0,0,0.1957142857142857,1,fda_1695,C[C@H](N[C@@H](CCc1ccccc1)C(=O)[O-])C(=O)N1Cc2ccccc2C[C@H]1C(=O)[O-],4.82218218,FDA,QUINAPRILAT,-1,0.8985284,0.4833265417283661
286.26399999999995,2.1149999999999993,81.65,0,5,6,1,0.5384615384615384,19,1,0.5906206074464447,0,0,0,0.4167857142857142,0,fda_1454,CC(C)c1cccc(C(C)C)c1OCOP(=O)([O-])[O-],4.80774164,FDA,FOSPROPOFOL,-1,0.021222655,0.4803625228940853
570.6460000000004,3.4798000000000027,141.18,4,9,6,3,0.46875,42,8,0.3505216634050578,1,1,0,0.0,1,fda_1844,CC(C)(NC(=O)C1=C(O)[C@@H]2Oc3c(O)ccc4c3[C@@]23CCN(CC2CC2)[C@H](C4)[C@]3(O)C1)c1nc(-c2ccccc2)no1,6.04499674,FDA,NALDEMEDINE,1,0.9977575,0.7343175286770927
300.74500000000006,3.3712000000000018,40.620000000000005,0,2,1,2,0.125,21,3,0.7576569223589451,0,0,0,0.7098571428571427,0,fda_1525,CN1C(=O)CC(=O)N(c2ccccc2)c2cc(Cl)ccc21,5.46926641,FDA,CLOBAZAM,-1,0.07299761,0.6161449713082827
649.9680000000001,2.618000000000001,95.61,2,5,5,2,0.1333333333333333,23,2,0.4862158687247325,1,0,0,0.3170714285714284,1,fda_185,N[C@@H](Cc1cc(I)c(Oc2ccc(O)c(I)c2)c(I)c1)C(=O)[O-],5.51388216,FDA,LIOTHYRONINE,-1,0.96337885,0.6253026567761083
339.47900000000016,4.275500000000004,29.54,0,3,8,2,0.4090909090909091,25,2,0.6725578996267864,0,0,0,0.789,0,fda_1352,CCC(=O)O[C@@](Cc1ccccc1)(c1ccccc1)[C@@H](C)CN(C)C,4.68763018,FDA,LEVOPROPOXYPHENE,-1,0.8476447,0.4557088306046736
357.435,2.490900000000001,71.53,1,6,7,2,0.2777777777777778,25,3,0.8208547527827771,0,0,0,0.4890714285714286,0,fda_1288,CN(CCOc1ccc(C[C@H]2SC(=O)NC2=O)cc1)c1ccccn1,4.20354605,FDA,ROSIGLITAZONE,-1,0.77904016,0.356347277733635
263.3809999999999,2.6346000000000007,32.7,1,3,4,1,0.625,19,2,0.9061758690933456,0,0,0,0.7664285714285715,0,fda_1677,COc1cccc([C@]2(O)CCCC[C@H]2CN(C)C)c1,3.73488402,FDA,TRAMADOL,-1,0.034207404,0.26015121554813586
324.38000000000005,3.493400000000002,60.85,1,3,5,2,0.2631578947368421,24,3,0.8564589107930237,0,0,1,0.5653571428571429,0,fda_1132,CCCC[C@@H]1C(=O)N(c2ccccc2)N(c2ccc(O)cc2)C1=O,4.98186111,FDA,OXYPHENBUTAZONE,-1,0.7575999,0.516101725755956
296.326,3.0637000000000008,72.63,1,3,1,2,0.1764705882352941,22,3,0.8219137462216773,0,0,0,0.4812142857142857,0,fda_1621,CC(=O)O[C@H]1Cc2ccccc2N(C(N)=O)c2ccccc21,4.94436789,FDA,ESLICARBAZEPINE ACETATE,-1,0.19152232,0.5084059879069679
357.435,2.490900000000001,71.53,1,6,7,2,0.2777777777777778,25,3,0.8208547527827771,0,0,0,0.4890714285714286,0,fda_1287,CN(CCOc1ccc(C[C@@H]2SC(=O)NC2=O)cc1)c1ccccn1,4.52131844,FDA,ROSIGLITAZONE,-1,0.77904016,0.42157221731168165
835.944,4.5678000000000045,202.45,3,14,10,2,0.5777777777777777,60,6,0.1707279713931615,2,1,0,0.0,1,fda_1504,CO[C@H]1C(=O)[C@]2(C)[C@@H](OC)C[C@H]3OC[C@@]3(OC(C)=O)[C@H]2[C@H](OC(=O)c2ccccc2)[C@]2(O)C[C@H](OC(=O)[C@H](O)[C@@H](NC(=O)OC(C)(C)C)c3ccccc3)C(C)=C1C2(C)C,5.45130157,FDA,CABAZITAXEL,-1,0.9970535,0.6124575659816925
538.5840000000003,4.9268000000000045,93.81,1,7,4,1,0.5925925925925926,37,5,0.5437695227604175,1,0,0,0.3299285714285714,0,fda_1403,C[C@@H]1C[C@H]2[C@@H]3C[C@H](F)C4=CC(=O)C=C[C@]4(C)[C@@]3(F)[C@@H](O)C[C@]2(C)[C@@]1(OC(=O)c1ccco1)C(=O)SCF,5.41979361,FDA,FLUTICASONE FUROATE,-1,0.99606496,0.6059903433660729
314.46900000000005,4.723500000000005,34.14,0,2,1,0,0.8095238095238095,23,4,0.7013194281770768,0,0,0,0.7561428571428571,0,fda_148,CC(=O)[C@H]1CC[C@H]2[C@@H]3CCC4=CC(=O)CC[C@]4(C)[C@H]3CC[C@]12C,5.15522957,FDA,PROGESTERONE,-1,0.94041085,0.5516867787186727
419.2110000000002,4.163500000000002,73.05000000000001,1,5,6,2,0.2941176470588235,27,3,0.7141415397540368,0,0,0,0.4782142857142856,1,fda_1537,O=C(N=c1c(Cl)cn(O)cc1Cl)c1ccc(OC(F)F)c(OCC2CC2)c1,5.84590006,FDA,M ROFLUMILAST,1,0.9863533,0.693451583957384
868.9480000000001,4.956500000000004,195.22,3,11,8,2,0.7,60,7,0.3038945728801688,2,1,0,0.0,1,fda_1847,CC[C@@H]1[C@@H]2CN(C(=O)[C@H](C(C)(C)C)NC(=O)O[C@@H]3C[C@H]3CCCCC(F)(F)c3nc4ccc(OC)cc4nc3O2)[C@@H]1C(=O)N[C@]1(C(=O)NS(=O)(=O)C2(C)CC2)C[C@H]1C(F)F,4.71763563,FDA,VOXILAPREVIR,-1,0.99679524,0.4618676528461594
500.483,5.729500000000005,50.36,2,3,5,2,0.48,35,4,0.5159896304310263,2,0,0,0.6402857142857143,1,fda_1801,C[C@@H](OC[C@@]1(c2ccccc2)CC[C@]2(CCC(=O)N2)CN1)c1cc(C(F)(F)F)cc(C(F)(F)F)c1,5.43059015,FDA,ROLAPITANT,-1,0.99120575,0.6082064064707119
263.38499999999993,1.1901,81.14,3,3,8,1,0.5333333333333333,19,1,0.6162274227299266,0,0,0,0.4204285714285714,0,fda_1306,C[C@@H](Cc1ccccc1)NC(=O)[C@@H](N)CCCCN,3.22432923,FDA,LISDEXAMFETAMINE,0,0.040613156,0.1553563800716104
251.80099999999996,4.135100000000003,26.02,1,1,4,1,0.6,17,2,0.8554670191758997,0,0,0,0.8141428571428572,0,fda_1659,CC(C)C[C@@H](N)C1(c2ccc(Cl)cc2)CCC1,4.1060214,FDA,M SIBUTRAMINE,-1,0.06680461,0.3363296814798506
403.2810000000002,2.902400000000001,70.84,0,6,5,3,0.2352941176470588,24,4,0.6130715524649576,0,0,0,0.494,1,fda_1810,O=C([O-])CSc1nnc(Br)n1-c1ccc(C2CC2)c2ccccc12,5.64604902,FDA,LESINURAD,-1,0.99407154,0.6524308017282868
145.158,-0.5326000000000002,69.39,1,4,4,0,0.6666666666666666,10,0,0.5396004092310056,0,0,0,0.5043571428571428,0,fda_1296,COC(=O)CCC(=O)CN,3.94091678,FDA,METHYL AMINOLEVULINATE,-1,0.00809491,0.3024408377588578
423.3830000000001,-1.8706999999999971,176.58999999999995,2,10,7,1,0.3125,29,3,0.2887875722659721,0,1,0,0.0,0,fda_1029,CO/N=C(\C(=O)N[C@@H]1C(=O)N2C(C(=O)[O-])=C(COC(N)=O)CS[C@H]12)c1ccco1,4.10703087,FDA,CEFUROXIME,-1,0.514432,0.33653688204801774
475.46500000000026,-1.6877999999999973,212.96,3,11,10,3,0.2608695652173913,35,3,0.2813060083578683,1,1,0,0.0,1,fda_1481,C#CC[C@@H](Cc1cnc2nc(N)nc(N)c2n1)c1ccc(C(=O)N[C@@H](CCC(=O)[O-])C(=O)[O-])cc1,5.40797663,FDA,PRALATREXATE,-1,0.79446757,0.6035648280263199
220.316,2.32162,41.13,2,2,5,1,0.4615384615384615,16,1,0.7992484445643814,0,0,0,0.7062142857142857,0,fda_1136,CCCN[C@@H](C)C(=O)Nc1ccccc1C,3.25664067,FDA,PRILOCAINE,0,0.09214826,0.16198852240996672
415.4320000000002,3.7543000000000015,101.38000000000002,2,7,5,5,0.1363636363636363,31,5,0.4533184660974361,0,0,0,0.2758571428571427,1,fda_1730,CC[C@H](Nc1ncnc2nc[nH]c12)c1nc2cccc(F)c2c(=O)n1-c1ccccc1,6.02280426,FDA,IDELALISIB,1,0.9925627,0.7297623715500464
318.8730000000001,4.894400000000004,6.48,0,3,4,2,0.2941176470588235,21,3,0.7918053413291345,0,0,0,0.9537142857142856,0,fda_142,CN(C)CCCN1c2ccccc2Sc2ccc(Cl)cc21,3.98391247,FDA,CHLORPROMAZINE,-1,0.06857987,0.3112659949173083
484.66300000000024,4.666800000000005,55.760000000000005,1,6,9,3,0.4230769230769231,33,6,0.272537178442321,0,0,0,0.6017142857142856,1,fda_1588,O=C(O[C@H]1C[N@+]2(CCCOc3ccccc3)CC[C@H]1CC2)C(O)(c1cccs1)c1cccs1,4.43856716,FDA,ACLIDINIUM,-1,0.9965501,0.40458695550839524
450.91500000000013,1.6133999999999993,108.61,4,7,6,2,0.4782608695652174,31,4,0.5291572262506439,0,0,0,0.2242142857142856,1,fda_1720,OC[C@H]1O[C@@H](c2ccc(Cl)c(Cc3ccc(O[C@H]4CCOC4)cc3)c2)[C@H](O)[C@@H](O)[C@@H]1O,4.09976053,FDA,EMPAGLIFLOZIN,-1,0.9541411,0.3350445954235824
539.6360000000004,3.6159000000000026,94.21999999999996,2,7,7,3,0.2580645161290322,40,5,0.3499792624442517,1,0,0,0.3270000000000002,1,fda_1740,COC(=O)c1ccc2c(c1)NC(=O)/C2=C(\Nc1ccc(N(C)C(=O)CN2CCN(C)CC2)cc1)c1ccccc1,6.0767417,FDA,NINTEDANIB,1,0.99624807,0.7408333971510892
422.5060000000002,2.0749999999999997,98.08,0,7,10,3,0.2608695652173913,30,3,0.4660136688395425,0,0,0,0.2994285714285715,1,fda_1275,CCCCc1ncc(/C=C(\Cc2cccs2)C(=O)[O-])n1Cc1ccc(C(=O)[O-])cc1,5.87561274,FDA,EPROSARTAN,1,0.97155255,0.6995503131695155
286.33900000000006,1.0922999999999998,101.88,3,7,4,2,0.5,21,4,0.7272302824304794,0,0,0,0.2722857142857143,0,fda_1283,Nc1nc(NC2CC2)c2ncn([C@H]3C=C[C@@H](CO)C3)c2n1,4.6323123,FDA,ABACAVIR,-1,0.049471363,0.4443544603254128
309.62100000000004,-2.4115200000000003,162.25,2,7,2,1,0.0,21,1,0.5743674366769347,0,1,0,0.0,0,fda_1409,N#Cc1cc(NC(=O)C(=O)[O-])c(Cl)c(NC(=O)C(=O)[O-])c1,3.44059825,FDA,LODOXAMIDE,-1,0.011078193,0.19974706411468712
496.6330000000002,3.8980000000000032,101.49,1,7,12,3,0.3461538461538461,35,3,0.3795721172996913,0,1,0,0.2750714285714285,1,fda_1806,CC(C)N(CCCCOCC(=O)NS(C)(=O)=O)c1cnc(-c2ccccc2)c(-c2ccccc2)n1,5.12096262,FDA,SELEXIPAG,-1,0.99239975,0.5446532546819433
409.4490000000001,2.4813000000000014,89.82000000000001,2,5,11,1,0.5,29,2,0.4329651273535212,0,1,0,0.3584285714285714,0,fda_1534,O=C([O-])CCC/C=C\C[C@@H]1[C@@H](/C=C/C(F)(F)COc2ccccc2)[C@H](O)C[C@@H]1O,5.18365479,FDA,M TAFLUPROST,-1,0.9749189,0.5575212480285856
167.296,2.4206000000000003,12.03,1,1,1,0,1.0,12,2,0.632181599279575,0,0,0,0.9140714285714284,0,fda_1107,CN[C@]1(C)[C@H]2CC[C@H](C2)C1(C)C,3.49244618,FDA,MECAMYLAMINE,-1,0.034522437,0.21038920360797916
282.38599999999997,0.1434000000000001,108.74,2,6,7,0,1.0,14,0,0.3855117702421436,0,0,0,0.2232857142857143,0,fda_1698,O=S(=O)(O)CCSSCCS(=O)(=O)O,3.87579703,FDA,DIMESNA,-1,0.0062261648,0.2890745671426866
231.03699999999995,-4.191299999999998,172.63,2,8,4,0,1.0,13,0,0.4576639088920878,0,1,0,0.0,0,fda_1256,NCCC(O)(P(=O)([O-])[O-])P(=O)([O-])[O-],4.01753569,FDA,PAMIDRONATE,-1,0.0029912584,0.3181673890029284
174.20299999999995,1.7992,32.67,0,2,1,1,0.2,13,2,0.6385441833835214,0,0,0,0.7666428571428572,0,fda_1846,CC1=NN(c2ccccc2)C(=O)C1,3.38784599,FDA,EDARAVONE,-1,0.01624153,0.1889193047517501
279.383,3.9624000000000033,12.47,0,2,3,2,0.2631578947368421,21,3,0.8428637069733037,0,0,0,0.9109285714285714,0,fda_1749,CN(C)CC/C=C1\c2ccccc2COc2ccccc21,4.23376989,FDA,DOXEPIN,-1,0.061154053,0.3625509260047026
320.04600000000005,5.929000000000002,0.0,0,0,3,2,0.1428571428571428,18,2,0.6150214671313037,1,0,0,1.0,0,fda_1144,Clc1ccc([C@H](c2ccccc2Cl)C(Cl)Cl)cc1,3.95542645,FDA,MITOTANE,-1,0.07352021,0.30541904599478226
360.45000000000016,1.9898,91.67,2,5,2,0,0.7619047619047619,26,4,0.7856923773821717,0,0,1,0.3452142857142857,0,fda_1771,C[C@]12CCC(=O)C=C1CC[C@@H]1[C@@H]2C(=O)C[C@@]2(C)[C@H]1CC[C@]2(O)C(=O)CO,5.01362228,FDA,CORTISONE,-1,0.9527376,0.5226209214424601
847.0190000000003,4.615720000000003,205.54999999999995,5,14,4,1,0.5869565217391305,61,6,0.2630753883136941,2,1,1,0.0,0,fda_1061,CO[C@H]1/C=C/O[C@@]2(C)Oc3c(C)c(O)c4c(c3C2=O)C2=NC3(CCN(CC(C)C)CC3)NC2=C(NC(=O)/C(C)=C\C=C\[C@H](C)[C@H](O)[C@@H](C)[C@@H](O)[C@@H](C)[C@H](OC(C)=O)[C@@H]1C)C4=O,5.47704697,FDA,RIFABUTIN,-1,0.99616915,0.617741984050275
444.6560000000003,4.841600000000007,80.92,4,4,5,0,0.7142857142857143,32,3,0.4574527487157263,0,0,0,0.422,0,fda_1556,C=C1/C(=C\C=C2/CCC[C@]3(C)[C@@H]([C@H](C)/C=C/[C@@](C)(O)C(C)(C)O)CC[C@@H]23)C[C@@H](O)C[C@@H]1O,5.72152185,FDA,M DOXERCALCIFEROL,-1,0.980433,0.6679221122746001
529.4580000000002,1.6565000000000003,158.17999999999995,3,10,10,2,0.5,36,3,0.3052832297679623,1,1,0,0.0,1,fda_1626,CC(C)OC(=O)[C@H](C)N[P@@](=O)(OC[C@H]1O[C@@H](n2ccc(=O)[nH]c2=O)[C@](C)(F)[C@@H]1O)Oc1ccccc1,4.71505404,FDA,SOFOSBUVIR,-1,0.9677099,0.461337763978957
308.37800000000004,1.5852999999999997,87.66,3,5,8,1,0.5,22,1,0.6347552616268447,0,0,0,0.3738571428571429,0,fda_1612,CC(=O)Nc1ccc(OC[C@H](O)CNC(C)C)c(C(C)=O)c1,3.21292043,FDA,DIACETOLOL,0,0.049696025,0.15301464644693014
284.408,3.862600000000003,19.370000000000005,0,3,2,3,0.25,20,3,0.5259574390794158,0,0,0,0.8616428571428572,0,fda_1797,CN(C)c1ccc2nc3ccc(N(C)C)cc3[s+]c2c1,4.06119299,FDA,METHYLENE BLUE,-1,0.06470961,0.32712834610382907
404.5070000000002,2.423,68.31,0,6,6,1,0.6363636363636364,29,3,0.6786181154392725,0,0,0,0.5120714285714285,0,fda_1142,CCN(CC)C(=O)[C@H]1CN2CCc3cc(OC)c(OC)cc3[C@@H]2C[C@@H]1OC(C)=O,4.17962742,FDA,BENZQUINAMIDE,-1,0.9741202,0.3514378166047445
307.39700000000005,2.7792000000000012,38.13,0,4,1,2,0.3684210526315789,23,4,0.7604480046242431,0,0,1,0.7276428571428571,0,fda_1496,CN1CCC(=C2c3ccccc3CCn3c(C=O)cnc32)CC1,5.02733183,FDA,ALCAFTADINE,-1,0.8604415,0.5254348996184501
451.4830000000003,1.717799999999999,112.27,1,9,4,3,0.3478260869565217,33,5,0.6334640734356928,0,0,0,0.1980714285714284,1,fda_1251,COc1cc2nc(N3CCN(C(=O)[C@@H]4COc5ccccc5O4)CC3)nc(N)c2cc1OC,4.65940142,FDA,DOXAZOSIN,-1,0.98701096,0.44991468604301676
378.5160000000001,3.173300000000001,32.78,0,3,6,2,0.4583333333333333,28,4,0.7740303952237003,0,0,0,0.7658571428571428,0,fda_1137,CCN1C[C@H](CCN2CCOCC2)C(c2ccccc2)(c2ccccc2)C1=O,5.14859247,FDA,DOXAPRAM,-1,0.9845674,0.5503244689016571
249.354,2.331600000000001,43.7,2,3,3,1,0.6,18,2,0.8638209859209474,0,0,0,0.6878571428571428,0,fda_1676,CN(C)C[C@@H]1CCCC[C@]1(O)c1cccc(O)c1,3.68411183,FDA,M TRAMADOL,-1,0.036103144,0.24972987899024582
472.13600000000014,-2.3874999999999984,243.94,1,15,8,2,0.5,29,3,0.394161772764361,1,1,0,0.0,1,fda_1686,O=c1nc[nH]c2c1ncn2[C@H]1CC[C@@H](CO[P@](=O)([O-])O[P@](=O)([O-])OP(=O)([O-])[O-])O1,4.3532424,FDA,M DIDANOSINE,-1,0.30149046,0.38707346947044424
272.3879999999999,3.609200000000002,40.46,2,2,0,1,0.6666666666666666,20,4,0.757169743555686,0,0,0,0.7110000000000001,0,fda_17,C[C@]12CC[C@@H]3c4ccc(O)cc4CC[C@H]3[C@@H]1CC[C@@H]2O,5.07554245,FDA,ESTRADIOL,-1,0.18797398,0.5353304565500017
246.35399999999996,2.7262400000000007,32.34,1,2,2,1,0.5333333333333333,18,2,0.8699043213708457,0,0,0,0.769,0,fda_1123,Cc1cccc(C)c1NC(=O)[C@@H]1CCCCN1C,3.67592359,FDA,MEPIVACAINE,-1,0.17434193,0.2480491871615739
298.4550000000001,3.8642400000000023,15.27,1,3,3,2,0.3333333333333333,21,3,0.9259602218919863,0,0,0,0.8909285714285714,0,fda_1617,Cc1ccc(Sc2ccccc2N2CCNCC2)c(C)c1,4.67622566,FDA,VORTIOXETINE,-1,0.06857987,0.45336797547903906
395.4380000000001,-0.7423999999999975,115.84,1,8,6,1,0.375,26,3,0.4980041836349446,0,0,0,0.1725714285714286,0,fda_1010,CC(=O)OCC1=C(C(=O)[O-])N2C(=O)[C@@H](NC(=O)Cc3cccs3)[C@H]2SC1,3.82449031,FDA,CEPHALOTHIN,-1,0.68664473,0.27854351467476207
665.6949999999999,-5.2379999999999995,305.03999999999996,6,17,12,2,0.4347826086956521,45,4,0.0534313197752459,3,2,0,0.0,1,fda_1725,Cn1c(N)c(NC(=O)NCCN)c[n+]1CC1=C(C(=O)[O-])N2C(=O)[C@@H](NC(=O)/C(=N\OC(C)(C)C(=O)[O-])c3nsc(N)n3)[C@H]2SC1,4.58185577,FDA,CEFTOLOZANE,-1,0.8899626,0.43399791512471775
1415.5760000000005,-7.703580000000035,627.07,20,31,35,4,0.6181818181818182,96,6,0.0150258661354466,3,2,0,0.0,1,fda_1313,Cc1c(N)nc([C@H](CC(N)=O)NC[C@H](N)C(N)=O)nc1C(=O)N[C@H](C(=O)N[C@H](C)[C@@H](O)[C@H](C)C(=O)N[C@H](C(=O)NCCc1nc(-c2nc(C(=O)NCCC[S+](C)C)cs2)cs1)[C@@H](C)O)[C@@H](O[C@@H]1O[C@@H](CO)[C@@H](O)[C@H](O)[C@@H]1O[C@H]1O[C@H](CO)[C@@H](O)[C@H](OC(N)=O)[C@@H]1O)c1cnc[nH]1,6.76447058,FDA,BLEOMYCIN,1,0.83017516,0.8819944169743585
1058.052,6.23440000000001,266.65999999999997,7,18,13,1,0.6346153846153846,72,4,0.0655198478708427,4,2,0,0.0,0,fda_1514,CCc1c(Cl)c(O)c(Cl)c(O)c1C(=O)O[C@H]1[C@H](O)[C@H](OC)[C@H](OC/C2=C\C=C\C[C@H](O)/C(C)=C/[C@H](CC)[C@@H](O[C@@H]3OC(C)(C)[C@@H](OC(=O)C(C)C)[C@H](O)[C@@H]3O)/C(C)=C/C(C)=C/C[C@@H]([C@@H](C)O)OC2=O)O[C@@H]1C,6.69119644,FDA,FIDAXOMICIN,1,0.99638784,0.8669544024717349
262.30899999999997,1.3066,66.48,1,3,3,0,0.5,19,1,0.4734897247740322,0,0,0,0.5251428571428571,0,fda_1117,C=CC[C@]1([C@@H](C)C#CCC)C(=O)NC(=O)N(C)C1=O,5.16053152,FDA,METHOHEXITAL,-1,0.013268362,0.552775039937326
290.794,3.4026000000000023,25.36,0,3,6,2,0.3125,20,2,0.8151739333124051,0,0,0,0.8188571428571428,0,fda_135,CN(C)CCO[C@H](c1ccc(Cl)cc1)c1ccccn1,3.3441937,FDA,CARBINOXAMINE,-1,0.04467033,0.1799593759873493
305.418,3.789600000000003,58.56,2,3,9,1,0.5,22,1,0.5388605597174689,0,0,0,0.5817142857142856,0,fda_1490,COc1cc(CNC(=O)CCCC/C=C/C(C)C)ccc1O,4.36488771,FDA,CAPSAICIN,-1,0.18855712,0.38946374837767594
516.5560000000003,-1.574999999999993,159.26,2,8,6,1,0.4782608695652174,36,4,0.3387247955446623,1,1,0,0.0,0,fda_1024,CCN1CCN(C(=O)N[C@@H](C(=O)N[C@@H]2C(=O)N3[C@@H]2SC(C)(C)[C@@H]3C(=O)[O-])c2ccccc2)C(=O)C1=O,4.48129129,FDA,PIPERACILLIN,-1,0.92386353,0.4133563731339309
437.52900000000017,3.1390400000000005,119.03,2,8,5,4,0.1904761904761904,31,4,0.4921501033338167,0,0,0,0.1497857142857143,1,fda_1482,Cc1ccc(Nc2nccc(N(C)c3ccc4c(C)n(C)nc4c3)n2)cc1S(N)(=O)=O,5.56791353,FDA,PAZOPANIB,-1,0.9933763,0.6363929621470976
239.315,1.3059999999999998,72.72,4,4,4,1,0.5384615384615384,17,1,0.6389509580864461,0,0,0,0.4805714285714285,0,fda_1379,CC(C)(C)NC[C@@H](O)c1ccc(O)c(CO)c1,3.04252362,FDA,ALBUTEROL,0,0.012416948,0.11803954481351918
328.4120000000001,2.1353999999999997,95.57999999999998,4,4,8,2,0.3157894736842105,24,2,0.5968389616111595,0,0,0,0.3172857142857144,0,fda_1702,C[C@@H](CCc1ccccc1)NC[C@H](O)c1ccc(O)c(C(N)=O)c1,4.19065905,FDA,LABETALOL,-1,0.78801405,0.35370213352729823
151.933,0.0433999999999999,29.46,1,2,0,1,0.1428571428571428,11,2,0.5315735345293469,0,0,0,0.7895714285714286,0,fda_1713,OB1OCc2cc(F)ccc21,4.33254004,FDA,TAVABOROLE,-1,0.0060572205,0.38282416958594834
102.093,-1.624900000000001,64.35,2,3,0,0,0.6666666666666666,7,1,0.3858928560707065,0,0,0,0.540357142857143,0,fda_1077,N[C@@H]1CONC1=O,2.64991546,FDA,CYCLOSERINE,0,0.0030534095,0.03745405557750322
465.16600000000017,-2.771099999999999,241.27999999999997,1,16,8,1,0.5,27,2,0.3819481544609711,1,1,0,0.0,0,fda_1666,Nc1ccn([C@@H]2CS[C@H](CO[P@@](=O)([O-])O[P@@](=O)([O-])OP(=O)([O-])[O-])O2)c(=O)n1,4.15770388,FDA,M LAMIVUDINE,-1,0.2614934,0.3469378612378326
615.4029999999999,3.940120000000002,107.13,2,8,5,4,0.2307692307692307,37,5,0.3312388051900211,1,0,0,0.2347857142857142,1,fda_1600,CC(=O)Nc1cccc(-n2c(=O)n(C3CC3)c(=O)c3c(Nc4ccc(I)cc4F)n(C)c(=O)c(C)c32)c1,6.15010786,FDA,TRAMETINIB,1,0.99804187,0.7558922993831972
341.49500000000006,4.525300000000004,43.7,2,3,8,2,0.4545454545454545,25,2,0.7414736336132447,0,0,0,0.6878571428571428,0,fda_1549,CC(C)N(CC[C@H](c1ccccc1)c1cc(CO)ccc1O)C(C)C,4.37978554,FDA,M FESOTERODINE,-1,0.8879949,0.3925216290878095
362.47300000000007,3.864900000000003,32.78,0,3,2,2,0.4347826086956521,27,6,0.8131189816830356,0,0,0,0.7658571428571428,0,fda_1299,O=C(O[C@H]1CN2CCC1CC2)N1CCc2ccccc2[C@@H]1c1ccccc1,5.22013092,FDA,SOLIFENACIN,-1,0.985333,0.565008221252694
308.42199999999997,2.946300000000001,64.79,1,5,10,1,0.5882352941176471,22,1,0.4088470851438764,0,0,0,0.5372142857142856,0,fda_1375,CCCCOc1cc(C(=O)OCCN(CC)CC)ccc1N,3.58759761,FDA,BENOXINATE,-1,0.21042606,0.22991968035114346
188.139,-3.696699999999999,135.38,2,5,5,0,0.5,13,0,0.457282431142951,0,0,0,0.033,0,fda_1485,NC(=O)N[C@@H](CCC(=O)[O-])C(=O)[O-],4.44541168,FDA,CARGLUMIC ACID,-1,0.011267837,0.40599183968804586
468.59400000000034,3.3100000000000023,60.47000000000001,0,6,10,2,0.5185185185185185,34,4,0.5333149482831275,0,0,0,0.5680714285714286,1,fda_1783,COc1cc2c(cc1OC)CC(=O)N(CCCN(C)C[C@H]1Cc3cc(OC)c(OC)cc31)CC2,4.26162767,FDA,IVABRADINE,-1,0.9913816,0.36826892440374087
248.71700000000004,2.5238000000000005,77.82,2,4,2,2,0.1666666666666666,17,2,0.8561371493463951,0,0,0,0.4441428571428572,0,fda_121,CCc1nc(N)nc(N)c1-c1ccc(Cl)cc1,5.27643919,FDA,PYRIMETHAMINE,-1,0.03664028,0.5765658758006373
420.13400000000007,-2.9505999999999992,212.15,2,13,6,1,0.5555555555555556,26,2,0.4421799122036846,1,1,0,0.0,0,fda_1668,Nc1ccn([C@@H]2O[C@H](CO[P@@](=O)([O-])OP(=O)([O-])[O-])[C@@H](O)C2(F)F)c(=O)n1,3.94688058,FDA,M GEMCITABINE,-1,0.14954121,0.3036649481815901
319.4450000000001,3.029900000000002,41.93,1,4,4,1,0.6842105263157895,23,3,0.9261145183663508,0,0,0,0.7005,0,fda_1849,COc1cc2c(cc1OC)[C@H]1C[C@@H](O)[C@H](CC(C)C)CN1CC2,4.61822653,FDA,M VALBENAZINE,-1,0.56563735,0.4414632604412434
894.127,7.687100000000008,178.72,4,9,13,3,0.52,65,6,0.1339738354999183,2,2,0,0.0,1,fda_1733,COC(=O)N[C@H](C(=O)N1CCC[C@H]1C(=O)Nc1ccc([C@@H]2CC[C@@H](c3ccc(NC(=O)[C@@H]4CCCN4C(=O)[C@@H](NC(=O)OC)C(C)C)cc3)N2c2ccc(C(C)(C)C)cc2)cc1)C(C)C,5.75161314,FDA,OMBITASVIR,-1,0.9973803,0.6740985537586304
415.57400000000007,4.107400000000005,81.95,4,5,16,2,0.52,30,2,0.3103203848328889,0,1,0,0.4146428571428571,1,fda_1410,OCc1cc([C@H](O)CNCCCCCCOCCCCc2ccccc2)ccc1O,4.38034964,FDA,SALMETEROL,-1,0.96634823,0.3926374144410178
470.4300000000003,0.7486999999999999,147.02,2,8,4,0,0.7272727272727273,32,4,0.5723620946730656,0,1,0,0.0,0,fda_1457,C[C@H]1C[C@H]2[C@@H]3CCC4=CC(=O)C=C[C@]4(C)[C@@]3(F)[C@@H](O)C[C@]2(C)[C@@]1(O)C(=O)COP(=O)([O-])[O-],5.01584721,FDA,BETAMETHASONE PHOSPHATE,-1,0.98797077,0.5230776034242249
261.365,3.154200000000002,38.33,1,3,5,1,0.5625,19,2,0.8274314065508214,0,0,0,0.7262142857142857,0,fda_119,C[C@@H](CNC1CCCCC1)OC(=O)c1ccccc1,3.41250992,FDA,HEXYLCAINE,-1,0.11824059,0.19398174376354457
430.3790000000001,2.8795800000000007,107.26,2,5,5,2,0.2222222222222222,29,2,0.5604120760868545,0,0,0,0.2338571428571428,1,fda_1197,C[C@](O)(CS(=O)(=O)c1ccc(F)cc1)C(=O)Nc1ccc(C#N)c(C(F)(F)F)c1,4.92825222,FDA,BICALUTAMIDE,-1,0.9908959,0.5050981372720852
361.034,1.2660999999999991,98.66,4,4,7,1,0.4285714285714285,23,1,0.5500149223256271,0,0,0,0.2952857142857142,0,fda_1820,CC(C)C[C@H](NC(=O)CNC(=O)c1cc(Cl)ccc1Cl)B(O)O,4.76758575,FDA,IXAZOMIB,-1,0.778065,0.4721202539576536
493.6150000000002,4.590320000000004,86.28000000000002,2,7,7,4,0.2413793103448276,37,5,0.389416162629646,0,0,0,0.3837142857142855,1,fda_1292,Cc1ccc(NC(=O)c2ccc(CN3CCN(C)CC3)cc2)cc1Nc1nccc(-c2cccnc2)n1,6.2706604,FDA,IMATINIB,1,0.99781394,0.7806365263359543
426.8600000000003,4.071900000000002,115.57,3,5,6,3,0.1904761904761904,30,4,0.5490365970627805,0,0,0,0.1745000000000001,1,fda_1746,COc1cc2nccc(Oc3ccc(NC(=O)NC4CC4)c(Cl)c3)c2cc1C(N)=O,5.43806601,FDA,LENVATINIB,-1,0.99514467,0.6097408774698883
216.19199999999995,2.5478000000000005,52.58,0,4,1,3,0.0833333333333333,16,3,0.5863590335117103,0,0,0,0.6244285714285714,0,fda_138,COc1c2occc2cc2ccc(=O)oc12,3.65078092,FDA,METHOXSALEN,-1,0.022212215,0.24288848351585826
496.57500000000033,3.760400000000003,100.9,2,6,4,1,0.5517241379310345,36,5,0.6159542688928459,0,0,0,0.2792857142857142,0,fda_1348,C[C@H]1C[C@H]2[C@@H]3CCC4=CC(=O)C=C[C@]4(C)[C@@]3(F)[C@@H](O)C[C@]2(C)[C@@]1(OC(=O)c1ccccc1)C(=O)CO,6.83105707,FDA,BETAMETHASONE BENZOATE,1,0.9964275,0.895661745929414
327.81500000000005,4.446900000000003,57.18000000000001,3,4,5,3,0.1666666666666666,23,3,0.6060344222983689,0,0,1,0.5915714285714285,0,fda_1772,CCNCc1cc(Nc2ccnc3cc(Cl)ccc23)ccc1O,4.55802011,FDA,M AMODIAQUINE,-1,0.66463166,0.4291054841513949
288.43100000000004,3.879200000000003,37.3,1,2,0,0,0.8421052631578947,21,4,0.6868426969908572,0,0,0,0.7335714285714285,0,fda_1825,C[C@]12CC[C@H](O)CC1=CC[C@@H]1[C@@H]2CC[C@]2(C)C(=O)CC[C@@H]12,5.29769468,FDA,PRASTERONE,-1,0.1663346,0.5809287093713947
510.4810000000003,-0.1682999999999985,189.06,2,12,9,1,0.4,35,3,0.1474715429500461,2,1,0,0.0,0,fda_1031,CO/N=C(\C(=O)N[C@@H]1C(=O)N2C(C(=O)O[C@@H](C)OC(C)=O)=C(COC(N)=O)CS[C@H]12)c1ccco1,4.56505013,FDA,CEFUROXIME AXETIL,-1,0.91236407,0.4305484434649226
251.72100000000003,1.5255000000000003,79.99999999999999,2,5,1,1,0.2727272727272727,17,2,0.7943028550339225,0,0,0,0.4285714285714287,0,fda_1650,CC1(C)N=C(N)N=C(N)N1c1ccc(Cl)cc1,4.80067253,FDA,CYCLOGUANIL,-1,0.013142349,0.47891154009277725
420.4600000000001,3.1834000000000016,93.48,2,5,8,3,0.28,31,4,0.5838521269593075,0,0,0,0.3322857142857143,1,fda_1475,O=C([O-])C[C@H](O)C[C@H](O)/C=C/c1c(C2CC2)nc2ccccc2c1-c1ccc(F)cc1,5.07504129,FDA,PITAVASTATIN,-1,0.99743587,0.5352275900589293
253.277,1.771,57.2,0,3,4,2,0.125,19,2,0.780180754938968,0,0,0,0.5914285714285714,0,fda_1167,C[C@@H](C(=O)[O-])c1cccc(C(=O)c2ccccc2)c1,4.47381401,FDA,KETOPROFEN,-1,0.044987593,0.411821610670118
249.29500000000004,1.4646,85.08,2,4,3,2,0.0,17,2,0.8064259489968827,0,0,0,0.3922857142857143,0,fda_1,Nc1ccc(S(=O)(=O)Nc2ccccn2)cc1,3.39556313,FDA,SULFAPYRIDINE,-1,0.013722371,0.19050330010834896
568.6540000000002,2.824340000000001,167.46,3,7,11,4,0.25,42,4,0.2499715108010422,1,2,0,0.0,1,fda_1786,COc1ccc(CN(C(=O)[C@@H](N)Cc2c(C)cc(C(N)=O)cc2C)[C@@H](C)c2ncc(-c3ccccc3)[nH]2)cc1C(=O)[O-],5.54291964,FDA,ELUXADOLINE,-1,0.9972766,0.6312627966060625
200.285,2.1082,24.39,1,2,1,1,0.4615384615384615,15,3,0.7373798417697964,0,0,0,0.8257857142857143,0,fda_1085,c1ccc2c(c1)CCC[C@@H]2C1=NCCN1,3.21013927,FDA,TETRAHYDROZOLINE,0,0.030640852,0.1524437944828659
218.25599999999991,0.5378999999999999,58.2,2,2,2,1,0.3333333333333333,16,2,0.7116448391760646,0,0,0,0.5842857142857143,0,fda_146,CCC1(c2ccccc2)C(=O)NCNC1=O,3.73613715,FDA,PRIMIDONE,-1,0.012035152,0.26040842898487726
359.4860000000001,2.2066000000000003,80.59,2,4,8,0,0.6818181818181818,26,2,0.3954988979456659,0,0,0,0.4243571428571429,0,fda_1203,CC#CC[C@@H](C)[C@H](O)/C=C/[C@@H]1[C@H]2C/C(=C/CCCC(=O)[O-])C[C@H]2C[C@H]1O,5.72874975,FDA,ILOPROST,-1,0.9234056,0.6694056878010206
328.481,4.495600000000004,15.71,0,4,5,2,0.3684210526315789,23,3,0.8027021109078474,0,0,0,0.8877857142857143,0,fda_1360,COc1ccc2c(c1)N(C[C@H](C)CN(C)C)c1ccccc1S2,4.06148338,FDA,LEVOMEPROMAZINE,-1,0.56563735,0.32718795062203176
388.42500000000007,-0.6279999999999981,135.79,3,7,5,1,0.2777777777777778,27,3,0.5715891633840007,0,0,0,0.0300714285714286,0,fda_1634,C/C=C\C1=C(C(=O)[O-])N2C(=O)[C@@H](NC(=O)[C@H](N)c3ccc(O)cc3)[C@H]2SC1,4.46304989,FDA,CEFPROZIL,-1,0.84958994,0.40961220199049403
611.6420000000004,-1.420279999999997,215.33,4,13,9,3,0.28,42,5,0.162012834607658,2,1,0,0.0,1,fda_1048,Cc1cc(=O)c(C(=O)N[C@@H](C(=O)N[C@@H]2C(=O)N3C(C(=O)[O-])=C(CSc4nnnn4C)CS[C@H]23)c2ccc(O)cc2)c[nH]1,5.49455309,FDA,CEFPIRAMIDE,-1,0.9395862,0.6213352339838079
322.40900000000005,2.6183000000000005,53.02,0,4,1,2,0.2631578947368421,23,3,0.757469217083975,0,0,0,0.6212857142857143,0,fda_1664,CC1(C)CCSc2ccc(C#Cc3ccc(C(=O)[O-])cn3)cc21,5.3993001,FDA,M TAZAROTENE,-1,0.7813675,0.6017839113614166
494.0130000000003,3.641700000000003,113.6,3,5,8,2,0.391304347826087,33,3,0.51917970894521,0,0,0,0.1885714285714286,1,fda_1378,COc1ccc(Cl)cc1C(=O)NCCc1ccc(S(=O)(=O)NC(=O)NC2CCCCC2)cc1,5.01153994,FDA,GLYBURIDE,-1,0.99110657,0.5221935070258679
251.05,1.5682799999999997,62.48,1,4,2,2,0.0714285714285714,19,3,0.8225758081895174,0,0,0,0.5537142857142856,0,fda_1823,N#Cc1ccc(Oc2ccc3c(c2)COB3O)cc1,5.58846092,FDA,CRISABOROLE,-1,0.00715371,0.6406104533874051
348.4190000000001,1.526299999999999,60.44,1,5,5,1,0.4444444444444444,24,3,0.6475258733647374,0,0,0,0.5682857142857143,0,fda_1544,O=C([O-])/C=C1/CN([C@H](C(=O)C2CC2)c2ccccc2F)CC[C@@H]1S,4.8921752,FDA,M PRASUGREL,-1,0.86206704,0.49769308408399665
568.5420000000003,4.705220000000004,155.58999999999995,1,11,9,6,0.1666666666666666,42,6,0.242490769835421,2,1,0,0.0,1,fda_1512,CCOc1nc2cccc(C(=O)OCc3oc(=O)oc3C)c2n1Cc1ccc(-c2ccccc2-c2noc(=O)[nH]2)cc1,5.93936157,FDA,AZILSARTAN KAMEDOXOMIL,1,0.99579334,0.7126351931520752
270.21,2.99948,73.11999999999999,2,3,2,1,0.1666666666666666,19,1,0.4926033386442898,0,0,0,0.4777142857142857,0,fda_1578,C/C(O)=C(\C#N)C(=O)Nc1ccc(C(F)(F)F)cc1,3.3816452,FDA,TERIFLUNOMIDE,-1,0.15985584,0.18764655052320878
265.356,3.620200000000003,21.26,1,2,3,2,0.2222222222222222,20,3,0.8558224264516979,0,0,0,0.8481428571428572,0,fda_1748,CNCC/C=C1/c2ccccc2COc2ccccc21,3.82840657,FDA,M DOXEPIN,-1,0.061154053,0.2793473536170689
474.58700000000033,1.6109,113.42,1,8,7,3,0.5,33,4,0.5534046105187581,0,0,0,0.1898571428571429,1,fda_1282,CCCc1nn(C)c2c(=O)nc(-c3cc(S(=O)(=O)N4CCN(C)CC4)ccc3OCC)[nH]c12,5.16635036,FDA,SILDENAFIL,-1,0.95989734,0.5539693963363018
290.4100000000001,3.707700000000002,16.130000000000003,0,2,0,2,0.35,22,4,0.7351080643084177,0,0,0,0.8847857142857143,0,fda_1230,CN1CCC(=C2c3ccccc3CCc3cccnc32)CC1,4.58781004,FDA,AZATADINE,-1,0.2473939,0.4352200694502757
212.248,3.0436000000000014,26.3,0,2,3,2,0.0714285714285714,16,2,0.7307975714616393,0,0,0,0.8121428571428572,0,fda_1084,O=C(OCc1ccccc1)c1ccccc1,3.358073,FDA,BENZYL BENZOATE,-1,0.111132,0.1828081965028308
400.6470000000002,6.733900000000008,40.46,2,2,6,0,0.7777777777777778,29,3,0.5184686039927527,1,0,0,0.7110000000000001,0,fda_1390,C=C1CC[C@H](O)C/C1=C/C=C1\CCC[C@]2(C)[C@@H]([C@H](C)CCCC(C)(C)O)CC[C@@H]12,5.48402643,FDA,CALCIFEDIOL,-1,0.9684579,0.6191745655806824
679.8629999999999,2.4459000000000035,179.56,4,8,13,1,0.7222222222222222,49,5,0.2296749085578938,1,2,0,0.0,0,fda_1515,CCC[C@H](NC(=O)[C@@H]1[C@H]2CCC[C@H]2CN1C(=O)[C@@H](NC(=O)[C@@H](NC(=O)c1cnccn1)C1CCCCC1)C(C)(C)C)C(=O)C(=O)NC1CC1,5.59994268,FDA,TELAPREVIR,-1,0.9980506,0.6429671625472211
472.5530000000002,1.1474199999999997,116.86,1,10,4,4,0.4,35,5,0.442907235449374,0,0,0,0.1652857142857141,1,fda_1513,CC#CCn1c(N2CCC[C@@H](N)C2)nc2c1c(=O)n(Cc1nc(C)c3ccccc3n1)c(=O)n2C,5.86464262,FDA,LINAGLIPTIN,1,0.9821562,0.6972986215918932
404.5030000000002,2.3524000000000003,100.90000000000002,2,6,3,0,0.782608695652174,29,4,0.7005234282178955,0,0,0,0.2792857142857141,0,fda_109,CC(=O)OCC(=O)[C@@]1(O)CC[C@H]2[C@@H]3CCC4=CC(=O)CC[C@]4(C)[C@H]3[C@@H](O)C[C@@]21C,5.72731543,FDA,HYDROCORTISONE ACETATE,-1,0.9878699,0.6691112838871514
822.9530000000002,4.335420000000004,220.15,6,15,4,2,0.5348837209302325,59,6,0.1094848447314065,3,1,3,0.0,1,fda_1004,[c:1]1([OH:48])[c:2]2[c:3](/[CH:43]=[N:45]/[N:46]3[CH2:40][CH2:39][N:47]([CH3:38])[CH2:42][CH2:41]3)[c:4]([OH:59])[c:10]3[c:5]4[c:6]([c:7]([CH3:14])[c:8]([OH:49])[c:9]13)[O:50][C@@:12]([CH3:13])([C:11]4=[O:51])[O:52]/[CH:29]=[CH:28]/[C@H:27]([O:53][CH3:37])[C@@H:26]([CH3:34])[C@@H:25]([O:54][C:35]([CH3:36])=[O:55])[C@H:24]([CH3:33])[C@H:23]([OH:56])[C@H:22]([CH3:32])[C@@H:21]([OH:57])[C@@H:20]([CH3:31])/[CH:19]=[CH:18]/[CH:17]=[C:16](/[CH3:30])[C:15](=[O:58])[NH:44]2,5.31603813,FDA,RIFAMPIN,-1,0.99633694,0.5846938269698837
382.4190000000001,-2.121399999999997,129.67000000000002,1,8,5,1,0.4666666666666667,25,3,0.4550709345482054,0,0,0,0.0737857142857141,0,fda_1014,CC1(C)S[C@@H]2[C@H](NC(=O)[C@H](C(=O)[O-])c3cccs3)C(=O)N2[C@H]1C(=O)[O-],3.79715919,FDA,TICARCILLIN,-1,0.4794674,0.2729336168148494
430.54100000000017,2.3323,104.06000000000002,3,6,3,0,0.68,31,4,0.3606980489430093,0,0,0,0.2567142857142855,0,fda_1531,C/C=C(/C)C(=O)O[C@H]1C(C)=C[C@]23C(=O)[C@H](C=C(CO)[C@@H](O)[C@]12O)[C@H]1[C@@H](C[C@H]3C)C1(C)C,5.52428246,FDA,INGENOL MEBUTATE,-1,0.9922752,0.6274373889317043
340.4430000000001,3.953800000000003,35.53,0,3,6,2,0.3809523809523809,25,3,0.5898453885239513,0,0,0,0.7462142857142857,0,fda_1206,CC[N+](C)(CC)CCOC(=O)C1c2ccccc2Oc2ccccc21,4.22348356,FDA,METHANTHELINE,-1,0.82955056,0.36043958696505285
77.15199999999999,-0.1250999999999998,26.02,2,2,1,0,1.0,4,0,0.4190213910899089,0,0,0,0.8141428571428572,0,fda_1261,NCCS,2.46744132,FDA,CYSTEAMINE,0,0.003577215,0.0
303.33700000000005,3.588400000000001,76.38,3,4,5,2,0.1875,22,2,0.7377751534580852,0,0,0,0.4544285714285715,0,fda_1506,CCOC(=O)Nc1ccc(NCc2ccc(F)cc2)cc1N,3.6476078,FDA,EZOGABINE,-1,0.19152232,0.24223717910179668
212.656,0.5223,66.15,1,3,4,1,0.3,14,1,0.791623082898053,0,0,0,0.5275,0,fda_1156,NC[C@H](CC(=O)[O-])c1ccc(Cl)cc1,3.2599535,FDA,BACLOFEN,0,0.0364093,0.16266850324965623
318.3930000000001,1.0626999999999995,59.06,1,4,4,1,0.6111111111111112,23,4,0.5123331583066539,0,0,0,0.5781428571428571,0,fda_132,C[N+]1(C)[C@@H]2C[C@@H](OC(=O)[C@H](CO)c3ccccc3)C[C@H]1[C@@H]1O[C@@H]12,3.77598405,FDA,METHSCOPOLAMINE,-1,0.6932743,0.26858727562687934
1632.2890000000002,1.514699999999991,512.8699999999998,17,18,41,6,0.4146341463414634,117,8,0.0241939206252044,3,2,0,0.0,1,fda_1451,CC(=O)N[C@H](Cc1ccc2ccccc2c1)C(=O)N[C@@H](Cc1ccc(Cl)cc1)C(=O)N[C@H](Cc1cccnc1)C(=O)N[C@@H](CO)C(=O)N[C@H](Cc1ccc(NC(=O)[C@@H]2CC(=O)NC(=O)N2)cc1)C(=O)N[C@H](Cc1ccc(NC(N)=O)cc1)C(=O)N[C@H](CC(C)C)C(=O)N[C@@H](CCCCNC(C)C)C(=O)N1CCC[C@H]1C(=O)N[C@H](C)C(N)=O,6.91788101,FDA,DEGARELIX,1,0.996014,0.9134829488364002
489.51500000000016,-1.379599999999995,159.43999999999997,1,12,9,2,0.3157894736842105,33,4,0.2511801339011474,1,1,0,0.0,1,fda_1015,Cn1nnnc1SCC1=C(C(=O)[O-])N2C(=O)[C@@H](NC(=O)[C@H](OC=O)c3ccccc3)[C@H]2SC1,4.51309919,FDA,CEFAMANDOLE NAFATE,-1,0.882057,0.4198851604700635
450.7070000000002,9.1576,34.14,0,2,14,1,0.6129032258064516,33,2,0.2647058309953126,1,1,1,0.7561428571428571,0,fda_178,CC1=C(C/C=C(\C)CCC[C@H](C)CCC[C@H](C)CCCC(C)C)C(=O)c2ccccc2C1=O,6.0516839,FDA,PHYTONADIONE,1,0.9851804,0.7356901136488352
331.368,2.0807,91.18,4,6,6,2,0.3333333333333333,24,3,0.6059944000084014,0,0,1,0.3487142857142856,0,fda_1331,C[C@@H](Cc1ccc2c(c1)OCO2)NC[C@H](O)c1ccc(O)c(O)c1,3.87492561,FDA,PROTOKYLOL,-1,0.40019,0.2888957022738819
428.6130000000003,5.969600000000007,60.440000000000005,0,4,6,0,0.8148148148148148,31,4,0.3861836649826277,1,0,0,0.5682857142857143,0,fda_182,CCCCCC(=O)O[C@]1(C(C)=O)CC[C@H]2[C@@H]3CCC4=CC(=O)CC[C@]4(C)[C@H]3CC[C@@]21C,5.46742773,FDA,HYDROXYPROGESTERONE CAPROATE,-1,0.9944307,0.6157675697602647
217.26799999999992,1.771,46.17,1,2,2,1,0.3846153846153846,16,2,0.7672998421844797,0,0,0,0.6702142857142857,0,fda_1103,CC[C@@]1(c2ccccc2)CCC(=O)NC1=O,4.46142387,FDA,GLUTETHIMIDE,-1,0.0149598755,0.40927845035067195
299.288,-2.857899999999997,125.29,0,8,3,1,0.6,20,3,0.5495134918977113,0,0,0,0.1050714285714286,0,fda_1059,C[C@]1(Cn2ccnn2)[C@H](C(=O)[O-])N2C(=O)C[C@H]2S1(=O)=O,3.78862453,FDA,TAZOBACTAM,-1,0.011078193,0.27118181993023277
289.80600000000004,3.5276000000000023,23.47,1,2,5,2,0.2941176470588235,20,2,0.9101481503464453,0,0,0,0.8323571428571429,0,fda_1124,CN(C)CC[C@](O)(c1ccccc1)c1ccccc1Cl,3.95814347,FDA,CHLOPHEDIANOL,-1,0.06680461,0.30597673278856674
426.49200000000025,3.081320000000002,84.39,1,7,4,3,0.5217391304347826,31,5,0.6902887957170618,0,0,0,0.3972142857142857,1,fda_1205,Cc1nc2n(c(=O)c1CCN1CCC(c3noc4cc(F)ccc34)CC1)CCC[C@H]2O,5.71276999,FDA,PALIPERIDONE,-1,0.99269146,0.6661257336159774
243.30999999999997,1.3435,70.91,3,2,2,2,0.3571428571428571,18,3,0.7446286892388262,0,0,1,0.4935,0,fda_1286,CN[C@@H]1CCc2[nH]c3ccc(C(N)=O)cc3c2C1,3.41909599,FDA,FROVATRIPTAN,-1,0.044238884,0.19533357932675
340.492,4.832100000000005,23.550000000000004,0,4,5,2,0.35,24,3,0.7273120276641493,0,0,0,0.8317857142857142,0,fda_1129,CCC(=O)c1ccc2c(c1)N(C[C@H](C)N(C)C)c1ccccc1S2,5.59150553,FDA,PROPIOMAZINE,-1,0.95981747,0.6412353802518463
242.666,0.28967,92.81,3,3,2,1,0.4444444444444444,16,2,0.6959433277746746,0,0,0,0.3370714285714286,0,fda_1809,[H]/N=C1\CCCN1Cc1[nH]c(=O)[nH]c(=O)c1Cl,4.8859973,FDA,TIPIRACIL,-1,0.0076309284,0.4964250281832961
467.5200000000002,-6.295800000000006,268.1700000000001,10,14,6,0,1.0,32,3,0.174006568228555,2,1,0,0.0,0,fda_1314,NC[C@H]1O[C@H](O[C@H]2[C@H](O)[C@@H](O[C@H]3O[C@H](CO)[C@@H](O)[C@H](N)[C@H]3O)[C@H](N)C[C@@H]2N)[C@H](N)C[C@@H]1O,3.53684306,FDA,TOBRAMYCIN,-1,0.08508072,0.21950196452296544
305.76099999999997,2.734400000000001,72.72,4,4,1,2,0.25,21,3,0.6113669325066001,0,0,1,0.4805714285714285,0,fda_1255,Oc1ccc([C@H]2CNCCc3c2cc(O)c(O)c3Cl)cc1,4.49930429,FDA,FENOLDOPAM,-1,0.066433154,0.41705366362735424
211.33399999999995,1.5822,50.94,2,4,3,1,0.7,14,2,0.7978726845629878,0,0,0,0.6361428571428571,0,fda_1270,CCCN[C@H]1CCc2nc(N)sc2C1,3.28330994,FDA,PRAMIPEXOLE,0,0.014703523,0.16746257106580062
428.5960000000003,5.140000000000005,29.46,1,2,8,3,0.3793103448275862,32,6,0.3976273688512239,1,0,0,0.7895714285714286,1,fda_1629,OC(c1ccccc1)(c1ccccc1)[C@]12CC[N@+](CCOCc3ccccc3)(CC1)CC2,4.59558487,FDA,UMECLIDINIUM,-1,0.9868427,0.43681590607088194
456.7110000000004,7.960900000000009,43.370000000000005,0,3,10,0,0.8666666666666667,33,4,0.2472378135837483,1,0,0,0.6902142857142857,0,fda_1718,CCCCCCCCCCC(=O)O[C@H]1CC[C@H]2[C@@H]3CCC4=CC(=O)CC[C@]4(C)[C@H]3CC[C@]12C,5.88230562,FDA,TESTOSTERONE UNDECANOATE,1,0.99544144,0.7009240722100764
145.138,-2.6708999999999996,109.24,2,4,4,0,0.6,10,0,0.4491181306294733,0,0,0,0.2197142857142856,0,fda_1835,NC(=O)CC[C@H](N)C(=O)[O-],2.98284221,FDA,L-GLUTAMINE,0,0.010527566,0.10578953038909851
530.1240000000003,8.11720000000001,46.61,0,4,15,2,0.5483870967741935,37,3,0.1326709876432084,2,1,0,0.6670714285714285,1,fda_1362,CCCCCCCCCC(=O)OC1(c2ccc(Cl)cc2)CCN(CCCC(=O)c2ccc(F)cc2)CC1,5.38829422,FDA,HALOPERIDOL DECANOATE,-1,0.99298334,0.5995248798011127
519.4480000000002,3.0356000000000014,185.43999999999997,1,15,13,2,0.631578947368421,35,2,0.2310328956549481,2,2,0,0.0,1,fda_1428,CC(C)OC(=O)OCOP(=O)(CO[C@H](C)Cn1cnc2c(N)ncnc21)OCOC(=O)OC(C)C,3.62163925,FDA,TENOFOVIR DISOPROXIL,-1,0.9923119,0.23690695798132905
553.5840000000001,-2.945999999999997,217.79,3,15,8,2,0.3333333333333333,36,4,0.0982667082575581,2,1,0,0.0,1,fda_1041,CO/N=C(\C(=O)N[C@@H]1C(=O)N2C(C(=O)[O-])=C(CSc3nc(=O)c(=O)[nH]n3C)CS[C@H]12)c1csc(N)n1,4.94411135,FDA,CEFTRIAXONE,-1,0.87630594,0.5083533313309849
280.323,4.040500000000002,50.440000000000005,1,3,3,3,0.1666666666666666,21,3,0.787337428747122,0,0,0,0.6397142857142857,0,fda_1114,CC[C@H](c1ccccc1)c1c(O)oc2ccccc2c1=O,5.22137117,FDA,PHENPROCOUMON,-1,0.065126896,0.5652627909820267
335.8790000000001,3.783000000000002,48.39,2,4,9,2,0.5,23,2,0.7317801043771166,0,0,0,0.6543571428571429,0,fda_162,CCN(CCO)CCC[C@@H](C)Nc1ccnc2cc(Cl)ccc12,4.15566778,FDA,HYDROXYCHLOROQUINE,-1,0.6688084,0.3465199378950436
381.5330000000002,2.9206000000000016,97.66,2,5,15,0,0.8181818181818182,27,1,0.3356766249238511,0,1,0,0.3024285714285714,0,fda_1554,CCCCCCCC(=O)CC[C@@H]1[C@@H](C/C=C\CCCC(=O)[O-])[C@@H](O)C[C@H]1O,5.19922638,FDA,UNOPROSTONE,-1,0.98193777,0.5607174225511238
249.354,2.331600000000001,43.7,2,3,3,1,0.6,18,2,0.8638209859209474,0,0,0,0.6878571428571428,0,fda_1680,CN(C)C[C@H]1CCCC[C@]1(O)c1cccc(O)c1,3.87489295,FDA,M TRAMADOL,-1,0.036103144,0.28888899858723804
435.58100000000024,2.771000000000001,106.89,2,6,10,0,0.76,31,2,0.5111416379155503,0,0,0,0.2364999999999999,0,fda_1697,CCC(C)(C)C(=O)O[C@H]1C[C@@H](C)C=C2C=C[C@H](C)[C@H](CC[C@@H](O)C[C@@H](O)CC(=O)[O-])[C@H]21,6.1198926,FDA,M SIMVASTATIN,1,0.98716533,0.7496904122153567
288.70899999999995,3.268600000000002,41.46,1,2,1,2,0.0666666666666666,20,3,0.859566161059163,0,0,0,0.7038571428571428,0,fda_1751,O=C1CN=C(c2ccccc2F)c2cc(Cl)ccc2N1,4.92534494,FDA,M FLURAZEPAM,-1,0.07111674,0.50450139832212
264.3689999999999,2.617000000000001,41.57,1,4,8,1,0.5333333333333333,19,1,0.5786881428918659,0,0,0,0.7030714285714286,0,fda_1301,CCCCNc1ccc(C(=O)OCCN(C)C)cc1,3.17058063,FDA,TETRACAINE,0,0.072118156,0.1443241151621115
532.5700000000002,4.456020000000003,65.77000000000001,1,6,4,4,0.2758620689655172,39,5,0.3935993292770261,1,0,0,0.5302142857142856,1,fda_1593,Cc1ccc(C(=O)Nc2ccc(CN3CCN(C)CC3)c(C(F)(F)F)c2)cc1C#Cc1cnc2cccnn12,6.54260397,FDA,PONATINIB,1,0.9979001,0.836454789596297
265.82800000000003,4.395800000000004,12.03,1,1,5,1,0.625,18,2,0.832337090661778,0,0,0,0.9140714285714284,0,fda_1658,CN[C@H](CC(C)C)C1(c2ccc(Cl)cc2)CCC1,4.4654336,FDA,M SIBUTRAMINE,-1,0.06680461,0.4101014746448036
369.4250000000001,2.740520000000001,117.54,3,8,6,3,0.2631578947368421,27,3,0.6069831028443925,0,0,1,0.1604285714285713,0,fda_1413,COc1cc(NCc2ccc3nc(N)nc(N)c3c2C)cc(OC)c1OC,4.72920656,FDA,TRIMETREXATE,-1,0.89656323,0.4642426647536186
772.3340000000004,0.3224999999999989,267.23,3,19,15,2,0.7058823529411765,44,3,0.0723261808950979,2,2,0,0.0,1,fda_1778,CSCCNc1nc(SCCC(F)(F)F)nc2c1ncn2[C@@H]1O[C@H](CO[P@](=O)([O-])O[P@@](=O)([O-])C(Cl)(Cl)P(=O)([O-])[O-])[C@@H](O)[C@H]1O,5.14416695,FDA,CANGRELOR,-1,0.8877168,0.5494161008883082
189.21399999999997,0.9908,46.17,1,2,1,1,0.2727272727272727,14,2,0.6695100341687275,0,0,0,0.6702142857142857,0,fda_1763,C[C@@]1(c2ccccc2)CC(=O)NC1=O,3.81015706,FDA,M METHSUXIMIDE,-1,0.013722371,0.2756015178410943
263.3809999999999,2.6346000000000007,32.7,1,3,4,1,0.625,19,2,0.9061758690933456,0,0,0,0.7664285714285715,0,fda_1675,COc1cccc([C@@]2(O)CCCC[C@H]2CN(C)C)c1,3.78241849,FDA,TRAMADOL,-1,0.034207404,0.269907988103563
663.4060000000002,6.421700000000006,108.33,3,8,22,0,0.9411764705882352,44,2,0.0692505448958907,2,1,0,0.2262142857142856,0,fda_1446,CCCCCCCCCCCCCCCC(=O)O[C@@H]1[C@@H](O)[C@@H](O)[C@@H]([C@H](NC(=O)[C@@H]2C[C@@H](CCC)CN2C)[C@H](C)Cl)O[C@@H]1SC,5.77789354,FDA,CLINDAMYCIN PALMITATE,-1,0.98027533,0.6794927842079369
171.243,1.8967,12.03,1,1,2,1,0.3333333333333333,13,2,0.6700261204475028,0,0,0,0.9140714285714284,0,fda_1302,C#CCN[C@@H]1CCc2ccccc21,3.03389096,FDA,RASAGILINE,0,0.018328948,0.11626763276383538
330.5120000000001,6.471200000000007,26.3,0,2,14,0,0.5,24,0,0.2071180474846085,1,1,0,0.8121428571428572,0,fda_1573,CC/C=C\C/C=C\C/C=C\C/C=C\C/C=C\CCCC(=O)OCC,4.86139345,FDA,ICOSAPENT ETHYL,-1,0.8638081,0.4913749209992285
336.4320000000001,2.3655,87.66,3,5,10,1,0.5555555555555556,24,1,0.5710137425129463,0,0,0,0.3738571428571429,0,fda_1172,CCCC(=O)Nc1ccc(OC[C@@H](O)CNC(C)C)c(C(C)=O)c1,3.63796544,FDA,ACEBUTOLOL,-1,0.7517001,0.24025801927488483
355.3060000000001,0.0408999999999997,154.31,2,8,7,2,0.1176470588235294,26,2,0.6682916841722518,0,1,1,0.0,0,fda_1266,O=C([O-])CCNC(=O)c1ccc(/N=N/c2ccc(O)c(C(=O)[O-])c2)cc1,4.05466318,FDA,BALSALAZIDE,-1,0.6949433,0.3257880582874265
437.7790000000001,7.0161000000000024,27.05,0,4,6,4,0.15,27,4,0.3240113707540214,1,0,0,0.8067857142857142,1,fda_1293,Clc1ccc([C@H](Cn2ccnc2)OCc2csc3c(Cl)cccc23)c(Cl)c1,4.9715085,FDA,SERTACONAZOLE,-1,0.9854936,0.5139767822965036
372.4610000000002,2.0118000000000005,91.67,2,5,2,0,0.6818181818181818,27,4,0.7736478932798779,0,0,0,0.3452142857142857,0,fda_1363,C[C@H]1C[C@H]2[C@@H]3CCC4=CC(=O)C=C[C@]4(C)[C@H]3C(=O)C[C@]2(C)[C@@]1(O)C(=O)CO,5.12027502,FDA,MEPREDNISONE,-1,0.9858936,0.5445121201156146
239.315,1.9077999999999995,72.72,4,4,5,1,0.5384615384615384,17,1,0.5922201213727966,0,0,1,0.4805714285714285,0,fda_1467,CC[C@@H](NC(C)C)[C@@H](O)c1ccc(O)c(O)c1,3.30403256,FDA,ISOETHARINE,0,0.015202287,0.1717160294527889
178.167,-0.8336999999999994,69.22999999999999,1,3,3,1,0.1111111111111111,13,1,0.6561272262821304,0,0,0,0.5055000000000001,0,fda_1366,O=C([O-])CNC(=O)c1ccccc1,3.65413547,FDA,HIPPURATE,-1,0.010888828,0.24357702766867637
181.21499999999995,0.5714999999999999,33.42,0,2,1,1,0.3333333333333333,13,1,0.5934152756520555,0,0,0,0.7612857142857142,0,fda_169,CN(C)C(=O)Oc1ccc[n+](C)c1,2.56759882,FDA,PYRIDOSTIGMINE,0,0.02174498,0.0205580065838578
1255.4379999999994,0.7256400000000032,359.97999999999996,5,18,8,1,0.6129032258064516,90,7,0.1178611576016293,2,1,0,0.0,0,fda_1058,Cc1c2oc3c(C)ccc(C(=O)N[C@@H]4C(=O)N[C@H](C(C)C)C(=O)N5CCC[C@H]5C(=O)N(C)CC(=O)N(C)[C@@H](C(C)C)C(=O)O[C@@H]4C)c3nc-2c(C(=O)N[C@@H]2C(=O)N[C@H](C(C)C)C(=O)N3CCC[C@H]3C(=O)N(C)CC(=O)N(C)[C@@H](C(C)C)C(=O)O[C@@H]2C)c(N)c1=O,5.54072189,FDA,DACTINOMYCIN,-1,0.9956864,0.6308116935037521
382.46200000000016,-1.6426999999999958,113.01,2,7,5,0,0.7058823529411765,26,3,0.5483134940593966,0,0,0,0.1927857142857142,0,fda_1063,C[C@@H](O)[C@H]1C(=O)N2C(C(=O)[O-])=C(S[C@@H]3CN[C@H](C(=O)N(C)C)C3)[C@H](C)[C@H]12,3.79723573,FDA,MEROPENEM,-1,0.45682332,0.2729493271692805
434.49300000000017,2.827,97.74,1,4,9,1,0.6521739130434783,30,3,0.4761217745270533,0,0,0,0.3018571428571429,0,fda_1692,O=C([O-])[C@@H]1C[C@@H](C2CCCCC2)CN1C(=O)C[P@@](=O)(O)CCCCc1ccccc1,4.54501772,FDA,FOSINOPRILAT,-1,0.9914375,0.42643665536447534
331.368,2.0807,91.18,4,6,6,2,0.3333333333333333,24,3,0.6059944000084014,0,0,1,0.3487142857142856,0,fda_1374,C[C@H](Cc1ccc2c(c1)OCO2)NC[C@H](O)c1ccc(O)c(O)c1,3.26049113,FDA,PROTOKYLOL,0,0.40019,0.1627788554557285
305.76099999999997,2.734400000000001,72.72,4,4,1,2,0.25,21,3,0.6113669325066001,0,0,1,0.4805714285714285,0,fda_1254,Oc1ccc([C@@H]2CNCCc3c2cc(O)c(O)c3Cl)cc1,4.46296263,FDA,FENOLDOPAM,-1,0.066433154,0.4095942912833128
765.8929999999999,3.6369200000000026,189.65,3,10,7,4,0.425,55,8,0.1851505589764442,1,1,0,0.0,1,fda_1734,Cc1cnc(C(=O)N[C@H]2CCCCC/C=C\[C@@H]3C[C@@]3(C(=O)NS(=O)(=O)C3CC3)NC(=O)[C@@H]3C[C@@H](Oc4nc5ccccc5c5ccccc45)CN3C2=O)cn1,5.68608475,FDA,PARITAPREVIR,-1,0.9973929,0.6606484070092647
348.50700000000023,3.4841000000000015,46.53,1,3,8,1,0.6666666666666666,25,2,0.5777859217395951,0,0,0,0.6676428571428572,0,fda_1211,CC[N+](C)(CC)CCOC(=O)[C@@](O)(c1ccccc1)C1CCCCC1,4.25335121,FDA,OXYPHENONIUM,-1,0.9409235,0.3665701248213727
351.4430000000001,2.842400000000002,84.85999999999999,2,6,5,1,0.5789473684210527,25,1,0.6267146503427627,0,0,0,0.393857142857143,0,fda_1160,CNC[C@@H](O)c1ccc(OC(=O)C(C)(C)C)c(OC(=O)C(C)(C)C)c1,4.44797134,FDA,DIPIVEFRIN,-1,0.9400181,0.4065172272739223
415.57400000000007,4.107400000000005,81.95,4,5,16,2,0.52,30,2,0.3103203848328889,0,1,0,0.4146428571428571,1,fda_1411,OCc1cc([C@@H](O)CNCCCCCCOCCCCc2ccccc2)ccc1O,3.78656268,FDA,SALMETEROL,-1,0.96634823,0.27075861122519396
547.6740000000003,2.3753,140.42000000000002,3,8,11,2,0.5185185185185185,38,4,0.3644231166724813,1,2,0,0.0,1,fda_1305,CC(C)CN(C[C@@H](O)[C@H](Cc1ccccc1)NC(=O)O[C@H]1CO[C@H]2OCC[C@H]21)S(=O)(=O)c1ccc(N)cc1,4.5027318,FDA,DARUNAVIR,-1,0.99483466,0.4177571833153081
411.7850000000001,6.637000000000003,17.82,0,3,7,3,0.2105263157894736,25,3,0.4056053342949886,1,0,0,0.8727142857142858,1,fda_1244,Clc1ccc(CC[C@H](Cn2ccnc2)Sc2c(Cl)cccc2Cl)cc1,4.79030371,FDA,BUTOCONAZOLE,-1,0.9633275,0.4767832694208172
518.4640000000004,-3.797099999999995,211.95999999999995,2,14,9,2,0.35,36,4,0.1412344807578232,2,1,0,0.0,1,fda_1026,CO[C@@]1(NC(=O)[C@H](C(=O)[O-])c2ccc(O)cc2)C(=O)N2C(C(=O)[O-])=C(CSc3nnnn3C)CO[C@@H]21,5.18487024,FDA,MOXALACTAM,-1,0.8349479,0.5577707273896154
307.478,3.204300000000001,66.48,3,3,12,1,0.6842105263157895,22,1,0.5194936783733953,0,1,0,0.5251428571428571,0,fda_1500,CCCCCCCCc1ccc(CCC(N)(CO)CO)cc1,4.7900033,FDA,FINGOLIMOD,-1,0.12469788,0.4767216082296149
292.21299999999997,2.3230000000000004,92.47,2,4,3,1,0.3636363636363636,20,1,0.6601912167697063,0,0,0,0.3395,0,fda_1705,CC(C)(O)C(=O)Nc1ccc([N+](=O)[O-])c(C(F)(F)F)c1,3.50969696,FDA,M FLUTAMIDE,-1,0.09452877,0.2139300432736725
450.34500000000014,5.037700000000004,77.99,2,6,5,3,0.3333333333333333,30,4,0.533055458733566,1,0,0,0.4429285714285714,1,fda_1530,C[C@@H](Oc1cc(-c2cnn(C3CCNCC3)c2)cnc1N)c1c(Cl)ccc(F)c1Cl,5.84396219,FDA,CRIZOTINIB,1,0.9881654,0.6930538229887231
324.39900000000006,3.812980000000003,36.26,0,3,5,2,0.35,24,3,0.8388667572429986,0,0,0,0.741,0,fda_1278,CN(C)CCC[C@]1(c2ccc(F)cc2)OCc2cc(C#N)ccc21,5.002707,FDA,CITALOPRAM,-1,0.71839356,0.5203804861470039
536.8880000000004,12.605799999999975,0.0,0,0,10,0,0.45,40,2,0.2435127020219794,2,0,0,1.0,0,fda_1380,CC1=C(/C=C/C(C)=C/C=C/C(C)=C/C=C/C=C(C)/C=C/C=C(C)/C=C/C2=C(C)CCCC2(C)C)C(C)(C)CCC1,5.50841093,FDA,BETA CAROTENE,-1,0.98717934,0.6241796496886531
442.42400000000015,-0.4378999999999982,181.62,6,9,2,1,0.3181818181818182,32,4,0.3308521588911173,1,1,0,0.0,0,fda_1078,C=C1c2cccc(O)c2C(=O)C2=C(O)[C@]3(O)C(=O)C(C(N)=O)=C(O)[C@@H](N(C)C)[C@@H]3[C@@H](O)[C@H]12,4.37622976,FDA,METHACYCLINE,-1,0.9808972,0.39179178111186413
519.6870000000004,1.7112000000000025,150.70000000000002,4,5,8,0,0.8148148148148148,37,3,0.3600552638977883,1,1,0,0.0,0,fda_1518,CC(C)(C)NC(=O)N[C@H](C(=O)N1C[C@H]2[C@@H]([C@H]1C(=O)N[C@H](CC1CCC1)C(=O)C(N)=O)C2(C)C)C(C)(C)C,5.18326187,FDA,BOCEPREVIR,-1,0.97447497,0.5574405985320732
377.275,-2.4644099999999995,194.62999999999997,4,12,4,2,0.5,24,3,0.3256230838671753,1,1,0,0.0,0,fda_1759,Nc1nc(=S)c2ncn([C@@H]3O[C@H](COP(=O)([O-])[O-])[C@@H](O)[C@H]3O)c2[nH]1,3.90216708,FDA,M THIOGUANINE,-1,0.12836914,0.2944871988628938
123.11499999999998,-0.4245000000000001,68.87,1,3,1,1,0.0,9,1,0.5507568071868295,0,0,0,0.5080714285714285,0,fda_1062,NC(=O)c1cnccn1,3.45752025,FDA,PYRAZINAMIDE,-1,0.013478664,0.2032204194541479
303.83299999999997,4.194900000000003,12.47,0,2,8,2,0.3333333333333333,21,2,0.6778826115024819,0,0,0,0.9109285714285714,0,fda_126,C[C@@H](COc1ccccc1)N(CCCl)Cc1ccccc1,3.24211001,FDA,PHENOXYBENZAMINE,0,0.045307957,0.1590060058340958
309.33099999999996,4.435000000000003,21.26,1,2,6,2,0.2941176470588235,22,2,0.8517964099245682,0,0,0,0.8481428571428572,0,fda_1174,CNCC[C@H](Oc1ccc(C(F)(F)F)cc1)c1ccccc1,4.07083702,FDA,FLUOXETINE,-1,0.07930737,0.32910784870957416
327.46800000000013,4.1437000000000035,52.82000000000001,2,3,1,0,0.7619047619047619,24,4,0.4318395226667917,0,0,0,0.6227142857142857,0,fda_1423,C#C[C@]1(O)CC[C@H]2[C@@H]3CCC4=C/C(=N/O)CC[C@@H]4[C@H]3CC[C@@]21CC,6.27759552,FDA,NORELGESTROMIN,1,0.89856523,0.7820600067804526
390.4090000000001,3.170600000000002,44.27,1,4,4,3,0.35,28,4,0.7443729050399092,0,0,0,0.6837857142857142,0,fda_1793,O=c1[nH]c2ccccc2n1CCN1CCN(c2cccc(C(F)(F)F)c2)CC1,4.60731888,FDA,FLIBANSERIN,-1,0.9880806,0.43922439125506746
177.247,1.736,21.26,1,2,1,1,0.4545454545454545,13,2,0.705114488465338,0,0,0,0.8481428571428572,0,fda_1766,C[C@@H]1NCCO[C@@H]1c1ccccc1,3.18193793,FDA,PHENMETRAZINE,0,0.012756119,0.14665527806229223
690.8600000000002,2.269300000000002,176.42,2,11,7,1,0.6176470588235294,48,3,0.4015975548403724,2,1,0,0.0,0,fda_1070,CCN(CC)CCS(=O)(=O)[C@@H]1CCN2C(=O)c3coc(n3)CC(=O)C[C@H](O)/C=C(C)/C=C/CNC(=O)/C=C/[C@@H](C)[C@@H](C(C)C)OC(=O)[C@@H]12,4.96027994,FDA,DALFOPRISTIN,-1,0.96562606,0.5116720441550041
370.3440000000001,1.3957,106.26000000000002,1,8,4,3,0.2352941176470588,27,4,0.7396454416164582,0,0,0,0.2409999999999998,0,fda_1716,Cn1nnc(-c2ccc(-c3ccc(N4C[C@H](CO)OC4=O)cc3F)cn2)n1,5.18020773,FDA,TEDIZOLID,-1,0.8906388,0.5568137155704576
241.251,-1.7002000000000006,136.29,6,7,2,1,0.5555555555555556,17,2,0.3628643483841513,1,0,0,0.0265,0,fda_1440,C[C@H](O)[C@H](O)[C@H]1CNc2[nH]c(N)nc(=O)c2N1,3.53969264,FDA,SAPROPTERIN,-1,0.003810544,0.22008686015635523
123.09099999999998,-1.1599000000000004,65.91,0,4,1,1,0.0,9,1,0.472079025478847,0,0,0,0.5292142857142857,0,fda_1613,O=C([O-])c1cnccn1,2.7507875,FDA,PYRAZINOIC ACID,0,0.010527566,0.05815872634551521
546.201,2.5318000000000005,142.20999999999998,2,8,8,3,0.125,29,3,0.4109825313744394,1,1,0,0.0,1,fda_1616,NS(=O)(=O)Nc1ncnc(OCCOc2ncc(Br)cn2)c1-c1ccc(Br)cc1,4.94514894,FDA,APROCITENTAN,-1,0.9490505,0.5085663037199858
285.2,-1.3151999999999988,142.04000000000002,1,9,5,2,0.4444444444444444,19,2,0.6665638429511046,0,1,0,0.0,0,fda_1491,C[C@H](Cn1cnc2c(N)ncnc21)OCP(=O)([O-])[O-],3.66511178,FDA,TENOFOVIR,-1,0.0023086492,0.24582998978580659
332.464,2.8541000000000016,46.53,1,3,5,1,0.65,24,3,0.6661029067869589,0,0,0,0.6676428571428572,0,fda_1177,CC(C)[N@+]1(C)[C@@H]2CC[C@H]1C[C@@H](OC(=O)[C@@H](CO)c1ccccc1)C2,4.74727774,FDA,IPRATROPIUM,-1,0.84824526,0.4679518970868746
378.44000000000017,1.5056,94.83,3,5,2,0,0.7142857142857143,27,4,0.6770422256433893,0,0,0,0.3226428571428571,0,fda_1347,C[C@]12C=CC(=O)C=C1[C@@H](F)C[C@@H]1[C@@H]2[C@@H](O)C[C@@]2(C)[C@H]1CC[C@]2(O)C(=O)CO,5.98134232,FDA,FLUPREDNISOLONE,1,0.9839841,0.721252026987737
302.1329999999999,2.271,66.43,0,4,6,1,0.2307692307692307,19,1,0.5970041677279345,0,0,0,0.5255,0,fda_1364,C=C(CC)C(=O)c1ccc(OCC(=O)[O-])c(Cl)c1Cl,4.297894,FDA,ETHACRYNATE,-1,0.060217127,0.3757128347540627
486.6490000000005,4.302900000000004,100.9,2,6,6,0,0.8275862068965517,35,5,0.5429922145181357,0,0,0,0.2792857142857142,0,fda_1327,C[C@]12CCC(=O)C=C1CC[C@@H]1[C@@H]2[C@@H](O)C[C@@]2(C)[C@H]1CC[C@]2(O)C(=O)COC(=O)CCC1CCCC1,5.84870338,FDA,HYDROCORTISONE CYPIONATE,1,0.9953253,0.6940269844118349
94.117,0.6638000000000001,38.91,1,2,0,1,0.0,7,1,0.5126510027980979,0,0,0,0.7220714285714286,0,fda_1484,Nc1ccncc1,2.76399732,FDA,DALFAMPRIDINE,0,0.0110498,0.06087013154763765
496.12600000000015,-3.661599999999998,255.46,2,15,8,1,0.6,30,2,0.329016169523085,1,1,0,0.0,0,fda_1627,C[C@@]1(F)[C@H](O)[C@@H](CO[P@@](=O)([O-])O[P@](=O)([O-])OP(=O)([O-])[O-])O[C@H]1n1ccc(=O)[nH]c1=O,4.49295044,FDA,M SOFOSBUVIR,-1,0.19885224,0.4157494927950866
265.222,-2.8909,151.92,5,8,3,0,0.875,18,1,0.2710418297657056,0,1,0,0.0,0,fda_1037,CN(N=O)C(=O)N[C@@H]1[C@@H](O)[C@H](O)[C@@H](CO)O[C@H]1O,4.22144461,FDA,STREPTOZOCIN,-1,0.008223161,0.3600210786404225
555.5160000000003,7.1305000000000085,45.59,1,4,8,5,0.21875,37,5,0.2213547523882577,2,0,0,0.6743571428571429,1,fda_1595,COc1nc2ccc(Br)cc2cc1[C@@H](c1ccccc1)[C@@](O)(CCN(C)C)c1cccc2ccccc12,4.63508558,FDA,BEDAQUILINE,-1,0.9912957,0.44492369486600025
555.8680000000003,6.341400000000007,49.77,1,4,6,0,0.9142857142857144,40,6,0.2360226063103687,2,0,0,0.6445,0,fda_1562,C=CC[N+]1([C@H]2C[C@H]3[C@@H]4CC[C@H]5C[C@H](O)[C@@H](N6CCCCC6)C[C@]5(C)[C@H]4CC[C@]3(C)[C@H]2OC(=O)CC)CCCCC1,6.35603094,FDA,M RAPACURONIUM,1,0.9925897,0.7981594090295867
685.7000000000002,-8.882800000000016,392.86,15,15,10,0,0.6,48,2,0.0949841394750194,3,1,0,0.0,0,fda_1373,NCCC[C@H](N)CC(=O)N[C@H]1CNC(=O)[C@H]([C@H]2C[C@H](O)N=C(N)N2)NC(=O)/C(=C/NC(N)=O)NC(=O)[C@H](CO)NC(=O)[C@H](CO)NC1=O,4.62568521,FDA,VIOMYCIN,-1,0.7751797,0.44299420512882937
227.367,0.2018999999999999,72.42,0,4,2,0,1.0,10,0,0.4989054823824423,0,0,0,0.4827142857142856,0,fda_1368,O=P([O-])([O-])OCC(Cl)(Cl)Cl,4.60790014,FDA,TRICLOFOS,-1,0.0036803933,0.4393436988147303
298.379,2.8408000000000015,46.150000000000006,0,5,1,0,1.0,21,5,0.6966147525766675,0,0,0,0.6703571428571429,0,fda_1087,CO[C@H]1O[C@@H]2O[C@@]3(C)CC[C@H]4[C@H](C)CC[C@@H]([C@H]1C)[C@@]24OO3,5.14669847,FDA,ARTEMETHER,-1,0.09700996,0.5499357125482155
513.1890000000002,-3.0047999999999986,280.96,3,16,8,2,0.4166666666666667,32,3,0.2340360469184688,2,1,0,0.0,1,fda_1640,C=C1[C@H](CO[P@@](=O)([O-])O[P@@](=O)([O-])OP(=O)([O-])[O-])[C@@H](O)C[C@@H]1n1cnc2c(=O)[nH]c(N)nc21,3.57443881,FDA,M ENTECAVIR,-1,0.35753974,0.2272187473502632
766.9180000000002,3.3019000000000016,195.22,3,11,7,2,0.631578947368421,54,7,0.350204501408946,2,1,0,0.0,1,fda_1816,C=C[C@@H]1C[C@]1(NC(=O)[C@@H]1C[C@@H]2CN1C(=O)[C@H](C(C)(C)C)NC(=O)O[C@@H]1C[C@H]1CCCCCc1nc3ccc(OC)cc3nc1O2)C(=O)NS(=O)(=O)C1CC1,6.24792624,FDA,GRAZOPREVIR,1,0.9966678,0.7759701857128509
276.38,1.96282,45.33,1,3,3,1,0.6875,20,3,0.917711580112694,0,0,0,0.6762142857142857,0,fda_1147,CCc1c(C)[nH]c2c1C(=O)[C@@H](CN1CCOCC1)CC2,3.91901326,FDA,MOLINDONE,-1,0.01677472,0.2979449916328097
224.26,0.961,75.27000000000001,2,3,4,0,0.5454545454545454,16,1,0.5513835393856523,0,0,0,0.4623571428571428,0,fda_1768,C=CCC1([C@@H](C)CC)C(=O)NC(=O)NC1=O,4.97930479,FDA,TALBUTAL,-1,0.013268362,0.5155770237277459
764.9500000000003,3.2473000000000014,182.83,5,13,7,0,0.926829268292683,54,8,0.1884815722438335,2,1,0,0.0,0,fda_1083,C[C@H]1O[C@@H](O[C@H]2[C@@H](O)C[C@H](O[C@H]3[C@@H](O)C[C@H](O[C@H]4CC[C@@]5(C)[C@H](CC[C@@H]6[C@@H]5CC[C@]5(C)[C@@H](C7=CC(=O)OC7)CC[C@]65O)C4)O[C@@H]3C)O[C@@H]2C)C[C@H](O)[C@@H]1O,7.30362701,FDA,DIGITOXIN,1,0.9777168,0.9926599331630535
295.304,4.174300000000002,35.25,1,2,5,2,0.25,21,2,0.8980027339714314,0,0,0,0.7482142857142857,0,fda_1610,NCC[C@@H](Oc1ccc(C(F)(F)F)cc1)c1ccccc1,4.00591278,FDA,NORFLUOXETINE,-1,0.04467033,0.31578170784771203
435.8890000000001,2.5199000000000007,88.18,1,6,5,2,0.3157894736842105,29,4,0.7792136827945354,0,0,0,0.3701428571428571,1,fda_1523,O=C(NC[C@H]1CN(c2ccc(N3CCOCC3=O)cc2)C(=O)O1)c1ccc(Cl)s1,4.22675514,FDA,RIVAROXABAN,-1,0.99480164,0.3611111009623033
318.5250000000002,4.721100000000004,20.23,1,1,8,1,0.7142857142857143,23,2,0.6875795926365253,0,0,0,0.8555,0,fda_151,CC[N+](CC)(CC)CC[C@@](O)(c1ccccc1)C1CCCCC1,4.76966143,FDA,TRIDIHEXETHYL,-1,0.69123966,0.47254630136404835
365.5220000000001,3.6559000000000026,23.550000000000004,0,1,4,2,0.4090909090909091,26,5,0.5991495641361972,0,0,0,0.8317857142857142,0,fda_1333,O=C1N(Cc2ccccc2)[C@@H]2[C@H](C[S@@+]3CCC[C@@H]23)N1Cc1ccccc1,4.74900198,FDA,TRIMETHAPHAN,-1,0.96497434,0.4683058090482569
376.36900000000014,-1.7235599999999989,161.56,5,9,5,1,0.4117647058823529,27,3,0.3284121594560428,0,1,0,0.0,0,fda_173,Cc1cc2nc3c(=O)[nH]c(=O)nc-3n(C[C@H](O)[C@H](O)[C@H](O)CO)c2cc1C,4.56642723,FDA,RIBOFLAVIN,-1,0.2869585,0.4308311025854741
610.6710000000002,6.319100000000007,143.34,1,11,10,5,0.3333333333333333,45,6,0.1409102496279744,3,1,0,0.0,1,fda_1414,CCOc1nc2cccc(C(=O)O[C@@H](C)OC(=O)OC3CCCCC3)c2n1Cc1ccc(-c2ccccc2-c2nnn[nH]2)cc1,5.45148087,FDA,CANDESARTAN CILEXETIL,-1,0.9971826,0.6124943685234941
258.23299999999995,0.0877999999999999,83.55000000000001,1,4,1,1,0.2307692307692307,19,3,0.7233587999857974,0,0,0,0.4032142857142856,0,fda_1200,O=C1CC[C@@H](N2C(=O)c3ccccc3C2=O)C(=O)N1,4.25959969,FDA,THALIDOMIDE,-1,0.00822187,0.36785266774605735
472.7540000000004,9.059960000000002,35.53,0,3,13,1,0.7741935483870968,34,2,0.2120436659581116,1,1,0,0.7462142857142857,0,fda_1419,CC(=O)Oc1c(C)c(C)c2c(c1C)CC[C@@](C)(CCC[C@H](C)CCC[C@H](C)CCCC(C)C)O2,5.29746771,FDA,ALPHA-TOCOPHEROL ACETATE,-1,0.9890443,0.5808821222385855
489.16700000000014,-3.4842999999999993,280.96,3,16,11,2,0.5,30,2,0.2582616445236428,1,2,0,0.0,1,fda_1661,Nc1nc(=O)c2ncn(CC[C@@H](CO)CO[P@](=O)([O-])O[P@](=O)([O-])OP(=O)([O-])[O-])c2[nH]1,3.64791298,FDA,M PENCICLOVIR,-1,0.23536046,0.2422998193678703
421.4220000000001,1.6254000000000004,118.36,3,5,3,2,0.2,27,3,0.6961649733786912,0,0,0,0.1545714285714287,1,fda_1125,NS(=O)(=O)c1cc2c(cc1C(F)(F)F)N[C@@H](Cc1ccccc1)NS2(=O)=O,4.87941694,FDA,BENDROFLUMETHIAZIDE,-1,0.8976808,0.495074364636341
266.38800000000003,3.0234000000000014,6.48,0,2,3,2,0.3333333333333333,20,3,0.84234198198695,0,0,0,0.9537142857142856,0,fda_1215,CN1CCN(C(c2ccccc2)c2ccccc2)CC1,3.37992287,FDA,CYCLIZINE,-1,0.06680461,0.18729303060228852
439.4550000000001,2.6939,121.64,1,8,7,5,0.125,33,5,0.4136763329389924,0,0,0,0.131142857142857,1,fda_1557,CCOc1nc2cccc(C(=O)[O-])c2n1Cc1ccc(-c2ccccc2-c2nnn[nH]2)cc1,4.40366364,FDA,CANDESARTAN,-1,0.99566746,0.3974227711591473
377.3660000000001,3.2757000000000014,62.3,1,4,4,2,0.3157894736842105,27,3,0.831072974287591,0,0,0,0.5549999999999999,0,fda_1943,CN1CCC(C(=O)c2cccc(NC(=O)c3c(F)cc(F)cc3F)n2)CC1,4.67299986,FDA,LASMIDITAN,-1,0.9873934,0.45270585813746994
300.74500000000006,2.4722,52.900000000000006,1,3,1,2,0.125,21,3,0.879421465403288,0,0,0,0.6221428571428571,0,fda_491,CN1C(=O)[C@@H](O)N=C(c2ccccc2)c2cc(Cl)ccc21,4.52757406,FDA,TEMAZEPAM,-1,0.0401573,0.42285622576982124
360.2440000000001,0.5983000000000003,109.57,2,5,2,1,0.3333333333333333,20,2,0.7508465680270321,0,0,0,0.2173571428571429,0,fda_300,CN1[C@@H](CCl)Nc2cc(Cl)c(S(N)(=O)=O)cc2S1(=O)=O,4.76228714,FDA,METHYCLOTHIAZIDE,-1,0.038098343,0.4710326782966666
374.39200000000017,0.6456999999999997,86.63,1,7,4,2,0.4736842105263157,27,4,0.8455651734986326,0,0,0,0.3812142857142857,0,fda_909,COc1c(N2CCN[C@@H](C)C2)c(F)cc2c(=O)c(C(=O)[O-])cn(C3CC3)c12,4.89638376,FDA,GATIFLOXACIN,-1,0.9758399,0.4985569195849683
356.5060000000001,5.350300000000006,46.53,1,3,4,1,0.6956521739130435,26,4,0.7397426708714153,1,0,0,0.6676428571428572,0,fda_19,CCCCC(=O)O[C@H]1CC[C@H]2[C@@H]3CCc4cc(O)ccc4[C@H]3CC[C@]12C,5.58579445,FDA,ESTRADIOL VALERATE,-1,0.98107165,0.640063142324173
325.449,2.3659,59.95,2,5,12,1,0.6666666666666666,23,1,0.5778484804828311,0,1,0,0.5717857142857143,0,fda_662,CC(C)NC[C@H](O)COc1ccc(COCCOC(C)C)cc1,3.70071673,FDA,BISOPROLOL,-1,0.38389838,0.2531381474027391
1227.3950000000002,-6.980500000000019,512.8499999999998,16,19,25,2,0.5,85,4,0.0324449527711288,3,2,0,0.0,1,fda_2057,NCCCC[C@H](NC(=O)[C@@H]1CCCN1C(=O)[C@@H]1CSSC[C@H](NC(=O)CNC(=O)CNC(=O)CN)C(=O)N[C@@H](Cc2ccc(O)cc2)C(=O)N[C@@H](Cc2ccccc2)C(=O)N[C@@H](CCC(N)=O)C(=O)N[C@@H](CC(N)=O)C(=O)N1)C(=O)NCC(N)=O,6.67995071,FDA,TERLIPRESSIN,1,0.94185,0.864646140071213
255.36500000000004,2.649800000000001,19.37,0,3,6,2,0.3125,19,2,0.7908033413514379,0,0,0,0.8616428571428572,0,fda_34,CN(C)CCN(Cc1ccccc1)c1ccccn1,3.32208896,FDA,TRIPELENNAMINE,-1,0.04553872,0.1754222280907418
498.4260000000003,3.270100000000002,84.66,2,5,13,2,0.4166666666666667,33,2,0.3273084397783963,0,1,1,0.3952857142857143,1,fda_2019,CCOC(=O)[C@H](Cc1ccc(F)cc1)NC(=O)[C@@H](N)Cc1ccc(N(CCCl)CCCl)cc1,4.89074087,FDA,MELPHALAN FLUFENAMIDE,-1,0.9900372,0.4973986781175596
325.53700000000003,5.525800000000005,52.32,1,3,17,0,0.85,23,0,0.217336395981777,1,1,0,0.6262857142857143,0,fda_589,CCCCCCCC/C=C\CCCCCCCC(=O)OCCN,5.15508032,FDA,ETHANOLAMINE OLEATE,-1,0.7873904,0.5516561441433023
414.741,4.312400000000001,75.62,2,6,5,2,0.4285714285714285,27,2,0.5606168741905612,0,0,0,0.4598571428571428,1,fda_2149,C[C@@H](Nc1nc(N[C@H](C)C(F)(F)F)nc(-c2cccc(Cl)n2)n1)C(F)(F)F,5.27460527,FDA,VORASIDENIB,-1,0.9719534,0.5761894512749228
296.4390000000001,4.241000000000003,6.48,0,3,2,2,0.3333333333333333,21,4,0.8181633544074803,0,0,1,0.9537142857142856,0,fda_266,CN1CC[C@H](CN2c3ccccc3Sc3ccccc32)C1,4.43092299,FDA,METHDILAZINE,-1,0.17258765,0.4030179377395
253.73700000000005,1.7897000000000003,88.78999999999999,3,1,2,1,0.2727272727272727,17,1,0.5545446559991852,0,0,0,0.3657857142857144,0,fda_851,CC(C)/N=C(N)/N=C(\N)Nc1ccc(Cl)cc1,3.53844261,FDA,PROGUANIL,-1,0.015202287,0.21983028301565163
232.28299999999996,1.3532,72.19,2,3,2,1,0.3846153846153846,17,2,0.5969362176118971,0,0,0,0.4843571428571428,0,fda_494,CC[C@]1(c2ccc(N)cc2)CCC(=O)NC1=O,4.69571638,FDA,AMINOGLUTETHIMIDE,-1,0.013268362,0.4573685780308613
501.47700000000026,2.702500000000001,166.97999999999996,1,13,11,2,0.65,34,2,0.2071524581096599,2,2,0,0.0,1,fda_904,CC(C)(C)C(=O)OCOP(=O)(COCCn1cnc2c(N)ncnc21)OCOC(=O)C(C)(C)C,3.9902122,FDA,ADEFOVIR DIPIVOXIL,-1,0.99261886,0.312559057252296
391.46700000000016,4.411120000000004,59.75,0,5,5,3,0.3333333333333333,29,4,0.6030824294043329,0,0,0,0.5732142857142857,0,fda_384,Cc1c(-c2ccccc2)oc2c(C(=O)OCCN3CCCCC3)cccc2c1=O,5.17538595,FDA,FLAVOXATE,-1,0.99246997,0.5558240125029297
477.52600000000007,1.2151999999999985,133.14,1,9,10,4,0.1304347826086956,34,4,0.3604048418014806,0,0,0,0.049,1,fda_2063,O=C([O-])CNc1cccc(CN(Cc2ccc(-n3cccn3)cc2)S(=O)(=O)c2cccnc2)n1,5.52419424,FDA,OMIDENEPAG,-1,0.99453944,0.627419281178008
389.4560000000002,1.3507000000000002,111.83,2,8,8,2,0.5263157894736842,28,3,0.6509374244824966,0,0,0,0.2012142857142856,0,fda_859,COc1cc2nc(N(C)CCCNC(=O)[C@@H]3CCCO3)nc(N)c2cc1OC,4.07212973,FDA,ALFUZOSIN,-1,0.93447226,0.3293731862099214
418.4570000000002,1.7849,108.39,1,8,4,3,0.2727272727272727,31,4,0.5081726960704563,0,0,0,0.2257857142857142,1,fda_2059,C=CC(=O)N1CC[C@H](n2nc(C#Cc3cc(OC)cc(OC)c3)c3c(N)ncnc32)C1,5.21335459,FDA,FUTIBATINIB,-1,0.9881067,0.5636173335333081
344.41100000000006,2.2233,90.82,4,5,9,2,0.3157894736842105,25,2,0.4136022576828499,0,0,0,0.3512857142857143,0,fda_810,COc1ccc(C[C@H](C)NC[C@@H](O)c2ccc(O)c(NC=O)c2)cc1,4.04302645,FDA,FORMOTEROL,-1,0.73465234,0.32339954048342207
130.175,-2.8538299999999985,90.73,4,1,0,0,0.5,9,0,0.2099625408254056,0,0,0,0.3519285714285713,0,fda_721,[H]/N=C(/NC(N)=[NH2+])N(C)C,3.81276512,FDA,METFORMIN,-1,0.0035682959,0.2761368398554327
495.7450000000004,6.881900000000007,81.69999999999999,1,5,23,0,0.896551724137931,35,1,0.0948674729834446,1,1,0,0.4164285714285715,0,fda_798,CCCCCCCCCCC[C@@H](C[C@@H]1OC(=O)[C@H]1CCCCCC)OC(=O)[C@H](CC(C)C)NC=O,6.00078726,FDA,ORLISTAT,1,0.9818688,0.7252432328838777
581.6730000000001,1.990800000000002,118.21,3,6,4,3,0.4242424242424242,43,8,0.4340104045325292,1,0,0,0.155642857142857,1,fda_70,CN1C[C@H](C(=O)N[C@]2(C)O[C@@]3(O)[C@@H]4CCCN4C(=O)[C@H](Cc4ccccc4)N3C2=O)C=C2c3cccc4[nH]cc(c34)C[C@H]21,6.16616964,FDA,ERGOTAMINE,1,0.994551,0.7591890887298608
465.6170000000003,1.0561000000000007,98.77,1,8,9,1,0.5909090909090909,31,3,0.5407377371089944,0,0,0,0.2944999999999999,0,fda_706,CCOC(=O)[C@H](CCc1ccccc1)N[C@@H](C)C(=O)N1CC2(C[C@H]1C(=O)[O-])SCCS2,4.32876539,FDA,SPIRAPRIL,-1,0.96435136,0.3820493970571637
234.29499999999996,2.8355000000000015,38.69,1,3,2,1,0.4285714285714285,17,2,0.8547782410682304,0,0,0,0.7236428571428571,0,fda_1886,CC(C)(C)[C@H](O)/C=C/c1ccc2c(c1)OCO2,4.23454905,FDA,STIRIPENTOL,-1,0.061154053,0.36271085388239416
178.191,0.4239999999999995,72.19,2,2,2,1,0.1111111111111111,13,1,0.6885995439708613,0,0,0,0.4843571428571428,0,fda_92,NC(=O)NC(=O)Cc1ccccc1,2.92925835,FDA,PHENACEMIDE,0,0.026916943,0.09479107948259118
239.271,0.9207999999999996,92.78,3,5,4,1,0.4166666666666667,17,1,0.5364059398397247,0,0,1,0.3372857142857143,0,fda_329,CCOC(=O)[C@](C)(N)Cc1ccc(O)c(O)c1,3.35458493,FDA,METHYLDOPATE,-1,0.026473528,0.18209224646389258
141.17,0.4491999999999999,46.17,1,2,1,0,0.7142857142857143,10,1,0.5387218646888615,0,0,0,0.6702142857142857,0,fda_289,CC[C@]1(C)CC(=O)NC1=O,3.65151882,FDA,ETHOSUXIMIDE,-1,0.008123909,0.24303994249854288
408.5200000000001,2.3409000000000004,99.88,2,6,11,2,0.4,28,2,0.55378695740702,0,1,0,0.2865714285714286,1,fda_757,CCOc1ccccc1OCCN[C@H](C)Cc1ccc(OC)c(S(N)(=O)=O)c1,4.04186583,FDA,TAMSULOSIN,-1,0.9234347,0.32316131535199044
392.519,3.769700000000003,46.53,1,3,4,2,0.48,29,5,0.6364424954881173,0,0,0,0.6676428571428572,0,fda_919,O=C(O[C@@H]1C[C@H]2CC[C@@H](C1)[N+]21CCCC1)C(O)(c1ccccc1)c1ccccc1,4.50377321,FDA,TROSPIUM,-1,0.99352056,0.41797093978523286
232.23899999999995,0.7004,75.27000000000001,2,3,2,1,0.25,17,2,0.7368838068366227,0,0,0,0.4623571428571428,0,fda_2066,CCC1(c2ccccc2)C(=O)NC(=O)NC1=O,5.20153761,FDA,PHENOBARBITAL,-1,0.012591783,0.5611918181935551
509.6230000000003,3.359300000000002,91.37,0,7,12,2,0.5172413793103449,37,4,0.4333062116764473,1,1,0,0.3473571428571428,1,fda_2133,CCCCN(CCCC)C(=O)CN1C[C@H](c2ccc3c(c2)OCO3)[C@@H](C(=O)[O-])[C@@H]1c1ccc(OC)cc1,4.92639351,FDA,ATRASENTAN,-1,0.9965193,0.5047166244306355
267.328,2.8499000000000025,43.7,2,3,0,2,0.2941176470588235,20,4,0.7213394581196795,0,0,1,0.6878571428571428,0,fda_873,CN1CCc2cccc3c2[C@H]1Cc1ccc(O)c(O)c1-3,3.9629879,FDA,APOMORPHINE,-1,0.15141949,0.30697108492230646
448.39400000000006,4.859300000000005,44.81,1,4,7,2,0.4347826086956521,30,4,0.6149801508040519,0,0,0,0.6799285714285714,1,fda_900,O=C1CCc2ccc(OCCCCN3CCN(c4cccc(Cl)c4Cl)CC3)cc2N1,4.86724281,FDA,ARIPIPRAZOLE,-1,0.986271,0.4925755418353252
201.995,-3.5201999999999996,146.61,1,7,2,0,1.0,11,0,0.4559526101689281,0,1,0,0.0,0,fda_459,CC(O)(P(=O)([O-])[O-])P(=O)([O-])[O-],3.89746118,FDA,ETIDRONATE,-1,0.0028591661,0.2935212809517741
372.36000000000007,0.7776999999999998,101.57,2,7,2,1,0.0,28,4,0.7398755809943276,0,0,0,0.2744999999999999,0,fda_942,O=C1C=CC=C/C1=C1\N/C(=C2/C=CC=CC2=O)N(c2ccc(C(=O)[O-])cc2)N1,5.38363504,FDA,DEFERASIROX,-1,0.98569447,0.5985685514870535
441.54900000000015,4.374260000000002,84.86,2,6,5,2,0.4166666666666667,31,4,0.7166041254699328,0,0,0,0.3938571428571429,1,fda_790,Cc1c(C)c2c(c(C)c1O)CC[C@@](C)(COc1ccc(C[C@H]3SC(=O)NC3=O)cc1)O2,5.01981783,FDA,TROGLITAZONE,-1,0.9881153,0.5238926001254406
316.42100000000016,1.9261999999999997,69.23,1,3,6,1,0.5789473684210527,23,2,0.8715900836005785,0,0,0,0.5055,0,fda_869,CC(C)[C@H]1CC[C@H](C(=O)N[C@H](Cc2ccccc2)C(=O)[O-])CC1,4.10764456,FDA,NATEGLINIDE,-1,0.6073609,0.3366628460852635
378.5160000000001,3.173300000000001,32.78,0,3,6,2,0.4583333333333333,28,4,0.7740303952237003,0,0,0,0.7658571428571428,0,fda_345,CCN1C[C@@H](CCN2CCOCC2)C(c2ccccc2)(c2ccccc2)C1=O,4.44233847,FDA,DOXAPRAM,-1,0.9845674,0.4053610424795135
674.9720000000001,6.624500000000008,70.08,1,6,13,3,0.55,48,7,0.2056443089092152,2,1,0,0.4994285714285714,1,fda_2038,CCCCC1(CCCC)CS(=O)(=O)c2ccc(N(C)C)cc2[C@@H](c2ccc(OCc3ccc(C[N+]45CCN(CC4)CC5)cc3)cc2)[C@H]1O,5.11846161,FDA,MARALIXIBAT,-1,0.993407,0.5441399054065889
324.4640000000001,4.048700000000004,37.3,1,2,1,0,0.6818181818181818,24,4,0.5834905102158031,0,0,0,0.7335714285714285,0,fda_866,C#C[C@]1(O)CC[C@H]2[C@@H]3CCC4=CC(=O)CC[C@@H]4[C@H]3C(=C)C[C@@]21CC,5.52974701,FDA,ETONOGESTREL,-1,0.91050774,0.6285590249038264
351.46300000000014,1.9164,97.66,2,5,12,0,0.7,25,1,0.4134084974169977,0,1,0,0.3024285714285715,0,fda_456,CCCCC[C@H](O)/C=C/[C@H]1[C@H](O)CC(=O)[C@@H]1C/C=C\CCCC(=O)[O-],4.9015069,FDA,DINOPROSTONE,-1,0.8653037,0.49960847883764564
1035.2379999999998,7.709800000000011,163.36,0,16,27,4,0.5357142857142857,74,6,0.0323950069693237,3,2,0,0.0,1,fda_657,COc1cc(C[C@@H]2c3c(cc(OC)c(OC)c3OC)CC[N@@+]2(C)CCCOC(=O)CCC(=O)OCCC[N@+]2(C)CCc3cc(OC)c(OC)c(OC)c3[C@@H]2Cc2cc(OC)c(OC)c(OC)c2)cc(OC)c1OC,6.34159851,FDA,DOXACURIUM,1,0.9974241,0.7951970548278438
411.4403053340002,1.722,146.80999999999997,4,8,8,3,0.2631578947368421,30,4,0.4380618566733292,0,1,0,0.0,1,fda_2061,[2H]C([2H])([2H])NC(=O)c1nnc(NC(=O)C2CC2)cc1Nc1cccc(-c2nc[nH]n2)c1OC,5.47483635,FDA,M DEUCRAVACITINIB,-1,0.98417515,0.6172882392931236
181.213,-0.5995999999999997,83.47,2,3,4,0,0.8,11,0,0.447848265705855,0,0,0,0.4037857142857143,0,fda_899,CC(=O)NCCCS(=O)(=O)O,3.10037971,FDA,ACAMPROSATE,0,0.01103382,0.1299148999205882
375.4730000000001,0.5248000000000006,89.87000000000002,1,7,6,1,0.6842105263157895,27,3,0.5727357460576663,0,0,0,0.3580714285714285,0,fda_2085,CC1(C)CC(=O)N(CCCCN2CCN(c3ncccn3)CC2)C(=O)[C@H]1O,4.53959274,FDA,M GEPIRONE,-1,0.8532385,0.42532314140339106
259.265,0.0297999999999998,92.5,2,4,1,1,0.3076923076923077,19,3,0.5494349129687401,0,0,0,0.3392857142857143,0,fda_941,Nc1cccc2c1CN([C@@H]1CCC(=O)NC1=O)C2=O,3.51156688,FDA,LENALIDOMIDE,-1,0.0058574025,0.21431385704369763
634.7260000000003,4.570700000000004,117.78000000000004,1,10,9,3,0.4857142857142857,46,6,0.2650263928374025,1,0,1,0.1587142857142854,1,fda_202,COC(=O)[C@H]1[C@H]2C[C@@H]3c4[nH]c5cc(OC)ccc5c4CCN3C[C@H]2C[C@@H](OC(=O)/C=C/c2cc(OC)c(OC)c(OC)c2)[C@@H]1OC,5.17705965,FDA,RESCINNAMINE,-1,0.99622166,0.5561675507863275
739.9370000000004,4.5443000000000024,177.2,4,10,17,3,0.4324324324324324,51,4,0.1438216757397382,1,2,0,0.0,1,fda_2052,CCCCC1(CCCC)CN(c2ccccc2)c2cc(SC)c(OCC(=O)N[C@@H](C(=O)N[C@@H](CC)C(=O)[O-])c3ccc(O)cc3)cc2S(=O)(=O)N1,5.15807867,FDA,ODEVIXIBAT,-1,0.9975274,0.5522715758288048
184.49099999999996,2.3528,9.23,0,1,2,0,1.0,10,0,0.4728712952679373,0,0,0,0.9340714285714286,0,fda_439,FC(F)O[C@@H](Cl)C(F)(F)F,3.16625977,FDA,ISOFLURANE,0,0.01610165,0.14343722932402722
470.4300000000003,0.7486999999999999,147.02,2,8,4,0,0.7272727272727273,32,4,0.5723620946730656,0,1,0,0.0,0,fda_244,C[C@@H]1C[C@H]2[C@@H]3CCC4=CC(=O)C=C[C@]4(C)[C@@]3(F)[C@@H](O)C[C@]2(C)[C@@]1(O)C(=O)COP(=O)([O-])[O-],5.97377634,FDA,DEXAMETHASONE PHOSPHATE,1,0.98797077,0.7196990582469702
697.7780000000002,4.754120000000005,201.30999999999997,6,12,2,2,0.4864864864864865,50,5,0.1430874087072338,3,1,1,0.0,1,fda_1918,CO[C@H]1/C=C/O[C@@]2(C)Oc3c(C)c(O)c4c(O)c(cc(O)c4c3C2=O)NC(=O)/C(C)=C\C=C\[C@H](C)[C@H](O)[C@@H](C)[C@@H](O)[C@@H](C)[C@H](OC(C)=O)[C@@H]1C,4.66103888,FDA,RIFAMYCIN,-1,0.9964837,0.4502507858204754
560.6050000000001,4.4814200000000035,104.45000000000002,1,8,5,4,0.3,41,5,0.3590679168093476,1,0,0,0.2539285714285713,1,fda_2023,C=CC(=O)N1CCN(c2nc(=O)n(-c3c(C)ccnc3C(C)C)c3nc(-c4c(O)cccc4F)c(F)cc23)[C@@H](C)C1,5.90185547,FDA,SOTORASIB,1,0.9979001,0.7049368115956783
285.31,2.65916,78.29,0,5,3,3,0.0588235294117647,22,3,0.7407442417149674,0,0,0,0.4407857142857142,0,fda_792,N#Cc1ccc(C(c2ccc(C#N)cc2)n2cncn2)cc1,4.48934793,FDA,LETROZOLE,-1,0.08254748,0.41501005316951267
1506.2570000000017,-16.419499999999992,811.1400000000006,17,41,30,0,0.935483870967742,91,5,0.0297009767339146,3,2,0,0.0,0,fda_888,CO[C@H]1O[C@H](COS(=O)(=O)O)[C@@H](O[C@@H]2O[C@@H](C(=O)[O-])[C@@H](O[C@H]3O[C@H](COS(=O)(=O)O)[C@@H](O[C@@H]4O[C@H](C(=O)[O-])[C@@H](O[C@H]5O[C@H](COS(=O)(=O)O)[C@@H](O)[C@H](O)[C@H]5NS(=O)(=O)O)[C@H](O)[C@H]4O)[C@H](OS(=O)(=O)O)[C@H]3NS(=O)(=O)O)[C@H](O)[C@H]2OS(=O)(=O)O)[C@H](O)[C@H]1NS(=O)(=O)O,3.82239318,FDA,FONDAPARINUX,-1,0.67249346,0.2781130645102991
309.34700000000004,1.6154400000000002,106.5,1,6,3,2,0.2307692307692307,21,2,0.8632907802604699,0,0,0,0.2392857142857143,0,fda_66,CC(=O)N(c1onc(C)c1C)S(=O)(=O)c1ccc(N)cc1,4.0159874,FDA,SULFISOXAZOLE ACETYL,-1,0.03970312,0.3178495919731132
237.219,-1.2000000000000002,133.45999999999998,4,7,2,1,0.3333333333333333,17,2,0.5101767236496731,0,0,0,0.0467142857142858,0,fda_2135,C[C@H](O)C(=O)C1=Nc2c([nH]c(N)nc2=O)NC1,3.91263318,FDA,SEPIAPTERIN,-1,0.010774205,0.2966354369150348
183.682,2.619800000000001,26.02,1,1,2,1,0.4,12,1,0.7497898295677915,0,0,0,0.8141428571428572,0,fda_343,CC(C)(N)Cc1ccc(Cl)cc1,2.96789718,FDA,CHLORPHENTERMINE,0,0.039646585,0.10272196155864699
434.5040000000002,2.466500000000001,100.90000000000002,2,6,3,0,0.7083333333333334,31,4,0.6621165611785135,0,0,0,0.2792857142857141,0,fda_305,CC(=O)OCC(=O)[C@@]1(O)[C@@H](C)C[C@H]2[C@@H]3CCC4=CC(=O)C=C[C@]4(C)[C@@]3(F)[C@@H](O)C[C@@]21C,5.52024794,FDA,BETAMETHASONE ACETATE,-1,0.99426585,0.6266092763218377
254.26499999999996,0.9562999999999996,62.129999999999995,0,4,3,2,0.2,19,3,0.7662225215846434,0,0,0,0.5562142857142858,0,fda_613,O=C(c1ccccc1)c1ccc2n1CC[C@@H]2C(=O)[O-],3.69562602,FDA,KETOROLAC,-1,0.044238884,0.2520932446276448
156.269,2.439500000000001,20.23,1,1,1,0,1.0,11,1,0.6179494584335714,0,0,0,0.8555,0,fda_952,CC(C)[C@@H]1CC[C@@H](C)C[C@H]1O,4.82243776,FDA,MENTHOL,-1,0.034522437,0.483379001257834
263.384,4.301900000000003,12.03,1,1,4,2,0.2631578947368421,20,3,0.8108521414626005,0,0,0,0.9140714285714284,0,fda_352,CNCCCC1c2ccccc2C=Cc2ccccc21,4.02316046,FDA,PROTRIPTYLINE,-1,0.06680461,0.31932191121736747
494.5750000000004,3.4407000000000023,100.9,2,6,3,0,0.7407407407407407,35,4,0.5832736199916968,0,0,0,0.2792857142857142,0,fda_373,C[C@@H]1C[C@H]2[C@@H]3C[C@H](F)C4=CC(=O)C=C[C@]4(C)[C@@]3(F)[C@@H](O)C[C@]2(C)[C@@]1(O)C(=O)COC(=O)C(C)(C)C,5.4394908,FDA,FLUMETHASONE PIVALATE,-1,0.99589276,0.610033325286583
534.5670000000003,4.490000000000004,119.12999999999998,2,7,3,4,0.3571428571428571,39,6,0.3740380384480267,1,0,0,0.1490714285714287,1,fda_1971,N[C@@H]1c2cccnc2[C@H](OC(=O)N2CCC(n3c(=O)[nH]c4ncccc43)CC2)CC[C@H]1c1cccc(F)c1F,5.46149588,FDA,RIMEGEPANT,-1,0.9969201,0.614550017291858
312.4420000000001,1.74642,30.870000000000005,1,5,1,2,0.3529411764705882,22,4,0.8701892005334668,0,0,0,0.7795,0,fda_759,Cc1cc2c(s1)=Nc1ccccc1NC=2N1CCN(C)CC1,3.76169682,FDA,OLANZAPINE,-1,0.07269006,0.26565472471052176
392.4670000000002,1.8957,94.83,3,5,2,0,0.7272727272727273,28,4,0.667213496992105,0,0,0,0.3226428571428571,0,fda_304,C[C@H]1C[C@H]2[C@@H]3CCC4=CC(=O)C=C[C@]4(C)[C@@]3(F)[C@@H](O)C[C@]2(C)[C@@]1(O)C(=O)CO,6.10218382,FDA,BETAMETHASONE,1,0.98704773,0.7460555649414922
1416.089,1.1679999999999986,424.97999999999985,13,16,38,5,0.4583333333333333,101,6,0.0246745012319409,3,2,0,0.0,1,fda_884,CC(=O)N[C@H](Cc1ccc2ccccc2c1)C(=O)N[C@H](Cc1ccc(Cl)cc1)C(=O)N[C@H](Cc1cccnc1)C(=O)N[C@@H](CO)C(=O)N(C)[C@@H](Cc1ccc(O)cc1)C(=O)N[C@H](CC(N)=O)C(=O)N[C@@H](CC(C)C)C(=O)N[C@@H](CCCCNC(C)C)C(=O)N1CCC[C@H]1C(=O)N[C@H](C)C(N)=O,6.31335306,FDA,ABARELIX,1,0.99649113,0.789399484530422
372.55300000000017,3.8145000000000024,58.2,2,2,1,0,0.8260869565217391,27,4,0.7351466700288802,0,0,0,0.5842857142857143,0,fda_691,CC(C)(C)NC(=O)[C@H]1CC[C@H]2[C@@H]3CC[C@H]4NC(=O)C=C[C@]4(C)[C@H]3CC[C@]12C,5.29110813,FDA,FINASTERIDE,-1,0.99346644,0.5795767752849317
431.94800000000015,2.4335000000000004,118.69,2,6,5,2,0.1333333333333333,26,3,0.7498958613046711,0,0,0,0.1522142857142857,1,fda_276,NS(=O)(=O)c1cc2c(cc1Cl)NC(CSCc1ccccc1)=NS2(=O)=O,4.49675035,FDA,BENZTHIAZIDE,-1,0.94304895,0.41652945011029574
370.587,5.885600000000005,6.48,0,4,4,2,0.4285714285714285,25,4,0.6192081845073194,1,0,0,0.9537142857142856,0,fda_257,CSc1ccc2c(c1)N(CC[C@H]1CCCCN1C)c1ccccc1S2,5.23224974,FDA,THIORIDAZINE,-1,0.98268396,0.5674956913008541
407.37700000000007,1.8184999999999996,111.71,2,7,5,2,0.3888888888888889,29,4,0.782117244605261,0,0,0,0.2020714285714285,1,fda_2155,C[C@H](Nc1ccc2c(c1)OCCn1cc(N3C(=O)OC[C@H]3C(F)F)nc1-2)C(N)=O,4.78204012,FDA,INAVOLISIB,-1,0.9880454,0.47508711149329
314.257,1.7404999999999995,118.05,1,6,4,2,0.0714285714285714,23,3,0.3989019993697669,0,0,0,0.1567857142857142,0,fda_420,O=C1CN(/N=C/c2ccc(-c3ccc([N+](=O)[O-])cc3)o2)C(=O)N1,4.03433371,FDA,DANTROLENE,-1,0.28218642,0.32161529660601135
507.6370000000004,-0.6317999999999957,183.04,4,7,9,1,0.6086956521739131,35,3,0.1933405407869204,1,1,0,0.0,0,fda_811,C[C@@H]1CNc2c(cccc2S(=O)(=O)N[C@@H](CCCN=C(N)N)C(=O)N2CC[C@@H](C)C[C@@H]2C(=O)[O-])C1,4.24864531,FDA,ARGATROBAN,-1,0.93393666,0.3656042069102529
465.9530000000003,3.358100000000002,86.05,2,6,9,2,0.4347826086956521,32,3,0.4360349382366308,0,0,0,0.3853571428571428,1,fda_696,COc1cc(N)c(Cl)cc1C(=O)N[C@H]1CCN(CCCOc2ccc(F)cc2)C[C@@H]1OC,4.61221552,FDA,CISAPRIDE,-1,0.99090564,0.44022945984562517
325.46000000000015,2.2875200000000007,37.190000000000005,0,5,4,2,0.5789473684210527,24,4,0.8642279309285194,0,0,0,0.7343571428571428,0,fda_642,Cc1ccccc1N1CCN(CCc2nnc3n2CCCC3)CC1,4.48225641,FDA,DAPIPRAZOLE,-1,0.8082039,0.4135544705636213
404.42400000000015,-1.3465999999999965,141.86,2,8,6,1,0.3333333333333333,28,3,0.4379382930558762,0,1,0,0.0,0,fda_989,CC(=O)OCC1=C(C(=O)[O-])N2C(=O)[C@@H](NC(=O)[C@H](N)c3ccccc3)[C@H]2SC1,3.71773529,FDA,CEPHALOGLYCIN,-1,0.52093554,0.25663132233749464
473.5420000000003,0.8845999999999998,141.03,2,8,6,0,0.6923076923076923,34,4,0.5418963796193329,0,1,0,0.0,0,fda_223,C[C@H]1C[C@@H]2[C@H]([C@@H](O)C[C@@]3(C)[C@H]2CC[C@]3(O)C(=O)COC(=O)CCC(=O)[O-])[C@@]2(C)C=CC(=O)C=C12,5.41708326,FDA,METHYLPREDNISOLONE SUCCINATE,-1,0.98988146,0.6054340256350537
247.251,-0.4550000000000003,90.37,2,7,2,1,0.5,16,2,0.7349748054075844,0,0,0,0.3544999999999999,0,fda_911,Nc1nc(=O)n([C@@H]2CS[C@H](CO)O2)cc1F,3.42713618,FDA,EMTRICITABINE,-1,0.00422731,0.19698388288819538
383.5170000000001,0.0869000000000016,118.79999999999998,2,7,7,1,0.6666666666666666,23,2,0.6441091760572242,0,0,0,0.1514285714285715,0,fda_805,CCN[C@H]1CN(CCCOC)S(=O)(=O)c2sc(S(N)(=O)=O)cc21,3.5970459,FDA,BRINZOLAMIDE,-1,0.4659232,0.23185900599351866
443.6600000000001,3.515200000000001,99.27,4,5,6,3,0.125,26,3,0.3450818507491446,0,0,0,0.2909285714285714,1,fda_1989,O=C(NOCCO)c1cc2[nH]cnc2c(F)c1Nc1ccc(Br)cc1Cl,5.3770833,FDA,M SELUMETINIB,-1,0.9792594,0.5972237623893252
319.246,3.9277000000000024,16.130000000000003,0,2,5,2,0.3125,19,2,0.8300542359520316,0,0,0,0.8847857142857143,0,fda_207,CN(C)CC[C@@H](c1ccc(Br)cc1)c1ccccn1,4.28443527,FDA,DEXBROMPHENIRAMINE,-1,0.06857987,0.3729503390852375
289.37500000000006,1.9308999999999996,49.77,1,4,4,1,0.5882352941176471,21,3,0.8605899449393155,0,0,0,0.6445000000000001,0,fda_293,CN1[C@@H]2CC[C@H]1C[C@@H](OC(=O)[C@@H](CO)c1ccccc1)C2,4.28346825,FDA,ATROPINE,-1,0.033435293,0.37275185166765296
259.34899999999993,2.5676000000000005,38.33,1,2,4,1,0.5625,19,3,0.9021804790562544,0,0,0,0.7262142857142857,0,fda_933,CCC(=O)NCC[C@@H]1CCc2ccc3c(c21)CCO3,4.01556063,FDA,RAMELTEON,-1,0.10854629,0.3177619945343813
236.29599999999996,2.7321999999999997,66.56,2,3,2,2,0.1818181818181818,16,2,0.621567647628534,0,0,0,0.5245714285714286,0,fda_736,C[C@H](c1cc2ccccc2s1)N(O)C(N)=O,4.11948252,FDA,ZILEUTON,-1,0.15985584,0.33909266771239527
308.425,3.2166000000000015,55.12,2,2,6,2,0.35,23,3,0.8051213486025681,0,0,0,0.6062857142857143,0,fda_624,CC(C)NCCCC1(C(N)=O)c2ccccc2-c2ccccc21,4.5003581,FDA,INDECAINIDE,-1,0.84938115,0.4172699652814303
464.9420000000002,2.0034999999999994,108.61,4,7,9,2,0.5,32,4,0.4201986534095145,0,0,0,0.2242142857142856,1,fda_2058,OC[C@H]1O[C@@H](c2ccc(Cl)c(Cc3ccc(OCCOC4CC4)cc3)c2)[C@H](O)[C@@H](O)[C@@H]1O,4.40689468,FDA,BEXAGLIFLOZIN,-1,0.957655,0.39808596404627705
384.51600000000025,4.425900000000004,52.6,0,4,2,0,0.75,28,4,0.4015627733780324,0,0,0,0.6242857142857143,0,fda_354,C#C[C@]1(OC(C)=O)CC[C@H]2[C@@H]3CCC4=C[C@@H](OC(C)=O)CC[C@@H]4[C@H]3CC[C@@]21C,5.72230673,FDA,ETHYNODIOL DIACETATE,-1,0.9927025,0.6680832142211096
387.44000000000017,1.0567999999999995,103.04,1,8,4,2,0.5263157894736842,28,4,0.8306226664509899,0,0,0,0.2639999999999999,0,fda_569,COc1cc2nc(N3CCN(C(=O)[C@@H]4CCCO4)CC3)nc(N)c2cc1OC,4.42918253,FDA,TERAZOSIN,-1,0.978994,0.4026606965130423
738.3000000000002,3.8344000000000023,156.47,3,11,7,1,0.6,50,4,0.213640453265693,2,1,0,0.0,0,fda_1855,COc1cc2cc(c1Cl)N(C)C(=O)C[C@H](OC(=O)[C@H](C)N(C)C(=O)CCS)[C@]1(C)O[C@H]1[C@H](C)[C@@H]1C[C@@](O)(NC(=O)O1)[C@H](OC)/C=C/C=C(\C)C2,5.63801384,FDA,MAYTANSINE,-1,0.99692374,0.6507815265033412
203.28500000000005,2.9240200000000014,20.31,0,1,3,1,0.3076923076923077,15,1,0.6915773895824666,0,0,0,0.8549285714285714,0,fda_80,C/C=C/C(=O)N(CC)c1ccccc1C,3.76935577,FDA,CROTAMITON,-1,0.1644895,0.26722677617472
249.19199999999995,1.7009,60.36,1,3,2,2,0.0,18,2,0.8807182677718015,0,0,0,0.5688571428571428,0,fda_508,O=C([O-])c1cc(-c2ccc(F)cc2F)ccc1O,4.56976938,FDA,DIFLUNISAL,-1,0.04137045,0.4315171015541408
357.4940000000002,3.342900000000002,49.77,1,4,7,1,0.5909090909090909,26,2,0.6005702926906202,0,0,0,0.6445000000000001,0,fda_441,CCN(CC)CC#CCOC(=O)[C@@](O)(c1ccccc1)C1CCCCC1,4.40480852,FDA,OXYBUTYNIN,-1,0.94009316,0.3976577655487608
500.5540000000002,4.427400000000005,96.22,3,6,12,1,0.5769230769230769,35,2,0.2233331590824295,1,1,0,0.3127142857142856,0,fda_872,CC(C)OC(=O)CCC/C=C\C[C@@H]1[C@@H](/C=C/[C@@H](O)COc2cccc(C(F)(F)F)c2)[C@H](O)C[C@@H]1O,5.66291952,FDA,TRAVOPROST,-1,0.9912122,0.6558935863432479
261.21299999999997,-0.4914000000000005,93.48000000000002,0,7,2,2,0.25,19,3,0.7236431507520212,0,0,0,0.3322857142857142,0,fda_483,CCn1nc(C(=O)[O-])c(=O)c2cc3c(cc21)OCO3,3.81992459,FDA,CINOXACIN,-1,0.012996704,0.2776063696599599
352.47800000000007,3.4082000000000017,55.56,1,4,6,2,0.4090909090909091,26,3,0.6393437724099448,0,0,1,0.6031428571428572,0,fda_190,CCOC(=O)C1(c2ccccc2)CCN(CCc2ccc(N)cc2)CC1,4.15561676,FDA,ANILERIDINE,-1,0.93901354,0.3465094656938015
314.36600000000004,2.9644200000000005,86.19,1,4,3,3,0.0625,22,3,0.8049353387121051,0,0,0,0.3843571428571428,0,fda_886,Cc1onc(-c2ccccc2)c1-c1ccc(S(N)(=O)=O)cc1,4.74627686,FDA,VALDECOXIB,-1,0.11660389,0.46774645967450257
211.261,1.1291999999999998,72.72,4,4,4,1,0.4545454545454545,15,1,0.5632719285067509,0,0,1,0.4805714285714285,0,fda_58,CC(C)NC[C@@H](O)c1ccc(O)c(O)c1,3.11517692,FDA,ISOPROTERENOL,0,0.012416948,0.13295212769287415
321.33700000000016,0.5409999999999998,122.22,1,9,7,2,0.5,23,2,0.733115342152729,0,0,0,0.127,0,fda_722,CC(=O)OCC(CCn1cnc2cnc(N)nc21)COC(C)=O,4.34552431,FDA,FAMCICLOVIR,-1,0.40139657,0.38548927911989833
472.58900000000017,4.466800000000004,67.68,1,7,4,2,0.3571428571428571,35,5,0.6655052785203615,0,0,0,0.5165714285714285,1,fda_2029,C1=N/C2=N/c3ccc(OCCN4CCCC4)c(c3)COC/C=C/COCc3cccc(c3)C(=C1)N2,4.85830879,FDA,PACRITINIB,-1,0.98800766,0.4907417736004919
441.4790000000001,3.835020000000002,101.21,2,5,4,2,0.4736842105263157,30,3,0.7528280893178394,0,0,0,0.2770714285714286,1,fda_1930,Cc1nc(NC(=O)N2CCC[C@H]2C(N)=O)sc1-c1ccnc(C(C)(C)C(F)(F)F)c1,5.69113159,FDA,ALPELISIB,-1,0.9926185,0.6616843051691397
214.246,0.0935999999999998,89.26,2,4,2,1,0.125,14,1,0.6828174314400922,0,0,0,0.3624285714285714,0,fda_27,CC(=O)NS(=O)(=O)c1ccc(N)cc1,3.12694001,FDA,SULFACETAMIDE,0,0.022472007,0.1353665817444081
810.4660000000001,5.7194000000000065,158.12999999999997,2,11,6,0,0.813953488372093,56,4,0.1464409750467884,3,1,0,0.0,0,fda_881,CC[C@@H]1/C=C(/C)C[C@H](C)C[C@H](OC)[C@H]2O[C@@](O)(C(=O)C(=O)N3CCCC[C@H]3C(=O)O[C@H](/C(C)=C/[C@@H]3CC[C@H](Cl)[C@H](OC)C3)[C@H](C)[C@@H](O)CC1=O)[C@H](C)C[C@@H]2OC,6.39873123,FDA,PIMECROLIMUS,1,0.98875636,0.8069239333333347
400.43600000000015,0.5606199999999997,115.57,1,7,4,2,0.3684210526315789,28,4,0.7457264974219424,0,0,0,0.1745000000000001,1,fda_980,Cc1onc(-c2ccccc2)c1C(=O)N[C@@H]1C(=O)N2[C@@H]1SC(C)(C)[C@@H]2C(=O)[O-],5.5854454,FDA,OXACILLIN,-1,0.9856371,0.6399914974428802
510.36700000000013,5.670700000000004,88.05000000000001,3,5,5,4,0.125,33,4,0.3229750184540736,2,0,0,0.3710714285714285,1,fda_1990,CCn1c(=O)c(-c2cc(NC(=O)Nc3ccccc3)c(F)cc2Br)cc2cnc(NC)cc21,6.0365243,FDA,RIPRETINIB,1,0.99738973,0.7325785028697258
261.08899999999994,1.884,41.57,1,2,5,0,1.0,14,1,0.605720669080109,0,0,0,0.7030714285714286,0,fda_629,O=[P@]1(NCCCl)OCCCN1CCCl,3.4949038,FDA,IFOSFAMIDE,-1,0.012118371,0.21089364679137151
373.95300000000015,4.580200000000004,9.72,0,4,4,2,0.4,25,4,0.775124662295156,0,0,0,0.9305714285714286,0,fda_192,CN1CCN(CCCN2c3ccccc3Sc3ccc(Cl)cc32)CC1,4.51681709,FDA,PROCHLORPERAZINE,-1,0.97754544,0.42064828467622
527.4000000000002,4.6342000000000025,85.95,1,7,8,4,0.217391304347826,37,4,0.336518429726495,1,0,0,0.3860714285714285,1,fda_2054,O[C@@](Cn1cnnn1)(c1ccc(F)cc1F)C(F)(F)c1ccc(-c2ccc(OCC(F)(F)F)cc2)cn1,5.1745429,FDA,OTESECONAZOLE,-1,0.9902912,0.5556509707691552
301.47400000000016,4.330500000000004,23.47,1,2,5,1,0.7,22,3,0.8747104302685795,0,0,0,0.8323571428571429,0,fda_74,O[C@@](CCN1CCCCC1)(c1ccccc1)C1CCCCC1,4.41133261,FDA,TRIHEXYPHENIDYL,-1,0.13685638,0.39899687929634514
404.4910000000001,1.7015999999999998,132.79999999999998,4,6,8,2,0.1428571428571428,25,2,0.4887779283307861,0,0,0,0.0514285714285716,1,fda_41,O=[S@](O)CNc1ccc(S(=O)(=O)c2ccc(NC[S@](=O)O)cc2)cc1,4.34451532,FDA,SULFOXONE,-1,0.8383719,0.3852821770749886
331.29699999999997,0.0141000000000005,118.36,3,5,1,1,0.25,20,2,0.6699841555806898,0,0,0,0.1545714285714287,0,fda_265,NS(=O)(=O)c1cc2c(cc1C(F)(F)F)NCNS2(=O)=O,3.29024386,FDA,HYDROFLUMETHIAZIDE,0,0.0057057557,0.16888580520215524
156.20499999999996,-0.4986000000000001,66.15,1,3,2,0,0.875,11,1,0.585865822840209,0,0,0,0.5275,0,fda_582,NC[C@H]1CC[C@H](C(=O)[O-])CC1,3.2575624,FDA,TRANEXAMIC ACID,0,0.0118248,0.16217771374769518
785.8910000000003,6.157840000000009,198.37999999999997,5,13,2,4,0.4418604651162791,57,6,0.1148554830122395,3,1,0,0.0,1,fda_891,CO[C@H]1/C=C/O[C@@]2(C)Oc3c(C)c(O)c4c(O)c(c5c(nc6cc(C)ccn65)c4c3C2=O)NC(=O)/C(C)=C\C=C\[C@H](C)[C@H](O)[C@@H](C)[C@@H](O)[C@@H](C)[C@H](OC(C)=O)[C@@H]1C,5.67262888,FDA,RIFAXIMIN,-1,0.9963408,0.6578864983748487
398.8540000000001,2.670080000000001,119.62000000000002,3,6,6,3,0.2631578947368421,28,3,0.5892234115643401,0,0,0,0.1455714285714284,0,fda_1954,C[C@@H](Cn1ccc(-c2ccc(C#N)c(Cl)c2)n1)NC(=O)c1cc([C@@H](C)O)[nH]n1,5.11074495,FDA,DAROLUTAMIDE,-1,0.9866462,0.5425560085732475
253.26199999999997,-1.3073,130.05,4,7,5,2,0.5,18,2,0.5232780259906572,0,0,0,0.0710714285714284,0,fda_766,Nc1nc(=O)c2ncn(CCC(CO)CO)c2[nH]1,3.68102551,FDA,PENCICLOVIR,-1,0.0036606516,0.24909639086524377
473.40700000000015,7.489800000000005,42.21,1,4,4,3,0.1111111111111111,33,5,0.2749298454816666,1,0,0,0.6985,1,fda_602,CC(C)/N=c1\cc2n(-c3ccc(Cl)cc3)c3ccccc3nc-2cc1Nc1ccc(Cl)cc1,6.73142242,FDA,CLOFAZIMINE,1,0.9931443,0.8752110578563256
415.51000000000033,1.0485000000000009,98.77,1,6,9,1,0.6086956521739131,30,3,0.6055239974450066,0,0,0,0.2944999999999999,0,fda_649,CCOC(=O)[C@H](CCc1ccccc1)N[C@@H](C)C(=O)N1[C@H](C(=O)[O-])C[C@@H]2CCC[C@@H]21,5.21211958,FDA,RAMIPRIL,-1,0.9501504,0.5633638393495364
197.234,0.6959,64.71,2,4,4,1,0.4,14,1,0.7452129480793569,0,0,0,0.5377857142857143,0,fda_360,COc1ccc(OC)c([C@H](O)CN)c1,3.02260327,FDA,M MIDODRINE,0,0.007205632,0.11395075778855598
482.196,2.4667000000000003,90.82,4,5,7,2,0.1875,26,2,0.3599603289691288,0,0,0,0.3512857142857142,1,fda_2134,O=C(NOC[C@H](O)CO)c1ccc(F)c(F)c1Nc1ccc(I)cc1F,5.14293718,FDA,MIRDAMETINIB,-1,0.9653554,0.549163682250097
319.88000000000005,4.810600000000004,28.16,1,3,8,2,0.5,22,2,0.7564117572128701,0,0,0,0.7988571428571428,0,fda_38,CCN(CC)CCC[C@@H](C)Nc1ccnc2cc(Cl)ccc12,4.11860132,FDA,CHLOROQUINE,-1,0.12100781,0.33891179543221955
491.52300000000025,2.7605000000000013,100.27,1,8,10,4,0.2307692307692307,36,4,0.3662651566237892,0,0,0,0.2837857142857142,1,fda_2156,COCc1nn(Cc2ccc(Cn3ccccc3=O)cc2)cc1C(=O)NCc1nccc(OC)c1F,4.95827103,FDA,SEBETRALSTAT,-1,0.9967637,0.5112597017442372
149.237,1.9664,26.02,1,1,2,1,0.4,11,1,0.6831676333388244,0,0,0,0.8141428571428572,0,fda_241,CC(C)(N)Cc1ccccc1,2.9948566,FDA,PHENTERMINE,0,0.0157214,0.10825556547105478
296.414,2.656500000000001,23.550000000000004,0,2,1,1,0.631578947368421,22,6,0.7952497114867856,0,0,0,0.8317857142857142,0,fda_894,O=C1c2cccc3c2[C@H](CCC3)CN1[C@@H]1CN2CCC1CC2,4.92502451,FDA,PALONOSETRON,-1,0.23567367,0.504435627890054
292.3140000000001,2.6911000000000014,66.16,0,4,5,3,0.1111111111111111,22,3,0.7248586740906383,0,0,0,0.5274285714285715,0,fda_554,O=C([O-])CCc1nc(-c2ccccc2)c(-c2ccccc2)o1,4.83206749,FDA,OXAPROZIN,-1,0.25340638,0.48535556869153373
211.26799999999992,1.8039,37.81,1,3,0,2,0.3846153846153846,16,4,0.721762960406491,0,0,0,0.7299285714285715,0,fda_946,c1cnc2cc3c(cc2n1)[C@@H]1CNC[C@H]3C1,4.16373968,FDA,VARENICLINE,-1,0.044666674,0.34817675014918575
558.5630000000002,0.2940000000000011,193.73,6,10,5,1,0.4814814814814814,40,5,0.2161043359903892,2,1,0,0.0,0,fda_1920,CN(C)[C@@H]1C(O)=C(C(N)=O)C(=O)[C@@]2(O)C(O)=C3C(=O)c4c(O)c(NC(=O)CN5CCCC5)cc(F)c4C[C@H]3C[C@@H]12,4.71141958,FDA,ERAVACYCLINE,-1,0.99091035,0.4605917663990577
184.49099999999996,2.3528,9.23,0,1,2,0,1.0,10,0,0.4728712952679373,0,0,0,0.9340714285714286,0,fda_447,FC(F)O[C@H](Cl)C(F)(F)F,3.29838395,FDA,ISOFLURANE,0,0.01610165,0.170556613916562
560.6930000000002,0.9221000000000046,205.84,6,9,23,0,0.8,39,0,0.0595799699294968,2,2,0,0.0,0,fda_368,CC(=O)N(O)CCCCCNC(=O)CCC(=O)N(O)CCCCCNC(=O)CCC(=O)N(O)CCCCCN,4.0449996,FDA,DEFEROXAMINE,-1,0.9770861,0.3238045429115071
285.34299999999996,1.6303,49.77,1,4,0,1,0.5882352941176471,21,5,0.7869335307088955,0,0,0,0.6445,0,fda_568,CN1CC[C@]23c4c5ccc(O)c4O[C@H]2C(=O)CC[C@H]3[C@H]1C5,4.47693443,FDA,HYDROMORPHONE,-1,0.05002323,0.41246209805153633
351.463,2.0738,89.82000000000001,2,5,10,0,0.75,25,2,0.4644720502735788,0,0,0,0.3584285714285714,0,fda_732,CCCCC[C@H](O)/C=C/[C@@H]1[C@H]2C/C(=C/CCCC(=O)[O-])O[C@H]2C[C@H]1O,5.06297827,FDA,EPOPROSTENOL,-1,0.85049057,0.5327515733394506
388.3790000000002,-0.3686999999999991,125.87,1,9,5,2,0.4444444444444444,28,4,0.6927934149607258,0,0,0,0.1009285714285714,0,fda_827,CO/N=C1\CN(c2nc3c(cc2F)c(=O)c(C(=O)[O-])cn3C2CC2)C[C@@H]1CN,4.96975327,FDA,GEMIFLOXACIN,-1,0.95158476,0.5136165094273107
372.5050000000002,4.266700000000004,60.440000000000005,0,4,3,0,0.782608695652174,27,4,0.6943873137939288,0,0,0,0.5682857142857143,0,fda_5,CC(=O)OCC(=O)[C@H]1CC[C@H]2[C@@H]3CCC4=CC(=O)CC[C@]4(C)[C@H]3CC[C@]12C,5.48502398,FDA,DESOXYCORTICOSTERONE ACETATE,-1,0.99049765,0.6193793194879558
1625.9100000000003,-8.450499999999971,692.5600000000001,23,28,43,0,0.8070175438596491,106,1,0.0199113687142699,3,2,0,0.0,0,fda_977,CC[C@@H](C)CCCC(=O)N[C@@H](CCNCS(=O)(=O)O)C(=O)N[C@H](C(=O)N[C@@H](CCNCS(=O)(=O)O)C(=O)N[C@H]1CCNC(=O)[C@H]([C@@H](C)O)NC(=O)[C@H](CCNCS(=O)(=O)O)NC(=O)[C@H](CCNCS(=O)(=O)O)NC(=O)[C@H](CC(C)C)NC(=O)[C@@H](CC(C)C)NC(=O)[C@H](CCNCS(=O)(=O)O)NC1=O)[C@@H](C)O,5.62203407,FDA,COLISTIMETHATE,-1,0.7459222,0.6475015702657301
277.41100000000006,4.211400000000004,12.03,1,1,4,2,0.4,21,5,0.8254375445230729,0,0,0,0.9140714285714284,0,fda_432,CNCCC[C@]12CC[C@H](c3ccccc31)c1ccccc12,4.32737017,FDA,MAPROTILINE,-1,0.17258765,0.38176301868364265
194.274,3.2206000000000023,40.46,2,2,5,1,0.5,14,1,0.7064082483225956,0,0,0,0.7110000000000001,0,fda_298,CCCCCCc1ccc(O)cc1O,3.50459003,FDA,ACRISORCIN,-1,0.06680461,0.2128818112335028
268.27299999999997,-2.708299999999996,98.82,2,6,3,0,0.6363636363636364,19,2,0.5400927830602834,0,0,0,0.2941428571428571,0,fda_697,C[C@@H](CN1CC(=O)NC(=O)C1)N1CC(=O)NC(=O)C1,3.08845592,FDA,DEXRAZOXANE,0,0.003499103,0.12746746110347978
477.56500000000034,2.7160599999999997,112.87,2,7,6,3,0.3461538461538461,35,4,0.5683270046034609,0,0,0,0.1937857142857142,1,fda_2144,COc1cc2c(cc1OC)-c1c/c(=N\c3c(C)cc(C)cc3C)n(CCNC(N)=O)c(=O)n1CC2,6.22741175,FDA,ENSIFENTRINE,1,0.9964839,0.771759447420816
265.35299999999995,1.9891,50.72,2,4,9,1,0.4666666666666667,19,1,0.6704564525308724,0,0,0,0.6377142857142857,0,fda_492,C=CCOc1ccccc1OC[C@@H](O)CNC(C)C,3.2925303,FDA,OXPRENOLOL,0,0.009771319,0.16935511252885171
238.287,1.3510999999999995,75.27000000000001,2,3,5,0,0.5833333333333334,17,1,0.5604883600608829,0,0,0,0.4623571428571428,0,fda_86,C=CCC1([C@H](C)CCC)C(=O)NC(=O)NC1=O,5.19929504,FDA,SECOBARBITAL,-1,0.013268362,0.560731515482078
312.41300000000007,2.5349000000000004,40.620000000000005,0,2,1,1,0.5789473684210527,23,4,0.7993674496203519,0,0,0,0.7098571428571427,0,fda_536,O=C(C1CCCCC1)N1CC(=O)N2CCc3ccccc3[C@@H]2C1,5.67980814,FDA,PRAZIQUANTEL,-1,0.92062247,0.6593600902111785
253.26900000000003,0.8334000000000001,129.62,3,7,1,3,0.0,19,3,0.5851791059173755,0,0,0,0.074142857142857,0,fda_322,Nc1nc(N)c2nc(-c3ccccc3)c(N)nc2n1,4.2437048,FDA,TRIAMTERENE,-1,0.012707283,0.36459013370447585
176.124,-1.4073999999999995,107.22,4,6,2,0,0.5,12,1,0.3850054008235984,0,0,0,0.2341428571428571,0,fda_42,O=C1O[C@H]([C@@H](O)CO)C(O)=C1O,2.76651359,FDA,ASCORBIC ACID,0,0.0031848627,0.06138661304155239
443.63800000000026,3.4707000000000026,43.86000000000001,0,5,5,2,0.391304347826087,30,4,0.6041780809786208,0,0,1,0.6867142857142856,1,fda_376,CN1CCN(CC/C=C2/c3ccccc3Sc3ccc(S(=O)(=O)N(C)C)cc32)CC1,4.98203802,FDA,THIOTHIXENE,-1,0.99181443,0.5161380377340381
357.4940000000002,3.342900000000002,49.77,1,4,7,1,0.5909090909090909,26,2,0.6005702926906202,0,0,0,0.6445000000000001,0,fda_427,CCN(CC)CC#CCOC(=O)[C@](O)(c1ccccc1)C1CCCCC1,5.42539215,FDA,OXYBUTYNIN,-1,0.94009316,0.6071394816950049
248.326,1.9055999999999995,57.279999999999994,3,3,6,2,0.4285714285714285,18,2,0.7315916457547719,0,0,0,0.590857142857143,0,fda_502,CC(C)NC[C@@H](O)COc1cccc2[nH]ccc12,3.08843112,FDA,PINDOLOL,0,0.009628763,0.1274623707351771
628.8139999999999,4.328140000000003,120.0,4,5,15,3,0.4324324324324324,46,4,0.199874123748593,1,1,0,0.1428571428571429,1,fda_870,Cc1cccc(C)c1OCC(=O)N[C@@H](Cc1ccccc1)[C@@H](O)C[C@H](Cc1ccccc1)NC(=O)[C@H](C(C)C)N1CCCNC1=O,5.68978882,FDA,LOPINAVIR,-1,0.9972766,0.6614086925140654
297.423,4.630900000000003,21.26,1,3,6,3,0.2222222222222222,21,3,0.7159243797705694,0,0,0,0.8481428571428572,0,fda_898,CNCC[C@H](Oc1cccc2ccccc12)c1cccs1,3.76293111,FDA,DULOXETINE,-1,0.04467033,0.26590807110940734
265.36,2.6949000000000014,27.63,1,3,5,2,0.2352941176470588,20,3,0.8998200956985529,0,0,0,0.8026428571428572,0,fda_544,c1ccc(CN(CC2=NCCN2)c2ccccc2)cc1,3.6026237,FDA,ANTAZOLINE,-1,0.06680461,0.23300388729670063
240.30999999999997,2.8227,56.73,1,4,2,3,0.2857142857142857,18,3,0.7489707109733231,0,0,0,0.5947857142857143,0,fda_791,CC(C)Cn1cnc2c(N)nc3ccccc3c21,4.50424767,FDA,IMIQUIMOD,-1,0.06680461,0.4180683259201081
234.29499999999996,2.8355000000000015,38.69,1,3,2,1,0.4285714285714285,17,2,0.8547782410682304,0,0,0,0.7236428571428571,0,fda_1885,CC(C)(C)[C@@H](O)/C=C/c1ccc2c(c1)OCO2,3.88244128,FDA,STIRIPENTOL,-1,0.061154053,0.29043834454572476
469.9480000000004,5.1551000000000045,79.38000000000001,2,6,7,3,0.2916666666666667,33,4,0.4654453209405146,1,0,0,0.4329999999999999,1,fda_1924,COc1cc2ncnc(Nc3ccc(F)c(Cl)c3)c2cc1NC(=O)/C=C/CN1CCCCC1,5.41209364,FDA,DACOMITINIB,-1,0.9963051,0.6044098722684965
467.6500000000003,4.413800000000004,62.16,2,5,4,1,0.7931034482758621,34,8,0.686738022566705,0,0,0,0.556,0,fda_506,CO[C@]12CC[C@@]3(C[C@@H]1[C@](C)(O)C(C)(C)C)[C@H]1Cc4ccc(O)c5c4[C@@]3(CCN1CC1CC1)[C@H]2O5,5.50336885,FDA,BUPRENORPHINE,-1,0.9864535,0.6231447285510815
146.238,-1.916999999999998,76.1,4,4,7,0,1.0,10,0,0.3159259759712412,0,0,0,0.4564285714285715,0,fda_575,NCCNCCNCCN,2.86789799,FDA,TRIENTINE,0,0.0026121903,0.08219644917664422
242.23099999999997,-1.5142799999999992,104.54999999999998,3,6,2,1,0.6,17,2,0.5842742137821719,0,0,0,0.2532142857142858,0,fda_951,Cc1cn([C@@H]2C[C@@H](O)[C@H](CO)O2)c(=O)[nH]c1=O,3.35675812,FDA,TELBIVUDINE,-1,0.0031848627,0.18253830845952912
458.55000000000024,3.546000000000002,102.71,2,6,11,2,0.4615384615384615,33,2,0.5339288026419599,0,1,0,0.2663571428571428,1,fda_793,COCc1c(C(C)C)nc(C(C)C)c(/C=C/[C@@H](O)C[C@@H](O)CC(=O)[O-])c1-c1ccc(F)cc1,5.12032938,FDA,CERIVASTATIN,-1,0.99027,0.5445232778745233
279.383,3.9624000000000033,12.47,0,2,3,2,0.2631578947368421,21,3,0.8428637069733037,0,0,0,0.9109285714285714,0,fda_388,CN(C)CC/C=C1/c2ccccc2COc2ccccc21,4.12251091,FDA,DOXEPIN,-1,0.061154053,0.33971426531176113
196.20199999999997,0.6436,52.60000000000001,0,4,0,0,0.8,14,3,0.4212459594629734,0,0,0,0.6242857142857142,0,fda_2087,C[C@@]12C(=O)OC(=O)[C@]1(C)[C@H]1CC[C@@H]2O1,3.59004807,FDA,CANTHARIDIN,-1,0.009689987,0.23042265389594518
460.9830000000001,4.267320000000003,82.36,2,6,8,2,0.3043478260869565,31,3,0.5747649132046131,0,0,0,0.4117142857142857,1,fda_2007,CCC/N=C1\S/C(=C/c2ccc(OC[C@H](O)CO)c(Cl)c2)C(=O)N1c1ccccc1C,5.02977085,FDA,PONESIMOD,-1,0.9722642,0.5259355250256156
164.966,2.0293,9.23,0,1,2,0,1.0,8,0,0.5683931276423007,0,0,0,0.9340714285714286,0,fda_320,COC(F)(F)C(Cl)Cl,3.07437396,FDA,METHOXYFLURANE,0,0.0076145628,0.12457704324766648
392.41100000000023,2.3476,101.65000000000002,2,7,2,3,0.3181818181818182,29,5,0.5079598280970853,0,0,0,0.2739285714285713,0,fda_1992,CCc1c2c(nc3ccc(O)cc13)-c1cc3c(c(=O)n1C2)COC(=O)[C@]3(O)CC,4.8320365,FDA,SN38,-1,0.97531736,0.4853492077837232
359.665,6.037300000000002,37.91,1,3,3,3,0.0714285714285714,21,3,0.5794661724334339,1,0,0,0.7292142857142858,0,fda_1890,CSc1nc2cc(Cl)c(Oc3cccc(Cl)c3Cl)cc2[nH]1,5.56640005,FDA,TRICLABENDAZOLE,-1,0.13026807,0.636082310106017
200.05299999999997,2.4232000000000005,9.23,0,1,2,0,1.0,12,0,0.6216574973922095,0,0,0,0.9340714285714286,0,fda_738,FCOC(C(F)(F)F)C(F)(F)F,3.16174054,FDA,SEVOFLURANE,0,0.019055463,0.14250962669722472
592.7620000000001,6.539440000000007,114.1,1,7,12,3,0.46875,42,5,0.2554754512604677,2,1,0,0.1849999999999999,1,fda_2072,CCCCC1=NC2(CCCC2)C(=O)N1Cc1ccc(-c2ccccc2S(=O)(=O)Nc2noc(C)c2C)c(COCC)c1,5.96400833,FDA,SPARSENTAN,1,0.99095446,0.7176941079048473
161.20099999999996,-1.8064999999999984,60.36,1,3,4,0,0.8571428571428571,11,0,0.4944861326467559,0,0,0,0.5688571428571428,0,fda_562,C[N+](C)(C)C[C@H](O)CC(=O)[O-],3.32736778,FDA,LEVOCARNITINE,-1,0.008613337,0.17650574171992583
263.3809999999999,2.6346000000000007,32.7,1,3,4,1,0.625,19,2,0.9061758690933456,0,0,0,0.7664285714285715,0,fda_714,COc1cccc([C@]2(O)CCCC[C@@H]2CN(C)C)c1,3.94460416,FDA,TRAMADOL,-1,0.034207404,0.3031976975278934
391.39800000000014,0.7468999999999997,103.42,2,7,3,2,0.4736842105263157,28,4,0.7486698204132052,0,0,0,0.2612857142857143,0,fda_779,C[C@@H]1CN(c2c(F)c(N)c3c(=O)c(C(=O)[O-])cn(C4CC4)c3c2F)C[C@H](C)N1,5.53911066,FDA,SPARFLOXACIN,-1,0.98756427,0.6304809776118008
466.3540000000002,-0.5549000000000004,179.37,1,11,8,4,0.1304347826086956,34,4,0.3517687344392013,1,1,0,0.0,1,fda_401,O=C([O-])c1cc(=O)c2c(OCC(O)COc3cccc4oc(C(=O)[O-])cc(=O)c34)cccc2o1,4.44018316,FDA,CROMOLYN,-1,0.9685298,0.4049186504752177
329.3710000000001,3.326500000000002,39.72,1,4,4,2,0.3684210526315789,24,4,0.9339413767145556,0,0,0,0.7162857142857143,0,fda_666,Fc1ccc([C@@H]2CCNC[C@H]2COc2ccc3c(c2)OCO3)cc1,4.88633776,FDA,PAROXETINE,-1,0.8354465,0.4964949099087939
263.38399999999996,3.826400000000003,12.03,1,1,3,2,0.2631578947368421,20,3,0.8299677542138636,0,0,1,0.9140714285714284,0,fda_341,CNCCC=C1c2ccccc2CCc2ccccc21,4.0435853,FDA,NORTRIPTYLINE,-1,0.06680461,0.32351424823850167
428.9240000000002,2.1489000000000003,120.16,4,6,6,3,0.3809523809523809,30,4,0.4771433854195004,0,0,0,0.1417142857142858,1,fda_2109,NC1(C(=O)N[C@@H](CCO)c2ccc(Cl)cc2)CCN(c2ncnc3[nH]ccc23)CC1,4.94924402,FDA,CAPIVASERTIB,-1,0.99394953,0.5094068466808366
393.5060000000001,3.916500000000003,26.79,0,4,5,2,0.4583333333333333,29,5,0.7198069073904806,0,0,0,0.8086428571428571,0,fda_1933,CN1CCN2c3c(cccc31)[C@@H]1CN(CCCC(=O)c3ccc(F)cc3)CC[C@@H]12,5.13787127,FDA,LUMATEPERONE,-1,0.9961887,0.5481238698433054
371.524,5.9961000000000055,12.47,0,2,8,3,0.2307692307692307,28,3,0.4505726789966775,1,0,0,0.9109285714285714,0,fda_473,CC/C(=C(\c1ccccc1)c1ccc(OCCN(C)C)cc1)c1ccccc1,4.74702978,FDA,TAMOXIFEN,-1,0.9518422,0.46790100161411885
315.3690000000001,1.0481999999999998,59.00000000000001,1,5,1,1,0.6111111111111112,23,5,0.839282607029206,0,0,0,0.5785714285714285,0,fda_85,COc1ccc2c3c1O[C@H]1C(=O)CC[C@@]4(O)[C@@H](C2)N(C)CC[C@]314,4.43697548,FDA,OXYCODONE,-1,0.4385923,0.40426025238661817
300.3980000000001,3.5899000000000028,43.370000000000005,0,3,0,0,0.6842105263157895,22,4,0.6421056110726256,0,0,0,0.6902142857142857,0,fda_363,C[C@]12C=CC(=O)C=C1CC[C@@H]1[C@@H]2CC[C@]2(C)OC(=O)CC[C@@H]12,5.67837381,FDA,TESTOLACTONE,-1,0.2797596,0.6590656842447415
376.4680000000002,2.7808000000000015,74.6,2,4,2,0,0.7272727272727273,27,4,0.7771649436279087,0,0,0,0.4671428571428572,0,fda_462,C[C@@H]1C[C@H]2[C@@H]3CCC4=CC(=O)C=C[C@]4(C)[C@@]3(F)[C@@H](O)C[C@]2(C)[C@H]1C(=O)CO,6.27066278,FDA,DESOXIMETASONE,1,0.99424213,0.780637014847106
354.4900000000001,5.645560000000007,35.53,0,3,7,1,0.3478260869565217,26,1,0.3607017438834293,1,0,0,0.7462142857142857,0,fda_590,CCOC(=O)/C=C(C)/C=C/C=C(C)/C=C/c1c(C)cc(OC)c(C)c1C,5.21620178,FDA,ETRETINATE,-1,0.9422495,0.5642017386029783
350.345,0.4611999999999996,77.4,1,6,3,2,0.4117647058823529,25,3,0.8703616805410703,0,0,0,0.447142857142857,0,fda_665,CCn1cc(C(=O)[O-])c(=O)c2cc(F)c(N3CCN[C@H](C)C3)c(F)c21,5.9436183,FDA,LOMEFLOXACIN,1,0.8366264,0.7135089158724477
312.4170000000001,2.3183999999999996,50.16,1,4,2,2,0.5555555555555556,23,4,0.9256729590726124,0,0,0,0.6417142857142857,0,fda_705,CN1[C@@H]2CCC[C@H]1C[C@@H](NC(=O)c1nn(C)c3ccccc13)C2,4.27807236,FDA,GRANISETRON,-1,0.91104263,0.37164430862648506
1029.2779999999996,9.029000000000003,144.9,0,14,28,4,0.5172413793103449,74,6,0.0230912398641023,3,2,0,0.0,1,fda_679,COc1cc2c(cc1OC)[C@@H](Cc1cc(OC)c(OC)c(OC)c1)[N@+](C)(CCCOC(=O)CC/C=C/CCC(=O)OCCC[N@+]1(C)CCc3cc(OC)c(OC)cc3[C@H]1Cc1cc(OC)c(OC)c(OC)c1)CC2,6.02160406,FDA,MIVACURIUM,1,0.9975274,0.7295160223550091
295.8539999999999,4.165200000000003,12.47,0,2,8,1,0.6470588235294118,20,2,0.6676423821298553,0,0,0,0.9109285714285714,0,fda_1942,Clc1ccc(CCCOCCCN2CCCCC2)cc1,3.93507886,FDA,PITOLISANT,-1,0.052560758,0.30124256506039754
284.35699999999997,0.8607999999999998,77.51,0,4,7,1,0.4615384615384615,19,1,0.7437635043017546,0,0,0,0.4463571428571428,0,fda_96,CCCN(CCC)S(=O)(=O)c1ccc(C(=O)[O-])cc1,3.31553459,FDA,PROBENECID,-1,0.04137045,0.17407689916766525
421.49700000000007,4.549300000000003,90.9,3,5,8,3,0.25,31,3,0.3666741867033796,0,0,0,0.3507142857142856,1,fda_2107,CCN(CC)Cc1ccc2cc(COC(=O)Nc3ccc(C(=O)NO)cc3)ccc2c1,4.75404358,FDA,GIVINOSTAT,-1,0.9881891,0.4693406316625712
205.301,2.599600000000001,20.31,0,2,5,1,0.4615384615384615,15,1,0.6885993839924636,0,0,0,0.8549285714285714,0,fda_246,CCN(CC)[C@@H](C)C(=O)c1ccccc1,3.1550796,FDA,DIETHYLPROPION,0,0.11092787,0.14114242355842158
427.36800000000017,3.411500000000002,74.6,2,4,2,0,0.7272727272727273,28,4,0.662817209517144,0,0,0,0.4671428571428572,0,fda_605,C[C@@H]1C[C@H]2[C@@H]3CCC4=CC(=O)C=C[C@]4(C)[C@@]3(Cl)[C@@H](O)C[C@]2(C)[C@@]1(O)C(=O)CCl,5.38094282,FDA,MOMETASONE,-1,0.99644864,0.5980159550615717
720.9620000000001,5.905200000000005,145.77999999999997,4,9,17,4,0.4324324324324324,50,4,0.1062404658591032,2,2,0,0.0,1,fda_774,CC(C)c1nc(CN(C)C(=O)N[C@H](C(=O)N[C@@H](Cc2ccccc2)C[C@H](O)[C@H](Cc2ccccc2)NC(=O)OCc2cncs2)C(C)C)cs1,5.87436056,FDA,RITONAVIR,1,0.9971686,0.6992932947267212
280.415,3.875000000000002,6.48,0,2,4,2,0.3684210526315789,21,3,0.8384623265941307,0,0,0,0.9537142857142856,0,fda_258,CN(C)CCCN1c2ccccc2CCc2ccccc21,4.10155153,FDA,IMIPRAMINE,-1,0.06680461,0.33541221032802476
400.43000000000023,1.0358,86.63,1,7,4,2,0.5238095238095238,29,5,0.8253155684325444,0,0,0,0.3812142857142857,1,fda_854,COc1c(N2C[C@@H]3CCCN[C@@H]3C2)c(F)cc2c(=O)c(C(=O)[O-])cn(C3CC3)c12,5.34965134,FDA,MOXIFLOXACIN,-1,0.9832261,0.5915931664350721
414.58600000000024,5.292900000000006,60.440000000000005,0,4,3,0,0.8076923076923077,30,4,0.5885932991379204,1,0,0,0.5682857142857143,0,fda_6,CC(C)(C)C(=O)OCC(=O)[C@H]1CC[C@H]2[C@@H]3CCC4=CC(=O)CC[C@]4(C)[C@H]3CC[C@]12C,5.9616313,FDA,DESOXYCORTICOSTERONE PIVALATE,1,0.9924136,0.7172062063658707
201.254,2.6864,41.57,1,3,1,3,0.0,14,3,0.6572828314318542,0,0,0,0.7030714285714286,0,fda_361,c1ccc2[nH]c(-c3cscn3)nc2c1,3.51727176,FDA,THIABENDAZOLE,-1,0.06680461,0.2154848223792952
310.8280000000001,4.018900000000002,24.92,1,2,0,2,0.3157894736842105,22,4,0.7947531162646359,0,0,0,0.822,0,fda_865,Clc1ccc2c(c1)CCc1cccnc1C2=C1CCNCC1,5.4936676,FDA,DESLORATADINE,-1,0.2473939,0.6211534811520185
295.379,1.5298999999999996,67.79,2,5,9,1,0.5625,21,1,0.6762987306145708,0,0,0,0.5157857142857143,0,fda_593,COC(=O)CCc1ccc(OC[C@@H](O)CNC(C)C)cc1,3.38152432,FDA,ESMOLOL,-1,0.028534202,0.18762173908286878
309.45300000000003,4.292000000000004,20.31,0,2,7,2,0.3809523809523809,23,2,0.7601212787758543,0,0,0,0.8549285714285714,0,fda_50,CCC(=O)C(C[C@@H](C)N(C)C)(c1ccccc1)c1ccccc1,5.04280901,FDA,METHADONE,-1,0.8427367,0.5286116958477844
163.173,-2.9667999999999988,92.95,5,5,1,0,1.0,11,1,0.2845532670772798,0,0,0,0.3360714285714286,0,fda_1888,OC[C@H]1NC[C@H](O)[C@@H](O)[C@H]1O,2.53449273,FDA,MIGALASTAT,0,0.0027393573,0.013762756940188718
241.266,2.3323,49.36,0,3,4,2,0.1333333333333333,18,2,0.8250239696136488,0,0,0,0.6474285714285715,0,fda_436,C[C@H](C(=O)[O-])c1cccc(Oc2ccccc2)c1,4.25902796,FDA,FENOPROFEN,-1,0.06055608,0.3677353162835689
152.12900000000002,-0.6621000000000001,86.38000000000001,2,4,1,1,0.0,11,1,0.5226981672670166,0,0,0,0.3829999999999999,0,fda_76,Nc1ccc(C(=O)[O-])c(O)c1,4.43743229,FDA,AMINOSALICYLIC ACID,-1,0.010527566,0.4043540157392136
314.4980000000001,4.271100000000003,19.03,1,2,4,2,0.5789473684210527,22,4,0.9085285470025662,0,0,0,0.8640714285714286,0,fda_592,CCCN1C[C@H](CSC)C[C@@H]2c3cccc4[nH]cc(c34)C[C@H]21,5.205235,FDA,PERGOLIDE,-1,0.2473939,0.5619507325830226
328.4120000000001,2.1353999999999997,95.57999999999998,4,4,8,2,0.3157894736842105,24,2,0.5968389616111595,0,0,0,0.3172857142857144,0,fda_535,C[C@H](CCc1ccccc1)NC[C@H](O)c1ccc(O)c(C(N)=O)c1,3.77233624,FDA,LABETALOL,-1,0.78801405,0.2678385378688816
1025.1819999999996,-3.5937000000000214,381.0399999999999,13,11,17,4,0.46,74,5,0.0276794033439763,3,2,0,0.0,1,fda_1940,CCCC[C@H](NC(C)=O)C(=O)N[C@H]1CC(=O)NCCCC[C@H](C(=O)[O-])NC(=O)[C@H](Cc2c[nH]c3ccccc23)NC(=O)[C@H](CCCNC(N)=[NH2+])NC(=O)[C@H](Cc2ccccc2)NC(=O)[C@H](Cc2cnc[nH]2)NC1=O,4.65325356,FDA,BREMELANOTIDE,-1,0.9440573,0.4486527960561796
109.132,0.2460000000000001,64.92999999999999,2,3,0,1,0.0,8,1,0.5014053270919594,0,0,0,0.5362142857142858,0,fda_1887,Nc1ccncc1N,2.84217525,FDA,AMIFAMPRIDINE,0,0.0069009424,0.07691668222684156
465.5170000000001,3.3126000000000015,118.51,2,7,4,4,0.1923076923076923,35,5,0.4465512202139589,0,0,0,0.1535,1,fda_1880,CC#CC(=O)N1CCC[C@H]1c1nc(-c2ccc(C(=O)Nc3ccccn3)cc2)c2c(N)nccn12,5.3621788,FDA,ACALABRUTINIB,-1,0.9979152,0.5941645126164264
341.4510000000001,3.2414000000000023,58.559999999999995,2,4,11,2,0.3809523809523809,25,2,0.4865357366381187,0,1,0,0.5817142857142857,0,fda_573,CCCNC[C@H](O)COc1ccccc1C(=O)CCc1ccccc1,3.5839386,FDA,PROPAFENONE,-1,0.94082993,0.22916864371713805
388.4200000000001,3.201800000000002,107.77,1,7,6,1,0.4,28,2,0.4527860366395833,0,0,0,0.2302142857142856,0,fda_720,COC(=O)C1=C(C)NC(C)=C(C(=O)OCC(C)C)[C@@H]1c1ccccc1[N+](=O)[O-],4.05171728,FDA,NISOLDIPINE,-1,0.9822842,0.3251833923203707
454.8700000000003,5.6381200000000025,107.74,2,7,6,4,0.1363636363636363,32,4,0.3878703691582941,1,0,0,0.2304285714285713,1,fda_1998,COc1cc2nccc(Oc3ccc(NC(=O)Nc4cc(C)on4)c(Cl)c3)c2cc1OC,5.53944159,FDA,TIVOZANIB,-1,0.9957039,0.630548903240124
360.837,4.680000000000004,52.6,0,4,6,2,0.3,25,2,0.5540618915195044,0,0,0,0.6242857142857143,0,fda_584,CC(C)OC(=O)C(C)(C)Oc1ccc(C(=O)c2ccc(Cl)cc2)cc1,4.83714056,FDA,FENOFIBRATE,-1,0.93602526,0.48639685073691596
430.5410000000002,2.7168000000000014,93.06,2,6,4,0,0.76,31,5,0.7124527920741569,0,0,0,0.3352857142857143,0,fda_703,CCC[C@H]1O[C@@H]2C[C@H]3[C@@H]4CCC5=CC(=O)C=C[C@]5(C)[C@H]4[C@@H](O)C[C@]3(C)[C@]2(C(=O)CO)O1,5.57903814,FDA,BUDESONIDE,-1,0.99580693,0.6386763638456509
452.5980000000001,5.483280000000006,53.33,0,4,8,3,0.3333333333333333,34,4,0.4246207896160024,1,0,0,0.6190714285714286,1,fda_297,CCOC(=O)C1(c2ccccc2)CCN(CCC(C#N)(c2ccccc2)c2ccccc2)CC1,5.61976242,FDA,DIPHENOXYLATE,-1,0.99662006,0.6470352986869046
242.702,3.060500000000001,35.53,0,3,4,1,0.4166666666666667,16,1,0.761604620096077,0,0,0,0.7462142857142857,0,fda_362,CCOC(=O)C(C)(C)Oc1ccc(Cl)cc1,4.28367567,FDA,CLOFIBRATE,-1,0.111132,0.37279442603028795
296.20099999999996,-0.8039000000000001,104.55,3,6,2,1,0.6,20,2,0.6622919739385444,0,0,0,0.2532142857142856,0,fda_503,O=c1[nH]c(=O)n([C@H]2C[C@H](O)[C@@H](CO)O2)cc1C(F)(F)F,3.64334559,FDA,TRIFLURIDINE,-1,0.0033886817,0.24136233157423478
229.23500000000004,2.1936,72.55000000000001,2,4,2,2,0.0,17,2,0.4700844073028581,0,0,0,0.4817857142857141,0,fda_78,Nc1ccc(C(=O)Oc2ccccc2)c(O)c1,3.77615166,FDA,PHENYL AMINOSALICYLATE,-1,0.05656778,0.2686216787168479
287.4060000000001,4.697900000000004,3.24,0,1,0,2,0.238095238095238,22,4,0.5791645622326819,0,0,0,0.9768571428571428,0,fda_303,CN1CCC(=C2c3ccccc3C=Cc3ccccc32)CC1,4.4575038,FDA,CYPROHEPTADINE,-1,0.24109873,0.40847382938000887
386.53200000000027,4.655200000000004,60.440000000000005,0,4,2,0,0.7916666666666666,28,4,0.6479725905950843,0,0,0,0.5682857142857143,0,fda_260,CC(=O)O[C@]1(C(C)=O)CC[C@H]2[C@@H]3C[C@H](C)C4=CC(=O)CC[C@]4(C)[C@H]3CC[C@@]21C,6.08828497,FDA,MEDROXYPROGESTERONE ACETATE,1,0.99157155,0.7432027316558366
254.26499999999996,0.9562999999999996,62.129999999999995,0,4,3,2,0.2,19,3,0.7662225215846434,0,0,0,0.5562142857142858,0,fda_617,O=C(c1ccccc1)c1ccc2n1CC[C@H]2C(=O)[O-],3.48551154,FDA,KETOROLAC,-1,0.044238884,0.2089658216867383
540.0210000000002,3.908400000000002,140.13,3,9,9,3,0.3636363636363636,36,3,0.3715984220442472,1,1,0,0.0,1,fda_1905,COC(=O)N[C@@H](C)CNc1nccc(-c2cn(C(C)C)nc2-c2cc(Cl)cc(NS(C)(=O)=O)c2F)n1,5.54770851,FDA,ENCORAFENIB,-1,0.99162287,0.6322457446727499
255.2259999999999,-0.592200000000001,89.98000000000002,0,6,5,0,0.4545454545454545,18,1,0.3702501101980568,0,0,0,0.3572857142857142,0,fda_1952,COC(=O)/C=C/C(=O)OCCN1C(=O)CCC1=O,3.4970665,FDA,DIROXIMEL,-1,0.008829281,0.21133755564331877
423.48900000000026,1.2383999999999993,98.77,1,6,9,2,0.375,31,3,0.6095604955890174,0,0,0,0.2944999999999999,1,fda_643,CCOC(=O)[C@H](CCc1ccccc1)N[C@H]1CCc2ccccc2N(CC(=O)[O-])C1=O,5.17924643,FDA,BENAZEPRIL,-1,0.96215254,0.5566164022216912
309.45300000000003,4.188600000000004,23.47,1,2,6,2,0.4285714285714285,23,3,0.8646915663127632,0,0,0,0.8323571428571429,0,fda_355,OC(CCCN1CCCCC1)(c1ccccc1)c1ccccc1,3.98665118,FDA,DIPHENIDOL,-1,0.67219037,0.3118281337307898
439.3880000000002,-2.714199999999998,218.93999999999997,4,11,9,3,0.2105263157894736,32,3,0.2682562553337798,1,1,0,0.0,1,fda_33,Nc1nc(=O)c2nc(CNc3ccc(C(=O)N[C@@H](CCC(=O)[O-])C(=O)[O-])cc3)cnc2[nH]1,5.64690161,FDA,FOLIC ACID,-1,0.7549291,0.6526058016118034
303.20899999999995,2.0431999999999997,43.37,0,3,9,1,0.5,19,1,0.6557764827441045,0,0,1,0.6902142857142857,0,fda_199,O=C([O-])CCCc1ccc(N(CCCl)CCCl)cc1,4.09892654,FDA,CHLORAMBUCIL,-1,0.052413292,0.3348734133162926
331.305,-5.120199999999996,203.55,6,8,6,0,0.5833333333333334,23,1,0.2029603390289559,1,1,0,0.0,0,fda_844,CC(=O)N[C@H]1[C@H]([C@H](O)[C@H](O)CO)OC(C(=O)[O-])=C[C@@H]1N=C(N)N,3.1032474,FDA,ZANAMIVIR,0,0.082882226,0.1305035127543796
240.35,3.1652000000000013,16.130000000000003,0,2,5,2,0.3125,18,2,0.7977462845021502,0,0,0,0.8847857142857143,0,fda_667,CN(C)CC[C@@H](c1ccccc1)c1ccccn1,3.72244525,FDA,PHENIRAMINE,-1,0.06680461,0.25759807359116715
286.718,2.4479,61.69,2,3,1,2,0.0666666666666666,20,3,0.8457292457729301,0,0,0,0.5593571428571429,0,fda_349,O=C1Nc2ccc(Cl)cc2C(c2ccccc2)=N[C@H]1O,4.33023214,FDA,OXAZEPAM,-1,0.039086897,0.3823504574486158
399.62900000000013,5.0388000000000055,9.72,0,5,6,2,0.4545454545454545,27,4,0.6278219543332592,1,0,0,0.9305714285714286,0,fda_311,CCSc1ccc2c(c1)N(CCCN1CCN(C)CC1)c1ccccc1S2,4.52122641,FDA,THIETHYLPERAZINE,-1,0.9886861,0.4215533275296292
465.5280000000002,1.2958000000000012,137.26000000000002,2,9,7,1,0.5238095238095238,32,3,0.3465790612399167,0,0,0,0.0195714285714284,0,fda_972,CCOC(=O)O[C@@H](C)OC(=O)[C@@H]1N2C(=O)[C@@H](NC(=O)[C@H](N)c3ccccc3)[C@H]2SC1(C)C,4.15328646,FDA,BACAMPICILLIN,-1,0.96383756,0.34603115580445365
572.8750000000001,6.110500000000007,52.6,0,4,4,0,0.9428571428571428,41,6,0.3013327984236265,2,0,0,0.6242857142857143,0,fda_405,CC(=O)O[C@H]1C[C@@H]2CC[C@@H]3[C@H](CC[C@@]4(C)[C@H]3C[C@H]([N+]3(C)CCCCC3)[C@@H]4OC(C)=O)[C@@]2(C)C[C@@H]1[N+]1(C)CCCCC1,5.59231806,FDA,PANCURONIUM,-1,0.99192977,0.6414021575484999
384.6480000000002,7.619000000000008,20.23,1,1,6,0,0.7777777777777778,28,3,0.499104026994848,1,0,0,0.8555,0,fda_824,C=C1CC[C@@H](O)C/C1=C/C=C1\CCC[C@]2(C)[C@@H]([C@H](C)CCCC(C)C)CC[C@@H]12,6.06267786,FDA,CHOLECALCIFEROL,1,0.9654757,0.7379466985482454
367.5060000000001,2.0983000000000005,100.82,3,5,12,0,0.7619047619047619,26,1,0.3621742407294253,0,1,0,0.2798571428571428,0,fda_475,CCCCC[C@@](C)(O)/C=C/[C@@H]1[C@@H](C/C=C\CCCC(=O)[O-])[C@@H](O)C[C@H]1O,5.56158829,FDA,CARBOPROST,-1,0.9108921,0.6350946637114889
292.14000000000004,1.7634,62.2,2,5,1,2,0.1818181818181818,17,3,0.8405283183567286,0,0,0,0.5557142857142857,0,fda_741,Brc1c(NC2=NCCN2)ccc2nccnc12,4.13612223,FDA,BRIMONIDINE,-1,0.014731071,0.34250808111362313
571.5580000000001,3.391200000000002,99.54,0,10,4,3,0.2962962962962963,40,6,0.3447647571414497,1,0,0,0.289,1,fda_1913,COC(=O)OCOc1c2n(ccc1=O)N([C@@H]1c3ccccc3SCc3c1ccc(F)c3F)[C@@H]1COCCN1C2=O,4.55401564,FDA,BALOXAVIR MARBOXIL,-1,0.9962185,0.4282835395079597
352.7700000000001,2.8103000000000007,71.06,0,6,3,1,0.4117647058823529,24,3,0.8326610784751867,0,0,0,0.4924285714285714,0,fda_970,COC1=CC(=O)C[C@@H](C)[C@]12Oc1c(Cl)c(OC)cc(OC)c1C2=O,4.20169878,FDA,GRISEOFULVIN,-1,0.8405514,0.3559681130298219
576.6790000000004,4.8289000000000035,126.39,3,10,9,5,0.3448275862068966,41,6,0.2278686173368841,1,0,0,0.0972142857142857,1,fda_2099,CC(C)(CO)c1cc(NC(=O)Nc2ccc(-c3cn4c(n3)sc3cc(OCCN5CCOCC5)ccc34)cc2)no1,6.31376982,FDA,M QUIZARTINIB,1,0.99579334,0.7894850273487221
1270.2910000000004,-3.9019999999999966,510.14,16,23,18,4,0.4821428571428571,89,7,0.0334396661706397,3,2,0,0.0,1,fda_912,CCCCCOc1ccc(-c2cc(-c3ccc(C(=O)N[C@H]4C[C@@H](O)[C@@H](O)NC(=O)[C@@H]5[C@@H](O)[C@@H](C)CN5C(=O)[C@H]([C@H](O)CC(N)=O)NC(=O)[C@H]([C@H](O)[C@@H](O)c5ccc(O)c(OS(=O)(=O)O)c5)NC(=O)[C@@H]5C[C@@H](O)CN5C(=O)[C@H]([C@@H](C)O)NC4=O)cc3)no2)cc1,5.39892769,FDA,MICAFUNGIN,-1,0.8851878,0.6017074716815934
258.32399999999996,1.3424,82.28,1,5,3,2,0.2222222222222222,16,2,0.9002834195387214,0,0,0,0.4122857142857142,0,fda_217,CCOc1ccc2nc(S(N)(=O)=O)sc2c1,4.03704548,FDA,ETHOXZOLAMIDE,-1,0.008594993,0.32217190580166716
450.4650000000002,2.884500000000002,83.48,1,7,5,2,0.5238095238095238,32,4,0.7500668161155857,0,0,0,0.4037142857142857,1,fda_2082,CCC(=O)N1CC[C@H](Nc2ncnc3c2CN(c2cnc(OC)c(C(F)(F)F)c2)CC3)C1,5.68459702,FDA,LENIOLISIB,-1,0.99635714,0.6603430403304338
231.26099999999997,3.2459000000000024,12.03,1,1,4,1,0.5,16,1,0.8383597745599246,0,0,0,0.9140714285714284,0,fda_1957,CCN[C@H](C)Cc1cccc(C(F)(F)F)c1,3.17509294,FDA,FENFLURAMINE,0,0.06680461,0.14525029741195206
301.3940000000001,2.8145700000000007,85.29,4,3,7,2,0.375,22,2,0.2744576423451118,0,0,0,0.3907857142857143,0,fda_868,[H]/N=C(\NCCCCC)N/N=C/c1c[nH]c2ccc(OC)cc12,4.10594749,FDA,TEGASEROD,-1,0.07859112,0.3363145109507677
198.21799999999996,0.4272000000000001,58.92,2,4,5,1,0.4,14,1,0.7198499687675642,0,0,0,0.5791428571428572,0,fda_848,COc1ccccc1OC[C@H](O)CO,3.75222659,FDA,GUAIFENESIN,-1,0.0050499807,0.2637108957342528
358.39300000000014,0.9455199999999992,77.4,1,6,3,2,0.4736842105263157,26,4,0.8838535055660096,0,0,0,0.447142857142857,0,fda_784,Cc1c(F)c(N2CCN[C@@H](C)C2)cc2c1c(=O)c(C(=O)[O-])cn2C1CC1,4.89221048,FDA,GREPAFLOXACIN,-1,0.95628154,0.4977003255434209
392.4320000000002,-0.075099999999999,126.92,1,6,5,0,0.7368421052631579,28,3,0.6524153404385062,0,0,0,0.0934285714285715,0,fda_2076,O=C([O-])CNC(=O)C1C(=O)N(C2CCCCC2)C(=O)N(C2CCCCC2)C1=O,4.35785246,FDA,DAPRODUSTAT,-1,0.8979469,0.38801971557115544
235.331,1.3403999999999996,58.36,2,3,6,1,0.4615384615384615,17,1,0.7315396930195435,0,0,0,0.5831428571428572,0,fda_83,CCN(CC)CCNC(=O)c1ccc(N)cc1,3.11275768,FDA,PROCAINAMIDE,0,0.04137045,0.13245556226494382
430.7170000000003,8.840260000000002,29.46,1,2,12,1,0.7931034482758621,31,2,0.3586439444789777,1,1,0,0.7895714285714286,0,fda_48,Cc1c(C)c2c(c(C)c1O)CC[C@@](C)(CCC[C@H](C)CCC[C@H](C)CCCC(C)C)O2,5.67899513,FDA,ALPHA-TOCOPHEROL,-1,0.97378266,0.6591932143912674
177.247,1.736,21.26,1,2,1,1,0.4545454545454545,13,2,0.705114488465338,0,0,0,0.8481428571428572,0,fda_189,C[C@H]1NCCO[C@@H]1c1ccccc1,2.94777608,FDA,PHENMETRAZINE,0,0.012756119,0.09859196923381403
389.45900000000034,2.975200000000001,86.66,1,5,11,0,0.9,27,2,0.5491490970247401,0,1,0,0.381,0,fda_944,CCCCC(F)(F)[C@@]1(O)CC[C@H]2[C@@H](CC(=O)[C@@H]2CCCCCCC(=O)[O-])O1,5.79233027,FDA,LUBIPROSTONE,-1,0.9751448,0.6824560210138613
239.315,1.9077999999999995,72.72,4,4,5,1,0.5384615384615384,17,1,0.5922201213727966,0,0,1,0.4805714285714285,0,fda_287,CC[C@H](NC(C)C)[C@@H](O)c1ccc(O)c(O)c1,3.36017609,FDA,ISOETHARINE,-1,0.015202287,0.18323986999774075
391.57200000000023,3.1432,80.59,2,4,4,0,0.9583333333333334,28,4,0.7713900292451946,0,0,0,0.4243571428571429,0,fda_513,C[C@H](CCC(=O)[O-])[C@H]1CC[C@H]2[C@@H]3[C@H](O)C[C@@H]4C[C@H](O)CC[C@]4(C)[C@H]3CC[C@]12C,5.59990501,FDA,CHENODIOL,-1,0.99041814,0.6429594305240773
277.4079999999999,3.0356000000000014,32.7,1,3,5,1,0.6470588235294118,20,2,0.8976823731418612,0,0,0,0.7664285714285715,0,fda_685,COc1ccc([C@@H](CN(C)C)C2(O)CCCCC2)cc1,4.47355413,FDA,VENLAFAXINE,-1,0.04348508,0.4117682685364684
349.31600000000003,2.1769,76.72,1,6,5,3,0.25,25,3,0.7639757614487599,0,0,0,0.4519999999999999,0,fda_874,C[C@@H](c1ncncc1F)[C@](O)(Cn1cncn1)c1ccc(F)cc1F,5.38633871,FDA,VORICONAZOLE,-1,0.8138914,0.5991234981027397
359.47400000000016,1.5539999999999996,69.64000000000001,0,6,6,1,0.6842105263157895,26,3,0.5670068538462075,0,0,0,0.5025714285714284,0,fda_2084,CC1(C)CC(=O)N(CCCCN2CCN(c3ncccn3)CC2)C(=O)C1,5.07533503,FDA,GEPIRONE,-1,0.6517143,0.5352878821873664
167.20799999999997,0.645,52.489999999999995,3,3,3,1,0.3333333333333333,12,1,0.6190573678793356,0,0,0,0.6250714285714286,0,fda_98,CNC[C@H](O)c1cccc(O)c1,2.67670703,FDA,PHENYLEPHRINE,0,0.0110498,0.042953207138313854
274.795,3.818600000000002,16.130000000000003,0,2,5,2,0.3125,19,2,0.8240069237957237,0,0,0,0.8847857142857143,0,fda_79,CN(C)CC[C@@H](c1ccc(Cl)cc1)c1ccccn1,3.86299062,FDA,DEXCHLORPHENIRAMINE,-1,0.06680461,0.2864459645807658
452.49400000000026,2.366800000000001,93.06,2,6,2,0,0.75,32,5,0.6684104451867194,0,0,0,0.3352857142857143,0,fda_312,CC1(C)O[C@@H]2C[C@H]3[C@@H]4C[C@H](F)C5=CC(=O)C=C[C@]5(C)[C@@]4(F)[C@@H](O)C[C@]3(C)[C@]2(C(=O)CO)O1,5.09770346,FDA,FLUOCINOLONE ACETONIDE,-1,0.99378574,0.5398791542459798
299.4340000000001,4.267900000000004,40.129999999999995,0,2,5,0,0.45,22,1,0.5616544918724433,0,0,0,0.7133571428571429,0,fda_530,CC1=C(/C=C/C(C)=C/C=C/C(C)=C\C(=O)[O-])C(C)(C)CCC1,4.68172789,FDA,ISOTRETINOIN,-1,0.26498494,0.45449734552687276
336.4320000000001,2.3655,87.66,3,5,10,1,0.5555555555555556,24,1,0.5710137425129463,0,0,0,0.3738571428571429,0,fda_558,CCCC(=O)Nc1ccc(OC[C@H](O)CNC(C)C)c(C(C)=O)c1,3.68317342,FDA,ACEBUTOLOL,-1,0.7517001,0.24953726396932022
237.29899999999992,1.4525,39.72,1,4,5,1,0.5384615384615384,17,2,0.8411561496817552,0,0,0,0.7162857142857143,0,fda_1995,CCOc1ccccc1OC[C@H]1CNCCO1,3.34951997,FDA,VILOXAZINE,-1,0.00715371,0.18105262905104796
327.8150000000001,3.7714000000000025,28.07,0,4,0,2,0.2777777777777778,23,4,0.736992877851952,0,0,0,0.7995,0,fda_426,CN1CCN(C2=Nc3ccccc3Oc3ccc(Cl)cc32)CC1,4.88066626,FDA,LOXAPINE,-1,0.8275522,0.4953307960447263
169.224,0.6436999999999999,29.54,0,3,1,0,0.8888888888888888,12,3,0.5395192406329529,0,0,0,0.789,0,fda_2127,CC(=O)O[C@H]1CN2CCC1CC2,3.0067358,FDA,ACECLIDINE,0,0.019096462,0.11069385188805764
513.6770000000002,5.950920000000006,63.05,1,5,8,2,0.6896551724137931,37,5,0.473786196640125,2,0,0,0.5496428571428571,1,fda_958,Cc1nnc(C(C)C)n1[C@@H]1C[C@H]2CC[C@@H](C1)N2CC[C@H](NC(=O)C1CCC(F)(F)CC1)c1ccccc1,5.77617645,FDA,MARAVIROC,-1,0.99799216,0.6791403398325774
450.9300000000001,4.265420000000003,88.93,1,6,4,4,0.3043478260869565,32,5,0.5013077252659311,0,0,0,0.3647857142857142,1,fda_2041,COc1ccc(-n2nccn2)c(C(=O)N2CCC[C@@]2(C)c2nc3ccc(Cl)c(C)c3[nH]2)c1,5.59660387,FDA,DARIDOREXANT,-1,0.9960939,0.6422818491362209
350.43600000000015,3.293400000000002,80.67000000000002,1,4,2,1,0.6111111111111112,24,4,0.8279121640505417,0,0,0,0.4237857142857142,0,fda_961,C[C@]12CC[C@@H]3c4ccc(OS(=O)(=O)O)cc4CC[C@H]3[C@@H]1CCC2=O,4.69592047,FDA,ESTROPIPATE,-1,0.95032275,0.45741046888839754
402.48700000000025,2.560600000000001,97.74,1,6,3,0,0.7391304347826086,29,4,0.7288385619310164,0,0,1,0.3018571428571428,0,fda_82,CC(=O)OCC(=O)[C@@]1(O)CC[C@H]2[C@@H]3CCC4=CC(=O)CC[C@]4(C)[C@H]3C(=O)C[C@@]21C,5.65767813,FDA,CORTISONE ACETATE,-1,0.9906709,0.6548177554755787
172.18299999999996,2.0119,34.14,0,2,0,1,0.0909090909090909,13,2,0.5994834910884169,0,0,1,0.7561428571428571,0,fda_8,CC1=CC(=O)c2ccccc2C1=O,3.37217212,FDA,MENADIONE,-1,0.01624153,0.18570213656509874
252.347,0.5973999999999997,88.88999999999999,3,4,5,1,0.5,17,1,0.2346588097545296,0,0,1,0.3650714285714287,0,fda_469,C/N=C(\NC#N)NCCSCc1nc[nH]c1C,3.76303363,FDA,CIMETIDINE,-1,0.012142067,0.2659291140351491
279.081,-2.9024,159.5,1,8,4,1,0.2857142857142857,17,1,0.5738903572100275,0,1,0,0.0,0,fda_812,O=P([O-])([O-])C(O)(Cc1cccnc1)P(=O)([O-])[O-],4.00395346,FDA,RISEDRONATE,-1,0.0036606516,0.3153795441209828
318.43700000000024,2.4562999999999997,46.53,1,3,4,1,0.631578947368421,23,3,0.6850778093160973,0,0,0,0.6676428571428572,0,fda_1900,C[N+]1(C)CC[C@H](OC(=O)[C@@](O)(c2ccccc2)C2CCCC2)C1,4.43907547,FDA,GLYCOPYRRONIUM,-1,0.6916127,0.4046912895854902
352.743,4.086300000000002,32.67,0,2,2,2,0.1764705882352941,24,3,0.8010325134858473,0,0,0,0.7666428571428572,0,fda_451,O=C1CN=C(c2ccccc2)c2cc(Cl)ccc2N1CC(F)(F)F,4.48555231,FDA,HALAZEPAM,-1,0.9028101,0.41423097640591716
652.8319999999999,7.451600000000009,55.38000000000001,0,6,4,4,0.4,48,8,0.2136603529319946,2,0,0,0.6044285714285713,1,fda_71,COc1ccc2cc1Oc1cc3c(cc1OC)CC[N+](C)(C)[C@H]3Cc1ccc(cc1)Oc1c(OC)c(OC)cc3c1[C@@H](C2)[N+](C)(C)CC3,5.21874189,FDA,METOCURINE,-1,0.9908187,0.564723113418681
379.50000000000017,4.361100000000004,38.77,0,4,6,2,0.4583333333333333,28,4,0.7474614915624849,0,0,0,0.7230714285714286,0,fda_783,COc1cc2c(cc1OC)C(=O)[C@@H](CC1CCN(Cc3ccccc3)CC1)C2,4.45661116,FDA,DONEPEZIL,-1,0.98110145,0.40829060896219677
374.5510000000001,3.710140000000002,43.370000000000005,0,5,6,2,0.45,25,3,0.7740779580305664,0,0,0,0.6902142857142857,0,fda_772,Cc1ccsc1C(=CCCN1CCC[C@@H](C(=O)[O-])C1)c1sccc1C,4.81861973,FDA,TIAGABINE,-1,0.983063,0.4825953246896553
479.43400000000014,3.432200000000001,125.26,3,6,7,3,0.2272727272727272,34,3,0.4479676256623823,0,0,0,0.1052857142857143,1,fda_2068,COc1ccc(F)cc1C(=O)NCc1ccc(-c2nn([C@@H](C)C(F)(F)F)c(N)c2C(N)=O)cc1,5.16800165,FDA,PIRTOBRUTINIB,-1,0.9909525,0.5543083348151162
196.18199999999996,-1.2825000000000002,106.61,3,5,3,1,0.2222222222222222,14,1,0.5217043653230261,0,0,1,0.2384999999999999,0,fda_394,N[C@@H](Cc1ccc(O)c(O)c1)C(=O)[O-],3.51116371,FDA,LEVODOPA,-1,0.010774205,0.2142311036651247
245.33,2.3547800000000008,73.1,2,3,2,1,0.4615384615384615,18,1,0.4763426335858048,0,0,0,0.4778571428571428,0,fda_598,C[C@H](N/C(=N/C#N)Nc1ccncc1)C(C)(C)C,3.58416581,FDA,PINACIDIL,-1,0.030037167,0.22921528011157596
1616.6610000000005,-10.960599999999951,713.3399999999999,18,28,35,3,0.5277777777777778,115,4,0.0112517810245193,3,2,0,0.0,1,fda_918,CCCCCCCCCC(=O)N[C@@H](Cc1c[nH]c2ccccc12)C(=O)N[C@H](CC(N)=O)C(=O)N[C@@H](CC(=O)[O-])C(=O)N[C@@H]1C(=O)NCC(=O)N[C@@H](CCCN)C(=O)N[C@@H](CC(=O)[O-])C(=O)N[C@H](C)C(=O)N[C@@H](CC(=O)[O-])C(=O)NCC(=O)N[C@H](CO)C(=O)N[C@@H]([C@H](C)CC(=O)[O-])C(=O)N[C@@H](CC(=O)c2ccccc2N)C(=O)O[C@@H]1C,6.70789099,FDA,DAPTOMYCIN,1,0.9223592,0.870381072155129
325.4280000000001,3.832360000000003,49.36,0,3,6,1,0.2857142857142857,24,1,0.5897491967203508,0,0,0,0.6474285714285715,0,fda_637,COc1cc(C)c(/C=C/C(C)=C/C=C/C(C)=C/C(=O)[O-])c(C)c1C,5.09619904,FDA,ACITRETIN,-1,0.82417136,0.539570361831384
204.314,-0.292599999999999,64.52,4,4,9,0,1.0,14,0,0.3896708755641931,0,0,0,0.5391428571428571,0,fda_371,CC[C@@H](CO)NCCN[C@@H](CC)CO,2.60215378,FDA,ETHAMBUTOL,0,0.0036305045,0.027650646627638234
228.21500000000003,0.1830199999999999,88.83,1,6,1,3,0.1,17,3,0.6415062679916463,0,0,0,0.3655,0,fda_852,Cc1cccn2c(=O)c(-c3nn[nH]n3)cnc12,4.39135599,FDA,PEMIROLAST,-1,0.0075503383,0.39489654247201134
335.4730000000001,2.0687999999999995,65.2,2,3,5,2,0.5294117647058824,23,3,0.8790140987575411,0,0,0,0.5342857142857143,0,fda_797,CNS(=O)(=O)CCc1ccc2[nH]cc(C3CCN(C)CC3)c2c1,4.13905716,FDA,NARATRIPTAN,-1,0.370679,0.3431104954137321
489.65500000000026,4.786400000000004,70.98,3,5,10,2,0.6296296296296297,35,3,0.448987670057991,0,0,0,0.493,1,fda_2104,CCC[C@H](N[C@H]1CCc2cc(F)cc(F)c2C1)C(=O)Nc1cn(C(C)(C)CNCC(C)(C)C)cn1,5.17431259,FDA,NIROGACESTAT,-1,0.99505013,0.5556036980786795
384.24500000000006,0.3605999999999996,124.44,4,6,9,2,0.3684210526315789,28,2,0.4630461526225883,0,0,0,0.1111428571428571,0,fda_920,CC(C)C[C@H](NC(=O)[C@H](Cc1ccccc1)NC(=O)c1cnccn1)B(O)O,5.59994173,FDA,BORTEZOMIB,-1,0.9218139,0.6429669675532741
494.53100000000023,2.9376000000000015,99.13,1,7,3,0,0.7307692307692307,35,5,0.6025729235661365,0,0,0,0.2919285714285713,0,fda_393,CC(=O)OCC(=O)[C@@]12OC(C)(C)O[C@@H]1C[C@H]1[C@@H]3C[C@H](F)C4=CC(=O)C=C[C@]4(C)[C@@]3(F)[C@@H](O)C[C@@]12C,5.36790895,FDA,FLUOCINONIDE,-1,0.9955428,0.5953406647910165
261.089,1.884,41.57000000000001,1,2,5,0,1.0,14,1,0.6057206690801091,0,0,0,0.7030714285714286,0,fda_277,O=[P@]1(N(CCCl)CCCl)NCCCO1,3.3993361,FDA,CYCLOPHOSPHAMIDE,-1,0.012118371,0.19127772780573254
609.7429999999999,6.701000000000008,80.62,2,7,2,4,0.3513513513513513,45,8,0.2449408495712499,2,0,0,0.4241428571428571,1,fda_25,COc1cc2c3cc1Oc1cc(ccc1O)C[C@H]1c4c(cc(OC)c(O)c4Oc4ccc(cc4)C[C@@H]3N(C)CC2)CC[N+]1(C)C,5.8456955,FDA,TUBOCURARINE,1,0.9898941,0.693409596629158
319.31600000000003,-0.6713999999999998,90.29,1,7,3,2,0.4,23,3,0.8067552060436665,0,0,0,0.3550714285714285,0,fda_614,CCn1cc(C(=O)[O-])c(=O)c2cc(F)c(N3CCNCC3)nc21,5.08567381,FDA,ENOXACIN,-1,0.2440295,0.5374099869454632
296.41,4.029500000000003,34.14,0,2,0,0,0.6,22,4,0.6760895538895387,0,0,0,0.7561428571428571,0,fda_795,C=C1C[C@@H]2[C@H](CC[C@]3(C)C(=O)CC[C@@H]23)[C@@]2(C)C=CC(=O)C=C12,5.21221685,FDA,EXEMESTANE,-1,0.30637187,0.5633838046771494
700.7910000000002,4.573200000000004,115.7,1,12,12,5,0.4054054054054054,51,7,0.1999514521531543,2,1,2,0.1735714285714286,1,fda_950,CC[C@@H]([C@H](C)O)n1ncn(-c2ccc(N3CCN(c4ccc(OC[C@@H]5CO[C@@](Cn6cncn6)(c6ccc(F)cc6F)C5)cc4)CC3)cc2)c1=O,5.79132462,FDA,POSACONAZOLE,-1,0.99245465,0.6822496045266182
416.1350000000001,6.454800000000002,27.05,0,3,6,3,0.1666666666666666,25,3,0.4616906207935435,1,0,0,0.8067857142857142,1,fda_422,Clc1ccc(CO[C@@H](Cn2ccnc2)c2ccc(Cl)cc2Cl)c(Cl)c1,4.92705297,FDA,MICONAZOLE,-1,0.94638073,0.504851983070995
487.5070000000004,3.6570000000000022,83.16,1,6,6,3,0.4166666666666667,35,5,0.5716360700489861,0,0,0,0.406,1,fda_1987,CCN1C(=O)N(c2c(F)c(OC)cc(OC)c2F)Cc2cnc3[nH]c(CN4CCOCC4)cc3c21,4.89723158,FDA,PEMIGATINIB,-1,0.98929334,0.4987309403936139
656.6620000000001,2.752900000000001,160.83,3,14,6,3,0.46875,46,8,0.3327956777277973,2,1,0,0.0,1,fda_682,COc1cc([C@@H]2c3cc4c(cc3[C@@H](O[C@@H]3O[C@@H]5CO[C@@H](c6cccs6)O[C@H]5[C@H](O)[C@H]3O)[C@H]3COC(=O)[C@H]23)OCO4)cc(OC)c1O,5.2981348,FDA,TENIPOSIDE,-1,0.9902114,0.581019046988225
443.311,3.386700000000001,97.62,2,7,5,3,0.1176470588235294,31,3,0.3565891422869935,0,0,0,0.3027142857142857,1,fda_1964,O=C(/C=C\n1cnc(-c2cc(C(F)(F)F)cc(C(F)(F)F)c2)n1)NNc1cnccn1,4.78005695,FDA,SELINEXOR,-1,0.9935974,0.4746800523922051
122.12699999999997,0.1805000000000001,55.98,1,2,1,1,0.0,9,1,0.5772627921564857,0,0,0,0.6001428571428571,0,fda_45,NC(=O)c1cccnc1,3.33241582,FDA,NIACINAMIDE,-1,0.022532245,0.1775418861879445
432.60100000000017,4.186400000000005,86.99000000000001,3,5,13,1,0.6538461538461539,31,2,0.2471860765188796,0,1,0,0.378642857142857,0,fda_761,CC(C)OC(=O)CCC/C=C\C[C@@H]1[C@@H](CC[C@@H](O)CCc2ccccc2)[C@H](O)C[C@@H]1O,6.18363047,FDA,LATANOPROST,1,0.9902221,0.7627730425835375
428.6100000000003,5.895800000000007,78.9,0,6,20,0,0.875,30,0,0.1364984176447444,1,1,0,0.4364285714285714,0,fda_1984,CCCCCCC(=O)OCC(COC(=O)CCCCCC)OC(=O)CCCCCC,4.36112595,FDA,TRIHEPTANOIN,-1,0.98041785,0.38869162160886794
354.1,-1.2181000000000002,104.55,3,6,2,1,0.5555555555555556,17,2,0.578029884636738,0,0,0,0.2532142857142856,0,fda_335,O=c1[nH]c(=O)n([C@H]2C[C@H](O)[C@@H](CO)O2)cc1I,3.23320365,FDA,IDOXURIDINE,0,0.007466754,0.1571779150019743
404.4910000000001,3.795500000000003,57.690000000000005,0,3,6,3,0.1304347826086956,29,4,0.5874798137867985,0,0,1,0.5879285714285714,1,fda_238,O=C1C(CC[S@](=O)c2ccccc2)C(=O)N(c2ccccc2)N1c1ccccc1,5.29204798,FDA,SULFINPYRAZONE,-1,0.9891322,0.5797696858756299
270.37600000000003,2.923300000000001,25.36,0,3,6,2,0.3529411764705882,20,2,0.8067475103694609,0,0,0,0.8188571428571428,0,fda_60,CN(C)CCO[C@@](C)(c1ccccc1)c1ccccn1,3.55267072,FDA,DOXYLAMINE,-1,0.04348508,0.2227506991507973
270.354,1.78302,75.27000000000001,2,3,5,1,0.4166666666666667,18,1,0.8008194430489943,0,0,0,0.4623571428571428,0,fda_200,CCCCNC(=O)NS(=O)(=O)c1ccc(C)cc1,3.50896144,FDA,TOLBUTAMIDE,-1,0.044987593,0.21377907280213962
439.8900000000002,1.655,109.57,2,6,4,1,0.4545454545454545,25,2,0.7378988516920792,0,0,0,0.2173571428571429,0,fda_316,CN1[C@@H](CSCC(F)(F)F)Nc2cc(Cl)c(S(N)(=O)=O)cc2S1(=O)=O,4.89165926,FDA,POLYTHIAZIDE,-1,0.862186,0.49758718389762147
277.28399999999993,-0.8278000000000001,130.04999999999998,4,7,2,2,0.4166666666666667,20,3,0.5301148369563783,0,0,0,0.0710714285714286,0,fda_936,C=C1[C@H](CO)[C@@H](O)C[C@@H]1n1cnc2c(=O)nc(N)[nH]c21,3.84922671,FDA,ENTECAVIR,-1,0.003499103,0.28362082864586696
385.5120000000001,2.0881999999999996,69.64000000000001,0,6,6,1,0.7142857142857143,28,4,0.551662995519089,0,0,0,0.5025714285714284,0,fda_542,O=C1CC2(CCCC2)CC(=O)N1CCCCN1CCN(c2ncccn2)CC1,4.5002737,FDA,BUSPIRONE,-1,0.9741983,0.4172526416086582
389.4560000000002,1.3507000000000002,111.83,2,8,8,2,0.5263157894736842,28,3,0.6509374244824966,0,0,0,0.2012142857142856,0,fda_879,COc1cc2nc(N(C)CCCNC(=O)[C@H]3CCCO3)nc(N)c2cc1OC,3.90582776,FDA,ALFUZOSIN,-1,0.93447226,0.29523857827573263
596.7640000000002,6.007220000000003,79.78999999999999,2,5,6,2,0.35,36,3,0.3169009042809569,2,0,0,0.4300714285714286,1,fda_2103,Cc1cc(C2=NO[C@@](c3cc(Cl)c(Cl)c(Cl)c3)(C(F)(F)F)C2)sc1C(=O)NCC(=O)NCC(F)(F)F,5.88928747,FDA,LOTILANER,1,0.9934186,0.7023571443042032
241.2429999999999,0.5302000000000002,91.01,2,5,6,1,0.3636363636363636,17,1,0.757667099994584,0,0,0,0.3499285714285715,0,fda_216,COc1ccccc1OC[C@@H](O)COC(N)=O,3.02611852,FDA,METHOCARBAMOL,0,0.024042888,0.11467228670694857
375.4730000000001,0.5248000000000006,89.87000000000002,1,7,6,1,0.6842105263157895,27,3,0.5727357460576663,0,0,0,0.3580714285714285,0,fda_2089,CC1(C)CC(=O)N(CCCCN2CCN(c3ncccn3)CC2)C(=O)[C@@H]1O,4.47909021,FDA,M GEPIRONE,-1,0.8532385,0.4129045865265217
369.4690000000002,3.4647000000000014,81.93,1,6,7,2,0.6,27,4,0.755913406639335,0,0,0,0.4147857142857142,0,fda_816,O=C1CCc2cc(OCCCCc3nnnn3C3CCCCC3)ccc2N1,5.28919411,FDA,CILOSTAZOL,-1,0.96554947,0.5791839096906265
291.267,-1.85672,149.92,4,9,2,2,0.4166666666666667,21,3,0.5029394812456194,0,1,0,0.0,0,fda_2025,N#C[C@@]1(c2ccc3c(N)ncnn23)O[C@H](CO)[C@@H](O)[C@H]1O,4.24545622,FDA,M REMDESIVIR,-1,0.0030632624,0.36494962454531266
341.4070000000001,1.5254,70.0,2,5,2,1,0.65,25,6,0.8536215236957835,0,0,0,0.5,0,fda_560,O=C1CC[C@@]2(O)[C@H]3Cc4ccc(O)c5c4[C@@]2(CCN3CC2CC2)[C@H]1O5,4.61764145,FDA,NALTREXONE,-1,0.8581625,0.44134316880065644
311.319,1.3108,104.32999999999998,0,7,5,2,0.25,21,2,0.6087930968724747,0,0,0,0.2547857142857144,0,fda_2036,Cn1c([N+](=O)[O-])cnc1COc1ccc(S(C)(=O)=O)cc1,3.82036042,FDA,M FEXINIDAZOLE,-1,0.008936617,0.2776958267251766
285.69100000000003,-0.2974000000000004,119.31000000000002,3,8,2,2,0.5,19,3,0.6481668237451135,0,0,0,0.1477857142857142,0,fda_701,Nc1nc(Cl)nc2c1ncn2[C@H]1C[C@H](O)[C@@H](CO)O1,3.36399293,FDA,CLADRIBINE,-1,0.0042192508,0.18402330231034375
243.308,-0.5378999999999998,81.25999999999999,2,4,5,0,0.8,16,2,0.5018518828602035,0,0,0,0.4195714285714286,0,fda_43,O=C([O-])CCCC[C@@H]1SC[C@@H]2NC(=O)N[C@@H]21,3.55072522,FDA,BIOTIN,-1,0.01103382,0.22235137207285605
192.262,1.58914,55.120000000000005,2,2,2,1,0.3636363636363636,14,1,0.7472361299391438,0,0,0,0.6062857142857143,0,fda_500,Cc1cccc(C)c1NC(=O)[C@@H](C)N,3.48981214,FDA,TOCAINIDE,-1,0.04137045,0.20984854902233016
231.231,0.0883199999999997,75.02000000000001,0,5,2,2,0.25,17,2,0.7335821391572781,0,0,0,0.4641428571428571,0,fda_339,CCn1cc(C(=O)[O-])c(=O)c2ccc(C)nc21,3.54157472,FDA,NALIDIXIC ACID,-1,0.022991966,0.22047316984890286
327.12300000000005,3.859500000000001,92.47,2,4,3,2,0.0,21,2,0.6611804498474478,0,0,0,0.3395,0,fda_532,O=C(Nc1ccc([N+](=O)[O-])cc1Cl)c1cc(Cl)ccc1O,4.91314268,FDA,NICLOSAMIDE,-1,0.16839227,0.5019968016477029
338.77200000000005,0.9242,109.49,3,4,2,2,0.0714285714285714,22,3,0.7560395435859316,0,0,0,0.2179285714285713,0,fda_284,NS(=O)(=O)c1cc([C@@]2(O)NC(=O)c3ccccc32)ccc1Cl,4.73603201,FDA,CHLORTHALIDONE,-1,0.027587745,0.46564363468635245
191.27399999999992,2.0782,12.47,0,2,1,1,0.5,14,2,0.6735555473027665,0,0,0,0.9109285714285714,0,fda_281,C[C@H]1[C@H](c2ccccc2)OCCN1C,2.92638588,FDA,PHENDIMETRAZINE,0,0.014325303,0.09420148552136082
375.4450000000003,0.2699000000000013,98.77,1,6,9,1,0.55,27,2,0.6222732170062923,0,0,0,0.2944999999999999,0,fda_564,CCOC(=O)[C@H](CCc1ccccc1)N[C@@H](C)C(=O)N1CCC[C@H]1C(=O)[O-],4.00977421,FDA,ENALAPRIL,-1,0.8795765,0.3165742925604205
278.30400000000003,-2.3393999999999986,127.20000000000002,2,8,7,0,1.0,16,0,0.495902415190424,0,0,0,0.0914285714285713,0,fda_2120,CS(=O)(=O)OC[C@H](O)[C@@H](O)COS(C)(=O)=O,4.2070632,FDA,TREOSULFAN,-1,0.001822895,0.3570691966399218
479.5330000000002,3.677800000000002,111.01,1,8,9,2,0.3076923076923077,35,3,0.329448552641207,0,0,0,0.2070714285714286,1,fda_601,COC(=O)C1=C(C)NC(C)=C(C(=O)OCCN(C)Cc2ccccc2)[C@H]1c1cccc([N+](=O)[O-])c1,4.72573423,FDA,NICARDIPINE,-1,0.9910847,0.4635299454564983
429.6040000000001,5.406500000000006,40.54,1,3,2,1,0.5517241379310345,32,5,0.6395257442251707,1,0,1,0.7104285714285714,0,fda_781,CC#C[C@]1(O)CC[C@H]2[C@@H]3CCC4=CC(=O)CCC4=C3[C@@H](c3ccc(N(C)C)cc3)C[C@@]21C,5.43756533,FDA,MIFEPRISTONE,-1,0.9938646,0.6096381095020734
1312.481000000001,-3.904800000000021,489.65999999999974,18,14,33,6,0.421875,95,8,0.010638720421724,3,2,0,0.0,1,fda_2,CC(C)C[C@H](NC(=O)[C@@H](Cc1c[nH]c2ccccc12)NC(=O)[C@H](Cc1ccc(O)cc1)NC(=O)[C@H](CO)NC(=O)[C@H](Cc1c[nH]c2ccccc12)NC(=O)[C@H](Cc1c[nH]cn1)NC(=O)[C@@H]1CCC(=O)N1)C(=O)N[C@@H](CCCNC(N)=[NH2+])C(=O)N1CCC[C@H]1C(=O)NCC(N)=O,6.75941277,FDA,TRIPTORELIN,1,0.93830025,0.8809562671475367
216.28199999999995,-0.7068000000000001,60.44,1,4,3,0,0.7777777777777778,14,1,0.6341732873757703,0,0,0,0.5682857142857143,0,fda_504,C[C@H](CS)C(=O)N1CCC[C@H]1C(=O)[O-],3.53218269,FDA,CAPTOPRIL,-1,0.010355145,0.21854539195333053
436.5200000000002,2.498700000000001,93.06,2,6,2,0,0.8333333333333334,31,5,0.6910281010512151,0,0,0,0.3352857142857143,0,fda_313,CC1(C)O[C@@H]2C[C@H]3[C@@H]4C[C@H](F)C5=CC(=O)CC[C@]5(C)[C@H]4[C@@H](O)C[C@]3(C)[C@]2(C(=O)CO)O1,5.75183249,FDA,FLURANDRENOLIDE,-1,0.9934216,0.6741435768347273
487.5090000000003,0.1138000000000017,173.85999999999996,5,10,5,1,0.4583333333333333,35,4,0.2832962279442589,0,1,0,0.0,0,fda_1893,CON(C)Cc1ccc(O)c2c1C[C@H]1C[C@H]3[C@H](N(C)C)C(O)=C(C(N)=O)C(=O)[C@@]3(O)C(O)=C1C2=O,4.7681632,FDA,SARECYCLINE,-1,0.9827892,0.47223877948896026
332.5280000000001,4.985300000000005,37.3,1,2,1,0,0.9545454545454546,24,4,0.7346190222392027,0,0,0,0.7335714285714285,0,fda_2055,CC(=O)[C@H]1CC[C@H]2[C@@H]3CC[C@H]4C[C@](C)(O)CC[C@]4(C)[C@H]3CC[C@]12C,5.46343231,FDA,GANAXOLONE,-1,0.93929356,0.6149474826907465
390.5000000000002,2.3896000000000006,72.83,1,5,7,1,0.6363636363636364,28,3,0.5716865560890511,0,0,0,0.4797857142857142,0,fda_2100,CCOC(=O)C[N@@+]1(C)CC[C@@H](OC(=O)[C@](O)(c2ccccc2)C2CCCC2)C1,4.01058722,FDA,SOFPIRONIUM,-1,0.97453487,0.31674116838033156
434.5040000000002,2.466500000000001,100.90000000000002,2,6,3,0,0.7083333333333334,31,4,0.6621165611785135,0,0,0,0.2792857142857141,0,fda_245,CC(=O)OCC(=O)[C@@]1(O)[C@H](C)C[C@H]2[C@@H]3CCC4=CC(=O)C=C[C@]4(C)[C@@]3(F)[C@@H](O)C[C@@]21C,6.08486557,FDA,DEXAMETHASONE ACETATE,1,0.99426585,0.7425008766004204
359.4860000000001,2.2066000000000003,80.59,2,4,8,0,0.6818181818181818,26,2,0.3954988979456659,0,0,0,0.4243571428571429,0,fda_932,CC#CC[C@H](C)[C@H](O)/C=C/[C@@H]1[C@H]2C/C(=C/CCCC(=O)[O-])C[C@H]2C[C@H]1O,5.57102585,FDA,ILOPROST,-1,0.9234056,0.637031786948546
362.215,-3.1522999999999985,204.11,6,12,0,1,0.6,24,4,0.1998844342521052,2,1,0,0.0,0,fda_2013,Nc1nc(=O)c2c([nH]1)N[C@@H]1O[C@@H]3CO[P@](=O)([O-])O[C@@H]3C(O)(O)[C@@H]1N2,3.83461261,FDA,FOSDENOPTERIN,-1,0.29549155,0.2806211854437388
337.46300000000014,4.221000000000004,46.260000000000005,1,3,0,1,0.6818181818181818,25,5,0.7210430866196731,0,0,0,0.6695714285714285,0,fda_435,C#C[C@]1(O)CC[C@H]2[C@@H]3CCC4=Cc5oncc5C[C@]4(C)[C@H]3CC[C@@]21C,5.41800165,FDA,DANAZOL,-1,0.90308183,0.6056225314151156
203.2069999999999,2.5951000000000013,26.02,1,1,2,1,0.4,14,1,0.7850522858404502,0,0,0,0.8141428571428572,0,fda_1960,C[C@@H](N)Cc1cccc(C(F)(F)F)c1,3.59660029,FDA,M FENFLURAMINE,-1,0.039646585,0.231767541516931
645.3190000000002,6.936200000000007,42.68,0,4,11,3,0.4,31,3,0.1676472462674973,2,1,0,0.6951428571428571,1,fda_563,CCCCc1oc2ccccc2c1C(=O)c1cc(I)c(OCCN(CC)CC)c(I)c1,6.17877388,FDA,AMIODARONE,1,0.9913624,0.7617761945272751
496.34000000000015,5.2112000000000025,102.04,3,5,4,4,0.0869565217391304,32,4,0.3610633995023453,1,0,0,0.2711428571428571,1,fda_1991,CCn1c(=O)c(-c2cc(NC(=O)Nc3ccccc3)c(F)cc2Br)cc2cnc(N)cc21,5.71052885,FDA,M RIPRETINIB,-1,0.99738973,0.6656657244217049
1409.3979999999997,2.422720000000007,330.55,7,27,23,1,0.6491228070175439,87,7,0.0271960217360628,3,2,0,0.0,0,fda_1854,CCN(C(C)=O)[C@H]1CO[C@@H](O[C@H]2[C@H](O[C@H]3C#C/C=C\C#C[C@]4(O)CC(=O)C(NC(=O)[O-])=C3/C4=C\CCSSSC)O[C@H](C)[C@@H](NO[C@H]3C[C@H](O)[C@H](SC(=O)c4c(C)c(I)c(O[C@@H]5O[C@@H](C)[C@H](O)[C@@H](OC)[C@H]5O)c(OC)c4OC)[C@@H](C)O3)[C@@H]2O)C[C@@H]1OC,5.82127619,FDA,CALICHEAMICIN,1,0.9951609,0.6883973675324527
214.051,3.2472000000000003,33.120000000000005,1,2,0,2,0.0,13,2,0.7295228001546942,0,0,0,0.7634285714285713,0,fda_444,Oc1c(Cl)cc(Cl)c2cccnc12,3.37660909,FDA,CHLOROXINE,-1,0.06680461,0.18661285476865191
457.68700000000024,3.5256000000000016,88.41000000000001,3,6,6,3,0.1764705882352941,27,3,0.3892856543093889,0,0,0,0.3684999999999999,1,fda_1988,Cn1cnc2c(F)c(Nc3ccc(Br)cc3Cl)c(C(=O)NOCCO)cc21,5.28547049,FDA,SELUMETINIB,-1,0.98555815,0.5784196114156517
189.22399999999996,0.1577000000000001,9.03,0,1,3,0,1.0,11,3,0.4613795142561899,0,0,0,0.9355,0,fda_248,S=P(N1CC1)(N1CC1)N1CC1,3.06500411,FDA,THIOTEPA,0,0.0054393886,0.12265381794761644
588.5620000000004,1.3385999999999991,160.83,3,13,5,2,0.5517241379310345,42,7,0.4298292584463983,2,1,0,0.0,1,fda_551,COc1cc([C@@H]2c3cc4c(cc3[C@@H](O[C@@H]3O[C@@H]5CO[C@@H](C)O[C@H]5[C@H](O)[C@H]3O)[C@H]3COC(=O)[C@H]23)OCO4)cc(OC)c1O,5.15959406,FDA,ETOPOSIDE,-1,0.9659669,0.5525826199103475
254.329,4.391600000000004,40.46,2,2,3,2,0.1764705882352941,19,2,0.7973006402836676,0,0,0,0.7110000000000001,0,fda_2045,CC(C)c1c(O)cc(/C=C/c2ccccc2)cc1O,3.65908813,FDA,TAPINAROF,-1,0.06680461,0.24459359474440825
284.74600000000004,2.6092000000000004,35.830000000000005,1,3,1,2,0.1875,20,4,0.8737077174467992,0,0,0,0.7440714285714285,0,fda_409,O[C@@]1(c2ccc(Cl)cc2)c2ccccc2C2=NCCN21,3.35882115,FDA,MAZINDOL,-1,0.10349858,0.1829617593675759
343.471,3.4853000000000023,54.46,1,4,10,2,0.5,25,2,0.6711145343894273,0,0,0,0.611,0,fda_52,CCCCOc1cc(C(=O)NCCN(CC)CC)c2ccccc2n1,3.99827504,FDA,DIBUCAINE,-1,0.94270027,0.31421400987995324
454.6110000000002,5.093080000000005,63.95,0,6,13,2,0.5185185185185185,33,2,0.4199048761764639,1,1,0,0.5432142857142856,1,fda_505,COc1ccc(CCN(C)CCC[C@@](C#N)(c2ccc(OC)c(OC)c2)C(C)C)cc1OC,5.26226759,FDA,VERAPAMIL,-1,0.9747019,0.5736570587264913
321.163,3.1013000000000015,61.69,2,3,1,2,0.0666666666666666,21,3,0.847697894583369,0,0,0,0.5593571428571429,0,fda_455,O=C1Nc2ccc(Cl)cc2C(c2ccccc2Cl)=N[C@@H]1O,4.62039804,FDA,LORAZEPAM,-1,0.07299761,0.4419089776054789
348.4040000000001,-1.016599999999999,115.56,2,6,4,1,0.4375,24,3,0.673352601542185,0,0,0,0.1745714285714286,0,fda_973,CC1(C)S[C@@H]2[C@H](NC(=O)[C@H](N)c3ccccc3)C(=O)N2[C@H]1C(=O)[O-],4.48612928,FDA,AMPICILLIN,-1,0.59782207,0.41434940341396637
924.1699999999996,2.493300000000011,215.1,2,11,27,1,0.673469387755102,66,3,0.0966394859664058,2,2,0,0.0,0,fda_2027,CC[C@H](C)[C@@H]([C@@H](CC(=O)N1CCC[C@H]1[C@H](OC)[C@@H](C)C(=O)N[C@@H](Cc1ccccc1)C(=O)[O-])OC)N(C)C(=O)[C@@H](NC(=O)[C@H](C(C)C)N(C)C(=O)CCCCCN1C(=O)C=CC1=O)C(C)C,6.30364466,FDA,MAFODOTIN,1,0.990209,0.7874067695453362
498.5860000000002,6.507320000000005,78.09,2,3,4,5,0.09375,38,6,0.296607059728768,1,0,0,0.4422142857142856,1,fda_927,Cc1nc2c([nH]1)CCN(C(=O)c1ccc(NC(=O)c3ccccc3-c3ccccc3)cc1)c1ccccc1-2,6.06403399,FDA,CONIVAPTAN,1,0.9974164,0.7382250534339861
267.31,1.67444,98.22,2,5,3,2,0.1818181818181818,18,2,0.8241959038664723,0,0,0,0.2984285714285715,0,fda_65,Cc1noc(NS(=O)(=O)c2ccc(N)cc2)c1C,3.54450631,FDA,SULFISOXAZOLE,-1,0.012793813,0.22107489859134527
184.147,2.9140000000000015,35.53,0,3,4,0,1.0,11,0,0.6298693189390489,0,0,0,0.7462142857142857,0,fda_198,CC(C)OP(=O)(F)OC(C)C,4.15343142,FDA,ISOFLUROPHATE,-1,0.037631944,0.3460609098282102
488.01700000000034,3.3135400000000015,106.51,3,9,7,3,0.3636363636363636,33,4,0.4657173060978848,0,0,0,0.2392142857142858,1,fda_947,Cc1nc(Nc2ncc(C(=O)Nc3c(C)cccc3Cl)s2)cc(N2CCN(CCO)CC2)n1,6.06644487,FDA,DASATINIB,1,0.99728644,0.738719902915182
389.4110000000002,2.2112999999999996,74.87,1,4,1,3,0.2727272727272727,29,6,0.6925587527204075,0,0,1,0.4652142857142857,0,fda_893,CN1CC(=O)N2[C@H](c3ccc4c(c3)OCO4)c3[nH]c4ccccc4c3C[C@@H]2C1=O,4.96295786,FDA,TADALAFIL,-1,0.97439754,0.5122217054084405
276.38,1.96282,45.33,1,3,3,1,0.6875,20,3,0.917711580112694,0,0,0,0.6762142857142857,0,fda_408,CCc1c(C)[nH]c2c1C(=O)[C@H](CN1CCOCC1)CC2,3.86454892,FDA,MOLINDONE,-1,0.01677472,0.2867658162310129
386.8010000000001,5.026200000000003,15.6,0,2,2,2,0.1764705882352941,25,3,0.5313446230748395,1,0,0,0.8885714285714286,0,fda_538,Fc1ccccc1C1=NCC(=S)N(CC(F)(F)F)c2ccc(Cl)cc21,5.102736,FDA,QUAZEPAM,-1,0.9587419,0.5409121172338093
224.216,-0.7090799999999999,84.32,2,5,2,1,0.4,16,2,0.6498890462135971,0,0,0,0.3977142857142858,0,fda_728,Cc1cn([C@H]2C=C[C@@H](CO)O2)c(=O)[nH]c1=O,3.50565267,FDA,STAVUDINE,-1,0.0032949927,0.21309992530500285
602.6750000000001,7.325500000000007,105.59000000000002,2,6,11,3,0.3548387096774194,42,4,0.2228367630279578,2,1,0,0.2457857142857141,1,fda_938,CCC[C@@]1(CCc2ccccc2)CC(O)=C([C@H](CC)c2cccc(NS(=O)(=O)c3ccc(C(F)(F)F)cn3)c2)C(=O)O1,6.38165617,FDA,TIPRANAVIR,1,0.9947089,0.8034191613901476
167.197,0.5976899999999998,83.38,3,4,0,2,0.0,11,2,0.5014913838271434,0,0,0,0.4044285714285714,0,fda_295,Nc1nc(=S)c2[nH]cnc2[nH]1,4.67185402,FDA,THIOGUANINE,-1,0.010888473,0.4524706667013413
327.3800000000001,1.3014,70.0,2,5,2,1,0.5263157894736842,24,5,0.8015195132508509,0,0,0,0.5,0,fda_379,C=CCN1CC[C@]23c4c5ccc(O)c4O[C@H]2C(=O)CC[C@@]3(O)[C@H]1C5,4.48622322,FDA,NALOXONE,-1,0.6465339,0.4143686852364808
528.537,6.576100000000006,58.2,2,2,2,1,0.6296296296296297,37,5,0.4265424696021493,2,0,0,0.5842857142857143,0,fda_883,C[C@]12C=CC(=O)N[C@@H]1CC[C@@H]1[C@@H]2CC[C@]2(C)[C@@H](C(=O)Nc3cc(C(F)(F)F)ccc3C(F)(F)F)CC[C@@H]12,5.12271452,FDA,DUTASTERIDE,-1,0.99804187,0.5450128440460373
480.53200000000027,5.093520000000003,110.85,2,10,5,5,0.1923076923076923,36,6,0.3577237568173836,1,0,0,0.2082142857142856,1,fda_1982,Cc1cc(Nc2ncnc3ccc(NC4=NC(C)(C)CO4)cc23)ccc1Oc1ccn2ncnc2c1,6.28526926,FDA,TUCATINIB,1,0.9884757,0.7836350939925217
326.60900000000004,7.800600000000008,20.23,1,1,20,0,1.0,23,0,0.226191976485649,1,1,0,0.8555,0,fda_829,CCCCCCCCCCCCCCCCCCCCCCO,6.02245951,FDA,DOCOSANOL,1,0.62918276,0.7296916092729351
165.236,1.3279,32.26,2,2,3,1,0.4,12,1,0.7078187228911748,0,0,0,0.7695714285714286,0,fda_292,CN[C@@H](C)[C@@H](O)c1ccccc1,3.02405548,FDA,PSEUDOEPHEDRINE,0,0.0128422035,0.11424883374633393
356.44700000000006,3.159600000000001,68.28999999999999,1,5,7,2,0.3157894736842105,25,3,0.8252539098127764,0,0,0,0.5122142857142857,0,fda_825,CCc1ccc(CCOc2ccc(C[C@@H]3SC(=O)NC3=O)cc2)nc1,5.06700897,FDA,PIOGLITAZONE,-1,0.8690423,0.533578901868393
324.4240000000001,3.173200000000002,45.59,1,4,4,2,0.45,24,5,0.8776016184783941,0,0,0,0.6743571428571429,0,fda_89,C=C[C@H]1CN2CC[C@H]1C[C@@H]2[C@@H](O)c1ccnc2ccc(OC)cc12,4.87880707,FDA,QUINIDINE,-1,0.8532858,0.49494918468001925
299.4340000000001,4.267900000000004,40.129999999999995,0,2,5,0,0.45,22,1,0.5616544918724433,0,0,0,0.7133571428571429,0,fda_819,CC1=C(/C=C/C(C)=C\C=C\C(C)=C\C(=O)[O-])C(C)(C)CCC1,4.9996953,FDA,ALITRETINOIN,-1,0.26498494,0.519762314283403
441.57500000000016,1.9828999999999997,104.81,2,6,11,2,0.3684210526315789,29,2,0.5525349937837031,0,1,0,0.2513571428571428,1,fda_826,CN(CCOc1ccc(NS(C)(=O)=O)cc1)CCc1ccc(NS(C)(=O)=O)cc1,3.95909572,FDA,DOFETILIDE,-1,0.8854446,0.30617218856341616
474.56500000000017,1.8447999999999996,144.89999999999998,6,4,10,4,0.2692307692307692,35,4,0.1538534475464151,1,1,0,0.0,1,fda_1857,CC(C)(N)C(=O)N[C@H](Cc1c[nH]c2ccccc12)C(=O)N[C@H](Cc1c[nH]c2ccccc12)NC=O,4.53796101,FDA,MACIMORELIN,-1,0.9952989,0.42498821774731865
303.681,-0.3494000000000002,119.31000000000002,3,8,2,2,0.5,20,3,0.648649936215886,0,0,0,0.1477857142857142,0,fda_925,Nc1nc(Cl)nc2c1ncn2[C@@H]1O[C@H](CO)[C@@H](O)[C@@H]1F,3.77245831,FDA,CLOFARABINE,-1,0.0043391073,0.2678635935647975
329.741,0.556,125.46,2,6,5,2,0.0833333333333333,21,2,0.824921814412653,0,0,0,0.1038571428571427,0,fda_369,NS(=O)(=O)c1cc(C(=O)[O-])c(NCc2ccco2)cc1Cl,4.59998417,FDA,FUROSEMIDE,-1,0.036494344,0.4377188922512915
571.5590000000001,6.662700000000005,109.06,1,8,6,6,0.1612903225806451,42,6,0.2380332320104602,2,0,0,0.2209999999999999,1,fda_2001,CC(C)Oc1ccc(-c2nn([C@@H](C)c3oc4ccc(F)cc4c(=O)c3-c3cccc(F)c3)c3ncnc(N)c23)cc1F,6.30315447,FDA,UMBRALISIB,1,0.99097943,0.7873061547212108
60.07999999999999,-2.9811000000000005,77.63,3,0,0,0,0.0,4,0,0.2059078383213915,0,0,0,0.4455,0,fda_7,NC(N)=[NH2+],3.81651497,FDA,GUANIDINE,-1,0.0035682959,0.27690652201591476
507.7370000000003,3.866800000000003,109.85,3,7,5,0,0.8571428571428571,35,4,0.3827349910036305,1,0,0,0.2153571428571428,0,fda_1946,C=C[C@]1(C)C[C@@H](OC(=O)CS[C@@H]2CC[C@@H](N)C[C@H]2O)[C@]2(C)[C@H](C)CC[C@]3(CCC(=O)[C@H]32)[C@@H](C)[C@@H]1O,5.99262762,FDA,LEFAMULIN,1,0.9949379,0.723568411399297
531.4399999999999,4.205800000000003,69.06,0,7,7,3,0.3846153846153846,36,5,0.4554144970214469,1,0,1,0.5067142857142857,1,fda_2033,CC(=O)N1CCN(c2ccc(OC[C@@H]3CO[C@@](Cn4ccnc4)(c4ccc(Cl)cc4Cl)O3)cc2)CC1,4.57366705,FDA,LEVOKETOCONAZOLE,-1,0.9962185,0.43231712477278844
267.36899999999997,1.6132,50.72,2,4,9,1,0.6,19,1,0.7135696186852986,0,0,0,0.6377142857142857,0,fda_464,COCCc1ccc(OC[C@H](O)CNC(C)C)cc1,3.05996871,FDA,METOPROLOL,0,0.0079729855,0.12162026792537796
361.401,4.042080000000003,92.17,1,6,4,3,0.2857142857142857,27,4,0.7537563210999249,0,0,0,0.3416428571428572,0,fda_1938,CC(C)Oc1ccc(-c2nc(-c3cccc4c3CC[C@H]4O)no2)cc1C#N,5.14399958,FDA,M OZANIMOD,-1,0.95797974,0.5493817470599685
272.37,1.0895,78.43,3,4,6,1,0.5,18,1,0.7241218527557277,0,0,0,0.4397857142857142,0,fda_646,CC(C)NC[C@@H](O)c1ccc(NS(C)(=O)=O)cc1,3.2712841,FDA,SOTALOL,0,0.013722371,0.16499418579364003
284.363,-2.6710999999999965,98.82,2,6,2,0,1.0,17,2,0.5736486979324413,0,0,0,0.294142857142857,0,fda_2088,O=S1(=O)CCN(CN2CCS(=O)(=O)NC2)CN1,5.1417675,FDA,TAUROLIDINE,-1,0.0028591661,0.5489235974921808
388.8150000000001,1.5679999999999998,91.76,0,7,2,2,0.3529411764705882,27,4,0.7705081180627319,0,0,0,0.3445714285714286,0,fda_906,CN1CCN(C(=O)O[C@H]2c3nccnc3C(=O)N2c2ccc(Cl)cn2)CC1,4.85985518,FDA,ESZOPICLONE,-1,0.97869545,0.4910591806424131
533.6120000000002,4.200140000000003,135.53,3,9,8,4,0.4074074074074074,39,5,0.3066783507750039,1,0,0,0.0319285714285714,1,fda_2010,CO[C@]1(C(=O)N[C@@H](C)c2ccc(-n3cc(F)cn3)nc2)CC[C@H](c2nc(C)cc(Nc3cc(C)[nH]n3)n2)CC1,6.59478712,FDA,PRALSETINIB,1,0.9968265,0.8471657352695261
362.40900000000016,2.42044,87.05000000000001,1,6,4,3,0.2857142857142857,27,4,0.7701257408238925,0,0,0,0.3782142857142856,0,fda_1864,CNc1ncc(-c2ccc3c(=O)c(C(=O)[O-])cn(C4CC4)c3c2C)cc1C,5.11942387,FDA,OZENOXACIN,-1,0.98670596,0.5443374158018702
410.4240000000001,3.742040000000002,77.0,1,5,6,3,0.2727272727272727,30,4,0.6699507613704487,0,0,0,0.4499999999999999,1,fda_1953,Cc1ncc(OC[C@@]2(c3cccc(F)c3)C[C@H]2C(=O)Nc2ccc(F)cn2)c(C)n1,6.05913401,FDA,LEMBOREXANT,1,0.9942624,0.7372192992857618
616.8330000000004,4.483600000000006,103.30000000000004,1,10,35,1,0.8181818181818182,43,1,0.1098423552960077,1,1,0,0.262142857142857,0,fda_340,CCCCCCCCCc1ccc(OCCOCCOCCOCCOCCOCCOCCOCCOCCO)cc1,5.20313787,FDA,NONOXYNOL-9,-1,0.96861947,0.5615202824185596
369.5050000000003,4.714500000000005,58.89,1,4,2,0,0.7391304347826086,27,4,0.3316970024889565,0,0,0,0.5793571428571429,0,fda_619,C#C[C@]1(OC(C)=O)CC[C@H]2[C@@H]3CCC4=C/C(=N/O)CC[C@@H]4[C@H]3CC[C@@]21CC,6.17317343,FDA,NORGESTIMATE,1,0.9837518,0.7606266641578814
292.37899999999996,1.6990999999999998,70.58999999999999,3,4,5,1,0.5625,21,2,0.7723075202218123,0,0,0,0.4957857142857144,0,fda_578,CC(C)(C)NC[C@@H](O)COc1cccc2c1CCC(=O)N2,3.732795,FDA,CARTEOLOL,-1,0.008635344,0.25972243001621054
502.5790000000003,3.5238000000000023,99.13,1,7,3,0,0.75,36,6,0.5897471433786257,1,0,0,0.2919285714285713,0,fda_487,CC(=O)OCC(=O)[C@@]12OC3(CCCC3)O[C@@H]1C[C@H]1[C@@H]3CCC4=CC(=O)C=C[C@]4(C)[C@@]3(F)[C@@H](O)C[C@@]12C,5.66424131,FDA,AMCINONIDE,-1,0.9954774,0.6561648927109436
812.0179999999997,4.929200000000005,171.85,1,14,11,2,0.7209302325581395,58,5,0.1842834348292615,2,2,0,0.0,1,fda_862,CC[C@H]1OC(=O)[C@H](C)C(=O)[C@H](C)[C@@H](O[C@@H]2O[C@H](C)C[C@H](N(C)C)[C@H]2O)[C@](C)(OC)C[C@@H](C)C(=O)[C@H](C)[C@H]2N(CCCCn3cnc(-c4cccnc4)c3)C(=O)O[C@]12C,5.23260832,FDA,TELITHROMYCIN,-1,0.9913203,0.5675692922793213
303.18700000000007,-2.8858999999999986,170.83,3,9,6,1,0.3,20,1,0.2832238033780692,0,1,0,0.0,0,fda_2142,C[C@@](Cc1ccc(OP(=O)([O-])[O-])c(O)c1)(NN)C(=O)[O-],3.61773562,FDA,FOSCARBIDOPA,-1,0.007256863,0.23610571143223444
638.8319999999999,5.909900000000006,79.53,1,3,3,2,0.5185185185185185,36,5,0.4543005729988552,2,0,0,0.4319285714285714,1,fda_2012,NC(=O)N1CCC(CC(=O)N2CCC([C@H]3c4ncc(Br)cc4CCc4cc(Cl)cc(Br)c43)CC2)CC1,5.27894497,FDA,LONAFARNIB,-1,0.99804187,0.5770802041508629
264.32500000000005,2.4711,78.43,3,3,8,1,0.4285714285714285,19,1,0.3832200999836573,0,0,0,0.4397857142857142,0,fda_948,O=C(CCCCCCC(=O)Nc1ccccc1)NO,3.89335442,FDA,VORINOSTAT,-1,0.101329006,0.29267834059165804
317.4290000000001,3.238100000000002,38.77,0,4,4,1,0.631578947368421,23,3,0.8544146112857971,0,0,0,0.7230714285714286,0,fda_943,COc1cc2c(cc1OC)[C@@H]1CC(=O)[C@@H](CC(C)C)CN1CC2,4.95468664,FDA,TETRABENAZINE,-1,0.58206475,0.510523981371633
380.35800000000006,2.6285000000000007,88.49000000000001,2,6,2,4,0.1578947368421052,28,5,0.5581669450324385,0,0,0,0.3679285714285714,0,fda_1927,Cn1ncnc1[C@H]1c2n[nH]c(=O)c3cc(F)cc(c23)N[C@@H]1c1ccc(F)cc1,6.31356573,FDA,TALAZOPARIB,1,0.9824378,0.7894431364911856
571.551,4.372700000000004,80.67,0,8,6,3,0.3103448275862069,41,5,0.4067679760163727,1,0,0,0.4237857142857143,1,fda_1876,COc1cccc(N2CCN(C3=Nc4c(F)cccc4[C@H](CC(=O)[O-])N3c3cc(C(F)(F)F)ccc3OC)CC2)c1,5.32389116,FDA,LETERMOVIR,-1,0.9966974,0.5863057146711864
370.4490000000002,1.2533999999999996,103.86,3,5,3,1,0.6190476190476191,27,5,0.7429659635918742,0,0,0,0.258142857142857,0,fda_2003,NC(=O)c1ccc2c(c1O)[C@]13CCN(CC4CC4)[C@H](C2)[C@]1(O)CCC(=O)C3,4.56630325,FDA,SAMIDORPHAN,-1,0.9716502,0.43080565484909605
234.343,2.5837400000000006,32.34,1,2,5,1,0.5,17,1,0.8489671904749567,0,0,0,0.769,0,fda_63,CCN(CC)CC(=O)Nc1c(C)cccc1C,3.14371371,FDA,LIDOCAINE,0,0.11092787,0.13880949750244573
299.8020000000001,2.0023999999999997,67.59,2,4,7,1,0.5,20,1,0.7558132464087878,0,0,0,0.5172142857142856,0,fda_461,CCN(CC)CCNC(=O)c1cc(Cl)c(N)cc1OC,3.49595618,FDA,METOCLOPRAMIDE,-1,0.03210727,0.21110965492824313
488.6140000000004,2.0704199999999995,112.9,1,8,8,3,0.5217391304347826,34,4,0.5164114874787473,0,0,0,0.1935714285714286,1,fda_896,CCCc1nc(C)c2c(=O)[nH]c(-c3cc(S(=O)(=O)N4CCN(CC)CC4)ccc3OCC)nn12,4.67441368,FDA,VARDENAFIL,-1,0.9710061,0.45299605428721795
212.656,0.5223,66.15,1,3,4,1,0.3,14,1,0.791623082898053,0,0,0,0.5275,0,fda_460,NC[C@@H](CC(=O)[O-])c1ccc(Cl)cc1,3.65695,FDA,BACLOFEN,-1,0.0364093,0.2441547290517028
423.5360000000001,3.6700800000000022,67.16,0,4,7,3,0.2857142857142857,32,4,0.5815522405303829,0,0,0,0.5202857142857142,1,fda_452,N#CC(CCN1CCC(C(=O)[O-])(c2ccccc2)CC1)(c1ccccc1)c1ccccc1,5.28832388,FDA,DIFENOXIN,-1,0.9970816,0.5790052890773976
1646.8740000000005,-7.25409999999997,647.5499999999998,22,21,50,5,0.5,118,6,0.0097704098628518,3,2,0,0.0,1,fda_1941,CCCC[C@H](NC(=O)[C@H](CO)NC(=O)[C@H](Cc1ccc(O)cc1)NC(=O)[C@H](CO)NC(C)=O)C(=O)N[C@@H](CCC(=O)[O-])C(=O)N[C@@H](Cc1cnc[nH]1)C(=O)N[C@H](Cc1ccccc1)C(=O)N[C@@H](CCCNC(N)=[NH2+])C(=O)N[C@@H](Cc1c[nH]c2ccccc12)C(=O)NCC(=O)N[C@@H](CCCCN)C(=O)N1CCC[C@H]1C(=O)N[C@H](C(N)=O)C(C)C,7.33938742,FDA,AFAMELANOTIDE,1,0.93588126,1.0
397.3920000000001,0.4654999999999991,140.65,2,8,6,2,0.0,28,3,0.40986185986312,0,1,1,0.0,0,fda_81,O=C([O-])C1=C/C(=N/Nc2ccc(S(=O)(=O)Nc3ccccn3)cc2)C=CC1=O,4.54476786,FDA,SULFASALAZINE,-1,0.959514,0.42638536990382553
133.194,1.5012,26.02,1,1,1,1,0.3333333333333333,10,2,0.6169364851642574,0,0,0,0.8141428571428572,0,fda_288,N[C@@H]1C[C@H]1c1ccccc1,2.76042366,FDA,TRANYLCYPROMINE,0,0.012416948,0.060136613580351383
259.34900000000005,2.577500000000001,41.489999999999995,2,3,6,2,0.375,19,2,0.8375057924076362,0,0,0,0.7036428571428572,0,fda_375,CC(C)NC[C@H](O)COc1cccc2ccccc12,3.52434039,FDA,PROPRANOLOL,-1,0.025547592,0.2169357066573458
648.6620000000003,5.246700000000005,104.73000000000002,1,10,7,3,0.5172413793103449,42,6,0.3709536109436584,2,0,0,0.2519285714285713,1,fda_1878,O=C(Nc1nc(-c2cc(Cl)cs2)c(N2CCN(C3CCCCC3)CC2)s1)c1cnc(N2CCC(C(=O)[O-])CC2)c(Cl)c1,6.03330278,FDA,AVATROMBOPAG,1,0.9982223,0.7319172640272025
194.21,-0.5980000000000001,86.38,2,4,3,1,0.3,14,1,0.6724482724410983,0,0,0,0.383,0,fda_465,C[C@](N)(Cc1ccc(O)cc1)C(=O)[O-],3.49239278,FDA,METYROSINE,-1,0.013939768,0.21037824289558538
208.261,1.1618000000000002,44.12,0,4,3,1,0.6363636363636364,15,2,0.7000907484342611,0,0,0,0.6848571428571428,0,fda_417,CC[C@@H]1C(=O)OC[C@@H]1Cc1cncn1C,3.58062768,FDA,PILOCARPINE,-1,0.012501538,0.22848905491791055
293.37000000000006,3.1285200000000017,39.82,0,4,2,3,0.3333333333333333,22,4,0.7280085381147323,0,0,0,0.7155714285714285,0,fda_664,Cc1nccn1C[C@@H]1CCc2c(c3ccccc3n2C)C1=O,4.25449562,FDA,ONDANSETRON,-1,0.29197204,0.36680502274029675
246.35399999999996,2.7262400000000007,32.34,1,2,2,1,0.5333333333333333,18,2,0.8699043213708457,0,0,0,0.769,0,fda_274,Cc1cccc(C)c1NC(=O)[C@H]1CCCCN1C,3.49128413,FDA,MEPIVACAINE,-1,0.17434193,0.21015068495934303
484.9670000000002,4.0511000000000035,80.67,1,5,4,0,0.72,33,4,0.4806760513310261,0,0,0,0.4237857142857143,0,fda_660,CCC(=O)O[C@]1(C(=O)CCl)[C@@H](C)C[C@H]2[C@@H]3C[C@H](F)C4=CC(=O)C=C[C@]4(C)[C@@]3(F)[C@@H](O)C[C@@]21C,5.49468803,FDA,HALOBETASOL PROPIONATE,-1,0.9958675,0.6213629313345645
463.5000000000003,5.910820000000005,78.63,2,6,9,3,0.375,33,3,0.4107301234210515,1,0,0,0.4383571428571429,1,fda_1907,COc1cc(C)c2c(Oc3cccc(C(F)(F)F)c3)c(OC)cc(N[C@H](C)CCCN)c2n1,5.26579332,FDA,TAFENOQUINE,-1,0.974271,0.5743807387360054
291.391,2.3334,58.559999999999995,2,4,5,1,0.5882352941176471,21,2,0.8739705938909597,0,0,0,0.5817142857142857,0,fda_579,CC(C)(C)NC[C@H](O)COc1cccc2c1CCCC2=O,4.17073917,FDA,LEVOBUNOLOL,-1,0.021893261,0.34961344297302466
273.33600000000007,2.2906,66.89,2,4,4,2,0.3333333333333333,20,2,0.8978140982666175,0,0,0,0.5222142857142857,0,fda_2042,CC(C)n1c(=O)cc(N[C@@H](C)c2ccccc2)[nH]c1=O,3.94600558,FDA,MAVACAMTEN,-1,0.033132866,0.3034853484934901
170.237,1.38499,48.65,2,2,2,1,0.4285714285714285,11,1,0.6587322532597095,0,0,0,0.6525000000000001,0,fda_51,CCCc1cc(=O)[nH]c(=S)[nH]1,4.07401848,FDA,PROPYLTHIOURACIL,-1,0.013722371,0.3297608649652344
260.334,2.0227,90.65,2,4,7,0,0.8333333333333334,18,0,0.7323095649562918,0,0,0,0.3524999999999999,0,fda_254,CCC[C@@](C)(COC(N)=O)COC(=O)NC(C)C,3.14596581,FDA,CARISOPRODOL,0,0.025660977,0.13927175631109712
142.201,-0.1959999999999998,54.370000000000005,2,3,2,0,1.0,7,0,0.4146177358421434,0,0,0,0.6116428571428572,0,fda_630,O=S(=O)(O)CCS,3.55464339,FDA,MESNA,-1,0.0038248452,0.2231556030556249
277.4079999999999,3.0356000000000014,32.7,1,3,5,1,0.6470588235294118,20,2,0.8976823731418612,0,0,0,0.7664285714285715,0,fda_686,COc1ccc([C@H](CN(C)C)C2(O)CCCCC2)cc1,4.3219533,FDA,VENLAFAXINE,-1,0.04348508,0.380651169355096
388.4690000000002,0.0764000000000004,92.78,1,6,3,1,0.5263157894736842,27,4,0.737341001645303,0,0,0,0.3372857142857143,0,fda_971,CC1(C)S[C@@H]2[C@H](N3C(=O)[C@@H](c4ccccc4)NC3(C)C)C(=O)N2[C@H]1C(=O)[O-],4.59715652,FDA,HETACILLIN,-1,0.9776169,0.43713849789922765
288.475,5.090300000000005,20.23,1,1,1,0,0.9,21,4,0.6662692979783309,1,0,0,0.8555,0,fda_336,CC[C@]1(O)CC[C@H]2[C@@H]3CCC4=CCCC[C@@H]4[C@H]3CC[C@@]21C,5.29698801,FDA,ETHYLESTRENOL,-1,0.15740877,0.5807836605581493
253.283,1.3660199999999998,98.22,2,5,3,2,0.1,17,2,0.804736706639606,0,0,0,0.2984285714285715,0,fda_310,Cc1cc(NS(=O)(=O)c2ccc(N)cc2)no1,3.82151103,FDA,SULFAMETHOXAZOLE,-1,0.012793813,0.2779319972361763
477.0480000000002,5.088000000000005,43.78,1,3,7,3,0.3448275862068966,34,4,0.5163157587714763,1,0,0,0.6872857142857143,1,fda_450,CN(C)C(=O)C(CCN1CCC(O)(c2ccc(Cl)cc2)CC1)(c1ccccc1)c1ccccc1,5.27014542,FDA,LOPERAMIDE,-1,0.9978523,0.5752740367960968
380.662,0.8210000000000004,118.36,3,5,2,1,0.25,20,2,0.6564465021990212,0,0,0,0.1545714285714287,0,fda_283,NS(=O)(=O)c1cc2c(cc1Cl)N[C@H](C(Cl)Cl)NS2(=O)=O,4.28817034,FDA,TRICHLORMETHIAZIDE,-1,0.09009469,0.3737169875504164
312.41300000000007,2.5349000000000004,40.620000000000005,0,2,1,1,0.5789473684210527,23,4,0.7993674496203519,0,0,0,0.7098571428571427,0,fda_539,O=C(C1CCCCC1)N1CC(=O)N2CCc3ccccc3[C@H]2C1,4.13347006,FDA,PRAZIQUANTEL,-1,0.92062247,0.3419637052224366
232.094,-0.0092999999999994,76.0,3,1,2,1,0.0,14,1,0.3808007220814716,0,0,0,0.4571428571428572,0,fda_522,NC(=[NH2+])N/N=C\c1c(Cl)cccc1Cl,4.14502525,FDA,GUANABENZ,-1,0.0043771593,0.344335486388078
230.676,1.8726,58.53,1,3,0,1,0.125,14,2,0.7403757754864233,0,0,0,0.5819285714285714,0,fda_402,CC1=NS(=O)(=O)c2cc(Cl)ccc2N1,3.14750171,FDA,DIAZOXIDE,0,0.016795542,0.13958701020932884
279.8550000000001,4.738000000000005,3.24,0,1,5,1,0.6470588235294118,19,2,0.7525599819436475,0,0,0,0.9768571428571428,0,fda_764,CC(C)C[C@@H](N(C)C)C1(c2ccc(Cl)cc2)CCC1,4.11293077,FDA,SIBUTRAMINE,-1,0.06680461,0.3377478765620991
560.4860000000001,5.354400000000004,95.09,2,8,8,3,0.3461538461538461,38,4,0.380779207837911,2,0,1,0.3207857142857142,1,fda_2022,CCN1CCN(c2ccc(Nc3cc(N(C)C(=O)Nc4c(Cl)c(OC)cc(OC)c4Cl)ncn3)cc2)CC1,5.65694952,FDA,INFIGRATINIB,-1,0.9967458,0.65466820332844
437.5310000000002,4.308100000000003,29.950000000000003,1,5,6,2,0.4545454545454545,30,4,0.7278115473639667,0,0,0,0.7860714285714285,1,fda_253,OCCN1CCN(CCCN2c3ccccc3Sc3ccc(C(F)(F)F)cc32)CC1,4.39901972,FDA,FLUPHENAZINE,-1,0.989833,0.3964695750636486
775.864,3.222600000000001,95.61,2,5,5,2,0.1333333333333333,24,2,0.4558266797331836,1,0,0,0.3170714285714284,1,fda_858,N[C@@H](Cc1cc(I)c(Oc2cc(I)c(O)c(I)c2)c(I)c1)C(=O)[O-],6.51774025,FDA,LEVOTHYROXINE,1,0.9826035,0.8313513423311477
370.5330000000002,4.496500000000005,54.370000000000005,1,3,2,0,0.75,27,4,0.7786891088285057,0,0,0,0.6116428571428572,0,fda_737,CCC(=O)[C@@]1(C)[C@H](C)C[C@H]2[C@@H]3CCC4=CC(=O)C=C[C@]4(C)[C@H]3[C@@H](O)C[C@@]21C,5.84598112,FDA,RIMEXOLONE,1,0.994325,0.6934682220724897
355.3730000000001,2.5522,80.55000000000001,2,6,0,3,0.2777777777777778,26,4,0.6477648078196179,0,0,0,0.4246428571428571,0,fda_2110,C[C@H]1CNC(=O)c2cnn3ccc(nc23)N[C@H](C)c2cc(F)ccc2O1,4.94673491,FDA,REPOTRECTINIB,-1,0.9313885,0.5088918348255125
309.406,0.6347999999999998,81.95,4,5,5,1,0.6470588235294118,22,2,0.641468123492022,0,0,0,0.4146428571428571,0,fda_472,CC(C)(C)NC[C@H](O)COc1cccc2c1C[C@H](O)[C@H](O)C2,3.36070371,FDA,NADOLOL,-1,0.013168994,0.18334816758338116
388.3790000000002,-0.3686999999999991,125.87,1,9,5,2,0.4444444444444444,28,4,0.6927934149607258,0,0,0,0.1009285714285714,0,fda_864,CO/N=C1\CN(c2nc3c(cc2F)c(=O)c(C(=O)[O-])cn3C2CC2)C[C@H]1CN,5.12994909,FDA,GEMIFLOXACIN,-1,0.95158476,0.5464977886352232
324.44900000000007,0.612,106.32999999999998,2,6,3,1,0.6,19,2,0.8471269771691101,0,0,0,0.2405000000000001,0,fda_727,CCN[C@H]1C[C@H](C)S(=O)(=O)c2sc(S(N)(=O)=O)cc21,4.23352003,FDA,DORZOLAMIDE,-1,0.012663614,0.36249964054405287
260.253,1.1077,90.06,1,5,5,2,0.1666666666666666,19,2,0.6436381792760206,0,0,0,0.3567142857142856,0,fda_1872,[n:1]1([CH2:6][C:7]([NH:8][CH2:13][c:14]2[cH:15][cH:16][cH:17][cH:18][cH:19]2)=[O:12])[cH:2][cH:3][n:4][c:5]1[N+:9](=[O:10])[O-:11],3.88388634,FDA,BENZNIDAZOLE,-1,0.042764544,0.29073495291747997
366.50100000000015,4.305900000000004,43.370000000000005,0,3,0,0,0.8333333333333334,27,7,0.6002668837960434,0,0,0,0.6902142857142857,0,fda_855,C[C@]12CCC(=O)C=C1[C@@H]1C[C@@H]1[C@H]1[C@@H]3[C@@H]4C[C@@H]4[C@@]4(CCC(=O)O4)[C@@]3(C)CC[C@@H]12,5.64053535,FDA,DROSPIRENONE,-1,0.96534413,0.6512990835428167
914.187,6.180600000000006,195.42999999999995,3,13,6,0,0.7450980392156863,65,4,0.1555112399819528,3,1,0,0.0,0,fda_853,CO[C@H]1C[C@@H]2CC[C@@H](C)[C@@](O)(O2)C(=O)C(=O)N2CCCC[C@H]2C(=O)O[C@H]([C@H](C)C[C@@H]2CC[C@@H](O)[C@H](OC)C2)CC(=O)[C@H](C)/C=C(\C)[C@@H](O)[C@@H](OC)C(=O)[C@H](C)C[C@H](C)/C=C/C=C/C=C/1C,6.48507357,FDA,SIROLIMUS,1,0.99093366,0.8246462845719905
300.22600000000006,-1.661200000000001,141.95,2,8,4,1,0.0,22,2,0.2930376355391511,0,1,1,0.0,0,fda_625,O=C([O-])C1=C/C(=N\Nc2ccc(O)c(C(=O)[O-])c2)C=CC1=O,4.37398911,FDA,OLSALAZINE,-1,0.017197505,0.39133187249341694
384.259,3.9643000000000033,64.63,1,5,4,1,0.3333333333333333,25,2,0.7964461277127532,0,0,0,0.5383571428571429,0,fda_639,CCOC(=O)C1=C(C)NC(C)=C(C(=O)OC)[C@@H]1c1cccc(Cl)c1Cl,4.41399956,FDA,FELODIPINE,-1,0.97028905,0.39954428888283466
560.6930000000001,4.618500000000003,148.96,2,10,26,1,0.8518518518518519,38,1,0.1222273944205696,1,2,0,0.0,0,fda_2020,CCCCCCCCCCCCCCCCOCCCO[P@@](=O)([O-])CO[C@H](CO)Cn1ccc(N)nc1=O,5.15767813,FDA,BRINCIDOFOVIR,-1,0.9718456,0.5521893622755801
444.44000000000017,-0.3475999999999985,181.62,6,9,2,1,0.4090909090909091,32,4,0.3322174879037973,1,1,0,0.0,0,fda_963,C[C@H]1c2cccc(O)c2C(=O)C2=C(O)[C@]3(O)C(=O)C(C(N)=O)=C(O)[C@@H](N(C)C)[C@@H]3[C@@H](O)[C@@H]21,4.31557512,FDA,DOXYCYCLINE,-1,0.9820825,0.3793420046252154
430.5410000000002,2.7168000000000014,93.06,2,6,4,0,0.76,31,5,0.7124527920741569,0,0,0,0.3352857142857143,0,fda_684,CCC[C@@H]1O[C@@H]2C[C@H]3[C@@H]4CCC5=CC(=O)C=C[C@]5(C)[C@H]4[C@@H](O)C[C@]3(C)[C@]2(C(=O)CO)O1,6.18686914,FDA,BUDESONIDE,1,0.99580693,0.7634378015799476
560.6800000000004,5.856500000000005,106.16,2,9,7,5,0.3448275862068966,40,6,0.2569479791185302,2,0,0,0.2417142857142856,1,fda_2098,CC(C)(C)c1cc(NC(=O)Nc2ccc(-c3cn4c(n3)sc3cc(OCCN5CCOCC5)ccc34)cc2)no1,5.78482008,FDA,QUIZARTINIB,-1,0.99580693,0.680914503549208
1214.6459999999988,3.435100000000004,278.8,5,12,16,0,0.7619047619047619,86,1,0.1391605898578191,2,2,0,0.0,0,fda_2009,C=C/C=C/C[C@@H](C)[C@@H](O)[C@H]1C(=O)N[C@@H](CC)C(=O)N(C)CC(=O)N(C)[C@@H](CC(C)C)C(=O)N[C@@H](C(C)C)C(=O)N(C)[C@@H](CC(C)C)C(=O)N[C@@H](C)C(=O)N[C@H](C)C(=O)N(C)[C@@H](CC(C)C)C(=O)N(C)[C@@H](CC(C)C)C(=O)N(C)[C@@H](C(C)C)C(=O)N1C,5.37251806,FDA,VOCLOSPORIN,-1,0.9842008,0.5962867158977805
404.5070000000002,2.423,68.31,0,6,6,1,0.6363636363636364,29,3,0.6786181154392725,0,0,0,0.5120714285714285,0,fda_2116,CCN(CC)C(=O)[C@@H]1CN2CCc3cc(OC)c(OC)cc3[C@@H]2C[C@@H]1OC(C)=O,4.59722948,FDA,BENZQUINAMIDE,-1,0.9741202,0.43715347343436334
387.88700000000017,1.8135000000000008,55.84,0,5,8,2,0.3809523809523809,27,3,0.6465285493358316,0,0,0,0.6011428571428572,0,fda_640,O=C([O-])COCCN1CCN([C@@H](c2ccccc2)c2ccc(Cl)cc2)CC1,3.59743571,FDA,CETIRIZINE,-1,0.9442255,0.23193901714142529
520.5040000000002,3.395300000000002,113.18,4,7,8,3,0.4230769230769231,37,5,0.3623253042445342,1,0,0,0.1915714285714285,1,fda_1881,CC(C)(CO)c1cc2cc(NC(=O)C3(c4ccc5c(c4)OC(F)(F)O5)CC3)c(F)cc2n1C[C@@H](O)CO,5.31461477,FDA,TEZACAFTOR,-1,0.9973713,0.5844016726703934
525.6130000000003,3.2843800000000023,112.04,1,10,8,4,0.3793103448275862,39,7,0.3703189502463476,1,0,0,0.1997142857142857,1,fda_1981,COc1ccc(CN2[C@@H]3C[C@H]2CN(c2ccc(-c4cc(OCC(C)(C)O)cn5ncc(C#N)c45)cn2)C3)cn1,6.51633835,FDA,SELPERCATINIB,1,0.9898992,0.8310635928422935
363.1980000000001,-2.9878999999999993,191.73,3,12,4,2,0.5,24,3,0.3704495485379418,1,1,0,0.0,0,fda_669,Nc1nc(F)nc2c1ncn2[C@@H]1O[C@H](COP(=O)([O-])[O-])[C@@H](O)[C@@H]1O,3.59000373,FDA,FLUDARABINE PHOSPHATE,-1,0.055868875,0.2304135528100362
351.40900000000005,2.10752,99.6,2,7,2,2,0.1428571428571428,23,3,0.6348923048546949,0,0,0,0.2885714285714285,0,fda_828,Cc1cnc(N/C(O)=C2/C(=O)c3ccccc3S(=O)(=O)N2C)s1,4.42525911,FDA,MELOXICAM,-1,0.7067348,0.40185538793214476
499.5340000000003,1.0971800000000007,131.4,3,5,6,0,0.782608695652174,35,3,0.5037264667056947,0,0,0,0.0614285714285713,0,fda_2079,CC(C)(C)[C@H](NC(=O)C(F)(F)F)C(=O)N1C[C@H]2[C@@H]([C@H]1C(=O)N[C@H](C#N)C[C@@H]1CCNC1=O)C2(C)C,4.81280947,FDA,NIRMATRELVIR,-1,0.9758504,0.48140272939390694
200.285,2.1082,24.39,1,2,1,1,0.4615384615384615,15,3,0.7373798417697964,0,0,0,0.8257857142857143,0,fda_995,c1ccc2c(c1)CCC[C@H]2C1=NCCN1,3.5464468,FDA,TETRAHYDROZOLINE,-1,0.030640852,0.2214731973327866
405.9690000000001,6.562600000000006,12.47,0,2,9,3,0.2307692307692307,29,3,0.3734283215865669,1,0,0,0.9109285714285714,1,fda_364,CCN(CC)CCOc1ccc(/C(=C(\Cl)c2ccccc2)c2ccccc2)cc1,4.62045097,FDA,CLOMIPHENE,-1,0.9594325,0.441919841847183
402.5310000000003,3.7717000000000023,80.67000000000002,1,5,4,0,0.7916666666666666,29,4,0.724146959959367,0,0,0,0.4237857142857142,0,fda_2004,CCC(=O)O[C@]1(C(=O)CO)CC[C@H]2[C@@H]3CCC4=CC(=O)CC[C@]4(C)[C@H]3CC[C@@]21C,5.62796259,FDA,CLASCOTERONE,-1,0.99181306,0.6487184392290383
374.91200000000015,3.055900000000001,35.940000000000005,1,4,8,2,0.4285714285714285,26,3,0.720292463198365,0,0,0,0.7432857142857143,0,fda_186,OCCOCCN1CCN([C@@H](c2ccccc2)c2ccc(Cl)cc2)CC1,3.87398529,FDA,HYDROXYZINE,-1,0.9143172,0.2887026952124942
277.25800000000004,-1.3591999999999989,130.24,2,5,3,0,0.5,18,2,0.4837242090168431,0,0,0,0.0697142857142856,0,fda_2077,CC1=C[C@@H]2CN(C(=O)N2OS(=O)(=O)O)[C@@H]1C(N)=O,4.04987001,FDA,DURLOBACTAM,-1,0.006585961,0.32480422761655764
413.47500000000014,1.605399999999999,98.77,1,6,5,2,0.3809523809523809,29,4,0.5906385083400774,0,0,0,0.2944999999999999,1,fda_978,CCOc1ccc2ccccc2c1NC(=O)[C@@H]1C(=O)N2[C@@H]1SC(C)(C)[C@@H]2C(=O)[O-],4.27442455,FDA,NAFCILLIN,-1,0.9825387,0.37089557086848723
365.842,2.0834,92.5,2,4,3,2,0.1875,24,3,0.8705249450646536,0,0,0,0.3392857142857143,0,fda_514,C[C@@H]1Cc2ccccc2N1NC(=O)c1ccc(Cl)c(S(N)(=O)=O)c1,5.19727468,FDA,INDAPAMIDE,-1,0.8832222,0.5603168228811068
500.57900000000024,4.430000000000004,80.67,1,6,4,0,0.72,34,4,0.5755860893833779,1,0,0,0.4237857142857143,0,fda_659,CCC(=O)O[C@]1(C(=O)SCF)[C@H](C)C[C@H]2[C@@H]3C[C@H](F)C4=CC(=O)C=C[C@]4(C)[C@@]3(F)[C@@H](O)C[C@@]21C,5.44835901,FDA,FLUTICASONE PROPIONATE,-1,0.9963237,0.6118535855723034
297.271,-1.9713999999999992,148.76999999999998,4,10,3,2,0.5454545454545454,21,3,0.5056130599451503,0,1,0,0.0,0,fda_940,COc1nc(N)nc2c1ncn2[C@@H]1O[C@H](CO)[C@@H](O)[C@@H]1O,3.68220639,FDA,NELARABINE,-1,0.0018668275,0.24933877449916783
705.6470000000002,5.5773000000000055,104.70000000000002,0,12,11,5,0.3714285714285714,49,7,0.1743942883815827,3,1,2,0.252142857142857,1,fda_678,CC[C@@H](C)n1ncn(-c2ccc(N3CCN(c4ccc(OC[C@H]5CO[C@](Cn6cncn6)(c6ccc(Cl)cc6Cl)O5)cc4)CC3)cc2)c1=O,5.05626154,FDA,ITRACONAZOLE,-1,0.99245465,0.5313729189245341
381.3790000000001,3.5139200000000006,77.98,1,4,3,3,0.1176470588235294,26,3,0.7541053298167572,0,0,0,0.4429999999999999,0,fda_836,Cc1ccc(-c2cc(C(F)(F)F)nn2-c2ccc(S(N)(=O)=O)cc2)cc1,5.79189491,FDA,CELECOXIB,-1,0.9515689,0.6823666604193342
265.222,-2.8909,151.92,5,8,3,0,0.875,18,1,0.2710418297657056,0,1,0,0.0,0,fda_983,CN(N=O)C(=O)N[C@@H]1[C@@H](O)[C@H](O)[C@@H](CO)O[C@@H]1O,3.01799679,FDA,STREPTOZOCIN,0,0.008223161,0.1130052465071402
583.6000000000001,1.255800000000002,183.38,2,10,13,2,0.48,39,3,0.257029592858602,1,2,0,0.0,1,fda_914,CC(C)CN(C[C@@H](OP(=O)([O-])[O-])[C@H](Cc1ccccc1)NC(=O)O[C@H]1CCOC1)S(=O)(=O)c1ccc(N)cc1,4.73135662,FDA,FOSAMPRENAVIR,-1,0.9715424,0.46468397915978576
478.52500000000015,1.9971,129.21,4,10,7,3,0.5238095238095238,33,5,0.2975931322503161,0,0,0,0.0770714285714285,1,fda_863,CCCSc1nc(N[C@@H]2C[C@H]2c2ccc(F)c(F)c2)c2nnn([C@@H]3C[C@H](O)[C@@H](O)[C@H]3O)c2n1,5.15358543,FDA,M TICAGRELOR,-1,0.97653764,0.5513493078258808
321.38000000000005,2.4081,88.24000000000001,3,4,5,3,0.1578947368421052,24,3,0.6731507176016955,0,0,0,0.3697142857142856,0,fda_1861,NC[C@@H](C(=O)Nc1ccc2cnccc2c1)c1ccc(CO)cc1,4.02111387,FDA,M NETARSUDIL,-1,0.81658757,0.3189018347308891
159.232,1.7516,3.24,0,1,3,1,0.2727272727272727,12,1,0.6072627909596671,0,0,0,0.9768571428571428,0,fda_331,C#CCN(C)Cc1ccccc1,2.95890141,FDA,PARGYLINE,0,0.013538344,0.10087551871725352
630.5900000000004,4.200320000000001,105.39,1,8,12,4,0.28125,45,4,0.1859833544564762,1,1,0,0.2472142857142858,1,fda_1904,COc1cccc(-c2c(C)n(Cc3c(F)cccc3C(F)(F)F)c(=O)n(C[C@H](NCCCC(=O)[O-])c3ccccc3)c2=O)c1F,5.01699495,FDA,ELAGOLIX,-1,0.9972766,0.5233131848482477
285.43100000000004,3.8826000000000023,23.47,1,2,2,1,0.5789473684210527,21,3,0.8335259245753123,0,0,0,0.8323571428571429,0,fda_365,CC(C)=CCN1CC[C@]2(C)c3cc(O)ccc3C[C@H]1[C@H]2C,4.71326208,FDA,PENTAZOCINE,-1,0.06680461,0.46096995202799956
225.20799999999997,-1.3318000000000003,119.04999999999998,3,7,4,2,0.375,16,2,0.554385971786765,0,0,0,0.1496428571428573,0,fda_525,Nc1nc2c(ncn2COCCO)c(=O)[nH]1,3.47400403,FDA,ACYCLOVIR,-1,0.0022314135,0.2066038271646725
639.8300000000002,5.7289000000000065,116.04000000000002,2,9,3,0,0.6756756756756757,46,5,0.2286886083765042,2,0,0,0.171142857142857,0,fda_1916,CO/N=C1\C[C@]2(C[C@@H]3C[C@@H](C/C=C(\C)C[C@@H](C)/C=C/C=C4\CO[C@@H]5[C@H](O)C(C)=C[C@@H](C(=O)O3)[C@]45O)O2)O[C@H](/C(C)=C/C(C)C)[C@H]1C,6.35724115,FDA,MOXIDECTIN,1,0.99043673,0.7984078128450559
236.2309999999999,-0.2105,93.03,2,6,2,2,0.5,17,3,0.7521450742487874,0,0,0,0.3355,0,fda_688,O=c1nc[nH]c2c1ncn2[C@H]1CC[C@@H](CO)O1,3.36860442,FDA,DIDANOSINE,-1,0.005043188,0.18496984192825944
286.351,2.0483,65.15,1,3,4,2,0.4705882352941176,21,3,0.93515804493898,0,0,0,0.5346428571428571,0,fda_559,CCc1cccc2c3c([nH]c12)[C@@](CC)(CC(=O)[O-])OCC3,4.08582211,FDA,ETODOLAC,-1,0.045994688,0.33218364012688884
210.20899999999995,-0.8924000000000003,106.61,3,5,3,1,0.3,15,1,0.5607802792688804,0,0,1,0.2384999999999999,0,fda_328,C[C@@](N)(Cc1ccc(O)c(O)c1)C(=O)[O-],3.31800008,FDA,METHYLDOPA,-1,0.010774205,0.1745829577219666
303.293,1.7736999999999998,64.43,0,5,2,2,0.2666666666666666,22,3,0.793247744649229,0,0,0,0.5397857142857143,0,fda_677,CCOC(=O)c1ncn2c1CN(C)C(=O)c1cc(F)ccc1-2,3.9274075,FDA,FLUMAZENIL,-1,0.052685574,0.29966796635948006
287.406,4.985000000000004,3.24,0,1,5,3,0.1428571428571428,22,3,0.6390791725132271,0,0,0,0.9768571428571428,0,fda_588,CN(C/C=C/c1ccccc1)Cc1cccc2ccccc12,4.2110405,FDA,NAFTIFINE,-1,0.11304624,0.3578855644564705
623.6420000000004,3.7505000000000024,132.61,2,11,9,5,0.2068965517241379,44,5,0.2374898570302951,2,0,0,0.0527857142857142,1,fda_2021,CONC(=O)Nc1ccc(-c2sc3c(c2CN(C)C)c(=O)n(-c2ccc(OC)nn2)c(=O)n3Cc2c(F)cccc2F)cc1,5.60925484,FDA,RELUGOLIX,-1,0.9966878,0.6448785465832637
450.5640000000003,3.203400000000001,82.60999999999999,1,5,6,3,0.3333333333333333,32,5,0.6236721234606906,0,0,0,0.4099285714285715,1,fda_2056,O=C(c1ccc(NS(=O)(=O)c2cccc3cccnc23)cc1)N1CCN(CC2CC2)CC1,4.86286211,FDA,MITAPIVAT,-1,0.9976835,0.49167637343114284
374.4480000000001,3.391580000000002,96.84,3,4,3,3,0.2857142857142857,28,4,0.6545376127478132,0,0,0,0.3082857142857143,0,fda_1911,CN1CC[C@@H](NC(=O)Nc2ccc(C#N)cc2)C[C@@H]1c1nc2ccccc2[nH]1,4.82602167,FDA,GLASDEGIB,-1,0.994752,0.48411462310718095
405.35700000000014,0.9626999999999996,100.87,2,6,3,2,0.3157894736842105,29,4,0.7924971534172238,0,0,0,0.2795000000000001,1,fda_1997,C[C@H]1CO[C@@H]2Cn3cc(C(=O)NCc4ccc(F)cc4F)c(=O)c(O)c3C(=O)N12,5.19760561,FDA,CABOTEGRAVIR,-1,0.986826,0.5603847485094303
294.336,0.6462000000000001,107.08,2,6,4,2,0.1666666666666666,20,2,0.8048811367345586,0,0,0,0.2351428571428571,0,fda_437,CCn1ccc(NS(=O)(=O)c2ccc(N)cc2)nc1=O,3.62515831,FDA,SULFACYTINE,-1,0.013438385,0.2376292689280779
295.145,3.0294,52.16,1,3,4,2,0.0714285714285714,19,2,0.9429164250092252,0,0,0,0.6274285714285714,0,fda_576,O=C([O-])Cc1ccccc1Nc1c(Cl)cccc1Cl,4.51826096,FDA,DICLOFENAC,-1,0.16839227,0.4209446487923994
558.5950000000003,4.170020000000003,162.15999999999997,2,11,10,5,0.3103448275862069,41,5,0.2379075869315023,2,1,0,0.0,1,fda_878,CCCc1nc(C(C)(C)O)c(C(=O)OCc2oc(=O)oc2C)n1Cc1ccc(-c2ccccc2-c2nn[nH]n2)cc1,5.32858133,FDA,OLMESARTAN MEDOXOMIL,-1,0.9965406,0.5872684038930561
476.58500000000026,3.6368000000000023,100.90000000000002,2,6,6,0,0.7407407407407407,34,4,0.5679557810972998,0,0,0,0.2792857142857141,0,fda_306,CCCCC(=O)O[C@]1(C(=O)CO)[C@@H](C)C[C@H]2[C@@H]3CCC4=CC(=O)C=C[C@]4(C)[C@@]3(F)[C@@H](O)C[C@@]21C,6.56353569,FDA,BETAMETHASONE VALERATE,1,0.9956547,0.8407511671773216
345.399,2.645600000000001,63.99,1,5,5,3,0.1176470588235294,24,3,0.772079833537095,0,0,0,0.5429285714285714,0,fda_2043,CNCc1cc(-c2ccccc2F)n(S(=O)(=O)c2cccnc2)c1,4.34168148,FDA,VONOPRAZAN,-1,0.8689611,0.38470051218341683
333.16099999999994,1.5547,83.22,1,4,4,2,0.0666666666666666,20,2,0.6797744218025024,0,0,1,0.4055714285714286,0,fda_924,Nc1c(CC(=O)[O-])cccc1C(=O)c1ccc(Br)cc1,4.69197845,FDA,BROMFENAC,-1,0.045590956,0.456601342531273
266.30400000000003,2.6512200000000004,58.120000000000005,1,4,1,2,0.2666666666666666,20,4,0.8617161250864191,0,0,0,0.5848571428571427,0,fda_770,Cc1ccnc2c1NC(=O)c1cccnc1N2C1CC1,5.2316494,FDA,NEVIRAPINE,-1,0.14337985,0.5673724674417068
382.5410000000003,3.9536000000000033,83.83,2,5,13,0,0.8181818181818182,27,1,0.2861612823490276,0,1,0,0.4012142857142857,0,fda_577,CCCC[C@@](C)(O)C/C=C/[C@H]1[C@H](O)CC(=O)[C@@H]1CCCCCCC(=O)OC,5.38385439,FDA,MISOPROSTOL,-1,0.97355527,0.5986135745631503
556.6600000000003,1.3223000000000011,176.65999999999997,6,10,6,1,0.5517241379310345,40,4,0.2802198620935801,2,1,1,0.0,0,fda_1895,CN(C)c1cc(CNCC(C)(C)C)c(O)c2c1C[C@H]1C[C@H]3[C@H](N(C)C)C(O)=C(C(N)=O)C(=O)[C@@]3(O)C(O)=C1C2=O,5.32448149,FDA,OMADACYCLINE,-1,0.9940334,0.586426883909902
466.97700000000026,4.103100000000003,80.67,1,5,4,0,0.72,32,4,0.4979589398519903,0,0,0,0.4237857142857143,0,fda_585,CCC(=O)O[C@]1(C(=O)CCl)[C@@H](C)C[C@H]2[C@@H]3CCC4=CC(=O)C=C[C@]4(C)[C@@]3(F)[C@@H](O)C[C@@]21C,5.55156851,FDA,CLOBETASOL PROPIONATE,-1,0.99614584,0.6330380358682539
383.376,2.8843000000000005,86.33,1,6,7,3,0.25,26,3,0.6751975205030643,0,0,0,0.3833571428571428,0,fda_833,COc1ccnc(C[S@@](=O)c2nc3ccc(OC(F)F)cc3[nH]2)c1OC,4.48155499,FDA,PANTOPRAZOLE,-1,0.97172517,0.4134104993485047
276.745,1.7379,75.27000000000001,2,3,4,1,0.3,17,1,0.8794576573550539,0,0,0,0.4623571428571428,0,fda_242,CCCNC(=O)NS(=O)(=O)c1ccc(Cl)cc1,3.37874722,FDA,CHLORPROPAMIDE,-1,0.044987593,0.18705172046135737
968.296,7.662800000000007,157.94,2,10,11,5,0.3846153846153846,64,7,0.1009704019955641,2,2,0,0.0,1,fda_2067,CC(C)(C#Cc1ccc(-c2ccc(Cl)c3c(NS(C)(=O)=O)nn(CC(F)(F)F)c23)c([C@H](Cc2cc(F)cc(F)c2)NC(=O)Cn2nc(C(F)(F)F)c3c2C(F)(F)[C@@H]2C[C@H]32)n1)S(C)(=O)=O,6.9434495,FDA,LENACAPAVIR,1,0.9983644,0.9187310549269007
705.6470000000002,5.5773000000000055,104.70000000000002,0,12,11,5,0.3714285714285714,49,7,0.1743942883815827,3,1,2,0.252142857142857,1,fda_671,CC[C@H](C)n1ncn(-c2ccc(N3CCN(c4ccc(OC[C@H]5CO[C@](Cn6cncn6)(c6ccc(Cl)cc6Cl)O5)cc4)CC3)cc2)c1=O,6.34651899,FDA,ITRACONAZOLE,1,0.99245465,0.7962070167401892
445.54500000000024,2.0781199999999993,130.14999999999998,3,6,7,2,0.4285714285714285,31,3,0.5981616815314104,0,0,0,0.070357142857143,1,fda_453,Cc1cnc(C(=O)NCCc2ccc(S(=O)(=O)NC(=O)NC3CCCCC3)cc2)cn1,4.36144304,FDA,GLIPIZIDE,-1,0.9823334,0.38875670648326754
304.38599999999997,1.5507999999999988,80.92,4,4,0,1,0.6666666666666666,22,4,0.5861178147244706,0,0,0,0.422,0,fda_2016,C[C@]12CC[C@@H]3c4ccc(O)cc4CC[C@H]3[C@@H]1[C@@H](O)[C@@H](O)[C@@H]2O,5.4794488,FDA,ESTETROL,-1,0.078250624,0.6182349759575542
532.472,4.462700000000003,64.88000000000001,0,8,8,3,0.4615384615384615,36,5,0.4245793739951387,1,0,1,0.5365714285714285,1,fda_610,CC(C)N1CCN(c2ccc(OC[C@H]3CO[C@](Cn4cncn4)(c4ccc(Cl)cc4Cl)O3)cc2)CC1,4.72521639,FDA,TERCONAZOLE,-1,0.9888938,0.46342365528222895
344.41100000000006,2.2233,90.82,4,5,9,2,0.3157894736842105,25,2,0.4136022576828499,0,0,0,0.3512857142857143,0,fda_945,COc1ccc(C[C@@H](C)NC[C@H](O)c2ccc(O)c(NC=O)c2)cc1,3.60627866,FDA,ARFORMOTEROL,-1,0.73465234,0.23375409264072114
406.907,6.609000000000001,40.46,2,2,2,2,0.0769230769230769,21,2,0.550692990866757,1,0,0,0.7110000000000001,1,fda_53,Oc1c(Cl)cc(Cl)c(Cl)c1Cc1c(O)c(Cl)cc(Cl)c1Cl,4.89311171,FDA,HEXACHLOROPHENE,-1,0.36793226,0.4978853091170282
475.6260000000004,2.6742999999999997,104.14,2,7,7,0,0.8148148148148148,34,4,0.5456854445989993,0,0,0,0.2561428571428571,0,fda_191,CCN(CC)CC(=O)OCC(=O)[C@@]1(O)CC[C@H]2[C@@H]3CCC4=CC(=O)CC[C@]4(C)[C@H]3[C@@H](O)C[C@@]21C,5.1537776,FDA,HYDROCORTAMATE,-1,0.9943169,0.5513887520225234
312.4530000000001,3.882600000000003,37.3,1,2,1,0,0.7619047619047619,23,4,0.7460501574652694,0,0,0,0.7335714285714285,0,fda_531,C#C[C@]1(O)CC[C@H]2[C@@H]3CCC4=CC(=O)CC[C@@H]4[C@H]3CC[C@@]21CC,5.79364157,FDA,LEVONORGESTREL,-1,0.873452,0.6827251742378677
314.469,5.846500000000006,40.46,2,2,6,1,0.5238095238095238,23,2,0.5107748679217478,1,0,0,0.7110000000000001,0,fda_1902,C=C(C)[C@@H]1CCC(C)=C[C@H]1c1c(O)cc(CCCCC)cc1O,4.4848361,FDA,CANNABIDIOL,-1,0.7105545,0.4140839694429296
1210.4290000000003,-3.0481000000000273,430.77999999999986,16,13,32,4,0.5254237288135594,87,6,0.0131288339459295,3,2,0,0.0,1,fda_566,CCNC(=O)[C@@H]1CCCN1C(=O)[C@H](CCCNC(N)=[NH2+])NC(=O)[C@H](CC(C)C)NC(=O)[C@@H](CC(C)C)NC(=O)[C@H](Cc1ccc(O)cc1)NC(=O)[C@H](CO)NC(=O)[C@H](Cc1c[nH]c2ccccc12)NC(=O)[C@H](Cc1c[nH]cn1)NC(=O)[C@@H]1CCC(=O)N1,6.29191732,FDA,LEUPROLIDE,1,0.9509094,0.784999653423916
337.379,3.623100000000002,77.24000000000001,1,6,6,3,0.2105263157894736,25,3,0.6951676749276839,0,0,0,0.4482857142857142,0,fda_1979,CC(C)n1nccc1-c1ncccc1COc1cccc(O)c1C=O,5.08727264,FDA,VOXELOTOR,-1,0.67716795,0.537738157653263
245.366,3.113600000000001,46.25,2,2,0,1,0.625,18,3,0.7374329703078921,0,0,0,0.6696428571428572,0,fda_571,C[C@@]12CCCCC[C@@H](Cc3ccc(O)cc31)[C@@H]2N,5.09036636,FDA,DEZOCINE,-1,0.07722022,0.5383731646784844
317.476,5.769300000000006,3.24,0,1,4,3,0.3043478260869565,24,3,0.5902547919222657,1,0,0,0.9768571428571428,0,fda_747,CN(Cc1ccc(C(C)(C)C)cc1)Cc1cccc2ccccc12,3.88921285,FDA,BUTENAFINE,-1,0.7590106,0.29182825524280737
449.3850000000003,1.6344,100.87,2,6,3,2,0.3809523809523809,32,5,0.742207162248136,0,0,0,0.2794999999999999,1,fda_1879,O=C(NCc1c(F)cc(F)cc1F)c1cn2c(c(O)c1=O)C(=O)N1[C@H]3CC[C@H](C3)O[C@@H]1C2,3.97216916,FDA,BICTEGRAVIR,-1,0.99193233,0.30885560084500935
470.01700000000034,3.5519000000000025,55.53,0,7,10,3,0.44,33,4,0.4542179585941736,0,0,0,0.6033571428571429,1,fda_687,CCc1nn(CCCN2CCN(c3cccc(Cl)c3)CC2)c(=O)n1CCOc1ccccc1,4.31062603,FDA,NEFAZODONE,-1,0.99057674,0.37832617031621096
597.7360000000003,4.100600000000004,105.25,1,7,10,3,0.4,44,5,0.3752820517012707,1,0,0,0.2482142857142857,1,fda_1910,CN(CCN1CCC(OC(=O)Nc2ccccc2-c2ccccc2)CC1)C(=O)c1ccc(CN2CCC(C(=O)[O-])CC2)cc1,4.37504005,FDA,M REVEFENACIN,-1,0.99685526,0.3915475850605161
473.49300000000034,1.6279199999999991,126.30999999999996,1,8,5,4,0.25,35,5,0.3447977059479667,0,0,0,0.0977857142857144,1,fda_1977,COc1cnc(-n2cnc(C)n2)c2[nH]cc(C(=O)C(=O)N3CCN(C(=O)c4ccccc4)CC3)c12,5.6511116,FDA,TEMSAVIR,-1,0.98976886,0.6534699306299796
204.298,2.1460999999999997,15.6,0,3,1,1,0.3636363636363636,14,3,0.6962524977611556,0,0,0,0.8885714285714286,0,fda_668,c1ccc([C@H]2CN3CCSC3=N2)cc1,2.95184779,FDA,LEVAMISOLE,0,0.0299163,0.09942771534356673
212.21099999999996,-1.5132999999999992,101.24,2,6,7,0,1.0,12,0,0.3926180087278543,0,0,0,0.2768571428571429,0,fda_699,NCCCNCCSP(=O)([O-])[O-],3.33686328,FDA,AMIFOSTINE,-1,0.0029912584,0.17845475753518708
413.54100000000017,4.814300000000005,57.95,0,4,5,3,0.3333333333333333,31,4,0.5639232081739476,0,0,0,0.5860714285714286,1,fda_2092,CC1(C)CCC(C)(C)c2cc(Cn3cccn3)c(/C=C/c3ccc(C(=O)[O-])cc3)cc21,5.27542114,FDA,PALOVAROTENE,-1,0.99683857,0.5763569141292428
349.4820000000002,3.5764000000000022,70.83,2,4,7,3,0.4285714285714285,26,4,0.6397394346969285,0,0,0,0.4940714285714286,0,fda_2114,NCCCCN(Cc1nc2ccccc2[nH]1)[C@H]1CCCc2cccnc21,4.64051104,FDA,MAVORIXAFOR,-1,0.9625075,0.4460373073503419
345.4240000000001,2.8997400000000004,77.1,1,5,5,3,0.2941176470588235,24,3,0.7692390365670643,0,0,0,0.4492857142857143,0,fda_635,COc1ccc2nc([S@@](=O)Cc3ncc(C)c(OC)c3C)[nH]c2c1,4.42386961,FDA,OMEPRAZOLE,-1,0.8633633,0.40157018362744196
492.58300000000025,4.007880000000003,96.93,0,8,7,4,0.2758620689655172,37,5,0.3845344905374436,0,0,0,0.3076428571428572,1,fda_2015,CN1CCC(COc2cnc(-c3cccc(Cn4nc(-c5cccc(C#N)c5)ccc4=O)c3)nc2)CC1,5.38458204,FDA,TEPOTINIB,-1,0.99162453,0.5987629296637743
353.47900000000016,2.1403999999999996,97.66,2,5,13,0,0.8,25,1,0.3904193830430953,0,1,0,0.3024285714285715,0,fda_511,CCCCC[C@H](O)/C=C/[C@H]1[C@H](O)CC(=O)[C@@H]1CCCCCCC(=O)[O-],5.0672493,FDA,ALPROSTADIL,-1,0.90492797,0.5336282312318685
581.6540000000003,8.048040000000006,61.440000000000005,2,3,6,3,0.3939393939393939,42,5,0.2897436215275151,2,0,0,0.5611428571428572,1,fda_2037,Cc1ccc(NC(=O)[C@H]2CCCN(C(=O)c3c(C)cccc3F)[C@H]2c2ccc(NC3CCCC3)cc2)cc1C(F)(F)F,5.09977722,FDA,AVACOPAN,-1,0.99808866,0.5403048075593447
552.7240000000003,2.697200000000002,121.11,3,10,9,2,0.6206896551724138,40,5,0.4281496579360725,1,0,1,0.1349285714285715,1,fda_1925,CCc1nc(C(N)=O)c(Nc2ccc(N3CCC(N4CCN(C)CC4)CC3)c(OC)c2)nc1NC1CCOCC1,5.4823246,FDA,GILTERITINIB,-1,0.9965251,0.6188252534238833
638.817,3.451520000000002,120.67,3,6,6,4,0.5,47,7,0.2977646057887886,1,0,0,0.1380714285714286,1,fda_2071,Cc1cc(C[C@@H](NC(=O)N2CCC(c3cc4ccccc4[nH]c3=O)CC2)C(=O)N2CCN(C3CCN(C)CC3)CC2)cc2cn[nH]c12,5.09955645,FDA,ZAVEGEPANT,-1,0.99808866,0.5402594930186111
339.4390000000002,1.9247,68.36,3,3,4,2,0.45,25,4,0.7971701178185844,0,0,0,0.5117142857142858,0,fda_40,CC[C@@H](CO)NC(=O)[C@@H]1C=C2c3cccc4[nH]cc(c34)C[C@H]2N(C)C1,3.75973392,FDA,METHYLERGONOVINE,-1,0.8810891,0.26525182616449716
378.4320000000002,2.9856999999999996,110.26,2,6,5,2,0.2857142857142857,28,3,0.8274841249091268,0,0,0,0.2124285714285715,0,fda_2049,CCOc1ncc(C)c2c1[C@H](c1ccc(C#N)cc1OC)C(C(N)=O)=C(C)N2,4.48791552,FDA,FINERENONE,-1,0.9809311,0.4147160412961054
254.28599999999997,-0.1878999999999994,93.81,3,5,6,1,0.4166666666666667,18,1,0.6540368201081147,0,0,0,0.3299285714285714,0,fda_636,COc1ccc(OC)c([C@@H](O)CNC(=O)CN)c1,3.46758771,FDA,MIDODRINE,-1,0.009742741,0.20528683394095845
414.34600000000006,3.4407000000000014,59.59,2,4,7,1,0.5882352941176471,28,2,0.6715843719947417,0,0,0,0.5743571428571428,0,fda_553,O=C(NC[C@@H]1CCCCN1)c1cc(OCC(F)(F)F)ccc1OCC(F)(F)F,4.40533876,FDA,FLECAINIDE,-1,0.9843166,0.3977666009071817
280.30899999999997,0.8681999999999999,107.2,2,6,4,2,0.0909090909090909,19,2,0.8045216732232587,0,0,0,0.2342857142857143,0,fda_351,COc1cnc(NS(=O)(=O)c2ccc(N)cc2)nc1,3.60673213,FDA,SULFAMETER,-1,0.008989681,0.23384717043564998
394.4480000000002,-1.2597999999999965,123.19,3,7,11,1,0.5789473684210527,28,2,0.4004185066809209,0,1,0,0.1200714285714286,0,fda_2138,O=C([O-])CCc1ccc(OC[C@@H](O)CNCCNC(=O)N2CCOCC2)cc1,3.83235478,FDA,M LANDIOLOL,-1,0.5082844,0.28015775051370134
592.6910000000003,-5.361100000000009,269.29,11,15,13,0,0.88,41,3,0.0891178818883148,3,2,0,0.0,0,fda_1898,CN[C@@H]1[C@@H](O)[C@@H](O[C@@H]2[C@@H](O)[C@H](O[C@H]3OC(CNCCO)=CC[C@H]3N)[C@@H](N)C[C@H]2NC(=O)[C@@H](O)CCN)OC[C@]1(C)O,2.78832889,FDA,PLAZOMICIN,0,0.33504638,0.06586435141390418
237.7299999999999,2.897800000000001,29.1,1,2,2,1,0.4615384615384615,16,2,0.8571565291687987,0,0,0,0.7921428571428571,0,fda_389,CN[C@]1(c2ccccc2Cl)CCCCC1=O,3.93450475,FDA,ESKETAMINE,-1,0.07111674,0.3011247250867574
194.154,-2.078099999999999,108.17000000000002,1,7,1,2,0.1666666666666666,14,2,0.5601191738811692,0,0,0,0.2273571428571427,0,fda_842,Cn1nnc2c(C(N)=O)ncn2c1=O,4.12670851,FDA,TEMOZOLOMIDE,-1,0.010774205,0.3405758511983538
381.9070000000002,4.297500000000004,38.13,0,4,3,3,0.3636363636363636,27,4,0.678552511607709,0,0,0,0.7276428571428571,0,fda_680,CN1CCC[C@H](n2nc(Cc3ccc(Cl)cc3)c3ccccc3c2=O)CC1,5.70142031,FDA,AZELASTINE,-1,0.98749036,0.663796134772509
136.19799999999998,0.6923999999999992,38.05,2,2,3,1,0.25,10,1,0.4737324261638871,0,0,0,0.7282142857142857,0,fda_263,NNCCc1ccccc1,4.71889496,FDA,PHENELZINE,-1,0.0110498,0.46212613887497644
149.237,1.837,12.03,1,1,3,1,0.4,11,1,0.6911085509284692,0,0,0,0.9140714285714284,0,fda_22,CN[C@@H](C)Cc1ccccc1,2.99567413,FDA,METHAMPHETAMINE,0,0.0157214,0.10842336905164035
575.6870000000001,5.695920000000005,115.73,2,7,8,4,0.2903225806451613,41,5,0.2786932991732298,2,0,0,0.1733571428571428,1,fda_751,COc1cc(C(=O)NS(=O)(=O)c2ccccc2C)ccc1Cc1cn(C)c2ccc(NC(=O)OC3CCCC3)cc12,6.16434288,FDA,ZAFIRLUKAST,1,0.99703777,0.7588141338427369
382.5310000000001,5.308240000000004,12.05,0,2,4,4,0.1923076923076923,29,4,0.4357934712440574,1,0,3,0.9139285714285714,0,fda_269,Cc1cc(/C=C/c2ccc3cc(N(C)C)ccc3[n+]2C)c(C)n1-c1ccccc1,5.65497065,FDA,PYRVINIUM,-1,0.9864253,0.6542620268315366
458.6460000000002,5.851800000000007,44.73,2,4,10,3,0.4,34,4,0.3740819781817828,1,0,0,0.6805,1,fda_2081,CCNCCc1ccc(CN(CC)c2cc(OC)ccc2[C@@H]2CCc3cc(O)ccc3C2)cc1,5.4839344,FDA,ELACESTRANT,-1,0.9919292,0.61915567579863
586.6890000000004,4.0911000000000035,114.2,1,9,4,3,0.5151515151515151,43,7,0.3559555692291821,1,0,0,0.1842857142857142,1,fda_755,CCc1c2c(nc3ccc(OC(=O)N4CCC(N5CCCCC5)CC4)cc13)-c1cc3c(c(=O)n1C2)COC(=O)[C@]3(O)CC,6.27114248,FDA,IRINOTECAN,1,0.9963301,0.7807354765275419
157.16899999999995,0.7637,46.61,0,3,1,0,0.7142857142857143,11,1,0.5642459247185074,0,0,0,0.6670714285714285,0,fda_75,CC[C@]1(C)OC(=O)N(C)C1=O,3.54541326,FDA,PARAMETHADIONE,-1,0.011493388,0.22126105623377076
383.40800000000024,1.7845999999999995,106.95,1,8,4,3,0.3157894736842105,28,4,0.7265621787893097,0,0,0,0.2360714285714286,0,fda_419,COc1cc2nc(N3CCN(C(=O)c4ccco4)CC3)nc(N)c2cc1OC,5.04747629,FDA,PRAZOSIN,-1,0.97456044,0.5295696867418134
389.5120000000002,2.2485000000000013,89.82000000000001,2,5,10,1,0.6956521739130435,28,3,0.5992252350375153,0,0,0,0.3584285714285714,0,fda_875,CCCCC[C@H](O)CC[C@@H]1[C@H]2Cc3cccc(OCC(=O)[O-])c3C[C@H]2C[C@H]1O,5.48483086,FDA,TREPROSTINIL,-1,0.97050047,0.6193396802973661
810.9889999999998,3.990900000000003,154.10000000000002,3,12,7,3,0.5869565217391305,59,9,0.179801053533736,2,1,0,0.0,1,fda_307,CC[C@]1(O)C[C@@H]2CN(CCc3c([nH]c4ccccc34)[C@@](C(=O)OC)(c3cc4c(cc3OC)N(C)[C@H]3[C@@](O)(C(=O)OC)[C@H](OC(C)=O)[C@]5(CC)C=CCN6CC[C@]43[C@@H]65)C2)C1,4.78058195,FDA,VINBLASTINE,-1,0.99731356,0.4747878122050653
367.4660000000001,0.6059000000000014,98.77,1,6,8,0,0.8421052631578947,26,2,0.6311425650572664,0,0,0,0.2945,0,fda_692,CCC[C@H](N[C@@H](C)C(=O)N1[C@H](C(=O)[O-])C[C@@H]2CCCC[C@@H]21)C(=O)OCC,4.15924788,FDA,PERINDOPRIL,-1,0.7161754,0.3472547777160342
248.307,1.6838000000000002,86.18,2,4,2,2,0.0,17,2,0.7916266736810947,0,0,0,0.3844285714285713,0,fda_935,Nc1ccc(S(=O)(=O)c2ccc(N)cc2)cc1,3.55224061,FDA,DAPSONE,-1,0.013722371,0.22266241615439877
1145.0699999999997,6.156600000000009,217.99999999999997,6,12,29,4,0.48,74,6,0.0337498898649966,4,2,0,0.0,1,fda_1950,CN1Cc2c(Cl)cc(Cl)cc2[C@H](c2cccc(S(=O)(=O)NCCOCCOCCNC(=O)NCCCCNC(=O)NCCOCCOCCNS(=O)(=O)c3cccc([C@@H]4CN(C)Cc5c(Cl)cc(Cl)cc54)c3)c2)C1,6.61713839,FDA,TENAPANOR,1,0.9975274,0.8517534851216847
170.23199999999994,0.0355999999999991,66.15,1,3,3,0,0.8888888888888888,12,1,0.6497575678161003,0,0,0,0.5275,0,fda_704,NCC1(CC(=O)[O-])CCCCC1,3.62956262,FDA,GABAPENTIN,-1,0.0136168385,0.23853328344498725
169.56699999999998,1.7745,46.0,1,2,0,2,0.0,11,2,0.6535135154314028,0,0,0,0.6714285714285715,0,fda_232,O=c1[nH]c2cc(Cl)ccc2o1,3.4954083,FDA,CHLORZOXAZONE,-1,0.013630468,0.21099719884011028
617.776,4.084000000000003,130.81,2,10,5,2,0.5625,44,8,0.5134195560732345,1,0,0,0.0656428571428571,1,fda_2148,CC1(C)C[C@@H]2CCC/N=C3/C=CC=C(N3)S(=O)(=O)NC(=O)c3ccc(-n4ccc(OCC[C@H]5[C@]6(CC6)[C@@]56CC6)n4)nc3N1C2,4.97213984,FDA,VANZACAFTOR,-1,0.99213046,0.5141063691160294
437.5160000000003,1.2324,98.77,1,6,9,2,0.4,32,3,0.5928019349769587,0,0,0,0.2944999999999999,1,fda_647,CCOC(=O)[C@H](CCc1ccccc1)N[C@@H](C)C(=O)N1Cc2ccccc2C[C@H]1C(=O)[O-],5.12289619,FDA,QUINAPRIL,-1,0.9638147,0.5450501330464226
239.36199999999997,3.7496000000000023,3.24,0,1,5,2,0.2941176470588235,18,2,0.7678129737095625,0,0,0,0.9768571428571428,0,fda_294,C[C@@H](Cc1ccccc1)N(C)Cc1ccccc1,3.46464062,FDA,BENZPHETAMINE,-1,0.06680461,0.20468192371832686
359.35400000000004,0.7601999999999995,122.91,3,8,6,1,0.6666666666666666,25,2,0.640839151584694,0,0,0,0.1220714285714285,0,fda_821,CCCCCOC(=O)Nc1nc(=O)n([C@@H]2O[C@H](C)[C@@H](O)[C@H]2O)cc1F,4.35667801,FDA,CAPECITABINE,-1,0.74558836,0.387778651738368
209.253,0.1723699999999998,91.16,3,6,1,1,0.5555555555555556,15,2,0.574966146791026,0,0,0,0.3488571428571427,0,fda_490,[H]/N=c1\nc(N2CCCCC2)cc(N)n1O,3.68689656,FDA,MINOXIDIL,-1,0.00680946,0.2503014637210375
571.682,4.732800000000004,122.64,3,10,12,4,0.2903225806451613,42,4,0.1635571220074843,1,1,0,0.124,1,fda_2047,C=CC(=O)Nc1cc(Nc2ncc(C(=O)OC(C)C)c(-c3cn(C)c4ccccc34)n2)c(OC)cc1N(C)CCNC,5.57705736,FDA,M MOBOCERTINIB,-1,0.9972766,0.6382697953082855
351.47100000000006,4.431500000000004,39.19,0,4,2,2,0.3333333333333333,25,3,0.5925551443407949,0,0,0,0.7200714285714286,0,fda_763,CCOC(=O)c1ccc(C#Cc2ccc3c(c2)C(C)(C)CCS3)nc1,5.56277418,FDA,TAZAROTENE,-1,0.93901354,0.6353380756819128
729.043,7.283700000000008,128.21,1,9,8,2,0.7727272727272727,53,7,0.2810905952720637,2,0,0,0.0842142857142856,1,fda_2026,CC(C)[C@@H](C)[C@@]1(C)CC[C@]2(C)[C@H]3CC[C@@H]4[C@@]5(COC[C@@]4(C)[C@@H](OC[C@](C)(N)C(C)(C)C)[C@H](n4ncnc4-c4ccncc4)C5)C3=CC[C@@]2(C)[C@@H]1C(=O)[O-],6.81197977,FDA,IBREXAFUNGERP,1,0.99552864,0.8917460006382253
363.4150000000001,1.7018,121.55,2,6,8,2,0.2352941176470588,25,2,0.6885491116580255,0,0,0,0.1317857142857142,0,fda_496,CCCCNc1cc(C(=O)[O-])cc(S(N)(=O)=O)c1Oc1ccccc1,3.93328834,FDA,BUMETANIDE,-1,0.7822656,0.30087504867921255
243.219,-2.563,130.82999999999998,4,8,2,1,0.5555555555555556,17,2,0.4489304892314893,0,0,0,0.0655000000000001,0,fda_387,Nc1ccn([C@@H]2O[C@H](CO)[C@@H](O)[C@@H]2O)c(=O)n1,3.45064616,FDA,CYTARABINE,-1,0.0031848627,0.2018094658313235
330.46800000000013,4.818900000000005,60.69,3,3,7,1,0.5238095238095238,24,2,0.4960524093395854,0,0,0,0.5665,0,fda_1903,C=C(C)[C@@H]1CCC(CO)=C[C@H]1c1c(O)cc(CCCCC)cc1O,4.25982904,FDA,M CANNABIDIOL,-1,0.74853575,0.36789974339001813
423.53300000000024,1.7167000000000003,92.7,2,5,8,2,0.44,31,3,0.6744736179622672,0,0,0,0.3378571428571428,1,fda_931,C[C@H]1CN(C[C@H](Cc2ccccc2)C(=O)NCC(=O)[O-])CC[C@@]1(C)c1cccc(O)c1,4.55019617,FDA,ALVIMOPAN,-1,0.9755373,0.42749956737000855
344.845,5.376700000000004,17.82,0,2,4,4,0.0454545454545454,25,4,0.4545449847420714,1,0,0,0.8727142857142858,0,fda_446,Clc1ccccc1C(c1ccccc1)(c1ccccc1)n1ccnc1,4.59328508,FDA,CLOTRIMAZOLE,-1,0.96076924,0.4363438585660872
127.187,0.0728999999999999,23.47,1,2,0,0,1.0,9,3,0.4976212255765575,0,0,0,0.8323571428571429,0,fda_2130,O[C@@H]1CN2CCC1CC2,2.59379983,FDA,M ACECLIDINE,0,0.0063525783,0.025935941696891965
76.05499999999999,-0.9561000000000002,75.35000000000001,3,2,0,0,0.0,5,0,0.2566436062791167,0,0,0,0.4617857142857142,0,fda_370,NC(=O)NO,4.04179001,FDA,HYDROXYUREA,-1,0.01078325,0.32314575278244556
1030.303,5.722400000000009,241.95999999999992,4,16,10,0,0.75,73,4,0.1161733722404602,3,1,0,0.0,0,fda_956,CO[C@H]1C[C@@H]2CC[C@@H](C)[C@@](O)(O2)C(=O)C(=O)N2CCCC[C@H]2C(=O)O[C@H]([C@H](C)C[C@@H]2CC[C@@H](OC(=O)C(C)(CO)CO)[C@H](OC)C2)CC(=O)[C@H](C)/C=C(\C)[C@@H](O)[C@@H](OC)C(=O)[C@H](C)C[C@H](C)/C=C/C=C/C=C/1C,5.10480356,FDA,TEMSIROLIMUS,-1,0.99608624,0.5413364979550984
280.323,4.040500000000002,50.440000000000005,1,3,3,3,0.1666666666666666,21,3,0.787337428747122,0,0,0,0.6397142857142857,0,fda_228,CC[C@@H](c1ccccc1)c1c(O)oc2ccccc2c1=O,4.70425081,FDA,PHENPROCOUMON,-1,0.065126896,0.45912032770641686
137.162,0.3191999999999999,36.47,1,2,1,1,0.1428571428571428,10,1,0.2571575036828201,0,0,0,0.7395,0,fda_338,C[n+]1ccccc1/C=N\O,2.73039985,FDA,PRALIDOXIME,0,0.0071927872,0.05397402282426731
418.57400000000024,4.585600000000005,72.83,1,5,6,0,0.76,30,3,0.6390622750209786,0,0,0,0.4797857142857142,0,fda_631,CCC(C)(C)C(=O)O[C@H]1C[C@@H](C)C=C2C=C[C@H](C)[C@H](CC[C@@H]3C[C@@H](O)CC(=O)O3)[C@H]21,5.65177774,FDA,SIMVASTATIN,-1,0.9790548,0.6536066603856722
399.4430000000002,2.871600000000001,83.09,1,6,5,2,0.3636363636363636,29,3,0.8325220081385356,0,0,0,0.4065,0,fda_291,COc1cc2c(c(OC)c1OC)-c1ccc(OC)c(=O)cc1[C@@H](NC(C)=O)CC2,5.08185768,FDA,COLCHICINE,-1,0.985655,0.5366267003651785
307.434,2.3933999999999997,50.72,2,4,11,1,0.6666666666666666,22,2,0.6164391834948149,0,1,0,0.6377142857142857,0,fda_581,CC(C)NC[C@H](O)COc1ccc(CCOCC2CC2)cc1,3.86838722,FDA,LEVOBETAXOLOL,-1,0.05319988,0.287553653354252
504.6360000000004,-0.0175999999999973,145.44,4,12,12,2,0.75,36,4,0.3081454686289042,2,2,0,0.0,1,fda_315,OCCN(CCO)c1nc(N2CCCCC2)c2nc(N(CCO)CCO)nc(N3CCCCC3)c2n1,4.65392303,FDA,DIPYRIDAMOLE,-1,0.939321,0.4487902093169708
421.4530000000002,1.8468,104.89,2,8,3,3,0.3478260869565217,31,5,0.4865420212105028,0,0,1,0.2507857142857143,1,fda_778,CC[C@@]1(O)C(=O)OCc2c1cc1n(c2=O)Cc2cc3c(CN(C)C)c(O)ccc3nc2-1,5.73308516,FDA,TOPOTECAN,-1,0.97085035,0.670295560125347
597.7600000000002,4.836000000000004,108.21,2,6,10,3,0.4,44,5,0.3465569297530122,1,0,0,0.2270714285714284,1,fda_1909,CN(CCN1CCC(OC(=O)Nc2ccccc2-c2ccccc2)CC1)C(=O)c1ccc(CN2CCC(C(N)=O)CC2)cc1,5.37534332,FDA,REVEFENACIN,-1,0.99685526,0.596866619686125
376.4530000000002,2.0002999999999997,76.15,0,6,7,1,0.55,27,2,0.677733039239407,0,0,0,0.4560714285714285,0,fda_767,CCC(=O)N(c1ccccc1)C1(C(=O)OC)CCN(CCC(=O)OC)CC1,4.16212893,FDA,REMIFENTANIL,-1,0.9332166,0.3478461327804919
480.53800000000024,1.067,143.75,2,8,10,2,0.4090909090909091,33,2,0.5138586535908335,0,1,0,0.0,1,fda_892,CC(C)c1nc(N(C)S(C)(=O)=O)nc(-c2ccc(F)cc2)c1/C=C/[C@@H](O)C[C@@H](O)CC(=O)[O-],4.27770472,FDA,ROSUVASTATIN,-1,0.97945887,0.3715688480215329
416.8720000000002,4.483500000000002,88.49000000000001,2,6,4,5,0.0909090909090909,30,5,0.4505068915844373,0,0,0,0.3679285714285714,1,fda_1921,C[C@H](Nc1ncnc2nc[nH]c12)c1cc2cccc(Cl)c2c(=O)n1-c1ccccc1,6.26194811,FDA,DUVELISIB,1,0.9908109,0.7788482696883694
290.38300000000004,2.033,46.53,1,3,3,1,0.5882352941176471,21,3,0.684255247270266,0,0,0,0.6676428571428572,0,fda_35,C[N+]1(C)[C@@H]2CC[C@H]1C[C@H](OC(=O)[C@@H](O)c1ccccc1)C2,3.67199326,FDA,HOMATROPINE METHYLBROMIDE,-1,0.033435293,0.24724246025628235
313.31000000000006,-3.908999999999996,155.69000000000003,2,7,7,0,0.6923076923076923,22,1,0.4860880120187533,0,1,0,0.0,0,fda_2078,C[C@@]1(C(=O)N[C@@H](CCC(=O)[O-])C(=O)[O-])CCCN1C(=O)CN,3.56001377,FDA,TROFINETIDE,-1,0.015229172,0.22425790999617173
645.6080000000004,-8.564500000000011,321.17,14,19,9,0,0.92,44,4,0.1034832592569746,3,1,0,0.0,0,fda_739,C[C@H]1O[C@H](O[C@H]2[C@H](O)[C@@H](O)[C@@H](O[C@H]3[C@H](O)[C@@H](O)[C@@H](O)O[C@@H]3CO)O[C@@H]2CO)[C@H](O)[C@@H](O)[C@@H]1N[C@H]1C=C(CO)[C@@H](O)[C@H](O)[C@H]1O,2.74214864,FDA,ACARBOSE,0,0.27769017,0.056385541703755725
337.35100000000006,1.1235999999999997,71.11,1,5,4,1,0.5,24,3,0.8915973887511962,0,0,1,0.4920714285714286,0,fda_860,CC(=O)NC[C@H]1CN(c2ccc(N3CCOCC3)c(F)c2)C(=O)O1,3.52168155,FDA,LINEZOLID,-1,0.63934875,0.21638996170339403
410.4930000000003,3.5904200000000026,64.16,0,6,4,3,0.5217391304347826,30,5,0.6577452185749303,0,0,0,0.5417142857142858,1,fda_713,Cc1nc2n(c(=O)c1CCN1CCC(c3noc4cc(F)ccc34)CC1)CCCC2,6.04004812,FDA,RISPERIDONE,1,0.99005055,0.7333017908387779
520.6150000000001,3.416900000000002,119.31,1,9,11,4,0.2307692307692307,37,4,0.2989262390394097,1,1,0,0.1477857142857143,1,fda_2062,CC(C)OC(=O)CNc1cccc(CN(Cc2ccc(-n3cccn3)cc2)S(=O)(=O)c2cccnc2)n1,4.91692972,FDA,OMIDENEPAG ISOPROPYL,-1,0.99703276,0.5027741173080711
449.8450000000002,3.462900000000001,103.37,3,6,6,3,0.25,31,4,0.4978672672389255,0,0,0,0.2616428571428572,1,fda_2050,O=C(Nc1ccc(OC(F)(F)Cl)cc1)c1cnc(N2CC[C@@H](O)C2)c(-c2cc[nH]n2)c1,5.41764975,FDA,ASCIMINIB,-1,0.9961254,0.6055503015519814
340.46300000000014,4.0633000000000035,43.370000000000005,0,3,1,0,0.7272727272727273,25,4,0.5338581764582067,0,0,0,0.6902142857142857,0,fda_210,C#C[C@]1(OC(C)=O)CC[C@H]2[C@@H]3CCC4=CC(=O)CC[C@@H]4[C@H]3CC[C@@]21C,5.9484334,FDA,NORETHINDRONE ACETATE,1,0.97898877,0.7144972478246423
224.26,0.961,75.27000000000001,2,3,4,0,0.5454545454545454,16,1,0.5513835393856523,0,0,0,0.4623571428571428,0,fda_430,C=CCC1(CC(C)C)C(=O)NC(=O)NC1=O,5.11591911,FDA,BUTALBITAL,-1,0.013268362,0.543618040027167
473.5940000000001,6.075200000000007,70.0,2,6,7,4,0.25,34,5,0.3186643298109016,1,0,0,0.5,1,fda_804,O=C(c1ccc(OCCN2CCCCC2)cc1)c1c(-c2ccc(O)cc2)sc2cc(O)ccc12,5.18525362,FDA,RALOXIFENE,-1,0.9966223,0.5578494187363854
423.52600000000024,1.1056999999999997,127.12,3,7,10,0,0.7391304347826086,30,2,0.4491618061716244,0,0,0,0.0919999999999999,0,fda_648,CC[C@H](C)C(=O)O[C@H]1C[C@H](O)C=C2C=C[C@H](C)[C@H](CC[C@@H](O)C[C@@H](O)CC(=O)[O-])[C@H]21,6.00964737,FDA,PRAVASTATIN,1,0.9401434,0.7270618305896281
299.4340000000001,4.267900000000004,40.129999999999995,0,2,5,0,0.45,22,1,0.5616544918724433,0,0,0,0.7133571428571429,0,fda_395,CC1=C(/C=C/C(C)=C/C=C/C(C)=C/C(=O)[O-])C(C)(C)CCC1,5.24689817,FDA,TRETINOIN,-1,0.26498494,0.5705023809684593
110.11199999999998,1.0978,40.46,2,2,0,1,0.0,8,1,0.4907276689015206,0,0,0,0.7110000000000001,0,fda_857,Oc1ccc(O)cc1,3.35013843,FDA,HYDROQUINONE,-1,0.012416948,0.18117957216316494
365.8420000000001,2.714120000000001,92.5,2,4,2,2,0.1875,24,3,0.8553020577996142,0,0,0,0.3392857142857143,0,fda_411,Cc1ccccc1N1C(=O)c2cc(S(N)(=O)=O)c(Cl)cc2N[C@@H]1C,4.56056738,FDA,METOLAZONE,-1,0.9028101,0.429628328605688
356.44700000000006,3.159600000000001,68.28999999999999,1,5,7,2,0.3157894736842105,25,3,0.8252539098127764,0,0,0,0.5122142857142857,0,fda_850,CCc1ccc(CCOc2ccc(C[C@H]3SC(=O)NC3=O)cc2)nc1,5.38443613,FDA,PIOGLITAZONE,-1,0.8690423,0.5987329806460707
369.3290000000001,-0.1927000000000001,132.47,0,8,5,3,0.2631578947368421,27,3,0.5691319612582096,0,0,0,0.0537857142857143,0,fda_622,CCCc1c2oc(C(=O)[O-])cc(=O)c2cc2c(=O)cc(C(=O)[O-])n(CC)c12,5.44214678,FDA,NEDOCROMIL,-1,0.73882663,0.6105784832061257
416.6460000000003,5.560600000000008,60.69,3,3,5,0,0.7777777777777778,30,3,0.5141969070179693,1,0,0,0.5665,0,fda_806,C[C@@H](/C=C/[C@H](C)C(C)(C)O)[C@H]1CC[C@H]2/C(=C/C=C3C[C@@H](O)C[C@H](O)C3)CCC[C@]12C,5.43228531,FDA,PARICALCITOL,-1,0.9702631,0.6085543495647457
279.32099999999997,2.629200000000001,70.19,0,6,5,2,0.25,19,2,0.4777865565414021,0,0,0,0.4986428571428571,0,fda_2034,CSc1ccc(OCc2ncc([N+](=O)[O-])n2C)cc1,3.38293338,FDA,FEXINIDAZOLE,-1,0.032457095,0.18791095821031353
203.241,1.333,37.38,0,2,1,1,0.3333333333333333,15,2,0.6456630004201521,0,0,0,0.733,0,fda_187,CN1C(=O)C[C@@](C)(c2ccccc2)C1=O,4.44859457,FDA,METHSUXIMIDE,-1,0.013268362,0.40664514946091046
295.145,3.408920000000003,52.16,1,3,3,2,0.0714285714285714,19,2,0.9437114379351168,0,0,0,0.6274285714285714,0,fda_476,Cc1ccc(Cl)c(Nc2ccccc2C(=O)[O-])c1Cl,4.80434561,FDA,MECLOFENAMATE,-1,0.16839227,0.47966546468976745
124.23,0.2069,20.23,3,3,2,0,1.0,6,0,0.4493996678556496,0,0,0,0.8555,0,fda_37,OC[C@H](S)CS,2.93076396,FDA,DIMERCAPROL,0,0.0056423796,0.09510011615276291
266.34,4.604600000000004,40.46,2,2,3,2,0.1111111111111111,20,2,0.7966718656376947,0,0,0,0.7110000000000001,0,fda_49,C/C=C(C(=C/C)/c1ccc(O)cc1)\c1ccc(O)cc1,4.44482231,FDA,DIENESTROL,-1,0.06680461,0.4058708674958453
256.09599999999995,2.0098,90.71,2,5,1,2,0.0,16,2,0.8138095128696987,0,0,0,0.3520714285714286,0,fda_707,Nc1nnc(-c2cccc(Cl)c2Cl)c(N)n1,5.08011723,FDA,LAMOTRIGINE,-1,0.01608774,0.5362694611912886
387.7190000000001,5.8629000000000016,27.05,0,4,6,3,0.1875,23,3,0.5291897722454129,1,0,0,0.8067857142857142,0,fda_534,Clc1ccc([C@H](Cn2ccnc2)OCc2ccsc2Cl)c(Cl)c1,4.95200014,FDA,TIOCONAZOLE,-1,0.90791625,0.5099725590149694
766.8980000000001,0.1855000000000076,253.74,7,10,20,3,0.4324324324324324,54,3,0.0821808740111529,2,2,0,0.0,1,fda_406,CSCC[C@H](NC(=O)[C@H](Cc1c[nH]c2ccccc12)NC(=O)CCNC(=O)OC(C)(C)C)C(=O)N[C@@H](CC(=O)[O-])C(=O)N[C@@H](Cc1ccccc1)C(N)=O,4.81617975,FDA,PENTAGASTRIN,-1,0.9698313,0.482094502235975
316.4270000000002,0.5024999999999997,79.74,2,8,6,1,0.8461538461538461,21,2,0.790985307512128,0,0,0,0.4304285714285715,0,fda_477,CC(C)(C)NC[C@H](O)COc1nsnc1N1CCOCC1,2.83446026,FDA,TIMOLOL,0,0.0056432597,0.0753331281723335
687.5980000000005,5.104620000000005,108.86,0,7,8,3,0.4193548387096774,47,4,0.1842329604171882,2,0,0,0.2224285714285715,1,fda_1882,Cc1ccccc1-c1cc(N2CC[N+](C)(COP(=O)([O-])[O-])CC2)ncc1N(C)C(=O)C(C)(C)c1cc(C(F)(F)F)cc(C(F)(F)F)c1,5.49045324,FDA,FOSNETUPITANT,-1,0.9973531,0.6204937119480858
428.44300000000015,2.9475000000000016,86.00000000000001,2,6,3,3,0.3809523809523809,31,5,0.6700804338306232,0,0,0,0.3857142857142855,1,fda_1915,O=C(Nc1cnn2ccc(N3CCC[C@@H]3c3cc(F)ccc3F)nc12)N1CC[C@H](O)C1,5.27363157,FDA,LAROTRECTINIB,-1,0.99701357,0.575989592742005
557.6420000000003,4.978900000000007,114.62,3,6,12,4,0.2727272727272727,41,4,0.2273848152878657,1,1,0,0.1812857142857142,1,fda_787,CC(C)c1c(C(=O)Nc2ccccc2)c(-c2ccccc2)c(-c2ccc(F)cc2)n1CC[C@@H](O)C[C@@H](O)CC(=O)[O-],5.82479429,FDA,ATORVASTATIN,1,0.99803287,0.6891194814326865
211.261,1.1291999999999998,72.72,4,4,4,1,0.4545454545454545,15,1,0.5632719285067509,0,0,1,0.4805714285714285,0,fda_57,CC(C)NC[C@H](O)c1ccc(O)c(O)c1,3.09717464,FDA,ISOPROTERENOL,0,0.012416948,0.12925703755220116
398.854,2.6700799999999996,119.62,3,6,6,3,0.2631578947368421,28,3,0.5892234115643402,0,0,0,0.1455714285714285,0,fda_1955,C[C@H](O)c1cc(C(=O)N[C@@H](C)Cn2ccc(-c3ccc(C#N)c(Cl)c3)n2)n[nH]1,5.20562506,FDA,DAROLUTAMIDE,-1,0.9866462,0.5620307950451258
403.47800000000024,3.7150000000000025,48.00000000000001,0,5,3,2,0.4,30,6,0.7314564664233757,0,0,0,0.657142857142857,1,fda_1862,COc1ccc2c3c1O[C@H]1C(OC(=O)c4ccccc4)=CC[C@H]4[C@@H](C2)N(C)CC[C@]314,5.06827497,FDA,BENZHYDROCODONE,-1,0.9934737,0.5338387569599754
178.14,-3.0132000000000008,107.22,4,6,1,0,0.8333333333333334,12,1,0.3184070333040473,0,0,0,0.2341428571428571,0,fda_600,O=C1O[C@H](CO)[C@@H](O)[C@H](O)[C@H]1O,2.79155183,FDA,GLUCONOLACTONE,0,0.002602246,0.06652588172106422
451.61500000000024,3.193900000000001,71.68,2,4,8,2,0.5384615384615384,33,4,0.6049384423595515,0,0,0,0.488,1,fda_775,C=CCN1C[C@H](C(=O)N(CCCN(C)C)C(=O)NCC)C[C@@H]2c3cccc4[nH]cc(c34)C[C@H]21,4.49366951,FDA,CABERGOLINE,-1,0.9972722,0.4158970867924832
412.42800000000005,3.429000000000002,85.07000000000001,1,6,4,5,0.0869565217391304,31,5,0.4888913017817662,0,0,0,0.3923571428571428,1,fda_1983,CNC(=O)c1ccc(-c2cnc3ncc(Cc4ccc5ncccc5c4)n3n2)cc1F,5.71241236,FDA,CAPMATINIB,-1,0.99704796,0.6660523276314572
203.241,1.333,37.38,0,2,1,1,0.3333333333333333,15,2,0.6456630004201521,0,0,0,0.733,0,fda_194,CN1C(=O)C[C@](C)(c2ccccc2)C1=O,4.40925646,FDA,METHSUXIMIDE,-1,0.013268362,0.39857073541926086
391.57200000000023,3.1432,80.59,2,4,4,0,0.9583333333333334,28,4,0.7713900292451946,0,0,0,0.4243571428571429,0,fda_612,C[C@H](CCC(=O)[O-])[C@H]1CC[C@H]2[C@@H]3[C@@H](O)C[C@@H]4C[C@H](O)CC[C@]4(C)[C@H]3CC[C@]12C,5.6205802,FDA,URSODIOL,-1,0.99041814,0.6472031535816868
460.43900000000014,-1.2435999999999974,201.84999999999997,7,10,2,1,0.4090909090909091,33,4,0.2615545851161279,1,1,0,0.0,0,fda_993,CN(C)[C@@H]1C(O)=C(C(N)=O)C(=O)[C@@]2(O)C(O)=C3C(=O)c4c(O)cccc4[C@@](C)(O)[C@H]3[C@H](O)[C@@H]12,3.85558701,FDA,OXYTETRACYCLINE,-1,0.9162284,0.2849263233844069
376.3900000000001,-2.1828999999999965,129.67000000000002,1,7,5,1,0.4117647058823529,26,3,0.4565852866041509,0,0,0,0.0737857142857141,0,fda_953,CC1(C)S[C@@H]2[C@H](NC(=O)[C@@H](C(=O)[O-])c3ccccc3)C(=O)N2[C@H]1C(=O)[O-],4.45611238,FDA,CARBENICILLIN,-1,0.4794674,0.40818823098227636
301.342,0.7451999999999999,70.0,2,5,0,1,0.5882352941176471,22,5,0.7396980124727146,0,0,0,0.5,0,fda_250,CN1CC[C@]23c4c5ccc(O)c4O[C@H]2C(=O)CC[C@@]3(O)[C@H]1C5,4.06049013,FDA,OXYMORPHONE,-1,0.070445806,0.32698407931893986
221.304,1.0487999999999995,53.16,3,3,5,1,0.4166666666666667,16,1,0.6513892787333422,0,0,0,0.6202857142857143,0,fda_385,CNNCc1ccc(C(=O)NC(C)C)cc1,3.08587074,FDA,PROCARBAZINE,0,0.025596308,0.12693683536441422
279.8550000000001,4.738000000000005,3.24,0,1,5,1,0.6470588235294118,19,2,0.7525599819436475,0,0,0,0.9768571428571428,0,fda_768,CC(C)C[C@H](N(C)C)C1(c2ccc(Cl)cc2)CCC1,4.53586626,FDA,SIBUTRAMINE,-1,0.06680461,0.4245582560940072
421.5170000000002,3.590620000000002,77.62,1,5,7,3,0.4,31,4,0.6308425066397831,0,0,0,0.4455714285714285,1,fda_2113,CCO[C@H]1CCN(Cc2c(OC)cc(C)c3[nH]ccc23)[C@H](c2ccc(C(=O)[O-])cc2)C1,4.8315196,FDA,IPTACOPAN,-1,0.99574214,0.485243110550833
689.6649999999998,-1.873079999999994,267.13,3,17,8,2,0.4230769230769231,47,6,0.0900548688613845,2,1,0,0.0,1,fda_2111,Cc1oc(=O)oc1COC(=O)N1CC[C@@H](N2CC/C(=C\C3=C(C(=O)[O-])N4C(=O)[C@@H](NC(=O)/C(=N\O)c5nsc(N)n5)[C@H]4SC3)C2=O)C1,5.39275026,FDA,CEFTOBIPROLE MEDOCARIL,-1,0.9064297,0.6004395122515824
318.43700000000024,2.4562999999999997,46.53,1,3,4,1,0.631578947368421,23,3,0.6850778093160973,0,0,0,0.6676428571428572,0,fda_314,C[N+]1(C)CC[C@@H](OC(=O)[C@@](O)(c2ccccc2)C2CCCC2)C1,4.52737188,FDA,GLYCOPYRROLATE,-1,0.6916127,0.42281472695274674
260.3809999999999,2.850740000000001,44.620000000000005,2,3,2,1,0.5625,19,2,0.8585249056143486,0,0,0,0.6812857142857143,0,fda_509,Cc1cc(C(C)(C)C)c(O)c(C)c1CC1=NCCN1,3.88500881,FDA,OXYMETAZOLINE,-1,0.06680461,0.29096534750251035
245.113,1.9467,62.44,3,4,1,1,0.2222222222222222,15,2,0.662396812585478,0,0,0,0.554,0,fda_632,Nc1cc(Cl)c(NC2=NCCN2)c(Cl)c1,4.53639555,FDA,APRACLONIDINE,-1,0.0157214,0.4246668964584809
291.39100000000013,2.1801000000000004,49.77,1,4,6,1,0.5882352941176471,21,2,0.816248731137982,0,0,0,0.6445000000000001,0,fda_960,CN(C)CCOC(=O)[C@H](c1ccccc1)C1(O)CCCC1,3.5915072,FDA,CYCLOPENTOLATE,-1,0.059982326,0.23072215023068504
281.3990000000001,3.8868000000000023,12.47,0,2,4,2,0.3684210526315789,21,3,0.8428209643790592,0,0,0,0.9109285714285714,0,fda_264,CN1CCC(OC(c2ccccc2)c2ccccc2)CC1,4.14058113,FDA,DIPHENYLPYRALINE,-1,0.050461505,0.3434233005985021
426.3870000000001,2.557499999999999,146.86,3,9,4,4,0.1052631578947368,31,4,0.4510730043669502,0,1,0,0.0,1,fda_2018,COC(=O)Nc1c(N)nc(-c2nn(Cc3ccccc3F)c3ncc(F)cc23)nc1N,5.03199053,FDA,VERICIGUAT,-1,0.9940832,0.5263911294092518
182.197,-1.2777,76.13000000000001,1,5,4,0,1.0,11,1,0.4327485782445571,0,0,0,0.4562142857142857,0,fda_2136,CS(=O)(=O)OC[C@H](O)[C@@H]1CO1,3.30870032,FDA,M TREOSULFAN,0,0.0016589374,0.17267411887007533
495.5420000000002,3.0711000000000013,97.05,3,6,13,2,0.48,35,3,0.3698312599863209,0,1,0,0.3067857142857142,1,fda_31,C[C@H](Cc1cc2c(c(C(N)=O)c1)N(CCCO)CC2)NCCOc1ccccc1OCC(F)(F)F,4.22744799,FDA,SILODOSIN,-1,0.99096745,0.36125331312676057
307.39700000000005,3.2488400000000013,37.61000000000001,0,3,3,3,0.2631578947368421,23,3,0.7446971593088008,0,0,0,0.7313571428571428,0,fda_652,Cc1ccc(-c2nc3ccc(C)cn3c2CC(=O)N(C)C)cc1,4.81839275,FDA,ZOLPIDEM,-1,0.84938115,0.48254873550427824
343.21700000000004,4.233520000000002,43.07,0,4,1,3,0.1176470588235294,23,4,0.6634881818264521,0,0,0,0.6923571428571429,0,fda_467,Cc1nnc2n1-c1ccc(Cl)cc1C(c1ccccc1Cl)=NC2,6.17265701,FDA,TRIAZOLAM,1,0.93820286,0.7605206654482486
284.428,4.239400000000003,6.48,0,3,3,2,0.2941176470588235,20,3,0.8321538928687809,0,0,1,0.9537142857142856,0,fda_97,C[C@@H](CN1c2ccccc2Sc2ccccc21)N(C)C,3.98145223,FDA,PROMETHAZINE,-1,0.06680461,0.31076101396113553
243.257,2.3461,40.129999999999995,0,2,3,2,0.1333333333333333,18,2,0.829740682106172,0,0,0,0.7133571428571429,0,fda_550,C[C@H](C(=O)[O-])c1ccc(-c2ccccc2)c(F)c1,4.64368629,FDA,FLURBIPROFEN,-1,0.09214826,0.4466890489613585
466.95800000000025,3.916500000000003,99.13,1,7,4,0,0.7083333333333334,32,4,0.4948039858066498,0,0,0,0.2919285714285713,0,fda_758,CCOC(=O)O[C@]1(C(=O)OCCl)CC[C@H]2[C@@H]3CCC4=CC(=O)C=C[C@]4(C)[C@H]3[C@@H](O)C[C@@]21C,5.19768286,FDA,LOTEPREDNOL ETABONATE,-1,0.99629635,0.5604006045961796
274.795,3.818600000000002,16.130000000000003,0,2,5,2,0.3125,19,2,0.8240069237957237,0,0,0,0.8847857142857143,0,fda_77,CN(C)CC[C@H](c1ccc(Cl)cc1)c1ccccn1,3.90208817,FDA,CHLORPHENIRAMINE,-1,0.06680461,0.29447100204987897
274.145,-2.7805999999999997,158.8,2,8,5,1,0.2222222222222222,18,1,0.545077145661533,0,1,0,0.0,0,fda_2143,N[C@@H](Cc1ccc(OP(=O)([O-])[O-])c(O)c1)C(=O)[O-],3.74717331,FDA,FOSLEVODOPA,-1,0.0068890406,0.2626736757206735
287.297,0.6406000000000001,106.02,0,7,3,1,0.5,19,2,0.4585682353293902,0,0,0,0.2427142857142857,0,fda_2006,C[C@@H]1CS(=O)(=O)CCN1/N=C/c1ccc([N+](=O)[O-])o1,4.04024649,FDA,NIFURTIMOX,-1,0.010847364,0.3228289348275015
129.094,-0.5088000000000001,71.77000000000001,2,3,0,1,0.0,9,1,0.4952172017431901,0,0,0,0.4873571428571428,0,fda_403,Nc1[nH]c(=O)ncc1F,3.29639125,FDA,FLUCYTOSINE,0,0.004385519,0.17014759871830276
614.6500000000003,-8.895300000000017,353.11,13,19,9,0,1.0,42,4,0.114512756987258,3,1,0,0.0,0,fda_968,NC[C@@H]1O[C@H](O[C@H]2[C@@H](O)[C@H](O[C@@H]3[C@@H](O)[C@H](N)C[C@H](N)[C@H]3O[C@H]3O[C@H](CN)[C@@H](O)[C@H](O)[C@H]3N)O[C@@H]2CO)[C@H](N)[C@@H](O)[C@@H]1O,3.11819625,FDA,NEOMYCIN,0,0.25143698,0.13357186566575524
597.664,4.020020000000003,124.24,1,10,8,3,0.5384615384615384,41,4,0.4131104469248584,1,0,0,0.1125714285714285,1,fda_1962,Cc1nn(C)cc1S(=O)(=O)NC(=O)c1ccc(-n2ccc(OCC(C)(C)C(F)(F)F)n2)nc1N1C[C@@H](C)CC1(C)C,5.58983564,FDA,ELEXACAFTOR,-1,0.99661356,0.6408926239968049
263.27500000000003,3.917200000000002,41.57,1,2,1,4,0.0,20,4,0.5287702296851626,0,0,0,0.7030714285714286,0,fda_1961,Fc1ccc(-c2ccc3c(c2)[nH]c2ccncc23)cn1,4.45986938,FDA,FLORTAUCIPIR,-1,0.14708915,0.40895938072878096
428.4520000000002,2.503780000000001,120.24,2,7,6,3,0.1739130434782608,32,4,0.5788786270630801,0,0,0,0.1411428571428571,1,fda_2096,N#CCNC(=O)c1ccc(-c2ccnc(Nc3ccc(N4CCOCC4=O)cc3)n2)cc1,5.42305183,FDA,M MOMELOTINIB,-1,0.9956886,0.6066591151326571
254.355,1.9272999999999996,58.53,2,2,5,0,0.5833333333333334,17,1,0.4472415875616168,0,0,0,0.5819285714285714,0,fda_90,C=CC[C@]1([C@H](C)CCC)C(=O)N=C(S)NC1=O,4.1898942,FDA,THIAMYLAL,-1,0.01624153,0.3535451428742203
434.50400000000025,2.4188000000000005,93.06,2,6,2,0,0.75,31,5,0.6935078414535659,0,0,0,0.3352857142857143,0,fda_225,CC1(C)O[C@@H]2C[C@H]3[C@@H]4CCC5=CC(=O)C=C[C@]5(C)[C@@]4(F)[C@@H](O)C[C@]3(C)[C@]2(C(=O)CO)O1,5.8955245,FDA,TRIAMCINOLONE ACETONIDE,1,0.9946616,0.7036373370386835
448.5270000000003,1.0870999999999995,94.28,1,9,5,3,0.5,33,6,0.6243883066833762,0,0,0,0.3265714285714285,1,fda_2126,O=c1ccc2ncc(=O)n3c2n1C[C@H]3CN1CCC(NCc2cc3c(cn2)OCCC3)CC1,4.89422655,FDA,GEPOTIDACIN,-1,0.9773931,0.49811413759277834
241.266,2.3323,49.36,0,3,4,2,0.1333333333333333,18,2,0.8250239696136488,0,0,0,0.6474285714285715,0,fda_445,C[C@@H](C(=O)[O-])c1cccc(Oc2ccccc2)c1,4.57202578,FDA,FENOPROFEN,-1,0.06055608,0.4319802429669736
929.161,8.06550000000001,126.44000000000004,0,12,24,4,0.5094339622641509,67,6,0.0383493961362308,3,1,0,0.0968571428571425,1,fda_752,COc1ccc(C[C@@H]2c3cc(OC)c(OC)cc3CC[N@+]2(C)CCC(=O)OCCCCCOC(=O)CC[N@@+]2(C)CCc3cc(OC)c(OC)cc3[C@H]2Cc2ccc(OC)c(OC)c2)cc1OC,6.39080286,FDA,CISATRACURIUM,1,0.9975274,0.8052965815857445
230.639,-2.902000000000001,158.53,5,5,1,1,0.0,15,1,0.2570199231054271,0,1,0,0.0,0,fda_493,NC(=[NH2+])NC(=O)c1nc(Cl)c(N)nc1N,4.74067926,FDA,AMILORIDE,-1,0.011035812,0.46659751428694995
379.41400000000016,-0.3855999999999993,108.0,1,7,5,1,0.4705882352941176,26,3,0.6945829459077618,0,0,0,0.2285714285714285,0,fda_979,COc1cccc(OC)c1C(=O)N[C@@H]1C(=O)N2[C@@H]1SC(C)(C)[C@@H]2C(=O)[O-],4.29628325,FDA,METHICILLIN,-1,0.73425,0.37538221738536887
310.4370000000001,3.915600000000003,29.46,1,2,1,1,0.6190476190476191,23,4,0.7968347529245803,0,0,0,0.7895714285714286,0,fda_213,C#C[C@]1(O)CC[C@H]2[C@@H]3CCc4cc(OC)ccc4[C@H]3CC[C@@]21C,5.20662928,FDA,MESTRANOL,-1,0.8191356,0.5622369180151643
500.65900000000016,4.175800000000003,83.83,2,5,10,3,0.40625,37,4,0.4364838141488936,1,0,0,0.4012142857142857,1,fda_765,CC(C)(C(=O)[O-])c1ccc([C@@H](O)CCCN2CCC(C(O)(c3ccccc3)c3ccccc3)CC2)cc1,5.34025574,FDA,FEXOFENADINE,-1,0.9979361,0.5896646557727722
396.57100000000025,6.130500000000006,46.53,1,3,4,1,0.7307692307692307,29,5,0.6227170001015172,1,0,0,0.6676428571428572,0,fda_20,C[C@]12CC[C@@H]3c4ccc(O)cc4CC[C@H]3[C@@H]1CC[C@@H]2OC(=O)CCC1CCCC1,5.93026352,FDA,ESTRADIOL CYPIONATE,1,0.9941538,0.7107677566465687
288.43500000000006,3.8965400000000026,32.34,1,2,5,1,0.6111111111111112,21,2,0.891012713024742,0,0,0,0.769,0,fda_835,CCCCN1CCCC[C@H]1C(=O)Nc1c(C)cccc1C,4.1116147,FDA,LEVOBUPIVACAINE,-1,0.17434193,0.3374777442632215
354.3670000000001,-1.4366999999999974,171.37,4,10,8,2,0.5714285714285714,25,2,0.4142937706843366,0,1,0,0.0,0,fda_882,CC(C)[C@H](N)C(=O)OC[C@H](CO)OCn1cnc2c(=O)nc(N)[nH]c21,4.2218194,FDA,VALGANCICLOVIR,-1,0.18169096,0.3600980068313975
429.5370000000004,1.4386000000000003,98.77,1,6,9,1,0.625,31,3,0.596634853150844,0,0,0,0.2944999999999999,0,fda_748,CCOC(=O)[C@H](CCc1ccccc1)N[C@@H](C)C(=O)N1[C@H](C(=O)[O-])C[C@H]2CCCC[C@@H]21,4.45451403,FDA,TRANDOLAPRIL,-1,0.9622059,0.4078601587977339
86.09,-0.2159999999999999,25.06,0,2,1,0,1.0,6,2,0.4121649293296036,0,0,0,0.821,0,fda_2137,C1O[C@@H]1[C@@H]1CO1,2.67348981,FDA,M TREOSULFAN,0,0.0032559822,0.042292850899972007
318.32800000000003,-0.0664000000000002,77.4,1,6,3,2,0.375,23,3,0.8573765660819532,0,0,0,0.447142857142857,0,fda_591,CCn1cc(C(=O)[O-])c(=O)c2cc(F)c(N3CCNCC3)cc21,4.16335917,FDA,NORFLOXACIN,-1,0.3067514,0.3480986478893926
784.8880000000001,4.188940000000003,164.28,4,14,3,4,0.4634146341463415,56,11,0.1728029394039162,2,1,1,0.0,1,fda_1986,COc1ccc2[nH]c3c(c2c1)CCN[C@]31CS[C@@H]2c3c(OC(C)=O)c(C)c4c(c3[C@H](COC1=O)N1[C@@H]2[C@H]2c3c(cc(C)c(OC)c3O)C[C@@H]([C@@H]1O)N2C)OCO4,5.8218956,FDA,LURBINECTEDIN,1,0.99692374,0.6885245056385169
477.6030000000003,-3.327499999999993,199.73,8,12,7,0,1.0,33,3,0.1815983099627801,2,1,0,0.0,0,fda_969,CN[C@@H](C)[C@@H]1CC[C@@H](N)[C@@H](O[C@H]2[C@H](O)[C@@H](O[C@H]3OC[C@](C)(O)[C@H](NC)[C@H]3O)[C@H](N)C[C@@H]2N)O1,3.33105636,FDA,GENTAMICIN,-1,0.11356885,0.17726284779710513
179.15099999999995,-0.0246,66.43,0,4,2,1,0.1111111111111111,13,1,0.4721709057370543,0,0,0,0.5255,0,fda_84,CC(=O)Oc1ccccc1C(=O)[O-],3.09243774,FDA,ASPIRIN,0,0.008799248,0.128284756680703
359.38500000000005,4.191380000000003,89.00999999999999,0,6,4,3,0.238095238095238,27,4,0.6937167816719195,0,0,0,0.3642142857142858,0,fda_1937,CC(C)Oc1ccc(-c2nc(-c3cccc4c3CCC4=O)no2)cc1C#N,5.5613513,FDA,M OZANIMOD,-1,0.956281,0.63504601990568
473.3980000000001,3.5455000000000014,103.54,2,5,5,2,0.3809523809523809,33,3,0.6469701662363415,0,0,0,0.2604285714285713,1,fda_2154,COc1c([C@H]2[C@H](C(=O)Nc3ccnc(C(N)=O)c3)O[C@@](C)(C(F)(F)F)[C@H]2C)ccc(F)c1F,5.41017723,FDA,SUZETRIGINE,-1,0.9886847,0.6040165161104718
309.33099999999996,4.435000000000003,21.26,1,2,6,2,0.2941176470588235,22,2,0.8517964099245682,0,0,0,0.8481428571428572,0,fda_561,CNCC[C@@H](Oc1ccc(C(F)(F)F)cc1)c1ccccc1,3.76877666,FDA,FLUOXETINE,-1,0.07930737,0.2671079099171479
286.45900000000006,5.510300000000006,20.23,1,1,5,0,0.5,21,1,0.6605933879271789,1,0,0,0.8555,0,fda_24,CC1=C(/C=C/C(C)=C/C=C/C(C)=C/CO)C(C)(C)CCC1,4.71074772,FDA,VITAMIN A,-1,0.073928155,0.46045386257454685
194.23400000000004,0.6517000000000001,78.34,2,3,4,1,0.3,14,1,0.7382960322356528,0,0,0,0.4404285714285714,0,fda_1923,NC(=O)OC[C@H](N)Cc1ccccc1,3.31487083,FDA,SOLRIAMFETOL,-1,0.022811573,0.17394065792312438
406.4210000000001,2.8006800000000016,110.06,1,7,0,3,0.238095238095238,30,4,0.6146965066530885,0,0,0,0.2138571428571428,1,fda_1917,C[C@H]1Oc2cc(cnc2N)-c2c(nn(C)c2C#N)CN(C)C(=O)c2ccc(F)cc21,6.06772184,FDA,LORLATINIB,1,0.98803526,0.7389820096737112
413.1730000000001,3.2800400000000014,149.46,2,8,3,3,0.1333333333333333,27,3,0.1658936220616076,0,1,1,0.0,1,fda_1966,[c:1]1(-[c:10]2[o:11][n:12][c:13](-[c:17]3[c:18]([Cl:27])[n+:19]([O-:26])[c:20]([CH3:25])[c:21]([Cl:24])[c:22]3[CH3:23])[n:14]2)[cH:2][c:3]([OH:7])[c:4]([OH:8])[c:5]([N+:9](=[O:15])[O-:16])[cH:6]1,5.18711042,FDA,OPICAPONE,-1,0.9732136,0.5582305395373729
296.13300000000004,-0.8858999999999995,98.69,2,6,5,1,0.5,20,2,0.6871134410494694,0,0,0,0.2950714285714285,0,fda_1873,O=C([O-])C[C@@H]1CC[C@H](NC(=O)Cc2cccs2)B(O)O1,5.44591856,FDA,VABORBACTAM,-1,0.011697496,0.6113526666479335
509.6000000000003,0.6850000000000034,127.82,3,9,13,1,0.68,36,3,0.2598475664508193,1,1,0,0.0869999999999999,0,fda_2123,CC1(C)OC[C@@H](COC(=O)CCc2ccc(OC[C@@H](O)CNCCNC(=O)N3CCOCC3)cc2)O1,5.14941931,FDA,LANDIOLOL,-1,0.9652272,0.5504941834229241
172.20900000000003,-0.0838,86.18,2,3,1,1,0.0,11,1,0.5805509816764027,0,0,0,0.3844285714285713,0,fda_67,Nc1ccc(S(N)(=O)=O)cc1,3.06669641,FDA,SULFANILAMIDE,0,0.0046799053,0.1230011740072412
313.78500000000014,1.0838,72.0,1,5,6,1,0.5714285714285714,21,2,0.3691365154934619,0,0,0,0.4857142857142857,0,fda_2121,[O-][n+]1cccc(/C(Cl)=N/OC[C@H](O)CN2CCCCC2)c1,3.99054265,FDA,ARIMOCLOMOL,-1,0.008360817,0.31262688435736186
505.63700000000034,2.4028,131.19,3,7,11,2,0.48,35,3,0.3997403747719006,1,1,0,0.0629285714285714,1,fda_837,CC(C)CN(C[C@@H](O)[C@H](Cc1ccccc1)NC(=O)O[C@H]1CCOC1)S(=O)(=O)c1ccc(N)cc1,4.60132074,FDA,AMPRENAVIR,-1,0.9868651,0.4379932323142902
424.946,3.172600000000002,79.15,3,6,6,2,0.4285714285714285,28,3,0.6606272277437806,0,0,0,0.4346428571428571,1,fda_2069,CCOc1ccc(Cc2cc([C@@H]3O[C@H](SC)[C@@H](O)[C@H](O)[C@H]3O)ccc2Cl)cc1,3.80438399,FDA,SOTAGLIFLOZIN,-1,0.95848686,0.2744165560452321
436.888,1.3564999999999994,108.61,4,7,6,2,0.4545454545454545,30,4,0.5410269555469095,0,0,0,0.2242142857142856,1,fda_1874,CCOc1ccc(Cc2cc([C@]34OC[C@](CO)(O3)[C@@H](O)[C@H](O)[C@H]4O)ccc2Cl)cc1,4.00056505,FDA,ERTUGLIFLOZIN,-1,0.93651474,0.31468404997337707
324.341,-0.7975999999999985,151.14000000000004,3,9,7,2,0.5384615384615384,23,2,0.4421427639585916,0,1,0,0.0,0,fda_740,CC(C)[C@H](N)C(=O)OCCOCn1cnc2c(=O)[nH]c(N)nc21,3.93869662,FDA,VALACYCLOVIR,-1,0.1588268,0.301985134851964
348.3810000000001,-1.142399999999997,128.28,3,6,4,0,0.8333333333333334,23,3,0.5477029671920374,0,0,0,0.0837142857142857,0,fda_1973,O=C(NC1CCNCC1)[C@@H]1CC[C@@H]2CN1C(=O)N2OS(=O)(=O)O,4.86953068,FDA,RELEBACTAM,-1,0.1473361,0.49304514267922617
340.4430000000001,2.7045000000000012,46.53,1,3,4,2,0.3809523809523809,25,3,0.6875579142294286,0,0,0,0.6676428571428572,0,fda_201,C[N+]1(C)CCC[C@@H](OC(=O)C(O)(c2ccccc2)c2ccccc2)C1,4.10975122,FDA,MEPENZOLATE,-1,0.86086124,0.3370952523469009
204.229,1.2994,49.41,1,2,2,1,0.2727272727272727,15,2,0.7380128478007799,0,0,0,0.6470714285714285,0,fda_208,CCN1C(=O)N[C@H](c2ccccc2)C1=O,4.11707592,FDA,ETHOTOIN,-1,0.013722371,0.3385986967302451
124.23,0.2069,20.23,3,3,2,0,1.0,6,0,0.4493996678556496,0,0,0,0.8555,0,fda_54,OC[C@@H](S)CS,3.50634694,FDA,DIMERCAPROL,-1,0.0056423796,0.21324242893409676
420.4690000000002,1.72788,109.29,2,7,5,3,0.3478260869565217,31,4,0.6506541917777005,0,0,0,0.2193571428571428,1,fda_2145,Cn1c(=O)oc2ccc(-c3ccc(C[C@@H](C#N)NC(=O)[C@@H]4CNCCCO4)cc3)cc21,4.62704134,FDA,BRENSOCATIB,-1,0.9910787,0.4432725600145699
287.36299999999994,1.9229,57.36,2,3,5,2,0.4375,21,3,0.8831305051919813,0,0,0,0.5902857142857143,0,fda_799,CN(C)CCc1c[nH]c2ccc(C[C@H]3COC(=O)N3)cc12,3.64352441,FDA,ZOLMITRIPTAN,-1,0.015305542,0.2413990355927788
451.58700000000033,3.885200000000003,81.7,1,5,10,2,0.4814814814814814,33,3,0.5927698191036681,0,0,0,0.4164285714285713,1,fda_794,CCOc1cc(CC(=O)N[C@@H](CC(C)C)c2ccccc2N2CCCCC2)ccc1C(=O)[O-],4.93334627,FDA,REPAGLINIDE,-1,0.99074954,0.5061437256048461
853.918,3.735700000000003,221.28999999999996,4,14,10,3,0.4468085106382978,62,7,0.129786194451245,2,1,0,0.0,1,fda_712,CC(=O)O[C@H]1C(=O)[C@@]2(C)[C@H]([C@H](OC(=O)c3ccccc3)[C@]3(O)C[C@H](OC(=O)[C@H](O)[C@@H](NC(=O)c4ccccc4)c4ccccc4)C(C)=C1C3(C)C)[C@]1(OC(C)=O)CO[C@@H]1C[C@@H]2O,5.24197817,FDA,PACLITAXEL,-1,0.9970535,0.5694925175793715
554.6550000000002,4.104200000000003,109.67000000000002,2,10,10,4,0.2666666666666666,41,5,0.2800492068731047,1,0,0,0.216642857142857,1,fda_2151,C=CC(=O)Nc1cc(Nc2nccc(-n3cc(CN(C)C)c(-c4ccccc4)n3)n2)c(OC)cc1N1CCOCC1,5.98000574,FDA,LAZERTINIB,1,0.9966024,0.7209776848721705
414.4690000000002,2.9771800000000015,103.17,2,7,6,3,0.217391304347826,31,4,0.597823059764905,0,0,1,0.2630714285714285,1,fda_2095,N#CCNC(=O)c1ccc(-c2ccnc(Nc3ccc(N4CCOCC4)cc3)n2)cc1,5.34688568,FDA,MOMELOTINIB,-1,0.9966197,0.5910254959511969
75.067,-0.4882999999999999,49.33,2,2,0,0,0.5,5,0,0.3013330093828796,0,0,0,0.6476428571428572,0,fda_547,CC(=O)NO,4.51809597,FDA,ACETOHYDROXAMIC ACID,-1,0.013805021,0.42091078347521127
471.4700000000002,2.6847200000000004,136.31,2,8,7,4,0.1428571428571428,33,4,0.3927578678332285,0,0,0,0.0263571428571428,1,fda_2158,CNS(=O)(=O)Nc1nccc(Cc2c(C)c3ccc(Oc4ncccn4)cc3oc2=O)c1F,5.99225044,FDA,AVUTOMETINIB,1,0.98829585,0.7234909926446026
231.26099999999997,3.2459000000000024,12.03,1,1,4,1,0.5,16,1,0.8383597745599246,0,0,0,0.9140714285714284,0,fda_1958,CCN[C@@H](C)Cc1cccc(C(F)(F)F)c1,3.20274806,FDA,FENFLURAMINE,0,0.06680461,0.15092669847065834
361.3970000000001,4.112400000000003,65.49000000000001,0,5,5,3,0.1363636363636363,27,3,0.5053017377899989,0,0,0,0.5322142857142856,0,fda_916,CC(=O)Oc1ccc(C(c2ccc(OC(C)=O)cc2)c2ccccn2)cc1,5.62429476,FDA,BISACODYL,-1,0.9597382,0.6479655922301767
289.80600000000004,3.5276000000000023,23.47,1,2,5,2,0.2941176470588235,20,2,0.9101481503464453,0,0,0,0.8323571428571429,0,fda_275,CN(C)CC[C@@](O)(c1ccccc1)c1ccccc1Cl,3.80562782,FDA,CHLOPHEDIANOL,-1,0.06680461,0.27467186059386006
331.35300000000007,1.7376,99.6,2,6,2,2,0.0666666666666666,23,3,0.6421512761710628,0,0,0,0.2885714285714286,0,fda_488,CN1/C(=C(/O)Nc2ccccn2)C(=O)c2ccccc2S1(=O)=O,4.64013481,FDA,PIROXICAM,-1,0.30089045,0.4459600835895947
515.5960000000002,5.438000000000006,64.96,0,5,9,2,0.5172413793103449,37,4,0.3296958400794389,2,0,0,0.536,1,fda_1896,CCc1cc(/C(C)=N/OCc2ccc(C3CCCCC3)c(C(F)(F)F)c2)ccc1CN1CC(C(=O)[O-])C1,5.20903444,FDA,SIPONIMOD,-1,0.99655235,0.5627305934275422
356.4620000000001,2.752900000000001,74.6,2,4,2,0,0.6363636363636364,26,4,0.7462733211519809,0,0,0,0.4671428571428572,0,fda_2091,C[C@@H]1C[C@H]2[C@@H]3CCC4=CC(=O)C=C[C@]4(C)C3=CC[C@]2(C)[C@@]1(O)C(=O)CO,5.549438,FDA,VAMOROLONE,-1,0.9860422,0.6326007342322609
306.446,3.543100000000003,46.53,1,3,0,0,0.9473684210526316,22,4,0.6962908532154631,0,0,0,0.6676428571428572,0,fda_334,C[C@]12COC(=O)C[C@@H]1CC[C@@H]1[C@@H]2CC[C@@]2(C)[C@H]1CC[C@]2(C)O,5.49306917,FDA,OXANDROLONE,-1,0.2506229,0.6210306493333331
1202.634999999999,3.269000000000005,278.8,5,12,15,0,0.7903225806451613,85,1,0.1479247146733168,2,2,0,0.0,0,fda_840,C/C=C/C[C@@H](C)[C@@H](O)[C@H]1C(=O)N[C@@H](CC)C(=O)N(C)CC(=O)N(C)[C@@H](CC(C)C)C(=O)N[C@@H](C(C)C)C(=O)N(C)[C@@H](CC(C)C)C(=O)N[C@@H](C)C(=O)N[C@H](C)C(=O)N(C)[C@@H](CC(C)C)C(=O)N(C)[C@@H](CC(C)C)C(=O)N(C)[C@@H](C(C)C)C(=O)N1C,7.06703329,FDA,CYCLOSPORINE,1,0.98357564,0.9440974665134328
114.173,1.08269,20.72,1,2,0,1,0.25,7,1,0.5004564356679512,0,0,0,0.852,0,fda_88,Cn1cc[nH]c1=S,3.2095058,FDA,METHIMAZOLE,0,0.012416948,0.1523137704663851
250.342,2.759700000000002,32.78,0,3,4,1,0.5,18,1,0.8234224757170807,0,0,0,0.7658571428571428,0,fda_807,CCN(C)C(=O)Oc1cccc([C@H](C)N(C)C)c1,2.92910385,FDA,RIVASTIGMINE,0,0.111132,0.09475936730909242
391.66300000000007,4.7189000000000005,72.05000000000001,1,4,3,3,0.0714285714285714,23,3,0.7010036458654497,0,0,0,0.4853571428571428,0,fda_1892,CS(=O)(=O)c1nc2cc(Cl)c(Oc3cccc(Cl)c3Cl)cc2[nH]1,4.98456526,FDA,M TRICLABENDAZOLE,-1,0.9089386,0.5166567708948997
360.2620000000001,0.2847999999999997,121.83,1,6,5,2,0.125,25,3,0.6038768165958809,0,0,0,0.1297857142857141,0,fda_734,O=C1NC(c2ccccc2)(c2ccccc2)C(=O)N1COP(=O)([O-])[O-],4.18031073,FDA,FOSPHENYTOIN,-1,0.39079887,0.3515780706194595
308.77200000000005,3.5801200000000017,43.07,0,4,1,3,0.1176470588235294,22,4,0.6893709827759431,0,0,0,0.6923571428571429,0,fda_501,Cc1nnc2n1-c1ccc(Cl)cc1C(c1ccccc1)=NC2,5.28632689,FDA,ALPRAZOLAM,-1,0.2473939,0.5785953933275246
221.256,1.7906399999999998,47.56,1,3,3,1,0.4166666666666667,16,2,0.8460710155484404,0,0,0,0.6602857142857143,0,fda_323,Cc1cc(C)cc(OC[C@H]2CNC(=O)O2)c1,3.42870331,FDA,METAXALONE,-1,0.009372522,0.19730554695586636
298.42600000000004,3.4925000000000024,37.3,1,2,0,0,0.75,22,4,0.6950885218084817,0,0,0,0.7335714285714285,0,fda_209,C#C[C@]1(O)CC[C@H]2[C@@H]3CCC4=CC(=O)CC[C@@H]4[C@H]3CC[C@@]21C,5.67393494,FDA,NORETHINDRONE,-1,0.29214633,0.6581545760532941
229.25499999999997,1.7018,49.36,0,3,3,2,0.2142857142857142,17,2,0.8044886100489643,0,0,0,0.6474285714285715,0,fda_442,COc1ccc2cc([C@H](C)C(=O)[O-])ccc2c1,3.53290105,FDA,NAPROXEN,-1,0.025596308,0.21869284021840882
357.4500000000003,1.7072999999999998,73.16,3,5,2,1,0.7142857142857143,26,6,0.7514859268568042,0,0,0,0.4774285714285714,0,fda_479,Oc1ccc2c3c1O[C@H]1[C@@H](O)CC[C@@]4(O)[C@@H](C2)N(CC2CCC2)CC[C@]314,4.54034328,FDA,NALBUPHINE,-1,0.8451913,0.4254771948318558
506.6050000000003,4.936920000000004,75.0,1,8,7,4,0.4074074074074074,37,5,0.3806883073588551,1,0,0,0.4642857142857143,1,fda_1863,CCN1CCN(Cc2ccc(Nc3ncc(F)c(-c4cc(F)c5nc(C)n(C(C)C)c5c4)n3)nc2)CC1,5.7972703,FDA,ABEMACICLIB,-1,0.9937204,0.6834699956963809
429.1340000000001,6.117800000000003,39.41,0,4,6,3,0.1111111111111111,26,3,0.350148407155942,1,0,0,0.7185,1,fda_638,Clc1ccc(CO/N=C(\Cn2ccnc2)c2ccc(Cl)cc2Cl)c(Cl)c1,4.87380695,FDA,OXICONAZOLE,-1,0.94844466,0.49392287611720487
344.4550000000002,2.731700000000001,62.129999999999995,1,5,5,1,0.6,25,3,0.8344883565703411,0,0,0,0.5562142857142858,0,fda_240,CN1CCCN=C1COC(=O)[C@](O)(c1ccccc1)C1CCCCC1,4.4794364,FDA,OXYPHENCYCLIMINE,-1,0.9481923,0.4129756443734055
225.224,-1.3877999999999997,118.64,4,6,4,1,0.3,16,1,0.2844951644050399,0,0,1,0.1525714285714284,0,fda_433,C[C@@](Cc1ccc(O)c(O)c1)(NN)C(=O)[O-],3.69403005,FDA,CARBIDOPA,-1,0.01154129,0.25176566095425396
384.51600000000025,4.575300000000005,60.440000000000005,0,4,2,0,0.7083333333333334,28,4,0.6541950145872741,0,0,0,0.5682857142857143,0,fda_400,CC(=O)O[C@]1(C(C)=O)CC[C@H]2[C@@H]3C=C(C)C4=CC(=O)CC[C@]4(C)[C@H]3CC[C@@]21C,5.94436884,FDA,MEGESTROL ACETATE,1,0.99366355,0.7136629693009124
421.4220000000001,1.6254000000000004,118.36,3,5,3,2,0.2,27,3,0.6961649733786912,0,0,0,0.1545714285714287,1,fda_279,NS(=O)(=O)c1cc2c(cc1C(F)(F)F)N[C@H](Cc1ccccc1)NS2(=O)=O,5.11325073,FDA,BENDROFLUMETHIAZIDE,-1,0.8976808,0.5430703369234728
423.64200000000034,3.8484000000000034,37.41,0,6,18,1,0.75,30,1,0.3570341652419156,0,1,0,0.7327857142857143,0,fda_94,CCN(CC)CCOc1cccc(OCCN(CC)CC)c1OCCN(CC)CC,3.27088284,FDA,GALLAMINE,0,0.9581408,0.1649118244555292
369.3680000000001,3.515220000000001,67.87,1,4,5,3,0.25,25,3,0.7472859639825712,0,0,0,0.5152142857142856,0,fda_726,Cc1c(OCC(F)(F)F)ccnc1C[S@](=O)c1nc2ccccc2[nH]1,4.63642311,FDA,LANSOPRAZOLE,-1,0.86102337,0.44519823197551384
236.29599999999996,2.7321999999999997,66.56,2,3,2,2,0.1818181818181818,16,2,0.621567647628534,0,0,0,0.5245714285714286,0,fda_735,C[C@@H](c1cc2ccccc2s1)N(O)C(N)=O,4.03515053,FDA,ZILEUTON,-1,0.15985584,0.32178295445427857
244.294,2.669100000000001,44.12,0,4,4,2,0.2857142857142857,18,2,0.776550261358108,0,0,0,0.6848571428571428,0,fda_497,CCOC(=O)c1cncn1[C@H](C)c1ccccc1,3.5234859,FDA,ETOMIDATE,-1,0.08389065,0.21676031678593485
210.28000000000003,2.3840000000000003,24.39,1,2,2,2,0.2142857142857142,16,3,0.8082645116844471,0,0,0,0.8257857142857143,0,fda_545,c1ccc2c(CC3=NCCN3)cccc2c1,3.41302681,FDA,NAPHAZOLINE,-1,0.03664028,0.19408783894386678
606.7820000000003,8.682600000000003,57.53,2,3,14,1,0.8125,41,4,0.1645862016113967,2,1,0,0.5890714285714286,0,fda_887,C[C@]12CC[C@@H]3c4ccc(O)cc4C[C@@H](CCCCCCCCC[S@](=O)CCCC(F)(F)C(F)(F)F)[C@H]3[C@@H]1CC[C@@H]2O,5.74958467,FDA,FULVESTRANT,-1,0.9941083,0.6736821965251216
336.47900000000004,4.136700000000004,23.550000000000004,0,2,6,2,0.4090909090909091,25,3,0.7914868412582013,0,0,0,0.8317857142857142,0,fda_357,CCC(=O)N(c1ccccc1)C1CCN(CCc2ccccc2)CC1,4.44702101,FDA,FENTANYL,-1,0.90691185,0.40632216559210294
517.7760000000004,5.251300000000007,66.84,1,6,5,0,0.8666666666666667,36,5,0.3968262654096404,2,0,0,0.5225714285714285,0,fda_954,C=C[C@]1(C)C[C@@H](OC(=O)CS[C@@H]2C[C@H]3CC[C@@H](C2)N3C)[C@@]2(C)[C@H](C)CC[C@]3(CCC(=O)[C@H]32)[C@@H](C)[C@@H]1O,5.41388273,FDA,RETAPAMULIN,-1,0.9949379,0.6047770951324769
435.4550000000002,2.4731200000000007,107.44,2,7,1,3,0.375,32,6,0.4450009608516145,0,0,0,0.2325714285714285,1,fda_1993,CC[C@@]1(O)C(=O)OCc2c1cc1n(c2=O)Cc2c-1nc1cc(F)c(C)c3c1c2[C@@H](N)CC3,5.85588408,FDA,EXATECAN,1,0.9886254,0.6955008718179374
414.52700000000016,3.368500000000002,59.080000000000005,0,6,6,2,0.3636363636363636,29,3,0.6757916364888925,0,0,0,0.578,1,fda_523,COc1ccc([C@@H]2Sc3ccccc3N(CCN(C)C)C(=O)[C@@H]2OC(C)=O)cc1,5.08294439,FDA,DILTIAZEM,-1,0.9850655,0.5368497549675272
253.718,1.715799999999999,62.2,2,6,1,2,0.2222222222222222,16,3,0.8124044266873097,0,0,0,0.5557142857142857,0,fda_725,Clc1ccc2nsnc2c1NC1=NCCN1,4.25136757,FDA,TIZANIDINE,-1,0.013142349,0.36616296924959824
406.482,3.738000000000002,75.74000000000001,3,5,10,4,0.25,30,4,0.3499607634429391,0,0,0,0.4589999999999999,1,fda_715,COc1ccccc1OCCNC[C@@H](O)COc1cccc2[nH]c3ccccc3c12,4.08918524,FDA,CARVEDILOL,-1,0.9838471,0.33287394538293436
416.6460000000002,5.704700000000008,60.69,3,3,6,0,0.7777777777777778,30,3,0.5199919050350968,1,0,0,0.5665,0,fda_480,C=C1/C(=C\C=C2/CCC[C@]3(C)[C@@H]([C@H](C)CCCC(C)(C)O)CC[C@@H]23)C[C@@H](O)C[C@@H]1O,5.73014832,FDA,CALCITRIOL,-1,0.9702631,0.669692753784776
370.4890000000001,4.185200000000004,60.440000000000005,0,4,2,0,0.6956521739130435,27,4,0.5402057989764432,0,0,0,0.5682857142857143,0,fda_1894,C=C1C[C@H]2[C@@H]3CCC4=CC(=O)CC[C@@H]4[C@H]3CC[C@]2(C)[C@@]1(OC(C)=O)C(C)=O,5.78698492,FDA,SEGESTERONE ACETATE,-1,0.98582447,0.6813588516506781
259.306,1.8325,57.2,0,4,4,2,0.1428571428571428,18,2,0.7870481258790089,0,0,0,0.5914285714285714,0,fda_594,C[C@@H](C(=O)[O-])c1ccc(C(=O)c2cccs2)cc1,4.682868,FDA,SUPROFEN,-1,0.050319612,0.4547313608416152
375.664,5.052800000000001,54.98,1,3,3,3,0.0714285714285714,22,3,0.6964337451763656,1,0,0,0.6072857142857143,0,fda_1891,C[S@@](=O)c1nc2cc(Cl)c(Oc3cccc(Cl)c3Cl)cc2[nH]1,5.28469038,FDA,M TRICLABENDAZOLE,-1,0.3807809,0.5782594885440132
557.8400000000003,5.965900000000007,55.84,0,5,4,0,0.9411764705882352,40,6,0.3151098082587802,2,0,0,0.6011428571428572,0,fda_552,CC(=O)O[C@H]1C[C@@H]2CC[C@@H]3[C@H](CC[C@@]4(C)[C@H]3C[C@H]([N+]3(C)CCCCC3)[C@@H]4OC(C)=O)[C@@]2(C)C[C@@H]1N1CCCCC1,5.50522804,FDA,VECURONIUM,-1,0.9917333,0.6235263399157885
205.27699999999996,1.7385,40.129999999999995,0,2,4,1,0.4615384615384615,15,1,0.7507790478562271,0,0,0,0.7133571428571429,0,fda_423,CC(C)Cc1ccc([C@@H](C)C(=O)[O-])cc1,4.15643644,FDA,IBUPROFEN,-1,0.044987593,0.3466777105764779
302.37,3.5664000000000033,80.92,4,4,5,2,0.3333333333333333,22,2,0.636536149264244,0,0,1,0.422,0,fda_656,C[C@H](Cc1ccc(O)c(O)c1)[C@@H](C)Cc1ccc(O)c(O)c1,4.80050468,FDA,MASOPROCOL,-1,0.1158976,0.4788770877411801
431.50000000000017,3.5588200000000025,99.75,1,9,6,4,0.2608695652173913,32,4,0.4981804969528948,0,0,0,0.2875,1,fda_2157,Cc1nc(-c2cnc(NC(C)C)n(C)c2=O)ccc1Oc1ccnc(-c2cnn(C)c2)c1,6.4352994,FDA,VIMSELTINIB,1,0.9888067,0.8144297983920634
446.5590000000004,2.724500000000001,91.21,2,8,3,3,0.5,33,6,0.6392153051534564,0,0,0,0.3485,1,fda_2017,CN1CCN(c2ccc(Nc3ncc4cc5n(c4n3)C3(CCCCC3)CNC5=O)nc2)CC1,5.95517874,FDA,TRILACICLIB,1,0.9930715,0.7158817746362177
477.6260000000002,1.8019000000000005,110.21,1,9,9,0,0.7368421052631579,30,3,0.3018598166462976,0,0,0,0.2127857142857143,0,fda_2139,CCC(CC)C(=O)OCOC(=O)C1=C(S[C@H]2CC[S@@](=O)C2)S[C@@H]2[C@@H]([C@@H](C)O)C(=O)N12,4.11791182,FDA,SULOPENEM ETZADROXIL,-1,0.9601118,0.3387702708779967
198.21799999999996,0.4272000000000001,58.92,2,4,5,1,0.4,14,1,0.7198499687675642,0,0,0,0.5791428571428572,0,fda_877,COc1ccccc1OC[C@@H](O)CO,2.88159442,FDA,GUAIFENESIN,0,0.0050499807,0.08500773438359673
560.6490000000001,5.026900000000005,85.52,3,6,7,4,0.3548387096774194,41,6,0.2942436042587454,2,0,0,0.3891428571428571,1,fda_1969,CN1CCN(c2ccc(C(=O)Nc3n[nH]c4ccc(Cc5cc(F)cc(F)c5)cc34)c(NC3CCOCC3)c2)CC1,5.89764595,FDA,ENTRECTINIB,1,0.99781114,0.7040727790481919
275.39500000000004,4.553800000000004,3.24,0,1,3,2,0.2,21,3,0.6773504085567709,0,0,0,0.9768571428571428,0,fda_458,CN(C)CCC=C1c2ccccc2C=Cc2ccccc21,4.10865784,FDA,CYCLOBENZAPRINE,-1,0.06680461,0.33687082868178697
122.10299999999997,-0.5549000000000002,53.02,0,3,1,1,0.0,9,1,0.5015757599713943,0,0,0,0.6212857142857143,0,fda_218,O=C([O-])c1cccnc1,2.8956635,FDA,NIACIN,0,0.013478664,0.08789550853200122
240.35,3.1652000000000013,16.130000000000003,0,2,5,2,0.3125,18,2,0.7977462845021502,0,0,0,0.8847857142857143,0,fda_673,CN(C)CC[C@H](c1ccccc1)c1ccccn1,3.73256397,FDA,PHENIRAMINE,-1,0.06680461,0.2596750095408486
324.4240000000001,3.173200000000002,45.59,1,4,4,2,0.45,24,5,0.8776016184783941,0,0,0,0.6743571428571429,0,fda_937,C=C[C@H]1CN2CC[C@H]1C[C@H]2[C@H](O)c1ccnc2ccc(OC)cc12,3.96409726,FDA,QUININE,-1,0.8532858,0.3071987885908672
404.4700000000001,3.631680000000002,104.2,2,7,7,3,0.3478260869565217,30,4,0.6194671591037015,0,0,0,0.2557142857142858,1,fda_1936,CC(C)Oc1ccc(-c2nc(-c3cccc4c3CC[C@@H]4NCCO)no2)cc1C#N,5.39591169,FDA,OZANIMOD,-1,0.9809667,0.6010884172138111
146.21,0.2557,26.3,0,2,3,0,0.8571428571428571,10,0,0.4213777873274688,0,0,0,0.8121428571428572,0,fda_366,CC(=O)OCC[N+](C)(C)C,2.678231,FDA,ACETYLCHOLINE,0,0.011328132,0.04326601232308378
923.0830000000002,-0.622999999999994,322.43999999999994,11,18,3,0,0.6595744680851063,65,3,0.1571695813638663,3,1,0,0.0,0,fda_996,C[C@@H]1[C@H](O)[C@@H](C)/C=C/C=C/C=C/C=C/C=C/C=C/C=C/[C@H](O[C@@H]2O[C@H](C)[C@@H](O)[C@H](N)[C@@H]2O)C[C@@H]2O[C@](O)(C[C@@H](O)C[C@@H](O)[C@H](O)CC[C@@H](O)C[C@@H](O)CC(=O)O[C@H]1C)C[C@H](O)[C@H]2C(=O)[O-],6.31735086,FDA,AMPHOTERICIN B,1,0.9244,0.7902200601110919
265.36,2.4789000000000003,19.37,0,3,0,2,0.3529411764705882,20,4,0.7292796247091089,0,0,0,0.8616428571428572,0,fda_729,CN1CCN2c3ncccc3Cc3ccccc3[C@@H]2C1,3.6747334,FDA,MIRTAZAPINE,-1,0.09613526,0.2478048925869685
267.36899999999997,1.6132,50.72,2,4,9,1,0.6,19,1,0.7135696186852986,0,0,0,0.6377142857142857,0,fda_471,COCCc1ccc(OC[C@@H](O)CNC(C)C)cc1,3.07950234,FDA,METOPROLOL,0,0.0079729855,0.1256296780459045
253.277,1.771,57.2,0,3,4,2,0.125,19,2,0.780180754938968,0,0,0,0.5914285714285714,0,fda_549,C[C@H](C(=O)[O-])c1cccc(C(=O)c2ccccc2)c1,3.76387095,FDA,KETOPROFEN,-1,0.044987593,0.26610097964753754
452.51800000000014,4.820100000000003,104.82,3,6,7,5,0.1538461538461538,34,5,0.3270064003701213,0,0,0,0.2512857142857143,1,fda_2039,CC(C)NC(=O)COc1cccc(-c2nc(Nc3ccc4[nH]ncc4c3)c3ccccc3n2)c1,5.52563715,FDA,BELUMOSUDIL,-1,0.99642926,0.6277154482476724
357.41900000000004,6.142000000000005,12.03,1,1,6,3,0.2727272727272727,26,3,0.5224072222569837,1,0,0,0.9140714285714284,0,fda_926,C[C@@H](NCCCc1cccc(C(F)(F)F)c1)c1cccc2ccccc12,4.23967075,FDA,CINACALCET,-1,0.9076731,0.363762117565299
513.6210000000003,5.929720000000006,75.77,0,6,7,6,0.1818181818181818,39,6,0.265169249147167,2,0,0,0.4587857142857143,1,fda_814,CCCc1nc2c(C)cc(-c3nc4ccccc4n3C)cc2n1Cc1ccc(-c2ccccc2C(=O)[O-])cc1,6.95807886,FDA,TELMISARTAN,1,0.997726,0.9217338303475893
211.221,-0.5046000000000002,90.37,2,6,2,1,0.5555555555555556,15,2,0.6875458801290978,0,0,0,0.3545,0,fda_695,Nc1ccn([C@H]2CC[C@@H](CO)O2)c(=O)n1,3.31476474,FDA,ZALCITABINE,0,0.0047260583,0.17391888223065527
178.27499999999995,3.6390000000000025,20.23,1,1,2,1,0.5,13,1,0.7326761559104263,0,0,0,0.8555,0,fda_615,CC(C)c1cccc(C(C)C)c1O,3.29622149,FDA,PROPOFOL,0,0.06680461,0.17011275432624354
233.69899999999996,2.250900000000001,61.77,1,3,4,0,0.8888888888888888,15,1,0.4599613459771248,0,0,0,0.5587857142857142,0,fda_443,O=NN(CCCl)C(=O)NC1CCCCC1,3.62499309,FDA,LOMUSTINE,-1,0.08050565,0.2375953564018288
733.9370000000002,1.785600000000004,193.91,5,14,7,0,0.945945945945946,51,3,0.2378725059837351,2,1,0,0.0,0,fda_964,CC[C@H]1OC(=O)[C@H](C)[C@@H](O[C@H]2C[C@@](C)(OC)[C@@H](O)[C@H](C)O2)[C@H](C)[C@@H](O[C@@H]2O[C@H](C)C[C@H](N(C)C)[C@H]2O)[C@](C)(O)C[C@@H](C)C(=O)[C@H](C)[C@@H](O)[C@]1(C)O,5.81159735,FDA,ERYTHROMYCIN,1,0.84152484,0.6864107199379731
266.388,3.5328000000000026,15.27,1,2,4,2,0.3333333333333333,20,3,0.8516371541172786,0,0,0,0.8909285714285714,0,fda_333,CNCCCN1c2ccccc2CCc2ccccc21,3.66948128,FDA,DESIPRAMINE,-1,0.06680461,0.2467268593139813
329.44000000000005,3.466880000000002,76.78,2,4,0,0,0.85,24,5,0.6672313604458664,0,0,0,0.4515714285714285,0,fda_540,C[C@]12CC[C@H]3[C@@H](CC[C@@]45O[C@@H]4C(O)=C(C#N)C[C@]35C)[C@@H]1CC[C@@H]2O,5.91102552,FDA,TRILOSTANE,1,0.8769343,0.7068190265898056
427.5450000000002,2.30804,74.27,2,6,9,2,0.4583333333333333,31,3,0.6398550561014078,0,0,0,0.4695,1,fda_913,COc1ccccc1OC[C@H](O)CN1CCN(CC(=O)Nc2c(C)cccc2C)CC1,3.92242813,FDA,RANOLAZINE,-1,0.98108506,0.2986459168749835
287.35900000000004,2.3520000000000003,72.72,4,4,6,2,0.2941176470588235,21,2,0.6579030127323875,0,0,0,0.4805714285714285,0,fda_520,C[C@@H](NCCc1ccc(O)cc1)[C@@H](O)c1ccc(O)cc1,3.54626012,FDA,RITODRINE,-1,0.031046892,0.22143487999590142
309.4940000000001,4.402200000000004,29.54,0,3,7,0,0.9473684210526316,22,2,0.6527189222048309,0,0,0,0.789,0,fda_87,CCN(CC)CCOC(=O)C1(C2CCCCC2)CCCCC1,4.47401953,FDA,DICYCLOMINE,-1,0.17452985,0.41186379504485887
268.216,-1.5664999999999996,102.26,4,5,2,0,0.8888888888888888,18,2,0.4846019873490332,0,0,0,0.2695714285714286,0,fda_1967,O=C1N[C@H](O)CCN1[C@@H]1O[C@H](CO)[C@@H](O)C1(F)F,3.71200562,FDA,CEDAZURIDINE,-1,0.0029098254,0.25545526868616214
207.273,2.4417199999999992,42.23,1,3,1,1,0.5833333333333334,15,2,0.7185665096760774,0,0,0,0.6983571428571429,0,fda_546,Cc1cc(C2CCCCC2)n(O)c(=O)c1,4.47840929,FDA,CICLOPIROX,-1,0.043518722,0.41276482307552625
301.386,2.956800000000002,72.72,4,4,7,2,0.3333333333333333,22,2,0.593334886982252,0,0,1,0.4805714285714285,0,fda_457,C[C@@H](CCc1ccc(O)cc1)NCCc1ccc(O)c(O)c1,3.85527539,FDA,DOBUTAMINE,-1,0.1158976,0.28486236126462894
339.4210000000001,0.225300000000001,111.20999999999998,3,6,6,2,0.5714285714285714,23,3,0.6944032716087568,0,0,0,0.2056428571428572,0,fda_2031,C[C@@H](O)CS(=O)(=O)N[C@H]1C[C@@H](N(C)c2ncnc3[nH]ccc23)C1,3.77423549,FDA,M ABROCITINIB,-1,0.2024887,0.26822837182045184
572.75,4.734660000000003,86.9,2,6,9,3,0.4705882352941176,42,5,0.3855428910346651,1,0,0,0.3792857142857142,1,fda_1948,CCN(c1cc(-c2ccc(CN3CCOCC3)cc2)cc(C(=O)NCc2c(C)cc(C)[nH]c2=O)c1C)C1CCOCC1,5.77826357,FDA,TAZEMETOSTAT,-1,0.99779046,0.6795687353766084
590.5490000000002,7.1889000000000065,100.58,1,7,13,3,0.3448275862068966,39,3,0.1671185900551599,2,1,0,0.2815714285714286,1,fda_1919,CCCCCCO[C@@H](C)c1cccc(-c2csc(NC(=O)c3cc(Cl)c(/C=C(\C)C(=O)[O-])c(Cl)c3)n2)c1OC,5.6026063,FDA,LUSUTROMBOPAG,-1,0.99298334,0.6435138886286118
315.19900000000007,-2.027999999999997,149.85,1,8,9,0,1.0,19,0,0.3778506862692531,0,1,0,0.0,0,fda_905,CCCCCN(C)CCC(O)(P(=O)([O-])[O-])P(=O)([O-])[O-],3.30985141,FDA,IBANDRONATE,0,0.0031221895,0.1729103879043325
314.32300000000004,-3.4283999999999963,116.28,0,7,3,1,0.6363636363636364,21,3,0.4234149806094993,0,0,0,0.1694285714285714,0,fda_2093,Cn1cc[n+](C[C@@]2(C)[C@H](C(=O)[O-])N3C(=O)C[C@H]3S2(=O)=O)n1,4.54704952,FDA,ENMETAZOBACTAM,-1,0.011078193,0.4268536961030829
464.8580000000002,0.2649000000000006,181.62,6,9,2,1,0.3809523809523809,32,4,0.3342986617953946,1,1,0,0.0,0,fda_992,CN(C)[C@@H]1C(O)=C(C(N)=O)C(=O)[C@@]2(O)C(O)=C3C(=O)c4c(O)ccc(Cl)c4[C@@H](O)[C@H]3C[C@@H]12,4.34235859,FDA,DEMECLOCYCLINE,-1,0.9886668,0.38483949360605607
185.183,0.4805199999999999,81.19,1,5,3,1,0.5714285714285714,13,1,0.5481589825040829,0,0,0,0.4200714285714285,0,fda_1870,[n:1]1([CH2:7][C@H:8]([CH3:9])[OH:10])[c:2]([CH3:6])[n:3][cH:4][c:5]1[N+:11]([O-:12])=[O:13],2.94464397,FDA,SECNIDAZOLE,0,0.011908607,0.0979490824005627
298.42600000000004,3.636600000000003,37.3,1,2,0,0,0.75,22,4,0.5474687039451945,0,0,0,0.7335714285714285,0,fda_214,C#C[C@]1(O)CC[C@H]2[C@@H]3CCC4=C(CCC(=O)C4)[C@H]3CC[C@@]21C,5.56759644,FDA,NORETHYNODREL,-1,0.28514385,0.636327877272698
582.9700000000001,4.324580000000004,119.29,1,6,7,3,0.2857142857142857,41,5,0.4429869547987632,1,0,0,0.1479285714285715,1,fda_1922,N#Cc1ccnc(N2C(=O)CC[C@H]2C(=O)N(c2cncc(F)c2)[C@H](C(=O)NC2CC(F)(F)C2)c2ccccc2Cl)c1,6.36968279,FDA,IVOSIDENIB,1,0.99792045,0.8009615438890014
393.39900000000017,3.853520000000003,95.71,1,7,5,4,0.1904761904761904,29,4,0.5500210816153454,0,0,0,0.3163571428571428,0,fda_2102,CNC(=O)c1c(C)oc2cc(Oc3ncnc4cc(OC)c(OC)cc34)ccc12,6.04449224,FDA,FRUQUINTINIB,1,0.993137,0.734213976628354
296.5520000000001,3.621200000000002,6.48,0,4,4,0,0.8,16,0,0.5731348904238733,0,0,0,0.9537142857142856,0,fda_95,CCN(CC)C(=S)SSC(=S)N(CC)CC,2.87787938,FDA,DISULFIRAM,0,0.055905744,0.08424519721184931
381.69000000000005,5.801400000000003,27.05,0,3,6,3,0.1666666666666666,24,3,0.5391871956552778,1,0,0,0.8067857142857142,0,fda_548,Clc1ccc(CO[C@H](Cn2ccnc2)c2ccc(Cl)cc2Cl)cc1,4.30914354,FDA,ECONAZOLE,-1,0.92530626,0.3780218791829409
556.7920000000001,6.762200000000008,59.08,0,4,15,2,0.5625,40,2,0.1796059262683667,2,1,0,0.5780000000000001,1,fda_261,CN(CCCCCCCCCCN(C)C(=O)Oc1cccc([N+](C)(C)C)c1)C(=O)Oc1cccc([N+](C)(C)C)c1,4.93262243,FDA,DEMECARIUM,-1,0.99261886,0.5059951525325783
580.418,3.7395200000000015,122.97,1,8,6,4,0.2692307692307692,38,5,0.272418296715661,1,0,0,0.121642857142857,1,fda_2108,CC(=O)c1nn(CC(=O)N2C[C@H](F)C[C@H]2C(=O)Nc2cccc(Br)n2)c2ccc(-c3cnc(C)nc3)cc12,5.32304335,FDA,DANICOPAN,-1,0.9978669,0.5861316959151087
309.406,0.6347999999999998,81.95,4,5,5,1,0.6470588235294118,22,2,0.641468123492022,0,0,0,0.4146428571428571,0,fda_482,CC(C)(C)NC[C@@H](O)COc1cccc2c1C[C@H](O)[C@H](O)C2,3.15936875,FDA,NADOLOL,0,0.013168994,0.14202280070380913
252.101,0.3472,68.96000000000001,2,3,5,1,0.5,15,1,0.7426114143470837,0,0,0,0.5074285714285713,0,fda_317,O=c1[nH]cc(N(CCCl)CCCl)c(=O)[nH]1,4.31921768,FDA,URACIL MUSTARD,-1,0.007764286,0.3800896647850846
239.315,1.9077999999999995,72.72,4,4,5,1,0.5384615384615384,17,1,0.5922201213727966,0,0,1,0.4805714285714285,0,fda_2117,CC[C@@H](NC(C)C)[C@H](O)c1ccc(O)c(O)c1,3.29294968,FDA,ISOETHARINE,0,0.015202287,0.1694411931199321
285.35100000000006,1.9352999999999991,73.91,2,4,3,2,0.4,21,3,0.8451673485107614,0,0,0,0.4720714285714286,0,fda_2065,C=CC(=O)N1C[C@H](Nc2ncnc3[nH]ccc23)CC[C@@H]1C,3.85019565,FDA,RITLECITINIB,-1,0.053773735,0.2838197101564814
226.276,1.1849999999999998,75.27000000000001,2,3,4,0,0.7272727272727273,16,1,0.7067836690245719,0,0,0,0.4623571428571428,0,fda_988,CCC[C@H](C)C1(CC)C(=O)NC(=O)NC1=O,4.55024862,FDA,PENTOBARBITAL,-1,0.013049046,0.42751033308845504
578.6620000000004,4.162500000000003,108.55,1,9,7,3,0.5,42,6,0.4135684352582827,1,0,1,0.224642857142857,1,fda_206,COC(=O)[C@H]1[C@H]2C[C@@H]3c4[nH]c5ccccc5c4CCN3C[C@H]2C[C@@H](OC(=O)c2cc(OC)c(OC)c(OC)c2)[C@@H]1OC,4.72294855,FDA,DESERPIDINE,-1,0.9960717,0.4629581657317596
780.3810000000002,5.003100000000004,156.47,3,11,8,1,0.631578947368421,53,4,0.1865101577230152,3,1,0,0.0,0,fda_2083,COc1cc2cc(c1Cl)N(C)C(=O)C[C@H](OC(=O)[C@H](C)N(C)C(=O)CCC(C)(C)S)[C@]1(C)O[C@H]1[C@H](C)[C@@H]1C[C@@](O)(NC(=O)O1)[C@H](OC)/C=C/C=C(\C)C2,5.83932066,FDA,SORAVTANSINE,1,0.9969689,0.6921011174569439
293.374,2.928760000000002,78.28999999999999,0,5,4,2,0.4117647058823529,22,2,0.8678513137549794,0,0,0,0.4407857142857143,0,fda_750,CC(C)(C#N)c1cc(Cn2cncn2)cc(C(C)(C)C#N)c1,5.03405762,FDA,ANASTROZOLE,-1,0.12685476,0.5268154136598513
172.20399999999995,-0.7128999999999999,69.23,1,3,4,0,0.75,12,0,0.6085071579582495,0,0,0,0.5055,0,fda_2132,CC(=O)N[C@@H](CC(C)C)C(=O)[O-],2.93263507,FDA,LEVACETYLLEUCINE,0,0.009661517,0.09548417417836376
213.28099999999992,0.3355999999999997,82.86000000000001,2,3,2,0,0.9,15,2,0.5114357848128608,0,0,0,0.408142857142857,0,fda_486,NC(N)=NC[C@H]1COC2(CCCCC2)O1,3.58671165,FDA,GUANADREL,-1,0.0052266493,0.2297378310486645
267.245,-0.1962800000000001,133.07999999999998,2,6,3,1,0.6,19,2,0.4454004294146897,0,0,1,0.0494285714285714,0,fda_620,Cc1cn([C@H]2C[C@H](N=[N+]=[N-])[C@@H](CO)O2)c(=O)[nH]c1=O,4.28647947,FDA,ZIDOVUDINE,-1,0.0043605245,0.3733699250079962
471.5610000000002,4.222600000000003,102.48000000000002,2,6,6,3,0.2962962962962963,35,5,0.5241842690990105,0,0,0,0.2679999999999999,1,fda_1980,C=CC(=O)N1CCC([C@@H]2CCNc3c(C(N)=O)c(-c4ccc(Oc5ccccc5)cc4)nn32)CC1,5.55655146,FDA,ZANUBRUTINIB,-1,0.99672097,0.6340608201720457
294.745,3.2717000000000027,43.07,0,4,1,3,0.0625,21,4,0.691129049070368,0,0,0,0.6923571428571429,0,fda_570,Clc1ccc2c(c1)C(c1ccccc1)=NCc1nncn1-2,5.18995142,FDA,ESTAZOLAM,-1,0.15141949,0.5588136740675352
239.315,1.3059999999999998,72.72,4,4,4,1,0.5384615384615384,17,1,0.6389509580864461,0,0,0,0.4805714285714285,0,fda_813,CC(C)(C)NC[C@H](O)c1ccc(O)c(CO)c1,2.99766541,FDA,LEVALBUTEROL,0,0.012416948,0.10883209278526301
554.7220000000002,6.729780000000008,87.03,1,4,2,0,0.7575757575757576,40,5,0.4100424722853117,2,0,0,0.3783571428571428,0,fda_2075,CC1(C)CC[C@]2(NC(=O)C(C)(F)F)CC[C@]3(C)[C@H](C(=O)C=C4[C@@]5(C)C=C(C#N)C(=O)C(C)(C)[C@@H]5CC[C@]43C)[C@@H]2C1,6.75742579,FDA,OMAVELOXOLONE,1,0.9975859,0.8805484260180957
151.253,1.9139,26.02,1,1,0,0,1.0,11,4,0.5620664127719119,0,0,0,0.8141428571428572,0,fda_353,N[C@]12C[C@H]3C[C@H](C[C@H](C3)C1)C2,3.56669211,FDA,AMANTADINE,-1,0.034388628,0.22562868460305832
353.5300000000001,4.111500000000003,43.09,1,1,8,2,0.4347826086956521,26,2,0.7131154199141896,0,0,0,0.6922142857142857,0,fda_204,CC(C)[N+](C)(CCC(C(N)=O)(c1ccccc1)c1ccccc1)C(C)C,3.9337399,FDA,ISOPROPAMIDE,-1,0.9603092,0.30096773443367936
356.78499999999997,2.59262,71.36,0,5,4,3,0.1578947368421052,25,3,0.7200102973128709,0,0,0,0.4902857142857143,0,fda_358,COc1ccc2c(c1)c(CC(=O)[O-])c(C)n2C(=O)c1ccc(Cl)cc1,5.47758245,FDA,INDOMETHACIN,-1,0.9153577,0.6178518949542565
392.4670000000002,1.8957,94.83,3,5,2,0,0.7272727272727273,28,4,0.667213496992105,0,0,0,0.3226428571428571,0,fda_243,C[C@@H]1C[C@H]2[C@@H]3CCC4=CC(=O)C=C[C@]4(C)[C@@]3(F)[C@@H](O)C[C@]2(C)[C@@]1(O)C(=O)CO,5.47765923,FDA,DEXAMETHASONE,-1,0.98704773,0.6178676545703164
414.41000000000025,2.4092,92.68,1,8,4,2,0.4090909090909091,30,5,0.7629173210900769,0,0,0,0.3379999999999999,1,fda_634,COc1cc([C@@H]2c3cc4c(cc3[C@H](O)[C@H]3COC(=O)[C@H]23)OCO4)cc(OC)c1OC,4.64062738,FDA,PODOFILOX,-1,0.97242874,0.4460611869248717
578.4500000000003,1.830499999999999,192.38,2,14,10,3,0.3043478260869565,40,4,0.330996613270984,2,1,0,0.0,1,fda_1867,COc1cc(Nc2ncc(F)c(Nc3ccc4c(n3)N(COP(=O)([O-])[O-])C(=O)C(C)(C)O4)n2)cc(OC)c1OC,4.30151701,FDA,FOSTAMATINIB,-1,0.9696111,0.37645648214375776
278.31200000000007,0.193,78.89,0,7,5,2,0.5384615384615384,20,2,0.7314900236053014,0,0,0,0.4365,0,fda_527,CC(=O)CCCCn1c(=O)c2c(ncn2C)n(C)c1=O,4.0251708,FDA,PENTOXIFYLLINE,-1,0.024911229,0.31973454714533883
269.388,3.662620000000003,12.47,0,2,6,2,0.3333333333333333,20,2,0.7932087270574181,0,0,0,0.9109285714285714,0,fda_193,Cc1ccccc1[C@H](OCCN(C)C)c1ccccc1,4.04374743,FDA,ORPHENADRINE,-1,0.04348508,0.32354752652128066
314.3620000000001,2.5577000000000005,60.44,0,4,3,2,0.1176470588235294,22,3,0.8169951703125135,0,0,0,0.5682857142857143,0,fda_846,CS(=O)(=O)c1ccc(C2=C(c3ccccc3)C(=O)OC2)cc1,5.13406515,FDA,ROFECOXIB,-1,0.06553269,0.5473426378834527
433.0390000000001,6.544700000000008,6.48,0,2,5,3,0.3571428571428571,31,4,0.450917622424228,1,0,0,0.9537142857142856,1,fda_212,CC(C)(C)c1ccc(CN2CCN([C@@H](c3ccccc3)c3ccc(Cl)cc3)CC2)cc1,4.66938448,FDA,BUCLIZINE,-1,0.9923152,0.4519637768570551
367.8770000000003,2.0877999999999997,76.82000000000001,2,5,6,1,0.6111111111111112,25,3,0.5943769539353737,0,0,0,0.4512857142857142,0,fda_1897,COCCCN1CCC(NC(=O)c2cc(Cl)c(N)c3c2OCC3)CC1,4.19953966,FDA,PRUCALOPRIDE,-1,0.8643298,0.35552493899716997
390.9580000000002,5.555620000000006,6.48,0,2,5,3,0.28,28,4,0.5626410757187412,1,0,0,0.9537142857142856,0,fda_197,Cc1cccc(CN2CCN([C@H](c3ccccc3)c3ccc(Cl)cc3)CC2)c1,4.12806892,FDA,MECLIZINE,-1,0.988013,0.3408550845831401
281.425,3.2161000000000017,38.25000000000001,0,5,7,1,0.7142857142857143,19,2,0.7193179399301258,0,0,0,0.7267857142857143,0,fda_2122,CCCCCCOc1nsnc1C1=CCCN(C)C1,4.25944281,FDA,XANOMELINE,-1,0.045032445,0.367820467061407
403.9790000000002,3.942700000000003,29.950000000000003,1,5,6,2,0.4285714285714285,27,4,0.7886610933771963,0,0,0,0.7860714285714285,1,fda_205,OCCN1CCN(CCCN2c3ccccc3Sc3ccc(Cl)cc32)CC1,4.54183292,FDA,PERPHENAZINE,-1,0.98695207,0.4257829535511487
603.7500000000003,2.8346000000000036,121.40000000000003,1,12,32,1,0.7666666666666667,42,1,0.0962858493112641,2,1,0,0.1328571428571425,0,fda_227,CCCCNc1ccc(C(=O)OCCOCCOCCOCCOCCOCCOCCOCCOCCOC)cc1,3.97870827,FDA,BENZONATATE,-1,0.99063444,0.3101977975495254
294.442,4.121000000000003,6.48,0,2,4,2,0.4,22,3,0.8366473557753505,0,0,0,0.9537142857142856,0,fda_386,C[C@@H](CN(C)C)CN1c2ccccc2CCc2ccccc21,4.2565155,FDA,TRIMIPRAMINE,-1,0.11943813,0.36721961681801035
305.16400000000004,0.2882000000000006,120.32,2,4,2,1,0.0,16,1,0.8152117113429302,0,0,0,0.1405714285714285,0,fda_235,NS(=O)(=O)c1cc(Cl)c(Cl)c(S(N)(=O)=O)c1,4.03505421,FDA,DICHLORPHENAMIDE,-1,0.0078469375,0.32176318412061256
347.4780000000002,4.769020000000005,40.129999999999995,0,2,3,2,0.375,26,3,0.802266996072772,0,0,0,0.7133571428571429,0,fda_847,C=C(c1ccc(C(=O)[O-])cc1)c1cc2c(cc1C)C(C)(C)CCC2(C)C,5.000916,FDA,BEXAROTENE,-1,0.9616656,0.5200128712425616
260.334,2.0227,90.65,2,4,7,0,0.8333333333333334,18,0,0.7323095649562918,0,0,0,0.3524999999999999,0,fda_255,CCC[C@](C)(COC(N)=O)COC(=O)NC(C)C,3.58246732,FDA,CARISOPRODOL,-1,0.025660977,0.22886665351244345
259.13599999999997,2.7624000000000004,33.62,1,3,3,1,0.3636363636363636,16,2,0.9050107141126126,0,0,0,0.7598571428571429,0,fda_1866,C[C@@H](Oc1c(Cl)cccc1Cl)C1=NCCN1,3.60803103,FDA,LOFEXIDINE,-1,0.04348508,0.23411377847550485
830.9709999999999,-3.389100000000006,329.21999999999997,9,12,10,2,0.5142857142857142,57,4,0.0489112880599794,3,1,0,0.0,1,fda_789,NC(=O)[C@@H]1CSSCCC(=O)N[C@@H](CCCCN=C(N)N)C(=O)NCC(=O)N[C@@H](CC(=O)[O-])C(=O)N[C@@H](Cc2c[nH]c3ccccc23)C(=O)N2CCC[C@H]2C(=O)N1,4.61049128,FDA,EPTIFIBATIDE,-1,0.9440573,0.4398755478842427
416.58300000000025,4.852300000000005,60.44,0,5,1,0,0.7916666666666666,29,5,0.5718459844204299,0,0,0,0.5682857142857143,0,fda_278,CC(=O)S[C@@H]1CC2=CC(=O)CC[C@]2(C)[C@H]2CC[C@@]3(C)[C@@H](CC[C@@]34CCC(=O)O4)[C@H]12,5.50143242,FDA,SPIRONOLACTONE,-1,0.99505687,0.622747263152193
378.31600000000014,4.447900000000003,45.150000000000006,2,3,2,2,0.4705882352941176,26,3,0.7594432549357207,0,0,0,0.6775,0,fda_609,O[C@@H](c1cc(C(F)(F)F)nc2c(C(F)(F)F)cccc12)[C@H]1CCCCN1,4.38687134,FDA,MEFLOQUINE,-1,0.95550656,0.39397603762488254
249.317,2.4668,41.62,1,3,0,2,0.1875,19,4,0.7789519520165338,0,0,0,0.7027142857142857,0,fda_917,NC1=NC[C@H]2c3ccccc3Cc3ccccc3N12,4.27704239,FDA,EPINASTINE,-1,0.09613526,0.3714329002941966
111.14799999999998,-0.0891000000000003,54.7,2,2,2,1,0.4,8,1,0.560081635014732,0,0,0,0.6092857142857143,0,fda_3,NCCc1cnc[nH]1,2.93667293,FDA,HISTAMINE,0,0.0043771593,0.09631297234589684
348.44700000000006,-0.9282999999999996,97.74,1,7,4,0,0.6666666666666666,21,3,0.6556810636239288,0,0,0,0.3018571428571428,0,fda_2140,C[C@@H](O)[C@H]1C(=O)N2C(C(=O)[O-])=C(S[C@H]3CC[S@@](=O)C3)S[C@H]12,3.43683505,FDA,SULOPENEM,-1,0.037922885,0.1989746417761067
531.4399999999999,4.205800000000003,69.06,0,7,7,3,0.3846153846153846,36,5,0.4554144970214469,1,0,1,0.5067142857142857,1,fda_516,CC(=O)N1CCN(c2ccc(OC[C@H]3CO[C@](Cn4ccnc4)(c4ccc(Cl)cc4Cl)O3)cc2)CC1,4.623981,FDA,KETOCONAZOLE,-1,0.9962185,0.4426444044608785
410.465,3.293400000000002,85.52,2,5,8,3,0.2916666666666667,30,3,0.5967583807359456,0,0,0,0.3891428571428571,1,fda_711,CC(C)n1c(/C=C/[C@H](O)C[C@H](O)CC(=O)[O-])c(-c2ccc(F)cc2)c2ccccc21,4.83704996,FDA,FLUVASTATIN,-1,0.99074334,0.4863782544720681
218.25599999999991,1.4735000000000005,49.41,1,2,2,1,0.3333333333333333,16,2,0.764131318230403,0,0,0,0.6470714285714285,0,fda_39,CC[C@]1(c2ccccc2)NC(=O)N(C)C1=O,3.63654518,FDA,MEPHENYTOIN,-1,0.013722371,0.2399665012714324
179.26299999999998,2.0294399999999997,35.25,1,2,3,1,0.4545454545454545,13,1,0.7701737793320904,0,0,0,0.7482142857142857,0,fda_557,Cc1cccc(C)c1OC[C@H](C)N,3.50139999,FDA,MEXILETINE,-1,0.009628763,0.2122270338746153
239.746,3.2993000000000023,29.1,1,2,3,1,0.4615384615384615,16,1,0.8204937720146613,0,0,0,0.7921428571428571,0,fda_528,C[C@H](NC(C)(C)C)C(=O)c1cccc(Cl)c1,3.26620126,FDA,BUPROPION,0,0.1644895,0.16395089838945467
349.3880000000001,-0.6375999999999995,98.77,1,6,5,1,0.4375,24,3,0.7103707489976623,0,0,0,0.2944999999999999,0,fda_982,CC1(C)S[C@@H]2[C@H](NC(=O)COc3ccccc3)C(=O)N2[C@H]1C(=O)[O-],3.79659534,FDA,PENICILLIN V,-1,0.47501084,0.2728178827758378
510.5020000000002,2.3965000000000005,142.09999999999997,3,9,8,3,0.25,35,3,0.4163412604272262,1,1,0,0.0,1,fda_2159,CNC(=O)c1ccc(Nc2ncc(C(F)(F)F)c(NCc3nccnc3N(C)S(C)(=O)=O)n2)cc1,5.20581007,FDA,DEFACTINIB,-1,0.9915976,0.5620687696031776
169.18,0.0802199999999998,73.58000000000001,3,4,2,1,0.375,12,1,0.5858308475922274,0,0,0,0.4744285714285713,0,fda_46,Cc1ncc(CO)c(CO)c1O,3.75413132,FDA,PYRIDOXINE,-1,0.0066529764,0.26410185449301254
325.496,5.341420000000006,23.47,1,2,7,2,0.4545454545454545,24,2,0.742339965191979,1,0,0,0.8323571428571429,0,fda_800,Cc1ccc(O)c([C@H](CCN(C(C)C)C(C)C)c2ccccc2)c1,4.5464406,FDA,TOLTERODINE,-1,0.75590265,0.42672871114070826
453.54200000000014,4.8896400000000035,94.31,2,5,7,4,0.1785714285714285,34,4,0.3886851025837273,0,0,0,0.3263571428571428,1,fda_1860,Cc1ccc(C(=O)OCc2ccc([C@@H](CN)C(=O)Nc3ccc4cnccc4c3)cc2)c(C)c1,5.13315439,FDA,NETARSUDIL,-1,0.99642926,0.547155698212671
277.411,4.168600000000003,3.24,0,1,3,2,0.3,21,3,0.8136783893547587,0,0,1,0.9768571428571428,0,fda_309,CN(C)CCC=C1c2ccccc2CCc2ccccc21,4.58784819,FDA,AMITRIPTYLINE,-1,0.06680461,0.4352278999966768
610.6710000000002,6.319100000000007,143.34,1,11,10,5,0.3333333333333333,45,6,0.1409102496279744,3,1,0,0.0,1,fda_700,CCOc1nc2cccc(C(=O)O[C@H](C)OC(=O)OC3CCCCC3)c2n1Cc1ccc(-c2ccccc2-c2nnn[nH]2)cc1,4.91363287,FDA,CANDESARTAN CILEXETIL,-1,0.9971826,0.5020974164718283
425.4673053340002,1.7324,135.95,3,9,8,3,0.3,31,4,0.4964129193899599,0,0,0,0.0289285714285715,1,fda_2060,[2H]C([2H])([2H])NC(=O)c1nnc(NC(=O)C2CC2)cc1Nc1cccc(-c2ncn(C)n2)c1OC,5.59692144,FDA,DEUCRAVACITINIB,-1,0.98875016,0.6423470325338779
185.183,0.4805199999999999,81.19,1,5,3,1,0.5714285714285714,13,1,0.5481589825040829,0,0,0,0.4200714285714285,0,fda_1871,[n:1]1([CH2:7][C@@H:8]([CH3:9])[OH:10])[c:2]([CH3:6])[n:3][cH:4][c:5]1[N+:11](=[O:12])[O-:13],3.01202893,FDA,SECNIDAZOLE,0,0.011908607,0.11178030274185508
306.236,5.179600000000004,12.03,1,1,2,2,0.2941176470588235,20,3,0.8058613927728192,1,0,0,0.9140714285714284,0,fda_641,CN[C@H]1CC[C@@H](c2ccc(Cl)c(Cl)c2)c2ccccc21,4.35701132,FDA,SERTRALINE,-1,0.08757472,0.3878470658778429
533.5720000000003,-2.776899999999995,206.27,4,13,6,1,0.45,36,5,0.0967045017774161,2,1,0,0.0,0,fda_2112,Nc1nc(/C(=N/O)C(=O)N[C@@H]2C(=O)N3C(C(=O)[O-])=C(/C=C4\CCN([C@@H]5CCNC5)C4=O)CS[C@H]23)ns1,4.77490807,FDA,CEFTOBIPROLE,-1,0.92746073,0.47362320982984607
311.4070000000001,1.7739199999999995,78.50999999999999,2,4,3,1,0.5,21,2,0.8915880432277354,0,0,0,0.4392142857142858,0,fda_348,Cc1ccc(S(=O)(=O)NC(=O)NN2CCCCCC2)cc1,4.47661638,FDA,TOLAZAMIDE,-1,0.04621179,0.41239681613062185
361.393,4.421500000000001,9.23,0,1,2,1,0.1111111111111111,14,1,0.4304197664247793,0,0,0,0.9340714285714286,0,fda_397,Clc1cc(Cl)c(OCC#CI)cc1Cl,4.2821722,FDA,HALOPROGIN,-1,0.11840986,0.37248582860963914
295.72900000000004,0.1299000000000004,118.69,2,5,1,1,0.0,17,2,0.7630288939101563,0,0,0,0.1522142857142857,0,fda_221,NS(=O)(=O)c1cc2c(cc1Cl)NC=NS2(=O)=O,4.36330557,FDA,CHLOROTHIAZIDE,-1,0.0077430117,0.38913900340564106
500.4320000000002,8.644300000000001,23.47,1,2,10,3,0.4615384615384615,33,3,0.2817693045006755,2,0,0,0.8323571428571429,1,fda_709,CCCCN(CCCC)CC[C@@H](O)c1cc2c(Cl)cc(Cl)cc2c2cc(C(F)(F)F)ccc12,4.75901651,FDA,HALOFANTRINE,-1,0.98549634,0.4703613592933633
355.4100000000001,3.030800000000002,57.2,0,3,4,2,0.15,25,3,0.8470253401152333,0,0,0,0.5914285714285714,0,fda_468,CC1=C(CC(=O)[O-])c2cc(F)ccc2/C1=C\c1ccc([S@](C)=O)cc1,5.45397329,FDA,SULINDAC,-1,0.9616656,0.6130059546430533
318.339,3.201500000000001,56.84,1,4,9,1,0.5333333333333333,22,1,0.432027738820179,0,0,0,0.594,0,fda_708,COCCCC/C(=N\OCCN)c1ccc(C(F)(F)F)cc1,3.88202286,FDA,FLUVOXAMINE,-1,0.07791208,0.2903524610011593
317.38500000000005,2.449300000000001,92.95,5,5,8,2,0.3333333333333333,23,2,0.3808434509975777,0,0,1,0.3360714285714286,0,fda_730,Oc1ccc(CCCCNC[C@H](O)c2ccc(O)c(O)c2)cc1,3.8378036,FDA,ARBUTAMINE,-1,0.5210097,0.28127615779657333
498.57000000000016,2.6077000000000004,106.29,1,10,5,5,0.2692307692307692,37,6,0.3942447654838286,0,0,0,0.2407857142857143,1,fda_1968,Cn1cc(-c2cc3c(N4CCN(c5ncc([C@@](C)(N)c6ccc(F)cc6)cn5)CC4)ncnn3c2)cn1,5.91975451,FDA,AVAPRITINIB,1,0.99070966,0.7086107110257233
488.5770000000002,3.6993000000000023,116.2,1,8,6,0,0.7037037037037037,35,4,0.562816868972934,0,0,0,0.1699999999999999,0,fda_608,CCOC(=O)O[C@]1(C(=O)COC(=O)CC)CC[C@H]2[C@@H]3CCC4=CC(=O)C=C[C@]4(C)[C@H]3[C@@H](O)C[C@@]21C,6.04060698,FDA,PREDNICARBATE,1,0.9966143,0.7334165006464254
266.34099999999995,0.4521,84.57999999999998,3,4,8,1,0.5,19,1,0.637673978167625,0,0,0,0.395857142857143,0,fda_499,CC(C)NC[C@H](O)COc1ccc(CC(N)=O)cc1,3.21011639,FDA,ATENOLOL,0,0.01624778,0.15243909820759308
461.5560000000001,5.8570000000000055,41.03,1,3,7,4,0.3214285714285714,34,5,0.3747127472299499,1,0,0,0.7069285714285714,1,fda_424,O=c1[nH]c2ccccc2n1C1CCN(CCCC(c2ccc(F)cc2)c2ccc(F)cc2)CC1,5.48958588,FDA,PIMOZIDE,-1,0.99479467,0.6203156804218338
407.50500000000017,4.945600000000005,9.72,0,4,4,2,0.4285714285714285,28,4,0.7094782580960448,0,0,0,0.9305714285714286,1,fda_237,CN1CCN(CCCN2c3ccccc3Sc3ccc(C(F)(F)F)cc32)CC1,4.62148666,FDA,TRIFLUOPERAZINE,-1,0.9878275,0.4421324242482897
490.6260000000003,3.0740000000000016,124.68,3,5,7,1,0.5416666666666666,34,3,0.5417624275928407,0,0,0,0.1094285714285714,0,fda_742,CCC1=C(C)CN(C(=O)NCCc2ccc(S(=O)(=O)NC(=O)N[C@H]3CC[C@H](C)CC3)cc2)C1=O,4.85192251,FDA,GLIMEPIRIDE,-1,0.99462306,0.4894309462906413
386.5610000000003,4.692600000000004,43.379999999999995,1,5,7,2,0.5909090909090909,27,4,0.7010811066938075,0,0,0,0.6901428571428572,0,fda_1994,COc1ccsc1CNCC[C@@]1(c2ccccn2)CCOC2(CCCC2)C1,5.05789804,FDA,OLICERIDINE,-1,0.9737264,0.5317088216554777
371.8720000000001,2.3617,45.78,0,6,5,3,0.3684210526315789,26,4,0.690401062854676,0,0,0,0.673,0,fda_495,O=c1n(CCCN2CCN(c3cccc(Cl)c3)CC2)nc2ccccn12,4.6901145,FDA,TRAZODONE,-1,0.96491855,0.4562187541442628
305.697,0.5873000000000004,102.35,2,5,4,2,0.0714285714285714,21,2,0.8602710167458437,0,0,0,0.2689285714285715,0,fda_2090,O=C([O-])CNC(=O)c1ncc(-c2cccc(Cl)c2)cc1O,3.50691795,FDA,VADADUSTAT,-1,0.03996337,0.21335963261169907
274.40399999999994,3.4891000000000028,37.3,1,2,0,0,0.8333333333333334,20,4,0.733928635563028,0,0,0,0.7335714285714285,0,fda_262,C[C@]12CC[C@H]3[C@@H](CCC4=CC(=O)CC[C@@H]43)[C@@H]1CC[C@@H]2O,5.52163935,FDA,NANDROLONE,-1,0.1663346,0.6268948726670026
234.2019999999999,2.7771,48.14,1,4,1,2,0.125,15,2,0.8248286060077297,0,0,0,0.6561428571428571,0,fda_762,Nc1nc2ccc(OC(F)(F)F)cc2s1,3.43680763,FDA,RILUZOLE,-1,0.04348508,0.19896901363502362
1084.2529999999992,-5.404500000000021,463.9299999999998,14,16,19,2,0.4782608695652174,75,4,0.0270228115951467,3,2,0,0.0,1,fda_454,NC(=O)CC[C@@H]1NC(=O)[C@H](Cc2ccccc2)NC(=O)[C@H](Cc2ccc(O)cc2)NC(=O)[C@@H](N)CSSC[C@@H](C(=O)N2CCC[C@H]2C(=O)N[C@@H](CCCN=C(N)N)C(=O)NCC(N)=O)NC(=O)[C@H](CC(N)=O)NC1=O,5.81381226,FDA,VASOPRESSIN,1,0.94185,0.6868653452467381
367.50600000000026,2.530500000000001,97.66,2,5,13,0,0.8095238095238095,26,1,0.3849866768068556,0,1,0,0.3024285714285715,0,fda_596,CCCC[C@@](C)(O)C/C=C/[C@H]1[C@H](O)CC(=O)[C@@H]1CCCCCCC(=O)[O-],5.40086937,FDA,M MISOPROSTOL,-1,0.92508274,0.6021060146786106
289.37500000000006,1.9308999999999996,49.77,1,4,4,1,0.5882352941176471,21,3,0.8605899449393155,0,0,0,0.6445000000000001,0,fda_296,CN1[C@@H]2CC[C@H]1C[C@@H](OC(=O)[C@H](CO)c1ccccc1)C2,3.5941093,FDA,ATROPINE,-1,0.033435293,0.23125624891457644
516.8570000000003,9.908299999999995,40.46,2,4,4,2,0.6129032258064516,35,2,0.3131966868527805,2,0,0,0.7110000000000001,1,fda_431,CC(C)(Sc1cc(C(C)(C)C)c(O)c(C(C)(C)C)c1)Sc1cc(C(C)(C)C)c(O)c(C(C)(C)C)c1,5.94319391,FDA,PROBUCOL,1,0.98240477,0.7134218069448673
333.38900000000007,-0.4738999999999993,89.54,1,5,4,1,0.4375,23,3,0.7523458257698715,0,0,0,0.3604285714285714,0,fda_981,CC1(C)S[C@@H]2[C@H](NC(=O)Cc3ccccc3)C(=O)N2[C@H]1C(=O)[O-],3.94282341,FDA,PENICILLIN G,-1,0.31823468,0.3028321865055116
238.243,0.9607999999999992,104.64,2,4,5,1,0.2727272727272727,17,1,0.796471019540729,0,0,0,0.2525714285714284,0,fda_693,NC(=O)OCC(COC(N)=O)c1ccccc1,3.52637959,FDA,FELBAMATE,-1,0.025596308,0.2173542662961727
507.6240000000003,3.7665000000000024,139.36,3,8,18,1,0.6666666666666666,36,2,0.0897046243875281,1,1,0,0.0045714285714284,0,fda_1858,O=C(CCC/C=C\C[C@@H]1[C@@H](CC[C@@H](O)CCc2ccccc2)[C@H](O)C[C@@H]1O)OCCCCO[N+](=O)[O-],5.58699846,FDA,LATANOPROSTENE BUNOD,-1,0.9923201,0.6403102735475665
207.226,-3.262099999999999,104.39,5,6,3,0,1.0,14,1,0.3326203956682485,0,0,0,0.2543571428571427,0,fda_780,OCCN1C[C@H](O)[C@@H](O)[C@H](O)[C@H]1CO,2.74609685,FDA,MIGLITOL,0,0.0016292848,0.05719593860038803
405.4770000000001,4.4345000000000026,77.47,2,6,7,4,0.217391304347826,30,4,0.4754777568922793,0,0,0,0.4466428571428571,1,fda_2160,C[C@@H](N)COc1ccc(-c2cnc3ccc(N[C@H](C)c4cccc(F)c4)nn23)cc1,5.30634451,FDA,TALETRECTINIB,-1,0.98247045,0.5827041456801009
206.329,4.106000000000003,20.23,1,1,2,1,0.5714285714285714,15,1,0.7718376945063485,0,0,0,0.8555,0,fda_670,CC(C)(C)CC(C)(C)c1ccc(O)cc1,4.2271595,FDA,TYLOXAPOL,-1,0.06680461,0.361194098596452
294.35800000000006,2.4083200000000007,53.92,1,3,2,3,0.2941176470588235,22,4,0.7888476665596758,0,0,0,0.6148571428571428,0,fda_856,Cc1[nH]cnc1CN1CCc2c(c3ccccc3n2C)C1=O,4.15848589,FDA,ALOSETRON,-1,0.18015946,0.34709837409736527
183.207,0.3506000000000001,72.72,4,4,3,1,0.3333333333333333,13,1,0.5101568892419974,0,0,1,0.4805714285714285,0,fda_64,CNC[C@H](O)c1ccc(O)c(O)c1,3.83032918,FDA,EPINEPHRINE,-1,0.0070216325,0.27974198236716946
267.245,-1.9800000000000009,139.54000000000002,4,9,2,2,0.5,19,3,0.4905198676792232,0,0,0,0.0032857142857141,0,fda_655,Nc1ncnc2c1ncn2[C@@H]1O[C@H](CO)[C@@H](O)[C@H]1O,3.28114724,FDA,ADENOSINE,0,0.0029785421,0.16701866221385336
387.7190000000001,5.8629000000000016,27.05,0,4,6,3,0.1875,23,3,0.5291897722454129,1,0,0,0.8067857142857142,0,fda_526,Clc1ccc([C@@H](Cn2ccnc2)OCc2ccsc2Cl)c(Cl)c1,4.74673033,FDA,TIOCONAZOLE,-1,0.90791625,0.46783953746943135
551.6250000000002,4.203900000000004,145.65,2,10,10,4,0.2592592592592592,39,4,0.2939150654582937,1,1,0,0.0,1,fda_880,COc1ccccc1Oc1c(NS(=O)(=O)c2ccc(C(C)(C)C)cc2)nc(-c2ncccn2)nc1OCCO,5.70466471,FDA,BOSENTAN,-1,0.99123514,0.6644620698903052
336.44700000000006,3.332200000000002,57.53,2,3,0,0,0.85,24,4,0.7132510411285401,0,0,0,0.5890714285714286,0,fda_195,C[C@]1(O)CC[C@H]2[C@@H]3CCC4=CC(=O)CC[C@]4(C)[C@@]3(F)[C@@H](O)C[C@@]21C,5.73720503,FDA,FLUOXYMESTERONE,-1,0.8975426,0.6711411914019327
310.48100000000005,4.869700000000004,20.23,1,1,1,0,0.7272727272727273,23,4,0.540960336622813,0,0,0,0.8555,0,fda_676,C#C[C@]1(O)CC[C@H]2[C@@H]3CCC4=CCCC[C@@H]4[C@H]3C(=C)C[C@@]21CC,5.39214182,FDA,DESOGESTREL,-1,0.8656269,0.6003146258124653
586.6480000000004,5.3977000000000075,97.96,2,7,3,6,0.2571428571428571,44,9,0.2896240303210923,2,0,0,0.3002857142857144,1,fda_1852,CO[C@@H]1[C@H](N(C)C(=O)c2ccccc2)C[C@H]2O[C@]1(C)n1c3ccccc3c3c4c(c5c6ccccc6n2c5c31)C(=O)N[C@@H]4O,4.83922958,FDA,M MIDOSTAURIN,-1,0.99615884,0.4868256362688412
557.6070000000001,0.8270000000000015,180.96999999999997,2,14,10,1,0.5238095238095238,37,3,0.1361090873395191,2,1,0,0.0,0,fda_985,COCC1=C(C(=O)O[C@H](C)OC(=O)OC(C)C)N2C(=O)[C@@H](NC(=O)/C(=N\OC)c3csc(N)n3)[C@H]2SC1,4.95982313,FDA,CEFPODOXIME PROXETIL,-1,0.97545266,0.5115782808024087
130.123,-1.9556999999999995,83.22,1,4,4,0,0.6,9,0,0.4788052409598551,0,0,0,0.4055714285714286,0,fda_830,NCC(=O)CCC(=O)[O-],3.01121783,FDA,AMINOLEVULINIC ACID,0,0.010527566,0.11161381896240605
389.8860000000001,1.2295000000000005,118.36,3,5,2,1,0.4285714285714285,24,4,0.6571692284800612,0,0,0,0.1545714285714287,0,fda_382,NS(=O)(=O)c1cc2c(cc1Cl)N[C@H]([C@H]1C[C@H]3C=C[C@@H]1C3)NS2(=O)=O,5.12138939,FDA,CYCLOTHIAZIDE,-1,0.9317104,0.5447408521206751
200.28500000000005,3.1783400000000013,28.68,1,1,2,2,0.3076923076923077,15,2,0.7920749783499234,0,0,0,0.7951428571428572,0,fda_845,Cc1cccc([C@H](C)c2cnc[nH]2)c1C,4.3295989,FDA,DEXMEDETOMIDINE,-1,0.06680461,0.38222048064119585
179.307,2.6941000000000006,26.02,1,1,0,0,1.0,13,4,0.6076471131693595,0,0,0,0.8141428571428572,0,fda_907,C[C@]12C[C@@H]3C[C@](C)(C1)C[C@@](N)(C3)C2,4.49938011,FDA,MEMANTINE,-1,0.1216562,0.41706922619689896
549.5530000000003,3.5306000000000024,104.29,2,5,4,3,0.3448275862068966,40,6,0.518443001557986,1,0,0,0.2550714285714285,1,fda_1949,C[C@@H]1[C@H](c2ccccc2)C[C@H](NC(=O)c2cnc3c(c2)C[C@@]2(C3)C(=O)Nc3ncccc32)C(=O)N1CC(F)(F)F,6.55305862,FDA,UBROGEPANT,1,0.99781466,0.8386006774582336
258.23299999999995,0.0877999999999999,83.55000000000001,1,4,1,1,0.2307692307692307,19,3,0.7233587999857974,0,0,0,0.4032142857142856,0,fda_801,O=C1CC[C@H](N2C(=O)c3ccccc3C2=O)C(=O)N1,4.99970293,FDA,THALIDOMIDE,-1,0.00822187,0.5197638803926833
186.20699999999997,-0.7830999999999997,80.25999999999999,0,4,8,0,0.7777777777777778,13,0,0.4654357947101322,0,0,0,0.4267142857142858,0,fda_731,O=C([O-])CCCCCCCC(=O)[O-],4.36421633,FDA,AZELAIC ACID,-1,0.009804552,0.3893259430764227
290.32300000000004,1.2575999999999998,105.51,2,7,5,2,0.2857142857142857,21,2,0.8533555071280714,0,0,0,0.2463571428571428,0,fda_410,COc1cc(Cc2cnc(N)nc2N)cc(OC)c1OC,4.26532745,FDA,TRIMETHOPRIM,-1,0.008410492,0.3690283293569278
561.445,4.719400000000002,122.47,3,7,6,3,0.3076923076923077,38,4,0.3725423469228782,1,0,0,0.1252142857142857,1,fda_2146,C[C@@H]1CN(C(=O)c2ccc(NC(=O)c3cc(O[C@H](C)c4c(Cl)ccc(F)c4Cl)c(N)nn3)cc2)C[C@H](C)N1,5.92246294,FDA,ENSARTINIB,1,0.99624807,0.7091666346637127
166.24900000000002,1.2782,38.91,1,2,2,1,0.25,11,1,0.6725460532160716,0,0,0,0.7220714285714286,0,fda_319,CCc1cc(C(N)=S)ccn1,3.25135922,FDA,ETHIONAMIDE,0,0.0128422035,0.16090446895543445
353.47900000000004,1.7081999999999993,100.82,3,5,12,0,0.75,25,1,0.366198748006001,0,1,0,0.2798571428571428,0,fda_418,CCCCC[C@H](O)/C=C/[C@@H]1[C@@H](C/C=C\CCCC(=O)[O-])[C@@H](O)C[C@H]1O,5.48940611,FDA,DINOPROST,-1,0.8300954,0.6202787814093427
312.4530000000001,4.499500000000004,34.14,0,2,1,0,0.7142857142857143,23,4,0.7141681268421906,0,0,0,0.7561428571428571,0,fda_412,CC(=O)[C@H]1CC[C@H]2[C@@H]3C=CC4=CC(=O)CC[C@@]4(C)[C@@H]3CC[C@]12C,5.60154581,FDA,DYDROGESTERONE,-1,0.9483616,0.6432962158592025
499.5200000000002,-0.279899999999998,149.18,2,8,9,2,0.4,36,3,0.3534644741314993,0,1,0,0.0,1,fda_1999,COC(=O)[C@H](c1ccccc1)[C@H]1CCCCN1C(=O)OC[n+]1cccc(C(=O)N[C@@H](CO)C(=O)[O-])c1,4.22474623,FDA,SERDEXMETHYLPHENIDATE,-1,0.908393,0.36069875855153655
160.22000000000003,1.2308,24.39,1,2,2,1,0.3,12,2,0.6910509635760047,0,0,0,0.8257857142857143,0,fda_59,c1ccc(CC2=NCCN2)cc1,3.11811447,FDA,TOLAZOLINE,0,0.0128422035,0.13355507976576345
127.187,0.0728999999999999,23.47,1,2,0,0,1.0,9,3,0.4976212255765575,0,0,0,0.8323571428571429,0,fda_2129,O[C@H]1CN2CCC1CC2,2.69183159,FDA,M ACECLIDINE,0,0.0063525783,0.046057625719627765
383.41700000000014,1.2676999999999998,103.35000000000002,0,8,4,0,0.8947368421052632,27,5,0.5280665544899107,0,0,0,0.2617857142857142,0,fda_1978,C[C@H]1[C@H](OC(=O)CCC(=O)[O-])O[C@@H]2O[C@@]3(C)CC[C@H]4[C@H](C)CC[C@@H]1[C@@]24OO3,4.01820946,FDA,ARTESUNATE,-1,0.94238925,0.31830568486790106
585.709,5.075000000000005,113.85,2,10,12,4,0.3125,43,4,0.1736590945564849,2,1,0,0.1867857142857143,1,fda_2046,C=CC(=O)Nc1cc(Nc2ncc(C(=O)OC(C)C)c(-c3cn(C)c4ccccc34)n2)c(OC)cc1N(C)CCN(C)C,4.86736727,FDA,MOBOCERTINIB,-1,0.9972766,0.4926010880949606
326.8310000000001,2.0298999999999996,30.869999999999997,1,4,1,2,0.2777777777777778,23,4,0.8697054686334906,0,0,0,0.7795000000000001,0,fda_628,CN1CCN(C2=c3ccccc3=Nc3ccc(Cl)cc3N2)CC1,4.75688791,FDA,CLOZAPINE,-1,0.59023404,0.46992444969783215
240.282,2.41054,52.16,1,3,3,2,0.1333333333333333,18,2,0.8959050086261833,0,0,0,0.6274285714285714,0,fda_346,Cc1cccc(Nc2ccccc2C(=O)[O-])c1C,3.93438792,FDA,MEFENAMIC ACID,-1,0.103096776,0.30110074493640226
130.167,-0.7445999999999997,66.15,1,3,5,0,0.8333333333333334,9,0,0.4980805873617275,0,0,0,0.5275,0,fda_347,NCCCCCC(=O)[O-],3.37986946,FDA,AMINOCAPROIC ACID,-1,0.008613337,0.1872820678373269
603.5230000000003,3.9479000000000015,104.29,2,5,4,3,0.3448275862068966,43,6,0.347500779398385,1,0,0,0.2550714285714285,1,fda_2044,C[C@@H]1[C@H](c2c(F)ccc(F)c2F)C[C@H](NC(=O)c2cnc3c(c2)C[C@@]2(C3)C(=O)Nc3ncccc32)C(=O)N1CC(F)(F)F,6.13219833,FDA,ATOGEPANT,1,0.99781466,0.7522162468094628
394.4390000000002,0.6204999999999998,115.06,4,6,2,0,0.7142857142857143,28,4,0.545907213602937,0,0,0,0.1781428571428571,0,fda_224,C[C@]12C=CC(=O)C=C1CC[C@H]1[C@@H]3C[C@@H](O)[C@](O)(C(=O)CO)[C@@]3(C)C[C@H](O)[C@@]12F,4.78993845,FDA,TRIAMCINOLONE,-1,0.98579013,0.4767082973270168
446.9100000000004,4.275600000000003,68.74000000000001,1,7,8,3,0.3636363636363636,31,4,0.517854527865434,0,0,0,0.5089999999999999,1,fda_895,COc1cc2ncnc(Nc3ccc(F)c(Cl)c3)c2cc1OCCCN1CCOCC1,5.57013845,FDA,GEFITINIB,-1,0.98688346,0.6368496420762947
790.0010000000001,2.7465000000000055,199.98,4,15,9,0,0.925,55,3,0.2485906886791703,2,1,0,0.0,0,fda_965,CCC(=O)O[C@H]1[C@H](O[C@@H]2[C@@H](C)[C@H](O[C@H]3C[C@@](C)(OC)[C@@H](O)[C@H](C)O3)[C@@H](C)C(=O)O[C@H](CC)[C@@](C)(O)[C@H](O)[C@@H](C)C(=O)[C@H](C)C[C@@]2(C)O)O[C@H](C)C[C@@H]1N(C)C,5.45084333,FDA,ERYTHROMYCIN ESTOLATE,-1,0.97651094,0.6123635091118925
431.5360000000001,3.318500000000001,63.69,1,5,9,3,0.3076923076923077,32,4,0.5631942375722424,0,0,0,0.5450714285714287,1,fda_2002,O=C(Cc1ccc(-c2ccc(OCCN3CCOCC3)cc2)cn1)NCc1ccccc1,4.95354652,FDA,TIRBANIBULIN,-1,0.99525094,0.5102899640043226
404.5070000000002,2.423,68.31,0,6,6,1,0.6363636363636364,29,3,0.6786181154392725,0,0,0,0.5120714285714285,0,fda_390,CCN(CC)C(=O)[C@@H]1CN2CCc3cc(OC)c(OC)cc3[C@@H]2C[C@H]1OC(C)=O,4.81767893,FDA,BENZQUINAMIDE,-1,0.9741202,0.4824022191050101
291.39100000000013,2.1801000000000004,49.77,1,4,6,1,0.5882352941176471,21,2,0.816248731137982,0,0,0,0.6445000000000001,0,fda_817,CN(C)CCOC(=O)[C@@H](c1ccccc1)C1(O)CCCC1,4.38427353,FDA,CYCLOPENTOLATE,-1,0.059982326,0.39344281949260473
387.88600000000014,4.004900000000003,35.91,0,3,6,2,0.3333333333333333,27,3,0.7505075074463576,0,0,0,0.7435,0,fda_381,CCN(CC)CCN1C(=O)CN=C(c2ccccc2F)c2cc(Cl)ccc21,4.69594002,FDA,FLURAZEPAM,-1,0.9698907,0.45741448165857174
228.20799999999997,-2.1388,123.49,3,8,2,1,0.625,16,2,0.5273624425093522,0,0,0,0.1179285714285715,0,fda_934,Nc1ncn([C@H]2C[C@H](O)[C@@H](CO)O2)c(=O)n1,3.1269989,FDA,DECITABINE,0,0.0031848627,0.13537866931655912
143.206,0.9527,40.129999999999995,0,2,5,0,0.875,10,0,0.574585486305641,0,0,0,0.7133571428571429,0,fda_485,CCCC(CCC)C(=O)[O-],4.28245306,FDA,VALPROIC ACID,-1,0.03293718,0.3725434770306674
315.67799999999994,4.073100000000001,38.33,1,2,0,1,0.3571428571428571,21,3,0.7328090954055055,0,0,0,0.7262142857142857,0,fda_831,O=C1Nc2ccc(Cl)cc2[C@@](C#CC2CC2)(C(F)(F)F)O1,4.33912563,FDA,EFAVIRENZ,-1,0.07419852,0.38417590662589635
265.33799999999997,3.2433000000000005,67.00999999999999,2,4,4,2,0.3333333333333333,18,2,0.8327124144827058,0,0,0,0.5213571428571429,0,fda_777,CCCSc1ccc2nc(NC(=O)OC)[nH]c2c1,5.09991789,FDA,ALBENDAZOLE,-1,0.111132,0.5403336810314876
305.502,3.1984000000000004,33.120000000000005,1,2,0,2,0.0,13,2,0.7583081059543383,0,0,0,0.7634285714285713,0,fda_991,Oc1c(I)cc(Cl)c2cccnc12,4.53304386,FDA,CLIOQUINOL,-1,0.06857987,0.42397893934007197
148.207,-1.2279999999999995,66.15,2,4,2,0,0.8,9,0,0.4819192583807676,0,0,0,0.5275,0,fda_644,CC(C)(S)[C@@H](N)C(=O)[O-],2.67625618,FDA,PENICILLAMINE,0,0.008613337,0.042860667116165416
252.269,2.8580000000000005,43.370000000000005,0,3,2,2,0.125,19,3,0.7717726415372386,0,0,1,0.6902142857142857,0,fda_211,COc1ccc(C2C(=O)c3ccccc3C2=O)cc1,3.82344556,FDA,ANISINDIONE,-1,0.046366755,0.2783290726471707
371.4260000000001,1.09568,120.56,1,7,5,3,0.375,26,4,0.7167032115900049,0,0,0,0.1388571428571429,0,fda_1859,CCS(=O)(=O)N1CC(CC#N)(n2cc(-c3ncnc4[nH]ccc34)cn2)C1,5.39638138,FDA,BARICITINIB,-1,0.93223464,0.6011848242738154
314.86,4.528400000000004,6.48,0,2,4,2,0.3684210526315789,22,3,0.8178744322781549,0,0,0,0.9537142857142856,0,fda_650,CN(C)CCCN1c2ccccc2CCc2ccc(Cl)cc21,4.63554239,FDA,CLOMIPRAMINE,-1,0.11943813,0.4450174582185957
463.5000000000003,5.910820000000005,78.63,2,6,9,3,0.375,33,3,0.4107301234210515,1,0,0,0.4383571428571429,1,fda_1908,COc1cc(C)c2c(Oc3cccc(C(F)(F)F)c3)c(OC)cc(N[C@@H](C)CCCN)c2n1,4.85751915,FDA,TAFENOQUINE,-1,0.974271,0.49057969463167905
309.4340000000001,4.014400000000004,20.31,0,3,0,2,0.3157894736842105,22,4,0.7325276241844828,0,0,0,0.8549285714285714,0,fda_849,CN1CCC(=C2c3ccccc3CC(=O)c3sccc32)CC1,5.0134263,FDA,KETOTIFEN,-1,0.2693638,0.5225806952174614
434.50400000000025,2.2747000000000006,93.06,2,6,2,0,0.75,31,5,0.6927713808384576,0,0,0,0.3352857142857143,0,fda_489,CC1(C)O[C@@H]2C[C@H]3[C@@H]4C[C@H](F)C5=CC(=O)C=C[C@]5(C)[C@H]4[C@@H](O)C[C@]3(C)[C@]2(C(=O)CO)O1,5.79385233,FDA,FLUNISOLIDE,-1,0.99352324,0.6827684341581693
318.43700000000024,2.4562999999999997,46.53,1,3,4,1,0.631578947368421,23,3,0.6850778093160973,0,0,0,0.6676428571428572,0,fda_1899,C[N+]1(C)CC[C@@H](OC(=O)[C@](O)(c2ccccc2)C2CCCC2)C1,4.17138529,FDA,GLYCOPYRRONIUM,-1,0.6916127,0.3497460634878534
751.2199999999998,-1.516399999999993,259.72999999999996,5,15,13,2,0.4333333333333333,50,5,0.0513272345512638,2,2,1,0.0,1,fda_1932,CC(C)(O/N=C(\C(=O)N[C@@H]1C(=O)N2C(C(=O)[O-])=C(C[N+]3(CCNC(=O)c4ccc(O)c(O)c4Cl)CCCC3)CS[C@H]12)c1csc(N)n1)C(=O)[O-],4.96021652,FDA,CEFIDEROCOL,-1,0.92592937,0.5116590267696106
497.5680000000005,1.2496000000000007,117.23000000000002,1,8,11,2,0.4444444444444444,36,3,0.4612404047320605,0,1,0,0.1626428571428569,1,fda_716,CCOC(=O)[C@H](CCc1ccccc1)N[C@@H](C)C(=O)N1Cc2cc(OC)c(OC)cc2C[C@H]1C(=O)[O-],5.33798075,FDA,MOEXIPRIL,-1,0.97157854,0.58919769863628
289.419,4.342100000000004,38.33,1,2,4,1,0.6111111111111112,21,2,0.8949670888562631,0,0,0,0.7262142857142857,0,fda_2124,COc1ccc(NC(=O)[C@@H]2C[C@H](C)CC[C@H]2C(C)C)cc1,4.8355732,FDA,ACOLTREMON,-1,0.11824059,0.48607513946018405
161.22499999999997,0.1764,52.32,1,2,3,0,0.8571428571428571,11,0,0.6000594654010832,0,0,0,0.6262857142857143,0,fda_68,C[C@H](C[N+](C)(C)C)OC(N)=O,2.73655701,FDA,BETHANECHOL,0,0.011328132,0.05523782169921789
261.365,3.154200000000002,38.33,1,3,5,1,0.5625,19,2,0.8274314065508214,0,0,0,0.7262142857142857,0,fda_99,C[C@H](CNC1CCCCC1)OC(=O)c1ccccc1,3.41950488,FDA,HEXYLCAINE,-1,0.11824059,0.19541750677414102
364.52900000000017,5.228400000000006,29.46,1,2,2,1,0.68,27,5,0.7283713862390043,1,0,0,0.7895714285714286,0,fda_383,C#C[C@]1(O)CC[C@H]2[C@@H]3CCc4cc(OC5CCCC5)ccc4[C@H]3CC[C@@]21C,5.52449036,FDA,QUINESTROL,-1,0.9645259,0.6274800618175967
427.52600000000024,4.106600000000004,71.11,1,6,5,2,0.3636363636363636,30,4,0.7745106536439257,0,0,0,0.4920714285714286,1,fda_627,CCOC(=O)Nc1ccc2c(c1)N(C(=O)CCN1CCOCC1)c1ccccc1S2,4.83064651,FDA,MORICIZINE,-1,0.99404126,0.4850639029031951
295.32,1.6446999999999998,87.25999999999999,0,6,5,2,0.25,20,2,0.6179107716427477,0,0,0,0.3767142857142858,0,fda_2035,Cn1c([N+](=O)[O-])cnc1COc1ccc([S@@](C)=O)cc1,3.36555123,FDA,M FEXINIDAZOLE,-1,0.008936617,0.1843431539605908
354.797,2.9249800000000006,90.68,2,5,3,3,0.1666666666666666,25,3,0.7561838271258684,0,0,0,0.3522857142857142,0,fda_2064,C[C@H](Nc1ccc(C#N)n(C)c1=O)c1cc2cc(Cl)ccc2[nH]c1=O,4.81315994,FDA,OLUTASIDENIB,-1,0.90898126,0.4814746657398365
315.374,2.3885000000000005,86.03999999999999,0,6,5,2,0.3125,22,2,0.8452708717294677,0,0,0,0.3854285714285714,0,fda_760,Cc1nc(-c2ccc(OCC(C)C)c(C#N)c2)sc1C(=O)[O-],5.71770859,FDA,FEBUXOSTAT,-1,0.12903355,0.6671394147812924
562.571,5.7018800000000045,108.76,3,6,9,4,0.2333333333333333,41,5,0.2268705766731385,2,0,0,0.2231428571428571,1,fda_2014,N#Cc1cccc([C@@H](NCC2CC2)c2ccc(F)c(NC(=O)c3cc(C(F)(F)F)nn3-c3cccc(CN)c3)c2)c1,5.7994194,FDA,BEROTRALSTAT,1,0.9982717,0.683911113056033
324.8110000000001,3.934000000000003,32.67,0,2,3,2,0.2631578947368421,23,4,0.8415175711014194,0,0,0,0.7666428571428572,0,fda_415,O=C1CN=C(c2ccccc2)c2cc(Cl)ccc2N1CC1CC1,4.44650602,FDA,PRAZEPAM,-1,0.87335885,0.4062164603996748
307.112,3.1651000000000007,66.16,0,4,2,3,0.0,20,3,0.7291210723776334,0,0,0,0.5274285714285715,0,fda_1928,O=C([O-])c1ccc2nc(-c3cc(Cl)cc(Cl)c3)oc2c1,5.31941938,FDA,TAFAMIDIS,-1,0.15558162,0.5853878514788987
396.8380000000001,2.81938,116.46,2,6,6,3,0.2105263157894736,28,3,0.6211560477951573,0,0,0,0.168142857142857,0,fda_1956,CC(=O)c1cc(C(=O)N[C@@H](C)Cn2ccc(-c3ccc(C#N)c(Cl)c3)n2)n[nH]1,6.02641153,FDA,M DAROLUTAMIDE,1,0.99018425,0.7305027881979236
269.388,3.662620000000003,12.47,0,2,6,2,0.3333333333333333,20,2,0.7932087270574181,0,0,0,0.9109285714285714,0,fda_196,Cc1ccccc1[C@@H](OCCN(C)C)c1ccccc1,3.48972774,FDA,ORPHENADRINE,-1,0.04348508,0.209831225349558
371.3930000000001,2.5822000000000003,103.55,1,8,4,2,0.3684210526315789,27,3,0.8181000978992072,0,0,0,0.2603571428571428,0,fda_606,COC(=O)C1=C(C)NC(C)=C(C(=O)OC(C)C)[C@@H]1c1cccc2nonc12,4.3665061,FDA,ISRADIPINE,-1,0.9664229,0.3897959339082178
130.078,-0.7977000000000001,65.72,2,2,0,1,0.0,9,1,0.482564502908463,0,0,0,0.5305714285714286,0,fda_280,O=c1[nH]cc(F)c(=O)[nH]1,3.08076882,FDA,FLUOROURACIL,0,0.0034184288,0.12588963166074435
211.261,1.0844,64.71,2,4,4,1,0.4545454545454545,15,1,0.781942163264455,0,0,0,0.5377857142857143,0,fda_73,COc1ccc(OC)c([C@H](O)[C@@H](C)N)c1,3.46440959,FDA,METHOXAMINE,-1,0.0078564575,0.20463450324296484
231.255,1.4176199999999997,67.16,2,4,4,2,0.1666666666666666,17,2,0.7807773221849421,0,0,0,0.5202857142857142,0,fda_267,Cc1cc(C(=O)NNCc2ccccc2)no1,3.88723111,FDA,ISOCARBOXAZID,-1,0.037784092,0.29142148965892706
264.31,1.16802,97.97,2,5,3,2,0.0909090909090909,18,2,0.8107373568997642,0,0,0,0.3002142857142857,0,fda_55,Cc1ccnc(NS(=O)(=O)c2ccc(N)cc2)n1,3.67086291,FDA,SULFAMERAZINE,-1,0.014042782,0.24701044824777513
299.761,1.8492,48.19,1,3,1,2,0.125,21,3,0.8734531270112922,0,0,0,0.6557857142857143,0,fda_282,C/N=C1/CN(O)C(c2ccccc2)=c2cc(Cl)ccc2=N1,3.76564908,FDA,CHLORDIAZEPOXIDE,-1,0.016162697,0.26646595289713904
197.381,2.5084999999999997,0.0,0,0,0,0,1.0,7,0,0.523506439863351,0,0,0,1.0,0,fda_234,FC(F)(F)[C@H](Cl)Br,3.17472458,FDA,HALOTHANE,0,0.029680746,0.14517468902211378
430.3790000000001,2.8795800000000007,107.26,2,5,5,2,0.2222222222222222,29,2,0.5604120760868545,0,0,0,0.2338571428571428,1,fda_743,C[C@@](O)(CS(=O)(=O)c1ccc(F)cc1)C(=O)Nc1ccc(C#N)c(C(F)(F)F)c1,5.31269503,FDA,BICALUTAMIDE,-1,0.9908959,0.58400763300727
284.74600000000004,3.153800000000002,32.67,0,2,1,2,0.125,20,3,0.79164533623487,0,0,0,0.7666428571428572,0,fda_324,CN1C(=O)CN=C(c2ccccc2)c2cc(Cl)ccc21,3.9490757,FDA,DIAZEPAM,-1,0.07111674,0.3041155114585524
385.5050000000001,3.748140000000002,66.43,0,5,8,2,0.3636363636363636,27,2,0.5113912674413162,0,0,0,0.5255,0,fda_2118,CSc1ccc(C(=O)CCc2cc(C)c(OC(C)(C)C(=O)[O-])c(C)c2)cc1,5.29030752,FDA,M ELAFIBRANOR,-1,0.9819307,0.5794124446491721
340.492,4.832100000000005,23.550000000000004,0,4,5,2,0.35,24,3,0.7273120276641493,0,0,0,0.8317857142857142,0,fda_290,CCC(=O)c1ccc2c(c1)N(C[C@@H](C)N(C)C)c1ccccc1S2,4.52647734,FDA,PROPIOMAZINE,-1,0.95981747,0.4226311165470405
184.491,2.3528,9.23,0,1,3,0,1.0,10,0,0.4832940928615504,0,0,0,0.9340714285714286,0,fda_407,FC(F)OC(F)(F)[C@@H](F)Cl,3.26460743,FDA,ENFLURANE,0,0.01610165,0.16362375396558676
309.40600000000006,2.2748600000000003,67.79,2,5,7,1,0.5882352941176471,22,1,0.5972565891756851,0,0,0,0.5157857142857143,0,fda_651,CC(=O)Oc1c(C)cc(OC[C@H](O)CNC(C)C)c(C)c1C,4.01284361,FDA,METIPRANOLOL,-1,0.11224236,0.3172043077405967
162.19,-1.8291999999999995,69.23,2,4,3,0,0.6,10,0,0.4795672584018238,0,0,0,0.5055,0,fda_332,CC(=O)N[C@@H](CS)C(=O)[O-],3.2299757,FDA,ACETYLCYSTEINE,0,0.010527566,0.15651535635831437
325.77400000000006,4.324220000000002,30.18,0,3,1,3,0.1111111111111111,23,4,0.654885085071007,0,0,0,0.7844285714285715,0,fda_529,Cc1ncc2n1-c1ccc(Cl)cc1C(c1ccccc1F)=NC2,5.56681395,FDA,MIDAZOLAM,-1,0.8460897,0.6361672658899079
342.47600000000006,1.800499999999999,100.49,1,5,14,0,0.8947368421052632,24,0,0.4851341672148907,0,1,0,0.2822142857142856,0,fda_1945,CC(C)(CCCCCC(O)CCCCCC(C)(C)C(=O)[O-])C(=O)[O-],4.49821615,FDA,BEMPEDOIC ACID,-1,0.8133059,0.4168303155078009
312.4530000000001,3.882600000000003,37.3,1,2,1,0,0.7619047619047619,23,4,0.7460501574652694,0,0,0,0.7335714285714285,0,fda_380,C#C[C@@]1(O)CC[C@H]2[C@@H]3CCC4=CC(=O)CC[C@@H]4[C@H]3CC[C@@]21CC,5.83266211,FDA,NORGESTREL,1,0.873452,0.6907344048818602
212.249,0.7948999999999999,75.27000000000001,2,3,3,0,0.7,15,1,0.6791427219817272,0,0,0,0.4623571428571428,0,fda_4,CC[C@@H](C)C1(CC)C(=O)NC(=O)NC1=O,5.05086756,FDA,BUTABARBITAL,-1,0.013469233,0.5302657679238283
147.19799999999998,-0.2121000000000003,52.32,1,2,3,0,0.8333333333333334,10,0,0.5613640399929508,0,0,0,0.6262857142857143,0,fda_399,C[N+](C)(C)CCOC(N)=O,2.72506523,FDA,CARBACHOL,0,0.00719699,0.05287905586640212
360.36500000000007,0.2093000000000002,77.84,0,7,2,2,0.4444444444444444,26,4,0.7619798913591553,0,0,0,0.4439999999999999,0,fda_626,C[C@@H]1COc2c(N3CCN(C)CC3)c(F)cc3c(=O)c(C(=O)[O-])cn1c23,4.89957762,FDA,OFLOXACIN,-1,0.91445494,0.4992124810247797
419.5200000000002,3.5593800000000018,67.16,0,4,4,2,0.4615384615384615,31,4,0.7600468495976936,0,0,0,0.5202857142857142,1,fda_698,C[C@@H]1CN([C@H]2CC[C@](C#N)(c3ccc(F)cc3)CC2)CC[C@]1(C(=O)[O-])c1ccccc1,5.7674675,FDA,LEVOCABASTINE,-1,0.99721307,0.6773527687426592
416.51400000000024,2.326700000000001,93.06,2,6,2,0,0.75,30,5,0.7177493123306525,0,0,0,0.3352857142857143,0,fda_404,CC1(C)O[C@@H]2C[C@H]3[C@@H]4CCC5=CC(=O)C=C[C@]5(C)[C@H]4[C@@H](O)C[C@]3(C)[C@]2(C(=O)CO)O1,5.62150812,FDA,DESONIDE,-1,0.9916739,0.6473936154589229
557.5090000000002,-0.4307999999999978,162.48,3,9,7,3,0.3461538461538461,40,5,0.3525523612864984,1,1,0,0.0,1,fda_689,C[C@H](N)C(=O)N[C@@H](C)C(=O)N[C@H]1[C@@H]2CN(c3nc4c(cc3F)c(=O)c(C(=O)[O-])cn4-c3ccc(F)cc3F)C[C@@H]21,5.63142538,FDA,ALATROFLOXACIN,-1,0.9831556,0.6494292003764162
213.28099999999992,0.3355999999999997,82.86000000000001,2,3,2,0,0.9,15,2,0.5114357848128608,0,0,0,0.408142857142857,0,fda_481,NC(N)=NC[C@@H]1COC2(CCCCC2)O1,4.34063196,FDA,GUANADREL,-1,0.0052266493,0.3844850910809542
239.746,3.2993000000000023,29.1,1,2,3,1,0.4615384615384615,16,1,0.8204937720146613,0,0,0,0.7921428571428571,0,fda_524,C[C@@H](NC(C)(C)C)C(=O)c1cccc(Cl)c1,3.292413,FDA,BUPROPION,0,0.1644895,0.16933103590780693
480.5290000000002,0.661800000000002,139.79000000000002,2,11,7,2,0.4347826086956521,35,5,0.5470559666602671,1,0,0,0.0014999999999998,1,fda_1875,COc1c(OCCCN2CCOCC2)ccc2c1N=C(NC(=O)c1cnc(N)nc1)N1CCN=C21,5.49352407,FDA,COPANLISIB,-1,0.987363,0.6211240206454666
439.5980000000003,1.6158000000000006,107.56,2,6,14,1,0.6818181818181818,30,2,0.4266297483826753,0,1,0,0.2317142857142856,0,fda_823,CCCCS(=O)(=O)N[C@@H](Cc1ccc(OCCCCC2CCNCC2)cc1)C(=O)[O-],4.71055555,FDA,TIROFIBAN,-1,0.959135,0.46041441837790437
296.4390000000001,4.241000000000003,6.48,0,3,2,2,0.3333333333333333,21,4,0.8181633544074803,0,0,1,0.9537142857142856,0,fda_259,CN1CC[C@@H](CN2c3ccccc3Sc3ccccc32)C1,4.4470644,FDA,METHDILAZINE,-1,0.17258765,0.40633107168406485
540.6970000000002,4.703900000000005,99.13,1,7,5,0,0.78125,39,6,0.5046539264256359,1,0,0,0.2919285714285713,0,fda_923,CC(C)C(=O)OCC(=O)[C@@]12O[C@H](C3CCCCC3)O[C@@H]1C[C@H]1[C@@H]3CCC4=CC(=O)C=C[C@]4(C)[C@H]3[C@@H](O)C[C@@]12C,6.47911072,FDA,CICLESONIDE,1,0.9949779,0.8234223691432054
283.415,3.6366000000000023,23.47,1,2,2,1,0.5789473684210527,21,4,0.8377375629702639,0,0,0,0.8323571428571429,0,fda_188,C=CCN1CC[C@]23CCCC[C@H]2[C@H]1Cc1ccc(O)cc13,4.3124733,FDA,LEVALLORPHAN,-1,0.18797398,0.37870533502002407
324.38000000000005,3.493400000000002,60.85,1,3,5,2,0.2631578947368421,24,3,0.8564589107930237,0,0,1,0.5653571428571429,0,fda_301,CCCC[C@H]1C(=O)N(c2ccccc2)N(c2ccc(O)cc2)C1=O,4.60583448,FDA,OXYPHENBUTAZONE,-1,0.7575999,0.43891970808133535
314.425,3.828900000000002,46.53,1,3,1,1,0.65,23,4,0.6328232396055683,0,0,0,0.6676428571428572,0,fda_21,CC(=O)Oc1ccc2c(c1)CC[C@@H]1[C@@H]2CC[C@]2(C)[C@@H](O)CC[C@@H]12,4.77331161,FDA,ESTRADIOL ACETATE,-1,0.92343265,0.4732955255806299
807.8900000000002,3.2596000000000025,224.44999999999996,5,14,8,2,0.5581395348837209,58,6,0.1468094861389331,2,1,0,0.0,1,fda_733,CC(=O)O[C@@]12CO[C@@H]1C[C@H](O)[C@@]1(C)C(=O)[C@H](O)C3=C(C)[C@@H](OC(=O)[C@H](O)[C@@H](NC(=O)OC(C)(C)C)c4ccccc4)C[C@@](O)([C@@H](OC(=O)c4ccccc4)[C@H]21)C3(C)C,5.37471771,FDA,DOCETAXEL,-1,0.99684566,0.5967382089879852
417.82200000000006,5.228000000000002,66.49000000000001,2,4,5,4,0.15,29,4,0.466457655707693,1,0,0,0.5250714285714285,1,fda_1951,FC(F)(F)c1ccc(CNc2ccc(Cc3c[nH]c4ncc(Cl)cc34)cn2)cn1,5.85878372,FDA,PEXIDARTINIB,1,0.989958,0.6960960426060542
256.092,1.9263,44.7,1,3,0,1,0.2,16,3,0.7703086660163128,0,0,0,0.6807142857142857,0,fda_717,O=C1CN2Cc3c(ccc(Cl)c3Cl)N=C2N1,4.53475952,FDA,ANAGRELIDE,-1,0.016795542,0.42433109019822685
117.14799999999998,-1.5574999999999983,40.129999999999995,0,2,2,0,0.8,8,0,0.4104086183653024,0,0,0,0.7133571428571429,0,fda_756,C[N+](C)(C)CC(=O)[O-],2.49395442,FDA,BETAINE,0,0.008613337,0.005441993703501828
303.358,0.9180999999999996,62.3,1,5,4,1,0.5882352941176471,22,4,0.6618093940597772,0,0,0,0.5549999999999999,0,fda_466,CN1[C@@H]2C[C@@H](OC(=O)[C@H](CO)c3ccccc3)C[C@H]1[C@@H]1O[C@@H]12,3.66986179,FDA,SCOPOLAMINE,-1,0.14130148,0.2468049615737744
180.16699999999997,-1.0397000000000003,72.68,1,5,0,2,0.2857142857142857,13,2,0.5624722357827983,0,0,0,0.4808571428571427,0,fda_9,Cn1c(=O)c2[nH]cnc2n(C)c1=O,3.24328303,FDA,THEOPHYLLINE,0,0.003499103,0.15924677614967872
507.63700000000034,-0.6317999999999964,183.04,4,7,9,1,0.6086956521739131,35,3,0.1933405407869204,1,1,0,0.0,0,fda_818,C[C@@H]1CCN(C(=O)[C@H](CCCN=C(N)N)NS(=O)(=O)c2cccc3c2NC[C@H](C)C3)[C@@H](C(=O)[O-])C1,3.84856296,FDA,ARGATROBAN,-1,0.93393666,0.28348458945389404
342.29699999999997,-5.395599999999993,189.52999999999997,8,11,5,0,1.0,23,2,0.2378914345193498,2,1,0,0.0,0,fda_449,OC[C@H]1O[C@@H](O[C@@H]2[C@@H](CO)O[C@](O)(CO)[C@H]2O)[C@H](O)[C@@H](O)[C@H]1O,3.90007138,FDA,LACTULOSE,-1,0.017448736,0.29405704221563533
214.612,-0.0224000000000002,72.94,1,6,0,0,0.2857142857142857,14,2,0.6257838764930321,0,0,0,0.479,0,fda_962,Cn1c2nc(Cl)nc-2c(O)n(C)c1=O,3.65788054,FDA,DIMENHYDRINATE,-1,0.0047902064,0.2443457287017194
404.54700000000025,4.195500000000004,72.83,1,5,6,0,0.75,29,3,0.671999391844661,0,0,0,0.4797857142857142,0,fda_616,CC[C@H](C)C(=O)O[C@H]1C[C@@H](C)C=C2C=C[C@H](C)[C@H](CC[C@@H]3C[C@@H](O)CC(=O)O3)[C@H]21,6.0455451,FDA,LOVASTATIN,1,0.9770106,0.7344300832884829
254.246,-2.213099999999999,102.28,2,8,3,2,0.5,18,2,0.6460832424087163,0,0,0,0.2694285714285714,0,fda_93,Cn1c(=O)c2c(ncn2C[C@H](O)CO)n(C)c1=O,3.60897517,FDA,DYPHYLLINE,-1,0.00362006,0.23430756961781657
439.5780000000003,2.4116,88.50999999999999,0,7,5,0,0.8095238095238095,30,3,0.2136547968679551,0,0,0,0.3677857142857144,0,fda_2094,CC(C)(C)C(=O)OCOC(=O)[C@@H]1N2C(=O)[C@@H](/N=C/N3CCCCCC3)[C@H]2SC1(C)C,4.42698145,FDA,PIVMECILLINAM,-1,0.9716851,0.40220890990563307
303.35800000000006,1.8677,55.84,0,5,3,1,0.5294117647058824,22,3,0.7979361284429697,0,0,0,0.6011428571428572,0,fda_1877,COC(=O)[C@H]1[C@@H](OC(=O)c2ccccc2)C[C@@H]2CC[C@H]1N2C,3.85053086,FDA,COCAINE,-1,0.06287617,0.2838885142838506
187.286,2.1826,3.24,0,1,4,1,0.3846153846153846,14,1,0.6530251998867979,0,0,0,0.9768571428571428,0,fda_586,C#CCN(C)[C@H](C)Cc1ccccc1,3.34890199,FDA,SELEGILINE,-1,0.0299163,0.18092578446218852
259.13599999999997,2.7624000000000004,33.62,1,3,3,1,0.3636363636363636,16,2,0.9050107141126126,0,0,0,0.7598571428571429,0,fda_1865,C[C@H](Oc1c(Cl)cccc1Cl)C1=NCCN1,3.77521777,FDA,LOFEXIDINE,-1,0.04348508,0.26842999145659674
170.212,-0.1272999999999999,63.400000000000006,1,2,3,0,0.75,12,1,0.6410492145588488,0,0,0,0.5471428571428572,0,fda_843,CC[C@@H](C(N)=O)N1CCCC1=O,3.05856442,FDA,LEVETIRACETAM,0,0.013196324,0.12133202787280431
435.2270000000001,2.0982800000000004,146.51999999999998,2,8,4,3,0.1764705882352941,29,3,0.6379909002470271,0,1,0,0.0,1,fda_2106,CC(C)c1cc(Oc2c(Cl)cc(-n3nc(C#N)c(=O)[nH]c3=O)cc2Cl)n[nH]c1=O,6.17696905,FDA,RESMETIROM,1,0.9186288,0.761405740921477
339.4830000000001,3.361900000000002,59.22,1,3,8,2,0.4285714285714285,25,2,0.8020711980677477,0,0,0,0.577,0,fda_421,CC(C)N(CC[C@@](C(N)=O)(c1ccccc1)c1ccccn1)C(C)C,4.63255119,FDA,DISOPYRAMIDE,-1,0.89754903,0.44440349411911595
297.29,1.4103,109.25,1,6,2,3,0.1875,22,3,0.7161140965925937,0,0,0,0.2196428571428571,0,fda_746,CC(C)c1ccc2oc3nc(N)c(C(=O)[O-])cc3c(=O)c2c1,5.07699966,FDA,AMLEXANOX,-1,0.07077387,0.5356295587917116
287.297,0.6406000000000001,106.02,0,7,3,1,0.5,19,2,0.4585682353293902,0,0,0,0.2427142857142857,0,fda_2005,C[C@H]1CS(=O)(=O)CCN1/N=C/c1ccc([N+](=O)[O-])o1,3.62443089,FDA,NIFURTIMOX,-1,0.010847364,0.23747996103651478
409.4320000000001,4.888300000000004,60.77,2,3,6,3,0.2083333333333333,30,4,0.5702138618789355,0,0,0,0.5659285714285713,1,fda_902,O=C1[C@H](CC[C@H](O)c2ccc(F)cc2)[C@@H](c2ccc(O)cc2)N1c1ccc(F)cc1,6.12651014,FDA,EZETIMIBE,1,0.9892944,0.7510487072096301
443.4630000000002,3.718720000000003,67.82000000000001,0,6,11,2,0.3809523809523809,30,2,0.4934199993148911,0,1,0,0.5155714285714286,1,fda_2125,CCO[C@H](COc1ccc(C(F)(F)F)cc1)CSc1ccc(OCC(=O)[O-])c(C)c1,4.54578066,FDA,SELADELPAR,-1,0.98798454,0.4265932539770914
534.4320000000001,4.952100000000004,83.24000000000001,2,5,6,3,0.391304347826087,37,4,0.4376253118047191,1,0,0,0.4054285714285713,1,fda_915,C[C@@H](O[C@H]1OCCN(Cc2nc(=O)[nH][nH]2)[C@H]1c1ccc(F)cc1)c1cc(C(F)(F)F)cc(C(F)(F)F)c1,5.08835459,FDA,APREPITANT,-1,0.9892264,0.5379602352333085
260.3809999999999,2.845700000000001,32.34,1,2,7,1,0.5625,19,2,0.8173315946878695,0,0,0,0.769,0,fda_773,CCCN(CCC)CCc1cccc2c1CC(=O)N2,3.67754364,FDA,ROPINIROLE,-1,0.07111674,0.24838171341838125
306.276,0.7357999999999993,81.64999999999999,1,7,5,3,0.2307692307692307,22,3,0.7515159753061997,0,0,0,0.4167857142857143,0,fda_658,OC(Cn1cncn1)(Cn1cncn1)c1ccc(F)cc1F,4.83332491,FDA,FLUCONAZOLE,-1,0.024402052,0.4856136626798888
273.357,2.01,60.16,1,2,5,2,0.1333333333333333,19,2,0.9055446265663244,0,0,0,0.5702857142857143,0,fda_788,NC(=O)C[S@@](=O)C(c1ccccc1)c1ccccc1,3.2242527,FDA,MODAFINIL,0,0.050319612,0.15534067176974725
411.5210000000003,5.346700000000005,49.36,0,3,4,3,0.3928571428571428,31,7,0.5816891229939615,1,0,0,0.6474285714285715,1,fda_718,COc1ccc(-c2ccc3cc(C(=O)[O-])ccc3c2)cc1[C@]12C[C@H]3C[C@H](C[C@H](C3)C1)C2,5.3758893,FDA,ADAPALENE,-1,0.9946983,0.5969786857863636
158.221,-0.2525999999999999,66.15,1,3,5,0,0.875,11,0,0.5995200512640643,0,0,0,0.5275,0,fda_903,CC(C)C[C@H](CN)CC(=O)[O-],3.14140511,FDA,PREGABALIN,0,0.01176921,0.13833564168536266
454.6110000000002,5.093080000000005,63.95,0,6,13,2,0.5185185185185185,33,2,0.4199048761764639,1,1,0,0.5432142857142856,1,fda_512,COc1ccc(CCN(C)CCC[C@](C#N)(c2ccc(OC)c(OC)c2)C(C)C)cc1OC,5.05973911,FDA,VERAPAMIL,-1,0.9747019,0.5320867137672151
194.194,-1.0293,61.82,0,6,0,2,0.375,14,2,0.5384628262372215,0,0,0,0.5584285714285715,0,fda_69,Cn1c(=O)c2c(ncn2C)n(C)c1=O,2.90698934,FDA,CAFFEINE,0,0.003499103,0.09022021405368177
252.27299999999997,2.6422000000000008,63.400000000000006,1,2,0,2,0.0666666666666666,19,3,0.7829578147216556,0,0,0,0.5471428571428572,0,fda_838,NC(=O)N1c2ccccc2CC(=O)c2ccccc21,4.61087656,FDA,OXCARBAZEPINE,-1,0.12602334,0.43995462921890705
246.097,1.3359,81.47,2,1,2,1,0.1111111111111111,15,1,0.6097254058343433,0,0,0,0.4180714285714285,0,fda_567,NC(N)=NC(=O)Cc1c(Cl)cccc1Cl,4.22336388,FDA,GUANFACINE,-1,0.040038824,0.36041502183285645
390.9580000000002,5.555620000000006,6.48,0,2,5,3,0.28,28,4,0.5626410757187412,1,0,0,0.9537142857142856,0,fda_203,Cc1cccc(CN2CCN([C@@H](c3ccccc3)c3ccc(Cl)cc3)CC2)c1,4.70384932,FDA,MECLIZINE,-1,0.988013,0.45903791915924513
506.7090000000003,4.050520000000002,112.05,3,7,2,1,0.7407407407407407,35,3,0.521911808548141,1,0,0,0.199642857142857,0,fda_955,C/C(=C\c1csc(C)n1)[C@@H]1C[C@@H]2O[C@]2(C)CCC[C@H](C)[C@H](O)[C@@H](C)C(=O)C(C)(C)[C@@H](O)CC(=O)N1,5.6230197,FDA,IXABEPILONE,-1,0.98314613,0.6477038775121097
327.46800000000013,3.3656000000000015,43.7,2,3,2,1,0.7142857142857143,24,5,0.875191488403328,0,0,0,0.6878571428571428,0,fda_463,Oc1ccc2c(c1)[C@@]13CCCC[C@@]1(O)[C@@H](C2)N(CC1CCC1)CC3,4.78919744,FDA,BUTORPHANOL,-1,0.8986694,0.47655619999572646
585.1890000000002,7.613300000000008,73.25,1,5,12,4,0.3142857142857143,41,5,0.1854028783479699,2,1,0,0.4767857142857142,1,fda_809,CC(C)(O)c1ccccc1CC[C@@H](SCC1(CC(=O)[O-])CC1)c1cccc(/C=C/c2ccc3ccc(Cl)cc3n2)c1,5.66755104,FDA,MONTELUKAST,-1,0.99803287,0.6568442372545953
391.46700000000016,3.7150000000000025,48.00000000000001,0,5,3,2,0.375,29,5,0.5896396812689977,0,0,0,0.657142857142857,0,fda_2147,COc1ccc2c3c1O[C@H]1C[C@@H](OC(=O)c4ccccc4)C=C[C@@]31CCN(C)C2,4.67735243,FDA,BENZGALANTAMINE,-1,0.9918052,0.45359925266825096
778.9469999999999,4.753600000000004,133.87,2,11,7,3,0.5333333333333333,57,9,0.1956898904603122,2,0,0,0.0437857142857142,1,fda_724,CCC1=C[C@H]2CN(C1)Cc1c([nH]c3ccccc13)[C@@](C(=O)OC)(c1cc3c(cc1OC)N(C)[C@H]1[C@@](O)(C(=O)OC)[C@H](OC(C)=O)[C@]4(CC)C=CCN5CC[C@]31[C@@H]54)C2,5.48337317,FDA,VINORELBINE,-1,0.99731356,0.6190404795323987
143.142,0.3735999999999999,46.61,0,3,0,0,0.6666666666666666,10,1,0.4919347410358442,0,0,0,0.6670714285714285,0,fda_32,CN1C(=O)OC(C)(C)C1=O,3.79418254,FDA,TRIMETHADIONE,-1,0.006707363,0.27232263920161187
245.06399999999996,-3.8011999999999984,172.63,2,8,5,0,1.0,14,0,0.4633326276963488,0,1,0,0.0,0,fda_753,NCCCC(O)(P(=O)([O-])[O-])P(=O)([O-])[O-],4.22902632,FDA,ALENDRONATE,-1,0.0029912584,0.36157727607043927
458.5780000000003,4.652900000000003,72.83,1,5,7,3,0.3448275862068966,34,4,0.5578465581990995,0,0,0,0.4797857142857142,1,fda_1944,CC(C)(C)c1cc(-c2cc(-c3ccc(C(=O)[O-])cc3)ccc2OCCO)ccc1N1CCCC1,5.61166143,FDA,TRIFAROTENE,-1,0.99603915,0.645372515512846
236.13599999999997,-1.0621999999999998,123.20000000000005,0,8,4,0,1.0,16,2,0.4464104917907699,0,0,0,0.1199999999999997,0,fda_271,O=[N+]([O-])O[C@H]1CO[C@@H]2[C@H](O[N+](=O)[O-])CO[C@H+15]12,3.17652249,FDA,ISOSORBIDE DINITRATE,0,0.0016589374,0.1455437222509502
310.33500000000004,0.8768,116.43,2,7,5,2,0.1666666666666666,21,2,0.7870878791639985,0,0,0,0.1683571428571427,0,fda_521,COc1ncnc(NS(=O)(=O)c2ccc(N)cc2)c1OC,3.71627498,FDA,SULFADOXINE,-1,0.009243793,0.2563315837997469
374.39200000000017,0.6456999999999997,86.63,1,7,4,2,0.4736842105263157,27,4,0.8455651734986326,0,0,0,0.3812142857142857,0,fda_890,COc1c(N2CCN[C@H](C)C2)c(F)cc2c(=O)c(C(=O)[O-])cn(C3CC3)c12,5.31268358,FDA,GATIFLOXACIN,-1,0.9758399,0.5840052828170655
471.43000000000023,-3.4004999999999965,225.5,5,11,10,2,0.3,34,3,0.2145563580923106,1,1,0,0.0,1,fda_1853,Nc1nc(=O)c2c([nH]1)NC[C@H](CNc1ccc(C(=O)N[C@@H](CCC(=O)[O-])C(=O)[O-])cc1)N2C=O,5.28585148,FDA,LEVOLEUCOVORIN,-1,0.74466527,0.5784978121987022
168.03599999999997,2.0835,9.23,0,1,2,0,1.0,10,0,0.5732475481548114,0,0,0,0.9340714285714286,0,fda_681,FC(F)O[C@H](F)C(F)(F)F,3.09088063,FDA,DESFLURANE,0,0.009413323,0.12796514928603173
228.24699999999996,3.4644600000000025,43.35,0,3,0,3,0.2142857142857142,17,3,0.5532100636122295,0,0,0,0.6903571428571429,0,fda_308,Cc1cc2cc3c(C)cc(=O)oc3c(C)c2o1,4.31045008,FDA,TRIOXSALEN,-1,0.06308095,0.3782900553846439
424.9910000000001,0.3895000000000004,102.26,4,7,7,0,0.9444444444444444,27,2,0.4382730169795818,0,0,0,0.2695714285714286,0,fda_984,CCC[C@@H]1C[C@@H](C(=O)N[C@@H]([C@H]2O[C@H](SC)[C@H](O)[C@@H](O)[C@H]2O)[C@H](C)Cl)N(C)C1,4.33550406,FDA,CLINDAMYCIN,-1,0.85653937,0.3834325548059737
352.42500000000007,5.259800000000004,6.48,0,3,4,2,0.3333333333333333,24,3,0.7410247450790446,1,0,0,0.9537142857142856,0,fda_220,CN(C)CCCN1c2ccccc2Sc2ccc(C(F)(F)F)cc21,4.81279755,FDA,TRIFLUPROMAZINE,-1,0.90641665,0.48140028273301294
339.47900000000016,4.275500000000004,29.54,0,3,8,2,0.4090909090909091,25,2,0.6725578996267864,0,0,0,0.789,0,fda_215,CCC(=O)O[C@](Cc1ccccc1)(c1ccccc1)[C@H](C)CN(C)C,4.63913107,FDA,PROPOXYPHENE,-1,0.8476447,0.44575405914281363
478.5130000000003,1.7620999999999991,127.2,2,8,4,0,0.68,34,4,0.5855060519155003,0,0,0,0.0914285714285714,0,fda_226,CC(=O)OCC(=O)[C@@]1(O)[C@H](OC(C)=O)C[C@H]2[C@@H]3CCC4=CC(=O)C=C[C@]4(C)[C@@]3(F)[C@@H](O)C[C@@]21C,4.94850349,FDA,TRIAMCINOLONE DIACETATE,-1,0.98988146,0.5092548478728038
386.49900000000014,3.168820000000002,39.150000000000006,0,4,4,2,0.3333333333333333,29,5,0.8102897759421738,0,0,0,0.7203571428571428,0,fda_2162,Cc1ccccc1CN1C(=O)C2=C(CCN(Cc3ccccc3)C2)N2CCN=C12,4.33513308,FDA,DORDAVIPRONE,-1,0.9880806,0.38335640864335513
668.7170000000002,-8.025130000000015,375.9199999999999,15,12,10,0,0.6,47,2,0.0962806245495909,3,1,0,0.0,0,fda_976,[H]/N=C1\NCC[C@@H]([C@@H]2NC(=O)/C(=C\NC(N)=O)NC(=O)[C@H](CNC(=O)C[C@@H](N)CCCN)NC(=O)[C@H](CO)NC(=O)[C@@H](N)CNC2=O)N1,4.99383926,FDA,CAPREOMYCIN,-1,0.8004058,0.5185603223319731
156.056,1.3958,3.24,0,1,4,0,1.0,8,0,0.555740070043485,0,0,0,0.9768571428571428,0,fda_72,CN(CCCl)CCCl,2.92243123,FDA,MECHLORETHAMINE,0,0.010162695,0.09338976677102402
678.8549999999999,-0.5015999999999918,225.8,6,9,18,2,0.5277777777777778,49,3,0.111612090935993,2,2,0,0.0,1,fda_2040,CC(C)C[C@@H](NC(=O)[C@@H](Cc1ccccc1)NC(=O)[C@H](N)Cc1ccccc1)C(=O)N[C@H](CCCCN)C(=O)N1CCC(N)(C(=O)[O-])CC1,5.51591063,FDA,DIFELIKEFALIN,-1,0.9680867,0.625719014009617
457.48300000000023,0.1866000000000017,164.63,5,9,3,1,0.4347826086956521,33,4,0.3983715598370968,0,1,0,0.0,0,fda_997,CN(C)c1ccc(O)c2c1C[C@H]1C[C@H]3[C@H](N(C)C)C(O)=C(C(N)=O)C(=O)[C@@]3(O)C(O)=C1C2=O,4.06223774,FDA,MINOCYCLINE,-1,0.9884369,0.3273427881314203
463.41600000000005,3.270880000000001,103.32,1,5,3,2,0.25,32,4,0.5537212709573479,0,0,0,0.262,1,fda_1884,N#Cc1ncc(N2C(=O)C3(CCC3)N(c3ccc(C(N)=O)c(F)c3)C2=S)cc1C(F)(F)F,4.68343782,FDA,M APALUTAMIDE,-1,0.9974011,0.45484832026364164
289.74399999999997,0.8788000000000005,101.29,3,4,2,1,0.3,18,2,0.751957676885389,0,0,0,0.2765000000000001,0,fda_325,CC[C@@H]1NC(=O)c2cc(S(N)(=O)=O)c(Cl)cc2N1,3.80386353,FDA,QUINETHAZONE,-1,0.013722371,0.2743097280981824
256.328,2.6069000000000004,35.53,0,4,8,0,1.0,15,0,0.4937890995003399,0,0,0,0.7462142857142857,0,fda_268,CCOP(=O)(OCC)SCC[N+](C)(C)C,3.44082332,FDA,ECHOTHIOPHATE,-1,0.022375533,0.19979326125960217
581.4820000000004,-0.0958799999999993,187.87,0,13,8,4,0.28,41,5,0.1535824874302373,2,1,0,0.0,1,fda_1976,COc1cnc(-n2cnc(C)n2)c2c1c(C(=O)C(=O)N1CCN(C(=O)c3ccccc3)CC1)cn2COP(=O)([O-])[O-],5.27087402,FDA,FOSTEMSAVIR,-1,0.978969,0.5754235868906677
439.31300000000016,4.183520000000003,69.37,0,6,4,3,0.238095238095238,28,4,0.5722695378751442,0,0,0,0.5045,1,fda_1963,COC(=O)CC[C@@H]1N=C(c2ccccn2)c2cc(Br)ccc2-n2c(C)cnc21,5.81298018,FDA,REMIMAZOLAM,1,0.99509627,0.6866945551799105
320.04600000000005,5.929000000000002,0.0,0,0,3,2,0.1428571428571428,18,2,0.6150214671313037,1,0,0,1.0,0,fda_392,Clc1ccc([C@@H](c2ccccc2Cl)C(Cl)Cl)cc1,3.96899796,FDA,MITOTANE,-1,0.07352021,0.30820469052397764
313.788,3.4292000000000025,36.86,1,4,0,2,0.2352941176470588,22,4,0.8093498766353519,0,0,0,0.7367142857142857,0,fda_478,Clc1ccc2c(c1)C(N1CCNCC1)=Nc1ccccc1O2,4.08687878,FDA,AMOXAPINE,-1,0.23023705,0.33240052881537424
82.106,0.7181199999999999,28.68,1,1,0,1,0.25,6,1,0.4904468907838006,0,0,0,0.7951428571428572,0,fda_785,Cc1cn[nH]c1,3.01713061,FDA,FOMEPIZOLE,0,0.0071981316,0.11282745718389624
236.278,-1.4237999999999995,107.41,1,6,1,1,0.4,14,1,0.6449098524835121,0,0,0,0.2327857142857142,0,fda_251,CC(=O)/N=c1\sc(S(N)(=O)=O)nn1C,3.45677829,FDA,METHAZOLAMIDE,-1,0.010774205,0.20306812712891056
199.29799999999992,0.6956,26.790000000000006,0,2,2,0,0.9,14,1,0.6541651065181895,0,0,0,0.8086428571428571,0,fda_62,CCN(CC)C(=O)N1CCN(C)CC1,2.99019623,FDA,DIETHYLCARBAMAZINE,0,0.031289455,0.10729899290141985
315.869,5.188000000000004,3.24,0,2,3,2,0.2222222222222222,21,3,0.6542213588943052,1,0,1,0.9768571428571428,0,fda_299,CN(C)CC/C=C1/c2ccccc2Sc2ccc(Cl)cc21,5.05203295,FDA,CHLORPROTHIXENE,-1,0.07587732,0.5305049721301309
203.2069999999999,2.5951000000000013,26.02,1,1,2,1,0.4,14,1,0.7850522858404502,0,0,0,0.8141428571428572,0,fda_1959,C[C@H](N)Cc1cccc(C(F)(F)F)c1,3.57292295,FDA,M FENFLURAMINE,-1,0.039646585,0.2269076067980309
813.9790000000003,3.6209000000000087,184.18999999999997,0,16,9,0,0.8780487804878049,57,4,0.1866995587423804,2,1,0,0.0,0,fda_999,CO[C@H]1C[C@H](O[C@H]2[C@H](C)[C@@H](O[C@@H]3O[C@H](C)C[C@H](N(C)C)[C@H]3OC(C)=O)[C@@H](C)C[C@@]3(CO3)C(=O)[C@H](C)[C@@H](OC(C)=O)[C@@H](C)[C@@H](C)OC(=O)[C@@H]2C)O[C@@H](C)[C@@H]1OC(C)=O,4.77336121,FDA,TROLEANDOMYCIN,-1,0.99164623,0.4733057063172353
480.11200000000014,-5.344999999999998,294.63,3,18,8,1,0.625,29,2,0.2924426939926711,1,1,0,0.0,0,fda_2119,Nc1ncn([C@@H]2O[C@H](CO[P@](=O)([O-])O[P@](=O)([O-])OP(=O)([O-])[O-])[C@@H](O)[C@H]2O)c(=O)n1,3.47146797,FDA,M AZACITIDINE,-1,0.19671422,0.20608328363895487
351.4430000000001,2.842400000000002,84.85999999999999,2,6,5,1,0.5789473684210527,25,1,0.6267146503427627,0,0,0,0.393857142857143,0,fda_498,CNC[C@H](O)c1ccc(OC(=O)C(C)(C)C)c(OC(=O)C(C)(C)C)c1,3.82300925,FDA,DIPIVEFRIN,-1,0.9400181,0.27823951705869654
408.88200000000006,2.266300000000001,99.88,2,7,8,1,0.4,28,2,0.5023259105130484,0,0,0,0.2865714285714285,0,fda_633,CCOC(=O)C1=C(COCCN)NC(C)=C(C(=O)OC)[C@@H]1c1ccccc1Cl,4.37902927,FDA,LEVAMLODIPINE,-1,0.9708992,0.39236639953795877
389.8860000000001,1.2295000000000005,118.36,3,5,2,1,0.4285714285714285,24,4,0.6571692284800612,0,0,0,0.1545714285714287,0,fda_321,NS(=O)(=O)c1cc2c(cc1Cl)N[C@H]([C@@H]1C[C@@H]3C=C[C@H]1C3)NS2(=O)=O,4.95057487,FDA,CYCLOTHIAZIDE,-1,0.9317104,0.509680012675017
524.6910000000001,4.823620000000004,108.48000000000002,3,8,10,3,0.4074074074074074,37,4,0.3463330582394302,1,0,0,0.2251428571428569,1,fda_1965,Cc1cnc(Nc2ccc(OCCN3CCCC3)cc2)nc1Nc1cccc(S(=O)(=O)NC(C)(C)C)c1,5.46120691,FDA,FEDRATINIB,-1,0.99190205,0.6144907042382919
425.7540000000001,2.654580000000001,105.7,1,7,4,3,0.1764705882352941,29,3,0.6914051268589834,0,0,0,0.2450000000000001,1,fda_1912,Cn1c(Cn2ccc(C(F)(F)F)c(Oc3cc(Cl)cc(C#N)c3)c2=O)n[nH]c1=O,4.04183197,FDA,DORAVIRINE,-1,0.94962937,0.3231543653572029
278.337,1.4764399999999998,97.97,2,5,3,2,0.1666666666666666,19,2,0.8285267006028038,0,0,0,0.3002142857142857,0,fda_56,Cc1cc(C)nc(NS(=O)(=O)c2ccc(N)cc2)n1,3.8893652,FDA,SULFAMETHAZINE,-1,0.014042782,0.2918595261142154
412.9460000000002,3.809000000000002,48.470000000000006,1,5,4,3,0.3333333333333333,28,5,0.7074872979003035,0,0,0,0.6537857142857142,1,fda_808,O=C1Cc2cc(CCN3CCN(c4nsc5ccccc45)CC3)c(Cl)cc2N1,5.29276466,FDA,ZIPRASIDONE,-1,0.989437,0.5799167893093069
824.9719999999999,3.5175000000000027,171.17,3,12,8,3,0.5652173913043478,60,9,0.1310247762677446,2,1,0,0.0,1,fda_337,CC[C@]1(O)C[C@@H]2CN(CCc3c([nH]c4ccccc34)[C@@](C(=O)OC)(c3cc4c(cc3OC)N(C=O)[C@H]3[C@@](O)(C(=O)OC)[C@H](OC(C)=O)[C@]5(CC)C=CCN6CC[C@]43[C@@H]65)C2)C1,5.30634499,FDA,VINCRISTINE,-1,0.9973531,0.5827042442033585
160.237,0.6441999999999999,26.3,0,2,3,0,0.875,11,0,0.4472483918669033,0,0,0,0.8121428571428572,0,fda_574,CC(=O)O[C@@H](C)C[N+](C)(C)C,2.85609722,FDA,METHACHOLINE,0,0.018090105,0.07977426104939876
434.52000000000015,2.827000000000001,114.9,1,6,10,3,0.375,32,3,0.5246475407415528,0,0,0,0.1792857142857142,1,fda_776,CCCCC(=O)N(Cc1ccc(-c2ccccc2-c2nn[nH]n2)cc1)[C@H](C(=O)[O-])C(C)C,4.41742849,FDA,VALSARTAN,-1,0.9922167,0.4002481000354252
356.058,1.2272,40.620000000000005,0,2,4,0,0.8,16,1,0.7114345138310305,0,0,0,0.7098571428571427,0,fda_367,O=C(CCBr)N1CCN(C(=O)CCBr)CC1,3.57476354,FDA,PIPOBROMAN,-1,0.09589917,0.22728540038651088
305.341,2.6407800000000003,74.28999999999999,0,5,3,3,0.1764705882352941,23,3,0.7452640844090571,0,0,0,0.4693571428571429,0,fda_815,CCN(C(C)=O)c1cccc(-c2ccnc3c(C#N)cnn23)c1,4.28535318,FDA,ZALEPLON,-1,0.80872875,0.3731387463420419
255.234,-1.970899999999999,139.28000000000003,4,8,5,2,0.4444444444444444,18,2,0.4854930576221492,0,0,0,0.0051428571428568,0,fda_623,Nc1nc(=O)c2ncn(COC(CO)CO)c2[nH]1,3.47936821,FDA,GANCICLOVIR,-1,0.0022314135,0.2077048615131436
263.2,-1.2886,110.6,3,7,2,1,0.5555555555555556,18,2,0.6120873727300362,0,0,0,0.2099999999999999,0,fda_745,Nc1ccn([C@@H]2O[C@H](CO)[C@@H](O)C2(F)F)c(=O)n1,3.44530225,FDA,GEMCITABINE,-1,0.0031848627,0.20071259203791278
366.5490000000002,4.830200000000005,15.71,0,3,10,2,0.5,27,3,0.5988605961954666,0,0,0,0.8877857142857143,0,fda_565,CC(C)COC[C@H](CN(Cc1ccccc1)c1ccccc1)N1CCCC1,4.26553011,FDA,BEPRIDIL,-1,0.8920814,0.3690699266972597
426.49200000000025,3.081320000000002,84.39,1,7,4,3,0.5217391304347826,31,5,0.6902887957170618,0,0,0,0.3972142857142857,1,fda_949,Cc1nc2n(c(=O)c1CCN1CCC(c3noc4cc(F)ccc34)CC1)CCC[C@@H]2O,5.54485178,FDA,PALIPERIDONE,-1,0.99269146,0.6316593814533374
473.50700000000023,-1.728699999999996,161.93,3,9,7,1,0.4545454545454545,33,4,0.3907761063536747,0,1,0,0.0,0,fda_885,C[C@@H](O)[C@H]1C(=O)N2C(C(=O)[O-])=C(S[C@@H]3CN[C@H](C(=O)Nc4cccc(C(=O)[O-])c4)C3)[C@H](C)[C@H]12,5.09736967,FDA,ERTAPENEM,-1,0.90913886,0.5398106415832473
278.399,3.917520000000003,16.130000000000003,0,2,4,2,0.3157894736842105,21,3,0.8424584892829,0,0,0,0.8847857142857143,0,fda_219,Cc1ccc(/C(=C\CN2CCCC2)c2ccccn2)cc1,4.00817347,FDA,TRIPROLIDINE,-1,0.06680461,0.31624572981215865
382.52900000000005,3.8210000000000024,53.17,1,3,6,3,0.3636363636363636,27,4,0.7050592233207416,0,0,0,0.6202142857142857,0,fda_839,CN1CCC[C@@H]1Cc1c[nH]c2cc(CCS(=O)(=O)c3ccccc3)ccc12,4.18357277,FDA,ELETRIPTAN,-1,0.98749036,0.3522476264669676
365.842,2.0834,92.5,2,4,3,2,0.1875,24,3,0.8705249450646536,0,0,0,0.3392857142857143,0,fda_517,C[C@H]1Cc2ccccc2N1NC(=O)c1ccc(Cl)c(S(N)(=O)=O)c1,4.92500353,FDA,INDAPAMIDE,-1,0.8832222,0.5044313216026752
249.32999999999996,2.2385400000000004,49.36,0,3,6,1,0.5333333333333333,18,1,0.7264036029422303,0,0,0,0.6474285714285715,0,fda_507,Cc1ccc(C)c(OCCCC(C)(C)C(=O)[O-])c1,4.60338116,FDA,GEMFIBROZIL,-1,0.06055608,0.4384161475021244
369.4870000000002,1.2851000000000006,101.73,2,6,7,1,0.5882352941176471,25,2,0.7023165228263907,0,0,0,0.2733571428571428,0,fda_1935,CCN1CCC[C@H]1CNC(=O)c1cc(S(=O)(=O)CC)c(N)cc1OC,3.77275252,FDA,AMISULPRIDE,-1,0.7973119,0.2679239821639242
268.273,-0.9890000000000004,112.13,4,8,2,1,0.6363636363636364,19,3,0.5477635402256686,0,0,0,0.1990714285714284,0,fda_683,OC[C@H]1O[C@@H](n2cnc3c2NC=NC[C@H]3O)C[C@H]1O,3.43774891,FDA,PENTOSTATIN,-1,0.00322827,0.19916221774292614
255.361,3.3542000000000023,12.47,0,2,6,2,0.2941176470588235,19,2,0.7845504400951161,0,0,0,0.9109285714285714,0,fda_30,CN(C)CCOC(c1ccccc1)c1ccccc1,3.14233017,FDA,DIPHENHYDRAMINE,0,0.04348508,0.13852551652818987
376.3900000000001,-2.1828999999999965,129.67000000000002,1,7,5,1,0.4117647058823529,26,3,0.4565852866041509,0,0,0,0.0737857142857141,0,fda_994,CC1(C)S[C@@H]2[C@H](NC(=O)[C@H](C(=O)[O-])c3ccccc3)C(=O)N2[C@H]1C(=O)[O-],5.35940027,FDA,CARBENICILLIN,-1,0.4794674,0.5935942004777105
422.9200000000001,4.2668000000000035,92.51,2,6,8,4,0.2727272727272727,30,4,0.4420801782398025,0,0,0,0.3392142857142857,1,fda_723,CCCCc1nc(Cl)c(CO)n1Cc1ccc(-c2ccccc2-c2nn[nH]n2)cc1,4.54140139,FDA,LOSARTAN,-1,0.9887554,0.42569437909011343
456.4840000000002,5.593100000000005,65.14999999999999,1,3,6,3,0.4230769230769231,33,5,0.5256981651563906,1,0,0,0.5346428571428572,1,fda_2097,O=C([O-])C[C@H]1CCc2c1[nH]c1ccc(OCc3ccc(C4CCCC4)c(C(F)(F)F)c3)cc21,5.36909723,FDA,ETRASIMOD,-1,0.9965005,0.5955845673251599
380.374,2.9079000000000006,78.32,2,4,3,3,0.4705882352941176,27,4,0.7334449348650801,0,0,0,0.4405714285714286,0,fda_1947,CC[C@@H]1CN(C(=O)NCC(F)(F)F)C[C@@H]1c1cnc2cnc3[nH]ccc3n12,5.25100327,FDA,UPADACITINIB,-1,0.9947358,0.57134498060231
276.317,1.3875,89.25999999999999,2,4,3,2,0.0,19,2,0.828903233575629,0,0,0,0.3624285714285715,0,fda_26,Nc1ccc(S(=O)(=O)NC(=O)c2ccccc2)cc1,3.21842575,FDA,SULFABENZAMIDE,0,0.04137045,0.1541446507382338
336.4110000000001,2.2548000000000004,52.599999999999994,0,4,5,2,0.2857142857142857,25,3,0.8403327799545587,0,0,0,0.6242857142857143,0,fda_782,CN(C)CC/C=C1/c2ccccc2COc2ccc(CC(=O)[O-])cc21,4.75234222,FDA,OLOPATADINE,-1,0.8034658,0.46899141597646166
401.47400000000016,1.9632399999999992,79.83,1,8,2,4,0.3636363636363636,30,6,0.5532138256622311,0,0,0,0.4297857142857143,1,fda_2008,Cc1cn2nc(-c3cc(=O)n4cc(N5CCNC6(CC6)C5)ccc4n3)cc(C)c2n1,5.60612488,FDA,RISDIPLAM,-1,0.96603817,0.6442361010521032
409.57400000000024,4.3436800000000035,78.91,1,5,3,1,0.8,30,5,0.805143916086387,0,0,0,0.4363571428571429,0,fda_2101,C[C@@]1(O)CC[C@H]2[C@H](CC[C@@H]3[C@@H]2CC[C@]2(C)[C@@H](C(=O)Cn4cc(C#N)cn4)CC[C@@H]32)C1,6.61865616,FDA,ZURANOLONE,1,0.995314,0.8520650177143789
337.456,-0.7679999999999998,175.82999999999998,4,6,7,1,0.375,20,1,0.2866124384738552,0,1,0,0.0,0,fda_599,NC(N)=Nc1nc(CSCC/C(N)=N/S(N)(=O)=O)cs1,5.00769806,FDA,FAMOTIDINE,-1,0.004149387,0.5214049350833335
1432.0720000000003,-2.3258000000000205,497.4099999999998,17,15,38,5,0.4285714285714285,102,6,0.0111997899594311,3,2,0,0.0,1,fda_867,CC(=O)N[C@H](Cc1ccc2ccccc2c1)C(=O)N[C@H](Cc1ccc(Cl)cc1)C(=O)N[C@H](Cc1cccnc1)C(=O)N[C@@H](CO)C(=O)N[C@@H](Cc1ccc(O)cc1)C(=O)N[C@H](CCCNC(N)=O)C(=O)N[C@@H](CC(C)C)C(=O)N[C@@H](CCCNC(N)=[NH2+])C(=O)N1CCC[C@H]1C(=O)N[C@H](C)C(N)=O,6.16811752,FDA,CETRORELIX,1,0.9547153,0.7595889043189538
179.30699999999996,2.5500000000000007,26.02,1,1,1,0,1.0,13,4,0.657471607480536,0,0,0,0.8141428571428572,0,fda_618,C[C@@H](N)[C@]12C[C@H]3C[C@H](C[C@H](C3)C1)C2,3.95859718,FDA,RIMANTADINE,-1,0.07869974,0.3060698598451243
483.49600000000027,2.977500000000001,75.00999999999999,1,7,1,3,0.25,34,6,0.5738798265868963,0,0,0,0.4642142857142858,1,fda_1914,O=C1c2c(O)c(=O)ccn2N([C@@H]2c3ccccc3SCc3c2ccc(F)c3F)[C@@H]2COCCN12,4.8227644,FDA,BALOXAVIR,-1,0.9928599,0.4834460463345437
775.864,3.222600000000001,95.61,2,5,5,2,0.1333333333333333,24,2,0.4558266797331836,1,0,0,0.3170714285714284,1,fda_286,N[C@H](Cc1cc(I)c(Oc2cc(I)c(O)c(I)c2)c(I)c1)C(=O)[O-],6.43466616,FDA,DEXTROTHYROXINE,1,0.9826035,0.8142998215846434
359.451,2.989420000000001,77.1,1,5,8,3,0.3333333333333333,25,3,0.6257737929632612,0,0,0,0.4492857142857143,0,fda_832,COCCCOc1ccnc(C[S@](=O)c2nc3ccccc3[nH]2)c1C,4.6686101,FDA,RABEPRAZOLE,-1,0.8668342,0.4518048301068028
469.3260000000002,1.8674199999999992,115.57,1,7,4,2,0.3684210526315789,30,4,0.6801189085942149,0,0,0,0.1745000000000001,1,fda_967,Cc1onc(-c2c(Cl)cccc2Cl)c1C(=O)N[C@@H]1C(=O)N2[C@@H]1SC(C)(C)[C@@H]2C(=O)[O-],6.09219551,FDA,DICLOXACILLIN,1,0.9905059,0.7440053965293252
182.187,-1.6656999999999993,95.44,2,5,3,0,0.3333333333333333,13,1,0.5108675029753476,0,0,0,0.3182857142857143,0,fda_440,CN(C)N/N=C1\N=CN=C1C(N)=O,3.56354642,FDA,DACARBAZINE,-1,0.010774205,0.22498301038264776
384.4360000000002,2.1241000000000003,80.28,0,8,6,3,0.35,28,3,0.6503791123748318,0,0,0,0.4265714285714286,0,fda_1931,CCn1c(=O)c2c(nc(/C=C/c3ccc(OC)c(OC)c3)n2C)n(CC)c1=O,5.01126337,FDA,ISTRADEFYLLINE,-1,0.9036417,0.5221367391564533
242.344,1.3499,58.2,2,3,4,0,0.7272727272727273,16,1,0.5777126778981032,0,0,0,0.5842857142857143,0,fda_247,CCC[C@@H](C)C1(CC)C(=O)NC(=S)NC1=O,4.09667301,FDA,THIOPENTAL,-1,0.012617028,0.33441086099043665
298.45500000000004,4.487000000000004,6.48,0,3,4,2,0.3333333333333333,21,3,0.8210774052142695,0,0,1,0.9537142857142856,0,fda_233,C[C@@H](CN(C)C)CN1c2ccccc2Sc2ccccc21,4.40005445,FDA,TRIMEPRAZINE,-1,0.06857987,0.3966819604182402
272.37,1.0895,78.43,3,4,6,1,0.5,18,1,0.7241218527557277,0,0,0,0.4397857142857142,0,fda_645,CC(C)NC[C@H](O)c1ccc(NS(C)(=O)=O)cc1,3.18170071,FDA,SOTALOL,0,0.013722371,0.14660658704742238
383.347,3.2888800000000016,87.39,1,5,3,2,0.2352941176470588,26,3,0.8788754903467066,0,0,0,0.3757857142857143,0,fda_2051,CS(=O)(=O)c1ccc(Oc2cc(F)cc(C#N)c2)c2c1[C@H](O)[C@H](F)[C@@H]2F,5.66498613,FDA,BELZUTIFAN,-1,0.9273946,0.6563177720705899
723.65,2.4622,215.21999999999997,5,13,10,2,0.5,51,5,0.1503753541940368,2,1,1,0.0,1,fda_820,CCCCC(=O)OCC(=O)[C@]1(O)Cc2c(O)c3c(c(O)c2[C@@H](O[C@H]2C[C@H](NC(=O)C(F)(F)F)[C@H](O)[C@H](C)O2)C1)C(=O)c1c(OC)cccc1C3=O,5.37239075,FDA,VALRUBICIN,-1,0.9962058,0.5962605846563039
262.30899999999997,1.3066,66.48,1,3,3,0,0.5,19,1,0.4734897247740322,0,0,0,0.5251428571428571,0,fda_239,C=CC[C@@]1([C@@H](C)C#CCC)C(=O)NC(=O)N(C)C1=O,4.72029638,FDA,METHOHEXITAL,-1,0.013268362,0.4624137898405731
164.21200000000002,-0.1138000000000003,41.05,1,4,1,1,0.5,12,2,0.6283118001545716,0,0,0,0.7067857142857142,0,fda_2086,c1cnc(N2CCNCC2)nc1,3.01612163,FDA,M GEPIRONE,0,0.0043771593,0.11262035719155439
406.5450000000002,-0.856999999999998,122.49,5,8,7,0,0.9444444444444444,27,2,0.3703435076305699,0,0,0,0.1250714285714285,0,fda_998,CCC[C@@H]1C[C@@H](C(=O)N[C@@H]([C@H]2O[C@H](SC)[C@H](O)[C@@H](O)[C@H]2O)[C@@H](C)O)N(C)C1,3.48291206,FDA,LINCOMYCIN,-1,0.6892788,0.2084322607756272
427.5450000000002,2.30804,74.27,2,6,9,2,0.4583333333333333,31,3,0.6398550561014078,0,0,0,0.4695,1,fda_908,COc1ccccc1OC[C@@H](O)CN1CCN(CC(=O)Nc2c(C)cccc2C)CC1,3.85424113,FDA,RANOLAZINE,-1,0.98108506,0.28465007238072687
198.26899999999992,2.695800000000001,38.91,1,2,0,2,0.3076923076923077,15,3,0.7064882384087371,0,0,0,0.7220714285714286,0,fda_675,Nc1c2c(nc3ccccc13)CCCC2,3.62380528,FDA,TACRINE,-1,0.06680461,0.23735155033837504
584.6730000000001,6.000300000000006,102.26,0,8,10,2,0.3939393939393939,43,6,0.3175931346562137,2,0,0,0.2695714285714287,1,fda_2028,COc1cc2c(cc1OCCCCCOc1cc3c(cc1OC)C(=O)N1C=C(C)C[C@H]1C=N3)N=C[C@@H]1CC(C)=CN1C2=O,5.20886421,FDA,SG3199,-1,0.99190205,0.5626956525647933
416.52600000000024,1.3838999999999997,85.49000000000001,0,8,9,2,0.6190476190476191,30,3,0.6140453744926113,0,0,0,0.3893571428571428,1,fda_587,CCC(=O)N(c1ccccc1)C1(COC)CCN(CCn2nnn(CC)c2=O)CC1,4.86215973,FDA,ALFENTANIL,-1,0.9487069,0.49153220516951124
535.6120000000002,4.421820000000003,122.98,2,10,7,5,0.2413793103448276,40,6,0.2915482138057243,1,0,0,0.1215714285714285,1,fda_2152,C=CC(=O)NC1CCN(c2ncc3ncnc(Nc4ccc(Oc5ccc6c(c5)ncn6C)c(C)c4)c3n2)CC1,6.41971731,FDA,ZONGERTINIB,1,0.99699366,0.8112314686732679
254.355,1.9272999999999996,58.53,2,2,5,0,0.5833333333333334,17,1,0.4472415875616168,0,0,0,0.5819285714285714,0,fda_91,C=CC[C@]1([C@@H](C)CCC)C(=O)N=C(S)NC1=O,4.77942657,FDA,THIAMYLAL,-1,0.01624153,0.4745506626191944
237.29899999999992,1.4525,39.72,1,4,5,1,0.5384615384615384,17,2,0.8411561496817552,0,0,0,0.7162857142857143,0,fda_1996,CCOc1ccccc1OC[C@@H]1CNCCO1,3.13625216,FDA,VILOXAZINE,0,0.00715371,0.13727796372788284
428.5400000000001,4.777400000000004,87.13000000000001,1,5,7,3,0.4,32,5,0.5867441988589208,0,0,0,0.377642857142857,1,fda_796,CCCCC1=NC2(CCCC2)C(=O)N1Cc1ccc(-c2ccccc2-c2nn[nH]n2)cc1,5.1329937,FDA,IRBESARTAN,-1,0.99208575,0.5471227154996645
359.26,2.667700000000001,88.65,0,7,5,2,0.3571428571428571,25,3,0.6023770905669862,0,0,0,0.3667857142857142,0,fda_1975,O=[N+]([O-])c1cn2c(n1)OC[C@@H](OCc1ccc(OC(F)(F)F)cc1)C2,4.32174063,FDA,PRETOMANID,-1,0.770781,0.3806075173943324
176.17499999999998,0.5992000000000001,64.67999999999999,1,3,1,1,0.1111111111111111,13,2,0.6809458251088377,0,0,0,0.538,0,fda_391,NC1=NC(=O)[C@@H](c2ccccc2)O1,3.91583824,FDA,PEMOLINE,-1,0.010962756,0.29729329723085396
388.46400000000017,2.5828000000000007,69.26,1,6,10,2,0.3809523809523809,28,2,0.6747430301104641,0,0,0,0.5052857142857142,0,fda_428,COc1cc(C(=O)NCc2ccc(OCCN(C)C)cc2)cc(OC)c1OC,4.1764636,FDA,TRIMETHOBENZAMIDE,-1,0.97560704,0.3507884210787964
324.4020000000001,2.2098000000000004,92.34,2,4,4,1,0.4666666666666667,22,2,0.8305743326907693,0,0,0,0.3404285714285714,0,fda_327,CC(=O)c1ccc(S(=O)(=O)NC(=O)NC2CCCCC2)cc1,4.0882287,FDA,ACETOHEXAMIDE,-1,0.17099844,0.3326776090564713
369.4870000000002,1.2851000000000006,101.73,2,6,7,1,0.5882352941176471,25,2,0.7023165228263907,0,0,0,0.2733571428571428,0,fda_1934,CCN1CCC[C@@H]1CNC(=O)c1cc(S(=O)(=O)CC)c(N)cc1OC,4.1447196,FDA,AMISULPRIDE,-1,0.7973119,0.34427274965131494
604.1299999999999,4.732980000000004,88.83000000000001,0,8,7,3,0.4375,43,6,0.3582133101044694,1,0,0,0.3654999999999999,1,fda_2070,C=C(F)C(=O)N1CCN(c2nc(OC[C@@H]3CCCN3C)nc3c2CCN(c2cccc4cccc(Cl)c24)C3)C[C@@H]1CC#N,4.58804512,FDA,ADAGRASIB,-1,0.9969201,0.4352683212156227
265.36,2.4789000000000003,19.37,0,3,0,2,0.3529411764705882,20,4,0.7292796247091089,0,0,0,0.8616428571428572,0,fda_719,CN1CCN2c3ncccc3Cc3ccccc3[C@H]2C1,3.58922505,FDA,MIRTAZAPINE,-1,0.09613526,0.23025372345560227
221.34399999999997,3.0835000000000017,23.47,1,2,5,1,0.5714285714285714,16,1,0.825629722285547,0,0,0,0.8323571428571429,0,fda_398,CC[C@@H](c1cccc(O)c1)[C@@H](C)CN(C)C,3.95604777,FDA,TAPENTADOL,-1,0.06680461,0.3055465761413083
271.404,3.383400000000002,12.47,0,2,1,1,0.6666666666666666,20,4,0.7761322150181272,0,0,0,0.9109285714285714,0,fda_229,COc1ccc2c(c1)[C@]13CCCC[C@@H]1[C@H](C2)N(C)CC3,4.41075659,FDA,DEXTROMETHORPHAN,-1,0.12816697,0.39887864728224315
393.4430000000002,3.405100000000002,74.73000000000002,1,7,10,3,0.2727272727272727,29,3,0.4178840975839869,0,0,0,0.4662142857142856,0,fda_930,C#Cc1cccc(Nc2ncnc3cc(OCCOC)c(OCCOC)cc23)c1,5.19610357,FDA,ERLOTINIB,-1,0.9619994,0.560076444605986
244.207,-3.0114999999999994,143.72000000000003,4,8,3,1,0.625,17,2,0.442842031674371,0,1,0,0.0,0,fda_555,NC(=O)c1ncn([C@@H]2O[C@H](CO)[C@@H](O)[C@H]2O)n1,3.47550488,FDA,RIBAVIRIN,-1,0.009813051,0.20691188681254088
434.8810000000002,1.2140199999999997,115.57,1,7,4,2,0.3684210526315789,29,4,0.7188262939920901,0,0,0,0.1745000000000001,1,fda_986,Cc1onc(-c2ccccc2Cl)c1C(=O)N[C@@H]1C(=O)N2[C@@H]1SC(C)(C)[C@@H]2C(=O)[O-],5.95031166,FDA,CLOXACILLIN,1,0.9892512,0.7148827734362659
444.53500000000014,2.766000000000001,96.25,3,6,6,3,0.3461538461538461,33,5,0.5433932096189031,0,0,0,0.3125,1,fda_2000,O=C(Nc1ccc(C[C@@H]2CC[C@H]([C@H](O)c3ccccc3)N2)cc1)[C@@H]1CCc2nccc(=O)n21,4.83241606,FDA,VIBEGRON,-1,0.99753594,0.48542711504956915
562.6640000000003,4.786600000000004,113.04,0,7,14,1,0.7,39,3,0.1387021303980434,1,1,0,0.1925714285714286,0,fda_653,CCC(=O)O[C@@H](O[P@](=O)(CCCCc1ccccc1)CC(=O)N1C[C@H](C2CCCCC2)C[C@H]1C(=O)[O-])C(C)C,5.87077332,FDA,FOSINOPRIL,1,0.99318975,0.6985569893722756
1045.1889999999996,-5.5941000000000285,413.7399999999999,12,14,29,3,0.5,75,4,0.0175234445639969,3,2,0,0.0,1,fda_1869,CC[C@H](C)[C@H](NC(=O)[C@H](Cc1ccc(O)cc1)NC(=O)[C@@H](NC(=O)[C@H](CCCNC(N)=[NH2+])NC(=O)[C@@H](N)CC(=O)[O-])C(C)C)C(=O)N[C@@H](Cc1cnc[nH]1)C(=O)N1CCC[C@H]1C(=O)N[C@@H](Cc1ccccc1)C(=O)[O-],6.44341516,FDA,ANGIOTENSIN II,1,0.9440573,0.816095613208857
602.5850000000002,2.3121799999999997,203.54999999999995,4,13,13,3,0.4814814814814814,42,4,0.1640024328376909,2,2,0,0.0,1,fda_2024,CCC(CC)COC(=O)[C@H](C)N[P@](=O)(OC[C@H]1O[C@@](C#N)(c2ccc3c(N)ncnn23)[C@H](O)[C@@H]1O)Oc1ccccc1,5.041677,FDA,REMDESIVIR,-1,0.995174,0.5283793431130118
499.71400000000034,3.3973000000000013,123.93,4,5,7,0,0.9615384615384616,34,4,0.398161662848806,0,0,0,0.1147857142857142,0,fda_2074,C[C@H](CCC(=O)NCCS(=O)(=O)O)[C@H]1CC[C@H]2[C@@H]3[C@@H](O)C[C@@H]4C[C@H](O)CC[C@]4(C)[C@H]3CC[C@]12C,5.95914841,FDA,TAURURSODIOL,1,0.9947089,0.7166965763434862
267.41299999999995,3.371200000000002,29.54,0,3,6,0,0.9375,19,2,0.6910303996816318,0,0,0,0.789,0,fda_330,CCCC(CCC)C(=O)O[C@H]1C[C@H]2CC[C@@H](C1)N2C,4.1718955,FDA,ANISOTROPINE,-1,0.100386344,0.34985078755284255
381.9070000000002,4.297500000000004,38.13,0,4,3,3,0.3636363636363636,27,4,0.678552511607709,0,0,0,0.7276428571428571,0,fda_672,CN1CCC[C@@H](n2nc(Cc3ccc(Cl)cc3)c3ccccc3c2=O)CC1,5.06294775,FDA,AZELASTINE,-1,0.98749036,0.5327453089023296
925.0990000000002,-0.3989999999999922,322.43999999999994,11,18,3,0,0.7021276595744681,65,3,0.160515462867039,3,1,0,0.0,0,fda_990,C[C@@H]1[C@H](O)[C@@H](C)/C=C/C=C/CC/C=C/C=C/C=C/C=C/[C@H](O[C@@H]2O[C@H](C)[C@@H](O)[C@H](N)[C@@H]2O)C[C@@H]2O[C@](O)(C[C@@H](O)[C@H](O)CC[C@@H](O)C[C@@H](O)C[C@@H](O)CC(=O)O[C@H]1C)C[C@H](O)[C@H]2C(=O)[O-],6.39415359,FDA,NYSTATIN,1,0.9315041,0.8059843416576385
265.36199999999997,0.60774,75.91,2,5,4,2,0.4166666666666667,18,2,0.79412732636072,0,0,0,0.4577857142857143,0,fda_47,Cc1ncc(C[n+]2csc(CCO)c2C)c(N)n1,4.13431978,FDA,THIAMINE,-1,0.012053251,0.34213811601897653
330.33900000000006,0.2485999999999995,77.4,1,6,3,2,0.4117647058823529,24,4,0.8728152550280803,0,0,0,0.447142857142857,0,fda_604,O=C([O-])c1cn(C2CC2)c2cc(N3CCNCC3)c(F)cc2c1=O,4.26072359,FDA,CIPROFLOXACIN,-1,0.81337214,0.3680833558482922
318.5010000000001,4.595200000000005,37.3,1,2,1,0,0.9523809523809524,23,4,0.7672110598231308,0,0,0,0.7335714285714285,0,fda_1926,CC(=O)[C@H]1CC[C@H]2[C@@H]3CC[C@H]4C[C@H](O)CC[C@]4(C)[C@H]3CC[C@]12C,5.21733332,FDA,BREXANOLONE,-1,0.92082995,0.5644339948670614
212.23,0.6163,86.19000000000001,1,4,2,2,0.125,14,2,0.7899579227288236,0,0,0,0.3843571428571427,0,fda_802,NS(=O)(=O)Cc1noc2ccccc12,4.0894208,FDA,ZONISAMIDE,-1,0.010962756,0.33292229567153875
210.285,0.0696000000000001,48.39000000000001,0,6,3,1,0.6666666666666666,15,1,0.7033804434333938,0,0,0,0.6543571428571429,0,fda_654,CN(C)c1nc(N(C)C)nc(N(C)C)n1,3.15237522,FDA,ALTRETAMINE,0,0.0069132405,0.14058733121041717
323.4220000000001,1.2544999999999995,90.98,2,5,6,2,0.5714285714285714,22,3,0.8348104206667458,0,0,0,0.3501428571428572,0,fda_2030,CCCS(=O)(=O)N[C@H]1C[C@@H](N(C)c2ncnc3[nH]ccc23)C1,4.7509551,FDA,ABROCITINIB,-1,0.027461385,0.4687067001829104
470.4610000000003,3.6332000000000018,128.75,3,10,7,3,0.2727272727272727,34,4,0.4706880685636287,0,0,0,0.0803571428571429,1,fda_1868,COc1cc(Nc2ncc(F)c(Nc3ccc4c(n3)NC(=O)C(C)(C)O4)n2)cc(OC)c1OC,4.84447861,FDA,M FOSTAMATINIB,-1,0.98929334,0.48790303529835855
263.793,3.959800000000002,3.24,0,2,2,2,0.2857142857142857,17,3,0.7928094140981296,0,0,0,0.9768571428571428,0,fda_661,Clc1ccccc1CN1CCc2sccc2C1,3.44073486,FDA,TICLOPIDINE,-1,0.06680461,0.19977510424427727
546.6220000000002,4.684700000000004,94.31,4,6,7,4,0.3333333333333333,40,6,0.2689592253955131,1,0,0,0.3263571428571428,1,fda_1970,O=C(Nc1n[nH]c2ccc(Cc3cc(F)cc(F)c3)cc12)c1ccc(N2CCNCC2)cc1NC1CCOCC1,5.94898558,FDA,M ENTRECTINIB,1,0.99781114,0.7146105865169567
372.5490000000002,6.264000000000007,46.53,1,3,6,1,0.7083333333333334,27,3,0.5991110663803345,1,0,0,0.6676428571428572,0,fda_533,CCCCCCC(C)(C)c1cc(O)c2c(c1)OC(C)(C)[C@@H]1CCC(=O)C[C@@H]21,5.51400375,FDA,NABILONE,-1,0.96768457,0.6253276139487667
403.4790000000002,-1.4341999999999964,138.62,2,7,12,1,0.5714285714285714,29,2,0.4078041459818439,0,1,0,0.0098571428571427,0,fda_607,NCCCC[C@H](N[C@@H](CCc1ccccc1)C(=O)[O-])C(=O)N1CCC[C@H]1C(=O)[O-],3.79764748,FDA,LISINOPRIL,-1,0.67600894,0.2730338416510807
246.354,1.7714,46.33,1,2,5,1,0.5333333333333333,18,2,0.8603942445298217,0,0,0,0.6690714285714285,0,fda_541,CCN(CC)C(=O)[C@]1(c2ccccc2)C[C@@H]1CN,3.24696159,FDA,MILNACIPRAN,0,0.044987593,0.1600018255538583
310.36100000000005,1.2987799999999996,88.91,1,5,2,2,0.5,23,4,0.9028284909836288,0,0,0,0.3649285714285715,0,fda_2153,C[C@H]1CN(C(=O)CC#N)[C@]12CCN(c1ncnc3[nH]ccc13)C2,5.16743469,FDA,DELGOCITINIB,-1,0.8260445,0.554191962427499
366.8440000000001,5.348500000000005,54.370000000000005,1,3,2,2,0.2727272727272727,26,4,0.7288095712183457,1,0,2,0.6116428571428572,0,fda_710,O=C1C(=O)C([C@H]2CC[C@H](c3ccc(Cl)cc3)CC2)=C(O)c2ccccc21,5.53536034,FDA,ATOVAQUONE,-1,0.96950173,0.6297111989806292
583.6890000000001,2.0811000000000024,118.21,3,6,4,3,0.4848484848484848,43,8,0.4331360862734447,1,0,0,0.155642857142857,1,fda_36,CN1C[C@H](C(=O)N[C@]2(C)O[C@@]3(O)[C@@H]4CCCN4C(=O)[C@H](Cc4ccccc4)N3C2=O)C[C@@H]2c3cccc4[nH]cc(c34)C[C@H]21,5.15818739,FDA,DIHYDROERGOTAMINE,-1,0.99497944,0.5522938913466222
284.359,2.2062,53.43000000000001,1,3,6,2,0.2941176470588235,21,2,0.8845260918021192,0,0,0,0.6183571428571428,0,fda_273,CCN(Cc1ccncc1)C(=O)[C@H](CO)c1ccccc1,3.49993706,FDA,TROPICAMIDE,-1,0.09214826,0.21192675756408721
862.064,2.6798000000000073,226.27999999999997,4,17,12,0,0.9069767441860463,60,3,0.1634604456345816,2,2,0,0.0,0,fda_966,CCOC(=O)CCC(=O)O[C@H]1[C@H](O[C@@H]2[C@@H](C)[C@H](O[C@H]3C[C@@](C)(OC)[C@@H](O)[C@H](C)O3)[C@@H](C)C(=O)O[C@H](CC)[C@@](C)(O)[C@H](O)[C@@H](C)C(=O)[C@H](C)C[C@@]2(C)O)O[C@H](C)C[C@@H]1N(C)C,7.29332018,FDA,ERYTHROMYCIN ETHYLSUCCINATE,1,0.9780287,0.9905443863592825
414.4980000000003,3.124500000000002,82.2,0,6,1,0,0.7916666666666666,30,6,0.4843337144772066,0,0,0,0.4128571428571428,0,fda_901,COC(=O)[C@@H]1CC2=CC(=O)CC[C@]2(C)[C@@]23O[C@@H]2C[C@@]2(C)[C@@H](CC[C@@]24CCC(=O)O4)[C@H]13,4.65104151,FDA,EPLERENONE,-1,0.99158746,0.4481987577818235
444.44000000000017,-0.2143999999999983,181.62,6,9,2,1,0.4090909090909091,32,4,0.3361104616305243,1,1,0,0.0,0,fda_987,CN(C)[C@@H]1C(O)=C(C(N)=O)C(=O)[C@@]2(O)C(O)=C3C(=O)c4c(O)cccc4[C@@](C)(O)[C@H]3C[C@@H]12,4.02619123,FDA,TETRACYCLINE,-1,0.97874695,0.3199439973278851
1113.1989999999996,9.447500000000002,199.57999999999996,4,12,15,6,0.4736842105263157,80,10,0.0711751503666903,3,2,1,0.0,1,fda_1851,COC(=O)N[C@H](C(=O)N1CCC[C@H]1c1nc2cc([C@H]3CC[C@H](c4cc5nc([C@@H]6CCCN6C(=O)[C@@H](NC(=O)OC)[C@@H](C)OC)[nH]c5cc4F)N3c3cc(F)c(N4CCC(c5ccc(F)cc5)CC4)c(F)c3)c(F)cc2[nH]1)[C@@H](C)OC,7.03613424,FDA,PIBRENTASVIR,1,0.9976943,0.93775522680762
419.50500000000017,-2.9377999999999957,164.89,4,8,7,0,0.7333333333333333,27,3,0.3182853835821977,0,1,0,0.0,0,fda_957,C[C@@H](O)[C@H]1C(=O)N2C(C(=O)[O-])=C(S[C@@H]3CN[C@H](CNS(N)(=O)=O)C3)[C@H](C)[C@H]12,4.29487848,FDA,DORIPENEM,-1,0.5893926,0.3750938788095378
371.3930000000001,2.5822000000000003,103.55,1,8,4,2,0.3684210526315789,27,3,0.8181000978992072,0,0,0,0.2603571428571428,0,fda_597,COC(=O)C1=C(C)NC(C)=C(C(=O)OC(C)C)[C@H]1c1cccc2nonc12,4.9518075,FDA,ISRADIPINE,-1,0.9664229,0.5099330183476373
297.74500000000006,-0.3512999999999996,118.36,3,5,1,1,0.1428571428571428,17,2,0.6544582690300507,0,0,0,0.1545714285714287,0,fda_256,NS(=O)(=O)c1cc2c(cc1Cl)NCNS2(=O)=O,3.34053516,FDA,HYDROCHLOROTHIAZIDE,-1,0.0050962362,0.17920843582403345
361.401,4.042080000000003,92.17,1,6,4,3,0.2857142857142857,27,4,0.7537563210999249,0,0,0,0.3416428571428572,0,fda_1939,CC(C)Oc1ccc(-c2nc(-c3cccc4c3CC[C@@H]4O)no2)cc1C#N,5.8528676,FDA,M OZANIMOD,1,0.95797974,0.6948817188268974
289.54499999999996,5.144700000000002,29.46,1,2,2,2,0.0,17,2,0.8286850628089901,1,0,0,0.7895714285714286,0,fda_702,Oc1cc(Cl)ccc1Oc1ccc(Cl)cc1Cl,4.27052212,FDA,TRICLOSAN,-1,0.048250575,0.37009457062753626
444.4880000000002,-0.1391999999999994,163.17999999999998,8,10,12,2,0.3636363636363636,32,3,0.1393167780475147,1,2,2,0.0,1,fda_583,O=C1c2c(O)ccc(O)c2C(=O)c2c(NCCNCCO)ccc(NCCNCCO)c21,3.86420798,FDA,MITOXANTRONE,-1,0.84972006,0.28669583598225773
230.098,2.1737000000000006,36.42,2,1,1,1,0.2222222222222222,14,2,0.7751501329110597,0,0,0,0.7398571428571428,0,fda_414,Clc1cccc(Cl)c1N=C1NCCN1,4.08911371,FDA,CLONIDINE,-1,0.0299163,0.3328592633650032
220.316,2.32162,41.13,2,2,5,1,0.4615384615384615,16,1,0.7992484445643814,0,0,0,0.7062142857142857,0,fda_344,CCCN[C@H](C)C(=O)Nc1ccccc1C,3.09927821,FDA,PRILOCAINE,0,0.09214826,0.12968880957036863
405.44100000000014,2.363600000000001,70.95,3,5,6,2,0.4545454545454545,29,4,0.68846240126238,0,0,0,0.4932142857142857,1,fda_929,O[C@@H](CNC[C@H](O)[C@H]1CCc2cc(F)ccc2O1)[C@@H]1CCc2cc(F)ccc2O1,4.53872061,FDA,NEBIVOLOL,-1,0.97901344,0.42514413080226815
354.3670000000001,-1.4366999999999974,171.37,4,10,8,2,0.5714285714285714,25,2,0.4142937706843366,0,1,0,0.0,0,fda_861,CC(C)[C@H](N)C(=O)OC[C@@H](CO)OCn1cnc2c(=O)nc(N)[nH]c21,3.85365367,FDA,VALGANCICLOVIR,-1,0.18169096,0.2845294922289883
415.5740000000001,3.146900000000002,89.79,4,4,12,1,0.56,30,2,0.3118436301825295,0,1,0,0.3586428571428571,0,fda_876,CCNC(=O)CCC/C=C\C[C@@H]1[C@@H](/C=C/[C@@H](O)CCc2ccccc2)[C@H](O)C[C@@H]1O,4.89391851,FDA,BIMATOPROST,-1,0.98929787,0.49805091029229565
375.87100000000015,4.425600000000004,40.540000000000006,1,3,6,2,0.3809523809523809,26,3,0.759345285057915,0,0,0,0.7104285714285714,0,fda_350,O=C(CCCN1CCC(O)(c2ccc(Cl)cc2)CC1)c1ccc(F)cc1,4.03770971,FDA,HALOPERIDOL,-1,0.98059136,0.32230824351689763
379.4350000000002,3.6784000000000026,58.1,1,4,6,3,0.2727272727272727,28,4,0.6649515564043438,0,0,0,0.585,0,fda_356,O=C(CCCN1CC=C(n2c(=O)[nH]c3ccccc32)CC1)c1ccc(F)cc1,4.29841089,FDA,DROPERIDOL,-1,0.9949157,0.37581892993438504
270.21,3.2541200000000012,55.13,1,3,2,2,0.1666666666666666,19,2,0.9108229912132476,0,0,0,0.6062142857142857,0,fda_822,Cc1oncc1C(=O)Nc1ccc(C(F)(F)F)cc1,4.09694433,FDA,LEFLUNOMIDE,-1,0.15192157,0.33446655126172276
136.11399999999998,-0.4022000000000001,74.43,2,3,0,0,0.0,10,2,0.5169670612450268,0,0,0,0.4683571428571428,0,fda_359,O=c1ncnc2[nH][nH]cc1-2,3.41081691,FDA,ALLOPURINOL,-1,0.004385519,0.19363424197160142
332.464,2.8541000000000016,46.53,1,3,5,1,0.65,24,3,0.6661029067869589,0,0,0,0.6676428571428572,0,fda_572,CC(C)[N@+]1(C)[C@@H]2CC[C@H]1C[C@@H](OC(=O)[C@H](CO)c1ccccc1)C2,4.66516542,FDA,IPRATROPIUM,-1,0.84824526,0.4510977861598264
151.165,1.3505999999999998,49.33,2,2,1,1,0.125,11,1,0.5950261967780849,0,0,0,0.6476428571428572,0,fda_374,CC(=O)Nc1ccc(O)cc1,2.77598405,FDA,ACETAMINOPHEN,0,0.040038824,0.06333048922688206
213.24400000000003,2.6613999999999995,89.64999999999999,2,5,2,2,0.0,16,2,0.7511676712570863,0,0,1,0.3596428571428571,0,fda_326,Nc1ccc(/N=N/c2ccccc2)c(N)n1,3.93004489,FDA,PHENAZOPYRIDINE,-1,0.04656695,0.30020930855536354
255.32400000000004,1.5261,85.08,2,5,3,2,0.0,16,2,0.8143349412643328,0,0,0,0.3922857142857143,0,fda_28,Nc1ccc(S(=O)(=O)Nc2nccs2)cc1,3.53560901,FDA,SULFATHIAZOLE,-1,0.014042782,0.21924866738570856
199.31899999999993,1.5602,12.47,0,3,0,0,1.0,13,4,0.5872820800253644,0,0,0,0.9109285714285714,0,fda_834,C[C@@H]1O[C@@]2(CS1)CN1CCC2CC1,3.98799253,FDA,CEVIMELINE,-1,0.032579727,0.3121034549212275
272.711,2.8279000000000005,55.919999999999995,1,2,2,3,0.1333333333333333,19,3,0.7798066602926482,0,0,0,0.6005714285714285,0,fda_518,C[C@@H](C(=O)[O-])c1ccc2c(c1)[nH]c1ccc(Cl)cc12,4.00491476,FDA,CARPROFEN,-1,0.1644895,0.3155768574697491
291.30199999999996,1.5407399999999998,78.03999999999999,1,4,6,2,0.3333333333333333,21,2,0.8188771143524993,0,0,0,0.4425714285714286,0,fda_2141,Cc1n[nH]c(C)c1CCCOc1cc(C(=O)[O-])ccc1F,4.94256592,FDA,ACORAMIDIS,-1,0.026307382,0.5080361213355787
180.206,-2.9170000000000003,80.25999999999999,2,6,3,0,0.5,10,0,0.4560071470758333,0,0,0,0.4267142857142858,0,fda_663,O=C([O-])[C@@H](S)[C@@H](S)C(=O)[O-],2.70858312,FDA,SUCCIMER,0,0.010774205,0.04949599093471093
500.65900000000016,4.175800000000003,83.83,2,5,10,3,0.40625,37,4,0.4364838141488936,1,0,0,0.4012142857142857,1,fda_749,CC(C)(C(=O)[O-])c1ccc([C@H](O)CCCN2CCC(C(O)(c3ccccc3)c3ccccc3)CC2)cc1,5.31226349,FDA,FEXOFENADINE,-1,0.9979361,0.5839190564936669
1119.3499999999997,-6.395400000000022,447.6399999999998,17,12,18,4,0.4285714285714285,78,5,0.0190706855632627,3,2,0,0.0,1,fda_2011,CC(=O)N[C@@H](CCCNC(N)=[NH2+])C(=O)N[C@H]1CSSC[C@@H](C(N)=O)NC(=O)[C@H](Cc2c[nH]c3ccccc23)NC(=O)[C@H](CCCNC(N)=[NH2+])NC(=O)[C@@H](Cc2ccccc2)NC(=O)[C@H](Cc2cnc[nH]2)NC(=O)[C@@H](C)NC1=O,5.59105253,FDA,SETMELANOTIDE,-1,0.9402415,0.641142398927607
441.2320000000002,3.0113000000000003,88.41000000000001,3,6,6,3,0.1764705882352941,27,3,0.4045699827911374,0,0,0,0.3684999999999999,1,fda_1906,Cn1cnc2c(F)c(Nc3ccc(Br)cc3F)c(C(=O)NOCCO)cc21,5.43783951,FDA,BINIMETINIB,-1,0.98555815,0.6096943868077686
153.18099999999998,0.5989999999999998,66.48,3,3,2,1,0.25,11,1,0.544872838506118,0,0,1,0.5251428571428571,0,fda_413,NCCc1ccc(O)c(O)c1,2.8973,FDA,DOPAMINE,0,0.010888473,0.08823141126294483
122.98,-2.7566,103.32,0,5,1,0,0.0,7,0,0.3511209936301175,0,0,0,0.262,0,fda_674,O=C([O-])P(=O)([O-])[O-],3.56065941,FDA,FOSCARNET,-1,0.010774205,0.22439043198774306
129.179,0.7066999999999999,40.129999999999995,0,2,5,0,0.8571428571428571,9,0,0.5126635675381731,0,0,0,0.7133571428571429,0,fda_1985,CCCCCCC(=O)[O-],4.29635143,FDA,M TRIHEPTANOIN,-1,0.030272072,0.37539621179306554
382.89100000000025,4.887800000000005,42.43,0,3,1,2,0.3636363636363636,27,4,0.7048857984659846,0,0,0,0.6969285714285715,0,fda_621,CCOC(=O)N1CCC(=C2c3ccc(Cl)cc3CCc3cccnc32)CC1,5.51040602,FDA,LORATADINE,-1,0.99173564,0.6245891554506318
339.3660000000001,-0.3953999999999982,115.54,1,8,3,0,1.0,22,3,0.7386170940393365,0,0,0,0.1747142857142857,0,fda_744,CC1(C)O[C@@H]2[C@@H](CO[C@@]3(COS(N)(=O)=O)OC(C)(C)O[C@@H]23)O1,4.30670023,FDA,TOPIRAMATE,-1,0.0045719193,0.3775203732241618
521.4370000000004,4.869200000000005,93.81,1,6,4,1,0.5925925925925926,35,5,0.4491018490022087,1,0,0,0.3299285714285714,0,fda_44,C[C@@H]1C[C@H]2[C@@H]3CCC4=CC(=O)C=C[C@]4(C)[C@@]3(Cl)[C@@H](O)C[C@]2(C)[C@@]1(OC(=O)c1ccco1)C(=O)CCl,5.29610682,FDA,MOMETASONE FUROATE,-1,0.9963301,0.5806027903305416
382.5410000000003,3.9536000000000033,83.83,2,5,13,0,0.8181818181818182,27,1,0.2861612823490276,0,1,0,0.4012142857142857,0,fda_580,CCCC[C@](C)(O)C/C=C/[C@H]1[C@H](O)CC(=O)[C@@H]1CCCCCCC(=O)OC,5.21118307,FDA,MISOPROSTOL,-1,0.97355527,0.5631716143165048
236.274,3.3872000000000018,46.330000000000005,1,1,0,2,0.0,18,3,0.748363450121821,0,0,0,0.6690714285714285,0,fda_377,NC(=O)N1c2ccccc2C=Cc2ccccc21,4.31982565,FDA,CARBAMAZEPINE,-1,0.1644895,0.3802144547535122
255.361,3.7246200000000034,21.26,1,2,6,2,0.2941176470588235,19,2,0.8489950317721323,0,0,0,0.8481428571428572,0,fda_897,CNCC[C@@H](Oc1ccccc1C)c1ccccc1,3.29195786,FDA,ATOMOXETINE,0,0.04348508,0.16923761533404488
446.5550000000001,4.183600000000003,77.33,1,8,9,4,0.32,33,4,0.4131561812525344,0,0,0,0.4476428571428571,1,fda_1929,COc1cc(OC)cc(N(CCNC(C)C)c2ccc3ncc(-c4cnn(C)c4)nc3c2)c1,5.82816362,FDA,ERDAFITINIB,1,0.9885308,0.6898110592808077
226.279,2.637100000000001,42.85,0,3,3,2,0.2142857142857142,17,2,0.755476256361758,0,0,0,0.6939285714285715,0,fda_318,CC(C)(C(=O)c1cccnc1)c1cccnc1,4.03742027,FDA,METYRAPONE,-1,0.12602334,0.3222488339926421
397.75800000000015,6.518000000000003,17.82,0,3,6,3,0.1666666666666666,24,3,0.4710605975806781,1,0,0,0.8727142857142858,0,fda_543,Clc1ccc(CS[C@@H](Cn2ccnc2)c2ccc(Cl)cc2Cl)cc1,4.79135847,FDA,SULCONAZOLE,-1,0.96046346,0.4769997660688404
374.4770000000001,1.8036,94.83,3,5,2,0,0.7272727272727273,27,4,0.685142538776804,0,0,0,0.322642857142857,0,fda_222,C[C@H]1C[C@@H]2[C@H]([C@@H](O)C[C@@]3(C)[C@H]2CC[C@]3(O)C(=O)CO)[C@@]2(C)C=CC(=O)C=C12,5.25441599,FDA,METHYLPREDNISOLONE,-1,0.98398983,0.572045464542393
246.194,-1.6836,104.55,3,6,2,1,0.5555555555555556,17,2,0.5776171321259124,0,0,0,0.2532142857142856,0,fda_396,O=c1[nH]c(=O)n([C@H]2C[C@H](O)[C@@H](CO)O2)cc1F,3.43305135,FDA,FLOXURIDINE,-1,0.0031848627,0.198198011673405
1140.2540000000004,-0.927099999999986,377.42,14,17,14,4,0.4655172413793103,82,7,0.0678686206218411,3,2,0,0.0,1,fda_922,CCCCCOc1ccc(-c2ccc(-c3ccc(C(=O)N[C@@H]4C[C@@H](O)[C@@H](O)NC(=O)[C@@H]5[C@@H](O)[C@@H](C)CN5C(=O)[C@H]([C@@H](C)O)NC(=O)[C@H]([C@H](O)[C@@H](O)c5ccc(O)cc5)NC(=O)[C@@H]5C[C@@H](O)CN5C(=O)[C@H]([C@@H](C)O)NC4=O)cc3)cc2)cc1,4.93358946,FDA,ANIDULAFUNGIN,-1,0.9786604,0.5061936420027308
390.36000000000007,-2.4346999999999985,186.46,5,12,4,3,0.4,28,4,0.3203311326860454,1,1,0,0.0,0,fda_959,CNC(=O)c1cnn(-c2nc(N)c3ncn([C@@H]4O[C@H](CO)[C@@H](O)[C@H]4O)c3n2)c1,4.71467161,FDA,REGADENOSON,-1,0.81888556,0.461259267626134
477.4430000000002,3.5315800000000026,89.33000000000001,1,5,3,2,0.2857142857142857,33,4,0.5376107076331194,0,0,0,0.3619285714285714,1,fda_1883,CNC(=O)c1ccc(N2C(=S)N(c3cnc(C#N)c(C(F)(F)F)c3)C(=O)C23CCC3)cc1F,5.53330803,FDA,APALUTAMIDE,-1,0.99744093,0.6292899484253325
454.96600000000024,3.889300000000003,72.83,1,5,2,0,0.8333333333333334,31,5,0.6406683863701529,0,0,0,0.4797857142857142,0,fda_434,CC1(C)O[C@@H]2C[C@H]3[C@@H]4CCC5=CC(=O)CC[C@]5(C)[C@@]4(F)[C@@H](O)C[C@]3(C)[C@]2(C(=O)CCl)O1,6.28372431,FDA,HALCINONIDE,1,0.99606353,0.7833179825203731
571.682,5.064600000000004,124.71,3,9,12,4,0.2903225806451613,42,4,0.15797555755793,2,1,0,0.1092142857142857,1,fda_2048,C=CC(=O)Nc1cc(Nc2ncc(C(=O)OC(C)C)c(-c3c[nH]c4ccccc34)n2)c(OC)cc1N(C)CCN(C)C,5.03363228,FDA,M MOBOCERTINIB,-1,0.9972766,0.5267281097383241
267.67600000000004,1.1630999999999994,95.92000000000002,1,6,4,2,0.2,18,2,0.8966858117841482,0,0,0,0.3148571428571427,0,fda_1974,NC(=O)O[C@@H](Cn1ncnn1)c1ccccc1Cl,4.24153042,FDA,CENOBAMATE,-1,0.02736684,0.3641438274532635
506.2970000000001,3.9792000000000014,135.78000000000003,3,8,5,3,0.1764705882352941,32,3,0.476447317615037,1,0,0,0.0301428571428569,1,fda_2105,C[C@@H](NC(=O)c1ncnc(N)c1Cl)c1ncc(C(=O)Nc2cc(C(F)(F)F)c(Cl)cn2)s1,4.84118843,FDA,TOVORAFENIB,-1,0.99407685,0.4872277035248809
245.33,2.3547800000000008,73.1,2,3,2,1,0.4615384615384615,18,1,0.4763426335858048,0,0,0,0.4778571428571428,0,fda_595,C[C@@H](N/C(=N/C#N)Nc1ccncc1)C(C)(C)C,4.23251438,FDA,PINACIDIL,-1,0.030037167,0.3622932240568096
717.993,3.529800000000007,149.54,4,8,20,1,0.7435897435897436,51,2,0.160217476778965,1,2,0,0.0,0,fda_1856,CC[C@H](C)[C@@H]([C@@H](CC(=O)N1CCC[C@H]1[C@H](OC)[C@@H](C)C(=O)N[C@H](C)[C@@H](O)c1ccccc1)OC)N(C)C(=O)[C@@H](NC(=O)[C@@H](NC)C(C)C)C(C)C,4.52009392,FDA,MMAE,-1,0.9928236,0.4213208762715991
877.0450000000004,5.6482200000000065,220.14999999999995,6,15,5,2,0.574468085106383,63,7,0.0926381879262952,4,1,3,0.0,1,fda_841,CO[C@H]1/C=C/O[C@@]2(C)Oc3c(C)c(O)c4c(O)c(c(/C=N/N5CCN(C6CCCC6)CC5)c(O)c4c3C2=O)NC(=O)/C(C)=C\C=C\[C@H](C)[C@H](O)[C@@H](C)[C@@H](O)[C@@H](C)[C@H](OC(C)=O)[C@@H]1C,5.71221781,FDA,RIFAPENTINE,-1,0.9965838,0.666012394923663
376.24000000000007,1.7748999999999993,99.77,4,7,4,2,0.5333333333333333,24,3,0.6493088431254908,0,0,0,0.2873571428571427,0,fda_2053,CC(C)Nc1nc2cc(Cl)c(Cl)cc2n1[C@H]1O[C@@H](CO)[C@H](O)[C@@H]1O,3.78974271,FDA,MARIBAVIR,-1,0.7450159,0.2714113339636496
585.6580000000004,0.5132000000000028,205.75999999999996,7,11,6,1,0.5172413793103449,42,4,0.1808752373069158,3,1,0,0.0,0,fda_939,CN(C)c1cc(NC(=O)CNC(C)(C)C)c(O)c2c1C[C@H]1C[C@H]3[C@H](N(C)C)C(O)=C(C(N)=O)C(=O)[C@@]3(O)C(O)=C1C2=O,5.07480431,FDA,TIGECYCLINE,-1,0.9942741,0.5351789483056884
339.4210000000001,0.225300000000001,111.20999999999998,3,6,6,2,0.5714285714285714,23,3,0.6944032716087568,0,0,0,0.2056428571428572,0,fda_2032,C[C@H](O)CS(=O)(=O)N[C@H]1C[C@@H](N(C)c2ncnc3[nH]ccc23)C1,4.32853603,FDA,M ABROCITINIB,-1,0.2024887,0.38200231936063506
214.052,1.157,61.77,1,3,5,0,0.8,12,0,0.4236058600444414,0,0,0,0.5587857142857142,0,fda_416,O=NN(CCCl)C(=O)NCCCl,3.66942334,FDA,CARMUSTINE,-1,0.03293718,0.24671496673577728
227.242,2.42948,41.61,0,3,1,2,0.2307692307692307,17,3,0.75036916148326,0,0,0,0.7027857142857143,0,fda_1972,N#Cc1ccc([C@H]2CCc3cncn32)c(F)c1,4.80909538,FDA,OSILODROSTAT,-1,0.04256744,0.4806403872161064
1226.4120000000005,-0.1965999999999887,366.42,13,17,18,4,0.5079365079365079,88,7,0.045331203169163,3,2,0,0.0,1,fda_2080,CCCCCOc1ccc(-c2ccc(-c3ccc(C(=O)N[C@H]4C[C@@H](O)[C@@H](OCC[N+](C)(C)C)NC(=O)[C@@H]5[C@@H](O)[C@@H](C)CN5C(=O)[C@H]([C@@H](C)O)NC(=O)[C@H]([C@H](O)[C@@H](O)c5ccc(O)cc5)NC(=O)[C@@H]5C[C@@H](O)CN5C(=O)[C@H]([C@@H](C)O)NC4=O)cc3)cc2)cc1,5.93002319,FDA,REZAFUNGIN,1,0.98496246,0.7107184272830932
360.36500000000007,0.2093000000000002,77.84,0,7,2,2,0.4444444444444444,26,4,0.7619798913591553,0,0,0,0.4439999999999999,0,fda_769,C[C@H]1COc2c(N3CCN(C)CC3)c(F)cc3c(=O)c(C(=O)[O-])cn1c23,4.45784903,FDA,LEVOFLOXACIN,-1,0.91445494,0.40854469018037787
169.224,0.6436999999999999,29.54,0,3,1,0,0.8888888888888888,12,3,0.5395192406329529,0,0,0,0.789,0,fda_2128,CC(=O)O[C@@H]1CN2CCC1CC2,2.8933754,FDA,ACECLIDINE,0,0.019096462,0.0874258604790394
383.4890000000001,3.8287400000000025,66.43,0,5,7,2,0.2727272727272727,27,2,0.4129542687611122,0,0,0,0.5255,0,fda_2115,CSc1ccc(C(=O)/C=C/c2cc(C)c(OC(C)(C)C(=O)[O-])c(C)c2)cc1,4.98049927,FDA,ELAFIBRANOR,-1,0.97925436,0.5158221988539652
358.40200000000004,2.46112,76.80000000000001,0,7,2,3,0.3125,25,4,0.7032475119343297,0,0,0,0.4514285714285714,0,fda_2073,Cc1nsc(-c2nnc3n2CCN(C(=O)c2ccc(F)cc2)[C@@H]3C)n1,5.64366293,FDA,FEZOLINETANT,-1,0.9786128,0.6519410405628255
318.43700000000024,2.4562999999999997,46.53,1,3,4,1,0.631578947368421,23,3,0.6850778093160973,0,0,0,0.6676428571428572,0,fda_1901,C[N+]1(C)CC[C@H](OC(=O)[C@](O)(c2ccccc2)C2CCCC2)C1,4.01687813,FDA,GLYCOPYRRONIUM,-1,0.6916127,0.3180324203504633
654.6059999999999,3.192800000000001,118.21,3,6,5,2,0.59375,43,7,0.4563272246110119,1,0,0,0.1556428571428572,1,fda_470,CC(C)C[C@H]1C(=O)N2CCC[C@H]2[C@]2(O)O[C@](NC(=O)[C@@H]3C=C4c5cccc6[nH]c(Br)c(c56)C[C@H]4N(C)C3)(C(C)C)C(=O)N12,6.29839945,FDA,BROMOCRIPTINE,1,0.996798,0.786330154596743
304.197,0.5902999999999998,69.39,1,4,8,1,0.4615384615384615,19,1,0.7137755920938958,0,0,1,0.5043571428571428,0,fda_342,N[C@@H](Cc1ccc(N(CCCl)CCCl)cc1)C(=O)[O-],3.69511247,FDA,MELPHALAN,-1,0.03794733,0.2519878350049891
376.334,2.4033000000000007,66.48,1,3,2,1,0.4210526315789473,27,6,0.6368222948475758,0,0,0,0.5251428571428571,0,fda_1889,O=C(NN1C(=O)[C@@H]2[C@@H]3C=C[C@@H]([C@H]4C[C@@H]34)[C@@H]2C1=O)c1ccc(C(F)(F)F)cc1,5.39883995,FDA,TECOVIRIMAT,-1,0.99203557,0.6016894624511547
89.07,-1.8829,60.36,1,3,1,0,0.6666666666666666,6,0,0.4085864124474562,0,0,0,0.5688571428571428,0,fda_928,C[C@@H](O)C(=O)[O-],3.76888013,FDA,LACTIC ACID,-1,0.010332754,0.26712914783683667
344.49500000000006,3.9403000000000032,54.370000000000005,1,3,1,0,0.8181818181818182,25,4,0.7837023582235211,0,0,0,0.6116428571428572,0,fda_378,CC(=O)[C@H]1CC[C@H]2[C@@H]3C[C@H](C)C4=CC(=O)CC[C@]4(C)[C@H]3[C@@H](O)C[C@]12C,5.99710417,FDA,MEDRYSONE,1,0.9840815,0.7244872536664557
561.5470000000001,6.941200000000008,118.77,2,6,21,1,0.7037037037037037,37,1,0.055176678177888,2,1,0,0.151642857142857,0,fda_975,CCCCCCCCCCCCCCCC(=O)OC[C@@H](NC(=O)C(Cl)Cl)[C@H](O)c1ccc([N+](=O)[O-])cc1,5.22507858,FDA,CHLORAMPHENICOL PALMITATE,-1,0.99237967,0.5660237620444938
295.298,2.972200000000001,84.07999999999998,2,4,3,3,0.0625,22,3,0.72749043527813,0,0,0,0.3994285714285716,0,fda_425,COC(=O)Nc1nc2ccc(C(=O)c3ccccc3)cc2[nH]1,4.68145132,FDA,MEBENDAZOLE,-1,0.19152232,0.45444057765745804
291.438,4.877300000000004,3.24,0,1,4,2,0.3333333333333333,22,2,0.7258618266744273,0,0,0,0.9768571428571428,0,fda_694,CN(C/C=C/C#CC(C)(C)C)Cc1cccc2ccccc12,4.65155649,FDA,TERBINAFINE,-1,0.11943813,0.4483044609216838
376.4680000000002,2.923300000000001,74.6,2,4,1,0,0.7272727272727273,27,4,0.7379088954419751,0,0,0,0.4671428571428572,0,fda_252,CC(=O)[C@@]1(O)CC[C@H]2[C@@H]3C[C@H](C)C4=CC(=O)C=C[C@]4(C)[C@@]3(F)[C@@H](O)C[C@@]21C,5.52550459,FDA,FLUOROMETHOLONE,-1,0.99480826,0.6276882394080673
273.741,1.6155000000000002,54.45,0,3,1,1,0.3636363636363636,17,2,0.7812058854471293,0,0,0,0.6110714285714285,0,fda_236,CN1C(=O)CCS(=O)(=O)[C@H]1c1ccc(Cl)cc1,3.41470838,FDA,CHLORMEZANONE,-1,0.013722371,0.19443299259817345
228.29099999999997,3.370000000000002,26.3,0,2,4,2,0.2666666666666666,17,2,0.8015823313615688,0,0,0,0.8121428571428572,0,fda_611,COc1ccc2cc(CCC(C)=O)ccc2c1,3.85106397,FDA,NABUMETONE,-1,0.111132,0.2839979387292482
219.281,-1.4542999999999997,84.16000000000001,4,5,4,0,1.0,15,1,0.4645740538240355,0,0,0,0.3988571428571428,0,fda_889,CCCCN1C[C@H](O)[C@@H](O)[C@H](O)[C@H]1CO,2.87507176,FDA,MIGLUSTAT,0,0.0017046543,0.08366891415321695
521.0500000000003,4.086800000000004,106.97,1,7,6,0,0.7142857142857143,36,4,0.4149432383701715,1,0,0,0.2359285714285713,0,fda_438,CCC(=O)OCC(=O)[C@@]1(OC(=O)CC)[C@@H](C)C[C@H]2[C@@H]3CCC4=CC(=O)C=C[C@]4(C)[C@@]3(Cl)[C@@H](O)C[C@@]21C,5.2390728,FDA,BECLOMETHASONE DIPROPIONATE,-1,0.99657154,0.5688961706698684
277.17299999999994,-2.925799999999999,153.56,2,9,6,1,0.5,18,1,0.5237483929827751,0,1,0,0.0,0,fda_771,Nc1ccn(C[C@@H](CO)OCP(=O)([O-])[O-])c(=O)n1,3.22432709,FDA,CIDOFOVIR,0,0.0022314135,0.15535594082208753
355.8690000000001,5.179200000000004,48.39,2,4,6,3,0.25,25,3,0.5980257885078599,1,0,1,0.6543571428571429,0,fda_61,CCN(CC)Cc1cc(Nc2ccnc3cc(Cl)ccc23)ccc1O,4.2944169,FDA,AMODIAQUINE,-1,0.9076731,0.37499913638207116
256.28099999999995,0.8569199999999996,62.13,0,4,4,2,0.2,19,2,0.7620379778402954,0,0,0,0.5562142857142858,0,fda_448,Cc1ccc(C(=O)c2ccc(CC(=O)[O-])n2C)cc1,3.81102943,FDA,TOLMETIN,-1,0.04137045,0.2757805777038461
229.261,-0.5941000000000001,90.37,2,7,2,1,0.5,15,2,0.7038615838122526,0,0,0,0.3545,0,fda_754,Nc1ccn([C@@H]2CS[C@H](CO)O2)c(=O)n1,3.50329399,FDA,LAMIVUDINE,-1,0.00422731,0.2126157902280569
