mw,logp,tpsa,hbd,hba,rotatable_bonds,aromatic_rings,fraction_csp3,num_heavy_atoms,num_rings,qed,lipinski_violations,veber_violations,pains_alerts,permeability_score,pgp_risk,compound_id,smiles,cnn_affinity,type,drug_name,mw_bin,label,ml_score_corrected,composite_corrected,rank_corrected,NOD2_Scout_drugability,cid,name,ml_score,nod2_scout_score,mol_valid,MW,LogP_Crippen,TPSA,HBD,HBA,RotBonds,AromaticRings,FractionCsp3,NumHeavyAtoms,MolarRefractivity,NumRings,QED_score,PAINS_alerts,Brenk_alerts,Lipinski_pass,Veber_pass,Ghose_pass,Egan_pass,LogS_ESOL,Solubility_class,LE,LE_norm,GI_absorb,bioavail,BBB,Vd_class,cyp_risk,hERG_inhib,AMES,hepatotox,carcinogenic,LD50_class,drug_interaction_flag,gi_toxicity_flag,absorption_score,safety_score,metabolism_score,gut_targeting,solubility_score,ADMET_score,hard_flag_reasons,any_hard_filter,soft_flag_reasons,soft_flag_count,safety_penalty,FINAL_SCORE,Tier,final_rank,structural_alerts_count,structural_alerts_list,catalog_alerts,toxicophore_alerts,hERG_proxy,has_reactive_group,hepatotox_proxy,ames_proxy,tox_data_source
315.374,2.3885000000000005,86.03999999999999,0.0,6.0,5.0,2.0,0.3125,22.0,2.0,0.8452708717294677,0,0.0,0,0.3854285714285714,0,fda_760,Cc1nc(-c2ccc(OCC(C)C)c(C#N)c2)sc1C(=O)[O-],5.71770859,FDA,FEBUXOSTAT,S,1.0,0.9624286,0.7964674507031066,40.0,0.7964674507031066,,,,,True,315.374,2.3885000000000005,86.03999999999999,0,6,5,2,0.3125,22,81.66550000000005,2,0.8452708717294677,0,0,1,1,1,1,-3.710073800000001,moderate,0.259895845,0.9675885158183088,1,1.0,0,medium,0,,,,,,0,0,1.0,0.9535812615188404,1.0,1.0,0.6,0.926074378455652,hepatotox_unknown;,False,,0,1.0,0.907933933710444,1,1,0,,0,0,0.2,0,0.0,0.0,structural_proxy
364.4820000000001,1.8615,,,,,,,,,0.6951765101457498,0,,0,,0,10592,CC12CCC(=O)CC1CCC3C2C(CC4(C3CC[C@@]4(C(=O)CO)O)C)O,6.74105263,Natural,CID_10592,,,,,25.0,0.7956947,10592.0,CID_10592,0.92028946,0.7956947,True,364.4820000000001,1.8615,94.83,3,5,2,0,0.9047619047619048,26,95.16640000000004,4,0.6951765101457498,0,0,1,1,1,1,-3.1405334000000003,moderate,0.259271255,0.9594222314459668,1,1.0,0,medium,0,,,,,,0,0,1.0,0.9085529530437249,1.0,1.0,0.6,0.9125658859131172,hepatotox_unknown;,False,,0,1.0,0.894502695231621,1,2,0,,0,0,0.0,0,0.0,0.0,structural_proxy
344.49500000000006,3.9403000000000032,54.370000000000005,1.0,3.0,1.0,0.0,0.8181818181818182,25.0,4.0,0.7837023582235211,0,0.0,0,0.6116428571428572,0,fda_378,CC(=O)[C@H]1CC[C@H]2[C@@H]3C[C@H](C)C4=CC(=O)CC[C@]4(C)[C@H]3[C@@H](O)C[C@]12C,5.99710417,FDA,MEDRYSONE,M,1.0,0.9990682,0.834971399595859,3.0,0.834971399595859,,,,,True,344.49500000000006,3.9403000000000032,54.370000000000005,1,3,1,0,0.8181818181818182,25,96.81780000000003,4,0.7837023582235211,0,0,1,1,1,1,-4.392258000000003,poor,0.2398841668,0.7059431885652278,1,1.0,0,high,0,,,,,,0,0,1.0,0.9351107074670564,1.0,1.0,0.3,0.8755332122401168,hepatotox_unknown;,False,formulation_challenge;,1,1.0,0.8769911832887209,2,3,1,toxicophore:michael_acceptor,0,1,0.6,1,0.3,0.3,structural_proxy
387.87,1.26,,,,,,,,,0.7321819270124919,0,,0,,0,2348,C1=CC=C(C=C1)CC2NC3=CC(=C(C=C3S(=O)(=O)N2)S(=O)(=O)N)Cl,6.16712999,Natural,benzylhydrochlorothiazide,,,,,47.0,0.7195105,2348.0,benzylhydrochlorothiazide,0.81677014,0.7195105,True,387.87,1.26,118.36,3,5,3,2,0.1428571428571428,24,90.70340000000002,3,0.7321819270124919,0,0,1,1,1,1,-3.333927333333333,moderate,0.2569637495833333,0.929252447390474,1,1.0,0,medium,0,,,,,,0,0,1.0,0.9196545781037476,1.0,1.0,0.6,0.9158963734311242,hepatotox_unknown;,False,,0,1.0,0.871683403717578,1,4,0,,0,0,0.2,0,0.0,0.0,structural_proxy
339.3990000000001,3.395340000000001,,,,,,,,,0.7953362014764914,0,,0,,0,100679,CCOC(=O)NC1=NC(=C2C(=C1)NCC(=N2)C3=CC(=C(C=C3)C)C)N,6.14382362,Natural,82585-94-2,,,,,42.0,0.7532124,100679.0,82585-94-2,0.8551817,0.7532124,True,339.3990000000001,3.395340000000001,101.63,3,6,3,2,0.2777777777777778,25,99.8968,3,0.7953362014764914,0,0,1,1,1,1,-4.378671333333335,poor,0.2457529448,0.7826753009367772,1,1.0,0,high,0,,,,,,0,0,1.0,0.9386008604429474,1.0,1.0,0.3,0.8765802581328842,hepatotox_unknown;,False,formulation_challenge;,1,1.0,0.8610964867154882,2,5,1,toxicophore:aniline,0,1,0.2,0,0.0,0.3,structural_proxy
390.5200000000002,3.949500000000003,,,,,,,,,0.6953899983409009,0,,0,,0,2854,CCC(C)C(=O)OC1CCC=C2C1C(C(C=C2)C)CCC3CC(CC(=O)O3)O,6.44188452,Natural,"[8-[2-(4-hydroxy-6-oxooxan-2-yl)ethyl]-7-methyl-1,2,3,7,8,8a-hexahydronaphthalen-1-yl] 2-methylbutanoate",,,,,12.0,0.8164314,2854.0,"[8-[2-(4-hydroxy-6-oxooxan-2-yl)ethyl]-7-methyl-1,2,3,7,8,8a-hexahydronaphthalen-1-yl] 2-methylbutanoate",0.97728604,0.8164314,True,390.5200000000002,3.949500000000003,72.83000000000001,1,5,6,0,0.7391304347826086,28,106.29080000000006,3,0.6953899983409009,0,0,1,1,1,1,-4.353409000000004,poor,0.2300673042857142,0.5775913242448839,1,1.0,0,high,0,,,,,,0,0,1.0,0.9086169995022702,1.0,1.0,0.3,0.867585099850681,hepatotox_unknown;,False,formulation_challenge;,1,1.0,0.8513082272876127,2,6,0,,0,0,0.6,0,0.0,0.0,structural_proxy
266.30400000000003,2.6512200000000004,58.120000000000005,1.0,4.0,1.0,2.0,0.2666666666666666,20.0,4.0,0.8617161250864191,0,0.0,0,0.5848571428571427,0,fda_770,Cc1ccnc2c1NC(=O)c1cccnc1N2C1CC1,5.2316494,FDA,NEVIRAPINE,S,1.0,0.9823621,0.7957493189188262,42.0,0.7957493189188262,,,,,True,266.30400000000003,2.6512200000000004,58.120000000000005,1,4,1,2,0.2666666666666666,20,76.32520000000002,4,0.8617161250864191,0,0,1,1,1,1,-3.4653534000000006,moderate,0.26158247,0.9896405169382462,1,1.0,1,medium,0,,,,,,0,0,1.0,0.9585148375259256,1.0,0.6,0.6,0.9275544512577776,hepatotox_unknown;,False,cns_effects_possible;,1,1.0,0.851280427689102,2,7,0,,0,0,0.5,0,0.0,0.0,structural_proxy
310.4370000000001,3.915600000000003,29.46,1.0,2.0,1.0,1.0,0.6190476190476191,23.0,4.0,0.7968347529245803,0,0.0,0,0.7895714285714286,0,fda_213,C#C[C@]1(O)CC[C@H]2[C@@H]3CCc4cc(OC)ccc4[C@H]3CC[C@@]21C,5.20662928,FDA,MESTRANOL,S,1.0,0.99027514,0.804077712219716,29.0,0.804077712219716,,,,,True,310.4370000000001,3.915600000000003,29.46,1,2,1,1,0.6190476190476191,23,91.39380000000006,4,0.7968347529245803,0,1,1,1,1,1,-4.350537400000002,poor,0.2263751860869565,0.5293182376643174,1,1.0,0,high,0,,,,,,0,0,1.0,0.939050425877374,1.0,1.0,0.3,0.8767151277632123,hepatotox_unknown;,False,formulation_challenge;,1,1.0,0.8511440045486245,2,8,1,triple_bond,1,0,0.6,0,0.0,0.0,structural_proxy
336.3950000000001,3.895400000000003,,,,,,,,,0.5353703191349316,0,,0,,0,201120,C1CCN(CC1)CC2=C(N=C3N2C=CC=C3)C4=CC=C(C=C4)[N+](=O)[O-],6.20483351,Natural,"Imidazo(1,2-a)pyridine, 2-(p-nitrophenyl)-3-(piperidinomethyl)-",,,,,38.0,0.7618953,201120.0,"Imidazo(1,2-a)pyridine, 2-(p-nitrophenyl)-3-(piperidinomethyl)-",0.9052394,0.7618953,True,336.3950000000001,3.895400000000003,63.68000000000001,0,5,4,3,0.3157894736842105,25,96.41040000000008,4,0.5353703191349316,0,2,1,1,1,1,-4.670751000000002,poor,0.2481933404,0.8145825752296938,1,1.0,0,high,0,,,,,,0,0,1.0,0.8606110957404794,1.0,1.0,0.3,0.8531833287221439,hepatotox_unknown;,False,formulation_challenge;,1,1.0,0.8454448988516013,2,9,3,nitro_group;Oxygen-nitrogen_single_bond;toxicophore:nitro_group,2,1,0.8,0,0.0,0.4,structural_proxy
274.40399999999994,3.4891000000000028,37.3,1.0,2.0,0.0,0.0,0.8333333333333334,20.0,4.0,0.733928635563028,0,0.0,0,0.7335714285714285,0,fda_262,C[C@]12CC[C@H]3[C@@H](CCC4=CC(=O)CC[C@@H]43)[C@@H]1CC[C@@H]2O,5.52163935,FDA,NANDROLONE,S,1.0,0.99852717,0.8077694944590582,21.0,0.8077694944590582,,,,,True,274.40399999999994,3.4891000000000028,37.3,1,2,0,0,0.8333333333333334,20,78.09980000000004,4,0.733928635563028,0,0,1,1,1,1,-3.739437800000001,moderate,0.2760819675,1.0,1,1.0,1,high,0,,,,,,0,0,1.0,0.9201785906689084,1.0,0.6,0.6,0.9160535772006724,hepatotox_unknown;,False,cns_effects_possible;,1,1.0,0.8453799607716672,2,10,1,toxicophore:michael_acceptor,0,1,0.3,1,0.3,0.3,structural_proxy
343.21700000000004,4.233520000000002,43.07,0.0,4.0,1.0,3.0,0.1176470588235294,23.0,4.0,0.6634881818264521,0,0.0,0,0.6923571428571429,0,fda_467,Cc1nnc2n1-c1ccc(Cl)cc1C(c1ccccc1Cl)=NC2,6.17265701,FDA,TRIAZOLAM,M,1.0,0.93475646,0.8105164995480982,14.0,0.8105164995480982,,,,,True,343.21700000000004,4.233520000000002,43.07,0,4,1,3,0.1176470588235294,23,91.90100000000002,4,0.6634881818264521,0,0,1,1,1,1,-5.124063000000001,poor,0.2683763917391304,1.0,1,1.0,0,high,1,,,,,,0,0,1.0,0.7990464545479357,0.6666666666666667,1.0,0.3,0.768047269697714,hepatotox_unknown;,False,formulation_challenge;,1,1.0,0.8449760581984451,2,11,0,,0,0,0.8,0,0.3,0.0,structural_proxy
383.347,3.2888800000000016,87.39,1.0,5.0,3.0,2.0,0.2352941176470588,26.0,3.0,0.8788754903467066,0,0.0,0,0.3757857142857143,0,fda_2051,CS(=O)(=O)c1ccc(Oc2cc(F)cc(C#N)c2)c2c1[C@H](O)[C@H](F)[C@@H]2F,5.66498613,FDA,BELZUTIFAN,M,1.0,0.9334757,0.7902917090391642,58.0,0.7902917090391642,,,,,True,383.347,3.2888800000000016,87.39,1,5,3,2,0.2352941176470588,26,84.44560000000003,3,0.8788754903467066,0,0,1,1,1,1,-4.584079133333334,poor,0.2178840819230769,0.4183001758358862,1,1.0,0,high,0,,,,,,0,0,1.0,0.963662647104012,1.0,1.0,0.3,0.8840987941312036,hepatotox_unknown;,False,formulation_challenge;,1,1.0,0.8426747582489412,2,12,0,,0,0,0.2,0,0.0,0.0,structural_proxy
217.26799999999992,1.771,46.17,1.0,2.0,2.0,1.0,0.3846153846153846,16.0,2.0,0.7672998421844797,0,0.0,0,0.6702142857142857,0,fda_161,CC[C@]1(c2ccccc2)CCC(=O)NC1=O,5.15297937,FDA,GLUTETHIMIDE,XS,1.0,0.9832267,0.7808169087750776,85.0,0.7808169087750776,,,,,True,217.26799999999992,1.771,46.17,1,2,2,1,0.3846153846153846,16,60.794700000000034,2,0.7672998421844797,0,1,1,1,0,1,-2.5407915999999995,moderate,0.322061210625,1.0,1,1.0,1,medium,0,,,,,,0,0,1.0,0.930189952655344,1.0,0.6,0.6,0.919056985796603,hepatotox_unknown;,False,cns_effects_possible;,1,1.0,0.8400473096127428,2,13,1,phthalimide,1,0,0.3,0,0.0,0.0,structural_proxy
378.44000000000017,1.5056,94.83,3.0,5.0,2.0,0.0,0.7142857142857143,27.0,4.0,0.6770422256433893,0,0.0,0,0.3226428571428571,0,fda_1347,C[C@]12C=CC(=O)C=C1[C@@H](F)C[C@@H]1[C@@H]2[C@@H](O)C[C@@]2(C)[C@H]1CC[C@]2(O)C(=O)CO,5.98134232,FDA,FLUPREDNISOLONE,M,1.0,0.99565756,0.7827456317440027,75.0,0.7827456317440027,,,,,True,378.44000000000017,1.5056,94.83,3,5,2,0,0.7142857142857143,27,95.32740000000004,4,0.6770422256433893,0,0,1,1,1,1,-3.002856000000001,moderate,0.221531197037037,0.4659848636459148,1,1.0,0,medium,0,,,,,,0,0,1.0,0.9031126676930168,1.0,1.0,0.6,0.9109338003079048,hepatotox_unknown;,False,,0,1.0,0.839778159503372,1,14,1,toxicophore:michael_acceptor,0,1,0.0,1,0.3,0.3,structural_proxy
380.235,4.085300000000001,,,,,,,,,0.744711402546455,0,,0,,0,100668,CCOC(=O)NC1=NC(=C2C(=C1)NCC(=N2)C3=C(C=C(C=C3)Cl)Cl)N,6.39904833,Natural,NSC341931,,,,,20.0,0.7987251,100668.0,NSC341931,0.97045374,0.7987251,True,380.235,4.085300000000001,101.63,3,6,3,2,0.1875,25,100.4428,3,0.744711402546455,0,0,1,1,1,1,-5.066529333333333,poor,0.2559619332,0.9161540668925928,1,1.0,0,high,1,,,,,,0,0,1.0,0.8234134207639365,0.6666666666666667,1.0,0.3,0.7753573595625144,hepatotox_unknown;,False,formulation_challenge;,1,1.0,0.8397549607326752,2,15,1,toxicophore:aniline,0,1,0.5,0,0.3,0.3,structural_proxy
334.50000000000006,3.710100000000004,,,,,,,,,0.7683828059012026,0,,0,,0,101773,CC(=O)[C@]1(CC[C@@H]2[C@@]1(CC[C@H]3[C@H]2CC[C@H]4[C@@]3(CC[C@H](C4)O)C)C)O,6.26370096,Natural,570-52-5,,,,,13.0,0.81610245,101773.0,570-52-5,0.93929356,0.81610245,True,334.50000000000006,3.710100000000004,57.53,2,3,1,0,0.9523809523809524,24,93.36460000000004,4,0.7683828059012026,0,0,1,1,1,1,-4.185263000000003,poor,0.26098754,0.9818620261496688,1,1.0,1,high,0,,,,,,0,0,1.0,0.9305148417703608,1.0,0.6,0.3,0.8741544525311081,hepatotox_unknown;,False,cns_effects_possible;formulation_challenge;,2,1.0,0.8376585191018161,3,16,0,,0,0,0.6,0,0.0,0.0,structural_proxy
298.42600000000004,3.4925000000000024,37.3,1.0,2.0,0.0,0.0,0.75,22.0,4.0,0.6950885218084817,0,0.0,0,0.7335714285714285,0,fda_209,C#C[C@]1(O)CC[C@H]2[C@@H]3CCC4=CC(=O)CC[C@@H]4[C@H]3CC[C@@]21C,5.67393494,FDA,NORETHINDRONE,S,1.0,0.998779,0.8094549316112892,17.0,0.8094549316112892,,,,,True,298.42600000000004,3.4925000000000024,37.3,1,2,0,0,0.75,22,85.87580000000005,4,0.6950885218084817,0,1,1,1,1,1,-3.8905162000000018,moderate,0.2579061336363636,0.9415737720434554,1,1.0,1,high,0,,,,,,0,0,1.0,0.9085265565425444,1.0,0.6,0.6,0.9125579669627631,hepatotox_unknown;,False,cns_effects_possible;,1,1.0,0.836838659736932,2,17,2,triple_bond;toxicophore:michael_acceptor,1,1,0.3,1,0.3,0.3,structural_proxy
391.5720000000002,3.143200000000001,80.59,2.0,4.0,4.0,0.0,0.9583333333333334,28.0,4.0,0.7713900292451945,0,0.0,0,0.4243571428571429,0,fda_1784,C[C@H](CCC(=O)[O-])[C@H]1CC[C@H]2[C@@H]3CC[C@@H]4C[C@H](O)CC[C@]4(C)[C@H]3C[C@H](O)[C@]12C,5.83074331,FDA,DEOXYCHOLIC ACID,L,1.0,0.9990514,0.8035313171272368,30.0,0.8035313171272368,,,,,True,391.5720000000002,3.143200000000001,80.59,2,4,4,0,0.9583333333333334,28,106.01860000000006,4,0.7713900292451945,0,0,1,1,1,1,-3.983962400000002,moderate,0.2082408325,0.2922182387855471,1,1.0,0,high,0,,,,,,0,0,1.0,0.9314170087735584,1.0,1.0,0.6,0.9194251026320672,hepatotox_unknown;,False,,0,1.0,0.8364208964294544,1,18,0,,0,0,0.0,0,0.0,0.0,structural_proxy
402.5310000000003,3.356800000000003,,,,,,,,,0.6700610881705871,0,,0,,1,10120,C[C@]12CCC3C([C@]1(CC[C@@H]2C4=COC(=O)C=C4)O)CC[C@]5([C@@]3(CC[C@@H](C5)O)C)O,6.75614023,Natural,CID_10120,,,,,11.0,0.8181015,10120.0,CID_10120,0.9848969,0.8181015,True,402.5310000000003,3.356800000000003,90.9,3,5,1,1,0.7916666666666666,29,108.37240000000008,5,0.6700610881705871,0,0,1,1,1,1,-4.532476200000004,poor,0.2329703527586206,0.6155476145736556,1,1.0,0,high,0,,,,,,0,0,0.8,0.901018326451176,1.0,1.0,0.3,0.7953054979353528,hepatotox_unknown;,False,formulation_challenge;,1,1.0,0.836015251231439,2,19,0,,0,0,0.2,0,0.0,0.0,structural_proxy
316.441,3.639300000000003,,,,,,,,,0.8314823955760107,0,,0,,0,2516,CC12CCC3=C(C1CCC45C2CCC(C4)C(C5)(CO)O)C=CO3,6.30056572,Natural,"7-(hydroxymethyl)-10b-methyl-3b,4,5,6,7,8,9,10,10a,10b,11,12-dodecahydro-5a,8-methanocyclohepta[5,6]naphtho[2,1-b]furan-7-ol",,,,,28.0,0.7869977,2516.0,"7-(hydroxymethyl)-10b-methyl-3b,4,5,6,7,8,9,10,10a,10b,11,12-dodecahydro-5a,8-methanocyclohepta[5,6]naphtho[2,1-b]furan-7-ol",0.81580764,0.7869977,True,316.441,3.639300000000003,53.6,2,3,1,1,0.8,23,87.02760000000005,5,0.8314823955760107,0,0,1,1,1,1,-4.176693200000002,poor,0.27393764,1.0,1,1.0,1,high,0,,,,,,0,0,1.0,0.9494447186728032,1.0,0.6,0.3,0.8798334156018409,hepatotox_unknown;,False,cns_effects_possible;formulation_challenge;,2,1.0,0.8359466076350208,3,20,0,,0,0,0.6,0,0.0,0.0,structural_proxy
332.4840000000001,3.774200000000003,,,,,,,,,0.7949586169339063,0,,0,,0,101789,CC(=O)[C@H]1CC[C@@H]2[C@@]1(CC(=O)[C@H]3[C@H]2CC[C@@H]4[C@@]3(CC[C@@H](C4)O)C)C,6.18049812,Natural,600-59-9,,,,,10.0,0.81818575,101789.0,600-59-9,0.93929356,0.81818575,True,332.4840000000001,3.774200000000003,54.370000000000005,1,3,1,0,0.9047619047619048,24,92.29480000000004,4,0.7949586169339063,0,0,1,1,1,1,-4.213146800000002,poor,0.257520755,0.9365350882099474,1,1.0,1,high,0,,,,,,0,0,1.0,0.9384875850801718,1.0,0.6,0.3,0.8765462755240515,hepatotox_unknown;,False,cns_effects_possible;formulation_challenge;,2,1.0,0.8359433197180419,3,21,0,,0,0,0.6,0,0.0,0.0,structural_proxy
392.4670000000002,1.8957,94.83,3.0,5.0,2.0,0.0,0.7272727272727273,28.0,4.0,0.667213496992105,0,0.0,0,0.3226428571428571,0,fda_304,C[C@H]1C[C@H]2[C@@H]3CCC4=CC(=O)C=C[C@]4(C)[C@@]3(F)[C@@H](O)C[C@]2(C)[C@@]1(O)C(=O)CO,6.10218382,FDA,BETAMETHASONE,L,1.0,0.9925551,0.7872901910693823,66.0,0.7872901910693823,,,,,True,392.4670000000002,1.8957,94.83,3,5,2,0,0.7272727272727273,28,99.94440000000004,4,0.667213496992105,0,0,1,1,1,1,-3.3355864000000017,moderate,0.2179351364285714,0.4189676947048358,1,1.0,0,medium,0,,,,,,0,0,1.0,0.9001640490976315,1.0,1.0,0.6,0.9100492147292896,hepatotox_unknown;,False,,0,1.0,0.8356289402931469,1,22,1,toxicophore:michael_acceptor,0,1,0.0,1,0.3,0.3,structural_proxy
312.41300000000007,2.5349000000000004,40.620000000000005,0.0,2.0,1.0,1.0,0.5789473684210527,23.0,4.0,0.7993674496203519,0,0.0,0,0.7098571428571427,0,fda_536,O=C(C1CCCCC1)N1CC(=O)N2CCc3ccccc3[C@@H]2C1,5.67980814,FDA,PRAZIQUANTEL,S,1.0,0.9438908,0.8118344742769834,12.0,0.8118344742769834,,,,,True,312.41300000000007,2.5349000000000004,40.620000000000005,0,2,1,1,0.5789473684210527,23,87.75500000000005,4,0.7993674496203519,0,0,1,1,1,1,-3.492947600000001,moderate,0.24694818,0.7983025612756125,1,1.0,1,medium,0,,,,,,0,0,1.0,0.9398102348861056,1.0,0.6,0.6,0.9219430704658316,hepatotox_unknown;,False,cns_effects_possible;,1,1.0,0.8318284130043352,2,23,0,,0,0,0.3,0,0.0,0.0,structural_proxy
312.4530000000001,3.882600000000003,37.3,1.0,2.0,1.0,0.0,0.7619047619047619,23.0,4.0,0.7460501574652694,0,0.0,0,0.7335714285714285,0,fda_380,C#C[C@@]1(O)CC[C@H]2[C@@H]3CCC4=CC(=O)CC[C@@H]4[C@H]3CC[C@@]21CC,5.83266211,FDA,NORGESTREL,S,1.0,0.999019,0.8294932098021053,4.0,0.8294932098021053,,,,,True,312.4530000000001,3.882600000000003,37.3,1,2,1,0,0.7619047619047619,23,90.49280000000006,4,0.7460501574652694,0,1,1,1,1,1,-4.157246600000003,poor,0.2535940047826087,0.8851942743410508,1,1.0,1,high,0,,,,,,0,0,1.0,0.9238150472395809,1.0,0.6,0.3,0.8721445141718741,hepatotox_unknown;,False,cns_effects_possible;formulation_challenge;,2,1.0,0.8301665283656213,3,24,2,triple_bond;toxicophore:michael_acceptor,1,1,0.6,1,0.3,0.3,structural_proxy
314.4980000000001,4.271100000000003,19.03,1.0,2.0,4.0,2.0,0.5789473684210527,22.0,4.0,0.9085285470025662,0,0.0,0,0.8640714285714286,0,fda_592,CCCN1C[C@H](CSC)C[C@@H]2c3cccc4[nH]cc(c34)C[C@H]21,5.205235,FDA,PERGOLIDE,S,1.0,0.8920185,0.804303644971482,27.0,0.804303644971482,,,,,True,314.4980000000001,4.271100000000003,19.03,1,2,4,2,0.5789473684210527,22,96.88470000000004,4,0.9085285470025662,0,0,1,1,1,1,-4.586680600000002,poor,0.2366015909090909,0.6630247169295017,1,1.0,0,high,1,,,,,,0,0,1.0,0.8725585641007699,0.6666666666666667,1.0,0.3,0.7901009025635642,hepatotox_unknown;,False,formulation_challenge;,1,1.0,0.8296305036454399,2,25,0,,0,0,0.8,0,0.3,0.0,structural_proxy
344.2750000000001,2.1734000000000004,,,,,,,,,0.4448579990629538,0,,0,,0,100626,COC1=CC2=C(OC3=C(C(=O)C=C4C3=C2C(=C1OC)OC4=O)OC)O,6.17116404,Natural,CID_100626,,,,,48.0,0.7015454,100626.0,CID_100626,0.8675549,0.7015454,True,344.2750000000001,2.1734000000000004,108.34,1,8,3,2,0.1764705882352941,25,87.65480000000004,4,0.4448579990629538,0,2,1,1,1,1,-3.5157470000000006,moderate,0.2468465616,0.7969739380958267,1,1.0,0,medium,0,,,,,,0,0,1.0,0.8334573997188861,1.0,1.0,0.6,0.8900372199156658,hepatotox_unknown;,False,,0,1.0,0.8293617987322763,1,26,3,cumarine;Polycyclic_aromatic_hydrocarbon_3;linear_polycyclic_aromatic_II,3,0,0.2,0,0.0,0.0,structural_proxy
386.23800000000017,3.748080000000002,,,,,,,,,0.7409196323373736,0,,0,,0,100758,C1=CC=C(C(=C1)C2=C(C(=O)N(N=C2C3=CC=CC=C3Cl)CCO)C#N)Cl,6.63462973,Natural,75660-48-9,,,,,8.0,0.82095784,100758.0,75660-48-9,0.95557904,0.82095784,True,386.23800000000017,3.748080000000002,78.91,1,5,4,3,0.1052631578947368,26,101.18980000000002,3,0.7409196323373736,0,0,1,1,1,1,-5.071966000000002,poor,0.2551780665384615,0.9059052987917242,1,1.0,1,high,0,,,,,,0,0,1.0,0.922275889701212,1.0,0.6,0.3,0.8716827669103636,hepatotox_unknown;,False,cns_effects_possible;formulation_challenge;,2,1.0,0.8292537515470058,3,27,0,,0,0,0.5,0,0.0,0.0,structural_proxy
268.356,3.7375000000000025,37.3,1.0,2.0,0.0,1.0,0.5,20.0,4.0,0.7277739364016139,0,0.0,0,0.7335714285714285,0,fda_1322,C[C@]12CC[C@H]3C(=CCc4cc(O)ccc43)[C@@H]1CCC2=O,5.28230906,FDA,EQUILIN,S,1.0,0.99853146,0.7918025862625643,53.0,0.7918025862625643,,,,,True,268.356,3.7375000000000025,37.3,1,2,0,1,0.5,20,77.70680000000003,4,0.7277739364016139,0,1,1,1,1,1,-4.043432200000002,poor,0.264115453,1.0,1,1.0,1,high,0,,,,,,0,0,1.0,0.918332180920484,1.0,0.6,0.3,0.8704996542761453,hepatotox_unknown;,False,cns_effects_possible;formulation_challenge;,2,1.0,0.8288321256319023,3,28,1,isolated_alkene,1,0,0.6,0,0.0,0.0,structural_proxy
280.323,4.040500000000002,50.440000000000005,1.0,3.0,3.0,3.0,0.1666666666666666,21.0,3.0,0.787337428747122,0,0.0,0,0.6397142857142857,0,fda_1114,CC[C@H](c1ccccc1)c1c(O)oc2ccccc2c1=O,5.22137117,FDA,PHENPROCOUMON,S,1.0,0.97143215,0.7824474202803932,77.0,0.7824474202803932,,,,,True,280.323,4.040500000000002,50.440000000000005,1,3,3,3,0.1666666666666666,21,82.72480000000003,3,0.787337428747122,0,0,1,1,1,1,-4.665517600000001,poor,0.2486367223809523,0.8203796314458187,1,1.0,0,high,1,,,,,,0,0,1.0,0.8362012286241367,0.6666666666666667,1.0,0.3,0.7791937019205742,hepatotox_unknown;,False,formulation_challenge;,1,1.0,0.8288108604336707,2,29,0,,0,0,0.8,0,0.3,0.0,structural_proxy
300.3980000000001,3.5899000000000028,43.370000000000005,0.0,3.0,0.0,0.0,0.6842105263157895,22.0,4.0,0.6421056110726256,0,0.0,0,0.6902142857142857,0,fda_363,C[C@]12C=CC(=O)C=C1CC[C@@H]1[C@@H]2CC[C@]2(C)OC(=O)CC[C@@H]12,5.67837381,FDA,TESTOLACTONE,S,1.0,0.9987897,0.7947991862866558,45.0,0.7947991862866558,,,,,True,300.3980000000001,3.5899000000000028,43.370000000000005,0,3,0,0,0.6842105263157895,22,83.00600000000004,4,0.6421056110726256,0,0,1,1,1,1,-3.964104600000002,moderate,0.2581079004545454,0.9442117989317752,1,1.0,1,high,0,,,,,,0,0,1.0,0.8926316833217877,1.0,0.6,0.6,0.9077895049965362,hepatotox_unknown;,False,cns_effects_possible;,1,1.0,0.8283346486926658,2,30,1,toxicophore:michael_acceptor,0,1,0.6,1,0.3,0.3,structural_proxy
272.3879999999999,3.609200000000002,40.46,2.0,2.0,0.0,1.0,0.6666666666666666,20.0,4.0,0.757169743555686,0,0.0,0,0.7110000000000001,0,fda_17,C[C@]12CC[C@@H]3c4ccc(O)cc4CC[C@H]3[C@@H]1CC[C@@H]2O,5.07554245,FDA,ESTRADIOL,S,1.0,0.99599624,0.7819319745978754,81.0,0.7819319745978754,,,,,True,272.3879999999999,3.609200000000002,40.46,2,2,0,1,0.6666666666666666,20,78.73060000000005,4,0.757169743555686,0,0,1,1,1,1,-3.987601600000001,moderate,0.2537771225,0.8875884711002556,1,1.0,1,high,0,,,,,,0,0,1.0,0.9271509230667058,1.0,0.6,0.6,0.9181452769200116,hepatotox_unknown;,False,cns_effects_possible;,1,1.0,0.8283049433327322,2,31,0,,0,0,0.6,0,0.0,0.0,structural_proxy
455.106,4.621200000000003,,,,,,,,,0.5598057879274677,0,,0,,0,3796,COC1=C(C=C2C(=C1)C(=NC=N2)NC3=CC(=C(C(=C3)Br)O)Br)OC,6.38167953,Natural,WHI-P97,,,,,32.0,0.7801256,3796.0,WHI-P97,0.9477532,0.7801256,True,455.106,4.621200000000003,76.50000000000001,2,6,4,3,0.125,24,99.4315,3,0.5598057879274677,0,1,1,1,1,1,-6.049013200000002,poor,0.26590331375,1.0,1,1.0,0,high,1,,,,,,0,0,1.0,0.7679417363782404,0.6666666666666667,1.0,0.3,0.7587158542468054,hepatotox_unknown;,False,formulation_challenge;,1,1.0,0.8273049908373494,2,32,1,hydroquinone,1,0,0.7,0,0.5,0.0,structural_proxy
312.4530000000001,3.882600000000003,37.3,1.0,2.0,1.0,0.0,0.7619047619047619,23.0,4.0,0.7460501574652694,0,0.0,0,0.7335714285714285,0,fda_531,C#C[C@]1(O)CC[C@H]2[C@@H]3CCC4=CC(=O)CC[C@@H]4[C@H]3CC[C@@]21CC,5.79364157,FDA,LEVONORGESTREL,S,1.0,0.999019,0.8270904406089076,5.0,0.8270904406089076,,,,,True,312.4530000000001,3.882600000000003,37.3,1,2,1,0,0.7619047619047619,23,90.49280000000006,4,0.7460501574652694,0,1,1,1,1,1,-4.157246600000003,poor,0.2518974595652174,0.8630125700298158,1,1.0,1,high,0,,,,,,0,0,1.0,0.9238150472395809,1.0,0.6,0.3,0.8721445141718741,hepatotox_unknown;,False,cns_effects_possible;formulation_challenge;,2,1.0,0.8272275271765386,3,33,2,triple_bond;toxicophore:michael_acceptor,1,1,0.6,1,0.3,0.3,structural_proxy
350.345,0.4611999999999996,77.4,1.0,6.0,3.0,2.0,0.4117647058823529,25.0,3.0,0.8703616805410703,0,0.0,0,0.447142857142857,0,fda_665,CCn1cc(C(=O)[O-])c(=O)c2cc(F)c(N3CCN[C@H](C)C3)c(F)c21,5.9436183,FDA,LOMEFLOXACIN,M,1.0,0.93810266,0.8142701072741602,10.0,0.8142701072741602,,,,,True,350.345,0.4611999999999996,77.4,1,6,3,2,0.4117647058823529,25,87.80620000000003,3,0.8703616805410703,0,0,1,1,1,1,-2.598028333333333,moderate,0.237744732,0.6779708659649858,1,1.0,1,low,0,,,,,,0,0,1.0,0.9611085041623212,1.0,0.6,0.6,0.9283325512486964,hepatotox_unknown;,False,cns_effects_possible;,1,1.0,0.826382957423385,2,34,0,,0,0,0.2,0,0.0,0.0,structural_proxy
386.532,4.2419000000000056,,,,,,,,,0.7571997201055188,0,,0,,0,2464,CC12CCC(CC1CCC3C2CCC4(C3(CCC4C5=COC(=O)C=C5)O)C)O,6.60823202,Natural,"5-(3,14-dihydroxy-10,13-dimethyl-1,2,3,4,5,6,7,8,9,11,12,15,16,17-tetradecahydrocyclopenta[a]phenanthren-17-yl)pyran-2-one",,,,,2.0,0.8374857,2464.0,"5-(3,14-dihydroxy-10,13-dimethyl-1,2,3,4,5,6,7,8,9,11,12,15,16,17-tetradecahydrocyclopenta[a]phenanthren-17-yl)pyran-2-one",0.98277885,0.8374857,True,386.532,4.2419000000000056,70.67,2,4,1,1,0.7916666666666666,28,106.91260000000008,5,0.7571997201055188,0,0,1,1,1,1,-4.990895400000004,poor,0.2360082864285714,0.6552674792098667,1,1.0,0,high,1,,,,,,0,0,1.0,0.8271599160316557,0.6666666666666667,1.0,0.3,0.77648130814283,hepatotox_unknown;,False,formulation_challenge;,1,1.0,0.8263247681630254,2,35,0,,0,0,0.6,0,0.3,0.0,structural_proxy
300.74500000000006,3.3712000000000018,40.620000000000005,0.0,2.0,1.0,2.0,0.125,21.0,3.0,0.7576569223589451,0,0.0,0,0.7098571428571427,0,fda_1525,CN1C(=O)CC(=O)N(c2ccccc2)c2cc(Cl)ccc21,5.46926641,FDA,CLOBAZAM,S,1.0,0.90501153,0.7788640684386386,95.0,0.7788640684386386,,,,,True,300.74500000000006,3.3712000000000018,40.620000000000005,0,2,1,2,0.125,21,83.06700000000002,3,0.7576569223589451,0,1,1,1,1,1,-4.255808333333335,poor,0.2604412576190476,0.9747195850755924,1,1.0,1,high,0,,,,,,0,0,1.0,0.9272970767076836,1.0,0.6,0.3,0.8731891230123051,hepatotox_unknown;,False,cns_effects_possible;formulation_challenge;,2,1.0,0.8248878751337638,3,36,1,beta-keto/anhydride,1,0,0.5,0,0.0,0.0,structural_proxy
312.4530000000001,4.499500000000004,34.14,0.0,2.0,1.0,0.0,0.7142857142857143,23.0,4.0,0.7141681268421906,0,0.0,0,0.7561428571428571,0,fda_412,CC(=O)[C@H]1CC[C@H]2[C@@H]3C=CC4=CC(=O)CC[C@@]4(C)[C@@H]3CC[C@]12C,5.60154581,FDA,DYDROGESTERONE,S,1.0,0.99872977,0.8110557054650421,13.0,0.8110557054650421,,,,,True,312.4530000000001,4.499500000000004,34.14,0,2,1,0,0.7142857142857143,23,90.78700000000003,4,0.7141681268421906,0,0,1,1,1,1,-4.545893600000003,poor,0.24354547,0.7538133803783641,1,1.0,0,high,1,,,,,,0,0,1.0,0.8142504380526573,0.6666666666666667,1.0,0.3,0.7726084647491306,hepatotox_unknown;,False,formulation_challenge;,1,1.0,0.8247002534751632,2,37,1,toxicophore:michael_acceptor,0,1,0.6,1,0.6,0.3,structural_proxy
391.57200000000023,3.1432,80.59,2.0,4.0,4.0,0.0,0.9583333333333334,28.0,4.0,0.7713900292451946,0,0.0,0,0.4243571428571429,0,fda_612,C[C@H](CCC(=O)[O-])[C@H]1CC[C@H]2[C@@H]3[C@@H](O)C[C@@H]4C[C@H](O)CC[C@]4(C)[C@H]3CC[C@]12C,5.6205802,FDA,URSODIOL,L,-1.0,0.9994437,0.790707785124817,57.0,0.790707785124817,,,,,True,391.57200000000023,3.1432,80.59,2,4,4,0,0.9583333333333334,28,106.01860000000006,4,0.7713900292451946,0,0,1,1,1,1,-3.983962400000002,moderate,0.2007350071428571,0.1940823347275797,1,1.0,0,high,0,,,,,,0,0,1.0,0.9314170087735584,1.0,1.0,0.6,0.9194251026320672,hepatotox_unknown;,False,,0,1.0,0.8227602464229317,1,38,0,,0,0,0.0,0,0.0,0.0,structural_proxy
391.57200000000023,3.1432,80.59,2.0,4.0,4.0,0.0,0.9583333333333334,28.0,4.0,0.7713900292451946,0,0.0,0,0.4243571428571429,0,fda_513,C[C@H](CCC(=O)[O-])[C@H]1CC[C@H]2[C@@H]3[C@H](O)C[C@@H]4C[C@H](O)CC[C@]4(C)[C@H]3CC[C@]12C,5.59990501,FDA,CHENODIOL,L,-1.0,0.9994437,0.7894346682075342,60.0,0.7894346682075342,,,,,True,391.57200000000023,3.1432,80.59,2,4,4,0,0.9583333333333334,28,106.01860000000006,4,0.7713900292451946,0,0,1,1,1,1,-3.983962400000002,moderate,0.1999966074999999,0.1844280311620288,1,1.0,0,high,0,,,,,,0,0,1.0,0.9314170087735584,1.0,1.0,0.6,0.9194251026320672,hepatotox_unknown;,False,,0,1.0,0.8214128809911916,1,39,0,,0,0,0.0,0,0.0,0.0,structural_proxy
306.446,3.543100000000003,46.53,1.0,3.0,0.0,0.0,0.9473684210526316,22.0,4.0,0.6962908532154631,0,0.0,0,0.6676428571428572,0,fda_334,C[C@]12COC(=O)C[C@@H]1CC[C@@H]1[C@@H]2CC[C@@]2(C)[C@H]1CC[C@]2(C)O,5.49306917,FDA,OXANDROLONE,S,1.0,0.99786025,0.7916897508563986,54.0,0.7916897508563986,,,,,True,306.446,3.543100000000003,46.53,1,3,0,0,0.9473684210526316,22,84.07580000000006,4,0.6962908532154631,0,0,1,1,1,1,-3.972118200000002,moderate,0.2496849622727272,0.8340849822306007,1,1.0,1,high,0,,,,,,0,0,1.0,0.9088872559646388,1.0,0.6,0.6,0.9126661767893915,hepatotox_unknown;,False,cns_effects_possible;,1,1.0,0.8208594188702553,2,40,0,,0,0,0.6,0,0.0,0.0,structural_proxy
336.516,3.5019000000000036,,,,,,,,,0.6866507227267616,0,,0,,0,101967,C[C@@H]([C@]1(CC[C@@H]2[C@@]1(CC[C@H]3[C@H]2CC[C@H]4[C@@]3(CC[C@H](C4)O)C)C)O)O,6.31255388,Natural,PREGNANETRIOL,,,,,36.0,0.77237,101967.0,PREGNANETRIOL,0.84884197,0.77237,True,336.516,3.5019000000000036,60.69,3,3,1,0,1.0,24,94.36440000000006,4,0.6866507227267616,0,0,1,1,1,1,-4.066596200000002,poor,0.2630230783333333,1.0,1,1.0,1,high,0,,,,,,0,0,1.0,0.9059952168180284,1.0,0.6,0.3,0.8667985650454085,hepatotox_unknown;,False,cns_effects_possible;formulation_challenge;,2,1.0,0.8196096846249578,3,41,0,,0,0,0.6,0,0.0,0.0,structural_proxy
384.51600000000025,4.162000000000004,,,,,,,,,0.7133781183535943,0,,0,,0,10062,C[C@]12CCC3C([C@]1(CC[C@@H]2C4=COC(=O)C=C4)O)CCC5=C[C@H](CC[C@]35C)O,6.57420015,Natural,CHEMBL355996,,,,,3.0,0.8306968,10062.0,CHEMBL355996,0.98702466,0.8306968,True,384.51600000000025,4.162000000000004,70.67,2,4,1,1,0.7083333333333334,28,106.88860000000008,5,0.7133781183535943,0,1,1,1,1,1,-4.928059200000004,poor,0.2347928625,0.6393762586753341,1,1.0,0,high,1,,,,,,0,0,1.0,0.8140134355060784,0.6666666666666667,1.0,0.3,0.7725373639851568,hepatotox_unknown;,False,formulation_challenge;,1,1.0,0.8190836939650383,2,42,1,isolated_alkene,1,0,0.6,0,0.3,0.0,structural_proxy
376.4680000000002,2.7808000000000015,74.6,2.0,4.0,2.0,0.0,0.7272727272727273,27.0,4.0,0.7771649436279087,0,0.0,0,0.4671428571428572,0,fda_462,C[C@@H]1C[C@H]2[C@@H]3CCC4=CC(=O)C=C[C@]4(C)[C@@]3(F)[C@@H](O)C[C@]2(C)[C@H]1C(=O)CO,6.27066278,FDA,DESOXIMETASONE,M,1.0,0.99854255,0.8359011609431783,2.0,0.8359011609431783,,,,,True,376.4680000000002,2.7808000000000015,74.6,2,4,2,0,0.7272727272727273,27,98.48460000000004,4,0.7771649436279087,0,0,1,1,1,1,-3.7940056000000024,moderate,0.2322467696296296,0.60608703147375,1,1.0,1,medium,0,,,,,,0,0,1.0,0.9331494830883724,1.0,0.6,0.6,0.9199448449265116,hepatotox_unknown;,False,cns_effects_possible;,1,1.0,0.8179951592796308,2,43,1,toxicophore:michael_acceptor,0,1,0.3,1,0.3,0.3,structural_proxy
288.475,5.090300000000005,20.23,1.0,1.0,1.0,0.0,0.9,21.0,4.0,0.6662692979783309,1,0.0,0,0.8555,0,fda_336,CC[C@]1(O)CC[C@H]2[C@@H]3CCC4=CCCC[C@@H]4[C@H]3CC[C@@]21C,5.29698801,FDA,ETHYLESTRENOL,S,1.0,0.99825794,0.7925163561586493,51.0,0.7925163561586493,,,,,True,288.475,5.090300000000005,20.23,1,1,1,0,0.9,21,86.94380000000007,4,0.6662692979783309,0,1,0,1,1,1,-4.769434000000003,poor,0.2522375242857143,0.8674587910909574,1,0.6666666666666666,0,high,1,,,,,,0,0,0.8999999999999999,0.7998807893934994,0.6666666666666667,1.0,0.3,0.7332975701513832,hepatotox_unknown;,False,formulation_challenge;,1,1.0,0.8178013363732362,2,44,1,isolated_alkene,1,0,0.6,0,0.3,0.0,structural_proxy
409.57400000000024,4.3436800000000035,78.91,1.0,5.0,3.0,1.0,0.8,30.0,5.0,0.805143916086387,0,0.0,0,0.4363571428571429,0,fda_2101,C[C@@]1(O)CC[C@H]2[C@H](CC[C@@H]3[C@@H]2CC[C@]2(C)[C@@H](C(=O)Cn4cc(C#N)cn4)CC[C@@H]32)C1,6.61865616,FDA,ZURANOLONE,L,1.0,0.99470514,0.8586955509549702,1.0,0.8586955509549702,,,,,True,409.57400000000024,4.3436800000000035,78.91,1,5,3,1,0.8,30,113.17280000000008,5,0.805143916086387,0,0,1,1,1,1,-5.065877200000003,poor,0.220621872,0.4540957734598163,1,1.0,0,high,1,,,,,,0,0,1.0,0.8415431748259161,0.6666666666666667,1.0,0.3,0.7807962857811083,hepatotox_unknown;,False,formulation_challenge;,1,1.0,0.816525949042933,2,45,0,,0,0,0.5,0,0.3,0.0,structural_proxy
328.5000000000001,4.1181000000000045,48.91,2.0,2.0,0.0,1.0,0.8571428571428571,24.0,5.0,0.7524910781410399,0,0.0,0,0.6506428571428572,0,fda_1351,C[C@]12Cc3cn[nH]c3C[C@@H]1CC[C@@H]1[C@@H]2CC[C@@]2(C)[C@H]1CC[C@]2(C)O,5.61148453,FDA,STANOZOLOL,M,1.0,0.9979832,0.8085583281905072,18.0,0.8085583281905072,,,,,True,328.5000000000001,4.1181000000000045,48.91,2,2,0,1,0.8571428571428571,24,94.49550000000004,5,0.7524910781410399,0,0,1,1,1,1,-4.619103000000003,poor,0.2338118554166667,0.6265499521161803,1,1.0,0,high,1,,,,,,0,0,1.0,0.825747323442312,0.6666666666666667,1.0,0.3,0.776057530366027,hepatotox_unknown;,False,formulation_challenge;,1,1.0,0.8143863409487394,2,46,0,,0,0,0.6,0,0.3,0.0,structural_proxy
381.3790000000001,3.5139200000000015,,,,,,,,,0.7541053298167572,0,,0,,0,2662,CC1=CC=C(C=C1)C2=CC(=NN2C3=CC=C(C=C3)S(=O)(=O)N)C(F)(F)F,6.36811304,Natural,celecoxib,,,,,17.0,0.8088706,2662.0,celecoxib,0.9515689,0.8088706,True,381.3790000000001,3.5139200000000015,77.98,1,4,3,3,0.1176470588235294,26,90.11220000000004,3,0.7541053298167572,0,0,1,1,1,1,-4.960319400000001,poor,0.2449274246153846,0.7718819283520771,1,1.0,1,high,0,,,,,,0,0,1.0,0.9262315989450272,1.0,0.6,0.3,0.872869479683508,hepatotox_unknown;,False,cns_effects_possible;formulation_challenge;,2,1.0,0.8133130625450901,3,47,0,,0,0,0.5,0,0.0,0.0,structural_proxy
366.5010000000002,4.967200000000005,,,,,,,,,0.7635110974587134,0,,0,,0,11014,C[C@]12CCC3C([C@]1(CC[C@@H]2C4=COC(=O)C=C4)O)CC=C5[C@@]3(CCC=C5)C,6.15911818,Natural,545-51-7,,,,,4.0,0.8267062,11014.0,545-51-7,0.97214895,0.8267062,True,366.5010000000002,4.967200000000005,50.44,1,3,1,1,0.625,27,105.40480000000008,5,0.7635110974587134,0,0,1,1,1,1,-5.3236422000000045,poor,0.2281154881481481,0.5520720466037248,1,1.0,0,high,1,,,,,,0,0,1.0,0.8290533292376141,0.6666666666666667,1.0,0.3,0.7770493321046176,hepatotox_unknown;,False,formulation_challenge;,1,1.0,0.8132920635340496,2,48,0,,0,0,0.6,0,0.3,0.0,structural_proxy
311.425,3.8371800000000023,61.09,1.0,3.0,1.0,0.0,0.7,23.0,4.0,0.8001121130289811,0,0.0,0,0.5636428571428571,0,fda_1497,C[C@]12CCC3=C4CCC(=O)C=C4CC[C@H]3[C@@H]1CC[C@@]2(O)CC#N,5.5657649,FDA,DIENOGEST,S,1.0,0.99758255,0.8064470631031468,23.0,0.8064470631031468,,,,,True,311.425,3.8371800000000023,61.09,1,3,1,0,0.7,23,87.31880000000004,4,0.8001121130289811,0,0,1,1,1,1,-4.122258400000002,poor,0.2419897782608695,0.7334732834548733,1,1.0,1,high,0,,,,,,0,0,1.0,0.9400336339086944,1.0,0.6,0.3,0.8770100901726082,hepatotox_unknown;,False,cns_effects_possible;formulation_challenge;,2,1.0,0.8125406966013222,3,49,1,toxicophore:michael_acceptor,0,1,0.6,1,0.3,0.3,structural_proxy
270.37199999999996,3.817400000000002,37.3,1.0,2.0,0.0,1.0,0.6111111111111112,20.0,4.0,0.7778844237760111,0,0.0,0,0.7335714285714285,0,fda_11,C[C@]12CC[C@@H]3c4ccc(O)cc4CC[C@H]3[C@@H]1CCC2=O,4.96658564,FDA,ESTRONE,S,1.0,0.99879587,0.7824627051455147,76.0,0.7824627051455147,,,,,True,270.37199999999996,3.817400000000002,37.3,1,2,0,1,0.6111111111111112,20,77.73080000000004,4,0.7778844237760111,0,0,1,1,1,1,-4.1062684,poor,0.2483292819999999,0.8163599616169733,1,1.0,1,high,0,,,,,,0,0,1.0,0.9333653271328032,1.0,0.6,0.3,0.875009598139841,hepatotox_unknown;,False,cns_effects_possible;formulation_challenge;,2,1.0,0.8118002726668727,3,50,0,,0,0,0.6,0,0.0,0.0,structural_proxy
402.53100000000006,3.2127000000000026,,,,,,,,,0.670976049268673,0,,0,,1,10053,C[C@]12CC[C@@H](C[C@H]1CCC3C2[C@@H](C[C@]4([C@@]3(CC[C@@H]4C5=COC(=O)C=C5)O)C)O)O,6.34119177,Natural,Gamabufotalin (Gamabufagin; Gamabufogenin),,,,,22.0,0.7972792,10053.0,Gamabufotalin (Gamabufagin; Gamabufogenin),0.9842907,0.7972792,True,402.53100000000006,3.2127000000000026,90.9,3,5,1,1,0.7916666666666666,29,108.30240000000008,5,0.670976049268673,0,0,1,1,1,1,-4.441693200000001,poor,0.2186617851724138,0.4284683595906365,1,1.0,0,high,0,,,,,,0,0,0.8,0.901292814780602,1.0,1.0,0.3,0.7953878444341805,hepatotox_unknown;,False,formulation_challenge;,1,1.0,0.8111361200237293,2,51,0,,0,0,0.2,0,0.0,0.0,structural_proxy
288.43100000000004,3.879200000000003,37.3,1.0,2.0,0.0,0.0,0.8421052631578947,21.0,4.0,0.6868426969908572,0,0.0,0,0.7335714285714285,0,fda_1825,C[C@]12CC[C@H](O)CC1=CC[C@@H]1[C@@H]2CC[C@]2(C)C(=O)CC[C@@H]12,5.29769468,FDA,PRASTERONE,S,1.0,0.99849176,0.7845518481291717,71.0,0.7845518481291717,,,,,True,288.43100000000004,3.879200000000003,37.3,1,2,0,0,0.8421052631578947,21,82.71680000000005,4,0.6868426969908572,0,1,1,1,1,1,-4.072168200000002,poor,0.2522711752380952,0.8678987649082504,1,1.0,1,high,0,,,,,,0,0,1.0,0.906052809097257,1.0,0.6,0.3,0.8668158427291771,hepatotox_unknown;,False,cns_effects_possible;formulation_challenge;,2,1.0,0.8100699534313222,3,52,1,isolated_alkene,1,0,0.6,0,0.0,0.0,structural_proxy
362.26700000000005,4.544380000000004,,,,,,,,,0.8110702312778821,0,,0,,0,3790,CC1=C(C(=C(C(=C1CONC(=O)C2=CC=CC=C2)C)C)Br)C,6.28717375,Natural,HDInhib_000075,,,,,50.0,0.65325063,3790.0,HDInhib_000075,0.41317135,0.65325063,True,362.26700000000005,4.544380000000004,38.33,1,2,4,2,0.2777777777777778,22,91.78720000000004,2,0.8110702312778821,0,1,1,1,1,1,-5.425014800000002,poor,0.285780625,1.0,1,1.0,0,high,1,,,,,,0,0,1.0,0.8433210693833647,0.6666666666666667,1.0,0.3,0.7813296541483427,hepatotox_unknown;,False,formulation_challenge;,1,1.0,0.8099718164137586,2,53,1,Oxygen-nitrogen_single_bond,1,0,0.8,0,0.3,0.4,structural_proxy
454.96600000000024,3.889300000000003,72.83,1.0,5.0,2.0,0.0,0.8333333333333334,31.0,5.0,0.6406683863701529,0,0.0,0,0.4797857142857142,0,fda_434,CC1(C)O[C@@H]2C[C@H]3[C@@H]4CCC5=CC(=O)CC[C@]5(C)[C@@]4(F)[C@@H](O)C[C@]3(C)[C@]2(C(=O)CCl)O1,6.28372431,FDA,HALCINONIDE,L,1.0,0.9977543,0.8104339440797466,15.0,0.8104339440797466,,,,,True,454.96600000000024,3.889300000000003,72.83,1,5,2,0,0.8333333333333334,31,112.32680000000003,5,0.6406683863701529,0,1,1,1,1,1,-4.979048200000003,poor,0.2027007841935484,0.2197841461695961,1,1.0,0,high,0,,,,,,0,0,1.0,0.8922005159110458,1.0,1.0,0.3,0.8626601547733138,hepatotox_unknown;,False,formulation_challenge;,1,1.0,0.8092137397164212,2,54,4,alkyl_halide;alpha_halo_carbonyl;primary_halide_sulfate;toxicophore:michael_acceptor,3,1,0.8,1,0.5,0.3,structural_proxy
402.53100000000006,3.212700000000003,,,,,,,,,0.670976049268673,0,,0,,1,10059,C[C@]12CC[C@@H](C[C@H]1CCC3C2CC[C@]4([C@@]3(C[C@@H]([C@@H]4C5=COC(=O)C=C5)O)O)C)O,6.30542803,Natural,CID_10059,,,,,24.0,0.79617184,10059.0,CID_10059,0.9862359,0.79617184,True,402.53100000000006,3.212700000000003,90.9,3,5,1,1,0.7916666666666666,29,108.30240000000008,5,0.670976049268673,0,0,1,1,1,1,-4.441693200000002,poor,0.2174285527586207,0.4123442996661668,1,1.0,0,high,0,,,,,,0,0,0.8,0.901292814780602,1.0,1.0,0.3,0.7953878444341805,hepatotox_unknown;,False,formulation_challenge;,1,1.0,0.8091915060312822,2,55,0,,0,0,0.2,0,0.0,0.0,structural_proxy
325.77400000000006,4.324220000000002,30.18,0.0,3.0,1.0,3.0,0.1111111111111111,23.0,4.0,0.654885085071007,0,0.0,0,0.7844285714285715,0,fda_529,Cc1ncc2n1-c1ccc(Cl)cc1C(c1ccccc1F)=NC2,5.56681395,FDA,MIDAZOLAM,M,1.0,0.9321466,0.7799140365728804,89.0,0.7799140365728804,,,,,True,325.77400000000006,4.324220000000002,30.18,0,3,1,3,0.1111111111111111,23,89.05400000000004,4,0.654885085071007,0,0,1,1,1,1,-5.0730574000000015,poor,0.2420353891304348,0.734069628787555,1,1.0,0,high,1,,,,,,0,0,1.0,0.7964655255213022,0.6666666666666667,1.0,0.3,0.7672729909897241,hepatotox_unknown;,False,formulation_challenge;,1,1.0,0.8084925267023111,2,56,0,,0,0,0.8,0,0.3,0.0,structural_proxy
296.4100000000001,3.6126000000000023,40.46,2.0,2.0,0.0,1.0,0.6,22.0,4.0,0.7180018360911579,0,0.0,0,0.7110000000000001,0,fda_18,C#C[C@]1(O)CC[C@H]2[C@@H]3CCc4cc(O)ccc4[C@H]3CC[C@@]21C,5.42335176,FDA,ETHINYL ESTRADIOL,S,1.0,0.99645907,0.7956543085001542,44.0,0.7956543085001542,,,,,True,296.4100000000001,3.6126000000000023,40.46,2,2,0,1,0.6,22,86.50660000000005,4,0.7180018360911579,0,1,1,1,1,1,-4.138680000000002,poor,0.2465159890909091,0.7926518242052507,1,1.0,1,high,0,,,,,,0,0,1.0,0.9154005508273472,1.0,0.6,0.3,0.8696201652482042,hepatotox_unknown;,False,cns_effects_possible;formulation_challenge;,2,1.0,0.8084466264480917,3,57,1,triple_bond,1,0,0.6,0,0.0,0.0,structural_proxy
340.492,4.832100000000005,23.550000000000004,0.0,4.0,5.0,2.0,0.35,24.0,3.0,0.7273120276641493,0,0.0,0,0.8317857142857142,0,fda_1129,CCC(=O)c1ccc2c(c1)N(C[C@H](C)N(C)C)c1ccccc1S2,5.59150553,FDA,PROPIOMAZINE,M,1.0,0.92109364,0.7973397076923049,39.0,0.7973397076923049,,,,,True,340.492,4.832100000000005,23.550000000000004,0,4,5,2,0.35,24,101.78350000000006,3,0.7273120276641493,0,0,1,1,1,1,-5.158606733333336,poor,0.2329793970833333,0.6156658657905488,1,1.0,0,high,1,,,,,,0,0,1.0,0.8181936082992449,0.6666666666666667,1.0,0.3,0.7737914158231068,hepatotox_unknown;,False,formulation_challenge;,1,1.0,0.8078550745023722,2,58,0,,0,0,0.8,0,0.3,0.0,structural_proxy
322.40900000000005,2.6183000000000005,53.02,0.0,4.0,1.0,2.0,0.2631578947368421,23.0,3.0,0.757469217083975,0,0.0,0,0.6212857142857143,0,fda_1664,CC1(C)CCSc2ccc(C#Cc3ccc(C(=O)[O-])cn3)cc21,5.3993001,FDA,M TAZAROTENE,M,1.0,0.99738497,0.7933730838401867,48.0,0.7933730838401867,,,,,True,322.40900000000005,2.6183000000000005,53.02,0,4,1,2,0.2631578947368421,23,89.35650000000004,3,0.757469217083975,0,1,1,1,1,1,-3.915798133333334,moderate,0.2347521782608695,0.6388443272223624,1,1.0,1,medium,0,,,,,,0,0,1.0,0.9272407651251924,1.0,0.6,0.6,0.9181722295375576,hepatotox_unknown;,False,cns_effects_possible;,1,1.0,0.8068875682837201,2,59,1,triple_bond,1,0,0.5,0,0.0,0.0,structural_proxy
330.4680000000001,3.695900000000003,54.370000000000005,1.0,3.0,2.0,0.0,0.8095238095238095,24.0,4.0,0.8398032346789407,0,0.0,0,0.6116428571428572,0,fda_1791,C[C@]12CC[C@H]3[C@@H](CCC4=CC(=O)CC[C@@]43C)[C@@H]1CC[C@@H]2C(=O)CO,5.57008219,FDA,DESOXYCORTICOSTERONE,M,1.0,0.99551034,0.8188294867118608,9.0,0.8188294867118608,,,,,True,330.4680000000001,3.695900000000003,54.370000000000005,1,3,2,0,0.8095238095238095,24,92.29280000000004,4,0.8398032346789407,0,0,1,1,1,1,-4.085318600000003,poor,0.2320867579166666,0.6039949372183804,1,1.0,1,high,0,,,,,,0,0,1.0,0.951940970403682,1.0,0.6,0.3,0.8805822911211046,hepatotox_unknown;,False,cns_effects_possible;formulation_challenge;,2,1.0,0.8065821065964089,3,60,1,toxicophore:michael_acceptor,0,1,0.6,1,0.3,0.3,structural_proxy
344.4950000000001,4.840100000000005,43.370000000000005,0.0,3.0,2.0,0.0,0.8181818181818182,25.0,4.0,0.6732503232022307,0,0.0,0,0.6902142857142857,0,fda_144,CCC(=O)O[C@H]1CC[C@H]2[C@@H]3CCC4=CC(=O)CC[C@]4(C)[C@H]3CC[C@]12C,5.81028891,FDA,TESTOSTERONE PROPIONATE,M,1.0,0.9947038,0.8079253000438612,20.0,0.8079253000438612,,,,,True,344.4950000000001,4.840100000000005,43.370000000000005,0,3,2,0,0.8181818181818182,25,96.88100000000006,4,0.6732503232022307,0,0,1,1,1,1,-4.893132000000003,poor,0.2324115564,0.6082415578472816,1,1.0,0,high,1,,,,,,0,0,1.0,0.8019750969606693,0.6666666666666667,1.0,0.3,0.7689258624215342,hepatotox_unknown;,False,formulation_challenge;,1,1.0,0.8058282307954039,2,61,1,toxicophore:michael_acceptor,0,1,0.6,1,0.6,0.3,structural_proxy
302.458,4.269300000000005,37.3,1.0,2.0,0.0,0.0,0.85,22.0,4.0,0.7253305311285855,0,0.0,0,0.7335714285714285,0,fda_1320,C[C@]12CCC(=O)C=C1CC[C@@H]1[C@@H]2CC[C@@]2(C)[C@H]1CC[C@]2(C)O,5.15610552,FDA,METHYLTESTOSTERONE,S,1.0,0.9988825,0.7836479866994657,73.0,0.7836479866994657,,,,,True,302.458,4.269300000000005,37.3,1,2,0,0,0.85,22,87.33380000000005,4,0.7253305311285855,0,0,1,1,1,1,-4.404898600000003,poor,0.2343684327272727,0.6338269956064734,1,1.0,0,high,1,,,,,,0,0,1.0,0.8175991593385757,0.6666666666666667,1.0,0.3,0.7736130811349061,hepatotox_unknown;,False,formulation_challenge;,1,1.0,0.8054001977219287,2,62,1,toxicophore:michael_acceptor,0,1,0.6,1,0.6,0.3,structural_proxy
382.38000000000005,3.0143200000000014,,,,,,,,,0.5435122884276532,0,,0,,0,100354,CC1=NC2=C(C(=C(C=C2N1)[N+](=O)[O-])N3CCN(CC3)C4=CC=CC=C4)[N+](=O)[O-],6.15786219,Natural,72766-24-6,,,,,43.0,0.7482624,100354.0,72766-24-6,0.98738664,0.7482624,True,382.38000000000005,3.0143200000000014,121.44,1,7,4,3,0.2777777777777778,28,105.00750000000002,4,0.5435122884276532,0,2,1,1,1,1,-4.4007776000000005,poor,0.2199236496428571,0.4449667731179031,1,1.0,0,high,0,,,,,,0,0,1.0,0.863053686528296,1.0,1.0,0.3,0.8539161059584889,hepatotox_unknown;,False,formulation_challenge;,1,1.0,0.8050651611070717,2,63,3,nitro_group;Oxygen-nitrogen_single_bond;toxicophore:nitro_group,2,1,0.2,0,0.0,0.4,structural_proxy
332.5280000000001,4.985300000000005,37.3,1.0,2.0,1.0,0.0,0.9545454545454546,24.0,4.0,0.7346190222392027,0,0.0,0,0.7335714285714285,0,fda_2055,CC(=O)[C@H]1CC[C@H]2[C@@H]3CC[C@H]4C[C@](C)(O)CC[C@]4(C)[C@H]3CC[C@]12C,5.46343231,FDA,GANAXOLONE,M,1.0,0.9980799,0.804189184746027,28.0,0.804189184746027,,,,,True,332.5280000000001,4.985300000000005,37.3,1,2,1,0,0.9545454545454546,24,96.52180000000008,4,0.7346190222392027,0,0,1,1,1,1,-4.976412600000003,poor,0.2276430129166666,0.5458946068445769,1,1.0,0,high,1,,,,,,0,0,1.0,0.8203857066717609,0.6666666666666667,1.0,0.3,0.7744490453348617,hepatotox_unknown;,False,formulation_challenge;,1,1.0,0.8035356187763335,2,64,0,,0,0,0.6,0,0.3,0.0,structural_proxy
296.41,4.029500000000003,34.14,0.0,2.0,0.0,0.0,0.6,22.0,4.0,0.6760895538895387,0,0.0,0,0.7561428571428571,0,fda_795,C=C1C[C@@H]2[C@H](CC[C@]3(C)C(=O)CC[C@@H]23)[C@@]2(C)C=CC(=O)C=C12,5.21221685,FDA,EXEMESTANE,S,1.0,0.99857867,0.7794209381875441,92.0,0.7794209381875441,,,,,True,296.41,4.029500000000003,34.14,0,2,0,0,0.6,22,86.14600000000004,4,0.6760895538895387,0,0,1,1,1,1,-4.2163270000000015,poor,0.2369189477272727,0.6671740405254197,1,1.0,0,high,1,,,,,,0,0,1.0,0.8028268661668617,0.6666666666666667,1.0,0.3,0.7691813931833918,hepatotox_unknown;,False,formulation_challenge;,1,1.0,0.8034044070380256,2,65,1,toxicophore:michael_acceptor,0,1,0.6,1,0.6,0.3,structural_proxy
430.5410000000002,2.7168000000000014,93.06,2.0,6.0,4.0,0.0,0.76,31.0,5.0,0.7124527920741569,0,0.0,0,0.3352857142857143,1,fda_684,CCC[C@@H]1O[C@@H]2C[C@H]3[C@@H]4CCC5=CC(=O)C=C[C@]5(C)[C@H]4[C@@H](O)C[C@]3(C)[C@]2(C(=O)CO)O1,6.18686914,FDA,BUDESONIDE,L,1.0,0.9987344,0.8046708006510969,26.0,0.8046708006510969,,,,,True,430.5410000000002,2.7168000000000014,93.06,2,6,4,0,0.76,31,112.86660000000003,5,0.7124527920741569,0,0,1,1,1,1,-3.9569382000000024,moderate,0.1995764238709677,0.1789342848592062,1,1.0,0,medium,0,,,,,,0,0,0.8,0.9137358376222472,1.0,1.0,0.6,0.8441207512866741,hepatotox_unknown;,False,,0,1.0,0.8030720240273675,1,66,1,toxicophore:michael_acceptor,0,1,0.2,1,0.3,0.3,structural_proxy
318.5010000000001,4.595200000000005,37.3,1.0,2.0,1.0,0.0,0.9523809523809524,23.0,4.0,0.7672110598231308,0,0.0,0,0.7335714285714285,0,fda_1926,CC(=O)[C@H]1CC[C@H]2[C@@H]3CC[C@H]4C[C@H](O)CC[C@]4(C)[C@H]3CC[C@]12C,5.21733332,FDA,BREXANOLONE,M,-1.0,0.99857783,0.7957029151555142,43.0,0.7957029151555142,,,,,True,318.5010000000001,4.595200000000005,37.3,1,2,1,0,0.9523809523809524,23,91.90480000000008,4,0.7672110598231308,0,0,1,1,1,1,-4.643682200000003,poor,0.2268405791304348,0.535403080421892,1,1.0,0,high,1,,,,,,0,0,1.0,0.8301633179469393,0.6666666666666667,1.0,0.3,0.7773823287174152,hepatotox_unknown;,False,formulation_challenge;,1,1.0,0.8026294283575851,2,67,0,,0,0,0.6,0,0.3,0.0,structural_proxy
329.44000000000005,3.466880000000002,76.78,2.0,4.0,0.0,0.0,0.85,24.0,5.0,0.6672313604458664,0,0.0,0,0.4515714285714285,0,fda_540,C[C@]12CC[C@H]3[C@@H](CC[C@@]45O[C@@H]4C(O)=C(C#N)C[C@]35C)[C@@H]1CC[C@@H]2O,5.91102552,FDA,TRILOSTANE,M,1.0,0.99201596,0.7882539221938877,62.0,0.7882539221938877,,,,,True,329.44000000000005,3.466880000000002,76.78,2,4,0,0,0.85,24,87.88160000000005,5,0.6672313604458664,0,1,1,1,1,1,-4.066662400000002,poor,0.24629273,0.7897327937611602,1,1.0,1,high,0,,,,,,0,0,1.0,0.9001694081337599,1.0,0.6,0.3,0.865050822440128,hepatotox_unknown;,False,cns_effects_possible;formulation_challenge;,2,1.0,0.8017460432710664,3,68,2,Three-membered_heterocycle;toxicophore:epoxide,1,1,0.0,1,0.3,0.4,structural_proxy
406.6070000000002,4.8680000000000065,,,,,,,,,0.6224275306903821,0,,0,,0,2705,CC(CCC(=O)O)C1CCCC2C1(CCC3C2C(CC4C3(CCC(C4)O)C)O)C,6.67316389,Natural,CID_2705,,,,,9.0,0.81825393,2705.0,CID_2705,0.9907843,0.81825393,True,406.6070000000002,4.8680000000000065,77.76,3,3,4,0,0.96,29,113.26440000000008,4,0.6224275306903821,0,0,1,1,1,1,-5.163803400000005,poor,0.2301090996551724,0.5781377833179431,1,1.0,0,high,1,,,,,,0,0,1.0,0.7867282592071148,0.6666666666666667,1.0,0.3,0.7643518110954678,hepatotox_unknown;,False,formulation_challenge;,1,1.0,0.8017235619470843,2,69,0,,0,0,0.5,0,0.3,0.0,structural_proxy
336.44700000000006,3.332200000000002,57.53,2.0,3.0,0.0,0.0,0.85,24.0,4.0,0.7132510411285401,0,0.0,0,0.5890714285714286,0,fda_195,C[C@]1(O)CC[C@H]2[C@@H]3CCC4=CC(=O)CC[C@]4(C)[C@@]3(F)[C@@H](O)C[C@@]21C,5.73720503,FDA,FLUOXYMESTERONE,M,1.0,0.997391,0.8021170220314916,33.0,0.8021170220314916,,,,,True,336.44700000000006,3.332200000000002,57.53,2,3,0,0,0.85,24,89.07260000000005,4,0.7132510411285401,0,0,1,1,1,1,-4.025257400000002,poor,0.2390502095833333,0.6950395048916709,1,1.0,1,high,0,,,,,,0,0,1.0,0.913975312338562,1.0,0.6,0.3,0.8691925937015686,hepatotox_unknown;,False,cns_effects_possible;formulation_challenge;,2,1.0,0.8002322679917191,3,70,1,toxicophore:michael_acceptor,0,1,0.3,1,0.3,0.3,structural_proxy
370.5330000000002,4.496500000000005,54.370000000000005,1.0,3.0,2.0,0.0,0.75,27.0,4.0,0.7786891088285057,0,0.0,0,0.6116428571428572,0,fda_737,CCC(=O)[C@@]1(C)[C@H](C)C[C@H]2[C@@H]3CCC4=CC(=O)C=C[C@]4(C)[C@H]3[C@@H](O)C[C@@]21C,5.84598112,FDA,RIMEXOLONE,M,1.0,0.99924845,0.8247171314537998,7.0,0.8247171314537998,,,,,True,370.5330000000002,4.496500000000005,54.370000000000005,1,3,2,0,0.75,27,105.95780000000006,4,0.7786891088285057,0,0,1,1,1,1,-4.838099600000004,poor,0.2165178192592592,0.4004367943535559,1,1.0,0,high,1,,,,,,0,0,1.0,0.8336067326485518,0.6666666666666667,1.0,0.3,0.7784153531278989,hepatotox_unknown;,False,formulation_challenge;,1,1.0,0.7987840036831806,2,71,1,toxicophore:michael_acceptor,0,1,0.6,1,0.6,0.3,structural_proxy
377.4480000000002,2.365,,,,,,,,,0.6942459073118474,0,,0,,0,100494,C1COCCN1C2=NN=C(C3=CN=C(C=C32)C4=CC=CC=C4)N5CCOCC5,6.34752893,Natural,39632-88-7,,,,,14.0,0.81501055,100494.0,39632-88-7,0.96837974,0.81501055,True,377.4480000000002,2.365,63.61,0,7,3,3,0.3809523809523809,28,108.83300000000004,5,0.6942459073118474,0,0,1,1,1,1,-3.9161276000000016,moderate,0.2266974617857143,0.5335318738133934,1,1.0,1,medium,0,,,,,,0,0,1.0,0.9082737721935542,1.0,0.6,0.6,0.912482131658066,hepatotox_unknown;,False,cns_effects_possible;,1,1.0,0.7976316397345666,2,72,0,,0,0,0.5,0,0.0,0.0,structural_proxy
392.58000000000015,4.477900000000006,,,,,,,,,0.659162096020487,0,,0,,0,2987,CC(CCC(=O)O)C1CCC2C1(C(CC3C2CCC4C3(CCC(C4)O)C)O)C,6.35324717,Natural,30635-00-8,,,,,18.0,0.8076402,2987.0,30635-00-8,0.99041814,0.8076402,True,392.58000000000015,4.477900000000006,77.76,3,3,4,0,0.9583333333333334,28,108.64740000000008,4,0.659162096020487,0,0,1,1,1,1,-4.831073000000004,poor,0.2269016846428571,0.5362020125071938,1,1.0,0,high,1,,,,,,0,0,1.0,0.7977486288061462,0.6666666666666667,1.0,0.3,0.7676579219751772,hepatotox_unknown;,False,formulation_challenge;,1,1.0,0.797376467505743,2,73,0,,0,0,0.3,0,0.3,0.0,structural_proxy
349.51800000000003,5.398600000000005,33.120000000000005,1.0,2.0,1.0,1.0,0.625,26.0,5.0,0.6887813871003827,1,0.0,0,0.7634285714285713,0,fda_1489,C[C@]12CC[C@H](O)CC1=CC[C@@H]1[C@@H]2CC[C@]2(C)C(c3cccnc3)=CC[C@@H]12,5.90645599,FDA,ABIRATERONE,M,1.0,0.99719244,0.8250212031125358,6.0,0.8250212031125358,,,,,True,349.51800000000003,5.398600000000005,33.120000000000005,1,2,1,1,0.625,26,105.30680000000004,5,0.6887813871003827,0,1,0,1,1,1,-5.490129600000003,poor,0.2271713842307692,0.5397282353573734,1,0.6666666666666666,0,high,1,,,,,,0,0,0.8999999999999999,0.8066344161301149,0.6666666666666667,1.0,0.3,0.7353236581723678,hepatotox_unknown;,False,formulation_challenge;,1,1.0,0.7966369822386129,2,74,1,isolated_alkene,1,0,0.6,0,0.3,0.0,structural_proxy
402.5310000000003,3.7717000000000023,80.67000000000002,1.0,5.0,4.0,0.0,0.7916666666666666,29.0,4.0,0.724146959959367,0,0.0,0,0.4237857142857142,0,fda_2004,CCC(=O)O[C@]1(C(=O)CO)CC[C@H]2[C@@H]3CCC4=CC(=O)CC[C@]4(C)[C@H]3CC[C@@]21C,5.62796259,FDA,CLASCOTERONE,L,-1.0,0.9964121,0.7807471366324088,87.0,0.7807471366324088,,,,,True,402.5310000000003,3.7717000000000023,80.67000000000002,1,5,4,0,0.7916666666666666,29,107.91680000000008,4,0.724146959959367,0,0,1,1,1,1,-4.447863200000003,poor,0.1940676755172413,0.1069094276053251,1,1.0,0,high,0,,,,,,0,0,1.0,0.91724408798781,1.0,1.0,0.3,0.870173226396343,hepatotox_unknown;,False,formulation_challenge;,1,1.0,0.795907207946903,2,75,1,toxicophore:michael_acceptor,0,1,0.5,1,0.3,0.3,structural_proxy
340.46300000000014,4.0633000000000035,43.370000000000005,0.0,3.0,1.0,0.0,0.7272727272727273,25.0,4.0,0.5338581764582067,0,0.0,0,0.6902142857142857,0,fda_210,C#C[C@]1(OC(C)=O)CC[C@H]2[C@@H]3CCC4=CC(=O)CC[C@@H]4[C@H]3CC[C@@]21C,5.9484334,FDA,NORETHINDRONE ACETATE,M,1.0,0.99363685,0.7882332921731701,63.0,0.7882332921731701,,,,,True,340.46300000000014,4.0633000000000035,43.370000000000005,0,3,1,0,0.7272727272727273,25,95.42300000000006,4,0.5338581764582067,0,1,1,1,1,1,-4.444749600000002,poor,0.237937336,0.6804890923779138,1,1.0,0,high,1,,,,,,0,0,1.0,0.7601574529374621,0.6666666666666667,1.0,0.3,0.7563805692145719,hepatotox_unknown;,False,formulation_challenge;,1,1.0,0.7956455297808779,2,76,2,triple_bond;toxicophore:michael_acceptor,1,1,0.6,1,0.6,0.3,structural_proxy
350.345,0.4611999999999996,77.4,1.0,6.0,3.0,2.0,0.4117647058823529,25.0,3.0,0.8703616805410703,0,0.0,0,0.447142857142857,0,fda_1193,CCn1cc(C(=O)[O-])c(=O)c2cc(F)c(N3CCN[C@@H](C)C3)c(F)c21,5.4960041,FDA,LOMEFLOXACIN,M,1.0,0.93810266,0.7867073516024585,68.0,0.7867073516024585,,,,,True,350.345,0.4611999999999996,77.4,1,6,3,2,0.4117647058823529,25,87.80620000000003,3,0.8703616805410703,0,0,1,1,1,1,-2.598028333333333,moderate,0.219840164,0.443875229064077,1,1.0,1,low,0,,,,,,0,0,1.0,0.9611085041623212,1.0,0.6,0.6,0.9283325512486964,hepatotox_unknown;,False,cns_effects_possible;,1,1.0,0.7947045670317835,2,77,0,,0,0,0.2,0,0.0,0.0,structural_proxy
404.54700000000025,4.195500000000004,,,,,,,,,0.671999391844661,0,,0,,0,3962,CCC(C)C(=O)OC1CC(C=C2C1C(C(C=C2)C)CCC3CC(CC(=O)O3)O)C,6.45099497,Natural,79952-43-5,,,,,15.0,0.81328195,3962.0,79952-43-5,0.9770106,0.81328195,True,404.54700000000025,4.195500000000004,72.83000000000001,1,5,6,0,0.75,29,110.83780000000009,3,0.671999391844661,0,0,1,1,1,1,-4.5953564000000044,poor,0.2224481024137931,0.4779730639839276,1,1.0,0,high,1,,,,,,0,0,1.0,0.8015998175533984,0.6666666666666667,1.0,0.3,0.7688132785993528,hepatotox_unknown;,False,formulation_challenge;,1,1.0,0.7943051745589106,2,78,0,,0,0,0.8,0,0.3,0.0,structural_proxy
314.46900000000005,4.723500000000005,34.14,0.0,2.0,1.0,0.0,0.8095238095238095,23.0,4.0,0.7013194281770768,0,0.0,0,0.7561428571428571,0,fda_148,CC(=O)[C@H]1CC[C@H]2[C@@H]3CCC4=CC(=O)CC[C@]4(C)[C@H]3CC[C@]12C,5.15522957,FDA,PROGESTERONE,S,1.0,0.9978969,0.7807533017212843,86.0,0.7807533017212843,,,,,True,314.46900000000005,4.723500000000005,34.14,0,2,1,0,0.8095238095238095,23,90.88100000000006,4,0.7013194281770768,0,0,1,1,1,1,-4.6995128000000035,poor,0.2241404160869565,0.5000994424117854,1,1.0,0,high,1,,,,,,0,0,1.0,0.8103958284531232,0.6666666666666667,1.0,0.3,0.7714520818692704,hepatotox_unknown;,False,formulation_challenge;,1,1.0,0.7891781209155061,2,79,1,toxicophore:michael_acceptor,0,1,0.6,1,0.6,0.3,structural_proxy
324.39900000000006,3.812980000000003,36.26,0.0,3.0,5.0,2.0,0.35,24.0,3.0,0.8388667572429986,0,0.0,0,0.741,0,fda_1279,CN(C)CCC[C@@]1(c2ccc(F)cc2)OCc2cc(C#N)ccc21,5.31001425,FDA,ESCITALOPRAM,M,1.0,0.9686686,0.8075111647228559,22.0,0.8075111647228559,,,,,True,324.39900000000006,3.812980000000003,36.26,0,3,5,2,0.35,24,90.91400000000006,3,0.8388667572429986,0,0,1,1,1,1,-4.4167845333333355,poor,0.22125059375,0.4623160789427358,1,1.0,1,high,0,,,,,,0,0,1.0,0.9516600271728995,1.0,0.6,0.3,0.88049800815187,hepatotox_unknown;,False,cns_effects_possible;formulation_challenge;,2,1.0,0.7889414647836778,3,80,0,,0,0,0.8,0,0.0,0.0,structural_proxy
420.52800000000025,4.894080000000004,,,,,,,,,0.7645771813481718,0,,0,,0,3915,CC1CN(CCC1(C2=CC=CC=C2)C(=O)O)C3CCC(CC3)(C#N)C4=CC=C(C=C4)F,6.3975997,Natural,Cabastine,,,,,1.0,0.8376411,3915.0,Cabastine,0.99721307,0.8376411,True,420.52800000000025,4.894080000000004,64.33000000000001,1,3,4,2,0.4615384615384615,31,117.05680000000004,4,0.7645771813481718,0,0,1,1,1,1,-5.636544000000004,poor,0.2063741838709677,0.2678124949729336,1,1.0,0,high,1,,,,,,0,0,1.0,0.8293731544044516,0.6666666666666667,1.0,0.3,0.7771452796546688,hepatotox_unknown;,False,formulation_challenge;,1,1.0,0.788234530291851,2,81,0,,0,0,1.0,0,0.3,0.0,structural_proxy
339.411,4.015300000000003,40.129999999999995,0.0,3.0,4.0,2.0,0.15,24.0,3.0,0.7901862796730263,0,0.0,0,0.7133571428571429,0,fda_1708,CSc1ccc(/C=C2/C(C)=C(CC(=O)[O-])c3cc(F)ccc32)cc1,5.15598679,FDA,M SULINDAC,M,-1.0,0.99462986,0.7933145891763556,49.0,0.7933145891763556,,,,,True,339.411,4.015300000000003,40.129999999999995,0,3,4,2,0.15,24,94.71200000000002,3,0.7901862796730263,0,1,1,1,1,1,-4.7033205333333346,poor,0.2148327829166666,0.3784055643445214,1,1.0,0,high,1,,,,,,0,0,1.0,0.837055883901908,0.6666666666666667,1.0,0.3,0.7794500985039058,hepatotox_unknown;,False,formulation_challenge;,1,1.0,0.7881086345937169,2,82,1,stilbene,1,0,0.8,0,0.3,0.0,structural_proxy
434.5040000000002,2.466500000000001,100.90000000000002,2.0,6.0,3.0,0.0,0.7083333333333334,31.0,4.0,0.6621165611785135,0,0.0,0,0.2792857142857141,1,fda_245,CC(=O)OCC(=O)[C@@]1(O)[C@H](C)C[C@H]2[C@@H]3CCC4=CC(=O)C=C[C@]4(C)[C@@]3(F)[C@@H](O)C[C@@]21C,6.08486557,FDA,DEXAMETHASONE ACETATE,L,1.0,0.9948605,0.7815603056142794,82.0,0.7815603056142794,,,,,True,434.5040000000002,2.466500000000001,100.90000000000002,2,6,3,0,0.7083333333333334,31,109.49160000000003,4,0.6621165611785135,0,0,1,1,1,1,-3.889819800000002,moderate,0.1962859861290322,0.1359130224148301,1,1.0,0,medium,0,,,,,,0,0,0.8,0.8986349683535539,1.0,1.0,0.6,0.8395904905060662,hepatotox_unknown;,False,,0,1.0,0.7876840102229941,1,83,1,toxicophore:michael_acceptor,0,1,0.2,1,0.3,0.3,structural_proxy
324.4640000000001,4.048700000000004,37.3,1.0,2.0,1.0,0.0,0.6818181818181818,24.0,4.0,0.5834905102158031,0,0.0,0,0.7335714285714285,0,fda_866,C#C[C@]1(O)CC[C@H]2[C@@H]3CCC4=CC(=O)CC[C@@H]4[C@H]3C(=C)C[C@@]21CC,5.52974701,FDA,ETONOGESTREL,M,1.0,0.99857545,0.7781955989893409,98.0,0.7781955989893409,,,,,True,324.4640000000001,4.048700000000004,37.3,1,2,1,0,0.6818181818181818,24,95.01580000000004,4,0.5834905102158031,0,2,1,1,1,1,-4.336357800000003,poor,0.2304061254166667,0.5820212858304296,1,1.0,0,high,1,,,,,,0,0,1.0,0.775047153064741,0.6666666666666667,1.0,0.3,0.7608474792527556,hepatotox_unknown;,False,formulation_challenge;,1,1.0,0.7868821087059824,2,84,3,isolated_alkene;triple_bond;toxicophore:michael_acceptor,2,1,0.6,1,0.6,0.3,structural_proxy
361.401,4.042080000000003,92.17,1.0,6.0,4.0,3.0,0.2857142857142857,27.0,4.0,0.7537563210999249,0,0.0,0,0.3416428571428572,0,fda_1939,CC(C)Oc1ccc(-c2nc(-c3cccc4c3CC[C@@H]4O)no2)cc1C#N,5.8528676,FDA,M OZANIMOD,M,1.0,0.98920107,0.7901403862457921,59.0,0.7901403862457921,,,,,True,361.401,4.042080000000003,92.17,1,6,4,3,0.2857142857142857,27,98.92980000000004,4,0.7537563210999249,0,0,1,1,1,1,-4.918196600000001,poor,0.216772874074074,0.4037715421854337,1,1.0,0,high,1,,,,,,0,0,1.0,0.8261268963299775,0.6666666666666667,1.0,0.3,0.7761714022323266,hepatotox_unknown;,False,formulation_challenge;,1,1.0,0.7866874999163581,2,85,0,,0,0,0.5,0,0.3,0.0,structural_proxy
355.4100000000001,3.030800000000002,57.2,0.0,3.0,4.0,2.0,0.15,25.0,3.0,0.8470253401152333,0,0.0,0,0.5914285714285714,0,fda_468,CC1=C(CC(=O)[O-])c2cc(F)ccc2/C1=C\c1ccc([S@](C)=O)cc1,5.45397329,FDA,SULINDAC,M,1.0,0.9912594,0.809827536342145,16.0,0.809827536342145,,,,,True,355.4100000000001,3.030800000000002,57.2,0,3,4,2,0.15,25,95.26340000000005,3,0.8470253401152333,0,1,1,1,1,1,-4.182279333333335,poor,0.2181589316,0.4218937342044166,1,1.0,1,high,0,,,,,,0,0,1.0,0.95410760203457,1.0,0.6,0.3,0.8812322806103711,hepatotox_unknown;,False,cns_effects_possible;formulation_challenge;,2,1.0,0.7862672248825919,3,86,1,stilbene,1,0,0.5,0,0.0,0.0,structural_proxy
419.62600000000026,3.779300000000003,80.59,2.0,4.0,5.0,0.0,0.9615384615384616,30.0,4.0,0.7105708435230718,0,0.0,0,0.4243571428571429,0,fda_1811,CC[C@H]1[C@@H](O)[C@@H]2[C@H](CC[C@]3(C)[C@@H]([C@H](C)CCC(=O)[O-])CC[C@@H]23)[C@@]2(C)CC[C@@H](O)C[C@@H]12,5.61609888,FDA,OBETICHOLIC ACID,L,-1.0,0.999218,0.7782002907013186,97.0,0.7782002907013186,,,,,True,419.62600000000026,3.779300000000003,80.59,2,4,5,0,0.9615384615384616,30,115.18260000000008,4,0.7105708435230718,0,0,1,1,1,1,-4.492640200000003,poor,0.187203296,0.0171601918226925,1,1.0,0,high,0,,,,,,0,0,1.0,0.9131712530569216,1.0,1.0,0.3,0.8689513759170765,hepatotox_unknown;,False,formulation_challenge;,1,1.0,0.7850482009833183,2,87,0,,0,0,0.5,0,0.0,0.0,structural_proxy
434.47100000000034,2.3474000000000004,86.37,1.0,4.0,4.0,3.0,0.3333333333333333,32.0,5.0,0.6830916301031819,0,0.0,0,0.3830714285714285,0,fda_1737,O=C(c1cc(Cc2n[nH]c(=O)c3ccccc23)ccc1F)N1CCN(C(=O)C2CC2)CC1,6.00663614,FDA,OLAPARIB,L,1.0,0.964529,0.7822173007190056,80.0,0.7822173007190056,,,,,True,434.47100000000034,2.3474000000000004,86.37,1,4,4,3,0.3333333333333333,32,116.77720000000006,5,0.6830916301031819,0,0,1,1,1,1,-4.192582200000002,poor,0.187707379375,0.023750896425104,1,1.0,0,medium,0,,,,,,0,0,1.0,0.9049274890309544,1.0,1.0,0.3,0.8664782467092863,hepatotox_unknown;,False,formulation_challenge;,1,1.0,0.7846453393417246,2,88,0,,0,0,0.4,0,0.0,0.0,structural_proxy
337.46300000000014,4.221000000000004,46.260000000000005,1.0,3.0,0.0,1.0,0.6818181818181818,25.0,5.0,0.7210430866196731,0,0.0,0,0.6695714285714285,0,fda_435,C#C[C@]1(O)CC[C@H]2[C@@H]3CCC4=Cc5oncc5C[C@]4(C)[C@H]3CC[C@@]21C,5.41800165,FDA,DANAZOL,M,1.0,0.99884295,0.7925054238776915,52.0,0.7925054238776915,,,,,True,337.46300000000014,4.221000000000004,46.260000000000005,1,3,0,1,0.6818181818181818,25,96.35280000000006,5,0.7210430866196731,0,1,1,1,1,1,-4.739500600000003,poor,0.216720066,0.4030810960526993,1,1.0,0,high,1,,,,,,0,0,1.0,0.816312925985902,0.6666666666666667,1.0,0.3,0.773227211129104,hepatotox_unknown;,False,formulation_challenge;,1,1.0,0.7846291247480338,2,89,1,triple_bond,1,0,0.6,0,0.3,0.0,structural_proxy
387.43500000000006,4.221000000000003,,,,,,,,,0.6639930146317803,0,,0,,0,100105,C1=CC=C(C=C1)CC(C(=O)O)NC(=O)OCC2C3=CC=CC=C3C4=CC=CC=C24,6.28781652,Natural,EINECS 252-661-1,,,,,19.0,0.8075028,100105.0,EINECS 252-661-1,0.9929557,0.8075028,True,387.43500000000006,4.221000000000003,75.63000000000001,2,3,6,3,0.1666666666666666,29,109.77450000000005,4,0.6639930146317803,0,0,1,1,1,1,-5.060327000000002,poor,0.2168212593103448,0.4044041613416962,1,1.0,0,high,1,,,,,,0,0,1.0,0.7991979043895342,0.6666666666666667,1.0,0.3,0.7680927046501936,hepatotox_unknown;,False,formulation_challenge;,1,1.0,0.7845540131746248,2,90,0,,0,0,0.5,0,0.3,0.0,structural_proxy
285.43100000000004,3.8826000000000023,23.47,1.0,2.0,2.0,1.0,0.5789473684210527,21.0,3.0,0.8335259245753123,0,0.0,0,0.8323571428571429,0,fda_365,CC(C)=CCN1CC[C@]2(C)c3cc(O)ccc3C[C@H]1[C@H]2C,4.71326208,FDA,PENTAZOCINE,S,1.0,0.97362375,0.7803190225083038,88.0,0.7803190225083038,,,,,True,285.43100000000004,3.8826000000000023,23.47,1,2,2,1,0.5789473684210527,21,87.73580000000005,3,0.8335259245753123,0,1,1,1,1,1,-4.170376866666668,poor,0.2244410514285714,0.5040301388558582,1,1.0,1,high,0,,,,,,0,0,1.0,0.9500577773725936,1.0,0.6,0.3,0.8800173332117781,hepatotox_unknown;,False,cns_effects_possible;formulation_challenge;,2,1.0,0.7845146094155402,3,91,1,isolated_alkene,1,0,0.6,0,0.0,0.0,structural_proxy
386.53200000000027,4.655200000000004,60.440000000000005,0.0,4.0,2.0,0.0,0.7916666666666666,28.0,4.0,0.6479725905950843,0,0.0,0,0.5682857142857143,0,fda_260,CC(=O)O[C@]1(C(C)=O)CC[C@H]2[C@@H]3C[C@H](C)C4=CC(=O)CC[C@]4(C)[C@H]3CC[C@@]21C,6.08828497,FDA,MEDROXYPROGESTERONE ACETATE,M,1.0,0.9964104,0.8083070438481113,19.0,0.8083070438481113,,,,,True,386.53200000000027,4.655200000000004,60.440000000000005,0,4,2,0,0.7916666666666666,28,106.43500000000007,4,0.6479725905950843,0,0,1,1,1,1,-5.037274400000005,poor,0.2174387489285714,0.4124776108356163,1,1.0,0,high,1,,,,,,0,0,1.0,0.7943917771785254,0.6666666666666667,1.0,0.3,0.7666508664868911,hepatotox_unknown;,False,formulation_challenge;,1,1.0,0.7842809462954229,2,92,1,toxicophore:michael_acceptor,0,1,0.6,1,0.6,0.3,structural_proxy
434.50400000000025,2.4188000000000005,93.06,2.0,6.0,2.0,0.0,0.75,31.0,5.0,0.6935078414535659,0,0.0,0,0.3352857142857143,1,fda_225,CC1(C)O[C@@H]2C[C@H]3[C@@H]4CCC5=CC(=O)C=C[C@]5(C)[C@@]4(F)[C@@H](O)C[C@]3(C)[C@]2(C(=O)CO)O1,5.8955245,FDA,TRIAMCINOLONE ACETONIDE,L,1.0,0.9965448,0.7822847981768523,79.0,0.7822847981768523,,,,,True,434.50400000000025,2.4188000000000005,93.06,2,6,2,0,0.75,31,108.59860000000003,5,0.6935078414535659,0,0,1,1,1,1,-3.9257688000000015,moderate,0.1901782096774193,0.0560560932507921,1,1.0,0,medium,0,,,,,,0,0,0.8,0.9080523524360696,1.0,1.0,0.6,0.8424157057308209,hepatotox_unknown;,False,,0,1.0,0.7825054456980541,1,93,1,toxicophore:michael_acceptor,0,1,0.2,1,0.3,0.3,structural_proxy
381.3790000000001,3.5139200000000006,77.98,1.0,4.0,3.0,3.0,0.1176470588235294,26.0,3.0,0.7541053298167572,0,0.0,0,0.4429999999999999,0,fda_836,Cc1ccc(-c2cc(C(F)(F)F)nn2-c2ccc(S(N)(=O)=O)cc2)cc1,5.79189491,FDA,CELECOXIB,M,1.0,0.99310607,0.7977628842433417,37.0,0.7977628842433417,,,,,True,381.3790000000001,3.5139200000000006,77.98,1,4,3,3,0.1176470588235294,26,90.1122,3,0.7541053298167572,0,0,1,1,1,1,-4.9603194,poor,0.2227651888461538,0.4821188523847495,1,1.0,1,high,0,,,,,,0,0,1.0,0.9262315989450272,1.0,0.6,0.3,0.872869479683508,hepatotox_unknown;,False,cns_effects_possible;formulation_challenge;,2,1.0,0.7810044402213598,3,94,0,,0,0,0.5,0,0.0,0.0,structural_proxy
380.35800000000006,2.6285000000000007,88.49000000000001,2.0,6.0,2.0,4.0,0.1578947368421052,28.0,5.0,0.5581669450324385,0,0.0,0,0.3679285714285714,0,fda_1927,Cn1ncnc1[C@H]1c2n[nH]c(=O)c3cc(F)cc(c23)N[C@@H]1c1ccc(F)cc1,6.31356573,FDA,TALAZOPARIB,M,1.0,0.9868486,0.781313788766012,83.0,0.781313788766012,,,,,True,380.35800000000006,2.6285000000000007,88.49000000000001,2,6,2,4,0.1578947368421052,28,97.9314,5,0.5581669450324385,0,0,1,1,1,1,-4.314174600000001,poor,0.2254844903571428,0.5176727188137288,1,1.0,0,medium,1,,,,,,0,0,1.0,0.7674500835097317,0.6666666666666667,1.0,0.3,0.7585683583862529,hepatotox_unknown;,False,formulation_challenge;,1,1.0,0.7792935148096861,2,95,0,,0,0,0.2,0,0.0,0.0,structural_proxy
356.5060000000001,5.350300000000006,46.53,1.0,3.0,4.0,1.0,0.6956521739130435,26.0,4.0,0.7397426708714153,1,0.0,0,0.6676428571428572,0,fda_19,CCCCC(=O)O[C@H]1CC[C@H]2[C@@H]3CCc4cc(O)ccc4[C@H]3CC[C@]12C,5.58579445,FDA,ESTRADIOL VALERATE,M,1.0,0.99622226,0.8055984517909903,25.0,0.8055984517909903,,,,,True,356.5060000000001,5.350300000000006,46.53,1,3,4,1,0.6956521739130435,26,102.12880000000008,4,0.7397426708714153,0,0,0,1,1,1,-5.342026200000004,poor,0.214838248076923,0.3784770193034452,1,0.6666666666666666,0,high,1,,,,,,0,0,0.8999999999999999,0.8219228012614247,0.6666666666666667,1.0,0.3,0.7399101737117607,hepatotox_unknown;,False,formulation_challenge;,1,1.0,0.7788893411478668,2,96,0,,0,0,0.6,0,0.3,0.0,structural_proxy
434.5180000000003,2.794620000000001,,,,,,,,,0.6408036026518218,0,,0,,1,100442,CC1=CC(=NO1)C(=O)NC(C)C2=CC=C(C=C2)S(=O)(=O)NC(=O)NC3CCCCC3,6.15105057,Natural,24488-96-8,,,,,40.0,0.7574493,100442.0,24488-96-8,0.99119747,0.7574493,True,434.5180000000003,2.794620000000001,130.4,3,6,6,2,0.45,30,109.28940000000006,3,0.6408036026518218,0,0,1,1,1,1,-4.391955533333336,poor,0.2050350189999999,0.2503034071588898,1,1.0,0,medium,0,,,,,,0,0,0.8,0.8922410807955465,1.0,1.0,0.3,0.7926723242386639,hepatotox_unknown;,False,formulation_challenge;,1,1.0,0.7788814279346642,2,97,0,,0,0,0.4,0,0.0,0.0,structural_proxy
351.47100000000006,4.431500000000004,39.19,0.0,4.0,2.0,2.0,0.3333333333333333,25.0,3.0,0.5925551443407949,0,0.0,0,0.7200714285714286,0,fda_763,CCOC(=O)c1ccc(C#Cc2ccc3c(c2)C(C)(C)CCS3)nc1,5.56277418,FDA,TAZAROTENE,M,1.0,0.99262434,0.7789069031228077,94.0,0.7789069031228077,,,,,True,351.47100000000006,4.431500000000004,39.19,0,4,2,2,0.3333333333333333,25,100.98250000000004,3,0.5925551443407949,0,1,1,1,1,1,-5.172298533333336,poor,0.2225109672,0.4787949979264691,1,1.0,0,high,1,,,,,,0,0,1.0,0.7777665433022386,0.6666666666666667,1.0,0.3,0.761663296324005,hepatotox_unknown;,False,formulation_challenge;,1,1.0,0.7775207034709383,2,98,1,triple_bond,1,0,0.8,0,0.3,0.0,structural_proxy
384.51600000000025,4.575300000000005,60.440000000000005,0.0,4.0,2.0,0.0,0.7083333333333334,28.0,4.0,0.6541950145872741,0,0.0,0,0.5682857142857143,0,fda_400,CC(=O)O[C@]1(C(C)=O)CC[C@H]2[C@@H]3C=C(C)C4=CC(=O)CC[C@]4(C)[C@H]3CC[C@@]21C,5.94436884,FDA,MEGESTROL ACETATE,M,1.0,0.99583864,0.8005180577724084,35.0,0.8005180577724084,,,,,True,384.51600000000025,4.575300000000005,60.440000000000005,0,4,2,0,0.7083333333333334,28,106.41100000000009,4,0.6541950145872741,0,0,1,1,1,1,-4.974438200000005,poor,0.2122988871428571,0.3452758096913814,1,1.0,0,high,1,,,,,,0,0,1.0,0.7962585043761823,0.6666666666666667,1.0,0.3,0.7672108846461881,hepatotox_unknown;,False,formulation_challenge;,1,1.0,0.7757374203376441,2,99,1,toxicophore:michael_acceptor,0,1,0.6,1,0.6,0.3,structural_proxy
356.4620000000001,2.752900000000001,74.6,2.0,4.0,2.0,0.0,0.6363636363636364,26.0,4.0,0.7462733211519809,0,0.0,0,0.4671428571428572,0,fda_2091,C[C@@H]1C[C@H]2[C@@H]3CCC4=CC(=O)C=C[C@]4(C)C3=CC[C@]2(C)[C@@]1(O)C(=O)CO,5.549438,FDA,VAMOROLONE,M,1.0,0.99642557,0.7846768647734573,69.0,0.7846768647734573,,,,,True,356.4620000000001,2.752900000000001,74.6,2,4,2,0,0.6363636363636364,26,98.18160000000005,4,0.7462733211519809,0,1,1,1,1,1,-3.6523914000000017,moderate,0.213439923076923,0.3601944345759355,1,1.0,1,medium,0,,,,,,0,0,1.0,0.9238819963455942,1.0,0.6,0.6,0.9171645989036782,hepatotox_unknown;,False,cns_effects_possible;,1,1.0,0.7754900518846691,2,100,2,isolated_alkene;toxicophore:michael_acceptor,1,1,0.3,1,0.3,0.3,structural_proxy
486.57200000000046,0.8910000000000009,,,,,,,,,0.5096491546285978,0,,0,,0,100718,C1CCN(CC1)CC#CCN2C(=O)C3=CC4=C(C=C3C2=O)C(=O)N(C4=O)CC#CCN5CCCCC5,6.20655298,Natural,8IU5EE8ZMA,,,,,37.0,0.76936126,100718.0,8IU5EE8ZMA,0.98008305,0.76936126,True,486.57200000000046,0.8910000000000009,84.61999999999999,0,8,4,3,0.5,36,141.0199999999999,5,0.5096491546285978,0,1,1,1,0,1,-3.5980764000000036,moderate,0.1724042494444444,0.0,1,1.0,0,low,0,,,,,,0,0,1.0,0.8528947463885793,1.0,1.0,0.6,0.8958684239165736,hepatotox_unknown;,False,,0,1.0,0.7753544332568593,1,101,1,triple_bond,1,0,0.4,0,0.2,0.0,structural_proxy
381.9070000000002,4.297500000000004,38.13,0.0,4.0,3.0,3.0,0.3636363636363636,27.0,4.0,0.678552511607709,0,0.0,0,0.7276428571428571,0,fda_680,CN1CCC[C@H](n2nc(Cc3ccc(Cl)cc3)c3ccccc3c2=O)CC1,5.70142031,FDA,AZELASTINE,M,1.0,0.94594914,0.7913983755912984,55.0,0.7913983755912984,,,,,True,381.9070000000002,4.297500000000004,38.13,0,4,3,3,0.3636363636363636,27,110.64600000000006,4,0.678552511607709,0,0,1,1,1,1,-5.272248400000002,poor,0.2111637151851851,0.3304338541399674,1,1.0,0,high,1,,,,,,0,0,1.0,0.8035657534823129,0.6666666666666667,1.0,0.3,0.7694030593780271,hepatotox_unknown;,False,formulation_challenge;,1,1.0,0.7735268136323556,2,102,0,,0,0,0.8,0,0.3,0.0,structural_proxy
444.56800000000015,3.783500000000004,,,,,,,,,0.6740200731700228,0,,0,,1,10119,CC(=O)O[C@H]1C[C@@]2(C3CC[C@@H]4C[C@H](CC[C@@]4(C3CC[C@@]2([C@H]1C5=COC(=O)C=C5)C)C)O)O,6.11719084,Natural,Bufotaline,,,,,29.0,0.78583616,10119.0,Bufotaline,0.9946795,0.78583616,True,444.56800000000015,3.783500000000004,96.97,2,6,2,1,0.7692307692307693,32,117.84960000000008,5,0.6740200731700228,0,0,1,1,1,1,-4.995926600000003,poor,0.19116221375,0.0689215843413261,1,1.0,0,high,0,,,,,,0,0,0.8,0.9022060219510069,1.0,1.0,0.3,0.795661806585302,hepatotox_unknown;,False,formulation_challenge;,1,1.0,0.7719996624706594,2,103,0,,0,0,0.5,0,0.0,0.0,structural_proxy
443.6720000000003,4.276400000000005,,,,,,,,,0.5867428154307659,0,,0,,0,100290,C[C@H]1CC[C@H]2[C@@]([C@@]3(CC[C@@H]4[C@H]([C@@H]3CN2C1)C[C@H]5[C@H]4CC(=O)[C@@H]6[C@@]5(CC[C@@H](C6)O)C)C)(C)O,6.66394615,Natural,CID_100290,,,,,7.0,0.82169676,100290.0,CID_100290,0.9825575,0.82169676,True,443.6720000000003,4.276400000000005,60.77000000000001,2,4,0,0,0.9642857142857144,32,124.86960000000008,6,0.5867428154307659,0,0,1,1,1,1,-5.284898400000005,poor,0.2082483171875,0.2923160983199027,1,1.0,0,high,1,,,,,,0,0,1.0,0.7760228446292299,0.6666666666666667,1.0,0.3,0.7611401867221023,hepatotox_unknown;,False,formulation_challenge;,1,1.0,0.7712302534383618,2,104,0,,0,0,0.8,0,0.3,0.0,structural_proxy
404.54700000000025,4.195500000000004,72.83,1.0,5.0,6.0,0.0,0.75,29.0,3.0,0.671999391844661,0,0.0,0,0.4797857142857142,0,fda_616,CC[C@H](C)C(=O)O[C@H]1C[C@@H](C)C=C2C=C[C@H](C)[C@H](CC[C@@H]3C[C@@H](O)CC(=O)O3)[C@H]21,6.0455451,FDA,LOVASTATIN,L,1.0,0.9774786,0.7959510618011078,41.0,0.7959510618011078,,,,,True,404.54700000000025,4.195500000000004,72.83,1,5,6,0,0.75,29,110.83780000000009,3,0.671999391844661,0,0,1,1,1,1,-4.5953564000000044,poor,0.2084670724137931,0.2951762423917667,1,1.0,0,high,1,,,,,,0,0,1.0,0.8015998175533984,0.6666666666666667,1.0,0.3,0.7688132785993528,hepatotox_unknown;,False,formulation_challenge;,1,1.0,0.7708262259400269,2,105,0,,0,0,0.8,0,0.3,0.0,structural_proxy
496.57500000000033,3.760400000000003,100.9,2.0,6.0,4.0,1.0,0.5517241379310345,36.0,5.0,0.6159542688928459,0,0.0,0,0.2792857142857142,1,fda_1348,C[C@H]1C[C@H]2[C@@H]3CCC4=CC(=O)C=C[C@]4(C)[C@@]3(F)[C@@H](O)C[C@]2(C)[C@@]1(OC(=O)c1ccccc1)C(=O)CO,6.83105707,FDA,BETAMETHASONE BENZOATE,XL,1.0,0.91088384,0.7930831021555967,50.0,0.7930831021555967,,,,,True,496.57500000000033,3.760400000000003,100.9,2,6,4,1,0.5517241379310345,36,129.58310000000006,5,0.6159542688928459,0,0,1,1,0,1,-5.171817000000003,poor,0.1897515852777777,0.0504781362427504,1,1.0,0,high,0,,,,,,0,0,0.8,0.8847862806678537,1.0,1.0,0.3,0.7904358842003562,hepatotox_unknown;,False,formulation_challenge;,1,1.0,0.7675389714546139,2,106,1,toxicophore:michael_acceptor,0,1,0.5,1,0.5,0.3,structural_proxy
476.58500000000026,3.6368000000000023,100.90000000000002,2.0,6.0,6.0,0.0,0.7407407407407407,34.0,4.0,0.5679557810972998,0,0.0,0,0.2792857142857141,1,fda_306,CCCCC(=O)O[C@]1(C(=O)CO)[C@@H](C)C[C@H]2[C@@H]3CCC4=CC(=O)C=C[C@]4(C)[C@@]3(F)[C@@H](O)C[C@@]21C,6.56353569,FDA,BETAMETHASONE VALERATE,L,1.0,0.99188626,0.7913109552388193,56.0,0.7913109552388193,,,,,True,476.58500000000026,3.6368000000000023,100.90000000000002,2,6,6,0,0.7407407407407407,34,123.34260000000006,4,0.5679557810972998,0,0,1,1,1,1,-4.690011000000003,poor,0.1930451673529412,0.0935405096868234,1,1.0,0,high,0,,,,,,0,0,0.8,0.8703867343291899,1.0,1.0,0.3,0.786116020298757,hepatotox_unknown;,False,formulation_challenge;,1,1.0,0.7673536894808555,2,107,1,toxicophore:michael_acceptor,0,1,0.5,1,0.5,0.3,structural_proxy
364.52900000000017,5.228400000000006,29.46,1.0,2.0,2.0,1.0,0.68,27.0,5.0,0.7283713862390043,1,0.0,0,0.7895714285714286,0,fda_383,C#C[C@]1(O)CC[C@H]2[C@@H]3CCc4cc(OC5CCCC5)ccc4[C@H]3CC[C@@]21C,5.52449036,FDA,QUINESTROL,M,1.0,0.99775344,0.812201471050354,11.0,0.812201471050354,,,,,True,364.52900000000017,5.228400000000006,29.46,1,2,2,1,0.68,27,107.72580000000006,5,0.7283713862390043,0,1,0,1,1,1,-5.4099718000000045,poor,0.204610754074074,0.2447562994012859,1,0.6666666666666666,0,high,1,,,,,,0,0,0.8999999999999999,0.8185114158717014,0.6666666666666667,1.0,0.3,0.7388867580948438,hepatotox_unknown;,False,formulation_challenge;,1,1.0,0.7665600439532861,2,108,1,triple_bond,1,0,0.6,0,0.3,0.0,structural_proxy
324.39900000000006,3.812980000000003,36.26,0.0,3.0,5.0,2.0,0.35,24.0,3.0,0.8388667572429986,0,0.0,0,0.741,0,fda_1278,CN(C)CCC[C@]1(c2ccc(F)cc2)OCc2cc(C#N)ccc21,5.002707,FDA,CITALOPRAM,M,-1.0,0.9686686,0.7885880951511299,61.0,0.7885880951511299,,,,,True,324.39900000000006,3.812980000000003,36.26,0,3,5,2,0.35,24,90.91400000000006,3,0.8388667572429986,0,0,1,1,1,1,-4.4167845333333355,poor,0.208446125,0.2949023626660273,1,1.0,1,high,0,,,,,,0,0,1.0,0.9516600271728995,1.0,0.6,0.3,0.88049800815187,hepatotox_unknown;,False,cns_effects_possible;formulation_challenge;,2,1.0,0.7665231722844891,3,109,0,,0,0,0.8,0,0.0,0.0,structural_proxy
406.56600000000014,5.672800000000006,43.370000000000005,0.0,3.0,4.0,1.0,0.6296296296296297,30.0,5.0,0.6049275845173735,1,0.0,0,0.6902142857142857,0,fda_1345,C[C@]12CC[C@H]3[C@@H](CCC4=CC(=O)CC[C@@H]43)[C@@H]1CC[C@@H]2OC(=O)CCc1ccccc1,6.30494165,FDA,NANDROLONE PHENPROPIONATE,L,1.0,0.98497945,0.8218026823095866,8.0,0.8218026823095866,,,,,True,406.56600000000014,5.672800000000006,43.370000000000005,0,3,4,1,0.6296296296296297,30,116.73600000000005,5,0.6049275845173735,0,0,0,1,0,1,-5.818573200000004,poor,0.2101647216666666,0.3173723815605971,1,0.6666666666666666,0,high,1,,,,,,0,0,0.8999999999999999,0.7814782753552121,0.6666666666666667,1.0,0.3,0.7277768159398968,hepatotox_unknown;,False,formulation_challenge;,1,1.0,0.7665179019049523,2,110,1,toxicophore:michael_acceptor,0,1,0.8,1,0.6,0.3,structural_proxy
470.6060000000005,3.497000000000003,93.06000000000002,2.0,6.0,3.0,0.0,0.7857142857142857,34.0,6.0,0.6559282998675063,0,0.0,0,0.3352857142857142,1,fda_1642,C[C@]12C=CC(=O)C=C1CC[C@@H]1[C@@H]2[C@@H](O)C[C@@]2(C)[C@H]1C[C@H]1O[C@@H](C3CCCCC3)O[C@]12C(=O)CO,6.19540024,FDA,M CICLESONIDE,L,1.0,0.99806434,0.7936902053963988,47.0,0.7936902053963988,,,,,True,470.6060000000005,3.497000000000003,93.06000000000002,2,6,3,0,0.7857142857142857,34,124.53360000000006,6,0.6559282998675063,0,0,1,1,1,1,-4.762867200000004,poor,0.182217654117647,0.0,1,1.0,0,high,0,,,,,,0,0,0.8,0.8967784899602519,1.0,1.0,0.3,0.7940335469880756,hepatotox_unknown;,False,formulation_challenge;,1,1.0,0.7659711463579889,2,111,1,toxicophore:michael_acceptor,0,1,0.2,1,0.5,0.3,structural_proxy
376.4680000000002,2.923300000000001,74.6,2.0,4.0,1.0,0.0,0.7272727272727273,27.0,4.0,0.7379088954419751,0,0.0,0,0.4671428571428572,0,fda_252,CC(=O)[C@@]1(O)CC[C@H]2[C@@H]3C[C@H](C)C4=CC(=O)C=C[C@]4(C)[C@@]3(F)[C@@H](O)C[C@@]21C,5.52550459,FDA,FLUOROMETHOLONE,M,1.0,0.99915135,0.7823479473058718,78.0,0.7823479473058718,,,,,True,376.4680000000002,2.923300000000001,74.6,2,4,1,0,0.7272727272727273,27,98.53260000000004,4,0.7379088954419751,0,0,1,1,1,1,-3.9497806000000018,moderate,0.2046483181481481,0.2452474358445087,1,1.0,1,medium,0,,,,,,0,0,1.0,0.9213726686325924,1.0,0.6,0.6,0.9164118005897776,hepatotox_unknown;,False,cns_effects_possible;,1,1.0,0.7626066116501753,2,112,1,toxicophore:michael_acceptor,0,1,0.3,1,0.3,0.3,structural_proxy
366.50100000000015,4.305900000000004,43.370000000000005,0.0,3.0,0.0,0.0,0.8333333333333334,27.0,7.0,0.6002668837960434,0,0.0,0,0.6902142857142857,0,fda_855,C[C@]12CCC(=O)C=C1[C@@H]1C[C@@H]1[C@H]1[C@@H]3[C@@H]4C[C@@H]4[C@@]4(CCC(=O)O4)[C@@]3(C)CC[C@@H]12,5.64053535,FDA,DROSPIRENONE,M,1.0,0.9973822,0.783679221317173,72.0,0.783679221317173,,,,,True,366.50100000000015,4.305900000000004,43.370000000000005,0,3,0,0,0.8333333333333334,27,99.49300000000004,7,0.6002668837960434,0,0,1,1,1,1,-4.825023200000003,poor,0.2089087166666667,0.3009505784528248,1,1.0,0,high,1,,,,,,0,0,1.0,0.7800800651388131,0.6666666666666667,1.0,0.3,0.7623573528749773,hepatotox_unknown;,False,formulation_challenge;,1,1.0,0.7618041754869413,2,113,1,toxicophore:michael_acceptor,0,1,0.6,1,0.6,0.3,structural_proxy
372.5050000000002,4.266700000000004,60.440000000000005,0.0,4.0,3.0,0.0,0.782608695652174,27.0,4.0,0.6943873137939288,0,0.0,0,0.5682857142857143,0,fda_5,CC(=O)OCC(=O)[C@H]1CC[C@H]2[C@@H]3CCC4=CC(=O)CC[C@]4(C)[C@H]3CC[C@]12C,5.48502398,FDA,DESOXYCORTICOSTERONE ACETATE,M,1.0,0.9935813,0.7795942244982367,91.0,0.7795942244982367,,,,,True,372.5050000000002,4.266700000000004,60.440000000000005,0,4,3,0,0.782608695652174,27,101.84000000000006,4,0.6943873137939288,0,0,1,1,1,1,-4.639552000000003,poor,0.2031490362962963,0.2256448774357703,1,1.0,0,high,1,,,,,,0,0,1.0,0.8083161941381787,0.6666666666666667,1.0,0.3,0.7708281915747869,hepatotox_unknown;,False,formulation_challenge;,1,1.0,0.7608130418143805,2,114,1,toxicophore:michael_acceptor,0,1,0.6,1,0.6,0.3,structural_proxy
347.4780000000002,4.769020000000005,40.129999999999995,0.0,2.0,3.0,2.0,0.375,26.0,3.0,0.802266996072772,0,0.0,0,0.7133571428571429,0,fda_847,C=C(c1ccc(C(=O)[O-])cc1)c1cc2c(cc1C)C(C)(C)CCC2(C)C,5.000916,FDA,BEXAROTENE,M,-1.0,0.9978689,0.7871536673741052,67.0,0.7871536673741052,,,,,True,347.4780000000002,4.769020000000005,40.129999999999995,0,2,3,2,0.375,26,105.37350000000004,3,0.802266996072772,0,0,1,1,1,1,-5.294179533333336,poor,0.192342923076923,0.0843589242358659,1,1.0,0,high,1,,,,,,0,0,1.0,0.8406800988218317,0.6666666666666667,1.0,0.3,0.7805373629798827,hepatotox_unknown;,False,formulation_challenge;,1,1.0,0.7578523531451551,2,115,0,,0,0,0.8,0,0.3,0.0,structural_proxy
360.5380000000002,5.166000000000006,43.370000000000005,0.0,3.0,2.0,0.0,0.9130434782608696,26.0,4.0,0.6384037243072085,1,0.0,0,0.6902142857142857,0,fda_1353,CCC(=O)O[C@H]1CC[C@H]2[C@@H]3CC[C@H]4CC(=O)[C@H](C)C[C@]4(C)[C@H]3CC[C@]12C,5.45416498,FDA,DROMOSTANOLONE PROPIONATE,M,1.0,0.9966558,0.7796125100678714,90.0,0.7796125100678714,,,,,True,360.5380000000002,5.166000000000006,43.370000000000005,0,3,2,0,0.9130434782608696,26,101.45200000000008,4,0.6384037243072085,0,0,0,1,1,1,-5.197915600000005,poor,0.2097755761538461,0.3122844472037978,1,0.6666666666666666,0,high,1,,,,,,0,0,0.8999999999999999,0.7915211172921626,0.6666666666666667,1.0,0.3,0.7307896685209821,hepatotox_unknown;,False,formulation_challenge;,1,1.0,0.7561138383294193,2,116,0,,0,0,0.6,0,0.3,0.0,structural_proxy
467.65000000000026,4.413800000000005,,,,,,,,,0.686738022566705,0,,0,,0,2476,CC(C)(C)C(C)(C1CC23CCC1(C4C25CCN(C3CC6=C5C(=C(C=C6)O)O4)CC7CC7)OC)O,6.4269309,Natural,DTXSID60860647,,,,,5.0,0.825216,2476.0,DTXSID60860647,0.9864535,0.825216,True,467.65000000000026,4.413800000000005,62.16000000000001,2,5,4,1,0.7931034482758621,34,130.1996000000001,8,0.686738022566705,0,0,1,1,0,1,-5.3486240000000045,poor,0.1890273794117647,0.0410094110854778,1,1.0,0,high,1,,,,,,0,0,1.0,0.8060214067700116,0.6666666666666667,1.0,0.3,0.7701397553643369,hepatotox_unknown;,False,formulation_challenge;,1,1.0,0.7554049613036343,2,117,0,,0,0,0.8,0,0.5,0.0,structural_proxy
327.46800000000013,3.3656000000000015,43.7,2.0,3.0,2.0,1.0,0.7142857142857143,24.0,5.0,0.875191488403328,0,0.0,0,0.6878571428571428,0,fda_463,Oc1ccc2c(c1)[C@@]13CCCC[C@@]1(O)[C@@H](C2)N(CC1CCC1)CC3,4.78919744,FDA,BUTORPHANOL,M,-1.0,0.9681207,0.7772270802132362,99.0,0.7772270802132362,,,,,True,327.46800000000013,3.3656000000000015,43.7,2,3,2,1,0.7142857142857143,24,94.22560000000006,5,0.875191488403328,0,0,1,1,1,1,-4.006629600000002,poor,0.1995498933333333,0.178587407844086,1,1.0,1,high,0,,,,,,0,0,1.0,0.9625574465209984,1.0,0.6,0.3,0.8837672339562995,hepatotox_unknown;,False,cns_effects_possible;formulation_challenge;,2,1.0,0.754480162641654,3,118,0,,0,0,0.3,0,0.0,0.0,structural_proxy
436.5960000000001,2.6045000000000007,,,,,,,,,0.728916467782487,0,,0,,0,20182,CC(C)(CO)N1CC2(CN(CC(C1)(C2=O)C3=CC=CC=C3)C(C)(C)CO)C4=CC=CC=C4,6.3024025,Natural,I.S. 3231,,,,,6.0,0.8250834,20182.0,I.S. 3231,0.9895635,0.8250834,True,436.5960000000001,2.6045000000000007,64.01,2,5,6,2,0.5185185185185185,32,126.72260000000006,4,0.728916467782487,0,0,1,1,1,1,-4.161730200000002,poor,0.196950078125,0.1445957808459113,1,1.0,1,medium,0,,,,,,0,0,1.0,0.918674940334746,1.0,0.6,0.3,0.8706024821004238,hepatotox_unknown;,False,cns_effects_possible;formulation_challenge;,2,1.0,0.7533702066766462,3,119,0,,0,0,0.7,0,0.0,0.0,structural_proxy
388.4230000000001,2.8815999999999997,,,,,,,,,0.5204091213299294,0,,0,,0,51724,COC1=CC2=C(C=C1)N(C(=O)C2(C3=CC=CC=C3)C4=CC=CC=C4)CC(=O)NO,6.29585457,Natural,72935-75-2,,,,,30.0,0.78405285,51724.0,72935-75-2,0.9929557,0.78405285,True,388.4230000000001,2.8815999999999997,78.87,2,4,5,3,0.1304347826086956,29,108.04220000000004,4,0.5204091213299294,0,2,1,1,1,1,-4.2886306,poor,0.2170984334482758,0.4080281111823977,1,1.0,1,medium,0,,,,,,0,0,1.0,0.8561227363989787,1.0,0.6,0.3,0.8518368209196937,hepatotox_unknown;,False,cns_effects_possible;formulation_challenge;,2,1.0,0.750202418627959,3,120,3,hydroxamic_acid;Oxygen-nitrogen_single_bond;hydroxamate_warhead,3,0,0.2,0,0.0,0.4,structural_proxy
430.62900000000025,4.719100000000006,,,,,,,,,0.5981089616553789,0,,0,,0,101688,CC(CCC(=O)C(C)C1C(=O)CC2C1(CCC3C2CC=C4C3(CCC(C4)O)C)C)CO,6.12115812,Natural,"3-hydroxy-17-(7-hydroxy-6-methyl-3-oxoheptan-2-yl)-10,13-dimethyl-1,2,3,4,7,8,9,11,12,14,15,17-dodecahydrocyclopenta[a]phenanthren-16-one",,,,,26.0,0.79101,101688.0,"3-hydroxy-17-(7-hydroxy-6-methyl-3-oxoheptan-2-yl)-10,13-dimethyl-1,2,3,4,7,8,9,11,12,14,15,17-dodecahydrocyclopenta[a]phenanthren-16-one",0.99577576,0.79101,True,430.62900000000025,4.719100000000006,74.60000000000001,2,4,6,0,0.8518518518518519,31,121.24460000000008,4,0.5981089616553789,0,1,1,1,1,1,-5.086932800000006,poor,0.1974567135483871,0.1512198525417132,1,1.0,0,high,1,,,,,,0,0,1.0,0.7794326884966137,0.6666666666666667,1.0,0.3,0.7621631398823175,hepatotox_unknown;,False,formulation_challenge;,1,1.0,0.7488523079240735,2,121,1,isolated_alkene,1,0,0.8,0,0.3,0.0,structural_proxy
362.41,4.777700000000002,,,,,,,,,0.553147901711654,0,,0,,0,401474,C1=CC=C2C(=C1)N=C(C(=N2)OC3=CC=C(C=C3)CC(=O)O)C4=CC=CS4,6.12988806,Natural,NSC715132,,,,,31.0,0.7801848,401474.0,NSC715132,0.9781949,0.7801848,True,362.41,4.777700000000002,72.31,1,5,5,4,0.05,26,100.70680000000004,4,0.553147901711654,0,0,1,1,1,1,-5.506893000000002,poor,0.2357649253846153,0.6520856231281247,1,1.0,0,high,2,,,,,,1,0,1.0,0.6659443705134962,0.3333333333333333,1.0,0.3,0.6614499778207156,hepatotox_unknown;,False,steroid_interaction_risk;formulation_challenge;,2,1.0,0.7478153708706906,3,122,0,,0,0,0.8,0,0.3,0.0,structural_proxy
416.5580000000003,4.9310000000000045,,,,,,,,,0.5075442255173991,0,,0,,0,20728,CC(=O)C1CCC2C1(CCC3C2CC=C4C3(CCC(C4)OC(=O)CCC(=O)O)C)C,6.15827703,Natural,NS00031576,,,,,35.0,0.7739014,20728.0,NS00031576,0.99279237,0.7739014,True,416.5580000000003,4.9310000000000045,80.67,1,4,5,0,0.8,30,112.62380000000007,4,0.5075442255173991,0,1,1,1,1,1,-5.199189600000004,poor,0.2052759009999999,0.2534528506533078,1,1.0,0,high,1,,,,,,0,0,1.0,0.7522632676552198,0.6666666666666667,1.0,0.3,0.7540123136298992,hepatotox_unknown;,False,formulation_challenge;,1,1.0,0.7464714370038495,2,123,1,isolated_alkene,1,0,0.5,0,0.3,0.0,structural_proxy
410.4240000000001,3.742040000000002,77.0,1.0,5.0,6.0,3.0,0.2727272727272727,30.0,4.0,0.6699507613704487,0,0.0,0,0.4499999999999999,0,fda_1953,Cc1ncc(OC[C@@]2(c3cccc(F)c3)C[C@H]2C(=O)Nc2ccc(F)cn2)c(C)n1,6.05913401,FDA,LEMBOREXANT,L,1.0,0.98105305,0.7944718762410317,46.0,0.7944718762410317,,,,,True,410.4240000000001,3.742040000000002,77.0,1,5,6,3,0.2727272727272727,30,106.01070000000004,4,0.6699507613704487,0,0,1,1,1,1,-4.9011140000000015,poor,0.2019711336666666,0.2102442340753494,1,1.0,1,high,0,,,,,,0,0,1.0,0.9009852284111346,1.0,0.6,0.3,0.8652955685233404,hepatotox_unknown;,False,cns_effects_possible;formulation_challenge;,2,1.0,0.7458869240929065,3,124,0,,0,0,0.7,0,0.0,0.0,structural_proxy
410.4930000000003,3.5904200000000026,64.16,0.0,6.0,4.0,3.0,0.5217391304347826,30.0,5.0,0.6577452185749303,0,0.0,0,0.5417142857142858,0,fda_713,Cc1nc2n(c(=O)c1CCN1CCC(c3noc4cc(F)ccc34)CC1)CCCC2,6.04004812,FDA,RISPERIDONE,L,1.0,0.97338235,0.797725727593773,38.0,0.797725727593773,,,,,True,410.4930000000003,3.5904200000000026,64.16,0,6,4,3,0.5217391304347826,30,112.25800000000004,5,0.6577452185749303,0,0,1,1,1,1,-4.827021200000003,poor,0.2013349373333333,0.2019262011663348,1,1.0,1,high,0,,,,,,0,0,1.0,0.897323565572479,1.0,0.6,0.3,0.8641970696717437,hepatotox_unknown;,False,cns_effects_possible;formulation_challenge;,2,1.0,0.7450243189271971,3,125,0,,0,0,1.0,0,0.0,0.0,structural_proxy
465.63100000000026,2.5649000000000015,,,,,,,,,0.4102900871309047,0,,0,,1,755,CC(CCC(=O)NCC(=O)O)C1CCC2C1(C(CC3C2C(CC4C3(CCC(C4)O)C)O)O)C,6.28736496,Natural,Urosodeoxycholic Acid Impurity 11,,,,,46.0,0.7324514,755.0,Urosodeoxycholic Acid Impurity 11,0.9923375,0.7324514,True,465.63100000000026,2.5649000000000015,127.09000000000002,5,5,6,0,0.9230769230769232,33,123.0469000000001,4,0.4102900871309047,0,0,1,1,1,1,-3.9467992000000023,moderate,0.1905262109090909,0.0606060812745441,1,1.0,0,medium,0,,,,,,0,0,0.8,0.8230870261392713,1.0,1.0,0.6,0.8169261078417812,hepatotox_unknown;,False,,0,1.0,0.7446449603157541,1,126,0,,0,0,0.2,0,0.2,0.0,structural_proxy
412.6140000000003,5.090600000000006,60.69,3.0,3.0,5.0,0.0,0.7037037037037037,30.0,4.0,0.5512651961830369,1,0.0,0,0.5665,0,fda_1412,C=C1/C(=C\C=C2/CCC[C@]3(C)[C@@H]([C@H](C)/C=C/[C@@H](O)C4CC4)CC[C@@H]23)C[C@@H](O)C[C@@H]1O,6.08589697,FDA,CALCIPOTRIENE,L,1.0,0.9940528,0.7879326788604486,65.0,0.7879326788604486,,,,,True,412.6140000000003,5.090600000000006,60.69,3,3,5,0,0.7037037037037037,30,121.76040000000006,4,0.5512651961830369,0,1,0,1,1,1,-5.275284800000005,poor,0.2028632323333333,0.2219080958089465,1,0.6666666666666666,0,high,1,,,,,,0,0,0.8999999999999999,0.7653795588549112,0.6666666666666667,1.0,0.3,0.7229472009898067,hepatotox_unknown;,False,formulation_challenge;,1,1.0,0.7423833252574632,2,127,1,isolated_alkene,1,0,0.8,0,0.3,0.0,structural_proxy
414.58600000000024,5.292900000000006,60.440000000000005,0.0,4.0,3.0,0.0,0.8076923076923077,30.0,4.0,0.5885932991379204,1,0.0,0,0.5682857142857143,0,fda_6,CC(C)(C)C(=O)OCC(=O)[C@H]1CC[C@H]2[C@@H]3CCC4=CC(=O)CC[C@]4(C)[C@H]3CC[C@]12C,5.9616313,FDA,DESOXYCORTICOSTERONE PIVALATE,L,1.0,0.9950401,0.7882211347346729,64.0,0.7882211347346729,,,,,True,414.58600000000024,5.292900000000006,60.440000000000005,0,4,3,0,0.8076923076923077,30,115.62100000000008,4,0.5885932991379204,0,0,0,1,1,1,-5.5469602000000044,poor,0.1987210433333333,0.1677504991487566,1,0.6666666666666666,0,high,1,,,,,,0,0,0.8999999999999999,0.7765779897413762,0.6666666666666667,1.0,0.3,0.7263067302557461,hepatotox_unknown;,False,formulation_challenge;,1,1.0,0.7401336708474893,2,128,1,toxicophore:michael_acceptor,0,1,0.8,1,0.6,0.3,structural_proxy
494.55800000000016,5.203700000000008,,,,,,,,,0.4550612360953845,1,,0,,0,201522,C[C@H]1CC[C@@H]2[C@H]([C@H]3[C@@H](N2C1)C[C@@H]4[C@@]3([C@H](C[C@H]5[C@H]4CC=C6[C@@]5(CC[C@@H](C6)O)C)O)C)C.Br,6.30044508,Natural,Rubijervine hydrobromide,,,,,23.0,0.79656875,201522.0,Rubijervine hydrobromide,0.9842902,0.79656875,True,494.55800000000016,5.203700000000008,43.7,2,3,0,0,0.925925925925926,31,130.13860000000008,6,0.4550612360953845,0,1,0,1,0,1,-6.184590600000006,poor,0.2032401638709677,0.2268363369354884,1,0.6666666666666666,0,high,1,,,,,,0,0,0.8999999999999999,0.7365183708286154,0.6666666666666667,1.0,0.3,0.7142888445819179,hepatotox_unknown;,False,formulation_challenge;,1,1.0,0.7375301440047515,2,129,1,isolated_alkene,1,0,0.8,0,0.5,0.0,structural_proxy
419.5200000000002,3.5593800000000018,67.16,0.0,4.0,4.0,2.0,0.4615384615384615,31.0,4.0,0.7600468495976936,0,0.0,0,0.5202857142857142,0,fda_698,C[C@@H]1CN([C@H]2CC[C@](C#N)(c3ccc(F)cc3)CC2)CC[C@]1(C(=O)[O-])c1ccccc1,5.7674675,FDA,LEVOCABASTINE,L,1.0,0.98564154,0.8029362456208865,31.0,0.8029362456208865,,,,,True,419.5200000000002,3.5593800000000018,67.16,0,4,4,2,0.4615384615384615,31,114.42800000000004,4,0.7600468495976936,0,0,1,1,1,1,-4.789433400000002,poor,0.1860473387096774,0.0020464756968241,1,1.0,1,high,0,,,,,,0,0,1.0,0.928014054879308,1.0,0.6,0.3,0.8734042164637924,hepatotox_unknown;,False,cns_effects_possible;formulation_challenge;,2,1.0,0.735039386347758,3,130,0,,0,0,1.0,0,0.0,0.0,structural_proxy
482.6280000000002,4.773280000000004,72.36,1.0,5.0,3.0,3.0,0.4666666666666667,36.0,6.0,0.5820901201895605,0,0.0,0,0.4831428571428571,0,fda_1819,CCc1cc2c(cc1N1CCC(N3CCOCC3)CC1)C(C)(C)c1[nH]c3cc(C#N)ccc3c1C2=O,6.11367226,FDA,ALECTINIB,L,1.0,0.9845748,0.7846288596293699,70.0,0.7846288596293699,,,,,True,482.6280000000002,4.773280000000004,72.36,1,5,3,3,0.4666666666666667,36,142.0211999999999,6,0.5820901201895605,0,0,1,1,0,1,-6.011460000000004,poor,0.1698242294444444,0.0,1,1.0,0,high,1,,,,,,0,0,1.0,0.7746270360568682,0.6666666666666667,1.0,0.3,0.7607214441503939,hepatotox_unknown;,False,formulation_challenge;,1,1.0,0.7304944261377831,2,131,0,,0,0,1.0,0,0.5,0.0,structural_proxy
440.4110000000002,5.182000000000006,49.77,1.0,3.0,5.0,1.0,0.6956521739130435,29.0,4.0,0.6421337808881203,1,0.0,0,0.6445000000000001,0,fda_1559,C[C@]12CC[C@@H]3c4ccc(OC(=O)N(CCCl)CCCl)cc4CC[C@H]3[C@@H]1CC[C@@H]2O,5.51277685,FDA,ESTRAMUSTINE,L,-1.0,0.9876637,0.7766986212213864,100.0,0.7766986212213864,,,,,True,440.4110000000002,5.182000000000006,49.77,1,3,5,1,0.6956521739130435,29,116.10280000000007,4,0.6421337808881203,0,1,0,1,1,1,-5.690208200000003,poor,0.1900957534482758,0.0549780084024011,1,0.6666666666666666,0,high,1,,,,,,0,0,0.8999999999999999,0.7926401342664362,0.6666666666666667,1.0,0.3,0.7311253736132642,hepatotox_unknown;,False,formulation_challenge;,1,1.0,0.7298167574632594,2,132,3,alkyl_halide;primary_halide_sulfate;Alkyl_halides,3,0,0.8,0,0.3,0.0,structural_proxy
391.4740000000001,4.878100000000003,,,,,,,,,0.4871624324764735,0,,0,,0,3932,C1=CC=C(C=C1)N2C3=CC=CC=C3C(C2=O)(CC4=CC=NC=C4)CC5=CC=NC=C5,6.48609924,Natural,Linopirdine,,,,,16.0,0.81034833,3932.0,Linopirdine,0.9882583,0.81034833,True,391.4740000000001,4.878100000000003,46.09,0,3,5,4,0.1153846153846153,30,117.59000000000002,5,0.4871624324764735,0,0,1,1,1,1,-5.602341800000002,poor,0.2162033079999999,0.3963246753932541,1,1.0,0,high,2,,,,,,1,0,1.0,0.646148729742942,0.3333333333333333,1.0,0.3,0.6555112855895493,hepatotox_unknown;,False,steroid_interaction_risk;formulation_challenge;,2,1.0,0.7258445338853011,3,133,0,,0,0,0.8,0,0.3,0.0,structural_proxy
433.5480000000002,2.628700000000002,,,,,,,,,0.5543834281233575,0,,0,,0,201157,C[C@@]12C[C@@H](CC34[C@@H]1[C@H]5CC67[C@H]3[C@H](C(C[C@@H]6C4N5C2)C(=C)[C@H]7O)O)OC(=O)C8=CC=CC=C8,6.14699793,Natural,CID_201157,,,,,27.0,0.78870785,201157.0,CID_201157,0.99485826,0.78870785,True,433.5480000000002,2.628700000000002,70.0,2,5,2,1,0.6666666666666666,32,116.48210000000002,10,0.5543834281233575,0,1,1,1,1,1,-4.126078600000002,poor,0.1920936853125,0.0811002321969194,1,1.0,1,medium,0,,,,,,0,0,1.0,0.8663150284370071,1.0,0.6,0.3,0.854894508531102,hepatotox_unknown;,False,cns_effects_possible;formulation_challenge;,2,1.0,0.7217090110398687,3,134,1,isolated_alkene,1,0,0.5,0,0.0,0.0,structural_proxy
498.4070000000001,4.648100000000004,,,,,,,,,0.516153187114683,0,,0,,1,100059,CC(C)NC(=O)OCC1=C2CC(CN2C(=C1COC(=O)NC(C)C)C3=CC(=C(C=C3)Cl)Cl)O,6.51528549,Natural,86422-04-0,,,,,33.0,0.77707297,100059.0,86422-04-0,0.99032634,0.77707297,True,498.4070000000001,4.648100000000004,101.82,3,6,7,2,0.4782608695652174,33,126.51220000000002,3,0.516153187114683,0,0,1,1,0,1,-5.889759733333336,poor,0.1974328936363636,0.1509084159588224,1,1.0,0,high,1,,,,,,0,0,0.8,0.754845956134405,0.6666666666666667,1.0,0.3,0.6847871201736547,hepatotox_unknown;,False,formulation_challenge;,1,1.0,0.720378703866177,2,135,0,,0,0,0.7,0,0.5,0.0,structural_proxy
374.4440000000002,2.9492400000000014,,,,,,,,,0.5536270865210524,0,,0,,0,10604,CC1=C(C(=O)N(N1C)C2=CC=CC=C2)C3=C(N(N(C3=O)C4=CC=CC=C4)C)C,6.17072535,Natural,Forbisen,,,,,21.0,0.7984923,10604.0,Forbisen,0.98680985,0.7984923,True,374.4440000000002,2.9492400000000014,53.86,0,6,3,4,0.1818181818181818,28,110.488,4,0.5536270865210524,0,0,1,1,1,1,-4.561574000000001,poor,0.2203830482142857,0.4509732403596669,1,1.0,1,medium,1,,,,,,0,0,1.0,0.7660881259563158,0.6666666666666667,0.6,0.3,0.758159771120228,hepatotox_unknown;,False,cns_effects_possible;formulation_challenge;,2,1.0,0.7174025820072868,3,136,0,,0,0,0.5,0,0.0,0.0,structural_proxy
486.3110000000004,4.163780000000003,,,,,,,,,0.4745695533064382,0,,0,,1,100760,C1=CC(=CC=C1C2=C(C(=O)N(N=C2C3=CC=C(C=C3)Cl)CCOC(=O)CCC(=O)O)C#N)Cl,6.55109596,Natural,82232-19-7,,,,,39.0,0.7579857,100760.0,82232-19-7,0.9902524,0.7579857,True,486.3110000000004,4.163780000000003,122.28,1,7,8,3,0.1739130434782608,33,121.93280000000004,3,0.4745695533064382,0,0,1,1,0,1,-5.690309600000004,poor,0.1985180593939393,0.1650965588485449,1,1.0,0,high,1,,,,,,0,0,0.8,0.7423708659919315,0.6666666666666667,1.0,0.3,0.6810445931309127,hepatotox_unknown;,False,formulation_challenge;,1,1.0,0.712640687365969,2,137,0,,0,0,0.7,0,0.5,0.0,structural_proxy
549.5530000000003,3.5306000000000024,104.29,2.0,5.0,4.0,3.0,0.3448275862068966,40.0,6.0,0.518443001557986,1,0.0,0,0.2550714285714285,1,fda_1949,C[C@@H]1[C@H](c2ccccc2)C[C@H](NC(=O)c2cnc3c(c2)C[C@@]2(C3)C(=O)Nc3ncccc32)C(=O)N1CC(F)(F)F,6.55305862,FDA,UBROGEPANT,XL,1.0,0.9946556,0.7791726529873259,93.0,0.7791726529873259,,,,,True,549.5530000000003,3.5306000000000024,104.29,2,5,4,3,0.3448275862068966,40,138.47389999999993,6,0.518443001557986,0,0,0,1,0,1,-5.577506600000003,poor,0.1638264655,0.0,1,0.6666666666666666,0,high,1,,,,,,0,0,0.7,0.7555329004673959,0.6666666666666667,1.0,0.3,0.6499932034735522,hepatotox_unknown;,False,formulation_challenge;,1,1.0,0.697356676858065,2,138,0,,0,0,0.7,0,0.4,0.0,structural_proxy
424.5080000000001,4.2306000000000035,,,,,,,,,0.4036681383375293,0,,0,,0,2392,CN1CCN(CC1)C2=CC3=C(C=C2)N=C(N3)C4=CC5=C(C=C4)N=C(N5)C6=CC=C(C=C6)O,6.57297707,Natural,Pibenzimol,,,,,34.0,0.77616954,2392.0,Pibenzimol,0.9914869,0.77616954,True,424.5080000000001,4.2306000000000035,84.07,3,5,3,5,0.2,32,127.9922,6,0.4036681383375293,0,0,1,1,1,1,-5.5558942666666695,poor,0.2054055334375,0.2551477470629607,1,1.0,0,high,2,,,,,,1,0,1.0,0.6211004415012588,0.3333333333333333,1.0,0.3,0.6479967991170443,hepatotox_unknown;,False,steroid_interaction_risk;formulation_challenge;,2,1.0,0.6945849247858089,3,139,0,,0,0,0.7,0,0.3,0.0,structural_proxy
467.4810000000002,3.655100000000003,,,,,,,,,0.3671668610956925,0,,0,,1,3813,CC12C(CC(O1)N3C4=CC=CC=C4C5=C6C(=C7C8=CC=CC=C8N2C7=C53)CNC6=O)(C(=O)OC)O,6.11614037,Natural,97161-97-2,,,,,44.0,0.74175096,3813.0,97161-97-2,0.99578863,0.74175096,True,467.4810000000002,3.655100000000003,94.72,2,7,1,5,0.2592592592592592,35,128.96900000000008,8,0.3671668610956925,0,0,1,1,1,1,-5.437595200000003,poor,0.1747468677142857,0.0,1,1.0,0,high,1,,,,,,0,0,0.8,0.7101500583287078,0.6666666666666667,1.0,0.3,0.6713783508319456,hepatotox_unknown;,False,formulation_challenge;,1,1.0,0.682399887373728,2,140,0,,0,0,0.7,0,0.2,0.0,structural_proxy
449.51700000000017,4.429600000000003,,,,,,,,,0.3429031512160089,0,,0,,1,3536,C1=CC=NC(=C1)NS(=O)(=O)C2=CC=C(C=C2)N=CC3=C(NC4=C3C5=C(C=C4)N=CS5)O,6.39031744,Natural,GW-8510,,,,,45.0,0.73268306,3536.0,GW-8510,0.9933763,0.73268306,True,449.51700000000017,4.429600000000003,120.33,3,7,5,5,0.0,31,121.88300000000002,5,0.3429031512160089,0,1,1,1,1,1,-5.827653400000003,poor,0.2061392722580645,0.2647411120924305,1,1.0,0,high,2,,,,,,1,0,0.8,0.6028709453648027,0.3333333333333333,1.0,0.3,0.5725279502761075,hepatotox_unknown;,False,steroid_interaction_risk;formulation_challenge;,2,1.0,0.6599852058512304,3,141,1,imine_1,1,0,0.7,0,0.3,0.0,structural_proxy
481.4830000000002,4.777500000000003,,,,,,,,,0.3457170759869399,0,,0,,1,400715,C1CN(C[C@H]1N)C2=C(C=C3C4=C2OC5=C(N4C=C(C3=O)C(=O)O)C=C6C=CC7=CC=CC=C7C6=C5)F,6.49277687,Natural,713079-03-9,,,,,41.0,0.7557722,400715.0,713079-03-9,0.99750215,0.7557722,True,481.4830000000002,4.777500000000003,97.79,2,6,2,5,0.1428571428571428,36,136.35369999999992,7,0.3457170759869399,0,1,1,1,0,1,-6.231591028571431,poor,0.1803549130555555,0.0,1,1.0,0,high,2,,,,,,1,0,0.8,0.603715122796082,0.3333333333333333,1.0,0.3,0.5727812035054912,hepatotox_unknown;,False,steroid_interaction_risk;formulation_challenge;,2,1.0,0.6406699854355892,3,142,2,Polycyclic_aromatic_hydrocarbon_3;toxicophore:polycyclic_aromatic,1,1,0.7,0,0.5,0.0,structural_proxy
384.6480000000002,7.619000000000008,20.23,1.0,1.0,6.0,0.0,0.7777777777777778,28.0,3.0,0.499104026994848,1,0.0,0,0.8555,0,fda_824,C=C1CC[C@@H](O)C/C1=C/C=C1\CCC[C@]2(C)[C@@H]([C@H](C)CCCC(C)C)CC[C@@H]12,6.06267786,FDA,CHOLECALCIFEROL,M,1.0,0.9967558,0.8057815724421572,24.0,0.8057815724421572,,,,,True,384.6480000000002,7.619000000000008,20.23,1,1,6,0,0.7777777777777778,28,121.1888000000001,3,0.499104026994848,0,0,0,1,0,0,-6.628787600000005,poor,0.2165242092857142,0.4005203415976333,0,0.3333333333333333,0,high,1,,,,,,0,0,0.3,0.7497312080984545,0.6666666666666667,0.4,0.3,0.5082526957628697,hepatotox_unknown;,False,formulation_challenge;,1,1.0,0.6187959214528188,2,143,0,,0,0,0.6,0,0.3,0.0,structural_proxy
391.5550000000001,5.9694000000000065,39.19,0.0,3.0,2.0,1.0,0.6153846153846154,29.0,5.0,0.4604575535940218,1,0.0,0,0.7200714285714286,0,fda_1519,CC(=O)O[C@H]1CC[C@@]2(C)C(=CC[C@@H]3[C@@H]2CC[C@]2(C)C(c4cccnc4)=CC[C@@H]32)C1,6.30808115,FDA,ABIRATERONE ACETATE,L,1.0,0.99368805,0.7987003023046964,36.0,0.7987003023046964,,,,,True,391.5550000000001,5.9694000000000065,39.19,0,3,2,1,0.6153846153846154,29,114.85400000000008,5,0.4604575535940218,0,1,0,1,0,0,-6.044363000000004,poor,0.2175200396551724,0.4135404571672222,0,0.3333333333333333,0,high,1,,,,,,0,0,0.3,0.7381372660782066,0.6666666666666667,0.4,0.3,0.5047745131567953,hepatotox_unknown;,False,formulation_challenge;,1,1.0,0.6147852179129712,2,144,1,isolated_alkene,1,0,0.6,0,0.3,0.0,structural_proxy
396.57100000000025,6.130500000000006,46.53,1.0,3.0,4.0,1.0,0.7307692307692307,29.0,5.0,0.6227170001015172,1,0.0,0,0.6676428571428572,0,fda_20,C[C@]12CC[C@@H]3c4ccc(O)cc4CC[C@H]3[C@@H]1CC[C@@H]2OC(=O)CCC1CCCC1,5.93026352,FDA,ESTRADIOL CYPIONATE,L,1.0,0.99408734,0.8027642202232954,32.0,0.8027642202232954,,,,,True,396.57100000000025,6.130500000000006,46.53,1,3,4,1,0.7307692307692307,29,113.79580000000009,5,0.6227170001015172,0,0,0,1,0,0,-6.044955200000005,poor,0.2044918455172413,0.2432016137844803,0,0.3333333333333333,0,high,1,,,,,,0,0,0.3,0.7868151000304553,0.6666666666666667,0.4,0.3,0.5193778633424699,hepatotox_unknown;,False,formulation_challenge;,1,1.0,0.6123569132871451,2,145,0,,0,0,0.6,0,0.3,0.0,structural_proxy
412.6140000000003,6.400500000000007,43.370000000000005,0.0,3.0,4.0,0.0,0.8518518518518519,30.0,5.0,0.5017591238230259,1,0.0,0,0.6902142857142857,0,fda_1335,C[C@]12CC[C@H]3[C@@H](CCC4=CC(=O)CC[C@@]43C)[C@@H]1CC[C@@H]2OC(=O)CCC1CCCC1,6.27472258,FDA,TESTOSTERONE CYPIONATE,L,1.0,0.9918767,0.8013773646552359,34.0,0.8013773646552359,,,,,True,412.6140000000003,6.400500000000007,43.370000000000005,0,3,4,0,0.8518518518518519,30,117.78200000000008,5,0.5017591238230259,0,0,0,1,0,0,-6.166521800000006,poor,0.2091574193333333,0.3042022742855463,0,0.3333333333333333,0,high,1,,,,,,0,0,0.3,0.7505277371469079,0.6666666666666667,0.4,0.3,0.5084916544774057,hepatotox_unknown;,False,formulation_challenge;,1,1.0,0.6080618978738584,2,146,1,toxicophore:michael_acceptor,0,1,0.8,1,0.6,0.3,structural_proxy
412.65800000000024,6.6118000000000094,40.46,2.0,2.0,5.0,0.0,0.7142857142857143,30.0,3.0,0.4986560295856184,1,0.0,0,0.7110000000000001,0,fda_1417,C=C1/C(=C\C=C2/CCC[C@]3(C)[C@@H]([C@H](C)/C=C/[C@H](C)C(C)C)CC[C@@H]23)C[C@@H](O)C[C@@H]1O,5.89418602,FDA,DOXERCALCIFEROL,L,1.0,0.99794585,0.7812237468962868,84.0,0.7812237468962868,,,,,True,412.65800000000024,6.6118000000000094,40.46,2,2,5,0,0.7142857142857143,30,127.03160000000008,3,0.4986560295856184,0,1,0,1,0,0,-6.233913600000006,poor,0.1964728673333333,0.1383564253802448,0,0.3333333333333333,0,high,1,,,,,,0,0,0.3,0.7495968088756856,0.6666666666666667,0.4,0.3,0.5082123759960391,hepatotox_unknown;,False,formulation_challenge;,1,1.0,0.5851752223810575,2,147,1,isolated_alkene,1,0,0.8,0,0.3,0.0,structural_proxy
554.7220000000002,6.729780000000008,87.03,1.0,4.0,2.0,0.0,0.7575757575757576,40.0,5.0,0.4100424722853117,2,0.0,0,0.3783571428571428,0,fda_2075,CC1(C)CC[C@]2(NC(=O)C(C)(F)F)CC[C@]3(C)[C@H](C(=O)C=C4[C@@]5(C)C=C(C#N)C(=O)C(C)(C)[C@@H]5CC[C@]43C)[C@@H]2C1,6.75742579,FDA,OMAVELOXOLONE,XL,1.0,0.9963237,0.7829058539245329,74.0,0.7829058539245329,,,,,True,554.7220000000002,6.729780000000008,87.03,1,4,2,0,0.7575757575757576,40,147.95969999999983,5,0.4100424722853117,0,0,0,1,0,0,-7.387037800000007,poor,0.16893564475,0.0,0,0.3333333333333333,0,high,2,,,,,,1,0,0.3,0.6230127416855935,0.3333333333333333,0.4,0.3,0.4035704891723446,hepatotox_unknown;,False,steroid_interaction_risk;formulation_challenge;,2,1.0,0.5203669268075648,3,148,1,toxicophore:michael_acceptor,0,1,0.5,1,1.0,0.3,structural_proxy
327.46800000000013,4.1437000000000035,52.82000000000001,2.0,3.0,1.0,0.0,0.7619047619047619,24.0,4.0,0.4318395226667917,0,0.0,0,0.6227142857142857,0,fda_1423,C#C[C@]1(O)CC[C@H]2[C@@H]3CCC4=C/C(=N/O)CC[C@@H]4[C@H]3CC[C@@]21CC,6.27759552,FDA,NORELGESTROMIN,M,1.0,0.98452735,0.7786155459410008,96.0,0.7786155459410008,,,,,True,327.46800000000013,4.1437000000000035,52.82000000000001,2,3,1,0,0.7619047619047619,24,94.70730000000005,4,0.4318395226667917,0,4,1,1,1,1,-4.414832600000003,poor,0.26156648,0.9894314535732964,1,1.0,0,high,1,,,,,,0,0,1.0,0.7295518568000376,0.6666666666666667,1.0,0.3,0.7471988903733447,hepatotox_unknown;Brenk>2;,True,formulation_challenge;,1,0.0,0.0,4,149,5,imine_1;oxime_1;Oxygen-nitrogen_single_bond;triple_bond;oxime,5,0,0.6,0,0.3,0.4,structural_proxy
456.43400000000025,1.8984199999999996,,,,,,,,,0.2028957452803443,0,,0,,1,400954,CCOC1=C(C=C2C(=C1)N(C(=NC3=CC4=C(C=C3)N=NN4CC(=O)OCC)C(=[N+]2[O-])C)O)F,6.13017082,Natural,CID_400954,,,,,49.0,0.69020385,400954.0,CID_400954,0.99033713,0.69020385,True,456.43400000000025,1.8984199999999996,130.7,1,10,6,4,0.2857142857142857,33,113.33050000000006,4,0.2028957452803443,0,3,1,1,1,1,-4.2098954000000015,poor,0.1857627521212121,0.0,1,1.0,0,medium,1,,,,,,0,0,0.8,0.6608687235841034,0.6666666666666667,1.0,0.3,0.6565939504085644,hepatotox_unknown;Brenk>2;,True,formulation_challenge;,1,0.0,0.0,4,150,3,N_oxide;N-hydroxyl_pyridine;quaternary_nitrogen_1,3,0,0.4,0,0.2,0.4,structural_proxy
