Residue,budesonide,febuxostat,ursodiol,natural_top,decoy,apo
1,9.397954210869784,12.688883569308828,11.538460669764355,11.009843107836398,8.559261410215115,6.139283054558075
2,8.595390628761228,11.680873113658583,10.01320081865343,10.48515031303675,8.961323828016493,4.964720989125741
3,8.00108225739774,11.24299273509098,9.262936939480914,9.44735564751693,9.331476912432908,3.2923466286402743
4,8.05160889520634,9.908731645342634,8.54113233350528,8.878024244735025,9.311178430160833,3.3416455270947165
5,7.60404076188333,8.983888725823435,7.44036521366415,7.854454077514734,8.218026903657963,2.546858572385436
6,6.815694698059301,7.994577263656924,7.207226204666803,6.701867477530279,7.2438599750063455,2.1292871508381976
7,6.175621499410447,7.458780468133903,6.328308826295252,6.077073417986337,6.158440254559324,2.2683681488734075
8,5.642920350665719,6.8511615408317015,5.783549099659441,5.608147152835442,5.243738666549271,1.9867616385877285
9,5.27904836128566,6.586611208884501,5.2974089198365695,5.25784119266451,5.308971768082114,2.0328553747026348
10,4.72406419925543,6.015200433587185,4.811645038033898,4.749700469380354,5.1380067257336846,1.9037923276292246
11,4.27604610121357,5.301434266708394,4.745531971974891,4.453270517141875,4.34079684268328,1.8888612341984177
12,3.9985094998213664,4.840531797036427,4.036047741514246,4.233442872170651,4.135835728156771,1.7508908779914785
13,3.8565026325890623,4.625989672357079,3.542453651410877,3.93326673748363,4.535950214406737,1.7388605721664878
14,3.5354016332422646,4.2832569073961055,3.866862350358584,3.742699233834955,4.353712431320585,1.8500602700862638
15,3.1686955292468895,3.6905802793355833,3.6703520875915583,3.717503781526404,3.6041183052440826,1.8208430120071866
16,2.7978834862353046,3.1285425403850162,3.0748784186501807,3.453821035265216,3.7823685575147623,1.7011873320797295
17,2.914796260415643,3.1912342450471516,3.3594697435009078,3.3072535145524307,4.417412907176586,1.8670934911339965
18,2.938445555345602,2.9766064348067984,3.658384115502295,3.3527541757135944,4.326807413360212,1.9885734061112321
19,2.504159730526307,2.405006254254666,3.2350377411870075,3.4318805390144465,3.5508669933599313,1.8302712553550222
20,2.5251429693794445,2.2112079561439035,2.9903690689787914,3.4206873402179525,3.728081817414983,1.7766978532158841
21,3.024319916055205,2.4765701795757367,3.585837946599645,3.49617662269667,4.381784897314332,2.0538368226744295
22,3.1165031920378143,2.8719806327827437,3.9417365342694857,3.6314169169799673,3.4603839375275682,2.0980407592938457
23,3.596574158626764,3.451885108397812,4.660899183101738,4.02985329579935,4.959689601666401,2.2885197273637137
24,4.054224326050775,3.8907697110304773,5.359527816353141,4.532546282659478,6.192740439209729,2.7459397487569186
25,4.251944616527351,3.7877230827189847,5.642379252121749,4.8714018185561105,6.495839389405493,2.914316628833146
26,3.9424203619569353,3.255936454328284,4.912108138071253,4.1065825147230735,5.893490949826297,2.526165455377369
27,3.585936794259272,2.9989397259715065,4.572270845666271,3.6031741459109488,5.1962918312033475,2.796648518775014
28,3.033376158503106,2.841901628860967,3.7741350047339783,2.989967106835349,4.2109119986984425,2.635595695658248
29,2.624214208453853,2.6444053348645795,3.4048790895823764,2.766535695807814,4.17868714122626,2.277408353553872
30,2.6608822671834105,2.772721465229109,3.5727605238867555,2.728440025966234,4.52479933218433,2.4073638127126675
31,2.4912714066045187,2.664482303699401,3.492709344041856,2.53772682644306,4.395982905214914,2.3793944180353983
32,2.859585738271193,2.9499802734819656,3.868059773133929,2.814084140897975,4.7077037706019595,2.5378240890659365
33,2.8153095920824023,2.803075973231431,3.6819014570566893,2.7264098855389967,4.4746201074619325,2.34911935129677
34,2.3892754607966644,2.428708177186905,3.223719541474113,2.406779247615737,3.9431667619852457,2.0111447205924278
35,2.512524271049594,2.6036367752886003,3.4482304880585364,2.5216475640265,4.103668721158914,2.137025760791106
36,2.789070168353106,2.7760960349157937,3.667655665784787,2.6929622581462134,4.344298161692165,2.2956302323517157
37,2.5823752477804276,2.469206167273377,3.286923946691553,2.472994140812191,3.838962415101726,1.9920400613605624
38,2.355141279226014,2.284481671407464,3.038666678812136,2.2682574321260938,3.4086684964410208,1.8755919843471018
39,2.443681434423469,2.4412845749022867,3.0843250833799503,2.2371755180101514,3.283887909839307,1.9095574204597061
40,2.3184513952183265,2.2879570045438773,2.8862686137144435,2.1168430328693195,3.2051740346963453,1.7228741722575605
41,1.9820439812127848,1.9462808393383006,2.54182803844576,1.9508038673526293,2.895710992461202,1.68393061166478
42,1.8600733292902036,1.9350474793086796,2.408470514507089,1.802077110286174,2.506084791148749,1.6202307121070338
43,1.967715723898521,2.032123295270748,2.3916882234147265,1.7551243217497532,2.458119328291781,1.4674552634666471
44,1.7890669371001173,1.8578757920425784,2.1383279223968086,1.6889287114709768,2.4963519264963785,1.448682419753256
45,1.476168726827842,1.6132303690411216,1.8484958253562238,1.5248888583671987,2.022695959698962,1.4641762457165985
46,1.5392322835789545,1.747220309999144,2.17434343432005,1.4481126108591764,1.753479553068292,1.3529786641004027
47,1.6347511440871971,1.872996460552048,2.3110040511292316,1.467520565764814,1.9813556716309775,1.3268721064810385
48,1.4914786257706047,1.6217850068581836,1.8930076699084946,1.4629197572479438,1.8812765375275011,1.2330697883080046
49,1.1872435878104524,1.4578413127245984,1.5666894513616754,1.3824455944724636,1.5256006133875055,1.1342644160203212
50,1.0247144006191526,1.4574168887367833,1.4192110966214047,1.2527219508914398,1.0896316984458843,1.0967002651862152
51,0.9450120167250544,1.3198922659260657,1.3451124963321153,1.1452404132908507,1.0373269998926118,1.0826556992617409
52,1.0675990416278698,1.2484100925802786,1.4660932981733594,1.2244074284547424,1.3635681347448083,1.1910242127574757
53,1.0374056780688405,1.2361837710036432,1.5000582235139834,1.2174093862635424,1.3549274267943134,1.1806326157556581
54,0.8606515782738414,1.1756644027243717,1.3198264257465844,1.1088678276178012,1.1215619285958816,1.1561846905033037
55,0.9594489919833893,1.0926696865867578,1.3289696493736265,1.1850790188617324,1.3231753167278733,1.2221384010743845
56,1.1264470749217568,1.2534371675641314,1.5079874182271098,1.3273636767055639,1.7457464993131642,1.3292286447869337
57,1.0583518252173076,1.3161320884296714,1.5385067262216794,1.3113332371773767,1.6438679428482326,1.2787450378072456
58,1.0518052068032173,1.218764655702941,1.4161704854887842,1.261305388458442,1.5044351632188762,1.2804830668582443
59,1.3198271443927991,1.3310910369229652,1.584405003835151,1.4002601841358502,1.9174973527220927,1.4047569081398052
60,1.3975438876206219,1.4859815967314678,1.8222917361493545,1.5280276768536674,2.1724239578286926,1.4227597299342996
61,1.3434423062154088,1.5063222884238148,1.8207827969489465,1.4681243752168627,1.9734942012510954,1.4220705248058672
62,1.5023082139032382,1.5141130106856633,1.8031700080318738,1.46890088466256,1.896169505439288,1.479226498931378
63,1.729884098610513,1.7101987285598768,2.0337391663015363,1.712074725171824,2.433803527298259,1.5910186339039851
64,1.746895922296624,1.8751607973584192,2.2429361073783913,1.812757260304508,2.58434350570655,1.6100796419617334
65,1.6746902862461621,1.8632790739211458,2.3046999773224015,1.8534327243583528,2.7972339705259044,1.6219299164078467
66,1.5659740653511083,1.8177111978233258,2.225388503237973,1.7407481858252485,2.531832770641453,1.5280568769666445
67,1.5812228315816244,1.9560093960026235,2.46903665046051,1.8476175391129377,2.6339507895763887,1.5495651828417147
68,1.4082702941820349,1.825415194673796,2.2822830394798537,1.7375971085651896,2.3331794600097373,1.539689324941775
69,1.5622128775809838,2.0825812063696536,2.5747624652113443,1.8979621853225896,2.6690864311347076,1.6226400972334565
70,1.4751879644377437,1.953842695962682,2.445749850422093,1.7696312934165597,2.4894067396444655,1.5245129938742332
71,1.2080838206966442,1.6658299875281903,2.0102752882218944,1.5558057036457413,1.9469176833643826,1.4366753496015245
72,1.2904246148219458,1.8715261854218335,2.148494373690156,1.675014154168115,2.0360100181903062,1.5422868564149317
73,1.340295298141031,2.0394631640330236,2.176190754848942,1.7071321799582009,2.2455243499816415,1.583282829495733
74,1.1495822038009251,1.7583370484908103,1.8718842249164656,1.5249124179320013,1.808819297064245,1.4352743780207926
75,1.0792557510439085,1.8780136403870455,1.7647623434168072,1.6199649966201193,1.6836151147487433,1.4758657767889574
76,1.3271164696842552,2.363431178070202,2.006501222785779,1.7681271869435358,2.1273180966503173,1.7897212031208052
77,1.4968566628050244,2.6166372826215176,2.1414740977491733,1.9661344273043315,1.9971141118255344,1.8492765410856276
78,1.7250550576793762,2.7138024644342136,2.233014729061511,2.0499020548139564,2.0953734870441845,1.872410903281353
79,1.5795456772436456,2.19182911112804,2.2344128802804333,1.796217217293968,1.723916625029361,1.6808229968865258
80,1.5614657314703404,1.9193126179477844,2.1271433941410898,1.6569502021653009,1.3418125090038726,1.5536024643134152
81,1.4014181455352304,1.6626475612044362,1.8673433547821485,1.46810023868487,1.2786703723295587,1.3508143723231902
82,1.57015045624557,1.8533210704308474,2.182376284222061,1.6104815166468232,1.6315697161207847,1.5159617173952649
83,1.6019636043738135,1.9532120507489321,2.2869680332532596,1.7143456223900417,1.8437663266422133,1.5475276933159305
84,1.3619908606999116,1.7333605364665654,1.997762881125735,1.5827958163930251,1.7280743460617785,1.4258902193616205
85,1.4428966532774863,1.6628349424367175,2.0420065231476894,1.5898760378873373,1.9343333151263264,1.4437367914744101
86,1.655450560881387,1.979932998930907,2.4423352991027047,1.797545144324283,2.3641515343383532,1.6151723715257005
87,1.5231162208210227,2.031697771295568,2.421009991421606,1.7885230753327146,2.4033058109390746,1.6014057917085749
88,1.427344730732864,1.7816217747797065,2.139027373396266,1.6656273535270998,2.3070090494698627,1.5173899239072313
89,1.653171947639697,1.942371289345077,2.4502794050444674,1.831382645193828,2.7351901723042307,1.676303247701997
90,1.7583187354584318,2.272421110216049,2.753019527458852,1.9854598122899467,3.071837444096817,1.7736436769650386
91,1.6162809598058328,2.1846108013385996,2.5911767841271747,1.8977715401261843,2.927581255435716,1.698225465275357
92,1.6942987162058956,2.077045052385811,2.569912050161198,1.895688341498227,3.018205095326819,1.7373032889581592
93,1.933410294650636,2.3624184059708764,2.9442508446333737,2.1152049760278477,3.5181719200133514,1.9319360905623124
94,1.9836510981821285,2.5732438555548525,3.088188223239239,2.2500146852430203,3.6741194944858617,1.999629998403736
95,1.9809636413261777,2.441311370306217,2.9495251622013896,2.2148969370116833,3.5125230365823135,1.983687481275522
96,2.195452893675232,2.513479521362781,3.143789552878978,2.347017308230819,3.782080034714228,2.1045031379286843
97,2.319716803116103,2.4671909477588803,3.1260404002218203,2.3543477888433277,3.842618227020527,2.172602334778661
98,2.180729966849024,2.3052207817820074,2.796120034344917,2.221806695684349,3.551014516902575,2.1180638347495147
99,1.8799661768924796,2.050826323968744,2.5531922864920378,1.9701613829394773,3.1383318132278837,1.8289083612087327
100,1.9725801640547962,2.0837858115135237,2.6850680391671093,2.0249935914434904,3.2397540074573965,1.8667887520706303
101,2.0841172802191164,2.098948872472961,2.670741551759098,2.1034256629182697,3.269353723371,1.9312401171876687
102,1.828898588291498,1.8369632024629114,2.30248780100105,1.8652029471329028,2.809119747190248,1.748311603693161
103,1.654484023088994,1.6915326586430401,2.177864678068817,1.6925678056123254,2.6386606738936256,1.599127440731588
104,1.8584505643279876,1.8179450797786139,2.3744826810489283,1.8887011254726467,2.8897041374546037,1.709958846762727
105,1.8242384000221683,1.7860509849600457,2.2565798259983656,1.865166618976578,2.685182745823245,1.7382158524913973
106,1.5227034808512443,1.5157160432241499,1.8948226537780937,1.591566669483014,2.2726368638351415,1.5756473861005493
107,1.5621733054524805,1.555188299236935,1.9950261514151009,1.6677371403600771,2.4613462077420865,1.5416865516082856
108,1.735255060047871,1.6975040955626264,2.2454355362417044,1.9548995643658913,2.6072488864529744,1.716266757164141
109,1.5880780801438588,1.5842504580480947,1.9853159372361608,1.8124113552773917,2.3743389858664354,1.6385529225993847
110,1.4235470025797163,1.5412559518894582,1.7989775713763259,1.6787735031440263,2.3179235198998422,1.536940929396471
111,1.6591642957744905,1.6948106607126832,2.1273863186810233,2.021815627060429,2.6109642775110533,1.8412958655093163
112,1.6473245414485662,1.7601539686093826,2.19900361114086,1.7969821406028583,2.6193175733550222,1.88623906858615
113,1.5348320628385945,1.8086551360186494,1.9043101654202133,1.5630556534999336,2.633342290609606,1.6638186288061774
114,2.2452811347179016,2.0294178997903045,2.1956299321898007,1.6659630396096456,3.018525918306148,2.0237108532757513
115,2.516031989377993,1.8921902271103008,2.5499470467879317,1.4833835645981368,3.2080535018834446,1.9362721831039447
116,2.360394524665573,2.109074570572899,2.806583236179968,1.604822454077965,3.2689469821128885,2.3944095617549523
117,2.2443649436217212,2.275448898179189,2.9034951699318383,1.7446528982667233,2.851918631813102,3.8351832983853584
118,2.3963473645029105,2.4552461937429757,3.3347133205134227,1.9501478950939255,2.689702140129459,3.3293442507521247
119,2.5749491531669113,2.2582886706650114,3.0639979428567377,2.000799921725013,2.5615717316491997,2.979568387410537
120,2.5005952028274385,2.2239505936042057,2.943071742628499,2.392448885383091,3.5461478708578573,3.463397689199836
121,2.3128351610130298,2.076721125153924,2.919010152818648,2.899993077818308,3.355634586132114,3.2907915793180367
122,1.9236381220655303,1.74155195601696,2.286387259649668,2.044799241319313,2.05167622014242,1.971930261290333
123,1.918962129738553,1.6617137070210994,2.2233685009820037,1.8360229125796792,1.7841700336667663,1.9360227246440718
124,2.1900951321925595,1.8500327325949801,2.5226512678342874,1.9558613825545936,1.777923701143421,2.117990745809044
125,2.1203470993196216,1.7966860370693152,2.611135439516693,2.0553209084639126,1.625025895692144,2.100551061212589
126,2.35464275815792,1.9505119719023571,2.944307599130062,2.097241699288656,1.899619452518444,2.400217283064513
127,2.323841546679567,1.8431468492013228,2.8919020423481308,1.9345651248308064,2.2244381832773596,2.293106080184194
128,2.5210450427940345,2.1095599574180777,3.211687102593848,2.0692882404705837,2.7489989728772453,2.496673821049101
129,2.248077763923518,1.9524413350997898,2.843600431540643,1.9079729264727503,2.6461202165521938,2.2921411748315372
130,1.9429911910281301,1.75230327727355,2.3335880865275827,1.6581932027081827,2.0571202824236345,1.8938527886112277
131,1.8154881154345588,1.799645272010645,2.242780630861318,1.6457255993081414,2.0732666621018043,1.9139188612546874
132,1.8141029769569925,1.7500429046233064,2.3459387216477188,1.7053761445613695,2.206898432075889,2.0098074902108705
133,1.7528735841794731,1.5607791198093282,2.107172428302586,1.5820320940804427,1.9099001348325657,1.8116064498475968
134,1.5479552246964776,1.4219400025840085,1.7786668032640949,1.4164116609045376,1.5932835771634783,1.598439904446061
135,1.4860381089694084,1.4301954883607968,1.8331940017472423,1.4636295253415461,1.9301702736599724,1.6582456403324224
136,1.6015516463648123,1.4825479609903889,1.951958186644955,1.5534011203647198,2.0588280171687545,1.7413412534258137
137,1.4874902866275421,1.308833904885134,1.724714101049394,1.4137872947466548,1.7149529992148245,1.5359483992416334
138,1.236477564450649,1.1939209362654035,1.4599108536252565,1.2421418732891008,1.406389917521235,1.3655933819741852
139,1.1786850926550085,1.1119863824724583,1.4250287079382256,1.2393184148688494,1.4932599077578133,1.3357153338580843
140,1.3052129811151734,1.1399678207454642,1.6089543649505174,1.3212253138476717,1.5607889024209491,1.4409430426173684
141,1.247992529775056,1.1043945902256083,1.5512141921213984,1.2211986259491674,1.2372008971436779,1.373592686159244
142,1.0576651698431316,0.9828094191970654,1.3615441772276988,1.124413706186168,1.1616954985136314,1.2709994974117589
143,1.141113527761277,0.998082134958102,1.5731032796053335,1.2075852099354403,1.4654405575167304,1.2830012166235356
144,1.324767220320422,1.1320032573087258,1.7632836511957606,1.3141208138597824,1.5118697060893456,1.348689763144317
145,1.2319631603273176,1.1530644521189848,1.5905542142657374,1.2340368979429943,1.2399915602556781,1.3093229425546515
146,1.106044844805748,1.0852557960912248,1.4738210543028274,1.1763182859326182,1.2033046694432514,1.2212334000275018
147,1.2942800686183489,1.2849230156841973,1.8274024000879916,1.3971239046510995,1.7318721156968617,1.400320315332892
148,1.4023391921475714,1.353611061478091,1.953336551179004,1.4543785799998625,1.6071229353499283,1.4247206060300939
149,1.374818817227285,1.322468276651059,1.7696520510797207,1.3231077386025782,1.45965194352357,1.3904471339793543
150,1.5304872913733307,1.5614997949390226,2.130565413595128,1.4734268506911403,1.9258617028694722,1.401147246704792
151,1.7272782235651916,1.6783547342519156,2.4034433439019343,1.691304427668958,2.087770037560565,1.5382874469592076
152,1.6502773366904118,1.5855621257551087,2.1554385117552126,1.580086083853832,1.8117347477625334,1.5441392085536036
153,1.6847920935908387,1.6293407083648308,2.2294381183900978,1.5859906225966105,1.8845534034277343,1.5505530825163958
154,1.9701341470338136,1.8339234974399965,2.701614224302015,1.8711028256705458,2.3690482443009375,1.701444202938101
155,2.055430418402336,1.8968473737850429,2.7421072580305292,1.9200151927364522,2.3697918648434246,1.7464190472355234
156,1.9896568052110315,1.8582179551500466,2.5660539532580473,1.8344451730067082,2.2343930043241174,1.7258717197345808
157,2.1638504703965773,2.0185463338999723,2.8348409418782956,2.0048845044893757,2.5738876501606334,1.8299345233468793
158,2.409149243744912,2.246457790319376,3.1797228003999223,2.2638449174056294,2.88245687788119,2.0232942925711987
159,2.4390379971234877,2.2863174678690985,3.1259231390451028,2.2380978453659437,2.8173773250192413,2.071552529841803
160,2.446344689521998,2.318232354498664,3.1403624375958246,2.2558233184582237,2.9191323701735756,2.0632877878840894
161,2.188283287328814,2.1301389292708865,2.840260232798291,1.9742105633283717,2.5603707796961217,1.886464703523474
162,2.0693143383070947,2.0494027928198437,2.736602965859797,1.9555888265076156,2.5212495990488137,1.7849126554599628
163,2.2850173370932194,2.2049614033403575,2.924174521645758,2.147481580461801,2.6758267070632042,1.8571849083895016
164,2.245869654360272,2.236484124480283,2.845049201375456,2.154121675185227,2.6720864733527483,1.7790662827481238
165,2.2607032501732744,2.27166970442965,2.8095202322384125,2.102161920926959,2.5098110455586453,1.8472443324931402
166,1.995712426822876,1.9162755212915485,2.4474423484496914,1.8268550557664376,2.2614810460892336,1.6966790475815405
167,1.7742658398384439,1.7361478115684703,2.2068369626438518,1.710177097972913,2.1457716449249458,1.5154358973097488
168,1.8248347745860085,1.8826546025497441,2.2689692820878062,1.8066285468180394,2.1434154835329595,1.5324128996672475
169,1.7226451066456068,1.7859452338492539,2.150307502510811,1.6833675860151622,1.8676134277981469,1.5078463067814063
170,1.4497454039745896,1.4838191863293735,1.798627290829068,1.3953231317521597,1.4988109532953455,1.311898361700044
171,1.4582116576542343,1.557987269581872,1.8931176081170067,1.4835546479426458,1.6476802912116808,1.2949494190722115
172,1.4930422185997136,1.6953225423824378,1.8615539280773958,1.5362420272212454,1.5187114519944123,1.3296401325685046
173,1.4851375219595848,1.688674588195375,1.8632432342495087,1.4397227713209997,1.4718924584631345,1.3051853352874758
174,1.3583003654597892,1.5942452084113012,1.728597254270935,1.3599228703800164,1.1989218751049238,1.3618039079080713
175,1.1569529800579297,1.2730698544880996,1.4741157680623393,1.3063942788800151,1.0186464050898933,1.2395923571290888
176,1.0235400370706038,1.0538971876177394,1.3345810662623476,1.220640191679144,0.9116868892549321,1.2300744054640858
177,1.054424511471778,0.9894985639405576,1.3917263081108466,1.13952267860028,0.8691902823766002,1.2569359458487759
178,0.8887332232519661,0.9036194567697953,1.2319495393104203,1.032534077409002,0.8715116948861136,1.1747185887081408
179,0.8996176579883954,1.0214408124613386,1.2582488510275052,1.0360504565780533,0.8420693636720195,1.1116053394081897
180,1.0629142972661743,1.0976890612465988,1.3713759974268156,1.1167917641668608,0.9121158506918847,1.225598150622229
181,1.0379782814051692,1.0144560519438306,1.3212332457754359,1.0636476345805101,0.9296115932840128,1.2657644049585586
182,0.9616160323039374,1.0719045856766574,1.3072700461846087,1.0443652332652174,0.969728499832765,1.2649285239363623
183,1.1248378108509975,1.2417291078340476,1.4930691940931495,1.1551336312721427,1.1532109112388353,1.3468050727240046
184,1.2844724744448353,1.2865453693762634,1.5793779559345753,1.1944477189734704,1.234817029024689,1.3843003572922912
185,1.2674403816440267,1.2930937495732546,1.63133409012066,1.1648067181626722,1.238881020967606,1.4418633940595138
186,1.335985121595355,1.453762130115413,1.792893627619006,1.2726900467268725,1.4835216875232373,1.4590284176271107
187,1.5308331130034223,1.608930437229154,1.9351681770970555,1.3994214059504075,1.6609606533452677,1.5637960345246136
188,1.5944819783103874,1.6393985590763307,1.982630128165799,1.4113171298477052,1.6663559398108625,1.6754472863171848
189,1.63527998072304,1.7691775521177606,2.1836779465513825,1.4802066012921318,1.851097736815181,1.7866596016918075
190,1.883218316319754,1.9869945134060834,2.466308906965734,1.7207838971394551,2.205072698689714,1.8443791791175548
191,2.096206542453381,1.9982305457555942,2.53066577614233,1.8155274615359058,2.2576760314193436,1.8119796091432854
192,2.2229178290193627,2.159688863068632,2.848895147221667,1.9796320458499501,2.312990457472243,2.0411341645735512
193,2.4461402932028937,2.2489034003135586,3.0062876613497544,2.0024837963970983,2.7583000261128854,1.995382817230901
194,2.29687536664191,2.0940575564915673,2.696827158295532,1.8933816569533752,2.4564847739547178,2.0061006913265333
195,1.9632982622586643,1.8013120502274926,2.301805699943804,1.6518501567780453,2.028258921472023,1.8006954944787263
196,1.8057713836526315,1.6944576378405436,2.1127511511911887,1.5376630015786896,1.7991743330758339,1.7359140428467428
197,2.0172705957750656,1.8079476130571794,2.3440902864651316,1.6583442249422922,1.846291071280013,1.8840243342641152
198,1.9926903040147679,1.7657732462043627,2.365410319569285,1.7076944131843004,1.8121057308456157,1.8456659161239213
199,1.6949260998031752,1.511845247181382,2.0290652341021427,1.5671784770655506,1.4830203022642305,1.6185715181165081
200,1.7376557347076484,1.5195532226374464,2.0952948074734903,1.562039855978112,1.4045876265357444,1.7153247120354393
201,1.9533671307280545,1.6711535884505597,2.4083179623803512,1.7213034535740253,1.5387992209227286,1.8030782643961054
202,1.8684809283372612,1.5790086293694559,2.405243993714452,1.6760740890459536,1.595779346276245,1.6625820983282524
203,1.5996202230233265,1.4193015746498083,2.0731490272173594,1.5066126050148219,1.3932422085106606,1.5656428920195484
204,1.815220580743265,1.6799073483345917,2.3731240932841975,1.680937634908067,1.6830164786049397,1.723667074128601
205,2.01411965717848,1.7931658727727422,2.7386555753654704,1.834613002823522,1.9926177267072815,1.6724340793999548
206,1.7769122103658475,1.6265787002193683,2.5523663085716333,1.702852633103938,1.990139339501232,1.4316698822486513
207,1.8137931058481296,1.7440691441071043,2.7832007550493163,1.8491770215253451,2.3845691302541416,1.4166075823149522
208,1.5922685765776199,1.7033098997565599,2.538419756344371,1.722382001940587,2.5656781111903397,1.3711332507458207
209,1.5574839526213282,1.5959087996827694,2.2567171881968298,1.4899911260656635,2.3485722125396724,1.4412203601729903
210,1.6072172510101632,1.5758444526613349,2.4276663229591464,1.4451826870642737,2.627936804308026,1.659703546373905
211,1.501984339004407,1.32029926293876,2.2581372258214727,1.305608050231804,2.5784720330031834,1.6330897417871153
212,1.4772318012064825,1.1691087723783056,2.105514348762718,1.260901635878627,1.7170678261176433,1.5953523424141198
213,1.4771563735801811,1.1165300600226356,2.05123888951953,1.2579718187954991,1.5733391385612994,1.6544368025738951
214,1.302255077546092,1.2138072283773942,1.828985020829661,1.2111313832429296,1.4683930349435814,1.382632117782715
215,1.4799311530858166,1.3226956858924392,2.02094668779085,1.365729787591871,1.5880802368173115,1.594996391745032
216,1.4701383172952918,1.289090326760878,1.8156363190150602,1.4120252253539547,1.5380483658658783,1.5998120594330072
217,1.3895650914141477,1.294312206917094,1.7916543404063425,1.3090043053946028,1.4870584379782532,1.4250665793769042
218,1.2761145575076716,1.2488965445005413,1.5724332997524932,1.1828952097283139,1.4263384466915872,1.1693841555725888
219,1.1253898472180432,1.0823024982755258,1.3934254854927868,1.0383379717609607,1.3128861106447485,1.0472323459341253
220,1.1604393579335062,1.0902700011589566,1.4864350460313476,1.0644518830547136,1.2806526466006634,1.1325172198982036
221,1.1833721027435993,1.1277429124790794,1.4614358834019583,1.0440317967889186,1.2673471129861165,1.050365879443298
222,1.0198383520911491,0.9937849253313892,1.232649101282436,0.907404459786803,1.1860333934198624,0.9010674162657085
223,0.9836577438358489,0.9692423541894338,1.2167242308312054,0.8962151183299554,1.1550345280800953,0.9164910333536083
224,1.0478411144859263,1.0191483372479269,1.3040311773950986,0.9604992387760535,1.1305634778007643,0.9761510699881849
225,1.0062973309680268,0.9838953052816185,1.19047969525119,0.9305511048943659,1.0809111415518053,0.9145636969134862
226,0.9105594260728346,0.893845375701091,1.037259164358668,0.8583739430190636,0.9722008580588075,0.7905579374148284
227,0.9327825648301795,0.9349462357959427,1.091309074709061,0.9005214627602739,0.9880958833479476,0.8310448699039602
228,0.974528919263194,1.0067933673785798,1.155860037694182,0.9753452530598153,1.0277206849018043,0.9482202830538797
229,0.9293345391180504,0.9676262734125721,1.0866266269811946,0.9278042924847516,0.9778361235568915,0.8670848117998515
230,0.8633640652800182,0.8835363546668257,0.9551427076724076,0.8390447040258361,0.8915170354580473,0.7850585886371845
231,0.9353228928485479,0.9521023788542139,1.0344069849362192,0.9021134535912118,0.9409683362603438,0.825613900464635
232,1.0553787646898898,1.093250329785224,1.1524313255266996,1.0171229047468253,1.0892969750817598,0.9278831824274056
233,0.9997155966155868,1.0150614796301365,1.0486110002889963,0.9224564640527019,1.0717842568090463,0.911197489503492
234,0.8804329061848719,0.8614843036510077,0.9552317842954691,0.8603589896729283,0.9059488311878456,0.8560815350168697
235,0.9523408781059186,0.8774926255095347,1.1971697687262095,0.8938970080363887,0.9666850067949566,0.9351134367138784
236,0.9435159428261003,1.151390995821547,1.4369073170343223,0.8919829119766053,0.8576969750944841,0.8588755880314453
237,0.9966075855223065,1.1760103460637474,1.5430577922735746,0.8751290153726409,0.8404285673777602,0.7350356780348914
238,0.9215197189134644,1.3541421830171156,1.6180382250439385,1.0377143406713958,1.121084711209105,0.8262331246072576
239,0.8696101882475734,1.2058279007438866,1.343094435326148,0.9604698365241408,1.1201337220201517,0.7308621811258688
240,0.8898310114172411,1.4197862960264196,1.3022784473768987,1.0939717768374655,1.8489760336256913,0.7466676623898314
241,0.9980484261703348,1.7107233432968973,1.2367799894960776,1.1700326072761362,1.8602042810883306,0.8053379036303363
242,1.0846166774894692,1.625788434311903,1.3264173446225915,1.4447955608018777,1.8294119536220472,1.2128212733150134
243,1.0887089577204818,1.6104665058919043,1.6722440692931242,1.4616421056078917,2.116523687761309,1.1308716392014213
244,1.051433858953695,1.4736598128094718,1.6192512393152423,1.3001258290173314,1.8194539144721014,0.9660378443036713
245,1.0456181260553332,1.4097070693887768,1.7813456308784226,1.2700823879833025,1.987383974662417,1.163475068660903
246,1.243715725472499,1.11817337580269,1.7479274989635203,1.103642624702868,1.5025876965549412,0.9389470989165319
247,1.0721805358970757,1.0064247360659044,1.4512237490616735,0.9874096293455502,1.137646587443126,0.8693442574425624
248,1.0063927290858994,0.8682156481899964,1.2511918000160607,0.9088669451668271,0.927902117505078,0.8795236184822435
249,1.552696981174255,1.0754562526286995,1.5122949850530827,1.0041940605239728,1.1856544430917246,1.0380681024173792
250,1.80940875431988,1.2033237596606863,1.4508705618270505,0.9825762758201356,1.2722260455564438,1.09844058304367
251,1.5219235458202898,1.2057856924468502,1.3574381322947477,0.9067959087551817,1.1355237922801138,0.7891562432832769
252,1.2526388555316414,0.9817894254190994,1.207133035600849,0.8917750088599444,1.1683041801585572,0.8023897644697748
253,0.9786422101370754,0.8840007801027965,1.022458330479821,0.8887634880843492,1.0761367953631165,0.8469634588413059
254,1.031776017977099,0.86093596306594,1.2039384845642775,0.9437493182873701,1.024272715229435,0.9896518897862611
255,0.8309023461152435,0.8277470192743493,0.9233182921159221,0.8738671294031843,0.7675478998776101,0.8786959663736262
256,0.8570128571696335,0.7891224711997825,1.074660207376542,0.849407357112454,0.7726084193686156,0.8251137926660936
257,0.8216651331178794,0.7926237185388493,0.9920813375336882,0.797333222864265,0.7643788262460924,0.8376741436659989
258,0.8638755342849463,0.8230506224127657,1.0930347353569891,0.8296711139081564,0.7680411999304643,0.8948344207780857
259,0.8894306219483558,0.8726972053658865,1.1924003343301388,0.9487483640097659,0.8259697185841773,0.8917462803459505
260,1.0272114329368467,0.9688483098834594,1.1314533640579831,1.0802456036402035,0.8152984396452309,1.0274062076653456
261,1.2700230898228526,1.4449591647617848,1.2638178017106039,1.405191338862391,1.4872941928790573,1.3143070163579336
262,1.857740221592543,2.0468007755405333,1.6320487396143724,1.8752087351824323,1.5209019178494874,1.5381433202299637
263,2.078781921600935,2.3839405744006346,1.7704575221159171,1.8510840618934823,1.5278963115094306,1.9462768072178371
264,2.7833686077286792,2.7255188210196732,1.9190069909936245,2.0426001655890125,2.026391168720728,2.201154408729808
265,2.8783315228169553,2.492853188877747,1.9389242079495708,2.225523988445993,2.2972235423327723,2.28448480979945
266,3.3162883465195443,3.0497153638209156,1.6944363731102865,2.212567284728541,3.112785922956044,2.8335783192765533
267,3.146688690788565,2.501458114480133,1.8425347382895427,1.9207689341952678,2.6602481148720845,2.709054309395491
268,2.7541621228166187,1.8733512828924972,1.470961140731801,1.6034165106139733,2.118465798757853,2.607114472810747
269,2.400831375518355,1.4951700223214983,1.2840745090504868,1.5216510873575029,1.8651866860008348,2.2513682763510734
270,2.750787490114821,1.7707348545861359,1.2862288216059614,2.0111748485194627,2.265905802467201,3.2411147402306497
271,2.2572713219332634,1.8104173426138255,1.4481992191691149,2.0341789010108444,2.1591433343864335,2.4521844759383966
272,2.115387670012479,1.448030179718148,1.4324961216546501,1.85785816845238,1.5114554293204325,1.7851662265101584
273,1.857990027208653,1.2682261992390034,1.469779272989885,1.5381882706991081,1.100443724773384,1.5943832775827023
274,1.4213056586063395,1.2426400720054682,1.4343389527544845,1.37235919048366,0.9070096222676272,1.194995029462156
275,1.1448085385671634,1.0701293165735855,1.2353019553161226,1.1423221989894146,0.8676490950525683,0.9644104454025814
276,1.0151771602811164,0.9372490578450184,1.182977194643698,0.9170587604397653,0.9385385829635053,0.8943054153189732
277,1.3093536534848071,1.1053808408993626,1.3089080103330848,1.0440601167954289,1.1174621461774532,0.8256093709248065
278,1.1713505566947175,0.958489558098185,1.297517166310761,0.9906637514652443,1.0399798413157384,0.7470313244325518
279,1.3383156436728456,1.1281035070900354,1.6774173075390764,1.2127776352121875,1.1428344117470877,0.7996048226711395
280,1.16777405125416,1.0437063374217819,1.6122230154629014,1.10431818463049,1.1070581888924411,0.7905548906839518
281,0.9995791278041292,0.9123794271715017,1.291573697199239,1.0452561347322613,0.9871177586439184,0.687561352140787
282,0.9862329769934961,0.8885808579663798,1.367865583956999,1.132339911376506,1.0092724279530376,0.8003075994186803
283,1.1635496692938088,1.0534812758895205,1.4930413589022493,1.2133407658206519,1.136400506216211,0.954466997006182
284,1.4482499475106791,1.1714780400981697,1.6386157513099906,1.3215308413257814,1.2187908469533342,1.260850387793062
285,1.3952520388954277,1.3342781243196689,1.761330780931089,1.5541913100045603,1.3420380353277817,1.3576344314559692
286,1.4891557510297664,1.4568733425717062,1.6172084432323508,1.6998222454788463,1.2465645009006552,1.3741918446896346
287,1.0828692855165318,1.2008703728394619,1.4090069477408382,1.294589833145152,1.04187236100847,1.1305939579666955
288,1.0965135084627604,1.1865629360470704,1.384899501830197,1.3321675610037407,1.0562117464958138,1.1769046551113744
289,1.1398512073638436,1.04210845281835,1.464717687603392,1.2968148649570403,1.0953174336871374,1.2020222777431326
290,1.187632079197044,1.1525025092982684,1.6765905165834074,1.375382925912983,1.1894913632840944,1.2928094379793726
291,1.1572607834821185,1.1662579397211703,1.6737187419646453,1.371446241027825,1.3888441073422122,1.2852874696143286
292,0.9485677247250891,0.8394333356819227,1.305219511514238,1.0498884000506974,0.9776238285815827,1.0295929489688398
293,0.8801216520504221,0.8411934041977974,1.2464484044363584,0.9921669016664518,0.9614276417232049,0.9373540191563514
294,0.8241373194930522,0.7914304014436254,1.1008024461688926,0.9094715816259537,0.7655425198034757,0.7424881716056068
295,0.7773067293544144,0.7437963198252571,1.082407163030129,0.8448358621390971,0.7014415270151858,0.6933202765244367
296,0.7545890410031545,0.7158874095845045,1.0456561426952886,0.8144339389335657,0.6894010433804191,0.7010690426729177
297,0.7199771978620372,0.6919875968969059,0.9916653587103764,0.775662756339479,0.6473809735117988,0.6249016469123759
298,0.759366030983978,0.6870587928827897,0.9824601755565405,0.7932707183777624,0.6123948644448837,0.6394267079400878
299,0.818628473750397,0.7291448820695514,0.9493435650229575,0.7968697832674984,0.6155404908679036,0.7269750642824878
300,0.7380111579416271,0.6456328822096791,1.0001067168004578,0.7793782157995528,0.5559459526391628,0.572303979702461
301,0.941012420584547,0.7531845587860336,1.1901753647341478,0.8935016144395473,0.7331722269542379,0.6366278824586247
302,1.0197549150455056,0.9663621475318286,0.9477035779399202,1.0719356060122536,0.7566960808382666,0.5752291218467535
303,0.791737264427994,0.7664184659038725,1.0140158913114898,0.8733289494076676,0.6424355373711579,0.6289503769722183
304,1.1493023147840307,1.2452836866624082,1.2712026309604132,1.0773490617959816,0.7844397673420929,0.7541939864276511
305,0.8672469053831202,0.95539664980764,1.0673653000596979,0.7948002884493087,0.7554376798475115,0.6887926751826576
306,0.8356417109008669,0.7393691578515892,0.9832669738782208,0.8024109274432453,0.7111788229613617,0.9182957912991815
307,0.8837167148229989,0.8011756241409677,0.9334113684056654,0.8399257069240981,0.8235394981452855,0.8847361025304298
308,0.8986961900636569,0.8277104166373498,1.0508593614764152,0.8732128220826727,0.8540113185205295,1.0540580485631608
309,0.7854375121888818,0.7569991442593406,0.9620522353729172,0.7761939853035494,0.7876484241737692,0.9581481921414249
310,0.7335511652658475,0.7729889875656615,0.937977683463584,0.7488989621100949,0.7921267250583927,0.7807213622064124
311,0.7746942075649296,0.7909374059173708,0.9987380262040869,0.7660694845228336,0.889306630801781,0.7746217876959152
312,0.7828132259681992,0.7936700462346521,1.0205211893634283,0.8407887926212686,0.8995919169501487,0.7849354206788828
313,0.7376204954874689,0.7531104516771775,0.9323799802528847,0.8045909488326822,0.8492242684387811,0.7396977230816868
314,0.8050317642086364,0.8301905491097559,1.0466586426548095,0.8266426637730685,0.9422818642850731,0.8112685843560591
315,0.8523736610838956,0.9067881940920848,1.1387806251286499,0.9473195568266143,1.0118303660886265,0.881741721503212
316,0.8193123798927276,0.843433098934375,1.0985206284690505,0.8925643254932759,0.9588051986444179,0.7599455844819447
317,0.8557292664904042,0.8901953692719111,1.1135493518934771,0.9311077059673004,0.9764814805931509,0.877406201067498
318,0.9749941670347114,1.0204995718440986,1.2786832980362959,1.0441309430569776,1.1267299976005596,1.07674028624593
319,1.0455656592814846,1.0928905027799114,1.327921886480958,1.1222110148423279,1.200249118743352,1.0684196704877753
320,1.092082189690718,1.1181242041434816,1.3656798040100933,1.1736150188034398,1.274049482088323,1.1287144077728384
321,1.0037124622751947,1.0293026330820334,1.2767158886581493,1.0676431435047664,1.1955973406363227,0.9404532098303211
322,0.9631718840837115,0.9556179131778912,1.1881470782898935,1.0129621479184832,1.0727149556006441,0.82415787336748
323,1.0201859505886712,0.9957460804464163,1.2472115226942575,1.0322944126033773,1.080033062930065,0.7936497635635102
324,1.0865560832965635,1.0222657476034342,1.2719095439207961,1.0861115003706365,1.1547679025392548,0.9220584082102461
325,0.9107708870327936,0.8145480434175775,1.1104770515876108,0.9585297144162261,0.9705574197953345,0.7653614094920029
326,0.9124793771785752,0.8726543831917729,1.146162959146754,1.0310834763535537,0.9602347771037969,0.8140382418589344
327,0.8980447247110132,0.7652194057958682,1.064601530424759,0.8960420806056458,0.8481627590382537,0.7353128747724119
328,0.7916429234867639,0.6780085743684645,0.9491590846136622,0.7992950140485445,0.7717449598620797,0.7435466314961565
329,0.7486228333946717,0.6671171955426599,0.8739211422728689,0.7338417063696232,0.712369842314471,0.7484295722930533
330,0.717968425235498,0.671235087531595,0.8317345856866649,0.7262129801828253,0.6787597404708011,0.7670385499585
331,0.7155757259160088,0.6879516256996067,0.803869778148311,0.7700889979174371,0.6551856488131211,0.7069523878020034
332,0.7856230062959835,0.7442849854226946,0.910716326160248,0.863290479689947,0.7427705826524248,0.7220065848387658
333,0.8354133418310679,0.7365540698783867,1.0395937892282612,0.8310159660925459,0.6418402506035311,0.7425368887387466
334,0.8088968560201479,0.7058420475487259,1.1038901413632232,0.7815665118491774,0.648551461236991,0.8017564818580204
335,0.8181740853176835,0.7602549296876641,1.0877203590685534,0.8419295072205286,0.7769756916030586,0.8747574190514273
336,0.9112067619925869,0.8309450832002018,1.094195579088171,0.9006064530196739,0.7927590844800522,0.861550249152502
337,0.9322164137754934,0.8333514684650568,1.2317011961765323,0.897195486709531,0.7379362814819961,0.9464004887861096
338,0.9750652501999757,0.8440419414122458,1.3611899997691068,0.9169641148493216,0.8176283681325355,1.141445579353088
339,1.1580234722833602,0.999873791237297,1.3015368135576473,1.1090988896600693,1.1376733295845103,1.2098872602041442
340,1.3400310100715558,1.2110043327431044,1.5390373853674217,1.3494490906030034,1.4768524180505718,1.4902045922402294
341,1.2561468309182924,1.1228623884515467,1.448064300849378,1.2789465618955713,1.4967734944452322,1.2483490020670305
342,1.1156933746616557,1.0327518208493305,1.319971980217929,1.1433491105065237,1.2395281911436746,1.0755383525151285
343,1.0047634568846162,0.9527978518851222,1.2541421574932459,1.0251403478904362,1.167991995414704,1.0420852080647847
344,0.9760538583133771,0.9156570201921704,1.1437870560780514,0.9773676916365738,0.9854178011437983,0.9009471360908946
345,0.8931469269607124,0.8650386059419599,1.094859447697064,0.9251861088473764,0.9025815822469141,0.7776894929631479
346,0.9394000929154528,0.8687927261349072,1.0136418707527455,0.9337443043584157,0.9447131726266146,0.8214764365744063
347,0.9706998910493883,0.8814770774951836,1.0693155677446515,0.9526543791480996,0.9779463408988031,0.8713232471820493
348,0.86694601626888,0.8462264228545292,1.0264266817457308,0.8815730019603,0.8931889349619699,0.8233857828753687
349,0.8605351797783439,0.8076323965890571,0.9859040625374159,0.8827593635400084,0.8588144790957783,0.8326770119034098
350,0.9725597374988331,0.8750825249072555,1.028532227867761,0.9536724725415123,1.0311154667170424,0.9301182758642421
351,1.052555803663133,0.9785867193323959,1.0543233856435403,1.0346330533714936,1.1890066124975804,1.0510384941604014
352,0.9689065688433812,0.9511399537691054,1.03871034003938,1.017486582196533,1.1017572237737077,0.985522219358415
353,0.9065133663443893,0.8803373758997117,0.9825238446544734,0.9145256646909278,0.9672862088571553,0.8706028991714292
354,0.9416569407155267,0.8947257454969483,0.9994814399816478,0.9402524360531785,1.0504613832709113,0.8801515900330565
355,1.0990148364413017,0.9601566267890417,1.0873817907248626,1.031637264629686,1.2177792261265574,1.0496791655945112
356,1.1367029335203098,1.008624564117744,1.187679045829133,1.0560769311003442,1.3027352540575048,1.1201516971609053
357,1.3122460633126856,1.214780189166733,1.391651163113952,1.270014513500839,1.5245622239356182,1.4898278431661347
358,1.3606063425818788,1.2624194229031158,1.364933316061548,1.2432477189700213,1.5157382688304102,1.369405022607112
359,1.3668575762305384,1.2222494795232126,1.3299309005054363,1.175018847372063,1.4240248063409315,1.217839961251885
360,1.2480606761971116,1.0997385502862382,1.228512043786524,1.0389990885959524,1.22258255836168,1.0357155483172897
361,1.292183404048485,1.0978140968502494,1.2296651276160084,1.022545873265708,1.2090853495366154,0.9909045621273376
362,1.2904588704458746,1.0522563208420503,1.2160127542266936,1.0236411143056297,1.2171192966120126,1.0756559595291086
363,1.1011298006275843,0.9130741503914098,1.1391846545033644,0.9203699982364556,1.082124203406022,0.9720995543830664
364,1.0924744556780672,0.8917523182718012,1.1172948613785685,0.88588619058782,0.9940990362547597,0.7551017541454222
365,1.2167524287471754,0.9308562896935845,1.1760369471723597,0.9170559737538658,1.0494402954865727,0.8668362072771907
366,1.119205754291044,0.921904044527084,1.1832240718060036,0.9513249464033667,1.093147915167787,1.0202255485692133
367,1.166983657836183,0.9834549246147822,1.2084576896823378,0.9612150424028444,1.2369314208216151,0.9635776000987823
368,1.268979364857792,1.017821949538509,1.187287004536372,1.0013969693292493,1.1525869487566431,0.9681090004539314
369,1.1373421069102008,0.8987906462983538,1.138785948738505,0.9534406015042901,0.9287683711386377,0.9351492937122167
370,1.0098214598035065,0.8269729581255888,1.1056843668704992,0.8868589922053857,0.9068854093173462,0.9119959060703594
371,1.0318622316840294,0.8822805215888546,1.1156432694043399,1.0489380407488966,0.9907995919958622,0.8899802338725255
372,1.042118622878139,0.9229002597537229,1.1806447925685732,1.148574906829048,0.9342007321111284,0.9941232523894983
373,0.9171954040512866,0.8010019655217796,1.1239850363259967,1.0327010578381244,0.9262768372534046,0.8464857865409513
374,0.8542157391154396,0.7320597566857151,1.0230670529511892,0.8636824937995374,0.8680958966478567,0.7175514062148889
375,0.811184203979531,0.7008004545530805,0.9878472767252869,0.8026040233288724,0.8555425003221835,0.6515530140985718
376,0.7794811653730731,0.6796952516460215,0.9000019069756723,0.7926963716972925,0.7829941672045126,0.6295972258163768
377,0.6982738069978534,0.6275194394487577,0.8726544878361621,0.7500788694473632,0.7005493998226435,0.609408149978009
378,0.7432183726178879,0.6669878350917258,0.8659342748881788,0.8188666260383414,0.6963245792553407,0.7068016299532118
379,0.7557158185233402,0.6698717341449979,0.8795577898817794,0.8408952535809101,0.6637123617050888,0.6336900026839505
380,0.8401599144665415,0.7155679917573775,0.9029698062924969,0.8643640462576269,0.6614658464474611,0.680647945250191
381,0.8825403516796708,0.7072640810678864,1.0041839963968477,0.8233679232677078,0.6177343670145125,0.6953193351245364
382,0.9126575964606047,0.6981971460000088,0.9758142849870052,0.8119834186182885,0.6290370228161284,0.7134466453510513
383,0.830025672584301,0.7038763633989737,0.9971387029325808,0.7908223989656135,0.6234726383502062,0.7482269401243657
384,0.9227787313351271,0.7863048158950989,1.2495186639247435,0.8929033386282678,0.6804177286969871,0.833062647375117
385,1.037700497944453,0.8473994176273526,1.6227829492589354,0.918638304425726,0.7611235541323614,0.9913344505403554
386,1.158304795521847,0.9914039852618607,1.6125300102052609,1.0611692795176333,0.9771832232863533,0.8862903027582044
387,1.3041149799325351,1.2181779831896582,1.8022060197842278,1.0805459359814957,1.1187492608788412,1.1549084761547326
388,1.4246788420024419,1.2793620189957438,2.059264680700239,1.3292486914492774,1.1021205985420752,1.1996638296933781
389,1.6556858022111314,1.4243487576610174,2.2383872927615607,1.5593691622001449,1.2291497613789717,1.179135158220104
390,1.6119667551626222,1.4514562692326578,2.377829832543234,1.830069583624497,1.2083263782326092,1.3834912647817017
391,1.6505704650239992,1.48276521055969,2.2173025018617967,1.9256104215410461,1.404420905923194,1.2887913728670464
392,1.4755632564605499,1.3304218928061389,1.8692827537101835,1.6986957585109963,1.8278789586072701,1.1100716558021788
393,1.2700472088781274,1.2492466558516107,1.6371119855671104,1.5656445424911396,1.4446848833709534,0.9827821804925767
394,1.2527738522227547,1.1782430709118838,1.3742137710408542,1.2049753422700664,1.2448898637618475,0.962606452521126
395,1.2790162114649035,1.1759815554036759,1.3169192163386996,1.1715379146191094,1.2225229576492995,0.9955461699193447
396,1.2484474807373962,1.108376295479931,1.2380945988717438,1.1188171202513915,1.0641591871483151,0.9373589554091936
397,1.0901032716657555,1.0211955089675286,1.1780290882036735,1.0762333094161287,1.091777880078715,0.8884370067266406
398,1.1263979210982917,1.0598567572349682,1.2273563356014066,1.107727792065,1.0939790557134197,0.9664613746590092
399,1.2454061327849337,1.1256413513243224,1.3150213399525,1.2177876584811458,1.2096158695413801,1.1318334709324014
400,1.1664110905097098,1.0402269346496702,1.2870767860473553,1.1545983788969258,1.1439122206274508,1.168290690815056
401,1.0867471082795477,1.002434966608386,1.2461746608066884,1.1209226215797878,1.075242130594096,1.0475793423255004
402,1.0965216828703264,1.0003751352584898,1.2976386288298196,1.0816820742254099,1.0777362383261546,0.9380273365686186
403,1.0519782801316817,0.886209332963445,1.2080392598049814,0.9688223861977101,1.05808953608635,0.8438072065054983
404,1.0806510891997225,0.9040214372813479,1.2028215364519366,1.0627712811003625,1.0103565038465852,0.7843369100727821
405,1.0864092950878335,0.9540706412973544,1.2888381999716283,1.098807909736463,1.0421488709144047,0.811096199246065
406,0.9529812445617569,0.8780894172014272,1.1446902812286088,0.9446884093463437,0.9624225260610051,0.7753734427956357
407,0.9316357268423237,0.8544409794458745,1.0358365610084297,0.8672131247494161,0.8871887333624563,0.7405686631899545
408,1.0508363769364195,0.9322222612629342,1.1567653205595236,0.993061214733081,0.9147656427108607,0.8014586298818399
409,0.9752668529037599,0.9091816370460196,1.202230054293831,1.029304901416582,0.9042493224656022,0.7880157824019863
410,0.8967856003810049,0.8559866245806287,1.0510023465335654,0.9082781504687366,0.8529207965583582,0.7301718898845485
411,1.0189102786887778,0.9220006803289994,1.0994311879593228,0.9065712220435674,0.8637764325105091,0.7939692076580552
412,1.1551011728614597,1.0208373388511685,1.2623425809320288,1.0338567942755015,0.8979086426230787,0.9135945432974253
413,1.1580630164304033,1.0702395684904584,1.2746731304533045,1.0785691480317292,0.9367912623807163,0.8989349786852067
414,1.0896154670422094,1.063540841714322,1.3294797027753136,1.17218725734472,0.9675431450072711,0.8916914124659922
415,0.924209451875524,0.9193519847504087,1.1473181077761383,1.0708185044825662,1.0153141605863876,0.824757818249602
416,0.9131043970002327,0.9246596951640483,1.140126739396801,1.0450960532945883,1.0173466353631293,0.7930124102338955
417,0.894518444887837,0.8638223317536476,1.1987905315937555,1.0751655499415274,0.9833543792907009,0.8443335085865155
418,0.8481560874654978,0.843509548356757,1.2007590396442496,1.0293216917524752,1.029395654861237,0.8988311232336151
419,0.8277710301807576,0.8261423848085451,1.0805555060452794,0.9521775487433665,0.9448616708469729,0.7163229791833776
420,0.839773440815912,0.8571590562732685,1.1100155184212896,0.9600420555007694,0.918868448930764,0.7244185933136201
421,0.8016263397156346,0.8006338909882205,1.0021907193357333,0.8819384467528257,0.7638825430387363,0.5966682230510892
422,0.7172259644942854,0.667731105939871,0.9725963266984622,0.7868802745140862,0.785485487135577,0.5914561734806101
423,0.6860115009246855,0.6708432187730748,0.9374413669846199,0.7838970760404274,0.668558575655797,0.5787877043623341
424,0.6815454056573187,0.6672820939479399,0.9319944361650453,0.8220034564466471,0.6418123615161587,0.6168997949792749
425,0.8137122398058442,0.6887978640278029,0.9472867284096234,0.8472016376631029,0.6322823117984947,0.5912558044009393
426,0.877293796926323,0.7069454541826925,0.978215712466261,0.8235832639761208,0.6041290814996685,0.5875554746421032
427,0.9677844053635516,0.7687872610454546,1.290493648855888,1.1312549355480168,0.726275867227325,0.6857385561145679
428,1.0310400879338892,0.864134217034974,1.4709158336520176,1.6759816455806817,1.2572014100605666,0.9554228852528759
429,0.981931755419939,0.9143740189896393,1.446958202311248,1.2721611428181256,0.9905631918044587,0.80795951704285
430,1.050601352015694,0.9942144919180577,1.4712445582865776,1.6064200559112873,1.0492660751376712,0.9628226892351219
431,1.505887625247068,1.2758880922553504,1.7592445741965062,1.469721266317949,1.3692005218013543,1.2382483793544228
432,1.4717078896297415,1.4460960868310815,1.8257292916354222,1.3319217149554567,1.3571055625700368,1.3740380920101596
433,1.4055228102368966,1.4157887373371507,1.7765864908238658,1.2731205139414168,1.2993852831886201,1.2971554104520882
434,1.1695119094361803,1.02501346412042,1.4573936147865958,1.240882885560098,1.1250289192389225,1.1971102741120305
435,0.9744101737108942,1.0264711355319671,1.4061698636819235,1.118805637781325,1.0166318880232097,1.0605927557047494
436,1.0333038392357845,1.07290852563462,1.5386425452402532,1.1589173880816968,1.099641100590246,1.07262869976598
437,0.9545793928056092,0.8758886841499934,1.279738357446786,1.1652805718769612,0.9381986075899595,0.9013876160277258
438,0.8567262083267607,0.8226209188502874,1.1657745768180068,0.973501038790423,0.8317016112264648,0.8441413197151069
439,0.8553494183474406,0.8235471506920392,1.2471580115994494,0.9754650800595823,0.8187218073962118,0.8884807977936394
440,0.8446512374724393,0.8130651341430886,1.24584094771546,0.9087090878794041,0.7881812496830842,0.7849081709347493
441,0.8193205068266168,0.7810256241298613,1.1466613806205987,0.8800980537734832,0.7175604744152996,0.7249263512061144
442,0.7812678924578749,0.744827482859573,1.0817889434198567,0.8145792647295534,0.693957146232478,0.6430821276278962
443,0.7411777869925319,0.7201140681177428,0.9646752813290774,0.7758171480972157,0.6647615036869836,0.6911048660018233
444,0.7471419159355109,0.7348727356842198,0.9617261753094141,0.7712704521420229,0.6706358144817406,0.6665257566511769
445,0.7292990614333283,0.757608531961461,1.0879004888973614,0.8129760657001798,0.8771545994612985,0.6856273376005678
446,0.7481546723814093,0.8184642928632665,0.9950928256589813,0.8093442174957035,0.9016034399629543,0.6482381070371297
447,0.7434435806996201,0.7916543785957534,0.9642991975185399,0.8507877843400901,0.8478489802348133,0.7305628208218624
448,0.8968998009366618,0.9752213739995009,1.0952225135855904,0.9715293729638169,0.911590339466099,0.9518623360162164
449,0.9170960302711005,0.9503851051126676,1.0823400486646715,0.913423619051228,0.9443455814659587,1.066788212068575
450,0.9997028479407671,0.9923099521139477,1.2117591477803493,0.9415057605752516,1.0602021235109567,1.1188608294611526
451,0.8590757390704166,0.8890001847494423,1.0877130242513842,0.9020738436366059,1.0116399457763747,0.8603840059457346
452,0.785895075217867,0.7661264676304032,0.8863937451153904,0.800610695322621,0.8882029012487145,0.7795704319649696
453,0.9143650506409968,0.8909635037360442,1.0350372502510599,0.8884211557649747,0.9957537340194155,0.8317812568721352
454,0.9429083013016784,0.9413067876551029,1.1294727280798937,0.9566120585054819,1.0890583764192716,0.8994052247842225
455,0.8279163162346285,0.8142499260643715,0.9417392495690159,0.8724914123429177,1.0277724343844072,0.7892506324513346
456,0.820600046725131,0.8003050257220732,0.9112549024066171,0.8754832420993797,1.0278415119046518,0.7592327114987194
457,0.9704955930249053,0.9438463916516473,1.181296856357821,1.0292152131722838,1.150806513423308,0.9452682450736302
458,0.9990288451269059,0.9530580992288331,1.2242661616257322,1.0851923915099961,1.2087539135294876,0.9210492977653792
459,0.9100357190786118,0.9386728252939575,1.0695148287541454,1.024017326072116,1.249883600786137,0.8507425683242757
460,1.0189957460863877,0.9996671692658529,1.230435224627376,1.1014796134080154,1.2945703425468247,1.0098993725182097
461,1.3978320778179045,1.412683119265046,1.8007812991736412,1.536328419656314,1.6281303884053209,1.5116982922616347
462,1.3818664591794334,1.4516852357085657,1.7586347145994232,1.570082795848699,1.6224018547075851,1.3098596010088903
463,1.5129983990543365,1.595989714119649,1.9395734198173482,1.70005070488232,1.693485904177042,1.480777168107325
464,1.3245089382555928,1.3650173428485022,1.7075220636958572,1.498801734174921,1.4724981592536404,1.2992638145517132
465,1.0939649009697845,1.108213349796358,1.417915695598628,1.2657077516541555,1.342954366131141,1.0612010423577514
466,1.0035217469431266,1.0057888148274097,1.2526897396904344,1.0978678999385052,1.2050676500955686,1.0035276624512597
467,1.0684740178650791,1.082132371491043,1.3342531255221886,1.180585648778688,1.1849804546577074,1.0938940413479767
468,1.0155248974582136,1.0545746394960653,1.301598232454264,1.1668819164526416,1.166476540097214,1.0455232732111899
469,0.8646677363770673,0.8745837467712967,1.0789388296842493,0.9579802635874078,1.083903961207368,0.8939015728908059
470,0.9433923613871835,0.942553978208006,1.1009744458060258,0.9668236798870269,1.0768450813400514,0.9216723381296618
471,1.0434518921289502,1.0817487527153171,1.2276393346112133,1.056973800072319,1.1287120576411303,1.0163051098752436
472,0.9316848020154905,0.9574304800443283,1.1104051174749092,0.9416616221965072,1.035005385550664,0.9325964650790843
473,0.9019696074542433,0.898934480366567,0.9879344246158367,0.8431659745799482,0.9174303050542488,0.8183384406963533
474,1.12933376956003,1.12282371233075,1.1910229821699592,1.0199869825738095,1.0765395743152881,1.0416818282692153
475,1.219652172833313,1.216933105197323,1.285468075211261,1.0911394306006874,1.152776362332709,1.133863992480631
476,1.0176762536162756,1.0201728873175133,1.0766546298771562,0.8893440533279519,0.9416076980460579,0.8701302466655385
477,0.8525099965095216,0.9255282810851783,1.022518334663159,0.8317734718098565,0.8387275140091681,0.7639148068446849
478,0.7742730829488053,0.9855628709359149,0.9858965871766565,0.8090628213798753,0.7671453785393694,0.7011000341590349
479,0.75630314562264,0.9557546913431051,0.8847782977850526,0.7344078543357929,0.7242663386778417,0.6846428490387867
480,0.7058970177186232,0.774118061188771,0.8044325971465125,0.7021744025276434,0.6972026888152805,0.6437002531305017
481,0.723878761917642,0.8029676345094026,0.8258709987982643,0.738666320750395,0.5658472271366602,0.7096737959835057
482,0.7451625315714082,0.880919483607785,0.850104546249271,0.7335324309527697,0.5867592418408402,0.6844282173130672
483,0.715489377008253,0.7655703342238067,0.800186421036031,0.6892169932658962,0.7244259792839688,0.6963262997766708
484,0.7721477828131019,0.7429337288449255,0.8286341793786013,0.7800186099914352,0.7044494819671814,0.7273703252874949
485,0.7882134152491472,0.7001548933481739,0.9568652737172624,0.7663785480021869,0.623913052342218,0.6038301390868513
486,0.7663287629851442,0.7449907216153923,0.9487773323141342,0.771673311895953,0.7309849504296202,0.6446891143177615
487,0.6767519360595569,0.7508187786292937,0.9497538466039126,0.7356761764410885,0.7427592872722952,0.6317372569318563
488,0.6156883276824106,0.7445086290378985,0.8273175180146447,0.7431782560149385,0.6958497844269448,0.6275940148362581
489,0.6788733651088664,0.703302884759454,0.7234574432909294,0.7350126261795173,0.7398499719899263,0.6650457379571046
490,0.6592831460280043,0.7123950683071443,0.7390361156622229,0.6744662188023766,0.8477281295994533,0.5956922329772454
491,0.6399915008624255,0.7496535519661087,0.7906631015333313,0.682980570577891,0.8310790939895147,0.6075107360901952
492,0.6977894579080401,0.7630317297235795,0.8162036235181379,0.7223917484807094,0.7778963134303124,0.6195607469791417
493,0.7472876076886643,0.76584701113061,0.7968660864014699,0.7410254161540011,0.9078838191415856,0.6468964168360405
494,0.6921872280809871,0.8000286948248139,0.8042134334755975,0.7320696700440988,1.090882767140947,0.6981672257191257
495,0.6894517095089977,0.8408699293422122,0.8534231365795085,0.7712300696915196,1.0514474556250866,0.7298145894700551
496,0.8491145464932961,0.8955887277266045,0.9509617129665683,0.8722039307934039,1.0052645330380814,0.7611816165503477
497,0.9636586678023282,0.9779446921945946,1.1179817746600573,1.0492503350926532,1.253500117626812,0.965018300028216
498,0.8781858658549678,0.9050614365928245,1.0633083410979003,1.0345313994546947,1.197378339043436,0.8626281310581065
499,0.8547798455327121,0.995759958006829,1.0340943163189278,0.943646352092899,1.060079250703146,0.8431577927249017
500,1.1004780440959483,1.3223354961192315,1.2847131816937007,1.3922024069597603,1.1865531148354567,1.2592325589133782
501,1.4485211307209536,1.5696378943658538,1.6074799797702373,1.7446732147861912,1.3875791800494748,1.4813279270679416
502,1.6403835816510173,1.8572407086095293,2.019582092773181,1.867549518807838,2.125377066147404,1.9818225317152285
503,2.047657774351226,2.709931748522809,2.1575103284997748,2.2276884838058355,2.810585135280735,3.0426400059713585
504,2.2414812909493937,2.503270889247568,2.478436504894066,2.0824526671602883,2.3034621616322712,2.772128923600963
505,1.6478577105756325,1.6543517080163077,1.7295145351453172,1.6316302838150787,1.906610967255422,1.980911842346976
506,1.1117447990459732,1.0739889346358147,1.2170100787058058,1.1045266430548935,1.2110913272552102,1.217318384854289
507,0.8701900863589539,0.8593622687500222,0.9599303589107437,0.8354395470004167,0.9636711862513334,0.8528557923989742
508,0.9051200500703583,1.0189598974574745,1.0184826060282774,0.8993612584525783,1.1020318300467828,0.7954547469110155
509,0.6525816782084198,0.7041988571868564,0.6929342109541162,0.6956876968170885,0.7813253725331022,0.6641536044827555
510,0.6001589520097813,0.6465746980601916,0.6649203368248008,0.6467278751946758,0.6072739323274147,0.5686032625351833
511,0.5710453387324064,0.5693988578849285,0.5863200930154587,0.5965308203203573,0.6197251172327671,0.6337984887410677
512,0.6821469609129922,0.6578132625470062,0.7083204254327655,0.6891954853424315,0.7228450790722357,0.6518648624651312
513,0.6393891578709209,0.6280189723394513,0.6778471364815363,0.7187419116526573,0.6808332151734153,0.6247182547736277
514,0.5630852960694509,0.5839388022537269,0.62625870816764,0.695052340389034,0.6739349518483163,0.6640013957550264
515,0.5930579933536642,0.6324278784050724,0.710800571083298,0.7169220360425518,0.7185397078895044,0.6837035393194262
516,0.6518874051191449,0.7006735024202575,0.7836143727741499,0.8114558891659133,0.7279120479489479,0.6940148962484322
517,0.6620588723105002,0.6988995046690546,0.7909477544932475,0.8810425262641765,0.7828324470434275,0.7135970292452911
518,0.6435410633816108,0.6945566763672719,0.8506836661848421,0.8345247352136758,0.7910137480644378,0.8254752562823207
519,0.6997334122211782,0.7760633085931911,0.9526819615885053,0.9174857655360028,0.8482945259002622,0.8399011993279157
520,0.7435116344797931,0.8027480670463768,0.9609689633560051,0.9629647019765137,0.8811983356445754,0.7898141610978575
521,0.7750755839762773,0.8166347904674187,0.9850910669933146,0.9545698117474478,0.9857154696370142,0.8414337790425249
522,0.829543896365276,0.8406284382240959,1.1203367758278304,0.9211788507814657,1.003597671613772,0.895868000604733
523,0.9409366248265608,0.9977578388816335,1.2548618168821413,1.0845556897008588,0.9874253302353798,0.9456210997276862
524,1.1056073307649361,1.1174366727536622,1.3405234445678846,1.3057640349163773,1.2013727292307292,1.134448946041439
525,1.2493437786556383,1.169584266421624,1.4985095924772145,1.227149814745679,1.318922477444034,1.2921404479042913
526,1.5252597516171693,1.3355211819850494,1.8209267006137615,1.431041830833097,1.3853393152448086,1.5541012192813215
527,2.0593864943466564,1.8544051241146322,2.5547436125222056,2.050052058519222,1.8705909793022086,2.150932691843686
528,2.413955191353568,2.3163527264474975,2.994450176604447,2.3759443898586237,2.1162608517811083,2.6385310512456255
529,2.9781757846010883,2.7616674285070304,3.6266483930599915,2.792885566462972,2.4943921571060432,3.211920863903886
530,2.3334083473992355,2.110106598085989,2.923228937533009,2.2714836346892144,1.927452108865752,2.5802897444425668
531,2.05978235394633,1.9869347572094336,2.555392772618109,2.0927413079381574,1.6057375958239328,2.2467384316406274
532,2.4650058725267665,2.2738179151131708,2.89676580005165,2.1696540807137716,1.8815802209738113,2.643663725007704
533,1.8946944867878053,1.8176094362008541,2.4147237012703915,2.001237157586397,1.7455967603349698,1.8642650922994597
534,1.5233494705929165,1.53353381314071,2.185216591499711,1.634669555540737,1.6572987190570376,1.7144323953291238
535,1.0802642952525243,1.147694421195892,1.559088764487558,1.245385426585141,1.3493583386044283,1.2472802999289956
536,1.1207138316625525,1.0870525972279912,1.2578444719225639,1.1588075051076343,1.3115771327743229,1.0680317020633128
537,1.043332046076092,1.0375725152824613,1.2033009047862955,1.0722115847816307,1.2156272896217302,1.0310107307286231
538,1.0781512546462324,1.0615055804722273,1.327724842452412,1.1222304617724348,1.2168377454609922,1.0483744632419738
539,0.94847582361564,1.013606127534447,1.2004150697445761,1.127186067237914,1.091564885634139,1.048028444528558
540,0.8720411293604736,0.9362883498134439,1.0907722260324977,1.0254671884507767,0.9907060140360213,0.9623873540121177
541,0.9559877286576953,0.9744833410425745,1.217273928812553,1.061332610524672,1.1276371344616618,0.9323890342156224
542,1.0900700363803992,1.1106184496485423,1.4185119404433386,1.1597556275890712,1.2152895135006878,1.0802036424583785
543,0.9205719465924579,0.9226224830314536,1.2210756588704605,0.9891962622431221,0.9860169604588641,0.9164217441297223
544,0.8586095481990038,0.9016072202452436,1.1433744136258162,0.9613975502636264,0.9303600728954547,0.8967934440822987
545,0.9364579147126015,0.9301452678959065,1.2339486061479128,1.010829031627732,0.8623136171596844,0.8795534423132384
546,0.8740317297502425,0.8435468195192852,1.2916548088445625,0.9962184937501943,0.8009438213811362,0.8276989603728433
547,0.7470852650648472,0.7350390675325612,1.1100127085377163,0.8536410282088447,0.7841022427844273,0.8109883768827391
548,0.7727327409213771,0.7405365573196279,1.0477462387482293,0.7980498661710507,0.7548142388030162,0.7650311230031219
549,0.836589121250899,0.7685651395364635,1.1799341319166148,0.864263929073689,0.6963293482934281,0.7614878041125787
550,0.7532062149762176,0.6876629525018408,1.077763309196451,0.7584505366880333,0.6244316156175842,0.7066612080987091
551,0.6785730522565864,0.6225093012875722,0.9313829336068656,0.6638671431545137,0.6625517861132832,0.677558882289712
552,0.7766062149078289,0.6953942710979794,1.0490757961062804,0.7593023531854083,0.6813161981307351,0.7288170721668603
553,0.8148352654647636,0.6877306086530028,1.0765335985589288,0.7449197231482194,0.6041416272120241,0.7405806535338687
554,0.6875718840609873,0.6055009523620266,0.8929762552095778,0.635374504307709,0.5574786147825828,0.6528050034706524
555,0.7295404854725049,0.6535952123783324,0.8845406054260284,0.6702030129651911,0.6180869850188437,0.6513776237657359
556,0.8585979648123803,0.7328433919886556,1.0160256279857383,0.7359365501348935,0.6628806598052462,0.7418370714794247
557,0.8668384001730335,0.7219549252519003,1.0154333887405393,0.7065354509292326,0.6002126186181058,0.748303268228095
558,0.8404491833560254,0.7191329314941846,0.9385842616296785,0.7171969359557688,0.6421914926367897,0.6987209762846122
559,1.0069820589847527,0.8062731131031567,1.0724435275589315,0.8060533043092156,0.7519513492057781,0.7544443936698333
560,1.093090555980962,0.8888643920813116,1.1860394324249939,0.8370665272685045,0.7867213248250791,0.8594502038476067
561,0.9355437450329799,0.8242602964186823,1.122352316040263,0.8188068553653828,0.6980686671530177,0.8846774653311129
562,0.8823027710986023,0.8649046640123911,1.1866969003142087,0.8455992590643331,0.7293387547941772,0.8968689591567108
563,0.7825720242938127,0.7549398533184108,1.0677842023345756,0.9617625902529104,0.7052664667171357,0.8910788783622848
564,0.9250815340055333,0.8307227129271609,1.2161162154188385,1.064686484190566,0.7604141790996721,0.9151218392719406
565,1.0293731296054733,0.9947339799285085,1.2775025269745566,0.8911823555590578,0.8434585408560187,0.964452224005892
566,1.3674059513867292,1.3891158841012181,1.550776687206411,1.2768777693132494,1.1776565042459348,1.2388868243091289
567,1.4549516184596598,1.5575951010864602,1.725889063543975,1.4125738977959112,1.3173400517964236,1.296733972618737
568,1.6229553507033498,1.7289489221524328,1.868464010482193,1.5689550395151777,1.4116731902977122,1.3332169909390201
569,1.3583364906708972,1.3941803057589464,1.5546294492881636,1.2570106696525316,1.1259547286220752,1.0857099648092663
570,1.227197852763966,1.2172763019372919,1.3364195373837096,1.1973651546942614,0.9830731459684053,0.9239517792954517
571,1.5705383385507463,1.6104260123128118,1.6723483931198657,1.6873300909052045,1.2422537360462478,1.088733488798303
572,1.653455781963717,1.690051848148566,1.7808506660774786,1.7451490422627736,1.3045652233966107,1.160320629328924
573,1.435769529946745,1.350079277458718,1.5244536363184569,1.451138334710988,1.133101857431581,0.9164146456194645
574,1.6086038189780674,1.4638287374268277,1.5553243853871705,1.7125382070499826,1.205292508171774,0.9624339047661556
575,1.3736242174860689,1.2199989050680295,1.3492870832159458,1.4547357863778192,0.9708771023473455,0.8681326856953081
576,1.4081976353180454,1.367305217380909,1.523038485514073,1.68641735267273,1.076892062851406,1.0355465997273308
577,1.5280129944785121,1.4097460501804495,1.6664138503809596,1.798284857085667,1.1800719432223392,1.117592605748822
578,1.4795879197857857,1.4240605806960709,1.673375299377015,2.0102960514452874,1.3157438827400234,1.1084539939827913
579,1.2043710400537944,1.1552550785953166,1.3708446635720577,1.6322869236528843,1.0943604688882023,0.9206625554542457
580,1.2055227877417292,1.1700259399612825,1.3736893513681723,1.408914055690439,1.0252889326585508,1.011988642969343
581,1.3841373546461775,1.4381978464020666,1.5444699410594616,1.7139579163241834,1.2255987941276376,1.1609924011367887
582,1.127975594883628,1.1444648011080392,1.3519937085584939,1.4501646027502566,1.1250406918351146,0.9751421022044021
583,1.4467560778448163,1.1460583314480204,1.293478113670021,1.497775750118129,1.2104443331924373,0.9273936887895103
584,0.8020601985693222,0.8777229191067274,1.1281350621087487,1.1654582921969219,0.9616374528549245,0.8363586427552845
585,0.7922874346355818,0.9025104023586171,1.1589221981269617,0.9618387575858814,0.816816460488433,0.8149503419154109
586,0.8302737813666313,0.9572356465052186,1.232743425029817,0.9807153216660177,0.874095877569967,0.9870596252407879
587,0.9391293341220175,1.0471688367841203,1.323095545810068,1.0045804747116718,1.0438267023604284,1.1048108381693367
588,1.0122399626617697,0.948779795545993,1.411756012604867,1.0191212340163958,1.0915267693310635,1.094162406213678
589,1.1704687301572394,1.0655491857272226,1.8058213198668511,1.3422557269796578,1.1717437574971319,1.4226022152090334
590,1.580240455007339,1.479530472054,2.2692407965093175,1.472412298057278,1.4462164660966905,1.65968378911976
591,1.8226047122994364,1.405617171037172,2.327713560614701,1.2461510482835374,1.5092218085289335,1.6263395678685066
592,2.121425287871148,1.8569886138973135,2.5370817330403694,1.6643478919110037,2.1752303751742215,2.236654479628308
593,2.763953446360772,2.4664589047719896,3.017726830607682,2.058210675554474,2.8690777629253947,2.4597649836696758
594,2.866935329621318,2.8906310599575065,3.1845564829542425,2.3486231060262295,3.4234883269449576,2.462237647815554
595,2.2132489806669144,2.0772015794353518,2.4221250452751892,2.1176353079404944,2.5186592364915357,1.9942635872227983
596,1.734616481184714,1.5616804880499062,1.9946817271074309,1.7414800762547529,1.774346272969784,1.5660294654431848
597,1.320120360799611,1.1105871000966994,1.646935620969992,1.1836943766350727,1.356140256931567,1.2114538281247436
598,1.131157297777987,1.0321746386775617,1.3401208228982753,0.9844622954840486,1.0549349199938582,1.041889735348073
599,0.8924074491976944,0.8830633350324709,1.2074984753276305,0.850476286595987,0.821676374838044,0.9599051672495963
600,0.7844562029709317,0.7582859251691003,1.2146626208799784,0.7785430652094281,0.7439997818539364,0.9029438179509134
601,0.714127209771255,0.7522650220370303,1.255169052098865,0.8566776199986749,0.7510965452135819,0.7664806786911351
602,0.7904026453885277,0.8967211297183253,1.4816873692369743,0.9871125790102621,0.64494640988385,0.6943359299010958
603,0.6837901213611949,0.7138913296445071,1.2278495279445074,0.9930024107007509,0.5566749339157634,0.6859875589541625
604,0.6667008980314572,0.6501151217994903,0.9962703467536339,0.6786628839168692,0.6076592365647329,0.6607279997526093
605,0.5977882554172979,0.6126129338522538,0.8878784372546811,0.6820216205294378,0.5229736578207843,0.64386978743709
606,0.5853000999658375,0.5890378535716202,0.9136301216101278,0.6381554086318125,0.5472635573394103,0.6028905952203175
607,0.6111883716430736,0.5586688044669765,0.8645324427423029,0.5801981067732394,0.5341726846777195,0.6108480660606664
608,0.5784333743998885,0.5513199743474475,0.7398185545490311,0.5869169763895655,0.5049563262574207,0.5730183640490475
609,0.5128589855271932,0.5241928636456472,0.6803589834263807,0.5711080473932483,0.5380046816202598,0.553578100046422
610,0.5796770542365187,0.5542171494162526,0.7902947424575598,0.5897239686512042,0.5849705070473183,0.5831952193840287
611,0.6243618273261436,0.5806016045662454,0.7991521610388022,0.6013796366727081,0.5951133355356661,0.5810218243153226
612,0.5779576557374551,0.5791265116687453,0.6937250884978585,0.5699929366717628,0.642353457346155,0.5487240614752669
613,0.609185495518468,0.6128823233675137,0.7682213102045695,0.6036254963332679,0.7004648431860528,0.5961879691039993
614,0.7103327322875573,0.6514451260376454,0.8304891786930226,0.6664143545790794,0.7166496007788358,0.6520258145077037
615,0.7324282697446218,0.6631552821064103,0.7955221639583693,0.6637810024280563,0.7792804733598329,0.6094805477392731
616,0.7410697014771092,0.7092434403083837,0.8196770681762539,0.6767585403065066,0.8541212704156987,0.6288705039283043
617,0.90857630935497,0.86835822553335,1.0872057946715599,0.8979207786994318,0.8907417326528504,0.8020945702894847
618,0.9992814234186471,0.9774207985874487,1.3418716454344704,0.9888591299568246,0.8528732073332613,0.9301665410963648
619,1.3032966153753534,1.3599706879896851,1.7309649236407003,1.282663489895622,1.0662033785263412,1.1371880413519588
620,1.3604129029846443,1.3488836344136261,1.6735343510357314,1.2980646302541972,1.0904303752676214,1.3009322128667713
621,1.090516019293344,1.2695036201294052,1.48106239057468,1.1024333368110844,1.0041120479415813,1.1077578218132282
622,1.114070545190846,1.2942445228283628,1.4301237622364227,1.0769383054443389,1.3453445237108745,1.1524345676481
623,1.0538158526780679,1.2741815950704725,1.3187007493672473,0.9810004041713061,1.3019319985181466,1.6262440670277218
624,1.1092343219846688,1.4236347250662,1.312062848840865,1.057630410484537,1.3729158498393108,1.2211836667048115
625,0.9932698796719693,1.1528471217035214,1.0644140811421348,0.9628098016562673,1.276177487251115,1.04203665414872
626,0.9038156440792222,0.9796122007668844,0.9231604390583907,0.7869543294125517,1.0805432605767036,0.9608970356134905
627,1.0473857927459675,1.1125839481408224,1.0396549307452334,0.9010367072163096,1.1402919604256798,1.3836888363721676
628,1.0260213826431002,1.1148687642485613,1.0804201835266756,0.9275796798975469,1.0240067098895438,1.6206250811338683
629,0.8344166252859019,0.9779591970521385,0.9061435129073416,0.7391987702018753,0.8200687967053675,1.2490321987258313
630,0.8927992015317944,0.9631462244035829,1.016015824077187,0.9342450121443132,1.157521723543427,0.9973656542309854
631,1.2926356542917186,1.2669922532139315,1.1896119452599694,1.1137427338826766,1.5529894555489663,1.1052025686950857
632,1.730829728663772,1.6050587080509329,2.039125303240503,1.478335349433448,1.2151735400040218,1.0025134100563886
633,2.469149024087009,2.512056179359094,2.12144215358403,2.853268778101707,1.97757050151395,1.001778045881809
634,2.626277656362648,2.9238962939478537,2.2019661185385027,3.632006350119546,2.021440322901355,1.1611271103644567
635,2.9149467217163987,3.0922732509861004,2.8031424144469965,4.076635223264048,2.5370150613972373,1.7844102675883884
636,3.7550146871515557,3.7808059636089184,3.6485101681975896,5.0299755627561105,3.023680320587296,2.8138220973025847
637,3.986239345650913,4.177625947438727,3.9649186411795125,5.218805753133458,3.4407273856558276,3.1907212643941274
638,4.265736733552816,4.449688852244179,4.370369296139147,5.559337167418857,4.7047772924331275,4.4060306224060195
639,5.0326566431574165,5.342829705397894,4.984783851219512,5.926786254208618,5.268734055803603,4.804671110994985
640,5.077636631710861,5.051027080924897,5.010641459013661,5.768925319383555,5.962846963545209,4.901604720423129
641,4.67142444839018,3.8224846964564905,4.34782931336701,4.832628936161323,4.6629199543047335,3.871757638312035
642,5.659134494875477,4.518179127269884,4.722124012160468,5.016570919947013,4.36181219145578,3.745400129287701
643,6.568355441648308,5.277786787872649,5.183320232851012,5.4158508818427835,5.54653184089699,4.645408868909212
644,6.704237384697883,4.316324295836568,4.773348038558404,5.1584383694466,5.129888090532238,4.773427403574747
645,7.63717344998091,4.489949536322011,5.418476992351507,5.432064053468181,4.877591499099304,5.01631038762369
646,8.029653515505819,4.47180152381357,5.9622196751330065,5.282564677485559,4.012606082831396,5.826499774285602
647,8.461444156796984,5.476078093373599,6.581570364404162,5.038945643357482,4.403031991617401,8.036359737756909
648,7.665861136508475,5.675605436151137,6.934968059905437,4.952240120535194,3.7370871316538627,9.077744028860911
649,6.228838172593687,4.234665493572673,5.722603272743643,4.27075047108652,2.539487090401538,6.547772126705237
650,5.641265666976268,4.759555600659348,6.003123948046524,4.085261971525679,2.694137560665512,6.488212952784162
651,4.934156984574128,4.228390630978272,5.611566475290396,3.9344528322373,3.460851290776357,5.255160175702151
652,4.239458536625002,3.4174232466664125,4.738278429708507,3.6848743492311797,3.600277839595752,3.828405628918678
653,4.075267862716035,2.919662186160272,4.7191433245750956,3.7979979948679894,2.9931363227033985,3.8747773018895337
654,3.3348917014433757,2.509906868534713,3.733983479390831,3.099976464427035,2.8396889628011235,2.772996165117616
655,2.6491434546777404,2.288012441632762,2.9014748082295845,2.497665421258612,1.932731000864317,2.438186309071675
656,2.3092704186155912,1.7989230811426353,2.255202702913794,2.1457163362727383,2.019535032062765,2.276467871095642
657,2.294141185602283,2.1162139110597185,2.2315531654851726,2.1156145835783984,2.0676278882855983,2.088003498817571
658,1.5660810879671299,1.3767448646882556,1.4696996418492798,1.4096335983729373,1.3212402328207935,1.124529165549245
659,1.1535127922505481,1.3776059550021937,1.2322522205093818,1.0581294932564802,0.9837750589758992,0.9186689039809564
660,1.174273949120831,1.5550056414413753,1.206270740955132,1.1380617818024623,0.9806591591533595,0.9371977876129943
661,1.255534705207752,1.3231626331776296,1.269170967646699,1.114640884192703,0.8691068627449282,0.9932094138106029
662,1.096123372989237,1.0685486333201455,1.1201220090491695,0.9174960554732511,0.7456107720784839,0.8742835969744206
663,1.0101290660501077,1.1276705398131177,1.0479645295654099,0.9351820208790348,0.712098699404547,0.8522506498030683
664,1.2114277915972336,1.25355950192832,1.2258220699804256,1.1079506257013447,0.8152257549095611,1.0195887118900093
665,1.218986778425816,1.119088298451783,1.2242645468090505,1.049390317252837,0.7731742865464838,0.9682942200622823
666,1.098657749269903,0.9390817695320525,1.0702944498497176,0.8984867605745203,0.6635675560662946,0.8149273772378053
667,1.1914100770435996,0.9686372743485329,1.1126926515439637,0.9507873279826056,0.7176204659308538,0.7635868187210677
668,1.1829136579102206,0.855791966628952,1.1200181453042763,0.8982314456611205,0.75128353826114,0.7286023099707247
669,1.0594269317819647,0.8645967269694627,1.0294467728706096,1.0110346337392468,0.8717148889682979,0.9704015630283687
670,0.8580466097414811,0.7569227539305213,0.8620737622586407,0.793743041298746,0.6711892462369139,0.895624301644382
671,0.7739204148574551,0.7742079663125024,0.866425400908862,0.6900971914854787,0.6443433298964751,0.6118563402538051
672,0.8051297887574048,0.7987244978102798,0.8267687016606055,0.7244118166842825,0.6749501923803929,0.6700883948449505
673,0.6810404057858314,0.6561289377545537,0.7363080904686429,0.6745309066626056,0.5731131015655383,0.7007391360727546
674,0.5945227825847147,0.5891515247696972,0.6755507247335615,0.577073674973693,0.5939605581549854,0.5703562432461456
675,0.5883912949850711,0.6460251300212906,0.625240155683915,0.5769045681566923,0.6689908752215568,0.5235368605797014
676,0.6157712579155131,0.6297368302274337,0.6142132795195284,0.5961518286063778,0.6433779079569967,0.5584575322473179
677,0.530734207550351,0.560786416919883,0.567953305396593,0.5564321269553351,0.6009523281148728,0.5493052791317343
678,0.538960498284028,0.5830727486831281,0.5783301709612796,0.5638424420531764,0.650109141734434,0.4654426860631355
679,0.6127491929972483,0.606811457015456,0.599053794991235,0.5977621826434402,0.755695823024446,0.4983813844612287
680,0.6113966499389641,0.6166481367090527,0.606043375048044,0.6106157966687639,0.7365626606463069,0.5777949726271554
681,0.5739976648113126,0.6316793667930228,0.6188282992517595,0.6252126642754782,0.7361080748158273,0.5784364947009067
682,0.6724159388249692,0.7063908481545594,0.6633614404493304,0.6922396133970757,0.8636411377253561,0.6046730730347515
683,0.7594380976035805,0.7722988221608794,0.7341298827347789,0.736376231846147,0.9467941005000784,0.7083424938743718
684,0.937668414266024,1.1173863926225744,0.9456374603073273,1.0388494268031792,1.1200546418663366,0.8176538585443905
685,1.030500499718543,1.067468924750579,1.2225040802013594,1.2873140719049532,1.1107780940685306,0.9325492237584153
686,0.9115510983736875,0.9011721151987074,1.1848336191624265,0.9355887327765284,0.9878000972697557,0.9476676642426927
687,1.184587929891694,1.0171489448768503,1.5714704082948778,1.1041638615652911,1.0105855152913712,1.2754432344125555
688,1.355524165600409,1.1660383427658345,1.5983268008840117,1.2150763434858132,1.17074668060581,1.225107213146774
689,1.1159427227106924,1.0735723571327827,1.1619351791997188,1.0248259152194927,1.120144461890531,0.9744678883887231
690,1.063196646546596,0.9873465795825954,1.2216089688818261,1.018122761887897,1.045058871897936,1.0229823729192897
691,1.0599401828914015,1.0502068986944968,1.1766128637507185,1.016800237005752,1.186264724638179,0.928888027396378
692,1.107598971124407,1.176788293929809,1.066500058085947,1.1801564958533064,1.2719566390831805,0.9553095650408788
693,1.0869440579494694,1.216323037889265,1.220028519306955,1.3116649825916367,1.1813842431516535,1.1209107336954276
694,1.14852749024905,1.3392126772117845,1.4787466035005172,1.3600896564754807,1.251924177161747,1.1785868134740114
695,1.3863041506839362,1.5887955091999757,1.6313675137208703,1.7057450147038533,1.4450807910262025,1.434368587552161
696,1.3457785290012454,1.5320482759682197,1.5589950752560855,1.624080765761122,1.4154336372489709,1.288269121195229
697,1.2784845134769967,1.3175006170757941,1.4271577412177932,1.648946932281832,1.3628456414760197,1.1820386129832379
698,1.306975636330187,1.3963139369937458,1.50036690708702,1.4992332043875696,1.4118532794731125,1.2024983284660338
699,1.2008191175282306,1.2280046280456431,1.3770776017600757,1.2038702416619371,1.3633950123539569,1.1138906171286456
700,0.9975239188620653,1.0109870706145647,1.1551759477640784,1.0380100127905265,1.198559240561042,0.8611422151589367
701,1.0121369149199195,1.1084467148423849,1.1705272889946354,1.1029925456812106,1.1466166585603483,0.9415442821161167
702,0.9784393964678378,1.1450953929670202,1.1483992050712166,1.0069771603591489,1.139105693449276,0.9582291742042025
703,0.8270247145470337,0.9564367851469661,0.9443105357867404,0.8317984866039335,1.0475036522263284,0.735462139345785
704,0.8115407634423093,0.8971754015925725,0.8995962578037787,0.8757489969436655,0.9791781738656702,0.7618851652922397
705,0.907354582727058,1.0221233849177758,1.0621101362167769,0.9765461876456801,1.0204062034165429,0.9731873995719604
706,0.9024469321388328,0.9955279831746912,0.9923954032828988,0.9044693317342641,0.9929337252704408,0.8964844409529946
707,0.8398074111558383,0.8601951844175099,0.8535598973498312,0.7992655942835297,1.0142502692181523,0.7158117187727229
708,0.8486989912337037,0.8820433399443267,0.9241411971179274,0.8450102637814392,1.024893669171937,0.8232027590525841
709,0.8751674812294521,0.9825888748606464,1.028455149252843,0.9074655003887253,1.0503797918315472,0.9356465550024977
710,0.8668746384879068,0.9304206731414313,0.9763365209911647,0.8594292767961648,1.0335386456277118,0.8529509486350012
711,0.8520894628808495,0.811372775715082,0.9142504348147037,0.7574983576273411,0.9740694488364727,0.7648394627237667
712,0.9188509889845092,0.951510029705096,1.058775389240517,0.930216128614326,1.0445700600782988,0.906175907715455
713,0.9411839924612998,1.0319099981969628,1.138840962558345,1.017457420465959,1.079438517395298,1.0002349395634809
714,0.9308199015900397,0.9231363010699413,1.0887499078563498,0.886971743963222,0.9972720066366855,0.9268527585979758
715,0.9561837209231062,0.9187549953262107,1.0769156176470789,0.9167244933732199,1.0278550807127025,0.9189885763676199
716,1.0482062779713253,1.0980372034514871,1.2564244945377263,1.121085833556702,1.1452247478191244,1.128525280978927
717,1.1014900510826822,1.1116577225898905,1.3611381434835081,1.195471530884525,1.1708272621659492,1.233814977168453
718,1.0786387508161792,1.0167053160682664,1.2875690447744517,1.2123826671587044,1.205090760650821,1.151078534337201
719,1.119502290822606,1.0908502709838999,1.2645892536337966,1.2584666949062573,1.327423447881879,1.1902826469480743
720,1.4365652475494226,1.383313225992077,1.5156003064931907,1.4863940044558221,1.626750058667536,1.4619760291481683
721,1.4982934685950788,1.4518189311597565,1.621579015750732,1.6091536614198947,1.6732924358481696,1.673436103974561
722,1.370030702593471,1.2913736449404563,1.4364495784906177,1.5449296384473339,1.458139125076308,1.4330672726143046
723,1.6722029946850039,1.6236168113464071,1.7478915528901247,1.8764317590800594,1.791777730591007,1.7880961179783752
724,1.6668402382167031,1.7861516549653025,2.0323854367909955,2.1272773063265955,2.0646254490439815,2.1058187547846714
725,1.6808096500931242,1.8221334257879789,2.2479110485404186,2.2202985104990094,2.131812375494965,2.1475418512134685
726,2.1693889156049395,2.53293289613339,2.990758372697273,2.9982868229634945,2.724987025238555,2.9738184663454894
727,2.538613330547823,3.120530315215735,3.783201761900358,3.544060189788468,3.2251633845241057,3.5705950533678226
728,2.7208847775492693,3.063007243902586,3.8239510344356042,3.401297567526251,3.1202571955912637,3.3917398968919414
729,2.0526528343958472,2.1716268652003925,2.6145687060468936,2.5462120415586593,2.235766257379059,2.4239600783073745
730,1.7861030083635654,1.6779690344885603,1.8608570221056435,2.0062674121393127,1.716034666709565,1.8971729194077769
731,1.3073418104364147,1.2857494448928184,1.3941290724783384,1.5744392562483929,1.2989888673374055,1.6358380681561038
732,1.0941499674608035,1.1219906048701052,1.1456736908594547,1.3435027539957678,1.1363440098588018,1.4026868743864627
733,0.9509146839921079,1.035826330195512,1.2269614748713384,1.2484916471165342,1.1265825783128869,1.2024604644791084
734,0.8334729387910125,0.9715817232409206,1.0305396323703508,1.1477066744608033,0.9620283548445001,1.0314597714827856
735,0.79291000187697,1.0441556124533058,1.153770165949592,1.0778524712264266,0.9441264898592054,0.9329586837840264
736,0.8386903249849431,0.9583778810138197,1.0519465385435176,1.2846637080907104,0.933816456685486,0.9772124274030974
737,0.8278709048712624,1.149516522623869,1.0915062354045133,1.166599608053357,0.9854869277507637,0.8231101133001261
738,0.930969802229389,1.1605388118860365,1.0844678938458399,0.9224218128791417,0.9790717056210755,0.7998092281449423
739,0.8434141299000002,1.0054810796050446,0.8887888182526756,0.8316359677928974,0.8873008001105659,0.7461300291502139
740,0.719189105743201,0.76752773572497,0.7530744298585345,0.7700519099061057,0.8245947238358041,0.6517670213813997
741,0.716003401153522,0.674770510614641,0.7233723338205281,0.6830919142794829,0.7880578640767426,0.6085802885347675
742,0.7515951405424501,0.6402318986278933,0.7590093497511896,0.6582617721588478,0.804354638812798,0.6404083481973992
743,0.7048863919013787,0.6479212151945246,0.6880280437241435,0.6527742919083964,0.7707852291785243,0.6108385576239327
744,0.6708223873451624,0.6108097441374579,0.6221607370107245,0.6446790320605463,0.6894720983159754,0.5051698971166113
745,0.7089658964393989,0.5877738907401922,0.6481478853214949,0.6418183480958723,0.7333703252082862,0.5129034319944312
746,0.7571740655326589,0.6294726255545965,0.7039729821858397,0.6578536788971188,0.8768892805287732,0.5825760325531081
747,0.7050866428747327,0.6049216422485189,0.660406115550479,0.6506772810690948,0.7783695171120184,0.5719103249522833
748,0.6528971080657354,0.5617411845996151,0.6144266299418953,0.6175947593621297,0.6772274010029276,0.540256983178694
749,0.7158935913706413,0.6326541983935848,0.6958561454355495,0.6538716615318668,0.8185792393581967,0.61126173837326
750,0.7883480805309531,0.7095397598568457,0.7595821423834005,0.7231284141901169,0.9121564593024004,0.6595668163913176
751,0.8528623131733103,0.8106248172079495,0.8882858605802086,0.8643712738279762,0.9555825819120087,0.7338269286041118
752,0.910142764341782,0.8718753310763256,0.9756332153459754,0.8842497923568496,1.0076992359960368,0.8411887492398554
753,1.028629450362707,1.0091280813168628,1.114827427329238,1.0051025002083838,1.1539415236835204,0.9443621734341747
754,0.9561468315233554,0.8907031834018609,0.9960608297575853,0.8977978502033048,1.045647337949693,0.8214145622917776
755,0.8685119541815917,0.8041202246738991,0.9368098739642349,0.8272132317292096,0.9363260844556421,0.7738860983874519
756,0.9703752450851103,0.9482868080951136,1.1146121399912616,0.97538214246402,1.1314987224164565,0.9677702749269007
757,1.085927306532397,1.035733194307378,1.1956886508820206,1.0702946439126804,1.234736939565579,1.097771984345682
758,0.9936772037207359,0.940015293257641,1.0936105062421448,0.9778229263988618,1.09238319788303,0.942784104618666
759,0.9607463601235996,0.9307924996501088,1.149953732806702,1.0378401672599784,1.102163135884361,0.9030610359603916
760,1.1614772616738291,1.0969922129808904,1.383759715905942,1.2095675601969684,1.3482089189044681,1.339820352348892
761,1.2196708485220933,1.1615508684855005,1.3853582430629354,1.186367149872747,1.3140302033209112,1.4190038669022476
762,1.0830397906372142,1.0829222265735794,1.273587659019121,1.1563485525408412,1.1998787058405422,1.122458062450739
763,1.109247820573298,1.12138498208006,1.2329064093506492,1.32991255709887,1.2659288607560706,1.3712336216063834
764,1.0037224791509434,1.0088738677182503,1.089415918764795,1.241973726048821,1.1917739195509025,1.2176197469765644
765,0.9801461953514017,1.0136945280514549,0.9899332780424738,1.2391045605098026,1.0766221269914122,1.3335645202510111
766,0.8659401313211519,0.8944307796912346,0.9015976089582277,1.1091203692019695,0.9717450656777726,1.146178697351121
767,0.7768341709251511,0.8002008381083274,0.8798814918387441,0.984296521930817,0.8659199679043245,0.9651162120083197
768,0.7568408412352863,0.774073479611062,0.8209963919503904,0.9724736638817767,0.7877622801334394,0.9382531953245162
769,0.7549531716595963,0.7270326233551799,0.7759602023453985,0.9243231638693977,0.7100655122236234,0.9336956811296256
770,0.8241762559934265,0.7921011951238635,0.8159498601482289,1.0743678039849875,0.8065690857874782,1.0861013606733523
771,0.9114928748794195,0.7940665356932487,0.8848646280576657,1.1271423836779175,0.7393280352300526,1.1102446264512678
772,0.8680207667821594,0.7123483102624194,0.9010250588466532,0.9841838145537919,0.5757735029295408,0.9393403899214711
773,1.1194699903584304,0.7462102671814118,1.0551122052552817,1.1514347169294963,0.8098574516322578,0.9087352942082422
774,0.7800324917700108,0.6842424956768124,0.7320362445681726,0.8353141031796905,0.6496203046055077,0.6810987582360009
775,0.7687079721799979,0.7631705611493471,0.7917619974823177,0.8477604577833433,0.7000796735370836,0.6969177456679828
776,0.7938386325037148,0.9141782968703364,0.7929056806345766,0.7539224028145389,0.6891900263031431,0.6779510533213927
777,0.8395812734247007,1.0717907609291775,0.7503146529573606,0.865693586625157,0.8269978032426984,0.6202746533049771
778,0.6676506218060161,0.7859810344662014,0.6355044961458877,0.7007093372055236,0.5391355450778524,0.5524622599313953
779,0.696443672073994,0.7725653432548288,0.7000350545222925,0.65192041911029,0.5411405856659398,0.6732877703405121
780,0.7615399822350922,0.7509524799914341,0.7381286587929656,0.6863778720575705,0.6478450514062651,0.6432647876506675
781,0.7099711608336126,0.720544757254091,0.6694521194275685,0.6489758299212757,0.6104876671289508,0.5709752588342483
782,0.7562072972669615,0.7341968798555888,0.7705826553330285,0.6993081318418138,0.6830110279205116,0.6268641749971939
783,0.8361153079937368,0.77093944963282,0.8802941956815049,0.7496772283428523,0.7712820478050179,0.6963261486994086
784,0.8250229689394931,0.7655205785268432,0.8402096449420392,0.7418923486212737,0.825071833970024,0.6825058548443672
785,0.8584782263513852,0.7824816693911952,0.9073406334528945,0.7813278051104025,0.899586992971029,0.7107201510844724
786,0.8946805790759206,0.8712652770232713,1.0651641513606502,0.9325693259720166,0.9070184152301383,0.7097403704976604
787,0.9162589339880922,0.9449541755929204,1.1723633955114436,1.0522629025772114,0.9738020216648373,0.7824997006889752
788,0.9444001234433257,0.9794478430596089,1.2017095768159434,1.0916654111624948,1.1223090726287532,0.8754908304436974
789,0.9878481584183243,1.0677650159820586,1.2865831041416278,1.2292047827088262,1.152885098574933,0.8883078583550496
790,1.228907727764339,1.430727687323466,1.698294049355242,1.7131637550155758,1.332199373423566,1.1069358134650167
791,1.0663638747002784,1.2174963054017354,1.2680267088026103,1.3537027383936735,1.170484359137675,1.2772448110865031
792,1.036527326178081,1.026516071263244,1.0667815382857884,1.2337582229651876,1.0114815880221155,1.2530736081193847
793,0.8969737936085425,0.8764608227214508,0.915238960688434,1.1063815031761273,0.9202249880782665,1.115424691405152
794,0.8248901742822485,0.8269638199879892,0.8369194925647093,1.0509473714868314,0.8668838461311283,1.0098031272856904
795,0.7571315325440832,0.7371172825669273,0.7875247538140937,0.8983763470493781,0.7237324205748703,0.7899124282545996
796,0.7374157041913559,0.7348762263454337,0.7735391439159319,0.8915009101117853,0.6793080625507558,0.8227500199650789
797,0.6995401378002534,0.7092487572427598,0.7290476710588186,0.8142964419519108,0.594342556607503,0.9077411043300541
798,0.7357641646079598,0.7534249469305087,0.7863533034152463,0.9662879179206301,0.6750423809884906,1.0331278854330743
799,0.7524594815036564,0.8457327610452713,0.6689337120585934,1.0460068573928603,0.7234922032125768,1.0409696673193107
800,0.7163890151420075,0.7078446704068813,0.6520112780259103,0.9087844229481542,0.5876217222915916,0.9862950847086199
801,0.8020728918199969,0.7864025480460987,0.796210031778307,1.0042197686200975,0.6954798900226046,1.177628656794356
802,0.7359076490096029,0.7670280245573063,0.7372428609323477,0.8003898759165685,0.5899385869798587,0.8146337047415703
803,0.8892897133587377,0.7457602461460328,0.9207861340317666,0.8590975994860813,0.6833665590696312,0.7883943982805852
804,0.9308291888525572,0.7675350833872856,0.9046072774726817,0.8870509916933541,0.7060448808695462,0.7709354277291016
805,0.8656738451388089,0.7737902260395985,0.7809994248516979,0.7720871749637004,0.7015630450648423,0.7773822577050647
806,0.8040455227664062,0.7463054733953891,0.7585851973532947,0.7332676260445646,0.6412687244807641,0.8013505124495188
807,0.8091919750760033,0.7725805020897051,0.7730474720494823,0.7232688453149515,0.6238619781625061,0.7818468757548955
808,0.8769108064331044,0.8192331722215856,0.7865938603450404,0.7659281982049264,0.7454612505491468,0.7758584622866299
809,0.8092432883258284,0.7743914251786096,0.7729313010298168,0.8026892989700286,0.7138459335206835,0.7528684065271137
810,0.845390320140261,0.8639204758785191,0.8664738046804207,0.9195005127335271,0.7207074860298472,0.7974536807507372
811,0.9167874825090072,0.908790457536763,0.9879665148116775,0.991817699037652,0.8687949717555181,0.8881558749090228
812,0.9997545214274556,1.0395439739833878,1.1873499471097941,1.1327298960587242,1.0063493121497367,0.9830656809577166
813,1.0283985255838133,1.023187063371658,1.2036214289547438,1.1666828258334119,0.9859658921464587,0.9174577685754465
814,0.9656115486856146,0.9003224310633007,1.0228794063911473,1.0715926892823437,0.8514649350552879,0.9305507182783701
815,1.1101704374378303,0.9708506213067379,1.1447097072511243,1.2029117367725721,1.0036998326826705,1.2043967091407932
816,1.022407444016954,0.9308937572655037,1.0583771218538003,1.124219825620134,0.9516149201279258,1.1931982487145885
817,0.8817568695340641,0.830760283614556,0.8876789331765543,1.0033895663832657,0.8231495264216968,1.0334354827213372
818,0.8964485091999893,0.8834866682630741,0.8437472434174627,1.1268219836337698,0.8322054002333625,1.137095032083501
819,0.8510792184119937,0.8366495589478627,0.8043165198001448,0.9984424324764426,0.798876880139401,0.9907654333407993
820,0.787878708408046,0.7557577281721753,0.7500825334264714,0.8824468258054017,0.6676879397462753,0.842587516130428
821,0.7333772454337275,0.7195007813047604,0.6580014688309181,0.8784029838836043,0.6689843030923179,0.8466865968161661
822,0.7372500498814648,0.7367230559032362,0.6241385241784441,0.8430999505336058,0.731640018730181,0.8548610053357736
823,0.7377498925338738,0.7359023934485646,0.668852285732015,0.8574037004606342,0.7318512044672062,0.8249088738401452
824,0.763216631526377,0.8125478201921972,0.7355103242373858,0.9392383120570464,0.6951703556953474,0.9431782363637011
825,0.71647451779392,0.7612834158135865,0.7127761542666442,0.8486487713163168,0.6597834683984036,0.990599608746748
826,0.853026801203398,0.8996479291514632,0.8703792371109684,0.8773273770885252,0.7200694033921655,0.9408205615611798
827,0.715750042561325,0.8773919363846551,0.8024340336167805,0.8379559721540114,0.685930702436098,0.8421899862418822
828,0.7696318911430264,0.9206632689774551,0.8709190143970655,0.9057746075211474,0.8521084857039157,0.936135473070202
829,0.8569289352652182,1.0186677402216713,0.9656893557861647,0.9529434170142,0.8402311533446246,1.1164247473982756
830,0.8766169193070444,1.0469441582117862,0.9513156864525315,1.0421478267154283,0.8822356950309836,1.343685159458187
831,0.9195888674899146,0.881959307027008,0.9536562912422925,1.0004745036648701,0.8777424492251172,1.2656753178878557
832,0.8353421795596495,0.8250677769088153,0.8782507889437924,0.9200732083186459,0.8587512895471507,0.9488288072899832
833,0.9933879563119005,0.9070201286454265,0.9798533179620255,0.9697526562785748,1.0273829894552853,1.1397859280592042
834,1.0808951505968227,0.9510765070530223,1.0148964574488468,1.0241827101892074,0.9563049571953455,1.0073919580511213
835,0.9354773822498812,0.848409800998078,0.8789190955808729,0.9482980782339157,0.7687914638141042,1.0154758034086584
836,1.0307157040991144,0.8588762185151951,0.9812614135795391,0.9971178058512815,0.8397394187067837,1.051258871254994
837,1.2508014319913257,1.0624164805911962,1.139548773570834,1.1962053278102898,1.0149177355458758,1.099606767562005
838,1.143172292680826,1.0693979289946063,1.0643054622365955,1.1415959638328383,0.907890266775472,1.1727252731648659
839,1.0610029989444623,0.9375277691779434,0.9748487700011225,1.0897939527360523,0.8447269465210565,1.0851316008259846
840,1.240618426751616,1.0982243360499166,1.166856041177491,1.2777097353880176,0.9711099772626142,1.2203580681964712
841,1.3844969560465528,1.2906346451645023,1.2853277057743624,1.538972262960284,1.0862698612302057,1.3841987628768608
842,1.1811127922127327,1.1459196849244286,1.1569652510824993,1.4408123838526115,0.9988949310704236,1.2421438830229412
843,1.1955353803528384,1.164787238020925,1.1502700707483102,1.3795583861611698,1.0125495701394205,1.3453631009051552
844,1.0534788557490404,1.066439826210294,1.0649641325955235,1.4047982101068401,1.004799569600309,1.2688523967843892
845,0.9774451396942928,0.8892427562145554,0.8981279970623554,1.0958259271405975,0.8287816539415424,1.0694693138506988
846,1.0545496270101788,0.8998945465834712,0.9091566791593811,1.0793786146973061,0.860121838989335,1.1329432064969447
847,0.9205542480075125,0.8492282997244988,0.7880708991162083,0.9931120562076741,0.7651264375912443,1.0174895671197113
848,0.8295000692725583,0.7472427900704887,0.7446583922676645,0.9035878762840589,0.6461138799764559,0.8385901406944973
849,0.7446497197216321,0.7131174650537572,0.6987919380746065,0.8814141428274745,0.6451430144116009,0.8116201064957019
850,0.7774981195660627,0.7421463046366679,0.7042849477858667,0.8435712403582446,0.694118284114241,0.7542754916219724
851,0.9072322827571192,0.7873053562019484,0.7663948110760529,0.8249031395074176,0.7703762709550758,1.0743450829322285
852,0.8490810408116648,0.8042136733777864,0.7872810254155623,0.8693673277002238,0.7505205568236948,1.0214175506896255
853,0.7815237317011524,0.7783112639251871,0.7667388200914805,0.8484940281130126,0.7481285427372186,0.8912314732857818
854,0.8710025807042067,0.8865137791685194,0.8483340713153399,0.9491606486916142,0.8913899828045906,0.8703307670947393
855,0.8230208790318806,0.8596562710775141,0.8320635188700255,0.9677553180421999,0.9123788996299796,0.9100901518742147
856,0.9678989119660617,0.9265156294102095,0.9631615350875725,1.1306781279079823,0.9977770418773672,0.984200146111801
857,1.0533210806841826,0.9794504343087066,1.0462899501496012,1.1511446963092913,1.0105508479036605,1.1549911134470396
858,1.2488380784016717,1.1214129793474192,1.1798765805320275,1.3040728074579904,1.1602501324468044,1.3123905676530971
859,1.1726340564838125,0.9728205227515239,1.0359539020287258,1.1516535364384863,0.8885247312150103,1.035392792663213
860,1.0642855540975362,0.879974369407137,1.0559803891912416,1.21196130795774,0.8477724264014409,0.9158108470362977
861,1.1658055377757666,1.0493570835699118,1.2037757599778913,1.308227499162254,0.9776119048066398,1.1079859945617707
862,1.1183801567761302,1.0060496651366544,1.1286266559298672,1.222655343662185,0.9429664259438495,1.1302431286285695
863,0.9890612606998855,0.8424791829945062,0.973826226496514,1.0120890993533491,0.8062193605043153,0.9272098081932262
864,1.0322546620951603,0.9333863995607664,1.0275938185113513,1.074561045678612,0.8799851392430462,0.9411638980734981
865,1.2123842276855816,1.0517731337439298,1.1210930670514414,1.2229269996532375,1.0041989530618316,1.1327317149618876
866,1.106463395469514,0.9360227773692124,0.995275614417801,1.1282035586108172,0.8992301005573359,1.056636973351326
867,1.0486269263142056,0.944379489063719,0.977311805449013,1.062613315518787,0.8751508569922171,0.9380283084434473
868,1.2573156103082423,1.10767992312617,1.1440678444829493,1.25170353891615,1.0196187659915457,1.0802999717178987
869,1.355596049436242,1.1465896628029866,1.1888910540788096,1.3922717972301413,1.0279405002171467,1.2622624076833961
870,1.2207878551955864,1.0531181132167033,1.058991824774597,1.2155651606350764,0.9042301540991341,1.1616324052084577
871,1.3033940391691201,1.227587956163116,1.1189889963855306,1.3065415257850637,0.9818722881062617,1.311492461955683
872,1.2643077896335735,1.0906464249419587,1.0857246893497592,1.2795130689149083,0.9689988898743869,1.3044045353633802
873,1.0493303101680718,0.9529312389589752,0.930172384540907,1.1152391792935397,0.8722889988365583,1.0717098497165582
874,1.0034675352018796,0.9393401950346973,0.8754767324512732,1.1089269913865263,0.8732714537876805,1.0749126561342826
875,0.9248992946216984,0.8344118914391334,0.8028899794046126,1.0076441707924757,0.7648528087273341,0.9752766059222776
876,0.8558133139410972,0.738210713115512,0.7638703576090906,0.921873482549375,0.7154251624846124,0.9044543863456862
877,0.7954948451076778,0.7415443517623467,0.7427787576448212,0.8939974551019692,0.743170972587343,0.9006857854166246
878,0.7843402366640474,0.7275832784994628,0.7548870595809144,0.8671738610951755,0.7812867134329925,0.8759358152123387
879,0.9101801605012706,0.8007103914718842,0.8846705437934194,0.9581690175840665,0.9124581657501524,1.1161511823940873
880,0.9661152488145731,0.8459443469520534,0.902030920087975,1.0033172250868594,0.9729610784796917,1.192825100667735
881,0.9545495146694796,0.8326021564337056,0.8808921971649339,0.977048073379831,1.0110478238316238,0.9472862139503612
882,1.0424146984477192,0.918909923393414,1.0182066179415765,1.1126985075495468,1.058165258884266,0.9916493234371102
883,0.9959054677941768,0.8888131909169134,0.9929761429657041,1.06931107490087,0.987351278621471,1.0089642038782776
884,1.1450767649922566,1.0302518034726054,1.1503430945496238,1.1881491370836217,1.1973179360281982,1.2719954665104463
885,1.1860186269452855,1.0304757011376848,1.1890086354283664,1.2441391322515643,1.2406219639193188,1.1930416359229246
886,1.2458962608529325,1.116324772851425,1.2608722648062838,1.313169918577498,1.2307563081316428,1.1649851583162105
887,1.0950001401046603,0.9988855313522468,1.1387152697908192,1.1942360821771703,1.1000428733358225,1.0640493927897385
888,1.0394986082538213,0.941897482053896,1.0758609489823454,1.120513124594331,1.0527320301702205,1.0263910062361885
889,1.12944562827747,1.034206093908078,1.1774582203492088,1.2016888986730736,1.0731816527743274,1.044109740395647
890,1.1580379312562032,1.0314799906613852,1.1542356051988338,1.1783610330655823,1.0459203994841875,1.0587809623243727
891,1.023688768491766,0.9409401049537558,1.049766367221739,1.0962980811342904,0.9148387862016034,0.9795894268273994
892,1.0750319652095452,1.000166339977839,1.1105180495033042,1.1452505773047654,0.9812641076846775,1.0233210181157741
893,1.1918756305620215,1.1313370474594089,1.2301240443163088,1.2203322960370067,1.0502489545369347,1.0766128459159532
894,1.1262204001899638,1.0554316023128925,1.0916273017346578,1.1288166835495401,0.9795393197547364,0.9966284308461043
895,1.057124505918035,1.0114691905511957,1.0111941811114125,1.1271013144854203,0.9416666600477522,0.9749120944111546
896,1.207599737663003,1.1954593746572242,1.1832718538927531,1.2748168941024371,1.0392250403821193,1.068115351590377
897,1.3189968060226023,1.244926598914295,1.222505713494219,1.3460275994121498,1.0959417701723528,1.1507498453994587
898,1.159715404355071,1.0996867910645982,1.079650731471259,1.1984583471702042,0.9546922395240776,1.097000101385029
899,1.2256360040859506,1.1708589954080957,1.118620876044294,1.2810830128616597,1.0286032291776077,1.3048807467595496
900,1.155679272531609,1.0889664607790979,1.0317091442531368,1.2200119670551361,0.9811327994629607,1.2192174208988766
901,0.9917357104487099,0.9455334424555449,0.8942638482839042,1.0740207518219285,0.897993101894867,1.050526654133189
902,0.9999102095293174,0.9756609654220046,0.9225508708389515,1.1215544902038552,0.9807546488625898,1.1640798638278622
903,0.9270315885223109,0.8988508325519128,0.846683959828237,1.0507720071293833,0.9174595663901396,1.0888071885395467
904,0.8535258541806092,0.8197707213602797,0.7990408931785371,0.9824898163798239,0.8763837025443938,0.9839277863832991
905,0.8656576957794555,0.8313096057183923,0.8511270420948857,1.009247002941396,0.8931866461656472,1.0251277621374866
906,0.8567627940290357,0.8216969579222412,0.8721886887895943,0.9729469160408276,0.8962822782549003,0.9669147296958246
907,0.9612217051521103,0.8876529625654426,0.9579708808574763,1.0421936460974623,1.0375410616910536,1.1654651035031862
908,1.0752816819759552,0.9132901245760484,1.0503432912406225,1.150151907020953,1.1227555696077838,1.3551480740973643
909,1.0520084758268566,0.8793443659368272,1.006917092440002,1.080534180458183,1.1141795669602188,1.205018740092704
910,1.170449398888992,1.0866995470828078,1.2228647646710489,1.2148241618357345,1.419564208202539,1.5905018777682312
911,1.1941262235124206,1.0607683630602676,1.189936314866239,1.2059554972877247,1.3829567554639675,1.400520769764169
912,1.379168616849215,1.2469421925182227,1.3531416297656156,1.3557971657044883,1.4364484842882157,1.5701052601460532
913,1.4318769275352796,1.2751460124405598,1.371520960461283,1.4139889943660136,1.453770950859739,1.5807384681869014
914,1.459552248627194,1.2918622244713802,1.4158680220749602,1.4674393170609603,1.5078817157105882,1.4820198677076544
915,1.257148577038446,1.1172780017782145,1.2364678554887714,1.2709601368600298,1.3010990719834405,1.2917406045202915
916,1.2407218369879522,1.112241812612427,1.1987907536245548,1.2352029742164563,1.2713670624534066,1.3510915535955241
917,1.3062151394388248,1.20862000921148,1.2997060837384529,1.3041749272672825,1.2791087837682698,1.4011380934910762
918,1.2541202659036987,1.1689944984583058,1.2996020945977518,1.257751836947687,1.2485636550198702,1.2643525094266186
919,1.1062448077221283,1.066679681888631,1.159100136595329,1.1519634652641944,1.1639179783038358,1.1595590578880035
920,1.1864983246043692,1.1956365458824696,1.2270759860953604,1.2106036632017576,1.243755125883922,1.2896220652350292
921,1.255310869065103,1.3102103412444184,1.365583219080748,1.2821149673941397,1.2885667574983009,1.3140607170449816
922,1.1265717865894203,1.1490352478270593,1.1908740573176126,1.1983631861323232,1.1300500290600974,1.1115227414367221
923,1.2046413853145113,1.118832412116741,1.164768650514379,1.1755920411977188,1.1573434910059262,1.1471550194491578
924,1.5187596433618513,1.3426368785291531,1.3928364315001165,1.3083047378124293,1.2764079214341073,1.3079270288970752
925,1.5149075735750606,1.452276585966268,1.5251171731302005,1.393029506886304,1.3251302082044283,1.357998854082326
926,1.2856493609303774,1.2662357214729991,1.281282990720584,1.258040574211673,1.188377597324526,1.2428726706118112
927,1.238862861949763,1.3062592123354788,1.3377700239538477,1.3069101111468289,1.2593476594715582,1.3650542983593261
928,1.1590409124848353,1.1704288946475305,1.151856141487613,1.2588860659913517,1.1698674819848807,1.3158742884920052
929,1.0371534101168034,1.0330835010622144,1.0115943247322283,1.1549012783282724,1.0916645145300472,1.1871013087128384
930,1.1541186975723845,1.0979413536256184,1.0406658304112242,1.2113774313410743,1.175373037027717,1.3213073049742523
931,1.0891128340102252,1.0015538196747642,0.9782721870496954,1.1238687457652101,1.1318956469455637,1.240297051285906
932,1.005622039525776,0.9204745183044842,0.9116296555116282,1.0692722338515483,1.078446883888497,1.1411110057177818
933,0.994794200168994,0.9187552408212506,0.9279073837856266,1.0716215743862023,1.1057165619720388,1.1812220277862637
934,1.0383812712482845,0.9626538747243392,1.0077595539566169,1.1091565579863725,1.1658824097610065,1.20955032351427
935,1.180107369696856,1.0452919638801934,1.0936436896430992,1.2114610128990722,1.2528495655903782,1.386580112285147
936,1.3319107096727558,1.1062430506238579,1.203022608639843,1.2908341699457297,1.3876040467357564,1.517000176367396
937,1.200332874548263,1.0428622404431678,1.1642170694496483,1.1707366575310694,1.3025447525919742,1.4118492621022911
938,1.5000312798298152,1.267871157140678,1.3716519462845138,1.433003784450363,1.5671167092210367,1.5723829245802579
939,1.4126227919205292,1.1743150250649286,1.3074489183493376,1.3645803801402598,1.488619309301166,1.560025327488846
940,1.6251151301691047,1.2973212853421063,1.4505208031497119,1.5790811583637308,1.5422900064728657,1.7963994830524905
941,1.7057803495090569,1.4040791416963962,1.5175656377007913,1.6338925141929763,1.6914302140156592,1.8896176101789297
942,1.6525139858175537,1.4075541806837366,1.5273178564101089,1.5908533530095432,1.7030962802946787,1.8500919031249201
943,1.4217059642318235,1.2350249561108926,1.3640101609888902,1.3965563445834794,1.4546750532967851,1.61472138884485
944,1.4207693338167482,1.28641634844701,1.3749217826694524,1.4100475608656555,1.4983289029478704,1.6744081961061075
945,1.4697990299495916,1.419419785680761,1.4836590776700689,1.4446255560712837,1.6195464171769423,1.774756951402674
946,1.3536166008091142,1.3160906344864975,1.3667112036684,1.3560767278594563,1.4361454196276495,1.506910793015528
947,1.2878356174786887,1.205636791628854,1.2530325748328932,1.2794377662459706,1.3481653744534414,1.4528759255979646
948,1.4263563745367813,1.3430842020162361,1.3652910512475458,1.3860383131806857,1.503767499362344,1.6577716520435084
949,1.4592243665089362,1.4005913275592177,1.4180356031395718,1.3855537790609722,1.4664692054474753,1.5834107437632265
950,1.3377103154320633,1.261022457760311,1.2752981516580293,1.2736066970544033,1.3254678091516185,1.3994287094571862
951,1.3961936863565976,1.2878649031468141,1.2855063917937661,1.3309036134123848,1.3960845395982453,1.5427085105460767
952,1.5694162723167395,1.4754644587013812,1.4618728460567993,1.4551429524308765,1.5423409330017641,1.6595559662385064
953,1.5302845503454907,1.4198082779657024,1.4146979785703546,1.3815045183290895,1.4456061458606333,1.50279709562415
954,1.4164841223362366,1.2773640615981685,1.268891240936559,1.3058587870781115,1.3625115296661576,1.4127306126150743
955,1.4815978752782788,1.3801017642864206,1.3056341282164057,1.3795349384359286,1.442563447817486,1.6027923425905999
956,1.4119052816991398,1.266760694324178,1.1906685269039077,1.3486788626960766,1.362960010441264,1.509523758972758
957,1.2591365743157314,1.1584604535909522,1.0989064086148819,1.255579582395974,1.2988944171944126,1.4086057339287201
958,1.372403847699962,1.2314297501951181,1.177834949877661,1.3376823879947513,1.3992260717123781,1.5595978805812079
959,1.2962623614575115,1.158832192087574,1.129023496570581,1.2840334509290676,1.337452983616919,1.5042263163771068
960,1.2153210139712862,1.1106848460122911,1.084562902031254,1.2187939779775967,1.329274306505236,1.4564995439120418
961,1.232778470504931,1.0756829617528858,1.0966736781449236,1.224921522229928,1.3836922038743265,1.4765981703073852
962,1.2878556479560388,1.0789421823702339,1.152419388955033,1.2462066091171649,1.4203879406947422,1.5424631147953385
963,1.440370126355579,1.1790249296449733,1.255950646243728,1.3859908764378057,1.5252638592816792,1.704805411098201
964,1.5538397792420264,1.2563239834563342,1.3740053957421068,1.4792879228172457,1.6600435132421638,1.8054753831498294
965,1.4814659345923076,1.2307079992899397,1.3488605044191766,1.4142189364589275,1.5992134434121714,1.7249432374675482
966,1.7727633299292684,1.431258415988035,1.5584686908923608,1.627359192933457,1.9051979289306444,2.0311496925038672
967,1.686335300731557,1.3730171876817243,1.4908405455871596,1.6368144599356167,1.6611234930048786,1.9695458622326678
968,1.9882089000234735,1.5194544238520116,1.6864372197716306,1.9764896272606804,1.963152339969417,2.293516859718817
969,2.022069381443616,1.6386585099653805,1.766834016658823,1.9815787629136443,2.062557466593473,2.472494133775043
970,1.9792948802167298,1.6125633613856392,1.7230723428696813,1.8863175633193974,2.1719076483278883,2.392253665894441
971,1.7458245229705713,1.491090740492327,1.5368545769143342,1.7271954681905006,1.9244087225303415,2.141995148474151
972,1.7587304017409735,1.4886772832750816,1.5258542605615866,1.7304011124578935,1.841833423158449,2.220935983757267
973,1.8296577073180273,1.5788389488396524,1.6477211175949094,1.702870473262271,2.142547886202717,2.350198634657473
974,1.6640195807490112,1.5261062385923816,1.5853620955221295,1.569645925800976,2.0791337391779803,2.2065105708911386
975,1.571077251882186,1.44056296502247,1.4516358574982826,1.5069443812638286,1.8742836290803777,2.0538809308176282
976,1.7656007096640929,1.5606474361879392,1.5890029713962395,1.601914017125866,2.0171186977320814,2.2396851745308672
977,1.780826619228191,1.638735404411663,1.6559700667003554,1.6151361179647006,1.9692744750089992,2.2084009650704814
978,1.5757260669393525,1.4674331242628371,1.499442118718018,1.4908372851913836,1.7260456288653596,1.951845488272346
979,1.5946954170720054,1.475014554424516,1.496711342340463,1.5131730030043684,1.9534854059908298,2.0685186106603193
980,1.7607936272146496,1.6633599247900408,1.6777317430773646,1.6813272649900666,2.123941418595724,2.357965268370407
981,1.700486058365146,1.6115672891384891,1.6088313254009405,1.613601178171735,1.9734631951855504,2.1465147865443583
982,1.546194465022106,1.4831810351340273,1.4672322575929275,1.5137113888458824,1.7468065430468713,1.9366762793639136
983,1.6759410081854433,1.6116048974109891,1.6821493930683162,1.6670995871305145,1.8827506448021096,2.129306734181271
984,1.549588793433703,1.4829866055054695,1.4268041452736673,1.5272243112414616,1.5862801811384781,1.9006302597636877
985,1.4768914928330352,1.3400178299584724,1.2925034575763445,1.4305790602704536,1.5337972707092653,1.7747447336218791
986,1.5797591200340513,1.4159229082198344,1.3966081406888604,1.5170457276671085,1.6615452067562608,1.903404897392686
987,1.5367458595539845,1.3501572290029262,1.3410623546749996,1.4727675233867858,1.5767195052998297,1.8646863261455147
988,1.4829264781536786,1.285812535238301,1.3080907878154497,1.419665997596467,1.5786562767203312,1.8412258348451493
989,1.4868497341613234,1.2369547650148942,1.3244156726434808,1.402705878099775,1.5977542134142748,1.8230009150579072
990,1.5821879287927925,1.3050421786670139,1.4226009853867618,1.4691784708019122,1.6823995598506183,1.935739047613549
991,1.7350319952356734,1.4248812556491277,1.5452707367614487,1.585181680557221,1.8610289530020234,2.069350892967942
992,1.8180612419458653,1.4888989863134878,1.632499762523133,1.6731871068663888,1.9804467328384776,2.1464809994411493
993,1.743972071723542,1.4515517886683924,1.5956213596439444,1.5890990582481421,1.897856410928548,2.1316746467267587
994,2.01417197061524,1.6793728151867544,1.8472333894071202,1.8527038174932162,2.211699926805071,2.3765508488798988
995,1.9942328799562266,1.642520312142597,1.8150928317656456,1.8723999781197591,2.180047570385246,2.4456843348217268
996,2.253478436081942,1.8363860921113957,1.9738900242584883,2.113022282829787,2.3518090325690966,2.714130367545396
997,2.3929693870087845,1.9626142314816237,2.114631284879527,2.228959240728196,2.4642410039362526,2.811983723571841
998,2.3459521172556084,1.9889256724271582,2.2056364751712025,2.260116176487985,2.510184101021076,2.9101111389917613
999,2.0500156432452665,1.7776071585179896,2.0379266019570017,1.976236896916654,2.3716528397451886,2.6982283593116025
1000,2.1616704549839,1.7475266562084837,1.9483071004774224,1.9649211247458764,2.305839582693558,2.686081498131778
1001,2.314461885606067,1.874035761173248,2.0622945469272422,2.076323807757501,2.365004433903763,2.8386637882298533
1002,2.116641376093208,1.7957435108012187,1.9304932072584808,1.9145230750668771,2.3172287721669678,2.619058119170277
1003,1.9577998669134737,1.641230031056952,1.7756379277221583,1.7592371012633532,2.227676446058109,2.493492634902258
1004,2.1344858453778937,1.7838094397773323,1.9581629201750161,1.9348799964391807,2.3052475113622917,2.7193494789987076
1005,2.158221561587828,1.8665405221006601,2.0164143362602087,1.9973869543306353,2.3082283031210156,2.728280066302268
1006,1.946181620322944,1.7134597010379535,1.8022638536776545,1.7698997191144112,2.1862378476777966,2.5170553714505206
1007,1.990987227193023,1.7388978011361271,1.8513325515624788,1.8422553550751648,2.203649723346919,2.604988752979527
1008,2.2048759661495323,1.9746344038096393,2.2357643237991023,2.097151210165087,2.459686570568194,2.937815613381358
1009,2.1617190931646166,1.966469364855295,2.1675111788136703,1.9343447970579017,2.395305991268844,2.8235330709875037
1010,1.91250872221283,1.8015142061915548,1.8840955774583399,1.7847993862007308,2.1302319619335095,2.542928795211234
1011,2.0118822820253737,1.9020465546016385,2.0325718119128644,1.8738985798559422,2.201097894651911,2.5791808227768094
1012,1.8264473977612559,1.6920877594968922,1.7912210808453732,1.7184618619063248,2.0114231482336895,2.187697576259691
1013,1.7699367961464711,1.585565746913533,1.6124938300051346,1.6795664998158635,1.8437728414980266,2.1453548840739654
1014,1.935874801435972,1.6852051295600434,1.7258665257994374,1.8187088883883493,1.8723453829970773,2.2548715011980596
1015,1.8682600233458688,1.6303068932046703,1.6741055663180837,1.8023916630451664,1.8154727250740696,2.2189641191853338
1016,1.7789253950088266,1.522019002783886,1.5743218815841595,1.6953038743658382,1.7905468064230132,2.1414945332618456
1017,1.8015907193445944,1.484560913921437,1.581000675672622,1.6594193677979179,1.8565693006183455,2.1405761844672093
1018,1.8937416792378368,1.552670955428556,1.6671593929298716,1.7388909072067331,1.9737553152204412,2.2473284878694355
1019,2.0221223200023966,1.6571056604650156,1.8634874362641671,1.8629072271939628,2.1393737286910626,2.3428414900162546
1020,2.1100085911381394,1.7353867573020159,1.9668717662310484,1.9597260940535197,2.257003079556096,2.4468784742859566
1021,2.0965848608912157,1.6930324033544168,1.8908486834324136,1.9292946069707082,2.2253449728693364,2.462168068726189
1022,2.3671186229282872,1.8876001359638168,2.1912922549070606,2.174283673557001,2.409104055177019,2.849867377658484
1023,2.549805926978922,2.033077027145755,2.190078345932036,2.371134146188967,2.4795357674075693,3.0223469207879727
1024,2.9454805643278283,2.291072087401344,2.441722540254775,2.695096825439968,2.7498122638590723,3.434135168953307
1025,3.211365088135114,2.4957174789324847,2.647915101502034,2.8846395400104883,2.902075326063151,3.6141720410872105
1026,3.3063555768627175,2.560565460267504,2.665368209747554,2.871561292780655,2.818526834982388,3.7513256561256183
1027,2.874085214350638,2.268553825158684,2.41616715772234,2.5425670198217722,2.666883191295997,3.4608868116342055
1028,2.8106129585170176,2.1902170106916286,2.3380416275331686,2.5245382429281675,2.625785913460994,3.2412660512827403
1029,2.994048153363845,2.4285699338095035,2.6310260755273425,2.755915811025048,2.760895231834871,3.5215613435472326
1030,2.8566184893941546,2.3636872818471946,2.5113114863581782,2.619996906686429,2.708811676277674,3.475628585583056
1031,2.6180890114516244,2.1053613639578472,2.2632566182953813,2.3969687954475005,2.447054385213332,3.1722419358811145
1032,2.791702256928963,2.2062490257902767,2.5438059515785216,2.6064138572356765,2.5164523536170473,3.259605628157773
1033,2.872125234619018,2.3299626354444434,2.4984997484445963,2.718689858368568,2.7665208986650756,3.4052183073408693
1034,2.6141353590484933,2.181679499773201,2.358644849789001,2.4898788595412946,2.6465670464019806,3.1881482971669017
1035,2.4351572695640757,2.0258718630166315,2.1973192095345695,2.2803743723568104,2.4824456802960744,2.931029899814523
1036,2.468496373032906,2.06120324410736,2.288491366679983,2.3458751951273977,2.43139403962223,2.8689971130369245
1037,2.1602651443679424,1.8248239901356935,1.989466074180814,2.0581708783977355,2.126081411167961,2.5277539660687562
1038,2.1009613942745635,1.8089849877739346,1.952946314424457,2.044340328199462,2.122041727891662,2.4896461459546777
1039,2.1407279715147016,1.7863867870739727,1.9627122808728414,2.00566202127844,2.1543853274885114,2.488767923740034
1040,2.271658535178197,1.8843786740976147,2.118218163454328,2.0988342407625518,2.3304413985421237,2.6935044929789567
