#"Progress (%)","Step","Time (ps)","Potential Energy (kJ/mole)","Kinetic Energy (kJ/mole)","Temperature (K)","Speed (ns/day)","Time Remaining"
3.0%,152500,610.0000000014564,-3515859.1993610896,575090.3498019662,311.7048890517489,0,--
3.1%,155000,620.0000000015042,-3518390.5371207055,573670.1248590884,310.93511251420017,113,4:06:15
3.1%,157500,630.0000000015519,-3516022.0899413247,575145.295630961,311.73467025662666,112,4:09:13
3.2%,160000,640.0000000015997,-3517917.6163204685,573561.6173243732,310.87630031350625,112,4:09:04
3.2%,162500,650.0000000016474,-3518625.095000852,572659.781397543,310.38749595848225,112,4:07:54
3.3%,165000,660.0000000016952,-3520946.685783053,573413.9728819779,310.79627550600986,113,4:07:16
3.4%,167500,670.0000000017429,-3520334.7691055182,573980.8325203713,311.1035192647587,112,4:09:27
3.4%,170000,680.0000000017907,-3517892.4403796718,575056.5541115117,311.6865714396603,112,4:08:43
3.5%,172500,690.0000000018384,-3517135.1879184786,572866.0175372566,310.499278069015,112,4:08:04
3.5%,175000,700.0000000018862,-3516968.3410480004,576025.8718420991,312.2119516269173,112,4:07:28
3.5%,177500,710.0000000019339,-3519153.176867513,575754.8630282287,312.06506206028035,112,4:07:30
3.6%,180000,720.0000000019817,-3516437.881788967,572953.1482420209,310.54650380784176,112,4:07:33
3.6%,182500,730.0000000020294,-3519437.5270174965,575483.4723733601,311.917965531892,112,4:07:13
3.7%,185000,740.0000000020772,-3517476.7336113043,574399.8108038197,311.3306098069706,112,4:06:51
3.8%,187500,750.0000000021249,-3520160.009367125,574082.0604031186,311.15838581915585,112,4:07:32
3.8%,190000,760.0000000021727,-3515673.1909300815,574147.6336992092,311.19392722058905,112,4:07:09
3.9%,192500,770.0000000022204,-3518944.884000104,574155.0508591165,311.1979473976043,112,4:06:46
3.9%,195000,780.0000000022682,-3516023.989896098,573036.5736660457,310.591721246369,112,4:06:26
4.0%,197500,790.0000000023159,-3514679.816198103,573685.815892918,310.94361721604514,112,4:06:51
4.0%,200000,800.0000000023637,-3518467.0960078984,574813.0724327918,311.5546018636143,112,4:06:33
4.0%,202500,810.0000000024114,-3517136.4137001596,572676.7229967376,310.39667847962716,112,4:06:14
4.1%,205000,820.0000000024592,-3517036.4671311583,571426.6646268434,309.7191339761761,112,4:05:57
4.2%,207500,830.0000000025069,-3520728.4411414377,575047.7830664075,311.6818174429327,112,4:05:39
4.2%,210000,840.0000000025547,-3521709.0905902777,571984.6296466547,310.0215567601003,112,4:06:04
4.2%,212500,850.0000000026024,-3517913.706733117,573985.4753197093,311.1060357097886,112,4:05:46
4.3%,215000,860.0000000026502,-3521879.845350869,574258.6797032247,311.25411529777244,112,4:05:31
4.3%,217500,870.0000000026979,-3515807.784335766,573376.2527136755,310.7758307865327,112,4:05:17
4.4%,220000,880.0000000027457,-3518723.822788261,574808.2388356236,311.5519820041965,112,4:05:34
4.5%,222500,890.0000000027934,-3519446.6751183122,575747.5412317709,312.06109357123626,112,4:05:18
4.5%,225000,900.0000000028411,-3517666.1567701977,575974.4886159534,312.184101389454,112,4:05:01
4.5%,227500,910.0000000028889,-3517534.5796084087,575499.8492186478,311.9268419506064,112,4:04:43
4.6%,230000,920.0000000029366,-3520414.20809051,571360.0455131012,309.68302573081104,112,4:04:58
4.7%,232500,930.0000000029844,-3516597.871349508,573697.9298842305,310.95018312402686,112,4:04:45
4.7%,235000,940.0000000030321,-3518789.453777427,574474.4798926882,311.3710812217133,112,4:04:30
4.8%,237500,950.0000000030799,-3520239.6767926943,574372.4240959939,311.31576592943503,112,4:04:17
4.8%,240000,960.0000000031276,-3518662.9441123307,572823.8324611662,310.47641332355903,112,4:04:30
4.8%,242500,970.0000000031754,-3517946.023994731,571095.1730351243,309.5394621213902,112,4:04:16
4.9%,245000,980.0000000032231,-3522726.454300184,575467.8510871823,311.90949863399226,112,4:04:03
5.0%,247500,990.0000000032709,-3519337.183241468,572671.3542894886,310.39376858503766,112,4:03:49
5.0%,250000,1000.0000000033186,-3520038.640801372,575252.7403746322,311.7929064136353,112,4:03:37
5.0%,252500,1010.0000000033664,-3517760.140958341,573442.1376663374,310.81154110903555,112,4:03:52
5.1%,255000,1020.0000000034141,-3517982.227471102,575066.3831704229,311.6918988907616,112,4:03:45
5.2%,257500,1030.0000000032912,-3518363.9738497753,574394.596355353,311.32778352222886,112,4:03:33
5.2%,260000,1040.0000000030548,-3521301.104136059,573933.9196962861,311.0780920312264,112,4:03:20
5.2%,262500,1050.0000000028183,-3517556.3012493122,574870.5747667362,311.58576872048917,112,4:03:29
5.3%,265000,1060.0000000025818,-3515238.9834768455,573643.8617087502,310.9208776163878,112,4:03:17
5.3%,267500,1070.0000000023454,-3516259.6065420974,574350.1885892006,311.3037140558809,112,4:03:04
5.4%,270000,1080.000000002109,-3518117.2629887313,573716.8593047813,310.96044306480775,112,4:02:49
5.5%,272500,1090.0000000018724,-3519247.5325330812,574755.6145107506,311.5234590784482,112,4:02:58
5.5%,275000,1100.000000001636,-3518207.4898459483,572493.721281721,310.29748966643433,112,4:02:46
5.5%,277500,1110.0000000013995,-3518536.8819082826,572548.219978111,310.32702852083787,112,4:02:34
5.6%,280000,1120.000000001163,-3516554.4428293556,576382.1020544773,312.40503206873746,112,4:02:20
5.7%,282500,1130.0000000009265,-3515800.8859665655,574425.6878906311,311.3446354543777,112,4:02:26
5.7%,285000,1140.00000000069,-3516155.9654125497,570740.0845128603,309.3470004873635,112,4:02:14
5.8%,287500,1150.0000000004536,-3517881.1183243655,573340.5008046133,310.7564528838233,112,4:02:01
5.8%,290000,1160.0000000002171,-3518570.5994588584,573906.1856014791,311.0630598663714,112,4:01:48
5.8%,292500,1169.9999999999807,-3515838.5123359244,574030.4827025299,311.1304301745426,112,4:01:36
5.9%,295000,1179.9999999997442,-3517826.8997638803,574794.269320739,311.5444103833395,112,4:01:43
6.0%,297500,1189.9999999995077,-3523036.2762283757,574898.9766114643,311.6011628126746,112,4:01:31
6.0%,300000,1199.9999999992713,-3516647.2833895925,573851.8098351199,311.0335876413098,112,4:01:19
6.0%,302500,1209.9999999990348,-3519969.8940303735,573610.5990562809,310.90284891637384,112,4:01:08
6.1%,305000,1219.9999999987983,-3517378.6876198947,574054.0156079644,311.1431852515145,112,4:01:12
6.2%,307500,1229.9999999985619,-3518686.644057175,573433.5803743639,310.80690296870483,112,4:01:01
6.2%,310000,1239.9999999983254,-3519336.5021646973,574159.1349036824,311.2001609917965,112,4:00:48
6.2%,312500,1249.999999998089,-3518770.561338609,574343.3099412422,311.29998575788494,112,4:00:38
6.3%,315000,1259.9999999978525,-3515025.2213388793,573453.4121948539,310.8176520195412,112,4:00:41
6.3%,317500,1269.999999997616,-3519363.6864873692,575114.0945876533,311.7177589699986,112,4:00:30
6.4%,320000,1279.9999999973795,-3520233.436422603,574268.3683993439,311.25936667079566,112,4:00:19
6.5%,322500,1289.999999997143,-3520604.7368369494,575086.5175044385,311.7028119070427,112,4:00:08
6.5%,325000,1299.9999999969066,-3515795.1029953975,575542.7538798229,311.950096718585,112,4:00:11
6.5%,327500,1309.99999999667,-3516999.4979183637,575444.6390441044,311.8969174677203,112,4:00:00
6.6%,330000,1319.9999999964336,-3516597.694502689,576527.0333127327,312.4835863025029,112,3:59:48
6.7%,332500,1329.9999999961972,-3520697.971068958,573303.0533359603,310.736155970363,112,3:59:37
6.7%,335000,1339.9999999959607,-3518612.95131097,574004.9674162935,311.1166006267713,112,3:59:26
6.8%,337500,1349.9999999957242,-3521440.4825841635,572526.7470314269,310.315389962712,112,3:59:29
6.8%,340000,1359.9999999954878,-3521423.847518781,571738.6579347574,309.888237560442,112,3:59:18
6.8%,342500,1369.9999999952513,-3519689.9627518263,574319.8521750856,311.28727140717507,112,3:59:08
6.9%,345000,1379.9999999950148,-3518493.49925158,573813.7234634613,311.0129444358442,112,3:58:56
7.0%,347500,1389.9999999947784,-3519334.053186275,574086.0091798557,311.16052609679247,112,3:58:59
7.0%,350000,1399.999999994542,-3519452.9922353625,574620.0377200217,311.4499750623684,112,3:58:48
7.0%,352500,1409.9999999943054,-3517049.4487026315,572220.1393346763,310.14920543513136,112,3:58:37
7.1%,355000,1419.999999994069,-3518926.8246687595,575662.7077026151,312.0151129252343,112,3:58:27
7.2%,357500,1429.9999999938325,-3522632.9596581236,573863.7965901776,311.0400845859319,112,3:58:28
7.2%,360000,1439.999999993596,-3520197.0106020775,573107.9793051726,310.6304238377607,112,3:58:18
7.2%,362500,1449.9999999933596,-3518896.7065332048,572244.912196442,310.1626325811978,112,3:58:08
7.3%,365000,1459.999999993123,-3519973.9253386147,573878.3223406452,311.0479576922002,112,3:57:58
7.3%,367500,1469.9999999928866,-3517035.6804165617,573729.0993238036,310.9670772811055,112,3:57:59
7.4%,370000,1479.9999999926501,-3518849.7003791407,573889.3378401306,311.0539282063048,112,3:57:49
7.5%,372500,1489.9999999924137,-3518224.103070438,575146.2165507786,311.7351694046469,112,3:57:39
7.5%,375000,1499.9999999921772,-3515711.29954163,573929.1631427237,311.0755139302359,112,3:57:28
7.5%,377500,1509.9999999919407,-3518998.9737725034,570181.6100316092,309.04430157009506,112,3:57:18
7.6%,380000,1519.9999999917043,-3519300.3597443495,575497.2930534859,311.92545648277775,112,3:57:19
7.7%,382500,1529.9999999914678,-3520061.0633980427,576147.7649075373,312.2780189230416,112,3:57:09
7.7%,385000,1539.9999999912313,-3518254.100577833,573484.2166649466,310.83434835940477,112,3:57:00
7.8%,387500,1549.9999999909949,-3519819.037973687,574280.0715202467,311.2657098827863,112,3:56:49
7.8%,390000,1559.9999999907584,-3521092.89547907,572610.059885513,310.3605463871738,112,3:56:50
7.8%,392500,1569.999999990522,-3518271.15991267,573442.4423679474,310.81170626044445,112,3:56:39
7.9%,395000,1579.9999999902855,-3519324.0860221963,574060.8713565674,311.1469011378242,112,3:56:28
8.0%,397500,1589.999999990049,-3522925.5045861416,573919.9233545498,311.07050586993967,112,3:56:18
8.0%,400000,1599.9999999898125,-3516835.0486738905,574519.7194055807,311.3956015033555,112,3:56:18
8.1%,402500,1609.999999989576,-3518067.6622907463,572849.4366945027,310.49029108157424,112,3:56:09
8.1%,405000,1619.9999999893396,-3520312.3522204235,574601.8893221763,311.4401384439331,112,3:55:58
8.2%,407500,1629.9999999891031,-3519891.2714222968,575994.4490409436,312.1949201452532,112,3:55:48
8.2%,410000,1639.9999999888666,-3514406.801298514,573332.76208769,310.7522584195955,112,3:55:38
8.2%,412500,1649.9999999886302,-3516290.985380063,575216.519294631,311.77327421544766,112,3:55:39
8.3%,415000,1659.9999999883937,-3520288.945164835,574952.9159027712,311.6303984637651,112,3:55:29
8.3%,417500,1669.9999999881572,-3518927.791541381,572388.8934640222,310.240671910239,112,3:55:17
8.4%,420000,1679.9999999879208,-3521171.0844438784,576235.9028665351,312.3257906040308,112,3:55:08
8.4%,422500,1689.9999999876843,-3520465.511541197,573599.0345812062,310.8965808518491,112,3:55:08
8.5%,425000,1699.9999999874478,-3515720.1828211565,574201.2073598523,311.2229646960963,112,3:54:58
8.6%,427500,1709.9999999872114,-3516055.3380603045,573235.1092139024,310.6993295568524,112,3:54:48
8.6%,430000,1719.999999986975,-3517857.7204414047,572978.7230074893,310.56036559396915,112,3:54:38
8.7%,432500,1729.9999999867384,-3518460.1153993737,574281.5575518294,311.2665153272,112,3:54:38
8.7%,435000,1739.999999986502,-3520385.290042056,574575.3993708258,311.4257806176376,112,3:54:28
8.8%,437500,1749.9999999862655,-3520517.5161490347,573660.1213859025,310.92969052876674,112,3:54:18
8.8%,440000,1759.999999986029,-3518633.2634679247,573024.5357154431,310.5851965532346,112,3:54:08
8.8%,442500,1769.9999999857926,-3518901.872289324,574368.8118024443,311.31380802914947,112,3:54:07
8.9%,445000,1779.999999985556,-3520551.7429108247,573700.4569310674,310.9515528094237,112,3:53:58
8.9%,447500,1789.9999999853196,-3518749.302285148,572920.7846449083,310.5289624050852,112,3:53:48
9.0%,450000,1799.9999999850832,-3519231.8839627765,574452.072078647,311.35893595585725,112,3:53:38
9.1%,452500,1809.9999999848467,-3518989.9213424493,572998.6891903055,310.5711874705693,112,3:53:28
9.1%,455000,1819.9999999846102,-3518454.654539684,575461.4413833395,311.9060245085338,112,3:53:29
9.2%,457500,1829.9999999843737,-3518447.52200073,572891.5316564697,310.5131069842477,112,3:53:18
9.2%,460000,1839.9999999841373,-3519706.2671795804,573187.7719126112,310.67367225230527,112,3:53:07
9.2%,462500,1849.9999999839008,-3520716.9163067155,575139.0952544899,311.7313095887583,112,3:52:57
9.3%,465000,1859.9999999836643,-3519986.8029955365,574904.6967543168,311.6042631889787,112,3:52:59
9.3%,467500,1869.9999999834279,-3518930.205856772,574129.4825324018,311.18408910134775,112,3:52:49
9.4%,470000,1879.9999999831914,-3518819.367670307,574129.773744758,311.1842469414423,112,3:52:37
9.4%,472500,1889.999999982955,-3515498.546030557,573379.0557290774,310.77735004973226,112,3:52:27
9.5%,475000,1899.9999999827185,-3519007.932796132,572100.4023535561,310.0843067589002,112,3:52:28
9.6%,477500,1909.999999982482,-3519401.7237307634,573658.2688071659,310.9286864120227,112,3:52:18
9.6%,480000,1919.9999999822455,-3518161.3672124986,576629.9371796417,312.5393612575668,112,3:52:07
9.7%,482500,1929.999999982009,-3515217.067971837,574443.5877035216,311.3543373372088,112,3:51:57
9.7%,485000,1939.9999999817726,-3518979.622217087,574614.2778383801,311.4468531472317,112,3:51:57
9.8%,487500,1949.9999999815361,-3517493.3153969273,572501.795627564,310.30186604499124,112,3:51:48
9.8%,490000,1959.9999999812997,-3517008.3910768144,575170.0665236035,311.7480963354081,112,3:51:37
9.8%,492500,1969.9999999810632,-3517483.282472983,575330.6587074434,311.83513895203976,112,3:51:28
9.9%,495000,1979.9999999808267,-3519866.39678403,572273.2969406104,310.17801740470384,112,3:51:39
9.9%,497500,1989.9999999805902,-3521449.474535957,573521.9476986474,310.8547989680397,112,3:51:34
10.0%,500000,1999.9999999803538,-3517799.050104227,575638.5060220142,312.0019953652385,112,3:51:25
10.1%,502500,2009.9999999801173,-3520378.7633354794,576338.7970915476,312.38156033308746,112,3:51:16
10.1%,505000,2019.9999999798808,-3516449.8765895218,573660.772270738,310.9300433150472,112,3:51:08
10.2%,507500,2029.9999999796444,-3517956.510439681,574672.53473007,311.4784289821713,112,3:51:08
10.2%,510000,2039.999999979408,-3520760.8657406233,576604.6831218342,312.52567329829265,112,3:50:58
10.2%,512500,2049.9999999791717,-3519476.4830717687,574030.3036935874,311.1303331498533,112,3:50:52
10.3%,515000,2059.999999978935,-3518798.4704100695,574310.2328930212,311.28205765728393,112,3:50:44
10.3%,517500,2069.9999999786987,-3519266.1812442318,575125.112797406,311.7237309530961,112,3:50:45
10.4%,520000,2079.9999999784623,-3516822.8487089407,575307.0281571886,311.8223309505701,112,3:50:40
10.4%,522500,2089.999999978226,-3519392.5250795037,573566.4457195253,310.87891735337786,112,3:50:36
10.5%,525000,2099.9999999779893,-3517423.3326075133,575748.7464650997,312.06174682010607,112,3:50:31
10.6%,527500,2109.999999977753,-3520799.8325495087,573274.1457690841,310.7204877715678,112,3:50:36
10.6%,530000,2119.9999999775164,-3516734.3258166406,574378.7235217676,311.319180283045,112,3:50:32
10.7%,532500,2129.99999997728,-3518239.8097609803,575007.2430279538,311.6598443248083,112,3:50:23
10.7%,535000,2139.9999999770434,-3517136.8951437995,575466.4348044479,311.90873099417234,112,3:50:15
10.8%,537500,2149.999999976807,-3518644.989800142,575327.7741985822,311.8335755185464,112,3:50:14
10.8%,540000,2159.9999999765705,-3518667.582999071,573026.1473034979,310.5860700505485,112,3:50:06
10.8%,542500,2169.999999976334,-3519865.6913565304,572095.6235643191,310.08171660594525,112,3:50:00
10.9%,545000,2179.9999999760976,-3520940.9006293826,573190.0022051099,310.67488109379616,112,3:49:56
10.9%,547500,2189.999999975861,-3518127.365778072,574303.1878903857,311.2782391933407,112,3:49:55
11.0%,550000,2199.9999999756246,-3518182.421131909,575955.7546619383,312.17394739354745,112,3:49:46
11.1%,552500,2209.999999975388,-3518199.3128915112,573046.66599188,310.5971913908524,112,3:49:37
11.1%,555000,2219.9999999751517,-3520502.61402533,573560.9800300861,310.87595489344295,112,3:49:30
11.2%,557500,2229.999999974915,-3522012.495710673,574908.2329746839,311.6061798568162,111,3:49:34
11.2%,560000,2239.9999999746788,-3522177.6498106867,574625.5542562932,311.45296508180985,111,3:49:31
11.2%,562500,2249.9999999744423,-3521899.855602309,574701.3913746902,311.4940695805796,111,3:49:24
11.3%,565000,2259.999999974206,-3516621.458290359,572390.0198917018,310.2412824456357,111,3:49:17
11.3%,567500,2269.9999999739694,-3518496.4593295734,575068.2131001803,311.6928907315258,111,3:49:18
11.4%,570000,2279.999999973733,-3520556.083989635,574045.7533656876,311.13870703115646,111,3:49:08
11.4%,572500,2289.9999999734964,-3520696.2770234365,573338.6783429848,310.75546509086183,111,3:49:00
11.5%,575000,2299.99999997326,-3519108.0834519975,572764.1998280439,310.44409182260245,111,3:48:53
11.6%,577500,2309.9999999730235,-3520839.9843837135,573260.219179498,310.7129394166644,111,3:48:52
11.6%,580000,2319.999999972787,-3521881.93910069,572816.0479395746,310.4721940327296,111,3:48:44
11.7%,582500,2329.9999999725505,-3516846.7461646274,576116.3665767042,312.2610007045441,111,3:48:35
11.7%,585000,2339.999999972314,-3522379.536243988,575811.2655382542,312.0956328012705,111,3:48:25
11.8%,587500,2349.9999999720776,-3520999.216204347,574161.7616204626,311.20158469932846,111,3:48:17
11.8%,590000,2359.999999971841,-3522530.95291326,574319.6482425095,311.2871608736197,111,3:48:14
11.8%,592500,2369.9999999716047,-3519332.2023192346,572517.6416255714,310.3104547390156,111,3:48:03
11.9%,595000,2379.999999971368,-3518317.2050458267,574964.2008604201,311.63651502696797,111,3:47:55
11.9%,597500,2389.9999999711317,-3516662.3565109316,571733.6026582842,309.8854975485591,111,3:47:50
12.0%,600000,2399.9999999708953,-3520628.6309437975,574789.3092836014,311.5417219921568,111,3:47:52
12.1%,602500,2409.999999970659,-3517481.1548624076,574736.7816688651,311.51325148429805,111,3:47:44
12.1%,605000,2419.9999999704223,-3519654.820367748,572978.1627195477,310.5600619121377,111,3:47:36
12.2%,607500,2429.999999970186,-3519748.714457307,574538.9870615411,311.4060447712099,111,3:47:30
12.2%,610000,2439.9999999699494,-3513892.7164465524,576358.1501004687,312.392049863125,111,3:47:31
12.2%,612500,2449.999999969713,-3518574.58990987,574023.7832187235,311.1267989853612,111,3:47:24
12.3%,615000,2459.9999999694764,-3516484.3829044923,575054.4108295669,311.6854097587852,111,3:47:19
12.3%,617500,2469.99999996924,-3517285.128634887,574973.4448790443,311.6415253802118,111,3:47:15
12.4%,620000,2479.9999999690035,-3516886.968329422,573711.8245649419,310.95771418399175,111,3:47:16
12.4%,622500,2489.999999968767,-3519417.479578264,573221.4732155374,310.6919387053819,111,3:47:10
12.5%,625000,2499.9999999685306,-3522129.7779992726,573744.2786038918,310.9753046071551,111,3:47:07
12.6%,627500,2509.999999968294,-3519374.2774626613,573573.3752064509,310.88267320661737,111,3:47:02
12.6%,630000,2519.9999999680576,-3520236.6591172516,575957.0276073165,312.17463734304494,111,3:47:04
12.7%,632500,2529.999999967821,-3518654.1668362543,575593.047340044,311.9773562917002,111,3:46:58
12.7%,635000,2539.9999999675847,-3519936.5362117793,574186.9021487192,311.2152111244173,111,3:46:51
12.8%,637500,2549.9999999673482,-3520510.3310496025,572755.4578073918,310.43935355742656,111,3:46:43
12.8%,640000,2559.9999999671118,-3519505.111104727,574033.6505859934,311.13214719998723,111,3:46:41
12.8%,642500,2569.9999999668753,-3517762.0963560604,573195.3600942895,310.67778512488076,111,3:46:34
12.9%,645000,2579.999999966639,-3518080.2533230614,574284.1990138702,311.2679470268149,111,3:46:27
12.9%,647500,2589.9999999664024,-3519353.4124818817,576237.0326379479,312.3264029517653,111,3:46:19
13.0%,650000,2599.999999966166,-3519999.8505554628,572474.3858489878,310.2870096628715,111,3:46:17
13.1%,652500,2609.9999999659294,-3521134.5010236744,572027.594177159,310.04484397787155,111,3:46:09
13.1%,655000,2619.999999965693,-3516042.675866302,573621.1540532345,310.90856983336624,111,3:46:01
13.2%,657500,2629.9999999654565,-3519517.7138491124,573380.221431644,310.7779818725221,111,3:45:53
13.2%,660000,2639.99999996522,-3519471.1067042127,573344.0871062984,310.7583966962507,111,3:45:50
13.2%,662500,2649.9999999649835,-3518878.7181327883,573938.5422373817,311.0805974960805,111,3:45:43
13.3%,665000,2659.999999964747,-3518582.6489957124,575437.0718121671,311.89281595012005,111,3:45:35
13.3%,667500,2669.9999999645106,-3520315.2458415236,571071.1353969411,309.5264334740732,111,3:45:27
13.4%,670000,2679.999999964274,-3520818.504227167,574725.4122389451,311.5070891362548,111,3:45:23
13.4%,672500,2689.9999999640377,-3520010.8417526726,573597.233707737,310.8956047598922,111,3:45:15
13.5%,675000,2699.999999963801,-3519338.6655270234,576259.8717740327,312.3387819986086,111,3:45:07
13.6%,677500,2709.9999999635647,-3522600.5087712035,574002.0406343758,311.1150142808462,111,3:44:58
13.6%,680000,2719.9999999633283,-3523442.9803584274,573259.3676975325,310.71247790467476,111,3:44:50
13.7%,682500,2729.999999963092,-3518251.7408325598,574795.6023743853,311.5451329121371,111,3:44:47
13.7%,685000,2739.9999999628553,-3518790.106397234,576463.1147948524,312.44894180789254,111,3:44:39
13.8%,687500,2749.999999962619,-3519341.5688289236,574641.584103245,311.46165342385444,111,3:44:29
13.8%,690000,2759.9999999623824,-3520592.7649910413,573819.7623741315,311.01621758758654,111,3:44:20
13.8%,692500,2769.999999962146,-3522032.0438890196,575017.7906617583,311.6655612508982,111,3:44:15
13.9%,695000,2779.9999999619095,-3520841.3593470305,573212.5348344989,310.6870940108555,111,3:44:06
13.9%,697500,2789.999999961673,-3517454.0820990168,571752.436377193,309.8957056180648,111,3:43:56
14.0%,700000,2799.9999999614365,-3520600.4851265047,574455.3324715795,311.36070312238616,111,3:43:47
14.1%,702500,2809.9999999612,-3521552.8576018214,573683.8252761251,310.94253828125375,111,3:43:42
14.1%,705000,2819.9999999609636,-3520279.6961878873,572790.0194586037,310.45808632812975,111,3:43:32
14.2%,707500,2829.999999960727,-3516703.572193943,574060.4634040223,311.14668002334565,111,3:43:23
14.2%,710000,2839.9999999604906,-3516408.673484007,573631.0289554464,310.9139221320084,111,3:43:14
14.2%,712500,2849.999999960254,-3518416.329454411,574270.2435357467,311.26038301402696,111,3:43:09
14.3%,715000,2859.9999999600177,-3518792.4594690017,573732.4815276153,310.96891047038486,111,3:43:00
14.3%,717500,2869.9999999597812,-3520115.803878039,572439.6771074571,310.2681971677015,111,3:42:50
14.4%,720000,2879.9999999595448,-3516148.2224165834,572297.203453645,310.1909749808406,111,3:42:41
14.4%,722500,2889.9999999593083,-3516008.6323196366,574218.2682258375,311.2322118610694,111,3:42:36
14.5%,725000,2899.999999959072,-3517843.410241587,574875.0171635742,311.58817654530134,111,3:42:27
14.6%,727500,2909.9999999588354,-3519882.8206346985,574328.9827625372,311.29222027955575,111,3:42:18
14.6%,730000,2919.999999958599,-3519436.8660990335,576224.2100443977,312.31945297407697,111,3:42:08
14.7%,732500,2929.9999999583624,-3520784.768350914,574322.6975194123,311.2888136130875,111,3:41:59
14.7%,735000,2939.999999958126,-3516774.162798537,573763.1095162141,310.9855111554621,111,3:41:54
14.8%,737500,2949.9999999578895,-3518937.069618201,575357.5710854641,311.84972573793857,111,3:41:45
14.8%,740000,2959.999999957653,-3519068.338636713,572288.6648077598,310.1863469468817,111,3:41:35
14.8%,742500,2969.9999999574165,-3517921.189394513,574921.8824226314,311.61357799809883,111,3:41:26
14.9%,745000,2979.99999995718,-3518201.630491823,573573.297438439,310.88263105555444,111,3:41:21
14.9%,747500,2989.9999999569436,-3517758.08080326,572852.8979940207,310.49216714154045,111,3:41:12
15.0%,750000,2999.999999956707,-3520680.6348699927,572817.1277360118,310.472779293513,111,3:41:02
15.1%,752500,3009.9999999564707,-3518896.043030167,572849.5816190237,310.49036963215633,111,3:40:54
15.1%,755000,3019.999999956234,-3521404.047692608,574334.0544110206,311.29496916523675,111,3:40:49
15.2%,757500,3029.9999999559977,-3523030.5542049054,575101.3290222064,311.71083990212924,111,3:40:40
15.2%,760000,3039.9999999557613,-3519346.2560313307,572267.305673657,310.1747700763465,111,3:40:30
15.2%,762500,3049.999999955525,-3518703.3022809513,574170.9893009153,311.20658619711514,111,3:40:21
15.3%,765000,3059.9999999552883,-3520466.0421696976,574154.4857076111,311.19764107967126,111,3:40:16
15.3%,767500,3069.999999955052,-3519830.4750468563,575192.7715590114,311.7604026983042,111,3:40:06
15.4%,770000,3079.9999999548154,-3520777.286154803,568964.0638661953,308.3843790161235,111,3:39:57
15.4%,772500,3089.999999954579,-3518628.3234451115,574610.438138746,311.4447719905076,111,3:39:47
15.5%,775000,3099.9999999543425,-3522067.0678295903,572552.479990055,310.3293374911603,111,3:39:38
15.6%,777500,3109.999999954106,-3517927.6158740968,575037.8821241824,311.6764510303354,111,3:39:33
15.6%,780000,3119.9999999538695,-3519508.3736871444,573361.4268166483,310.76779499773966,111,3:39:24
15.7%,782500,3129.999999953633,-3523048.230194254,572959.1365025446,310.5497495066834,111,3:39:15
15.7%,785000,3139.9999999533966,-3524750.8314385973,572355.5941657133,310.2226233478027,111,3:39:06
15.8%,787500,3149.99999995316,-3518594.268849481,574005.6123789658,311.1169502031783,111,3:39:01
15.8%,790000,3159.9999999529236,-3519270.882524593,575397.5844058624,311.8714133694553,111,3:38:51
15.8%,792500,3169.999999952687,-3521251.1046562046,575268.7131950161,311.80156384669317,111,3:38:41
15.9%,795000,3179.9999999524507,-3521582.327819705,572464.3193841422,310.28155353531014,111,3:38:32
15.9%,797500,3189.9999999522142,-3518091.133729741,572195.8106345057,310.1360190292213,111,3:38:27
16.0%,800000,3199.9999999519778,-3519039.938807646,570929.3501771155,309.44958442551916,111,3:38:18
16.1%,802500,3209.9999999517413,-3522070.38474505,574083.7028764361,311.15927605660005,111,3:38:09
16.1%,805000,3219.999999951505,-3516484.4555302113,576350.3024998752,312.3877963828273,111,3:37:59
16.1%,807500,3229.9999999512684,-3519783.6219276953,573292.4399220349,310.7304033907705,111,3:37:54
16.2%,810000,3239.999999951032,-3519324.2115388364,572691.4082536912,310.40463804005276,111,3:37:45
16.2%,812500,3249.9999999507954,-3515841.830711335,574590.7398074514,311.43409529218917,111,3:37:36
16.3%,815000,3259.999999950559,-3520983.8944712337,575657.6052042414,312.0123473185953,111,3:37:27
16.4%,817500,3269.9999999503225,-3519608.768055424,576270.2555860875,312.3444101316239,111,3:37:18
16.4%,820000,3279.999999950086,-3521667.3975965325,575619.5389893089,311.99171503828273,111,3:37:13
16.4%,822500,3289.9999999498496,-3519449.158319382,572566.9084968156,310.3371578903385,111,3:37:03
16.5%,825000,3299.999999949613,-3518566.2777341716,576916.7615429531,312.69482301479167,111,3:36:54
16.6%,827500,3309.9999999493766,-3519337.4862132054,574369.0653351285,311.31394544647395,111,3:36:45
16.6%,830000,3319.99999994914,-3519555.6424588338,574226.3576930854,311.2365964355834,111,3:36:41
16.6%,832500,3329.9999999489037,-3520752.1986098047,572650.9318576774,310.3826994167859,111,3:36:32
16.7%,835000,3339.999999948667,-3520918.1958310436,575966.7265690069,312.1798942801135,111,3:36:23
16.8%,837500,3349.9999999484307,-3520691.8207365368,574887.3038049615,311.5948360314008,111,3:36:14
16.8%,840000,3359.9999999481943,-3520165.651012471,572154.3508721113,310.1135474112543,111,3:36:09
16.9%,842500,3369.999999947958,-3518289.569427723,573674.5413871633,310.9375063178765,111,3:36:00
16.9%,845000,3379.9999999477213,-3521645.1359159015,573179.1199093751,310.6689827774954,111,3:35:50
16.9%,847500,3389.999999947485,-3518146.6605099756,574828.5103414165,311.56296936899275,111,3:35:41
17.0%,850000,3399.9999999472484,-3519713.8633192945,574460.8829586331,311.3637115435009,111,3:35:36
17.1%,852500,3409.999999947012,-3520402.8000393603,571997.7514767927,310.0286689270994,111,3:35:27
17.1%,855000,3419.9999999467755,-3519650.0716816504,573647.2971298152,310.92273964996616,111,3:35:18
17.1%,857500,3429.999999946539,-3517087.2386079393,574514.9710135732,311.3930278260119,111,3:35:08
17.2%,860000,3439.9999999463025,-3516272.8788572215,573110.4513462323,310.6317637094601,111,3:34:59
17.2%,862500,3449.999999946066,-3521733.793845633,573480.9987159232,310.8326041979114,111,3:34:54
17.3%,865000,3459.9999999458296,-3517514.6314603947,573328.9483193154,310.750191317881,111,3:34:45
17.4%,867500,3469.999999945593,-3518314.906848889,574758.3345896519,311.52493338921073,111,3:34:36
17.4%,870000,3479.9999999453566,-3518097.6197403613,574729.0608768093,311.509066735533,111,3:34:27
17.4%,872500,3489.99999994512,-3518499.9460795224,573312.3624380084,310.7412015994925,111,3:34:22
17.5%,875000,3499.9999999448837,-3518711.4230788182,575235.1737401711,311.7833851169424,111,3:34:13
17.6%,877500,3509.9999999446472,-3517434.4338771235,574296.9533109606,311.2748599871191,111,3:34:03
17.6%,880000,3519.999999944411,-3519161.1405705083,575539.824410205,311.94850891589874,111,3:33:54
17.6%,882500,3529.9999999441743,-3521300.082819389,576315.6007892205,312.3689876984644,111,3:33:50
17.7%,885000,3539.999999943938,-3518629.062500337,574274.6133487421,311.2627514976494,111,3:33:41
17.8%,887500,3549.9999999437014,-3520360.4131280016,574115.9533705143,311.17675615634784,111,3:33:32
17.8%,890000,3559.999999943465,-3518037.183429539,573310.4182774195,310.74014784444194,111,3:33:22
17.9%,892500,3569.9999999432284,-3518631.7380904276,573515.3274999034,310.8512107521781,111,3:33:13
17.9%,895000,3579.999999942992,-3519921.034410933,574403.5375397499,311.3326297362044,111,3:33:08
17.9%,897500,3589.9999999427555,-3520780.957912568,574862.1555425001,311.5812054142933,111,3:32:59
18.0%,900000,3599.999999942519,-3519207.0498574115,573198.2916291037,310.67937404692464,111,3:32:50
18.1%,902500,3609.9999999422826,-3518801.0761924163,571432.3049285884,309.7221910777781,111,3:32:41
18.1%,905000,3619.999999942046,-3519363.9289907906,574938.3659783292,311.62251225495385,111,3:32:36
18.1%,907500,3629.9999999418096,-3519003.698779896,574424.979508207,311.34425150381236,111,3:32:27
18.2%,910000,3639.999999941573,-3521298.9560610224,574622.0098557887,311.45104398025353,111,3:32:18
18.2%,912500,3649.9999999413367,-3519627.0966052506,576688.732411159,312.57122887823397,111,3:32:09
18.3%,915000,3659.9999999411,-3515570.408904247,572991.6878116694,310.5673926512827,111,3:32:04
18.4%,917500,3669.9999999408637,-3520584.0633556414,574848.7062343503,311.57391575084114,111,3:31:55
18.4%,920000,3679.9999999406273,-3521356.341288112,575396.4794715655,311.8708144836932,111,3:31:45
18.4%,922500,3689.999999940391,-3519756.6984023247,573986.488801588,311.10658502739875,111,3:31:37
18.5%,925000,3699.9999999401543,-3522759.6072862037,575602.0013970477,311.98220948276105,111,3:31:32
18.6%,927500,3709.999999939918,-3520046.507732451,574660.7377485147,311.4720348967409,111,3:31:23
18.6%,930000,3719.9999999396814,-3519617.738053659,574141.2480470664,311.19046613139955,111,3:31:14
18.6%,932500,3729.999999939445,-3519291.9546906557,573447.2966507757,310.8143373317029,111,3:31:05
18.7%,935000,3739.9999999392085,-3517201.7211955003,574462.1989800895,311.36442484067624,111,3:30:56
18.8%,937500,3749.999999938972,-3520971.286182169,576186.4420900724,312.29898235408353,111,3:30:51
18.8%,940000,3759.9999999387355,-3521207.565050831,572038.6893820543,310.05085769312876,111,3:30:42
18.9%,942500,3769.999999938499,-3520545.6753591243,573946.7159556716,311.0850277355264,111,3:30:33
18.9%,945000,3779.9999999382626,-3524334.8385607135,573862.727857144,311.0395053216271,111,3:30:24
18.9%,947500,3789.999999938026,-3521400.8440273013,573293.5863597295,310.7310247718014,111,3:30:19
19.0%,950000,3799.9999999377897,-3519470.8170440197,575095.7322444501,311.70780639097717,111,3:30:10
19.1%,952500,3809.999999937553,-3518182.630971493,574692.7980238965,311.48941189599725,111,3:30:01
19.1%,955000,3819.9999999373167,-3518608.521049034,575841.2181058284,312.1118674012003,111,3:29:52
19.1%,957500,3829.9999999370802,-3522347.9740002975,572759.9602300433,310.44179391684753,111,3:29:47
19.2%,960000,3839.999999936844,-3515852.7355104927,574604.1843922811,311.44138239555326,111,3:29:38
19.2%,962500,3849.9999999366073,-3517410.679065941,574988.4424560852,311.6496542213395,111,3:29:29
19.3%,965000,3859.999999936371,-3517773.695577996,573624.4385017176,310.91035003825124,111,3:29:20
19.4%,967500,3869.9999999361344,-3519607.511107154,573669.614329756,310.9348358020471,111,3:29:15
19.4%,970000,3879.999999935898,-3520201.162485294,573062.1487522151,310.6055832063195,111,3:29:06
19.4%,972500,3889.9999999356614,-3521317.8872629534,574225.5539760482,311.2361608126766,111,3:28:58
19.5%,975000,3899.999999935425,-3518299.9455427956,574741.3326341801,311.51571815434227,111,3:28:50
19.6%,977500,3909.9999999351885,-3521376.6617568173,573094.1968085893,310.622953582748,111,3:28:47
19.6%,980000,3919.999999934952,-3520206.8377816062,576030.8675857408,312.21465937139277,111,3:28:40
19.6%,982500,3929.9999999347156,-3520265.705867734,574329.5284746041,311.29251606111313,111,3:28:32
19.7%,985000,3939.999999934479,-3517266.6990944054,574630.3242968194,311.45555049287356,111,3:28:24
19.8%,987500,3949.9999999342426,-3520412.083355913,572256.6030784313,310.1689691595713,111,3:28:16
19.8%,990000,3959.999999934006,-3519799.2782472856,575900.5508605615,312.1440263649833,111,3:28:10
19.9%,992500,3969.9999999337697,-3520621.3987126052,573653.2573226154,310.92597013581263,111,3:28:01
19.9%,995000,3979.999999933533,-3517480.4520254545,575031.0994985651,311.67277477743653,111,3:27:52
19.9%,997500,3989.9999999332967,-3521392.342817966,573925.7478285932,311.07366279482306,111,3:27:44
20.0%,1000000,3999.9999999330603,-3520142.4577978607,574607.3800442321,311.4431144718038,111,3:27:38
20.1%,1002500,4009.999999932824,-3518291.853561191,573837.5305107778,311.025848100538,111,3:27:29
20.1%,1005000,4019.9999999325873,-3519861.605107397,572714.0887055068,310.4169310783888,111,3:27:20
20.1%,1007500,4029.999999932351,-3514284.226671554,572935.8543059775,310.5371303164982,111,3:27:12
20.2%,1010000,4039.9999999321144,-3518744.4310505986,574545.4723943144,311.4095598883272,111,3:27:07
20.2%,1012500,4049.999999931878,-3519628.7087429967,573201.6405133907,310.6811891766785,111,3:26:57
20.3%,1015000,4059.9999999316415,-3519490.5040236525,573881.3546036773,311.049601209975,111,3:26:48
20.4%,1017500,4069.999999931405,-3517763.18481216,576017.2769504797,312.20729310719156,111,3:26:40
20.4%,1020000,4079.9999999311685,-3519543.285078481,573568.2663619219,310.8799041602968,111,3:26:35
20.4%,1022500,4089.999999930932,-3520576.4524885714,575681.4002846126,312.0252444970815,111,3:26:24
20.5%,1025000,4099.999999930696,-3518260.6014580075,572130.07534865,310.10038982766804,111,3:26:16
20.6%,1027500,4109.999999930459,-3524231.1231969,574236.5696896422,311.24213144283027,111,3:26:08
20.6%,1030000,4119.999999930223,-3522861.701022638,573364.1588401621,310.7692757826051,111,3:26:00
20.6%,1032500,4129.999999929986,-3520027.3966420125,574485.320056078,311.3769567018494,111,3:25:54
20.7%,1035000,4139.99999992975,-3522572.708424732,572872.9283715402,310.5030238123305,111,3:25:47
20.8%,1037500,4149.999999929513,-3519935.8700692225,573538.0050082186,310.86350219510666,111,3:25:39
20.8%,1040000,4159.999999929277,-3517978.32891519,571793.4283078297,309.91792366640374,111,3:25:31
20.9%,1042500,4169.99999992904,-3516624.3499520123,575152.4163077213,311.73852973672456,111,3:25:23
20.9%,1045000,4179.999999928804,-3518873.0963488333,571984.5292259557,310.0215023310478,111,3:25:13
20.9%,1047500,4189.999999928567,-3520273.136597216,573379.9535876384,310.7778366983141,111,3:25:05
21.0%,1050000,4199.999999928331,-3518643.194663301,574646.3138434486,311.4642169917285,111,3:24:57
21.1%,1052500,4209.999999928094,-3520710.40663551,574280.4752104064,311.2659286870081,111,3:24:51
21.1%,1055000,4219.999999927858,-3519185.9216412865,572472.106411855,310.28577418448305,111,3:24:43
21.1%,1057500,4229.9999999276215,-3519331.1312079895,572553.5331269754,310.32990830221115,111,3:24:35
21.2%,1060000,4239.999999927385,-3519815.0716564097,572952.5866863508,310.54619943888844,111,3:24:26
21.2%,1062500,4249.999999927149,-3520130.426482722,575155.788766952,311.7403576443406,111,3:24:18
21.3%,1065000,4259.999999926912,-3522434.7343579996,573720.6380251668,310.96249117015145,111,3:24:10
21.4%,1067500,4269.999999926676,-3518156.369791452,574190.6404175533,311.2172373046037,111,3:24:02
21.4%,1070000,4279.999999926439,-3517259.9743369743,573624.980785297,310.910643961533,111,3:23:54
21.4%,1072500,4289.999999926203,-3520741.4370279256,571447.4675384571,309.7304093683971,111,3:23:47
21.5%,1075000,4299.999999925966,-3521322.5285930615,573811.4380703726,311.01170572926634,111,3:23:38
21.6%,1077500,4309.99999992573,-3521166.476534726,575365.6765910881,311.8541190054175,111,3:23:29
21.6%,1080000,4319.999999925493,-3520047.0952773187,574204.5705505467,311.22478758007037,111,3:23:21
21.6%,1082500,4329.999999925257,-3521978.2280798666,572888.8828547762,310.51167130646553,111,3:23:15
21.7%,1085000,4339.99999992502,-3521723.8286784384,572398.220322669,310.2457271636278,111,3:23:07
21.8%,1087500,4349.999999924784,-3518570.4422139097,575948.9636944483,312.1702666192678,111,3:22:59
21.8%,1090000,4359.999999924547,-3521020.97522955,575794.2509860327,312.08641073883405,111,3:22:51
21.9%,1092500,4369.999999924311,-3516271.450967541,575599.6675827042,311.98094453136474,111,3:22:42
21.9%,1095000,4379.9999999240745,-3520078.092891842,572411.1478619135,310.2527340229627,111,3:22:35
21.9%,1097500,4389.999999923838,-3522377.9435324334,573641.2400977355,310.9194566762333,111,3:22:26
22.0%,1100000,4399.9999999236015,-3518210.8723039087,574592.079120893,311.43482121386023,111,3:22:17
22.1%,1102500,4409.999999923365,-3519959.979184607,574220.5892263938,311.23346986726125,111,3:22:09
22.1%,1105000,4419.999999923129,-3519520.976648409,573000.2320153464,310.57202369762194,111,3:22:03
22.1%,1107500,4429.999999922892,-3516736.5536730923,573937.661646879,311.080120206964,111,3:21:55
22.2%,1110000,4439.999999922656,-3518866.359148903,576322.0830085996,312.37250112809,111,3:21:46
22.2%,1112500,4449.999999922419,-3520030.640199825,574346.7953689818,311.3018748955956,111,3:21:38
22.3%,1115000,4459.999999922183,-3520930.3833530974,574353.4213002236,311.30546621853,111,3:21:30
22.4%,1117500,4469.999999921946,-3519570.1781553775,574380.0594675934,311.31990437943364,111,3:21:22
22.4%,1120000,4479.99999992171,-3518313.5502369776,571854.2573432892,309.9508936297418,111,3:21:14
22.4%,1122500,4489.999999921473,-3521691.6796499435,575097.5631226517,311.7087987458078,111,3:21:06
22.5%,1125000,4499.999999921237,-3516507.047767656,575075.2983520445,311.6967310109653,111,3:20:59
22.6%,1127500,4509.999999921,-3516689.2766084466,573948.6442491382,311.08607289043346,111,3:20:51
22.6%,1130000,4519.999999920764,-3521262.9123618305,574631.7133020438,311.45630334800234,111,3:20:42
22.6%,1132500,4529.999999920527,-3516587.66370886,573473.4506017157,310.8285130423175,111,3:20:34
22.7%,1135000,4539.999999920291,-3517007.086424347,573879.4773073487,311.0485836960417,111,3:20:26
22.8%,1137500,4549.9999999200545,-3516539.8322258927,572136.7745182341,310.10402084653776,111,3:20:19
22.8%,1140000,4559.999999919818,-3519115.9119516257,572456.8353388931,310.27749710575114,111,3:20:10
22.9%,1142500,4569.999999919582,-3517004.5622497704,573914.6707266791,311.06765889156793,111,3:20:02
22.9%,1145000,4579.999999919345,-3518762.122582389,574938.3016891218,311.62247740954166,111,3:19:54
22.9%,1147500,4589.999999919109,-3521779.6115931384,574936.8525808648,311.6216919779506,111,3:19:47
23.0%,1150000,4599.999999918872,-3515492.615569407,573283.3747043663,310.72548994948505,111,3:19:38
23.1%,1152500,4609.999999918636,-3519755.866426965,572762.5554875197,310.44320057311296,111,3:19:30
23.1%,1155000,4619.999999918399,-3522536.621616246,572590.0238408373,310.34968664472666,111,3:19:22
23.1%,1157500,4629.999999918163,-3520225.4785127062,573509.5717039729,310.8480910515388,111,3:19:15
23.2%,1160000,4639.999999917926,-3520439.4283884615,573891.8604758515,311.0552955008313,111,3:19:07
23.2%,1162500,4649.99999991769,-3518660.6721149553,576450.6064541128,312.44216215846205,111,3:18:58
23.3%,1165000,4659.999999917453,-3518470.467695607,572524.0597666595,310.31393343754786,111,3:18:50
23.4%,1167500,4669.999999917217,-3517694.5635044146,572760.442335791,310.4420552231251,111,3:18:44
23.4%,1170000,4679.99999991698,-3520515.8466069065,573861.7135602529,311.03895556227184,111,3:18:35
23.4%,1172500,4689.999999916744,-3519607.0290513597,574345.1780078132,311.30099826919457,111,3:18:27
23.5%,1175000,4699.9999999165075,-3522491.314206615,576922.4533826616,312.69790805050036,111,3:18:18
23.6%,1177500,4709.999999916271,-3522469.6789566446,574518.6774663032,311.39503676154237,111,3:18:10
23.6%,1180000,4719.9999999160345,-3519445.1838196777,573520.6166024847,310.8540775002184,111,3:18:04
23.6%,1182500,4729.999999915798,-3519854.768540086,572576.182540447,310.3421845174453,111,3:17:55
23.7%,1185000,4739.999999915562,-3520664.0776901674,573470.6277662229,310.8269830364247,111,3:17:47
23.8%,1187500,4749.999999915325,-3518447.9316121396,572989.7905236783,310.5663643016626,111,3:17:39
23.8%,1190000,4759.999999915089,-3518363.8525703177,576509.9396603885,312.47432136698575,111,3:17:32
23.9%,1192500,4769.999999914852,-3519016.2479317356,572646.4180564795,310.3802528900757,111,3:17:23
23.9%,1195000,4779.999999914616,-3522626.7098274883,572901.3117618463,310.51840790202937,111,3:17:15
23.9%,1197500,4789.999999914379,-3518902.63922897,574282.7476743342,311.26716038584766,111,3:17:07
24.0%,1200000,4799.999999914143,-3519000.644992342,572608.9400078121,310.3599394019329,111,3:17:00
24.1%,1202500,4809.999999913906,-3520673.2727881595,574495.8722021284,311.382676073623,111,3:16:52
24.1%,1205000,4819.99999991367,-3520603.004042277,573609.2857941054,310.9021371147571,111,3:16:43
24.1%,1207500,4829.999999913433,-3520659.4111668337,574086.7986343888,311.16095398927536,111,3:16:35
24.2%,1210000,4839.999999913197,-3519858.287099516,574168.8193106586,311.20541004006014,111,3:16:29
24.2%,1212500,4849.99999991296,-3520101.8568364475,574406.0211761425,311.3339758926935,111,3:16:20
24.3%,1215000,4859.999999912724,-3519249.1732089967,575243.630686995,311.7879688691691,111,3:16:12
24.4%,1217500,4869.9999999124875,-3518400.665323859,573640.2505180938,310.9189203138817,111,3:16:03
24.4%,1220000,4879.999999912251,-3522107.291462887,574340.4041976309,311.2984108149385,111,3:15:57
24.4%,1222500,4889.999999912015,-3521561.867985515,574232.4574081261,311.23990254392044,111,3:15:48
24.5%,1225000,4899.999999911778,-3522203.1803317443,574241.6362607388,311.2448775765153,111,3:15:40
24.6%,1227500,4909.999999911542,-3523156.613444034,572687.3522736086,310.4024396570994,111,3:15:32
24.6%,1230000,4919.999999911305,-3517888.795931941,574606.5902114988,311.4426863743326,111,3:15:23
24.6%,1232500,4929.999999911069,-3520863.1215486173,572979.1838568381,310.56061537905975,111,3:15:17
24.7%,1235000,4939.999999910832,-3516556.9632348754,572965.5151984049,310.55320682549615,111,3:15:08
24.8%,1237500,4949.999999910596,-3519989.996023787,574169.4244636795,311.20573803922633,111,3:15:00
24.8%,1240000,4959.999999910359,-3521677.6176181976,575154.4494566605,311.73963172437703,111,3:14:51
24.9%,1242500,4969.999999910123,-3518782.979641782,572000.3289244622,310.0300659302661,111,3:14:45
24.9%,1245000,4979.999999909886,-3520619.741682995,576110.4743322101,312.2578070473789,111,3:14:37
24.9%,1247500,4989.99999990965,-3519939.074176263,573398.6901708944,310.7879921192962,111,3:14:28
25.0%,1250000,4999.999999909413,-3521558.4106440246,574655.7862366762,311.46935112635805,111,3:14:20
25.1%,1252500,5009.999999909177,-3522597.3109213784,573630.8562763821,310.9138285381781,111,3:14:14
25.1%,1255000,5019.9999999089405,-3514719.4483224675,573692.6901607839,310.9473431399859,111,3:14:05
25.1%,1257500,5029.999999908704,-3520212.551793577,573433.4331668278,310.806823180705,111,3:13:57
25.2%,1260000,5039.9999999084675,-3521288.6040387135,573886.1069662045,311.0521770393812,111,3:13:49
25.2%,1262500,5049.999999908231,-3518240.548425842,573066.7222326375,310.60806207978374,111,3:13:42
25.3%,1265000,5059.999999907995,-3520834.182201879,573740.2950479621,310.9731454788381,111,3:13:34
25.4%,1267500,5069.999999907758,-3520363.608849244,574842.7544792515,311.57068983831556,111,3:13:25
25.4%,1270000,5079.999999907522,-3518314.0889627878,573393.7072176926,310.78529130737087,111,3:13:17
25.4%,1272500,5089.999999907285,-3518596.10979563,573521.1111212939,310.85434553450307,111,3:13:08
25.5%,1275000,5099.999999907049,-3519349.041113913,574345.5383090924,311.3011935561965,111,3:13:02
25.6%,1277500,5109.999999906812,-3516790.193451572,574738.7079763443,311.5142955627794,111,3:12:54
25.6%,1280000,5119.999999906576,-3518544.6054715924,573794.0018554134,311.0022551212859,111,3:12:45
25.6%,1282500,5129.999999906339,-3519802.858994676,573583.2993152395,310.8880521757306,111,3:12:37
25.7%,1285000,5139.999999906103,-3520219.10728118,574404.3620993353,311.333076655987,111,3:12:31
25.8%,1287500,5149.999999905866,-3522897.2784287184,574607.9350254077,311.44341527731353,111,3:12:22
25.8%,1290000,5159.99999990563,-3520239.7134795077,575327.5760371771,311.8334681130252,111,3:12:14
25.9%,1292500,5169.999999905393,-3520536.8607134987,573358.3278848648,310.7661153448154,111,3:12:05
25.9%,1295000,5179.999999905157,-3521429.351340819,574403.9153335018,311.3328345043066,111,3:11:59
25.9%,1297500,5189.9999999049205,-3519298.2304123454,574298.9390001582,311.27593625110313,111,3:11:51
26.0%,1300000,5199.999999904684,-3521068.2043181527,574123.8202805399,311.18102010255654,111,3:11:42
26.1%,1302500,5209.999999904448,-3520829.3761375174,574501.8330306583,311.3859069040415,111,3:11:34
26.1%,1305000,5219.999999904211,-3518553.7112301085,574346.9888896572,311.3019797857936,111,3:11:27
26.1%,1307500,5229.999999903975,-3517930.5595893804,571344.8166673519,309.6747715396629,111,3:11:19
26.2%,1310000,5239.999999903738,-3518751.9765611123,572667.9883124917,310.39194419085896,111,3:11:11
26.2%,1312500,5249.999999903502,-3518606.7751574125,574114.1042578777,311.1757539182657,111,3:11:02
26.3%,1315000,5259.999999903265,-3517972.6720887013,573648.3798334829,310.9233264864984,111,3:10:54
26.4%,1317500,5269.999999903029,-3521051.2223735023,575089.995224799,311.7046968672746,111,3:10:47
26.4%,1320000,5279.999999902792,-3522642.7778739687,573763.5889887556,310.98577103451487,111,3:10:39
26.4%,1322500,5289.999999902556,-3520592.495231604,574039.0043743363,311.1350490083761,111,3:10:30
26.5%,1325000,5299.999999902319,-3522241.2366924174,575159.6084809611,311.7424279686502,111,3:10:22
26.6%,1327500,5309.999999902083,-3519910.256238263,573379.7716466275,310.7777380844134,111,3:10:16
26.6%,1330000,5319.999999901846,-3518123.8117878716,574740.4271760549,311.51522738671844,111,3:10:08
26.6%,1332500,5329.99999990161,-3521779.211116189,574502.7199021262,311.3863875975058,111,3:09:59
26.7%,1335000,5339.9999999013735,-3519146.0576288663,575105.890958423,311.71331251851507,111,3:09:50
26.8%,1337500,5349.999999901137,-3519577.7761935536,574066.3699144734,311.14988141280645,111,3:09:44
26.8%,1340000,5359.999999900901,-3518010.730996793,574189.06209723,311.21638183874273,111,3:09:36
26.9%,1342500,5369.999999900664,-3521050.3529546782,573067.5658918625,310.6085193517676,111,3:09:27
26.9%,1345000,5379.999999900428,-3518338.8957122024,575593.4706958157,311.97758575488604,111,3:09:19
26.9%,1347500,5389.999999900191,-3516576.9283689875,574705.683821562,311.4963961309667,111,3:09:12
27.0%,1350000,5399.999999899955,-3520993.8650197256,574100.7684976677,311.1685257989656,111,3:09:04
27.1%,1352500,5409.999999899718,-3519359.738486128,576219.2414927084,312.31675996791955,111,3:08:56
27.1%,1355000,5419.999999899482,-3521546.713985093,573209.8150177177,310.68561984216467,111,3:08:48
27.1%,1357500,5429.999999899245,-3520471.936558673,571364.320982459,309.6853430792107,111,3:08:39
27.2%,1360000,5439.999999899009,-3519543.6222404987,575972.918106488,312.1832501571583,111,3:08:33
27.2%,1362500,5449.999999898772,-3520780.336346213,574344.6046551969,311.30068750617494,111,3:08:24
27.3%,1365000,5459.999999898536,-3516601.504852291,573490.1133582965,310.83754442789564,111,3:08:16
27.4%,1367500,5469.999999898299,-3520414.433278203,575363.6893190006,311.8530418834909,111,3:08:08
27.4%,1370000,5479.999999898063,-3519783.8126598503,575412.4065423061,311.87944711997346,111,3:08:01
27.4%,1372500,5489.9999998978265,-3522066.1230014805,575111.4295417459,311.7163144876853,111,3:07:53
27.5%,1375000,5499.99999989759,-3521058.8301413786,573828.2487139278,311.0208172711068,111,3:07:44
27.6%,1377500,5509.9999998973535,-3518931.3188556656,574798.4880683401,311.5466969879633,111,3:07:36
27.6%,1380000,5519.999999897117,-3523275.1696700696,574816.2531244084,311.5563258312097,111,3:07:30
27.6%,1382500,5529.999999896881,-3519483.4133558087,574333.7032968223,311.29477885772724,111,3:07:21
27.7%,1385000,5539.999999896644,-3516519.046720894,575971.3218668608,312.18238497885017,111,3:07:13
27.8%,1387500,5549.999999896408,-3518527.4338924456,573504.4097729684,310.84529323180215,111,3:07:05
27.8%,1390000,5559.999999896171,-3519390.1475012973,573312.6775398718,310.74137238794583,111,3:06:58
27.9%,1392500,5569.999999895935,-3519053.2209781,573254.7767526533,310.70998956529525,111,3:06:50
27.9%,1395000,5579.999999895698,-3521389.232123213,573587.8014700438,310.89049238997563,111,3:06:42
27.9%,1397500,5589.999999895462,-3518014.8206006065,575313.6116015118,311.82589924515736,111,3:06:33
28.0%,1400000,5599.999999895225,-3521241.469240969,574314.6892228292,311.2844730339093,111,3:06:25
28.1%,1402500,5609.999999894989,-3519211.5813526474,574094.6390266254,311.1652035625695,111,3:06:18
28.1%,1405000,5619.999999894752,-3518113.7694167644,574295.8688554589,311.2742722010748,111,3:06:10
28.1%,1407500,5629.999999894516,-3518619.5856227,573789.7217976401,310.99993528591773,111,3:06:02
28.2%,1410000,5639.999999894279,-3519917.527293967,574777.7584144579,311.53546130218683,111,3:05:53
28.2%,1412500,5649.999999894043,-3519119.9060443845,574743.8886581213,311.51710354562783,111,3:05:47
28.3%,1415000,5659.9999998938065,-3519072.874412801,573189.1112094693,310.6743981649878,111,3:05:39
28.4%,1417500,5669.99999989357,-3520108.1263328604,573763.4277711059,310.9856836528893,111,3:05:30
28.4%,1420000,5679.999999893334,-3521967.9823079295,572682.7572640494,310.39994911462145,111,3:05:22
28.4%,1422500,5689.999999893097,-3522478.8140152916,573824.3303903118,311.0186934993753,111,3:05:15
28.5%,1425000,5699.999999892861,-3521599.9434675965,574417.4661324944,311.34017917684025,111,3:05:07
28.6%,1427500,5709.999999892624,-3519930.0186522882,573197.5250441484,310.67895854998835,111,3:04:59
28.6%,1430000,5719.999999892388,-3516100.63133459,576546.4296591019,312.4940993218834,111,3:04:50
28.6%,1432500,5729.999999892151,-3519185.8038366977,573594.2410800622,310.8939827248891,111,3:04:42
28.7%,1435000,5739.999999891915,-3518967.987913806,577072.1754648343,312.77905896014147,111,3:04:35
28.8%,1437500,5749.999999891678,-3521534.4385421984,573256.7563841341,310.7110625459343,111,3:04:27
28.8%,1440000,5759.999999891442,-3519451.5061517693,571783.6806525202,309.9126403368924,111,3:04:19
28.9%,1442500,5769.999999891205,-3521815.5686595365,574392.6383557477,311.32672226628887,111,3:04:11
28.9%,1445000,5779.999999890969,-3519509.6124061774,573601.0315395638,310.8976632238338,111,3:04:04
28.9%,1447500,5789.999999890732,-3518952.561626779,574277.1872323635,311.26414656906536,111,3:03:56
29.0%,1450000,5799.999999890496,-3518467.267407486,575388.4924210114,311.86648542008146,111,3:03:48
29.1%,1452500,5809.9999998902595,-3520186.1693490725,572733.5973323532,310.42750495494374,111,3:03:39
29.1%,1455000,5819.999999890023,-3520076.23809899,575158.423194421,311.74178553114524,111,3:03:33
29.1%,1457500,5829.9999998897865,-3521478.243654102,574072.0136991631,311.15294040220033,111,3:03:24
29.2%,1460000,5839.99999988955,-3518834.435606677,573646.211190243,310.9221510595403,111,3:03:16
29.2%,1462500,5849.999999889314,-3520147.100733958,574011.850648417,311.12033140943197,111,3:03:08
29.3%,1465000,5859.999999889077,-3519779.45704153,572763.8536421787,310.4439041863002,111,3:03:01
29.4%,1467500,5869.999999888841,-3520903.859308608,574637.9313416516,311.4596735894726,111,3:02:53
29.4%,1470000,5879.999999888604,-3518453.1810715348,574066.2133475117,311.14979655190166,111,3:02:45
29.4%,1472500,5889.999999888368,-3519347.1598825324,575955.5756594158,312.17385037233777,111,3:02:37
29.5%,1475000,5899.999999888131,-3520801.1477231737,575013.6050955968,311.66329263095616,111,3:02:28
29.6%,1477500,5909.999999887895,-3519728.62111941,573906.5007986935,311.0632307065059,111,3:02:22
29.6%,1480000,5919.999999887658,-3521058.848648874,573498.8929705278,310.84230306809434,111,3:02:14
29.6%,1482500,5929.999999887422,-3520529.4876341075,573698.9499512808,310.95073601086784,111,3:02:05
29.7%,1485000,5939.999999887185,-3521244.1520693135,575145.3933696114,311.7347232319812,111,3:01:57
29.8%,1487500,5949.999999886949,-3519447.7435183898,573438.1699021811,310.8093905400222,111,3:01:50
29.8%,1490000,5959.999999886712,-3517449.168709604,573668.8455129467,310.9344190954229,111,3:01:42
29.9%,1492500,5969.999999886476,-3517888.037137933,571650.256404558,309.8403230211486,111,3:01:33
29.9%,1495000,5979.9999998862395,-3517175.765931314,574705.1457659791,311.4961044993025,111,3:01:25
29.9%,1497500,5989.999999886003,-3518482.7421391215,572955.1839033599,310.5476071572408,111,3:01:19
30.0%,1500000,5999.999999885767,-3519185.276150435,575508.916962958,311.93175676135763,111,3:01:10
30.1%,1502500,6009.99999988553,-3519906.1402443815,574337.7842961913,311.29699080139136,111,3:01:03
30.1%,1505000,6019.999999885294,-3521180.286617726,573597.6686858503,310.8958405225069,111,3:00:54
30.1%,1507500,6029.999999885057,-3520047.1996090226,574852.7244616393,311.57609367139173,111,3:00:48
30.2%,1510000,6039.999999884821,-3515148.161925111,575498.7482376897,311.9262452075946,111,3:00:39
30.2%,1512500,6049.999999884584,-3519531.6282662265,574001.6379417998,311.1147960173251,111,3:00:31
30.3%,1515000,6059.999999884348,-3518199.2085433044,574675.8877327746,311.4802463441499,111,3:00:23
30.4%,1517500,6069.999999884111,-3520637.101958532,574350.6917339007,311.3039867654873,111,3:00:15
30.4%,1520000,6079.999999883875,-3517035.7327885125,573755.1977567052,310.98122290037185,111,3:00:08
30.4%,1522500,6089.999999883638,-3521247.3411254026,573908.6824183597,311.0644131668206,111,3:00:00
30.5%,1525000,6099.999999883402,-3519758.774915874,573450.3084514736,310.815969758682,111,2:59:51
30.6%,1527500,6109.999999883165,-3519485.845568776,571862.9101749726,309.9555835535786,111,2:59:43
30.6%,1530000,6119.999999882929,-3518469.4585267156,575957.7406330503,312.17502381033194,111,2:59:36
30.6%,1532500,6129.9999998826925,-3519075.571767537,573713.4045477317,310.95857055092677,111,2:59:28
30.7%,1535000,6139.999999882456,-3516717.9645464774,573996.1183146597,311.11180432260113,111,2:59:20
30.8%,1537500,6149.9999998822195,-3519767.0353672653,574190.6768197875,311.21725703498936,111,2:59:12
30.8%,1540000,6159.999999881983,-3520801.61527518,573894.6847916355,311.05682630905716,111,2:59:05
30.9%,1542500,6169.999999881747,-3521514.3837182745,575723.3211154167,312.04796601887233,111,2:58:57
30.9%,1545000,6179.99999988151,-3520054.853410488,574334.1116582194,311.2950001938077,111,2:58:48
30.9%,1547500,6189.999999881274,-3518396.4228524286,575166.8270991313,311.7463405340004,111,2:58:40
31.0%,1550000,6199.999999881037,-3520120.9031830765,573874.717383746,311.0460037684547,111,2:58:34
31.1%,1552500,6209.999999880801,-3516209.980164055,574957.5582229553,311.6329146490888,111,2:58:25
31.1%,1555000,6219.999999880564,-3516615.089205306,573819.0509931135,311.0158320117525,111,2:58:17
31.1%,1557500,6229.999999880328,-3518490.467518,573892.5517900591,311.0556702002476,111,2:58:09
31.2%,1560000,6239.999999880091,-3519805.7234024145,576191.1687007695,312.3015442257328,111,2:58:01
31.2%,1562500,6249.999999879855,-3521279.2633784153,572473.7855393717,310.2866842888805,111,2:57:54
31.3%,1565000,6259.999999879618,-3522834.888994271,573959.5818385368,311.0920011764691,111,2:57:46
31.4%,1567500,6269.999999879382,-3521107.223372059,575360.7792204253,311.85146458010917,111,2:57:37
31.4%,1570000,6279.999999879145,-3517301.3256670944,574266.4881218108,311.2583475410189,111,2:57:29
31.4%,1572500,6289.999999878909,-3518949.05683448,572169.37348211,310.1216898205027,111,2:57:22
31.5%,1575000,6299.9999998786725,-3519097.372304678,572531.2934781322,310.31785418362335,111,2:57:14
31.6%,1577500,6309.999999878436,-3522051.6947259903,574878.1817926858,311.5898918068536,111,2:57:06
31.6%,1580000,6319.9999998782,-3521109.678050846,574680.2450388081,311.4826080488703,111,2:56:58
31.6%,1582500,6329.999999877963,-3520168.4458320606,574540.6199455374,311.40692981114336,111,2:56:51
31.7%,1585000,6339.999999877727,-3516424.2899360787,573938.7886689797,311.0807310645431,111,2:56:43
31.8%,1587500,6349.99999987749,-3520742.301286692,574378.75283786,311.31919617266885,111,2:56:35
31.8%,1590000,6359.999999877254,-3519786.127049351,574584.3926535203,311.4306550694267,111,2:56:26
31.9%,1592500,6369.999999877017,-3521056.0286582764,573887.4104545063,311.0528835434577,111,2:56:20
31.9%,1595000,6379.999999876781,-3520819.4621621165,574460.1777811507,311.36332933004695,111,2:56:12
31.9%,1597500,6389.999999876544,-3519997.5807497464,575604.9775382304,311.9838225819158,111,2:56:03
32.0%,1600000,6399.999999876308,-3517741.1211377624,572945.9104720446,310.5425808620156,111,2:55:55
32.0%,1602500,6409.999999876071,-3518923.7649826836,573079.2802398079,310.61486864893084,111,2:55:47
32.1%,1605000,6419.999999875835,-3516385.0752214305,575330.888023231,311.83526324355694,111,2:55:40
32.1%,1607500,6429.999999875598,-3520483.416485371,574689.0873640026,311.4874006801406,111,2:55:32
32.2%,1610000,6439.999999875362,-3517530.001116246,575103.9661098642,311.71226923078353,111,2:55:24
32.2%,1612500,6449.9999998751255,-3520746.644099308,574002.0998764972,311.11504639068585,111,2:55:15
32.3%,1615000,6459.999999874889,-3520189.0993774217,573544.894116611,310.86723616276555,111,2:55:09
32.4%,1617500,6469.9999998746525,-3525957.845534073,573442.6836176987,310.81183702029284,111,2:55:01
32.4%,1620000,6479.999999874416,-3521458.1615557075,572881.3797684906,310.5076045564687,111,2:54:52
32.5%,1622500,6489.99999987418,-3518288.302257579,575550.9078113642,311.95451623340955,111,2:54:44
32.5%,1625000,6499.999999873943,-3517555.1527038347,575066.7336629787,311.6920888613345,111,2:54:38
32.5%,1627500,6509.999999873707,-3523848.3725467026,574374.185468166,311.31672061128234,111,2:54:30
32.6%,1630000,6519.99999987347,-3521089.8073615413,573593.4029410884,310.8935284449382,111,2:54:21
32.6%,1632500,6529.999999873234,-3521726.653150523,574261.0216007815,311.25538463035355,111,2:54:13
32.7%,1635000,6539.999999872997,-3519454.5237933677,573749.3208622257,310.9780375630725,111,2:54:06
32.8%,1637500,6549.999999872761,-3512796.775802763,573054.4673525349,310.6014198086275,111,2:53:58
32.8%,1640000,6559.999999872524,-3516670.674869623,574141.4371982727,311.1905686533003,111,2:53:50
32.9%,1642500,6569.999999872288,-3517795.2655258216,574314.9647587773,311.2846223772293,111,2:53:41
32.9%,1645000,6579.999999872051,-3519523.995787805,574427.1764343469,311.3454422603934,111,2:53:33
33.0%,1647500,6589.999999871815,-3520920.2353065535,574158.6645662289,311.1999060640554,111,2:53:27
33.0%,1650000,6599.999999871578,-3521672.9079127777,574566.1233746074,311.4207529322085,111,2:53:19
33.0%,1652500,6609.999999871342,-3519301.967450179,574531.0648799697,311.40175086725446,111,2:53:10
33.1%,1655000,6619.9999998711055,-3519599.5497208983,572192.1662407836,310.1340437303118,111,2:53:02
33.1%,1657500,6629.999999870869,-3518172.9760000035,570668.3451868419,309.30811703424195,111,2:52:56
33.2%,1660000,6639.999999870633,-3520834.681759175,575385.436200354,311.8648289170272,111,2:52:47
33.2%,1662500,6649.999999870396,-3523029.1835307144,575561.7762939034,311.9604070628161,111,2:52:39
33.3%,1665000,6659.99999987016,-3520560.008202987,572367.5697996058,310.2291142646388,111,2:52:31
33.4%,1667500,6669.999999869923,-3520891.2343292516,574407.1180897962,311.33457043118443,111,2:52:24
33.4%,1670000,6679.999999869687,-3520953.426164465,571075.9795407829,309.5290590498967,111,2:52:16
33.5%,1672500,6689.99999986945,-3518150.1444015726,575029.0609864646,311.67166988289546,111,2:52:08
33.5%,1675000,6699.999999869214,-3517566.500884965,575143.1286790506,311.7334957463866,111,2:51:59
33.5%,1677500,6709.999999868977,-3522749.841837339,575022.7326522537,311.668239860615,111,2:51:53
33.6%,1680000,6719.999999868741,-3523277.8613083493,573317.5853937119,310.74403249524426,111,2:51:45
33.6%,1682500,6729.999999868504,-3522469.8581522685,572035.6508338111,310.04921076870494,111,2:51:37
33.7%,1685000,6739.999999868268,-3519640.458994698,574564.7695682435,311.42001915522445,111,2:51:28
33.8%,1687500,6749.999999868031,-3517311.722363377,573215.0157687461,310.68843870275396,111,2:51:20
33.8%,1690000,6759.999999867795,-3518995.903184958,576446.0860157842,312.43971203435865,111,2:51:14
33.9%,1692500,6769.9999998675585,-3524343.0719996765,576129.2709604045,312.26799501333574,111,2:51:05
33.9%,1695000,6779.999999867322,-3519699.460628785,575640.985657793,312.00333935335374,111,2:50:57
34.0%,1697500,6789.9999998670855,-3518936.36320227,573968.915975823,311.0970603749554,111,2:50:49
34.0%,1700000,6799.999999866849,-3522329.142545089,574915.942013892,311.61035823541687,111,2:50:42
34.0%,1702500,6809.999999866613,-3519542.506221708,575368.4967751863,311.85564757422713,111,2:50:34
34.1%,1705000,6819.999999866376,-3519326.9000858236,574432.2536532006,311.3481941652724,111,2:50:26
34.1%,1707500,6829.99999986614,-3523754.733203266,572783.6422764428,310.4546298297576,111,2:50:17
34.2%,1710000,6839.999999865903,-3522585.2307336796,573707.7189977856,310.9554889243341,111,2:50:11
34.2%,1712500,6849.999999865667,-3518735.9688747935,573539.3944324383,310.86425527733525,111,2:50:03
34.3%,1715000,6859.99999986543,-3521075.545686649,571103.57307996,309.54401503215354,111,2:49:54
34.4%,1717500,6869.999999865194,-3519964.7530296817,573067.4265696809,310.6084438377111,111,2:49:46
34.4%,1720000,6879.999999864957,-3521330.648196822,573721.8455118979,310.96314564038846,111,2:49:38
34.5%,1722500,6889.999999864721,-3518832.1534821205,574611.825171215,311.4455237763827,111,2:49:31
34.5%,1725000,6899.999999864484,-3520806.6837925483,574335.9514094035,311.2959973578863,111,2:49:23
34.5%,1727500,6909.999999864248,-3522539.7068584803,573781.7278631027,310.99560249111613,111,2:49:15
34.6%,1730000,6919.999999864011,-3519719.4956004694,576680.1966992845,312.5666024345391,111,2:49:07
34.6%,1732500,6929.999999863775,-3517926.0135099925,574886.5784575683,311.59444288564765,111,2:49:00
34.7%,1735000,6939.9999998635385,-3517374.7291428484,572553.5796565388,310.32993352171343,111,2:48:52
34.8%,1737500,6949.999999863302,-3521626.2492265105,572986.1234738994,310.56437672293714,111,2:48:43
34.8%,1740000,6959.999999863066,-3520436.8753195256,575061.7976370184,311.6894134844571,111,2:48:35
34.9%,1742500,6969.999999862829,-3517051.4263786823,574802.8185466512,311.54904415178186,111,2:48:29
34.9%,1745000,6979.999999862593,-3520227.935878545,572503.0255115519,310.302532654772,111,2:48:20
35.0%,1747500,6989.999999862356,-3521345.9650613535,573632.6120278215,310.91478017353035,111,2:48:12
35.0%,1750000,6999.99999986212,-3520583.394945789,574064.248474459,311.1487315704825,111,2:48:04
35.0%,1752500,7009.999999861883,-3519973.294664031,573796.4632454121,311.0035892200005,111,2:47:58
35.1%,1755000,7019.999999861647,-3520463.1240037438,574035.4556480796,311.13312556221763,111,2:47:50
35.1%,1757500,7029.99999986141,-3519892.0394484513,574984.8847233205,311.64772589356096,111,2:47:41
35.2%,1760000,7039.999999861174,-3520859.004545592,574525.5086897409,311.39873935496007,111,2:47:33
35.2%,1762500,7049.999999860937,-3521162.7090667393,573733.5747692352,310.9695030185956,111,2:47:25
35.3%,1765000,7059.999999860701,-3520381.6655013654,573913.8243118351,311.0672001260102,111,2:47:18
35.4%,1767500,7069.999999860464,-3519498.0120129716,574977.1810400354,311.64355041792567,111,2:47:10
35.4%,1770000,7079.999999860228,-3519141.5190088004,573457.4210761314,310.8198248744574,111,2:47:02
35.5%,1772500,7089.9999998599915,-3518340.879842283,572938.4027643771,310.5385116071823,111,2:46:54
35.5%,1775000,7099.999999859755,-3518802.6477494724,573207.6375328483,310.6844396229524,111,2:46:47
35.5%,1777500,7109.9999998595185,-3522242.674536869,572618.1991118875,310.3649579316466,111,2:46:39
35.6%,1780000,7119.999999859282,-3520833.9036522433,575181.1934300394,311.7541272332266,111,2:46:31
35.6%,1782500,7129.999999859046,-3518070.7786051817,573465.1634605167,310.82402132648735,111,2:46:22
35.7%,1785000,7139.999999858809,-3515416.568587629,574052.7707592961,311.14251053072303,111,2:46:16
35.8%,1787500,7149.999999858573,-3521817.224656323,574563.1014593027,311.4191150230085,111,2:46:08
35.8%,1790000,7159.999999858336,-3524592.4216661733,573320.8571076582,310.74580579787914,111,2:45:59
35.9%,1792500,7169.9999998581,-3520576.938363293,573854.5901839337,311.0350946189853,111,2:45:51
35.9%,1795000,7179.999999857863,-3521974.9420268442,575382.7320081277,311.86336321700605,111,2:45:44
36.0%,1797500,7189.999999857627,-3519999.5225902777,574531.2470572577,311.40184960921977,111,2:45:36
36.0%,1800000,7199.99999985739,-3517590.991953479,574795.8935794532,311.5452907482812,111,2:45:28
36.0%,1802500,7209.999999857154,-3519922.6143160947,574017.6663694063,311.1234835900699,111,2:45:20
36.1%,1805000,7219.999999856917,-3524900.2772593126,574302.4818080543,311.2778564894492,111,2:45:12
36.1%,1807500,7229.999999856681,-3520972.3946581185,574342.641217249,311.29962330259735,111,2:45:05
36.2%,1810000,7239.999999856444,-3520658.64127901,573315.5696975256,310.74293996716347,111,2:44:57
36.2%,1812500,7249.999999856208,-3518359.071637066,572492.1919195191,310.296660736379,111,2:44:49
36.3%,1815000,7259.9999998559715,-3522148.3091356643,573591.566030842,310.8925328206772,111,2:44:41
36.4%,1817500,7269.999999855735,-3521016.3420660254,572420.4587131573,310.25778060017427,111,2:44:34
36.4%,1820000,7279.999999855499,-3523031.135250274,575103.102380804,311.7118010807425,111,2:44:26
36.5%,1822500,7289.999999855262,-3519309.4680949505,573833.6968105749,311.0237701955673,111,2:44:18
36.5%,1825000,7299.999999855026,-3519706.134523334,574659.1067553045,311.47115088163304,111,2:44:10
36.5%,1827500,7309.999999854789,-3520309.459845148,573805.3698193324,311.0084166747415,111,2:44:03
36.6%,1830000,7319.999999854553,-3521210.9810396656,572278.5925690744,310.1808876898398,111,2:43:55
36.6%,1832500,7329.999999854316,-3520457.1418645065,573344.4743658437,310.75860659491036,111,2:43:46
36.7%,1835000,7339.99999985408,-3521397.1635465194,573782.049692418,310.9957769259176,111,2:43:38
36.8%,1837500,7349.999999853843,-3521793.1176389307,574731.4337442009,311.51035285408335,111,2:43:30
36.8%,1840000,7359.999999853607,-3519413.680196829,573559.2576809486,310.8750213624821,111,2:43:23
36.9%,1842500,7369.99999985337,-3517638.162751848,572928.5284324585,310.5331596176449,111,2:43:15
36.9%,1845000,7379.999999853134,-3519081.838739179,575341.5255559452,311.84102889578116,111,2:43:07
37.0%,1847500,7389.999999852897,-3517595.4401204754,573466.7446576754,310.8248783516228,111,2:42:59
37.0%,1850000,7399.999999852661,-3519665.059693657,571861.90842478,309.9550405946631,111,2:42:52
37.0%,1852500,7409.9999998524245,-3518884.267153671,571288.9515552705,309.6444920738899,111,2:42:44
37.1%,1855000,7419.999999852188,-3522212.3723590113,573535.8957243306,310.8623589415283,111,2:42:36
37.1%,1857500,7429.9999998519515,-3517495.4818426613,573471.7260258733,310.82757830445973,111,2:42:28
37.2%,1860000,7439.999999851715,-3517948.653262917,573377.8158928747,310.77667804574867,111,2:42:21
37.2%,1862500,7449.999999851479,-3522740.9888991546,576007.9993838943,312.2022645706074,111,2:42:13
37.3%,1865000,7459.999999851242,-3520387.4915451463,573684.2677891436,310.9427781278646,111,2:42:05
37.4%,1867500,7469.999999851006,-3518757.147564942,572490.6948677698,310.2958493189216,111,2:41:56
37.4%,1870000,7479.999999850769,-3520931.210644394,571900.6870924347,309.9760590316845,111,2:41:50
37.5%,1872500,7489.999999850533,-3515835.78461379,576098.2857629866,312.2512007174016,111,2:41:41
37.5%,1875000,7499.999999850296,-3520267.7041807957,576791.0192264582,312.626669384974,111,2:41:33
37.5%,1877500,7509.99999985006,-3518972.8584090304,572220.4717024907,310.14938558190784,111,2:41:25
37.6%,1880000,7519.999999849823,-3516830.100636676,571651.6248168843,309.84106471471466,111,2:41:17
37.6%,1882500,7529.999999849587,-3521424.0373460837,576350.8772126734,312.38810788307944,111,2:41:10
37.7%,1885000,7539.99999984935,-3521426.4887072314,573794.6932178917,311.0026298468654,111,2:41:02
37.8%,1887500,7549.999999849114,-3523012.976514157,573927.5439007549,311.07463628442184,111,2:40:54
37.8%,1890000,7559.999999848877,-3518176.7968641724,572491.5748966527,310.2963263036344,111,2:40:46
37.9%,1892500,7569.999999848641,-3521709.2898854557,571973.7261735655,310.01564696545546,111,2:40:39
37.9%,1895000,7579.9999998484045,-3522945.8129229452,573489.1932474184,310.8370457183289,111,2:40:31
38.0%,1897500,7589.999999848168,-3523828.9571642578,572432.870103103,310.26450770127644,111,2:40:23
38.0%,1900000,7599.999999847932,-3519672.420801338,572916.3900644018,310.52658049721686,111,2:40:15
38.0%,1902500,7609.999999847695,-3524063.887956472,573636.0238734114,310.9166294289585,111,2:40:08
38.1%,1905000,7619.999999847459,-3520978.03394456,573573.6301375038,310.88281138187205,111,2:40:00
38.1%,1907500,7629.999999847222,-3519163.850725703,572946.0467694484,310.54265473661144,111,2:39:51
38.2%,1910000,7639.999999846986,-3518002.888997851,575602.287555675,311.98236458368257,111,2:39:43
38.2%,1912500,7649.999999846749,-3518492.8095242344,572503.1277215745,310.3025880536563,111,2:39:36
38.3%,1915000,7659.999999846513,-3521672.477727417,575239.5517224214,311.78575802838503,111,2:39:28
38.4%,1917500,7669.999999846276,-3523849.5163456947,573225.9613716996,310.69437133221885,111,2:39:20
38.4%,1920000,7679.99999984604,-3521537.875643922,573545.9934919943,310.8678320355394,111,2:39:12
38.5%,1922500,7689.999999845803,-3519800.2982410807,574264.0838396638,311.2570443953477,111,2:39:04
38.5%,1925000,7699.999999845567,-3518359.612444939,572990.7685580361,310.5668944063515,111,2:38:57
38.5%,1927500,7709.99999984533,-3521190.9779708665,571139.9871009105,309.5637518063217,111,2:38:49
38.6%,1930000,7719.999999845094,-3517890.258970732,573718.4237404753,310.9612910050568,111,2:38:41
38.6%,1932500,7729.9999998448575,-3515643.0571078043,574142.9966735686,311.19141390496253,111,2:38:33
38.7%,1935000,7739.999999844621,-3518746.4292407967,575115.5415902773,311.718543260315,111,2:38:26
38.8%,1937500,7749.999999844385,-3519824.731018942,576166.8708946605,312.28837456472206,111,2:38:18
38.8%,1940000,7759.999999844148,-3516711.7036226764,571971.2307506988,310.0142944205761,111,2:38:10
38.9%,1942500,7769.999999843912,-3521577.151006922,574932.3746005199,311.61926486651134,111,2:38:02
38.9%,1945000,7779.999999843675,-3518911.738316307,574732.2579707203,311.5107995933407,111,2:37:55
39.0%,1947500,7789.999999843439,-3519270.46939373,572832.0662868156,310.48087614181253,111,2:37:47
39.0%,1950000,7799.999999843202,-3521153.150836883,574437.9017456011,311.3512554894898,111,2:37:38
39.0%,1952500,7809.999999842966,-3517889.542934753,572401.9461287087,310.2477465888513,111,2:37:30
39.1%,1955000,7819.999999842729,-3519360.84754993,574761.9631750835,311.526900119864,111,2:37:22
39.1%,1957500,7829.999999842493,-3521640.7377600167,574320.4592863172,311.2876004677116,111,2:37:15
39.2%,1960000,7839.999999842256,-3519206.203249229,575586.6903518452,311.97391073866333,111,2:37:07
39.2%,1962500,7849.99999984202,-3522175.5342515297,574170.9040477548,311.20653998902463,111,2:36:59
39.3%,1965000,7859.999999841783,-3521856.096351519,572753.3538662118,310.438213199651,111,2:36:51
39.4%,1967500,7869.999999841547,-3518586.5406395793,575242.4140456332,311.787309437028,111,2:36:44
39.4%,1970000,7879.9999998413105,-3520493.4664594997,574210.5520762063,311.22802962854627,111,2:36:36
39.5%,1972500,7889.999999841074,-3517744.6644720044,574971.7284669068,311.64059506716615,111,2:36:28
39.5%,1975000,7899.9999998408375,-3522053.4677201807,572864.2513398953,310.4983207718655,111,2:36:20
39.5%,1977500,7909.999999840601,-3518221.3280614875,573261.6836295265,310.7137331636536,111,2:36:13
39.6%,1980000,7919.999999840365,-3519359.381826883,576051.4159708474,312.22579680762703,111,2:36:05
39.6%,1982500,7929.999999840128,-3521346.2028759345,573391.6253694644,310.7841629242025,111,2:35:57
39.7%,1985000,7939.999999839892,-3521748.058904441,574050.3021118741,311.14117249841024,111,2:35:49
39.8%,1987500,7949.999999839655,-3519442.9478229173,574811.8282192979,311.5539274870938,111,2:35:42
39.8%,1990000,7959.999999839419,-3517649.252217274,576542.0253387586,312.49171213492326,111,2:35:34
39.9%,1992500,7969.999999839182,-3522303.0285509024,573985.2808363518,311.10593029780705,111,2:35:25
39.9%,1995000,7979.999999838946,-3515286.7250795886,572124.883588969,310.0975758404816,111,2:35:17
40.0%,1997500,7989.999999838709,-3520776.6572911516,574443.3487411487,311.354207817143,111,2:35:09
40.0%,2000000,7999.999999838473,-3520783.6082636435,573615.8874230983,310.9057152656225,111,2:35:03
40.0%,2002500,8009.999999838236,-3518214.4783489183,571642.6948219647,309.836224565551,111,2:34:55
40.1%,2005000,8019.999999838,-3519510.2795508057,572596.0698648824,310.3529636519914,111,2:34:47
40.1%,2007500,8029.999999837763,-3519709.113729609,574143.4064430557,311.1916360042423,111,2:34:38
40.2%,2010000,8039.999999837527,-3518840.5767440945,573455.2719655498,310.81866003440115,111,2:34:32
40.2%,2012500,8049.9999998372905,-3519209.6286283415,575271.567593188,311.8031109598829,111,2:34:24
40.3%,2015000,8059.999999837054,-3518817.940743657,575492.6044671388,311.9229152207175,111,2:34:15
40.4%,2017500,8069.999999836818,-3522678.2551544607,574688.7667915509,311.4872269265721,111,2:34:07
40.4%,2020000,8079.999999836581,-3523165.951871302,573921.9011646749,311.07157786338524,111,2:34:01
40.5%,2022500,8089.999999836345,-3518551.2555362023,574750.151371859,311.52049800093636,111,2:33:53
40.5%,2025000,8099.999999836108,-3519015.7336447015,573503.9769006313,310.84505861053987,111,2:33:44
40.5%,2027500,8109.999999835872,-3519198.7691038325,574747.6259163341,311.5191291780471,111,2:33:36
40.6%,2030000,8119.999999835635,-3519061.4167634603,573590.4999391045,310.8919549879821,111,2:33:29
40.6%,2032500,8129.999999835399,-3517242.6435148716,573127.5912694283,310.6410537242551,111,2:33:21
40.7%,2035000,8139.999999835162,-3521928.30300992,575642.7812435899,312.00431257933775,111,2:33:13
40.8%,2037500,8149.999999834926,-3521961.6153317206,572579.8237498689,310.3441580904313,111,2:33:05
40.8%,2040000,8159.999999834689,-3520502.869387284,572410.5500165225,310.2524099846071,111,2:32:57
40.9%,2042500,8169.999999834453,-3518330.649704244,572558.797387932,310.3327615858351,111,2:32:50
40.9%,2045000,8179.999999834216,-3521791.1307501085,575928.9924685817,312.1594420092824,111,2:32:42
41.0%,2047500,8189.99999983398,-3517586.4463154767,573598.4637822614,310.89627147294567,111,2:32:34
41.0%,2050000,8199.999999835562,-3517995.363931399,574870.3011329375,311.58562040815366,111,2:32:26
41.0%,2052500,8209.999999837599,-3523766.6393468566,573109.4169128526,310.6312030359207,111,2:32:19
41.1%,2055000,8219.999999839636,-3521407.6606322564,573313.3034445369,310.7417116347168,111,2:32:11
41.1%,2057500,8229.999999841673,-3520321.447397588,573608.0472199846,310.9014657948349,111,2:32:03
41.2%,2060000,8239.99999984371,-3520536.9524264038,574918.624092862,311.61181194982555,111,2:31:55
41.2%,2062500,8249.999999845748,-3519545.6785351466,574340.6537560697,311.29854607818106,111,2:31:48
41.3%,2065000,8259.999999847785,-3520874.5243553426,573294.411148459,310.7314718157824,111,2:31:40
41.4%,2067500,8269.999999849822,-3519056.258136837,573880.6044079096,311.04919459614706,111,2:31:32
41.4%,2070000,8279.99999985186,-3517354.2442178726,574489.99628016,311.37949126343466,111,2:31:23
41.5%,2072500,8289.999999853897,-3522259.843538178,573453.7696128588,310.8178457437788,111,2:31:15
41.5%,2075000,8299.999999855934,-3516419.5139444284,575286.9571870957,311.81145227818735,111,2:31:09
41.5%,2077500,8309.999999857971,-3522707.2131711077,573387.9061825683,310.7821470866229,111,2:31:01
41.6%,2080000,8319.999999860009,-3516826.0355146956,572211.1538024666,310.1443351841848,111,2:30:52
41.6%,2082500,8329.999999862046,-3517750.2554452065,575828.7476499852,312.1051082857738,111,2:30:44
41.7%,2085000,8339.999999864083,-3516492.5233781543,575142.9074064891,311.73337581438074,111,2:30:38
41.8%,2087500,8349.99999986612,-3522639.2570939735,574341.6632312355,311.2990932241115,111,2:30:30
41.8%,2090000,8359.999999868158,-3521334.0414151084,574923.2709839947,311.61433061265035,111,2:30:21
41.9%,2092500,8369.999999870195,-3523220.134962866,574061.449838056,311.14721468074544,111,2:30:13
41.9%,2095000,8379.999999872232,-3520031.4693562835,575476.3482809392,311.9141042004709,111,2:30:07
42.0%,2097500,8389.99999987427,-3517560.450614415,574463.2676824202,311.36500408833973,111,2:29:59
42.0%,2100000,8399.999999876307,-3517856.723426314,573465.8777524183,310.8244084800503,111,2:29:50
42.0%,2102500,8409.999999878344,-3519853.231093511,573130.7823415577,310.6427833181952,111,2:29:42
42.1%,2105000,8419.999999880381,-3519826.078498246,571138.7781948512,309.56309656679423,111,2:29:35
42.1%,2107500,8429.999999882419,-3517209.597211996,571715.4914157077,309.8756810686619,111,2:29:27
42.2%,2110000,8439.999999884456,-3519010.6859761607,575002.0840932392,311.6570481290916,111,2:29:19
42.2%,2112500,8449.999999886493,-3521634.66531872,576224.4493841847,312.319582698705,111,2:29:11
42.3%,2115000,8459.99999988853,-3518062.4541969243,575366.0500466754,311.85432142218986,111,2:29:03
42.4%,2117500,8469.999999890568,-3520610.3615866136,573063.2976153508,310.6062059019645,111,2:28:56
42.4%,2120000,8479.999999892605,-3517326.796147097,574345.3475204073,311.3010901467654,111,2:28:48
42.5%,2122500,8489.999999894642,-3519843.3926874064,575043.3833068463,311.67943272796333,111,2:28:40
42.5%,2125000,8499.99999989668,-3522635.1924830526,573909.7306777856,311.0649813342193,111,2:28:32
42.5%,2127500,8509.999999898717,-3518790.3971804325,573562.6963059735,310.87688513263964,111,2:28:25
42.6%,2130000,8519.999999900754,-3520547.1912555005,573760.5834324296,310.98414199204973,111,2:28:17
42.6%,2132500,8529.999999902791,-3517579.8372799903,573348.8521886927,310.76097941995585,111,2:28:09
42.7%,2135000,8539.999999904829,-3520115.177933622,572973.3341468272,310.55744477602224,111,2:28:01
42.8%,2137500,8549.999999906866,-3518766.290210014,572962.2421761956,310.55143281376917,111,2:27:54
42.8%,2140000,8559.999999908903,-3519513.020102501,575709.3922361654,312.04041642294686,111,2:27:46
42.9%,2142500,8569.99999991094,-3519220.02379323,573833.5591587082,311.02369558683876,111,2:27:38
42.9%,2145000,8579.999999912978,-3522308.1648755744,574192.0192850002,311.2179846649528,111,2:27:30
43.0%,2147500,8589.999999915015,-3520539.1488871034,574386.6248336566,311.3234628754178,111,2:27:23
43.0%,2150000,8599.999999917052,-3521522.4053492956,573481.5702273544,310.8329139629898,111,2:27:15
43.0%,2152500,8609.99999991909,-3520145.2021531127,573950.9391248514,311.0873167366913,111,2:27:07
43.1%,2155000,8619.999999921127,-3519166.7606015727,573929.2574761108,311.0755650599028,111,2:26:59
43.1%,2157500,8629.999999923164,-3521240.0539355483,574422.0910337791,311.3426859209411,111,2:26:51
43.2%,2160000,8639.999999925201,-3521407.965985747,574542.7757732654,311.40809829196206,111,2:26:44
43.2%,2162500,8649.999999927239,-3524973.5516361743,575298.7214683633,311.8178286397253,111,2:26:36
43.3%,2165000,8659.999999929276,-3520282.697884809,572329.1522805812,310.20829157389227,111,2:26:28
43.4%,2167500,8669.999999931313,-3520515.431747835,574896.5083249083,311.59982497595496,111,2:26:20
43.4%,2170000,8679.99999993335,-3523044.7437702287,575888.863635646,312.1376917687814,111,2:26:13
43.5%,2172500,8689.999999935388,-3521909.923494071,573629.3388853375,310.9130060966133,111,2:26:05
43.5%,2175000,8699.999999937425,-3517293.9873651825,573219.6869394209,310.69097052534045,111,2:25:57
43.5%,2177500,8709.999999939462,-3519498.9416020084,571917.0540997379,309.9849301181099,111,2:25:49
43.6%,2180000,8719.9999999415,-3521544.8567212224,575303.4604253874,311.82039720321086,111,2:25:42
43.6%,2182500,8729.999999943537,-3520494.536572501,574373.191695903,311.31618197648675,111,2:25:34
43.7%,2185000,8739.999999945574,-3519860.7919380106,574940.6969292294,311.62377565433445,111,2:25:26
43.8%,2187500,8749.999999947611,-3520536.1666188985,575788.526583611,312.08330805379967,111,2:25:18
43.8%,2190000,8759.999999949649,-3520109.5162716415,572999.5688720241,310.5716642671154,111,2:25:10
43.9%,2192500,8769.999999951686,-3520955.3229595795,573749.3137068449,310.9780336847824,111,2:25:03
43.9%,2195000,8779.999999953723,-3519216.6882316917,573851.3657952255,311.0333469671165,111,2:24:55
44.0%,2197500,8789.99999995576,-3522890.7072461974,572554.4479898375,310.3304041672992,111,2:24:47
44.0%,2200000,8799.999999957798,-3519400.93546376,573300.67581783,310.7348673310644,111,2:24:38
44.0%,2202500,8809.999999959835,-3518854.7681381553,575618.6072322507,311.99121001636655,111,2:24:32
44.1%,2205000,8819.999999961872,-3517693.3295590132,574893.542275361,311.5982173465705,111,2:24:24
44.1%,2207500,8829.99999996391,-3520077.720381407,573167.8992159243,310.6629010461494,111,2:24:15
44.2%,2210000,8839.999999965947,-3519555.067629136,574885.8032769863,311.5940227297932,111,2:24:07
44.2%,2212500,8849.999999967984,-3520549.948328104,574601.6981050733,311.44003480229503,111,2:24:00
44.3%,2215000,8859.999999970021,-3520881.570076354,574705.650414958,311.4963780242435,111,2:23:52
44.4%,2217500,8869.999999972059,-3517662.7700495813,573249.8618145833,310.70732561827134,111,2:23:44
44.4%,2220000,8879.999999974096,-3522252.626852529,573729.539404016,310.9673158091104,111,2:23:36
44.5%,2222500,8889.999999976133,-3517737.148533525,574540.1601121792,311.4066805767301,111,2:23:29
44.5%,2225000,8899.99999997817,-3517323.3416098803,573505.8886630425,310.84609480544464,111,2:23:21
44.5%,2227500,8909.999999980208,-3521633.7552751936,573337.2050222304,310.75466653584795,111,2:23:13
44.6%,2230000,8919.999999982245,-3520997.0006048717,574679.6971345709,311.4823110791341,112,2:23:05
44.6%,2232500,8929.999999984282,-3520340.784092823,573164.6239558152,310.66112582145774,112,2:22:57
44.7%,2235000,8939.99999998632,-3521552.261442812,574701.0135259241,311.4938647826591,111,2:22:50
44.8%,2237500,8949.999999988357,-3519350.7029264346,573293.1027146658,310.7307626311987,111,2:22:42
44.8%,2240000,8959.999999990394,-3520772.363973528,574165.3705198426,311.20354075993913,112,2:22:34
44.9%,2242500,8969.999999992431,-3524385.5118343476,572671.4278996389,310.39380848249675,112,2:22:26
44.9%,2245000,8979.999999994468,-3519229.7179031074,574742.3132128577,311.5162496380787,111,2:22:19
45.0%,2247500,8989.999999996506,-3518640.367004309,573555.4081053892,310.87293485290485,111,2:22:11
45.0%,2250000,8999.999999998543,-3525373.6966710947,573047.2855488672,310.5975271971166,112,2:22:03
45.0%,2252500,9010.00000000058,-3522000.783247711,574419.9103418329,311.34150396346024,112,2:21:55
45.1%,2255000,9020.000000002618,-3523070.8021572605,572717.0647306659,310.4185441146576,111,2:21:48
45.1%,2257500,9030.000000004655,-3521245.6799807213,572886.9837154599,310.510641953408,111,2:21:40
45.2%,2260000,9040.000000006692,-3520717.6354826633,573967.2212651782,311.0961418243421,112,2:21:32
45.2%,2262500,9050.00000000873,-3518769.5956248194,574707.9458232078,311.4976221591417,112,2:21:24
45.3%,2265000,9060.000000010767,-3517429.698999049,574575.7498138745,311.4259705613771,112,2:21:16
45.4%,2267500,9070.000000012804,-3520229.2894243114,573446.1354566002,310.81370795250757,112,2:21:09
45.4%,2270000,9080.000000014841,-3522303.7869358677,575275.959087393,311.80549119494407,112,2:21:01
45.5%,2272500,9090.000000016878,-3521472.988979185,574492.8660007874,311.38104668155296,112,2:20:53
45.5%,2275000,9100.000000018916,-3519917.9766259436,574984.6399775199,311.6475932388178,112,2:20:45
45.5%,2277500,9110.000000020953,-3517893.290971039,573056.4814257894,310.6025114570625,112,2:20:38
45.6%,2280000,9120.00000002299,-3521488.918049071,573068.64182527,310.6091025187491,112,2:20:30
45.6%,2282500,9130.000000025027,-3518178.381905021,572544.9731535083,310.32526870848335,112,2:20:22
45.7%,2285000,9140.000000027065,-3519364.3541261125,574084.7898931387,311.1598652308416,112,2:20:14
45.8%,2287500,9150.000000029102,-3520091.58649062,577111.4871168713,312.80036628018405,112,2:20:07
45.8%,2290000,9160.00000003114,-3519537.795361789,574970.0855998137,311.6397046162915,112,2:19:58
45.9%,2292500,9170.000000033177,-3518122.314437069,572896.8072081126,310.51596638753995,112,2:19:50
45.9%,2295000,9180.000000035214,-3517491.1810345445,574943.3492869743,311.62521325953315,112,2:19:42
46.0%,2297500,9190.000000037251,-3522258.7872244585,574616.9399611686,311.4482960451845,112,2:19:35
46.0%,2300000,9200.000000039288,-3520463.069877859,571811.7727930833,309.92786656623275,112,2:19:27
46.0%,2302500,9210.000000041326,-3521621.9473514613,573830.1643520466,311.021855566685,112,2:19:19
46.1%,2305000,9220.000000043363,-3524290.4036034048,573936.725308615,311.07961270198706,112,2:19:11
46.1%,2307500,9230.0000000454,-3520706.2799110524,572419.6827538307,310.25736002223226,112,2:19:03
46.2%,2310000,9240.000000047437,-3520119.1077331584,573364.9572057717,310.76970850498316,112,2:18:56
46.2%,2312500,9250.000000049475,-3518283.551786341,574177.3230061134,311.210019130526,112,2:18:48
46.3%,2315000,9260.000000051512,-3519900.1501475424,572850.1705265197,310.49068882608077,112,2:18:40
46.4%,2317500,9270.00000005355,-3519134.355767442,574976.6403258041,311.64325734524675,112,2:18:32
46.4%,2320000,9280.000000055586,-3520406.0595081,573623.8250669837,310.9100175503113,112,2:18:25
46.5%,2322500,9290.000000057624,-3519451.37828809,574548.2153388163,311.4110465924806,112,2:18:17
46.5%,2325000,9300.000000059661,-3519575.8371428065,574479.5051491426,311.373804962437,112,2:18:09
46.5%,2327500,9310.000000061698,-3520365.5763078015,574379.684378003,311.31970107701477,112,2:18:01
46.6%,2330000,9320.000000063736,-3521450.4073328655,571382.688756938,309.6952986020396,112,2:17:54
46.6%,2332500,9330.000000065773,-3518903.343993822,572576.9580991865,310.34260487826504,112,2:17:46
46.7%,2335000,9340.00000006781,-3521295.3465904333,573061.2197764893,310.60507969191417,112,2:17:38
46.8%,2337500,9350.000000069847,-3520812.5477319974,574061.7973218248,311.1474030205248,112,2:17:30
46.8%,2340000,9360.000000071885,-3519501.4759545885,574645.5461348661,311.4638008857746,112,2:17:22
46.9%,2342500,9370.000000073922,-3517167.990209831,573187.6738653017,310.6736191096542,112,2:17:15
46.9%,2345000,9380.00000007596,-3522436.257209761,572513.3296921047,310.3081176266935,112,2:17:07
47.0%,2347500,9390.000000077996,-3518910.164459275,574352.854345357,311.3051589231566,112,2:16:59
47.0%,2350000,9400.000000080034,-3521328.4520110823,574706.5358199407,311.49685792285766,112,2:16:51
47.0%,2352500,9410.000000082071,-3519598.763028605,574082.7220235984,311.158744424266,112,2:16:44
47.1%,2355000,9420.000000084108,-3515911.0169420093,575153.0541371224,311.73887544682515,112,2:16:36
47.1%,2357500,9430.000000086146,-3519155.6125791147,572328.9351411595,310.2081738820907,112,2:16:28
47.2%,2360000,9440.000000088183,-3516002.3166530933,576929.3684531024,312.7016560898567,112,2:16:20
47.2%,2362500,9450.00000009022,-3520560.57258003,573033.3020441738,310.5899479936393,112,2:16:12
47.3%,2365000,9460.000000092257,-3523055.5352119803,573599.5883793533,310.8968810161451,112,2:16:04
47.4%,2367500,9470.000000094295,-3520989.8262234963,572149.8156948722,310.1110892985097,112,2:15:56
47.4%,2370000,9480.000000096332,-3521047.693655342,573131.0007177497,310.6429016803391,112,2:15:48
47.5%,2372500,9490.00000009837,-3520608.72074979,571991.2954975835,310.0251697199159,112,2:15:41
47.5%,2375000,9500.000000100406,-3519428.5006255656,575589.8885548541,311.9756441976135,112,2:15:33
47.5%,2377500,9510.000000102444,-3521101.7125333026,573275.406348784,310.7211710187404,112,2:15:25
47.6%,2380000,9520.000000104481,-3519938.1055379007,572802.1546776815,310.4646637417789,112,2:15:17
47.6%,2382500,9530.000000106518,-3520045.14635038,574961.3299124064,311.63495894359363,112,2:15:09
47.7%,2385000,9540.000000108555,-3518971.954660818,574435.2093781785,311.3497961986339,112,2:15:02
47.8%,2387500,9550.000000110593,-3518815.6590453647,575514.7071467551,311.9348951005745,112,2:14:54
47.8%,2390000,9560.00000011263,-3519257.4271373246,574429.2934680046,311.3465897144266,112,2:14:46
47.9%,2392500,9570.000000114667,-3518166.456567947,572355.7264883653,310.2226950680421,112,2:14:38
47.9%,2395000,9580.000000116705,-3518267.3512419295,574578.9603174765,311.4277106873754,112,2:14:31
48.0%,2397500,9590.000000118742,-3517604.12557121,575613.0989552505,311.9882244735352,112,2:14:23
48.0%,2400000,9600.000000120779,-3523320.767761374,574371.696501724,311.31537156585154,112,2:14:15
48.0%,2402500,9610.000000122816,-3521465.307774458,574451.6546856808,311.35870972457326,112,2:14:07
48.1%,2405000,9620.000000124854,-3522356.503387872,571886.3141198824,309.96826873261875,112,2:14:00
48.1%,2407500,9630.00000012689,-3520038.3571575657,573728.2491493635,310.96661647780803,112,2:13:52
48.2%,2410000,9640.000000128928,-3520673.3476245534,576402.7351045368,312.4162153942475,112,2:13:44
48.2%,2412500,9650.000000130965,-3519458.3635815177,572258.8003105791,310.17016008201176,112,2:13:36
48.3%,2415000,9660.000000133003,-3520415.2722175736,573598.966645313,310.8965440298957,112,2:13:28
48.4%,2417500,9670.00000013504,-3520781.128593726,573048.9298526237,310.5984184266776,112,2:13:21
48.4%,2420000,9680.000000137077,-3519225.857385412,572543.009763432,310.3242045308526,112,2:13:13
48.5%,2422500,9690.000000139114,-3519796.168295704,573776.266302103,310.99264226883787,112,2:13:05
48.5%,2425000,9700.000000141152,-3519073.485274134,574687.8062335467,311.4867062942467,112,2:12:57
48.5%,2427500,9710.000000143189,-3519899.0580832083,574113.729096209,311.1755505767797,112,2:12:50
48.6%,2430000,9720.000000145226,-3523194.384151865,572044.288611347,310.05389253303883,112,2:12:42
48.6%,2432500,9730.000000147264,-3519795.7960083243,574277.799394327,311.2644783671507,112,2:12:34
48.7%,2435000,9740.0000001493,-3520830.364509035,572842.9330370298,310.48676603228114,112,2:12:26
48.8%,2437500,9750.000000151338,-3518121.9710429385,573631.9921853382,310.91444421252436,112,2:12:19
48.8%,2440000,9760.000000153375,-3520957.7677936796,573171.0694835426,310.6646193638304,112,2:12:11
48.9%,2442500,9770.000000155413,-3521638.0359740723,571792.2705125449,309.9172961294421,112,2:12:03
48.9%,2445000,9780.00000015745,-3518046.55394572,572140.2734665826,310.1059173125577,112,2:11:55
49.0%,2447500,9790.000000159487,-3523540.209517382,574289.6821626888,311.2709189499132,112,2:11:48
49.0%,2450000,9800.000000161524,-3522739.0605647936,572857.3498330391,310.49458008411165,112,2:11:40
49.0%,2452500,9810.000000163562,-3515329.670245178,573977.1143943652,311.10150400219237,112,2:11:32
49.1%,2455000,9820.000000165599,-3521602.782472918,573156.9034975806,310.65694125362717,112,2:11:24
49.1%,2457500,9830.000000167636,-3521469.6302851066,573269.3173917301,310.717870741343,112,2:11:16
49.2%,2460000,9840.000000169674,-3518609.4600983914,571453.5206857575,309.73369023653953,112,2:11:09
49.2%,2462500,9850.00000017171,-3516878.401933901,571999.6050885376,310.0296736037444,112,2:11:01
49.3%,2465000,9860.000000173748,-3516612.5245254543,572947.3281507976,310.543349258492,112,2:10:52
49.4%,2467500,9870.000000175785,-3516350.7870946117,572440.7242868878,310.26876474973164,112,2:10:44
49.4%,2470000,9880.000000177823,-3519030.6571281143,575600.0527979179,311.98115332197557,112,2:10:38
49.5%,2472500,9890.00000017986,-3516149.982348768,575093.0945536821,311.7063767354309,112,2:10:29
49.5%,2475000,9900.000000181897,-3515318.79707757,573416.9355493282,310.79788130220874,112,2:10:21
49.5%,2477500,9910.000000183934,-3520387.9595202655,573266.7409916192,310.71647430596374,112,2:10:13
49.6%,2480000,9920.000000185972,-3518501.693553867,575023.8904986983,311.66886742530585,112,2:10:06
49.6%,2482500,9930.000000188009,-3519476.5678675584,574169.9636454445,311.2060302812928,112,2:09:58
49.7%,2485000,9940.000000190046,-3519884.997878073,573551.2374517772,310.87067431571825,112,2:09:50
49.8%,2487500,9950.000000192083,-3524297.1102985237,574170.6872417992,311.2064224779651,112,2:09:42
49.8%,2490000,9960.00000019412,-3517835.5275897346,572851.2719042036,310.49128578412206,112,2:09:34
49.9%,2492500,9970.000000196158,-3521277.434072269,574234.0141503226,311.2407463142147,112,2:09:27
49.9%,2495000,9980.000000198195,-3519441.122489333,571869.2648309139,309.95902784250785,112,2:09:19
50.0%,2497500,9990.000000200233,-3521402.5002077613,575062.5576410559,311.6898254144682,112,2:09:11
50.0%,2500000,10000.00000020227,-3524871.927770674,572411.4711131793,310.252909228476,112,2:09:03
50.0%,2502500,10010.000000204307,-3519516.190375475,574306.4864074128,311.28002702352126,112,2:08:56
50.1%,2505000,10020.000000206344,-3520458.2114641536,573732.9611657235,310.96917043917637,112,2:08:48
50.1%,2507500,10030.000000208382,-3519544.2815368455,573279.450955184,310.7233632370407,112,2:08:40
50.2%,2510000,10040.000000210419,-3519517.157120779,573503.9693341387,310.84505450942294,112,2:08:32
50.2%,2512500,10050.000000212456,-3520737.275250327,572039.7854816739,310.0514517904049,112,2:08:25
50.3%,2515000,10060.000000214493,-3519947.909330113,574994.5127015824,311.6529443568806,112,2:08:17
50.4%,2517500,10070.00000021653,-3516546.9300765134,573803.4442460597,311.0073729942076,112,2:08:09
50.4%,2520000,10080.000000218568,-3521732.435307065,572446.3740645286,310.27182698736664,112,2:08:01
50.5%,2522500,10090.000000220605,-3521176.069345841,573687.0816730442,310.9443032819023,112,2:07:53
50.5%,2525000,10100.000000222642,-3521493.558089789,574280.374521073,311.26587411235295,112,2:07:46
50.5%,2527500,10110.00000022468,-3519788.0335254744,574081.2634915865,311.1579538849028,112,2:07:38
50.6%,2530000,10120.000000226717,-3519235.663945392,575551.711057276,311.9549516009616,112,2:07:30
50.6%,2532500,10130.000000228754,-3520645.632149769,573521.0470456588,310.8543108048494,112,2:07:22
50.7%,2535000,10140.000000230792,-3520627.4705337714,574829.6841159239,311.5636055668576,112,2:07:15
50.8%,2537500,10150.000000232829,-3520343.5204275735,575416.5671423231,311.88170220800816,112,2:07:07
50.8%,2540000,10160.000000234866,-3519927.3355209474,575070.5007351926,311.69413065324926,112,2:06:59
50.9%,2542500,10170.000000236903,-3517811.5493716355,574057.522202143,311.14508586165306,112,2:06:51
50.9%,2545000,10180.00000023894,-3522516.8229834456,573253.0072110383,310.7090304555258,112,2:06:44
51.0%,2547500,10190.000000240978,-3522559.895638751,573983.3369859299,311.1048767108701,112,2:06:36
51.0%,2550000,10200.000000243015,-3521832.049649844,573664.6147044927,310.9321259536928,112,2:06:28
51.0%,2552500,10210.000000245052,-3520335.467794504,574945.025889324,311.6261219952641,112,2:06:20
51.1%,2555000,10220.00000024709,-3520054.623116903,574369.5760231793,311.3142222446541,112,2:06:13
51.1%,2557500,10230.000000249127,-3519857.7428186797,573682.6827739488,310.94191903331426,112,2:06:05
51.2%,2560000,10240.000000251164,-3518457.819576895,573963.2929223727,311.09401262210673,112,2:05:57
51.2%,2562500,10250.000000253202,-3521024.9690422993,572487.2907189185,310.29400423520497,112,2:05:49
51.3%,2565000,10260.000000255239,-3518511.0439850315,576391.2659476585,312.4099989931664,112,2:05:41
51.4%,2567500,10270.000000257276,-3522865.475800041,574359.6160104714,311.308823815247,112,2:05:34
51.4%,2570000,10280.000000259313,-3518410.611231204,572972.1453768082,310.55680045043584,112,2:05:26
51.5%,2572500,10290.00000026135,-3519034.8046382535,574747.7981728037,311.51922254282664,112,2:05:18
51.5%,2575000,10300.000000263388,-3519868.8247579224,573640.6366725332,310.91912961356263,112,2:05:10
51.5%,2577500,10310.000000265425,-3519253.518627409,575182.2666023052,311.7547089036409,112,2:05:03
51.6%,2580000,10320.000000267462,-3520142.2817289215,575920.9435817429,312.15507942976785,112,2:04:55
51.6%,2582500,10330.0000002695,-3518656.4866888523,576094.5099751123,312.2491542015092,112,2:04:47
51.7%,2585000,10340.000000271537,-3522325.6357671786,575855.8605372425,312.1198037497427,112,2:04:39
51.8%,2587500,10350.000000273574,-3518919.230536241,574377.5530891867,311.31854589653875,112,2:04:32
51.8%,2590000,10360.000000275611,-3520608.6081251763,573283.6270868457,310.72562674338667,112,2:04:24
51.9%,2592500,10370.000000277649,-3522881.9169251546,573749.3412778825,310.9780486285686,112,2:04:16
51.9%,2595000,10380.000000279686,-3517554.154108662,573213.8074095856,310.68778375965115,112,2:04:08
52.0%,2597500,10390.000000281723,-3519584.312546456,575387.7536718252,311.8660850104185,112,2:04:00
52.0%,2600000,10400.00000028376,-3518782.244262716,573973.9995335587,311.0998157155737,112,2:03:53
52.0%,2602500,10410.000000285798,-3519139.9334245864,573018.2214463924,310.5817741544157,112,2:03:45
52.1%,2605000,10420.000000287835,-3521079.261882685,573713.8434278562,310.9588084284717,112,2:03:37
52.1%,2607500,10430.000000289872,-3519886.1169413123,576525.5767009477,312.4827968039224,112,2:03:29
52.2%,2610000,10440.00000029191,-3519993.0312510114,572767.0414592146,310.44563201594616,112,2:03:22
52.2%,2612500,10450.000000293947,-3521075.263971733,573959.6760849615,311.0920522590014,112,2:03:14
52.3%,2615000,10460.000000295984,-3521858.020260798,572353.8003102652,310.22165105968554,112,2:03:06
52.4%,2617500,10470.000000298021,-3520838.3526267316,574807.8802347197,311.5517876388155,112,2:02:58
52.4%,2620000,10480.000000300059,-3520388.5136792194,575101.8986925568,311.7111486693228,112,2:02:51
52.5%,2622500,10490.000000302096,-3523351.838379398,575059.6241623948,311.6882354388393,112,2:02:43
52.5%,2625000,10500.000000304133,-3521125.280167753,572887.1861971845,310.5107517005869,112,2:02:35
52.5%,2627500,10510.00000030617,-3520785.232280271,575648.2911229752,312.0072989906783,112,2:02:27
52.6%,2630000,10520.000000308208,-3518067.7971296813,573413.514147589,310.7960268672493,112,2:02:19
52.6%,2632500,10530.000000310245,-3521766.397039013,572642.3931541,310.3780713515573,112,2:02:11
52.7%,2635000,10540.000000312282,-3520692.103693111,573491.6500135465,310.83837731085805,112,2:02:04
52.8%,2637500,10550.00000031432,-3521928.996151278,575852.4712711915,312.117966732657,112,2:01:56
52.8%,2640000,10560.000000316357,-3518349.8042276055,573040.6735001989,310.59394339868,112,2:01:48
52.9%,2642500,10570.000000318394,-3521413.8226370215,573867.2102415842,311.04193482013125,112,2:01:40
52.9%,2645000,10580.000000320431,-3520658.1491806153,574439.6216512704,311.3521876960657,112,2:01:33
53.0%,2647500,10590.000000322469,-3519450.071908744,574271.5391603402,311.2610852558926,112,2:01:25
53.0%,2650000,10600.000000324506,-3516748.7470541988,575964.2157284489,312.1785333786867,112,2:01:17
53.0%,2652500,10610.000000326543,-3519500.4560399223,575380.5388171012,311.8621744848949,112,2:01:09
53.1%,2655000,10620.00000032858,-3522600.813104665,576450.7907403975,312.44226204352526,112,2:01:01
53.1%,2657500,10630.000000330618,-3521793.487612497,572585.2689433815,310.347109441363,112,2:00:54
53.2%,2660000,10640.000000332655,-3523651.239512209,572693.1713670562,310.40559366564446,112,2:00:46
53.2%,2662500,10650.000000334692,-3520227.264043955,573401.67290625,310.7896087925605,112,2:00:38
53.3%,2665000,10660.00000033673,-3518752.713025816,574280.9210035484,311.2661703114797,112,2:00:30
53.4%,2667500,10670.000000338767,-3515621.4872847814,575976.6145284933,312.1852536559328,112,2:00:23
53.4%,2670000,10680.000000340804,-3523860.800482126,574775.9127324652,311.53446092354903,112,2:00:15
53.5%,2672500,10690.000000342841,-3521559.2071735617,573536.2590401226,310.8625558624272,112,2:00:07
53.5%,2675000,10700.000000344879,-3521041.509132147,574856.9692043314,311.5783943656224,112,1:59:59
53.5%,2677500,10710.000000346916,-3517786.70395525,577151.267605192,312.8219277143182,112,1:59:51
53.6%,2680000,10720.000000348953,-3521746.7700232156,575317.7910564217,311.828164552738,112,1:59:44
53.6%,2682500,10730.00000035099,-3517025.265668502,574486.5952009619,311.3776478435016,112,1:59:36
53.7%,2685000,10740.000000353028,-3518309.820220733,575075.2421242427,311.69670053491797,112,1:59:28
53.8%,2687500,10750.000000355065,-3520323.6759649087,573754.362087111,310.9807699588501,112,1:59:20
53.8%,2690000,10760.000000357102,-3519429.1287814043,574985.4532610041,311.64803404683744,112,1:59:12
53.9%,2692500,10770.00000035914,-3518890.00400934,575810.6376810516,312.0952924962041,112,1:59:05
53.9%,2695000,10780.000000361177,-3520902.2426111065,576654.002111984,312.5524046985989,112,1:58:57
54.0%,2697500,10790.000000363214,-3519558.7450090926,573382.235330876,310.779073426635,112,1:58:49
54.0%,2700000,10800.000000365251,-3522066.5054477304,574596.0725439311,311.4369856902515,112,1:58:41
54.0%,2702500,10810.000000367289,-3521303.8871157207,572825.5022395118,310.47731836060956,112,1:58:33
54.1%,2705000,10820.000000369326,-3521088.587453788,572604.0163895106,310.3572707501342,112,1:58:26
54.1%,2707500,10830.000000371363,-3519092.8369972985,573835.7861880092,311.02490265964286,112,1:58:18
54.2%,2710000,10840.0000003734,-3518389.3417016417,573725.9134962917,310.96535052980204,112,1:58:10
54.2%,2712500,10850.000000375438,-3517242.8983264454,572675.6450796342,310.396094237462,112,1:58:02
54.3%,2715000,10860.000000377475,-3518087.2473523766,574811.5252584063,311.5537632791722,112,1:57:54
54.4%,2717500,10870.000000379512,-3521118.505695928,573773.8421795622,310.9913283694691,112,1:57:47
54.4%,2720000,10880.00000038155,-3518752.741695646,573448.5021358982,310.8149907170475,112,1:57:39
54.5%,2722500,10890.000000383587,-3521560.4074219298,575501.2844344047,311.92761985231937,112,1:57:31
54.5%,2725000,10900.000000385624,-3519316.3538574185,573825.9310183998,311.01956105627437,112,1:57:23
54.5%,2727500,10910.000000387661,-3519647.0570871476,574952.5433200016,311.630196520069,112,1:57:16
54.6%,2730000,10920.000000389698,-3518912.462364141,575762.995467845,312.06946992626035,112,1:57:08
54.6%,2732500,10930.000000391736,-3521950.6840976384,575525.9672968421,311.9409982178235,112,1:57:00
54.7%,2735000,10940.000000393773,-3520045.7467417754,572945.0948092937,310.54213876440895,112,1:56:52
54.8%,2737500,10950.00000039581,-3516970.3611741364,575404.7134075993,311.87527736177617,112,1:56:45
54.8%,2740000,10960.000000397848,-3519058.038017668,572845.4042677418,310.4881054647637,112,1:56:37
54.9%,2742500,10970.000000399885,-3520072.046986839,573553.3238878265,310.8718051855328,112,1:56:29
54.9%,2745000,10980.000000401922,-3520754.188972825,574177.0274725623,311.20985894829926,112,1:56:21
55.0%,2747500,10990.00000040396,-3519863.838693749,574516.1805548822,311.39368340985123,112,1:56:14
55.0%,2750000,11000.000000405997,-3519808.5171376336,575757.484768966,312.06648307074573,112,1:56:06
55.0%,2752500,11010.000000408034,-3521339.7012032103,573637.7930740323,310.91758835390567,112,1:55:58
55.1%,2755000,11020.000000410071,-3521048.762583373,572910.6872483706,310.52348951222837,112,1:55:50
55.1%,2757500,11030.000000412108,-3520169.2595078386,575386.3842462974,311.8653427676868,112,1:55:42
55.2%,2760000,11040.000000414146,-3520081.362902647,573708.6669830288,310.9560027420936,112,1:55:35
55.2%,2762500,11050.000000416183,-3519889.2622953877,575618.7989120621,311.9913139087972,112,1:55:27
55.3%,2765000,11060.00000041822,-3520607.292392062,574196.0042288883,311.2201445455575,112,1:55:19
55.4%,2767500,11070.000000420257,-3520391.976759592,573427.5367440719,310.80362725887886,112,1:55:11
55.4%,2770000,11080.000000422295,-3522381.482656924,573801.4972274306,311.00631769006975,112,1:55:04
55.5%,2772500,11090.000000424332,-3519724.580314532,573140.9875834303,310.64831466433367,112,1:54:56
55.5%,2775000,11100.00000042637,-3521002.3875298295,573847.4189776408,311.0312077513606,112,1:54:48
55.5%,2777500,11110.000000428407,-3518976.2115283683,573818.0972821856,311.01531509061294,112,1:54:40
55.6%,2780000,11120.000000430444,-3520151.9241764974,575056.4772889096,311.6865298010192,112,1:54:33
55.6%,2782500,11130.000000432481,-3521213.5871973764,575221.0440475672,311.77572667811285,112,1:54:25
55.7%,2785000,11140.000000434518,-3520010.41483311,575141.5288331923,311.732628613464,112,1:54:17
55.8%,2787500,11150.000000436556,-3522590.610625392,572908.7151378302,310.5224206080163,112,1:54:09
55.8%,2790000,11160.000000438593,-3521690.8092066757,575100.9795777075,311.71065049961396,112,1:54:01
55.9%,2792500,11170.00000044063,-3517972.1567204613,574480.5304647875,311.3743606940702,112,1:53:54
55.9%,2795000,11180.000000442667,-3521033.9709576387,573618.3995653237,310.9070768725664,112,1:53:46
56.0%,2797500,11190.000000444705,-3518242.0424855594,573531.6583907218,310.86006226309706,112,1:53:38
56.0%,2800000,11200.000000446742,-3523156.8800073434,574751.4005001821,311.52117504134486,112,1:53:30
56.0%,2802500,11210.00000044878,-3521440.2854214944,571165.5508577884,309.5776076256797,112,1:53:23
56.1%,2805000,11220.000000450817,-3518177.7449381966,575276.5372335126,311.8058045560918,112,1:53:15
56.1%,2807500,11230.000000452854,-3520751.3814825844,574303.9294548174,311.27864112889563,112,1:53:07
56.2%,2810000,11240.000000454891,-3520633.935652679,573976.3641965073,311.1010973872315,112,1:52:59
56.2%,2812500,11250.000000456928,-3520989.9448791947,576061.6274574316,312.23133153846345,112,1:52:52
56.3%,2815000,11260.000000458966,-3521528.5087991673,573089.8728042318,310.6206099278789,112,1:52:44
56.4%,2817500,11270.000000461003,-3520390.5553137157,574939.1799485561,311.6229534351951,112,1:52:36
56.4%,2820000,11280.00000046304,-3516657.725931553,572167.2848103434,310.12055773890637,112,1:52:28
56.5%,2822500,11290.000000465077,-3520587.9054792635,574918.943893218,311.6119852849102,112,1:52:21
56.5%,2825000,11300.000000467115,-3516539.9133349378,574610.2259625248,311.4446569888118,112,1:52:13
56.5%,2827500,11310.000000469152,-3517726.9688052405,574386.3438266002,311.3233105667008,112,1:52:05
56.6%,2830000,11320.00000047119,-3522737.4622798674,572957.9546979547,310.5491089564312,112,1:51:57
56.6%,2832500,11330.000000473226,-3522180.572898969,574467.8863224946,311.36750743880015,112,1:51:49
56.7%,2835000,11340.000000475264,-3519419.2184436973,572676.6537798292,310.39664096335036,112,1:51:42
56.8%,2837500,11350.000000477301,-3521417.4080865905,575081.5198052372,311.7001031026338,112,1:51:34
56.8%,2840000,11360.000000479338,-3523367.927586887,574457.1724172054,311.36170039185413,112,1:51:26
56.9%,2842500,11370.000000481376,-3519306.494073527,572862.8084083323,310.49753868810615,112,1:51:18
56.9%,2845000,11380.000000483413,-3517967.649030151,572272.5531665469,310.1776142715057,112,1:51:11
57.0%,2847500,11390.00000048545,-3522469.035415832,571216.5019837271,309.60522366038316,112,1:51:03
57.0%,2850000,11400.000000487487,-3514832.8491226546,574290.9324433351,311.27159661489276,112,1:50:55
57.0%,2852500,11410.000000489525,-3521408.989192255,574413.956179075,311.33827674595864,112,1:50:47
57.1%,2855000,11420.000000491562,-3522121.276730852,573772.3276167957,310.9905074608601,112,1:50:40
57.1%,2857500,11430.0000004936,-3517426.505550962,573178.2494355794,310.66851097173827,112,1:50:32
57.2%,2860000,11440.000000495636,-3518411.209669823,575079.6490859208,311.6990891535088,112,1:50:24
57.2%,2862500,11450.000000497674,-3522067.205338493,573079.4069132875,310.6149373072606,112,1:50:16
57.3%,2865000,11460.000000499711,-3517130.969097495,574616.2079588445,311.44789929239033,112,1:50:08
57.4%,2867500,11470.000000501748,-3516828.423823258,573140.4378395326,310.6480166974826,112,1:50:01
57.4%,2870000,11480.000000503785,-3521753.720871562,574146.1107925421,311.1931017895001,112,1:49:53
57.5%,2872500,11490.000000505823,-3519416.1480205636,573982.1340284985,311.1042246955602,112,1:49:45
57.5%,2875000,11500.00000050786,-3522074.9141435865,574770.8563688009,311.5317203223973,112,1:49:37
57.5%,2877500,11510.000000509897,-3521745.18879232,574067.748176013,311.1506284447475,112,1:49:30
57.6%,2880000,11520.000000511935,-3522224.34376481,573226.0856625899,310.69443869916074,112,1:49:22
57.6%,2882500,11530.000000513972,-3519819.5723332036,575230.5632741993,311.78088619692966,112,1:49:14
57.7%,2885000,11540.00000051601,-3521629.9909758456,574128.2411669148,311.1834162684763,112,1:49:06
57.8%,2887500,11550.000000518046,-3516415.0620497856,575063.0221475628,311.69007718177613,112,1:48:59
57.8%,2890000,11560.000000520084,-3521251.1714252383,574857.3309526073,311.57859043691144,112,1:48:51
57.9%,2892500,11570.00000052212,-3517577.776710652,572996.6582332456,310.570086670938,112,1:48:43
57.9%,2895000,11580.000000524158,-3521724.6181621365,575443.3087660623,311.8961964433288,112,1:48:35
58.0%,2897500,11590.000000526195,-3519895.22006163,574895.5573854514,311.59930955698115,112,1:48:27
58.0%,2900000,11600.000000528233,-3521355.6969912183,571988.1452100599,310.02346223165193,112,1:48:20
58.0%,2902500,11610.00000053027,-3519936.1682195347,573785.2821153024,310.99752893239264,112,1:48:12
58.1%,2905000,11620.000000532307,-3521716.1231161635,573173.1394917587,310.6657413295903,112,1:48:04
58.1%,2907500,11630.000000534345,-3517715.394081237,574385.962118956,311.3231036772287,112,1:47:56
58.2%,2910000,11640.000000536382,-3519717.322795393,574913.5626021362,311.60906856975373,112,1:47:49
58.2%,2912500,11650.000000538419,-3520021.3732648455,574394.1702820496,311.3275525861128,112,1:47:41
58.3%,2915000,11660.000000540456,-3518640.6202299986,572527.0987354983,310.31558058993886,112,1:47:33
58.4%,2917500,11670.000000542494,-3518810.925007805,572841.880193034,310.4861953799984,112,1:47:25
58.4%,2920000,11680.00000054453,-3518720.600424174,575366.5782713246,311.8546077253868,112,1:47:18
58.5%,2922500,11690.000000546568,-3520638.4967890773,573957.2317041762,311.0907273794555,112,1:47:10
58.5%,2925000,11700.000000548605,-3519048.9738445096,573502.7657948371,310.8444021787334,112,1:47:02
58.5%,2927500,11710.000000550643,-3521259.2726073787,574290.7418780061,311.27149332652294,112,1:46:54
58.6%,2930000,11720.00000055268,-3518091.6486687604,574055.2476943627,311.1438530550244,112,1:46:47
58.6%,2932500,11730.000000554717,-3519495.0597995557,573836.2671425084,311.025163341932,112,1:46:39
58.7%,2935000,11740.000000556754,-3519001.0723852795,573157.0114624659,310.65699977170624,112,1:46:31
58.8%,2937500,11750.000000558792,-3515909.779302839,572776.535979787,310.4507781438244,112,1:46:23
58.8%,2940000,11760.000000560829,-3520620.458638368,575484.3743695486,311.9184544231105,112,1:46:15
58.9%,2942500,11770.000000562866,-3523740.380038224,574566.0910874866,311.42073543225666,112,1:46:08
58.9%,2945000,11780.000000564904,-3519117.2363630086,572786.8779529993,310.45638359975635,112,1:46:00
59.0%,2947500,11790.00000056694,-3520765.579937374,573958.5364076127,311.09143454214757,112,1:45:52
59.0%,2950000,11800.000000568978,-3520075.527809996,574773.0165037918,311.53289113779687,112,1:45:44
59.0%,2952500,11810.000000571015,-3521249.3826896157,574187.4236171781,311.2154937656896,112,1:45:37
59.1%,2955000,11820.000000573053,-3520653.4580908883,574449.5771854414,311.3575836980596,112,1:45:29
59.1%,2957500,11830.00000057509,-3520566.027319202,573963.7122184101,311.0942398848748,112,1:45:21
59.2%,2960000,11840.000000577127,-3520299.1173582748,573852.0287159223,311.0337062769576,112,1:45:13
59.2%,2962500,11850.000000579164,-3520678.7082539983,575692.1620050969,312.03107746035533,112,1:45:06
59.3%,2965000,11860.000000581202,-3520435.3309340216,574669.4616035263,311.47676331595267,112,1:44:58
59.4%,2967500,11870.000000583239,-3517229.5350676384,572843.3702489708,310.4870030056534,112,1:44:50
59.4%,2970000,11880.000000585276,-3519015.5411426667,572699.5804822359,310.4090674720415,112,1:44:42
59.5%,2972500,11890.000000587313,-3517494.04823984,575053.3735622438,311.68484754921946,112,1:44:34
59.5%,2975000,11900.00000058935,-3520472.602389861,574818.8506252312,311.55773370339193,112,1:44:27
59.5%,2977500,11910.000000591388,-3517140.768401062,576100.5236113172,312.2524136542312,112,1:44:19
59.6%,2980000,11920.000000593425,-3519117.3951736074,572687.0232679138,310.4022613326264,112,1:44:11
59.6%,2982500,11930.000000595463,-3521558.503874181,573297.1360644639,310.7329487483049,112,1:44:03
59.7%,2985000,11940.0000005975,-3518154.679123994,572876.1162332937,310.50475166621396,112,1:43:56
59.8%,2987500,11950.000000599537,-3517689.865426261,573172.5211637872,310.6654061894653,112,1:43:48
59.8%,2990000,11960.000000601574,-3518623.857942339,572036.9396783627,310.0499093357181,112,1:43:40
59.9%,2992500,11970.000000603612,-3521147.390123518,575464.1216410912,311.90747723582336,112,1:43:32
59.9%,2995000,11980.000000605649,-3521201.58067023,573107.1828721478,310.62999216286346,112,1:43:25
60.0%,2997500,11990.000000607686,-3520517.5106705464,576097.0204932101,312.2505149281592,112,1:43:17
60.0%,3000000,12000.000000609723,-3522205.4503759947,575084.0729655987,311.7014869418296,112,1:43:09
60.0%,3002500,12010.00000061176,-3519280.323068777,573353.4884476131,310.7634923200122,112,1:43:01
60.1%,3005000,12020.000000613798,-3521167.638274133,573116.882597584,310.63524951389013,112,1:42:53
60.1%,3007500,12030.000000615835,-3519298.872864073,574158.2409203113,311.19967644360753,112,1:42:46
60.2%,3010000,12040.000000617873,-3518345.403661564,574608.6807739388,311.4438194806934,112,1:42:38
60.2%,3012500,12050.00000061991,-3519439.3528741747,574415.4025345114,311.33906068549265,112,1:42:30
60.3%,3015000,12060.000000621947,-3517242.7415561937,573776.8636559456,310.99296604076926,112,1:42:22
60.4%,3017500,12070.000000623984,-3521118.571872648,574818.7387596448,311.55767307109267,112,1:42:15
60.4%,3020000,12080.000000626022,-3518774.476625407,573617.0158573436,310.90632688859847,112,1:42:07
60.5%,3022500,12090.000000628059,-3517348.1134062707,576332.8168341785,312.3783189720381,112,1:41:59
60.5%,3025000,12100.000000630096,-3518553.8485882804,572058.3316089296,310.0615039822745,112,1:41:51
60.5%,3027500,12110.000000632133,-3518997.758553408,575089.8433981504,311.7046145756683,112,1:41:44
60.6%,3030000,12120.00000063417,-3519571.257459145,571998.30698611,310.0289700188672,112,1:41:36
60.6%,3032500,12130.000000636208,-3519058.6759914663,574394.3456475269,311.3276476360066,112,1:41:28
60.7%,3035000,12140.000000638245,-3517759.463206822,577169.9473624029,312.83205233499893,112,1:41:20
60.8%,3037500,12150.000000640282,-3518732.816994915,574277.4901361227,311.26431074602067,112,1:41:13
60.8%,3040000,12160.00000064232,-3521832.3932180163,573049.0628119512,310.59849049200164,112,1:41:05
60.9%,3042500,12170.000000644357,-3519515.7188257314,575475.4208867648,311.91360154328265,112,1:40:57
60.9%,3045000,12180.000000646394,-3518812.160323024,574181.0009299362,311.2120126030951,112,1:40:49
61.0%,3047500,12190.000000648432,-3520573.0359974373,573277.9899725523,310.7225713694163,112,1:40:41
61.0%,3050000,12200.000000650469,-3517149.286784634,573978.0674164301,311.1020205499611,112,1:40:34
61.0%,3052500,12210.000000652506,-3525005.6788737215,574018.3457221308,311.12385180623926,112,1:40:26
61.1%,3055000,12220.000000654543,-3522546.8509347234,575877.1692325773,312.1313532819466,112,1:40:18
61.1%,3057500,12230.00000065658,-3518946.6328852195,573808.6026707912,311.01016891350827,112,1:40:10
61.2%,3060000,12240.000000658618,-3520671.837374879,572368.7805492103,310.2297705033868,112,1:40:03
61.2%,3062500,12250.000000660655,-3521424.6473927964,575873.0947654131,312.12914487880465,112,1:39:55
61.3%,3065000,12260.000000662692,-3518624.387408955,575729.2665623436,312.0511885123038,112,1:39:47
61.4%,3067500,12270.00000066473,-3517174.149491027,572453.4098238689,310.27564044134886,112,1:39:39
61.4%,3070000,12280.000000666767,-3518288.8340101186,575429.1887465267,311.88854324740186,112,1:39:32
61.5%,3072500,12290.000000668804,-3521213.966999233,573338.554225995,310.75539781817577,112,1:39:24
61.5%,3075000,12300.000000670841,-3519333.974855013,576286.2459423114,312.3530770692875,112,1:39:16
61.5%,3077500,12310.000000672879,-3520482.146990584,571585.2236801875,309.80507461515185,112,1:39:08
61.6%,3080000,12320.000000674916,-3519633.038098229,574128.1932333054,311.1833902879666,112,1:39:01
61.6%,3082500,12330.000000676953,-3518131.8282398228,574109.7365984623,311.17338660190586,112,1:38:53
61.7%,3085000,12340.00000067899,-3518665.440053722,575119.8452615523,311.7208758944441,112,1:38:45
61.8%,3087500,12350.000000681028,-3520965.9160639383,574133.801642451,311.1864301034514,112,1:38:37
61.8%,3090000,12360.000000683065,-3517148.002236061,574785.3041459417,311.53955116632,112,1:38:30
61.9%,3092500,12370.000000685102,-3518410.787628511,574912.8282844424,311.60867056200533,112,1:38:22
61.9%,3095000,12380.00000068714,-3521620.936898498,575843.4008971548,312.1130504965669,112,1:38:14
62.0%,3097500,12390.000000689177,-3520872.11852796,572715.3632345005,310.4176218862223,112,1:38:06
62.0%,3100000,12400.000000691214,-3520037.1501616817,576069.9894948567,312.23586384881906,112,1:37:58
62.0%,3102500,12410.000000693251,-3520097.5156029034,572041.2535744102,310.05224751177917,112,1:37:51
62.1%,3105000,12420.000000695289,-3513895.7980202734,572767.4813162084,310.4458704229643,112,1:37:43
62.1%,3107500,12430.000000697326,-3520599.4638792463,574569.3955793856,311.42252650087937,112,1:37:35
62.2%,3110000,12440.000000699363,-3519005.931959139,573721.7912603713,310.96311623550264,112,1:37:27
62.2%,3112500,12450.0000007014,-3520550.9353748243,573148.1898354278,310.6522183590498,112,1:37:20
62.3%,3115000,12460.000000703438,-3523800.4697776865,573541.9592411849,310.8656454300757,112,1:37:12
62.4%,3117500,12470.000000705475,-3518991.394762568,573353.9196393618,310.7637260303783,112,1:37:04
62.4%,3120000,12480.000000707512,-3518417.791092351,574933.8874442833,311.62008484340305,112,1:36:56
62.5%,3122500,12490.00000070955,-3518829.3886394296,574327.3213203566,311.2913197607925,112,1:36:49
62.5%,3125000,12500.000000711587,-3523070.0501143094,573121.0018656804,310.6374821995984,112,1:36:41
62.5%,3127500,12510.000000713624,-3521081.028119201,575628.3815210292,311.99650778149214,112,1:36:33
62.6%,3130000,12520.000000715661,-3519342.9496516995,573979.9794598243,311.10305689716154,112,1:36:25
62.6%,3132500,12530.000000717699,-3522757.9419542477,575487.1132931951,311.9199389479189,112,1:36:18
62.7%,3135000,12540.000000719736,-3519485.1850803886,576706.0166326023,312.5805971041644,112,1:36:10
62.8%,3137500,12550.000000721773,-3520684.311454229,574274.0615962277,311.2624524421073,112,1:36:02
62.8%,3140000,12560.00000072381,-3520621.267218223,574359.648158631,311.30884123988045,112,1:35:55
62.9%,3142500,12570.000000725848,-3517268.8881527595,572935.3611764105,310.53686303519703,112,1:35:47
62.9%,3145000,12580.000000727885,-3518251.114158958,573296.8584845176,310.73279829711686,112,1:35:39
63.0%,3147500,12590.000000729922,-3521670.664422592,573747.5904125908,310.97709964155865,112,1:35:31
63.0%,3150000,12600.00000073196,-3521976.4759484995,575093.0238541645,311.7063384155647,112,1:35:24
63.0%,3152500,12610.000000733997,-3520648.9298131596,572829.4513646909,310.4794588271053,112,1:35:16
63.1%,3155000,12620.000000736034,-3523453.0303902067,572823.7449566645,310.4763658952184,112,1:35:08
63.1%,3157500,12630.000000738071,-3521694.0839164425,572792.8325234256,310.4596110382183,112,1:35:00
63.2%,3160000,12640.000000740109,-3521531.2956568208,574460.8688258505,311.3637038833873,112,1:34:53
63.2%,3162500,12650.000000742146,-3519168.338423433,573360.4019053848,310.76723948528536,112,1:34:45
63.3%,3165000,12660.000000744183,-3518965.371609457,574965.0078900224,311.63695244531925,112,1:34:37
63.4%,3167500,12670.00000074622,-3517233.6264703088,573708.0763320078,310.95568260316054,112,1:34:29
63.4%,3170000,12680.000000748258,-3522327.6026875637,575481.4990167858,311.91689595231674,112,1:34:22
63.5%,3172500,12690.000000750295,-3516531.734629512,572791.8798892228,310.4590947006749,112,1:34:14
63.5%,3175000,12700.000000752332,-3519745.1169785056,572905.5238221335,310.5206908820602,112,1:34:06
63.5%,3177500,12710.00000075437,-3520688.9468811452,574806.0778267905,311.5508107151655,112,1:33:58
63.6%,3180000,12720.000000756407,-3522445.627600167,572376.8439106944,310.2341409283081,112,1:33:51
63.6%,3182500,12730.000000758444,-3517739.2276675906,573973.3139646018,311.09944413014244,112,1:33:43
63.7%,3185000,12740.000000760481,-3521889.399845237,573416.1648038202,310.79746355021007,112,1:33:35
63.8%,3187500,12750.000000762519,-3519608.830221886,574853.4173204745,311.5764692080121,112,1:33:27
63.8%,3190000,12760.000000764556,-3520110.2160515394,573934.5645480603,311.07844154752553,112,1:33:20
63.9%,3192500,12770.000000766593,-3520398.8998006266,575246.718349522,311.78964241404026,112,1:33:12
63.9%,3195000,12780.00000076863,-3518987.637839468,573853.6530378382,311.03458667615536,112,1:33:04
64.0%,3197500,12790.000000770668,-3522266.7022533733,573758.852065794,310.9832035735121,112,1:32:56
64.0%,3200000,12800.000000772705,-3519795.6318985242,572591.3178200311,310.3503879947687,112,1:32:49
64.0%,3202500,12810.000000774742,-3522577.36249166,576307.365125003,312.3645238836881,112,1:32:41
64.1%,3205000,12820.00000077678,-3519414.4963350333,575253.2408145822,311.7931776572393,112,1:32:33
64.2%,3207500,12830.000000778817,-3523527.9147131015,573459.79139076,310.821109609384,112,1:32:25
64.2%,3210000,12840.000000780854,-3522623.715313362,574854.2833213154,311.57693858938165,112,1:32:18
64.2%,3212500,12850.000000782891,-3518315.7627236713,574412.8286269973,311.3376656011265,112,1:32:10
64.3%,3215000,12860.000000784928,-3517778.1203319374,573521.592201114,310.8546062847175,112,1:32:02
64.3%,3217500,12870.000000786966,-3519206.386684833,573051.6104820764,310.599871355433,112,1:31:54
64.4%,3220000,12880.000000789003,-3521222.9743585307,575093.6133356609,311.7066579206033,112,1:31:46
64.5%,3222500,12890.00000079104,-3520975.838168865,575408.2040588881,311.87716933070436,112,1:31:39
64.5%,3225000,12900.000000793078,-3518370.6000596825,573677.5028863002,310.9391114808917,112,1:31:31
64.5%,3227500,12910.000000795115,-3518759.204196831,574780.50541809,311.5369502064306,112,1:31:23
64.6%,3230000,12920.000000797152,-3518260.257842401,574569.8270384078,311.4227603561104,112,1:31:15
64.7%,3232500,12930.00000079919,-3520799.3124591485,574816.4195120027,311.55641601499843,112,1:31:08
64.7%,3235000,12940.000000801227,-3518144.499231372,574351.9269037915,311.3046562402818,112,1:31:00
64.8%,3237500,12950.000000803264,-3521403.572692979,572459.5416891403,310.2789639754418,112,1:30:52
64.8%,3240000,12960.000000805301,-3520455.0873465724,574569.0234796337,311.4223248189838,112,1:30:44
64.8%,3242500,12970.000000807338,-3516257.2800390795,574056.4691307554,311.1445150861216,112,1:30:37
64.9%,3245000,12980.000000809376,-3520495.8261925895,573432.5729140191,310.80635691482803,112,1:30:29
65.0%,3247500,12990.000000811413,-3516422.7556814793,574884.4570075071,311.59329303787814,112,1:30:21
65.0%,3250000,13000.00000081345,-3521938.1541430857,573407.7969514249,310.7929280880807,112,1:30:13
65.0%,3252500,13010.000000815488,-3516782.331666624,573448.807537749,310.81515624799414,112,1:30:05
65.1%,3255000,13020.000000817525,-3522245.968604626,573955.8472170328,311.0899769731731,112,1:29:58
65.2%,3257500,13030.000000819562,-3522863.7535815127,573945.7205075584,311.0844881924029,112,1:29:50
65.2%,3260000,13040.0000008216,-3518235.998065494,573720.8874669571,310.9626263701693,112,1:29:42
65.2%,3262500,13050.000000823637,-3520067.793639023,574843.0559465868,311.57085323671436,112,1:29:34
65.3%,3265000,13060.000000825674,-3523491.444536904,573958.5022954958,311.0914160530291,112,1:29:27
65.3%,3267500,13070.000000827711,-3521759.1673287265,575558.9580957274,311.9588795703967,112,1:29:19
65.4%,3270000,13080.000000829748,-3521038.4098265395,573835.7022410707,311.02485715953816,112,1:29:11
65.5%,3272500,13090.000000831786,-3520237.0756220967,575064.3505687759,311.6907971997472,112,1:29:03
65.5%,3275000,13100.000000833823,-3515778.0142634828,574337.616019673,311.2968995937863,112,1:28:56
65.5%,3277500,13110.00000083586,-3522235.207904905,572772.7013839281,310.448699753399,112,1:28:48
65.6%,3280000,13120.000000837897,-3519089.460358765,576243.2195368819,312.32975631466985,112,1:28:40
65.7%,3282500,13130.000000839935,-3519698.5744196475,574519.1000262974,311.3952657934087,112,1:28:32
65.7%,3285000,13140.000000841972,-3520824.1884680465,574060.795688034,311.14686012470025,112,1:28:25
65.8%,3287500,13150.00000084401,-3522132.9765827246,573459.7959172094,310.82111206276613,112,1:28:17
65.8%,3290000,13160.000000846047,-3521846.491082534,572333.3070996413,310.21054352858886,112,1:28:09
65.8%,3292500,13170.000000848084,-3521601.2513895743,574706.8817797747,311.49704543664865,112,1:28:01
65.9%,3295000,13180.000000850121,-3520677.1715053786,573541.9275510224,310.8656282536814,112,1:27:54
66.0%,3297500,13190.000000852158,-3519220.787960438,574302.451642237,311.2778401392658,112,1:27:46
66.0%,3300000,13200.000000854196,-3522254.4748765193,574614.1205668761,311.4467679044578,112,1:27:38
66.0%,3302500,13210.000000856233,-3520280.1523101367,574955.8244909398,311.63197494849095,112,1:27:30
66.1%,3305000,13220.00000085827,-3519767.7957119048,574168.3137720554,311.20513603293364,112,1:27:23
66.2%,3307500,13230.000000860307,-3520296.4429663196,573832.6029328499,311.023177302581,112,1:27:15
66.2%,3310000,13240.000000862345,-3519107.8081924617,571489.7324962103,309.75331741053645,112,1:27:07
66.2%,3312500,13250.000000864382,-3521136.7896902375,574547.2558463542,311.41052653769,112,1:27:00
66.3%,3315000,13260.00000086642,-3522540.085022144,574600.5491403143,311.43941205156926,112,1:26:52
66.3%,3317500,13270.000000868456,-3518659.1717400737,575785.062971023,312.0814307401257,112,1:26:44
66.4%,3320000,13280.000000870494,-3521048.8021797016,572307.6937219803,310.19666081425567,112,1:26:36
66.5%,3322500,13290.000000872531,-3519633.5234315954,575211.0103264854,311.7702882980084,112,1:26:29
66.5%,3325000,13300.000000874568,-3521858.8321761694,573516.0684066497,310.85161233126087,112,1:26:21
66.5%,3327500,13310.000000876606,-3520708.159627024,575708.6824440225,312.04003170829947,112,1:26:13
66.6%,3330000,13320.000000878643,-3520786.9940354954,572832.9042528616,310.48133032803474,112,1:26:06
66.7%,3332500,13330.00000088068,-3520026.1206573285,572265.4424896796,310.17376021145276,112,1:25:58
66.7%,3335000,13340.000000882717,-3519850.898470314,573086.9829174835,310.61904357951545,112,1:25:50
66.8%,3337500,13350.000000884755,-3523716.3283787407,573842.1669619877,311.0283611048171,112,1:25:42
66.8%,3340000,13360.000000886792,-3519344.5587710496,574298.1942551627,311.27553259164984,112,1:25:35
66.8%,3342500,13370.00000088883,-3519871.183724638,575198.7692835362,311.7636535267318,112,1:25:27
66.9%,3345000,13380.000000890866,-3518828.9498773646,574054.5649094337,311.1434829785649,112,1:25:19
67.0%,3347500,13390.000000892904,-3518814.788214529,574503.305681791,311.3867050961136,112,1:25:11
67.0%,3350000,13400.000000894941,-3521197.1435462274,573792.7233295674,311.00156214711734,112,1:25:04
67.0%,3352500,13410.000000896978,-3522853.9499183632,571873.9069564207,309.9615439223144,112,1:24:56
67.1%,3355000,13420.000000899016,-3517163.3975977562,575124.0643952967,311.72316270836154,112,1:24:48
67.2%,3357500,13430.000000901053,-3520343.187822357,574247.3007350187,311.24794777987995,112,1:24:40
67.2%,3360000,13440.00000090309,-3522756.948134586,575806.2155148103,312.09289563658353,112,1:24:32
67.2%,3362500,13450.000000905127,-3518595.932853868,574516.1138449275,311.3936472523692,112,1:24:25
67.3%,3365000,13460.000000907165,-3520068.5859579444,575111.2089792613,311.71619494054835,112,1:24:17
67.3%,3367500,13470.000000909202,-3523295.2714596167,572743.227031084,310.43272435077523,112,1:24:09
67.4%,3370000,13480.00000091124,-3518081.7392405886,574216.4771726228,311.23124109179156,112,1:24:01
67.5%,3372500,13490.000000913276,-3519065.016236145,575719.1416342525,312.04570069706153,112,1:23:54
67.5%,3375000,13500.000000915314,-3518000.1218550224,574380.3687295355,311.3200720025895,112,1:23:46
67.5%,3377500,13510.000000917351,-3519379.7802217826,574384.2018563034,311.3221495967524,112,1:23:38
67.6%,3380000,13520.000000919388,-3522792.6133408174,573283.5297481589,310.7255739848165,112,1:23:30
67.7%,3382500,13530.000000921425,-3524034.061375307,576655.3604550702,312.5531409345332,112,1:23:23
67.7%,3385000,13540.000000923463,-3520359.1549565494,574948.198371434,311.6278415132224,112,1:23:15
67.8%,3387500,13550.0000009255,-3520155.041127013,574722.2700935941,311.5053860611321,112,1:23:07
67.8%,3390000,13560.000000927537,-3521003.7592858616,574765.8475226674,311.5290054762365,112,1:22:59
67.8%,3392500,13570.000000929575,-3517649.5093608275,575575.5936531941,311.9678962137751,112,1:22:52
67.9%,3395000,13580.000000931612,-3517943.732019767,574957.3184420033,311.63278468534475,112,1:22:44
68.0%,3397500,13590.000000933649,-3523224.5902463086,573754.7831032185,310.98099815391396,112,1:22:36
68.0%,3400000,13600.000000935686,-3518081.5628487114,574589.0843048848,311.4331979927578,112,1:22:28
68.0%,3402500,13610.000000937724,-3518578.6810428165,573105.2031444039,310.62891913004876,112,1:22:21
68.1%,3405000,13620.00000093976,-3521477.842890814,573953.9428316676,311.08894477670316,112,1:22:13
68.2%,3407500,13630.000000941798,-3521627.2412030455,574896.5247355761,311.5998338707058,112,1:22:05
68.2%,3410000,13640.000000943835,-3516841.5800438393,573448.9346034531,310.81522511891376,112,1:21:57
68.2%,3412500,13650.000000945873,-3517507.854155507,573977.963832339,311.10196440631756,112,1:21:50
68.3%,3415000,13660.00000094791,-3522281.1346026734,572571.0368291955,310.33939548898167,112,1:21:42
68.3%,3417500,13670.000000949947,-3521850.9706630874,572638.6162927381,310.37602425382363,112,1:21:34
68.4%,3420000,13680.000000951984,-3519402.2186019663,573743.1386059951,310.974686716561,112,1:21:26
68.5%,3422500,13690.000000954022,-3519954.6876581013,576656.4323622955,312.5537219192825,112,1:21:19
68.5%,3425000,13700.000000956059,-3519609.935007533,575671.4146153352,312.0198321615497,112,1:21:11
68.5%,3427500,13710.000000958096,-3519864.11280323,573391.6632724749,310.7841834680243,112,1:21:03
68.6%,3430000,13720.000000960134,-3521353.937418554,575024.8980670427,311.6694135377195,112,1:20:55
68.7%,3432500,13730.00000096217,-3521251.7654002216,574108.0224956673,311.1724575405475,112,1:20:48
68.7%,3435000,13740.000000964208,-3521090.805484647,574493.5035147791,311.38139222069856,112,1:20:40
68.8%,3437500,13750.000000966245,-3520595.883752752,572250.4499588327,310.16563410541426,112,1:20:32
68.8%,3440000,13760.000000968283,-3518741.8342569023,573156.6167746071,310.6567858468243,112,1:20:24
68.8%,3442500,13770.00000097032,-3523132.9764218163,575057.7232916075,311.68720514730677,112,1:20:17
68.9%,3445000,13780.000000972357,-3522102.929559784,574172.3990969472,311.2073503210756,112,1:20:09
69.0%,3447500,13790.000000974394,-3520565.651446052,573213.634620452,310.6876901061622,112,1:20:01
69.0%,3450000,13800.000000976432,-3520895.331130421,573722.5888270058,310.96354852482796,112,1:19:54
69.0%,3452500,13810.000000978469,-3521629.939200988,576118.9854934439,312.26242018437375,112,1:19:46
69.1%,3455000,13820.000000980506,-3522031.3099643774,574282.4075816441,311.26697605210904,112,1:19:38
69.2%,3457500,13830.000000982543,-3517924.228479551,573117.4058735628,310.63553313485676,112,1:19:30
69.2%,3460000,13840.00000098458,-3520739.057078453,572862.0799546225,310.4971438586974,112,1:19:23
69.2%,3462500,13850.000000986618,-3519239.171124082,574809.1607760804,311.5524817054137,112,1:19:15
69.3%,3465000,13860.000000988655,-3518862.519363217,575581.4302520512,311.97105971043226,112,1:19:07
69.3%,3467500,13870.000000990693,-3519699.6011799444,573171.8199725407,310.66502613659225,112,1:18:59
69.4%,3470000,13880.00000099273,-3520881.8701074626,571840.7838529168,309.943590859276,112,1:18:52
69.5%,3472500,13890.000000994767,-3518684.023819305,573748.2682026192,310.97746701073066,112,1:18:44
69.5%,3475000,13900.000000996804,-3521336.5060225297,575308.0025615151,311.8228590877447,112,1:18:36
69.5%,3477500,13910.000000998842,-3519537.031439364,575749.4856459335,312.06214746372643,112,1:18:28
69.6%,3480000,13920.000001000879,-3520447.4464583416,575296.2220019337,311.81647390319324,112,1:18:21
69.7%,3482500,13930.000001002916,-3518724.228842823,573223.0704659713,310.6928044315577,112,1:18:13
69.7%,3485000,13940.000001004953,-3523292.1579398885,573827.0402034282,311.0201622459768,112,1:18:05
69.8%,3487500,13950.00000100699,-3522758.05229583,572655.154640958,310.38498820878954,112,1:17:57
69.8%,3490000,13960.000001009028,-3520746.8474245965,574411.4790926697,311.3369341396301,112,1:17:50
69.8%,3492500,13970.000001011065,-3517755.9329121187,573175.3615472559,310.66694570654164,112,1:17:42
69.9%,3495000,13980.000001013103,-3520721.1437115707,574147.1605021933,311.19367074293575,112,1:17:34
70.0%,3497500,13990.00000101514,-3520109.6278837584,574138.2225397842,311.18882627531076,112,1:17:26
70.0%,3500000,14000.000001017177,-3518124.794814553,573334.945709201,310.75344196493063,112,1:17:19
70.0%,3502500,14010.000001019214,-3516160.436344199,574680.1144213215,311.48253725284815,112,1:17:11
70.1%,3505000,14020.000001021252,-3518140.862367606,572632.5039150974,310.37271128222704,112,1:17:03
70.2%,3507500,14030.000001023289,-3519043.4156271555,573451.8456576347,310.81680294024386,112,1:16:55
70.2%,3510000,14040.000001025326,-3521714.1702637207,573751.6691888558,310.9793103802775,112,1:16:47
70.2%,3512500,14050.000001027363,-3521247.03393618,571892.3540737076,309.9715424497618,112,1:16:40
70.3%,3515000,14060.0000010294,-3519514.350646781,573842.4805496759,311.02853107257187,112,1:16:32
70.3%,3517500,14070.000001031438,-3519173.413315052,573875.582214394,311.04647251556764,112,1:16:24
70.4%,3520000,14080.000001033475,-3521412.03243728,573563.4913385208,310.8773160484636,112,1:16:17
70.5%,3522500,14090.000001035512,-3523503.5613728,573767.53639854,310.9879105712491,112,1:16:09
70.5%,3525000,14100.00000103755,-3519737.60451404,574379.5436317357,311.3196247910892,112,1:16:01
70.5%,3527500,14110.000001039587,-3518155.3107912354,577250.5962278435,312.8757648501941,112,1:15:53
70.6%,3530000,14120.000001041624,-3521986.4147300106,574041.5782893705,311.1364440968182,112,1:15:46
70.7%,3532500,14130.000001043662,-3520647.4268264174,574891.2378974983,311.59696835004974,112,1:15:38
70.7%,3535000,14140.000001045699,-3518784.5410101935,575472.8478802836,311.91220694728565,112,1:15:30
70.8%,3537500,14150.000001047736,-3521433.913286265,574645.0423484157,311.46352782833304,112,1:15:22
70.8%,3540000,14160.000001049773,-3521758.3683136497,571045.5718719524,309.5125777804016,112,1:15:15
70.8%,3542500,14170.00000105181,-3518826.8822625894,574786.2964532643,311.5400890071027,112,1:15:07
70.9%,3545000,14180.000001053848,-3520413.7892385833,573692.0668840277,310.9470053175686,112,1:14:59
71.0%,3547500,14190.000001055885,-3522117.5292316545,573619.6209381358,310.9077388692022,112,1:14:51
71.0%,3550000,14200.000001057922,-3520150.301989248,573887.923642002,311.05316169636274,112,1:14:44
71.0%,3552500,14210.00000105996,-3520450.538967004,572633.5522086779,310.3732794681378,112,1:14:36
71.1%,3555000,14220.000001061997,-3521841.8741834518,574174.8248256366,311.2086650909935,112,1:14:28
71.2%,3557500,14230.000001064034,-3519938.553193653,575157.9662009532,311.74153783598183,112,1:14:21
71.2%,3560000,14240.000001066071,-3520474.8814516515,575738.0798572886,312.05596540888007,112,1:14:13
71.2%,3562500,14250.000001068109,-3521642.6303673517,575675.1237134507,312.02184253090644,112,1:14:05
71.3%,3565000,14260.000001070146,-3518895.0166017488,573148.4150280083,310.6523404157464,112,1:13:57
71.3%,3567500,14270.000001072183,-3522342.728959929,573221.4235376443,310.69191177945254,112,1:13:50
71.4%,3570000,14280.00000107422,-3520476.687153116,574681.4095845963,311.4832392446742,112,1:13:42
71.5%,3572500,14290.000001076258,-3520338.958790172,574057.6533710615,311.14515695655706,112,1:13:34
71.5%,3575000,14300.000001078295,-3522939.9832425155,575064.3998600056,311.690823916101,112,1:13:26
71.5%,3577500,14310.000001080332,-3521063.299496876,573463.2606179239,310.8229899662159,112,1:13:19
71.6%,3580000,14320.00000108237,-3524166.8390034605,573759.8495308288,310.98374420982793,112,1:13:11
71.7%,3582500,14330.000001084407,-3520692.364869917,573233.7694338765,310.69860338228784,112,1:13:03
71.7%,3585000,14340.000001086444,-3521232.722904876,572904.5140461961,310.52014357310844,112,1:12:55
71.8%,3587500,14350.000001088481,-3521318.672116546,573927.3435938009,311.074527715991,112,1:12:48
71.8%,3590000,14360.000001090519,-3519405.0739841964,574756.5585688255,311.523970767642,112,1:12:40
71.8%,3592500,14370.000001092556,-3522129.556940781,573353.0012064555,310.76322823028954,112,1:12:32
71.9%,3595000,14380.000001094593,-3522595.854993554,573436.8459109828,310.80867292316475,112,1:12:24
72.0%,3597500,14390.00000109663,-3516686.0551810022,575892.9103619454,312.139885136089,112,1:12:17
72.0%,3600000,14400.000001098668,-3517164.753681116,574694.6005600676,311.49038888915567,112,1:12:09
72.0%,3602500,14410.000001100705,-3521828.743155716,574042.2946741562,311.1368323847459,112,1:12:01
72.1%,3605000,14420.000001102742,-3518655.0170260835,574626.1448370732,311.4532851826715,112,1:11:53
72.2%,3607500,14430.00000110478,-3518532.5730459504,573572.7048613839,310.8823098726911,112,1:11:46
72.2%,3610000,14440.000001106817,-3520498.776233511,574373.3564815724,311.3162712920157,112,1:11:38
72.2%,3612500,14450.000001108854,-3521317.254368346,573232.2861529724,310.6977994287703,112,1:11:30
72.3%,3615000,14460.000001110891,-3521428.4668905046,573132.3130755882,310.64361299179575,112,1:11:22
72.3%,3617500,14470.000001112929,-3520787.3294197526,573308.4277992048,310.7390689847614,112,1:11:14
72.4%,3620000,14480.000001114966,-3520393.1301904526,573636.2798348175,310.91676816267534,112,1:11:07
72.5%,3622500,14490.000001117003,-3519665.0244343393,573269.9649578203,310.7182217288293,112,1:10:59
72.5%,3625000,14500.00000111904,-3521764.5612632222,573611.8879403948,310.9035475048301,112,1:10:51
72.5%,3627500,14510.000001121078,-3519772.3220602106,573465.5356904352,310.8242230789346,112,1:10:44
72.6%,3630000,14520.000001123115,-3522316.173269661,574469.2939282842,311.3682703756267,112,1:10:36
72.7%,3632500,14530.000001125152,-3518714.408436317,574936.2747371104,311.6213787806879,112,1:10:28
72.7%,3635000,14540.00000112719,-3521563.2441843227,574648.1677180118,311.46522181082383,112,1:10:20
72.8%,3637500,14550.000001129227,-3520280.436555134,572446.6321843022,310.2719668909408,112,1:10:13
72.8%,3640000,14560.000001131264,-3520267.4845620636,575011.9956531662,311.6624202965927,112,1:10:05
72.8%,3642500,14570.000001133301,-3517790.1023246218,574959.1385378153,311.6337711960092,112,1:09:57
72.9%,3645000,14580.000001135339,-3520835.1020439565,574425.192329674,311.3443668552381,112,1:09:50
73.0%,3647500,14590.000001137376,-3519262.3726797253,574984.983453168,311.64777940615454,112,1:09:42
73.0%,3650000,14600.000001139413,-3520981.9809270073,572687.9455313175,310.4027612088841,112,1:09:34
73.0%,3652500,14610.00000114145,-3520520.0247532893,574844.8837551002,311.5718439277424,112,1:09:26
73.1%,3655000,14620.000001143488,-3521415.7465597894,572377.332687486,310.2344058503602,112,1:09:19
73.2%,3657500,14630.000001145525,-3521084.6222799122,573559.1924501081,310.8749860066951,112,1:09:11
73.2%,3660000,14640.000001147562,-3519381.669308204,574971.5719275344,311.64051022121504,112,1:09:03
73.2%,3662500,14650.0000011496,-3520325.5782021005,577653.064813196,313.09390696610217,112,1:08:55
73.3%,3665000,14660.000001151637,-3521276.5123874582,573928.2464762048,311.0750170875474,112,1:08:48
73.3%,3667500,14670.000001153674,-3518532.522820547,572409.7167150418,310.2519583266273,112,1:08:40
73.4%,3670000,14680.000001155711,-3520681.8911598455,573101.8401216504,310.62709633710045,112,1:08:32
73.5%,3672500,14690.000001157749,-3519265.8344060034,574024.3750732801,311.1271197766228,112,1:08:25
73.5%,3675000,14700.000001159786,-3518791.2535972763,575110.3485911455,311.7157286013335,112,1:08:17
73.5%,3677500,14710.000001161823,-3519965.4146376327,574850.3642414319,311.57481440774535,112,1:08:09
73.6%,3680000,14720.00000116386,-3524410.2924377266,571601.746889995,309.8140303649424,112,1:08:01
73.7%,3682500,14730.000001165898,-3519930.7817708272,574986.0799440308,311.6483737154885,112,1:07:54
73.7%,3685000,14740.000001167935,-3518495.616795156,572682.5546414104,310.39983929106546,112,1:07:46
73.8%,3687500,14750.000001169972,-3523315.471767649,575327.5900052602,311.83347568387,112,1:07:38
73.8%,3690000,14760.00000117201,-3520642.067746207,575522.8067951674,311.9392851933845,112,1:07:30
73.8%,3692500,14770.000001174047,-3519042.6982808,575620.1184644217,311.9920291197585,112,1:07:22
73.9%,3695000,14780.000001176084,-3520761.873417288,574169.4709678877,311.20576324498586,112,1:07:15
74.0%,3697500,14790.000001178121,-3519770.994439436,574369.2799297594,311.3140617589728,112,1:07:07
74.0%,3700000,14800.000001180159,-3522113.523674505,572942.7203562369,310.5408517864117,112,1:06:59
74.0%,3702500,14810.000001182196,-3524148.848160235,573154.5600396576,310.6556710753115,112,1:06:51
74.1%,3705000,14820.000001184233,-3520912.945113616,574022.1230446959,311.1258991539499,112,1:06:44
74.2%,3707500,14830.00000118627,-3520364.896792451,574161.8926945451,311.20165574283027,112,1:06:36
74.2%,3710000,14840.000001188308,-3519228.8952969313,572057.5350224547,310.06107222420576,112,1:06:28
74.2%,3712500,14850.000001190345,-3519798.0826872196,574335.3891630565,311.29569261457897,112,1:06:20
74.3%,3715000,14860.000001192382,-3521699.8320197333,573432.5255080017,310.80633122027865,112,1:06:13
74.3%,3717500,14870.00000119442,-3521591.919221742,575001.9494606104,311.656975156821,112,1:06:05
74.4%,3720000,14880.000001196457,-3522554.7833496407,572719.4830847173,310.41985488744575,112,1:05:57
74.5%,3722500,14890.000001198494,-3519152.3753939923,575065.53391498,311.69143858557015,112,1:05:50
74.5%,3725000,14900.000001200531,-3521145.606125338,573393.268416059,310.7850534723688,112,1:05:42
74.5%,3727500,14910.000001202568,-3519727.7604125254,572197.6864830242,310.1370357584266,112,1:05:34
74.6%,3730000,14920.000001204606,-3521439.4467197116,572231.8349370984,310.1555445720281,112,1:05:26
74.7%,3732500,14930.000001206643,-3521226.1685935445,573588.875450669,310.89107449852906,112,1:05:19
74.7%,3735000,14940.00000120868,-3520410.138075905,574447.5926115256,311.35650803856987,112,1:05:11
74.8%,3737500,14950.000001210718,-3521788.985868495,574465.8506273876,311.36640407109854,112,1:05:03
74.8%,3740000,14960.000001212755,-3518641.1659322046,573007.3453666951,310.5758792072713,112,1:04:55
74.8%,3742500,14970.000001214792,-3523735.5859020967,572727.5027266485,310.42420161591946,112,1:04:48
74.9%,3745000,14980.00000121683,-3517509.846724957,574443.6744636209,311.3543843620756,112,1:04:40
75.0%,3747500,14990.000001218867,-3518700.041752018,573778.3466214295,310.9937698233258,112,1:04:32
75.0%,3750000,15000.000001220904,-3517386.960274188,575862.9931604778,312.123669704953,112,1:04:25
75.0%,3752500,15010.000001222941,-3520108.0845634677,571081.7494129142,309.5321863799817,112,1:04:17
75.1%,3755000,15020.000001224978,-3519224.0579863563,575625.5324221172,311.9949635405558,112,1:04:09
75.2%,3757500,15030.000001227016,-3520842.233883137,575408.9422761248,311.8775694520452,112,1:04:01
75.2%,3760000,15040.000001229053,-3522402.814861361,574909.0283115323,311.6066109375746,112,1:03:54
75.2%,3762500,15050.00000123109,-3519296.550229175,572835.531691948,310.48275442706404,112,1:03:46
75.3%,3765000,15060.000001233127,-3520767.114785075,573655.3827656229,310.9271221478001,112,1:03:38
75.3%,3767500,15070.000001235165,-3520243.177061379,574354.1762512691,311.3058754097674,112,1:03:30
75.4%,3770000,15080.000001237202,-3524318.5394490473,572063.6939032392,310.0644104009849,112,1:03:23
75.5%,3772500,15090.00000123924,-3519530.6030581035,574920.0365496648,311.6125775159512,112,1:03:15
75.5%,3775000,15100.000001241277,-3514391.291238863,573430.6816957118,310.805331855039,112,1:03:07
75.5%,3777500,15110.000001243314,-3520013.2405277267,575726.4176238575,312.04964435831994,112,1:02:59
75.6%,3780000,15120.000001245351,-3521364.858575996,572382.1052011775,310.23699260190494,112,1:02:52
75.7%,3782500,15130.000001247388,-3519310.181748729,574231.8030770442,311.23954788973896,112,1:02:44
75.7%,3785000,15140.000001249426,-3516938.724926211,572444.1499088358,310.2706214720877,112,1:02:36
75.8%,3787500,15150.000001251463,-3520267.812878566,572706.4954535504,310.41281545767043,112,1:02:28
75.8%,3790000,15160.0000012535,-3522204.393675741,576909.1053495824,312.6906732791789,112,1:02:21
75.8%,3792500,15170.000001255537,-3522096.8660594523,574701.3581301151,311.4940515616777,112,1:02:13
75.9%,3795000,15180.000001257575,-3518730.5515024476,573441.5225140549,310.81120769016655,112,1:02:05
76.0%,3797500,15190.000001259612,-3521237.9322429355,573491.8071871668,310.8384625005781,112,1:01:57
76.0%,3800000,15200.00000126165,-3520218.4469394907,575840.3439298843,312.1113935888406,112,1:01:50
76.0%,3802500,15210.000001263686,-3519958.3832671326,572209.9969337606,310.1437081494384,112,1:01:42
76.1%,3805000,15220.000001265724,-3522910.413760131,573423.393262992,310.8013814494844,112,1:01:34
76.2%,3807500,15230.000001267761,-3521220.1791491937,573401.8805332154,310.7897213285129,112,1:01:26
76.2%,3810000,15240.000001269798,-3519209.70382303,572733.5730130462,310.427491773629,112,1:01:19
76.2%,3812500,15250.000001271836,-3519250.6286086254,574055.3379878439,311.1439019950206,112,1:01:11
76.3%,3815000,15260.000001273873,-3519579.9727885667,571667.7773656162,309.84981956238704,112,1:01:03
76.3%,3817500,15270.00000127591,-3518924.0204924233,572755.1565241879,310.43919025882894,112,1:00:55
76.4%,3820000,15280.000001277947,-3521282.4920076076,572815.9151219457,310.4721220442076,112,1:00:48
76.5%,3822500,15290.000001279985,-3523390.9944702033,574951.0213427476,311.62937159273145,112,1:00:40
76.5%,3825000,15300.000001282022,-3522471.344522888,572742.1640162729,310.4321481858059,112,1:00:32
76.5%,3827500,15310.00000128406,-3521726.1539175324,575002.8889608253,311.65748437560785,112,1:00:25
76.6%,3830000,15320.000001286096,-3521380.171164645,573837.8060919913,311.02599746839223,112,1:00:17
76.7%,3832500,15330.000001288134,-3519606.828404011,573553.920932672,310.8721287899845,112,1:00:09
76.7%,3835000,15340.000001290171,-3520017.5838121586,575132.4038401754,311.72768277332443,112,1:00:01
76.8%,3837500,15350.000001292208,-3517523.735498,574713.4902168112,311.5006272775437,112,59:54
76.8%,3840000,15360.000001294246,-3521911.018661678,574121.6236847161,311.17982952501023,112,59:46
76.8%,3842500,15370.000001296283,-3519805.7067458592,574239.3026552253,311.243612738307,112,59:38
76.9%,3845000,15380.00000129832,-3523828.5754427593,573611.0185700143,310.9030762971354,112,59:30
77.0%,3847500,15390.000001300357,-3522055.560807517,571383.7223986895,309.6958588465083,112,59:23
77.0%,3850000,15400.000001302395,-3519142.753140582,574532.2515627316,311.402394061526,112,59:15
77.0%,3852500,15410.000001304432,-3518386.808651287,573695.1226453108,310.9486615716373,112,59:07
77.1%,3855000,15420.00000130647,-3522988.4771824516,572724.3413254322,310.4224881039196,112,59:00
77.2%,3857500,15430.000001308506,-3521621.842841137,575666.4052555608,312.01711703699016,112,58:52
77.2%,3860000,15440.000001310544,-3521335.944834549,573665.6959598835,310.932712005244,112,58:44
77.2%,3862500,15450.000001312581,-3520553.748950798,572962.9829478427,310.5518343196267,112,58:36
77.3%,3865000,15460.000001314618,-3520611.4591007642,575439.017487376,311.8938705261103,112,58:29
77.3%,3867500,15470.000001316655,-3519384.601715833,573487.8844973792,310.8363363623366,112,58:21
77.4%,3870000,15480.000001318693,-3519250.2800347637,574605.2468758919,311.44195827260654,112,58:13
77.5%,3872500,15490.00000132073,-3517350.1944143046,573108.5969510358,310.63075860817605,112,58:05
77.5%,3875000,15500.000001322767,-3521362.474920241,572585.3610173003,310.34715934637467,112,57:58
77.5%,3877500,15510.000001324805,-3519089.9036781974,573957.833088408,311.09105333589923,112,57:50
77.6%,3880000,15520.000001326842,-3523088.5740910284,574241.5440320056,311.24482758759257,112,57:42
77.7%,3882500,15530.000001328879,-3520956.631122399,573298.8588158527,310.73388249729004,112,57:34
77.7%,3885000,15540.000001330916,-3520770.144914478,576613.9581448205,312.53070045622,112,57:26
77.8%,3887500,15550.000001332954,-3518377.3202127386,573579.7358170112,310.8861207230114,112,57:19
77.8%,3890000,15560.00000133499,-3520777.688101772,575438.6213585684,311.89365582021924,112,57:11
77.8%,3892500,15570.000001337028,-3522126.7663848978,574913.77663221,311.6091845762568,112,57:03
77.9%,3895000,15580.000001339065,-3520576.743207898,574296.5275933516,311.2746292437931,112,56:56
78.0%,3897500,15590.000001341103,-3520161.886182394,573890.3391789045,311.0544709422272,112,56:48
78.0%,3900000,15600.00000134314,-3518537.7891889885,573250.7302385487,310.70779631299933,112,56:40
78.0%,3902500,15610.000001345177,-3521705.7358302474,574004.6549729339,311.11643127925436,112,56:32
78.1%,3905000,15620.000001347214,-3518372.6412653327,573520.3453115087,310.853930457717,112,56:25
78.2%,3907500,15630.000001349252,-3521266.558219945,574838.9645009756,311.5686356310794,112,56:17
78.2%,3910000,15640.000001351289,-3521636.6529987473,574221.775736517,311.23411296796087,112,56:09
78.2%,3912500,15650.000001353326,-3523430.3157441467,576595.9432171683,312.52093618000316,112,56:01
78.3%,3915000,15660.000001355364,-3519747.5266956054,575729.4502240967,312.0512880588644,112,55:54
78.3%,3917500,15670.0000013574,-3516178.8505940866,573711.3895002089,310.95747837442826,112,55:46
78.4%,3920000,15680.000001359438,-3520760.2752119415,573591.6063363587,310.89255466668214,112,55:38
78.5%,3922500,15690.000001361475,-3521000.647258755,572837.6997727426,310.48392954917097,112,55:31
78.5%,3925000,15700.000001363513,-3519405.4131898955,575472.4998008851,311.9120182846689,112,55:23
78.5%,3927500,15710.00000136555,-3521068.928052509,572617.7207479203,310.36469865345254,112,55:15
78.6%,3930000,15720.000001367587,-3519845.1065078564,574673.906523763,311.4791725084729,112,55:07
78.7%,3932500,15730.000001369624,-3521325.9004928134,575354.7278366163,311.8481846677972,112,55:00
78.7%,3935000,15740.000001371662,-3521746.9141154718,573945.5731393606,311.08440831732275,112,54:52
78.8%,3937500,15750.000001373699,-3521279.4144787267,574831.1199904167,311.56438382561225,112,54:44
78.8%,3940000,15760.000001375736,-3520055.247041885,573217.5463866857,310.6898103237251,112,54:36
78.8%,3942500,15770.000001377774,-3523383.5122835096,576330.1688127718,312.3768837171793,112,54:29
78.9%,3945000,15780.00000137981,-3520065.2167448755,574196.4087623099,311.22036380683596,112,54:21
79.0%,3947500,15790.000001381848,-3519455.1901436895,573304.8963594588,310.73715490806956,112,54:13
79.0%,3950000,15800.000001383885,-3521987.4820300415,574424.1163630406,311.3437836702478,112,54:06
79.0%,3952500,15810.000001385923,-3518840.1083429456,575148.9340222194,311.736642302139,112,53:58
79.1%,3955000,15820.00000138796,-3521619.278126532,574684.5671879487,311.48495069819285,112,53:50
79.2%,3957500,15830.000001389997,-3518090.626086602,572123.8167574601,310.09699760682287,112,53:42
79.2%,3960000,15840.000001392034,-3518968.3049672227,574924.9717801127,311.6152524616528,112,53:35
79.2%,3962500,15850.000001394072,-3519461.220940266,576805.5200981586,312.63452900669444,112,53:27
79.3%,3965000,15860.000001396109,-3521877.3021467477,575542.8419356897,311.9501444457711,112,53:19
79.3%,3967500,15870.000001398146,-3524067.373423243,573500.7353574855,310.8433016607893,112,53:11
79.4%,3970000,15880.000001400183,-3522725.7357492857,573133.8316079131,310.64443605194623,112,53:03
79.5%,3972500,15890.00000140222,-3520277.0182358827,575447.9815869519,311.89872916034875,112,52:56
79.5%,3975000,15900.000001404258,-3517563.7848005947,572730.9259480538,310.4260570371566,112,52:48
79.5%,3977500,15910.000001406295,-3523377.043873634,573882.4702861612,311.0502059213651,112,52:40
79.6%,3980000,15920.000001408333,-3516043.450394541,573964.1742928252,311.09449033396396,112,52:33
79.7%,3982500,15930.00000141037,-3518381.6539008077,574151.2923710903,311.19591025840765,112,52:25
79.7%,3985000,15940.000001412407,-3519668.741758514,573388.0902461354,310.7822468509708,112,52:17
79.8%,3987500,15950.000001414444,-3521589.0737770908,575171.0754479545,311.7486431827912,112,52:09
79.8%,3990000,15960.000001416482,-3520909.374660788,574760.8286288738,311.52628518414036,112,52:02
79.8%,3992500,15970.000001418519,-3521450.0712816194,572977.8184510898,310.55987531508987,112,51:54
79.9%,3995000,15980.000001420556,-3520267.539549116,576811.2756682595,312.6376485849317,112,51:46
80.0%,3997500,15990.000001422593,-3521707.8885300066,572837.9551872248,310.48406798644936,112,51:38
80.0%,4000000,16000.00000142463,-3523059.0523544047,574335.1766118298,311.2955774096263,112,51:31
80.0%,4002500,16010.000001426668,-3516647.9817500394,573549.5312380365,310.86974953030847,112,51:23
80.1%,4005000,16020.000001428705,-3520547.4146338217,572391.6241913837,310.24215199257657,112,51:15
80.2%,4007500,16030.000001430742,-3522078.6612629797,572086.0577280102,310.07653182420376,112,51:08
80.2%,4010000,16040.00000143278,-3523633.0945834834,571747.11132594,309.89281938547447,112,51:00
80.2%,4012500,16050.000001434817,-3521756.9099861607,575448.4925230136,311.89900609295336,112,50:52
80.3%,4015000,16060.000001436854,-3519152.734931357,573447.2887573333,310.8143330533759,112,50:44
80.3%,4017500,16070.000001438892,-3519258.9561229367,573364.201159283,310.76929872000426,112,50:37
80.4%,4020000,16080.000001440929,-3518389.476178376,573125.4032240439,310.639867781135,112,50:29
80.5%,4022500,16090.000001442966,-3524025.445327485,574124.1138788573,311.18117923586664,112,50:21
80.5%,4025000,16100.000001445003,-3517393.953525625,574270.9386192479,311.26075975643914,112,50:13
80.5%,4027500,16110.00000144704,-3519928.739176348,574192.8342748529,311.2184263978417,112,50:06
80.6%,4030000,16120.000001449078,-3516844.1906111334,576011.7440923743,312.20429424114826,112,49:58
80.7%,4032500,16130.000001451115,-3520436.93656989,573615.5722360376,310.9055444309913,112,49:50
80.7%,4035000,16140.000001453152,-3517687.1989301015,573470.3857989482,310.82685188767124,112,49:43
80.8%,4037500,16150.00000145519,-3520215.5527165215,574244.6624575666,311.24651780634485,112,49:35
80.8%,4040000,16160.000001457227,-3520999.075449247,574539.5697896443,311.4063606158399,112,49:27
80.8%,4042500,16170.000001459264,-3519651.753750205,574423.3954458316,311.3433929257,112,49:19
80.9%,4045000,16180.000001461302,-3521301.650198741,574459.41431744,311.3629155248574,112,49:11
81.0%,4047500,16190.000001463339,-3520085.9162483905,574096.2187781483,311.1660598041554,112,49:04
81.0%,4050000,16200.000001465376,-3518899.300541494,574618.9242924459,311.4493715731618,112,48:56
81.0%,4052500,16210.000001467413,-3520808.341066068,573149.4790685744,310.65291713668546,112,48:48
81.1%,4055000,16220.00000146945,-3519873.524246311,571423.853253221,309.71761018273503,112,48:40
81.2%,4057500,16230.000001471488,-3520536.6346028335,575087.1673515277,311.70316413085396,112,48:33
81.2%,4060000,16240.000001473525,-3520787.9691714384,574266.3503026315,311.2582728416051,112,48:25
81.2%,4062500,16250.000001475562,-3520759.0607974343,573475.2338411561,310.8294795764493,112,48:17
81.3%,4065000,16260.0000014776,-3520432.552138027,573914.7863846214,311.06772157936314,112,48:10
81.3%,4067500,16270.000001479637,-3517961.8145987187,574118.2097164204,311.1779791190537,112,48:02
81.4%,4070000,16280.000001481674,-3519118.799770506,574555.9350154767,311.41523073668986,112,47:54
81.5%,4072500,16290.000001483711,-3521402.343498934,574739.0700829069,311.51449182826354,112,47:46
81.5%,4075000,16300.000001485749,-3520073.592502227,574483.2701747378,311.37584564506335,112,47:39
81.5%,4077500,16310.000001487786,-3517034.3621559516,572321.8296074255,310.20432260966896,112,47:31
81.6%,4080000,16320.000001489823,-3518039.5104100276,573967.3820493381,311.09622897101167,112,47:23
81.7%,4082500,16330.00000149186,-3523316.546946129,572841.8006869463,310.4861522868805,112,47:15
81.7%,4085000,16340.000001493898,-3519070.848094411,571871.9574087651,309.96048724741814,112,47:08
81.8%,4087500,16350.000001495935,-3519688.3603105377,573239.0578372292,310.70146975133906,112,47:00
81.8%,4090000,16360.000001497972,-3521848.3060105536,573104.0754529258,310.62830790966024,112,46:52
81.8%,4092500,16370.00000150001,-3520069.66495141,574875.4965287047,311.5884363661362,112,46:45
81.9%,4095000,16380.000001502047,-3519737.430287542,573909.1186873042,311.0646496290791,112,46:37
82.0%,4097500,16390.000001504082,-3519711.3170326166,575697.9605785924,312.03422034687514,112,46:29
82.0%,4100000,16400.00000150612,-3522434.383908253,573513.97230293,310.8504762214693,112,46:21
82.0%,4102500,16410.000001508157,-3520495.928737905,575607.6938938408,311.98529487461633,112,46:14
82.1%,4105000,16420.000001510194,-3519123.4613767173,575676.6096136502,312.0226479041091,112,46:06
82.2%,4107500,16430.00000151223,-3520132.306802381,572261.9860500984,310.17188678562235,112,45:58
82.2%,4110000,16440.00000151427,-3524755.3042031657,571780.6668165221,309.9110068067598,112,45:50
82.2%,4112500,16450.000001516306,-3521507.67412596,575971.5893941406,312.1825299813895,112,45:43
82.3%,4115000,16460.000001518343,-3521567.734268585,573616.5222560966,310.90605935164194,112,45:35
82.3%,4117500,16470.00000152038,-3520461.1163070984,576340.1767590439,312.3823081270715,112,45:27
82.4%,4120000,16480.000001522418,-3521692.768976664,574123.6267682447,311.18091521690064,112,45:20
82.5%,4122500,16490.000001524455,-3521278.3468276802,572855.5069427495,310.4935812186056,112,45:12
82.5%,4125000,16500.000001526492,-3520346.1166746225,572696.6404627563,310.4074739512216,112,45:04
82.5%,4127500,16510.00000152853,-3521975.8134953734,572662.3843646916,310.38890679346935,112,44:56
82.6%,4130000,16520.000001530567,-3522373.656689603,574697.8674931105,311.49215960049173,112,44:48
82.7%,4132500,16530.000001532604,-3519836.8304494955,573869.4691954548,311.04315919638077,112,44:41
82.7%,4135000,16540.00000153464,-3517807.223254638,574327.7780366034,311.2915673056993,112,44:33
82.8%,4137500,16550.00000153668,-3522881.465320099,573351.4539893384,310.7623896226864,112,44:25
82.8%,4140000,16560.000001538716,-3523954.331737753,574015.5802476932,311.1223528906288,112,44:18
82.8%,4142500,16570.000001540753,-3520099.903856421,574998.1827399817,311.65493355546903,112,44:10
82.9%,4145000,16580.00000154279,-3518684.411142541,573653.8284389118,310.9262796867239,112,44:02
83.0%,4147500,16590.000001544828,-3517615.5302076936,572454.6508587316,310.2763130950185,112,43:54
83.0%,4150000,16600.000001546865,-3515864.81498101,575048.3857136368,311.682144083934,112,43:47
83.0%,4152500,16610.000001548902,-3522494.366704583,574911.6723035246,311.6080440084492,112,43:39
83.1%,4155000,16620.00000155094,-3522185.740221681,574300.893569529,311.2769956478207,112,43:31
83.2%,4157500,16630.000001552977,-3525121.0461600367,572172.4199212114,310.12334102185304,112,43:23
83.2%,4160000,16640.000001555014,-3518699.18493584,574678.9558036888,311.48190927016543,112,43:16
83.2%,4162500,16650.00000155705,-3520496.1104727127,572545.7358255741,310.3256820845933,112,43:08
83.3%,4165000,16660.00000155909,-3519791.7779688425,575267.3592376013,311.80082998783786,112,43:00
83.3%,4167500,16670.000001561126,-3522450.460847307,572186.7381066729,310.1311016257515,112,42:53
83.4%,4170000,16680.000001563163,-3519089.38819574,572741.7983494279,310.431949990612,112,42:45
83.5%,4172500,16690.0000015652,-3523825.177570315,575263.9134826825,311.7989623532045,112,42:37
83.5%,4175000,16700.000001567238,-3522791.362965541,573865.4963491753,311.0410058728044,112,42:29
83.5%,4177500,16710.000001569275,-3520111.485382585,574286.2508116486,311.26905912233013,112,42:22
83.6%,4180000,16720.000001571312,-3519744.1984248254,576144.3803196517,312.27618444156974,112,42:14
83.7%,4182500,16730.00000157335,-3518449.483136397,573355.0320954309,310.7643289930183,112,42:06
83.7%,4185000,16740.000001575387,-3519390.653762147,571671.2486956139,309.8517010589766,112,41:58
83.8%,4187500,16750.000001577424,-3519034.7325755693,575552.139657735,311.955183906822,112,41:51
83.8%,4190000,16760.00000157946,-3520035.625483036,573721.1102507478,310.96274712127695,112,41:43
83.8%,4192500,16770.0000015815,-3522516.4273392446,575836.514002551,312.10931772880417,112,41:35
83.9%,4195000,16780.000001583536,-3520918.441197045,573597.0381523161,310.89549876684123,112,41:28
84.0%,4197500,16790.000001585573,-3519826.80234411,571633.1348762321,309.8310429765625,112,41:20
84.0%,4200000,16800.00000158761,-3522511.7292883564,576125.6876001643,312.26605279520163,112,41:12
84.0%,4202500,16810.000001589648,-3517794.223275164,573971.0903583148,311.0982389126471,112,41:04
84.1%,4205000,16820.000001591685,-3519419.6528828833,572288.80253159,310.18642159461535,112,40:57
84.2%,4207500,16830.000001593722,-3518616.0350087546,573775.9287337965,310.9924593033412,112,40:49
84.2%,4210000,16840.00000159576,-3519171.04289655,574481.001997642,311.3746162697309,112,40:41
84.2%,4212500,16850.000001597797,-3523169.7265631184,574573.7289148744,311.42487521331776,112,40:33
84.3%,4215000,16860.000001599834,-3518435.2556239143,574031.6907052211,311.13108492443536,112,40:26
84.3%,4217500,16870.00000160187,-3518720.415117208,572188.4314645678,310.13201944316046,112,40:18
84.4%,4220000,16880.00000160391,-3518625.708266381,573068.6373963727,310.6091001182412,112,40:10
84.5%,4222500,16890.000001605946,-3523045.6858375017,573174.7232320915,310.6665997331523,112,40:02
84.5%,4225000,16900.000001607983,-3520470.6951612383,573021.4066696584,310.5835005782117,112,39:55
84.5%,4227500,16910.00000161002,-3518445.7306021806,573411.2762538437,310.7948139058045,112,39:47
84.6%,4230000,16920.000001612058,-3521345.405712951,573636.7484094182,310.9170221349319,112,39:39
84.7%,4232500,16930.000001614095,-3517521.591895433,574525.6546581847,311.3988184713591,112,39:32
84.7%,4235000,16940.000001616132,-3522328.363387523,574317.1609980823,311.28581276153864,112,39:24
84.8%,4237500,16950.00000161817,-3524618.7173119746,574554.7984066342,311.4146146829981,112,39:16
84.8%,4240000,16960.000001620207,-3517017.594590867,574154.5774250359,311.19769079145954,112,39:08
84.8%,4242500,16970.000001622244,-3518995.664545648,572826.238461924,310.477717400735,112,39:01
84.9%,4245000,16980.00000162428,-3520294.3606320396,574270.8305494166,311.2607011814782,112,38:53
85.0%,4247500,16990.00000162632,-3520404.79822015,573388.0499034893,310.7822249848414,112,38:45
85.0%,4250000,17000.000001628356,-3521347.887546703,573115.4403445082,310.6344677978778,112,38:37
85.0%,4252500,17010.000001630393,-3519555.7392882537,575270.1624254478,311.8023493445042,112,38:30
85.1%,4255000,17020.00000163243,-3519462.7759005073,572074.5481269148,310.07029350194057,112,38:22
85.2%,4257500,17030.000001634467,-3518372.0444579963,572140.9719382636,310.1062958913982,112,38:14
85.2%,4260000,17040.000001636505,-3519821.2501061764,574257.0665836721,311.2532409703709,112,38:07
85.2%,4262500,17050.000001638542,-3521154.159678202,573207.4313943734,310.68432789377727,112,37:59
85.3%,4265000,17060.00000164058,-3523884.5807851944,575064.2386000264,311.69073651153246,112,37:51
85.3%,4267500,17070.000001642617,-3521366.174786186,573669.8891088038,310.9349847351193,112,37:43
85.4%,4270000,17080.000001644654,-3518105.680812359,573500.8059343211,310.8433399141607,112,37:36
85.5%,4272500,17090.00000164669,-3516870.411583189,574928.5020949997,311.61716592865935,112,37:28
85.5%,4275000,17100.00000164873,-3520628.3601443544,575588.6487050123,311.9749721862374,112,37:20
85.5%,4277500,17110.000001650766,-3517920.503354538,573263.0115767983,310.71445292474357,112,37:12
85.6%,4280000,17120.000001652803,-3519703.9283739086,573972.9110770449,311.09922576093965,112,37:05
85.7%,4282500,17130.00000165484,-3524577.984168131,572474.8644492486,310.28726906913914,112,36:57
85.7%,4285000,17140.000001656877,-3521728.0170019753,575389.9366891586,311.86726822828314,112,36:49
85.8%,4287500,17150.000001658915,-3520164.3998512644,572774.3214816495,310.44957786303985,112,36:41
85.8%,4290000,17160.000001660952,-3518162.085174009,574883.9727498807,311.59303056526016,112,36:34
85.8%,4292500,17170.00000166299,-3520916.8723223824,573295.6994519457,310.7321700895329,112,36:26
85.9%,4295000,17180.000001665027,-3520701.026319435,575963.7796277523,312.17829700762036,112,36:18
86.0%,4297500,17190.000001667064,-3520606.972596707,575173.5330392346,311.74997522256126,112,36:11
86.0%,4300000,17200.0000016691,-3518620.148788184,573073.8652861442,310.6119336883085,112,36:03
86.0%,4302500,17210.00000167114,-3519619.150954917,574175.0609171556,311.2087930550269,112,35:55
86.1%,4305000,17220.000001673176,-3521877.861878097,574066.8450519636,311.15013894221676,112,35:47
86.2%,4307500,17230.000001675213,-3521034.4019049555,573886.2665925389,311.05226355849754,112,35:40
86.2%,4310000,17240.00000167725,-3516749.3357719146,577276.5329060103,312.88982279672916,112,35:32
86.2%,4312500,17250.000001679287,-3522498.7004277017,574394.0465947828,311.3274855463411,112,35:24
86.3%,4315000,17260.000001681325,-3517762.158992639,574409.1574382321,311.33567577902795,112,35:16
86.3%,4317500,17270.000001683362,-3519719.305822544,573264.6340238847,310.7153323077644,112,35:09
86.4%,4320000,17280.0000016854,-3521310.331060594,575032.4716886785,311.67351851860207,112,35:01
86.5%,4322500,17290.000001687436,-3518276.17564591,573302.5816355352,310.7359003038774,112,34:53
86.5%,4325000,17300.000001689474,-3520068.5916646607,573211.5013316817,310.6865338416907,112,34:46
86.5%,4327500,17310.00000169151,-3520893.4601719677,574584.1672865737,311.43053291822184,112,34:38
86.6%,4330000,17320.00000169355,-3522254.6429791898,573570.0846549857,310.88088969385325,112,34:30
86.7%,4332500,17330.000001695586,-3521734.7586391997,573775.9223267809,310.9924558306728,112,34:22
86.7%,4335000,17340.000001697623,-3521901.237288717,574329.1191970255,311.2922942284528,112,34:15
86.8%,4337500,17350.00000169966,-3520601.2222804707,575190.0188391048,311.7589106957808,112,34:07
86.8%,4340000,17360.000001701697,-3521948.543442242,576951.7927139212,312.71381027003554,112,33:59
86.8%,4342500,17370.000001703735,-3519881.526801398,574055.9399963625,311.14422828983425,112,33:51
86.9%,4345000,17380.000001705772,-3521048.0052204784,572376.8890923315,310.2341654172205,112,33:44
87.0%,4347500,17390.00000170781,-3519097.7316244785,575954.7874501321,312.17342315479283,112,33:36
87.0%,4350000,17400.000001709846,-3520055.1277199015,574719.8991301956,311.5041009745656,112,33:28
87.0%,4352500,17410.000001711884,-3521434.757564053,574756.8850262789,311.52414771094203,112,33:20
87.1%,4355000,17420.00000171392,-3518292.8401910346,574168.1041387673,311.20502240953374,112,33:13
87.2%,4357500,17430.00000171596,-3519501.5717231743,572979.5736672764,310.56082666032967,112,33:05
87.2%,4360000,17440.000001717995,-3520215.277097987,575223.7308742322,311.777182965821,112,32:57
87.2%,4362500,17450.000001720033,-3521835.4949837513,572162.3080157402,310.1178602650048,112,32:50
87.3%,4365000,17460.00000172207,-3521229.3833576925,574969.283414874,311.6392698237972,112,32:42
87.3%,4367500,17470.000001724107,-3520861.8798652273,573257.6038222301,310.7115218661051,112,32:34
87.4%,4370000,17480.000001726145,-3519994.809387436,573231.251730357,310.6972387610653,112,32:26
87.5%,4372500,17490.00000172818,-3519728.889807813,572427.5315304487,310.2616141399474,112,32:19
87.5%,4375000,17500.00000173022,-3520532.4698838573,572613.505515882,310.3624139543,112,32:11
87.5%,4377500,17510.000001732256,-3519616.7951690108,574249.7819360951,311.2492926164026,112,32:03
87.6%,4380000,17520.000001734294,-3518940.956235364,572189.4077834488,310.1325486180433,112,31:55
87.7%,4382500,17530.00000173633,-3520641.3184308093,571891.0363752327,309.9708282436252,112,31:48
87.7%,4385000,17540.000001738368,-3522418.778430976,574596.6794124795,311.4373146192513,112,31:40
87.8%,4387500,17550.000001740405,-3523805.3863367587,574208.2038755248,311.2267568796067,112,31:32
87.8%,4390000,17560.000001742443,-3521484.8967821095,572630.5804030548,310.37166871890105,112,31:25
87.8%,4392500,17570.00000174448,-3518421.9222122654,571010.4521656733,309.4935425381079,112,31:17
87.9%,4395000,17580.000001746517,-3520367.624324262,572769.3410607857,310.44687842366767,112,31:09
88.0%,4397500,17590.000001748554,-3523236.070506107,572379.9020742726,310.23579848444547,112,31:01
88.0%,4400000,17600.00000175059,-3518711.201024996,572479.7762296221,310.289931304659,112,30:54
88.0%,4402500,17610.00000175263,-3521689.3468261957,572603.120467939,310.3567851514206,112,30:46
88.1%,4405000,17620.000001754666,-3517827.2196998447,576642.4538593472,312.54614542680247,112,30:38
88.2%,4407500,17630.000001756704,-3520903.764937518,574363.8257371257,311.3111055304248,112,30:30
88.2%,4410000,17640.00000175874,-3520516.8072615154,574307.4728481031,311.280561684529,112,30:23
88.2%,4412500,17650.000001760778,-3520380.392032575,571297.3698451661,309.64905487366366,112,30:15
88.3%,4415000,17660.000001762815,-3520856.993199909,573773.712830205,310.991258260786,112,30:07
88.3%,4417500,17670.000001764853,-3516403.430766713,574674.7873167178,311.47964990732055,112,30:00
88.4%,4420000,17680.00000176689,-3519336.697210649,573470.5958715884,310.82696574920453,112,29:52
88.5%,4422500,17690.000001768927,-3522216.896902984,573212.1136418841,310.68686572012285,112,29:44
88.5%,4425000,17700.000001770964,-3521132.212132469,572603.9804721193,310.35725128253836,112,29:36
88.5%,4427500,17710.000001773,-3519240.095082337,573527.5514983886,310.85783628517987,112,29:29
88.6%,4430000,17720.00000177504,-3521238.3913973346,575587.9371122041,311.9745864956109,112,29:21
88.7%,4432500,17730.000001777076,-3522126.454369314,576029.789608935,312.2140750968683,112,29:13
88.7%,4435000,17740.000001779114,-3521546.585653655,573147.7111844469,310.65195892529135,112,29:05
88.8%,4437500,17750.00000178115,-3519556.530203337,574839.621064252,311.5689914951333,112,28:58
88.8%,4440000,17760.000001783188,-3520434.016988961,573075.5291956889,310.6128355444085,112,28:50
88.8%,4442500,17770.000001785225,-3519962.8526063506,574771.0223711777,311.53181029739426,112,28:42
88.9%,4445000,17780.000001787263,-3517400.983893091,577007.1274665643,312.74380227553394,112,28:34
89.0%,4447500,17790.0000017893,-3518826.696325846,571704.1869495122,309.86955393162594,112,28:27
89.0%,4450000,17800.000001791337,-3519140.4099268485,573264.9631150914,310.7155106785858,112,28:19
89.0%,4452500,17810.000001793374,-3524523.641433034,573370.7923655882,310.7728712216656,112,28:11
89.1%,4455000,17820.00000179541,-3520113.9383731354,578849.6586615059,313.74247314853926,112,28:04
89.2%,4457500,17830.00000179745,-3518502.0238351263,574501.3838525766,311.38566344489783,112,27:56
89.2%,4460000,17840.000001799486,-3519671.6911754087,573633.5892729501,310.915309850449,112,27:48
89.2%,4462500,17850.000001801523,-3521839.6655609123,574630.8394417469,311.4558297067267,112,27:40
89.3%,4465000,17860.00000180356,-3521028.2329333667,574908.2205137247,311.6061731028481,112,27:33
89.3%,4467500,17870.000001805598,-3519295.023926424,573643.963966741,310.9209330412713,112,27:25
89.4%,4470000,17880.000001807635,-3521215.7255079523,575823.9086983731,312.10248552419216,112,27:17
89.5%,4472500,17890.000001809673,-3520048.8380027805,574391.2360965589,311.325962227375,112,27:10
89.5%,4475000,17900.00000181171,-3522948.129109435,573390.7437180962,310.78368506008604,112,27:02
89.5%,4477500,17910.000001813747,-3517351.957832461,573060.0386109117,310.60443948801327,112,26:54
89.6%,4480000,17920.000001815784,-3520533.572745329,573400.5466413728,310.78899834540437,112,26:46
89.7%,4482500,17930.00000181782,-3520474.746196598,572360.4645520905,310.2252631473506,112,26:39
89.7%,4485000,17940.00000181986,-3523465.6450066827,572742.2582905006,310.4321992834077,112,26:31
89.8%,4487500,17950.000001821896,-3518441.287765406,576312.2733915532,312.3671842146795,112,26:23
89.8%,4490000,17960.000001823933,-3522656.829561973,575446.2140704473,311.89777114821004,112,26:15
89.8%,4492500,17970.00000182597,-3520803.7782451864,574701.242545286,311.4939889135106,112,26:08
89.9%,4495000,17980.000001828008,-3519612.186217103,574708.7577342442,311.4980622232805,112,26:00
90.0%,4497500,17990.000001830045,-3520509.402291894,573090.8336440271,310.62113071293794,112,25:52
90.0%,4500000,18000.000001832082,-3521909.006052213,571374.5793788799,309.6909032356615,112,25:44
90.0%,4502500,18010.00000183412,-3522483.4092523903,574051.3710510811,311.1417518744631,112,25:37
90.1%,4505000,18020.000001836157,-3522341.634887522,574488.8903342988,311.37889182939426,112,25:29
90.2%,4507500,18030.000001838194,-3518660.5993070155,572747.3499540985,310.4349590174867,112,25:21
90.2%,4510000,18040.00000184023,-3521797.8414007444,575285.5984693347,311.81071583917554,112,25:14
90.2%,4512500,18050.00000184227,-3521453.3324241303,573212.433669304,310.68703917827855,112,25:06
90.3%,4515000,18060.000001844306,-3517093.494188085,573248.710270545,310.7067014695496,112,24:58
90.3%,4517500,18070.000001846343,-3521989.9999756906,574764.1261618396,311.5280724809497,112,24:50
90.4%,4520000,18080.00000184838,-3521006.5823847223,575957.4118711281,312.17484561798614,112,24:43
90.5%,4522500,18090.000001850418,-3520745.520275155,574249.3107898692,311.2490372502986,112,24:35
90.5%,4525000,18100.000001852455,-3521009.465826135,572951.4664436651,310.545592255822,112,24:27
90.5%,4527500,18110.000001854492,-3521551.4481863733,574641.4833154257,311.461598795819,112,24:19
90.6%,4530000,18120.00000185653,-3518175.144073477,573733.6030713137,310.96951835861347,112,24:12
90.7%,4532500,18130.000001858567,-3520110.9958953615,576311.2143286127,312.36661019166473,112,24:04
90.7%,4535000,18140.000001860604,-3518716.8357509896,573385.9224711686,310.78107189462565,112,23:56
90.8%,4537500,18150.00000186264,-3521144.3411398735,571720.5241710222,309.878408873845,112,23:49
90.8%,4540000,18160.00000186468,-3524630.478488246,574069.178743969,311.1514038273046,112,23:41
90.8%,4542500,18170.000001866716,-3522824.3723900467,574402.0124363198,311.3318031144473,112,23:33
90.9%,4545000,18180.000001868753,-3521725.3049367424,573174.333995431,310.66638876287584,112,23:25
91.0%,4547500,18190.00000187079,-3518941.333700385,575554.4201481865,311.95641995612004,112,23:18
91.0%,4550000,18200.000001872828,-3520102.8742267434,574967.5694598716,311.63834084254404,112,23:10
91.0%,4552500,18210.000001874865,-3522879.3276687153,572613.932098276,310.3626451663484,112,23:02
91.1%,4555000,18220.000001876902,-3521024.612515852,573137.8049164962,310.64658962609593,112,22:54
91.2%,4557500,18230.00000187894,-3524023.425924465,572800.107859593,310.4635543453068,112,22:47
91.2%,4560000,18240.000001880977,-3518816.82346333,574047.276164026,311.1395324035302,112,22:39
91.2%,4562500,18250.000001883014,-3518691.555383945,571827.4617022183,309.93637011647127,112,22:31
91.3%,4565000,18260.00000188505,-3521011.779191131,575338.4680403307,311.8393716908468,112,22:24
91.3%,4567500,18270.00000188709,-3518464.9925052,571375.2532495849,309.69126848051985,112,22:16
91.4%,4570000,18280.000001889126,-3520879.800490871,576417.644330783,312.42429634833513,112,22:08
91.5%,4572500,18290.000001891163,-3520243.6700771693,574865.0955436772,311.58279892519295,112,22:00
91.5%,4575000,18300.0000018932,-3519098.57708217,574081.6638207249,311.1581708674164,112,21:53
91.5%,4577500,18310.000001895238,-3519718.59304177,574444.930257238,311.3550650151421,112,21:45
91.6%,4580000,18320.000001897275,-3520701.2167460136,573711.4283432956,310.9574994277811,112,21:37
91.7%,4582500,18330.000001899312,-3521067.391563233,574505.8830553887,311.3881020591327,112,21:29
91.7%,4585000,18340.00000190135,-3521359.4332230426,575554.0273294155,311.95620704430286,112,21:22
91.8%,4587500,18350.000001903387,-3520297.2942813355,572040.6805213068,310.05193691109866,112,21:14
91.8%,4590000,18360.000001905424,-3520430.817891728,572936.7158647734,310.53759729023363,112,21:06
91.8%,4592500,18370.00000190746,-3519866.914719412,572557.6776358378,310.33215466867443,112,20:59
91.9%,4595000,18380.0000019095,-3521998.722668469,574235.0989634917,311.24133429411836,112,20:51
92.0%,4597500,18390.000001911536,-3521570.318814965,574680.016128157,311.48248397694124,112,20:43
92.0%,4600000,18400.000001913573,-3521081.5357324593,572547.459311567,310.32661623174147,112,20:35
92.0%,4602500,18410.00000191561,-3523354.490475597,574308.3873863393,311.28105737366633,112,20:28
92.1%,4605000,18420.000001917648,-3520962.153586922,572736.6447092651,310.4291566645969,112,20:20
92.2%,4607500,18430.000001919685,-3517686.197878858,572401.0038762729,310.24723587833245,112,20:12
92.2%,4610000,18440.000001921722,-3521430.5271799993,574274.8995201355,311.2629066054902,112,20:05
92.2%,4612500,18450.00000192376,-3520477.9892434906,572450.7639629644,310.2742063575045,112,19:57
92.3%,4615000,18460.000001925797,-3519755.9856415913,575736.5092417009,312.055114119065,112,19:49
92.3%,4617500,18470.000001927834,-3518802.596908033,573994.9032943961,311.11114576911194,112,19:41
92.4%,4620000,18480.00000192987,-3521437.2956024706,572710.320051369,310.41488842905505,112,19:34
92.5%,4622500,18490.00000193191,-3520252.677509524,573491.9135096666,310.83852012846734,112,19:26
92.5%,4625000,18500.000001933946,-3519917.4792776722,574422.3270479902,311.3428138430728,112,19:18
92.5%,4627500,18510.000001935983,-3521564.8661903627,574417.5341181837,311.3402160257836,112,19:10
92.6%,4630000,18520.00000193802,-3519012.221035935,573915.4375946091,311.06807454187947,112,19:03
92.7%,4632500,18530.000001940058,-3522283.4106731135,575281.8192841203,311.80866748188987,112,18:55
92.7%,4635000,18540.000001942095,-3516984.049929671,572745.9485245699,310.4341994282571,112,18:47
92.8%,4637500,18550.000001944132,-3518510.756364431,573066.1080670241,310.6077291956997,112,18:40
92.8%,4640000,18560.00000194617,-3522206.9273347277,571963.7559112033,310.01024298063027,112,18:32
92.8%,4642500,18570.000001948207,-3518864.1490623504,576137.5471996814,312.27248082021185,112,18:24
92.9%,4645000,18580.000001950244,-3517570.858308198,575237.7347172764,311.78477319289385,112,18:16
93.0%,4647500,18590.00000195228,-3521535.478849305,575019.342715773,311.6664024801496,112,18:09
93.0%,4650000,18600.00000195432,-3519026.8223012444,576060.7471773216,312.23085441758303,112,18:01
93.0%,4652500,18610.000001956356,-3520312.6450656746,575065.7356919367,311.6915479507575,112,17:53
93.1%,4655000,18620.000001958393,-3517266.5702324547,573841.2286609045,311.027852535972,112,17:45
93.2%,4657500,18630.00000196043,-3519559.8955499474,577869.4723510831,313.21120207914015,112,17:38
93.2%,4660000,18640.000001962468,-3519805.9498066064,576759.7516675934,312.6097220462293,112,17:30
93.2%,4662500,18650.000001964505,-3518738.2146084066,574849.9000850101,311.5745628301871,112,17:22
93.3%,4665000,18660.000001966542,-3520183.5361600425,575040.8274096431,311.67804740537116,112,17:15
93.3%,4667500,18670.00000196858,-3521544.9492254686,574966.5024000672,311.6377624851467,112,17:07
93.4%,4670000,18680.000001970617,-3521222.615773063,575248.0728115961,311.7903765464261,112,16:59
93.5%,4672500,18690.000001972654,-3520434.9630244896,574344.6083939818,311.3006895326349,112,16:51
93.5%,4675000,18700.00000197469,-3521598.405127734,574169.8020749057,311.20594270839774,112,16:44
93.5%,4677500,18710.00000197673,-3521576.409130361,574177.2568770779,311.209983287908,112,16:36
93.6%,4680000,18720.000001978766,-3522997.6590079498,574283.5400912254,311.26758988395915,112,16:28
93.7%,4682500,18730.000001980803,-3521053.340471573,573775.8232948591,310.99240215435185,112,16:20
93.7%,4685000,18740.00000198284,-3518456.3058098983,575683.8732176924,312.0265848522649,112,16:13
93.8%,4687500,18750.000001984878,-3518690.3390617,575215.4172576424,311.7726769000565,112,16:05
93.8%,4690000,18760.000001986915,-3517133.602401102,575332.5863089093,311.8361837318752,112,15:57
93.8%,4692500,18770.000001988952,-3521238.121173883,573460.981601807,310.8217547160225,112,15:50
93.9%,4695000,18780.00000199099,-3522638.7666983586,575712.9890511842,312.04236593370945,112,15:42
94.0%,4697500,18790.000001993027,-3524586.614936769,575179.9593517452,311.75345835008864,112,15:34
94.0%,4700000,18800.000001995064,-3519176.594217766,575578.8968192709,311.96968656378846,112,15:26
94.0%,4702500,18810.0000019971,-3523871.112814594,575736.8424643057,312.05529472914674,112,15:19
94.1%,4705000,18820.00000199914,-3520303.8212204315,574268.1576144056,311.25925242318954,112,15:11
94.2%,4707500,18830.000002001176,-3519346.6285119317,573316.7542434536,310.74358200324906,112,15:03
94.2%,4710000,18840.000002003213,-3517336.0921996944,575282.8973640725,311.80925181232067,112,14:55
94.2%,4712500,18850.00000200525,-3518013.7375166602,571287.1965176621,309.6435408254415,112,14:48
94.3%,4715000,18860.000002007288,-3517296.812739745,574245.7231838361,311.2470927309011,112,14:40
94.3%,4717500,18870.000002009325,-3521713.1331295,575647.4508630642,312.00684356115767,112,14:32
94.4%,4720000,18880.000002011362,-3522163.2304794863,575324.4860663996,311.8317933170584,112,14:25
94.5%,4722500,18890.0000020134,-3516357.706815971,574792.3913536123,311.5433925058267,112,14:17
94.5%,4725000,18900.000002015437,-3518112.425034702,572574.0452645633,310.3410260919172,112,14:09
94.5%,4727500,18910.000002017474,-3521603.827189535,572645.0527163194,310.37951286165537,112,14:01
94.6%,4730000,18920.00000201951,-3518887.623813968,574340.5825390946,311.29850747784747,112,13:54
94.7%,4732500,18930.00000202155,-3520355.072629148,574919.0423854707,311.612038668725,112,13:46
94.7%,4735000,18940.000002023586,-3519616.8304045983,572408.6499549835,310.2513801316954,112,13:38
94.8%,4737500,18950.000002025623,-3520294.04818742,575958.4777646334,312.17542334323736,112,13:31
94.8%,4740000,18960.00000202766,-3520689.2786274496,576688.615250745,312.5711653760836,112,13:23
94.8%,4742500,18970.000002029697,-3521105.6348649804,573604.7608480218,310.8996845474042,112,13:15
94.9%,4745000,18980.000002031735,-3519705.717709014,575273.0350885466,311.8039063574723,112,13:07
95.0%,4747500,18990.000002033772,-3520352.5997780133,573990.125157299,311.1085559696235,112,13:00
95.0%,4750000,19000.00000203581,-3521162.8796921354,574163.9647973839,311.20277884389725,112,12:52
95.0%,4752500,19010.000002037847,-3519692.3604161516,574434.7293268442,311.34953600586954,112,12:44
95.1%,4755000,19020.000002039884,-3521639.8145635333,575970.8684367803,312.1821392150793,112,12:36
95.2%,4757500,19030.00000204192,-3522936.76007236,573782.4068791053,310.99597052477867,112,12:29
95.2%,4760000,19040.00000204396,-3520649.709378451,573676.7485586521,310.93870262754206,112,12:21
95.2%,4762500,19050.000002045996,-3520785.568444209,573898.3403292712,311.0588076480825,112,12:13
95.3%,4765000,19060.000002048033,-3519859.733676778,576033.3081674767,312.21598219181476,112,12:06
95.3%,4767500,19070.00000205007,-3520271.462912895,573426.4711048049,310.80304967142746,112,11:58
95.4%,4770000,19080.000002052107,-3523306.1906769034,574465.9976683983,311.3664837688398,112,11:50
95.5%,4772500,19090.000002054145,-3519705.753943,573153.8514425419,310.65528700838115,112,11:42
95.5%,4775000,19100.000002056182,-3520761.588705385,574613.5607411149,311.44646447313283,112,11:35
95.5%,4777500,19110.00000205822,-3520460.2524169404,574030.6740215984,311.1305338714471,112,11:27
95.6%,4780000,19120.000002060257,-3518734.9325407315,573173.7310594546,310.66606196537055,112,11:19
95.7%,4782500,19130.000002062294,-3517206.1728464756,573964.3562852193,311.0945889757148,112,11:11
95.7%,4785000,19140.00000206433,-3521490.0061176214,573158.737819182,310.657935474816,112,11:04
95.8%,4787500,19150.00000206637,-3519502.3956805076,574198.815953359,311.221668529162,112,10:56
95.8%,4790000,19160.000002068406,-3519608.299732443,575046.1287352324,311.6809207784076,112,10:48
95.8%,4792500,19170.000002070443,-3522736.809112644,571524.5750740599,309.7722024463689,112,10:41
95.9%,4795000,19180.00000207248,-3522091.83901868,573482.935443472,310.8336539241778,112,10:33
96.0%,4797500,19190.000002074517,-3517753.646177765,574478.5441648476,311.3732840990576,112,10:25
96.0%,4800000,19200.000002076555,-3518904.93041192,572916.8099562766,310.52680808293496,112,10:17
96.0%,4802500,19210.000002078592,-3519920.6058692615,575343.8711466673,311.842300230096,112,10:10
96.1%,4805000,19220.00000208063,-3517913.3295878787,574031.5851395272,311.13102770674266,112,10:02
96.2%,4807500,19230.000002082666,-3517148.022551518,574835.6867036528,311.5668590311918,112,9:54
96.2%,4810000,19240.000002084704,-3515805.148064617,576590.678720515,312.5180827686291,112,9:47
96.2%,4812500,19250.00000208674,-3519877.7568117827,575006.7637061825,311.6595845274746,112,9:39
96.3%,4815000,19260.00000208878,-3521554.9678030983,574078.2616054588,311.1563268317228,112,9:31
96.3%,4817500,19270.000002090816,-3520221.1861362234,572708.0610852118,310.4136640461461,112,9:23
96.4%,4820000,19280.000002092853,-3520987.3701907545,574679.317378921,311.48210524766296,112,9:16
96.5%,4822500,19290.00000209489,-3521286.386811357,573768.5007925994,310.98843328275586,112,9:08
96.5%,4825000,19300.000002096927,-3519019.845669627,575712.6234577555,312.042167778308,112,9:00
96.5%,4827500,19310.000002098965,-3519976.996652283,574408.5812035003,311.33536345387205,112,8:52
96.6%,4830000,19320.000002101002,-3520380.3783179205,574618.1009690606,311.44892532341237,112,8:45
96.7%,4832500,19330.00000210304,-3519443.5390603077,573371.7132321857,310.77337034083996,112,8:37
96.7%,4835000,19340.000002105076,-3523200.625307115,573077.4304879704,310.6138660643952,112,8:29
96.8%,4837500,19350.000002107114,-3520290.038003197,574403.4370414475,311.33257526509004,112,8:22
96.8%,4840000,19360.00000210915,-3522472.8160948604,573495.8551397927,310.84065653256727,112,8:14
96.8%,4842500,19370.00000211119,-3517961.6393217947,574203.4731938503,311.2241928014457,112,8:06
96.9%,4845000,19380.000002113225,-3518293.0351949353,574561.3561798277,311.4181690635687,112,7:58
97.0%,4847500,19390.000002115263,-3520789.0003448054,573559.4428919858,310.87512174877065,112,7:51
97.0%,4850000,19400.0000021173,-3518961.6547412947,574873.8267923731,311.58753135185776,112,7:43
97.0%,4852500,19410.000002119337,-3520597.243249994,574303.2199777269,311.27825658500984,112,7:35
97.1%,4855000,19420.000002121375,-3520640.6380954646,574913.6300231795,311.60910511265314,112,7:27
97.2%,4857500,19430.000002123412,-3520406.15377298,573959.7269674514,311.09207983783466,112,7:20
97.2%,4860000,19440.00000212545,-3518241.613129247,571939.286741083,309.9969804385616,112,7:12
97.2%,4862500,19450.000002127486,-3519378.784618158,574864.4477607586,311.5824478201834,112,7:04
97.3%,4865000,19460.000002129524,-3522891.6311277747,574507.8536792968,311.38917015757465,112,6:57
97.3%,4867500,19470.00000213156,-3521748.020194998,574161.332334298,311.2013520218085,112,6:49
97.4%,4870000,19480.000002133598,-3522859.5752149336,574522.2405624163,311.39696799631093,112,6:41
97.5%,4872500,19490.000002135635,-3521589.245231446,573155.973028466,310.6564369297896,112,6:33
97.5%,4875000,19500.000002137673,-3519218.3089612406,571758.5022134486,309.89899336375163,112,6:26
97.5%,4877500,19510.00000213971,-3519311.4018501583,572628.1569359445,310.3703551747823,112,6:18
97.6%,4880000,19520.000002141747,-3520572.23642163,573180.6608930421,310.6698180065044,112,6:10
97.7%,4882500,19530.000002143785,-3518152.9411611743,575912.6307710735,312.15057380082044,112,6:03
97.7%,4885000,19540.00000214582,-3521324.396490354,575078.8910435897,311.69867828676274,112,5:55
97.8%,4887500,19550.00000214786,-3519460.3417179026,573475.5396554107,310.829645330923,112,5:47
97.8%,4890000,19560.000002149896,-3519468.8776935395,572052.6242312382,310.0584105248191,112,5:39
97.8%,4892500,19570.000002151934,-3519639.1415252294,575319.1554734389,311.82890408080544,112,5:32
97.9%,4895000,19580.00000215397,-3520809.1187103745,572588.1910593107,310.34869325827424,112,5:24
98.0%,4897500,19590.000002156008,-3519939.46114216,573293.3720218956,310.73090859848924,112,5:16
98.0%,4900000,19600.000002158045,-3517996.9379756544,573722.2891862062,310.96338611643034,112,5:08
98.0%,4902500,19610.000002160083,-3520134.1873332486,574861.2038402171,311.58068958185993,112,5:01
98.1%,4905000,19620.00000216212,-3518890.817023596,572976.8737857614,310.5593632967584,112,4:53
98.2%,4907500,19630.000002164157,-3519697.5724827275,572845.3818793583,310.48809333002936,112,4:45
98.2%,4910000,19640.000002166194,-3518819.749977583,572798.8970823578,310.4628980915827,112,4:38
98.2%,4912500,19650.00000216823,-3522744.331354998,573717.489442595,310.96078460598886,112,4:30
98.3%,4915000,19660.00000217027,-3519631.192419963,575048.3052572494,311.6821004757439,112,4:22
98.3%,4917500,19670.000002172306,-3517574.8982368317,573768.4224103508,310.9883907987703,112,4:14
98.4%,4920000,19680.000002174344,-3515237.340876704,575229.691542296,311.7804137092653,112,4:07
98.5%,4922500,19690.00000217638,-3517311.8198358957,573261.0645866914,310.71339763606517,112,3:59
98.5%,4925000,19700.000002178418,-3519454.719770534,573133.663920633,310.64434516371443,112,3:51
98.5%,4927500,19710.000002180455,-3520223.4710737504,573254.4182656365,310.70979526164217,112,3:43
98.6%,4930000,19720.000002182493,-3518144.592817059,573697.6233568885,310.9500169830525,112,3:36
98.7%,4932500,19730.00000218453,-3519971.967985533,574785.5031491235,311.5396590280929,112,3:28
98.7%,4935000,19740.000002186567,-3522022.4531961735,574201.5403249168,311.22314516658855,112,3:20
98.8%,4937500,19750.000002188604,-3522081.8004539404,573942.4023427267,311.0826897129099,112,3:13
98.8%,4940000,19760.00000219064,-3521433.824475821,573918.6742923723,311.06982886538276,112,3:05
98.8%,4942500,19770.00000219268,-3523921.4257257935,574660.5498172477,311.47193303605974,112,2:57
98.9%,4945000,19780.000002194716,-3518344.248838933,571695.043746725,309.86459822160344,112,2:49
99.0%,4947500,19790.000002196753,-3519901.1874450706,574893.8686993985,311.5983942717587,112,2:42
99.0%,4950000,19800.00000219879,-3520542.9250007067,572802.4828582254,310.4648416190116,112,2:34
99.0%,4952500,19810.000002200828,-3522332.2136773188,573468.0390645332,310.82557993346313,112,2:26
99.1%,4955000,19820.000002202865,-3523042.3995408583,572957.1237462373,310.54865857204726,112,2:19
99.2%,4957500,19830.000002204903,-3520190.0753347985,573346.6760751978,310.7597999440427,112,2:11
99.2%,4960000,19840.00000220694,-3524865.1354787145,572316.4832434654,310.201424825372,112,2:03
99.2%,4962500,19850.000002208977,-3519255.833368441,574342.3327246491,311.2994560964329,112,1:55
99.3%,4965000,19860.000002211014,-3520385.281135207,573475.3963039042,310.829567632931,112,1:48
99.3%,4967500,19870.00000221305,-3518087.6097673047,573635.4337197236,310.9163095595853,112,1:40
99.4%,4970000,19880.00000221509,-3521431.944186162,575208.3355719927,311.76883855354185,112,1:32
99.5%,4972500,19890.000002217126,-3517366.4236191995,573277.880026404,310.7225117774723,112,1:24
99.5%,4975000,19900.000002219163,-3524829.188631218,571094.1589674795,309.53891248628884,112,1:17
99.5%,4977500,19910.0000022212,-3519009.9999667704,575075.5802755607,311.69688381641305,112,1:09
99.6%,4980000,19920.000002223238,-3519246.902426241,573177.462121929,310.6680842396359,112,1:01
99.7%,4982500,19930.000002225275,-3520270.224138906,574358.3471680034,311.3081360895691,112,0:54
99.7%,4985000,19940.000002227313,-3518413.3460994847,574349.258759171,311.30321007843406,112,0:46
99.8%,4987500,19950.00000222935,-3522131.844426077,573491.2795408207,310.8381765108274,112,0:38
99.8%,4990000,19960.000002231387,-3521149.571146313,574203.1785524162,311.22403310275564,112,0:30
99.8%,4992500,19970.000002233424,-3521212.839367086,573687.6957134461,310.9446360981205,112,0:23
99.9%,4995000,19980.00000223546,-3518753.8272871505,573102.2826188717,310.6273361751491,112,0:15
100.0%,4997500,19990.0000022375,-3521518.1520636603,574577.1438599923,311.42672614872197,112,0:07
100.0%,5000000,20000.000002239536,-3522382.9406547435,571985.030030923,310.02177377249484,112,0:00
100.0%,5002500,20010.000002241573,-3519800.473056672,575868.7869668466,312.12681000764104,112,23:59:53
100.1%,5005000,20020.00000224361,-3518126.43569701,575781.3892561364,312.07943954884325,112,23:59:45
100.2%,5007500,20030.000002245648,-3515066.936148135,572631.9651775126,310.37241928091083,112,23:59:37
100.2%,5010000,20040.000002247685,-3519651.6807795614,575567.3430851395,311.9634243209656,112,23:59:30
100.2%,5012500,20050.000002249722,-3518401.015785329,574571.226074638,311.4235186481476,112,23:59:22
100.3%,5015000,20060.00000225176,-3518198.641818704,572706.8729077623,310.41302004173843,112,23:59:14
100.3%,5017500,20070.000002253797,-3522109.9652158264,572725.4100260353,310.42306735064665,112,23:59:06
100.4%,5020000,20080.000002255834,-3517341.323274374,575829.4182904589,312.1054717798134,112,23:58:59
100.5%,5022500,20090.00000225787,-3519743.636820566,573848.4753141517,311.03178029662246,112,23:58:51
100.5%,5025000,20100.00000225991,-3521847.4508548193,573470.3054621116,310.8268083442789,112,23:58:43
100.5%,5027500,20110.000002261946,-3521543.9718317,575574.0788495077,311.967075174585,112,23:58:36
100.6%,5030000,20120.000002263983,-3518002.105891658,572208.6471507226,310.14297655313834,112,23:58:28
100.7%,5032500,20130.00000226602,-3518730.5742371827,572895.0926353096,310.5150370714324,112,23:58:20
100.7%,5035000,20140.000002268058,-3519991.4664955456,573794.7903054177,311.00268246930386,112,23:58:12
100.8%,5037500,20150.000002270095,-3521235.8677648418,571887.1967697676,309.96874713794165,112,23:58:05
100.8%,5040000,20160.000002272132,-3516206.663427826,574712.1905255485,311.4999228315015,112,23:57:57
100.8%,5042500,20170.00000227417,-3519758.611708978,573245.3235276153,310.70486582002167,112,23:57:49
100.9%,5045000,20180.000002276207,-3517616.5892624706,574643.8041231311,311.4628566974836,112,23:57:41
101.0%,5047500,20190.000002278244,-3519707.069002155,574896.1309936156,311.5996204585104,112,23:57:34
101.0%,5050000,20200.00000228028,-3522284.4866366684,575862.7478785092,312.1235367596013,112,23:57:26
101.0%,5052500,20210.00000228232,-3519556.5227794535,575962.2072355307,312.1774447548515,112,23:57:18
101.1%,5055000,20220.000002284356,-3518271.6238211356,573576.5955285819,310.8844186543595,112,23:57:11
101.2%,5057500,20230.000002286393,-3518803.5800900944,574401.4042537911,311.3314734732566,112,23:57:03
101.2%,5060000,20240.00000228843,-3520210.406443145,574243.8844820987,311.24609613563354,112,23:56:55
101.2%,5062500,20250.000002290468,-3517972.5034151115,574725.7185605299,311.5072551657067,112,23:56:47
101.3%,5065000,20260.000002292505,-3522893.562119309,574515.3294303098,311.39322209157234,112,23:56:40
101.3%,5067500,20270.000002294542,-3523795.192833487,573649.2756405835,310.92381202316756,112,23:56:32
101.4%,5070000,20280.00000229658,-3521720.360591233,573857.924592295,311.0369019026384,112,23:56:24
101.5%,5072500,20290.000002298617,-3520517.339256892,572898.7194477154,310.5170028410875,112,23:56:17
101.5%,5075000,20300.000002300654,-3518489.468665598,576238.7461495718,312.32733169270284,112,23:56:09
101.5%,5077500,20310.00000230269,-3523142.3668593895,572034.557545292,310.04861819507425,112,23:56:01
101.6%,5080000,20320.00000230473,-3521682.5446118657,573430.5056243273,310.8052364225363,112,23:55:53
101.7%,5082500,20330.000002306766,-3522298.3827763945,576337.4987860222,312.3808566381291,112,23:55:46
101.7%,5085000,20340.000002308803,-3521423.579121912,573498.6755097415,310.8421852021099,112,23:55:38
101.8%,5087500,20350.00000231084,-3519484.5507607087,572932.6648224888,310.53540158361767,112,23:55:30
101.8%,5090000,20360.000002312878,-3518947.6967971195,574963.006245529,311.63586753340076,112,23:55:22
101.8%,5092500,20370.000002314915,-3518815.3286965806,573358.1507455992,310.7660193335101,112,23:55:15
101.9%,5095000,20380.000002316952,-3520606.0067665447,574447.1573607904,311.3562721281913,112,23:55:07
102.0%,5097500,20390.00000231899,-3521372.11051023,572214.2574492331,310.14601739267835,112,23:54:59
102.0%,5100000,20400.000002321027,-3520377.595854597,575899.5488562692,312.1434832683431,112,23:54:52
102.0%,5102500,20410.000002323064,-3521035.7721325327,574907.6667933066,311.60587298068197,112,23:54:44
102.1%,5105000,20420.0000023251,-3522124.8799365293,576007.7020184002,312.2021033954488,112,23:54:36
102.2%,5107500,20430.00000232714,-3521890.542860506,572777.836172008,310.4514828613911,112,23:54:28
102.2%,5110000,20440.000002329176,-3521199.934808396,573347.8523791922,310.7604375129155,112,23:54:21
102.2%,5112500,20450.000002331213,-3519841.0844634213,577006.9285228152,312.74369444597414,112,23:54:13
102.3%,5115000,20460.00000233325,-3522880.708620554,574587.3780927456,311.4322732082162,112,23:54:05
102.3%,5117500,20470.000002335288,-3520315.4254047684,575469.726855665,311.91051531981736,112,23:53:58
102.4%,5120000,20480.000002337325,-3522913.8026686255,574375.4941618774,311.3174299367444,112,23:53:50
102.5%,5122500,20490.000002339362,-3519196.9624264445,575483.0699475026,311.91774741293506,112,23:53:42
102.5%,5125000,20500.0000023414,-3521382.713278465,574350.995074983,311.30415117947626,112,23:53:34
102.5%,5127500,20510.000002343437,-3521355.600510955,573471.0542339217,310.8272141863071,112,23:53:27
102.6%,5130000,20520.000002345474,-3522588.257241247,572879.076657783,310.506356246759,112,23:53:19
102.7%,5132500,20530.00000234751,-3521254.463010771,572661.7766444561,310.38857740284635,112,23:53:11
102.7%,5135000,20540.00000234955,-3519429.3159258906,573118.6051606317,310.6361831607925,112,23:53:03
102.8%,5137500,20550.000002351586,-3522058.030247608,573501.2099018695,310.84355886873,112,23:52:56
102.8%,5140000,20560.000002353623,-3523838.8641745076,573537.4342898686,310.8631928598865,112,23:52:48
102.8%,5142500,20570.00000235566,-3520175.5884785373,574741.6425239083,311.5158861177647,112,23:52:40
102.9%,5145000,20580.000002357698,-3519939.620496422,575069.8119111656,311.69375730353653,112,23:52:33
103.0%,5147500,20590.000002359735,-3519039.106234707,573853.1603816301,311.0343196514196,112,23:52:25
103.0%,5150000,20600.000002361772,-3521840.8207074385,573714.3293177634,310.9590717858027,112,23:52:17
