#"Progress (%)","Step","Time (ps)","Potential Energy (kJ/mole)","Kinetic Energy (kJ/mole)","Temperature (K)","Speed (ns/day)","Time Remaining"
3.0%,152500,610.0000000014564,-3516150.923997715,575823.3313243419,312.103579083894,0,--
3.1%,155000,620.0000000015042,-3519423.8073242456,576234.3842561137,312.326375007956,111,4:10:43
3.1%,157500,630.0000000015519,-3517639.806450572,573508.0359283589,310.8486594923921,111,4:10:10
3.2%,160000,640.0000000015997,-3520485.3640350755,574423.7925494788,311.3450112438294,112,4:10:01
3.2%,162500,650.0000000016474,-3514396.4043099806,573620.4384516538,310.9095830915414,112,4:09:44
3.3%,165000,660.0000000016952,-3519028.1044495553,574888.0264440218,311.59663192700964,112,4:09:40
3.4%,167500,670.0000000017429,-3516815.915590631,575105.3227472394,311.71440929077136,112,4:09:29
3.4%,170000,680.0000000017907,-3519180.2466806695,575466.5662142404,311.91020785056986,112,4:09:18
3.5%,172500,690.0000000018384,-3518424.678852087,574246.3485033859,311.2488343109751,112,4:09:17
3.5%,175000,700.0000000018862,-3521189.5378349647,573319.1961673037,310.746305936896,112,4:09:08
3.5%,177500,710.0000000019339,-3518593.8616616875,575358.5755979056,311.85167556118165,112,4:09:03
3.6%,180000,720.0000000019817,-3519714.29043545,573896.8989375547,311.05942819581406,112,4:08:51
3.6%,182500,730.0000000020294,-3514962.6337321177,574074.5140240235,311.15569783473046,112,4:08:44
3.7%,185000,740.0000000020772,-3519888.764546832,573866.1423778697,311.0427577487589,112,4:08:32
3.8%,187500,750.0000000021249,-3518414.7513454333,572545.6296875526,310.32702305296976,112,4:08:23
3.8%,190000,760.0000000021727,-3518531.2251566797,577080.9373020241,312.78521754027463,112,4:08:12
3.9%,192500,770.0000000022204,-3520495.511475453,572413.3585188481,310.25533039496764,112,4:08:05
3.9%,195000,780.0000000022682,-3520458.881711744,575149.8719383429,311.73855551971405,112,4:08:00
4.0%,197500,790.0000000023159,-3522691.8019941654,575578.588025867,311.9709250991463,112,4:08:03
4.0%,200000,800.0000000023637,-3521438.441848172,575121.5757498507,311.72321862517987,111,4:07:58
4.0%,202500,810.0000000024114,-3518362.5049043894,573466.708409118,310.8262594506292,111,4:07:50
4.1%,205000,820.0000000024592,-3518356.9402705617,572740.5647265213,310.4326803267226,112,4:07:40
4.2%,207500,830.0000000025069,-3515695.703776121,574373.9153215768,311.3179771510857,112,4:07:31
4.2%,210000,840.0000000025547,-3519498.798091499,572817.2553256487,310.47424760815716,112,4:07:23
4.2%,212500,850.0000000026024,-3512888.2465570774,573198.8962453518,310.6811018470958,112,4:07:16
4.3%,215000,860.0000000026502,-3521010.452704992,572760.0867402878,310.44326150681036,112,4:07:08
4.3%,217500,870.0000000026979,-3517461.8843090925,572195.0454953621,310.13700195587177,112,4:07:00
4.4%,220000,880.0000000027457,-3517961.534664361,574432.6017118322,311.3497859220157,112,4:06:54
4.5%,222500,890.0000000027934,-3519198.526622735,574883.8392862051,311.5943624341466,112,4:06:47
4.5%,225000,900.0000000028411,-3518004.527979767,576868.6106310165,312.6701337804624,112,4:06:38
4.5%,227500,910.0000000028889,-3516712.1947955173,573262.4565865216,310.71555236149453,112,4:06:30
4.6%,230000,920.0000000029366,-3519060.145112645,572613.039609378,310.3635600891109,112,4:06:23
4.7%,232500,930.0000000029844,-3518169.184161892,573256.6916404861,310.7124276873227,112,4:06:15
4.7%,235000,940.0000000030321,-3518920.201803807,575996.5946817729,312.1974900302495,112,4:06:07
4.8%,237500,950.0000000030799,-3520650.597932052,573081.983332417,310.6177335593188,112,4:05:57
4.8%,240000,960.0000000031276,-3516644.739740476,572348.1886773483,310.22000751089206,112,4:05:49
4.8%,242500,970.0000000031754,-3515218.535036303,571419.689594595,309.71674918296543,112,4:05:41
4.9%,245000,980.0000000032231,-3513994.1147649027,572630.948100877,310.37326671958033,112,4:05:31
5.0%,247500,990.0000000032709,-3519320.354980208,574064.3661187484,311.1501975408308,112,4:05:23
5.0%,250000,1000.0000000033186,-3516208.4290597048,572655.9017829155,310.38679193304745,112,4:05:15
5.0%,252500,1010.0000000033664,-3513123.323400177,573954.905769636,311.0908686375591,112,4:05:13
5.1%,255000,1020.0000000034141,-3519231.0312031396,575571.921862263,311.9673119535748,112,4:05:04
5.2%,257500,1030.0000000032912,-3519043.862902792,573092.1251888347,310.62323057466074,112,4:04:56
5.2%,260000,1040.0000000030548,-3520342.5585945807,575221.0625395419,311.77714173222523,112,4:04:49
5.2%,262500,1050.0000000028183,-3519345.4202439655,574277.1484071647,311.26552825108115,112,4:04:41
5.3%,265000,1060.0000000025818,-3518710.1335412003,576808.0132838718,312.637289246561,112,4:04:32
5.3%,267500,1070.0000000023454,-3520286.5857841037,572940.1397373388,310.5408525243107,112,4:04:25
5.4%,270000,1080.000000002109,-3516963.515618723,575860.1936857447,312.12355895324174,112,4:04:17
5.5%,272500,1090.0000000018724,-3519781.610963518,573626.8585089678,310.91306284436945,112,4:04:09
5.5%,275000,1100.000000001636,-3516553.5036785267,574674.205589131,311.48073830050316,112,4:04:01
5.5%,277500,1110.0000000013995,-3521795.1578020323,572007.6596511675,310.03543644183065,112,4:03:53
5.6%,280000,1120.000000001163,-3518642.74155136,571970.0249771816,310.0150379692269,112,4:03:46
5.7%,282500,1130.0000000009265,-3520165.5114907213,575010.3093034816,311.6629107941931,112,4:03:38
5.7%,285000,1140.00000000069,-3519813.109200932,573111.6267938603,310.633800692951,112,4:03:30
5.8%,287500,1150.0000000004536,-3515605.5199559927,574171.6924920621,311.208369802042,112,4:03:22
5.8%,290000,1160.0000000002171,-3519127.475869758,572361.3132514155,310.22712119718693,112,4:03:15
5.8%,292500,1169.9999999999807,-3518424.143819485,572559.386649353,310.33447950146996,112,4:03:07
5.9%,295000,1179.9999999997442,-3517737.8752103,572494.8633928332,310.29950707468817,112,4:03:00
6.0%,297500,1189.9999999995077,-3521314.155594703,573051.4796016011,310.60120014873064,112,4:02:52
6.0%,300000,1199.9999999992713,-3519321.9654781558,572376.5786368491,310.23539523050715,112,4:02:44
6.0%,302500,1209.9999999990348,-3518898.225432778,576204.2132979728,312.31002196439573,112,4:02:37
6.1%,305000,1219.9999999987983,-3518760.877740605,574506.903695321,311.39005854335346,112,4:02:28
6.2%,307500,1229.9999999985619,-3518474.7297337726,576799.2859959832,312.6325589453774,112,4:02:20
6.2%,310000,1239.9999999983254,-3518610.388143899,576345.9156176392,312.3868264263314,112,4:02:12
6.2%,312500,1249.999999998089,-3516408.071368482,572345.8172764123,310.2187221813833,112,4:02:04
6.3%,315000,1259.9999999978525,-3518550.213319542,574928.3970175888,311.61851329202995,112,4:01:57
6.3%,317500,1269.999999997616,-3523312.833515685,574869.8915727469,311.58680259581854,112,4:01:49
6.4%,320000,1279.9999999973795,-3517200.5403805207,573807.01774018,311.01071144213813,112,4:01:41
6.5%,322500,1289.999999997143,-3516662.786590779,574152.4829941904,311.1979580095494,112,4:01:33
6.5%,325000,1299.9999999969066,-3518404.4611511175,574558.0506989192,311.417780870696,112,4:01:25
6.5%,327500,1309.99999999667,-3518481.3715009056,573575.7235625513,310.88534705217296,112,4:01:18
6.6%,330000,1319.9999999964336,-3517423.3090579957,575135.941835979,311.7310052268234,112,4:01:10
6.7%,332500,1329.9999999961972,-3517245.0357258003,573803.4409317716,311.0087727664277,112,4:01:02
6.7%,335000,1339.9999999959607,-3516303.58418224,575680.4398476135,312.0261300836859,112,4:00:54
6.8%,337500,1349.9999999957242,-3519701.5747665334,572342.980018418,310.217184351416,112,4:00:47
6.8%,340000,1359.9999999954878,-3519612.826052187,573901.8356388528,311.06210395078995,112,4:00:39
6.8%,342500,1369.9999999952513,-3522057.3198428284,574074.106929265,311.1554771841867,112,4:00:30
6.9%,345000,1379.9999999950148,-3521546.511695223,574511.6181299452,311.3926138269614,112,4:00:22
7.0%,347500,1389.9999999947784,-3520440.95012578,574966.8128752043,311.63933517610985,112,4:00:15
7.0%,350000,1399.999999994542,-3519203.562310029,575646.8312336868,312.00791378690883,112,4:00:06
7.0%,352500,1409.9999999943054,-3519294.1991695445,576655.1153701681,312.55441663007355,112,3:59:58
7.1%,355000,1419.999999994069,-3519772.575362919,573818.7415820342,311.0170659137343,112,3:59:51
7.2%,357500,1429.9999999938325,-3516849.4269047137,575991.0487529954,312.194484066221,112,3:59:43
7.2%,360000,1439.999999993596,-3518109.634070486,572736.2203480909,310.43032561828466,112,3:59:35
7.2%,362500,1449.9999999933596,-3519739.4503447823,571431.9703781891,309.7234055240777,112,3:59:27
7.3%,365000,1459.999999993123,-3519157.411971068,574887.1027903638,311.5961312949636,112,3:59:19
7.3%,367500,1469.9999999928866,-3521000.861476613,573997.9854368635,311.11421836584555,112,3:59:11
7.4%,370000,1479.9999999926501,-3521135.937199736,575261.1737161798,311.7988825008063,112,3:59:04
7.5%,372500,1489.9999999924137,-3516284.77590541,571971.6555735527,310.01592177322686,112,3:58:56
7.5%,375000,1499.9999999921772,-3519384.908048462,574563.194578357,311.4205689188621,112,3:58:48
7.5%,377500,1509.9999999919407,-3517477.1043770146,574571.309190272,311.4249671418652,112,3:58:41
7.6%,380000,1519.9999999917043,-3521100.2219114807,572779.7132452419,310.4538993224525,112,3:58:33
7.7%,382500,1529.9999999914678,-3522352.1821313314,573705.307340665,310.9555831102491,112,3:58:25
7.7%,385000,1539.9999999912313,-3519537.0412160475,574512.2004948941,311.3929294761805,112,3:58:18
7.8%,387500,1549.9999999909949,-3516790.4012434967,575044.2377011061,311.6813004178071,112,3:58:10
7.8%,390000,1559.9999999907584,-3518700.742310064,575140.0656497551,311.73324038640965,112,3:58:02
7.8%,392500,1569.999999990522,-3518173.3861910254,574988.9509382073,311.65133428820104,112,3:57:54
7.9%,395000,1579.9999999902855,-3520219.1532924175,572635.6934334573,310.3758387502739,112,3:57:47
8.0%,397500,1589.999999990049,-3516780.0857799873,571510.3287221463,309.7658767444499,112,3:57:39
8.0%,400000,1599.9999999898125,-3517832.860922236,575464.0187499926,311.9088270925039,112,3:57:31
8.1%,402500,1609.999999989576,-3520629.092626227,572590.9559559682,310.35159046771224,112,3:57:23
8.1%,405000,1619.9999999893396,-3520576.119438622,574889.741269431,311.59756138422085,112,3:57:15
8.2%,407500,1629.9999999891031,-3516823.749474967,573884.1575944162,311.0525222255632,112,3:57:07
8.2%,410000,1639.9999999888666,-3521234.042560544,574139.7534291447,311.19105842317487,112,3:56:59
8.2%,412500,1649.9999999886302,-3520687.5528338794,572099.4420234737,310.0851836565323,112,3:56:52
8.3%,415000,1659.9999999883937,-3515252.5960040726,573637.5441543027,310.91885460022996,112,3:56:44
8.3%,417500,1669.9999999881572,-3519174.498775432,572242.3350006912,310.16263347002456,112,3:56:37
8.4%,420000,1679.9999999879208,-3521440.6475251727,572454.1820546727,310.2774572713005,112,3:56:29
8.4%,422500,1689.9999999876843,-3520475.0472478643,574601.8773202461,311.4415354576173,112,3:56:22
8.5%,425000,1699.9999999874478,-3519030.3276339564,573844.5523535144,311.0310556805945,112,3:56:14
8.6%,427500,1709.9999999872114,-3523234.0949875414,574371.4151693115,311.3166220367168,112,3:56:06
8.6%,430000,1719.999999986975,-3521794.920567017,573467.2422488747,310.82654879857614,112,3:55:58
8.7%,432500,1729.9999999867384,-3519542.3133940585,574544.8491175077,311.41062544543973,112,3:55:50
8.7%,435000,1739.999999986502,-3516604.245877696,572909.4772058037,310.52423304171026,112,3:55:42
8.8%,437500,1749.9999999862655,-3521004.825589558,574265.5029864289,311.25921628473,112,3:55:34
8.8%,440000,1759.999999986029,-3519192.8019976746,575990.240521855,312.1940459946494,112,3:55:27
8.8%,442500,1769.9999999857926,-3518975.606393149,572419.8183750516,310.2588317193007,112,3:55:19
8.9%,445000,1779.999999985556,-3519702.709777463,575411.6785536594,311.88045803950286,112,3:55:11
8.9%,447500,1789.9999999853196,-3520986.2644152977,574067.4342247746,311.1518604933714,112,3:55:03
9.0%,450000,1799.9999999850832,-3516406.222955484,573400.2206661007,310.7902222471467,112,3:54:55
9.1%,452500,1809.9999999848467,-3517255.935712587,572319.5506596561,310.204485340578,112,3:54:48
9.1%,455000,1819.9999999846102,-3520821.9764010925,574279.2904624362,311.2666892723189,112,3:54:40
9.2%,457500,1829.9999999843737,-3517558.4060975816,573783.2534564182,310.9978308976847,112,3:54:33
9.2%,460000,1839.9999999841373,-3520730.100525556,573759.5192531459,310.98496665723974,112,3:54:25
9.2%,462500,1849.9999999839008,-3519982.110678483,574635.5700101941,311.4597973246687,112,3:54:17
9.3%,465000,1859.9999999836643,-3517695.2290026043,570756.8338690122,309.35747293777604,112,3:54:10
9.3%,467500,1869.9999999834279,-3517025.595294757,575124.7633672191,311.72494635439006,112,3:54:02
9.4%,470000,1879.9999999831914,-3518166.768633565,574812.3998693681,311.55564136039084,112,3:53:54
9.4%,472500,1889.999999982955,-3519608.6232422832,574449.52545455,311.3589588061043,112,3:53:46
9.5%,475000,1899.9999999827185,-3520239.3683071863,573591.8180785892,310.89407048484026,112,3:53:38
9.6%,477500,1909.999999982482,-3521466.1705220323,572086.9219967179,310.07839764257955,112,3:53:30
9.6%,480000,1919.9999999822455,-3517497.9596134294,574609.4392480867,311.44563411881325,112,3:53:23
9.7%,482500,1929.999999982009,-3519819.7908773012,573606.6108900218,310.9020883770333,112,3:53:16
9.7%,485000,1939.9999999817726,-3515831.7819880005,574257.5433864528,311.2549020801719,112,3:53:07
9.8%,487500,1949.9999999815361,-3517854.6086681467,573644.5084319233,310.9226293273952,112,3:53:00
9.8%,490000,1959.9999999812997,-3516774.8265603203,573162.3597832727,310.661298619332,112,3:52:52
9.8%,492500,1969.9999999810632,-3518162.3216425013,573296.8749858206,310.73420757225654,112,3:52:44
9.9%,495000,1979.9999999808267,-3518770.331492316,572292.5088664189,310.1898283442476,112,3:52:37
9.9%,497500,1989.9999999805902,-3519035.055577267,575135.4733095325,311.73075127952245,112,3:52:29
10.0%,500000,1999.9999999803538,-3516809.5514854565,573839.4179758849,311.0282727825294,112,3:52:21
10.1%,502500,2009.9999999801173,-3518072.3365077134,573418.4220219154,310.8000876138051,112,3:52:14
10.1%,505000,2019.9999999798808,-3521087.767679982,573545.8930798031,310.86917855061176,112,3:52:07
10.2%,507500,2029.9999999796444,-3519020.299859032,572893.7198827146,310.51569237191563,112,3:51:59
10.2%,510000,2039.999999979408,-3521408.840434877,574321.3777515506,311.28950111902947,112,3:51:51
10.2%,512500,2049.9999999791717,-3521229.290355306,573688.8368040392,310.9466558696343,112,3:51:44
10.3%,515000,2059.999999978935,-3519360.7696333323,574316.8032468081,311.2870216791996,112,3:51:36
10.3%,517500,2069.9999999786987,-3521537.647449568,574193.5638837813,311.22022437490097,112,3:51:28
10.4%,520000,2079.9999999784623,-3517133.178284874,574129.0225560109,311.1852421532712,112,3:51:21
10.4%,522500,2089.999999978226,-3516329.407957971,575561.0821172626,311.961436673733,112,3:51:13
10.5%,525000,2099.9999999779893,-3517951.7400122564,573553.970957862,310.87355686339697,112,3:51:05
10.6%,527500,2109.999999977753,-3515637.713056585,575173.8026798703,311.75152628639637,112,3:50:57
10.6%,530000,2119.9999999775164,-3518103.530979965,572809.047700703,310.4697989709069,112,3:50:50
10.7%,532500,2129.99999997728,-3521897.940738909,574656.6455320001,311.47122052589884,112,3:50:42
10.7%,535000,2139.9999999770434,-3520608.019842075,573124.1438394106,310.6405850910524,112,3:50:34
10.8%,537500,2149.999999976807,-3519929.766694583,574362.6902898778,311.3118930409464,112,3:50:26
10.8%,540000,2159.9999999765705,-3519038.081120398,573220.2145201839,310.6926566235577,112,3:50:19
10.8%,542500,2169.999999976334,-3520750.5672645867,576017.4278882388,312.2087818934793,112,3:50:11
10.9%,545000,2179.9999999760976,-3517232.0684681796,573196.3790589869,310.67973750002795,112,3:50:03
10.9%,547500,2189.999999975861,-3519780.0310616195,575183.2182039961,311.75662962038575,112,3:49:55
11.0%,550000,2199.9999999756246,-3517624.6358493976,575550.2955387842,311.9555902108232,112,3:49:48
11.1%,552500,2209.999999975388,-3513809.4537181314,573649.0894345981,310.92511228918715,112,3:49:40
11.1%,555000,2219.9999999751517,-3518611.7065319587,575167.8129978562,311.748279802462,112,3:49:32
11.2%,557500,2229.999999974915,-3517325.0363052357,573239.7806404785,310.70326170994537,112,3:49:24
11.2%,560000,2239.9999999746788,-3520140.486729281,573283.885853543,310.72716729713653,112,3:49:16
11.2%,562500,2249.9999999744423,-3518616.248282101,574089.4790813702,311.16380908640264,112,3:49:08
11.3%,565000,2259.999999974206,-3520352.0921288934,575384.9787862223,311.8659864255121,112,3:49:01
11.3%,567500,2269.9999999739694,-3519019.967601953,573876.9351352649,311.0486075607202,112,3:48:53
11.4%,570000,2279.999999973733,-3517160.8337357976,575086.1863489775,311.70403711919823,112,3:48:45
11.4%,572500,2289.9999999734964,-3517587.5135332216,575612.5704931761,311.989344029218,112,3:48:38
11.5%,575000,2299.99999997326,-3518233.5827689953,575160.0487647646,311.7440714892435,112,3:48:30
11.6%,577500,2309.9999999730235,-3517728.994328173,576580.4440876053,312.5139438439344,112,3:48:22
11.6%,580000,2319.999999972787,-3519381.9759947974,573269.0164096677,310.7191078691836,112,3:48:14
11.7%,582500,2329.9999999725505,-3514713.1203886103,573389.722227053,310.784531959478,112,3:48:06
11.7%,585000,2339.999999972314,-3516693.4888501875,572619.3606677735,310.3669861832643,112,3:47:58
11.8%,587500,2349.9999999720776,-3522522.572389642,573243.0505636085,310.70503404992655,112,3:47:50
11.8%,590000,2359.999999971841,-3514853.976958493,574173.2584416962,311.20921856668707,112,3:47:43
11.8%,592500,2369.9999999716047,-3517317.895517744,573908.2038111675,311.0655555812876,112,3:47:35
11.9%,595000,2379.999999971368,-3522181.6005811486,574822.2703415919,311.5609912820434,112,3:47:27
11.9%,597500,2389.9999999711317,-3518859.392489644,573889.0013790599,311.055147618529,112,3:47:20
12.0%,600000,2399.9999999708953,-3520660.2855817545,575166.6530764068,311.74765111026403,112,3:47:12
12.1%,602500,2409.999999970659,-3521111.09367704,576473.1426094505,312.45578507621633,112,3:47:04
12.1%,605000,2419.9999999704223,-3519072.4495301507,575720.1666984835,312.0476625428062,112,3:46:57
12.2%,607500,2429.999999970186,-3519862.294741655,574015.9625413029,311.12396218540243,112,3:46:49
12.2%,610000,2439.9999999699494,-3518753.232858127,574377.6440294664,311.3199981582496,112,3:46:42
12.2%,612500,2449.999999969713,-3520394.3116778433,574636.36786539,311.4602297723461,112,3:46:34
12.3%,615000,2459.9999999694764,-3519140.8568747677,574177.3823324973,311.2114537680219,112,3:46:26
12.3%,617500,2469.99999996924,-3517472.094244808,573314.82231445,310.7439352529453,112,3:46:19
12.4%,620000,2479.9999999690035,-3520167.027059894,573563.7269786604,310.87884475091937,112,3:46:11
12.4%,622500,2489.999999968767,-3519848.852302663,575194.121836221,311.7625395279169,112,3:46:03
12.5%,625000,2499.9999999685306,-3518094.8967920076,575625.4986280084,311.99635124294576,112,3:45:55
12.6%,627500,2509.999999968294,-3518293.5511465874,575268.0400371621,311.8026041342261,112,3:45:47
12.6%,630000,2519.9999999680576,-3520595.948312858,574413.20194,311.33927099861324,112,3:45:39
12.7%,632500,2529.999999967821,-3519628.530652065,573359.507398282,310.7681551374775,112,3:45:31
12.7%,635000,2539.9999999675847,-3519105.5915924218,573334.423370811,310.75455927512587,112,3:45:23
12.8%,637500,2549.9999999673482,-3518713.4158472884,573855.6709850489,311.0370821204896,112,3:45:15
12.8%,640000,2559.9999999671118,-3524029.972684739,574148.6083419706,311.19585789869984,112,3:45:08
12.8%,642500,2569.9999999668753,-3517759.6330233794,575095.8633902615,311.709282198818,112,3:45:00
12.9%,645000,2579.999999966639,-3519464.1233431585,573552.0275629429,310.8725035186004,112,3:44:52
12.9%,647500,2589.9999999664024,-3518522.5364147276,573029.5996432607,310.5893409326538,112,3:44:45
13.0%,650000,2599.999999966166,-3517448.46973766,575848.7179170952,312.11733894048194,112,3:44:37
13.1%,652500,2609.9999999659294,-3517512.2889501713,574386.0272229515,311.32454195588423,112,3:44:29
13.1%,655000,2619.999999965693,-3519156.4888166375,575305.3195630019,311.8228101120116,112,3:44:22
13.2%,657500,2629.9999999654565,-3520362.514645977,573572.5727941315,310.8836392955622,112,3:44:14
13.2%,660000,2639.99999996522,-3517392.817718612,576757.960040917,312.6101597514171,112,3:44:06
13.2%,662500,2649.9999999649835,-3522449.284585962,572883.3524189729,310.51007307453085,112,3:43:58
13.3%,665000,2659.999999964747,-3519340.4552272223,575673.9198523939,312.0225961632403,112,3:43:51
13.3%,667500,2669.9999999645106,-3517801.672758341,573154.5894064358,310.6570869761253,112,3:43:43
13.4%,670000,2679.999999964274,-3519907.038292749,573579.4019915359,310.88734080752994,112,3:43:35
13.4%,672500,2689.9999999640377,-3521835.1231415626,574919.9385036784,311.6139286697655,112,3:43:27
13.5%,675000,2699.999999963801,-3522506.7852984946,573530.0074010551,310.86056831041526,112,3:43:19
13.6%,677500,2709.9999999635647,-3519501.3322522324,573076.5337038568,310.6147797912344,112,3:43:12
13.6%,680000,2719.9999999633283,-3519531.227428913,573412.952490525,310.7971230581332,112,3:43:04
13.7%,682500,2729.999999963092,-3518817.163981093,575339.5882557041,311.84138417989163,112,3:42:56
13.7%,685000,2739.9999999628553,-3521399.803533299,573491.6310236678,310.8397678251218,112,3:42:48
13.8%,687500,2749.999999962619,-3520817.8455062993,572228.3740555891,310.1550664599769,112,3:42:40
13.8%,690000,2759.9999999623824,-3523077.351676915,572586.8238264549,310.34935080089053,112,3:42:33
13.8%,692500,2769.999999962146,-3521242.622071285,573960.5960803083,311.09395285841345,112,3:42:25
13.9%,695000,2779.9999999619095,-3517795.640095249,573419.9964708914,310.80094098520175,112,3:42:17
13.9%,697500,2789.999999961673,-3519064.79428258,571806.6061386012,309.92646287746504,112,3:42:09
14.0%,700000,2799.9999999614365,-3520003.662155386,575748.4798874669,312.0630086518231,112,3:42:02
14.1%,702500,2809.9999999612,-3524305.6692820396,574304.8904550498,311.28056479434895,112,3:41:54
14.1%,705000,2819.9999999609636,-3522435.313139906,572033.6623665626,310.04953024473735,112,3:41:46
14.2%,707500,2829.999999960727,-3520323.9748395868,575151.7620128152,311.73957996414947,112,3:41:38
14.2%,710000,2839.9999999604906,-3519826.6877238564,575034.326566538,311.67592845664603,112,3:41:30
14.2%,712500,2849.999999960254,-3518825.904971659,575607.7553420844,311.98673415600206,112,3:41:22
14.3%,715000,2859.9999999600177,-3520003.203713918,573425.0389447314,310.8036740702423,112,3:41:15
14.3%,717500,2869.9999999597812,-3519099.364724612,573042.3253118227,310.59623840708457,112,3:41:07
14.4%,720000,2879.9999999595448,-3521174.660250228,573231.4591301886,310.6987513453881,112,3:40:59
14.4%,722500,2889.9999999593083,-3521828.606735632,575762.9123030046,312.07083120485134,112,3:40:52
14.5%,725000,2899.999999959072,-3517178.2147972286,573510.9998000794,310.8502659486116,112,3:40:44
14.6%,727500,2909.9999999588354,-3520277.8167628367,573107.5126927695,310.6315707977638,112,3:40:36
14.6%,730000,2919.999999958599,-3520769.841637023,573184.3793616998,310.67323351127396,112,3:40:28
14.7%,732500,2929.9999999583624,-3517533.0510106925,574212.782930749,311.2306413431253,112,3:40:20
14.7%,735000,2939.999999958126,-3518591.5061213877,571913.0313903628,309.9841467193186,112,3:40:13
14.8%,737500,2949.9999999578895,-3518243.4822595045,575697.2278179638,312.0352293774221,112,3:40:05
14.8%,740000,2959.999999957653,-3517394.0952365343,574699.1228392632,311.49424376741314,112,3:39:57
14.8%,742500,2969.9999999574165,-3517961.062734967,573578.5854253821,310.88689821827506,112,3:39:49
14.9%,745000,2979.99999995718,-3519530.6685697194,573943.7851692609,311.08484113052725,112,3:39:41
14.9%,747500,2989.9999999569436,-3522855.0580489077,573027.312773668,310.5881014202097,112,3:39:34
15.0%,750000,2999.999999956707,-3521230.1994670313,574084.0205207705,311.16085047703905,112,3:39:26
15.1%,752500,3009.9999999564707,-3518781.060285434,574508.7408279929,311.3910542926588,112,3:39:18
15.1%,755000,3019.999999956234,-3521108.0030137803,575233.8822512473,311.78409017923735,112,3:39:11
15.2%,757500,3029.9999999559977,-3517512.708817428,573450.9218957061,310.81770295930784,112,3:39:03
15.2%,760000,3039.9999999557613,-3522717.4577098377,573657.4638114227,310.92965130807954,112,3:38:55
15.2%,762500,3049.999999955525,-3520424.2362702377,574361.9662025513,311.31150057639366,112,3:38:47
15.3%,765000,3059.9999999552883,-3522333.9306989927,575144.1553013457,311.73545702965635,112,3:38:40
15.3%,767500,3069.999999955052,-3518811.240717495,573819.5548767822,311.0175067298456,112,3:38:32
15.4%,770000,3079.9999999548154,-3519738.9279269595,572360.3577518702,310.2266033042644,112,3:38:24
15.4%,772500,3089.999999954579,-3521479.577296339,572708.8127574739,310.4154703551158,112,3:38:16
15.5%,775000,3099.9999999543425,-3519566.2879728694,572998.8210904344,310.5726585650359,112,3:38:09
15.6%,777500,3109.999999954106,-3518166.87902952,573552.9917670895,310.8730261295276,112,3:38:01
15.6%,780000,3119.9999999538695,-3520388.096139066,572822.6994072224,310.4771983697043,112,3:37:54
15.7%,782500,3129.999999953633,-3520576.0089595243,573916.5931885506,311.0701027306736,112,3:37:47
15.7%,785000,3139.9999999533966,-3518917.87076197,574098.2844595326,311.1685817135092,112,3:37:39
15.8%,787500,3149.99999995316,-3517143.106136514,573370.0500549364,310.7738693916521,112,3:37:31
15.8%,790000,3159.9999999529236,-3519391.002080772,573833.4453047265,311.0250355186955,112,3:37:23
15.8%,792500,3169.999999952687,-3519014.0155780017,574343.9575377933,311.3017396507421,112,3:37:15
15.9%,795000,3179.9999999524507,-3518030.684241414,570560.1665259055,309.25087673311833,112,3:37:07
15.9%,797500,3189.9999999522142,-3518960.0054956246,574899.6419136222,311.602927659464,112,3:37:00
16.0%,800000,3199.9999999519778,-3517955.3986485526,574433.7037433041,311.35038323710864,112,3:36:52
16.1%,802500,3209.9999999517413,-3520353.055067485,575140.5828840416,311.73352073398024,112,3:36:44
16.1%,805000,3219.999999951505,-3519924.9396257475,573672.0487657113,310.9375565390534,112,3:36:37
16.1%,807500,3229.9999999512684,-3521141.757853819,574399.4453773932,311.33181476648105,112,3:36:29
16.2%,810000,3239.999999951032,-3519677.3313713763,574815.7692206588,311.5574675917014,112,3:36:21
16.2%,812500,3249.9999999507954,-3518353.2437779196,572302.7450333389,310.1953764770829,112,3:36:13
16.3%,815000,3259.999999950559,-3519952.811656814,575331.0187626842,311.83673940553643,112,3:36:05
16.4%,817500,3269.9999999503225,-3518761.5796707757,574135.3432560322,311.18866805318123,112,3:35:57
16.4%,820000,3279.999999950086,-3521069.3000301085,573989.0928238009,311.109398456312,112,3:35:50
16.4%,822500,3289.9999999498496,-3519585.7437898647,573724.9009323067,310.9662030864568,112,3:35:42
16.5%,825000,3299.999999949613,-3518033.6235301755,573189.244967835,310.67587073176605,112,3:35:34
16.6%,827500,3309.9999999493766,-3519880.9260040876,573423.8334848622,310.8030206956409,112,3:35:26
16.6%,830000,3319.99999994914,-3521055.4975134097,577005.5113990683,312.7443357402718,112,3:35:18
16.6%,832500,3329.9999999489037,-3517987.5509904698,575240.2431115052,311.78753784650706,112,3:35:10
16.7%,835000,3339.999999948667,-3522043.5507627577,574731.4529108574,311.51176707796293,112,3:35:03
16.8%,837500,3349.9999999484307,-3517589.86213167,573415.2188131053,310.79835143383485,112,3:34:55
16.8%,840000,3359.9999999481943,-3521258.0225769617,576064.3726291308,312.2342265409163,112,3:34:47
16.9%,842500,3369.999999947958,-3519958.0988524985,572840.1204151273,310.4866407778572,112,3:34:39
16.9%,845000,3379.9999999477213,-3520809.774165772,572169.4972719796,310.12315449342424,112,3:34:31
16.9%,847500,3389.999999947485,-3516632.0416940656,573812.2690999528,311.0135577460146,112,3:34:24
17.0%,850000,3399.9999999472484,-3520269.206858078,573066.6852820644,310.60944182119647,112,3:34:16
17.1%,852500,3409.999999947012,-3518618.943368146,572613.0331498501,310.36355658796447,112,3:34:08
17.1%,855000,3419.9999999467755,-3517599.143877169,576886.7375023711,312.6799587755947,112,3:34:00
17.1%,857500,3429.999999946539,-3519651.5053895917,574054.774971081,311.14499901664516,112,3:33:52
17.2%,860000,3439.9999999463025,-3520644.971481245,571790.9277568391,309.917964994875,112,3:33:45
17.2%,862500,3449.999999946066,-3519835.40025422,575645.2011411509,312.00703025599404,112,3:33:37
17.3%,865000,3459.9999999458296,-3521966.763587177,571947.6870482757,310.0029305272711,112,3:33:29
17.4%,867500,3469.999999945593,-3519753.47593558,572285.3959719664,310.1859730648668,112,3:33:21
17.4%,870000,3479.9999999453566,-3521321.4332232084,574207.801524866,311.22794135769504,112,3:33:14
17.4%,872500,3489.99999994512,-3518718.300249856,572750.5117765259,310.43807175450763,112,3:33:06
17.5%,875000,3499.9999999448837,-3515606.910572825,573005.4827724351,310.5762692815214,112,3:32:58
17.6%,877500,3509.9999999446472,-3522915.242758831,575568.2798353978,311.9653379286301,112,3:32:50
17.6%,880000,3519.999999944411,-3519844.686411312,572780.6367378831,310.45439986722533,112,3:32:43
17.6%,882500,3529.9999999441743,-3520507.492235113,574757.3181919295,311.52578638971613,112,3:32:35
17.7%,885000,3539.999999943938,-3521821.407578245,574622.2807666799,311.4525943854364,112,3:32:27
17.8%,887500,3549.9999999437014,-3518806.257590484,574316.6417123767,311.28693412548046,112,3:32:19
17.8%,890000,3559.999999943465,-3520869.7974604797,573982.4681309653,311.1058077884251,112,3:32:12
17.9%,892500,3569.9999999432284,-3520698.067636773,574753.5911273439,311.523766273244,112,3:32:04
17.9%,895000,3579.999999942992,-3520421.491834156,574242.1951447388,311.2465831376925,112,3:31:56
17.9%,897500,3589.9999999427555,-3516748.983589163,571674.053770497,309.85461780580704,112,3:31:48
18.0%,900000,3599.999999942519,-3519446.757677879,574507.0918644373,311.390160533411,112,3:31:40
18.1%,902500,3609.9999999422826,-3521378.9931856077,574156.4537293159,311.2001101985574,112,3:31:33
18.1%,905000,3619.999999942046,-3517879.984095417,574236.3874152855,311.2434352743634,112,3:31:25
18.1%,907500,3629.9999999418096,-3519701.9073203355,574883.5128505244,311.5941855018503,112,3:31:17
18.2%,910000,3639.999999941573,-3522375.727282403,572674.0641900068,310.3966361890017,112,3:31:10
18.2%,912500,3649.9999999413367,-3521199.545429699,574832.5603296065,311.56656858659744,112,3:31:02
18.3%,915000,3659.9999999411,-3520952.6594873834,575628.3876538151,311.9979171317267,112,3:30:54
18.4%,917500,3669.9999999408637,-3519572.6687758807,573777.8834010256,310.99492025927054,112,3:30:46
18.4%,920000,3679.9999999406273,-3520368.3919615243,575399.9267825183,311.87408842987753,112,3:30:38
18.4%,922500,3689.999999940391,-3521978.0192374475,572310.9537961568,310.1998257310744,112,3:30:31
18.5%,925000,3699.9999999401543,-3517841.1776612774,573518.1675216277,310.85415094497665,112,3:30:23
18.6%,927500,3709.999999939918,-3522007.8698688094,575229.7054120346,311.7818262791892,112,3:30:15
18.6%,930000,3719.9999999396814,-3521881.9230440445,571276.1898529128,309.6389704954058,112,3:30:07
18.6%,932500,3729.999999939445,-3515982.4311415385,573290.7805511516,310.7309043110492,112,3:29:59
18.7%,935000,3739.9999999392085,-3518844.7736267913,572800.6755385314,310.4652611523846,112,3:29:52
18.8%,937500,3749.999999938972,-3519759.479557907,573774.3263921562,310.99299231516244,112,3:29:44
18.8%,940000,3759.9999999387355,-3521099.5609791577,572231.42144057,310.15671818144716,112,3:29:36
18.9%,942500,3769.999999938499,-3521583.9509866126,572570.1948702398,310.34033769484074,112,3:29:29
18.9%,945000,3779.9999999382626,-3521375.499884462,572944.2020700863,310.5430543603964,112,3:29:21
18.9%,947500,3789.999999938026,-3522270.554203972,575783.6023085902,312.08204545138017,112,3:29:13
19.0%,950000,3799.9999999377897,-3521212.170746682,575650.517074361,312.009911559496,112,3:29:06
19.1%,952500,3809.999999937553,-3519827.766974792,575124.2593176146,311.724673153085,112,3:28:58
19.1%,955000,3819.9999999373167,-3519930.939332025,573317.305418546,310.7452811269893,112,3:28:50
19.1%,957500,3829.9999999370802,-3515489.979550319,572929.3447924361,310.5350015266924,112,3:28:42
19.2%,960000,3839.999999936844,-3521453.8556629643,573554.6627503097,310.8739318237141,112,3:28:35
19.2%,962500,3849.9999999366073,-3524139.4033108056,571636.995748402,309.83453188587214,112,3:28:27
19.3%,965000,3859.999999936371,-3517282.3363079987,573352.6111792852,310.7644172989531,112,3:28:19
19.4%,967500,3869.9999999361344,-3517629.2362984605,573518.8441555128,310.8545176891597,112,3:28:11
19.4%,970000,3879.999999935898,-3517960.1588643305,573162.3660971455,310.6613020415314,112,3:28:03
19.4%,972500,3889.9999999356614,-3520679.8718423247,572445.4270089819,310.27271192503446,112,3:27:56
19.5%,975000,3899.999999935425,-3519692.8666758444,574719.8310961362,311.50546790637225,112,3:27:48
19.6%,977500,3909.9999999351885,-3522477.1535195857,573769.8578144182,310.990570289118,112,3:27:40
19.6%,980000,3919.999999934952,-3518622.505950203,572452.6968592799,310.27665227648254,112,3:27:33
19.6%,982500,3929.9999999347156,-3519379.4198976196,571865.9982029513,309.9586541327416,112,3:27:25
19.7%,985000,3939.999999934479,-3518807.088377122,572658.9094007858,310.3884221002373,112,3:27:17
19.8%,987500,3949.9999999342426,-3518958.3274344746,572928.5078836271,310.5345479114593,112,3:27:09
19.8%,990000,3959.999999934006,-3518543.0252662413,573998.6955422999,311.1146032520357,112,3:27:01
19.9%,992500,3969.9999999337697,-3520763.8652751446,575243.4166029571,311.78925791929055,112,3:26:54
19.9%,995000,3979.999999933533,-3520386.648324199,576607.0441184016,312.52836139939564,112,3:26:46
19.9%,997500,3989.9999999332967,-3519720.778103972,574870.8553628601,311.58732498233445,112,3:26:38
20.0%,1000000,3999.9999999330603,-3522338.325579338,572411.4712237807,310.2543074570051,112,3:26:30
20.1%,1002500,4009.999999932824,-3522034.188724555,573136.8270982811,310.6474595788902,112,3:26:23
20.1%,1005000,4019.9999999325873,-3517216.6082309615,573173.8119783256,310.66750585490223,112,3:26:15
20.1%,1007500,4029.999999932351,-3518740.292032007,573983.4158182058,311.10632144697894,112,3:26:08
20.2%,1010000,4039.9999999321144,-3518964.6449741386,575162.8048554356,311.7455653254879,112,3:26:00
20.2%,1012500,4049.999999931878,-3518920.0801684074,573784.6689199968,310.9985980969713,112,3:25:53
20.3%,1015000,4059.9999999316415,-3515837.709428467,573602.5750771689,310.8999009150682,112,3:25:46
20.4%,1017500,4069.999999931405,-3518088.9466928374,573611.5965859629,310.9047906877297,112,3:25:38
20.4%,1020000,4079.9999999311685,-3520026.5202154145,573843.1658755707,311.0303041918913,112,3:25:31
20.4%,1022500,4089.999999930932,-3516922.5488187727,575082.0679041897,311.701804869672,112,3:25:23
20.5%,1025000,4099.999999930696,-3519508.641259687,573753.003052996,310.98143479377023,112,3:25:15
20.6%,1027500,4109.999999930459,-3523574.2808300573,574620.3370427379,311.4515408623051,112,3:25:07
20.6%,1030000,4119.999999930223,-3519634.6967490204,573873.0578640215,311.0465060303266,112,3:24:59
20.6%,1032500,4129.999999929986,-3518612.2925651763,574208.6610144745,311.228407212009,112,3:24:52
20.7%,1035000,4139.99999992975,-3519508.189397268,574226.0300866456,311.23782147033285,112,3:24:44
20.8%,1037500,4149.999999929513,-3520356.8715848327,573629.2340335965,310.9143504089721,112,3:24:36
20.8%,1040000,4159.999999929277,-3517719.6572691165,573849.2234863604,311.0335874940871,112,3:24:28
20.9%,1042500,4169.99999992904,-3519170.0886729136,572697.7319348629,310.4094644081387,112,3:24:21
20.9%,1045000,4179.999999928804,-3517397.055064028,573634.5553600115,310.9172346356598,112,3:24:13
20.9%,1047500,4189.999999928567,-3519563.876734242,573518.9052587822,310.85455080790996,112,3:24:05
21.0%,1050000,4199.999999928331,-3518759.3918280527,574542.4225009126,311.4093101883405,112,3:23:57
21.1%,1052500,4209.999999928094,-3519840.1420885082,572541.1412640745,310.32459027028153,112,3:23:50
21.1%,1055000,4219.999999927858,-3520326.2207417227,573816.945869458,311.01609261464836,112,3:23:42
21.1%,1057500,4229.9999999276215,-3519066.8551084492,572844.6675422245,310.4891053786547,112,3:23:34
21.2%,1060000,4239.999999927385,-3518825.6881457046,575001.0482671245,311.6578911945419,112,3:23:26
21.2%,1062500,4249.999999927149,-3518260.1058939956,573077.9952095447,310.6155719459305,112,3:23:19
21.3%,1065000,4259.999999926912,-3519520.92160742,572745.0232963839,310.43509692837114,112,3:23:11
21.4%,1067500,4269.999999926676,-3521222.597946752,575913.8723934,312.1526534964262,112,3:23:03
21.4%,1070000,4279.999999926439,-3517074.462117696,575506.6211750254,311.9319181494428,112,3:22:56
21.4%,1072500,4289.999999926203,-3517345.226752756,574038.5102384754,311.13618332443036,112,3:22:48
21.5%,1075000,4299.999999925966,-3518189.3567797747,573249.0917409586,310.70830844498886,112,3:22:40
21.6%,1077500,4309.99999992573,-3520305.827690661,574237.3905977922,311.2439790120583,112,3:22:32
21.6%,1080000,4319.999999925493,-3519770.855079856,571528.0353580473,309.7754739666144,112,3:22:24
21.6%,1082500,4329.999999925257,-3517960.2387062777,572539.6149144573,310.3237629693499,112,3:22:17
21.7%,1085000,4339.99999992502,-3522128.982457081,574187.7808454088,311.2170898944521,112,3:22:09
21.8%,1087500,4349.999999924784,-3520228.9472907,575922.636261937,312.1574036247871,112,3:22:01
21.8%,1090000,4359.999999924547,-3518267.4065465033,574148.1400475501,311.1956040771599,112,3:21:53
21.9%,1092500,4369.999999924311,-3523423.2001206987,576799.5589807552,312.63270690660045,112,3:21:46
21.9%,1095000,4379.9999999240745,-3522407.640342526,575754.9836948146,312.0665337982361,112,3:21:38
21.9%,1097500,4389.999999923838,-3519363.720523553,574800.679992767,311.54928903801243,112,3:21:30
22.0%,1100000,4399.9999999236015,-3517843.472400207,572481.0551472972,310.29202282975024,112,3:21:23
22.1%,1102500,4409.999999923365,-3516211.306706123,574576.8253152107,311.4279569518336,112,3:21:15
22.1%,1105000,4419.999999923129,-3520434.485423118,573616.0178070475,310.90718704586476,112,3:21:07
22.1%,1107500,4429.999999922892,-3519222.324979728,574970.3828192186,311.64127013123135,112,3:20:59
22.2%,1110000,4439.999999922656,-3519484.994587647,576003.9505855785,312.2014770237946,112,3:20:51
22.2%,1112500,4449.999999922419,-3515766.060024835,574357.1110543006,311.30886902420815,112,3:20:44
22.3%,1115000,4459.999999922183,-3516273.884057274,576777.7211967866,312.6208705495703,112,3:20:36
22.4%,1117500,4469.999999921946,-3521266.678738866,574951.9081673336,311.6312566346223,112,3:20:28
22.4%,1120000,4479.99999992171,-3518144.8407403026,574684.7373067455,311.4864466255789,112,3:20:20
22.4%,1122500,4489.999999921473,-3517206.4639199264,574608.0177066445,311.44486362524725,112,3:20:13
22.5%,1125000,4499.999999921237,-3516735.8307818994,574960.2829910787,311.63579589575124,112,3:20:05
22.6%,1127500,4509.999999921,-3518356.422957156,573739.0885086337,310.9738929335145,112,3:19:57
22.6%,1130000,4519.999999920764,-3518544.289344147,574492.6080708099,311.3823101328038,112,3:19:49
22.6%,1132500,4529.999999920527,-3521723.5328008663,575097.531520634,311.7101863467246,112,3:19:42
22.7%,1135000,4539.999999920291,-3518952.0372590087,573884.623339599,311.0527746653839,112,3:19:34
22.8%,1137500,4549.9999999200545,-3520827.169156369,574742.5854320554,311.5178010462325,112,3:19:26
22.8%,1140000,4559.999999919818,-3518122.9661103263,575770.8369208848,312.07512644866785,112,3:19:18
22.9%,1142500,4569.999999919582,-3521268.8821630776,571785.6677106505,309.91511398285047,112,3:19:11
22.9%,1145000,4579.999999919345,-3519673.8742464967,573553.9408765379,310.8735405589362,112,3:19:03
22.9%,1147500,4589.999999919109,-3521905.431852307,574297.9108087099,311.27678173714213,112,3:18:55
23.0%,1150000,4599.999999918872,-3519037.2748828568,575372.8439951017,311.8594092141799,112,3:18:48
23.1%,1152500,4609.999999918636,-3521987.209567655,574299.9174168343,311.27786934430105,112,3:18:40
23.1%,1155000,4619.999999918399,-3520061.829262467,574091.6835862844,311.1650039561421,112,3:18:32
23.1%,1157500,4629.999999918163,-3519095.0755441505,575250.6724716806,311.79319069254717,112,3:18:24
23.2%,1160000,4639.999999917926,-3519846.0132542048,573919.3655843416,311.07160540450076,112,3:18:17
23.2%,1162500,4649.99999991769,-3518922.9235686082,573105.9028387634,310.63069823638995,112,3:18:09
23.3%,1165000,4659.999999917453,-3520967.0701654963,571103.618989616,309.54543488969034,112,3:18:01
23.4%,1167500,4669.999999917217,-3519949.3108046968,573799.2470742329,311.00649964223004,112,3:17:53
23.4%,1170000,4679.99999991698,-3518774.027070442,572550.1739325094,310.3294860916105,112,3:17:45
23.4%,1172500,4689.999999916744,-3520804.7888690345,573499.6824844634,310.844131819414,112,3:17:38
23.5%,1175000,4699.9999999165075,-3520358.8825823124,575876.4970278468,312.13239557229537,112,3:17:30
23.6%,1177500,4709.999999916271,-3519925.561085755,575183.0808169865,311.7565551548768,112,3:17:22
23.6%,1180000,4719.9999999160345,-3519852.0272143073,575446.922039472,311.89956045766337,112,3:17:15
23.6%,1182500,4729.999999915798,-3515161.151663862,573439.9638630892,310.81176356607136,112,3:17:07
23.7%,1185000,4739.999999915562,-3520644.2595831156,572561.8095509186,310.3357927449759,112,3:16:59
23.8%,1187500,4749.999999915325,-3521280.9858374037,573976.7767723373,311.1027229995654,112,3:16:51
23.8%,1190000,4759.999999915089,-3520620.0543317795,576768.0177516576,312.6156111587303,112,3:16:44
23.9%,1192500,4769.999999914852,-3520186.6963382363,573947.9259423679,311.0870854822868,112,3:16:36
23.9%,1195000,4779.999999914616,-3517441.9445741344,573484.9226434806,310.8361317976245,112,3:16:28
23.9%,1197500,4789.999999914379,-3519409.4556972887,575116.0963138961,311.7202487011082,112,3:16:20
24.0%,1200000,4799.999999914143,-3523612.448798718,573659.5983652864,310.93080826345863,112,3:16:13
24.1%,1202500,4809.999999913906,-3520488.517468622,574572.7567733175,311.4257517503118,112,3:16:05
24.1%,1205000,4819.99999991367,-3520938.5517308153,572926.4306057402,310.533422000389,112,3:15:57
24.1%,1207500,4829.999999913433,-3519892.8132820334,572463.030100777,310.2822530249749,112,3:15:49
24.2%,1210000,4839.999999913197,-3515012.5153663903,574314.9723597465,311.28602931509454,112,3:15:41
24.2%,1212500,4849.99999991296,-3521055.1976771485,576288.5193729348,312.35571693072103,112,3:15:34
24.3%,1215000,4859.999999912724,-3516856.7581083644,574268.2653045319,311.2607134963218,112,3:15:26
24.4%,1217500,4869.9999999124875,-3518440.4438932873,575091.7773564637,311.7070675164611,112,3:15:18
24.4%,1220000,4879.999999912251,-3519361.0228898805,573470.0998708744,310.82809766609375,112,3:15:11
24.4%,1222500,4889.999999912015,-3519505.69899578,572749.2883253682,310.4374086283987,112,3:15:03
24.5%,1225000,4899.999999911778,-3522350.7540129125,574009.5124153588,311.120466134994,112,3:14:55
24.6%,1227500,4909.999999911542,-3517361.3894330375,574296.3197306638,311.27591935257766,112,3:14:48
24.6%,1230000,4919.999999911305,-3519334.7450138293,573163.1108006248,310.66170568030157,112,3:14:40
24.6%,1232500,4929.999999911069,-3520391.6058794484,573831.8012332404,311.02414441101166,112,3:14:32
24.7%,1235000,4939.999999910832,-3519970.0331380684,574756.6288352162,311.52541274959805,112,3:14:24
24.8%,1237500,4949.999999910596,-3522183.0088087358,574367.7994540338,311.3146622729877,112,3:14:17
24.8%,1240000,4959.999999910359,-3520798.6911747325,574060.3713714345,311.1480323369108,112,3:14:09
24.9%,1242500,4969.999999910123,-3516734.9556152076,571457.5173839151,309.7372523265399,112,3:14:01
24.9%,1245000,4979.999999909886,-3519001.624655705,573168.1140928231,310.6644175283934,112,3:13:53
24.9%,1247500,4989.99999990965,-3521536.7964675687,574275.4355558255,311.264599863841,112,3:13:46
25.0%,1250000,4999.999999909413,-3518741.6923967022,574775.0251017998,311.5353837603755,112,3:13:38
25.1%,1252500,5009.999999909177,-3517976.523682408,572405.1086181148,310.2508588437021,112,3:13:31
25.1%,1255000,5019.9999999089405,-3518443.462031575,574665.3996627019,311.47596537622906,112,3:13:23
25.1%,1257500,5029.999999908704,-3519258.556302637,573617.9586572635,310.9082390114,112,3:13:15
25.2%,1260000,5039.9999999084675,-3522410.812379848,572727.5380896425,310.42561972363114,112,3:13:08
25.2%,1262500,5049.999999908231,-3520378.2462637834,574864.9503004644,311.58412436331093,112,3:13:00
25.3%,1265000,5059.999999907995,-3522699.73454717,573783.7524626007,310.9981013653909,112,3:12:52
25.4%,1267500,5069.999999907758,-3517570.706652615,573660.9678795026,310.9315505576056,112,3:12:44
25.4%,1270000,5079.999999907522,-3518287.0349855497,574244.3744436469,311.24776434545555,112,3:12:37
25.4%,1272500,5089.999999907285,-3519837.697223464,574366.4187531167,311.3139139155064,112,3:12:29
25.5%,1275000,5099.999999907049,-3518489.085313212,574651.1174008491,311.4682242084104,112,3:12:21
25.6%,1277500,5109.999999906812,-3518754.1510311626,575978.3307036599,312.187590721508,112,3:12:13
25.6%,1280000,5119.999999906576,-3517884.2540091593,574869.1836965402,311.5864189178992,112,3:12:06
25.6%,1282500,5129.999999906339,-3520185.7764746305,573593.8175140372,310.8951542043173,112,3:11:58
25.7%,1285000,5139.999999906103,-3521021.700423451,574698.3690795128,311.49383522002876,112,3:11:50
25.8%,1287500,5149.999999905866,-3523667.983669685,575028.6936731411,311.6728753566861,112,3:11:42
25.8%,1290000,5159.99999990563,-3520320.8453493547,574279.6622192254,311.2668907692332,112,3:11:34
25.9%,1292500,5169.999999905393,-3521985.108143311,571957.4320664455,310.0082124512286,112,3:11:27
25.9%,1295000,5179.999999905157,-3519176.3853682186,573854.268588348,311.0363220036172,112,3:11:19
25.9%,1297500,5189.9999999049205,-3521206.0708766393,574254.8451630959,311.25343960874875,112,3:11:11
26.0%,1300000,5199.999999904684,-3521819.822837904,572778.8660729812,310.4534401442978,112,3:11:03
26.1%,1302500,5209.999999904448,-3522180.632945949,574849.3057131412,311.5756447977372,112,3:10:56
26.1%,1305000,5219.999999904211,-3520210.3734015077,573748.4483012399,310.9789660603105,112,3:10:48
26.1%,1307500,5229.999999903975,-3519357.161117645,573959.5227706984,311.09337111093555,112,3:10:40
26.2%,1310000,5239.999999903738,-3519818.7014946137,572117.5027397843,310.0949727947883,112,3:10:32
26.2%,1312500,5249.999999903502,-3519942.4215998463,572377.7662118806,310.2360389112988,112,3:10:25
26.3%,1315000,5259.999999903265,-3521340.383191401,573807.3911729117,311.01091384743467,112,3:10:17
26.4%,1317500,5269.999999903029,-3515589.4361857157,573922.6113463715,311.073364648858,112,3:10:09
26.4%,1320000,5279.999999902792,-3520470.9957746156,573069.4857097191,310.6109596886508,112,3:10:01
26.4%,1322500,5289.999999902556,-3519368.694987133,573085.512659356,310.61964649946816,112,3:09:54
26.5%,1325000,5299.999999902319,-3519007.07163186,574564.8484026218,311.4214653126762,112,3:09:46
26.6%,1327500,5309.999999902083,-3516785.115764931,573702.2436886786,310.9539225718548,112,3:09:38
26.6%,1330000,5319.999999901846,-3520484.5427801497,574201.2785610198,311.224405828216,112,3:09:30
26.6%,1332500,5329.99999990161,-3517084.0699879415,572968.0724216211,310.55599239493364,112,3:09:22
26.7%,1335000,5339.9999999013735,-3519202.3170945905,575278.8778974692,311.80847839254017,112,3:09:15
26.8%,1337500,5349.999999901137,-3519546.7729443833,573440.1428611608,310.81186058530585,112,3:09:07
26.8%,1340000,5359.999999900901,-3520965.833460368,575624.3415624516,311.99572409867795,112,3:08:59
26.9%,1342500,5369.999999900664,-3519817.4890292827,575084.9929624053,311.7033902884775,112,3:08:51
26.9%,1345000,5379.999999900428,-3518965.349185819,574628.9579385037,311.45621349760324,112,3:08:44
26.9%,1347500,5389.999999900191,-3520292.6107625216,575459.1338956042,311.9061794392134,112,3:08:36
27.0%,1350000,5399.999999899955,-3519845.5161270183,572702.852068958,310.4122395860267,112,3:08:28
27.1%,1352500,5409.999999899718,-3518064.4662381317,573929.8982725295,311.07731425563964,112,3:08:20
27.1%,1355000,5419.999999899482,-3519438.8338002153,571490.585181988,309.7551754942365,112,3:08:13
27.1%,1357500,5429.999999899245,-3521655.3343026377,575601.3293130426,311.98325116642144,112,3:08:05
27.2%,1360000,5439.999999899009,-3522274.881338697,574370.1886025675,311.3159572219204,112,3:07:57
27.2%,1362500,5449.999999898772,-3518185.5856077224,572133.7108624065,310.10375780367116,112,3:07:50
27.3%,1365000,5459.999999898536,-3517844.755074464,573644.6373378888,310.92269919607025,112,3:07:42
27.4%,1367500,5469.999999898299,-3519179.5749358926,572872.0697582884,310.5039577287474,112,3:07:34
27.4%,1370000,5479.999999898063,-3521336.1662862897,574770.8418859787,311.53311640412437,112,3:07:26
27.4%,1372500,5489.9999998978265,-3521087.3641213775,573013.6985813592,310.5807223545923,112,3:07:19
27.5%,1375000,5499.99999989759,-3519425.9557904024,572258.9316436127,310.17162906185763,112,3:07:11
27.6%,1377500,5509.9999998973535,-3516999.9478924144,572235.8906094313,310.1591405278879,112,3:07:03
27.6%,1380000,5519.999999897117,-3520332.206494529,573345.3057584947,310.7604576678451,112,3:06:55
27.6%,1382500,5529.999999896881,-3518472.432017369,573554.6944354413,310.87394899745897,112,3:06:48
27.7%,1385000,5539.999999896644,-3516628.8524031583,573802.4391370057,311.00822978090605,112,3:06:40
27.8%,1387500,5549.999999896408,-3518580.8654398564,574350.242089401,311.30514595775156,112,3:06:32
27.8%,1390000,5559.999999896171,-3522426.8398542013,573144.2832993828,310.65150093484715,112,3:06:24
27.9%,1392500,5569.999999895935,-3518923.7638636976,575252.4717556458,311.79416592737147,112,3:06:17
27.9%,1395000,5579.999999895698,-3517201.7280499265,571471.5865214954,309.74487797828846,112,3:06:09
27.9%,1397500,5589.999999895462,-3517697.2372391913,574905.0382291959,311.60585253123077,112,3:06:01
28.0%,1400000,5599.999999895225,-3518295.418498166,576601.6489211889,312.5254371337948,112,3:05:53
28.1%,1402500,5609.999999894989,-3517897.380867865,574760.0843693629,311.52728569311415,112,3:05:46
28.1%,1405000,5619.999999894752,-3521588.951608708,574206.0592083641,311.22699699996144,112,3:05:38
28.1%,1407500,5629.999999894516,-3517858.872123778,574514.2849982067,311.3940593035235,112,3:05:30
28.2%,1410000,5639.999999894279,-3519864.183594553,572007.0508942246,310.03510648781474,112,3:05:22
28.2%,1412500,5649.999999894043,-3522024.823013805,574070.9111878625,311.1537450516466,112,3:05:15
28.3%,1415000,5659.9999998938065,-3520063.509549288,574431.3766786746,311.34912193844264,112,3:05:07
28.4%,1417500,5669.99999989357,-3518528.942571938,576811.3871976653,312.6391179508062,112,3:04:59
28.4%,1420000,5679.999999893334,-3519288.73760557,574322.2295663105,311.28996281347776,112,3:04:51
28.4%,1422500,5689.999999893097,-3516784.6537617054,575153.1426952278,311.74032831160105,112,3:04:44
28.5%,1425000,5699.999999892861,-3518823.6753403656,573767.6293345904,310.9893624246701,112,3:04:36
28.6%,1427500,5709.999999892624,-3520874.274026122,575405.1500108327,311.87691948614537,112,3:04:28
28.6%,1430000,5719.999999892388,-3516900.397298472,574499.9391824548,311.38628368868217,112,3:04:20
28.6%,1432500,5729.999999892151,-3517698.793153571,575867.1262249271,312.1273164777693,112,3:04:13
28.7%,1435000,5739.999999891915,-3518786.855406761,573460.9456808976,310.82313597854136,112,3:04:05
28.8%,1437500,5749.999999891678,-3517741.464389004,574027.5296323653,311.13023169607317,112,3:03:57
28.8%,1440000,5759.999999891442,-3516360.93486722,577781.406553041,313.16488079528335,112,3:03:49
28.9%,1442500,5769.999999891205,-3518177.350888744,574972.0551370259,311.64217654878104,112,3:03:42
28.9%,1445000,5779.999999890969,-3515542.513640009,574249.7409682912,311.2506730701591,112,3:03:34
28.9%,1447500,5789.999999890732,-3518712.9753473103,575012.4237887369,311.66405687213097,112,3:03:26
29.0%,1450000,5799.999999890496,-3520454.7518220413,574514.2440327943,311.39403709974823,112,3:03:18
29.1%,1452500,5809.9999998902595,-3521411.847178895,573091.0598413793,310.622653142772,112,3:03:10
29.1%,1455000,5819.999999890023,-3518494.2564890273,574747.2236741198,311.5203150325026,112,3:03:03
29.1%,1457500,5829.9999998897865,-3515855.1167024486,574698.0077692457,311.49363938526244,112,3:02:55
29.2%,1460000,5839.99999988955,-3519019.384187421,574868.3521909928,311.58596823130273,112,3:02:47
29.2%,1462500,5849.999999889314,-3521029.150277471,572339.8341086593,310.2154792282614,112,3:02:40
29.3%,1465000,5859.999999889077,-3520639.002461653,575442.9795806361,311.8974235947644,112,3:02:32
29.4%,1467500,5869.999999888841,-3518850.6323815603,572970.4042918414,310.55725629829107,112,3:02:24
29.4%,1470000,5879.999999888604,-3519185.4991404004,575324.8585917995,311.8334005144629,112,3:02:16
29.4%,1472500,5889.999999888368,-3518543.1036669817,576152.9210923009,312.2822209356801,112,3:02:09
29.5%,1475000,5899.999999888131,-3519649.413789643,575763.5217420834,312.0711615285937,112,3:02:01
29.6%,1477500,5909.999999887895,-3518222.670236228,574658.0600776044,311.47198722763153,112,3:01:53
29.6%,1480000,5919.999999887658,-3517823.1432681475,575102.8957216614,311.7130938119983,112,3:01:45
29.6%,1482500,5929.999999887422,-3520983.1966457553,576395.9879705817,312.4139662793321,112,3:01:38
29.7%,1485000,5939.999999887185,-3522264.304857021,574987.9586962648,311.65079648043127,112,3:01:30
29.8%,1487500,5949.999999886949,-3518621.266569579,573936.458747108,311.08087011641334,112,3:01:22
29.8%,1490000,5959.999999886712,-3519573.1299482174,575584.5311087626,311.974146325765,112,3:01:14
29.9%,1492500,5969.999999886476,-3520021.7874162234,572624.5266729592,310.36978622386755,112,3:01:07
29.9%,1495000,5979.9999998862395,-3519587.331361916,573831.9964333555,311.02425021196007,112,3:00:59
29.9%,1497500,5989.999999886003,-3517815.271347262,574247.9325493509,311.2496928840621,112,3:00:51
30.0%,1500000,5999.999999885767,-3519654.961598959,574446.7479318733,311.35745335343984,112,3:00:43
30.1%,1502500,6009.99999988553,-3516204.7264937516,574189.1679680208,311.2178417325738,112,3:00:36
30.1%,1505000,6019.999999885294,-3517916.979564542,574978.689888225,311.64577266842906,112,3:00:28
30.1%,1507500,6029.999999885057,-3519795.1630923916,573796.2463435829,311.00487320800136,112,3:00:20
30.2%,1510000,6039.999999884821,-3520948.5100374892,576378.2823098279,312.4043695857098,112,3:00:13
30.2%,1512500,6049.999999884584,-3521799.9690758195,574071.5466727726,311.1540894925612,112,3:00:05
30.3%,1515000,6059.999999884348,-3520410.825778488,572371.5533401666,310.2326714557046,112,2:59:57
30.4%,1517500,6069.999999884111,-3519461.3057267796,574097.1358299959,311.1679591416717,112,2:59:49
30.4%,1520000,6079.999999883875,-3520032.1913079415,573957.3936403249,311.09221709515714,112,2:59:42
30.4%,1522500,6089.999999883638,-3524634.372626135,574618.1315173911,311.45034543947827,112,2:59:34
30.5%,1525000,6099.999999883402,-3518916.883051725,573988.0550486476,311.1088359689622,112,2:59:26
30.6%,1527500,6109.999999883165,-3520390.2608884443,573449.8714158727,310.81713358585955,112,2:59:18
30.6%,1530000,6119.999999882929,-3518152.456907494,572558.2851257798,310.33388246166464,112,2:59:11
30.6%,1532500,6129.9999998826925,-3523559.7109877486,572815.4909812186,310.473291311006,112,2:59:03
30.7%,1535000,6139.999999882456,-3518727.8308581114,575713.5703204342,312.0440872218941,112,2:58:55
30.8%,1537500,6149.9999998822195,-3519565.8833201174,574470.2639103772,311.3701993132811,112,2:58:47
30.8%,1540000,6159.999999881983,-3517002.4986128956,573001.4323004592,310.57407387412496,112,2:58:39
30.9%,1542500,6169.999999881747,-3519637.869179027,573572.3817108304,310.8835357259794,112,2:58:32
30.9%,1545000,6179.99999988151,-3520243.2368105296,573039.7756089531,310.594856435657,112,2:58:24
30.9%,1547500,6189.999999881274,-3521640.064652825,574832.4869231093,311.56652879934103,112,2:58:16
31.0%,1550000,6199.999999881037,-3521944.877326673,573355.7767163403,310.7661330603523,112,2:58:09
31.1%,1552500,6209.999999880801,-3520215.1661125887,574349.2135732045,311.3045884888742,112,2:58:01
31.1%,1555000,6219.999999880564,-3520657.200546801,572606.2901317569,310.35990178628106,112,2:57:53
31.1%,1557500,6229.999999880328,-3518157.559842715,571154.3064586322,309.5729081434369,112,2:57:45
31.2%,1560000,6239.999999880091,-3521073.606155148,573140.5986051282,310.6495037836341,112,2:57:37
31.2%,1562500,6249.999999879855,-3519242.207961425,575875.3973509409,312.1317995334072,112,2:57:30
31.3%,1565000,6259.999999879618,-3516323.333695095,573712.4641226317,310.9594621772216,112,2:57:22
31.4%,1567500,6269.999999879382,-3518879.516215723,573854.532215931,311.0364648931247,112,2:57:14
31.4%,1570000,6279.999999879145,-3520769.9172416925,575896.0874656781,312.14301383909765,112,2:57:06
31.4%,1572500,6289.999999878909,-3519958.0085698236,571247.8761842104,309.6236241263751,112,2:56:59
31.5%,1575000,6299.9999998786725,-3520061.2920822203,573279.3558849064,310.72471199644326,112,2:56:51
31.6%,1577500,6309.999999878436,-3518276.193059163,573640.1521003097,310.92026814017976,112,2:56:43
31.6%,1580000,6319.9999998782,-3520261.686923027,571999.5489366102,310.03104033124515,112,2:56:35
31.6%,1582500,6329.999999877963,-3519565.199065184,574775.3255984082,311.5355466333643,112,2:56:28
31.7%,1585000,6339.999999877727,-3517670.305912068,572474.4747639783,310.28845617818564,112,2:56:20
31.8%,1587500,6349.99999987749,-3520274.551746933,572756.2940485473,310.44120581958447,112,2:56:12
31.8%,1590000,6359.999999877254,-3521773.859723456,573334.073270224,310.7543695161489,112,2:56:04
31.9%,1592500,6369.999999877017,-3520864.1818205826,573779.6323920971,310.995868234706,112,2:55:57
31.9%,1595000,6379.999999876781,-3521140.829554368,573990.5292013744,311.11017699125017,112,2:55:49
31.9%,1597500,6389.999999876544,-3522264.2490701284,572857.2733341762,310.49593787843594,112,2:55:41
32.0%,1600000,6399.999999876308,-3522386.784064539,573512.8894700534,310.8512901738037,112,2:55:34
32.0%,1602500,6409.999999876071,-3520949.3035627026,574759.3884469355,311.5269084942954,112,2:55:26
32.1%,1605000,6419.999999875835,-3518482.0826934297,574492.7482309954,311.38238610140945,112,2:55:18
32.1%,1607500,6429.999999875598,-3519216.709125921,573410.7346487714,310.795920959657,112,2:55:10
32.2%,1610000,6439.999999875362,-3520021.777260227,576380.9448606463,312.40581272216275,112,2:55:03
32.2%,1612500,6449.9999998751255,-3519840.1886977833,574518.3594350755,311.3962677001972,112,2:54:55
32.3%,1615000,6459.999999874889,-3520245.9035466462,572834.1105091337,310.4833833322684,112,2:54:47
32.4%,1617500,6469.9999998746525,-3517183.530797394,574368.3012539584,311.31493425493755,112,2:54:39
32.4%,1620000,6479.999999874416,-3517952.4721284136,573576.5459664162,310.88579280554166,112,2:54:32
32.5%,1622500,6489.99999987418,-3518563.3568975013,573713.4386136065,310.95999036374076,112,2:54:24
32.5%,1625000,6499.999999873943,-3518329.309418151,572966.3444089941,310.55505579008235,112,2:54:16
32.5%,1627500,6509.999999873707,-3519681.6626298744,572913.7323366429,310.52653937681714,112,2:54:09
32.6%,1630000,6519.99999987347,-3518950.7094683833,573861.4633979856,311.0402216820716,112,2:54:01
32.6%,1632500,6529.999999873234,-3518763.0074008238,574594.3647434916,311.4374635453386,112,2:53:53
32.7%,1635000,6539.999999872997,-3523081.181224592,571513.4398583521,309.7675630198958,112,2:53:45
32.8%,1637500,6549.999999872761,-3521336.5609869827,574659.6013147014,311.4728225977668,112,2:53:38
32.8%,1640000,6559.999999872524,-3520757.9787302148,572362.8835078496,310.22797229617254,112,2:53:30
32.9%,1642500,6569.999999872288,-3523357.22888479,575053.7110117665,311.6864350728341,112,2:53:22
32.9%,1645000,6579.999999872051,-3520313.2152722348,575020.1158514326,311.6682260680756,112,2:53:14
33.0%,1647500,6589.999999871815,-3521131.461038163,571351.8873174479,309.6799994852431,112,2:53:07
33.0%,1650000,6599.999999871578,-3519412.927680904,574451.1824171279,311.35985690092406,112,2:52:59
33.0%,1652500,6609.999999871342,-3518633.863760516,574993.0524952881,311.65355738437495,112,2:52:51
33.1%,1655000,6619.9999998711055,-3521604.9227747787,575478.5097640825,311.91668140669367,112,2:52:43
33.1%,1657500,6629.999999870869,-3520005.1989669073,577242.2839996441,312.8726695052458,112,2:52:36
33.2%,1660000,6639.999999870633,-3522001.228529036,576065.5475801894,312.23486337935384,112,2:52:28
33.2%,1662500,6649.999999870396,-3520445.3189895544,574471.9895058607,311.3711346080098,112,2:52:20
33.3%,1665000,6659.99999987016,-3517933.8077989686,575005.3339268444,311.6602140766909,112,2:52:12
33.4%,1667500,6669.999999869923,-3518758.214733552,573828.0446102532,311.02210827350945,112,2:52:05
33.4%,1670000,6679.999999869687,-3519446.5217470247,574025.0305969105,311.1288771870297,112,2:51:57
33.5%,1672500,6689.99999986945,-3518251.6524149496,575264.9133475504,311.80090942863603,112,2:51:49
33.5%,1675000,6699.999999869214,-3520192.371137565,574477.3729947582,311.3740525275547,112,2:51:41
33.5%,1677500,6709.999999868977,-3518829.6305975355,575161.7789299701,311.74500926081976,112,2:51:34
33.6%,1680000,6719.999999868741,-3519072.9825998973,573105.1954111763,310.6303148016282,112,2:51:26
33.6%,1682500,6729.999999868504,-3521683.5084048714,572854.1047534342,310.49422046731974,112,2:51:18
33.7%,1685000,6739.999999868268,-3521516.3629362937,571735.2563517072,309.88779038427987,112,2:51:11
33.8%,1687500,6749.999999868031,-3521426.5943320803,575009.9040899597,311.6626911633036,112,2:51:03
33.8%,1690000,6759.999999867795,-3521203.186904231,577032.5622793041,312.7589976618712,112,2:50:55
33.9%,1692500,6769.9999998675585,-3520527.929200962,574125.1860479878,311.18316271706215,112,2:50:47
33.9%,1695000,6779.999999867322,-3520711.530087443,573606.0914804998,310.9018068504574,112,2:50:40
34.0%,1697500,6789.9999998670855,-3521358.015903646,575859.4326735147,312.1231464749211,112,2:50:32
34.0%,1700000,6799.999999866849,-3515866.48814472,574619.2826181573,311.4509693507536,112,2:50:24
34.0%,1702500,6809.999999866613,-3521740.7834148984,571296.0389467911,309.64972895707973,112,2:50:16
34.1%,1705000,6819.999999866376,-3520397.93162572,572362.2772418754,310.22764369229327,112,2:50:08
34.1%,1707500,6829.99999986614,-3522702.1792408973,572240.0407866407,310.16138997679076,112,2:50:01
34.2%,1710000,6839.999999865903,-3521904.8418753613,574421.8415862141,311.3439537968931,112,2:49:53
34.2%,1712500,6849.999999865667,-3518797.1544307526,572665.6989364321,310.392102115027,112,2:49:45
34.3%,1715000,6859.99999986543,-3518894.9375025313,573963.5129167646,311.0955338209207,112,2:49:37
34.4%,1717500,6869.999999865194,-3519355.652860623,572081.421660234,310.07541639015466,112,2:49:30
34.4%,1720000,6879.999999864957,-3518380.5502463263,572848.9074861412,310.4914034822562,112,2:49:22
34.5%,1722500,6889.999999864721,-3518691.744206231,574388.9415466047,311.3261215564202,112,2:49:14
34.5%,1725000,6899.999999864484,-3520356.211595062,574077.3506602442,311.15723532768857,112,2:49:06
34.5%,1727500,6909.999999864248,-3520017.903426392,574142.1825842834,311.19237505619697,112,2:48:59
34.6%,1730000,6919.999999864011,-3520235.46140193,572781.6619895163,310.4549555666679,112,2:48:51
34.6%,1732500,6929.999999863775,-3519249.944934437,574073.3611420745,311.1550729580313,112,2:48:43
34.7%,1735000,6939.9999998635385,-3518357.0804626923,575318.8342342997,311.83013523597367,112,2:48:36
34.8%,1737500,6949.999999863302,-3519341.126981089,573882.799235149,311.0517859775408,112,2:48:28
34.8%,1740000,6959.999999863066,-3521202.9561350904,572295.5360450114,310.191469113598,112,2:48:20
34.9%,1742500,6969.999999862829,-3518832.3280253336,573095.8362009611,310.62524199049557,112,2:48:12
34.9%,1745000,6979.999999862593,-3519951.5744427573,572982.076665154,310.56358287328214,112,2:48:05
35.0%,1747500,6989.999999862356,-3523158.866354987,574615.7728738483,311.44906702463913,112,2:47:57
35.0%,1750000,6999.99999986212,-3518943.749395162,573814.3060345425,311.0146617905041,112,2:47:49
35.0%,1752500,7009.999999861883,-3520507.8843565397,572700.2553744449,310.4108321445299,112,2:47:42
35.1%,1755000,7019.999999861647,-3519599.1303663794,574781.9767919887,311.5391516649924,112,2:47:34
35.1%,1757500,7029.99999986141,-3519693.817302378,572273.6913019235,310.17962898463645,112,2:47:26
35.2%,1760000,7039.999999861174,-3518986.3402581587,575758.6884592229,312.0685418277281,112,2:47:19
35.2%,1762500,7049.999999860937,-3518779.506644128,574317.7849914897,311.2875537973202,112,2:47:11
35.3%,1765000,7059.999999860701,-3519245.8289746474,574091.1522317396,311.16471595521153,112,2:47:04
35.4%,1767500,7069.999999860464,-3520227.3651716486,573650.1795733992,310.925703158301,112,2:46:56
35.4%,1770000,7079.999999860228,-3516841.475308163,575515.6408438848,311.93680692483633,112,2:46:48
35.5%,1772500,7089.9999998599915,-3519117.605467513,574572.8862121215,311.42582190779206,112,2:46:41
35.5%,1775000,7099.999999859755,-3520356.6981566977,575198.4898632949,311.76490705422077,112,2:46:33
35.5%,1777500,7109.9999998595185,-3521128.2984680086,572985.0155654858,310.5651757946909,112,2:46:25
35.6%,1780000,7119.999999859282,-3518531.7368315887,573551.8266381574,310.8723946148077,112,2:46:17
35.6%,1782500,7129.999999859046,-3517625.051426759,573779.6540468552,310.99587997186063,112,2:46:10
35.7%,1785000,7139.999999858809,-3522000.2302618492,574292.3716957698,311.2737794673842,112,2:46:02
35.8%,1787500,7149.999999858573,-3517973.2397268787,574559.3595908403,311.41849030678685,112,2:45:55
35.8%,1790000,7159.999999858336,-3519094.7191105913,572623.0386368015,310.3689796893189,112,2:45:47
35.9%,1792500,7169.9999998581,-3517382.5689602196,573084.642301528,310.6191747544408,112,2:45:40
35.9%,1795000,7179.999999857863,-3519041.3171438277,576257.2617245398,312.3387748872032,112,2:45:33
36.0%,1797500,7189.999999857627,-3516827.132347768,574359.6960257797,311.3102701116712,112,2:45:25
36.0%,1800000,7199.99999985739,-3518203.952082863,574391.5055915236,311.3275113014211,112,2:45:18
36.0%,1802500,7209.999999857154,-3520001.1917998753,574292.5188794879,311.27385924283385,111,2:45:11
36.1%,1805000,7219.999999856917,-3516460.8602363076,574130.4861669288,311.18603544902885,111,2:45:03
36.1%,1807500,7229.999999856681,-3521219.030263571,575795.3132183893,312.0883929136378,111,2:44:56
36.2%,1810000,7239.999999856444,-3519056.9879760817,572624.6215014968,310.3698376221426,111,2:44:49
36.2%,1812500,7249.999999856208,-3521104.7779772114,574977.9552835203,311.6453745033234,111,2:44:41
36.3%,1815000,7259.9999998559715,-3521699.325055726,574150.9560864373,311.197130406101,111,2:44:33
36.4%,1817500,7269.999999855735,-3521109.8540434763,573558.6225349971,310.87607807744524,111,2:44:26
36.4%,1820000,7279.999999855499,-3520053.3538601846,577371.2671182933,312.9425799982424,111,2:44:18
36.5%,1822500,7289.999999855262,-3519358.8148647733,574362.7865037646,311.31194519009836,111,2:44:10
36.5%,1825000,7299.999999855026,-3520383.844206076,576437.7092691964,312.43657975453067,111,2:44:03
36.5%,1827500,7309.999999854789,-3518231.5172442943,573785.7077586201,310.99916116073547,111,2:43:55
36.6%,1830000,7319.999999854553,-3518215.607776433,576626.3569149789,312.5388291811023,111,2:43:47
36.6%,1832500,7329.999999854316,-3518643.37436321,571178.6793381562,309.58611855454427,111,2:43:39
36.7%,1835000,7339.99999985408,-3522556.089900911,573491.6359675797,310.839770504785,111,2:43:32
36.8%,1837500,7349.999999853843,-3518531.89885116,572756.803443061,310.44148191789833,111,2:43:24
36.8%,1840000,7359.999999853607,-3518815.789057087,573954.9900167007,311.09091430054104,111,2:43:16
36.9%,1842500,7369.99999985337,-3519385.0744363405,575826.5936626473,312.1053473128036,111,2:43:08
36.9%,1845000,7379.999999853134,-3521651.8727606684,573714.8530563771,310.96075700973637,111,2:43:01
37.0%,1847500,7389.999999852897,-3519916.924595775,574916.2916476433,311.6119520273493,111,2:42:53
37.0%,1850000,7399.999999852661,-3521937.2899714913,573633.2115835628,310.9165062917107,111,2:42:45
37.0%,1852500,7409.9999998524245,-3520711.6851374954,573478.1058072436,310.83243698556697,111,2:42:37
37.1%,1855000,7419.999999852188,-3519852.609650111,574524.7524032674,311.39973277037603,111,2:42:30
37.1%,1857500,7429.9999998519515,-3517063.446768578,574125.6085009242,311.18339169193393,111,2:42:22
37.2%,1860000,7439.999999851715,-3522210.435309708,573639.0376043867,310.9196640691956,111,2:42:14
37.2%,1862500,7449.999999851479,-3521358.6005503256,574523.9940714921,311.39932174489593,111,2:42:06
37.3%,1865000,7459.999999851242,-3517801.807411695,573230.6437128565,310.69830937880914,111,2:41:58
37.4%,1867500,7469.999999851006,-3520335.4978824835,573255.6448146454,310.711860294385,111,2:41:51
37.4%,1870000,7479.999999850769,-3521311.5487641785,574752.6380259441,311.5232496801469,111,2:41:43
37.5%,1872500,7489.999999850533,-3517390.2181081474,574525.0489616573,311.39989350880023,111,2:41:35
37.5%,1875000,7499.999999850296,-3522391.6325592846,571483.5497038728,309.75136217549635,111,2:41:28
37.5%,1877500,7509.99999985006,-3517933.3282985017,573555.8978855978,310.8746012827706,111,2:41:20
37.6%,1880000,7519.999999849823,-3519279.7411151677,570851.7069779426,309.40889537109064,111,2:41:12
37.6%,1882500,7529.999999849587,-3518241.1135681123,572346.0019178127,310.21882225937384,111,2:41:04
37.7%,1885000,7539.99999984935,-3519329.5226269215,574856.2764141767,311.57942300647505,111,2:40:57
37.8%,1887500,7549.999999849114,-3520212.234896904,573824.0725323935,311.01995535672233,111,2:40:49
37.8%,1890000,7559.999999848877,-3516895.683475679,575800.8127197432,312.09137371341154,111,2:40:41
37.9%,1892500,7569.999999848641,-3518788.726443613,575676.8532468886,312.0241861004152,111,2:40:33
37.9%,1895000,7579.9999998484045,-3519948.653411826,573938.007651625,311.0817096423879,111,2:40:26
38.0%,1897500,7589.999999848168,-3518985.2791770697,571280.8421234265,309.6414920852741,111,2:40:18
38.0%,1900000,7599.999999847932,-3522425.361023698,573310.7240725183,310.7417139536243,111,2:40:10
38.0%,1902500,7609.999999847695,-3518091.148328971,575421.8864979284,311.8859908753019,111,2:40:02
38.1%,1905000,7619.999999847459,-3519948.0301105604,573824.901329573,311.02040457534895,111,2:39:55
38.1%,1907500,7629.999999847222,-3520641.8846542425,572026.4383424758,310.04561473167934,111,2:39:47
38.2%,1910000,7639.999999846986,-3518755.5749639217,574918.6576091207,311.6132344086022,111,2:39:39
38.2%,1912500,7649.999999846749,-3519832.380366845,572367.6552265999,310.2305586285063,111,2:39:31
38.3%,1915000,7659.999999846513,-3518909.7970745564,575566.296116788,311.96426272787966,111,2:39:24
38.4%,1917500,7669.999999846276,-3515008.202090429,576383.2214877575,312.4070466830515,111,2:39:16
38.4%,1920000,7679.99999984604,-3519739.8863890767,573686.3641135804,310.94531563991427,111,2:39:08
38.5%,1922500,7689.999999845803,-3517542.309309488,575444.8032158033,311.8984120282503,111,2:39:00
38.5%,1925000,7699.999999845567,-3515895.2181206867,572933.9306790287,310.53748713563,111,2:38:53
38.5%,1927500,7709.99999984533,-3521666.9119738135,574370.7891650785,311.31628273444994,111,2:38:45
38.6%,1930000,7719.999999845094,-3519236.647653995,573657.3003747588,310.9295627233262,111,2:38:37
38.6%,1932500,7729.9999998448575,-3519367.2577268295,572956.1504779407,310.5495305496247,111,2:38:29
38.7%,1935000,7739.999999844621,-3518971.4536746405,575665.0082531946,312.0177659629789,111,2:38:22
38.8%,1937500,7749.999999844385,-3518202.1747193392,573186.2848409587,310.6742663052998,111,2:38:14
38.8%,1940000,7759.999999844148,-3520780.8175326753,576975.5043580885,312.7280715419005,111,2:38:07
38.9%,1942500,7769.999999843912,-3518675.557390526,574719.1292502002,311.50508749693637,111,2:37:59
38.9%,1945000,7779.999999843675,-3518762.6270668767,575518.0750762374,311.93812630977305,111,2:37:51
39.0%,1947500,7789.999999843439,-3517278.5937943403,574269.8493468754,311.26157206744585,111,2:37:43
39.0%,1950000,7799.999999843202,-3517755.895260101,574808.6729068442,311.5536212992375,111,2:37:36
39.0%,1952500,7809.999999842966,-3519516.09680927,574057.7699120682,311.1466223128029,111,2:37:28
39.1%,1955000,7819.999999842729,-3520792.2228412405,574434.6033060757,311.35087081158736,111,2:37:20
39.1%,1957500,7829.999999842493,-3518833.5058888067,572468.8352112472,310.2853994687818,111,2:37:12
39.2%,1960000,7839.999999842256,-3518617.6839746125,574202.400065097,311.22501369770896,111,2:37:05
39.2%,1962500,7849.99999984202,-3519465.9390657675,574315.9930221445,311.2865825271131,111,2:36:57
39.3%,1965000,7859.999999841783,-3520100.7854853813,574053.5515721716,311.14433591885546,111,2:36:49
39.4%,1967500,7869.999999841547,-3519561.539184412,575246.8226856887,311.79110405950996,111,2:36:41
39.4%,1970000,7879.9999998413105,-3520496.4924812634,574564.6933013573,311.42138124581555,111,2:36:34
39.5%,1972500,7889.999999841074,-3521982.99164667,576042.7059651961,312.22248293312384,111,2:36:26
39.5%,1975000,7899.9999998408375,-3517994.72510927,572329.5431841654,310.2099014161237,111,2:36:18
39.5%,1977500,7909.999999840601,-3521832.432204297,574698.9647709841,311.4941580923928,111,2:36:10
39.6%,1980000,7919.999999840365,-3520713.749616869,573334.003449945,310.7543316726685,111,2:36:03
39.6%,1982500,7929.999999840128,-3517028.434337102,577362.0909013866,312.9376063718135,111,2:35:55
39.7%,1985000,7939.999999839892,-3517618.070558414,574126.081254856,311.1836479305858,111,2:35:47
39.8%,1987500,7949.999999839655,-3521468.1688861065,573726.8524072217,310.9672608107141,111,2:35:39
39.8%,1990000,7959.999999839419,-3521677.2458574194,576046.4039635018,312.2244872953021,111,2:35:32
39.9%,1992500,7969.999999839182,-3518821.1115252543,574298.1130086717,311.27689133209657,111,2:35:24
39.9%,1995000,7979.999999838946,-3518989.7925242446,574442.6980313358,311.35525825577025,111,2:35:16
40.0%,1997500,7989.999999838709,-3520847.610957507,573807.8864797028,311.01118231002346,111,2:35:08
40.0%,2000000,7999.999999838473,-3521476.761448959,573389.6519854304,310.78449388762397,111,2:35:01
40.0%,2002500,8009.999999838236,-3515886.5638144556,576505.7161771136,312.4734403647366,111,2:34:53
40.1%,2005000,8019.999999838,-3517283.648224212,574519.6191772224,311.3969504964844,111,2:34:45
40.1%,2007500,8029.999999837763,-3519798.1839806177,572762.9866173617,310.4448332771163,111,2:34:37
40.2%,2010000,8039.999999837527,-3521097.920226209,574017.2237720372,311.12464578852314,111,2:34:30
40.2%,2012500,8049.9999998372905,-3517183.1847851835,575504.6498982557,311.9308496923281,111,2:34:22
40.3%,2015000,8059.999999837054,-3517816.0888718944,573925.0048748426,311.0746619717725,111,2:34:14
40.4%,2017500,8069.999999836818,-3517786.130174095,574554.2163939159,311.4157026285517,111,2:34:07
40.4%,2020000,8079.999999836581,-3516429.8719470855,572315.3215307437,310.2021930988467,111,2:33:59
40.5%,2022500,8089.999999836345,-3520592.7162164487,575554.9496672836,311.95811280774336,111,2:33:51
40.5%,2025000,8099.999999836108,-3517188.906665921,574960.5449710318,311.6359378922224,111,2:33:43
40.5%,2027500,8109.999999835872,-3520420.789736055,574994.0656992509,311.65410655382664,111,2:33:36
40.6%,2030000,8119.999999835635,-3519570.918616751,573127.9596532653,310.6426533107587,111,2:33:28
40.6%,2032500,8129.999999835399,-3515780.016943181,575429.3999063761,311.890063238369,111,2:33:20
40.7%,2035000,8139.999999835162,-3518374.10872896,574482.8402883625,311.3770158703179,111,2:33:12
40.8%,2037500,8149.999999834926,-3519520.3019387107,571603.4228774577,309.8163349622467,111,2:33:05
40.8%,2040000,8159.999999834689,-3520535.482474968,573831.8379906291,311.0241643339845,111,2:32:57
40.9%,2042500,8169.999999834453,-3521436.6218885146,574314.6300855677,311.28584379813054,111,2:32:49
40.9%,2045000,8179.999999834216,-3523308.492969053,574920.5688141838,311.6142703060869,111,2:32:41
41.0%,2047500,8189.99999983398,-3522507.6786192935,575258.693974794,311.79753844939404,111,2:32:33
41.0%,2050000,8199.999999835562,-3519876.3625795953,573935.213907823,311.08019539766696,111,2:32:26
41.0%,2052500,8209.999999837599,-3519783.9715066627,574252.1103809737,311.25195732200916,111,2:32:18
41.1%,2055000,8219.999999839636,-3520722.0652454626,576473.899198775,312.45619515726594,111,2:32:10
41.1%,2057500,8229.999999841673,-3519773.332440354,572419.3454326362,310.2585753784883,111,2:32:02
41.2%,2060000,8239.99999984371,-3518652.6591253392,575562.4744955656,311.9621913605061,111,2:31:55
41.2%,2062500,8249.999999845748,-3521697.1671987884,572717.2778111359,310.42005852200884,111,2:31:47
41.3%,2065000,8259.999999847785,-3516787.982495278,575299.0556961908,311.8194150164254,111,2:31:39
41.4%,2067500,8269.999999849822,-3519280.2895992696,575132.1939137131,311.7289738052229,111,2:31:31
41.4%,2070000,8279.99999985186,-3519956.1880698595,573693.0919725844,310.9489622251783,111,2:31:24
41.5%,2072500,8289.999999853897,-3520692.8938419055,574094.4997851865,311.16653037181317,111,2:31:16
41.5%,2075000,8299.999999855934,-3517740.1219421923,574071.8898043628,311.15427547425304,111,2:31:08
41.5%,2077500,8309.999999857971,-3518699.2224571537,574322.2772172667,311.2899886409029,111,2:31:00
41.6%,2080000,8319.999999860009,-3518413.7538305726,576885.6886661263,312.6793902929924,111,2:30:53
41.6%,2082500,8329.999999862046,-3520894.131618254,575420.9809398106,311.88550005126916,111,2:30:45
41.7%,2085000,8339.999999864083,-3516410.286232181,575424.7202520156,311.88752680610696,111,2:30:37
41.8%,2087500,8349.99999986612,-3520170.3392762784,572976.1332542137,310.5603614688591,111,2:30:29
41.8%,2090000,8359.999999868158,-3516749.8638243396,572114.5132162089,310.0933524349368,111,2:30:22
41.9%,2092500,8369.999999870195,-3524157.368986914,574545.7834059827,311.41113184169194,111,2:30:14
41.9%,2095000,8379.999999872232,-3521072.9565103278,574009.0472136313,311.12021398973303,111,2:30:06
42.0%,2097500,8389.99999987427,-3518838.9172539506,573183.8481369291,310.6729455806827,111,2:29:59
42.0%,2100000,8399.999999876307,-3517365.422867868,574345.4548976391,311.3025512388484,111,2:29:51
42.0%,2102500,8409.999999878344,-3517517.364242714,575251.3072528372,311.7935347520185,111,2:29:43
42.1%,2105000,8419.999999880381,-3519334.433947552,574409.2490301961,311.33712847115646,111,2:29:35
42.1%,2107500,8429.999999882419,-3518965.805643646,572666.9273130833,310.39276791081613,111,2:29:27
42.2%,2110000,8439.999999884456,-3519413.556728106,575645.1016741713,312.0069763436243,111,2:29:20
42.2%,2112500,8449.999999886493,-3522092.9604706876,573204.3463105762,310.68405585185775,111,2:29:12
42.3%,2115000,8459.99999988853,-3520138.6867038086,574320.7498520897,311.2891607895249,111,2:29:04
42.4%,2117500,8469.999999890568,-3517696.929818595,573520.4720194896,310.85540001216714,111,2:28:57
42.4%,2120000,8479.999999892605,-3519630.800215494,575405.6671140236,311.8771997626605,111,2:28:49
42.5%,2122500,8489.999999894642,-3520621.7542760726,573570.910472155,310.88273829588013,111,2:28:41
42.5%,2125000,8499.99999989668,-3517857.5081201848,575133.5564018223,311.72971229113034,111,2:28:33
42.5%,2127500,8509.999999898717,-3520374.2511873785,575847.1994439996,312.1165159087253,111,2:28:26
42.6%,2130000,8519.999999900754,-3515392.183215929,575395.9116248374,311.8719121632787,111,2:28:18
42.6%,2132500,8529.999999902791,-3519527.266808415,574293.142385924,311.27419719126306,111,2:28:10
42.7%,2135000,8539.999999904829,-3520662.5630349685,575352.5744582252,311.8484228670462,111,2:28:02
42.8%,2137500,8549.999999906866,-3519371.8694922887,573807.6067433571,311.01103068936146,111,2:27:55
42.8%,2140000,8559.999999908903,-3520001.81718971,574670.8765609413,311.4789339248269,111,2:27:47
42.9%,2142500,8569.99999991094,-3520978.2511824705,575101.1321394516,311.71213792798017,111,2:27:39
42.9%,2145000,8579.999999912978,-3521264.2756959293,573715.5493477911,310.9611344085505,111,2:27:32
43.0%,2147500,8589.999999915015,-3517922.219602462,575532.0556182894,311.94570394161707,111,2:27:24
43.0%,2150000,8599.999999917052,-3519957.771756757,575282.6224348263,311.81050797947694,111,2:27:16
43.0%,2152500,8609.99999991909,-3518782.7141233254,574578.1749143592,311.4286884517602,111,2:27:08
43.1%,2155000,8619.999999921127,-3521766.6075735986,573759.7416066442,310.9850871756677,111,2:27:01
43.1%,2157500,8629.999999923164,-3521517.6039645392,575059.650709463,311.6896544646318,111,2:26:53
43.2%,2160000,8639.999999925201,-3519573.4406507593,575261.8008023635,311.7992223895043,111,2:26:46
43.2%,2162500,8649.999999927239,-3518956.645878844,573178.5077850085,310.6700510419287,111,2:26:38
43.3%,2165000,8659.999999929276,-3520903.3401771933,574826.0784567026,311.5630553289324,111,2:26:31
43.4%,2167500,8669.999999931313,-3517774.9700823706,573829.0035235749,311.02262801674226,111,2:26:23
43.4%,2170000,8679.99999993335,-3520959.492324559,572429.1674572779,310.26389904093435,111,2:26:16
43.5%,2172500,8689.999999935388,-3523366.5292837936,574375.3182073141,311.3187375330221,111,2:26:08
43.5%,2175000,8699.999999937425,-3520833.3610151205,574697.0469575564,311.49311861309025,111,2:26:01
43.5%,2177500,8709.999999939462,-3519602.248215111,575639.0372575598,312.0036893525864,111,2:25:53
43.6%,2180000,8719.9999999415,-3521395.242833063,574396.5860474529,311.33026497323783,111,2:25:45
43.6%,2182500,8729.999999943537,-3517961.7929387186,573209.718737985,310.68696777593493,111,2:25:38
43.7%,2185000,8739.999999945574,-3515679.014224222,575311.4169277856,311.82611496137855,111,2:25:30
43.8%,2187500,8749.999999947611,-3520994.704889711,574194.3496656386,311.2206502786751,111,2:25:23
43.8%,2190000,8759.999999949649,-3521155.9363202564,572822.0642241002,310.47685409236254,111,2:25:15
43.9%,2192500,8769.999999951686,-3521203.8490439802,573297.143874734,310.7343533134722,111,2:25:08
43.9%,2195000,8779.999999953723,-3522170.837681681,573237.7197902792,310.70214470289096,111,2:25:00
44.0%,2197500,8789.99999995576,-3521418.622279225,572669.7327217879,310.39428847806283,111,2:24:53
44.0%,2200000,8799.999999957798,-3520260.149207523,574098.9482120941,311.1689414758509,111,2:24:45
44.0%,2202500,8809.999999959835,-3519937.5574312825,571875.5595167293,309.96383648657917,111,2:24:38
44.1%,2205000,8819.999999961872,-3522155.5985245947,574490.6365333288,311.38124153438025,111,2:24:30
44.1%,2207500,8829.99999996391,-3523154.098130271,573644.5166763528,310.922633795981,111,2:24:23
44.2%,2210000,8839.999999965947,-3518886.405746026,575029.7560333214,311.67345116943375,111,2:24:15
44.2%,2212500,8849.999999967984,-3521017.752648033,576767.210148921,312.61517342776176,111,2:24:08
44.3%,2215000,8859.999999970021,-3519981.1941809263,574917.2329977022,311.6124622510699,111,2:24:00
44.4%,2217500,8869.999999972059,-3519069.063781023,573753.7230617248,310.981825047671,111,2:23:52
44.4%,2220000,8879.999999974096,-3517854.28951237,575610.5593703701,311.9882539750441,111,2:23:45
44.5%,2222500,8889.999999976133,-3520189.9018003326,574067.3518178728,311.15181582778115,111,2:23:37
44.5%,2225000,8899.99999997817,-3519927.777673384,573817.883140655,311.0166006275739,111,2:23:29
44.5%,2227500,8909.999999980208,-3521914.746495733,575451.7697144845,311.90218795925864,111,2:23:21
44.6%,2230000,8919.999999982245,-3519672.694462912,576186.5400495073,312.30044283864646,111,2:23:13
44.6%,2232500,8929.999999984282,-3518044.0184931494,574137.3971703305,311.1897813008889,111,2:23:06
44.7%,2235000,8939.99999998632,-3520884.1514202245,575817.6196289943,312.10048327227315,111,2:22:58
44.8%,2237500,8949.999999988357,-3521202.4027135335,575691.0896856852,312.0319024315538,111,2:22:50
44.8%,2240000,8959.999999990394,-3518492.329391351,575240.1028501136,311.7874618230465,111,2:22:43
44.9%,2242500,8969.999999992431,-3520634.876082465,572879.8976483769,310.50820054486894,111,2:22:35
44.9%,2245000,8979.999999994468,-3519061.7074178588,575428.4278441384,311.88953636825624,111,2:22:28
45.0%,2247500,8989.999999996506,-3522460.671309445,575182.6074782094,311.75629859923134,111,2:22:20
45.0%,2250000,8999.999999998543,-3516602.8421435263,573323.9059848031,310.7488587179634,111,2:22:12
45.0%,2252500,9010.00000000058,-3518377.5981090087,574977.6418110242,311.6452045972382,111,2:22:05
45.1%,2255000,9020.000000002618,-3520059.644266024,575142.3700206103,311.7344893847609,111,2:21:57
45.1%,2257500,9030.000000004655,-3521734.1374585982,572342.6897683505,310.21702703218284,111,2:21:49
45.2%,2260000,9040.000000006692,-3518931.7630187795,572698.4086412825,310.40983119163644,111,2:21:41
45.2%,2262500,9050.00000000873,-3517931.9012288004,572066.8643502475,310.06752614274467,111,2:21:33
45.3%,2265000,9060.000000010767,-3518467.8399576973,575911.4268084561,312.1513279582404,111,2:21:26
45.4%,2267500,9070.000000012804,-3521107.598148236,576148.3304665945,312.27973275808245,111,2:21:18
45.4%,2270000,9080.000000014841,-3518008.7595449276,574873.6421460628,311.5888354543219,111,2:21:10
45.5%,2272500,9090.000000016878,-3521100.457114082,573319.7175194876,310.7465885164195,111,2:21:02
45.5%,2275000,9100.000000018916,-3519939.1288761348,573158.486815594,310.6591994215253,111,2:20:55
45.5%,2277500,9110.000000020953,-3521408.9137125444,575877.3425576868,312.1328538602371,111,2:20:47
45.6%,2280000,9120.00000002299,-3518863.274968365,573724.2465657413,310.96584841144454,111,2:20:39
45.6%,2282500,9130.000000025027,-3521624.4097765908,573893.5808559845,311.05762975334494,111,2:20:31
45.7%,2285000,9140.000000027065,-3520976.081334345,573317.9297971579,310.74561954814885,111,2:20:24
45.8%,2287500,9150.000000029102,-3521151.9420363735,576515.9205022879,312.4789712389401,111,2:20:16
45.8%,2290000,9160.00000003114,-3517548.417975206,573760.2278476481,310.98535072448436,111,2:20:08
45.9%,2292500,9170.000000033177,-3516769.2521624044,574079.9449847068,311.1586414845878,111,2:20:00
45.9%,2295000,9180.000000035214,-3520585.0436554234,574682.8253735651,311.4854103334454,111,2:19:53
46.0%,2297500,9190.000000037251,-3519441.1580419783,572290.3378486172,310.1886516249497,111,2:19:45
46.0%,2300000,9200.000000039288,-3519665.342780562,571726.3061236955,309.88293924671024,111,2:19:37
46.0%,2302500,9210.000000041326,-3518426.4514652677,573413.5049207337,310.79742248234186,111,2:19:29
46.1%,2305000,9220.000000043363,-3519877.0890347864,575017.6448444212,311.6668867508056,111,2:19:22
46.1%,2307500,9230.0000000454,-3519332.531893166,572376.556390496,310.23538317270044,111,2:19:14
46.2%,2310000,9240.000000047437,-3520005.9645337947,573201.4189235433,310.68246917080364,111,2:19:06
46.2%,2312500,9250.000000049475,-3523020.837778816,574306.5549289201,311.2814669603849,111,2:18:58
46.3%,2315000,9260.000000051512,-3518263.667898698,573973.0124102372,311.1006826673654,111,2:18:51
46.4%,2317500,9270.00000005355,-3517939.035085315,576091.1486840607,312.24873950369977,111,2:18:43
46.4%,2320000,9280.000000055586,-3517462.907224184,573572.6028562131,310.88365558959333,111,2:18:35
46.5%,2322500,9290.000000057624,-3521223.236366689,571617.5480104268,309.82399096420926,111,2:18:27
46.5%,2325000,9300.000000059661,-3521589.406271115,573613.5316190617,310.9058395003132,111,2:18:20
46.5%,2327500,9310.000000061698,-3518261.361453876,573695.9502140444,310.9505114284513,111,2:18:12
46.6%,2330000,9320.000000063736,-3519286.698439298,572689.7854533342,310.40515731394623,111,2:18:04
46.6%,2332500,9330.000000065773,-3519860.5687894747,574258.7623150055,311.2555627549714,111,2:17:56
46.7%,2335000,9340.00000006781,-3519423.5829042867,574027.0054599922,311.12994758797123,111,2:17:48
46.8%,2337500,9350.000000069847,-3521454.082618026,572282.5149444876,310.1844115112814,111,2:17:41
46.8%,2340000,9360.000000071885,-3519061.411083963,574944.2728197663,311.6271181789994,111,2:17:33
46.9%,2342500,9370.000000073922,-3518443.261501562,573442.0885248389,310.81291515979876,111,2:17:25
46.9%,2345000,9380.00000007596,-3519068.3261910602,571867.5410999331,309.9594904025556,111,2:17:17
47.0%,2347500,9390.000000077996,-3520165.7035489585,573308.3226465497,310.7404123501655,111,2:17:10
47.0%,2350000,9400.000000080034,-3521450.984351555,576175.3995544314,312.2944045484335,111,2:17:02
47.0%,2352500,9410.000000082071,-3524088.119756801,575536.8837714144,311.9483208621007,111,2:16:54
47.1%,2355000,9420.000000084108,-3518992.106903773,573820.4772821036,311.0180066852772,111,2:16:46
47.1%,2357500,9430.000000086146,-3519655.0870637614,574459.1610149248,311.36418140254284,111,2:16:39
47.2%,2360000,9440.000000088183,-3519404.4722962845,574723.5679007177,311.50749330204616,111,2:16:31
47.2%,2362500,9450.00000009022,-3519769.4507381637,575715.9643631529,312.0453848235374,111,2:16:23
47.3%,2365000,9460.000000092257,-3523897.00200497,574138.2684478131,311.1902535443808,111,2:16:15
47.4%,2367500,9470.000000094295,-3520857.0051811393,574251.6577598735,311.25171199560845,111,2:16:08
47.4%,2370000,9480.000000096332,-3521805.037998654,576018.3535352843,312.2092836059667,111,2:16:00
47.5%,2372500,9490.00000009837,-3521189.1918004155,573911.8581845595,311.067536298207,111,2:15:52
47.5%,2375000,9500.000000100406,-3518426.5023974255,573123.8862043706,310.6404454495796,111,2:15:44
47.5%,2377500,9510.000000102444,-3519625.0588400103,573863.1056011056,311.0411117770773,111,2:15:36
47.6%,2380000,9520.000000104481,-3519252.422512494,572941.2455828688,310.5414519066717,111,2:15:29
47.6%,2382500,9530.000000106518,-3518872.087810762,573348.4128449797,310.76214174829084,111,2:15:21
47.7%,2385000,9540.000000108555,-3521317.76147048,571768.4457808535,309.9057794775674,111,2:15:13
47.8%,2387500,9550.000000110593,-3520448.19283621,574900.5408873905,311.6034149146955,111,2:15:05
47.8%,2390000,9560.00000011263,-3517877.8138045296,574484.7831292769,311.378068914837,111,2:14:58
47.9%,2392500,9570.000000114667,-3521229.2932814825,574580.775292977,311.43009789008863,111,2:14:50
47.9%,2395000,9580.000000116705,-3518825.6144437306,573848.3238083809,311.0330998571642,111,2:14:42
48.0%,2397500,9590.000000118742,-3520390.5693502165,573035.2393385891,310.5923977193472,111,2:14:34
48.0%,2400000,9600.000000120779,-3520848.7200098727,575310.0339938677,311.8253653935824,111,2:14:27
48.0%,2402500,9610.000000122816,-3518291.5329816956,573351.1546642267,310.7636278492417,111,2:14:19
48.1%,2405000,9620.000000124854,-3522664.431639226,574598.490838358,311.43969994130475,111,2:14:11
48.1%,2407500,9630.00000012689,-3519312.8086150642,571780.4677916006,309.9122955605009,111,2:14:03
48.2%,2410000,9640.000000128928,-3520817.331815202,573663.4772464047,310.932910666425,111,2:13:56
48.2%,2412500,9650.000000130965,-3520207.36464875,573821.8614835326,311.0187569400805,111,2:13:48
48.3%,2415000,9660.000000133003,-3518748.9819727037,574075.7566004858,311.15637132699806,111,2:13:40
48.4%,2417500,9670.00000013504,-3517213.8788786773,577314.6137650688,312.91187315927533,111,2:13:32
48.4%,2420000,9680.000000137077,-3519134.945940392,575789.2369890031,312.0850995199255,111,2:13:25
48.5%,2422500,9690.000000139114,-3519052.8067038488,573633.2336038665,310.9165182269957,111,2:13:17
48.5%,2425000,9700.000000141152,-3517169.087735066,574126.7974006387,311.18403609072067,111,2:13:09
48.5%,2427500,9710.000000143189,-3521246.910527015,574751.5008748516,311.52263332977236,111,2:13:01
48.6%,2430000,9720.000000145226,-3521472.7649016716,573806.7616364653,311.0105726306631,111,2:12:53
48.6%,2432500,9730.000000147264,-3519533.8226723354,575963.5407172434,312.17957436050966,111,2:12:46
48.7%,2435000,9740.0000001493,-3519563.7592868153,573591.3415315815,310.89381219029286,111,2:12:38
48.8%,2437500,9750.000000151338,-3519505.127428921,572709.2140038046,310.4156878357371,111,2:12:30
48.8%,2440000,9760.000000153375,-3521830.3304962646,573531.17794222,310.8612027586343,111,2:12:22
48.9%,2442500,9770.000000155413,-3520817.367892714,574635.4897144317,311.45975380334283,111,2:12:15
48.9%,2445000,9780.00000015745,-3516322.9942036923,575007.1638098694,311.6612058965953,111,2:12:07
49.0%,2447500,9790.000000159487,-3518070.762279477,573572.1537874034,310.88341218857926,111,2:11:59
49.0%,2450000,9800.000000161524,-3519308.3555224296,575280.3732505585,311.8092888929589,111,2:11:51
49.0%,2452500,9810.000000163562,-3521408.5792022776,572521.664843251,310.31403380214954,111,2:11:44
49.1%,2455000,9820.000000165599,-3515769.0307236146,575311.1747651028,311.8259837061204,111,2:11:36
49.1%,2457500,9830.000000167636,-3521908.9964100905,575311.3882053536,311.8260993934546,111,2:11:28
49.2%,2460000,9840.000000169674,-3521072.8382646292,572422.8895991343,310.2604963618677,111,2:11:20
49.2%,2462500,9850.00000017171,-3518224.8859846666,575146.4204071495,311.73668474584963,111,2:11:13
49.3%,2465000,9860.000000173748,-3520056.893394368,574932.2237064443,311.62058740612514,111,2:11:05
49.4%,2467500,9870.000000175785,-3518108.018345682,575617.2359661254,311.99187277497447,111,2:10:57
49.4%,2470000,9880.000000177823,-3521322.4336080626,576742.4428155896,312.6017492176671,111,2:10:49
49.5%,2472500,9890.00000017986,-3519740.8446113635,574823.4771660542,311.56164539627173,111,2:10:41
49.5%,2475000,9900.000000181897,-3519798.116499355,574169.355669795,311.2071032146121,111,2:10:34
49.5%,2477500,9910.000000183934,-3520942.0093991216,574785.4785112105,311.5410496414074,111,2:10:26
49.6%,2480000,9920.000000185972,-3520413.361910017,573428.9881007011,310.80581456307317,111,2:10:18
49.6%,2482500,9930.000000188009,-3517161.611395603,575379.575849639,311.86305796507384,111,2:10:10
49.7%,2485000,9940.000000190046,-3518961.231879797,574522.134374675,311.3983137655365,111,2:10:03
49.8%,2487500,9950.000000192083,-3519408.369664874,573748.7495352433,310.97912933297675,111,2:09:55
49.8%,2490000,9960.00000019412,-3520109.127760468,574762.2889606816,311.5284806096859,111,2:09:47
49.9%,2492500,9970.000000196158,-3521042.8459451217,575741.4561410999,312.05920169184003,111,2:09:39
49.9%,2495000,9980.000000198195,-3519434.956567822,574832.935040022,311.56677168441485,111,2:09:32
50.0%,2497500,9990.000000200233,-3517123.7365270797,572924.0863223511,310.5321513689361,111,2:09:24
50.0%,2500000,10000.00000020227,-3520089.0505714603,575269.3679925906,311.80332390298076,111,2:09:16
50.0%,2502500,10010.000000204307,-3519529.909141075,576587.2511495195,312.5176333581845,111,2:09:08
50.1%,2505000,10020.000000206344,-3518120.5492973216,572630.8635675021,310.3732209014145,111,2:09:01
50.1%,2507500,10030.000000208382,-3522518.9046275243,576574.7061735109,312.51083382141894,111,2:08:53
50.2%,2510000,10040.000000210419,-3518327.890037451,574488.2042133898,311.379923185996,111,2:08:45
50.2%,2512500,10050.000000212456,-3519321.4807388857,573953.3208924904,311.0900096139617,111,2:08:37
50.3%,2515000,10060.000000214493,-3517516.7213755827,574530.2892257788,311.40273379869245,111,2:08:30
50.4%,2517500,10070.00000021653,-3519517.438866226,574467.3432196482,311.36861626170895,111,2:08:22
50.4%,2520000,10080.000000218568,-3521979.3569454886,575066.503154147,311.6933685769211,111,2:08:14
50.5%,2522500,10090.000000220605,-3518515.465366289,573857.5655355665,311.0381089909986,111,2:08:07
50.5%,2525000,10100.000000222642,-3523412.9222973213,574689.2333729645,311.4888835507301,111,2:07:59
50.5%,2527500,10110.00000022468,-3521446.005812349,573441.2043303612,310.812435915131,111,2:07:51
50.6%,2530000,10120.000000226717,-3518464.7034245003,573599.7439720585,310.8983664200423,111,2:07:43
50.6%,2532500,10130.000000228754,-3518785.4540896006,574345.2211614518,311.3024245508581,111,2:07:36
50.7%,2535000,10140.000000230792,-3518925.481349731,573719.2576468859,310.9631443538876,111,2:07:28
50.8%,2537500,10150.000000232829,-3519541.7254697494,574948.3079870808,311.62930529107444,111,2:07:20
50.8%,2540000,10160.000000234866,-3522722.366167724,574162.5322369742,311.2034048271222,111,2:07:12
50.9%,2542500,10170.000000236903,-3519589.7230478507,574086.3247730371,311.16209941111384,111,2:07:04
50.9%,2545000,10180.00000023894,-3517449.0516056623,574136.5758823786,311.1893361523593,111,2:06:57
51.0%,2547500,10190.000000240978,-3521170.7118196245,573645.48348603,310.923157819139,111,2:06:49
51.0%,2550000,10200.000000243015,-3523334.3725004625,575066.2126115742,311.69321109914637,111,2:06:41
51.0%,2552500,10210.000000245052,-3521102.925773628,574183.0717365838,311.21453749749526,111,2:06:34
51.1%,2555000,10220.00000024709,-3522230.3907620255,573377.5255967118,310.77792123050057,111,2:06:26
51.1%,2557500,10230.000000249127,-3521281.970457822,574810.5912162212,311.5546610473508,111,2:06:18
51.2%,2560000,10240.000000251164,-3518656.4213000964,574629.6073444246,311.45656548388297,111,2:06:10
51.2%,2562500,10250.000000253202,-3518981.1004492026,573538.6957242846,310.86527749225746,111,2:06:02
51.3%,2565000,10260.000000255239,-3518914.680447962,573766.3296719869,310.9886579909869,111,2:05:55
51.4%,2567500,10270.000000257276,-3523391.1842375603,574563.6164377484,311.4207975720249,111,2:05:48
51.4%,2570000,10280.000000259313,-3520080.8002328463,573562.922331566,310.87840862194645,111,2:05:40
51.5%,2572500,10290.00000026135,-3518781.236673346,573295.8629904799,310.7336590578935,111,2:05:32
51.5%,2575000,10300.000000263388,-3518770.0831612106,575468.0064179363,311.9109884593151,111,2:05:24
51.5%,2577500,10310.000000265425,-3521700.014818145,576521.6435036415,312.48207317856014,111,2:05:17
51.6%,2580000,10320.000000267462,-3517535.9440825675,574094.9917688498,311.16679703322444,111,2:05:09
51.6%,2582500,10330.0000002695,-3519648.247689657,573510.1052319524,310.84978108129377,111,2:05:01
51.7%,2585000,10340.000000271537,-3518880.3967508245,573155.7586724678,310.657720733206,111,2:04:53
51.8%,2587500,10350.000000273574,-3519063.786012683,576259.4371431894,312.33995399181674,111,2:04:46
51.8%,2590000,10360.000000275611,-3518415.6492713597,574147.6366405801,311.1953312241709,111,2:04:38
51.9%,2592500,10370.000000277649,-3519773.100411419,573226.4543218763,310.69603867554315,111,2:04:30
51.9%,2595000,10380.000000279686,-3520497.440160027,573987.7979719709,311.1086966301294,111,2:04:22
52.0%,2597500,10390.000000281723,-3519704.511779232,575612.6565055369,311.98939064901293,111,2:04:15
52.0%,2600000,10400.00000028376,-3519146.425657602,574224.2107047526,311.23683534217577,111,2:04:07
52.0%,2602500,10410.000000285798,-3520361.3596268874,573471.8460149614,310.82904409842723,111,2:03:59
52.1%,2605000,10420.000000287835,-3516400.2439337336,573515.7349012212,310.8528324337352,111,2:03:51
52.1%,2607500,10430.000000289872,-3518160.3104148842,573613.3101000772,310.9057194342024,111,2:03:43
52.2%,2610000,10440.00000029191,-3516681.030808756,574130.1142114812,311.1858338444391,111,2:03:36
52.2%,2612500,10450.000000293947,-3521348.8146706317,575347.0884163368,311.8454493624742,111,2:03:28
52.3%,2615000,10460.000000295984,-3521264.1807036605,574256.8436847051,311.2545228329135,111,2:03:20
52.4%,2617500,10470.000000298021,-3521044.785521481,573986.3069115925,311.10788845641457,111,2:03:12
52.4%,2620000,10480.000000300059,-3519540.6154553723,574304.2344241836,311.2802092172645,111,2:03:05
52.5%,2622500,10490.000000302096,-3519880.102302484,570835.3885017409,309.40005054916224,111,2:02:57
52.5%,2625000,10500.000000304133,-3520266.0943335965,574831.315740189,311.56589400328244,111,2:02:49
52.5%,2627500,10510.00000030617,-3522681.531604916,572506.5384669038,310.3058351135246,111,2:02:41
52.6%,2630000,10520.000000308208,-3516979.718764527,573203.6088064006,310.6836561152019,111,2:02:34
52.6%,2632500,10530.000000310245,-3522042.573882738,573032.8006199213,310.59107590277046,111,2:02:26
52.7%,2635000,10540.000000312282,-3520415.3591588195,574255.6436764239,311.2538724131422,111,2:02:18
52.8%,2637500,10550.00000031432,-3517890.832161993,575494.6496595835,311.92542943560784,111,2:02:10
52.8%,2640000,10560.000000316357,-3520071.741418302,572452.2778302504,310.27642515741195,111,2:02:03
52.9%,2642500,10570.000000318394,-3522850.8682122976,571815.9666496189,309.93153639364925,111,2:01:55
52.9%,2645000,10580.000000320431,-3521994.761064954,576480.358726506,312.4596963035627,111,2:01:47
53.0%,2647500,10590.000000322469,-3517398.1828425787,573762.4129060967,310.9865350539917,111,2:01:39
53.0%,2650000,10600.000000324506,-3519393.133618757,574884.7631907903,311.5948632021984,111,2:01:31
53.0%,2652500,10610.000000326543,-3519432.305289358,574018.2014958966,311.12517572730684,111,2:01:24
53.1%,2655000,10620.00000032858,-3515503.665368395,575133.8774738299,311.72988631624753,111,2:01:16
53.1%,2657500,10630.000000330618,-3521320.8193135355,573204.8841966538,310.6843473929622,111,2:01:08
53.2%,2660000,10640.000000332655,-3518372.0902225208,573407.7654524513,310.79431161743673,111,2:01:00
53.2%,2662500,10650.000000334692,-3520163.7734806705,577369.5017192329,312.9416231294681,111,2:00:53
53.3%,2665000,10660.00000033673,-3519163.5321274754,576744.645300743,312.60294299267036,111,2:00:45
53.4%,2667500,10670.000000338767,-3521395.802013222,576690.0568597678,312.57335536244045,111,2:00:37
53.4%,2670000,10680.000000340804,-3518846.1210577004,572767.47760134,310.44726744762835,111,2:00:29
53.5%,2672500,10690.000000342841,-3521313.5673856065,574330.5079896797,311.29444982437525,111,2:00:22
53.5%,2675000,10700.000000344879,-3521558.9208328035,575168.8948082104,311.74886615745163,111,2:00:14
53.5%,2677500,10710.000000346916,-3518864.292543253,573441.0521119247,310.8123534107998,111,2:00:06
53.6%,2680000,10720.000000348953,-3519205.520845324,573398.3077462488,310.7891854202246,111,1:59:58
53.6%,2682500,10730.00000035099,-3520733.869217459,574032.2698492688,311.1328009540048,111,1:59:51
53.7%,2685000,10740.000000353028,-3520857.99139804,574374.9952809329,311.3185625028108,111,1:59:43
53.8%,2687500,10750.000000355065,-3519192.7940114364,573986.4074420442,311.1079429451998,111,1:59:35
53.8%,2690000,10760.000000357102,-3519486.136886861,575577.346476826,311.97025216375414,111,1:59:27
53.9%,2692500,10770.00000035914,-3522119.0888585206,574569.3503977702,311.42390545138267,111,1:59:20
53.9%,2695000,10780.000000361177,-3520320.0362549145,572522.7831348912,310.31463993046077,111,1:59:12
54.0%,2697500,10790.000000363214,-3522158.226414975,572431.8895669332,310.2653744590354,111,1:59:04
54.0%,2700000,10800.000000365251,-3518872.1981619783,573670.1548755919,310.9365300264887,111,1:58:56
54.0%,2702500,10810.000000367289,-3517532.0746353418,573675.550079773,310.9394542958664,111,1:58:49
54.1%,2705000,10820.000000369326,-3521633.9170987736,573816.9327867723,311.01608552366605,111,1:58:41
54.1%,2707500,10830.000000371363,-3522877.442283096,574691.6536723382,311.49019538381486,111,1:58:34
54.2%,2710000,10840.0000003734,-3521003.95836962,573692.8802287395,310.94884745731764,111,1:58:26
54.2%,2712500,10850.000000375438,-3518149.3688578457,572730.7037150037,310.4273355328933,111,1:58:18
54.3%,2715000,10860.000000377475,-3519735.7673732117,573944.0356869085,311.0849769142828,111,1:58:10
54.4%,2717500,10870.000000379512,-3521324.0869526044,572995.2623347661,310.5707296741405,111,1:58:03
54.4%,2720000,10880.00000038155,-3520046.583349213,572707.1277079232,310.414557036799,111,1:57:55
54.5%,2722500,10890.000000383587,-3518458.3452876955,574048.036948951,311.14134692283733,111,1:57:47
54.5%,2725000,10900.000000385624,-3518193.5344051532,574206.0694249254,311.22700253746774,111,1:57:39
54.5%,2727500,10910.000000387661,-3518939.882176727,570924.9862125674,309.44861364951873,111,1:57:32
54.6%,2730000,10920.000000389698,-3521822.995519016,573987.7119289163,311.10864999369795,111,1:57:24
54.6%,2732500,10930.000000391736,-3522015.516615892,575412.8928109591,311.88111618242374,111,1:57:16
54.7%,2735000,10940.000000393773,-3520238.086066326,576459.174115398,312.44821397454155,111,1:57:08
54.8%,2737500,10950.00000039581,-3520544.9197736513,572525.3540860607,310.3160334187375,111,1:57:00
54.8%,2740000,10960.000000397848,-3521071.859040141,573972.7558269481,311.10054359595495,111,1:56:53
54.9%,2742500,10970.000000399885,-3518186.1706035193,572387.3797877037,310.2412495918304,111,1:56:45
54.9%,2745000,10980.000000401922,-3519059.9857230876,574285.0216235196,311.2697956346164,111,1:56:37
55.0%,2747500,10990.00000040396,-3517094.588791121,575035.6535813834,311.6766477155927,111,1:56:29
55.0%,2750000,11000.000000405997,-3520463.3877911735,574856.200885827,311.57938206914764,111,1:56:22
55.0%,2752500,11010.000000408034,-3520149.7522943597,572816.7684051644,310.4739836910534,111,1:56:14
55.1%,2755000,11020.000000410071,-3517970.53887661,574277.2104844423,311.26556189775624,111,1:56:06
55.1%,2757500,11030.000000412108,-3520882.558611188,572339.4933586237,310.21529453740243,111,1:55:58
55.2%,2760000,11040.000000414146,-3519664.8615922797,575448.7490654273,311.9005507289996,111,1:55:51
55.2%,2762500,11050.000000416183,-3518814.6505212467,574821.8837214792,311.56078172901846,111,1:55:43
55.3%,2765000,11060.00000041822,-3522474.4848218225,573827.462409544,311.0217927133104,111,1:55:35
55.4%,2767500,11070.000000420257,-3518798.2929974254,573543.639980278,310.8679573419744,111,1:55:27
55.4%,2770000,11080.000000422295,-3522304.9717252385,574588.8270004912,311.43446201810536,111,1:55:20
55.5%,2772500,11090.000000424332,-3517392.9669141397,572064.3883745286,310.06618413237175,111,1:55:12
55.5%,2775000,11100.00000042637,-3518285.0085471366,574226.0646398971,311.2378401986352,111,1:55:04
55.5%,2777500,11110.000000428407,-3521971.899605982,573404.9850479813,310.79280460280364,111,1:54:56
55.6%,2780000,11120.000000430444,-3518012.032509502,572403.2086247923,310.24982902312354,111,1:54:48
55.6%,2782500,11130.000000432481,-3520119.4589857347,574483.7329189094,311.3774996874426,111,1:54:41
55.7%,2785000,11140.000000434518,-3517915.3162091076,572753.0636912002,310.4394549247615,111,1:54:33
55.8%,2787500,11150.000000436556,-3520046.224531116,572618.3802581856,310.3664547887814,111,1:54:25
55.8%,2790000,11160.000000438593,-3519929.3223088346,572515.1247657286,310.31048899684004,111,1:54:17
55.9%,2792500,11170.00000044063,-3518096.3523195665,573141.919777374,310.65021987581736,111,1:54:10
55.9%,2795000,11180.000000442667,-3518765.6165772267,575174.6858786708,311.75200499139436,111,1:54:02
56.0%,2797500,11190.000000444705,-3520378.1999380738,576458.3254227107,312.44775397229637,111,1:53:54
56.0%,2800000,11200.000000446742,-3518833.211361332,572209.7450025562,310.14496927597935,111,1:53:46
56.0%,2802500,11210.00000044878,-3519090.8742835745,571082.6367836604,309.53406226683956,111,1:53:39
56.1%,2805000,11220.000000450817,-3522344.677889155,573741.8346433707,310.9753813735159,111,1:53:31
56.1%,2807500,11230.000000452854,-3516656.187373534,573487.2321265555,310.837383566864,111,1:53:23
56.2%,2810000,11240.000000454891,-3520585.4854154587,572786.2486733422,310.45744160771596,111,1:53:15
56.2%,2812500,11250.000000456928,-3518143.7537685074,571563.4554936818,309.7946721312281,111,1:53:08
56.3%,2815000,11260.000000458966,-3521924.398135716,575484.0610367954,311.9196902672033,111,1:53:00
56.4%,2817500,11270.000000461003,-3520052.5357146617,576791.5106518306,312.6283446098223,111,1:52:52
56.4%,2820000,11280.00000046304,-3520441.106567694,574960.9429319585,311.63615359211286,111,1:52:44
56.5%,2822500,11290.000000465077,-3520476.6343477573,573619.69915833,310.9091823851445,111,1:52:36
56.5%,2825000,11300.000000467115,-3521532.4706945233,574530.7127396052,311.4029633485801,111,1:52:29
56.5%,2827500,11310.000000469152,-3521876.251656769,575640.7110034609,312.0045965441811,111,1:52:21
56.6%,2830000,11320.00000047119,-3515046.3529709224,573928.7009048548,311.0766652671106,111,1:52:13
56.6%,2832500,11330.000000473226,-3519760.0071850047,577559.2924260475,313.04449210967675,111,1:52:05
56.7%,2835000,11340.000000475264,-3521970.9016846474,574599.6054218381,311.440304059746,111,1:51:58
56.8%,2837500,11350.000000477301,-3520363.4363013227,573787.8471426211,311.00032073411046,111,1:51:50
56.8%,2840000,11360.000000479338,-3521274.909405159,574646.7749912571,311.465870567108,111,1:51:42
56.9%,2842500,11370.000000481376,-3519175.4766169973,574634.2940767574,311.45910575249616,111,1:51:34
56.9%,2845000,11380.000000483413,-3521303.215755079,574023.7340233828,311.12817442766493,111,1:51:27
57.0%,2847500,11390.00000048545,-3520545.9872731566,573097.7500304596,310.6262793104577,111,1:51:19
57.0%,2850000,11400.000000487487,-3517598.6341887545,572675.0968436381,310.3971959004214,111,1:51:11
57.0%,2852500,11410.000000489525,-3520027.044033611,573094.9534081542,310.62476350555124,111,1:51:03
57.1%,2855000,11420.000000491562,-3520281.507138949,573851.1401010216,311.03462632364295,111,1:50:55
57.1%,2857500,11430.0000004936,-3521605.7792310733,573941.1358273464,311.0834051534684,111,1:50:48
57.2%,2860000,11440.000000495636,-3521855.46185915,574412.7599128268,311.3390314142558,111,1:50:40
57.2%,2862500,11450.000000497674,-3521522.3249669597,574394.5675428784,311.32917091805143,111,1:50:32
57.3%,2865000,11460.000000499711,-3522013.2604333926,574711.7466796141,311.5010860496566,111,1:50:24
57.4%,2867500,11470.000000501748,-3519148.2611889243,572819.4710344307,310.4754485505356,111,1:50:17
57.4%,2870000,11480.000000503785,-3517235.6221343465,574411.7819013041,311.3385013195549,111,1:50:09
57.5%,2872500,11490.000000505823,-3520771.6260333825,575020.3120788303,311.66833242582436,111,1:50:01
57.5%,2875000,11500.00000050786,-3518666.8011292964,572314.7617750388,310.20188970412573,111,1:49:53
57.5%,2877500,11510.000000509897,-3520546.308589263,572820.4687310916,310.4759893148322,111,1:49:46
57.6%,2880000,11520.000000511935,-3519418.1715553924,573811.1575826869,311.01295528950055,111,1:49:38
57.6%,2882500,11530.000000513972,-3518937.0859113783,571847.2408605722,309.9484874142845,111,1:49:30
57.7%,2885000,11540.00000051601,-3519557.795951603,574263.8415738187,311.258315777936,111,1:49:22
57.8%,2887500,11550.000000518046,-3515832.978264548,574974.65758428,311.6435871083367,111,1:49:15
57.8%,2890000,11560.000000520084,-3519234.4487199374,573871.4654080889,311.0456428989301,111,1:49:07
57.9%,2892500,11570.00000052212,-3518640.4223776106,572155.9020586677,310.11578571466487,111,1:48:59
57.9%,2895000,11580.000000524158,-3521726.33608507,573424.0107832827,310.8031167936428,111,1:48:51
58.0%,2897500,11590.000000526195,-3522358.413111875,576627.5590139834,312.5394807340723,111,1:48:44
58.0%,2900000,11600.000000528233,-3521344.1134657376,574335.1047245739,311.29694131323055,111,1:48:36
58.0%,2902500,11610.00000053027,-3524142.032771591,575287.02511589,311.8128942886846,111,1:48:28
58.1%,2905000,11620.000000532307,-3518931.475814106,574625.946849204,311.4545814488545,111,1:48:20
58.1%,2907500,11630.000000534345,-3518840.8452620152,574739.912517175,311.51635229232596,111,1:48:12
58.2%,2910000,11640.000000536382,-3518485.9971310515,574490.3039879275,311.3810612905375,111,1:48:05
58.2%,2912500,11650.000000538419,-3522110.028769426,573365.4216284512,310.77136072555095,111,1:47:57
58.3%,2915000,11660.000000540456,-3520223.71210522,574458.8080595073,311.36399009621147,111,1:47:49
58.4%,2917500,11670.000000542494,-3522042.60061118,572319.8635421628,310.2046549268814,111,1:47:41
58.4%,2920000,11680.00000054453,-3519058.1767469756,572909.5484667353,310.52427166604275,111,1:47:34
58.5%,2922500,11690.000000546568,-3519884.301291637,574326.1026324849,311.2920620646704,111,1:47:26
58.5%,2925000,11700.000000548605,-3519892.3767183777,574890.2611427861,311.5978431622003,111,1:47:18
58.5%,2927500,11710.000000550643,-3520462.0490402635,574756.3936491287,311.5252852757434,111,1:47:10
58.6%,2930000,11720.00000055268,-3521795.970822785,572917.9547522626,310.52882797985836,111,1:47:03
58.6%,2932500,11730.000000554717,-3523071.1924979407,576190.1000703222,312.3023724152674,111,1:46:55
58.7%,2935000,11740.000000556754,-3523395.8543374836,574519.9137303766,311.3971101480454,111,1:46:47
58.8%,2937500,11750.000000558792,-3519972.07104028,574761.7267396824,311.52817587874404,111,1:46:39
58.8%,2940000,11760.000000560829,-3519853.404193362,571902.3403829098,309.9783520571217,111,1:46:32
58.9%,2942500,11770.000000562866,-3520620.5056406073,573205.6349630966,310.6847543179357,111,1:46:24
58.9%,2945000,11780.000000564904,-3517048.733426867,574269.1262773082,311.26118015453164,111,1:46:16
59.0%,2947500,11790.00000056694,-3524087.4068337698,572266.8501979741,310.1759210191698,111,1:46:08
59.0%,2950000,11800.000000568978,-3520909.9858423006,574300.2206286406,311.2780336889617,111,1:46:01
59.0%,2952500,11810.000000571015,-3518580.0291154105,575181.2974259146,311.75558853420307,111,1:45:53
59.1%,2955000,11820.000000573053,-3520219.288566377,573428.2926123193,310.80543759951274,111,1:45:45
59.1%,2957500,11830.00000057509,-3517373.696523091,572810.2470039995,310.4704490085676,111,1:45:37
59.2%,2960000,11840.000000577127,-3521528.285604557,573310.5783230576,310.74163495556047,111,1:45:30
59.2%,2962500,11850.000000579164,-3516776.18059472,573696.0649621364,310.9505736233786,111,1:45:22
59.3%,2965000,11860.000000581202,-3517342.1836232934,574490.4915607049,311.3811629573717,111,1:45:14
59.4%,2967500,11870.000000583239,-3518620.3653798345,573985.7092302644,311.10756450552293,111,1:45:06
59.4%,2970000,11880.000000585276,-3519885.2612794805,575068.6729541916,311.69454463617916,111,1:44:58
59.5%,2972500,11890.000000587313,-3522306.0550877843,573980.8682003743,311.1049406056686,111,1:44:51
59.5%,2975000,11900.00000058935,-3519844.733828144,574238.5445031801,311.24460444347426,111,1:44:43
59.5%,2977500,11910.000000591388,-3519727.932698302,576051.5329979864,312.2272672973145,111,1:44:35
59.6%,2980000,11920.000000593425,-3521547.3510341756,573966.1098309591,311.09694138148757,111,1:44:27
59.6%,2982500,11930.000000595463,-3520420.7029803228,570369.3074188428,309.1474286663684,111,1:44:20
59.7%,2985000,11940.0000005975,-3516733.7122906595,576291.8199581563,312.35750588994625,111,1:44:12
59.8%,2987500,11950.000000599537,-3517728.833356587,574310.3927120722,311.28354708773014,111,1:44:04
59.8%,2990000,11960.000000601574,-3520471.677815413,572434.9797912989,310.2670493999978,111,1:43:56
59.9%,2992500,11970.000000603612,-3517980.455440743,575355.8315164493,311.8501882340846,111,1:43:49
59.9%,2995000,11980.000000605649,-3525186.0685801636,576122.2182890561,312.26557962530006,111,1:43:41
60.0%,2997500,11990.000000607686,-3521276.5890231263,572048.6321288238,310.05764404653314,111,1:43:33
60.0%,3000000,12000.000000609723,-3520185.3011604976,575417.186180807,311.8834432435603,111,1:43:25
60.0%,3002500,12010.00000061176,-3522575.9469172657,573179.0453522245,310.67034241020605,111,1:43:18
60.1%,3005000,12020.000000613798,-3519598.953864448,571539.5138005591,309.7816954286416,111,1:43:10
60.1%,3007500,12030.000000615835,-3521997.723019963,572568.9512437806,310.33966363346144,111,1:43:02
60.2%,3010000,12040.000000617873,-3519616.9079366717,572717.445462287,310.4201493910679,111,1:42:54
60.2%,3012500,12050.00000061991,-3516611.0916696265,577046.8492595302,312.76674138710825,111,1:42:47
60.3%,3015000,12060.000000621947,-3520348.849632269,574400.0684936575,311.3321525034321,111,1:42:39
60.4%,3017500,12070.000000623984,-3522534.661668567,574621.9960458738,311.4524400631334,111,1:42:31
60.4%,3020000,12080.000000626022,-3518450.3856554423,572373.3481764416,310.23364427982415,111,1:42:23
60.5%,3022500,12090.000000628059,-3521903.3739026617,572884.833892615,310.51087605211245,111,1:42:16
60.5%,3025000,12100.000000630096,-3517673.1596147344,575941.6791601412,312.1677251181382,111,1:42:08
60.5%,3027500,12110.000000632133,-3521742.2937677726,574527.7847810169,311.4013763577356,111,1:42:00
60.6%,3030000,12120.00000063417,-3521306.39013974,572842.1333921195,310.48773183702366,111,1:41:52
60.6%,3032500,12130.000000636208,-3517463.5659655407,574972.394489509,311.6423604821488,111,1:41:44
60.7%,3035000,12140.000000638245,-3520106.1180145293,574149.1546964517,311.19615402978684,111,1:41:37
60.8%,3037500,12150.000000640282,-3519440.236719027,574230.34903326,311.2401623944026,111,1:41:29
60.8%,3040000,12160.00000064232,-3519108.449239863,574122.2194849167,311.18155480209634,111,1:41:21
60.9%,3042500,12170.000000644357,-3521037.69945243,575089.4106050238,311.70578470703845,111,1:41:13
60.9%,3045000,12180.000000646394,-3519871.4992125668,574947.7419891339,311.62899851297885,111,1:41:06
61.0%,3047500,12190.000000648432,-3519639.2404947784,574405.9498489867,311.33534027292364,111,1:40:58
61.0%,3050000,12200.000000650469,-3517398.687263746,575264.3153419599,311.80058530198994,111,1:40:50
61.0%,3052500,12210.000000652506,-3516658.731717957,574280.3277988057,311.2672515218423,111,1:40:42
61.1%,3055000,12220.000000654543,-3515085.9111293126,573317.130083815,310.74518609333205,111,1:40:35
61.1%,3057500,12230.00000065658,-3516887.55492316,575606.6165986498,311.9861169425577,111,1:40:27
61.2%,3060000,12240.000000658618,-3521194.8896608036,576156.0280156145,312.28390492768483,111,1:40:19
61.2%,3062500,12250.000000660655,-3521322.815107191,573485.3455727049,310.8363610306504,111,1:40:11
61.3%,3065000,12260.000000662692,-3519358.8227346577,574711.17255122,311.50077486475516,111,1:40:04
61.4%,3067500,12270.00000066473,-3520815.723543126,574104.2684724887,311.17182512474193,111,1:39:56
61.4%,3070000,12280.000000666767,-3520508.7500621136,572651.4715450228,310.38439068768747,111,1:39:48
61.5%,3072500,12290.000000668804,-3520751.0644390583,574014.0676471884,311.1229351286596,111,1:39:40
61.5%,3075000,12300.000000670841,-3517773.77898,575057.7865657078,311.6886440749753,111,1:39:33
61.5%,3077500,12310.000000672879,-3518729.7526523042,575098.8408363634,311.710896012525,111,1:39:25
61.6%,3080000,12320.000000674916,-3521394.777152255,572577.9741715784,310.34455417524106,111,1:39:17
61.6%,3082500,12330.000000676953,-3518196.7545687836,574260.3700155055,311.2564341491175,111,1:39:09
61.7%,3085000,12340.00000067899,-3518296.729679808,575176.3206154588,311.75289103955294,111,1:39:02
61.8%,3087500,12350.000000681028,-3519332.2000973914,575470.5848560142,311.9123860055915,111,1:38:54
61.8%,3090000,12360.000000683065,-3521249.2974913586,573947.6360103767,311.0869283354551,111,1:38:46
61.9%,3092500,12370.000000685102,-3519970.979052946,574285.4082704582,311.27000520218127,111,1:38:38
61.9%,3095000,12380.00000068714,-3523627.073473092,572698.3094779841,310.40977744386583,111,1:38:30
62.0%,3097500,12390.000000689177,-3519351.316047605,574262.1036892476,311.2573738223653,111,1:38:23
62.0%,3100000,12400.000000691214,-3520215.753036475,575682.8458655428,312.0274341760459,111,1:38:15
62.0%,3102500,12410.000000693251,-3517014.08873483,575439.9367763503,311.89577435608925,111,1:38:07
62.1%,3105000,12420.000000695289,-3520860.775657287,574850.1625388818,311.5761092082008,111,1:38:00
62.1%,3107500,12430.000000697326,-3520313.6182576083,573034.7984851368,310.59215877116145,111,1:37:52
62.2%,3110000,12440.000000699363,-3520201.8831698447,575882.4821399086,312.1356395792574,111,1:37:44
62.2%,3112500,12450.0000007014,-3521627.4889158495,574293.8103816201,311.2745592534377,111,1:37:36
62.3%,3115000,12460.000000703438,-3520550.598389948,574444.9512206257,311.35647951306123,111,1:37:29
62.4%,3117500,12470.000000705475,-3519280.122606717,575357.5945251535,311.8511438072554,111,1:37:21
62.4%,3120000,12480.000000707512,-3522243.941220332,575335.4663102091,311.83915003293754,111,1:37:13
62.5%,3122500,12490.00000070955,-3521018.0534404144,573705.6144873011,310.9557495876376,111,1:37:05
62.5%,3125000,12500.000000711587,-3522785.8144766297,572901.9395153879,310.5201475175072,111,1:36:58
62.5%,3127500,12510.000000713624,-3521756.5130798724,575996.8683009413,312.1976383353235,111,1:36:50
62.6%,3130000,12520.000000715661,-3521733.0213651415,572839.4031145156,310.48625199179037,111,1:36:42
62.6%,3132500,12530.000000717699,-3515827.784094002,576120.8067329738,312.2648145439263,111,1:36:34
62.7%,3135000,12540.000000719736,-3522238.5389849134,573788.7526197,311.0008115142191,111,1:36:27
62.8%,3137500,12550.000000721773,-3517973.1157657523,574065.831499115,311.1509917956521,111,1:36:19
62.8%,3140000,12560.00000072381,-3520424.2332202233,573323.4611230434,310.74861759722404,111,1:36:11
62.9%,3142500,12570.000000725848,-3518022.560859069,573519.2721932654,310.85474969107304,111,1:36:04
62.9%,3145000,12580.000000727885,-3521083.955372492,576580.133904483,312.51377572073176,111,1:35:56
63.0%,3147500,12590.000000729922,-3516733.7561632004,573663.2095009475,310.93276554497726,111,1:35:48
63.0%,3150000,12600.00000073196,-3521254.850069413,572200.7225721432,310.14007900378857,111,1:35:40
63.0%,3152500,12610.000000733997,-3520758.6312867254,575051.9568506717,311.6854842951803,111,1:35:33
63.1%,3155000,12620.000000736034,-3520887.506967986,572727.78510808,310.42575361077024,111,1:35:25
63.1%,3157500,12630.000000738071,-3522202.508561762,575055.4070513102,311.68735434786703,111,1:35:17
63.2%,3160000,12640.000000740109,-3520136.6642923933,574260.8991854829,311.2567209659846,111,1:35:09
63.2%,3162500,12650.000000742146,-3517734.870727064,575473.7274375949,311.9140893248312,111,1:35:02
63.3%,3165000,12660.000000744183,-3521673.6024819575,572789.5658940438,310.4592395835833,111,1:34:54
63.4%,3167500,12670.00000074622,-3516732.8669003304,573730.005715555,310.9689699439903,111,1:34:46
63.4%,3170000,12680.000000748258,-3520428.254802875,574188.1556448333,311.21729304051354,111,1:34:39
63.5%,3172500,12690.000000750295,-3522786.5191084743,574197.5054254583,311.22236074068815,111,1:34:31
63.5%,3175000,12700.000000752332,-3517958.1439785734,572584.1449641861,310.34789882342375,111,1:34:23
63.5%,3177500,12710.00000075437,-3519978.6919878647,575165.2493808724,311.7468902894073,111,1:34:16
63.6%,3180000,12720.000000756407,-3518150.9277737327,575520.9554510408,311.93968750960005,111,1:34:08
63.6%,3182500,12730.000000758444,-3521145.3086723294,573857.532364428,311.03809101181906,111,1:34:00
63.7%,3185000,12740.000000760481,-3521377.79059097,573410.0589843227,310.79555474092075,111,1:33:52
63.8%,3187500,12750.000000762519,-3518147.098291101,575485.8823499635,311.92067744213614,111,1:33:44
63.8%,3190000,12760.000000764556,-3521769.2192301434,572124.7274421932,310.0988886755055,111,1:33:37
63.9%,3192500,12770.000000766593,-3519256.953127535,573693.416864654,310.9491383208178,111,1:33:29
63.9%,3195000,12780.00000076863,-3516222.0705234036,574526.1059910952,311.4004664322175,111,1:33:21
64.0%,3197500,12790.000000770668,-3521811.650644429,575957.8862939139,312.176509591052,111,1:33:13
64.0%,3200000,12800.000000772705,-3519865.3410194125,573355.8367547897,310.76616560195646,111,1:33:06
64.0%,3202500,12810.000000774742,-3520656.5322017856,575193.5500050534,311.7622295881414,111,1:32:58
64.1%,3205000,12820.00000077678,-3520661.3742708843,572150.638916138,310.11293302438395,111,1:32:50
64.2%,3207500,12830.000000778817,-3521885.1210506186,574811.5114031857,311.5551598004048,111,1:32:42
64.2%,3210000,12840.000000780854,-3518286.20428331,574601.2062093893,311.4411717069858,111,1:32:35
64.2%,3212500,12850.000000782891,-3521192.962313777,575103.3882353278,311.713360760678,111,1:32:27
64.3%,3215000,12860.000000784928,-3517622.800682416,575456.5693004883,311.9047893959987,111,1:32:19
64.3%,3217500,12870.000000786966,-3518686.1236086767,574803.4751674628,311.55080405829597,111,1:32:11
64.4%,3220000,12880.000000789003,-3519050.3111006003,574507.9895299074,311.39064707952815,111,1:32:04
64.5%,3222500,12890.00000079104,-3518533.297259981,574244.4484833002,311.2478044758906,111,1:31:56
64.5%,3225000,12900.000000793078,-3519036.19192566,572969.0143719509,310.5565029440088,111,1:31:48
64.5%,3227500,12910.000000795115,-3521625.215724563,574280.1205466238,311.2671391885203,111,1:31:40
64.6%,3230000,12920.000000797152,-3515710.9811742883,573749.9946869407,310.9798042210546,111,1:31:32
64.7%,3232500,12930.00000079919,-3524086.23803371,575148.5876098489,311.7378593973135,111,1:31:25
64.7%,3235000,12940.000000801227,-3518076.5573360007,573944.9847342011,311.0854913100021,111,1:31:17
64.8%,3237500,12950.000000803264,-3519934.5986692235,573212.2564390086,310.68834324220904,111,1:31:09
64.8%,3240000,12960.000000805301,-3521015.4866786413,574260.3905072501,311.25644525590405,111,1:31:02
64.8%,3242500,12970.000000807338,-3518297.1858436204,573797.0935267041,311.00533239204253,111,1:30:54
64.9%,3245000,12980.000000809376,-3519089.1580493115,572848.671509685,310.4912755800116,111,1:30:46
65.0%,3247500,12990.000000811413,-3520378.7904402316,573875.3792101683,311.0477642295021,111,1:30:38
65.0%,3250000,13000.00000081345,-3520162.6274921168,570340.222746911,309.1316644037681,111,1:30:31
65.0%,3252500,13010.000000815488,-3519941.496187398,575541.1905654757,311.9506551993319,111,1:30:23
65.1%,3255000,13020.000000817525,-3520224.3223032765,575529.0218683836,311.9440596105312,111,1:30:15
65.2%,3257500,13030.000000819562,-3519006.7477239817,572592.915635792,310.35265263913465,111,1:30:07
65.2%,3260000,13040.0000008216,-3520636.5379078723,572826.2963932639,310.4791479819488,111,1:30:00
65.2%,3262500,13050.000000823637,-3517083.9992925227,573273.1296203036,310.7213372817328,111,1:29:52
65.3%,3265000,13060.000000825674,-3520944.3571694177,579199.2240240092,313.93335592142864,111,1:29:44
65.3%,3267500,13070.000000827711,-3521726.120588729,574873.6847039798,311.5888585212549,111,1:29:36
65.4%,3270000,13080.000000829748,-3519928.581069013,572853.5291193044,310.4939084662903,111,1:29:29
65.5%,3272500,13090.000000831786,-3520112.774497263,574552.3299078553,311.4146801290811,111,1:29:21
65.5%,3275000,13100.000000833823,-3523191.091173677,572800.6706550547,310.46525850547806,111,1:29:13
65.5%,3277500,13110.00000083586,-3519215.8695950937,573256.9032319754,310.7125423726047,111,1:29:06
65.6%,3280000,13120.000000837897,-3519540.542766094,573148.9696431481,310.65404099285183,111,1:28:58
65.7%,3282500,13130.000000839935,-3519028.696960533,574042.2238090781,311.13819612699194,111,1:28:50
65.7%,3285000,13140.000000841972,-3520047.8684724607,570689.8419621295,309.3211624710576,111,1:28:43
65.8%,3287500,13150.00000084401,-3520001.108034106,573336.7192898155,310.75580369246643,111,1:28:35
65.8%,3290000,13160.000000846047,-3521629.9403539337,573337.0286900157,310.7559713913153,111,1:28:28
65.8%,3292500,13170.000000848084,-3519532.7933052033,574717.6698708546,311.5042964947449,111,1:28:20
65.9%,3295000,13180.000000850121,-3521222.75072659,574124.0097900671,311.18252517028867,111,1:28:12
66.0%,3297500,13190.000000852158,-3518490.6326755136,573006.5402204427,310.5768424318088,111,1:28:05
66.0%,3300000,13200.000000854196,-3520617.38772689,572919.597737297,310.52971849867157,111,1:27:57
66.0%,3302500,13210.000000856233,-3521254.630497828,573833.7835586994,311.02521885665675,111,1:27:49
66.1%,3305000,13220.00000085827,-3518334.5514845476,575220.0126126152,311.77657265845943,111,1:27:42
66.2%,3307500,13230.000000860307,-3518909.617834376,574812.6187887711,311.5557600174954,111,1:27:34
66.2%,3310000,13240.000000862345,-3519637.996503206,573126.0343755713,310.6416097857288,111,1:27:26
66.2%,3312500,13250.000000864382,-3517079.316107059,574896.3659988784,311.60115207195184,111,1:27:19
66.3%,3315000,13260.00000086642,-3518025.659829406,574975.0548195164,311.64380241489386,111,1:27:11
66.3%,3317500,13270.000000868456,-3517742.9942980856,574026.724978525,311.1297955634439,111,1:27:03
66.4%,3320000,13280.000000870494,-3519340.7148567922,576473.857898646,312.45617277207003,111,1:26:56
66.5%,3322500,13290.000000872531,-3515165.7759605665,573065.9888858306,310.6090643655687,111,1:26:48
66.5%,3325000,13300.000000874568,-3521027.3008266594,572186.057496503,310.1321303460218,111,1:26:40
66.5%,3327500,13310.000000876606,-3518744.5400863327,575875.93705369,312.13209205917076,111,1:26:33
66.6%,3330000,13320.000000878643,-3522324.639758749,574877.695515404,311.5910324321273,111,1:26:25
66.7%,3332500,13330.00000088068,-3519990.716319207,575697.2169669112,312.03522349601343,111,1:26:17
66.7%,3335000,13340.000000882717,-3522261.9195897225,575636.7207776948,312.00243379099754,111,1:26:10
66.8%,3337500,13350.000000884755,-3520097.357492583,571668.0746453747,309.8513770438425,111,1:26:02
66.8%,3340000,13360.000000886792,-3518967.9134723283,573075.8193739215,310.614392615312,111,1:25:54
66.8%,3342500,13370.00000088883,-3522000.268932143,574689.7797482497,311.48917969309315,111,1:25:47
66.9%,3345000,13380.000000890866,-3518570.3835415207,573318.721407618,310.7460486110999,111,1:25:39
67.0%,3347500,13390.000000892904,-3516796.710221797,575350.7870633296,311.84745407624916,111,1:25:31
67.0%,3350000,13400.000000894941,-3520731.4150183927,574561.0241187052,311.4193925020885,111,1:25:24
67.0%,3352500,13410.000000896978,-3518593.1301454976,571451.864732977,309.73418851774096,111,1:25:16
67.1%,3355000,13420.000000899016,-3520816.9052738883,575341.2567141515,311.8422885056191,111,1:25:08
67.2%,3357500,13430.000000901053,-3519900.099424204,573653.5414492092,310.9275253378059,111,1:25:01
67.2%,3360000,13440.00000090309,-3518611.3022692837,575378.8345235056,311.86265615686824,111,1:24:53
67.2%,3362500,13450.000000905127,-3518787.0363195147,575542.4269197241,311.9513253190803,111,1:24:45
67.3%,3365000,13460.000000907165,-3517386.4832290206,574730.1526626545,311.5110623268774,111,1:24:38
67.3%,3367500,13470.000000909202,-3518009.391135173,576011.9129690141,312.2057927370232,111,1:24:30
67.4%,3370000,13480.00000091124,-3521061.469839528,574560.3157341932,311.4190085486613,111,1:24:22
67.5%,3372500,13490.000000913276,-3521588.4635118116,573812.4703829103,311.0136668439411,111,1:24:15
67.5%,3375000,13500.000000915314,-3516068.31679539,573762.6064807991,310.9866399739458,111,1:24:07
67.5%,3377500,13510.000000917351,-3518809.48370819,574146.3553312069,311.19463673817233,111,1:23:59
67.6%,3380000,13520.000000919388,-3518179.540245915,575440.9783803627,311.89633891872955,111,1:23:52
67.7%,3382500,13530.000000921425,-3520792.1194718145,576272.8013400176,312.3471975566999,111,1:23:44
67.7%,3385000,13540.000000923463,-3519365.1037393436,574329.3414994162,311.2938175717964,111,1:23:36
67.8%,3387500,13550.0000009255,-3519236.7010938786,575530.41249957,311.94481335034493,111,1:23:29
67.8%,3390000,13560.000000927537,-3518705.542230176,575004.9436934167,311.66000256520323,111,1:23:21
67.8%,3392500,13570.000000929575,-3515306.9463137295,573305.7608553171,310.7390238266913,111,1:23:13
67.9%,3395000,13580.000000931612,-3521539.2413038965,573688.7529402878,310.94661041441304,111,1:23:06
68.0%,3397500,13590.000000933649,-3518905.8377683535,571572.9285801451,309.79980666473745,111,1:22:58
68.0%,3400000,13600.000000935686,-3520552.6167690437,572295.0584031038,310.19121022560097,111,1:22:50
68.0%,3402500,13610.000000937724,-3520900.4238322657,573537.2765893954,310.8645083030738,111,1:22:43
68.1%,3405000,13620.00000093976,-3518094.6134774704,572357.1893863659,310.2248860098098,111,1:22:35
68.2%,3407500,13630.000000941798,-3520112.2976580877,575052.0731185232,311.6855473138366,111,1:22:27
68.2%,3410000,13640.000000943835,-3520396.294279583,573277.3354416748,310.72361689048,111,1:22:20
68.2%,3412500,13650.000000945873,-3518689.0474290997,574151.8900463708,311.19763662427954,111,1:22:12
68.3%,3415000,13660.00000094791,-3520688.6780274957,572854.4019623785,310.49438155835276,111,1:22:04
68.3%,3417500,13670.000000949947,-3518145.9545642026,574027.7424402745,311.1303470406702,111,1:21:57
68.4%,3420000,13680.000000951984,-3519325.18605162,574131.946069695,311.18682673492106,111,1:21:49
68.5%,3422500,13690.000000954022,-3518123.728006024,575421.8898765781,311.88599270657306,111,1:21:41
68.5%,3425000,13700.000000956059,-3518469.3964997455,574348.31075402,311.3040991493782,111,1:21:34
68.5%,3427500,13710.000000958096,-3523486.188068267,575158.5285811435,311.7432475303603,111,1:21:26
68.6%,3430000,13720.000000960134,-3518739.9079427235,574610.3366855532,311.44612054134956,111,1:21:18
68.7%,3432500,13730.00000096217,-3521344.8504060563,576208.8101011912,312.31251349028355,111,1:21:11
68.7%,3435000,13740.000000964208,-3520394.0634324234,573803.4908307635,311.0087998123168,111,1:21:03
68.8%,3437500,13750.000000966245,-3518396.6205383223,574735.9301500294,311.5141937986148,111,1:20:55
68.8%,3440000,13760.000000968283,-3521120.940581266,573277.9561916913,310.72395334489465,111,1:20:48
68.8%,3442500,13770.00000097032,-3520488.799827451,574961.2042205496,311.63629521385695,111,1:20:40
68.9%,3445000,13780.000000972357,-3520395.2390226256,572944.9229548402,310.5434450891141,111,1:20:32
69.0%,3447500,13790.000000974394,-3522848.669736581,573493.8462002138,310.8409684790215,111,1:20:25
69.0%,3450000,13800.000000976432,-3518208.612280909,573731.7873439578,310.9699356092749,111,1:20:17
69.0%,3452500,13810.000000978469,-3522042.3148286343,573557.7392216267,310.87559931034883,111,1:20:09
69.1%,3455000,13820.000000980506,-3519870.753151724,575145.2605454253,311.7360560860235,111,1:20:02
69.2%,3457500,13830.000000982543,-3519005.2492626403,575049.053278754,311.68391052222194,111,1:19:54
69.2%,3460000,13840.00000098458,-3520930.8385549,574314.5195800846,311.28578390275135,111,1:19:46
69.2%,3462500,13850.000000986618,-3522403.7709465176,574720.3933823792,311.505772672677,111,1:19:39
69.3%,3465000,13860.000000988655,-3523154.9508841727,575369.9477061989,311.85783938870827,111,1:19:31
69.3%,3467500,13870.000000990693,-3520782.7096010633,575194.2402570753,311.7626037135281,111,1:19:23
69.4%,3470000,13880.00000099273,-3519812.3534279093,575193.9453973928,311.76244389582496,111,1:19:16
69.5%,3472500,13890.000000994767,-3516879.3082375526,573995.3732238284,311.1128025131122,111,1:19:08
69.5%,3475000,13900.000000996804,-3520025.602910692,572888.5674265625,310.51289967506113,111,1:19:00
69.5%,3477500,13910.000000998842,-3517690.6359082647,573448.4174047309,310.81634549330283,111,1:18:53
69.6%,3480000,13920.000001000879,-3519836.330051733,574883.8996993935,311.59439517886415,111,1:18:45
69.7%,3482500,13930.000001002916,-3516926.2745770738,575999.1868044527,312.1988949937545,111,1:18:37
69.7%,3485000,13940.000001004953,-3521162.876206467,572333.6591180123,310.212132304688,111,1:18:29
69.8%,3487500,13950.00000100699,-3518772.992602337,572174.08163938,310.1256392789403,111,1:18:22
69.8%,3490000,13960.000001009028,-3521516.1057475936,574754.5187226384,311.52426904170716,111,1:18:14
69.8%,3492500,13970.000001011065,-3522337.381143611,573730.3240638367,310.9691424928134,111,1:18:06
69.9%,3495000,13980.000001013103,-3519419.771751197,572902.4131547485,310.5204042360728,111,1:17:59
70.0%,3497500,13990.00000101514,-3523015.7940458283,574470.752200031,311.37046397249213,111,1:17:51
70.0%,3500000,14000.000001017177,-3515998.2306523807,574886.1900336987,311.5956365692265,111,1:17:43
70.0%,3502500,14010.000001019214,-3521288.12146868,575590.9520195074,311.9776265411634,111,1:17:36
70.1%,3505000,14020.000001021252,-3520563.296520209,576364.1941648374,312.39673363170266,111,1:17:28
70.2%,3507500,14030.000001023289,-3519376.0185581855,573643.7903340766,310.92224010921683,111,1:17:20
70.2%,3510000,14040.000001025326,-3519873.6999034565,575460.612782456,311.9069810147217,111,1:17:13
70.2%,3512500,14050.000001027363,-3518507.0142764132,570613.060217963,309.2795457878511,111,1:17:05
70.3%,3515000,14060.0000010294,-3520070.7870376687,572046.6850738287,310.05658871792866,111,1:16:57
70.3%,3517500,14070.000001031438,-3523702.4397139717,575114.408525588,311.71933389835,111,1:16:50
70.4%,3520000,14080.000001033475,-3524076.238758281,571065.6692471616,309.5248656459639,111,1:16:42
70.5%,3522500,14090.000001035512,-3522388.3633792643,573447.7409638029,310.8159788537049,111,1:16:34
70.5%,3525000,14100.00000103755,-3517107.931175707,571955.748588754,310.0072999848795,111,1:16:27
70.5%,3527500,14110.000001039587,-3518656.6356161423,573401.9122401302,310.79113910181405,111,1:16:19
70.6%,3530000,14120.000001041624,-3520040.0030610003,574281.2289489501,311.26773995669737,111,1:16:11
70.7%,3532500,14130.000001043662,-3521987.498111924,573975.5775404423,311.1020730006053,111,1:16:03
70.7%,3535000,14140.000001045699,-3521172.115780592,572385.281523011,310.2401123056441,111,1:15:56
70.8%,3537500,14150.000001047736,-3518053.6170452368,571342.690043148,309.67501444543893,111,1:15:48
70.8%,3540000,14160.000001049773,-3518621.2525755074,573758.3044612412,310.9843082245562,111,1:15:40
70.8%,3542500,14170.00000105181,-3519184.969600616,573329.3242246734,310.75179547297813,111,1:15:33
70.9%,3545000,14180.000001053848,-3519102.9484426156,575183.3552808687,311.7567039177965,111,1:15:25
71.0%,3547500,14190.000001055885,-3519240.0354493186,575152.7714073735,311.7401270688554,111,1:15:17
71.0%,3550000,14200.000001057922,-3517025.5292722974,574754.7251564877,311.52438093148254,111,1:15:10
71.0%,3552500,14210.00000105996,-3522687.637910178,575218.026455281,311.7754961358891,111,1:15:02
71.1%,3555000,14220.000001061997,-3521141.435127476,574027.7759178663,311.1303651859513,111,1:14:54
71.2%,3557500,14230.000001064034,-3520137.8781869076,574769.5875755931,311.53243655192085,111,1:14:47
71.2%,3560000,14240.000001066071,-3518698.3618958388,574738.1289545745,311.5153855786815,111,1:14:39
71.2%,3562500,14250.000001068109,-3520667.5293806903,572347.2628227583,310.2195056859129,111,1:14:31
71.3%,3565000,14260.000001070146,-3521762.9580988325,573587.8853860903,310.89193891542027,111,1:14:23
71.3%,3567500,14270.000001072183,-3518253.0699910745,574135.8377471964,311.18893607368994,111,1:14:16
71.4%,3570000,14280.00000107422,-3519038.347861126,573694.9074147181,310.9499462179357,111,1:14:08
71.5%,3572500,14290.000001076258,-3520223.9193647113,574039.4972767731,311.1367183117584,111,1:14:00
71.5%,3575000,14300.000001078295,-3517985.9310706295,574067.9776005049,311.1521550099375,111,1:13:53
71.5%,3577500,14310.000001080332,-3518341.9166989084,573519.6981801746,310.854980581403,111,1:13:45
71.6%,3580000,14320.00000108237,-3521715.4098478537,575498.3341621503,311.9274264829237,111,1:13:37
71.7%,3582500,14330.000001084407,-3519067.701529082,574063.7195461072,311.1498470902247,111,1:13:30
71.7%,3585000,14340.000001086444,-3519626.4766564704,572626.3193241503,310.3707578636438,111,1:13:22
71.8%,3587500,14350.000001088481,-3518777.2404363398,573792.0339214667,311.0025900215663,111,1:13:14
71.8%,3590000,14360.000001090519,-3520489.2983109895,574280.7420567232,311.26747605490954,111,1:13:07
71.8%,3592500,14370.000001092556,-3519255.1825681776,575928.7686522702,312.160727458448,111,1:12:59
71.9%,3595000,14380.000001094593,-3512189.336000353,574198.2926087985,311.2227874040839,111,1:12:51
72.0%,3597500,14390.00000109663,-3520594.4258140754,573632.2867284096,310.91600500843896,111,1:12:43
72.0%,3600000,14400.000001098668,-3520907.016742615,572287.075403923,310.186883338376,111,1:12:36
72.0%,3602500,14410.000001100705,-3521855.9417882543,574947.386782971,311.6288059867148,111,1:12:28
72.1%,3605000,14420.000001102742,-3521542.4283831585,573924.530288023,311.0744047396721,111,1:12:20
72.2%,3607500,14430.00000110478,-3520777.6904811338,574626.7031883309,311.45499139429376,111,1:12:13
72.2%,3610000,14440.000001106817,-3518607.0585711207,575047.4167251214,311.6830234893104,111,1:12:05
72.2%,3612500,14450.000001108854,-3520162.625694502,574150.2096920665,311.1967258508461,111,1:11:57
72.3%,3615000,14460.000001110891,-3520182.2155062687,573981.8837520266,311.10549104759787,111,1:11:50
72.3%,3617500,14470.000001112929,-3521321.2659010384,573635.9293869839,310.917979375778,111,1:11:42
72.4%,3620000,14480.000001114966,-3522089.9571253136,574680.1048621594,311.4839357816158,111,1:11:34
72.5%,3622500,14490.000001117003,-3520760.9057780765,572306.9258465131,310.1976425310688,111,1:11:26
72.5%,3625000,14500.00000111904,-3519658.533764178,573076.4336992231,310.61472558744936,111,1:11:19
72.5%,3627500,14510.000001121078,-3520294.5637552664,576337.8620959067,312.3824613149853,111,1:11:11
72.6%,3630000,14520.000001123115,-3518193.386886375,574301.0370423468,311.2784761955881,111,1:11:03
72.7%,3632500,14530.000001125152,-3518888.580152586,572882.2718203323,310.50948737630546,111,1:10:56
72.7%,3635000,14540.00000112719,-3519960.953613434,574370.0880838402,311.31590273949,111,1:10:48
72.8%,3637500,14550.000001129227,-3521679.8163511828,572786.7939687928,310.457737164795,111,1:10:40
72.8%,3640000,14560.000001131264,-3519662.4204449654,572893.4528655398,310.5155476452062,111,1:10:32
72.8%,3642500,14570.000001133301,-3516376.7530122194,573451.6694551487,310.8181081460464,111,1:10:25
72.9%,3645000,14580.000001135339,-3520594.1309460625,572992.9923428469,310.5694993096104,111,1:10:17
73.0%,3647500,14590.000001137376,-3520482.3539939597,573141.8274247762,310.6501698195331,111,1:10:09
73.0%,3650000,14600.000001139413,-3521225.30195719,574601.7241651836,311.4414524456229,111,1:10:02
73.0%,3652500,14610.00000114145,-3521387.9496835005,573996.3226544588,311.1133171166055,111,1:09:54
73.1%,3655000,14620.000001143488,-3517806.8459669687,574082.8719567063,311.1602279406885,111,1:09:46
73.2%,3657500,14630.000001145525,-3521192.53947391,575137.9040024368,311.7320687460331,111,1:09:39
73.2%,3660000,14640.000001147562,-3521436.4946150314,576285.2528550848,312.3539464364449,111,1:09:31
73.2%,3662500,14650.0000011496,-3521929.0493096374,573647.9272807796,310.9244823870167,111,1:09:23
73.3%,3665000,14660.000001151637,-3521863.6327560004,575703.0297778279,312.03837411356045,111,1:09:15
73.3%,3667500,14670.000001153674,-3517937.5639865343,574279.9372096509,311.267039817546,111,1:09:08
73.4%,3670000,14680.000001155711,-3522332.32552536,574162.5000147742,311.2033873622794,111,1:09:00
73.5%,3672500,14690.000001157749,-3516488.3432181086,574412.3716492481,311.33882097045137,111,1:08:52
73.5%,3675000,14700.000001159786,-3518483.0747464,574665.9867560534,311.47628358830264,111,1:08:45
73.5%,3677500,14710.000001161823,-3520700.70134056,572939.0491041926,310.54026138725555,111,1:08:37
73.6%,3680000,14720.00000116386,-3518188.8211804368,574984.2357889331,311.6487786172437,111,1:08:29
73.7%,3682500,14730.000001165898,-3521964.2163651455,573550.0657292886,310.8714401797745,111,1:08:22
73.7%,3685000,14740.000001167935,-3522952.8494285773,574048.8934312412,311.14181114714654,111,1:08:14
73.8%,3687500,14750.000001169972,-3520961.400803197,572764.046811266,310.4454079157147,111,1:08:06
73.8%,3690000,14760.00000117201,-3518780.883477712,574135.0796246693,311.188525161625,111,1:07:58
73.8%,3692500,14770.000001174047,-3521002.5771228783,573469.9778273181,310.82803151693196,111,1:07:51
73.9%,3695000,14780.000001176084,-3518888.4662407152,572712.2309075652,310.41732303599775,111,1:07:43
74.0%,3697500,14790.000001178121,-3521169.568059938,572964.5223540443,310.55406821309447,111,1:07:35
74.0%,3700000,14800.000001180159,-3522933.114226859,572727.5159709185,310.425607735001,111,1:07:28
74.0%,3702500,14810.000001182196,-3519960.906929236,574492.7730380825,311.3823995471666,111,1:07:20
74.1%,3705000,14820.000001184233,-3518549.9359374736,574955.2884737126,311.63308880373023,111,1:07:12
74.2%,3707500,14830.00000118627,-3520176.33513581,573338.6283230316,310.7568384127824,111,1:07:04
74.2%,3710000,14840.000001188308,-3519889.747227017,572515.1843840913,310.31052131075194,111,1:06:57
74.2%,3712500,14850.000001190345,-3520398.2588371765,574535.0929734617,311.4053374911156,111,1:06:49
74.3%,3715000,14860.000001192382,-3520427.87392834,574831.3324132429,311.56590304029,111,1:06:41
74.3%,3717500,14870.00000119442,-3518036.579475915,574506.6991331968,311.3899476680769,111,1:06:33
74.4%,3720000,14880.000001196457,-3518793.4133883063,574421.4652980017,311.34374984388967,111,1:06:26
74.5%,3722500,14890.000001198494,-3519352.6720484383,574689.6927031938,311.48913251356424,111,1:06:18
74.5%,3725000,14900.000001200531,-3519592.1804174148,574430.1450120745,311.3484543594593,111,1:06:10
74.5%,3727500,14910.000001202568,-3520228.8409435786,574647.4477403831,311.4662352057022,111,1:06:03
74.6%,3730000,14920.000001204606,-3519851.367409276,574892.465868704,311.5990381517265,111,1:05:55
74.7%,3732500,14930.000001206643,-3521544.2484320924,573957.5298811243,311.09229093940553,111,1:05:47
74.7%,3735000,14940.00000120868,-3519385.6413730346,572935.8227803058,310.5385126786194,111,1:05:39
74.8%,3737500,14950.000001210718,-3515267.6527158823,573716.3260002129,310.9615553640543,111,1:05:32
74.8%,3740000,14960.000001212755,-3518762.416618606,574051.2332484364,311.14307935786553,111,1:05:24
74.8%,3742500,14970.000001214792,-3519191.0068692975,571928.0007341735,309.9922602943089,111,1:05:16
74.9%,3745000,14980.00000121683,-3517061.351457568,574082.3116653662,311.1599242556465,111,1:05:08
75.0%,3747500,14990.000001218867,-3522862.495420186,573334.4432802857,310.75457006631467,111,1:05:01
75.0%,3750000,15000.000001220904,-3522553.08709226,574802.6377128223,311.5503501472153,111,1:04:53
75.0%,3752500,15010.000001222941,-3520227.9280524105,573863.4170401974,311.0412805810314,111,1:04:45
75.1%,3755000,15020.000001224978,-3516232.1531511676,574842.1740705427,311.5717793566224,111,1:04:38
75.2%,3757500,15030.000001227016,-3521069.294385759,576589.4953395216,312.5188497377469,111,1:04:30
75.2%,3760000,15040.000001229053,-3522593.2330757864,573366.5121232615,310.77195178762634,111,1:04:22
75.2%,3762500,15050.00000123109,-3519936.604974879,576033.0134695127,312.2172294770228,111,1:04:14
75.3%,3765000,15060.000001233127,-3522862.578654036,575496.0739867319,311.9262014390621,111,1:04:07
75.3%,3767500,15070.000001235165,-3518394.6001607515,574099.3494070576,311.1691589286306,111,1:03:59
75.4%,3770000,15080.000001237202,-3521063.4249495994,574002.5050946143,311.11666807790743,111,1:03:51
75.5%,3772500,15090.00000123924,-3522184.810817385,573815.7089186428,311.01542217155315,111,1:03:43
75.5%,3775000,15100.000001241277,-3515291.2585234884,574540.8194132296,311.40844129439995,111,1:03:36
75.5%,3777500,15110.000001243314,-3524414.9339002427,574554.275938962,311.415734902725,111,1:03:28
75.6%,3780000,15120.000001245351,-3519792.3266855925,575893.6654877934,312.1417010962386,111,1:03:20
75.7%,3782500,15130.000001247388,-3519129.419780383,573772.2290485941,310.99185552824065,111,1:03:12
75.7%,3785000,15140.000001249426,-3520509.750750752,575023.730924947,311.6701854839609,111,1:03:05
75.8%,3787500,15150.000001251463,-3515292.7297731955,575988.434879611,312.1930673135571,111,1:02:57
75.8%,3790000,15160.0000012535,-3521007.752631299,574505.1492406661,311.3891076065863,111,1:02:49
75.8%,3792500,15170.000001255537,-3520904.6050879546,572999.2027716332,310.5728654411066,111,1:02:42
75.9%,3795000,15180.000001257575,-3520176.2584271897,573777.6909005907,310.99481592158327,111,1:02:34
76.0%,3797500,15190.000001259612,-3521635.806932315,575070.8534083825,311.69572647012023,111,1:02:26
76.0%,3800000,15200.00000126165,-3518734.826132005,574754.8185038733,311.5244315269544,111,1:02:18
76.0%,3802500,15210.000001263686,-3523221.5760953724,576836.9635242586,312.65298064555185,111,1:02:11
76.1%,3805000,15220.000001265724,-3520265.174581904,575798.0787009811,312.08989184042287,111,1:02:03
76.2%,3807500,15230.000001267761,-3519569.726252692,572436.3092478743,310.2677699823932,111,1:01:55
76.2%,3810000,15240.000001269798,-3520211.150709022,574463.3434274674,311.36644832340687,111,1:01:47
76.2%,3812500,15250.000001271836,-3519771.73359327,574123.6976264342,311.182355973624,111,1:01:40
76.3%,3815000,15260.000001273873,-3519043.7535396833,574071.4040480083,311.1540121881225,111,1:01:32
76.3%,3817500,15270.00000127591,-3518166.3721892163,575664.8773857409,312.0176950311523,111,1:01:24
76.4%,3820000,15280.000001277947,-3520104.1928437836,571983.4423514262,310.022310356947,111,1:01:16
76.5%,3822500,15290.000001279985,-3519854.671127815,575511.3811957685,311.93449814130776,111,1:01:09
76.5%,3825000,15300.000001282022,-3516713.9286380876,573833.6189022427,311.02512961076025,111,1:01:01
76.5%,3827500,15310.00000128406,-3522160.6472510938,575715.1940168119,312.04496728600975,111,1:00:53
76.6%,3830000,15320.000001286096,-3519502.5122815333,573667.6434928791,310.9351688250742,111,1:00:46
76.7%,3832500,15330.000001288134,-3518061.177776482,573041.4996510464,310.59579088842844,111,1:00:38
76.7%,3835000,15340.000001290171,-3522141.1334214956,571634.2708266007,309.83305494355204,111,1:00:30
76.8%,3837500,15350.000001292208,-3521044.857658487,571779.3485371138,309.9116889103146,111,1:00:22
76.8%,3840000,15360.000001294246,-3523164.828783879,572711.3164268252,310.41682737579015,111,1:00:15
76.8%,3842500,15370.000001296283,-3519410.592423858,572836.225755926,310.48452982296897,111,1:00:07
76.9%,3845000,15380.00000129832,-3518102.6525334455,575426.1082080046,311.8882790959296,111,59:59
77.0%,3847500,15390.000001300357,-3513572.6618734803,573652.441228006,310.92692900390165,111,59:51
77.0%,3850000,15400.000001302395,-3518378.1090711933,573733.2139852992,310.9707088670512,111,59:44
77.0%,3852500,15410.000001304432,-3520183.0807685405,574294.3908917154,311.2748738973026,111,59:36
77.1%,3855000,15420.00000130647,-3519219.427993238,573629.86023622,310.91468981876915,111,59:28
77.2%,3857500,15430.000001308506,-3518564.8006969765,575366.5834375757,311.8560159122682,111,59:20
77.2%,3860000,15440.000001310544,-3520982.744759539,575931.923456062,312.1624374022817,111,59:13
77.2%,3862500,15450.000001312581,-3520249.2899812236,574276.020607752,311.26491696943623,111,59:05
77.3%,3865000,15460.000001314618,-3516693.1560969576,572566.5473673753,310.3383607018348,111,58:57
77.3%,3867500,15470.000001316655,-3517858.7085388973,573448.0937358212,310.8161700606317,111,58:49
77.4%,3870000,15480.000001318693,-3516611.8046282846,574267.8894256396,311.26050976517513,111,58:42
77.5%,3872500,15490.00000132073,-3522067.852346666,574101.2497308026,311.17018892830237,111,58:34
77.5%,3875000,15500.000001322767,-3523374.2804559413,574249.9076929598,311.25076343705285,111,58:26
77.5%,3877500,15510.000001324805,-3520770.753230164,572696.7674405772,310.4089416399524,111,58:18
77.6%,3880000,15520.000001326842,-3521288.5187271684,572113.4533600656,310.09277797940916,111,58:11
77.7%,3882500,15530.000001328879,-3519762.085523838,577360.249561842,312.93660834232963,111,58:03
77.7%,3885000,15540.000001330916,-3521314.5129130613,572804.2297920565,310.46718760306106,111,57:55
77.8%,3887500,15550.000001332954,-3519194.0533705093,573556.5258357603,310.874941639756,111,57:47
77.8%,3890000,15560.00000133499,-3520586.4571361784,573209.6961519666,310.68695553402523,111,57:40
77.8%,3892500,15570.000001337028,-3519664.727743197,577432.3773150179,312.9757025031475,111,57:32
77.9%,3895000,15580.000001339065,-3519735.8228023313,575300.2784771973,311.82007777930386,111,57:24
78.0%,3897500,15590.000001341103,-3520210.230496237,575128.8723662207,311.72717348417984,111,57:16
78.0%,3900000,15600.00000134314,-3522933.708636645,574458.8034478831,311.3639875966524,111,57:09
78.0%,3902500,15610.000001345177,-3520470.4351162035,572897.4249031381,310.5177005401711,111,57:01
78.1%,3905000,15620.000001347214,-3519970.091336865,573130.4868647014,310.64402309154275,111,56:53
78.2%,3907500,15630.000001349252,-3520341.37454764,574404.3809832723,311.3344899277259,111,56:45
78.2%,3910000,15640.000001351289,-3521388.5800966583,573544.8911971936,310.86863551747774,111,56:38
78.2%,3912500,15650.000001353326,-3519943.2329907343,572984.4604377178,310.56487490837077,111,56:30
78.3%,3915000,15660.000001355364,-3518953.629017599,575493.6102128425,311.92486604223615,111,56:22
78.3%,3917500,15670.0000013574,-3524093.8733416777,571792.937837465,309.919054484174,111,56:14
78.4%,3920000,15680.000001359438,-3519138.8787662983,573386.8329587687,310.7829659392711,111,56:07
78.5%,3922500,15690.000001361475,-3520480.234242525,574439.3125332909,311.35342327271326,111,55:59
78.5%,3925000,15700.000001363513,-3520685.5829196945,574094.372495702,311.1664613792915,111,55:51
78.5%,3927500,15710.00000136555,-3519447.644911304,574288.4924219842,311.2716768515872,111,55:43
78.6%,3930000,15720.000001367587,-3517591.8679508306,574413.1407281592,311.3392378210159,111,55:36
78.7%,3932500,15730.000001369624,-3522322.1960636172,575736.4679397191,312.05649802316344,111,55:28
78.7%,3935000,15740.000001371662,-3521003.022583859,575031.4069224186,311.67434597234967,111,55:20
78.8%,3937500,15750.000001373699,-3520072.450318955,573213.7682957274,310.6891626878052,111,55:12
78.8%,3940000,15760.000001375736,-3520462.920139786,576012.0997937432,312.2058939984057,111,55:05
78.8%,3942500,15770.000001377774,-3520433.734363552,573325.2814040162,310.74960421269384,111,54:57
78.9%,3945000,15780.00000137981,-3520521.8897330426,574234.1593290286,311.2422276232359,111,54:49
79.0%,3947500,15790.000001381848,-3522364.2165690064,574497.4530319492,311.38493616344533,111,54:41
79.0%,3950000,15800.000001383885,-3520668.4383027907,573113.1794419445,310.6346422479866,111,54:34
79.0%,3952500,15810.000001385923,-3519837.7933690473,573407.7762698482,310.79431748060364,111,54:26
79.1%,3955000,15820.00000138796,-3516303.3440131415,573410.4191559211,310.79574995851414,111,54:18
79.2%,3957500,15830.000001389997,-3517575.8330715466,572367.2782111297,310.2303542813199,111,54:10
79.2%,3960000,15840.000001392034,-3520203.131080495,573554.2478826444,310.87370696015586,111,54:03
79.2%,3962500,15850.000001394072,-3519054.8918761946,572686.0263250638,310.40311981854865,111,53:55
79.3%,3965000,15860.000001396109,-3519413.0589768887,574468.7487584697,311.3693780816507,111,53:47
79.3%,3967500,15870.000001398146,-3521476.182837382,574801.1393082535,311.5495379928558,111,53:39
79.4%,3970000,15880.000001400183,-3521354.815504156,575536.2959538467,311.9480022574927,111,53:32
79.5%,3972500,15890.00000140222,-3524326.2691545244,574590.8884450868,311.4355793473301,111,53:24
79.5%,3975000,15900.000001404258,-3520145.9210307635,574911.3541419168,311.609275836363,111,53:16
79.5%,3977500,15910.000001406295,-3520429.4464263543,574415.5761451292,311.34055784803036,111,53:08
79.6%,3980000,15920.000001408333,-3523650.8540233225,574682.4402817076,311.48520160875415,111,53:01
79.7%,3982500,15930.00000141037,-3519773.952848086,575690.8677745808,312.03178215290905,111,52:53
79.7%,3985000,15940.000001412407,-3519756.9550789427,574504.3114768313,311.3886535279184,111,52:45
79.8%,3987500,15950.000001414444,-3521073.155398555,573201.904729873,310.6827324840214,111,52:37
79.8%,3990000,15960.000001416482,-3521034.4745733514,571252.0140363802,309.62586689494947,111,52:29
79.8%,3992500,15970.000001418519,-3515960.4414323084,574258.0235099832,311.2551623132401,111,52:22
79.9%,3995000,15980.000001420556,-3520920.170417471,573354.6492353912,310.76552195131865,111,52:14
80.0%,3997500,15990.000001422593,-3521069.6048450097,576146.6065658522,312.278798381925,111,52:06
80.0%,4000000,16000.00000142463,-3517522.7087174933,574042.2449530675,311.1382075873035,111,51:58
80.0%,4002500,16010.000001426668,-3522209.9461191352,571102.0999623162,309.54461155754797,111,51:51
80.1%,4005000,16020.000001428705,-3517804.352155084,573056.3345085823,310.60383157014496,111,51:43
80.2%,4007500,16030.000001430742,-3516879.2068356425,573165.2662727081,310.6628739736221,111,51:35
80.2%,4010000,16040.00000143278,-3522847.6853164136,572693.0632658824,310.40693393009263,111,51:27
80.2%,4012500,16050.000001434817,-3520396.5668038893,573865.4773123825,311.0423972747948,111,51:20
80.3%,4015000,16060.000001436854,-3520729.181444036,574871.9370653955,311.58791127888486,111,51:12
80.3%,4017500,16070.000001438892,-3517159.469507741,573656.6286612458,310.92919864604744,111,51:04
80.4%,4020000,16080.000001440929,-3520824.2887333203,573957.6567080747,311.09235968122795,111,50:56
80.5%,4022500,16090.000001442966,-3517887.2508674115,575285.1090138218,311.8118557369608,111,50:49
80.5%,4025000,16100.000001445003,-3518645.5684161037,572010.9886864027,310.0372408213258,111,50:41
80.5%,4027500,16110.00000144704,-3521412.1292650066,574165.0982401846,311.204795633542,111,50:33
80.6%,4030000,16120.000001449078,-3518726.5556934606,576245.4313040138,312.33236264860966,111,50:25
80.7%,4032500,16130.000001451115,-3514686.5965197645,574107.5598842144,311.17360911181567,111,50:18
80.7%,4035000,16140.000001453152,-3521422.238777889,571870.2371656245,309.96095170449655,111,50:10
80.8%,4037500,16150.00000145519,-3519904.5260243565,572767.018783759,310.44701876265606,111,50:02
80.8%,4040000,16160.000001457227,-3516017.9119240567,573317.3104937763,310.7452838778288,111,49:54
80.8%,4042500,16170.000001459264,-3519050.57919126,573557.3498674604,310.8753882754321,111,49:46
80.9%,4045000,16180.000001461302,-3516978.482279282,574030.7499377744,311.1319771426177,111,49:39
81.0%,4047500,16190.000001463339,-3521013.00507473,574890.9787897363,311.598232135987,111,49:31
81.0%,4050000,16200.000001465376,-3519141.325209299,573418.0469158055,310.7998843015162,111,49:23
81.0%,4052500,16210.000001467413,-3523012.4258323517,574981.723868235,311.6474171242343,111,49:15
81.1%,4055000,16220.00000146945,-3518584.834106704,574101.0460512912,311.1700785314131,111,49:07
81.2%,4057500,16230.000001471488,-3517471.6951348204,573749.3412383945,310.9794500436205,111,49:00
81.2%,4060000,16240.000001473525,-3519985.410949068,571980.795740574,310.0208758601587,111,48:52
81.2%,4062500,16250.000001475562,-3520048.1691626906,573467.1269843898,310.82648632375736,111,48:44
81.3%,4065000,16260.0000014776,-3521388.849863792,574198.6058327227,311.22295717543994,111,48:36
81.3%,4067500,16270.000001479637,-3524598.8861636184,574777.129913542,311.536524595146,111,48:28
81.4%,4070000,16280.000001481674,-3521117.9494842608,571554.8806258466,309.79002444365454,111,48:21
81.5%,4072500,16290.000001483711,-3518202.6241934523,575195.8913236498,311.7634986126389,111,48:13
81.5%,4075000,16300.000001485749,-3517135.805636516,575688.6554929665,312.0305830680992,111,48:05
81.5%,4077500,16310.000001487786,-3522643.0277761444,574722.2772171235,311.50679373510036,111,47:57
81.6%,4080000,16320.000001489823,-3520632.994113425,574954.6409763691,311.63273785192376,111,47:49
81.7%,4082500,16330.00000149186,-3520612.4012227785,573346.5692199768,310.76114248005945,111,47:42
81.7%,4085000,16340.000001493898,-3519188.4314092305,574271.490529622,311.26246160939604,111,47:34
81.8%,4087500,16350.000001495935,-3519934.115675889,573642.2588404141,310.9214100201471,111,47:26
81.8%,4090000,16360.000001497972,-3521182.3470923733,573136.3204317165,310.6471849591595,111,47:18
81.8%,4092500,16370.00000150001,-3521177.503655467,574445.5815901658,311.3568211813802,111,47:11
81.9%,4095000,16380.000001502047,-3520270.5389075596,571383.3743767545,309.6970658723966,111,47:03
82.0%,4097500,16390.000001504082,-3518622.6143822633,571834.8922789481,309.9417943257765,111,46:55
82.0%,4100000,16400.00000150612,-3521824.1577371713,574076.4244584271,311.1567333145079,111,46:47
82.0%,4102500,16410.000001508157,-3520680.710968964,573465.6706415568,310.8256969673944,111,46:39
82.1%,4105000,16420.000001510194,-3523377.0160020553,571802.1324929618,309.9240381045535,111,46:32
82.2%,4107500,16430.00000151223,-3521002.791974224,574162.4915711537,311.20338278572956,111,46:24
82.2%,4110000,16440.00000151427,-3518500.702083418,574202.3379176673,311.22498001301057,111,46:16
82.2%,4112500,16450.000001516306,-3520912.830524156,574887.8245124768,311.5965224775405,111,46:08
82.3%,4115000,16460.000001518343,-3520990.5869094227,575441.2983874965,311.8965123666715,111,46:00
82.3%,4117500,16470.00000152038,-3519620.9684475567,575484.5661473237,311.9199640435426,111,45:53
82.4%,4120000,16480.000001522418,-3520824.0769123547,574228.6648236492,311.239249531344,111,45:45
82.5%,4122500,16490.000001524455,-3521908.130615985,574069.909857241,311.15320231769704,111,45:37
82.5%,4125000,16500.000001526492,-3520561.2973285876,574043.9134566406,311.1391119374896,111,45:29
82.5%,4127500,16510.00000152853,-3519213.597534938,574090.3921476896,311.1643039799763,111,45:21
82.6%,4130000,16520.000001530567,-3519505.567867346,572743.2989334688,310.43416230171016,111,45:14
82.7%,4132500,16530.000001532604,-3521518.7133722417,573310.9044719301,310.74181173240305,111,45:06
82.7%,4135000,16540.00000153464,-3517896.1221551597,571806.8696692172,309.92660571441513,111,44:58
82.8%,4137500,16550.00000153668,-3518518.6318800934,575603.9065396164,311.9846480560472,111,44:50
82.8%,4140000,16560.000001538716,-3518202.172518309,576264.0919312857,312.3424769462469,111,44:42
82.8%,4142500,16570.000001540753,-3520959.453430636,573917.9564817407,311.0708416529452,111,44:35
82.9%,4145000,16580.00000154279,-3520794.368590381,575653.7052556952,312.01163959438276,111,44:27
83.0%,4147500,16590.000001544828,-3520273.152655596,572661.6511159259,310.3899081447608,111,44:19
83.0%,4150000,16600.000001546865,-3518864.2767116725,574260.8384296331,311.25668803554026,111,44:11
83.0%,4152500,16610.000001548902,-3520193.072664477,571442.1300677019,309.7289122051842,111,44:03
83.1%,4155000,16620.00000155094,-3522559.766483145,573132.1772933665,310.644939325408,111,43:56
83.2%,4157500,16630.000001552977,-3518774.0647978913,573709.4367930844,310.9578213260518,111,43:48
83.2%,4160000,16640.000001555014,-3520470.1382640824,572967.6606825318,310.5557692271035,111,43:40
83.2%,4162500,16650.00000155705,-3519618.1285453737,572549.218592511,310.3289682851644,111,43:32
83.3%,4165000,16660.00000155909,-3520783.7251845133,572468.2559707578,310.2850855130595,111,43:24
83.3%,4167500,16670.000001561126,-3519743.3072189204,575022.0334329776,311.66926542169483,111,43:17
83.4%,4170000,16680.000001563163,-3521087.1092320792,572854.4885651756,310.49442849817166,111,43:09
83.5%,4172500,16690.0000015652,-3522243.6457605585,573444.7437274023,310.81435431340395,111,43:01
83.5%,4175000,16700.000001567238,-3518538.521393653,574960.8657233415,311.6361117440592,111,42:53
83.5%,4177500,16710.000001569275,-3520164.0077908672,575528.1885820339,311.94360795871717,111,42:45
83.6%,4180000,16720.000001571312,-3518167.750956459,575072.2003231996,311.69645651510496,111,42:38
83.7%,4182500,16730.00000157335,-3521711.429320425,575639.4406531402,312.00390799812845,111,42:30
83.7%,4185000,16740.000001575387,-3517430.409672115,574549.8839592333,311.4133543937771,111,42:22
83.8%,4187500,16750.000001577424,-3517570.6607478205,574131.7084682819,311.18669795192903,111,42:14
83.8%,4190000,16760.00000157946,-3519866.187243551,574132.1363525259,311.1869298706387,111,42:06
83.8%,4192500,16770.0000015815,-3519687.939239716,572502.3547311069,310.30356747543993,111,41:59
83.9%,4195000,16780.000001583536,-3523690.9070717674,573785.1923216956,310.9988817873579,111,41:51
84.0%,4197500,16790.000001585573,-3517890.224880658,575771.4987640325,312.07548517608296,111,41:43
84.0%,4200000,16800.00000158761,-3519799.58109794,574226.1870497192,311.2379065463178,111,41:35
84.0%,4202500,16810.000001589648,-3518921.3663768377,575517.494471375,311.93781161454325,111,41:27
84.1%,4205000,16820.000001591685,-3523343.3588439394,574611.1493379476,311.44656100929706,111,41:20
84.2%,4207500,16830.000001593722,-3522456.5795725584,572536.0546803933,310.3218332771452,111,41:12
84.2%,4210000,16840.00000159576,-3520493.8483432513,574650.4128381617,311.46784232646075,111,41:04
84.2%,4212500,16850.000001597797,-3517734.4087015726,573783.1728541417,310.9977872102244,111,40:56
84.3%,4215000,16860.000001599834,-3520265.6612531897,575467.3676640932,311.9106422465971,111,40:48
84.3%,4217500,16870.00000160187,-3516487.631690411,573802.6643975086,311.00835187496745,111,40:41
84.4%,4220000,16880.00000160391,-3520584.1702282336,572886.8829639097,310.51198667485045,111,40:33
84.5%,4222500,16890.000001605946,-3518309.599712776,573514.206761777,310.8520041626946,111,40:25
84.5%,4225000,16900.000001607983,-3516690.971343551,573364.8304264026,310.77104028651127,111,40:17
84.5%,4227500,16910.00000161002,-3522364.551477356,576207.4744210703,312.31178953464723,111,40:09
84.6%,4230000,16920.000001612058,-3517376.1063932497,574528.820443765,311.401937700135,111,40:02
84.7%,4232500,16930.000001614095,-3521351.422661165,574256.0003390948,311.25406572885214,111,39:54
84.7%,4235000,16940.000001616132,-3520322.4819609746,573903.9317286846,311.0632400581739,111,39:46
84.8%,4237500,16950.00000161817,-3519314.880092807,574379.5303441371,311.3210205648246,111,39:38
84.8%,4240000,16960.000001620207,-3521982.899573749,573029.2131181045,310.58913143109646,111,39:30
84.8%,4242500,16970.000001622244,-3520884.378689207,572407.7952569308,310.2523150361565,111,39:23
84.9%,4245000,16980.00000162428,-3517187.9201356582,574797.5299166895,311.54758165666,111,39:15
85.0%,4247500,16990.00000162632,-3518676.648240594,573067.4051388381,310.60983199273574,111,39:07
85.0%,4250000,17000.000001628356,-3519703.8646221776,573429.3610993929,310.80601673311446,111,38:59
85.0%,4252500,17010.000001630393,-3516314.8877222724,574902.0268320038,311.6042203156004,111,38:51
85.1%,4255000,17020.00000163243,-3517221.523141509,570905.5524327848,309.438080293374,111,38:44
85.2%,4257500,17030.000001634467,-3516725.268867463,574653.6073597381,311.4695737978396,111,38:36
85.2%,4260000,17040.000001636505,-3521226.392537549,576267.0177907161,312.344062799321,111,38:28
85.2%,4262500,17050.000001638542,-3520721.2217631806,574317.5971803496,311.2874520012904,111,38:20
85.3%,4265000,17060.00000164058,-3517046.7931500543,572260.4078595052,310.17242918967196,111,38:12
85.3%,4267500,17070.000001642617,-3518899.578144042,575872.8213407069,312.13040330305313,111,38:04
85.4%,4270000,17080.000001644654,-3521770.833441077,574371.0909798673,311.31644632190927,111,37:57
85.5%,4272500,17090.00000164669,-3521733.4937763456,574853.8995577735,311.57813472003363,111,37:49
85.5%,4275000,17100.00000164873,-3522928.593987841,576187.4478168271,312.30093486009486,111,37:41
85.5%,4277500,17110.000001650766,-3520421.211666731,574642.6921889798,311.4636576362764,111,37:33
85.6%,4280000,17120.000001652803,-3516947.716758514,577440.27191546,312.9799814771303,111,37:25
85.7%,4282500,17130.00000165484,-3518355.779565513,573087.1308808352,310.6205235961191,111,37:18
85.7%,4285000,17140.000001656877,-3521227.6729058623,573492.4818446003,310.840228980903,111,37:10
85.8%,4287500,17150.000001658915,-3522280.457242878,575392.252650251,311.8699289524533,111,37:02
85.8%,4290000,17160.000001660952,-3518581.4126253203,574293.0931486117,311.2741705040127,111,36:54
85.8%,4292500,17170.00000166299,-3523270.520187931,573399.72202301,310.789951976241,111,36:46
85.9%,4295000,17180.000001665027,-3520280.0901367962,572478.7626865499,310.2907802868291,111,36:39
86.0%,4297500,17190.000001667064,-3521382.543628292,573042.7064356763,310.59644498106707,111,36:31
86.0%,4300000,17200.0000016691,-3519838.164225623,573200.4461179882,310.6819418978035,111,36:23
86.0%,4302500,17210.00000167114,-3522066.5876859017,571895.1563196278,309.97445820332894,111,36:15
86.1%,4305000,17220.000001673176,-3521994.121948926,575234.1143615498,311.7842159859774,111,36:07
86.2%,4307500,17230.000001675213,-3517144.0063439123,574573.3036184604,311.42604814734375,111,36:00
86.2%,4310000,17240.00000167725,-3519420.855305409,574555.0256017046,311.41614122947897,111,35:52
86.2%,4312500,17250.000001679287,-3518255.350100644,572480.9966384051,310.2919911171856,111,35:44
86.3%,4315000,17260.000001681325,-3518289.318750363,574882.4719690975,311.5936213308606,111,35:36
86.3%,4317500,17270.000001683362,-3519177.8256905973,573720.227195374,310.963669861516,111,35:28
86.4%,4320000,17280.0000016854,-3520741.185346963,574249.5912091685,311.2505918988074,111,35:21
86.5%,4322500,17290.000001687436,-3519787.916529041,573978.9720003488,311.1039128411054,111,35:13
86.5%,4325000,17300.000001689474,-3520411.581053341,571970.6450298452,310.0153740456674,111,35:05
86.5%,4327500,17310.00000169151,-3519668.6982112955,574238.2582856672,311.24444930993707,111,34:57
86.6%,4330000,17320.00000169355,-3518464.1408236455,572783.1561954606,310.4557654453194,111,34:49
86.7%,4332500,17330.000001695586,-3519090.69339614,574951.7822288744,311.6311883743735,111,34:41
86.7%,4335000,17340.000001697623,-3521296.9255610686,572718.7274511156,310.42084424534,111,34:34
86.8%,4337500,17350.00000169966,-3524052.4206455573,574833.347716148,311.5669953601308,111,34:26
86.8%,4340000,17360.000001701697,-3517600.4236915074,573903.5578998526,311.06303743818603,111,34:18
86.8%,4342500,17370.000001703735,-3518493.7855400555,573351.1356780825,310.76361755850974,111,34:10
86.9%,4345000,17380.000001705772,-3522484.0561422408,574638.6673001521,311.4614760952721,111,34:02
87.0%,4347500,17390.00000170781,-3520551.113937825,574666.0761836718,311.47633205921073,111,33:55
87.0%,4350000,17400.000001709846,-3521290.9615407884,574242.2752537022,311.2466265577709,111,33:47
87.0%,4352500,17410.000001711884,-3520194.2661558427,574937.160406723,311.6232631605485,111,33:39
87.1%,4355000,17420.00000171392,-3521173.0834266245,576093.2635081467,312.2498857652882,111,33:31
87.2%,4357500,17430.00000171596,-3519455.5485872366,573409.5663057932,310.7952877028832,111,33:23
87.2%,4360000,17440.000001717995,-3521951.9833099507,575721.6884013424,312.0484873251357,111,33:16
87.2%,4362500,17450.000001720033,-3521263.265842108,573353.1239986657,310.76469525358846,111,33:08
87.3%,4365000,17460.00000172207,-3518446.2632974554,573425.1628927109,310.8037412516258,111,33:00
87.3%,4367500,17470.000001724107,-3520525.2935205083,574664.1467209548,311.4752862658451,111,32:52
87.4%,4370000,17480.000001726145,-3520069.7491222583,573343.1252744258,310.75927581770986,111,32:44
87.5%,4372500,17490.00000172818,-3517844.499487467,571875.6071878567,309.96386232493734,111,32:37
87.5%,4375000,17500.00000173022,-3522776.8804183397,573684.6270984922,310.94437415561436,111,32:29
87.5%,4377500,17510.000001732256,-3519955.142343428,575352.6159196619,311.84844533967305,111,32:21
87.6%,4380000,17520.000001734294,-3521257.5349450167,574263.5564172382,311.2581612194377,111,32:13
87.7%,4382500,17530.00000173633,-3519417.483980743,573569.8292060633,310.88215223588776,111,32:05
87.7%,4385000,17540.000001738368,-3521565.7860798165,576971.2031337717,312.7257402235417,111,31:58
87.8%,4387500,17550.000001740405,-3519628.9941287525,572934.3728838044,310.5377268162502,111,31:50
87.8%,4390000,17560.000001742443,-3521671.8692929484,572869.8674757968,310.5027640635894,111,31:42
87.8%,4392500,17570.00000174448,-3519242.4399569165,572942.2807545727,310.54201298291883,111,31:34
87.9%,4395000,17580.000001746517,-3520037.3523811493,572098.1512038475,310.0844840158554,111,31:26
88.0%,4397500,17590.000001748554,-3521266.638456296,574779.4476448398,311.53778083502726,111,31:19
88.0%,4400000,17600.00000175059,-3519560.0182137545,575483.6363344269,311.9194600731107,111,31:11
88.0%,4402500,17610.00000175263,-3521856.089133924,575564.7665050011,311.96343365881046,111,31:03
88.1%,4405000,17620.000001754666,-3517874.7111287564,575609.554571245,311.98770936112146,111,30:55
88.2%,4407500,17630.000001756704,-3517814.9961793795,576028.0299764583,312.2145283603191,111,30:47
88.2%,4410000,17640.00000175874,-3519344.7750637457,572375.9240656688,310.235040444591,111,30:40
88.2%,4412500,17650.000001760778,-3516860.1012855843,573242.6526558734,310.70481837886655,111,30:32
88.3%,4415000,17660.000001762815,-3519964.704199141,572355.9846564848,310.2242330308712,111,30:24
88.3%,4417500,17670.000001764853,-3522360.446734585,575081.6608063392,311.7015842174524,111,30:16
88.4%,4420000,17680.00000176689,-3520460.8678195085,572653.8567786594,310.38568351469615,111,30:08
88.5%,4422500,17690.000001768927,-3519455.005478563,574385.4429791028,311.3242252882775,111,30:00
88.5%,4425000,17700.000001770964,-3522334.6809935346,574635.6491067869,311.45984019602935,111,29:53
88.5%,4427500,17710.000001773,-3521084.6574325245,574887.3018580808,311.5962391922015,111,29:45
88.6%,4430000,17720.00000177504,-3520398.248044437,573492.8580758834,310.84043290305,111,29:37
88.7%,4432500,17730.000001777076,-3517532.996289134,572811.4858320074,310.47112046912514,111,29:29
88.7%,4435000,17740.000001779114,-3519902.004249787,572978.027974527,310.56138843139945,111,29:21
88.8%,4437500,17750.00000178115,-3519307.7087031696,573646.1752076636,310.923532741074,111,29:14
88.8%,4440000,17760.000001783188,-3516791.39808408,574535.001934984,311.4052881471012,111,29:06
88.8%,4442500,17770.000001785225,-3520942.127617512,574868.1835484077,311.5858768248739,111,28:58
88.9%,4445000,17780.000001787263,-3518885.4249930587,572972.9322856001,310.558626503104,111,28:50
89.0%,4447500,17790.0000017893,-3520752.014451053,573997.5862830866,311.1140020194149,111,28:42
89.0%,4450000,17800.000001791337,-3520544.571412863,574519.0783222949,311.3966573462256,111,28:35
89.0%,4452500,17810.000001793374,-3518576.3414116744,575836.0957595648,312.11049757034857,111,28:27
89.1%,4455000,17820.00000179541,-3523341.3789684772,574425.44832073,311.3459086929349,111,28:19
89.2%,4457500,17830.00000179745,-3516974.1946435478,575695.8026197052,312.0344569018151,111,28:11
89.2%,4460000,17840.000001799486,-3520444.8151818365,575451.9145069798,311.9022664386351,111,28:03
89.2%,4462500,17850.000001801523,-3517999.2966737803,574788.6642701724,311.5427763633376,111,27:56
89.3%,4465000,17860.00000180356,-3518830.3854647875,573769.181681307,310.9902038163608,111,27:48
89.3%,4467500,17870.000001805598,-3518702.1985616945,573418.1012277148,310.79991373926276,111,27:40
89.4%,4470000,17880.000001807635,-3518438.402254721,574294.873751234,311.2751356133112,111,27:32
89.5%,4472500,17890.000001809673,-3520100.473444883,573917.4209943479,311.0705514119585,111,27:24
89.5%,4475000,17900.00000181171,-3519745.634950839,573086.2093269837,310.6200241021949,111,27:17
89.5%,4477500,17910.000001813747,-3520036.5199398734,572312.8367779419,310.2008463311831,111,27:09
89.6%,4480000,17920.000001815784,-3517154.0190049224,575809.056536953,312.09584196732993,111,27:01
89.7%,4482500,17930.00000181782,-3517178.7426737156,572706.916243352,310.4144424203083,111,26:53
89.7%,4485000,17940.00000181986,-3521059.381180944,573444.4507978022,310.81419554183003,111,26:45
89.8%,4487500,17950.000001821896,-3519052.52738644,576310.4373408873,312.3675967484916,111,26:38
89.8%,4490000,17960.000001823933,-3521236.6643788666,574423.1986873051,311.344689362968,111,26:30
89.8%,4492500,17970.00000182597,-3519999.8990075774,574619.3781849628,311.4510211491793,111,26:22
89.9%,4495000,17980.000001828008,-3521407.1320070196,572958.0161558369,310.5505417708052,111,26:14
90.0%,4497500,17990.000001830045,-3519258.7738602515,572181.8449109852,310.129847071021,111,26:06
90.0%,4500000,18000.000001832082,-3519034.382727675,576082.1318809626,312.2438522815854,111,25:59
90.0%,4502500,18010.00000183412,-3520685.1179942545,572866.2601268253,310.50080883450477,111,25:51
90.1%,4505000,18020.000001836157,-3520060.080454478,574539.1757510162,311.40755040854714,111,25:43
90.2%,4507500,18030.000001838194,-3521621.638547465,575682.2601258308,312.0271166976622,111,25:35
90.2%,4510000,18040.00000184023,-3517317.504244322,572521.5536314818,310.31397352395436,111,25:27
90.2%,4512500,18050.00000184227,-3519681.9384862185,574320.6946187671,311.28913085236064,111,25:20
90.3%,4515000,18060.000001844306,-3519130.214337688,575500.3782016954,311.92853437838943,111,25:12
90.3%,4517500,18070.000001846343,-3520321.279757444,571475.7084511498,309.7471121166568,111,25:04
90.4%,4520000,18080.00000184838,-3516566.494181905,573505.0975139346,310.84706683435144,111,24:56
90.5%,4522500,18090.000001850418,-3520080.0589546934,573041.3584710218,310.5957143670571,111,24:48
90.5%,4525000,18100.000001852455,-3519360.080651434,573759.8003994463,310.9851190421152,111,24:41
90.5%,4527500,18110.000001854492,-3519428.1972582005,573814.2291537686,311.0146201201455,111,24:33
90.6%,4530000,18120.00000185653,-3518549.6998743694,574003.7682947599,311.11735274847405,111,24:25
90.7%,4532500,18130.000001858567,-3519651.7829074953,573998.7964426985,311.1146579413368,111,24:17
90.7%,4535000,18140.000001860604,-3516591.58799831,575021.8852837319,311.6691851229169,111,24:09
90.8%,4537500,18150.00000186264,-3518767.5210848004,574652.6949613395,311.4690792662875,111,24:02
90.8%,4540000,18160.00000186468,-3517561.2209664453,573888.5791411869,311.0549187602244,111,23:54
90.8%,4542500,18170.000001866716,-3520578.0705514196,574447.56333888,311.3578953144222,111,23:46
90.9%,4545000,18180.000001868753,-3523611.9895819314,573457.5655775791,310.8213039194949,111,23:38
91.0%,4547500,18190.00000187079,-3519354.396683188,572502.7730698825,310.30379422038413,111,23:30
91.0%,4550000,18200.000001872828,-3516700.629064463,573220.7462537698,310.6929448299333,111,23:23
91.0%,4552500,18210.000001874865,-3517815.9222302716,575103.2948686203,311.7133101547334,111,23:15
91.1%,4555000,18220.000001876902,-3520633.151819136,574945.5088376658,311.6277881164425,111,23:07
91.2%,4557500,18230.00000187894,-3521559.5785559304,573623.12719781,310.91104042620105,111,22:59
91.2%,4560000,18240.000001880977,-3521061.127664093,575107.59831935,311.7156426798364,111,22:51
91.2%,4562500,18250.000001883014,-3521984.8226520102,572753.5994111036,310.43974529177194,111,22:44
91.3%,4565000,18260.00000188505,-3517695.6642261874,575302.8266651338,311.82145892961836,111,22:36
91.3%,4567500,18270.00000188709,-3521027.4326503463,575152.0071418636,311.73971282721556,111,22:28
91.4%,4570000,18280.000001889126,-3520683.491652591,574641.9167104494,311.46323731703666,111,22:20
91.5%,4572500,18290.000001891163,-3519426.2615706753,573568.582680929,310.8814766033897,111,22:12
91.5%,4575000,18300.0000018932,-3520601.746512158,576724.4320238587,312.5919871391691,111,22:05
91.5%,4577500,18310.000001895238,-3518872.6331829596,573702.2930081873,310.9539493036566,111,21:57
91.6%,4580000,18320.000001897275,-3519880.2620022744,575262.0653185063,311.7993657606225,111,21:49
91.7%,4582500,18330.000001899312,-3518073.491369799,574350.9786071111,311.3055451597305,111,21:41
91.7%,4585000,18340.00000190135,-3522863.9717852324,574678.5598519581,311.48309836641,111,21:33
91.8%,4587500,18350.000001903387,-3520210.981292382,573932.2924678805,311.0786119400116,111,21:26
91.8%,4590000,18360.000001905424,-3519004.045142276,574515.4838433365,311.39470909285194,111,21:18
91.8%,4592500,18370.00000190746,-3523398.432891207,573242.4869110456,310.704728543059,111,21:10
91.9%,4595000,18380.0000019095,-3521616.7600465603,572829.8748632744,310.4810875582688,111,21:02
92.0%,4597500,18390.000001911536,-3517873.3287987784,573243.2944203538,310.70516622338823,111,20:54
92.0%,4600000,18400.000001913573,-3518656.110674292,573621.2313292962,310.9100128413214,111,20:47
92.0%,4602500,18410.00000191561,-3523084.4893671907,574214.5421909604,311.2315948845652,111,20:39
92.1%,4605000,18420.000001917648,-3517010.7749234885,574385.9705716423,311.32451125015314,111,20:31
92.2%,4607500,18430.000001919685,-3516593.5698015094,574482.5467566459,311.3768567723892,111,20:23
92.2%,4610000,18440.000001921722,-3515133.98979762,576479.0938199814,312.45901070811686,111,20:15
92.2%,4612500,18450.00000192376,-3522760.919253856,575752.3208327182,312.0650904930664,111,20:08
92.3%,4615000,18460.000001925797,-3520666.3771258444,572905.7249691361,310.5221992816491,111,20:00
92.3%,4617500,18470.000001927834,-3519922.085000256,573989.1785434249,311.10944491744,111,19:52
92.4%,4620000,18480.00000192987,-3521106.0622945447,575099.5882137828,311.7113011006047,111,19:44
92.5%,4622500,18490.00000193191,-3518234.6540484317,574721.1973546748,311.50620843590036,111,19:36
92.5%,4625000,18500.000001933946,-3519271.6556613,575687.6781627794,312.0300533426908,111,19:29
92.5%,4627500,18510.000001935983,-3521151.7966503985,573778.3010619851,310.9951466368299,111,19:21
92.6%,4630000,18520.00000193802,-3520850.506874725,575868.5686198242,312.12809827417345,111,19:13
92.7%,4632500,18530.000001940058,-3522116.3915394936,574648.024953307,311.4665480624582,111,19:05
92.7%,4635000,18540.000001942095,-3518149.9793813284,572958.282675723,310.55068622797774,111,18:57
92.8%,4637500,18550.000001944132,-3522694.930779189,572352.9848972682,310.22260712317177,111,18:50
92.8%,4640000,18560.00000194617,-3523055.8283407334,574579.2678698471,311.4292808475542,111,18:42
92.8%,4642500,18570.000001948207,-3518373.5187414177,573704.031814334,310.954891758733,111,18:34
92.9%,4645000,18580.000001950244,-3516766.140766194,573990.4096895589,311.1101122143241,111,18:26
93.0%,4647500,18590.00000195228,-3519327.998821851,574862.4139860327,311.58274964858725,111,18:18
93.0%,4650000,18600.00000195432,-3519708.8388511576,574670.0721887965,311.47849794488013,111,18:11
93.0%,4652500,18610.000001956356,-3519708.4357010964,573035.6325904679,310.5926108668738,111,18:03
93.1%,4655000,18620.000001958393,-3520627.066288285,572828.8769556095,310.48054667960537,111,17:55
93.2%,4657500,18630.00000196043,-3519864.1027921587,573705.078646177,310.95545915492403,111,17:47
93.2%,4660000,18640.000001962468,-3521984.4507937804,572777.6287213904,310.45276948397714,111,17:39
93.2%,4662500,18650.000001964505,-3521397.167116463,575382.5585496682,311.86467462647636,111,17:32
93.3%,4665000,18660.000001966542,-3519986.896773832,576691.2738575587,312.5740149907425,111,17:24
93.3%,4667500,18670.00000196858,-3516810.1571294665,572453.2710443691,310.2769634921135,111,17:16
93.4%,4670000,18680.000001970617,-3517280.7055360265,573179.0724643897,310.6703571053449,111,17:08
93.5%,4672500,18690.000001972654,-3520445.2211647406,574323.4370222526,311.29061726997617,111,17:00
93.5%,4675000,18700.00000197469,-3518737.7702009548,573431.0548115228,310.80693474665946,111,16:53
93.5%,4677500,18710.00000197673,-3520781.008628018,574860.4421317305,311.5816808784425,111,16:45
93.6%,4680000,18720.000001978766,-3521185.4833498485,572043.4348896032,310.0548270766851,111,16:37
93.7%,4682500,18730.000001980803,-3520560.9282987434,575021.4855288544,311.6689684506821,111,16:29
93.7%,4685000,18740.00000198284,-3520235.5715941805,574366.8367427875,311.3141404712313,111,16:21
93.8%,4687500,18750.000001984878,-3522280.784260297,573175.4885514048,310.66841457886346,111,16:14
93.8%,4690000,18760.000001986915,-3521269.043367626,572790.2983678244,310.459636593701,111,16:06
93.8%,4692500,18770.000001988952,-3518724.1076277588,572587.5193513056,310.3497277842176,111,15:58
93.9%,4695000,18780.00000199099,-3519839.9413539227,573418.5372915897,310.80015009143654,111,15:50
94.0%,4697500,18790.000001993027,-3518963.2819052916,574303.2213368224,311.27966011101233,111,15:42
94.0%,4700000,18800.000001995064,-3521505.952941606,574019.2193844004,311.12572743583945,111,15:35
94.0%,4702500,18810.0000019971,-3520265.9331292734,574462.2270961746,311.36584325762897,111,15:27
94.1%,4705000,18820.00000199914,-3520305.7541380245,576686.1806358328,312.57125439970133,111,15:19
94.2%,4707500,18830.000002001176,-3519766.5633017607,574696.3938111326,311.49276459941035,111,15:11
94.2%,4710000,18840.000002003213,-3523107.2904418968,573046.6277368183,310.5985703762265,111,15:04
94.2%,4712500,18850.00000200525,-3521236.628153151,575625.7719279518,311.9964993749957,111,14:56
94.3%,4715000,18860.000002007288,-3520296.1660219394,573249.1734949994,310.7083527567202,111,14:48
94.3%,4717500,18870.000002009325,-3519835.099351557,573354.4059531343,310.765390089237,111,14:40
94.4%,4720000,18880.000002011362,-3520131.8944669664,573612.5025803365,310.9052817482186,111,14:32
94.5%,4722500,18890.0000020134,-3517771.7331012767,571180.6839358946,309.5872050720484,111,14:25
94.5%,4725000,18900.000002015437,-3522852.3231176976,571178.7955010161,309.5861815162937,111,14:17
94.5%,4727500,18910.000002017474,-3517379.477095207,574820.1074886464,311.5598189882016,111,14:09
94.6%,4730000,18920.00000201951,-3520348.4165295027,574642.0359404556,311.4633019412185,111,14:01
94.7%,4732500,18930.00000202155,-3517191.5112194046,572291.053151668,310.18903932831313,111,13:53
94.7%,4735000,18940.000002023586,-3521433.4407913424,574731.3036619932,311.5116861831777,111,13:46
94.8%,4737500,18950.000002025623,-3519882.6309406552,573063.312163287,310.6076135478601,111,13:38
94.8%,4740000,18960.00000202766,-3519815.5958550163,572472.9415224767,310.2876251417649,111,13:30
94.8%,4742500,18970.000002029697,-3519438.16968376,574552.5304936944,311.4147888491605,111,13:22
94.9%,4745000,18980.000002031735,-3518279.4738223217,573478.8796351136,310.83285641012776,111,13:14
95.0%,4747500,18990.000002033772,-3519425.669303855,571549.2705284888,309.78698369943817,111,13:07
95.0%,4750000,19000.00000203581,-3519017.140032785,572948.5545964672,310.5454134851273,111,12:59
95.0%,4752500,19010.000002037847,-3516142.1182093527,573691.3020559475,310.9479920675653,111,12:51
95.1%,4755000,19020.000002039884,-3515990.9777517915,572637.7362630137,310.37694598991027,111,12:43
95.2%,4757500,19030.00000204192,-3521295.1446599197,573767.703443757,310.9894025927823,111,12:35
95.2%,4760000,19040.00000204396,-3521263.1743212286,572783.9108034247,310.4561744524463,111,12:28
95.2%,4762500,19050.000002045996,-3519614.152681403,575490.5244769846,311.92319353410227,111,12:20
95.3%,4765000,19060.000002048033,-3518451.706473632,574283.667895143,311.2690618965956,111,12:12
95.3%,4767500,19070.00000205007,-3522178.5498868283,574644.7586136203,311.4647776647489,111,12:04
95.4%,4770000,19080.000002052107,-3519775.201840557,575857.439691995,312.12206625355543,111,11:56
95.5%,4772500,19090.000002054145,-3518367.128770545,574626.9829410084,311.4551430238078,111,11:49
95.5%,4775000,19100.000002056182,-3523126.786212798,575785.6245821214,312.0831415493891,111,11:41
95.5%,4777500,19110.00000205822,-3517835.78888515,575986.2652598178,312.1918913519976,111,11:33
95.6%,4780000,19120.000002060257,-3518734.8841503095,570674.0754721356,309.31261683268383,111,11:25
95.7%,4782500,19130.000002062294,-3518378.7879853826,571935.4682334717,309.99630777403223,111,11:17
95.7%,4785000,19140.00000206433,-3521801.184438549,574987.4211797533,311.6505051396364,111,11:10
95.8%,4787500,19150.00000206637,-3519415.716557117,573127.5537733149,310.6424333186564,111,11:02
95.8%,4790000,19160.000002068406,-3518975.860563474,572959.2660024535,310.551219203589,111,10:54
95.8%,4792500,19170.000002070443,-3522823.1652332973,573547.7493241022,310.8701846586624,111,10:46
95.9%,4795000,19180.00000207248,-3514923.201824162,577230.4068193431,312.8662319222586,111,10:38
96.0%,4797500,19190.000002074517,-3521848.8112453707,574737.9117342597,311.5152678425045,111,10:31
96.0%,4800000,19200.000002076555,-3523000.865346955,573366.6009936208,310.7719999564929,111,10:23
96.0%,4802500,19210.000002078592,-3521710.004496975,573456.753560755,310.82086379603464,111,10:15
96.1%,4805000,19220.00000208063,-3518398.576136058,575338.8281966137,311.84097221818473,111,10:07
96.2%,4807500,19230.000002082666,-3518192.1036424562,575312.0559657691,311.8264613281042,111,10:00
96.2%,4810000,19240.000002084704,-3516689.504646627,572399.6513626971,310.2479009417638,111,9:52
96.2%,4812500,19250.00000208674,-3517525.4913464785,574555.3836284236,311.41633528452036,111,9:44
96.3%,4815000,19260.00000208878,-3520461.0022651237,574115.386022731,311.1778509785629,111,9:36
96.3%,4817500,19270.000002090816,-3519139.4712713677,573648.1725048516,310.9246153015868,111,9:28
96.4%,4820000,19280.000002092853,-3518661.325857945,571999.7959449429,310.0311742129073,111,9:21
96.5%,4822500,19290.00000209489,-3519094.422870977,574645.6693941464,311.4652713193934,111,9:13
96.5%,4825000,19300.000002096927,-3518391.2322316524,573396.9238556529,310.7884353338968,111,9:05
96.5%,4827500,19310.000002098965,-3522207.895068219,573814.0616660002,311.0145293396419,111,8:57
96.6%,4830000,19320.000002101002,-3518516.180756133,572875.9330874591,310.5060517023601,111,8:49
96.7%,4832500,19330.00000210304,-3518123.2851612754,573751.7254274401,310.9807423044475,111,8:42
96.7%,4835000,19340.000002105076,-3517695.867391877,575138.3648119892,311.73231851067925,111,8:34
96.8%,4837500,19350.000002107114,-3519523.1562091615,572550.7466471642,310.3297965102473,111,8:26
96.8%,4840000,19360.00000210915,-3520301.537464557,573534.4223899783,310.8629612906396,111,8:18
96.8%,4842500,19370.00000211119,-3517274.80546234,574170.120862256,311.2075179586713,111,8:10
96.9%,4845000,19380.000002113225,-3518854.99574944,575338.7220143378,311.8409146660389,111,8:03
97.0%,4847500,19390.000002115263,-3521715.7818195,574193.2634643023,311.22006154371735,111,7:55
97.0%,4850000,19400.0000021173,-3516568.651457716,574065.0223335337,311.1505532176018,111,7:47
97.0%,4852500,19410.000002119337,-3518991.525811048,574840.24152499,311.57073189232057,111,7:39
97.1%,4855000,19420.000002121375,-3517730.7586634383,571771.5741272853,309.90747508117505,111,7:31
97.2%,4857500,19430.000002123412,-3521327.290699713,574780.9802264892,311.5386115137998,111,7:24
97.2%,4860000,19440.00000212545,-3517057.6354652476,577149.755847241,312.8225180682337,111,7:16
97.2%,4862500,19450.000002127486,-3517237.661031531,573556.5450833425,310.8749520721907,111,7:08
97.3%,4865000,19460.000002129524,-3520881.9808508027,575085.6070873466,311.703723152017,111,7:00
97.3%,4867500,19470.00000213156,-3522644.125742279,576017.0918373863,312.2085997496373,111,6:52
97.4%,4870000,19480.000002133598,-3522021.526085278,573365.5549126589,310.771432967289,111,6:45
97.5%,4872500,19490.000002135635,-3519591.344744414,573255.3185115984,310.71168343397784,111,6:37
97.5%,4875000,19500.000002137673,-3521984.9064040445,573349.1236735185,310.7625270264118,111,6:29
97.5%,4877500,19510.00000213971,-3518737.4771589916,573761.9908585853,310.98630629886554,111,6:21
97.6%,4880000,19520.000002141747,-3520831.841735244,572406.7038541853,310.2517234819687,111,6:13
97.7%,4882500,19530.000002143785,-3520162.156495562,573992.4988490468,311.11124456537334,111,6:06
97.7%,4885000,19540.00000214582,-3520708.34380728,571521.0647561663,309.77169581161945,111,5:58
97.8%,4887500,19550.00000214786,-3520227.057000149,575435.1149102813,311.8931608432701,111,5:50
97.8%,4890000,19560.000002149896,-3522313.0575484224,573646.879067827,310.92391424224667,111,5:42
97.8%,4892500,19570.000002151934,-3521298.0794036724,573819.2116349796,311.01732068841716,111,5:35
97.9%,4895000,19580.00000215397,-3524897.279339507,572758.6649914009,310.44249090080666,111,5:27
98.0%,4897500,19590.000002156008,-3520342.6643265747,575192.2075409397,311.76150195549457,111,5:19
98.0%,4900000,19600.000002158045,-3522597.520694809,576511.614935939,312.4766375671447,111,5:11
98.0%,4902500,19610.000002160083,-3517797.5319321714,572258.2383514316,310.1712532886659,111,5:03
98.1%,4905000,19620.00000216212,-3517011.3579142317,571490.9141303691,309.7553537884484,111,4:56
98.2%,4907500,19630.000002164157,-3519186.72403598,573089.1381759238,310.6216115756214,111,4:48
98.2%,4910000,19640.000002166194,-3520413.5787188765,574200.1011580996,311.2237676608382,111,4:40
98.2%,4912500,19650.00000216823,-3518874.3856464624,574543.0298637468,311.4096393867319,111,4:32
98.3%,4915000,19660.00000217027,-3518968.6622336283,574287.1664972426,311.27095818349073,111,4:24
98.3%,4917500,19670.000002172306,-3519041.4868154023,571741.3148175488,309.8910741499248,111,4:17
98.4%,4920000,19680.000002174344,-3521382.2723772563,572748.1178840664,310.4367742343067,111,4:09
98.5%,4922500,19690.00000217638,-3522487.440754179,575676.4612851506,312.0239736521613,111,4:01
98.5%,4925000,19700.000002178418,-3519002.7435866315,574082.1523149551,311.1598378856943,111,3:53
98.5%,4927500,19710.000002180455,-3520870.178190414,573831.4991324067,311.0239806685123,111,3:45
98.6%,4930000,19720.000002182493,-3520474.1823468246,576256.5260046849,312.33837611767194,111,3:38
98.7%,4932500,19730.00000218453,-3520549.7866435554,572398.1521296122,310.24708833833796,111,3:30
98.7%,4935000,19740.000002186567,-3521579.8300702926,572588.7077790403,310.3503719271853,111,3:22
98.8%,4937500,19750.000002188604,-3521475.009863727,574440.8161610777,311.3542382581234,111,3:14
98.8%,4940000,19760.00000219064,-3519422.991838472,574757.036484353,311.52563370062194,111,3:06
98.8%,4942500,19770.00000219268,-3519598.8964042254,572774.2530338645,310.45093981834646,111,2:59
98.9%,4945000,19780.000002194716,-3521228.1687260363,574859.5595315797,311.58120249792034,111,2:51
99.0%,4947500,19790.000002196753,-3516921.3531758264,576139.5046264208,312.2749490403051,111,2:43
99.0%,4950000,19800.00000219879,-3519360.29490304,574215.4759849678,311.2321010128097,111,2:35
99.0%,4952500,19810.000002200828,-3520093.501325365,573952.3783521869,311.0894987451132,111,2:28
99.1%,4955000,19820.000002202865,-3519663.131575601,573672.4878236577,310.9377945140521,111,2:20
99.2%,4957500,19830.000002204903,-3515937.2394695356,575029.3235367797,311.67321675080007,111,2:12
99.2%,4960000,19840.00000220694,-3519422.956745457,572900.6867806677,310.5194685193345,111,2:04
99.2%,4962500,19850.000002208977,-3518279.2020874824,575147.5661671783,311.7373057623773,111,1:56
99.3%,4965000,19860.000002211014,-3518874.463718489,574750.9071331029,311.52231151418283,111,1:49
99.3%,4967500,19870.00000221305,-3521820.181239864,574692.3958685806,311.4905976636305,111,1:41
99.4%,4970000,19880.00000221509,-3516244.4001424313,573562.6721642811,310.878273028092,111,1:33
99.5%,4972500,19890.000002217126,-3519261.9582007695,571994.1461837089,310.0281119703649,111,1:25
99.5%,4975000,19900.000002219163,-3517040.365058955,574103.7121892542,311.17152361214426,111,1:17
99.5%,4977500,19910.0000022212,-3518399.3770375308,574141.9405755419,311.1922438843769,111,1:10
99.6%,4980000,19920.000002223238,-3518308.1718521975,573902.6346865172,311.0625370448005,111,1:02
99.7%,4982500,19930.000002225275,-3521274.340075804,573866.85379576,311.0431433463158,111,0:54
99.7%,4985000,19940.000002227313,-3516698.8897744548,573390.06368628,310.78471703472775,111,0:46
99.8%,4987500,19950.00000222935,-3520761.580640096,575100.8205699734,311.7119690533549,111,0:38
99.8%,4990000,19960.000002231387,-3518000.1746329535,574665.8339253747,311.47620075212836,111,0:31
99.8%,4992500,19970.000002233424,-3519925.297361223,573177.4185702086,310.6694606736353,111,0:23
99.9%,4995000,19980.00000223546,-3521771.2998780534,573604.4125440209,310.90089684550344,111,0:15
100.0%,4997500,19990.0000022375,-3520355.11699125,573567.3381648283,310.8808020598133,111,0:07
100.0%,5000000,20000.000002239536,-3520617.300728796,575254.0856971034,311.7950407041962,111,0:00
100.0%,5002500,20010.000002241573,-3521075.133105064,573848.9700106271,311.03345010701145,111,23:59:53
100.1%,5005000,20020.00000224361,-3520190.7949674483,576100.2682857141,312.2536824439403,111,23:59:45
100.2%,5007500,20030.000002245648,-3519853.7865201645,572722.738599904,310.42301833906805,111,23:59:37
100.2%,5010000,20040.000002247685,-3517202.626675267,571542.139062834,309.7831183542291,111,23:59:29
100.2%,5012500,20050.000002249722,-3519807.328589447,575223.3342206725,311.77837301232944,111,23:59:22
100.3%,5015000,20060.00000225176,-3522209.271570282,573212.0903281989,310.68825320803467,111,23:59:14
100.3%,5017500,20070.000002253797,-3520806.26568757,575265.7688715246,311.80137313352566,111,23:59:06
100.4%,5020000,20080.000002255834,-3518822.408505263,572790.0937472701,310.4595256867546,111,23:58:58
100.5%,5022500,20090.00000225787,-3519871.492853923,574540.7250825074,311.40839016594714,111,23:58:50
100.5%,5025000,20100.00000225991,-3520910.465754682,573060.2810947653,310.60597067011867,111,23:58:43
100.5%,5027500,20110.000002261946,-3523485.857790677,574084.6248517587,311.16117803213126,111,23:58:35
100.6%,5030000,20120.000002263983,-3517343.183700487,574924.2386972171,311.61625942942936,111,23:58:27
100.7%,5032500,20130.00000226602,-3521437.135919124,573094.507797627,310.62452197897034,111,23:58:19
100.7%,5035000,20140.000002268058,-3520960.485956624,574033.0204093703,311.1332077671387,111,23:58:11
100.8%,5037500,20150.000002270095,-3517676.7322337534,575235.2334333628,311.78482253715225,111,23:58:04
100.8%,5040000,20160.000002272132,-3519837.384173261,572306.7358102277,310.1975395289819,111,23:57:56
100.8%,5042500,20170.00000227417,-3521718.5222115368,574990.3157015113,311.652074007293,111,23:57:48
100.9%,5045000,20180.000002276207,-3518231.52476757,573575.123204893,310.88502165067615,111,23:57:40
101.0%,5047500,20190.000002278244,-3519036.338710334,576169.3885786452,312.2911465230034,111,23:57:32
101.0%,5050000,20200.00000228028,-3520246.8068446815,573884.7633255476,311.05285053955083,111,23:57:25
101.0%,5052500,20210.00000228232,-3517834.921489181,574489.0373516856,311.3803747575629,111,23:57:17
101.1%,5055000,20220.000002284356,-3519286.450842211,575179.6438831176,311.75469229294816,111,23:57:09
101.2%,5057500,20230.000002286393,-3518494.174539525,575511.2595126305,311.93443218749724,111,23:57:01
101.2%,5060000,20240.00000228843,-3518355.2900458053,573119.8539873168,310.6382599365833,111,23:56:54
101.2%,5062500,20250.000002290468,-3518387.9995805733,573400.8277815966,310.7905513114775,111,23:56:46
101.3%,5065000,20260.000002292505,-3520760.031482907,574704.4748854351,311.49714464460027,111,23:56:38
101.3%,5067500,20270.000002294542,-3519926.1393326893,574544.9425200727,311.41067607081953,111,23:56:30
101.4%,5070000,20280.00000229658,-3521039.918067323,576401.7617589348,312.41709574615265,111,23:56:22
101.5%,5072500,20290.000002298617,-3519883.424604865,573434.628204507,310.8088715711666,111,23:56:15
101.5%,5075000,20300.000002300654,-3522279.0892183557,574194.9372149588,311.2209687378895,111,23:56:07
101.5%,5077500,20310.00000230269,-3516004.476429548,573048.4080040092,310.5995353037169,111,23:55:59
101.6%,5080000,20320.00000230473,-3519511.331622271,574783.0903635297,311.5397552349498,111,23:55:51
101.7%,5082500,20330.000002306766,-3519582.9486368094,572882.6347254041,310.50968407547623,111,23:55:43
101.7%,5085000,20340.000002308803,-3521166.205964634,576126.6370401623,312.26797464467546,111,23:55:36
101.8%,5087500,20350.00000231084,-3521418.333905183,575039.3079192553,311.67862841325984,111,23:55:28
101.8%,5090000,20360.000002312878,-3521160.0365426,573698.6302676017,310.9519640516117,111,23:55:20
101.8%,5092500,20370.000002314915,-3520061.80691495,576541.6958994861,312.49294183248895,111,23:55:12
101.9%,5095000,20380.000002316952,-3520289.543004561,574937.0729520656,311.62321575901035,111,23:55:04
102.0%,5097500,20390.00000231899,-3520872.8296101503,572404.3198269794,310.2504313088609,111,23:54:57
102.0%,5100000,20400.000002321027,-3517280.128772551,575888.2752910765,312.1387795409702,111,23:54:49
102.0%,5102500,20410.000002323064,-3519907.3339290116,576140.1804303199,312.2753153346252,111,23:54:41
102.1%,5105000,20420.0000023251,-3516851.4644358642,575096.6521263501,311.7097097038231,111,23:54:33
102.2%,5107500,20430.00000232714,-3518269.848644538,572345.5534232201,310.2185791695928,111,23:54:26
102.2%,5110000,20440.000002329176,-3518631.6282632817,572482.3615868525,310.29273093662755,111,23:54:18
102.2%,5112500,20450.000002331213,-3518893.6773636956,574567.5610186036,311.4229355850854,111,23:54:10
102.3%,5115000,20460.00000233325,-3521105.4702769592,575226.0624640486,311.7798517549853,111,23:54:02
102.3%,5117500,20470.000002335288,-3520121.1429285556,574903.722949255,311.60513963275184,111,23:53:54
102.4%,5120000,20480.000002337325,-3518813.3659254704,574545.3806367759,311.4109135356523,111,23:53:47
102.5%,5122500,20490.000002339362,-3518771.7120836545,574205.775163244,311.22684304388883,111,23:53:39
102.5%,5125000,20500.0000023414,-3519705.9403573237,576172.6053485424,312.2928900532555,111,23:53:31
102.5%,5127500,20510.000002343437,-3518958.9023400545,573993.8630367169,311.1119839724645,111,23:53:23
102.6%,5130000,20520.000002345474,-3518420.831092052,571709.9906688713,309.87409606240703,111,23:53:15
102.7%,5132500,20530.00000234751,-3520427.4123907406,574735.9145191441,311.51418532647597,111,23:53:08
102.7%,5135000,20540.00000234955,-3517517.0587110408,574008.9802877174,311.12017771503537,111,23:53:00
102.8%,5137500,20550.000002351586,-3518702.4186497927,573552.1408152506,310.87256490279344,111,23:52:52
102.8%,5140000,20560.000002353623,-3518238.048666548,572489.6321725817,310.29667168668874,111,23:52:44
102.8%,5142500,20570.00000235566,-3518458.6978172343,575916.4758958599,312.15406462791685,111,23:52:37
102.9%,5145000,20580.000002357698,-3519456.649902707,576083.1883962835,312.2444249263448,111,23:52:29
103.0%,5147500,20590.000002359735,-3520466.6403760463,575438.136772887,311.89479873128784,111,23:52:21
103.0%,5150000,20600.000002361772,-3514133.7570781987,575076.6962670904,311.6988933739527,111,23:52:13
