#"Progress (%)","Step","Time (ps)","Potential Energy (kJ/mole)","Kinetic Energy (kJ/mole)","Temperature (K)","Speed (ns/day)","Time Remaining"
3.0%,152500,610.0000000014564,-3516833.7771664597,573821.7585705728,311.0229060757667,0,--
3.1%,155000,620.0000000015042,-3517072.757463917,575752.0094462053,312.0691407781419,107,4:20:36
3.1%,157500,630.0000000015519,-3513813.396656234,573289.6004768244,310.7344657119477,111,4:12:01
3.2%,160000,640.0000000015997,-3518201.4542788453,573824.2820663714,311.0242738611199,109,4:14:44
3.2%,162500,650.0000000016474,-3519237.5577788968,576223.9034145247,312.32491677686306,108,4:17:01
3.3%,165000,660.0000000016952,-3515650.6277318727,573617.0740537266,310.91196296092767,108,4:16:49
3.4%,167500,670.0000000017429,-3519037.818323437,573629.3405333932,310.91861163901666,109,4:14:17
3.4%,170000,680.0000000017907,-3517373.5372228753,574296.7675920983,311.28037049582474,109,4:14:37
3.5%,172500,690.0000000018384,-3519778.279754225,573936.8558295292,311.0852910993865,109,4:14:50
3.5%,175000,700.0000000018862,-3517439.6277385447,573956.2500704953,311.0958031671084,109,4:14:57
3.5%,177500,710.0000000019339,-3519124.8729263283,575690.3427151423,312.0357161726491,110,4:13:23
3.6%,180000,720.0000000019817,-3518740.0819925517,575059.6417083557,311.69386357283776,109,4:14:03
3.6%,182500,730.0000000020294,-3517214.0438038018,575558.2248913711,311.9641056614059,109,4:14:11
3.7%,185000,740.0000000020772,-3518610.0235446095,575078.6805424502,311.7041830029045,109,4:14:15
3.8%,187500,750.0000000021249,-3515845.6366427,576179.6813067987,312.3009475072209,109,4:13:10
3.8%,190000,760.0000000021727,-3518770.0487830937,574645.0729534812,311.4691589899539,109,4:13:22
3.9%,192500,770.0000000022204,-3519814.5319329035,572558.1866451709,310.3380247403965,109,4:14:06
3.9%,195000,780.0000000022682,-3517432.414028704,574157.7691960856,311.20503057637757,109,4:14:10
4.0%,197500,790.0000000023159,-3518019.39541813,575814.1860667721,312.10284175397595,109,4:13:19
4.0%,200000,800.0000000023637,-3517797.3125474583,571356.1924264843,309.6865197575366,109,4:13:39
4.0%,202500,810.0000000024114,-3516371.696177166,575496.9899791637,311.93091511039665,109,4:13:45
4.1%,205000,820.0000000024592,-3517749.0621139426,574708.4885849066,311.5035315345323,109,4:13:44
4.2%,207500,830.0000000025069,-3521813.525551535,573808.693450785,311.01582451870837,109,4:13:05
4.2%,210000,840.0000000025547,-3517129.3064452205,574155.3437628322,311.20371594289134,109,4:13:08
4.2%,212500,850.0000000026024,-3518233.9194484204,572502.7424001549,310.3079728471867,109,4:13:11
4.3%,215000,860.0000000026502,-3520705.2219275963,573575.0873117901,310.8892053043929,109,4:13:11
4.3%,217500,870.0000000026979,-3515543.2793688737,574700.9775889122,311.4994604240058,109,4:12:36
4.4%,220000,880.0000000027457,-3519597.0045737736,572216.393179073,310.1527658241639,109,4:12:39
4.5%,222500,890.0000000027934,-3514432.227568604,573370.0498001475,310.77807085929186,109,4:12:41
4.5%,225000,900.0000000028411,-3517765.5313766673,573632.494117352,310.9203209447946,109,4:12:40
4.5%,227500,910.0000000028889,-3518702.267054796,573970.0584733684,311.1032875985119,109,4:12:08
4.6%,230000,920.0000000029366,-3515795.862378601,573787.2522839603,311.00420297610236,109,4:12:10
4.7%,232500,930.0000000029844,-3520931.97201873,575799.569745926,312.09491941482133,109,4:12:11
4.7%,235000,940.0000000030321,-3516501.092973573,573310.5333896555,310.7458117706917,109,4:12:12
4.8%,237500,950.0000000030799,-3517696.58248912,573317.8275144519,310.7497653326778,109,4:11:41
4.8%,240000,960.0000000031276,-3514434.3854581825,574095.4773561415,311.1712671493293,109,4:11:41
4.8%,242500,970.0000000031754,-3519581.8666565474,574670.6577251395,311.4830264495153,109,4:11:38
4.9%,245000,980.0000000032231,-3517136.4160107058,573337.1510427461,310.76023907271275,109,4:11:37
5.0%,247500,990.0000000032709,-3520904.068585396,573960.4819381196,311.0980969242673,109,4:11:11
5.0%,250000,1000.0000000033186,-3517573.4919690713,574154.6036143522,311.2033147675651,109,4:11:09
5.0%,252500,1010.0000000033664,-3519311.0667796563,575194.854912638,311.76715184242244,109,4:11:12
5.1%,255000,1020.0000000034141,-3516588.979699131,574374.6322824832,311.32257472025935,109,4:11:10
5.2%,257500,1030.0000000032912,-3514810.554956589,574612.3806762057,311.45143911974577,109,4:10:45
5.2%,260000,1040.0000000030548,-3519651.0794606153,571868.3897997494,309.96414101036976,109,4:10:42
5.2%,262500,1050.0000000028183,-3516478.5800358523,575363.0616605267,311.8583232746111,109,4:10:39
5.3%,265000,1060.0000000025818,-3520333.663841704,571848.5289571448,309.95337603519806,109,4:10:37
5.3%,267500,1070.0000000023454,-3517949.3665951435,574989.5019101982,311.6558463949795,109,4:10:12
5.4%,270000,1080.000000002109,-3519395.576384537,572905.1700438673,310.52609670422623,109,4:10:08
5.5%,272500,1090.0000000018724,-3517561.457334971,574167.1265185967,311.2101024329201,109,4:10:08
5.5%,275000,1100.000000001636,-3516444.1641217824,573323.7963968366,310.7530005866875,109,4:10:05
5.5%,277500,1110.0000000013995,-3517511.50055274,574695.5662540419,311.49652737193514,109,4:09:41
5.6%,280000,1120.000000001163,-3517992.533706395,573797.073961308,311.00952652228295,109,4:09:37
5.7%,282500,1130.0000000009265,-3518470.4321040325,573382.8452016953,310.78500622365254,109,4:09:34
5.7%,285000,1140.00000000069,-3516407.0371522196,572882.2057369272,310.5136495891181,109,4:09:32
5.8%,287500,1150.0000000004536,-3520635.6732640658,574127.0744537498,311.1883934101845,109,4:09:11
5.8%,290000,1160.0000000002171,-3518908.6126276143,574410.0637042744,311.34177926175204,109,4:09:06
5.8%,292500,1169.9999999999807,-3515517.9703506157,576019.1163129482,312.213918059042,109,4:09:03
5.9%,295000,1179.9999999997442,-3520671.8689120933,573523.0030349069,310.86097458132406,109,4:09:00
6.0%,297500,1189.9999999995077,-3519180.049770158,574878.3260196822,311.59558683173117,109,4:08:40
6.0%,300000,1199.9999999992713,-3517406.9504812174,573303.1302991073,310.7417991470819,109,4:08:35
6.0%,302500,1209.9999999990348,-3516889.483241696,574779.0677174248,311.5417868404287,109,4:08:31
6.1%,305000,1219.9999999987983,-3519092.3040419407,574961.3047591664,311.6405629733839,109,4:08:27
6.2%,307500,1229.9999999985619,-3516929.5136081986,574757.0691847289,311.5298631943378,109,4:08:08
6.2%,310000,1239.9999999983254,-3518213.061577229,575636.4953131673,312.0065298004059,109,4:08:05
6.2%,312500,1249.999999998089,-3522095.030118229,572079.1263441434,310.0783644455651,109,4:08:01
6.3%,315000,1259.9999999978525,-3515760.826953832,572908.1842703933,310.5277304754796,109,4:07:56
6.3%,317500,1269.999999997616,-3519850.387362711,575849.6851676395,312.1220829788859,109,4:07:38
6.4%,320000,1279.9999999973795,-3517028.828679161,572783.9761517118,310.4604071830922,109,4:07:34
6.5%,322500,1289.999999997143,-3518305.807962613,573763.5579140678,310.9913601522262,109,4:07:30
6.5%,325000,1299.9999999969066,-3517785.3102483153,574642.4947829427,311.4677615697946,109,4:07:24
6.5%,327500,1309.99999999667,-3519386.326221876,572239.2771783341,310.16516941089884,109,4:07:06
6.6%,330000,1319.9999999964336,-3519276.3706178274,575928.0246546537,312.16454455261976,109,4:07:02
6.7%,332500,1329.9999999961972,-3518094.0523793716,574810.4700339715,311.55880752604054,109,4:06:57
6.7%,335000,1339.9999999959607,-3516321.9957191255,572296.5846438083,310.19623120698,109,4:06:52
6.8%,337500,1349.9999999957242,-3520893.6634987257,574956.2489136102,311.63782260365394,109,4:06:35
6.8%,340000,1359.9999999954878,-3517434.516254468,574252.9192018389,311.2566037885475,109,4:06:31
6.8%,342500,1369.9999999952513,-3519151.1622377913,574317.8585909604,311.29180224036935,109,4:06:26
6.9%,345000,1379.9999999950148,-3519448.925396668,574919.3426587314,311.6178186730373,109,4:06:21
7.0%,347500,1389.9999999947784,-3516947.1407770254,574185.8191511016,311.22023421477934,109,4:06:04
7.0%,350000,1399.999999994542,-3516368.3472111914,575817.9743302751,312.1048950688008,109,4:05:59
7.0%,352500,1409.9999999943054,-3518623.7862606607,574381.7513437204,311.3264333942839,109,4:05:54
7.1%,355000,1419.999999994069,-3520101.657660462,574345.3150122325,311.30668417157347,109,4:05:49
7.2%,357500,1429.9999999938325,-3517943.162079986,572998.6022397804,310.5767388289974,109,4:05:32
7.2%,360000,1439.999999993596,-3523072.657530131,575342.5935413488,311.8472291433525,109,4:05:27
7.2%,362500,1449.9999999933596,-3516028.5415018983,574049.4647192518,311.1463273769559,109,4:05:21
7.3%,365000,1459.999999993123,-3519624.135009013,575334.009944405,311.8425766615912,109,4:05:16
7.3%,367500,1469.9999999928866,-3519054.454816591,574845.5049268955,311.57779714093147,109,4:04:59
7.4%,370000,1479.9999999926501,-3515669.9362232797,574205.584826583,311.2309476074609,109,4:04:54
7.5%,372500,1489.9999999924137,-3519837.668443259,576672.4696111738,312.56804865529983,109,4:04:48
7.5%,375000,1499.9999999921772,-3519410.1853501294,574132.6719455596,311.1914273630512,109,4:04:42
7.5%,377500,1509.9999999919407,-3518063.0672781523,575084.5704407158,311.70737544593703,109,4:04:27
7.6%,380000,1519.9999999917043,-3518595.448904371,573916.2582677603,311.07412680764645,109,4:04:21
7.7%,382500,1529.9999999914678,-3519245.0350369364,573331.8737258563,310.7573786610765,109,4:04:16
7.7%,385000,1539.9999999912313,-3517320.3771140818,573792.6406166381,311.00712356052304,109,4:04:10
7.8%,387500,1549.9999999909949,-3516239.445221996,573822.708892236,311.023421169175,109,4:03:53
7.8%,390000,1559.9999999907584,-3515569.9333593063,572649.0859896141,310.3872940088529,109,4:03:45
7.8%,392500,1569.999999990522,-3520535.523159329,573615.8272785305,310.91128718375654,109,4:03:37
7.9%,395000,1579.9999999902855,-3518933.6809301246,574586.0785143923,311.43718282032677,109,4:03:28
8.0%,397500,1589.999999990049,-3519725.190416826,573999.3914398958,311.1191866548947,109,4:03:10
8.0%,400000,1599.9999999898125,-3518402.004564652,573197.9679133687,310.6847990240755,109,4:03:02
8.1%,402500,1609.999999989576,-3517474.297259338,575717.2220045027,312.05028528677775,109,4:02:53
8.1%,405000,1619.9999999893396,-3516884.9581889845,576542.1937993374,312.4974365514827,109,4:02:45
8.2%,407500,1629.9999999891031,-3514990.438052237,574414.131847791,311.3439842771597,109,4:02:27
8.2%,410000,1639.9999999888666,-3517683.723375831,573133.480043602,310.6498453048031,109,4:02:18
8.2%,412500,1649.9999999886302,-3517718.425386818,573413.8132024242,310.80179150137724,109,4:02:11
8.3%,415000,1659.9999999883937,-3517494.892612284,574812.9905546644,311.5601736988268,109,4:02:03
8.3%,417500,1669.9999999881572,-3518813.1913659163,574668.7975679755,311.4820182070109,109,4:01:46
8.4%,420000,1679.9999999879208,-3521747.190016158,576489.8981931196,312.46909128367446,109,4:01:37
8.4%,422500,1689.9999999876843,-3518462.8481352013,574809.5506198606,311.55830918514573,109,4:01:29
8.5%,425000,1699.9999999874478,-3517073.120219279,571894.8673540939,309.9784923760596,109,4:01:21
8.6%,427500,1709.9999999872114,-3517750.348878987,573553.0795650699,310.87727666411587,109,4:01:14
8.6%,430000,1719.999999986975,-3519080.7865988314,573062.2935652161,310.61126080526094,109,4:00:57
8.7%,432500,1729.9999999867384,-3518673.874663269,575163.4552143118,311.75013257593866,109,4:00:49
8.7%,435000,1739.999999986502,-3519044.3048792854,575823.3564087095,312.1078122632961,109,4:00:42
8.8%,437500,1749.9999999862655,-3518150.6831325293,574222.5238616545,311.2401289043276,109,4:00:34
8.8%,440000,1759.999999986029,-3515120.583070444,573143.55740172,310.6553074350911,109,4:00:18
8.8%,442500,1769.9999999857926,-3518289.2464227956,572241.6253409886,310.1664421621702,109,4:00:11
8.9%,445000,1779.999999985556,-3519734.511393836,573059.560279804,310.60977930972797,109,4:00:03
8.9%,447500,1789.9999999853196,-3519920.599117659,574074.4576561055,311.15987405017887,109,3:59:56
9.0%,450000,1799.9999999850832,-3514621.688861707,573844.3669269937,311.0351602585518,109,3:59:40
9.1%,452500,1809.9999999848467,-3515894.5081756786,574489.1054770671,311.38462148846827,109,3:59:32
9.1%,455000,1819.9999999846102,-3517888.766884353,573229.5290379429,310.7019057868245,109,3:59:25
9.2%,457500,1829.9999999843737,-3519768.8110258393,575854.6177591847,312.1247565424689,109,3:59:16
9.2%,460000,1839.9999999841373,-3519873.888176156,576617.5220976835,312.5382660005431,109,3:59:02
9.2%,462500,1849.9999999839008,-3512791.9416809436,573096.2258233208,310.6296527699569,109,3:58:54
9.3%,465000,1859.9999999836643,-3515233.0230177213,576168.1984903167,312.29472359030103,109,3:58:46
9.3%,467500,1869.9999999834279,-3518362.3368268404,575235.5336374464,311.78920052743024,109,3:58:39
9.4%,470000,1879.9999999831914,-3517730.8759223875,574569.0811785903,311.4279699232944,109,3:58:24
9.4%,472500,1889.999999982955,-3514693.221009759,572484.5195066289,310.2980956732787,109,3:58:16
9.5%,475000,1899.9999999827185,-3520742.444762936,575104.6850461636,311.7182779656612,109,3:58:08
9.6%,477500,1909.999999982482,-3518788.4824337624,571731.8047646038,309.8901091809333,109,3:58:01
9.6%,480000,1919.9999999822455,-3520005.912681196,573332.5780429798,310.75776041508857,109,3:57:46
9.7%,482500,1929.999999982009,-3517968.5767332297,571497.2207833276,309.7629599564823,109,3:57:38
9.7%,485000,1939.9999999817726,-3517126.4629005305,574130.3735468456,311.19018158483414,109,3:57:31
9.8%,487500,1949.9999999815361,-3516811.5524880644,575494.1262849916,311.9293629306993,109,3:57:23
9.8%,490000,1959.9999999812997,-3519583.0211178698,574221.9056392722,311.2397938153926,110,3:57:08
9.8%,492500,1969.9999999810632,-3518780.9613217767,573052.1215441923,310.6057473657786,110,3:57:00
9.9%,495000,1979.9999999808267,-3519097.6602883954,572374.6747003136,310.2385575843735,110,3:56:53
9.9%,497500,1989.9999999805902,-3517189.170288937,575917.0544657419,312.15859849012804,110,3:56:45
10.0%,500000,1999.9999999803538,-3514741.316508092,572879.1522592471,310.5119945429517,110,3:56:30
10.1%,502500,2009.9999999801173,-3517465.193555508,576015.8894653763,312.21216904291583,110,3:56:24
10.1%,505000,2019.9999999798808,-3517851.8711946458,574540.6368260464,311.4125525135195,110,3:56:17
10.2%,507500,2029.9999999796444,-3515623.70046293,573253.2861017659,310.7147825920688,110,3:56:09
10.2%,510000,2039.999999979408,-3520922.0525142793,573476.7475466955,310.83590317866185,110,3:55:56
10.2%,512500,2049.9999999791717,-3517017.8713783324,571506.9675553641,309.7682429024814,110,3:55:48
10.3%,515000,2059.999999978935,-3518527.8470052704,573607.0080222068,310.9065069698831,110,3:55:41
10.3%,517500,2069.9999999786987,-3516001.5201280154,572354.91357286,310.2278466568143,110,3:55:33
10.4%,520000,2079.9999999784623,-3517735.489079397,573160.17524079,310.66431463728077,110,3:55:19
10.4%,522500,2089.999999978226,-3520639.9251317363,572413.8856668142,310.25981071493,110,3:55:12
10.5%,525000,2099.9999999779893,-3518081.7518345304,574022.1679653223,311.1315319886549,110,3:55:04
10.6%,527500,2109.999999977753,-3516216.2093229685,573957.9601113447,311.0967300435583,110,3:54:57
10.6%,530000,2119.9999999775164,-3520377.7229681164,573738.9594075457,310.97802726815667,110,3:54:43
10.7%,532500,2129.99999997728,-3517674.2947811205,574791.8558833472,311.5487182829353,110,3:54:35
10.7%,535000,2139.9999999770434,-3520653.729209248,575076.2352006604,311.70285757859205,110,3:54:28
10.8%,537500,2149.999999976807,-3516093.5558375455,572391.7661944956,310.2478215171371,110,3:54:20
10.8%,540000,2159.9999999765705,-3518875.372191375,573635.367116103,310.9218781677603,110,3:54:07
10.8%,542500,2169.999999976334,-3517779.8153096996,574251.559847717,311.25586699133993,110,3:53:59
10.9%,545000,2179.9999999760976,-3517755.275687827,573857.4232020928,311.04223702161136,110,3:53:52
10.9%,547500,2189.999999975861,-3520035.4661795367,574253.0864900581,311.25669446211873,110,3:53:45
11.0%,550000,2199.9999999756246,-3520628.5264871567,574240.1048924152,311.2496581757387,110,3:53:32
11.1%,552500,2209.999999975388,-3520082.712261077,574725.9723820341,311.51300810336335,110,3:53:24
11.1%,555000,2219.9999999751517,-3519347.918858569,572129.7433435036,310.1057998747776,110,3:53:16
11.2%,557500,2229.999999974915,-3517431.3289844356,572581.704129741,310.3507716888789,110,3:53:09
11.2%,560000,2239.9999999746788,-3522781.1676329896,572822.4653019656,310.48126907476063,110,3:53:01
11.2%,562500,2249.9999999744423,-3521660.6292519085,573982.4628354379,311.11001101162964,110,3:52:49
11.3%,565000,2259.999999974206,-3521510.9084240496,574764.5686208843,311.53392803919974,110,3:52:41
11.3%,567500,2269.9999999739694,-3515237.0619533323,575052.2750717425,311.6898707079921,110,3:52:34
11.4%,570000,2279.999999973733,-3516493.5784531757,572339.1802481235,310.21931887913996,110,3:52:26
11.4%,572500,2289.9999999734964,-3516198.5486775376,574867.2744227172,311.58959664444126,110,3:52:13
11.5%,575000,2299.99999997326,-3516078.138670871,571856.6003271576,309.95775087968576,110,3:52:06
11.6%,577500,2309.9999999730235,-3514276.340209,574699.2287302918,311.4985125075451,110,3:51:59
11.6%,580000,2319.999999972787,-3517325.0029228423,574029.1691414724,311.13532676659713,110,3:51:51
11.7%,582500,2329.9999999725505,-3516574.14481201,573729.786568003,310.9730554050843,110,3:51:39
11.7%,585000,2339.999999972314,-3518908.852894537,573874.5653840122,311.0515284281456,110,3:51:31
11.8%,587500,2349.9999999720776,-3518415.5522822514,574170.1058067242,311.2117172668605,110,3:51:24
11.8%,590000,2359.999999971841,-3516825.5294367652,574255.1412076624,311.2578081602853,110,3:51:16
11.8%,592500,2369.9999999716047,-3514884.64713075,571531.8551225374,309.7817324632235,110,3:51:04
11.9%,595000,2379.999999971368,-3516300.4346818905,574637.4650123948,311.4650353332424,110,3:50:56
11.9%,597500,2389.9999999711317,-3519517.959860446,576477.7306376928,312.4624962245082,110,3:50:49
12.0%,600000,2399.9999999708953,-3519847.803406937,573871.8217096849,311.0500413016122,110,3:50:41
12.1%,602500,2409.999999970659,-3519107.802374497,573086.8972943053,310.6245965200666,110,3:50:29
12.1%,605000,2419.9999999704223,-3519846.194305204,572767.6649674538,310.45156619396323,110,3:50:22
12.2%,607500,2429.999999970186,-3517966.1034629587,574310.964071307,311.28806527238834,110,3:50:14
12.2%,610000,2439.9999999699494,-3519931.044620434,573904.7834834993,311.0679072443515,110,3:50:07
12.2%,612500,2449.999999969713,-3521308.722130444,575456.6754494633,311.9090638264444,110,3:49:55
12.3%,615000,2459.9999999694764,-3515598.8179860283,576456.2682594722,312.4508631849,110,3:49:47
12.3%,617500,2469.99999996924,-3521386.4218820874,572900.4705325891,310.52354947482434,110,3:49:40
12.4%,620000,2479.9999999690035,-3516981.804715149,574253.9550803535,311.2571652554859,110,3:49:32
12.4%,622500,2489.999999968767,-3516374.3829734437,575275.4494696187,311.810835709323,110,3:49:21
12.5%,625000,2499.9999999685306,-3517445.0089212656,573742.3891238642,310.97988624321374,110,3:49:13
12.6%,627500,2509.999999968294,-3515280.9150783345,572661.9821180775,310.3942839692228,110,3:49:06
12.6%,630000,2519.9999999680576,-3519259.078831995,571126.2738543872,309.5618992784656,110,3:48:58
12.7%,632500,2529.999999967821,-3517671.544100141,572794.7714801911,310.46625846772116,110,3:48:46
12.7%,635000,2539.9999999675847,-3517426.8233167883,573426.5512112849,310.80869575775006,110,3:48:39
12.8%,637500,2549.9999999673482,-3518620.032573104,573041.8642439839,310.60018770326724,110,3:48:31
12.8%,640000,2559.9999999671118,-3519168.359198151,576938.9043219681,312.7124616141899,110,3:48:24
12.8%,642500,2569.9999999668753,-3519789.605390085,574193.9507626122,311.22464171136744,110,3:48:12
12.9%,645000,2579.999999966639,-3519389.4451081045,573319.0087254635,310.7504055727454,110,3:48:05
12.9%,647500,2589.9999999664024,-3520302.1172064897,575926.665937812,312.16380810083075,110,3:47:58
13.0%,650000,2599.999999966166,-3518979.8161758184,573274.3156965149,310.7261810543522,110,3:47:50
13.1%,652500,2609.9999999659294,-3518410.980591867,573438.2379667797,310.8150302137067,110,3:47:39
13.1%,655000,2619.999999965693,-3512820.236821104,572811.6276134107,310.4753948301208,110,3:47:31
13.2%,657500,2629.9999999654565,-3520216.704405589,576734.8656212921,312.6018685446726,110,3:47:24
13.2%,660000,2639.99999996522,-3519395.0733557716,574307.9404368591,311.2864264018526,110,3:47:16
13.2%,662500,2649.9999999649835,-3517908.1072513275,572366.6672808994,310.2342174023933,110,3:47:05
13.3%,665000,2659.999999964747,-3517584.9594860952,575387.1200719373,311.871363416294,110,3:46:58
13.3%,667500,2669.9999999645106,-3518603.8615194988,574763.3859956078,311.5332870325721,110,3:46:50
13.4%,670000,2679.999999964274,-3520237.287890317,575156.7232438547,311.74648371288333,110,3:46:43
13.4%,672500,2689.9999999640377,-3517202.2421131246,573938.7196598373,311.08630133280855,110,3:46:36
13.5%,675000,2699.999999963801,-3517338.563782528,574527.9773149063,311.40569080448614,110,3:46:28
13.6%,677500,2709.9999999635647,-3519787.838827595,575180.47804268,311.7593592904534,110,3:46:19
13.6%,680000,2719.9999999633283,-3522022.1211223416,573693.1062716297,310.95317394851116,110,3:46:08
13.7%,682500,2729.999999963092,-3515869.07605513,574007.0709958908,311.12334912832347,110,3:46:00
13.7%,685000,2739.9999999628553,-3515388.5465730727,575563.240671915,311.96682431509527,110,3:45:52
13.8%,687500,2749.999999962619,-3521690.1760804635,573358.4984421394,310.7718097914896,110,3:45:43
13.8%,690000,2759.9999999623824,-3519382.561258439,574172.667373857,311.21310568764073,110,3:45:34
13.8%,692500,2769.999999962146,-3517529.2757282145,574722.6760067793,311.5112214018381,110,3:45:26
13.9%,695000,2779.9999999619095,-3517465.053602781,574757.7044480499,311.5302075198034,110,3:45:19
13.9%,697500,2789.999999961673,-3519327.7326197494,575060.66351983,311.694417415158,110,3:45:11
14.0%,700000,2799.9999999614365,-3519938.320854062,575572.6750509692,311.97193793783026,110,3:45:02
14.1%,702500,2809.9999999612,-3520280.371127352,573528.6895444349,310.86405678358005,110,3:44:53
14.1%,705000,2819.9999999609636,-3517638.3179502822,573866.1546852931,311.04696966069093,110,3:44:45
14.2%,707500,2829.999999960727,-3515915.270192167,574726.0569348589,311.51305393269087,110,3:44:37
14.2%,710000,2839.9999999604906,-3518237.9819319695,574925.9775213473,311.6214149016944,110,3:44:27
14.2%,712500,2849.999999960254,-3516981.364984544,574971.1068980702,311.6458759293359,110,3:44:19
14.3%,715000,2859.9999999600177,-3522828.3688620385,571838.0509989032,309.94769677160554,110,3:44:10
14.3%,717500,2869.9999999597812,-3520714.6543119475,573406.5291010758,310.7978433723011,110,3:44:02
14.4%,720000,2879.9999999595448,-3517028.2796468623,573634.6365149748,310.9214821672904,110,3:43:52
14.4%,722500,2889.9999999593083,-3519224.6373229735,575263.2997675076,311.80425032701197,110,3:43:43
14.5%,725000,2899.999999959072,-3522380.2506799083,572811.1421059826,310.4751316753538,110,3:43:35
14.6%,727500,2909.9999999588354,-3516620.950846294,572380.1252632572,310.24151189884685,110,3:43:27
14.6%,730000,2919.999999958599,-3516296.4974751603,574717.2988452672,311.5083068724133,110,3:43:17
14.7%,732500,2929.9999999583624,-3519639.1091318615,573732.6867867375,310.97462738182725,110,3:43:09
14.7%,735000,2939.999999958126,-3517912.6294145305,573935.6802478144,311.0846539105106,110,3:43:00
14.8%,737500,2949.9999999578895,-3520944.8801669963,577848.4639878878,313.2054612021602,110,3:42:52
14.8%,740000,2959.999999957653,-3518169.229290733,574703.7836535517,311.5009813673401,110,3:42:43
14.8%,742500,2969.9999999574165,-3518460.0398044623,572880.7203612314,310.51284448568896,110,3:42:34
14.9%,745000,2979.99999995718,-3516185.4021024164,573591.7065887139,310.8982132859281,110,3:42:26
14.9%,747500,2989.9999999569436,-3519797.3803668767,573011.5429784864,310.58375296901386,110,3:42:17
15.0%,750000,2999.999999956707,-3519772.2626791466,574922.0841316057,311.61930460633897,110,3:42:09
15.1%,752500,3009.9999999564707,-3516769.7892465144,573923.2842202709,311.0779350148731,110,3:42:02
15.1%,755000,3019.999999956234,-3519596.165055707,574741.0758265515,311.52119447332126,110,3:41:53
15.2%,757500,3029.9999999559977,-3515568.0097595155,573030.6429567288,310.5941055404356,110,3:41:44
15.2%,760000,3039.9999999557613,-3518870.925176842,572170.0405596874,310.1276417744565,110,3:41:35
15.2%,762500,3049.999999955525,-3521262.5019774623,574736.5849487414,311.51876032744497,110,3:41:25
15.3%,765000,3059.9999999552883,-3518473.7605182547,574582.3461589955,311.43515980881733,110,3:41:17
15.3%,767500,3069.999999955052,-3519354.3357751463,573438.7016914174,310.81528156176427,110,3:41:09
15.4%,770000,3079.9999999548154,-3521760.5393971186,574729.8808899815,311.51512659308963,110,3:41:01
15.4%,772500,3089.999999954579,-3521071.7531688325,575615.5600491408,311.9951824672668,110,3:40:53
15.5%,775000,3099.9999999543425,-3517724.876450725,575669.4021236821,312.024365951934,110,3:40:44
15.6%,777500,3109.999999954106,-3517673.4180136267,573824.0376782087,311.0241413978324,110,3:40:36
15.6%,780000,3119.9999999538695,-3519010.3115488514,574925.4831849391,311.62114696144295,110,3:40:27
15.7%,782500,3129.999999953633,-3520476.5268635843,572068.1868179766,310.0724350028965,110,3:40:18
15.7%,785000,3139.9999999533966,-3516810.395353256,574789.2623309323,311.54731252549044,110,3:40:09
15.8%,787500,3149.99999995316,-3517251.5674249995,573481.5023515593,310.83848037829654,110,3:40:01
15.8%,790000,3159.9999999529236,-3517728.07367781,574529.9322488179,311.4067504178892,110,3:39:52
15.8%,792500,3169.999999952687,-3521233.227809932,571714.9702811595,309.8809845531461,110,3:39:44
15.9%,795000,3179.9999999524507,-3518413.52247834,574203.230903571,311.2296717339602,110,3:39:35
15.9%,797500,3189.9999999522142,-3521601.024948431,574311.6453781386,311.28843455436055,110,3:39:27
16.0%,800000,3199.9999999519778,-3519185.667935975,573461.4993719398,310.82763836201093,110,3:39:18
16.1%,802500,3209.9999999517413,-3520621.517701855,574524.5129989157,311.4038130757126,110,3:39:10
16.1%,805000,3219.999999951505,-3516363.6888400353,574340.3629822077,311.3040000719445,110,3:39:01
16.1%,807500,3229.9999999512684,-3519020.53097813,574506.686715306,311.39415087233675,110,3:38:53
16.2%,810000,3239.999999951032,-3517844.13220609,573901.1629803331,311.06594485899507,110,3:38:44
16.2%,812500,3249.9999999507954,-3519029.4761804678,573936.67355637,311.0851923036771,110,3:38:36
16.3%,815000,3259.999999950559,-3521121.626060948,574412.213335304,311.3429444048995,110,3:38:27
16.4%,817500,3269.9999999503225,-3524110.5669405386,572428.0804170305,310.26750455434507,110,3:38:19
16.4%,820000,3279.999999950086,-3518188.597402826,572692.9939354892,310.4110929964687,110,3:38:11
16.4%,822500,3289.9999999498496,-3518186.209080171,574295.5637885553,311.2797180101518,110,3:38:03
16.5%,825000,3299.999999949613,-3519580.4117281437,573139.1879514795,310.6529391053939,110,3:37:54
16.6%,827500,3309.9999999493766,-3517648.5249966644,575942.0949644303,312.1721709428197,110,3:37:45
16.6%,830000,3319.99999994914,-3515171.0365414172,573445.3438851135,310.81888176401384,110,3:37:37
16.6%,832500,3329.9999999489037,-3523360.523741694,572154.4030342781,310.11916592193955,110,3:37:29
16.7%,835000,3339.999999948667,-3517766.8612134214,575390.3673549355,311.8731235088312,110,3:37:20
16.8%,837500,3349.9999999484307,-3519456.2180639002,571846.3358464416,309.9521873251952,110,3:37:11
16.8%,840000,3359.9999999481943,-3523956.207224179,574289.2416339405,311.2762912755054,110,3:37:03
16.9%,842500,3369.999999947958,-3519588.0331745725,573366.7673180379,310.77629168813,110,3:36:55
16.9%,845000,3379.9999999477213,-3520310.6723781712,575096.2873192312,311.71372622917517,110,3:36:47
16.9%,847500,3389.999999947485,-3518344.0071488153,573188.0860071819,310.67944283265564,110,3:36:38
17.0%,850000,3399.9999999472484,-3517716.766595099,574549.2822484886,311.41723850594144,110,3:36:30
17.1%,852500,3409.999999947012,-3518563.882242387,574455.6196373448,311.36647149149235,110,3:36:22
17.1%,855000,3419.9999999467755,-3515430.6242569108,574354.6768751577,311.31175848911164,110,3:36:13
17.1%,857500,3429.999999946539,-3518381.225212766,571931.1392706931,309.99815248260154,110,3:36:05
17.2%,860000,3439.9999999463025,-3515881.7202015202,574992.9051691128,311.65769102959285,110,3:35:56
17.2%,862500,3449.999999946066,-3519680.0344291944,573365.3131882551,310.7755035206127,110,3:35:48
17.3%,865000,3459.9999999458296,-3519193.929754995,573215.5693149847,310.6943393368989,110,3:35:40
17.4%,867500,3469.999999945593,-3517737.0527022537,575302.8022462612,311.82566146305834,110,3:35:31
17.4%,870000,3479.9999999453566,-3518768.157543283,573583.949752933,310.8940089253048,110,3:35:23
17.4%,872500,3489.99999994512,-3515806.296388224,576190.0594496692,312.30657266887954,110,3:35:15
17.5%,875000,3499.9999999448837,-3517876.7995626573,575375.0033283342,311.86479589815565,110,3:35:07
17.6%,877500,3509.9999999446472,-3515548.6836606357,574094.1357726839,311.1705399841783,110,3:34:58
17.6%,880000,3519.999999944411,-3514441.6315006483,577078.976604802,312.78838360184017,110,3:34:49
17.6%,882500,3529.9999999441743,-3518759.55380157,576183.1902720256,312.30284943677634,110,3:34:41
17.7%,885000,3539.999999943938,-3517344.0339349844,574477.5089789662,311.37833595383006,110,3:34:33
17.8%,887500,3549.9999999437014,-3519454.55190471,574288.9820110233,311.27615055467527,110,3:34:24
17.8%,890000,3559.999999943465,-3522056.541693425,575280.8557469305,311.8137660200954,110,3:34:16
17.9%,892500,3569.9999999432284,-3514059.596996248,575129.0631706509,311.7314913982462,110,3:34:08
17.9%,895000,3579.999999942992,-3519293.269981604,572704.3464115403,310.4172462662599,110,3:33:59
17.9%,897500,3589.9999999427555,-3518005.5463674404,575404.3578687777,311.88070664803377,110,3:33:51
18.0%,900000,3599.999999942519,-3520485.427583443,572664.638037625,310.3957235309049,111,3:33:43
18.1%,902500,3609.9999999422826,-3520608.7846825384,571783.0382566447,309.91787876154774,111,3:33:34
18.1%,905000,3619.999999942046,-3520326.9244008698,574502.3451323037,311.3917976472417,111,3:33:26
18.1%,907500,3629.9999999418096,-3518111.75081178,571950.3161129489,310.0085467158607,111,3:33:18
18.2%,910000,3639.999999941573,-3517996.7290839236,573744.1836061268,310.98085888860385,111,3:33:10
18.2%,912500,3649.9999999413367,-3518581.1265172977,575485.4966494921,311.92468549511705,111,3:33:01
18.3%,915000,3659.9999999411,-3518976.5320656598,573996.1885146619,311.1174506051557,111,3:32:53
18.4%,917500,3669.9999999408637,-3517774.881756773,574385.6821649654,311.3285639782652,111,3:32:45
18.4%,920000,3679.9999999406273,-3520145.1834732834,574673.0803894065,311.48433958215537,111,3:32:37
18.4%,922500,3689.999999940391,-3520968.341737885,572561.4511439137,310.3397941642127,111,3:32:28
18.5%,925000,3699.9999999401543,-3517314.7432111893,572325.6296797683,310.21197419921833,111,3:32:20
18.6%,927500,3709.999999939918,-3518501.2244695537,573859.1140857143,311.0431535144595,111,3:32:13
18.6%,930000,3719.9999999396814,-3517868.6620478295,574164.3301516268,311.2085867459173,111,3:32:04
18.6%,932500,3729.999999939445,-3517905.8042472303,573394.5592193342,310.7913554562382,111,3:31:55
18.7%,935000,3739.9999999392085,-3515863.3312030733,571246.7982602093,309.6272259245747,111,3:31:47
18.8%,937500,3749.999999938972,-3520874.463861985,574667.0016652304,311.4810447916908,111,3:31:40
18.8%,940000,3759.9999999387355,-3516896.058863735,575903.7461216142,312.15138510059757,111,3:31:31
18.9%,942500,3769.999999938499,-3519091.4432779476,573755.7889206338,310.98714920191105,111,3:31:23
18.9%,945000,3779.9999999382626,-3516689.357045442,575244.8070437509,311.7942268997052,111,3:31:15
18.9%,947500,3789.999999938026,-3517493.9657784235,574339.4613537128,311.3035113712104,111,3:31:07
19.0%,950000,3799.9999999377897,-3517309.683121441,572690.2295902891,310.40959466590743,111,3:30:58
19.1%,952500,3809.999999937553,-3519690.3691087775,576860.1537463956,312.6697772222096,111,3:30:50
19.1%,955000,3819.9999999373167,-3518363.8796234783,573343.4049561198,310.76362881923734,111,3:30:42
19.1%,957500,3829.9999999370802,-3520044.0994044356,572829.7084881016,310.48519502697076,111,3:30:34
19.2%,960000,3839.999999936844,-3520087.003757881,572616.8239444467,310.3698073330794,111,3:30:26
19.2%,962500,3849.9999999366073,-3518368.88990953,572395.9766663611,310.25010367736536,111,3:30:17
19.3%,965000,3859.999999936371,-3517437.5569269136,573826.6019383145,311.02553127825803,111,3:30:09
19.4%,967500,3869.9999999361344,-3517356.5008965507,572046.532678612,310.06069802490083,111,3:30:01
19.4%,970000,3879.999999935898,-3518734.4827416353,573709.6111180508,310.962119906418,111,3:29:53
19.4%,972500,3889.9999999356614,-3518403.6594551,575535.4001202695,311.9517341775217,111,3:29:44
19.5%,975000,3899.999999935425,-3517594.9126710463,575955.8654230019,312.17963480765053,111,3:29:36
19.6%,977500,3909.9999999351885,-3519554.2350293715,574123.914304038,311.18668054563676,111,3:29:28
19.6%,980000,3919.999999934952,-3517325.275903454,571951.4319013383,310.0091514955545,111,3:29:21
19.6%,982500,3929.9999999347156,-3522113.0407697726,574817.0079388614,311.5623512016648,111,3:29:12
19.7%,985000,3939.999999934479,-3514885.035568353,574472.3394087692,311.3755339430631,111,3:29:04
19.8%,987500,3949.9999999342426,-3518735.7695176452,573476.9263477448,310.8360000924179,111,3:28:56
19.8%,990000,3959.999999934006,-3520888.6554892156,573218.5944520936,310.695979021907,111,3:28:48
19.9%,992500,3969.9999999337697,-3520402.425146578,574894.4425524218,311.60432231583167,111,3:28:39
19.9%,995000,3979.999999933533,-3519466.0523281787,575409.1770952002,311.8833187654458,111,3:28:31
19.9%,997500,3989.9999999332967,-3519569.7837660983,575066.5649658061,311.6976161172813,111,3:28:23
20.0%,1000000,3999.9999999330603,-3515548.6739494763,574355.012626184,311.31194047290427,111,3:28:15
20.1%,1002500,4009.999999932824,-3516328.4182748087,574858.0608028937,311.58460267763854,111,3:28:07
20.1%,1005000,4019.9999999325873,-3520335.718668198,574738.9632573149,311.52004941840926,111,3:27:59
20.1%,1007500,4029.999999932351,-3517459.557327671,575706.7687241612,312.0446193991022,111,3:27:51
20.2%,1010000,4039.9999999321144,-3516903.5252779014,572352.6769573076,310.22663436631035,111,3:27:43
20.2%,1012500,4049.999999931878,-3521133.385619594,572503.2713469025,310.3082595469364,111,3:27:34
20.3%,1015000,4059.9999999316415,-3518299.0851752795,574892.4023452222,311.6032164825956,111,3:27:26
20.4%,1017500,4069.999999931405,-3520574.077399263,573438.7116380024,310.8152869530129,111,3:27:18
20.4%,1020000,4079.9999999311685,-3522159.7836109865,573468.3636127335,310.83135891824253,111,3:27:10
20.4%,1022500,4089.999999930932,-3518930.433295833,573912.2776248638,311.0719692193305,111,3:27:02
20.5%,1025000,4099.999999930696,-3518106.7856445964,573641.0855260601,310.92497766068897,111,3:26:53
20.6%,1027500,4109.999999930459,-3520770.358021535,573803.4075830926,311.01295947236554,111,3:26:45
20.6%,1030000,4119.999999930223,-3519599.711384658,571128.1136753133,309.562896498321,111,3:26:37
20.6%,1032500,4129.999999929986,-3518988.421828812,573625.4031250264,310.91647748468324,111,3:26:29
20.7%,1035000,4139.99999992975,-3519989.373478733,573603.1472006359,310.9044143271297,111,3:26:20
20.8%,1037500,4149.999999929513,-3515455.1634212527,573049.8093877812,310.6044941306136,111,3:26:13
20.8%,1040000,4159.999999929277,-3515311.8188772704,574868.0810958261,311.5900338774511,111,3:26:05
20.9%,1042500,4169.99999992904,-3519291.241386067,571833.2772757877,309.9451093178988,111,3:25:57
20.9%,1045000,4179.999999928804,-3515286.7533579133,573959.2948743174,311.0974535118697,111,3:25:48
20.9%,1047500,4189.999999928567,-3518068.0722175557,574215.6488771656,311.2364025247977,111,3:25:40
21.0%,1050000,4199.999999928331,-3517565.1553240344,572346.8823478098,310.2234935717018,111,3:25:32
21.1%,1052500,4209.999999928094,-3518953.0357212573,573141.5112613498,310.65419838595756,111,3:25:24
21.1%,1055000,4219.999999927858,-3518440.961177865,574923.3743398972,311.6200039251192,111,3:25:15
21.1%,1057500,4229.9999999276215,-3518891.8124349527,575760.525108276,312.07375643783905,111,3:25:07
21.2%,1060000,4239.999999927385,-3519818.5073499046,575124.5320693349,311.7290354504227,111,3:24:59
21.2%,1062500,4249.999999927149,-3518072.6118037608,572128.6701732303,310.10521819495784,111,3:24:52
21.3%,1065000,4259.999999926912,-3517289.101423407,575955.1272636093,312.17923471044963,111,3:24:43
21.4%,1067500,4269.999999926676,-3520158.640965607,574653.3912192911,311.4736676569172,111,3:24:35
21.4%,1070000,4279.999999926439,-3518864.249625033,573085.543355883,310.62386265827683,111,3:24:27
21.4%,1072500,4289.999999926203,-3518429.6119927,574354.5548099838,311.3116923273383,111,3:24:19
21.5%,1075000,4299.999999925966,-3519915.819546491,572238.4254172347,310.16470773929353,111,3:24:11
21.6%,1077500,4309.99999992573,-3518931.1912451517,574299.6853972613,311.2819520047647,111,3:24:02
21.6%,1080000,4319.999999925493,-3516984.6323794257,576852.0497824973,312.665384711182,111,3:23:54
21.6%,1082500,4329.999999925257,-3517672.7144086696,572642.6369910666,310.38379852225,111,3:23:46
21.7%,1085000,4339.99999992502,-3520749.2940329853,572817.51557052,310.4785862210077,111,3:23:38
21.8%,1087500,4349.999999924784,-3518234.644758366,574112.6541808979,311.18057733297616,111,3:23:30
21.8%,1090000,4359.999999924547,-3517859.437517341,572570.1093940822,310.3444871095197,111,3:23:22
21.9%,1092500,4369.999999924311,-3516945.379758889,573442.7141692553,310.81745640525713,111,3:23:14
21.9%,1095000,4379.9999999240745,-3521793.3645737693,572797.0165183593,310.4674753234518,111,3:23:06
21.9%,1097500,4389.999999923838,-3519750.183846848,573164.4043734625,310.6666069120409,111,3:22:57
22.0%,1100000,4399.9999999236015,-3518037.0483783167,571490.6348955316,309.7593902731602,111,3:22:49
22.1%,1102500,4409.999999923365,-3519414.6820719466,574706.5268607647,311.5024682406882,111,3:22:41
22.1%,1105000,4419.999999923129,-3520392.748142291,575095.9619150136,311.71354985356044,111,3:22:33
22.1%,1107500,4429.999999922892,-3519313.2626095787,576506.6264747492,312.4781583479472,111,3:22:25
22.2%,1110000,4439.999999922656,-3521961.541103868,575702.4990188233,312.04230513314343,111,3:22:17
22.2%,1112500,4449.999999922419,-3521106.5052459706,576203.8110601101,312.31402631764536,111,3:22:09
22.3%,1115000,4459.999999922183,-3514544.8017470073,574832.1948399326,311.5705828067493,111,3:22:01
22.4%,1117500,4469.999999921946,-3519356.079650389,575440.868153211,311.90049595472436,111,3:21:53
22.4%,1120000,4479.99999992171,-3519528.802759202,574331.178783381,311.29902205191235,111,3:21:44
22.4%,1122500,4489.999999921473,-3522535.600569496,573285.4421798143,310.73221183153777,111,3:21:37
22.5%,1125000,4499.999999921237,-3518103.8149822652,576258.5884544512,312.34371676441,111,3:21:29
22.6%,1127500,4509.999999921,-3517300.752761489,574053.559214107,311.14854667531773,111,3:21:20
22.6%,1130000,4519.999999920764,-3520184.7853612956,573829.6869984258,311.02720344273575,111,3:21:12
22.6%,1132500,4529.999999920527,-3519529.7064139117,574969.3299981838,311.64491281394646,111,3:21:04
22.7%,1135000,4539.999999920291,-3518099.675014939,575019.9255258315,311.67233660505997,111,3:20:56
22.8%,1137500,4549.9999999200545,-3521716.477239836,572385.1763702122,310.2442497001599,111,3:20:48
22.8%,1140000,4559.999999919818,-3519393.619779641,571346.4361855965,309.6812316792301,111,3:20:40
22.9%,1142500,4569.999999919582,-3520123.9584704097,572091.0065101415,310.084803733895,111,3:20:32
22.9%,1145000,4579.999999919345,-3519827.4395874925,574785.4242873853,311.545232228883,111,3:20:24
22.9%,1147500,4589.999999919109,-3518813.404967496,573194.3994557448,310.6828648484472,111,3:20:16
23.0%,1150000,4599.999999918872,-3520584.573636409,573151.2704565444,310.6594880655576,111,3:20:08
23.1%,1152500,4609.999999918636,-3521924.9901320916,574938.7509907173,311.6283383783747,111,3:20:00
23.1%,1155000,4619.999999918399,-3517665.764758317,572970.359792273,310.5614308558032,111,3:19:52
23.1%,1157500,4629.999999918163,-3518096.7013471816,574377.5186133862,311.324139169519,111,3:19:44
23.2%,1160000,4639.999999917926,-3518038.61407985,573335.595133554,310.75939573871347,111,3:19:35
23.2%,1162500,4649.99999991769,-3518532.1320911776,572680.8447313361,310.40450788406093,111,3:19:27
23.3%,1165000,4659.999999917453,-3520048.0843036287,574043.0495550593,311.14285022925225,111,3:19:20
23.4%,1167500,4669.999999917217,-3521229.1390846837,575847.061489227,312.12066089254586,111,3:19:12
23.4%,1170000,4679.99999991698,-3521585.848031139,573437.8201316108,310.81480373866185,111,3:19:03
23.4%,1172500,4689.999999916744,-3515658.237754451,572269.1512128552,310.18136173699,111,3:18:55
23.5%,1175000,4699.9999999165075,-3520654.200491082,572405.124371243,310.2550619169472,111,3:18:47
23.6%,1177500,4709.999999916271,-3519090.579992989,573503.6279105804,310.8504728752043,111,3:18:40
23.6%,1180000,4719.9999999160345,-3523682.3102801535,571462.746217074,309.74427404988893,111,3:18:31
23.6%,1182500,4729.999999915798,-3519783.8754110243,574371.3408016847,311.3207906716276,111,3:18:23
23.7%,1185000,4739.999999915562,-3520709.4267560616,573989.1062921365,311.113611898452,111,3:18:15
23.8%,1187500,4749.999999915325,-3518479.3972490933,574567.2329090079,311.4269681240978,111,3:18:08
23.8%,1190000,4759.999999915089,-3517869.2775467224,572868.4933491449,310.5062171998202,111,3:17:59
23.9%,1192500,4769.999999914852,-3521492.681759665,571421.4386538467,309.7218845218413,111,3:17:51
23.9%,1195000,4779.999999914616,-3519056.507441409,575025.8064012021,311.67552415750237,111,3:17:43
23.9%,1197500,4789.999999914379,-3519027.743866978,573461.082840941,310.8274125938525,111,3:17:35
24.0%,1200000,4799.999999914143,-3514276.5100378003,573238.8791374462,310.70697372835195,111,3:17:27
24.1%,1202500,4809.999999913906,-3518731.1325529423,574282.0534321712,311.2723951259252,111,3:17:19
24.1%,1205000,4819.99999991367,-3519292.361700462,574854.6740340877,311.5827669809949,111,3:17:11
24.1%,1207500,4829.999999913433,-3522792.566332452,573844.7000975709,311.03534084368926,111,3:17:03
24.2%,1210000,4839.999999913197,-3518144.104766721,573705.6852572288,310.9599920110856,111,3:16:55
24.2%,1212500,4849.99999991296,-3519787.6329288613,573336.0394949571,310.75963659150943,111,3:16:47
24.3%,1215000,4859.999999912724,-3518676.610163374,574100.1284617856,311.17378814190624,111,3:16:39
24.4%,1217500,4869.9999999124875,-3516928.9596528113,576746.4480036376,312.6081464282881,111,3:16:31
24.4%,1220000,4879.999999912251,-3520861.780796064,573149.6523844476,310.65861103801683,111,3:16:23
24.4%,1222500,4889.999999912015,-3517853.868218042,573411.7659842955,310.80068186807694,111,3:16:15
24.5%,1225000,4899.999999911778,-3517063.457291277,572757.4083813326,310.4460069185015,111,3:16:07
24.6%,1227500,4909.999999911542,-3513329.7916130163,571824.557036032,309.9403827729918,111,3:15:59
24.6%,1230000,4919.999999911305,-3518255.8525809795,573607.5242168454,310.9067867577339,111,3:15:51
24.6%,1232500,4929.999999911069,-3519944.688879978,573126.0993924849,310.6458448438152,111,3:15:43
24.7%,1235000,4939.999999910832,-3520180.3651564755,572622.7503351684,310.3730195557553,111,3:15:35
24.8%,1237500,4949.999999910596,-3515142.570871055,573818.5813780581,311.02118397367775,111,3:15:27
24.8%,1240000,4959.999999910359,-3521768.4636732396,575149.877186678,311.742773012537,111,3:15:20
24.9%,1242500,4969.999999910123,-3517324.5337529834,573706.9361690998,310.9606700304175,111,3:15:11
24.9%,1245000,4979.999999909886,-3519586.036333043,571527.3441051615,309.7792874012986,111,3:15:03
24.9%,1247500,4989.99999990965,-3521859.5896359086,573410.3923465712,310.7999373288702,111,3:14:55
25.0%,1250000,4999.999999909413,-3518445.0175226964,573963.4719607506,311.09971757652386,111,3:14:48
25.1%,1252500,5009.999999909177,-3520004.447682509,576153.8644147527,312.2869542337521,111,3:14:40
25.1%,1255000,5019.9999999089405,-3516382.353118222,574434.4134056971,311.3549772884659,111,3:14:32
25.1%,1257500,5029.999999908704,-3518007.080060901,575322.211794072,311.83618182739724,111,3:14:24
25.2%,1260000,5039.9999999084675,-3517474.9472041205,575965.8579856565,312.18505097709607,111,3:14:16
25.2%,1262500,5049.999999908231,-3518018.008523049,573190.2276372416,310.68060363911684,111,3:14:08
25.3%,1265000,5059.999999907995,-3517031.3446080815,573182.1316452331,310.67621544901345,111,3:14:00
25.4%,1267500,5069.999999907758,-3521478.96924375,574478.0263864815,311.3786163990844,111,3:13:52
25.4%,1270000,5079.999999907522,-3521630.5044044107,573835.0227687198,311.0300955372899,111,3:13:44
25.4%,1272500,5089.999999907285,-3518790.933501117,574146.2352482863,311.19877894525774,111,3:13:36
25.5%,1275000,5099.999999907049,-3516745.855008157,572912.3625037463,310.5299951617873,111,3:13:28
25.6%,1277500,5109.999999906812,-3517063.501646418,577529.2895150305,313.0324622340824,111,3:13:20
25.6%,1280000,5119.999999906576,-3519955.198309811,572668.4207268187,310.39777382434227,111,3:13:12
25.6%,1282500,5129.999999906339,-3516449.1932054106,576715.0926491201,312.59115119703836,111,3:13:04
25.7%,1285000,5139.999999906103,-3515804.8783120066,574535.282353187,311.40965028179966,111,3:12:56
25.8%,1287500,5149.999999905866,-3523888.1226781458,573320.2171676224,310.7510605726412,111,3:12:48
25.8%,1290000,5159.99999990563,-3521003.2600329705,574780.8338451756,311.5427441171045,111,3:12:40
25.9%,1292500,5169.999999905393,-3518001.816769354,574622.4992297224,311.4569235787664,111,3:12:32
25.9%,1295000,5179.999999905157,-3518579.7935869694,575934.5635765574,312.16808877948586,111,3:12:24
25.9%,1297500,5189.9999999049205,-3521697.5667634252,573963.650453601,311.09981432323,111,3:12:16
26.0%,1300000,5199.999999904684,-3519047.212029172,573996.1381758344,311.1174233205012,111,3:12:08
26.1%,1302500,5209.999999904448,-3522737.9385472555,571106.2408439389,309.5510409848683,111,3:12:00
26.1%,1305000,5219.999999904211,-3520554.6513725165,574580.6837221393,311.43425873468675,111,3:11:52
26.1%,1307500,5229.999999903975,-3518248.418360045,573512.5849091823,310.8553277481562,111,3:11:44
26.2%,1310000,5239.999999903738,-3519065.945403347,574912.2786070802,311.61398981531204,111,3:11:36
26.2%,1312500,5249.999999903502,-3518166.2461998854,571492.8165907282,309.76057279572944,111,3:11:29
26.3%,1315000,5259.999999903265,-3520244.341897713,574629.7740128201,311.4608666571637,111,3:11:20
26.4%,1317500,5269.999999903029,-3516956.0882290266,575805.1654230211,312.09795238407634,111,3:11:12
26.4%,1320000,5279.999999902792,-3515112.2436680887,575193.1933984226,311.7662512683817,111,3:11:04
26.4%,1322500,5289.999999902556,-3517491.4802175686,576336.8990906877,312.3861627004435,111,3:10:57
26.5%,1325000,5299.999999902319,-3516928.0605064146,572570.370669262,310.3446287259093,111,3:10:49
26.6%,1327500,5309.999999902083,-3517597.6287434883,573966.2594814564,311.1012284686741,111,3:10:40
26.6%,1330000,5319.999999901846,-3518992.208738234,574609.4105721738,311.44982926376946,111,3:10:33
26.6%,1332500,5329.99999990161,-3520794.592287414,574183.8412570029,311.2191621564941,111,3:10:25
26.7%,1335000,5339.9999999013735,-3518682.663730938,573698.0046276806,310.95582895576945,111,3:10:17
26.8%,1337500,5349.999999901137,-3517499.7061779033,573242.9205391359,310.7091642491528,111,3:10:09
26.8%,1340000,5359.999999900901,-3522471.4713639226,571899.6071478304,309.98106143936207,111,3:10:01
26.9%,1342500,5369.999999900664,-3522883.924366204,573686.2640767402,310.949465341602,111,3:09:53
26.9%,1345000,5379.999999900428,-3519767.382087907,572371.7097417405,310.23695051733915,111,3:09:45
26.9%,1347500,5389.999999900191,-3520949.3643869907,574955.7647381828,311.63756017085797,111,3:09:37
27.0%,1350000,5399.999999899955,-3517270.556879962,574552.5301907392,311.41899895580667,111,3:09:30
27.1%,1352500,5409.999999899718,-3517751.7160903867,575809.244522197,312.1001633376711,111,3:09:22
27.1%,1355000,5419.999999899482,-3518485.5229436327,575514.9708602177,311.94066110868914,111,3:09:14
27.1%,1357500,5429.999999899245,-3520235.8925895337,574688.6743045641,311.4927917970409,111,3:09:06
27.2%,1360000,5439.999999899009,-3516970.617508743,574049.199394381,311.1461835655525,111,3:08:58
27.2%,1362500,5449.999999898772,-3518709.566472495,575751.8952412349,312.0690788767566,111,3:08:50
27.3%,1365000,5459.999999898536,-3518051.9537442904,574531.2324115031,311.4074551321506,111,3:08:42
27.4%,1367500,5469.999999898299,-3517636.9803180657,574654.1431728886,311.4740752308539,111,3:08:34
27.4%,1370000,5479.999999898063,-3518273.6871533487,574215.9878168751,311.23658623692063,111,3:08:26
27.4%,1372500,5489.9999998978265,-3517509.662332747,572568.5903777028,310.34366377216514,111,3:08:18
27.5%,1375000,5499.99999989759,-3522060.576698305,572838.3829046723,310.4898967347921,111,3:08:11
27.6%,1377500,5509.9999998973535,-3519666.948607346,574098.722765234,311.17302622617194,111,3:08:03
27.6%,1380000,5519.999999897117,-3518598.72543394,573642.7020881576,310.9258538697799,111,3:07:55
27.6%,1382500,5529.999999896881,-3519232.607390374,574096.1298328099,311.17162080477453,111,3:07:47
27.7%,1385000,5539.999999896644,-3521177.4253019914,573887.5691410649,311.05857672537036,111,3:07:39
27.8%,1387500,5549.999999896408,-3516097.6666174345,575125.68592546,311.729660863593,111,3:07:31
27.8%,1390000,5559.999999896171,-3518349.735217821,573421.9946226428,310.8062259952845,111,3:07:23
27.9%,1392500,5569.999999895935,-3518686.6205201615,576369.0965225678,312.40361435451894,111,3:07:15
27.9%,1395000,5579.999999895698,-3517588.6898512524,572174.3883927623,310.1299983872163,111,3:07:07
27.9%,1397500,5589.999999895462,-3520125.8178429026,573748.2908069424,310.98308507385116,111,3:06:59
28.0%,1400000,5599.999999895225,-3515383.952615848,574492.0715084998,311.3862291370141,111,3:06:51
28.1%,1402500,5609.999999894989,-3518115.92531329,574921.8469396014,311.6191760435137,111,3:06:43
28.1%,1405000,5619.999999894752,-3516667.6235655565,574390.862395432,311.3313717671121,111,3:06:35
28.1%,1407500,5629.999999894516,-3516602.9672413524,571076.2144494585,309.53476607662236,111,3:06:28
28.2%,1410000,5639.999999894279,-3515403.033450717,575031.0460292571,311.678364141034,111,3:06:19
28.2%,1412500,5649.999999894043,-3519485.4064207934,575446.4792558909,311.90353728495586,111,3:06:11
28.3%,1415000,5659.9999998938065,-3517625.270442091,574403.3454619779,311.33813783963524,111,3:06:04
28.4%,1417500,5669.99999989357,-3517810.671110997,573046.4415625524,310.6026687017689,111,3:05:56
28.4%,1420000,5679.999999893334,-3520495.3373544086,572605.0890075121,310.3634467618157,111,3:05:48
28.4%,1422500,5689.999999893097,-3515165.3550385255,571485.2501622174,309.7564716396668,111,3:05:40
28.5%,1425000,5699.999999892861,-3518090.5780216195,573540.1356227437,310.870260787673,111,3:05:32
28.6%,1427500,5709.999999892624,-3522256.6859281436,573994.9093283252,311.1167572604961,111,3:05:24
28.6%,1430000,5719.999999892388,-3519191.2391547523,575010.5436183552,311.667251422973,111,3:05:16
28.6%,1432500,5729.999999892151,-3520634.612003127,572158.7922336552,310.1215449560651,111,3:05:08
28.7%,1435000,5739.999999891915,-3520232.3525905814,573540.5651740725,310.87049361311153,111,3:05:00
28.8%,1437500,5749.999999891678,-3519424.999793807,575212.1759639019,311.7765401997301,111,3:04:52
28.8%,1440000,5759.999999891442,-3519280.190184975,574635.8379977392,311.46415345865523,111,3:04:44
28.9%,1442500,5769.999999891205,-3516687.6198441293,574573.0847180317,311.430139921997,111,3:04:36
28.9%,1445000,5779.999999890969,-3516852.8437229916,575814.4460938437,312.10298269386584,111,3:04:28
28.9%,1447500,5789.999999890732,-3520808.2494985443,572051.5413373141,310.0634128184091,111,3:04:21
29.0%,1450000,5799.999999890496,-3523254.6536561567,574607.4244707727,311.44875275696177,111,3:04:13
29.1%,1452500,5809.9999998902595,-3517722.9117597956,572752.4625970644,310.4433262041979,111,3:04:04
29.1%,1455000,5819.999999890023,-3519641.0214530844,573914.0296913551,311.0729188745215,111,3:03:57
29.1%,1457500,5829.9999998897865,-3516638.814535197,574406.2136020723,311.33969242911166,111,3:03:49
29.2%,1460000,5839.99999988955,-3521571.4151690807,575106.7879779004,311.7194177968549,111,3:03:41
29.2%,1462500,5849.999999889314,-3516425.311622007,575391.2419843259,311.87359757550905,111,3:03:33
29.3%,1465000,5859.999999889077,-3517570.004056966,575616.974143757,311.99594893492053,111,3:03:25
29.4%,1467500,5869.999999888841,-3519205.667560179,574476.9530615566,311.3780346354404,111,3:03:17
29.4%,1470000,5879.999999888604,-3518536.763084965,572426.559084104,310.2666799613755,111,3:03:10
29.4%,1472500,5889.999999888368,-3517116.6939751394,575929.5122887641,312.1653508801549,111,3:03:01
29.5%,1475000,5899.999999888131,-3516781.0960114356,573282.5933145804,310.7306676894225,111,3:02:53
29.6%,1477500,5909.999999887895,-3517594.5325205177,573661.2705916443,310.93591837122074,111,3:02:46
29.6%,1480000,5919.999999887658,-3522886.8166678045,576068.8409067687,312.2408697865471,111,3:02:38
29.6%,1482500,5929.999999887422,-3517733.317386929,572752.8091310819,310.4435140325881,111,3:02:30
29.7%,1485000,5939.999999887185,-3515144.950358264,575455.337190286,311.90833846312,111,3:02:22
29.8%,1487500,5949.999999886949,-3519659.158213297,573362.9516203859,310.77422350344597,111,3:02:14
29.8%,1490000,5959.999999886712,-3519818.557081299,571621.8590514391,309.8305163984911,111,3:02:06
29.9%,1492500,5969.999999886476,-3520759.5126826074,572164.0318244827,310.1243849194187,111,3:01:58
29.9%,1495000,5979.9999998862395,-3522413.324834928,571635.9653423007,309.8381622911611,111,3:01:50
29.9%,1497500,5989.999999886003,-3518938.857357286,576194.1240428778,312.308775759949,111,3:01:42
30.0%,1500000,5999.999999885767,-3517912.3691148274,573779.4211491119,310.99995834389375,111,3:01:35
30.1%,1502500,6009.99999988553,-3517673.031586053,574294.3221390329,311.27904501119866,111,3:01:27
30.1%,1505000,6019.999999885294,-3519569.167898625,573279.0013547523,310.728720775128,111,3:01:19
30.1%,1507500,6029.999999885057,-3522771.2504847776,575210.2619977016,311.77550279164853,111,3:01:11
30.2%,1510000,6039.999999884821,-3518681.888377877,574064.0864682384,311.1542526582715,111,3:01:03
30.2%,1512500,6049.999999884584,-3521409.911444066,574109.9838754423,311.17912997384326,111,3:00:55
30.3%,1515000,6059.999999884348,-3517364.532879701,576813.7448038042,312.6446226441945,111,3:00:47
30.4%,1517500,6069.999999884111,-3518622.9769434314,573964.6924758204,311.10037912017964,111,3:00:39
30.4%,1520000,6079.999999883875,-3519246.0095157623,573734.1912866891,310.9754428509867,111,3:00:32
30.4%,1522500,6089.999999883638,-3520612.3181271683,575017.9617120652,311.67127217859746,111,3:00:24
30.5%,1525000,6099.999999883402,-3517400.794792203,574169.490486639,311.21138375102873,111,3:00:16
30.6%,1527500,6109.999999883165,-3518757.7723922804,574008.7817722597,311.12427640343975,111,3:00:08
30.6%,1530000,6119.999999882929,-3518485.371947203,575410.8386212441,311.88421934589775,111,3:00:00
30.6%,1532500,6129.9999998826925,-3520498.3127862327,574540.7100136745,311.4125921826823,111,2:59:52
30.7%,1535000,6139.999999882456,-3516587.7508621477,575662.6428372181,312.0207022830549,111,2:59:44
30.8%,1537500,6149.9999998822195,-3518327.561107658,573142.2641456099,310.6546064643321,111,2:59:36
30.8%,1540000,6159.999999881983,-3517041.22015349,574126.442221096,311.1880507274013,111,2:59:28
30.9%,1542500,6169.999999881747,-3522919.632871695,575650.2706590166,312.0139963142392,111,2:59:21
30.9%,1545000,6179.99999988151,-3518028.3421772495,573538.8392129652,310.8695581075624,111,2:59:12
30.9%,1547500,6189.999999881274,-3521274.378400026,575086.3539742453,311.7083421568941,111,2:59:04
31.0%,1550000,6199.999999881037,-3519621.3700821083,571045.3495137793,309.5180366622224,111,2:58:57
31.1%,1552500,6209.999999880801,-3516915.522641167,575285.5272653251,311.8162980767927,111,2:58:49
31.1%,1555000,6219.999999880564,-3518389.7329149693,572118.5151795748,310.0997139846508,111,2:58:41
31.1%,1557500,6229.999999880328,-3515766.8479754664,573917.3664185808,311.07472744762464,111,2:58:33
31.2%,1560000,6239.999999880091,-3519145.420540275,574007.398389883,311.123526582436,111,2:58:25
31.2%,1562500,6249.999999879855,-3518364.040882509,574195.3204475008,311.2253841080579,111,2:58:17
31.3%,1565000,6259.999999879618,-3520769.3063846715,572534.7891835507,310.3253428467611,111,2:58:09
31.4%,1567500,6269.999999879382,-3519911.6855427176,573921.2861055391,311.0768519965991,111,2:58:01
31.4%,1570000,6279.999999879145,-3518869.130394267,573017.9896602742,310.5872471998866,111,2:57:54
31.4%,1572500,6289.999999878909,-3517906.7958619054,573127.8662996944,310.64680254297326,111,2:57:46
31.5%,1575000,6299.9999998786725,-3522049.045543978,573060.913894549,310.61051299607817,111,2:57:38
31.6%,1577500,6309.999999878436,-3519968.834596988,573118.5563852107,310.6417563825327,111,2:57:30
31.6%,1580000,6319.9999998782,-3520378.26765552,576281.7019129469,312.3562447226539,111,2:57:22
31.6%,1582500,6329.999999877963,-3519008.922957152,574412.6049768861,311.3431566824947,111,2:57:14
31.7%,1585000,6339.999999877727,-3520622.1561558433,574215.3354190843,311.23623262422853,111,2:57:06
31.8%,1587500,6349.99999987749,-3519638.347532276,576173.2225359285,312.297446723823,111,2:56:58
31.8%,1590000,6359.999999877254,-3519248.904360965,574439.6148588606,311.3577965804404,111,2:56:50
31.9%,1592500,6369.999999877017,-3516041.74819682,574517.4356499683,311.39997701058604,111,2:56:43
31.9%,1595000,6379.999999876781,-3520675.086297773,572280.4674372554,310.1874953576591,111,2:56:35
31.9%,1597500,6389.999999876544,-3517810.71478511,572476.5077508911,310.2937531409242,111,2:56:27
32.0%,1600000,6399.999999876308,-3518919.049135618,573334.3920580476,310.758743647651,111,2:56:19
32.0%,1602500,6409.999999876071,-3520068.4018413145,574527.7500807089,311.405567638992,111,2:56:11
32.1%,1605000,6419.999999875835,-3517702.099989742,573930.7306892108,311.0819711504415,111,2:56:03
32.1%,1607500,6429.999999875598,-3518632.5195716377,574586.5085396662,311.43741590265313,111,2:55:55
32.2%,1610000,6439.999999875362,-3518593.8208085466,574816.4097940873,311.56202699519633,111,2:55:47
32.2%,1612500,6449.9999998751255,-3518495.055227611,571879.7675619982,309.9703079857875,111,2:55:40
32.3%,1615000,6459.999999874889,-3518591.6297766734,575369.319409,311.86171509983654,111,2:55:32
32.4%,1617500,6469.9999998746525,-3517144.1006924603,574019.7982080174,311.1302475326498,111,2:55:24
32.4%,1620000,6479.999999874416,-3518680.42355657,573608.044521872,310.9070687734975,111,2:55:16
32.5%,1622500,6489.99999987418,-3519258.1673559044,573238.5876113885,310.70681571537966,111,2:55:08
32.5%,1625000,6499.999999873943,-3520878.273971712,574728.9731883303,311.5146346005829,111,2:55:00
32.5%,1627500,6509.999999873707,-3520887.809544597,574089.2922368501,311.16791469057756,111,2:54:52
32.6%,1630000,6519.99999987347,-3521376.9248919208,573943.2410343303,311.08875200849883,111,2:54:44
32.6%,1632500,6529.999999873234,-3520413.58021247,573146.2469665061,310.6567652331676,111,2:54:37
32.7%,1635000,6539.999999872997,-3515345.798796015,575419.4949291043,311.8889112384348,111,2:54:29
32.8%,1637500,6549.999999872761,-3518101.0411050636,574120.5366464098,311.18484978743425,111,2:54:21
32.8%,1640000,6559.999999872524,-3519045.074325431,574089.0153372246,311.16776460542496,111,2:54:13
32.9%,1642500,6569.999999872288,-3521562.4562931173,572056.946354944,310.0663424464086,111,2:54:05
32.9%,1645000,6579.999999872051,-3518436.0047647543,573779.7615165126,311.0001428298539,111,2:53:57
33.0%,1647500,6589.999999871815,-3521407.1957284883,572532.8727628584,310.3243041082955,111,2:53:50
33.0%,1650000,6599.999999871578,-3521069.258252574,573141.9143514646,310.6544168688872,111,2:53:41
33.0%,1652500,6609.999999871342,-3520156.864603635,571440.0545385324,309.73197470484257,111,2:53:34
33.1%,1655000,6619.9999998711055,-3517292.3736148793,574204.6364421019,311.23043356404406,111,2:53:26
33.1%,1657500,6629.999999870869,-3522630.8823053427,574180.6209613224,311.21741669162463,111,2:53:18
33.2%,1660000,6639.999999870633,-3517180.320638852,573570.6599312776,310.88680557532587,111,2:53:10
33.2%,1662500,6649.999999870396,-3519874.7727893274,575154.4207498799,311.7452357149527,111,2:53:02
33.3%,1665000,6659.99999987016,-3519954.68516659,573395.6444204578,310.7919436570202,111,2:52:54
33.4%,1667500,6669.999999869923,-3518966.714957062,573627.8317578251,310.9177938523873,111,2:52:47
33.4%,1670000,6679.999999869687,-3518754.5338191446,570680.1096825541,309.3200693456724,111,2:52:39
33.5%,1672500,6689.99999986945,-3518860.734124059,572698.0048001915,310.41380898567326,111,2:52:31
33.5%,1675000,6699.999999869214,-3517437.4733812604,571949.7154115837,310.0082211236685,111,2:52:23
33.5%,1677500,6709.999999868977,-3518373.595591804,574740.636349604,311.52095626799826,111,2:52:15
33.6%,1680000,6719.999999868741,-3519240.2840319816,574040.4528992039,311.1414427896803,111,2:52:07
33.6%,1682500,6729.999999868504,-3517605.0348909963,576214.5450059713,312.3198443316638,111,2:51:59
33.7%,1685000,6739.999999868268,-3519022.1964099295,574676.1410560268,311.4859985248716,111,2:51:51
33.8%,1687500,6749.999999868031,-3518558.05812346,572711.6275081908,310.42119276672946,111,2:51:44
33.8%,1690000,6759.999999867795,-3520910.560838679,572631.5297210342,310.3777781590406,111,2:51:36
33.9%,1692500,6769.9999998675585,-3515991.827762682,576915.5797184936,312.6998192111313,111,2:51:28
33.9%,1695000,6779.999999867322,-3518079.7378909234,573989.6793816106,311.1139225244452,111,2:51:20
34.0%,1697500,6789.9999998670855,-3517323.504371593,574793.5647589251,311.5496445277847,111,2:51:12
34.0%,1700000,6799.999999866849,-3519056.1825032216,574783.1134701432,311.54397971957445,111,2:51:04
34.0%,1702500,6809.999999866613,-3516593.737807207,572011.211374913,310.04155316962346,111,2:50:56
34.1%,1705000,6819.999999866376,-3515114.4551032092,572693.3842608938,310.4113045606693,111,2:50:48
34.1%,1707500,6829.99999986614,-3518211.834883854,573917.7695510845,311.07494595352995,111,2:50:41
34.2%,1710000,6839.999999865903,-3520295.185138643,572569.4168873343,310.3441117569682,111,2:50:33
34.2%,1712500,6849.999999865667,-3519512.467547262,573805.5604875805,311.014126389793,111,2:50:25
34.3%,1715000,6859.99999986543,-3516885.0572321173,575395.5164467047,311.87591441987945,111,2:50:17
34.4%,1717500,6869.999999865194,-3517859.8385746144,572486.5533204132,310.2991980411555,111,2:50:09
34.4%,1720000,6879.999999864957,-3518301.0528483707,574977.7602917277,311.64948220218935,111,2:50:02
34.5%,1722500,6889.999999864721,-3520390.482678231,574322.1207453255,311.2941124135494,111,2:49:53
34.5%,1725000,6899.999999864484,-3516906.1542900596,575404.0903145628,311.8805616282812,111,2:49:46
34.5%,1727500,6909.999999864248,-3523021.3630848415,575618.1684877161,311.9965962933092,111,2:49:38
34.6%,1730000,6919.999999864011,-3521597.83169437,574453.3760951726,311.3652554466214,111,2:49:30
34.6%,1732500,6929.999999863775,-3521530.612493165,574342.897190372,311.3053736636149,111,2:49:22
34.7%,1735000,6939.9999998635385,-3519548.78169233,575603.9739829004,311.9889025869062,111,2:49:14
34.8%,1737500,6949.999999863302,-3518807.710482618,574559.4996097141,311.4227765207228,111,2:49:06
34.8%,1740000,6959.999999863066,-3517546.8733474184,573507.473958619,310.8525575104069,111,2:48:58
34.9%,1742500,6969.999999862829,-3519670.400094824,574641.944653737,311.46746338872754,111,2:48:51
34.9%,1745000,6979.999999862593,-3521341.833331261,573569.6156930408,310.88623957725036,111,2:48:43
35.0%,1747500,6989.999999862356,-3521810.275375437,575522.8686104578,311.94494184777653,111,2:48:35
35.0%,1750000,6999.99999986212,-3519181.842823811,572994.7301162985,310.5746400603815,111,2:48:27
35.0%,1752500,7009.999999861883,-3520212.2914287373,573952.8805970794,311.0939768449132,111,2:48:19
35.1%,1755000,7019.999999861647,-3521715.057193747,573156.4057213939,310.66227148213795,111,2:48:12
35.1%,1757500,7029.99999986141,-3524481.6542782355,572176.3545434598,310.1310640803424,111,2:48:04
35.2%,1760000,7039.999999861174,-3520498.303807741,573580.2884121444,310.8920244051377,111,2:47:56
35.2%,1762500,7049.999999860937,-3522234.138325317,575474.2548966005,311.91859223949973,111,2:47:48
35.3%,1765000,7059.999999860701,-3516902.2737030983,574128.7054833442,311.189277460949,111,2:47:40
35.4%,1767500,7069.999999860464,-3516105.70161302,574499.6316509799,311.3903268859219,111,2:47:32
35.4%,1770000,7079.999999860228,-3521571.9066873286,574090.0479199307,311.168324285969,111,2:47:24
35.5%,1772500,7089.9999998599915,-3520958.461036356,573231.7095982092,310.7030876942388,111,2:47:17
35.5%,1775000,7099.999999859755,-3518320.0064733643,574782.6063064033,311.5437048266519,111,2:47:09
35.5%,1777500,7109.9999998595185,-3518986.1312143784,576680.6255235857,312.5724693234641,111,2:47:01
35.6%,1780000,7119.999999859282,-3516907.9666761253,574008.3681911735,311.12405223419313,111,2:46:53
35.6%,1782500,7129.999999859046,-3519745.159090344,574706.1822069958,311.50228143143045,111,2:46:45
35.7%,1785000,7139.999999858809,-3517434.534649644,574978.4294542486,311.64984490170144,111,2:46:38
35.8%,1787500,7149.999999858573,-3516796.399484435,574957.8970500121,311.63871592665134,111,2:46:30
35.8%,1790000,7159.999999858336,-3516908.305479452,572853.4379402802,310.4980568661498,111,2:46:21
35.9%,1792500,7169.9999998581,-3520076.042872604,575424.3546725702,311.89154531689724,111,2:46:14
35.9%,1795000,7179.999999857863,-3520449.2143930085,573888.5765323173,311.0591227516411,111,2:46:06
36.0%,1797500,7189.999999857627,-3521035.214509925,570801.4052076007,309.38581395387257,111,2:45:58
36.0%,1800000,7199.99999985739,-3517463.462864302,573877.8872275664,311.05332893400015,111,2:45:50
36.0%,1802500,7209.999999857154,-3518074.381931141,575413.9359492785,311.88589815983596,111,2:45:42
36.1%,1805000,7219.999999856917,-3520451.462156797,574008.5446188865,311.12414786155335,111,2:45:34
36.1%,1807500,7229.999999856681,-3520118.1964174006,573224.6044768535,310.69923657590965,111,2:45:27
36.2%,1810000,7239.999999856444,-3522000.3042299114,572878.325229554,310.5115462762648,111,2:45:19
36.2%,1812500,7249.999999856208,-3517225.1660082843,574244.9287062003,311.25227277959334,111,2:45:11
36.3%,1815000,7259.9999998559715,-3518986.5634552743,571811.5257854802,309.9333195737389,111,2:45:03
36.4%,1817500,7269.999999855735,-3518363.3270512912,573684.2715945274,310.9483853762663,111,2:44:55
36.4%,1820000,7279.999999855499,-3517670.725419199,574755.1146273488,311.52880378502226,111,2:44:47
36.5%,1822500,7289.999999855262,-3520959.957802139,571878.8218143597,309.9697953715923,111,2:44:39
36.5%,1825000,7299.999999855026,-3520666.0928894635,574358.1361802781,311.313633501893,111,2:44:32
36.5%,1827500,7309.999999854789,-3519551.5519162714,574200.8158362913,311.22836271903964,111,2:44:24
36.6%,1830000,7319.999999854553,-3517322.9546687454,573550.5843287676,310.8759241959766,111,2:44:16
36.6%,1832500,7329.999999854316,-3520054.6104401667,574342.5179574795,311.30516811177836,111,2:44:08
36.7%,1835000,7339.99999985408,-3518321.648292549,573118.8566025137,310.6419191063344,111,2:44:00
36.8%,1837500,7349.999999853843,-3518174.3994098157,576235.9591006195,312.3314512006069,111,2:43:52
36.8%,1840000,7359.999999853607,-3518814.6042701155,575951.8395097998,312.1774526819207,111,2:43:45
36.9%,1842500,7369.99999985337,-3520804.241942186,574134.4158729193,311.19237260666966,111,2:43:37
36.9%,1845000,7379.999999853134,-3519533.029633945,573202.05420595,310.6870138766403,111,2:43:29
37.0%,1847500,7389.999999852897,-3518400.3132651616,575602.2154998505,311.98794945381167,111,2:43:21
37.0%,1850000,7399.999999852661,-3519029.471917972,574712.5096029409,311.505711006983,111,2:43:13
37.0%,1852500,7409.9999998524245,-3521263.7467694264,574490.6567960108,311.3854623344608,111,2:43:05
37.1%,1855000,7419.999999852188,-3515433.0926909987,573043.2781152433,310.6009540498572,111,2:42:57
37.1%,1857500,7429.9999998519515,-3517460.5827228725,573494.0590572956,310.8452863647383,111,2:42:50
37.2%,1860000,7439.999999851715,-3520196.010897789,574121.9620465388,311.18562238290286,111,2:42:42
37.2%,1862500,7449.999999851479,-3519982.059672985,573372.6761449797,310.7794943908848,111,2:42:34
37.3%,1865000,7459.999999851242,-3521747.8891175427,572904.9509173122,310.52597793323696,111,2:42:26
37.4%,1867500,7469.999999851006,-3522797.721119743,575049.510654051,311.6883723381391,111,2:42:18
37.4%,1870000,7479.999999850769,-3516539.548889987,575076.9950433172,311.70326942855723,111,2:42:10
37.5%,1872500,7489.999999850533,-3518666.36953306,574475.0383299848,311.376996812512,111,2:42:02
37.5%,1875000,7499.999999850296,-3520025.151747655,572780.7094187469,310.45863654828275,111,2:41:54
37.5%,1877500,7509.99999985006,-3518606.5259749275,574280.203329026,311.2713923329008,111,2:41:47
37.6%,1880000,7519.999999849823,-3518241.442637332,574106.5747032907,311.1772821341369,111,2:41:39
37.6%,1882500,7529.999999849587,-3519084.9162443057,573668.1625851693,310.9396539699895,111,2:41:31
37.7%,1885000,7539.99999984935,-3518315.0228463374,573121.3233527282,310.6432561344425,111,2:41:23
37.8%,1887500,7549.999999849114,-3517190.1535633467,575399.2342165413,311.8779295257227,111,2:41:15
37.8%,1890000,7559.999999848877,-3519182.4715442117,574897.6065685358,311.606037276047,111,2:41:07
37.9%,1892500,7569.999999848641,-3520770.8487120047,573044.975157633,310.60187388088116,111,2:40:59
37.9%,1895000,7579.9999998484045,-3516311.2292640973,572996.9781159656,310.57585852130404,111,2:40:51
38.0%,1897500,7589.999999848168,-3519161.924351843,573802.4708967508,311.01245176957497,111,2:40:44
38.0%,1900000,7599.999999847932,-3514671.6560971756,573205.5099641276,310.6888869669075,111,2:40:36
38.0%,1902500,7609.999999847695,-3517975.896071527,574649.1674064897,311.471378265634,111,2:40:28
38.1%,1905000,7619.999999847459,-3519061.102260405,573997.9209809527,311.1183896366448,111,2:40:20
38.1%,1907500,7629.999999847222,-3519212.6812030245,574375.9246072851,311.32327518623066,111,2:40:12
38.2%,1910000,7639.999999846986,-3517062.3510607854,572777.248126503,310.45676045844056,111,2:40:04
38.2%,1912500,7649.999999846749,-3514508.312985912,573454.7173000165,310.8239623429557,111,2:39:57
38.3%,1915000,7659.999999846513,-3516092.199461233,572202.5741417834,310.1452756286933,111,2:39:49
38.4%,1917500,7669.999999846276,-3518921.582307296,575279.4792016925,311.8130199049579,111,2:39:41
38.4%,1920000,7679.99999984604,-3519148.3141243123,572690.0389934892,310.4094913586179,111,2:39:33
38.5%,1922500,7689.999999845803,-3517382.6839182153,573843.688826897,311.0347927146943,111,2:39:25
38.5%,1925000,7699.999999845567,-3518335.5527608097,575061.7296803275,311.69499529553866,111,2:39:17
38.5%,1927500,7709.99999984533,-3516452.6514249556,574943.0828823247,311.6306863505392,111,2:39:09
38.6%,1930000,7719.999999845094,-3519895.1959428433,574083.7398122873,311.16490516506286,111,2:39:02
38.6%,1932500,7729.9999998448575,-3518862.6834326237,575446.8857504022,311.9037576131367,111,2:38:54
38.7%,1935000,7739.999999844621,-3519387.058490008,573940.7400062073,311.08739640107655,111,2:38:46
38.8%,1937500,7749.999999844385,-3519422.6106801294,573088.6553858601,310.62554944096297,111,2:38:38
38.8%,1940000,7759.999999844148,-3517223.7711095624,573883.2716098772,311.0562473772427,111,2:38:30
38.9%,1942500,7769.999999843912,-3522487.8769249953,574377.1723650645,311.32395149598165,111,2:38:23
38.9%,1945000,7779.999999843675,-3518696.67939041,575792.0809286565,312.0908603256087,111,2:38:15
39.0%,1947500,7789.999999843439,-3517968.358899476,573972.1796461036,311.1044373166927,111,2:38:07
39.0%,1950000,7799.999999843202,-3519414.82242248,574384.4153091384,311.3278773169892,111,2:37:59
39.0%,1952500,7809.999999842966,-3519384.890947746,574126.5209268335,311.1880933874901,111,2:37:51
39.1%,1955000,7819.999999842729,-3519872.870913772,573656.5424692272,310.93335563400746,111,2:37:43
39.1%,1957500,7829.999999842493,-3517682.271119289,574008.817022705,311.1242955098883,111,2:37:35
39.2%,1960000,7839.999999842256,-3518950.0956561603,574413.857955639,311.3438358221181,111,2:37:28
39.2%,1962500,7849.99999984202,-3519816.3448377904,575323.101912747,311.83666428957815,111,2:37:20
39.3%,1965000,7859.999999841783,-3521623.2969628163,574552.4719862954,311.4189674078304,111,2:37:12
39.4%,1967500,7869.999999841547,-3519120.4290013034,576908.0016852485,312.69571176506975,111,2:37:04
39.4%,1970000,7879.9999998413105,-3519088.2420141473,573135.9070503106,310.65116079113363,111,2:36:56
39.5%,1972500,7889.999999841074,-3518402.999978151,572323.4671913319,310.21080208709844,111,2:36:48
39.5%,1975000,7899.9999998408375,-3518908.788574042,576230.3291135221,312.3283996346423,111,2:36:41
39.5%,1977500,7909.999999840601,-3515752.6017963663,575134.285989556,311.7343222708813,111,2:36:33
39.6%,1980000,7919.999999840365,-3517899.6876385137,574223.0892714176,311.2404353677634,111,2:36:25
39.6%,1982500,7929.999999840128,-3518290.814854378,576025.6791536177,312.2174752503591,111,2:36:17
39.7%,1985000,7939.999999839892,-3518404.0268465616,574313.7087107196,311.2895529220173,111,2:36:09
39.8%,1987500,7949.999999839655,-3517976.4303126186,574274.6048039107,311.2683578199617,111,2:36:01
39.8%,1990000,7959.999999839419,-3517138.6979456805,573462.212215445,310.82802473749297,111,2:35:53
39.9%,1992500,7969.999999839182,-3520201.3765433077,571799.5647599257,309.9268364579072,111,2:35:46
39.9%,1995000,7979.999999838946,-3519315.895809874,572766.0632799091,310.4506980471784,111,2:35:38
40.0%,1997500,7989.999999838709,-3517898.129371822,572453.9894799956,310.2815477863012,111,2:35:30
40.0%,2000000,7999.999999838473,-3516669.2047727853,572505.2231853779,310.309317482551,111,2:35:22
40.0%,2002500,8009.999999838236,-3517372.7569033466,575697.3424542893,312.03951017170675,111,2:35:14
40.1%,2005000,8019.999999838,-3519266.129425278,572430.2284770063,310.2686688459498,111,2:35:07
40.1%,2007500,8029.999999837763,-3514905.4700445086,573388.9664221988,310.7883240479792,111,2:34:59
40.2%,2010000,8039.999999837527,-3520022.5353211816,575724.2794669581,312.05411057302666,111,2:34:51
40.2%,2012500,8049.9999998372905,-3521682.3422119543,575060.162720611,311.69414597193344,111,2:34:43
40.3%,2015000,8059.999999837054,-3516408.807757646,573906.0888128028,311.0686147590236,111,2:34:35
40.4%,2017500,8069.999999836818,-3517272.2802907582,574671.3400122444,311.4833962628153,111,2:34:27
40.4%,2020000,8079.999999836581,-3518798.928544484,572244.6627925211,310.16808852184295,111,2:34:20
40.5%,2022500,8089.999999836345,-3518548.324140707,573831.8654679072,311.0283842169027,111,2:34:12
40.5%,2025000,8099.999999836108,-3521097.5814345665,574174.0941037396,311.2138790038624,111,2:34:04
40.5%,2027500,8109.999999835872,-3513297.7024263144,575423.5917040929,311.89113177267456,111,2:33:56
40.6%,2030000,8119.999999835635,-3516592.5533184893,573889.0400825146,311.05937400514847,111,2:33:48
40.6%,2032500,8129.999999835399,-3521183.515270481,574869.0647172104,311.59056701997633,111,2:33:41
40.7%,2035000,8139.999999835162,-3520981.947681628,574589.5779238789,311.43907957047935,111,2:33:33
40.8%,2037500,8149.999999834926,-3518414.3586162273,573849.6161764436,311.03800545707253,111,2:33:25
40.8%,2040000,8159.999999834689,-3521964.762664113,573851.211845298,311.0388703416064,111,2:33:17
40.9%,2042500,8169.999999834453,-3515647.8029465303,575547.7538566273,311.9584301504881,111,2:33:09
40.9%,2045000,8179.999999834216,-3517989.0405059513,573280.5018130585,310.72953405363455,111,2:33:01
41.0%,2047500,8189.99999983398,-3520856.0505995415,576350.5765871437,312.3935761779425,111,2:32:53
41.0%,2050000,8199.999999835562,-3520784.6485416405,571475.4931880798,309.75118316392417,111,2:32:46
41.0%,2052500,8209.999999837599,-3516418.5544815175,575686.1257196881,312.03343047650486,111,2:32:38
41.1%,2055000,8219.999999839636,-3519942.986088587,572918.6903072256,310.5334249582316,111,2:32:30
41.1%,2057500,8229.999999841673,-3521424.296699038,576489.7065038179,312.468987384227,111,2:32:22
41.2%,2060000,8239.99999984371,-3520330.3485452756,573607.622916229,310.90684025478004,111,2:32:14
41.2%,2062500,8249.999999845748,-3518314.082374841,573806.725474207,311.0147578359183,111,2:32:07
41.3%,2065000,8259.999999847785,-3519247.444740167,573982.1962457711,311.1098665146816,111,2:31:59
41.4%,2067500,8269.999999849822,-3517854.171786703,576494.6756677057,312.4716807707535,111,2:31:51
41.4%,2070000,8279.99999985186,-3517948.562261641,574941.7583951973,311.6299684519422,111,2:31:43
41.5%,2072500,8289.999999853897,-3517984.070154097,575979.663113363,312.1925336332936,111,2:31:35
41.5%,2075000,8299.999999855934,-3517555.3312855363,573518.3729075043,310.8584649593748,111,2:31:27
41.5%,2077500,8309.999999857971,-3517828.909493558,572724.037435635,310.42791919639205,111,2:31:20
41.6%,2080000,8319.999999860009,-3517903.8471807092,573163.3282253565,310.66602361817604,111,2:31:12
41.6%,2082500,8329.999999862046,-3521527.2576008234,573609.3825244631,310.9077939977471,111,2:31:04
41.7%,2085000,8339.999999864083,-3515870.9863412734,575802.8598424508,312.096702713149,111,2:30:56
41.8%,2087500,8349.99999986612,-3518077.791355474,576305.0746306845,312.3689132046085,111,2:30:48
41.8%,2090000,8359.999999868158,-3519544.169124838,575973.2368718272,312.1890504814476,111,2:30:41
41.9%,2092500,8369.999999870195,-3521969.436811378,573565.8333934768,310.88418949500016,111,2:30:33
41.9%,2095000,8379.999999872232,-3517666.317606937,573138.2216945718,310.6524153747633,111,2:30:25
42.0%,2097500,8389.99999987427,-3519572.513094021,573953.7312074669,311.09443789280954,111,2:30:17
42.0%,2100000,8399.999999876307,-3516609.949253017,574584.213119711,311.43617173898303,111,2:30:09
42.0%,2102500,8409.999999878344,-3521471.492805727,574518.5792238633,311.4005968505813,111,2:30:01
42.1%,2105000,8419.999999880381,-3518269.1194347497,571559.5449628393,309.79674091222506,111,2:29:54
42.1%,2107500,8429.999999882419,-3518671.4514782093,575344.9789030463,311.84852205725156,111,2:29:46
42.2%,2110000,8439.999999884456,-3517966.4332819916,573166.6481841963,310.66782310247754,111,2:29:38
42.2%,2112500,8449.999999886493,-3517685.65713202,575133.4858823151,311.7338885967037,111,2:29:30
42.3%,2115000,8459.99999988853,-3520593.405016754,573098.4980801657,310.6308843787565,111,2:29:22
42.4%,2117500,8469.999999890568,-3521091.3051934056,571925.223381083,309.9949459517388,111,2:29:15
42.4%,2120000,8479.999999892605,-3516308.4216889646,574496.6407032758,311.38870573225716,111,2:29:07
42.5%,2122500,8489.999999894642,-3521559.7369313743,573214.6326292693,310.6938316344478,111,2:28:59
42.5%,2125000,8499.99999989668,-3519959.082120467,573608.1019658605,310.90709990929184,111,2:28:51
42.5%,2127500,8509.999999898717,-3520145.993842365,572987.8880027637,310.5709314975682,111,2:28:43
42.6%,2130000,8519.999999900754,-3518308.8746212125,574918.370512255,311.6172917501423,111,2:28:36
42.6%,2132500,8529.999999902791,-3517932.2844416983,573361.0715676517,310.77320447714345,111,2:28:28
42.7%,2135000,8539.999999904829,-3517633.3032111526,576020.0612610541,312.2144302398745,111,2:28:20
42.8%,2137500,8549.999999906866,-3519883.6980813127,575209.0754741707,311.77485967208884,111,2:28:12
42.8%,2140000,8559.999999908903,-3521804.381143721,573006.3710665992,310.5809496890038,111,2:28:04
42.9%,2142500,8569.99999991094,-3518237.790522374,571383.1831662667,309.70114928003005,111,2:27:56
42.9%,2145000,8579.999999912978,-3517883.900685791,576108.0444193878,312.26211887695024,111,2:27:48
43.0%,2147500,8589.999999915015,-3516820.7002970856,574711.7647432339,311.5053072780773,111,2:27:41
43.0%,2150000,8599.999999917052,-3523925.87743531,575517.1830459053,311.94186015771623,111,2:27:33
43.0%,2152500,8609.99999991909,-3518210.2651141454,573784.0198665764,311.0024509410264,111,2:27:25
43.1%,2155000,8619.999999921127,-3520508.899613058,572113.2803450665,310.0968765993177,111,2:27:17
43.1%,2157500,8629.999999923164,-3517835.661028821,574462.7375716178,311.37032955467964,111,2:27:09
43.2%,2160000,8639.999999925201,-3519148.9232429974,574709.6345413838,311.504152665935,111,2:27:01
43.2%,2162500,8649.999999927239,-3516630.976241002,572185.8075596525,310.1361878047804,111,2:26:54
43.3%,2165000,8659.999999929276,-3517505.105474293,575608.2391341592,311.99121438446275,111,2:26:46
43.4%,2167500,8669.999999931313,-3518034.944579039,572215.7132716246,310.1523973006855,111,2:26:38
43.4%,2170000,8679.99999993335,-3519853.5643155724,574683.3610408253,311.4899119014912,111,2:26:30
43.5%,2172500,8689.999999935388,-3518107.217871027,575781.3918433068,312.0850666268876,111,2:26:23
43.5%,2175000,8699.999999937425,-3515669.692589715,572845.813883864,310.49392447460616,111,2:26:15
43.5%,2177500,8709.999999939462,-3518976.3665017076,573960.9494274349,311.0983503128557,111,2:26:07
43.6%,2180000,8719.9999999415,-3516693.219369985,574812.7117009764,311.5600225545331,111,2:25:59
43.6%,2182500,8729.999999943537,-3517690.6624695696,574381.6772383747,311.3263932276998,111,2:25:51
43.7%,2185000,8739.999999945574,-3520179.911072951,574958.9967341311,311.6393119775074,111,2:25:43
43.8%,2187500,8749.999999947611,-3519905.7889389526,573183.8022979341,310.6771209762967,111,2:25:36
43.8%,2190000,8759.999999949649,-3516566.9800093397,574092.1294227882,311.16945250228014,111,2:25:28
43.9%,2192500,8769.999999951686,-3522942.1274949014,574797.4263832174,311.5517376056293,111,2:25:20
43.9%,2195000,8779.999999953723,-3519972.5216417722,577144.7264464119,312.8240213351713,111,2:25:12
44.0%,2197500,8789.99999995576,-3519384.394784596,575212.3696344111,311.77664517303185,111,2:25:04
44.0%,2200000,8799.999999957798,-3516433.501447335,573869.6126185888,311.04884392991585,111,2:24:56
44.0%,2202500,8809.999999959835,-3522578.365655357,576010.9445536229,312.20948880153276,111,2:24:49
44.1%,2205000,8819.999999961872,-3520377.024226675,574090.1013230013,311.16835323150474,111,2:24:41
44.1%,2207500,8829.99999996391,-3517922.1435428783,573094.6084407747,310.6287761161664,111,2:24:33
44.2%,2210000,8839.999999965947,-3518449.728143446,574829.1071861271,311.56890923643726,111,2:24:25
44.2%,2212500,8849.999999967984,-3521045.0502012465,573077.2706768336,310.61937870025235,111,2:24:17
44.3%,2215000,8859.999999970021,-3520746.9321661927,572772.428245476,310.45414798621977,111,2:24:09
44.4%,2217500,8869.999999972059,-3517852.9005937707,576943.4664068834,312.71493435574587,111,2:24:02
44.4%,2220000,8879.999999974096,-3519866.1647793036,576035.8011456054,312.2229615731,111,2:23:54
44.5%,2222500,8889.999999976133,-3523687.5712376237,574480.7919778442,311.38011540509075,111,2:23:46
44.5%,2225000,8899.99999997817,-3519636.0407157373,573536.5946022094,310.8683414834977,111,2:23:38
44.5%,2227500,8909.999999980208,-3519414.5338779073,572373.0293921334,310.237665794329,111,2:23:30
44.6%,2230000,8919.999999982245,-3519463.7745239735,575214.8205144028,311.7779735991608,111,2:23:23
44.6%,2232500,8929.999999984282,-3519003.4034656547,576783.1023990567,312.6280138460244,111,2:23:15
44.7%,2235000,8939.99999998632,-3517129.7340525687,573040.0512975847,310.59920504994466,111,2:23:07
44.8%,2237500,8949.999999988357,-3521117.1694239993,572740.5162505433,310.4368510446967,111,2:22:59
44.8%,2240000,8959.999999990394,-3519027.6022562906,573318.5050540189,310.75013257271695,111,2:22:51
44.9%,2242500,8969.999999992431,-3519864.1811628547,575292.2094832809,311.81991997299406,111,2:22:44
44.9%,2245000,8979.999999994468,-3520743.505039174,574374.9582453964,311.3227513986983,111,2:22:36
45.0%,2247500,8989.999999996506,-3518088.5247984044,575321.8807351426,311.8360023868153,111,2:22:28
45.0%,2250000,8999.999999998543,-3518010.9614802804,573634.7746612824,310.9215570453608,111,2:22:20
45.0%,2252500,9010.00000000058,-3524348.7391627077,575188.178896375,311.763533307663,111,2:22:12
45.1%,2255000,9020.000000002618,-3523877.0250027496,571582.8103876894,309.80935123928197,111,2:22:05
45.1%,2257500,9030.000000004655,-3518712.875661716,572840.7861168876,310.4911993240299,111,2:21:57
45.2%,2260000,9040.000000006692,-3516347.9293271583,574939.5599490243,311.6287768500077,111,2:21:49
45.2%,2262500,9050.00000000873,-3519492.8365057707,573832.413278243,311.0286811410957,111,2:21:41
45.3%,2265000,9060.000000010767,-3519294.938650254,574872.898054052,311.5926447654551,111,2:21:33
45.4%,2267500,9070.000000012804,-3518751.178723242,575125.9652062677,311.72981223939416,111,2:21:25
45.4%,2270000,9080.000000014841,-3520220.6376629155,573808.9742077712,311.0159766946279,111,2:21:18
45.5%,2272500,9090.000000016878,-3518566.653631989,576481.6441593182,312.4646174317485,111,2:21:10
45.5%,2275000,9100.000000018916,-3513111.2446449213,571559.4205978753,309.7966735039193,111,2:21:02
45.5%,2277500,9110.000000020953,-3516618.1886732895,574337.6294621959,311.3025184492539,111,2:20:54
45.6%,2280000,9120.00000002299,-3519511.138142759,574038.6857992054,311.1404849860268,111,2:20:47
45.6%,2282500,9130.000000025027,-3516688.723901214,572375.5824682193,310.2390496127915,111,2:20:39
45.7%,2285000,9140.000000027065,-3516842.7908694167,574586.693425332,311.4375161143935,111,2:20:31
45.8%,2287500,9150.000000029102,-3517657.3846195266,574713.6465096388,311.5063272332237,111,2:20:23
45.8%,2290000,9160.00000003114,-3519559.520274941,574142.8334805319,311.19693511888323,111,2:20:15
45.9%,2292500,9170.000000033177,-3518852.0101252683,572774.4708629206,310.45525512585704,111,2:20:08
45.9%,2295000,9180.000000035214,-3517447.6124640424,572850.8664362467,310.49666305937,111,2:20:00
46.0%,2297500,9190.000000037251,-3518930.390808871,571494.333637807,309.76139506568364,111,2:19:52
46.0%,2300000,9200.000000039288,-3520607.9824285135,572846.6488218277,310.4943770277344,111,2:19:44
46.0%,2302500,9210.000000041326,-3516976.4270479158,575005.4263745175,311.66447777414265,111,2:19:36
46.1%,2305000,9220.000000043363,-3518491.836724205,574869.3368058892,311.59071449749933,111,2:19:29
46.1%,2307500,9230.0000000454,-3517723.48980269,576579.6949469743,312.5177629259099,111,2:19:21
46.2%,2310000,9240.000000047437,-3515017.0896729175,574919.0301606818,311.6176492928245,111,2:19:13
46.2%,2312500,9250.000000049475,-3515924.506174678,574056.0702426287,311.1499077031567,111,2:19:05
46.3%,2315000,9260.000000051512,-3519934.3044614214,575876.2758641234,312.1364956698852,111,2:18:57
46.4%,2317500,9270.00000005355,-3522062.2213244624,573476.7236108633,310.83589020496055,111,2:18:49
46.4%,2320000,9280.000000055586,-3518340.336181551,576253.7701982723,312.3411051728895,111,2:18:42
46.5%,2322500,9290.000000057624,-3519526.2014989164,576064.5776005087,312.23855898901695,111,2:18:34
46.5%,2325000,9300.000000059661,-3517910.9990717117,572417.051299044,310.2615265511126,111,2:18:26
46.5%,2327500,9310.000000061698,-3518440.1594957355,575191.824760675,311.76550943926276,111,2:18:18
46.6%,2330000,9320.000000063736,-3517997.155539116,574167.3903331575,311.2102454257052,111,2:18:10
46.6%,2332500,9330.000000065773,-3519927.045878306,572670.1366270762,310.3987038767089,111,2:18:03
46.7%,2335000,9340.00000006781,-3521645.517049495,574234.185137731,311.2464495499283,111,2:17:55
46.8%,2337500,9350.000000069847,-3515759.661754934,575455.3027369734,311.9083197887333,111,2:17:47
46.8%,2340000,9360.000000071885,-3521092.3373181894,572995.7093495948,310.575170824475,111,2:17:39
46.9%,2342500,9370.000000073922,-3517423.2011218276,574995.2701024588,311.6589728709154,111,2:17:32
46.9%,2345000,9380.00000007596,-3519931.0368668325,574765.1462500258,311.5342411257837,111,2:17:24
47.0%,2347500,9390.000000077996,-3520180.941512333,571372.2731181574,309.69523581505996,111,2:17:16
47.0%,2350000,9400.000000080034,-3517093.582162412,575252.0121775913,311.7981322268077,111,2:17:08
47.0%,2352500,9410.000000082071,-3520151.0998088773,572903.2233151472,310.5250415382016,111,2:17:00
47.1%,2355000,9420.000000084108,-3519837.3233790398,573505.4853337004,310.851479635802,111,2:16:53
47.1%,2357500,9430.000000086146,-3518686.020944316,573329.1277138116,310.75589026745337,111,2:16:45
47.2%,2360000,9440.000000088183,-3514203.874122236,574975.7575712012,311.6483966874822,111,2:16:37
47.2%,2362500,9450.00000009022,-3519604.6698617395,572804.9728558623,310.4717878180112,111,2:16:29
47.3%,2365000,9460.000000092257,-3515662.4274121337,572695.4198272058,310.4124078784512,111,2:16:21
47.4%,2367500,9470.000000094295,-3516172.4399758168,572769.3051000311,310.4524551787271,111,2:16:14
47.4%,2370000,9480.000000096332,-3520292.4008511584,571681.1496353771,309.86265308456814,111,2:16:06
47.5%,2372500,9490.00000009837,-3518055.310403824,572650.6882424282,310.3881624620251,111,2:15:58
47.5%,2375000,9500.000000100406,-3521950.1828022785,571668.2789198991,309.85567689854616,111,2:15:50
47.5%,2377500,9510.000000102444,-3518843.3489498775,575231.0651808348,311.7867785342935,111,2:15:42
47.6%,2380000,9520.000000104481,-3517893.4135451224,574117.4013023925,311.1831503680706,111,2:15:35
47.6%,2382500,9530.000000106518,-3516114.5667662136,575419.4262618567,311.8888740194088,111,2:15:27
47.7%,2385000,9540.000000108555,-3518850.148608893,571720.2110195655,309.8838251385102,111,2:15:19
47.8%,2387500,9550.000000110593,-3521583.5581399016,573710.5162522318,310.9626105073044,111,2:15:11
47.8%,2390000,9560.00000011263,-3519788.7664061543,573024.7480490739,310.59091038221356,111,2:15:03
47.9%,2392500,9570.000000114667,-3521809.418217398,576292.8337140661,312.36227838220447,111,2:14:56
47.9%,2395000,9580.000000116705,-3521241.0670365803,574777.024581953,311.5406794200103,111,2:14:48
48.0%,2397500,9590.000000118742,-3522495.033070745,574169.0369217234,311.21113790974437,111,2:14:40
48.0%,2400000,9600.000000120779,-3520095.289622497,575992.5551429194,312.19952137197373,111,2:14:32
48.0%,2402500,9610.000000122816,-3514734.0242848992,575879.2354025529,312.138099799093,111,2:14:24
48.1%,2405000,9620.000000124854,-3515961.6437457595,574760.8212985293,311.5318969152985,111,2:14:17
48.1%,2407500,9630.00000012689,-3520576.377150269,574547.7238078414,311.41639379984275,111,2:14:09
48.2%,2410000,9640.000000128928,-3515886.4743954726,573663.0197753544,310.93686646388653,111,2:14:01
48.2%,2412500,9650.000000130965,-3517621.6731781904,573061.7277354484,310.6109541141742,111,2:13:53
48.3%,2415000,9660.000000133003,-3516160.2004419304,573959.2534855427,311.0974310783234,111,2:13:46
48.4%,2417500,9670.00000013504,-3518719.8633168656,572398.3591886832,310.25139505226593,111,2:13:38
48.4%,2420000,9680.000000137077,-3519937.463232046,573427.8432791895,310.8093960844779,111,2:13:30
48.5%,2422500,9690.000000139114,-3519882.415327046,574146.071256879,311.19869005862483,111,2:13:22
48.5%,2425000,9700.000000141152,-3519898.8300301004,573295.5160186485,310.73767205430335,111,2:13:14
48.5%,2427500,9710.000000143189,-3522303.4106628094,576078.7943701226,312.2462647633872,111,2:13:07
48.6%,2430000,9720.000000145226,-3519831.0003879443,573568.4853032739,310.885626883317,111,2:12:59
48.6%,2432500,9730.000000147264,-3517646.6501859985,576223.9692480293,312.3249524599434,111,2:12:51
48.7%,2435000,9740.0000001493,-3517270.1801839974,572838.0659549036,310.4897249416583,111,2:12:43
48.8%,2437500,9750.000000151338,-3521466.963287279,572247.8528114555,310.16981757610876,111,2:12:36
48.8%,2440000,9760.000000153375,-3518775.0169875324,573576.7077143749,310.8900835951049,111,2:12:28
48.9%,2442500,9770.000000155413,-3520250.1459531896,574105.0957164413,311.1764804935907,111,2:12:20
48.9%,2445000,9780.00000015745,-3515963.4147385564,573989.0897685314,311.11360294232657,111,2:12:12
49.0%,2447500,9790.000000159487,-3522516.8495082296,572681.9940690133,310.4051308481418,111,2:12:04
49.0%,2450000,9800.000000161524,-3522859.4882070925,574599.2418219463,311.4443175971245,111,2:11:57
49.0%,2452500,9810.000000163562,-3518347.1896634605,576217.467315176,312.3214282818848,111,2:11:49
49.1%,2455000,9820.000000165599,-3516490.300177386,574868.8661115295,311.5904593717126,111,2:11:41
49.1%,2457500,9830.000000167636,-3518071.471712161,573084.0408083589,310.6230482473723,111,2:11:33
49.2%,2460000,9840.000000169674,-3519972.7651714757,575298.0255103845,311.8230723763747,111,2:11:25
49.2%,2462500,9850.00000017171,-3517742.1216050126,573581.4527732823,310.8926555122357,111,2:11:17
49.3%,2465000,9860.000000173748,-3519087.927577799,573781.1255031911,311.0008821380001,111,2:11:10
49.4%,2467500,9870.000000175785,-3520574.9287526812,575438.7602649479,311.8993534369939,111,2:11:02
49.4%,2470000,9880.000000177823,-3520154.741176622,572036.7406215868,310.05539053352925,111,2:10:54
49.5%,2472500,9890.00000017986,-3518851.848733073,575665.6784899337,312.0223476677329,111,2:10:46
49.5%,2475000,9900.000000181897,-3520953.8859600797,572971.4240933153,310.5620077283218,111,2:10:39
49.5%,2477500,9910.000000183934,-3521348.3335790057,575018.0576031664,311.67132415349823,111,2:10:31
49.6%,2480000,9920.000000185972,-3518953.185816655,574380.3101644912,311.3256522462264,111,2:10:23
49.6%,2482500,9930.000000188009,-3517774.0125125106,573546.858190021,310.8739045540162,111,2:10:15
49.7%,2485000,9940.000000190046,-3515823.0491675325,575401.1569451087,311.8789716831831,111,2:10:07
49.8%,2487500,9950.000000192083,-3520807.5150759127,576144.594593466,312.28192980462876,111,2:10:00
49.8%,2490000,9960.00000019412,-3520178.7095169555,576353.0115087051,312.39489595428205,111,2:09:52
49.9%,2492500,9970.000000196158,-3518754.8116222136,575690.254271681,312.03566823451854,111,2:09:44
49.9%,2495000,9980.000000198195,-3520941.799321601,571888.8199559757,309.9752145649469,111,2:09:36
50.0%,2497500,9990.000000200233,-3521240.1031126063,571935.3877178226,310.00045522618484,111,2:09:29
50.0%,2500000,10000.00000020227,-3518394.7037620973,573856.2276946206,311.0415890325753,111,2:09:21
50.0%,2502500,10010.000000204307,-3518032.0693982113,574602.5489803832,311.4461101433508,111,2:09:13
50.1%,2505000,10020.000000206344,-3518153.147831049,572564.3305028689,310.34135483453673,111,2:09:05
50.1%,2507500,10030.000000208382,-3518924.281204244,573006.72865472,310.5811435089398,111,2:08:57
50.2%,2510000,10040.000000210419,-3516572.911145458,573771.7687767913,310.9958106045618,111,2:08:50
50.2%,2512500,10050.000000212456,-3519142.2078855243,572864.0409228159,310.5038038954182,111,2:08:42
50.3%,2515000,10060.000000214493,-3518855.4298235923,573014.9607643164,310.5856054775068,111,2:08:34
50.4%,2517500,10070.00000021653,-3521588.3624346256,573673.0380998362,310.9422965967593,111,2:08:26
50.4%,2520000,10080.000000218568,-3519737.0237691104,572953.1634364246,310.55211008591255,111,2:08:19
50.5%,2522500,10090.000000220605,-3519162.5656626094,574459.7844921729,311.3687289263711,111,2:08:11
50.5%,2525000,10100.000000222642,-3518691.642232042,572825.7781598829,310.48306471021965,111,2:08:03
50.5%,2527500,10110.00000022468,-3517499.971215507,574072.3809908417,311.1587484559405,111,2:07:55
50.6%,2530000,10120.000000226717,-3523727.016604848,574771.6325653458,311.537756838826,111,2:07:47
50.6%,2532500,10130.000000228754,-3520730.0938784163,573724.7685535257,310.97033554055815,111,2:07:40
50.7%,2535000,10140.000000230792,-3518555.9903899375,572228.268092324,310.15920226539953,111,2:07:32
50.8%,2537500,10150.000000232829,-3519614.78735042,574474.6821045836,311.37680373119747,111,2:07:24
50.8%,2540000,10160.000000234866,-3522919.581740476,574774.411104597,311.5392628628477,111,2:07:16
50.9%,2542500,10170.000000236903,-3518666.0784206092,573725.9204479167,310.9709598904293,111,2:07:09
50.9%,2545000,10180.00000023894,-3520107.3442486227,574087.9930725397,311.1672105174554,111,2:07:01
51.0%,2547500,10190.000000240978,-3520552.1101224665,573360.3739498502,310.77282635429833,111,2:06:53
51.0%,2550000,10200.000000243015,-3521465.5166068804,574463.0603493039,311.3705045066616,111,2:06:45
51.0%,2552500,10210.000000245052,-3521288.5689195544,572935.9676190058,310.5427896078616,111,2:06:37
51.1%,2555000,10220.00000024709,-3513487.9912046194,573891.2958596641,311.0605966816225,111,2:06:30
51.1%,2557500,10230.000000249127,-3522393.675733866,574197.8876396231,311.22677557769526,111,2:06:22
51.2%,2560000,10240.000000251164,-3520270.6204697024,572733.1432063319,310.43285470680433,111,2:06:14
51.2%,2562500,10250.000000253202,-3520287.988638051,576179.6339430076,312.3009218350958,111,2:06:06
51.3%,2565000,10260.000000255239,-3517984.307137767,576622.4806849184,312.5409536543116,111,2:05:59
51.4%,2567500,10270.000000257276,-3518204.2590279244,575496.203557092,311.9304888538553,111,2:05:51
51.4%,2570000,10280.000000259313,-3520324.9544025045,574147.3238544987,311.1993689916663,111,2:05:43
51.5%,2572500,10290.00000026135,-3519302.005471647,574130.2956922168,311.19013938606327,111,2:05:35
51.5%,2575000,10300.000000263388,-3521376.1226577554,574548.271743949,311.4166907922066,111,2:05:27
51.5%,2577500,10310.000000265425,-3519395.4646791015,575283.535204862,311.81521834005383,111,2:05:20
51.6%,2580000,10320.000000267462,-3520342.9212785643,572458.162793214,310.28380980579726,111,2:05:12
51.6%,2582500,10330.0000002695,-3520205.366983114,575008.4055534679,311.6660925489068,111,2:05:04
51.7%,2585000,10340.000000271537,-3517433.881734628,572398.2219943223,310.2513206901697,111,2:04:56
51.8%,2587500,10350.000000273574,-3519978.990497129,576246.4914293162,312.33715993407696,111,2:04:48
51.8%,2590000,10360.000000275611,-3518641.282286091,574286.0598610201,311.2745666907447,111,2:04:41
51.9%,2592500,10370.000000277649,-3519181.8558956496,572831.8288664116,310.4863443145572,111,2:04:33
51.9%,2595000,10380.000000279686,-3523420.964925714,572170.5493516896,310.1279175499299,111,2:04:25
52.0%,2597500,10390.000000281723,-3517533.358461924,572294.8833965999,310.1953090968599,111,2:04:17
52.0%,2600000,10400.00000028376,-3521624.7557740975,572705.8446605473,310.418058347282,111,2:04:09
52.0%,2602500,10410.000000285798,-3519065.996962182,570135.7411262178,309.02501066614485,111,2:04:02
52.1%,2605000,10420.000000287835,-3519073.39981471,573182.3787855622,310.67634940403036,111,2:03:54
52.1%,2607500,10430.000000289872,-3517861.6338823363,573581.4829069133,310.89267184526824,111,2:03:46
52.2%,2610000,10440.00000029191,-3521359.896607492,573743.7140590362,310.9806043846599,111,2:03:38
52.2%,2612500,10450.000000293947,-3519871.7931145225,573361.6516271716,310.77351888104124,111,2:03:31
52.3%,2615000,10460.000000295984,-3520050.6927084904,572253.6721846876,310.1729717931581,111,2:03:23
52.4%,2617500,10470.000000298021,-3520500.8393957783,574303.8619253829,311.28421576680284,111,2:03:15
52.4%,2620000,10480.000000300059,-3518085.458333498,573726.7641228122,310.9714171791498,111,2:03:07
52.5%,2622500,10490.000000302096,-3517632.928964475,577429.843138119,312.978560302544,111,2:02:59
52.5%,2625000,10500.000000304133,-3518473.2880952545,576590.1151903046,312.5234109068625,111,2:02:52
52.5%,2627500,10510.00000030617,-3519238.278532939,574086.5439848938,311.1664250828774,111,2:02:44
52.6%,2630000,10520.000000308208,-3520336.3601922486,572633.1908389583,310.37867851828344,111,2:02:36
52.6%,2632500,10530.000000310245,-3517178.04757471,574526.6946082992,311.4049955517694,111,2:02:28
52.7%,2635000,10540.000000312282,-3517796.8430264127,575321.0824482889,311.8355696993241,111,2:02:20
52.8%,2637500,10550.00000031432,-3520721.448180482,574769.0365559573,311.5363497496521,111,2:02:13
52.8%,2640000,10560.000000316357,-3517571.6386636216,570367.0808300049,309.15040142710484,111,2:02:05
52.9%,2642500,10570.000000318394,-3518090.804592196,573390.2572018978,310.78902367647373,111,2:01:57
52.9%,2645000,10580.000000320431,-3517653.543105513,572322.5789748186,310.21032065592743,111,2:01:49
53.0%,2647500,10590.000000322469,-3517668.8623545244,575430.1141925913,311.8946670923053,111,2:01:42
53.0%,2650000,10600.000000324506,-3520425.2319267765,572797.863107034,310.46793419149907,111,2:01:34
53.0%,2652500,10610.000000326543,-3519993.712434588,575822.0452829987,312.10710160685494,111,2:01:26
53.1%,2655000,10620.00000032858,-3519797.5699458756,574401.3847215539,311.33707507898595,111,2:01:18
53.1%,2657500,10630.000000330618,-3516104.25970855,575876.6264986792,312.13668572084947,111,2:01:10
53.2%,2660000,10640.000000332655,-3519545.6425551083,575634.7045716901,312.00555918259647,111,2:01:03
53.2%,2662500,10650.000000334692,-3517810.331538789,573396.1768784508,310.7922322599355,111,2:00:55
53.3%,2665000,10660.00000033673,-3516825.8900150824,573131.0545187581,310.64853062167293,111,2:00:47
53.4%,2667500,10670.000000338767,-3517791.330643732,572947.2152037531,310.5488860244617,111,2:00:39
53.4%,2670000,10680.000000340804,-3521818.0591057725,575724.2871270995,312.054114724977,111,2:00:31
53.5%,2672500,10690.000000342841,-3520290.993720567,574777.0339349415,311.5406844895178,111,2:00:24
53.5%,2675000,10700.000000344879,-3523280.5370047577,576386.4371063076,312.41301329882043,111,2:00:16
53.5%,2677500,10710.000000346916,-3520037.5814333614,573918.8478576232,311.0755304173087,111,2:00:08
53.6%,2680000,10720.000000348953,-3518013.177153349,573879.6709702425,311.0542957583189,111,2:00:00
53.6%,2682500,10730.00000035099,-3521311.5313533377,572337.0409926351,310.21815935974405,111,1:59:53
53.7%,2685000,10740.000000353028,-3520293.4244118296,574494.0759870106,311.387315604584,111,1:59:45
53.8%,2687500,10750.000000355065,-3517887.9091048,573737.6027892547,310.9772919538243,111,1:59:37
53.8%,2690000,10760.000000357102,-3518698.473879328,573030.265600364,310.5939010057147,111,1:59:29
53.9%,2692500,10770.00000035914,-3522113.133727355,573584.836415686,310.89448951430654,111,1:59:21
53.9%,2695000,10780.000000361177,-3515383.957310891,573484.1513343451,310.8399161801145,111,1:59:14
54.0%,2697500,10790.000000363214,-3519652.1988824382,576808.161739158,312.6415965111399,111,1:59:06
54.0%,2700000,10800.000000365251,-3518423.6401686277,576578.779230389,312.5172665891481,111,1:58:58
54.0%,2702500,10810.000000367289,-3518858.8793099485,576146.9871716775,312.28322663002314,111,1:58:50
54.1%,2705000,10820.000000369326,-3520982.5103193857,572792.3593998721,310.46495107179317,111,1:58:43
54.1%,2707500,10830.000000371363,-3519347.494625043,574686.8259716837,311.4917899635355,111,1:58:35
54.2%,2710000,10840.0000003734,-3519195.64987774,575910.8026669017,312.1552098897231,111,1:58:27
54.2%,2712500,10850.000000375438,-3519352.800013885,571478.3854961436,309.75275085292486,111,1:58:19
54.3%,2715000,10860.000000377475,-3518848.6138254795,574434.1435010937,311.35483099475556,111,1:58:11
54.4%,2717500,10870.000000379512,-3517145.089624753,575321.6501278232,311.83587739302135,111,1:58:04
54.4%,2720000,10880.00000038155,-3520228.0679100193,574670.3978297897,311.48288558102126,111,1:57:56
54.5%,2722500,10890.000000383587,-3522712.1434621345,571714.3885096232,309.88066922130105,111,1:57:48
54.5%,2725000,10900.000000385624,-3518555.159450559,571047.4001732876,309.5191481608196,111,1:57:40
54.5%,2727500,10910.000000387661,-3519746.329089191,574437.3285404915,311.35655735001257,111,1:57:32
54.6%,2730000,10920.000000389698,-3520798.2806672323,573603.9017993922,310.90482333479554,111,1:57:25
54.6%,2732500,10930.000000391736,-3523496.729158666,572976.2763459865,310.5646377466233,111,1:57:17
54.7%,2735000,10940.000000393773,-3518153.4998673256,574803.7649399308,311.55517323054215,111,1:57:09
54.8%,2737500,10950.00000039581,-3518641.84547331,574760.4379397488,311.53168912714784,111,1:57:01
54.8%,2740000,10960.000000397848,-3519590.5089947097,574804.7493089353,311.5557067782926,111,1:56:54
54.9%,2742500,10970.000000399885,-3521238.744611481,574094.4826939311,311.17072802245474,111,1:56:46
54.9%,2745000,10980.000000401922,-3523301.8124852963,573800.5104044424,311.0113891434093,111,1:56:38
55.0%,2747500,10990.00000040396,-3518831.132411668,575804.892569205,312.0978044918336,111,1:56:30
55.0%,2750000,11000.000000405997,-3520055.2935461476,575203.7218201997,311.771957884223,111,1:56:23
55.0%,2752500,11010.000000408034,-3519547.246281719,573693.987908769,310.9536518135295,111,1:56:15
55.1%,2755000,11020.000000410071,-3519133.7395595033,573552.2914280317,310.8768494780283,111,1:56:07
55.1%,2757500,11030.000000412108,-3521081.747239787,572442.1910772116,310.2751528152739,111,1:55:59
55.2%,2760000,11040.000000414146,-3520120.2484692056,573310.4104811016,310.7457451517895,111,1:55:51
55.2%,2762500,11050.000000416183,-3516172.92741476,574808.5877394951,311.5577872846688,111,1:55:44
55.3%,2765000,11060.00000041822,-3519879.556610113,572839.8733988685,310.4907046125511,111,1:55:36
55.4%,2767500,11070.000000420257,-3517525.064243093,573054.2395059655,310.6068953435536,111,1:55:28
55.4%,2770000,11080.000000422295,-3520269.2670127098,573654.0797668188,310.93202079989146,111,1:55:20
55.5%,2772500,11090.000000424332,-3516112.4797987957,572671.5677065466,310.3994795504945,111,1:55:12
55.5%,2775000,11100.00000042637,-3520020.185231844,575659.5754709013,312.01903970896876,111,1:55:05
55.5%,2777500,11110.000000428407,-3519428.778054403,573079.8190192101,310.6207599529493,111,1:54:57
55.6%,2780000,11120.000000430444,-3521818.8370963857,574916.943806812,311.6165184471674,111,1:54:49
55.6%,2782500,11130.000000432481,-3517579.495897742,573131.4681599585,310.64875482350266,111,1:54:41
55.7%,2785000,11140.000000434518,-3521409.139952358,573461.2664479044,310.8275121125105,111,1:54:34
55.8%,2787500,11150.000000436556,-3519460.40027019,572670.9613335256,310.399150884151,111,1:54:26
55.8%,2790000,11160.000000438593,-3522208.903827291,574779.7607530784,311.54216247965775,111,1:54:18
55.9%,2792500,11170.00000044063,-3523377.2401620857,573584.5892554149,310.8943555484807,111,1:54:10
55.9%,2795000,11180.000000442667,-3520938.2258582227,574458.4460783397,311.36800347922014,111,1:54:02
56.0%,2797500,11190.000000444705,-3523237.440017177,574287.8921450345,311.2755598254427,111,1:53:55
56.0%,2800000,11200.000000446742,-3523602.3531721216,572751.5528376389,310.4428330963362,111,1:53:47
56.0%,2802500,11210.00000044878,-3520971.305757748,576050.1891267307,312.23076014754463,111,1:53:39
56.1%,2805000,11220.000000450817,-3520568.1657029483,575330.9081333012,311.8408954177394,111,1:53:31
56.1%,2807500,11230.000000452854,-3519662.41990358,574578.5715685403,311.4331139050587,111,1:53:24
56.2%,2810000,11240.000000454891,-3520855.9894165304,575764.313434928,312.07580978689185,111,1:53:16
56.2%,2812500,11250.000000456928,-3517573.7159032077,574658.6098547356,311.4764962620327,111,1:53:08
56.3%,2815000,11260.000000458966,-3518901.6936382316,575517.536931592,311.94205197085864,111,1:53:00
56.4%,2817500,11270.000000461003,-3518057.976621527,574580.0738526928,311.4339281732106,111,1:52:52
56.4%,2820000,11280.00000046304,-3520105.6771243494,574333.7684130874,311.30042568317043,111,1:52:45
56.5%,2822500,11290.000000465077,-3518664.4096474946,575575.0670769408,311.97323446389953,111,1:52:37
56.5%,2825000,11300.000000467115,-3518604.8228760697,573116.3205469485,310.6405445133356,111,1:52:29
56.5%,2827500,11310.000000469152,-3516842.5825948752,575346.979009113,311.849606154869,111,1:52:21
56.6%,2830000,11320.00000047119,-3517392.195827078,575789.4710350288,312.0894457108986,111,1:52:13
56.6%,2832500,11330.000000473226,-3518517.5799678024,576371.2908914958,312.4048037465048,111,1:52:06
56.7%,2835000,11340.000000475264,-3519323.8653273564,573221.5640748002,310.69758861699535,111,1:51:58
56.8%,2837500,11350.000000477301,-3520623.2332476974,574587.2120242992,311.4377972054387,111,1:51:50
56.8%,2840000,11360.000000479338,-3520398.8962224666,572319.71710404,310.208769464546,111,1:51:42
56.9%,2842500,11370.000000481376,-3520485.6316939816,575712.0135013112,312.0474621735466,111,1:51:35
56.9%,2845000,11380.000000483413,-3520401.6348569747,576435.3757716807,312.43953903733853,111,1:51:27
57.0%,2847500,11390.00000048545,-3521275.151847014,575021.2611001919,311.6730605131597,111,1:51:19
57.0%,2850000,11400.000000487487,-3521673.8891665097,574345.3505006051,311.30670340698344,111,1:51:11
57.0%,2852500,11410.000000489525,-3517449.6412627473,574147.3060214766,311.1993593258106,111,1:51:03
57.1%,2855000,11420.000000491562,-3517580.8382316623,576534.4820007603,312.4932566019274,111,1:50:56
57.1%,2857500,11430.0000004936,-3519158.266355429,574402.5288644397,311.33769522738567,111,1:50:48
57.2%,2860000,11440.000000495636,-3515101.5989540275,574777.129892841,311.5407365006245,111,1:50:40
57.2%,2862500,11450.000000497674,-3518461.617679678,575731.0601851798,312.0577858583485,111,1:50:32
57.3%,2865000,11460.000000499711,-3515920.4171761293,572107.6524709135,310.0938261786113,111,1:50:25
57.4%,2867500,11470.000000501748,-3519140.311207736,574259.4418943773,311.2601392187721,111,1:50:17
57.4%,2870000,11480.000000503785,-3521397.4079556074,574309.3266988284,311.28717778365336,111,1:50:09
57.5%,2872500,11490.000000505823,-3522351.8195530474,575874.1027573813,312.1353178024307,111,1:50:01
57.5%,2875000,11500.00000050786,-3520033.5870969463,573390.6096242536,310.78921469646144,111,1:49:53
57.5%,2877500,11510.000000509897,-3519005.6346171424,573605.6335079222,310.90576195556315,111,1:49:46
57.6%,2880000,11520.000000511935,-3519723.518786,575272.4950449509,311.8092343518766,111,1:49:38
57.6%,2882500,11530.000000513972,-3518276.370806385,574121.7659486751,311.1855160939263,111,1:49:30
57.7%,2885000,11540.00000051601,-3521048.4546282627,574888.247177491,311.60096429831765,111,1:49:22
57.8%,2887500,11550.000000518046,-3524479.95401939,573855.1371115788,311.04099791468565,111,1:49:15
57.8%,2890000,11560.000000520084,-3519444.184742175,575186.7093272947,311.7627367717366,111,1:49:07
57.9%,2892500,11570.00000052212,-3521261.3854355235,575469.51220716,311.9160216066676,111,1:48:59
57.9%,2895000,11580.000000524158,-3519586.3678688947,574099.9975492775,311.1737171847003,111,1:48:51
58.0%,2897500,11590.000000526195,-3519677.203211477,574351.1218214696,311.30983157868553,111,1:48:43
58.0%,2900000,11600.000000528233,-3519338.3600159846,573523.6534434862,310.86132711582354,111,1:48:36
58.0%,2902500,11610.00000053027,-3520075.0747136064,572469.2985567068,310.28984561303383,111,1:48:28
58.1%,2905000,11620.000000532307,-3523528.889906002,573317.4876707096,310.74958113055095,111,1:48:20
58.1%,2907500,11630.000000534345,-3516664.2570560835,574960.24852458,311.63999047304617,111,1:48:12
58.2%,2910000,11640.000000536382,-3517736.4598126337,573628.2334325451,310.9180115681446,111,1:48:05
58.2%,2912500,11650.000000538419,-3519507.2930729873,574587.7405023366,311.43808365113813,111,1:47:57
58.3%,2915000,11660.000000540456,-3516347.3415391054,574288.4813777833,311.2758792014147,111,1:47:49
58.4%,2917500,11670.000000542494,-3520152.9414729513,573787.6789017401,311.0044342114985,111,1:47:42
58.4%,2920000,11680.00000054453,-3520806.424344234,576779.7895317217,312.6262182054608,111,1:47:34
58.5%,2922500,11690.000000546568,-3520746.7166027557,573868.0026127524,311.04797127445,111,1:47:26
58.5%,2925000,11700.000000548605,-3518115.5802265853,574159.3274006445,311.2058751545117,111,1:47:19
58.5%,2927500,11710.000000550643,-3516839.197162822,574374.3059944098,311.3223978655771,111,1:47:11
58.6%,2930000,11720.00000055268,-3520662.129288329,576286.6971600185,312.35895224678933,111,1:47:03
58.6%,2932500,11730.000000554717,-3520546.0469500776,573908.6656962108,311.0700114815323,111,1:46:56
58.7%,2935000,11740.000000556754,-3517076.2505572326,573897.1981967352,311.0637958667372,111,1:46:48
58.8%,2937500,11750.000000558792,-3517259.835828202,575656.5160612047,312.01738144753045,111,1:46:41
58.8%,2940000,11760.000000560829,-3520139.072184881,575065.3458136062,311.6969553123284,111,1:46:33
58.9%,2942500,11770.000000562866,-3515766.852211643,575368.9917219378,311.8615374868743,111,1:46:25
58.9%,2945000,11780.000000564904,-3517482.0543452036,574719.6791658592,311.509597053932,111,1:46:18
59.0%,2947500,11790.00000056694,-3517945.07969396,573598.2341521289,310.9017513562655,111,1:46:10
59.0%,2950000,11800.000000568978,-3520655.0982402097,574966.1909944869,311.6432114109631,111,1:46:02
59.0%,2952500,11810.000000571015,-3517558.79056146,575381.1384584995,311.86812126179797,111,1:45:55
59.1%,2955000,11820.000000573053,-3521900.838209754,574078.6144713806,311.1621271274587,111,1:45:47
59.1%,2957500,11830.00000057509,-3518011.2842055988,572904.9453313507,310.5259749055337,111,1:45:40
59.2%,2960000,11840.000000577127,-3518269.933926573,576148.8984792088,312.28426259705276,111,1:45:32
59.2%,2962500,11850.000000579164,-3519572.941069072,575368.3703338315,311.86120068205344,111,1:45:24
59.3%,2965000,11860.000000581202,-3519115.2208498754,573387.589651846,310.787577810825,111,1:45:17
59.4%,2967500,11870.000000583239,-3519032.237693943,574398.7381441512,311.3356405809338,111,1:45:09
59.4%,2970000,11880.000000585276,-3522414.2111778315,575862.1748166564,312.1288526192403,111,1:45:01
59.5%,2972500,11890.000000587313,-3519501.302693635,574922.8947632934,311.6197439849779,111,1:44:54
59.5%,2975000,11900.00000058935,-3520390.220191719,572513.8597178755,310.31399865644465,111,1:44:46
59.5%,2977500,11910.000000591388,-3518656.9455781467,572238.8235748267,310.1649235486969,111,1:44:39
59.6%,2980000,11920.000000593425,-3522297.7525654715,574917.0371544668,311.61656904346916,111,1:44:31
59.6%,2982500,11930.000000595463,-3517303.7341312356,573359.9451882339,310.77259395689975,111,1:44:23
59.7%,2985000,11940.0000005975,-3517841.862776894,575244.0259431162,311.79380352748956,111,1:44:16
59.8%,2987500,11950.000000599537,-3517663.6312501505,575269.8791943375,311.8078165083608,111,1:44:08
59.8%,2990000,11960.000000601574,-3519245.373942863,573306.741041125,310.74375624170005,111,1:44:01
59.9%,2992500,11970.000000603612,-3517122.734355103,575436.3135303253,311.8980272577382,111,1:43:53
59.9%,2995000,11980.000000605649,-3518947.6243193354,575455.6413612287,311.90850332987367,111,1:43:45
60.0%,2997500,11990.000000607686,-3516943.402810987,574492.5716046685,311.3865001991712,111,1:43:38
60.0%,3000000,12000.000000609723,-3519223.6577176508,574189.0495263136,311.2219851429571,111,1:43:30
60.0%,3002500,12010.00000061176,-3519098.709583763,570850.0456268295,309.4121780369965,111,1:43:22
60.1%,3005000,12020.000000613798,-3520119.84619998,574572.7324741388,311.4299489987398,111,1:43:15
60.1%,3007500,12030.000000615835,-3520234.2050895877,573776.6326445632,310.9984469184809,111,1:43:07
60.2%,3010000,12040.000000617873,-3519164.136885727,573162.7738610789,310.665723141615,111,1:42:59
60.2%,3012500,12050.00000061991,-3519780.650955498,574856.6074697454,311.5838149419131,111,1:42:52
60.3%,3015000,12060.000000621947,-3518143.127120476,572734.9184626639,310.4338169313543,111,1:42:44
60.4%,3017500,12070.000000623984,-3520471.649184039,574200.4956939269,311.22818919545495,111,1:42:36
60.4%,3020000,12080.000000626022,-3518437.222356094,573451.010678217,310.82195327957226,111,1:42:29
60.5%,3022500,12090.000000628059,-3518553.0305369236,575288.2519669364,311.8177749197333,111,1:42:21
60.5%,3025000,12100.000000630096,-3518837.216122957,574252.3973268956,311.2563209218576,111,1:42:14
60.5%,3027500,12110.000000632133,-3519198.467425365,574168.0854250421,311.2106221794527,111,1:42:06
60.6%,3030000,12120.00000063417,-3516769.2724668905,574992.1248354113,311.6572680730703,111,1:41:58
60.6%,3032500,12130.000000636208,-3520084.0702008884,574702.9334021998,311.5005205140483,111,1:41:51
60.7%,3035000,12140.000000638245,-3517866.902075572,572259.2772170325,310.17600983314617,111,1:41:43
60.8%,3037500,12150.000000640282,-3519962.366232205,574643.5536178856,311.4683354795777,111,1:41:35
60.8%,3040000,12160.00000064232,-3514700.48125856,572046.5805087532,310.060723949797,111,1:41:28
60.9%,3042500,12170.000000644357,-3519599.8758186623,574305.7455412762,311.2852367244091,111,1:41:20
60.9%,3045000,12180.000000646394,-3519932.8548045103,576253.3057689671,312.340853442888,111,1:41:12
61.0%,3047500,12190.000000648432,-3520742.741375506,572291.9858770862,310.19373858314873,111,1:41:05
61.0%,3050000,12200.000000650469,-3519011.944343444,571872.937608469,309.9666060139412,111,1:40:57
61.0%,3052500,12210.000000652506,-3517226.445761388,572467.1233655086,310.28866661576234,111,1:40:49
61.1%,3055000,12220.000000654543,-3516647.583216723,574561.7391994032,311.42399042326844,111,1:40:42
61.1%,3057500,12230.00000065658,-3522227.5502678975,574658.1995994854,311.4762738954559,111,1:40:34
61.2%,3060000,12240.000000658618,-3518828.811375752,572646.371452708,310.3858226753864,111,1:40:26
61.2%,3062500,12250.000000660655,-3518372.953940673,572497.4925458834,310.30512732084054,111,1:40:19
61.3%,3065000,12260.000000662692,-3518909.618464835,572588.1788667648,310.3542811262524,111,1:40:11
61.4%,3067500,12270.00000066473,-3516531.8813342694,573407.7401136515,310.7984997654144,111,1:40:04
61.4%,3070000,12280.000000666767,-3521833.1812141333,573921.3720693598,311.0768985907146,111,1:39:56
61.5%,3072500,12290.000000668804,-3523208.8742948156,573972.0740782977,311.10438009682383,111,1:39:48
61.5%,3075000,12300.000000670841,-3519750.0145372786,574350.9553815974,311.3097413649354,111,1:39:41
61.5%,3077500,12310.000000672879,-3518719.2041104045,571886.0210642768,309.97369750949025,111,1:39:33
61.6%,3080000,12320.000000674916,-3520988.2960328273,571678.3279652477,309.8611236827451,111,1:39:25
61.6%,3082500,12330.000000676953,-3514427.766681602,575603.111603424,311.9884351599276,111,1:39:18
61.7%,3085000,12340.00000067899,-3523426.881061921,575042.8597487069,311.68476741400156,111,1:39:10
61.8%,3087500,12350.000000681028,-3518954.0308019686,572907.3443094805,310.5272751998122,111,1:39:03
61.8%,3090000,12360.000000683065,-3520850.648114523,574869.1071664522,311.59059002831714,111,1:38:55
61.9%,3092500,12370.000000685102,-3520848.360967694,575176.1639531532,311.7570209673737,111,1:38:47
61.9%,3095000,12380.00000068714,-3520194.5835060235,575987.9575992628,312.1970294110685,111,1:38:40
62.0%,3097500,12390.000000689177,-3520369.436678784,573707.131589487,310.96077595218816,111,1:38:32
62.0%,3100000,12400.000000691214,-3519243.7814992126,574333.5743469226,311.3003204954155,111,1:38:24
62.0%,3102500,12410.000000693251,-3519661.0808526278,574144.4472768689,311.1978098288764,111,1:38:17
62.1%,3105000,12420.000000695289,-3517987.9662485775,572803.7455728573,310.4711226059988,111,1:38:09
62.1%,3107500,12430.000000697326,-3518900.3987879977,574463.1335109195,311.37054416172515,111,1:38:01
62.2%,3110000,12440.000000699363,-3516262.276875492,574097.7504522798,311.17249921304267,111,1:37:54
62.2%,3112500,12450.0000007014,-3521961.16328422,572230.3236970777,310.1603164444188,111,1:37:46
62.3%,3115000,12460.000000703438,-3516500.5309070516,575392.1191752902,311.8740730306113,111,1:37:38
62.4%,3117500,12470.000000705475,-3519257.7886416186,573397.8163082232,310.79312086376495,111,1:37:31
62.4%,3120000,12480.000000707512,-3515893.7555073407,575285.3660020062,311.8162106688384,111,1:37:23
62.5%,3122500,12490.00000070955,-3521350.1674693283,571894.7379195541,309.97842221994205,111,1:37:15
62.5%,3125000,12500.000000711587,-3519654.14711437,573747.7016596496,310.98276574419805,111,1:37:08
62.5%,3127500,12510.000000713624,-3518603.7599894404,575997.5364619545,312.2022213468339,111,1:37:00
62.6%,3130000,12520.000000715661,-3518964.8151146937,575039.1022494975,311.68273077404115,111,1:36:52
62.6%,3132500,12530.000000717699,-3520422.504284583,574773.4268858569,311.53872939654354,111,1:36:45
62.7%,3135000,12540.000000719736,-3520109.56770513,574481.8791181489,311.3807046569479,111,1:36:37
62.8%,3137500,12550.000000721773,-3521354.2154699843,573829.2221051521,311.02695146125404,111,1:36:29
62.8%,3140000,12560.00000072381,-3518322.6412536744,575510.0128279448,311.93797375572126,111,1:36:22
62.9%,3142500,12570.000000725848,-3518525.913308097,573328.7908930585,310.75570770384735,111,1:36:14
62.9%,3145000,12580.000000727885,-3522602.831224572,574663.5425866863,311.47916990171836,111,1:36:06
63.0%,3147500,12590.000000729922,-3518635.1598869767,575541.7413638494,311.9551712587702,111,1:35:59
63.0%,3150000,12600.00000073196,-3521081.203597404,574476.4923391396,311.3777849146466,111,1:35:51
63.0%,3152500,12610.000000733997,-3522818.3083892316,572858.9130326632,310.5010244760714,111,1:35:43
63.1%,3155000,12620.000000736034,-3519149.4551993813,574866.9647623878,311.58942880232985,111,1:35:36
63.1%,3157500,12630.000000738071,-3516791.8968101926,573027.5193597636,310.59241248820985,111,1:35:28
63.2%,3160000,12640.000000740109,-3518888.6096299887,574568.6080318682,311.427713468278,111,1:35:20
63.2%,3162500,12650.000000742146,-3518645.769289514,573136.1918376815,310.6513151516025,111,1:35:13
63.3%,3165000,12660.000000744183,-3519436.3612328805,571563.1815094429,309.7987119934464,111,1:35:05
63.4%,3167500,12670.00000074622,-3520514.834066827,575238.867497502,311.79100754646964,111,1:34:57
63.4%,3170000,12680.000000748258,-3515620.5713712852,574872.3119363664,311.5923270779098,111,1:34:50
63.5%,3172500,12690.000000750295,-3517541.186440045,574508.895222368,311.3953479274749,111,1:34:42
63.5%,3175000,12700.000000752332,-3516371.975200491,574379.3471952367,311.3251302975699,111,1:34:34
63.5%,3177500,12710.00000075437,-3515520.816037666,572705.0812564045,310.41764456691993,111,1:34:27
63.6%,3180000,12720.000000756407,-3522197.394529054,576129.1368215492,312.2735513821113,111,1:34:19
63.6%,3182500,12730.000000758444,-3519123.344526684,573474.4482492718,310.834656913326,111,1:34:11
63.7%,3185000,12740.000000760481,-3524047.381510094,573858.3489149655,311.0427387765616,111,1:34:04
63.8%,3187500,12750.000000762519,-3517164.108070232,575179.2400303774,311.75868826294646,111,1:33:56
63.8%,3190000,12760.000000764556,-3516814.2681223955,574621.1906803146,311.45621431873315,111,1:33:48
63.9%,3192500,12770.000000766593,-3518552.0201803707,574240.7104095458,311.24998637817237,111,1:33:41
63.9%,3195000,12780.00000076863,-3516220.4836404994,574178.0885780309,311.2160440890719,111,1:33:33
64.0%,3197500,12790.000000770668,-3518506.606326999,574102.8339541607,311.1752545730555,111,1:33:25
64.0%,3200000,12800.000000772705,-3517606.3930426072,572604.120827145,310.3629219886315,111,1:33:18
64.0%,3202500,12810.000000774742,-3518730.2756276894,574724.4629000046,311.5121899338177,111,1:33:10
64.1%,3205000,12820.00000077678,-3518627.105579108,575040.4362002574,311.68345380211684,111,1:33:02
64.2%,3207500,12830.000000778817,-3518813.4752177577,573085.0995822166,310.62362212404594,111,1:32:54
64.2%,3210000,12840.000000780854,-3520839.2840225995,574173.1008943061,311.2133406644221,111,1:32:47
64.2%,3212500,12850.000000782891,-3520295.808381835,574432.6830769362,311.35403941556086,111,1:32:39
64.3%,3215000,12860.000000784928,-3517807.651480915,573696.975700271,310.9552712564694,111,1:32:31
64.3%,3217500,12870.000000786966,-3517855.0943469573,574884.5520652097,311.5989614733239,111,1:32:23
64.4%,3220000,12880.000000789003,-3520883.122304842,574170.8117645705,311.2120999101773,111,1:32:16
64.5%,3222500,12890.00000079104,-3520707.298086904,575160.4759865415,311.7485177747131,111,1:32:08
64.5%,3225000,12900.000000793078,-3518017.769942455,573136.923235743,310.6517115840263,111,1:32:00
64.5%,3227500,12910.000000795115,-3518997.2562853303,573741.9098012932,310.97962644076324,111,1:31:52
64.6%,3230000,12920.000000797152,-3517926.9917141274,574709.9050012253,311.5042992605955,111,1:31:45
64.7%,3232500,12930.00000079919,-3521716.4823911134,572877.7232365857,310.5112199839979,111,1:31:37
64.7%,3235000,12940.000000801227,-3520111.0833043437,573010.908667112,310.5834091595224,111,1:31:29
64.8%,3237500,12950.000000803264,-3517704.9242689256,574566.2052963909,311.4264111374418,111,1:31:21
64.8%,3240000,12960.000000805301,-3517265.9163370244,572606.0279377664,310.36395568085186,111,1:31:14
64.8%,3242500,12970.000000807338,-3518440.4399305806,575935.3994244925,312.1685418258368,111,1:31:06
64.9%,3245000,12980.000000809376,-3518714.260023035,572572.9833931599,310.34604487468266,111,1:30:58
65.0%,3247500,12990.000000811413,-3518707.9163399935,571550.5244963807,309.7918516384214,111,1:30:50
65.0%,3250000,13000.00000081345,-3519092.7783422694,572884.6276614693,310.5149623208124,111,1:30:43
65.0%,3252500,13010.000000815488,-3521094.449621832,575316.9775494831,311.8333447618122,111,1:30:35
65.1%,3255000,13020.000000817525,-3518484.2109781355,574773.581814699,311.53881337108436,111,1:30:27
65.2%,3257500,13030.000000819562,-3519168.3232458327,574851.9255473568,311.5812772460423,111,1:30:20
65.2%,3260000,13040.0000008216,-3517382.1519368924,575390.0588753622,311.87295630671326,111,1:30:12
65.2%,3262500,13050.000000823637,-3519354.050889127,574397.5759684909,311.3350106584085,111,1:30:04
65.3%,3265000,13060.000000825674,-3521501.5172502957,572209.6083069848,310.14908828736316,111,1:29:57
65.3%,3267500,13070.000000827711,-3518207.0168115217,575152.019654623,311.7439342731488,111,1:29:49
65.4%,3270000,13080.000000829748,-3518821.1259174347,573787.1437643293,311.004144156285,111,1:29:41
65.5%,3272500,13090.000000831786,-3518783.80902162,575411.1940456618,311.8844119930633,111,1:29:33
65.5%,3275000,13100.000000833823,-3521642.5771143828,573875.8813059619,311.0522416842445,111,1:29:26
65.5%,3277500,13110.00000083586,-3519321.536498081,573176.404220945,310.6731110701365,111,1:29:18
65.6%,3280000,13120.000000837897,-3517383.4155590925,576187.5975572892,312.3052382738152,111,1:29:10
65.7%,3282500,13130.000000839935,-3519431.4226538595,573110.3580769431,310.6373127349641,111,1:29:03
65.7%,3285000,13140.000000841972,-3517937.045917593,573247.5223038804,310.71165849797234,111,1:28:55
65.8%,3287500,13150.00000084401,-3520477.95507689,574846.6802380902,311.57843418318,111,1:28:47
65.8%,3290000,13160.000000846047,-3517807.3900297284,574395.2409239489,311.33374501741736,111,1:28:40
65.8%,3292500,13170.000000848084,-3519805.874674134,574963.6992200618,311.64186081923066,111,1:28:32
65.9%,3295000,13180.000000850121,-3516509.2665736265,574196.3123973962,311.2259217648033,111,1:28:24
66.0%,3297500,13190.000000852158,-3518818.5993455425,573997.8393519558,311.1183453920907,111,1:28:17
66.0%,3300000,13200.000000854196,-3518706.7377145663,573306.2707200715,310.7435013182527,111,1:28:09
66.0%,3302500,13210.000000856233,-3521721.8023173064,574868.4862906367,311.5902535011681,111,1:28:01
66.1%,3305000,13220.00000085827,-3518823.7087570205,570482.4044751419,309.21290915657664,111,1:27:54
66.2%,3307500,13230.000000860307,-3518827.958897155,572141.4339739964,310.1121364310609,111,1:27:46
66.2%,3310000,13240.000000862345,-3520334.8765351605,573159.3084469838,310.6638448176468,111,1:27:38
66.2%,3312500,13250.000000864382,-3517562.23207934,572532.510509796,310.32410775986756,111,1:27:30
66.3%,3315000,13260.00000086642,-3517669.687179297,576189.8217181031,312.306443813601,111,1:27:23
66.3%,3317500,13270.000000868456,-3520179.762072811,572481.7075967757,310.29657156172124,111,1:27:15
66.4%,3320000,13280.000000870494,-3516955.0065712035,573311.4922894516,310.7463315136202,111,1:27:07
66.5%,3322500,13290.000000872531,-3519717.616281992,573482.6628685334,310.8391094017806,111,1:27:00
66.5%,3325000,13300.000000874568,-3518164.5449126232,576192.8779828034,312.3081003703883,111,1:26:52
66.5%,3327500,13310.000000876606,-3517536.429364633,572027.7915419609,310.0505399528213,111,1:26:44
66.6%,3330000,13320.000000878643,-3518526.9690411277,571808.6877270576,309.9317812891323,111,1:26:37
66.7%,3332500,13330.00000088068,-3519167.9578915834,575156.1306068801,311.7461624917526,111,1:26:29
66.7%,3335000,13340.000000882717,-3520814.7296206616,574902.2432897682,311.6085504719843,111,1:26:21
66.8%,3337500,13350.000000884755,-3517423.8168607187,575308.5934482545,311.8288004107311,111,1:26:14
66.8%,3340000,13360.000000886792,-3519120.9807450715,574984.6471654624,311.65321502592894,111,1:26:06
66.8%,3342500,13370.00000088883,-3519853.992075991,574352.9158772776,311.31080399292864,111,1:25:58
66.9%,3345000,13380.000000890866,-3519617.418396283,574909.0726193136,311.6122521056189,111,1:25:51
67.0%,3347500,13390.000000892904,-3521694.7792468667,574177.7712131466,311.2158720709371,111,1:25:43
67.0%,3350000,13400.000000894941,-3517898.1070455294,575788.2260143575,312.08877088471513,111,1:25:35
67.0%,3352500,13410.000000896978,-3521354.556966761,573958.2883993799,311.09690798226006,111,1:25:27
67.1%,3355000,13420.000000899016,-3520454.279972298,571003.7556929302,309.49549197680045,111,1:25:20
67.2%,3357500,13430.000000901053,-3519576.4075421803,574156.9471016809,311.20458498471606,111,1:25:12
67.2%,3360000,13440.00000090309,-3520390.3284948487,572167.5652499668,310.12630010692425,111,1:25:04
67.2%,3362500,13450.000000905127,-3516745.9405892957,573038.5540636975,310.59839351913786,111,1:24:57
67.3%,3365000,13460.000000907165,-3520622.2606788743,576758.0796900113,312.6144510356762,111,1:24:49
67.3%,3367500,13470.000000909202,-3522008.2668134384,573643.6672809136,310.92637702361884,111,1:24:41
67.4%,3370000,13480.00000091124,-3521835.381381348,575046.8662596089,311.68693902329545,111,1:24:34
67.5%,3372500,13490.000000913276,-3520712.9804761447,573639.7773195879,310.92426858653374,111,1:24:26
67.5%,3375000,13500.000000915314,-3515038.9922452047,573940.5843482211,311.0873120313249,111,1:24:18
67.5%,3377500,13510.000000917351,-3519949.2952417824,575692.6772612091,312.0369815434567,111,1:24:11
67.6%,3380000,13520.000000919388,-3518714.882409198,574525.4923191532,311.40434388693,111,1:24:03
67.7%,3382500,13530.000000921425,-3520934.869524978,573328.3117490343,310.7554479981729,111,1:23:55
67.7%,3385000,13540.000000923463,-3518447.5936018415,574186.2625228511,311.2204745311632,111,1:23:48
67.8%,3387500,13550.0000009255,-3516573.9493333064,574191.1771922242,311.22313838056937,111,1:23:40
67.8%,3390000,13560.000000927537,-3520735.939612873,575030.2267180264,311.6779200579087,111,1:23:32
67.8%,3392500,13570.000000929575,-3517669.05054242,573070.5343977575,310.6157275018391,111,1:23:24
67.9%,3395000,13580.000000931612,-3518117.867254434,576679.8740260788,312.5720619967376,111,1:23:17
68.0%,3397500,13590.000000933649,-3517755.932264751,576246.2506932393,312.33702945029324,111,1:23:09
68.0%,3400000,13600.000000935686,-3519115.872238515,576362.9801921982,312.400299180743,111,1:23:01
68.0%,3402500,13610.000000937724,-3519121.4534233306,573433.9053586547,310.81268185317515,111,1:22:54
68.1%,3405000,13620.00000093976,-3519479.1592003964,573212.0512492857,310.69243247470496,111,1:22:46
68.2%,3407500,13630.000000941798,-3519695.545151053,576269.7881070566,312.3497872008275,111,1:22:38
68.2%,3410000,13640.000000943835,-3518036.6124933623,574864.6826143493,311.58819183230486,111,1:22:31
68.2%,3412500,13650.000000945873,-3515695.4985943213,574240.398000872,311.2498170464031,111,1:22:23
68.3%,3415000,13660.00000094791,-3517025.5635544565,572924.6792078549,310.53667106253164,111,1:22:15
68.3%,3417500,13670.000000949947,-3521467.2055430114,571573.8035821603,309.80446936997623,111,1:22:07
68.4%,3420000,13680.000000951984,-3519738.2716683466,575018.5048608058,311.6715665761124,111,1:22:00
68.5%,3422500,13690.000000954022,-3518202.5211094413,573845.7692666377,311.0359203547749,111,1:21:52
68.5%,3425000,13700.000000956059,-3516815.5349718463,576456.7386208624,312.45111813021066,111,1:21:44
68.5%,3427500,13710.000000958096,-3519179.2194738723,574643.3472366498,311.46822361680717,111,1:21:37
68.6%,3430000,13720.000000960134,-3519928.0459333304,575557.7279667752,311.96383631830474,111,1:21:29
68.7%,3432500,13730.00000096217,-3520846.1995989606,573093.072391048,310.6279435463958,111,1:21:21
68.7%,3435000,13740.000000964208,-3522498.84508837,572600.5661887728,310.360995303315,111,1:21:13
68.8%,3437500,13750.000000966245,-3518838.8410282265,571480.7120239775,309.75401187768944,111,1:21:06
68.8%,3440000,13760.000000968283,-3516804.459821116,575890.1190162555,312.1439989360843,111,1:20:58
68.8%,3442500,13770.00000097032,-3517925.631054463,572960.5597046124,310.5561190116661,111,1:20:50
68.9%,3445000,13780.000000972357,-3521380.983670639,572937.9760916263,310.5438782403191,111,1:20:43
69.0%,3447500,13790.000000974394,-3520996.2855419107,571709.7379543342,309.8781485270275,111,1:20:35
69.0%,3450000,13800.000000976432,-3522950.486894261,575505.2395751965,311.935386556963,111,1:20:27
69.0%,3452500,13810.000000978469,-3519034.944000602,573624.3099319339,310.9158849520938,111,1:20:20
69.1%,3455000,13820.000000980506,-3518264.572112253,574793.5152987909,311.54961771939963,111,1:20:12
69.2%,3457500,13830.000000982543,-3518668.164086316,573172.4134367562,310.6709479850368,111,1:20:04
69.2%,3460000,13840.00000098458,-3518336.9459554274,572882.4531348753,310.5137836837696,111,1:19:56
69.2%,3462500,13850.000000986618,-3519387.7982882857,574192.0198400961,311.2235951126225,111,1:19:49
69.3%,3465000,13860.000000988655,-3516455.245304158,574073.4180526076,311.1593105642248,111,1:19:41
69.3%,3467500,13870.000000990693,-3519614.6038327534,573266.7537439731,310.7220823243545,111,1:19:33
69.4%,3470000,13880.00000099273,-3519773.9432841074,573179.2969589053,310.6746789921498,111,1:19:25
69.5%,3472500,13890.000000994767,-3520236.0405643564,574447.95033422,311.36231457532483,111,1:19:18
69.5%,3475000,13900.000000996804,-3519516.660781238,575361.7903137689,311.8576341791606,111,1:19:10
69.5%,3477500,13910.000000998842,-3520488.9882197436,573812.6365070674,311.0179617343253,111,1:19:02
69.6%,3480000,13920.000001000879,-3519138.2425597645,575714.9949800919,312.049078194865,111,1:18:54
69.7%,3482500,13930.000001002916,-3517081.1543292757,574084.9510452504,311.1655616776306,111,1:18:47
69.7%,3485000,13940.000001004953,-3520139.336445626,573169.1525333283,310.6691805099533,111,1:18:39
69.8%,3487500,13950.00000100699,-3518272.5161256157,575073.778804332,311.7015261624979,111,1:18:31
69.8%,3490000,13960.000001009028,-3517561.3245873526,575630.4199450199,312.00323682897624,111,1:18:24
69.8%,3492500,13970.000001011065,-3516746.078381162,574392.5047921275,311.3322619790735,111,1:18:16
69.9%,3495000,13980.000001013103,-3519745.1580249127,574168.819906378,311.2110202830731,111,1:18:08
70.0%,3497500,13990.00000101514,-3515702.278946245,573751.568005097,310.98486138100327,111,1:18:00
70.0%,3500000,14000.000001017177,-3518596.313033942,574681.2901129392,311.48878941702674,111,1:17:53
70.0%,3502500,14010.000001019214,-3519733.56445924,573905.4207713106,311.0682526671315,111,1:17:45
70.1%,3505000,14020.000001021252,-3518779.3143642657,573195.3161325704,310.6833617056786,111,1:17:37
70.2%,3507500,14030.000001023289,-3519548.0440775156,575579.7045108258,311.97574804610883,111,1:17:30
70.2%,3510000,14040.000001025326,-3521654.4114266,573309.8902046522,310.7454631515153,111,1:17:22
70.2%,3512500,14050.000001027363,-3516479.2360390294,573938.5576404226,311.0862135150351,111,1:17:14
70.3%,3515000,14060.0000010294,-3519072.955940092,573175.1557391731,310.67243436796707,111,1:17:07
70.3%,3517500,14070.000001031438,-3518297.616420325,574726.227150358,311.5131461929065,111,1:16:59
70.4%,3520000,14080.000001033475,-3517170.7600670233,571939.711287568,310.0027986877333,111,1:16:51
70.5%,3522500,14090.000001035512,-3516194.915547885,574965.6773032898,311.6429329800277,111,1:16:43
70.5%,3525000,14100.00000103755,-3520782.092229152,573352.4419828004,310.7685270690135,111,1:16:36
70.5%,3527500,14110.000001039587,-3521135.9644248523,576081.8354838365,312.24791310803585,111,1:16:28
70.6%,3530000,14120.000001041624,-3519757.185428759,573306.4470130431,310.7435968725803,111,1:16:20
70.7%,3532500,14130.000001043662,-3520499.032611143,573828.8684785983,311.0267597885669,111,1:16:13
70.7%,3535000,14140.000001045699,-3521873.8373929765,573224.3952057197,310.6991231467564,111,1:16:05
70.8%,3537500,14150.000001047736,-3521747.339992117,574303.39122194,311.28396063609284,111,1:15:57
70.8%,3540000,14160.000001049773,-3521754.226567786,574020.2605447867,311.1304981284549,111,1:15:49
70.8%,3542500,14170.00000105181,-3519913.1421525907,574038.1484502899,311.1401937321334,111,1:15:42
70.9%,3545000,14180.000001053848,-3520340.5671461914,572621.4657813404,310.3723233018077,111,1:15:34
71.0%,3547500,14190.000001055885,-3518964.709099438,574212.3638051572,311.2346219498588,111,1:15:26
71.0%,3550000,14200.000001057922,-3520040.694180019,575138.6695641591,311.7366982562665,111,1:15:19
71.0%,3552500,14210.00000105996,-3517838.954741247,572354.4376494199,310.227588696761,111,1:15:11
71.1%,3555000,14220.000001061997,-3520577.812517384,573071.4226059248,310.6162089284864,111,1:15:03
71.2%,3557500,14230.000001064034,-3519396.2943396214,573553.4455727906,310.8774750476439,111,1:14:55
71.2%,3560000,14240.000001066071,-3517389.268488912,574829.5782738491,311.56916457543434,111,1:14:48
71.2%,3562500,14250.000001068109,-3518390.3453103323,573078.6486830664,310.6201256072782,111,1:14:40
71.3%,3565000,14260.000001070146,-3519683.70413455,573450.4175717348,310.821631803959,111,1:14:32
71.3%,3567500,14270.000001072183,-3523382.60504834,576571.4354738758,312.5132861257758,111,1:14:25
71.4%,3570000,14280.00000107422,-3522434.272435773,574585.1657389444,311.43668807772053,111,1:14:17
71.5%,3572500,14290.000001076258,-3518242.294635553,574489.0633009908,311.3845986281887,111,1:14:09
71.5%,3575000,14300.000001078295,-3517475.2882589884,574919.9617516381,311.6181542338139,111,1:14:01
71.5%,3577500,14310.000001080332,-3520142.4759749603,573725.6315026707,310.9708032763087,111,1:13:54
71.6%,3580000,14320.00000108237,-3519218.8639379963,574136.6732023035,311.193596124486,111,1:13:46
71.7%,3582500,14330.000001084407,-3522907.77424038,570918.0652579878,309.449046041803,111,1:13:38
71.7%,3585000,14340.000001086444,-3516713.82539369,574195.5660240382,311.2255172154683,111,1:13:30
71.8%,3587500,14350.000001088481,-3520990.0055366196,573585.2980679155,310.89473973907735,111,1:13:23
71.8%,3590000,14360.000001090519,-3519840.5182201248,573420.0563825697,310.80517543027673,111,1:13:15
71.8%,3592500,14370.000001092556,-3520859.4875090104,574374.0582058423,311.32226355920193,111,1:13:07
71.9%,3595000,14380.000001094593,-3519573.4483139515,572423.6879843452,310.2651237677016,111,1:13:00
72.0%,3597500,14390.00000109663,-3517407.2163799945,574143.3973879798,311.19724076803396,111,1:12:52
72.0%,3600000,14400.000001098668,-3520597.3529062234,573019.5898435463,310.5881145313254,111,1:12:44
72.0%,3602500,14410.000001100705,-3520168.2492644712,574825.66151483,311.56704161346164,111,1:12:36
72.1%,3605000,14420.000001102742,-3518440.340367712,575632.5866119554,312.00441120592643,111,1:12:29
72.2%,3607500,14430.00000110478,-3520890.6976443697,575863.0522400799,312.1293282003402,111,1:12:21
72.2%,3610000,14440.000001106817,-3515637.3115890604,573662.5157127215,310.93659325182614,111,1:12:13
72.2%,3612500,14450.000001108854,-3519648.4424471073,573238.8969665465,310.70698339208207,111,1:12:05
72.3%,3615000,14460.000001110891,-3520269.932882756,572261.7888953392,310.17737121318174,111,1:11:58
72.3%,3617500,14470.000001112929,-3516764.712699024,575354.7722248067,311.85383023413493,111,1:11:50
72.4%,3620000,14480.000001114966,-3518241.4002480377,574773.5659550021,311.53880477481044,111,1:11:42
72.5%,3622500,14490.000001117003,-3519801.530755881,572265.7668471183,310.17952734285797,111,1:11:34
72.5%,3625000,14500.00000111904,-3521858.679847678,572282.6062912275,310.1886546594251,111,1:11:27
72.5%,3627500,14510.000001121078,-3513362.4375253897,575103.8628519623,311.71783231990787,111,1:11:19
72.6%,3630000,14520.000001123115,-3520521.3419481087,573535.7866072659,310.8679035340271,111,1:11:11
72.7%,3632500,14530.000001125152,-3516927.2938434184,573719.0059256521,310.9672120806316,111,1:11:04
72.7%,3635000,14540.00000112719,-3519784.3762640655,573712.7434902112,310.9638177149757,111,1:10:56
72.8%,3637500,14550.000001129227,-3519128.418782918,575303.0515306164,311.82579658018045,111,1:10:48
72.8%,3640000,14560.000001131264,-3520886.7861385494,574573.0123424146,311.4301006929605,111,1:10:40
72.8%,3642500,14570.000001133301,-3518412.980973875,577149.0168085855,312.82634679754955,111,1:10:33
72.9%,3645000,14580.000001135339,-3519097.444272157,574146.6670854139,311.19901300964517,111,1:10:25
73.0%,3647500,14590.000001137376,-3518138.476913063,573925.2280221536,311.0789885944932,111,1:10:17
73.0%,3650000,14600.000001139413,-3519380.8113799263,576560.1798025961,312.5071853261129,111,1:10:09
73.0%,3652500,14610.00000114145,-3515786.6594199743,573644.3083622067,310.92672450254213,111,1:10:02
73.1%,3655000,14620.000001143488,-3521487.078596724,573061.1254318297,310.61062765352847,111,1:09:54
73.2%,3657500,14630.000001145525,-3522701.0103413295,574945.2761264764,311.63187513287374,111,1:09:46
73.2%,3660000,14640.000001147562,-3520774.842497308,571339.2795959992,309.67735266408135,111,1:09:39
73.2%,3662500,14650.0000011496,-3520269.747698048,574223.0752009662,311.24042774129646,111,1:09:31
73.3%,3665000,14660.000001151637,-3523300.771077214,572097.9915885357,310.08858978653046,111,1:09:23
73.3%,3667500,14670.000001153674,-3520181.8587873187,572217.5623111802,310.15339951722297,111,1:09:15
73.4%,3670000,14680.000001155711,-3520809.5869056787,574695.6208295157,311.496556952937,111,1:09:08
73.5%,3672500,14690.000001157749,-3517063.76214657,574635.0928441093,311.46374957043736,111,1:09:00
73.5%,3675000,14700.000001159786,-3522036.3389370404,575633.0607445238,312.0046681952913,111,1:08:52
73.5%,3677500,14710.000001161823,-3517323.020531334,575755.6053675057,312.0710898396338,111,1:08:44
73.6%,3680000,14720.00000116386,-3518231.546873953,573962.5865501519,311.0992376662149,111,1:08:37
73.7%,3682500,14730.000001165898,-3522584.583341943,575958.5647033561,312.1810978717598,111,1:08:29
73.7%,3685000,14740.000001167935,-3518551.859844489,572937.7939085807,310.5437794934531,111,1:08:21
73.8%,3687500,14750.000001169972,-3518607.375629334,572868.0647212084,310.5059848748788,111,1:08:13
73.8%,3690000,14760.00000117201,-3518832.374913346,575777.6931741984,312.0830618740222,111,1:08:06
73.8%,3692500,14770.000001174047,-3520765.4434340354,574518.7040717406,311.4006645206357,111,1:07:58
73.9%,3695000,14780.000001176084,-3518789.539740147,575474.4412284286,311.9186932350891,111,1:07:50
74.0%,3697500,14790.000001178121,-3520513.1599080805,574685.790429087,311.4912286786714,111,1:07:42
74.0%,3700000,14800.000001180159,-3520424.665351007,573964.1845663309,311.1001038230458,111,1:07:35
74.0%,3702500,14810.000001182196,-3518726.009579081,575617.4029945758,311.99618138066865,111,1:07:27
74.1%,3705000,14820.000001184233,-3517222.0977417286,573920.5210972483,311.0764373467567,111,1:07:19
74.2%,3707500,14830.00000118627,-3517426.749077983,573320.3008731001,310.7511059426895,111,1:07:11
74.2%,3710000,14840.000001188308,-3519547.1802438144,573027.9665474235,310.5926548728937,111,1:07:04
74.2%,3712500,14850.000001190345,-3519606.192105245,573448.747117026,310.8207263839915,111,1:06:56
74.3%,3715000,14860.000001192382,-3515499.2302313037,573387.88715406,310.787739062994,111,1:06:48
74.3%,3717500,14870.00000119442,-3520471.9181066453,574190.0586284685,311.22253209657134,111,1:06:40
74.4%,3720000,14880.000001196457,-3518985.5572303366,575196.3481567485,311.76796121069015,111,1:06:33
74.5%,3722500,14890.000001198494,-3520341.6540079303,575287.2795136906,311.81724783056325,111,1:06:25
74.5%,3725000,14900.000001200531,-3519359.7146166824,574020.3593591067,311.13055168779897,111,1:06:17
74.5%,3727500,14910.000001202568,-3518744.8605188485,575385.8929636164,311.8706982989639,111,1:06:09
74.6%,3730000,14920.000001204606,-3518998.9813088384,574557.8655693093,311.4218908380386,111,1:06:02
74.7%,3732500,14930.000001206643,-3521261.771621747,573616.4022367181,310.91159882262997,111,1:05:54
74.7%,3735000,14940.00000120868,-3519995.32112463,572883.2612607845,310.5142217042263,111,1:05:46
74.8%,3737500,14950.000001210718,-3521137.6347391475,576195.4894044634,312.3095158133225,111,1:05:38
74.8%,3740000,14960.000001212755,-3516855.9324732646,573745.204661377,310.98141232103546,111,1:05:31
74.8%,3742500,14970.000001214792,-3521947.678646423,575375.6280961204,311.8651345348308,111,1:05:23
74.9%,3745000,14980.00000121683,-3517631.295288911,573503.7390753478,310.8505331287386,111,1:05:15
75.0%,3747500,14990.000001218867,-3521316.1303825546,575126.299748407,311.72999356794577,111,1:05:07
75.0%,3750000,15000.000001220904,-3522027.2447193805,573171.750335588,310.6705885708993,111,1:05:00
75.0%,3752500,15010.000001222941,-3518053.151999429,574310.3149023368,311.28771340978176,111,1:04:52
75.1%,3755000,15020.000001224978,-3516063.187131325,573928.7758224292,311.0809115734242,111,1:04:44
75.2%,3757500,15030.000001227016,-3518081.0008167513,573549.7902960153,310.8754938142937,111,1:04:36
75.2%,3760000,15040.000001229053,-3519512.3872016743,574460.0312045256,311.3688626494162,111,1:04:29
75.2%,3762500,15050.00000123109,-3518350.274430573,575432.8160920087,311.8961315759994,111,1:04:21
75.3%,3765000,15060.000001233127,-3520895.6714425273,575223.2755945544,311.78255642224235,111,1:04:13
75.3%,3767500,15070.000001235165,-3516611.6049413085,573506.6876730504,310.85213132785293,111,1:04:05
75.4%,3770000,15080.000001237202,-3517192.386636086,575222.3146324453,311.78203556149884,111,1:03:58
75.5%,3772500,15090.00000123924,-3522151.8968549166,573468.544238392,310.8314568209735,111,1:03:50
75.5%,3775000,15100.000001241277,-3517444.5233422723,573560.028158519,310.8810429411791,111,1:03:42
75.5%,3777500,15110.000001243314,-3519393.3968857154,574846.2069052334,311.57817762727484,111,1:03:34
75.6%,3780000,15120.000001245351,-3515976.3953203037,574082.4724395206,311.1642182235953,111,1:03:27
75.7%,3782500,15130.000001247388,-3518384.473445419,573356.0184902222,310.7704656077937,111,1:03:19
75.7%,3785000,15140.000001249426,-3520499.756507335,573352.8508223151,310.76874866823323,111,1:03:11
75.8%,3787500,15150.000001251463,-3517771.555692481,574714.5892656321,311.5068382258871,111,1:03:03
75.8%,3790000,15160.0000012535,-3518969.0855457094,571942.8721487928,310.0045119379354,111,1:02:56
75.8%,3792500,15170.000001255537,-3522053.432149183,573914.8086895058,311.07334110714874,111,1:02:48
75.9%,3795000,15180.000001257575,-3520976.1941614076,575437.5990012889,311.89872400879165,111,1:02:40
76.0%,3797500,15190.000001259612,-3516252.734720139,573317.8719640644,310.74978942525956,111,1:02:33
76.0%,3800000,15200.00000126165,-3514591.3703518957,573413.9949701121,310.80189002311096,111,1:02:25
76.0%,3802500,15210.000001263686,-3519851.7028999254,573963.2761591699,311.09961144813866,111,1:02:17
76.1%,3805000,15220.000001265724,-3520703.4157622624,575169.1024422897,311.7531934868064,111,1:02:09
76.2%,3807500,15230.000001267761,-3519837.436491778,573232.1478134918,310.703325215714,111,1:02:01
76.2%,3810000,15240.000001269798,-3518438.0544194616,572692.3700659963,310.4107548466865,111,1:01:54
76.2%,3812500,15250.000001271836,-3515734.914568927,573057.3440852815,310.6085780878319,111,1:01:46
76.3%,3815000,15260.000001273873,-3517083.6206521075,574334.354325135,311.30074325925585,111,1:01:38
76.3%,3817500,15270.00000127591,-3519642.7474963274,574296.0230358399,311.2799669313942,111,1:01:31
76.4%,3820000,15280.000001277947,-3521145.358723428,575013.8029022414,311.6690180202322,111,1:01:23
76.5%,3822500,15290.000001279985,-3522188.875178041,575096.1354584864,311.7136439176046,111,1:01:15
76.5%,3825000,15300.000001282022,-3521601.3349535335,575556.0872138437,311.9629469972965,111,1:01:07
76.5%,3827500,15310.00000128406,-3522085.749164216,573865.8386366289,311.0467983559739,111,1:00:59
76.6%,3830000,15320.000001286096,-3523175.542620007,573793.2274539415,311.00744163811555,111,1:00:52
76.7%,3832500,15330.000001288134,-3518204.8677590154,574075.644449124,311.16051731580626,111,1:00:44
76.7%,3835000,15340.000001290171,-3516792.9753633663,573523.9498791165,310.86148778988274,111,1:00:36
76.8%,3837500,15350.000001292208,-3518819.749995485,572327.4590555734,310.2129657576085,111,1:00:28
76.8%,3840000,15360.000001294246,-3520812.5325971115,574135.2489872443,311.19282417134906,111,1:00:21
76.8%,3842500,15370.000001296283,-3520030.1094508823,572734.3612679148,310.43351492062095,111,1:00:13
76.9%,3845000,15380.00000129832,-3519830.447539108,575767.7701145697,312.0776833766111,111,1:00:05
77.0%,3847500,15390.000001300357,-3519925.7437328864,573511.5283166374,310.85475505379776,111,59:57
77.0%,3850000,15400.000001302395,-3519572.4358710665,573713.7050455316,310.96433889725154,111,59:50
77.0%,3852500,15410.000001304432,-3520741.2410377525,572878.139235623,310.5114454638225,111,59:42
77.1%,3855000,15420.00000130647,-3514758.5456485488,574704.046929331,311.5011240680948,111,59:34
77.2%,3857500,15430.000001308506,-3517653.125004584,573021.6306420811,310.5892206850771,111,59:26
77.2%,3860000,15440.000001310544,-3520351.872656811,574520.0899852769,311.40141571357884,111,59:18
77.2%,3862500,15450.000001312581,-3519188.1253831144,575321.4760888977,311.8357830604319,111,59:11
77.3%,3865000,15460.000001314618,-3518927.6474025752,575481.4102642972,311.92247059235376,111,59:03
77.3%,3867500,15470.000001316655,-3522099.001927292,574777.9368922419,311.5411739104912,111,58:55
77.4%,3870000,15480.000001318693,-3518965.7290352415,572504.6803547686,310.3090232574697,111,58:47
77.5%,3872500,15490.00000132073,-3520728.288486695,574159.7629071006,311.20611120774873,111,58:39
77.5%,3875000,15500.000001322767,-3518521.642737001,576021.4921061454,312.2152057866218,111,58:32
77.5%,3877500,15510.000001324805,-3522852.3527702633,574740.4370675648,311.5208482531347,111,58:24
77.6%,3880000,15520.000001326842,-3521336.5205514543,574110.8210406236,311.1795837341681,111,58:16
77.7%,3882500,15530.000001328879,-3522263.931914812,575119.5672191856,311.72634440202904,111,58:08
77.7%,3885000,15540.000001330916,-3520140.8553417027,571033.00281145,309.5113445018407,111,58:00
77.8%,3887500,15550.000001332954,-3522453.771713922,572971.1310871036,310.56184891307635,111,57:52
77.8%,3890000,15560.00000133499,-3519823.0543408208,574677.4668336473,311.4867171229418,111,57:45
77.8%,3892500,15570.000001337028,-3520131.4675957356,575722.0978940525,312.0529281167416,111,57:37
77.9%,3895000,15580.000001339065,-3513451.539477052,574450.7441463798,311.36382887756935,111,57:29
78.0%,3897500,15590.000001341103,-3517760.721704332,575150.0763399864,311.74288095762586,111,57:21
78.0%,3900000,15600.00000134314,-3521634.921366133,575057.7953100803,311.6928627879271,111,57:13
78.0%,3902500,15610.000001345177,-3517992.856285719,574146.881049284,311.19912898235566,111,57:05
78.1%,3905000,15620.000001347214,-3517925.5939419586,573518.6492918881,310.8586147652561,111,56:58
78.2%,3907500,15630.000001349252,-3520099.0737393275,571865.2170569656,309.96242132012424,111,56:50
78.2%,3910000,15640.000001351289,-3517953.324921539,574592.1392870083,311.4404678806856,111,56:42
78.2%,3912500,15650.000001353326,-3517347.4247787446,574691.1678369797,311.49414334163936,111,56:34
78.3%,3915000,15660.000001355364,-3519936.9536185935,577312.3499464141,312.9148766353035,111,56:26
78.3%,3917500,15670.0000013574,-3519854.1824175045,575966.7900512153,312.18555617532957,111,56:19
78.4%,3920000,15680.000001359438,-3519558.7696061786,571901.505004107,309.9820901155418,111,56:11
78.5%,3922500,15690.000001361475,-3519877.5920921788,574165.0243586688,311.20896302006236,111,56:03
78.5%,3925000,15700.000001363513,-3522906.8832887933,573272.7161880673,310.7253140886817,111,55:55
78.5%,3927500,15710.00000136555,-3519856.2179116867,573200.1888924515,310.6860028392992,111,55:47
78.6%,3930000,15720.000001367587,-3517449.766941661,573882.7715788344,311.0559763503851,111,55:39
78.7%,3932500,15730.000001369624,-3521517.800245609,573532.6176350528,310.86618588750656,111,55:32
78.7%,3935000,15740.000001371662,-3521718.0894837957,573236.6769337083,310.7057800897419,111,55:24
78.8%,3937500,15750.000001373699,-3517924.9976191185,573889.6288062003,311.0596931051981,111,55:16
78.8%,3940000,15760.000001375736,-3519188.033700319,572760.2571796664,310.44755102435556,111,55:08
78.8%,3942500,15770.000001377774,-3521283.8458492663,574300.7058204781,311.2825050946216,111,55:00
78.9%,3945000,15780.00000137981,-3517016.6217045654,572628.4697019511,310.3761195673026,111,54:53
79.0%,3947500,15790.000001381848,-3518525.5664453395,574110.2837349926,311.17929250373584,111,54:45
79.0%,3950000,15800.000001383885,-3518842.0830929913,574813.4238045805,311.5604085289739,111,54:37
79.0%,3952500,15810.000001385923,-3521392.288943382,572290.767049663,310.19307795423134,111,54:29
79.1%,3955000,15820.00000138796,-3519192.52268089,573503.1127094093,310.85019362583284,111,54:21
79.2%,3957500,15830.000001389997,-3519963.6855522916,574617.2099325154,311.45405667355783,111,54:13
79.2%,3960000,15840.000001392034,-3519230.733811034,572792.6770103987,310.46512322307103,111,54:06
79.2%,3962500,15850.000001394072,-3518432.1019609217,574522.3175339733,311.40262308966487,111,53:58
79.3%,3965000,15860.000001396109,-3521387.0332092587,575882.7802594607,312.14002118265967,111,53:50
79.3%,3967500,15870.000001398146,-3518306.726597896,573454.7666605089,310.82398909733297,111,53:42
79.4%,3970000,15880.000001400183,-3519528.317252768,573014.212398205,310.5851998480595,111,53:34
79.5%,3972500,15890.00000140222,-3520050.7437320054,576965.2024160745,312.72671570883006,111,53:27
79.5%,3975000,15900.000001404258,-3518662.2575133517,572788.683149044,310.46295847008554,111,53:19
79.5%,3977500,15910.000001406295,-3518696.674890492,574735.8326250212,311.5183525528943,111,53:11
79.6%,3980000,15920.000001408333,-3522976.316813739,574449.7739594469,311.36330301678635,111,53:03
79.7%,3982500,15930.00000141037,-3519096.8132156506,575806.8890679416,312.09888663420577,111,52:55
79.7%,3985000,15940.000001412407,-3519439.812500732,574189.9940585658,311.2224970983886,111,52:47
79.8%,3987500,15950.000001414444,-3520910.7028044704,576625.8220704475,312.5427647523086,111,52:40
79.8%,3990000,15960.000001416482,-3520454.824094873,576047.4729126204,312.2292879049998,111,52:32
79.8%,3992500,15970.000001418519,-3522245.4842656516,575085.0546772779,311.70763791186926,111,52:24
79.9%,3995000,15980.000001420556,-3519673.900263265,573023.7911289856,310.59039171232644,111,52:16
80.0%,3997500,15990.000001422593,-3520753.316877652,574298.2684584848,311.281183995519,111,52:08
80.0%,4000000,16000.00000142463,-3517733.872406196,576025.6099143182,312.21743772126956,111,52:00
80.0%,4002500,16010.000001426668,-3517400.6168546043,573754.6862615398,310.98655153855873,111,51:53
80.1%,4005000,16020.000001428705,-3518145.0062765647,574046.837159757,311.14490318699137,111,51:45
80.2%,4007500,16030.000001430742,-3523003.424229553,573797.7826158071,311.0099106272397,111,51:37
80.2%,4010000,16040.00000143278,-3520765.8932829686,572348.4231172032,310.2243286996264,111,51:29
80.2%,4012500,16050.000001434817,-3519660.805958027,573103.6366361058,310.633669579174,111,51:21
80.3%,4015000,16060.000001436854,-3519500.2526556905,574998.7374683598,311.6608522528016,111,51:14
80.3%,4017500,16070.000001438892,-3520715.2894664966,576203.8989727431,312.3140739680563,111,51:06
80.4%,4020000,16080.000001440929,-3516502.2326814495,574188.1967737393,311.2215229339526,111,50:58
80.5%,4022500,16090.000001442966,-3519116.4914745856,574776.3420708838,311.54030948531727,111,50:50
80.5%,4025000,16100.000001445003,-3516429.4092641734,573178.9540180594,310.67449311133066,111,50:42
80.5%,4027500,16110.00000144704,-3521281.5128523298,573137.2170395353,310.6518708315765,111,50:35
80.6%,4030000,16120.000001449078,-3521632.626899561,574345.2213538946,311.3066334068752,111,50:27
80.7%,4032500,16130.000001451115,-3518425.403744813,575930.3239233295,312.16579080237364,111,50:19
80.7%,4035000,16140.000001453152,-3518364.500340285,575054.1947174988,311.690911194507,111,50:11
80.8%,4037500,16150.00000145519,-3515710.7269334737,572593.7583939349,310.35730534192396,111,50:03
80.8%,4040000,16160.000001457227,-3517329.373781638,575414.5764774666,311.88624533896524,111,49:55
80.8%,4042500,16170.000001459264,-3519555.9186102916,572819.9603168664,310.47991132257783,111,49:48
80.9%,4045000,16180.000001461302,-3518221.6681529377,572931.5928125412,310.54041837498335,111,49:40
81.0%,4047500,16190.000001463339,-3519991.16579083,573766.6953930017,310.9930607287575,111,49:32
81.0%,4050000,16200.000001465376,-3521897.1841622405,573877.6527837884,311.0532018607687,111,49:24
81.0%,4052500,16210.000001467413,-3519398.5852750745,576360.5745287961,312.3989952629128,111,49:16
81.1%,4055000,16220.00000146945,-3516773.4477553666,574109.8784577749,311.1790728353525,111,49:09
81.2%,4057500,16230.000001471488,-3518252.887994202,574502.981859133,311.39214276595817,111,49:01
81.2%,4060000,16240.000001473525,-3519106.9649113063,573485.7477449051,310.84078146666775,111,48:53
81.2%,4062500,16250.000001475562,-3517952.5915780365,571359.2794916726,309.68819300880637,111,48:45
81.3%,4065000,16260.0000014776,-3521352.4327313807,574596.1538287937,311.4426438428795,111,48:37
81.3%,4067500,16270.000001479637,-3520073.7678176984,574312.4795552106,311.2888866950701,111,48:30
81.4%,4070000,16280.000001481674,-3516664.800205156,577062.9980006083,312.7797228777789,111,48:22
81.5%,4072500,16290.000001483711,-3519513.1467756405,572416.9501518812,310.26147172732095,111,48:14
81.5%,4075000,16300.000001485749,-3515919.8279262353,573032.571193192,310.595150683286,111,48:06
81.5%,4077500,16310.000001487786,-3519766.9564088136,573001.8059030639,310.5784752787741,111,47:58
81.6%,4080000,16320.000001489823,-3520773.7134783454,574051.3099379461,311.14732752250995,111,47:51
81.7%,4082500,16330.00000149186,-3518404.781355532,573456.4597140187,310.824906766304,111,47:43
81.7%,4085000,16340.000001493898,-3523034.0810287073,575791.9924021825,312.0908123424836,111,47:35
81.8%,4087500,16350.000001495935,-3518328.6441402677,570668.2481773172,309.3136401718495,111,47:27
81.8%,4090000,16360.000001497972,-3515670.0318195615,573306.748461403,310.74376026363956,111,47:19
81.8%,4092500,16370.00000150001,-3519103.885565918,574310.7030830367,311.2879238115094,111,47:11
81.9%,4095000,16380.000001502047,-3520256.1708151083,574995.9139671291,311.65932185848493,111,47:04
82.0%,4097500,16390.000001504082,-3520988.958288746,574105.1536828742,311.1765119125603,111,46:56
82.0%,4100000,16400.00000150612,-3520711.593990255,576131.783643995,312.2749860129816,111,46:48
82.0%,4102500,16410.000001508157,-3518986.2924917173,571018.5992328941,309.50353747327574,111,46:40
82.1%,4105000,16420.000001510194,-3521027.442229567,576292.8490579744,312.3622866989106,111,46:32
82.2%,4107500,16430.00000151223,-3523476.377205655,574401.3809491966,311.33707303429264,111,46:25
82.2%,4110000,16440.00000151427,-3518003.6679332536,572929.0489321095,310.53903954075,111,46:17
82.2%,4112500,16450.000001516306,-3520458.428580774,573250.0459338629,310.713026356056,111,46:09
82.3%,4115000,16460.000001518343,-3518041.805707056,572869.5991248547,310.50681655244074,111,46:01
82.3%,4117500,16470.00000152038,-3521681.4669991042,573738.9876639064,310.9780425836711,111,45:53
82.4%,4120000,16480.000001522418,-3519492.9684138354,573416.9067165691,310.8034682481108,111,45:45
82.5%,4122500,16490.000001524455,-3519833.1575778164,574861.3060640465,311.586361674295,111,45:38
82.5%,4125000,16500.000001526492,-3518108.0005866047,573875.9328300303,311.0522696113233,111,45:30
82.5%,4127500,16510.00000152853,-3520751.291098876,574590.3631836909,311.4395051970526,111,45:22
82.6%,4130000,16520.000001530567,-3518524.3809347395,573602.143414257,310.90387025477276,111,45:14
82.7%,4132500,16530.000001532604,-3519887.7552318107,573669.2939827453,310.94026721017553,111,45:06
82.7%,4135000,16540.00000153464,-3516759.1107094754,574807.5650967299,311.55723299177214,111,44:59
82.8%,4137500,16550.00000153668,-3521342.674064627,573306.9705181164,310.7438806228335,111,44:51
82.8%,4140000,16560.000001538716,-3520628.413244823,574834.0566109322,311.5715919239849,111,44:43
82.8%,4142500,16570.000001540753,-3515763.616001956,574224.0230690292,311.24094150480425,111,44:35
82.9%,4145000,16580.00000154279,-3516511.7380277105,574184.5636285888,311.2195536963871,111,44:27
83.0%,4147500,16590.000001544828,-3520330.888035683,574997.7164620418,311.6602988468922,111,44:20
83.0%,4150000,16600.000001546865,-3520166.3732942436,575432.3685852902,311.8958890183793,111,44:12
83.0%,4152500,16610.000001548902,-3520014.4210730214,573351.0434283082,310.7677690244187,111,44:04
83.1%,4155000,16620.00000155094,-3520754.4219124746,574229.563695014,311.2439446352529,111,43:56
83.2%,4157500,16630.000001552977,-3517975.0404827707,574407.9836879629,311.3406518511787,111,43:48
83.2%,4160000,16640.000001555014,-3523263.1895884443,574875.5742750608,311.59409533093645,111,43:40
83.2%,4162500,16650.00000155705,-3519940.784549972,575317.1130854157,311.8334182250071,111,43:33
83.3%,4165000,16660.00000155909,-3521743.0721976403,573215.4746800747,310.69428804287895,111,43:25
83.3%,4167500,16670.000001561126,-3514484.713782089,571288.412046157,309.64978143148073,111,43:17
83.4%,4170000,16680.000001563163,-3515406.472821245,574861.9076882054,311.58668776665985,111,43:09
83.5%,4172500,16690.0000015652,-3516348.664121777,572842.7754220096,310.4922775673187,111,43:01
83.5%,4175000,16700.000001567238,-3520005.8677518517,575728.2192797244,312.05624603059283,111,42:54
83.5%,4177500,16710.000001569275,-3518630.7896243166,574458.8386142969,311.36821624158455,111,42:46
83.6%,4180000,16720.000001571312,-3521862.0955949444,574941.9017117294,311.63004613237797,111,42:38
83.7%,4182500,16730.00000157335,-3519835.1763098277,572810.4143565106,310.4747372205387,111,42:30
83.7%,4185000,16740.000001575387,-3519795.907553602,573390.6243659058,310.7892226867327,111,42:22
83.8%,4187500,16750.000001577424,-3521753.206308311,573499.0569441104,310.8479953196676,111,42:14
83.8%,4190000,16760.00000157946,-3517078.6977174133,574803.8044184614,311.55519462869785,111,42:07
83.8%,4192500,16770.0000015815,-3517577.139845958,573958.5363813343,311.0970423934548,111,41:59
83.9%,4195000,16780.000001583536,-3521659.3790300507,573325.4176030323,310.7538793129728,111,41:51
84.0%,4197500,16790.000001585573,-3520676.176835049,574012.4160637856,311.12624626236374,111,41:43
84.0%,4200000,16800.00000158761,-3516691.533155473,573081.0815668224,310.62144427908646,111,41:35
84.0%,4202500,16810.000001589648,-3518790.609708771,573559.3852223845,310.88069445689456,111,41:28
84.1%,4205000,16820.000001591685,-3517392.541410193,574736.425295619,311.5186737922494,111,41:20
84.2%,4207500,16830.000001593722,-3519390.91602399,575509.3514006874,311.9376152488771,111,41:12
84.2%,4210000,16840.00000159576,-3515491.317743061,575431.5552313612,311.895448164231,111,41:04
84.2%,4212500,16850.000001597797,-3521376.8880441394,575972.5274677415,312.1886659702,111,40:56
84.3%,4215000,16860.000001599834,-3518451.1549359057,572194.5132798665,310.14090647980447,111,40:49
84.3%,4217500,16870.00000160187,-3520343.052809082,571557.4821815535,309.7956228433813,111,40:41
84.4%,4220000,16880.00000160391,-3517821.9980197474,575013.1804921182,311.66868066145776,111,40:33
84.5%,4222500,16890.000001605946,-3520670.65722787,573311.1958049217,310.7461708130564,111,40:25
84.5%,4225000,16900.000001607983,-3517519.5554006435,575093.9065011961,311.71243577803233,111,40:17
84.5%,4227500,16910.00000161002,-3520962.5776905175,573774.9797467146,310.99755101468384,111,40:10
84.6%,4230000,16920.000001612058,-3518907.661599541,573095.1854864245,310.62908888648616,111,40:02
84.7%,4232500,16930.000001614095,-3519410.1197518706,574712.9404203056,311.50594451863844,111,39:54
84.7%,4235000,16940.000001616132,-3515930.8252233583,575104.7027092744,311.71828753942157,111,39:46
84.8%,4237500,16950.00000161817,-3518651.4560942296,575235.6856690731,311.78928293162227,111,39:38
84.8%,4240000,16960.000001620207,-3520851.84236503,576044.2034189797,312.2275157738487,111,39:31
84.8%,4242500,16970.000001622244,-3518664.294036867,572828.4716194165,310.48452461932743,111,39:23
84.9%,4245000,16980.00000162428,-3518955.1736898124,577026.1584515306,312.7597551030448,111,39:15
85.0%,4247500,16990.00000162632,-3518057.4937397595,573646.4851268602,310.9279043526581,111,39:07
85.0%,4250000,17000.000001628356,-3516826.2426730897,573489.0548992639,310.84257401068373,111,38:59
85.0%,4252500,17010.000001630393,-3521246.673604643,575344.600236674,311.8483168124803,111,38:52
85.1%,4255000,17020.00000163243,-3519391.639370015,574203.3747283797,311.22974968989206,111,38:44
85.2%,4257500,17030.000001634467,-3515558.9620158207,572306.268589424,310.20148009979846,111,38:36
85.2%,4260000,17040.000001636505,-3523508.2271373775,573665.4408830231,310.9381787528191,111,38:28
85.2%,4262500,17050.000001638542,-3521203.50833473,572269.7562639484,310.181689686822,111,38:20
85.3%,4265000,17060.00000164058,-3517976.77131545,573592.8126760169,310.89881280743845,111,38:12
85.3%,4267500,17070.000001642617,-3519617.396514682,574579.7576069747,311.4337567616863,111,38:05
85.4%,4270000,17080.000001644654,-3521386.539217878,573644.4645291572,310.9268091481626,111,37:57
85.5%,4272500,17090.00000164669,-3520394.9162629973,572936.2599522935,310.5429480583687,111,37:49
85.5%,4275000,17100.00000164873,-3519608.7436922956,573527.7859433023,310.8635670136367,111,37:41
85.5%,4277500,17110.000001650766,-3518676.415179625,571956.9914565369,310.0121648860169,111,37:33
85.6%,4280000,17120.000001652803,-3520069.5288726445,574296.8391059882,311.2804092577878,111,37:26
85.7%,4282500,17130.00000165484,-3520258.840136921,574820.6355266969,311.5643174270541,111,37:18
85.7%,4285000,17140.000001656877,-3520907.486781886,574812.1504327855,311.55971833591263,111,37:10
85.8%,4287500,17150.000001658915,-3519233.0465066303,576494.2775348274,312.4714649747454,111,37:02
85.8%,4290000,17160.000001660952,-3517947.496531602,575624.6622298474,312.00011603183225,111,36:54
85.8%,4292500,17170.00000166299,-3520564.537066035,574390.1243149082,311.3309717126597,111,36:47
85.9%,4295000,17180.000001665027,-3516061.999551205,573241.256701858,310.7082624159657,111,36:39
86.0%,4297500,17190.000001667064,-3520215.110796375,574750.701473612,311.52641176715315,111,36:31
86.0%,4300000,17200.0000016691,-3515074.029939439,574044.7247689371,311.1437582287848,111,36:23
86.0%,4302500,17210.00000167114,-3520576.4762756377,573139.9606462858,310.6533579214819,111,36:15
86.1%,4305000,17220.000001673176,-3520427.468398312,574397.1696391044,311.33479041972856,111,36:07
86.2%,4307500,17230.000001675213,-3519883.814541446,573717.1885749623,310.9662270400952,111,36:00
86.2%,4310000,17240.00000167725,-3518025.363710111,572909.6700403786,310.52853579262154,111,35:52
86.2%,4312500,17250.000001679287,-3520805.869483307,575804.3405064556,312.09750526274706,111,35:44
86.3%,4315000,17260.000001681325,-3518413.6239439473,573532.6141739578,310.8661840115237,111,35:36
86.3%,4317500,17270.000001683362,-3518231.668790279,574142.3706091411,311.1966842333025,111,35:28
86.4%,4320000,17280.0000016854,-3518336.6828634944,573404.6121388053,310.7968043402893,111,35:21
86.5%,4322500,17290.000001687436,-3522034.800890425,572716.1040621719,310.423619148803,111,35:13
86.5%,4325000,17300.000001689474,-3517372.456029078,575013.9671623551,311.66910705250956,111,35:05
86.5%,4327500,17310.00000169151,-3521815.741055906,576487.7336086818,312.46791803547984,111,34:57
86.6%,4330000,17320.00000169355,-3518929.5741413385,574100.7099666097,311.17410332918803,111,34:49
86.7%,4332500,17330.000001695586,-3520515.2745085154,572930.6788629341,310.5399229959592,111,34:42
86.7%,4335000,17340.000001697623,-3518489.1243309937,574451.8608753376,311.3644341670701,111,34:34
86.8%,4337500,17350.00000169966,-3519574.693083873,571881.5825206784,309.97129172980675,111,34:26
86.8%,4340000,17360.000001701697,-3519357.2230403963,571741.4710090819,309.89534847938006,111,34:18
86.8%,4342500,17370.000001703735,-3518885.76404728,573031.6431010321,310.5946476387145,111,34:10
86.9%,4345000,17380.000001705772,-3519132.6263349056,576899.4062556005,312.6910528697453,111,34:03
87.0%,4347500,17390.00000170781,-3517817.68183605,573287.1511746824,310.7331381410449,111,33:55
87.0%,4350000,17400.000001709846,-3520390.6108788885,575562.3924577906,311.96636456602164,111,33:47
87.0%,4352500,17410.000001711884,-3520041.164190825,573782.0106414569,311.0013619006993,111,33:39
87.1%,4355000,17420.00000171392,-3516559.1738186497,573959.2264979003,311.0974164504797,111,33:31
87.2%,4357500,17430.00000171596,-3520815.2186577413,573773.489525586,310.99674328493296,111,33:24
87.2%,4360000,17440.000001717995,-3518147.914056562,573998.7598258845,311.1188443074281,111,33:16
87.2%,4362500,17450.000001720033,-3520938.399837224,573496.7413849817,310.8467402401613,111,33:08
87.3%,4365000,17460.00000172207,-3517542.443229839,573769.653470213,310.9946640659557,111,33:00
87.3%,4367500,17470.000001724107,-3519097.6613357086,575390.7356095776,311.87332311023573,111,32:52
87.4%,4370000,17480.000001726145,-3522437.6332354285,573473.8045443456,310.83430801234095,111,32:45
87.5%,4372500,17490.00000172818,-3517653.5743251387,572376.6841332449,310.2396467373388,111,32:37
87.5%,4375000,17500.00000173022,-3516949.0745374504,575075.989065613,311.702724168458,111,32:29
87.5%,4377500,17510.000001732256,-3519656.690995721,574260.3316914395,311.26062150663233,111,32:21
87.6%,4380000,17520.000001734294,-3519078.976131145,574113.6958771198,311.1811419532286,111,32:13
87.7%,4382500,17530.00000173633,-3518455.083673876,574821.9905353324,311.5650518689209,111,32:05
87.7%,4385000,17540.000001738368,-3516930.4319840595,575035.837160978,311.6809610305541,111,31:58
87.8%,4387500,17550.000001740405,-3519511.993080586,573106.0522602615,310.6349788959324,111,31:50
87.8%,4390000,17560.000001742443,-3520891.6893319786,573149.5921921739,310.6585784125968,111,31:42
87.8%,4392500,17570.00000174448,-3520964.7287051305,573455.3361450373,310.82429776937323,111,31:34
87.9%,4395000,17580.000001746517,-3514595.88378329,573672.1381994388,310.9418088326887,111,31:26
88.0%,4397500,17590.000001748554,-3518467.4813261535,573070.7525411474,310.61584573993315,111,31:19
88.0%,4400000,17600.00000175059,-3519790.3893828075,574758.1158351785,311.53043049988105,111,31:11
88.0%,4402500,17610.00000175263,-3520775.573971713,574701.6527963064,311.4998263999605,111,31:03
88.1%,4405000,17620.000001754666,-3520693.6159500964,574437.2718634908,311.356526629941,111,30:55
88.2%,4407500,17630.000001756704,-3519803.9928993303,573963.3800096418,311.09966773717804,111,30:47
88.2%,4410000,17640.00000175874,-3515515.0929295085,573475.3380864,310.8351392229028,111,30:40
88.2%,4412500,17650.000001760778,-3517897.2476094887,574551.0471466202,311.418195116139,111,30:32
88.3%,4415000,17660.000001762815,-3517063.0354235526,573664.0951649265,310.9374493466108,111,30:24
88.3%,4417500,17670.000001764853,-3520183.64792992,571886.4331835632,309.9739208864121,111,30:16
88.4%,4420000,17680.00000176689,-3519541.00111741,572947.0969725475,310.54882194077607,111,30:08
88.5%,4422500,17690.000001768927,-3519475.823410064,573070.7887973587,310.6158653915271,111,30:01
88.5%,4425000,17700.000001770964,-3520585.2310281806,573282.0582685051,310.7303776837148,111,29:53
88.5%,4427500,17710.000001773,-3522402.780223923,573592.2573446175,310.898511806678,111,29:45
88.6%,4430000,17720.00000177504,-3519239.9142481796,572932.0731006914,310.5406787007971,111,29:37
88.7%,4432500,17730.000001777076,-3516379.6472115032,571845.7740952286,309.95188284476706,111,29:29
88.7%,4435000,17740.000001779114,-3517641.447424587,573036.9571293909,310.5975279487035,111,29:22
88.8%,4437500,17750.00000178115,-3520148.498524498,574556.1462261532,311.4209589195518,111,29:14
88.8%,4440000,17760.000001783188,-3520974.603294207,572605.6227598158,310.3637360662733,111,29:06
88.8%,4442500,17770.000001785225,-3520273.792506935,573148.3548808782,310.6579077650496,111,28:58
88.9%,4445000,17780.000001787263,-3519397.811222637,573850.9863317407,311.03874810873384,111,28:50
89.0%,4447500,17790.0000017893,-3520753.65444172,574621.0529196217,311.4561396496737,111,28:43
89.0%,4450000,17800.000001791337,-3516756.064842889,573650.4336544102,310.93004453381184,111,28:35
89.0%,4452500,17810.000001793374,-3517015.386558749,573676.3546379779,310.94409422697385,111,28:27
89.1%,4455000,17820.00000179541,-3519165.1985775083,574835.3596346538,311.57229818898537,111,28:19
89.2%,4457500,17830.00000179745,-3519944.064883679,573570.1074596768,310.8865061246337,111,28:11
89.2%,4460000,17840.000001799486,-3519768.6536673587,571939.0266941197,310.00242762434885,111,28:04
89.2%,4462500,17850.000001801523,-3520867.4650947396,574646.9038621867,311.47015137920687,111,27:56
89.3%,4465000,17860.00000180356,-3518013.574746838,574224.2904202652,311.24108641453813,111,27:48
89.3%,4467500,17870.000001805598,-3522747.595066717,574780.0790261013,311.54233499002186,111,27:40
89.4%,4470000,17880.000001807635,-3519198.8613764886,576270.9206343689,312.3504010533533,111,27:32
89.5%,4472500,17890.000001809673,-3518663.2913839314,574163.1365606654,311.20793979566844,111,27:24
89.5%,4475000,17900.00000181171,-3516112.8554793224,574214.8064107625,311.23594589110434,111,27:17
89.5%,4477500,17910.000001813747,-3518540.5568447337,572425.3825146934,310.2660422371487,111,27:09
89.6%,4480000,17920.000001815784,-3518339.850801604,571655.7352686675,309.84887798790777,111,27:01
89.7%,4482500,17930.00000181782,-3518747.6726343893,574740.0220638681,311.5206233128046,111,26:53
89.7%,4485000,17940.00000181986,-3520615.686706448,573901.892645712,311.0663403522702,111,26:45
89.8%,4487500,17950.000001821896,-3518540.266221702,571897.0697255634,309.97968610558354,111,26:38
89.8%,4490000,17960.000001823933,-3519284.3714771774,574865.3715081583,311.588565226571,111,26:30
89.8%,4492500,17970.00000182597,-3520976.204066612,573413.475191381,310.80160829261007,111,26:22
89.9%,4495000,17980.000001828008,-3517492.7726190463,573469.2248660607,310.83182573482566,111,26:14
90.0%,4497500,17990.000001830045,-3518675.9944579825,572868.2059542332,310.50606142601185,111,26:06
90.0%,4500000,18000.000001832082,-3517002.1520505454,576201.4770566181,312.31276124092415,111,25:59
90.0%,4502500,18010.00000183412,-3519510.7508199383,571990.3432122887,310.0302422067906,111,25:51
90.1%,4505000,18020.000001836157,-3518961.0598714203,572811.6034353537,310.47538172512884,111,25:43
90.2%,4507500,18030.000001838194,-3521462.402678095,572611.2878339225,310.36680665010095,111,25:35
90.2%,4510000,18040.00000184023,-3521067.3287679013,575167.9922733906,311.7525917529891,111,25:27
90.2%,4512500,18050.00000184227,-3521099.104650777,571407.1857025087,309.7141591362505,111,25:20
90.3%,4515000,18060.000001844306,-3521056.6759922635,573168.6189512352,310.66889129775325,111,25:12
90.3%,4517500,18070.000001846343,-3519178.6225509085,573423.5594716389,310.8070741748368,111,25:04
90.4%,4520000,18080.00000184838,-3521053.220912114,571944.4019127635,310.00534110070004,111,24:56
90.5%,4522500,18090.000001850418,-3516876.5158443935,571571.4327630042,309.8031843384265,111,24:48
90.5%,4525000,18100.000001852455,-3521014.721341295,574891.3571506871,311.60264996618724,111,24:41
90.5%,4527500,18110.000001854492,-3519272.374656355,575727.6737923487,312.0559503654908,111,24:33
90.6%,4530000,18120.00000185653,-3522371.901442826,575133.3273131432,311.7338026490311,111,24:25
90.7%,4532500,18130.000001858567,-3519629.913182603,570934.0378760346,309.4577035212526,111,24:17
90.7%,4535000,18140.000001860604,-3520922.9283813015,575120.33600787,311.72676110092067,111,24:09
90.8%,4537500,18150.00000186264,-3517472.424568992,574228.5614199415,311.2434013820543,111,24:02
90.8%,4540000,18160.00000186468,-3520497.102069469,573097.6897180105,310.63044623024973,111,23:54
90.8%,4542500,18170.000001866716,-3519903.3838867173,573953.821339302,311.09448674607256,111,23:46
90.9%,4545000,18180.000001868753,-3520699.7128022946,573424.9819128646,310.8078451665205,111,23:38
91.0%,4547500,18190.00000187079,-3518444.5526696555,574039.5633941826,311.14096066011217,111,23:30
91.0%,4550000,18200.000001872828,-3516954.350552421,572811.4361048373,310.4752910286317,111,23:23
91.0%,4552500,18210.000001874865,-3520059.2633645013,573217.1713514366,310.69520767279846,111,23:15
91.1%,4555000,18220.000001876902,-3521966.3543436415,573577.5283850427,310.8905284150725,111,23:07
91.2%,4557500,18230.00000187894,-3522801.081217613,573047.2928698951,310.603130127429,111,22:59
91.2%,4560000,18240.000001880977,-3517784.5747308154,572430.2747498944,310.2686939267835,111,22:51
91.2%,4562500,18250.000001883014,-3517275.245709909,575223.6105522732,311.7827379760464,111,22:44
91.3%,4565000,18260.00000188505,-3519798.118363198,570834.2220120099,309.4036013202856,111,22:36
91.3%,4567500,18270.00000188709,-3518444.961840786,573596.7923482256,310.9009698696221,111,22:28
91.4%,4570000,18280.000001889126,-3520472.5655704737,572885.0336933299,310.5151823982273,111,22:20
91.5%,4572500,18290.000001891163,-3519450.902229417,573909.4892840912,311.0704578826876,111,22:12
91.5%,4575000,18300.0000018932,-3520320.8707087226,573688.1273853311,310.95047529224297,111,22:05
91.5%,4577500,18310.000001895238,-3523450.2219555676,574715.9605678013,311.5075814991761,111,21:57
91.6%,4580000,18320.000001897275,-3519897.2186280433,571492.847369723,309.76058947856217,111,21:49
91.7%,4582500,18330.000001899312,-3519719.020440433,573411.8870780867,310.80074750334137,111,21:41
91.7%,4585000,18340.00000190135,-3520983.2516545393,574328.597901392,311.2976231620925,111,21:33
91.8%,4587500,18350.000001903387,-3518675.61876408,572121.6174963043,310.1013955025619,111,21:26
91.8%,4590000,18360.000001905424,-3521447.9292852096,573150.2152373064,310.6589161155591,111,21:18
91.8%,4592500,18370.00000190746,-3516329.1376701742,574048.4864619258,311.1457971418578,111,21:10
91.9%,4595000,18380.0000019095,-3516933.640562877,575787.6608956134,312.0884645790175,111,21:02
92.0%,4597500,18390.000001911536,-3518438.2775339913,577039.6982511969,312.76709394612107,111,20:54
92.0%,4600000,18400.000001913573,-3519865.212603513,572041.7795764203,310.0581217481486,111,20:47
92.0%,4602500,18410.00000191561,-3517801.5417934135,572989.327171599,310.5717115559519,111,20:39
92.1%,4605000,18420.000001917648,-3520179.2006036304,576562.1227444808,312.5082384395968,111,20:31
92.2%,4607500,18430.000001919685,-3520051.774848938,572151.6719098629,310.11768559771036,111,20:23
92.2%,4610000,18440.000001921722,-3515561.2497504745,573632.018524946,310.9200631641684,111,20:15
92.2%,4612500,18450.00000192376,-3520408.8905742504,575003.3127271221,311.66333213484694,111,20:08
92.3%,4615000,18460.000001925797,-3520814.6255092677,573876.3637650108,311.05250318672887,111,20:00
92.3%,4617500,18470.000001927834,-3519030.1366853584,573293.2600365586,310.7364492667475,111,19:52
92.4%,4620000,18480.00000192987,-3520161.8798421565,575680.651031685,312.0304630857652,111,19:44
92.5%,4622500,18490.00000193191,-3520676.34328717,573088.3099441845,310.625362204644,111,19:36
92.5%,4625000,18500.000001933946,-3519688.629107153,574431.4067646135,311.3533476286745,111,19:29
92.5%,4627500,18510.000001935983,-3519545.7965140473,575582.2693550958,311.97713824316315,111,19:21
92.6%,4630000,18520.00000193802,-3518826.499891596,573299.4597332777,310.7398096267575,111,19:13
92.7%,4632500,18530.000001940058,-3521151.6957150362,573596.5324553632,310.90082900247626,111,19:05
92.7%,4635000,18540.000001942095,-3521490.326704195,575022.391334322,311.67367312273484,111,18:57
92.8%,4637500,18550.000001944132,-3517105.28104217,574289.0522509525,311.27618862612616,111,18:50
92.8%,4640000,18560.00000194617,-3520690.807061011,573296.9472881464,310.7384478310876,111,18:42
92.8%,4642500,18570.000001948207,-3519742.627708487,574617.3940621689,311.45415647552437,111,18:34
92.9%,4645000,18580.000001950244,-3519175.567877181,574225.850816901,311.2419321808219,111,18:26
93.0%,4647500,18590.00000195228,-3521005.313971866,574133.7044735615,311.1919870139445,111,18:18
93.0%,4650000,18600.00000195432,-3517710.6571358405,573465.2078982729,310.82964845768987,111,18:11
93.0%,4652500,18610.000001956356,-3517916.4580287524,574110.1933412339,311.17924350850495,111,18:03
93.1%,4655000,18620.000001958393,-3519400.346461188,574876.5967062525,311.594649509156,111,17:55
93.2%,4657500,18630.00000196043,-3519947.327470895,574087.3627019883,311.16686884396904,111,17:47
93.2%,4660000,18640.000001962468,-3517530.5603520945,576590.0365618956,312.5233682886873,111,17:39
93.2%,4662500,18650.000001964505,-3520864.7274240013,574559.3332211997,311.42268633480955,111,17:32
93.3%,4665000,18660.000001966542,-3519273.013892986,574931.9900248842,311.6246737992438,111,17:24
93.3%,4667500,18670.00000196858,-3517106.889442237,574520.3322802517,311.40154704231645,111,17:16
93.4%,4670000,18680.000001970617,-3520867.452540666,576080.1700592868,312.24701041451544,111,17:08
93.5%,4672500,18690.000001972654,-3519519.348812267,573374.7995114697,310.7806452981248,111,17:01
93.5%,4675000,18700.00000197469,-3519644.37139738,570873.4614402954,309.4248698777006,111,16:53
93.5%,4677500,18710.00000197673,-3518323.3691784292,573768.9403642818,310.9942775482336,111,16:45
93.6%,4680000,18720.000001978766,-3516720.5961864423,573153.3500041533,310.66061522208486,111,16:37
93.7%,4682500,18730.000001980803,-3522548.5005474035,574904.3499623238,311.6096923307769,111,16:29
93.7%,4685000,18740.00000198284,-3519776.7683867365,573983.0652200821,311.1103375161928,111,16:22
93.8%,4687500,18750.000001984878,-3522366.192355059,575460.0504166882,311.9108931263943,111,16:14
93.8%,4690000,18760.000001986915,-3516759.5393989775,574441.5255028456,311.3588321878147,111,16:06
93.8%,4692500,18770.000001988952,-3517961.1037227623,573682.0084179358,310.9471586891462,111,15:58
93.9%,4695000,18780.00000199099,-3521414.339285845,573643.0251338142,310.9260289670072,111,15:50
94.0%,4697500,18790.000001993027,-3519897.6234400216,573990.225516683,311.1142185406119,111,15:43
94.0%,4700000,18800.000001995064,-3520955.0297281053,574238.8777120172,311.24899301934136,111,15:35
94.0%,4702500,18810.0000019971,-3519594.700682558,572377.237735529,310.23994680088396,111,15:27
94.1%,4705000,18820.00000199914,-3518519.7503578663,575338.5088633881,311.84501516594446,111,15:19
94.2%,4707500,18830.000002001176,-3521479.066480769,573411.7250115785,310.80065966004224,111,15:11
94.2%,4710000,18840.000002003213,-3518774.1679117475,575930.6612338627,312.1659736314503,111,15:04
94.2%,4712500,18850.00000200525,-3518861.2127220277,575023.8938199773,311.6744875001053,111,14:56
94.3%,4715000,18860.000002007288,-3520365.129370624,573528.1760010833,310.86377843278,111,14:48
94.3%,4717500,18870.000002009325,-3520264.393548427,575755.0870026394,312.0708088754761,111,14:40
94.4%,4720000,18880.000002011362,-3520239.528005434,572337.3556831116,310.21832992829616,111,14:32
94.5%,4722500,18890.0000020134,-3522316.4902118146,573604.3177540414,310.90504879056095,111,14:25
94.5%,4725000,18900.000002015437,-3517977.4959664624,575316.3501345344,311.8330046903219,111,14:17
94.5%,4727500,18910.000002017474,-3519685.0230310615,574698.691480037,311.49822130712784,111,14:09
94.6%,4730000,18920.00000201951,-3517682.6361001246,576262.3434351555,312.3457520392902,111,14:01
94.7%,4732500,18930.00000202155,-3521107.2902021613,573532.4883891364,310.8661158336268,111,13:53
94.7%,4735000,18940.000002023586,-3520272.021995647,572734.0913336123,310.43336861081315,111,13:46
94.8%,4737500,18950.000002025623,-3521195.5701206066,573787.2107459698,311.0041804616781,111,13:38
94.8%,4740000,18960.00000202766,-3518165.0273866,574090.954479062,311.1688156592069,111,13:30
94.8%,4742500,18970.000002029697,-3520225.4034035746,574113.0234485014,311.1807774834261,111,13:22
94.9%,4745000,18980.000002031735,-3518369.597021587,574076.4056658405,311.1609299105393,111,13:14
95.0%,4747500,18990.000002033772,-3517582.729010837,575053.9380366525,311.6907720683384,111,13:07
95.0%,4750000,19000.00000203581,-3513693.0906007625,573491.7947264033,310.84405905196405,111,12:59
95.0%,4752500,19010.000002037847,-3520803.7258603834,573010.6450888598,310.5832662948214,111,12:51
95.1%,4755000,19020.000002039884,-3519331.5086651463,573581.9501827538,310.8929251181491,111,12:43
95.2%,4757500,19030.00000204192,-3517964.32637172,571917.6694719183,309.9908515814129,111,12:35
95.2%,4760000,19040.00000204396,-3518466.074672617,572438.4652246782,310.2731333284467,111,12:28
95.2%,4762500,19050.000002045996,-3519612.488506656,573633.8421034738,310.92105158031814,111,12:20
95.3%,4765000,19060.000002048033,-3518825.3618620615,574432.8549143216,311.3541325548714,111,12:12
95.3%,4767500,19070.00000205007,-3520782.0999852363,574203.3869113711,311.22975629331796,111,12:04
95.4%,4770000,19080.000002052107,-3521910.2196585163,574651.6528469704,311.4727254242414,111,11:56
95.5%,4772500,19090.000002054145,-3520732.4943593536,570420.5545927249,309.17938527937525,111,11:49
95.5%,4775000,19100.000002056182,-3518838.5424138103,574645.2836948454,311.4692732160015,111,11:41
95.5%,4777500,19110.00000205822,-3518312.3378905915,575764.4148137283,312.0758647362357,111,11:33
95.6%,4780000,19120.000002060257,-3515636.809249159,573312.2805402525,310.7467587613694,111,11:25
95.7%,4782500,19130.000002062294,-3516836.540643811,574932.2101475027,311.62479311011947,111,11:18
95.7%,4785000,19140.00000206433,-3518152.9314231053,573792.8906310592,311.00725907335544,111,11:10
95.8%,4787500,19150.00000206637,-3519563.266018981,573828.2918860791,311.0264472638529,111,11:02
95.8%,4790000,19160.000002068406,-3519875.014675146,574976.7360049763,311.6489270182192,111,10:54
95.8%,4792500,19170.000002070443,-3520705.581072172,576131.52636778,312.27484656411133,111,10:46
95.9%,4795000,19180.00000207248,-3517304.325257905,575299.347000583,311.82378865057615,111,10:39
96.0%,4797500,19190.000002074517,-3520563.1680770125,571499.1279836613,309.76399369732843,111,10:31
96.0%,4800000,19200.000002076555,-3516419.0967396703,573476.2902024251,310.8356552888913,111,10:23
96.0%,4802500,19210.000002078592,-3518491.6395703983,574983.3958585055,311.6525367924526,111,10:15
96.1%,4805000,19220.00000208063,-3518259.4829473216,574017.8163826517,311.12917334353904,111,10:07
96.2%,4807500,19230.000002082666,-3518518.653074337,571434.4887504627,309.728957936039,111,10:00
96.2%,4810000,19240.000002084704,-3522242.9769878183,573255.6477457006,310.7160626504645,111,9:52
96.2%,4812500,19250.00000208674,-3519898.5597015973,573321.4086431006,310.7517063762557,111,9:44
96.3%,4815000,19260.00000208878,-3519363.6581215076,572321.7052747582,310.20984709296505,111,9:36
96.3%,4817500,19270.000002090816,-3520989.9352674168,575462.4170556765,311.91217589220923,111,9:28
96.4%,4820000,19280.000002092853,-3518679.280487098,572031.2650230695,310.0524226492726,111,9:21
96.5%,4822500,19290.00000209489,-3519414.2536337916,571548.4946270094,309.79075140849574,111,9:13
96.5%,4825000,19300.000002096927,-3519987.8741132338,574269.9671925532,311.2658441415588,111,9:05
96.5%,4827500,19310.000002098965,-3520223.632779043,574650.903477163,311.47231925077074,111,8:57
96.6%,4830000,19320.000002101002,-3517336.347921932,571867.9258225879,309.9638895254392,111,8:49
96.7%,4832500,19330.00000210304,-3517801.7688559014,574948.4853159806,311.633614577973,111,8:42
96.7%,4835000,19340.000002105076,-3518418.1672919895,573883.0852083835,311.0561463438932,111,8:34
96.8%,4837500,19350.000002107114,-3518880.0687416606,574215.1571464252,311.23613599687053,111,8:26
96.8%,4840000,19360.00000210915,-3518758.6282988135,574408.6367197507,311.34100580750976,111,8:18
96.8%,4842500,19370.00000211119,-3518459.344566833,575049.189784423,311.68819842036294,111,8:10
96.9%,4845000,19380.000002113225,-3518530.5277770814,574236.0866470383,311.24748020612395,111,8:03
97.0%,4847500,19390.000002115263,-3519997.9107037783,574561.9875368476,311.42412502714586,111,7:55
97.0%,4850000,19400.0000021173,-3522360.6235944163,575078.6747595142,311.7041798684371,111,7:47
97.0%,4852500,19410.000002119337,-3521084.330486238,572206.8836040252,310.1476114436917,111,7:39
97.1%,4855000,19420.000002121375,-3519091.731477242,574400.8925213835,311.33680829661824,111,7:31
97.2%,4857500,19430.000002123412,-3517959.9170820694,575393.5099603785,311.87482686403337,111,7:24
97.2%,4860000,19440.00000212545,-3517891.510732474,574801.17636944,311.55377017340015,111,7:16
97.2%,4862500,19450.000002127486,-3522353.2015208323,573768.5035588088,310.99404079090334,111,7:08
97.3%,4865000,19460.000002129524,-3519390.803334458,573592.2807325821,310.898524483424,111,7:00
97.3%,4867500,19470.00000213156,-3520952.2691392973,575328.9726520255,311.83984634805523,111,6:53
97.4%,4870000,19480.000002133598,-3515012.6132956017,572464.3816543707,310.28718055331694,111,6:45
97.5%,4872500,19490.000002135635,-3518858.776876582,575059.1646958052,311.69360502246474,111,6:37
97.5%,4875000,19500.000002137673,-3521302.8362405263,575890.9145864502,312.1444301510919,111,6:29
97.5%,4877500,19510.00000213971,-3518203.5131506547,571013.9820512156,309.5010348681687,111,6:21
97.6%,4880000,19520.000002141747,-3519876.256375104,575112.146209936,311.7223220661236,111,6:14
97.7%,4882500,19530.000002143785,-3519298.535724066,573865.1600753963,311.04643056217145,111,6:06
97.7%,4885000,19540.00000214582,-3518811.7848784924,575633.180489312,312.00473309936905,111,5:58
97.8%,4887500,19550.00000214786,-3518848.718327854,573964.4448360063,311.10024489443185,111,5:50
97.8%,4890000,19560.000002149896,-3518578.724447524,573882.3312209095,311.05573766755464,111,5:42
97.8%,4892500,19570.000002151934,-3520637.7828273997,575293.1728960006,311.8204421620177,111,5:35
97.9%,4895000,19580.00000215397,-3515152.3520884644,576661.9022889022,312.56232095461013,111,5:27
98.0%,4897500,19590.000002156008,-3521265.065746708,574156.4494235443,311.2043152331808,111,5:19
98.0%,4900000,19600.000002158045,-3517035.58747801,573563.370597457,310.8828546101449,111,5:11
98.0%,4902500,19610.000002160083,-3519845.0753930937,573643.097089887,310.9260679686424,111,5:03
98.1%,4905000,19620.00000216212,-3519713.413232209,575609.2669209209,311.99177146550875,111,4:56
98.2%,4907500,19630.000002164157,-3520787.1868077368,573743.7311249109,310.9806136347064,111,4:48
98.2%,4910000,19640.000002166194,-3522404.6417252477,575096.7429997984,311.7139732171851,111,4:40
98.2%,4912500,19650.00000216823,-3520482.2780519575,573466.4557036362,310.83032479323225,111,4:32
98.3%,4915000,19660.00000217027,-3519054.3130092975,573259.9084873083,310.7183720579017,111,4:24
98.3%,4917500,19670.000002172306,-3518204.5956770685,573748.3158974872,310.9830986734298,111,4:17
98.4%,4920000,19680.000002174344,-3517931.8884794917,573203.8039643746,310.68796228081294,111,4:09
98.5%,4922500,19690.00000217638,-3522759.978528289,575448.9062974328,311.90485279016673,111,4:01
98.5%,4925000,19700.000002178418,-3518536.200116588,572297.8493062081,310.19691667937434,111,3:53
98.5%,4927500,19710.000002180455,-3517840.448547043,572834.9377826592,310.4880294095395,111,3:45
98.6%,4930000,19720.000002182493,-3518455.5388831757,574899.00962605,311.6067977613701,111,3:38
98.7%,4932500,19730.00000218453,-3520015.164047422,573208.9965713173,310.69077677795826,111,3:30
98.7%,4935000,19740.000002186567,-3520152.1107097436,573947.6213969986,311.0911262529509,111,3:22
98.8%,4937500,19750.000002188604,-3520718.422546476,573716.3498425613,310.96577243030583,111,3:14
98.8%,4940000,19760.00000219064,-3520479.299489621,575510.8337587764,311.9384187167028,111,3:07
98.8%,4942500,19770.00000219268,-3522097.547207983,573904.4383880807,311.06772019571076,111,2:59
98.9%,4945000,19780.000002194716,-3520385.524297094,572807.2106358411,310.47300073965766,111,2:51
99.0%,4947500,19790.000002196753,-3520362.9158277493,576081.0680323732,312.2474971339449,111,2:43
99.0%,4950000,19800.00000219879,-3522019.102419723,574294.8578878376,311.27933539779985,111,2:35
99.0%,4952500,19810.000002200828,-3519550.387216294,573136.8055756893,310.65164780991654,111,2:28
99.1%,4955000,19820.000002202865,-3521634.3295343127,573701.2905504978,310.95760999186376,111,2:20
99.2%,4957500,19830.000002204903,-3521824.537189007,574265.5523557637,311.26345121144135,111,2:12
99.2%,4960000,19840.00000220694,-3519073.969446266,573149.9624766483,310.65877911421114,111,2:04
99.2%,4962500,19850.000002208977,-3519985.4725246727,573877.2883657307,311.05300433886987,111,1:56
99.3%,4965000,19860.000002211014,-3523434.7331865057,573824.3001913762,311.02428368523624,111,1:49
99.3%,4967500,19870.00000221305,-3518248.531418858,572728.2479022967,310.4302013537998,111,1:41
99.4%,4970000,19880.00000221509,-3519998.1455908343,574068.8183196273,311.1568174166623,111,1:33
99.5%,4972500,19890.000002217126,-3518480.2791663967,573805.1672353065,311.0139132391704,111,1:25
99.5%,4975000,19900.000002219163,-3520547.9961647782,574838.086347528,311.57377612207085,111,1:17
99.5%,4977500,19910.0000022212,-3519968.388628807,573942.5543005266,311.08837978499895,111,1:10
99.6%,4980000,19920.000002223238,-3521270.98441956,574057.4521077478,311.1506567017765,111,1:02
99.7%,4982500,19930.000002225275,-3518871.854006158,573299.984552045,310.74009408905914,111,0:54
99.7%,4985000,19940.000002227313,-3521922.2832342964,574486.2202203202,311.38305762142284,111,0:46
99.8%,4987500,19950.00000222935,-3520480.8828313425,574127.4777104033,311.18861198338146,111,0:38
99.8%,4990000,19960.000002231387,-3521693.2080256306,573452.1968796572,310.8225962245523,111,0:31
99.8%,4992500,19970.000002233424,-3521407.2808851656,574798.9999475761,311.552590509083,111,0:23
99.9%,4995000,19980.00000223546,-3520053.9181312863,573575.9998201346,310.88969990222375,111,0:15
100.0%,4997500,19990.0000022375,-3520866.771254996,574618.6154683278,311.4548185021683,111,0:07
100.0%,5000000,20000.000002239536,-3516104.1499942504,574832.400486847,311.570694271503,111,0:00
100.0%,5002500,20010.000002241573,-3519883.0461251345,573091.4506523064,310.62706453146,111,23:59:53
100.1%,5005000,20020.00000224361,-3519955.2066145353,574245.0062829512,311.25231482774876,111,23:59:45
100.2%,5007500,20030.000002245648,-3519064.4519748725,572792.145766733,310.4648352783455,111,23:59:37
100.2%,5010000,20040.000002247685,-3519921.321551608,574946.0358826392,311.6322869359575,111,23:59:29
100.2%,5012500,20050.000002249722,-3519615.648103902,572900.9944977956,310.5238334744789,111,23:59:22
100.3%,5015000,20060.00000225176,-3520838.9961319026,573059.818267321,310.6099191441383,111,23:59:14
100.3%,5017500,20070.000002253797,-3519502.260571651,575001.4799860562,311.66233875241784,111,23:59:06
100.4%,5020000,20080.000002255834,-3519608.7807572223,574666.1031720748,311.4805577903735,111,23:58:58
100.5%,5022500,20090.00000225787,-3518894.204969326,576083.2667127002,312.24868886279563,111,23:58:50
100.5%,5025000,20100.00000225991,-3521064.5971336663,573631.8814951357,310.919988891262,111,23:58:43
100.5%,5027500,20110.000002261946,-3516182.6701625716,572312.1861743105,310.204687549535,111,23:58:35
100.6%,5030000,20120.000002263983,-3516905.3132886924,573122.4380364356,310.6438603153765,111,23:58:27
100.7%,5032500,20130.00000226602,-3521046.0573830493,573055.6652515681,310.6076681262758,111,23:58:19
100.7%,5035000,20140.000002268058,-3517685.130487267,573658.7460825711,310.9345500366523,111,23:58:11
100.8%,5037500,20150.000002270095,-3519569.6088239197,574322.4622709868,311.29429752731005,111,23:58:04
100.8%,5040000,20160.000002272132,-3522362.285030855,576251.0537055156,312.3396327793127,111,23:57:56
100.8%,5042500,20170.00000227417,-3518461.7503641397,574262.2646439222,311.26166920565987,111,23:57:48
100.9%,5045000,20180.000002276207,-3518501.367065316,574539.1750470281,311.41176019996306,111,23:57:40
101.0%,5047500,20190.000002278244,-3519589.1902332082,574457.278157662,311.3673704427801,111,23:57:32
101.0%,5050000,20200.00000228028,-3522437.007415287,573902.3011672357,311.0665617791324,111,23:57:25
101.0%,5052500,20210.00000228232,-3519507.2022011075,574578.6090840703,311.43313423922865,111,23:57:17
101.1%,5055000,20220.000002284356,-3523356.570766844,572909.5831585177,310.52848870090975,111,23:57:09
101.2%,5057500,20230.000002286393,-3517799.122032538,571203.2921859429,309.6036447594338,111,23:57:01
101.2%,5060000,20240.00000228843,-3523150.0655291416,573797.8587568004,311.0099518971857,111,23:56:54
101.2%,5062500,20250.000002290468,-3519655.6315810643,573895.1608641054,311.06269159157563,111,23:56:46
101.3%,5065000,20260.000002292505,-3516648.0254577827,575350.3963501903,311.85145842229707,111,23:56:38
101.3%,5067500,20270.000002294542,-3522028.0184981544,573853.6724080244,311.04020401597194,111,23:56:30
101.4%,5070000,20280.00000229658,-3518617.1954188384,573754.3429853532,310.98636547597823,111,23:56:22
101.5%,5072500,20290.000002298617,-3520555.9907207172,574480.8316733004,311.38013692082444,111,23:56:15
101.5%,5075000,20300.000002300654,-3520609.0217122156,573917.4134002884,311.0747529126528,111,23:56:07
101.5%,5077500,20310.00000230269,-3518517.6541675963,572438.8451172713,310.2733392378542,111,23:55:59
101.6%,5080000,20320.00000230473,-3519680.092875283,572301.2417539486,310.1987554541144,111,23:55:51
101.7%,5082500,20330.000002306766,-3517466.818529753,574308.1758906165,311.2865540225131,111,23:55:43
101.7%,5085000,20340.000002308803,-3522145.1632774845,571834.0377585456,309.9455215148116,111,23:55:36
101.8%,5087500,20350.00000231084,-3516781.6142727267,574709.654160114,311.5041632996804,111,23:55:28
101.8%,5090000,20360.000002312878,-3521416.432827864,573158.3418311751,310.6633208924847,111,23:55:20
101.8%,5092500,20370.000002314915,-3520498.565809859,573025.4276617876,310.5912787459399,111,23:55:12
101.9%,5095000,20380.000002316952,-3518392.542094955,574745.789814496,311.52374954936676,111,23:55:04
102.0%,5097500,20390.00000231899,-3521588.9894712754,572549.8391615001,310.3335002367664,111,23:54:57
102.0%,5100000,20400.000002321027,-3521602.6232872643,572300.0415993552,310.19810494624534,111,23:54:49
102.0%,5102500,20410.000002323064,-3521127.836553028,573900.7126334086,311.06570076192645,111,23:54:41
102.1%,5105000,20420.0000023251,-3518281.904202625,574022.6133936319,311.13177341973557,111,23:54:33
102.2%,5107500,20430.00000232714,-3522066.96074347,574389.5950365383,311.33068483316396,111,23:54:26
102.2%,5110000,20440.000002329176,-3523194.983690979,576691.5166962643,312.578372557572,111,23:54:18
102.2%,5112500,20450.000002331213,-3520324.0100301392,574328.1537266637,311.297382410478,111,23:54:10
102.3%,5115000,20460.00000233325,-3520492.066595407,574713.5504952639,311.5062751915061,111,23:54:02
102.3%,5117500,20470.000002335288,-3521367.7729967255,575505.678767405,311.93562460795175,111,23:53:54
102.4%,5120000,20480.000002337325,-3517503.0565190017,572418.4819091302,310.2623019704825,111,23:53:47
102.5%,5122500,20490.000002339362,-3519441.0096268896,576356.1764478334,312.3966114147897,111,23:53:39
102.5%,5125000,20500.0000023414,-3517809.42050202,573651.3428802537,310.93053735246133,111,23:53:31
102.5%,5127500,20510.000002343437,-3516109.1448804047,573414.1230911019,310.80195946725803,111,23:53:23
102.6%,5130000,20520.000002345474,-3519991.895132009,574878.8157671221,311.59585228466966,111,23:53:15
102.7%,5132500,20530.00000234751,-3519850.20820996,570792.796435289,309.3811478265566,111,23:53:08
102.7%,5135000,20540.00000234955,-3520689.734706534,574564.6722703453,311.425580206567,111,23:53:00
102.8%,5137500,20550.000002351586,-3519001.1262954995,574744.0488338945,311.52280590295044,111,23:52:52
102.8%,5140000,20560.000002353623,-3519865.6431988757,574626.2748831349,311.4589700586692,111,23:52:44
102.8%,5142500,20570.00000235566,-3517050.827582281,573258.8906030015,310.717820344185,111,23:52:36
102.9%,5145000,20580.000002357698,-3518943.737627672,575696.521284556,312.03906508123566,111,23:52:29
103.0%,5147500,20590.000002359735,-3518002.792371845,575287.589449168,311.81741582181036,111,23:52:21
103.0%,5150000,20600.000002361772,-3520327.7149653956,574078.6346387559,311.16213805858075,111,23:52:13
