#"Progress (%)","Step","Time (ps)","Potential Energy (kJ/mole)","Kinetic Energy (kJ/mole)","Temperature (K)","Speed (ns/day)","Time Remaining"
3.0%,152500,610.0000000014564,-3518721.966085812,572722.8972423256,310.41890757529853,0,--
3.1%,155000,620.0000000015042,-3521335.334062962,573241.999759035,310.7002639466474,112,4:09:33
3.1%,157500,630.0000000015519,-3519824.9414337873,573678.8195571157,310.93702263951684,112,4:09:13
3.2%,160000,640.0000000015997,-3520137.62301537,574477.6288686026,311.36998160628195,112,4:09:05
3.2%,162500,650.0000000016474,-3517697.1321600154,572947.6121946031,310.5407042946853,112,4:08:55
3.3%,165000,660.0000000016952,-3515937.214411797,571855.3301724298,309.9486815316357,112,4:08:43
3.4%,167500,670.0000000017429,-3514588.2833124604,573635.2697559034,310.91341841174363,112,4:08:36
3.4%,170000,680.0000000017907,-3517723.5463945195,573114.8072923874,310.631324941871,112,4:08:28
3.5%,172500,690.0000000018384,-3515363.468649216,574812.4780012456,311.55147164702953,112,4:08:21
3.5%,175000,700.0000000018862,-3516000.110611636,576109.3923083125,312.2544062151373,112,4:08:14
3.5%,177500,710.0000000019339,-3516906.446381066,575298.9992495184,311.8151687946871,112,4:08:09
3.6%,180000,720.0000000019817,-3513963.550703302,574405.838664613,311.3310709274801,112,4:07:58
3.6%,182500,730.0000000020294,-3516663.2134384345,572539.2065515278,310.31934622749185,112,4:07:50
3.7%,185000,740.0000000020772,-3519113.013740469,574728.5551324266,311.505984998277,112,4:07:40
3.8%,187500,750.0000000021249,-3515560.441068245,573290.9358356112,310.7267875647967,112,4:07:33
3.8%,190000,760.0000000021727,-3519709.6820814777,575230.6389337108,311.77811713382863,112,4:07:26
3.9%,192500,770.0000000022204,-3519976.0565231107,574299.0008983653,311.2731642803981,112,4:07:19
3.9%,195000,780.0000000022682,-3516984.757566491,572738.481610388,310.42735438706825,112,4:07:17
4.0%,197500,790.0000000023159,-3518412.540717352,572655.9363600047,310.382614414958,112,4:07:09
4.0%,200000,800.0000000023637,-3519831.9910211023,573831.1339282683,311.0195778523936,112,4:07:00
4.0%,202500,810.0000000024114,-3517645.5441137124,573668.9785376873,310.9316887537667,112,4:07:08
4.1%,205000,820.0000000024592,-3515759.0386875663,572493.0893502149,310.29435045497974,112,4:07:01
4.2%,207500,830.0000000025069,-3515523.4325583335,573973.6343251974,311.09681383816746,112,4:06:53
4.2%,210000,840.0000000025547,-3517122.774054,572614.8260564404,310.3603324081027,112,4:06:44
4.2%,212500,850.0000000026024,-3515443.795318391,574428.7059490927,311.34346511933376,112,4:06:36
4.3%,215000,860.0000000026502,-3517835.379923161,573537.3329420567,310.86033612899905,112,4:06:29
4.3%,217500,870.0000000026979,-3520136.8078756575,575075.9435929554,311.69427142255097,112,4:06:21
4.4%,220000,880.0000000027457,-3514131.6460741498,573319.8045107424,310.74243454283885,112,4:06:12
4.5%,222500,890.0000000027934,-3519582.376206925,574680.2752873464,311.47981706114746,112,4:06:04
4.5%,225000,900.0000000028411,-3516189.303145282,574513.1144164673,311.38921496512944,112,4:05:55
4.5%,227500,910.0000000028889,-3520917.3698064014,575639.6245606722,311.99978955542497,112,4:05:47
4.6%,230000,920.0000000029366,-3519479.662640376,575398.0500213883,311.86885484870453,112,4:05:40
4.7%,232500,930.0000000029844,-3519604.994040644,573060.674830775,310.60198485493015,112,4:05:32
4.7%,235000,940.0000000030321,-3520436.5225447565,573732.5206643163,310.9661289300337,112,4:05:24
4.8%,237500,950.0000000030799,-3520247.2650093324,574421.1880402521,311.33939037208546,112,4:05:17
4.8%,240000,960.0000000031276,-3514919.218474943,572404.295103208,310.2462234929051,112,4:05:08
4.8%,242500,970.0000000031754,-3518904.4433197826,573862.1302284909,311.0363780147414,112,4:05:01
4.9%,245000,980.0000000032231,-3519233.1627264284,573675.6747294513,310.93531812591556,112,4:04:55
5.0%,247500,990.0000000032709,-3518847.2205875237,573319.1978976431,310.7421057552585,112,4:04:49
5.0%,250000,1000.0000000033186,-3518078.075707298,574204.3640365484,311.22187058949976,112,4:04:40
5.0%,252500,1010.0000000033664,-3518368.7109784745,575963.8301059266,312.1755107142477,112,4:04:37
5.1%,255000,1020.0000000034141,-3518037.359880533,574698.9195687198,311.4899223624796,112,4:04:30
5.2%,257500,1030.0000000032912,-3515404.203283619,574409.0987423094,311.3328379072219,112,4:04:20
5.2%,260000,1040.0000000030548,-3519595.7990051415,574595.867043582,311.4340673365496,112,4:04:13
5.2%,262500,1050.0000000028183,-3516117.9200455956,572894.358212101,310.51184034817317,112,4:04:05
5.3%,265000,1060.0000000025818,-3517401.405605452,572052.3874883922,310.055487662568,112,4:03:57
5.3%,267500,1070.0000000023454,-3517775.5264041144,574000.2072823666,311.11121652465897,112,4:03:50
5.4%,270000,1080.000000002109,-3519927.5716148037,574746.8700109335,311.51591176147406,112,4:03:42
5.5%,272500,1090.0000000018724,-3517738.8870803434,572169.7036916021,310.11907367915063,112,4:03:34
5.5%,275000,1100.000000001636,-3516322.0131626576,573778.4522485104,310.9910240970637,112,4:03:28
5.5%,277500,1110.0000000013995,-3517466.569685273,575033.1728266325,311.67108943590085,112,4:03:18
5.6%,280000,1120.000000001163,-3517856.600050213,573745.2407029057,310.9730232597388,112,4:03:10
5.7%,282500,1130.0000000009265,-3522197.6471178737,572137.3631578034,310.101544934935,112,4:03:03
5.7%,285000,1140.00000000069,-3524278.1933797617,573219.9928148827,310.6883360639039,112,4:02:56
5.8%,287500,1150.0000000004536,-3519379.0033666734,574115.9942864808,311.17397370706186,112,4:02:47
5.8%,290000,1160.0000000002171,-3518970.444930842,574240.5966468381,311.2415088602217,112,4:02:39
5.8%,292500,1169.9999999999807,-3519580.5422722083,572600.4895467699,310.3525619423298,112,4:02:30
5.9%,295000,1179.9999999997442,-3516339.026570538,573747.7567460855,310.9743869687489,112,4:02:22
6.0%,297500,1189.9999999995077,-3516161.527569765,572467.6878514304,310.2805827052679,112,4:02:14
6.0%,300000,1199.9999999992713,-3520082.431131318,575260.0252451324,311.79404467353953,112,4:02:07
6.0%,302500,1209.9999999990348,-3515710.3137434144,574532.8172271266,311.3998939950591,112,4:02:00
6.1%,305000,1219.9999999987983,-3518964.224302659,574828.5847507557,311.5602015923688,112,4:01:52
6.2%,307500,1229.9999999985619,-3520361.1047384255,574216.4461331166,311.2284191511793,112,4:01:44
6.2%,310000,1239.9999999983254,-3517806.223971911,572954.7172161099,310.5445552547658,112,4:01:37
6.2%,312500,1249.999999998089,-3519161.2354286704,572481.6617477477,310.2881566326423,112,4:01:29
6.3%,315000,1259.9999999978525,-3518250.7413601484,573181.0305873884,310.66721832589536,112,4:01:21
6.3%,317500,1269.999999997616,-3518663.6078441627,576304.1782348917,312.3599812407403,112,4:01:12
6.4%,320000,1279.9999999973795,-3518122.8005226925,573515.9452151468,310.8487438653496,112,4:01:04
6.5%,322500,1289.999999997143,-3516366.1340495255,574392.7675480873,311.3239863116349,112,4:00:57
6.5%,325000,1299.9999999969066,-3520279.603186872,575034.2204050492,311.671657229068,112,4:00:50
6.5%,327500,1309.99999999667,-3519283.264641322,573760.6864658119,310.9813949467642,112,4:00:42
6.6%,330000,1319.9999999964336,-3518229.7646318637,573850.9440235347,311.0303150311604,112,4:00:34
6.7%,332500,1329.9999999961972,-3521055.105480863,573984.6447688631,311.10278155817844,112,4:00:27
6.7%,335000,1339.9999999959607,-3521250.8068210594,575209.7969684831,311.76682067596244,112,4:00:19
6.8%,337500,1349.9999999957242,-3516472.5261253044,575369.5573715229,311.85341167839,112,4:00:11
6.8%,340000,1359.9999999954878,-3519738.25735138,573331.329951555,310.7486813940886,112,4:00:04
6.8%,342500,1369.9999999952513,-3517311.59861519,574342.8702303688,311.29694169558815,112,3:59:56
6.9%,345000,1379.9999999950148,-3518958.0794631876,575522.8746200013,311.9365104562008,112,3:59:48
7.0%,347500,1389.9999999947784,-3517990.3772024866,575551.0665835524,311.9517906529069,112,3:59:40
7.0%,350000,1399.999999994542,-3520742.366750907,573860.560521726,311.03552722518583,112,3:59:32
7.0%,352500,1409.9999999943054,-3519567.018441558,570558.8991302989,309.24600889573674,112,3:59:24
7.1%,355000,1419.999999994069,-3520426.684000062,572341.1683797005,310.2120084673764,112,3:59:16
7.2%,357500,1429.9999999938325,-3519450.0109686125,573058.0872437533,310.6005823687708,112,3:59:09
7.2%,360000,1439.999999993596,-3516162.1511851773,572890.042278279,310.50950108870114,112,3:59:01
7.2%,362500,1449.9999999933596,-3516705.8443350308,571673.8271577158,309.85030591609734,112,3:58:53
7.3%,365000,1459.999999993123,-3521363.6157843247,574554.6845423162,311.41174619814973,112,3:58:44
7.3%,367500,1469.9999999928866,-3516806.551859159,576844.011925577,312.6525740204977,112,3:58:37
7.4%,370000,1479.9999999926501,-3521049.5195790045,574596.0256284168,311.4341532903877,112,3:58:29
7.5%,372500,1489.9999999924137,-3514450.9713174626,573394.3078324331,310.7828157461072,112,3:58:21
7.5%,375000,1499.9999999921772,-3517156.5819271393,573153.606619298,310.6523543868823,112,3:58:13
7.5%,377500,1509.9999999919407,-3518726.1051979363,572192.7313052912,310.13155477030284,112,3:58:06
7.6%,380000,1519.9999999917043,-3520260.0634548627,572747.546353837,310.43226752703947,112,3:57:58
7.7%,382500,1529.9999999914678,-3518872.5245095864,574712.0973628559,311.49706479816655,112,3:57:50
7.7%,385000,1539.9999999912313,-3518796.5631333105,572860.8732430004,310.49369131383474,112,3:57:42
7.8%,387500,1549.9999999909949,-3520350.85534293,575311.0423036499,311.8216961951549,112,3:57:34
7.8%,390000,1559.9999999907584,-3518873.0115263425,575138.4124280884,311.7281298690229,112,3:57:26
7.8%,392500,1569.999999990522,-3516738.986362515,573336.6586064489,310.75156955385825,112,3:57:19
7.9%,395000,1579.9999999902855,-3517800.402332131,570952.1273529169,309.4591407189633,112,3:57:11
8.0%,397500,1589.999999990049,-3517427.1443042606,574559.8470620571,311.414544311768,112,3:57:03
8.0%,400000,1599.9999999898125,-3518068.803326145,574295.3269302954,311.27117296983545,112,3:56:55
8.1%,402500,1609.999999989576,-3521122.7637592442,572869.1436262232,310.49817390626754,112,3:56:48
8.1%,405000,1619.9999999893396,-3520678.2995923534,573221.3565202141,310.68907519956844,112,3:56:40
8.2%,407500,1629.9999999891031,-3514690.3383884244,574071.4667823954,311.14983955904404,112,3:56:32
8.2%,410000,1639.9999999888666,-3521484.031902196,575788.7270396496,312.0806039053729,112,3:56:25
8.2%,412500,1649.9999999886302,-3519526.9304839447,574681.2099311324,311.48032364313394,112,3:56:17
8.3%,415000,1659.9999999883937,-3517342.8445809726,574616.8978932269,311.44546617079146,112,3:56:09
8.3%,417500,1669.9999999881572,-3518146.304990817,573763.0500977961,310.9826760480821,112,3:56:01
8.4%,420000,1679.9999999879208,-3518351.812479388,574228.4956350862,311.23495004641023,112,3:55:53
8.4%,422500,1689.9999999876843,-3518789.891554145,573718.4712235506,310.9585140571597,112,3:55:46
8.5%,425000,1699.9999999874478,-3518323.8131057043,574647.775070872,311.462201768058,112,3:55:38
8.6%,427500,1709.9999999872114,-3517853.7679284904,572919.5076969804,310.5254715049855,112,3:55:30
8.6%,430000,1719.999999986975,-3519576.9972104114,573949.6869044916,311.0838342066379,112,3:55:22
8.7%,432500,1729.9999999867384,-3516432.949164083,574295.9115209752,311.27148982114534,112,3:55:15
8.7%,435000,1739.999999986502,-3516929.115614185,574886.216013778,311.59143804859525,112,3:55:07
8.8%,437500,1749.9999999862655,-3521300.7526734844,574676.1493926136,311.4775808038895,112,3:54:59
8.8%,440000,1759.999999986029,-3515368.28131387,573348.6153274099,310.7580501612808,112,3:54:52
8.8%,442500,1769.9999999857926,-3521173.846363386,574080.2064231022,311.1545764915709,112,3:54:44
8.9%,445000,1779.999999985556,-3519197.9682346024,574150.6142100397,311.1927378928544,112,3:54:36
8.9%,447500,1789.9999999853196,-3522002.3046461735,572516.0527264348,310.3067967290762,112,3:54:28
9.0%,450000,1799.9999999850832,-3518639.7882732004,573265.4135738075,310.71295436087536,112,3:54:20
9.1%,452500,1809.9999999848467,-3515329.476285642,575200.0602268059,311.7615433093174,112,3:54:13
9.1%,455000,1819.9999999846102,-3518564.989538053,571383.3147523217,309.69284662129047,112,3:54:05
9.2%,457500,1829.9999999843737,-3516417.506217018,573909.7494261223,311.06218787738095,112,3:53:57
9.2%,460000,1839.9999999841373,-3521386.0222070124,574845.3349693733,311.56928030144434,112,3:53:49
9.2%,462500,1849.9999999839008,-3519942.41981709,573815.3720576172,311.01103483326085,112,3:53:41
9.3%,465000,1859.9999999836643,-3517884.448676126,573937.2723575854,311.0771054550772,112,3:53:33
9.3%,467500,1869.9999999834279,-3518872.197175652,574966.6220233096,311.6350185405949,112,3:53:26
9.4%,470000,1879.9999999831914,-3517623.5528023243,575103.7878372867,311.70936315355954,112,3:53:18
9.4%,472500,1889.999999982955,-3521115.7259812,574255.723749791,311.24970783182914,112,3:53:10
9.5%,475000,1899.9999999827185,-3519687.984241979,572859.0467270452,310.4927013323093,112,3:53:02
9.6%,477500,1909.999999982482,-3518593.1029176805,572357.2452982682,310.22072224418355,112,3:52:55
9.6%,480000,1919.9999999822455,-3517908.460101897,573306.7702259506,310.7353698899926,112,3:52:47
9.7%,482500,1929.999999982009,-3519633.918788653,574267.5688081442,311.25612791751433,112,3:52:39
9.7%,485000,1939.9999999817726,-3518261.2801883817,573512.7074947862,310.84698900340476,112,3:52:32
9.8%,487500,1949.9999999815361,-3516808.6470446754,573390.3742399064,310.7806837176849,112,3:52:24
9.8%,490000,1959.9999999812997,-3517558.6699647345,574309.3041398677,311.27874869301195,112,3:52:16
9.8%,492500,1969.9999999810632,-3516804.209472051,573715.738306038,310.9570328010883,112,3:52:09
9.9%,495000,1979.9999999808267,-3519530.9674502667,573920.0438127863,311.0677674906246,112,3:52:01
9.9%,497500,1989.9999999805902,-3517455.6034166217,574395.6503659848,311.3255488145255,112,3:51:53
10.0%,500000,1999.9999999803538,-3516968.7250214126,573869.281639535,311.0402541182019,112,3:51:46
10.1%,502500,2009.9999999801173,-3517920.712131366,575093.3219504736,311.7036905863075,112,3:51:40
10.1%,505000,2019.9999999798808,-3521616.5100333076,576906.998540162,312.6867131062327,112,3:51:32
10.2%,507500,2029.9999999796444,-3520279.760874698,572183.710471288,310.12666542948864,112,3:51:24
10.2%,510000,2039.999999979408,-3518325.597730659,573195.2832943972,310.6749433701724,112,3:51:16
10.2%,512500,2049.9999999791717,-3518265.9745349474,572552.5761881866,310.3265926428636,112,3:51:09
10.3%,515000,2059.999999978935,-3520826.256407045,575016.6151401257,311.66211508027067,112,3:51:01
10.3%,517500,2069.9999999786987,-3520179.549001014,573868.1820918287,311.0396581573988,112,3:50:53
10.4%,520000,2079.9999999784623,-3520484.126148578,575373.8815731148,311.8557554190379,112,3:50:45
10.4%,522500,2089.999999978226,-3518327.628130989,574509.380035079,311.38719091022153,112,3:50:38
10.5%,525000,2099.9999999779893,-3520885.3706801347,575000.9491263165,311.65362401606467,112,3:50:30
10.6%,527500,2109.999999977753,-3519364.745615896,574435.9923390329,311.34741438208596,112,3:50:22
10.6%,530000,2119.9999999775164,-3520232.887968637,574565.2107611897,311.41745146570463,112,3:50:15
10.7%,532500,2129.99999997728,-3520163.8938883506,575218.4167513796,311.77149264490794,112,3:50:06
10.7%,535000,2139.9999999770434,-3518374.515580876,573150.5125277524,310.65067737253185,112,3:49:59
10.8%,537500,2149.999999976807,-3514455.6936900653,574160.5926823755,311.1981462788237,112,3:49:51
10.8%,540000,2159.9999999765705,-3517368.45223332,571158.1933962367,309.57082962884226,112,3:49:44
10.8%,542500,2169.999999976334,-3517842.272080824,574129.481657615,311.181283935156,112,3:49:36
10.9%,545000,2179.9999999760976,-3516775.553057255,573579.96445891,310.88344264168364,112,3:49:28
10.9%,547500,2189.999999975861,-3518003.520561451,574750.6315508483,311.5179505364502,112,3:49:20
11.0%,550000,2199.9999999756246,-3517793.20198163,574705.6999732137,311.4935973783835,112,3:49:12
11.1%,552500,2209.999999975388,-3517431.089650657,573992.1767137711,311.1068639130511,112,3:49:04
11.1%,555000,2219.9999999751517,-3517221.639347136,574282.2469855343,311.264083569039,112,3:48:56
11.2%,557500,2229.999999974915,-3516110.9743484613,575300.5145610576,311.81599010173613,112,3:48:49
11.2%,560000,2239.9999999746788,-3522014.9619790353,572848.2268490157,310.4868368999037,112,3:48:41
11.2%,562500,2249.9999999744423,-3519799.075032769,574536.1423912072,311.4016962519732,112,3:48:33
11.3%,565000,2259.999999974206,-3522904.186190674,573338.8702188353,310.752768259732,112,3:48:25
11.3%,567500,2269.9999999739694,-3517942.6498012803,573965.9373474206,311.09264203458736,112,3:48:18
11.4%,570000,2279.999999973733,-3518421.0916855074,574170.5348847468,311.20353500627607,112,3:48:10
11.4%,572500,2289.9999999734964,-3517767.652325364,575036.4750649089,311.67287926690506,112,3:48:02
11.5%,575000,2299.99999997326,-3517261.6225288007,576114.436551306,312.25714022211895,112,3:47:54
11.6%,577500,2309.9999999730235,-3519317.237787893,574684.7518715794,311.482243394011,112,3:47:46
11.6%,580000,2319.999999972787,-3516061.8141224794,574263.629592054,311.2539928410903,112,3:47:39
11.7%,582500,2329.9999999725505,-3518507.714901384,576380.0144120363,312.40108485887265,112,3:47:31
11.7%,585000,2339.999999972314,-3517829.3178094197,573517.6978313467,310.84969379280807,112,3:47:23
11.8%,587500,2349.9999999720776,-3515235.0816059783,573556.5830231656,310.870769777064,112,3:47:15
11.8%,590000,2359.999999971841,-3517022.848816082,574309.2807863901,311.2787360353009,112,3:47:07
11.8%,592500,2369.9999999716047,-3517093.2478496972,572564.484438431,310.33304697889554,112,3:47:00
11.9%,595000,2379.999999971368,-3518446.62477101,572543.8158905571,310.32184451417294,112,3:46:52
11.9%,597500,2389.9999999711317,-3521320.524932159,574694.2243888143,311.4873775495794,112,3:46:44
12.0%,600000,2399.9999999708953,-3519704.7131378,574778.3564089681,311.5329775594864,112,3:46:37
12.1%,602500,2409.999999970659,-3521016.615784917,576724.3547700278,312.5877191950874,112,3:46:29
12.1%,605000,2419.9999999704223,-3517516.4303515386,574822.9992293312,311.5571742095504,112,3:46:21
12.2%,607500,2429.999999970186,-3517950.8942391146,572083.7480781896,310.0724852718354,112,3:46:13
12.2%,610000,2439.9999999699494,-3520082.4930126853,578259.647045748,313.4198559113469,112,3:46:05
12.2%,612500,2449.999999969713,-3517039.359722819,574337.4958358617,311.2940287447007,112,3:45:58
12.3%,615000,2459.9999999694764,-3516109.3278672975,574163.4034351964,311.1996697220531,112,3:45:50
12.3%,617500,2469.99999996924,-3521138.6731957234,572731.7912694747,310.42372818611204,112,3:45:42
12.4%,620000,2479.9999999690035,-3517342.5483417492,573929.3408857075,311.0728065544262,112,3:45:35
12.4%,622500,2489.999999968767,-3521703.780568367,572792.6538277033,310.456716021815,112,3:45:27
12.5%,625000,2499.9999999685306,-3518734.9628706034,577354.3102088554,312.9291584497139,112,3:45:19
12.6%,627500,2509.999999968294,-3518209.9931177814,576201.7166193165,312.3044464909888,112,3:45:11
12.6%,630000,2519.9999999680576,-3518861.4449013807,575166.4689591122,311.7433366605667,112,3:45:04
12.7%,632500,2529.999999967821,-3519663.587995136,572566.9757189363,310.33439726640216,112,3:44:56
12.7%,635000,2539.9999999675847,-3516121.525028033,572841.5102484147,310.4831964660548,112,3:44:49
12.8%,637500,2549.9999999673482,-3519692.325643979,574219.2949221684,311.2299632102515,112,3:44:41
12.8%,640000,2559.9999999671118,-3519801.5302251186,574357.817954856,311.3050434430971,112,3:44:33
12.8%,642500,2569.9999999668753,-3520289.0712490343,573844.8835794658,311.02703023770033,112,3:44:25
12.9%,645000,2579.999999966639,-3515487.6046717055,574524.0688176086,311.3951523097892,112,3:44:18
12.9%,647500,2589.9999999664024,-3521582.0354498588,574614.1814883146,311.44399386463874,112,3:44:10
13.0%,650000,2599.999999966166,-3520844.895342365,573694.657288509,310.945606775582,112,3:44:02
13.1%,652500,2609.9999999659294,-3518350.530148469,574670.1364998396,311.47432178348845,112,3:43:54
13.1%,655000,2619.999999965693,-3522157.5539277717,574824.2004280698,311.55782526576274,112,3:43:47
13.2%,657500,2629.9999999654565,-3519425.5344921574,573504.8916969843,310.8427527987285,112,3:43:39
13.2%,660000,2639.99999996522,-3519061.092456119,576270.9102331803,312.34194980390015,112,3:43:31
13.2%,662500,2649.9999999649835,-3519046.8875545524,574129.9088083014,311.181515453138,112,3:43:24
13.3%,665000,2659.999999964747,-3521527.620274907,572325.5380059235,310.20353672026056,112,3:43:16
13.3%,667500,2669.9999999645106,-3519194.115064988,573313.1536218086,310.7388297250689,112,3:43:08
13.4%,670000,2679.999999964274,-3519624.743460836,574790.0995192458,311.5393423887634,112,3:43:00
13.4%,672500,2689.9999999640377,-3517847.85226693,574128.7822116227,311.18090483164553,112,3:42:53
13.5%,675000,2699.999999963801,-3518571.6209165696,574032.1664090245,311.12853854414163,112,3:42:45
13.6%,677500,2709.9999999635647,-3518658.136865845,573409.6153872178,310.7911125235833,112,3:42:37
13.6%,680000,2719.9999999633283,-3519905.1979389545,573345.5525809512,310.75639013613693,112,3:42:30
13.7%,682500,2729.999999963092,-3519670.3984836675,573252.1927474164,310.70578860147356,112,3:42:22
13.7%,685000,2739.9999999628553,-3522405.278860621,574047.6638086764,311.1369382185625,112,3:42:14
13.8%,687500,2749.999999962619,-3519365.6829381716,573928.9040161861,311.072569768783,112,3:42:06
13.8%,690000,2759.9999999623824,-3521819.6862121634,571723.9926972177,309.87749590980127,112,3:41:58
13.8%,692500,2769.999999962146,-3517509.757599592,575235.8489861309,311.7809410104162,112,3:41:50
13.9%,695000,2779.9999999619095,-3521925.994924374,573721.2225247689,310.960005277299,112,3:41:43
13.9%,697500,2789.999999961673,-3520717.5358236115,574018.3512014413,311.12105062691927,112,3:41:35
14.0%,700000,2799.9999999614365,-3520129.768469982,572127.8054044591,310.09636458093433,112,3:41:27
14.1%,702500,2809.9999999612,-3518710.5471574366,573887.0400528789,311.0498792742713,112,3:41:19
14.1%,705000,2819.9999999609636,-3520080.6702087186,573857.2745176809,311.0337461932228,112,3:41:12
14.2%,707500,2829.999999960727,-3519320.634127382,574648.2302005065,311.46244845078127,112,3:41:04
14.2%,710000,2839.9999999604906,-3522421.9082949758,577310.1344402718,312.90521494424024,112,3:40:56
14.2%,712500,2849.999999960254,-3522964.1992497724,575129.3215076883,311.72320254100254,112,3:40:48
14.3%,715000,2859.9999999600177,-3520830.6275966596,573898.1238007381,311.0558867255516,112,3:40:40
14.3%,717500,2869.9999999597812,-3523061.377735056,574575.3009193388,311.4229203859888,112,3:40:33
14.4%,720000,2879.9999999595448,-3516908.080689043,573070.3254191618,310.607215526026,112,3:40:25
14.4%,722500,2889.9999999593083,-3521991.4273163844,574871.9039249299,311.5836808190402,112,3:40:17
14.5%,725000,2899.999999959072,-3521590.7225606274,576683.0574764643,312.5653358386413,112,3:40:09
14.6%,727500,2909.9999999588354,-3520456.5744165275,573453.618900846,310.8149626659396,112,3:40:01
14.6%,730000,2919.999999958599,-3519689.1836287268,573536.0898079185,310.85966234357335,112,3:39:54
14.7%,732500,2929.9999999583624,-3519067.3392716236,573292.8962032575,310.72785009466264,112,3:39:46
14.7%,735000,2939.999999958126,-3516199.286361264,574219.460319034,311.2300528562472,112,3:39:38
14.8%,737500,2949.9999999578895,-3515803.039015103,572766.4034835505,310.442488193323,112,3:39:30
14.8%,740000,2959.999999957653,-3522975.5892037284,575994.6692148783,312.19222567807657,112,3:39:23
14.8%,742500,2969.9999999574165,-3520330.8351462837,575207.8294505102,311.7657542705809,112,3:39:15
14.9%,745000,2979.99999995718,-3520149.5721586905,572258.6506094075,310.16728338962366,112,3:39:07
14.9%,747500,2989.9999999569436,-3519034.482611457,576542.2422784909,312.48901323981494,112,3:38:59
15.0%,750000,2999.999999956707,-3516316.620300321,574536.3249844813,311.4017952185152,112,3:38:52
15.1%,752500,3009.9999999564707,-3519562.6697687656,575181.78173002,311.7516362652098,112,3:38:45
15.1%,755000,3019.999999956234,-3517556.890957257,572120.320514083,310.0923077298724,112,3:38:37
15.2%,757500,3029.9999999559977,-3515375.7250874005,572621.1724838594,310.36377220608506,112,3:38:29
15.2%,760000,3039.9999999557613,-3518519.789377127,575340.7289565037,311.83778652154626,112,3:38:21
15.2%,762500,3049.999999955525,-3521441.7503996417,574369.2071663564,311.31121645732287,112,3:38:14
15.3%,765000,3059.9999999552883,-3520802.089359373,575080.1044772961,311.69652664436563,112,3:38:06
15.3%,767500,3069.999999955052,-3518843.7602463383,575263.7815224233,311.79608059614503,112,3:37:58
15.4%,770000,3079.9999999548154,-3520145.118663484,574306.4807386544,311.2772183942855,112,3:37:50
15.4%,772500,3089.999999954579,-3519284.691316126,575371.6559285626,311.8545491076544,112,3:37:42
15.5%,775000,3099.9999999543425,-3520036.5181446876,573280.869118352,310.72133134960166,112,3:37:34
15.6%,777500,3109.999999954106,-3514717.049580468,576646.715399499,312.54563823638915,112,3:37:27
15.6%,780000,3119.9999999538695,-3519032.21794468,575482.7753713884,311.914776446597,112,3:37:19
15.7%,782500,3129.999999953633,-3518036.4682921786,574482.6475578615,311.3727017630012,112,3:37:11
15.7%,785000,3139.9999999533966,-3519389.8638947904,573317.8801389725,310.74139152293264,112,3:37:04
15.8%,787500,3149.99999995316,-3518866.663743088,573450.9004068321,310.81348922748253,112,3:36:57
15.8%,790000,3159.9999999529236,-3519734.360908255,575795.9549958508,312.0845214967226,112,3:36:49
15.8%,792500,3169.999999952687,-3518626.6276058834,573241.8153869315,310.7001640159703,112,3:36:41
15.9%,795000,3179.9999999524507,-3514597.1193004176,574312.4747888967,311.28046720193254,112,3:36:34
15.9%,797500,3189.9999999522142,-3517100.673924351,572712.0373271428,310.41302144253933,112,3:36:26
16.0%,800000,3199.9999999519778,-3519647.5730372537,572258.7549029939,310.16733991731155,112,3:36:18
16.1%,802500,3209.9999999517413,-3519368.9556978308,574297.4371582298,311.27231672478797,112,3:36:10
16.1%,805000,3219.999999951505,-3516439.743261926,574727.8760353782,311.5056169240042,112,3:36:03
16.1%,807500,3229.9999999512684,-3516451.262888847,574622.8688362519,311.4487024542016,112,3:35:55
16.2%,810000,3239.999999951032,-3520883.950970957,574547.049878243,311.40760816893396,112,3:35:47
16.2%,812500,3249.9999999507954,-3521321.1063946597,574177.8101987045,311.2074782657859,112,3:35:39
16.3%,815000,3259.999999950559,-3518827.5967165176,575180.1810801092,311.7507687043019,112,3:35:31
16.4%,817500,3269.9999999503225,-3519014.6608211473,574194.4565239009,311.2165006640652,112,3:35:24
16.4%,820000,3279.999999950086,-3515566.288341513,574091.0389733176,311.1604477923697,112,3:35:16
16.4%,822500,3289.9999999498496,-3517296.7580697965,575094.1499265507,311.704139353819,112,3:35:08
16.5%,825000,3299.999999949613,-3519786.96683887,573197.4378963951,310.67611117610727,112,3:35:00
16.6%,827500,3309.9999999493766,-3519050.8588317763,573919.7902895872,311.06763007967965,112,3:34:53
16.6%,830000,3319.99999994914,-3518766.812769823,576859.3297279449,312.6608763522194,112,3:34:45
16.6%,832500,3329.9999999489037,-3518914.085159002,574331.6345434976,311.29085189254164,112,3:34:37
16.7%,835000,3339.999999948667,-3517710.0863144826,574051.2400057955,311.138876536741,112,3:34:29
16.8%,837500,3349.9999999484307,-3522366.148174716,575244.4255427,311.78558955045844,112,3:34:22
16.8%,840000,3359.9999999481943,-3519418.9035610165,573647.3754952225,310.9199797879221,112,3:34:14
16.9%,842500,3369.999999947958,-3517804.404909225,572146.2792897228,310.10637752665355,112,3:34:06
16.9%,845000,3379.9999999477213,-3516673.439737411,573551.8811416004,310.86822133182807,112,3:33:59
16.9%,847500,3389.999999947485,-3518807.020628132,573813.1233019156,311.0098159955094,112,3:33:51
17.0%,850000,3399.9999999472484,-3520298.5863431804,577844.488258091,313.19483760326926,112,3:33:43
17.1%,852500,3409.999999947012,-3520150.2693761904,574825.3634671791,311.5584556392497,112,3:33:35
17.1%,855000,3419.9999999467755,-3520543.0595375206,573829.0353839225,311.01844043000926,112,3:33:28
17.1%,857500,3429.999999946539,-3517363.752925588,573458.3170611978,310.81750909425784,112,3:33:20
17.2%,860000,3439.9999999463025,-3519708.4173096493,573688.6042177341,310.9423259784872,112,3:33:12
17.2%,862500,3449.999999946066,-3518468.5672697853,573353.9847782077,310.760960432651,112,3:33:05
17.3%,865000,3459.9999999458296,-3523212.882284453,576281.050843715,312.3474460696502,112,3:32:57
17.4%,867500,3469.999999945593,-3519504.22926569,574073.4073872705,311.1508913773811,112,3:32:49
17.4%,870000,3479.9999999453566,-3518956.389825361,574179.9143252873,311.20861871377286,112,3:32:42
17.4%,872500,3489.99999994512,-3518331.807626553,575807.9598410209,312.0910281877266,112,3:32:34
17.5%,875000,3499.9999999448837,-3518271.54001265,573531.1416267438,310.85698040261707,112,3:32:26
17.6%,877500,3509.9999999446472,-3516207.9821397588,576093.4272795914,312.24575308323205,112,3:32:18
17.6%,880000,3519.999999944411,-3517220.0416390765,571367.7047118364,309.6843858949288,112,3:32:10
17.6%,882500,3529.9999999441743,-3517203.3262985926,575011.7597224861,311.65948341765204,112,3:32:03
17.7%,885000,3539.999999943938,-3517962.9526588693,573440.1953765512,310.8076870431778,112,3:31:55
17.8%,887500,3549.9999999437014,-3518668.1798028555,574720.9944427735,311.501887063597,112,3:31:47
17.8%,890000,3559.999999943465,-3518109.2380543556,573398.7079251973,310.78520062018094,112,3:31:39
17.9%,892500,3569.9999999432284,-3522300.923349075,576054.8232533224,312.22482949222467,112,3:31:31
17.9%,895000,3579.999999942992,-3515615.688516915,573806.5441384823,311.00625005334865,112,3:31:24
17.9%,897500,3589.9999999427555,-3517622.275821913,574844.5015665541,311.56882859260924,112,3:31:16
18.0%,900000,3599.999999942519,-3521278.2475555465,576368.9113558633,312.39506694238185,112,3:31:08
18.1%,902500,3609.9999999422826,-3518406.9218293577,571582.8682970498,309.8010057217133,112,3:31:00
18.1%,905000,3619.999999942046,-3519124.2547437735,575037.685147542,311.67353513823633,112,3:30:52
18.1%,907500,3629.9999999418096,-3514687.3633408863,573904.8691391774,311.05954273546433,112,3:30:45
18.2%,910000,3639.999999941573,-3519983.0371958464,574098.1149441865,311.16428300684737,112,3:30:37
18.2%,912500,3649.9999999413367,-3519991.545726806,573122.1270548479,310.6352922927097,112,3:30:29
18.3%,915000,3659.9999999411,-3521726.214128688,575871.6068919869,312.1255252335517,112,3:30:21
18.4%,917500,3669.9999999408637,-3521108.418349657,575159.2493291553,311.7394235820865,112,3:30:14
18.4%,920000,3679.9999999406273,-3519228.240412606,573053.5186707655,310.59810617750475,112,3:30:06
18.4%,922500,3689.999999940391,-3521241.7939024586,571116.9946054852,309.548499661453,112,3:29:58
18.5%,925000,3699.9999999401543,-3518303.0558038335,573563.9734341184,310.8747754197676,112,3:29:50
18.6%,927500,3709.999999939918,-3520512.7152728885,574885.2739789044,311.59092746059923,112,3:29:43
18.6%,930000,3719.9999999396814,-3521704.255815128,572666.1115411745,310.3881294181791,112,3:29:35
18.6%,932500,3729.999999939445,-3517436.453092497,573919.4437176245,311.0674422358016,112,3:29:27
18.7%,935000,3739.9999999392085,-3517926.643612977,574365.6908820171,311.30931061219496,112,3:29:19
18.8%,937500,3749.999999938972,-3518669.973866839,573582.8797043967,310.885022720503,112,3:29:11
18.8%,940000,3759.9999999387355,-3517045.622372888,573641.8983927267,310.9170111687493,112,3:29:04
18.9%,942500,3769.999999938499,-3521045.366546789,575342.6362923402,311.83882030788453,112,3:28:56
18.9%,945000,3779.9999999382626,-3519705.533986537,572712.2628083407,310.413143654568,112,3:28:48
18.9%,947500,3789.999999938026,-3519318.8532447275,573513.9993068322,310.8476891725197,112,3:28:40
19.0%,950000,3799.9999999377897,-3520003.2046053093,574190.7839432139,311.2145101054716,112,3:28:32
19.1%,952500,3809.999999937553,-3521734.669380095,575129.2787228858,311.7231793514082,112,3:28:25
19.1%,955000,3819.9999999373167,-3519735.8751018904,574154.9397088848,311.19508233662066,112,3:28:17
19.1%,957500,3829.9999999370802,-3519389.5500977766,574586.373353907,311.42892170540415,112,3:28:09
19.2%,960000,3839.999999936844,-3522016.859523233,576514.6873807177,312.4740783362057,112,3:28:01
19.2%,962500,3849.9999999366073,-3521235.088594878,576074.5398858992,312.2355160137083,112,3:27:54
19.3%,965000,3859.999999936371,-3520754.0104876347,575112.2961294932,311.713974693948,112,3:27:46
19.4%,967500,3869.9999999361344,-3515333.321209738,572688.8921047021,310.40047660680773,112,3:27:38
19.4%,970000,3879.999999935898,-3517239.4417292047,573957.8347386017,311.08825037678884,112,3:27:31
19.4%,972500,3889.9999999356614,-3517302.5309607293,571861.4149979468,309.95197953997257,112,3:27:23
19.5%,975000,3899.999999935425,-3520894.8203612976,574610.8669298047,311.44219735600126,112,3:27:15
19.6%,977500,3909.9999999351885,-3519936.506518854,574346.1416589555,311.2987148275739,112,3:27:07
19.6%,980000,3919.999999934952,-3519103.975333156,573312.5757886053,310.7385165363478,112,3:27:00
19.6%,982500,3929.9999999347156,-3518763.974947041,573010.1746220875,310.5746134687178,112,3:26:52
19.7%,985000,3939.999999934479,-3517440.5469375327,574809.5383472313,311.54987833865624,112,3:26:44
19.8%,987500,3949.9999999342426,-3518421.7032868415,573239.20992,310.6987518388031,112,3:26:36
19.8%,990000,3959.999999934006,-3518971.060937591,574911.3111996298,311.605039775041,112,3:26:28
19.9%,992500,3969.9999999337697,-3518630.339909695,572738.5108583772,310.4273702396365,112,3:26:21
19.9%,995000,3979.999999933533,-3520908.5478873327,574290.87296078,311.2687588942712,112,3:26:13
19.9%,997500,3989.9999999332967,-3522164.397608582,574180.6647646273,311.20902545595345,112,3:26:05
20.0%,1000000,3999.9999999330603,-3517515.8996072747,575410.7481152422,311.8757372842443,112,3:25:58
20.1%,1002500,4009.999999932824,-3521346.5193066616,574422.0278175583,311.33984553592694,112,3:25:50
20.1%,1005000,4019.9999999325873,-3520573.590933852,575042.4260382316,311.67610472662864,112,3:25:43
20.1%,1007500,4029.999999932351,-3521875.0182147883,574510.104277342,311.3875834534448,112,3:25:35
20.2%,1010000,4039.9999999321144,-3518461.8384620566,573942.2233898609,311.07978894134556,112,3:25:27
20.2%,1012500,4049.999999931878,-3519285.2587128915,573891.0034569004,311.05202746068494,112,3:25:19
20.3%,1015000,4059.9999999316415,-3519944.992136864,572838.3143029655,310.4814642463378,112,3:25:12
20.4%,1017500,4069.999999931405,-3518623.2812103666,572177.6687098425,310.1233907621115,112,3:25:04
20.4%,1020000,4079.9999999311685,-3516794.4392842147,576557.2797211971,312.49716361508376,112,3:24:56
20.4%,1022500,4089.999999930932,-3518206.5632979367,574289.3698497922,311.26794419998697,112,3:24:48
20.5%,1025000,4099.999999930696,-3519747.15203668,574385.8699517472,311.3202477771166,112,3:24:41
20.6%,1027500,4109.999999930459,-3521142.6541536115,571869.1410642628,309.9561671096982,112,3:24:33
20.6%,1030000,4119.999999930223,-3520466.4286603685,572183.7556935395,310.12668994019356,112,3:24:25
20.6%,1032500,4129.999999929986,-3517934.8540474884,573508.9047276571,310.84492788305545,112,3:24:17
20.7%,1035000,4139.99999992975,-3519730.5106983036,573703.3822543779,310.95033575426737,112,3:24:10
20.8%,1037500,4149.999999929513,-3524303.940700166,573780.2505616354,310.9919987925026,112,3:24:02
20.8%,1040000,4159.999999929277,-3518959.266295843,573808.525091256,311.0073237404649,112,3:23:54
20.9%,1042500,4169.99999992904,-3519933.501882877,572735.2412272948,310.42559808190776,112,3:23:46
20.9%,1045000,4179.999999928804,-3520799.6606682353,572162.3456068287,310.11508555741113,112,3:23:39
20.9%,1047500,4189.999999928567,-3520963.3633867987,574226.1800185889,311.2336949697459,112,3:23:31
21.0%,1050000,4199.999999928331,-3518516.2278216835,573728.1155365673,310.96374132697093,112,3:23:23
21.1%,1052500,4209.999999928094,-3518157.084326083,572507.5274293825,310.3021759719693,112,3:23:15
21.1%,1055000,4219.999999927858,-3521199.518588923,575218.4528642588,311.77151221828376,112,3:23:08
21.1%,1057500,4229.9999999276215,-3520032.6928566657,573873.845047441,311.0427275099657,112,3:23:00
21.2%,1060000,4239.999999927385,-3514641.120554762,574338.1683829891,311.29439326888087,112,3:22:52
21.2%,1062500,4249.999999927149,-3516936.0917577166,573323.2111015581,310.74428093348365,112,3:22:45
21.3%,1065000,4259.999999926912,-3520072.422443539,574364.2720597804,311.30854160286975,112,3:22:37
21.4%,1067500,4269.999999926676,-3520800.025620153,573953.5736814766,311.08594086078335,112,3:22:29
21.4%,1070000,4279.999999926439,-3519693.5227203406,574527.625375702,311.39707998350957,112,3:22:21
21.4%,1072500,4289.999999926203,-3520193.385241134,575900.2479864755,312.1410488616548,112,3:22:14
21.5%,1075000,4299.999999925966,-3520796.188493373,572085.0085699155,310.07316846516756,112,3:22:06
21.6%,1077500,4309.99999992573,-3520887.2077265307,574295.0826182197,311.2710405513692,112,3:21:58
21.6%,1080000,4319.999999925493,-3520191.1745225247,573140.2818341287,310.6451322812604,112,3:21:51
21.6%,1082500,4329.999999925257,-3519622.50400332,575844.4395105012,312.110800365866,112,3:21:43
21.7%,1085000,4339.99999992502,-3518455.4372150972,571346.9582995912,309.6731412272959,112,3:21:35
21.8%,1087500,4349.999999924784,-3520568.6023478042,572948.6437018442,310.54126337718833,112,3:21:27
21.8%,1090000,4359.999999924547,-3518562.424042098,572358.8593002213,310.22159704197065,112,3:21:20
21.9%,1092500,4369.999999924311,-3519143.6218195166,576132.4090183832,312.2668813964694,112,3:21:12
21.9%,1095000,4379.9999999240745,-3521726.2272332814,574675.8388776525,311.47741250310133,112,3:21:04
21.9%,1097500,4389.999999923838,-3520484.2146156747,573512.2329839978,310.84673181599123,112,3:20:56
22.0%,1100000,4399.9999999236015,-3519041.037976356,574983.6898769697,311.6442694095811,112,3:20:49
22.1%,1102500,4409.999999923365,-3517386.300821062,573273.430065514,310.7172993427333,112,3:20:41
22.1%,1105000,4419.999999923129,-3517926.069319425,573474.3849464912,310.8262179749815,112,3:20:34
22.1%,1107500,4429.999999922892,-3519501.900661368,572095.4560154756,310.0788310371606,112,3:20:26
22.2%,1110000,4439.999999922656,-3517685.625173889,574752.1176276262,311.51875599810046,112,3:20:18
22.2%,1112500,4449.999999922419,-3518044.110966541,574996.8905893996,311.6514242671073,112,3:20:10
22.3%,1115000,4459.999999922183,-3521337.055515647,574399.7695536506,311.3277814365169,112,3:20:03
22.4%,1117500,4469.999999921946,-3519319.2729009613,574353.1868631549,311.3025333663503,112,3:19:55
22.4%,1120000,4479.99999992171,-3520132.26556444,572835.1420396715,310.4797448624769,112,3:19:47
22.4%,1122500,4489.999999921473,-3521017.5968460124,571713.0702380794,309.87157587787993,112,3:19:39
22.5%,1125000,4499.999999921237,-3517687.2892188653,574703.2666475965,311.4922785027396,112,3:19:31
22.6%,1127500,4509.999999921,-3517677.6277041994,575028.358886587,311.6684802543625,112,3:19:24
22.6%,1130000,4519.999999920764,-3520605.103903923,573307.9203002134,310.7359932364626,112,3:19:16
22.6%,1132500,4529.999999920527,-3516382.851359926,572725.5421137623,310.4203411099207,112,3:19:08
22.7%,1135000,4539.999999920291,-3517681.7867292985,572954.5400744737,310.54445924304105,112,3:19:00
22.8%,1137500,4549.9999999200545,-3519403.0199542716,572796.4283595909,310.45876183851067,112,3:18:53
22.8%,1140000,4559.999999919818,-3519524.828704724,571112.5874286353,309.54611094776646,112,3:18:45
22.9%,1142500,4569.999999919582,-3519033.1027017534,574112.0126891459,311.171815659774,112,3:18:37
22.9%,1145000,4579.999999919345,-3517750.7587649785,575225.949120817,311.77557522987786,112,3:18:29
22.9%,1147500,4589.999999919109,-3522920.298984874,574375.049008322,311.3143827672607,112,3:18:22
23.0%,1150000,4599.999999918872,-3519352.5421480592,575206.0983566671,311.7648160083562,112,3:18:14
23.1%,1152500,4609.999999918636,-3521642.3459665235,574759.548000538,311.52278330040195,112,3:18:06
23.1%,1155000,4619.999999918399,-3518904.4471346103,573768.3055414967,310.98552452698914,112,3:17:59
23.1%,1157500,4629.999999918163,-3522636.8628666587,572900.0316139162,310.51491536263853,112,3:17:51
23.2%,1160000,4639.999999917926,-3520600.4463460464,572998.0027096486,310.56801622635055,112,3:17:43
23.2%,1162500,4649.99999991769,-3518645.39147857,573477.7204983383,310.8280258621212,112,3:17:35
23.3%,1165000,4659.999999917453,-3519185.8985162154,574003.6597947968,311.11308780506727,112,3:17:28
23.4%,1167500,4669.999999917217,-3518717.6009151805,574517.7157323244,311.3917089032078,112,3:17:20
23.4%,1170000,4679.99999991698,-3517750.7201978955,575633.655923178,311.99655452162483,112,3:17:12
23.4%,1172500,4689.999999916744,-3518906.7208794616,573296.3645778337,310.7297299724398,112,3:17:05
23.5%,1175000,4699.9999999165075,-3522221.436870238,574309.383484622,311.27879169829794,112,3:16:57
23.6%,1177500,4709.999999916271,-3521780.4021171015,574990.2790660411,311.64784078569204,112,3:16:49
23.6%,1180000,4719.9999999160345,-3517997.9523817785,573082.2355736915,310.6136708941909,112,3:16:41
23.6%,1182500,4729.999999915798,-3518155.388054244,572921.0234229614,310.5262930366642,112,3:16:34
23.7%,1185000,4739.999999915562,-3518496.66427511,575529.6711379813,311.9401942057014,112,3:16:26
23.8%,1187500,4749.999999915325,-3518361.8752195016,573191.8276453603,310.6730703897063,112,3:16:18
23.8%,1190000,4759.999999915089,-3518239.0605289154,574384.341639241,311.31941942347305,112,3:16:10
23.9%,1192500,4769.999999914852,-3520102.5056854934,576102.3370872039,312.25058224714195,112,3:16:03
23.9%,1195000,4779.999999914616,-3519246.917289434,575413.4230138012,311.87718709372905,112,3:15:55
23.9%,1197500,4789.999999914379,-3522939.429303078,573667.0328021159,310.93063415456453,112,3:15:47
24.0%,1200000,4799.999999914143,-3515891.51301929,576604.1354836181,312.5225596917107,112,3:15:40
24.1%,1202500,4809.999999913906,-3519236.4682682753,573914.4105024027,311.06471420593186,112,3:15:32
24.1%,1205000,4819.99999991367,-3518826.6616552267,573778.6849523358,310.9911502237955,112,3:15:24
24.1%,1207500,4829.999999913433,-3519004.596895274,573776.2325196768,310.98982099203164,112,3:15:16
24.2%,1210000,4839.999999913197,-3521240.5239252653,575438.0846062357,311.89055381019773,112,3:15:09
24.2%,1212500,4849.99999991296,-3518387.621153822,574799.6291445191,311.54450749719746,112,3:15:01
24.3%,1215000,4859.999999912724,-3516124.964659961,573401.8201265578,310.78688745014904,112,3:14:53
24.4%,1217500,4869.9999999124875,-3521434.1282556467,573266.0992128816,310.71332598096154,112,3:14:45
24.4%,1220000,4879.999999912251,-3520787.8103575055,574620.3972866667,311.4473628609604,112,3:14:38
24.4%,1222500,4889.999999912015,-3516920.143387299,572188.3352225879,310.12917206970377,112,3:14:30
24.5%,1225000,4899.999999911778,-3516038.0498147253,577012.2426838151,312.7437560012502,112,3:14:22
24.6%,1227500,4909.999999911542,-3519715.3124795444,572677.2550260364,310.3941692472379,112,3:14:14
24.6%,1230000,4919.999999911305,-3517764.074196283,572764.134416169,310.4412583465312,112,3:14:07
24.6%,1232500,4929.999999911069,-3518677.0267382786,574394.7972313671,311.32508641094904,112,3:13:59
24.7%,1235000,4939.999999910832,-3517593.8833545838,573694.1432657118,310.9453281724461,112,3:13:51
24.8%,1237500,4949.999999910596,-3517335.1158473976,574247.6328154996,311.2453225016876,112,3:13:44
24.8%,1240000,4959.999999910359,-3520376.0071010124,571736.1305275356,309.8840746794746,112,3:13:36
24.9%,1242500,4969.999999910123,-3516855.3091109507,576154.6265826975,312.27892343647966,112,3:13:28
24.9%,1245000,4979.999999909886,-3515385.400173867,573612.3799854727,310.9010120323829,112,3:13:20
24.9%,1247500,4989.99999990965,-3518228.7337111086,573499.8020234335,310.8399941681391,112,3:13:13
25.0%,1250000,4999.999999909413,-3519544.546058409,572956.8117856686,310.545690522794,112,3:13:05
25.1%,1252500,5009.999999909177,-3519021.9822470453,575364.471628638,311.8506551782428,112,3:12:58
25.1%,1255000,5019.9999999089405,-3515720.2327710297,574249.8347351078,311.24651595402327,112,3:12:50
25.1%,1257500,5029.999999908704,-3520704.1347442456,574688.4717570755,311.4842595920669,112,3:12:42
25.2%,1260000,5039.9999999084675,-3518274.4007670004,573240.147468525,310.6992599951739,112,3:12:34
25.2%,1262500,5049.999999908231,-3519717.8090723194,574874.381999087,311.58502394863467,112,3:12:27
25.3%,1265000,5059.999999907995,-3517761.272888966,575553.6529566452,311.95319248111025,112,3:12:19
25.4%,1267500,5069.999999907758,-3518369.8295963816,573794.4448179677,310.99969215619694,112,3:12:11
25.4%,1270000,5079.999999907522,-3517846.033861801,575258.472345539,311.79320299356186,112,3:12:03
25.4%,1272500,5089.999999907285,-3520013.480409015,575254.6322133564,311.7911216211516,112,3:11:56
25.5%,1275000,5099.999999907049,-3516570.0349535793,574706.9773270558,311.4942897110738,112,3:11:48
25.6%,1277500,5109.999999906812,-3519198.702239789,574403.4952621195,311.32980079065555,112,3:11:40
25.6%,1280000,5119.999999906576,-3522151.608495174,574502.3926033479,311.38340368443545,112,3:11:33
25.6%,1282500,5129.999999906339,-3521882.236505825,574899.4986043158,311.5986372844986,112,3:11:25
25.7%,1285000,5139.999999906103,-3520386.388198022,572994.35369254,310.56603843934386,112,3:11:17
25.8%,1287500,5149.999999905866,-3519136.15660776,575313.8032459128,311.8231926407925,112,3:11:09
25.8%,1290000,5159.99999990563,-3516629.7152340896,572676.6928524901,310.3938645461356,112,3:11:02
25.9%,1292500,5169.999999905393,-3520543.2705320492,573620.7374380031,310.90554181685127,112,3:10:54
25.9%,1295000,5179.999999905157,-3518894.8652302157,575381.254103393,311.85975137031915,112,3:10:46
25.9%,1297500,5189.9999999049205,-3520360.2897207253,574063.2457123469,311.14538369461843,112,3:10:39
26.0%,1300000,5199.999999904684,-3519735.636095114,573019.2667609317,310.5795414571414,112,3:10:31
26.1%,1302500,5209.999999904448,-3518418.8869053256,573857.8274048895,311.03404586107985,112,3:10:23
26.1%,1305000,5219.999999904211,-3516483.7577344086,575263.8046963095,311.7960931565167,112,3:10:15
26.1%,1307500,5229.999999903975,-3518028.7817881666,572427.1544066963,310.2586133590182,112,3:10:08
26.2%,1310000,5239.999999903738,-3519685.741218485,574292.0087642482,311.2693745058933,112,3:10:00
26.2%,1312500,5249.999999903502,-3517474.011794489,573163.1717933313,310.6575387629365,112,3:09:52
26.3%,1315000,5259.999999903265,-3517222.5421921704,573752.9612569835,310.9772078418015,112,3:09:44
26.4%,1317500,5269.999999903029,-3517503.5259827618,572773.8514457068,310.4465250290901,112,3:09:37
26.4%,1320000,5279.999999902792,-3516996.417861128,574400.7022910557,311.3282869852346,112,3:09:29
26.4%,1322500,5289.999999902556,-3521027.0215745512,572483.0701667946,310.2889200033824,112,3:09:21
26.5%,1325000,5299.999999902319,-3521939.665643437,574084.9482720315,311.1571465993343,112,3:09:13
26.6%,1327500,5309.999999902083,-3522342.7346627396,573480.9278505213,310.82976426434965,112,3:09:06
26.6%,1330000,5319.999999901846,-3517692.9921217114,572545.7733625765,310.3229054745934,112,3:08:58
26.6%,1332500,5329.99999990161,-3518819.5731823985,577115.6902745581,312.79982515487467,112,3:08:50
26.7%,1335000,5339.9999999013735,-3521420.9061762784,572520.1090195642,310.30899526188864,112,3:08:42
26.8%,1337500,5349.999999901137,-3518995.650361538,573776.6826012867,310.99006493869825,112,3:08:35
26.8%,1340000,5359.999999900901,-3515693.847799437,574837.8870558275,311.56524349202436,112,3:08:27
26.9%,1342500,5369.999999900664,-3519764.020058723,575606.4958713951,311.9818336266777,112,3:08:19
26.9%,1345000,5379.999999900428,-3520381.4396893755,575020.3160198178,311.664120977078,112,3:08:11
26.9%,1347500,5389.999999900191,-3519740.392502662,573148.1432125994,310.6493931909057,112,3:08:04
27.0%,1350000,5399.999999899955,-3518716.4160489123,573985.6669592388,311.10333559089,112,3:07:56
27.1%,1352500,5409.999999899718,-3521670.865061449,575101.8580622734,311.70831720506607,112,3:07:48
27.1%,1355000,5419.999999899482,-3522110.5179370753,572188.7536421013,310.1293988553428,112,3:07:41
27.1%,1357500,5429.999999899245,-3522428.6503303964,575197.8992582652,311.7603720526819,112,3:07:33
27.2%,1360000,5439.999999899009,-3520813.3343915083,576091.6009723014,312.2447632148042,112,3:07:25
27.2%,1362500,5449.999999898772,-3519319.1903562155,574874.1663749141,311.58490707916684,112,3:07:17
27.3%,1365000,5459.999999898536,-3518615.6636287756,574172.4554495548,311.20457596278845,112,3:07:10
27.4%,1367500,5469.999999898299,-3520143.561414944,572935.6729480922,310.5342331585093,112,3:07:02
27.4%,1370000,5479.999999898063,-3518724.4486792684,573648.4756320657,310.9205760680406,112,3:06:55
27.4%,1372500,5489.9999998978265,-3520425.2513360325,573472.2045942001,310.82503621224845,112,3:06:47
27.5%,1375000,5499.99999989759,-3515834.327644512,575093.1528156807,311.70359891433515,112,3:06:39
27.6%,1377500,5509.9999998973535,-3522007.119398335,577137.9535123177,312.81189195013934,112,3:06:32
27.6%,1380000,5519.999999897117,-3519112.2990570124,574283.0044202857,311.2644941027704,112,3:06:24
27.6%,1382500,5529.999999896881,-3519263.008024128,570931.99995569,309.44823156081793,112,3:06:16
27.7%,1385000,5539.999999896644,-3520583.9221980236,573634.0993804851,310.91278406193754,112,3:06:08
27.8%,1387500,5549.999999896408,-3516519.3363330755,571351.2551292058,309.6754701321841,112,3:06:01
27.8%,1390000,5559.999999896171,-3518852.8119321186,574594.8634751167,311.43352339701414,112,3:05:53
27.9%,1392500,5569.999999895935,-3520628.302375486,574689.8292459022,311.48499535835225,112,3:05:45
27.9%,1395000,5579.999999895698,-3523043.928995857,577068.4838901679,312.77423903924426,112,3:05:37
27.9%,1397500,5589.999999895462,-3522033.9470012635,574660.3087415239,311.4689950853331,112,3:05:30
28.0%,1400000,5599.999999895225,-3520938.5581975374,572830.8577327338,310.4774227449472,112,3:05:22
28.1%,1402500,5609.999999894989,-3520172.310772609,571472.9657092982,309.7414379248017,112,3:05:14
28.1%,1405000,5619.999999894752,-3520921.0281970445,573121.8658612451,310.63515072436445,112,3:05:07
28.1%,1407500,5629.999999894516,-3518694.789721934,577169.6013121305,312.8290452287883,112,3:04:59
28.2%,1410000,5639.999999894279,-3517479.3097644523,573585.1292252529,310.8862419729724,112,3:04:52
28.2%,1412500,5649.999999894043,-3516088.5534096267,574568.3058616935,311.41912902691587,112,3:04:44
28.3%,1415000,5659.9999998938065,-3518732.66465823,573608.5099383662,310.8989144459221,112,3:04:37
28.4%,1417500,5669.99999989357,-3518425.7398370337,574457.6122057881,311.35913246678695,112,3:04:30
28.4%,1420000,5679.999999893334,-3518268.162979655,577161.1124882,312.82444424031064,112,3:04:23
28.4%,1422500,5689.999999893097,-3519450.4329963624,573597.4124726648,310.89289955949715,112,3:04:16
28.5%,1425000,5699.999999892861,-3520910.6247974336,572178.6817085649,310.12393981289733,112,3:04:09
28.6%,1427500,5709.999999892624,-3516946.152050771,574632.4469452878,311.4538938410972,112,3:04:01
28.6%,1430000,5719.999999892388,-3517111.3603573814,576514.3555836878,312.47389850042117,112,3:03:54
28.6%,1432500,5729.999999892151,-3516533.856217401,572021.8344909293,310.0389277727133,112,3:03:47
28.7%,1435000,5739.999999891915,-3518788.979989702,574098.6394623915,311.164567298551,112,3:03:40
28.8%,1437500,5749.999999891678,-3519887.494987646,574049.3677549696,311.1378617666683,112,3:03:32
28.8%,1440000,5759.999999891442,-3522782.3887272347,573291.0177585699,310.72683196748335,112,3:03:24
28.9%,1442500,5769.999999891205,-3520260.3959396556,574297.9201620484,311.2725785154697,112,3:03:17
28.9%,1445000,5779.999999890969,-3520202.544065306,571955.1255583267,310.0027711704826,112,3:03:09
28.9%,1447500,5789.999999890732,-3521355.344990246,574201.9590995014,311.2205671006144,112,3:03:01
29.0%,1450000,5799.999999890496,-3518458.375067761,571785.257181614,309.91070159166077,112,3:02:53
29.1%,1452500,5809.9999998902595,-3516671.156815363,573757.1681715959,310.9794880122723,112,3:02:46
29.1%,1455000,5819.999999890023,-3518702.3534891885,574692.9380173583,311.48668032929356,112,3:02:38
29.1%,1457500,5829.9999998897865,-3516998.074862767,576497.4026896664,312.4647099401808,112,3:02:30
29.2%,1460000,5839.99999988955,-3519086.422719205,574585.4191362408,311.4284045142687,112,3:02:23
29.2%,1462500,5849.999999889314,-3521309.5566796735,573543.6802203248,310.8637763881463,112,3:02:15
29.3%,1465000,5859.999999889077,-3521387.789416969,574523.3511149462,311.3947633110648,112,3:02:07
29.4%,1467500,5869.999999888841,-3517216.304651294,572241.30387846,310.1578813676395,112,3:01:59
29.4%,1470000,5879.999999888604,-3514687.2422022317,574824.4169411571,311.557942617027,112,3:01:52
29.4%,1472500,5889.999999888368,-3520073.7984124795,574544.2065797187,311.40606708575734,112,3:01:44
29.5%,1475000,5899.999999888131,-3519385.5838702284,574557.0356441217,311.41302050804296,112,3:01:36
29.6%,1477500,5909.999999887895,-3518272.5300995,575763.8651279176,312.0671286147616,112,3:01:28
29.6%,1480000,5919.999999887658,-3519227.722537836,572993.5803878224,310.56561930400494,112,3:01:20
29.6%,1482500,5929.999999887422,-3519799.540269647,571600.3497545416,309.8104807662132,112,3:01:13
29.7%,1485000,5939.999999887185,-3521759.0062848087,572236.9525514909,310.15552292489036,112,3:01:05
29.8%,1487500,5949.999999886949,-3518573.087451577,573348.6009407097,310.7580423636114,112,3:00:57
29.8%,1490000,5959.999999886712,-3522208.972679235,574993.1067186703,311.6493733887089,112,3:00:50
29.9%,1492500,5969.999999886476,-3518683.792222118,573697.9314542973,310.9473813911459,112,3:00:42
29.9%,1495000,5979.9999998862395,-3518495.268370956,574590.6578547903,311.4312439280534,112,3:00:34
29.9%,1497500,5989.999999886003,-3519931.9276735876,574453.200886636,311.3567415079502,112,3:00:26
30.0%,1500000,5999.999999885767,-3519483.3979980703,575595.1756367083,311.97569799825794,112,3:00:19
30.1%,1502500,6009.99999988553,-3518674.967913259,574924.0959895531,311.61196920031927,112,3:00:11
30.1%,1505000,6019.999999885294,-3518103.571837349,575936.5888745206,312.1607458195058,112,3:00:03
30.1%,1507500,6029.999999885057,-3519193.984172795,572911.9935104747,310.52139877526287,112,2:59:56
30.2%,1510000,6039.999999884821,-3519372.56430104,573450.9555650457,310.8135191235326,112,2:59:48
30.2%,1512500,6049.999999884584,-3520058.663885325,574674.7846014703,311.4768410797091,112,2:59:40
30.3%,1515000,6059.999999884348,-3521486.1609476563,575780.7252428335,312.07626688822506,112,2:59:32
30.4%,1517500,6069.999999884111,-3522294.9172178544,574534.4810325399,311.40079578659083,112,2:59:25
30.4%,1520000,6079.999999883875,-3521314.1355171837,574386.2111033067,311.3204326831068,112,2:59:17
30.4%,1522500,6089.999999883638,-3516852.302985817,573463.4860982217,310.8203107402788,112,2:59:09
30.5%,1525000,6099.999999883402,-3519403.1728483737,574072.1180200008,311.15019253334805,112,2:59:01
30.6%,1527500,6109.999999883165,-3521113.838920919,574993.8015169315,311.64974997312396,112,2:58:54
30.6%,1530000,6119.999999882929,-3521310.8875917867,574110.973733273,311.1712525400722,112,2:58:46
30.6%,1532500,6129.9999998826925,-3518017.505822094,573868.3972658081,311.03977478285924,112,2:58:38
30.7%,1535000,6139.999999882456,-3519071.972503066,574043.9652519533,311.1349335808169,112,2:58:30
30.8%,1537500,6149.9999998822195,-3518115.2364895176,574414.4430891695,311.33573457212213,112,2:58:23
30.8%,1540000,6159.999999881983,-3518242.105726337,573010.7879363652,310.5749458883731,112,2:58:15
30.9%,1542500,6169.999999881747,-3517122.134010384,573717.3426857807,310.95790238358535,112,2:58:07
30.9%,1545000,6179.99999988151,-3519060.1980537456,575425.4644863892,311.8837136369917,112,2:58:00
30.9%,1547500,6189.999999881274,-3517821.7847052757,574611.610205532,311.4426002154652,112,2:57:52
31.0%,1550000,6199.999999881037,-3519674.7695292216,574052.3037309984,311.1394530815536,112,2:57:44
31.1%,1552500,6209.999999880801,-3517338.25319816,574875.7680376561,311.5857751890348,112,2:57:36
31.1%,1555000,6219.999999880564,-3520924.728894964,573279.1138628955,310.7203799916519,112,2:57:29
31.1%,1557500,6229.999999880328,-3518959.7606077082,573285.7686337443,310.7239869134408,112,2:57:21
31.2%,1560000,6239.999999880091,-3518606.035977807,572272.5995434297,310.17484378729915,112,2:57:13
31.2%,1562500,6249.999999879855,-3519778.1289715786,572107.2244697866,310.0852096030407,112,2:57:06
31.3%,1565000,6259.999999879618,-3519162.9340219125,575367.5849008585,311.8523425886228,112,2:56:58
31.4%,1567500,6269.999999879382,-3516973.759696806,572767.8301755842,310.4432614681208,112,2:56:50
31.4%,1570000,6279.999999879145,-3520281.2477829624,576118.8092166071,312.25951023035935,112,2:56:43
31.4%,1572500,6289.999999878909,-3517371.434770597,573505.6621913539,310.8431704108436,112,2:56:35
31.5%,1575000,6299.9999998786725,-3518977.095458284,575049.0776773777,311.6797099510178,112,2:56:27
31.6%,1577500,6309.999999878436,-3517530.5519689135,573132.7014785074,310.64102368751935,112,2:56:19
31.6%,1580000,6319.9999998782,-3516011.119571939,574852.1369406799,311.57296700667735,112,2:56:12
31.6%,1582500,6329.999999877963,-3514507.6965865884,572563.898335912,310.3327293081606,112,2:56:04
31.7%,1585000,6339.999999877727,-3521227.9625184108,572505.2205170505,310.3009256130096,112,2:55:56
31.8%,1587500,6349.99999987749,-3522105.7988541443,572374.006020762,310.2298066464168,112,2:55:49
31.8%,1590000,6359.999999877254,-3521069.017021479,575390.6480888657,311.8648429612478,112,2:55:41
31.9%,1592500,6369.999999877017,-3517321.512261728,573757.9598552925,310.97991710911725,112,2:55:33
31.9%,1595000,6379.999999876781,-3518420.7606265713,575317.0305159466,311.82494183860376,112,2:55:25
31.9%,1597500,6389.999999876544,-3519444.0462790523,574046.6840915804,311.13640720659816,112,2:55:18
32.0%,1600000,6399.999999876308,-3518525.73977527,575663.9103071667,312.0129525613617,112,2:55:10
32.0%,1602500,6409.999999876071,-3518873.179527171,576777.2891082686,312.61640989268136,112,2:55:02
32.1%,1605000,6419.999999875835,-3519174.782748772,573794.2879821527,310.999607150337,112,2:54:54
32.1%,1607500,6429.999999875598,-3519712.715748975,573044.7806764389,310.5933701373249,112,2:54:47
32.2%,1610000,6439.999999875362,-3522739.210071992,572787.1025857655,310.4537072186638,112,2:54:39
32.2%,1612500,6449.9999998751255,-3517048.5723514,571599.1609072741,309.80983640456486,112,2:54:31
32.3%,1615000,6459.999999874889,-3520321.7354181465,575958.3473698514,312.1725390416444,112,2:54:23
32.4%,1617500,6469.9999998746525,-3520398.6201939695,576043.3421630175,312.21860667919,112,2:54:16
32.4%,1620000,6479.999999874416,-3518237.4069434796,575402.642246543,311.87134385957296,112,2:54:08
32.5%,1622500,6489.99999987418,-3520115.74194145,575699.2817632823,312.03212408186414,112,2:54:00
32.5%,1625000,6499.999999873943,-3518056.604529543,573895.7180490084,311.0545827951039,112,2:53:53
32.5%,1627500,6509.999999873707,-3517872.210774785,573011.3496208822,310.5752503244189,112,2:53:45
32.6%,1630000,6519.99999987347,-3518567.7047631983,572224.54761795,310.1487993838257,112,2:53:37
32.6%,1632500,6529.999999873234,-3520131.2257706393,572885.9765471511,310.50729744044247,112,2:53:29
32.7%,1635000,6539.999999872997,-3517267.336475067,575344.7357124197,311.83995820492123,112,2:53:22
32.8%,1637500,6549.999999872761,-3516888.35886723,573271.3635141453,310.7161792607156,112,2:53:14
32.8%,1640000,6559.999999872524,-3517187.5723838396,575402.0991820579,311.8710495156852,112,2:53:06
32.9%,1642500,6569.999999872288,-3520741.202204343,573864.0917708387,311.03744118130186,112,2:52:58
32.9%,1645000,6579.999999872051,-3520851.5430814326,574824.9090813245,311.55820935965914,112,2:52:51
33.0%,1647500,6589.999999871815,-3516886.4235188887,572824.5695478957,310.47401451475866,112,2:52:43
33.0%,1650000,6599.999999871578,-3515319.694319181,572849.9848908915,310.4877897681078,112,2:52:35
33.0%,1652500,6609.999999871342,-3519547.472532667,573414.1486500016,310.7935695765279,112,2:52:28
33.1%,1655000,6619.9999998711055,-3520205.2010363396,574802.2252489612,311.54591459984476,112,2:52:20
33.1%,1657500,6629.999999870869,-3517317.000720402,574339.4203487094,311.2950718410719,112,2:52:12
33.2%,1660000,6639.999999870633,-3520627.8414886203,574751.3037519346,311.51831487307425,112,2:52:04
33.2%,1662500,6649.999999870396,-3522435.485719342,573699.9851475165,310.948494503977,112,2:51:57
33.3%,1665000,6659.99999987016,-3519607.2614494916,573303.4688393426,310.7335805205973,112,2:51:49
33.4%,1667500,6669.999999869923,-3518690.3254854027,574196.7171764886,311.2177259499933,112,2:51:41
33.4%,1670000,6679.999999869687,-3518794.166662991,574092.5551412321,311.1612695635788,112,2:51:33
33.5%,1672500,6689.99999986945,-3516629.573431853,571024.7068760608,309.49847921301546,112,2:51:26
33.5%,1675000,6699.999999869214,-3522933.2887341958,578211.1342068354,313.39356169030015,112,2:51:18
33.5%,1677500,6709.999999868977,-3518984.322342513,575890.0899039583,312.13554312599587,112,2:51:10
33.6%,1680000,6719.999999868741,-3518100.6394568197,574287.6909688371,311.26703423743004,112,2:51:03
33.6%,1682500,6729.999999868504,-3517990.142574262,573044.4609917426,310.59319686649064,112,2:50:55
33.7%,1685000,6739.999999868268,-3518645.3545989413,574264.494074852,311.25446139544187,112,2:50:47
33.8%,1687500,6749.999999868031,-3518480.2655811515,574249.26590773,311.24620764650825,112,2:50:39
33.8%,1690000,6759.999999867795,-3516324.736322617,576071.7212516504,312.23398829870234,112,2:50:32
33.9%,1692500,6769.9999998675585,-3519227.691857733,575058.0653820599,311.6845813355608,112,2:50:24
33.9%,1695000,6779.999999867322,-3520853.4599331077,571219.1237258406,309.6038541969971,112,2:50:16
34.0%,1697500,6789.9999998670855,-3518198.061064724,573317.1639692738,310.74100335508285,112,2:50:08
34.0%,1700000,6799.999999866849,-3517449.163743131,574202.6401003131,311.2209362067372,112,2:50:01
34.0%,1702500,6809.999999866613,-3519229.9702026676,572623.365394773,310.3649607756595,112,2:49:53
34.1%,1705000,6819.999999866376,-3520319.552684149,573945.0009138889,311.08129437438953,112,2:49:45
34.1%,1707500,6829.99999986614,-3521325.844330378,575729.1748904802,312.0483263184667,112,2:49:37
34.2%,1710000,6839.999999865903,-3517686.30629462,574568.4679048955,311.41921685520776,112,2:49:30
34.2%,1712500,6849.999999865667,-3523287.4526318144,573372.2596258672,310.77086549891237,112,2:49:22
34.3%,1715000,6859.99999986543,-3521000.7925232947,576875.5233968949,312.6696534083652,112,2:49:14
34.4%,1717500,6869.999999865194,-3518799.2009897716,572874.6048230722,310.5011339044937,112,2:49:07
34.4%,1720000,6879.999999864957,-3519421.8220638856,573486.3592327207,310.8327081028745,112,2:48:59
34.5%,1722500,6889.999999864721,-3517167.349051863,575621.272062267,311.98984240203947,112,2:48:51
34.5%,1725000,6899.999999864484,-3518765.6941786557,574804.0548734823,311.54690626622977,112,2:48:43
34.5%,1727500,6909.999999864248,-3520454.9042132255,573874.9842854731,311.0433449831401,112,2:48:36
34.6%,1730000,6919.999999864011,-3521511.351287691,574567.652601827,311.41877495653546,112,2:48:28
34.6%,1732500,6929.999999863775,-3518765.431333134,575044.1582574123,311.6770435987924,112,2:48:20
34.7%,1735000,6939.9999998635385,-3519590.2296210323,575953.9264569564,312.1701428829472,112,2:48:13
34.8%,1737500,6949.999999863302,-3522077.888165552,573285.5018549141,310.7238423178721,112,2:48:05
34.8%,1740000,6959.999999863066,-3518231.498432316,571662.8335999129,309.84434734831535,112,2:47:57
34.9%,1742500,6969.999999862829,-3517166.435996026,574479.7959976163,311.37115620192714,112,2:47:49
34.9%,1745000,6979.999999862593,-3518716.3882318065,573514.468906007,310.84794369781207,112,2:47:42
35.0%,1747500,6989.999999862356,-3521422.7331852242,573794.8089307647,310.999889507302,112,2:47:34
35.0%,1750000,6999.99999986212,-3518562.575394675,573326.5609468708,310.7460965677591,112,2:47:26
35.0%,1752500,7009.999999861883,-3520624.2228265405,571528.1807346768,309.7713647671583,112,2:47:19
35.1%,1755000,7019.999999861647,-3520360.671192212,575859.798236858,312.11912487861093,112,2:47:11
35.1%,1757500,7029.99999986141,-3518817.300960239,575142.9080738978,311.7305665333639,112,2:47:03
35.2%,1760000,7039.999999861174,-3517459.4578018207,575061.4586865425,311.68642052494124,112,2:46:56
35.2%,1762500,7049.999999860937,-3518307.477009194,573353.7765147756,310.7608475527445,112,2:46:48
35.3%,1765000,7059.999999860701,-3521406.8487964384,574871.0159286387,311.5831995202481,112,2:46:40
35.4%,1767500,7069.999999860464,-3517258.479336735,574751.2850994101,311.5183047633051,112,2:46:32
35.4%,1770000,7079.999999860228,-3519593.147927599,573994.2056210185,311.1079635917515,112,2:46:25
35.5%,1772500,7089.9999998599915,-3519789.6014241315,575317.0579650956,311.824956716191,112,2:46:17
35.5%,1775000,7099.999999859755,-3520540.985680433,576132.4388033473,312.26689754008095,112,2:46:09
35.5%,1777500,7109.9999998595185,-3520185.5750424378,573036.4825867724,310.5888725278498,112,2:46:01
35.6%,1780000,7119.999999859282,-3519579.1594043206,575256.6056377282,311.79219122783337,112,2:45:54
35.6%,1782500,7129.999999859046,-3517042.525968889,573903.068779632,311.05856693085445,112,2:45:46
35.7%,1785000,7139.999999858809,-3516901.862032909,577488.1923808283,313.00172331095445,112,2:45:39
35.8%,1787500,7149.999999858573,-3521767.837567879,574264.0697281292,311.25423139722324,112,2:45:31
35.8%,1790000,7159.999999858336,-3517934.0052193236,574403.7919735621,311.32996160986204,112,2:45:23
35.9%,1792500,7169.9999998581,-3519680.763454495,572238.2382849295,310.15621979936736,112,2:45:16
35.9%,1795000,7179.999999857863,-3520557.816097036,572929.770269254,310.53103387465745,112,2:45:08
36.0%,1797500,7189.999999857627,-3520746.637681855,574169.3163760186,311.20287456795575,112,2:45:00
36.0%,1800000,7199.99999985739,-3519339.226478167,573867.0773962499,311.03905940642085,112,2:44:53
36.0%,1802500,7209.999999857154,-3520821.8759340327,574818.3620615806,311.5546608395519,112,2:44:45
36.1%,1805000,7219.999999856917,-3518648.8705357257,574843.2585877795,311.56815489139143,112,2:44:37
36.1%,1807500,7229.999999856681,-3520395.084126683,574782.4436278454,311.53519285422146,112,2:44:29
36.2%,1810000,7239.999999856444,-3518849.705968013,573298.7343334178,310.731014392782,112,2:44:22
36.2%,1812500,7249.999999856208,-3520046.6658148207,573743.4956003369,310.97207740470907,112,2:44:14
36.3%,1815000,7259.9999998559715,-3520365.5788065325,571730.263483432,309.88089470984164,112,2:44:06
36.4%,1817500,7269.999999855735,-3517334.380413227,572793.4612026867,310.45715362342224,112,2:43:58
36.4%,1820000,7279.999999855499,-3517225.316694038,575168.5514778865,311.7444653970046,112,2:43:51
36.5%,1822500,7289.999999855262,-3520195.0818801355,573242.8496050679,310.7007245677932,112,2:43:43
36.5%,1825000,7299.999999855026,-3516725.837547077,574542.2579399921,311.4050109124873,112,2:43:35
36.5%,1827500,7309.999999854789,-3519018.1822318826,573474.4092351424,310.8262311395618,112,2:43:27
36.6%,1830000,7319.999999854553,-3516516.335804235,576780.3820946936,312.61808630805047,112,2:43:20
36.6%,1832500,7329.999999854316,-3520041.936237106,573888.2037061966,311.0505099806625,112,2:43:12
36.7%,1835000,7339.99999985408,-3518584.7183289826,574190.6839360835,311.2144559010661,112,2:43:04
36.8%,1837500,7349.999999853843,-3520014.0666805822,575513.5967776868,311.9314818154921,112,2:42:57
36.8%,1840000,7359.999999853607,-3520569.8313357253,573592.2764751592,310.8901158210738,112,2:42:49
36.9%,1842500,7369.99999985337,-3516466.868466977,575820.1987004988,312.09766171575103,112,2:42:41
36.9%,1845000,7379.999999853134,-3519630.9103877656,573753.7299641746,310.97762448525623,112,2:42:33
37.0%,1847500,7389.999999852897,-3522492.8740297873,572668.6150021395,310.3894863075608,112,2:42:25
37.0%,1850000,7399.999999852661,-3516342.068713326,573280.3690084699,310.721060287341,112,2:42:18
37.0%,1852500,7409.9999998524245,-3519386.7743002176,575071.3508000046,311.6917821039339,112,2:42:10
37.1%,1855000,7419.999999852188,-3518041.7820563912,576287.2495854115,312.3508058211723,112,2:42:02
37.1%,1857500,7429.9999998519515,-3517938.9923417866,575345.8774628881,311.8405770398496,112,2:41:54
37.2%,1860000,7439.999999851715,-3520147.993360957,575034.6248999645,311.6718764674996,112,2:41:47
37.2%,1862500,7449.999999851479,-3518246.333680246,573908.4205388497,311.06146761329256,112,2:41:39
37.3%,1865000,7459.999999851242,-3521085.9449227434,572778.0796008944,310.4488167120675,112,2:41:31
37.4%,1867500,7469.999999851006,-3520527.4227624554,573222.0316387576,310.68944111747,112,2:41:23
37.4%,1870000,7479.999999850769,-3520291.9316364992,573459.020101621,310.8178901459692,112,2:41:16
37.5%,1872500,7489.999999850533,-3521278.933768034,572792.2412202391,310.456492386338,112,2:41:08
37.5%,1875000,7499.999999850296,-3517779.508089952,575363.3928049395,311.850070449964,112,2:41:00
37.5%,1877500,7509.99999985006,-3520248.270732008,574744.3259468665,311.51453286499157,112,2:40:53
37.6%,1880000,7519.999999849823,-3517928.3734195996,574943.0053926168,311.6222181990413,112,2:40:45
37.6%,1882500,7529.999999849587,-3518416.497959858,572465.8986171897,310.2796129306333,112,2:40:37
37.7%,1885000,7539.99999984935,-3520332.2380969655,572071.0755022905,310.06561666716516,112,2:40:29
37.8%,1887500,7549.999999849114,-3516024.5018551406,575581.5656513732,311.96832131260396,112,2:40:22
37.8%,1890000,7559.999999848877,-3524149.293526938,574368.5472752559,311.3108587927777,112,2:40:14
37.9%,1892500,7569.999999848641,-3517188.6799698323,574625.2085508822,311.4499705921844,112,2:40:06
37.9%,1895000,7579.9999998484045,-3517509.149786316,573545.7505371347,310.86489851105347,112,2:39:58
38.0%,1897500,7589.999999848168,-3517781.7500437796,573313.4016995642,310.73896418455405,112,2:39:51
38.0%,1900000,7599.999999847932,-3520516.974133605,573618.4214565626,310.90428654238576,112,2:39:43
38.0%,1902500,7609.999999847695,-3518852.637080949,573582.4965437402,310.884815045355,112,2:39:35
38.1%,1905000,7619.999999847459,-3517812.659618251,574324.3159599737,311.28688518069305,112,2:39:28
38.1%,1907500,7629.999999847222,-3522953.113244457,573098.7805112374,310.62263833981535,112,2:39:20
38.2%,1910000,7639.999999846986,-3518979.946470512,573852.4769869519,311.03114590562274,112,2:39:12
38.2%,1912500,7649.999999846749,-3520623.643610114,575117.7110869661,311.7169096301823,112,2:39:05
38.3%,1915000,7659.999999846513,-3523378.877357036,572972.6977394748,310.55430079566776,112,2:38:57
38.4%,1917500,7669.999999846276,-3521528.7503362354,573579.2973403777,310.88308105983134,112,2:38:49
38.4%,1920000,7679.99999984604,-3523135.5621959902,573204.8261119758,310.6801156289073,112,2:38:42
38.5%,1922500,7689.999999845803,-3520834.9066256043,573280.5210470986,310.7211426931,112,2:38:34
38.5%,1925000,7699.999999845567,-3517066.3285601996,572091.1025289347,310.0764714239119,112,2:38:26
38.5%,1927500,7709.99999984533,-3519913.0636997223,572402.3176941554,310.24515172650473,112,2:38:18
38.6%,1930000,7719.999999845094,-3519323.8232710846,576373.6643519213,312.39764309194936,112,2:38:10
38.6%,1932500,7729.9999998448575,-3519673.3725663833,575839.9850607434,312.10838603000775,112,2:38:03
38.7%,1935000,7739.999999844621,-3519924.595197322,572977.9125885235,310.55712727205395,112,2:37:55
38.8%,1937500,7749.999999844385,-3518885.2529737744,575865.5477539418,312.1222411479637,112,2:37:47
38.8%,1940000,7759.999999844148,-3518374.4219826683,573470.4864777944,310.824104983865,112,2:37:40
38.9%,1942500,7769.999999843912,-3520442.515433144,571599.0938187413,309.8098000422173,112,2:37:32
38.9%,1945000,7779.999999843675,-3523044.3244009838,576490.7966334308,312.46112942197567,112,2:37:24
39.0%,1947500,7789.999999843439,-3520142.8012781125,575268.1920255239,311.7984711126774,112,2:37:16
39.0%,1950000,7799.999999843202,-3520454.248881668,574959.1640443716,311.63097627567794,112,2:37:09
39.0%,1952500,7809.999999842966,-3518645.050213672,575474.3284444949,311.91019816653994,112,2:37:02
39.1%,1955000,7819.999999842729,-3519693.7603894416,576294.041403572,312.3544870233452,112,2:36:54
39.1%,1957500,7829.999999842493,-3518868.347334601,577538.9102940955,313.0292126942263,112,2:36:46
39.2%,1960000,7839.999999842256,-3515631.066781072,574150.2674223738,311.192549932064,112,2:36:38
39.2%,1962500,7849.99999984202,-3519823.0520801973,574170.9032285153,311.20373465059066,112,2:36:31
39.3%,1965000,7859.999999841783,-3520513.9985272046,573907.4719202193,311.0609534568648,112,2:36:23
39.4%,1967500,7869.999999841547,-3520330.36815699,572401.0992100062,310.2444913015064,112,2:36:15
39.4%,1970000,7879.9999998413105,-3519654.3997122366,571656.3411336002,309.84082839646277,112,2:36:07
39.5%,1972500,7889.999999841074,-3519421.5303067286,572996.9791690642,310.56746146181854,112,2:36:00
39.5%,1975000,7899.9999998408375,-3519122.4714224413,574479.283937397,311.370878662519,112,2:35:52
39.5%,1977500,7909.999999840601,-3515469.2637617923,574340.469689574,311.2956405894953,112,2:35:44
39.6%,1980000,7919.999999840365,-3517344.9930931646,574725.0586586987,311.50408989060764,112,2:35:36
39.6%,1982500,7929.999999840128,-3522523.7574991304,575336.4021892543,311.83544139029806,112,2:35:29
39.7%,1985000,7939.999999839892,-3519988.7747300547,573724.1313638713,310.9615818838234,112,2:35:21
39.8%,1987500,7949.999999839655,-3516441.0572954062,573929.7793180705,311.07304418713795,112,2:35:13
39.8%,1990000,7959.999999839419,-3517402.798911957,572432.6043505288,310.26156725804856,112,2:35:05
39.9%,1992500,7969.999999839182,-3519636.8398228977,573416.3327140592,310.79475335105843,112,2:34:57
39.9%,1995000,7979.999999838946,-3519545.0927530658,574016.053105785,311.1198050466455,112,2:34:50
40.0%,1997500,7989.999999838709,-3520756.6067694444,573655.1157110863,310.92417502677915,112,2:34:42
40.0%,2000000,7999.999999838473,-3517631.058895489,574554.0733504791,311.4114149288687,112,2:34:34
40.0%,2002500,8009.999999838236,-3517902.6426824275,573297.232874233,310.730200593784,112,2:34:27
40.1%,2005000,8019.999999838,-3516413.558590779,573476.3354617237,310.8272751647859,112,2:34:19
40.1%,2007500,8029.999999837763,-3518546.518410353,572712.6049940267,310.41332912106037,112,2:34:11
40.2%,2010000,8039.999999837527,-3522368.108655939,576136.5414134265,312.26912117693075,112,2:34:04
40.2%,2012500,8049.9999998372905,-3520121.6461023726,571471.2387520669,309.74050190464305,112,2:33:56
40.3%,2015000,8059.999999837054,-3519247.886087166,573282.3569967209,310.7221377877241,112,2:33:48
40.4%,2017500,8069.999999836818,-3514692.575445378,575147.6306109227,311.73312617397073,112,2:33:40
40.4%,2020000,8079.999999836581,-3515849.627907699,572617.6624459024,310.36186974653026,112,2:33:33
40.5%,2022500,8089.999999836345,-3518512.120439127,575516.2851786363,311.93293894334545,112,2:33:25
40.5%,2025000,8099.999999836108,-3520076.7041313984,573266.0660838694,310.7133080248577,112,2:33:17
40.5%,2027500,8109.999999835872,-3514387.959972158,571844.3577866609,309.94273443921065,112,2:33:09
40.6%,2030000,8119.999999835635,-3519837.646274658,573510.8680680189,310.84599202414927,112,2:33:02
40.6%,2032500,8129.999999835399,-3517861.3459490146,576285.5907416483,312.3499067188817,112,2:32:54
40.7%,2035000,8139.999999835162,-3518265.140573846,574691.7200925618,311.48602020746733,112,2:32:46
40.8%,2037500,8149.999999834926,-3517194.716292428,574232.9954837768,311.2373889887356,112,2:32:38
40.8%,2040000,8159.999999834689,-3518967.6836685054,572942.1781202792,310.53775899701446,112,2:32:31
40.9%,2042500,8169.999999834453,-3517399.7493173163,574718.8392328225,311.5007189281482,112,2:32:23
40.9%,2045000,8179.999999834216,-3517158.7059897687,573177.6935853485,310.66540965274334,112,2:32:15
41.0%,2047500,8189.99999983398,-3521545.340987658,573196.0262854842,310.67534607535964,112,2:32:07
41.0%,2050000,8199.999999835562,-3520758.45587446,573369.6658857728,310.76945967775424,112,2:32:00
41.0%,2052500,8209.999999837599,-3517840.4513179343,576722.2242472145,312.5865644402008,112,2:31:52
41.1%,2055000,8219.999999839636,-3519805.691778537,572656.6535777237,310.38300315084035,112,2:31:44
41.1%,2057500,8229.999999841673,-3520270.5291578416,573972.5128072298,311.09620596936384,112,2:31:37
41.2%,2060000,8239.99999984371,-3521218.8827788476,571423.2471160919,309.7144901784071,112,2:31:29
41.2%,2062500,8249.999999845748,-3520565.452105077,573379.3921306184,310.7747313550599,112,2:31:21
41.3%,2065000,8259.999999847785,-3518277.895215869,575333.2904959593,311.83375483570427,112,2:31:13
41.4%,2067500,8269.999999849822,-3518419.1675209627,572371.0469884174,310.22820283488363,112,2:31:06
41.4%,2070000,8279.99999985186,-3514397.19444233,574647.125882843,311.4618499046355,112,2:30:58
41.5%,2072500,8289.999999853897,-3518021.4951346572,573425.4057215892,310.7996709702063,112,2:30:50
41.5%,2075000,8299.999999855934,-3520761.461576555,572937.2435322448,310.53508442361374,112,2:30:42
41.5%,2077500,8309.999999857971,-3516974.332803946,574499.4345056282,311.3818003794741,112,2:30:35
41.6%,2080000,8319.999999860009,-3517428.662960708,575847.2480797499,312.11232262558747,112,2:30:27
41.6%,2082500,8329.999999862046,-3518923.0681300145,575563.7162324445,311.95864683101536,112,2:30:19
41.7%,2085000,8339.999999864083,-3521197.114778027,571680.2457443441,309.8537848247614,112,2:30:11
41.8%,2087500,8349.99999986612,-3519309.3683334608,573415.0896557714,310.79407960674405,112,2:30:04
41.8%,2090000,8359.999999868158,-3519759.47025105,572342.4243291225,310.2126891987553,112,2:29:56
41.9%,2092500,8369.999999870195,-3515719.4331439417,572810.8520412415,310.46657955196815,112,2:29:48
41.9%,2095000,8379.999999872232,-3515586.0902398154,575698.8287711577,312.03187855768283,112,2:29:41
42.0%,2097500,8389.99999987427,-3520676.424356943,572891.7395168884,310.51042100120605,112,2:29:33
42.0%,2100000,8399.999999876307,-3516694.1463670246,573718.2141577187,310.9583747260886,112,2:29:25
42.0%,2102500,8409.999999878344,-3519663.878662495,573715.5301890348,310.9569200005471,112,2:29:18
42.1%,2105000,8419.999999880381,-3519270.34003534,572476.440161986,310.2853265049213,112,2:29:10
42.1%,2107500,8429.999999882419,-3517884.161426829,575379.6000766968,311.85885487890494,112,2:29:02
42.2%,2110000,8439.999999884456,-3521728.3313472103,576005.8734861864,312.19829845371794,112,2:28:54
42.2%,2112500,8449.999999886493,-3518761.539116714,575347.828259378,311.841634382097,112,2:28:47
42.3%,2115000,8459.99999988853,-3522959.7672139294,573724.5687732778,310.96181896208725,112,2:28:39
42.4%,2117500,8469.999999890568,-3518001.4702840038,573936.1708262102,311.07650841911476,112,2:28:31
42.4%,2120000,8479.999999892605,-3521114.1324770134,575251.9615120804,311.7896740866169,112,2:28:23
42.5%,2122500,8489.999999894642,-3518964.83009501,572488.8002102575,310.29202571792723,112,2:28:16
42.5%,2125000,8499.99999989668,-3517767.668171989,573194.4095060397,310.6744697721572,112,2:28:08
42.5%,2127500,8509.999999898717,-3519604.2940639667,572855.8591863583,310.49097366801885,112,2:28:00
42.6%,2130000,8519.999999900754,-3515105.9264399484,573247.4127359109,310.7031978093874,112,2:27:52
42.6%,2132500,8529.999999902791,-3516696.1748462953,574358.1945814168,311.3052475767298,112,2:27:45
42.7%,2135000,8539.999999904829,-3518103.7523922175,572048.2224320507,310.05323017950644,112,2:27:37
42.8%,2137500,8549.999999906866,-3519361.079847403,575887.2793140446,312.13401977106304,112,2:27:29
42.8%,2140000,8559.999999908903,-3519699.5564856827,573163.7176351441,310.65783461215096,112,2:27:21
42.9%,2142500,8569.99999991094,-3520916.8949221764,573629.2011908022,310.91012921664014,112,2:27:14
42.9%,2145000,8579.999999912978,-3521321.608426595,572515.5613929556,310.30653042367334,112,2:27:06
43.0%,2147500,8589.999999915015,-3519769.8637825567,573565.736465233,310.87573099216615,112,2:26:58
43.0%,2150000,8599.999999917052,-3516692.1126829647,574046.5724281566,311.13634668441864,112,2:26:50
43.0%,2152500,8609.99999991909,-3518791.3934471644,573514.2831375264,310.8478430102909,112,2:26:43
43.1%,2155000,8619.999999921127,-3519395.8035899345,575823.266542092,312.09932450248533,112,2:26:35
43.1%,2157500,8629.999999923164,-3520842.515860712,574243.4692755359,311.243065840511,112,2:26:27
43.2%,2160000,8639.999999925201,-3519163.7592394017,571833.4517740721,309.9368233214081,112,2:26:20
43.2%,2162500,8649.999999927239,-3520376.9344761726,573948.7399457116,311.083320949858,112,2:26:12
43.3%,2165000,8659.999999929276,-3517151.068396315,572591.5614723569,310.3477228777152,112,2:26:04
43.4%,2167500,8669.999999931313,-3519287.4774492197,573203.8880976606,310.6796072200757,112,2:25:56
43.4%,2170000,8679.99999993335,-3520899.117574567,574670.2470523997,311.4743817035739,112,2:25:48
43.5%,2172500,8689.999999935388,-3517083.972278103,573658.000896428,310.9257388128374,112,2:25:41
43.5%,2175000,8699.999999937425,-3516247.4691348094,574694.4168651935,311.48748187281785,112,2:25:33
43.5%,2177500,8709.999999939462,-3520630.235395234,573245.6723356853,310.7022545030531,112,2:25:25
43.6%,2180000,8719.9999999415,-3519201.7776360977,573978.9456374226,311.0996925981169,112,2:25:17
43.6%,2182500,8729.999999943537,-3519393.4290375784,575938.8396839057,312.1619657703648,112,2:25:10
43.7%,2185000,8739.999999945574,-3524035.263291916,575972.974805485,312.1804671908626,112,2:25:02
43.8%,2187500,8749.999999947611,-3520538.7151460405,571819.5192065365,309.92927179445684,112,2:24:54
43.8%,2190000,8759.999999949649,-3519440.1295463834,574013.987314151,311.11868537640817,112,2:24:46
43.9%,2192500,8769.999999951686,-3520439.107162267,570983.1141691167,309.47593574091945,112,2:24:39
43.9%,2195000,8779.999999953723,-3520677.075523922,575947.9232034895,312.1668890871027,112,2:24:31
44.0%,2197500,8789.99999995576,-3520086.5400704797,572945.0941295506,310.53933948980927,112,2:24:23
44.0%,2200000,8799.999999957798,-3521491.2021693885,574086.9896365965,311.1582530299682,112,2:24:15
44.0%,2202500,8809.999999959835,-3519672.374943787,573282.1985586162,310.7220519134145,112,2:24:08
44.1%,2205000,8819.999999961872,-3519998.1854009777,571892.241974279,309.9686879278561,112,2:24:00
44.1%,2207500,8829.99999996391,-3521834.836070515,575688.599935743,312.02633447357084,112,2:23:52
44.2%,2210000,8839.999999965947,-3519780.128810456,573873.9625008223,311.04279117033354,112,2:23:45
44.2%,2212500,8849.999999967984,-3520043.6174768843,574002.6402130286,311.112535186235,112,2:23:37
44.3%,2215000,8859.999999970021,-3517634.5879967175,573823.7240327847,311.0155616489689,112,2:23:29
44.4%,2217500,8869.999999972059,-3517221.1174024753,574453.2690725117,311.35677846506354,112,2:23:21
44.4%,2220000,8879.999999974096,-3518965.5442515127,573429.5882089043,310.80193790094984,112,2:23:14
44.5%,2222500,8889.999999976133,-3519297.2831765357,575862.5684751763,312.1206263627609,112,2:23:06
44.5%,2225000,8899.99999997817,-3523804.6682564206,575418.7289373139,311.88006293296723,112,2:22:58
44.5%,2227500,8909.999999980208,-3516850.418514354,573744.1927847222,310.97245528241626,112,2:22:51
44.6%,2230000,8919.999999982245,-3519224.0002878625,572322.2316503909,310.2017446576812,112,2:22:43
44.6%,2232500,8929.999999984282,-3522223.672000002,572415.4521504199,310.25227067283095,112,2:22:35
44.7%,2235000,8939.99999998632,-3522224.488480339,574374.6356223987,311.3141587098547,112,2:22:27
44.8%,2237500,8949.999999988357,-3519733.222225638,574167.509895754,311.201895445883,112,2:22:20
44.8%,2240000,8959.999999990394,-3520715.6706950236,573616.954196067,310.9034912792622,112,2:22:12
44.9%,2242500,8969.999999992431,-3520188.779650187,573651.5903448039,310.92226425918903,112,2:22:04
44.9%,2245000,8979.999999994468,-3519088.525860328,572994.2529802637,310.5659838527455,112,2:21:56
45.0%,2247500,8989.999999996506,-3518067.953288706,573357.8880217026,310.7630760117339,112,2:21:49
45.0%,2250000,8999.999999998543,-3521736.6570628583,572542.1046139358,310.3209169929896,112,2:21:41
45.0%,2252500,9010.00000000058,-3520239.208617581,576268.7841345945,312.3407974469688,112,2:21:33
45.1%,2255000,9020.000000002618,-3521952.0036327336,573858.6978360029,311.0345176394506,112,2:21:26
45.1%,2257500,9030.000000004655,-3519996.935657082,573823.0476085723,311.0151950233877,112,2:21:18
45.2%,2260000,9040.000000006692,-3519571.7082483415,573563.5736048253,310.8745587101285,112,2:21:10
45.2%,2262500,9050.00000000873,-3520936.781946901,573555.5185072485,310.8701928036801,112,2:21:02
45.3%,2265000,9060.000000010767,-3519793.252497917,573664.5438967235,310.9292851543819,112,2:20:55
45.4%,2267500,9070.000000012804,-3515350.204169415,573422.9721372043,310.7983519543089,112,2:20:47
45.4%,2270000,9080.000000014841,-3518704.897195488,575448.1854877439,311.8960285426005,112,2:20:39
45.5%,2272500,9090.000000016878,-3520763.350734558,574110.1099314286,311.1707843548011,112,2:20:31
45.5%,2275000,9100.000000018916,-3520464.368574038,575589.6557139184,311.97270617025424,112,2:20:24
45.5%,2277500,9110.000000020953,-3514852.208371306,576733.6030802971,312.59273182926796,112,2:20:16
45.6%,2280000,9120.00000002299,-3519269.1419469155,573850.1988951059,311.0299111675223,112,2:20:08
45.6%,2282500,9130.000000025027,-3521012.221798664,576390.7349909538,312.4068954706225,112,2:20:01
45.7%,2285000,9140.000000027065,-3520843.685795296,571637.7804464925,309.8307684036747,112,2:19:53
45.8%,2287500,9150.000000029102,-3520521.598817164,574486.8932922127,311.3750029739804,112,2:19:45
45.8%,2290000,9160.00000003114,-3516127.5056973975,576406.4061475385,312.41538932224057,112,2:19:37
45.9%,2292500,9170.000000033177,-3519161.528936073,576206.3635721592,312.3069651645602,112,2:19:30
45.9%,2295000,9180.000000035214,-3518925.176336486,573615.7376846729,310.9028319235078,112,2:19:22
46.0%,2297500,9190.000000037251,-3518803.6435668785,572290.9384274397,310.18478356160875,112,2:19:14
46.0%,2300000,9200.000000039288,-3517759.3961529173,574256.7143972155,311.2502447680907,112,2:19:06
46.0%,2302500,9210.000000041326,-3520704.498955736,574318.5902004776,311.28378178808134,112,2:18:59
46.1%,2305000,9220.000000043363,-3518568.782379791,573405.6372975963,310.788956377495,112,2:18:51
46.1%,2307500,9230.0000000454,-3522288.152435161,573707.3297952655,310.9524753427766,112,2:18:43
46.2%,2310000,9240.000000047437,-3522257.4650793243,573418.1109072082,310.7957171413616,112,2:18:36
46.2%,2312500,9250.000000049475,-3520442.7577893827,571710.4614183388,309.8701618834721,112,2:18:28
46.3%,2315000,9260.000000051512,-3517564.479571216,572708.2717493747,310.4109804790249,112,2:18:20
46.4%,2317500,9270.00000005355,-3518362.2131230477,573029.0639215799,310.5848515711955,112,2:18:12
46.4%,2320000,9280.000000055586,-3519799.1931959204,573799.0506226034,311.0021885272175,112,2:18:05
46.5%,2322500,9290.000000057624,-3519367.0835411362,575146.8004732064,311.7326762348392,112,2:17:57
46.5%,2325000,9300.000000059661,-3521925.4594712313,571687.3936540924,309.85765903050077,112,2:17:49
46.5%,2327500,9310.000000061698,-3520951.7473699525,572438.1735634917,310.2645858015926,112,2:17:41
46.6%,2330000,9320.000000063736,-3521152.721603591,576446.2665338616,312.43699386719163,112,2:17:34
46.6%,2332500,9330.000000065773,-3521607.3699419666,574544.7915463883,311.4063841408557,112,2:17:26
46.7%,2335000,9340.00000006781,-3517366.833033666,573709.1713351329,310.95347346734377,112,2:17:18
46.8%,2337500,9350.000000069847,-3517373.3906930443,572864.6558706614,310.4957415184834,112,2:17:11
46.8%,2340000,9360.000000071885,-3520519.063369831,572146.8364713968,310.1066795221341,112,2:17:03
46.9%,2342500,9370.000000073922,-3520392.353471853,574016.8539618563,311.1202391149672,112,2:16:55
46.9%,2345000,9380.00000007596,-3520696.917424528,572260.144719789,310.16809320553057,112,2:16:47
47.0%,2347500,9390.000000077996,-3521880.34549406,573297.314925652,310.73024506609676,112,2:16:40
47.0%,2350000,9400.000000080034,-3519567.996351959,574616.1556219411,311.44506385574033,112,2:16:32
47.0%,2352500,9410.000000082071,-3519839.713238694,573963.0722843388,311.0910891549028,112,2:16:24
47.1%,2355000,9420.000000084108,-3524249.9846135546,575210.5764107669,311.7672431378955,112,2:16:16
47.1%,2357500,9430.000000086146,-3518301.071521826,575521.2447180287,311.9356270405172,112,2:16:09
47.2%,2360000,9440.000000088183,-3520343.1214492433,573403.5849189436,310.78784397716606,112,2:16:01
47.2%,2362500,9450.00000009022,-3517027.3504050616,575258.2035946555,311.7930573291296,112,2:15:53
47.3%,2365000,9460.000000092257,-3519230.8006329555,574780.1736409583,311.5339625090526,112,2:15:45
47.4%,2367500,9470.000000094295,-3519469.5967848767,574678.6546890577,311.4789386881108,112,2:15:38
47.4%,2370000,9480.000000096332,-3521444.417080287,575982.8217712728,312.1858042995717,112,2:15:30
47.5%,2372500,9490.00000009837,-3518681.6268523857,573564.3663309882,310.8749883719958,112,2:15:22
47.5%,2375000,9500.000000100406,-3522811.975868989,573672.4400582032,310.93356491660614,112,2:15:14
47.5%,2377500,9510.000000102444,-3520252.4000762943,572833.308986682,310.4787513378434,112,2:15:07
47.6%,2380000,9520.000000104481,-3520514.2831262443,575114.5724354946,311.715208464111,112,2:14:59
47.6%,2382500,9530.000000106518,-3518463.4029669706,573569.081006154,310.8775437514324,112,2:14:51
47.7%,2385000,9540.000000108555,-3517616.2182961665,575798.8266232494,312.08607793430224,112,2:14:44
47.8%,2387500,9550.000000110593,-3522159.432270851,571625.0704922796,309.8238795397562,112,2:14:36
47.8%,2390000,9560.00000011263,-3520944.8389588445,573196.1479016126,310.67541199195887,112,2:14:28
47.9%,2392500,9570.000000114667,-3520260.067355614,571281.9487718011,309.63790571166385,112,2:14:20
47.9%,2395000,9580.000000116705,-3518562.877008898,574592.7865762942,311.4323977066206,112,2:14:13
48.0%,2397500,9590.000000118742,-3514421.802004397,576588.9300657408,312.5143182729907,112,2:14:05
48.0%,2400000,9600.000000120779,-3520127.333497165,573750.5432233403,310.97589725449023,112,2:13:57
48.0%,2402500,9610.000000122816,-3517294.6692340616,575021.972586046,311.6650188449324,112,2:13:49
48.1%,2405000,9620.000000124854,-3522530.392156763,574899.341829417,311.5985523116557,112,2:13:42
48.1%,2407500,9630.00000012689,-3518749.5801749025,572440.8634110081,310.26604371349316,112,2:13:34
48.2%,2410000,9640.000000128928,-3517524.024953382,573505.0826057452,310.8428562723093,112,2:13:26
48.2%,2412500,9650.000000130965,-3522092.4377166945,574361.1399933062,311.3068440059026,112,2:13:19
48.3%,2415000,9660.000000133003,-3519001.4191388823,572591.5939951057,310.34774050522094,112,2:13:11
48.4%,2417500,9670.00000013504,-3516153.583267754,575307.9413297402,311.8200154505259,112,2:13:03
48.4%,2420000,9680.000000137077,-3519286.8709961865,574129.1349871065,311.1810960378656,112,2:12:55
48.5%,2422500,9690.000000139114,-3522670.731842924,573664.923806434,310.9294910674995,112,2:12:48
48.5%,2425000,9700.000000141152,-3520919.3742069006,573839.2188301587,311.02395991294105,112,2:12:40
48.5%,2427500,9710.000000143189,-3516610.1773529425,573236.7608617642,310.69742443599483,112,2:12:32
48.6%,2430000,9720.000000145226,-3514878.527289754,575192.2352641113,311.75730213721977,112,2:12:24
48.6%,2432500,9730.000000147264,-3520824.7379036862,574507.2213825753,311.38602090889066,112,2:12:17
48.7%,2435000,9740.0000001493,-3519592.580251796,572233.4663144596,310.15363336556595,112,2:12:09
48.8%,2437500,9750.000000151338,-3523718.0572260506,574888.8718909865,311.59287754840517,112,2:12:01
48.8%,2440000,9760.000000153375,-3518569.5321210027,573006.3269754665,310.5725280234412,112,2:11:53
48.9%,2442500,9770.000000155413,-3518681.7224151324,574444.4878946797,311.3520190191902,112,2:11:46
48.9%,2445000,9780.00000015745,-3519472.7470427733,573245.9497791327,310.702404878902,112,2:11:38
49.0%,2447500,9790.000000159487,-3518170.3430997226,576286.5089025055,312.3504043670317,112,2:11:30
49.0%,2450000,9800.000000161524,-3519634.6128394753,572678.7069094172,310.3949561758821,112,2:11:22
49.0%,2452500,9810.000000163562,-3519542.552999858,575129.7136054558,311.72341506011304,112,2:11:15
49.1%,2455000,9820.000000165599,-3520877.6428673863,573143.7179644805,310.64699468249364,112,2:11:07
49.1%,2457500,9830.000000167636,-3520085.254101556,573788.3459335023,310.9963865278341,112,2:10:59
49.2%,2460000,9840.000000169674,-3516539.8915946726,572315.0272068765,310.19783981033504,112,2:10:51
49.2%,2462500,9850.00000017171,-3519128.783329174,575420.5032817407,311.88102463724215,112,2:10:44
49.3%,2465000,9860.000000173748,-3524796.8266772386,571957.0540331798,310.0038164142821,112,2:10:36
49.4%,2467500,9870.000000175785,-3518719.5434883013,571861.2292839,309.9518788819549,112,2:10:28
49.4%,2470000,9880.000000177823,-3519900.417454742,575893.2406099716,312.13725082569397,112,2:10:21
49.5%,2472500,9890.00000017986,-3518375.2154788896,574938.5460182339,311.61980119400954,112,2:10:13
49.5%,2475000,9900.000000181897,-3519558.227722019,577211.1223010098,312.85154982930527,112,2:10:05
49.5%,2477500,9910.000000183934,-3520978.8567574266,574839.1387952745,311.565921941574,112,2:09:57
49.6%,2480000,9920.000000185972,-3522623.042129427,573237.8305607368,310.69800421862294,112,2:09:50
49.6%,2482500,9930.000000188009,-3521553.9080819823,574201.8529377445,311.220509560368,112,2:09:42
49.7%,2485000,9940.000000190046,-3522235.4927435536,572997.6053747712,310.5678008686982,112,2:09:34
49.8%,2487500,9950.000000192083,-3521003.4748134892,575280.5177539482,311.8051517241406,112,2:09:27
49.8%,2490000,9960.00000019412,-3518966.2348753046,572497.2594109827,310.2966106504674,112,2:09:19
49.9%,2492500,9970.000000196158,-3521710.119960021,573222.6025939875,310.6897505782923,112,2:09:11
49.9%,2495000,9980.000000198195,-3519638.6645774413,575547.652834764,311.9499403826021,112,2:09:03
50.0%,2497500,9990.000000200233,-3520325.3206088115,572179.8766884736,310.12458749847025,112,2:08:56
50.0%,2500000,10000.00000020227,-3520103.58777955,573855.4815556544,311.0327743981082,112,2:08:48
50.0%,2502500,10010.000000204307,-3518133.3304327745,572417.7585993538,310.25352078062633,112,2:08:40
50.1%,2505000,10020.000000206344,-3516375.2078016438,574205.0604349475,311.22224804119816,112,2:08:33
50.1%,2507500,10030.000000208382,-3518734.0489973407,573432.9668837381,310.8037691609816,112,2:08:25
50.2%,2510000,10040.000000210419,-3517717.191054575,573471.908867114,310.8248759265685,112,2:08:17
50.2%,2512500,10050.000000212456,-3521011.2218555454,574048.3272601927,311.13729781287225,112,2:08:09
50.3%,2515000,10060.000000214493,-3520342.90066926,573656.069853611,310.9246921771875,112,2:08:02
50.4%,2517500,10070.00000021653,-3518735.0323222186,575552.4995576352,311.95256733260925,112,2:07:54
50.4%,2520000,10080.000000218568,-3520320.355226431,576007.8918210268,312.19939240211653,112,2:07:46
50.5%,2522500,10090.000000220605,-3518068.872997636,575155.7457501736,311.7375246233311,112,2:07:38
50.5%,2525000,10100.000000222642,-3521462.3645170443,572665.5989998321,310.3878516179997,112,2:07:31
50.5%,2527500,10110.00000022468,-3521316.7170199547,575407.9745961387,311.8742340218911,112,2:07:23
50.6%,2530000,10120.000000226717,-3519390.4701165147,575676.5498983779,312.0198032881527,112,2:07:15
50.6%,2532500,10130.000000228754,-3520382.35071256,576312.6013187409,312.3645465977383,112,2:07:08
50.7%,2535000,10140.000000230792,-3517836.1005840804,575223.7916166207,311.77440585093575,112,2:07:00
50.8%,2537500,10150.000000232829,-3521958.4306463916,572751.7243632323,310.43453203072625,112,2:06:52
50.8%,2540000,10160.000000234866,-3522213.32573732,573867.7487702351,311.03942329475166,112,2:06:45
50.9%,2542500,10170.000000236903,-3519704.1531216204,572607.6459943291,310.3564407756088,112,2:06:37
50.9%,2545000,10180.00000023894,-3519134.5769822933,573419.6630932691,310.79655843460085,112,2:06:29
51.0%,2547500,10190.000000240978,-3518555.8096305933,574129.5942852378,311.1813449799366,112,2:06:22
51.0%,2550000,10200.000000243015,-3520070.404461365,572865.2107762254,310.49604228030006,112,2:06:14
51.0%,2552500,10210.000000245052,-3522353.2652651444,574499.5714342849,311.38187459554655,112,2:06:06
51.1%,2555000,10220.00000024709,-3522769.24346859,573514.407403559,310.8479103631526,112,2:05:58
51.1%,2557500,10230.000000249127,-3521997.7986565996,574331.4576193037,311.2907559986718,112,2:05:51
51.2%,2560000,10240.000000251164,-3518380.8606947716,573716.3808561071,310.9573810667007,112,2:05:43
51.2%,2562500,10250.000000253202,-3519652.58483918,574354.0922056076,311.3030240668557,112,2:05:35
51.3%,2565000,10260.000000255239,-3518645.2450874,574566.4667706258,311.41813222961144,112,2:05:27
51.4%,2567500,10270.000000257276,-3520966.2227355223,575281.6604705928,311.8057710827418,112,2:05:20
51.4%,2570000,10280.000000259313,-3521252.1624704506,574370.2098768204,311.311759931817,112,2:05:12
51.5%,2572500,10290.00000026135,-3520399.3578464687,575182.9414823954,311.7522648572692,112,2:05:04
51.5%,2575000,10300.000000263388,-3520702.214149438,573075.5105950919,310.61002591942133,112,2:04:57
51.5%,2577500,10310.000000265425,-3519698.1430026274,572466.374992383,310.27987112856425,112,2:04:49
51.6%,2580000,10320.000000267462,-3519691.7964696195,572602.9332426197,310.3538864386959,112,2:04:41
51.6%,2582500,10330.0000002695,-3518671.5543661527,573136.4851209836,310.6430744422032,112,2:04:33
51.7%,2585000,10340.000000271537,-3521798.5812188555,573005.682094615,310.57217849453224,112,2:04:26
51.8%,2587500,10350.000000273574,-3520379.286943881,573406.2586333123,310.7892931448133,112,2:04:18
51.8%,2590000,10360.000000275611,-3519203.021856522,574109.5113823034,311.17045993793835,112,2:04:10
51.9%,2592500,10370.000000277649,-3520869.1221195273,574265.7591725934,311.2551470852593,112,2:04:02
51.9%,2595000,10380.000000279686,-3519308.723271722,574779.9253007639,311.53382790732434,112,2:03:55
52.0%,2597500,10390.000000281723,-3515556.759163646,574364.0678211076,311.30843090440453,112,2:03:47
52.0%,2600000,10400.00000028376,-3516524.8461348303,573105.8747439962,310.626483452336,112,2:03:39
52.0%,2602500,10410.000000285798,-3519642.7354332116,575302.0849779819,311.81684127620184,112,2:03:32
52.1%,2605000,10420.000000287835,-3517392.471502548,573923.1593739064,311.06945614160054,112,2:03:24
52.1%,2607500,10430.000000289872,-3522169.819778884,573252.7139320483,310.7060710863626,112,2:03:16
52.2%,2610000,10440.00000029191,-3518851.942584986,574431.8918527097,311.3451918963234,112,2:03:08
52.2%,2612500,10450.000000293947,-3517134.170295438,574745.8435881704,311.5153554347856,112,2:03:01
52.3%,2615000,10460.000000295984,-3519144.599388156,574724.8931525254,311.5040001853667,112,2:02:53
52.4%,2617500,10470.000000298021,-3518510.854820609,574930.4086092209,311.61539067431767,112,2:02:45
52.4%,2620000,10480.000000300059,-3517606.0534618106,574904.9893420883,311.6016132940651,112,2:02:37
52.5%,2622500,10490.000000302096,-3518247.505821349,577008.6909086709,312.7418309199141,112,2:02:30
52.5%,2625000,10500.000000304133,-3522011.093140682,575997.8620207559,312.19395619612885,112,2:02:22
52.5%,2627500,10510.00000030617,-3521110.2128846254,573379.9248604197,310.7750200974932,112,2:02:14
52.6%,2630000,10520.000000308208,-3518922.737455435,573443.7996388224,310.8096405728205,112,2:02:07
52.6%,2632500,10530.000000310245,-3518443.6234601904,573280.660279989,310.7212181580796,112,2:01:59
52.7%,2635000,10540.000000312282,-3521060.4762017857,573946.738445295,311.08223612580815,112,2:01:51
52.8%,2637500,10550.00000031432,-3517486.9451885913,572403.3110994648,310.24569015755475,112,2:01:43
52.8%,2640000,10560.000000316357,-3520789.275520388,574847.7902194454,311.5706110602613,112,2:01:36
52.9%,2642500,10570.000000318394,-3519649.464891322,573823.5934464133,311.0154908704494,112,2:01:28
52.9%,2645000,10580.000000320431,-3519354.347163288,574496.2892995692,311.38009566078097,112,2:01:20
53.0%,2647500,10590.000000322469,-3517153.3693696912,573944.1904608299,311.08085510444863,112,2:01:12
53.0%,2650000,10600.000000324506,-3515648.7014541402,574235.6873957929,311.2388480196061,112,2:01:05
53.0%,2652500,10610.000000326543,-3522209.718200892,575482.1746513606,311.91445085309323,112,2:00:57
53.1%,2655000,10620.00000032858,-3521431.930761846,574221.9310762107,311.2313920199988,112,2:00:49
53.1%,2657500,10630.000000330618,-3521197.2813080773,571732.8828045803,309.8823143960692,112,2:00:41
53.2%,2660000,10640.000000332655,-3525043.6357682776,572971.0047029292,310.55338316070413,112,2:00:34
53.2%,2662500,10650.000000334692,-3517488.580090869,576073.2981500431,312.23484298615904,112,2:00:26
53.3%,2665000,10660.00000033673,-3518832.334414808,573033.3801184306,310.58719097323046,112,2:00:18
53.4%,2667500,10670.000000338767,-3521189.218167627,573604.689227805,310.89684360013564,112,2:00:10
53.4%,2670000,10680.000000340804,-3517686.76672964,573582.713748021,310.8849327712499,112,2:00:03
53.5%,2672500,10690.000000342841,-3518754.1264943015,574759.4222139916,311.52271512341355,112,1:59:55
53.5%,2675000,10700.000000344879,-3519228.325309079,575780.2918669037,312.07603199612737,112,1:59:48
53.5%,2677500,10710.000000346916,-3517162.09720804,574551.5116120888,311.4100264528073,112,1:59:40
53.6%,2680000,10720.000000348953,-3520502.1475353986,575480.4247775245,311.9135024120108,112,1:59:32
53.6%,2682500,10730.00000035099,-3519904.8926850725,571839.9831390195,309.940363356531,112,1:59:25
53.7%,2685000,10740.000000353028,-3519438.1888361424,577234.7457800615,312.8643538827064,112,1:59:17
53.8%,2687500,10750.000000355065,-3517569.544264186,573762.5849504967,310.9824239357303,112,1:59:09
53.8%,2690000,10760.000000357102,-3517993.742515767,575124.6644807461,311.72067840721485,112,1:59:02
53.9%,2692500,10770.00000035914,-3519566.976009544,575505.9195520631,311.92732071768575,112,1:58:54
53.9%,2695000,10780.000000361177,-3518852.25157398,574289.1553491008,311.2678279394522,112,1:58:46
54.0%,2697500,10790.000000363214,-3517471.1165579483,572950.1394637568,310.5420740882341,112,1:58:39
54.0%,2700000,10800.000000365251,-3519531.2191630583,571835.8514960734,309.93812398371045,112,1:58:31
54.0%,2702500,10810.000000367289,-3522017.0371413175,576630.5436724045,312.53687307284764,112,1:58:23
54.1%,2705000,10820.000000369326,-3520458.9622123726,572593.9852925661,310.3490366013766,112,1:58:15
54.1%,2707500,10830.000000371363,-3519679.823308658,574946.1039722186,311.6238976459425,112,1:58:08
54.2%,2710000,10840.0000003734,-3522830.9544218928,571754.3332436128,309.8939406500283,112,1:58:00
54.2%,2712500,10850.000000375438,-3518128.278459953,574910.774717107,311.60474899861237,112,1:57:52
54.3%,2715000,10860.000000377475,-3517001.6251241285,574306.9765236694,311.2774871124449,112,1:57:44
54.4%,2717500,10870.000000379512,-3517884.5624574553,574456.423375599,311.3584881143952,112,1:57:37
54.4%,2720000,10880.00000038155,-3518075.7120502125,572384.8971213698,310.235709681845,112,1:57:29
54.5%,2722500,10890.000000383587,-3517845.357221527,574266.0297852794,311.25529375879864,112,1:57:21
54.5%,2725000,10900.000000385624,-3518782.434225712,573611.5185246996,310.90054511598515,112,1:57:13
54.5%,2727500,10910.000000387661,-3516434.833270708,574514.5064625831,311.38996946165236,112,1:57:06
54.6%,2730000,10920.000000389698,-3516815.0643252973,575251.863137533,311.7896207670802,112,1:56:58
54.6%,2732500,10930.000000391736,-3522030.2318851743,575147.5320337913,311.7330727446324,112,1:56:50
54.7%,2735000,10940.000000393773,-3518872.10953331,575203.7596307432,311.76354840625766,112,1:56:43
54.8%,2737500,10950.00000039581,-3522364.604118174,574732.6122700613,311.50818398881586,112,1:56:35
54.8%,2740000,10960.000000397848,-3518405.5073806737,574205.5671985918,311.2225227098339,112,1:56:27
54.9%,2742500,10970.000000399885,-3519440.595300695,571699.9053464958,309.8644404354462,112,1:56:19
54.9%,2745000,10980.000000401922,-3518791.3331456427,572955.6739347276,310.5450738014305,112,1:56:12
55.0%,2747500,10990.00000040396,-3521369.7179274,574564.1388319666,311.41687047426876,112,1:56:04
55.0%,2750000,11000.000000405997,-3519029.940502882,573974.2855291995,311.09716679425827,112,1:55:56
55.0%,2752500,11010.000000408034,-3519171.0860109366,571500.9542438025,309.75660786186427,112,1:55:48
55.1%,2755000,11020.000000410071,-3518747.7249978464,574345.5974406453,311.2984198583067,112,1:55:41
55.1%,2757500,11030.000000412108,-3519282.5057408586,570587.9888790131,309.26177569685643,112,1:55:33
55.2%,2760000,11040.000000414146,-3518565.812907515,575037.5898723847,311.6734834985858,112,1:55:25
55.2%,2762500,11050.000000416183,-3518119.7876411695,574091.457857905,311.1606748300814,112,1:55:18
55.3%,2765000,11060.00000041822,-3514853.26273679,574966.7348237885,311.6350796790645,112,1:55:10
55.4%,2767500,11070.000000420257,-3520915.3160460256,571130.510431864,309.55582531244346,112,1:55:02
55.4%,2770000,11080.000000422295,-3521122.9351820685,574152.9134546844,311.1939840958861,112,1:54:54
55.5%,2772500,11090.000000424332,-3515815.0584740713,574707.3225815421,311.4944768408725,112,1:54:47
55.5%,2775000,11100.00000042637,-3520196.42042757,575463.9333905879,311.90456399110616,112,1:54:39
55.5%,2777500,11110.000000428407,-3517231.104217807,575644.334120195,312.0023421621555,112,1:54:31
55.6%,2780000,11120.000000430444,-3522124.5750606917,574759.0032325706,311.52248803321754,112,1:54:23
55.6%,2782500,11130.000000432481,-3518443.8583361674,574541.5313939515,311.40461712060414,112,1:54:16
55.7%,2785000,11140.000000434518,-3518837.9494286887,573952.0919752608,311.08513776800135,112,1:54:08
55.8%,2787500,11150.000000436556,-3517702.825678436,575340.7845787278,311.83781666909255,112,1:54:00
55.8%,2790000,11160.000000438593,-3521273.396169668,573416.5704318464,310.79488219538473,112,1:53:53
55.9%,2792500,11170.00000044063,-3521881.004226651,573875.3004517293,311.0435163469608,112,1:53:45
55.9%,2795000,11180.000000442667,-3523815.6955640633,573593.8829217944,310.8909865238377,112,1:53:37
56.0%,2797500,11190.000000444705,-3521033.5532697365,573727.6078979636,310.9634661841024,112,1:53:29
56.0%,2800000,11200.000000446742,-3518307.914831478,574443.7840351039,311.35163752349365,112,1:53:22
56.0%,2802500,11210.00000044878,-3519474.9654182345,573228.4608054578,310.69292576059024,112,1:53:14
56.1%,2805000,11220.000000450817,-3516574.7888774667,574235.2557125558,311.2386140449571,112,1:53:06
56.1%,2807500,11230.000000452854,-3523079.5010239184,576144.3716445151,312.27336520452644,112,1:52:58
56.2%,2810000,11240.000000454891,-3521274.7534158602,573389.5583234711,310.78024148656453,112,1:52:51
56.2%,2812500,11250.000000456928,-3521103.8884797115,574853.6333039738,311.57377804367496,112,1:52:43
56.3%,2815000,11260.000000458966,-3521690.102684822,573078.1181263241,310.61143921545073,112,1:52:35
56.4%,2817500,11270.000000461003,-3519570.903980639,574053.8171262427,311.1402733499604,112,1:52:27
56.4%,2820000,11280.00000046304,-3520885.5811277535,574471.6057532795,311.366717045204,112,1:52:20
56.5%,2822500,11290.000000465077,-3520648.516715735,572508.93252425,310.30293754098614,112,1:52:12
56.5%,2825000,11300.000000467115,-3518438.7608699687,572013.6769775278,310.03450635633413,112,1:52:04
56.5%,2827500,11310.000000469152,-3515765.7454567645,575071.2050733934,311.69170311932265,112,1:51:57
56.6%,2830000,11320.00000047119,-3518955.924613025,573994.4069309183,311.1080727028059,112,1:51:49
56.6%,2832500,11330.000000473226,-3521567.788728161,574896.5013739697,311.5970127694421,112,1:51:41
56.7%,2835000,11340.000000475264,-3519515.5399697125,573011.9099998479,310.5755540528488,112,1:51:33
56.8%,2837500,11350.000000477301,-3521275.6388875637,575234.8044657871,311.78037487474114,112,1:51:26
56.8%,2840000,11360.000000479338,-3520108.8903874177,574217.5586026716,311.22902211569436,112,1:51:18
56.9%,2842500,11370.000000481376,-3519901.090569854,576099.1233078567,312.2488403613558,112,1:51:10
56.9%,2845000,11380.000000483413,-3519319.860151764,574817.0180393911,311.5539323722568,112,1:51:02
57.0%,2847500,11390.00000048545,-3521426.905687839,572711.5374290651,310.4127504950778,112,1:50:55
57.0%,2850000,11400.000000487487,-3519611.7360682413,574535.7484603731,311.40148273933073,112,1:50:47
57.0%,2852500,11410.000000489525,-3519640.9644958302,574282.0385440378,311.26397059262064,112,1:50:39
57.1%,2855000,11420.000000491562,-3520781.053068999,573991.0772688712,311.1062680079696,112,1:50:31
57.1%,2857500,11430.0000004936,-3522871.829603182,574480.356928866,311.37146022969796,112,1:50:24
57.2%,2860000,11440.000000495636,-3515936.5276435968,575487.3320869938,311.91724621109773,112,1:50:16
57.2%,2862500,11450.000000497674,-3516144.8647238445,575073.7272522724,311.6930701539149,112,1:50:08
57.3%,2865000,11460.000000499711,-3518561.814921869,572592.3240242868,310.3481361849851,112,1:50:01
57.4%,2867500,11470.000000501748,-3521225.6607220434,575284.4401889192,311.80727770510737,112,1:49:53
57.4%,2870000,11480.000000503785,-3518944.6322418824,573250.7048250054,310.7049821394802,112,1:49:45
57.5%,2872500,11490.000000505823,-3517502.131299423,574415.7248139085,311.3364292738622,112,1:49:37
57.5%,2875000,11500.00000050786,-3516808.371456174,575349.3340665709,311.8424505377389,112,1:49:30
57.5%,2877500,11510.000000509897,-3518255.134206336,574723.8618014856,311.5034411875256,112,1:49:22
57.6%,2880000,11520.000000511935,-3522999.367086528,574043.8331726443,311.13486199311706,112,1:49:14
57.6%,2882500,11530.000000513972,-3521876.890795039,575686.137028336,312.0249995644369,112,1:49:07
57.7%,2885000,11540.00000051601,-3521207.404615281,572142.467906276,310.1043117362135,112,1:48:59
57.8%,2887500,11550.000000518046,-3519700.7488039434,575511.6207038804,311.9304107728024,112,1:48:51
57.8%,2890000,11560.000000520084,-3517271.6436742432,572376.9559990419,310.2314055505979,112,1:48:43
57.9%,2892500,11570.00000052212,-3518039.459939277,573193.3832272296,310.673913523492,112,1:48:36
57.9%,2895000,11580.000000524158,-3518779.075970862,575477.6199050961,311.9119821559859,112,1:48:28
58.0%,2897500,11590.000000526195,-3521170.0875696465,573015.9839209811,310.57776214013467,112,1:48:20
58.0%,2900000,11600.000000528233,-3519715.608485583,574306.942315601,311.2774685714868,112,1:48:12
58.0%,2902500,11610.00000053027,-3521120.4815654997,575318.2206452653,311.82558689513075,112,1:48:05
58.1%,2905000,11620.000000532307,-3521271.550885251,574919.1050724051,311.60926409623426,112,1:47:57
58.1%,2907500,11630.000000534345,-3521161.4805333354,573384.3382358793,310.7774121708597,112,1:47:49
58.2%,2910000,11640.000000536382,-3519856.6424587704,574758.9628498143,311.52246614554525,112,1:47:41
58.2%,2912500,11650.000000538419,-3520848.48264567,572855.3500210197,310.4906976976518,112,1:47:34
58.3%,2915000,11660.000000540456,-3521141.1140962243,575344.6846151854,311.8399305099438,112,1:47:26
58.4%,2917500,11670.000000542494,-3518501.5647652093,572935.5024125907,310.53414072734523,112,1:47:18
58.4%,2920000,11680.00000054453,-3525080.107457459,573849.5544415643,311.02956187021755,112,1:47:10
58.5%,2922500,11690.000000546568,-3524018.818161875,573285.4114452731,310.72379331535774,112,1:47:03
58.5%,2925000,11700.000000548605,-3521335.196125809,573003.8656505981,310.5711939720518,112,1:46:55
58.5%,2927500,11710.000000550643,-3522394.434226174,573127.2098510279,310.6380471957269,112,1:46:47
58.6%,2930000,11720.00000055268,-3521729.200869268,573473.8744572708,310.82594128706336,112,1:46:40
58.6%,2932500,11730.000000554717,-3521526.5788621977,573686.1523210302,310.94099703721383,112,1:46:32
58.7%,2935000,11740.000000556754,-3519079.2229129057,573360.9959307979,310.764760515271,112,1:46:24
58.8%,2937500,11750.000000558792,-3517786.0547705013,575457.8034683132,311.9012415400828,112,1:46:16
58.8%,2940000,11760.000000560829,-3519462.02932786,572344.1686780071,310.21363464528406,112,1:46:09
58.9%,2942500,11770.000000562866,-3518885.5070839245,574703.4626899053,311.4923847587312,112,1:46:01
58.9%,2945000,11780.000000564904,-3518362.905696973,576167.4751764736,312.2858874437912,112,1:45:53
59.0%,2947500,11790.00000056694,-3518696.8194380347,573889.5540683003,311.0512418842255,112,1:45:45
59.0%,2950000,11800.000000568978,-3518990.9618884437,573534.4648704592,310.85878161868277,112,1:45:38
59.0%,2952500,11810.000000571015,-3521200.7902942654,573675.7874833484,310.9353792391376,112,1:45:30
59.1%,2955000,11820.000000573053,-3519971.3013852667,573515.9441017453,310.84874326188,112,1:45:22
59.1%,2957500,11830.00000057509,-3520217.5273778923,572107.296613249,310.08524870518744,112,1:45:14
59.2%,2960000,11840.000000577127,-3522344.2726212516,573565.5136738068,310.8756102380082,112,1:45:07
59.2%,2962500,11850.000000579164,-3522562.995544646,574657.5422492662,311.4674956315683,112,1:44:59
59.3%,2965000,11860.000000581202,-3520569.83413719,574926.337016709,311.61318384915717,112,1:44:51
59.4%,2967500,11870.000000583239,-3516644.8913073745,575678.6683909129,312.02095152256345,112,1:44:44
59.4%,2970000,11880.000000585276,-3520868.3845301513,574861.2206257444,311.5778904131067,112,1:44:36
59.5%,2972500,11890.000000587313,-3523240.4243333396,573317.1252880378,310.7409823896438,112,1:44:28
59.5%,2975000,11900.00000058935,-3520574.0842347257,572471.2132504878,310.28249349062224,112,1:44:20
59.5%,2977500,11910.000000591388,-3519564.1333996635,573800.9891339056,311.00323921082673,112,1:44:13
59.6%,2980000,11920.000000593425,-3518864.4605247825,574578.8894225634,311.424865374143,112,1:44:05
59.6%,2982500,11930.000000595463,-3520727.9767418858,573475.1395629635,310.82662698119043,112,1:43:57
59.7%,2985000,11940.0000005975,-3518607.4801016115,573899.3746909555,311.0565647148143,112,1:43:49
59.8%,2987500,11950.000000599537,-3520394.912114041,574960.9555451891,311.63194727880943,112,1:43:42
59.8%,2990000,11960.000000601574,-3521135.811622724,575097.9158764435,311.7061805190271,112,1:43:34
59.9%,2992500,11970.000000603612,-3517245.4803367015,573590.5706487438,310.88919125393153,112,1:43:26
59.9%,2995000,11980.000000605649,-3517485.504961405,575346.6557787213,311.84099889124036,112,1:43:18
60.0%,2997500,11990.000000607686,-3518223.2437619735,572963.0701335545,310.54908258119315,112,1:43:11
60.0%,3000000,12000.000000609723,-3521227.6089808736,573950.4352188453,311.08423979706447,112,1:43:03
60.0%,3002500,12010.00000061176,-3521503.29933027,574078.9131209782,311.1538755148255,112,1:42:55
60.1%,3005000,12020.000000613798,-3517397.047692364,572986.6366293461,310.56185574935915,112,1:42:48
60.1%,3007500,12030.000000615835,-3516926.7448231187,573357.0861966684,310.7626414182291,112,1:42:40
60.2%,3010000,12040.000000617873,-3518618.7117384207,573743.6107421895,310.9721398122158,112,1:42:32
60.2%,3012500,12050.00000061991,-3518534.407292219,574547.1947665846,311.4076866991987,112,1:42:24
60.3%,3015000,12060.000000621947,-3518599.456104504,575178.2178222211,311.7497046079093,112,1:42:17
60.4%,3017500,12070.000000623984,-3518147.328871416,575655.3101346539,312.0082912213502,112,1:42:09
60.4%,3020000,12080.000000626022,-3518855.7068572007,574364.8258993409,311.30884178690667,112,1:42:01
60.5%,3022500,12090.000000628059,-3520127.0010289066,576436.221605644,312.431549461775,112,1:41:53
60.5%,3025000,12100.000000630096,-3518506.518675357,573599.7629029842,310.8941735054413,112,1:41:46
60.5%,3027500,12110.000000632133,-3521154.886901377,575349.1610259921,311.8423567488094,112,1:41:38
60.6%,3030000,12120.00000063417,-3518704.9350168686,574647.4070085195,311.4620022762725,112,1:41:30
60.6%,3032500,12130.000000636208,-3518888.022168549,574890.2610226447,311.59363046527625,112,1:41:22
60.7%,3035000,12140.000000638245,-3520495.595092563,574187.2877409676,311.21261514494677,112,1:41:15
60.8%,3037500,12150.000000640282,-3521348.562645128,572126.9568373758,310.0959046529861,112,1:41:07
60.8%,3040000,12160.00000064232,-3515472.0424450208,575541.5489707617,311.9466320553033,112,1:40:59
60.9%,3042500,12170.000000644357,-3520802.0502413455,574023.2099508906,311.1236840953968,112,1:40:52
60.9%,3045000,12180.000000646394,-3518993.710106775,574869.4647465174,311.5823587711496,112,1:40:44
61.0%,3047500,12190.000000648432,-3522360.8428498935,573246.9721540171,310.7029590116183,112,1:40:36
61.0%,3050000,12200.000000650469,-3518442.2490137853,571696.518598606,309.86260479977454,112,1:40:28
61.0%,3052500,12210.000000652506,-3520834.2591015063,573713.9377846986,310.9560569087852,112,1:40:21
61.1%,3055000,12220.000000654543,-3518361.8967303485,573842.052990841,311.0254960433579,112,1:40:13
61.1%,3057500,12230.00000065658,-3521562.3302621376,574190.0181362801,311.21409503397206,112,1:40:05
61.2%,3060000,12240.000000658618,-3516996.762206491,576742.1327994334,312.5973549831683,112,1:39:57
61.2%,3062500,12250.000000660655,-3520331.214673331,574132.558304439,311.1829514943729,112,1:39:50
61.3%,3065000,12260.000000662692,-3517468.90791459,574776.0689984054,311.5317377705912,112,1:39:42
61.4%,3067500,12270.00000066473,-3518417.0906770118,575570.4892324912,311.9623178336689,112,1:39:34
61.4%,3070000,12280.000000666767,-3516990.476033682,574689.6856426542,311.4849175246152,112,1:39:26
61.5%,3072500,12290.000000668804,-3517881.5328125004,573732.9883368188,310.96638241105916,112,1:39:19
61.5%,3075000,12300.000000670841,-3519183.2319241166,572092.4750690487,310.0772153480764,112,1:39:11
61.5%,3077500,12310.000000672879,-3517622.1665333025,573281.1891731105,310.7215048210117,112,1:39:03
61.6%,3080000,12320.000000674916,-3521837.510042567,574518.9588768911,311.3923826942858,112,1:38:56
61.6%,3082500,12330.000000676953,-3519870.9313880913,575188.6744541934,311.7553721589875,112,1:38:48
61.7%,3085000,12340.00000067899,-3519558.0054113083,572791.5678737321,310.4561274288898,112,1:38:40
61.8%,3087500,12350.000000681028,-3515475.8709466383,576250.2874413277,312.3307721391886,112,1:38:32
61.8%,3090000,12360.000000683065,-3517895.045359697,573868.0850194001,311.0396055436175,112,1:38:25
61.9%,3092500,12370.000000685102,-3519288.5147626027,574356.100577767,311.30411261542736,112,1:38:17
61.9%,3095000,12380.00000068714,-3518512.4375091847,572394.1788307589,310.2407404185291,112,1:38:09
62.0%,3097500,12390.000000689177,-3521233.425840879,574253.5880202787,311.2485502548835,112,1:38:01
62.0%,3100000,12400.000000691214,-3517210.87255908,573166.7245007288,310.6594643495589,112,1:37:54
62.0%,3102500,12410.000000693251,-3516966.0843277127,574422.2759833749,311.3399800431416,112,1:37:46
62.1%,3105000,12420.000000695289,-3519787.6732643824,574765.9755896957,311.52626708848567,112,1:37:38
62.1%,3107500,12430.000000697326,-3516965.0024108887,574625.0977563398,311.4499105409432,112,1:37:30
62.2%,3110000,12440.000000699363,-3518719.0886865295,574478.7921877487,311.37061213155033,112,1:37:23
62.2%,3112500,12450.0000007014,-3522623.618863836,574654.6913304455,311.46595041814976,112,1:37:15
62.3%,3115000,12460.000000703438,-3520387.4056399167,573171.7903862542,310.66221008690985,112,1:37:07
62.4%,3117500,12470.000000705475,-3519274.6573063526,574847.9441726352,311.5706945037228,112,1:37:00
62.4%,3120000,12480.000000707512,-3520593.78627629,574770.6089674201,311.5287784042695,112,1:36:52
62.5%,3122500,12490.00000070955,-3518013.3375188224,575376.859079422,311.8573692435587,112,1:36:44
62.5%,3125000,12500.000000711587,-3516821.633446509,574300.5021910364,311.2739779891447,112,1:36:36
62.5%,3127500,12510.000000713624,-3519801.576520093,574397.5349211296,311.32657025360567,112,1:36:29
62.6%,3130000,12520.000000715661,-3520360.4102405943,572692.6776325318,310.4025283833635,112,1:36:21
62.6%,3132500,12530.000000717699,-3522085.9538637623,576600.0808766057,312.52036207278275,112,1:36:13
62.7%,3135000,12540.000000719736,-3517644.495042775,575776.7449150226,312.0741095290261,112,1:36:05
62.8%,3137500,12550.000000721773,-3516539.1784823425,572456.0202740838,310.27425881524806,112,1:35:58
62.8%,3140000,12560.00000072381,-3517667.1420668643,574034.9310993382,311.130037021243,112,1:35:50
62.9%,3142500,12570.000000725848,-3521119.7754240707,572375.5422980217,310.23063931699966,112,1:35:42
62.9%,3145000,12580.000000727885,-3519527.421959175,573059.2034129142,310.60118733849225,112,1:35:35
63.0%,3147500,12590.000000729922,-3521625.284704294,573887.0120184327,311.0498640794499,112,1:35:27
63.0%,3150000,12600.00000073196,-3521937.88298662,573219.9886640785,310.6883338141456,112,1:35:19
63.0%,3152500,12610.000000733997,-3518047.465446707,575140.7454687092,311.72939438965636,112,1:35:11
63.1%,3155000,12620.000000736034,-3518552.2134324536,573119.6648749821,310.633957777907,112,1:35:04
63.1%,3157500,12630.000000738071,-3515474.914999256,573176.2137444983,310.6646075709996,112,1:34:56
63.2%,3160000,12640.000000740109,-3518935.9083885215,573376.7394755792,310.7732936016832,112,1:34:48
63.2%,3162500,12650.000000742146,-3516511.7266357914,571826.375693004,309.93298804720195,112,1:34:40
63.3%,3165000,12660.000000744183,-3519967.0120734535,572098.2595514425,310.08035056881613,112,1:34:33
63.4%,3167500,12670.00000074622,-3519179.9211876597,575784.1104913147,312.0781017112092,112,1:34:25
63.4%,3170000,12680.000000748258,-3516857.929657027,574227.452164478,311.23438447969755,112,1:34:17
63.5%,3172500,12690.000000750295,-3520214.1413955484,572760.9811123889,310.4395492388294,112,1:34:09
63.5%,3175000,12700.000000752332,-3518491.7910554837,575002.0141827315,311.6542012824014,112,1:34:02
63.5%,3177500,12710.00000075437,-3520188.199853707,577033.3824849904,312.7552138878106,112,1:33:54
63.6%,3180000,12720.000000756407,-3519008.410497602,573934.5010055869,311.0756033673066,112,1:33:46
63.6%,3182500,12730.000000758444,-3521993.3378839195,572515.7990892517,310.3066592563513,112,1:33:39
63.7%,3185000,12740.000000760481,-3520324.8298360873,573684.9300535397,310.94033456162407,112,1:33:31
63.8%,3187500,12750.000000762519,-3521417.592770865,574781.120375958,311.53447564454245,112,1:33:23
63.8%,3190000,12760.000000764556,-3519576.754196763,575814.7315381503,312.0946984841919,112,1:33:15
63.9%,3192500,12770.000000766593,-3520183.6524697207,573736.3621960662,310.96821106101703,112,1:33:08
63.9%,3195000,12780.00000076863,-3519286.5955132525,571907.4071855652,309.97690755438623,112,1:33:00
64.0%,3197500,12790.000000770668,-3522452.468413342,573759.6443095852,310.9808300924534,112,1:32:52
64.0%,3200000,12800.000000772705,-3518648.409940634,573184.6323719991,310.6691705126327,112,1:32:44
64.0%,3202500,12810.000000774742,-3520139.957108924,574228.5607695053,311.23498534961766,112,1:32:37
64.1%,3205000,12820.00000077678,-3519385.840694282,574989.9529439351,311.6476640257469,112,1:32:29
64.2%,3207500,12830.000000778817,-3519361.943555698,573533.657331535,310.8583439282187,112,1:32:21
64.2%,3210000,12840.000000780854,-3520219.748432122,572349.6701536381,310.2166164748279,112,1:32:13
64.2%,3212500,12850.000000782891,-3519809.130055804,572579.48119959,310.3411753045458,112,1:32:06
64.3%,3215000,12860.000000784928,-3520565.6567658745,576271.1824994012,312.34209737366433,112,1:31:58
64.3%,3217500,12870.000000786966,-3519090.8426219244,573674.8399151985,310.9348656520759,112,1:31:50
64.4%,3220000,12880.000000789003,-3520272.695616901,575823.603618968,312.0995071999751,112,1:31:43
64.5%,3222500,12890.00000079104,-3519709.405149812,574414.4782409684,311.3357536245873,112,1:31:35
64.5%,3225000,12900.000000793078,-3520214.770701565,574622.3135421234,311.448401481781,112,1:31:27
64.5%,3227500,12910.000000795115,-3520320.9162281975,574798.0192161311,311.5436349073047,112,1:31:19
64.6%,3230000,12920.000000797152,-3517519.7568839677,574540.9835556113,311.4043201892611,112,1:31:12
64.7%,3232500,12930.00000079919,-3517530.945504945,574593.9107831734,311.4330070328287,112,1:31:04
64.7%,3235000,12940.000000801227,-3520508.1214717813,575716.5296117947,312.0414725090338,112,1:30:56
64.8%,3237500,12950.000000803264,-3521651.3193130568,574892.1889067262,311.5946753888744,112,1:30:48
64.8%,3240000,12960.000000805301,-3519064.9783328082,572953.3635057849,310.54382153644883,112,1:30:41
64.8%,3242500,12970.000000807338,-3518518.178123707,575031.5566882815,311.67021348017454,112,1:30:33
64.9%,3245000,12980.000000809376,-3518858.2169488817,574492.9997035952,311.37831268197294,112,1:30:25
65.0%,3247500,12990.000000811413,-3519550.5310328286,572870.3328034817,310.4988184467727,112,1:30:18
65.0%,3250000,13000.00000081345,-3521908.6600380037,576022.6649595601,312.20739952309435,112,1:30:10
65.0%,3252500,13010.000000815488,-3520115.550630925,571917.6273613092,309.98244694490995,112,1:30:02
65.1%,3255000,13020.000000817525,-3519048.294882968,576920.779736466,312.6941825891578,112,1:29:54
65.2%,3257500,13030.000000819562,-3520977.9975056425,573906.7396386313,311.0605565562839,112,1:29:47
65.2%,3260000,13040.0000008216,-3522909.957264794,572200.8611504998,310.1359611903719,112,1:29:39
65.2%,3262500,13050.000000823637,-3518057.814411942,575452.8769052534,311.8985713162617,112,1:29:31
65.3%,3265000,13060.000000825674,-3520963.7584739663,576953.1495791348,312.7117272189395,112,1:29:23
65.3%,3267500,13070.000000827711,-3519161.1261762157,575439.4375312943,311.8912871028961,112,1:29:16
65.4%,3270000,13080.000000829748,-3518815.5319568645,575104.5989605524,311.70980278675603,112,1:29:08
65.5%,3272500,13090.000000831786,-3518425.4243425652,576268.3594785316,312.34056728108624,112,1:29:00
65.5%,3275000,13100.000000833823,-3520651.2000034954,574896.3327444063,311.5969213713068,112,1:28:52
65.5%,3277500,13110.00000083586,-3524463.6085983254,574526.3851303908,311.3964077638436,112,1:28:45
65.6%,3280000,13120.000000837897,-3518038.4860887043,572171.5125544644,310.1200540926043,112,1:28:37
65.7%,3282500,13130.000000839935,-3519579.9293050542,574974.0632832614,311.63905174373093,112,1:28:29
65.7%,3285000,13140.000000841972,-3519207.564857362,573995.2048865996,311.1085051991004,112,1:28:21
65.8%,3287500,13150.00000084401,-3519868.1257506646,573869.2026659339,311.04021131408297,112,1:28:14
65.8%,3290000,13160.000000846047,-3518846.49162131,574095.7950016668,311.16302558545544,112,1:28:06
65.8%,3292500,13170.000000848084,-3518925.6159036793,575732.6297474185,312.050198869611,112,1:27:58
65.9%,3295000,13180.000000850121,-3520491.3157058973,574664.2364522044,311.47112392576287,112,1:27:51
66.0%,3297500,13190.000000852158,-3521901.3873791248,572620.6537731306,310.36349106206495,112,1:27:43
66.0%,3300000,13200.000000854196,-3517587.4081532657,574198.6878347034,311.21879405740293,112,1:27:35
66.0%,3302500,13210.000000856233,-3520106.1125453617,573313.0817768895,310.7387907847342,112,1:27:27
66.1%,3305000,13220.00000085827,-3518871.629679717,572254.5294160702,310.1650496805476,112,1:27:20
66.2%,3307500,13230.000000860307,-3517249.148570556,574325.3724942442,311.2874578279813,112,1:27:12
66.2%,3310000,13240.000000862345,-3522343.237525517,574837.5788973848,311.5650764684819,112,1:27:04
66.2%,3312500,13250.000000864382,-3520777.371189369,572761.2462126372,310.43969292459764,112,1:26:56
66.3%,3315000,13260.00000086642,-3520112.5425678585,574712.3111042797,311.4971806471741,112,1:26:49
66.3%,3317500,13270.000000868456,-3520353.809303073,574177.2236040076,311.2071603282879,112,1:26:41
66.4%,3320000,13280.000000870494,-3518106.349309895,575173.6167434491,311.74721079833233,112,1:26:33
66.5%,3322500,13290.000000872531,-3518139.8682025876,573594.9306400659,310.8915543928069,112,1:26:25
66.5%,3325000,13300.000000874568,-3517972.17411316,575166.9836783371,311.7436156411702,112,1:26:18
66.5%,3327500,13310.000000876606,-3516588.3941661585,573086.9631998444,310.6162332931326,112,1:26:10
66.6%,3330000,13320.000000878643,-3520982.804759983,573086.5871680322,310.6160294818568,112,1:26:02
66.7%,3332500,13330.00000088068,-3516950.867392216,572701.2193040628,310.40715801552636,112,1:25:55
66.7%,3335000,13340.000000882717,-3520172.130751265,574433.0837115922,311.3458378902833,112,1:25:47
66.8%,3337500,13350.000000884755,-3518119.731153216,573529.9900959943,310.85635626672337,112,1:25:39
66.8%,3340000,13360.000000886792,-3518964.1663558297,572864.7571998667,310.4957964394606,112,1:25:31
66.8%,3342500,13370.00000088883,-3521507.345226651,573872.1636516834,311.0418161843722,112,1:25:24
66.9%,3345000,13380.000000890866,-3520481.542332871,574878.4861334614,311.58724841166065,112,1:25:16
67.0%,3347500,13390.000000892904,-3521472.699988745,573113.3578423685,310.6305393321222,112,1:25:08
67.0%,3350000,13400.000000894941,-3518203.3612205274,573878.7574240586,311.04539004465846,112,1:25:00
67.0%,3352500,13410.000000896978,-3518500.9648141135,574036.7377249651,311.13101622210297,112,1:24:53
67.1%,3355000,13420.000000899016,-3518441.0827189013,572750.0820974904,310.43364191381283,112,1:24:45
67.2%,3357500,13430.000000901053,-3520991.9145216905,573706.9654330772,310.9522778565001,112,1:24:37
67.2%,3360000,13440.00000090309,-3516641.790462192,572646.0717620024,310.3772677494933,112,1:24:30
67.2%,3362500,13450.000000905127,-3517025.6033659335,574096.976140284,311.1636657689736,112,1:24:22
67.3%,3365000,13460.000000907165,-3520755.2790077366,575133.6902727815,311.72557043530924,112,1:24:14
67.3%,3367500,13470.000000909202,-3519308.0381454267,575584.7674668151,311.9700567138887,112,1:24:06
67.4%,3370000,13480.00000091124,-3520481.4405010417,575011.0364502958,311.65909140021347,112,1:23:59
67.5%,3372500,13490.000000913276,-3519893.9636127986,573403.1145021789,310.7875890087356,112,1:23:51
67.5%,3375000,13500.000000915314,-3522929.023033155,574961.2042242102,311.63208206418375,112,1:23:43
67.5%,3377500,13510.000000917351,-3518540.658649249,574550.4792490043,311.4094669064325,112,1:23:35
67.6%,3380000,13520.000000919388,-3522728.371409977,573034.7407833978,310.5879284610011,112,1:23:28
67.7%,3382500,13530.000000921425,-3518487.211055966,573540.5720123793,310.86209172263074,112,1:23:20
67.7%,3385000,13540.000000923463,-3517817.735011881,574148.0768816812,311.1913626471623,112,1:23:12
67.8%,3387500,13550.0000009255,-3522410.989738604,571280.0766798584,309.63689102770667,112,1:23:04
67.8%,3390000,13560.000000927537,-3521102.800664386,572501.1581947075,310.29872381233076,112,1:22:57
67.8%,3392500,13570.000000929575,-3519505.473349562,574847.6693145515,311.57054552915497,112,1:22:49
67.9%,3395000,13580.000000931612,-3519248.670337992,576033.1307299254,312.2130720272309,112,1:22:41
68.0%,3397500,13590.000000933649,-3517815.1833046507,573921.3979930943,311.06850146367486,112,1:22:34
68.0%,3400000,13600.000000935686,-3518990.0794077665,573302.0603310273,310.7328171014732,112,1:22:26
68.0%,3402500,13610.000000937724,-3520220.4869987573,571988.5364084411,310.0208800319296,112,1:22:18
68.1%,3405000,13620.00000093976,-3518365.409216106,573227.9765270692,310.69266327908474,112,1:22:10
68.2%,3407500,13630.000000941798,-3515965.9013329465,574886.7453402174,311.59172494638796,112,1:22:03
68.2%,3410000,13640.000000943835,-3520929.007779898,573340.1290336838,310.75345054418756,112,1:21:55
68.2%,3412500,13650.000000945873,-3518521.1353016384,574621.8232481254,311.4481357397826,112,1:21:47
68.3%,3415000,13660.00000094791,-3519028.397570858,575157.9580808617,311.7387237185283,112,1:21:39
68.3%,3417500,13670.000000949947,-3519554.5695459023,574087.9217158682,311.1587582219741,112,1:21:32
68.4%,3420000,13680.000000951984,-3518578.915503975,574064.8332638827,311.1462441561362,112,1:21:24
68.5%,3422500,13690.000000954022,-3520043.5866621267,573345.5712466532,310.7564002530483,112,1:21:16
68.5%,3425000,13700.000000956059,-3521239.121315185,574252.1643002309,311.2477785909182,112,1:21:08
68.5%,3427500,13710.000000958096,-3518496.3552286383,573903.8393664162,311.05898459305877,112,1:21:01
68.6%,3430000,13720.000000960134,-3518218.6708359625,574595.6418315764,311.4339452704246,112,1:20:53
68.7%,3432500,13730.00000096217,-3519706.3897870444,575634.510846818,311.9970178948612,112,1:20:45
68.7%,3435000,13740.000000964208,-3521351.348051926,573999.1828434181,311.11066127320873,112,1:20:38
68.8%,3437500,13750.000000966245,-3521627.8546694405,576255.3610045833,312.3335220379108,112,1:20:30
68.8%,3440000,13760.000000968283,-3518853.766470855,573498.8478112211,310.83947697995967,112,1:20:22
68.8%,3442500,13770.00000097032,-3519838.5937644616,575083.0249929528,311.69810957964563,112,1:20:14
68.9%,3445000,13780.000000972357,-3518925.762068728,575562.3826614518,311.9579240283254,112,1:20:07
69.0%,3447500,13790.000000974394,-3519772.5087060686,574590.8575440431,311.4313521607083,112,1:19:59
69.0%,3450000,13800.000000976432,-3517568.0998951048,574492.4951754491,311.3780392249893,112,1:19:51
69.0%,3452500,13810.000000978469,-3519486.857192589,572815.3558267365,310.4690206280628,112,1:19:43
69.1%,3455000,13820.000000980506,-3519881.7240800913,574601.637834054,311.4371951361937,112,1:19:36
69.2%,3457500,13830.000000982543,-3516769.9168606475,572941.3516133497,310.53731102578894,112,1:19:28
69.2%,3460000,13840.00000098458,-3516354.3644619994,573854.6852677655,311.03234280576606,112,1:19:20
69.2%,3462500,13850.000000986618,-3520350.152552437,573812.9757035947,311.0097359964213,112,1:19:12
69.3%,3465000,13860.000000988655,-3518032.184278263,576080.7221569587,312.23886683805614,112,1:19:05
69.3%,3467500,13870.000000990693,-3519959.4360770546,574454.7640866833,311.3575887708295,112,1:18:57
69.4%,3470000,13880.00000099273,-3521131.0880823713,574766.7602955139,311.52669240328277,112,1:18:49
69.5%,3472500,13890.000000994767,-3515827.3063017186,573462.2614076812,310.8196469513827,112,1:18:42
69.5%,3475000,13900.000000996804,-3522096.5798461176,576570.5909857731,312.504378392471,112,1:18:34
69.5%,3477500,13910.000000998842,-3518813.508286247,574477.0625431235,311.36967465480956,112,1:18:26
69.6%,3480000,13920.000001000879,-3521120.822379999,574123.8594055832,311.1782366441497,112,1:18:18
69.7%,3482500,13930.000001002916,-3518472.421795916,574618.9845337223,311.4465971412244,112,1:18:11
69.7%,3485000,13940.000001004953,-3521732.5156895723,575472.0441640755,311.90896007419934,112,1:18:03
69.8%,3487500,13950.00000100699,-3519175.010884855,573262.6675963028,310.7114660262177,112,1:17:55
69.8%,3490000,13960.000001009028,-3518326.939091116,575017.1166807942,311.6623869180253,112,1:17:47
69.8%,3492500,13970.000001011065,-3516576.0647519566,574524.8632268184,311.395582883877,112,1:17:40
69.9%,3495000,13980.000001013103,-3518050.089711804,575008.9118940232,311.65793987922416,112,1:17:32
70.0%,3497500,13990.00000101514,-3519722.724024687,577081.7100262236,312.781407676513,112,1:17:24
70.0%,3500000,14000.000001017177,-3524677.3547179066,574876.8504168149,311.58636184439234,112,1:17:16
70.0%,3502500,14010.000001019214,-3519189.6958553456,572296.5604847346,310.1878307470666,112,1:17:09
70.1%,3505000,14020.000001021252,-3518513.4242268167,574005.8558956647,311.1142781036141,112,1:17:01
70.2%,3507500,14030.000001023289,-3519946.8554003816,575200.9043918615,311.76200085134275,112,1:16:53
70.2%,3510000,14040.000001025326,-3521054.264013134,575210.7931541661,311.76736061399,112,1:16:46
70.2%,3512500,14050.000001027363,-3519510.226218855,574906.9181955367,311.6026587430653,112,1:16:38
70.3%,3515000,14060.0000010294,-3522375.6436883267,574600.7836150826,311.43673214489166,112,1:16:30
70.3%,3517500,14070.000001031438,-3521135.94886481,575813.3665489571,312.0939586526673,112,1:16:22
70.4%,3520000,14080.000001033475,-3522265.443195086,577585.946165704,313.0547063910069,112,1:16:15
70.5%,3522500,14090.000001035512,-3522360.645931199,574377.67573157,311.3158064654664,112,1:16:07
70.5%,3525000,14100.00000103755,-3519945.1965570524,574105.020312496,311.16802575381513,112,1:15:59
70.5%,3527500,14110.000001039587,-3521299.8919291366,573314.7544607155,310.73969738841373,112,1:15:51
70.6%,3530000,14120.000001041624,-3518797.724735301,573363.6442315672,310.76619590860986,112,1:15:44
70.7%,3532500,14130.000001043662,-3520263.616237847,572136.9631370078,310.1013281215005,112,1:15:36
70.7%,3535000,14140.000001045699,-3519182.7708568387,574833.0948708754,311.5626461018643,112,1:15:28
70.8%,3537500,14150.000001047736,-3520471.053700218,574430.0431691369,311.3441898998293,112,1:15:21
70.8%,3540000,14160.000001049773,-3518329.4733079113,576306.4498335643,312.36121245950557,112,1:15:13
70.8%,3542500,14170.00000105181,-3520729.8335973322,575737.0966890715,312.05261997614406,112,1:15:05
70.9%,3545000,14180.000001053848,-3517484.7398706917,576251.4323747972,312.3313926993208,112,1:14:57
71.0%,3547500,14190.000001055885,-3519037.7990030665,572677.873584688,310.3945045093722,112,1:14:50
71.0%,3550000,14200.000001057922,-3521804.8531059176,571848.0891668746,309.9447568674657,112,1:14:42
71.0%,3552500,14210.00000105996,-3520108.0171350203,574699.0684971252,311.4900030824807,112,1:14:34
71.1%,3555000,14220.000001061997,-3518998.011460731,573612.6855077703,310.9011776271205,112,1:14:26
71.2%,3557500,14230.000001064034,-3519650.7900031116,574937.8818332965,311.6194412021816,112,1:14:19
71.2%,3560000,14240.000001066071,-3519027.0251984037,574086.1324676324,311.1577884397541,112,1:14:11
71.2%,3562500,14250.000001068109,-3523220.9022251796,572946.7996311642,310.5402638809071,112,1:14:03
71.3%,3565000,14260.000001070146,-3519458.975258788,573840.2988288081,311.0245452780497,112,1:13:56
71.3%,3567500,14270.000001072183,-3522042.060100587,572279.8197123058,310.17875715787653,112,1:13:48
71.4%,3570000,14280.00000107422,-3518860.034074655,573487.7281046696,310.83345003887365,112,1:13:40
71.5%,3572500,14290.000001076258,-3520149.7202124,574956.0772040469,311.62930319152844,112,1:13:32
71.5%,3575000,14300.000001078295,-3519125.5005523805,572456.7736881035,310.27466716972117,112,1:13:25
71.5%,3577500,14310.000001080332,-3521935.9901229218,574367.7580724186,311.3104310405719,112,1:13:17
71.6%,3580000,14320.00000108237,-3520114.22940189,575434.4189655131,311.88856701310243,112,1:13:09
71.7%,3582500,14330.000001084407,-3516680.784500556,575399.8067191795,311.8698069884075,112,1:13:01
71.7%,3585000,14340.000001086444,-3519554.8138560615,572024.8932850382,310.0405856556622,112,1:12:54
71.8%,3587500,14350.000001088481,-3518561.092777675,576098.1378312121,312.248306227685,112,1:12:46
71.8%,3590000,14360.000001090519,-3518831.733124787,574894.5727726442,311.5959674570938,112,1:12:38
71.8%,3592500,14370.000001092556,-3519511.391045125,574887.4862493768,311.59212652315915,112,1:12:30
71.9%,3595000,14380.000001094593,-3521978.6327483505,573916.8821279993,311.06605384037175,112,1:12:23
72.0%,3597500,14390.00000109663,-3519695.2225102615,574006.148296516,311.1144365864568,112,1:12:15
72.0%,3600000,14400.000001098668,-3517917.4049304444,572011.6713069716,310.03341927204605,112,1:12:07
72.0%,3602500,14410.000001100705,-3517578.2841723133,573757.1707393081,310.97948940398624,112,1:12:00
72.1%,3605000,14420.000001102742,-3521998.2407225743,574263.7339746582,311.25404941702624,112,1:11:52
72.2%,3607500,14430.00000110478,-3521855.1006421465,573029.7353783377,310.58521550438945,112,1:11:44
72.2%,3610000,14440.000001106817,-3520531.8940161653,575263.0308606708,311.79567373341564,112,1:11:36
72.2%,3612500,14450.000001108854,-3515451.8775069807,574404.7339665832,311.3304721751737,112,1:11:29
72.3%,3615000,14460.000001110891,-3518448.0094242655,575997.9105313367,312.1939824891259,112,1:11:21
72.3%,3617500,14470.000001112929,-3517272.5717917196,572650.4346925429,310.3796324814408,112,1:11:13
72.4%,3620000,14480.000001114966,-3519563.4269456547,574545.5018622654,311.4067691359025,112,1:11:05
72.5%,3622500,14490.000001117003,-3518529.939668048,573722.3401402782,310.96061103094905,112,1:10:58
72.5%,3625000,14500.00000111904,-3518485.837289855,574665.1043861544,311.4715943506576,112,1:10:50
72.5%,3627500,14510.000001121078,-3519594.6440162845,576239.5939648387,312.32497621710155,112,1:10:42
72.6%,3630000,14520.000001123115,-3521348.295063533,574898.8698379325,311.59829648971856,112,1:10:34
72.7%,3632500,14530.000001125152,-3519373.5874806177,573655.3484592882,310.92430117756334,112,1:10:27
72.7%,3635000,14540.00000112719,-3519883.532402845,574918.444155291,311.6089058755841,112,1:10:19
72.8%,3637500,14550.000001129227,-3520686.533238044,573442.4456613846,310.80890670972695,112,1:10:11
72.8%,3640000,14560.000001131264,-3517653.3552081976,572513.1786871962,310.30523898426617,112,1:10:04
72.8%,3642500,14570.000001133301,-3519350.05771609,573635.6999884307,310.9136516001001,112,1:09:56
72.9%,3645000,14580.000001135339,-3520806.5131183006,574187.4863635211,311.2127227994449,112,1:09:48
73.0%,3647500,14590.000001137376,-3521227.6758680716,573248.0672725128,310.70355257176533,112,1:09:40
73.0%,3650000,14600.000001139413,-3520105.2593691107,574314.0019661684,311.28129494027274,112,1:09:33
73.0%,3652500,14610.00000114145,-3521847.256624868,574986.6332292813,311.6458647224516,112,1:09:25
73.1%,3655000,14620.000001143488,-3517109.31383574,576081.5055211848,312.2392914257031,112,1:09:17
73.2%,3657500,14630.000001145525,-3520567.975822944,575183.0623373811,311.752330361325,112,1:09:09
73.2%,3660000,14640.000001147562,-3519093.025350116,576134.3641818254,312.2679411056285,112,1:09:02
73.2%,3662500,14650.0000011496,-3518370.0413543843,575012.6195144422,311.65994942954194,112,1:08:54
73.3%,3665000,14660.000001151637,-3518914.081070142,572372.3689637615,310.2289193526693,112,1:08:46
73.3%,3667500,14670.000001153674,-3519396.5465766843,574433.9443582705,311.3463043654373,112,1:08:39
73.4%,3670000,14680.000001155711,-3519220.007445583,575661.6931540708,312.01175085239333,112,1:08:31
73.5%,3672500,14690.000001157749,-3519742.9568624888,573439.915677092,310.8075354445583,112,1:08:23
73.5%,3675000,14700.000001159786,-3518536.14975952,574487.2880851043,311.3752169538626,112,1:08:15
73.5%,3677500,14710.000001161823,-3520143.1516244337,574783.3142582366,311.5356647406019,112,1:08:08
73.6%,3680000,14720.00000116386,-3519992.4246454705,574831.3219235991,311.5616851548525,112,1:08:00
73.7%,3682500,14730.000001165898,-3522033.7841593865,575770.6809662248,312.07082283598396,112,1:07:52
73.7%,3685000,14740.000001167935,-3520545.695560675,573344.0120535705,310.7555551619654,112,1:07:44
73.8%,3687500,14750.000001169972,-3519457.709032906,574089.3987729369,311.15955879489326,112,1:07:37
73.8%,3690000,14760.00000117201,-3520156.642004339,574549.0498056528,311.4086921404056,112,1:07:29
73.8%,3692500,14770.000001174047,-3517965.2373758797,574772.9669113585,311.5300564226358,112,1:07:21
73.9%,3695000,14780.000001176084,-3518685.1039222926,571138.8762187671,309.56035961418695,112,1:07:13
74.0%,3697500,14790.000001178121,-3515956.9877835717,575872.7915247193,312.1261673108992,112,1:07:06
74.0%,3700000,14800.000001180159,-3519401.072312791,571943.458401957,309.99644750863456,112,1:06:58
74.0%,3702500,14810.000001182196,-3520040.368358923,574645.9833332375,311.46123063657046,112,1:06:50
74.1%,3705000,14820.000001184233,-3518667.923416842,574788.6400394916,311.53855134284373,112,1:06:43
74.2%,3707500,14830.00000118627,-3521225.7955709044,573902.3326807409,311.0581679612746,112,1:06:35
74.2%,3710000,14840.000001188308,-3518477.6457111817,574634.3821613919,311.4549427386913,112,1:06:27
74.2%,3712500,14850.000001190345,-3522213.8248900343,574988.0420447849,311.6466283080734,112,1:06:19
74.3%,3715000,14860.000001192382,-3517141.61506154,575785.8388631198,312.07903849807457,112,1:06:12
74.3%,3717500,14870.00000119442,-3520773.5444873646,574420.5046434195,311.33901996730646,112,1:06:04
74.4%,3720000,14880.000001196457,-3517081.690770641,574234.3392871434,311.2381173374276,112,1:05:56
74.5%,3722500,14890.000001198494,-3517272.14750625,575073.7252598905,311.69306907403313,112,1:05:48
74.5%,3725000,14900.000001200531,-3519307.2374503817,572299.8024266416,310.18958789711246,112,1:05:41
74.5%,3727500,14910.000001202568,-3517822.7669286598,572678.8712789766,310.39504526507216,112,1:05:33
74.6%,3730000,14920.000001204606,-3518826.641723614,572101.0062061008,310.08183927049475,112,1:05:25
74.7%,3732500,14930.000001206643,-3518133.8683687,575421.8225531988,311.881739689507,112,1:05:18
74.7%,3735000,14940.00000120868,-3519177.201926969,573944.2785385661,311.08090284305797,112,1:05:10
74.8%,3737500,14950.000001210718,-3516903.3988123406,572727.062592986,310.4211652178826,112,1:05:02
74.8%,3740000,14960.000001212755,-3519832.362742709,576137.9040181683,312.26985971606973,112,1:04:54
74.8%,3742500,14970.000001214792,-3521637.6451282706,571773.7600920901,309.9044701069629,112,1:04:47
74.9%,3745000,14980.00000121683,-3520680.12529446,571467.5741673481,309.73851567990744,112,1:04:39
75.0%,3747500,14990.000001218867,-3519644.4052780513,575201.2259723246,311.76217514969284,112,1:04:31
75.0%,3750000,15000.000001220904,-3518959.552359026,573826.4092873628,311.0170170714721,112,1:04:23
75.0%,3752500,15010.000001222941,-3518930.503717499,575036.0772631709,311.6726636562118,112,1:04:16
75.1%,3755000,15020.000001224978,-3521049.9767286964,574374.4676874011,311.31406768817783,112,1:04:08
75.2%,3757500,15030.000001227016,-3516280.3973851074,573306.6604523417,310.735310392103,112,1:04:00
75.2%,3760000,15040.000001229053,-3520245.592450533,572825.8762611793,310.47472276042504,112,1:03:53
75.2%,3762500,15050.00000123109,-3521521.5673926417,574973.3103227577,311.6386436350659,112,1:03:45
75.3%,3765000,15060.000001233127,-3518648.5889603663,574200.5110911662,311.21978227226595,112,1:03:37
75.3%,3767500,15070.000001235165,-3521176.08975929,575232.4740430354,311.77911177300683,112,1:03:29
75.4%,3770000,15080.000001237202,-3516642.692442378,570539.3631277541,309.23542027670726,112,1:03:22
75.5%,3772500,15090.00000123924,-3515131.554755762,574392.8259382058,311.3240179593949,112,1:03:14
75.5%,3775000,15100.000001241277,-3520119.2033254504,575948.1610543898,312.1670180035769,112,1:03:06
75.5%,3777500,15110.000001243314,-3517744.7070666477,574973.1826498902,311.6385744356813,112,1:02:58
75.6%,3780000,15120.000001245351,-3519784.2875132766,574473.5777278652,311.3677858660938,112,1:02:51
75.7%,3782500,15130.000001247388,-3516299.2734864093,574955.941066026,311.6292294039849,112,1:02:43
75.7%,3785000,15140.000001249426,-3519966.036798291,574507.2967109204,311.38606173726106,112,1:02:35
75.8%,3787500,15150.000001251463,-3519101.3339974247,573970.0612766586,311.0948772265364,112,1:02:27
75.8%,3790000,15160.0000012535,-3520082.220520379,576833.3166735575,312.64677713606346,112,1:02:20
75.8%,3792500,15170.000001255537,-3520211.682375245,574023.0743675982,311.1236106085191,112,1:02:12
75.9%,3795000,15180.000001257575,-3520471.6686791275,573361.5296316377,310.76504978401243,112,1:02:04
76.0%,3797500,15190.000001259612,-3523073.8499870505,575427.2485076296,311.88468058615194,112,1:01:57
76.0%,3800000,15200.00000126165,-3519375.282793317,575840.1323548575,312.10846586421417,112,1:01:49
76.0%,3802500,15210.000001263686,-3522963.1614043824,576410.5134887921,312.41761552341245,112,1:01:41
76.1%,3805000,15220.000001265724,-3520674.423129037,573588.3990571377,310.8880142395371,112,1:01:33
76.2%,3807500,15230.000001267761,-3520892.168828631,574857.8214105014,311.57604802006205,112,1:01:26
76.2%,3810000,15240.000001269798,-3520576.106582312,572510.9807690256,310.3040477007314,112,1:01:18
76.2%,3812500,15250.000001271836,-3521385.1295891553,576296.7775438927,312.3559700261961,112,1:01:10
76.3%,3815000,15260.000001273873,-3519071.850763906,574096.341135642,311.1633215930235,112,1:01:02
76.3%,3817500,15270.00000127591,-3518715.356649166,574040.6000894787,311.13310964455695,112,1:00:55
76.4%,3820000,15280.000001277947,-3520732.6712237317,573372.8902036666,310.7712072754898,112,1:00:47
76.5%,3822500,15290.000001279985,-3522490.9521554,571445.6963703965,309.72665779564517,112,1:00:39
76.5%,3825000,15300.000001282022,-3522591.1642702874,574174.4666531183,311.20566604599634,112,1:00:32
76.5%,3827500,15310.00000128406,-3523371.453482682,572900.6876794284,310.51527095369414,112,1:00:24
76.6%,3830000,15320.000001286096,-3518978.128807526,576025.6953079717,312.2090419883215,112,1:00:16
76.7%,3832500,15330.000001288134,-3517961.795687033,573736.562307592,310.9683195225462,112,1:00:08
76.7%,3835000,15340.000001290171,-3518430.8866345845,574364.6508920321,311.3087469319988,112,1:00:01
76.8%,3837500,15350.000001292208,-3516650.9013729133,572867.6050092726,310.4973399675595,112,59:53
76.8%,3840000,15360.000001294246,-3521630.802510781,573542.2932389673,310.86302463674974,112,59:45
76.8%,3842500,15370.000001296283,-3516587.6085662767,572878.6418697021,310.5033220055994,112,59:37
76.9%,3845000,15380.00000129832,-3519904.1265442856,574422.6164667476,311.34016458697096,112,59:30
77.0%,3847500,15390.000001300357,-3516747.863173686,572130.9197265741,310.0980525603628,112,59:22
77.0%,3850000,15400.000001302395,-3521844.8337426,573163.004270255,310.6574479645232,112,59:14
77.0%,3852500,15410.000001304432,-3519822.063541731,573428.5230274774,310.80136056685603,112,59:07
77.1%,3855000,15420.00000130647,-3518869.1408472154,571909.7346698777,309.97816906347055,112,58:59
77.2%,3857500,15430.000001308506,-3518599.8143702466,573295.3075509615,310.7291570581587,112,58:51
77.2%,3860000,15440.000001310544,-3519962.11986723,577105.1492114974,312.7941118416899,112,58:43
77.2%,3862500,15450.000001312581,-3522444.6082169972,573783.7751090726,310.99390911627427,112,58:36
77.3%,3865000,15460.000001314618,-3516983.999704981,572331.9980055641,310.2070380750013,112,58:28
77.3%,3867500,15470.000001316655,-3522052.048373727,572391.8236385579,310.2394638916194,112,58:20
77.4%,3870000,15480.000001318693,-3521784.4271021374,576201.5698044511,312.3043669165378,112,58:12
77.5%,3872500,15490.00000132073,-3519701.814148087,572348.570737065,310.2160205850997,112,58:05
77.5%,3875000,15500.000001322767,-3518237.5436539017,571793.0468250427,309.91492362052526,112,57:57
77.5%,3877500,15510.000001324805,-3520251.5678950846,574285.2906377361,311.2657332449923,112,57:49
77.6%,3880000,15520.000001326842,-3519403.497319052,574972.2051583659,311.6380446299888,112,57:41
77.7%,3882500,15530.000001328879,-3517058.828106206,575456.637506291,311.9006095823613,112,57:34
77.7%,3885000,15540.000001330916,-3517736.0053044762,574479.5388321182,311.3710168168364,112,57:26
77.8%,3887500,15550.000001332954,-3519341.5767218675,572680.057575406,310.3956882441524,112,57:18
77.8%,3890000,15560.00000133499,-3520964.837387517,573715.6938065258,310.9570086821121,112,57:11
77.8%,3892500,15570.000001337028,-3519252.3385315742,574883.7946740281,311.5901256693562,112,57:03
77.9%,3895000,15580.000001339065,-3519148.3287720066,574649.339497868,311.4630496959502,112,56:55
78.0%,3897500,15590.000001341103,-3523011.9362855963,574124.2357290823,311.17844061352133,112,56:47
78.0%,3900000,15600.00000134314,-3523235.4930716455,576001.4356932042,312.1958931459221,112,56:40
78.0%,3902500,15610.000001345177,-3521982.014829306,571620.8551049231,309.8215947770123,112,56:32
78.1%,3905000,15620.000001347214,-3523056.414714247,575117.781668572,311.7169478857944,112,56:24
78.2%,3907500,15630.000001349252,-3519287.756405566,573848.5139622018,311.0289979247762,112,56:16
78.2%,3910000,15640.000001351289,-3519104.5002223607,573463.128677414,310.8201170162681,112,56:09
78.2%,3912500,15650.000001353326,-3519635.2402469665,575121.0185714101,311.7187023046377,112,56:01
78.3%,3915000,15660.000001355364,-3520212.9723288137,572975.8380646727,310.5560028689078,112,55:53
78.3%,3917500,15670.0000013574,-3517055.5711236224,574474.8706171374,311.36848661907123,112,55:46
78.4%,3920000,15680.000001359438,-3518783.099063201,574800.4364865555,311.5449450809473,112,55:38
78.5%,3922500,15690.000001361475,-3519984.931181561,572636.886408931,310.3722892384544,112,55:30
78.5%,3925000,15700.000001363513,-3521954.202564545,575378.3601270125,311.8581828194704,112,55:22
78.5%,3927500,15710.00000136555,-3520881.0363741517,575770.1765959074,312.07054946454434,112,55:15
78.6%,3930000,15720.000001367587,-3519431.996260779,573752.50557273,310.9769608584718,112,55:07
78.7%,3932500,15730.000001369624,-3518809.98113798,573286.6785270011,310.7244800805066,112,54:59
78.7%,3935000,15740.000001371662,-3520508.9557154495,573212.1808907446,310.68410195877436,112,54:51
78.8%,3937500,15750.000001373699,-3517458.2296203673,573414.1233498896,310.7935558637304,112,54:44
78.8%,3940000,15760.000001375736,-3518150.8108635675,572302.7003497484,310.19115858710825,112,54:36
78.8%,3942500,15770.000001377774,-3518451.050786117,574519.7034968765,311.39278628234484,112,54:28
78.9%,3945000,15780.00000137981,-3518909.3236592542,573862.9463938635,311.0368203807871,112,54:21
79.0%,3947500,15790.000001381848,-3520085.523818413,574892.7668180764,311.59498861995155,112,54:13
79.0%,3950000,15800.000001383885,-3521026.615409171,574556.2138472591,311.41257508969915,112,54:05
79.0%,3952500,15810.000001385923,-3523265.1639742292,575746.2243894509,312.05756723911196,112,53:57
79.1%,3955000,15820.00000138796,-3517150.8557781354,572815.8937779134,310.4693122005099,112,53:50
79.2%,3957500,15830.000001389997,-3519720.211984936,571709.6467599332,309.8697203342106,112,53:42
79.2%,3960000,15840.000001392034,-3521773.108722914,572855.6287386165,310.49084876409654,112,53:34
79.2%,3962500,15850.000001394072,-3521171.588201141,572581.0645118477,310.34203346835193,112,53:26
79.3%,3965000,15860.000001396109,-3519166.950554166,573992.833395941,311.1072198383385,112,53:19
79.3%,3967500,15870.000001398146,-3517083.294783624,573648.1712142568,310.9204110719419,112,53:11
79.4%,3970000,15880.000001400183,-3519701.9628092293,574445.6941819907,311.3526728334364,112,53:03
79.5%,3972500,15890.00000140222,-3520994.8747028,573725.2174260716,310.96217053540937,112,52:55
79.5%,3975000,15900.000001404258,-3520673.8736470994,573236.9875280794,310.6975472903635,112,52:48
79.5%,3977500,15910.000001406295,-3518261.291257493,573445.5091199244,310.8105671208226,112,52:40
79.6%,3980000,15920.000001408333,-3521637.3041133564,573202.1836926015,310.6786834233163,112,52:32
79.7%,3982500,15930.00000141037,-3517446.5881644282,574884.3076403881,311.5904036998975,112,52:25
79.7%,3985000,15940.000001412407,-3519076.3741936088,573744.8006449372,310.97278474594003,112,52:17
79.8%,3987500,15950.000001414444,-3519088.8601489346,573040.0163011611,310.5907878201587,112,52:09
79.8%,3990000,15960.000001416482,-3518385.080146378,576032.2097801096,312.2125728674503,112,52:01
79.8%,3992500,15970.000001418519,-3522266.7713277265,574590.4085607125,311.431108809315,112,51:54
79.9%,3995000,15980.000001420556,-3519172.410999546,575030.8545794027,311.6698329333653,112,51:46
80.0%,3997500,15990.000001422593,-3520553.1765450314,574312.1728607963,311.2803035552693,112,51:38
80.0%,4000000,16000.00000142463,-3520291.024604285,574428.4473273637,311.343324944958,112,51:30
80.0%,4002500,16010.000001426668,-3517763.3911664654,573238.7286233107,310.69849097339466,112,51:23
80.1%,4005000,16020.000001428705,-3517128.601771228,575055.8598667886,311.68338593435635,112,51:15
80.2%,4007500,16030.000001430742,-3521831.999282101,572519.8436757815,310.30885144412343,112,51:07
80.2%,4010000,16040.00000143278,-3522537.442766141,576280.6996913978,312.34725574319526,112,51:00
80.2%,4012500,16050.000001434817,-3519483.4366767574,576970.9571635419,312.7213790259911,112,50:52
80.3%,4015000,16060.000001436854,-3518531.4988408834,572934.6382690712,310.53367235688444,112,50:44
80.3%,4017500,16070.000001438892,-3520790.88262045,572632.412805445,310.3698645211719,112,50:36
80.4%,4020000,16080.000001440929,-3517193.2516496032,572056.1803252163,310.0575434006382,112,50:29
80.5%,4022500,16090.000001442966,-3519040.3048145883,571628.5750064617,309.8257790053952,112,50:21
80.5%,4025000,16100.000001445003,-3524017.214378208,573226.232469266,310.6917179903236,112,50:13
80.5%,4027500,16110.00000144704,-3519110.5713180285,574554.4831777858,311.4116370574852,112,50:05
80.6%,4030000,16120.000001449078,-3523235.646198448,573557.774534343,310.8714155825659,112,49:58
80.7%,4032500,16130.000001451115,-3520038.3403322212,573643.0142928861,310.91761599267056,112,49:50
80.7%,4035000,16140.000001453152,-3521014.4244290553,574554.68008579,311.4117437826884,112,49:42
80.8%,4037500,16150.00000145519,-3515080.8781974036,572906.2966786972,310.5183110616312,112,49:35
80.8%,4040000,16160.000001457227,-3519678.1167178582,574164.8027179795,311.20042814088885,112,49:27
80.8%,4042500,16170.000001459264,-3517191.997071564,575213.2752654247,311.7687059317154,112,49:19
80.9%,4045000,16180.000001461302,-3519024.5955617893,572390.7695581776,310.2388925743528,112,49:11
81.0%,4047500,16190.000001463339,-3519194.585879991,572841.3571668441,310.48311349501563,112,49:04
81.0%,4050000,16200.000001465376,-3519856.737336334,573963.6164210157,311.09138407992435,112,48:56
81.0%,4052500,16210.000001467413,-3518414.8947342597,575894.3728267461,312.13786449330877,112,48:48
81.1%,4055000,16220.00000146945,-3519937.0166200493,575583.1661504316,311.969188791749,112,48:40
81.2%,4057500,16230.000001471488,-3518470.951530371,573600.6736565267,310.8946671387867,112,48:33
81.2%,4060000,16240.000001473525,-3522399.2650920823,573987.8267957382,311.10450623395303,112,48:25
81.2%,4062500,16250.000001475562,-3521075.9332659654,573574.2667901053,310.8803544743787,112,48:17
81.3%,4065000,16260.0000014776,-3519026.807590371,576545.3804578498,312.49071414999867,112,48:10
81.3%,4067500,16270.000001479637,-3521422.319098968,574235.6678374507,311.2388374188789,112,48:02
81.4%,4070000,16280.000001481674,-3521511.838503951,573955.6971606971,311.0870917980045,112,47:54
81.5%,4072500,16290.000001483711,-3522823.084378548,578072.8796993998,313.3186269995934,112,47:46
81.5%,4075000,16300.000001485749,-3523320.8591916785,576272.492143115,312.34280720763974,112,47:39
81.5%,4077500,16310.000001487786,-3520420.5895996857,576112.8872056125,312.2563004683742,112,47:31
81.6%,4080000,16320.000001489823,-3520344.1104824226,574438.4703786033,311.3487574929343,112,47:23
81.7%,4082500,16330.00000149186,-3514648.2468934786,573836.8286455574,311.02266441996113,112,47:15
81.7%,4085000,16340.000001493898,-3520323.186228173,574538.7511992708,311.403110240052,112,47:08
81.8%,4087500,16350.000001495935,-3516473.224323621,574131.4748355137,311.1823642483561,112,47:00
81.8%,4090000,16360.000001497972,-3516924.139316663,572382.2939420465,310.23429874457383,112,46:52
81.8%,4092500,16370.00000150001,-3520966.069520913,575585.5276180123,311.9704687199485,112,46:45
81.9%,4095000,16380.000001502047,-3516962.0231898166,573291.6163824939,310.72715642488754,112,46:37
82.0%,4097500,16390.000001504082,-3517160.4726948794,574263.7981455465,311.2540841979947,112,46:29
82.0%,4100000,16400.00000150612,-3519189.222914681,574400.3125123979,311.3280757230942,112,46:21
82.0%,4102500,16410.000001508157,-3522646.0069090873,574770.1429880746,311.5285258409442,112,46:14
82.1%,4105000,16420.000001510194,-3521855.635443842,573024.3815712734,310.5823137120074,112,46:06
82.2%,4107500,16430.00000151223,-3517230.203441303,573811.7768824063,311.00908622885396,112,45:58
82.2%,4110000,16440.00000151427,-3521665.693068221,573477.9837607333,310.828168551763,112,45:50
82.2%,4112500,16450.000001516306,-3522007.7275626175,574157.7936815461,311.1966292052373,112,45:43
82.3%,4115000,16460.000001518343,-3520995.904745711,573718.5922187832,310.9585796372301,112,45:35
82.3%,4117500,16470.00000152038,-3517420.136544779,575447.1531293688,311.89546899877826,112,45:27
82.4%,4120000,16480.000001522418,-3519512.0465394016,575413.0279289556,311.8769729556061,112,45:20
82.5%,4122500,16490.000001524455,-3520508.5804758593,573673.1699445683,310.9339605189632,112,45:12
82.5%,4125000,16500.000001526492,-3523488.342344947,573029.5471369644,310.5851134765471,112,45:04
82.5%,4127500,16510.00000152853,-3520890.4523878284,571588.7791792449,309.80420945182897,112,44:56
82.6%,4130000,16520.000001530567,-3519357.424192367,575745.0559735266,312.0569339513622,112,44:49
82.7%,4132500,16530.000001532604,-3517557.4986035004,574193.3434371148,311.2158973650076,112,44:41
82.7%,4135000,16540.00000153464,-3518761.8343900833,572782.683444045,310.45131201995264,112,44:33
82.8%,4137500,16550.00000153668,-3518496.399309123,574036.4833118655,311.1308783288271,112,44:25
82.8%,4140000,16560.000001538716,-3520827.7856153958,572469.1629862282,310.28138223630583,112,44:18
82.8%,4142500,16570.000001540753,-3516355.0255812686,574224.3527223915,311.2327045653249,112,44:10
82.9%,4145000,16580.00000154279,-3520358.3817407154,574232.192294908,311.2369536560251,112,44:02
83.0%,4147500,16590.000001544828,-3519242.792627169,574875.1850257537,311.5854591934308,112,43:54
83.0%,4150000,16600.000001546865,-3520493.0408688374,575885.2045582472,312.1328952422006,112,43:47
83.0%,4152500,16610.000001548902,-3520384.5993009154,572374.6628347295,310.23016264313924,112,43:39
83.1%,4155000,16620.00000155094,-3519682.5884902477,574685.3300428602,311.48255676597194,112,43:31
83.2%,4157500,16630.000001552977,-3518328.359730646,575838.9149938419,312.10780604796025,112,43:24
83.2%,4160000,16640.000001555014,-3517891.5418737177,574358.8260272294,311.3055898237751,112,43:16
83.2%,4162500,16650.00000155705,-3521337.0220815353,573271.434127796,310.7162175336962,112,43:08
83.3%,4165000,16660.00000155909,-3519968.7743880562,573821.5002409794,311.01435634178426,112,43:00
83.3%,4167500,16670.000001561126,-3518686.0128822755,574176.5609090627,311.20680114404394,112,42:53
83.4%,4170000,16680.000001563163,-3520372.9883611538,575583.1920198449,311.96920281311094,112,42:45
83.5%,4172500,16690.0000015652,-3520051.600674942,574899.3284008384,311.5985450332934,112,42:37
83.5%,4175000,16700.000001567238,-3519832.9921485987,575784.4073934638,312.0782626337796,112,42:29
83.5%,4177500,16710.000001569275,-3518763.8069839813,573115.4763132782,310.63168755481183,112,42:22
83.6%,4180000,16720.000001571312,-3519658.926263254,575930.0930048332,312.15722502300576,112,42:14
83.7%,4182500,16730.00000157335,-3518699.7548899185,575960.1314646327,312.1735060306642,112,42:06
83.7%,4185000,16740.000001575387,-3519530.5689728297,573526.6684275784,310.8545559044784,112,41:59
83.8%,4187500,16750.000001577424,-3519536.015104547,571934.8607021368,309.9917875088359,112,41:51
83.8%,4190000,16760.00000157946,-3517924.0307334103,573628.8805559515,310.9099554308171,112,41:43
83.8%,4192500,16770.0000015815,-3520122.8068823162,576864.7851010608,312.66383319395067,112,41:35
83.9%,4195000,16780.000001583536,-3521597.5235907547,574462.2967965633,311.3616715403212,112,41:28
84.0%,4197500,16790.000001585573,-3519627.344465796,572892.0379041745,310.51058272872876,112,41:20
84.0%,4200000,16800.00000158761,-3520362.388678547,575575.9541402274,311.96527984321597,112,41:12
84.0%,4202500,16810.000001589648,-3518073.2031534147,574837.2084711276,311.5648756954472,112,41:04
84.1%,4205000,16820.000001591685,-3519689.369236037,573770.146642492,310.98652241368524,112,40:57
84.2%,4207500,16830.000001593722,-3517603.1069333684,575445.0757062463,311.89434302421114,112,40:49
84.2%,4210000,16840.00000159576,-3518540.953258496,572573.4402682045,310.33790108706563,112,40:41
84.2%,4212500,16850.000001597797,-3517748.6796116177,573524.3477417704,310.8532980802203,112,40:34
84.3%,4215000,16860.000001599834,-3519036.3877334166,573199.8626713828,310.67742541726375,112,40:26
84.3%,4217500,16870.00000160187,-3519931.196027683,574053.0334233743,311.1398485787675,112,40:18
84.4%,4220000,16880.00000160391,-3520138.562324729,574482.0988162337,311.3724043420713,112,40:10
84.5%,4222500,16890.000001605946,-3518125.04234571,573255.3904652095,310.7075217818106,112,40:03
84.5%,4225000,16900.000001607983,-3519489.2692095134,572295.5698431198,310.187293813954,112,39:55
84.5%,4227500,16910.00000161002,-3519266.7365605384,574309.3172339424,311.2787557900714,112,39:47
84.6%,4230000,16920.000001612058,-3523258.820011135,571779.7733102947,309.907729303749,112,39:39
84.7%,4232500,16930.000001614095,-3520267.617303539,574215.123599541,311.2277023308291,112,39:32
84.7%,4235000,16940.000001616132,-3518243.4948674347,572467.5965955872,310.28053324410735,112,39:24
84.8%,4237500,16950.00000161817,-3520920.2545660194,573396.0704369316,310.78377108727744,112,39:16
84.8%,4240000,16960.000001620207,-3520454.619368866,576143.118111899,312.27268578306945,112,39:09
84.8%,4242500,16970.000001622244,-3524183.612730097,574777.7184888585,311.5326318033372,112,39:01
84.9%,4245000,16980.00000162428,-3520552.1775381863,576726.6718412566,312.588975060224,112,38:53
85.0%,4247500,16990.00000162632,-3518132.4298046976,573541.7544814491,310.8627326272613,112,38:45
85.0%,4250000,17000.000001628356,-3519715.0092075747,575174.5605495292,311.7477223463318,112,38:38
85.0%,4252500,17010.000001630393,-3521969.1997905076,571749.2891487379,309.89120672332774,112,38:30
85.1%,4255000,17020.00000163243,-3521954.062187504,572877.7411156491,310.50283379203137,112,38:22
85.2%,4257500,17030.000001634467,-3520021.437932577,574485.5279621916,311.37426295772525,112,38:14
85.2%,4260000,17040.000001636505,-3521820.7689010147,573776.7683978401,310.99011144089417,112,38:07
85.2%,4262500,17050.000001638542,-3519762.853655748,574578.0315671416,311.4244004118651,112,37:59
85.3%,4265000,17060.00000164058,-3518508.822292546,572826.8075431422,310.4752275202853,112,37:51
85.3%,4267500,17070.000001642617,-3519585.983074853,574537.3846415707,311.4023695583882,112,37:44
85.4%,4270000,17080.000001644654,-3517521.241085306,573957.9297075088,311.0883018504501,112,37:36
85.5%,4272500,17090.00000164669,-3516915.774020344,572750.8607207135,310.43406393181056,112,37:28
85.5%,4275000,17100.00000164873,-3520500.9901511893,574104.9426446046,311.16798365739794,112,37:20
85.5%,4277500,17110.000001650766,-3519401.316229701,573616.5110643704,310.9032510994862,112,37:13
85.6%,4280000,17120.000001652803,-3521851.765961962,572477.111278249,310.2856902535652,112,37:05
85.7%,4282500,17130.00000165484,-3518829.5423566755,576780.0620248171,312.6179128284465,112,36:57
85.7%,4285000,17140.000001656877,-3520574.959845599,572288.2303768445,310.18331578354116,112,36:49
85.8%,4287500,17150.000001658915,-3518950.3867503647,574995.1846222202,311.6504996236702,112,36:42
85.8%,4290000,17160.000001660952,-3517783.9690766223,573345.956974273,310.7566093195042,112,36:34
85.8%,4292500,17170.00000166299,-3518777.6737176683,574015.8332053162,311.11968585940224,112,36:26
85.9%,4295000,17180.000001665027,-3517491.9426639006,574541.9947777928,311.40486827715216,112,36:19
86.0%,4297500,17190.000001667064,-3516609.338403765,573877.1537027725,311.0445208190485,112,36:11
86.0%,4300000,17200.0000016691,-3521104.2860269975,573016.2245647723,310.5778925703709,112,36:03
86.0%,4302500,17210.00000167114,-3516675.915795168,573419.266806307,310.79634364492426,112,35:55
86.1%,4305000,17220.000001673176,-3519272.678115621,573661.8364159961,310.92781768518563,112,35:48
86.2%,4307500,17230.000001675213,-3517778.1463136747,572579.3003102667,310.3410772615543,112,35:40
86.2%,4310000,17240.00000167725,-3516681.7509495486,574076.5181621272,311.1525774341764,112,35:32
86.2%,4312500,17250.000001679287,-3517874.8791879453,574920.1308949196,311.60982009758476,112,35:24
86.3%,4315000,17260.000001681325,-3519628.3101438098,572098.9844398418,310.0807434622488,112,35:17
86.3%,4317500,17270.000001683362,-3521695.419879878,573889.1566543211,311.05102648369956,112,35:09
86.4%,4320000,17280.0000016854,-3522157.960318867,571660.0607580771,309.84284445304485,112,35:01
86.5%,4322500,17290.000001687436,-3520797.14122832,574517.0368796195,311.3913409613705,112,34:54
86.5%,4325000,17300.000001689474,-3518619.9593667164,572549.4790196214,310.3249139607518,112,34:46
86.5%,4327500,17310.00000169151,-3518967.3694944046,574794.346455144,311.54164425098753,112,34:38
86.6%,4330000,17320.00000169355,-3520809.7934343275,573402.1103433544,310.7870447492223,112,34:30
86.7%,4332500,17330.000001695586,-3519325.071292395,573142.6335638872,310.6464069315076,112,34:23
86.7%,4335000,17340.000001697623,-3523662.2982799727,573483.7910412058,310.8313161291847,112,34:15
86.8%,4337500,17350.00000169966,-3520394.8961678315,571782.6756627453,309.9093023944731,112,34:07
86.8%,4340000,17360.000001701697,-3515276.3201714735,575150.5307246757,311.73469805130867,112,33:59
86.8%,4342500,17370.000001703735,-3517186.384587586,572157.0918698082,310.11223800353395,112,33:52
86.9%,4345000,17380.000001705772,-3519575.857717477,574719.5246773681,311.50109044279884,112,33:44
87.0%,4347500,17390.00000170781,-3519477.4751311745,574759.7003704216,311.52286588570286,112,33:36
87.0%,4350000,17400.000001709846,-3519723.42246704,574728.6903525707,311.5060582883264,112,33:29
87.0%,4352500,17410.000001711884,-3518977.932279257,572306.3934782931,310.1931602827518,112,33:21
87.1%,4355000,17420.00000171392,-3518905.8529563546,573913.1108296614,311.0640097762775,112,33:13
87.2%,4357500,17430.00000171596,-3522994.21728985,571969.6906880385,310.01066554955423,112,33:05
87.2%,4360000,17440.000001717995,-3525776.4687314574,574386.0206855325,311.32032947564335,112,32:58
87.2%,4362500,17450.000001720033,-3519875.1810361594,573999.8309632898,311.11101255768426,112,32:50
87.3%,4365000,17460.00000172207,-3519997.630776042,574041.2645340955,311.1334697771326,112,32:42
87.3%,4367500,17470.000001724107,-3520253.802504711,571338.0689637447,309.6683231591938,112,32:34
87.4%,4370000,17480.000001726145,-3522671.09403223,576190.9176306496,312.2985933807307,112,32:27
87.5%,4372500,17490.00000172818,-3517002.6596810203,575481.1048716276,311.9138710266926,112,32:19
87.5%,4375000,17500.00000173022,-3521744.046122499,576907.5402986079,312.68700674224016,112,32:11
87.5%,4377500,17510.000001732256,-3521524.5194649063,573286.2072168355,310.72422462784806,112,32:04
87.6%,4380000,17520.000001734294,-3517488.6857041623,572726.7986701829,310.42102217029606,112,31:56
87.7%,4382500,17530.00000173633,-3521939.524449257,576600.7535370897,312.5207266584028,112,31:48
87.7%,4385000,17540.000001738368,-3522850.5540155526,574984.1480957388,311.644517766632,112,31:40
87.8%,4387500,17550.000001740405,-3521078.157420799,572567.606290387,310.3347390395386,112,31:33
87.8%,4390000,17560.000001742443,-3519956.8283546567,573994.2120919666,311.10796709904037,112,31:25
87.8%,4392500,17570.00000174448,-3521059.436069509,573965.2589530108,311.0922743411485,112,31:17
87.9%,4395000,17580.000001746517,-3515636.743308494,575800.485601765,312.0869771096294,112,31:09
88.0%,4397500,17590.000001748554,-3521269.28397038,574279.4693550357,311.2625780782874,112,31:02
88.0%,4400000,17600.00000175059,-3517308.1209477,573603.5334689205,310.89621717256995,112,30:54
88.0%,4402500,17610.00000175263,-3521580.3892299216,573912.8621557439,311.0638749936694,112,30:46
88.1%,4405000,17620.000001754666,-3520310.358866019,573956.7672895764,311.0876718136443,112,30:39
88.2%,4407500,17630.000001756704,-3515262.8441760093,576851.5311423664,312.6566494766613,112,30:31
88.2%,4410000,17640.00000175874,-3517813.644740911,575536.6406853796,311.9439717380824,112,30:23
88.2%,4412500,17650.000001760778,-3520533.7460775375,573605.0957362724,310.8970639299233,112,30:15
88.3%,4415000,17660.000001762815,-3515312.0848552007,573038.5129503624,310.5899729958957,112,30:08
88.3%,4417500,17670.000001764853,-3519624.138147546,575468.9375815659,311.9072762896788,112,30:00
88.4%,4420000,17680.00000176689,-3516755.460662894,572629.0946237526,310.36806604875,112,29:52
88.5%,4422500,17690.000001768927,-3517702.8819802236,575448.5024252913,311.8962003244652,112,29:44
88.5%,4425000,17700.000001770964,-3518671.66752287,575952.4813819365,312.16935964447146,112,29:37
88.5%,4427500,17710.000001773,-3522896.7891660817,574879.1094936047,311.58758627622944,112,29:29
88.6%,4430000,17720.00000177504,-3518608.831139572,572703.5843145876,310.4084398640208,112,29:21
88.7%,4432500,17730.000001777076,-3519030.9454043526,573548.744714451,310.8665213713513,112,29:14
88.7%,4435000,17740.000001779114,-3518015.85796953,574242.4356120278,311.24250558929964,112,29:06
88.8%,4437500,17750.00000178115,-3523465.565021476,572741.0613043782,310.4287525951618,112,28:58
88.8%,4440000,17760.000001783188,-3520122.864668401,572922.6903458335,310.5271965178756,112,28:50
88.8%,4442500,17770.000001785225,-3518293.5710615423,573858.8110571306,311.03457900591405,112,28:43
88.9%,4445000,17780.000001787263,-3519263.063230997,573864.3761432231,311.03759531267207,112,28:35
89.0%,4447500,17790.0000017893,-3521913.0908920653,574170.5923880948,311.20356617340167,112,28:27
89.0%,4450000,17800.000001791337,-3519683.272769479,573873.0317954828,311.0422867230064,112,28:19
89.0%,4452500,17810.000001793374,-3516528.8243838474,574190.4657730954,311.21433765554673,112,28:12
89.1%,4455000,17820.00000179541,-3518731.0207093116,574325.2971175697,311.2874169734161,112,28:04
89.2%,4457500,17830.00000179745,-3521728.1070756875,573419.5509797425,310.79649766846313,112,27:56
89.2%,4460000,17840.000001799486,-3518743.6342913117,575223.8386400522,311.7744313378899,112,27:49
89.2%,4462500,17850.000001801523,-3518441.3006588537,573798.3110465498,311.0017876729969,112,27:41
89.3%,4465000,17860.00000180356,-3520780.279171001,575714.2044050167,312.0402122343855,112,27:33
89.3%,4467500,17870.000001805598,-3518783.2258401103,573869.0052086179,311.04010429114993,112,27:25
89.4%,4470000,17880.000001807635,-3518483.606241714,574401.3053657718,311.32861385499217,112,27:18
89.5%,4472500,17890.000001809673,-3518837.262634963,573990.4406717916,311.1059229689097,112,27:10
89.5%,4475000,17900.00000181171,-3518468.93204022,572983.1986672615,310.5599923553169,112,27:02
89.5%,4477500,17910.000001813747,-3518440.145509543,575431.7027367946,311.8870948024477,112,26:54
89.6%,4480000,17920.000001815784,-3520717.5670689736,572481.9876763221,310.28833328769224,112,26:47
89.7%,4482500,17930.00000181782,-3518629.527599357,575130.3592362892,311.72376499551626,112,26:39
89.7%,4485000,17940.00000181986,-3516607.691686811,574818.533230103,311.5547536138167,112,26:31
89.8%,4487500,17950.000001821896,-3521601.227775475,572982.0958673529,310.55939463180255,112,26:24
89.8%,4490000,17960.000001823933,-3519164.020247124,574930.8877374767,311.6156503644234,112,26:16
89.8%,4492500,17970.00000182597,-3516567.4442238975,573205.022072128,310.68022184036954,112,26:08
89.9%,4495000,17980.000001828008,-3518750.8632412087,574812.8734893753,311.55168600373463,112,26:00
90.0%,4497500,17990.000001830045,-3518093.290661361,574880.185563561,311.58816951196513,112,25:53
90.0%,4500000,18000.000001832082,-3517266.776826557,573273.56465695,310.71737229201943,112,25:45
90.0%,4502500,18010.00000183412,-3521074.1713053733,575125.9520672507,311.72137628606356,112,25:37
90.1%,4505000,18020.000001836157,-3519805.4734492544,574611.3443124443,311.4424560999737,112,25:29
90.2%,4507500,18030.000001838194,-3519862.061643863,574429.1192582201,311.34368913511594,112,25:22
90.2%,4510000,18040.00000184023,-3519397.1201206874,573067.4178358119,310.60563960012615,112,25:14
90.2%,4512500,18050.00000184227,-3521646.670948565,575063.7645928729,311.6876703386426,112,25:06
90.3%,4515000,18060.000001844306,-3518340.8068907727,572438.7948833135,310.2649225602961,112,24:59
90.3%,4517500,18070.000001846343,-3517249.528558651,573787.6131779416,310.9959893703575,112,24:51
90.4%,4520000,18080.00000184838,-3517765.441166306,574886.3325288378,311.59150120038777,112,24:43
90.5%,4522500,18090.000001850418,-3517826.519966349,577232.0363876261,312.86288537735413,112,24:35
90.5%,4525000,18100.000001852455,-3522516.411531303,572704.5062676284,310.4089395675548,112,24:28
90.5%,4527500,18110.000001854492,-3517701.7801918723,574432.3220193345,311.3454250489604,112,24:20
90.6%,4530000,18120.00000185653,-3521844.7091703396,575696.2171098045,312.03046302310565,112,24:12
90.7%,4532500,18130.000001858567,-3523493.4514195006,572919.990404401,310.5257331350179,112,24:04
90.7%,4535000,18140.000001860604,-3521131.5821637847,575772.8336843052,312.0719896208254,112,23:57
90.8%,4537500,18150.00000186264,-3521737.8083496485,572737.7952490041,310.4269823754863,112,23:49
90.8%,4540000,18160.00000186468,-3519579.038788693,574856.3360604453,311.57524295229894,112,23:41
90.8%,4542500,18170.000001866716,-3520093.1596857775,574954.6596950358,311.6285348939785,112,23:34
90.9%,4545000,18180.000001868753,-3517405.1328522842,575528.2163947149,311.93940572698375,112,23:26
91.0%,4547500,18190.00000187079,-3518731.0066888332,574417.1046306784,311.3371771420136,112,23:18
91.0%,4550000,18200.000001872828,-3519301.4346115068,571929.2657326931,309.98875500514,112,23:10
91.0%,4552500,18210.000001874865,-3518972.07508594,575258.5485369612,311.7932442897248,112,23:03
91.1%,4555000,18220.000001876902,-3519969.5456774496,573287.3992047583,310.7248706917485,112,22:55
91.2%,4557500,18230.00000187894,-3522153.422568705,573545.8419408645,310.8649480523693,112,22:47
91.2%,4560000,18240.000001880977,-3518501.601730939,576355.581061156,312.3878418505606,112,22:39
91.2%,4562500,18250.000001883014,-3517975.1145809963,574788.1428383066,311.5382818571126,112,22:32
91.3%,4565000,18260.00000188505,-3521149.679177534,572547.8049319217,310.3240065961651,112,22:24
91.3%,4567500,18270.00000188709,-3520717.9115734156,574301.0249510383,311.2742613278929,112,22:16
91.4%,4570000,18280.000001889126,-3517520.767101912,575785.2838369007,312.07873767086227,112,22:09
91.5%,4572500,18290.000001891163,-3524231.8735969327,575026.5278662324,311.6674878314282,112,22:01
91.5%,4575000,18300.0000018932,-3517494.0027839,574666.7554196955,311.4724892197656,112,21:53
91.5%,4577500,18310.000001895238,-3519834.814937344,574481.8241367976,311.3722554643315,112,21:45
91.6%,4580000,18320.000001897275,-3520238.620992601,575389.0368840536,311.8639696795263,112,21:38
91.7%,4582500,18330.000001899312,-3517757.622031061,575447.5975039771,311.8957098522191,112,21:30
91.7%,4585000,18340.00000190135,-3521143.208877282,572470.6737959301,310.2822011033346,112,21:22
91.8%,4587500,18350.000001903387,-3519092.6557461396,573945.9174710979,311.0817911533535,112,21:14
91.8%,4590000,18360.000001905424,-3521632.2892891243,573138.5121153028,310.6441730840862,112,21:07
91.8%,4592500,18370.00000190746,-3520568.1662508156,573677.9406186219,310.9365462500999,112,20:59
91.9%,4595000,18380.0000019095,-3520215.958865281,573154.2367912029,310.6526959434627,112,20:51
92.0%,4597500,18390.000001911536,-3519906.1937218085,574305.124223064,311.27648315549953,112,20:44
92.0%,4600000,18400.000001913573,-3518204.822189154,576114.2838035864,312.25705743202883,112,20:36
92.0%,4602500,18410.00000191561,-3521581.68125638,574204.8077047345,311.2221110600559,112,20:28
92.1%,4605000,18420.000001917648,-3518552.1035971493,575705.0934752757,312.0352740611942,112,20:20
92.2%,4607500,18430.000001919685,-3517845.436361041,574985.2343910332,311.64510654455626,112,20:13
92.2%,4610000,18440.000001921722,-3520881.9494155087,573004.8487395081,310.57172681155754,112,20:05
92.2%,4612500,18450.00000192376,-3520171.3502038233,574069.9480256969,311.1490163847001,112,19:57
92.3%,4615000,18460.000001925797,-3521372.8043450173,572120.5292014291,310.09242083954257,112,19:49
92.3%,4617500,18470.000001927834,-3519216.720593149,574168.5964437332,311.2024843607637,112,19:42
92.4%,4620000,18480.00000192987,-3516951.7298233025,574128.2515855816,311.18061722946163,112,19:34
92.5%,4622500,18490.00000193191,-3521875.4741166383,574290.586774328,311.26860377966653,112,19:26
92.5%,4625000,18500.000001933946,-3518456.8726301417,574063.2495239611,311.1453857605339,112,19:19
92.5%,4627500,18510.000001935983,-3516455.727107223,573765.721049363,310.98412371827584,112,19:11
92.6%,4630000,18520.00000193802,-3520662.714158751,574194.156593614,311.2163381002277,112,19:03
92.7%,4632500,18530.000001940058,-3519108.135471465,573191.0014273388,310.6726225750705,112,18:55
92.7%,4635000,18540.000001942095,-3519545.1238134783,572723.8205838169,310.4194080313802,112,18:48
92.8%,4637500,18550.000001944132,-3517724.847499337,572485.1959801415,310.29007220571276,112,18:40
92.8%,4640000,18560.00000194617,-3518113.8089159,573601.1120383316,310.8949047440957,112,18:32
92.8%,4642500,18570.000001948207,-3523702.2152909767,574892.6232397966,311.5949107997474,112,18:24
92.9%,4645000,18580.000001950244,-3521926.2037862577,573483.8904471085,310.8313700077216,112,18:17
93.0%,4647500,18590.00000195228,-3521984.602975128,573887.4141100582,311.0500820152854,112,18:09
93.0%,4650000,18600.00000195432,-3520410.3110876773,574246.3449598859,311.2446244769804,112,18:01
93.0%,4652500,18610.000001956356,-3519485.005990889,573571.5070386522,310.87885867416645,112,17:54
93.1%,4655000,18620.000001958393,-3523696.042397337,573754.3058903255,310.9779366403446,112,17:46
93.2%,4657500,18630.00000196043,-3520859.9194906,574625.0421565019,311.4498804055304,112,17:38
93.2%,4660000,18640.000001962468,-3518727.2016283628,573456.2086051446,310.81636629967454,112,17:30
93.2%,4662500,18650.000001964505,-3519017.8980429936,572775.453013794,310.44739308765463,112,17:23
93.3%,4665000,18660.000001966542,-3517351.8337089624,574625.8547947663,311.45032085986446,112,17:15
93.3%,4667500,18670.00000196858,-3522325.1778846364,575593.0708864213,311.97455721221996,112,17:07
93.4%,4670000,18680.000001970617,-3521385.0943227597,573649.7057982231,310.92124282475066,112,16:59
93.5%,4672500,18690.000001972654,-3519486.355929844,573781.1519709814,310.992487361243,112,16:52
93.5%,4675000,18700.00000197469,-3519145.6812196113,573485.5606456404,310.83227526435826,112,16:44
93.5%,4677500,18710.00000197673,-3521722.7443600185,571040.776620476,309.5071891013932,112,16:36
93.6%,4680000,18720.000001978766,-3521336.819918882,573650.0806450187,310.921445993741,112,16:29
93.7%,4682500,18730.000001980803,-3518660.54817516,573092.9349575681,310.619470018114,112,16:21
93.7%,4685000,18740.00000198284,-3519656.3329622764,573433.7016582525,310.804167412742,112,16:13
93.8%,4687500,18750.000001984878,-3515536.242947545,573194.8428443039,310.6747046438399,112,16:05
93.8%,4690000,18760.000001986915,-3519865.664016323,573331.3839180421,310.7487106442164,112,15:58
93.8%,4692500,18770.000001988952,-3518289.520187972,574805.1647280878,311.547507813428,112,15:50
93.9%,4695000,18780.00000199099,-3522088.613335181,575441.928113053,311.8926370116783,112,15:42
94.0%,4697500,18790.000001993027,-3521050.6680161506,574245.3973089074,311.24411084502515,112,15:34
94.0%,4700000,18800.000001995064,-3521095.331285326,575100.2059480314,311.7074217502124,112,15:27
94.0%,4702500,18810.0000019971,-3520878.90064287,574928.2974041081,311.6142463897292,112,15:19
94.1%,4705000,18820.00000199914,-3519754.2810901757,573988.5932059712,311.104921632444,112,15:11
94.2%,4707500,18830.000002001176,-3520386.469723746,574430.3289703876,311.34434480565284,112,15:04
94.2%,4710000,18840.000002003213,-3520255.409336433,574098.9681549196,311.1647454516788,112,14:56
94.2%,4712500,18850.00000200525,-3522498.374433264,574880.6588450742,311.5884260331048,112,14:48
94.3%,4715000,18860.000002007288,-3521771.1666586157,572608.4608184141,310.3568824146694,112,14:40
94.3%,4717500,18870.000002009325,-3521264.8380457163,575216.0315529979,311.77019985448595,112,14:33
94.4%,4720000,18880.000002011362,-3520670.46614979,574514.5918386823,311.3900157359599,112,14:25
94.5%,4722500,18890.0000020134,-3522707.3468105234,574365.953870269,311.30945315324976,112,14:17
94.5%,4725000,18900.000002015437,-3519184.3688414153,576336.8033251879,312.3776642161164,112,14:09
94.5%,4727500,18910.000002017474,-3521873.275492752,575205.4502642418,311.76446473875677,112,14:02
94.6%,4730000,18920.00000201951,-3519439.9599220585,573978.7158037847,311.09956802704227,112,13:54
94.7%,4732500,18930.00000202155,-3518113.045030942,575578.3686071393,311.9665884973396,112,13:46
94.7%,4735000,18940.000002023586,-3520329.8361117486,573784.5238461626,310.9943149358262,112,13:39
94.8%,4737500,18950.000002025623,-3523089.3096076325,573388.944806824,310.7799089572239,112,13:31
94.8%,4740000,18960.00000202766,-3520390.8515522294,573070.6061058354,310.60736765972104,112,13:23
94.8%,4742500,18970.000002029697,-3518673.244899111,573492.150921551,310.8358472295419,112,13:15
94.9%,4745000,18980.000002031735,-3519337.274330966,574764.0364522493,311.5252160655029,112,13:08
95.0%,4747500,18990.000002033772,-3516617.206477035,572464.2098280394,310.2786975977809,112,13:00
95.0%,4750000,19000.00000203581,-3521555.6400070656,574563.9277571817,311.4167560705938,112,12:52
95.0%,4752500,19010.000002037847,-3523322.026204465,574469.2018144454,311.3654140973555,112,12:44
95.1%,4755000,19020.000002039884,-3520536.3315451313,573444.051954637,310.80977732935656,112,12:37
95.2%,4757500,19030.00000204192,-3517583.1564179845,571775.6582734114,309.9054989315043,112,12:29
95.2%,4760000,19040.00000204396,-3518285.812417006,575005.5120995764,311.65609717224794,112,12:21
95.2%,4762500,19050.000002045996,-3517927.474005563,574948.6655411827,311.625286030174,112,12:14
95.3%,4765000,19060.000002048033,-3524055.7337635774,574305.6761557776,311.2767823060152,112,12:06
95.3%,4767500,19070.00000205007,-3520297.650821885,574669.8956060882,311.4741912177725,112,11:58
95.4%,4770000,19080.000002052107,-3518139.6354776863,572785.7989105533,310.45300061964855,112,11:50
95.5%,4772500,19090.000002054145,-3520585.205471767,574152.8932186905,311.19397312786793,112,11:43
95.5%,4775000,19100.000002056182,-3520230.8305506893,574082.1975783221,311.1556557084682,112,11:35
95.5%,4777500,19110.00000205822,-3520722.265892865,572049.3921989007,310.0538641994652,112,11:27
95.6%,4780000,19120.000002060257,-3518583.92561247,572652.9917193216,310.3810184037832,112,11:19
95.7%,4782500,19130.000002062294,-3522593.2881382573,574809.7275117955,311.54998086687294,112,11:12
95.7%,4785000,19140.00000206433,-3522436.8697900176,572935.3594378391,310.5340632342567,112,11:04
95.8%,4787500,19150.00000206637,-3518725.53278191,573834.687775221,311.021504056661,112,10:56
95.8%,4790000,19160.000002068406,-3517626.814503506,573825.8615333264,311.0167201858221,112,10:49
95.8%,4792500,19170.000002070443,-3519607.3937526997,572326.3229422746,310.20396216000785,112,10:41
95.9%,4795000,19180.00000207248,-3520578.7504253443,574685.9878145431,311.4829132817812,112,10:33
96.0%,4797500,19190.000002074517,-3519970.0824023373,572834.0157420696,310.4791344030856,112,10:25
96.0%,4800000,19200.000002076555,-3515948.9252969883,573915.6552811991,311.06538888277123,112,10:18
96.0%,4802500,19210.000002078592,-3517543.0014354736,575327.2950081822,311.8305052489056,112,10:10
96.1%,4805000,19220.00000208063,-3521245.2684124354,574833.9138476453,311.5630899917026,112,10:02
96.2%,4807500,19230.000002082666,-3522390.004562456,576264.1023928289,312.3382599176132,112,9:54
96.2%,4810000,19240.000002084704,-3520395.468263058,573765.5092521295,310.9840089230299,112,9:47
96.2%,4812500,19250.00000208674,-3516247.22239862,572834.5430910559,310.47942022908813,112,9:39
96.3%,4815000,19260.00000208878,-3518920.613130685,572715.52596092,310.41491230091304,112,9:31
96.3%,4817500,19270.000002090816,-3521884.0582985245,573961.9442086616,311.09047773178514,112,9:24
96.4%,4820000,19280.000002092853,-3521981.7317994274,575116.7184231927,311.7163716010488,112,9:16
96.5%,4822500,19290.00000209489,-3520105.1088483427,572818.9829121993,310.47098652799883,112,9:08
96.5%,4825000,19300.000002096927,-3519640.963642413,575549.7419731971,311.95107270693086,112,9:00
96.5%,4827500,19310.000002098965,-3520983.7842942663,574191.2341564205,311.21475412346433,112,8:53
96.6%,4830000,19320.000002101002,-3520294.325078061,574651.0783447546,311.4639921603664,112,8:45
96.7%,4832500,19330.00000210304,-3522818.4348680917,572956.7198756118,310.5456407070462,112,8:37
96.7%,4835000,19340.000002105076,-3520295.011766292,575379.3542513273,311.85872164022527,112,8:29
96.8%,4837500,19350.000002107114,-3519571.9817076884,573702.4819188549,310.94984776754484,112,8:22
96.8%,4840000,19360.00000210915,-3519108.5902489666,575381.2124603183,311.85972879954755,112,8:14
96.8%,4842500,19370.00000211119,-3522797.5923038423,573645.9431731539,310.9192034616149,112,8:06
96.9%,4845000,19380.000002113225,-3521680.9660097193,574336.5877733657,311.2935365699171,112,7:59
97.0%,4847500,19390.000002115263,-3518100.8838755228,572647.4079234351,310.3779919562157,112,7:51
97.0%,4850000,19400.0000021173,-3520135.767000731,575570.0598707044,311.9620851172585,112,7:43
97.0%,4852500,19410.000002119337,-3518841.263400262,572868.9772739528,310.49808374243736,112,7:35
97.1%,4855000,19420.000002121375,-3521399.553397879,573326.0765036959,310.7458339969384,112,7:28
97.2%,4857500,19430.000002123412,-3520058.2778646126,572103.560207322,310.08322355296866,112,7:20
97.2%,4860000,19440.00000212545,-3518630.760368379,573822.775264584,311.01504741147323,112,7:12
97.2%,4862500,19450.000002127486,-3517633.1528795455,573108.2458525591,310.627768606,112,7:04
97.3%,4865000,19460.000002129524,-3518831.820565168,575354.9907635148,311.8455164980737,112,6:57
97.3%,4867500,19470.00000213156,-3519543.6188493557,573723.36506157,310.96116654383195,112,6:49
97.4%,4870000,19480.000002133598,-3520896.011336094,573050.039911447,310.59622067114105,112,6:41
97.5%,4872500,19490.000002135635,-3517703.864511607,574945.5567189219,311.6236010316961,112,6:34
97.5%,4875000,19500.000002137673,-3523814.5726984665,574550.5183079811,311.4094880766092,112,6:26
97.5%,4877500,19510.00000213971,-3520168.9561123457,576562.3960468187,312.49993669123967,112,6:18
97.6%,4880000,19520.000002141747,-3523725.5426812284,572645.4454548943,310.37692828765364,112,6:10
97.7%,4882500,19530.000002143785,-3522238.968481427,575709.0919896436,312.03744127760547,112,6:03
97.7%,4885000,19540.00000214582,-3518627.850616526,575610.6352792392,311.98407720811497,112,5:55
97.8%,4887500,19550.00000214786,-3519529.5013899766,573981.4703403532,311.1010610007589,112,5:47
97.8%,4890000,19560.000002149896,-3520829.6756444145,574558.7826174785,311.41396737704997,112,5:39
97.8%,4892500,19570.000002151934,-3519779.23053875,571931.7230374768,309.99008687762176,112,5:32
97.9%,4895000,19580.00000215397,-3519424.538445538,574550.9065472288,311.409698504381,112,5:24
98.0%,4897500,19590.000002156008,-3522551.4820509255,572566.7260910252,310.33426196672434,112,5:16
98.0%,4900000,19600.000002158045,-3519742.686579751,575756.7497278383,312.06327202943874,112,5:09
98.0%,4902500,19610.000002160083,-3517497.8068482,574263.7731325075,311.2540706407923,112,5:01
98.1%,4905000,19620.00000216212,-3520015.0173619837,573612.0701186857,310.90084408290863,112,4:53
98.2%,4907500,19630.000002164157,-3519455.7311070226,574908.5401388993,311.6035378451393,112,4:45
98.2%,4910000,19640.000002166194,-3521337.144610189,571819.4143911307,309.92921498394,112,4:38
98.2%,4912500,19650.00000216823,-3518338.3299655877,575224.7746545367,311.77493866280247,112,4:30
98.3%,4915000,19660.00000217027,-3521540.172810195,574831.3081498384,311.5616776893997,112,4:22
98.3%,4917500,19670.000002172306,-3523018.448250031,575326.8094137602,311.8302420541028,112,4:14
98.4%,4920000,19680.000002174344,-3521915.1612480413,573043.9263723979,310.5929070999146,112,4:07
98.5%,4922500,19690.00000217638,-3518209.12876549,574019.4534474022,311.12164805019097,112,3:59
98.5%,4925000,19700.000002178418,-3523677.5902503785,572291.5283511695,310.18510330346066,112,3:51
98.5%,4927500,19710.000002180455,-3517841.187194433,573825.5860060637,311.01657084855566,112,3:44
98.6%,4930000,19720.000002182493,-3520658.8310407624,573441.111788589,310.8081837434582,112,3:36
98.7%,4932500,19730.00000218453,-3519263.0511994082,574569.592835635,311.4198265737521,112,3:28
98.7%,4935000,19740.000002186567,-3517131.829770962,576225.4620230929,312.3173166282501,112,3:20
98.8%,4937500,19750.000002188604,-3518546.422252968,574034.6713990651,311.1298962622905,112,3:13
98.8%,4940000,19760.00000219064,-3516957.955147421,574407.5254631054,311.3319851813851,112,3:05
98.8%,4942500,19770.00000219268,-3519034.5768076293,574281.7265852808,311.2638015092873,112,2:57
98.9%,4945000,19780.000002194716,-3519504.9562126286,574963.7036476568,311.6334367652086,112,2:49
99.0%,4947500,19790.000002196753,-3520617.3358366303,574091.5960034211,311.1607497056982,112,2:42
99.0%,4950000,19800.00000219879,-3517018.569165986,573539.5183516426,310.8615206328133,112,2:34
99.0%,4952500,19810.000002200828,-3517140.922832772,574658.7606001671,311.4681559843454,112,2:26
99.1%,4955000,19820.000002202865,-3520930.1233639084,574259.1487659346,311.2515642091014,112,2:19
99.2%,4957500,19830.000002204903,-3519907.532336047,572442.9127615124,310.26715447254935,112,2:11
99.2%,4960000,19840.00000220694,-3519832.757293362,573857.7031436843,311.03397851083463,112,2:03
99.2%,4962500,19850.000002208977,-3514268.810286952,573882.1496583901,311.04722865401123,112,1:55
99.3%,4965000,19860.000002211014,-3520023.158432903,574443.7356760612,311.35161131263106,112,1:48
99.3%,4967500,19870.00000221305,-3518948.158710813,573197.520220876,310.6761557964211,112,1:40
99.4%,4970000,19880.00000221509,-3519328.5036535,575741.3974044803,312.05495098715375,112,1:32
99.5%,4972500,19890.000002217126,-3520589.995418841,575333.0465106266,311.8336225943344,112,1:24
99.5%,4975000,19900.000002219163,-3518167.8064365927,573396.7091091905,310.7841172510957,112,1:17
99.5%,4977500,19910.0000022212,-3520434.264342079,576162.7776382994,312.2833413526966,112,1:09
99.6%,4980000,19920.000002223238,-3521027.0443029925,575069.1436467923,311.6905858149567,112,1:01
99.7%,4982500,19930.000002225275,-3518638.1600171905,573343.0512191239,310.7550343844992,112,0:54
99.7%,4985000,19940.000002227313,-3520292.6635958683,573998.7763514791,311.1104409523795,112,0:46
99.8%,4987500,19950.00000222935,-3522298.5514159687,573759.1160158685,310.98054375440194,112,0:38
99.8%,4990000,19960.000002231387,-3518204.135866767,575349.8734211448,311.84274287083474,112,0:30
99.8%,4992500,19970.000002233424,-3521167.076285038,572981.3196432957,310.5589739141657,112,0:23
99.9%,4995000,19980.00000223546,-3521124.3628419153,573908.7723571291,311.0616583007027,112,0:15
100.0%,4997500,19990.0000022375,-3519858.7297534067,573185.7768243423,310.66979081199185,112,0:07
100.0%,5000000,20000.000002239536,-3518562.0628568083,574418.0574723473,311.33769358735105,112,0:00
100.0%,5002500,20010.000002241573,-3521823.9911488816,574483.3287783575,311.373070988194,112,23:59:53
100.1%,5005000,20020.00000224361,-3521966.328213513,575121.8432887901,311.7191493059177,112,23:59:45
100.2%,5007500,20030.000002245648,-3520849.4479214884,573888.7447605452,311.05080323504546,112,23:59:37
100.2%,5010000,20040.000002247685,-3519461.34220404,576788.1594239271,312.6223016625546,112,23:59:30
100.2%,5012500,20050.000002249722,-3520819.16454624,573879.1753158084,311.04561654424685,112,23:59:22
100.3%,5015000,20060.00000225176,-3522338.1610806435,575347.329432619,311.841364015296,112,23:59:14
100.3%,5017500,20070.000002253797,-3518992.3134089615,574649.0810436299,311.4629096123555,112,23:59:06
100.4%,5020000,20080.000002255834,-3518181.990681354,574818.9368929991,311.55497240128943,112,23:58:59
100.5%,5022500,20090.00000225787,-3520086.0782243684,573954.976008205,311.08670092945385,112,23:58:51
100.5%,5025000,20100.00000225991,-3516786.637694491,573555.9524675689,310.87042801252056,112,23:58:43
100.5%,5027500,20110.000002261946,-3518290.652184356,574505.1315706284,311.38488821951375,112,23:58:36
100.6%,5030000,20120.000002263983,-3514360.091581205,573305.7630547197,310.7348239977387,112,23:58:28
100.7%,5032500,20130.00000226602,-3518555.728459073,573802.1057322989,311.00384441319443,112,23:58:20
100.7%,5035000,20140.000002268058,-3518701.9527821504,574337.4786357463,311.29401942214514,112,23:58:12
100.8%,5037500,20150.000002270095,-3519495.5393674094,573683.619543897,310.9396242583105,112,23:58:05
100.8%,5040000,20160.000002272132,-3518218.177984206,574037.7045297751,311.13154023553847,112,23:57:57
100.8%,5042500,20170.00000227417,-3517873.095060179,574135.679523366,311.18464321191084,112,23:57:49
100.9%,5045000,20180.000002276207,-3517894.2259874344,575625.8201774514,311.9923075050655,112,23:57:41
101.0%,5047500,20190.000002278244,-3519350.4841748998,571565.6881261013,309.7916939761493,112,23:57:34
101.0%,5050000,20200.00000228028,-3518795.455801027,573347.5600274979,310.7574781830214,112,23:57:26
101.0%,5052500,20210.00000228232,-3516097.4844109453,574354.2472928358,311.30310812497214,112,23:57:18
101.1%,5055000,20220.000002284356,-3517816.6162340213,573359.2380559877,310.76380773761736,112,23:57:11
101.2%,5057500,20230.000002286393,-3521133.4487526678,574857.4883374703,311.57586749267796,112,23:57:03
101.2%,5060000,20240.00000228843,-3524492.824107183,572125.6018764884,310.0951702568576,112,23:56:55
101.2%,5062500,20250.000002290468,-3522754.5310579147,572101.3785260856,310.0820410699401,112,23:56:47
101.3%,5065000,20260.000002292505,-3525548.949180335,573910.2577386948,311.06246338554416,112,23:56:40
101.3%,5067500,20270.000002294542,-3523638.553289745,572595.4334526279,310.3498215119617,112,23:56:32
101.4%,5070000,20280.00000229658,-3519378.337117791,574306.0113033983,311.27696395783806,112,23:56:24
101.5%,5072500,20290.000002298617,-3520234.3248104993,573074.4098316517,310.6094292996839,112,23:56:16
101.5%,5075000,20300.000002300654,-3517723.383826539,573678.872557211,310.9370513658551,112,23:56:09
101.5%,5077500,20310.00000230269,-3517332.3261055984,574325.4697536062,311.2875105430815,112,23:56:01
101.6%,5080000,20320.00000230473,-3518957.8671419714,573133.1425504255,310.6412627508842,112,23:55:53
101.7%,5082500,20330.000002306766,-3520104.8539141584,573447.1134273796,310.8114366641394,112,23:55:46
101.7%,5085000,20340.000002308803,-3516567.33310505,573959.6279362479,311.08922229961064,112,23:55:38
101.8%,5087500,20350.00000231084,-3517258.442403283,572463.4897100733,310.2783072899489,112,23:55:30
101.8%,5090000,20360.000002312878,-3520286.066123927,573474.3162080215,310.82618071835924,112,23:55:22
101.8%,5092500,20370.000002314915,-3519926.4032555223,574777.819948747,311.5326867951455,112,23:55:15
101.9%,5095000,20380.000002316952,-3519265.710246412,574902.7952371882,311.6004240773436,112,23:55:07
102.0%,5097500,20390.00000231899,-3521429.6199891213,575630.4862861123,311.994836561194,112,23:54:59
102.0%,5100000,20400.000002321027,-3513943.5118916705,571343.9001971923,309.6714837192576,112,23:54:51
102.0%,5102500,20410.000002323064,-3521997.179307433,574328.7893120705,311.2893097617212,112,23:54:44
102.1%,5105000,20420.0000023251,-3522102.7921933383,575409.8142682867,311.87523113414414,112,23:54:36
102.2%,5107500,20430.00000232714,-3518520.3902404103,573882.3420893688,311.0473329526424,112,23:54:28
102.2%,5110000,20440.000002329176,-3522962.359428741,574325.669909491,311.28761902865347,112,23:54:21
102.2%,5112500,20450.000002331213,-3519503.8859382365,573580.0255269137,310.8834757408719,112,23:54:13
102.3%,5115000,20460.00000233325,-3520029.0158959553,573880.6868967828,311.0464358293096,112,23:54:05
102.3%,5117500,20470.000002335288,-3518313.592431484,571703.111770627,309.8661783346656,112,23:53:57
102.4%,5120000,20480.000002337325,-3522111.633765841,571651.5285538174,309.8382199521942,112,23:53:50
102.5%,5122500,20490.000002339362,-3523200.0894374773,571962.3550263084,310.0066895812255,112,23:53:42
102.5%,5125000,20500.0000023414,-3521166.5704848394,575231.7633734008,311.7787265862216,112,23:53:34
102.5%,5127500,20510.000002343437,-3521326.3325557187,574486.489115203,311.3747839078553,112,23:53:26
102.6%,5130000,20520.000002345474,-3519807.402637152,575189.3241669263,311.75572430680234,112,23:53:19
102.7%,5132500,20530.00000234751,-3520098.676054893,573806.1222966501,311.00602141279427,112,23:53:11
102.7%,5135000,20540.00000234955,-3520029.7628538013,571701.8899495191,309.86551610101753,112,23:53:03
102.8%,5137500,20550.000002351586,-3518680.4347410854,576447.2564396843,312.4375304015009,112,23:52:56
102.8%,5140000,20560.000002353623,-3520643.8579819724,573098.6983492048,310.6225938075494,112,23:52:48
102.8%,5142500,20570.00000235566,-3521205.3455339056,575010.6308675723,311.6588715721839,112,23:52:40
102.9%,5145000,20580.000002357698,-3521092.790898286,572602.7270545772,310.3537746836618,112,23:52:32
103.0%,5147500,20590.000002359735,-3521668.677052576,573459.046242696,310.81790431457324,112,23:52:25
103.0%,5150000,20600.000002361772,-3520373.7849731557,573574.2837796635,310.8803636828111,112,23:52:17
