placebo_n,placebo_responders,placebo_rate,febux_40mg_n,febux_40mg_responders,febux_40mg_rate,febux_80mg_n,febux_80mg_responders,febux_80mg_rate,secondary_chi2_pvalue,exploratory_chi2_pvalue,primary_pvalue,primary_odds_ratio,primary_or_ci_low,primary_or_ci_high,primary_converged,risk_difference,risk_diff_ci_low,risk_diff_ci_high,risk_difference_40mg,trial_num
70,18,0.2571428571428571,70,25,0.35714285714285715,70,37,0.5285714285714286,0.001009154011747773,0.19968325932049968,0.000942398601221432,3.48853898486787,1.6636116031266261,7.315351868230888,True,0.27142857142857146,0.11428571428571427,0.4142857142857143,0.10000000000000003,1
70,18,0.2571428571428571,70,27,0.38571428571428573,70,41,0.5857142857142857,8.26377928895549e-05,0.10337863067113565,0.00012556980631800262,4.0781659912892705,1.9882548396345905,8.364842132392338,True,0.3285714285714286,0.17142857142857143,0.48571428571428565,0.12857142857142861,2
70,15,0.21428571428571427,70,28,0.4,70,32,0.45714285714285713,0.0023466578926719427,0.01723287401247834,0.0025344175029713718,3.243520695715665,1.5110605615436252,6.962279852495574,True,0.24285714285714285,0.1,0.38571428571428573,0.18571428571428575,3
70,14,0.2,70,32,0.45714285714285713,70,38,0.5428571428571428,2.6939966535010783e-05,0.0012000374428290186,3.726434815645767e-05,5.014912711675758,2.330466765528665,10.79155037854487,True,0.3428571428571428,0.19999999999999998,0.4857142857142857,0.2571428571428571,4
70,17,0.24285714285714285,70,28,0.4,70,38,0.5428571428571428,0.00027899221057136475,0.04652253842775168,0.0003507659734134046,3.798204750756871,1.8272318241821308,7.895199250445029,True,0.29999999999999993,0.12857142857142861,0.4428571428571429,0.15714285714285717,5
70,21,0.3,70,26,0.37142857142857144,70,37,0.5285714285714286,0.006048674346503783,0.37087457439362603,0.006471824636278599,2.63775610445036,1.3122694230583543,5.302079850606821,True,0.2285714285714286,0.0714285714285714,0.38571428571428573,0.07142857142857145,6
70,19,0.2714285714285714,70,26,0.37142857142857144,70,40,0.5714285714285714,0.00032525998181950157,0.2052414766210149,0.0003679166914181759,3.750417849919274,1.812192893941279,7.7616649397637945,True,0.3,0.1428571428571428,0.4571428571428571,0.10000000000000003,7
70,20,0.2857142857142857,70,25,0.35714285714285715,70,38,0.5428571428571428,0.0020132384105285327,0.36555659141522145,0.001460756799099691,3.2423496875520015,1.5711961739187001,6.690973203014265,True,0.2571428571428571,0.08571428571428574,0.4142857142857143,0.07142857142857145,8
70,19,0.2714285714285714,70,27,0.38571428571428573,70,31,0.44285714285714284,0.034293721036493065,0.15000938577412762,0.038522411611770065,2.122120059478186,1.0405392892019156,4.327941860123094,True,0.17142857142857143,0.01428571428571429,0.32857142857142857,0.11428571428571432,9
70,20,0.2857142857142857,70,33,0.4714285714285714,70,35,0.5,0.009438207425496569,0.023499367457131843,0.00850331530897854,2.5845352238811063,1.2741633309708476,5.242516529174072,True,0.2142857142857143,0.05678571428571427,0.37142857142857144,0.18571428571428572,10
70,19,0.2714285714285714,70,29,0.4142857142857143,70,39,0.5571428571428572,0.0006004439749850096,0.07498913678750244,0.0007831608733290095,3.389295862441456,1.662505066358573,6.909648984302803,True,0.28571428571428575,0.12857142857142856,0.44285714285714284,0.1428571428571429,11
70,18,0.2571428571428571,70,32,0.45714285714285713,70,30,0.42857142857142855,0.03262753307176913,0.013535198613802871,0.02593978026997765,2.3034096036411307,1.1052675176032967,4.800372504976225,True,0.17142857142857143,0.01428571428571429,0.3142857142857143,0.2,12
70,16,0.22857142857142856,70,30,0.42857142857142855,70,32,0.45714285714285713,0.004387766594349367,0.011764786559866998,0.004584300421175998,2.9366026067216504,1.394404678265809,6.1844563520321945,True,0.22857142857142856,0.08571428571428572,0.37142857142857144,0.19999999999999998,13
70,17,0.24285714285714285,70,30,0.42857142857142855,70,31,0.44285714285714284,0.012676052703650924,0.01998792215771021,0.013879216176078905,2.499338996806877,1.2047940774987393,5.184865644366634,True,0.19999999999999998,0.04285714285714287,0.34321428571428375,0.1857142857142857,14
70,22,0.3142857142857143,70,29,0.4142857142857143,70,37,0.5285714285714286,0.010247617626290598,0.21893379656124137,0.01155049589100163,2.4434348439254654,1.221505947837296,4.8877157307991395,True,0.2142857142857143,0.057142857142857106,0.3714285714285715,0.10000000000000003,15
70,21,0.3,70,29,0.4142857142857143,70,39,0.5571428571428572,0.0021114910066706003,0.1582247513999311,0.002517125561636815,2.9541652672277463,1.463032446870736,5.965071003559125,True,0.2571428571428572,0.09999999999999992,0.41428571428571426,0.11428571428571432,16
70,18,0.2571428571428571,70,25,0.35714285714285715,70,42,0.6,4.153330286677669e-05,0.19968325932049968,5.6917259318160224e-05,4.461727812656337,2.154011299655662,9.241834096883988,True,0.34285714285714286,0.18571428571428572,0.49999999999999994,0.10000000000000003,17
70,17,0.24285714285714285,70,29,0.4142857142857143,70,28,0.4,0.04652253842775168,0.03083097236590746,0.052359745008242906,2.0740844755319086,0.9925827185032755,4.333972707210978,True,0.15714285714285717,0.013928571428571426,0.3142857142857143,0.17142857142857146,18
70,17,0.24285714285714285,70,27,0.38571428571428573,70,34,0.4857142857142857,0.002830147857605349,0.06867563863383211,0.002838157638521427,3.069958187850164,1.4697779640652138,6.4122904993628635,True,0.24285714285714285,0.08571428571428569,0.39999999999999997,0.14285714285714288,19
70,21,0.3,70,32,0.45714285714285713,70,31,0.44285714285714284,0.08026930135546974,0.05527325082754323,0.08097726545877201,1.8663191981774114,0.9260304372907983,3.76137458254169,True,0.14285714285714285,-0.01428571428571429,0.3142857142857142,0.15714285714285714,20
70,17,0.24285714285714285,70,32,0.45714285714285713,70,41,0.5857142857142857,3.826781487073182e-05,0.007863221348181232,5.390799199281902e-05,4.666517867971156,2.2094161290179923,9.856173640668091,True,0.34285714285714286,0.18571428571428572,0.48571428571428577,0.21428571428571427,21
70,18,0.2571428571428571,70,24,0.34285714285714286,70,39,0.5571428571428572,0.0003032690053812589,0.2684813240895755,0.00028692416013434055,4.003141910791645,1.8917300486448303,8.471158540520326,True,0.30000000000000004,0.12857142857142856,0.44285714285714284,0.08571428571428574,22
70,18,0.2571428571428571,70,30,0.42857142857142855,70,41,0.5857142857142857,8.26377928895549e-05,0.03262753307176913,8.977933864452058e-05,4.415933656391517,2.100115876468391,9.28542575966991,True,0.3285714285714286,0.18535714285714283,0.4714285714285715,0.17142857142857143,23
70,12,0.17142857142857143,70,26,0.37142857142857144,70,40,0.5714285714285714,9.703804082078036e-07,0.007797235757587646,2.827069438469163e-06,6.770448469947689,3.040753584218103,15.074872466525106,True,0.39999999999999997,0.2571428571428571,0.5428571428571428,0.2,24
70,13,0.18571428571428572,70,30,0.42857142857142855,70,36,0.5142857142857142,4.5929990659285284e-05,0.0018423676090594079,6.1460561137855e-05,4.9743615118617335,2.269603166108428,10.902466484094258,True,0.3285714285714285,0.18571428571428572,0.4714285714285715,0.24285714285714283,25
70,16,0.22857142857142856,70,34,0.4857142857142857,70,39,0.5571428571428572,6.88675312046598e-05,0.001498873337151674,9.917744825838045e-05,4.380809913847896,2.082211377885685,9.216881487198192,True,0.3285714285714286,0.17142857142857143,0.48571428571428565,0.2571428571428571,26
70,18,0.2571428571428571,70,34,0.4857142857142857,70,34,0.4857142857142857,0.005132450741041347,0.005132450741041347,0.004627048539717252,2.8363619687612194,1.3784967788964628,5.836030479719579,True,0.2285714285714286,0.07142857142857145,0.3857142857142857,0.2285714285714286,27
70,19,0.2714285714285714,70,28,0.4,70,32,0.45714285714285713,0.022423752669128452,0.10724394061929676,0.02395960119887165,2.2800820060279334,1.1148476621199468,4.66321465331559,True,0.18571428571428572,0.02857142857142858,0.3289285714285695,0.12857142857142861,28
70,18,0.2571428571428571,70,30,0.42857142857142855,70,31,0.44285714285714284,0.02125060274444335,0.03262753307176913,0.018881970090682914,2.4332399416073898,1.158248253644027,5.111733684731436,True,0.18571428571428572,0.02857142857142858,0.3428571428571428,0.17142857142857143,29
70,17,0.24285714285714285,70,27,0.38571428571428573,70,31,0.44285714285714284,0.012676052703650924,0.06867563863383211,0.014971658840046535,2.4862541470981854,1.193747028578782,5.1781990119986085,True,0.19999999999999998,0.04285714285714287,0.34285714285714286,0.14285714285714288,30
70,23,0.32857142857142857,70,37,0.5285714285714286,70,29,0.4142857142857143,0.2939593745488356,0.016804604239087022,0.34141806211040204,1.4110906894019184,0.694142357105443,2.868542617136838,True,0.08571428571428574,-0.07142857142857145,0.24285714285714283,0.2,31
70,20,0.2857142857142857,70,27,0.38571428571428573,70,42,0.6,0.00018168825260959386,0.21028909717077288,0.00024359898446837228,3.7721078579023057,1.8559519633111914,7.66657649170123,True,0.3142857142857143,0.15714285714285714,0.4714285714285714,0.10000000000000003,32
70,18,0.2571428571428571,70,27,0.38571428571428573,70,38,0.5428571428571428,0.0005599062480061843,0.10337863067113565,0.0005161258848830785,3.7146775786418145,1.7710059942722964,7.791520501845692,True,0.2857142857142857,0.12857142857142856,0.44285714285714284,0.12857142857142861,33
70,16,0.22857142857142856,70,32,0.45714285714285713,70,37,0.5285714285714286,0.0002530071251459537,0.004387766594349367,0.00030352174798705365,4.038547745981838,1.8936379125802965,8.612981282335513,True,0.30000000000000004,0.15714285714285714,0.45714285714285713,0.22857142857142856,34
70,21,0.3,70,27,0.38571428571428573,70,32,0.45714285714285713,0.05527325082754323,0.2853768809059213,0.04634556735045433,2.052341430962811,1.0117134859131638,4.163338146515531,True,0.15714285714285714,0.0,0.3142857142857143,0.08571428571428574,35
70,22,0.3142857142857143,70,26,0.37142857142857144,70,39,0.5571428571428572,0.0037606148936679606,0.4763333142466747,0.0033990361455035678,2.922500568287868,1.4259550075861038,5.9896767613316,True,0.24285714285714288,0.08535714285714285,0.39999999999999997,0.05714285714285716,36
70,17,0.24285714285714285,70,32,0.45714285714285713,70,38,0.5428571428571428,0.00027899221057136475,0.007863221348181232,0.0004992082875268229,3.7998364689762423,1.7920388119718782,8.05716767656058,True,0.29999999999999993,0.12857142857142861,0.45714285714285713,0.21428571428571427,37
70,18,0.2571428571428571,70,25,0.35714285714285715,70,39,0.5571428571428572,0.0003032690053812589,0.19968325932049968,0.0002900150607418858,3.860136860442925,1.8593287795575006,8.013997709913548,True,0.30000000000000004,0.14285714285714285,0.45714285714285713,0.10000000000000003,38
70,16,0.22857142857142856,70,31,0.44285714285714284,70,41,0.5857142857142857,1.7034768728499052e-05,0.007263641508519324,2.4490068942734115e-05,4.998015790685324,2.3670156585365176,10.55344173742586,True,0.3571428571428572,0.2,0.5142857142857142,0.21428571428571427,39
70,21,0.3,70,29,0.4142857142857143,70,38,0.5428571428571428,0.003618052251272993,0.1582247513999311,0.0035763819881050075,2.8481519181367756,1.4084734202100877,5.759405347937777,True,0.24285714285714283,0.08571428571428569,0.39999999999999997,0.11428571428571432,40
70,20,0.2857142857142857,70,28,0.4,70,37,0.5285714285714286,0.0034512326321624654,0.15432359056084352,0.003981228108613573,2.8267393902913445,1.3935692199167795,5.7338060186933895,True,0.24285714285714288,0.08571428571428569,0.39999999999999997,0.11428571428571432,41
70,11,0.15714285714285714,70,26,0.37142857142857144,70,41,0.5857142857142857,1.5428001223838143e-07,0.004040448343809689,6.550910309347418e-07,7.915530511666442,3.5031389126354675,17.88556630030568,True,0.4285714285714286,0.2857142857142857,0.5714285714285714,0.2142857142857143,42
70,24,0.34285714285714286,70,27,0.38571428571428573,70,33,0.4714285714285714,0.12157158583613327,0.5982824269290895,0.14575821427883373,1.6692083746841184,0.836971304333736,3.3289750600632275,True,0.12857142857142856,-0.02857142857142858,0.2857142857142857,0.04285714285714287,43
70,20,0.2857142857142857,70,30,0.42857142857142855,70,39,0.5571428571428572,0.0011460034934104833,0.07775989643932942,0.0009486529785663516,3.5215184401633843,1.6693019467975132,7.4289089210024235,True,0.27142857142857146,0.11428571428571427,0.4285714285714286,0.14285714285714285,44
70,16,0.22857142857142856,70,26,0.37142857142857144,70,39,0.5571428571428572,6.88675312046598e-05,0.06514266746494533,9.612548045055635e-05,4.420488270868097,2.094595199180486,9.329113596998482,True,0.3285714285714286,0.17142857142857143,0.4857142857142857,0.14285714285714288,45
70,15,0.21428571428571427,70,33,0.4714285714285714,70,34,0.4857142857142857,0.0007608523599050972,0.0013508340928088756,0.0012555154427820166,3.4730025344093196,1.6300247783997355,7.399732055518252,True,0.27142857142857146,0.11428571428571432,0.4142857142857143,0.2571428571428571,46
70,17,0.24285714285714285,70,27,0.38571428571428573,70,41,0.5857142857142857,3.826781487073182e-05,0.06867563863383211,6.554524491678227e-05,4.38150364648323,2.121269689210385,9.050039371133373,True,0.34285714285714286,0.18571428571428567,0.48571428571428577,0.14285714285714288,47
70,23,0.32857142857142857,70,24,0.34285714285714286,70,43,0.6142857142857143,0.0007088064213717866,0.8579634010854629,0.0008992623203897668,3.3100534436416686,1.6329626759426588,6.709555558849039,True,0.28571428571428575,0.11428571428571432,0.4289285714285695,0.01428571428571429,48
70,19,0.2714285714285714,70,32,0.45714285714285713,70,41,0.5857142857142857,0.00017181467911129688,0.022423752669128452,0.000168792055844262,4.065928781315242,1.957783508720281,8.444129180316652,True,0.31428571428571433,0.14285714285714285,0.4714285714285714,0.18571428571428572,49
70,20,0.2857142857142857,70,32,0.45714285714285713,70,43,0.6142857142857143,9.333511997610799e-05,0.03582123919892002,0.00011834407315834535,4.053625113042406,1.987760005512927,8.266529415782232,True,0.3285714285714286,0.17142857142857149,0.4714285714285715,0.17142857142857143,50
70,18,0.2571428571428571,70,23,0.32857142857142857,70,41,0.5857142857142857,8.26377928895549e-05,0.3531010585557306,7.520398247399049e-05,4.606985824595499,2.1627085289044485,9.81376736826176,True,0.3285714285714286,0.17142857142857143,0.4714285714285715,0.07142857142857145,51
70,14,0.2,70,28,0.4,70,33,0.4714285714285714,0.0006729272278499696,0.009823274507519235,0.0009386223072152514,3.7034988681965055,1.7050813292792497,8.04413468800964,True,0.2714285714285714,0.1285714285714286,0.41428571428571426,0.2,52
70,21,0.3,70,26,0.37142857142857144,70,31,0.44285714285714284,0.08026930135546974,0.37087457439362603,0.0837339898614613,1.8498200462313792,0.9212758872871932,3.7142339777452116,True,0.14285714285714285,-0.01428571428571429,0.3,0.07142857142857145,53
70,17,0.24285714285714285,70,25,0.35714285714285715,70,33,0.4714285714285714,0.004770513090089518,0.1400990632504758,0.005733608974701625,2.768367636272905,1.34427025350117,5.701129925030036,True,0.22857142857142856,0.07142857142857145,0.3857142857142857,0.1142857142857143,54
70,20,0.2857142857142857,70,24,0.34285714285714286,70,40,0.5714285714285714,0.0006362991412402051,0.4664794871252478,0.0007260361356301552,3.3943027308083233,1.6708715589698524,6.895378023835715,True,0.2857142857142857,0.11428571428571427,0.4428571428571429,0.05714285714285716,55
70,20,0.2857142857142857,70,21,0.3,70,39,0.5571428571428572,0.0011460034934104833,0.8526657462317447,0.001392845292548833,3.1573424087973176,1.5599921925569074,6.390295498883654,True,0.27142857142857146,0.11428571428571427,0.42857142857142855,0.01428571428571429,56
70,19,0.2714285714285714,70,37,0.5285714285714286,70,37,0.5285714285714286,0.001900893250446667,0.001900893250446667,0.0025394680628633196,2.983389309829758,1.467177526645385,6.066485897147842,True,0.2571428571428572,0.09999999999999998,0.4,0.2571428571428572,57
70,25,0.35714285714285715,70,33,0.4714285714285714,70,37,0.5285714285714286,0.041176544583936055,0.16988746005317995,0.04223921047819794,2.02432516811531,1.0250264410582774,3.9978406625630583,True,0.17142857142857143,0.0,0.32857142857142857,0.11428571428571427,58
70,18,0.2571428571428571,70,31,0.44285714285714284,70,32,0.45714285714285713,0.013535198613802871,0.02125060274444335,0.01653529420310802,2.403670046059547,1.1733511861785197,4.924041291628153,True,0.2,0.04285714285714287,0.35714285714285715,0.18571428571428572,59
70,17,0.24285714285714285,70,37,0.5285714285714286,70,39,0.5571428571428572,0.00014742902884410514,0.0005155481818387301,0.00011513244048032838,4.329700619220494,2.055773877151403,9.118856728568941,True,0.3142857142857143,0.15714285714285714,0.4571428571428572,0.2857142857142857,60
70,21,0.3,70,33,0.4714285714285714,70,33,0.4714285714285714,0.037203202068748664,0.037203202068748664,0.033003977893870405,2.143129415386799,1.063452368399194,4.318955721552411,True,0.17142857142857143,0.01428571428571429,0.32857142857142857,0.17142857142857143,61
70,21,0.3,70,29,0.4142857142857143,70,31,0.44285714285714284,0.08026930135546974,0.1582247513999311,0.09096623200437833,1.8518439660416195,0.9063826644005449,3.7835300797956144,True,0.14285714285714285,-0.01428571428571429,0.30000000000000004,0.11428571428571432,62
70,18,0.2571428571428571,70,26,0.37142857142857144,70,31,0.44285714285714284,0.02125060274444335,0.14527153234110213,0.01600819857122492,2.4503054369865156,1.1817203374616756,5.0807255694881315,True,0.18571428571428572,0.02857142857142858,0.34285714285714286,0.11428571428571432,63
70,17,0.24285714285714285,70,39,0.5571428571428572,70,36,0.5142857142857142,0.0009306234156672285,0.00014742902884410514,0.0012473067510101036,3.3139079098559616,1.6009808391171043,6.859535958632812,True,0.27142857142857135,0.11428571428571432,0.41464285714285526,0.3142857142857143,64
70,20,0.2857142857142857,70,21,0.3,70,28,0.4,0.15432359056084352,0.8526657462317447,0.15645654662351843,1.6692306114526483,0.821781032756002,3.3906000785465706,True,0.11428571428571432,-0.04285714285714287,0.2714285714285714,0.01428571428571429,65
70,17,0.24285714285714285,70,22,0.3142857142857143,70,30,0.42857142857142855,0.01998792215771021,0.3458704400125342,0.01780468472331637,2.5075574035022776,1.1722675175890045,5.36383038642174,True,0.1857142857142857,0.02857142857142858,0.3428571428571428,0.07142857142857142,66
70,24,0.34285714285714286,70,26,0.37142857142857144,70,30,0.42857142857142855,0.29752131194948994,0.7242632442784086,0.340200797587329,1.407299222918213,0.6973600019000016,2.839983792345751,True,0.08571428571428569,-0.07142857142857145,0.24285714285714283,0.02857142857142858,67
70,22,0.3142857142857143,70,25,0.35714285714285715,70,37,0.5285714285714286,0.010247617626290598,0.5913354396096127,0.010657316535780195,2.482286262648326,1.235400529639293,4.9876497070400925,True,0.2142857142857143,0.057142857142857106,0.3857142857142857,0.04285714285714287,68
70,21,0.3,70,30,0.42857142857142855,70,37,0.5285714285714286,0.006048674346503783,0.11396581350907546,0.007591093838792332,2.633223029040501,1.2935707862778545,5.36025055159205,True,0.2285714285714286,0.05714285714285716,0.3857142857142858,0.12857142857142856,69
70,23,0.32857142857142857,70,34,0.4857142857142857,70,32,0.45714285714285713,0.11936231595035392,0.05845668419140268,0.11603637345421189,1.7408876516695195,0.8719829176276713,3.4756298024515786,True,0.12857142857142856,-0.02857142857142858,0.27178571428571235,0.15714285714285714,70
70,22,0.3142857142857143,70,36,0.5142857142857142,70,42,0.6,0.0006910527930601335,0.016306170074973737,0.0009010929181232558,3.254138319917369,1.6214111709173389,6.530987571254679,True,0.2857142857142857,0.1285714285714285,0.44285714285714284,0.19999999999999996,71
70,16,0.22857142857142856,70,24,0.34285714285714286,70,40,0.5714285714285714,3.4671076872696563e-05,0.1344809801438156,5.031131400884615e-05,4.631163776021661,2.207327359352532,9.716582286474436,True,0.34285714285714286,0.18571428571428572,0.48571428571428577,0.1142857142857143,72
70,21,0.3,70,29,0.4142857142857143,70,41,0.5857142857142857,0.0006667146553199102,0.1582247513999311,0.0007506589408402194,3.375307462566523,1.6637378634169555,6.847653538075483,True,0.28571428571428575,0.12857142857142856,0.4428571428571429,0.11428571428571432,73
70,18,0.2571428571428571,70,29,0.4142857142857143,70,34,0.4857142857142857,0.005132450741041347,0.04899444859570722,0.006434111648540918,2.742881555913696,1.3274001298376663,5.667770448908733,True,0.2285714285714286,0.0714285714285714,0.39999999999999997,0.1571428571428572,74
70,16,0.22857142857142856,70,33,0.4714285714285714,70,35,0.5,0.0008473169107830436,0.002593000344988534,0.0009598879079846789,3.4475581130927937,1.6537282069859232,7.187188857844231,True,0.27142857142857146,0.11428571428571432,0.4285714285714285,0.24285714285714285,75
70,20,0.2857142857142857,70,31,0.44285714285714284,70,35,0.5,0.009438207425496569,0.05337626009840693,0.009966437300865598,2.5212095323526755,1.2478434799690252,5.093986231497385,True,0.2142857142857143,0.05714285714285716,0.3714285714285714,0.15714285714285714,76
70,23,0.32857142857142857,70,31,0.44285714285714284,70,36,0.5142857142857142,0.02607819806845579,0.16482725172001045,0.028798319567381343,2.1606195671610373,1.082999803775539,4.310505780079245,True,0.18571428571428567,0.01428571428571429,0.34285714285714286,0.11428571428571427,77
70,18,0.2571428571428571,70,27,0.38571428571428573,70,29,0.4142857142857143,0.04899444859570722,0.10337863067113565,0.0513233466476736,2.0501878759148293,0.9958832156023506,4.220645815388957,True,0.1571428571428572,0.01428571428571429,0.3142857142857143,0.12857142857142861,78
70,19,0.2714285714285714,70,33,0.4714285714285714,70,37,0.5285714285714286,0.001900893250446667,0.014334259452098139,0.0023335318989270693,3.005774116634423,1.4798720019630478,6.10504018472203,True,0.2571428571428572,0.09999999999999998,0.41428571428571437,0.2,79
70,23,0.32857142857142857,70,28,0.4,70,29,0.4142857142857143,0.2939593745488356,0.3798785323042442,0.3056202874647933,1.4390064007533185,0.7172338814655036,2.8871187975363592,True,0.08571428571428574,-0.0714285714285714,0.24285714285714283,0.07142857142857145,80
70,18,0.2571428571428571,70,28,0.4,70,42,0.6,4.153330286677669e-05,0.0719597135260913,6.804434616007935e-05,4.34228065901778,2.1081909156326977,8.943877512165976,True,0.34285714285714286,0.18571428571428572,0.5,0.1428571428571429,81
70,21,0.3,70,31,0.44285714285714284,70,35,0.5,0.0157252997545054,0.08026930135546974,0.01832806564704837,2.3305426052686085,1.1538440471152398,4.70724691829149,True,0.2,0.04285714285714287,0.3571428571428572,0.14285714285714285,82
70,15,0.21428571428571427,70,34,0.4857142857142857,70,34,0.4857142857142857,0.0007608523599050972,0.0007608523599050972,0.0009702090821417282,3.488078889378634,1.6604802132073193,7.327214285214618,True,0.27142857142857146,0.12857142857142856,0.4142857142857143,0.27142857142857146,83
70,24,0.34285714285714286,70,34,0.4857142857142857,70,21,0.3,0.5872009185316818,0.08621570341178506,0.5630759985851662,0.8055642655346058,0.38711937502022564,1.6763144078552108,True,-0.04285714285714287,-0.2,0.1142857142857143,0.14285714285714285,84
70,19,0.2714285714285714,70,32,0.45714285714285713,70,32,0.45714285714285713,0.022423752669128452,0.022423752669128452,0.024672010009520764,2.2496777152214325,1.1089504197970166,4.563819745241905,True,0.18571428571428572,0.02857142857142858,0.34285714285714286,0.18571428571428572,85
70,16,0.22857142857142856,70,27,0.38571428571428573,70,36,0.5142857142857142,0.0004683196161939428,0.04387472976308137,0.0005218363507563306,3.691872731849907,1.7651536951847535,7.7216642977654635,True,0.2857142857142857,0.12857142857142861,0.44285714285714284,0.15714285714285717,86
70,21,0.3,70,23,0.32857142857142857,70,37,0.5285714285714286,0.006048674346503783,0.7157762127369696,0.005375991610264718,2.896673334328016,1.3698418935602097,6.125317414551815,True,0.2285714285714286,0.0714285714285714,0.3857142857142857,0.02857142857142858,87
70,16,0.22857142857142856,70,31,0.44285714285714284,70,33,0.4714285714285714,0.002593000344988534,0.007263641508519324,0.002823870091857757,3.063598013314379,1.4692900074934978,6.387869473906666,True,0.24285714285714285,0.08571428571428572,0.39999999999999997,0.21428571428571427,88
70,24,0.34285714285714286,70,26,0.37142857142857144,70,37,0.5285714285714286,0.026705779639582986,0.7242632442784086,0.023621130732559354,2.2652679542913887,1.1157985771369616,4.59889357262518,True,0.18571428571428572,0.01428571428571429,0.34285714285714286,0.02857142857142858,89
70,19,0.2714285714285714,70,22,0.3142857142857143,70,29,0.4142857142857143,0.07498913678750244,0.5774217824168668,0.06913931583972728,1.9449737500439082,0.9491941254491875,3.9854048681239664,True,0.1428571428571429,-0.01428571428571429,0.3,0.04285714285714287,90
70,18,0.2571428571428571,70,33,0.4714285714285714,70,36,0.5142857142857142,0.0017762943509938849,0.008429596538289138,0.002847061910931512,3.067888740670661,1.4690903330014713,6.4066457410446995,True,0.2571428571428571,0.10000000000000003,0.41428571428571426,0.2142857142857143,91
70,20,0.2857142857142857,70,25,0.35714285714285715,70,38,0.5428571428571428,0.0020132384105285327,0.36555659141522145,0.0021890163545467464,3.0549605098668775,1.495168046149535,6.241963062868118,True,0.2571428571428571,0.09999999999999998,0.41428571428571426,0.07142857142857145,92
70,24,0.34285714285714286,70,27,0.38571428571428573,70,44,0.6285714285714286,0.0007196074502872862,0.5982824269290895,0.0008256520910717166,3.3418865216193416,1.647697580870863,6.778067561086211,True,0.2857142857142857,0.11428571428571432,0.44285714285714284,0.04285714285714287,93
70,14,0.2,70,35,0.5,70,33,0.4714285714285714,0.0006729272278499696,0.0001984024045859719,0.00089456648737194,3.606895751618749,1.6920069782439404,7.688914484588933,True,0.2714285714285714,0.1142857142857143,0.4142857142857143,0.3,94
70,21,0.3,70,29,0.4142857142857143,70,38,0.5428571428571428,0.003618052251272993,0.1582247513999311,0.004748419184859363,2.751378996737586,1.3628400776204355,5.554640275113093,True,0.24285714285714283,0.07142857142857145,0.4,0.11428571428571432,95
70,17,0.24285714285714285,70,28,0.4,70,42,0.6,1.8779116827853704e-05,0.04652253842775168,3.083489076609135e-05,4.7380986948600095,2.2795403969011754,9.84829190689152,True,0.3571428571428571,0.2,0.500357142857141,0.15714285714285717,96
70,16,0.22857142857142856,70,30,0.42857142857142855,70,45,0.6428571428571429,7.696120074208249e-07,0.011764786559866998,2.0633917255708248e-06,6.0565994809197266,2.879163089399902,12.740645852028738,True,0.41428571428571437,0.2714285714285714,0.5571428571428572,0.19999999999999998,97
70,23,0.32857142857142857,70,27,0.38571428571428573,70,31,0.44285714285714284,0.16482725172001045,0.48047817807440885,0.17051979759587654,1.619631352755242,0.812710816015729,3.2277234006653184,True,0.11428571428571427,-0.04285714285714287,0.27142857142857146,0.05714285714285716,98
70,15,0.21428571428571427,70,34,0.4857142857142857,70,32,0.45714285714285713,0.0023466578926719427,0.0007608523599050972,0.0024084663858188766,3.2335636861640364,1.51528193747042,6.900322543231571,True,0.24285714285714285,0.08571428571428574,0.38571428571428573,0.27142857142857146,99
70,16,0.22857142857142856,70,36,0.5142857142857142,70,34,0.4857142857142857,0.001498873337151674,0.0004683196161939428,0.0019395675429375503,3.1983422509015305,1.5332721869941952,6.671609411995808,True,0.2571428571428571,0.11428571428571427,0.41428571428571426,0.2857142857142857,100
70,20,0.2857142857142857,70,36,0.5142857142857142,70,40,0.5714285714285714,0.0006362991412402051,0.005775498089305212,0.0008796923065188012,3.3025502975126315,1.6335692124535737,6.676691984919951,True,0.2857142857142857,0.12857142857142856,0.4285714285714286,0.22857142857142854,101
70,22,0.3142857142857143,70,28,0.4,70,39,0.5571428571428572,0.0037606148936679606,0.28991845394256677,0.004192636920077854,2.747777345336982,1.3756009676243441,5.488714036445065,True,0.24285714285714288,0.08571428571428569,0.4,0.08571428571428574,102
70,15,0.21428571428571427,70,32,0.45714285714285713,70,33,0.4714285714285714,0.0013508340928088756,0.0023466578926719427,0.0012677489992435247,3.4775001887669044,1.6297895050268734,7.419981246396881,True,0.2571428571428571,0.1,0.41428571428571426,0.24285714285714285,103
70,27,0.38571428571428573,70,35,0.5,70,36,0.5142857142857142,0.12627892855469733,0.1734614676496442,0.1380047478472642,1.6684956375777444,0.8482962195566343,3.281728278915318,True,0.1285714285714285,-0.042857142857142816,0.30000000000000004,0.11428571428571427,104
70,18,0.2571428571428571,70,31,0.44285714285714284,70,36,0.5142857142857142,0.0017762943509938849,0.02125060274444335,0.0017501848193190118,3.220485678652827,1.5482162143112386,6.699017818400762,True,0.2571428571428571,0.09999999999999998,0.41428571428571426,0.18571428571428572,105
70,20,0.2857142857142857,70,19,0.2714285714285714,70,39,0.5571428571428572,0.0011460034934104833,0.8504644126549835,0.0013777742019246164,3.1594943992630675,1.561483302994889,6.392898880076827,True,0.27142857142857146,0.11428571428571427,0.42857142857142855,-0.01428571428571429,106
70,13,0.18571428571428572,70,30,0.42857142857142855,70,40,0.5714285714285714,2.542626715848517e-06,0.0018423676090594079,6.278380599331946e-06,5.9389992010752275,2.7414295758512908,12.86617457587592,True,0.3857142857142857,0.2285714285714286,0.5285714285714286,0.24285714285714283,107
70,24,0.34285714285714286,70,31,0.44285714285714284,70,33,0.4714285714285714,0.12157158583613327,0.2257595767739073,0.11937290354674547,1.735041754602403,0.8672498062266836,3.4711681324111225,True,0.12857142857142856,-0.02857142857142858,0.30000000000000004,0.09999999999999998,108
70,14,0.2,70,33,0.4714285714285714,70,42,0.6,1.3621872098901454e-06,0.0006729272278499696,3.6030725198711584e-06,6.2414014068151475,2.8763825824858587,13.543084205206076,True,0.39999999999999997,0.2571428571428571,0.5428571428571428,0.2714285714285714,109
70,19,0.2714285714285714,70,32,0.45714285714285713,70,42,0.6,8.84583925550938e-05,0.022423752669128452,0.0001098305590182412,4.123173893298589,2.0112607012264068,8.45268986959901,True,0.32857142857142857,0.17142857142857137,0.48571428571428565,0.18571428571428572,110
70,21,0.3,70,33,0.4714285714285714,70,32,0.45714285714285713,0.05527325082754323,0.037203202068748664,0.051507051776886165,2.02460686755246,0.9953981402621709,4.11798334991963,True,0.15714285714285714,0.0,0.3142857142857143,0.17142857142857143,111
70,17,0.24285714285714285,70,25,0.35714285714285715,70,23,0.32857142857142857,0.2616510905882334,0.1400990632504758,0.2864945947292531,1.5039420370682626,0.7101061822420882,3.1852161091169484,True,0.08571428571428572,-0.07142857142857142,0.24285714285714283,0.1142857142857143,112
70,22,0.3142857142857143,70,31,0.44285714285714284,70,37,0.5285714285714286,0.010247617626290598,0.11682813219314594,0.01049137530845362,2.5182743977540665,1.2414179489718096,5.108437450607228,True,0.2142857142857143,0.042857142857142816,0.37142857142857144,0.12857142857142856,113
70,19,0.2714285714285714,70,26,0.37142857142857144,70,26,0.37142857142857144,0.2052414766210149,0.2052414766210149,0.2047627819996537,1.5961528650523158,0.7748256865840059,3.2880995206119783,True,0.10000000000000003,-0.05714285714285716,0.24285714285714288,0.10000000000000003,114
70,15,0.21428571428571427,70,28,0.4,70,36,0.5142857142857142,0.0002259308412680957,0.01723287401247834,0.00025393915179185487,4.10100673454421,1.9254192385483857,8.734854155428822,True,0.29999999999999993,0.14285714285714288,0.4428571428571429,0.18571428571428575,115
70,15,0.21428571428571427,70,26,0.37142857142857144,70,34,0.4857142857142857,0.0007608523599050972,0.04106230623925888,0.0009797664018143689,3.5050075224734294,1.662711594645634,7.388580059317857,True,0.27142857142857146,0.1142857142857143,0.4285714285714286,0.15714285714285717,116
70,16,0.22857142857142856,70,29,0.4142857142857143,70,39,0.5571428571428572,6.88675312046598e-05,0.01864506117421733,9.033363124745988e-05,4.492858265874889,2.1177095868513156,9.531890266055427,True,0.3285714285714286,0.18571428571428572,0.48571428571428565,0.18571428571428575,117
70,16,0.22857142857142856,70,29,0.4142857142857143,70,41,0.5857142857142857,1.7034768728499052e-05,0.01864506117421733,3.151410011436088e-05,4.827575979490542,2.3002063109089352,10.131912832003673,True,0.3571428571428572,0.2139285714285714,0.5142857142857142,0.18571428571428575,118
70,13,0.18571428571428572,70,23,0.32857142857142857,70,32,0.45714285714285713,0.0005852796494683736,0.05314618931277163,0.0007914397570581455,3.7071889021207802,1.7246055768779383,7.968923294848057,True,0.2714285714285714,0.12857142857142856,0.41428571428571426,0.14285714285714285,119
70,17,0.24285714285714285,70,19,0.2714285714285714,70,37,0.5285714285714286,0.0005155481818387301,0.6989440845819839,0.0006182518491039462,3.615852084590741,1.7323329352321486,7.547271099990441,True,0.2857142857142857,0.12857142857142856,0.44285714285714284,0.028571428571428553,120
70,11,0.15714285714285714,70,31,0.44285714285714284,70,35,0.5,1.5709681011044403e-05,0.00022553077418826072,4.1039511403189407e-05,5.459611325754876,2.4260622951315782,12.286310985552952,True,0.34285714285714286,0.18571428571428575,0.5,0.2857142857142857,121
70,14,0.2,70,31,0.44285714285714284,70,41,0.5857142857142857,2.9774790647003384e-06,0.0020950622866740317,7.726686731983639e-06,5.635957307960267,2.6416987301310626,12.024086779787654,True,0.38571428571428573,0.24285714285714283,0.5428571428571428,0.24285714285714283,122
70,13,0.18571428571428572,70,32,0.45714285714285713,70,36,0.5142857142857142,4.5929990659285284e-05,0.0005852796494683736,4.434898251180906e-05,5.755286265754417,2.4846355133568223,13.331259181766566,True,0.3285714285714285,0.17142857142857146,0.4714285714285715,0.2714285714285714,123
70,19,0.2714285714285714,70,23,0.32857142857142857,70,39,0.5571428571428572,0.0006004439749850096,0.4606900172109778,0.0006214154991419274,3.507151481767292,1.7093774006460345,7.195667563765534,True,0.28571428571428575,0.11428571428571427,0.4285714285714286,0.05714285714285716,124
70,16,0.22857142857142856,70,27,0.38571428571428573,70,39,0.5571428571428572,6.88675312046598e-05,0.04387472976308137,0.00010948042583230302,4.253377753793409,2.0426437736937046,8.856768149911126,True,0.3285714285714286,0.18571428571428572,0.4714285714285715,0.15714285714285717,125
70,16,0.22857142857142856,70,30,0.42857142857142855,70,41,0.5857142857142857,1.7034768728499052e-05,0.011764786559866998,2.598419990474247e-05,5.030967130854559,2.3696990744858106,10.680947021609054,True,0.3571428571428572,0.2142857142857143,0.5142857142857142,0.19999999999999998,126
70,19,0.2714285714285714,70,32,0.45714285714285713,70,31,0.44285714285714284,0.034293721036493065,0.022423752669128452,0.027499199919538683,2.256045488524796,1.0943975795914669,4.6507241437732905,True,0.17142857142857143,0.01428571428571429,0.32857142857142857,0.18571428571428572,127
70,16,0.22857142857142856,70,26,0.37142857142857144,70,38,0.5428571428571428,0.00013356007507963456,0.06514266746494533,0.00017849630346321383,4.079555509703826,1.9555635935638138,8.510474019627813,True,0.3142857142857143,0.17142857142857137,0.4571428571428572,0.14285714285714288,128
70,20,0.2857142857142857,70,23,0.32857142857142857,70,39,0.5571428571428572,0.0011460034934104833,0.5825777375211728,0.0012621305897798944,3.245996337101552,1.5868225953257908,6.639993816267433,True,0.27142857142857146,0.10000000000000003,0.42857142857142855,0.04285714285714287,129
70,24,0.34285714285714286,70,26,0.37142857142857144,70,36,0.5142857142857142,0.040423979336908625,0.7242632442784086,0.048794419113386354,2.0093263585215104,1.0036968750130055,4.022521655252736,True,0.17142857142857137,0.014285714285714235,0.3285714285714286,0.02857142857142858,130
70,13,0.18571428571428572,70,34,0.4857142857142857,70,33,0.4714285714285714,0.0003197555467877183,0.0001710630307811587,0.00042184343433074377,3.999390057074705,1.850852568551794,8.642028598281843,True,0.2857142857142857,0.14285714285714285,0.42857142857142855,0.3,131
70,14,0.2,70,26,0.37142857142857144,70,36,0.5142857142857142,0.0001042696991757032,0.02476849000931904,0.0001809588843116887,4.2551839520995784,1.9938929042585074,9.081024576362239,True,0.3142857142857142,0.1571428571428572,0.4714285714285714,0.17142857142857143,132
70,19,0.2714285714285714,70,34,0.4857142857142857,70,39,0.5571428571428572,0.0006004439749850096,0.008956452403220638,0.0006682984366724833,3.4746228975931746,1.6955226971536854,7.120520592703378,True,0.28571428571428575,0.12857142857142856,0.44285714285714284,0.2142857142857143,133
70,14,0.2,70,36,0.5142857142857142,70,41,0.5857142857142857,2.9774790647003384e-06,0.0001042696991757032,5.539778717760868e-06,6.184752994369123,2.8180171519681276,13.573788780754185,True,0.38571428571428573,0.24285714285714283,0.5285714285714285,0.3142857142857142,134
70,15,0.21428571428571427,70,32,0.45714285714285713,70,40,0.5714285714285714,1.5165826393734674e-05,0.0023466578926719427,2.186641232085678e-05,5.097147110235923,2.4029278092292157,10.81218859909083,True,0.3571428571428571,0.2,0.5,0.24285714285714285,135
70,15,0.21428571428571427,70,19,0.2714285714285714,70,36,0.5142857142857142,0.0002259308412680957,0.43047869099789804,0.0002887141543321771,3.999262890867267,1.8902596590640925,8.461326248790089,True,0.29999999999999993,0.1428571428571429,0.4571428571428571,0.057142857142857134,136
70,22,0.3142857142857143,70,28,0.4,70,33,0.4714285714285714,0.05696789805266202,0.28991845394256677,0.06858010059444757,1.908118837940415,0.9519533355559124,3.8246806473732162,True,0.15714285714285714,0.0,0.3142857142857143,0.08571428571428574,137
70,14,0.2,70,24,0.34285714285714286,70,29,0.4142857142857143,0.005993865876021434,0.0573650910744893,0.006701607102990457,2.847066854293855,1.336354723163803,6.065597353993221,True,0.2142857142857143,0.0714285714285714,0.35714285714285715,0.14285714285714285,138
70,15,0.21428571428571427,70,24,0.34285714285714286,70,36,0.5142857142857142,0.0002259308412680957,0.08974712834927731,0.00024633389906581697,4.097617743015133,1.9277722837694529,8.709779318458367,True,0.29999999999999993,0.14285714285714288,0.4428571428571429,0.1285714285714286,139
70,20,0.2857142857142857,70,32,0.45714285714285713,70,37,0.5285714285714286,0.0034512326321624654,0.03582123919892002,0.00419841328340229,2.847771519081439,1.3910493709172094,5.829989067565649,True,0.24285714285714288,0.08571428571428569,0.3857142857142858,0.17142857142857143,140
70,17,0.24285714285714285,70,26,0.37142857142857144,70,31,0.44285714285714284,0.012676052703650924,0.09917425793170925,0.01431974128613111,2.4799180166809895,1.1988989497733273,5.1297011900975775,True,0.19999999999999998,0.04285714285714287,0.3571428571428571,0.1285714285714286,141
70,17,0.24285714285714285,70,25,0.35714285714285715,70,28,0.4,0.04652253842775168,0.1400990632504758,0.050665351873895474,2.0693043558915085,0.997895851053943,4.2910495246463345,True,0.15714285714285717,-0.00035714285714283627,0.30000000000000004,0.1142857142857143,142
70,18,0.2571428571428571,70,29,0.4142857142857143,70,31,0.44285714285714284,0.02125060274444335,0.04899444859570722,0.02590115273211754,2.2919295894800746,1.1048146852107856,4.754590352075295,True,0.18571428571428572,0.02857142857142858,0.34285714285714286,0.1571428571428572,143
70,25,0.35714285714285715,70,27,0.38571428571428573,70,37,0.5285714285714286,0.041176544583936055,0.7264699373670985,0.04302155053735929,2.015121915367156,1.0222447329087339,3.972352415295385,True,0.17142857142857143,0.0139285714285714,0.3285714285714286,0.02857142857142858,144
70,16,0.22857142857142856,70,23,0.32857142857142857,70,33,0.4714285714285714,0.002593000344988534,0.18694144127028958,0.0023116630333013385,3.1788403894281663,1.5107183950595051,6.68888805121208,True,0.24285714285714285,0.08571428571428574,0.38571428571428573,0.1,145
70,13,0.18571428571428572,70,26,0.37142857142857144,70,35,0.5,8.959541833745227e-05,0.014252458596574894,0.00010961368881203345,4.685614182734861,2.1424159319463056,10.247767458254847,True,0.3142857142857143,0.17142857142857143,0.4571428571428572,0.18571428571428572,146
70,21,0.3,70,38,0.5428571428571428,70,34,0.4857142857142857,0.02447064311494846,0.003618052251272993,0.025907765710011736,2.2058958003868923,1.0997121581558682,4.4247726517131465,True,0.18571428571428572,0.04285714285714287,0.3428571428571428,0.24285714285714283,147
70,20,0.2857142857142857,70,28,0.4,70,33,0.4714285714285714,0.023499367457131843,0.15432359056084352,0.025308884784828845,2.2258367954283567,1.1040469902519148,4.4874443602734,True,0.18571428571428572,0.02857142857142858,0.34285714285714286,0.11428571428571432,148
70,20,0.2857142857142857,70,31,0.44285714285714284,70,36,0.5142857142857142,0.005775498089305212,0.05337626009840693,0.005590866550680711,2.736057780590068,1.3425336501877112,5.5760331800106195,True,0.22857142857142854,0.07142857142857145,0.38571428571428573,0.15714285714285714,149
70,20,0.2857142857142857,70,27,0.38571428571428573,70,33,0.4714285714285714,0.023499367457131843,0.21028909717077288,0.02312092208162476,2.2727758523287394,1.119160334784121,4.615522829376385,True,0.18571428571428572,0.02857142857142858,0.34285714285714286,0.10000000000000003,150
70,16,0.22857142857142856,70,26,0.37142857142857144,70,34,0.4857142857142857,0.001498873337151674,0.06514266746494533,0.002089885575001601,3.160559806823239,1.518601732253247,6.577852560252926,True,0.2571428571428571,0.09999999999999998,0.41428571428571426,0.14285714285714288,151
70,24,0.34285714285714286,70,29,0.4142857142857143,70,39,0.5571428571428572,0.010826921277131309,0.38362459684390826,0.010864890208686782,2.4442838378998895,1.2287496929921642,4.862278716562589,True,0.2142857142857143,0.057142857142857106,0.37142857142857144,0.07142857142857145,152
70,21,0.3,70,29,0.4142857142857143,70,38,0.5428571428571428,0.003618052251272993,0.1582247513999311,0.003603612882734853,2.834160618141458,1.4054036122697062,5.715416083534646,True,0.24285714285714283,0.08571428571428569,0.41428571428571426,0.11428571428571432,153
70,19,0.2714285714285714,70,29,0.4142857142857143,70,27,0.38571428571428573,0.15000938577412762,0.07498913678750244,0.13279109586833898,1.761304446161899,0.8419716910126567,3.6844390199611126,True,0.11428571428571432,-0.04285714285714287,0.27142857142857146,0.1428571428571429,154
70,23,0.32857142857142857,70,31,0.44285714285714284,70,34,0.4857142857142857,0.05845668419140268,0.16482725172001045,0.057386149804140946,1.9504519049548619,0.9792638489329086,3.8848188235351544,True,0.15714285714285714,-0.014285714285714235,0.3142857142857143,0.11428571428571427,155
70,17,0.24285714285714285,70,27,0.38571428571428573,70,42,0.6,1.8779116827853704e-05,0.06867563863383211,3.103520352100714e-05,5.034401768025641,2.3533350066980994,10.769907849822397,True,0.3571428571428571,0.19999999999999996,0.5,0.14285714285714288,156
70,21,0.3,70,29,0.4142857142857143,70,36,0.5142857142857142,0.009869991042600109,0.1582247513999311,0.01049665168679562,2.479959776477183,1.236910636799232,4.97222702268913,True,0.21428571428571425,0.05714285714285716,0.37142857142857144,0.11428571428571432,157
70,19,0.2714285714285714,70,26,0.37142857142857144,70,40,0.5714285714285714,0.00032525998181950157,0.2052414766210149,0.00033313455277059325,3.836600275519318,1.8406402023079065,7.996946744756906,True,0.3,0.14285714285714285,0.45714285714285713,0.10000000000000003,158
70,13,0.18571428571428572,70,25,0.35714285714285715,70,36,0.5142857142857142,4.5929990659285284e-05,0.022570802466266866,7.082863219159238e-05,4.987518973300206,2.2575923868532315,11.018528257752632,True,0.3285714285714285,0.18571428571428572,0.4714285714285715,0.17142857142857143,159
70,17,0.24285714285714285,70,29,0.4142857142857143,70,37,0.5285714285714286,0.0005155481818387301,0.03083097236590746,0.0006578291412339332,3.572493932863752,1.7172005377839965,7.432278653265665,True,0.2857142857142857,0.12857142857142856,0.4285714285714286,0.17142857142857146,160
70,22,0.3142857142857143,70,27,0.38571428571428573,70,38,0.5428571428571428,0.006285181643384482,0.37563779431400734,0.007998763656126132,2.5890937605758735,1.2818122867450261,5.229631959664885,True,0.22857142857142854,0.0714285714285714,0.4003571428571409,0.07142857142857145,161
70,14,0.2,70,30,0.42857142857142855,70,27,0.38571428571428573,0.01576388550166007,0.00358116403312374,0.020870176801329875,2.4562930166171393,1.1460036579466948,5.264708660958536,True,0.18571428571428572,0.042857142857142844,0.32857142857142857,0.22857142857142854,162
70,13,0.18571428571428572,70,26,0.37142857142857144,70,33,0.4714285714285714,0.0003197555467877183,0.014252458596574894,0.000334351600904684,4.243104168275417,1.9263001397145365,9.34637993926755,True,0.2857142857142857,0.14285714285714285,0.42857142857142855,0.18571428571428572,163
70,22,0.3142857142857143,70,33,0.4714285714285714,70,29,0.4142857142857143,0.21893379656124137,0.05696789805266202,0.20691036177672772,1.578487814928147,0.7769380629803393,3.2069786519645485,True,0.10000000000000003,-0.05714285714285716,0.2571428571428572,0.15714285714285714,164
70,20,0.2857142857142857,70,29,0.4142857142857143,70,40,0.5714285714285714,0.0006362991412402051,0.11077211141818988,0.0007284385298475266,3.4690621639661625,1.6859053357175247,7.138237267835523,True,0.2857142857142857,0.1285714285714285,0.4428571428571429,0.12857142857142861,165
70,20,0.2857142857142857,70,26,0.37142857142857144,70,34,0.4857142857142857,0.015066291379480895,0.28030976562100696,0.015880493638167046,2.4152681774241485,1.1795787455160243,4.945426823815657,True,0.2,0.042857142857142816,0.35714285714285715,0.08571428571428574,166
70,27,0.38571428571428573,70,28,0.4,70,33,0.4714285714285714,0.30550708686125094,0.8626116229242389,0.30841153789558096,1.423418098785425,0.7215770114632661,2.807904148499968,True,0.08571428571428569,-0.08571428571428569,0.24285714285714288,0.01428571428571429,167
70,13,0.18571428571428572,70,29,0.4142857142857143,70,36,0.5142857142857142,4.5929990659285284e-05,0.003169064655117476,6.483451654706312e-05,4.946987922615439,2.2576183012293436,10.840047448754678,True,0.3285714285714285,0.17142857142857143,0.48571428571428565,0.2285714285714286,168
70,12,0.17142857142857143,70,31,0.44285714285714284,70,38,0.5428571428571428,4.518857843824021e-06,0.0004996426582452976,6.5722111612063166e-06,6.701516806011757,2.930229623383053,15.326555687948943,True,0.3714285714285714,0.22857142857142854,0.5142857142857142,0.2714285714285714,169
70,18,0.2571428571428571,70,22,0.3142857142857143,70,30,0.42857142857142855,0.03262753307176913,0.45426024256681874,0.03577089103978374,2.161351472608602,1.052566817391986,4.438141228622527,True,0.17142857142857143,0.01428571428571429,0.3285714285714285,0.05714285714285716,170
70,13,0.18571428571428572,70,25,0.35714285714285715,70,32,0.45714285714285713,0.0005852796494683736,0.022570802466266866,0.0006585325588917044,3.908142853468175,1.7838275139832904,8.562251923678673,True,0.2714285714285714,0.1285714285714286,0.4142857142857143,0.17142857142857143,171
70,16,0.22857142857142856,70,26,0.37142857142857144,70,39,0.5571428571428572,6.88675312046598e-05,0.06514266746494533,7.02800989276925e-05,4.662945219404536,2.1826796266355704,9.961635163417379,True,0.3285714285714286,0.17142857142857143,0.4714285714285714,0.14285714285714288,172
70,20,0.2857142857142857,70,30,0.42857142857142855,70,34,0.4857142857142857,0.015066291379480895,0.07775989643932942,0.015196547532752442,2.38710945895809,1.18249237153362,4.818882308438785,True,0.2,0.042857142857142816,0.3571428571428572,0.14285714285714285,173
70,22,0.3142857142857143,70,29,0.4142857142857143,70,36,0.5142857142857142,0.016306170074973737,0.21893379656124137,0.020494931509303326,2.2721682968425303,1.1348707442721366,4.549195399769935,True,0.19999999999999996,0.042857142857142816,0.37142857142857144,0.10000000000000003,174
70,21,0.3,70,32,0.45714285714285713,70,30,0.42857142857142855,0.11396581350907546,0.05527325082754323,0.11669717623476229,1.7518191526109552,0.869533450087039,3.5293298298614917,True,0.12857142857142856,-0.02857142857142858,0.2857142857142857,0.15714285714285714,175
70,14,0.2,70,24,0.34285714285714286,70,38,0.5428571428571428,2.6939966535010783e-05,0.0573650910744893,5.7053158363321e-05,4.818934626612322,2.240593829689364,10.364275143426038,True,0.3428571428571428,0.19999999999999998,0.48571428571428577,0.14285714285714285,176
70,16,0.22857142857142856,70,27,0.38571428571428573,70,41,0.5857142857142857,1.7034768728499052e-05,0.04387472976308137,2.6907932643772793e-05,5.030221408934897,2.366154898873374,10.693774712278923,True,0.3571428571428572,0.2,0.5142857142857142,0.15714285714285717,177
70,18,0.2571428571428571,70,29,0.4142857142857143,70,32,0.45714285714285713,0.013535198613802871,0.04899444859570722,0.014872781200566579,2.457800123377605,1.191928141549437,5.0680751933772665,True,0.2,0.04285714285714287,0.3571428571428571,0.1571428571428572,178
70,17,0.24285714285714285,70,33,0.4714285714285714,70,28,0.4,0.04652253842775168,0.004770513090089518,0.04208998408590402,2.1591676222145235,1.0278992535255023,4.535468631609289,True,0.15714285714285717,0.0,0.30000000000000004,0.22857142857142856,179
70,18,0.2571428571428571,70,24,0.34285714285714286,70,38,0.5428571428571428,0.0005599062480061843,0.2684813240895755,0.0004944447859726156,3.9334968171008895,1.8203503958649085,8.499680745690382,True,0.2857142857142857,0.1428571428571428,0.44285714285714284,0.08571428571428574,180
70,20,0.2857142857142857,70,32,0.45714285714285713,70,32,0.45714285714285713,0.03582123919892002,0.03582123919892002,0.03769172142378167,2.1195500902365363,1.0436620289147314,4.3045473156605105,True,0.17142857142857143,0.01428571428571429,0.3285714285714285,0.17142857142857143,181
70,18,0.2571428571428571,70,20,0.2857142857142857,70,41,0.5857142857142857,8.26377928895549e-05,0.7038684184434106,0.00010366756279431088,4.201613072596419,2.0354005569592823,8.673257139216885,True,0.3285714285714286,0.17142857142857143,0.4714285714285714,0.02857142857142858,182
70,16,0.22857142857142856,70,31,0.44285714285714284,70,37,0.5285714285714286,0.0002530071251459537,0.007263641508519324,0.0004163308248102018,3.7728120155531895,1.804839243968475,7.886636193373433,True,0.30000000000000004,0.14285714285714288,0.44285714285714284,0.21428571428571427,183
70,21,0.3,70,27,0.38571428571428573,70,36,0.5142857142857142,0.009869991042600109,0.2853768809059213,0.008544904331994549,2.6241609703362703,1.2785403151796795,5.3860020810281934,True,0.21428571428571425,0.057142857142857106,0.37142857142857144,0.08571428571428574,184
70,14,0.2,70,26,0.37142857142857144,70,42,0.6,1.3621872098901454e-06,0.02476849000931904,2.60187964150332e-06,6.419548813167709,2.956396263971289,13.939473360477487,True,0.39999999999999997,0.24285714285714288,0.5428571428571428,0.17142857142857143,185
70,19,0.2714285714285714,70,32,0.45714285714285713,70,34,0.4857142857142857,0.008956452403220638,0.022423752669128452,0.009299673939272272,2.5732466251348156,1.2622541224669794,5.245851905657721,True,0.2142857142857143,0.05714285714285716,0.37142857142857144,0.18571428571428572,186
70,23,0.32857142857142857,70,30,0.42857142857142855,70,38,0.5428571428571428,0.010567559529059986,0.22256640256093,0.010012540620774522,2.4806189629561235,1.2424714503514942,4.952605098198998,True,0.21428571428571425,0.057142857142857106,0.37142857142857144,0.09999999999999998,187
70,21,0.3,70,32,0.45714285714285713,70,45,0.6428571428571429,4.8367205962767064e-05,0.05527325082754323,3.656218086011907e-05,4.847810208672104,2.291214072115213,10.257122678026098,True,0.3428571428571429,0.18571428571428572,0.5,0.15714285714285714,188
70,15,0.21428571428571427,70,33,0.4714285714285714,70,32,0.45714285714285713,0.0023466578926719427,0.0013508340928088756,0.0008293745566228771,4.0399257246860625,1.7817311103973061,9.160192447524143,True,0.24285714285714285,0.1,0.39999999999999997,0.2571428571428571,189
70,19,0.2714285714285714,70,29,0.4142857142857143,70,32,0.45714285714285713,0.022423752669128452,0.07498913678750244,0.022617225924347183,2.2817502633796547,1.1227089462322135,4.637341032959286,True,0.18571428571428572,0.01428571428571429,0.34285714285714286,0.1428571428571429,190
70,20,0.2857142857142857,70,39,0.5571428571428572,70,31,0.44285714285714284,0.05337626009840693,0.0011460034934104833,0.05130898281515073,2.0288244875222476,0.9959868794356056,4.132713880229417,True,0.15714285714285714,0.0,0.3142857142857143,0.27142857142857146,191
70,11,0.15714285714285714,70,25,0.35714285714285715,70,38,0.5428571428571428,1.7167233069263015e-06,0.006784853455658382,4.7752659840751124e-06,6.516605833865996,2.9190725000694004,14.547823527153476,True,0.3857142857142857,0.2285714285714286,0.5285714285714286,0.2,192
70,16,0.22857142857142856,70,27,0.38571428571428573,70,36,0.5142857142857142,0.0004683196161939428,0.04387472976308137,0.00046115660934795176,3.772428218223352,1.794472136182261,7.930585476754582,True,0.2857142857142857,0.14285714285714285,0.4285714285714286,0.15714285714285717,193
70,24,0.34285714285714286,70,30,0.42857142857142855,70,46,0.6571428571428571,0.0002002675749172096,0.29752131194948994,0.00023470312250399177,3.850277196894922,1.8772574082155047,7.896964171269999,True,0.3142857142857143,0.15714285714285708,0.4574999999999981,0.08571428571428569,194
70,13,0.18571428571428572,70,33,0.4714285714285714,70,38,0.5428571428571428,1.1303798845284584e-05,0.0003197555467877183,2.3138060510923242e-05,5.2349691788097275,2.43210474165883,11.267977827466481,True,0.3571428571428571,0.2142857142857143,0.5142857142857142,0.2857142857142857,195
70,21,0.3,70,28,0.4,70,35,0.5,0.0157252997545054,0.21484694740564553,0.013590486492341161,2.428691644532318,1.2003761016761403,4.913912477918121,True,0.2,0.042857142857142816,0.35714285714285715,0.10000000000000003,196
70,16,0.22857142857142856,70,30,0.42857142857142855,70,35,0.5,0.0008473169107830436,0.011764786559866998,0.0009555079634499755,3.4396522746810474,1.652656297822779,7.158903993713042,True,0.27142857142857146,0.10000000000000003,0.42857142857142855,0.19999999999999998,197
70,15,0.21428571428571427,70,34,0.4857142857142857,70,31,0.44285714285714284,0.003989425859212526,0.0007608523599050972,0.0045136513126222575,2.9885174823063103,1.4038205385438978,6.362092943385987,True,0.22857142857142856,0.07142857142857145,0.37142857142857144,0.27142857142857146,198
70,12,0.17142857142857143,70,24,0.34285714285714286,70,34,0.4857142857142857,7.538394416918283e-05,0.020315065868384944,0.00012603094816582484,4.697160966915482,2.130085309930818,10.357951884016778,True,0.3142857142857143,0.17142857142857143,0.4571428571428572,0.17142857142857143,199
70,16,0.22857142857142856,70,40,0.5714285714285714,70,43,0.6142857142857143,3.8143864070650083e-06,3.4671076872696563e-05,6.370586736588316e-06,5.591624384888286,2.648121959691447,11.806957435344243,True,0.3857142857142858,0.2285714285714286,0.5428571428571428,0.34285714285714286,200
70,17,0.24285714285714285,70,26,0.37142857142857144,70,37,0.5285714285714286,0.0005155481818387301,0.09917425793170925,0.0007184752712407009,3.4942421328420203,1.6924066630471555,7.214417403051876,True,0.2857142857142857,0.1285714285714286,0.4285714285714286,0.1285714285714286,201
70,22,0.3142857142857143,70,25,0.35714285714285715,70,41,0.5857142857142857,0.001247611837332069,0.5913354396096127,0.0016184354396657165,3.0695386761132313,1.5284717379972854,6.164371541799291,True,0.27142857142857146,0.11428571428571427,0.42857142857142855,0.04285714285714287,202
70,20,0.2857142857142857,70,22,0.3142857142857143,70,29,0.4142857142857143,0.11077211141818988,0.7122353915731037,0.10944223361457048,1.809137251028305,0.8754143274141905,3.7387754467373333,True,0.12857142857142861,-0.02857142857142858,0.28607142857142664,0.02857142857142858,203
70,13,0.18571428571428572,70,28,0.4,70,38,0.5428571428571428,1.1303798845284584e-05,0.005340022480328318,1.6927013041137217e-05,5.687918079834713,2.576325054152224,12.557581595058712,True,0.3571428571428571,0.2,0.5,0.2142857142857143,204
70,16,0.22857142857142856,70,32,0.45714285714285713,70,39,0.5571428571428572,6.88675312046598e-05,0.004387766594349367,8.116516056813924e-05,4.451596623572192,2.118293911475213,9.355034441466472,True,0.3285714285714286,0.17142857142857143,0.4714285714285714,0.22857142857142856,205
70,16,0.22857142857142856,70,29,0.4142857142857143,70,37,0.5285714285714286,0.0002530071251459537,0.01864506117421733,0.0004493625071462937,3.7931857684477106,1.8014530712703543,7.987029195164043,True,0.30000000000000004,0.14285714285714285,0.4432142857142838,0.18571428571428575,206
70,12,0.17142857142857143,70,26,0.37142857142857144,70,32,0.45714285714285713,0.00027148050204317867,0.007797235757587646,0.0004362370276569453,4.070211216492804,1.8616609035621456,8.898838298191077,True,0.2857142857142857,0.14285714285714288,0.4285714285714286,0.2,207
70,20,0.2857142857142857,70,32,0.45714285714285713,70,30,0.42857142857142855,0.07775989643932942,0.03582123919892002,0.06725372505531488,1.946637997733083,0.9537863262104408,3.9730067312604604,True,0.14285714285714285,-0.01428571428571429,0.30000000000000004,0.17142857142857143,208
70,18,0.2571428571428571,70,28,0.4,70,33,0.4714285714285714,0.008429596538289138,0.0719597135260913,0.008475279531138859,2.6531586799522304,1.2831091202299467,5.486089117458969,True,0.2142857142857143,0.05714285714285716,0.37142857142857144,0.1428571428571429,209
70,15,0.21428571428571427,70,32,0.45714285714285713,70,31,0.44285714285714284,0.003989425859212526,0.0023466578926719427,0.004375323180868071,2.953274414527463,1.4023120932150455,6.219606754945834,True,0.22857142857142856,0.08571428571428572,0.3714285714285714,0.24285714285714285,210
70,15,0.21428571428571427,70,39,0.5571428571428572,70,35,0.5,0.0004192369695409875,3.0856109134315426e-05,0.0004400032079708662,3.8493601293125366,1.8153564862108449,8.162349113076647,True,0.2857142857142857,0.14285714285714285,0.4285714285714286,0.34285714285714286,211
70,14,0.2,70,22,0.3142857142857143,70,46,0.6571428571428571,4.628013658842412e-08,0.12186687808275173,1.7712204501649204e-07,8.108503695637793,3.696420266421627,17.786893113704277,True,0.45714285714285713,0.3142857142857143,0.6,0.11428571428571427,212
70,22,0.3142857142857143,70,24,0.34285714285714286,70,36,0.5142857142857142,0.016306170074973737,0.718940927523115,0.015957148523136077,2.361166428282271,1.1739867406859321,4.748867009170698,True,0.19999999999999996,0.04285714285714287,0.35714285714285715,0.02857142857142858,213
70,13,0.18571428571428572,70,18,0.2571428571428571,70,36,0.5142857142857142,4.5929990659285284e-05,0.3087980988432791,7.810977466952846e-05,4.723817139131865,2.1863719180745544,10.206153939082492,True,0.3285714285714285,0.17142857142857146,0.4714285714285715,0.0714285714285714,214
70,19,0.2714285714285714,70,28,0.4,70,39,0.5571428571428572,0.0006004439749850096,0.10724394061929676,0.0005743735302585001,3.571420096440758,1.730494488267928,7.370749569984232,True,0.28571428571428575,0.12857142857142856,0.44285714285714284,0.12857142857142861,215
70,17,0.24285714285714285,70,26,0.37142857142857144,70,38,0.5428571428571428,0.00027899221057136475,0.09917425793170925,0.0003898105832767181,3.694916463610596,1.7945423150401927,7.607737950027025,True,0.29999999999999993,0.15678571428571425,0.4428571428571429,0.1285714285714286,216
70,23,0.32857142857142857,70,29,0.4142857142857143,70,34,0.4857142857142857,0.05845668419140268,0.2939593745488356,0.05104823110271748,2.004129829411438,0.9968373550833597,4.029279553634745,True,0.15714285714285714,0.0,0.31428571428571433,0.08571428571428574,217
70,19,0.2714285714285714,70,28,0.4,70,35,0.5,0.00546885312217271,0.10724394061929676,0.005322693466472768,2.7436859540448655,1.3491355428938843,5.57973040890761,True,0.2285714285714286,0.07142857142857145,0.38571428571428573,0.12857142857142861,218
70,21,0.3,70,28,0.4,70,29,0.4142857142857143,0.1582247513999311,0.21484694740564553,0.16648874451022655,1.6643711775347818,0.8087763121224,3.4250897004378213,True,0.11428571428571432,-0.04285714285714287,0.2857142857142857,0.10000000000000003,219
70,21,0.3,70,24,0.34285714285714286,70,37,0.5285714285714286,0.006048674346503783,0.5872009185316818,0.007402066324735748,2.6148853516438346,1.2940499084697916,5.283896206388951,True,0.2285714285714286,0.07142857142857145,0.3857142857142858,0.04285714285714287,220
70,22,0.3142857142857143,70,25,0.35714285714285715,70,42,0.6,0.0006910527930601335,0.5913354396096127,0.0008640521864253705,3.2678636608520324,1.6282020988687709,6.55872690087838,True,0.2857142857142857,0.1285714285714285,0.4428571428571429,0.04285714285714287,221
70,15,0.21428571428571427,70,33,0.4714285714285714,70,42,0.6,3.4068320576629713e-06,0.0013508340928088756,6.249830058197065e-06,5.750732280892145,2.6923290423305555,12.283387820185553,True,0.3857142857142857,0.2285714285714286,0.5285714285714286,0.2571428571428571,222
70,18,0.2571428571428571,70,30,0.42857142857142855,70,36,0.5142857142857142,0.0017762943509938849,0.03262753307176913,0.0021001846696348876,3.0913462091226758,1.5059266388907167,6.345874452221995,True,0.2571428571428571,0.11392857142857143,0.4142857142857143,0.17142857142857143,223
70,15,0.21428571428571427,70,23,0.32857142857142857,70,39,0.5571428571428572,3.0856109134315426e-05,0.12840672881370735,4.267080417524318e-05,4.894453622216579,2.287681227830612,10.471597165111133,True,0.34285714285714286,0.18571428571428572,0.48571428571428577,0.1142857142857143,224
70,15,0.21428571428571427,70,33,0.4714285714285714,70,37,0.5285714285714286,0.00011904890933436814,0.0013508340928088756,0.00021132630583102862,4.209109788572326,1.967874041782235,9.00291626196261,True,0.3142857142857143,0.15714285714285714,0.4571428571428572,0.2571428571428571,225
70,25,0.35714285714285715,70,35,0.5,70,37,0.5285714285714286,0.041176544583936055,0.08766879512992928,0.04565472519088043,2.0082303493274263,1.013560396364951,3.9790318864309744,True,0.17142857142857143,0.0,0.3285714285714286,0.14285714285714285,226
70,15,0.21428571428571427,70,24,0.34285714285714286,70,37,0.5285714285714286,0.00011904890933436814,0.08974712834927731,0.0002268578113618454,4.100322720171935,1.9366760934135612,8.68118652713083,True,0.3142857142857143,0.15714285714285717,0.4571428571428572,0.1285714285714286,227
70,17,0.24285714285714285,70,27,0.38571428571428573,70,33,0.4714285714285714,0.004770513090089518,0.06867563863383211,0.005478318171746504,2.822342278084763,1.357158547759387,5.8693333566778865,True,0.22857142857142856,0.07142857142857145,0.37142857142857144,0.14285714285714288,228
70,18,0.2571428571428571,70,37,0.5285714285714286,70,36,0.5142857142857142,0.0017762943509938849,0.001009154011747773,0.002070706898670095,3.0867360792219487,1.5065909102948696,6.324171716199776,True,0.2571428571428571,0.10000000000000003,0.41428571428571426,0.27142857142857146,229
70,23,0.32857142857142857,70,38,0.5428571428571428,70,31,0.44285714285714284,0.16482725172001045,0.010567559529059986,0.1531310497551795,1.6536537607367585,0.8293569668081963,3.2972180494520917,True,0.11428571428571427,-0.04285714285714287,0.2714285714285714,0.21428571428571425,230
70,21,0.3,70,34,0.4857142857142857,70,35,0.5,0.0157252997545054,0.02447064311494846,0.01819890531544019,2.3699992844103903,1.1580468634084196,4.850318916778412,True,0.2,0.02857142857142858,0.3571428571428572,0.18571428571428572,231
70,18,0.2571428571428571,70,24,0.34285714285714286,70,36,0.5142857142857142,0.0017762943509938849,0.2684813240895755,0.002079447125252479,3.0795957899807243,1.5048836262213658,6.302088789071544,True,0.2571428571428571,0.09999999999999998,0.41428571428571437,0.08571428571428574,232
70,21,0.3,70,33,0.4714285714285714,70,36,0.5142857142857142,0.009869991042600109,0.037203202068748664,0.012399053890438883,2.4434508733963716,1.213066981264502,4.921782772850586,True,0.21428571428571425,0.057142857142857106,0.37142857142857144,0.17142857142857143,233
70,20,0.2857142857142857,70,24,0.34285714285714286,70,39,0.5571428571428572,0.0011460034934104833,0.4664794871252478,0.0013616349392440497,3.157369772326277,1.5622425856642375,6.381200954755086,True,0.27142857142857146,0.11428571428571427,0.4285714285714286,0.05714285714285716,234
70,21,0.3,70,25,0.35714285714285715,70,42,0.6,0.0003603616646814442,0.4716794524986333,0.00042105577933988385,3.542934123915131,1.7540383605216876,7.156275762788298,True,0.3,0.14249999999999996,0.4571428571428572,0.05714285714285716,235
70,16,0.22857142857142856,70,21,0.3,70,27,0.38571428571428573,0.04387472976308137,0.3378969768793054,0.05485998592913791,2.089983801911578,0.9847671421341535,4.435599143556442,True,0.15714285714285717,0.01428571428571429,0.3142857142857143,0.07142857142857142,236
70,18,0.2571428571428571,70,29,0.4142857142857143,70,35,0.5,0.003054425358239884,0.04899444859570722,0.0035189239719612105,2.9081433551328404,1.4198782407763995,5.956354235965179,True,0.24285714285714288,0.08571428571428572,0.3860714285714267,0.1571428571428572,237
70,19,0.2714285714285714,70,25,0.35714285714285715,70,30,0.42857142857142855,0.05128142315633857,0.2746886841719709,0.06306970019217564,1.972139460278649,0.9636768984471158,4.0359316043120845,True,0.15714285714285714,-0.01428571428571429,0.3142857142857143,0.08571428571428574,238
70,17,0.24285714285714285,70,24,0.34285714285714286,70,35,0.5,0.001641521777688543,0.1935915512625201,0.0018765649845107213,3.1822963046759796,1.5339642891439447,6.6018549730423945,True,0.2571428571428571,0.09999999999999998,0.4142857142857143,0.1,239
70,14,0.2,70,33,0.4714285714285714,70,37,0.5285714285714286,5.3598943988276264e-05,0.0006729272278499696,6.287213044552285e-05,4.83792958634399,2.2352719501554708,10.471013462498195,True,0.32857142857142857,0.18571428571428572,0.4714285714285715,0.2714285714285714,240
70,18,0.2571428571428571,70,33,0.4714285714285714,70,36,0.5142857142857142,0.0017762943509938849,0.008429596538289138,0.00212277719756035,3.1149363259766014,1.5089497540030417,6.430186485102173,True,0.2571428571428571,0.09999999999999998,0.41428571428571426,0.2142857142857143,241
70,18,0.2571428571428571,70,29,0.4142857142857143,70,37,0.5285714285714286,0.001009154011747773,0.04899444859570722,0.0013396294043799876,3.2216025854974726,1.5761477538481226,6.5848669285887835,True,0.27142857142857146,0.11428571428571427,0.4285714285714286,0.1571428571428572,242
70,20,0.2857142857142857,70,23,0.32857142857142857,70,30,0.42857142857142855,0.07775989643932942,0.5825777375211728,0.08090523086808926,1.874787505888468,0.9256692313520136,3.7970671090599137,True,0.14285714285714285,-0.01428571428571429,0.3,0.04285714285714287,243
70,17,0.24285714285714285,70,24,0.34285714285714286,70,35,0.5,0.001641521777688543,0.1935915512625201,0.002001038456220147,3.124724942979912,1.5169256496008996,6.436641091703921,True,0.2571428571428571,0.10000000000000003,0.4,0.1,244
70,16,0.22857142857142856,70,26,0.37142857142857144,70,30,0.42857142857142855,0.011764786559866998,0.06514266746494533,0.011474760371234408,2.6305483437898647,1.2427116334995951,5.568294689194164,True,0.19999999999999998,0.04285714285714287,0.34285714285714286,0.14285714285714288,245
70,25,0.35714285714285715,70,34,0.4857142857142857,70,41,0.5857142857142857,0.0067502622641322065,0.12345899146942775,0.005902070435292182,2.6353028096204523,1.3220391267538467,5.253112981191305,True,0.2285714285714286,0.0714285714285714,0.3857142857142858,0.12857142857142856,246
70,14,0.2,70,32,0.45714285714285713,70,36,0.5142857142857142,0.0001042696991757032,0.0012000374428290186,0.00017738635282511732,4.299309460388988,2.005762051932555,9.215480878392745,True,0.3142857142857142,0.1571428571428572,0.4571428571428572,0.2571428571428571,247
70,25,0.35714285714285715,70,24,0.34285714285714286,70,38,0.5428571428571428,0.027211445868120722,0.8593572038773205,0.026987499773887313,2.155740176369147,1.0913644440114647,4.258170342191634,True,0.18571428571428567,0.02857142857142858,0.3432142857142838,-0.01428571428571429,248
70,17,0.24285714285714285,70,32,0.45714285714285713,70,36,0.5142857142857142,0.0009306234156672285,0.007863221348181232,0.0010532386003188354,3.37232472619911,1.629561945474622,6.978914849181482,True,0.27142857142857135,0.11428571428571432,0.42857142857142855,0.21428571428571427,249
70,18,0.2571428571428571,70,32,0.45714285714285713,70,35,0.5,0.003054425358239884,0.013535198613802871,0.0025297388714919282,3.0946547940367006,1.4865596141035677,6.442317013993034,True,0.24285714285714288,0.08571428571428574,0.4,0.2,250
70,24,0.34285714285714286,70,29,0.4142857142857143,70,26,0.37142857142857144,0.7242632442784086,0.38362459684390826,0.7045591552652051,1.1446402555002015,0.5693852829747217,2.301080399666273,True,0.02857142857142858,-0.12857142857142861,0.18571428571428572,0.07142857142857145,251
70,22,0.3142857142857143,70,32,0.45714285714285713,70,41,0.5857142857142857,0.001247611837332069,0.08251564521429551,0.0019486380215958726,3.0568101456946764,1.5074962966319232,6.198415404202748,True,0.27142857142857146,0.11428571428571427,0.4285714285714286,0.14285714285714285,252
70,11,0.15714285714285714,70,35,0.5,70,44,0.6285714285714286,1.1253152005893459e-08,1.5709681011044403e-05,7.369628558175549e-08,9.332294680243043,4.13753985509412,21.04915651547517,True,0.4714285714285714,0.3285714285714285,0.6142857142857142,0.34285714285714286,253
70,21,0.3,70,28,0.4,70,23,0.32857142857142857,0.7157762127369696,0.21484694740564553,0.6877944247946065,1.158903625039208,0.5645026361602672,2.379187493728039,True,0.02857142857142858,-0.12857142857142856,0.17142857142857146,0.10000000000000003,254
70,18,0.2571428571428571,70,21,0.3,70,38,0.5428571428571428,0.0005599062480061843,0.5716808865492214,0.0006498184116217599,3.549159969235566,1.7136526388696913,7.350694184751909,True,0.2857142857142857,0.12857142857142856,0.44285714285714284,0.04285714285714287,255
70,22,0.3142857142857143,70,23,0.32857142857142857,70,38,0.5428571428571428,0.006285181643384482,0.8563945998833334,0.005764033717646387,2.6936819761937376,1.3330441860446236,5.443122339703231,True,0.22857142857142854,0.05714285714285716,0.3857142857142858,0.01428571428571429,256
70,17,0.24285714285714285,70,28,0.4,70,41,0.5857142857142857,3.826781487073182e-05,0.04652253842775168,4.838997258567398e-05,4.806613169387132,2.2539609622769627,10.25019090693856,True,0.34285714285714286,0.18571428571428572,0.49999999999999994,0.15714285714285717,257
70,16,0.22857142857142856,70,20,0.2857142857142857,70,37,0.5285714285714286,0.0002530071251459537,0.4392309845224477,0.0003148717315398044,3.968568081411889,1.874845473498748,8.400443044199374,True,0.30000000000000004,0.14285714285714288,0.45714285714285713,0.057142857142857134,258
70,15,0.21428571428571427,70,27,0.38571428571428573,70,36,0.5142857142857142,0.0002259308412680957,0.02688845410374583,0.0002922419230074725,3.9631701678528093,1.8811898081884726,8.34935300573606,True,0.29999999999999993,0.14285714285714285,0.45714285714285713,0.17142857142857146,259
70,18,0.2571428571428571,70,33,0.4714285714285714,70,35,0.5,0.003054425358239884,0.008429596538289138,0.0035877261535036276,2.901145024936337,1.4166511099473806,5.9412246223599,True,0.24285714285714288,0.08571428571428574,0.4,0.2142857142857143,260
70,24,0.34285714285714286,70,27,0.38571428571428573,70,46,0.6571428571428571,0.0002002675749172096,0.5982824269290895,0.00025269917651865766,3.7824608196421017,1.8549377121475974,7.712932762342369,True,0.3142857142857143,0.15714285714285714,0.4714285714285714,0.04285714285714287,261
70,22,0.3142857142857143,70,34,0.4857142857142857,70,36,0.5142857142857142,0.016306170074973737,0.03843393023678176,0.011286789922122686,2.5663224450397344,1.2378962152780142,5.320325573849174,True,0.19999999999999996,0.04285714285714287,0.3571428571428571,0.17142857142857143,262
70,21,0.3,70,27,0.38571428571428573,70,36,0.5142857142857142,0.009869991042600109,0.2853768809059213,0.011967694453947441,2.445786884415116,1.217561222712864,4.91299605505562,True,0.21428571428571425,0.057142857142857106,0.37142857142857144,0.08571428571428574,263
70,22,0.3142857142857143,70,31,0.44285714285714284,70,37,0.5285714285714286,0.010247617626290598,0.11682813219314594,0.0069910939892174895,2.747344395511254,1.3181895514856126,5.725960442517951,True,0.2142857142857143,0.04285714285714287,0.37142857142857144,0.12857142857142856,264
70,19,0.2714285714285714,70,28,0.4,70,35,0.5,0.00546885312217271,0.10724394061929676,0.005279625900404668,2.7825944740547977,1.3557043751380267,5.7112982365731355,True,0.2285714285714286,0.07142857142857145,0.38571428571428573,0.12857142857142861,265
70,21,0.3,70,26,0.37142857142857144,70,31,0.44285714285714284,0.08026930135546974,0.37087457439362603,0.07419034774834625,1.8983454374281938,0.9392665573480729,3.8367334295167272,True,0.14285714285714285,-0.01428571428571429,0.30000000000000004,0.07142857142857145,266
70,16,0.22857142857142856,70,33,0.4714285714285714,70,33,0.4714285714285714,0.002593000344988534,0.002593000344988534,0.002990336670727031,3.0270829518430484,1.4569701300810478,6.289237512940018,True,0.24285714285714285,0.08571428571428574,0.39999999999999997,0.24285714285714285,267
70,26,0.37142857142857144,70,23,0.32857142857142857,70,44,0.6285714285714286,0.0023457869795667934,0.5950186974317038,0.0022412275385195056,2.9519406173478044,1.4744471546539057,5.909980144655064,True,0.2571428571428571,0.09999999999999992,0.4142857142857143,-0.04285714285714287,268
70,21,0.3,70,24,0.34285714285714286,70,38,0.5428571428571428,0.003618052251272993,0.5872009185316818,0.0029346040104827335,2.952290804741726,1.4466434933163004,6.024995816890484,True,0.24285714285714283,0.08571428571428569,0.4,0.04285714285714287,269
70,12,0.17142857142857143,70,34,0.4857142857142857,70,36,0.5142857142857142,1.9262362474392704e-05,7.538394416918283e-05,4.342310005288071e-05,5.146293136139079,2.346455626123481,11.286952435076,True,0.3428571428571428,0.19999999999999998,0.49999999999999994,0.3142857142857143,270
70,14,0.2,70,32,0.45714285714285713,70,44,0.6285714285714286,2.6451518746028845e-07,0.0012000374428290186,8.331795855360102e-07,6.793031157867691,3.170275937456048,14.555601222772433,True,0.42857142857142855,0.2857142857142857,0.5714285714285714,0.2571428571428571,271
70,17,0.24285714285714285,70,30,0.42857142857142855,70,31,0.44285714285714284,0.012676052703650924,0.01998792215771021,0.01349900587039424,2.4952009817384453,1.2079272933216634,5.154306864072613,True,0.19999999999999998,0.04285714285714287,0.34285714285714286,0.1857142857142857,272
70,19,0.2714285714285714,70,31,0.44285714285714284,70,37,0.5285714285714286,0.001900893250446667,0.034293721036493065,0.0021186734043792473,3.0852687726085892,1.5039330755616942,6.329326453358681,True,0.2571428571428572,0.09999999999999998,0.41428571428571426,0.17142857142857143,273
70,26,0.37142857142857144,70,33,0.4714285714285714,70,30,0.42857142857142855,0.4901529604158251,0.2308775793955946,0.5457364641451226,1.238386883797366,0.6188998456527973,2.477948709687838,True,0.057142857142857106,-0.09999999999999998,0.21428571428571425,0.09999999999999998,274
70,25,0.35714285714285715,70,34,0.4857142857142857,70,28,0.4,0.60115354139613,0.12345899146942775,0.5665524531035929,1.2228859665008502,0.6145407215047841,2.43344343952165,True,0.04285714285714287,-0.11428571428571432,0.2,0.12857142857142856,275
70,20,0.2857142857142857,70,31,0.44285714285714284,70,43,0.6142857142857143,9.333511997610799e-05,0.05337626009840693,0.0001340415952322466,4.16014941477778,2.0015492395962893,8.646723653307012,True,0.3285714285714286,0.17142857142857143,0.48571428571428565,0.15714285714285714,276
70,15,0.21428571428571427,70,22,0.3142857142857143,70,37,0.5285714285714286,0.00011904890933436814,0.17970615047305558,0.00014460947595333417,4.34903604716956,2.0376778329935545,9.282190851432825,True,0.3142857142857143,0.17142857142857143,0.4571428571428572,0.1,277
70,14,0.2,70,21,0.3,70,32,0.45714285714285713,0.0012000374428290186,0.17185733906279532,0.0013801192329518763,3.4322797213526774,1.6121998797761226,7.307123783711431,True,0.2571428571428571,0.11392857142857143,0.41428571428571426,0.09999999999999998,278
70,18,0.2571428571428571,70,28,0.4,70,35,0.5,0.003054425358239884,0.0719597135260913,0.0033454218880933167,2.938531208313519,1.430273450727919,6.037283050900413,True,0.24285714285714288,0.08571428571428574,0.38571428571428573,0.1428571428571429,279
70,18,0.2571428571428571,70,16,0.22857142857142856,70,32,0.45714285714285713,0.013535198613802871,0.6934434351883969,0.014404443258326969,2.4490465447417087,1.1951588966520703,5.01843645653534,True,0.2,0.04285714285714287,0.35714285714285715,-0.028571428571428553,280
70,16,0.22857142857142856,70,23,0.32857142857142857,70,35,0.5,0.0008473169107830436,0.18694144127028958,0.0007483441360099833,3.7146493052105938,1.7321236960953457,7.9663014205089375,True,0.27142857142857146,0.11428571428571432,0.41428571428571437,0.1,281
70,14,0.2,70,27,0.38571428571428573,70,47,0.6714285714285714,1.858288176372717e-08,0.01576388550166007,8.714193796029493e-08,8.527980461017064,3.8899064221729747,18.696195448028917,True,0.47142857142857136,0.32857142857142857,0.6142857142857143,0.18571428571428572,282
70,13,0.18571428571428572,70,25,0.35714285714285715,70,43,0.6142857142857143,2.2731154243800868e-07,0.022570802466266866,7.686607454102527e-07,7.185038232957839,3.287417165465777,15.703749116900246,True,0.4285714285714286,0.2857142857142857,0.5714285714285714,0.17142857142857143,283
70,16,0.22857142857142856,70,29,0.4142857142857143,70,30,0.42857142857142855,0.011764786559866998,0.01864506117421733,0.007123751438885956,2.8516979439801333,1.3293325493598174,6.1174919455758685,True,0.19999999999999998,0.05678571428571427,0.34285714285714286,0.18571428571428575,284
70,13,0.18571428571428572,70,26,0.37142857142857144,70,35,0.5,8.959541833745227e-05,0.014252458596574894,0.00016163272918457325,4.4297160993514355,2.044354103746303,9.59832970467056,True,0.3142857142857143,0.17142857142857146,0.45714285714285713,0.18571428571428572,285
70,21,0.3,70,30,0.42857142857142855,70,35,0.5,0.0157252997545054,0.11396581350907546,0.017784669653214694,2.3308543690793435,1.1576926025559129,4.69285376607032,True,0.2,0.042857142857142816,0.3571428571428572,0.12857142857142856,286
70,21,0.3,70,27,0.38571428571428573,70,42,0.6,0.0003603616646814442,0.2853768809059213,0.000313263385211138,3.808678322064916,1.8405113859193625,7.881521772668226,True,0.3,0.14285714285714285,0.4571428571428572,0.08571428571428574,287
70,20,0.2857142857142857,70,15,0.21428571428571427,70,36,0.5142857142857142,0.005775498089305212,0.32911398597860525,0.006661151721788424,2.638407623823729,1.3091417837956787,5.317372706009076,True,0.22857142857142854,0.0714285714285714,0.3857142857142857,-0.07142857142857142,288
70,16,0.22857142857142856,70,20,0.2857142857142857,70,38,0.5428571428571428,0.00013356007507963456,0.4392309845224477,0.0001231316176574366,4.463382167545935,2.079955458738592,9.577984129356686,True,0.3142857142857143,0.15714285714285714,0.4571428571428572,0.057142857142857134,289
70,22,0.3142857142857143,70,31,0.44285714285714284,70,35,0.5,0.025331845901846613,0.11682813219314594,0.02528842877003998,2.206869854063723,1.1029857927971123,4.415536976613709,True,0.18571428571428572,0.01428571428571429,0.3428571428571429,0.12857142857142856,290
70,9,0.12857142857142856,70,24,0.34285714285714286,70,33,0.4714285714285714,9.587798057415782e-06,0.0028191233932122655,2.5586547539383935e-05,6.509818906727139,2.721277592979456,15.572737712503576,True,0.34285714285714286,0.2,0.48571428571428565,0.2142857142857143,291
70,26,0.37142857142857144,70,25,0.35714285714285715,70,39,0.5571428571428572,0.027592759774005805,0.8605893264119626,0.020831978434417458,2.331465557394381,1.1372192683389573,4.779844834370261,True,0.18571428571428572,0.028214285714285692,0.34285714285714286,-0.01428571428571429,292
70,16,0.22857142857142856,70,33,0.4714285714285714,70,43,0.6142857142857143,3.8143864070650083e-06,0.002593000344988534,8.313361131469999e-06,5.349463572422733,2.5587777957420395,11.183761466235095,True,0.3857142857142858,0.22857142857142856,0.5428571428571428,0.24285714285714285,293
70,18,0.2571428571428571,70,26,0.37142857142857144,70,38,0.5428571428571428,0.0005599062480061843,0.14527153234110213,0.0003227727087559606,4.158677421085789,1.9126178483671605,9.042369811310445,True,0.2857142857142857,0.1285714285714285,0.4428571428571429,0.11428571428571432,294
70,16,0.22857142857142856,70,21,0.3,70,32,0.45714285714285713,0.004387766594349367,0.3378969768793054,0.004628139764205584,2.9717665621749623,1.3984050027444372,6.315335316113108,True,0.22857142857142856,0.08535714285714285,0.3857142857142857,0.07142857142857142,295
70,19,0.2714285714285714,70,26,0.37142857142857144,70,33,0.4714285714285714,0.014334259452098139,0.2052414766210149,0.013228617612131259,2.4601321209271365,1.2069127129245107,5.014654322226868,True,0.2,0.04285714285714287,0.34285714285714286,0.10000000000000003,296
70,25,0.35714285714285715,70,32,0.45714285714285713,70,32,0.45714285714285713,0.22852625669647667,0.22852625669647667,0.22819195311915152,1.5206645508922982,0.7690569977275511,3.0068261301481347,True,0.09999999999999998,-0.0714285714285714,0.2571428571428571,0.09999999999999998,297
70,13,0.18571428571428572,70,33,0.4714285714285714,70,34,0.4857142857142857,0.0001710630307811587,0.0003197555467877183,0.0003224864202443506,4.117490657533491,1.9040699528323308,8.903942467899702,True,0.3,0.15714285714285714,0.4428571428571429,0.2857142857142857,298
70,19,0.2714285714285714,70,33,0.4714285714285714,70,34,0.4857142857142857,0.008956452403220638,0.014334259452098139,0.01053752115449903,2.566731111497334,1.2464334419272405,5.285567906892629,True,0.2142857142857143,0.05714285714285716,0.37142857142857144,0.2,299
70,13,0.18571428571428572,70,36,0.5142857142857142,70,38,0.5428571428571428,1.1303798845284584e-05,4.5929990659285284e-05,1.54592085518225e-05,5.727534233422849,2.5956354571518183,12.638388146780475,True,0.3571428571428571,0.21428571428571427,0.48571428571428577,0.3285714285714285,300
70,15,0.21428571428571427,70,36,0.5142857142857142,70,39,0.5571428571428572,3.0856109134315426e-05,0.0002259308412680957,5.014282991847526e-05,4.744245068653418,2.2353313806832578,10.069138502660154,True,0.34285714285714286,0.18571428571428572,0.4857142857142857,0.29999999999999993,301
70,14,0.2,70,22,0.3142857142857143,70,36,0.5142857142857142,0.0001042696991757032,0.12186687808275173,0.00016012814757003773,4.261992336146058,2.0077248349351215,9.047344714423831,True,0.3142857142857142,0.17142857142857143,0.4571428571428572,0.11428571428571427,302
70,26,0.37142857142857144,70,31,0.44285714285714284,70,39,0.5571428571428572,0.027592759774005805,0.38972453287404873,0.025350483495859357,2.1922544169538405,1.1017571865389224,4.362103998387523,True,0.18571428571428572,0.01428571428571429,0.3428571428571429,0.0714285714285714,303
70,15,0.21428571428571427,70,25,0.35714285714285715,70,31,0.44285714285714284,0.003989425859212526,0.061368829139402316,0.004658158280659315,2.98190920800911,1.3990993438458,6.355361800376565,True,0.22857142857142856,0.07142857142857145,0.37142857142857144,0.14285714285714288,304
70,11,0.15714285714285714,70,25,0.35714285714285715,70,34,0.4857142857142857,3.1518485501976436e-05,0.006784853455658382,6.262629443435325e-05,5.181335616880919,2.3152984992437102,11.595152324215674,True,0.32857142857142857,0.1857142857142857,0.4714285714285714,0.2,305
70,13,0.18571428571428572,70,30,0.42857142857142855,70,30,0.42857142857142855,0.0018423676090594079,0.0018423676090594079,0.0024264201156684725,3.3232375194604558,1.5291551892550845,7.2222281220061335,True,0.24285714285714283,0.10000000000000003,0.38571428571428573,0.24285714285714283,306
70,20,0.2857142857142857,70,29,0.4142857142857143,70,36,0.5142857142857142,0.005775498089305212,0.11077211141818988,0.005830849199312431,2.7167416096230066,1.3350502186160993,5.528395015063745,True,0.22857142857142854,0.05714285714285716,0.3857142857142858,0.12857142857142861,307
70,19,0.2714285714285714,70,26,0.37142857142857144,70,28,0.4,0.10724394061929676,0.2052414766210149,0.14407706851022245,1.7287834394778974,0.8293871074065389,3.6034948625600807,True,0.12857142857142861,-0.02857142857142858,0.2857142857142857,0.10000000000000003,308
70,21,0.3,70,38,0.5428571428571428,70,35,0.5,0.0157252997545054,0.003618052251272993,0.016770680019788885,2.332733255911761,1.1652108687073586,4.67009413435479,True,0.2,0.042857142857142816,0.35714285714285715,0.24285714285714283,309
70,20,0.2857142857142857,70,24,0.34285714285714286,70,39,0.5571428571428572,0.0011460034934104833,0.4664794871252478,0.0010483109078954051,3.3020650834157643,1.6163046390453149,6.746026430731455,True,0.27142857142857146,0.11428571428571427,0.4285714285714286,0.05714285714285716,310
70,21,0.3,70,29,0.4142857142857143,70,30,0.42857142857142855,0.11396581350907546,0.1582247513999311,0.11309343733956906,1.7642159922419731,0.8741089601077169,3.5607209276275817,True,0.12857142857142856,-0.02857142857142858,0.2857142857142857,0.11428571428571432,311
70,20,0.2857142857142857,70,27,0.38571428571428573,70,33,0.4714285714285714,0.023499367457131843,0.21028909717077288,0.025683207495848955,2.2234830666004535,1.1019339919111315,4.486545458938586,True,0.18571428571428572,0.02857142857142858,0.3432142857142838,0.10000000000000003,312
70,15,0.21428571428571427,70,27,0.38571428571428573,70,38,0.5428571428571428,6.131511775916256e-05,0.02688845410374583,9.250270947098232e-05,4.427063383395362,2.0998720927824186,9.333373336387664,True,0.3285714285714285,0.17142857142857143,0.4714285714285715,0.17142857142857146,313
70,12,0.17142857142857143,70,29,0.4142857142857143,70,35,0.5,3.8509124112521326e-05,0.0015928681072887652,5.9934216387001605e-05,5.056011752163816,2.2912452890485264,11.156926305622278,True,0.32857142857142857,0.18571428571428572,0.4714285714285714,0.24285714285714288,314
70,19,0.2714285714285714,70,31,0.44285714285714284,70,34,0.4857142857142857,0.008956452403220638,0.034293721036493065,0.010169324251877842,2.5250485237227562,1.245914226381157,5.117422943049315,True,0.2142857142857143,0.057142857142857106,0.3571428571428572,0.17142857142857143,315
70,22,0.3142857142857143,70,20,0.2857142857142857,70,37,0.5285714285714286,0.010247617626290598,0.7122353915731037,0.00929094511284333,2.5719228548246704,1.2622053633722428,5.240658424629657,True,0.2142857142857143,0.04285714285714287,0.37142857142857144,-0.02857142857142858,316
70,19,0.2714285714285714,70,33,0.4714285714285714,70,30,0.42857142857142855,0.05128142315633857,0.014334259452098139,0.05139739969485558,2.031059492421636,0.9957112145276189,4.142970975488204,True,0.15714285714285714,0.0,0.3142857142857143,0.2,317
70,20,0.2857142857142857,70,27,0.38571428571428573,70,33,0.4714285714285714,0.023499367457131843,0.21028909717077288,0.026003000428432066,2.22420505165128,1.100309447682534,4.496088007069835,True,0.18571428571428572,0.02857142857142858,0.34285714285714286,0.10000000000000003,318
70,13,0.18571428571428572,70,33,0.4714285714285714,70,36,0.5142857142857142,4.5929990659285284e-05,0.0003197555467877183,7.808676521587555e-05,4.694822391256462,2.1796301821071578,10.112429836209445,True,0.3285714285714285,0.18571428571428572,0.4714285714285714,0.2857142857142857,319
70,18,0.2571428571428571,70,25,0.35714285714285715,70,37,0.5285714285714286,0.001009154011747773,0.19968325932049968,0.0013470759094315029,3.264701144618678,1.58374524724823,6.729790401703394,True,0.27142857142857146,0.11428571428571427,0.4285714285714286,0.10000000000000003,320
70,17,0.24285714285714285,70,20,0.2857142857142857,70,36,0.5142857142857142,0.0009306234156672285,0.5652931294942425,0.001007259233316996,3.420288838924733,1.64345415828381,7.11816370581898,True,0.27142857142857135,0.11428571428571432,0.42857142857142855,0.042857142857142844,321
70,19,0.2714285714285714,70,37,0.5285714285714286,70,34,0.4857142857142857,0.008956452403220638,0.001900893250446667,0.008717621783419812,2.5846631197517227,1.2712728047016062,5.254956621346711,True,0.2142857142857143,0.05678571428571427,0.3571428571428572,0.2571428571428572,322
70,14,0.2,70,34,0.4857142857142857,70,37,0.5285714285714286,5.3598943988276264e-05,0.0003693584683354245,8.337922852653518e-05,4.5435739734962075,2.1375387283729315,9.657866862766099,True,0.32857142857142857,0.17142857142857146,0.4857142857142857,0.2857142857142857,323
70,15,0.21428571428571427,70,28,0.4,70,34,0.4857142857142857,0.0007608523599050972,0.01723287401247834,0.0007936657518789254,3.592016092404317,1.7018198690015844,7.581636484042934,True,0.27142857142857146,0.11428571428571432,0.4142857142857143,0.18571428571428575,324
70,21,0.3,70,30,0.42857142857142855,70,36,0.5142857142857142,0.009869991042600109,0.11396581350907546,0.008665045068639557,2.595003389575713,1.2732683315047406,5.288785109381611,True,0.21428571428571425,0.05714285714285716,0.37142857142857144,0.12857142857142856,325
70,19,0.2714285714285714,70,28,0.4,70,33,0.4714285714285714,0.014334259452098139,0.10724394061929676,0.015789084759966016,2.3960237486819724,1.178542097286366,4.871213185737448,True,0.2,0.02857142857142858,0.35714285714285715,0.12857142857142861,326
70,16,0.22857142857142856,70,26,0.37142857142857144,70,39,0.5571428571428572,6.88675312046598e-05,0.06514266746494533,9.891723295719022e-05,4.482407431663048,2.1063085986637424,9.538951887759758,True,0.3285714285714286,0.17142857142857143,0.47178571428571237,0.14285714285714288,327
70,22,0.3142857142857143,70,21,0.3,70,31,0.44285714285714284,0.11682813219314594,0.8546349865934907,0.10791117918207217,1.773362271644263,0.8820171027072902,3.565479327825406,True,0.12857142857142856,-0.042857142857142816,0.2857142857142857,-0.01428571428571429,328
70,20,0.2857142857142857,70,31,0.44285714285714284,70,33,0.4714285714285714,0.023499367457131843,0.05337626009840693,0.023816054164558443,2.2521733382650613,1.113839203049549,4.553875219784619,True,0.18571428571428572,0.02857142857142858,0.34285714285714286,0.15714285714285714,329
70,25,0.35714285714285715,70,27,0.38571428571428573,70,43,0.6142857142857143,0.0023361199155791028,0.7264699373670985,0.002291845592167746,2.946608923443821,1.4712487877728444,5.901452031686771,True,0.2571428571428572,0.10000000000000003,0.4142857142857143,0.02857142857142858,330
70,15,0.21428571428571427,70,28,0.4,70,31,0.44285714285714284,0.003989425859212526,0.01723287401247834,0.004574450844443353,2.9494118914168896,1.3965320362558298,6.229023237128079,True,0.22857142857142856,0.08571428571428572,0.3857142857142857,0.18571428571428575,331
70,18,0.2571428571428571,70,34,0.4857142857142857,70,37,0.5285714285714286,0.001009154011747773,0.005132450741041347,0.00037829281019683363,4.051419760642773,1.873255451354912,8.762287100274877,True,0.27142857142857146,0.11428571428571427,0.41428571428571426,0.2285714285714286,332
70,17,0.24285714285714285,70,22,0.3142857142857143,70,30,0.42857142857142855,0.01998792215771021,0.3458704400125342,0.021699789943792427,2.3566139512525166,1.1335200714945437,4.899453882555031,True,0.1857142857142857,0.02857142857142858,0.34285714285714286,0.07142857142857142,333
70,13,0.18571428571428572,70,30,0.42857142857142855,70,35,0.5,8.959541833745227e-05,0.0018423676090594079,0.0001552680289545261,4.495467551055699,2.0631364092169235,9.79539133346266,True,0.3142857142857143,0.17142857142857143,0.45714285714285713,0.24285714285714283,334
70,19,0.2714285714285714,70,33,0.4714285714285714,70,34,0.4857142857142857,0.008956452403220638,0.014334259452098139,0.008723984699540745,2.6107958789636103,1.2744228020990496,5.348503738623161,True,0.2142857142857143,0.05714285714285716,0.3714285714285714,0.2,335
70,17,0.24285714285714285,70,28,0.4,70,37,0.5285714285714286,0.0005155481818387301,0.04652253842775168,0.0006956771959419297,3.534017932470587,1.7037301432270953,7.330552198464536,True,0.2857142857142857,0.12857142857142856,0.44285714285714284,0.15714285714285717,336
70,16,0.22857142857142856,70,31,0.44285714285714284,70,27,0.38571428571428573,0.04387472976308137,0.007263641508519324,0.0486894164244767,2.1126104189605464,1.0043107356686347,4.443966019470323,True,0.15714285714285717,0.0139285714285714,0.3,0.21428571428571427,337
70,14,0.2,70,22,0.3142857142857143,70,34,0.4857142857142857,0.0003693584683354245,0.12186687808275173,0.0005094667559440734,3.8368845790409156,1.7975172308092127,8.19000954235889,True,0.2857142857142857,0.14285714285714285,0.44285714285714284,0.11428571428571427,338
70,12,0.17142857142857143,70,29,0.4142857142857143,70,38,0.5428571428571428,4.518857843824021e-06,0.0015928681072887652,1.1059107000957559e-05,5.886081850913239,2.6702240561678776,12.974926008782846,True,0.3714285714285714,0.2142857142857143,0.5142857142857143,0.24285714285714288,339
70,15,0.21428571428571427,70,29,0.4142857142857143,70,32,0.45714285714285713,0.0023466578926719427,0.010810456627395102,0.002007852100641328,3.3255891476562813,1.5514986546834404,7.128296982807092,True,0.24285714285714285,0.09999999999999998,0.39999999999999997,0.20000000000000004,340
70,19,0.2714285714285714,70,30,0.42857142857142855,70,39,0.5571428571428572,0.0006004439749850096,0.05128142315633857,0.0005904973446847313,3.6394208519487803,1.7418177196758748,7.6043457291640975,True,0.28571428571428575,0.12857142857142861,0.44285714285714284,0.15714285714285714,341
70,23,0.32857142857142857,70,31,0.44285714285714284,70,34,0.4857142857142857,0.05845668419140268,0.16482725172001045,0.06611358285568492,1.905373343452281,0.9579988346397577,3.789615860340482,True,0.15714285714285714,0.0,0.32857142857142857,0.11428571428571427,342
70,17,0.24285714285714285,70,33,0.4714285714285714,70,36,0.5142857142857142,0.0009306234156672285,0.004770513090089518,0.0011995769533725443,3.324419441357125,1.6070020491048198,6.877256085783838,True,0.27142857142857135,0.11428571428571432,0.4285714285714286,0.22857142857142856,343
70,12,0.17142857142857143,70,32,0.45714285714285713,70,35,0.5,3.8509124112521326e-05,0.00027148050204317867,7.372641298710968e-05,4.8990039599382404,2.232975995444466,10.748095746866012,True,0.32857142857142857,0.17142857142857146,0.4714285714285715,0.2857142857142857,344
70,18,0.2571428571428571,70,31,0.44285714285714284,70,40,0.5714285714285714,0.0001602934426522616,0.02125060274444335,0.00021292593847379332,4.040985372478317,1.9297162609939427,8.462157422134602,True,0.3142857142857143,0.15714285714285714,0.4571428571428572,0.18571428571428572,345
70,16,0.22857142857142856,70,23,0.32857142857142857,70,30,0.42857142857142855,0.011764786559866998,0.18694144127028958,0.012270202389502778,2.584712737017224,1.2292470051355953,5.434823029861383,True,0.19999999999999998,0.05714285714285716,0.35714285714285715,0.1,346
70,16,0.22857142857142856,70,32,0.45714285714285713,70,32,0.45714285714285713,0.004387766594349367,0.004387766594349367,0.0044354894240204055,2.9267528370828026,1.3967908428384372,6.132544620614344,True,0.22857142857142856,0.07142857142857145,0.3857142857142857,0.22857142857142856,347
70,15,0.21428571428571427,70,27,0.38571428571428573,70,36,0.5142857142857142,0.0002259308412680957,0.02688845410374583,0.00034178768160932543,3.8905859424828755,1.849780477348171,8.18294882079475,True,0.29999999999999993,0.15714285714285708,0.4432142857142838,0.17142857142857146,348
70,22,0.3142857142857143,70,30,0.42857142857142855,70,36,0.5142857142857142,0.016306170074973737,0.1617228824120368,0.018240589890328233,2.3094018614561227,1.1526696625382182,4.626943113912456,True,0.19999999999999996,0.042857142857142816,0.3571428571428572,0.11428571428571427,349
70,23,0.32857142857142857,70,38,0.5428571428571428,70,36,0.5142857142857142,0.02607819806845579,0.010567559529059986,0.02033603301048387,2.283917422962918,1.1367751418578418,4.58866367044987,True,0.18571428571428567,0.01428571428571429,0.34285714285714286,0.21428571428571425,350
70,21,0.3,70,30,0.42857142857142855,70,40,0.5714285714285714,0.0012017492872824435,0.11396581350907546,0.0012161692615059836,3.1907687623861283,1.5798285214834205,6.444373649780285,True,0.2714285714285714,0.11428571428571427,0.4285714285714286,0.12857142857142856,351
70,13,0.18571428571428572,70,31,0.44285714285714284,70,40,0.5714285714285714,2.542626715848517e-06,0.0010492162160453948,5.414680027542895e-06,6.130092510069947,2.80614956284621,13.391315516305255,True,0.3857142857142857,0.2425,0.5285714285714286,0.2571428571428571,352
70,18,0.2571428571428571,70,28,0.4,70,38,0.5428571428571428,0.0005599062480061843,0.0719597135260913,0.0006289297879401677,3.6372178020908974,1.7349536135093133,7.625191380816086,True,0.2857142857142857,0.12857142857142856,0.4289285714285695,0.1428571428571429,353
70,16,0.22857142857142856,70,29,0.4142857142857143,70,29,0.4142857142857143,0.01864506117421733,0.01864506117421733,0.021695499369062014,2.383323975459876,1.135416854298433,5.0027733431098715,True,0.18571428571428575,0.04285714285714287,0.32857142857142857,0.18571428571428575,354
70,18,0.2571428571428571,70,25,0.35714285714285715,70,39,0.5571428571428572,0.0003032690053812589,0.19968325932049968,0.0004232546954643654,3.666065884724609,1.7803581513972087,7.549064810692167,True,0.30000000000000004,0.14285714285714285,0.44285714285714284,0.10000000000000003,355
70,19,0.2714285714285714,70,33,0.4714285714285714,70,30,0.42857142857142855,0.05128142315633857,0.014334259452098139,0.049482368015265496,2.0697702165178704,1.0016483793105473,4.27689879769301,True,0.15714285714285714,0.0,0.3142857142857143,0.2,356
70,18,0.2571428571428571,70,25,0.35714285714285715,70,39,0.5571428571428572,0.0003032690053812589,0.19968325932049968,0.00043544999772320063,3.671667818255294,1.778809184456687,7.578746886068743,True,0.30000000000000004,0.14285714285714285,0.4428571428571429,0.10000000000000003,357
70,26,0.37142857142857144,70,32,0.45714285714285713,70,36,0.5142857142857142,0.08885728375169655,0.3032804136138121,0.08155931757108593,1.8402977190498013,0.9264174231367688,3.655690847515416,True,0.1428571428571428,-0.01428571428571429,0.30000000000000004,0.08571428571428569,358
70,20,0.2857142857142857,70,30,0.42857142857142855,70,44,0.6285714285714286,4.666618359144962e-05,0.07775989643932942,7.032876158729118e-05,4.280434296558778,2.0899302989839637,8.76685589756945,True,0.34285714285714286,0.17142857142857143,0.48571428571428565,0.14285714285714285,359
70,20,0.2857142857142857,70,28,0.4,70,39,0.5571428571428572,0.0011460034934104833,0.15432359056084352,0.0013412677187773679,3.191249010528965,1.570233465840242,6.485704494746924,True,0.27142857142857146,0.1142857142857143,0.41464285714285526,0.11428571428571432,360
70,19,0.2714285714285714,70,28,0.4,70,36,0.5142857142857142,0.003262464551061773,0.10724394061929676,0.003850679189776662,2.8675465068562644,1.4036133572830518,5.8583248202342055,True,0.24285714285714283,0.08571428571428569,0.4,0.12857142857142861,361
70,17,0.24285714285714285,70,24,0.34285714285714286,70,30,0.42857142857142855,0.01998792215771021,0.1935915512625201,0.020367677932610993,2.3895744798194456,1.144570538245463,4.988828563906125,True,0.1857142857142857,0.042857142857142844,0.32857142857142857,0.1,362
70,21,0.3,70,29,0.4142857142857143,70,39,0.5571428571428572,0.0021114910066706003,0.1582247513999311,0.0020239609433721404,3.027650932253217,1.4983631840960028,6.117789241534413,True,0.2571428571428572,0.09999999999999998,0.4142857142857143,0.11428571428571432,363
70,12,0.17142857142857143,70,28,0.4,70,35,0.5,3.8509124112521326e-05,0.002759548935302903,7.44017019530522e-05,4.854367426642475,2.2217136555670542,10.606624779840475,True,0.32857142857142857,0.17142857142857143,0.47178571428571237,0.2285714285714286,364
70,16,0.22857142857142856,70,26,0.37142857142857144,70,37,0.5285714285714286,0.0002530071251459537,0.06514266746494533,0.0002538628743861442,4.040500148095265,1.9122089372949134,8.537582441097028,True,0.30000000000000004,0.14285714285714285,0.4428571428571429,0.14285714285714288,365
70,17,0.24285714285714285,70,33,0.4714285714285714,70,45,0.6428571428571429,1.8971870225334749e-06,0.004770513090089518,3.3884351785133807e-06,6.016352648169722,2.8219260621122984,12.826877242858954,True,0.4,0.2571428571428571,0.5571428571428572,0.22857142857142856,366
70,18,0.2571428571428571,70,30,0.42857142857142855,70,40,0.5714285714285714,0.0001602934426522616,0.03262753307176913,0.0001844938003924638,3.993491759319668,1.9326654530591474,8.251803956298081,True,0.3142857142857143,0.15714285714285714,0.47142857142857136,0.17142857142857143,367
70,25,0.35714285714285715,70,33,0.4714285714285714,70,42,0.6,0.004025366054430521,0.16988746005317995,0.004087344717810439,2.751153010781044,1.3788087103841296,5.489407509342582,True,0.24285714285714283,0.08571428571428574,0.4,0.11428571428571427,368
70,19,0.2714285714285714,70,25,0.35714285714285715,70,39,0.5571428571428572,0.0006004439749850096,0.2746886841719709,0.000812550837807739,3.3818095155642314,1.657383061845572,6.900417810970968,True,0.28571428571428575,0.14285714285714285,0.44285714285714284,0.08571428571428574,369
70,19,0.2714285714285714,70,21,0.3,70,41,0.5857142857142857,0.00017181467911129688,0.7082810122906027,0.0001555037160061178,4.058253894093718,1.963748908065727,8.386726328036024,True,0.31428571428571433,0.15714285714285714,0.4571428571428572,0.02857142857142858,370
70,18,0.2571428571428571,70,25,0.35714285714285715,70,29,0.4142857142857143,0.04899444859570722,0.19968325932049968,0.05445548749419879,2.0446157934886537,0.9864194115192128,4.238008390918424,True,0.1571428571428572,0.014285714285714263,0.3142857142857142,0.10000000000000003,371
70,18,0.2571428571428571,70,23,0.32857142857142857,70,38,0.5428571428571428,0.0005599062480061843,0.3531010585557306,0.0005887766054080596,3.6110576321389862,1.7362659871234007,7.510218664268779,True,0.2857142857142857,0.12857142857142861,0.4289285714285695,0.07142857142857145,372
70,18,0.2571428571428571,70,30,0.42857142857142855,70,34,0.4857142857142857,0.005132450741041347,0.03262753307176913,0.005108337890604118,2.81345414671231,1.3639277740863414,5.803477563872536,True,0.2285714285714286,0.07142857142857145,0.37142857142857144,0.17142857142857143,373
70,17,0.24285714285714285,70,24,0.34285714285714286,70,34,0.4857142857142857,0.002830147857605349,0.1935915512625201,0.0031191498739070573,3.0466166546223588,1.455447873306366,6.377331136660045,True,0.24285714285714285,0.10000000000000003,0.38571428571428573,0.1,374
70,20,0.2857142857142857,70,28,0.4,70,33,0.4714285714285714,0.023499367457131843,0.15432359056084352,0.027192882122850655,2.2511982477880568,1.095703249137172,4.6252427879855285,True,0.18571428571428572,0.02857142857142858,0.34285714285714286,0.11428571428571432,375
70,21,0.3,70,31,0.44285714285714284,70,30,0.42857142857142855,0.11396581350907546,0.08026930135546974,0.0985157930443743,1.8193608999429396,0.8944650897620211,3.7006185284680613,True,0.12857142857142856,-0.02857142857142858,0.2857142857142857,0.14285714285714285,376
70,15,0.21428571428571427,70,32,0.45714285714285713,70,47,0.6714285714285714,5.190411919667297e-08,0.0023466578926719427,1.2884301508756538e-07,8.363620370425503,3.802139470111468,18.39757490499045,True,0.4571428571428571,0.30000000000000004,0.6,0.24285714285714285,377
70,18,0.2571428571428571,70,29,0.4142857142857143,70,40,0.5714285714285714,0.0001602934426522616,0.04899444859570722,0.00016687180365922095,4.03667867335042,1.9521030835651232,8.347292132812465,True,0.3142857142857143,0.15714285714285714,0.4571428571428572,0.1571428571428572,378
70,23,0.32857142857142857,70,30,0.42857142857142855,70,28,0.4,0.3798785323042442,0.22256640256093,0.36733288782770146,1.3770781801017062,0.6868156837936393,2.761067283201417,True,0.07142857142857145,-0.08607142857142858,0.24285714285714285,0.09999999999999998,379
70,22,0.3142857142857143,70,27,0.38571428571428573,70,23,0.32857142857142857,0.8563945998833334,0.37563779431400734,0.8372929592944454,1.0774593809457027,0.5286416053534859,2.1960411474076604,True,0.01428571428571429,-0.14285714285714288,0.17142857142857143,0.07142857142857145,380
70,26,0.37142857142857144,70,30,0.42857142857142855,70,30,0.42857142857142855,0.4901529604158251,0.4901529604158251,0.5243648906625198,1.2500698763771507,0.6287931291960653,2.485196837032111,True,0.057142857142857106,-0.09999999999999998,0.2285714285714286,0.057142857142857106,381
70,18,0.2571428571428571,70,29,0.4142857142857143,70,42,0.6,4.153330286677669e-05,0.04899444859570722,3.858153233517399e-05,4.821219818829669,2.279477899074645,10.197142315313505,True,0.34285714285714286,0.18571428571428572,0.49999999999999994,0.1571428571428572,382
70,14,0.2,70,29,0.4142857142857143,70,30,0.42857142857142855,0.00358116403312374,0.005993865876021434,0.004300463306167318,3.133365357170841,1.4306278603123896,6.862706042488585,True,0.22857142857142854,0.07142857142857145,0.37142857142857144,0.2142857142857143,383
70,19,0.2714285714285714,70,29,0.4142857142857143,70,37,0.5285714285714286,0.001900893250446667,0.07498913678750244,0.0023226014541305566,3.0048308194739377,1.480192678233989,6.0998871203936,True,0.2571428571428572,0.11428571428571421,0.41428571428571426,0.1428571428571429,384
70,15,0.21428571428571427,70,25,0.35714285714285715,70,35,0.5,0.0004192369695409875,0.061368829139402316,0.0006955435125743549,3.6087533062009585,1.7188645480544884,7.576571661656909,True,0.2857142857142857,0.12857142857142856,0.4285714285714286,0.14285714285714288,385
70,12,0.17142857142857143,70,28,0.4,70,42,0.6,1.9004761150385458e-07,0.002759548935302903,7.599815325227372e-07,7.50874236769464,3.3772249019048854,16.6945387358157,True,0.42857142857142855,0.27142857142857146,0.5714285714285714,0.2285714285714286,386
70,16,0.22857142857142856,70,28,0.4,70,43,0.6142857142857143,3.8143864070650083e-06,0.028913987342994316,9.831836135595827e-06,5.4427884950501255,2.568014767730993,11.535738413227541,True,0.3857142857142858,0.2285714285714286,0.5428571428571428,0.17142857142857146,387
70,13,0.18571428571428572,70,32,0.45714285714285713,70,42,0.6,5.208501387022902e-07,0.0005852796494683736,1.539618002327285e-06,6.687618516096464,3.0811594239196887,14.515393481308555,True,0.41428571428571426,0.27142857142857135,0.5571428571428572,0.2714285714285714,388
70,19,0.2714285714285714,70,24,0.34285714285714286,70,36,0.5142857142857142,0.003262464551061773,0.3596464805938585,0.0032185622469769223,2.9394669004971825,1.434619601379937,6.022826992470612,True,0.24285714285714283,0.08571428571428569,0.41428571428571426,0.07142857142857145,389
70,20,0.2857142857142857,70,25,0.35714285714285715,70,39,0.5571428571428572,0.0011460034934104833,0.36555659141522145,0.0008241224601654607,3.583678585378251,1.6962269154797989,7.571364471401474,True,0.27142857142857146,0.11428571428571427,0.4285714285714286,0.07142857142857145,390
70,21,0.3,70,29,0.4142857142857143,70,34,0.4857142857142857,0.02447064311494846,0.1582247513999311,0.030435761363587093,2.1607744137864158,1.0754775156245184,4.34127724610107,True,0.18571428571428572,0.01428571428571429,0.3289285714285695,0.11428571428571432,391
70,17,0.24285714285714285,70,31,0.44285714285714284,70,34,0.4857142857142857,0.002830147857605349,0.012676052703650924,0.0022071886502269774,3.186523885680334,1.5171381959920966,6.692821063259417,True,0.24285714285714285,0.08535714285714285,0.38571428571428573,0.19999999999999998,392
70,17,0.24285714285714285,70,27,0.38571428571428573,70,30,0.42857142857142855,0.01998792215771021,0.06867563863383211,0.017549666846204768,2.440121557246163,1.168688851475969,5.09476342365868,True,0.1857142857142857,0.02857142857142858,0.3289285714285695,0.14285714285714288,393
70,12,0.17142857142857143,70,34,0.4857142857142857,70,39,0.5571428571428572,2.1177678651158386e-06,7.538394416918283e-05,5.149867718652893e-06,6.365959472853925,2.8723857578075362,14.108634225004407,True,0.38571428571428573,0.24285714285714285,0.5285714285714286,0.3142857142857143,394
70,25,0.35714285714285715,70,24,0.34285714285714286,70,35,0.5,0.08766879512992928,0.8593572038773205,0.07845956226531922,1.9024860015910903,0.9294171804288341,3.894325457358163,True,0.14285714285714285,-0.014285714285714235,0.3,-0.01428571428571429,395
70,9,0.12857142857142856,70,27,0.38571428571428573,70,34,0.4857142857142857,4.645434656817332e-06,0.000500075225836902,1.4725514128961535e-05,6.481896596310237,2.783048104077106,15.096750725834445,True,0.35714285714285715,0.2142857142857143,0.49999999999999994,0.2571428571428572,396
70,9,0.12857142857142856,70,21,0.3,70,36,0.5142857142857142,1.0286841488757593e-06,0.013448828668870793,4.614345238574004e-06,7.331573101134794,3.1266129713890654,17.191754985076646,True,0.3857142857142857,0.24285714285714288,0.5285714285714286,0.17142857142857143,397
70,20,0.2857142857142857,70,26,0.37142857142857144,70,43,0.6142857142857143,9.333511997610799e-05,0.28030976562100696,7.782294170600368e-05,4.386141675018301,2.106525392067106,9.132687821272409,True,0.3285714285714286,0.17142857142857143,0.4714285714285715,0.08571428571428574,398
70,21,0.3,70,32,0.45714285714285713,70,37,0.5285714285714286,0.006048674346503783,0.05527325082754323,0.005824242794939525,2.680458565653683,1.32999559845309,5.402166842163135,True,0.2285714285714286,0.0714285714285714,0.3857142857142858,0.15714285714285714,399
70,21,0.3,70,26,0.37142857142857144,70,37,0.5285714285714286,0.006048674346503783,0.37087457439362603,0.006492557201062149,2.6315602870923795,1.3110504526916984,5.282107588143451,True,0.2285714285714286,0.0714285714285714,0.38571428571428573,0.07142857142857145,400
70,19,0.2714285714285714,70,25,0.35714285714285715,70,42,0.6,8.84583925550938e-05,0.2746886841719709,7.97982944305953e-05,4.40464568730051,2.1086381219121892,9.200679542425013,True,0.32857142857142857,0.17142857142857143,0.4714285714285715,0.08571428571428574,401
70,19,0.2714285714285714,70,31,0.44285714285714284,70,37,0.5285714285714286,0.001900893250446667,0.034293721036493065,0.001986934091401084,3.120408429270327,1.5169024154262225,6.418968462599093,True,0.2571428571428572,0.09999999999999998,0.41428571428571426,0.17142857142857143,402
70,18,0.2571428571428571,70,31,0.44285714285714284,70,29,0.4142857142857143,0.04899444859570722,0.02125060274444335,0.04738321941792858,2.106031356420835,1.0086368276109758,4.3973885870628475,True,0.1571428571428572,0.0,0.30000000000000004,0.18571428571428572,403
70,22,0.3142857142857143,70,31,0.44285714285714284,70,36,0.5142857142857142,0.016306170074973737,0.11682813219314594,0.012793741857516822,2.464669640678231,1.211504787028043,5.014091981082987,True,0.19999999999999996,0.02857142857142858,0.3571428571428571,0.12857142857142856,404
70,21,0.3,70,31,0.44285714285714284,70,31,0.44285714285714284,0.08026930135546974,0.08026930135546974,0.07873448442620389,1.8701612791995028,0.9306341127232157,3.7581936471066473,True,0.14285714285714285,-0.000357142857142837,0.3,0.14285714285714285,405
70,16,0.22857142857142856,70,32,0.45714285714285713,70,29,0.4142857142857143,0.01864506117421733,0.004387766594349367,0.02047655811824426,2.394527945824591,1.1442070960287827,5.011124387565153,True,0.18571428571428575,0.02857142857142858,0.3428571428571428,0.22857142857142856,406
70,22,0.3142857142857143,70,33,0.4714285714285714,70,34,0.4857142857142857,0.03843393023678176,0.05696789805266202,0.03865140095322316,2.082223530125333,1.0390172930367758,4.172841836670127,True,0.17142857142857143,0.0,0.32857142857142857,0.15714285714285714,407
70,15,0.21428571428571427,70,26,0.37142857142857144,70,41,0.5857142857142857,7.276835270588304e-06,0.04106230623925888,1.546677121249372e-05,5.17677408907898,2.4560590212900726,10.911378650535452,True,0.37142857142857144,0.2142857142857143,0.5142857142857143,0.15714285714285717,408
70,27,0.38571428571428573,70,29,0.4142857142857143,70,35,0.5,0.1734614676496442,0.7300697275800421,0.18154703288991747,1.5926623898087315,0.8046404798357096,3.152430870031762,True,0.11428571428571427,-0.04285714285714287,0.27142857142857146,0.02857142857142858,409
70,13,0.18571428571428572,70,20,0.2857142857142857,70,38,0.5428571428571428,1.1303798845284584e-05,0.16336565909081013,2.0680162676614372e-05,5.425623954481545,2.490778647529869,11.818551329174646,True,0.3571428571428571,0.21428571428571427,0.5,0.09999999999999998,410
70,18,0.2571428571428571,70,32,0.45714285714285713,70,41,0.5857142857142857,8.26377928895549e-05,0.013535198613802871,0.00011388031770736644,4.113769541924996,2.0057004815771293,8.437501012495527,True,0.3285714285714286,0.18571428571428567,0.4714285714285714,0.2,411
70,22,0.3142857142857143,70,30,0.42857142857142855,70,37,0.5285714285714286,0.010247617626290598,0.1617228824120368,0.010275238502787318,2.530985123920027,1.2453741309188835,5.1437439870201676,True,0.2142857142857143,0.057142857142857106,0.37142857142857144,0.11428571428571427,412
70,21,0.3,70,36,0.5142857142857142,70,38,0.5428571428571428,0.003618052251272993,0.009869991042600109,0.004466106812313482,2.8048229087801615,1.3776620966588429,5.710421712767902,True,0.24285714285714283,0.08571428571428569,0.4,0.21428571428571425,413
70,13,0.18571428571428572,70,25,0.35714285714285715,70,31,0.44285714285714284,0.0010492162160453948,0.022570802466266866,0.0008726194267057346,3.821219097456967,1.7353769782126627,8.414146075516546,True,0.2571428571428571,0.11428571428571427,0.4,0.17142857142857143,414
70,20,0.2857142857142857,70,30,0.42857142857142855,70,31,0.44285714285714284,0.05337626009840693,0.07775989643932942,0.05897409831240217,1.9679815075947935,0.9746650549998013,3.973622727487512,True,0.15714285714285714,0.0,0.3142857142857142,0.14285714285714285,415
70,13,0.18571428571428572,70,30,0.42857142857142855,70,42,0.6,5.208501387022902e-07,0.0018423676090594079,8.853766353442086e-07,7.679624287183323,3.406670280199516,17.31210370873988,True,0.41428571428571426,0.2571428571428572,0.5571428571428572,0.24285714285714283,416
70,20,0.2857142857142857,70,28,0.4,70,33,0.4714285714285714,0.023499367457131843,0.15432359056084352,0.02740470571125379,2.209796947724547,1.0923573728575586,4.470334225326353,True,0.18571428571428572,0.02857142857142858,0.3285714285714286,0.11428571428571432,417
70,18,0.2571428571428571,70,22,0.3142857142857143,70,35,0.5,0.003054425358239884,0.45426024256681874,0.003760891403191816,2.903444839940942,1.4118518289257989,5.97087581420892,True,0.24285714285714288,0.08571428571428569,0.38571428571428573,0.05714285714285716,418
70,27,0.38571428571428573,70,26,0.37142857142857144,70,38,0.5428571428571428,0.062307550140140264,0.8616709881190765,0.047593882326286814,2.0240465774767817,1.0075072112838976,4.066238436720307,True,0.15714285714285708,0.0,0.3142857142857143,-0.01428571428571429,419
70,16,0.22857142857142856,70,34,0.4857142857142857,70,43,0.6142857142857143,3.8143864070650083e-06,0.001498873337151674,7.423841133081263e-06,5.463699051104324,2.599715122366964,11.482799428369262,True,0.3857142857142858,0.2285714285714286,0.5289285714285695,0.2571428571428571,420
70,19,0.2714285714285714,70,30,0.42857142857142855,70,40,0.5714285714285714,0.00032525998181950157,0.05128142315633857,0.0003813661103201822,3.6446168955122302,1.7856407373640883,7.438916483649188,True,0.3,0.14285714285714285,0.45714285714285713,0.15714285714285714,421
70,21,0.3,70,28,0.4,70,32,0.45714285714285713,0.05527325082754323,0.21484694740564553,0.05176899361559853,2.007854539453539,0.9946692887345118,4.053085681104435,True,0.15714285714285714,0.0,0.3142857142857143,0.10000000000000003,422
70,19,0.2714285714285714,70,33,0.4714285714285714,70,37,0.5285714285714286,0.001900893250446667,0.014334259452098139,0.0025604840676790794,3.02365459494229,1.4732150052887985,6.205806400759133,True,0.2571428571428572,0.10000000000000003,0.4,0.2,423
70,20,0.2857142857142857,70,25,0.35714285714285715,70,40,0.5714285714285714,0.0006362991412402051,0.36555659141522145,0.0007332085331437905,3.4707048779334495,1.6855936234971172,7.146320549504405,True,0.2857142857142857,0.12857142857142856,0.44285714285714284,0.07142857142857145,424
70,19,0.2714285714285714,70,31,0.44285714285714284,70,39,0.5571428571428572,0.0006004439749850096,0.034293721036493065,0.0007669280663976651,3.3846931310311383,1.6635981858175173,6.886366965842563,True,0.28571428571428575,0.12857142857142856,0.44285714285714284,0.17142857142857143,425
70,25,0.35714285714285715,70,31,0.44285714285714284,70,38,0.5428571428571428,0.027211445868120722,0.3006229881969038,0.02535544807861174,2.2152453886109837,1.1031511093817494,4.448449618577173,True,0.18571428571428567,0.02857142857142858,0.34285714285714286,0.08571428571428569,426
70,17,0.24285714285714285,70,39,0.5571428571428572,70,34,0.4857142857142857,0.002830147857605349,0.00014742902884410514,0.002928753617227361,3.0289660861518564,1.4595695263420165,6.285850304131543,True,0.24285714285714285,0.08571428571428572,0.4,0.3142857142857143,427
70,14,0.2,70,27,0.38571428571428573,70,36,0.5142857142857142,0.0001042696991757032,0.01576388550166007,0.0001602844708548345,4.250366977073551,2.004992934098512,9.010315763491729,True,0.3142857142857142,0.15714285714285717,0.4571428571428572,0.18571428571428572,428
70,13,0.18571428571428572,70,30,0.42857142857142855,70,34,0.4857142857142857,0.0001710630307811587,0.0018423676090594079,0.0002702693676042603,4.203363809336813,1.9410076173922783,9.102626468503814,True,0.3,0.15714285714285714,0.4571428571428571,0.24285714285714283,429
70,16,0.22857142857142856,70,26,0.37142857142857144,70,37,0.5285714285714286,0.0002530071251459537,0.06514266746494533,0.00027045718510761987,4.060865309359229,1.9102619945820534,8.632652017120416,True,0.30000000000000004,0.14285714285714285,0.4428571428571429,0.14285714285714288,430
70,9,0.12857142857142856,70,27,0.38571428571428573,70,32,0.45714285714285713,1.9414610459624268e-05,0.000500075225836902,4.090820745322804e-05,6.088543413615515,2.568584872111398,14.43221179956912,True,0.32857142857142857,0.18571428571428572,0.4571428571428572,0.2571428571428572,431
70,15,0.21428571428571427,70,32,0.45714285714285713,70,34,0.4857142857142857,0.0007608523599050972,0.0023466578926719427,0.001020914841641049,3.484444986289572,1.65441737156762,7.338750832248674,True,0.27142857142857146,0.11428571428571432,0.42857142857142855,0.24285714285714285,432
70,17,0.24285714285714285,70,26,0.37142857142857144,70,26,0.37142857142857144,0.09917425793170925,0.09917425793170925,0.10398099864752984,1.8395047099602888,0.8822754513993043,3.835284743103025,True,0.1285714285714286,-0.02857142857142858,0.27178571428571235,0.1285714285714286,433
70,16,0.22857142857142856,70,34,0.4857142857142857,70,35,0.5,0.0008473169107830436,0.001498873337151674,0.0009748068949951351,3.4803058657344046,1.6584825884038144,7.30338021258508,True,0.27142857142857146,0.11428571428571432,0.42857142857142855,0.2571428571428571,434
70,17,0.24285714285714285,70,31,0.44285714285714284,70,37,0.5285714285714286,0.0005155481818387301,0.012676052703650924,0.0006281667721972928,3.6819244334901575,1.744147359477106,7.772604453557217,True,0.2857142857142857,0.12857142857142856,0.4285714285714286,0.19999999999999998,435
70,12,0.17142857142857143,70,29,0.4142857142857143,70,38,0.5428571428571428,4.518857843824021e-06,0.0015928681072887652,1.008486133853587e-05,6.0623082574308675,2.7241212065624287,13.491169673206773,True,0.3714285714285714,0.22857142857142856,0.5142857142857142,0.24285714285714288,436
70,19,0.2714285714285714,70,34,0.4857142857142857,70,43,0.6142857142857143,4.436323108241567e-05,0.008956452403220638,6.927202039001506e-05,4.294115829377485,2.0946759622427886,8.802999169555092,True,0.3428571428571429,0.19999999999999996,0.48607142857142666,0.2142857142857143,437
70,23,0.32857142857142857,70,20,0.2857142857142857,70,37,0.5285714285714286,0.016804604239087022,0.5825777375211728,0.012420317946035441,2.4390191531653374,1.2123852501906462,4.9067030703086445,True,0.2,0.02857142857142858,0.3571428571428571,-0.04285714285714287,438
70,13,0.18571428571428572,70,30,0.42857142857142855,70,33,0.4714285714285714,0.0003197555467877183,0.0018423676090594079,0.0003565478253419945,4.123154599410885,1.894492131528958,8.973594330488396,True,0.2857142857142857,0.12857142857142856,0.44285714285714284,0.24285714285714283,439
70,11,0.15714285714285714,70,26,0.37142857142857144,70,37,0.5285714285714286,3.667621443844236e-06,0.004040448343809689,7.776566718128242e-06,6.42970216191468,2.8439470073884023,14.536512031879885,True,0.37142857142857144,0.2142857142857143,0.5142857142857143,0.2142857142857143,440
70,13,0.18571428571428572,70,32,0.45714285714285713,70,33,0.4714285714285714,0.0003197555467877183,0.0005852796494683736,0.00040483920644328867,4.055592591886747,1.8668242975080633,8.810594169639907,True,0.2857142857142857,0.12857142857142861,0.4285714285714286,0.2714285714285714,441
70,18,0.2571428571428571,70,20,0.2857142857142857,70,38,0.5428571428571428,0.0005599062480061843,0.7038684184434106,0.000579831439495922,3.6276515294016707,1.7412305984316845,7.557790237906042,True,0.2857142857142857,0.12857142857142856,0.44285714285714284,0.02857142857142858,442
70,18,0.2571428571428571,70,32,0.45714285714285713,70,35,0.5,0.003054425358239884,0.013535198613802871,0.0038048982887467302,2.8930059488826445,1.4089294815260658,5.940313926290377,True,0.24285714285714288,0.08571428571428569,0.4,0.2,443
70,20,0.2857142857142857,70,23,0.32857142857142857,70,44,0.6285714285714286,4.666618359144962e-05,0.5825777375211728,5.5238338061164066e-05,4.596681338412854,2.1900351552909543,9.648009200156359,True,0.34285714285714286,0.18571428571428572,0.48571428571428577,0.04285714285714287,444
70,15,0.21428571428571427,70,20,0.2857142857142857,70,36,0.5142857142857142,0.0002259308412680957,0.32911398597860525,0.0003427001321806759,4.095846545576615,1.8930581963117878,8.861829476556082,True,0.29999999999999993,0.14285714285714288,0.4432142857142838,0.07142857142857142,445
70,15,0.21428571428571427,70,26,0.37142857142857144,70,38,0.5428571428571428,6.131511775916256e-05,0.04106230623925888,7.594658909642922e-05,4.560578881087388,2.1507215097850434,9.670652214148852,True,0.3285714285714285,0.17142857142857143,0.48571428571428577,0.15714285714285717,446
70,26,0.37142857142857144,70,28,0.4,70,32,0.45714285714285713,0.3032804136138121,0.7284001147161181,0.30122555934544737,1.431412688983057,0.7251959979307567,2.825363476947019,True,0.08571428571428569,-0.08571428571428569,0.2432142857142838,0.02857142857142858,447
70,18,0.2571428571428571,70,30,0.42857142857142855,70,38,0.5428571428571428,0.0005599062480061843,0.03262753307176913,0.0006074660329246204,3.5452814676626074,1.7195343147761712,7.309549205819728,True,0.2857142857142857,0.12857142857142856,0.44285714285714284,0.17142857142857143,448
70,22,0.3142857142857143,70,23,0.32857142857142857,70,38,0.5428571428571428,0.006285181643384482,0.8563945998833334,0.008003372179366829,2.5624465467778905,1.2782908997601836,5.136649495295467,True,0.22857142857142854,0.0714285714285714,0.3860714285714267,0.01428571428571429,449
70,21,0.3,70,27,0.38571428571428573,70,36,0.5142857142857142,0.009869991042600109,0.2853768809059213,0.007456915997998972,2.654696724714247,1.2984463398522894,5.427574851503112,True,0.21428571428571425,0.057142857142857106,0.37142857142857144,0.08571428571428574,450
70,18,0.2571428571428571,70,34,0.4857142857142857,70,38,0.5428571428571428,0.0005599062480061843,0.005132450741041347,0.0005467526054349077,3.6853108468588878,1.759075653178151,7.720825430923238,True,0.2857142857142857,0.12857142857142856,0.44285714285714284,0.2285714285714286,451
70,16,0.22857142857142856,70,28,0.4,70,33,0.4714285714285714,0.002593000344988534,0.028913987342994316,0.003267664844354631,3.0754081032943077,1.4547603710408374,6.501507182960504,True,0.24285714285714285,0.09999999999999998,0.39999999999999997,0.17142857142857146,452
70,19,0.2714285714285714,70,21,0.3,70,33,0.4714285714285714,0.014334259452098139,0.7082810122906027,0.014111142773480674,2.446635917980858,1.1975111705734645,4.998723571227686,True,0.2,0.02857142857142858,0.3571428571428571,0.02857142857142858,453
70,16,0.22857142857142856,70,32,0.45714285714285713,70,38,0.5428571428571428,0.00013356007507963456,0.004387766594349367,8.148641218539972e-05,5.047705055437813,2.2559873464169886,11.294090974029315,True,0.3142857142857143,0.15714285714285714,0.4714285714285714,0.22857142857142856,454
70,18,0.2571428571428571,70,32,0.45714285714285713,70,40,0.5714285714285714,0.0001602934426522616,0.013535198613802871,0.00019060651557163206,4.037964149537097,1.9397552287850128,8.405779363801361,True,0.3142857142857143,0.17107142857142854,0.47142857142857136,0.2,455
70,19,0.2714285714285714,70,25,0.35714285714285715,70,38,0.5428571428571428,0.0010814029778651352,0.2746886841719709,0.0012530207698456704,3.2529062471490002,1.5888783813112928,6.6596658228858425,True,0.2714285714285714,0.11428571428571427,0.42857142857142855,0.08571428571428574,456
70,16,0.22857142857142856,70,25,0.35714285714285715,70,38,0.5428571428571428,0.00013356007507963456,0.0946300831520893,0.00014974453016459286,4.488551225390482,2.0654190598806204,9.754481545318399,True,0.3142857142857143,0.15678571428571425,0.4571428571428572,0.1285714285714286,457
70,18,0.2571428571428571,70,21,0.3,70,37,0.5285714285714286,0.001009154011747773,0.5716808865492214,0.0009174419875994789,3.4490269777459286,1.6586652868504874,7.171903329457876,True,0.27142857142857146,0.11428571428571427,0.4285714285714286,0.04285714285714287,458
70,29,0.4142857142857143,70,28,0.4,70,29,0.4142857142857143,1.0,0.8634191274849894,0.9661992942432648,0.9854689953291114,0.500744395822511,1.93941090276164,True,0.0,-0.15714285714285714,0.15714285714285714,-0.01428571428571429,459
70,15,0.21428571428571427,70,28,0.4,70,35,0.5,0.0004192369695409875,0.01723287401247834,0.00030735775844086373,4.248074362447679,1.93658839653573,9.318519010630817,True,0.2857142857142857,0.14285714285714285,0.4289285714285695,0.18571428571428575,460
70,29,0.4142857142857143,70,30,0.42857142857142855,70,42,0.6,0.027975817259731632,0.8641000581920801,0.027055911824364773,2.165423200907066,1.0915871022101058,4.295633055330906,True,0.18571428571428567,0.028214285714285692,0.3571428571428571,0.014285714285714235,461
70,19,0.2714285714285714,70,25,0.35714285714285715,70,30,0.42857142857142855,0.05128142315633857,0.2746886841719709,0.04704504982526413,2.0795970127959906,1.0096060636588038,4.283575437292091,True,0.15714285714285714,0.01428571428571429,0.3142857142857143,0.08571428571428574,462
70,21,0.3,70,33,0.4714285714285714,70,44,0.6285714285714286,9.712452078740871e-05,0.037203202068748664,0.00012241050153414252,4.170632322859795,2.012561484054003,8.642803765400965,True,0.32857142857142857,0.17142857142857137,0.48571428571428565,0.17142857142857143,463
70,22,0.3142857142857143,70,27,0.38571428571428573,70,36,0.5142857142857142,0.016306170074973737,0.37563779431400734,0.017314186142808677,2.3175400707142875,1.1598930226266644,4.6305925413736615,True,0.19999999999999996,0.042857142857142816,0.35714285714285715,0.07142857142857145,464
70,20,0.2857142857142857,70,25,0.35714285714285715,70,36,0.5142857142857142,0.005775498089305212,0.36555659141522145,0.006144478452229302,2.666002883731517,1.322003670972037,5.376362813606063,True,0.22857142857142854,0.0714285714285714,0.3857142857142857,0.07142857142857145,465
70,11,0.15714285714285714,70,28,0.4,70,45,0.6428571428571429,4.4762676904163516e-09,0.0013509048082095837,3.940623758821934e-08,9.72557436560044,4.319640512207178,21.896913984745925,True,0.48571428571428577,0.34285714285714286,0.6146428571428553,0.24285714285714288,466
70,18,0.2571428571428571,70,25,0.35714285714285715,70,30,0.42857142857142855,0.03262753307176913,0.19968325932049968,0.03595882230137018,2.158903219395846,1.0517200842948824,4.431657415616044,True,0.17142857142857143,0.01428571428571429,0.32857142857142857,0.10000000000000003,467
70,20,0.2857142857142857,70,27,0.38571428571428573,70,39,0.5571428571428572,0.0011460034934104833,0.21028909717077288,0.0010867894341837425,3.3202533426290883,1.616254746329839,6.820757856564947,True,0.27142857142857146,0.11428571428571427,0.42857142857142855,0.10000000000000003,468
70,24,0.34285714285714286,70,28,0.4,70,43,0.6142857142857143,0.001306538679148674,0.48414574513606734,0.0015365296144837217,3.0613497263833627,1.532009666598688,6.117364891067924,True,0.27142857142857146,0.11428571428571427,0.4285714285714286,0.05714285714285716,469
70,19,0.2714285714285714,70,32,0.45714285714285713,70,35,0.5,0.00546885312217271,0.022423752669128452,0.005584362392305364,2.722663046857129,1.3407367562086374,5.528970569646854,True,0.2285714285714286,0.0714285714285714,0.3857142857142857,0.18571428571428572,470
70,22,0.3142857142857143,70,31,0.44285714285714284,70,35,0.5,0.025331845901846613,0.11682813219314594,0.02550653766619187,2.2237689502518054,1.102878140039629,4.4838574313625665,True,0.18571428571428572,0.028571428571428525,0.34285714285714286,0.12857142857142856,471
70,13,0.18571428571428572,70,22,0.3142857142857143,70,37,0.5285714285714286,2.303872960496177e-05,0.07898257926378263,3.928131503992108e-05,5.038479711183888,2.3309065810218796,10.89116054959278,True,0.34285714285714286,0.18571428571428572,0.48571428571428577,0.12857142857142856,472
70,19,0.2714285714285714,70,29,0.4142857142857143,70,37,0.5285714285714286,0.001900893250446667,0.07498913678750244,0.0010956142049015035,3.489745881805884,1.6479048555788245,7.3901877759219925,True,0.2571428571428572,0.10000000000000003,0.4,0.1428571428571429,473
70,19,0.2714285714285714,70,25,0.35714285714285715,70,38,0.5428571428571428,0.0010814029778651352,0.2746886841719709,0.0012723725420476842,3.2169180544973024,1.5804262161675915,6.547956281341087,True,0.2714285714285714,0.11428571428571427,0.4285714285714286,0.08571428571428574,474
70,23,0.32857142857142857,70,37,0.5285714285714286,70,34,0.4857142857142857,0.05845668419140268,0.016804604239087022,0.0559406531046227,1.9591026129240952,0.9830935553060213,3.9040872837084994,True,0.15714285714285714,0.0,0.31428571428571433,0.2,475
70,17,0.24285714285714285,70,25,0.35714285714285715,70,33,0.4714285714285714,0.004770513090089518,0.1400990632504758,0.006123819368011229,2.7725777925112753,1.3372317061780337,5.748583121393066,True,0.22857142857142856,0.07142857142857145,0.3857142857142857,0.1142857142857143,476
70,21,0.3,70,29,0.4142857142857143,70,36,0.5142857142857142,0.009869991042600109,0.1582247513999311,0.010089804237188027,2.5376871860543244,1.2483281109435052,5.158784936275267,True,0.21428571428571425,0.05714285714285716,0.37142857142857144,0.11428571428571432,477
70,17,0.24285714285714285,70,29,0.4142857142857143,70,34,0.4857142857142857,0.002830147857605349,0.03083097236590746,0.0032393694371616,2.9656107358873163,1.4381733207574248,6.11529007656618,True,0.24285714285714285,0.08571428571428574,0.39999999999999997,0.17142857142857146,478
70,21,0.3,70,23,0.32857142857142857,70,29,0.4142857142857143,0.1582247513999311,0.7157762127369696,0.14347372233419148,1.7048446210565689,0.834246636531227,3.483975906730217,True,0.11428571428571432,-0.04285714285714287,0.2714285714285714,0.02857142857142858,479
70,21,0.3,70,32,0.45714285714285713,70,36,0.5142857142857142,0.009869991042600109,0.05527325082754323,0.009651034146158387,2.5354869466349164,1.2533285038353135,5.129296937621373,True,0.21428571428571425,0.057142857142857106,0.3571428571428572,0.15714285714285714,480
70,21,0.3,70,33,0.4714285714285714,70,32,0.45714285714285713,0.05527325082754323,0.037203202068748664,0.04809779505081412,2.0328899584647315,1.0059544053187108,4.108179815483205,True,0.15714285714285714,-0.01428571428571429,0.3142857142857143,0.17142857142857143,481
70,22,0.3142857142857143,70,33,0.4714285714285714,70,34,0.4857142857142857,0.03843393023678176,0.05696789805266202,0.04352093298998396,2.0618460800255383,1.0212684619832506,4.162675551011387,True,0.17142857142857143,0.01428571428571429,0.3285714285714286,0.15714285714285714,482
70,18,0.2571428571428571,70,33,0.4714285714285714,70,41,0.5857142857142857,8.26377928895549e-05,0.008429596538289138,0.00011762032113410878,4.1499741663752445,2.0113809698287675,8.562418477613452,True,0.3285714285714286,0.17142857142857143,0.48571428571428565,0.2142857142857143,483
70,19,0.2714285714285714,70,25,0.35714285714285715,70,31,0.44285714285714284,0.034293721036493065,0.2746886841719709,0.03111817239444039,2.1948454378292106,1.0739370535920123,4.485687945906189,True,0.17142857142857143,0.01428571428571429,0.3285714285714285,0.08571428571428574,484
70,10,0.14285714285714285,70,29,0.4142857142857143,70,42,0.6,2.1783871916148536e-08,0.00034098405597161863,1.8048305207912e-07,9.156877983438946,3.985904658328571,21.036231819641525,True,0.45714285714285713,0.3142857142857143,0.6,0.27142857142857146,485
70,13,0.18571428571428572,70,32,0.45714285714285713,70,40,0.5714285714285714,2.542626715848517e-06,0.0005852796494683736,5.0445275715543855e-06,6.280012767227308,2.8523566813249777,13.826658010462411,True,0.3857142857142857,0.2285714285714286,0.5285714285714286,0.2714285714285714,486
70,21,0.3,70,32,0.45714285714285713,70,33,0.4714285714285714,0.037203202068748664,0.05527325082754323,0.029086892264572832,2.2258546006684927,1.0849368987842694,4.566559316831053,True,0.17142857142857143,0.01428571428571429,0.32857142857142857,0.15714285714285714,487
70,14,0.2,70,29,0.4142857142857143,70,39,0.5571428571428572,1.3234801829520617e-05,0.005993865876021434,2.0446662599435064e-05,5.239103128193623,2.4453099954876336,11.224835149121695,True,0.35714285714285715,0.2,0.5,0.2142857142857143,488
70,19,0.2714285714285714,70,28,0.4,70,41,0.5857142857142857,0.00017181467911129688,0.10724394061929676,0.00024661163305013904,3.801188015586518,1.861463617114166,7.762187881081961,True,0.31428571428571433,0.14285714285714288,0.47142857142857136,0.12857142857142861,489
70,20,0.2857142857142857,70,27,0.38571428571428573,70,34,0.4857142857142857,0.015066291379480895,0.21028909717077288,0.015791542461560133,2.376582159876778,1.1767188811252391,4.799908332603219,True,0.2,0.04285714285714287,0.35714285714285715,0.10000000000000003,490
70,16,0.22857142857142856,70,24,0.34285714285714286,70,34,0.4857142857142857,0.001498873337151674,0.1344809801438156,0.001743339843579997,3.2446647733385685,1.5529711750463522,6.779166065996038,True,0.2571428571428571,0.1,0.41428571428571426,0.1142857142857143,491
70,18,0.2571428571428571,70,37,0.5285714285714286,70,36,0.5142857142857142,0.0017762943509938849,0.001009154011747773,0.001735898325414481,3.1783673271168267,1.5414751946894836,6.553474814830688,True,0.2571428571428571,0.10000000000000003,0.4,0.27142857142857146,492
70,13,0.18571428571428572,70,23,0.32857142857142857,70,34,0.4857142857142857,0.0001710630307811587,0.05314618931277163,0.0002570587512346886,4.185995256624538,1.942564473538995,9.020321604337926,True,0.3,0.15714285714285714,0.4571428571428571,0.14285714285714285,493
70,17,0.24285714285714285,70,30,0.42857142857142855,70,37,0.5285714285714286,0.0005155481818387301,0.01998792215771021,0.0005979794853263555,3.5955080479897634,1.7315012261413456,7.466167466695083,True,0.2857142857142857,0.12857142857142856,0.44285714285714284,0.1857142857142857,494
70,14,0.2,70,25,0.35714285714285715,70,37,0.5285714285714286,5.3598943988276264e-05,0.038099290072966474,9.109805227152309e-05,4.522083659726349,2.123743937272532,9.628863568094024,True,0.32857142857142857,0.18571428571428572,0.48571428571428565,0.15714285714285714,495
70,19,0.2714285714285714,70,26,0.37142857142857144,70,42,0.6,8.84583925550938e-05,0.2052414766210149,9.601864524860684e-05,4.524660725515387,2.1191178414980305,9.660885430773936,True,0.32857142857142857,0.17142857142857143,0.4857142857142857,0.10000000000000003,496
70,18,0.2571428571428571,70,34,0.4857142857142857,70,31,0.44285714285714284,0.02125060274444335,0.005132450741041347,0.02188538691194853,2.3101789836440103,1.1290886057229699,4.726756526830036,True,0.18571428571428572,0.02857142857142858,0.34285714285714286,0.2285714285714286,497
70,15,0.21428571428571427,70,27,0.38571428571428573,70,39,0.5571428571428572,3.0856109134315426e-05,0.02688845410374583,4.443153788809389e-05,4.9933114954793885,2.3075560629320577,10.805007120479537,True,0.34285714285714286,0.18571428571428575,0.49999999999999994,0.17142857142857146,498
70,13,0.18571428571428572,70,38,0.5428571428571428,70,31,0.44285714285714284,0.0010492162160453948,1.1303798845284584e-05,0.0015498592415741053,3.501240258261786,1.6114817574116362,7.60708788026429,True,0.2571428571428571,0.1142857142857143,0.4,0.3571428571428571,499
70,20,0.2857142857142857,70,29,0.4142857142857143,70,38,0.5428571428571428,0.0020132384105285327,0.11077211141818988,0.0019791462060894517,3.0760943957535867,1.5093839217395184,6.269019164243878,True,0.2571428571428571,0.09999999999999998,0.41428571428571426,0.12857142857142861,500
70,16,0.22857142857142856,70,30,0.42857142857142855,70,41,0.5857142857142857,1.7034768728499052e-05,0.011764786559866998,2.7693160009618996e-05,4.844502483227188,2.316515341004261,10.131253566324308,True,0.3571428571428572,0.2,0.49999999999999994,0.19999999999999998,501
70,22,0.3142857142857143,70,35,0.5,70,29,0.4142857142857143,0.21893379656124137,0.025331845901846613,0.24013023157638835,1.5221693943661714,0.755121858895442,3.0683784846783255,True,0.10000000000000003,-0.05714285714285716,0.2571428571428571,0.18571428571428572,502
70,13,0.18571428571428572,70,28,0.4,70,41,0.5857142857142857,1.1646233405013745e-06,0.005340022480328318,3.5580743234147615e-06,6.172273923007564,2.8591930959249625,13.32437652949586,True,0.4,0.2571428571428571,0.5428571428571429,0.2142857142857143,503
70,18,0.2571428571428571,70,24,0.34285714285714286,70,32,0.45714285714285713,0.013535198613802871,0.2684813240895755,0.012016077572230078,2.5272604698773184,1.225872036648323,5.210205707985192,True,0.2,0.04285714285714287,0.34285714285714286,0.08571428571428574,504
70,14,0.2,70,31,0.44285714285714284,70,32,0.45714285714285713,0.0012000374428290186,0.0020950622866740317,0.0017236546692488202,3.3605144622271417,1.574750419952381,7.171331601346241,True,0.2571428571428571,0.10000000000000003,0.4,0.24285714285714283,505
70,18,0.2571428571428571,70,33,0.4714285714285714,70,36,0.5142857142857142,0.0017762943509938849,0.008429596538289138,0.002054286169080093,3.0797630637401734,1.506181417439538,6.297342683262131,True,0.2571428571428571,0.09999999999999998,0.41428571428571426,0.2142857142857143,506
70,14,0.2,70,26,0.37142857142857144,70,34,0.4857142857142857,0.0003693584683354245,0.02476849000931904,0.0005466724302946899,3.8232446781074945,1.7873027663613974,8.178356875950609,True,0.2857142857142857,0.14285714285714285,0.4285714285714286,0.17142857142857143,507
70,19,0.2714285714285714,70,29,0.4142857142857143,70,39,0.5571428571428572,0.0006004439749850096,0.07498913678750244,0.0008661675323519483,3.384954917619528,1.6517285972414304,6.9369264499340995,True,0.28571428571428575,0.11428571428571427,0.44285714285714284,0.1428571428571429,508
70,20,0.2857142857142857,70,34,0.4857142857142857,70,38,0.5428571428571428,0.0020132384105285327,0.015066291379480895,0.001995139255754432,3.051061893245084,1.5040500112835513,6.18927469603755,True,0.2571428571428571,0.09999999999999998,0.4,0.2,509
70,21,0.3,70,29,0.4142857142857143,70,37,0.5285714285714286,0.006048674346503783,0.1582247513999311,0.005735414115113513,2.690693674535904,1.3331660112090395,5.430555826743413,True,0.2285714285714286,0.0714285714285714,0.38571428571428573,0.11428571428571432,510
70,13,0.18571428571428572,70,22,0.3142857142857143,70,35,0.5,8.959541833745227e-05,0.07898257926378263,0.00017126973398380512,4.348402612643824,2.0202882867295053,9.359359951671731,True,0.3142857142857143,0.17142857142857143,0.4571428571428572,0.12857142857142856,511
70,21,0.3,70,30,0.42857142857142855,70,41,0.5857142857142857,0.0006667146553199102,0.11396581350907546,0.0006009857951949455,3.514378715510489,1.7141432255087763,7.205265914910516,True,0.28571428571428575,0.11428571428571432,0.44285714285714284,0.12857142857142856,512
70,14,0.2,70,30,0.42857142857142855,70,39,0.5571428571428572,1.3234801829520617e-05,0.00358116403312374,2.398105958981075e-05,5.116334491669088,2.398896074263317,10.912051969021418,True,0.35714285714285715,0.2,0.5,0.22857142857142854,513
70,19,0.2714285714285714,70,30,0.42857142857142855,70,36,0.5142857142857142,0.003262464551061773,0.05128142315633857,0.0035850314357686376,2.912004744569,1.418465213002414,5.978131542925568,True,0.24285714285714283,0.08571428571428569,0.4003571428571409,0.15714285714285714,514
70,22,0.3142857142857143,70,27,0.38571428571428573,70,32,0.45714285714285713,0.08251564521429551,0.37563779431400734,0.07949944701303142,1.8980408786915604,0.9273604264011881,3.8847454286621854,True,0.14285714285714285,-0.01428571428571429,0.30035714285714094,0.07142857142857145,515
70,17,0.24285714285714285,70,25,0.35714285714285715,70,32,0.45714285714285713,0.007863221348181232,0.1400990632504758,0.009442193857992904,2.8212103507091926,1.2891663466600984,6.173933925260318,True,0.21428571428571427,0.05714285714285716,0.3714285714285714,0.1142857142857143,516
70,16,0.22857142857142856,70,22,0.3142857142857143,70,35,0.5,0.0008473169107830436,0.25415667980465484,0.0010073970693848884,3.475771902520388,1.6541584814128076,7.303405601156118,True,0.27142857142857146,0.11428571428571432,0.4142857142857143,0.08571428571428572,517
70,20,0.2857142857142857,70,32,0.45714285714285713,70,34,0.4857142857142857,0.015066291379480895,0.03582123919892002,0.0165206978483238,2.36001783549199,1.1695485753913075,4.762251266029536,True,0.2,0.04285714285714287,0.35714285714285715,0.17142857142857143,518
70,11,0.15714285714285714,70,21,0.3,70,38,0.5428571428571428,1.7167233069263015e-06,0.04414712418408917,5.204036055336749e-06,6.416703863967773,2.884303108136321,14.275229382692512,True,0.3857142857142857,0.24285714285714288,0.5285714285714286,0.14285714285714285,519
70,22,0.3142857142857143,70,26,0.37142857142857144,70,37,0.5285714285714286,0.010247617626290598,0.4763333142466747,0.011090728500100733,2.466227977145812,1.228865525948363,4.949508556327018,True,0.2142857142857143,0.057142857142857106,0.37142857142857144,0.05714285714285716,520
70,20,0.2857142857142857,70,29,0.4142857142857143,70,33,0.4714285714285714,0.023499367457131843,0.11077211141818988,0.021661767426936433,2.296780130351238,1.1294982367694635,4.670391502570309,True,0.18571428571428572,0.02857142857142858,0.34285714285714286,0.12857142857142861,521
70,19,0.2714285714285714,70,20,0.2857142857142857,70,29,0.4142857142857143,0.07498913678750244,0.8504644126549835,0.06271370856465068,1.9833209600754869,0.9643209302917948,4.07910054330615,True,0.1428571428571429,-0.01428571428571429,0.3,0.01428571428571429,522
70,22,0.3142857142857143,70,25,0.35714285714285715,70,36,0.5142857142857142,0.016306170074973737,0.5913354396096127,0.018212999221466224,2.315888597561208,1.1534097990022634,4.64998650172166,True,0.19999999999999996,0.04285714285714287,0.35714285714285715,0.04285714285714287,523
70,16,0.22857142857142856,70,28,0.4,70,31,0.44285714285714284,0.007263641508519324,0.028913987342994316,0.00834971469419537,2.6945218808479376,1.2900176911273304,5.628177207417592,True,0.21428571428571427,0.05714285714285716,0.3574999999999981,0.17142857142857146,524
70,25,0.35714285714285715,70,30,0.42857142857142855,70,38,0.5428571428571428,0.027211445868120722,0.38689983106485903,0.026551530925536918,2.1604604538986534,1.0937716240847606,4.2674259142219855,True,0.18571428571428567,0.02857142857142858,0.3285714285714286,0.0714285714285714,525
70,17,0.24285714285714285,70,28,0.4,70,35,0.5,0.001641521777688543,0.04652253842775168,0.0019407087697285428,3.1718832683538833,1.5285342123854653,6.582020465451102,True,0.2571428571428571,0.09999999999999998,0.41428571428571426,0.15714285714285717,526
70,14,0.2,70,31,0.44285714285714284,70,38,0.5428571428571428,2.6939966535010783e-05,0.0020950622866740317,5.9270912724179175e-05,4.727174461320458,2.2148525158991688,10.089239905298356,True,0.3428571428571428,0.18571428571428575,0.48571428571428577,0.24285714285714283,527
70,21,0.3,70,27,0.38571428571428573,70,37,0.5285714285714286,0.006048674346503783,0.2853768809059213,0.006899859152181914,2.612717953580242,1.3016778581078554,5.244227719201864,True,0.2285714285714286,0.0714285714285714,0.3857142857142857,0.08571428571428574,528
70,19,0.2714285714285714,70,26,0.37142857142857144,70,35,0.5,0.00546885312217271,0.2052414766210149,0.004412935774813441,2.8697526600530914,1.3888431198692621,5.929741244394137,True,0.2285714285714286,0.07142857142857145,0.37142857142857144,0.10000000000000003,529
70,18,0.2571428571428571,70,32,0.45714285714285713,70,36,0.5142857142857142,0.0017762943509938849,0.013535198613802871,0.001472867693765429,3.2486453351211244,1.5715093532084137,6.7156434620371055,True,0.2571428571428571,0.10000000000000003,0.4,0.2,530
70,20,0.2857142857142857,70,29,0.4142857142857143,70,33,0.4714285714285714,0.023499367457131843,0.11077211141818988,0.019364185741655927,2.384930448427075,1.151052187895165,4.941472944189919,True,0.18571428571428572,0.02857142857142858,0.34285714285714286,0.12857142857142861,531
70,15,0.21428571428571427,70,27,0.38571428571428573,70,37,0.5285714285714286,0.00011904890933436814,0.02688845410374583,0.00016686364702814317,4.216790797164721,1.993386069693201,8.920160975033694,True,0.3142857142857143,0.15714285714285714,0.4571428571428572,0.17142857142857146,532
70,11,0.15714285714285714,70,26,0.37142857142857144,70,32,0.45714285714285713,0.00011939577104609674,0.004040448343809689,0.0002398441473993795,4.475657109037083,2.0115831391638346,9.9580803635095,True,0.3,0.1428571428571429,0.4571428571428571,0.2142857142857143,533
70,17,0.24285714285714285,70,35,0.5,70,37,0.5285714285714286,0.0005155481818387301,0.001641521777688543,0.0005921877206426196,3.5745086155761707,1.728120657352366,7.393645685830723,True,0.2857142857142857,0.12857142857142856,0.44285714285714284,0.2571428571428571,534
70,24,0.34285714285714286,70,28,0.4,70,28,0.4,0.48414574513606734,0.48414574513606734,0.5133526247071862,1.260237280615942,0.6298482718386845,2.5215564993421635,True,0.05714285714285716,-0.10000000000000003,0.2142857142857143,0.05714285714285716,535
70,19,0.2714285714285714,70,27,0.38571428571428573,70,41,0.5857142857142857,0.00017181467911129688,0.15000938577412762,0.00021784883483688612,3.862967288862582,1.8871032807029404,7.907630932242211,True,0.31428571428571433,0.15714285714285708,0.4574999999999981,0.11428571428571432,536
70,13,0.18571428571428572,70,26,0.37142857142857144,70,31,0.44285714285714284,0.0010492162160453948,0.014252458596574894,0.0013245906548026737,3.542208582967589,1.6366673973866122,7.666335668007052,True,0.2571428571428571,0.11392857142857143,0.41428571428571426,0.18571428571428572,537
70,17,0.24285714285714285,70,26,0.37142857142857144,70,35,0.5,0.001641521777688543,0.09917425793170925,0.0017531699234244959,3.2333219604509678,1.5503373538932224,6.7432877584232696,True,0.2571428571428571,0.09999999999999998,0.4,0.1285714285714286,538
70,19,0.2714285714285714,70,29,0.4142857142857143,70,37,0.5285714285714286,0.001900893250446667,0.07498913678750244,0.0019367820373344098,3.1777869302599395,1.5297958595985013,6.601096290573843,True,0.2571428571428572,0.09999999999999998,0.41428571428571437,0.1428571428571429,539
70,19,0.2714285714285714,70,27,0.38571428571428573,70,37,0.5285714285714286,0.001900893250446667,0.15000938577412762,0.0020171525811820377,3.08431140935832,1.5088886901203598,6.304624676548596,True,0.2571428571428572,0.09999999999999998,0.41428571428571426,0.11428571428571432,540
70,11,0.15714285714285714,70,38,0.5428571428571428,70,43,0.6142857142857143,2.7591258031702443e-08,1.7167233069263015e-06,1.5893447388580308e-07,8.964489794930754,3.9479608370533605,20.355338008721862,True,0.4571428571428572,0.3142857142857143,0.5857142857142857,0.3857142857142857,541
70,18,0.2571428571428571,70,32,0.45714285714285713,70,32,0.45714285714285713,0.013535198613802871,0.013535198613802871,0.01493130028054946,2.4392760280110735,1.189670362495702,5.001442188025404,True,0.2,0.04285714285714287,0.34321428571428375,0.2,542
70,25,0.35714285714285715,70,29,0.4142857142857143,70,36,0.5142857142857142,0.060806404392642614,0.48736303301298556,0.05928404824546147,1.9379672051582908,0.9744147294667658,3.8543309893563467,True,0.15714285714285708,-0.00035714285714283557,0.3142857142857143,0.05714285714285716,543
70,17,0.24285714285714285,70,33,0.4714285714285714,70,28,0.4,0.04652253842775168,0.004770513090089518,0.03821758640509152,2.217996814439328,1.0442095796541742,4.711228439881074,True,0.15714285714285717,0.0,0.30000000000000004,0.22857142857142856,544
70,14,0.2,70,20,0.2857142857142857,70,42,0.6,1.3621872098901454e-06,0.23698390556643464,2.574239642260764e-06,7.050843898760892,3.1237443555249924,15.91500264634762,True,0.39999999999999997,0.2571428571428571,0.5428571428571429,0.08571428571428569,545
70,26,0.37142857142857144,70,31,0.44285714285714284,70,41,0.5857142857142857,0.011155347847343709,0.38972453287404873,0.010281601067648066,2.4975191232471383,1.2413904797749895,5.024689549831058,True,0.2142857142857143,0.057142857142857106,0.37142857142857144,0.0714285714285714,546
70,16,0.22857142857142856,70,26,0.37142857142857144,70,36,0.5142857142857142,0.0004683196161939428,0.06514266746494533,0.0003488823439235912,4.030411847413403,1.8774358130143158,8.652343556656367,True,0.2857142857142857,0.14285714285714285,0.4285714285714286,0.14285714285714288,547
70,15,0.21428571428571427,70,33,0.4714285714285714,70,41,0.5857142857142857,7.276835270588304e-06,0.0013508340928088756,1.5977641606343023e-05,5.324646779645102,2.4910121934834017,11.381663808051474,True,0.37142857142857144,0.2142857142857143,0.5142857142857142,0.2571428571428571,548
70,21,0.3,70,33,0.4714285714285714,70,24,0.34285714285714286,0.5872009185316818,0.037203202068748664,0.5635907447499658,1.2345692234883618,0.6038541153279278,2.5240552790750614,True,0.04285714285714287,-0.11428571428571427,0.18607142857142667,0.17142857142857143,549
70,23,0.32857142857142857,70,34,0.4857142857142857,70,38,0.5428571428571428,0.010567559529059986,0.05845668419140268,0.010461713224617183,2.4782517789303387,1.2371003223565968,4.964619092550054,True,0.21428571428571425,0.057142857142857106,0.37142857142857144,0.15714285714285714,550
70,19,0.2714285714285714,70,23,0.32857142857142857,70,35,0.5,0.00546885312217271,0.4606900172109778,0.006043588535450668,2.730855260506986,1.3329756297864186,5.5946787677083005,True,0.2285714285714286,0.0714285714285714,0.3857142857142857,0.05714285714285716,551
70,20,0.2857142857142857,70,23,0.32857142857142857,70,29,0.4142857142857143,0.11077211141818988,0.5825777375211728,0.09986685209650678,1.8329595396007567,0.8906559117945025,3.77220947991484,True,0.12857142857142861,-0.028928571428571418,0.27142857142857146,0.04285714285714287,552
70,21,0.3,70,29,0.4142857142857143,70,39,0.5571428571428572,0.0021114910066706003,0.1582247513999311,0.00238806204004525,2.9499485031355306,1.467680946552897,5.929215195979871,True,0.2571428571428572,0.09999999999999998,0.4142857142857143,0.11428571428571432,553
70,19,0.2714285714285714,70,28,0.4,70,40,0.5714285714285714,0.00032525998181950157,0.10724394061929676,0.00042968313160082045,3.5928985900110115,1.763070185376315,7.321841402103793,True,0.3,0.12857142857142856,0.4428571428571429,0.12857142857142861,554
70,23,0.32857142857142857,70,23,0.32857142857142857,70,42,0.6,0.001282753726285954,1.0,0.0014182763991736132,3.2170905170817297,1.5695019936451609,6.594239087941601,True,0.2714285714285714,0.11428571428571432,0.4285714285714286,0.0,555
70,18,0.2571428571428571,70,33,0.4714285714285714,70,34,0.4857142857142857,0.005132450741041347,0.008429596538289138,0.005722034511251625,2.7366301766154857,1.3400026910277232,5.58890274900766,True,0.2285714285714286,0.07142857142857145,0.3857142857142857,0.2142857142857143,556
70,20,0.2857142857142857,70,22,0.3142857142857143,70,44,0.6285714285714286,4.666618359144962e-05,0.7122353915731037,5.897657120267296e-05,4.400903765437717,2.135680892854679,9.06874899590243,True,0.34285714285714286,0.18571428571428567,0.5,0.02857142857142858,557
70,26,0.37142857142857144,70,31,0.44285714285714284,70,42,0.6,0.006818149312489848,0.38972453287404873,0.009750767862556244,2.579770189374492,1.2573685875940228,5.292970013446946,True,0.22857142857142854,0.0714285714285714,0.3857142857142857,0.0714285714285714,558
70,20,0.2857142857142857,70,28,0.4,70,40,0.5714285714285714,0.0006362991412402051,0.15432359056084352,0.0006197935948083687,3.5283802582850443,1.7140474850742007,7.263198572656053,True,0.2857142857142857,0.12857142857142856,0.44285714285714284,0.11428571428571432,559
70,15,0.21428571428571427,70,31,0.44285714285714284,70,45,0.6428571428571429,2.999548233211263e-07,0.003989425859212526,8.536671253898787e-07,6.649790820855323,3.1275711845529828,14.138676740447057,True,0.4285714285714286,0.2857142857142857,0.5714285714285714,0.22857142857142856,560
70,20,0.2857142857142857,70,24,0.34285714285714286,70,41,0.5857142857142857,0.00034444247926746906,0.4664794871252478,0.00036015271584890053,3.9420651309999273,1.8554672679396893,8.375182772316405,True,0.30000000000000004,0.14285714285714285,0.4571428571428571,0.05714285714285716,561
70,20,0.2857142857142857,70,30,0.42857142857142855,70,33,0.4714285714285714,0.023499367457131843,0.07775989643932942,0.019444873218334748,2.336710649291,1.1467105120728138,4.76163478142359,True,0.18571428571428572,0.01428571428571429,0.34285714285714286,0.14285714285714285,562
70,11,0.15714285714285714,70,32,0.45714285714285713,70,35,0.5,1.5709681011044403e-05,0.00011939577104609674,2.4775938378568127e-05,5.910570033179468,2.588090961596941,13.498303821424864,True,0.34285714285714286,0.19999999999999998,0.48571428571428577,0.3,563
70,17,0.24285714285714285,70,26,0.37142857142857144,70,36,0.5142857142857142,0.0009306234156672285,0.09917425793170925,0.0008672037594723979,3.504236399445374,1.6753155273180793,7.329767165028149,True,0.27142857142857135,0.11428571428571432,0.42857142857142855,0.1285714285714286,564
70,17,0.24285714285714285,70,29,0.4142857142857143,70,33,0.4714285714285714,0.004770513090089518,0.03083097236590746,0.005931440746700686,2.7968652654777895,1.3443162612570307,5.81890998322195,True,0.22857142857142856,0.07142857142857145,0.37142857142857144,0.17142857142857146,565
70,19,0.2714285714285714,70,27,0.38571428571428573,70,35,0.5,0.00546885312217271,0.15000938577412762,0.005507692306562713,2.7739812203609517,1.3496632858777766,5.701401150517833,True,0.2285714285714286,0.07142857142857145,0.3717857142857124,0.11428571428571432,566
70,18,0.2571428571428571,70,28,0.4,70,33,0.4714285714285714,0.008429596538289138,0.0719597135260913,0.008741569607430296,2.60922754962023,1.2739903261771066,5.343893329336592,True,0.2142857142857143,0.05714285714285716,0.35714285714285715,0.1428571428571429,567
70,15,0.21428571428571427,70,25,0.35714285714285715,70,35,0.5,0.0004192369695409875,0.061368829139402316,0.00043723763314767425,3.9332489406073408,1.8334190197318627,8.43803138414661,True,0.2857142857142857,0.14285714285714285,0.4285714285714286,0.14285714285714288,568
70,19,0.2714285714285714,70,35,0.5,70,31,0.44285714285714284,0.034293721036493065,0.00546885312217271,0.03166160804321895,2.193789033404321,1.0714289902166572,4.491861212483966,True,0.17142857142857143,0.01428571428571429,0.32857142857142857,0.2285714285714286,569
70,19,0.2714285714285714,70,32,0.45714285714285713,70,33,0.4714285714285714,0.014334259452098139,0.022423752669128452,0.015556006709700792,2.39809972129925,1.1806091750169287,4.871114332321768,True,0.2,0.057142857142857106,0.3571428571428571,0.18571428571428572,570
70,22,0.3142857142857143,70,30,0.42857142857142855,70,34,0.4857142857142857,0.03843393023678176,0.1617228824120368,0.03763265994455469,2.100112883279392,1.0433406065636266,4.227262022363466,True,0.17142857142857143,0.0139285714285714,0.3285714285714285,0.11428571428571427,571
70,23,0.32857142857142857,70,24,0.34285714285714286,70,35,0.5,0.03950877632201647,0.8579634010854629,0.03505208962704612,2.1074483427818813,1.0536618735140537,4.215145891804786,True,0.17142857142857143,0.0,0.3285714285714286,0.01428571428571429,572
70,21,0.3,70,30,0.42857142857142855,70,36,0.5142857142857142,0.009869991042600109,0.11396581350907546,0.008188889153688232,2.5877575996229853,1.278937894994352,5.235976993578791,True,0.21428571428571425,0.057142857142857106,0.37142857142857144,0.12857142857142856,573
70,22,0.3142857142857143,70,33,0.4714285714285714,70,40,0.5714285714285714,0.0021940712716662716,0.05696789805266202,0.0028529159864420324,2.91923875303312,1.4440519786422308,5.901418386077161,True,0.2571428571428571,0.09999999999999998,0.4142857142857143,0.15714285714285714,574
70,17,0.24285714285714285,70,29,0.4142857142857143,70,42,0.6,1.8779116827853704e-05,0.03083097236590746,3.652364177471693e-05,4.668439201748012,2.2463858333171727,9.701950687711815,True,0.3571428571428571,0.21428571428571425,0.5,0.17142857142857146,575
70,21,0.3,70,31,0.44285714285714284,70,39,0.5571428571428572,0.0021114910066706003,0.08026930135546974,0.002384210619122468,3.002786242544595,1.4771192200798569,6.104263688294313,True,0.2571428571428572,0.08571428571428574,0.41428571428571426,0.14285714285714285,576
70,21,0.3,70,34,0.4857142857142857,70,33,0.4714285714285714,0.037203202068748664,0.02447064311494846,0.04905413083549945,2.0452652988161106,1.002969912283696,4.170723459706472,True,0.17142857142857143,0.01428571428571429,0.32857142857142857,0.18571428571428572,577
70,17,0.24285714285714285,70,21,0.3,70,27,0.38571428571428573,0.06867563863383211,0.44713058869972055,0.06027541067337924,2.0419752473460324,0.9696194236600868,4.3003087696349835,True,0.14285714285714288,-0.01428571428571429,0.2857142857142857,0.057142857142857134,578
70,22,0.3142857142857143,70,30,0.42857142857142855,70,39,0.5571428571428572,0.0037606148936679606,0.1617228824120368,0.0039760268107073655,2.8368030773953925,1.395293533618934,5.7675689781543795,True,0.24285714285714288,0.09999999999999992,0.4,0.11428571428571427,579
70,19,0.2714285714285714,70,28,0.4,70,35,0.5,0.00546885312217271,0.10724394061929676,0.004128220951548633,2.890404743222302,1.3994752170467575,5.969694552556593,True,0.2285714285714286,0.0714285714285714,0.3857142857142858,0.12857142857142861,580
70,20,0.2857142857142857,70,23,0.32857142857142857,70,34,0.4857142857142857,0.015066291379480895,0.5825777375211728,0.013770353182948182,2.465544257479162,1.2024535628845443,5.055420577744297,True,0.2,0.057142857142857106,0.35714285714285715,0.04285714285714287,581
70,22,0.3142857142857143,70,33,0.4714285714285714,70,33,0.4714285714285714,0.05696789805266202,0.05696789805266202,0.06460213600141555,1.942246197393695,0.9605785149453223,3.9271337351377205,True,0.15714285714285714,0.0,0.31428571428571433,0.15714285714285714,582
70,22,0.3142857142857143,70,33,0.4714285714285714,70,40,0.5714285714285714,0.0021940712716662716,0.05696789805266202,0.0021919106102055567,3.033300198613561,1.4912043754413038,6.1701201032126605,True,0.2571428571428571,0.10000000000000003,0.41428571428571426,0.15714285714285714,583
70,20,0.2857142857142857,70,27,0.38571428571428573,70,40,0.5714285714285714,0.0006362991412402051,0.21028909717077288,0.0006400390765405476,3.544840319085581,1.7142745096929246,7.330152094524039,True,0.2857142857142857,0.12857142857142856,0.44285714285714284,0.10000000000000003,584
70,15,0.21428571428571427,70,31,0.44285714285714284,70,35,0.5,0.0004192369695409875,0.003989425859212526,0.0005491193634637487,3.7841654867107506,1.7789014869141522,8.049860285210878,True,0.2857142857142857,0.1285714285714286,0.4289285714285695,0.22857142857142856,585
70,10,0.14285714285714285,70,24,0.34285714285714286,70,44,0.6285714285714286,3.562434974098143e-09,0.005792449653819411,3.679001142990575e-08,10.47494403447923,4.5392447294845795,24.172402913806096,True,0.4857142857142857,0.3428571428571428,0.6142857142857143,0.2,586
70,20,0.2857142857142857,70,38,0.5428571428571428,70,34,0.4857142857142857,0.015066291379480895,0.0020132384105285327,0.019459846742786915,2.3470270782563447,1.147424449347262,4.8007832752754815,True,0.2,0.04285714285714287,0.3574999999999981,0.2571428571428571,587
70,16,0.22857142857142856,70,27,0.38571428571428573,70,28,0.4,0.028913987342994316,0.04387472976308137,0.030599394593671704,2.2781913912762923,1.080072400716395,4.805377872671182,True,0.17142857142857146,0.01428571428571429,0.3285714285714285,0.15714285714285717,588
70,22,0.3142857142857143,70,31,0.44285714285714284,70,42,0.6,0.0006910527930601335,0.11682813219314594,0.0007788479324351911,3.330317055827125,1.6509217016914588,6.718072505176778,True,0.2857142857142857,0.12857142857142861,0.44285714285714284,0.12857142857142856,589
70,16,0.22857142857142856,70,33,0.4714285714285714,70,39,0.5571428571428572,6.88675312046598e-05,0.002593000344988534,0.00010242130293680207,4.2742227316257475,2.053879456839888,8.894864739362573,True,0.3285714285714286,0.17142857142857143,0.4714285714285715,0.24285714285714285,590
70,10,0.14285714285714285,70,33,0.4714285714285714,70,31,0.44285714285714284,9.615994017124732e-05,2.511329771816714e-05,0.00013827664164160606,5.078600430199997,2.2019528881146577,11.713321601404113,True,0.3,0.15714285714285714,0.44285714285714284,0.32857142857142857,591
70,17,0.24285714285714285,70,25,0.35714285714285715,70,32,0.45714285714285713,0.007863221348181232,0.1400990632504758,0.008887572581475812,2.6240436520810024,1.273827704573772,5.405444600791249,True,0.21428571428571427,0.05714285714285716,0.3714285714285714,0.1142857142857143,592
70,14,0.2,70,23,0.32857142857142857,70,40,0.5714285714285714,6.352361206009598e-06,0.0845289374343746,1.2873783905714013e-05,5.42146341735062,2.5367421618018846,11.586619258456016,True,0.3714285714285714,0.2142857142857143,0.5142857142857142,0.12857142857142856,593
70,19,0.2714285714285714,70,28,0.4,70,36,0.5142857142857142,0.003262464551061773,0.10724394061929676,0.004270154190911604,2.8393234122048727,1.387880888477412,5.808681066239732,True,0.24285714285714283,0.08571428571428569,0.39999999999999997,0.12857142857142861,594
70,15,0.21428571428571427,70,37,0.5285714285714286,70,33,0.4714285714285714,0.0013508340928088756,0.00011904890933436814,0.0012166059311499668,3.5150673497497555,1.641227709354397,7.528326753718461,True,0.2571428571428571,0.10000000000000003,0.4,0.3142857142857143,595
70,19,0.2714285714285714,70,35,0.5,70,38,0.5428571428571428,0.0010814029778651352,0.00546885312217271,0.0013109600148996175,3.249625051238829,1.583670768747587,6.668092372501241,True,0.2714285714285714,0.11428571428571427,0.42857142857142855,0.2285714285714286,596
70,21,0.3,70,42,0.6,70,29,0.4142857142857143,0.1582247513999311,0.0003603616646814442,0.15958654806181893,1.6608526259766243,0.8190129324246953,3.3679949803076825,True,0.11428571428571432,-0.04285714285714287,0.2571428571428572,0.3,597
70,16,0.22857142857142856,70,38,0.5428571428571428,70,27,0.38571428571428573,0.04387472976308137,0.00013356007507963456,0.04723223795987218,2.1285655424803624,1.0092745931060314,4.4891561717522865,True,0.15714285714285717,0.013928571428571426,0.30035714285714094,0.3142857142857143,598
70,19,0.2714285714285714,70,28,0.4,70,38,0.5428571428571428,0.0010814029778651352,0.10724394061929676,0.0012536599976755117,3.2073135600518476,1.5800483785863546,6.510471712072486,True,0.2714285714285714,0.11428571428571427,0.42857142857142855,0.12857142857142861,599
70,19,0.2714285714285714,70,37,0.5285714285714286,70,42,0.6,8.84583925550938e-05,0.001900893250446667,0.00012361563734918785,4.0799564388044445,1.9901166093176752,8.364356372187181,True,0.32857142857142857,0.17142857142857137,0.48571428571428565,0.2571428571428572,600
70,20,0.2857142857142857,70,33,0.4714285714285714,70,38,0.5428571428571428,0.0020132384105285327,0.023499367457131843,0.002200249192508641,3.0108098010734867,1.4868241577219743,6.096871382644871,True,0.2571428571428571,0.09999999999999998,0.4142857142857143,0.18571428571428572,601
70,21,0.3,70,33,0.4714285714285714,70,28,0.4,0.21484694740564553,0.037203202068748664,0.21801040466010757,1.572816589666145,0.765147548638555,3.233039208098683,True,0.10000000000000003,-0.05714285714285716,0.2571428571428571,0.17142857142857143,602
70,19,0.2714285714285714,70,24,0.34285714285714286,70,35,0.5,0.00546885312217271,0.3596464805938585,0.006508797174914979,2.6767738615707874,1.3170334075927512,5.440346664466813,True,0.2285714285714286,0.07142857142857145,0.37142857142857144,0.07142857142857145,603
70,18,0.2571428571428571,70,30,0.42857142857142855,70,26,0.37142857142857144,0.14527153234110213,0.03262753307176913,0.119208415940588,1.8186819593583643,0.8570471797709011,3.859302203385981,True,0.11428571428571432,-0.04285714285714287,0.2714285714285714,0.17142857142857143,604
70,18,0.2571428571428571,70,29,0.4142857142857143,70,39,0.5571428571428572,0.0003032690053812589,0.04899444859570722,0.0002606889844554581,3.9853738050478666,1.8974304981757821,8.370901796525386,True,0.30000000000000004,0.14285714285714285,0.4571428571428572,0.1571428571428572,605
70,14,0.2,70,26,0.37142857142857144,70,37,0.5285714285714286,5.3598943988276264e-05,0.02476849000931904,7.956255205452652e-05,4.661518456121781,2.1699422714851124,10.013978068592632,True,0.32857142857142857,0.18571428571428572,0.48571428571428565,0.17142857142857143,606
70,15,0.21428571428571427,70,36,0.5142857142857142,70,36,0.5142857142857142,0.0002259308412680957,0.0002259308412680957,0.00021085912483696838,4.224110224307984,1.9714015834359846,9.050975375602693,True,0.29999999999999993,0.15714285714285714,0.45714285714285713,0.29999999999999993,607
70,24,0.34285714285714286,70,28,0.4,70,39,0.5571428571428572,0.010826921277131309,0.48414574513606734,0.013039883461014874,2.4217907407324653,1.204697045520936,4.868502345634394,True,0.2142857142857143,0.057142857142857106,0.3857142857142857,0.05714285714285716,608
70,24,0.34285714285714286,70,31,0.44285714285714284,70,42,0.6,0.002307266915398769,0.2257595767739073,0.002552141246774877,2.9286167015085804,1.4571655699295802,5.885944577162555,True,0.2571428571428571,0.08571428571428569,0.41428571428571426,0.09999999999999998,609
70,10,0.14285714285714285,70,31,0.44285714285714284,70,32,0.45714285714285713,4.9619690157042254e-05,9.615994017124732e-05,9.284258153989656e-05,5.23837377149855,2.2832508706234282,12.018197440753172,True,0.3142857142857143,0.17142857142857143,0.4571428571428571,0.3,610
70,20,0.2857142857142857,70,33,0.4714285714285714,70,37,0.5285714285714286,0.0034512326321624654,0.023499367457131843,0.003850787788861829,2.916605149046209,1.4112943802324693,6.0275061777271794,True,0.24285714285714288,0.08571428571428569,0.4003571428571409,0.18571428571428572,611
70,19,0.2714285714285714,70,31,0.44285714285714284,70,39,0.5571428571428572,0.0006004439749850096,0.034293721036493065,0.0008720783663788466,3.367771455901038,1.6476027453680466,6.8838708912494635,True,0.28571428571428575,0.11428571428571427,0.44285714285714284,0.17142857142857143,612
70,14,0.2,70,29,0.4142857142857143,70,39,0.5571428571428572,1.3234801829520617e-05,0.005993865876021434,2.7049947217717637e-05,5.0657139373732365,2.3745300723979295,10.80696260434517,True,0.35714285714285715,0.21428571428571427,0.5,0.2142857142857143,613
70,19,0.2714285714285714,70,29,0.4142857142857143,70,39,0.5571428571428572,0.0006004439749850096,0.07498913678750244,0.0008454419970598295,3.425507542302461,1.6622729998814405,7.05907027498369,True,0.28571428571428575,0.12857142857142856,0.44285714285714284,0.1428571428571429,614
70,17,0.24285714285714285,70,34,0.4857142857142857,70,37,0.5285714285714286,0.0005155481818387301,0.002830147857605349,0.0006308605131543462,3.6189587755700017,1.7309202536414345,7.566415952278865,True,0.2857142857142857,0.12857142857142856,0.44285714285714284,0.24285714285714285,615
70,17,0.24285714285714285,70,20,0.2857142857142857,70,34,0.4857142857142857,0.002830147857605349,0.5652931294942425,0.0025927910254886816,3.096806038827737,1.4842212983338403,6.461440522977085,True,0.24285714285714285,0.08571428571428569,0.39999999999999997,0.042857142857142844,616
70,13,0.18571428571428572,70,35,0.5,70,36,0.5142857142857142,4.5929990659285284e-05,8.959541833745227e-05,6.450501145569405e-05,4.91618021827936,2.250977698333258,10.737035714079779,True,0.3285714285714285,0.17142857142857146,0.4714285714285715,0.3142857142857143,617
70,18,0.2571428571428571,70,29,0.4142857142857143,70,36,0.5142857142857142,0.0017762943509938849,0.04899444859570722,0.0020821485686875205,3.097274177449027,1.5078805700920956,6.361980862785861,True,0.2571428571428571,0.10000000000000003,0.41428571428571426,0.1571428571428572,618
70,17,0.24285714285714285,70,33,0.4714285714285714,70,30,0.42857142857142855,0.01998792215771021,0.004770513090089518,0.0283244277759824,2.265419699163368,1.0906995228404022,4.705353129698224,True,0.1857142857142857,0.02857142857142858,0.32857142857142857,0.22857142857142856,619
70,21,0.3,70,31,0.44285714285714284,70,28,0.4,0.21484694740564553,0.08026930135546974,0.23718943015388327,1.5301813149665404,0.7558181129215963,3.0979078387284145,True,0.10000000000000003,-0.05714285714285716,0.2571428571428571,0.14285714285714285,620
70,19,0.2714285714285714,70,24,0.34285714285714286,70,36,0.5142857142857142,0.003262464551061773,0.3596464805938585,0.0037682856335909684,2.8692127890865406,1.4062306674670155,5.8542188131100925,True,0.24285714285714283,0.08571428571428574,0.39999999999999997,0.07142857142857145,621
70,16,0.22857142857142856,70,29,0.4142857142857143,70,35,0.5,0.0008473169107830436,0.01864506117421733,0.0009945666889376757,3.440424518317561,1.6486714024066496,7.179429963400983,True,0.27142857142857146,0.11428571428571427,0.41464285714285526,0.18571428571428575,622
70,18,0.2571428571428571,70,28,0.4,70,32,0.45714285714285713,0.013535198613802871,0.0719597135260913,0.01572186345086434,2.4280641051479757,1.1820368031963497,4.987573384150147,True,0.2,0.04285714285714287,0.3571428571428571,0.1428571428571429,623
70,20,0.2857142857142857,70,37,0.5285714285714286,70,32,0.45714285714285713,0.03582123919892002,0.0034512326321624654,0.03613234599496779,2.1212611741275484,1.049819127247448,4.286213550575146,True,0.17142857142857143,0.01428571428571429,0.32857142857142857,0.24285714285714288,624
70,13,0.18571428571428572,70,27,0.38571428571428573,70,32,0.45714285714285713,0.0005852796494683736,0.008814654904213301,0.0007822029807006852,3.765709385522379,1.7371768112047135,8.162995893536747,True,0.2714285714285714,0.11428571428571432,0.4142857142857143,0.2,625
70,20,0.2857142857142857,70,30,0.42857142857142855,70,36,0.5142857142857142,0.005775498089305212,0.07775989643932942,0.006273988074432345,2.686023521377843,1.3224732325146802,5.45547704105606,True,0.22857142857142854,0.07142857142857145,0.37142857142857144,0.14285714285714285,626
70,15,0.21428571428571427,70,31,0.44285714285714284,70,40,0.5714285714285714,1.5165826393734674e-05,0.003989425859212526,2.4205814950345505e-05,5.302435704073244,2.4443373912398507,11.502431905101865,True,0.3571428571428571,0.21428571428571425,0.5,0.22857142857142856,627
70,21,0.3,70,35,0.5,70,31,0.44285714285714284,0.08026930135546974,0.0157252997545054,0.07878789311795402,1.9071767779786308,0.9284225891590367,3.9177453294793603,True,0.14285714285714285,-0.01428571428571429,0.29999999999999993,0.2,628
70,14,0.2,70,35,0.5,70,32,0.45714285714285713,0.0012000374428290186,0.0001984024045859719,0.0010380787482076625,3.62214334586412,1.678632022475295,7.815841853559546,True,0.2571428571428571,0.1142857142857143,0.4,0.3,629
70,20,0.2857142857142857,70,27,0.38571428571428573,70,35,0.5,0.009438207425496569,0.21028909717077288,0.009343448127340108,2.5922584984602275,1.263983100662613,5.316371808544414,True,0.2142857142857143,0.05714285714285716,0.3717857142857124,0.10000000000000003,630
70,15,0.21428571428571427,70,30,0.42857142857142855,70,35,0.5,0.0004192369695409875,0.00663791928820282,0.0005470992769464018,3.740150292263081,1.770297037139868,7.901907937052255,True,0.2857142857142857,0.1285714285714286,0.44285714285714284,0.21428571428571427,631
70,14,0.2,70,28,0.4,70,37,0.5285714285714286,5.3598943988276264e-05,0.009823274507519235,7.834950919892618e-05,4.622840927187595,2.1623940114194746,9.882869692213113,True,0.32857142857142857,0.17142857142857146,0.4857142857142857,0.2,632
70,18,0.2571428571428571,70,25,0.35714285714285715,70,37,0.5285714285714286,0.001009154011747773,0.19968325932049968,0.0012184399455980254,3.3862287865234952,1.6170908378912605,7.090848037722564,True,0.27142857142857146,0.11428571428571427,0.42857142857142855,0.10000000000000003,633
70,17,0.24285714285714285,70,37,0.5285714285714286,70,42,0.6,1.8779116827853704e-05,0.0005155481818387301,3.70868821727058e-05,4.707366612191564,2.2547892267778264,9.827659347673173,True,0.3571428571428571,0.2,0.5,0.2857142857142857,634
70,17,0.24285714285714285,70,24,0.34285714285714286,70,35,0.5,0.001641521777688543,0.1935915512625201,0.0021190857527671114,3.1156503068637833,1.5092599074187694,6.431812563856136,True,0.2571428571428571,0.09999999999999998,0.41428571428571426,0.1,635
70,19,0.2714285714285714,70,34,0.4857142857142857,70,34,0.4857142857142857,0.008956452403220638,0.008956452403220638,0.011290804399157273,2.4965498729926723,1.2301509701461824,5.066663701934951,True,0.2142857142857143,0.05714285714285716,0.3574999999999981,0.2142857142857143,636
70,20,0.2857142857142857,70,26,0.37142857142857144,70,39,0.5571428571428572,0.0011460034934104833,0.28030976562100696,0.0011319826211828733,3.2751799273303583,1.6033860482958684,6.690094109143891,True,0.27142857142857146,0.09999999999999998,0.4285714285714285,0.08571428571428574,637
70,13,0.18571428571428572,70,31,0.44285714285714284,70,34,0.4857142857142857,0.0001710630307811587,0.0010492162160453948,0.0002123607731277591,4.352389821629124,1.9986264548929942,9.478157918426541,True,0.3,0.15714285714285714,0.44285714285714284,0.2571428571428571,638
70,17,0.24285714285714285,70,27,0.38571428571428573,70,37,0.5285714285714286,0.0005155481818387301,0.06867563863383211,0.0006194406712453236,3.537678152577002,1.7160325841796078,7.293082209860144,True,0.2857142857142857,0.12857142857142856,0.4428571428571429,0.14285714285714288,639
70,27,0.38571428571428573,70,31,0.44285714285714284,70,40,0.5714285714285714,0.02784793912503066,0.492534821261273,0.027730346707350532,2.174027354984926,1.088793511467144,4.34094701193981,True,0.18571428571428567,0.01428571428571429,0.3428571428571429,0.057142857142857106,640
70,11,0.15714285714285714,70,23,0.32857142857142857,70,42,0.6,6.602286056176248e-08,0.018024311274736863,2.8434844709257843e-07,8.519952861122826,3.7601045041286403,19.30520725582249,True,0.44285714285714284,0.28571428571428575,0.5714285714285714,0.17142857142857143,641
70,20,0.2857142857142857,70,21,0.3,70,31,0.44285714285714284,0.05337626009840693,0.8526657462317447,0.0659721125271184,1.9588450939102684,0.9565939066898734,4.011183925699312,True,0.15714285714285714,0.0,0.3142857142857143,0.01428571428571429,642
70,18,0.2571428571428571,70,24,0.34285714285714286,70,30,0.42857142857142855,0.03262753307176913,0.2684813240895755,0.029172628531952047,2.26107376250541,1.0862498742427125,4.706517975944125,True,0.17142857142857143,0.01428571428571429,0.32857142857142857,0.08571428571428574,643
70,13,0.18571428571428572,70,29,0.4142857142857143,70,36,0.5142857142857142,4.5929990659285284e-05,0.003169064655117476,7.811112766464231e-05,4.727447368824536,2.1872165179884915,10.217899527185095,True,0.3285714285714285,0.17142857142857146,0.4714285714285714,0.2285714285714286,644
70,15,0.21428571428571427,70,17,0.24285714285714285,70,38,0.5428571428571428,6.131511775916256e-05,0.687287949348002,5.588783150161469e-05,4.944296276677506,2.2724387807355546,10.757634431698191,True,0.3285714285714285,0.17142857142857143,0.4714285714285715,0.02857142857142858,645
70,15,0.21428571428571427,70,24,0.34285714285714286,70,33,0.4714285714285714,0.0013508340928088756,0.08974712834927731,0.0013514477222330474,3.430731053127483,1.614217397779549,7.291406705864664,True,0.2571428571428571,0.10000000000000003,0.41428571428571426,0.1285714285714286,646
70,18,0.2571428571428571,70,28,0.4,70,36,0.5142857142857142,0.0017762943509938849,0.0719597135260913,0.001678264440576203,3.2062620851475203,1.5500809055223717,6.631987093080255,True,0.2571428571428571,0.10000000000000003,0.4142857142857143,0.1428571428571429,647
70,16,0.22857142857142856,70,25,0.35714285714285715,70,37,0.5285714285714286,0.0002530071251459537,0.0946300831520893,0.00034590449677607434,3.792716507245726,1.8274007974568893,7.871671351108498,True,0.30000000000000004,0.15678571428571425,0.4428571428571429,0.1285714285714286,648
70,21,0.3,70,23,0.32857142857142857,70,32,0.45714285714285713,0.05527325082754323,0.7157762127369696,0.052746495025562126,1.9950939773315854,0.9918416158973035,4.013140721851804,True,0.15714285714285714,0.0,0.3142857142857143,0.02857142857142858,649
70,18,0.2571428571428571,70,33,0.4714285714285714,70,36,0.5142857142857142,0.0017762943509938849,0.008429596538289138,0.0025987854217537623,3.0705252985233273,1.4795574307331412,6.372260659189149,True,0.2571428571428571,0.10000000000000003,0.4142857142857143,0.2142857142857143,650
70,13,0.18571428571428572,70,35,0.5,70,34,0.4857142857142857,0.0001710630307811587,8.959541833745227e-05,0.0002209263720824066,4.366468603945433,1.9974295481853461,9.545291891051965,True,0.3,0.1428571428571429,0.4428571428571429,0.3142857142857143,651
70,12,0.17142857142857143,70,27,0.38571428571428573,70,37,0.5285714285714286,9.431529400910738e-06,0.00468561186739018,2.0698884782080854e-05,5.559982710186326,2.5237816721375745,12.248843899158702,True,0.35714285714285715,0.21428571428571427,0.5,0.2142857142857143,652
70,20,0.2857142857142857,70,28,0.4,70,36,0.5142857142857142,0.005775498089305212,0.15432359056084352,0.00613337746084928,2.7673612010697832,1.3363323665880973,5.730825810003701,True,0.22857142857142854,0.07142857142857145,0.38571428571428573,0.11428571428571432,653
70,19,0.2714285714285714,70,28,0.4,70,43,0.6142857142857143,4.436323108241567e-05,0.10724394061929676,5.2116904020369164e-05,4.503189637307984,2.1723809844984268,9.334788443768343,True,0.3428571428571429,0.18571428571428572,0.4857142857142857,0.12857142857142861,654
70,21,0.3,70,26,0.37142857142857144,70,37,0.5285714285714286,0.006048674346503783,0.37087457439362603,0.004644263770319363,2.775843581573465,1.3689670505790543,5.6285559145513115,True,0.2285714285714286,0.0714285714285714,0.39999999999999997,0.07142857142857145,655
70,14,0.2,70,29,0.4142857142857143,70,38,0.5428571428571428,2.6939966535010783e-05,0.005993865876021434,5.266597119667842e-05,4.827631894295481,2.2506723304043885,10.355141169141872,True,0.3428571428571428,0.18571428571428575,0.49999999999999994,0.2142857142857143,656
70,20,0.2857142857142857,70,24,0.34285714285714286,70,35,0.5,0.009438207425496569,0.4664794871252478,0.010323633871879212,2.6005309636189016,1.2527957811343335,5.398135430035825,True,0.2142857142857143,0.057142857142857106,0.3857142857142857,0.05714285714285716,657
70,23,0.32857142857142857,70,29,0.4142857142857143,70,35,0.5,0.03950877632201647,0.2939593745488356,0.04073136520787786,2.046791357041413,1.030665944936435,4.064706784813582,True,0.17142857142857143,0.01428571428571429,0.3285714285714286,0.08571428571428574,658
70,20,0.2857142857142857,70,31,0.44285714285714284,70,40,0.5714285714285714,0.0006362991412402051,0.05337626009840693,0.0008084878208095139,3.3380719961021192,1.648942888727838,6.757495803725388,True,0.2857142857142857,0.12857142857142856,0.4285714285714286,0.15714285714285714,659
70,20,0.2857142857142857,70,23,0.32857142857142857,70,30,0.42857142857142855,0.07775989643932942,0.5825777375211728,0.07017007472591832,1.9335199080773517,0.947139742839557,3.9471464091701023,True,0.14285714285714285,-0.01428571428571429,0.30000000000000004,0.04285714285714287,660
70,15,0.21428571428571427,70,32,0.45714285714285713,70,34,0.4857142857142857,0.0007608523599050972,0.0023466578926719427,0.0010847573109594043,3.4409529578587623,1.6397070025777265,7.220898148012703,True,0.27142857142857146,0.11428571428571432,0.4142857142857143,0.24285714285714285,661
70,23,0.32857142857142857,70,25,0.35714285714285715,70,35,0.5,0.03950877632201647,0.7217610673583166,0.041128274995053164,2.064739648205467,1.0296371664208124,4.140438937039386,True,0.17142857142857143,0.014285714285714235,0.3285714285714286,0.02857142857142858,662
70,13,0.18571428571428572,70,38,0.5428571428571428,70,38,0.5428571428571428,1.1303798845284584e-05,1.1303798845284584e-05,2.892499074459508e-05,5.245236587286145,2.412217922416112,11.40548148694969,True,0.3571428571428571,0.2,0.5,0.3571428571428571,663
70,18,0.2571428571428571,70,28,0.4,70,34,0.4857142857142857,0.005132450741041347,0.0719597135260913,0.004959446229119109,2.8147556289843303,1.3674743919586891,5.793782536249731,True,0.2285714285714286,0.07142857142857145,0.37142857142857144,0.1428571428571429,664
70,16,0.22857142857142856,70,33,0.4714285714285714,70,41,0.5857142857142857,1.7034768728499052e-05,0.002593000344988534,2.754202708227637e-05,4.9773028818598615,2.3506327024917155,10.539096112935914,True,0.3571428571428572,0.2142857142857143,0.5,0.24285714285714285,665
70,18,0.2571428571428571,70,32,0.45714285714285713,70,40,0.5714285714285714,0.0001602934426522616,0.013535198613802871,0.0002132140308188495,3.889688551340138,1.8952362239202196,7.9830032982017505,True,0.3142857142857143,0.15714285714285714,0.4714285714285714,0.2,666
70,16,0.22857142857142856,70,34,0.4857142857142857,70,30,0.42857142857142855,0.011764786559866998,0.001498873337151674,0.010119484825856099,2.6650537055738193,1.2626008743981114,5.625302023474798,True,0.19999999999999998,0.05714285714285716,0.3571428571428571,0.2571428571428571,667
70,13,0.18571428571428572,70,25,0.35714285714285715,70,36,0.5142857142857142,4.5929990659285284e-05,0.022570802466266866,7.718988830466352e-05,4.934574192056269,2.2362556862703524,10.888747027634832,True,0.3285714285714285,0.18571428571428572,0.48571428571428565,0.17142857142857143,668
70,15,0.21428571428571427,70,25,0.35714285714285715,70,34,0.4857142857142857,0.0007608523599050972,0.061368829139402316,0.0008894279961937353,3.5312818510693638,1.6779784311916857,7.43153265851923,True,0.27142857142857146,0.11428571428571432,0.4285714285714285,0.14285714285714288,669
70,14,0.2,70,24,0.34285714285714286,70,42,0.6,1.3621872098901454e-06,0.0573650910744893,2.9848493744091444e-06,6.23663826952992,2.8936671246122785,13.441648686587186,True,0.39999999999999997,0.2571428571428571,0.5428571428571429,0.14285714285714285,670
70,21,0.3,70,34,0.4857142857142857,70,38,0.5428571428571428,0.003618052251272993,0.02447064311494846,0.0040536438353784825,2.781706893495782,1.384530547666117,5.5888208854370225,True,0.24285714285714283,0.08571428571428569,0.4,0.18571428571428572,671
70,12,0.17142857142857143,70,24,0.34285714285714286,70,37,0.5285714285714286,9.431529400910738e-06,0.020315065868384944,1.3005417083348837e-05,6.144714203673025,2.716722449581411,13.898185532584913,True,0.35714285714285715,0.20000000000000004,0.5,0.17142857142857143,672
70,18,0.2571428571428571,70,31,0.44285714285714284,70,36,0.5142857142857142,0.0017762943509938849,0.02125060274444335,0.0018987985771670077,3.2238519140034336,1.5400630541760765,6.748568596098103,True,0.2571428571428571,0.10000000000000003,0.4142857142857143,0.18571428571428572,673
70,24,0.34285714285714286,70,32,0.45714285714285713,70,38,0.5428571428571428,0.017217063758586098,0.16754627748861323,0.016778756959978675,2.311667525025189,1.1632453270941152,4.59387768150796,True,0.19999999999999996,0.042857142857142816,0.3571428571428572,0.11428571428571427,674
70,17,0.24285714285714285,70,32,0.45714285714285713,70,36,0.5142857142857142,0.0009306234156672285,0.007863221348181232,0.0009837711524217528,3.4156666909349314,1.6449801368526988,7.092352474166742,True,0.27142857142857135,0.11428571428571427,0.42857142857142855,0.21428571428571427,675
70,18,0.2571428571428571,70,27,0.38571428571428573,70,35,0.5,0.003054425358239884,0.10337863067113565,0.004063011158289965,2.8726940831316066,1.3985197560225602,5.900789931441068,True,0.24285714285714288,0.08571428571428569,0.3857142857142858,0.12857142857142861,676
70,21,0.3,70,29,0.4142857142857143,70,35,0.5,0.0157252997545054,0.1582247513999311,0.00723241792970807,2.777517716333949,1.3180016521343543,5.853258720924991,True,0.2,0.04285714285714287,0.35714285714285715,0.11428571428571432,677
70,17,0.24285714285714285,70,33,0.4714285714285714,70,35,0.5,0.001641521777688543,0.004770513090089518,0.0019078015848915464,3.1609083819615984,1.5284012761244126,6.537119508621629,True,0.2571428571428571,0.10000000000000003,0.41428571428571426,0.22857142857142856,678
70,23,0.32857142857142857,70,22,0.3142857142857143,70,36,0.5142857142857142,0.02607819806845579,0.8563945998833334,0.029007693195764905,2.17588843051084,1.082802365867634,4.372441925943935,True,0.18571428571428567,0.01428571428571429,0.34285714285714286,-0.01428571428571429,679
70,17,0.24285714285714285,70,28,0.4,70,43,0.6142857142857143,8.981463634177948e-06,0.04652253842775168,1.4630242493840977e-05,5.086882508105016,2.4377360406030095,10.61492024578013,True,0.37142857142857144,0.22857142857142856,0.5142857142857142,0.15714285714285717,680
70,10,0.14285714285714285,70,26,0.37142857142857144,70,31,0.44285714285714284,9.615994017124732e-05,0.0019749754072095733,0.00016629100093201897,4.907503718857927,2.1441394799180333,11.232288279830122,True,0.3,0.15714285714285717,0.4285714285714286,0.2285714285714286,681
70,16,0.22857142857142856,70,23,0.32857142857142857,70,37,0.5285714285714286,0.0002530071251459537,0.18694144127028958,0.0003360559472256031,3.9060248038163996,1.8548023649480911,8.225690271025682,True,0.30000000000000004,0.15714285714285714,0.45714285714285713,0.1,682
70,11,0.15714285714285714,70,32,0.45714285714285713,70,34,0.4857142857142857,3.1518485501976436e-05,0.00011939577104609674,4.2397735289486396e-05,5.7316067241985875,2.4846173888613574,13.22188107841162,True,0.32857142857142857,0.18571428571428572,0.4714285714285714,0.3,683
70,14,0.2,70,32,0.45714285714285713,70,36,0.5142857142857142,0.0001042696991757032,0.0012000374428290186,0.00015758187899411012,4.2584199251733805,2.0085119937636353,9.028644247791187,True,0.3142857142857142,0.17142857142857143,0.4571428571428572,0.2571428571428571,684
70,22,0.3142857142857143,70,21,0.3,70,33,0.4714285714285714,0.05696789805266202,0.8546349865934907,0.05491078689227451,1.9750218015305807,0.9857845575159554,3.9569610690092043,True,0.15714285714285714,0.0,0.3142857142857143,-0.01428571428571429,685
70,18,0.2571428571428571,70,30,0.42857142857142855,70,40,0.5714285714285714,0.0001602934426522616,0.03262753307176913,0.0001980673358372733,4.152214257255028,1.9617967479842238,8.7883126811517,True,0.3142857142857143,0.15714285714285714,0.47142857142857136,0.17142857142857143,686
70,12,0.17142857142857143,70,26,0.37142857142857144,70,44,0.6285714285714286,3.3798931047662383e-08,0.007797235757587646,1.4531046302786485e-07,8.803423206458762,3.9133781116120567,19.803928458140124,True,0.45714285714285713,0.3142857142857143,0.6,0.2,687
70,18,0.2571428571428571,70,30,0.42857142857142855,70,31,0.44285714285714284,0.02125060274444335,0.03262753307176913,0.020344918342380672,2.3951569074213954,1.1451377680753647,5.009682477602877,True,0.18571428571428572,0.04285714285714287,0.34285714285714286,0.17142857142857143,688
70,15,0.21428571428571427,70,31,0.44285714285714284,70,38,0.5428571428571428,6.131511775916256e-05,0.003989425859212526,8.991665064940768e-05,4.413543896061015,2.099401202238665,9.278536042413382,True,0.3285714285714285,0.17142857142857143,0.4857142857142857,0.22857142857142856,689
70,26,0.37142857142857144,70,21,0.3,70,36,0.5142857142857142,0.08885728375169655,0.37087457439362603,0.08124893523489406,1.830660548054074,0.9276698072264585,3.612619507604104,True,0.1428571428571428,-0.01464285714285718,0.30000000000000004,-0.07142857142857145,690
70,15,0.21428571428571427,70,28,0.4,70,38,0.5428571428571428,6.131511775916256e-05,0.01723287401247834,8.78150570187593e-05,4.493085616494297,2.120533615051694,9.520159555054166,True,0.3285714285714285,0.17142857142857143,0.4714285714285715,0.18571428571428575,691
70,21,0.3,70,31,0.44285714285714284,70,32,0.45714285714285713,0.05527325082754323,0.08026930135546974,0.052031011821777204,2.00389432719515,0.9939055590747624,4.040215328207906,True,0.15714285714285714,0.0,0.3142857142857143,0.14285714285714285,692
70,25,0.35714285714285715,70,26,0.37142857142857144,70,39,0.5571428571428572,0.017540720915841027,0.8605893264119626,0.017795738424361697,2.2805142082957697,1.1532507098744686,4.5096395863523755,True,0.2,0.042857142857142816,0.3714285714285714,0.01428571428571429,693
70,14,0.2,70,33,0.4714285714285714,70,34,0.4857142857142857,0.0003693584683354245,0.0006729272278499696,0.00048825530738513925,3.8746527884627175,1.8097210412306566,8.295717344885782,True,0.2857142857142857,0.14250000000000002,0.4285714285714286,0.2714285714285714,694
70,23,0.32857142857142857,70,17,0.24285714285714285,70,31,0.44285714285714284,0.16482725172001045,0.2616510905882334,0.1511660475357515,1.6674730018564974,0.8295724642606608,3.351685755865042,True,0.11428571428571427,-0.057142857142857106,0.27142857142857146,-0.08571428571428572,695
70,18,0.2571428571428571,70,31,0.44285714285714284,70,37,0.5285714285714286,0.001009154011747773,0.02125060274444335,0.0012989386112500529,3.2779712381140302,1.5899917603816656,6.757956679802889,True,0.27142857142857146,0.11428571428571427,0.42857142857142855,0.18571428571428572,696
70,19,0.2714285714285714,70,28,0.4,70,35,0.5,0.00546885312217271,0.10724394061929676,0.005797051617415877,2.720281761665501,1.3362075018848762,5.538011762702643,True,0.2285714285714286,0.07142857142857145,0.38571428571428573,0.12857142857142861,697
70,22,0.3142857142857143,70,32,0.45714285714285713,70,36,0.5142857142857142,0.016306170074973737,0.08251564521429551,0.013886164899281806,2.463970785250497,1.2012437854248317,5.0540548922971755,True,0.19999999999999996,0.042857142857142816,0.3571428571428571,0.14285714285714285,698
70,18,0.2571428571428571,70,30,0.42857142857142855,70,37,0.5285714285714286,0.001009154011747773,0.03262753307176913,0.0012686094976151656,3.2728836302596753,1.591442266395197,6.730855076185175,True,0.27142857142857146,0.11428571428571427,0.4285714285714286,0.17142857142857143,699
70,15,0.21428571428571427,70,35,0.5,70,37,0.5285714285714286,0.00011904890933436814,0.0004192369695409875,0.00014779581202697316,4.259807351970481,2.0151787973905884,9.004639538386652,True,0.3142857142857143,0.15714285714285714,0.47142857142857136,0.2857142857142857,700
70,19,0.2714285714285714,70,28,0.4,70,35,0.5,0.00546885312217271,0.10724394061929676,0.00694349449643599,2.652749047606567,1.306404387495826,5.386599721290382,True,0.2285714285714286,0.0714285714285714,0.3857142857142857,0.12857142857142861,701
70,16,0.22857142857142856,70,34,0.4857142857142857,70,38,0.5428571428571428,0.00013356007507963456,0.001498873337151674,0.0001890529038607403,4.21131951814296,1.9796757449424047,8.958644934253025,True,0.3142857142857143,0.15714285714285714,0.4571428571428572,0.2571428571428571,702
70,16,0.22857142857142856,70,34,0.4857142857142857,70,41,0.5857142857142857,1.7034768728499052e-05,0.001498873337151674,3.181189497733775e-05,4.912885565169922,2.320726400437711,10.400383505743124,True,0.3571428571428572,0.2,0.500357142857141,0.2571428571428571,703
70,17,0.24285714285714285,70,30,0.42857142857142855,70,26,0.37142857142857144,0.09917425793170925,0.01998792215771021,0.11387021776284968,1.8103198431884402,0.8674076417143929,3.7782211927075746,True,0.1285714285714286,-0.01428571428571429,0.27142857142857146,0.1857142857142857,704
70,13,0.18571428571428572,70,23,0.32857142857142857,70,36,0.5142857142857142,4.5929990659285284e-05,0.05314618931277163,7.693911116294777e-05,4.72681028276299,2.188610525894926,10.208639310138548,True,0.3285714285714285,0.18571428571428572,0.4714285714285715,0.14285714285714285,705
70,24,0.34285714285714286,70,31,0.44285714285714284,70,39,0.5571428571428572,0.010826921277131309,0.2257595767739073,0.008139825227271762,2.5963728068852716,1.2807341254707738,5.26350599883905,True,0.2142857142857143,0.057142857142857106,0.3714285714285714,0.09999999999999998,706
70,25,0.35714285714285715,70,26,0.37142857142857144,70,45,0.6428571428571429,0.0007232327164301936,0.8605893264119626,0.0007884122296105767,3.365418199405872,1.6569714984855457,6.835385923803844,True,0.28571428571428575,0.1285714285714285,0.4428571428571429,0.01428571428571429,707
70,15,0.21428571428571427,70,28,0.4,70,38,0.5428571428571428,6.131511775916256e-05,0.01723287401247834,7.509204771217978e-05,4.710976060914771,2.1873738236222198,10.14609172279509,True,0.3285714285714285,0.1857142857142857,0.4857142857142857,0.18571428571428575,708
70,23,0.32857142857142857,70,37,0.5285714285714286,70,46,0.6571428571428571,0.00010102936572857939,0.016804604239087022,0.0001609296355694439,3.8847338349273732,1.9197790168177542,7.860882339075043,True,0.32857142857142857,0.17142857142857137,0.4714285714285715,0.2,709
70,19,0.2714285714285714,70,28,0.4,70,31,0.44285714285714284,0.034293721036493065,0.10724394061929676,0.03920657728046473,2.1193516580671354,1.03787167998467,4.327752204028019,True,0.17142857142857143,0.01428571428571429,0.32857142857142857,0.12857142857142861,710
70,17,0.24285714285714285,70,30,0.42857142857142855,70,39,0.5571428571428572,0.00014742902884410514,0.01998792215771021,0.00017347863032260725,4.071147446019335,1.9563725668515997,8.471924932939928,True,0.3142857142857143,0.15714285714285714,0.4714285714285714,0.1857142857142857,711
70,14,0.2,70,31,0.44285714285714284,70,40,0.5714285714285714,6.352361206009598e-06,0.0020950622866740317,1.147019077666818e-05,5.530260671893275,2.5759878204475317,11.872642741678831,True,0.3714285714285714,0.22857142857142856,0.5142857142857142,0.24285714285714283,712
70,9,0.12857142857142856,70,29,0.4142857142857143,70,37,0.5285714285714286,4.6982198048496225e-07,0.00014409161764162705,2.0693213190473523e-06,7.899826656000223,3.3648719788798465,18.546697047186562,True,0.4,0.2571428571428571,0.5285714285714286,0.28571428571428575,713
70,19,0.2714285714285714,70,33,0.4714285714285714,70,32,0.45714285714285713,0.022423752669128452,0.014334259452098139,0.020832093319035017,2.387464919768428,1.1413260863425505,4.994180726553644,True,0.18571428571428572,0.02857142857142858,0.3285714285714286,0.2,714
70,16,0.22857142857142856,70,24,0.34285714285714286,70,32,0.45714285714285713,0.004387766594349367,0.1344809801438156,0.004876027816277583,2.8602667983730843,1.3760772648041562,5.945252034259685,True,0.22857142857142856,0.07142857142857145,0.37142857142857144,0.1142857142857143,715
70,30,0.42857142857142855,70,24,0.34285714285714286,70,41,0.5857142857142857,0.06295217590456913,0.29752131194948994,0.05760788717129946,1.9540143062727355,0.9786064831536874,3.90164174757351,True,0.1571428571428572,-0.01428571428571429,0.32857142857142857,-0.08571428571428569,716
70,10,0.14285714285714285,70,34,0.4857142857142857,70,35,0.5,6.064178087014752e-06,1.2463716772329804e-05,9.452153275938068e-06,7.366133906987384,3.0443169779258086,17.823350567337524,True,0.35714285714285715,0.2142857142857143,0.5,0.34285714285714286,717
70,15,0.21428571428571427,70,36,0.5142857142857142,70,40,0.5714285714285714,1.5165826393734674e-05,0.0002259308412680957,2.1446776301515252e-05,5.188979257895041,2.428020902652635,11.089486795376686,True,0.3571428571428571,0.2,0.5142857142857142,0.29999999999999993,718
70,30,0.42857142857142855,70,30,0.42857142857142855,70,39,0.5571428571428572,0.12815123425904357,1.0,0.13098673883473308,1.6934888617360977,0.8548087853629822,3.3550246253101035,True,0.12857142857142861,-0.02857142857142858,0.29999999999999993,0.0,719
70,17,0.24285714285714285,70,28,0.4,70,39,0.5571428571428572,0.00014742902884410514,0.04652253842775168,0.00017016108310403868,4.1195831960786995,1.9693344236346297,8.617614918898413,True,0.3142857142857143,0.15714285714285714,0.4714285714285714,0.15714285714285717,720
70,22,0.3142857142857143,70,27,0.38571428571428573,70,40,0.5714285714285714,0.0021940712716662716,0.37563779431400734,0.002086601890019499,3.0413551330195276,1.4977136664908355,6.175974254689643,True,0.2571428571428571,0.08571428571428569,0.41428571428571426,0.07142857142857145,721
70,17,0.24285714285714285,70,24,0.34285714285714286,70,34,0.4857142857142857,0.002830147857605349,0.1935915512625201,0.0030194400824124943,2.9883338483734114,1.4495535703408047,6.160613427508359,True,0.24285714285714285,0.08571428571428574,0.39999999999999997,0.1,722
70,20,0.2857142857142857,70,29,0.4142857142857143,70,31,0.44285714285714284,0.05337626009840693,0.11077211141818988,0.050622870625954663,2.03589043572952,0.9980737959734733,4.152849100954753,True,0.15714285714285714,-0.014285714285714237,0.3142857142857143,0.12857142857142861,723
70,13,0.18571428571428572,70,27,0.38571428571428573,70,39,0.5571428571428572,5.422849181765876e-06,0.008814654904213301,1.125479170238613e-05,5.669506689013204,2.61357543870587,12.29859510490405,True,0.37142857142857144,0.22857142857142856,0.5285714285714286,0.2,724
70,17,0.24285714285714285,70,25,0.35714285714285715,70,44,0.6285714285714286,4.183956163766298e-06,0.1400990632504758,6.54593835285193e-06,5.577276127868539,2.6417552864580878,11.774750358575954,True,0.3857142857142857,0.22857142857142854,0.5285714285714286,0.1142857142857143,725
70,26,0.37142857142857144,70,26,0.37142857142857144,70,33,0.4714285714285714,0.2308775793955946,1.0,0.22571171611868124,1.5368807977481653,0.7668116030464283,3.0802906178038425,True,0.09999999999999998,-0.04285714285714287,0.2714285714285714,0.0,726
70,23,0.32857142857142857,70,31,0.44285714285714284,70,39,0.5571428571428572,0.006482327063211556,0.16482725172001045,0.007284861245264019,2.5781305627081554,1.2909263307230567,5.148827659783635,True,0.2285714285714286,0.0714285714285714,0.3857142857142857,0.11428571428571427,727
70,12,0.17142857142857143,70,24,0.34285714285714286,70,29,0.4142857142857143,0.0015928681072887652,0.020315065868384944,0.0017593656903763868,3.5762089868219284,1.609411524231373,7.946550975229195,True,0.24285714285714288,0.08571428571428574,0.3857142857142857,0.17142857142857143,728
70,21,0.3,70,27,0.38571428571428573,70,33,0.4714285714285714,0.037203202068748664,0.2853768809059213,0.031163337658874097,2.188148080913576,1.0734344486013248,4.460441930333495,True,0.17142857142857143,0.01428571428571429,0.3285714285714286,0.08571428571428574,729
70,24,0.34285714285714286,70,26,0.37142857142857144,70,36,0.5142857142857142,0.040423979336908625,0.7242632442784086,0.03777986990160683,2.0730936390888823,1.0420170802192859,4.12442110404405,True,0.17142857142857137,0.0,0.32857142857142857,0.02857142857142858,730
70,19,0.2714285714285714,70,32,0.45714285714285713,70,35,0.5,0.00546885312217271,0.022423752669128452,0.005481943948644904,2.7534669460293864,1.347250597225083,5.627446177045378,True,0.2285714285714286,0.0714285714285714,0.38571428571428573,0.18571428571428572,731
70,22,0.3142857142857143,70,36,0.5142857142857142,70,36,0.5142857142857142,0.016306170074973737,0.016306170074973737,0.017708009341305713,2.3093632425228305,1.1563772128001037,4.611954063848779,True,0.19999999999999996,0.04285714285714287,0.35714285714285715,0.19999999999999996,732
70,17,0.24285714285714285,70,33,0.4714285714285714,70,32,0.45714285714285713,0.007863221348181232,0.004770513090089518,0.008817985781688544,2.628571867422336,1.2753241743948514,5.417751973126905,True,0.21428571428571427,0.0714285714285714,0.37142857142857144,0.22857142857142856,733
70,20,0.2857142857142857,70,34,0.4857142857142857,70,37,0.5285714285714286,0.0034512326321624654,0.015066291379480895,0.005458043978101846,2.7649347003403637,1.3493941652649797,5.665404589655269,True,0.24285714285714288,0.08571428571428574,0.39999999999999997,0.2,734
70,19,0.2714285714285714,70,28,0.4,70,34,0.4857142857142857,0.008956452403220638,0.10724394061929676,0.008450575292040276,2.606468213051599,1.2776451307720538,5.317342337103512,True,0.2142857142857143,0.04285714285714287,0.37142857142857144,0.12857142857142861,735
70,19,0.2714285714285714,70,32,0.45714285714285713,70,32,0.45714285714285713,0.022423752669128452,0.022423752669128452,0.02314790828777833,2.2715543164999277,1.1189222542519774,4.611543825499291,True,0.18571428571428572,0.02857142857142858,0.34285714285714286,0.18571428571428572,736
70,23,0.32857142857142857,70,28,0.4,70,37,0.5285714285714286,0.016804604239087022,0.3798785323042442,0.014355229057708674,2.4073896251142695,1.1915070606600167,4.864028924761456,True,0.2,0.02857142857142858,0.3571428571428572,0.07142857142857145,737
70,22,0.3142857142857143,70,32,0.45714285714285713,70,42,0.6,0.0006910527930601335,0.08251564521429551,0.0007388469849313387,3.3574515034064096,1.6615629245190375,6.784263437383172,True,0.2857142857142857,0.12857142857142856,0.4428571428571429,0.14285714285714285,738
70,20,0.2857142857142857,70,25,0.35714285714285715,70,42,0.6,0.00018168825260959386,0.36555659141522145,0.00023660714755298896,3.774580039492702,1.859186192970324,7.663274678139857,True,0.3142857142857143,0.15714285714285714,0.4714285714285714,0.07142857142857145,739
70,18,0.2571428571428571,70,33,0.4714285714285714,70,37,0.5285714285714286,0.001009154011747773,0.008429596538289138,0.0015472907464111891,3.247559035350457,1.5661586706065331,6.734081217966215,True,0.27142857142857146,0.11428571428571427,0.4285714285714286,0.2142857142857143,740
70,16,0.22857142857142856,70,34,0.4857142857142857,70,40,0.5714285714285714,3.4671076872696563e-05,0.001498873337151674,5.06561113675923e-05,4.640322179478834,2.208935117145709,9.747950386694326,True,0.34285714285714286,0.2,0.49999999999999994,0.2571428571428571,741
70,17,0.24285714285714285,70,28,0.4,70,38,0.5428571428571428,0.00027899221057136475,0.04652253842775168,0.000369123522239198,3.7464655029793024,1.8110159615023433,7.7503479060285425,True,0.29999999999999993,0.15714285714285708,0.4571428571428571,0.15714285714285717,742
70,19,0.2714285714285714,70,32,0.45714285714285713,70,48,0.6857142857142857,9.276200712634064e-07,0.022423752669128452,2.551200096992455e-06,5.780218371627765,2.782742016410566,12.006475708732633,True,0.4142857142857143,0.2571428571428572,0.5571428571428572,0.18571428571428572,743
70,23,0.32857142857142857,70,33,0.4714285714285714,70,34,0.4857142857142857,0.05845668419140268,0.08449793972392969,0.069235167650703,1.9018851478548484,0.9506351450125757,3.8050004090507383,True,0.15714285714285714,0.0,0.3142857142857143,0.14285714285714285,744
70,17,0.24285714285714285,70,28,0.4,70,30,0.42857142857142855,0.01998792215771021,0.04652253842775168,0.022137394853582574,2.347264685591158,1.1301306867903242,4.875233960659257,True,0.1857142857142857,0.04250000000000001,0.32857142857142857,0.15714285714285717,745
70,17,0.24285714285714285,70,29,0.4142857142857143,70,31,0.44285714285714284,0.012676052703650924,0.03083097236590746,0.012990518141379465,2.532730251627898,1.2165968979794277,5.272677037205127,True,0.19999999999999998,0.05714285714285716,0.3432142857142838,0.17142857142857146,746
70,16,0.22857142857142856,70,23,0.32857142857142857,70,41,0.5857142857142857,1.7034768728499052e-05,0.18694144127028958,2.9884591578101945e-05,5.031179803150035,2.3562287289800317,10.742917230528064,True,0.3571428571428572,0.2,0.5142857142857142,0.1,747
70,14,0.2,70,31,0.44285714285714284,70,31,0.44285714285714284,0.0020950622866740317,0.0020950622866740317,0.002514166277382916,3.222815773779081,1.5085906626969021,6.884930265411608,True,0.24285714285714283,0.1,0.38571428571428573,0.24285714285714283,748
70,12,0.17142857142857143,70,29,0.4142857142857143,70,32,0.45714285714285713,0.00027148050204317867,0.0015928681072887652,0.0004342193017480075,4.244465025120619,1.8970702511195876,9.496476653323745,True,0.2857142857142857,0.14285714285714285,0.4428571428571429,0.24285714285714288,749
70,19,0.2714285714285714,70,24,0.34285714285714286,70,45,0.6428571428571429,1.0287730480863987e-05,0.3596464805938585,1.4475539403793229e-05,5.020272536001951,2.4211504065929152,10.409570701227828,True,0.3714285714285715,0.2142857142857143,0.5142857142857142,0.07142857142857145,750
70,20,0.2857142857142857,70,33,0.4714285714285714,70,35,0.5,0.009438207425496569,0.023499367457131843,0.008035412549317236,2.7071404061830844,1.296258665191543,5.653662633534794,True,0.2142857142857143,0.04285714285714287,0.3571428571428572,0.18571428571428572,751
70,19,0.2714285714285714,70,22,0.3142857142857143,70,41,0.5857142857142857,0.00017181467911129688,0.5774217824168668,0.00020215252054530566,3.9450867546828636,1.9129310154298038,8.136053718841117,True,0.31428571428571433,0.15714285714285714,0.4714285714285714,0.04285714285714287,752
70,19,0.2714285714285714,70,37,0.5285714285714286,70,26,0.37142857142857144,0.2052414766210149,0.001900893250446667,0.21084350715016675,1.589030186100825,0.769267941148214,3.2823633967779373,True,0.10000000000000003,-0.05714285714285716,0.2571428571428571,0.2571428571428572,753
70,12,0.17142857142857143,70,28,0.4,70,33,0.4714285714285714,0.00014453443539005258,0.002759548935302903,0.00027376645303555356,4.342642756873932,1.9690374805554829,9.577545526715653,True,0.3,0.15714285714285714,0.4428571428571429,0.2285714285714286,754
70,19,0.2714285714285714,70,27,0.38571428571428573,70,38,0.5428571428571428,0.0010814029778651352,0.15000938577412762,0.0011669310040869395,3.329221489143753,1.610754229894543,6.881071933923902,True,0.2714285714285714,0.11428571428571427,0.42857142857142855,0.11428571428571432,755
70,16,0.22857142857142856,70,30,0.42857142857142855,70,31,0.44285714285714284,0.007263641508519324,0.011764786559866998,0.008513207957053279,2.689661455771168,1.2870494718941103,5.620824144401083,True,0.21428571428571427,0.05714285714285716,0.35714285714285715,0.19999999999999998,756
70,14,0.2,70,30,0.42857142857142855,70,38,0.5428571428571428,2.6939966535010783e-05,0.00358116403312374,5.8154792384907024e-05,4.784132741517112,2.2303726827854606,10.26192898841993,True,0.3428571428571428,0.18571428571428572,0.49999999999999994,0.22857142857142854,757
70,14,0.2,70,25,0.35714285714285715,70,36,0.5142857142857142,0.0001042696991757032,0.038099290072966474,0.00014691501121247153,4.390686786040893,2.0454915380657925,9.424693328892193,True,0.3142857142857142,0.17142857142857143,0.4714285714285714,0.15714285714285714,758
70,21,0.3,70,27,0.38571428571428573,70,31,0.44285714285714284,0.08026930135546974,0.2853768809059213,0.07974274111697942,1.8794452858380286,0.9279061287958846,3.806758542529044,True,0.14285714285714285,-0.01428571428571429,0.30035714285714094,0.08571428571428574,759
70,17,0.24285714285714285,70,22,0.3142857142857143,70,38,0.5428571428571428,0.00027899221057136475,0.3458704400125342,0.0002564593554563763,4.430213532810462,1.9945877272963755,9.840024420936693,True,0.29999999999999993,0.15714285714285714,0.4571428571428572,0.07142857142857142,760
70,16,0.22857142857142856,70,26,0.37142857142857144,70,41,0.5857142857142857,1.7034768728499052e-05,0.06514266746494533,3.1652587439698605e-05,4.792726805919641,2.290998901220052,10.026294741541818,True,0.3571428571428572,0.2,0.5,0.14285714285714288,761
70,18,0.2571428571428571,70,22,0.3142857142857143,70,37,0.5285714285714286,0.001009154011747773,0.45426024256681874,0.0016033899594913574,3.3187177736118207,1.5752894359070144,6.991659697473603,True,0.27142857142857146,0.11428571428571427,0.4285714285714286,0.05714285714285716,762
70,19,0.2714285714285714,70,24,0.34285714285714286,70,33,0.4714285714285714,0.014334259452098139,0.3596464805938585,0.010936091922316642,2.57843968706644,1.2431635734249211,5.347929558073395,True,0.2,0.04285714285714287,0.35714285714285715,0.07142857142857145,763
70,24,0.34285714285714286,70,25,0.35714285714285715,70,35,0.5,0.059736882502587435,0.8593572038773205,0.0666523459543561,1.9004528100368165,0.9568616736856559,3.7745485920291335,True,0.15714285714285714,-0.01428571428571429,0.31428571428571433,0.01428571428571429,764
70,15,0.21428571428571427,70,32,0.45714285714285713,70,45,0.6428571428571429,2.999548233211263e-07,0.0023466578926719427,6.727188516500672e-07,7.5086430524610455,3.39009539023221,16.630718018058396,True,0.4285714285714286,0.2857142857142857,0.5714285714285714,0.24285714285714285,765
70,21,0.3,70,34,0.4857142857142857,70,42,0.6,0.0003603616646814442,0.02447064311494846,0.0004972281965904688,3.484761032632446,1.7258922805357826,7.036105086919868,True,0.3,0.1428571428571428,0.4571428571428571,0.18571428571428572,766
70,15,0.21428571428571427,70,28,0.4,70,28,0.4,0.01723287401247834,0.01723287401247834,0.019071749224469442,2.47566761105672,1.1601639214400083,5.282813925835576,True,0.18571428571428575,0.02857142857142858,0.32857142857142857,0.18571428571428575,767
70,18,0.2571428571428571,70,27,0.38571428571428573,70,35,0.5,0.003054425358239884,0.10337863067113565,0.001841055094895433,3.300239974016766,1.5568569756157773,6.995879555211088,True,0.24285714285714288,0.08571428571428569,0.39999999999999997,0.12857142857142861,768
70,21,0.3,70,31,0.44285714285714284,70,38,0.5428571428571428,0.003618052251272993,0.08026930135546974,0.003128820916047775,2.9120215594774113,1.4331319150592798,5.91701955260029,True,0.24285714285714283,0.0714285714285714,0.4,0.14285714285714285,769
70,20,0.2857142857142857,70,34,0.4857142857142857,70,35,0.5,0.009438207425496569,0.015066291379480895,0.010090234672612145,2.552399784615695,1.2500429839257468,5.211616515815128,True,0.2142857142857143,0.057142857142857106,0.37142857142857144,0.2,770
70,16,0.22857142857142856,70,30,0.42857142857142855,70,32,0.45714285714285713,0.004387766594349367,0.011764786559866998,0.0046074207208076775,2.886632634173448,1.386461575741469,6.010010021531901,True,0.22857142857142856,0.08571428571428572,0.37178571428571233,0.19999999999999998,771
70,20,0.2857142857142857,70,25,0.35714285714285715,70,30,0.42857142857142855,0.07775989643932942,0.36555659141522145,0.06749899165297166,1.9665047700811298,0.9524804953062554,4.060073702095513,True,0.14285714285714285,-0.01428571428571429,0.28571428571428575,0.07142857142857145,772
70,20,0.2857142857142857,70,28,0.4,70,34,0.4857142857142857,0.015066291379480895,0.15432359056084352,0.014903440865576417,2.414973063112513,1.1875865052173333,4.910880066367657,True,0.2,0.04285714285714287,0.3571428571428572,0.11428571428571432,773
70,14,0.2,70,30,0.42857142857142855,70,34,0.4857142857142857,0.0003693584683354245,0.00358116403312374,0.00046574635561856304,3.8577976029043186,1.811211458178387,8.216932527548373,True,0.2857142857142857,0.14285714285714285,0.4289285714285695,0.22857142857142854,774
70,20,0.2857142857142857,70,30,0.42857142857142855,70,29,0.4142857142857143,0.11077211141818988,0.07775989643932942,0.1278485794169534,1.7359915926015241,0.8534904656613266,3.5309905978247085,True,0.12857142857142861,-0.02857142857142858,0.2857142857142857,0.14285714285714285,775
70,16,0.22857142857142856,70,29,0.4142857142857143,70,37,0.5285714285714286,0.0002530071251459537,0.01864506117421733,0.0003334979415252481,4.00194128233129,1.8761066276411544,8.53657984640451,True,0.30000000000000004,0.1428571428571429,0.4428571428571429,0.18571428571428575,776
70,17,0.24285714285714285,70,28,0.4,70,29,0.4142857142857143,0.03083097236590746,0.04652253842775168,0.033304516694991224,2.199604335657518,1.0643665348898916,4.545670194284967,True,0.17142857142857146,0.02857142857142858,0.3142857142857143,0.15714285714285717,777
70,19,0.2714285714285714,70,29,0.4142857142857143,70,35,0.5,0.00546885312217271,0.07498913678750244,0.0040706455365144235,2.9710270528071954,1.4133448224560536,6.245469335057952,True,0.2285714285714286,0.07142857142857145,0.37142857142857144,0.1428571428571429,778
70,18,0.2571428571428571,70,26,0.37142857142857144,70,34,0.4857142857142857,0.005132450741041347,0.14527153234110213,0.003533300303062173,2.9800431049299956,1.4308546954545276,6.206540003993742,True,0.2285714285714286,0.0714285714285714,0.3714285714285715,0.11428571428571432,779
70,18,0.2571428571428571,70,34,0.4857142857142857,70,38,0.5428571428571428,0.0005599062480061843,0.005132450741041347,0.0006871274598690886,3.6932297235484928,1.7370214590664006,7.852491239937332,True,0.2857142857142857,0.1285714285714286,0.4428571428571429,0.2285714285714286,780
70,17,0.24285714285714285,70,30,0.42857142857142855,70,34,0.4857142857142857,0.002830147857605349,0.01998792215771021,0.0039028200973982977,2.91489418041782,1.4095311070247687,6.027967769344426,True,0.24285714285714285,0.08571428571428572,0.4,0.1857142857142857,781
70,19,0.2714285714285714,70,28,0.4,70,31,0.44285714285714284,0.034293721036493065,0.10724394061929676,0.03545401852548927,2.147975242647016,1.0534230748330005,4.379814485985067,True,0.17142857142857143,0.0,0.3285714285714285,0.12857142857142861,782
70,25,0.35714285714285715,70,31,0.44285714285714284,70,39,0.5571428571428572,0.017540720915841027,0.3006229881969038,0.01738671603053194,2.30018331627136,1.1578406104728345,4.569578265433664,True,0.2,0.042857142857142816,0.3571428571428571,0.08571428571428569,783
70,20,0.2857142857142857,70,28,0.4,70,41,0.5857142857142857,0.00034444247926746906,0.15432359056084352,0.0004173247832497543,3.6470170301050873,1.7775980979649015,7.482418682324193,True,0.30000000000000004,0.12857142857142861,0.45714285714285713,0.11428571428571432,784
70,19,0.2714285714285714,70,27,0.38571428571428573,70,33,0.4714285714285714,0.014334259452098139,0.15000938577412762,0.0157798095214383,2.4205088249490263,1.1808721564864655,4.961471010620164,True,0.2,0.04285714285714287,0.3571428571428571,0.11428571428571432,785
70,21,0.3,70,39,0.5571428571428572,70,31,0.44285714285714284,0.08026930135546974,0.0021114910066706003,0.07860144686167478,1.8809497186868493,0.9303110668536302,3.802998771361259,True,0.14285714285714285,-0.01428571428571429,0.29999999999999993,0.2571428571428572,786
70,23,0.32857142857142857,70,37,0.5285714285714286,70,37,0.5285714285714286,0.016804604239087022,0.016804604239087022,0.014957107403887367,2.3678794978523876,1.1825960186130429,4.741140024237044,True,0.2,0.042857142857142816,0.34285714285714286,0.2,787
70,16,0.22857142857142856,70,27,0.38571428571428573,70,37,0.5285714285714286,0.0002530071251459537,0.04387472976308137,0.0002246588349227016,4.103916663659811,1.938448321820249,8.6884606582906,True,0.30000000000000004,0.1428571428571429,0.4571428571428572,0.15714285714285717,788
70,23,0.32857142857142857,70,32,0.45714285714285713,70,36,0.5142857142857142,0.02607819806845579,0.11936231595035392,0.015514208805350626,2.479043104739497,1.1884253375756313,5.171258572872135,True,0.18571428571428567,0.02857142857142858,0.34285714285714286,0.12857142857142856,789
70,20,0.2857142857142857,70,32,0.45714285714285713,70,33,0.4714285714285714,0.023499367457131843,0.03582123919892002,0.016220654522762883,2.430831038216713,1.1782575291697825,5.014981351760398,True,0.18571428571428572,0.02857142857142858,0.34285714285714286,0.17142857142857143,790
70,16,0.22857142857142856,70,25,0.35714285714285715,70,33,0.4714285714285714,0.002593000344988534,0.0946300831520893,0.002566820476705281,3.1351360414638836,1.4917363227452545,6.5890183463504455,True,0.24285714285714285,0.08571428571428574,0.4,0.1285714285714286,791
70,20,0.2857142857142857,70,30,0.42857142857142855,70,36,0.5142857142857142,0.005775498089305212,0.07775989643932942,0.008572391458058876,2.6005389375490933,1.2752216966432157,5.303236906579295,True,0.22857142857142854,0.0714285714285714,0.38571428571428573,0.14285714285714285,792
70,16,0.22857142857142856,70,31,0.44285714285714284,70,38,0.5428571428571428,0.00013356007507963456,0.007263641508519324,0.00017249651139518578,4.111929378536397,1.966265289265372,8.599024407529361,True,0.3142857142857143,0.15714285714285717,0.47142857142857136,0.21428571428571427,793
70,25,0.35714285714285715,70,24,0.34285714285714286,70,37,0.5285714285714286,0.041176544583936055,0.8593572038773205,0.04279917368091431,2.015518897319368,1.0229926313588227,3.9710124011896144,True,0.17142857142857143,0.0,0.3285714285714286,-0.01428571428571429,794
70,16,0.22857142857142856,70,27,0.38571428571428573,70,34,0.4857142857142857,0.001498873337151674,0.04387472976308137,0.0010749808506056943,3.5394705098900587,1.6593201345524757,7.549990643463261,True,0.2571428571428571,0.10000000000000003,0.4,0.15714285714285717,795
70,22,0.3142857142857143,70,26,0.37142857142857144,70,37,0.5285714285714286,0.010247617626290598,0.4763333142466747,0.01039212283211447,2.482859961563428,1.2384190682584775,4.977792854404031,True,0.2142857142857143,0.057142857142857106,0.37142857142857144,0.05714285714285716,796
70,18,0.2571428571428571,70,31,0.44285714285714284,70,40,0.5714285714285714,0.0001602934426522616,0.02125060274444335,0.00022741059728320344,3.9157314376216,1.8951046306792219,8.090821183885062,True,0.3142857142857143,0.15714285714285714,0.4714285714285714,0.18571428571428572,797
70,16,0.22857142857142856,70,29,0.4142857142857143,70,37,0.5285714285714286,0.0002530071251459537,0.01864506117421733,0.00029390916535477113,3.960356047839157,1.8800075889710963,8.342742932351706,True,0.30000000000000004,0.1428571428571429,0.45714285714285713,0.18571428571428575,798
70,17,0.24285714285714285,70,25,0.35714285714285715,70,39,0.5571428571428572,0.00014742902884410514,0.1400990632504758,0.00020884503412118714,3.962225528632643,1.913763061722332,8.203330628410901,True,0.3142857142857143,0.15714285714285714,0.47142857142857136,0.1142857142857143,799
70,19,0.2714285714285714,70,32,0.45714285714285713,70,31,0.44285714285714284,0.034293721036493065,0.022423752669128452,0.02578769238233437,2.3032880127544884,1.106091523541523,4.796289960447712,True,0.17142857142857143,0.01428571428571429,0.3285714285714285,0.18571428571428572,800
70,15,0.21428571428571427,70,26,0.37142857142857144,70,37,0.5285714285714286,0.00011904890933436814,0.04106230623925888,0.00013543770721651563,4.622552220508242,2.1058076699495283,10.147170293020073,True,0.3142857142857143,0.15714285714285714,0.4574999999999981,0.15714285714285717,801
70,20,0.2857142857142857,70,22,0.3142857142857143,70,36,0.5142857142857142,0.005775498089305212,0.7122353915731037,0.004978694107765559,3.0656973090111883,1.4027645192862557,6.699984110847426,True,0.22857142857142854,0.07142857142857145,0.38571428571428573,0.02857142857142858,802
70,19,0.2714285714285714,70,29,0.4142857142857143,70,45,0.6428571428571429,1.0287730480863987e-05,0.07498913678750244,1.6176663665445434e-05,5.083229540891644,2.4275871436233825,10.643993824594988,True,0.3714285714285715,0.2142857142857143,0.5142857142857142,0.1428571428571429,803
70,22,0.3142857142857143,70,33,0.4714285714285714,70,43,0.6142857142857143,0.0003726411793928773,0.05696789805266202,0.00037784410383081077,3.621221543591557,1.7813607618382397,7.361364272018471,True,0.30000000000000004,0.14285714285714285,0.4432142857142838,0.15714285714285714,804
70,21,0.3,70,26,0.37142857142857144,70,37,0.5285714285714286,0.006048674346503783,0.37087457439362603,0.005546249650832058,2.791946658329258,1.351424520517836,5.767962638393635,True,0.2285714285714286,0.0714285714285714,0.3857142857142857,0.07142857142857145,805
70,17,0.24285714285714285,70,27,0.38571428571428573,70,33,0.4714285714285714,0.004770513090089518,0.06867563863383211,0.003715822849590407,3.0426263505898197,1.4348117791995896,6.452118140867136,True,0.22857142857142856,0.07142857142857145,0.38571428571428573,0.14285714285714288,806
70,21,0.3,70,31,0.44285714285714284,70,43,0.6142857142857143,0.00018965277265058179,0.08026930135546974,0.00020220024110380238,3.852469848999735,1.8915522262120064,7.846214200055925,True,0.31428571428571433,0.14285714285714285,0.47142857142857136,0.14285714285714285,807
70,11,0.15714285714285714,70,26,0.37142857142857144,70,36,0.5142857142857142,7.670447309941402e-06,0.004040448343809689,1.9446061572022596e-05,5.775873452061698,2.5829968342249123,12.91550717066278,True,0.3571428571428571,0.21428571428571427,0.5,0.2142857142857143,808
70,20,0.2857142857142857,70,29,0.4142857142857143,70,32,0.45714285714285713,0.03582123919892002,0.11077211141818988,0.040001390813579424,2.0893742885990956,1.034216545155074,4.221054998887491,True,0.17142857142857143,0.0,0.3285714285714286,0.12857142857142861,809
70,21,0.3,70,27,0.38571428571428573,70,36,0.5142857142857142,0.009869991042600109,0.2853768809059213,0.010016237298179489,2.530371538530837,1.2483377559432016,5.129044677631488,True,0.21428571428571425,0.05714285714285716,0.37142857142857144,0.08571428571428574,810
70,19,0.2714285714285714,70,30,0.42857142857142855,70,38,0.5428571428571428,0.0010814029778651352,0.05128142315633857,0.0016882752895055256,3.135752188735514,1.536560298751623,6.399320480392688,True,0.2714285714285714,0.11428571428571427,0.4285714285714286,0.15714285714285714,811
70,19,0.2714285714285714,70,38,0.5428571428571428,70,35,0.5,0.00546885312217271,0.0010814029778651352,0.005886674057157,2.7600581197822533,1.3400751873654189,5.6846965725503384,True,0.2285714285714286,0.0714285714285714,0.38571428571428573,0.2714285714285714,812
70,12,0.17142857142857143,70,29,0.4142857142857143,70,34,0.4857142857142857,7.538394416918283e-05,0.0015928681072887652,0.0001209126715925651,4.781016063397982,2.1531447448713004,10.616153258120058,True,0.3142857142857143,0.15714285714285717,0.4571428571428572,0.24285714285714288,813
70,9,0.12857142857142856,70,23,0.32857142857142857,70,35,0.5,2.207636177750144e-06,0.00483587831763792,6.427490221870708e-06,7.353759583036844,3.090948475688825,17.49552942420202,True,0.37142857142857144,0.2285714285714286,0.5142857142857143,0.2,814
70,15,0.21428571428571427,70,30,0.42857142857142855,70,37,0.5285714285714286,0.00011904890933436814,0.00663791928820282,0.0001281434948309399,4.400270083140621,2.061508912690773,9.392332327736453,True,0.3142857142857143,0.15714285714285714,0.47142857142857136,0.21428571428571427,815
70,16,0.22857142857142856,70,30,0.42857142857142855,70,41,0.5857142857142857,1.7034768728499052e-05,0.011764786559866998,2.594675881815505e-05,4.892575910976898,2.334796763578588,10.252412294756766,True,0.3571428571428572,0.19999999999999998,0.5142857142857142,0.19999999999999998,816
70,23,0.32857142857142857,70,33,0.4714285714285714,70,32,0.45714285714285713,0.11936231595035392,0.08449793972392969,0.14139068327483564,1.6899593445512602,0.8398029322471431,3.400753291720649,True,0.12857142857142856,-0.014642857142857126,0.3,0.14285714285714285,817
70,19,0.2714285714285714,70,26,0.37142857142857144,70,39,0.5571428571428572,0.0006004439749850096,0.2052414766210149,0.0007248160091295987,3.446409176376412,1.6817632957638076,7.062668236921546,True,0.28571428571428575,0.14285714285714285,0.44285714285714284,0.10000000000000003,818
70,20,0.2857142857142857,70,27,0.38571428571428573,70,42,0.6,0.00018168825260959386,0.21028909717077288,0.00020571467734019634,3.8982201194965698,1.900533381401841,7.995713334347818,True,0.3142857142857143,0.17107142857142854,0.4714285714285714,0.10000000000000003,819
70,17,0.24285714285714285,70,30,0.42857142857142855,70,35,0.5,0.001641521777688543,0.01998792215771021,0.002904555138308444,3.0581185196412233,1.4652693017458736,6.382505160675638,True,0.2571428571428571,0.09999999999999998,0.41428571428571426,0.1857142857142857,820
70,11,0.15714285714285714,70,27,0.38571428571428573,70,40,0.5714285714285714,3.522618615968206e-07,0.0023592713346375356,1.1425064426959948e-06,7.702395658063174,3.38420602414928,17.530522211118633,True,0.41428571428571426,0.2714285714285714,0.5571428571428572,0.2285714285714286,821
70,22,0.3142857142857143,70,26,0.37142857142857144,70,33,0.4714285714285714,0.05696789805266202,0.4763333142466747,0.0527270016703005,2.0065205550802174,0.9918319773929323,4.0592810372400425,True,0.15714285714285714,-0.01428571428571429,0.3142857142857143,0.05714285714285716,822
70,16,0.22857142857142856,70,34,0.4857142857142857,70,34,0.4857142857142857,0.001498873337151674,0.001498873337151674,0.001412866705054622,3.428759721118459,1.6089818474026911,7.3067283165078365,True,0.2571428571428571,0.11428571428571427,0.4,0.2571428571428571,823
70,29,0.4142857142857143,70,32,0.45714285714285713,70,31,0.44285714285714284,0.7326782613757068,0.6091154385905806,0.7734206327032775,1.104466435332034,0.5615424139124243,2.1723133935263026,True,0.028571428571428525,-0.12857142857142856,0.2,0.042857142857142816,824
70,16,0.22857142857142856,70,33,0.4714285714285714,70,37,0.5285714285714286,0.0002530071251459537,0.002593000344988534,0.00036585417191066705,3.951462925637903,1.8558393469615087,8.413475702115665,True,0.30000000000000004,0.14285714285714285,0.45714285714285713,0.24285714285714285,825
70,17,0.24285714285714285,70,31,0.44285714285714284,70,35,0.5,0.001641521777688543,0.012676052703650924,0.0017558986033433153,3.212083189826672,1.5463593337529065,6.672109252464163,True,0.2571428571428571,0.11428571428571427,0.41428571428571426,0.19999999999999998,826
70,11,0.15714285714285714,70,33,0.4714285714285714,70,34,0.4857142857142857,3.1518485501976436e-05,6.196373392783049e-05,6.60645043501077e-05,5.1260635112033155,2.296821956746279,11.440384851646872,True,0.32857142857142857,0.1857142857142857,0.4714285714285714,0.3142857142857143,827
70,21,0.3,70,24,0.34285714285714286,70,28,0.4,0.21484694740564553,0.5872009185316818,0.20238013310593117,1.5870992885734723,0.7801564240972485,3.2286911624231345,True,0.10000000000000003,-0.05714285714285716,0.24285714285714285,0.04285714285714287,828
70,16,0.22857142857142856,70,29,0.4142857142857143,70,35,0.5,0.0008473169107830436,0.01864506117421733,0.0011329964767369564,3.3732266420982007,1.6222252641059767,7.01422806729125,True,0.27142857142857146,0.11428571428571432,0.42857142857142855,0.18571428571428575,829
70,19,0.2714285714285714,70,31,0.44285714285714284,70,41,0.5857142857142857,0.00017181467911129688,0.034293721036493065,0.00022837919249142733,4.009189062010965,1.9157395191612332,8.390283112176887,True,0.31428571428571433,0.15714285714285708,0.4714285714285715,0.17142857142857143,830
70,20,0.2857142857142857,70,22,0.3142857142857143,70,34,0.4857142857142857,0.015066291379480895,0.7122353915731037,0.014138246342828646,2.4271720843653797,1.1953478111298386,4.928410185111122,True,0.2,0.042857142857142816,0.35714285714285715,0.02857142857142858,831
70,21,0.3,70,31,0.44285714285714284,70,36,0.5142857142857142,0.009869991042600109,0.08026930135546974,0.00819440953695195,2.616482935675924,1.2825176062165164,5.337925124380359,True,0.21428571428571425,0.057142857142857106,0.37142857142857144,0.14285714285714285,832
70,21,0.3,70,16,0.22857142857142856,70,38,0.5428571428571428,0.003618052251272993,0.3378969768793054,0.004768193805477958,2.7605484544981516,1.3637738269836739,5.587897068304247,True,0.24285714285714283,0.08571428571428569,0.3860714285714267,-0.07142857142857142,833
70,17,0.24285714285714285,70,31,0.44285714285714284,70,28,0.4,0.04652253842775168,0.012676052703650924,0.05707425467085778,2.047877069763259,0.9786738337065469,4.285187105676367,True,0.15714285714285717,0.0,0.3,0.19999999999999998,834
70,19,0.2714285714285714,70,30,0.42857142857142855,70,40,0.5714285714285714,0.00032525998181950157,0.05128142315633857,0.00041187385830032826,3.655614498822226,1.7807217963358628,7.504550902615434,True,0.3,0.1428571428571428,0.4428571428571429,0.15714285714285714,835
70,25,0.35714285714285715,70,25,0.35714285714285715,70,30,0.42857142857142855,0.38689983106485903,1.0,0.3569626720369924,1.3804886543649075,0.6951616116065735,2.741447302341532,True,0.0714285714285714,-0.09999999999999992,0.2285714285714286,0.0,836
70,18,0.2571428571428571,70,30,0.42857142857142855,70,41,0.5857142857142857,8.26377928895549e-05,0.03262753307176913,0.0001467605574466123,4.12987283341179,1.9858889802899238,8.588521206086108,True,0.3285714285714286,0.17142857142857143,0.4714285714285714,0.17142857142857143,837
70,17,0.24285714285714285,70,31,0.44285714285714284,70,33,0.4714285714285714,0.004770513090089518,0.012676052703650924,0.00570367997294792,2.807710146421865,1.3504040672722684,5.8376869985617965,True,0.22857142857142856,0.07142857142857145,0.3857142857142857,0.19999999999999998,838
70,23,0.32857142857142857,70,30,0.42857142857142855,70,36,0.5142857142857142,0.02607819806845579,0.22256640256093,0.02531008036279151,2.190849103198781,1.1018789980991615,4.356031652538088,True,0.18571428571428567,0.028571428571428525,0.3428571428571429,0.09999999999999998,839
70,16,0.22857142857142856,70,21,0.3,70,30,0.42857142857142855,0.011764786559866998,0.3378969768793054,0.011130921438934516,2.6452468218379104,1.2482165413372612,5.605862858496542,True,0.19999999999999998,0.04285714285714287,0.34285714285714286,0.07142857142857142,840
70,20,0.2857142857142857,70,21,0.3,70,32,0.45714285714285713,0.03582123919892002,0.8526657462317447,0.035033120281487744,2.1379198020089585,1.0548005069187438,4.333237469873654,True,0.17142857142857143,0.01428571428571429,0.3285714285714286,0.01428571428571429,841
70,24,0.34285714285714286,70,31,0.44285714285714284,70,34,0.4857142857142857,0.08621570341178506,0.2257595767739073,0.0748425472441932,1.9032025871731,0.9375400364743705,3.863493767630051,True,0.14285714285714285,-0.01428571428571429,0.30000000000000004,0.09999999999999998,842
70,11,0.15714285714285714,70,31,0.44285714285714284,70,30,0.42857142857142855,0.0004176914460077905,0.00022553077418826072,0.0006087051499192432,4.085814169929833,1.8270446437441976,9.137093331769018,True,0.2714285714285714,0.12857142857142856,0.41428571428571426,0.2857142857142857,843
70,22,0.3142857142857143,70,29,0.4142857142857143,70,43,0.6142857142857143,0.0003726411793928773,0.21893379656124137,0.00034933317188573856,3.7319340320076893,1.8131536551512069,7.6812748768916155,True,0.30000000000000004,0.14285714285714285,0.4428571428571429,0.10000000000000003,844
70,21,0.3,70,33,0.4714285714285714,70,37,0.5285714285714286,0.006048674346503783,0.037203202068748664,0.0051410996119425545,2.742798144722663,1.352853668088035,5.560794814805157,True,0.2285714285714286,0.0714285714285714,0.38571428571428573,0.17142857142857143,845
70,21,0.3,70,34,0.4857142857142857,70,45,0.6428571428571429,4.8367205962767064e-05,0.02447064311494846,6.490510037568411e-05,4.270761599934078,2.094676823952623,8.707502959360582,True,0.3428571428571429,0.18571428571428572,0.5,0.18571428571428572,846
70,19,0.2714285714285714,70,30,0.42857142857142855,70,43,0.6142857142857143,4.436323108241567e-05,0.05128142315633857,7.177401588325571e-05,4.309603313426298,2.0952961176731844,8.863988513337102,True,0.3428571428571429,0.17142857142857149,0.49999999999999994,0.15714285714285714,847
70,23,0.32857142857142857,70,27,0.38571428571428573,70,44,0.6285714285714286,0.00038099153377046496,0.48047817807440885,0.0003644959668762889,3.6530710187520987,1.7917615755940846,7.447937298031293,True,0.3,0.14249999999999996,0.45714285714285713,0.05714285714285716,848
70,10,0.14285714285714285,70,24,0.34285714285714286,70,35,0.5,6.064178087014752e-06,0.005792449653819411,1.7129017265559718e-05,6.164215843948255,2.6902567000884745,14.124138030966742,True,0.35714285714285715,0.2,0.49999999999999994,0.2,849
70,19,0.2714285714285714,70,32,0.45714285714285713,70,32,0.45714285714285713,0.022423752669128452,0.022423752669128452,0.019698651413890912,2.341083614231191,1.145355100618503,4.785129507750181,True,0.18571428571428572,0.02857142857142858,0.32857142857142857,0.18571428571428572,850
70,16,0.22857142857142856,70,26,0.37142857142857144,70,33,0.4714285714285714,0.002593000344988534,0.06514266746494533,0.0028300385795937146,3.0549703901700407,1.4676261879954624,6.3591425126876695,True,0.24285714285714285,0.08571428571428572,0.39999999999999997,0.14285714285714288,851
70,21,0.3,70,33,0.4714285714285714,70,41,0.5857142857142857,0.0006667146553199102,0.037203202068748664,0.0008281584335818652,3.3150897538728117,1.6419261590850156,6.693248667380217,True,0.28571428571428575,0.12857142857142856,0.44285714285714284,0.17142857142857143,852
70,12,0.17142857142857143,70,32,0.45714285714285713,70,32,0.45714285714285713,0.00027148050204317867,0.00027148050204317867,0.0005473413675142401,4.02841074504778,1.8280809525504673,8.877119532466876,True,0.2857142857142857,0.14285714285714285,0.4285714285714286,0.2857142857142857,853
70,10,0.14285714285714285,70,21,0.3,70,39,0.5571428571428572,2.7681959817994996e-07,0.025153060428066497,1.316753052638082e-06,7.573279519932987,3.3343513771217728,17.20111535951713,True,0.4142857142857143,0.2714285714285714,0.557142857142857,0.15714285714285714,854
70,17,0.24285714285714285,70,29,0.4142857142857143,70,33,0.4714285714285714,0.004770513090089518,0.03083097236590746,0.0055467329916786216,2.7941881281053345,1.351732634481114,5.77591092800821,True,0.22857142857142856,0.08571428571428574,0.3857142857142857,0.17142857142857146,855
70,10,0.14285714285714285,70,23,0.32857142857142857,70,39,0.5571428571428572,2.7681959817994996e-07,0.009637769569294947,1.56481162063541e-06,7.670035260668807,3.339800628314858,17.61465651606456,True,0.4142857142857143,0.27142857142857146,0.5428571428571429,0.18571428571428572,856
70,20,0.2857142857142857,70,27,0.38571428571428573,70,40,0.5714285714285714,0.0006362991412402051,0.21028909717077288,0.0008448800162817095,3.3127272860413832,1.6395261061365347,6.693496389358019,True,0.2857142857142857,0.12857142857142856,0.44285714285714284,0.10000000000000003,857
70,17,0.24285714285714285,70,30,0.42857142857142855,70,39,0.5571428571428572,0.00014742902884410514,0.01998792215771021,0.0001591168335417704,4.170706890388804,1.9875501306762526,8.751877850556737,True,0.3142857142857143,0.15714285714285714,0.4714285714285714,0.1857142857142857,858
70,26,0.37142857142857144,70,30,0.42857142857142855,70,36,0.5142857142857142,0.08885728375169655,0.4901529604158251,0.09547999351525986,1.7905281125512347,0.90275759982001,3.5513308583339436,True,0.1428571428571428,-0.01428571428571429,0.30000000000000004,0.057142857142857106,859
70,17,0.24285714285714285,70,29,0.4142857142857143,70,36,0.5142857142857142,0.0009306234156672285,0.03083097236590746,0.0010555150408558698,3.4015072725603206,1.634988969629258,7.076654301774503,True,0.27142857142857135,0.11428571428571427,0.4142857142857143,0.17142857142857146,860
70,20,0.2857142857142857,70,25,0.35714285714285715,70,28,0.4,0.15432359056084352,0.36555659141522145,0.15651335013945783,1.6663447571475374,0.8222463247084845,3.3769744737472998,True,0.11428571428571432,-0.042857142857142844,0.27142857142857146,0.07142857142857145,861
70,21,0.3,70,29,0.4142857142857143,70,42,0.6,0.0003603616646814442,0.1582247513999311,0.0002924728663710363,3.9201077599881047,1.8717042722174304,8.210295332452917,True,0.3,0.14285714285714285,0.4571428571428571,0.11428571428571432,862
70,17,0.24285714285714285,70,30,0.42857142857142855,70,33,0.4714285714285714,0.004770513090089518,0.01998792215771021,0.00507827395812699,2.9196166866321103,1.3798735171228012,6.177494887092652,True,0.22857142857142856,0.07142857142857145,0.3857142857142857,0.1857142857142857,863
70,18,0.2571428571428571,70,29,0.4142857142857143,70,36,0.5142857142857142,0.0017762943509938849,0.04899444859570722,0.001382215796515174,3.2954828834590293,1.5868458684801077,6.843895586137439,True,0.2571428571428571,0.10000000000000003,0.41428571428571426,0.1571428571428572,864
70,11,0.15714285714285714,70,29,0.4142857142857143,70,36,0.5142857142857142,7.670447309941402e-06,0.000758553240105476,1.7553824133051536e-05,5.8316494346522685,2.607629850230081,13.041780115256563,True,0.3571428571428571,0.21392857142857144,0.49999999999999994,0.2571428571428572,865
70,27,0.38571428571428573,70,30,0.42857142857142855,70,34,0.4857142857142857,0.23282295106940926,0.6058053664333267,0.23461121022936182,1.5112261336793762,0.7649127795791192,2.9857056753217557,True,0.09999999999999998,-0.05714285714285716,0.2714285714285714,0.042857142857142816,866
70,26,0.37142857142857144,70,28,0.4,70,32,0.45714285714285713,0.3032804136138121,0.7284001147161181,0.30995830169302874,1.424505257576231,0.7194976476902927,2.820322255919033,True,0.08571428571428569,-0.08571428571428569,0.2571428571428571,0.02857142857142858,867
70,17,0.24285714285714285,70,24,0.34285714285714286,70,35,0.5,0.001641521777688543,0.1935915512625201,0.0016510935340883957,3.2783228720968376,1.5648542104363818,6.867988584518804,True,0.2571428571428571,0.09999999999999998,0.4,0.1,868
70,16,0.22857142857142856,70,28,0.4,70,42,0.6,8.163982255791208e-06,0.028913987342994316,1.0322816595474512e-05,5.758293513015094,2.644932126596675,12.536406453914251,True,0.37142857142857144,0.2142857142857143,0.5142857142857142,0.17142857142857146,869
70,20,0.2857142857142857,70,27,0.38571428571428573,70,35,0.5,0.009438207425496569,0.21028909717077288,0.01006623963644378,2.5083375308024154,1.2451483948275517,5.053017933098119,True,0.2142857142857143,0.04285714285714287,0.3714285714285714,0.10000000000000003,870
70,18,0.2571428571428571,70,27,0.38571428571428573,70,42,0.6,4.153330286677669e-05,0.10337863067113565,4.666295988326283e-05,4.763352078451155,2.2469541562359385,10.09790206903645,True,0.34285714285714286,0.18571428571428572,0.48571428571428577,0.12857142857142861,871
70,20,0.2857142857142857,70,29,0.4142857142857143,70,35,0.5,0.009438207425496569,0.11077211141818988,0.008243556346663664,2.665688904254401,1.28799658175247,5.517015677632176,True,0.2142857142857143,0.057142857142857106,0.37142857142857144,0.12857142857142861,872
70,18,0.2571428571428571,70,26,0.37142857142857144,70,39,0.5571428571428572,0.0003032690053812589,0.14527153234110213,0.00044598326618540244,3.654722470678654,1.7728530880994604,7.534181161058584,True,0.30000000000000004,0.14285714285714285,0.4571428571428572,0.11428571428571432,873
70,21,0.3,70,29,0.4142857142857143,70,42,0.6,0.0003603616646814442,0.1582247513999311,0.000460190135711078,3.589213053095543,1.7557566552007378,7.337264137574101,True,0.3,0.1428571428571428,0.4571428571428572,0.11428571428571432,874
70,15,0.21428571428571427,70,38,0.5428571428571428,70,38,0.5428571428571428,6.131511775916256e-05,6.131511775916256e-05,9.677194820791237e-05,4.3640219741683834,2.080600587330359,9.153456894607997,True,0.3285714285714285,0.17142857142857143,0.4714285714285715,0.3285714285714285,875
70,12,0.17142857142857143,70,26,0.37142857142857144,70,35,0.5,3.8509124112521326e-05,0.007797235757587646,5.788075894078674e-05,5.152662972390747,2.3173389689382504,11.457079030268579,True,0.32857142857142857,0.18571428571428572,0.4714285714285715,0.2,876
70,14,0.2,70,27,0.38571428571428573,70,33,0.4714285714285714,0.0006729272278499696,0.01576388550166007,0.0008516653502086236,3.6949299965179474,1.7142337175621927,7.964204378492401,True,0.2714285714285714,0.1142857142857143,0.4142857142857143,0.18571428571428572,877
70,13,0.18571428571428572,70,36,0.5142857142857142,70,35,0.5,8.959541833745227e-05,4.5929990659285284e-05,0.00013575509036512556,4.558973799449149,2.091422197461553,9.937850965381605,True,0.3142857142857143,0.17142857142857143,0.45714285714285713,0.3285714285714285,878
70,14,0.2,70,35,0.5,70,36,0.5142857142857142,0.0001042696991757032,0.0001984024045859719,0.00014800125439621127,4.463341755356291,2.0610278141643903,9.665769422516885,True,0.3142857142857142,0.15714285714285714,0.4714285714285714,0.3,879
70,24,0.34285714285714286,70,25,0.35714285714285715,70,32,0.45714285714285713,0.16754627748861323,0.8593572038773205,0.1575712121433861,1.644989464387237,0.8248700212135798,3.280505132146583,True,0.11428571428571427,-0.04285714285714287,0.27142857142857146,0.01428571428571429,880
70,17,0.24285714285714285,70,24,0.34285714285714286,70,36,0.5142857142857142,0.0009306234156672285,0.1935915512625201,0.0011322313230960135,3.386635824978845,1.6248584618405635,7.058646940877702,True,0.27142857142857135,0.11428571428571432,0.42857142857142855,0.1,881
70,20,0.2857142857142857,70,26,0.37142857142857144,70,38,0.5428571428571428,0.0020132384105285327,0.28030976562100696,0.00302569873647049,2.931124665053676,1.4398624258654533,5.9668838131684465,True,0.2571428571428571,0.08571428571428574,0.41428571428571426,0.08571428571428574,882
70,14,0.2,70,37,0.5285714285714286,70,41,0.5857142857142857,2.9774790647003384e-06,5.3598943988276264e-05,7.401058960594231e-06,5.73731195507802,2.6724777356369627,12.316940205316902,True,0.38571428571428573,0.2285714285714286,0.5428571428571429,0.32857142857142857,883
70,22,0.3142857142857143,70,24,0.34285714285714286,70,40,0.5714285714285714,0.0021940712716662716,0.718940927523115,0.002304379195905271,2.9559032243505667,1.4723537234613704,5.934283136246175,True,0.2571428571428571,0.08571428571428569,0.41428571428571437,0.02857142857142858,884
70,19,0.2714285714285714,70,33,0.4714285714285714,70,31,0.44285714285714284,0.034293721036493065,0.014334259452098139,0.0376376711363049,2.1434039243269623,1.0445389224392758,4.398285486663906,True,0.17142857142857143,0.01428571428571429,0.31428571428571433,0.2,885
70,26,0.37142857142857144,70,23,0.32857142857142857,70,30,0.42857142857142855,0.4901529604158251,0.5950186974317038,0.47306223846668627,1.2864488738751232,0.6465050755566965,2.5598417826333653,True,0.057142857142857106,-0.09999999999999998,0.2142857142857143,-0.04285714285714287,886
70,25,0.35714285714285715,70,27,0.38571428571428573,70,36,0.5142857142857142,0.060806404392642614,0.7264699373670985,0.05072759802418216,1.987268681182737,0.9978276032410648,3.9578347986988685,True,0.15714285714285708,-0.01428571428571429,0.3142857142857143,0.02857142857142858,887
70,16,0.22857142857142856,70,32,0.45714285714285713,70,27,0.38571428571428573,0.04387472976308137,0.004387766594349367,0.03750307669520718,2.217973650158219,1.0471367185815443,4.697960663111903,True,0.15714285714285717,0.0,0.30000000000000004,0.22857142857142856,888
70,17,0.24285714285714285,70,28,0.4,70,42,0.6,1.8779116827853704e-05,0.04652253842775168,2.35737258051322e-05,4.991659757524452,2.3689950960156474,10.517821322971828,True,0.3571428571428571,0.2,0.5142857142857142,0.15714285714285717,889
70,17,0.24285714285714285,70,30,0.42857142857142855,70,43,0.6142857142857143,8.981463634177948e-06,0.01998792215771021,1.8444235960406374e-05,5.275577583007389,2.4645846719388578,11.292660849195016,True,0.37142857142857144,0.22857142857142854,0.5142857142857143,0.1857142857142857,890
70,24,0.34285714285714286,70,36,0.5142857142857142,70,41,0.5857142857142857,0.003965627483889396,0.040423979336908625,0.003252357262706102,2.9284243494502493,1.4316889102195332,5.989897043442305,True,0.24285714285714288,0.07142857142857151,0.41428571428571426,0.17142857142857137,891
70,12,0.17142857142857143,70,36,0.5142857142857142,70,36,0.5142857142857142,1.9262362474392704e-05,1.9262362474392704e-05,3.6025341251759104e-05,5.253305836058197,2.391502111516491,11.539702212373653,True,0.3428571428571428,0.19999999999999998,0.5,0.3428571428571428,892
70,20,0.2857142857142857,70,34,0.4857142857142857,70,35,0.5,0.009438207425496569,0.015066291379480895,0.007524372158588674,2.682992136191614,1.3010708968766274,5.5327091092013125,True,0.2142857142857143,0.05714285714285716,0.37142857142857144,0.2,893
70,18,0.2571428571428571,70,31,0.44285714285714284,70,35,0.5,0.003054425358239884,0.02125060274444335,0.003376970131978795,2.9504971115035503,1.4311755860983233,6.082714999857972,True,0.24285714285714288,0.08571428571428574,0.39999999999999997,0.18571428571428572,894
70,26,0.37142857142857144,70,31,0.44285714285714284,70,38,0.5428571428571428,0.041764146485064844,0.38972453287404873,0.04697435068904632,1.9871023944592103,1.0092257621266962,3.9124803133690027,True,0.17142857142857137,0.014285714285714235,0.32857142857142857,0.0714285714285714,895
70,13,0.18571428571428572,70,28,0.4,70,33,0.4714285714285714,0.0003197555467877183,0.005340022480328318,0.00051526510118592,3.946391686128519,1.8184814553110475,8.564292638156372,True,0.2857142857142857,0.14285714285714285,0.4285714285714286,0.2142857142857143,896
70,17,0.24285714285714285,70,32,0.45714285714285713,70,29,0.4142857142857143,0.03083097236590746,0.007863221348181232,0.03327215633947945,2.2112707984097195,1.0649550379432773,4.591478860312224,True,0.17142857142857146,0.01428571428571429,0.3142857142857143,0.21428571428571427,897
70,23,0.32857142857142857,70,24,0.34285714285714286,70,44,0.6285714285714286,0.00038099153377046496,0.8579634010854629,0.00041784633422104937,3.555626632646761,1.7575381843343856,7.193289376853511,True,0.3,0.12857142857142856,0.47142857142857136,0.01428571428571429,898
70,15,0.21428571428571427,70,29,0.4142857142857143,70,29,0.4142857142857143,0.010810456627395102,0.010810456627395102,0.008873571772787131,2.785945275593124,1.2933094846645943,6.001263557278022,True,0.20000000000000004,0.05678571428571427,0.34285714285714286,0.20000000000000004,899
70,16,0.22857142857142856,70,29,0.4142857142857143,70,32,0.45714285714285713,0.004387766594349367,0.01864506117421733,0.0030497002694018643,3.1575781250787696,1.4757278382212848,6.756191323186867,True,0.22857142857142856,0.07142857142857145,0.3857142857142857,0.18571428571428575,900
70,18,0.2571428571428571,70,33,0.4714285714285714,70,42,0.6,4.153330286677669e-05,0.008429596538289138,3.592531091592244e-05,4.952712246360446,2.318843548588052,10.578272350536416,True,0.34285714285714286,0.18571428571428567,0.5,0.2142857142857143,901
70,19,0.2714285714285714,70,30,0.42857142857142855,70,40,0.5714285714285714,0.00032525998181950157,0.05128142315633857,0.0004079061345896775,3.6008046488511716,1.769697580948261,7.326559214846595,True,0.3,0.14285714285714285,0.45714285714285713,0.15714285714285714,902
70,18,0.2571428571428571,70,24,0.34285714285714286,70,38,0.5428571428571428,0.0005599062480061843,0.2684813240895755,0.000551687781006972,3.795972003464476,1.7808107117594727,8.091485162310914,True,0.2857142857142857,0.12857142857142856,0.44285714285714284,0.08571428571428574,903
70,18,0.2571428571428571,70,24,0.34285714285714286,70,31,0.44285714285714284,0.02125060274444335,0.2684813240895755,0.019659903372906507,2.3910310408512268,1.149485522451261,4.973554974509483,True,0.18571428571428572,0.04285714285714287,0.34285714285714286,0.08571428571428574,904
70,14,0.2,70,30,0.42857142857142855,70,36,0.5142857142857142,0.0001042696991757032,0.00358116403312374,0.00016657630541491714,4.2469433088207476,2.0003784192535923,9.016557714648489,True,0.3142857142857142,0.15714285714285717,0.4571428571428572,0.22857142857142854,905
70,13,0.18571428571428572,70,35,0.5,70,40,0.5714285714285714,2.542626715848517e-06,8.959541833745227e-05,5.589611950561384e-06,6.325267555988761,2.853300759121873,14.022009256099992,True,0.3857142857142857,0.2285714285714286,0.5285714285714286,0.3142857142857143,906
70,22,0.3142857142857143,70,22,0.3142857142857143,70,38,0.5428571428571428,0.006285181643384482,1.0,0.0071501913628774305,2.5809600982738674,1.2933821624891289,5.150337790388261,True,0.22857142857142854,0.0714285714285714,0.38571428571428573,0.0,907
70,14,0.2,70,25,0.35714285714285715,70,31,0.44285714285714284,0.0020950622866740317,0.038099290072966474,0.002210794497384814,3.266596975833246,1.5305557698087011,6.971752361468408,True,0.24285714285714283,0.09999999999999998,0.3860714285714266,0.15714285714285714,908
70,13,0.18571428571428572,70,27,0.38571428571428573,70,36,0.5142857142857142,4.5929990659285284e-05,0.008814654904213301,7.736278594060754e-05,4.894499260837387,2.2268432451753553,10.75788476186669,True,0.3285714285714285,0.17142857142857143,0.4714285714285714,0.2,909
70,13,0.18571428571428572,70,20,0.2857142857142857,70,33,0.4714285714285714,0.0003197555467877183,0.16336565909081013,0.0005562438275740974,3.9615869075006365,1.8131048609806821,8.655964232091744,True,0.2857142857142857,0.12857142857142861,0.4285714285714286,0.09999999999999998,910
70,15,0.21428571428571427,70,32,0.45714285714285713,70,39,0.5571428571428572,3.0856109134315426e-05,0.0023466578926719427,4.6609820575954754e-05,4.919515595962302,2.284977442944029,10.591629153123833,True,0.34285714285714286,0.18571428571428572,0.48571428571428577,0.24285714285714285,911
70,16,0.22857142857142856,70,25,0.35714285714285715,70,36,0.5142857142857142,0.0004683196161939428,0.0946300831520893,0.0005772304521782174,3.6466655145827134,1.7456072229375288,7.618076506849282,True,0.2857142857142857,0.12857142857142856,0.44285714285714284,0.1285714285714286,912
70,22,0.3142857142857143,70,31,0.44285714285714284,70,37,0.5285714285714286,0.010247617626290598,0.11682813219314594,0.010241017307578364,2.5275045629295017,1.2453664642879096,5.129638141719367,True,0.2142857142857143,0.057142857142857106,0.3714285714285714,0.12857142857142856,913
70,18,0.2571428571428571,70,31,0.44285714285714284,70,38,0.5428571428571428,0.0005599062480061843,0.02125060274444335,0.0006767074566074099,3.4901715887622284,1.697505157143024,7.176000419053054,True,0.2857142857142857,0.12857142857142856,0.44285714285714284,0.18571428571428572,914
70,19,0.2714285714285714,70,27,0.38571428571428573,70,36,0.5142857142857142,0.003262464551061773,0.15000938577412762,0.003922600867605475,2.8638169281057695,1.4010062763089342,5.853969062374617,True,0.24285714285714283,0.07142857142857145,0.4,0.11428571428571432,915
70,17,0.24285714285714285,70,24,0.34285714285714286,70,38,0.5428571428571428,0.00027899221057136475,0.1935915512625201,0.0003152547093275329,3.848268267657742,1.8485950453256201,8.011039896113624,True,0.29999999999999993,0.14285714285714285,0.4571428571428571,0.1,916
70,29,0.4142857142857143,70,27,0.38571428571428573,70,28,0.4,0.8634191274849894,0.7300697275800421,0.8376029318584244,0.9316774413791145,0.4735473497208438,1.8330223055549413,True,-0.01428571428571429,-0.17142857142857143,0.15714285714285714,-0.02857142857142858,917
70,22,0.3142857142857143,70,33,0.4714285714285714,70,38,0.5428571428571428,0.006285181643384482,0.05696789805266202,0.005075851609262292,2.7931189023543945,1.361681415581153,5.729323403712464,True,0.22857142857142854,0.0714285714285714,0.3857142857142858,0.15714285714285714,918
70,20,0.2857142857142857,70,26,0.37142857142857144,70,32,0.45714285714285713,0.03582123919892002,0.28030976562100696,0.038179153797653055,2.099246197245349,1.0412392725638562,4.232297717505463,True,0.17142857142857143,0.01428571428571429,0.32857142857142857,0.08571428571428574,919
70,15,0.21428571428571427,70,35,0.5,70,36,0.5142857142857142,0.0002259308412680957,0.0004192369695409875,0.0003194999709495547,3.966534710359005,1.8729269999174523,8.400432910186161,True,0.29999999999999993,0.14285714285714285,0.4571428571428571,0.2857142857142857,920
70,18,0.2571428571428571,70,30,0.42857142857142855,70,33,0.4714285714285714,0.008429596538289138,0.03262753307176913,0.009745020343108474,2.570126060445917,1.2563017877687637,5.2579308816514025,True,0.2142857142857143,0.05714285714285716,0.37142857142857144,0.17142857142857143,921
70,20,0.2857142857142857,70,25,0.35714285714285715,70,27,0.38571428571428573,0.21028909717077288,0.36555659141522145,0.23524001502213754,1.5505750953738524,0.7515267277224107,3.199198428617558,True,0.10000000000000003,-0.05714285714285716,0.2571428571428571,0.07142857142857145,922
70,22,0.3142857142857143,70,23,0.32857142857142857,70,34,0.4857142857142857,0.03843393023678176,0.8563945998833334,0.04198797609095846,2.046310317531454,1.0262802519761505,4.0801583267072274,True,0.17142857142857143,0.01428571428571429,0.3146428571428552,0.01428571428571429,923
70,18,0.2571428571428571,70,29,0.4142857142857143,70,36,0.5142857142857142,0.0017762943509938849,0.04899444859570722,0.0017870224666302562,3.236072707858518,1.5487775135918558,6.7615693530184195,True,0.2571428571428571,0.11428571428571427,0.41428571428571426,0.1571428571428572,924
70,23,0.32857142857142857,70,25,0.35714285714285715,70,31,0.44285714285714284,0.16482725172001045,0.7217610673583166,0.17378193641736261,1.6240989323665633,0.8074621054913655,3.266651554513622,True,0.11428571428571427,-0.04285714285714287,0.27142857142857135,0.02857142857142858,925
70,19,0.2714285714285714,70,33,0.4714285714285714,70,35,0.5,0.00546885312217271,0.014334259452098139,0.003947927017357896,2.912985939504737,1.4079508581814817,6.026834696995182,True,0.2285714285714286,0.0714285714285714,0.3857142857142857,0.2,926
70,18,0.2571428571428571,70,22,0.3142857142857143,70,36,0.5142857142857142,0.0017762943509938849,0.45426024256681874,0.0014246340628893217,3.2910206342017223,1.5828493511476565,6.842607483073827,True,0.2571428571428571,0.10000000000000003,0.4142857142857143,0.05714285714285716,927
70,16,0.22857142857142856,70,30,0.42857142857142855,70,31,0.44285714285714284,0.007263641508519324,0.011764786559866998,0.00837028811876198,2.678028489224631,1.2876859679348718,5.569554043211796,True,0.21428571428571427,0.05714285714285716,0.35714285714285715,0.19999999999999998,928
70,24,0.34285714285714286,70,19,0.2714285714285714,70,38,0.5428571428571428,0.017217063758586098,0.3596464805938585,0.017933697624830124,2.311294365903465,1.1549616682226698,4.6253324182419355,True,0.19999999999999996,0.04285714285714287,0.3571428571428572,-0.07142857142857145,929
70,23,0.32857142857142857,70,24,0.34285714285714286,70,34,0.4857142857142857,0.05845668419140268,0.8579634010854629,0.05865634798205835,1.9763955156804758,0.9753729950650817,4.004764591766514,True,0.15714285714285714,0.0,0.31428571428571433,0.01428571428571429,930
70,14,0.2,70,32,0.45714285714285713,70,27,0.38571428571428573,0.01576388550166007,0.0012000374428290186,0.017466728288952935,2.508974210944903,1.1750413375661544,5.3572171377606495,True,0.18571428571428572,0.042857142857142844,0.32857142857142857,0.2571428571428571,931
70,16,0.22857142857142856,70,30,0.42857142857142855,70,41,0.5857142857142857,1.7034768728499052e-05,0.011764786559866998,1.8924663836054307e-05,5.239264382830824,2.4528803924004574,11.19088046781459,True,0.3571428571428572,0.2,0.5,0.19999999999999998,932
70,15,0.21428571428571427,70,37,0.5285714285714286,70,35,0.5,0.0004192369695409875,0.00011904890933436814,0.0005727138047071853,3.7204672952054993,1.7615449445473272,7.857805125858276,True,0.2857142857142857,0.1285714285714286,0.4285714285714286,0.3142857142857143,933
70,22,0.3142857142857143,70,20,0.2857142857142857,70,35,0.5,0.025331845901846613,0.7122353915731037,0.03375440772572964,2.1444108631957057,1.0603320237895384,4.336847182788182,True,0.18571428571428572,0.02857142857142858,0.3571428571428571,-0.02857142857142858,934
70,22,0.3142857142857143,70,31,0.44285714285714284,70,37,0.5285714285714286,0.010247617626290598,0.11682813219314594,0.010074720297580943,2.5024925638537137,1.244357564813276,5.03269253888681,True,0.2142857142857143,0.04285714285714287,0.37142857142857144,0.12857142857142856,935
70,20,0.2857142857142857,70,26,0.37142857142857144,70,49,0.7,9.467524795168849e-07,0.28030976562100696,1.8639531107123045e-06,6.0936219873938695,2.8987808424536876,12.809602016625462,True,0.41428571428571426,0.2571428571428571,0.5571428571428572,0.08571428571428574,936
70,14,0.2,70,28,0.4,70,33,0.4714285714285714,0.0006729272278499696,0.009823274507519235,0.0006830677277000345,3.7830634695541008,1.7553983927832193,8.152889551176715,True,0.2714285714285714,0.1142857142857143,0.4142857142857143,0.2,937
70,22,0.3142857142857143,70,33,0.4714285714285714,70,36,0.5142857142857142,0.016306170074973737,0.05696789805266202,0.01430302741911433,2.4408133793035187,1.1952454985408352,4.984390202565173,True,0.19999999999999996,0.02857142857142858,0.3571428571428571,0.15714285714285714,938
70,23,0.32857142857142857,70,25,0.35714285714285715,70,35,0.5,0.03950877632201647,0.7217610673583166,0.04115675087737493,2.0489217242904942,1.0292185929675572,4.078900498838795,True,0.17142857142857143,0.014285714285714235,0.3428571428571428,0.02857142857142858,939
70,17,0.24285714285714285,70,25,0.35714285714285715,70,42,0.6,1.8779116827853704e-05,0.1400990632504758,2.5156311153696322e-05,5.023073454678799,2.370806938865822,10.642480632847006,True,0.3571428571428571,0.2139285714285714,0.5142857142857142,0.1142857142857143,940
70,17,0.24285714285714285,70,28,0.4,70,35,0.5,0.001641521777688543,0.04652253842775168,0.0015904405630915673,3.2684706667798813,1.5670743580083584,6.817098655853025,True,0.2571428571428571,0.10000000000000003,0.41428571428571426,0.15714285714285717,941
70,16,0.22857142857142856,70,28,0.4,70,30,0.42857142857142855,0.011764786559866998,0.028913987342994316,0.011533020225970657,2.6132345534974606,1.2402187818100496,5.5062823848115166,True,0.19999999999999998,0.05714285714285716,0.3571428571428571,0.17142857142857146,942
70,11,0.15714285714285714,70,31,0.44285714285714284,70,35,0.5,1.5709681011044403e-05,0.00022553077418826072,2.8432460930123203e-05,5.636883462229717,2.508192216062313,12.668269586069664,True,0.34285714285714286,0.18571428571428575,0.4857142857142857,0.2857142857142857,943
70,29,0.4142857142857143,70,27,0.38571428571428573,70,34,0.4857142857142857,0.3956520860991082,0.7300697275800421,0.4262229691485022,1.3216509427299725,0.6649238659278907,2.6270093523887095,True,0.0714285714285714,-0.08571428571428569,0.2289285714285695,-0.02857142857142858,944
70,16,0.22857142857142856,70,28,0.4,70,39,0.5571428571428572,6.88675312046598e-05,0.028913987342994316,8.791784409708977e-05,4.404926166878114,2.099504106211244,9.241884537517173,True,0.3285714285714286,0.1857142857142857,0.4714285714285715,0.17142857142857146,945
70,24,0.34285714285714286,70,27,0.38571428571428573,70,24,0.34285714285714286,1.0,0.5982824269290895,0.9826779499648667,1.0078071107436108,0.49944760813298694,2.033597029850913,True,0.0,-0.15714285714285714,0.15714285714285714,0.04285714285714287,946
70,20,0.2857142857142857,70,27,0.38571428571428573,70,34,0.4857142857142857,0.015066291379480895,0.21028909717077288,0.008616288478909273,2.6707721252892536,1.2832739861231448,5.558457369475252,True,0.2,0.04285714285714287,0.35714285714285715,0.10000000000000003,947
70,18,0.2571428571428571,70,29,0.4142857142857143,70,35,0.5,0.003054425358239884,0.04899444859570722,0.0032539250863980545,2.991011281613224,1.4417830728837249,6.204919904382218,True,0.24285714285714288,0.08571428571428574,0.3857142857142858,0.1571428571428572,948
70,18,0.2571428571428571,70,25,0.35714285714285715,70,37,0.5285714285714286,0.001009154011747773,0.19968325932049968,0.0011719669062579864,3.370574097852445,1.6182062025325605,7.020594613550329,True,0.27142857142857146,0.12857142857142856,0.4285714285714286,0.10000000000000003,949
70,23,0.32857142857142857,70,25,0.35714285714285715,70,48,0.6857142857142857,2.3766808691255327e-05,0.7217610673583166,3.5327102366585846e-05,4.49651288866283,2.20545643248691,9.167548204573723,True,0.35714285714285715,0.2,0.5,0.02857142857142858,950
70,12,0.17142857142857143,70,21,0.3,70,42,0.6,1.9004761150385458e-07,0.07311997004794135,6.591706308375027e-07,7.569033751613171,3.4087382615306883,16.806884993080473,True,0.42857142857142855,0.27142857142857146,0.5714285714285714,0.12857142857142856,951
70,21,0.3,70,29,0.4142857142857143,70,32,0.45714285714285713,0.05527325082754323,0.1582247513999311,0.05876475237693164,1.9728947024789318,0.9751414695996269,3.9915372573248646,True,0.15714285714285714,0.0,0.3142857142857143,0.11428571428571432,952
70,21,0.3,70,31,0.44285714285714284,70,31,0.44285714285714284,0.08026930135546974,0.08026930135546974,0.0920587105596189,1.8791669141490281,0.9020376432833703,3.9147682112009727,True,0.14285714285714285,-0.01428571428571429,0.30000000000000004,0.14285714285714285,953
70,15,0.21428571428571427,70,24,0.34285714285714286,70,41,0.5857142857142857,7.276835270588304e-06,0.08974712834927731,1.4812626980647154e-05,5.3396911384926184,2.5021794428389494,11.394986692939499,True,0.37142857142857144,0.2285714285714286,0.5285714285714285,0.1285714285714286,954
70,17,0.24285714285714285,70,27,0.38571428571428573,70,36,0.5142857142857142,0.0009306234156672285,0.06867563863383211,0.0011612585384095887,3.3502853153444865,1.6152889828772412,6.948856714307161,True,0.27142857142857135,0.11428571428571427,0.4285714285714286,0.14285714285714288,955
70,19,0.2714285714285714,70,28,0.4,70,38,0.5428571428571428,0.0010814029778651352,0.10724394061929676,0.0012525452732385473,3.210230190253084,1.5807005728780625,6.519626835870919,True,0.2714285714285714,0.11428571428571427,0.4285714285714286,0.12857142857142861,956
70,17,0.24285714285714285,70,38,0.5428571428571428,70,34,0.4857142857142857,0.002830147857605349,0.00027899221057136475,0.0034367657080080676,2.9551543597663197,1.4299900692637197,6.10699156431369,True,0.24285714285714285,0.08571428571428569,0.3857142857142858,0.29999999999999993,957
70,21,0.3,70,29,0.4142857142857143,70,40,0.5714285714285714,0.0012017492872824435,0.1582247513999311,0.0013155507956895387,3.2323642612961914,1.5800306187697688,6.612643194117311,True,0.2714285714285714,0.11428571428571427,0.4285714285714285,0.11428571428571432,958
70,21,0.3,70,31,0.44285714285714284,70,33,0.4714285714285714,0.037203202068748664,0.08026930135546974,0.033403185233865346,2.199082134355501,1.063914710571055,4.5454416463946155,True,0.17142857142857143,0.01428571428571429,0.32857142857142857,0.14285714285714285,959
70,24,0.34285714285714286,70,34,0.4857142857142857,70,34,0.4857142857142857,0.08621570341178506,0.08621570341178506,0.0857224979492221,1.8225907676549074,0.9190830513028135,3.6142948144154676,True,0.14285714285714285,-0.01428571428571429,0.3142857142857142,0.14285714285714285,960
70,15,0.21428571428571427,70,29,0.4142857142857143,70,40,0.5714285714285714,1.5165826393734674e-05,0.010810456627395102,3.107912134929203e-05,4.922130238498698,2.325263484652264,10.419191736615767,True,0.3571428571428571,0.2142857142857143,0.5142857142857142,0.20000000000000004,961
70,16,0.22857142857142856,70,29,0.4142857142857143,70,36,0.5142857142857142,0.0004683196161939428,0.01864506117421733,0.0004781462338869884,3.819654800394256,1.8005960065554403,8.102740837510385,True,0.2857142857142857,0.12857142857142856,0.44285714285714284,0.18571428571428575,962
70,14,0.2,70,35,0.5,70,40,0.5714285714285714,6.352361206009598e-06,0.0001984024045859719,1.3732857579901804e-05,5.322910515557534,2.5051109554711015,11.31022811375024,True,0.3714285714285714,0.2142857142857143,0.5285714285714285,0.3,963
70,16,0.22857142857142856,70,28,0.4,70,44,0.6285714285714286,1.7363711244846526e-06,0.028913987342994316,2.5403636274833396e-06,6.434381086784603,2.9627632105197703,13.973867308386147,True,0.4,0.24285714285714288,0.5428571428571428,0.17142857142857146,964
70,17,0.24285714285714285,70,32,0.45714285714285713,70,43,0.6142857142857143,8.981463634177948e-06,0.007863221348181232,2.541009507087118e-05,4.8583138764353615,2.3279728738494385,10.13895564982899,True,0.37142857142857144,0.22857142857142854,0.5142857142857142,0.21428571428571427,965
70,17,0.24285714285714285,70,31,0.44285714285714284,70,36,0.5142857142857142,0.0009306234156672285,0.012676052703650924,0.001032815583189691,3.49623460157152,1.6554412321590044,7.383926503560646,True,0.27142857142857135,0.11428571428571432,0.4285714285714286,0.19999999999999998,966
70,17,0.24285714285714285,70,28,0.4,70,37,0.5285714285714286,0.0005155481818387301,0.04652253842775168,0.0006260092629544445,3.5421694367403114,1.7159209021519901,7.312087814095413,True,0.2857142857142857,0.14285714285714285,0.4289285714285695,0.15714285714285717,967
70,14,0.2,70,34,0.4857142857142857,70,36,0.5142857142857142,0.0001042696991757032,0.0003693584683354245,0.000141979108440249,4.388311675655879,2.0484344638433822,9.400974111012646,True,0.3142857142857142,0.15714285714285717,0.4714285714285714,0.2857142857142857,968
70,19,0.2714285714285714,70,27,0.38571428571428573,70,38,0.5428571428571428,0.0010814029778651352,0.15000938577412762,0.0014070150190896966,3.166008772247587,1.5606374882813059,6.422767376290214,True,0.2714285714285714,0.11392857142857138,0.4142857142857143,0.11428571428571432,969
70,17,0.24285714285714285,70,25,0.35714285714285715,70,38,0.5428571428571428,0.00027899221057136475,0.1400990632504758,0.0003161845382998492,3.8597979753716034,1.8508291385333053,8.049387218146306,True,0.29999999999999993,0.14285714285714288,0.45714285714285713,0.1142857142857143,970
70,17,0.24285714285714285,70,30,0.42857142857142855,70,33,0.4714285714285714,0.004770513090089518,0.01998792215771021,0.005652694351055669,2.8002999403217173,1.3504089169485327,5.8068927547408045,True,0.22857142857142856,0.07142857142857145,0.37142857142857144,0.1857142857142857,971
70,15,0.21428571428571427,70,35,0.5,70,31,0.44285714285714284,0.003989425859212526,0.0004192369695409875,0.0049513836320607294,2.922457360745048,1.3832842486390367,6.174260303893329,True,0.22857142857142856,0.07142857142857145,0.3857142857142857,0.2857142857142857,972
70,18,0.2571428571428571,70,28,0.4,70,38,0.5428571428571428,0.0005599062480061843,0.0719597135260913,0.0005085785319715058,3.6518397284897968,1.7593570964054501,7.580003758090459,True,0.2857142857142857,0.1285714285714286,0.4285714285714286,0.1428571428571429,973
70,14,0.2,70,30,0.42857142857142855,70,36,0.5142857142857142,0.0001042696991757032,0.00358116403312374,0.0001012610221708792,4.811239197986594,2.1791512011327945,10.622494945834683,True,0.3142857142857142,0.1710714285714286,0.4714285714285714,0.22857142857142854,974
70,17,0.24285714285714285,70,28,0.4,70,38,0.5428571428571428,0.00027899221057136475,0.04652253842775168,0.00034733442104511195,3.758388925194171,1.8195040993589935,7.763372073741724,True,0.29999999999999993,0.14285714285714285,0.4571428571428571,0.15714285714285717,975
70,21,0.3,70,34,0.4857142857142857,70,36,0.5142857142857142,0.009869991042600109,0.02447064311494846,0.012283727080018545,2.439227476328318,1.213733606773053,4.902089427262212,True,0.21428571428571425,0.057142857142857106,0.37142857142857144,0.18571428571428572,976
70,18,0.2571428571428571,70,29,0.4142857142857143,70,42,0.6,4.153330286677669e-05,0.04899444859570722,3.598721002856454e-05,4.923882221487038,2.3115705627789587,10.488373801546157,True,0.34285714285714286,0.18571428571428572,0.4857142857142857,0.1571428571428572,977
70,22,0.3142857142857143,70,31,0.44285714285714284,70,43,0.6142857142857143,0.0003726411793928773,0.11682813219314594,0.000327017606073009,3.7323608950223615,1.8195361949913036,7.656081747117267,True,0.30000000000000004,0.14285714285714285,0.45714285714285713,0.12857142857142856,978
70,17,0.24285714285714285,70,25,0.35714285714285715,70,32,0.45714285714285713,0.007863221348181232,0.1400990632504758,0.010006548127671286,2.6104142510893062,1.2577804965275805,5.417688206410124,True,0.21428571428571427,0.05714285714285716,0.37142857142857144,0.1142857142857143,979
70,19,0.2714285714285714,70,29,0.4142857142857143,70,36,0.5142857142857142,0.003262464551061773,0.07498913678750244,0.003356677325743564,2.8945664006815828,1.4227740528703454,5.888858199973266,True,0.24285714285714283,0.08571428571428574,0.4,0.1428571428571429,980
70,11,0.15714285714285714,70,25,0.35714285714285715,70,34,0.4857142857142857,3.1518485501976436e-05,0.006784853455658382,6.031882206429801e-05,5.360520347553241,2.360107320449425,12.175369377296114,True,0.32857142857142857,0.18571428571428572,0.4714285714285714,0.2,981
70,19,0.2714285714285714,70,28,0.4,70,32,0.45714285714285713,0.022423752669128452,0.10724394061929676,0.019826672560460546,2.395184201056429,1.1486588774640334,4.994439576052426,True,0.18571428571428572,0.02857142857142858,0.3428571428571428,0.12857142857142861,982
70,15,0.21428571428571427,70,27,0.38571428571428573,70,29,0.4142857142857143,0.010810456627395102,0.02688845410374583,0.01156134957182611,2.6161337032812777,1.2402110981077443,5.518540806389092,True,0.20000000000000004,0.04285714285714287,0.35714285714285715,0.17142857142857146,983
70,19,0.2714285714285714,70,28,0.4,70,33,0.4714285714285714,0.014334259452098139,0.10724394061929676,0.015971982426292504,2.4295836108457523,1.180144398552962,5.001825648902046,True,0.2,0.02857142857142858,0.3571428571428571,0.12857142857142861,984
70,18,0.2571428571428571,70,20,0.2857142857142857,70,36,0.5142857142857142,0.0017762943509938849,0.7038684184434106,0.001703544612468514,3.1973684664821116,1.5468953877302447,6.608827714881607,True,0.2571428571428571,0.09999999999999998,0.41428571428571426,0.02857142857142858,985
70,18,0.2571428571428571,70,28,0.4,70,35,0.5,0.003054425358239884,0.0719597135260913,0.00324377270413135,2.9870664834177125,1.4414930010291662,6.189808878702231,True,0.24285714285714288,0.08571428571428569,0.39999999999999997,0.1428571428571429,986
70,13,0.18571428571428572,70,31,0.44285714285714284,70,39,0.5571428571428572,5.422849181765876e-06,0.0010492162160453948,9.68948823602353e-06,5.809072844981805,2.664304601051221,12.665716714594321,True,0.37142857142857144,0.2282142857142857,0.5142857142857142,0.2571428571428571,987
70,17,0.24285714285714285,70,23,0.32857142857142857,70,34,0.4857142857142857,0.002830147857605349,0.2616510905882334,0.0025149312741401322,3.1018496215189493,1.4884149091803638,6.464239920719133,True,0.24285714285714285,0.08571428571428574,0.3860714285714267,0.08571428571428572,988
70,13,0.18571428571428572,70,29,0.4142857142857143,70,46,0.6571428571428571,1.62144140087472e-08,0.003169064655117476,8.042019923073709e-08,8.774316934526802,3.9692706561200226,19.396167290537072,True,0.4714285714285714,0.3285714285714285,0.6142857142857143,0.2285714285714286,989
70,20,0.2857142857142857,70,31,0.44285714285714284,70,37,0.5285714285714286,0.0034512326321624654,0.05337626009840693,0.003277632804311985,2.908810742088353,1.4276511209528664,5.9266439882324295,True,0.24285714285714288,0.08571428571428569,0.4,0.15714285714285714,990
70,17,0.24285714285714285,70,25,0.35714285714285715,70,44,0.6285714285714286,4.183956163766298e-06,0.1400990632504758,7.913572814004805e-06,5.39173229779678,2.5745895090110134,11.291422212883955,True,0.3857142857142857,0.24285714285714283,0.5428571428571428,0.1142857142857143,991
70,11,0.15714285714285714,70,21,0.3,70,40,0.5714285714285714,3.522618615968206e-07,0.04414712418408917,1.2585412219739115e-06,7.481231354890848,3.3151925567284284,16.88252541222955,True,0.41428571428571426,0.2571428571428571,0.557142857142857,0.14285714285714285,992
70,17,0.24285714285714285,70,34,0.4857142857142857,70,36,0.5142857142857142,0.0009306234156672285,0.002830147857605349,0.00131871204399476,3.30280370962871,1.593118342433779,6.847270572299371,True,0.27142857142857135,0.11428571428571427,0.42857142857142855,0.24285714285714285,993
70,20,0.2857142857142857,70,24,0.34285714285714286,70,37,0.5285714285714286,0.0034512326321624654,0.4664794871252478,0.003113229785390061,2.9433701770667327,1.438844774858148,6.021099809115931,True,0.24285714285714288,0.08571428571428569,0.3857142857142858,0.05714285714285716,994
70,16,0.22857142857142856,70,29,0.4142857142857143,70,41,0.5857142857142857,1.7034768728499052e-05,0.01864506117421733,2.9309116004677483e-05,4.997403759942437,2.34970322083308,10.628595185324015,True,0.3571428571428572,0.2,0.5,0.18571428571428575,995
70,22,0.3142857142857143,70,34,0.4857142857142857,70,36,0.5142857142857142,0.016306170074973737,0.03843393023678176,0.016387618063288385,2.3334421899195497,1.168133527223069,4.661241482076531,True,0.19999999999999996,0.04285714285714287,0.3428571428571429,0.17142857142857143,996
70,21,0.3,70,28,0.4,70,38,0.5428571428571428,0.003618052251272993,0.21484694740564553,0.0032897823805931544,2.9344224454980643,1.4314296460524232,6.015548939055217,True,0.24285714285714283,0.07142857142857145,0.39999999999999997,0.10000000000000003,997
70,24,0.34285714285714286,70,27,0.38571428571428573,70,38,0.5428571428571428,0.017217063758586098,0.5982824269290895,0.01658116954483068,2.3162112266435857,1.1651112791904994,4.604568286522112,True,0.19999999999999996,0.02857142857142858,0.37142857142857144,0.04285714285714287,998
70,21,0.3,70,30,0.42857142857142855,70,34,0.4857142857142857,0.02447064311494846,0.11396581350907546,0.02587658521555006,2.216525858208911,1.100509163550597,4.4642852988682735,True,0.18571428571428572,0.028571428571428525,0.34285714285714286,0.12857142857142856,999
70,20,0.2857142857142857,70,28,0.4,70,27,0.38571428571428573,0.21028909717077288,0.15432359056084352,0.2112252736257203,1.5876095995916968,0.769191630022359,3.2768222408276095,True,0.10000000000000003,-0.057142857142857134,0.2571428571428571,0.11428571428571432,1000
