compound_id,smiles,cnn_affinity,type,has_smiles,drug_name,final_smiles
fda_1628,_c001,6.50695038,FDA,False,,
fda_1149,METOLAZONE,5.24769831,FDA,False,METOLAZONE,
fda_1775,_c001,4.70371199,FDA,False,,
fda_1324,RIBOFLAVIN PHOSPHATE,4.64546061,FDA,False,RIBOFLAVIN PHOSPHATE,
fda_1812,_c001,5.13331795,FDA,False,,
fda_1682,_c001,4.74180841,FDA,False,,
fda_1307,ALISKIREN,5.60153198,FDA,False,ALISKIREN,
fda_1755,_c001,4.11631584,FDA,False,,
fda_1681,_c001,4.43182135,FDA,False,,
fda_1180,CARTEOLOL,3.21930432,FDA,False,CARTEOLOL,
fda_1199,GREPAFLOXACIN,4.80435896,FDA,False,GREPAFLOXACIN,
fda_1566,_c001,4.83029604,FDA,False,,
fda_1728,_c001,4.53364134,FDA,False,,
fda_1268,SAQUINAVIR,5.4330163,FDA,False,SAQUINAVIR,
fda_1000,NOVOBIOCIN,5.71098089,FDA,False,NOVOBIOCIN,
fda_1460,BENZQUINAMIDE,4.1828413,FDA,False,BENZQUINAMIDE,
fda_1747,_c001,4.11050367,FDA,False,,
fda_1492,TOLVAPTAN,5.44702864,FDA,False,TOLVAPTAN,
fda_1178,PROPAFENONE,3.94263721,FDA,False,PROPAFENONE,
fda_1039,CEFONICID,4.51875544,FDA,False,CEFONICID,
fda_1202,LACTIC ACID,2.7041328,FDA,False,LACTIC ACID,
fda_1827,SAFINAMIDE,3.31493688,FDA,False,SAFINAMIDE,
fda_1824,LIFITEGRAST,5.02756929,FDA,False,LIFITEGRAST,
fda_1271,INDINAVIR,5.06193924,FDA,False,INDINAVIR,
fda_1558,_c001,3.29629827,FDA,False,,
fda_1528,VEMURAFENIB,5.40291452,FDA,False,VEMURAFENIB,
fda_1248,PIPECURONIUM,6.06469393,FDA,False,PIPECURONIUM,
fda_1826,RUCAPARIB,5.04596853,FDA,False,RUCAPARIB,
fda_106,DIPHEMANIL,4.52620554,FDA,False,DIPHEMANIL,
fda_1187,_c001,3.44303036,FDA,False,,
fda_1594,_c001,5.15336227,FDA,False,,
fda_1561,_c001,4.08763361,FDA,False,,
fda_1638,_c001,4.25459814,FDA,False,,
fda_1624,_c001,4.53428936,FDA,False,,
fda_1335,TESTOSTERONE CYPIONATE,6.27472258,FDA,False,TESTOSTERONE CYPIONATE,
fda_1402,EFLORNITHINE,2.75194836,FDA,False,EFLORNITHINE,
fda_1439,_c001,4.44425201,FDA,False,,
fda_172,_c001,5.64298868,FDA,False,,
fda_180,METHYLPHENIDATE,3.19584346,FDA,False,METHYLPHENIDATE,
fda_1332,_c001,2.81100678,FDA,False,,
fda_1036,CEFMENOXIME,4.98890781,FDA,False,CEFMENOXIME,
fda_1119,DIETHYLPROPION,3.42219257,FDA,False,DIETHYLPROPION,
fda_1342,Molecule-1,2.56090617,FDA,True,,Molecule-1
fda_14,MEPERIDINE,3.99196529,FDA,False,MEPERIDINE,
fda_1192,ONDANSETRON,3.9746542,FDA,False,ONDANSETRON,
fda_1736,_c001,3.6575706,FDA,False,,
fda_1445,CLINDAMYCIN PHOSPHATE,3.81997371,FDA,False,CLINDAMYCIN PHOSPHATE,
fda_1585,_c001,5.22351837,FDA,False,,
fda_1397,TIOPRONIN,2.68835235,FDA,False,TIOPRONIN,
fda_1795,_c001,4.85070038,FDA,False,,
fda_1495,PRALATREXATE,4.98038483,FDA,False,PRALATREXATE,
fda_1739,_c001,3.54147339,FDA,False,,
fda_147,WARFARIN,4.85922766,FDA,False,WARFARIN,
fda_1732,_c001,4.62231779,FDA,False,,
fda_1597,_c001,4.97705078,FDA,False,,
fda_1198,DONEPEZIL,4.88029289,FDA,False,DONEPEZIL,
fda_1367,_c001,4.6994195,FDA,False,,
fda_112,MEPHENTERMINE,2.91908836,FDA,False,MEPHENTERMINE,
fda_1376,MEBUTAMATE,3.77110028,FDA,False,MEBUTAMATE,
fda_1474,PRASUGREL,4.61686516,FDA,False,PRASUGREL,
fda_1615,_c001,4.9793725,FDA,False,,
fda_1130,ACRISORCIN,3.4243381,FDA,False,ACRISORCIN,
fda_1571,_c001,6.06077814,FDA,False,,
fda_1134,METAXALONE,3.34436345,FDA,False,METAXALONE,
fda_1425,CEFDITOREN PIVOXIL,5.49285269,FDA,False,CEFDITOREN PIVOXIL,
fda_181,MECAMYLAMINE,3.55595589,FDA,False,MECAMYLAMINE,
fda_1564,_c001,4.62794828,FDA,False,,
fda_1841,BRIGATINIB,4.90723181,FDA,False,BRIGATINIB,
fda_1711,_c001,6.46600103,FDA,False,,
fda_1309,LAPATINIB,5.74226332,FDA,False,LAPATINIB,
fda_117,ISONIAZID,3.18299389,FDA,False,ISONIAZID,
fda_1043,IMIPENEM,3.1855762,FDA,False,IMIPENEM,
fda_156,_c001,4.61890173,FDA,False,,
fda_1001,SPECTINOMYCIN,2.88872075,FDA,False,SPECTINOMYCIN,
fda_1541,_c001,4.61348534,FDA,False,,
fda_1764,_c001,2.89153695,FDA,False,,
fda_1516,RILPIVIRINE,5.61041641,FDA,False,RILPIVIRINE,
fda_1767,_c001,3.55616069,FDA,False,,
fda_1644,_c001,3.8366344,FDA,False,,
fda_1565,_c001,4.66389227,FDA,False,,
fda_1575,_c001,2.96360493,FDA,False,,
fda_1259,ROCURONIUM,6.08955383,FDA,False,ROCURONIUM,
fda_116,METHARBITAL,5.27937651,FDA,False,METHARBITAL,
fda_1034,CLAVULANATE,3.06482768,FDA,False,CLAVULANATE,
fda_1258,PENTOSAN POLYSULFATE,4.14206076,FDA,False,PENTOSAN POLYSULFATE,
fda_1527,AXITINIB,5.63194036,FDA,False,AXITINIB,
fda_1289,OSELTAMIVIR,3.96236801,FDA,False,OSELTAMIVIR,
fda_1210,PRIMAQUINE,3.57218838,FDA,False,PRIMAQUINE,
fda_1184,RIMANTADINE,4.4405117,FDA,False,RIMANTADINE,
fda_184,CLIDINIUM,4.21942091,FDA,False,CLIDINIUM,
fda_1321,MENADIOL,2.86658096,FDA,False,MENADIOL,
fda_1845,RIBOCICLIB,5.47886133,FDA,False,RIBOCICLIB,
fda_1046,VANCOMYCIN,6.00930166,FDA,False,VANCOMYCIN,
fda_1539,_c001,5.27472878,FDA,False,,
fda_1817,_c001,2.83666301,FDA,False,,
fda_1426,Molecule-1,3.70572853,FDA,True,,Molecule-1
fda_1422,GANIRELIX,6.76217127,FDA,False,GANIRELIX,
fda_1057,CEFEPIME,4.72068262,FDA,False,CEFEPIME,
fda_1647,_c001,4.95467091,FDA,False,,
fda_16,HYDROCODONE,4.34501839,FDA,False,HYDROCODONE,
fda_1567,_c001,3.59988093,FDA,False,,
fda_1238,BITOLTEROL,4.26400757,FDA,False,BITOLTEROL,
fda_1386,CLOCORTOLONE PIVALATE,6.0873189,FDA,False,CLOCORTOLONE PIVALATE,
fda_159,TRIDIHEXETHYL,4.95570707,FDA,False,TRIDIHEXETHYL,
fda_111,HYDROCORTISONE BUTYRATE,5.39108086,FDA,False,HYDROCORTISONE BUTYRATE,
fda_1508,GABAPENTIN ENACARBIL,4.42039776,FDA,False,GABAPENTIN ENACARBIL,
fda_1393,Molecule-1,3.51974487,FDA,True,,Molecule-1
fda_1044,_c001,4.72891665,FDA,False,,
fda_1249,_c001,5.71912527,FDA,False,,
fda_1667,_c001,4.41287231,FDA,False,,
fda_1038,CEFTAZIDIME,4.71331072,FDA,False,CEFTAZIDIME,
fda_1326,ABAMETAPIR,3.13395047,FDA,False,ABAMETAPIR,
fda_1100,CYCRIMINE,4.40150833,FDA,False,CYCRIMINE,
fda_1035,AMDINOCILLIN,3.49798012,FDA,False,AMDINOCILLIN,
fda_1781,_c001,5.88233137,FDA,False,,
fda_1081,PENTOBARBITAL,4.89274168,FDA,False,PENTOBARBITAL,
fda_1253,NAFARELIN,6.44178724,FDA,False,NAFARELIN,
fda_1684,_c001,4.26197052,FDA,False,,
fda_1042,CILASTATIN,3.57902431,FDA,False,CILASTATIN,
fda_1450,Molecule-1,5.06914711,FDA,True,,Molecule-1
fda_1463,CYCLOTHIAZIDE,4.67832327,FDA,False,CYCLOTHIAZIDE,
fda_15,HOMATROPINE METHYLBROMIDE,3.95362091,FDA,False,HOMATROPINE METHYLBROMIDE,
fda_1609,_c001,3.45718503,FDA,False,,
fda_1033,AZLOCILLIN,4.42720175,FDA,False,AZLOCILLIN,
fda_124,LEVONORDEFRIN,2.94401765,FDA,False,LEVONORDEFRIN,
fda_158,ACETYLDIGITOXIN,6.72336388,FDA,False,ACETYLDIGITOXIN,
fda_1101,ETHOPROPAZINE,4.26101065,FDA,False,ETHOPROPAZINE,
fda_1569,_c001,3.76257443,FDA,False,,
fda_1269,QUETIAPINE,4.19764185,FDA,False,QUETIAPINE,
fda_1131,METHYCLOTHIAZIDE,3.62588429,FDA,False,METHYCLOTHIAZIDE,
fda_1208,PHENTOLAMINE,4.17618513,FDA,False,PHENTOLAMINE,
fda_1501,LEVOMEFOLATE,3.99888301,FDA,False,LEVOMEFOLATE,
fda_1028,CEFORANIDE,4.13812637,FDA,False,CEFORANIDE,
fda_1642,_c001,6.19540024,FDA,False,,
fda_1280,CLOPIDOGREL,4.50415277,FDA,False,CLOPIDOGREL,
fda_1186,AMLODIPINE,4.13780355,FDA,False,AMLODIPINE,
fda_1762,_c001,4.76135874,FDA,False,,
fda_1060,CEFTIBUTEN,4.62833214,FDA,False,CEFTIBUTEN,
fda_1619,_c001,3.3546207,FDA,False,,
fda_1120,THIORIDAZINE,5.44778585,FDA,False,THIORIDAZINE,
fda_1524,_c001,5.26269674,FDA,False,,
fda_1047,CEFIXIME,4.45410156,FDA,False,CEFIXIME,
fda_1095,PARAMETHADIONE,3.90911269,FDA,False,PARAMETHADIONE,
fda_1471,Molecule-1,4.62906837,FDA,True,,Molecule-1
fda_1096,SECOBARBITAL,5.10873079,FDA,False,SECOBARBITAL,
fda_1181,BETAXOLOL,4.33641624,FDA,False,BETAXOLOL,
fda_1191,BISOPROLOL,3.67768192,FDA,False,BISOPROLOL,
fda_1337,PREDNISOLONE TEBUTATE,5.97596359,FDA,False,PREDNISOLONE TEBUTATE,
fda_1049,CEFMETAZOLE,4.28226233,FDA,False,CEFMETAZOLE,
fda_166,PREDNISONE,5.44756508,FDA,False,PREDNISONE,
fda_1193,LOMEFLOXACIN,5.4960041,FDA,False,LOMEFLOXACIN,
fda_1176,TERAZOSIN,4.67160749,FDA,False,TERAZOSIN,
fda_1111,ETHOTOIN,3.89299273,FDA,False,ETHOTOIN,
fda_1066,MYCOPHENOLATE MOFETIL,4.81391954,FDA,False,MYCOPHENOLATE MOFETIL,
fda_1570,_c001,5.38227129,FDA,False,,
fda_1632,_c001,4.68712521,FDA,False,,
fda_1792,O=C(O)CCSC[C@H]1O[C@@H]2O[C@@H]9[C@@H](CSCCC(=O)O)O[C@H](O[C@@H]8[C@@H](CSCC...,6.1930337,FDA,True,O=C(O)CCSC[C@H]1O[C@@H]2O[C@@H]9[C@@H](CSCCC(=O)O)O[C@H](O[C@@H]8[C@@H](CSCC...,O=C(O)CCSC[C@H]1O[C@@H]2O[C@@H]9[C@@H](CSCCC(=O)O)O[C@H](O[C@@H]8[C@@H](CSCC...
fda_1276,TROVAFLOXACIN,5.93103933,FDA,False,TROVAFLOXACIN,
fda_1760,_c001,3.63075709,FDA,False,,
fda_1487,PALIPERIDONE PALMITATE,6.35835981,FDA,False,PALIPERIDONE PALMITATE,
fda_139,MERCAPTOPURINE,3.64289594,FDA,False,MERCAPTOPURINE,
fda_115,PHENYLBUTAZONE,3.98610759,FDA,False,PHENYLBUTAZONE,
fda_1726,_c001,4.9994874,FDA,False,,
fda_1836,DELAFLOXACIN,5.17533731,FDA,False,DELAFLOXACIN,
fda_1086,DRONEDARONE,5.1417861,FDA,False,DRONEDARONE,
fda_1330,Molecule-1,3.51054096,FDA,True,,Molecule-1
fda_1213,ERGOLOID,6.58059931,FDA,False,ERGOLOID,
fda_1545,_c001,5.16196823,FDA,False,,
fda_130,CARBINOXAMINE,3.52999759,FDA,False,CARBINOXAMINE,
fda_1689,_c001,4.01326227,FDA,False,,
fda_120,SULFAMETHIZOLE,3.4513216,FDA,False,SULFAMETHIZOLE,
fda_167,HYDROXYCHLOROQUINE,4.0215683,FDA,False,HYDROXYCHLOROQUINE,
fda_1584,_c001,5.10363245,FDA,False,,
fda_1146,ENFLURANE,3.15907598,FDA,False,ENFLURANE,
fda_1724,_c001,5.66745996,FDA,False,,
fda_1141,KETAMINE,3.81570935,FDA,False,KETAMINE,
fda_1281,RIZATRIPTAN,4.02658224,FDA,False,RIZATRIPTAN,
fda_1007,AMOXICILLIN,4.29298162,FDA,False,AMOXICILLIN,
fda_1421,PIPERONYL BUTOXIDE,4.46002102,FDA,False,PIPERONYL BUTOXIDE,
fda_1542,_c001,4.44619608,FDA,False,,
fda_1246,PENTAMIDINE,4.08963251,FDA,False,PENTAMIDINE,
fda_1396,ENALAPRILAT,3.90822959,FDA,False,ENALAPRILAT,
fda_1583,_c001,4.37279844,FDA,False,,
fda_1837,ENASIDENIB,4.88615417,FDA,False,ENASIDENIB,
fda_1371,CEFADROXIL,4.02617168,FDA,False,CEFADROXIL,
fda_168,PROCYCLIDINE,4.68597555,FDA,False,PROCYCLIDINE,
fda_1404,COLFOSCERIL PALMITATE,6.43700027,FDA,False,COLFOSCERIL PALMITATE,
fda_1427,DEXMETHYLPHENIDATE,3.28530002,FDA,False,DEXMETHYLPHENIDATE,
fda_123,PHENOXYBENZAMINE,3.52114749,FDA,False,PHENOXYBENZAMINE,
fda_1494,VIGABATRIN,2.86180615,FDA,False,VIGABATRIN,
fda_1833,ETELCALCETIDE,6.37498236,FDA,False,ETELCALCETIDE,
fda_1022,CEPHRADINE,3.84822392,FDA,False,CEPHRADINE,
fda_1082,GENTIAN VIOLET,4.60446882,FDA,False,GENTIAN VIOLET,
fda_1148,MAZINDOL,3.34536004,FDA,False,MAZINDOL,
fda_137,CYCRIMINE,4.42670679,FDA,False,CYCRIMINE,
fda_133,_c001,4.03378391,FDA,False,,
fda_1406,OCTINOXATE,4.14172411,FDA,False,OCTINOXATE,
fda_1546,_c001,5.49917746,FDA,False,,
fda_161,GLUTETHIMIDE,5.15297937,FDA,False,GLUTETHIMIDE,
fda_1312,COLISTIN,5.68684959,FDA,False,COLISTIN,
fda_1285,ALMOTRIPTAN,4.28862381,FDA,False,ALMOTRIPTAN,
fda_1051,CLARITHROMYCIN,5.41407776,FDA,False,CLARITHROMYCIN,
fda_1252,GOSERELIN,5.91739416,FDA,False,GOSERELIN,
fda_1235,CERULETIDE,6.95496941,FDA,False,CERULETIDE,
fda_103,METHOTREXATE,5.24456263,FDA,False,METHOTREXATE,
fda_1097,DYPHYLLINE,3.1321907,FDA,False,DYPHYLLINE,
fda_1765,_c001,2.90519977,FDA,False,,
fda_1737,_c001,6.00663614,FDA,False,,
fda_1798,_c001,4.14355659,FDA,False,,
fda_1727,_c001,4.62512159,FDA,False,,
fda_1519,ABIRATERONE ACETATE,6.30808115,FDA,False,ABIRATERONE ACETATE,
fda_1476,_c001,5.32520533,FDA,False,,
fda_1551,_c001,4.21681356,FDA,False,,
fda_1322,EQUILIN,5.28230906,FDA,False,EQUILIN,
fda_1030,CEFUROXIME AXETIL,4.71639299,FDA,False,CEFUROXIME AXETIL,
fda_1703,_c001,3.68257022,FDA,False,,
fda_1140,TRIMIPRAMINE,4.70799875,FDA,False,TRIMIPRAMINE,
fda_1106,AMPHETAMINE,3.33328652,FDA,False,AMPHETAMINE,
fda_1190,METIPRANOLOL,3.86345172,FDA,False,METIPRANOLOL,
fda_1777,_c001,4.49744749,FDA,False,,
fda_1580,_c001,5.09233522,FDA,False,,
fda_1700,_c001,3.65143514,FDA,False,,
fda_1828,MIDOSTAURIN,5.1678443,FDA,False,MIDOSTAURIN,
fda_1052,CEFPROZIL,4.23877335,FDA,False,CEFPROZIL,
fda_1694,_c001,4.1586771,FDA,False,,
fda_1800,_c001,5.50502443,FDA,False,,
fda_1536,_c001,5.64682531,FDA,False,,
fda_1607,_c001,2.88766408,FDA,False,,
fda_160,METARAMINOL,3.08983922,FDA,False,METARAMINOL,
fda_1294,SERTACONAZOLE,4.61988211,FDA,False,SERTACONAZOLE,
fda_1431,METHYLNALTREXONE,4.4481082,FDA,False,METHYLNALTREXONE,
fda_1350,PARAMETHASONE ACETATE,5.64472342,FDA,False,PARAMETHASONE ACETATE,
fda_1073,AZACITIDINE,3.25714946,FDA,False,AZACITIDINE,
fda_122,PROCAINE,3.26402688,FDA,False,PROCAINE,
fda_1559,_c001,5.51277685,FDA,False,,
fda_1453,Molecule-1,3.86161923,FDA,True,,Molecule-1
fda_170,DYCLONINE,3.66893363,FDA,False,DYCLONINE,
fda_1470,METHYLPHENIDATE,3.60453343,FDA,False,METHYLPHENIDATE,
fda_1245,BUTOCONAZOLE,4.88568926,FDA,False,BUTOCONAZOLE,
fda_1189,LEVOCETIRIZINE,3.60457516,FDA,False,LEVOCETIRIZINE,
fda_1741,_c001,4.04980516,FDA,False,,
fda_1653,_c001,4.15954971,FDA,False,,
fda_1345,NANDROLONE PHENPROPIONATE,6.30494165,FDA,False,NANDROLONE PHENPROPIONATE,
fda_1517,BOCEPREVIR,5.36858225,FDA,False,BOCEPREVIR,
fda_1109,HYDROXYZINE,3.58753514,FDA,False,HYDROXYZINE,
fda_1605,_c001,4.59735012,FDA,False,,
fda_1489,_c001,5.90645599,FDA,False,,
fda_1438,Molecule-1,4.84367323,FDA,True,,Molecule-1
fda_1502,CEFTAROLINE,5.53061104,FDA,False,CEFTAROLINE,
fda_149,OXTRIPHYLLINE,3.50861049,FDA,False,OXTRIPHYLLINE,
fda_1568,_c001,3.87061381,FDA,False,,
fda_1188,FELODIPINE,4.31650352,FDA,False,FELODIPINE,
fda_1548,_c001,5.09572363,FDA,False,,
fda_1652,_c001,4.61441231,FDA,False,,
fda_1054,AZITHROMYCIN,5.04068613,FDA,False,AZITHROMYCIN,
fda_1212,OXYPHENONIUM,3.83411193,FDA,False,OXYPHENONIUM,
fda_136,ACETAZOLAMIDE,3.84131455,FDA,False,ACETAZOLAMIDE,
fda_1834,NIRAPARIB,4.1349535,FDA,False,NIRAPARIB,
fda_1359,CHLORPHENESIN CARBAMATE,3.03908849,FDA,False,CHLORPHENESIN CARBAMATE,
fda_105,LEUCOVORIN,4.3214469,FDA,False,LEUCOVORIN,
fda_1072,MYCOPHENOLIC ACID,4.53480864,FDA,False,MYCOPHENOLIC ACID,
fda_1782,_c001,5.86335182,FDA,False,,
fda_1395,ETOPOSIDE PHOSPHATE,4.15963507,FDA,False,ETOPOSIDE PHOSPHATE,
fda_1112,BUCLIZINE,4.43340921,FDA,False,BUCLIZINE,
fda_1511,VILAZODONE,4.82145548,FDA,False,VILAZODONE,
fda_1290,GALANTAMINE,4.23226118,FDA,False,GALANTAMINE,
fda_1436,LANREOTIDE,5.5477066,FDA,False,LANREOTIDE,
fda_1710,_c001,5.92942858,FDA,False,,
fda_1115,TRIMEPRAZINE,4.2617135,FDA,False,TRIMEPRAZINE,
fda_1529,TAFLUPROST,5.40237474,FDA,False,TAFLUPROST,
fda_1105,ETHCHLORVYNOL,3.12859273,FDA,False,ETHCHLORVYNOL,
fda_100,PYRILAMINE,3.7501862,FDA,False,PYRILAMINE,
fda_1075,GRAMICIDIN,5.39498138,FDA,False,GRAMICIDIN,
fda_1231,CLEMASTINE,4.77817106,FDA,False,CLEMASTINE,
fda_1821,_c001,4.60250998,FDA,False,,
fda_1157,TEMAZEPAM,3.69718289,FDA,False,TEMAZEPAM,
fda_154,PENTOLINIUM,3.11972356,FDA,False,PENTOLINIUM,
fda_10,ERGOCALCIFEROL,5.39842844,FDA,False,ERGOCALCIFEROL,
fda_1334,TESTOSTERONE ENANTHATE,5.52111292,FDA,False,TESTOSTERONE ENANTHATE,
fda_1774,_c001,4.94630575,FDA,False,,
fda_1731,_c001,5.6843648,FDA,False,,
fda_1785,_c001,5.53621912,FDA,False,,
fda_1168,FLURBIPROFEN,4.56908607,FDA,False,FLURBIPROFEN,
fda_128,PROPANTHELINE,4.58011293,FDA,False,PROPANTHELINE,
fda_1582,_c001,5.26472235,FDA,False,,
fda_1563,_c001,4.88391161,FDA,False,,
fda_1155,_c001,3.60755372,FDA,False,,
fda_179,AMBENONIUM,4.3643117,FDA,False,AMBENONIUM,
fda_1791,_c001,5.57008219,FDA,False,,
fda_1094,TRIHEXYPHENIDYL,4.64758301,FDA,False,TRIHEXYPHENIDYL,
fda_1223,MAFENIDE,3.19087005,FDA,False,MAFENIDE,
fda_127,LEVORPHANOL,4.80286455,FDA,False,LEVORPHANOL,
fda_1318,KANAMYCIN,3.35400271,FDA,False,KANAMYCIN,
fda_1090,METHADONE,4.64024687,FDA,False,METHADONE,
fda_1461,CYCLOTHIAZIDE,4.88519669,FDA,False,CYCLOTHIAZIDE,
fda_1761,_c001,3.13127232,FDA,False,,
fda_1384,ETIDOCAINE,3.58532333,FDA,False,ETIDOCAINE,
fda_1808,_c001,4.794662,FDA,False,,
fda_1201,EPINASTINE,4.77140093,FDA,False,EPINASTINE,
fda_1304,SUNITINIB,4.86630297,FDA,False,SUNITINIB,
fda_1799,_c001,3.57732272,FDA,False,,
fda_107,MONOBENZONE,3.54323173,FDA,False,MONOBENZONE,
fda_1150,DISOPYRAMIDE,4.72393084,FDA,False,DISOPYRAMIDE,
fda_1717,_c001,5.73464251,FDA,False,,
fda_1714,_c001,5.81857729,FDA,False,,
fda_1472,TOLVAPTAN,5.71758032,FDA,False,TOLVAPTAN,
fda_113,HYDRALAZINE,3.32749867,FDA,False,HYDRALAZINE,
fda_1723,_c001,4.52463579,FDA,False,,
fda_1002,CHLORTETRACYCLINE,4.24798059,FDA,False,CHLORTETRACYCLINE,
fda_1382,_c001,6.38599157,FDA,False,,
fda_1671,M LOSARTAN,5.09315157,FDA,False,LOSARTAN,
fda_1591,_c001,5.41264963,FDA,False,,
fda_1133,POLYTHIAZIDE,5.21278477,FDA,False,POLYTHIAZIDE,
fda_1707,_c001,4.90658236,FDA,False,,
fda_1789,_c001,4.70605278,FDA,False,,
fda_145,HYDROXYSTILBAMIDINE,4.34595156,FDA,False,HYDROXYSTILBAMIDINE,
fda_1277,NELFINAVIR,5.84552383,FDA,False,NELFINAVIR,
fda_1220,CARPHENAZINE,4.55251932,FDA,False,CARPHENAZINE,
fda_1657,_c001,4.40920973,FDA,False,,
fda_1017,NATAMYCIN,4.99468231,FDA,False,NATAMYCIN,
fda_1507,GABAPENTIN ENACARBIL,4.37186575,FDA,False,GABAPENTIN ENACARBIL,
fda_1139,PROPRANOLOL,3.4013412,FDA,False,PROPRANOLOL,
fda_1590,_c001,5.85742998,FDA,False,,
fda_1497,DIENOGEST,5.5657649,FDA,False,DIENOGEST,
fda_1418,MEQUINOL,3.52578545,FDA,False,MEQUINOL,
fda_1233,CHLORHEXIDINE,5.18994474,FDA,False,CHLORHEXIDINE,
fda_1631,_c001,3.74308848,FDA,False,,
fda_1685,_c001,3.88139725,FDA,False,,
fda_1832,BETRIXABAN,4.98085165,FDA,False,BETRIXABAN,
fda_101,EDROPHONIUM,3.87420869,FDA,False,EDROPHONIUM,
fda_1093,BETHANECHOL,2.75888443,FDA,False,BETHANECHOL,
fda_1391,GLUTATHIONE DISULFIDE,3.91180229,FDA,False,GLUTATHIONE DISULFIDE,
fda_1219,METHYSERGIDE,3.75057626,FDA,False,METHYSERGIDE,
fda_1633,_c001,4.61079788,FDA,False,,
fda_1456,ISOSORBIDE,2.7480309,FDA,False,ISOSORBIDE,
fda_1243,SUFENTANIL,4.12913275,FDA,False,SUFENTANIL,
fda_1027,CEFOPERAZONE,5.39918375,FDA,False,CEFOPERAZONE,
fda_1850,GLECAPREVIR,5.82164001,FDA,False,GLECAPREVIR,
fda_1696,_c001,5.03592634,FDA,False,,
fda_164,MEPROBAMATE,3.34052396,FDA,False,MEPROBAMATE,
fda_1311,BACITRACIN,5.93531418,FDA,False,BACITRACIN,
fda_1143,PEMOLINE,3.7593298,FDA,False,PEMOLINE,
fda_1704,_c001,4.25471497,FDA,False,,
fda_1630,_c001,5.20028448,FDA,False,,
fda_134,PROPARACAINE,3.67678833,FDA,False,PROPARACAINE,
fda_1606,_c001,2.85903168,FDA,False,,
fda_1444,PLICAMYCIN,5.465065,FDA,False,PLICAMYCIN,
fda_1019,MECLOCYCLINE,4.88442039,FDA,False,MECLOCYCLINE,
fda_1356,METHIXENE,4.42658186,FDA,False,METHIXENE,
fda_1701,_c001,5.74122667,FDA,False,,
fda_1553,_c001,5.34212255,FDA,False,,
fda_1295,TIOTROPIUM,4.37629223,FDA,False,TIOTROPIUM,
fda_1158,OXPRENOLOL,3.06638598,FDA,False,OXPRENOLOL,
fda_1400,Molecule-1,4.91312408,FDA,True,,Molecule-1
fda_1067,CEFDINIR,5.23147917,FDA,False,CEFDINIR,
fda_1690,_c001,4.10417223,FDA,False,,
fda_1773,_c001,3.47703671,FDA,False,,
fda_1315,MEZLOCILLIN,4.74569893,FDA,False,MEZLOCILLIN,
fda_1006,MITOMYCIN,3.35288644,FDA,False,MITOMYCIN,
fda_1170,NIMODIPINE,5.28435659,FDA,False,NIMODIPINE,
fda_1433,DESVENLAFAXINE,4.34468794,FDA,False,DESVENLAFAXINE,
fda_1678,_c001,3.80444217,FDA,False,,
fda_1625,_c001,4.55409527,FDA,False,,
fda_1392,DRONABINOL,5.24925947,FDA,False,DRONABINOL,
fda_1216,DIHYDROCODEINE,3.70368314,FDA,False,DIHYDROCODEINE,
fda_1462,CYCLOTHIAZIDE,4.52588654,FDA,False,CYCLOTHIAZIDE,
fda_1672,_c001,4.29345846,FDA,False,,
fda_1651,_c001,3.545964,FDA,False,,
fda_1499,DABIGATRAN ETEXILATE,5.7695179,FDA,False,DABIGATRAN ETEXILATE,
fda_140,ETHOPROPAZINE,4.54167891,FDA,False,ETHOPROPAZINE,
fda_1729,_c001,4.77332735,FDA,False,,
fda_1780,_c001,5.07954073,FDA,False,,
fda_1110,BROMPHENIRAMINE,3.56866908,FDA,False,BROMPHENIRAMINE,
fda_1538,_c001,4.98142958,FDA,False,,
fda_108,HYDROCORTISONE,5.31878805,FDA,False,HYDROCORTISONE,
fda_1175,BEPRIDIL,4.26199245,FDA,False,BEPRIDIL,
fda_1377,MEBUTAMATE,3.44453549,FDA,False,MEBUTAMATE,
fda_143,TESTOSTERONE,4.99357605,FDA,False,TESTOSTERONE,
fda_1009,DOXORUBICIN,4.15304184,FDA,False,DOXORUBICIN,
fda_1415,NALMEFENE,4.43247461,FDA,False,NALMEFENE,
fda_1738,_c001,5.65522146,FDA,False,,
fda_150,DESLANOSIDE,6.25214243,FDA,False,DESLANOSIDE,
fda_1790,_c001,4.66205359,FDA,False,,
fda_1343,Molecule-1,5.01367092,FDA,True,,Molecule-1
fda_1385,ETIDOCAINE,3.56268907,FDA,False,ETIDOCAINE,
fda_1579,_c001,5.75230455,FDA,False,,
fda_1443,Molecule-1,4.20747185,FDA,True,,Molecule-1
fda_1217,ACETOPHENAZINE,4.80832911,FDA,False,ACETOPHENAZINE,
fda_1788,_c001,5.35421705,FDA,False,,
fda_1353,DROMOSTANOLONE PROPIONATE,5.45416498,FDA,False,DROMOSTANOLONE PROPIONATE,
fda_1752,_c001,4.02918577,FDA,False,,
fda_1408,PANTOTHENIC ACID,2.70209026,FDA,False,PANTOTHENIC ACID,
fda_1171,MEXILETINE,3.44256973,FDA,False,MEXILETINE,
fda_1310,NILOTINIB,6.35661316,FDA,False,NILOTINIB,
fda_1649,_c001,5.09638786,FDA,False,,
fda_1122,TROPICAMIDE,3.99501157,FDA,False,TROPICAMIDE,
fda_1050,IDARUBICIN,4.4464016,FDA,False,IDARUBICIN,
fda_1473,BESIFLOXACIN,5.57413101,FDA,False,BESIFLOXACIN,
fda_1076,PAROMOMYCIN,2.88108945,FDA,False,PAROMOMYCIN,
fda_1323,DEXPANTHENOL,2.58386731,FDA,False,DEXPANTHENOL,
fda_1787,_c001,5.6262908,FDA,False,,
fda_1498,ULIPRISTAL ACETATE,5.78613424,FDA,False,ULIPRISTAL ACETATE,
fda_1555,_c001,3.39420509,FDA,False,,
fda_1683,_c001,4.68897486,FDA,False,,
fda_1319,HYDROXYAMPHETAMINE,3.97407818,FDA,False,HYDROXYAMPHETAMINE,
fda_1437,AMBRISENTAN,4.55749941,FDA,False,AMBRISENTAN,
fda_1274,TILUDRONATE,4.49648285,FDA,False,TILUDRONATE,
fda_1159,AMINOGLUTETHIMIDE,4.01370955,FDA,False,AMINOGLUTETHIMIDE,
fda_1581,_c001,7.02369452,FDA,False,,
fda_1434,FOSAPREPITANT,5.49073029,FDA,False,FOSAPREPITANT,
fda_1719,_c001,3.8103478,FDA,False,,
fda_1547,_c001,5.31247568,FDA,False,,
fda_129,PHENYTOIN,4.65764093,FDA,False,PHENYTOIN,
fda_1601,_c001,4.71198082,FDA,False,,
fda_1250,DOXAZOSIN,4.87354803,FDA,False,DOXAZOSIN,
fda_1756,_c001,3.50728154,FDA,False,,
fda_1814,_c001,3.05424404,FDA,False,,
fda_1646,_c001,3.11229801,FDA,False,,
fda_1316,BENZOYL PEROXIDE,3.36206794,FDA,False,BENZOYL PEROXIDE,
fda_1618,_c001,5.67005301,FDA,False,,
fda_1260,LEVOMETHADYL ACETATE,5.37525415,FDA,False,LEVOMETHADYL ACETATE,
fda_1102,WARFARIN,4.46008682,FDA,False,WARFARIN,
fda_1449,Molecule-1,3.58196831,FDA,True,,Molecule-1
fda_1297,PEMETREXED,5.58744574,FDA,False,PEMETREXED,
fda_1183,SUPROFEN,4.63130379,FDA,False,SUPROFEN,
fda_1399,MESALAMINE,2.90608859,FDA,False,MESALAMINE,
fda_1830,M MIDOSTAURIN,5.0859828,FDA,False,MIDOSTAURIN,
fda_1735,_c001,5.99825716,FDA,False,,
fda_157,CHLOROPROCAINE,3.20567513,FDA,False,CHLOROPROCAINE,
fda_1813,_c001,3.29858518,FDA,False,,
fda_1715,_c001,4.38241339,FDA,False,,
fda_1074,STREPTOMYCIN,3.75947571,FDA,False,STREPTOMYCIN,
fda_1214,BENZTROPINE,4.26593781,FDA,False,BENZTROPINE,
fda_1412,CALCIPOTRIENE,6.08589697,FDA,False,CALCIPOTRIENE,
fda_1056,_c001,6.21071863,FDA,False,,
fda_1645,_c001,3.53380275,FDA,False,,
fda_1407,Molecule-1,4.72195292,FDA,True,,Molecule-1
fda_1145,BUPIVACAINE,3.68517661,FDA,False,BUPIVACAINE,
fda_1079,CANDICIDIN,6.80928564,FDA,False,CANDICIDIN,
fda_1032,CEFTIZOXIME,4.38452387,FDA,False,CEFTIZOXIME,
fda_1098,PROMETHAZINE,4.07471752,FDA,False,PROMETHAZINE,
fda_1196,CARVEDILOL,4.05035257,FDA,False,CARVEDILOL,
fda_104,CHLOROTRIANISENE,4.88617086,FDA,False,CHLOROTRIANISENE,
fda_1401,HISTRELIN,6.94086838,FDA,False,HISTRELIN,
fda_1064,_c001,6.05012131,FDA,False,,
fda_1225,MESORIDAZINE,5.19237566,FDA,False,MESORIDAZINE,
fda_1237,NICOTINE,2.76339698,FDA,False,NICOTINE,
fda_165,ETHINAMATE,3.54969859,FDA,False,ETHINAMATE,
fda_1543,_c001,4.64663076,FDA,False,,
fda_1603,_c001,5.05959463,FDA,False,,
fda_1040,AZTREONAM,4.31805277,FDA,False,AZTREONAM,
fda_1303,SORAFENIB,5.11755323,FDA,False,SORAFENIB,
fda_1025,CEFOTAXIME,4.43686342,FDA,False,CEFOTAXIME,
fda_1794,_c001,4.28344917,FDA,False,,
fda_1754,_c001,4.04674339,FDA,False,,
fda_1138,OXAZEPAM,3.94227242,FDA,False,OXAZEPAM,
fda_18,ETHINYL ESTRADIOL,5.42335176,FDA,False,ETHINYL ESTRADIOL,
fda_1232,Molecule-1,4.52045393,FDA,True,,Molecule-1
fda_1708,_c001,5.15598679,FDA,False,,
fda_1229,TERBUTALINE,3.2669735,FDA,False,TERBUTALINE,
fda_1003,CEPHALEXIN,3.79396176,FDA,False,CEPHALEXIN,
fda_1592,_c001,5.65839815,FDA,False,,
fda_1572,_c001,5.30189753,FDA,False,,
fda_1663,_c001,3.61006737,FDA,False,,
fda_1620,_c001,4.88072252,FDA,False,,
fda_1709,_c001,3.8883152,FDA,False,,
fda_1758,_c001,4.84959793,FDA,False,,
fda_1108,CLIDINIUM,4.67676592,FDA,False,CLIDINIUM,
fda_1699,_c001,6.02587938,FDA,False,,
fda_1818,_c001,5.73327017,FDA,False,,
fda_1599,_c001,5.24024773,FDA,False,,
fda_11,ESTRONE,4.96658564,FDA,False,ESTRONE,
fda_1637,_c001,4.18871355,FDA,False,,
fda_1811,_c001,5.61609888,FDA,False,,
fda_1383,DIFLORASONE DIACETATE,5.26732016,FDA,False,DIFLORASONE DIACETATE,
fda_1779,_c001,5.71925926,FDA,False,,
fda_1509,VANDETANIB,5.39506531,FDA,False,VANDETANIB,
fda_1429,ROTIGOTINE,3.94682384,FDA,False,ROTIGOTINE,
fda_1769,_c001,3.71075344,FDA,False,,
fda_1589,_c001,4.26466322,FDA,False,,
fda_1742,_c001,5.47134161,FDA,False,,
fda_1263,IBUTILIDE,4.69024467,FDA,False,IBUTILIDE,
fda_1822,_c001,5.33389235,FDA,False,,
fda_1416,PHENYLBUTYRATE,4.04722977,FDA,False,PHENYLBUTYRATE,
fda_1442,DIFLUPREDNATE,5.58651876,FDA,False,DIFLUPREDNATE,
fda_1394,ALCLOMETASONE DIPROPIONATE,5.26364183,FDA,False,ALCLOMETASONE DIPROPIONATE,
fda_1468,ISOETHARINE,3.34920001,FDA,False,ISOETHARINE,
fda_1165,SULCONAZOLE,5.13706732,FDA,False,SULCONAZOLE,
fda_1452,FESOTERODINE,4.77759171,FDA,False,FESOTERODINE,
fda_1012,VIDARABINE,3.26997757,FDA,False,VIDARABINE,
fda_177,HYDROXYAMPHETAMINE,3.08051014,FDA,False,HYDROXYAMPHETAMINE,
fda_1080,PRAMOXINE,3.95907402,FDA,False,PRAMOXINE,
fda_1424,UNOPROSTONE ISOPROPYL,6.05131006,FDA,False,UNOPROSTONE ISOPROPYL,
fda_1209,PRIMAQUINE,3.55998158,FDA,False,PRIMAQUINE,
fda_1464,CYCLOTHIAZIDE,5.20062065,FDA,False,CYCLOTHIAZIDE,
fda_1154,LORAZEPAM,5.02302456,FDA,False,LORAZEPAM,
fda_1819,_c001,6.11367226,FDA,False,,
fda_1099,BROMODIPHENHYDRAMINE,3.65985847,FDA,False,BROMODIPHENHYDRAMINE,
fda_1776,_c001,4.39670753,FDA,False,,
fda_110,HYDROCORTISONE VALERATE,5.3588562,FDA,False,HYDROCORTISONE VALERATE,
fda_1660,_c001,4.27650023,FDA,False,,
fda_1505,ERIBULIN,5.97780466,FDA,False,ERIBULIN,
fda_1173,ETODOLAC,4.39507103,FDA,False,ETODOLAC,
fda_1604,_c001,4.75036001,FDA,False,,
fda_1116,LUMEFANTRINE,4.64072275,FDA,False,LUMEFANTRINE,
fda_118,SUCCINYLCHOLINE,3.14934921,FDA,False,SUCCINYLCHOLINE,
fda_1273,EMEDASTINE,3.72274661,FDA,False,EMEDASTINE,
fda_1351,STANOZOLOL,5.61148453,FDA,False,STANOZOLOL,
fda_1648,_c001,5.43663979,FDA,False,,
fda_131,PHENINDIONE,3.65962791,FDA,False,PHENINDIONE,
fda_1602,_c001,4.80777407,FDA,False,,
fda_1552,_c001,3.72068596,FDA,False,,
fda_1091,DOXYLAMINE,3.40686011,FDA,False,DOXYLAMINE,
fda_1803,_c001,4.48276091,FDA,False,,
fda_1013,AMIKACIN,2.92015529,FDA,False,AMIKACIN,
fda_1576,_c001,5.88944817,FDA,False,,
fda_1611,_c001,3.25447774,FDA,False,,
fda_1298,DARIFENACIN,5.24171495,FDA,False,DARIFENACIN,
fda_1388,SARALASIN,6.09389114,FDA,False,SARALASIN,
fda_1459,TROGLITAZONE,4.95964289,FDA,False,TROGLITAZONE,
fda_1455,LACOSAMIDE,2.80403042,FDA,False,LACOSAMIDE,
fda_1071,EPIRUBICIN,4.35509443,FDA,False,EPIRUBICIN,
fda_1796,_c001,4.25588369,FDA,False,,
fda_1065,FOSFOMYCIN,3.43492889,FDA,False,FOSFOMYCIN,
fda_1750,_c001,3.98918724,FDA,False,,
fda_174,ETHCHLORVYNOL,3.25786471,FDA,False,ETHCHLORVYNOL,
fda_1340,METHYLPREDNISOLONE ACETATE,5.40675402,FDA,False,METHYLPREDNISOLONE ACETATE,
fda_1234,_c001,5.62769318,FDA,False,,
fda_102,BROMODIPHENHYDRAMINE,4.12314081,FDA,False,BROMODIPHENHYDRAMINE,
fda_1540,_c001,5.72905922,FDA,False,,
fda_1574,_c001,4.5285778,FDA,False,,
fda_1300,ATAZANAVIR,5.40055656,FDA,False,ATAZANAVIR,
fda_1127,CHLORTHALIDONE,5.24539709,FDA,False,CHLORTHALIDONE,
fda_141,RESERPINE,4.46043921,FDA,False,RESERPINE,
fda_1264,TOREMIFENE,5.0731225,FDA,False,TOREMIFENE,
fda_1722,_c001,3.40886402,FDA,False,,
fda_1608,_c001,4.63563776,FDA,False,,
fda_1224,MESORIDAZINE,5.09620047,FDA,False,MESORIDAZINE,
fda_1770,_c001,4.1436286,FDA,False,,
fda_1458,BENZYL ALCOHOL,3.60570216,FDA,False,BENZYL ALCOHOL,
fda_1843,TELOTRISTAT ETHYL,6.00391817,FDA,False,TELOTRISTAT ETHYL,
fda_1346,NANDROLONE DECANOATE,5.75486565,FDA,False,NANDROLONE DECANOATE,
fda_1242,PIRBUTEROL,3.04730582,FDA,False,PIRBUTEROL,
fda_1706,_c001,3.33157468,FDA,False,,
fda_1679,_c001,3.94101977,FDA,False,,
fda_1533,VISMODEGIB,5.933002,FDA,False,VISMODEGIB,
fda_1113,METHOCARBAMOL,2.67686176,FDA,False,METHOCARBAMOL,
fda_1831,NERATINIB,5.79231787,FDA,False,NERATINIB,
fda_1636,_c001,4.15396118,FDA,False,,
fda_1068,omega_1,6.69201136,FDA,True,,omega_1
fda_1341,TRIAMCINOLONE HEXACETONIDE,5.72384262,FDA,False,TRIAMCINOLONE HEXACETONIDE,
fda_1164,CARPROFEN,4.21298742,FDA,False,CARPROFEN,
fda_1493,PRASUGREL,4.57621765,FDA,False,PRASUGREL,
fda_12,DIETHYLSTILBESTROL,4.67038584,FDA,False,DIETHYLSTILBESTROL,
fda_1687,_c001,4.25596189,FDA,False,,
fda_1163,PINDOLOL,3.11070895,FDA,False,PINDOLOL,
fda_1526,RUXOLITINIB,4.71331596,FDA,False,RUXOLITINIB,
fda_1045,CEFOTIAM,4.78887033,FDA,False,CEFOTIAM,
fda_1623,_c001,6.30511045,FDA,False,,
fda_1535,_c001,6.83681679,FDA,False,,
fda_1016,CYCLACILLIN,4.09069967,FDA,False,CYCLACILLIN,
fda_1241,PIRBUTEROL,3.1886375,FDA,False,PIRBUTEROL,
fda_1204,LENALIDOMIDE,4.37568617,FDA,False,LENALIDOMIDE,
fda_1483,ROMIDEPSIN,4.95712996,FDA,False,ROMIDEPSIN,
fda_1656,_c001,4.00431633,FDA,False,,
fda_1161,ATENOLOL,3.12897587,FDA,False,ATENOLOL,
fda_1317,CEFOTETAN,4.93731117,FDA,False,CEFOTETAN,
fda_1104,PROCYCLIDINE,4.32303667,FDA,False,PROCYCLIDINE,
fda_1488,PALIPERIDONE PALMITATE,6.05917406,FDA,False,PALIPERIDONE PALMITATE,
fda_1674,_c001,3.87963557,FDA,False,,
fda_1358,CHLORPHENESIN CARBAMATE,3.80888653,FDA,False,CHLORPHENESIN CARBAMATE,
fda_1207,NOREPINEPHRINE,3.04195285,FDA,False,NOREPINEPHRINE,
fda_1712,_c001,5.50071669,FDA,False,,
fda_1339,HEXOCYCLIUM,4.50061226,FDA,False,HEXOCYCLIUM,
fda_176,_c001,2.90183091,FDA,False,,
fda_1267,DOLASETRON,3.71503711,FDA,False,DOLASETRON,
fda_1162,TOCAINIDE,3.5258255,FDA,False,TOCAINIDE,
fda_1023,_c001,3.07185435,FDA,False,,
fda_1370,THONZONIUM,5.04186821,FDA,False,THONZONIUM,
fda_1088,CHLOROQUINE,3.86179233,FDA,False,CHLOROQUINE,
fda_1635,_c001,4.07039928,FDA,False,,
fda_1226,CLORAZEPATE,4.32325602,FDA,False,CLORAZEPATE,
fda_1389,ESTRAMUSTINE PHOSPHATE,5.83770895,FDA,False,ESTRAMUSTINE PHOSPHATE,
fda_1279,ESCITALOPRAM,5.31001425,FDA,False,ESCITALOPRAM,
fda_1092,DIHYDROARTEMISININ,5.09609079,FDA,False,DIHYDROARTEMISININ,
fda_1532,IVACAFTOR,4.88409996,FDA,False,IVACAFTOR,
fda_1291,_c001,4.2635479,FDA,False,,
fda_1329,TYROSINE,3.32335019,FDA,False,TYROSINE,
fda_155,BUSULFAN,4.467834,FDA,False,BUSULFAN,
fda_1641,_c001,4.4783268,FDA,False,,
fda_1369,OXYMETHOLONE,5.52822542,FDA,False,OXYMETHOLONE,
fda_1669,_c001,4.58868551,FDA,False,,
fda_1441,Molecule-1,5.62263918,FDA,True,,Molecule-1
fda_1417,DOXERCALCIFEROL,5.89418602,FDA,False,DOXERCALCIFEROL,
fda_1802,_c001,4.62136364,FDA,False,,
fda_1757,_c001,4.44081736,FDA,False,,
fda_114,CODEINE,3.84626079,FDA,False,CODEINE,
fda_1469,METHYLPHENIDATE,3.41013074,FDA,False,METHYLPHENIDATE,
fda_1662,_c001,4.21345568,FDA,False,,
fda_1743,_c001,3.87476087,FDA,False,,
fda_1055,CEFPODOXIME PROXETIL,4.95589018,FDA,False,CEFPODOXIME PROXETIL,
fda_1784,_c001,5.83074331,FDA,False,,
fda_1349,BETAMETHASONE DIPROPIONATE,5.75050783,FDA,False,BETAMETHASONE DIPROPIONATE,
fda_1435,METHYL SALICYLATE,4.06221914,FDA,False,METHYL SALICYLATE,
fda_1598,_c001,6.44275331,FDA,False,,
fda_1587,_c001,5.97172785,FDA,False,,
fda_1614,_c001,5.5531249,FDA,False,,
fda_1257,SUMATRIPTAN,3.6347878,FDA,False,SUMATRIPTAN,
fda_1011,DAUNORUBICIN,4.07304573,FDA,False,DAUNORUBICIN,
fda_1325,Molecule-1,6.435009,FDA,True,,Molecule-1
fda_1338,HEXOCYCLIUM,4.34357023,FDA,False,HEXOCYCLIUM,
fda_1135,QUINETHAZONE,4.32468796,FDA,False,QUINETHAZONE,
fda_1520,DEFERIPRONE,2.96940207,FDA,False,DEFERIPRONE,
fda_13,SULFADIAZINE,3.62555504,FDA,False,SULFADIAZINE,
fda_1398,TIOPRONIN,2.6464026,FDA,False,TIOPRONIN,
fda_1005,CEPHAPIRIN,3.58053756,FDA,False,CEPHAPIRIN,
fda_1118,OXYPHENCYCLIMINE,4.45233297,FDA,False,OXYPHENCYCLIMINE,
fda_1262,IBUTILIDE,4.25029898,FDA,False,IBUTILIDE,
fda_1753,_c001,4.65156555,FDA,False,,
fda_1195,HALOFANTRINE,5.55730677,FDA,False,HALOFANTRINE,
fda_125,NITROFURANTOIN,3.94443822,FDA,False,NITROFURANTOIN,
fda_1221,METAPROTERENOL,2.99654651,FDA,False,METAPROTERENOL,
fda_1166,ECONAZOLE,4.35572815,FDA,False,ECONAZOLE,
fda_1344,Molecule-1,5.16334343,FDA,True,,Molecule-1
fda_1361,Molecule-1,4.6617322,FDA,True,,Molecule-1
fda_1355,METHIXENE,4.73394632,FDA,False,METHIXENE,
fda_1745,_c001,5.4295578,FDA,False,,
fda_144,TESTOSTERONE PROPIONATE,5.81028891,FDA,False,TESTOSTERONE PROPIONATE,
fda_1169,FLECAINIDE,3.81537247,FDA,False,FLECAINIDE,
fda_183,PROMAZINE,4.17531157,FDA,False,PROMAZINE,
fda_1021,CEFACLOR,3.90593076,FDA,False,CEFACLOR,
fda_1179,METHACHOLINE,2.59113908,FDA,False,METHACHOLINE,
fda_1839,M DEFLAZACORT,5.26731443,FDA,False,DEFLAZACORT,
fda_1478,VIGABATRIN,2.63106179,FDA,False,VIGABATRIN,
fda_1121,BIPERIDEN,4.83453512,FDA,False,BIPERIDEN,
fda_1272,DELAVIRDINE,3.95120168,FDA,False,DELAVIRDINE,
fda_1670,_c001,4.61172295,FDA,False,,
fda_1152,IBUPROFEN,4.56401396,FDA,False,IBUPROFEN,
fda_1328,HYDROCORTISONE PROBUTATE,5.50807714,FDA,False,HYDROCORTISONE PROBUTATE,
fda_163,_c001,3.70696449,FDA,False,,
fda_1228,CLORAZEPATE,4.27301931,FDA,False,CLORAZEPATE,
fda_1372,SULBACTAM,4.14346123,FDA,False,SULBACTAM,
fda_1430,Molecule-1,3.59967804,FDA,True,,Molecule-1
fda_153,BETAZOLE,2.85058689,FDA,False,BETAZOLE,
fda_1465,CYCLOTHIAZIDE,5.00046682,FDA,False,CYCLOTHIAZIDE,
fda_1639,_c001,4.06674385,FDA,False,,
fda_1815,_c001,6.62048292,FDA,False,,
fda_1673,_c001,5.45838022,FDA,False,,
fda_1510,ROFLUMILAST,5.16700983,FDA,False,ROFLUMILAST,
fda_1829,M MIDOSTAURIN,4.91782045,FDA,False,MIDOSTAURIN,
fda_152,DIGOXIN,6.82241964,FDA,False,DIGOXIN,
fda_1550,_c001,5.45816851,FDA,False,,
fda_1432,DESVENLAFAXINE,4.16016626,FDA,False,DESVENLAFAXINE,
fda_1622,_c001,4.6558342,FDA,False,,
fda_1308,SITAGLIPTIN,5.18658686,FDA,False,SITAGLIPTIN,
fda_1265,ROPIVACAINE,3.72087789,FDA,False,ROPIVACAINE,
fda_1596,_c001,4.04118681,FDA,False,,
fda_1227,TERBUTALINE,2.76635385,FDA,False,TERBUTALINE,
fda_1805,_c001,4.98529387,FDA,False,,
fda_1503,LURASIDONE,5.38665962,FDA,False,LURASIDONE,
fda_1381,PROTIRELIN,4.88319445,FDA,False,PROTIRELIN,
fda_1387,Molecule-1,3.14863849,FDA,True,,Molecule-1
fda_1665,_c001,5.71371412,FDA,False,,
fda_1466,CYCLOTHIAZIDE,4.30281687,FDA,False,CYCLOTHIAZIDE,
fda_1247,MILRINONE,4.27375269,FDA,False,MILRINONE,
fda_1354,Molecule-1,3.98390651,FDA,True,,Molecule-1
fda_1838,DEFLAZACORT,5.86068344,FDA,False,DEFLAZACORT,
fda_1586,_c001,5.5830512,FDA,False,,
fda_1560,_c001,4.18353033,FDA,False,,
fda_1357,Molecule-1,5.47827578,FDA,True,,Molecule-1
fda_1448,CARBENICILLIN INDANYL,4.86078262,FDA,False,CARBENICILLIN INDANYL,
fda_1842,TELOTRISTAT,5.93121386,FDA,False,TELOTRISTAT,
fda_1479,BEPOTASTINE,4.92008066,FDA,False,BEPOTASTINE,
fda_1577,_c001,5.18729925,FDA,False,,
fda_1693,_c001,4.04230928,FDA,False,,
fda_1053,LORACARBEF,4.61249208,FDA,False,LORACARBEF,
fda_1848,VALBENAZINE,4.65208769,FDA,False,VALBENAZINE,
fda_1522,INDACATEROL,5.1254096,FDA,False,INDACATEROL,
fda_1721,_c001,5.31553841,FDA,False,,
fda_1320,METHYLTESTOSTERONE,5.15610552,FDA,False,METHYLTESTOSTERONE,
fda_1405,OCTINOXATE,4.17677546,FDA,False,OCTINOXATE,
fda_175,FLUDROCORTISONE ACETATE,5.66596174,FDA,False,FLUDROCORTISONE ACETATE,
fda_1420,_c001,3.56823802,FDA,False,,
fda_1486,FENOFIBRIC ACID,4.37509298,FDA,False,FENOFIBRIC ACID,
fda_1018,CEFOXITIN,4.12350035,FDA,False,CEFOXITIN,
fda_1089,MEPHENYTOIN,3.95000005,FDA,False,MEPHENYTOIN,
fda_1521,ICATIBANT,6.70219421,FDA,False,ICATIBANT,
fda_1239,BITOLTEROL,4.43072605,FDA,False,BITOLTEROL,
fda_1185,_c001,5.18629456,FDA,False,,
fda_1218,GUANETHIDINE,3.58187175,FDA,False,GUANETHIDINE,
fda_1744,_c001,4.61539221,FDA,False,,
fda_1691,_c001,5.57116652,FDA,False,,
fda_1688,_c001,3.53551793,FDA,False,,
fda_1284,RAPACURONIUM,6.14489508,FDA,False,RAPACURONIUM,
fda_1336,Molecule-1,4.86459303,FDA,True,,Molecule-1
fda_1151,MICONAZOLE,4.91622686,FDA,False,MICONAZOLE,
fda_1236,MORPHINE,4.09412956,FDA,False,MORPHINE,
fda_1240,PENBUTOLOL,4.02326393,FDA,False,PENBUTOLOL,
fda_1128,ETHOSUXIMIDE,4.12637424,FDA,False,ETHOSUXIMIDE,
fda_1182,ESMOLOL,3.70413423,FDA,False,ESMOLOL,
fda_1020,BACAMPICILLIN,4.44262123,FDA,False,BACAMPICILLIN,
fda_1069,_c001,5.89764261,FDA,False,,
fda_1153,LUMEFANTRINE,5.16482687,FDA,False,LUMEFANTRINE,
fda_1194,DESFLURANE,3.06955028,FDA,False,DESFLURANE,
fda_1654,_c001,3.55396962,FDA,False,,
fda_1365,Molecule-1,2.95212173,FDA,True,,Molecule-1
fda_1643,_c001,4.74227381,FDA,False,,
fda_1477,ASENAPINE,4.20196342,FDA,False,ASENAPINE,
fda_1447,CARBENICILLIN INDANYL,4.86446428,FDA,False,CARBENICILLIN INDANYL,
fda_171,PREDNISOLONE,5.33013916,FDA,False,PREDNISOLONE,
fda_1008,CEFAZOLIN,4.31358099,FDA,False,CEFAZOLIN,
fda_1804,_c001,6.02829599,FDA,False,,
fda_1126,TRICHLORMETHIAZIDE,4.18389559,FDA,False,TRICHLORMETHIAZIDE,
fda_1655,_c001,3.88902855,FDA,False,,
fda_1807,_c001,5.34317017,FDA,False,,
fda_1222,METAPROTERENOL,2.70020747,FDA,False,METAPROTERENOL,
fda_1695,_c001,4.82218218,FDA,False,,
fda_1454,Molecule-1,4.80774164,FDA,True,,Molecule-1
fda_1844,NALDEMEDINE,6.04499674,FDA,False,NALDEMEDINE,
fda_1525,CLOBAZAM,5.46926641,FDA,False,CLOBAZAM,
fda_185,LIOTHYRONINE,5.51388216,FDA,False,LIOTHYRONINE,
fda_1352,LEVOPROPOXYPHENE,4.68763018,FDA,False,LEVOPROPOXYPHENE,
fda_1288,ROSIGLITAZONE,4.20354605,FDA,False,ROSIGLITAZONE,
fda_1677,_c001,3.73488402,FDA,False,,
fda_1132,OXYPHENBUTAZONE,4.98186111,FDA,False,OXYPHENBUTAZONE,
fda_1621,_c001,4.94436789,FDA,False,,
fda_1287,ROSIGLITAZONE,4.52131844,FDA,False,ROSIGLITAZONE,
fda_1504,CABAZITAXEL,5.45130157,FDA,False,CABAZITAXEL,
fda_1403,FLUTICASONE FUROATE,5.41979361,FDA,False,FLUTICASONE FUROATE,
fda_148,PROGESTERONE,5.15522957,FDA,False,PROGESTERONE,
fda_1537,_c001,5.84590006,FDA,False,,
fda_1847,VOXILAPREVIR,4.71763563,FDA,False,VOXILAPREVIR,
fda_1801,_c001,5.43059015,FDA,False,,
fda_1306,LISDEXAMFETAMINE,3.22432923,FDA,False,LISDEXAMFETAMINE,
fda_1659,_c001,4.1060214,FDA,False,,
fda_1810,_c001,5.64604902,FDA,False,,
fda_1296,METHYL AMINOLEVULINATE,3.94091678,FDA,False,METHYL AMINOLEVULINATE,
fda_1029,CEFUROXIME,4.10703087,FDA,False,CEFUROXIME,
fda_1481,PRALATREXATE,5.40797663,FDA,False,PRALATREXATE,
fda_1136,PRILOCAINE,3.25664067,FDA,False,PRILOCAINE,
fda_1730,_c001,6.02280426,FDA,False,,
fda_142,CHLORPROMAZINE,3.98391247,FDA,False,CHLORPROMAZINE,
fda_1588,_c001,4.43856716,FDA,False,,
fda_1720,_c001,4.09976053,FDA,False,,
fda_1740,_c001,6.0767417,FDA,False,,
fda_1275,EPROSARTAN,5.87561274,FDA,False,EPROSARTAN,
fda_1283,ABACAVIR,4.6323123,FDA,False,ABACAVIR,
fda_1409,Molecule-1,3.44059825,FDA,True,,Molecule-1
fda_1806,_c001,5.12096262,FDA,False,,
fda_1534,_c001,5.18365479,FDA,False,,
fda_1107,MECAMYLAMINE,3.49244618,FDA,False,MECAMYLAMINE,
fda_1698,_c001,3.87579703,FDA,False,,
fda_1256,PAMIDRONATE,4.01753569,FDA,False,PAMIDRONATE,
fda_1846,EDARAVONE,3.38784599,FDA,False,EDARAVONE,
fda_1749,_c001,4.23376989,FDA,False,,
fda_1144,MITOTANE,3.95542645,FDA,False,MITOTANE,
fda_1771,_c001,5.01362228,FDA,False,,
fda_1061,_c001,5.47704697,FDA,False,,
fda_1556,_c001,5.72152185,FDA,False,,
fda_1626,_c001,4.71505404,FDA,False,,
fda_1612,_c001,3.21292043,FDA,False,,
fda_1797,_c001,4.06119299,FDA,False,,
fda_1142,BENZQUINAMIDE,4.17962742,FDA,False,BENZQUINAMIDE,
fda_1496,ALCAFTADINE,5.02733183,FDA,False,ALCAFTADINE,
fda_1251,DOXAZOSIN,4.65940142,FDA,False,DOXAZOSIN,
fda_1137,DOXAPRAM,5.14859247,FDA,False,DOXAPRAM,
fda_1676,_c001,3.68411183,FDA,False,,
fda_1686,_c001,4.3532424,FDA,False,,
fda_17,ESTRADIOL,5.07554245,FDA,False,ESTRADIOL,
fda_1123,MEPIVACAINE,3.67592359,FDA,False,MEPIVACAINE,
fda_1617,_c001,4.67622566,FDA,False,,
fda_1010,CEPHALOTHIN,3.82449031,FDA,False,CEPHALOTHIN,
fda_1725,_c001,4.58185577,FDA,False,,
fda_1313,BLEOMYCIN,6.76447058,FDA,False,BLEOMYCIN,
fda_1514,_c001,6.69119644,FDA,False,,
fda_1117,METHOHEXITAL,5.16053152,FDA,False,METHOHEXITAL,
fda_135,CARBINOXAMINE,3.3441937,FDA,False,CARBINOXAMINE,
fda_1490,CAPSAICIN,4.36488771,FDA,False,CAPSAICIN,
fda_1024,PIPERACILLIN,4.48129129,FDA,False,PIPERACILLIN,
fda_1482,Molecule-1,5.56791353,FDA,True,,Molecule-1
fda_1379,ALBUTEROL,3.04252362,FDA,False,ALBUTEROL,
fda_1702,_c001,4.19065905,FDA,False,,
fda_1713,_c001,4.33254004,FDA,False,,
fda_1077,_c001,2.64991546,FDA,False,,
fda_1666,_c001,4.15770388,FDA,False,,
fda_1600,_c001,6.15010786,FDA,False,,
fda_1549,_c001,4.37978554,FDA,False,,
fda_1299,SOLIFENACIN,5.22013092,FDA,False,SOLIFENACIN,
fda_1375,Molecule-1,3.58759761,FDA,True,,Molecule-1
fda_1485,CARGLUMIC ACID,4.44541168,FDA,False,CARGLUMIC ACID,
fda_1783,_c001,4.26162767,FDA,False,,
fda_121,PYRIMETHAMINE,5.27643919,FDA,False,PYRIMETHAMINE,
fda_1668,_c001,3.94688058,FDA,False,,
fda_1849,M VALBENAZINE,4.61822653,FDA,False,VALBENAZINE,
fda_1733,_c001,5.75161314,FDA,False,,
fda_1410,SALMETEROL,4.38034964,FDA,False,SALMETEROL,
fda_1457,BETAMETHASONE PHOSPHATE,5.01584721,FDA,False,BETAMETHASONE PHOSPHATE,
fda_119,HEXYLCAINE,3.41250992,FDA,False,HEXYLCAINE,
fda_1197,BICALUTAMIDE,4.92825222,FDA,False,BICALUTAMIDE,
fda_1820,_c001,4.76758575,FDA,False,,
fda_1292,IMATINIB,6.2706604,FDA,False,IMATINIB,
fda_1746,_c001,5.43806601,FDA,False,,
fda_138,METHOXSALEN,3.65078092,FDA,False,METHOXSALEN,
fda_1348,BETAMETHASONE BENZOATE,6.83105707,FDA,False,BETAMETHASONE BENZOATE,
fda_1772,_c001,4.55802011,FDA,False,,
fda_1825,PRASTERONE,5.29769468,FDA,False,PRASTERONE,
fda_1031,CEFUROXIME AXETIL,4.56505013,FDA,False,CEFUROXIME AXETIL,
fda_1650,_c001,4.80067253,FDA,False,,
fda_1475,PITAVASTATIN,5.07504129,FDA,False,PITAVASTATIN,
fda_1167,KETOPROFEN,4.47381401,FDA,False,KETOPROFEN,
fda_1,SULFAPYRIDINE,3.39556313,FDA,False,SULFAPYRIDINE,
fda_1786,_c001,5.54291964,FDA,False,,
fda_1085,TETRAHYDROZOLINE,3.21013927,FDA,False,TETRAHYDROZOLINE,
fda_146,PRIMIDONE,3.73613715,FDA,False,PRIMIDONE,
fda_1203,_c001,5.72874975,FDA,False,,
fda_1360,LEVOMEPROMAZINE,4.06148338,FDA,False,LEVOMEPROMAZINE,
fda_1634,_c001,4.46304989,FDA,False,,
fda_1048,CEFPIRAMIDE,5.49455309,FDA,False,CEFPIRAMIDE,
fda_1664,_c001,5.3993001,FDA,False,,
fda_1378,Molecule-1,5.01153994,FDA,True,,Molecule-1
fda_1823,CRISABOROLE,5.58846092,FDA,False,CRISABOROLE,
fda_1544,_c001,4.8921752,FDA,False,,
fda_1512,AZILSARTAN KAMEDOXOMIL,5.93936157,FDA,False,AZILSARTAN KAMEDOXOMIL,
fda_1578,_c001,3.3816452,FDA,False,,
fda_1748,_c001,3.82840657,FDA,False,,
fda_1282,SILDENAFIL,5.16635036,FDA,False,SILDENAFIL,
fda_1230,AZATADINE,4.58781004,FDA,False,AZATADINE,
fda_1084,BENZYL BENZOATE,3.358073,FDA,False,BENZYL BENZOATE,
fda_1390,CALCIFEDIOL,5.48402643,FDA,False,CALCIFEDIOL,
fda_1515,TELAPREVIR,5.59994268,FDA,False,TELAPREVIR,
fda_1513,LINAGLIPTIN,5.86464262,FDA,False,LINAGLIPTIN,
fda_109,HYDROCORTISONE ACETATE,5.72731543,FDA,False,HYDROCORTISONE ACETATE,
fda_1004,rifampdb,5.31603813,FDA,True,,rifampdb
fda_1014,TICARCILLIN,3.79715919,FDA,False,TICARCILLIN,
fda_1531,INGENOL MEBUTATE,5.52428246,FDA,False,INGENOL MEBUTATE,
fda_1206,Molecule-1,4.22348356,FDA,True,,Molecule-1
fda_1261,CYSTEAMINE,2.46744132,FDA,False,CYSTEAMINE,
fda_1506,EZOGABINE,3.6476078,FDA,False,EZOGABINE,
fda_1156,BACLOFEN,3.2599535,FDA,False,BACLOFEN,
fda_132,METHSCOPOLAMINE,3.77598405,FDA,False,METHSCOPOLAMINE,
fda_1451,DEGARELIX_c001,6.91788101,FDA,True,,DEGARELIX_c001
fda_1015,CEFAMANDOLE NAFATE,4.51309919,FDA,False,CEFAMANDOLE NAFATE,
fda_178,PHYTONADIONE,6.0516839,FDA,False,PHYTONADIONE,
fda_1331,PROTOKYLOL,3.87492561,FDA,False,PROTOKYLOL,
fda_182,HYDROXYPROGESTERONE CAPROATE,5.46742773,FDA,False,HYDROXYPROGESTERONE CAPROATE,
fda_1103,GLUTETHIMIDE,4.46142387,FDA,False,GLUTETHIMIDE,
fda_1059,TAZOBACTAM,3.78862453,FDA,False,TAZOBACTAM,
fda_1124,CHLOPHEDIANOL,3.95814347,FDA,False,CHLOPHEDIANOL,
fda_1205,PALIPERIDONE,5.71276999,FDA,False,PALIPERIDONE,
fda_1286,FROVATRIPTAN,3.41909599,FDA,False,FROVATRIPTAN,
fda_1129,PROPIOMAZINE,5.59150553,FDA,False,PROPIOMAZINE,
fda_1809,_c001,4.8859973,FDA,False,,
fda_1314,TOBRAMYCIN,3.53684306,FDA,False,TOBRAMYCIN,
fda_1255,FENOLDOPAM,4.49930429,FDA,False,FENOLDOPAM,
fda_1270,PRAMIPEXOLE,3.28330994,FDA,False,PRAMIPEXOLE,
fda_1629,_c001,4.59558487,FDA,False,,
fda_1718,_c001,5.88230562,FDA,False,,
fda_1835,L-GLUTAMINE,2.98284221,FDA,False,L-GLUTAMINE,
fda_1362,Molecule-1,5.38829422,FDA,True,,Molecule-1
fda_1428,TENOFOVIR DISOPROXIL,3.62163925,FDA,False,TENOFOVIR DISOPROXIL,
fda_1041,CEFTRIAXONE,4.94411135,FDA,False,CEFTRIAXONE,
fda_1114,PHENPROCOUMON,5.22137117,FDA,False,PHENPROCOUMON,
fda_162,HYDROXYCHLOROQUINE,4.15566778,FDA,False,HYDROXYCHLOROQUINE,
fda_1554,_c001,5.19922638,FDA,False,,
fda_1680,_c001,3.87489295,FDA,False,,
fda_1697,_c001,6.1198926,FDA,False,,
fda_1751,_c001,4.92534494,FDA,False,,
fda_1301,TETRACAINE,3.17058063,FDA,False,TETRACAINE,
fda_1593,_c001,6.54260397,FDA,False,,
fda_1658,_c001,4.4654336,FDA,False,,
fda_1413,Molecule-1,4.72920656,FDA,True,,Molecule-1
fda_1778,_c001,5.14416695,FDA,False,,
fda_1763,_c001,3.81015706,FDA,False,,
fda_1675,_c001,3.78241849,FDA,False,,
fda_1446,CLINDAMYCIN PALMITATE,5.77789354,FDA,False,CLINDAMYCIN PALMITATE,
fda_1302,RASAGILINE,3.03389096,FDA,False,RASAGILINE,
fda_1573,_c001,4.86139345,FDA,False,,
fda_1172,ACEBUTOLOL,3.63796544,FDA,False,ACEBUTOLOL,
fda_1266,BALSALAZIDE,4.05466318,FDA,False,BALSALAZIDE,
fda_1293,SERTACONAZOLE,4.9715085,FDA,False,SERTACONAZOLE,
fda_1363,MEPREDNISONE,5.12027502,FDA,False,MEPREDNISONE,
fda_1467,ISOETHARINE,3.30403256,FDA,False,ISOETHARINE,
fda_1366,Molecule-1,3.65413547,FDA,True,,Molecule-1
fda_169,PYRIDOSTIGMINE,2.56759882,FDA,False,PYRIDOSTIGMINE,
fda_1058,DACTINOMYCIN,5.54072189,FDA,False,DACTINOMYCIN,
fda_1063,MEROPENEM,3.79723573,FDA,False,MEROPENEM,
fda_1692,_c001,4.54501772,FDA,False,,
fda_1374,PROTOKYLOL,3.26049113,FDA,False,PROTOKYLOL,
fda_1254,FENOLDOPAM,4.46296263,FDA,False,FENOLDOPAM,
fda_1734,_c001,5.68608475,FDA,False,,
fda_1211,OXYPHENONIUM,4.25335121,FDA,False,OXYPHENONIUM,
fda_1160,DIPIVEFRIN,4.44797134,FDA,False,DIPIVEFRIN,
fda_1411,SALMETEROL,3.78656268,FDA,False,SALMETEROL,
fda_1305,DARUNAVIR,4.5027318,FDA,False,DARUNAVIR,
fda_1244,BUTOCONAZOLE,4.79030371,FDA,False,BUTOCONAZOLE,
fda_1026,MOXALACTAM,5.18487024,FDA,False,MOXALACTAM,
fda_1500,FINGOLIMOD,4.7900033,FDA,False,FINGOLIMOD,
fda_1705,_c001,3.50969696,FDA,False,,
fda_1530,CRIZOTINIB,5.84396219,FDA,False,CRIZOTINIB,
fda_1278,CITALOPRAM,5.002707,FDA,False,CITALOPRAM,
fda_1380,Molecule-1,5.50841093,FDA,True,,Molecule-1
fda_1078,METHACYCLINE,4.37622976,FDA,False,METHACYCLINE,
fda_1518,BOCEPREVIR,5.18326187,FDA,False,BOCEPREVIR,
fda_1759,_c001,3.90216708,FDA,False,,
fda_1062,PYRAZINAMIDE,3.45752025,FDA,False,PYRAZINAMIDE,
fda_126,PHENOXYBENZAMINE,3.24211001,FDA,False,PHENOXYBENZAMINE,
fda_1174,FLUOXETINE,4.07083702,FDA,False,FLUOXETINE,
fda_1423,NORELGESTROMIN,6.27759552,FDA,False,NORELGESTROMIN,
fda_1793,_c001,4.60731888,FDA,False,,
fda_1766,_c001,3.18193793,FDA,False,,
fda_1070,DALFOPRISTIN,4.96027994,FDA,False,DALFOPRISTIN,
fda_1716,_c001,5.18020773,FDA,False,,
fda_1440,SAPROPTERIN,3.53969264,FDA,False,SAPROPTERIN,
fda_1613,_c001,2.7507875,FDA,False,,
fda_1616,_c001,4.94514894,FDA,False,,
fda_1491,TENOFOVIR,3.66511178,FDA,False,TENOFOVIR,
fda_1177,IPRATROPIUM,4.74727774,FDA,False,IPRATROPIUM,
fda_1347,FLUPREDNISOLONE,5.98134232,FDA,False,FLUPREDNISOLONE,
fda_1364,_c001,4.297894,FDA,False,,
fda_1327,HYDROCORTISONE CYPIONATE,5.84870338,FDA,False,HYDROCORTISONE CYPIONATE,
fda_1484,DALFAMPRIDINE,2.76399732,FDA,False,DALFAMPRIDINE,
fda_1627,_c001,4.49295044,FDA,False,,
fda_1037,STREPTOZOCIN,4.22144461,FDA,False,STREPTOZOCIN,
fda_1595,_c001,4.63508558,FDA,False,,
fda_1562,_c001,6.35603094,FDA,False,,
fda_1373,VIOMYCIN,4.62568521,FDA,False,VIOMYCIN,
fda_1368,TRICLOFOS,4.60790014,FDA,False,TRICLOFOS,
fda_1087,ARTEMETHER,5.14669847,FDA,False,ARTEMETHER,
fda_1640,_c001,3.57443881,FDA,False,,
fda_1816,_c001,6.24792624,FDA,False,,
fda_1147,MOLINDONE,3.91901326,FDA,False,MOLINDONE,
fda_1768,_c001,4.97930479,FDA,False,,
fda_1083,DIGITOXIN,7.30362701,FDA,False,DIGITOXIN,
fda_1610,_c001,4.00591278,FDA,False,,
fda_1523,RIVAROXABAN,4.22675514,FDA,False,RIVAROXABAN,
fda_151,TRIDIHEXETHYL,4.76966143,FDA,False,TRIDIHEXETHYL,
fda_1333,TRIMETHAPHAN,4.74900198,FDA,False,TRIMETHAPHAN,
fda_173,RIBOFLAVIN,4.56642723,FDA,False,RIBOFLAVIN,
fda_1414,CANDESARTAN CILEXETIL,5.45148087,FDA,False,CANDESARTAN CILEXETIL,
fda_1200,THALIDOMIDE,4.25959969,FDA,False,THALIDOMIDE,
fda_1419,ALPHA-TOCOPHEROL ACETATE,5.29746771,FDA,False,ALPHA-TOCOPHEROL ACETATE,
fda_1661,_c001,3.64791298,FDA,False,,
fda_1125,BENDROFLUMETHIAZIDE,4.87941694,FDA,False,BENDROFLUMETHIAZIDE,
fda_1215,CYCLIZINE,3.37992287,FDA,False,CYCLIZINE,
fda_1557,_c001,4.40366364,FDA,False,,
fda_1943,LASMIDITAN,4.67299986,FDA,False,LASMIDITAN,
fda_491,TEMAZEPAM,4.52757406,FDA,False,TEMAZEPAM,
fda_300,METHYCLOTHIAZIDE,4.76228714,FDA,False,METHYCLOTHIAZIDE,
fda_909,GATIFLOXACIN,4.89638376,FDA,False,GATIFLOXACIN,
fda_19,ESTRADIOL VALERATE,5.58579445,FDA,False,ESTRADIOL VALERATE,
fda_662,BISOPROLOL,3.70071673,FDA,False,BISOPROLOL,
fda_2057,TERLIPRESSIN,6.67995071,FDA,False,TERLIPRESSIN,
fda_921,TINIDAZOLE,3.33675122,FDA,False,TINIDAZOLE,
fda_34,TRIPELENNAMINE,3.32208896,FDA,False,TRIPELENNAMINE,
fda_2019,MELPHALAN FLUFENAMIDE,4.89074087,FDA,False,MELPHALAN FLUFENAMIDE,
fda_589,_c001,5.15508032,FDA,False,,
fda_2149,VORASIDENIB,5.27460527,FDA,False,VORASIDENIB,
fda_266,METHDILAZINE,4.43092299,FDA,False,METHDILAZINE,
fda_851,PROGUANIL,3.53844261,FDA,False,PROGUANIL,
fda_494,AMINOGLUTETHIMIDE,4.69571638,FDA,False,AMINOGLUTETHIMIDE,
fda_904,ADEFOVIR DIPIVOXIL,3.9902122,FDA,False,ADEFOVIR DIPIVOXIL,
fda_384,FLAVOXATE,5.17538595,FDA,False,FLAVOXATE,
fda_556,NIMODIPINE,4.63492489,FDA,False,NIMODIPINE,
fda_2063,OMIDENEPAG,5.52419424,FDA,False,OMIDENEPAG,
fda_859,ALFUZOSIN,4.07212973,FDA,False,ALFUZOSIN,
fda_2059,FUTIBATINIB,5.21335459,FDA,False,FUTIBATINIB,
fda_810,FORMOTEROL,4.04302645,FDA,False,FORMOTEROL,
fda_721,METFORMIN,3.81276512,FDA,False,METFORMIN,
fda_798,ORLISTAT,6.00078726,FDA,False,ORLISTAT,
fda_70,_c001,6.16616964,FDA,False,,
fda_706,SPIRAPRIL,4.32876539,FDA,False,SPIRAPRIL,
fda_1886,STIRIPENTOL,4.23454905,FDA,False,STIRIPENTOL,
fda_92,PHENACEMIDE,2.92925835,FDA,False,PHENACEMIDE,
fda_329,METHYLDOPATE,3.35458493,FDA,False,METHYLDOPATE,
fda_289,ETHOSUXIMIDE,3.65151882,FDA,False,ETHOSUXIMIDE,
fda_757,TAMSULOSIN,4.04186583,FDA,False,TAMSULOSIN,
fda_919,_c001,4.50377321,FDA,False,,
fda_603,NIZATIDINE,3.74727917,FDA,False,NIZATIDINE,
fda_2066,PHENOBARBITAL,5.20153761,FDA,False,PHENOBARBITAL,
fda_2133,ATRASENTAN,4.92639351,FDA,False,ATRASENTAN,
fda_873,APOMORPHINE,3.9629879,FDA,False,APOMORPHINE,
fda_900,ARIPIPRAZOLE,4.86724281,FDA,False,ARIPIPRAZOLE,
fda_459,ETIDRONATE,3.89746118,FDA,False,ETIDRONATE,
fda_942,DEFERASIROX,5.38363504,FDA,False,DEFERASIROX,
fda_519,FLUTAMIDE,3.83557963,FDA,False,FLUTAMIDE,
fda_790,TROGLITAZONE,5.01981783,FDA,False,TROGLITAZONE,
fda_869,NATEGLINIDE,4.10764456,FDA,False,NATEGLINIDE,
fda_345,DOXAPRAM,4.44233847,FDA,False,DOXAPRAM,
fda_2038,MARALIXIBAT,5.11846161,FDA,False,MARALIXIBAT,
fda_866,ETONOGESTREL,5.52974701,FDA,False,ETONOGESTREL,
fda_456,DINOPROSTONE,4.9015069,FDA,False,DINOPROSTONE,
fda_657,DOXACURIUM,6.34159851,FDA,False,DOXACURIUM,
fda_2061,M DEUCRAVACITINIB,5.47483635,FDA,False,DEUCRAVACITINIB,
fda_899,ACAMPROSATE,3.10037971,FDA,False,ACAMPROSATE,
fda_2085,M GEPIRONE,4.53959274,FDA,False,GEPIRONE,
fda_941,LENALIDOMIDE,3.51156688,FDA,False,LENALIDOMIDE,
fda_202,RESCINNAMINE,5.17705965,FDA,False,RESCINNAMINE,
fda_2052,ODEVIXIBAT,5.15807867,FDA,False,ODEVIXIBAT,
fda_439,ISOFLURANE,3.16625977,FDA,False,ISOFLURANE,
fda_244,DEXAMETHASONE PHOSPHATE,5.97377634,FDA,False,DEXAMETHASONE PHOSPHATE,
fda_1918,RIFAMYCIN,4.66103888,FDA,False,RIFAMYCIN,
fda_2023,SOTORASIB,5.90185547,FDA,False,SOTORASIB,
fda_792,LETROZOLE,4.48934793,FDA,False,LETROZOLE,
fda_888,FONDAPARINUX,3.82239318,FDA,False,FONDAPARINUX,
fda_66,SULFISOXAZOLE ACETYL,4.0159874,FDA,False,SULFISOXAZOLE ACETYL,
fda_2135,SEPIAPTERIN,3.91263318,FDA,False,SEPIAPTERIN,
fda_343,CHLORPHENTERMINE,2.96789718,FDA,False,CHLORPHENTERMINE,
fda_305,BETAMETHASONE ACETATE,5.52024794,FDA,False,BETAMETHASONE ACETATE,
fda_613,KETOROLAC,3.69562602,FDA,False,KETOROLAC,
fda_952,MENTHOL,4.82243776,FDA,False,MENTHOL,
fda_352,PROTRIPTYLINE,4.02316046,FDA,False,PROTRIPTYLINE,
fda_373,_c001,5.4394908,FDA,False,,
fda_1971,RIMEGEPANT,5.46149588,FDA,False,RIMEGEPANT,
fda_759,OLANZAPINE,3.76169682,FDA,False,OLANZAPINE,
fda_304,BETAMETHASONE,6.10218382,FDA,False,BETAMETHASONE,
fda_884,ABARELIX,6.31335306,FDA,False,ABARELIX,
fda_691,FINASTERIDE,5.29110813,FDA,False,FINASTERIDE,
fda_276,BENZTHIAZIDE,4.49675035,FDA,False,BENZTHIAZIDE,
fda_257,THIORIDAZINE,5.23224974,FDA,False,THIORIDAZINE,
fda_2155,INAVOLISIB,4.78204012,FDA,False,INAVOLISIB,
fda_420,DANTROLENE,4.03433371,FDA,False,DANTROLENE,
fda_811,ARGATROBAN,4.24864531,FDA,False,ARGATROBAN,
fda_696,CISAPRIDE,4.61221552,FDA,False,CISAPRIDE,
fda_642,DAPIPRAZOLE,4.48225641,FDA,False,DAPIPRAZOLE,
fda_989,CEPHALOGLYCIN,3.71773529,FDA,False,CEPHALOGLYCIN,
fda_223,METHYLPREDNISOLONE SUCCINATE,5.41708326,FDA,False,METHYLPREDNISOLONE SUCCINATE,
fda_911,EMTRICITABINE,3.42713618,FDA,False,EMTRICITABINE,
fda_805,BRINZOLAMIDE,3.5970459,FDA,False,BRINZOLAMIDE,
fda_1989,M SELUMETINIB,5.3770833,FDA,False,SELUMETINIB,
fda_207,DEXBROMPHENIRAMINE,4.28443527,FDA,False,DEXBROMPHENIRAMINE,
fda_293,ATROPINE,4.28346825,FDA,False,ATROPINE,
fda_933,RAMELTEON,4.01556063,FDA,False,RAMELTEON,
fda_736,ZILEUTON,4.11948252,FDA,False,ZILEUTON,
fda_624,INDECAINIDE,4.5003581,FDA,False,INDECAINIDE,
fda_2058,BEXAGLIFLOZIN,4.40689468,FDA,False,BEXAGLIFLOZIN,
fda_354,ETHYNODIOL DIACETATE,5.72230673,FDA,False,ETHYNODIOL DIACETATE,
fda_569,TERAZOSIN,4.42918253,FDA,False,TERAZOSIN,
fda_1855,MAYTANSINE,5.63801384,FDA,False,MAYTANSINE,
fda_80,CROTAMITON,3.76935577,FDA,False,CROTAMITON,
fda_508,DIFLUNISAL,4.56976938,FDA,False,DIFLUNISAL,
fda_441,OXYBUTYNIN,4.40480852,FDA,False,OXYBUTYNIN,
fda_872,TRAVOPROST,5.66291952,FDA,False,TRAVOPROST,
fda_483,CINOXACIN,3.81992459,FDA,False,CINOXACIN,
fda_190,ANILERIDINE,4.15561676,FDA,False,ANILERIDINE,
fda_886,VALDECOXIB,4.74627686,FDA,False,VALDECOXIB,
fda_58,ISOPROTERENOL,3.11517692,FDA,False,ISOPROTERENOL,
fda_722,FAMCICLOVIR,4.34552431,FDA,False,FAMCICLOVIR,
fda_2029,PACRITINIB,4.85830879,FDA,False,PACRITINIB,
fda_1930,ALPELISIB,5.69113159,FDA,False,ALPELISIB,
fda_27,SULFACETAMIDE,3.12694001,FDA,False,SULFACETAMIDE,
fda_881,_c001,6.39873123,FDA,False,,
fda_980,OXACILLIN,5.5854454,FDA,False,OXACILLIN,
fda_1990,RIPRETINIB,6.0365243,FDA,False,RIPRETINIB,
fda_629,IFOSFAMIDE,3.4949038,FDA,False,IFOSFAMIDE,
fda_192,PROCHLORPERAZINE,4.51681709,FDA,False,PROCHLORPERAZINE,
fda_2054,OTESECONAZOLE,5.1745429,FDA,False,OTESECONAZOLE,
fda_74,TRIHEXYPHENIDYL,4.41133261,FDA,False,TRIHEXYPHENIDYL,
fda_41,SULFOXONE,4.34451532,FDA,False,SULFOXONE,
fda_265,HYDROFLUMETHIAZIDE,3.29024386,FDA,False,HYDROFLUMETHIAZIDE,
fda_582,_c001,3.2575624,FDA,False,,
fda_891,RIFAXIMIN,5.67262888,FDA,False,RIFAXIMIN,
fda_1954,DAROLUTAMIDE,5.11074495,FDA,False,DAROLUTAMIDE,
fda_766,PENCICLOVIR,3.68102551,FDA,False,PENCICLOVIR,
fda_602,CLOFAZIMINE,6.73142242,FDA,False,CLOFAZIMINE,
fda_649,RAMIPRIL,5.21211958,FDA,False,RAMIPRIL,
fda_360,_c001,3.02260327,FDA,False,,
fda_2134,MIRDAMETINIB,5.14293718,FDA,False,MIRDAMETINIB,
fda_38,CHLOROQUINE,4.11860132,FDA,False,CHLOROQUINE,
fda_2156,SEBETRALSTAT,4.95827103,FDA,False,SEBETRALSTAT,
fda_241,PHENTERMINE,2.9948566,FDA,False,PHENTERMINE,
fda_894,PALONOSETRON,4.92502451,FDA,False,PALONOSETRON,
fda_554,OXAPROZIN,4.83206749,FDA,False,OXAPROZIN,
fda_946,VARENICLINE,4.16373968,FDA,False,VARENICLINE,
fda_1920,ERAVACYCLINE,4.71141958,FDA,False,ERAVACYCLINE,
fda_447,ISOFLURANE,3.29838395,FDA,False,ISOFLURANE,
fda_368,DEFEROXAMINE,4.0449996,FDA,False,DEFEROXAMINE,
fda_568,HYDROMORPHONE,4.47693443,FDA,False,HYDROMORPHONE,
fda_732,EPOPROSTENOL,5.06297827,FDA,False,EPOPROSTENOL,
fda_827,GEMIFLOXACIN,4.96975327,FDA,False,GEMIFLOXACIN,
fda_5,DESOXYCORTICOSTERONE ACETATE,5.48502398,FDA,False,DESOXYCORTICOSTERONE ACETATE,
fda_977,COLISTIMETHATE,5.62203407,FDA,False,COLISTIMETHATE,
fda_432,MAPROTILINE,4.32737017,FDA,False,MAPROTILINE,
fda_298,ACRISORCIN,3.50459003,FDA,False,ACRISORCIN,
fda_697,DEXRAZOXANE,3.08845592,FDA,False,DEXRAZOXANE,
fda_2144,ENSIFENTRINE,6.22741175,FDA,False,ENSIFENTRINE,
fda_492,OXPRENOLOL,3.2925303,FDA,False,OXPRENOLOL,
fda_86,SECOBARBITAL,5.19929504,FDA,False,SECOBARBITAL,
fda_515,NITROGLYCERIN,3.9269228,FDA,False,NITROGLYCERIN,
fda_536,PRAZIQUANTEL,5.67980814,FDA,False,PRAZIQUANTEL,
fda_322,TRIAMTERENE,4.2437048,FDA,False,TRIAMTERENE,
fda_42,ASCORBIC ACID,2.76651359,FDA,False,ASCORBIC ACID,
fda_376,THIOTHIXENE,4.98203802,FDA,False,THIOTHIXENE,
fda_427,OXYBUTYNIN,5.42539215,FDA,False,OXYBUTYNIN,
fda_502,PINDOLOL,3.08843112,FDA,False,PINDOLOL,
fda_870,LOPINAVIR,5.68978882,FDA,False,LOPINAVIR,
fda_898,DULOXETINE,3.76293111,FDA,False,DULOXETINE,
fda_544,ANTAZOLINE,3.6026237,FDA,False,ANTAZOLINE,
fda_791,IMIQUIMOD,4.50424767,FDA,False,IMIQUIMOD,
fda_1885,STIRIPENTOL,3.88244128,FDA,False,STIRIPENTOL,
fda_1924,DACOMITINIB,5.41209364,FDA,False,DACOMITINIB,
fda_506,BUPRENORPHINE,5.50336885,FDA,False,BUPRENORPHINE,
fda_575,TRIENTINE,2.86789799,FDA,False,TRIENTINE,
fda_951,TELBIVUDINE,3.35675812,FDA,False,TELBIVUDINE,
fda_793,CERIVASTATIN,5.12032938,FDA,False,CERIVASTATIN,
fda_388,DOXEPIN,4.12251091,FDA,False,DOXEPIN,
fda_2087,CANTHARIDIN,3.59004807,FDA,False,CANTHARIDIN,
fda_2007,PONESIMOD,5.02977085,FDA,False,PONESIMOD,
fda_320,METHOXYFLURANE,3.07437396,FDA,False,METHOXYFLURANE,
fda_1992,SN38,4.8320365,FDA,False,SN38,
fda_1890,TRICLABENDAZOLE,5.56640005,FDA,False,TRICLABENDAZOLE,
fda_738,SEVOFLURANE,3.16174054,FDA,False,SEVOFLURANE,
fda_2072,SPARSENTAN,5.96400833,FDA,False,SPARSENTAN,
fda_562,LEVOCARNITINE,3.32736778,FDA,False,LEVOCARNITINE,
fda_714,TRAMADOL,3.94460416,FDA,False,TRAMADOL,
fda_779,SPARFLOXACIN,5.53911066,FDA,False,SPARFLOXACIN,
fda_401,CROMOLYN,4.44018316,FDA,False,CROMOLYN,
fda_666,PAROXETINE,4.88633776,FDA,False,PAROXETINE,
fda_341,NORTRIPTYLINE,4.0435853,FDA,False,NORTRIPTYLINE,
fda_2109,CAPIVASERTIB,4.94924402,FDA,False,CAPIVASERTIB,
fda_1933,LUMATEPERONE,5.13787127,FDA,False,LUMATEPERONE,
fda_473,TAMOXIFEN,4.74702978,FDA,False,TAMOXIFEN,
fda_85,OXYCODONE,4.43697548,FDA,False,OXYCODONE,
fda_363,TESTOLACTONE,5.67837381,FDA,False,TESTOLACTONE,
fda_462,DESOXIMETASONE,6.27066278,FDA,False,DESOXIMETASONE,
fda_590,ETRETINATE,5.21620178,FDA,False,ETRETINATE,
fda_665,LOMEFLOXACIN,5.9436183,FDA,False,LOMEFLOXACIN,
fda_705,GRANISETRON,4.27807236,FDA,False,GRANISETRON,
fda_679,MIVACURIUM,6.02160406,FDA,False,MIVACURIUM,
fda_1942,PITOLISANT,3.93507886,FDA,False,PITOLISANT,
fda_96,PROBENECID,3.31553459,FDA,False,PROBENECID,
fda_2107,GIVINOSTAT,4.75404358,FDA,False,GIVINOSTAT,
fda_246,DIETHYLPROPION,3.1550796,FDA,False,DIETHYLPROPION,
fda_605,MOMETASONE,5.38094282,FDA,False,MOMETASONE,
fda_774,RITONAVIR,5.87436056,FDA,False,RITONAVIR,
fda_258,IMIPRAMINE,4.10155153,FDA,False,IMIPRAMINE,
fda_854,_c001,5.34965134,FDA,False,,
fda_6,DESOXYCORTICOSTERONE PIVALATE,5.9616313,FDA,False,DESOXYCORTICOSTERONE PIVALATE,
fda_361,THIABENDAZOLE,3.51727176,FDA,False,THIABENDAZOLE,
fda_865,DESLORATADINE,5.4936676,FDA,False,DESLORATADINE,
fda_593,ESMOLOL,3.38152432,FDA,False,ESMOLOL,
fda_50,METHADONE,5.04280901,FDA,False,METHADONE,
fda_1888,MIGALASTAT,2.53449273,FDA,False,MIGALASTAT,
fda_436,FENOPROFEN,4.25902796,FDA,False,FENOPROFEN,
fda_76,AMINOSALICYLIC ACID,4.43743229,FDA,False,AMINOSALICYLIC ACID,
fda_592,PERGOLIDE,5.205235,FDA,False,PERGOLIDE,
fda_535,LABETALOL,3.77233624,FDA,False,LABETALOL,
fda_1940,BREMELANOTIDE,4.65325356,FDA,False,BREMELANOTIDE,
fda_1887,AMIFAMPRIDINE,2.84217525,FDA,False,AMIFAMPRIDINE,
fda_1880,ACALABRUTINIB,5.3621788,FDA,False,ACALABRUTINIB,
fda_573,PROPAFENONE,3.5839386,FDA,False,PROPAFENONE,
fda_720,_c001,4.05171728,FDA,False,,
fda_1998,TIVOZANIB,5.53944159,FDA,False,TIVOZANIB,
fda_584,FENOFIBRATE,4.83714056,FDA,False,FENOFIBRATE,
fda_703,BUDESONIDE,5.57903814,FDA,False,BUDESONIDE,
fda_297,DIPHENOXYLATE,5.61976242,FDA,False,DIPHENOXYLATE,
fda_362,CLOFIBRATE,4.28367567,FDA,False,CLOFIBRATE,
fda_503,TRIFLURIDINE,3.64334559,FDA,False,TRIFLURIDINE,
fda_78,_c001,3.77615166,FDA,False,,
fda_303,CYPROHEPTADINE,4.4575038,FDA,False,CYPROHEPTADINE,
fda_260,MEDROXYPROGESTERONE ACETATE,6.08828497,FDA,False,MEDROXYPROGESTERONE ACETATE,
fda_803,ENTACAPONE,3.86815047,FDA,False,ENTACAPONE,
fda_617,KETOROLAC,3.48551154,FDA,False,KETOROLAC,
fda_1905,ENCORAFENIB,5.54770851,FDA,False,ENCORAFENIB,
fda_1952,DIROXIMEL,3.4970665,FDA,False,DIROXIMEL,
fda_643,BENAZEPRIL,5.17924643,FDA,False,BENAZEPRIL,
fda_355,DIPHENIDOL,3.98665118,FDA,False,DIPHENIDOL,
fda_33,FOLIC ACID,5.64690161,FDA,False,FOLIC ACID,
fda_199,CHLORAMBUCIL,4.09892654,FDA,False,CHLORAMBUCIL,
fda_844,ZANAMIVIR,3.1032474,FDA,False,ZANAMIVIR,
fda_667,PHENIRAMINE,3.72244525,FDA,False,PHENIRAMINE,
fda_349,OXAZEPAM,4.33023214,FDA,False,OXAZEPAM,
fda_311,THIETHYLPERAZINE,4.52122641,FDA,False,THIETHYLPERAZINE,
fda_972,BACAMPICILLIN,4.15328646,FDA,False,BACAMPICILLIN,
fda_405,PANCURONIUM,5.59231806,FDA,False,PANCURONIUM,
fda_824,_c001,6.06267786,FDA,False,,
fda_475,_c001,5.56158829,FDA,False,,
fda_741,BRIMONIDINE,4.13612223,FDA,False,BRIMONIDINE,
fda_1913,BALOXAVIR MARBOXIL,4.55401564,FDA,False,BALOXAVIR MARBOXIL,
fda_970,GRISEOFULVIN,4.20169878,FDA,False,GRISEOFULVIN,
fda_2099,M QUIZARTINIB,6.31376982,FDA,False,QUIZARTINIB,
fda_912,_c001,5.39892769,FDA,False,,
fda_217,ETHOXZOLAMIDE,4.03704548,FDA,False,ETHOXZOLAMIDE,
fda_2082,LENIOLISIB,5.68459702,FDA,False,LENIOLISIB,
fda_1957,FENFLURAMINE,3.17509294,FDA,False,FENFLURAMINE,
fda_868,TEGASEROD,4.10594749,FDA,False,TEGASEROD,
fda_848,GUAIFENESIN,3.75222659,FDA,False,GUAIFENESIN,
fda_784,GREPAFLOXACIN,4.89221048,FDA,False,GREPAFLOXACIN,
fda_2076,DAPRODUSTAT,4.35785246,FDA,False,DAPRODUSTAT,
fda_83,PROCAINAMIDE,3.11275768,FDA,False,PROCAINAMIDE,
fda_48,ALPHA-TOCOPHEROL,5.67899513,FDA,False,ALPHA-TOCOPHEROL,
fda_189,PHENMETRAZINE,2.94777608,FDA,False,PHENMETRAZINE,
fda_944,LUBIPROSTONE,5.79233027,FDA,False,LUBIPROSTONE,
fda_287,ISOETHARINE,3.36017609,FDA,False,ISOETHARINE,
fda_513,CHENODIOL,5.59990501,FDA,False,CHENODIOL,
fda_685,VENLAFAXINE,4.47355413,FDA,False,VENLAFAXINE,
fda_874,_c001,5.38633871,FDA,False,,
fda_2084,GEPIRONE,5.07533503,FDA,False,GEPIRONE,
fda_98,PHENYLEPHRINE,2.67670703,FDA,False,PHENYLEPHRINE,
fda_79,DEXCHLORPHENIRAMINE,3.86299062,FDA,False,DEXCHLORPHENIRAMINE,
fda_312,_c001,5.09770346,FDA,False,,
fda_530,ISOTRETINOIN,4.68172789,FDA,False,ISOTRETINOIN,
fda_558,ACEBUTOLOL,3.68317342,FDA,False,ACEBUTOLOL,
fda_1995,VILOXAZINE,3.34951997,FDA,False,VILOXAZINE,
fda_426,LOXAPINE,4.88066626,FDA,False,LOXAPINE,
fda_2127,ACECLIDINE,3.0067358,FDA,False,ACECLIDINE,
fda_958,MARAVIROC,5.77617645,FDA,False,MARAVIROC,
fda_2041,DARIDOREXANT,5.59660387,FDA,False,DARIDOREXANT,
fda_961,ESTROPIPATE,4.69592047,FDA,False,ESTROPIPATE,
fda_82,CORTISONE ACETATE,5.65767813,FDA,False,CORTISONE ACETATE,
fda_8,MENADIONE,3.37217212,FDA,False,MENADIONE,
fda_469,CIMETIDINE,3.76303363,FDA,False,CIMETIDINE,
fda_812,RISEDRONATE,4.00395346,FDA,False,RISEDRONATE,
fda_1900,GLYCOPYRRONIUM,4.43907547,FDA,False,GLYCOPYRRONIUM,
fda_451,HALAZEPAM,4.48555231,FDA,False,HALAZEPAM,
fda_71,METOCURINE,5.21874189,FDA,False,METOCURINE,
fda_783,DONEPEZIL,4.45661116,FDA,False,DONEPEZIL,
fda_772,TIAGABINE,4.81861973,FDA,False,TIAGABINE,
fda_2068,PIRTOBRUTINIB,5.16800165,FDA,False,PIRTOBRUTINIB,
fda_394,LEVODOPA,3.51116371,FDA,False,LEVODOPA,
fda_598,PINACIDIL,3.58416581,FDA,False,PINACIDIL,
fda_918,DAPTOMYCIN,6.70789099,FDA,False,DAPTOMYCIN,
fda_637,_c001,5.09619904,FDA,False,,
fda_371,ETHAMBUTOL,2.60215378,FDA,False,ETHAMBUTOL,
fda_852,PEMIROLAST,4.39135599,FDA,False,PEMIROLAST,
fda_797,NARATRIPTAN,4.13905716,FDA,False,NARATRIPTAN,
fda_2104,NIROGACESTAT,5.17431259,FDA,False,NIROGACESTAT,
fda_920,BORTEZOMIB,5.59994173,FDA,False,BORTEZOMIB,
fda_393,FLUOCINONIDE,5.36790895,FDA,False,FLUOCINONIDE,
fda_277,CYCLOPHOSPHAMIDE,3.3993361,FDA,False,CYCLOPHOSPHAMIDE,
fda_25,TUBOCURARINE,5.8456955,FDA,False,TUBOCURARINE,
fda_614,ENOXACIN,5.08567381,FDA,False,ENOXACIN,
fda_795,EXEMESTANE,5.21221685,FDA,False,EXEMESTANE,
fda_950,POSACONAZOLE,5.79132462,FDA,False,POSACONAZOLE,
fda_422,MICONAZOLE,4.92705297,FDA,False,MICONAZOLE,
fda_1987,PEMIGATINIB,4.89723158,FDA,False,PEMIGATINIB,
fda_682,TENIPOSIDE,5.2981348,FDA,False,TENIPOSIDE,
fda_1964,SELINEXOR,4.78005695,FDA,False,SELINEXOR,
fda_45,_c001,3.33241582,FDA,False,,
fda_761,_c001,6.18363047,FDA,False,,
fda_1984,TRIHEPTANOIN,4.36112595,FDA,False,TRIHEPTANOIN,
fda_335,IDOXURIDINE,3.23320365,FDA,False,IDOXURIDINE,
fda_238,SULFINPYRAZONE,5.29204798,FDA,False,SULFINPYRAZONE,
fda_60,DOXYLAMINE,3.55267072,FDA,False,DOXYLAMINE,
fda_200,TOLBUTAMIDE,3.50896144,FDA,False,TOLBUTAMIDE,
fda_316,POLYTHIAZIDE,4.89165926,FDA,False,POLYTHIAZIDE,
fda_936,ENTECAVIR,3.84922671,FDA,False,ENTECAVIR,
fda_542,BUSPIRONE,4.5002737,FDA,False,BUSPIRONE,
fda_879,ALFUZOSIN,3.90582776,FDA,False,ALFUZOSIN,
fda_2103,LOTILANER,5.88928747,FDA,False,LOTILANER,
fda_216,METHOCARBAMOL,3.02611852,FDA,False,METHOCARBAMOL,
fda_2089,M GEPIRONE,4.47909021,FDA,False,GEPIRONE,
fda_816,CILOSTAZOL,5.28919411,FDA,False,CILOSTAZOL,
fda_2025,M REMDESIVIR,4.24545622,FDA,False,REMDESIVIR,
fda_560,NALTREXONE,4.61764145,FDA,False,NALTREXONE,
fda_2036,M FEXINIDAZOLE,3.82036042,FDA,False,FEXINIDAZOLE,
fda_701,CLADRIBINE,3.36399293,FDA,False,CLADRIBINE,
fda_43,BIOTIN,3.55072522,FDA,False,BIOTIN,
fda_500,TOCAINIDE,3.48981214,FDA,False,TOCAINIDE,
fda_339,NALIDIXIC ACID,3.54157472,FDA,False,NALIDIXIC ACID,
fda_532,NICLOSAMIDE,4.91314268,FDA,False,NICLOSAMIDE,
fda_284,CHLORTHALIDONE,4.73603201,FDA,False,CHLORTHALIDONE,
fda_281,PHENDIMETRAZINE,2.92638588,FDA,False,PHENDIMETRAZINE,
fda_564,ENALAPRIL,4.00977421,FDA,False,ENALAPRIL,
fda_2120,TREOSULFAN,4.2070632,FDA,False,TREOSULFAN,
fda_601,NICARDIPINE,4.72573423,FDA,False,NICARDIPINE,
fda_781,MIFEPRISTONE,5.43756533,FDA,False,MIFEPRISTONE,
fda_2,TRIPTORELIN,6.75941277,FDA,False,TRIPTORELIN,
fda_504,CAPTOPRIL,3.53218269,FDA,False,CAPTOPRIL,
fda_313,_c001,5.75183249,FDA,False,,
fda_1893,SARECYCLINE,4.7681632,FDA,False,SARECYCLINE,
fda_2055,GANAXOLONE,5.46343231,FDA,False,GANAXOLONE,
fda_2100,SOFPIRONIUM,4.01058722,FDA,False,SOFPIRONIUM,
fda_245,DEXAMETHASONE ACETATE,6.08486557,FDA,False,DEXAMETHASONE ACETATE,
fda_932,_c001,5.57102585,FDA,False,,
fda_2013,FOSDENOPTERIN,3.83461261,FDA,False,FOSDENOPTERIN,
fda_435,DANAZOL,5.41800165,FDA,False,DANAZOL,
fda_429,CLONAZEPAM,4.34573984,FDA,False,CLONAZEPAM,
fda_1960,M FENFLURAMINE,3.59660029,FDA,False,FENFLURAMINE,
fda_563,AMIODARONE,6.17877388,FDA,False,AMIODARONE,
fda_1991,M RIPRETINIB,5.71052885,FDA,False,RIPRETINIB,
fda_1854,CALICHEAMICIN,5.82127619,FDA,False,CALICHEAMICIN,
fda_444,CHLOROXINE,3.37660909,FDA,False,CHLOROXINE,
fda_1988,SELUMETINIB,5.28547049,FDA,False,SELUMETINIB,
fda_248,_c001,3.06500411,FDA,False,,
fda_551,ETOPOSIDE,5.15959406,FDA,False,ETOPOSIDE,
fda_2045,TAPINAROF,3.65908813,FDA,False,TAPINAROF,
fda_409,MAZINDOL,3.35882115,FDA,False,MAZINDOL,
fda_52,DIBUCAINE,3.99827504,FDA,False,DIBUCAINE,
fda_505,VERAPAMIL,5.26226759,FDA,False,VERAPAMIL,
fda_455,LORAZEPAM,4.62039804,FDA,False,LORAZEPAM,
fda_871,NITISINONE,4.10843325,FDA,False,NITISINONE,
fda_973,AMPICILLIN,4.48612928,FDA,False,AMPICILLIN,
fda_2027,MAFODOTIN,6.30364466,FDA,False,MAFODOTIN,
fda_927,CONIVAPTAN,6.06403399,FDA,False,CONIVAPTAN,
fda_65,SULFISOXAZOLE,3.54450631,FDA,False,SULFISOXAZOLE,
fda_198,ISOFLUROPHATE,4.15343142,FDA,False,ISOFLUROPHATE,
fda_947,DASATINIB,6.06644487,FDA,False,DASATINIB,
fda_893,TADALAFIL,4.96295786,FDA,False,TADALAFIL,
fda_408,MOLINDONE,3.86454892,FDA,False,MOLINDONE,
fda_538,QUAZEPAM,5.102736,FDA,False,QUAZEPAM,
fda_728,STAVUDINE,3.50565267,FDA,False,STAVUDINE,
fda_938,_c001,6.38165617,FDA,False,,
fda_295,THIOGUANINE,4.67185402,FDA,False,THIOGUANINE,
fda_379,NALOXONE,4.48622322,FDA,False,NALOXONE,
fda_883,DUTASTERIDE,5.12271452,FDA,False,DUTASTERIDE,
fda_1982,TUCATINIB,6.28526926,FDA,False,TUCATINIB,
fda_829,DOCOSANOL,6.02245951,FDA,False,DOCOSANOL,
fda_292,PSEUDOEPHEDRINE,3.02405548,FDA,False,PSEUDOEPHEDRINE,
fda_825,PIOGLITAZONE,5.06700897,FDA,False,PIOGLITAZONE,
fda_89,QUINIDINE,4.87880707,FDA,False,QUINIDINE,
fda_819,ALITRETINOIN,4.9996953,FDA,False,ALITRETINOIN,
fda_826,DOFETILIDE,3.95909572,FDA,False,DOFETILIDE,
fda_1857,MACIMORELIN,4.53796101,FDA,False,MACIMORELIN,
fda_925,_c001,3.77245831,FDA,False,,
fda_369,FUROSEMIDE,4.59998417,FDA,False,FUROSEMIDE,
fda_2001,UMBRALISIB,6.30315447,FDA,False,UMBRALISIB,
fda_7,GUANIDINE,3.81651497,FDA,False,GUANIDINE,
fda_1946,LEFAMULIN,5.99262762,FDA,False,LEFAMULIN,
fda_2033,LEVOKETOCONAZOLE,4.57366705,FDA,False,LEVOKETOCONAZOLE,
fda_464,METOPROLOL,3.05996871,FDA,False,METOPROLOL,
fda_1938,M OZANIMOD,5.14399958,FDA,False,OZANIMOD,
fda_646,SOTALOL,3.2712841,FDA,False,SOTALOL,
fda_2088,TAUROLIDINE,5.1417675,FDA,False,TAUROLIDINE,
fda_906,ESZOPICLONE,4.85985518,FDA,False,ESZOPICLONE,
fda_2010,PRALSETINIB,6.59478712,FDA,False,PRALSETINIB,
fda_1864,OZENOXACIN,5.11942387,FDA,False,OZENOXACIN,
fda_1953,LEMBOREXANT,6.05913401,FDA,False,LEMBOREXANT,
fda_340,_c001,5.20313787,FDA,False,,
fda_619,NORGESTIMATE,6.17317343,FDA,False,NORGESTIMATE,
fda_578,CARTEOLOL,3.732795,FDA,False,CARTEOLOL,
fda_487,AMCINONIDE,5.66424131,FDA,False,AMCINONIDE,
fda_862,_c001,5.23260832,FDA,False,,
fda_2142,FOSCARBIDOPA,3.61773562,FDA,False,FOSCARBIDOPA,
fda_2012,LONAFARNIB,5.27894497,FDA,False,LONAFARNIB,
fda_948,VORINOSTAT,3.89335442,FDA,False,VORINOSTAT,
fda_943,TETRABENAZINE,4.95468664,FDA,False,TETRABENAZINE,
fda_1927,TALAZOPARIB,6.31356573,FDA,False,TALAZOPARIB,
fda_1876,LETERMOVIR,5.32389116,FDA,False,LETERMOVIR,
fda_2003,SAMIDORPHAN,4.56630325,FDA,False,SAMIDORPHAN,
fda_63,LIDOCAINE,3.14371371,FDA,False,LIDOCAINE,
fda_461,METOCLOPRAMIDE,3.49595618,FDA,False,METOCLOPRAMIDE,
fda_896,VARDENAFIL,4.67441368,FDA,False,VARDENAFIL,
fda_460,BACLOFEN,3.65695,FDA,False,BACLOFEN,
fda_452,DIFENOXIN,5.28832388,FDA,False,DIFENOXIN,
fda_1941,AFAMELANOTIDE,7.33938742,FDA,False,AFAMELANOTIDE,
fda_81,SULFASALAZINE,4.54476786,FDA,False,SULFASALAZINE,
fda_288,_c001,2.76042366,FDA,False,,
fda_375,PROPRANOLOL,3.52434039,FDA,False,PROPRANOLOL,
fda_1878,AVATROMBOPAG,6.03330278,FDA,False,AVATROMBOPAG,
fda_465,METYROSINE,3.49239278,FDA,False,METYROSINE,
fda_417,PILOCARPINE,3.58062768,FDA,False,PILOCARPINE,
fda_664,ONDANSETRON,4.25449562,FDA,False,ONDANSETRON,
fda_274,MEPIVACAINE,3.49128413,FDA,False,MEPIVACAINE,
fda_660,_c001,5.49468803,FDA,False,,
fda_1907,TAFENOQUINE,5.26579332,FDA,False,TAFENOQUINE,
fda_579,LEVOBUNOLOL,4.17073917,FDA,False,LEVOBUNOLOL,
fda_2042,MAVACAMTEN,3.94600558,FDA,False,MAVACAMTEN,
fda_51,PROPYLTHIOURACIL,4.07401848,FDA,False,PROPYLTHIOURACIL,
fda_254,CARISOPRODOL,3.14596581,FDA,False,CARISOPRODOL,
fda_630,MESNA,3.55464339,FDA,False,MESNA,
fda_686,VENLAFAXINE,4.3219533,FDA,False,VENLAFAXINE,
fda_971,HETACILLIN,4.59715652,FDA,False,HETACILLIN,
fda_336,ETHYLESTRENOL,5.29698801,FDA,False,ETHYLESTRENOL,
fda_310,SULFAMETHOXAZOLE,3.82151103,FDA,False,SULFAMETHOXAZOLE,
fda_450,LOPERAMIDE,5.27014542,FDA,False,LOPERAMIDE,
fda_283,TRICHLORMETHIAZIDE,4.28817034,FDA,False,TRICHLORMETHIAZIDE,
fda_539,PRAZIQUANTEL,4.13347006,FDA,False,PRAZIQUANTEL,
fda_522,GUANABENZ,4.14502525,FDA,False,GUANABENZ,
fda_402,DIAZOXIDE,3.14750171,FDA,False,DIAZOXIDE,
fda_764,SIBUTRAMINE,4.11293077,FDA,False,SIBUTRAMINE,
fda_2022,INFIGRATINIB,5.65694952,FDA,False,INFIGRATINIB,
fda_253,FLUPHENAZINE,4.39901972,FDA,False,FLUPHENAZINE,
fda_858,LEVOTHYROXINE,6.51774025,FDA,False,LEVOTHYROXINE,
fda_737,RIMEXOLONE,5.84598112,FDA,False,RIMEXOLONE,
fda_2110,REPOTRECTINIB,4.94673491,FDA,False,REPOTRECTINIB,
fda_472,NADOLOL,3.36070371,FDA,False,NADOLOL,
fda_864,GEMIFLOXACIN,5.12994909,FDA,False,GEMIFLOXACIN,
fda_727,DORZOLAMIDE,4.23352003,FDA,False,DORZOLAMIDE,
fda_1872,O=C(Cn1ccnc1N(=O)=O)NCc2ccccc2,3.88388634,FDA,True,,O=C(Cn1ccnc1N(=O)=O)NCc2ccccc2
fda_855,DROSPIRENONE,5.64053535,FDA,False,DROSPIRENONE,
fda_853,SIROLIMUS,6.48507357,FDA,False,SIROLIMUS,
fda_625,OLSALAZINE,4.37398911,FDA,False,OLSALAZINE,
fda_639,FELODIPINE,4.41399956,FDA,False,FELODIPINE,
fda_2020,BRINCIDOFOVIR,5.15767813,FDA,False,BRINCIDOFOVIR,
fda_963,DOXYCYCLINE,4.31557512,FDA,False,DOXYCYCLINE,
fda_684,BUDESONIDE,6.18686914,FDA,False,BUDESONIDE,
fda_2098,QUIZARTINIB,5.78482008,FDA,False,QUIZARTINIB,
fda_2009,VOCLOSPORIN,5.37251806,FDA,False,VOCLOSPORIN,
fda_2116,BENZQUINAMIDE,4.59722948,FDA,False,BENZQUINAMIDE,
fda_640,CETIRIZINE,3.59743571,FDA,False,CETIRIZINE,
fda_1881,TEZACAFTOR,5.31461477,FDA,False,TEZACAFTOR,
fda_231,FURAZOLIDONE,3.39829946,FDA,False,FURAZOLIDONE,
fda_1981,SELPERCATINIB,6.51633835,FDA,False,SELPERCATINIB,
fda_669,FLUDARABINE PHOSPHATE,3.59000373,FDA,False,FLUDARABINE PHOSPHATE,
fda_828,MELOXICAM,4.42525911,FDA,False,MELOXICAM,
fda_2079,NIRMATRELVIR,4.81280947,FDA,False,NIRMATRELVIR,
fda_995,TETRAHYDROZOLINE,3.5464468,FDA,False,TETRAHYDROZOLINE,
fda_364,_c001,4.62045097,FDA,False,,
fda_2004,CLASCOTERONE,5.62796259,FDA,False,CLASCOTERONE,
fda_186,HYDROXYZINE,3.87398529,FDA,False,HYDROXYZINE,
fda_2077,DURLOBACTAM,4.04987001,FDA,False,DURLOBACTAM,
fda_978,NAFCILLIN,4.27442455,FDA,False,NAFCILLIN,
fda_514,INDAPAMIDE,5.19727468,FDA,False,INDAPAMIDE,
fda_659,FLUTICASONE PROPIONATE,5.44835901,FDA,False,FLUTICASONE PROPIONATE,
fda_940,NELARABINE,3.68220639,FDA,False,NELARABINE,
fda_678,ITRACONAZOLE,5.05626154,FDA,False,ITRACONAZOLE,
fda_836,CELECOXIB,5.79189491,FDA,False,CELECOXIB,
fda_983,STREPTOZOCIN,3.01799679,FDA,False,STREPTOZOCIN,
fda_914,_c001,4.73135662,FDA,False,,
fda_863,_c001,5.15358543,FDA,False,,
fda_1861,M NETARSUDIL,4.02111387,FDA,False,NETARSUDIL,
fda_331,PARGYLINE,2.95890141,FDA,False,PARGYLINE,
fda_1904,ELAGOLIX,5.01699495,FDA,False,ELAGOLIX,
fda_365,PENTAZOCINE,4.71326208,FDA,False,PENTAZOCINE,
fda_525,ACYCLOVIR,3.47400403,FDA,False,ACYCLOVIR,
fda_1916,MOXIDECTIN,6.35724115,FDA,False,MOXIDECTIN,
fda_688,DIDANOSINE,3.36860442,FDA,False,DIDANOSINE,
fda_510,NIFEDIPINE,3.73673177,FDA,False,NIFEDIPINE,
fda_559,ETODOLAC,4.08582211,FDA,False,ETODOLAC,
fda_328,METHYLDOPA,3.31800008,FDA,False,METHYLDOPA,
fda_677,FLUMAZENIL,3.9274075,FDA,False,FLUMAZENIL,
fda_588,NAFTIFINE,4.2110405,FDA,False,NAFTIFINE,
fda_2021,RELUGOLIX,5.60925484,FDA,False,RELUGOLIX,
fda_2056,MITAPIVAT,4.86286211,FDA,False,MITAPIVAT,
fda_1911,GLASDEGIB,4.82602167,FDA,False,GLASDEGIB,
fda_1997,CABOTEGRAVIR,5.19760561,FDA,False,CABOTEGRAVIR,
fda_437,SULFACYTINE,3.62515831,FDA,False,SULFACYTINE,
fda_576,DICLOFENAC,4.51826096,FDA,False,DICLOFENAC,
fda_878,_c001,5.32858133,FDA,False,,
fda_306,BETAMETHASONE VALERATE,6.56353569,FDA,False,BETAMETHASONE VALERATE,
fda_2043,VONOPRAZAN,4.34168148,FDA,False,VONOPRAZAN,
fda_924,BROMFENAC,4.69197845,FDA,False,BROMFENAC,
fda_770,NEVIRAPINE,5.2316494,FDA,False,NEVIRAPINE,
fda_577,MISOPROSTOL,5.38385439,FDA,False,MISOPROSTOL,
fda_1895,OMADACYCLINE,5.32448149,FDA,False,OMADACYCLINE,
fda_585,CLOBETASOL PROPIONATE,5.55156851,FDA,False,CLOBETASOL PROPIONATE,
fda_833,PANTOPRAZOLE,4.48155499,FDA,False,PANTOPRAZOLE,
fda_242,CHLORPROPAMIDE,3.37874722,FDA,False,CHLORPROPAMIDE,
fda_2067,LENACAPAVIR,6.9434495,FDA,False,LENACAPAVIR,
fda_671,ITRACONAZOLE,6.34651899,FDA,False,ITRACONAZOLE,
fda_453,GLIPIZIDE,4.36144304,FDA,False,GLIPIZIDE,
fda_2016,ESTETROL,5.4794488,FDA,False,ESTETROL,
fda_610,TERCONAZOLE,4.72521639,FDA,False,TERCONAZOLE,
fda_945,ARFORMOTEROL,3.60627866,FDA,False,ARFORMOTEROL,
fda_53,HEXACHLOROPHENE,4.89311171,FDA,False,HEXACHLOROPHENE,
fda_191,HYDROCORTAMATE,5.1537776,FDA,False,HYDROCORTAMATE,
fda_531,LEVONORGESTREL,5.79364157,FDA,False,LEVONORGESTREL,
fda_1902,CANNABIDIOL,4.4848361,FDA,False,CANNABIDIOL,
fda_566,_c001,6.29191732,FDA,False,,
fda_1979,VOXELOTOR,5.08727264,FDA,False,VOXELOTOR,
fda_571,DEZOCINE,5.09036636,FDA,False,DEZOCINE,
fda_747,BUTENAFINE,3.88921285,FDA,False,BUTENAFINE,
fda_1879,BICTEGRAVIR,3.97216916,FDA,False,BICTEGRAVIR,
fda_687,NEFAZODONE,4.31062603,FDA,False,NEFAZODONE,
fda_1910,M REVEFENACIN,4.37504005,FDA,False,REVEFENACIN,
fda_1977,TEMSAVIR,5.6511116,FDA,False,TEMSAVIR,
fda_668,LEVAMISOLE,2.95184779,FDA,False,LEVAMISOLE,
fda_699,AMIFOSTINE,3.33686328,FDA,False,AMIFOSTINE,
fda_2092,PALOVAROTENE,5.27542114,FDA,False,PALOVAROTENE,
fda_2114,MAVORIXAFOR,4.64051104,FDA,False,MAVORIXAFOR,
fda_635,OMEPRAZOLE,4.42386961,FDA,False,OMEPRAZOLE,
fda_2015,TEPOTINIB,5.38458204,FDA,False,TEPOTINIB,
fda_511,ALPROSTADIL,5.0672493,FDA,False,ALPROSTADIL,
fda_2037,AVACOPAN,5.09977722,FDA,False,AVACOPAN,
fda_1925,GILTERITINIB,5.4823246,FDA,False,GILTERITINIB,
fda_2071,ZAVEGEPANT,5.09955645,FDA,False,ZAVEGEPANT,
fda_40,METHYLERGONOVINE,3.75973392,FDA,False,METHYLERGONOVINE,
fda_2049,FINERENONE,4.48791552,FDA,False,FINERENONE,
fda_636,MIDODRINE,3.46758771,FDA,False,MIDODRINE,
fda_553,FLECAINIDE,4.40533876,FDA,False,FLECAINIDE,
fda_690,NILUTAMIDE,4.27996397,FDA,False,NILUTAMIDE,
fda_351,_c001,3.60673213,FDA,False,,
fda_2138,M LANDIOLOL,3.83235478,FDA,False,LANDIOLOL,
fda_1898,PLAZOMICIN,2.78832889,FDA,False,PLAZOMICIN,
fda_389,ESKETAMINE,3.93450475,FDA,False,ESKETAMINE,
fda_842,TEMOZOLOMIDE,4.12670851,FDA,False,TEMOZOLOMIDE,
fda_680,AZELASTINE,5.70142031,FDA,False,AZELASTINE,
fda_263,PHENELZINE,4.71889496,FDA,False,PHENELZINE,
fda_22,METHAMPHETAMINE,2.99567413,FDA,False,METHAMPHETAMINE,
fda_751,ZAFIRLUKAST,6.16434288,FDA,False,ZAFIRLUKAST,
fda_269,PYRVINIUM,5.65497065,FDA,False,PYRVINIUM,
fda_2081,ELACESTRANT,5.4839344,FDA,False,ELACESTRANT,
fda_755,IRINOTECAN,6.27114248,FDA,False,IRINOTECAN,
fda_75,PARAMETHADIONE,3.54541326,FDA,False,PARAMETHADIONE,
fda_419,PRAZOSIN,5.04747629,FDA,False,PRAZOSIN,
fda_875,TREPROSTINIL,5.48483086,FDA,False,TREPROSTINIL,
fda_307,VINBLASTINE,4.78058195,FDA,False,VINBLASTINE,
fda_692,_c001,4.15924788,FDA,False,,
fda_935,DAPSONE,3.55224061,FDA,False,DAPSONE,
fda_1950,TENAPANOR,6.61713839,FDA,False,TENAPANOR,
fda_704,GABAPENTIN,3.62956262,FDA,False,GABAPENTIN,
fda_232,CHLORZOXAZONE,3.4954083,FDA,False,CHLORZOXAZONE,
fda_2148,VANZACAFTOR,4.97213984,FDA,False,VANZACAFTOR,
fda_647,QUINAPRIL,5.12289619,FDA,False,QUINAPRIL,
fda_294,BENZPHETAMINE,3.46464062,FDA,False,BENZPHETAMINE,
fda_821,CAPECITABINE,4.35667801,FDA,False,CAPECITABINE,
fda_490,MINOXIDIL,3.68689656,FDA,False,MINOXIDIL,
fda_2047,M MOBOCERTINIB,5.57705736,FDA,False,MOBOCERTINIB,
fda_763,TAZAROTENE,5.56277418,FDA,False,TAZAROTENE,
fda_2026,IBREXAFUNGERP,6.81197977,FDA,False,IBREXAFUNGERP,
fda_496,BUMETANIDE,3.93328834,FDA,False,BUMETANIDE,
fda_387,CYTARABINE,3.45064616,FDA,False,CYTARABINE,
fda_1903,M CANNABIDIOL,4.25982904,FDA,False,CANNABIDIOL,
fda_931,ALVIMOPAN,4.55019617,FDA,False,ALVIMOPAN,
fda_446,CLOTRIMAZOLE,4.59328508,FDA,False,CLOTRIMAZOLE,
fda_2130,M ACECLIDINE,2.59379983,FDA,False,ACECLIDINE,
fda_370,HYDROXYUREA,4.04179001,FDA,False,HYDROXYUREA,
fda_956,TEMSIROLIMUS,5.10480356,FDA,False,TEMSIROLIMUS,
fda_228,PHENPROCOUMON,4.70425081,FDA,False,PHENPROCOUMON,
fda_338,PRALIDOXIME,2.73039985,FDA,False,PRALIDOXIME,
fda_631,SIMVASTATIN,5.65177774,FDA,False,SIMVASTATIN,
fda_291,COLCHICINE,5.08185768,FDA,False,COLCHICINE,
fda_581,LEVOBETAXOLOL,3.86838722,FDA,False,LEVOBETAXOLOL,
fda_315,DIPYRIDAMOLE,4.65392303,FDA,False,DIPYRIDAMOLE,
fda_778,TOPOTECAN,5.73308516,FDA,False,TOPOTECAN,
fda_1909,REVEFENACIN,5.37534332,FDA,False,REVEFENACIN,
fda_767,REMIFENTANIL,4.16212893,FDA,False,REMIFENTANIL,
fda_892,ROSUVASTATIN,4.27770472,FDA,False,ROSUVASTATIN,
fda_1921,DUVELISIB,6.26194811,FDA,False,DUVELISIB,
fda_35,HOMATROPINE METHYLBROMIDE,3.67199326,FDA,False,HOMATROPINE METHYLBROMIDE,
fda_2078,TROFINETIDE,3.56001377,FDA,False,TROFINETIDE,
fda_739,ACARBOSE,2.74214864,FDA,False,ACARBOSE,
fda_860,LINEZOLID,3.52168155,FDA,False,LINEZOLID,
fda_713,RISPERIDONE,6.04004812,FDA,False,RISPERIDONE,
fda_2062,OMIDENEPAG ISOPROPYL,4.91692972,FDA,False,OMIDENEPAG ISOPROPYL,
fda_2050,ASCIMINIB,5.41764975,FDA,False,ASCIMINIB,
fda_210,NORETHINDRONE ACETATE,5.9484334,FDA,False,NORETHINDRONE ACETATE,
fda_430,BUTALBITAL,5.11591911,FDA,False,BUTALBITAL,
fda_804,RALOXIFENE,5.18525362,FDA,False,RALOXIFENE,
fda_648,PRAVASTATIN,6.00964737,FDA,False,PRAVASTATIN,
fda_395,TRETINOIN,5.24689817,FDA,False,TRETINOIN,
fda_857,_c001,3.35013843,FDA,False,,
fda_411,METOLAZONE,4.56056738,FDA,False,METOLAZONE,
fda_850,PIOGLITAZONE,5.38443613,FDA,False,PIOGLITAZONE,
fda_622,NEDOCROMIL,5.44214678,FDA,False,NEDOCROMIL,
fda_806,PARICALCITOL,5.43228531,FDA,False,PARICALCITOL,
fda_2034,FEXINIDAZOLE,3.38293338,FDA,False,FEXINIDAZOLE,
fda_187,METHSUXIMIDE,4.44859457,FDA,False,METHSUXIMIDE,
fda_476,MECLOFENAMATE,4.80434561,FDA,False,MECLOFENAMATE,
fda_37,DIMERCAPROL,2.93076396,FDA,False,DIMERCAPROL,
fda_49,DIENESTROL,4.44482231,FDA,False,DIENESTROL,
fda_707,LAMOTRIGINE,5.08011723,FDA,False,LAMOTRIGINE,
fda_534,TIOCONAZOLE,4.95200014,FDA,False,TIOCONAZOLE,
fda_406,_c001,4.81617975,FDA,False,,
fda_477,TIMOLOL,2.83446026,FDA,False,TIMOLOL,
fda_1882,FOSNETUPITANT,5.49045324,FDA,False,FOSNETUPITANT,
fda_1915,LAROTRECTINIB,5.27363157,FDA,False,LAROTRECTINIB,
fda_787,_c001,5.82479429,FDA,False,,
fda_57,ISOPROTERENOL,3.09717464,FDA,False,ISOPROTERENOL,
fda_1955,DAROLUTAMIDE,5.20562506,FDA,False,DAROLUTAMIDE,
fda_1862,BENZHYDROCODONE,5.06827497,FDA,False,BENZHYDROCODONE,
fda_600,GLUCONOLACTONE,2.79155183,FDA,False,GLUCONOLACTONE,
fda_775,_c001,4.49366951,FDA,False,,
fda_1983,CAPMATINIB,5.71241236,FDA,False,CAPMATINIB,
fda_194,METHSUXIMIDE,4.40925646,FDA,False,METHSUXIMIDE,
fda_612,URSODIOL,5.6205802,FDA,False,URSODIOL,
fda_993,OXYTETRACYCLINE,3.85558701,FDA,False,OXYTETRACYCLINE,
fda_953,CARBENICILLIN,4.45611238,FDA,False,CARBENICILLIN,
fda_250,OXYMORPHONE,4.06049013,FDA,False,OXYMORPHONE,
fda_385,PROCARBAZINE,3.08587074,FDA,False,PROCARBAZINE,
fda_768,SIBUTRAMINE,4.53586626,FDA,False,SIBUTRAMINE,
fda_2113,IPTACOPAN,4.8315196,FDA,False,IPTACOPAN,
fda_2111,CEFTOBIPROLE MEDOCARIL,5.39275026,FDA,False,CEFTOBIPROLE MEDOCARIL,
fda_314,GLYCOPYRROLATE,4.52737188,FDA,False,GLYCOPYRROLATE,
fda_509,OXYMETAZOLINE,3.88500881,FDA,False,OXYMETAZOLINE,
fda_632,APRACLONIDINE,4.53639555,FDA,False,APRACLONIDINE,
fda_960,CYCLOPENTOLATE,3.5915072,FDA,False,CYCLOPENTOLATE,
fda_264,DIPHENYLPYRALINE,4.14058113,FDA,False,DIPHENYLPYRALINE,
fda_2018,VERICIGUAT,5.03199053,FDA,False,VERICIGUAT,
fda_2136,M TREOSULFAN,3.30870032,FDA,False,TREOSULFAN,
fda_31,SILODOSIN,4.22744799,FDA,False,SILODOSIN,
fda_652,ZOLPIDEM,4.81839275,FDA,False,ZOLPIDEM,
fda_467,TRIAZOLAM,6.17265701,FDA,False,TRIAZOLAM,
fda_97,PROMETHAZINE,3.98145223,FDA,False,PROMETHAZINE,
fda_550,FLURBIPROFEN,4.64368629,FDA,False,FLURBIPROFEN,
fda_758,LOTEPREDNOL ETABONATE,5.19768286,FDA,False,LOTEPREDNOL ETABONATE,
fda_77,CHLORPHENIRAMINE,3.90208817,FDA,False,CHLORPHENIRAMINE,
fda_2143,FOSLEVODOPA,3.74717331,FDA,False,FOSLEVODOPA,
fda_2006,NIFURTIMOX,4.04024649,FDA,False,NIFURTIMOX,
fda_403,FLUCYTOSINE,3.29639125,FDA,False,FLUCYTOSINE,
fda_968,NEOMYCIN,3.11819625,FDA,False,NEOMYCIN,
fda_1962,ELEXACAFTOR,5.58983564,FDA,False,ELEXACAFTOR,
fda_1961,FLORTAUCIPIR,4.45986938,FDA,False,FLORTAUCIPIR,
fda_2096,M MOMELOTINIB,5.42305183,FDA,False,MOMELOTINIB,
fda_90,THIAMYLAL,4.1898942,FDA,False,THIAMYLAL,
fda_225,TRIAMCINOLONE ACETONIDE,5.8955245,FDA,False,TRIAMCINOLONE ACETONIDE,
fda_2126,GEPOTIDACIN,4.89422655,FDA,False,GEPOTIDACIN,
fda_445,FENOPROFEN,4.57202578,FDA,False,FENOPROFEN,
fda_752,CISATRACURIUM,6.39080286,FDA,False,CISATRACURIUM,
fda_493,AMILORIDE,4.74067926,FDA,False,AMILORIDE,
fda_979,METHICILLIN,4.29628325,FDA,False,METHICILLIN,
fda_213,MESTRANOL,5.20662928,FDA,False,MESTRANOL,
fda_765,FEXOFENADINE,5.34025574,FDA,False,FEXOFENADINE,
fda_20,ESTRADIOL CYPIONATE,5.93026352,FDA,False,ESTRADIOL CYPIONATE,
fda_835,LEVOBUPIVACAINE,4.1116147,FDA,False,LEVOBUPIVACAINE,
fda_882,VALGANCICLOVIR,4.2218194,FDA,False,VALGANCICLOVIR,
fda_748,TRANDOLAPRIL,4.45451403,FDA,False,TRANDOLAPRIL,
fda_2137,M TREOSULFAN,2.67348981,FDA,False,TREOSULFAN,
fda_591,NORFLOXACIN,4.16335917,FDA,False,NORFLOXACIN,
fda_1986,[H][C@@]69SC[C@]1(NCCc2c1[nH]c3ccc(OC)cc23)C(=O)OCC(c5c4OCOc4c(C)c(OC(C)=O)c...,5.8218956,FDA,True,,[H][C@@]69SC[C@]1(NCCc2c1[nH]c3ccc(OC)cc23)C(=O)OCC(c5c4OCOc4c(C)c(OC(C)=O)c...
fda_969,GENTAMICIN,3.33105636,FDA,False,GENTAMICIN,
fda_84,ASPIRIN,3.09243774,FDA,False,ASPIRIN,
fda_1937,M OZANIMOD,5.5613513,FDA,False,OZANIMOD,
fda_2154,SUZETRIGINE,5.41017723,FDA,False,SUZETRIGINE,
fda_561,FLUOXETINE,3.76877666,FDA,False,FLUOXETINE,
fda_24,VITAMIN A,4.71074772,FDA,False,VITAMIN A,
fda_1923,SOLRIAMFETOL,3.31487083,FDA,False,SOLRIAMFETOL,
fda_1917,LORLATINIB,6.06772184,FDA,False,LORLATINIB,
fda_1966,Cc1c(Cl)c(C)n(=O)c(Cl)c1c3noc(c2cc(O)c(O)c(N(=O)=O)c2)n3,5.18711042,FDA,True,,Cc1c(Cl)c(C)n(=O)c(Cl)c1c3noc(c2cc(O)c(O)c(N(=O)=O)c2)n3
fda_1873,VABORBACTAM,5.44591856,FDA,False,VABORBACTAM,
fda_2123,LANDIOLOL,5.14941931,FDA,False,LANDIOLOL,
fda_67,SULFANILAMIDE,3.06669641,FDA,False,SULFANILAMIDE,
fda_2121,_c001,3.99054265,FDA,False,,
fda_837,AMPRENAVIR,4.60132074,FDA,False,AMPRENAVIR,
fda_2069,SOTAGLIFLOZIN,3.80438399,FDA,False,SOTAGLIFLOZIN,
fda_1874,ERTUGLIFLOZIN,4.00056505,FDA,False,ERTUGLIFLOZIN,
fda_740,VALACYCLOVIR,3.93869662,FDA,False,VALACYCLOVIR,
fda_1973,RELEBACTAM,4.86953068,FDA,False,RELEBACTAM,
fda_201,MEPENZOLATE,4.10975122,FDA,False,MEPENZOLATE,
fda_208,ETHOTOIN,4.11707592,FDA,False,ETHOTOIN,
fda_54,DIMERCAPROL,3.50634694,FDA,False,DIMERCAPROL,
fda_2145,BRENSOCATIB,4.62704134,FDA,False,BRENSOCATIB,
fda_799,ZOLMITRIPTAN,3.64352441,FDA,False,ZOLMITRIPTAN,
fda_794,REPAGLINIDE,4.93334627,FDA,False,REPAGLINIDE,
fda_712,PACLITAXEL,5.24197817,FDA,False,PACLITAXEL,
fda_2151,LAZERTINIB,5.98000574,FDA,False,LAZERTINIB,
fda_2095,MOMELOTINIB,5.34688568,FDA,False,MOMELOTINIB,
fda_547,ACETOHYDROXAMIC ACID,4.51809597,FDA,False,ACETOHYDROXAMIC ACID,
fda_2158,AVUTOMETINIB,5.99225044,FDA,False,AVUTOMETINIB,
fda_1958,FENFLURAMINE,3.20274806,FDA,False,FENFLURAMINE,
fda_916,_c001,5.62429476,FDA,False,,
fda_275,CHLOPHEDIANOL,3.80562782,FDA,False,CHLOPHEDIANOL,
fda_372,AZATHIOPRINE,3.84301305,FDA,False,AZATHIOPRINE,
fda_488,PIROXICAM,4.64013481,FDA,False,PIROXICAM,
fda_1896,SIPONIMOD,5.20903444,FDA,False,SIPONIMOD,
fda_2091,VAMOROLONE,5.549438,FDA,False,VAMOROLONE,
fda_334,OXANDROLONE,5.49306917,FDA,False,OXANDROLONE,
fda_840,CYCLOSPORINE,7.06703329,FDA,False,CYCLOSPORINE,
fda_88,METHIMAZOLE,3.2095058,FDA,False,METHIMAZOLE,
fda_807,RIVASTIGMINE,2.92910385,FDA,False,RIVASTIGMINE,
fda_1892,M TRICLABENDAZOLE,4.98456526,FDA,False,TRICLABENDAZOLE,
fda_734,FOSPHENYTOIN,4.18031073,FDA,False,FOSPHENYTOIN,
fda_501,ALPRAZOLAM,5.28632689,FDA,False,ALPRAZOLAM,
fda_323,METAXALONE,3.42870331,FDA,False,METAXALONE,
fda_209,NORETHINDRONE,5.67393494,FDA,False,NORETHINDRONE,
fda_442,NAPROXEN,3.53290105,FDA,False,NAPROXEN,
fda_479,NALBUPHINE,4.54034328,FDA,False,NALBUPHINE,
fda_1863,ABEMACICLIB,5.7972703,FDA,False,ABEMACICLIB,
fda_638,OXICONAZOLE,4.87380695,FDA,False,OXICONAZOLE,
fda_240,OXYPHENCYCLIMINE,4.4794364,FDA,False,OXYPHENCYCLIMINE,
fda_433,CARBIDOPA,3.69403005,FDA,False,CARBIDOPA,
fda_400,MEGESTROL ACETATE,5.94436884,FDA,False,MEGESTROL ACETATE,
fda_279,BENDROFLUMETHIAZIDE,5.11325073,FDA,False,BENDROFLUMETHIAZIDE,
fda_94,GALLAMINE,3.27088284,FDA,False,GALLAMINE,
fda_726,LANSOPRAZOLE,4.63642311,FDA,False,LANSOPRAZOLE,
fda_735,ZILEUTON,4.03515053,FDA,False,ZILEUTON,
fda_497,ETOMIDATE,3.5234859,FDA,False,ETOMIDATE,
fda_545,NAPHAZOLINE,3.41302681,FDA,False,NAPHAZOLINE,
fda_887,FULVESTRANT,5.74958467,FDA,False,FULVESTRANT,
fda_357,FENTANYL,4.44702101,FDA,False,FENTANYL,
fda_954,RETAPAMULIN,5.41388273,FDA,False,RETAPAMULIN,
fda_1993,EXATECAN,5.85588408,FDA,False,EXATECAN,
fda_523,DILTIAZEM,5.08294439,FDA,False,DILTIAZEM,
fda_725,TIZANIDINE,4.25136757,FDA,False,TIZANIDINE,
fda_715,CARVEDILOL,4.08918524,FDA,False,CARVEDILOL,
fda_480,_c001,5.73014832,FDA,False,,
fda_1894,SEGESTERONE ACETATE,5.78698492,FDA,False,SEGESTERONE ACETATE,
fda_594,SUPROFEN,4.682868,FDA,False,SUPROFEN,
fda_1891,M TRICLABENDAZOLE,5.28469038,FDA,False,TRICLABENDAZOLE,
fda_552,VECURONIUM,5.50522804,FDA,False,VECURONIUM,
fda_423,IBUPROFEN,4.15643644,FDA,False,IBUPROFEN,
fda_656,MASOPROCOL,4.80050468,FDA,False,MASOPROCOL,
fda_2157,VIMSELTINIB,6.4352994,FDA,False,VIMSELTINIB,
fda_2017,TRILACICLIB,5.95517874,FDA,False,TRILACICLIB,
fda_2139,SULOPENEM ETZADROXIL,4.11791182,FDA,False,SULOPENEM ETZADROXIL,
fda_877,GUAIFENESIN,2.88159442,FDA,False,GUAIFENESIN,
fda_1969,ENTRECTINIB,5.89764595,FDA,False,ENTRECTINIB,
fda_458,CYCLOBENZAPRINE,4.10865784,FDA,False,CYCLOBENZAPRINE,
fda_218,NIACIN,2.8956635,FDA,False,NIACIN,
fda_673,PHENIRAMINE,3.73256397,FDA,False,PHENIRAMINE,
fda_937,QUININE,3.96409726,FDA,False,QUININE,
fda_1936,OZANIMOD,5.39591169,FDA,False,OZANIMOD,
fda_366,ACETYLCHOLINE,2.678231,FDA,False,ACETYLCHOLINE,
fda_996,AMPHOTERICIN B,6.31735086,FDA,False,AMPHOTERICIN B,
fda_729,MIRTAZAPINE,3.6747334,FDA,False,MIRTAZAPINE,
fda_471,METOPROLOL,3.07950234,FDA,False,METOPROLOL,
fda_549,KETOPROFEN,3.76387095,FDA,False,KETOPROFEN,
fda_2039,BELUMOSUDIL,5.52563715,FDA,False,BELUMOSUDIL,
fda_926,CINACALCET,4.23967075,FDA,False,CINACALCET,
fda_814,TELMISARTAN,6.95807886,FDA,False,TELMISARTAN,
fda_695,ZALCITABINE,3.31476474,FDA,False,ZALCITABINE,
fda_615,PROPOFOL,3.29622149,FDA,False,PROPOFOL,
fda_443,LOMUSTINE,3.62499309,FDA,False,LOMUSTINE,
fda_964,ERYTHROMYCIN,5.81159735,FDA,False,ERYTHROMYCIN,
fda_333,DESIPRAMINE,3.66948128,FDA,False,DESIPRAMINE,
fda_540,TRILOSTANE,5.91102552,FDA,False,TRILOSTANE,
fda_913,RANOLAZINE,3.92242813,FDA,False,RANOLAZINE,
fda_520,RITODRINE,3.54626012,FDA,False,RITODRINE,
fda_87,DICYCLOMINE,4.47401953,FDA,False,DICYCLOMINE,
fda_1967,CEDAZURIDINE,3.71200562,FDA,False,CEDAZURIDINE,
fda_546,CICLOPIROX,4.47840929,FDA,False,CICLOPIROX,
fda_457,_c001,3.85527539,FDA,False,,
fda_2031,M ABROCITINIB,3.77423549,FDA,False,ABROCITINIB,
fda_1948,TAZEMETOSTAT,5.77826357,FDA,False,TAZEMETOSTAT,
fda_1919,LUSUTROMBOPAG,5.6026063,FDA,False,LUSUTROMBOPAG,
fda_905,IBANDRONATE,3.30985141,FDA,False,IBANDRONATE,
fda_2093,ENMETAZOBACTAM,4.54704952,FDA,False,ENMETAZOBACTAM,
fda_992,DEMECLOCYCLINE,4.34235859,FDA,False,DEMECLOCYCLINE,
fda_1870,[CH3:6][c:2]1[n:3][cH:4][c:5]([N:11](=[O:13])=[O:12])[n:1]1[CH2:7][C@H:8]([C...,2.94464397,FDA,True,,[CH3:6][c:2]1[n:3][cH:4][c:5]([N:11](=[O:13])=[O:12])[n:1]1[CH2:7][C@H:8]([C...
fda_214,NORETHYNODREL,5.56759644,FDA,False,NORETHYNODREL,
fda_1922,IVOSIDENIB,6.36968279,FDA,False,IVOSIDENIB,
fda_2102,FRUQUINTINIB,6.04449224,FDA,False,FRUQUINTINIB,
fda_95,DISULFIRAM,2.87787938,FDA,False,DISULFIRAM,
fda_548,ECONAZOLE,4.30914354,FDA,False,ECONAZOLE,
fda_261,DEMECARIUM,4.93262243,FDA,False,DEMECARIUM,
fda_2108,DANICOPAN,5.32304335,FDA,False,DANICOPAN,
fda_482,NADOLOL,3.15936875,FDA,False,NADOLOL,
fda_302,METRONIDAZOLE,3.07464981,FDA,False,METRONIDAZOLE,
fda_317,URACIL MUSTARD,4.31921768,FDA,False,URACIL MUSTARD,
fda_2117,ISOETHARINE,3.29294968,FDA,False,ISOETHARINE,
fda_2065,RITLECITINIB,3.85019565,FDA,False,RITLECITINIB,
fda_988,PENTOBARBITAL,4.55024862,FDA,False,PENTOBARBITAL,
fda_206,DESERPIDINE,4.72294855,FDA,False,DESERPIDINE,
fda_2083,SORAVTANSINE,5.83932066,FDA,False,SORAVTANSINE,
fda_750,ANASTROZOLE,5.03405762,FDA,False,ANASTROZOLE,
fda_2132,LEVACETYLLEUCINE,2.93263507,FDA,False,LEVACETYLLEUCINE,
fda_484,OXAMNIQUINE,3.32235074,FDA,False,OXAMNIQUINE,
fda_486,GUANADREL,3.58671165,FDA,False,GUANADREL,
fda_620,ZIDOVUDINE,4.28647947,FDA,False,ZIDOVUDINE,
fda_786,TOLCAPONE,4.31848335,FDA,False,TOLCAPONE,
fda_1980,ZANUBRUTINIB,5.55655146,FDA,False,ZANUBRUTINIB,
fda_570,ESTAZOLAM,5.18995142,FDA,False,ESTAZOLAM,
fda_813,LEVALBUTEROL,2.99766541,FDA,False,LEVALBUTEROL,
fda_2075,OMAVELOXOLONE,6.75742579,FDA,False,OMAVELOXOLONE,
fda_353,AMANTADINE,3.56669211,FDA,False,AMANTADINE,
fda_204,ISOPROPAMIDE,3.9337399,FDA,False,ISOPROPAMIDE,
fda_358,INDOMETHACIN,5.47758245,FDA,False,INDOMETHACIN,
fda_243,DEXAMETHASONE,5.47765923,FDA,False,DEXAMETHASONE,
fda_634,PODOFILOX,4.64062738,FDA,False,PODOFILOX,
fda_1867,FOSTAMATINIB,4.30151701,FDA,False,FOSTAMATINIB,
fda_527,PENTOXIFYLLINE,4.0251708,FDA,False,PENTOXIFYLLINE,
fda_193,ORPHENADRINE,4.04374743,FDA,False,ORPHENADRINE,
fda_846,ROFECOXIB,5.13406515,FDA,False,ROFECOXIB,
fda_212,BUCLIZINE,4.66938448,FDA,False,BUCLIZINE,
fda_1897,PRUCALOPRIDE,4.19953966,FDA,False,PRUCALOPRIDE,
fda_197,MECLIZINE,4.12806892,FDA,False,MECLIZINE,
fda_2122,XANOMELINE,4.25944281,FDA,False,XANOMELINE,
fda_205,PERPHENAZINE,4.54183292,FDA,False,PERPHENAZINE,
fda_227,BENZONATATE,3.97870827,FDA,False,BENZONATATE,
fda_386,TRIMIPRAMINE,4.2565155,FDA,False,TRIMIPRAMINE,
fda_235,DICHLORPHENAMIDE,4.03505421,FDA,False,DICHLORPHENAMIDE,
fda_847,BEXAROTENE,5.000916,FDA,False,BEXAROTENE,
fda_255,CARISOPRODOL,3.58246732,FDA,False,CARISOPRODOL,
fda_1866,LOFEXIDINE,3.60803103,FDA,False,LOFEXIDINE,
fda_789,EPTIFIBATIDE,4.61049128,FDA,False,EPTIFIBATIDE,
fda_278,_c001,5.50143242,FDA,False,,
fda_609,MEFLOQUINE,4.38687134,FDA,False,MEFLOQUINE,
fda_917,EPINASTINE,4.27704239,FDA,False,EPINASTINE,
fda_3,HISTAMINE,2.93667293,FDA,False,HISTAMINE,
fda_2140,SULOPENEM,3.43683505,FDA,False,SULOPENEM,
fda_516,KETOCONAZOLE,4.623981,FDA,False,KETOCONAZOLE,
fda_711,FLUVASTATIN,4.83704996,FDA,False,FLUVASTATIN,
fda_39,MEPHENYTOIN,3.63654518,FDA,False,MEPHENYTOIN,
fda_557,MEXILETINE,3.50139999,FDA,False,MEXILETINE,
fda_528,BUPROPION,3.26620126,FDA,False,BUPROPION,
fda_982,PENICILLIN V,3.79659534,FDA,False,PENICILLIN V,
fda_2159,DEFACTINIB,5.20581007,FDA,False,DEFACTINIB,
fda_46,PYRIDOXINE,3.75413132,FDA,False,PYRIDOXINE,
fda_800,TOLTERODINE,4.5464406,FDA,False,TOLTERODINE,
fda_1860,NETARSUDIL,5.13315439,FDA,False,NETARSUDIL,
fda_309,AMITRIPTYLINE,4.58784819,FDA,False,AMITRIPTYLINE,
fda_700,CANDESARTAN CILEXETIL,4.91363287,FDA,False,CANDESARTAN CILEXETIL,
fda_2060,DEUCRAVACITINIB,5.59692144,FDA,False,DEUCRAVACITINIB,
fda_1871,Cc1ncc(N(=O)=O)n1C[C@@H](C)O,3.01202893,FDA,True,,Cc1ncc(N(=O)=O)n1C[C@@H](C)O
fda_641,SERTRALINE,4.35701132,FDA,False,SERTRALINE,
fda_2112,CEFTOBIPROLE,4.77490807,FDA,False,CEFTOBIPROLE,
fda_348,TOLAZAMIDE,4.47661638,FDA,False,TOLAZAMIDE,
fda_397,HALOPROGIN,4.2821722,FDA,False,HALOPROGIN,
fda_221,CHLOROTHIAZIDE,4.36330557,FDA,False,CHLOROTHIAZIDE,
fda_709,HALOFANTRINE,4.75901651,FDA,False,HALOFANTRINE,
fda_468,_c001,5.45397329,FDA,False,,
fda_708,FLUVOXAMINE,3.88202286,FDA,False,FLUVOXAMINE,
fda_730,ARBUTAMINE,3.8378036,FDA,False,ARBUTAMINE,
fda_1968,AVAPRITINIB,5.91975451,FDA,False,AVAPRITINIB,
fda_608,PREDNICARBATE,6.04060698,FDA,False,PREDNICARBATE,
fda_499,ATENOLOL,3.21011639,FDA,False,ATENOLOL,
fda_424,PIMOZIDE,5.48958588,FDA,False,PIMOZIDE,
fda_237,TRIFLUOPERAZINE,4.62148666,FDA,False,TRIFLUOPERAZINE,
fda_742,GLIMEPIRIDE,4.85192251,FDA,False,GLIMEPIRIDE,
fda_1994,OLICERIDINE,5.05789804,FDA,False,OLICERIDINE,
fda_495,TRAZODONE,4.6901145,FDA,False,TRAZODONE,
fda_2090,VADADUSTAT,3.50691795,FDA,False,VADADUSTAT,
fda_262,NANDROLONE,5.52163935,FDA,False,NANDROLONE,
fda_762,RILUZOLE,3.43680763,FDA,False,RILUZOLE,
fda_454,VASOPRESSIN,5.81381226,FDA,False,VASOPRESSIN,
fda_596,_c001,5.40086937,FDA,False,,
fda_296,ATROPINE,3.5941093,FDA,False,ATROPINE,
fda_431,PROBUCOL,5.94319391,FDA,False,PROBUCOL,
fda_981,PENICILLIN G,3.94282341,FDA,False,PENICILLIN G,
fda_693,FELBAMATE,3.52637959,FDA,False,FELBAMATE,
fda_1858,LATANOPROSTENE BUNOD,5.58699846,FDA,False,LATANOPROSTENE BUNOD,
fda_780,MIGLITOL,2.74609685,FDA,False,MIGLITOL,
fda_2160,TALETRECTINIB,5.30634451,FDA,False,TALETRECTINIB,
fda_670,TYLOXAPOL,4.2271595,FDA,False,TYLOXAPOL,
fda_856,ALOSETRON,4.15848589,FDA,False,ALOSETRON,
fda_64,EPINEPHRINE,3.83032918,FDA,False,EPINEPHRINE,
fda_655,ADENOSINE,3.28114724,FDA,False,ADENOSINE,
fda_526,TIOCONAZOLE,4.74673033,FDA,False,TIOCONAZOLE,
fda_880,BOSENTAN,5.70466471,FDA,False,BOSENTAN,
fda_195,FLUOXYMESTERONE,5.73720503,FDA,False,FLUOXYMESTERONE,
fda_676,DESOGESTREL,5.39214182,FDA,False,DESOGESTREL,
fda_1852,M MIDOSTAURIN,4.83922958,FDA,False,MIDOSTAURIN,
fda_985,CEFPODOXIME PROXETIL,4.95982313,FDA,False,CEFPODOXIME PROXETIL,
fda_830,AMINOLEVULINIC ACID,3.01121783,FDA,False,AMINOLEVULINIC ACID,
fda_382,CYCLOTHIAZIDE,5.12138939,FDA,False,CYCLOTHIAZIDE,
fda_845,DEXMEDETOMIDINE,4.3295989,FDA,False,DEXMEDETOMIDINE,
fda_907,MEMANTINE,4.49938011,FDA,False,MEMANTINE,
fda_1949,UBROGEPANT,6.55305862,FDA,False,UBROGEPANT,
fda_801,THALIDOMIDE,4.99970293,FDA,False,THALIDOMIDE,
fda_731,AZELAIC ACID,4.36421633,FDA,False,AZELAIC ACID,
fda_410,TRIMETHOPRIM,4.26532745,FDA,False,TRIMETHOPRIM,
fda_2146,ENSARTINIB,5.92246294,FDA,False,ENSARTINIB,
fda_319,ETHIONAMIDE,3.25135922,FDA,False,ETHIONAMIDE,
fda_418,DINOPROST,5.48940611,FDA,False,DINOPROST,
fda_412,DYDROGESTERONE,5.60154581,FDA,False,DYDROGESTERONE,
fda_1999,SERDEXMETHYLPHENIDATE,4.22474623,FDA,False,SERDEXMETHYLPHENIDATE,
fda_59,TOLAZOLINE,3.11811447,FDA,False,TOLAZOLINE,
fda_2129,M ACECLIDINE,2.69183159,FDA,False,ACECLIDINE,
fda_1978,ARTESUNATE,4.01820946,FDA,False,ARTESUNATE,
fda_910,NITAZOXANIDE,4.21145535,FDA,False,NITAZOXANIDE,
fda_2046,MOBOCERTINIB,4.86736727,FDA,False,MOBOCERTINIB,
fda_628,CLOZAPINE,4.75688791,FDA,False,CLOZAPINE,
fda_346,MEFENAMIC ACID,3.93438792,FDA,False,MEFENAMIC ACID,
fda_347,AMINOCAPROIC ACID,3.37986946,FDA,False,AMINOCAPROIC ACID,
fda_2044,ATOGEPANT,6.13219833,FDA,False,ATOGEPANT,
fda_224,TRIAMCINOLONE,4.78993845,FDA,False,TRIAMCINOLONE,
fda_895,GEFITINIB,5.57013845,FDA,False,GEFITINIB,
fda_965,ERYTHROMYCIN ESTOLATE,5.45084333,FDA,False,ERYTHROMYCIN ESTOLATE,
fda_2002,TIRBANIBULIN,4.95354652,FDA,False,TIRBANIBULIN,
fda_390,BENZQUINAMIDE,4.81767893,FDA,False,BENZQUINAMIDE,
fda_817,CYCLOPENTOLATE,4.38427353,FDA,False,CYCLOPENTOLATE,
fda_381,FLURAZEPAM,4.69594002,FDA,False,FLURAZEPAM,
fda_934,DECITABINE,3.1269989,FDA,False,DECITABINE,
fda_485,VALPROIC ACID,4.28245306,FDA,False,VALPROIC ACID,
fda_831,EFAVIRENZ,4.33912563,FDA,False,EFAVIRENZ,
fda_777,ALBENDAZOLE,5.09991789,FDA,False,ALBENDAZOLE,
fda_991,CLIOQUINOL,4.53304386,FDA,False,CLIOQUINOL,
fda_644,PENICILLAMINE,2.67625618,FDA,False,PENICILLAMINE,
fda_211,ANISINDIONE,3.82344556,FDA,False,ANISINDIONE,
fda_1859,BARICITINIB,5.39638138,FDA,False,BARICITINIB,
fda_650,CLOMIPRAMINE,4.63554239,FDA,False,CLOMIPRAMINE,
fda_1908,TAFENOQUINE,4.85751915,FDA,False,TAFENOQUINE,
fda_849,KETOTIFEN,5.0134263,FDA,False,KETOTIFEN,
fda_489,FLUNISOLIDE,5.79385233,FDA,False,FLUNISOLIDE,
fda_1899,GLYCOPYRRONIUM,4.17138529,FDA,False,GLYCOPYRRONIUM,
fda_1932,CEFIDEROCOL,4.96021652,FDA,False,CEFIDEROCOL,
fda_716,MOEXIPRIL,5.33798075,FDA,False,MOEXIPRIL,
fda_2124,ACOLTREMON,4.8355732,FDA,False,ACOLTREMON,
fda_474,OXAMNIQUINE,3.28421092,FDA,False,OXAMNIQUINE,
fda_68,BETHANECHOL,2.73655701,FDA,False,BETHANECHOL,
fda_99,HEXYLCAINE,3.41950488,FDA,False,HEXYLCAINE,
fda_383,QUINESTROL,5.52449036,FDA,False,QUINESTROL,
fda_627,MORICIZINE,4.83064651,FDA,False,MORICIZINE,
fda_2035,M FEXINIDAZOLE,3.36555123,FDA,False,FEXINIDAZOLE,
fda_2064,OLUTASIDENIB,4.81315994,FDA,False,OLUTASIDENIB,
fda_760,Molecule-1,5.71770859,FDA,True,,Molecule-1
fda_2014,BEROTRALSTAT,5.7994194,FDA,False,BEROTRALSTAT,
fda_415,PRAZEPAM,4.44650602,FDA,False,PRAZEPAM,
fda_1928,TAFAMIDIS,5.31941938,FDA,False,TAFAMIDIS,
fda_1956,M DAROLUTAMIDE,6.02641153,FDA,False,DAROLUTAMIDE,
fda_196,ORPHENADRINE,3.48972774,FDA,False,ORPHENADRINE,
fda_606,ISRADIPINE,4.3665061,FDA,False,ISRADIPINE,
fda_280,FLUOROURACIL,3.08076882,FDA,False,FLUOROURACIL,
fda_73,METHOXAMINE,3.46440959,FDA,False,METHOXAMINE,
fda_267,ISOCARBOXAZID,3.88723111,FDA,False,ISOCARBOXAZID,
fda_55,SULFAMERAZINE,3.67086291,FDA,False,SULFAMERAZINE,
fda_282,CHLORDIAZEPOXIDE,3.76564908,FDA,False,CHLORDIAZEPOXIDE,
fda_234,HALOTHANE,3.17472458,FDA,False,HALOTHANE,
fda_743,BICALUTAMIDE,5.31269503,FDA,False,BICALUTAMIDE,
fda_324,DIAZEPAM,3.9490757,FDA,False,DIAZEPAM,
fda_2118,M ELAFIBRANOR,5.29030752,FDA,False,ELAFIBRANOR,
fda_290,PROPIOMAZINE,4.52647734,FDA,False,PROPIOMAZINE,
fda_407,ENFLURANE,3.26460743,FDA,False,ENFLURANE,
fda_651,METIPRANOLOL,4.01284361,FDA,False,METIPRANOLOL,
fda_332,ACETYLCYSTEINE,3.2299757,FDA,False,ACETYLCYSTEINE,
fda_529,MIDAZOLAM,5.56681395,FDA,False,MIDAZOLAM,
fda_1945,BEMPEDOIC ACID,4.49821615,FDA,False,BEMPEDOIC ACID,
fda_380,NORGESTREL,5.83266211,FDA,False,NORGESTREL,
fda_4,BUTABARBITAL,5.05086756,FDA,False,BUTABARBITAL,
fda_399,CARBACHOL,2.72506523,FDA,False,CARBACHOL,
fda_626,OFLOXACIN,4.89957762,FDA,False,OFLOXACIN,
fda_698,LEVOCABASTINE,5.7674675,FDA,False,LEVOCABASTINE,
fda_404,DESONIDE,5.62150812,FDA,False,DESONIDE,
fda_689,ALATROFLOXACIN,5.63142538,FDA,False,ALATROFLOXACIN,
fda_481,GUANADREL,4.34063196,FDA,False,GUANADREL,
fda_524,BUPROPION,3.292413,FDA,False,BUPROPION,
fda_1875,COPANLISIB,5.49352407,FDA,False,COPANLISIB,
fda_823,TIROFIBAN,4.71055555,FDA,False,TIROFIBAN,
fda_259,METHDILAZINE,4.4470644,FDA,False,METHDILAZINE,
fda_923,CICLESONIDE,6.47911072,FDA,False,CICLESONIDE,
fda_188,LEVALLORPHAN,4.3124733,FDA,False,LEVALLORPHAN,
fda_301,OXYPHENBUTAZONE,4.60583448,FDA,False,OXYPHENBUTAZONE,
fda_21,_c001,4.77331161,FDA,False,,
fda_733,DOCETAXEL,5.37471771,FDA,False,DOCETAXEL,
fda_1951,PEXIDARTINIB,5.85878372,FDA,False,PEXIDARTINIB,
fda_717,ANAGRELIDE,4.53475952,FDA,False,ANAGRELIDE,
fda_756,BETAINE,2.49395442,FDA,False,BETAINE,
fda_466,SCOPOLAMINE,3.66986179,FDA,False,SCOPOLAMINE,
fda_9,THEOPHYLLINE,3.24328303,FDA,False,THEOPHYLLINE,
fda_818,ARGATROBAN,3.84856296,FDA,False,ARGATROBAN,
fda_449,_c001,3.90007138,FDA,False,,
fda_962,DIMENHYDRINATE,3.65788054,FDA,False,DIMENHYDRINATE,
fda_616,LOVASTATIN,6.0455451,FDA,False,LOVASTATIN,
fda_93,DYPHYLLINE,3.60897517,FDA,False,DYPHYLLINE,
fda_2094,PIVMECILLINAM,4.42698145,FDA,False,PIVMECILLINAM,
fda_1877,COCAINE,3.85053086,FDA,False,COCAINE,
fda_586,SELEGILINE,3.34890199,FDA,False,SELEGILINE,
fda_1865,LOFEXIDINE,3.77521777,FDA,False,LOFEXIDINE,
fda_843,LEVETIRACETAM,3.05856442,FDA,False,LEVETIRACETAM,
fda_2106,RESMETIROM,6.17696905,FDA,False,RESMETIROM,
fda_421,DISOPYRAMIDE,4.63255119,FDA,False,DISOPYRAMIDE,
fda_746,AMLEXANOX,5.07699966,FDA,False,AMLEXANOX,
fda_2005,NIFURTIMOX,3.62443089,FDA,False,NIFURTIMOX,
fda_902,EZETIMIBE,6.12651014,FDA,False,EZETIMIBE,
fda_2125,SELADELPAR,4.54578066,FDA,False,SELADELPAR,
fda_915,APREPITANT,5.08835459,FDA,False,APREPITANT,
fda_773,ROPINIROLE,3.67754364,FDA,False,ROPINIROLE,
fda_658,FLUCONAZOLE,4.83332491,FDA,False,FLUCONAZOLE,
fda_788,MODAFINIL,3.2242527,FDA,False,MODAFINIL,
fda_718,ADAPALENE,5.3758893,FDA,False,ADAPALENE,
fda_903,PREGABALIN,3.14140511,FDA,False,PREGABALIN,
fda_512,VERAPAMIL,5.05973911,FDA,False,VERAPAMIL,
fda_69,CAFFEINE,2.90698934,FDA,False,CAFFEINE,
fda_838,OXCARBAZEPINE,4.61087656,FDA,False,OXCARBAZEPINE,
fda_567,GUANFACINE,4.22336388,FDA,False,GUANFACINE,
fda_203,MECLIZINE,4.70384932,FDA,False,MECLIZINE,
fda_955,IXABEPILONE,5.6230197,FDA,False,IXABEPILONE,
fda_463,BUTORPHANOL,4.78919744,FDA,False,BUTORPHANOL,
fda_809,MONTELUKAST,5.66755104,FDA,False,MONTELUKAST,
fda_2147,BENZGALANTAMINE,4.67735243,FDA,False,BENZGALANTAMINE,
fda_724,VINORELBINE,5.48337317,FDA,False,VINORELBINE,
fda_32,TRIMETHADIONE,3.79418254,FDA,False,TRIMETHADIONE,
fda_753,_c001,4.22902632,FDA,False,,
fda_1944,TRIFAROTENE,5.61166143,FDA,False,TRIFAROTENE,
fda_271,ISOSORBIDE DINITRATE,3.17652249,FDA,False,ISOSORBIDE DINITRATE,
fda_521,SULFADOXINE,3.71627498,FDA,False,SULFADOXINE,
fda_890,GATIFLOXACIN,5.31268358,FDA,False,GATIFLOXACIN,
fda_1853,LEVOLEUCOVORIN,5.28585148,FDA,False,LEVOLEUCOVORIN,
fda_681,DESFLURANE,3.09088063,FDA,False,DESFLURANE,
fda_308,_c001,4.31045008,FDA,False,,
fda_984,CLINDAMYCIN,4.33550406,FDA,False,CLINDAMYCIN,
fda_220,TRIFLUPROMAZINE,4.81279755,FDA,False,TRIFLUPROMAZINE,
fda_215,PROPOXYPHENE,4.63913107,FDA,False,PROPOXYPHENE,
fda_226,TRIAMCINOLONE DIACETATE,4.94850349,FDA,False,TRIAMCINOLONE DIACETATE,
fda_2162,DORDAVIPRONE,4.33513308,FDA,False,DORDAVIPRONE,
fda_976,CAPREOMYCIN,4.99383926,FDA,False,CAPREOMYCIN,
fda_72,MECHLORETHAMINE,2.92243123,FDA,False,MECHLORETHAMINE,
fda_2040,DIFELIKEFALIN,5.51591063,FDA,False,DIFELIKEFALIN,
fda_997,MINOCYCLINE,4.06223774,FDA,False,MINOCYCLINE,
fda_1884,M APALUTAMIDE,4.68343782,FDA,False,APALUTAMIDE,
fda_325,QUINETHAZONE,3.80386353,FDA,False,QUINETHAZONE,
fda_268,ECHOTHIOPHATE,3.44082332,FDA,False,ECHOTHIOPHATE,
fda_1976,FOSTEMSAVIR,5.27087402,FDA,False,FOSTEMSAVIR,
fda_1963,REMIMAZOLAM,5.81298018,FDA,False,REMIMAZOLAM,
fda_392,MITOTANE,3.96899796,FDA,False,MITOTANE,
fda_478,AMOXAPINE,4.08687878,FDA,False,AMOXAPINE,
fda_785,FOMEPIZOLE,3.01713061,FDA,False,FOMEPIZOLE,
fda_251,METHAZOLAMIDE,3.45677829,FDA,False,METHAZOLAMIDE,
fda_62,DIETHYLCARBAMAZINE,2.99019623,FDA,False,DIETHYLCARBAMAZINE,
fda_299,_c001,5.05203295,FDA,False,,
fda_1959,M FENFLURAMINE,3.57292295,FDA,False,FENFLURAMINE,
fda_999,TROLEANDOMYCIN,4.77336121,FDA,False,TROLEANDOMYCIN,
fda_2119,M AZACITIDINE,3.47146797,FDA,False,AZACITIDINE,
fda_498,DIPIVEFRIN,3.82300925,FDA,False,DIPIVEFRIN,
fda_633,LEVAMLODIPINE,4.37902927,FDA,False,LEVAMLODIPINE,
fda_321,CYCLOTHIAZIDE,4.95057487,FDA,False,CYCLOTHIAZIDE,
fda_1965,FEDRATINIB,5.46120691,FDA,False,FEDRATINIB,
fda_1912,DORAVIRINE,4.04183197,FDA,False,DORAVIRINE,
fda_56,SULFAMETHAZINE,3.8893652,FDA,False,SULFAMETHAZINE,
fda_808,ZIPRASIDONE,5.29276466,FDA,False,ZIPRASIDONE,
fda_272,ISOSORBIDE MONONITRATE,2.78599644,FDA,False,ISOSORBIDE MONONITRATE,
fda_337,_c001,5.30634499,FDA,False,,
fda_29,NITROFURAZONE,3.75365376,FDA,False,NITROFURAZONE,
fda_574,METHACHOLINE,2.85609722,FDA,False,METHACHOLINE,
fda_776,VALSARTAN,4.41742849,FDA,False,VALSARTAN,
fda_367,PIPOBROMAN,3.57476354,FDA,False,PIPOBROMAN,
fda_815,ZALEPLON,4.28535318,FDA,False,ZALEPLON,
fda_623,GANCICLOVIR,3.47936821,FDA,False,GANCICLOVIR,
fda_745,GEMCITABINE,3.44530225,FDA,False,GEMCITABINE,
fda_565,BEPRIDIL,4.26553011,FDA,False,BEPRIDIL,
fda_949,PALIPERIDONE,5.54485178,FDA,False,PALIPERIDONE,
fda_885,ERTAPENEM,5.09736967,FDA,False,ERTAPENEM,
fda_219,TRIPROLIDINE,4.00817347,FDA,False,TRIPROLIDINE,
fda_839,ELETRIPTAN,4.18357277,FDA,False,ELETRIPTAN,
fda_517,INDAPAMIDE,4.92500353,FDA,False,INDAPAMIDE,
fda_507,GEMFIBROZIL,4.60338116,FDA,False,GEMFIBROZIL,
fda_1935,AMISULPRIDE,3.77275252,FDA,False,AMISULPRIDE,
fda_683,PENTOSTATIN,3.43774891,FDA,False,PENTOSTATIN,
fda_30,DIPHENHYDRAMINE,3.14233017,FDA,False,DIPHENHYDRAMINE,
fda_994,CARBENICILLIN,5.35940027,FDA,False,CARBENICILLIN,
fda_723,LOSARTAN,4.54140139,FDA,False,LOSARTAN,
fda_2097,ETRASIMOD,5.36909723,FDA,False,ETRASIMOD,
fda_1947,UPADACITINIB,5.25100327,FDA,False,UPADACITINIB,
fda_26,_c001,3.21842575,FDA,False,,
fda_782,OLOPATADINE,4.75234222,FDA,False,OLOPATADINE,
fda_2008,RISDIPLAM,5.60612488,FDA,False,RISDIPLAM,
fda_2101,ZURANOLONE,6.61865616,FDA,False,ZURANOLONE,
fda_599,FAMOTIDINE,5.00769806,FDA,False,FAMOTIDINE,
fda_867,CETRORELIX,6.16811752,FDA,False,CETRORELIX,
fda_618,RIMANTADINE,3.95859718,FDA,False,RIMANTADINE,
fda_1914,BALOXAVIR,4.8227644,FDA,False,BALOXAVIR,
fda_286,DEXTROTHYROXINE,6.43466616,FDA,False,DEXTROTHYROXINE,
fda_832,RABEPRAZOLE,4.6686101,FDA,False,RABEPRAZOLE,
fda_967,DICLOXACILLIN,6.09219551,FDA,False,DICLOXACILLIN,
fda_440,DACARBAZINE,3.56354642,FDA,False,DACARBAZINE,
fda_1931,ISTRADEFYLLINE,5.01126337,FDA,False,ISTRADEFYLLINE,
fda_247,_c001,4.09667301,FDA,False,,
fda_233,TRIMEPRAZINE,4.40005445,FDA,False,TRIMEPRAZINE,
fda_645,SOTALOL,3.18170071,FDA,False,SOTALOL,
fda_2051,BELZUTIFAN,5.66498613,FDA,False,BELZUTIFAN,
fda_820,VALRUBICIN,5.37239075,FDA,False,VALRUBICIN,
fda_239,METHOHEXITAL,4.72029638,FDA,False,METHOHEXITAL,
fda_2086,M GEPIRONE,3.01612163,FDA,False,GEPIRONE,
fda_998,LINCOMYCIN,3.48291206,FDA,False,LINCOMYCIN,
fda_908,RANOLAZINE,3.85424113,FDA,False,RANOLAZINE,
fda_675,TACRINE,3.62380528,FDA,False,TACRINE,
fda_2028,SG3199,5.20886421,FDA,False,SG3199,
fda_587,ALFENTANIL,4.86215973,FDA,False,ALFENTANIL,
fda_2152,ZONGERTINIB,6.41971731,FDA,False,ZONGERTINIB,
fda_91,THIAMYLAL,4.77942657,FDA,False,THIAMYLAL,
fda_1996,VILOXAZINE,3.13625216,FDA,False,VILOXAZINE,
fda_796,IRBESARTAN,5.1329937,FDA,False,IRBESARTAN,
fda_1975,PRETOMANID,4.32174063,FDA,False,PRETOMANID,
fda_391,PEMOLINE,3.91583824,FDA,False,PEMOLINE,
fda_428,TRIMETHOBENZAMIDE,4.1764636,FDA,False,TRIMETHOBENZAMIDE,
fda_327,ACETOHEXAMIDE,4.0882287,FDA,False,ACETOHEXAMIDE,
fda_1934,AMISULPRIDE,4.1447196,FDA,False,AMISULPRIDE,
fda_2070,ADAGRASIB,4.58804512,FDA,False,ADAGRASIB,
fda_719,MIRTAZAPINE,3.58922505,FDA,False,MIRTAZAPINE,
fda_398,TAPENTADOL,3.95604777,FDA,False,TAPENTADOL,
fda_229,_c001,4.41075659,FDA,False,,
fda_930,ERLOTINIB,5.19610357,FDA,False,ERLOTINIB,
fda_555,RIBAVIRIN,3.47550488,FDA,False,RIBAVIRIN,
fda_986,CLOXACILLIN,5.95031166,FDA,False,CLOXACILLIN,
fda_2000,VIBEGRON,4.83241606,FDA,False,VIBEGRON,
fda_653,FOSINOPRIL,5.87077332,FDA,False,FOSINOPRIL,
fda_1869,ANGIOTENSIN II,6.44341516,FDA,False,ANGIOTENSIN II,
fda_537,RANITIDINE,3.21590924,FDA,False,RANITIDINE,
fda_2024,REMDESIVIR,5.041677,FDA,False,REMDESIVIR,
fda_2074,TAURURSODIOL,5.95914841,FDA,False,TAURURSODIOL,
fda_330,_c001,4.1718955,FDA,False,,
fda_672,AZELASTINE,5.06294775,FDA,False,AZELASTINE,
fda_990,NYSTATIN,6.39415359,FDA,False,NYSTATIN,
fda_47,_c001,4.13431978,FDA,False,,
fda_604,CIPROFLOXACIN,4.26072359,FDA,False,CIPROFLOXACIN,
fda_1926,BREXANOLONE,5.21733332,FDA,False,BREXANOLONE,
fda_802,ZONISAMIDE,4.0894208,FDA,False,ZONISAMIDE,
fda_654,ALTRETAMINE,3.15237522,FDA,False,ALTRETAMINE,
fda_2030,ABROCITINIB,4.7509551,FDA,False,ABROCITINIB,
fda_1868,M FOSTAMATINIB,4.84447861,FDA,False,FOSTAMATINIB,
fda_661,TICLOPIDINE,3.44073486,FDA,False,TICLOPIDINE,
fda_1970,M ENTRECTINIB,5.94898558,FDA,False,ENTRECTINIB,
fda_533,NABILONE,5.51400375,FDA,False,NABILONE,
fda_607,LISINOPRIL,3.79764748,FDA,False,LISINOPRIL,
fda_541,_c001,3.24696159,FDA,False,,
fda_2153,DELGOCITINIB,5.16743469,FDA,False,DELGOCITINIB,
fda_710,ATOVAQUONE,5.53536034,FDA,False,ATOVAQUONE,
fda_36,DIHYDROERGOTAMINE,5.15818739,FDA,False,DIHYDROERGOTAMINE,
fda_273,TROPICAMIDE,3.49993706,FDA,False,TROPICAMIDE,
fda_966,ERYTHROMYCIN ETHYLSUCCINATE,7.29332018,FDA,False,ERYTHROMYCIN ETHYLSUCCINATE,
fda_901,_c001,4.65104151,FDA,False,,
fda_987,TETRACYCLINE,4.02619123,FDA,False,TETRACYCLINE,
fda_1851,PIBRENTASVIR,7.03613424,FDA,False,PIBRENTASVIR,
fda_957,DORIPENEM,4.29487848,FDA,False,DORIPENEM,
fda_597,ISRADIPINE,4.9518075,FDA,False,ISRADIPINE,
fda_256,HYDROCHLOROTHIAZIDE,3.34053516,FDA,False,HYDROCHLOROTHIAZIDE,
fda_1939,M OZANIMOD,5.8528676,FDA,False,OZANIMOD,
fda_702,_c001,4.27052212,FDA,False,,
fda_583,MITOXANTRONE,3.86420798,FDA,False,MITOXANTRONE,
fda_414,CLONIDINE,4.08911371,FDA,False,CLONIDINE,
fda_344,PRILOCAINE,3.09927821,FDA,False,PRILOCAINE,
fda_929,NEBIVOLOL,4.53872061,FDA,False,NEBIVOLOL,
fda_974,CHLORAMPHENICOL,4.49839783,FDA,False,CHLORAMPHENICOL,
fda_861,VALGANCICLOVIR,3.85365367,FDA,False,VALGANCICLOVIR,
fda_876,BIMATOPROST,4.89391851,FDA,False,BIMATOPROST,
fda_350,HALOPERIDOL,4.03770971,FDA,False,HALOPERIDOL,
fda_356,DROPERIDOL,4.29841089,FDA,False,DROPERIDOL,
fda_822,LEFLUNOMIDE,4.09694433,FDA,False,LEFLUNOMIDE,
fda_359,ALLOPURINOL,3.41081691,FDA,False,ALLOPURINOL,
fda_572,IPRATROPIUM,4.66516542,FDA,False,IPRATROPIUM,
fda_374,ACETAMINOPHEN,2.77598405,FDA,False,ACETAMINOPHEN,
fda_326,PHENAZOPYRIDINE,3.93004489,FDA,False,PHENAZOPYRIDINE,
fda_28,_c001,3.53560901,FDA,False,,
fda_834,CEVIMELINE,3.98799253,FDA,False,CEVIMELINE,
fda_518,CARPROFEN,4.00491476,FDA,False,CARPROFEN,
fda_2141,ACORAMIDIS,4.94256592,FDA,False,ACORAMIDIS,
fda_663,SUCCIMER,2.70858312,FDA,False,SUCCIMER,
fda_749,FEXOFENADINE,5.31226349,FDA,False,FEXOFENADINE,
fda_2011,SETMELANOTIDE,5.59105253,FDA,False,SETMELANOTIDE,
fda_1906,BINIMETINIB,5.43783951,FDA,False,BINIMETINIB,
fda_413,DOPAMINE,2.8973,FDA,False,DOPAMINE,
fda_674,FOSCARNET,3.56065941,FDA,False,FOSCARNET,
fda_1985,M TRIHEPTANOIN,4.29635143,FDA,False,TRIHEPTANOIN,
fda_621,LORATADINE,5.51040602,FDA,False,LORATADINE,
fda_744,TOPIRAMATE,4.30670023,FDA,False,TOPIRAMATE,
fda_44,MOMETASONE FUROATE,5.29610682,FDA,False,MOMETASONE FUROATE,
fda_580,MISOPROSTOL,5.21118307,FDA,False,MISOPROSTOL,
fda_377,CARBAMAZEPINE,4.31982565,FDA,False,CARBAMAZEPINE,
fda_897,_c001,3.29195786,FDA,False,,
fda_1929,ERDAFITINIB,5.82816362,FDA,False,ERDAFITINIB,
fda_318,METYRAPONE,4.03742027,FDA,False,METYRAPONE,
fda_543,SULCONAZOLE,4.79135847,FDA,False,SULCONAZOLE,
fda_222,METHYLPREDNISOLONE,5.25441599,FDA,False,METHYLPREDNISOLONE,
fda_396,FLOXURIDINE,3.43305135,FDA,False,FLOXURIDINE,
fda_922,ANIDULAFUNGIN,4.93358946,FDA,False,ANIDULAFUNGIN,
fda_959,REGADENOSON,4.71467161,FDA,False,REGADENOSON,
fda_1883,APALUTAMIDE,5.53330803,FDA,False,APALUTAMIDE,
fda_434,HALCINONIDE,6.28372431,FDA,False,HALCINONIDE,
fda_2048,M MOBOCERTINIB,5.03363228,FDA,False,MOBOCERTINIB,
fda_1974,CENOBAMATE,4.24153042,FDA,False,CENOBAMATE,
fda_2105,TOVORAFENIB,4.84118843,FDA,False,TOVORAFENIB,
fda_595,PINACIDIL,4.23251438,FDA,False,PINACIDIL,
fda_1856,MMAE,4.52009392,FDA,False,MMAE,
fda_841,RIFAPENTINE,5.71221781,FDA,False,RIFAPENTINE,
fda_2053,MARIBAVIR,3.78974271,FDA,False,MARIBAVIR,
fda_939,TIGECYCLINE,5.07480431,FDA,False,TIGECYCLINE,
fda_2032,M ABROCITINIB,4.32853603,FDA,False,ABROCITINIB,
fda_416,CARMUSTINE,3.66942334,FDA,False,CARMUSTINE,
fda_1972,OSILODROSTAT,4.80909538,FDA,False,OSILODROSTAT,
fda_2080,REZAFUNGIN,5.93002319,FDA,False,REZAFUNGIN,
fda_769,LEVOFLOXACIN,4.45784903,FDA,False,LEVOFLOXACIN,
fda_2128,ACECLIDINE,2.8933754,FDA,False,ACECLIDINE,
fda_2115,ELAFIBRANOR,4.98049927,FDA,False,ELAFIBRANOR,
fda_2073,FEZOLINETANT,5.64366293,FDA,False,FEZOLINETANT,
fda_1901,GLYCOPYRRONIUM,4.01687813,FDA,False,GLYCOPYRRONIUM,
fda_470,_c001,6.29839945,FDA,False,,
fda_342,MELPHALAN,3.69511247,FDA,False,MELPHALAN,
fda_1889,TECOVIRIMAT,5.39883995,FDA,False,TECOVIRIMAT,
fda_928,LACTIC ACID,3.76888013,FDA,False,LACTIC ACID,
fda_378,MEDRYSONE,5.99710417,FDA,False,MEDRYSONE,
fda_975,CHLORAMPHENICOL PALMITATE,5.22507858,FDA,False,CHLORAMPHENICOL PALMITATE,
fda_425,MEBENDAZOLE,4.68145132,FDA,False,MEBENDAZOLE,
fda_694,TERBINAFINE,4.65155649,FDA,False,TERBINAFINE,
fda_252,FLUOROMETHOLONE,5.52550459,FDA,False,FLUOROMETHOLONE,
fda_236,CHLORMEZANONE,3.41470838,FDA,False,CHLORMEZANONE,
fda_611,NABUMETONE,3.85106397,FDA,False,NABUMETONE,
fda_889,MIGLUSTAT,2.87507176,FDA,False,MIGLUSTAT,
fda_438,BECLOMETHASONE DIPROPIONATE,5.2390728,FDA,False,BECLOMETHASONE DIPROPIONATE,
fda_771,CIDOFOVIR,3.22432709,FDA,False,CIDOFOVIR,
fda_61,AMODIAQUINE,4.2944169,FDA,False,AMODIAQUINE,
fda_448,TOLMETIN,3.81102943,FDA,False,TOLMETIN,
fda_754,LAMIVUDINE,3.50329399,FDA,False,LAMIVUDINE,
11408,,3.44810414,Natural,False,,
10100,,5.38553953,Natural,False,,
101704,,3.51916599,Natural,False,,
2608,,3.88526726,Natural,False,,
11939,,4.48183489,Natural,False,,
51263,,3.92893219,Natural,False,,
101393,,3.37219834,Natural,False,,
50838,,3.50802732,Natural,False,,
100633,,3.98168159,Natural,False,,
51717,,4.45040035,Natural,False,,
10733,,2.79081917,Natural,False,,
200880,,3.45103073,Natural,False,,
101101,,5.08391047,Natural,False,,
100235,,3.78772044,Natural,False,,
11885,,3.07207012,Natural,False,,
101764,,4.19469309,Natural,False,,
101518,,3.68454361,Natural,False,,
101685,,4.23073244,Natural,False,,
11705,,3.51748013,Natural,False,,
5202,,2.83551335,Natural,False,,
50778,,3.29001236,Natural,False,,
50604,,4.88663673,Natural,False,,
100126,,4.36082602,Natural,False,,
51704,,3.57526326,Natural,False,,
101250,,3.81520772,Natural,False,,
10456,,2.84283757,Natural,False,,
50727,,3.65475368,Natural,False,,
10683,,3.14345431,Natural,False,,
100377,,5.47186136,Natural,False,,
50234,,4.55869818,Natural,False,,
101215,,3.39052868,Natural,False,,
100927,,3.86229396,Natural,False,,
3913,,3.7661736,Natural,False,,
201124,,4.45446062,Natural,False,,
100007,,5.17969513,Natural,False,,
10397,,3.96147275,Natural,False,,
10519,,3.85707211,Natural,False,,
51288,,4.45061302,Natural,False,,
11576,,3.40475011,Natural,False,,
100444,,3.54575229,Natural,False,,
100790,,4.51360559,Natural,False,,
50970,,4.00362396,Natural,False,,
50971,,3.61159825,Natural,False,,
50411,,4.06387138,Natural,False,,
3585,,4.3385663,Natural,False,,
101400,,3.14262223,Natural,False,,
100415,,3.73337555,Natural,False,,
100939,,4.72009802,Natural,False,,
51065,,3.13711548,Natural,False,,
51107,,4.25500154,Natural,False,,
11881,,3.39133382,Natural,False,,
101401,,3.11303592,Natural,False,,
200892,,3.65264678,Natural,False,,
200969,,3.27815413,Natural,False,,
50653,,4.33014488,Natural,False,,
11382,,4.09413528,Natural,False,,
50858,,3.00970364,Natural,False,,
101390,,4.29537201,Natural,False,,
11380,,3.34337783,Natural,False,,
100719,,3.88406062,Natural,False,,
100691,,5.75396204,Natural,False,,
51350,,3.77294731,Natural,False,,
50698,,3.02050519,Natural,False,,
10076,,5.4136796,Natural,False,,
51984,,2.66726017,Natural,False,,
2570,,4.39447927,Natural,False,,
10820,,3.57545495,Natural,False,,
11868,,3.32260633,Natural,False,,
101013,,3.8934257,Natural,False,,
3925,,3.82976842,Natural,False,,
50754,,3.52441287,Natural,False,,
50465,,3.4516716,Natural,False,,
101413,,4.17645979,Natural,False,,
100476,,4.06454277,Natural,False,,
51115,,3.15324616,Natural,False,,
101252,,3.72355533,Natural,False,,
51291,,3.19968009,Natural,False,,
3702,,5.05042076,Natural,False,,
100798,,4.01951742,Natural,False,,
11681,,3.58811831,Natural,False,,
50985,,2.92994237,Natural,False,,
100678,,5.16180944,Natural,False,,
2363,,5.7289443,Natural,False,,
20100,,5.38849401,Natural,False,,
10123,,4.71695471,Natural,False,,
50292,,4.2621212,Natural,False,,
101950,,5.54305124,Natural,False,,
51836,,5.16230536,Natural,False,,
101484,,3.54798627,Natural,False,,
50864,,3.53476238,Natural,False,,
50705,,3.52893519,Natural,False,,
100426,,5.27765799,Natural,False,,
50703,,3.36386228,Natural,False,,
101287,,3.18435955,Natural,False,,
101304,,3.12788463,Natural,False,,
201030,,4.60285234,Natural,False,,
50711,,3.66025233,Natural,False,,
51181,,3.65824127,Natural,False,,
11912,,4.06063223,Natural,False,,
51897,,3.65266061,Natural,False,,
10306,,3.4118166,Natural,False,,
51969,,3.43331218,Natural,False,,
3858,,4.48944712,Natural,False,,
11279,,2.99311471,Natural,False,,
2351,,4.78144312,Natural,False,,
101987,,2.86745191,Natural,False,,
3631,,4.0731945,Natural,False,,
11348,,4.20566368,Natural,False,,
50948,,4.23507929,Natural,False,,
51133,,3.46331286,Natural,False,,
100434,,5.26305723,Natural,False,,
50451,,3.42450976,Natural,False,,
101556,,4.29164743,Natural,False,,
51077,,4.63605165,Natural,False,,
100616,,4.3547101,Natural,False,,
100391,,3.89181137,Natural,False,,
100680,,4.7892971,Natural,False,,
10374,,3.89208817,Natural,False,,
100353,,5.91594124,Natural,False,,
10289,,4.06895494,Natural,False,,
101284,,3.14113545,Natural,False,,
3783,,4.28830338,Natural,False,,
51739,,3.73302913,Natural,False,,
51330,,4.86228514,Natural,False,,
200909,,4.64072084,Natural,False,,
51318,,4.01589727,Natural,False,,
11627,,3.8152535,Natural,False,,
51029,,3.10299277,Natural,False,,
3632,,5.636868,Natural,False,,
10099,,5.155231,Natural,False,,
100679,,6.14382362,Natural,False,,
51211,,3.29283905,Natural,False,,
50878,,4.16685152,Natural,False,,
5073,,5.56722879,Natural,False,,
50989,,3.61019588,Natural,False,,
101048,,4.18563318,Natural,False,,
5045,,4.08351326,Natural,False,,
100442,,6.15105057,Natural,False,,
50686,,3.89140248,Natural,False,,
100048,,5.03054571,Natural,False,,
50400,,4.27542162,Natural,False,,
50969,,3.16832662,Natural,False,,
11396,,2.8176651,Natural,False,,
51347,,3.8487587,Natural,False,,
11929,,3.496562,Natural,False,,
100706,,3.22962189,Natural,False,,
201130,,4.6034255,Natural,False,,
100510,,3.55549741,Natural,False,,
11900,,3.84543824,Natural,False,,
100138,,3.49819565,Natural,False,,
10661,,3.64902496,Natural,False,,
101062,,5.20769262,Natural,False,,
100944,,4.83355141,Natural,False,,
10586,,4.55332422,Natural,False,,
101044,,3.67298317,Natural,False,,
11677,,3.47209239,Natural,False,,
100470,,4.02724218,Natural,False,,
100668,,6.39904833,Natural,False,,
11658,,3.23273635,Natural,False,,
50429,,3.47101331,Natural,False,,
201069,,4.14205551,Natural,False,,
100694,,3.59702373,Natural,False,,
51722,,5.46896505,Natural,False,,
201037,,4.34545946,Natural,False,,
5229,,4.65406227,Natural,False,,
100335,,5.02355385,Natural,False,,
11972,,2.69042015,Natural,False,,
51199,,3.53156304,Natural,False,,
2452,,6.00432253,Natural,False,,
100899,,2.91965985,Natural,False,,
101481,,3.89661598,Natural,False,,
101604,,4.21186304,Natural,False,,
11090,,3.76219821,Natural,False,,
101273,,4.25214767,Natural,False,,
51909,,3.21956635,Natural,False,,
51340,,4.13853121,Natural,False,,
11895,,3.69730854,Natural,False,,
3948,,5.9919734,Natural,False,,
2744,,4.66124153,Natural,False,,
100987,,3.4193871,Natural,False,,
100104,,5.32940435,Natural,False,,
51298,,2.95084953,Natural,False,,
101771,,5.4279952,Natural,False,,
50298,,4.94831085,Natural,False,,
51239,,5.45424652,Natural,False,,
51305,,3.76283956,Natural,False,,
50827,,3.02641177,Natural,False,,
50667,,3.80113602,Natural,False,,
51793,,3.95602608,Natural,False,,
50294,,5.09860039,Natural,False,,
50215,,4.84124517,Natural,False,,
51187,,4.07409048,Natural,False,,
100316,,3.82886386,Natural,False,,
11104,,3.64757323,Natural,False,,
201120,,6.20483351,Natural,False,,
50883,,4.2389369,Natural,False,,
10886,,4.2740674,Natural,False,,
200799,,4.25051737,Natural,False,,
101147,,3.48877215,Natural,False,,
51513,,4.27211332,Natural,False,,
51912,,2.92781186,Natural,False,,
10364,,2.85282016,Natural,False,,
51527,,3.95955849,Natural,False,,
51105,,5.28728056,Natural,False,,
201049,,4.23567581,Natural,False,,
51963,,3.57896256,Natural,False,,
51066,,3.11265063,Natural,False,,
51111,,3.58204341,Natural,False,,
100816,,3.61548519,Natural,False,,
11894,,2.92807317,Natural,False,,
11729,,3.79125857,Natural,False,,
253,,5.4310441,Natural,False,,
5162,,4.72130632,Natural,False,,
3713,,4.25813627,Natural,False,,
100494,,6.34752893,Natural,False,,
3867,,3.66598797,Natural,False,,
5175,,4.38501787,Natural,False,,
50943,,3.46036029,Natural,False,,
51070,,3.45999837,Natural,False,,
50421,,3.03562164,Natural,False,,
50297,,3.77661538,Natural,False,,
11730,,2.95909095,Natural,False,,
2431,,3.59042048,Natural,False,,
11274,,5.66772079,Natural,False,,
11518,,3.57606339,Natural,False,,
101369,,3.68060946,Natural,False,,
200905,,4.03152847,Natural,False,,
10118,,5.41116953,Natural,False,,
100802,,3.79162526,Natural,False,,
50575,,3.99386144,Natural,False,,
200902,,5.13594007,Natural,False,,
10259,,3.58894157,Natural,False,,
51109,,3.64212346,Natural,False,,
50241,,5.16187906,Natural,False,,
10174,,4.25225401,Natural,False,,
50450,,3.9509151,Natural,False,,
5128,,3.97199845,Natural,False,,
11946,,3.29658031,Natural,False,,
50361,,4.35281897,Natural,False,,
100350,,5.94016886,Natural,False,,
100459,,5.14445162,Natural,False,,
51349,,3.17239571,Natural,False,,
201032,,3.94973302,Natural,False,,
101636,,3.76754665,Natural,False,,
11942,,3.30632782,Natural,False,,
100211,,4.74809408,Natural,False,,
10366,,3.12115645,Natural,False,,
2527,,3.43244624,Natural,False,,
51901,,3.69158006,Natural,False,,
50762,,3.71822906,Natural,False,,
101242,,3.03470397,Natural,False,,
100496,,4.55836058,Natural,False,,
51598,,4.14121389,Natural,False,,
51916,,3.52630973,Natural,False,,
100098,,3.51077151,Natural,False,,
11100,,3.34086156,Natural,False,,
100673,,4.21360826,Natural,False,,
51218,,3.6777637,Natural,False,,
200836,,3.82872653,Natural,False,,
2728,,3.72517776,Natural,False,,
101408,,3.01259613,Natural,False,,
100712,,3.90745091,Natural,False,,
101971,,4.77359438,Natural,False,,
100559,,3.73206043,Natural,False,,
10754,,2.90569377,Natural,False,,
50867,,3.25026512,Natural,False,,
3517,,4.39753866,Natural,False,,
100676,,5.87581491,Natural,False,,
101702,,5.68266678,Natural,False,,
101022,,3.76455879,Natural,False,,
5188,,4.3444066,Natural,False,,
100045,,4.85532951,Natural,False,,
10546,,3.92155147,Natural,False,,
114,,2.9459188,Natural,False,,
50642,,5.0016427,Natural,False,,
50748,,3.24905086,Natural,False,,
101516,,3.6437037,Natural,False,,
10192,,4.43293428,Natural,False,,
51451,,4.03370857,Natural,False,,
100253,,4.8820734,Natural,False,,
10516,,4.04354811,Natural,False,,
11889,,2.90696597,Natural,False,,
51120,,3.99833894,Natural,False,,
10543,,3.66291618,Natural,False,,
50584,,4.36438131,Natural,False,,
51564,,5.53341818,Natural,False,,
2512,,5.31002426,Natural,False,,
3748,,3.55528331,Natural,False,,
11770,,3.70472455,Natural,False,,
11933,,3.81010747,Natural,False,,
3949,,5.29638338,Natural,False,,
10679,,3.13243103,Natural,False,,
101493,,3.74354458,Natural,False,,
101152,,3.39303207,Natural,False,,
10801,,4.50071764,Natural,False,,
5166,,5.13841057,Natural,False,,
50708,,3.99002266,Natural,False,,
101483,,3.48344898,Natural,False,,
10322,,3.17599297,Natural,False,,
50912,,4.87887526,Natural,False,,
100535,,5.43219519,Natural,False,,
50763,,3.94269943,Natural,False,,
101345,,3.30146289,Natural,False,,
50853,,3.60990334,Natural,False,,
11234,,3.11183715,Natural,False,,
11941,,3.2897861,Natural,False,,
51826,,5.06606436,Natural,False,,
50412,,3.95548987,Natural,False,,
101135,,3.64648223,Natural,False,,
5190,,3.87981343,Natural,False,,
5161,,3.47115207,Natural,False,,
100784,,3.00603485,Natural,False,,
101677,,3.53310275,Natural,False,,
101450,,3.85860944,Natural,False,,
100722,,3.32935905,Natural,False,,
11486,,2.96317172,Natural,False,,
2724,,3.77740169,Natural,False,,
11462,,4.0830884,Natural,False,,
11988,,3.07267666,Natural,False,,
50617,,3.94935155,Natural,False,,
2370,,3.1742754,Natural,False,,
50734,,3.41808057,Natural,False,,
10614,,4.02872849,Natural,False,,
101730,,3.13812852,Natural,False,,
51751,,4.00506353,Natural,False,,
51902,,4.05758619,Natural,False,,
51899,,2.95645976,Natural,False,,
11901,,4.36105871,Natural,False,,
201093,,4.19783401,Natural,False,,
11033,,3.37908483,Natural,False,,
51669,,4.80844927,Natural,False,,
200846,,4.20386076,Natural,False,,
101372,,3.02050519,Natural,False,,
101092,,4.11498594,Natural,False,,
101992,,3.21105957,Natural,False,,
201126,,4.48005342,Natural,False,,
10714,,4.84397793,Natural,False,,
200953,,3.90826797,Natural,False,,
51019,,3.4335258,Natural,False,,
10375,,3.93711209,Natural,False,,
101410,,3.35911965,Natural,False,,
11945,,3.55790138,Natural,False,,
11297,,2.84419751,Natural,False,,
50792,,3.33160281,Natural,False,,
51047,,4.91885185,Natural,False,,
11777,,3.78795791,Natural,False,,
200886,,4.16142607,Natural,False,,
100121,,4.87887239,Natural,False,,
51882,,3.59449768,Natural,False,,
2689,,5.14876223,Natural,False,,
11892,,4.44602013,Natural,False,,
51116,,3.32601547,Natural,False,,
50254,,5.96861649,Natural,False,,
101300,,4.76768923,Natural,False,,
10592,,6.74105263,Natural,False,,
51078,,2.96718287,Natural,False,,
101446,,3.20023346,Natural,False,,
3687,,3.38646007,Natural,False,,
51976,,3.68232799,Natural,False,,
100829,,4.46662378,Natural,False,,
100069,,5.33398056,Natural,False,,
51501,,2.98787618,Natural,False,,
11128,,3.6005795,Natural,False,,
5039,,2.99597526,Natural,False,,
3592,,5.53198385,Natural,False,,
101336,,4.21839952,Natural,False,,
50751,,3.93580556,Natural,False,,
3603,,4.26508141,Natural,False,,
101117,,3.09474182,Natural,False,,
50403,,3.10915828,Natural,False,,
51868,,3.22177243,Natural,False,,
100486,,3.52697253,Natural,False,,
101965,,3.39382625,Natural,False,,
50367,,4.26089478,Natural,False,,
100052,,4.17402744,Natural,False,,
10269,,4.07407808,Natural,False,,
100399,,3.32175231,Natural,False,,
51865,,4.19969893,Natural,False,,
5210,,3.81708884,Natural,False,,
101214,,4.54439878,Natural,False,,
51721,,5.2055583,Natural,False,,
101727,,4.8732996,Natural,False,,
11077,,3.28632283,Natural,False,,
101726,,4.75946569,Natural,False,,
51049,,5.07896376,Natural,False,,
10251,,3.56700134,Natural,False,,
11502,,4.12336588,Natural,False,,
100452,,5.71749496,Natural,False,,
100384,,5.3190589,Natural,False,,
51913,,3.64243054,Natural,False,,
3707,,5.0444169,Natural,False,,
100111,,4.25597382,Natural,False,,
50857,,2.79660583,Natural,False,,
100234,,3.70763898,Natural,False,,
50304,,4.95847702,Natural,False,,
51765,,3.67244983,Natural,False,,
11051,,3.51513743,Natural,False,,
101129,,3.16981697,Natural,False,,
50416,,3.20423484,Natural,False,,
101603,,3.43906856,Natural,False,,
11470,,3.94823718,Natural,False,,
10241,,3.75387216,Natural,False,,
10367,,3.35860896,Natural,False,,
50910,,4.96499586,Natural,False,,
101333,,4.77184439,Natural,False,,
10654,,4.34461403,Natural,False,,
101350,,3.62469387,Natural,False,,
10219,,4.7428937,Natural,False,,
51459,,4.50788069,Natural,False,,
50446,,3.48755455,Natural,False,,
100488,,4.24430227,Natural,False,,
50252,,4.93836975,Natural,False,,
100984,,4.18348169,Natural,False,,
101277,,4.90586185,Natural,False,,
50330,,3.46039081,Natural,False,,
101305,,4.28909492,Natural,False,,
100167,,3.27145195,Natural,False,,
100080,,4.41605759,Natural,False,,
100320,,5.05468941,Natural,False,,
51814,,4.76616049,Natural,False,,
101958,,3.65545154,Natural,False,,
10766,,3.32624245,Natural,False,,
50444,,3.5234077,Natural,False,,
51610,,3.79073644,Natural,False,,
5078,,4.13677263,Natural,False,,
51328,,3.68111324,Natural,False,,
50795,,3.55720139,Natural,False,,
10276,,3.40314579,Natural,False,,
3683,,5.56421089,Natural,False,,
101731,,4.84034348,Natural,False,,
2771,,4.61522436,Natural,False,,
51214,,3.25542808,Natural,False,,
51705,,3.71781135,Natural,False,,
101514,,4.06378937,Natural,False,,
100836,,4.82147026,Natural,False,,
101216,,3.74824357,Natural,False,,
50998,,4.27575541,Natural,False,,
11394,,3.34602666,Natural,False,,
101467,,4.46007776,Natural,False,,
11228,,3.4401207,Natural,False,,
100826,,3.47477269,Natural,False,,
11840,,3.69689965,Natural,False,,
101191,,3.58428764,Natural,False,,
100975,,4.40313387,Natural,False,,
11226,,4.46360016,Natural,False,,
11844,,3.54101682,Natural,False,,
51185,,4.53006029,Natural,False,,
2352,,5.81362867,Natural,False,,
201040,,4.0519805,Natural,False,,
2734,,3.65598679,Natural,False,,
51573,,4.17517805,Natural,False,,
506,,4.77810907,Natural,False,,
51864,,4.0450654,Natural,False,,
101357,,3.55246282,Natural,False,,
11135,,3.1421473,Natural,False,,
100163,,3.60062003,Natural,False,,
101182,,4.18116713,Natural,False,,
101070,,3.75054169,Natural,False,,
50425,,4.27387571,Natural,False,,
201112,,3.61003685,Natural,False,,
50428,,4.01535654,Natural,False,,
101598,,4.13540649,Natural,False,,
101180,,3.35839725,Natural,False,,
2437,,4.66690254,Natural,False,,
100595,,3.40461659,Natural,False,,
100439,,3.64756083,Natural,False,,
100236,,3.31629872,Natural,False,,
201011,,3.55091405,Natural,False,,
5050,,4.24886322,Natural,False,,
51870,,3.31524396,Natural,False,,
101596,,5.1142807,Natural,False,,
10788,,3.03435326,Natural,False,,
2419,,5.18520737,Natural,False,,
5205,,4.1547904,Natural,False,,
100506,,3.5136044,Natural,False,,
11741,,3.35641074,Natural,False,,
51708,,4.46857309,Natural,False,,
101099,,3.4398098,Natural,False,,
10224,,4.38046455,Natural,False,,
201123,,5.25501108,Natural,False,,
11415,,3.93104625,Natural,False,,
51271,,4.82643461,Natural,False,,
100504,,4.32808113,Natural,False,,
101325,,3.78263855,Natural,False,,
50615,,4.18732977,Natural,False,,
101243,,3.28727269,Natural,False,,
100397,,4.39642954,Natural,False,,
100531,,4.21484661,Natural,False,,
100805,,3.54271436,Natural,False,,
11020,,4.64603424,Natural,False,,
101069,,3.81989932,Natural,False,,
201103,,3.4214685,Natural,False,,
101353,,4.32605124,Natural,False,,
51591,,3.67377257,Natural,False,,
51980,,3.58521247,Natural,False,,
10588,,3.12409019,Natural,False,,
51020,,3.47716737,Natural,False,,
101661,,4.3304801,Natural,False,,
100265,,3.70377064,Natural,False,,
test.sdf,,3.29842472,Natural,False,,
51068,,3.62965512,Natural,False,,
51625,,3.7934525,Natural,False,,
50731,,3.37089443,Natural,False,,
50764,,3.74389768,Natural,False,,
51004,,2.78100777,Natural,False,,
50740,,3.0383594,Natural,False,,
101521,,3.5826838,Natural,False,,
101617,,4.40158844,Natural,False,,
101073,,4.14638662,Natural,False,,
101198,,3.84121585,Natural,False,,
11694,,2.83254123,Natural,False,,
50693,,3.19873691,Natural,False,,
5061,,4.97681093,Natural,False,,
3596,,4.50273275,Natural,False,,
10406,,3.39305949,Natural,False,,
50854,,3.17897487,Natural,False,,
11145,,3.96055317,Natural,False,,
101327,,4.42956781,Natural,False,,
51757,,4.71506834,Natural,False,,
11387,,3.19437599,Natural,False,,
51626,,3.56493378,Natural,False,,
101136,,3.74819779,Natural,False,,
50992,,3.85883427,Natural,False,,
100809,,5.89831018,Natural,False,,
2463,,4.76703262,Natural,False,,
50567,,4.93804169,Natural,False,,
101045,,4.64280653,Natural,False,,
11365,,3.367347,Natural,False,,
10914,,2.96533751,Natural,False,,
10535,,2.88117003,Natural,False,,
101255,,3.68963885,Natural,False,,
101072,,4.47263145,Natural,False,,
200931,,3.96473765,Natural,False,,
101542,,3.50070858,Natural,False,,
101042,,4.38537455,Natural,False,,
50889,,3.38858914,Natural,False,,
10590,,5.70720053,Natural,False,,
100774,,4.53331041,Natural,False,,
3914,,3.99417305,Natural,False,,
10253,,2.91568017,Natural,False,,
11663,,3.40493226,Natural,False,,
2328,,3.78205228,Natural,False,,
10522,,3.61498904,Natural,False,,
51959,,3.56212068,Natural,False,,
101660,,4.86161184,Natural,False,,
100757,,5.04789209,Natural,False,,
50372,,3.72207761,Natural,False,,
2456,,4.26851892,Natural,False,,
100042,,3.89050364,Natural,False,,
50819,,3.25293183,Natural,False,,
50931,,4.63658953,Natural,False,,
101033,,3.2606039,Natural,False,,
5216,,3.74584651,Natural,False,,
2548,,5.01623487,Natural,False,,
51028,,4.83640242,Natural,False,,
50950,,4.43741846,Natural,False,,
50658,,4.14114809,Natural,False,,
101218,,4.36795855,Natural,False,,
5029,,4.56598663,Natural,False,,
101177,,2.87319636,Natural,False,,
2574,,3.2449677,Natural,False,,
51080,,3.07409167,Natural,False,,
51395,,4.17710066,Natural,False,,
2687,,4.96085548,Natural,False,,
100406,,5.23466587,Natural,False,,
5117,,3.52168274,Natural,False,,
101367,,3.93325734,Natural,False,,
100086,,5.51438379,Natural,False,,
101151,,3.12234282,Natural,False,,
50920,,3.34783673,Natural,False,,
510,,3.05716801,Natural,False,,
11494,,2.8599627,Natural,False,,
51918,,3.54043293,Natural,False,,
2313,,4.04792929,Natural,False,,
2476,,6.4269309,Natural,False,,
11887,,2.97220492,Natural,False,,
11805,,4.08782148,Natural,False,,
2429,,4.87598562,Natural,False,,
51548,,5.75512695,Natural,False,,
101169,,4.15962219,Natural,False,,
101349,,4.62001038,Natural,False,,
100385,,4.94328547,Natural,False,,
10664,,2.75311923,Natural,False,,
101592,,3.75512052,Natural,False,,
100902,,3.36227727,Natural,False,,
3667,,5.77786398,Natural,False,,
11441,,3.60653305,Natural,False,,
101658,,3.3295145,Natural,False,,
101673,,3.17711568,Natural,False,,
100202,,3.72645402,Natural,False,,
100778,,4.1514678,Natural,False,,
2315,,5.28542519,Natural,False,,
101722,,2.99204826,Natural,False,,
51883,,3.6542542,Natural,False,,
10402,,3.81026912,Natural,False,,
51713,,3.51460528,Natural,False,,
100396,,4.2883215,Natural,False,,
11062,,4.56024504,Natural,False,,
51907,,3.64984775,Natural,False,,
50315,,3.62744713,Natural,False,,
51733,,3.7588253,Natural,False,,
51168,,4.03431654,Natural,False,,
100821,,3.42871928,Natural,False,,
101553,,3.17137814,Natural,False,,
200939,,4.04800224,Natural,False,,
10665,,4.21666622,Natural,False,,
101495,,3.77984643,Natural,False,,
3647,,4.2701087,Natural,False,,
100553,,3.41422749,Natural,False,,
101259,,3.29852486,Natural,False,,
3500,,5.49914169,Natural,False,,
100467,,4.25611162,Natural,False,,
51383,,4.73341608,Natural,False,,
101015,,3.79424787,Natural,False,,
11920,,2.96338391,Natural,False,,
100365,,4.31491327,Natural,False,,
11982,,3.0297997,Natural,False,,
100379,,4.30557251,Natural,False,,
100148,,3.365345,Natural,False,,
50841,,3.85287309,Natural,False,,
10302,,3.27469468,Natural,False,,
200908,,3.2777977,Natural,False,,
51268,,4.09567499,Natural,False,,
101701,,5.38244486,Natural,False,,
10750,,3.08167648,Natural,False,,
51297,,3.72729611,Natural,False,,
36,,3.60756087,Natural,False,,
51202,,3.95903707,Natural,False,,
101796,,3.63473248,Natural,False,,
100089,,3.89308095,Natural,False,,
10343,,3.39844489,Natural,False,,
101688,,6.12115812,Natural,False,,
50676,,3.23280835,Natural,False,,
101320,,2.97504115,Natural,False,,
100151,,5.03574133,Natural,False,,
20105,,3.83276725,Natural,False,,
10768,,3.45465541,Natural,False,,
50562,,4.34161234,Natural,False,,
11794,,4.03408861,Natural,False,,
100187,,3.83968735,Natural,False,,
200934,,4.09851027,Natural,False,,
201134,,4.25345612,Natural,False,,
100509,,4.07666016,Natural,False,,
101223,,3.87694812,Natural,False,,
51533,,4.45515442,Natural,False,,
101319,,4.32750702,Natural,False,,
100359,,5.75758886,Natural,False,,
10292,,3.02524567,Natural,False,,
51930,,3.44572377,Natural,False,,
10490,,5.44024801,Natural,False,,
100137,,3.30733871,Natural,False,,
50940,,2.98151946,Natural,False,,
100262,,3.85206342,Natural,False,,
100413,,3.82069278,Natural,False,,
50747,,3.12304306,Natural,False,,
10233,,4.30299807,Natural,False,,
101080,,4.4188962,Natural,False,,
10707,,3.29031944,Natural,False,,
100382,,4.88627434,Natural,False,,
11114,,3.11724544,Natural,False,,
201044,,3.80491447,Natural,False,,
100462,,5.05035973,Natural,False,,
11937,,3.17974353,Natural,False,,
51104,,5.09304619,Natural,False,,
3846,,5.56318092,Natural,False,,
10010,,4.01795244,Natural,False,,
50628,,2.61362314,Natural,False,,
101776,,3.82832217,Natural,False,,
100512,,4.09054565,Natural,False,,
101470,,4.30630732,Natural,False,,
101469,,3.12418962,Natural,False,,
200994,,3.51263213,Natural,False,,
51824,,4.21840668,Natural,False,,
100529,,3.93227386,Natural,False,,
2571,,4.42214632,Natural,False,,
101957,,3.65371633,Natural,False,,
10570,,5.38715506,Natural,False,,
11121,,4.49953842,Natural,False,,
100545,,5.10567856,Natural,False,,
2732,,5.63576317,Natural,False,,
51709,,3.67246318,Natural,False,,
50678,,4.42731047,Natural,False,,
11771,,3.10903335,Natural,False,,
100513,,4.69996786,Natural,False,,
51663,,4.22366571,Natural,False,,
10143,,4.28176451,Natural,False,,
101844,,4.73222876,Natural,False,,
101238,,5.04920816,Natural,False,,
50623,,4.00619316,Natural,False,,
11372,,3.18006897,Natural,False,,
3792,,4.7472744,Natural,False,,
51358,,3.70208168,Natural,False,,
11882,,4.39693689,Natural,False,,
10372,,3.33106112,Natural,False,,
50677,,5.60466337,Natural,False,,
11666,,3.80159664,Natural,False,,
51266,,4.97684336,Natural,False,,
5144,,3.55534363,Natural,False,,
11278,,3.7518146,Natural,False,,
3678,,4.4835515,Natural,False,,
101962,,3.78487515,Natural,False,,
101491,,2.75756168,Natural,False,,
51985,,3.07603264,Natural,False,,
50687,,4.47655439,Natural,False,,
513,,3.93887019,Natural,False,,
2591,,4.05944109,Natural,False,,
51934,,3.60430789,Natural,False,,
50351,,4.00330591,Natural,False,,
101067,,4.05273819,Natural,False,,
51228,,4.14070559,Natural,False,,
100482,,4.16119385,Natural,False,,
101927,,5.34964609,Natural,False,,
50981,,3.28024936,Natural,False,,
50899,,3.8441627,Natural,False,,
10048,,4.23880816,Natural,False,,
100938,,5.58659601,Natural,False,,
50622,,4.08986712,Natural,False,,
101381,,3.23107219,Natural,False,,
3821,,4.08922434,Natural,False,,
50784,,3.45144272,Natural,False,,
10239,,3.23720193,Natural,False,,
2306,,4.49401093,Natural,False,,
2381,,5.03103447,Natural,False,,
5069,,4.90568399,Natural,False,,
3946,,4.44267941,Natural,False,,
100241,,3.0748055,Natural,False,,
51975,,3.85697174,Natural,False,,
51189,,3.51780581,Natural,False,,
366,,4.22070074,Natural,False,,
3745,,4.61655855,Natural,False,,
51781,,4.70002317,Natural,False,,
101466,,2.92435956,Natural,False,,
2316,,5.62900972,Natural,False,,
100904,,3.86637759,Natural,False,,
100653,,4.02718496,Natural,False,,
51615,,4.04593134,Natural,False,,
100206,,5.29282331,Natural,False,,
11468,,4.39490938,Natural,False,,
50260,,3.63884926,Natural,False,,
10515,,4.56110048,Natural,False,,
10527,,3.91901994,Natural,False,,
101186,,3.65104866,Natural,False,,
2725,,4.41051817,Natural,False,,
11409,,3.72956967,Natural,False,,
101840,,3.64234376,Natural,False,,
2361,,4.44325352,Natural,False,,
3790,,6.28717375,Natural,False,,
51160,,4.28006506,Natural,False,,
51891,,4.56501055,Natural,False,,
101645,,4.2898736,Natural,False,,
50473,,3.47859669,Natural,False,,
11883,,3.86789632,Natural,False,,
100433,,5.34482908,Natural,False,,
10296,,3.85126495,Natural,False,,
201108,,4.28176928,Natural,False,,
11918,,4.58877087,Natural,False,,
11833,,4.25225639,Natural,False,,
101035,,4.12417984,Natural,False,,
50755,,3.2830112,Natural,False,,
51285,,4.01533699,Natural,False,,
11312,,3.13110948,Natural,False,,
100982,,3.95999932,Natural,False,,
51526,,4.74142265,Natural,False,,
100935,,4.05571175,Natural,False,,
101711,,4.33483076,Natural,False,,
5120,,3.37096024,Natural,False,,
201077,,3.72692204,Natural,False,,
2665,,5.6793766,Natural,False,,
100186,,4.06843996,Natural,False,,
51732,,3.50479484,Natural,False,,
101001,,4.79991817,Natural,False,,
200884,,3.36114955,Natural,False,,
11231,,4.70359373,Natural,False,,
50663,,3.85657024,Natural,False,,
201076,,4.44275618,Natural,False,,
51320,,4.48542976,Natural,False,,
11896,,3.96774936,Natural,False,,
10694,,3.01094651,Natural,False,,
50629,,3.22441983,Natural,False,,
3537,,5.88204002,Natural,False,,
51073,,3.21693301,Natural,False,,
3845,,3.72744489,Natural,False,,
100481,,4.67532206,Natural,False,,
10119,,6.11719084,Natural,False,,
50913,,5.32296419,Natural,False,,
101477,,3.50892472,Natural,False,,
50749,,3.1377871,Natural,False,,
50640,,4.07447672,Natural,False,,
100743,,5.29690123,Natural,False,,
101486,,3.60941505,Natural,False,,
100931,,3.71058583,Natural,False,,
51201,,3.94060206,Natural,False,,
51947,,3.40393424,Natural,False,,
11745,,3.38954473,Natural,False,,
51172,,4.49875116,Natural,False,,
11759,,3.98542786,Natural,False,,
50440,,3.59354424,Natural,False,,
50227,,3.49379802,Natural,False,,
5195,,3.35861588,Natural,False,,
10780,,3.29881668,Natural,False,,
51194,,4.36400461,Natural,False,,
378,,4.24216795,Natural,False,,
50811,,3.36798668,Natural,False,,
51915,,4.24218321,Natural,False,,
5145,,2.78081322,Natural,False,,
100297,,3.67840219,Natural,False,,
11043,,3.75719357,Natural,False,,
100788,,3.18339086,Natural,False,,
101299,,3.25019097,Natural,False,,
100437,,4.56398821,Natural,False,,
2538,,5.10913324,Natural,False,,
51596,,4.33632278,Natural,False,,
101699,,4.30876303,Natural,False,,
5185,,4.26080275,Natural,False,,
368,,3.08945155,Natural,False,,
101664,,4.39266968,Natural,False,,
3542,,4.15069723,Natural,False,,
10741,,2.64692378,Natural,False,,
10081,,5.03630495,Natural,False,,
51178,,4.18684435,Natural,False,,
100154,,4.32577085,Natural,False,,
10582,,3.9096148,Natural,False,,
100641,,3.84156513,Natural,False,,
100409,,5.08643484,Natural,False,,
100129,,5.91264725,Natural,False,,
101710,,3.96977544,Natural,False,,
11287,,3.26710343,Natural,False,,
50719,,3.94472313,Natural,False,,
51054,,3.19241405,Natural,False,,
50962,,4.43087053,Natural,False,,
11622,,3.63843155,Natural,False,,
100881,,3.79072857,Natural,False,,
50377,,3.34853578,Natural,False,,
200809,,3.89397812,Natural,False,,
101509,,4.10587549,Natural,False,,
101842,,4.36154032,Natural,False,,
50817,,3.1484673,Natural,False,,
100754,,4.19389153,Natural,False,,
11384,,3.10442472,Natural,False,,
50823,,3.45110583,Natural,False,,
2459,,3.98379445,Natural,False,,
252,,4.4695096,Natural,False,,
100485,,3.70295143,Natural,False,,
100955,,4.85664988,Natural,False,,
11932,,3.28701973,Natural,False,,
51231,,5.64055634,Natural,False,,
100160,,4.16930771,Natural,False,,
2339,,4.8328228,Natural,False,,
50723,,3.63625407,Natural,False,,
3878,,5.17632675,Natural,False,,
50863,,3.06737781,Natural,False,,
51580,,4.31549454,Natural,False,,
11367,,3.74954915,Natural,False,,
2583,,4.18630409,Natural,False,,
100768,,3.76244664,Natural,False,,
50635,,3.43095684,Natural,False,,
10677,,3.97941613,Natural,False,,
10668,,4.51358652,Natural,False,,
50406,,3.82847309,Natural,False,,
50456,,3.01744342,Natural,False,,
11259,,3.57905269,Natural,False,,
5021,,4.11634636,Natural,False,,
50810,,3.26518416,Natural,False,,
10209,,2.90772605,Natural,False,,
50966,,4.08706045,Natural,False,,
11370,,3.04413438,Natural,False,,
101473,,3.17264104,Natural,False,,
10638,,3.23860478,Natural,False,,
51272,,4.10763597,Natural,False,,
51830,,4.98375845,Natural,False,,
10229,,3.39980388,Natural,False,,
100473,,4.91914129,Natural,False,,
200897,,5.01168633,Natural,False,,
2481,,4.62917089,Natural,False,,
51252,,4.45789862,Natural,False,,
11965,,3.85436726,Natural,False,,
50475,,3.17396259,Natural,False,,
100785,,3.95788193,Natural,False,,
11332,,3.51099944,Natural,False,,
50360,,3.96524596,Natural,False,,
100761,,5.56774759,Natural,False,,
5191,,3.71382451,Natural,False,,
11087,,3.33297157,Natural,False,,
10320,,3.40561175,Natural,False,,
50959,,3.60015035,Natural,False,,
11330,,3.88002586,Natural,False,,
11860,,3.52873683,Natural,False,,
100613,,3.55040073,Natural,False,,
101199,,4.06564856,Natural,False,,
51840,,3.37334561,Natural,False,,
101569,,3.55255914,Natural,False,,
51010,,3.47770095,Natural,False,,
11310,,4.5955658,Natural,False,,
5212,,5.23193693,Natural,False,,
100711,,5.47650957,Natural,False,,
10373,,3.37084866,Natural,False,,
11123,,3.65925145,Natural,False,,
101107,,4.13713789,Natural,False,,
51161,,4.28458643,Natural,False,,
10120,,6.75614023,Natural,False,,
50675,,3.46342397,Natural,False,,
10212,,4.44226599,Natural,False,,
10157,,4.30052948,Natural,False,,
50669,,3.509305,Natural,False,,
11963,,3.07325006,Natural,False,,
51711,,3.36943889,Natural,False,,
100290,,6.66394615,Natural,False,,
11397,,4.20964861,Natural,False,,
51135,,4.35563087,Natural,False,,
11659,,3.18015742,Natural,False,,
50645,,3.21550179,Natural,False,,
51060,,3.31532407,Natural,False,,
50928,,3.64164162,Natural,False,,
50888,,3.99730754,Natural,False,,
2482,,3.7343986,Natural,False,,
50251,,4.38455057,Natural,False,,
50583,,4.17035151,Natural,False,,
51071,,3.34024549,Natural,False,,
5089,,5.13248682,Natural,False,,
100684,,3.44175649,Natural,False,,
51013,,3.14628339,Natural,False,,
5110,,4.83624983,Natural,False,,
100954,,4.43328047,Natural,False,,
100389,,4.61281776,Natural,False,,
10183,,3.95988011,Natural,False,,
2575,,5.37363815,Natural,False,,
101321,,3.48506355,Natural,False,,
11392,,3.32459712,Natural,False,,
5164,,4.65732622,Natural,False,,
50865,,3.27123713,Natural,False,,
101016,,3.86322474,Natural,False,,
10752,,3.64627647,Natural,False,,
51085,,2.92643833,Natural,False,,
50881,,3.20129013,Natural,False,,
2421,,4.32718706,Natural,False,,
11032,,4.18888521,Natural,False,,
50441,,3.93208003,Natural,False,,
11272,,5.76694632,Natural,False,,
51069,,3.07341695,Natural,False,,
101386,,3.90212059,Natural,False,,
10945,,3.334445,Natural,False,,
10085,,5.20887899,Natural,False,,
50644,,3.50702167,Natural,False,,
11877,,2.7761476,Natural,False,,
50699,,3.27815723,Natural,False,,
101706,,4.86727905,Natural,False,,
100669,,5.38014078,Natural,False,,
11074,,2.95102501,Natural,False,,
11816,,3.69477844,Natural,False,,
51998,,3.73473835,Natural,False,,
50820,,3.50043392,Natural,False,,
101187,,3.61902738,Natural,False,,
51442,,3.65347743,Natural,False,,
100141,,5.51930285,Natural,False,,
11823,,3.53149676,Natural,False,,
101271,,4.44393015,Natural,False,,
100118,,4.30255175,Natural,False,,
51856,,4.02234983,Natural,False,,
10676,,4.06884098,Natural,False,,
101848,,3.22665858,Natural,False,,
11497,,3.64976883,Natural,False,,
11089,,3.9494803,Natural,False,,
201099,,3.89711547,Natural,False,,
100021,,5.19024897,Natural,False,,
2415,,5.56639481,Natural,False,,
3541,,4.96497583,Natural,False,,
2310,,3.49299145,Natural,False,,
101051,,3.28360176,Natural,False,,
100527,,4.2431035,Natural,False,,
51103,,5.25727081,Natural,False,,
11739,,3.15042043,Natural,False,,
10211,,3.78834081,Natural,False,,
11414,,3.86274076,Natural,False,,
100189,,5.16109705,Natural,False,,
5206,,3.19641232,Natural,False,,
3504,,5.41013956,Natural,False,,
10761,,4.46541548,Natural,False,,
100720,,4.47512197,Natural,False,,
51173,,3.65976453,Natural,False,,
2475,,3.68671036,Natural,False,,
50643,,3.68922973,Natural,False,,
100617,,4.11500549,Natural,False,,
200806,,3.65228724,Natural,False,,
51446,,4.55747032,Natural,False,,
11352,,3.19517326,Natural,False,,
2566,,3.22909164,Natural,False,,
50656,,4.09282112,Natural,False,,
3692,,3.38293338,Natural,False,,
10309,,3.68675685,Natural,False,,
51053,,4.38088608,Natural,False,,
50976,,3.09524345,Natural,False,,
100544,,4.18878222,Natural,False,,
51238,,4.3452878,Natural,False,,
50845,,3.05824971,Natural,False,,
101895,,4.57232666,Natural,False,,
51184,,4.74680281,Natural,False,,
100407,,4.71204996,Natural,False,,
51983,,3.98408508,Natural,False,,
50741,,3.10774708,Natural,False,,
11465,,2.69424081,Natural,False,,
11575,,3.78465271,Natural,False,,
101176,,3.97691846,Natural,False,,
5228,,4.86361694,Natural,False,,
200975,,4.04866552,Natural,False,,
100491,,4.20605516,Natural,False,,
51452,,3.91119194,Natural,False,,
50495,,3.37932587,Natural,False,,
5094,,3.56182742,Natural,False,,
50716,,3.86993623,Natural,False,,
3769,,5.21010256,Natural,False,,
51467,,3.33166051,Natural,False,,
100926,,2.80448937,Natural,False,,
100304,,4.68568945,Natural,False,,
50911,,4.73303843,Natural,False,,
50561,,4.50378561,Natural,False,,
50999,,5.47678804,Natural,False,,
201064,,4.88628912,Natural,False,,
50636,,3.40380406,Natural,False,,
200869,,4.08485746,Natural,False,,
11743,,3.49578309,Natural,False,,
51825,,4.81106377,Natural,False,,
50537,,4.51520205,Natural,False,,
101288,,4.04888105,Natural,False,,
100408,,5.32588577,Natural,False,,
11316,,3.37389374,Natural,False,,
2376,,4.45760632,Natural,False,,
200943,,4.9553647,Natural,False,,
50862,,3.07401109,Natural,False,,
11944,,2.93843532,Natural,False,,
100538,,5.82250786,Natural,False,,
101316,,4.09792519,Natural,False,,
101168,,4.91292191,Natural,False,,
201034,,3.37027764,Natural,False,,
10035,,4.07334137,Natural,False,,
51381,,3.84929466,Natural,False,,
50577,,4.38628626,Natural,False,,
51524,,4.41691542,Natural,False,,
100194,,4.24356222,Natural,False,,
11522,,3.94917035,Natural,False,,
101003,,3.91114736,Natural,False,,
100449,,3.25340271,Natural,False,,
101453,,3.44916987,Natural,False,,
11987,,3.39624476,Natural,False,,
101181,,3.84655881,Natural,False,,
2314,,3.51704693,Natural,False,,
2546,,3.61956882,Natural,False,,
51924,,3.51449227,Natural,False,,
51329,,3.74596024,Natural,False,,
3559,,4.18089437,Natural,False,,
11275,,5.80614233,Natural,False,,
101237,,4.69526339,Natural,False,,
51204,,4.16764545,Natural,False,,
101985,,3.63247752,Natural,False,,
101526,,5.10298538,Natural,False,,
5105,,3.78071594,Natural,False,,
100403,,5.09875584,Natural,False,,
101607,,4.37703896,Natural,False,,
100354,,6.15786219,Natural,False,,
101359,,3.41693473,Natural,False,,
100548,,5.20045137,Natural,False,,
11829,,3.54092717,Natural,False,,
50807,,3.20775867,Natural,False,,
200998,,3.96825576,Natural,False,,
11331,,3.49667668,Natural,False,,
50470,,3.23770213,Natural,False,,
100378,,3.72364879,Natural,False,,
100868,,3.91881371,Natural,False,,
50459,,3.22619557,Natural,False,,
51171,,4.58162308,Natural,False,,
100062,,4.04924774,Natural,False,,
100028,,4.19280481,Natural,False,,
11700,,3.35125518,Natural,False,,
50659,,3.9218483,Natural,False,,
51837,,3.50199389,Natural,False,,
101306,,4.24318552,Natural,False,,
3698,,3.43216896,Natural,False,,
10800,,3.54205394,Natural,False,,
51061,,3.1107533,Natural,False,,
10177,,3.75733829,Natural,False,,
101236,,4.37630415,Natural,False,,
3682,,4.60914803,Natural,False,,
2719,,5.28499222,Natural,False,,
100625,,5.09199142,Natural,False,,
100874,,3.29479408,Natural,False,,
50637,,3.19681144,Natural,False,,
50689,,3.40573955,Natural,False,,
50896,,5.1687603,Natural,False,,
10223,,4.64539194,Natural,False,,
101898,,5.51075602,Natural,False,,
5138,,3.77391553,Natural,False,,
10171,,4.68429184,Natural,False,,
11665,,3.52296519,Natural,False,,
10609,,4.32093334,Natural,False,,
107,,2.99546504,Natural,False,,
10463,,4.70692301,Natural,False,,
200903,,3.50611377,Natural,False,,
5215,,3.59486079,Natural,False,,
10046,,3.30938244,Natural,False,,
50942,,3.14549518,Natural,False,,
101773,,6.26370096,Natural,False,,
10764,,3.2788105,Natural,False,,
51574,,3.55065346,Natural,False,,
101403,,4.48385239,Natural,False,,
51363,,3.83971524,Natural,False,,
100878,,3.2346499,Natural,False,,
3606,,5.54071951,Natural,False,,
2537,,4.03357363,Natural,False,,
51511,,3.31801343,Natural,False,,
3924,,3.58851314,Natural,False,,
10745,,3.60225892,Natural,False,,
51582,,4.02259874,Natural,False,,
51788,,5.77179384,Natural,False,,
101290,,3.8260994,Natural,False,,
101808,,5.25127983,Natural,False,,
2707,,3.05451584,Natural,False,,
2309,,3.78725123,Natural,False,,
11410,,3.39213181,Natural,False,,
5118,,3.38280177,Natural,False,,
3729,,3.68003011,Natural,False,,
101650,,4.1581111,Natural,False,,
50329,,3.43831277,Natural,False,,
201017,,4.9252162,Natural,False,,
100113,,5.58795691,Natural,False,,
100755,,5.28790474,Natural,False,,
200900,,4.22454405,Natural,False,,
51532,,4.41680861,Natural,False,,
51981,,3.68113828,Natural,False,,
100131,,4.68090677,Natural,False,,
100588,,5.03644943,Natural,False,,
101115,,4.05571413,Natural,False,,
11967,,4.00798416,Natural,False,,
101052,,4.88787079,Natural,False,,
50902,,3.63424587,Natural,False,,
5102,,5.23638105,Natural,False,,
3654,,3.74344563,Natural,False,,
101311,,3.99895287,Natural,False,,
51032,,4.53739214,Natural,False,,
100517,,3.42449307,Natural,False,,
100061,,3.56376529,Natural,False,,
11388,,2.93434405,Natural,False,,
11085,,3.91331172,Natural,False,,
11321,,3.00819016,Natural,False,,
200985,,3.76001096,Natural,False,,
101487,,3.54776835,Natural,False,,
10184,,4.00480556,Natural,False,,
51718,,3.66153598,Natural,False,,
11454,,3.79418731,Natural,False,,
50746,,3.19146371,Natural,False,,
5055,,3.9308579,Natural,False,,
10282,,4.71075296,Natural,False,,
11812,,3.3730247,Natural,False,,
100777,,4.39847708,Natural,False,,
11446,,2.74029326,Natural,False,,
50415,,3.14621449,Natural,False,,
101418,,3.16437078,Natural,False,,
11888,,3.52784991,Natural,False,,
50895,,4.67704201,Natural,False,,
100325,,4.19540739,Natural,False,,
10625,,4.04024458,Natural,False,,
101226,,3.19664264,Natural,False,,
100146,,4.2822175,Natural,False,,
51684,,3.4094038,Natural,False,,
50211,,4.56245279,Natural,False,,
10666,,3.14634633,Natural,False,,
50873,,3.47812772,Natural,False,,
100692,,3.86616254,Natural,False,,
2467,,3.84656334,Natural,False,,
11992,,3.27828288,Natural,False,,
3540,,3.63768697,Natural,False,,
10593,,5.68171692,Natural,False,,
101501,,4.64458895,Natural,False,,
100627,,4.59089136,Natural,False,,
200959,,4.98768044,Natural,False,,
51156,,3.96150589,Natural,False,,
11819,,2.88133979,Natural,False,,
100534,,4.34217215,Natural,False,,
10272,,4.15024996,Natural,False,,
51678,,3.48970675,Natural,False,,
10244,,3.25328183,Natural,False,,
50757,,3.77176476,Natural,False,,
1,,3.68008709,Natural,False,,
201098,,4.76331854,Natural,False,,
51235,,5.0464325,Natural,False,,
51849,,3.34076405,Natural,False,,
50756,,3.80083752,Natural,False,,
100292,,5.2409935,Natural,False,,
200878,,3.53691936,Natural,False,,
51854,,3.22098613,Natural,False,,
3813,,6.11614037,Natural,False,,
51244,,5.79805183,Natural,False,,
11834,,4.52650881,Natural,False,,
200991,,3.12417483,Natural,False,,
51743,,3.3743782,Natural,False,,
11047,,3.76897311,Natural,False,,
101989,,5.13972092,Natural,False,,
50919,,3.46818233,Natural,False,,
51008,,3.11365128,Natural,False,,
100271,,4.76276731,Natural,False,,
50960,,3.92184448,Natural,False,,
100546,,3.70035434,Natural,False,,
100885,,4.58597755,Natural,False,,
101419,,3.3414104,Natural,False,,
51450,,4.32938385,Natural,False,,
51592,,4.38215113,Natural,False,,
50202,,3.99232364,Natural,False,,
50710,,3.65574145,Natural,False,,
100622,,3.86062407,Natural,False,,
10227,,3.99331951,Natural,False,,
3521,,3.56078982,Natural,False,,
51612,,3.1331768,Natural,False,,
51072,,3.06166768,Natural,False,,
50915,,4.33271408,Natural,False,,
51828,,4.54456329,Natural,False,,
100623,,4.86260605,Natural,False,,
100344,,4.46429253,Natural,False,,
51750,,3.39682961,Natural,False,,
100533,,3.8259728,Natural,False,,
10775,,3.48786569,Natural,False,,
10175,,3.06728864,Natural,False,,
51756,,4.50156355,Natural,False,,
50872,,3.44767451,Natural,False,,
51702,,3.41283727,Natural,False,,
50666,,3.90706277,Natural,False,,
100356,,5.62701845,Natural,False,,
10180,,5.09708977,Natural,False,,
50616,,4.8373394,Natural,False,,
10248,,3.203192,Natural,False,,
51233,,5.20813656,Natural,False,,
101968,,4.33805609,Natural,False,,
11623,,3.61644554,Natural,False,,
50917,,4.24229813,Natural,False,,
101893,,4.18208456,Natural,False,,
101394,,3.15931129,Natural,False,,
51477,,4.23680449,Natural,False,,
10738,,3.30039191,Natural,False,,
101383,,4.32139969,Natural,False,,
51974,,4.261971,Natural,False,,
51357,,3.66715145,Natural,False,,
10597,,5.17070436,Natural,False,,
10776,,3.1223805,Natural,False,,
200941,,3.36781311,Natural,False,,
100601,,5.42842722,Natural,False,,
101494,,2.9487536,Natural,False,,
51224,,3.64325976,Natural,False,,
200882,,3.30233479,Natural,False,,
100181,,5.1850667,Natural,False,,
3552,,3.68891335,Natural,False,,
51273,,4.76636887,Natural,False,,
3899,,4.2710309,Natural,False,,
50664,,4.52124262,Natural,False,,
51431,,4.54643297,Natural,False,,
100117,,3.98199272,Natural,False,,
101433,,4.06518745,Natural,False,,
51415,,5.76895714,Natural,False,,
101686,,5.17043734,Natural,False,,
10145,,4.45305252,Natural,False,,
100201,,4.54243898,Natural,False,,
100120,,3.40182042,Natural,False,,
51067,,3.27822518,Natural,False,,
11118,,3.82368636,Natural,False,,
10075,,5.2509551,Natural,False,,
200906,,3.46112633,Natural,False,,
101026,,3.58068204,Natural,False,,
100724,,3.4715147,Natural,False,,
11961,,4.18794489,Natural,False,,
101437,,3.07137942,Natural,False,,
105,,4.60222769,Natural,False,,
11688,,2.9032023,Natural,False,,
200950,,3.7133925,Natural,False,,
200815,,4.13258123,Natural,False,,
50818,,3.24743915,Natural,False,,
100347,,5.1182704,Natural,False,,
101558,,4.72993326,Natural,False,,
2678,,5.08511972,Natural,False,,
3883,,5.05434656,Natural,False,,
50370,,3.61717057,Natural,False,,
3625,,3.78762603,Natural,False,,
51051,,4.01066256,Natural,False,,
100345,,3.19437337,Natural,False,,
100810,,4.8241806,Natural,False,,
11066,,5.24896479,Natural,False,,
10734,,2.7945106,Natural,False,,
2350,,4.3705616,Natural,False,,
50673,,4.29778671,Natural,False,,
50580,,4.07382536,Natural,False,,
200997,,3.76654053,Natural,False,,
200794,,4.2831912,Natural,False,,
100395,,4.30136108,Natural,False,,
50744,,3.19472313,Natural,False,,
101207,,2.74323869,Natural,False,,
100280,,4.80785036,Natural,False,,
100611,,4.19712973,Natural,False,,
5209,,4.16255903,Natural,False,,
10365,,3.26853299,Natural,False,,
10684,,3.09651065,Natural,False,,
100310,,4.69465065,Natural,False,,
50488,,4.06845856,Natural,False,,
10074,,4.39283943,Natural,False,,
51432,,3.54092979,Natural,False,,
101153,,4.4311595,Natural,False,,
10617,,4.19363642,Natural,False,,
101831,,3.25709724,Natural,False,,
51213,,3.48280168,Natural,False,,
5122,,3.99754119,Natural,False,,
50766,,4.15338469,Natural,False,,
2457,,4.25988626,Natural,False,,
201033,,4.13656187,Natural,False,,
2318,,4.92462158,Natural,False,,
50262,,4.48530006,Natural,False,,
100050,,5.32605267,Natural,False,,
5155,,3.68809581,Natural,False,,
51560,,4.74999094,Natural,False,,
10748,,3.34805202,Natural,False,,
5042,,4.33338928,Natural,False,,
10164,,3.8270638,Natural,False,,
5046,,4.08134842,Natural,False,,
100643,,3.43372846,Natural,False,,
51714,,3.08974266,Natural,False,,
20106,,4.26076269,Natural,False,,
100892,,3.62645078,Natural,False,,
10288,,3.25994372,Natural,False,,
201041,,4.40253687,Natural,False,,
51270,,4.45747328,Natural,False,,
50934,,4.32153416,Natural,False,,
101253,,3.90566254,Natural,False,,
51593,,4.30151892,Natural,False,,
51460,,3.39065671,Natural,False,,
10073,,5.87476683,Natural,False,,
11831,,3.16140819,Natural,False,,
50397,,3.86967468,Natural,False,,
200813,,4.54626846,Natural,False,,
100479,,3.22538376,Natural,False,,
100445,,5.69182634,Natural,False,,
50261,,3.44704056,Natural,False,,
2448,,5.55335236,Natural,False,,
5200,,3.88473511,Natural,False,,
50449,,4.24210358,Natural,False,,
2319,,5.79134941,Natural,False,,
50417,,3.65579033,Natural,False,,
50466,,3.93032193,Natural,False,,
51767,,3.69720387,Natural,False,,
101029,,4.71423483,Natural,False,,
50788,,3.18876338,Natural,False,,
100932,,4.78230906,Natural,False,,
10305,,4.08150053,Natural,False,,
200924,,4.22165823,Natural,False,,
50759,,3.54542851,Natural,False,,
2473,,3.54920268,Natural,False,,
50825,,3.36776161,Natural,False,,
11898,,3.03801084,Natural,False,,
101430,,4.30092669,Natural,False,,
50813,,3.37507033,Natural,False,,
11351,,4.06193686,Natural,False,,
51290,,4.05844355,Natural,False,,
51829,,5.36810875,Natural,False,,
100580,,5.86090422,Natural,False,,
51839,,3.08770108,Natural,False,,
11827,,3.6851747,Natural,False,,
3832,,4.75474787,Natural,False,,
50590,,4.25559664,Natural,False,,
100685,,4.48228979,Natural,False,,
2325,,4.08109665,Natural,False,,
11371,,3.63897967,Natural,False,,
100873,,4.50498772,Natural,False,,
50804,,3.08933568,Natural,False,,
11072,,3.65118027,Natural,False,,
101017,,3.65823746,Natural,False,,
50794,,3.73422813,Natural,False,,
51158,,4.00639868,Natural,False,,
3810,,3.90994525,Natural,False,,
100610,,3.69475174,Natural,False,,
101411,,3.04644275,Natural,False,,
5075,,3.34175873,Natural,False,,
51327,,3.90330005,Natural,False,,
100289,,4.2380929,Natural,False,,
11795,,3.718858,Natural,False,,
50944,,3.45314527,Natural,False,,
51157,,3.93962407,Natural,False,,
3945,,4.75348473,Natural,False,,
100432,,5.22900438,Natural,False,,
10659,,3.47142148,Natural,False,,
11469,,3.13876414,Natural,False,,
51956,,4.52803278,Natural,False,,
50718,,3.8239851,Natural,False,,
51366,,3.8843708,Natural,False,,
2380,,4.46831369,Natural,False,,
100606,,4.2457633,Natural,False,,
50743,,3.21135402,Natural,False,,
51177,,3.8037014,Natural,False,,
51341,,4.25542831,Natural,False,,
50471,,3.52600193,Natural,False,,
3764,,4.57331944,Natural,False,,
50977,,3.40920568,Natural,False,,
3791,,3.86356425,Natural,False,,
51100,,4.41487932,Natural,False,,
10186,,3.68048692,Natural,False,,
11814,,3.92147803,Natural,False,,
11257,,3.39294505,Natural,False,,
101476,,3.90874743,Natural,False,,
100428,,4.02995968,Natural,False,,
100797,,4.4852767,Natural,False,,
50680,,3.26722598,Natural,False,,
200956,,4.12166548,Natural,False,,
10154,,4.59181023,Natural,False,,
11298,,3.57075667,Natural,False,,
100107,,6.11216545,Natural,False,,
201002,,3.5356102,Natural,False,,
5095,,3.65246272,Natural,False,,
51617,,3.37276459,Natural,False,,
10279,,3.65724564,Natural,False,,
100213,,4.41897058,Natural,False,,
10595,,5.93817854,Natural,False,,
100410,,4.69482565,Natural,False,,
11435,,2.97298551,Natural,False,,
100758,,6.63462973,Natural,False,,
11560,,3.83815193,Natural,False,,
100759,,5.59559011,Natural,False,,
367,,3.65861511,Natural,False,,
10728,,3.41454697,Natural,False,,
100972,,3.1466496,Natural,False,,
101188,,3.45306277,Natural,False,,
5044,,3.86556315,Natural,False,,
3912,,4.93839216,Natural,False,,
101857,,5.54558134,Natural,False,,
201111,,4.56910181,Natural,False,,
10011,,5.12798452,Natural,False,,
2494,,5.88332129,Natural,False,,
50875,,4.54229975,Natural,False,,
50700,,3.15758324,Natural,False,,
11763,,3.12663102,Natural,False,,
10298,,3.28726196,Natural,False,,
101309,,3.9382143,Natural,False,,
50632,,3.47492719,Natural,False,,
101071,,4.2623477,Natural,False,,
11517,,3.99531865,Natural,False,,
101148,,3.41544819,Natural,False,,
50301,,5.0840354,Natural,False,,
101310,,3.25369191,Natural,False,,
50758,,3.90847468,Natural,False,,
11060,,3.85385132,Natural,False,,
100264,,4.50478935,Natural,False,,
10737,,3.42499924,Natural,False,,
51030,,3.2763164,Natural,False,,
10854,,3.30647159,Natural,False,,
51787,,5.60196257,Natural,False,,
201000,,4.20310068,Natural,False,,
11971,,3.54556274,Natural,False,,
101086,,3.7982254,Natural,False,,
11836,,2.75397491,Natural,False,,
101332,,4.48961067,Natural,False,,
201088,,4.10731745,Natural,False,,
10727,,3.3622551,Natural,False,,
201008,,4.65105247,Natural,False,,
100780,,3.65052533,Natural,False,,
266,,4.60306597,Natural,False,,
51783,,4.44591331,Natural,False,,
201062,,3.60385323,Natural,False,,
100521,,4.10465813,Natural,False,,
3649,,5.74050903,Natural,False,,
51326,,3.608675,Natural,False,,
10362,,4.59598589,Natural,False,,
100846,,4.29385567,Natural,False,,
100041,,5.87288666,Natural,False,,
200964,,3.85402417,Natural,False,,
100689,,3.87623858,Natural,False,,
10919,,3.09006524,Natural,False,,
3715,,5.51188421,Natural,False,,
11784,,3.79549336,Natural,False,,
11986,,3.39580417,Natural,False,,
101593,,2.66936088,Natural,False,,
100794,,4.85990286,Natural,False,,
100260,,5.09927893,Natural,False,,
11286,,3.17214036,Natural,False,,
50258,,4.6245122,Natural,False,,
100006,,5.17948532,Natural,False,,
51522,,5.82498693,Natural,False,,
51440,,3.81917858,Natural,False,,
3673,,5.17614889,Natural,False,,
50646,,4.55127478,Natural,False,,
100114,,5.3407464,Natural,False,,
101925,,3.21524358,Natural,False,,
11867,,3.19150543,Natural,False,,
11193,,3.49842548,Natural,False,,
50491,,3.38034701,Natural,False,,
100317,,4.16453934,Natural,False,,
51468,,4.27014542,Natural,False,,
11309,,4.66643572,Natural,False,,
10858,,3.02308273,Natural,False,,
101272,,3.68404198,Natural,False,,
50661,,3.93431664,Natural,False,,
50401,,2.91897082,Natural,False,,
2451,,6.08524656,Natural,False,,
11774,,4.28085852,Natural,False,,
50655,,3.7960999,Natural,False,,
51670,,5.01626444,Natural,False,,
101258,,3.16616535,Natural,False,,
201070,,3.72867274,Natural,False,,
51179,,4.95924997,Natural,False,,
50846,,2.9643662,Natural,False,,
11994,,3.70265126,Natural,False,,
100596,,5.40941191,Natural,False,,
51362,,3.25960088,Natural,False,,
3648,,4.98016739,Natural,False,,
10275,,3.55057311,Natural,False,,
101643,,3.82178092,Natural,False,,
100744,,3.34845734,Natural,False,,
101055,,3.80393481,Natural,False,,
51982,,3.51571655,Natural,False,,
10246,,4.54017401,Natural,False,,
11989,,2.92627645,Natural,False,,
101043,,4.15959263,Natural,False,,
10618,,3.61566281,Natural,False,,
201019,,5.15972519,Natural,False,,
10871,,2.83814812,Natural,False,,
200999,,3.96954846,Natural,False,,
11464,,3.57863498,Natural,False,,
11760,,3.4405129,Natural,False,,
100979,,3.98670101,Natural,False,,
101666,,3.19301605,Natural,False,,
10383,,2.86997414,Natural,False,,
100183,,5.64731264,Natural,False,,
50354,,3.77328086,Natural,False,,
50607,,4.35169029,Natural,False,,
100686,,4.56422043,Natural,False,,
100747,,4.09623671,Natural,False,,
101178,,3.11101532,Natural,False,,
101078,,4.70319223,Natural,False,,
200785,,4.34807968,Natural,False,,
10277,,4.1842351,Natural,False,,
51925,,4.27870369,Natural,False,,
51578,,3.84096837,Natural,False,,
50423,,3.44026756,Natural,False,,
10710,,4.68594456,Natural,False,,
51188,,3.38041425,Natural,False,,
11304,,3.2542212,Natural,False,,
51919,,4.67871523,Natural,False,,
50293,,3.59185028,Natural,False,,
3688,,3.60960197,Natural,False,,
11288,,3.64648557,Natural,False,,
50880,,3.10102272,Natural,False,,
51977,,3.29692268,Natural,False,,
50566,,4.75622988,Natural,False,,
51021,,3.15801716,Natural,False,,
50789,,3.45422482,Natural,False,,
51003,,3.23291659,Natural,False,,
11698,,3.04463935,Natural,False,,
100832,,3.9308672,Natural,False,,
101587,,4.60732841,Natural,False,,
101292,,2.80788612,Natural,False,,
50712,,3.56897712,Natural,False,,
51648,,4.5701623,Natural,False,,
100718,,6.20655298,Natural,False,,
3774,,3.93522263,Natural,False,,
51112,,3.57191873,Natural,False,,
51932,,3.09582591,Natural,False,,
200838,,4.28964996,Natural,False,,
51354,,3.63136601,Natural,False,,
100697,,3.69568253,Natural,False,,
10283,,3.75726438,Natural,False,,
2701,,5.11101484,Natural,False,,
100561,,3.87871242,Natural,False,,
50859,,3.44067407,Natural,False,,
101404,,3.70418286,Natural,False,,
11003,,4.20578957,Natural,False,,
11149,,2.84605026,Natural,False,,
101508,,4.25738335,Natural,False,,
101577,,2.90499568,Natural,False,,
5022,,4.5485549,Natural,False,,
51081,,4.67971611,Natural,False,,
11071,,3.73523426,Natural,False,,
10988,,3.18406773,Natural,False,,
50949,,4.13078499,Natural,False,,
101541,,5.31795931,Natural,False,,
11928,,2.87115479,Natural,False,,
50570,,4.42269611,Natural,False,,
50771,,3.17410016,Natural,False,,
101967,,6.31255388,Natural,False,,
50486,,4.73327208,Natural,False,,
10678,,3.25826049,Natural,False,,
101348,,3.62719226,Natural,False,,
10559,,3.30479598,Natural,False,,
2465,,3.59993863,Natural,False,,
50828,,3.27969241,Natural,False,,
2741,,3.67847085,Natural,False,,
50679,,3.26875997,Natural,False,,
101155,,3.84867501,Natural,False,,
101412,,3.0383141,Natural,False,,
10837,,3.6035974,Natural,False,,
100578,,4.49386215,Natural,False,,
50306,,5.05514479,Natural,False,,
51152,,3.39834046,Natural,False,,
10087,,3.86965752,Natural,False,,
51083,,3.79527974,Natural,False,,
11401,,3.11543345,Natural,False,,
100556,,4.4435997,Natural,False,,
11317,,3.29671192,Natural,False,,
3610,,4.74870539,Natural,False,,
51635,,3.63429332,Natural,False,,
50707,,3.6739037,Natural,False,,
101312,,3.76360059,Natural,False,,
51334,,3.67309451,Natural,False,,
200951,,3.94739151,Natural,False,,
101146,,3.80811,Natural,False,,
100989,,4.78159285,Natural,False,,
50812,,3.28279233,Natural,False,,
50359,,3.05736542,Natural,False,,
50760,,3.69498897,Natural,False,,
100648,,3.2977972,Natural,False,,
51148,,4.48720789,Natural,False,,
11876,,3.87517929,Natural,False,,
100249,,5.34196091,Natural,False,,
11501,,3.07279277,Natural,False,,
3794,,5.77289581,Natural,False,,
11306,,4.79799604,Natural,False,,
51512,,3.59346366,Natural,False,,
51906,,3.75428391,Natural,False,,
50483,,3.45861173,Natural,False,,
50586,,5.06754065,Natural,False,,
50696,,3.42900276,Natural,False,,
200992,,4.02796984,Natural,False,,
101533,,3.77522016,Natural,False,,
50847,,3.12749648,Natural,False,,
200871,,4.3558445,Natural,False,,
51661,,3.4942677,Natural,False,,
101492,,3.09703732,Natural,False,,
101422,,3.66530037,Natural,False,,
101241,,3.37935567,Natural,False,,
3866,,3.14652467,Natural,False,,
100949,,3.34216118,Natural,False,,
100192,,3.41763282,Natural,False,,
51900,,3.56852984,Natural,False,,
51613,,3.65177608,Natural,False,,
51716,,3.3164742,Natural,False,,
5092,,4.24665689,Natural,False,,
50984,,2.94145584,Natural,False,,
11052,,3.00045228,Natural,False,,
101657,,2.77660561,Natural,False,,
51605,,3.47075963,Natural,False,,
3593,,4.40750599,Natural,False,,
101388,,3.14065814,Natural,False,,
101689,,3.4232533,Natural,False,,
100466,,4.20437527,Natural,False,,
101420,,3.37376976,Natural,False,,
100087,,3.97313952,Natural,False,,
direct_test.sdf,,2.7443943,Natural,False,,
100919,,4.05126047,Natural,False,,
11571,,3.85314441,Natural,False,,
100591,,3.56830978,Natural,False,,
51955,,2.77933431,Natural,False,,
200818,,3.81781197,Natural,False,,
51525,,5.06188917,Natural,False,,
51222,,4.59232664,Natural,False,,
50443,,3.643121,Natural,False,,
50633,,3.11249924,Natural,False,,
50307,,4.24249458,Natural,False,,
101835,,4.56721449,Natural,False,,
201116,,4.02596617,Natural,False,,
101122,,4.17029381,Natural,False,,
11970,,3.53183055,Natural,False,,
101653,,3.53691483,Natural,False,,
200925,,4.45743418,Natural,False,,
10007,,4.40112305,Natural,False,,
101431,,3.53103757,Natural,False,,
50313,,3.65047574,Natural,False,,
101318,,3.32631516,Natural,False,,
50809,,3.15680814,Natural,False,,
50722,,3.81537986,Natural,False,,
50947,,4.01360989,Natural,False,,
51703,,3.49817967,Natural,False,,
51447,,4.30362082,Natural,False,,
10082,,4.34829903,Natural,False,,
50574,,5.34628153,Natural,False,,
2703,,5.51481104,Natural,False,,
20087,,4.58613348,Natural,False,,
200990,,4.5720191,Natural,False,,
11105,,4.57370663,Natural,False,,
101360,,3.60906601,Natural,False,,
100143,,5.01330948,Natural,False,,
50780,,3.35300064,Natural,False,,
2466,,5.12421656,Natural,False,,
201117,,4.2574358,Natural,False,,
101018,,3.7439692,Natural,False,,
10230,,3.53701138,Natural,False,,
2560,,4.84314871,Natural,False,,
101663,,4.14118433,Natural,False,,
50706,,3.93141866,Natural,False,,
50887,,3.97437406,Natural,False,,
50229,,3.64037538,Natural,False,,
2763,,4.21654367,Natural,False,,
11767,,3.52344441,Natural,False,,
100786,,3.86428833,Natural,False,,
200854,,3.6983521,Natural,False,,
51827,,4.5620904,Natural,False,,
11053,,4.83656836,Natural,False,,
51861,,3.92127681,Natural,False,,
100472,,4.87722349,Natural,False,,
11290,,4.29555655,Natural,False,,
201073,,3.50349808,Natural,False,,
51040,,5.10400772,Natural,False,,
2515,,4.2473712,Natural,False,,
201100,,3.8955729,Natural,False,,
100366,,4.40895081,Natural,False,,
11444,,2.94615936,Natural,False,,
3510,,4.18050575,Natural,False,,
100779,,4.08603001,Natural,False,,
101707,,3.20131016,Natural,False,,
100474,,5.40270185,Natural,False,,
201121,,5.18802977,Natural,False,,
100820,,4.36561632,Natural,False,,
10064,,5.05117607,Natural,False,,
100081,,5.67885828,Natural,False,,
3961,,5.07168913,Natural,False,,
51319,,4.69415998,Natural,False,,
101575,,3.97891927,Natural,False,,
51302,,3.09993958,Natural,False,,
2355,,4.18352652,Natural,False,,
51804,,3.40740013,Natural,False,,
10144,,4.88266945,Natural,False,,
51321,,4.47622871,Natural,False,,
5171,,5.24322653,Natural,False,,
100468,,4.33754921,Natural,False,,
201132,,4.20104361,Natural,False,,
10829,,4.35820866,Natural,False,,
3618,,5.18325806,Natural,False,,
51794,,3.00361156,Natural,False,,
50384,,4.42485809,Natural,False,,
101540,,4.11299324,Natural,False,,
100233,,4.48586607,Natural,False,,
50368,,4.41704369,Natural,False,,
51636,,3.71655107,Natural,False,,
10699,,3.33581233,Natural,False,,
201028,,4.21411753,Natural,False,,
51227,,3.11291957,Natural,False,,
100910,,3.58089471,Natural,False,,
11276,,5.97337675,Natural,False,,
101351,,3.59323406,Natural,False,,
10813,,3.10763168,Natural,False,,
2450,,3.62135696,Natural,False,,
51353,,4.0184741,Natural,False,,
2375,,5.29935026,Natural,False,,
51084,,3.45626259,Natural,False,,
3789,,5.44590044,Natural,False,,
50312,,3.41304493,Natural,False,,
51943,,2.854985,Natural,False,,
10130,,3.72879624,Natural,False,,
50585,,4.04212189,Natural,False,,
50539,,3.17748952,Natural,False,,
200867,,3.4819603,Natural,False,,
101471,,4.20946646,Natural,False,,
11393,,3.8843081,Natural,False,,
101511,,3.87994957,Natural,False,,
201114,,4.07598257,Natural,False,,
10640,,3.46402764,Natural,False,,
50452,,4.11323404,Natural,False,,
51838,,3.88947845,Natural,False,,
11828,,3.18548393,Natural,False,,
50427,,4.25479555,Natural,False,,
101119,,4.04234076,Natural,False,,
10842,,4.63374281,Natural,False,,
11859,,3.70602489,Natural,False,,
10647,,4.13186884,Natural,False,,
51295,,3.17476535,Natural,False,,
51155,,3.93953776,Natural,False,,
11969,,3.75538898,Natural,False,,
11484,,3.39703274,Natural,False,,
50941,,3.71891117,Natural,False,,
50773,,3.13274479,Natural,False,,
100550,,3.92772198,Natural,False,,
101618,,3.43040943,Natural,False,,
10356,,4.23044443,Natural,False,,
50967,,3.92517924,Natural,False,,
50314,,3.52192378,Natural,False,,
3656,,3.7310257,Natural,False,,
11426,,2.98675847,Natural,False,,
50634,,3.31583714,Natural,False,,
51444,,3.4291985,Natural,False,,
51044,,3.81009412,Natural,False,,
11258,,3.91956139,Natural,False,,
11480,,3.55723953,Natural,False,,
10911,,4.46255541,Natural,False,,
100730,,5.07915878,Natural,False,,
5071,,4.34583998,Natural,False,,
50453,,4.20075369,Natural,False,,
50852,,2.91978526,Natural,False,,
10657,,4.62617874,Natural,False,,
100135,,4.93522787,Natural,False,,
3519,,4.40456152,Natural,False,,
11292,,4.26789856,Natural,False,,
101894,,4.52268267,Natural,False,,
3747,,4.51385355,Natural,False,,
11479,,2.78002644,Natural,False,,
101489,,4.46757984,Natural,False,,
51749,,3.34343886,Natural,False,,
51745,,5.11885214,Natural,False,,
101896,,3.29262161,Natural,False,,
2342,,4.75110292,Natural,False,,
101175,,4.12424469,Natural,False,,
2458,,5.52533197,Natural,False,,
101459,,3.19900346,Natural,False,,
10805,,2.82497764,Natural,False,,
100162,,4.49846649,Natural,False,,
51978,,3.33308482,Natural,False,,
100263,,5.02005053,Natural,False,,
50371,,3.97445416,Natural,False,,
50937,,3.81879687,Natural,False,,
50410,,3.55973506,Natural,False,,
50738,,3.01537967,Natural,False,,
51723,,5.30015326,Natural,False,,
10295,,3.56978321,Natural,False,,
51973,,4.27860308,Natural,False,,
10021,,5.19087172,Natural,False,,
5192,,4.01072216,Natural,False,,
51740,,3.8369019,Natural,False,,
10619,,4.50464725,Natural,False,,
50866,,2.85841751,Natural,False,,
100102,,5.69143105,Natural,False,,
50808,,3.29175067,Natural,False,,
100110,,5.86992216,Natural,False,,
11422,,3.15808797,Natural,False,,
101197,,2.93257356,Natural,False,,
200921,,4.29716539,Natural,False,,
101179,,3.29429245,Natural,False,,
51886,,3.50990772,Natural,False,,
100450,,5.89758921,Natural,False,,
5028,,4.92582464,Natural,False,,
51660,,4.45853996,Natural,False,,
10089,,4.61046934,Natural,False,,
2478,,3.41384411,Natural,False,,
101655,,3.09860158,Natural,False,,
51175,,3.69277382,Natural,False,,
11205,,3.23102474,Natural,False,,
100212,,4.40970707,Natural,False,,
51367,,3.39963651,Natural,False,,
11871,,3.3444376,Natural,False,,
101021,,4.51405668,Natural,False,,
11878,,4.22628927,Natural,False,,
50320,,3.26517272,Natural,False,,
3634,,5.63718224,Natural,False,,
11206,,3.46519566,Natural,False,,
11570,,3.06919765,Natural,False,,
100562,,4.29644012,Natural,False,,
101517,,3.72306943,Natural,False,,
2702,,5.20060015,Natural,False,,
200932,,5.15495443,Natural,False,,
101496,,4.07669973,Natural,False,,
100604,,3.73890686,Natural,False,,
10708,,3.49468589,Natural,False,,
51567,,4.41593027,Natural,False,,
51369,,4.17759562,Natural,False,,
51190,,3.42623639,Natural,False,,
50932,,4.62678099,Natural,False,,
11862,,4.84182978,Natural,False,,
2753,,4.99527502,Natural,False,,
50439,,3.89818501,Natural,False,,
50665,,4.03642797,Natural,False,,
11014,,6.15911818,Natural,False,,
51496,,3.87263489,Natural,False,,
5173,,4.74484396,Natural,False,,
51325,,3.37076402,Natural,False,,
101447,,3.5454185,Natural,False,,
51505,,3.90127873,Natural,False,,
101988,,4.92894554,Natural,False,,
51746,,4.55088568,Natural,False,,
5127,,4.03487158,Natural,False,,
11703,,3.3141849,Natural,False,,
11097,,3.95282054,Natural,False,,
101142,,5.86942911,Natural,False,,
100819,,5.66766167,Natural,False,,
51534,,4.52533388,Natural,False,,
3803,,3.89576221,Natural,False,,
101850,,5.79547548,Natural,False,,
201035,,4.05997419,Natural,False,,
100047,,4.13337708,Natural,False,,
51448,,4.64301252,Natural,False,,
100682,,4.02153254,Natural,False,,
101106,,3.99552059,Natural,False,,
51153,,2.90877819,Natural,False,,
101425,,4.05044317,Natural,False,,
10643,,3.7251358,Natural,False,,
11802,,3.48927617,Natural,False,,
11891,,3.60301018,Natural,False,,
200890,,4.01333857,Natural,False,,
51590,,3.90866089,Natural,False,,
100658,,4.68965483,Natural,False,,
5121,,3.24160838,Natural,False,,
51322,,4.76928091,Natural,False,,
11742,,3.50593758,Natural,False,,
101195,,4.60265303,Natural,False,,
101774,,5.40193129,Natural,False,,
50374,,3.40762258,Natural,False,,
201071,,4.16417551,Natural,False,,
11322,,3.26663518,Natural,False,,
100096,,4.21493483,Natural,False,,
50803,,2.87255216,Natural,False,,
2453,,5.17098665,Natural,False,,
51753,,4.37530518,Natural,False,,
101370,,3.51824069,Natural,False,,
100015,,3.56811142,Natural,False,,
201015,,4.19343948,Natural,False,,
101510,,3.44790268,Natural,False,,
51958,,4.22411776,Natural,False,,
100921,,3.64445567,Natural,False,,
11467,,3.90154624,Natural,False,,
50951,,3.29174614,Natural,False,,
100542,,4.18615294,Natural,False,,
11460,,3.02301407,Natural,False,,
10599,,5.15787363,Natural,False,,
11227,,3.54934669,Natural,False,,
101659,,3.6577661,Natural,False,,
100536,,4.20792818,Natural,False,,
100469,,4.54656267,Natural,False,,
50713,,3.59715438,Natural,False,,
10243,,4.65394831,Natural,False,,
11697,,3.16673684,Natural,False,,
101996,,5.50602913,Natural,False,,
51634,,2.73307347,Natural,False,,
5086,,4.17143679,Natural,False,,
100010,,3.86541295,Natural,False,,
101787,,5.82219315,Natural,False,,
10015,,4.75200033,Natural,False,,
201021,,3.76801491,Natural,False,,
10834,,3.04273295,Natural,False,,
100807,,3.51818347,Natural,False,,
51905,,3.10264015,Natural,False,,
10594,,6.08142614,Natural,False,,
100200,,3.37471032,Natural,False,,
51528,,4.58038092,Natural,False,,
50786,,3.33582282,Natural,False,,
246,,6.00225592,Natural,False,,
11107,,3.19290447,Natural,False,,
10257,,3.20066452,Natural,False,,
50855,,3.08358192,Natural,False,,
51834,,4.36242151,Natural,False,,
10671,,2.97108555,Natural,False,,
101134,,3.92841339,Natural,False,,
201128,,4.5431695,Natural,False,,
11915,,3.5060842,Natural,False,,
51539,,4.57195902,Natural,False,,
51064,,3.18929577,Natural,False,,
50742,,3.27553868,Natural,False,,
3862,,3.17731738,Natural,False,,
2541,,5.1095376,Natural,False,,
100019,,3.66461921,Natural,False,,
11277,,3.09855556,Natural,False,,
100980,,4.26602077,Natural,False,,
11934,,3.5029161,Natural,False,,
100103,,5.44821358,Natural,False,,
100751,,4.80483532,Natural,False,,
101576,,3.64456439,Natural,False,,
2550,,3.38198662,Natural,False,,
2544,,4.09955168,Natural,False,,
101385,,3.80035663,Natural,False,,
11296,,4.01483154,Natural,False,,
51220,,3.71127391,Natural,False,,
11817,,3.04989552,Natural,False,,
10731,,3.25608563,Natural,False,,
100837,,5.38548422,Natural,False,,
11797,,3.84583855,Natural,False,,
50704,,3.45812225,Natural,False,,
51159,,4.05816412,Natural,False,,
50352,,3.85152745,Natural,False,,
10740,,4.61429071,Natural,False,,
100318,,3.70620418,Natural,False,,
201024,,5.08265162,Natural,False,,
100238,,4.48468208,Natural,False,,
2564,,3.76342273,Natural,False,,
11092,,3.00821996,Natural,False,,
50717,,3.91047287,Natural,False,,
2445,,4.76481295,Natural,False,,
5070,,3.88246083,Natural,False,,
51665,,3.01694655,Natural,False,,
11459,,3.10899472,Natural,False,,
51726,,4.40839243,Natural,False,,
10583,,4.81331015,Natural,False,,
2464,,6.60823202,Natural,False,,
3796,,6.38167953,Natural,False,,
10128,,4.22073698,Natural,False,,
11390,,3.42716408,Natural,False,,
11580,,3.30706406,Natural,False,,
100051,,4.38061237,Natural,False,,
5225,,4.67651129,Natural,False,,
11450,,4.42442274,Natural,False,,
51339,,4.59856272,Natural,False,,
10260,,2.97023749,Natural,False,,
11284,,4.14090919,Natural,False,,
20099,,6.08460188,Natural,False,,
51242,,4.34907436,Natural,False,,
100999,,3.58513546,Natural,False,,
100067,,4.96117401,Natural,False,,
2435,,5.77854729,Natural,False,,
51920,,4.5566802,Natural,False,,
2379,,4.41257524,Natural,False,,
3616,,3.00544477,Natural,False,,
101344,,3.06055522,Natural,False,,
51267,,4.41394997,Natural,False,,
10815,,2.99964905,Natural,False,,
3703,,4.5634141,Natural,False,,
51850,,3.28225398,Natural,False,,
51079,,3.53730702,Natural,False,,
51057,,3.2354393,Natural,False,,
50445,,3.02226758,Natural,False,,
50933,,3.46783257,Natural,False,,
50485,,3.57873535,Natural,False,,
101890,,3.65491295,Natural,False,,
100835,,5.24668741,Natural,False,,
101513,,3.93950772,Natural,False,,
100424,,5.02954912,Natural,False,,
100928,,3.81468844,Natural,False,,
3651,,4.24671316,Natural,False,,
2750,,5.49870872,Natural,False,,
50447,,3.13155866,Natural,False,,
51587,,4.31699181,Natural,False,,
2585,,5.42974043,Natural,False,,
51216,,3.78745008,Natural,False,,
10613,,3.26549053,Natural,False,,
11451,,3.33379459,Natural,False,,
101329,,4.00598097,Natural,False,,
101065,,5.91618109,Natural,False,,
10730,,3.93815589,Natural,False,,
2382,,4.34498549,Natural,False,,
51815,,2.85917473,Natural,False,,
11861,,4.0558219,Natural,False,,
3509,,4.10296059,Natural,False,,
515,,3.63233256,Natural,False,,
50882,,3.60595822,Natural,False,,
101583,,4.48917389,Natural,False,,
51056,,3.22680783,Natural,False,,
200946,,4.17926931,Natural,False,,
10334,,4.35521364,Natural,False,,
11837,,2.85873294,Natural,False,,
3622,,4.70800161,Natural,False,,
11780,,3.07823491,Natural,False,,
50309,,4.28285599,Natural,False,,
2468,,3.38235855,Natural,False,,
101506,,5.2646904,Natural,False,,
51855,,3.5867455,Natural,False,,
101889,,3.11191106,Natural,False,,
50603,,4.55013323,Natural,False,,
100597,,3.85291481,Natural,False,,
10258,,3.09811306,Natural,False,,
51296,,3.43831444,Natural,False,,
200933,,4.023211,Natural,False,,
3714,,5.32266092,Natural,False,,
100621,,4.56482172,Natural,False,,
3932,,6.48609924,Natural,False,,
50489,,3.96372294,Natural,False,,
10377,,3.00999546,Natural,False,,
5072,,3.68898082,Natural,False,,
10161,,5.37467194,Natural,False,,
50868,,3.37469935,Natural,False,,
50739,,3.15943933,Natural,False,,
2705,,6.67316389,Natural,False,,
100222,,3.58092523,Natural,False,,
3708,,4.92425537,Natural,False,,
101698,,3.98333168,Natural,False,,
50978,,2.85766506,Natural,False,,
10464,,3.87929893,Natural,False,,
2487,,5.41055822,Natural,False,,
50426,,3.99469638,Natural,False,,
50496,,4.61646605,Natural,False,,
200868,,4.43329144,Natural,False,,
101234,,3.62405992,Natural,False,,
51563,,4.24054909,Natural,False,,
200805,,3.83849144,Natural,False,,
201006,,4.90616941,Natural,False,,
101235,,2.69552231,Natural,False,,
101860,,5.14936161,Natural,False,,
11079,,4.31233788,Natural,False,,
3826,,4.47462845,Natural,False,,
100727,,3.54076672,Natural,False,,
100783,,4.87232161,Natural,False,,
101352,,3.66891766,Natural,False,,
20095,,3.80663013,Natural,False,,
101162,,3.36682796,Natural,False,,
51748,,4.18679094,Natural,False,,
11140,,3.50287056,Natural,False,,
2769,,5.22507858,Natural,False,,
11212,,3.42064285,Natural,False,,
200807,,4.1484971,Natural,False,,
10059,,6.30542803,Natural,False,,
11847,,3.9530232,Natural,False,,
100605,,4.80972672,Natural,False,,
10198,,2.67615914,Natural,False,,
51857,,3.0094223,Natural,False,,
11334,,3.75417209,Natural,False,,
51011,,3.18414617,Natural,False,,
51603,,3.9335022,Natural,False,,
51859,,3.3628931,Natural,False,,
100584,,3.44735694,Natural,False,,
11962,,3.93792057,Natural,False,,
50527,,5.26197767,Natural,False,,
10395,,4.98172569,Natural,False,,
200922,,3.44578433,Natural,False,,
101745,,3.4935112,Natural,False,,
50232,,3.6889534,Natural,False,,
11695,,3.28477693,Natural,False,,
101276,,3.75178599,Natural,False,,
200898,,4.69732237,Natural,False,,
100429,,3.6203568,Natural,False,,
11709,,3.99954605,Natural,False,,
10078,,4.48122835,Natural,False,,
10624,,3.2645874,Natural,False,,
101460,,3.62680912,Natural,False,,
101295,,4.80892801,Natural,False,,
200920,,3.65655065,Natural,False,,
11346,,3.55873799,Natural,False,,
51594,,3.81674767,Natural,False,,
5063,,3.93877602,Natural,False,,
50724,,3.13579106,Natural,False,,
51581,,4.13171768,Natural,False,,
10674,,4.06787062,Natural,False,,
10189,,3.06543827,Natural,False,,
3818,,4.89004183,Natural,False,,
51406,,3.69997597,Natural,False,,
11806,,3.7284615,Natural,False,,
100612,,3.48981404,Natural,False,,
2368,,4.36997557,Natural,False,,
3677,,4.57807302,Natural,False,,
50988,,3.30785155,Natural,False,,
50777,,3.26112628,Natural,False,,
50353,,3.65436172,Natural,False,,
100920,,3.57229686,Natural,False,,
200831,,4.0049572,Natural,False,,
51569,,3.3086822,Natural,False,,
50900,,4.04715109,Natural,False,,
51673,,3.54169178,Natural,False,,
101027,,3.94965172,Natural,False,,
11456,,4.00979757,Natural,False,,
51614,,3.53632832,Natural,False,,
11712,,3.14407659,Natural,False,,
10002,,3.20250249,Natural,False,,
51843,,3.02403831,Natural,False,,
11846,,3.30100703,Natural,False,,
2747,,4.89445734,Natural,False,,
11841,,2.90683579,Natural,False,,
5111,,4.62319803,Natural,False,,
51752,,3.99425769,Natural,False,,
100020,,5.15498543,Natural,False,,
50974,,3.15017891,Natural,False,,
101079,,3.97610164,Natural,False,,
100487,,3.69162869,Natural,False,,
11253,,3.49020004,Natural,False,,
50630,,3.02385998,Natural,False,,
11851,,2.88937402,Natural,False,,
51098,,5.14117098,Natural,False,,
50930,,4.34817839,Natural,False,,
3562,,3.07274699,Natural,False,,
2536,,4.64232016,Natural,False,,
50515,,3.75619197,Natural,False,,
11356,,3.36146855,Natural,False,,
51417,,5.95788956,Natural,False,,
3652,,5.09760332,Natural,False,,
5097,,4.35999107,Natural,False,,
100746,,4.45743132,Natural,False,,
101585,,3.41407585,Natural,False,,
10685,,2.88288498,Natural,False,,
100614,,3.3001864,Natural,False,,
100115,,4.06309557,Natural,False,,
51910,,3.52202702,Natural,False,,
51088,,2.86260295,Natural,False,,
50775,,3.2453301,Natural,False,,
11427,,3.56502843,Natural,False,,
51055,,3.20130515,Natural,False,,
50638,,3.32773018,Natural,False,,
50369,,4.75207376,Natural,False,,
100750,,4.56851006,Natural,False,,
101036,,4.48225737,Natural,False,,
10634,,5.9746747,Natural,False,,
10197,,3.99773812,Natural,False,,
5087,,4.14545393,Natural,False,,
50750,,3.61074328,Natural,False,,
101421,,4.57910395,Natural,False,,
101254,,3.60089421,Natural,False,,
100808,,4.84957361,Natural,False,,
50568,,4.47875786,Natural,False,,
100144,,5.79105902,Natural,False,,
51876,,4.06223869,Natural,False,,
50848,,3.32110286,Natural,False,,
100776,,3.90394998,Natural,False,,
51679,,3.38729453,Natural,False,,
50871,,3.02428055,Natural,False,,
101118,,2.73553967,Natural,False,,
100319,,4.61117744,Natural,False,,
100657,,2.97662926,Natural,False,,
101782,,2.84818578,Natural,False,,
2438,,3.92438626,Natural,False,,
51842,,3.23855495,Natural,False,,
3877,,3.4497292,Natural,False,,
10378,,2.957201,Natural,False,,
51163,,3.64443207,Natural,False,,
51734,,4.97335577,Natural,False,,
201004,,3.16408801,Natural,False,,
11389,,3.05865955,Natural,False,,
2517,,5.47426796,Natural,False,,
50702,,3.30275607,Natural,False,,
101068,,3.30202556,Natural,False,,
11691,,4.29215813,Natural,False,,
100394,,3.69731903,Natural,False,,
100677,,4.61406183,Natural,False,,
101330,,4.71046114,Natural,False,,
100489,,5.04702377,Natural,False,,
50398,,4.05907631,Natural,False,,
3505,,5.52496099,Natural,False,,
3693,,5.41941309,Natural,False,,
5109,,4.42660332,Natural,False,,
11993,,3.82625985,Natural,False,,
10838,,4.40325975,Natural,False,,
3546,,4.02103043,Natural,False,,
11842,,4.1158452,Natural,False,,
51094,,4.72992849,Natural,False,,
100957,,5.15613222,Natural,False,,
10859,,4.39590788,Natural,False,,
51215,,4.78852654,Natural,False,,
51668,,3.23350906,Natural,False,,
2755,,3.24079013,Natural,False,,
3534,,5.51378202,Natural,False,,
201060,,4.71159363,Natural,False,,
51604,,4.01773214,Natural,False,,
10742,,2.88845038,Natural,False,,
101819,,5.1394887,Natural,False,,
11690,,3.93352628,Natural,False,,
101414,,3.19107342,Natural,False,,
2491,,5.64354658,Natural,False,,
100109,,5.61204338,Natural,False,,
5189,,4.31318474,Natural,False,,
3545,,4.26519203,Natural,False,,
51931,,3.71585393,Natural,False,,
50736,,3.07109571,Natural,False,,
100756,,4.93046236,Natural,False,,
51786,,5.71218109,Natural,False,,
200977,,4.39485312,Natural,False,,
100703,,4.73557711,Natural,False,,
51480,,4.89242697,Natural,False,,
50308,,4.40416908,Natural,False,,
50474,,5.79573441,Natural,False,,
51904,,4.15239191,Natural,False,,
51433,,3.91581345,Natural,False,,
200928,,4.32701874,Natural,False,,
10447,,4.50502014,Natural,False,,
3759,,4.56891203,Natural,False,,
10778,,3.46807647,Natural,False,,
101023,,4.30061293,Natural,False,,
200842,,4.44824457,Natural,False,,
101229,,3.81197906,Natural,False,,
50861,,3.60871005,Natural,False,,
200929,,4.62601709,Natural,False,,
10072,,4.98272943,Natural,False,,
51169,,3.69461465,Natural,False,,
10217,,4.24219179,Natural,False,,
2374,,4.44736433,Natural,False,,
11849,,3.3817482,Natural,False,,
3811,,4.82881403,Natural,False,,
51461,,3.57798934,Natural,False,,
100619,,3.66107678,Natural,False,,
5221,,5.96346426,Natural,False,,
20109,,4.76202631,Natural,False,,
100495,,3.59781647,Natural,False,,
200923,,3.50831866,Natural,False,,
11221,,4.58181715,Natural,False,,
11940,,3.51923108,Natural,False,,
50787,,3.72319818,Natural,False,,
100749,,4.84550333,Natural,False,,
201133,,5.09526062,Natural,False,,
50373,,4.04014635,Natural,False,,
101503,,3.05588794,Natural,False,,
385,,4.52958918,Natural,False,,
51170,,3.9887836,Natural,False,,
3954,,5.27695417,Natural,False,,
3915,,6.3975997,Natural,False,,
50256,,4.72299623,Natural,False,,
51009,,2.9302187,Natural,False,,
11328,,4.73413992,Natural,False,,
51835,,3.26904964,Natural,False,,
50753,,3.35637283,Natural,False,,
5186,,5.03027964,Natural,False,,
11268,,4.13970041,Natural,False,,
50216,,4.44886732,Natural,False,,
101452,,3.50863385,Natural,False,,
101644,,2.90478706,Natural,False,,
101037,,4.53806591,Natural,False,,
50490,,5.04574919,Natural,False,,
3938,,4.45177078,Natural,False,,
50299,,5.2062459,Natural,False,,
10162,,4.02977991,Natural,False,,
51885,,2.99311328,Natural,False,,
3744,,4.07414389,Natural,False,,
100717,,4.00440359,Natural,False,,
50752,,3.40235448,Natural,False,,
51300,,3.07446218,Natural,False,,
10187,,3.20003676,Natural,False,,
10242,,3.31655717,Natural,False,,
10051,,6.02643585,Natural,False,,
11188,,4.16493416,Natural,False,,
50399,,4.00087261,Natural,False,,
200789,,4.60190153,Natural,False,,
101362,,3.1362524,Natural,False,,
100748,,3.65370727,Natural,False,,
11803,,3.82063985,Natural,False,,
200894,,3.60876536,Natural,False,,
51139,,4.00930023,Natural,False,,
101892,,4.46658325,Natural,False,,
51622,,4.15932322,Natural,False,,
10550,,3.74467492,Natural,False,,
11917,,3.19091344,Natural,False,,
51360,,3.74040031,Natural,False,,
50420,,3.17158699,Natural,False,,
11923,,4.00194502,Natural,False,,
201092,,3.92650199,Natural,False,,
51337,,4.31880522,Natural,False,,
10718,,3.32161641,Natural,False,,
51203,,4.24723673,Natural,False,,
51183,,4.95272017,Natural,False,,
10273,,2.87831807,Natural,False,,
11783,,2.91919136,Natural,False,,
101975,,3.38694263,Natural,False,,
50725,,3.61363292,Natural,False,,
101986,,4.459373,Natural,False,,
51099,,4.61254644,Natural,False,,
51006,,2.99076462,Natural,False,,
3822,,5.62029982,Natural,False,,
100772,,4.89620638,Natural,False,,
3928,,4.62454987,Natural,False,,
100190,,3.44215131,Natural,False,,
51240,,5.60988045,Natural,False,,
51562,,4.13437891,Natural,False,,
200945,,3.89093018,Natural,False,,
101161,,4.15558577,Natural,False,,
100277,,4.3490715,Natural,False,,
355,,3.78839493,Natural,False,,
10693,,4.02023745,Natural,False,,
101482,,3.1574192,Natural,False,,
50383,,4.80292654,Natural,False,,
50799,,3.66404533,Natural,False,,
100286,,4.39189625,Natural,False,,
51344,,4.31605959,Natural,False,,
11361,,4.53572416,Natural,False,,
200841,,4.61890745,Natural,False,,
11326,,4.72928286,Natural,False,,
50694,,3.22693419,Natural,False,,
50737,,3.10921025,Natural,False,,
10318,,3.89331985,Natural,False,,
50199,,3.04205704,Natural,False,,
2407,,6.06735849,Natural,False,,
100943,,4.99683714,Natural,False,,
11662,,4.57989264,Natural,False,,
10825,,4.36188221,Natural,False,,
51294,,3.23519444,Natural,False,,
50850,,4.44901514,Natural,False,,
10287,,3.42940593,Natural,False,,
51967,,3.40343475,Natural,False,,
11744,,3.63196301,Natural,False,,
100831,,5.67829895,Natural,False,,
10530,,4.49152946,Natural,False,,
100729,,4.27644777,Natural,False,,
101228,,4.11612558,Natural,False,,
11457,,3.58760524,Natural,False,,
51005,,3.75361252,Natural,False,,
51597,,3.80927467,Natural,False,,
11830,,3.49366093,Natural,False,,
10252,,3.06834722,Natural,False,,
101696,,4.69236326,Natural,False,,
101687,,4.78065348,Natural,False,,
51866,,3.73285675,Natural,False,,
100514,,4.31018829,Natural,False,,
11776,,3.68219113,Natural,False,,
100554,,4.10772562,Natural,False,,
3746,,5.02710915,Natural,False,,
51895,,3.21068001,Natural,False,,
2692,,5.11503601,Natural,False,,
100560,,3.05477262,Natural,False,,
51609,,3.19643521,Natural,False,,
200844,,3.24754214,Natural,False,,
51724,,6.29585457,Natural,False,,
200875,,4.93338919,Natural,False,,
101472,,3.78471541,Natural,False,,
100124,,4.1217885,Natural,False,,
200808,,4.25585556,Natural,False,,
51014,,3.93680978,Natural,False,,
201016,,4.56694078,Natural,False,,
101265,,3.03175926,Natural,False,,
100704,,4.30321074,Natural,False,,
5037,,3.34653783,Natural,False,,
10894,,3.80236793,Natural,False,,
51002,,3.13814163,Natural,False,,
101531,,4.83281851,Natural,False,,
101929,,3.63820267,Natural,False,,
100713,,4.12654352,Natural,False,,
51707,,4.38670778,Natural,False,,
10735,,2.89820409,Natural,False,,
51908,,3.17377853,Natural,False,,
100603,,4.62920189,Natural,False,,
51556,,5.02245665,Natural,False,,
200912,,4.30714273,Natural,False,,
100441,,3.9740715,Natural,False,,
100791,,5.03559875,Natural,False,,
5077,,2.9245708,Natural,False,,
100573,,3.85455704,Natural,False,,
101464,,3.80317807,Natural,False,,
101380,,3.70248294,Natural,False,,
100105,,6.28781652,Natural,False,,
50726,,3.24445844,Natural,False,,
100142,,5.60109186,Natural,False,,
10220,,4.68201065,Natural,False,,
50422,,3.5322578,Natural,False,,
11327,,4.79653883,Natural,False,,
10880,,3.00343537,Natural,False,,
11084,,3.55944514,Natural,False,,
100139,,3.22335434,Natural,False,,
5168,,3.93476033,Natural,False,,
51247,,4.58498335,Natural,False,,
10159,,5.13642359,Natural,False,,
11799,,3.89504933,Natural,False,,
51894,,4.14974928,Natural,False,,
50979,,4.36225748,Natural,False,,
51205,,4.47164965,Natural,False,,
100796,,4.75382614,Natural,False,,
100374,,4.67480659,Natural,False,,
10538,,3.5377214,Natural,False,,
3611,,4.26655436,Natural,False,,
100106,,4.37458181,Natural,False,,
51599,,3.74976826,Natural,False,,
3825,,5.71773148,Natural,False,,
11838,,3.00481009,Natural,False,,
50413,,3.41297507,Natural,False,,
100503,,3.79824567,Natural,False,,
100334,,4.59778833,Natural,False,,
11839,,4.07100153,Natural,False,,
50569,,4.63790178,Natural,False,,
11879,,4.29390907,Natural,False,,
50688,,3.47779298,Natural,False,,
101554,,2.8590858,Natural,False,,
50198,,3.64093137,Natural,False,,
3661,,4.28653383,Natural,False,,
101206,,3.351511,Natural,False,,
200873,,3.19674611,Natural,False,,
51521,,4.69348192,Natural,False,,
51217,,4.22455549,Natural,False,,
11307,,4.95165443,Natural,False,,
51682,,4.45803165,Natural,False,,
201074,,4.66764498,Natural,False,,
51664,,3.7214613,Natural,False,,
50884,,4.01146746,Natural,False,,
11155,,3.37084556,Natural,False,,
11857,,4.06191254,Natural,False,,
50697,,3.19902611,Natural,False,,
5174,,4.46717119,Natural,False,,
3566,,3.91953969,Natural,False,,
100244,,3.64912796,Natural,False,,
11281,,4.73636484,Natural,False,,
101019,,3.78436732,Natural,False,,
50319,,3.25855374,Natural,False,,
2477,,4.53364515,Natural,False,,
101647,,3.42840123,Natural,False,,
50564,,4.19773197,Natural,False,,
101560,,3.43700027,Natural,False,,
50890,,3.07690883,Natural,False,,
51979,,3.53780007,Natural,False,,
50790,,3.47800946,Natural,False,,
10732,,3.66128707,Natural,False,,
10173,,3.68290639,Natural,False,,
11801,,3.55291486,Natural,False,,
10049,,4.33443213,Natural,False,,
50798,,3.58991432,Natural,False,,
201045,,4.16992712,Natural,False,,
101046,,3.51552129,Natural,False,,
50578,,3.58476543,Natural,False,,
11299,,5.5310607,Natural,False,,
10658,,4.03869677,Natural,False,,
51475,,3.59004474,Natural,False,,
50779,,3.13460732,Natural,False,,
50814,,3.38689995,Natural,False,,
11995,,3.41611481,Natural,False,,
11154,,3.45589566,Natural,False,,
5227,,3.00692964,Natural,False,,
100518,,5.75062227,Natural,False,,
51618,,2.84084511,Natural,False,,
50458,,4.2566185,Natural,False,,
11679,,3.16360974,Natural,False,,
200816,,4.87320757,Natural,False,,
5143,,3.4288342,Natural,False,,
100270,,3.46794534,Natural,False,,
51387,,5.10874319,Natural,False,,
50874,,4.14076662,Natural,False,,
5056,,4.35619307,Natural,False,,
101275,,3.44770885,Natural,False,,
11347,,3.2084446,Natural,False,,
101217,,3.36651111,Natural,False,,
100728,,3.83177018,Natural,False,,
10832,,3.86982799,Natural,False,,
200870,,4.48443222,Natural,False,,
11119,,3.66770864,Natural,False,,
10083,,4.25973272,Natural,False,,
100338,,4.22254038,Natural,False,,
10680,,3.96453571,Natural,False,,
10385,,3.19371867,Natural,False,,
50220,,3.82631993,Natural,False,,
51510,,4.27863693,Natural,False,,
50916,,4.39679098,Natural,False,,
11461,,3.10338879,Natural,False,,
3859,,3.82957268,Natural,False,,
20108,,3.98322701,Natural,False,,
101154,,4.32062674,Natural,False,,
101297,,3.87089849,Natural,False,,
10890,,4.29861641,Natural,False,,
51583,,4.10198259,Natural,False,,
101928,,5.56187201,Natural,False,,
50565,,4.67188501,Natural,False,,
100063,,3.54532504,Natural,False,,
11285,,3.74436402,Natural,False,,
3843,,5.90584517,Natural,False,,
100140,,5.29137802,Natural,False,,
3812,,4.87490892,Natural,False,,
101291,,3.79678226,Natural,False,,
11514,,4.58860636,Natural,False,,
100293,,5.15656471,Natural,False,,
11563,,3.75116134,Natural,False,,
10811,,4.34277868,Natural,False,,
3830,,4.3480196,Natural,False,,
101378,,3.82374644,Natural,False,,
3623,,4.0751853,Natural,False,,
50358,,3.81149197,Natural,False,,
3758,,4.1744175,Natural,False,,
11813,,4.03789473,Natural,False,,
101567,,3.9651978,Natural,False,,
51595,,4.01535988,Natural,False,,
50800,,3.57376957,Natural,False,,
10346,,4.12706423,Natural,False,,
3533,,3.46071243,Natural,False,,
101665,,3.08311152,Natural,False,,
100906,,4.83662462,Natural,False,,
10726,,4.0986371,Natural,False,,
11440,,3.46694946,Natural,False,,
11038,,4.02930975,Natural,False,,
100639,,5.80666113,Natural,False,,
101620,,3.7399776,Natural,False,,
2426,,5.39108276,Natural,False,,
100327,,3.64698243,Natural,False,,
100170,,4.80844641,Natural,False,,
5038,,4.4648428,Natural,False,,
11305,,2.74563789,Natural,False,,
51771,,2.88591957,Natural,False,,
5193,,4.33542109,Natural,False,,
51182,,4.44649553,Natural,False,,
50772,,3.15122914,Natural,False,,
51293,,3.13021255,Natural,False,,
101240,,3.31489277,Natural,False,,
50851,,3.75195193,Natural,False,,
11027,,4.0629673,Natural,False,,
100465,,5.30714083,Natural,False,,
50350,,3.13011742,Natural,False,,
101145,,4.28249407,Natural,False,,
50621,,4.2205739,Natural,False,,
10755,,2.9538691,Natural,False,,
100511,,4.50312233,Natural,False,,
50879,,4.277843,Natural,False,,
100448,,4.96696234,Natural,False,,
101373,,2.85115528,Natural,False,,
101364,,3.90620232,Natural,False,,
100157,,4.60191536,Natural,False,,
50791,,3.33110738,Natural,False,,
2606,,4.04403877,Natural,False,,
50715,,3.54969716,Natural,False,,
200804,,4.58022499,Natural,False,,
100493,,4.42796183,Natural,False,,
101010,,3.02129865,Natural,False,,
51903,,3.07997298,Natural,False,,
3881,,4.70633745,Natural,False,,
100059,,6.51528549,Natural,False,,
51289,,4.69813776,Natural,False,,
50781,,3.36912632,Natural,False,,
100294,,5.88890457,Natural,False,,
10297,,2.91461658,Natural,False,,
101936,,5.33654976,Natural,False,,
51118,,3.41538715,Natural,False,,
51896,,3.32107091,Natural,False,,
100116,,4.01387358,Natural,False,,
10725,,3.6216743,Natural,False,,
101681,,3.32843399,Natural,False,,
101680,,4.05660057,Natural,False,,
11403,,3.34295774,Natural,False,,
11924,,3.68986511,Natural,False,,
11109,,3.07051563,Natural,False,,
100792,,4.54585648,Natural,False,,
10032,,4.23397827,Natural,False,,
101610,,3.72655988,Natural,False,,
100155,,4.4119091,Natural,False,,
100288,,4.37622404,Natural,False,,
51911,,3.34680009,Natural,False,,
101778,,3.27749062,Natural,False,,
3809,,3.81029058,Natural,False,,
51499,,4.72021055,Natural,False,,
101724,,4.2586751,Natural,False,,
2519,,3.71938014,Natural,False,,
50618,,4.01112318,Natural,False,,
51515,,3.14324069,Natural,False,,
20097,,4.05249834,Natural,False,,
100375,,5.46489096,Natural,False,,
11855,,3.75828528,Natural,False,,
50386,,3.54521942,Natural,False,,
10390,,3.49932098,Natural,False,,
51504,,4.16523361,Natural,False,,
10975,,3.66398907,Natural,False,,
50767,,4.00357199,Natural,False,,
51359,,4.04183674,Natural,False,,
51469,,4.18747282,Natural,False,,
101163,,4.55121756,Natural,False,,
50826,,3.89672971,Natural,False,,
51777,,3.68644404,Natural,False,,
3905,,3.44495583,Natural,False,,
100001,,4.36487246,Natural,False,,
51589,,4.56906891,Natural,False,,
11116,,3.03839946,Natural,False,,
10053,,6.34119177,Natural,False,,
100456,,3.73975754,Natural,False,,
3869,,4.16036654,Natural,False,,
11400,,3.01159644,Natural,False,,
51017,,4.42051125,Natural,False,,
51551,,4.71285772,Natural,False,,
101795,,3.76915431,Natural,False,,
10539,,4.11163378,Natural,False,,
10249,,2.7928946,Natural,False,,
101158,,3.9302361,Natural,False,,
100328,,4.31257582,Natural,False,,
2757,,4.42503738,Natural,False,,
50255,,3.16484261,Natural,False,,
2009,,3.503371,Natural,False,,
11562,,3.31073666,Natural,False,,
10623,,3.03537488,Natural,False,,
10347,,3.05741143,Natural,False,,
2353,,4.67679882,Natural,False,,
200876,,3.69287109,Natural,False,,
10865,,3.58813405,Natural,False,,
10606,,4.44984818,Natural,False,,
101091,,4.29382467,Natural,False,,
50701,,3.06298637,Natural,False,,
50903,,4.42590904,Natural,False,,
11385,,3.19876075,Natural,False,,
2516,,6.30056572,Natural,False,,
101365,,3.19047475,Natural,False,,
100626,,6.17116404,Natural,False,,
357,,3.76771617,Natural,False,,
101289,,3.87567067,Natural,False,,
11017,,3.68780422,Natural,False,,
101449,,3.05229688,Natural,False,,
100029,,5.21267509,Natural,False,,
50378,,3.36350513,Natural,False,,
101303,,3.34167933,Natural,False,,
100654,,4.04243612,Natural,False,,
2727,,4.75169945,Natural,False,,
50870,,3.51636958,Natural,False,,
100358,,5.32408094,Natural,False,,
100827,,3.81363845,Natural,False,,
100099,,4.04347515,Natural,False,,
101817,,5.35479879,Natural,False,,
3828,,3.70863271,Natural,False,,
11096,,3.75001216,Natural,False,,
100524,,3.77324295,Natural,False,,
51234,,5.58545303,Natural,False,,
2479,,4.45060492,Natural,False,,
51832,,4.48978662,Natural,False,,
100381,,3.97035599,Natural,False,,
51062,,3.5729301,Natural,False,,
101693,,3.48952842,Natural,False,,
50641,,4.14779329,Natural,False,,
101094,,4.4022007,Natural,False,,
10753,,3.54564881,Natural,False,,
50579,,3.86413646,Natural,False,,
100723,,2.97245026,Natural,False,,
51193,,2.82806277,Natural,False,,
101530,,6.113832,Natural,False,,
101246,,4.83427525,Natural,False,,
2577,,4.02911758,Natural,False,,
11169,,4.05553961,Natural,False,,
10062,,6.57420015,Natural,False,,
5172,,4.84087181,Natural,False,,
11884,,3.46495938,Natural,False,,
101911,,2.82401347,Natural,False,,
51725,,3.84403491,Natural,False,,
3728,,5.7201829,Natural,False,,
50842,,4.19086027,Natural,False,,
50824,,3.63862681,Natural,False,,
10781,,3.87960815,Natural,False,,
11345,,3.43805814,Natural,False,,
11790,,3.9794426,Natural,False,,
10235,,3.48232841,Natural,False,,
51097,,5.14114809,Natural,False,,
11350,,4.93922758,Natural,False,,
101159,,4.38759613,Natural,False,,
50619,,4.39983511,Natural,False,,
201027,,2.83490491,Natural,False,,
10106,,4.49107742,Natural,False,,
11099,,2.9093802,Natural,False,,
2418,,5.64603949,Natural,False,,
100272,,4.6686554,Natural,False,,
50287,,4.39247894,Natural,False,,
3754,,4.84826708,Natural,False,,
51773,,3.09906697,Natural,False,,
100688,,5.05770874,Natural,False,,
11943,,3.27758884,Natural,False,,
200947,,5.19662476,Natural,False,,
11063,,3.83904195,Natural,False,,
50409,,4.07253647,Natural,False,,
51243,,5.21082449,Natural,False,,
51058,,3.10497546,Natural,False,,
3672,,4.68946505,Natural,False,,
101230,,4.19656563,Natural,False,,
51059,,3.52637959,Natural,False,,
101009,,4.43081045,Natural,False,,
11055,,4.46203899,Natural,False,,
11948,,3.82463646,Natural,False,,
51611,,3.77918315,Natural,False,,
3595,,5.3614831,Natural,False,,
101315,,4.10398483,Natural,False,,
51356,,3.09702373,Natural,False,,
3775,,4.7936821,Natural,False,,
100937,,4.9760437,Natural,False,,
100996,,3.06785893,Natural,False,,
101754,,4.75208282,Natural,False,,
50945,,3.73807025,Natural,False,,
10633,,5.61400795,Natural,False,,
50785,,3.34277225,Natural,False,,
50849,,4.09883642,Natural,False,,
10445,,3.16358066,Natural,False,,
10819,,4.46592283,Natural,False,,
200852,,4.37530518,Natural,False,,
51768,,3.87106133,Natural,False,,
51676,,3.57349515,Natural,False,,
51550,,4.04336977,Natural,False,,
100600,,4.06356668,Natural,False,,
100539,,5.39456511,Natural,False,,
5032,,2.69039059,Natural,False,,
50939,,2.98435974,Natural,False,,
100005,,3.82512975,Natural,False,,
100091,,5.40235329,Natural,False,,
10299,,2.70493865,Natural,False,,
100742,,5.60407257,Natural,False,,
101232,,3.77026677,Natural,False,,
50547,,3.90992999,Natural,False,,
50571,,4.74601316,Natural,False,,
11782,,4.40639639,Natural,False,,
51608,,3.2690804,Natural,False,,
101222,,3.02147603,Natural,False,,
51035,,3.59188437,Natural,False,,
50379,,3.75094533,Natural,False,,
50310,,3.94430041,Natural,False,,
200955,,4.05689907,Natural,False,,
101507,,2.96797466,Natural,False,,
50674,,3.99794602,Natural,False,,
51585,,4.04920912,Natural,False,,
11406,,3.72866511,Natural,False,,
50572,,4.31846809,Natural,False,,
2581,,4.54374552,Natural,False,,
200872,,4.27485466,Natural,False,,
51607,,4.78238916,Natural,False,,
100079,,4.89667559,Natural,False,,
51286,,4.62002039,Natural,False,,
2730,,4.91789246,Natural,False,,
10913,,4.34785032,Natural,False,,
101212,,3.13910007,Natural,False,,
11936,,3.54175544,Natural,False,,
51474,,3.83057666,Natural,False,,
200995,,4.77058029,Natural,False,,
101532,,2.68869591,Natural,False,,
10404,,3.43189049,Natural,False,,
51778,,3.49664426,Natural,False,,
5060,,3.91996264,Natural,False,,
10604,,6.17072535,Natural,False,,
11353,,3.4292469,Natural,False,,
2444,,3.92671204,Natural,False,,
101204,,3.1528976,Natural,False,,
5025,,3.40991855,Natural,False,,
51917,,3.50731063,Natural,False,,
10770,,3.37517738,Natural,False,,
201119,,4.54528761,Natural,False,,
50608,,3.86658096,Natural,False,,
10772,,3.16978717,Natural,False,,
50620,,4.45762062,Natural,False,,
50231,,3.01539111,Natural,False,,
51108,,3.47103906,Natural,False,,
2420,,3.83410954,Natural,False,,
100709,,5.68080091,Natural,False,,
2662,,6.36811304,Natural,False,,
100237,,3.65750003,Natural,False,,
2340,,4.22258234,Natural,False,,
100179,,5.01254988,Natural,False,,
100593,,3.89040685,Natural,False,,
11935,,3.98169875,Natural,False,,
10585,,3.7273376,Natural,False,,
50467,,3.82182121,Natural,False,,
101133,,3.84733081,Natural,False,,
10853,,3.07187676,Natural,False,,
10344,,3.32839298,Natural,False,,
3942,,4.09426832,Natural,False,,
10990,,3.75064683,Natural,False,,
11466,,3.41473198,Natural,False,,
50605,,4.85138226,Natural,False,,
100974,,3.86579776,Natural,False,,
50938,,4.1703968,Natural,False,,
11495,,3.10180354,Natural,False,,
51248,,4.76458788,Natural,False,,
100882,,4.79956818,Natural,False,,
51523,,4.11454391,Natural,False,,
10630,,3.26667666,Natural,False,,
51862,,4.06011629,Natural,False,,
2349,,4.89183235,Natural,False,,
100054,,4.23706579,Natural,False,,
51889,,3.14382625,Natural,False,,
100008,,4.80746698,Natural,False,,
51942,,3.03677011,Natural,False,,
101097,,4.4523468,Natural,False,,
51841,,3.32925534,Natural,False,,
51764,,3.61260033,Natural,False,,
11964,,3.03206182,Natural,False,,
100240,,3.15398908,Natural,False,,
11897,,4.87983084,Natural,False,,
101573,,3.64250684,Natural,False,,
10936,,3.43962026,Natural,False,,
50986,,3.19846153,Natural,False,,
100710,,4.4488883,Natural,False,,
10669,,4.22049284,Natural,False,,
10777,,2.91002154,Natural,False,,
50233,,4.57031965,Natural,False,,
50805,,2.98780632,Natural,False,,
200840,,4.77661085,Natural,False,,
201094,,4.61226702,Natural,False,,
201082,,5.05114746,Natural,False,,
100295,,4.6691556,Natural,False,,
11890,,4.01415157,Natural,False,,
100108,,4.72905397,Natural,False,,
50929,,4.86687994,Natural,False,,
50905,,4.66090775,Natural,False,,
11386,,3.34065175,Natural,False,,
10290,,4.68519831,Natural,False,,
51561,,4.74192476,Natural,False,,
51269,,4.64793539,Natural,False,,
2718,,3.66660523,Natural,False,,
50816,,3.1769495,Natural,False,,
2471,,5.35895348,Natural,False,,
3778,,4.38372087,Natural,False,,
200978,,4.29448271,Natural,False,,
2743,,4.75976324,Natural,False,,
101283,,3.19062233,Natural,False,,
3536,,6.39031744,Natural,False,,
51789,,5.19792366,Natural,False,,
50284,,4.43546104,Natural,False,,
11343,,3.29199576,Natural,False,,
101313,,4.44741583,Natural,False,,
50268,,4.06246424,Natural,False,,
200850,,4.12606001,Natural,False,,
10194,,3.4959166,Natural,False,,
101382,,3.30625987,Natural,False,,
10616,,3.83395863,Natural,False,,
50448,,3.42862725,Natural,False,,
10591,,6.02562857,Natural,False,,
100043,,3.54947639,Natural,False,,
11858,,3.13303185,Natural,False,,
10101,,4.5428977,Natural,False,,
11308,,3.07668614,Natural,False,,
11358,,3.6882751,Natural,False,,
50457,,3.47453904,Natural,False,,
100811,,3.98908162,Natural,False,,
3671,,4.92305613,Natural,False,,
11835,,4.38235283,Natural,False,,
51706,,3.89745641,Natural,False,,
51236,,5.91197824,Natural,False,,
11899,,3.56772399,Natural,False,,
51677,,3.84061837,Natural,False,,
100763,,4.99609184,Natural,False,,
50765,,3.60639286,Natural,False,,
10989,,3.83152318,Natural,False,,
11973,,3.68652225,Natural,False,,
10228,,4.57620811,Natural,False,,
101789,,6.18049812,Natural,False,,
11561,,3.7035358,Natural,False,,
51992,,3.48595238,Natural,False,,
101034,,5.29290771,Natural,False,,
10215,,3.00563884,Natural,False,,
5107,,5.15972519,Natural,False,,
10146,,3.87575746,Natural,False,,
10607,,4.66878748,Natural,False,,
101279,,4.17464352,Natural,False,,
100475,,5.27807999,Natural,False,,
101356,,4.67370558,Natural,False,,
3962,,6.45099497,Natural,False,,
201058,,3.66816401,Natural,False,,
3786,,3.79990101,Natural,False,,
11818,,3.26684499,Natural,False,,
50303,,4.91101885,Natural,False,,
51237,,5.51998377,Natural,False,,
3848,,3.72694397,Natural,False,,
50975,,3.47362518,Natural,False,,
11058,,4.17841768,Natural,False,,
50946,,3.9555428,Natural,False,,
51775,,3.35499763,Natural,False,,
50221,,4.06290817,Natural,False,,
2422,,5.53544569,Natural,False,,
51232,,4.81516695,Natural,False,,
50230,,3.03768086,Natural,False,,
100380,,4.67885637,Natural,False,,
2329,,5.17650414,Natural,False,,
100923,,4.34686136,Natural,False,,
10331,,4.1526351,Natural,False,,
101963,,5.27450991,Natural,False,,
51146,,4.29043961,Natural,False,,
10534,,4.40899324,Natural,False,,
51018,,3.75393796,Natural,False,,
110,,3.64849687,Natural,False,,
100149,,4.84405613,Natural,False,,
50267,,3.65002179,Natural,False,,
5231,,3.36255574,Natural,False,,
11493,,3.75574231,Natural,False,,
5169,,4.65055895,Natural,False,,
50793,,3.61531758,Natural,False,,
10802,,3.68558216,Natural,False,,
10756,,3.90170789,Natural,False,,
11341,,2.77333832,Natural,False,,
50893,,2.99576378,Natural,False,,
101749,,4.88138628,Natural,False,,
50285,,3.8372705,Natural,False,,
11779,,3.44866109,Natural,False,,
3785,,4.46463156,Natural,False,,
10857,,2.72237754,Natural,False,,
10102,,5.26545906,Natural,False,,
101515,,4.81096315,Natural,False,,
10709,,3.44689155,Natural,False,,
2442,,4.82806349,Natural,False,,
101423,,3.87664294,Natural,False,,
51914,,3.78669262,Natural,False,,
50964,,4.72120333,Natural,False,,
200796,,4.53421831,Natural,False,,
11761,,2.9834137,Natural,False,,
10090,,4.52635717,Natural,False,,
10462,,3.60086799,Natural,False,,
50783,,3.47960544,Natural,False,,
101746,,4.31577826,Natural,False,,
100767,,4.40188456,Natural,False,,
50305,,5.12952852,Natural,False,,
100040,,4.3369441,Natural,False,,
100555,,3.6421814,Natural,False,,
3501,,4.98775816,Natural,False,,
100431,,3.38630986,Natural,False,,
51747,,3.70463109,Natural,False,,
51361,,3.60391998,Natural,False,,
10427,,3.39734054,Natural,False,,
101301,,4.58277178,Natural,False,,
100782,,4.54504061,Natural,False,,
10382,,3.39405131,Natural,False,,
101475,,4.27480268,Natural,False,,
100392,,4.54470491,Natural,False,,
100077,,4.02015829,Natural,False,,
101959,,3.94253159,Natural,False,,
2710,,4.5339489,Natural,False,,
51063,,3.47792816,Natural,False,,
11951,,3.01103854,Natural,False,,
10167,,3.33055949,Natural,False,,
10729,,4.03776121,Natural,False,,
11220,,2.89475369,Natural,False,,
51007,,3.03898048,Natural,False,,
11764,,3.12002373,Natural,False,,
51760,,3.96573949,Natural,False,,
101140,,4.02978802,Natural,False,,
100145,,4.39741898,Natural,False,,
10587,,3.78181481,Natural,False,,
50424,,4.53030348,Natural,False,,
10602,,3.11891365,Natural,False,,
50774,,3.27409172,Natural,False,,
10641,,4.56405592,Natural,False,,
101504,,3.37541485,Natural,False,,
100492,,5.79533625,Natural,False,,
50311,,3.41605163,Natural,False,,
100285,,5.66477919,Natural,False,,
50839,,3.27058315,Natural,False,,
100877,,3.97439957,Natural,False,,
50407,,3.63821578,Natural,False,,
51206,,4.44523287,Natural,False,,
51890,,4.49487734,Natural,False,,
50730,,3.22254252,Natural,False,,
2680,,5.14352036,Natural,False,,
101120,,3.83093953,Natural,False,,
10746,,4.58214331,Natural,False,,
50296,,3.75233817,Natural,False,,
11076,,5.36590719,Natural,False,,
5226,,3.64584994,Natural,False,,
51898,,3.09147239,Natural,False,,
100855,,3.48750043,Natural,False,,
51101,,4.53257704,Natural,False,,
10816,,3.23915935,Natural,False,,
101004,,3.6308403,Natural,False,,
2392,,6.57297707,Natural,False,,
10615,,3.22676468,Natural,False,,
50797,,3.64487553,Natural,False,,
101434,,3.77253318,Natural,False,,
101104,,4.2834878,Natural,False,,
10523,,3.44875431,Natural,False,,
100436,,3.37691569,Natural,False,,
11778,,3.66981769,Natural,False,,
200910,,5.11734533,Natural,False,,
51970,,4.22180843,Natural,False,,
50563,,4.2272191,Natural,False,,
100775,,4.20818949,Natural,False,,
51559,,4.47916031,Natural,False,,
2762,,4.28462839,Natural,False,,
11880,,3.70631218,Natural,False,,
10131,,4.66675138,Natural,False,,
51388,,3.81037068,Natural,False,,
2337,,3.19359136,Natural,False,,
11481,,3.306113,Natural,False,,
101000,,4.70817375,Natural,False,,
201026,,3.8245399,Natural,False,,
50806,,3.37360573,Natural,False,,
100760,,6.55109596,Natural,False,,
11230,,4.26948071,Natural,False,,
101488,,4.53054237,Natural,False,,
11324,,4.62401295,Natural,False,,
10632,,5.23582983,Natural,False,,
50435,,4.8944931,Natural,False,,
101912,,3.365062,Natural,False,,
11547,,3.19245505,Natural,False,,
101293,,3.12343407,Natural,False,,
50714,,3.33849525,Natural,False,,
200798,,4.77240944,Natural,False,,
201047,,5.29825544,Natural,False,,
11630,,2.89107895,Natural,False,,
11098,,2.86146736,Natural,False,,
100571,,3.43349838,Natural,False,,
51949,,3.58641911,Natural,False,,
11788,,3.50233388,Natural,False,,
51498,,4.22518253,Natural,False,,
10517,,4.39258051,Natural,False,,
101448,,2.94444466,Natural,False,,
100543,,5.25977659,Natural,False,,
51186,,4.35623932,Natural,False,,
50922,,3.02727127,Natural,False,,
11804,,3.76232409,Natural,False,,
101395,,4.20145607,Natural,False,,
50993,,3.56468844,Natural,False,,
201013,,4.40498447,Natural,False,,
51090,,5.11411667,Natural,False,,
3498,,6.03334045,Natural,False,,
100647,,4.57132006,Natural,False,,
101047,,3.46492505,Natural,False,,
101977,,3.83199143,Natural,False,,
101012,,4.07098436,Natural,False,,
10245,,3.38607883,Natural,False,,
200986,,3.751899,Natural,False,,
50735,,3.08770251,Natural,False,,
100336,,5.01194096,Natural,False,,
50382,,4.90011501,Natural,False,,
101557,,2.98217845,Natural,False,,
100752,,4.139534,Natural,False,,
200792,,4.1215806,Natural,False,,
101280,,2.76878715,Natural,False,,
10893,,3.56662059,Natural,False,,
101457,,3.11391521,Natural,False,,
11383,,2.93160319,Natural,False,,
50461,,3.56035876,Natural,False,,
51437,,2.9999249,Natural,False,,
5116,,3.51396561,Natural,False,,
106,,4.80086231,Natural,False,,
10321,,3.49911141,Natural,False,,
100990,,4.67511892,Natural,False,,
101480,,3.71630883,Natural,False,,
100557,,4.97813988,Natural,False,,
51092,,4.79496765,Natural,False,,
101028,,6.02251577,Natural,False,,
50609,,4.24011564,Natural,False,,
101114,,4.300982,Natural,False,,
101777,,4.16242886,Natural,False,,
10361,,3.93917346,Natural,False,,
100924,,3.87736034,Natural,False,,
50381,,4.7944293,Natural,False,,
10231,,3.2889595,Natural,False,,
51860,,3.50120473,Natural,False,,
3704,,3.9268856,Natural,False,,
100451,,4.93630457,Natural,False,,
100799,,4.62764025,Natural,False,,
10774,,3.10837173,Natural,False,,
101818,,5.83826208,Natural,False,,
50782,,3.64267516,Natural,False,,
100182,,5.47786093,Natural,False,,
50468,,3.85354877,Natural,False,,
10105,,4.06191254,Natural,False,,
3863,,3.34711814,Natural,False,,
10808,,3.22593307,Natural,False,,
3781,,5.16851854,Natural,False,,
200896,,5.034904,Natural,False,,
101708,,4.61718607,Natural,False,,
50402,,3.26200414,Natural,False,,
100646,,4.40892792,Natural,False,,
11845,,3.85610318,Natural,False,,
51096,,4.49989414,Natural,False,,
51196,,4.22659636,Natural,False,,
51134,,3.25558186,Natural,False,,
3630,,4.81572485,Natural,False,,
11820,,3.02140236,Natural,False,,
100769,,4.85934305,Natural,False,,
50494,,3.56719899,Natural,False,,
11632,,3.45543766,Natural,False,,
51102,,4.8045764,Natural,False,,
11075,,3.47160268,Natural,False,,
10818,,4.90101862,Natural,False,,
201001,,4.29325342,Natural,False,,
50908,,4.9569912,Natural,False,,
101801,,3.61398506,Natural,False,,
11301,,5.17925024,Natural,False,,
3561,,4.1572814,Natural,False,,
51588,,4.07125378,Natural,False,,
51225,,3.58978724,Natural,False,,
101684,,4.25392437,Natural,False,,
51180,,4.02388954,Natural,False,,
101005,,4.07921219,Natural,False,,
100696,,4.9152236,Natural,False,,
50405,,2.9458797,Natural,False,,
3936,,5.32459497,Natural,False,,
10127,,3.41093946,Natural,False,,
101174,,2.94589806,Natural,False,,
11423,,3.67510247,Natural,False,,
11405,,3.26745224,Natural,False,,
50921,,2.7862711,Natural,False,,
10653,,4.71276045,Natural,False,,
11938,,3.03790975,Natural,False,,
101502,,3.5816257,Natural,False,,
2372,,4.42537165,Natural,False,,
51888,,3.32417798,Natural,False,,
100764,,5.11120749,Natural,False,,
10394,,4.25365448,Natural,False,,
2572,,3.89334011,Natural,False,,
50821,,3.45777893,Natural,False,,
11931,,4.0776763,Natural,False,,
11381,,3.29231143,Natural,False,,
2758,,4.27817583,Natural,False,,
101451,,3.09398174,Natural,False,,
5218,,5.66816282,Natural,False,,
101881,,4.73022318,Natural,False,,
101302,,3.54273105,Natural,False,,
2455,,5.64615631,Natural,False,,
101149,,3.79751706,Natural,False,,
50860,,3.0134325,Natural,False,,
101105,,4.43727064,Natural,False,,
11678,,3.65530396,Natural,False,,
10124,,3.58836651,Natural,False,,
100852,,3.68427396,Natural,False,,
50987,,3.29161572,Natural,False,,
51113,,3.36006045,Natural,False,,
101331,,3.78497434,Natural,False,,
50588,,4.98592567,Natural,False,,
50856,,2.89976001,Natural,False,,
10547,,3.1603725,Natural,False,,
11349,,3.54234195,Natural,False,,
101432,,3.18182778,Natural,False,,
51575,,3.38908195,Natural,False,,
2562,,4.29051733,Natural,False,,
10868,,3.17960763,Natural,False,,
51335,,3.61644864,Natural,False,,
51991,,3.48199201,Natural,False,,
11872,,3.45942211,Natural,False,,
51091,,4.64882612,Natural,False,,
3658,,3.94264221,Natural,False,,
51317,,4.55145645,Natural,False,,
101339,,3.32001042,Natural,False,,
50770,,2.91860676,Natural,False,,
11886,,3.56171679,Natural,False,,
50438,,4.38146257,Natural,False,,
51343,,4.47819853,Natural,False,,
100693,,4.50496149,Natural,False,,
100404,,4.73683929,Natural,False,,
51287,,4.91317701,Natural,False,,
100248,,5.82919884,Natural,False,,
50695,,3.20660472,Natural,False,,
51863,,3.63383865,Natural,False,,
101056,,4.59068108,Natural,False,,
11609,,4.34483957,Natural,False,,
10715,,3.39826012,Natural,False,,
200935,,4.07964182,Natural,False,,
101314,,4.08571196,Natural,False,,
101298,,4.18482065,Natural,False,,
2717,,3.77191138,Natural,False,,
2391,,5.1079092,Natural,False,,
11825,,3.52999687,Natural,False,,
50472,,3.52135921,Natural,False,,
50437,,4.38860464,Natural,False,,
50709,,3.5824368,Natural,False,,
101397,,4.1091733,Natural,False,,
50598,,3.67481112,Natural,False,,
101478,,3.30435157,Natural,False,,
2341,,3.73751092,Natural,False,,
11138,,3.10246372,Natural,False,,
101760,,4.60069275,Natural,False,,
10830,,4.29201508,Natural,False,,
100793,,5.10728836,Natural,False,,
100484,,3.32592106,Natural,False,,
11787,,2.84231257,Natural,False,,
50869,,3.48273921,Natural,False,,
101424,,4.09450388,Natural,False,,
50404,,3.81101298,Natural,False,,
100483,,3.5559094,Natural,False,,
51586,,4.63019848,Natural,False,,
100197,,4.20892096,Natural,False,,
2348,,6.16712999,Natural,False,,
11336,,4.78938341,Natural,False,,
3893,,5.26835775,Natural,False,,
50973,,3.34626293,Natural,False,,
50681,,4.10139084,Natural,False,,
101014,,4.4467392,Natural,False,,
100460,,2.92426324,Natural,False,,
100644,,4.76662016,Natural,False,,
51449,,4.44943762,Natural,False,,
100523,,3.0939014,Natural,False,,
10784,,3.77564359,Natural,False,,
3787,,4.25045252,Natural,False,,
10353,,4.43697405,Natural,False,,
51306,,3.87960052,Natural,False,,
51500,,3.17587543,Natural,False,,
101534,,4.430161,Natural,False,,
101347,,3.56443667,Natural,False,,
10210,,4.01557875,Natural,False,,
100195,,3.82216525,Natural,False,,
50776,,3.3852241,Natural,False,,
11913,,3.49227071,Natural,False,,
50414,,3.35580182,Natural,False,,
10510,,4.67883682,Natural,False,,
101371,,4.33188677,Natural,False,,
5204,,4.69833899,Natural,False,,
109,,3.24099183,Natural,False,,
101505,,3.9864924,Natural,False,,
10867,,3.69727588,Natural,False,,
51584,,4.49836493,Natural,False,,
11016,,3.07865167,Natural,False,,
100801,,4.87141275,Natural,False,,
100088,,4.85756493,Natural,False,,
5130,,3.02951431,Natural,False,,
200837,,4.34725618,Natural,False,,
5154,,4.64582491,Natural,False,,
100049,,5.81526947,Natural,False,,
2326,,4.7525444,Natural,False,,
101137,,4.17425585,Natural,False,,
51176,,3.47712636,Natural,False,,
100789,,4.25007534,Natural,False,,
200962,,4.63209391,Natural,False,,
100632,,4.54413843,Natural,False,,
50639,,3.52904606,Natural,False,,
100153,,3.4098351,Natural,False,,
101396,,3.41270518,Natural,False,,
10944,,3.4468925,Natural,False,,
10225,,3.6129961,Natural,False,,
10612,,3.0347774,Natural,False,,
11769,,3.72521782,Natural,False,,
201056,,4.78201628,Natural,False,,
10457,,4.49413586,Natural,False,,
51762,,4.03058815,Natural,False,,
100672,,5.03827858,Natural,False,,
100537,,4.2281456,Natural,False,,
100598,,4.70329857,Natural,False,,
3626,,3.6747086,Natural,False,,
50213,,4.48914957,Natural,False,,
100519,,5.57425737,Natural,False,,
201095,,4.28108406,Natural,False,,
101121,,4.12076616,Natural,False,,
50385,,5.77447653,Natural,False,,
51818,,3.55525851,Natural,False,,
10250,,4.12209368,Natural,False,,
100725,,4.15559053,Natural,False,,
3608,,4.72214699,Natural,False,,
2726,,4.16094542,Natural,False,,
10153,,4.72266817,Natural,False,,
5119,,3.86651874,Natural,False,,
51853,,3.64112782,Natural,False,,
101132,,3.6739676,Natural,False,,
100278,,3.34339595,Natural,False,,
2746,,4.36736012,Natural,False,,
10833,,4.24672365,Natural,False,,
2754,,5.43765259,Natural,False,,
100609,,3.46021461,Natural,False,,
100430,,4.65343904,Natural,False,,
5115,,3.34503841,Natural,False,,
3853,,5.51100397,Natural,False,,
5041,,4.27640533,Natural,False,,
10147,,3.64999509,Natural,False,,
100867,,2.92098117,Natural,False,,
51986,,4.93798304,Natural,False,,
2690,,5.21618891,Natural,False,,
51434,,4.00758171,Natural,False,,
50631,,3.38291526,Natural,False,,
11151,,4.09242249,Natural,False,,
401737,SMILES Cc1ccc(S(=O)(=O)N2CC(CCO[Si](C)(C)C(C)(C)C)CC2O)cc1,4.84942055,Natural,True,,SMILES Cc1ccc(S(=O)(=O)N2CC(CCO[Si](C)(C)C(C)(C)C)CC2O)cc1
101144,,2.95756721,Natural,False,,
20284,SMILES CCCCCC1CCCCC1,3.44909358,Natural,False,,
401821,SMILES COc1ccc(CC(=O)N2CCN(CCCc3ccccc3)CC2)cc1,3.90147781,Natural,True,,SMILES COc1ccc(CC(=O)N2CCN(CCCc3ccccc3)CC2)cc1
201231,SMILES CS(=O)(=O)c1ccc(-c2cn3[nH]cnc3n2)cc1,4.17064333,Natural,True,,SMILES CS(=O)(=O)c1ccc(-c2cn3[nH]cnc3n2)cc1
5591,SMILES Cc1c(C)c2c(c(C)c1O)CCC(C)(COc1ccc(CC3SC(=O)NC3=O)cc1)O2,5.63064337,Natural,True,,SMILES Cc1c(C)c2c(c(C)c1O)CCC(C)(COc1ccc(CC3SC(=O)NC3=O)cc1)O2
301247,SMILES CON=C(C)CSS(=O)(=O)OC,3.38596344,Natural,True,,SMILES CON=C(C)CSS(=O)(=O)OC
301318,SMILES Cc1ccc(S(=O)(=O)NCCN)cc1,4.77879095,Natural,True,,SMILES Cc1ccc(S(=O)(=O)NCCN)cc1
6822,SMILES COc1cc([N+](=O)[O-])c2ncccc2c1,3.61833596,Natural,True,,SMILES COc1cc([N+](=O)[O-])c2ncccc2c1
400619,SMILES COc1ccc2c(c1)N=C1CSC(c3ccccc3Cl)N1C2,4.5753026,Natural,True,,SMILES COc1ccc2c(c1)N=C1CSC(c3ccccc3Cl)N1C2
5980,SMILES CN1CCC23c4c5ccc(O)c4OC2C(O)C=CC3C1C5,4.66025352,Natural,True,,SMILES CN1CCC23c4c5ccc(O)c4OC2C(O)C=CC3C1C5
20960,SMILES CC(=O)OC1(C(C)C)CC=C(C)CC1,3.84515476,Natural,True,,SMILES CC(=O)OC1(C(C)C)CC=C(C)CC1
200255,,4.30028534,Natural,False,,
400884,SMILES CC1(C)OC2OC(C=CC(S)=NC(Cc3ccccc3)C(=O)O)C3OC(C)(C)OC3C2O1,5.25805807,Natural,True,,SMILES CC1(C)OC2OC(C=CC(S)=NC(Cc3ccccc3)C(=O)O)C3OC(C)(C)OC3C2O1
20312,SMILES O=[N+]([O-])c1c(Cl)ncnc1Cl,3.45173836,Natural,True,,SMILES O=[N+]([O-])c1c(Cl)ncnc1Cl
201340,SMILES CCCCCCCOc1ccc(N)cc1CS(C)(=O)=O,3.50472832,Natural,True,,SMILES CCCCCCCOc1ccc(N)cc1CS(C)(=O)=O
201751,SMILES CCN(CC)CCNC(=O)COc1ccccc1OC,2.98048472,Natural,True,,SMILES CCN(CC)CCNC(=O)COc1ccccc1OC
300127,SMILES CCCCCCSC(=O)NC(C)=O,2.81642342,Natural,True,,SMILES CCCCCCSC(=O)NC(C)=O
50056,SMILES CCCCCOc1cccc(NC(=O)OCC[NH+](C)C)c1,3.87658668,Natural,True,,SMILES CCCCCOc1cccc(NC(=O)OCC[NH+](C)C)c1
300435,SMILES Oc1ccccc1C=NC(O)C(Cl)(Cl)Cl,3.2120924,Natural,True,,SMILES Oc1ccccc1C=NC(O)C(Cl)(Cl)Cl
21016,SMILES CCSNC(=O)CC(N)C(=O)O,2.62179804,Natural,True,,SMILES CCSNC(=O)CC(N)C(=O)O
6634,SMILES Nc1ccc(S(=O)(=O)Nc2ccc(Cl)nn2)cc1,3.51463628,Natural,True,,SMILES Nc1ccc(S(=O)(=O)Nc2ccc(Cl)nn2)cc1
191,,3.40040207,Natural,False,,
400624,SMILES COc1ccc2c(c1)CN1C(=N2)CSC1c1c(Cl)cccc1[N+](=O)[O-],5.59640503,Natural,True,,SMILES COc1ccc2c(c1)CN1C(=N2)CSC1c1c(Cl)cccc1[N+](=O)[O-]
865,SMILES NC(CCCC(N)C(=O)O)C(=O)O,2.97140336,Natural,True,,SMILES NC(CCCC(N)C(=O)O)C(=O)O
6628,SMILES Cc1ccc(S(=O)(=O)N(C)N=O)cc1,2.87457347,Natural,True,,SMILES Cc1ccc(S(=O)(=O)N(C)N=O)cc1
50168,SMILES COc1cc(O)cc(Br)c1C[NH2+]C(C)Cc1ccccc1,3.96132851,Natural,True,,SMILES COc1cc(O)cc(Br)c1C[NH2+]C(C)Cc1ccccc1
400500,SMILES C#CC(CCc1ccccc1)OCCOS(=O)(=O)c1ccc(F)cc1,3.63359761,Natural,True,,SMILES C#CC(CCc1ccccc1)OCCOS(=O)(=O)c1ccc(F)cc1
201531,SMILES O=C(O)COc1ccccc1NC(=O)c1ccccc1,3.40040517,Natural,True,,SMILES O=C(O)COc1ccccc1NC(=O)c1ccccc1
5849,SMILES C[N+]1(CCCCC[N+]2(C)CCCC2)CCCC1,2.76222873,Natural,True,,SMILES C[N+]1(CCCCC[N+]2(C)CCCC2)CCCC1
201937,SMILES COC(=O)CC(c1ccc(OC)c(OC)c1)N1CCCCC1,3.43312168,Natural,True,,SMILES COC(=O)CC(c1ccc(OC)c(OC)c1)N1CCCCC1
401229,SMILES CCN(C(=O)NS(=O)(=O)c1ccc(C)cc1)N(C)C(=O)OCc1ccccc1,3.96130824,Natural,True,,SMILES CCN(C(=O)NS(=O)(=O)c1ccc(C)cc1)N(C)C(=O)OCc1ccccc1
201986,SMILES O=C(O)c1ccccc1Nc1ccc([N+](=O)[O-])cc1,4.24968719,Natural,True,,SMILES O=C(O)c1ccccc1Nc1ccc([N+](=O)[O-])cc1
5517,SMILES NC1CCN(c2nc3c(cc2F)c(=O)c(C(=O)O)cn3-c2ccc(F)cc2F)C1,5.57328033,Natural,True,,SMILES NC1CCN(c2nc3c(cc2F)c(=O)c(C(=O)O)cn3-c2ccc(F)cc2F)C1
6910,SMILES CCCCOC(=O)C(O)C(O)C(=O)OCCCC,3.14342761,Natural,True,,SMILES CCCCOC(=O)C(O)C(O)C(=O)OCCCC
20487,SMILES O=C1CCC2CCCCC2O1,4.23049164,Natural,True,,SMILES O=C1CCC2CCCCC2O1
5000,SMILES CC1C(=O)N=C2Nc3cccc(Cl)c3CN21,3.3038969,Natural,True,,SMILES CC1C(=O)N=C2Nc3cccc(Cl)c3CN21
300647,SMILES O=[N+]([O-])C1CC(Cl)CCC1SSC1CCC(Cl)CC1[N+](=O)[O-],4.94571543,Natural,True,,SMILES O=[N+]([O-])C1CC(Cl)CCC1SSC1CCC(Cl)CC1[N+](=O)[O-]
400565,SMILES COc1ccc(C2C(C)C3=Nc4ccccc4CN32)cc1,4.09637642,Natural,True,,SMILES COc1ccc(C2C(C)C3=Nc4ccccc4CN32)cc1
20460,SMILES CCCNc1nc(Cl)nc(OCCC)n1,3.55194974,Natural,True,,SMILES CCCNc1nc(Cl)nc(OCCC)n1
447,SMILES O=C(O)c1cccc(Cl)c1,3.01562214,Natural,True,,SMILES O=C(O)c1cccc(Cl)c1
20620,SMILES CC(=O)Oc1ccccc1Cl,3.48489189,Natural,True,,SMILES CC(=O)Oc1ccccc1Cl
401504,SMILES CC(=NNC(=O)Nc1ccc(Br)cc1)c1ccc(C)cc1,4.15879202,Natural,True,,SMILES CC(=NNC(=O)Nc1ccc(Br)cc1)c1ccc(C)cc1
201383,SMILES O=C(O)C(CCN1CCOCC1)c1cccc2ccccc12,3.34028625,Natural,True,,SMILES O=C(O)C(CCN1CCOCC1)c1cccc2ccccc12
5883,SMILES CC[N+](C)(CC)CCOC(=O)C1c2ccccc2Oc2ccccc21,4.40073919,Natural,True,,SMILES CC[N+](C)(CC)CCOC(=O)C1c2ccccc2Oc2ccccc21
300802,SMILES CCOC(=O)CN1C(=O)Cc2ccccc21,3.21638489,Natural,True,,SMILES CCOC(=O)CN1C(=O)Cc2ccccc21
200568,,3.06081271,Natural,False,,
400838,SMILES CC(=O)OCC(OC(C)=O)C(OC(C)=O)c1nn(-c2ccccc2)c2nc3ccccc3nc12,5.03388023,Natural,True,,SMILES CC(=O)OCC(OC(C)=O)C(OC(C)=O)c1nn(-c2ccccc2)c2nc3ccccc3nc12
200525,,3.0698688,Natural,False,,
401152,SMILES Cc1ccc(S(=O)OC2C(C3COC(C)(C)O3)OC3OC(C)(C)OC32)cc1,3.91326261,Natural,True,,SMILES Cc1ccc(S(=O)OC2C(C3COC(C)(C)O3)OC3OC(C)(C)OC32)cc1
401182,SMILES COc1ccc(C(SCCO)(c2ccccc2)c2ccccc2)cc1,4.68882799,Natural,True,,SMILES COc1ccc(C(SCCO)(c2ccccc2)c2ccccc2)cc1
6126,SMILES C[N+]1(C)CCC(=C(c2ccccc2)c2ccccc2)CC1,4.44834661,Natural,True,,SMILES C[N+]1(C)CCC(=C(c2ccccc2)c2ccccc2)CC1
793,SMILES O=C(O)C(O)Cc1cnc[nH]1,3.28517175,Natural,True,,SMILES O=C(O)C(O)Cc1cnc[nH]1
301129,SMILES Cc1nc2c(=O)[nH]n(C)c2nc1C,3.94343662,Natural,True,,SMILES Cc1nc2c(=O)[nH]n(C)c2nc1C
6382,SMILES FC(F)(Br)Br,3.16320205,Natural,True,,SMILES FC(F)(Br)Br
300052,SMILES Cc1ccc2cccc(CC(=O)O)c2c1,4.03275061,Natural,True,,SMILES Cc1ccc2cccc(CC(=O)O)c2c1
400749,SMILES COC(=O)c1ccc(C=C2Sc3ccccc3S2)cc1,4.35522223,Natural,True,,SMILES COC(=O)c1ccc(C=C2Sc3ccccc3S2)cc1
6427,SMILES FC(Cl)(Cl)C(F)(Cl)Cl,3.14843869,Natural,True,,SMILES FC(Cl)(Cl)C(F)(Cl)Cl
201744,SMILES CCN(CC)CCNC(=O)COc1ccc(C)cc1,3.99441075,Natural,True,,SMILES CCN(CC)CCNC(=O)COc1ccc(C)cc1
6870,SMILES CC(=O)Nc1c2sscc-2n(C)c1=O,3.62616086,Natural,True,,SMILES CC(=O)Nc1c2sscc-2n(C)c1=O
301410,SMILES COc1ccc(C=Nn2c3ccccc3c3ccccc32)cc1OCCN(C)C,4.46679354,Natural,True,,SMILES COc1ccc(C=Nn2c3ccccc3c3ccccc32)cc1OCCN(C)C
201256,SMILES Cc1c(NC(=O)c2ccccc2O)c(=O)n(-c2ccccc2)n1C,3.88335204,Natural,True,,SMILES Cc1c(NC(=O)c2ccccc2O)c(=O)n(-c2ccccc2)n1C
300582,SMILES O=[N+]([O-])c1ccc2c(c1)-c1ccccc1C2Cl,4.6475606,Natural,True,,SMILES O=[N+]([O-])c1ccc2c(c1)-c1ccccc1C2Cl
300328,SMILES CCOC(C)C1C2CCCC(C)C21,4.58153391,Natural,True,,SMILES CCOC(C)C1C2CCCC(C)C21
401084,SMILES Cc1cc(C)c2c(n1)S(=O)(=O)N(CC=CCN1CCN(c3ncccn3)CC1)C2=O,4.71623564,Natural,True,,SMILES Cc1cc(C)c2c(n1)S(=O)(=O)N(CC=CCN1CCN(c3ncccn3)CC1)C2=O
2828,SMILES COc1ccc2c3c1OC1C(O)C=CC4C(C2)N(C)CCC341,4.17802858,Natural,True,,SMILES COc1ccc2c3c1OC1C(O)C=CC4C(C2)N(C)CCC341
401331,SMILES CSC1=NS(=O)(=O)c2cnccc2N1c1ccccc1,3.44683194,Natural,True,,SMILES CSC1=NS(=O)(=O)c2cnccc2N1c1ccccc1
300424,SMILES OC1CCCC(c2ccccc2)C1,3.72779083,Natural,True,,SMILES OC1CCCC(c2ccccc2)C1
400673,SMILES Cc1cc(S(=O)(=O)n2cc[nH]c2=O)c(Cl)cc1Cl,4.04279423,Natural,True,,SMILES Cc1cc(S(=O)(=O)n2cc[nH]c2=O)c(Cl)cc1Cl
300457,SMILES Cc1cccc(C2N=C(S)N3C(c4cccc(C)c4)N=C(S)N23)c1,4.38767195,Natural,True,,SMILES Cc1cccc(C2N=C(S)N3C(c4cccc(C)c4)N=C(S)N23)c1
20925,SMILES CNC(=O)Oc1ccc(Cl)c2c1OC(C)(C)C2,3.98454595,Natural,True,,SMILES CNC(=O)Oc1ccc(Cl)c2c1OC(C)(C)C2
6272,SMILES NC(Cc1ccc(O)c(I)c1)C(=O)O,3.80013394,Natural,True,,SMILES NC(Cc1ccc(O)c(I)c1)C(=O)O
6182,SMILES CC(CNN)c1ccccc1,2.79884124,Natural,True,,SMILES CC(CNN)c1ccccc1
300709,SMILES C=C(C)CC(O)CCCCC,3.39623523,Natural,True,,SMILES C=C(C)CC(O)CCCCC
201757,SMILES Cc1ccccc1C(=O)NCC(N)=O,3.14452291,Natural,True,,SMILES Cc1ccccc1C(=O)NCC(N)=O
301336,SMILES Cc1nc2c(N)nnc(N)c2nc1C,3.80360913,Natural,True,,SMILES Cc1nc2c(N)nnc(N)c2nc1C
300099,SMILES NN(CC(=O)O)c1ccccc1,3.01086807,Natural,True,,SMILES NN(CC(=O)O)c1ccccc1
200025,,4.4100318,Natural,False,,
6890,SMILES CN(C)Cc1c[nH]c2ccccc12,2.93034434,Natural,True,,SMILES CN(C)Cc1c[nH]c2ccccc12
200119,,4.88816404,Natural,False,,
200396,,4.03266716,Natural,False,,
6901,SMILES ClC(Cl)=C(Cl)C(Cl)=C(Cl)Cl,3.44459653,Natural,True,,SMILES ClC(Cl)=C(Cl)C(Cl)=C(Cl)Cl
5599,SMILES N=C(Cc1c[nH]c2ccccc12)C(=O)O,2.91547942,Natural,True,,SMILES N=C(Cc1c[nH]c2ccccc12)C(=O)O
20802,SMILES CC1(COc2ccc(Cl)cc2)N=C(S)NC1=O,4.01493883,Natural,True,,SMILES CC1(COc2ccc(Cl)cc2)N=C(S)NC1=O
400676,SMILES Cc1ccc(S(=O)(=O)n2ccn(S(=O)(=O)c3ccc(F)c(Cl)c3)c2=O)cc1,4.35814142,Natural,True,,SMILES Cc1ccc(S(=O)(=O)n2ccn(S(=O)(=O)c3ccc(F)c(Cl)c3)c2=O)cc1
201250,SMILES CCCN1CCN(C(=S)S)CC1,2.96149254,Natural,True,,SMILES CCCN1CCN(C(=S)S)CC1
50092,SMILES CCOc1ccccc1NC(=O)OCCN(C)C,3.27601314,Natural,True,,SMILES CCOc1ccccc1NC(=O)OCCN(C)C
200033,,3.1135056,Natural,False,,
20726,SMILES c1ccc(CN2CCN(Cc3ccccc3)C2c2ccccc2)cc1,3.47572112,Natural,True,,SMILES c1ccc(CN2CCN(Cc3ccccc3)C2c2ccccc2)cc1
300866,SMILES Sc1nnnn1C1CCCCC1,3.65453601,Natural,True,,SMILES Sc1nnnn1C1CCCCC1
6923,SMILES CC(C)(C)c1ccccc1O,4.19219208,Natural,True,,SMILES CC(C)(C)c1ccccc1O
20841,SMILES Nc1nc(=O)nc(-c2ccccc2)[nH]1,3.65176654,Natural,True,,SMILES Nc1nc(=O)nc(-c2ccccc2)[nH]1
201191,SMILES O=C(c1ccc2c(c1)OCO2)N1CCN(Cc2ccc3c(c2)OCO3)CC1,4.82065725,Natural,True,,SMILES O=C(c1ccc2c(c1)OCO2)N1CCN(Cc2ccc3c(c2)OCO3)CC1
400921,SMILES S=c1oc(-c2ccncc2)nn1CN1CCCCC1,4.08438587,Natural,True,,SMILES S=c1oc(-c2ccncc2)nn1CN1CCCCC1
200283,,3.38259983,Natural,False,,
641,SMILES CC(=O)C(O)C(O)COP(=O)(O)O,3.75506663,Natural,True,,SMILES CC(=O)C(O)C(O)COP(=O)(O)O
300207,SMILES COC(=O)NS(=O)(=O)c1ccco1,3.51387382,Natural,True,,SMILES COC(=O)NS(=O)(=O)c1ccco1
200101,,3.45906186,Natural,False,,
200241,,3.72813487,Natural,False,,
201793,SMILES Cc1c(Br)c(O)c(C(=O)O)c(O)c1Br,3.69529796,Natural,True,,SMILES Cc1c(Br)c(O)c(C(=O)O)c(O)c1Br
20787,SMILES O=C(NCc1ccccc1)OCCO,3.75351429,Natural,True,,SMILES O=C(NCc1ccccc1)OCCO
606,SMILES O=P(O)(O)OCC(O)C(O)c1cnc[nH]1,2.9831655,Natural,True,,SMILES O=P(O)(O)OCC(O)C(O)c1cnc[nH]1
300355,SMILES Cc1ccccc1C1SCCCS1,3.42179489,Natural,True,,SMILES Cc1ccccc1C1SCCCS1
300941,SMILES COc1ccc(C=Cc2nccc3ccccc23)cc1OC,5.04118967,Natural,True,,SMILES COc1ccc(C=Cc2nccc3ccccc23)cc1OC
200318,,3.45080495,Natural,False,,
201846,SMILES CC1(C)OC(=O)N(CN2CCOCC2)C1=O,3.626158,Natural,True,,SMILES CC1(C)OC(=O)N(CN2CCOCC2)C1=O
6265,SMILES CC(C)=CC1C(C(=O)OCc2ccc(C)cc2C)C1(C)C,4.86087561,Natural,True,,SMILES CC(C)=CC1C(C(=O)OCc2ccc(C)cc2C)C1(C)C
50123,SMILES Cc1cccc2c1SCc1ccccc1C2=CCCN(C)C,4.80792093,Natural,True,,SMILES Cc1cccc2c1SCc1ccccc1C2=CCCN(C)C
6837,SMILES N#CC(c1ccccc1)c1ccccc1,3.68159986,Natural,True,,SMILES N#CC(c1ccccc1)c1ccccc1
201525,SMILES CC(N1CCCCC1)C(O)(c1ccccc1)c1ccccc1,3.53730845,Natural,True,,SMILES CC(N1CCCCC1)C(O)(c1ccccc1)c1ccccc1
20130,SMILES Cc1ccccc1NC(=O)C[N+](C)(C)CC(=O)Nc1c(C)cccc1C,3.72940135,Natural,True,,SMILES Cc1ccccc1NC(=O)C[N+](C)(C)CC(=O)Nc1c(C)cccc1C
400768,SMILES O=C(O)c1cccc2c1C(=NNc1ccccc1)CC2,3.89627767,Natural,True,,SMILES O=C(O)c1cccc2c1C(=NNc1ccccc1)CC2
400170,SMILES O=C(NNc1nc2ccccc2n2cccc12)Nc1ccc(Br)cn1,5.84708405,Natural,True,,SMILES O=C(NNc1nc2ccccc2n2cccc12)Nc1ccc(Br)cn1
301083,SMILES CC(=O)NCc1cccc[n+]1[O-],3.17831159,Natural,True,,SMILES CC(=O)NCc1cccc[n+]1[O-]
663,SMILES NC(=O)CCCCC(S)CCS,3.58309722,Natural,True,,SMILES NC(=O)CCCCC(S)CCS
301253,SMILES CCOc1nc(=O)n(CC(=O)c2ccc(Cl)s2)cc1F,4.00053644,Natural,True,,SMILES CCOc1nc(=O)n(CC(=O)c2ccc(Cl)s2)cc1F
20853,SMILES NCCc1cccc2ccccc12,3.1474371,Natural,True,,SMILES NCCc1cccc2ccccc12
300394,SMILES CCC(=O)n1ncc2ccc([N+](=O)[O-])cc21,3.40882301,Natural,True,,SMILES CCC(=O)n1ncc2ccc([N+](=O)[O-])cc21
21094,SMILES [NH3+]CCC1C(=O)Nc2ccccc21,3.00561905,Natural,True,,SMILES [NH3+]CCC1C(=O)Nc2ccccc21
401558,SMILES Cc1cc(N=Cc2ccccc2O)n(-c2ccccc2)n1,3.76398063,Natural,True,,SMILES Cc1cc(N=Cc2ccccc2O)n(-c2ccccc2)n1
20762,SMILES Nc1ccc(-c2cnc(=O)[nH]c2N)cc1,3.92286372,Natural,True,,SMILES Nc1ccc(-c2cnc(=O)[nH]c2N)cc1
401774,SMILES CC(=O)C1(C)C(C)OC(C)(CO)C1O[Si](C)(C)C(C)(C)C,4.66998768,Natural,True,,SMILES CC(=O)C1(C)C(C)OC(C)(CO)C1O[Si](C)(C)C(C)(C)C
50043,SMILES CCCOc1ccccc1NC(=O)OCCN(C)C,3.5839119,Natural,True,,SMILES CCCOc1ccccc1NC(=O)OCCN(C)C
201364,SMILES COC(=O)C(C(=O)OC)C(F)(F)F,3.67932582,Natural,True,,SMILES COC(=O)C(C(=O)OC)C(F)(F)F
20932,SMILES CC(OCCO)c1ccccc1,3.68561172,Natural,True,,SMILES CC(OCCO)c1ccccc1
5435,SMILES C=CCC1(C(C)CCC)C(=O)N=C(S)N=C1[O-],4.06591272,Natural,True,,SMILES C=CCC1(C(C)CCC)C(=O)N=C(S)N=C1[O-]
200337,,3.04748034,Natural,False,,
201484,SMILES CCCCCCCCC(O)CCO,3.48711848,Natural,True,,SMILES CCCCCCCCC(O)CCO
6155,SMILES CC1CCC2(CC1)CC[NH+](CCCC(=O)c1ccc(F)cc1)CC2,4.55933809,Natural,True,,SMILES CC1CCC2(CC1)CC[NH+](CCCC(=O)c1ccc(F)cc1)CC2
300700,SMILES COC(=O)C1CCCN1C(=O)C(C)=O,3.02323222,Natural,True,,SMILES COC(=O)C1CCCN1C(=O)C(C)=O
5279,SMILES CNC1CC2OC(C)(C1OC)n1c3ccccc3c3c4c(c5c6ccccc6n2c5c31)C(=O)NC4,5.22376013,Natural,True,,SMILES CNC1CC2OC(C)(C1OC)n1c3ccccc3c3c4c(c5c6ccccc6n2c5c31)C(=O)NC4
301021,SMILES COc1ccc(C2(O)C3CCC2CC3)cc1,4.11194134,Natural,True,,SMILES COc1ccc(C2(O)C3CCC2CC3)cc1
201699,SMILES CCOC(=O)CCCCCC1NC(=O)CS1,3.68327427,Natural,True,,SMILES CCOC(=O)CCCCCC1NC(=O)CS1
201343,SMILES CS(=O)(=O)Cc1cc(N)ccc1OCCCCCN1C(=O)c2ccccc2C1=O,4.2119565,Natural,True,,SMILES CS(=O)(=O)Cc1cc(N)ccc1OCCCCCN1C(=O)c2ccccc2C1=O
300104,SMILES COc1ccc(-n2c(=O)[nH]c3c(c2=O)C(c2ccc(Cl)cc2)C(C)(C)O3)cc1,5.54841471,Natural,True,,SMILES COc1ccc(-n2c(=O)[nH]c3c(c2=O)C(c2ccc(Cl)cc2)C(C)(C)O3)cc1
6857,SMILES CCCCc1cc2ccccc2c(OCCN(C)C)n1,3.82533741,Natural,True,,SMILES CCCCc1cc2ccccc2c(OCCN(C)C)n1
201519,SMILES O=C1CCCC(C2CCCCC2)(C2CCCCC2)N1,4.6535368,Natural,True,,SMILES O=C1CCCC(C2CCCCC2)(C2CCCCC2)N1
5007,SMILES Nc1ncc2c(n1)CC1CCCN(N)C1C2,4.41815424,Natural,True,,SMILES Nc1ncc2c(n1)CC1CCCN(N)C1C2
201338,SMILES CCCCOc1ccc(N)cc1CS(C)(=O)=O,3.2077291,Natural,True,,SMILES CCCCOc1ccc(N)cc1CS(C)(=O)=O
401234,SMILES Cn1c(=O)c2ncn3c2n(c1=O)CC3,2.82046127,Natural,True,,SMILES Cn1c(=O)c2ncn3c2n(c1=O)CC3
200159,,3.71422505,Natural,False,,
401112,SMILES CCN1CCc2sc3nc4n(c(=O)c3c2C1)CCC4,3.92643547,Natural,True,,SMILES CCN1CCc2sc3nc4n(c(=O)c3c2C1)CCC4
17,,3.72720551,Natural,False,,
300782,SMILES CC1=C(C#N)C(C)(C)c2ccccc21,3.80273628,Natural,True,,SMILES CC1=C(C#N)C(C)(C)c2ccccc21
300114,SMILES O=S(=O)(c1ccc(Br)cc1)C(F)(F)F,3.55225253,Natural,True,,SMILES O=S(=O)(c1ccc(Br)cc1)C(F)(F)F
300380,SMILES Cc1cc(C)c(CC2(C)SCCCS2)c(C)c1,4.68542862,Natural,True,,SMILES Cc1cc(C)c(CC2(C)SCCCS2)c(C)c1
636,SMILES Nc1ncnc2c1ncn2C1CC(O)C(CO)O1,3.45965695,Natural,True,,SMILES Nc1ncnc2c1ncn2C1CC(O)C(CO)O1
21000,SMILES Cc1ccc(NC(=O)OCc2ccncc2)cc1,3.8001194,Natural,True,,SMILES Cc1ccc(NC(=O)OCc2ccncc2)cc1
301316,SMILES CSCSCC(N)CO,2.90510249,Natural,True,,SMILES CSCSCC(N)CO
6129,SMILES CNC(=O)Oc1cccc2ccccc12,3.07749009,Natural,True,,SMILES CNC(=O)Oc1cccc2ccccc12
400936,SMILES CCOC(=O)CCCc1ccccc1OC,4.28716183,Natural,True,,SMILES CCOC(=O)CCCc1ccccc1OC
301455,SMILES O=C1CN(Cl)C(=O)CN1Cl,3.12217307,Natural,True,,SMILES O=C1CN(Cl)C(=O)CN1Cl
401976,SMILES Cn1c2c(c3c(=O)[nH]ncc31)CCc1ccccc1-2,4.97344398,Natural,True,,SMILES Cn1c2c(c3c(=O)[nH]ncc31)CCc1ccccc1-2
401092,SMILES Cc1cc(C)c2c(=O)n(CC(O)CN3CCN(c4ncccn4)CC3)sc2n1,5.03152275,Natural,True,,SMILES Cc1cc(C)c2c(=O)n(CC(O)CN3CCN(c4ncccn4)CC3)sc2n1
401341,SMILES O=S1(=O)N=C(SCc2c[nH]c3ccccc23)N(c2ccccc2)c2ccncc21,4.69322443,Natural,True,,SMILES O=S1(=O)N=C(SCc2c[nH]c3ccccc23)N(c2ccccc2)c2ccncc21
201922,SMILES CCC(c1ccccc1)n1cncc1C(=O)OC,3.88336062,Natural,True,,SMILES CCC(c1ccccc1)n1cncc1C(=O)OC
907,SMILES CC(=O)NC(CCCN)C(=O)O,2.56982112,Natural,True,,SMILES CC(=O)NC(CCCN)C(=O)O
301249,SMILES O=C1CN(CN2CCCCC2)C(=O)CN1CN1CCCCC1,3.47688603,Natural,True,,SMILES O=C1CN(CN2CCCCC2)C(=O)CN1CN1CCCCC1
401170,SMILES COc1ccc(C2CCc3nc4nc(N)nc(N)c4cc3C2)cc1,5.05731916,Natural,True,,SMILES COc1ccc(C2CCc3nc4nc(N)nc(N)c4cc3C2)cc1
21101,SMILES O=C(O)Cc1ccc(-c2ccccc2F)cc1,3.88288474,Natural,True,,SMILES O=C(O)Cc1ccc(-c2ccccc2F)cc1
300032,SMILES O=S(=O)(O)Sc1ccccc1,4.22309256,Natural,True,,SMILES O=S(=O)(O)Sc1ccccc1
400179,SMILES O=C(c1cc2c(c3ccccc13)=NC1(CCCCC1)NC=2C(F)(F)F)C(F)(F)F,5.01263952,Natural,True,,SMILES O=C(c1cc2c(c3ccccc13)=NC1(CCCCC1)NC=2C(F)(F)F)C(F)(F)F
400686,SMILES CC1=NN(c2nc(=O)nc(-n3cccc3)[nH]2)C(C)(C)C1,4.15472603,Natural,True,,SMILES CC1=NN(c2nc(=O)nc(-n3cccc3)[nH]2)C(C)(C)C1
201958,SMILES CN(C)c1nc(N)nc(CCCN2CCN(c3ccccc3)CC2)n1,4.42441177,Natural,True,,SMILES CN(C)c1nc(N)nc(CCCN2CCN(c3ccccc3)CC2)n1
201190,SMILES CCN(CC)S(=O)(=O)c1ccc(OP(=O)(OC)OC)cc1Cl,3.78274226,Natural,True,,SMILES CCN(CC)S(=O)(=O)c1ccc(OP(=O)(OC)OC)cc1Cl
20046,,4.54572344,Natural,False,,
401226,SMILES O=C1CSC2(C(=O)Nc3ccccc32)N1n1c(S)nnc1COc1ccc(Cl)cc1,4.83425951,Natural,True,,SMILES O=C1CSC2(C(=O)Nc3ccccc32)N1n1c(S)nnc1COc1ccc(Cl)cc1
20989,SMILES CCCCNc1ccc(C(=O)OC2CCN(C)CC2)c(Cl)c1,3.60968971,Natural,True,,SMILES CCCCNc1ccc(C(=O)OC2CCN(C)CC2)c(Cl)c1
401515,SMILES O=C(NN=Cc1ccc([N+](=O)[O-])cc1)Nc1ccc(C(=O)O)cc1,4.2993331,Natural,True,,SMILES O=C(NN=Cc1ccc([N+](=O)[O-])cc1)Nc1ccc(C(=O)O)cc1
20995,SMILES CCCCCc1cccs1,3.55587792,Natural,True,,SMILES CCCCCc1cccs1
200532,,3.55293727,Natural,False,,
401420,SMILES O=C1CS(=O)(=O)C(c2cccc(Oc3ccccc3)c2)N1C1CC1,4.39421225,Natural,True,,SMILES O=C1CS(=O)(=O)C(c2cccc(Oc3ccccc3)c2)N1C1CC1
301225,SMILES Cc1c(C2=NCC(C)S2)ccc(O)c1N,3.18860245,Natural,True,,SMILES Cc1c(C2=NCC(C)S2)ccc(O)c1N
400528,SMILES O=C1OCCC1=NNc1ccc(S(=O)(=O)Nc2ccccn2)cc1,4.25440931,Natural,True,,SMILES O=C1OCCC1=NNc1ccc(S(=O)(=O)Nc2ccccn2)cc1
5484,SMILES CN1CCCC(=C(c2cccs2)c2cccs2)C1,4.79132986,Natural,True,,SMILES CN1CCCC(=C(c2cccs2)c2cccs2)C1
201218,SMILES O=C(OCCCc1ccncc1)c1ccccc1Cl,4.31014824,Natural,True,,SMILES O=C(OCCCc1ccncc1)c1ccccc1Cl
201220,SMILES CC(C)(C)c1cccc(OCC2CN=C(S)O2)c1,3.80918574,Natural,True,,SMILES CC(C)(C)c1cccc(OCC2CN=C(S)O2)c1
400203,SMILES O=c1[nH]c(=Cc2ccc(OCc3ccccc3)cn2)c(=O)[nH]c1=Cc1ccc(O)cc1,4.63937807,Natural,True,,SMILES O=c1[nH]c(=Cc2ccc(OCc3ccccc3)cn2)c(=O)[nH]c1=Cc1ccc(O)cc1
100745,,3.20401359,Natural,False,,
20671,SMILES O=C(OCCN1CCOCC1)C(O)(c1ccccc1)c1ccccc1,3.68457031,Natural,True,,SMILES O=C(OCCN1CCOCC1)C(O)(c1ccccc1)c1ccccc1
400426,SMILES CN(C)c1ncc(-c2c[nH]c3ccccc23)nc1-c1c[nH]c2ccccc12,4.94068575,Natural,True,,SMILES CN(C)c1ncc(-c2c[nH]c3ccccc23)nc1-c1c[nH]c2ccccc12
400260,SMILES COC(=O)CC1ON(Cc2cccc3c2OC(C)(C)C3)C(=O)N1c1ccc(Cl)cc1Cl,4.47775841,Natural,True,,SMILES COC(=O)CC1ON(Cc2cccc3c2OC(C)(C)C3)C(=O)N1c1ccc(Cl)cc1Cl
301244,SMILES CCON=C(C(N)=O)c1ccccc1,3.35650563,Natural,True,,SMILES CCON=C(C(N)=O)c1ccccc1
50098,SMILES Cc1ccc(O)c([N+](=O)[O-])c1[N+](=O)[O-],3.67757964,Natural,True,,SMILES Cc1ccc(O)c([N+](=O)[O-])c1[N+](=O)[O-]
201392,SMILES Nc1ccc(OCCCCCN2C(=O)c3ccccc3C2=O)c(CO)c1,4.34246016,Natural,True,,SMILES Nc1ccc(OCCCCCN2C(=O)c3ccccc3C2=O)c(CO)c1
300958,SMILES ClC1=C(Cl)C2CCC1C2,3.45343518,Natural,True,,SMILES ClC1=C(Cl)C2CCC1C2
2107,SMILES CC(N)Cc1c[nH]c2ccc(O)cc12,3.47066426,Natural,True,,SMILES CC(N)Cc1c[nH]c2ccc(O)cc12
401213,SMILES COc1ccc(CNc2ncnc3c2ncn3C2OC(CO)C(O)C2O)cc1,4.46997833,Natural,True,,SMILES COc1ccc(CNc2ncnc3c2ncn3C2OC(CO)C(O)C2O)cc1
400771,SMILES O=C(CC1NCCCC1O)Cn1cnc2cc(Br)c(Cl)cc2c1=O,4.72954559,Natural,True,,SMILES O=C(CC1NCCCC1O)Cn1cnc2cc(Br)c(Cl)cc2c1=O
6793,SMILES Nc1cccc2c(S(=O)(=O)O)cccc12,4.42750502,Natural,True,,SMILES Nc1cccc2c(S(=O)(=O)O)cccc12
401788,SMILES COC1=CCC2=C(CCN(C(=O)C3CC3)C2Cc2ccc(OC)c(O)c2)C1,5.05125999,Natural,True,,SMILES COC1=CCC2=C(CCN(C(=O)C3CC3)C2Cc2ccc(OC)c(O)c2)C1
5457,SMILES COc1ccc(CN(CCN(C)C)c2ncccn2)cc1,3.8110497,Natural,True,,SMILES COc1ccc(CN(CCN(C)C)c2ncccn2)cc1
50032,SMILES COc1ccccc1NC(=O)OCC[NH+](C)C,3.03580093,Natural,True,,SMILES COc1ccccc1NC(=O)OCC[NH+](C)C
20242,SMILES CC(=O)Oc1cc2c(c(OC(C)=O)c1)C1CCC3(C)C(OC(C)=O)CCC3C1CC2,5.7963872,Natural,True,,SMILES CC(=O)Oc1cc2c(c(OC(C)=O)c1)C1CCC3(C)C(OC(C)=O)CCC3C1CC2
401792,SMILES COc1cc(Br)c(CC2C3=C(CCN2C(=O)C2CCC2)CC2(CC3)OCCO2)cc1O,4.72854662,Natural,True,,SMILES COc1cc(Br)c(CC2C3=C(CCN2C(=O)C2CCC2)CC2(CC3)OCCO2)cc1O
401044,SMILES Cc1c2c(c(C)n1-c1ccccc1)C(=O)N(COCCSc1ccccc1)C2=O,5.26133728,Natural,True,,SMILES Cc1c2c(c(C)n1-c1ccccc1)C(=O)N(COCCSc1ccccc1)C2=O
400931,SMILES CC(Cc1ccccc1C#N)=NNC(N)=O,3.53206515,Natural,True,,SMILES CC(Cc1ccccc1C#N)=NNC(N)=O
401143,SMILES COc1cc2nc(C34CC5CC(CC(C5)C3)C4)oc(=O)c2cc1OC,4.71644545,Natural,True,,SMILES COc1cc2nc(C34CC5CC(CC(C5)C3)C4)oc(=O)c2cc1OC
5355,SMILES CCN1CCCC1CNC(=O)c1cc(S(N)(=O)=O)ccc1OC,3.77626157,Natural,True,,SMILES CCN1CCCC1CNC(=O)c1cc(S(N)(=O)=O)ccc1OC
301084,SMILES CCCCOC1OCN(C)CC1(C)C,3.92779922,Natural,True,,SMILES CCCCOC1OCN(C)CC1(C)C
20812,SMILES O=C(O)c1cccc(Cl)n1,3.57629395,Natural,True,,SMILES O=C(O)c1cccc(Cl)n1
400942,SMILES CCCc1nc2ccccc2nc1Nc1ccc2nnn(CC(=O)O)c2c1,5.86815405,Natural,True,,SMILES CCCc1nc2ccccc2nc1Nc1ccc2nnn(CC(=O)O)c2c1
20966,SMILES CC1Cc2ccc(C(=O)NC(Cc3ccccc3)C(=O)O)c(O)c2C(=O)O1,4.18259382,Natural,True,,SMILES CC1Cc2ccc(C(=O)NC(Cc3ccccc3)C(=O)O)c(O)c2C(=O)O1
200490,,3.41485858,Natural,False,,
5359,SMILES CC(C(=O)O)c1ccc(C(=O)c2cccs2)cc1,4.36796951,Natural,True,,SMILES CC(C(=O)O)c1ccc(C(=O)c2cccs2)cc1
300320,SMILES CC12CC(O)C(C=C1c1ccccc1)C2(C)C,4.70495081,Natural,True,,SMILES CC12CC(O)C(C=C1c1ccccc1)C2(C)C
5769,SMILES C=CC1CN2CCC1CC2C(O)c1ccnc2ccc(OC)cc12,4.51308203,Natural,True,,SMILES C=CC1CN2CCC1CC2C(O)c1ccnc2ccc(OC)cc12
300967,SMILES CC(C)(C)Nc1ccc(C#N)cc1,3.15517688,Natural,True,,SMILES CC(C)(C)Nc1ccc(C#N)cc1
497,SMILES NC(=O)CCCCC1SCC2NC(=O)NC21,3.71335721,Natural,True,,SMILES NC(=O)CCCCC1SCC2NC(=O)NC21
200265,,3.4676311,Natural,False,,
5560,SMILES NS(=O)(=O)c1cc2c(cc1Cl)NC(C(Cl)Cl)NS2(=O)=O,4.65342236,Natural,True,,SMILES NS(=O)(=O)c1cc2c(cc1Cl)NC(C(Cl)Cl)NS2(=O)=O
201954,SMILES Nc1nc(CCN2CCN(c3ccc(Cl)cc3)CC2)nc(NC2CCCCC2)n1,4.91392851,Natural,True,,SMILES Nc1nc(CCN2CCN(c3ccc(Cl)cc3)CC2)nc(NC2CCCCC2)n1
301201,SMILES CC(C)(C)C(=O)c1ccc(-c2ccccc2)cc1,4.083426,Natural,True,,SMILES CC(C)(C)C(=O)c1ccc(-c2ccccc2)cc1
401844,SMILES NCC(=O)N1CCN(CCCc2ccccc2)CC1,3.5704639,Natural,True,,SMILES NCC(=O)N1CCN(CCCc2ccccc2)CC1
201197,SMILES Nc1ccc(C(=O)N2CCN(Cc3ccc4c(c3)OCO4)CC2)cc1,4.03455305,Natural,True,,SMILES Nc1ccc(C(=O)N2CCN(Cc3ccc4c(c3)OCO4)CC2)cc1
300431,SMILES Cc1ccc(CCC(=O)O)c2ccccc12,4.57737875,Natural,True,,SMILES Cc1ccc(CCC(=O)O)c2ccccc12
21058,SMILES CC(C)COC(=O)COc1cc(Cl)c(Cl)cc1Cl,3.3808701,Natural,True,,SMILES CC(C)COC(=O)COc1cc(Cl)c(Cl)cc1Cl
201859,SMILES OCC(CN1CCCCC1)c1ccccc1,2.97574353,Natural,True,,SMILES OCC(CN1CCCCC1)c1ccccc1
5467,SMILES CCN(CC)CCNC(=O)c1cc(S(C)(=O)=O)ccc1OC,3.48010826,Natural,True,,SMILES CCN(CC)CCNC(=O)c1cc(S(C)(=O)=O)ccc1OC
20834,SMILES CCCc1cc(O)cc(O)c1C(=O)O,3.44881439,Natural,True,,SMILES CCCc1cc(O)cc(O)c1C(=O)O
20809,SMILES CC(=O)c1ccc2[nH]cc(CCN)c2c1,3.44178414,Natural,True,,SMILES CC(=O)c1ccc2[nH]cc(CCN)c2c1
400261,SMILES COC(=O)CC1ON(C)C(=O)N1c1ccc(Cl)cc1Cl,4.27531767,Natural,True,,SMILES COC(=O)CC1ON(C)C(=O)N1c1ccc(Cl)cc1Cl
401817,SMILES COc1ccccc1CC(=O)N1CCN(CCCc2ccccc2)CC1,3.76944637,Natural,True,,SMILES COc1ccccc1CC(=O)N1CCN(CCCc2ccccc2)CC1
201193,SMILES O=C(c1ccc2c(c1)OCCO2)N1CCN(Cc2ccc3c(c2)OCCO3)CC1,4.21236277,Natural,True,,SMILES O=C(c1ccc2c(c1)OCCO2)N1CCN(Cc2ccc3c(c2)OCCO3)CC1
400044,SMILES NC(=O)CCNC(=O)c1ccccc1SC(=O)CCCC[n+]1ccccc1,4.19502831,Natural,True,,SMILES NC(=O)CCNC(=O)c1ccccc1SC(=O)CCCC[n+]1ccccc1
6390,SMILES SC(Cl)(Cl)Cl,3.56951642,Natural,True,,SMILES SC(Cl)(Cl)Cl
300563,SMILES Fc1c(F)c(F)c(P(c2ccccc2)c2ccccc2)c(F)c1F,5.39970541,Natural,True,,SMILES Fc1c(F)c(F)c(P(c2ccccc2)c2ccccc2)c(F)c1F
200108,,5.46843576,Natural,False,,
6693,SMILES O=C1OC(=O)c2cccc3cccc1c23,3.25890923,Natural,True,,SMILES O=C1OC(=O)c2cccc3cccc1c23
300689,SMILES Oc1ccccc1OCCOCCOc1ccccc1O,3.47707343,Natural,True,,SMILES Oc1ccccc1OCCOCCOc1ccccc1O
2049,SMILES COc1cc2ncc(-c3ccccc3)nc2cc1OC,4.22753525,Natural,True,,SMILES COc1cc2ncc(-c3ccccc3)nc2cc1OC
301421,SMILES OC1c2ccccc2-c2ccc(Cl)cc21,2.9258821,Natural,True,,SMILES OC1c2ccccc2-c2ccc(Cl)cc21
2970,SMILES C=C1OC(CO)(n2cnc3c(N)ncnc32)C(O)C1O,2.98339438,Natural,True,,SMILES C=C1OC(CO)(n2cnc3c(N)ncnc32)C(O)C1O
200085,,3.13605881,Natural,False,,
201761,SMILES CCN(CC)C(=O)COC(=O)c1ccccc1C,3.9425118,Natural,True,,SMILES CCN(CC)C(=O)COC(=O)c1ccccc1C
20018,,3.51353717,Natural,False,,
21120,SMILES CCN1C(=O)c2ccccc2C1=O,3.51945043,Natural,True,,SMILES CCN1C(=O)c2ccccc2C1=O
50052,SMILES CCCCOc1ccc(NC(=O)OCC[NH+](C)C)cc1,3.70293736,Natural,True,,SMILES CCCCOc1ccc(NC(=O)OCC[NH+](C)C)cc1
201663,SMILES CC(C(=O)NC(=O)NC1CCc2ccccc21)N(C)C,3.42845893,Natural,True,,SMILES CC(C(=O)NC(=O)NC1CCc2ccccc21)N(C)C
20869,SMILES CNC(=O)c1ccc(N=C(N)[NH2+]C(=N)N)cc1,3.77683043,Natural,True,,SMILES CNC(=O)c1ccc(N=C(N)[NH2+]C(=N)N)cc1
301061,SMILES O=C1CCC(=O)N1CCC(=O)N(C(=O)NC1CCCCC1)C1CCCCC1,4.64629221,Natural,True,,SMILES O=C1CCC(=O)N1CCC(=O)N(C(=O)NC1CCCCC1)C1CCCCC1
6851,SMILES Nc1ccc2cc(S(=O)(=O)O)cc(S(=O)(=O)O)c2c1,3.72822642,Natural,True,,SMILES Nc1ccc2cc(S(=O)(=O)O)cc(S(=O)(=O)O)c2c1
400520,SMILES Cc1c(C#N)c2nc3ccccc3n2c(=O)c1=CNc1ccc(F)cc1,5.83968687,Natural,True,,SMILES Cc1c(C#N)c2nc3ccccc3n2c(=O)c1=CNc1ccc(F)cc1
401972,SMILES O=c1[nH][nH]c(-c2ccccc2)c2nc3c(c1-2)CCc1ccccc1-3,5.44875193,Natural,True,,SMILES O=c1[nH][nH]c(-c2ccccc2)c2nc3c(c1-2)CCc1ccccc1-3
200057,,4.28229856,Natural,False,,
300575,SMILES O=c1nc(-c2cccc3ccccc23)[nH]c2ccccc12,3.8691082,Natural,True,,SMILES O=c1nc(-c2cccc3ccccc23)[nH]c2ccccc12
300741,SMILES O=C1c2ccccc2C(=O)N1CCOCCOCCN1C(=O)c2ccccc2C1=O,3.86181259,Natural,True,,SMILES O=C1c2ccccc2C(=O)N1CCOCCOCCN1C(=O)c2ccccc2C1=O
20462,SMILES C=CCOc1nc(Cl)nc(NCC)n1,3.66764355,Natural,True,,SMILES C=CCOc1nc(Cl)nc(NCC)n1
201775,SMILES Nc1[nH]ncc1-c1ccc(C(F)(F)F)cc1,3.34640718,Natural,True,,SMILES Nc1[nH]ncc1-c1ccc(C(F)(F)F)cc1
400657,SMILES Cc1cc2c(cc1Cl)Sc1nnc(Nc3ccccc3)n1S2(=O)=O,5.11231089,Natural,True,,SMILES Cc1cc2c(cc1Cl)Sc1nnc(Nc3ccccc3)n1S2(=O)=O
300853,SMILES N#CC(=Cc1cc(Br)cc(Br)c1O)c1ccc([N+](=O)[O-])cc1,5.41293764,Natural,True,,SMILES N#CC(=Cc1cc(Br)cc(Br)c1O)c1ccc([N+](=O)[O-])cc1
5333,SMILES Nc1ccc(S(N)(=O)=O)cc1,3.12565994,Natural,True,,SMILES Nc1ccc(S(N)(=O)=O)cc1
6838,SMILES O=NN(c1ccccc1)c1ccccc1,3.12053561,Natural,True,,SMILES O=NN(c1ccccc1)c1ccccc1
2118,SMILES Cc1nnc2n1-c1ccc(Cl)cc1C(c1ccccc1)=NC2,5.84150314,Natural,True,,SMILES Cc1nnc2n1-c1ccc(Cl)cc1C(c1ccccc1)=NC2
401384,SMILES COc1ccc2c(c1)CC1C(C)(C)CCCC1(C)O2,4.69565773,Natural,True,,SMILES COc1ccc2c(c1)CC1C(C)(C)CCCC1(C)O2
5778,SMILES CSc1ncnc2nc[nH]c12,3.67096639,Natural,True,,SMILES CSc1ncnc2nc[nH]c12
400522,SMILES Cc1c(C#N)c2nc3ccccc3n2c(=O)c1=CNCCO,5.36149645,Natural,True,,SMILES Cc1c(C#N)c2nc3ccccc3n2c(=O)c1=CNCCO
21169,SMILES CC(=O)Nc1ccc2oc(=O)c3ccccc3c2c1,3.41501546,Natural,True,,SMILES CC(=O)Nc1ccc2oc(=O)c3ccccc3c2c1
20044,,4.09471941,Natural,False,,
401653,SMILES COc1cccc(-c2cccc(SC)n2)n1,3.30536389,Natural,True,,SMILES COc1cccc(-c2cccc(SC)n2)n1
6445,SMILES COc1ccc2c3c1OC1C(=O)CCC4(O)C(C2)N(C)CCC314,4.50174475,Natural,True,,SMILES COc1ccc2c3c1OC1C(=O)CCC4(O)C(C2)N(C)CCC314
400834,SMILES O=C(Nc1nn2c(COc3ccc(Cl)cc3)nnc2s1)c1ccccc1,4.82097244,Natural,True,,SMILES O=C(Nc1nn2c(COc3ccc(Cl)cc3)nnc2s1)c1ccccc1
5585,SMILES Cc1cc2cc3c(C)cc(=O)oc3c(C)c2o1,4.03562164,Natural,True,,SMILES Cc1cc2cc3c(C)cc(=O)oc3c(C)c2o1
5943,SMILES ClC(Cl)(Cl)Cl,3.19634175,Natural,True,,SMILES ClC(Cl)(Cl)Cl
200470,,3.84253812,Natural,False,,
301047,SMILES OCC(O)C(O)C(O)C1SCCS1,2.99288535,Natural,True,,SMILES OCC(O)C(O)C(O)C1SCCS1
20277,SMILES CCCCC1(CC)C(=O)NC(=O)N(C)C1=O,4.76384163,Natural,True,,SMILES CCCCC1(CC)C(=O)NC(=O)N(C)C1=O
2796,SMILES CCOC(=O)C(C)(C)Oc1ccc(Cl)cc1,3.10103226,Natural,True,,SMILES CCOC(=O)C(C)(C)Oc1ccc(Cl)cc1
301094,SMILES CCCCCC(CN(C)C)C(O)C=Cc1ccc(Cl)cc1,4.01727676,Natural,True,,SMILES CCCCCC(CN(C)C)C(O)C=Cc1ccc(Cl)cc1
401079,SMILES CCCCn1c(C)c2c(c1C)C(=O)N(CCOc1nsc3nc(C)cc(C)c13)C2=O,5.34845781,Natural,True,,SMILES CCCCn1c(C)c2c(c1C)C(=O)N(CCOc1nsc3nc(C)cc(C)c13)C2=O
401681,SMILES O=C1CCCC2C3CC(CN12)C1C(CCCN1Cc1ccccc1)C3O,5.17034101,Natural,True,,SMILES O=C1CCCC2C3CC(CN12)C1C(CCCN1Cc1ccccc1)C3O
954,SMILES NC(CCOC(=O)CCC(=O)O)C(=O)O,3.87741375,Natural,True,,SMILES NC(CCOC(=O)CCC(=O)O)C(=O)O
200111,,4.21518898,Natural,False,,
400198,SMILES CCCNC(=O)C(Cc1ccc(OC(C)=O)cn1)NC(=O)OC(C)(C)C,4.07075119,Natural,True,,SMILES CCCNC(=O)C(Cc1ccc(OC(C)=O)cn1)NC(=O)OC(C)(C)C
300687,SMILES C1=CC2(CCC13CS3)CS2,3.87320256,Natural,True,,SMILES C1=CC2(CCC13CS3)CS2
201965,SMILES CCCc1cc(CCC)c(O)c(C(=O)OC)c1,3.60144591,Natural,True,,SMILES CCCc1cc(CCC)c(O)c(C(=O)OC)c1
401566,SMILES Clc1ccc(Cc2nc3ccccc3o2)cc1,3.4864254,Natural,True,,SMILES Clc1ccc(Cc2nc3ccccc3o2)cc1
300888,SMILES O=C1c2ccccc2C(=O)N1CNc1ccc(Br)c(Cl)c1,4.77988958,Natural,True,,SMILES O=C1c2ccccc2C(=O)N1CNc1ccc(Br)c(Cl)c1
300077,SMILES Nc1cc(S(N)(=O)=O)ccc1N1CCCC1,3.73526382,Natural,True,,SMILES Nc1cc(S(N)(=O)=O)ccc1N1CCCC1
DECOY_decoy_5282443,SMILES Cc1ccc(/C(=C\CN2CCCC2)c2ccccn2)cc1,3.89482331,Natural,True,,SMILES Cc1ccc(/C(=C\CN2CCCC2)c2ccccn2)cc1
400457,SMILES Cc1c(-c2ccccc2)n(C)c2cn[nH]c(=O)c12,4.16257095,Natural,True,,SMILES Cc1c(-c2ccccc2)n(C)c2cn[nH]c(=O)c12
400627,SMILES CN(CCNC(=O)c1c[nH]c2c1Cc1ccccc1-2)CCNC(=O)c1c[nH]c2c1Cc1ccccc1-2,4.51890802,Natural,True,,SMILES CN(CCNC(=O)c1c[nH]c2c1Cc1ccccc1-2)CCNC(=O)c1c[nH]c2c1Cc1ccccc1-2
300990,SMILES CNCCC(=O)c1ccc(OC)cc1,3.17004037,Natural,True,,SMILES CNCCC(=O)c1ccc(OC)cc1
2031,SMILES CCN(CC)CCOC(=O)C(c1ccccc1)c1ccccc1,3.93633246,Natural,True,,SMILES CCN(CC)CCOC(=O)C(c1ccccc1)c1ccccc1
200453,,3.29955935,Natural,False,,
300016,SMILES O=C1OC2CC1CCC2Br,3.80263877,Natural,True,,SMILES O=C1OC2CC1CCC2Br
201889,SMILES CCN(CC)CCN(Cc1ccco1)c1ccccn1,3.28229904,Natural,True,,SMILES CCN(CC)CCN(Cc1ccco1)c1ccccn1
979,SMILES O=C(O)C(=O)Cc1ccc(O)cc1,3.43150711,Natural,True,,SMILES O=C(O)C(=O)Cc1ccc(O)cc1
401641,SMILES Clc1ccc2nc(CC3CCCC3)[nH]c2c1,3.82992864,Natural,True,,SMILES Clc1ccc2nc(CC3CCCC3)[nH]c2c1
2829,SMILES O=C1N2C=C(c3ccc(O)cc3)N=C(Cc3ccccc3)C2=NC1(O)Cc1ccc(O)cc1,4.84078932,Natural,True,,SMILES O=C1N2C=C(c3ccc(O)cc3)N=C(Cc3ccccc3)C2=NC1(O)Cc1ccc(O)cc1
200022,,2.95433879,Natural,False,,
201621,SMILES O=C(O)C(CCN1CCCCC1)c1cccc2ccccc12,3.36697102,Natural,True,,SMILES O=C(O)C(CCN1CCCCC1)c1cccc2ccccc12
301099,SMILES CSc1nc([N+](=O)[O-])c2cnccn12,4.01994705,Natural,True,,SMILES CSc1nc([N+](=O)[O-])c2cnccn12
20602,SMILES CC[NH+]1CCc2c(O)cccc2C1,3.09044647,Natural,True,,SMILES CC[NH+]1CCc2c(O)cccc2C1
401415,SMILES COc1cccc(N2C(=O)CS(=O)(=O)C2c2cccc(Oc3ccccc3)c2)c1,4.5767808,Natural,True,,SMILES COc1cccc(N2C(=O)CS(=O)(=O)C2c2cccc(Oc3ccccc3)c2)c1
401448,SMILES CCCNP(C)(=O)C(NC(=O)OCC)(C(F)(F)F)C(F)(F)F,3.94665456,Natural,True,,SMILES CCCNP(C)(=O)C(NC(=O)OCC)(C(F)(F)F)C(F)(F)F
201252,SMILES Nc1nnc(C(c2ccccc2)c2ccccc2)o1,4.24593782,Natural,True,,SMILES Nc1nnc(C(c2ccccc2)c2ccccc2)o1
20857,SMILES CCNc1nc(Cl)nc(OCC)n1,3.69103146,Natural,True,,SMILES CCNc1nc(Cl)nc(OCC)n1
92,SMILES C=CC1(O)CN2CCC1CC2C(O)c1ccnc2ccc(OC)cc12,4.82314682,Natural,True,,SMILES C=CC1(O)CN2CCC1CC2C(O)c1ccnc2ccc(OC)cc12
20499,SMILES c1coc(CSSCc2ccco2)c1,3.90425372,Natural,True,,SMILES c1coc(CSSCc2ccco2)c1
5853,SMILES COP(=O)(OC)C(O)C(Cl)(Cl)Cl,3.27378392,Natural,True,,SMILES COP(=O)(OC)C(O)C(Cl)(Cl)Cl
300894,SMILES CCOC(=O)c1ccc(NC(S)=NC(=O)c2ccccc2)cc1,4.155334,Natural,True,,SMILES CCOC(=O)c1ccc(NC(S)=NC(=O)c2ccccc2)cc1
7,SMILES CCn1cnc2c(N)ncnc21,3.18087125,Natural,True,,SMILES CCn1cnc2c(N)ncnc21
200195,,4.53752089,Natural,False,,
201225,SMILES NS(=O)(=O)c1ccc(-c2nc(S)n[nH]2)cc1,3.7130115,Natural,True,,SMILES NS(=O)(=O)c1ccc(-c2nc(S)n[nH]2)cc1
401991,SMILES O=c1c(-c2ccccc2)nnc2sc(CNc3ccc(Cl)cc3)nn12,5.0174098,Natural,True,,SMILES O=c1c(-c2ccccc2)nnc2sc(CNc3ccc(Cl)cc3)nn12
400062,SMILES CCCCCC1OC(=O)C2(CC3c4ccccc4C2c2ccccc23)C1C(=O)OC,5.04948759,Natural,True,,SMILES CCCCCC1OC(=O)C2(CC3c4ccccc4C2c2ccccc23)C1C(=O)OC
2998,SMILES CCCCCCCCC(=O)NCc1ccc(O)c(OC)c1,4.53809404,Natural,True,,SMILES CCCCCCCCC(=O)NCc1ccc(O)c(OC)c1
5273,SMILES Nc1ncnc2c1[nH]c[n+]2C1CCCO1,3.66726494,Natural,True,,SMILES Nc1ncnc2c1[nH]c[n+]2C1CCCO1
20491,SMILES OC(CN1CCOCC1)c1ccccc1,2.81112361,Natural,True,,SMILES OC(CN1CCOCC1)c1ccccc1
50048,SMILES CCCCOc1ccccc1NC(=O)OCC[NH+](C)C,3.43500638,Natural,True,,SMILES CCCCOc1ccccc1NC(=O)OCC[NH+](C)C
201532,SMILES Cc1ccc(C(=O)Nc2ccccc2OCC(=O)O)cc1,4.02100754,Natural,True,,SMILES Cc1ccc(C(=O)Nc2ccccc2OCC(=O)O)cc1
21034,SMILES CCCc1ccc(Sc2[nH]c3ccccc3[n+]2CCN(CC)CC)cc1,4.26223469,Natural,True,,SMILES CCCc1ccc(Sc2[nH]c3ccccc3[n+]2CCN(CC)CC)cc1
301286,SMILES COC(=O)C(Cc1cccnc1)NC(=O)c1ccccc1,3.33387685,Natural,True,,SMILES COC(=O)C(Cc1cccnc1)NC(=O)c1ccccc1
400563,SMILES C=C1CN2CC(=C)CN(C1)S2(=O)=O,3.31348825,Natural,True,,SMILES C=C1CN2CC(=C)CN(C1)S2(=O)=O
401796,SMILES COC(=O)C12C3CC(=O)CC3C3(C(=O)OC)C(OC(C)=O)C1CC(=O)CC23O,3.39211392,Natural,True,,SMILES COC(=O)C12C3CC(=O)CC3C3(C(=O)OC)C(OC(C)=O)C1CC(=O)CC23O
301153,SMILES O=C1CCC2(CCC3CCC4(CCC(=O)O4)C32)O1,3.87354779,Natural,True,,SMILES O=C1CCC2(CCC3CCC4(CCC(=O)O4)C32)O1
50045,SMILES CCCOc1cccc(NC(=O)OCCN(C)C)c1,3.65175438,Natural,True,,SMILES CCCOc1cccc(NC(=O)OCCN(C)C)c1
20825,SMILES O=C(O)CN1C(=O)c2ccccc2C1=O,3.69756508,Natural,True,,SMILES O=C(O)CN1C(=O)c2ccccc2C1=O
400550,SMILES Nc1ccc(-c2cssc2=S)cc1,3.22037578,Natural,True,,SMILES Nc1ccc(-c2cssc2=S)cc1
301231,SMILES Cc1cc(O)ccc1C1=NCC(C)S1,3.14695811,Natural,True,,SMILES Cc1cc(O)ccc1C1=NCC(C)S1
201554,SMILES O=C(C[P+](c1ccccc1)(c1ccccc1)c1ccccc1)c1ccccc1,5.42094946,Natural,True,,SMILES O=C(C[P+](c1ccccc1)(c1ccccc1)c1ccccc1)c1ccccc1
301135,SMILES CC12CCC(O)(CC1)CC2=O,3.75047016,Natural,True,,SMILES CC12CCC(O)(CC1)CC2=O
2119,SMILES C=CCc1ccccc1OCC(O)CNC(C)C,4.10149574,Natural,True,,SMILES C=CCc1ccccc1OCC(O)CNC(C)C
300313,SMILES CC1=CCCCC1Br,3.71275139,Natural,True,,SMILES CC1=CCCCC1Br
401511,SMILES CC(C)=NNC(=O)Nc1ccc(Br)cc1,3.72580028,Natural,True,,SMILES CC(C)=NNC(=O)Nc1ccc(Br)cc1
400054,SMILES O=c1[nH][nH]cc2nc(-c3ccccc3)cc1-2,3.15822721,Natural,True,,SMILES O=c1[nH][nH]cc2nc(-c3ccccc3)cc1-2
400219,SMILES O=C1NC2C(=O)c3c(Cl)sc(Cl)c3C2O1,3.14497447,Natural,True,,SMILES O=C1NC2C(=O)c3c(Cl)sc(Cl)c3C2O1
20292,SMILES CCN(CC)CCOC(=O)c1cc(OC)c(OC)c(OC)c1,3.19356275,Natural,True,,SMILES CCN(CC)CCOC(=O)c1cc(OC)c(OC)c(OC)c1
6865,SMILES Nc1cccc2cc(O)ccc12,3.71317482,Natural,True,,SMILES Nc1cccc2cc(O)ccc12
21007,SMILES CCOP(=S)(OCC)OCCS(=O)(=O)CC,3.0332849,Natural,True,,SMILES CCOP(=S)(OCC)OCCS(=O)(=O)CC
300728,SMILES CC(C)(C)OC(=O)NC1CCCCC1,3.1068871,Natural,True,,SMILES CC(C)(C)OC(=O)NC1CCCCC1
397,SMILES NC(=O)Cc1c[nH]c2ccccc12,2.96494079,Natural,True,,SMILES NC(=O)Cc1c[nH]c2ccccc12
6588,SMILES BrC(Br)C(Br)Br,3.39904284,Natural,True,,SMILES BrC(Br)C(Br)Br
400556,SMILES C=C(C)CC(Sc1nc2ccccc2s1)C(C)O,4.30853415,Natural,True,,SMILES C=C(C)CC(Sc1nc2ccccc2s1)C(C)O
6989,SMILES Cc1ccc(C(C)C)c(O)c1,3.60750937,Natural,True,,SMILES Cc1ccc(C(C)C)c(O)c1
401665,SMILES CCN(CC)P(=O)(NC(=O)c1ccccc1)N(CC)CC,3.5143311,Natural,True,,SMILES CCN(CC)P(=O)(NC(=O)c1ccccc1)N(CC)CC
200429,,3.53991008,Natural,False,,
300746,SMILES C=C(Cl)CN1C(=O)c2ccccc2C1=O,3.97764015,Natural,True,,SMILES C=C(Cl)CN1C(=O)c2ccccc2C1=O
2006,,3.7960217,Natural,False,,
401095,SMILES CC(=NNc1cc(CN2CCCC2)c(-c2ccc(Cl)cc2)nn1)C(=O)O,4.89807844,Natural,True,,SMILES CC(=NNc1cc(CN2CCCC2)c(-c2ccc(Cl)cc2)nn1)C(=O)O
300794,SMILES CCOP(=O)(OCC)c1ccccc1C(=O)Nc1ccccc1,3.88426208,Natural,True,,SMILES CCOP(=O)(OCC)c1ccccc1C(=O)Nc1ccccc1
301278,SMILES CCOC(=O)CP(=O)(OC)c1ccccc1,2.95807457,Natural,True,,SMILES CCOC(=O)CP(=O)(OC)c1ccccc1
301090,SMILES CCCCN1COC(OCC)C(C)(C)C1,2.96590686,Natural,True,,SMILES CCCCN1COC(OCC)C(C)(C)C1
300726,SMILES C1c2nnnn2Cc2nnnn21,3.26464581,Natural,True,,SMILES C1c2nnnn2Cc2nnnn21
201427,SMILES CCC1(OC(=O)c2ccccc2)CCCCC1CN(C)C,4.6787982,Natural,True,,SMILES CCC1(OC(=O)c2ccccc2)CCCCC1CN(C)C
201514,SMILES CC1(C2CCCCC2)CCC(=O)N1,4.16802025,Natural,True,,SMILES CC1(C2CCCCC2)CCC(=O)N1
201741,SMILES CC[N+](CC)(CC)CCNC(=O)COc1ccc(Cl)cc1,3.14745712,Natural,True,,SMILES CC[N+](CC)(CC)CCNC(=O)COc1ccc(Cl)cc1
2986,SMILES C=CCCCCCC(O)C=CC#CC#CC(O)C=C,4.42611742,Natural,True,,SMILES C=CCCCCCC(O)C=CC#CC#CC(O)C=C
401714,SMILES COC1CCC2CCCC(=NN=C(N)S)C23CCCC13,4.83074951,Natural,True,,SMILES COC1CCC2CCCC(=NN=C(N)S)C23CCCC13
5402,SMILES CN(CC=CC#CC(C)(C)C)Cc1cccc2ccccc12,4.57624578,Natural,True,,SMILES CN(CC=CC#CC(C)(C)C)Cc1cccc2ccccc12
5575,SMILES O=C1N(Cc2ccccc2)C2C[SH]3CCCC3C2N1Cc1ccccc1,4.68616343,Natural,True,,SMILES O=C1N(Cc2ccccc2)C2C[SH]3CCCC3C2N1Cc1ccccc1
201957,SMILES CC(Cc1nc(N)nc(N2CCOCC2)n1)N1CCN(c2ccccc2)CC1,4.53440666,Natural,True,,SMILES CC(Cc1nc(N)nc(N2CCOCC2)n1)N1CCN(c2ccccc2)CC1
991,SMILES CCOP(=S)(OCC)Oc1ccc([N+](=O)[O-])cc1,3.58664513,Natural,True,,SMILES CCOP(=S)(OCC)Oc1ccc([N+](=O)[O-])cc1
724,SMILES O=C(O)C(O)COP(=O)(O)O,4.30732489,Natural,True,,SMILES O=C(O)C(O)COP(=O)(O)O
401163,SMILES C(=Cc1nccs1)c1cccc(C=Cc2nccs2)n1,5.48631287,Natural,True,,SMILES C(=Cc1nccs1)c1cccc(C=Cc2nccs2)n1
5328,SMILES Cc1nnc(NS(=O)(=O)c2ccc(N)cc2)s1,3.76444364,Natural,True,,SMILES Cc1nnc(NS(=O)(=O)c2ccc(N)cc2)s1
400688,SMILES CC1=NN(c2nc(N)nc(Cn3ccnc3)n2)C(C)(C)C1,4.82093763,Natural,True,,SMILES CC1=NN(c2nc(N)nc(Cn3ccnc3)n2)C(C)(C)C1
401483,SMILES CCOC(=O)C1C2C1C1C(C(=O)OCC)C21,3.95796275,Natural,True,,SMILES CCOC(=O)C1C2C1C1C(C(=O)OCC)C21
300774,SMILES Cc1ccc(C23CC4CC(CC(C4)C2)C3)cc1,4.13909864,Natural,True,,SMILES Cc1ccc(C23CC4CC(CC(C4)C2)C3)cc1
200356,,3.89370751,Natural,False,,
201659,SMILES O=C(Nc1cccnc1)OCc1cccnc1,3.29510427,Natural,True,,SMILES O=C(Nc1cccnc1)OCc1cccnc1
6740,SMILES Cc1c(Cl)cccc1[N+](=O)[O-],3.66000581,Natural,True,,SMILES Cc1c(Cl)cccc1[N+](=O)[O-]
2086,SMILES CNC(=O)ON=CC(C)(C)SC,3.390311,Natural,True,,SMILES CNC(=O)ON=CC(C)(C)SC
200165,,2.61048675,Natural,False,,
20856,SMILES COc1ccc(C(c2ccc(OC)cc2)C(C)(C)C)cc1,4.63295507,Natural,True,,SMILES COc1ccc(C(c2ccc(OC)cc2)C(C)(C)C)cc1
201874,SMILES CCOC(=O)c1cncn1C(CC)c1ccccc1,3.801018,Natural,True,,SMILES CCOC(=O)c1cncn1C(CC)c1ccccc1
300168,SMILES CCOc1nc(SCC)ncc1C,3.49551296,Natural,True,,SMILES CCOc1nc(SCC)ncc1C
300362,SMILES S=c1c2ccccc2oc2ccccc12,3.79989934,Natural,True,,SMILES S=c1c2ccccc2oc2ccccc12
400684,SMILES CC1=NN(c2nc(N)nc(C(C#N)=CC3COc4ccccc4C3=O)n2)C(C)(C)C1,5.54321718,Natural,True,,SMILES CC1=NN(c2nc(N)nc(C(C#N)=CC3COc4ccccc4C3=O)n2)C(C)(C)C1
201483,SMILES CCCCCCCC(O)CCO,3.34639359,Natural,True,,SMILES CCCCCCCC(O)CCO
669,SMILES CC(=O)C(O)COP(=O)(O)O,4.37322235,Natural,True,,SMILES CC(=O)C(O)COP(=O)(O)O
83,SMILES O=C(O)C(=O)C[PH](=O)O,3.7503736,Natural,True,,SMILES O=C(O)C(=O)C[PH](=O)O
20564,SMILES C=CCNc1nc(N[N+]#N)nc(OCC=C)n1,4.59589529,Natural,True,,SMILES C=CCNc1nc(N[N+]#N)nc(OCC=C)n1
400682,SMILES CC1=NN(c2nc(N)nc(C(C#N)=Cc3cc4ccccc4o3)n2)C(C)(C)C1,5.54244471,Natural,True,,SMILES CC1=NN(c2nc(N)nc(C(C#N)=Cc3cc4ccccc4o3)n2)C(C)(C)C1
401272,SMILES CC12C(c3cccc(Br)c3)=NOC1CCCC2O,3.72017789,Natural,True,,SMILES CC12C(c3cccc(Br)c3)=NOC1CCCC2O
400081,SMILES C=CCn1c(=O)c(C=C(O)OCC)nc2ccccc21,3.81784821,Natural,True,,SMILES C=CCn1c(=O)c(C=C(O)OCC)nc2ccccc21
300639,SMILES CN(C)c1cc(C(C)(C)C)nc(C(C)(C)C)c1,4.13252592,Natural,True,,SMILES CN(C)c1cc(C(C)(C)C)nc(C(C)(C)C)c1
300898,SMILES COc1ccc(CCNC(=O)c2cccc(Cl)c2)cc1OC,4.01869822,Natural,True,,SMILES COc1ccc(CCNC(=O)c2cccc(Cl)c2)cc1OC
401325,SMILES O=S1(=O)N=C(CCc2c[nH]c3ccccc23)N(c2ccccc2)c2ccncc21,5.20904684,Natural,True,,SMILES O=S1(=O)N=C(CCc2c[nH]c3ccccc23)N(c2ccccc2)c2ccncc21
401446,SMILES CCOC(=O)C1(C(F)(F)F)N=C(NC)O1,3.63709712,Natural,True,,SMILES CCOC(=O)C1(C(F)(F)F)N=C(NC)O1
21131,SMILES O=C1N(CCO)CCN1N=Cc1ccc([N+](=O)[O-])o1,3.4039185,Natural,True,,SMILES O=C1N(CCO)CCN1N=Cc1ccc([N+](=O)[O-])o1
20599,SMILES C1CCC2[I+]C3CCCCC3CC2C1,4.80274391,Natural,True,,SMILES C1CCC2[I+]C3CCCCC3CC2C1
2867,SMILES O=C(NC=Cc1c[nH]c2cc(Br)ccc12)C(=O)c1c[nH]c2ccccc12,4.38611269,Natural,True,,SMILES O=C(NC=Cc1c[nH]c2cc(Br)ccc12)C(=O)c1c[nH]c2ccccc12
401268,SMILES CC12C(c3ccccc3Cl)=NOC1CCCC2O,4.45872879,Natural,True,,SMILES CC12C(c3ccccc3Cl)=NOC1CCCC2O
300465,SMILES SC1=NC(c2cccs2)N2C(S)=NC(c3cccs3)N12,4.30042839,Natural,True,,SMILES SC1=NC(c2cccs2)N2C(S)=NC(c3cccs3)N12
401807,SMILES COc1cccc(CC(=O)N(C)CCN2CCCC2)c1,3.74140716,Natural,True,,SMILES COc1cccc(CC(=O)N(C)CCN2CCCC2)c1
300686,SMILES C1CC2(CCC13CS3)CS2,3.73809886,Natural,True,,SMILES C1CC2(CCC13CS3)CS2
20886,SMILES CN(C)CCCN1c2ccccc2C(C)(C)C2=CCC=CC21,4.39322615,Natural,True,,SMILES CN(C)CCCN1c2ccccc2C(C)(C)C2=CCC=CC21
401444,SMILES CC1=CC=CC2=NC(C(F)(F)F)(C(F)(F)F)NC(=O)N12,4.08997488,Natural,True,,SMILES CC1=CC=CC2=NC(C(F)(F)F)(C(F)(F)F)NC(=O)N12
400739,SMILES CCOC(=O)C(Cc1ccc(OC(=O)c2ccc(OC)cc2OC)cc1)NC(=O)C(F)(F)F,5.1462245,Natural,True,,SMILES CCOC(=O)C(Cc1ccc(OC(=O)c2ccc(OC)cc2OC)cc1)NC(=O)C(F)(F)F
5013,SMILES CN1CCN(c2ccc3ccccc3n2)CC1,3.1266377,Natural,True,,SMILES CN1CCN(c2ccc3ccccc3n2)CC1
501,SMILES CN(C)C(N)=NCCCC(N)C(=O)O,3.16790199,Natural,True,,SMILES CN(C)C(N)=NCCCC(N)C(=O)O
300882,SMILES O=P(O)(Nc1ccccc1)Nc1ccccc1,3.90897059,Natural,True,,SMILES O=P(O)(Nc1ccccc1)Nc1ccccc1
401147,SMILES Cc1cccc2nc(C34CC5CC(CC(C5)C3)C4)oc(=O)c12,4.67431974,Natural,True,,SMILES Cc1cccc2nc(C34CC5CC(CC(C5)C3)C4)oc(=O)c12
400205,SMILES COc1cc(Nc2nc3ccccc3n3cccc23)cc(OC)c1OC,3.72473264,Natural,True,,SMILES COc1cc(Nc2nc3ccccc3n3cccc23)cc(OC)c1OC
400844,SMILES CC=C(S(=O)(=O)c1ccccc1)S(=O)(=O)c1ccccc1,3.7734859,Natural,True,,SMILES CC=C(S(=O)(=O)c1ccccc1)S(=O)(=O)c1ccccc1
479,SMILES CC(C)(CO)C(O)C(=O)NCCC(=O)NCCS,3.0926311,Natural,True,,SMILES CC(C)(CO)C(O)C(=O)NCCC(=O)NCCS
20253,SMILES C=CCC(N)Cc1ccccc1,3.11722875,Natural,True,,SMILES C=CCC(N)Cc1ccccc1
300636,SMILES NCCCN1CCCN=C1C1=NCCCN1CCCN,3.94722438,Natural,True,,SMILES NCCCN1CCCN=C1C1=NCCCN1CCCN
20370,SMILES CCCCCC1(C)OCC(CO)O1,2.96740246,Natural,True,,SMILES CCCCCC1(C)OCC(CO)O1
300132,SMILES COc1cccc(C=NC2CC(C)CCC2C)c1OC,3.93148041,Natural,True,,SMILES COc1cccc(C=NC2CC(C)CCC2C)c1OC
5888,SMILES CC12CCCC1C1CCc3cc(O)ccc3C1CC2,4.90823126,Natural,True,,SMILES CC12CCCC1C1CCc3cc(O)ccc3C1CC2
200203,,4.99788046,Natural,False,,
430,SMILES CN1CCCC1c1ccc[n+](C)c1,3.002177,Natural,True,,SMILES CN1CCCC1c1ccc[n+](C)c1
6754,SMILES Cc1cc(N)c2ccccc2c1O,3.22628617,Natural,True,,SMILES Cc1cc(N)c2ccccc2c1O
5723,SMILES COc1cc(-c2ccc(=O)[nH]n2)ccc1OC(F)F,4.05061293,Natural,True,,SMILES COc1cc(-c2ccc(=O)[nH]n2)ccc1OC(F)F
201666,SMILES C=CCOc1ccc(NC(C)=O)cc1C(=O)NC1CC1,3.81429553,Natural,True,,SMILES C=CCOc1ccc(NC(C)=O)cc1C(=O)NC1CC1
200316,,3.8857491,Natural,False,,
6753,SMILES COc1c(C(C)(C)C)cc([N+](=O)[O-])c(C)c1[N+](=O)[O-],3.99985886,Natural,True,,SMILES COc1c(C(C)(C)C)cc([N+](=O)[O-])c(C)c1[N+](=O)[O-]
401142,SMILES CCNC(=O)c1c(C)cccc1NC(=O)C12CC3CC(CC(C3)C1)C2,4.74351311,Natural,True,,SMILES CCNC(=O)c1c(C)cccc1NC(=O)C12CC3CC(CC(C3)C1)C2
21200,SMILES Cc1nc(Cl)nc(NCc2ccccc2)n1,4.29662561,Natural,True,,SMILES Cc1nc(Cl)nc(NCc2ccccc2)n1
401473,SMILES COC(=O)Cc1ccc(Oc2nc3ccccc3nc2-c2cccs2)cc1,5.92286301,Natural,True,,SMILES COC(=O)Cc1ccc(Oc2nc3ccccc3nc2-c2cccs2)cc1
200556,,2.73486519,Natural,False,,
400519,SMILES Cc1c(C#N)c2nc3ccccc3n2c(=O)c1=CNc1ccc(Cl)cc1,6.0052495,Natural,True,,SMILES Cc1c(C#N)c2nc3ccccc3n2c(=O)c1=CNc1ccc(Cl)cc1
5378,SMILES O=C1C2C3CCC(C3)C2C(=O)N1CCCCN1CCN(c2ncccn2)CC1,5.10480165,Natural,True,,SMILES O=C1C2C3CCC(C3)C2C(=O)N1CCCCN1CCN(c2ncccn2)CC1
400024,SMILES N#Cc1c(N=c2oc3ccc(Br)cc3cc2C(N)=O)sc2c1CCCC2,6.09923172,Natural,True,,SMILES N#Cc1c(N=c2oc3ccc(Br)cc3cc2C(N)=O)sc2c1CCCC2
20898,SMILES NC(N)=NC(N)=NC1CCCCC1,4.71149874,Natural,True,,SMILES NC(N)=NC(N)=NC1CCCCC1
300101,SMILES c1ccc(CCCNc2nnnc3ccccc23)cc1,4.37556028,Natural,True,,SMILES c1ccc(CCCNc2nnnc3ccccc23)cc1
5764,SMILES O=C(O)c1c(Cl)cc(Cl)cc1Cl,3.77789783,Natural,True,,SMILES O=C(O)c1c(Cl)cc(Cl)cc1Cl
5332,SMILES COc1cc(NS(=O)(=O)c2ccc(N)cc2)ncn1,3.8198216,Natural,True,,SMILES COc1cc(NS(=O)(=O)c2ccc(N)cc2)ncn1
5537,SMILES COc1cc2c(cc1OC)-c1cc(=Nc3c(C)cc(C)cc3C)n(C)c(=O)n1CC2,5.43781519,Natural,True,,SMILES COc1cc2c(cc1OC)-c1cc(=Nc3c(C)cc(C)cc3C)n(C)c(=O)n1CC2
400109,SMILES C1=C(c2ccccn2)C(c2ccccn2)=CSS1,4.93650103,Natural,True,,SMILES C1=C(c2ccccn2)C(c2ccccn2)=CSS1
5802,SMILES O=c1[nH]cc(Br)c(=O)[nH]1,3.5473814,Natural,True,,SMILES O=c1[nH]cc(Br)c(=O)[nH]1
201821,SMILES COc1nc(N)nc(CCN2CCN(c3ccccc3Cl)CC2)n1,4.24689817,Natural,True,,SMILES COc1nc(N)nc(CCN2CCN(c3ccccc3Cl)CC2)n1
20997,SMILES CCOC(=O)C(Cc1ccccc1)NC(=O)c1cc(Cl)c2c(c1O)C(=O)OC(C)C2,4.38622618,Natural,True,,SMILES CCOC(=O)C(Cc1ccccc1)NC(=O)c1cc(Cl)c2c(c1O)C(=O)OC(C)C2
200542,,3.48763275,Natural,False,,
400490,SMILES C=CCNC(O)=C(Cc1cc(Br)c(OC)c(Br)c1O)N=O,4.26241064,Natural,True,,SMILES C=CCNC(O)=C(Cc1cc(Br)c(OC)c(Br)c1O)N=O
300000,SMILES O=C(CCCO)NCCS(=O)c1ccccc1,2.90340161,Natural,True,,SMILES O=C(CCCO)NCCS(=O)c1ccccc1
200471,,3.67690253,Natural,False,,
6933,SMILES Nc1ccc(Cl)c(S(=O)(=O)O)c1,4.03296471,Natural,True,,SMILES Nc1ccc(Cl)c(S(=O)(=O)O)c1
400710,SMILES COc1ccc2c(c1)C(=Cc1c(O)nc(S)[nH]c1=O)C=N2,4.92597818,Natural,True,,SMILES COc1ccc2c(c1)C(=Cc1c(O)nc(S)[nH]c1=O)C=N2
300495,SMILES COc1ccc(C(=O)OCc2ccccc2CN2CCCCC2)cc1,3.62178111,Natural,True,,SMILES COc1ccc(C(=O)OCc2ccccc2CN2CCCCC2)cc1
201425,SMILES O=C(CN1CCCCC1)NN=CC(=O)c1ccc(Oc2ccccc2)cc1,4.36640406,Natural,True,,SMILES O=C(CN1CCCCC1)NN=CC(=O)c1ccc(Oc2ccccc2)cc1
200205,,3.09701443,Natural,False,,
201791,SMILES CNC(=O)Oc1ccccc1C1OCCS1,3.42454147,Natural,True,,SMILES CNC(=O)Oc1ccccc1C1OCCS1
300927,SMILES COc1cc(C(=O)NC2CCC2)cc(OC)c1OC,3.35326838,Natural,True,,SMILES COc1cc(C(=O)NC2CCC2)cc(OC)c1OC
300479,SMILES CCC=C(CCC)CCCC,3.53593373,Natural,True,,SMILES CCC=C(CCC)CCCC
300411,SMILES CC(=O)n1cc2ccc([N+](=O)[O-])cc2n1,3.6001339,Natural,True,,SMILES CC(=O)n1cc2ccc([N+](=O)[O-])cc2n1
300456,SMILES Cc1cccc(C2NC(=O)N3C(c4cccc(C)c4)NC(=O)N23)c1,4.79944563,Natural,True,,SMILES Cc1cccc(C2NC(=O)N3C(c4cccc(C)c4)NC(=O)N23)c1
300138,SMILES COc1ccc(OC)c(C=NCCN=Cc2cc(OC)ccc2OC)c1,4.2205863,Natural,True,,SMILES COc1ccc(OC)c(C=NCCN=Cc2cc(OC)ccc2OC)c1
400925,SMILES c1ccc(-c2nc3ccccc3n3c(CN4CCOCC4)nnc23)cc1,4.49584818,Natural,True,,SMILES c1ccc(-c2nc3ccccc3n3c(CN4CCOCC4)nnc23)cc1
200037,,4.39622688,Natural,False,,
20716,SMILES CC1(COc2ccc(Cl)cc2)NC(=O)NC1=O,3.31611848,Natural,True,,SMILES CC1(COc2ccc(Cl)cc2)NC(=O)NC1=O
201720,SMILES C=CCN1CCCC(CCC)(c2cccc(O)c2)C1,4.3860755,Natural,True,,SMILES C=CCN1CCCC(CCC)(c2cccc(O)c2)C1
20531,SMILES C[NH2+]CCCN1C(=O)c2ccccc2Nc2ccccc21,3.61851716,Natural,True,,SMILES C[NH2+]CCCN1C(=O)c2ccccc2Nc2ccccc21
20203,SMILES C[NH+](C)C(c1ccccc1)C(C)(C)CCCc1ccccc1,4.21302986,Natural,True,,SMILES C[NH+](C)C(c1ccccc1)C(C)(C)CCCc1ccccc1
20904,SMILES CCOP(=O)(CC)CC,3.02771759,Natural,True,,SMILES CCOP(=O)(CC)CC
50170,SMILES COc1cc(O)ccc1C[NH2+]C(C)(C)Cc1ccccc1,3.93347096,Natural,True,,SMILES COc1cc(O)ccc1C[NH2+]C(C)(C)Cc1ccccc1
300398,SMILES COC(=O)c1nn2c(=O)c3cccc4cccc(c43)c2c1C(=O)OC,4.05820513,Natural,True,,SMILES COC(=O)c1nn2c(=O)c3cccc4cccc(c43)c2c1C(=O)OC
300503,SMILES CC1CCCCN1C(=O)c1ccccc1C(=O)O,4.49582672,Natural,True,,SMILES CC1CCCCN1C(=O)c1ccccc1C(=O)O
400697,SMILES CC1=NN(c2nc(C=Cc3cccs3)nc(-n3cccc3)n2)C(C)(C)C1,5.24413538,Natural,True,,SMILES CC1=NN(c2nc(C=Cc3cccs3)nc(-n3cccc3)n2)C(C)(C)C1
6966,SMILES O=c1oc(=O)c2cc3c(=O)oc(=O)c3cc12,3.02837634,Natural,True,,SMILES O=c1oc(=O)c2cc3c(=O)oc(=O)c3cc12
201351,SMILES CCCCCCCCOc1ccc(N)cc1CNC(N)=O,4.53655386,Natural,True,,SMILES CCCCCCCCOc1ccc(N)cc1CNC(N)=O
301073,SMILES CC(=O)c1cccc(N=C(S)Nc2cccc(C(C)=O)c2)c1,4.5071969,Natural,True,,SMILES CC(=O)c1cccc(N=C(S)Nc2cccc(C(C)=O)c2)c1
20761,SMILES Nc1nc(N)nc(Br)n1,4.09587765,Natural,True,,SMILES Nc1nc(N)nc(Br)n1
200035,,3.20175052,Natural,False,,
200351,,4.71708727,Natural,False,,
6669,SMILES CC(=O)c1c(C)c([N+](=O)[O-])c(C(C)(C)C)c([N+](=O)[O-])c1C,3.7743938,Natural,True,,SMILES CC(=O)c1c(C)c([N+](=O)[O-])c(C(C)(C)C)c([N+](=O)[O-])c1C
300395,SMILES O=c1c2cccc3cccc(c32)c2cc(-c3ccccc3)nn12,4.20289993,Natural,True,,SMILES O=c1c2cccc3cccc(c32)c2cc(-c3ccccc3)nn12
401838,SMILES CN(CCN1CCCC1)C1CCc2cc(Cl)c(Cl)cc2C1,4.6534543,Natural,True,,SMILES CN(CCN1CCCC1)C1CCc2cc(Cl)c(Cl)cc2C1
201158,SMILES O=[N+]([O-])c1ccc(-c2nc3ccccn3c2CN2CCOCC2)cc1,4.4447608,Natural,True,,SMILES O=[N+]([O-])c1ccc(-c2nc3ccccn3c2CN2CCOCC2)cc1
583,SMILES CN1C(=O)CCC1c1ccc[n+](C)c1,2.95869064,Natural,True,,SMILES CN1C(=O)CCC1c1ccc[n+](C)c1
300076,SMILES Nc1cc(S(N)(=O)=O)ccc1N1CCCCC1,4.26160288,Natural,True,,SMILES Nc1cc(S(N)(=O)=O)ccc1N1CCCCC1
300459,SMILES SC1=NC(c2ccc(Cl)cc2)N2C(S)=NC(c3ccc(Cl)cc3)N12,4.90734053,Natural,True,,SMILES SC1=NC(c2ccc(Cl)cc2)N2C(S)=NC(c3ccc(Cl)cc3)N12
300842,SMILES Cc1cc(C)c(N2C(=O)CC(Sc3ccccc3N)C2=O)c(C)c1,4.48363876,Natural,True,,SMILES Cc1cc(C)c(N2C(=O)CC(Sc3ccccc3N)C2=O)c(C)c1
50118,SMILES CC(C)c1ccc2c(c1)C(=CCC[NH+](C)C)c1ccccc1CS2,4.95492363,Natural,True,,SMILES CC(C)c1ccc2c(c1)C(=CCC[NH+](C)C)c1ccccc1CS2
200131,,4.7840085,Natural,False,,
401658,SMILES C#CCSc1cnc2ccccc2c1Sc1c[nH]c2ccccc2c1=O,4.89877129,Natural,True,,SMILES C#CCSc1cnc2ccccc2c1Sc1c[nH]c2ccccc2c1=O
6308,SMILES C[N+](C)(CCO)C(=O)Cc1ccc(-c2ccc(CC(=O)[N+](C)(C)CCO)cc2)cc1,3.72226334,Natural,True,,SMILES C[N+](C)(CCO)C(=O)Cc1ccc(-c2ccc(CC(=O)[N+](C)(C)CCO)cc2)cc1
201479,SMILES C(#CCN1CCCCC1)COC(c1ccccc1)c1ccccc1,4.03903151,Natural,True,,SMILES C(#CCN1CCCCC1)COC(c1ccccc1)c1ccccc1
301188,SMILES CC1(C(=O)O)CC2CCC1CC2,3.84293485,Natural,True,,SMILES CC1(C(=O)O)CC2CCC1CC2
2015,SMILES O=c1c2ccccc2[nH]c2ccccc12,3.21228409,Natural,True,,SMILES O=c1c2ccccc2[nH]c2ccccc12
6861,SMILES NC(=O)Cc1cccc2ccccc12,3.76751614,Natural,True,,SMILES NC(=O)Cc1cccc2ccccc12
21049,SMILES CCNc1ccc(Sc2[nH]c3ccccc3[n+]2CCN(CC)CC)cc1,3.8168118,Natural,True,,SMILES CCNc1ccc(Sc2[nH]c3ccccc3[n+]2CCN(CC)CC)cc1
401616,SMILES CCN1C(=O)C2C(c3ccc(Br)cc3)NC(C)(C(=O)O)C2C1=O,5.0840354,Natural,True,,SMILES CCN1C(=O)C2C(c3ccc(Br)cc3)NC(C)(C(=O)O)C2C1=O
300556,SMILES Cc1nc(NN)c(C(N)=O)nc1C,4.2961998,Natural,True,,SMILES Cc1nc(NN)c(C(N)=O)nc1C
200167,,4.89872885,Natural,False,,
5272,SMILES CCCCC=CCC1C2CCC(O2)C1CNNC(=O)Nc1ccccc1,4.50314236,Natural,True,,SMILES CCCCC=CCC1C2CCC(O2)C1CNNC(=O)Nc1ccccc1
6438,SMILES CC12CCC(C(Br)C1=O)C2(C)C,4.38525915,Natural,True,,SMILES CC12CCC(C(Br)C1=O)C2(C)C
5963,SMILES C[N+](C)(C)Cc1ccccc1,2.71920705,Natural,True,,SMILES C[N+](C)(C)Cc1ccccc1
20918,SMILES COc1ccc2c(c1C)CCC1C2CCC2(C)C(O)CCC12,5.56362581,Natural,True,,SMILES COc1ccc2c(c1C)CCC1C2CCC2(C)C(O)CCC12
200020,,3.76988888,Natural,False,,
300619,SMILES CC(O)CN=C(N)C(N)=NCC(C)O,2.7555654,Natural,True,,SMILES CC(O)CN=C(N)C(N)=NCC(C)O
300020,SMILES Cc1nc(N)c2nonc2n1,3.45801854,Natural,True,,SMILES Cc1nc(N)c2nonc2n1
200518,,3.36708546,Natural,False,,
400755,SMILES N#CC(C#N)=c1cc(OCCO)c(=C(C#N)C#N)cc1Br,4.99514723,Natural,True,,SMILES N#CC(C#N)=c1cc(OCCO)c(=C(C#N)C#N)cc1Br
401778,SMILES CC(=O)OCC1(C)OC(C)C(C)(O)C1OC(=O)c1ccccc1,3.72305107,Natural,True,,SMILES CC(=O)OCC1(C)OC(C)C(C)(O)C1OC(=O)c1ccccc1
300568,SMILES O=C1NC(c2ccc3ccccc3n2)Nc2ccccc21,4.02368116,Natural,True,,SMILES O=C1NC(c2ccc3ccccc3n2)Nc2ccccc21
300271,SMILES CCOC(=O)CS(=O)(=O)CS(=O)(=O)CC(=O)OCC,2.58811879,Natural,True,,SMILES CCOC(=O)CS(=O)(=O)CS(=O)(=O)CC(=O)OCC
50010,SMILES CCCCCCOC(=O)OCc1ccccc1,3.75589299,Natural,True,,SMILES CCCCCCOC(=O)OCc1ccccc1
301189,SMILES C=CCCCCC(=O)c1ccccc1,3.92629814,Natural,True,,SMILES C=CCCCCC(=O)c1ccccc1
401183,SMILES COc1ccc(C(SCCO)(c2ccc(OC)cc2)c2ccc(OC)cc2)cc1,5.06230736,Natural,True,,SMILES COc1ccc(C(SCCO)(c2ccc(OC)cc2)c2ccc(OC)cc2)cc1
401471,SMILES CCOC(=O)c1nc2ccccc2nc1Oc1ccc(CC(=O)OC)cc1,5.34343481,Natural,True,,SMILES CCOC(=O)c1nc2ccccc2nc1Oc1ccc(CC(=O)OC)cc1
400685,SMILES CC1=NN(c2nc(=O)nc(N)[nH]2)C(C)(C)C1,3.43774796,Natural,True,,SMILES CC1=NN(c2nc(=O)nc(N)[nH]2)C(C)(C)C1
21051,SMILES O=C(NN=Cc1ccccc1)NN=Cc1ccc([N+](=O)[O-])o1,4.42966318,Natural,True,,SMILES O=C(NN=Cc1ccccc1)NN=Cc1ccc([N+](=O)[O-])o1
401988,SMILES Cc1nnc2sc(CNc3ccc(Cl)cc3)nn2c1=O,3.93372226,Natural,True,,SMILES Cc1nnc2sc(CNc3ccc(Cl)cc3)nn2c1=O
200141,,5.60459471,Natural,False,,
401578,SMILES Clc1ccc(OCc2nc3ccccc3s2)cc1,3.35556912,Natural,True,,SMILES Clc1ccc(OCc2nc3ccccc3s2)cc1
20668,SMILES O=C(CNC(=O)Cc1ccccc1)NO,4.01515245,Natural,True,,SMILES O=C(CNC(=O)Cc1ccccc1)NO
401048,SMILES Cc1c2c(c(C)n1-c1nccs1)C(=O)N(CC(O)CN1CCN(c3ccccc3)CC1)C2=O,5.75955248,Natural,True,,SMILES Cc1c2c(c(C)n1-c1nccs1)C(=O)N(CC(O)CN1CCN(c3ccccc3)CC1)C2=O
401612,SMILES Cc1ccc(C)c(C2NC(C)(C(=O)O)C3C(=O)N(c4ccccc4)C(=O)C23)c1,5.30413008,Natural,True,,SMILES Cc1ccc(C)c(C2NC(C)(C(=O)O)C3C(=O)N(c4ccccc4)C(=O)C23)c1
401893,SMILES CN1C2CCC1CN(CCOC(c1ccc(F)cc1)c1ccc(F)cc1)C2,3.8184402,Natural,True,,SMILES CN1C2CCC1CN(CCOC(c1ccc(F)cc1)c1ccc(F)cc1)C2
2902,SMILES CC(C)CC1NC(=O)CNC1=O,2.6942699,Natural,True,,SMILES CC(C)CC1NC(=O)CNC1=O
201452,SMILES CCOP(=S)(OCC)Oc1ccc([N+](=O)[O-])cc1Cl,4.0835824,Natural,True,,SMILES CCOP(=S)(OCC)Oc1ccc([N+](=O)[O-])cc1Cl
400012,SMILES O=c1ccc2cc(-c3nc4ccccc4s3)c(O)oc-2c1,4.9252243,Natural,True,,SMILES O=c1ccc2cc(-c3nc4ccccc4s3)c(O)oc-2c1
5857,SMILES C#CC1(O)CCC2C3CCC4=CCCCC4C3CCC21C,5.5445075,Natural,True,,SMILES C#CC1(O)CCC2C3CCC4=CCCCC4C3CCC21C
2040,SMILES Cc1ccccc1-n1c(CF)nc2ccc(N)cc2c1=O,3.9601593,Natural,True,,SMILES Cc1ccccc1-n1c(CF)nc2ccc(N)cc2c1=O
401082,SMILES CC(=O)CN1C(=O)c2c(C)cc(C)nc2S1(=O)=O,3.78244662,Natural,True,,SMILES CC(=O)CN1C(=O)c2c(C)cc(C)nc2S1(=O)=O
20676,SMILES O=[N+]([O-])c1cnc(-c2ccc(F)cc2)n1CCO,3.53173947,Natural,True,,SMILES O=[N+]([O-])c1cnc(-c2ccc(F)cc2)n1CCO
6691,SMILES CC(=O)CC(c1ccccc1)c1c(O)oc2ccccc2c1=O,4.07812309,Natural,True,,SMILES CC(=O)CC(c1ccccc1)c1c(O)oc2ccccc2c1=O
21215,SMILES CCn1cc(C(O)CNC)c2ccccc21,2.91980362,Natural,True,,SMILES CCn1cc(C(O)CNC)c2ccccc21
301063,SMILES COc1ccc(CC(=O)Cc2ccc(OC)c(OC)c2)cc1OC,4.44992113,Natural,True,,SMILES COc1ccc(CC(=O)Cc2ccc(OC)c(OC)c2)cc1OC
201149,SMILES COP(=S)(OC)Oc1ccc(S(=O)(=O)N(C)C)c(C)c1,3.44484067,Natural,True,,SMILES COP(=S)(OC)Oc1ccc(S(=O)(=O)N(C)C)c(C)c1
2943,SMILES COC(=O)c1c(Cl)c(Cl)c(C(=O)OC)c(Cl)c1Cl,4.58096123,Natural,True,,SMILES COC(=O)c1c(Cl)c(Cl)c(C(=O)OC)c(Cl)c1Cl
200012,,4.69797564,Natural,False,,
201981,SMILES CN(C)c1nc(N)nc(CCN2CCN(c3ccccc3)CC2)n1,3.95797086,Natural,True,,SMILES CN(C)c1nc(N)nc(CCN2CCN(c3ccccc3)CC2)n1
300836,SMILES N#CC(=Cc1c(Cl)cccc1Cl)c1ccc([N+](=O)[O-])cc1,5.30898714,Natural,True,,SMILES N#CC(=Cc1c(Cl)cccc1Cl)c1ccc([N+](=O)[O-])cc1
201440,SMILES CCN1CCCC1c1cccnc1,2.97148585,Natural,True,,SMILES CCN1CCCC1c1cccnc1
200390,,4.91042948,Natural,False,,
300544,SMILES CSc1ncc2n1C=CN(C(=O)c1ccc([N+](=O)[O-])cc1)C2O,4.38258982,Natural,True,,SMILES CSc1ncc2n1C=CN(C(=O)c1ccc([N+](=O)[O-])cc1)C2O
300185,SMILES N#Cc1nc2c(nc1C#N)CCCC2,3.56831551,Natural,True,,SMILES N#Cc1nc2c(nc1C#N)CCCC2
300249,SMILES COC1CCCC2CC3=C(CCCC3)OC21,4.99727774,Natural,True,,SMILES COC1CCCC2CC3=C(CCCC3)OC21
20470,SMILES CCCCC(=O)N1CCCC1,3.34053493,Natural,True,,SMILES CCCCC(=O)N1CCCC1
201795,SMILES CCC(=O)OC1(c2ccccc2)CCN(CC=Cc2ccccc2)CC1,4.78264141,Natural,True,,SMILES CCC(=O)OC1(c2ccccc2)CCN(CC=Cc2ccccc2)CC1
301414,SMILES CSc1nc(Cl)cc2c1ncn2C1OC(CO)C(O)C1O,4.23374176,Natural,True,,SMILES CSc1nc(Cl)cc2c1ncn2C1OC(CO)C(O)C1O
6541,SMILES CCOP(=S)(OCC)SCSC(C)C,4.12251711,Natural,True,,SMILES CCOP(=S)(OCC)SCSC(C)C
300938,SMILES COc1ccccc1C=Cc1cnccn1,4.0723443,Natural,True,,SMILES COc1ccccc1C=Cc1cnccn1
20425,SMILES O=C(Cc1ccccc1)OC(CCN1CCOCC1)c1ccccc1,3.98117566,Natural,True,,SMILES O=C(Cc1ccccc1)OC(CCN1CCOCC1)c1ccccc1
300814,SMILES CC(C)(O)C12CC3CC(CC(C3)C1)C2,4.69924879,Natural,True,,SMILES CC(C)(O)C12CC3CC(CC(C3)C1)C2
5719,SMILES CCN(C(C)=O)c1cccc(-c2ccnc3c(C#N)cnn23)c1,4.50955772,Natural,True,,SMILES CCN(C(C)=O)c1cccc(-c2ccnc3c(C#N)cnn23)c1
401115,SMILES CCN1CCc2sc3[nH]c(=O)n(-c4ccccc4)c(=O)c3c2C1,4.79613256,Natural,True,,SMILES CCN1CCc2sc3[nH]c(=O)n(-c4ccccc4)c(=O)c3c2C1
301441,SMILES Cc1cc(NC(C)C)c(C)cc1NC(C)C,3.24283957,Natural,True,,SMILES Cc1cc(NC(C)C)c(C)cc1NC(C)C
201709,SMILES CC1(c2cccc(O)c2)CCCN(CC(=O)c2ccccc2)C1,4.65933752,Natural,True,,SMILES CC1(c2cccc(O)c2)CCCN(CC(=O)c2ccccc2)C1
201380,SMILES O=C(O)CC(C(=O)O)N1CCCC1,3.18921757,Natural,True,,SMILES O=C(O)CC(C(=O)O)N1CCCC1
401043,SMILES Cc1c2c(c(C)n1-c1ccccc1)C(=O)N(CN1CCN(CC=Cc3ccccc3)CC1)C2=O,5.60839844,Natural,True,,SMILES Cc1c2c(c(C)n1-c1ccccc1)C(=O)N(CN1CCN(CC=Cc3ccccc3)CC1)C2=O
2080,SMILES CC(N)C(=O)NC(Cc1ccccc1)C(=O)O,3.72592926,Natural,True,,SMILES CC(N)C(=O)NC(Cc1ccccc1)C(=O)O
300214,SMILES COC(=O)NS(=O)(=O)OC,4.14709044,Natural,True,,SMILES COC(=O)NS(=O)(=O)OC
5968,SMILES ON=Cc1cc[n+](CCC[n+]2ccc(C=NO)cc2)cc1,4.5532527,Natural,True,,SMILES ON=Cc1cc[n+](CCC[n+]2ccc(C=NO)cc2)cc1
6092,SMILES CCNCCc1c[nH]c2ccccc12,2.95624256,Natural,True,,SMILES CCNCCc1c[nH]c2ccccc12
400590,SMILES CCCOC(=O)c1c(C)nc2sccn12,3.487077,Natural,True,,SMILES CCCOC(=O)c1c(C)nc2sccn12
20403,SMILES O=C(COc1ccc2ccccc2c1)OCCF,3.24167728,Natural,True,,SMILES O=C(COc1ccc2ccccc2c1)OCCF
21028,SMILES CC(C)(C)C(=O)Oc1ccccc1,3.83286214,Natural,True,,SMILES CC(C)(C)C(=O)Oc1ccccc1
201758,SMILES COc1cc(C(=O)NCC(=O)N(C)C)cc(OC)c1OC,3.48864365,Natural,True,,SMILES COc1cc(C(=O)NCC(=O)N(C)C)cc(OC)c1OC
300139,SMILES COc1ccc(C=NCCN=Cc2ccc(OC)cc2OC)c(OC)c1,3.65709949,Natural,True,,SMILES COc1ccc(C=NCCN=Cc2ccc(OC)cc2OC)c(OC)c1
20006,,3.03669858,Natural,False,,
2985,SMILES C=CCCCCCC=CC(O)C#CC#CC(O)CC,4.28397417,Natural,True,,SMILES C=CCCCCCC=CC(O)C#CC#CC(O)CC
401677,SMILES CC(C)(C)OC(=O)N1CC(CC(=O)OCc2ccccc2)CC1C(=O)OCC(Cl)(Cl)Cl,4.41444778,Natural,True,,SMILES CC(C)(C)OC(=O)N1CC(CC(=O)OCc2ccccc2)CC1C(=O)OCC(Cl)(Cl)Cl
5521,SMILES CP(=O)(O)C1=CCNCC1,4.10891533,Natural,True,,SMILES CP(=O)(O)C1=CCNCC1
200284,,3.60796189,Natural,False,,
400236,SMILES COC(=O)C1CC1C(C#N)(OP1(=O)OC(c2ccccc2)C(C)N1C)c1ccccc1,4.45287085,Natural,True,,SMILES COC(=O)C1CC1C(C#N)(OP1(=O)OC(c2ccccc2)C(C)N1C)c1ccccc1
301069,SMILES CCCCSCC(N)C(=O)O,2.94092298,Natural,True,,SMILES CCCCSCC(N)C(=O)O
20922,SMILES CNC(=O)Oc1cccc2c1OCC2,3.69559479,Natural,True,,SMILES CNC(=O)Oc1cccc2c1OCC2
200259,,4.0720644,Natural,False,,
400911,SMILES c1ccc(CN2OCC3Cn4cccc4C32)cc1,3.53163815,Natural,True,,SMILES c1ccc(CN2OCC3Cn4cccc4C32)cc1
401324,SMILES CC(C)Oc1cccc(Nc2ccncc2S(N)(=O)=O)c1,4.55873632,Natural,True,,SMILES CC(C)Oc1cccc(Nc2ccncc2S(N)(=O)=O)c1
300727,SMILES CCOC(=O)NN(C(=O)OCC)C1COCCO1,3.42181516,Natural,True,,SMILES CCOC(=O)NN(C(=O)OCC)C1COCCO1
414,SMILES CN1C(=O)C(O)CC1c1cccnc1,2.96801949,Natural,True,,SMILES CN1C(=O)C(O)CC1c1cccnc1
201556,SMILES c1nc(SC2=NCCN2)c2[nH]cnc2n1,3.76689625,Natural,True,,SMILES c1nc(SC2=NCCN2)c2[nH]cnc2n1
3999,SMILES COc1ccc2c(c1O)-c1c(O)c(OC)cc3c1C(C2)[N+](C)(C)CC3,4.23951006,Natural,True,,SMILES COc1ccc2c(c1O)-c1c(O)c(OC)cc3c1C(C2)[N+](C)(C)CC3
301144,SMILES COC(=O)c1cccc2c1C1CCC2c2cccc(C(=O)OC)c21,4.78935623,Natural,True,,SMILES COC(=O)c1cccc2c1C1CCC2c2cccc(C(=O)OC)c21
400018,SMILES CCOC(=O)c1c(N=c2oc3ccc(OC)cc3cc2C(N)=O)sc2c1CCCC2,5.93140364,Natural,True,,SMILES CCOC(=O)c1c(N=c2oc3ccc(OC)cc3cc2C(N)=O)sc2c1CCCC2
20609,SMILES CCN1CCC2C(CCCC2OC(=O)c2cc(OC)c(OC)c(OC)c2)C1,4.29065371,Natural,True,,SMILES CCN1CCC2C(CCCC2OC(=O)c2cc(OC)c(OC)c(OC)c2)C1
20490,SMILES C1CCC(CC2CCCC2)CC1,4.22672987,Natural,True,,SMILES C1CCC(CC2CCCC2)CC1
401061,SMILES Cc1cccc2c1ncn2C1CC(O)C(CO)O1,3.24802399,Natural,True,,SMILES Cc1cccc2c1ncn2C1CC(O)C(CO)O1
200107,,5.33285856,Natural,False,,
300201,SMILES COC(=O)N1C(c2ccc(OC)cc2)CS1(=O)=O,3.48076558,Natural,True,,SMILES COC(=O)N1C(c2ccc(OC)cc2)CS1(=O)=O
6936,SMILES Cc1cc(N)c(S(=O)(=O)O)cc1Cl,3.97241282,Natural,True,,SMILES Cc1cc(N)c(S(=O)(=O)O)cc1Cl
300851,SMILES Cc1ccc(-n2c(S)nc3ccc(C)cc3c2=O)cc1,4.66192389,Natural,True,,SMILES Cc1ccc(-n2c(S)nc3ccc(C)cc3c2=O)cc1
6862,SMILES O=C(O)Cc1cccc2ccccc12,3.84478474,Natural,True,,SMILES O=C(O)Cc1cccc2ccccc12
300837,SMILES N#CC(=Cc1cc(Cl)cc(Cl)c1O)c1ccc([N+](=O)[O-])cc1,4.90641737,Natural,True,,SMILES N#CC(=Cc1cc(Cl)cc(Cl)c1O)c1ccc([N+](=O)[O-])cc1
401401,SMILES Clc1ccc(C2CC3NCC32)cn1,3.17741084,Natural,True,,SMILES Clc1ccc(C2CC3NCC32)cn1
6454,SMILES C=CCC1(C2C=CCC2)C(=O)NC(=O)NC1=O,4.59167862,Natural,True,,SMILES C=CCC1(C2C=CCC2)C(=O)NC(=O)NC1=O
201499,SMILES CCCCCCCCOc1ccc(N)cc1CSC,4.27897835,Natural,True,,SMILES CCCCCCCCOc1ccc(N)cc1CSC
300765,SMILES Oc1ccccc1-c1nnc(-c2ccccc2)o1,3.70129466,Natural,True,,SMILES Oc1ccccc1-c1nnc(-c2ccccc2)o1
21077,SMILES N#CCC(=O)NN=Cc1ccccc1,3.11055064,Natural,True,,SMILES N#CCC(=O)NN=Cc1ccccc1
20288,SMILES O=C(Cc1ccc(-c2ccccc2)cc1)OCCF,3.99942207,Natural,True,,SMILES O=C(Cc1ccc(-c2ccccc2)cc1)OCCF
401847,SMILES CN1C2CCC1c1c(n(-c3ccccc3)c3ccccc13)C2,4.59884834,Natural,True,,SMILES CN1C2CCC1c1c(n(-c3ccccc3)c3ccccc13)C2
300422,SMILES CCC1(CCCCCCC(=O)CC(C)=O)OCCO1,4.06164598,Natural,True,,SMILES CCC1(CCCCCCC(=O)CC(C)=O)OCCO1
300472,SMILES CN(NC(=O)CC(=O)NN(C)C(=S)c1ccc(Cl)cc1)C(=S)c1ccc(Cl)cc1,5.38489532,Natural,True,,SMILES CN(NC(=O)CC(=O)NN(C)C(=S)c1ccc(Cl)cc1)C(=S)c1ccc(Cl)cc1
400212,SMILES O=C(O)c1ccc(Nc2nc3cc(C(F)(F)F)ccc3n3cccc23)cc1,5.26340055,Natural,True,,SMILES O=C(O)c1ccc(Nc2nc3cc(C(F)(F)F)ccc3n3cccc23)cc1
201661,SMILES CC(c1ccc(Cl)cc1)N1CCC(n2c(=O)n(CCC#N)c3ccccc32)CC1,5.20801306,Natural,True,,SMILES CC(c1ccc(Cl)cc1)N1CCC(n2c(=O)n(CCC#N)c3ccccc32)CC1
300087,SMILES CC(=O)Nc1ccc(-c2ccc(C)cc2)cc1,3.20149779,Natural,True,,SMILES CC(=O)Nc1ccc(-c2ccc(C)cc2)cc1
3997,SMILES C=CC(C)(C)c1c(O)c(CC=C(C)C)c2oc3c(O)c(=O)ccc-3c(O)c2c1O,4.9835186,Natural,True,,SMILES C=CC(C)(C)c1c(O)c(CC=C(C)C)c2oc3c(O)c(=O)ccc-3c(O)c2c1O
400607,SMILES CN(C)c1nc(-c2ccc(Cl)cc2)nc2ccccc12,3.68709755,Natural,True,,SMILES CN(C)c1nc(-c2ccc(Cl)cc2)nc2ccccc12
401956,SMILES CCC(CO)Nc1nc(Cl)nc(NC(=O)c2cnccn2)n1,4.84502363,Natural,True,,SMILES CCC(CO)Nc1nc(Cl)nc(NC(=O)c2cnccn2)n1
201431,SMILES CCNC(=O)NC(=O)c1cc(OC)c(OC)c(OC)c1,3.33922958,Natural,True,,SMILES CCNC(=O)NC(=O)c1cc(OC)c(OC)c(OC)c1
401785,SMILES COC1(C)OCC2(C)OC(C)C1(C)C2O[Si](C)(C)c1ccccc1,4.89705133,Natural,True,,SMILES COC1(C)OCC2(C)OC(C)C1(C)C2O[Si](C)(C)c1ccccc1
21164,SMILES CC(C)C1CCC2(C)CCCC(=O)C2(C)C1,4.87833977,Natural,True,,SMILES CC(C)C1CCC2(C)CCCC(=O)C2(C)C1
6631,SMILES CC(=O)OC(C)(C)C1CCC(C)CC1,4.55926466,Natural,True,,SMILES CC(=O)OC(C)(C)C1CCC(C)CC1
401245,SMILES O=C(Nc1nn(C(=O)c2cccnc2)c(=O)s1)c1ccc(Cl)cc1,5.46285486,Natural,True,,SMILES O=C(Nc1nn(C(=O)c2cccnc2)c(=O)s1)c1ccc(Cl)cc1
201474,SMILES CCOC(=O)c1ccc(N)cc1O,3.15569234,Natural,True,,SMILES CCOC(=O)c1ccc(N)cc1O
200109,,4.79567862,Natural,False,,
6768,SMILES C=CC1CN2CCC1CC2C(=O)c1ccnc2ccc(OC)cc12,4.24336052,Natural,True,,SMILES C=CC1CN2CCC1CC2C(=O)c1ccnc2ccc(OC)cc12
21170,SMILES CC(=O)Nc1c(C)cc(C)cc1C,3.23482513,Natural,True,,SMILES CC(=O)Nc1c(C)cc(C)cc1C
401355,SMILES COc1ccc(C(=O)N(C(=O)N2CCN(c3ccccc3)CC2)c2ccccc2)cc1,5.28335238,Natural,True,,SMILES COc1ccc(C(=O)N(C(=O)N2CCN(c3ccccc3)CC2)c2ccccc2)cc1
400917,SMILES CC(=O)N1CCn2c1nc1cc(Cl)ccc12,3.32694507,Natural,True,,SMILES CC(=O)N1CCn2c1nc1cc(Cl)ccc12
20554,SMILES O=C(CCCN1CCCCC1)c1ccccc1,3.32741261,Natural,True,,SMILES O=C(CCCN1CCCCC1)c1ccccc1
20887,SMILES CCCCN1CCN(CCCC)C1=O,3.31107211,Natural,True,,SMILES CCCCN1CCN(CCCC)C1=O
300433,SMILES CC1(C)OC2OC3C4COCC(O4)OC3C2O1,3.04570508,Natural,True,,SMILES CC1(C)OC2OC3C4COCC(O4)OC3C2O1
401332,SMILES CSC1=NS(=O)(=O)c2cnccc2N1c1cccc(OC(C)C)c1,4.34133005,Natural,True,,SMILES CSC1=NS(=O)(=O)c2cnccc2N1c1cccc(OC(C)C)c1
200126,,2.90893865,Natural,False,,
401779,SMILES COC1(C)OCC2(C)OC(C)C1(C)C2OC(=O)c1ccccc1,4.9132123,Natural,True,,SMILES COC1(C)OCC2(C)OC(C)C1(C)C2OC(=O)c1ccccc1
201545,SMILES CCc1ccc2c(c1OCCNC)OCCO2,3.50664639,Natural,True,,SMILES CCc1ccc2c(c1OCCNC)OCCO2
20893,SMILES CC(C)(C)N=C(N)N=C(N)[NH3+],3.4832561,Natural,True,,SMILES CC(C)(C)N=C(N)N=C(N)[NH3+]
401985,SMILES Sc1nc2nnc(COc3ccc(Cl)cc3)n2[nH]1,5.01841736,Natural,True,,SMILES Sc1nc2nnc(COc3ccc(Cl)cc3)n2[nH]1
2115,SMILES O=P(O)(O)Oc1cccc2ccccc12,3.94153214,Natural,True,,SMILES O=P(O)(O)Oc1cccc2ccccc12
401323,SMILES CC(=O)Nc1ccc(OCC(=O)NN2C(=O)C(C)SC2c2cccc([N+](=O)[O-])c2)cc1,4.57423973,Natural,True,,SMILES CC(=O)Nc1ccc(OCC(=O)NN2C(=O)C(C)SC2c2cccc([N+](=O)[O-])c2)cc1
200475,,3.34670663,Natural,False,,
6821,SMILES Cc1cccc(NC(=O)c2ccccc2C(=O)O)c1,3.54081273,Natural,True,,SMILES Cc1cccc(NC(=O)c2ccccc2C(=O)O)c1
400454,SMILES Cc1c(-c2ccccc2)nc2c[nH][nH]c(=O)c1-2,3.64775348,Natural,True,,SMILES Cc1c(-c2ccccc2)nc2c[nH][nH]c(=O)c1-2
300714,SMILES Cc1ccc(S(=O)(=O)NC(=O)OCCc2c3ccccc3nc3ccccc23)cc1,4.94295454,Natural,True,,SMILES Cc1ccc(S(=O)(=O)NC(=O)OCCc2c3ccccc3nc3ccccc23)cc1
201801,SMILES CC(c1ccc2c(c1)OCO2)N1CCN(C(=O)c2ccc3c(c2)OCO3)CC1,3.78696823,Natural,True,,SMILES CC(c1ccc2c(c1)OCO2)N1CCN(C(=O)c2ccc3c(c2)OCO3)CC1
401541,SMILES CCOC(=O)C1(CCC(C)=O)CC(=O)C(CCC(C)=O)(C(=O)OCC)CC1=O,4.44765711,Natural,True,,SMILES CCOC(=O)C1(CCC(C)=O)CC(=O)C(CCC(C)=O)(C(=O)OCC)CC1=O
401177,SMILES Clc1nc2c(-c3cccs3)ncnc2n1Cc1ccccc1,4.9382081,Natural,True,,SMILES Clc1nc2c(-c3cccs3)ncnc2n1Cc1ccccc1
6142,SMILES Cc1cccc(NC(N)=O)c1,3.12701678,Natural,True,,SMILES Cc1cccc(NC(N)=O)c1
201616,SMILES CCC(C)C(CCN1CCOCC1)(C(=O)O)c1cccc2ccccc12,4.73097944,Natural,True,,SMILES CCC(C)C(CCN1CCOCC1)(C(=O)O)c1cccc2ccccc12
300900,SMILES CCOc1ccccc1N1C(=O)CC(Sc2ccccc2N)C1=O,5.06915283,Natural,True,,SMILES CCOc1ccccc1N1C(=O)CC(Sc2ccccc2N)C1=O
301433,SMILES N#CC(C#N)=Cc1ccc([N+](=O)[O-])s1,3.8298552,Natural,True,,SMILES N#CC(C#N)=Cc1ccc([N+](=O)[O-])s1
5326,SMILES COc1cnc(NS(=O)(=O)c2ccc(N)cc2)nc1,3.73702335,Natural,True,,SMILES COc1cnc(NS(=O)(=O)c2ccc(N)cc2)nc1
300426,SMILES CC(=O)CCC(=O)CCC(C)=O,4.30351782,Natural,True,,SMILES CC(=O)CCC(=O)CCC(C)=O
201850,SMILES COC(=O)C(Cc1ccccc1)N1CCN(C)CC1,3.78813863,Natural,True,,SMILES COC(=O)C(Cc1ccccc1)N1CCN(C)CC1
401503,SMILES CC(=NNC(=O)Nc1ccc(Br)cc1)c1ccc([N+](=O)[O-])cc1,4.59546804,Natural,True,,SMILES CC(=NNC(=O)Nc1ccc(Br)cc1)c1ccc([N+](=O)[O-])cc1
5985,SMILES CCOC(=O)N(c1ccccc1)C(C)CN1CCC(O)(c2ccccc2)CC1,4.16061068,Natural,True,,SMILES CCOC(=O)N(c1ccccc1)C(C)CN1CCC(O)(c2ccccc2)CC1
6847,SMILES O=C(O)c1cccc2ccccc12,4.52324867,Natural,True,,SMILES O=C(O)c1cccc2ccccc12
400521,SMILES Cc1cc(NCCO)n2c(nc3ccccc32)c1C#N,3.56819081,Natural,True,,SMILES Cc1cc(NCCO)n2c(nc3ccccc32)c1C#N
400215,SMILES O=C1NC2C(=O)c3c(Br)sc(Br)c3C2N1,3.30951238,Natural,True,,SMILES O=C1NC2C(=O)c3c(Br)sc(Br)c3C2N1
401534,SMILES O=C(Cc1ccccc1)NN=Cc1ccccc1Cl,3.79168224,Natural,True,,SMILES O=C(Cc1ccccc1)NN=Cc1ccccc1Cl
20019,,3.40239787,Natural,False,,
5977,SMILES CC(C)(O)C(Cl)(Cl)Cl,2.85614204,Natural,True,,SMILES CC(C)(O)C(Cl)(Cl)Cl
6972,SMILES O=C(O)c1cc(Br)ccc1O,4.18511629,Natural,True,,SMILES O=C(O)c1cc(Br)ccc1O
20378,SMILES COC(C=Cc1ccccc1)OC,3.45358944,Natural,True,,SMILES COC(C=Cc1ccccc1)OC
300374,SMILES Cc1ccc(S(=O)(=O)NN=C(CSc2ccc([N+](=O)[O-])cc2)c2ccccc2)cc1,4.89587069,Natural,True,,SMILES Cc1ccc(S(=O)(=O)NN=C(CSc2ccc([N+](=O)[O-])cc2)c2ccccc2)cc1
20212,SMILES FC(F)(F)c1nc2c(Cl)ccc(Cl)c2[nH]1,5.12871027,Natural,True,,SMILES FC(F)(F)c1nc2c(Cl)ccc(Cl)c2[nH]1
50027,SMILES CCCCN=C(S)c1ccc(OC)cc1,3.84694576,Natural,True,,SMILES CCCCN=C(S)c1ccc(OC)cc1
20607,SMILES CCN1CCC2C(O)CCCC2C1,3.3347199,Natural,True,,SMILES CCN1CCC2C(O)CCCC2C1
300368,SMILES CC(=NN=C(C)c1cccs1)c1cccs1,3.91585755,Natural,True,,SMILES CC(=NN=C(C)c1cccs1)c1cccs1
6908,SMILES Cc1c(C)c(C)c(C)c(C)c1C,3.45494199,Natural,True,,SMILES Cc1c(C)c(C)c(C)c(C)c1C
301131,SMILES O=C(O)C12CCC(CO)(CC1)CC2,3.9166348,Natural,True,,SMILES O=C(O)C12CCC(CO)(CC1)CC2
5418,SMILES COc1ccc(CC2NCCc3cc(OC)c(OC)cc32)cc1OC,4.34480333,Natural,True,,SMILES COc1ccc(CC2NCCc3cc(OC)c(OC)cc32)cc1OC
401439,SMILES CCOC(=O)C(NC(=O)c1ccco1)(Nc1nc2ccc(OCC)cc2s1)C(F)(F)F,5.10839081,Natural,True,,SMILES CCOC(=O)C(NC(=O)c1ccco1)(Nc1nc2ccc(OCC)cc2s1)C(F)(F)F
6266,SMILES CC(C)=CC1C(C(=O)OCc2cc3c(cc2Cl)OCO3)C1(C)C,4.11839342,Natural,True,,SMILES CC(C)=CC1C(C(=O)OCc2cc3c(cc2Cl)OCO3)C1(C)C
446,SMILES CC(NC(C)(C)CO)C(=O)c1cccc(Cl)c1,3.1128006,Natural,True,,SMILES CC(NC(C)(C)CO)C(=O)c1cccc(Cl)c1
401613,SMILES CCN1C(=O)C2C(c3cc(C)ccc3C)NC(C)(C(=O)O)C2C1=O,4.51974916,Natural,True,,SMILES CCN1C(=O)C2C(c3cc(C)ccc3C)NC(C)(C(=O)O)C2C1=O
20848,SMILES CCCN(CCC)c1c([N+](=O)[O-])cc(S(C)(=O)=O)cc1[N+](=O)[O-],4.08189821,Natural,True,,SMILES CCCN(CCC)c1c([N+](=O)[O-])cc(S(C)(=O)=O)cc1[N+](=O)[O-]
20872,SMILES CN(C)C(=O)c1ccc(N=C(N)N=C(N)N)cc1,3.48183703,Natural,True,,SMILES CN(C)C(=O)c1ccc(N=C(N)N=C(N)N)cc1
201336,SMILES CCCCCCCCOc1ccc(N)cc1CS(C)=O,3.97843623,Natural,True,,SMILES CCCCCCCCOc1ccc(N)cc1CS(C)=O
400553,SMILES CSC1=NC2(C)N(C(SC)=NC2(C)C)N1c1ccccc1,3.31527877,Natural,True,,SMILES CSC1=NC2(C)N(C(SC)=NC2(C)C)N1c1ccccc1
201577,SMILES CNC(c1ccccc1)C1CCCCC1,3.65477014,Natural,True,,SMILES CNC(c1ccccc1)C1CCCCC1
6018,SMILES COc1cc2c(cc1OC)C1CC(=O)C(CC(C)C)CN1CC2,4.71068048,Natural,True,,SMILES COc1cc2c(cc1OC)C1CC(=O)C(CC(C)C)CN1CC2
400155,SMILES COP(=O)(OC)C1=COC(O)c2ncccc21,3.69520569,Natural,True,,SMILES COP(=O)(OC)C1=COC(O)c2ncccc21
301303,SMILES CSc1nc(-c2ccc([N+](=O)[O-])cc2)oc1N=Cc1ccc([N+](=O)[O-])cc1,5.59453392,Natural,True,,SMILES CSc1nc(-c2ccc([N+](=O)[O-])cc2)oc1N=Cc1ccc([N+](=O)[O-])cc1
301407,SMILES O=C(NO)c1cc(Br)cc(Br)c1O,3.93473268,Natural,True,,SMILES O=C(NO)c1cc(Br)cc(Br)c1O
201779,SMILES O=C1CCCC2C3CC(CN12)C1CCCC[N+]1([O-])C3,5.24243164,Natural,True,,SMILES O=C1CCCC2C3CC(CN12)C1CCCC[N+]1([O-])C3
6108,SMILES O=C(O)c1ccc([N+](=O)[O-])cc1,3.20876193,Natural,True,,SMILES O=C(O)c1ccc([N+](=O)[O-])cc1
20921,SMILES CNC(=O)Oc1cccc2ccoc12,3.05537152,Natural,True,,SMILES CNC(=O)Oc1cccc2ccoc12
2018,SMILES CC(=O)Nc1ccc(CC(=O)O)cc1,3.61339593,Natural,True,,SMILES CC(=O)Nc1ccc(CC(=O)O)cc1
400851,SMILES c1cc(Oc2ccc(C3=NCCN3)cc2)nc(Oc2ccc(C3=NCCN3)cc2)n1,4.86500406,Natural,True,,SMILES c1cc(Oc2ccc(C3=NCCN3)cc2)nc(Oc2ccc(C3=NCCN3)cc2)n1
6863,SMILES NC(S)=Nc1cccc2ccccc12,3.30363774,Natural,True,,SMILES NC(S)=Nc1cccc2ccccc12
5846,SMILES CC1CC[Si](C)(C)CC12C(=O)NC(=O)NC2=O,3.93276191,Natural,True,,SMILES CC1CC[Si](C)(C)CC12C(=O)NC(=O)NC2=O
400287,SMILES O=[N+]([O-])c1ccc2sc(C=Nc3cnccn3)cc2c1,5.15773201,Natural,True,,SMILES O=[N+]([O-])c1ccc2sc(C=Nc3cnccn3)cc2c1
201816,SMILES C[N+]1(CCc2ccccn2)CCCCC1,3.06358266,Natural,True,,SMILES C[N+]1(CCc2ccccn2)CCCCC1
5002,SMILES OCCOCCN1CCN(C2=Nc3ccccc3Sc3ccccc32)CC1,5.13255835,Natural,True,,SMILES OCCOCCN1CCN(C2=Nc3ccccc3Sc3ccccc32)CC1
50044,SMILES CCCOc1cccc(NC(=O)OCC[NH+](C)C)c1,3.3047874,Natural,True,,SMILES CCCOc1cccc(NC(=O)OCC[NH+](C)C)c1
50105,SMILES COc1cc(C(=S)N2CCC2)cc(OC)c1OC,3.31359553,Natural,True,,SMILES COc1cc(C(=S)N2CCC2)cc(OC)c1OC
301195,SMILES O=c1oc2c3ccccc3c3ccccc3c2o1,4.12132263,Natural,True,,SMILES O=c1oc2c3ccccc3c3ccccc3c2o1
200177,,4.45313406,Natural,False,,
20796,SMILES CS(=O)(=O)OCCOS(C)(=O)=O,4.03823805,Natural,True,,SMILES CS(=O)(=O)OCCOS(C)(=O)=O
201160,SMILES CN(C)Cc1c(-c2ccc([N+](=O)[O-])cc2)nc2ccccn12,4.06733561,Natural,True,,SMILES CN(C)Cc1c(-c2ccc([N+](=O)[O-])cc2)nc2ccccn12
20371,SMILES CC1(c2ccccc2)OCC(CO)O1,3.95113873,Natural,True,,SMILES CC1(c2ccccc2)OCC(CO)O1
300579,SMILES CC(=O)OC1c2ccccc2-c2cc([N+](=O)[O-])ccc21,4.41550255,Natural,True,,SMILES CC(=O)OC1c2ccccc2-c2cc([N+](=O)[O-])ccc21
6103,SMILES Nc1nc2cc(Cl)ccc2o1,3.46370292,Natural,True,,SMILES Nc1nc2cc(Cl)ccc2o1
400169,SMILES O=C(NNc1nc2cc(F)ccc2n2cccc12)c1cnccn1,5.61139154,Natural,True,,SMILES O=C(NNc1nc2cc(F)ccc2n2cccc12)c1cnccn1
6807,SMILES O=C(O)c1cccc([N+](=O)[O-])c1O,3.88617301,Natural,True,,SMILES O=C(O)c1cccc([N+](=O)[O-])c1O
300964,SMILES CC1(C(O)(c2ccccc2)c2ccccc2)CC1,4.1833787,Natural,True,,SMILES CC1(C(O)(c2ccccc2)c2ccccc2)CC1
21207,SMILES CCOP(=S)(OCC)N1C(=O)c2ccccc2C1=O,3.74941325,Natural,True,,SMILES CCOP(=S)(OCC)N1C(=O)c2ccccc2C1=O
5358,SMILES CNS(=O)(=O)Cc1ccc2[nH]cc(CCN(C)C)c2c1,4.05550623,Natural,True,,SMILES CNS(=O)(=O)Cc1ccc2[nH]cc(CCN(C)C)c2c1
201785,SMILES C=CCC(COCCN(CC)CC)c1cccc2ccccc12,4.47962093,Natural,True,,SMILES C=CCC(COCCN(CC)CC)c1cccc2ccccc12
201930,SMILES CCCCNc1nc(N)nc(CCN2CCN(c3ccccc3)CC2)n1,4.18479204,Natural,True,,SMILES CCCCNc1nc(N)nc(CCN2CCN(c3ccccc3)CC2)n1
301356,SMILES COC(=O)c1cccn1C(=O)c1ccccc1[N+](=O)[O-],3.36672187,Natural,True,,SMILES COC(=O)c1cccn1C(=O)c1ccccc1[N+](=O)[O-]
401650,SMILES CC(=O)OC1CSC(c2csc3ccccc23)C(OC(C)=O)C1OC(C)=O,4.21402311,Natural,True,,SMILES CC(=O)OC1CSC(c2csc3ccccc23)C(OC(C)=O)C1OC(C)=O
50054,SMILES CCCCCOc1ccccc1NC(=O)OCC[NH+](C)C,3.58561611,Natural,True,,SMILES CCCCCOc1ccccc1NC(=O)OCC[NH+](C)C
728,SMILES ClC1=CC(Cl)C(Cl)C(Cl)C1Cl,4.08516979,Natural,True,,SMILES ClC1=CC(Cl)C(Cl)C(Cl)C1Cl
20387,SMILES Oc1ccc(-c2ccc(O)cc2O)c(O)c1,3.02077293,Natural,True,,SMILES Oc1ccc(-c2ccc(O)cc2O)c(O)c1
300462,SMILES O=C1NC(c2ccco2)N2C(=O)NC(c3ccco3)N12,4.48230934,Natural,True,,SMILES O=C1NC(c2ccco2)N2C(=O)NC(c3ccco3)N12
5357,SMILES CCN1CCCC1CNC(=O)c1cc(S(=O)(=O)CC)ccc1OC,3.31048775,Natural,True,,SMILES CCN1CCCC1CNC(=O)c1cc(S(=O)(=O)CC)ccc1OC
773,SMILES NC(Cc1cnc[nH]1)C(=O)O,3.4027698,Natural,True,,SMILES NC(Cc1cnc[nH]1)C(=O)O
20444,SMILES c1ccc(CC2CCCCC2)cc1,4.17228937,Natural,True,,SMILES c1ccc(CC2CCCCC2)cc1
300849,SMILES COc1ccc(-n2c(S)nc3ccc(C)cc3c2=O)cc1,5.29359484,Natural,True,,SMILES COc1ccc(-n2c(S)nc3ccc(C)cc3c2=O)cc1
301255,SMILES O=c1[nH]c(=O)n(CC(O)c2ccc(Cl)s2)cc1F,4.39355993,Natural,True,,SMILES O=c1[nH]c(=O)n(CC(O)c2ccc(Cl)s2)cc1F
400530,SMILES CNC(C)C(O)c1ccc2oc3cc(=O)c4ccccc4c-3nc2c1,5.02849579,Natural,True,,SMILES CNC(C)C(O)c1ccc2oc3cc(=O)c4ccccc4c-3nc2c1
301108,SMILES CCC1(O)C(=O)OCc2c1ccn(Cc1ccc3ccccc3c1)c2=O,4.16218805,Natural,True,,SMILES CCC1(O)C(=O)OCc2c1ccn(Cc1ccc3ccccc3c1)c2=O
300324,SMILES O=C(c1ccccc1)C1CC1C(=O)c1ccccc1,4.23185921,Natural,True,,SMILES O=C(c1ccccc1)C1CC1C(=O)c1ccccc1
140,,5.94560194,Natural,False,,
50000,SMILES CCOc1c(N(CCO)CC(=O)O)cnn(C)c1=O,3.30592632,Natural,True,,SMILES CCOc1c(N(CCO)CC(=O)O)cnn(C)c1=O
5606,SMILES CC(C)(C)NCC(O)c1ccccc1Cl,3.0236671,Natural,True,,SMILES CC(C)(C)NCC(O)c1ccccc1Cl
6848,SMILES CN(C)c1cccc2ccccc12,3.03682685,Natural,True,,SMILES CN(C)c1cccc2ccccc12
200209,,4.17421961,Natural,False,,
201838,SMILES C=CSCCC[Si](C)(C)C,3.14505672,Natural,True,,SMILES C=CSCCC[Si](C)(C)C
300594,SMILES CC(=O)C(C(=N)C#N)C(C)=O,3.55909181,Natural,True,,SMILES CC(=O)C(C(=N)C#N)C(C)=O
400441,SMILES CC(=O)Nc1ccc(C2CC3C(=O)OCC(c4ccccc4)N3O2)cc1,4.7592721,Natural,True,,SMILES CC(=O)Nc1ccc(C2CC3C(=O)OCC(c4ccccc4)N3O2)cc1
401742,SMILES COC(=O)C(CCC1CC(OC)N(C(=O)OCc2ccccc2)C1)N=Cc1ccccc1,4.48650122,Natural,True,,SMILES COC(=O)C(CCC1CC(OC)N(C(=O)OCc2ccccc2)C1)N=Cc1ccccc1
6019,SMILES Cc1ncc(CO)c(CO)c1O,3.42258835,Natural,True,,SMILES Cc1ncc(CO)c(CO)c1O
401046,SMILES CCCCn1c(C)c2c(c1C)C(=O)N(CCOCCN1CCN(c3ncccn3)CC1)C2=O,4.47287893,Natural,True,,SMILES CCCCn1c(C)c2c(c1C)C(=O)N(CCOCCN1CCN(c3ncccn3)CC1)C2=O
301212,SMILES C(=C(c1ccccc1)c1ccccc1)c1ccccn1,3.95812011,Natural,True,,SMILES C(=C(c1ccccc1)c1ccccc1)c1ccccn1
401840,SMILES Clc1ccc(CCNC2CCCCC2N2CCCC2)cc1Cl,4.04846954,Natural,True,,SMILES Clc1ccc(CCNC2CCCCC2N2CCCC2)cc1Cl
21031,SMILES Cn1c(=O)c2c(nc(Cl)n2C)n(C)c1=O,3.24606228,Natural,True,,SMILES Cn1c(=O)c2c(nc(Cl)n2C)n(C)c1=O
401889,SMILES CN1C2CCC1CC(CCNC(c1ccccc1)c1ccccc1)C2,4.15595961,Natural,True,,SMILES CN1C2CCC1CC(CCNC(c1ccccc1)c1ccccc1)C2
300694,SMILES COC(=O)C(Br)C(=O)O,3.60227656,Natural,True,,SMILES COC(=O)C(Br)C(=O)O
401158,SMILES CC(C)(C)c1ccc(C(C)(C)C)c(N2C(=O)C3ON=C(c4ccc([N+](=O)[O-])cc4)C3C2=O)c1,5.59846115,Natural,True,,SMILES CC(C)(C)c1ccc(C(C)(C)C)c(N2C(=O)C3ON=C(c4ccc([N+](=O)[O-])cc4)C3C2=O)c1
20953,SMILES CCCCCCC=C(C)[N+](=O)[O-],3.73167157,Natural,True,,SMILES CCCCCCC=C(C)[N+](=O)[O-]
5495,SMILES CCOCn1c(Sc2ccccc2)c(C(C)C)c(=O)[nH]c1=O,4.45412064,Natural,True,,SMILES CCOCn1c(Sc2ccccc2)c(C(C)C)c(=O)[nH]c1=O
401906,SMILES OC1c2ccccc2CCC1CN1CCN(CCOC(c2ccc(F)cc2)c2ccc(F)cc2)CC1,4.60632753,Natural,True,,SMILES OC1c2ccccc2CCC1CN1CCN(CCOC(c2ccc(F)cc2)c2ccc(F)cc2)CC1
200350,,3.55728555,Natural,False,,
200574,,2.97352409,Natural,False,,
401269,SMILES CC12C(c3cccc(Cl)c3)=NOC1CCCC2O,4.12136602,Natural,True,,SMILES CC12C(c3cccc(Cl)c3)=NOC1CCCC2O
400002,SMILES CCOC(=O)c1c(Nc2ccccc2)sc2cccnc12,3.58710289,Natural,True,,SMILES CCOC(=O)c1c(Nc2ccccc2)sc2cccnc12
300704,SMILES CN1CC(=O)N2c3ccccc3CC2C1=O,3.41892242,Natural,True,,SMILES CN1CC(=O)N2c3ccccc3CC2C1=O
20492,SMILES Cc1ccc(-c2ccccc2)cc1C,4.01222277,Natural,True,,SMILES Cc1ccc(-c2ccccc2)cc1C
300901,SMILES COc1ccc(CCNC(=O)c2ccc(Cl)cc2)cc1OC,4.12606764,Natural,True,,SMILES COc1ccc(CCNC(=O)c2ccc(Cl)cc2)cc1OC
200055,,4.4401536,Natural,False,,
400080,SMILES CN(C)c1ncc(C(=O)c2c[nH]c3ccccc23)s1,3.76565051,Natural,True,,SMILES CN(C)c1ncc(C(=O)c2c[nH]c3ccccc23)s1
401609,SMILES CC(C)C(C(N)=O)N1OC2C(=O)NC(=O)C2C1c1cccn1C,4.15395784,Natural,True,,SMILES CC(C)C(C(N)=O)N1OC2C(=O)NC(=O)C2C1c1cccn1C
401579,SMILES Clc1ccc(OCc2nc3ncccc3o2)cc1,3.64403725,Natural,True,,SMILES Clc1ccc(OCc2nc3ncccc3o2)cc1
5487,SMILES Clc1ccc2nsnc2c1NC1=NCCN1,4.23855782,Natural,True,,SMILES Clc1ccc2nsnc2c1NC1=NCCN1
587,SMILES CN(CC(=O)O)C(N)=NP(=O)(O)O,3.67220688,Natural,True,,SMILES CN(CC(=O)O)C(N)=NP(=O)(O)O
20606,SMILES CC[NH+]1CCC2C(O)CCCC2C1,3.58736897,Natural,True,,SMILES CC[NH+]1CCC2C(O)CCCC2C1
5855,SMILES C#CC1(O)CC2CCC3C(CCC4(C)C3CCC4(C)O)C2(C)C1,5.43153238,Natural,True,,SMILES C#CC1(O)CC2CCC3C(CCC4(C)C3CCC4(C)O)C2(C)C1
400434,SMILES O=C1OCC(c2ccccc2)N2OC(c3ccccc3)CC12,3.32053638,Natural,True,,SMILES O=C1OCC(c2ccccc2)N2OC(c3ccccc3)CC12
300348,SMILES Cc1ccc(S(=O)(=O)NN=C(c2ccccc2)c2cccs2)cc1,4.60711336,Natural,True,,SMILES Cc1ccc(S(=O)(=O)NN=C(c2ccccc2)c2cccs2)cc1
5601,SMILES O=C(CC(=O)C(F)(F)F)c1cccs1,3.23715329,Natural,True,,SMILES O=C(CC(=O)C(F)(F)F)c1cccs1
5595,SMILES CN1C2CCC1CC(OC(=O)c1c[nH]c3ccccc13)C2,3.63758826,Natural,True,,SMILES CN1C2CCC1CC(OC(=O)c1c[nH]c3ccccc13)C2
200399,,4.2979064,Natural,False,,
21177,SMILES CCN(CC)C(C#N)c1ccccc1,3.04286504,Natural,True,,SMILES CCN(CC)C(C#N)c1ccccc1
301308,SMILES NC(=O)C(NC(=O)c1ccccc1)SCc1ccccc1,3.65097308,Natural,True,,SMILES NC(=O)C(NC(=O)c1ccccc1)SCc1ccccc1
300645,SMILES O=[N+]([O-])C1CCC(P2(=O)NC3CCCCC3S2)CC1,3.20549655,Natural,True,,SMILES O=[N+]([O-])C1CCC(P2(=O)NC3CCCCC3S2)CC1
20134,SMILES Cc1ccc(NC(=O)C[N+](C)(C)CC(=O)Nc2c(C)cccc2C)c(C)c1,4.10953903,Natural,True,,SMILES Cc1ccc(NC(=O)C[N+](C)(C)CC(=O)Nc2c(C)cccc2C)c(C)c1
20142,SMILES CCCNc1ccc(C(=O)OCC(O)CN(C)C)cc1,2.90997624,Natural,True,,SMILES CCCNc1ccc(C(=O)OCC(O)CN(C)C)cc1
6617,SMILES CC(C)(O)C(C)(O)c1ccc(Cl)cc1,3.18495846,Natural,True,,SMILES CC(C)(O)C(C)(O)c1ccc(Cl)cc1
20235,SMILES COc1ccc(CC(=O)OCCF)cc1,3.87564778,Natural,True,,SMILES COc1ccc(CC(=O)OCCF)cc1
6419,SMILES ClC(Cl)C(Cl)(Cl)Cl,3.18332267,Natural,True,,SMILES ClC(Cl)C(Cl)(Cl)Cl
20532,SMILES CNCCCN1C(=O)c2ccccc2Nc2ccccc21,3.70188332,Natural,True,,SMILES CNCCCN1C(=O)c2ccccc2Nc2ccccc21
300378,SMILES Cc1ccc(S(=O)(=O)NN=CCc2c(C)cc(C)cc2C)cc1,4.81052065,Natural,True,,SMILES Cc1ccc(S(=O)(=O)NN=CCc2c(C)cc(C)cc2C)cc1
301109,SMILES CCC1C(=O)OCc2c1cc1n(c2=O)CCC1,3.79599309,Natural,True,,SMILES CCC1C(=O)OCc2c1cc1n(c2=O)CCC1
401240,SMILES N#CC1Cc2c(sc(C(=O)c3ccc(Cl)cc3)c2N)NC1=O,4.44805336,Natural,True,,SMILES N#CC1Cc2c(sc(C(=O)c3ccc(Cl)cc3)c2N)NC1=O
201924,SMILES COC(=O)c1cncn1C(C)c1ccc(F)cc1,3.31968498,Natural,True,,SMILES COC(=O)c1cncn1C(C)c1ccc(F)cc1
5629,SMILES CCC(c1cccc(NC(=O)CNC(=O)OC(C)(C)C)c1)c1c(O)oc2ccccc2c1=O,5.07234955,Natural,True,,SMILES CCC(c1cccc(NC(=O)CNC(=O)OC(C)(C)C)c1)c1c(O)oc2ccccc2c1=O
400221,SMILES O=C1CC(O)c2c(Br)sc(Br)c21,3.46011519,Natural,True,,SMILES O=C1CC(O)c2c(Br)sc(Br)c21
834,SMILES NC(CCSCC(N)C(=O)O)C(=O)O,3.13627148,Natural,True,,SMILES NC(CCSCC(N)C(=O)O)C(=O)O
201151,SMILES COP(C)(=O)OP(=O)(OC)OC,2.96827054,Natural,True,,SMILES COP(C)(=O)OP(=O)(OC)OC
20947,SMILES C[NH+](C)CCCN1Cc2ccccc2Nc2ccccc21,3.40471196,Natural,True,,SMILES C[NH+](C)CCCN1Cc2ccccc2Nc2ccccc21
300125,SMILES C=CCN(CC=C)CCNc1cc(C)nc(Nc2nc3ccc(Cl)cc3[nH]2)n1,5.09474421,Natural,True,,SMILES C=CCN(CC=C)CCNc1cc(C)nc(Nc2nc3ccc(Cl)cc3[nH]2)n1
401151,SMILES COC(=O)C(CCCOC1CCCCO1)(NC(C)=O)C(=O)OC,3.26239276,Natural,True,,SMILES COC(=O)C(CCCOC1CCCCO1)(NC(C)=O)C(=O)OC
301333,SMILES CC(=O)Oc1cn(C)c2c1C(=O)CC(C)(C)C2,3.74822545,Natural,True,,SMILES CC(=O)Oc1cn(C)c2c1C(=O)CC(C)(C)C2
200352,,3.61365318,Natural,False,,
5524,SMILES c1cc2c(c(NC3=NCCN3)c1)CCCC2,3.88563061,Natural,True,,SMILES c1cc2c(c(NC3=NCCN3)c1)CCCC2
300026,SMILES CCOC(=O)C(CC=Cc1ccccc1)C(C)=O,3.46267867,Natural,True,,SMILES CCOC(=O)C(CC=Cc1ccccc1)C(C)=O
401791,SMILES COc1cc(Br)c(CC2C3=C(CCN2C(=O)C2CC2)CC(=O)CC3)cc1O,4.89935207,Natural,True,,SMILES COc1cc(Br)c(CC2C3=C(CCN2C(=O)C2CC2)CC(=O)CC3)cc1O
20737,SMILES Cc1c(Br)cc(Br)c(O)c1Br,4.52498007,Natural,True,,SMILES Cc1c(Br)cc(Br)c(O)c1Br
401080,SMILES CCCCn1c(C)c(C(=O)CC)c(C(=O)NCCN2CCN(c3ccccc3Cl)CC2)c1C,4.84667969,Natural,True,,SMILES CCCCn1c(C)c(C(=O)CC)c(C(=O)NCCN2CCN(c3ccccc3Cl)CC2)c1C
401484,SMILES CCON=Cc1ccc2oc(-c3ccccc3)cc(=O)c2c1,3.53565288,Natural,True,,SMILES CCON=Cc1ccc2oc(-c3ccccc3)cc(=O)c2c1
6421,SMILES O=C(O)C(Cl)(Cl)Cl,3.06158805,Natural,True,,SMILES O=C(O)C(Cl)(Cl)Cl
301469,SMILES CC1(C)CCC2(C)CCCCC2C1O,4.8874445,Natural,True,,SMILES CC1(C)CCC2(C)CCCCC2C1O
6909,SMILES O=c1n(Cl)c(=O)n(Cl)c(=O)n1Cl,4.01305628,Natural,True,,SMILES O=c1n(Cl)c(=O)n(Cl)c(=O)n1Cl
404,SMILES NC(CCCCNO)C(=O)O,4.54120779,Natural,True,,SMILES NC(CCCCNO)C(=O)O
200481,,3.84028554,Natural,False,,
300281,SMILES COC1=NC2(C)C3C=CC(C4C(=O)N(c5ccccc5)C(=O)C43)C12C,5.14989328,Natural,True,,SMILES COC1=NC2(C)C3C=CC(C4C(=O)N(c5ccccc5)C(=O)C43)C12C
20222,SMILES CCNCC(O)c1ccc(O)cc1,2.89061475,Natural,True,,SMILES CCNCC(O)c1ccc(O)cc1
5639,SMILES COc1ccccc1N1CCN(CCCNc2cc(=O)n(C)c(=O)n2C)CC1,3.85048223,Natural,True,,SMILES COc1ccccc1N1CCN(CCCNc2cc(=O)n(C)c(=O)n2C)CC1
20555,SMILES Cc1ccc(C(C)C)c(Br)c1,4.23449183,Natural,True,,SMILES Cc1ccc(C(C)C)c(Br)c1
401357,SMILES O=C(c1ccco1)N(C(=O)N1CCN(c2ccccc2)CC1)c1ccccc1,5.14855957,Natural,True,,SMILES O=C(c1ccco1)N(C(=O)N1CCN(c2ccccc2)CC1)c1ccccc1
300373,SMILES CN(C)c1ccc(SCC(=O)c2ccccc2)cc1,3.63834834,Natural,True,,SMILES CN(C)c1ccc(SCC(=O)c2ccccc2)cc1
2048,SMILES Cc1cc2ncc(-c3ccccc3)nc2cc1C,3.86641812,Natural,True,,SMILES Cc1cc2ncc(-c3ccccc3)nc2cc1C
300652,SMILES Cc1ccc2c(c1)NP(=O)(c1ccccc1)S2,3.64876437,Natural,True,,SMILES Cc1ccc2c(c1)NP(=O)(c1ccccc1)S2
400165,SMILES Cc1cc(-c2nc3cc(F)ccc3s2)ccc1NC(=O)C(C)N,4.67785454,Natural,True,,SMILES Cc1cc(-c2nc3cc(F)ccc3s2)ccc1NC(=O)C(C)N
2780,SMILES COc1cc(N)c(Cl)cc1C(=O)NC1CCN(Cc2ccccc2)CC1,4.19164085,Natural,True,,SMILES COc1cc(N)c(Cl)cc1C(=O)NC1CCN(Cc2ccccc2)CC1
200186,,3.4631443,Natural,False,,
20323,SMILES Cc1cc(C)nc(N=C(N)Nc2ccc([N+](=O)[O-])cc2)n1,5.22089958,Natural,True,,SMILES Cc1cc(C)nc(N=C(N)Nc2ccc([N+](=O)[O-])cc2)n1
201985,SMILES C=CC1=NC(c2ccccc2)CN(C)N1,3.74210167,Natural,True,,SMILES C=CC1=NC(c2ccccc2)CN(C)N1
50096,SMILES Cc1c2ccccc2c(C)c2c3c(ccc12)C(O)C(O)C=C3,3.85730624,Natural,True,,SMILES Cc1c2ccccc2c(C)c2c3c(ccc12)C(O)C(O)C=C3
301300,SMILES CON=C1OS(=O)(=O)c2ccccc21,2.88934422,Natural,True,,SMILES CON=C1OS(=O)(=O)c2ccccc21
200110,,5.80202436,Natural,False,,
400153,SMILES COc1cc(C2CC3(C)NC(=O)C2C(=O)N3)cc(OC)c1OC,3.943717,Natural,True,,SMILES COc1cc(C2CC3(C)NC(=O)C2C(=O)N3)cc(OC)c1OC
301240,SMILES CCONC(=NC(=O)Nc1ccccc1)c1ccccc1,4.08702755,Natural,True,,SMILES CCONC(=NC(=O)Nc1ccccc1)c1ccccc1
201961,SMILES Nc1nc(CCCN2CCN(c3ccccc3)CC2)nc(NC2CCCCC2)n1,4.63386822,Natural,True,,SMILES Nc1nc(CCCN2CCN(c3ccccc3)CC2)nc(NC2CCCCC2)n1
400933,SMILES CCOC(=O)CC1COc2ccccc2N1C(=O)c1ccccc1,3.70857882,Natural,True,,SMILES CCOC(=O)CC1COc2ccccc2N1C(=O)c1ccccc1
300042,SMILES Cc1c(C)c(C)c([N+](=O)[O-])c([N+](=O)[O-])c1C,3.78271294,Natural,True,,SMILES Cc1c(C)c(C)c([N+](=O)[O-])c([N+](=O)[O-])c1C
300554,SMILES C=Cc1c(C)c(O)cc2c1CCC1C2(C)CC(O)C(O)C1(C)C,5.33355331,Natural,True,,SMILES C=Cc1c(C)c(O)cc2c1CCC1C2(C)CC(O)C(O)C1(C)C
5476,SMILES COC1CC(=C(c2cccs2)c2cccs2)C[N+](C)(C)C1,4.52338028,Natural,True,,SMILES COC1CC(=C(c2cccs2)c2cccs2)C[N+](C)(C)C1
5577,SMILES COc1cc(C(=O)NCc2ccc(OCCN(C)C)cc2)cc(OC)c1OC,4.00447226,Natural,True,,SMILES COc1cc(C(=O)NCc2ccc(OCCN(C)C)cc2)cc(OC)c1OC
401127,SMILES NC(=O)CNC(=O)c1ccccc1SC(=O)CCCCC[n+]1ccccc1,4.87124825,Natural,True,,SMILES NC(=O)CNC(=O)c1ccccc1SC(=O)CCCCC[n+]1ccccc1
401713,SMILES CC12C=CC3CC(=NC(=N)S)C=C(CCCC4OCCO4)C3(CC1)C2,5.35983658,Natural,True,,SMILES CC12C=CC3CC(=NC(=N)S)C=C(CCCC4OCCO4)C3(CC1)C2
401496,SMILES O=C(NN=Cc1ccc([N+](=O)[O-])cc1)Nc1ccc(Br)cc1,4.25614691,Natural,True,,SMILES O=C(NN=Cc1ccc([N+](=O)[O-])cc1)Nc1ccc(Br)cc1
201341,SMILES CCCCCCCCOc1ccc(N)cc1CS(C)(=O)=O,4.07667923,Natural,True,,SMILES CCCCCCCCOc1ccc(N)cc1CS(C)(=O)=O
201896,SMILES CN1CCN(CCOc2ccccc2-c2ccccc2)CC1,3.97809982,Natural,True,,SMILES CN1CCN(CCOc2ccccc2-c2ccccc2)CC1
20202,SMILES CCC(=O)c1ccc(C(=O)O)cc1,3.50516319,Natural,True,,SMILES CCC(=O)c1ccc(C(=O)O)cc1
201812,SMILES COC1C=CC2=CCN3CCC(CO)=C(CCO)C23C1,4.30841112,Natural,True,,SMILES COC1C=CC2=CCN3CCC(CO)=C(CCO)C23C1
20461,SMILES CC(C)Nc1nc(Cl)nc(OC(C)C)n1,3.29291344,Natural,True,,SMILES CC(C)Nc1nc(Cl)nc(OC(C)C)n1
201221,SMILES SC1=NCC(COc2ccccc2)O1,3.33280468,Natural,True,,SMILES SC1=NCC(COc2ccccc2)O1
211,SMILES Cc1cc2ncn(C3OC(CO)C(O)C3O)c2cc1C,3.24655724,Natural,True,,SMILES Cc1cc2ncn(C3OC(CO)C(O)C3O)c2cc1C
200122,,4.43764305,Natural,False,,
201303,SMILES OCCN1CC2CCC(C1)N2CCCN1c2ccccc2Sc2ccc(Cl)cc21,5.24953127,Natural,True,,SMILES OCCN1CC2CCC(C1)N2CCCN1c2ccccc2Sc2ccc(Cl)cc21
200511,,3.05483913,Natural,False,,
21225,SMILES c1ccc2c(CC3=NCC[NH2+]3)cccc2c1,3.37524676,Natural,True,,SMILES c1ccc2c(CC3=NCC[NH2+]3)cccc2c1
5616,SMILES C1CCC(N=C([NH2+]C2C3CC4CC(C3)CC2C4)N2CCOCC2)CC1,4.74079561,Natural,True,,SMILES C1CCC(N=C([NH2+]C2C3CC4CC(C3)CC2C4)N2CCOCC2)CC1
201818,SMILES C[N+]1(CCc2ccccn2)CCOCC1,2.95716858,Natural,True,,SMILES C[N+]1(CCc2ccccn2)CCOCC1
300883,SMILES Cc1cc(C)c(NC2=NCCS2)cc1C,3.69415855,Natural,True,,SMILES Cc1cc(C)c(NC2=NCCS2)cc1C
401176,SMILES Clc1ncnc2c1nc(C#Cc1ccccc1)n2C1CCCCO1,5.5016427,Natural,True,,SMILES Clc1ncnc2c1nc(C#Cc1ccccc1)n2C1CCCCO1
401162,SMILES C(=Cc1cccc(C=Cc2ccccn2)n1)c1ccccn1,5.30474043,Natural,True,,SMILES C(=Cc1cccc(C=Cc2ccccn2)n1)c1ccccn1
401823,SMILES O=C(COC(c1ccc(F)cc1)c1ccc(F)cc1)N1CCN(CCCc2ccccc2)CC1,4.08345747,Natural,True,,SMILES O=C(COC(c1ccc(F)cc1)c1ccc(F)cc1)N1CCN(CCCc2ccccc2)CC1
400116,SMILES C=C(C)C1(Sc2ccc(OC)cc2)CC1,4.01040792,Natural,True,,SMILES C=C(C)C1(Sc2ccc(OC)cc2)CC1
300874,SMILES Cc1ccc(Cl)cc1N=C(S)N(C)C,3.22712016,Natural,True,,SMILES Cc1ccc(Cl)cc1N=C(S)N(C)C
201997,SMILES Nc1nc(=O)c2cccnc2[nH]1,4.11743212,Natural,True,,SMILES Nc1nc(=O)c2cccnc2[nH]1
200533,,3.39856267,Natural,False,,
300589,SMILES CSCCNC(=O)C(=O)NCCSC,3.51320767,Natural,True,,SMILES CSCCNC(=O)C(=O)NCCSC
20838,SMILES ClC(Cc1ccccc1)c1ccccc1,4.16732454,Natural,True,,SMILES ClC(Cc1ccccc1)c1ccccc1
300803,SMILES CC1(C)C(=O)N(CC(=O)OCc2ccccc2)C2CCCCC21,4.07780218,Natural,True,,SMILES CC1(C)C(=O)N(CC(=O)OCc2ccccc2)C2CCCCC21
400683,SMILES CC1=NN(c2nc(N)nc(C(C#N)=Cc3ccc(Cl)s3)n2)C(C)(C)C1,5.64947701,Natural,True,,SMILES CC1=NN(c2nc(N)nc(C(C#N)=Cc3ccc(Cl)s3)n2)C(C)(C)C1
300165,SMILES CCOC(=O)C1(C(C)C)OC2(O)C3CCCN3CC(C(C)C)N2C1=O,3.9166882,Natural,True,,SMILES CCOC(=O)C1(C(C)C)OC2(O)C3CCCN3CC(C(C)C)N2C1=O
300429,SMILES CC(=O)CCc1ccc2c(c1)OCCO2,3.65673423,Natural,True,,SMILES CC(=O)CCc1ccc2c(c1)OCCO2
300943,SMILES COc1ccc(C=Cc2cnnc3ccccc23)cc1OC,4.55202532,Natural,True,,SMILES COc1ccc(C=Cc2cnnc3ccccc23)cc1OC
200282,,3.46938133,Natural,False,,
20424,SMILES O=C(Cc1ccccc1)OC(CC[NH+]1CCOCC1)c1ccccc1,4.11224127,Natural,True,,SMILES O=C(Cc1ccccc1)OC(CC[NH+]1CCOCC1)c1ccccc1
6957,SMILES NC(=O)c1ccccc1C(=O)O,3.43134046,Natural,True,,SMILES NC(=O)c1ccccc1C(=O)O
21168,SMILES Cc1cc2ccccc2cc1N,3.1230154,Natural,True,,SMILES Cc1cc2ccccc2cc1N
200403,,4.09515476,Natural,False,,
20936,SMILES CC1CCC(C(C)CS)CC1S,4.68634415,Natural,True,,SMILES CC1CCC(C(C)CS)CC1S
400046,SMILES O=C(O)CCNC(=O)c1ccccc1SC(=O)CCCC[n+]1ccccc1,3.96806145,Natural,True,,SMILES O=C(O)CCNC(=O)c1ccccc1SC(=O)CCCC[n+]1ccccc1
20478,SMILES N#CCCC1(CCC#N)c2ccccc2-c2ccccc21,5.0924511,Natural,True,,SMILES N#CCCC1(CCC#N)c2ccccc2-c2ccccc21
201591,SMILES CN1CCC(OC(c2ccccc2)c2ccccc2)C1,3.1673882,Natural,True,,SMILES CN1CCC(OC(c2ccccc2)c2ccccc2)C1
300546,SMILES CCOC(=O)N1C=Cn2c(cnc2C)C1O,3.20408034,Natural,True,,SMILES CCOC(=O)N1C=Cn2c(cnc2C)C1O
300205,SMILES COC(=O)NS(=O)(=O)C1=Cc2cccc3cccc1c23,3.56719279,Natural,True,,SMILES COC(=O)NS(=O)(=O)C1=Cc2cccc3cccc1c23
20715,SMILES CC1(COc2ccc(Cl)cc2)N=C(S)N=C1S,4.36777639,Natural,True,,SMILES CC1(COc2ccc(Cl)cc2)N=C(S)N=C1S
401780,SMILES COC1(C)OCC2(C)OC(C)C1(C)C2O[Si](C)(C)O,4.2133441,Natural,True,,SMILES COC1(C)OCC2(C)OC(C)C1(C)C2O[Si](C)(C)O
6430,SMILES FC(F)(F)C(F)(F)Cl,3.11871696,Natural,True,,SMILES FC(F)(F)C(F)(F)Cl
300393,SMILES Cc1ccc(S(=O)(=O)NNC(=O)c2ccccc2C(=O)O)cc1,3.90500641,Natural,True,,SMILES Cc1ccc(S(=O)(=O)NNC(=O)c2ccccc2C(=O)O)cc1
2776,SMILES CC#CC(=O)Nc1ccc2ncnc(Nc3cccc(Br)c3)c2c1,5.16536474,Natural,True,,SMILES CC#CC(=O)Nc1ccc2ncnc(Nc3cccc(Br)c3)c2c1
300445,SMILES Fc1ccc(Cc2nnc(Cc3ccc(F)cc3)nn2)cc1,4.16531324,Natural,True,,SMILES Fc1ccc(Cc2nnc(Cc3ccc(F)cc3)nn2)cc1
300986,SMILES COC1(OC)C2CCC1C(OS(=O)(=O)c1ccc(C)cc1)C2,3.58783841,Natural,True,,SMILES COC1(OC)C2CCC1C(OS(=O)(=O)c1ccc(C)cc1)C2
5336,SMILES Nc1ccc(S(=O)(=O)Nc2ccccn2)cc1,3.47581172,Natural,True,,SMILES Nc1ccc(S(=O)(=O)Nc2ccccn2)cc1
401581,SMILES CCc1ccc(-c2nc3cc(Cl)ccc3o2)cc1,4.74085045,Natural,True,,SMILES CCc1ccc(-c2nc3cc(Cl)ccc3o2)cc1
400421,SMILES COc1nc(-c2c[nH]c3ccccc23)cnc1N,4.28947163,Natural,True,,SMILES COc1nc(-c2c[nH]c3ccccc23)cnc1N
301245,SMILES O=NC(=C(O)ONO)c1ccccc1,4.34571028,Natural,True,,SMILES O=NC(=C(O)ONO)c1ccccc1
200261,,4.40781021,Natural,False,,
20719,SMILES CC[N-]c1nc(N[N+]#N)nc(OC)n1,3.95259094,Natural,True,,SMILES CC[N-]c1nc(N[N+]#N)nc(OC)n1
301460,SMILES CC12CCCCC1CC(=O)CC2,4.24489737,Natural,True,,SMILES CC12CCCCC1CC(=O)CC2
6645,SMILES COS(=O)(=O)c1ccc(C)cc1,2.85682034,Natural,True,,SMILES COS(=O)(=O)c1ccc(C)cc1
201518,SMILES CCCCC1(C2CCCCC2)CCCC(=O)N1,4.40241385,Natural,True,,SMILES CCCCC1(C2CCCCC2)CCCC(=O)N1
400438,SMILES O=C1OCC(c2ccccc2)N2OC(c3ccc4ccccc4c3)CC12,4.00607347,Natural,True,,SMILES O=C1OCC(c2ccccc2)N2OC(c3ccc4ccccc4c3)CC12
20025,,3.97205424,Natural,False,,
300531,SMILES CCOc1ncnc2c1nnn2C1OC(CO)C(O)C1O,3.30965614,Natural,True,,SMILES CCOc1ncnc2c1nnn2C1OC(CO)C(O)C1O
201726,SMILES CC(CCN1CCOCC1)(C(=O)O)c1cccc2ccccc12,4.08321524,Natural,True,,SMILES CC(CCN1CCOCC1)(C(=O)O)c1cccc2ccccc12
6434,SMILES O=C(O)C(F)(F)C(F)(F)C(F)(F)C(F)(F)C(F)(F)C(F)(F)C(F)(F)C(F)F,3.56029248,Natural,True,,SMILES O=C(O)C(F)(F)C(F)(F)C(F)(F)C(F)(F)C(F)(F)C(F)(F)C(F)(F)C(F)F
20709,SMILES C[N+]1([O-])C2CCC1CC(OC(=O)C(CO)c1ccccc1)C2,4.89822626,Natural,True,,SMILES C[N+]1([O-])C2CCC1CC(OC(=O)C(CO)c1ccccc1)C2
6967,SMILES CN(C)C(=S)Sc1ccc([N+](=O)[O-])cc1[N+](=O)[O-],3.46196365,Natural,True,,SMILES CN(C)C(=S)Sc1ccc([N+](=O)[O-])cc1[N+](=O)[O-]
491,SMILES O=S(=O)([O-])SS(=O)(=O)[O-],3.32579732,Natural,True,,SMILES O=S(=O)([O-])SS(=O)(=O)[O-]
992,SMILES Oc1c(Cl)c(Cl)c(Cl)c(Cl)c1Cl,4.27618074,Natural,True,,SMILES Oc1c(Cl)c(Cl)c(Cl)c(Cl)c1Cl
20672,SMILES O=C(OCC[NH+]1CCCC1)C(O)(c1ccccc1)c1ccccc1,3.20063281,Natural,True,,SMILES O=C(OCC[NH+]1CCCC1)C(O)(c1ccccc1)c1ccccc1
300057,SMILES [O-][n+]1ccccc1Br,3.29987884,Natural,True,,SMILES [O-][n+]1ccccc1Br
13,,3.88350105,Natural,False,,
20592,SMILES [NH3+]CC(O)c1ccc(O)cc1,2.88208604,Natural,True,,SMILES [NH3+]CC(O)c1ccc(O)cc1
5491,SMILES COc1cc(C=Cc2ccc(OC)cc2OC)cc(OC)c1,4.52775145,Natural,True,,SMILES COc1cc(C=Cc2ccc(OC)cc2OC)cc(OC)c1
401614,SMILES Cc1ccc(C)c(C2NC(C)(C(=O)O)C3C(=O)N(c4ccc(Br)cc4)C(=O)C23)c1,5.45498896,Natural,True,,SMILES Cc1ccc(C)c(C2NC(C)(C(=O)O)C3C(=O)N(c4ccc(Br)cc4)C(=O)C23)c1
201394,SMILES COP(C)(=S)Oc1ccc(S(C)(=O)=O)cc1,3.52277827,Natural,True,,SMILES COP(C)(=S)Oc1ccc(S(C)(=O)=O)cc1
201267,SMILES CCCOc1ccc(C(=O)CC)cc1,3.66109276,Natural,True,,SMILES CCCOc1ccc(C(=O)CC)cc1
301151,SMILES O=C1C2CCCC2C2CCCC12,4.08194399,Natural,True,,SMILES O=C1C2CCCC2C2CCCC12
201509,SMILES CCCC1(c2ccccc2)CCC(=O)N1,3.42224956,Natural,True,,SMILES CCCC1(c2ccccc2)CCC(=O)N1
400132,SMILES CCOC(=O)N1CC2C(O)C1C2Br,2.69715333,Natural,True,,SMILES CCOC(=O)N1CC2C(O)C1C2Br
5929,SMILES CC(Cc1ccccc1)NN,4.04000521,Natural,True,,SMILES CC(Cc1ccccc1)NN
201888,SMILES CCCCNC(=O)NC(=O)c1cc(OC)c(OC)c(OC)c1,3.70157504,Natural,True,,SMILES CCCCNC(=O)NC(=O)c1cc(OC)c(OC)c(OC)c1
201707,SMILES CN1C2CCCC1CC(OC(=O)C(O)(c1ccccc1)C1CCCCC1)C2,4.46488237,Natural,True,,SMILES CN1C2CCCC1CC(OC(=O)C(O)(c1ccccc1)C1CCCCC1)C2
201204,SMILES COc1cc(C(=O)OCCCc2ccncc2)cc(OC)c1OC,3.87309909,Natural,True,,SMILES COc1cc(C(=O)OCCCc2ccncc2)cc(OC)c1OC
400254,SMILES O=C1N2Cc3ccccc3NC2C(c2ccccc2)C1(O)C(F)(F)F,5.72484255,Natural,True,,SMILES O=C1N2Cc3ccccc3NC2C(c2ccccc2)C1(O)C(F)(F)F
300614,SMILES CCCCCSC(=O)C(N)=O,3.07710838,Natural,True,,SMILES CCCCCSC(=O)C(N)=O
300012,SMILES CCOC(=O)C(CCC#N)(CCC(=O)OC)C(C)=O,3.82411671,Natural,True,,SMILES CCOC(=O)C(CCC#N)(CCC(=O)OC)C(C)=O
755,SMILES CC(CCC(=O)NCC(=O)O)C1CCC2C3C(O)CC4CC(O)CCC4(C)C3CC(O)C12C,6.28736496,Natural,True,,SMILES CC(CCC(=O)NCC(=O)O)C1CCC2C3C(O)CC4CC(O)CCC4(C)C3CC(O)C12C
647,SMILES CC(C)=CCOP(=O)(O)OP(=O)(O)O,4.58661366,Natural,True,,SMILES CC(C)=CCOP(=O)(O)OP(=O)(O)O
201797,SMILES CCC(=O)OC1(c2ccccc2)CCN(CCCc2ccccc2)CC1,4.65329218,Natural,True,,SMILES CCC(=O)OC1(c2ccccc2)CCN(CCCc2ccccc2)CC1
50061,SMILES CCCCCCOc1ccccc1NC(=O)OCCN(C)C,4.19822645,Natural,True,,SMILES CCCCCCOc1ccccc1NC(=O)OCCN(C)C
2123,SMILES CN(C)c1nc(N(C)C)nc(N(C)C)n1,3.19362259,Natural,True,,SMILES CN(C)c1nc(N(C)C)nc(N(C)C)n1
201313,SMILES CN(CCN(C)c1ccccn1)Cc1ccc(Br)s1,3.6690464,Natural,True,,SMILES CN(CCN(C)c1ccccn1)Cc1ccc(Br)s1
20420,SMILES Cc1ccc(C(C)C)cc1Cl,3.09615517,Natural,True,,SMILES Cc1ccc(C(C)C)cc1Cl
300097,SMILES CC(=O)CN(C(C)=O)c1ccccc1,2.76152515,Natural,True,,SMILES CC(=O)CN(C(C)=O)c1ccccc1
5419,SMILES c1ccc2c(c1)CCCC2C1=NCCN1,3.72808194,Natural,True,,SMILES c1ccc2c(c1)CCCC2C1=NCCN1
401110,SMILES CCN1CCc2sc3nc(S)n(C)c(=O)c3c2C1,5.55780554,Natural,True,,SMILES CCN1CCc2sc3nc(S)n(C)c(=O)c3c2C1
400937,SMILES CCCc1nc2ccccc2nc1Nc1ccc2c(c1)nnn2CC(=O)OCC,5.69084311,Natural,True,,SMILES CCCc1nc2ccccc2nc1Nc1ccc2c(c1)nnn2CC(=O)OCC
300206,SMILES COC(=O)NS(=O)(=O)C=Cn1c2ccccc2c2ccccc21,4.09136963,Natural,True,,SMILES COC(=O)NS(=O)(=O)C=Cn1c2ccccc2c2ccccc21
400893,SMILES CNC(=O)CNC(=O)c1ccccc1SC(=O)CCCC[n+]1ccccc1,4.65581703,Natural,True,,SMILES CNC(=O)CNC(=O)c1ccccc1SC(=O)CCCC[n+]1ccccc1
6762,SMILES CC(=O)OCCN1CCN(CCCN2c3ccccc3Sc3ccc(Cl)cc32)CC1,4.79182386,Natural,True,,SMILES CC(=O)OCCN1CCN(CCCN2c3ccccc3Sc3ccc(Cl)cc32)CC1
300152,SMILES CC(C)=CCCC(C)=CCn1cnc2c(ncn2C2OC(CO)C(O)C2O)c1=O,4.54143858,Natural,True,,SMILES CC(C)=CCCC(C)=CCn1cnc2c(ncn2C2OC(CO)C(O)C2O)c1=O
300329,SMILES CCOC(C)C1C2CCCCC21,3.48840785,Natural,True,,SMILES CCOC(C)C1C2CCCCC21
2874,SMILES O=C(NC(Cc1ccc(F)cc1)C(=O)N1CCC(O)CC1)c1cc2cc(Cl)ccc2[nH]1,5.12973452,Natural,True,,SMILES O=C(NC(Cc1ccc(F)cc1)C(=O)N1CCC(O)CC1)c1cc2cc(Cl)ccc2[nH]1
300887,SMILES Clc1ccccc1C=NC1CCCCC1,3.9321506,Natural,True,,SMILES Clc1ccccc1C=NC1CCCCC1
300767,SMILES O=[N+]([O-])c1ccc(-c2nnc(-c3ccccc3O)o2)cc1,3.51649475,Natural,True,,SMILES O=[N+]([O-])c1ccc(-c2nnc(-c3ccccc3O)o2)cc1
201265,SMILES CCCC(C(=O)O)C1CCCC1,3.28807521,Natural,True,,SMILES CCCC(C(=O)O)C1CCCC1
201861,SMILES CCCCNc1c2c(nc3ccccc13)CCC2,3.94404864,Natural,True,,SMILES CCCCNc1c2c(nc3ccccc13)CCC2
20855,SMILES CCSC(=S)N(CC)CC,2.97237992,Natural,True,,SMILES CCSC(=S)N(CC)CC
3973,SMILES O=c1cc(N2CCOCC2)oc2c(-c3ccccc3)cccc12,3.90932655,Natural,True,,SMILES O=c1cc(N2CCOCC2)oc2c(-c3ccccc3)cccc12
201953,SMILES Nc1nc(CCN2CCN(c3ccc(Cl)cc3)CC2)nc(Nc2ccc(Cl)cc2)n1,5.61479521,Natural,True,,SMILES Nc1nc(CCN2CCN(c3ccc(Cl)cc3)CC2)nc(Nc2ccc(Cl)cc2)n1
20768,SMILES CN(C)C(N)=NCc1ccccc1Cl,3.04397273,Natural,True,,SMILES CN(C)C(N)=NCc1ccccc1Cl
301154,SMILES O=C1CC23CCC12CCCC3=O,4.11927795,Natural,True,,SMILES O=C1CC23CCC12CCCC3=O
300301,SMILES CCOC(=O)C(C)S(=O)(=O)C(=CN1CCCCC1)CC,3.70450974,Natural,True,,SMILES CCOC(=O)C(C)S(=O)(=O)C(=CN1CCCCC1)CC
201339,SMILES CCCCCOc1ccc(N)cc1CS(C)(=O)=O,3.62993622,Natural,True,,SMILES CCCCCOc1ccc(N)cc1CS(C)(=O)=O
6849,SMILES O=[N+]([O-])c1cccc2ccccc12,4.04944944,Natural,True,,SMILES O=[N+]([O-])c1cccc2ccccc12
20923,SMILES CC1(C)Cc2cccc(OC(N)=O)c2O1,3.58261657,Natural,True,,SMILES CC1(C)Cc2cccc(OC(N)=O)c2O1
200348,,3.34055901,Natural,False,,
401786,SMILES COc1ccc(CC2C3=C(CCN2C(=O)C2CCC2)CC2(CC3)OCCO2)cc1O,5.66331339,Natural,True,,SMILES COc1ccc(CC2C3=C(CCN2C(=O)C2CCC2)CC2(CC3)OCCO2)cc1O
301406,SMILES COC(=O)c1cc(S(=O)(=O)c2cc(C)c(O)c(C(=O)OC)c2)cc(C)c1O,4.93678904,Natural,True,,SMILES COC(=O)c1cc(S(=O)(=O)c2cc(C)c(O)c(C(=O)OC)c2)cc(C)c1O
400019,SMILES CCOC(=O)c1c(N=c2oc3ccc(Br)cc3cc2C(N)=O)sc2c1CCCC2,5.78808355,Natural,True,,SMILES CCOC(=O)c1c(N=c2oc3ccc(Br)cc3cc2C(N)=O)sc2c1CCCC2
200394,,3.85340571,Natural,False,,
2072,SMILES Nc1cccc2c(=O)[nH]ccc12,3.05697823,Natural,True,,SMILES Nc1cccc2c(=O)[nH]ccc12
300707,SMILES CN1CC(=O)n2c(cc3ccccc32)C1=O,3.22115326,Natural,True,,SMILES CN1CC(=O)n2c(cc3ccccc32)C1=O
6738,SMILES Cc1cccc(C(=O)O)c1O,4.66150141,Natural,True,,SMILES Cc1cccc(C(=O)O)c1O
5729,SMILES CC(O)(C(=O)Nc1ccccc1)C(F)(F)F,3.25693965,Natural,True,,SMILES CC(O)(C(=O)Nc1ccccc1)C(F)(F)F
5531,SMILES CCN(CC)c1cc(C)nc2ncnn12,3.74063087,Natural,True,,SMILES CCN(CC)c1cc(C)nc2ncnn12
6078,SMILES CCCCOc1cc(C(=O)NCC[NH+](CC)CC)c2ccccc2n1,3.92083168,Natural,True,,SMILES CCCCOc1cc(C(=O)NCC[NH+](CC)CC)c2ccccc2n1
5477,SMILES O=C(CCCN1CCC(n2c(S)nc3ccccc32)CC1)c1ccc(F)cc1,5.23088503,Natural,True,,SMILES O=C(CCCN1CCC(n2c(S)nc3ccccc32)CC1)c1ccc(F)cc1
401803,SMILES COc1ccc(CC(=O)N(C)CCN2CCCC2)cc1,3.64922071,Natural,True,,SMILES COc1ccc(CC(=O)N(C)CCN2CCCC2)cc1
400150,SMILES OCCOCn1c(-c2ccccn2)c(Br)c2ccccc21,3.61986518,Natural,True,,SMILES OCCOCn1c(-c2ccccn2)c(Br)c2ccccc21
20258,SMILES COc1ccc2c(c1)CCC(c1ccccc1)C2(O)c1ccc(C)cc1,5.48109674,Natural,True,,SMILES COc1ccc2c(c1)CCC(c1ccccc1)C2(O)c1ccc(C)cc1
400415,SMILES c1c(C2=NCCN2)c2ccc3c(C4=NCCN4)cc(C4=NCCN4)c4ccc(c1C1=NCCN1)c2c34,4.89699554,Natural,True,,SMILES c1c(C2=NCCN2)c2ccc3c(C4=NCCN4)cc(C4=NCCN4)c4ccc(c1C1=NCCN1)c2c34
401169,SMILES COc1ccc(C2CCc3c(cnc4nc(N)nc(N)c34)C2)cc1,5.48076677,Natural,True,,SMILES COc1ccc(C2CCc3c(cnc4nc(N)nc(N)c34)C2)cc1
20404,SMILES CC(C)CCC(C(=O)O)C(C)C,3.32872987,Natural,True,,SMILES CC(C)CCC(C(=O)O)C(C)C
401874,SMILES Fc1ccc(C(OCCN2CC3CC2CN3)c2ccc(F)cc2)cc1,3.57504869,Natural,True,,SMILES Fc1ccc(C(OCCN2CC3CC2CN3)c2ccc(F)cc2)cc1
20775,SMILES CCC(C)Nc1nc(Br)nc(Br)n1,4.49775267,Natural,True,,SMILES CCC(C)Nc1nc(Br)nc(Br)n1
400077,SMILES CN(C)c1ncc(C(=O)c2ccco2)s1,3.36689949,Natural,True,,SMILES CN(C)c1ncc(C(=O)c2ccco2)s1
301393,SMILES CC#CCOCC1CNC(=O)O1,3.10428119,Natural,True,,SMILES CC#CCOCC1CNC(=O)O1
200026,,4.45032549,Natural,False,,
301075,SMILES CCC(=O)c1ccc(NC(=O)Nc2ccc(C(=O)CC)cc2)cc1,5.40956259,Natural,True,,SMILES CCC(=O)c1ccc(NC(=O)Nc2ccc(C(=O)CC)cc2)cc1
6482,SMILES CC(=O)OC1(C)CCC23CC1C(C)(C)C2CCC3C,5.3094058,Natural,True,,SMILES CC(=O)OC1(C)CCC23CC1C(C)(C)C2CCC3C
400064,SMILES CC(=O)N1C(=O)N(C(C)=O)C2C1C1(C)C(C)=C(C)C2(C)C1(C)C,4.25968122,Natural,True,,SMILES CC(=O)N1C(=O)N(C(C)=O)C2C1C1(C)C(C)=C(C)C2(C)C1(C)C
201517,SMILES CCC1(c2ccccc2)CCCC(=O)N1,3.27613759,Natural,True,,SMILES CCC1(c2ccccc2)CCCC(=O)N1
401385,SMILES NS(=O)(=O)c1ccc(CNC(=O)c2ccccc2SC(=O)CCC[n+]2ccccc2)cc1,4.05760717,Natural,True,,SMILES NS(=O)(=O)c1ccc(CNC(=O)c2ccccc2SC(=O)CCC[n+]2ccccc2)cc1
401639,SMILES O=C1c2ccccc2N(Cc2ccccc2)S(=O)(=O)N1COCc1ccccc1,4.05435944,Natural,True,,SMILES O=C1c2ccccc2N(Cc2ccccc2)S(=O)(=O)N1COCc1ccccc1
5290,SMILES COc1cc2c(cc1O)C1Cc3ccc(O)c(OC)c3CN1CC2,3.71615672,Natural,True,,SMILES COc1cc2c(cc1O)C1Cc3ccc(O)c(OC)c3CN1CC2
401033,SMILES Cc1c2c(OCC3CCCCO3)nn(C)c(=O)c2c(C)n1-c1ccccc1,5.64034319,Natural,True,,SMILES Cc1c2c(OCC3CCCCO3)nn(C)c(=O)c2c(C)n1-c1ccccc1
301017,SMILES COC1C(C(C)C)CCCC1N(C)C,3.92211318,Natural,True,,SMILES COC1C(C(C)C)CCCC1N(C)C
6962,SMILES O=C(O)c1ccc(S(=O)(=O)O)cc1C(=O)O,3.32939744,Natural,True,,SMILES O=C(O)c1ccc(S(=O)(=O)O)cc1C(=O)O
201608,SMILES C=CCOc1ccc(NC(C)=O)cc1C(=O)NC(C)CC,3.51687551,Natural,True,,SMILES C=CCOc1ccc(NC(C)=O)cc1C(=O)NC(C)CC
201638,SMILES CC(C)C(C#N)(CCCN(C)C)c1ccccc1,4.28183508,Natural,True,,SMILES CC(C)C(C#N)(CCCN(C)C)c1ccccc1
2871,SMILES CCOP(=S)(OCC)Oc1ccc2c(C)c(Cl)c(=O)oc2c1,3.99979949,Natural,True,,SMILES CCOP(=S)(OCC)Oc1ccc2c(C)c(Cl)c(=O)oc2c1
201533,SMILES O=C(Nc1ccccc1C(=O)O)c1cccnc1,3.48046875,Natural,True,,SMILES O=C(Nc1ccccc1C(=O)O)c1cccnc1
201702,SMILES CCCC1(c2cccc(O)c2)CCCN(CCc2ccccc2)C1,4.92541838,Natural,True,,SMILES CCCC1(c2cccc(O)c2)CCCN(CCc2ccccc2)C1
401552,SMILES O=C(NCCN1CCOCC1)c1cc(C=Cc2ccc([N+](=O)[O-])o2)nc2ccccc12,5.13010931,Natural,True,,SMILES O=C(NCCN1CCOCC1)c1cc(C=Cc2ccc([N+](=O)[O-])o2)nc2ccccc12
782,SMILES O=C(O)CCC1NC(=O)NC1=O,3.37940907,Natural,True,,SMILES O=C(O)CCC1NC(=O)NC1=O
201884,SMILES OC(CCN1CCOCC1)c1cc(-c2ccccc2)no1,3.51122856,Natural,True,,SMILES OC(CCN1CCOCC1)c1cc(-c2ccccc2)no1
200482,,4.08899879,Natural,False,,
300638,SMILES N#CC(N)=NC1CCC(C2CCC(N)CC2)CC1,3.82236481,Natural,True,,SMILES N#CC(N)=NC1CCC(C2CCC(N)CC2)CC1
50049,SMILES CCCCOc1ccccc1NC(=O)OCCN(C)C,3.72389483,Natural,True,,SMILES CCCCOc1ccccc1NC(=O)OCCN(C)C
2900,SMILES CC1CC(C)C(=O)C(C(O)CC2CC(=O)NC(=O)C2)C1,4.29056692,Natural,True,,SMILES CC1CC(C)C(=O)C(C(O)CC2CC(=O)NC(=O)C2)C1
401395,SMILES Clc1ccc(C2CC3CNC32)cn1,3.2061882,Natural,True,,SMILES Clc1ccc(C2CC3CNC32)cn1
200006,,3.59502029,Natural,False,,
201759,SMILES COc1ccccc1C(=O)OCC(=O)N(C)C,4.04541206,Natural,True,,SMILES COc1ccccc1C(=O)OCC(=O)N(C)C
200428,,3.76666522,Natural,False,,
201421,SMILES O=C(CN1CCCCC1)NN=CC(=O)c1ccccc1,3.63351512,Natural,True,,SMILES O=C(CN1CCCCC1)NN=CC(=O)c1ccccc1
5329,SMILES Cc1cc(NS(=O)(=O)c2ccc(N)cc2)no1,3.52796865,Natural,True,,SMILES Cc1cc(NS(=O)(=O)c2ccc(N)cc2)no1
20999,SMILES CC(C)NC(=O)OCc1ccncc1,3.4376564,Natural,True,,SMILES CC(C)NC(=O)OCc1ccncc1
400916,SMILES c1ccc2c(c1)nc1n2CCN1,2.93120313,Natural,True,,SMILES c1ccc2c(c1)nc1n2CCN1
6028,SMILES Oc1c(Cl)cc(Cl)c(Cl)c1Cl,3.95947266,Natural,True,,SMILES Oc1c(Cl)cc(Cl)c(Cl)c1Cl
300956,SMILES ClC1=CC2CCC1C21CC1,3.84443116,Natural,True,,SMILES ClC1=CC2CCC1C21CC1
401154,SMILES CC(C)(C)c1ccc(C(C)(C)C)c(N2C(=O)C3C4C=CC(C4)C3(C)C2=O)c1,4.9658947,Natural,True,,SMILES CC(C)(C)c1ccc(C(C)(C)C)c(N2C(=O)C3C4C=CC(C4)C3(C)C2=O)c1
201655,SMILES O=C1CCCC2C3CCCN4CCCC(=CN12)C34,3.73814464,Natural,True,,SMILES O=C1CCCC2C3CCCN4CCCC(=CN12)C34
20506,SMILES CCCCCNCC1COc2ccccc2O1,3.35831285,Natural,True,,SMILES CCCCCNCC1COc2ccccc2O1
2904,SMILES NS(=O)(=O)c1cc2c(cc1Cl)NC(CC1CCCC1)NS2(=O)=O,4.36792994,Natural,True,,SMILES NS(=O)(=O)c1cc2c(cc1Cl)NC(CC1CCCC1)NS2(=O)=O
21124,SMILES OC(c1nc2ccccc2[nH]1)c1ccccc1Cl,3.65805316,Natural,True,,SMILES OC(c1nc2ccccc2[nH]1)c1ccccc1Cl
201583,SMILES CCN(CC)CCNc1c(C)ccc2cccnc12,3.49283338,Natural,True,,SMILES CCN(CC)CCNc1c(C)ccc2cccnc12
400086,SMILES Nc1ncnc2nc(C#CCCO)[nH]c12,4.37024641,Natural,True,,SMILES Nc1ncnc2nc(C#CCCO)[nH]c12
20786,SMILES OC(C=Cc1ccccc1)(c1ccccc1)c1ccccc1,4.18130398,Natural,True,,SMILES OC(C=Cc1ccccc1)(c1ccccc1)c1ccccc1
648,SMILES O=C1CC(C(=O)O)NC(=O)N1,3.35319781,Natural,True,,SMILES O=C1CC(C(=O)O)NC(=O)N1
21173,SMILES CN(C)C(=O)Nc1nc(Cl)nc(Cl)n1,5.00435257,Natural,True,,SMILES CN(C)C(=O)Nc1nc(Cl)nc(Cl)n1
300661,SMILES S=P1(c2ccccc2)Nc2cc3ccccc3cc2N1,4.34353971,Natural,True,,SMILES S=P1(c2ccccc2)Nc2cc3ccccc3cc2N1
300865,SMILES Cc1ccc(P(=O)(Cl)Cl)cc1,3.84567928,Natural,True,,SMILES Cc1ccc(P(=O)(Cl)Cl)cc1
301008,SMILES O=C(O)C(C(=O)O)C1C=CCC1,3.57187724,Natural,True,,SMILES O=C(O)C(C(=O)O)C1C=CCC1
300902,SMILES CC1(C)CC(=O)C2(CNC3=C(CCC(C)(C)C3)C2)C(=O)C1,4.59476709,Natural,True,,SMILES CC1(C)CC(=O)C2(CNC3=C(CCC(C)(C)C3)C2)C(=O)C1
21220,SMILES O=C(O)CC(C(=O)O)S(=O)(=O)O,4.00591993,Natural,True,,SMILES O=C(O)CC(C(=O)O)S(=O)(=O)O
5878,SMILES CC12COC(=O)CC1CCC1C2CCC2(C)C1CCC2(C)O,5.7608819,Natural,True,,SMILES CC12COC(=O)CC1CCC1C2CCC2(C)C1CCC2(C)O
200441,,4.12816286,Natural,False,,
20453,SMILES COP(=O)(OC)C(OC(=O)C(C)C)C(Cl)(Cl)Cl,3.25221157,Natural,True,,SMILES COP(=O)(OC)C(OC(=O)C(C)C)C(Cl)(Cl)Cl
300251,SMILES CC1C2c3ccccc3C(c3ccccc32)C1S(=O)(=O)F,4.02864599,Natural,True,,SMILES CC1C2c3ccccc3C(c3ccccc32)C1S(=O)(=O)F
20219,SMILES C=CCOC(=O)CCCCCCC,3.83150482,Natural,True,,SMILES C=CCOC(=O)CCCCCCC
5265,SMILES O=C(CCCN1CCC2(CC1)C(=O)NCN2c1ccccc1)c1ccc(F)cc1,4.3086338,Natural,True,,SMILES O=C(CCCN1CCC2(CC1)C(=O)NCN2c1ccccc1)c1ccc(F)cc1
6911,SMILES COCc1cc(C(C)(C)C)c(O)c(C(C)(C)C)c1,4.12793112,Natural,True,,SMILES COCc1cc(C(C)(C)C)c(O)c(C(C)(C)C)c1
401532,SMILES O=C(NN=C1CCCCC1)Nc1ccccc1Cl,4.32202196,Natural,True,,SMILES O=C(NN=C1CCCCC1)Nc1ccccc1Cl
20982,SMILES COc1ccc(N=C(N)N=C(N)[NH3+])cc1,4.08263779,Natural,True,,SMILES COc1ccc(N=C(N)N=C(N)[NH3+])cc1
300471,SMILES CN(NC(=O)CC(=O)NN(C)C(=S)c1ccccc1)C(=S)c1ccccc1,4.35462236,Natural,True,,SMILES CN(NC(=O)CC(=O)NN(C)C(=S)c1ccccc1)C(=S)c1ccccc1
5694,SMILES Cc1cccc(Nc2cc(Cl)nc(SCC(=O)O)n2)c1C,4.47746086,Natural,True,,SMILES Cc1cccc(Nc2cc(Cl)nc(SCC(=O)O)n2)c1C
300086,SMILES CC=CCOc1c(C)cc(C)cc1C=CC,4.47991753,Natural,True,,SMILES CC=CCOc1c(C)cc(C)cc1C=CC
401156,SMILES CC(C)(C)C1=NOC2(C)C(=O)N(c3cc(C(C)(C)C)ccc3C(C)(C)C)C(=O)C12,5.18905401,Natural,True,,SMILES CC(C)(C)C1=NOC2(C)C(=O)N(c3cc(C(C)(C)C)ccc3C(C)(C)C)C(=O)C12
20673,SMILES O=C(OCC[NH+]1CCCCC1)C(O)(c1ccccc1)c1ccccc1,3.47176576,Natural,True,,SMILES O=C(OCC[NH+]1CCCCC1)C(O)(c1ccccc1)c1ccccc1
21107,SMILES O=C(O)c1cc(=O)c2cc(Cl)ccc2o1,3.69362187,Natural,True,,SMILES O=C(O)c1cc(=O)c2cc(Cl)ccc2o1
20435,SMILES COC12C=CC3(CC1C(C)(C)O)C1Cc4ccc(O)c5c4C3(CCN1CC1CC1)C2O5,5.31973457,Natural,True,,SMILES COC12C=CC3(CC1C(C)(C)O)C1Cc4ccc(O)c5c4C3(CCN1CC1CC1)C2O5
20952,SMILES CCCCC=C(CCC)[N+](=O)[O-],4.1267972,Natural,True,,SMILES CCCCC=C(CCC)[N+](=O)[O-]
400620,SMILES COc1ccc2c(c1)CN1C(=N2)CSC1c1cccc(Br)c1,3.79679298,Natural,True,,SMILES COc1ccc2c(c1)CN1C(=N2)CSC1c1cccc(Br)c1
5319,SMILES Nc1ccc(S(=O)(=O)NC(=O)c2ccccc2)cc1,3.23471332,Natural,True,,SMILES Nc1ccc(S(=O)(=O)NC(=O)c2ccccc2)cc1
20785,SMILES Cc1cc(C(=O)c2cc(I)c(O)c(I)c2)c(C)o1,5.37314606,Natural,True,,SMILES Cc1cc(C(=O)c2cc(I)c(O)c(I)c2)c(C)o1
21230,SMILES NC(N)=NC(N)=NCc1ccco1,3.48093057,Natural,True,,SMILES NC(N)=NC(N)=NCc1ccco1
200579,,3.68861198,Natural,False,,
300527,SMILES CC(C)(C)c1ccc(C=[N+]([O-])C(C)(C)C)c(C(C)(C)C)c1O,4.4192543,Natural,True,,SMILES CC(C)(C)c1ccc(C=[N+]([O-])C(C)(C)C)c(C(C)(C)C)c1O
200551,,4.28875208,Natural,False,,
300137,SMILES N#CC(=Cc1c(O)ccc2ccccc12)c1ccc([N+](=O)[O-])cc1,4.87154388,Natural,True,,SMILES N#CC(=Cc1c(O)ccc2ccccc12)c1ccc([N+](=O)[O-])cc1
200505,,4.17743635,Natural,False,,
6488,SMILES CCC(Br)(CC)C(=O)NC(N)=O,3.22254848,Natural,True,,SMILES CCC(Br)(CC)C(=O)NC(N)=O
5569,SMILES CCCN(CCC)c1c([N+](=O)[O-])cc(C(F)(F)F)cc1[N+](=O)[O-],4.0596261,Natural,True,,SMILES CCCN(CCC)c1c([N+](=O)[O-])cc(C(F)(F)F)cc1[N+](=O)[O-]
400467,SMILES COc1ccccc1-c1c(C#N)c(N)nc(S)c1C#N,4.32999802,Natural,True,,SMILES COc1ccccc1-c1c(C#N)c(N)nc(S)c1C#N
300403,SMILES O=C(c1ccccc1)n1nc(-c2ccccc2)c2ccccc21,4.04094553,Natural,True,,SMILES O=C(c1ccccc1)n1nc(-c2ccccc2)c2ccccc21
201904,SMILES O=C1CCC2(c3ccc(Cl)cc3)OCCCN12,3.55512357,Natural,True,,SMILES O=C1CCC2(c3ccc(Cl)cc3)OCCCN12
401716,SMILES CCSC1CCC2(CCCCC2=NN=C(N)S)C1,4.93918419,Natural,True,,SMILES CCSC1CCC2(CCCCC2=NN=C(N)S)C1
201260,SMILES CSc1ccc(OC(=O)N(C)C(C)=O)cc1C,3.66168284,Natural,True,,SMILES CSc1ccc(OC(=O)N(C)C(C)=O)cc1C
6970,SMILES CC1CCC(C(C)C)C(OC(=O)c2ccccc2O)C1,4.34913874,Natural,True,,SMILES CC1CCC(C(C)C)C(OC(=O)c2ccccc2O)C1
2804,SMILES CC1CCCC(C)N1NC(=O)c1ccc(Cl)c(S(N)(=O)=O)c1,4.78841066,Natural,True,,SMILES CC1CCCC(C)N1NC(=O)c1ccc(Cl)c(S(N)(=O)=O)c1
400059,SMILES Cn1ncc2c(cc(-c3ccccc3)n2C)c1=O,3.66037059,Natural,True,,SMILES Cn1ncc2c(cc(-c3ccccc3)n2C)c1=O
6926,SMILES Nc1ccccc1S(=O)(=O)O,3.88520312,Natural,True,,SMILES Nc1ccccc1S(=O)(=O)O
201378,SMILES CC(Cc1ccccc1)N(C)Cc1ccc(Cl)cc1,3.34896636,Natural,True,,SMILES CC(Cc1ccccc1)N(C)Cc1ccc(Cl)cc1
401738,SMILES Cc1ccc(S(=O)(=O)N2C=CC(CCO[Si](C)(C)C(C)(C)C)C2)cc1,4.11345625,Natural,True,,SMILES Cc1ccc(S(=O)(=O)N2C=CC(CCO[Si](C)(C)C(C)(C)C)C2)cc1
6888,SMILES Cc1cc(OC(=O)N(C)C)n(-c2ccccc2)n1,3.69470406,Natural,True,,SMILES Cc1cc(OC(=O)N(C)C)n(-c2ccccc2)n1
300904,SMILES CCOC(=O)c1ccc(N2C(=O)CC(Sc3ccccc3N)C2=O)cc1,5.49027491,Natural,True,,SMILES CCOC(=O)c1ccc(N2C(=O)CC(Sc3ccccc3N)C2=O)cc1
400895,SMILES COC(=O)C(C)NC(=O)c1ccccc1SC(=O)CCCC[n+]1ccccc1,4.3303709,Natural,True,,SMILES COC(=O)C(C)NC(=O)c1ccccc1SC(=O)CCCC[n+]1ccccc1
20605,SMILES CCN1CCc2c(cccc2OC(=O)c2cc(OC)c(OC)c(OC)c2)C1,4.38204432,Natural,True,,SMILES CCN1CCc2c(cccc2OC(=O)c2cc(OC)c(OC)c(OC)c2)C1
201227,SMILES CS(=O)c1ccc(-c2nc3ncccn3c2CN2CCOCC2)cc1,4.41344118,Natural,True,,SMILES CS(=O)c1ccc(-c2nc3ncccn3c2CN2CCOCC2)cc1
2042,SMILES N#CC(=Cc1ccc2[nH]ccc2c1)C(N)=C(C#N)C#N,4.12662506,Natural,True,,SMILES N#CC(=Cc1ccc2[nH]ccc2c1)C(N)=C(C#N)C#N
20961,SMILES CNC(C)Cc1c[nH]c2ccc(OC)cc12,3.02702451,Natural,True,,SMILES CNC(C)Cc1c[nH]c2ccc(OC)cc12
201660,SMILES O=C(O)CCC(NC(=O)c1ccccc1)C(=O)N1CCCC1,3.95497584,Natural,True,,SMILES O=C(O)CCC(NC(=O)c1ccccc1)C(=O)N1CCCC1
21052,SMILES Cc1cc(C(=O)c2ccccc2)ccc1N,3.1705215,Natural,True,,SMILES Cc1cc(C(=O)c2ccccc2)ccc1N
400461,SMILES CCC1(O)C(=O)OCc2c1cc1n(c2=O)Cc2c-1nc1ccc(N)cc1c2CC[Si](C)(C)C,5.41246796,Natural,True,,SMILES CCC1(O)C(=O)OCc2c1cc1n(c2=O)Cc2c-1nc1ccc(N)cc1c2CC[Si](C)(C)C
300454,SMILES Cc1ccc(C2NC(=O)N3C(c4ccc(C)cc4)NC(=O)N23)cc1,5.10963202,Natural,True,,SMILES Cc1ccc(C2NC(=O)N3C(c4ccc(C)cc4)NC(=O)N23)cc1
300428,SMILES O=C(O)CCC(=O)c1ccc2c3c1CCCC3CC2,5.06557465,Natural,True,,SMILES O=C(O)CCC(=O)c1ccc2c3c1CCCC3CC2
301087,SMILES COC1OCN(C)CC1(C)C,3.19656372,Natural,True,,SMILES COC1OCN(C)CC1(C)C
401499,SMILES O=C(NN=Cc1ccccc1)Nc1ccc(Br)cc1,4.09334707,Natural,True,,SMILES O=C(NN=Cc1ccccc1)Nc1ccc(Br)cc1
301400,SMILES COc1cc(C)c(C=NNC(=O)c2ccncc2)cc1C,4.54105568,Natural,True,,SMILES COc1cc(C)c(C=NNC(=O)c2ccncc2)cc1C
301326,SMILES CCOC(=O)C(=O)Nc1ncn[nH]1,3.28934932,Natural,True,,SMILES CCOC(=O)C(=O)Nc1ncn[nH]1
300711,SMILES COc1cc(C)cc(C(=O)O)c1,2.9457047,Natural,True,,SMILES COc1cc(C)cc(C(=O)O)c1
300192,SMILES COC1=NS(=O)(=O)CC(N2C(=O)CCC2=O)O1,4.61239338,Natural,True,,SMILES COC1=NS(=O)(=O)CC(N2C(=O)CCC2=O)O1
400653,SMILES C=CCC1(O)c2ccccc2C(=O)c2c(O)ccc(O)c21,3.98462224,Natural,True,,SMILES C=CCC1(O)c2ccccc2C(=O)c2c(O)ccc(O)c21
20517,SMILES COc1ccccc1N1CCN(CCc2c[nH]c3cc4c(cc23)OCO4)CC1,3.8889389,Natural,True,,SMILES COc1ccccc1N1CCN(CCc2c[nH]c3cc4c(cc23)OCO4)CC1
400914,SMILES COC(=O)Nc1nc2ccc(S(=O)(=O)SC)cc2[nH]1,4.14112091,Natural,True,,SMILES COC(=O)Nc1nc2ccc(S(=O)(=O)SC)cc2[nH]1
6034,SMILES CCOc1cc(NC(C)=O)ccc1C(=O)OC,3.20924759,Natural,True,,SMILES CCOc1cc(NC(C)=O)ccc1C(=O)OC
20977,SMILES CCCCCCN=C(N)N=C(N)N,4.12312746,Natural,True,,SMILES CCCCCCN=C(N)N=C(N)N
20828,SMILES COc1ccc(C=Cc2ccc(OC)cc2)cc1,4.05794144,Natural,True,,SMILES COc1ccc(C=Cc2ccc(OC)cc2)cc1
300037,SMILES CCOC(=O)c1c(O)c(=O)[nH]c2ccccc12,3.07898712,Natural,True,,SMILES CCOC(=O)c1c(O)c(=O)[nH]c2ccccc12
20907,SMILES [NH3+]CC(O)c1cccc(O)c1,2.56867003,Natural,True,,SMILES [NH3+]CC(O)c1cccc(O)c1
301210,SMILES CC(=O)N1CCn2nccc21,3.18274045,Natural,True,,SMILES CC(=O)N1CCn2nccc21
300558,SMILES Cc1nc2nc(C(F)(F)F)nc-2[nH]c1C,3.44345593,Natural,True,,SMILES Cc1nc2nc(C(F)(F)F)nc-2[nH]c1C
300009,SMILES COc1ccc(CNCCN2CC2)cc1,3.32249522,Natural,True,,SMILES COc1ccc(CNCCN2CC2)cc1
400195,SMILES CC(=O)Oc1ccc(CC(NC(=O)OC(C)(C)C)C(=O)NC2CCCCC2)nc1,4.76578569,Natural,True,,SMILES CC(=O)Oc1ccc(CC(NC(=O)OC(C)(C)C)C(=O)NC2CCCCC2)nc1
401050,SMILES Cc1c2c(c(C)n1-c1nccs1)C(=O)N(CCCCN1CCN(c3ncccn3)CC1)C2=O,5.61476374,Natural,True,,SMILES Cc1c2c(c(C)n1-c1nccs1)C(=O)N(CCCCN1CCN(c3ncccn3)CC1)C2=O
201863,SMILES CN1CCN(C(CO)Cc2ccccc2)CC1,2.94427109,Natural,True,,SMILES CN1CCN(C(CO)Cc2ccccc2)CC1
20221,SMILES CCN(CC)CCCN1C(=O)c2ccccc2Nc2ccccc21,3.90775585,Natural,True,,SMILES CCN(CC)CCCN1C(=O)c2ccccc2Nc2ccccc21
142,,3.22973895,Natural,False,,
401443,SMILES CSC(=NC1=NC(C(F)(F)F)(C(F)(F)F)N=C(c2ccccc2)O1)SC,4.25474787,Natural,True,,SMILES CSC(=NC1=NC(C(F)(F)F)(C(F)(F)F)N=C(c2ccccc2)O1)SC
300256,SMILES CN(C)C12CCCCC1S(=O)(=O)C2,3.4218111,Natural,True,,SMILES CN(C)C12CCCCC1S(=O)(=O)C2
2066,SMILES CC(=O)NC(CSCC=C(C)CCC=C(C)C)C(=O)O,3.73472285,Natural,True,,SMILES CC(=O)NC(CSCC=C(C)CCC=C(C)C)C(=O)O
50091,SMILES CCOc1ccccc1NC(=O)OCC[NH+](C)C,3.77070403,Natural,True,,SMILES CCOc1ccccc1NC(=O)OCC[NH+](C)C
20867,SMILES NC([NH3+])=NC(N)=NCc1ccc(Cl)cc1,4.65747976,Natural,True,,SMILES NC([NH3+])=NC(N)=NCc1ccc(Cl)cc1
20964,SMILES O=[N+]([O-])c1c(Cl)c(Cl)c(O)c(Cl)c1Cl,4.33046865,Natural,True,,SMILES O=[N+]([O-])c1c(Cl)c(Cl)c(O)c(Cl)c1Cl
20805,SMILES CCOP(=S)(OCC)SC(C(=O)OCCF)c1ccccc1,4.53723526,Natural,True,,SMILES CCOP(=S)(OCC)SC(C(=O)OCCF)c1ccccc1
401768,SMILES CC(=O)OC1C(C)(CO)OC(C)C1(C)OC(C)=O,3.64892459,Natural,True,,SMILES CC(=O)OC1C(C)(CO)OC(C)C1(C)OC(C)=O
200578,,3.13687611,Natural,False,,
300830,SMILES COc1cc(C(=O)N=C(S)Nc2ccc(C)c(F)c2)cc(OC)c1OC,4.34513044,Natural,True,,SMILES COc1cc(C(=O)N=C(S)Nc2ccc(C)c(F)c2)cc(OC)c1OC
2095,SMILES CN(C)C1=NC2C(O)C(O)C(CO)C2O1,3.19348073,Natural,True,,SMILES CN(C)C1=NC2C(O)C(O)C(CO)C2O1
401442,SMILES O=C1NC(C(F)(F)F)(C(F)(F)F)N=C2Sc3ccccc3N12,4.94023323,Natural,True,,SMILES O=C1NC(C(F)(F)F)(C(F)(F)F)N=C2Sc3ccccc3N12
20141,SMILES CCCNc1ccc(C(=O)OCC(O)C[NH+](C)C)cc1,3.37168956,Natural,True,,SMILES CCCNc1ccc(C(=O)OCC(O)C[NH+](C)C)cc1
20959,SMILES CCCCCC1CCCC1=O,3.28726506,Natural,True,,SMILES CCCCCC1CCCC1=O
50012,SMILES CCCCCC(=O)OCc1ccc(I)cc1,4.31114721,Natural,True,,SMILES CCCCCC(=O)OCc1ccc(I)cc1
401772,SMILES CC(=O)C1(C)C(C)OC(C)(COS(=O)(=O)c2ccc(C)cc2)C1O,3.40545487,Natural,True,,SMILES CC(=O)C1(C)C(C)OC(C)(COS(=O)(=O)c2ccc(C)cc2)C1O
799,SMILES O=P(O)(O)OCC(O)C(O)c1c[nH]c2ccccc12,3.5380671,Natural,True,,SMILES O=P(O)(O)OCC(O)C(O)c1c[nH]c2ccccc12
20437,SMILES CSc1nc(Cl)nc(SC)n1,3.8470242,Natural,True,,SMILES CSc1nc(Cl)nc(SC)n1
3968,SMILES CCNCc1cc(C(C)(C)C)c(O)c(C(C)(C)C)c1,3.83224034,Natural,True,,SMILES CCNCc1cc(C(C)(C)C)c(O)c(C(C)(C)C)c1
300590,SMILES CCCSCCNC(=O)NCCSCCC,3.12169957,Natural,True,,SMILES CCCSCCNC(=O)NCCSCCC
21212,SMILES Cc1ccc(C[NH2+]C(N)=NC(=N)N)o1,3.76128459,Natural,True,,SMILES Cc1ccc(C[NH2+]C(N)=NC(=N)N)o1
301085,SMILES CCCCOC1OCN(C(C)(C)C)CC1(C)C,3.75014496,Natural,True,,SMILES CCCCOC1OCN(C(C)(C)C)CC1(C)C
401236,SMILES Cn1c(=O)c2nc(C#CCO)n3c2n(c1=O)CCC3,3.98933029,Natural,True,,SMILES Cn1c(=O)c2nc(C#CCO)n3c2n(c1=O)CCC3
6796,SMILES c1ccc2c(c1)ccc1ncccc12,3.56903148,Natural,True,,SMILES c1ccc2c(c1)ccc1ncccc12
20251,SMILES COc1c(I)cc(C(=O)O)cc1I,3.52194023,Natural,True,,SMILES COc1c(I)cc(C(=O)O)cc1I
301193,SMILES O=C(c1ccccc1)C(Oc1ccccc1)c1ccccc1,3.55857921,Natural,True,,SMILES O=C(c1ccccc1)C(Oc1ccccc1)c1ccccc1
300141,SMILES CCOC(=O)c1cc(C)nc2c(Cl)cc(Cl)cc12,5.26934242,Natural,True,,SMILES CCOC(=O)c1cc(C)nc2c(Cl)cc(Cl)cc12
20381,SMILES CCN(C(=N)S)c1cccc2ccccc12,3.28253627,Natural,True,,SMILES CCN(C(=N)S)c1cccc2ccccc12
6476,SMILES CN1C(=O)CC(C)(c2ccccc2)C1=O,4.31675863,Natural,True,,SMILES CN1C(=O)CC(C)(c2ccccc2)C1=O
300440,SMILES N#Cc1ccc(OCCCCCOc2ccc([N+](=O)[O-])cc2)cc1,4.32783747,Natural,True,,SMILES N#Cc1ccc(OCCCCCOc2ccc([N+](=O)[O-])cc2)cc1
20675,SMILES CCCCOc1ccc(CC(=O)O)cc1C,3.38245654,Natural,True,,SMILES CCCCOc1ccc(CC(=O)O)cc1C
6085,SMILES CCCCN1CC2Cc3cc(OC)c(OC)cc3C2C1,4.27187872,Natural,True,,SMILES CCCCN1CC2Cc3cc(OC)c(OC)cc3C2C1
401168,SMILES Nc1nc(N)c2c3c(cnc2n1)CC(c1ccccc1)CC3,5.13171721,Natural,True,,SMILES Nc1nc(N)c2c3c(cnc2n1)CC(c1ccccc1)CC3
400022,SMILES COc1ccc2oc(=Nc3sc4c(c3C#N)CCCC4)c(C(N)=O)cc2c1,5.71048164,Natural,True,,SMILES COc1ccc2oc(=Nc3sc4c(c3C#N)CCCC4)c(C(N)=O)cc2c1
300386,SMILES O=C1c2ccccc2C(=O)n2nc3ccccc3c21,3.71853352,Natural,True,,SMILES O=C1c2ccccc2C(=O)n2nc3ccccc3c21
6852,SMILES Oc1ccc(Nc2ccc3[nH]c4ccccc4c3c2)cc1,3.95609021,Natural,True,,SMILES Oc1ccc(Nc2ccc3[nH]c4ccccc4c3c2)cc1
300809,SMILES Nc1cccc(Br)n1,3.1511333,Natural,True,,SMILES Nc1cccc(Br)n1
400082,SMILES CCOC(O)=Cc1nc2ccccc2n(Cc2cnnn2Cc2ccccc2)c1=O,4.83562708,Natural,True,,SMILES CCOC(O)=Cc1nc2ccccc2n(Cc2cnnn2Cc2ccccc2)c1=O
200366,,3.33795857,Natural,False,,
300670,SMILES NC(=O)c1cc(C(=O)O)ccc1N(N)O,4.44097281,Natural,True,,SMILES NC(=O)c1cc(C(=O)O)ccc1N(N)O
20706,SMILES c1ccc(C2NCCS2)cc1,3.91553092,Natural,True,,SMILES c1ccc(C2NCCS2)cc1
400954,SMILES CCOC(=O)Cn1nnc2ccc(N=c3c(C)[n+]([O-])c4cc(F)c(OCC)cc4n3O)cc21,6.13017082,Natural,True,,SMILES CCOC(=O)Cn1nnc2ccc(N=c3c(C)[n+]([O-])c4cc(F)c(OCC)cc4n3O)cc21
300227,SMILES CCC1C(=O)OCc2c1ccn(C)c2=O,3.72735405,Natural,True,,SMILES CCC1C(=O)OCc2c1ccn(C)c2=O
200263,,3.8572042,Natural,False,,
847,SMILES CS(=O)CCC(N)C(=O)O,3.0110178,Natural,True,,SMILES CS(=O)CCC(N)C(=O)O
401045,SMILES Cc1c2c(c(C)n1-c1ccccc1)C(=O)N(CCN1CCN(c3cccc(C(F)(F)F)c3)CC1)C2=O,5.44063187,Natural,True,,SMILES Cc1c2c(c(C)n1-c1ccccc1)C(=O)N(CCN1CCN(c3cccc(C(F)(F)F)c3)CC1)C2=O
5465,SMILES CC(=O)Oc1cc(C(C)C)c(O)cc1C,3.64338207,Natural,True,,SMILES CC(=O)Oc1cc(C(C)C)c(O)cc1C
400715,SMILES NC1CCN(c2c(F)cc3c(=O)c(C(=O)O)cn4c3c2Oc2cc3c(ccc5ccccc53)cc2-4)C1,6.49277687,Natural,True,,SMILES NC1CCN(c2c(F)cc3c(=O)c(C(=O)O)cn4c3c2Oc2cc3c(ccc5ccccc53)cc2-4)C1
400069,SMILES COC(=O)C(NC(=O)OCc1ccccc1)(C(C)Sc1ccc(C)cc1)C(F)(F)F,4.97732592,Natural,True,,SMILES COC(=O)C(NC(=O)OCc1ccccc1)(C(C)Sc1ccc(C)cc1)C(F)(F)F
401041,SMILES Cc1c2c(c(C)n1-c1ccccc1)C(=O)N(C=CCN1CCN(c3ccccc3)CC1)C2=O,4.70067215,Natural,True,,SMILES Cc1c2c(c(C)n1-c1ccccc1)C(=O)N(C=CCN1CCN(c3ccccc3)CC1)C2=O
401237,SMILES COC(=O)C1C(C(=O)OC)C2(C(=O)Nc3ccccc32)C(c2ccccc2)N1C,4.24324656,Natural,True,,SMILES COC(=O)C1C(C(=O)OC)C2(C(=O)Nc3ccccc32)C(c2ccccc2)N1C
20689,SMILES CCCC(=O)SCC[N+](C)(C)C,3.49121785,Natural,True,,SMILES CCCC(=O)SCC[N+](C)(C)C
2929,SMILES O=C(Nc1ccncc1)C(=O)c1cn(Cc2ccc(Cl)cc2)c2ccccc12,4.75418043,Natural,True,,SMILES O=C(Nc1ccncc1)C(=O)c1cn(Cc2ccc(Cl)cc2)c2ccccc12
20990,SMILES CN(C)C(=O)Nc1cccc(NC(=O)OC(C)(C)C)c1,3.8653276,Natural,True,,SMILES CN(C)C(=O)Nc1cccc(NC(=O)OC(C)(C)C)c1
401306,SMILES CSSCCS(C)(=O)=O,3.37151718,Natural,True,,SMILES CSSCCS(C)(=O)=O
401042,SMILES Cc1c2c(c(C)n1-c1ccccc1)C(=O)N(CCN1CCN(CCO)CC1)C2=O,4.83725309,Natural,True,,SMILES Cc1c2c(c(C)n1-c1ccccc1)C(=O)N(CCN1CCN(CCO)CC1)C2=O
20546,SMILES CCCC(CC)c1ccccc1,4.58173513,Natural,True,,SMILES CCCC(CC)c1ccccc1
200034,,3.32551646,Natural,False,,
6716,SMILES COc1c2ccoc2cc2oc(C)cc(=O)c12,3.9153111,Natural,True,,SMILES COc1c2ccoc2cc2oc(C)cc(=O)c12
200497,,3.27589345,Natural,False,,
201903,SMILES O=C1CCC2(c3ccccc3)OCCCN12,4.47728491,Natural,True,,SMILES O=C1CCC2(c3ccccc3)OCCCN12
401447,SMILES CCOC(=O)C1(C(F)(F)F)OCC(COC(=O)c2ccccc2)O1,3.72276568,Natural,True,,SMILES CCOC(=O)C1(C(F)(F)F)OCC(COC(=O)c2ccccc2)O1
20519,SMILES Cc1ccc(S(=O)(=O)OCc2ccc([N+](=O)[O-])cc2)cc1,3.82289767,Natural,True,,SMILES Cc1ccc(S(=O)(=O)OCc2ccc([N+](=O)[O-])cc2)cc1
200155,,2.78156567,Natural,False,,
300757,SMILES NNC(=O)C(N)Cc1cnc[nH]1,3.69282174,Natural,True,,SMILES NNC(=O)C(N)Cc1cnc[nH]1
5352,SMILES CC1=C(CC(=O)O)c2cc(F)ccc2C1=Cc1ccc(S(C)=O)cc1,5.01849556,Natural,True,,SMILES CC1=C(CC(=O)O)c2cc(F)ccc2C1=Cc1ccc(S(C)=O)cc1
20744,SMILES Nc1ccc(C=Cc2ccc([N+](=O)[O-])cc2)cc1,3.68978,Natural,True,,SMILES Nc1ccc(C=Cc2ccc([N+](=O)[O-])cc2)cc1
50175,SMILES COc1cc(CNCCc2ccccc2)ccc1O,3.62909007,Natural,True,,SMILES COc1cc(CNCCc2ccccc2)ccc1O
20397,SMILES CCCC1(c2ccccc2)OCC(CO)O1,3.69268513,Natural,True,,SMILES CCCC1(c2ccccc2)OCC(CO)O1
400078,SMILES CN(C)c1ncc(C(=O)c2cc3ccccc3oc2=O)s1,3.64562321,Natural,True,,SMILES CN(C)c1ncc(C(=O)c2cc3ccccc3oc2=O)s1
20482,SMILES OC(c1ccccc1)C(c1ccccc1)c1ccccc1,3.64983201,Natural,True,,SMILES OC(c1ccccc1)C(c1ccccc1)c1ccccc1
300470,SMILES COc1ccc(C2N=C(S)N3C(c4ccc(OC)c(OC)c4)N=C(S)N23)cc1OC,4.69406176,Natural,True,,SMILES COc1ccc(C2N=C(S)N3C(c4ccc(OC)c(OC)c4)N=C(S)N23)cc1OC
6268,SMILES O=C(O)CC(S)C(=O)O,2.94331479,Natural,True,,SMILES O=C(O)CC(S)C(=O)O
20757,SMILES C1CCC(OC2CCCCC2)CC1,4.28970385,Natural,True,,SMILES C1CCC(OC2CCCCC2)CC1
200102,,3.87122655,Natural,False,,
6855,SMILES O=C(Oc1cccc2cccnc12)c1ccccc1,4.80409479,Natural,True,,SMILES O=C(Oc1cccc2cccnc12)c1ccccc1
300651,SMILES O=P1(c2ccccc2)NC2CCCCC2N1,2.89573264,Natural,True,,SMILES O=P1(c2ccccc2)NC2CCCCC2N1
400832,SMILES Cc1nnc2sc(NC(=O)c3ccccc3)nn12,4.82380772,Natural,True,,SMILES Cc1nnc2sc(NC(=O)c3ccccc3)nn12
400492,SMILES CCOC(=O)c1cccnc1-c1ncccc1C(=O)OCC,4.56000376,Natural,True,,SMILES CCOC(=O)c1cccnc1-c1ncccc1C(=O)OCC
20216,SMILES [NH3+]NCCOc1ccccc1,4.65324068,Natural,True,,SMILES [NH3+]NCCOc1ccccc1
201907,SMILES O=C1CCC2(c3ccc(F)cc3)OCCCN12,3.58070827,Natural,True,,SMILES O=C1CCC2(c3ccc(F)cc3)OCCCN12
401111,SMILES CCN1CCc2sc3[nH]c(=O)[nH]c(=O)c3c2C1,4.01596642,Natural,True,,SMILES CCN1CCc2sc3[nH]c(=O)[nH]c(=O)c3c2C1
20608,SMILES CC[NH+]1CCC2C(CCCC2OC(=O)c2cc(OC)c(OC)c(OC)c2)C1,3.95770955,Natural,True,,SMILES CC[NH+]1CCC2C(CCCC2OC(=O)c2cc(OC)c(OC)c(OC)c2)C1
400157,SMILES c1ccc(C2SCc3cc4c(n32)COC4)cc1,3.77322316,Natural,True,,SMILES c1ccc(C2SCc3cc4c(n32)COC4)cc1
400705,SMILES Nc1cc(C2CC(O)C(CO)O2)c(F)cc1F,3.57580686,Natural,True,,SMILES Nc1cc(C2CC(O)C(CO)O2)c(F)cc1F
300213,SMILES CCN(CC)c1ccc(S(=O)(=O)NC(=O)OC)cc1,3.29092097,Natural,True,,SMILES CCN(CC)c1ccc(S(=O)(=O)NC(=O)OC)cc1
300392,SMILES CCC(=O)n1nc(-c2ccccc2)c2ccccc21,4.17487192,Natural,True,,SMILES CCC(=O)n1nc(-c2ccccc2)c2ccccc21
200061,,4.25388193,Natural,False,,
300792,SMILES O=C(CP(=O)(Oc1ccccc1)Oc1ccccc1)Nc1ccccc1,4.0002265,Natural,True,,SMILES O=C(CP(=O)(Oc1ccccc1)Oc1ccccc1)Nc1ccccc1
6785,SMILES CCOC(=O)COC(=O)c1ccccc1C(=O)OCC,2.92448878,Natural,True,,SMILES CCOC(=O)COC(=O)c1ccccc1C(=O)OCC
401037,SMILES CCCCn1c(C)c2c(=O)n(C)n(CCO)c(=O)c2c1C,5.10473824,Natural,True,,SMILES CCCCn1c(C)c2c(=O)n(C)n(CCO)c(=O)c2c1C
50050,SMILES CCCCOc1cccc(NC(=O)OCC[NH+](C)C)c1,3.75927734,Natural,True,,SMILES CCCCOc1cccc(NC(=O)OCC[NH+](C)C)c1
6843,SMILES CCCOc1cc(N)ccc1C(=O)OCCN(CC)CC,3.21544671,Natural,True,,SMILES CCCOc1cc(N)ccc1C(=O)OCCN(CC)CC
86,SMILES Nc1c(O)cccc1C(=O)O,4.79790306,Natural,True,,SMILES Nc1c(O)cccc1C(=O)O
300311,SMILES CC1=CCCCC1Oc1ccccc1,4.1031127,Natural,True,,SMILES CC1=CCCCC1Oc1ccccc1
6739,SMILES Cc1cccc([N+](=O)[O-])c1C,3.77689385,Natural,True,,SMILES Cc1cccc([N+](=O)[O-])c1C
300940,SMILES c1cc2c(cc1Cc1cncc(Cc3ccc4c(c3)OCO4)c1)OCO2,5.07206583,Natural,True,,SMILES c1cc2c(cc1Cc1cncc(Cc3ccc4c(c3)OCO4)c1)OCO2
50028,SMILES CC(C)CN=C(S)c1ccc(Cl)cc1,3.1574471,Natural,True,,SMILES CC(C)CN=C(S)c1ccc(Cl)cc1
50180,SMILES COc1cc(C[NH2+]CCc2ccccc2)cc(Br)c1O,4.05700016,Natural,True,,SMILES COc1cc(C[NH2+]CCc2ccccc2)cc(Br)c1O
400220,SMILES CCOC1CC(=O)c2c(Br)sc(Br)c21,4.42907906,Natural,True,,SMILES CCOC1CC(=O)c2c(Br)sc(Br)c21
400717,SMILES NC1CCN(c2c(F)cc3c(=O)c(C(=O)O)cn4c3c2Oc2c-4ccc3c2ccc2ccccc23)C1,5.5773263,Natural,True,,SMILES NC1CCN(c2c(F)cc3c(=O)c(C(=O)O)cn4c3c2Oc2c-4ccc3c2ccc2ccccc23)C1
2890,SMILES O=C(c1ccc2c(c1)OCCO2)N1CCCCC1,3.84670949,Natural,True,,SMILES O=C(c1ccc2c(c1)OCCO2)N1CCCCC1
401091,SMILES Cc1cc(C)c2c(=O)n(CN3CCC(O)(c4ccccc4)CC3)sc2n1,4.60096121,Natural,True,,SMILES Cc1cc(C)c2c(=O)n(CN3CCC(O)(c4ccccc4)CC3)sc2n1
20631,SMILES O=[N+]([O-])c1cc(Cl)ccc1S(=O)(=O)Cl,3.21040654,Natural,True,,SMILES O=[N+]([O-])c1cc(Cl)ccc1S(=O)(=O)Cl
300627,SMILES N=C(S)C(S)=NCCO,2.98188281,Natural,True,,SMILES N=C(S)C(S)=NCCO
5291,SMILES Cc1ccc(NC(=O)c2ccc(CN3CCN(C)CC3)cc2)cc1Nc1nccc(-c2cccnc2)n1,5.42324972,Natural,True,,SMILES Cc1ccc(NC(=O)c2ccc(CN3CCN(C)CC3)cc2)cc1Nc1nccc(-c2cccnc2)n1
20262,SMILES Nc1ncnc2c1ncn2Cc1ccccc1,3.4226501,Natural,True,,SMILES Nc1ncnc2c1ncn2Cc1ccccc1
6426,SMILES FC(F)(Cl)C(Cl)(Cl)Cl,3.2084465,Natural,True,,SMILES FC(F)(Cl)C(Cl)(Cl)Cl
200184,,3.14758754,Natural,False,,
6603,SMILES CN1C(C)(C)CCCC1(C)C,3.55096507,Natural,True,,SMILES CN1C(C)(C)CCCC1(C)C
6726,SMILES CN1CCN(C(c2ccccc2)c2ccccc2)CC1,3.17135406,Natural,True,,SMILES CN1CCN(C(c2ccccc2)c2ccccc2)CC1
300024,SMILES CCCCC(O)(CCCC)C(CC)CC,4.20790005,Natural,True,,SMILES CCCCC(O)(CCCC)C(CC)CC
6090,SMILES CCN(CC)CCc1c[nH]c2ccccc12,3.29461169,Natural,True,,SMILES CCN(CC)CCc1c[nH]c2ccccc12
400927,SMILES Nc1cc(-c2ccccc2)nn1-c1nc2ccccc2nc1-c1ccccc1,5.66832399,Natural,True,,SMILES Nc1cc(-c2ccccc2)nn1-c1nc2ccccc2nc1-c1ccccc1
300984,SMILES OC1CC2CCC1C21OCCO1,3.94301724,Natural,False,,
5937,SMILES CC(CCC(C)OS(C)(=O)=O)OS(C)(=O)=O,3.4181869,Natural,True,,SMILES CC(CCC(C)OS(C)(=O)=O)OS(C)(=O)=O
201550,SMILES CC(C)[n+]1ccc(-c2cc[n+](C(C)C)cc2)cc1,3.35204959,Natural,True,,SMILES CC(C)[n+]1ccc(-c2cc[n+](C(C)C)cc2)cc1
200292,,3.97100282,Natural,False,,
21160,SMILES c1ccc2c(c1)CCC2[NH2+]CC12CCC(C[NH2+]C3CCc4ccccc43)(CC1)CC2,5.18161154,Natural,True,,SMILES c1ccc2c(c1)CCC2[NH2+]CC12CCC(C[NH2+]C3CCc4ccccc43)(CC1)CC2
301338,SMILES O=C(CC1C(=O)Nc2ccccc21)c1ccccc1,3.85103965,Natural,True,,SMILES O=C(CC1C(=O)Nc2ccccc21)c1ccccc1
201588,SMILES CCCOc1ccc(OC(CN(C)C)C(=O)c2ccccc2)cc1,4.07292223,Natural,True,,SMILES CCCOc1ccc(OC(CN(C)C)C(=O)c2ccccc2)cc1
20186,SMILES CC(=O)ON(C(=O)OC(C)C)c1ccccc1,3.87767601,Natural,True,,SMILES CC(=O)ON(C(=O)OC(C)C)c1ccccc1
201769,SMILES CC(=O)N=C(S)c1ccccc1,4.12786531,Natural,True,,SMILES CC(=O)N=C(S)c1ccccc1
300297,SMILES COC(=O)C#CCCC#CC(C)=O,3.72322083,Natural,True,,SMILES COC(=O)C#CCCC#CC(C)=O
300250,SMILES CN1C2CC(=O)CC1C1CC2C1,3.69424033,Natural,True,,SMILES CN1C2CC(=O)CC1C1CC2C1
5010,SMILES C=CC1CN2CCC1CC2C(OC(=O)OCC)c1ccnc2ccc(OC)cc12,4.95643663,Natural,True,,SMILES C=CC1CN2CCC1CC2C(OC(=O)OCC)c1ccnc2ccc(OC)cc12
300288,SMILES CC1(C)C2CCC1(CS(=O)(=O)O)C(=O)C2,3.97375798,Natural,True,,SMILES CC1(C)C2CCC1(CS(=O)(=O)O)C(=O)C2
2856,SMILES CC(C)n1cnc2c(Nc3cccc(Cl)c3)nc(NCCO)nc21,4.77316189,Natural,True,,SMILES CC(C)n1cnc2c(Nc3cccc(Cl)c3)nc(NCCO)nc21
401554,SMILES Cc1cc(N=Cc2ccc(N(C)C)cc2)n(-c2ccccc2)n1,3.62763476,Natural,True,,SMILES Cc1cc(N=Cc2ccc(N(C)C)cc2)n(-c2ccccc2)n1
400865,,4.04728794,Natural,False,,
400056,SMILES O=c1[nH][nH]c(-c2ccccc2)c2nc(-c3ccccc3)cc1-2,4.61545563,Natural,True,,SMILES O=c1[nH][nH]c(-c2ccccc2)c2nc(-c3ccccc3)cc1-2
5596,SMILES O=C(OC1CC2CCC(C1)[N+]21CCCC1)C(O)(c1ccccc1)c1ccccc1,3.91216588,Natural,True,,SMILES O=C(OC1CC2CCC(C1)[N+]21CCCC1)C(O)(c1ccccc1)c1ccccc1
5827,SMILES COc1ccc(NC(C)=O)cc1,2.75102615,Natural,True,,SMILES COc1ccc(NC(C)=O)cc1
200540,,3.86065006,Natural,False,,
6844,SMILES O=C(O)c1ccc2ccccc2c1O,3.32502294,Natural,True,,SMILES O=C(O)c1ccc2ccccc2c1O
5805,SMILES CC(C)NCC(O)c1ccc(Cl)c(Cl)c1,3.02917171,Natural,True,,SMILES CC(C)NCC(O)c1ccc(Cl)c(Cl)c1
6977,SMILES O=[N+]([O-])c1cc(Cl)ccc1Cl,3.87572742,Natural,True,,SMILES O=[N+]([O-])c1cc(Cl)ccc1Cl
6799,SMILES O=C(c1ccccc1)c1cc(Cl)ccc1O,3.57524371,Natural,True,,SMILES O=C(c1ccccc1)c1cc(Cl)ccc1O
5708,,4.08656311,Natural,False,,
50143,SMILES OC(CC(O)(C(F)(F)F)C(F)(F)F)CC(O)(C(F)(F)F)C(F)(F)F,4.52274179,Natural,True,,SMILES OC(CC(O)(C(F)(F)F)C(F)(F)F)CC(O)(C(F)(F)F)C(F)(F)F
5687,SMILES COc1cc2ncnc(Nc3cccc(O)c3)c2cc1OC,4.48100328,Natural,True,,SMILES COc1cc2ncnc(Nc3cccc(O)c3)c2cc1OC
5439,SMILES N=C(N)c1cc2cccnc2s1,2.93070006,Natural,True,,SMILES N=C(N)c1cc2cccnc2s1
20359,SMILES CCCCCC1(C)OCCO1,4.12927294,Natural,True,,SMILES CCCCCC1(C)OCCO1
6094,SMILES Cc1ncc(CO)c(C)c1O,3.01899981,Natural,True,,SMILES Cc1ncc(CO)c(C)c1O
21091,SMILES CN(C)CCN1CCC(Cc2ccccc2)CC1,4.07533073,Natural,True,,SMILES CN(C)CCN1CCC(Cc2ccccc2)CC1
200544,,4.05639553,Natural,False,,
20938,SMILES CCN(CC)CCn1cc(C2CCCN2C)c2ccccc21,3.86481786,Natural,True,,SMILES CCN(CC)CCn1cc(C2CCCN2C)c2ccccc21
6725,SMILES CCCCCc1cc(C=c2[nH]c(=C3C=CC=N3)cc2OC)[nH]c1C,4.58962059,Natural,True,,SMILES CCCCCc1cc(C=c2[nH]c(=C3C=CC=N3)cc2OC)[nH]c1C
201216,SMILES O=C(OCCCc1ccncc1)c1ccc([N+](=O)[O-])cc1,3.91390538,Natural,True,,SMILES O=C(OCCCc1ccncc1)c1ccc([N+](=O)[O-])cc1
50120,SMILES CCCCc1ccc2c(c1)C(=CCC[NH+](C)C)c1ccccc1CS2,4.62917328,Natural,True,,SMILES CCCCc1ccc2c(c1)C(=CCC[NH+](C)C)c1ccccc1CS2
6939,SMILES CC(=O)Nc1ccc(S(=O)(=O)O)c(N)c1,3.60833669,Natural,True,,SMILES CC(=O)Nc1ccc(S(=O)(=O)O)c(N)c1
6929,SMILES CC(C)(C)c1cc(CO)cc(C(C)(C)C)c1O,3.38716316,Natural,True,,SMILES CC(C)(C)c1cc(CO)cc(C(C)(C)C)c1O
200289,,3.99285769,Natural,False,,
5526,SMILES NCC1CCC(C(=O)O)CC1,3.20666981,Natural,True,,SMILES NCC1CCC(C(=O)O)CC1
301166,SMILES C1CC2CC1CC1C3CC4CCC(C4)C3OC21,4.93504477,Natural,True,,SMILES C1CC2CC1CC1C3CC4CCC(C4)C3OC21
5783,SMILES O=C(O)c1ccc(Cl)c(Cl)c1Cl,3.75907636,Natural,True,,SMILES O=C(O)c1ccc(Cl)c(Cl)c1Cl
300316,SMILES NC(=O)C12c3ccccc3C3C(c4ccccc41)C32,4.38307142,Natural,True,,SMILES NC(=O)C12c3ccccc3C3C(c4ccccc41)C32
401790,SMILES COC1=CCC2=C(CCN(C(=O)C3CCC3)C2Cc2ccc(OC)c(O)c2)C1,5.32165289,Natural,True,,SMILES COC1=CCC2=C(CCN(C(=O)C3CCC3)C2Cc2ccc(OC)c(O)c2)C1
6157,SMILES O=C(CCCN1CCC2(CCCCC2)CC1)c1ccc(F)cc1,4.4901762,Natural,True,,SMILES O=C(CCCN1CCC2(CCCCC2)CC1)c1ccc(F)cc1
20674,SMILES O=C(OCCN1CCCCC1)C(O)(c1ccccc1)c1ccccc1,3.58956432,Natural,True,,SMILES O=C(OCCN1CCCCC1)C(O)(c1ccccc1)c1ccccc1
200324,,4.10617018,Natural,False,,
201654,SMILES COc1ccc2c3c1OC1C(O)CCC4(O)C(C2)N(CCc2ccccc2)CCC314,4.31763697,Natural,True,,SMILES COc1ccc2c3c1OC1C(O)CCC4(O)C(C2)N(CCc2ccccc2)CCC314
200253,,3.57627964,Natural,False,,
3991,SMILES C[N+](C)(C)c1cccc(C(O)(O)C(F)(F)F)c1,3.71498299,Natural,True,,SMILES C[N+](C)(C)c1cccc(C(O)(O)C(F)(F)F)c1
5758,SMILES O=C(O)c1c(Cl)cccc1Cl,2.78834367,Natural,True,,SMILES O=C(O)c1c(Cl)cccc1Cl
20156,SMILES CCC(CC)C(=O)OCC(Cl)(Cl)Cl,3.65281391,Natural,True,,SMILES CCC(CC)C(=O)OCC(Cl)(Cl)Cl
6471,SMILES CCC(=O)OC1(c2ccccc2)CCN(C)CC1C,3.85926938,Natural,True,,SMILES CCC(=O)OC1(c2ccccc2)CCN(C)CC1C
21026,SMILES Cc1cccc(O)c1[N+](=O)[O-],3.08426118,Natural,True,,SMILES Cc1cccc(O)c1[N+](=O)[O-]
400259,SMILES Cc1cc(C)c(S(=O)(=O)NC(C=C(Br)CO)C(C)C)c(C)c1,4.1455121,Natural,True,,SMILES Cc1cc(C)c(S(=O)(=O)NC(C=C(Br)CO)C(C)C)c(C)c1
5478,SMILES CC(C)(C)NCC(O)COc1nsnc1N1CCOCC1,3.19274449,Natural,True,,SMILES CC(C)(C)NCC(O)COc1nsnc1N1CCOCC1
201262,SMILES COc1ccc(B(O)O)cc1,3.97832799,Natural,True,,SMILES COc1ccc(B(O)O)cc1
301026,SMILES CCCCCCCC(=O)NOS(=O)(=O)O,3.9564743,Natural,True,,SMILES CCCCCCCC(=O)NOS(=O)(=O)O
21054,SMILES CSCC1CN(N=Cc2ccc([N+](=O)[O-])o2)C(=O)O1,3.87537766,Natural,True,,SMILES CSCC1CN(N=Cc2ccc([N+](=O)[O-])o2)C(=O)O1
401756,SMILES COC(=O)C12CCC3CN(C(=O)OCc4ccccc4)C(C(c4ccccc4)N1)C32,4.17098284,Natural,True,,SMILES COC(=O)C12CCC3CN(C(=O)OCc4ccccc4)C(C(c4ccccc4)N1)C32
301054,SMILES O=C1CC(c2ccc(Cl)cc2)NC(c2ccc(Cl)cc2)C1,4.61667252,Natural,True,,SMILES O=C1CC(c2ccc(Cl)cc2)NC(c2ccc(Cl)cc2)C1
300229,SMILES CCC1C(=O)OC2(CO)C(=O)N(C)CCC12,3.90809536,Natural,True,,SMILES CCC1C(=O)OC2(CO)C(=O)N(C)CCC12
200297,,4.15698957,Natural,False,,
5579,SMILES C[N+](C)(C)c1cccc(N)c1,2.9574585,Natural,True,,SMILES C[N+](C)(C)c1cccc(N)c1
2783,SMILES CC(C)(C)NCC(O)c1cc(Cl)c(N)c(Cl)c1,3.46520996,Natural,True,,SMILES CC(C)(C)NCC(O)c1cc(Cl)c(N)c(Cl)c1
300897,SMILES COc1ccc(CCNC(=O)c2ccc(Cl)c(Cl)c2)cc1OC,4.73735285,Natural,True,,SMILES COc1ccc(CCNC(=O)c2ccc(Cl)c(Cl)c2)cc1OC
5278,SMILES O=C(O)Cc1nn(Cc2ccc(Br)cc2F)c(=O)c2ccccc12,4.74458313,Natural,True,,SMILES O=C(O)Cc1nn(Cc2ccc(Br)cc2F)c(=O)c2ccccc12
5668,SMILES CCC12CCCN3CCc4c(n(c5ccccc45)C(O)(C(=O)OC)C1)C32,4.7632184,Natural,True,,SMILES CCC12CCCN3CCc4c(n(c5ccccc45)C(O)(C(=O)OC)C1)C32
6986,SMILES CC1CCC(C(C)C)C(=O)C1,4.05961037,Natural,True,,SMILES CC1CCC(C(C)C)C(=O)C1
20864,SMILES CCc1cccc(CC)c1NC1=NCCN1,3.85874557,Natural,True,,SMILES CCc1cccc(CC)c1NC1=NCCN1
201697,SMILES OC1CCCCC1CN1CCCCC1,3.57265282,Natural,False,,
21222,SMILES COc1cc2c(cc1O)C(=O)c1nccc3cc(OC)c(OC)c-2c13,5.22313261,Natural,True,,SMILES COc1cc2c(cc1O)C(=O)c1nccc3cc(OC)c(OC)c-2c13
201226,SMILES NC(=O)Nc1ccc(-c2nc(S)n[nH]2)cc1,3.81217003,Natural,True,,SMILES NC(=O)Nc1ccc(-c2nc(S)n[nH]2)cc1
2815,SMILES Cc1onc(-c2ccccc2Cl)c1C(=O)NCB(O)O,5.59874201,Natural,True,,SMILES Cc1onc(-c2ccccc2Cl)c1C(=O)NCB(O)O
201724,SMILES CC(C)C(CCN1CCOCC1)(C(=O)O)c1cccc2ccccc12,4.51842833,Natural,True,,SMILES CC(C)C(CCN1CCOCC1)(C(=O)O)c1cccc2ccccc12
301310,SMILES NC(=O)C(NC(=O)c1ccc([N+](=O)[O-])cc1)Sc1ccccc1,4.9444046,Natural,True,,SMILES NC(=O)C(NC(=O)c1ccc([N+](=O)[O-])cc1)Sc1ccccc1
400499,SMILES c1ccc(P(CCP(c2ccccn2)c2ccccn2)c2ccccc2)cc1,4.05324793,Natural,True,,SMILES c1ccc(P(CCP(c2ccccn2)c2ccccn2)c2ccccc2)cc1
201494,SMILES O=C1NCC2(CCN(C(c3ccccc3)c3ccccc3)CC2)O1,3.82627034,Natural,True,,SMILES O=C1NCC2(CCN(C(c3ccccc3)c3ccccc3)CC2)O1
6846,SMILES N#Cc1cccc2ccccc12,2.98172927,Natural,True,,SMILES N#Cc1cccc2ccccc12
20714,SMILES O=C1NC(=O)C(COc2ccc(Cl)cc2)(c2ccccc2)N1,4.64559603,Natural,True,,SMILES O=C1NC(=O)C(COc2ccc(Cl)cc2)(c2ccccc2)N1
401576,SMILES O=[N+]([O-])c1cc2oc(CNc3nncs3)nc2cc1Cl,4.98398161,Natural,True,,SMILES O=[N+]([O-])c1cc2oc(CNc3nncs3)nc2cc1Cl
400544,SMILES CC(C)CC(NC(=O)C(Cc1ccccc1)NCC(F)(F)F)C(=O)OC(C)(C)C,4.72095346,Natural,True,,SMILES CC(C)CC(NC(=O)C(Cc1ccccc1)NCC(F)(F)F)C(=O)OC(C)(C)C
400560,SMILES COc1ccc(SC(C)(SC)c2ccccn2)c(OC)n1,4.43325472,Natural,True,,SMILES COc1ccc(SC(C)(SC)c2ccccn2)c(OC)n1
401736,SMILES COC(=O)C(CCC1C=CCC1)N=Cc1ccccc1,3.70572448,Natural,True,,SMILES COC(=O)C(CCC1C=CCC1)N=Cc1ccccc1
20813,SMILES Nc1nc(N)nc(-c2ccco2)n1,3.9064672,Natural,True,,SMILES Nc1nc(N)nc(-c2ccco2)n1
300848,SMILES Cc1ccc2nc(-c3cccc([N+](=O)[O-])c3)oc(=O)c2c1,4.2995944,Natural,True,,SMILES Cc1ccc2nc(-c3cccc([N+](=O)[O-])c3)oc(=O)c2c1
2003,,3.34664989,Natural,False,,
201919,SMILES NC(Cc1ccccc1)=Nc1ccccc1,3.41836929,Natural,True,,SMILES NC(Cc1ccccc1)=Nc1ccccc1
301199,SMILES CCC(C)COS(=O)(=O)c1ccc(C)cc1,3.54750943,Natural,True,,SMILES CCC(C)COS(=O)(=O)c1ccc(C)cc1
6931,SMILES O=[N+]([O-])c1ccc(O)cc1C(F)(F)F,4.2592907,Natural,True,,SMILES O=[N+]([O-])c1ccc(O)cc1C(F)(F)F
400952,SMILES CCOC(=O)Cn1nnc2cc(N=c3c(C)[n+]([O-])c4cc(F)c(OCC)cc4n3O)ccc21,5.58620834,Natural,True,,SMILES CCOC(=O)Cn1nnc2cc(N=c3c(C)[n+]([O-])c4cc(F)c(OCC)cc4n3O)ccc21
400738,SMILES CCOC(=O)C(Cc1ccc(OC(=O)c2ccc(OC)cc2)cc1)NC(=O)C(F)(F)F,5.27890396,Natural,True,,SMILES CCOC(=O)C(Cc1ccc(OC(=O)c2ccc(OC)cc2)cc1)NC(=O)C(F)(F)F
300153,SMILES CC(C)=CCCC(C)=CCN1C(=O)c2ccccc2C1=O,4.10451841,Natural,True,,SMILES CC(C)=CCCC(C)=CCN1C(=O)c2ccccc2C1=O
6256,SMILES O=c1[nH]c(=O)n(C2CC(O)C(CO)O2)cc1C(F)(F)F,4.73404741,Natural,True,,SMILES O=c1[nH]c(=O)n(C2CC(O)C(CO)O2)cc1C(F)(F)F
401490,SMILES CCOC(=O)C1(C(=O)OCC)C(c2ccccc2)C2=NOC3CCCC1C23,5.3481636,Natural,True,,SMILES CCOC(=O)C1(C(=O)OCC)C(c2ccccc2)C2=NOC3CCCC1C23
5312,SMILES CC(=O)CC(=O)CCC(=O)O,4.5149579,Natural,True,,SMILES CC(=O)CC(=O)CCC(=O)O
201804,SMILES CCOP(=O)(Oc1ccc(Cl)cc1Cl)SC,3.73749375,Natural,True,,SMILES CCOP(=O)(Oc1ccc(Cl)cc1Cl)SC
201878,SMILES OC(CN1CCCCC1)c1cc(-c2ccccc2)no1,3.30934024,Natural,True,,SMILES OC(CN1CCCCC1)c1cc(-c2ccccc2)no1
301100,SMILES COC1c2cnc(C)n2C=CN1C(C)=O,2.67996573,Natural,True,,SMILES COC1c2cnc(C)n2C=CN1C(C)=O
20247,SMILES COC(=O)CCCc1ccc(NC(=O)OCc2ccccc2)cc1,4.20901775,Natural,True,,SMILES COC(=O)CCCc1ccc(NC(=O)OCc2ccccc2)cc1
20927,SMILES C1=CC(c2ccccc2)C=CC1,3.80536294,Natural,True,,SMILES C1=CC(c2ccccc2)C=CC1
6205,SMILES CCSCCC(N)C(=O)O,3.52534986,Natural,True,,SMILES CCSCCC(N)C(=O)O
201393,SMILES COCc1cc(N)ccc1OCCCCCN1C(=O)c2ccccc2C1=O,4.29362917,Natural,True,,SMILES COCc1cc(N)ccc1OCCCCCN1C(=O)c2ccccc2C1=O
401557,SMILES Cc1cc(N=Cc2ccc(C#N)cc2)n(-c2ccccc2)n1,3.74272823,Natural,True,,SMILES Cc1cc(N=Cc2ccc(C#N)cc2)n(-c2ccccc2)n1
6468,SMILES c1ccc(C2(N3CCCCC3)CCCCC2)cc1,3.723212,Natural,True,,SMILES c1ccc(C2(N3CCCCC3)CCCCC2)cc1
200285,,3.41133189,Natural,False,,
200332,,3.33384967,Natural,False,,
5799,SMILES C1CN1c1nc(N2CC2)nc(N2CC2)n1,3.19356227,Natural,True,,SMILES C1CN1c1nc(N2CC2)nc(N2CC2)n1
20332,SMILES O=C1C(Cc2ccc(O)cc2)N=C(S)N1c1ccccc1,4.80854034,Natural,True,,SMILES O=C1C(Cc2ccc(O)cc2)N=C(S)N1c1ccccc1
301071,SMILES CC(=O)c1ccc(N=C(S)Nc2ccc(C(C)=O)cc2)cc1,4.91585016,Natural,True,,SMILES CC(=O)c1ccc(N=C(S)Nc2ccc(C(C)=O)cc2)cc1
300451,SMILES Oc1ccc(-c2nnc(-c3ccc(O)cc3)nn2)cc1,3.71444702,Natural,True,,SMILES Oc1ccc(-c2nnc(-c3ccc(O)cc3)nn2)cc1
21143,SMILES Cc1cc(O)ccc1-n1c(C)nc2ccccc2c1=O,4.26250076,Natural,True,,SMILES Cc1cc(O)ccc1-n1c(C)nc2ccccc2c1=O
2878,SMILES NC(C(=O)O)(c1ccc(P(=O)(O)O)cc1)C1CC1,3.48133159,Natural,True,,SMILES NC(C(=O)O)(c1ccc(P(=O)(O)O)cc1)C1CC1
20871,SMILES CN(C)C(=O)c1ccc(N=C(N)[NH2+]C(=N)N)cc1,4.16023207,Natural,True,,SMILES CN(C)C(=O)c1ccc(N=C(N)[NH2+]C(=N)N)cc1
2081,SMILES CC(N)C(=O)OC(C)(C)Cc1ccc(Cl)cc1,3.43169665,Natural,True,,SMILES CC(N)C(=O)OC(C)(C)Cc1ccc(Cl)cc1
400282,SMILES O=[N+]([O-])c1ccc2sc(C=Nc3ccc(O)cc3)cc2c1,3.79178357,Natural,True,,SMILES O=[N+]([O-])c1ccc2sc(C=Nc3ccc(O)cc3)cc2c1
200573,,4.03882456,Natural,False,,
20735,SMILES CC(c1ccccc1)C(C)c1ccccc1,4.61627007,Natural,True,,SMILES CC(c1ccccc1)C(C)c1ccccc1
300808,SMILES CCC(C)(OC(=O)c1ccc([N+](=O)[O-])cc1)C(C)C,4.27068472,Natural,True,,SMILES CCC(C)(OC(=O)c1ccc([N+](=O)[O-])cc1)C(C)C
3981,SMILES CCN(CC)C(=O)C1C=C2c3cccc4[nH]cc(c34)CC2N(C)C1,3.96102834,Natural,True,,SMILES CCN(CC)C(=O)C1C=C2c3cccc4[nH]cc(c34)CC2N(C)C1
159,,5.53903341,Natural,False,,
400469,SMILES N#Cc1c(N)nc(S)c(C#N)c1-c1cccc(Cl)c1,5.75776529,Natural,True,,SMILES N#Cc1c(N)nc(S)c(C#N)c1-c1cccc(Cl)c1
50038,SMILES CCOc1cccc(NC(=O)OCC[NH+](C)C)c1,3.29792094,Natural,True,,SMILES CCOc1cccc(NC(=O)OCC[NH+](C)C)c1
20146,SMILES O=C1C2CCC1C(N1CCN(c3ccccc3)CC1)CC2,4.35490227,Natural,True,,SMILES O=C1C2CCC1C(N1CCN(c3ccccc3)CC1)CC2
20032,,3.34518886,Natural,False,,
301307,SMILES NC(=O)C(NC(=O)c1ccccc1)Sc1ccccc1,3.84863257,Natural,True,,SMILES NC(=O)C(NC(=O)c1ccccc1)Sc1ccccc1
301192,SMILES CC(=O)OC(Cc1ccc(Cl)cc1)c1ccc(Cl)cc1,3.82943153,Natural,True,,SMILES CC(=O)OC(Cc1ccc(Cl)cc1)c1ccc(Cl)cc1
59,SMILES O=C(O)C(CO)OP(=O)(O)O,4.14635611,Natural,True,,SMILES O=C(O)C(CO)OP(=O)(O)O
401416,SMILES COc1ccc(N2C(=O)CS(=O)(=O)C2c2cccc(Oc3ccccc3)c2)cc1,4.81617212,Natural,True,,SMILES COc1ccc(N2C(=O)CS(=O)(=O)C2c2cccc(Oc3ccccc3)c2)cc1
400185,SMILES CCCNC(=O)C(Cc1ccc(OCc2ccccc2)cn1)NC(=O)OC(C)(C)C,4.448668,Natural,True,,SMILES CCCNC(=O)C(Cc1ccc(OCc2ccccc2)cn1)NC(=O)OC(C)(C)C
6162,SMILES CCC1CC(C)C(=O)NC1=O,3.08577943,Natural,True,,SMILES CCC1CC(C)C(=O)NC1=O
400156,SMILES O=C1CC2(c3ccccc3)c3cccnc3C(=O)N2c2ccccc21,4.98965025,Natural,True,,SMILES O=C1CC2(c3ccccc3)c3cccnc3C(=O)N2c2ccccc21
200092,,3.53595233,Natural,False,,
200054,,4.0218854,Natural,False,,
401334,SMILES O=S1(=O)N=C(NCc2ccccc2)N(c2ccccc2)c2ccncc21,5.02703905,Natural,True,,SMILES O=S1(=O)N=C(NCc2ccccc2)N(c2ccccc2)c2ccncc21
200309,,4.98860216,Natural,False,,
300621,SMILES CCCN=C(N)C(N)=NCCC,3.19323468,Natural,True,,SMILES CCCN=C(N)C(N)=NCCC
652,SMILES CC(N)C(N)CCCCCC(=O)O,3.53219795,Natural,True,,SMILES CC(N)C(N)CCCCCC(=O)O
201972,SMILES C=CCOc1c(C)cc(C(=O)N(CC)CC)cc1C,4.56196737,Natural,True,,SMILES C=CCOc1c(C)cc(C(=O)N(CC)CC)cc1C
6470,SMILES CCOC(=O)C1CCN(c2ccccc2)CC1,3.67166901,Natural,True,,SMILES CCOC(=O)C1CCN(c2ccccc2)CC1
400190,SMILES CC(C)(C)OC(=O)NC(Cc1ccc(OCc2ccccc2)cn1)C(=O)N1CCSCC1,4.8763957,Natural,True,,SMILES CC(C)(C)OC(=O)NC(Cc1ccc(OCc2ccccc2)cn1)C(=O)N1CCSCC1
400704,SMILES OCC1OC(c2cc(F)c(F)cc2F)CC1O,3.02230144,Natural,True,,SMILES OCC1OC(c2cc(F)c(F)cc2F)CC1O
401626,SMILES O=C1NC2CCC(Br)C(C2)O1,2.90998292,Natural,True,,SMILES O=C1NC2CCC(Br)C(C2)O1
400888,SMILES CCCCC1C(C(=O)O)c2ccccc2-c2nc3ccccc3n21,5.12940884,Natural,True,,SMILES CCCCC1C(C(=O)O)c2ccccc2-c2nc3ccccc3n21
301361,SMILES CCOC(=O)c1c(C)c2c(n1C)CCCC2=O,4.17597055,Natural,True,,SMILES CCOC(=O)c1c(C)c2c(n1C)CCCC2=O
20885,SMILES COc1ccc(C(=O)c2ccccc2C(=O)O)c(O)c1,3.53788376,Natural,True,,SMILES COc1ccc(C(=O)c2ccccc2C(=O)O)c(O)c1
401845,SMILES NCCN1CCN(CCCc2ccccc2)CC1,3.62268138,Natural,True,,SMILES NCCN1CCN(CCCc2ccccc2)CC1
401495,SMILES O=C(NN=Cc1ccccc1Cl)Nc1ccc(Br)cc1,4.46736145,Natural,True,,SMILES O=C(NN=Cc1ccccc1Cl)Nc1ccc(Br)cc1
6828,SMILES CCN(C(=O)N(CC)c1ccccc1)c1ccccc1,3.59610939,Natural,True,,SMILES CCN(C(=O)N(CC)c1ccccc1)c1ccccc1
401085,SMILES COc1ccccc1N1CCN(CCCCN2C(=O)c3c(C)cc(C)nc3S2(=O)=O)CC1,4.3261838,Natural,True,,SMILES COc1ccccc1N1CCN(CCCCN2C(=O)c3c(C)cc(C)nc3S2(=O)=O)CC1
6664,SMILES O=[N+]([O-])c1ccccc1S(=O)(=O)O,4.60101891,Natural,True,,SMILES O=[N+]([O-])c1ccccc1S(=O)(=O)O
300609,SMILES CCCN(CCC)C(=O)C(=O)OCC,2.82325292,Natural,True,,SMILES CCCN(CCC)C(=O)C(=O)OCC
401459,SMILES [O-][N+](=Cc1ccccc1OC(=S)S)c1ccccc1Cl,4.36260462,Natural,True,,SMILES [O-][N+](=Cc1ccccc1OC(=S)S)c1ccccc1Cl
458,SMILES C[S+](C)CCC(N)C(=O)O,2.6540091,Natural,True,,SMILES C[S+](C)CCC(N)C(=O)O
400756,SMILES OC1CCC2C(C1)C1(CCC23OCCO3)OCCO1,4.10733128,Natural,True,,SMILES OC1CCC2C(C1)C1(CCC23OCCO3)OCCO1
5856,SMILES C#CC1(O)CC2C3CCC4CC(O)(C#C)CC4(C)C3CCC2(C)C1,5.72934484,Natural,True,,SMILES C#CC1(O)CC2C3CCC4CC(O)(C#C)CC4(C)C3CCC2(C)C1
201645,SMILES O=C(O)CCC(NC(=O)c1ccccc1)C(=O)OCc1ccccc1,3.85682487,Natural,True,,SMILES O=C(O)CCC(NC(=O)c1ccccc1)C(=O)OCc1ccccc1
400559,SMILES C=CC(O)(C1=NCCS1)c1nccs1,2.96571326,Natural,True,,SMILES C=CC(O)(C1=NCCS1)c1nccs1
21194,SMILES CC([NH3+])Cc1c[nH]c2ccccc12,3.28200555,Natural,True,,SMILES CC([NH3+])Cc1c[nH]c2ccccc12
5650,SMILES CCCCC(=O)N(Cc1ccc(-c2ccccc2-c2nn[nH]n2)cc1)C(C(=O)O)C(C)C,4.33342552,Natural,True,,SMILES CCCCC(=O)N(Cc1ccc(-c2ccccc2-c2nn[nH]n2)cc1)C(C(=O)O)C(C)C
400076,SMILES CN(C)c1ncc(C(=O)c2ccc(Cl)cc2)s1,3.51352382,Natural,True,,SMILES CN(C)c1ncc(C(=O)c2ccc(Cl)cc2)s1
400854,SMILES c1cc2[nH]c3ccc(C4=NCCCN4)cc3c2cc1C1=NCCCN1,4.39689684,Natural,True,,SMILES c1cc2[nH]c3ccc(C4=NCCCN4)cc3c2cc1C1=NCCCN1
300655,SMILES CCOP1(=S)Nc2cc(C)c(C)cc2N1,3.26528931,Natural,True,,SMILES CCOP1(=S)Nc2cc(C)c(C)cc2N1
301456,SMILES CCN(CC)CCCC(C)NC(=O)c1cc(=O)[nH]c(=O)[nH]1,3.72422528,Natural,True,,SMILES CCN(CC)CCCC(C)NC(=O)c1cc(=O)[nH]c(=O)[nH]1
6850,SMILES Nc1ccc2cccc(S(=O)(=O)O)c2c1,3.05014348,Natural,True,,SMILES Nc1ccc2cccc(S(=O)(=O)O)c2c1
200491,,4.01114845,Natural,False,,
401753,SMILES CCOC(=O)N1C(c2ccccc2)C2C3C(CCC31C(=O)OC)CN2S(=O)(=O)c1ccc(C)cc1,4.60286188,Natural,True,,SMILES CCOC(=O)N1C(c2ccccc2)C2C3C(CCC31C(=O)OC)CN2S(=O)(=O)c1ccc(C)cc1
6020,SMILES CN(C)c1ncnc2c1ncn2C1OC(CO)C(N)C1O,3.32942653,Natural,True,,SMILES CN(C)c1ncnc2c1ncn2C1OC(CO)C(N)C1O
21102,SMILES CC(=O)Nc1ccc(OC(=O)c2ccccc2OC(C)=O)cc1,4.17374849,Natural,True,,SMILES CC(=O)Nc1ccc(OC(=O)c2ccccc2OC(C)=O)cc1
698,SMILES CC12CCC3c4ccc(O)cc4CCC3C1CCC2=O,5.00341463,Natural,True,,SMILES CC12CCC3c4ccc(O)cc4CCC3C1CCC2=O
20011,,3.37326336,Natural,False,,
401337,SMILES CC(C)Oc1cccc(N2C(NCc3c[nH]c4ccccc34)=NS(=O)(=O)c3cnccc32)c1,5.57746363,Natural,True,,SMILES CC(C)Oc1cccc(N2C(NCc3c[nH]c4ccccc34)=NS(=O)(=O)c3cnccc32)c1
200421,,4.52717972,Natural,False,,
50046,SMILES CCCOc1ccc(NC(=O)OCC[NH+](C)C)cc1,3.36963677,Natural,True,,SMILES CCCOc1ccc(NC(=O)OCC[NH+](C)C)cc1
20283,SMILES CCCCCCC1CCCCC1,4.37888002,Natural,False,,
301309,SMILES CSC(NC(=O)c1ccc([N+](=O)[O-])cc1)C(N)=O,3.61963773,Natural,True,,SMILES CSC(NC(=O)c1ccc([N+](=O)[O-])cc1)C(N)=O
20279,SMILES Nc1nc(Cl)nc2c1ncn2C1CC(O)C(CO)O1,3.5613215,Natural,True,,SMILES Nc1nc(Cl)nc2c1ncn2C1CC(O)C(CO)O1
20270,SMILES CC(=O)OCCSCCOC(C)=O,3.0444777,Natural,True,,SMILES CC(=O)OCCSCCOC(C)=O
6979,SMILES Nc1ccc(Cl)cc1[N+](=O)[O-],3.56144261,Natural,True,,SMILES Nc1ccc(Cl)cc1[N+](=O)[O-]
300641,SMILES O=P1(c2ccccc2)NC2CC(Cl)CCC2S1,3.42301679,Natural,True,,SMILES O=P1(c2ccccc2)NC2CC(Cl)CCC2S1
6623,SMILES CC(C)(c1ccc(O)cc1)c1ccc(O)cc1,3.82294297,Natural,True,,SMILES CC(C)(c1ccc(O)cc1)c1ccc(O)cc1
301401,SMILES COc1c(C)ccc(C=NNC(=O)c2ccncc2)c1C,4.67484856,Natural,True,,SMILES COc1c(C)ccc(C=NNC(=O)c2ccncc2)c1C
6637,SMILES CCNS(=O)(=O)c1ccc(C)cc1,3.55259991,Natural,True,,SMILES CCNS(=O)(=O)c1ccc(C)cc1
21112,SMILES CCN(CC)CCOc1c(C(=O)OC)cc([N+](=O)[O-])cc1[N+](=O)[O-],3.06564331,Natural,True,,SMILES CCN(CC)CCOc1c(C(=O)OC)cc([N+](=O)[O-])cc1[N+](=O)[O-]
50040,SMILES CCOc1ccc(NC(=O)OCC[NH+](C)C)cc1,3.2742672,Natural,True,,SMILES CCOc1ccc(NC(=O)OCC[NH+](C)C)cc1
20384,SMILES CC1N(CC(=O)c2ccccc2)CCCC1(C)c1cccc(O)c1,4.56592369,Natural,True,,SMILES CC1N(CC(=O)c2ccccc2)CCCC1(C)c1cccc(O)c1
200002,,3.10546303,Natural,False,,
5507,SMILES Cc1cc(Nc2ccccc2C(=O)O)ccc1Cl,3.67662048,Natural,True,,SMILES Cc1cc(Nc2ccccc2C(=O)O)ccc1Cl
201684,SMILES COc1ccc2c(c1)CCC(c1ccccc1)=C2c1ccc(OCC(O)CN)cc1,4.49888277,Natural,True,,SMILES COc1ccc2c(c1)CCC(c1ccccc1)=C2c1ccc(OCC(O)CN)cc1
2105,SMILES NC(N)=NC(CCC(=O)O)C(=O)O,3.43814349,Natural,True,,SMILES NC(N)=NC(CCC(=O)O)C(=O)O
21182,SMILES CSc1ccc2[nH]cc(CC(C)N(C)C)c2c1,3.3439064,Natural,True,,SMILES CSc1ccc2[nH]cc(CC(C)N(C)C)c2c1
20544,SMILES CC(=O)SCC[N+](C)(C)C,2.90224075,Natural,True,,SMILES CC(=O)SCC[N+](C)(C)C
50137,SMILES CC(=O)Oc1cc(C)cc2c1C1=C(CCC(C)C1)C(C)(C)O2,5.45151758,Natural,True,,SMILES CC(=O)Oc1cc(C)cc2c1C1=C(CCC(C)C1)C(C)(C)O2
5707,SMILES Cc1cccc(C)c1NC1=NCCCS1,3.40575051,Natural,True,,SMILES Cc1cccc(C)c1NC1=NCCCS1
6481,SMILES CC(CC(C#N)(c1ccccc1)C(C)C)N(C)C,4.08581305,Natural,True,,SMILES CC(CC(C#N)(c1ccccc1)C(C)C)N(C)C
301239,SMILES CCONC(=NC(=O)N=C(NOCC)c1ccccc1)c1ccccc1,4.13300896,Natural,True,,SMILES CCONC(=NC(=O)N=C(NOCC)c1ccccc1)c1ccccc1
300360,SMILES Cc1ccc(SC(=O)Cc2ccc([N+](=O)[O-])cc2)cc1,4.2269721,Natural,True,,SMILES Cc1ccc(SC(=O)Cc2ccc([N+](=O)[O-])cc2)cc1
2005,,3.22565651,Natural,False,,
301339,SMILES Cc1ccc(Oc2ccc3c(c2)CN(C)CC3)cc1,3.86290455,Natural,True,,SMILES Cc1ccc(Oc2ccc3c(c2)CN(C)CC3)cc1
50055,SMILES CCCCCOc1ccccc1NC(=O)OCCN(C)C,3.52611327,Natural,True,,SMILES CCCCCOc1ccccc1NC(=O)OCCN(C)C
201700,SMILES CC1(c2cccc(O)c2)CCCN(CCc2ccccc2)C1,3.71016431,Natural,True,,SMILES CC1(c2cccc(O)c2)CCCN(CCc2ccccc2)C1
300402,SMILES O=C1N=c2ccccc2=C2C3=C(CCCC3)NNC12,4.08384657,Natural,True,,SMILES O=C1N=c2ccccc2=C2C3=C(CCCC3)NNC12
6321,SMILES O=S(=O)(O)CC(S)CS,3.7804451,Natural,True,,SMILES O=S(=O)(O)CC(S)CS
400935,SMILES Cc1ccc(S(=O)(=O)N2CCCCC2CC#N)cc1,4.28259039,Natural,True,,SMILES Cc1ccc(S(=O)(=O)N2CCCCC2CC#N)cc1
301477,SMILES O=C(Oc1ccc([N+](=O)[O-])cc1)c1ccccc1S(=O)OCCc1ccccc1,4.82393885,Natural,True,,SMILES O=C(Oc1ccc([N+](=O)[O-])cc1)c1ccccc1S(=O)OCCc1ccccc1
20988,SMILES O=[N+]([O-])c1ccc2nc(S)sc2c1,3.36373162,Natural,True,,SMILES O=[N+]([O-])c1ccc2nc(S)sc2c1
6873,SMILES CC(C)COC(=O)c1ccccc1O,4.29093742,Natural,True,,SMILES CC(C)COC(=O)c1ccccc1O
400172,SMILES O=C(NNc1nc2cccnc2n2ccnc12)c1cnccn1,4.92519331,Natural,True,,SMILES O=C(NNc1nc2cccnc2n2ccnc12)c1cnccn1
300587,SMILES CCCCN=C(N)C(N)=NCCCC,3.47709942,Natural,True,,SMILES CCCCN=C(N)C(N)=NCCCC
301217,SMILES COc1ccc(OC)c(C(C)(O)CC(=O)O)c1,3.92731786,Natural,True,,SMILES COc1ccc(OC)c(C(C)(O)CC(=O)O)c1
201369,SMILES CC(Cc1ccccc1)NCC1CCCO1,3.27629161,Natural,True,,SMILES CC(Cc1ccccc1)NCC1CCCO1
20868,SMILES NC(N)=NC(N)=NCc1ccc(Cl)cc1,3.59322619,Natural,True,,SMILES NC(N)=NC(N)=NCc1ccc(Cl)cc1
401627,SMILES O=C(O)CSCn1nnc2ccccc2c1=O,3.70984077,Natural,True,,SMILES O=C(O)CSCn1nnc2ccccc2c1=O
50133,SMILES CCCCCCCCSCn1cc[n+](C)c1,3.69571805,Natural,True,,SMILES CCCCCCCCSCn1cc[n+](C)c1
401553,SMILES Cc1cc(N=Cc2ccc(F)cc2)n(-c2ccccc2)n1,3.55763817,Natural,True,,SMILES Cc1cc(N=Cc2ccc(F)cc2)n(-c2ccccc2)n1
201606,SMILES C=CCOc1ccc(NC(C)=O)cc1C(=O)NCCCC,3.58092999,Natural,True,,SMILES C=CCOc1ccc(NC(C)=O)cc1C(=O)NCCCC
400001,SMILES COP(=O)(CC(=O)C(OCc1ccccc1)C1OC(C)(C)OC1C1COC(C)(C)O1)OC,3.98819613,Natural,True,,SMILES COP(=O)(CC(=O)C(OCc1ccccc1)C1OC(C)(C)OC1C1COC(C)(C)O1)OC
301242,SMILES COC(=O)N=C(NOCc1ccccc1)c1ccccc1,3.5198276,Natural,True,,SMILES COC(=O)N=C(NOCc1ccccc1)c1ccccc1
20943,SMILES CC1(C)SC2C(NC(=O)CSc3ccccc3)C(=O)N2C1C(=O)O,4.29051065,Natural,True,,SMILES CC1(C)SC2C(NC(=O)CSc3ccccc3)C(=O)N2C1C(=O)O
200479,,3.49309421,Natural,False,,
301175,SMILES CC1(CC2SCCCS2)SCCCS1,4.03562546,Natural,True,,SMILES CC1(CC2SCCCS2)SCCCS1
20336,SMILES COc1ccccc1C=NN=C(N)S,3.17600083,Natural,True,,SMILES COc1ccccc1C=NN=C(N)S
6642,SMILES CCCCOS(=O)(=O)c1ccccc1,3.27829361,Natural,True,,SMILES CCCCOS(=O)(=O)c1ccccc1
401757,SMILES COC(=O)C12CCC3CN(C(=O)OCc4ccccc4)C(C(c4ccco4)N1)C32,5.22845125,Natural,True,,SMILES COC(=O)C12CCC3CN(C(=O)OCc4ccccc4)C(C(c4ccco4)N1)C32
20054,,4.84395266,Natural,False,,
300179,SMILES COc1cc2c(cc1OC)C(OC)N(C)c1c-2ccc2cc(OC)c(OC)cc12,5.35921669,Natural,True,,SMILES COc1cc2c(cc1OC)C(OC)N(C)c1c-2ccc2cc(OC)c(OC)cc12
301413,SMILES COc1nc(Cl)cc2c1ncn2C1OC(CO)C(O)C1O,3.18450665,Natural,True,,SMILES COc1nc(Cl)cc2c1ncn2C1OC(CO)C(O)C1O
6506,SMILES CCOC(=O)CC(O)(CC(=O)OCC)C(=O)OCC,2.94925308,Natural,True,,SMILES CCOC(=O)CC(O)(CC(=O)OCC)C(=O)OCC
201432,SMILES COC1=CC=C2C3Cc4ccc(OC)c5c4C2(CCN3C)C1O5,4.38254929,Natural,True,,SMILES COC1=CC=C2C3Cc4ccc(OC)c5c4C2(CCN3C)C1O5
300828,SMILES Cc1ccc2nc(S)n(-c3ccccc3)c(=O)c2c1,4.74221563,Natural,True,,SMILES Cc1ccc2nc(S)n(-c3ccccc3)c(=O)c2c1
601,SMILES CC(N)C(=O)NC(C)C(=O)O,2.74199963,Natural,True,,SMILES CC(N)C(=O)NC(C)C(=O)O
401089,SMILES Cc1cc(C)c2c(=O)n(CN3CCC(C#N)(c4ccccc4)CC3)sc2n1,4.94574594,Natural,True,,SMILES Cc1cc(C)c2c(=O)n(CN3CCC(C#N)(c4ccccc4)CC3)sc2n1
300423,SMILES O=C(O)CCC(CC(=O)O)c1ccccc1,4.04194307,Natural,True,,SMILES O=C(O)CCC(CC(=O)O)c1ccccc1
5578,SMILES COc1cc(Cc2cnc(N)nc2N)cc(OC)c1OC,3.97602868,Natural,True,,SMILES COc1cc(Cc2cnc(N)nc2N)cc(OC)c1OC
5845,SMILES C1CN1P1(N2CC2)=NP(N2CC2)(N2CC2)=NP(N2CC2)(N2CC2)=N1,3.14929199,Natural,True,,SMILES C1CN1P1(N2CC2)=NP(N2CC2)(N2CC2)=NP(N2CC2)(N2CC2)=N1
5509,SMILES Cc1ccc(C(=O)c2ccc(CC(=O)O)n2C)cc1,3.79197383,Natural,True,,SMILES Cc1ccc(C(=O)c2ccc(CC(=O)O)n2C)cc1
300327,SMILES CCC(C)C1CC1(Br)Br,3.15057635,Natural,True,,SMILES CCC(C)C1CC1(Br)Br
201482,SMILES C=C1C(N(C)C)=C(O)N(c2ccccc2)N1C,3.18166542,Natural,True,,SMILES C=C1C(N(C)C)=C(O)N(c2ccccc2)N1C
201656,SMILES O=[N+]([O-])C1(Br)COCN(Cc2ccccc2)C1,3.42889309,Natural,True,,SMILES O=[N+]([O-])C1(Br)COCN(Cc2ccccc2)C1
201711,SMILES CC(=O)N1CCN(c2ncc([N+](=O)[O-])s2)C1=O,3.85522819,Natural,True,,SMILES CC(=O)N1CCN(c2ncc([N+](=O)[O-])s2)C1=O
20979,SMILES CCCCNC(=O)c1ccc(N=C(N)N=C(N)N)cc1,3.80348659,Natural,True,,SMILES CCCCNC(=O)c1ccc(N=C(N)N=C(N)N)cc1
21093,SMILES CC12CCC3C4=C(CCC3C1CCC2O)CC(O)CC4,5.38796282,Natural,True,,SMILES CC12CCC3C4=C(CCC3C1CCC2O)CC(O)CC4
300446,SMILES Cc1ccc(C(O)c2nnc(C(O)c3ccc(C)cc3)nn2)cc1,4.87593508,Natural,True,,SMILES Cc1ccc(C(O)c2nnc(C(O)c3ccc(C)cc3)nn2)cc1
201895,SMILES CC(=O)NC(C=Cc1ccccc1)NC(C)=O,3.18774676,Natural,True,,SMILES CC(=O)NC(C=Cc1ccccc1)NC(C)=O
201497,SMILES CC(C)(N)CN1CCOCC1,2.66603661,Natural,True,,SMILES CC(C)(N)CN1CCOCC1
300291,SMILES c1ccc(CC2SCCCS2)cc1,3.99257016,Natural,True,,SMILES c1ccc(CC2SCCCS2)cc1
282,SMILES O=C(O)CCC1=CC=CC(O)C1O,4.17390108,Natural,True,,SMILES O=C(O)CCC1=CC=CC(O)C1O
401336,SMILES O=S1(=O)N=C(NCCc2c[nH]c3ccccc23)N(c2ccccc2)c2ccncc21,5.35801315,Natural,True,,SMILES O=S1(=O)N=C(NCCc2c[nH]c3ccccc23)N(c2ccccc2)c2ccncc21
20415,SMILES Cc1ccc(Nc2ncccc2C(=O)O)cc1C,3.3826704,Natural,True,,SMILES Cc1ccc(Nc2ncccc2C(=O)O)cc1C
21017,SMILES CCc1cc(C#N)cc(CC)c1O,4.24173021,Natural,True,,SMILES CCc1cc(C#N)cc(CC)c1O
20295,SMILES O=S(O)Oc1ccc(Cl)cc1,4.16481304,Natural,True,,SMILES O=S(O)Oc1ccc(Cl)cc1
401739,SMILES COC(=O)C(CCC1C=CN(S(=O)(=O)c2ccc(C)cc2)C1)N=Cc1ccccc1,4.38755655,Natural,True,,SMILES COC(=O)C(CCC1C=CN(S(=O)(=O)c2ccc(C)cc2)C1)N=Cc1ccccc1
300218,SMILES O=C(NSNc1ccccc1)c1ccccc1,3.49751687,Natural,True,,SMILES O=C(NSNc1ccccc1)c1ccccc1
201781,SMILES O=C1CCC2C3CC(CN2C1)C1CCCCN1C3O,3.87691569,Natural,True,,SMILES O=C1CCC2C3CC(CN2C1)C1CCCCN1C3O
200299,,4.38501978,Natural,False,,
6876,SMILES CC(=O)Oc1ccccc1C(=O)OCCO,2.73863053,Natural,True,,SMILES CC(=O)Oc1ccccc1C(=O)OCCO
6601,SMILES O=C(C(F)(F)F)C(F)(F)Cl,3.14324832,Natural,True,,SMILES O=C(C(F)(F)F)C(F)(F)Cl
400189,SMILES CC(C)(C)OC(=O)NC(Cc1ccc(OCc2ccccc2)cn1)C(=O)N1CCCCC1,5.05464315,Natural,True,,SMILES CC(C)(C)OC(=O)NC(Cc1ccc(OCc2ccccc2)cn1)C(=O)N1CCCCC1
2830,SMILES O=c1c(Cc2ccc(O)cc2)nc2c(Cc3ccccc3)[nH]c(-c3ccc(O)cc3)cn1-2,5.0882144,Natural,True,,SMILES O=c1c(Cc2ccc(O)cc2)nc2c(Cc3ccccc3)[nH]c(-c3ccc(O)cc3)cn1-2
6760,SMILES COc1ccc2c(OC)c3ccoc3nc2c1OC,4.02724743,Natural,True,,SMILES COc1ccc2c(OC)c3ccoc3nc2c1OC
201682,SMILES OC1CC(N2CCCCC2)C1CN1CCCCC1,3.22073245,Natural,True,,SMILES OC1CC(N2CCCCC2)C1CN1CCCCC1
301074,SMILES CC(=O)c1cccc(NC(=O)Nc2cccc(C(C)=O)c2)c1,4.50009298,Natural,True,,SMILES CC(=O)c1cccc(NC(=O)Nc2cccc(C(C)=O)c2)c1
6647,SMILES CCCC(CCC)C(=O)OC1CC2CCC(C1)[N+]2(C)C,3.82805729,Natural,True,,SMILES CCCC(CCC)C(=O)OC1CC2CCC(C1)[N+]2(C)C
201750,SMILES CCN(CC)CCNC(=O)COc1cc(OC)cc(OC)c1,3.0429647,Natural,True,,SMILES CCN(CC)CCNC(=O)COc1cc(OC)cc(OC)c1
400752,SMILES N#CCc1cc(OCCOC2CCCCO2)c(CC#N)cc1Br,5.06800079,Natural,True,,SMILES N#CCc1cc(OCCOC2CCCCO2)c(CC#N)cc1Br
301473,SMILES CC1(CC(=O)O)CCCCC1CC(=O)O,4.067451,Natural,True,,SMILES CC1(CC(=O)O)CCCCC1CC(=O)O
5748,SMILES CC[N+](C)(CC)CCOC(=O)C(O)(c1ccccc1)C1CCCCC1,4.19707203,Natural,True,,SMILES CC[N+](C)(CC)CCOC(=O)C(O)(c1ccccc1)C1CCCCC1
300812,SMILES Cc1ccc(S(=O)(=O)OCC23CCC(CO)(CC2)CC3)cc1,4.16791105,Natural,True,,SMILES Cc1ccc(S(=O)(=O)OCC23CCC(CO)(CC2)CC3)cc1
413,SMILES O=C1CCC(c2cccnc2)N1,2.98762012,Natural,True,,SMILES O=C1CCC(c2cccnc2)N1
201477,SMILES C(#CCN1CCCC1)COCc1ccccc1,3.85333443,Natural,True,,SMILES C(#CCN1CCCC1)COCc1ccccc1
201650,SMILES Cn1c(=O)c2[nH]c(CCCCCc3nc4c([nH]3)c(=O)n(C)c(=S)n4C)nc2n(C)c1=S,5.11453819,Natural,True,,SMILES Cn1c(=O)c2[nH]c(CCCCCc3nc4c([nH]3)c(=O)n(C)c(=S)n4C)nc2n(C)c1=S
301062,SMILES COc1cc(Cc2nccc3cc(OC)c(OC)cc23)c(C(C)=O)c(OC)c1,5.02712727,Natural,True,,SMILES COc1cc(Cc2nccc3cc(OC)c(OC)cc23)c(C(C)=O)c(OC)c1
2075,SMILES NC(=O)c1ccc([N+](=O)[O-])cc1Cl,3.85585093,Natural,True,,SMILES NC(=O)c1ccc([N+](=O)[O-])cc1Cl
400780,SMILES CC(C)C(NC(=O)c1ccccc1SC(=O)CCCC[n+]1ccccc1)C(N)=O,4.5419383,Natural,True,,SMILES CC(C)C(NC(=O)c1ccccc1SC(=O)CCCC[n+]1ccccc1)C(N)=O
20227,SMILES CC(=O)Nc1cc2ccccc2c2ccccc12,3.75081444,Natural,True,,SMILES CC(=O)Nc1cc2ccccc2c2ccccc12
300662,SMILES Cc1ccc(OS(=O)(=O)c2cccc([N+](=O)[O-])c2)cc1,3.49655724,Natural,True,,SMILES Cc1ccc(OS(=O)(=O)c2cccc([N+](=O)[O-])c2)cc1
21181,SMILES CNC(C)Cc1c[nH]c2ccc(SC)cc12,3.19655037,Natural,True,,SMILES CNC(C)Cc1c[nH]c2ccc(SC)cc12
201375,SMILES CCP1(=O)OCc2ccccc2O1,3.01056933,Natural,True,,SMILES CCP1(=O)OCc2ccccc2O1
6478,SMILES ClC1=C(Cl)C(Cl)(Cl)C(Cl)=C1Cl,4.25944567,Natural,True,,SMILES ClC1=C(Cl)C(Cl)(Cl)C(Cl)=C1Cl
300119,SMILES Cc1cccc(P(=O)(c2ccccc2)c2ccccc2)c1,3.99852085,Natural,True,,SMILES Cc1cccc(P(=O)(c2ccccc2)c2ccccc2)c1
200222,,4.61982012,Natural,False,,
2857,SMILES CCOc1cc2ncnc(Nc3cccc(Br)c3)c2cc1OCC,5.24886513,Natural,True,,SMILES CCOc1cc2ncnc(Nc3cccc(Br)c3)c2cc1OCC
301464,SMILES CC12CCC(=O)CC1CCC1C2CCC2(C)C(C(=O)O)CCC12,5.80589914,Natural,True,,SMILES CC12CCC(=O)CC1CCC1C2CCC2(C)C(C(=O)O)CCC12
401573,SMILES Clc1ccc2oc(CCc3ccccc3)nc2c1,4.39273787,Natural,True,,SMILES Clc1ccc2oc(CCc3ccccc3)nc2c1
400187,SMILES CC(C)(C)OC(=O)NC(Cc1ccc(OCc2ccccc2)cn1)C(=O)NCc1ccccc1,4.89631701,Natural,True,,SMILES CC(C)(C)OC(=O)NC(Cc1ccc(OCc2ccccc2)cn1)C(=O)NCc1ccccc1
200338,,4.68192387,Natural,False,,
5411,SMILES CCCCNc1ccc(C(=O)OCCN(C)C)cc1,3.3458221,Natural,True,,SMILES CCCCNc1ccc(C(=O)OCCN(C)C)cc1
300468,SMILES COc1ccc(C2NC(=O)N3C(c4ccc(OC)cc4)NC(=O)N23)cc1,4.62710333,Natural,True,,SMILES COc1ccc(C2NC(=O)N3C(c4ccc(OC)cc4)NC(=O)N23)cc1
301285,SMILES CCCP(=S)(CC)CC,2.99746156,Natural,True,,SMILES CCCP(=S)(CC)CC
6976,SMILES Cc1ccc(Cl)c([N+](=O)[O-])c1,3.81581998,Natural,True,,SMILES Cc1ccc(Cl)c([N+](=O)[O-])c1
21045,SMILES CCOc1ccc(Sc2nc3ccccc3n2CCN(CC)CC)cc1,4.3249526,Natural,True,,SMILES CCOc1ccc(Sc2nc3ccccc3n2CCN(CC)CC)cc1
300203,SMILES O=S1(=O)CC(c2ccccc2)(c2ccccc2)N1,3.93030238,Natural,True,,SMILES O=S1(=O)CC(c2ccccc2)(c2ccccc2)N1
401399,SMILES Clc1ccc(OCC2NC3CCC32)cn1,3.41563582,Natural,True,,SMILES Clc1ccc(OCC2NC3CCC32)cn1
300156,SMILES CCOC(=O)CC(=O)NN=C(C)C(=O)OCC,3.53952408,Natural,True,,SMILES CCOC(=O)CC(=O)NN=C(C)C(=O)OCC
401498,SMILES COc1ccc(C=NNC(=O)Nc2ccc(Br)cc2)cc1,4.58731413,Natural,True,,SMILES COc1ccc(C=NNC(=O)Nc2ccc(Br)cc2)cc1
20433,SMILES NC(Cn1ccc2ccccc21)=NO,3.24325109,Natural,True,,SMILES NC(Cn1ccc2ccccc21)=NO
6895,SMILES Clc1cccc(Cl)c1Cl,3.63989949,Natural,True,,SMILES Clc1cccc(Cl)c1Cl
5593,SMILES CCN(Cc1ccncc1)C(=O)C(CO)c1ccccc1,3.60118508,Natural,True,,SMILES CCN(Cc1ccncc1)C(=O)C(CO)c1ccccc1
21149,SMILES CCC(N)(CN)c1ccccc1,3.42638898,Natural,True,,SMILES CCC(N)(CN)c1ccccc1
450,SMILES CC12CCC3c4ccc(O)cc4CCC3C1CCC2O,5.19804621,Natural,True,,SMILES CC12CCC3c4ccc(O)cc4CCC3C1CCC2O
200412,,4.56519175,Natural,False,,
988,SMILES CC(C)(CO)C(O)C(=O)NCCC(=O)O,3.20912552,Natural,True,,SMILES CC(C)(CO)C(O)C(=O)NCCC(=O)O
20477,SMILES O=C(O)CCC1(CCC(=O)O)c2ccccc2-c2ccccc21,4.23070145,Natural,True,,SMILES O=C(O)CCC1(CCC(=O)O)c2ccccc2-c2ccccc21
201644,SMILES O=C(O)CCC(NC(=O)Cc1ccccc1)C(=O)NCc1ccccc1,4.37882233,Natural,True,,SMILES O=C(O)CCC(NC(=O)Cc1ccccc1)C(=O)NCc1ccccc1
401497,SMILES O=C(NN=Cc1ccccc1[N+](=O)[O-])Nc1ccc(Br)cc1,4.70822382,Natural,True,,SMILES O=C(NN=Cc1ccccc1[N+](=O)[O-])Nc1ccc(Br)cc1
400735,SMILES Cc1ccc(S(=O)(=O)Oc2ccc(Br)c3c2C(=O)CC3)cc1,3.98197174,Natural,True,,SMILES Cc1ccc(S(=O)(=O)Oc2ccc(Br)c3c2C(=O)CC3)cc1
6866,SMILES Clc1ccc2c(Cl)ccnc2c1,3.46751094,Natural,True,,SMILES Clc1ccc2c(Cl)ccnc2c1
400573,SMILES C=CCC1OC(=O)N(Cc2ccccc2)C1C(F)(F)F,3.77596664,Natural,True,,SMILES C=CCC1OC(=O)N(Cc2ccccc2)C1C(F)(F)F
20924,SMILES CN(C)C(=O)Oc1cccc2c1OC(C)(C)C2,3.97595286,Natural,True,,SMILES CN(C)C(=O)Oc1cccc2c1OC(C)(C)C2
5400,SMILES CN(C)CC1Cc2ccccc2C1=O,3.34689784,Natural,True,,SMILES CN(C)CC1Cc2ccccc2C1=O
400675,SMILES O=c1n(S(=O)(=O)c2ccccc2)ccn1S(=O)(=O)c1ccc([N+](=O)[O-])cc1,4.01830816,Natural,True,,SMILES O=c1n(S(=O)(=O)c2ccccc2)ccn1S(=O)(=O)c1ccc([N+](=O)[O-])cc1
301043,SMILES Nc1nc2c(c(SCc3ccccc3)n1)N=C(C(=O)O)CS2,4.4629631,Natural,True,,SMILES Nc1nc2c(c(SCc3ccccc3)n1)N=C(C(=O)O)CS2
201865,SMILES COC(=O)CC(c1ccccc1)N1CCCCC1,3.65912366,Natural,True,,SMILES COC(=O)CC(c1ccccc1)N1CCCCC1
5316,SMILES CC1(C)C(C(=O)O)N2C(=O)CC2S1(=O)=O,3.60062909,Natural,True,,SMILES CC1(C)C(C(=O)O)N2C(=O)CC2S1(=O)=O
6066,SMILES CC[N+](C)(CC)CCOC(=O)C(O)(c1cccs1)C1CCCC1,4.0504694,Natural,True,,SMILES CC[N+](C)(CC)CCOC(=O)C(O)(c1cccs1)C1CCCC1
201612,SMILES CCC(CCN1CCCCC1)(C(=O)O)c1cccc2ccccc12,4.59617758,Natural,True,,SMILES CCC(CCN1CCCCC1)(C(=O)O)c1cccc2ccccc12
300302,SMILES O=S1(=O)CC2(OCCO2)C1Cl,2.71291375,Natural,True,,SMILES O=S1(=O)CC2(OCCO2)C1Cl
400864,,3.85978127,Natural,False,,
300983,SMILES COC1(OC)C2CCC1C(O)C2,3.88450813,Natural,True,,SMILES COC1(OC)C2CCC1C(O)C2
6734,SMILES c1cc2c3c(cccc3c1)CC2,4.39898729,Natural,True,,SMILES c1cc2c3c(cccc3c1)CC2
400202,SMILES O=c1[nH]c(=Cc2ccc(OCc3ccccc3)cn2)c(=O)[nH]c1=Cc1ccccc1,5.0416131,Natural,True,,SMILES O=c1[nH]c(=Cc2ccc(OCc3ccccc3)cn2)c(=O)[nH]c1=Cc1ccccc1
201631,SMILES CC(C)OC(=O)c1ccc(C(=O)OC(C)C)cc1,4.05740738,Natural,True,,SMILES CC(C)OC(=O)c1ccc(C(=O)OC(C)C)cc1
6856,SMILES Brc1ccc2oc3ccccc3c2c1,3.55937004,Natural,True,,SMILES Brc1ccc2oc3ccccc3c2c1
6650,SMILES CC1(N)CCC(C(C)(C)N)CC1,2.98211026,Natural,True,,SMILES CC1(N)CCC(C(C)(C)N)CC1
21176,SMILES COC(S)=Nc1nc(Cl)nc(Cl)n1,4.53493738,Natural,True,,SMILES COC(S)=Nc1nc(Cl)nc(Cl)n1
201887,SMILES CC(C)c1cccc(C(=O)O)c1O,3.18970323,Natural,True,,SMILES CC(C)c1cccc(C(=O)O)c1O
50106,SMILES CCc1ccc2nc(CC)ccc2c1,3.99080849,Natural,True,,SMILES CCc1ccc2nc(CC)ccc2c1
401880,SMILES CN1C2CCC1C(CO)C(=O)C2,2.98672557,Natural,True,,SMILES CN1C2CCC1C(CO)C(=O)C2
201189,SMILES COP(=O)(OC)Oc1ccc(S(=O)(=O)N(C)C)c(Cl)c1,3.61665416,Natural,True,,SMILES COP(=O)(OC)Oc1ccc(S(=O)(=O)N(C)C)c(Cl)c1
401457,SMILES COc1ccc([N+]([O-])=Cc2ccccc2OC(=S)S)cc1,5.27870417,Natural,True,,SMILES COc1ccc([N+]([O-])=Cc2ccccc2OC(=S)S)cc1
201834,SMILES CC(CCC(=O)O)=NN=C(N)N,3.77546978,Natural,True,,SMILES CC(CCC(=O)O)=NN=C(N)N
300948,SMILES O=C(Nc1cccc(C(F)(F)F)c1)c1ccc(Cl)cc1,4.09619904,Natural,True,,SMILES O=C(Nc1cccc(C(F)(F)F)c1)c1ccc(Cl)cc1
300222,SMILES COC(=O)NS(=O)(=O)CC(C)=O,3.53604794,Natural,True,,SMILES COC(=O)NS(=O)(=O)CC(C)=O
20043,,3.85150027,Natural,False,,
201803,SMILES O=C(c1ccc(O)cc1)N1CCN(Cc2ccc3c(c2)OCO3)CC1,3.91142535,Natural,True,,SMILES O=C(c1ccc(O)cc1)N1CCN(Cc2ccc3c(c2)OCO3)CC1
299,SMILES O=C1C2(Cl)C3(Cl)C4(Cl)C(Cl)(Cl)C5(Cl)C3(Cl)C1(Cl)C5(Cl)C24Cl,4.92875862,Natural,True,,SMILES O=C1C2(Cl)C3(Cl)C4(Cl)C(Cl)(Cl)C5(Cl)C3(Cl)C1(Cl)C5(Cl)C24Cl
20829,SMILES CCCCCCC(C)Nc1cc(N)ccc1C(=O)OCC(C)C,4.39374352,Natural,True,,SMILES CCCCCCC(C)Nc1cc(N)ccc1C(=O)OCC(C)C
401242,SMILES Cc1nnc(CC(O)c2ccc(Cl)cc2Cl)s1,3.78021884,Natural,True,,SMILES Cc1nnc(CC(O)c2ccc(Cl)cc2Cl)s1
91,SMILES O=C(O)CCc1cccc(O)c1,3.97845149,Natural,True,,SMILES O=C(O)CCc1cccc(O)c1
200437,,4.16556311,Natural,False,,
20860,SMILES CC1CCCC2(C1)OCC(O)CO2,3.57105446,Natural,True,,SMILES CC1CCCC2(C1)OCC(O)CO2
400623,SMILES COc1ccc2c(c1)N=C1CSC(c3cc([N+](=O)[O-])ccc3Cl)N1C2,4.94501925,Natural,True,,SMILES COc1ccc2c(c1)N=C1CSC(c3cc([N+](=O)[O-])ccc3Cl)N1C2
50113,SMILES C1=CCc2c3c(ccc2=C1)=Cc1c(ccc2c1CCC=C2)C3,5.47884703,Natural,True,,SMILES C1=CCc2c3c(ccc2=C1)=Cc1c(ccc2c1CCC=C2)C3
301020,SMILES O=C(OC1(c2c(F)c(F)c(F)c(F)c2F)C2C=CC1CC2)c1ccc([N+](=O)[O-])cc1,5.57900763,Natural,True,,SMILES O=C(OC1(c2c(F)c(F)c(F)c(F)c2F)C2C=CC1CC2)c1ccc([N+](=O)[O-])cc1
201502,SMILES O=C1NCC2(CCN(CCCc3ccccc3)CC2)O1,3.39248013,Natural,True,,SMILES O=C1NCC2(CCN(CCCc3ccccc3)CC2)O1
300565,SMILES CC(C)=CCNc1ncnc2c(C3OC(CO)C(O)C3O)[nH]nc12,4.40321732,Natural,True,,SMILES CC(C)=CCNc1ncnc2c(C3OC(CO)C(O)C3O)[nH]nc12
300971,SMILES Cc1ccc(N(O)C(C)(C)C)cc1,3.09273982,Natural,True,,SMILES Cc1ccc(N(O)C(C)(C)C)cc1
300592,SMILES CC(=O)C(C(=N)C#N)C(=O)Nc1ccccc1,3.54409242,Natural,True,,SMILES CC(=O)C(C(=N)C#N)C(=O)Nc1ccccc1
6591,SMILES ClC(Cl)C(Cl)Cl,3.12651944,Natural,True,,SMILES ClC(Cl)C(Cl)Cl
400227,SMILES O=C1CC(Br)c2c(Cl)sc(Cl)c21,4.07399654,Natural,True,,SMILES O=C1CC(Br)c2c(Cl)sc(Cl)c21
400188,SMILES CC(C)(C)OC(=O)NC(Cc1ccc(OCc2ccccc2)cn1)C(=O)N1CCCC1,4.65205336,Natural,True,,SMILES CC(C)(C)OC(=O)NC(Cc1ccc(OCc2ccccc2)cn1)C(=O)N1CCCC1
201541,SMILES C=C1C2CCC3C(CCC4C5(C)CCCC43C3OCCN3C5)(C2)C1O,5.92221642,Natural,True,,SMILES C=C1C2CCC3C(CCC4C5(C)CCCC43C3OCCN3C5)(C2)C1O
6797,SMILES Cc1ccc2c(ccc3ccccc32)n1,3.16609001,Natural,True,,SMILES Cc1ccc2c(ccc3ccccc32)n1
6600,SMILES FC(F)=C(F)C(F)(F)Cl,3.1042397,Natural,True,,SMILES FC(F)=C(F)C(F)(F)Cl
21018,SMILES CC(C)(C)c1cc(C#N)cc(Br)c1O,4.66528559,Natural,True,,SMILES CC(C)(C)c1cc(C#N)cc(Br)c1O
21032,SMILES O=C(N=C(S)Nc1ccccc1)c1ccccc1,3.64554214,Natural,True,,SMILES O=C(N=C(S)Nc1ccccc1)c1ccccc1
401114,SMILES CCN1CCc2sc3nc(S)n(-c4ccccc4)c(=O)c3c2C1,5.06941557,Natural,True,,SMILES CCN1CCc2sc3nc(S)n(-c4ccccc4)c(=O)c3c2C1
21186,SMILES Cc1ccc2nc(-c3ccccn3)cc(C(=O)O)c2c1,3.44054413,Natural,True,,SMILES Cc1ccc2nc(-c3ccccn3)cc(C(=O)O)c2c1
301180,SMILES OCC1C2C3CC4C2C(O)C2C4C3C12,4.50970888,Natural,True,,SMILES OCC1C2C3CC4C2C(O)C2C4C3C12
201223,SMILES C=C1CCC2C3Cc4ccc(O)c5c4C2(CCN3C)C1O5,4.95823479,Natural,True,,SMILES C=C1CCC2C3Cc4ccc(O)c5c4C2(CCN3C)C1O5
300353,SMILES C(=NN=Cc1ccsc1)c1ccsc1,3.45577312,Natural,True,,SMILES C(=NN=Cc1ccsc1)c1ccsc1
443,SMILES CC12CCC3C(CCC4CC(=O)CCC43C)C1CCC2=O,5.36063623,Natural,True,,SMILES CC12CCC3C(CCC4CC(=O)CCC43C)C1CCC2=O
20217,SMILES NNCCOc1ccccc1,3.5509665,Natural,True,,SMILES NNCCOc1ccccc1
6853,SMILES c1ccc2c(c1)Cc1ccccc1-2,3.31602931,Natural,True,,SMILES c1ccc2c(c1)Cc1ccccc1-2
6655,SMILES CCC(Br)C(=O)O,4.02104807,Natural,True,,SMILES CCC(Br)C(=O)O
300695,SMILES Cc1ccc(S(=O)(=O)SS(=O)(=O)c2ccc(C)cc2)cc1,3.48370552,Natural,True,,SMILES Cc1ccc(S(=O)(=O)SS(=O)(=O)c2ccc(C)cc2)cc1
401327,SMILES CNc1ccncc1S(=O)(=O)NC(=O)CCc1c[nH]c2ccccc12,4.08467865,Natural,True,,SMILES CNc1ccncc1S(=O)(=O)NC(=O)CCc1c[nH]c2ccccc12
300195,SMILES COC1=NS(=O)(=O)C2(O1)c1ccccc1-c1ccccc12,3.35865045,Natural,True,,SMILES COC1=NS(=O)(=O)C2(O1)c1ccccc1-c1ccccc12
6039,SMILES COc1ccc(CN(CCN(C)C)c2ccccn2)cc1,3.49362111,Natural,True,,SMILES COc1ccc(CN(CCN(C)C)c2ccccn2)cc1
20683,SMILES CCOC(=O)C(CC)(C(=O)NCCN(CC)CC)c1ccccc1,3.75928617,Natural,True,,SMILES CCOC(=O)C(CC)(C(=O)NCCN(CC)CC)c1ccccc1
300481,SMILES CCCN(CCC)c1c([N+](=O)[O-])cc(C(N)=O)cc1[N+](=O)[O-],4.15103102,Natural,True,,SMILES CCCN(CCC)c1c([N+](=O)[O-])cc(C(N)=O)cc1[N+](=O)[O-]
5854,SMILES CC12CCC3C(CCC4CC(O)C(N5CCOCC5)CC43C)C1CCC2=O,5.8341732,Natural,True,,SMILES CC12CCC3C(CCC4CC(O)C(N5CCOCC5)CC43C)C1CCC2=O
401789,SMILES COc1ccc(CC2C3=C(CCN2C(=O)C2CC2)CC2(CC3)OCCO2)cc1O,4.53806686,Natural,True,,SMILES COc1ccc(CC2C3=C(CCN2C(=O)C2CC2)CC2(CC3)OCCO2)cc1O
400207,SMILES CCOC(=O)c1ccc(Nc2nc3ccccc3n3cccc23)cc1,4.40104055,Natural,True,,SMILES CCOC(=O)c1ccc(Nc2nc3ccccc3n3cccc23)cc1
6777,SMILES O=C(OC1CCCCC1)c1ccccc1C(=O)OC1CCCCC1,4.44621277,Natural,True,,SMILES O=C(OC1CCCCC1)c1ccccc1C(=O)OC1CCCCC1
201466,SMILES Cc1ccc(C(=O)Nc2nc(=O)n(C3CC(O)C(CO)O3)cc2F)cc1,4.20236349,Natural,True,,SMILES Cc1ccc(C(=O)Nc2nc(=O)n(C3CC(O)C(CO)O3)cc2F)cc1
301004,SMILES CNC(=O)CCCOC(=O)c1ccc([N+](=O)[O-])cc1,3.28787494,Natural,True,,SMILES CNC(=O)CCCOC(=O)c1ccc([N+](=O)[O-])cc1
6718,SMILES O=[N+]([O-])c1c(O)c(Cl)cc(Cl)c1Cl,3.79557109,Natural,True,,SMILES O=[N+]([O-])c1c(O)c(Cl)cc(Cl)c1Cl
50047,SMILES CCCOc1ccc(NC(=O)OCCN(C)C)cc1,3.61808419,Natural,True,,SMILES CCCOc1ccc(NC(=O)OCCN(C)C)cc1
301187,SMILES CCC(O)(c1ccccc1)C(O)(CC)c1ccccc1,4.40809774,Natural,True,,SMILES CCC(O)(c1ccccc1)C(O)(CC)c1ccccc1
632,SMILES O=C(O)C1=NC(C(=O)O)CCC1,3.48798633,Natural,True,,SMILES O=C(O)C1=NC(C(=O)O)CCC1
201355,SMILES COc1ccc(C[N+](C)(C)C)cc1Cc1cc(C[N+](C)(C)C)ccc1OC,3.65777278,Natural,True,,SMILES COc1ccc(C[N+](C)(C)C)cc1Cc1cc(C[N+](C)(C)C)ccc1OC
201760,SMILES Cc1ccccc1C(=O)OCC(=O)N(C)C,3.6244297,Natural,True,,SMILES Cc1ccccc1C(=O)OCC(=O)N(C)C
2797,SMILES CC(C)(Oc1ccc(Cl)cc1)C(=O)O,3.97912216,Natural,True,,SMILES CC(C)(Oc1ccc(Cl)cc1)C(=O)O
401036,SMILES Cc1c2c(=O)n(C)n(CC3OCCCO3)c(=O)c2c(C)n1-c1ccccc1,4.3401227,Natural,True,,SMILES Cc1c2c(=O)n(C)n(CC3OCCCO3)c(=O)c2c(C)n1-c1ccccc1
300889,SMILES O=C(O)c1ccccc1N=C(S)c1ccccc1,4.06947756,Natural,True,,SMILES O=C(O)c1ccccc1N=C(S)c1ccccc1
20392,SMILES COC(=O)c1ccccc1C(=O)O,3.26263213,Natural,True,,SMILES COC(=O)c1ccccc1C(=O)O
6542,SMILES CCOP(=O)(OCC)SCCN(CC)CC,3.44404721,Natural,True,,SMILES CCOP(=O)(OCC)SCCN(CC)CC
201733,SMILES CCC(CCCN(C)C)(C(N)=O)c1cccc2ccccc12,4.27821732,Natural,True,,SMILES CCC(CCCN(C)C)(C(N)=O)c1cccc2ccccc12
20818,SMILES O=S(=O)(O)OCc1ccccc1,4.76778555,Natural,True,,SMILES O=S(=O)(O)OCc1ccccc1
6475,SMILES CN(C)CCOC(C)(c1ccccc1)c1ccc(Cl)cc1,3.48732066,Natural,True,,SMILES CN(C)CCOC(C)(c1ccccc1)c1ccc(Cl)cc1
5896,SMILES CC(=O)N(O)c1ccc2c(c1)Cc1ccccc1-2,4.80421782,Natural,True,,SMILES CC(=O)N(O)c1ccc2c(c1)Cc1ccccc1-2
2084,SMILES CCCOc1ccc(CC(=O)O)cc1Cl,3.9484005,Natural,True,,SMILES CCCOc1ccc(CC(=O)O)cc1Cl
909,SMILES NC=NC(CCC(=O)O)C(=O)O,3.94797134,Natural,True,,SMILES NC=NC(CCC(=O)O)C(=O)O
6464,SMILES C=CCC1(C(C)C)C(=O)NC(=O)NC1=O,4.23311853,Natural,True,,SMILES C=CCC1(C(C)C)C(=O)NC(=O)NC1=O
6975,SMILES Cc1ccc(Cl)cc1[N+](=O)[O-],3.91587186,Natural,True,,SMILES Cc1ccc(Cl)cc1[N+](=O)[O-]
5421,SMILES CN(C)c1ccc2c(-c3ccc(N)cc3C(=O)O)c3ccc(=[N+](C)C)cc-3oc2c1,4.39289284,Natural,True,,SMILES CN(C)c1ccc2c(-c3ccc(N)cc3C(=O)O)c3ccc(=[N+](C)C)cc-3oc2c1
401145,SMILES CCCNC(=O)c1cc(OC)c(OC)cc1NC(=O)C12CC3CC(CC(C3)C1)C2,4.77172041,Natural,True,,SMILES CCCNC(=O)c1cc(OC)c(OC)cc1NC(=O)C12CC3CC(CC(C3)C1)C2
400213,SMILES CCOC(=O)CCC(NC(=O)c1ccc(Nc2nc3ccccc3n3cccc23)cc1)C(=O)OCC,5.10452223,Natural,True,,SMILES CCOC(=O)CCC(NC(=O)c1ccc(Nc2nc3ccccc3n3cccc23)cc1)C(=O)OCC
20983,SMILES COc1ccc(N=C(N)N=C(N)N)cc1,3.60941148,Natural,True,,SMILES COc1ccc(N=C(N)N=C(N)N)cc1
149,,3.69497991,Natural,False,,
201520,SMILES O=c1c(C=Nc2ccccc2)c(O)n(-c2ccccc2)n1-c1ccccc1,4.53332806,Natural,True,,SMILES O=c1c(C=Nc2ccccc2)c(O)n(-c2ccccc2)n1-c1ccccc1
919,SMILES O=C(O)CCC(=O)NC(CCCO)C(=O)O,3.46343255,Natural,True,,SMILES O=C(O)CCC(=O)NC(CCCO)C(=O)O
201960,SMILES CC(CN1CCN(c2ccccc2)CC1)c1nc(N)nc(N(C)C)n1,4.28547525,Natural,True,,SMILES CC(CN1CCN(c2ccccc2)CC1)c1nc(N)nc(N(C)C)n1
200300,,4.62744331,Natural,False,,
300060,SMILES CC1(C)OCC(N)(CO)CO1,2.73614335,Natural,True,,SMILES CC1(C)OCC(N)(CO)CO1
400050,SMILES NC(=O)CNC(=O)c1ccccc1SC(=O)CCCC[n+]1ccccc1,4.74480486,Natural,True,,SMILES NC(=O)CNC(=O)c1ccccc1SC(=O)CCCC[n+]1ccccc1
400737,SMILES CC1(C)SC2C(NC(=O)COc3ccc([N+](=O)[O-])cc3)C(=O)N2C1C(=O)O,3.89769053,Natural,True,,SMILES CC1(C)SC2C(NC(=O)COc3ccc([N+](=O)[O-])cc3)C(=O)N2C1C(=O)O
200404,,4.07572556,Natural,False,,
20879,SMILES Cc1ccc(N=C(N)N=C(N)N)c(C)c1,4.26241159,Natural,True,,SMILES Cc1ccc(N=C(N)N=C(N)N)c(C)c1
5433,SMILES CS(=O)(=O)c1ccc(C(O)C(CO)NC(=O)C(Cl)Cl)cc1,3.4537859,Natural,True,,SMILES CS(=O)(=O)c1ccc(C(O)C(CO)NC(=O)C(Cl)Cl)cc1
5011,SMILES c1ccc2nc(N3CCNCC3)ccc2c1,3.00484276,Natural,True,,SMILES c1ccc2nc(N3CCNCC3)ccc2c1
11999,,3.38406253,Natural,False,,
21216,SMILES CC(C)n1cc(C(O)CN(C)C)c2ccccc21,3.40661168,Natural,True,,SMILES CC(C)n1cc(C(O)CN(C)C)c2ccccc21
400258,SMILES Cc1ccc(S2(=O)=Nc3ccccc3C(C)C2C)cc1,3.8232832,Natural,True,,SMILES Cc1ccc(S2(=O)=Nc3ccccc3C(C)C2C)cc1
201864,SMILES Cc1ccc(CC(CO)N2CCCCC2)cc1,3.26290822,Natural,True,,SMILES Cc1ccc(CC(CO)N2CCCCC2)cc1
5488,SMILES O=C(NN=Cc1c[nH]c2ccccc12)c1ccncc1,3.57231903,Natural,True,,SMILES O=C(NN=Cc1c[nH]c2ccccc12)c1ccncc1
400548,SMILES O=C1OC(c2ccc3c(c2)OCO3)C2COC(c3ccc4c(c3)OCO4)C12,4.76587486,Natural,True,,SMILES O=C1OC(c2ccc3c(c2)OCO3)C2COC(c3ccc4c(c3)OCO4)C12
300228,SMILES CCC1(O)C(=O)OCc2c1ccn(C)c2=O,3.01513171,Natural,True,,SMILES CCC1(O)C(=O)OCc2c1ccn(C)c2=O
401039,SMILES Cc1c2c(c(C)n1-c1ccccc1)C(=O)N(CCN(C)CCc1ccccn1)C2=O,4.79902029,Natural,True,,SMILES Cc1c2c(c(C)n1-c1ccccc1)C(=O)N(CCN(C)CCc1ccccn1)C2=O
20909,SMILES N#CCCc1nc(N)nc(N)n1,4.24138403,Natural,True,,SMILES N#CCCc1nc(N)nc(N)n1
20224,SMILES CC(=O)Oc1ccc([N+](=O)[O-])cc1[N+](=O)[O-],3.10465503,Natural,True,,SMILES CC(=O)Oc1ccc([N+](=O)[O-])cc1[N+](=O)[O-]
20059,,3.2713232,Natural,False,,
2036,SMILES COC1=C(Br)C(O)C(O)(CC#N)C=C1Br,3.61679435,Natural,True,,SMILES COC1=C(Br)C(O)C(O)(CC#N)C=C1Br
401032,SMILES Cc1c2c(OCCN3CCCCC3)nn(C)c(=O)c2c(C)n1-c1ccccc1,4.45290518,Natural,True,,SMILES Cc1c2c(OCCN3CCCCC3)nn(C)c(=O)c2c(C)n1-c1ccccc1
21208,SMILES Nc1ccc([N+](=O)[O-])c(N)c1,3.07384706,Natural,True,,SMILES Nc1ccc([N+](=O)[O-])c(N)c1
401329,SMILES CSC(S)=NS(=O)(=O)c1cnccc1Nc1ccccc1,4.21976471,Natural,True,,SMILES CSC(S)=NS(=O)(=O)c1cnccc1Nc1ccccc1
200450,,3.521492,Natural,False,,
400950,SMILES CCOC(=O)Cn1nnc2ccc(N=c3c(C)[n+]([O-])c4cc(Cl)ccc4n3O)cc21,6.06444025,Natural,True,,SMILES CCOC(=O)Cn1nnc2ccc(N=c3c(C)[n+]([O-])c4cc(Cl)ccc4n3O)cc21
300573,SMILES O=C1NC(c2cccc3ccccc23)Nc2ccc(Cl)cc21,4.48796797,Natural,True,,SMILES O=C1NC(c2cccc3ccccc23)Nc2ccc(Cl)cc21
20272,SMILES CCC(NNC(C)=O)c1ccccc1,3.16508961,Natural,True,,SMILES CCC(NNC(C)=O)c1ccccc1
20377,SMILES CCN1CC(c2ccccc2)C1,2.95757675,Natural,True,,SMILES CCN1CC(c2ccccc2)C1
301138,SMILES CC(C)(C)C(=O)Oc1ccc2ccccc2c1,3.94108272,Natural,True,,SMILES CC(C)(C)C(=O)Oc1ccc2ccccc2c1
401377,SMILES O=C(c1ccco1)N(Cc1cccnc1)C(=S)N(Cc1cccnc1)C(=O)c1ccco1,5.43635607,Natural,True,,SMILES O=C(c1ccco1)N(Cc1cccnc1)C(=S)N(Cc1cccnc1)C(=O)c1ccco1
201544,SMILES Cc1nc([N+](=O)[O-])n(C)c1C,3.27449799,Natural,True,,SMILES Cc1nc([N+](=O)[O-])n(C)c1C
201764,SMILES O=C(c1ccccc1)N1CCN(Cc2ccc3c(c2)OCO3)CC1,3.26685715,Natural,True,,SMILES O=C(c1ccccc1)N1CCN(Cc2ccc3c(c2)OCO3)CC1
400435,SMILES CC(C)(C)c1ccc(C2CC3C(=O)OCC(c4ccccc4)N3O2)cc1,4.72771025,Natural,True,,SMILES CC(C)(C)c1ccc(C2CC3C(=O)OCC(c4ccccc4)N3O2)cc1
201607,SMILES C=CCOc1ccc(NC(C)=O)cc1C(=O)NCC(C)C,3.74398017,Natural,True,,SMILES C=CCOc1ccc(NC(C)=O)cc1C(=O)NCC(C)C
20036,,3.30017757,Natural,False,,
300463,SMILES SC1=NC(c2ccco2)N2C(S)=NC(c3ccco3)N12,3.8814373,Natural,True,,SMILES SC1=NC(c2ccco2)N2C(S)=NC(c3ccco3)N12
201975,SMILES CCN(CC)CCN(C(=O)c1ccc([N+](=O)[O-])cc1)c1ccccc1,4.10030556,Natural,True,,SMILES CCN(CC)CCN(C(=O)c1ccc([N+](=O)[O-])cc1)c1ccccc1
201495,SMILES CCOP(=S)(OCC)SCC(=O)Nc1ccc([N+](=O)[O-])cc1,3.66412044,Natural,True,,SMILES CCOP(=S)(OCC)SCC(=O)Nc1ccc([N+](=O)[O-])cc1
201641,SMILES O=C(O)c1cncnc1Nc1cccc(C(F)(F)F)c1,4.15156031,Natural,True,,SMILES O=C(O)c1cncnc1Nc1cccc(C(F)(F)F)c1
401164,SMILES NNC(=O)c1cc(Cl)ccc1NC(=O)C12CC3CC(CC(C3)C1)C2,4.76686335,Natural,True,,SMILES NNC(=O)c1cc(Cl)ccc1NC(=O)C12CC3CC(CC(C3)C1)C2
21139,SMILES O=[N+]([O-])c1ccc(-c2nc(N(CCO)CCO)c3ccccc3n2)o1,3.93973279,Natural,True,,SMILES O=[N+]([O-])c1ccc(-c2nc(N(CCO)CCO)c3ccccc3n2)o1
200445,,4.02319145,Natural,False,,
400841,SMILES OCC(O)C(O)c1nn(-c2ccccc2)c2nc3cncnc3nc12,4.6074543,Natural,True,,SMILES OCC(O)C(O)c1nn(-c2ccccc2)c2nc3cncnc3nc12
21063,SMILES CCC1CC(C(C)=O)C1(C)C,3.98947048,Natural,True,,SMILES CCC1CC(C(C)=O)C1(C)C
400732,SMILES ClC1=C(Cl)C2OC3C=CCC3OC2C(Cl)=C1Cl,3.35124898,Natural,True,,SMILES ClC1=C(Cl)C2OC3C=CCC3OC2C(Cl)=C1Cl
400932,SMILES CC(O)(Cc1ccccc1C#N)Cc1ccccc1C#N,5.27213144,Natural,True,,SMILES CC(O)(Cc1ccccc1C#N)Cc1ccccc1C#N
3994,SMILES CN(C)c1ccc(C(=O)NCCCCCCC(=O)NO)cc1,3.89136505,Natural,True,,SMILES CN(C)c1ccc(C(=O)NCCCCCCC(=O)NO)cc1
200045,,3.34937668,Natural,False,,
200096,,3.49005628,Natural,False,,
5684,SMILES COc1ccccc1N1CCN(CCN(C(=O)C2CCCCC2)c2ccccn2)CC1,4.69106102,Natural,True,,SMILES COc1ccccc1N1CCN(CCN(C(=O)C2CCCCC2)c2ccccn2)CC1
5592,SMILES Cc1c(C)c2c(c(C)c1O)CCC(C)(CC(=O)O)O2,3.91675258,Natural,True,,SMILES Cc1c(C)c2c(c(C)c1O)CCC(C)(CC(=O)O)O2
400228,SMILES CC1C(c2ccccc2)OP(=O)(OC(C#N)c2ccccc2)N1C,4.52899504,Natural,True,,SMILES CC1C(c2ccccc2)OP(=O)(OC(C#N)c2ccccc2)N1C
301196,SMILES CCOC1CC2(c3ccccc3)OC(=O)OC12c1ccccc1,4.47465086,Natural,True,,SMILES CCOC1CC2(c3ccccc3)OC(=O)OC12c1ccccc1
301219,SMILES COC(=O)c1cccc(C(=O)CC(=O)c2ccccc2)c1,3.80832672,Natural,True,,SMILES COC(=O)c1cccc(C(=O)CC(=O)c2ccccc2)c1
2785,SMILES CN(C)C(=O)C(Cc1ccccc1)NC(=O)C(=O)CC(=O)NCCc1ccccn1,4.08548784,Natural,True,,SMILES CN(C)C(=O)C(Cc1ccccc1)NC(=O)C(=O)CC(=O)NCCc1ccccn1
21185,SMILES COc1ccc2c(c1)CCC1C2CCC2(C)C1CC(C)(O)C2O,5.38750887,Natural,True,,SMILES COc1ccc2c(c1)CCC1C2CCC2(C)C1CC(C)(O)C2O
20934,SMILES CC(=O)Nc1ccccc1[NH3+],2.92086482,Natural,True,,SMILES CC(=O)Nc1ccccc1[NH3+]
301355,SMILES COC(=O)c1cccn1C(=O)c1ccc(C)c(OCc2ccccc2)c1[N+](=O)[O-],4.68254423,Natural,True,,SMILES COC(=O)c1cccn1C(=O)c1ccc(C)c(OCc2ccccc2)c1[N+](=O)[O-]
50033,SMILES COc1ccccc1NC(=O)OCCN(C)C,2.75218844,Natural,True,,SMILES COc1ccccc1NC(=O)OCCN(C)C
200031,,3.08914876,Natural,False,,
200465,,4.49723053,Natural,False,,
200279,,3.96593785,Natural,False,,
401335,SMILES O=S1(=O)N=C(NCc2c[nH]c3ccccc23)N(c2ccccc2)c2ccncc21,5.59834814,Natural,True,,SMILES O=S1(=O)N=C(NCc2c[nH]c3ccccc23)N(c2ccccc2)c2ccncc21
6070,SMILES Cc1c(C(C)C2NCC(C)CC2O)ccc2c1CC1C2CC=C2CC(O)CCC21C,5.4104867,Natural,True,,SMILES Cc1c(C(C)C2NCC(C)CC2O)ccc2c1CC1C2CC=C2CC(O)CCC21C
6874,SMILES CC(C)CCOC(=O)c1ccccc1O,3.59945297,Natural,True,,SMILES CC(C)CCOC(=O)c1ccccc1O
6122,SMILES C=CCN1CCC23c4c5ccc(O)c4OC2C(O)C=CC3C1C5,4.69193506,Natural,True,,SMILES C=CCN1CCC23c4c5ccc(O)c4OC2C(O)C=CC3C1C5
401525,SMILES CN(C)c1ccc(C=NNC(=O)Nc2ccc(S(N)(=O)=O)cc2)cc1,4.50324821,Natural,True,,SMILES CN(C)c1ccc(C=NNC(=O)Nc2ccc(S(N)(=O)=O)cc2)cc1
400171,SMILES SC(=Nc1ccc(Br)cn1)NNc1nc2ccccc2n2cccc12,5.96877813,Natural,True,,SMILES SC(=Nc1ccc(Br)cn1)NNc1nc2ccccc2n2cccc12
21053,SMILES NC(=O)CN1C(=O)c2ccccc2C1=O,3.83208919,Natural,True,,SMILES NC(=O)CN1C(=O)c2ccccc2C1=O
5334,SMILES CC(=O)Nc1ccc(S(=O)(=O)Nc2ccc([N+](=O)[O-])cc2)cc1,3.79316211,Natural,True,,SMILES CC(=O)Nc1ccc(S(=O)(=O)Nc2ccc([N+](=O)[O-])cc2)cc1
300449,SMILES CCCC(O)c1ccc(OC)c(OC)c1,3.08989644,Natural,True,,SMILES CCCC(O)c1ccc(OC)c(OC)c1
400830,SMILES COc1ccc(C2=Nn3c(nnc(Cc4ccc(Cl)cc4)c3=O)SC2)cc1,4.98486948,Natural,True,,SMILES COc1ccc(C2=Nn3c(nnc(Cc4ccc(Cl)cc4)c3=O)SC2)cc1
200534,,3.63987565,Natural,False,,
50035,SMILES COc1cccc(NC(=O)OCCN(C)C)c1,3.24574399,Natural,True,,SMILES COc1cccc(NC(=O)OCCN(C)C)c1
3998,SMILES NCc1ccc(S(N)(=O)=O)cc1,2.8826797,Natural,True,,SMILES NCc1ccc(S(N)(=O)=O)cc1
2051,SMILES COc1cc2ncnc(Nc3cccc(Cl)c3)c2cc1OC,4.94521761,Natural,True,,SMILES COc1cc2ncnc(Nc3cccc(Cl)c3)c2cc1OC
301357,SMILES COC(=O)c1cccn1C(=O)c1ccccc1N,3.60455441,Natural,True,,SMILES COC(=O)c1cccn1C(=O)c1ccccc1N
6312,SMILES CN=C(NC)NCc1ccccc1Cl,3.28762507,Natural,True,,SMILES CN=C(NC)NCc1ccccc1Cl
20440,SMILES CCCNc1nc(Cl)nc(OC)n1,3.44140124,Natural,True,,SMILES CCCNc1nc(Cl)nc(OC)n1
200065,,3.7461338,Natural,False,,
201872,SMILES C=CCOC(=O)c1cncn1C(C)c1ccccc1,3.89863944,Natural,True,,SMILES C=CCOC(=O)c1cncn1C(C)c1ccccc1
20767,SMILES CCNc1nc(Cl)nc(OC)n1,3.7481854,Natural,True,,SMILES CCNc1nc(Cl)nc(OC)n1
401628,SMILES CC1(C)C2CCC1(C)C(O)C2SCc1ccccc1,4.38292551,Natural,True,,SMILES CC1(C)C2CCC1(C)C(O)C2SCc1ccccc1
300068,SMILES CCOC(=O)C(C(=O)OCC)C(=O)c1cccc2c1ccc1ccccc12,4.47014761,Natural,True,,SMILES CCOC(=O)C(C(=O)OCC)C(=O)c1cccc2c1ccc1ccccc12
400113,SMILES CC1(C)Oc2ccc(Cl)cc2C12CC2,4.33617353,Natural,True,,SMILES CC1(C)Oc2ccc(Cl)cc2C12CC2
5351,SMILES O=S(O)CNc1ccc(S(=O)(=O)c2ccc(NCS(=O)O)cc2)cc1,4.38393402,Natural,True,,SMILES O=S(O)CNc1ccc(S(=O)(=O)c2ccc(NCS(=O)O)cc2)cc1
400577,SMILES COc1ccc(C#Cn2nnc3ccccc32)cc1,4.3402462,Natural,True,,SMILES COc1ccc(C#Cn2nnc3ccccc32)cc1
301088,SMILES CCOC1OCN(C(C)(C)C)CC1(C)C,3.66692281,Natural,True,,SMILES CCOC1OCN(C(C)(C)C)CC1(C)C
400934,SMILES COC(=O)CC1CCCN1S(=O)(=O)c1ccc(C)cc1,3.99730277,Natural,True,,SMILES COC(=O)CC1CCCN1S(=O)(=O)c1ccc(C)cc1
300240,SMILES CCC1(O)C(=O)OCc2c1cc1n(c2=O)CCC1,4.20348883,Natural,True,,SMILES CCC1(O)C(=O)OCc2c1cc1n(c2=O)CCC1
20039,,3.87870598,Natural,False,,
201240,SMILES c1ccc(C2OCC3(COC3)CO2)cc1,3.30258727,Natural,True,,SMILES c1ccc(C2OCC3(COC3)CO2)cc1
200331,,3.68106961,Natural,False,,
300574,SMILES CCN(CC)c1ccc(C2NC(=O)c3ccccc3N2)cc1,4.09431219,Natural,True,,SMILES CCN(CC)c1ccc(C2NC(=O)c3ccccc3N2)cc1
300248,SMILES O=C(O)CSCCCc1ccccc1,3.73536301,Natural,True,,SMILES O=C(O)CSCCCc1ccccc1
201964,SMILES c1ccc(C(c2ccccc2)c2cnc[nH]2)cc1,3.79503846,Natural,True,,SMILES c1ccc(C(c2ccccc2)c2cnc[nH]2)cc1
201844,SMILES CC1(C)OC(=O)N(CN2CCN(CN3C(=O)OC(C)(C)C3=O)CC2)C1=O,4.47887421,Natural,True,,SMILES CC1(C)OC(=O)N(CN2CCN(CN3C(=O)OC(C)(C)C3=O)CC2)C1=O
201855,SMILES COC(=O)C(CN1CCOCC1)c1ccccc1,3.49297166,Natural,True,,SMILES COC(=O)C(CN1CCOCC1)c1ccccc1
300685,SMILES OCC1(Br)CCC(Br)(CO)CC1,4.30763006,Natural,True,,SMILES OCC1(Br)CCC(Br)(CO)CC1
301024,SMILES CC(C)(O)c1cc(Cl)c(C#N)c(Cl)c1,4.29768944,Natural,True,,SMILES CC(C)(O)c1cc(Cl)c(C#N)c(Cl)c1
5470,SMILES C#CC1(O)CCC2C3C(C)CC4=C(CCC(=O)C4)C3CCC21C,5.40018606,Natural,True,,SMILES C#CC1(O)CCC2C3C(C)CC4=C(CCC(=O)C4)C3CCC21C
401027,SMILES Cc1c2c(c(C)n1-c1ccccc1)C(=O)N(CCSC1=NCCS1)C2=O,4.90799379,Natural,True,,SMILES Cc1c2c(c(C)n1-c1ccccc1)C(=O)N(CCSC1=NCCS1)C2=O
2860,SMILES CC1C2CCC3C4CC=C5CC(N(C)C)CCC5(C)C4CCC32CN1C,5.36862612,Natural,True,,SMILES CC1C2CCC3C4CC=C5CC(N(C)C)CCC5(C)C4CCC32CN1C
301331,SMILES CC(=O)Oc1c2c(n3c1CCC3)CC(C)CC2=O,4.03273773,Natural,True,,SMILES CC(=O)Oc1c2c(n3c1CCC3)CC(C)CC2=O
300754,SMILES c1ccc(CCSCCSCCc2ccccn2)nc1,3.69481301,Natural,True,,SMILES c1ccc(CCSCCSCCc2ccccn2)nc1
200342,,4.41732073,Natural,False,,
301283,SMILES CCP(=S)(CC)CC,3.04121232,Natural,True,,SMILES CCP(=S)(CC)CC
6974,SMILES Cc1ccc(C)c([N+](=O)[O-])c1,3.97984815,Natural,True,,SMILES Cc1ccc(C)c([N+](=O)[O-])c1
6666,SMILES O=S(=O)(O)c1cccc2c(S(=O)(=O)O)cccc12,3.4378674,Natural,True,,SMILES O=S(=O)(O)c1cccc2c(S(=O)(=O)O)cccc12
401907,SMILES CC(=O)Nc1c(C#N)c(C)c(C)n1-c1c(C)cc(C)cc1C,4.8275485,Natural,True,,SMILES CC(=O)Nc1c(C#N)c(C)c(C)n1-c1c(C)cc(C)cc1C
21084,SMILES COc1ccc(NC(=O)OCc2ccncc2)cc1,3.26131725,Natural,True,,SMILES COc1ccc(NC(=O)OCc2ccncc2)cc1
201282,SMILES CN(C)c1nc(NP(=O)(N2CC2)N2CC2)nc(N(C)C)n1,3.35974383,Natural,True,,SMILES CN(C)c1nc(NP(=O)(N2CC2)N2CC2)nc(N(C)C)n1
300766,SMILES Cc1cccc(-c2nnc(-c3cccc(C)n3)o2)n1,4.58167887,Natural,True,,SMILES Cc1cccc(-c2nnc(-c3cccc(C)n3)o2)n1
662,SMILES O=C1c2c(O)cc(O)cc2OC(c2ccc(O)cc2)C1O,3.11854267,Natural,True,,SMILES O=C1c2c(O)cc(O)cc2OC(c2ccc(O)cc2)C1O
201649,SMILES Cn1c(=O)c2[nH]c(CCCCc3nc4c([nH]3)c(=O)n(C)c(=S)n4C)nc2n(C)c1=S,5.28683376,Natural,True,,SMILES Cn1c(=O)c2[nH]c(CCCCc3nc4c([nH]3)c(=O)n(C)c(=S)n4C)nc2n(C)c1=S
400650,SMILES Cc1nnc(S)n1N=Cc1ccc(-c2ccc(Cl)cc2)o1,4.63176346,Natural,True,,SMILES Cc1nnc(S)n1N=Cc1ccc(-c2ccc(Cl)cc2)o1
201139,SMILES COc1ccc2c(c1OC)C13CCN(C)C(C2)C1(O)CCC(O)C3,4.31025505,Natural,True,,SMILES COc1ccc2c(c1OC)C13CCN(C)C(C2)C1(O)CCC(O)C3
6778,SMILES O=C(Oc1ccccc1)c1ccccc1C(=O)Oc1ccccc1,4.11035585,Natural,True,,SMILES O=C(Oc1ccccc1)c1ccccc1C(=O)Oc1ccccc1
5945,SMILES C[Si](C)(O[Si](C)(C)c1ccccc1)c1ccccc1,3.9965179,Natural,True,,SMILES C[Si](C)(O[Si](C)(C)c1ccccc1)c1ccccc1
300237,SMILES CCC1(O)C(=O)OCc2c1cc(C(=O)OC)n(C)c2=O,3.71253467,Natural,True,,SMILES CCC1(O)C(=O)OCc2c1cc(C(=O)OC)n(C)c2=O
902,SMILES CC(=O)NCCC(N)C(=O)O,2.87710595,Natural,True,,SMILES CC(=O)NCCC(N)C(=O)O
6945,SMILES O=[N+]([O-])c1ccccc1Cl,2.89176536,Natural,True,,SMILES O=[N+]([O-])c1ccccc1Cl
201255,SMILES CCCCCN1CCN(C(=S)S)CC1,3.20316315,Natural,True,,SMILES CCCCCN1CCN(C(=S)S)CC1
200230,,3.61912727,Natural,False,,
400835,SMILES Cc1cc(OCc2nnc3sc(NC(=O)c4ccccc4)nn23)ccc1Cl,4.85817671,Natural,True,,SMILES Cc1cc(OCc2nnc3sc(NC(=O)c4ccccc4)nn23)ccc1Cl
300658,SMILES CCCCN1c2ccccc2NP1(=O)c1ccccc1,3.65938497,Natural,True,,SMILES CCCCN1c2ccccc2NP1(=O)c1ccccc1
5730,SMILES Cc1ccc(NC(=O)c2cccc(N(C)C)c2)cc1NC(=O)c1ccc(O)cc1,5.11207628,Natural,True,,SMILES Cc1ccc(NC(=O)c2cccc(N(C)C)c2)cc1NC(=O)c1ccc(O)cc1
201467,SMILES COC(=O)c1ccccc1OC(N)=O,3.99077344,Natural,True,,SMILES COC(=O)c1ccccc1OC(N)=O
300021,SMILES Nc1nc(-c2ccccc2)nc2nonc12,3.96484828,Natural,True,,SMILES Nc1nc(-c2ccccc2)nc2nonc12
20590,SMILES CC(=O)C1CC=C(C)C1(C)C,4.21323156,Natural,True,,SMILES CC(=O)C1CC=C(C)C1(C)C
6892,SMILES NCCN1C(=O)CN=C1S,3.08747935,Natural,True,,SMILES NCCN1C(=O)CN=C1S
400070,SMILES COC(=O)C(NC(=O)OCc1ccccc1)(C(C)O)C(F)(F)F,3.66969776,Natural,True,,SMILES COC(=O)C(NC(=O)OCc1ccccc1)(C(C)O)C(F)(F)F
6938,SMILES Cc1ccc(S(=O)(=O)O)c(C)c1,3.12179637,Natural,True,,SMILES Cc1ccc(S(=O)(=O)O)c(C)c1
6077,SMILES CC(=O)c1ccc2c(c1)N(CCCN(C)C)c1ccccc1S2,3.84708476,Natural,True,,SMILES CC(=O)c1ccc2c(c1)N(CCCN(C)C)c1ccccc1S2
400919,SMILES COP(=S)(COC(C)=O)OC(C)C,2.88173556,Natural,True,,SMILES COP(=S)(COC(C)=O)OC(C)C
400614,SMILES N#CCCSC(=C(c1ccccc1)N1CCC(C#N)=N1)c1ccccc1,4.72035789,Natural,True,,SMILES N#CCCSC(=C(c1ccccc1)N1CCC(C#N)=N1)c1ccccc1
20114,SMILES Oc1ccc2c(c1)C13CCCCC1C(C2)N(CC1CC1)CC3,4.75857401,Natural,True,,SMILES Oc1ccc2c(c1)C13CCCCC1C(C2)N(CC1CC1)CC3
300351,SMILES Cc1ccc(S(=O)(=O)NN=Cc2cccs2)cc1,3.57746243,Natural,True,,SMILES Cc1ccc(S(=O)(=O)NN=Cc2cccs2)cc1
21172,SMILES O=C(Nc1ccccc1)Nc1nc(Cl)nc(Cl)n1,5.5322175,Natural,True,,SMILES O=C(Nc1ccccc1)Nc1nc(Cl)nc(Cl)n1
201454,SMILES COc1ccc2c(c1)CCC(c1ccccc1)=C2c1ccccn1,4.75243902,Natural,True,,SMILES COc1ccc2c(c1)CCC(c1ccccc1)=C2c1ccccn1
20980,SMILES CCCCN(CCCC)C(=O)c1ccc(N=C(N)[NH2+]C(=N)N)cc1,4.63691282,Natural,True,,SMILES CCCCN(CCCC)C(=O)c1ccc(N=C(N)[NH2+]C(=N)N)cc1
401348,SMILES COc1ccc(C(=O)N(C(=O)N2CCN(c3ccccc3)CC2)S(=O)(=O)c2ccccc2)cc1,4.24066925,Natural,True,,SMILES COc1ccc(C(=O)N(C(=O)N2CCN(c3ccccc3)CC2)S(=O)(=O)c2ccccc2)cc1
301340,SMILES CC(O)(c1ccncc1)c1cc2ccccc2n1S(=O)(=O)c1ccccc1,4.60357475,Natural,True,,SMILES CC(O)(c1ccncc1)c1cc2ccccc2n1S(=O)(=O)c1ccccc1
300659,SMILES CCP1(=O)Nc2ccccc2N1C,2.77210236,Natural,True,,SMILES CCP1(=O)Nc2ccccc2N1C
5277,SMILES CC12Cc3cn[nH]c3CC1CCC1C2CCC2(C)C1CCC2(C)O,5.48792791,Natural,True,,SMILES CC12Cc3cn[nH]c3CC1CCC1C2CCC2(C)C1CCC2(C)O
401551,SMILES CCNC(=O)c1cc(C=Cc2ccc([N+](=O)[O-])o2)nc2ccccc12,4.58283854,Natural,True,,SMILES CCNC(=O)c1cc(C=Cc2ccc([N+](=O)[O-])o2)nc2ccccc12
300385,SMILES c1ccc(-c2n[nH]c3ccccc23)cc1,3.57150769,Natural,True,,SMILES c1ccc(-c2n[nH]c3ccccc23)cc1
400136,SMILES COC(=O)C1(C)CC2OC3C(C4CCC3(C)C4(C)C)N2O1,4.60910177,Natural,True,,SMILES COC(=O)C1(C)CC2OC3C(C4CCC3(C)C4(C)C)N2O1
301299,SMILES COS(=O)c1ccccc1C(=O)NOCc1ccccc1,4.5304718,Natural,True,,SMILES COS(=O)c1ccccc1C(=O)NOCc1ccccc1
300473,SMILES COc1ccc(C(=S)N(C)NC(=O)CC(=O)NN(C)C(=S)c2ccc(OC)cc2)cc1,4.96246767,Natural,True,,SMILES COc1ccc(C(=S)N(C)NC(=O)CC(=O)NN(C)C(=S)c2ccc(OC)cc2)cc1
20238,SMILES CCN(N=O)C(N)=N[N+](=O)[O-],3.41068196,Natural,True,,SMILES CCN(N=O)C(N)=N[N+](=O)[O-]
448,SMILES O=C(O)CNC(=O)c1cccc(Cl)c1,3.25126648,Natural,True,,SMILES O=C(O)CNC(=O)c1cccc(Cl)c1
301382,SMILES COC1C(O)C(CO)OC1n1ccc(N)nc1=O,3.00727153,Natural,True,,SMILES COC1C(O)C(CO)OC1n1ccc(N)nc1=O
21231,SMILES OCC(O)CSc1ccccc1,2.75339627,Natural,True,,SMILES OCC(O)CSc1ccccc1
20136,SMILES CCC(CC)(CC)c1ccccc1,3.85803485,Natural,True,,SMILES CCC(CC)(CC)c1ccccc1
301233,SMILES CCON=C(CC)C(=O)NC(=O)N=C(CC)NOCC,3.50632405,Natural,True,,SMILES CCON=C(CC)C(=O)NC(=O)N=C(CC)NOCC
401441,SMILES CCOC(=O)C(NC(=O)N(C1=NCC(C)S1)C1CCCCC1)(OC)C(F)(F)F,4.53831816,Natural,True,,SMILES CCOC(=O)C(NC(=O)N(C1=NCC(C)S1)C1CCCCC1)(OC)C(F)(F)F
400603,SMILES CCN(CC)c1nc(N(C)C)c2ccc(OC)cc2n1,3.93945885,Natural,True,,SMILES CCN(CC)c1nc(N(C)C)c2ccc(OC)cc2n1
6820,SMILES COC(=O)c1ccccc1C(=O)OCCC(O)CO,3.19608569,Natural,True,,SMILES COC(=O)c1ccccc1C(=O)OCCC(O)CO
201746,SMILES CCN(CC)CCNC(=O)COc1ccc(C(C)=O)cc1,3.38152575,Natural,True,,SMILES CCN(CC)CCNC(=O)COc1ccc(C(C)=O)cc1
401157,SMILES CC(C)(C)c1ccc(C(C)(C)C)c(N2C(=O)C3C=NOC3C2=O)c1,4.41854811,Natural,True,,SMILES CC(C)(C)c1ccc(C(C)(C)C)c(N2C(=O)C3C=NOC3C2=O)c1
200146,,5.24636698,Natural,False,,
400491,SMILES COc1c(Br)cc(CC(N=O)=C(O)NCCc2cnc[nH]2)c(O)c1Br,4.83851242,Natural,True,,SMILES COc1c(Br)cc(CC(N=O)=C(O)NCCc2cnc[nH]2)c(O)c1Br
20577,SMILES C[N+](C)(C)CCOC(=O)Nc1ccccc1,2.94403076,Natural,True,,SMILES C[N+](C)(C)CCOC(=O)Nc1ccccc1
50041,SMILES CCOc1ccc(NC(=O)OCCN(C)C)cc1,3.39878583,Natural,True,,SMILES CCOc1ccc(NC(=O)OCCN(C)C)cc1
20121,SMILES CCCCN(CCCC)[N+](=O)[O-],2.7808609,Natural,True,,SMILES CCCCN(CCCC)[N+](=O)[O-]
300733,SMILES COC(=O)C(Br)(C(=O)OC)C(c1ccccc1)c1ccccc1,4.03116417,Natural,True,,SMILES COC(=O)C(Br)(C(=O)OC)C(c1ccccc1)c1ccccc1
653,SMILES O=c1c(Cc2c(O)oc3ccccc3c2=O)c(O)oc2ccccc12,4.64654303,Natural,True,,SMILES O=c1c(Cc2c(O)oc3ccccc3c2=O)c(O)oc2ccccc12
400534,SMILES CC(=O)C(C(=O)c1ccc(C)cc1)C1OC(C)(C)OC1C1COC(C)(C)O1,4.32719374,Natural,True,,SMILES CC(=O)C(C(=O)c1ccc(C)cc1)C1OC(C)(C)OC1C1COC(C)(C)O1
401472,SMILES COC(=O)Cc1ccc(Oc2nc3ccccc3nc2-c2ccccc2)cc1,5.75052691,Natural,True,,SMILES COC(=O)Cc1ccc(Oc2nc3ccccc3nc2-c2ccccc2)cc1
6500,SMILES CCOP(=O)(C#N)N(C)C,3.03799844,Natural,True,,SMILES CCOP(=O)(C#N)N(C)C
200189,,3.22884822,Natural,False,,
201144,SMILES c1ccc(C(CCN2CCOCC2)c2ccccc2)cc1,3.77189374,Natural,True,,SMILES c1ccc(C(CCN2CCOCC2)c2ccccc2)cc1
401990,SMILES O=c1c(-c2ccccc2)nnc2sc(COc3ccc(Cl)cc3)nn12,4.61195898,Natural,True,,SMILES O=c1c(-c2ccccc2)nnc2sc(COc3ccc(Cl)cc3)nn12
401397,SMILES Clc1ccc(OCC2NC3CCC2CC3)cn1,3.53047562,Natural,True,,SMILES Clc1ccc(OCC2NC3CCC2CC3)cn1
401615,SMILES CC1(C(=O)O)NC(c2ccc(Br)cc2)C2C(=O)N(c3ccccc3)C(=O)C21,5.97369576,Natural,True,,SMILES CC1(C(=O)O)NC(c2ccc(Br)cc2)C2C(=O)N(c3ccccc3)C(=O)C21
300862,SMILES CN(C)CCCNc1cc2c3ccccc3ncc2c2ccccc12,4.24382448,Natural,True,,SMILES CN(C)CCCNc1cc2c3ccccc3ncc2c2ccccc12
300091,SMILES O=C(CC(=O)c1ccc(Cl)cc1)Cc1ccc2ccccc2n1,4.33383226,Natural,True,,SMILES O=C(CC(=O)c1ccc(Cl)cc1)Cc1ccc2ccccc2n1
21192,SMILES CC(=O)NC(Cc1ccccc1B(O)O)C(=O)O,4.69859314,Natural,True,,SMILES CC(=O)NC(Cc1ccccc1B(O)O)C(=O)O
201665,SMILES C=CCOc1ccc(NC(C)=O)cc1C(=O)N(CC)CC,3.73317027,Natural,True,,SMILES C=CCOc1ccc(NC(C)=O)cc1C(=O)N(CC)CC
300822,SMILES O=C(N=C(S)Nc1ccccc1Cl)c1ccc(Cl)cc1,4.36672544,Natural,True,,SMILES O=C(N=C(S)Nc1ccccc1Cl)c1ccc(Cl)cc1
50146,SMILES NC(N)=NCc1ccc2ccccc2n1,3.27518582,Natural,True,,SMILES NC(N)=NCc1ccc2ccccc2n1
401859,SMILES COc1ccccc1CCN1CCN(CCCc2ccccc2)CC1,3.94156146,Natural,True,,SMILES COc1ccccc1CCN1CCN(CCCc2ccccc2)CC1
401630,SMILES CC(CO)C1=CC(C#C[Si](C)(C)C)N(C(=O)Oc2ccccc2)c2ccccc21,5.56030893,Natural,True,,SMILES CC(CO)C1=CC(C#C[Si](C)(C)C)N(C(=O)Oc2ccccc2)c2ccccc21
300396,SMILES O=C(O)c1nn2c(=O)c3cccc4cccc(c43)c2c1C(=O)O,4.64554644,Natural,True,,SMILES O=C(O)c1nn2c(=O)c3cccc4cccc(c43)c2c1C(=O)O
942,SMILES CN1CCCC1c1cccnc1,2.84629178,Natural,True,,SMILES CN1CCCC1c1cccnc1
300600,SMILES CCOC(=O)C(C(=N)C#N)C(C)=O,2.92845988,Natural,True,,SMILES CCOC(=O)C(C(=N)C#N)C(C)=O
401057,SMILES CNC(=O)C(NC(=O)C(CC(C)C)NC(=O)C(S)CCN1C(=O)N(C)C(C)(C)C1=O)C(C)(C)C,4.586164,Natural,True,,SMILES CNC(=O)C(NC(=O)C(CC(C)C)NC(=O)C(S)CCN1C(=O)N(C)C(C)(C)C1=O)C(C)(C)C
401910,SMILES COc1ccc2c(c1)CCC(CN1CCN(CCOC(c3ccccc3)c3ccccc3)CC1)C2O,4.85173988,Natural,True,,SMILES COc1ccc2c(c1)CCC(CN1CCN(CCOC(c3ccccc3)c3ccccc3)CC1)C2O
803,SMILES O=C(O)C(=O)Cc1c[nH]c2ccccc12,2.96561241,Natural,True,,SMILES O=C(O)C(=O)Cc1c[nH]c2ccccc12
300633,SMILES NC(=NC1CCC(C2CCC(N)CC2)CC1)C(N)=NC1CCC(C2CCC(N)CC2)CC1,4.94013739,Natural,True,,SMILES NC(=NC1CCC(C2CCC(N)CC2)CC1)C(N)=NC1CCC(C2CCC(N)CC2)CC1
401086,SMILES Cc1cc(C)c2c(=O)n(CN3CCN(Cc4ccc5c(c4)OCO5)CC3)sc2n1,5.55213022,Natural,True,,SMILES Cc1cc(C)c2c(=O)n(CN3CCN(Cc4ccc5c(c4)OCO5)CC3)sc2n1
200583,,5.25027895,Natural,False,,
200169,,3.41988921,Natural,False,,
401811,SMILES CN(CCc1ccccc1N)CCN1CCCC1,3.30364347,Natural,True,,SMILES CN(CCc1ccccc1N)CCN1CCCC1
401020,SMILES OC1(c2ccccc2)CCN(Cc2c[nH]c3ccccc23)CC1,3.75702405,Natural,True,,SMILES OC1(c2ccccc2)CCN(Cc2c[nH]c3ccccc23)CC1
300581,SMILES O=[N+]([O-])c1ccc2c(c1)-c1ccccc1C2Br,3.60591435,Natural,True,,SMILES O=[N+]([O-])c1ccc2c(c1)-c1ccccc1C2Br
300085,SMILES CC(C)C1(O)C=CC(C)(O)CC1,4.23861217,Natural,True,,SMILES CC(C)C1(O)C=CC(C)(O)CC1
301480,SMILES O=C(O)c1ccccc1S(=O)O,3.49168992,Natural,True,,SMILES O=C(O)c1ccccc1S(=O)O
200464,,2.96587491,Natural,False,,
300436,SMILES OC(N=Cc1ccccc1)C(Cl)(Cl)Cl,3.38840795,Natural,True,,SMILES OC(N=Cc1ccccc1)C(Cl)(Cl)Cl
300759,SMILES c1ccc(CCNCc2ccccn2)nc1,3.14752698,Natural,True,,SMILES c1ccc(CCNCc2ccccn2)nc1
401160,SMILES C(=Cc1ccco1)c1cccc(C=Cc2ccco2)n1,4.48823023,Natural,True,,SMILES C(=Cc1ccco1)c1cccc(C=Cc2ccco2)n1
301079,SMILES COC(=O)Nc1ccc(C(C)=O)cc1,2.83545852,Natural,True,,SMILES COC(=O)Nc1ccc(C(C)=O)cc1
408,SMILES CN1C(=O)CCC1c1cccnc1,3.00196362,Natural,True,,SMILES CN1C(=O)CCC1c1cccnc1
401436,SMILES CCOC(=O)C1(C(F)(F)F)NC(=O)N2c3ccccc3SC2N1,4.50277281,Natural,True,,SMILES CCOC(=O)C1(C(F)(F)F)NC(=O)N2c3ccccc3SC2N1
201729,SMILES COc1ccc2c3c1OC1CCC(O)C4C(C2)N(C)CCC314,4.1124053,Natural,True,,SMILES COc1ccc2c3c1OC1CCC(O)C4C(C2)N(C)CCC314
300260,SMILES O=C1NC23CC=CCC12CCCC3,4.22661829,Natural,True,,SMILES O=C1NC23CC=CCC12CCCC3
401853,SMILES Nc1ccccc1CCN1CCN(CCCc2ccccc2)CC1,3.45970249,Natural,True,,SMILES Nc1ccccc1CCN1CCN(CCCc2ccccc2)CC1
5430,SMILES c1ccc2[nH]c(-c3cscn3)nc2c1,4.31028605,Natural,True,,SMILES c1ccc2[nH]c(-c3cscn3)nc2c1
201328,SMILES O=C(CN1CCOCC1)Nc1ccccc1,3.38363147,Natural,True,,SMILES O=C(CN1CCOCC1)Nc1ccccc1
5699,SMILES O=C(O)c1cc(=O)c2cccc(O)c2[nH]1,3.37504196,Natural,True,,SMILES O=C(O)c1cc(=O)c2cccc(O)c2[nH]1
401794,SMILES COc1cc2c3c(c1Oc1nnnn1-c1ccccc1)-c1c(ccc4c1OCO4)CC3N(C)CC2,5.39197731,Natural,True,,SMILES COc1cc2c3c(c1Oc1nnnn1-c1ccccc1)-c1c(ccc4c1OCO4)CC3N(C)CC2
21119,SMILES O=[N+]([O-])c1ccc(-c2ncn[nH]2)o1,3.95864367,Natural,True,,SMILES O=[N+]([O-])c1ccc(-c2ncn[nH]2)o1
201892,SMILES CC1(C)OC(=O)N(CN2CCCCC2)C1=O,4.13479662,Natural,True,,SMILES CC1(C)OC(=O)N(CN2CCCCC2)C1=O
21213,SMILES Cc1ccc(CN=C(N)N=C(N)N)o1,3.58262753,Natural,True,,SMILES Cc1ccc(CN=C(N)N=C(N)N)o1
300613,SMILES c1ccc(CC(Cc2ccccc2)c2ccccn2)cc1,4.22133398,Natural,True,,SMILES c1ccc(CC(Cc2ccccc2)c2ccccn2)cc1
400140,SMILES Cc1nc2c(sc(=S)n2-c2ccccc2)c2nc3ncccc3n12,5.54725027,Natural,True,,SMILES Cc1nc2c(sc(=S)n2-c2ccccc2)c2nc3ncccc3n12
20232,SMILES O=C(Cc1ccc([N+](=O)[O-])cc1)OCCF,3.71465945,Natural,True,,SMILES O=C(Cc1ccc([N+](=O)[O-])cc1)OCCF
300697,SMILES CC(=O)CCC(=O)NC(C)C,2.89870334,Natural,True,,SMILES CC(=O)CCC(=O)NC(C)C
201513,SMILES CCOc1ccc(C2(CC)CCC(=O)N2)cc1,3.58748245,Natural,True,,SMILES CCOc1ccc(C2(CC)CCC(=O)N2)cc1
401827,SMILES Clc1ccc(CCN2CCN(CCCc3ccccc3)CC2)cc1Cl,4.14352179,Natural,True,,SMILES Clc1ccc(CCN2CCN(CCCc3ccccc3)CC2)cc1Cl
5504,SMILES c1ccc(CC2=NCCN2)cc1,2.72101283,Natural,True,,SMILES c1ccc(CC2=NCCN2)cc1
201536,SMILES CC(=O)Oc1ccc2c(c1OC(C)=O)-c1cccc3c1C(C2)N(C)CC3,3.95239377,Natural,True,,SMILES CC(=O)Oc1ccc2c(c1OC(C)=O)-c1cccc3c1C(C2)N(C)CC3
400652,SMILES C=CCC1(O)c2cccc(O)c2C(=O)c2c(O)cccc21,4.72874498,Natural,True,,SMILES C=CCC1(O)c2cccc(O)c2C(=O)c2c(O)cccc21
6971,SMILES CC(=O)Nc1ccccc1C(=O)O,3.11207128,Natural,True,,SMILES CC(=O)Nc1ccccc1C(=O)O
400498,SMILES c1ccc(P(CCP(c2ccccn2)c2ccccn2)c2ccccn2)nc1,3.68810725,Natural,True,,SMILES c1ccc(P(CCP(c2ccccn2)c2ccccn2)c2ccccn2)nc1
2110,SMILES CC(N)(Cc1cccc(O)c1)C(=O)O,4.15554619,Natural,True,,SMILES CC(N)(Cc1cccc(O)c1)C(=O)O
6864,SMILES O=c1cc(O)[nH]c2ccccc12,2.78576779,Natural,True,,SMILES O=c1cc(O)[nH]c2ccccc12
300756,SMILES CC(CN=Cc1ccccc1N)N=Cc1ccccc1N,3.39413142,Natural,True,,SMILES CC(CN=Cc1ccccc1N)N=Cc1ccccc1N
300993,SMILES COCCC(=NNc1ccc([N+](=O)[O-])cc1[N+](=O)[O-])c1ccc(OC)cc1,4.69919157,Natural,True,,SMILES COCCC(=NNc1ccc([N+](=O)[O-])cc1[N+](=O)[O-])c1ccc(OC)cc1
20164,SMILES CCOC(=O)CSC=C(C)OP(=O)(OC)OC,2.91346192,Natural,True,,SMILES CCOC(=O)CSC=C(C)OP(=O)(OC)OC
201414,SMILES O=C(CN1CCOCC1)NN=CC(=O)c1ccccc1,3.44561505,Natural,True,,SMILES O=C(CN1CCOCC1)NN=CC(=O)c1ccccc1
401787,SMILES COc1cc(Br)c(CC2C3=C(CCN2C(=O)C2CC2)CC2(CC3)OCCO2)cc1O,5.32841921,Natural,True,,SMILES COc1cc(Br)c(CC2C3=C(CCN2C(=O)C2CC2)CC2(CC3)OCCO2)cc1O
300760,SMILES c1ccc(CNCCCNCc2ccccn2)nc1,3.02312469,Natural,True,,SMILES c1ccc(CNCCCNCc2ccccn2)nc1
201951,SMILES Nc1nc(CCN2CCN(c3ccccc3)CC2)nc(NC2CCCCC2)n1,4.82269096,Natural,True,,SMILES Nc1nc(CCN2CCN(c3ccccc3)CC2)nc(NC2CCCCC2)n1
300623,SMILES CCCN(CCC)C(=N)C(=N)N(CCC)CCC,3.35196877,Natural,True,,SMILES CCCN(CCC)C(=N)C(=N)N(CCC)CCC
173,,3.4571743,Natural,False,,
436,SMILES CNC(=O)CCC(=O)c1cccnc1,3.57142472,Natural,True,,SMILES CNC(=O)CCC(=O)c1cccnc1
200477,,3.30756974,Natural,False,,
2916,SMILES NCCSP(=O)(O)O,4.31211281,Natural,True,,SMILES NCCSP(=O)(O)O
6621,SMILES O=S(=O)(c1ccccc1)c1ccc(Cl)cc1,4.09133101,Natural,True,,SMILES O=S(=O)(c1ccccc1)c1ccc(Cl)cc1
200305,,4.54821444,Natural,False,,
300434,SMILES COc1cc(CSCC(=O)O)ccc1O,3.25862765,Natural,True,,SMILES COc1cc(CSCC(=O)O)ccc1O
401946,SMILES O=C(CCCC[n+]1ccccc1)Sc1ccccc1C(=O)Nc1nccs1,4.59523773,Natural,True,,SMILES O=C(CCCC[n+]1ccccc1)Sc1ccccc1C(=O)Nc1nccs1
201891,SMILES CCC1(c2ccccc2)CSC(=O)NC1=O,4.57923269,Natural,True,,SMILES CCC1(c2ccccc2)CSC(=O)NC1=O
6782,SMILES CC(C)COC(=O)c1ccccc1C(=O)OCC(C)C,4.19702959,Natural,True,,SMILES CC(C)COC(=O)c1ccccc1C(=O)OCC(C)C
5680,SMILES NCCCCNS(=O)(=O)c1cccc2c(Cl)cccc12,4.24318075,Natural,True,,SMILES NCCCCNS(=O)(=O)c1cccc2c(Cl)cccc12
401975,SMILES Cc1[nH][nH]c(=O)c2c3c(nc1-2)-c1ccccc1CC3,3.95823503,Natural,True,,SMILES Cc1[nH][nH]c(=O)c2c3c(nc1-2)-c1ccccc1CC3
6805,SMILES O=C(O)Cc1c(Cl)ccc(Cl)c1Cl,3.59221053,Natural,True,,SMILES O=C(O)Cc1c(Cl)ccc(Cl)c1Cl
401959,SMILES NC(S)=NN=Cc1ccc(OCc2cccc(COc3ccc(C=NN=C(N)S)cc3)n2)cc1,4.36967516,Natural,True,,SMILES NC(S)=NN=Cc1ccc(OCc2cccc(COc3ccc(C=NN=C(N)S)cc3)n2)cc1
200547,,4.64983177,Natural,False,,
5468,SMILES CC(C(=O)O)c1ccc(C(=O)c2ccccc2)s1,3.87228584,Natural,True,,SMILES CC(C(=O)O)c1ccc(C(=O)c2ccccc2)s1
300790,SMILES COP(=O)(NC(C)=O)OC,3.00087619,Natural,True,,SMILES COP(=O)(NC(C)=O)OC
802,SMILES O=C(O)Cc1c[nH]c2ccccc12,2.99511981,Natural,True,,SMILES O=C(O)Cc1c[nH]c2ccccc12
6257,SMILES COc1ccccc1OCC1CNC(=O)O1,3.40917397,Natural,True,,SMILES COc1ccccc1OCC1CNC(=O)O1
400028,SMILES NC(=O)c1ccc(N=c2oc3ccccc3cc2-c2nc3ccccc3[nH]2)cc1,5.22869301,Natural,True,,SMILES NC(=O)c1ccc(N=c2oc3ccccc3cc2-c2nc3ccccc3[nH]2)cc1
20627,SMILES O=[N+]([O-])c1cccc(Nc2ccccc2)c1,3.53996563,Natural,True,,SMILES O=[N+]([O-])c1cccc(Nc2ccccc2)c1
3971,SMILES O=c1cc(N2CCNCC2)oc2c(-c3ccccc3)cccc12,3.5796957,Natural,True,,SMILES O=c1cc(N2CCNCC2)oc2c(-c3ccccc3)cccc12
201293,SMILES COc1ccc(C2=NCCC2c2ccc(OC)cc2)cc1,4.35656691,Natural,True,,SMILES COc1ccc(C2=NCCC2c2ccc(OC)cc2)cc1
401305,SMILES CCSSCS(C)(=O)=O,3.58606529,Natural,True,,SMILES CCSSCS(C)(=O)=O
300691,SMILES COc1ccccc1OCCOCCOc1ccccc1Cl,3.54241204,Natural,True,,SMILES COc1ccccc1OCCOCCOc1ccccc1Cl
301157,SMILES COC1(OC)CC2C(=O)CCCC21OC(C)=O,3.66840959,Natural,True,,SMILES COC1(OC)CC2C(=O)CCCC21OC(C)=O
400610,SMILES CN(C)c1nc(-c2cccc([N+](=O)[O-])c2)nc2ccccc12,4.7885046,Natural,True,,SMILES CN(C)c1nc(-c2cccc([N+](=O)[O-])c2)nc2ccccc12
400275,SMILES CC1=NN(c2ccccc2)C(=O)C1c1nc2ccccc2[nH]c1=O,4.42395782,Natural,True,,SMILES CC1=NN(c2ccccc2)C(=O)C1c1nc2ccccc2[nH]c1=O
300254,SMILES CCC(C)(C)c1cccc2ccccc12,3.8168087,Natural,True,,SMILES CCC(C)(C)c1cccc2ccccc12
6099,SMILES CN(C)c1ccc2nc3ccc(=[N+](C)C)cc-3sc2c1,4.96842432,Natural,True,,SMILES CN(C)c1ccc2nc3ccc(=[N+](C)C)cc-3sc2c1
21069,SMILES CN1CC[NH+](C2=Nc3ccccc3Sc3ccc(Cl)cc32)CC1,4.35111094,Natural,True,,SMILES CN1CC[NH+](C2=Nc3ccccc3Sc3ccc(Cl)cc32)CC1
300417,SMILES N#CC(N)=C(C#N)N=Cc1ccccc1,3.21109772,Natural,True,,SMILES N#CC(N)=C(C#N)N=Cc1ccccc1
6952,SMILES O=[N+]([O-])c1cc(Cl)cc([N+](=O)[O-])c1O,3.46821785,Natural,True,,SMILES O=[N+]([O-])c1cc(Cl)cc([N+](=O)[O-])c1O
801,SMILES O=C([O-])Cc1c[nH]c2ccccc12,3.0490005,Natural,True,,SMILES O=C([O-])Cc1c[nH]c2ccccc12
201610,SMILES CC(CCN1CCCCC1)(C(=O)O)c1cccc2ccccc12,4.78026581,Natural,True,,SMILES CC(CCN1CCCCC1)(C(=O)O)c1cccc2ccccc12
21066,SMILES CCOC(=O)C1(c2ccccc2)CC[N+](C)([O-])CC1,3.52818179,Natural,True,,SMILES CCOC(=O)C1(c2ccccc2)CC[N+](C)([O-])CC1
5365,SMILES CC(CC(N)C(=O)O)C(=O)O,3.22358918,Natural,True,,SMILES CC(CC(N)C(=O)O)C(=O)O
680,SMILES CCC(C)=CCCCC(C)CCOP(=O)(O)O,3.90710068,Natural,True,,SMILES CCC(C)=CCCCC(C)CCOP(=O)(O)O
301266,SMILES NC(=O)c1nccnc1Cl,3.48322082,Natural,True,,SMILES NC(=O)c1nccnc1Cl
400272,SMILES O=c1[nH]c2ccccc2nc1-c1c[nH]c2ccccc12,3.50788999,Natural,True,,SMILES O=c1[nH]c2ccccc2nc1-c1c[nH]c2ccccc12
301258,SMILES CCNC(C)(C)C(=O)c1ccc(Cl)s1,2.99693322,Natural,True,,SMILES CCNC(C)(C)C(=O)c1ccc(Cl)s1
20278,SMILES O=[N+]([O-])c1ccc(O)c(-c2ccccc2)c1,3.57456422,Natural,True,,SMILES O=[N+]([O-])c1ccc(O)c(-c2ccccc2)c1
21211,SMILES COC(=O)c1c2ccccc2nc2ccccc12,3.74242783,Natural,True,,SMILES COC(=O)c1c2ccccc2nc2ccccc12
6720,SMILES O=[N+]([O-])c1c(Cl)c(Cl)c(Cl)c(Cl)c1Cl,4.42277145,Natural,True,,SMILES O=[N+]([O-])c1c(Cl)c(Cl)c(Cl)c(Cl)c1Cl
300591,SMILES CCCSCCN=C(N)C(N)=NCCSCCC,3.60580826,Natural,True,,SMILES CCCSCCN=C(N)C(N)=NCCSCCC
6291,SMILES C#CC1(O)CCC2C3CCc4cc(OC)ccc4C3CCC21C,5.59890985,Natural,True,,SMILES C#CC1(O)CCC2C3CCc4cc(OC)ccc4C3CCC21C
201413,SMILES O=C(CN1CCCC1)NN=CC(=O)c1ccc(-c2ccccc2)cc1,4.59419394,Natural,True,,SMILES O=C(CN1CCCC1)NN=CC(=O)c1ccc(-c2ccccc2)cc1
300356,SMILES Cc1ccc(S(=O)(=O)NN=Cc2ccc(Cl)s2)cc1,4.94689131,Natural,True,,SMILES Cc1ccc(S(=O)(=O)NN=Cc2ccc(Cl)s2)cc1
5453,SMILES S=P(N1CC1)(N1CC1)N1CC1,3.22934222,Natural,True,,SMILES S=P(N1CC1)(N1CC1)N1CC1
200527,,3.31371689,Natural,False,,
300376,SMILES CS(=O)(=O)c1ccc(Sc2ccc(S(C)(=O)=O)cc2)cc1,3.54800105,Natural,True,,SMILES CS(=O)(=O)c1ccc(Sc2ccc(S(C)(=O)=O)cc2)cc1
953,SMILES NC(CCOP(=O)(O)O)C(=O)O,3.39102674,Natural,True,,SMILES NC(CCOP(=O)(O)O)C(=O)O
21118,SMILES CSC(S)=NN=Cc1ccc([N+](=O)[O-])o1,3.86607432,Natural,True,,SMILES CSC(S)=NN=Cc1ccc([N+](=O)[O-])o1
300365,SMILES Cc1ccc(S(=O)(=O)NN=CC(C)(C)C(C)C)cc1,4.01900101,Natural,True,,SMILES Cc1ccc(S(=O)(=O)NN=CC(C)(C)C(C)C)cc1
3995,SMILES CC(C)(C)NCC(O)c1cc(Cl)c(N)c(C(F)(F)F)c1,3.60174441,Natural,True,,SMILES CC(C)(C)NCC(O)c1cc(Cl)c(N)c(C(F)(F)F)c1
301089,SMILES CCOC1OCN(C(C)C)CC1(C)C,3.19524384,Natural,True,,SMILES CCOC1OCN(C(C)C)CC1(C)C
201464,SMILES COC(=O)CCCCCC1NC(=O)CS1,3.4835465,Natural,True,,SMILES COC(=O)CCCCCC1NC(=O)CS1
20776,SMILES CC[N-]c1nc(N[N+]#N)nc(SC)n1,3.7211163,Natural,True,,SMILES CC[N-]c1nc(N[N+]#N)nc(SC)n1
6214,SMILES ClC(Cl)(Cl)C(Cl)(Cl)Cl,3.2236073,Natural,True,,SMILES ClC(Cl)(Cl)C(Cl)(Cl)Cl
201866,SMILES OCCC(c1ccccc1)N1CCCCC1,3.00453734,Natural,True,,SMILES OCCC(c1ccccc1)N1CCCCC1
401486,SMILES CC1(C(=O)O)CC(C)(C(=O)OCc2ccccc2)CC(C)(C(=O)OCc2ccccc2)C1,4.49995518,Natural,True,,SMILES CC1(C(=O)O)CC(C)(C(=O)OCc2ccccc2)CC(C)(C(=O)OCc2ccccc2)C1
5926,SMILES C[N+](C)(C)CC#CCOC(=O)Nc1cccc(Cl)c1,3.39889359,Natural,True,,SMILES C[N+](C)(C)CC#CCOC(=O)Nc1cccc(Cl)c1
201377,SMILES CC(NC(=O)c1ccccc1O)C(=O)O,3.00112152,Natural,True,,SMILES CC(NC(=O)c1ccccc1O)C(=O)O
201683,SMILES CCCCCCCCc1ccc(O)cc1O,4.53195047,Natural,True,,SMILES CCCCCCCCc1ccc(O)cc1O
200474,,3.92458224,Natural,False,,
200290,,4.43130159,Natural,False,,
401246,SMILES CC(=O)OCCn1nc(-c2ccc(Cl)cc2)nc1S,4.15352583,Natural,True,,SMILES CC(=O)OCCn1nc(-c2ccc(Cl)cc2)nc1S
DECOY_decoy_4386,SMILES O=C(O)c1ccccc1Nc1ccccc1,3.13933945,Natural,True,,SMILES O=C(O)c1ccccc1Nc1ccccc1
300532,SMILES OCC1OC(n2nnc3c(S)ncnc32)C(O)C1O,4.27891684,Natural,True,,SMILES OCC1OC(n2nnc3c(S)ncnc32)C(O)C1O
20119,SMILES CC(C)NCC(O)c1ccccc1,2.97854424,Natural,True,,SMILES CC(C)NCC(O)c1ccccc1
300142,SMILES Cc1cc(C(=O)c2ccccn2)c2cc(Cl)cc(Cl)c2n1,5.56089258,Natural,True,,SMILES Cc1cc(C(=O)c2ccccn2)c2cc(Cl)cc(Cl)c2n1
50063,SMILES CCCCCCOc1cccc(NC(=O)OCCN(C)C)c1,3.93453908,Natural,True,,SMILES CCCCCCOc1cccc(NC(=O)OCCN(C)C)c1
401146,SMILES CCNC(=O)c1cc(Cl)ccc1NC(=O)C12CC3CC(CC(C3)C1)C2,4.72227144,Natural,True,,SMILES CCNC(=O)c1cc(Cl)ccc1NC(=O)C12CC3CC(CC(C3)C1)C2
300571,SMILES Cc1ccc(C2NC(=O)c3ccccc3N2)s1,3.7126255,Natural,True,,SMILES Cc1ccc(C2NC(=O)c3ccccc3N2)s1
300112,SMILES O=S(=O)(c1ccc(N2CCOCC2)cc1)c1ccnc2cc(Cl)ccc12,4.66852808,Natural,True,,SMILES O=S(=O)(c1ccc(N2CCOCC2)cc1)c1ccnc2cc(Cl)ccc12
201970,SMILES C=CCOc1c(CCC)cc(CN2CCCC2)cc1CCC,4.2907238,Natural,True,,SMILES C=CCOc1c(CCC)cc(CN2CCCC2)cc1CCC
201762,SMILES Cc1ccccc1C(=O)NC(=O)N(C)C,5.09055567,Natural,True,,SMILES Cc1ccccc1C(=O)NC(=O)N(C)C
200076,,3.83062625,Natural,False,,
50029,SMILES COc1ccccc1C(S)=NC1CCCCC1,3.93894839,Natural,True,,SMILES COc1ccccc1C(S)=NC1CCCCC1
50124,SMILES C[NH+](C)CCC=C1c2cc(Cl)ccc2CSc2ccc(Cl)cc21,4.86462784,Natural,True,,SMILES C[NH+](C)CCC=C1c2cc(Cl)ccc2CSc2ccc(Cl)cc21
201648,SMILES CCCCCCCCCCSc1nc2c([nH]1)c(=O)n(C)c(=S)n2C,4.71406746,Natural,True,,SMILES CCCCCCCCCCSc1nc2c([nH]1)c(=O)n(C)c(=S)n2C
401467,SMILES CCOC(=O)Cc1ccc(Nc2cnc3cc(F)c(F)cc3n2)cc1,4.70765734,Natural,True,,SMILES CCOC(=O)Cc1ccc(Nc2cnc3cc(F)c(F)cc3n2)cc1
401261,SMILES Oc1ccccc1C=Nc1ccc(-c2nc3ccccc3o2)cc1,3.80919671,Natural,True,,SMILES Oc1ccccc1C=Nc1ccc(-c2nc3ccccc3o2)cc1
5330,SMILES COc1ccc(NS(=O)(=O)c2ccc(N)cc2)nn1,3.62385106,Natural,True,,SMILES COc1ccc(NS(=O)(=O)c2ccc(N)cc2)nn1
201776,SMILES CCN(CC)C(=O)COC(=O)c1ccccc1OC,3.08170319,Natural,True,,SMILES CCN(CC)C(=O)COC(=O)c1ccccc1OC
300151,SMILES CS(=O)(=O)N(CC(=O)O)Cc1ccccc1,3.94596887,Natural,True,,SMILES CS(=O)(=O)N(CC(=O)O)Cc1ccccc1
6489,SMILES CCC(Br)(CC)C(=O)NC(=O)NC(C)=O,3.89919734,Natural,True,,SMILES CCC(Br)(CC)C(=O)NC(=O)NC(C)=O
300189,SMILES CN(C)C1=NS(=O)(=O)N=C(N(C)c2ccccc2)O1,3.54415584,Natural,True,,SMILES CN(C)C1=NS(=O)(=O)N=C(N(C)c2ccccc2)O1
400196,SMILES CC(C)(C)OC(=O)NC(Cc1ccc(O)cn1)C(=O)NC1CCCCC1,4.50153685,Natural,True,,SMILES CC(C)(C)OC(=O)NC(Cc1ccc(O)cn1)C(=O)NC1CCCCC1
300143,SMILES CCOC(=O)c1cc(CO)nc2c(Cl)cc(Cl)cc12,5.30960417,Natural,True,,SMILES CCOC(=O)c1cc(CO)nc2c(Cl)cc(Cl)cc12
6310,SMILES O=C(Nc1ccc(C2=NCCCN2)cc1)c1ccc(C(=O)Nc2ccc(C3=NCCCN3)cc2)cc1,4.58207846,Natural,True,,SMILES O=C(Nc1ccc(C2=NCCCN2)cc1)c1ccc(C(=O)Nc2ccc(C3=NCCCN3)cc2)cc1
5759,SMILES O=C(O)c1c(Cl)ccc(Cl)c1Cl,3.13742542,Natural,True,,SMILES O=C(O)c1c(Cl)ccc(Cl)c1Cl
201371,SMILES CC(Cc1ccccc1)N(C)CC1CCCO1,3.37447929,Natural,True,,SMILES CC(Cc1ccccc1)N(C)CC1CCCO1
400026,SMILES O=c1oc2ccc(Cl)cc2cc1-c1nc2sc3c(c2c(=O)[nH]1)CCCC3,4.94083929,Natural,True,,SMILES O=c1oc2ccc(Cl)cc2cc1-c1nc2sc3c(c2c(=O)[nH]1)CCCC3
300610,SMILES CCOC(=O)C(=O)Nc1cc(C)ccc1C,3.66210461,Natural,True,,SMILES CCOC(=O)C(=O)Nc1cc(C)ccc1C
6934,SMILES Cc1ccc(N)c(S(=O)(=O)O)c1,3.84661698,Natural,True,,SMILES Cc1ccc(N)c(S(=O)(=O)O)c1
400910,SMILES c1ccc(CN2OC3CC2c2cccn2C3)cc1,3.64097691,Natural,True,,SMILES c1ccc(CN2OC3CC2c2cccn2C3)cc1
6914,SMILES Oc1c(Cl)cc(Cl)cc1Cl,3.57381725,Natural,True,,SMILES Oc1c(Cl)cc(Cl)cc1Cl
201931,SMILES Nc1nc(CCN2CCN(c3ccc(Cl)cc3)CC2)nc(N2CCOCC2)n1,4.70446777,Natural,True,,SMILES Nc1nc(CCN2CCN(c3ccc(Cl)cc3)CC2)nc(N2CCOCC2)n1
2952,SMILES O=C1CN(N=Cc2ccc(-c3ccc([N+](=O)[O-])cc3)o2)C(=O)N1,4.44572592,Natural,True,,SMILES O=C1CN(N=Cc2ccc(-c3ccc([N+](=O)[O-])cc3)o2)C(=O)N1
201728,SMILES CC(=O)c1c(C)c(C)c2c(c1C)CCC2(C)C,4.39306831,Natural,True,,SMILES CC(=O)c1c(C)c(C)c2c(c1C)CCC2(C)C
200455,,3.53035164,Natural,False,,
300710,SMILES CCOc1cc(C)cc(C(=O)O)c1,3.0835731,Natural,True,,SMILES CCOc1cc(C)cc(C(=O)O)c1
201307,SMILES OCCN1CC2CCC(C1)N2CCCN1c2ccccc2Sc2ccc(C(F)(F)F)cc21,4.28623056,Natural,True,,SMILES OCCN1CC2CCC(C1)N2CCCN1c2ccccc2Sc2ccc(C(F)(F)F)cc21
201242,SMILES O=c1c2ccccc2sc2c1cnc1ccccc12,4.4804554,Natural,True,,SMILES O=c1c2ccccc2sc2c1cnc1ccccc12
5811,SMILES O=C(O)c1cc(Cl)cc(Cl)c1,3.34428525,Natural,True,,SMILES O=C(O)c1cc(Cl)cc(Cl)c1
301130,SMILES Cc1nc(Cl)c(C(N)=O)nc1C,4.18149519,Natural,True,,SMILES Cc1nc(Cl)c(C(N)=O)nc1C
50057,SMILES CCCCCOc1cccc(NC(=O)OCCN(C)C)c1,3.41635895,Natural,True,,SMILES CCCCCOc1cccc(NC(=O)OCCN(C)C)c1
20162,SMILES CCCCCCC1C(=O)NC(=O)N(C2CCCCC2)C1=O,5.0510211,Natural,True,,SMILES CCCCCCC1C(=O)NC(=O)N(C2CCCCC2)C1=O
300699,SMILES CN1C(=O)C2CCCN2C(=O)C1(C)O,3.05225301,Natural,True,,SMILES CN1C(=O)C2CCCN2C(=O)C1(C)O
300747,SMILES CS(=O)(=O)OCC1CCC(COS(C)(=O)=O)CC1,3.58670306,Natural,True,,SMILES CS(=O)(=O)OCC1CCC(COS(C)(=O)=O)CC1
201515,SMILES CCC1(C2CCCCC2)CCC(=O)N1,3.59697533,Natural,True,,SMILES CCC1(C2CCCCC2)CCC(=O)N1
300025,SMILES COc1cc(NC(C)=O)c2ncccc2c1Br,4.1626153,Natural,True,,SMILES COc1cc(NC(C)=O)c2ncccc2c1Br
201161,SMILES Cc1ccc(-c2nc3ccccn3c2CN2CCOCC2)cc1,4.8522687,Natural,True,,SMILES Cc1ccc(-c2nc3ccccn3c2CN2CCOCC2)cc1
200225,,3.98619914,Natural,False,,
20883,SMILES CN(C)CCCn1c(=O)n(-c2ccccc2)c2cc(Cl)ccc21,5.01722193,Natural,True,,SMILES CN(C)CCCn1c(=O)n(-c2ccccc2)c2cc(Cl)ccc21
6465,SMILES CCC1(CC)C(=O)CCNC1=O,3.2837894,Natural,True,,SMILES CCC1(CC)C(=O)CCNC1=O
6899,SMILES Oc1c(Cl)cccc1Cl,3.60838962,Natural,True,,SMILES Oc1c(Cl)cccc1Cl
401995,SMILES O=C(c1cccnc1)N1N=C(c2ccccc2)CC1(O)c1cc(F)c(Cl)cc1Cl,5.25628614,Natural,True,,SMILES O=C(c1cccnc1)N1N=C(c2ccccc2)CC1(O)c1cc(F)c(Cl)cc1Cl
200510,,2.97419548,Natural,False,,
301112,SMILES OCC1OC(n2cnc3c(SCc4ccccc4)nc(Cl)cc32)C(O)C1O,4.05222607,Natural,True,,SMILES OCC1OC(n2cnc3c(SCc4ccccc4)nc(Cl)cc32)C(O)C1O
401270,SMILES CC12C(c3ccc(Cl)cc3Cl)=NOC1CCCC2O,3.82129979,Natural,True,,SMILES CC12C(c3ccc(Cl)cc3Cl)=NOC1CCCC2O
401173,SMILES Clc1nc2c(-c3cccs3)ncnc2n1C1CCCCO1,5.17008543,Natural,True,,SMILES Clc1nc2c(-c3cccs3)ncnc2n1C1CCCCO1
5406,SMILES CCN(CC)C(=O)NC1CC2c3cccc4[nH]cc(c34)CC2N(C)C1,4.14119339,Natural,True,,SMILES CCN(CC)C(=O)NC1CC2c3cccc4[nH]cc(c34)CC2N(C)C1
201350,SMILES CC(=O)NCc1cc(N)ccc1OCCCCCN1C(=O)c2ccccc2C1=O,4.60879898,Natural,True,,SMILES CC(=O)NCc1cc(N)ccc1OCCCCCN1C(=O)c2ccccc2C1=O
5546,SMILES Nc1nc(N)c2nc(-c3ccccc3)c(N)nc2n1,4.87175179,Natural,True,,SMILES Nc1nc(N)c2nc(-c3ccccc3)c(N)nc2n1
400625,SMILES COc1ccc2c(c1)N=C1CSC(c3c(Cl)cccc3[N+](=O)[O-])N1C2,4.90918016,Natural,True,,SMILES COc1ccc2c(c1)N=C1CSC(c3c(Cl)cccc3[N+](=O)[O-])N1C2
401917,SMILES OC(CCN1CCN(CCOC(c2ccccc2)c2ccccc2)CC1)c1ccccc1,3.82455659,Natural,True,,SMILES OC(CCN1CCN(CCOC(c2ccccc2)c2ccccc2)CC1)c1ccccc1
200314,,4.76622868,Natural,False,,
576,SMILES O=c1cc2oc(-c3ccc(O)cc3)c(O)c(O)c-2c(O)c1,4.15348005,Natural,True,,SMILES O=c1cc2oc(-c3ccc(O)cc3)c(O)c(O)c-2c(O)c1
300588,SMILES C=CCN=C(N)C(N)=NCC=C,3.2531929,Natural,True,,SMILES C=CCN=C(N)C(N)=NCC=C
200322,,4.04528809,Natural,False,,
20215,SMILES FC(F)(F)c1nc2c(Br)ccc(Br)c2[nH]1,4.23755026,Natural,True,,SMILES FC(F)(F)c1nc2c(Br)ccc(Br)c2[nH]1
5731,SMILES CN(C)CCc1c[nH]c2ccc(CC3COC(=O)N3)cc12,3.43973732,Natural,True,,SMILES CN(C)CCc1c[nH]c2ccc(CC3COC(=O)N3)cc12
401052,SMILES Cc1c2c(c(C)n1-c1ccccn1)C(=O)N(CCN1CCN(c3ccccc3Cl)CC1)C2=O,5.10014725,Natural,True,,SMILES Cc1c2c(c(C)n1-c1ccccn1)C(=O)N(CCN1CCN(c3ccccc3Cl)CC1)C2=O
201765,SMILES COc1cc(C(=O)N2CCN(Cc3ccc4c(c3)OCO4)CC2)cc(OC)c1O,4.15616703,Natural,True,,SMILES COc1cc(C(=O)N2CCN(Cc3ccc4c(c3)OCO4)CC2)cc(OC)c1O
300780,SMILES CC(C)C(=O)Oc1ccc(-c2ccccc2)cc1,4.3863225,Natural,True,,SMILES CC(C)C(=O)Oc1ccc(-c2ccccc2)cc1
6232,SMILES Cc1ccc(S(=O)(O)=Nc2ccccc2)cc1,3.52210736,Natural,True,,SMILES Cc1ccc(S(=O)(O)=Nc2ccccc2)cc1
401763,SMILES C=CCC1CN(C(=O)OCc2ccccc2)C(C(=O)OCC)C1=O,3.67812729,Natural,True,,SMILES C=CCC1CN(C(=O)OCc2ccccc2)C(C(=O)OCC)C1=O
201974,SMILES C=CCOc1c(CC)cc(C(N)=O)cc1CC,4.33903122,Natural,True,,SMILES C=CCOc1c(CC)cc(C(N)=O)cc1CC
20145,SMILES O=C1C2CCCC1C(N1CCN(c3ccccc3)CC1)CC2,4.27066374,Natural,True,,SMILES O=C1C2CCCC1C(N1CCN(c3ccccc3)CC1)CC2
5006,SMILES [NH-]N1CCCC2Cc3nc(N)ncc3CC21,4.41299391,Natural,True,,SMILES [NH-]N1CCCC2Cc3nc(N)ncc3CC21
401094,SMILES CC(=O)OC(CN1CCN(c2ccccn2)CC1)Cn1sc2nc(C)cc(C)c2c1=O,4.34917021,Natural,True,,SMILES CC(=O)OC(CN1CCN(c2ccccn2)CC1)Cn1sc2nc(C)cc(C)c2c1=O
400131,SMILES O=c1oc2ccccc2c2c1C1CCCOC1O2,4.14400053,Natural,True,,SMILES O=c1oc2ccccc2c2c1C1CCCOC1O2
401996,SMILES COc1ccc(C2=NN(C(=O)c3cccnc3)C(O)(c3cc(F)c(Cl)cc3Cl)C2)cc1OC,5.34637976,Natural,True,,SMILES COc1ccc(C2=NN(C(=O)c3cccnc3)C(O)(c3cc(F)c(Cl)cc3Cl)C2)cc1OC
301039,SMILES Nc1nc(Cl)c(N)c(Cl)n1,3.61008382,Natural,True,,SMILES Nc1nc(Cl)c(N)c(Cl)n1
5711,SMILES CC(N)C1CCC(C(=O)Nc2ccncc2)CC1,3.52543664,Natural,True,,SMILES CC(N)C1CCC(C(=O)Nc2ccncc2)CC1
201365,SMILES CCCCCCOc1ccc(N)cc1CS(C)(=O)=O,3.65217948,Natural,True,,SMILES CCCCCCOc1ccc(N)cc1CS(C)(=O)=O
932,SMILES O=C1CC(c2ccc(O)cc2)Oc2cc(O)cc(O)c21,3.89268112,Natural,True,,SMILES O=C1CC(c2ccc(O)cc2)Oc2cc(O)cc(O)c21
5253,SMILES CC(C)NCC(O)c1ccc(NS(C)(=O)=O)cc1,2.89640808,Natural,True,,SMILES CC(C)NCC(O)c1ccc(NS(C)(=O)=O)cc1
6473,SMILES CCCCC1(CC)C(=O)NC(=O)NC1=O,3.7641933,Natural,True,,SMILES CCCCC1(CC)C(=O)NC(=O)NC1=O
401556,SMILES COC(=O)c1ccc(C=Nc2cc(C)nn2-c2ccccc2)cc1,4.35507059,Natural,True,,SMILES COC(=O)c1ccc(C=Nc2cc(C)nn2-c2ccccc2)cc1
6620,SMILES Cc1cc(C(C)(C)c2ccc(O)c(C)c2)ccc1O,4.07776833,Natural,True,,SMILES Cc1cc(C(C)(C)c2ccc(O)c(C)c2)ccc1O
300895,SMILES Cc1cccc(NC(S)=NCCc2ccccn2)c1,3.82974362,Natural,True,,SMILES Cc1cccc(NC(S)=NCCc2ccccn2)c1
201901,SMILES O=C1CCC2(c3ccccc3)OCCN12,3.42635632,Natural,True,,SMILES O=C1CCC2(c3ccccc3)OCCN12
301203,SMILES COC1c2ccccc2CC1(C)C,3.75343895,Natural,True,,SMILES COC1c2ccccc2CC1(C)C
20236,SMILES CN(N=O)c1cccc(Cl)c1,3.44533706,Natural,True,,SMILES CN(N=O)c1cccc(Cl)c1
6269,SMILES Cc1ccc(S(N)(=O)=O)cc1,3.58740687,Natural,True,,SMILES Cc1ccc(S(N)(=O)=O)cc1
301482,SMILES CC1(O)C2C3CC4C2C4C3C1(C)Br,4.4601779,Natural,True,,SMILES CC1(O)C2C3CC4C2C4C3C1(C)Br
2940,SMILES S=C([S-])OC1CC2CC1C1CCCC21,4.55556536,Natural,True,,SMILES S=C([S-])OC1CC2CC1C1CCCC21
401358,SMILES O=C(c1cccs1)N(C(=O)N1CCN(c2ccccc2)CC1)c1ccccc1,5.01467276,Natural,True,,SMILES O=C(c1cccs1)N(C(=O)N1CCN(c2ccccc2)CC1)c1ccccc1
20692,SMILES N#CCN1CN(CC#N)CN(CC#N)C1,3.52070808,Natural,True,,SMILES N#CCN1CN(CC#N)CN(CC#N)C1
400845,SMILES O=C(CCC=C(S(=O)(=O)c1ccccc1)S(=O)(=O)c1ccccc1)c1ccccc1,4.64650679,Natural,True,,SMILES O=C(CCC=C(S(=O)(=O)c1ccccc1)S(=O)(=O)c1ccccc1)c1ccccc1
300827,SMILES O=c1c2ccccc2nc(S)n1C1CCCC1,4.82611084,Natural,True,,SMILES O=c1c2ccccc2nc(S)n1C1CCCC1
21110,SMILES CCN(CC)CCOc1ccccc1C(=O)OC,3.16584516,Natural,True,,SMILES CCN(CC)CCOc1ccccc1C(=O)OC
127,,4.32384062,Natural,False,,
20612,SMILES Nc1nc(N)nc(-c2ccc(Cl)cc2)n1,4.02100229,Natural,True,,SMILES Nc1nc(N)nc(-c2ccc(Cl)cc2)n1
20670,SMILES O=C(OCC[NH+]1CCOCC1)C(O)(c1ccccc1)c1ccccc1,3.41927552,Natural,True,,SMILES O=C(OCC[NH+]1CCOCC1)C(O)(c1ccccc1)c1ccccc1
20846,SMILES Cc1ccccc1C(OCC[NH+](C)C)c1ccccc1,3.55246425,Natural,True,,SMILES Cc1ccccc1C(OCC[NH+](C)C)c1ccccc1
300300,SMILES O=C(O)C12c3ccccc3C3C(c4ccccc41)C32,4.09750032,Natural,True,,SMILES O=C(O)C12c3ccccc3C3C(c4ccccc41)C32
21099,SMILES CC12CCC3c4ccc(OS(=O)(=O)O)cc4CCC3C1CCC2O,5.31871653,Natural,True,,SMILES CC12CCC3c4ccc(OS(=O)(=O)O)cc4CCC3C1CCC2O
300545,SMILES CCOC(=O)N1C=Cn2c(cnc2C)C1OC,3.02265573,Natural,True,,SMILES CCOC(=O)N1C=Cn2c(cnc2C)C1OC
401585,SMILES CNc1ccc(-c2nc3cc(C)ccc3o2)cc1,3.83400917,Natural,True,,SMILES CNc1ccc(-c2nc3cc(C)ccc3o2)cc1
201407,SMILES COP(=O)(OC)OP(=S)(OC)OC,3.82238936,Natural,True,,SMILES COP(=O)(OC)OP(=S)(OC)OC
469,SMILES NC(CCCC(=O)O)C(=O)O,3.53200841,Natural,True,,SMILES NC(CCCC(=O)O)C(=O)O
401403,SMILES Clc1ccc(OCC2NC3C=CC32)cn1,3.42149282,Natural,True,,SMILES Clc1ccc(OCC2NC3C=CC32)cn1
2955,SMILES Nc1ccc(S(=O)(=O)c2ccc(N)cc2)cc1,3.48480678,Natural,True,,SMILES Nc1ccc(S(=O)(=O)c2ccc(N)cc2)cc1
401783,SMILES CC(=O)C1(C)C(C)OC(C)(CO)C1O[Si](C)(C)c1ccccc1,4.69056702,Natural,True,,SMILES CC(=O)C1(C)C(C)OC(C)(CO)C1O[Si](C)(C)c1ccccc1
400057,SMILES COc1[nH]ncc2nc(-c3ccccc3)cc1-2,3.50790977,Natural,True,,SMILES COc1[nH]ncc2nc(-c3ccccc3)cc1-2
201381,SMILES CC1CCN(C(CC(=O)O)C(=O)O)C1,3.04917717,Natural,True,,SMILES CC1CCN(C(CC(=O)O)C(=O)O)C1
6433,SMILES CCC(C)(S(=O)(=O)CC)S(=O)(=O)CC,3.73294759,Natural,True,,SMILES CCC(C)(S(=O)(=O)CC)S(=O)(=O)CC
201767,SMILES Cc1ccccc1OCC(O)CN1CC=CCC1,3.28969312,Natural,True,,SMILES Cc1ccccc1OCC(O)CN1CC=CCC1
20311,SMILES COc1ccc(C(OC)(OC)OC)cc1,3.14182758,Natural,True,,SMILES COc1ccc(C(OC)(OC)OC)cc1
401417,SMILES CC(=O)Nc1ccc(N2C(=O)CS(=O)(=O)C2c2cccc(Oc3ccccc3)c2)cc1,4.86996412,Natural,True,,SMILES CC(=O)Nc1ccc(N2C(=O)CS(=O)(=O)C2c2cccc(Oc3ccccc3)c2)cc1
301327,SMILES Nc1nc2n(n1)C(=O)C(=O)N2,3.47854614,Natural,True,,SMILES Nc1nc2n(n1)C(=O)C(=O)N2
401413,SMILES O=C1CS(=O)(=O)C(c2cccc(Oc3ccccc3)c2)N1c1ccc(Cl)cc1,4.83439398,Natural,True,,SMILES O=C1CS(=O)(=O)C(c2cccc(Oc3ccccc3)c2)N1c1ccc(Cl)cc1
401167,SMILES COc1ccc(OC)c(C2CCc3nc4nc(N)nc(N)c4cc3C2)c1,5.46502256,Natural,True,,SMILES COc1ccc(OC)c(C2CCc3nc4nc(N)nc(N)c4cc3C2)c1
300863,SMILES S=P(Cl)(Cl)c1ccc(Cl)cc1,3.73912406,Natural,True,,SMILES S=P(Cl)(Cl)c1ccc(Cl)cc1
5383,SMILES CNC(=O)N(C)c1nnc(C(C)(C)C)s1,4.13099146,Natural,True,,SMILES CNC(=O)N(C)c1nnc(C(C)(C)C)s1
76,SMILES CC12CCC3C(CC=C4CC(O)CCC43C)C1CCC2=O,5.36530638,Natural,True,,SMILES CC12CCC3C(CC=C4CC(O)CCC43C)C1CCC2=O
300525,SMILES O=c1cc(COBr)oc(Br)c1OBr,2.88409114,Natural,True,,SMILES O=c1cc(COBr)oc(Br)c1OBr
20807,SMILES Clc1nc(Cl)nc(Oc2ccccc2)n1,4.92728662,Natural,True,,SMILES Clc1nc(Cl)nc(Oc2ccccc2)n1
300407,SMILES COC(=O)c1[nH]nc(-c2ccccc2-c2ccccc2C(=O)O)c1C(=O)OC,5.16884089,Natural,True,,SMILES COC(=O)c1[nH]nc(-c2ccccc2-c2ccccc2C(=O)O)c1C(=O)OC
5014,SMILES Cc1cccc(C)c1NC(=O)C[N+](C)(C)C,3.33080506,Natural,True,,SMILES Cc1cccc(C)c1NC(=O)C[N+](C)(C)C
300555,SMILES CCOC(=O)c1cnn2c(SC)ncnc12,3.26903033,Natural,True,,SMILES CCOC(=O)c1cnn2c(SC)ncnc12
21021,SMILES CC1(c2ccccc2)OCC(C2CCCCN2)O1,3.80467105,Natural,True,,SMILES CC1(c2ccccc2)OCC(C2CCCCN2)O1
201415,SMILES O=C(CN1CCCCC1)NN=CC(=O)c1ccc(-c2ccccc2)cc1,4.58030367,Natural,True,,SMILES O=C(CN1CCCCC1)NN=CC(=O)c1ccc(-c2ccccc2)cc1
6869,SMILES CC1(C)SC2C(NC(=O)COc3ccccc3)C(=O)N2C1C(=O)O,3.69858241,Natural,True,,SMILES CC1(C)SC2C(NC(=O)COc3ccccc3)C(=O)N2C1C(=O)O
300729,SMILES Nc1c(-c2ccccc2)ccc2ccccc12,3.30526543,Natural,True,,SMILES Nc1c(-c2ccccc2)ccc2ccccc12
5830,SMILES CN(C)CSC(=S)N(C)C,3.20281959,Natural,True,,SMILES CN(C)CSC(=S)N(C)C
201933,SMILES O=C1NCN(c2ccccc2)C12CCN(CCCSc1ccccc1)CC2,4.02990961,Natural,True,,SMILES O=C1NCN(c2ccccc2)C12CCN(CCCSc1ccccc1)CC2
201774,SMILES N#CSc1ccc(Cl)cc1[N+](=O)[O-],3.50837016,Natural,True,,SMILES N#CSc1ccc(Cl)cc1[N+](=O)[O-]
5844,SMILES O=C1N=C(S)NC(=O)C12CCCCC2,4.44166422,Natural,True,,SMILES O=C1N=C(S)NC(=O)C12CCCCC2
6671,SMILES Clc1cccc(Cl)c1C(Cl)Cl,3.57695222,Natural,True,,SMILES Clc1cccc(Cl)c1C(Cl)Cl
400281,SMILES COc1ccc(N=Cc2cc3cc([N+](=O)[O-])ccc3s2)cc1,5.24234772,Natural,True,,SMILES COc1ccc(N=Cc2cc3cc([N+](=O)[O-])ccc3s2)cc1
20876,SMILES CCN(CC)C(=O)c1ccc(N=C(N)N=C(N)N)cc1,3.967556,Natural,True,,SMILES CCN(CC)C(=O)c1ccc(N=C(N)N=C(N)N)cc1
21214,SMILES CC(C)Nc1nc(S)nc(NC(C)C)n1,3.99185753,Natural,True,,SMILES CC(C)Nc1nc(S)nc(NC(C)C)n1
201915,SMILES Cc1ccccc1OCCCN1CCC2(CC1)C(=O)NCN2c1ccccc1,4.04211235,Natural,True,,SMILES Cc1ccccc1OCCCN1CCC2(CC1)C(=O)NCN2c1ccccc1
300061,SMILES CN=C(S)N(N)c1ccccc1,3.55198789,Natural,True,,SMILES CN=C(S)N(N)c1ccccc1
21128,SMILES COc1cc(NC(=O)OCc2ccncc2)cc(OC)c1OC,3.42305255,Natural,True,,SMILES COc1cc(NC(=O)OCc2ccncc2)cc(OC)c1OC
301439,SMILES CC(C)Nc1ccc(O)cc1,2.88773346,Natural,True,,SMILES CC(C)Nc1ccc(O)cc1
201806,SMILES C[N+]1(CCC(O)(c2ccccc2)C2CCCCC2)CCCCC1,4.88059044,Natural,True,,SMILES C[N+]1(CCC(O)(c2ccccc2)C2CCCCC2)CCCCC1
20978,SMILES CCCCNC(=O)c1ccc(N=C(N)[NH2+]C(=N)N)cc1,3.80390382,Natural,True,,SMILES CCCCNC(=O)c1ccc(N=C(N)[NH2+]C(=N)N)cc1
50097,SMILES Cc1c2c(c(C)c3c1ccc1ccccc13)C(O)C(O)C=C2,3.90252423,Natural,True,,SMILES Cc1c2c(c(C)c3c1ccc1ccccc13)C(O)C(O)C=C2
201239,SMILES CC1(c2ccccc2)CC(=O)N(c2ccccc2)C1=O,5.13508368,Natural,True,,SMILES CC1(c2ccccc2)CC(=O)N(c2ccccc2)C1=O
20957,SMILES O=C(NN=C(c1ccccc1)c1ccccc1)c1ccncc1,4.37435198,Natural,True,,SMILES O=C(NN=C(c1ccccc1)c1ccccc1)c1ccncc1
300299,SMILES Cc1ccc(S(=O)(=O)OC2C(C)C3CS(=O)(=O)C32)cc1,3.55066228,Natural,True,,SMILES Cc1ccc(S(=O)(=O)OC2C(C)C3CS(=O)(=O)C32)cc1
20586,SMILES CCC[N+](CCC)(CCC)CCC,2.79182172,Natural,True,,SMILES CCC[N+](CCC)(CCC)CCC
5244,SMILES CC12CCC3C(CC=C4CC(OS(=O)(=O)O)CCC43C)C1CCC2=O,5.69077826,Natural,True,,SMILES CC12CCC3C(CC=C4CC(OS(=O)(=O)O)CCC43C)C1CCC2=O
401508,SMILES O=C(NN=CC=Cc1ccccc1)Nc1ccc(Br)cc1,4.14762068,Natural,True,,SMILES O=C(NN=CC=Cc1ccccc1)Nc1ccc(Br)cc1
DECOY_decoy_4888,SMILES CC(C(=O)O)c1ccc2c(c1)Cc1cccnc1O2,3.50207448,Natural,True,,SMILES CC(C(=O)O)c1ccc2c(c1)Cc1cccnc1O2
400025,SMILES O=c1oc2ccccc2cc1-c1nc2sc3c(c2c(=O)[nH]1)CCCC3,5.27900457,Natural,True,,SMILES O=c1oc2ccccc2cc1-c1nc2sc3c(c2c(=O)[nH]1)CCCC3
50039,SMILES CCOc1cccc(NC(=O)OCCN(C)C)c1,3.52109551,Natural,True,,SMILES CCOc1cccc(NC(=O)OCCN(C)C)c1
2869,SMILES O=C(NC=Cc1c[nH]c2ccc(Br)cc12)C(=O)c1c[nH]c2c(O)cccc12,4.7799468,Natural,True,,SMILES O=C(NC=Cc1c[nH]c2ccc(Br)cc12)C(=O)c1c[nH]c2c(O)cccc12
301186,SMILES CC(C)C(O)(c1ccccc1)C(O)(c1ccccc1)C(C)C,4.69095945,Natural,True,,SMILES CC(C)C(O)(c1ccccc1)C(O)(c1ccccc1)C(C)C
300390,SMILES O=c1c2cccc3cccc(c4n1NC=c1ccccc1=4)c32,5.11513662,Natural,True,,SMILES O=c1c2cccc3cccc(c4n1NC=c1ccccc1=4)c32
301457,SMILES CC(=O)Oc1cc2cnc3c4cc(OC(C)=O)c(OC(C)=O)cc4ccc3c2cc1OC(C)=O,5.24452829,Natural,True,,SMILES CC(=O)Oc1cc2cnc3c4cc(OC(C)=O)c(OC(C)=O)cc4ccc3c2cc1OC(C)=O
301010,SMILES O=C(OC1(c2ccccc2)C2C=CC1CC2)c1ccc([N+](=O)[O-])cc1,4.8546443,Natural,True,,SMILES O=C(OC1(c2ccccc2)C2C=CC1CC2)c1ccc([N+](=O)[O-])cc1
20948,SMILES CN(C)CCCN1Cc2ccccc2Nc2ccccc21,3.44535637,Natural,True,,SMILES CN(C)CCCN1Cc2ccccc2Nc2ccccc21
200419,,4.82256174,Natural,False,,
300314,SMILES OCCOCC12c3ccccc3C3C(c4ccccc41)C32,4.11378384,Natural,True,,SMILES OCCOCC12c3ccccc3C3C(c4ccccc41)C32
6453,SMILES CCN(CC)CCC1(c2ccccc2)C(=O)Oc2ccccc21,4.53182793,Natural,True,,SMILES CCN(CC)CCC1(c2ccccc2)C(=O)Oc2ccccc21
786,SMILES CC(=CCOP(=O)(O)OP(=O)(O)O)CO,3.81276774,Natural,True,,SMILES CC(=CCOP(=O)(O)OP(=O)(O)O)CO
401878,SMILES CN1CC2CC1CN2CCOC(c1ccc(F)cc1)c1ccc(F)cc1,3.87670898,Natural,True,,SMILES CN1CC2CC1CN2CCOC(c1ccc(F)cc1)c1ccc(F)cc1
401981,SMILES O=c1nc2[nH]nc(COc3ccc(Cl)cc3)n2nc1Cc1ccccc1,5.68873549,Natural,True,,SMILES O=c1nc2[nH]nc(COc3ccc(Cl)cc3)n2nc1Cc1ccccc1
401761,SMILES CC(C)(C)OC(=O)NC1=NC2(CCCC2)C(O)N1C(=O)OC(C)(C)C,5.06069613,Natural,True,,SMILES CC(C)(C)OC(=O)NC1=NC2(CCCC2)C(O)N1C(=O)OC(C)(C)C
5541,SMILES CC(=O)OCC(COC(C)=O)OC(C)=O,2.83445454,Natural,True,,SMILES CC(=O)OCC(COC(C)=O)OC(C)=O
6429,SMILES FC(F)(Cl)C(F)(F)Cl,3.1411972,Natural,True,,SMILES FC(F)(Cl)C(F)(F)Cl
655,SMILES CCOP(O)(=S)OCC,3.59802413,Natural,True,,SMILES CCOP(O)(=S)OCC
823,SMILES C[N+](C)(C)CCOP(=O)(O)OCC(O)CO,3.21008515,Natural,True,,SMILES C[N+](C)(C)CCOP(=O)(O)OCC(O)CO
401583,SMILES CNc1ccc(-c2nc3cc(Cl)ccc3o2)cc1,4.04862642,Natural,True,,SMILES CNc1ccc(-c2nc3cc(Cl)ccc3o2)cc1
400941,SMILES CCCc1nc2ccccc2nc1Nc1ccc2c(c1)nnn2CC(=O)O,5.60781908,Natural,True,,SMILES CCCc1nc2ccccc2nc1Nc1ccc2c(c1)nnn2CC(=O)O
201643,SMILES CCN(CC)C(=O)C(CC(=O)O)NC(=O)c1ccccc1,3.79795909,Natural,True,,SMILES CCN(CC)C(=O)C(CC(=O)O)NC(=O)c1ccccc1
5536,SMILES CCOc1cc(OCC)c(C(=O)CCC(=O)O)cc1OCC,4.55262804,Natural,True,,SMILES CCOc1cc(OCC)c(C(=O)CCC(=O)O)cc1OCC
300216,SMILES O=C(NSN1CCOCC1)c1ccccc1,3.61524129,Natural,True,,SMILES O=C(NSN1CCOCC1)c1ccccc1
21226,SMILES c1cnc2c(c1)ccc1cccnc12,3.50290966,Natural,True,,SMILES c1cnc2c(c1)ccc1cccnc12
400134,SMILES COC12SC3CCCCC31C(C)(C)C(=O)N2c1ccccc1,4.73138285,Natural,True,,SMILES COC12SC3CCCCC31C(C)(C)C(=O)N2c1ccccc1
300109,SMILES O=C(O)CNC(=O)COc1ccccc1,3.846385,Natural,True,,SMILES O=C(O)CNC(=O)COc1ccccc1
201651,SMILES CN(C)C1(C)C2CCC(C2)C1(C)C,4.18186617,Natural,True,,SMILES CN(C)C1(C)C2CCC(C2)C1(C)C
301206,SMILES COc1cc([N+](=O)[O-])c(OC)c2c(C)cc(C(F)(F)F)nc12,4.5951252,Natural,True,,SMILES COc1cc([N+](=O)[O-])c(OC)c2c(C)cc(C(F)(F)F)nc12
128,,3.29014778,Natural,False,,
581,SMILES CC(=O)NC(CS)C(=O)O,2.51343894,Natural,True,,SMILES CC(=O)NC(CS)C(=O)O
301194,SMILES OC(c1ccc(Br)cc1)C(O)c1ccc(Br)cc1,3.17114949,Natural,True,,SMILES OC(c1ccc(Br)cc1)C(O)c1ccc(Br)cc1
21073,SMILES CN(Cc1ccc(Cl)cc1Cl)S(N)(=O)=O,4.60148239,Natural,True,,SMILES CN(Cc1ccc(Cl)cc1Cl)S(N)(=O)=O
85,SMILES C[N+](C)(C)CC(O)CC(=O)O,2.74545741,Natural,True,,SMILES C[N+](C)(C)CC(O)CC(=O)O
400178,SMILES CCC1(CC)N=c2c(cc(C(=O)C(F)(F)F)c3ccccc23)=C(C(F)(F)F)N1,4.72700167,Natural,True,,SMILES CCC1(CC)N=c2c(cc(C(=O)C(F)(F)F)c3ccccc23)=C(C(F)(F)F)N1
301236,SMILES CCC(N)=NOC(=O)c1ccccc1,3.9485271,Natural,True,,SMILES CCC(N)=NOC(=O)c1ccccc1
21140,SMILES NNC(=O)C(=O)c1c[nH]c2ccccc12,3.32907176,Natural,True,,SMILES NNC(=O)C(=O)c1c[nH]c2ccccc12
201730,SMILES CCN(CC)CCCC(C(N)=O)(c1cccc2ccccc12)C(C)C,4.47513819,Natural,True,,SMILES CCN(CC)CCCC(C(N)=O)(c1cccc2ccccc12)C(C)C
400068,SMILES CC(=O)N1C(=O)N(C(C)=O)C2C1C1(C)c3ccccc3C2(C)c2ccccc21,5.56153154,Natural,True,,SMILES CC(=O)N1C(=O)N(C(C)=O)C2C1C1(C)c3ccccc3C2(C)c2ccccc21
6161,SMILES O=C(CCCN1CCC2(CCCC2)CC1)c1ccc(F)cc1,3.95382881,Natural,True,,SMILES O=C(CCCN1CCC2(CCCC2)CC1)c1ccc(F)cc1
654,SMILES CCOP(=O)(O)OCC,4.502069,Natural,True,,SMILES CCOP(=O)(O)OCC
400052,SMILES CC1CCC2(OC1)OC1CC3C4CC(O)C5CC(O)C(=O)CC5(C)C4CC(=O)C3(C)C1C2C,5.74157763,Natural,True,,SMILES CC1CCC2(OC1)OC1CC3C4CC(O)C5CC(O)C(=O)CC5(C)C4CC(=O)C3(C)C1C2C
839,SMILES NC(CC(O)C(=O)O)C(=O)O,3.22208905,Natural,True,,SMILES NC(CC(O)C(=O)O)C(=O)O
201516,SMILES CCCC1(C2CCCCC2)CCC(=O)N1,3.70310974,Natural,True,,SMILES CCCC1(C2CCCCC2)CCC(=O)N1
20463,SMILES C=CCNc1nc(Cl)nc(OCC=C)n1,3.72326016,Natural,True,,SMILES C=CCNc1nc(Cl)nc(OCC=C)n1
401769,SMILES CC(=O)OC1C(C)(COS(=O)(=O)c2ccc(C)cc2)OC(C)C1(C)OC(C)=O,3.68028641,Natural,True,,SMILES CC(=O)OC1C(C)(COS(=O)(=O)c2ccc(C)cc2)OC(C)C1(C)OC(C)=O
201259,SMILES S=C(S)N1CCN(c2ccccc2)CC1,3.03561664,Natural,True,,SMILES S=C(S)N1CCN(c2ccccc2)CC1
300607,SMILES O=C(NC1=NCCS1)C(=O)NC1=NCCS1,3.37201238,Natural,True,,SMILES O=C(NC1=NCCS1)C(=O)NC1=NCCS1
300176,SMILES COc1cc2c(cc1OC)C(=O)C(c1ccc3c(c1)OCO3)CC2,4.49984407,Natural,True,,SMILES COc1cc2c(cc1OC)C(=O)C(c1ccc3c(c1)OCO3)CC2
300856,SMILES NC(C(=O)O)C1ON=C(Cl)C1O,3.83336377,Natural,True,,SMILES NC(C(=O)O)C1ON=C(Cl)C1O
637,SMILES Nc1ccn(C2CC(O)C(CO)O2)c(=O)n1,3.44055295,Natural,True,,SMILES Nc1ccn(C2CC(O)C(CO)O2)c(=O)n1
201916,SMILES Cc1cc(C)c[n+](C=Cc2ccccc2)c1,3.68450904,Natural,True,,SMILES Cc1cc(C)c[n+](C=Cc2ccccc2)c1
300415,SMILES Cc1ccc(-c2nc(C#N)c(C#N)nc2-c2ccc(C)cc2)cc1,5.67245865,Natural,True,,SMILES Cc1ccc(-c2nc(C#N)c(C#N)nc2-c2ccc(C)cc2)cc1
200407,,3.72276235,Natural,False,,
300835,SMILES N#CC(=Cc1ccco1)c1ccc([N+](=O)[O-])cc1,4.06610489,Natural,True,,SMILES N#CC(=Cc1ccco1)c1ccc([N+](=O)[O-])cc1
20049,,2.92802691,Natural,False,,
6941,SMILES O=C(O)c1ccccc1I,2.81882644,Natural,True,,SMILES O=C(O)c1ccccc1I
2818,SMILES CN1CCN(C2=c3ccccc3=Nc3ccc(Cl)cc3N2)CC1,4.28457117,Natural,True,,SMILES CN1CCN(C2=c3ccccc3=Nc3ccc(Cl)cc3N2)CC1
20793,SMILES NC(=O)CCCN1CCCCC1,2.8409822,Natural,True,,SMILES NC(=O)CCCN1CCCCC1
200183,,2.9578011,Natural,False,,
401330,SMILES O=S1(=O)N=C(S)N(c2ccccc2)c2ccncc21,3.71293831,Natural,True,,SMILES O=S1(=O)N=C(S)N(c2ccccc2)c2ccncc21
400168,SMILES Cc1cc(-c2nc3cc(F)c(F)cc3s2)ccc1N,4.37428188,Natural,True,,SMILES Cc1cc(-c2nc3cc(F)c(F)cc3s2)ccc1N
301177,SMILES COC(=O)C1C(C(C)=O)C2C(=O)C3C(C(=O)OC)C(C(=O)OC)C3C(=O)C12,3.6700604,Natural,True,,SMILES COC(=O)C1C(C(C)=O)C2C(=O)C3C(C(=O)OC)C(C(=O)OC)C3C(=O)C12
2106,SMILES CC(C)=CCCC(C)=CCCC(C)=CC(O)P(=O)(O)O,4.9091506,Natural,True,,SMILES CC(C)=CCCC(C)=CCCC(C)=CC(O)P(=O)(O)O
50131,SMILES CCCCCCCCSC[n+]1ccccc1,3.86709714,Natural,True,,SMILES CCCCCCCCSC[n+]1ccccc1
401784,SMILES CC1OC2(C)COC(C)(O)C1(C)C2O[Si](C)(C)c1ccccc1,4.87876463,Natural,True,,SMILES CC1OC2(C)COC(C)(O)C1(C)C2O[Si](C)(C)c1ccccc1
401521,SMILES CC(=NNC(=O)Nc1ccc(S(N)(=O)=O)cc1)c1ccc2c(c1)OCO2,4.32827806,Natural,True,,SMILES CC(=NNC(=O)Nc1ccc(S(N)(=O)=O)cc1)c1ccc2c(c1)OCO2
2045,SMILES N#CC(=Cc1ccc(O)cc1)C(N)=C(C#N)C#N,3.86069369,Natural,True,,SMILES N#CC(=Cc1ccc(O)cc1)C(N)=C(C#N)C#N
300027,SMILES C=CCC1(C(=O)OCC)CCCCC1=O,4.20591831,Natural,True,,SMILES C=CCC1(C(=O)OCC)CCCCC1=O
201867,SMILES OCCC(c1ccco1)N1CCCCC1,2.85988235,Natural,True,,SMILES OCCC(c1ccco1)N1CCCCC1
201552,SMILES C=CCP(C)(=O)OC(C)C,3.56382346,Natural,True,,SMILES C=CCP(C)(=O)OC(C)C
200549,,4.82603312,Natural,False,,
20421,SMILES Cc1ccc(C(C)C)c(Cl)c1,3.46242261,Natural,True,,SMILES Cc1ccc(C(C)C)c(Cl)c1
6260,SMILES O=C(OCC1CCCO1)c1cccnc1,3.72859168,Natural,True,,SMILES O=C(OCC1CCCO1)c1cccnc1
5882,SMILES CC12CCC3c4ccccc4CCC3C1CCC2=O,5.01370001,Natural,True,,SMILES CC12CCC3c4ccccc4CCC3C1CCC2=O
20794,SMILES O=C(O)CCCN1CCCCC1,3.44806123,Natural,True,,SMILES O=C(O)CCCN1CCCCC1
400186,SMILES CC(C)(C)OC(=O)NC(Cc1ccc(OCc2ccccc2)cn1)C(=O)NC1CC1,4.49944639,Natural,True,,SMILES CC(C)(C)OC(=O)NC(Cc1ccc(OCc2ccccc2)cn1)C(=O)NC1CC1
201789,SMILES O=C1NCCC1c1ccccc1,3.00609469,Natural,True,,SMILES O=C1NCCC1c1ccccc1
50169,SMILES COc1cc(O)cc(Br)c1CNC(C)Cc1ccccc1,4.42166376,Natural,True,,SMILES COc1cc(O)cc(Br)c1CNC(C)Cc1ccccc1
300762,SMILES c1ccc(CCSCCCSCCc2ccccn2)nc1,4.21821356,Natural,True,,SMILES c1ccc(CCSCCCSCCc2ccccn2)nc1
300290,SMILES CCOC(=O)CC1CCCC1=NO,4.14446211,Natural,True,,SMILES CCOC(=O)CC1CCCC1=NO
20410,SMILES CC1OCC(C[N+](C)(C)C)O1,2.70300174,Natural,True,,SMILES CC1OCC(C[N+](C)(C)C)O1
300262,SMILES COC(=O)N1C=NC2C3(C)C(C)=C(C)C3(C)C21C,4.88345766,Natural,True,,SMILES COC(=O)N1C=NC2C3(C)C(C)=C(C)C3(C)C21C
528,SMILES CC(=O)OCCC(N)C(=O)O,4.55287218,Natural,True,,SMILES CC(=O)OCCC(N)C(=O)O
300570,SMILES O=C1NC(c2ccccc2Cl)Nc2ccccc21,3.79422116,Natural,True,,SMILES O=C1NC(c2ccccc2Cl)Nc2ccccc21
20976,SMILES CCCCCC[NH2+]C(N)=NC(=N)N,3.8097465,Natural,True,,SMILES CCCCCC[NH2+]C(N)=NC(=N)N
200554,,3.85846448,Natural,False,,
20182,SMILES CC(C)(CO)N1CC2(c3ccccc3)CN(C(C)(C)CO)CC(c3ccccc3)(C1)C2=O,6.3024025,Natural,True,,SMILES CC(C)(CO)N1CC2(c3ccccc3)CN(C(C)(C)CO)CC(c3ccccc3)(C1)C2=O
400658,SMILES Cc1cc2c(cc1Cl)Sc1nnc(Nc3ccc(Cl)cc3)n1S2(=O)=O,5.15438032,Natural,True,,SMILES Cc1cc2c(cc1Cl)Sc1nnc(Nc3ccc(Cl)cc3)n1S2(=O)=O
595,SMILES NC(CSSCC(N)C(=O)O)C(=O)O,3.26449275,Natural,True,,SMILES NC(CSSCC(N)C(=O)O)C(=O)O
2022,SMILES Nc1nc(=O)c2ncn(COCCO)c2[nH]1,3.67709661,Natural,True,,SMILES Nc1nc(=O)c2ncn(COCCO)c2[nH]1
300680,SMILES CC(NC(=O)Oc1ccccc1)Oc1ccccc1,3.90988255,Natural,True,,SMILES CC(NC(=O)Oc1ccccc1)Oc1ccccc1
201926,SMILES CC(C)OC(=O)c1cncn1C(C)c1ccccc1,3.7795074,Natural,True,,SMILES CC(C)OC(=O)c1cncn1C(C)c1ccccc1
5590,SMILES CC(C)(C)CC(C)(C)c1ccc(OCCO)cc1,4.19365311,Natural,True,,SMILES CC(C)(C)CC(C)(C)c1ccc(OCCO)cc1
201979,SMILES COP(=O)(OC)SCc1cc(C)ccc1SC,3.98005772,Natural,True,,SMILES COP(=O)(OC)SCc1cc(C)ccc1SC
401741,SMILES C=CCC(CNC(=O)OCc1ccccc1)OC(=O)OCc1ccccc1,3.89576173,Natural,True,,SMILES C=CCC(CNC(=O)OCc1ccccc1)OC(=O)OCc1ccccc1
5718,SMILES Nc1ccn(C2CCC(CO)O2)c(=O)n1,3.24335027,Natural,True,,SMILES Nc1ccn(C2CCC(CO)O2)c(=O)n1
401740,SMILES C=CCC(CNC(=O)OCc1ccccc1)O[Si](C)(C)C(C)(C)C,3.96910214,Natural,True,,SMILES C=CCC(CNC(=O)OCc1ccccc1)O[Si](C)(C)C(C)(C)C
2775,SMILES COc1cc(OC)c2ccc(=O)oc2c1,3.35135913,Natural,True,,SMILES COc1cc(OC)c2ccc(=O)oc2c1
201618,SMILES c1ccc(CCNCc2cccnc2)cc1,2.99102855,Natural,True,,SMILES c1ccc(CCNCc2cccnc2)cc1
20591,SMILES CC(=O)c1cccc(O)c1N,3.72163892,Natural,True,,SMILES CC(=O)c1cccc(O)c1N
6950,SMILES CCC(C)c1cc([N+](=O)[O-])cc([N+](=O)[O-])c1O,3.73277116,Natural,True,,SMILES CCC(C)c1cc([N+](=O)[O-])cc([N+](=O)[O-])c1O
401624,SMILES COC(=O)c1ccccc1C1=C([N+](=O)[O-])C(c2ccccc2)C(C#N)=C(N)O1,5.32056952,Natural,True,,SMILES COC(=O)c1ccccc1C1=C([N+](=O)[O-])C(c2ccccc2)C(C#N)=C(N)O1
201604,SMILES Cc1ccc(S(=O)(=O)Nc2cccc(C)c2)cc1,3.83988261,Natural,True,,SMILES Cc1ccc(S(=O)(=O)Nc2cccc(C)c2)cc1
21134,SMILES Nc1cc(N)cc([N+](=O)[O-])c1,2.85149121,Natural,True,,SMILES Nc1cc(N)cc([N+](=O)[O-])c1
50171,SMILES COc1cc(O)ccc1CNC(C)(C)Cc1ccccc1,3.62213063,Natural,True,,SMILES COc1cc(O)ccc1CNC(C)(C)Cc1ccccc1
400689,SMILES CC1=NN(c2nc(N)nc(Cn3cnc4ccccc43)n2)C(C)(C)C1,4.73728752,Natural,True,,SMILES CC1=NN(c2nc(N)nc(Cn3cnc4ccccc43)n2)C(C)(C)C1
6485,SMILES Cc1cc(C)c(O)c(C2(C)CCCCC2)c1,4.43149519,Natural,True,,SMILES Cc1cc(C)c(O)c(C2(C)CCCCC2)c1
401319,SMILES c1cc(-c2ccc(-c3ccc(C4=NCCCN4)cc3)o2)ccc1C1=NCCCN1,3.89325976,Natural,True,,SMILES c1cc(-c2ccc(-c3ccc(C4=NCCCN4)cc3)o2)ccc1C1=NCCCN1
201690,SMILES CC(c1ccccn1)N1CCN(C(C)c2ccccn2)CC1,3.41270256,Natural,True,,SMILES CC(c1ccccn1)N1CCN(C(C)c2ccccn2)CC1
400468,SMILES Cc1ccc(-c2c(C#N)c(N)nc(S)c2C#N)cc1,5.5595746,Natural,True,,SMILES Cc1ccc(-c2c(C#N)c(N)nc(S)c2C#N)cc1
300169,SMILES CCOc1nc(S(=O)(=O)CC)ncc1C,3.5848,Natural,True,,SMILES CCOc1nc(S(=O)(=O)CC)ncc1C
6159,SMILES CC1CCC2(CCN(CCCC(=O)c3ccc(F)cc3)CC2)C1,4.2700572,Natural,True,,SMILES CC1CCC2(CCN(CCCC(=O)c3ccc(F)cc3)CC2)C1
201929,SMILES Nc1nc(CCN2CCN(c3ccccc3)CC2)nc(Nc2ccc(Cl)cc2)n1,5.20587206,Natural,True,,SMILES Nc1nc(CCN2CCN(c3ccccc3)CC2)nc(Nc2ccc(Cl)cc2)n1
6610,SMILES CCC(C)(C)c1cc(O)c(C(C)(C)CC)cc1O,4.22650862,Natural,True,,SMILES CCC(C)(C)c1cc(O)c(C(C)(C)CC)cc1O
401207,SMILES COc1ccc(CNc2ccn(C3OC(CO)C(O)C3O)c(=O)n2)cc1,3.75964355,Natural,True,,SMILES COc1ccc(CNc2ccn(C3OC(CO)C(O)C3O)c(=O)n2)cc1
201932,SMILES N=C(S)c1ccccc1O,3.75087953,Natural,True,,SMILES N=C(S)c1ccccc1O
300200,SMILES COC(=O)N1C(c2ccccc2)CS1(=O)=O,3.11920238,Natural,True,,SMILES COC(=O)N1C(c2ccccc2)CS1(=O)=O
5337,SMILES Nc1ccc(S(=O)(=O)[N-]c2cnc3ccccc3n2)cc1,4.1875596,Natural,True,,SMILES Nc1ccc(S(=O)(=O)[N-]c2cnc3ccccc3n2)cc1
5586,SMILES NS(=O)(=O)c1cc(C(=O)NN2CC3C4CCC(C4)C3C2)ccc1Cl,6.07263231,Natural,True,,SMILES NS(=O)(=O)c1cc(C(=O)NN2CC3C4CCC(C4)C3C2)ccc1Cl
300690,SMILES COc1ccccc1OCCOCCOc1ccccc1OC,3.34504247,Natural,True,,SMILES COc1ccccc1OCCOCCOc1ccccc1OC
5733,SMILES Cc1cc(CC(=O)O)n(C)c1C(=O)c1ccc(Cl)cc1,3.59392262,Natural,True,,SMILES Cc1cc(CC(=O)O)n(C)c1C(=O)c1ccc(Cl)cc1
6504,SMILES CCOC(=O)CC(CC(=O)OCC)(OC(C)=O)C(=O)OCC,3.86960149,Natural,True,,SMILES CCOC(=O)CC(CC(=O)OCC)(OC(C)=O)C(=O)OCC
3969,SMILES CCCc1c(OCCCCc2nn[nH]n2)ccc(C(C)=O)c1O,4.84297132,Natural,True,,SMILES CCCc1c(OCCCCc2nn[nH]n2)ccc(C(C)=O)c1O
201967,SMILES C=CCOc1c(CCC)cc(C(=O)NCC(C)C)cc1CCC,4.54225016,Natural,True,,SMILES C=CCOc1c(CCC)cc(C(=O)NCC(C)C)cc1CCC
6079,SMILES COc1ccc(OC)c(C(O)C(C)NC(C)C)c1,2.95597959,Natural,True,,SMILES COc1ccc(OC)c(C(O)C(C)NC(C)C)c1
20480,SMILES CC1CCOS(=O)(=O)O1,3.21189427,Natural,True,,SMILES CC1CCOS(=O)(=O)O1
201349,SMILES CCCCCCCCOc1ccc(N)cc1CNC(C)=O,3.71382451,Natural,True,,SMILES CCCCCCCCOc1ccc(N)cc1CNC(C)=O
200562,,3.46112323,Natural,False,,
201199,SMILES Cc1cc(C)nc(NP(=O)(N2CC2)N2CC2)n1,3.25787568,Natural,True,,SMILES Cc1cc(C)nc(NP(=O)(N2CC2)N2CC2)n1
64,SMILES OC1C=C(Cl)C(O)C=C1Cl,3.05737901,Natural,True,,SMILES OC1C=C(Cl)C(O)C=C1Cl
6752,SMILES Nc1ccc(S(=O)(=O)O)c2cccc(O)c12,3.40597463,Natural,True,,SMILES Nc1ccc(S(=O)(=O)O)c2cccc(O)c12
20527,SMILES CC(=O)N(O)c1ccc(-c2ccccc2)cc1,4.11686659,Natural,True,,SMILES CC(=O)N(O)c1ccc(-c2ccccc2)cc1
400687,SMILES CC1=NN(c2nc(N)nc(CS(=O)(=O)c3ccccc3)n2)C(C)(C)C1,4.33406305,Natural,True,,SMILES CC1=NN(c2nc(N)nc(CS(=O)(=O)c3ccccc3)n2)C(C)(C)C1
20703,SMILES O=C(c1ccoc1)c1cc(I)c(O)c(I)c1,5.12696028,Natural,True,,SMILES O=C(c1ccoc1)c1cc(I)c(O)c(I)c1
401882,SMILES CCOC(=O)N1C2CCC1CC(=O)C2,3.79998899,Natural,True,,SMILES CCOC(=O)N1C2CCC1CC(=O)C2
5275,SMILES COc1ccc(-c2ccc(N)[n+](CCCC(=O)O)n2)cc1,3.98949456,Natural,True,,SMILES COc1ccc(-c2ccc(N)[n+](CCCC(=O)O)n2)cc1
20407,SMILES CC(=O)NC1=NC(=O)C(c2ccccc2)CS1,3.74242425,Natural,True,,SMILES CC(=O)NC1=NC(=O)C(c2ccccc2)CS1
20808,SMILES O=C(c1ccc(O)cc1)c1ccco1,3.24858928,Natural,True,,SMILES O=C(c1ccc(O)cc1)c1ccco1
200558,,3.72087169,Natural,False,,
6953,SMILES O=[N+]([O-])c1cc([N+](=O)[O-])c(Cl)c([N+](=O)[O-])c1,3.28546119,Natural,True,,SMILES O=[N+]([O-])c1cc([N+](=O)[O-])c(Cl)c([N+](=O)[O-])c1
400013,SMILES COc1ccc2oc(=O)c(-c3nc4ccc(Cl)cc4[nH]3)cc2c1,5.19746828,Natural,True,,SMILES COc1ccc2oc(=O)c(-c3nc4ccc(Cl)cc4[nH]3)cc2c1
20917,SMILES NCCCSC1=NCCN1,3.05300736,Natural,True,,SMILES NCCCSC1=NCCN1
201441,SMILES C=CCN1CCCC1c1cccnc1,3.03589749,Natural,True,,SMILES C=CCN1CCCC1c1cccnc1
6836,SMILES CCn1c2ccccc2c2ccccc21,3.58549762,Natural,True,,SMILES CCn1c2ccccc2c2ccccc21
300388,SMILES O=c1c2cccc3cccc(c32)c2c3c(nn12)CCCC3,5.01490831,Natural,True,,SMILES O=c1c2cccc3cccc(c32)c2c3c(nn12)CCCC3
401482,SMILES O=C(O)c1ccc(Oc2nc3ccc(C(F)(F)F)cc3nc2C(=O)O)cc1,5.11557245,Natural,True,,SMILES O=C(O)c1ccc(Oc2nc3ccc(C(F)(F)F)cc3nc2C(=O)O)cc1
301126,SMILES FC(F)(F)c1cccc(-c2nc3nc(Cl)c(Cl)[nH]c-3n2)c1,4.08128405,Natural,True,,SMILES FC(F)(F)c1cccc(-c2nc3nc(Cl)c(Cl)[nH]c-3n2)c1
6477,SMILES CC(=O)Nc1ccc(S(=O)(=O)c2ccc(NC(C)=O)cc2)cc1,4.05876875,Natural,True,,SMILES CC(=O)Nc1ccc(S(=O)(=O)c2ccc(NC(C)=O)cc2)cc1
301058,SMILES CCOc1ccn(CC(=O)c2ccc([N+](=O)[O-])o2)c(=O)n1,3.35063481,Natural,True,,SMILES CCOc1ccn(CC(=O)c2ccc([N+](=O)[O-])o2)c(=O)n1
300944,SMILES CS(=O)(=O)c1ccc(C=C2C=Cc3ccccc32)cc1,4.43172693,Natural,True,,SMILES CS(=O)(=O)c1ccc(C=C2C=Cc3ccccc32)cc1
201416,SMILES O=C(CN1CCCC1)NN=CC(=O)c1ccc(Sc2ccccc2)cc1,4.92391825,Natural,True,,SMILES O=C(CN1CCCC1)NN=CC(=O)c1ccc(Sc2ccccc2)cc1
20016,,3.99437022,Natural,False,,
300660,SMILES ON(O)c1cc(Cl)cc2c1=NP(=S)(c1ccccc1)N=2,5.00537825,Natural,True,,SMILES ON(O)c1cc(Cl)cc2c1=NP(=S)(c1ccccc1)N=2
2810,SMILES CC(C)NCC(O)c1ccccc1Cl,3.06225014,Natural,True,,SMILES CC(C)NCC(O)c1ccccc1Cl
301254,SMILES O=C(Cn1cc(F)c(=O)[nH]c1=O)c1ccc(Cl)s1,4.31600571,Natural,True,,SMILES O=C(Cn1cc(F)c(=O)[nH]c1=O)c1ccc(Cl)s1
21180,SMILES CSc1ccc2[nH]cc(CCN(C)C)c2c1,3.36315608,Natural,True,,SMILES CSc1ccc2[nH]cc(CCN(C)C)c2c1
301057,SMILES CC(C)(Br)C(=O)c1ccc(Cl)s1,3.29890728,Natural,True,,SMILES CC(C)(Br)C(=O)c1ccc(Cl)s1
6517,SMILES CCO[Si](OCC)(OCC)OCC,3.35868645,Natural,True,,SMILES CCO[Si](OCC)(OCC)OCC
200524,,4.7137413,Natural,False,,
21096,SMILES C1=CCC(c2ccccc2)CC1,3.66953564,Natural,True,,SMILES C1=CCC(c2ccccc2)CC1
200068,,3.88762856,Natural,False,,
5635,SMILES COC1C=C2CCN(C)C2C2c3cc4c(cc3C(=O)OC12)OCO4,3.68822169,Natural,True,,SMILES COC1C=C2CCN(C)C2C2c3cc4c(cc3C(=O)OC12)OCO4
20773,SMILES O=[N+]([O-])c1ccc(C=NN2CCN(CO)C2=S)o1,3.49662471,Natural,True,,SMILES O=[N+]([O-])c1ccc(C=NN2CCN(CO)C2=S)o1
400843,SMILES O=S(=O)(CC#CCS(=O)(=O)c1ccccc1)c1ccccc1,3.92082667,Natural,True,,SMILES O=S(=O)(CC#CCS(=O)(=O)c1ccccc1)c1ccccc1
400217,SMILES O=C1NC2c3c(csc3Br)C(=O)C2O1,3.40782094,Natural,True,,SMILES O=C1NC2c3c(csc3Br)C(=O)C2O1
300924,SMILES CCCCC(CC)NC(=O)c1ccc(OC)cc1,3.71140289,Natural,True,,SMILES CCCCC(CC)NC(=O)c1ccc(OC)cc1
300952,SMILES CN(C)C=Nc1ccc(Cl)c(Cl)c1,3.04985595,Natural,True,,SMILES CN(C)C=Nc1ccc(Cl)c(Cl)c1
20763,SMILES CC(CCC(=O)O)C1CCC2C3C(=O)CC4CC(O)CCC4(C)C3CCC12C,5.63171434,Natural,True,,SMILES CC(CCC(=O)O)C1CCC2C3C(=O)CC4CC(O)CCC4(C)C3CCC12C
200344,,4.17059708,Natural,False,,
301182,SMILES O=C(c1ccccc1)C1CC2CCC1CC2,4.23127604,Natural,True,,SMILES O=C(c1ccccc1)C1CC2CCC1CC2
200406,,4.12993002,Natural,False,,
50011,SMILES CCCCCCOC(=O)OCc1cccc(I)c1,3.88239455,Natural,True,,SMILES CCCCCCOC(=O)OCc1cccc(I)c1
201244,SMILES NC(S)=NN=Cc1ccccc1Cl,3.86427045,Natural,True,,SMILES NC(S)=NN=Cc1ccccc1Cl
21187,SMILES Cc1ccc2nc(-c3cccnc3)cc(C(=O)O)c2c1,4.07193327,Natural,True,,SMILES Cc1ccc2nc(-c3cccnc3)cc(C(=O)O)c2c1
20395,SMILES CCC(C(=O)OCCN1CCOC(c2ccccc2)C1C)c1ccccc1,3.92507052,Natural,True,,SMILES CCC(C(=O)OCCN1CCOC(c2ccccc2)C1C)c1ccccc1
5271,SMILES O=C(O)CCCC=CCC1C2CCC(O2)C1CNNC(=O)Nc1ccccc1,4.92177248,Natural,True,,SMILES O=C(O)CCCC=CCC1C2CCC(O2)C1CNNC(=O)Nc1ccccc1
20169,SMILES CC(C)(COC(=O)c1ccccc1)COC(=O)c1ccccc1,3.91643071,Natural,True,,SMILES CC(C)(COC(=O)c1ccccc1)COC(=O)c1ccccc1
5573,SMILES CCC(COC(=O)c1cc(OC)c(OC)c(OC)c1)(c1ccccc1)N(C)C,4.08370399,Natural,True,,SMILES CCC(COC(=O)c1cc(OC)c(OC)c(OC)c1)(c1ccccc1)N(C)C
200081,,4.27024889,Natural,False,,
20981,SMILES CCCCN(CCCC)C(=O)c1ccc(N=C(N)N=C(N)N)cc1,4.73233938,Natural,True,,SMILES CCCCN(CCCC)C(=O)c1ccc(N=C(N)N=C(N)N)cc1
301397,SMILES N#Cc1cnc2nc(N)nc(N)c2c1,4.03600025,Natural,True,,SMILES N#Cc1cnc2nc(N)nc(N)c2c1
6143,SMILES CNC(=O)Oc1cccc(C(C)C)c1,4.56621933,Natural,True,,SMILES CNC(=O)Oc1cccc(C(C)C)c1
6206,SMILES CC(=O)NN=Cc1ccc([N+](=O)[O-])o1,3.21410012,Natural,True,,SMILES CC(=O)NN=Cc1ccc([N+](=O)[O-])o1
300173,SMILES CC1(c2cccs2)NC(=O)N(Cl)C1=O,4.46550798,Natural,True,,SMILES CC1(c2cccs2)NC(=O)N(Cl)C1=O
20835,SMILES C1=CCC(C2CC3C=CC2C3)CC1,4.49194145,Natural,True,,SMILES C1=CCC(C2CC3C=CC2C3)CC1
300001,SMILES CCC(C)c1ccc(-c2ccc(OC)cc2)cc1,3.75376201,Natural,True,,SMILES CCC(C)c1ccc(-c2ccc(OC)cc2)cc1
300412,SMILES CCC(=O)n1cc2ccc([N+](=O)[O-])cc2n1,3.53160357,Natural,True,,SMILES CCC(=O)n1cc2ccc([N+](=O)[O-])cc2n1
6697,SMILES O=C1c2ccccc2-c2cccc3cccc1c23,3.76837802,Natural,True,,SMILES O=C1c2ccccc2-c2cccc3cccc1c23
6151,SMILES CCC(C)C(C)(COC(N)=O)COC(N)=O,3.59651279,Natural,True,,SMILES CCC(C)C(C)(COC(N)=O)COC(N)=O
20220,SMILES CN(C)CCCN1C(=O)c2ccccc2Nc2ccccc21,3.53841782,Natural,True,,SMILES CN(C)CCCN1C(=O)c2ccccc2Nc2ccccc21
101141,,4.62551546,Natural,False,,
5866,SMILES CC12CCC(O)CC1CCC1C2C(=O)CC2(C)C1CCC2(O)C(=O)CO,5.45808983,Natural,True,,SMILES CC12CCC(O)CC1CCC1C2C(=O)CC2(C)C1CCC2(O)C(=O)CO
401967,SMILES c1cc2c(cc1C1=NCCN1)c1cc(C3=NCCN3)ccc1n2CC1CCCCC1,5.70071173,Natural,True,,SMILES c1cc2c(cc1C1=NCCN1)c1cc(C3=NCCN3)ccc1n2CC1CCCCC1
21184,SMILES O=C(O)CCCNC(=O)OCc1ccccc1,3.17599607,Natural,True,,SMILES O=C(O)CCCNC(=O)OCc1ccccc1
6466,SMILES C=C1CC23CC1(O)CCC2C12C=CC(O)C(C)(C(=O)O1)C2C3C(=O)O,4.09051752,Natural,True,,SMILES C=C1CC23CC1(O)CCC2C12C=CC(O)C(C)(C(=O)O1)C2C3C(=O)O
400423,SMILES COc1nc(-c2cn(S(=O)(=O)c3ccc(C)cc3)c3ccccc23)cnc1Br,5.51350355,Natural,True,,SMILES COc1nc(-c2cn(S(=O)(=O)c3ccc(C)cc3)c3ccccc23)cnc1Br
400112,SMILES COc1ccc2c(c1)C1(CC1)C(C)(C)O2,4.20426941,Natural,True,,SMILES COc1ccc2c(c1)C1(CC1)C(C)(C)O2
401244,SMILES C=CCC(N=C(SC)SC)C(=O)N1C(=O)N(C)C(C)C1c1ccccc1,4.18587828,Natural,True,,SMILES C=CCC(N=C(SC)SC)C(=O)N1C(=O)N(C)C(C)C1c1ccccc1
50058,SMILES CCCCCOc1ccc(NC(=O)OCC[NH+](C)C)cc1,3.68037105,Natural,True,,SMILES CCCCCOc1ccc(NC(=O)OCC[NH+](C)C)cc1
200466,,3.74347186,Natural,False,,
6884,SMILES COc1c(Cl)cc(Cl)cc1Cl,2.68345451,Natural,True,,SMILES COc1c(Cl)cc(Cl)cc1Cl
5335,SMILES Nc1ccc(S(=O)(=O)Nc2ccnn2-c2ccccc2)cc1,3.98310471,Natural,True,,SMILES Nc1ccc(S(=O)(=O)Nc2ccnn2-c2ccccc2)cc1
300821,SMILES O=c1oc(C=Cc2ccccc2)nc2ccccc12,3.85800958,Natural,True,,SMILES O=c1oc(C=Cc2ccccc2)nc2ccccc12
300663,SMILES CC(C)c1ccccc1OS(=O)(=O)c1ccccc1,3.58223844,Natural,True,,SMILES CC(C)c1ccccc1OS(=O)(=O)c1ccccc1
201788,SMILES CCN1CC2(C)CCC(OC)C34C2C(O)C2(OCOC25CC(OC)C2CC3(O)C5C2OC)C14,4.32948685,Natural,True,,SMILES CCN1CC2(C)CCC(OC)C34C2C(O)C2(OCOC25CC(OC)C2CC3(O)C5C2OC)C14
300194,SMILES COC(=O)NS(=O)(=O)C=CN1CCCC1=O,2.92267632,Natural,True,,SMILES COC(=O)NS(=O)(=O)C=CN1CCCC1=O
300942,SMILES C(=Cc1nc2ccccc2o1)c1ccc2c(c1)OCO2,4.98555946,Natural,True,,SMILES C(=Cc1nc2ccccc2o1)c1ccc2c(c1)OCO2
401646,SMILES COC(=O)C(C)=NNc1nc2ccccc2s1,4.53586578,Natural,True,,SMILES COC(=O)C(C)=NNc1nc2ccccc2s1
20225,SMILES CC(=O)Oc1cc2c(c(OC(C)=O)c1)C1CCC3(C)C(=O)C(O)CC3C1CC2,5.44726181,Natural,True,,SMILES CC(=O)Oc1cc2c(c(OC(C)=O)c1)C1CCC3(C)C(=O)C(O)CC3C1CC2
200483,,4.34705973,Natural,False,,
300864,SMILES NC(S)=Nc1ccccn1,3.3409965,Natural,True,,SMILES NC(S)=Nc1ccccn1
5420,SMILES CC(C)NP(=O)(NC(C)C)OP(=O)(NC(C)C)NC(C)C,2.49391246,Natural,True,,SMILES CC(C)NP(=O)(NC(C)C)OP(=O)(NC(C)C)NC(C)C
301251,SMILES O=S1(=O)CC2(C1)OCCO2,2.70497108,Natural,True,,SMILES O=S1(=O)CC2(C1)OCCO2
201284,SMILES Cc1cc(=O)oc2c1c(C)nn2C,3.81215787,Natural,True,,SMILES Cc1cc(=O)oc2c1c(C)nn2C
401051,SMILES Cc1c2c(c(C)n1-c1ccccn1)C(=O)N(CCCCN1CCN(c3ncccn3)CC1)C2=O,5.30830717,Natural,True,,SMILES Cc1c2c(c(C)n1-c1ccccn1)C(=O)N(CCCCN1CCN(c3ncccn3)CC1)C2=O
6148,SMILES CCC(=O)OC1(c2ccccc2)CC(C)N(C)CC1C,4.5408206,Natural,True,,SMILES CCC(=O)OC1(c2ccccc2)CC(C)N(C)CC1C
201157,SMILES C=C1C2CC3C4N5CC6(C)CC(OC(=O)c7ccccc7)CC47C6C5CC3(C1O)C7C2O,6.14699793,Natural,True,,SMILES C=C1C2CC3C4N5CC6(C)CC(OC(=O)c7ccccc7)CC47C6C5CC3(C1O)C7C2O
201558,SMILES O=C(O)COc1ccc(Cl)cc1NC(=O)c1ccc(Cl)c(Cl)c1,4.03202438,Natural,True,,SMILES O=C(O)COc1ccc(Cl)cc1NC(=O)c1ccc(Cl)c(Cl)c1
20004,,2.8835113,Natural,False,,
5736,SMILES CN(C)CCOC1=Cc2ccccc2Sc2ccc(Cl)cc21,4.67546225,Natural,True,,SMILES CN(C)CCOC1=Cc2ccccc2Sc2ccc(Cl)cc21
201988,SMILES C#CC(C)(CC)N(CC)CC,2.85664845,Natural,True,,SMILES C#CC(C)(CC)N(CC)CC
400905,SMILES CCn1c(S)nnc1-c1cc2ccccc2cc1OC(C)=O,4.95951986,Natural,True,,SMILES CCn1c(S)nnc1-c1cc2ccccc2cc1OC(C)=O
300785,SMILES CC(C)(C)C(=O)Oc1ccc(C(C)(C)C)cc1,4.41154337,Natural,True,,SMILES CC(C)(C)C(=O)Oc1ccc(C(C)(C)C)cc1
5911,SMILES C[N+]1(C)CCN(c2ccccc2)CC1,2.81061554,Natural,True,,SMILES C[N+]1(C)CCN(c2ccccc2)CC1
300804,SMILES O=C(O)C(CCO)c1ccccc1,2.91303897,Natural,True,,SMILES O=C(O)C(CCO)c1ccccc1
401216,SMILES COC(=O)c1nc2n(n1)-c1ccccc1C(=O)N(Cc1ccccc1)C2,4.58540249,Natural,True,,SMILES COC(=O)c1nc2n(n1)-c1ccccc1C(=O)N(Cc1ccccc1)C2
558,SMILES NC(N)=NCCCC(=O)C(=O)O,4.36941385,Natural,True,,SMILES NC(N)=NCCCC(=O)C(=O)O
20147,SMILES CC(C)CC(Nc1ccc([N+](=O)[O-])cc1)C(N)=O,3.50612545,Natural,True,,SMILES CC(C)CC(Nc1ccc([N+](=O)[O-])cc1)C(N)=O
300877,SMILES CCN=C(S)Nc1ccc(OCC)cc1,3.13033509,Natural,True,,SMILES CCN=C(S)Nc1ccc(OCC)cc1
300824,SMILES Cc1ccc2nc(-c3ccc(Cl)cc3Cl)oc(=O)c2c1,4.39332724,Natural,True,,SMILES Cc1ccc2nc(-c3ccc(Cl)cc3Cl)oc(=O)c2c1
20974,SMILES O=[N+]([O-])c1ccc(CO)c([N+](=O)[O-])c1,4.17429018,Natural,True,,SMILES O=[N+]([O-])c1ccc(CO)c([N+](=O)[O-])c1
6803,SMILES Nc1nc(S)c2ncn(C3OC(CO)C(O)C3O)c2n1,3.89481521,Natural,True,,SMILES Nc1nc(S)c2ncn(C3OC(CO)C(O)C3O)c2n1
401208,SMILES CN(C)CCCNc1ccn(C2OC(CO)C(O)C2O)c(=O)n1,3.43197727,Natural,True,,SMILES CN(C)CCCNc1ccn(C2OC(CO)C(O)C2O)c(=O)n1
2826,SMILES COC(=O)C1C(OC(=O)c2ccccc2)CC2CCC1N2C,3.93455195,Natural,True,,SMILES COC(=O)C1C(OC(=O)c2ccccc2)CC2CCC1N2C
5232,,2.94635892,Natural,False,,
300059,SMILES Cc1ccc(S(=O)(=O)N(C)c2ccc3cc(Br)ccc3c2)cc1,4.28912306,Natural,True,,SMILES Cc1ccc(S(=O)(=O)N(C)c2ccc3cc(Br)ccc3c2)cc1
401174,SMILES Clc1nc2c(C#Cc3ccccc3)ncnc2n1C1CCCCO1,5.91628265,Natural,True,,SMILES Clc1nc2c(C#Cc3ccccc3)ncnc2n1C1CCCCO1
50060,SMILES CCCCCCOc1ccccc1NC(=O)OCC[NH+](C)C,3.58351207,Natural,True,,SMILES CCCCCCOc1ccccc1NC(=O)OCC[NH+](C)C
200215,,4.15984535,Natural,False,,
5401,SMILES COc1cc2nc(N3CCN(C(=O)C4CCCO4)CC3)nc(N)c2cc1OC,4.45632601,Natural,True,,SMILES COc1cc2nc(N3CCN(C(=O)C4CCCO4)CC3)nc(N)c2cc1OC
553,SMILES O=C(O)CCC(O)CC(=O)C(=O)O,3.51838684,Natural,True,,SMILES O=C(O)CCC(O)CC(=O)C(=O)O
400926,SMILES c1ccc(-c2nc3ccccc3n3c(CN4CCCCC4)nnc23)cc1,4.64487648,Natural,True,,SMILES c1ccc(-c2nc3ccccc3n3c(CN4CCCCC4)nnc23)cc1
20752,SMILES C(=NCc1ccccc1)NCc1ccccc1,3.13208961,Natural,True,,SMILES C(=NCc1ccccc1)NCc1ccccc1
401449,SMILES CC1=NC(C(F)(F)F)(C(F)(F)F)N=C2SCCN12,3.64545703,Natural,True,,SMILES CC1=NC(C(F)(F)F)(C(F)(F)F)N=C2SCCN12
301297,SMILES O=S(NOCc1ccccc1)c1ccccc1,4.06139898,Natural,True,,SMILES O=S(NOCc1ccccc1)c1ccccc1
201862,SMILES OCC(Cc1ccccc1)N1CCCCC1,3.07888293,Natural,True,,SMILES OCC(Cc1ccccc1)N1CCCCC1
2068,SMILES CC(C)C1C2CCC(C2)C1N,4.29517412,Natural,True,,SMILES CC(C)C1C2CCC(C2)C1N
301474,SMILES COC(=O)C1C(=O)CC2(C)CCCCC12,4.03321266,Natural,True,,SMILES COC(=O)C1C(=O)CC2(C)CCCCC12
300067,SMILES O=C(O)c1cccc2c1-c1ccccc1C(Br)C2Br,4.74780893,Natural,True,,SMILES O=C(O)c1cccc2c1-c1ccccc1C(Br)C2Br
2988,SMILES COc1cc(CC2C(=O)OCC2Cc2ccc3c(c2)OCO3)cc(OC)c1OC,4.65911293,Natural,True,,SMILES COc1cc(CC2C(=O)OCC2Cc2ccc3c(c2)OCO3)cc(OC)c1OC
401455,SMILES COc1ccccc1[N+]([O-])=Cc1ccccc1OC(=S)S,4.2062459,Natural,True,,SMILES COc1ccccc1[N+]([O-])=Cc1ccccc1OC(=S)S
300854,SMILES CCCC(O)Cc1c[nH]c(=O)[nH]c1=O,3.58187366,Natural,True,,SMILES CCCC(O)Cc1c[nH]c(=O)[nH]c1=O
401315,SMILES NC(=O)C1CCN(Cc2c(Cl)c(Cl)c(CN3CCC(C(N)=O)CC3)c(Cl)c2Cl)CC1,5.39976549,Natural,True,,SMILES NC(=O)C1CCN(Cc2c(Cl)c(Cl)c(CN3CCC(C(N)=O)CC3)c(Cl)c2Cl)CC1
20736,SMILES COC(=O)C(C(C)=O)C(C)=O,3.79093766,Natural,True,,SMILES COC(=O)C(C(C)=O)C(C)=O
301198,SMILES CC(=O)CCC(C#N)c1ccccc1,3.92386889,Natural,True,,SMILES CC(=O)CCC(C#N)c1ccccc1
6160,SMILES O=C(CCCN1CCC2(CCCC2)C1)c1ccc(F)cc1,3.72112274,Natural,True,,SMILES O=C(CCCN1CCC2(CCCC2)C1)c1ccc(F)cc1
401663,SMILES O=C(NP(=O)(N1CCOCC1)N1CCOCC1)c1ccccc1,3.462569,Natural,True,,SMILES O=C(NP(=O)(N1CCOCC1)N1CCOCC1)c1ccccc1
301060,SMILES Cc1ccc(S(=O)(=O)NCCCCCC(=O)OCc2ccccc2)cc1,4.91788864,Natural,True,,SMILES Cc1ccc(S(=O)(=O)NCCCCCC(=O)OCc2ccccc2)cc1
6093,SMILES O=C1NCCN1c1ncc([N+](=O)[O-])s1,3.5610497,Natural,True,,SMILES O=C1NCCN1c1ncc([N+](=O)[O-])s1
635,SMILES O=P(O)(O)OCC1OC(O)CC1O,2.8194077,Natural,True,,SMILES O=P(O)(O)OCC1OC(O)CC1O
300117,SMILES CC(C)(CO)C(O)C(=O)NCCS(=O)(=O)c1ccc(F)cc1,3.46363068,Natural,True,,SMILES CC(C)(CO)C(O)C(=O)NCCS(=O)(=O)c1ccc(F)cc1
201150,SMILES COP(=S)(OC)Oc1ccc(S(=O)(=O)N(C)C)cc1Cl,3.48093295,Natural,True,,SMILES COP(=S)(OC)Oc1ccc(S(=O)(=O)N(C)C)cc1Cl
584,SMILES O=C(O)C1(O)C=Cc2ccccc2O1,3.34414363,Natural,True,,SMILES O=C(O)C1(O)C=Cc2ccccc2O1
400146,SMILES Cc1ccc(C)c(C2C3C(=O)N(C)C(=O)C3ON2CC(=O)NC(C)C(N)=O)c1,4.69649458,Natural,True,,SMILES Cc1ccc(C)c(C2C3C(=O)N(C)C(=O)C3ON2CC(=O)NC(C)C(N)=O)c1
5714,SMILES COc1ccc(CCN(C)CCc2ccc(OC)c(OC)c2)cc1OC,4.36004114,Natural,True,,SMILES COc1ccc(CCN(C)CCc2ccc(OC)c(OC)c2)cc1OC
21174,SMILES CC(C)NC(=O)Nc1nc(Cl)nc(Cl)n1,5.44739389,Natural,True,,SMILES CC(C)NC(=O)Nc1nc(Cl)nc(Cl)n1
300124,SMILES CCCCN(C)CCNc1cc(C)nc(Nc2nc3ccc(Cl)cc3[nH]2)n1,5.64332438,Natural,True,,SMILES CCCCN(C)CCNc1cc(C)nc(Nc2nc3ccc(Cl)cc3[nH]2)n1
6081,SMILES COc1ccc(OC)c(C(O)C(C)N)c1,3.18586516,Natural,True,,SMILES COc1ccc(OC)c(C(O)C(C)N)c1
6829,SMILES O=[N+]([O-])c1ccccc1-c1ccccc1,3.29963851,Natural,True,,SMILES O=[N+]([O-])c1ccccc1-c1ccccc1
300793,SMILES O=P1(O)OC(=Nc2ccccc2)c2ccccc21,3.7478807,Natural,True,,SMILES O=P1(O)OC(=Nc2ccccc2)c2ccccc21
20473,SMILES CO[Si](CCCS)(OC)OC,3.10669494,Natural,True,,SMILES CO[Si](CCCS)(OC)OC
5270,SMILES Nc1ncnc2c1ncn2C1CCCO1,3.85088277,Natural,True,,SMILES Nc1ncnc2c1ncn2C1CCCO1
301359,SMILES COC(=O)c1cccn1C(=O)c1cc(OC)c(OC)cc1[N+](=O)[O-],3.64830041,Natural,True,,SMILES COC(=O)c1cccn1C(=O)c1cc(OC)c(OC)cc1[N+](=O)[O-]
300330,SMILES OCC1C(CO)C2C3C4C1C1C2C3C41,4.21071863,Natural,True,,SMILES OCC1C(CO)C2C3C4C1C1C2C3C41
400581,SMILES CCOC(=O)N1CN(c2ccc(Cl)cc2)N=C(C(C)=O)N1,3.9591713,Natural,True,,SMILES CCOC(=O)N1CN(c2ccc(Cl)cc2)N=C(C(C)=O)N1
20267,SMILES Nc1cccc2c1-c1ccccc1C2=O,3.38958859,Natural,True,,SMILES Nc1cccc2c1-c1ccccc1C2=O
6423,SMILES O=[N+]([O-])C(Cl)(Cl)Cl,2.97645593,Natural,True,,SMILES O=[N+]([O-])C(Cl)(Cl)Cl
401462,SMILES COc1cc(Nc2nc3ccccc3nc2C(C)C)cc(OC)c1OC,5.01217413,Natural,True,,SMILES COc1cc(Nc2nc3ccccc3nc2C(C)C)cc(OC)c1OC
201300,SMILES Cc1ccc(C(C)C)c(OCC(O)CNC(C)C)c1,3.44906044,Natural,True,,SMILES Cc1ccc(C(C)C)c(OCC(O)CNC(C)C)c1
6678,SMILES O=C1OC(=O)c2ccc3c4c(ccc1c24)C(=O)OC3=O,3.78143191,Natural,True,,SMILES O=C1OC(=O)c2ccc3c4c(ccc1c24)C(=O)OC3=O
201882,SMILES OCCCN1CCCCC1c1cc(-c2ccccc2)no1,3.69442296,Natural,True,,SMILES OCCCN1CCCCC1c1cc(-c2ccccc2)no1
300347,SMILES CC1(C)C(=O)C(C)(C)C1=NNc1ccc([N+](=O)[O-])cc1[N+](=O)[O-],4.67694044,Natural,True,,SMILES CC1(C)C(=O)C(C)(C)C1=NNc1ccc([N+](=O)[O-])cc1[N+](=O)[O-]
300015,SMILES COc1cc(C)c(Br)c(OC)c1,3.35864234,Natural,True,,SMILES COc1cc(C)c(Br)c(OC)c1
5508,SMILES Cc1ccc(C(=O)c2ccc(CC(=O)[O-])n2C)cc1,3.59507561,Natural,True,,SMILES Cc1ccc(C(=O)c2ccc(CC(=O)[O-])n2C)cc1
201579,SMILES NC(Cc1ccccc1)c1ccc2c(c1)OCO2,3.44382405,Natural,True,,SMILES NC(Cc1ccccc1)c1ccc2c(c1)OCO2
300140,SMILES Oc1ccc(C=NCCN=Cc2ccc(O)cc2O)c(O)c1,3.35552716,Natural,True,,SMILES Oc1ccc(C=NCCN=Cc2ccc(O)cc2O)c(O)c1
400691,SMILES CC1=NN(c2nc(N)nc(Cn3cccn3)n2)C(C)(C)C1,4.75540543,Natural,True,,SMILES CC1=NN(c2nc(N)nc(Cn3cccn3)n2)C(C)(C)C1
401657,SMILES CC(O)C(=O)N1C2CC3CCC2(CS1(=O)=O)C3(C)C,4.8327136,Natural,True,,SMILES CC(O)C(=O)N1C2CC3CCC2(CS1(=O)=O)C3(C)C
401099,SMILES CCOC(=O)CSc1nnc2cc(CN3CCCC3)c(-c3ccc(Cl)cc3)nn12,5.33068085,Natural,True,,SMILES CCOC(=O)CSc1nnc2cc(CN3CCCC3)c(-c3ccc(Cl)cc3)nn12
5379,SMILES COc1c(N2CCNC(C)C2)c(F)cc2c(=O)c(C(=O)O)cn(C3CC3)c12,5.33810377,Natural,True,,SMILES COc1c(N2CCNC(C)C2)c(F)cc2c(=O)c(C(=O)O)cn(C3CC3)c12
201713,SMILES CC=C(C)C=NNc1ccc([N+](=O)[O-])cn1,3.65081692,Natural,True,,SMILES CC=C(C)C=NNc1ccc([N+](=O)[O-])cn1
201646,SMILES O=C(CCC(NC(=O)c1ccccc1)C(=O)O)OCc1ccccc1,4.09745216,Natural,True,,SMILES O=C(CCC(NC(=O)c1ccccc1)C(=O)O)OCc1ccccc1
201680,SMILES COc1ccc(NC(=O)c2ccc(Cl)cc2)c(OCC(=O)O)c1,4.1664567,Natural,True,,SMILES COc1ccc(NC(=O)c2ccc(Cl)cc2)c(OCC(=O)O)c1
201845,SMILES O=C1OC(c2ccccc2)C(=O)N1CN1CCOCC1,3.47536016,Natural,True,,SMILES O=C1OC(c2ccccc2)C(=O)N1CN1CCOCC1
300718,SMILES CNCC1OC(n2cc(C)c(=O)[nH]c2=O)CC1O,2.96441841,Natural,True,,SMILES CNCC1OC(n2cc(C)c(=O)[nH]c2=O)CC1O
873,SMILES O=C(O)CCc1ccccc1O,3.96595502,Natural,True,,SMILES O=C(O)CCc1ccccc1O
401468,SMILES CCOC(=O)Cc1ccc(Nc2nc3cc(F)c(F)cc3nc2C(=O)OCC)cc1,6.02416468,Natural,True,,SMILES CCOC(=O)Cc1ccc(Nc2nc3cc(F)c(F)cc3nc2C(=O)OCC)cc1
6940,SMILES O=C(O)c1ccccc1Br,3.92534328,Natural,True,,SMILES O=C(O)c1ccccc1Br
300578,SMILES CSc1cc2c(cc1[N+](=O)[O-])Cc1ccccc1-2,3.69187808,Natural,True,,SMILES CSc1cc2c(cc1[N+](=O)[O-])Cc1ccccc1-2
6761,SMILES NC(=O)C1CCN(CCCN2c3ccccc3Sc3ccc(Cl)cc32)CC1,4.34581232,Natural,True,,SMILES NC(=O)C1CCN(CCCN2c3ccccc3Sc3ccc(Cl)cc32)CC1
6632,SMILES CC(=O)OC1(C(C)C)C=CC(C)CC1,4.03876781,Natural,True,,SMILES CC(=O)OC1(C(C)C)C=CC(C)CC1
300732,SMILES O=[N+]([O-])c1ccccc1-c1ccc2ccccc2c1,3.85142446,Natural,True,,SMILES O=[N+]([O-])c1ccccc1-c1ccc2ccccc2c1
2913,SMILES CN1CCC(=C2c3ccccc3C=Cc3ccccc32)CC1,4.58880568,Natural,True,,SMILES CN1CCC(=C2c3ccccc3C=Cc3ccccc32)CC1
5840,SMILES C[Si]1(C)CCCC2(C1)C(=O)NC(=O)NC2=O,3.46678829,Natural,True,,SMILES C[Si]1(C)CCCC2(C1)C(=O)NC(=O)NC2=O
300023,SMILES CCOC(=O)C(C(=O)OCC)C(=O)c1cccc2ccc3ccccc3c12,4.32379389,Natural,True,,SMILES CCOC(=O)C(C(=O)OCC)C(=O)c1cccc2ccc3ccccc3c12
401241,SMILES COc1ccc2nc3n(c2c1)CCc1cc(OC)c(OC)cc1-3,5.21887636,Natural,True,,SMILES COc1ccc2nc3n(c2c1)CCc1cc(OC)c(OC)cc1-3
301367,SMILES CCOC(=O)c1c(C)c2c(n1C)CCc1cn[nH]c1-2,3.91298223,Natural,True,,SMILES CCOC(=O)c1c(C)c2c(n1C)CCc1cn[nH]c1-2
20595,SMILES Cc1ccc(C)c2c1C=CCC2C,3.98176312,Natural,True,,SMILES Cc1ccc(C)c2c1C=CCC2C
5343,SMILES Cc1cc(NS(=O)(=O)c2ccc(N)cc2)nc(C)n1,3.89239001,Natural,True,,SMILES Cc1cc(NS(=O)(=O)c2ccc(N)cc2)nc(C)n1
300572,SMILES O=C1NC(c2cccc(OCc3ccccc3)c2)Nc2ccccc21,3.90174031,Natural,True,,SMILES O=C1NC(c2cccc(OCc3ccccc3)c2)Nc2ccccc21
20351,SMILES CCN(CC)CCN1C(=O)c2ccccc2Nc2ccccc21,3.95273089,Natural,True,,SMILES CCN(CC)CCN1C(=O)c2ccccc2Nc2ccccc21
20296,SMILES CC(=O)CCCCOC(C)=O,4.09869146,Natural,True,,SMILES CC(=O)CCCCOC(C)=O
300370,SMILES O=C(c1ccc([N+](=O)[O-])cc1)n1ncc2ccccc21,4.85844994,Natural,True,,SMILES O=C(c1ccc([N+](=O)[O-])cc1)n1ncc2ccccc21
301358,SMILES O=c1[nH]c2ccccc2c(=O)n2cccc12,4.21505928,Natural,True,,SMILES O=c1[nH]c2ccccc2c(=O)n2cccc12
401028,SMILES Cc1c2c(OCC(O)CN3CCN(c4ccccc4)CC3)nn(C)c(=O)c2c(C)n1-c1ccccc1,4.93896294,Natural,True,,SMILES Cc1c2c(OCC(O)CN3CCN(c4ccccc4)CC3)nn(C)c(=O)c2c(C)n1-c1ccccc1
201286,SMILES CC(=O)Oc1cccc2ccc(C=Cc3ccc([N+](=O)[O-])o3)nc12,4.72964001,Natural,True,,SMILES CC(=O)Oc1cccc2ccc(C=Cc3ccc([N+](=O)[O-])o3)nc12
5280,SMILES Cc1cn(C2CCC(CO)O2)c(=O)[nH]c1=O,3.88345838,Natural,True,,SMILES Cc1cn(C2CCC(CO)O2)c(=O)[nH]c1=O
201475,SMILES C(#CCN1CCCC1)COC(c1ccccc1)c1ccccc1,3.66349483,Natural,True,,SMILES C(#CCN1CCCC1)COC(c1ccccc1)c1ccccc1
401855,SMILES Nc1cccc(CCN2CCN(CCCc3ccccc3)CC2)c1,3.83631253,Natural,True,,SMILES Nc1cccc(CCN2CCN(CCCc3ccccc3)CC2)c1
5341,SMILES NC(S)=NS(=O)(=O)c1ccc(N)cc1,3.38194013,Natural,True,,SMILES NC(S)=NS(=O)(=O)c1ccc(N)cc1
5566,SMILES CN1CCN(CCCN2c3ccccc3Sc3ccc(C(F)(F)F)cc32)CC1,4.61322165,Natural,True,,SMILES CN1CCN(CCCN2c3ccccc3Sc3ccc(C(F)(F)F)cc32)CC1
20875,SMILES CCN(CC)C(=O)c1ccc(N=C(N)[NH2+]C(=N)N)cc1,4.36893702,Natural,True,,SMILES CCN(CC)C(=O)c1ccc(N=C(N)[NH2+]C(=N)N)cc1
6748,SMILES Cn1ccc(=O)c2ccccc21,2.82102513,Natural,True,,SMILES Cn1ccc(=O)c2ccccc21
2893,SMILES CC1CC(OC(=O)C(O)c2ccccc2)CC(C)(C)C1,4.5352459,Natural,True,,SMILES CC1CC(OC(=O)C(O)c2ccccc2)CC(C)(C)C1
20941,SMILES CCCCc1nc(CCCC)nc(CCCC)n1,4.7348237,Natural,True,,SMILES CCCCc1nc(CCCC)nc(CCCC)n1
400493,SMILES CC(C)COC(=O)c1cccnc1-c1ncccc1C(=O)OCC(C)C,4.92120028,Natural,True,,SMILES CC(C)COC(=O)c1cccnc1-c1ncccc1C(=O)OCC(C)C
20483,SMILES OCCSSSCCO,3.17512321,Natural,False,,
200513,,3.61250615,Natural,False,,
301257,SMILES CCNC(C)(C)C(O)c1ccc(Cl)s1,2.81473041,Natural,True,,SMILES CCNC(C)(C)C(O)c1ccc(Cl)s1
201914,SMILES O=C1NCN(c2ccccc2)C12CCN(CCCCCc1ccccc1)CC2,4.49114847,Natural,True,,SMILES O=C1NCN(c2ccccc2)C12CCN(CCCCCc1ccccc1)CC2
200598,,3.4467802,Natural,False,,
400584,SMILES COc1ccc2[nH]c3c(c2c1)C1CCCCC1C1C(=O)N(c2ccccc2)C(=O)C31,5.1379714,Natural,True,,SMILES COc1ccc2[nH]c3c(c2c1)C1CCCCC1C1C(=O)N(c2ccccc2)C(=O)C31
6630,SMILES COS(=O)(=O)c1ccccc1,3.5257957,Natural,True,,SMILES COS(=O)(=O)c1ccccc1
780,SMILES O=C(O)Cc1cc(O)ccc1O,3.62424469,Natural,True,,SMILES O=C(O)Cc1cc(O)ccc1O
200457,,3.57605267,Natural,False,,
200476,,3.97736096,Natural,False,,
200271,,4.08445787,Natural,False,,
301214,SMILES Cc1ccc(S(=O)(=O)N(C)c2ccc3cc(C(=O)O)ccc3c2)cc1,4.8858676,Natural,True,,SMILES Cc1ccc(S(=O)(=O)N(C)c2ccc3cc(C(=O)O)ccc3c2)cc1
2014,SMILES N=C(N)c1ccc(NC(=O)Nc2ccc(Cl)cc2)cc1,3.68388104,Natural,True,,SMILES N=C(N)c1ccc(NC(=O)Nc2ccc(Cl)cc2)cc1
200452,,3.95884442,Natural,False,,
300505,SMILES CN1CCN(C(=O)c2ccccc2C(=O)O)CC1,3.49412513,Natural,True,,SMILES CN1CCN(C(=O)c2ccccc2C(=O)O)CC1
300031,SMILES O=[N+]([O-])c1ccc2c(c1)C(=NO)CCC2,4.07914543,Natural,True,,SMILES O=[N+]([O-])c1ccc2c(c1)C(=NO)CCC2
21036,SMILES CC(C)(C)P(=O)(Cl)c1ccccc1,3.70899105,Natural,True,,SMILES CC(C)(C)P(=O)(Cl)c1ccccc1
400163,SMILES O=C(NC12CC3CC(CC(C3)C1)C2)n1cnc2c(Cl)ncnc21,5.66689444,Natural,True,,SMILES O=C(NC12CC3CC(CC(C3)C1)C2)n1cnc2c(Cl)ncnc21
400184,SMILES CC(C)(C)OC(=O)NC(Cc1ccc(OCc2ccccc2)cn1)C(=O)NC1CCCCC1,4.63611031,Natural,True,,SMILES CC(C)(C)OC(=O)NC(Cc1ccc(OCc2ccccc2)cn1)C(=O)NC1CCCCC1
3978,SMILES OC1C=C2CCN3Cc4cc5c(cc4C(C1O)C23)OCO5,3.57195354,Natural,True,,SMILES OC1C=C2CCN3Cc4cc5c(cc4C(C1O)C23)OCO5
201851,SMILES COC(=O)C(Cc1ccc(Cl)cc1)N1CCCCC1,3.72322083,Natural,True,,SMILES COC(=O)C(Cc1ccc(Cl)cc1)N1CCCCC1
400635,SMILES COc1cc2c3c(c4cc(OC)c(OC)cc4c2cc1OC)C(=O)C1CCC(=O)N1C3,4.78467226,Natural,True,,SMILES COc1cc2c3c(c4cc(OC)c(OC)cc4c2cc1OC)C(=O)C1CCC(=O)N1C3
20778,SMILES CSc1nc([N-]C(C)C)nc(N[N+]#N)n1,4.55514145,Natural,True,,SMILES CSc1nc([N-]C(C)C)nc(N[N+]#N)n1
5732,SMILES Cc1ccc(-c2nc3ccc(C)cn3c2CC(=O)N(C)C)cc1,4.34775734,Natural,True,,SMILES Cc1ccc(-c2nc3ccc(C)cn3c2CC(=O)N(C)C)cc1
300773,SMILES Brc1ccc2c(c1)-c1cc(Br)ccc1C2,4.23813963,Natural,True,,SMILES Brc1ccc2c(c1)-c1cc(Br)ccc1C2
300885,SMILES O=C(N=C(S)Nc1ccccn1)c1ccccc1,3.87509704,Natural,True,,SMILES O=C(N=C(S)Nc1ccccn1)c1ccccc1
400459,SMILES O=[N+]([O-])c1ccc(C2Nn3c(nnc3-c3cccc([N+](=O)[O-])c3)S2)cc1,5.2202282,Natural,True,,SMILES O=[N+]([O-])c1ccc(C2Nn3c(nnc3-c3cccc([N+](=O)[O-])c3)S2)cc1
5443,SMILES O=C(O)c1ccccc1S,4.59842539,Natural,True,,SMILES O=C(O)c1ccccc1S
301200,SMILES CCCCCCC(C)OCC(=O)c1ccccc1,3.81695437,Natural,True,,SMILES CCCCCCC(C)OCC(=O)c1ccccc1
3009,SMILES NCCCC(N)(C(=O)O)C(F)F,2.77961612,Natural,True,,SMILES NCCCC(N)(C(=O)O)C(F)F
300326,SMILES O=C1N(c2ccccc2)SN2C3C=CC(C4CC43)N12,4.04355574,Natural,True,,SMILES O=C1N(c2ccccc2)SN2C3C=CC(C4CC43)N12
400288,SMILES CN(C)c1ccc(C=NNC(=O)c2cc3cc([N+](=O)[O-])ccc3s2)cc1,4.71493769,Natural,True,,SMILES CN(C)c1ccc(C=NNC(=O)c2cc3cc([N+](=O)[O-])ccc3s2)cc1
20476,SMILES CCN(CC)CCC(=O)OC1c2ccccc2-c2ccccc21,4.15558004,Natural,True,,SMILES CCN(CC)CCC(=O)OC1c2ccccc2-c2ccccc21
300410,SMILES CC(=O)n1cc2cc([N+](=O)[O-])ccc2n1,3.45518231,Natural,True,,SMILES CC(=O)n1cc2cc([N+](=O)[O-])ccc2n1
20747,SMILES COc1cc(C(=O)OCCCCN2CCN(c3ccccc3)CC2)cc(OC)c1OC,3.69223857,Natural,True,,SMILES COc1cc(C(=O)OCCCCN2CCN(c3ccccc3)CC2)cc(OC)c1OC
21157,SMILES CCCCS(=N)(=O)CCC(N)C(=O)O,3.91626477,Natural,True,,SMILES CCCCS(=N)(=O)CCC(N)C(=O)O
201955,SMILES CCCCNc1nc(N)nc(CCN2CCN(c3ccc(Cl)cc3)CC2)n1,4.85921621,Natural,True,,SMILES CCCCNc1nc(N)nc(CCN2CCN(c3ccc(Cl)cc3)CC2)n1
300618,SMILES CCOCCN=C(N)C(N)=NCCOCC,3.23621678,Natural,True,,SMILES CCOCCN=C(N)C(N)=NCCOCC
400938,SMILES CCCc1nc2ccccc2nc1Nc1ccc2nnn(CC(=O)OCC)c2c1,6.00561953,Natural,True,,SMILES CCCc1nc2ccccc2nc1Nc1ccc2nnn(CC(=O)OCC)c2c1
300715,SMILES NC(=O)OCCc1c2ccccc2nc2ccccc12,3.58689332,Natural,True,,SMILES NC(=O)OCCc1c2ccccc2nc2ccccc12
200499,,3.00004697,Natural,False,,
301065,SMILES O=C(Oc1ccc([N+](=O)[O-])cc1)c1ccc2ccccc2n1,4.24865961,Natural,True,,SMILES O=C(Oc1ccc([N+](=O)[O-])cc1)c1ccc2ccccc2n1
2880,SMILES C=C(c1ccccc1OCc1cccc(Cl)c1)n1ccnc1,4.28920364,Natural,True,,SMILES C=C(c1ccccc1OCc1cccc(Cl)c1)n1ccnc1
20604,SMILES CC[NH+]1CCc2c(cccc2OC(=O)c2cc(OC)c(OC)c(OC)c2)C1,4.24738073,Natural,True,,SMILES CC[NH+]1CCc2c(cccc2OC(=O)c2cc(OC)c(OC)c(OC)c2)C1
301276,SMILES COP(=O)(O)Oc1ccccc1,5.35513544,Natural,True,,SMILES COP(=O)(O)Oc1ccccc1
400605,SMILES CCN(CC)c1nc(N(C)C)c2ccccc2n1,3.34937501,Natural,True,,SMILES CCN(CC)c1nc(N(C)C)c2ccccc2n1
201391,SMILES Cc1cc(N)ccc1OCCCCCN1C(=O)c2ccccc2C1=O,4.40168238,Natural,True,,SMILES Cc1cc(N)ccc1OCCCCCN1C(=O)c2ccccc2C1=O
6932,SMILES COc1ccc(O)cc1C(C)(C)C,3.54039645,Natural,True,,SMILES COc1ccc(O)cc1C(C)(C)C
400540,SMILES CCOC(C)OC(CO)c1ccccc1,2.82620978,Natural,True,,SMILES CCOC(C)OC(CO)c1ccccc1
2806,SMILES COC(=O)C(c1ccccc1Cl)N1CCc2sccc2C1,4.33634281,Natural,True,,SMILES COC(=O)C(c1ccccc1Cl)N1CCc2sccc2C1
401560,SMILES CC1(C(=O)O)CCCC2(C)C3CCC4(O)CC3(CCC12)CC4(C)O,5.46975517,Natural,True,,SMILES CC1(C(=O)O)CCCC2(C)C3CCC4(O)CC3(CCC12)CC4(C)O
20256,SMILES C=CCC1C(=O)NC(=O)N(C2CCC(O)CC2)C1=O,4.78225708,Natural,True,,SMILES C=CCC1C(=O)NC(=O)N(C2CCC(O)CC2)C1=O
200449,,4.01540709,Natural,False,,
5873,SMILES CC(CN1CCC(O)(c2ccccc2)CC1)N(C(=O)c1ccco1)c1ccccc1,3.96239209,Natural,True,,SMILES CC(CN1CCC(O)(c2ccccc2)CC1)N(C(=O)c1ccco1)c1ccccc1
200320,,4.91558266,Natural,False,,
401026,SMILES C=CCN=C(N)SCCN1C(=O)c2c(c(C)n(-c3ccccc3)c2C)C1=O,4.76248217,Natural,True,,SMILES C=CCN=C(N)SCCN1C(=O)c2c(c(C)n(-c3ccccc3)c2C)C1=O
401662,SMILES O=P(Nc1ccccn1)(Nc1ccccn1)NS(=O)(=O)c1ccccc1,4.93220663,Natural,True,,SMILES O=P(Nc1ccccn1)(Nc1ccccn1)NS(=O)(=O)c1ccccc1
640,SMILES O=c1ccn(C2CC(O)C(CO)O2)c(=O)[nH]1,3.84784317,Natural,True,,SMILES O=c1ccn(C2CC(O)C(CO)O2)c(=O)[nH]1
300432,SMILES O=C1OC(=O)C2C1C1CCC2(C2OCCO2)O1,3.21135306,Natural,True,,SMILES O=C1OC(=O)C2C1C1CCC2(C2OCCO2)O1
20362,SMILES C[N+](C)(C)CCC[n+]1ccc2ccccc2c1,3.09795666,Natural,True,,SMILES C[N+](C)(C)CCC[n+]1ccc2ccccc2c1
401171,SMILES Nc1nccc(-c2c[nH]c3cc(Br)ccc23)n1,4.67930984,Natural,True,,SMILES Nc1nccc(-c2c[nH]c3cc(Br)ccc23)n1
300048,SMILES O=C(O)C1CCC=CC1c1ccccc1,3.47269058,Natural,True,,SMILES O=C(O)C1CCC=CC1c1ccccc1
400821,SMILES Nn1c(S)nnc1CCc1nnc(S)n1N,4.742311,Natural,True,,SMILES Nn1c(S)nnc1CCc1nnc(S)n1N
301238,SMILES NC(=O)C(=NOC(=O)c1ccccc1)c1ccccc1,3.8603878,Natural,True,,SMILES NC(=O)C(=NOC(=O)c1ccccc1)c1ccccc1
401965,SMILES Cn1c2ccc(C3=NCCN3)cc2c2cc(C3=NCCN3)ccc21,4.53115654,Natural,True,,SMILES Cn1c2ccc(C3=NCCN3)cc2c2cc(C3=NCCN3)ccc21
401338,SMILES CC(C)Oc1cccc(N2C(NCCc3c[nH]c4ccccc34)=NS(=O)(=O)c3cnccc32)c1,5.43853998,Natural,True,,SMILES CC(C)Oc1cccc(N2C(NCCc3c[nH]c4ccccc34)=NS(=O)(=O)c3cnccc32)c1
301170,SMILES COC(=O)CCC1CCC(=O)C1,3.49723053,Natural,True,,SMILES COC(=O)CCC1CCC(=O)C1
20459,SMILES CCCOc1nc(Cl)nc(NCC)n1,3.79997897,Natural,True,,SMILES CCCOc1nc(Cl)nc(NCC)n1
6622,SMILES Nc1ccc(S(=O)(=O)c2ccc(NCCO)cc2)cc1,3.27001929,Natural,True,,SMILES Nc1ccc(S(=O)(=O)c2ccc(NCCO)cc2)cc1
201297,SMILES COc1ccc2c(c1O)-c1c3c(cc4c1C(C2)[N+](C)(C)CC4)OCO3,4.63815689,Natural,True,,SMILES COc1ccc2c(c1O)-c1c3c(cc4c1C(C2)[N+](C)(C)CC4)OCO3
955,SMILES O=C(O)CCC(=O)c1ccccc1C(=O)O,3.29335022,Natural,True,,SMILES O=C(O)CCC(=O)c1ccccc1C(=O)O
409,SMILES C[N+]1([O-])CCCC1c1cccnc1,3.47908664,Natural,True,,SMILES C[N+]1([O-])CCCC1c1cccnc1
200321,,4.04882574,Natural,False,,
200288,,4.05258369,Natural,False,,
300004,SMILES CN=C(S)N(C1CCCCC1)C1CCCCC1,3.74970937,Natural,True,,SMILES CN=C(S)N(C1CCCCC1)C1CCCCC1
400097,SMILES CC1(c2cccs2)CC(c2cccs2)=C(C#N)C(=C(C#N)C#N)N1,5.94242239,Natural,True,,SMILES CC1(c2cccs2)CC(c2cccs2)=C(C#N)C(=C(C#N)C#N)N1
300656,SMILES CCP1(=O)Nc2ccccc2N1,2.68091273,Natural,True,,SMILES CCP1(=O)Nc2ccccc2N1
21095,SMILES NCCC1C(=O)Nc2ccccc21,3.0479362,Natural,True,,SMILES NCCC1C(=O)Nc2ccccc21
21171,SMILES COc1ccc2c(c1OC)CN1CCc3cc4c(cc3C1C2)OCO4,4.08417892,Natural,True,,SMILES COc1ccc2c(c1OC)CN1CCc3cc4c(cc3C1C2)OCO4
5363,SMILES OC1CN2CCCC(O)C2C1O,2.60472226,Natural,True,,SMILES OC1CN2CCCC(O)C2C1O
201232,SMILES CS(=O)(=O)c1ccc(-c2cn3ncccc3n2)cc1,5.13843918,Natural,True,,SMILES CS(=O)(=O)c1ccc(-c2cn3ncccc3n2)cc1
201156,SMILES Nc1ccc(-c2ccc(N)c(OS(=O)(=O)O)c2)cc1,3.45567441,Natural,True,,SMILES Nc1ccc(-c2ccc(N)c(OS(=O)(=O)O)c2)cc1
401166,SMILES COc1ccc(OC)c(C2CCc3c(cnc4nc(N)nc(N)c34)C2)c1,5.45738935,Natural,True,,SMILES COc1ccc(OC)c(C2CCc3c(cnc4nc(N)nc(N)c34)C2)c1
301136,SMILES CCOC(=O)C12CCC(CC1)C(C(=O)O)C2C(=O)O,3.32369971,Natural,True,,SMILES CCOC(=O)C12CCC(CC1)C(C(=O)O)C2C(=O)O
5257,SMILES CC1CN(c2c(F)c(N)c3c(=O)c(C(=O)O)cn(C4CC4)c3c2F)CC(C)N1,5.12067413,Natural,True,,SMILES CC1CN(c2c(F)c(N)c3c(=O)c(C(=O)O)cn(C4CC4)c3c2F)CC(C)N1
6889,SMILES O=C1Nc2ccc(Br)cc2C1=O,3.22773099,Natural,True,,SMILES O=C1Nc2ccc(Br)cc2C1=O
300199,SMILES COC1=NS(=O)(=O)CC(c2ccccc2)O1,2.98575377,Natural,True,,SMILES COC1=NS(=O)(=O)CC(c2ccccc2)O1
400930,SMILES COc1ccc(-c2cc(N)n(-c3nc4ccccc4nc3-c3ccccc3)n2)cc1,5.96256018,Natural,True,,SMILES COc1ccc(-c2cc(N)n(-c3nc4ccccc4nc3-c3ccccc3)n2)cc1
6625,SMILES O=S(=O)(c1ccc(Cl)cc1)c1ccc(Cl)cc1,3.38018727,Natural,True,,SMILES O=S(=O)(c1ccc(Cl)cc1)c1ccc(Cl)cc1
300323,SMILES CC12C3C4C5C3C1(C)C(C42)C51OCCO1,4.08038568,Natural,True,,SMILES CC12C3C4C5C3C1(C)C(C42)C51OCCO1
400690,SMILES CC1=NN(c2nc(N)nc(Cn3cnc4cc(C)c(C)cc43)n2)C(C)(C)C1,5.21533298,Natural,True,,SMILES CC1=NN(c2nc(N)nc(Cn3cnc4cc(C)c(C)cc43)n2)C(C)(C)C1
6168,SMILES CCn1cnc(C(=O)NC)c1C(=O)NC,2.87171721,Natural,True,,SMILES CCn1cnc(C(=O)NC)c1C(=O)NC
20758,SMILES OC1Cc2ccccc2C1O,2.9423368,Natural,True,,SMILES OC1Cc2ccccc2C1O
201567,SMILES CNC(Cc1ccccc1)c1ccc(OC)c(OC)c1,3.50502324,Natural,True,,SMILES CNC(Cc1ccccc1)c1ccc(OC)c(OC)c1
2112,SMILES COC(=O)C(C)(N)Cc1ccc(O)cc1,3.32767296,Natural,True,,SMILES COC(=O)C(C)(N)Cc1ccc(O)cc1
400608,SMILES COc1ccc(-c2nc(N(C)C)c3ccccc3n2)cc1,3.99723315,Natural,True,,SMILES COc1ccc(-c2nc(N(C)C)c3ccccc3n2)cc1
201597,SMILES CN(C)CCC(O)(c1ccccc1)c1ccccc1,3.56671715,Natural,True,,SMILES CN(C)CCC(O)(c1ccccc1)c1ccccc1
300508,SMILES CN(C)N=Cc1cccc2ccccc12,3.05292964,Natural,True,,SMILES CN(C)N=Cc1cccc2ccccc12
300478,SMILES CCCCC(CCC)CCC,3.47056842,Natural,True,,SMILES CCCCC(CCC)CCC
300408,SMILES O=[N+]([O-])c1ccccc1-c1nn(-c2ccccc2)c2ccccc12,4.12877417,Natural,True,,SMILES O=[N+]([O-])c1ccccc1-c1nn(-c2ccccc2)c2ccccc12
20443,SMILES O=C(O)C(c1cccs1)c1cccs1,3.41579509,Natural,True,,SMILES O=C(O)C(c1cccs1)c1cccs1
20734,SMILES Cc1cc2c(cc1C)-c1ccccc1C2,4.18938446,Natural,True,,SMILES Cc1cc2c(cc1C)-c1ccccc1C2
301040,SMILES Nc1cc(Cl)c([N+](=O)[O-])c(N)n1,3.63124084,Natural,True,,SMILES Nc1cc(Cl)c([N+](=O)[O-])c(N)n1
6383,SMILES ClC(Cl)(Cl)Br,3.16803241,Natural,True,,SMILES ClC(Cl)(Cl)Br
401865,SMILES c1ccc(C(OCCN2CC3CCC(C2)N3)c2ccccc2)cc1,3.77983856,Natural,True,,SMILES c1ccc(C(OCCN2CC3CCC(C2)N3)c2ccccc2)cc1
6303,SMILES Nc1ncnc2c1ncn2C1OC(CO)CC1O,3.63163686,Natural,True,,SMILES Nc1ncnc2c1ncn2C1OC(CO)CC1O
842,SMILES NC(CCC(=O)NC(CS)C(=O)O)C(=O)O,3.35863185,Natural,True,,SMILES NC(CCC(=O)NC(CS)C(=O)O)C(=O)O
200495,,3.17461133,Natural,False,,
6490,SMILES CC(C)C(=O)OCC(C)(C)C(O)C(C)C,3.55633378,Natural,True,,SMILES CC(C)C(=O)OCC(C)(C)C(O)C(C)C
20223,SMILES CCCNCC(O)c1ccc(O)cc1,3.29599166,Natural,True,,SMILES CCCNCC(O)c1ccc(O)cc1
300072,SMILES CCN=C(N)SCCS(=O)(=O)O,3.63657498,Natural,True,,SMILES CCN=C(N)SCCS(=O)(=O)O
20515,SMILES COc1nc(Cl)nc(NC(C)C)n1,3.45504165,Natural,True,,SMILES COc1nc(Cl)nc(NC(C)C)n1
20863,SMILES CCc1cccc(CC)c1NC1=[NH+]CCN1,3.39255595,Natural,True,,SMILES CCc1cccc(CC)c1NC1=[NH+]CCN1
200015,,3.35268521,Natural,False,,
400444,SMILES N=C(S)N1N=CCC1(O)C(F)(F)F,3.59547043,Natural,True,,SMILES N=C(S)N1N=CCC1(O)C(F)(F)F
20878,SMILES Cc1ccc(N=C(N)N=C(N)[NH3+])c(C)c1,3.68376541,Natural,True,,SMILES Cc1ccc(N=C(N)N=C(N)[NH3+])c(C)c1
5386,SMILES O=c1[nH]c(=O)n(C2CCCO2)cc1F,4.45809126,Natural,True,,SMILES O=c1[nH]c(=O)n(C2CCCO2)cc1F
5471,SMILES CC1(C)SC2C(NC(=O)C(C(=O)O)c3ccsc3)C(=O)N2C1C(=O)O,4.09031296,Natural,True,,SMILES CC1(C)SC2C(NC(=O)C(C(=O)O)c3ccsc3)C(=O)N2C1C(=O)O
201162,SMILES CS(=O)(=O)c1ccccc1-c1nc2ccccn2c1N=O,4.46923447,Natural,True,,SMILES CS(=O)(=O)c1ccccc1-c1nc2ccccn2c1N=O
301334,SMILES CC(=O)Oc1cn(Cc2ccccc2)c2c1C(=O)CC(C)C2,5.11387968,Natural,True,,SMILES CC(=O)Oc1cn(Cc2ccccc2)c2c1C(=O)CC(C)C2
200173,,4.1949544,Natural,False,,
20894,SMILES CC(C)(C)N=C(N)N=C(N)N,3.69011807,Natural,True,,SMILES CC(C)(C)N=C(N)N=C(N)N
21166,SMILES CCN(CC)CCOc1ccc(Cl)cc1C(N)=O,3.81241202,Natural,True,,SMILES CCN(CC)CCOc1ccc(Cl)cc1C(N)=O
201360,SMILES CCOC(=O)COP(=S)(OCC)OCC,3.20065403,Natural,True,,SMILES CCOC(=O)COP(=S)(OCC)OCC
201942,SMILES CC[N+](C)(CC)CCNC(=O)c1ccc([N+](=O)[O-])cc1,3.24944592,Natural,True,,SMILES CC[N+](C)(CC)CCNC(=O)c1ccc([N+](=O)[O-])cc1
2111,SMILES CSCCC(C)(N)C(=O)O,3.46872139,Natural,True,,SMILES CSCCC(C)(N)C(=O)O
200590,,4.7534833,Natural,False,,
5837,SMILES CCC1CC[Si](C)(C)CC12C(=O)NC(=O)NC2=O,3.86333156,Natural,True,,SMILES CCC1CC[Si](C)(C)CC12C(=O)NC(=O)NC2=O
300494,SMILES O=C(OCc1ccccc1CN1CCCCC1)c1cccc(Cl)c1,3.70479321,Natural,True,,SMILES O=C(OCc1ccccc1CN1CCCCC1)c1cccc(Cl)c1
50144,SMILES CC(C)OC(Cl)=C(Cl)C(Cl)=C(Cl)Cl,3.54747963,Natural,True,,SMILES CC(C)OC(Cl)=C(Cl)C(Cl)=C(Cl)Cl
301041,SMILES CC(=O)Nc1nc2oc(C)nc2c(=O)[nH]1,4.07998228,Natural,True,,SMILES CC(=O)Nc1nc2oc(C)nc2c(=O)[nH]1
401634,SMILES CCCCC(=C=C1CCCCC1O)C1CCCN1C(=O)OC(C)(C)C,5.06228971,Natural,True,,SMILES CCCCC(=C=C1CCCCC1O)C1CCCN1C(=O)OC(C)(C)C
6667,SMILES Nc1c(S(=O)(=O)O)ccc2ccccc12,3.96275735,Natural,True,,SMILES Nc1c(S(=O)(=O)O)ccc2ccccc12
300209,SMILES COC(=O)NS(=O)(=O)c1cccn1C,3.97426796,Natural,True,,SMILES COC(=O)NS(=O)(=O)c1cccn1C
20501,SMILES O=C(O)c1cc(O)c(O)cc(=O)c1,2.95883465,Natural,True,,SMILES O=C(O)c1cc(O)c(O)cc(=O)c1
6543,SMILES COP(=S)(OC)SCc1nc(N)nc(N)n1,3.17171359,Natural,True,,SMILES COP(=S)(OC)SCc1nc(N)nc(N)n1
400833,SMILES O=C(Nc1nn2c(Cc3ccccc3)nnc2s1)c1ccccc1,4.79754686,Natural,True,,SMILES O=C(Nc1nn2c(Cc3ccccc3)nnc2s1)c1ccccc1
6627,SMILES Cl[Si](Cl)(c1ccccc1)c1ccccc1,3.55754089,Natural,True,,SMILES Cl[Si](Cl)(c1ccccc1)c1ccccc1
400464,SMILES O=[N+]([O-])c1ccc(C(S)=Nc2ccccc2)o1,3.51798844,Natural,True,,SMILES O=[N+]([O-])c1ccc(C(S)=Nc2ccccc2)o1
201505,SMILES CCCNC(=O)N(Cc1ccccc1)C(N)=O,4.00581169,Natural,True,,SMILES CCCNC(=O)N(Cc1ccccc1)C(N)=O
5906,SMILES CC(N)C(O)c1cccc(O)c1,3.04612851,Natural,True,,SMILES CC(N)C(O)c1cccc(O)c1
20962,SMILES N#CCN(CC#N)C1CCCCC1,3.13542557,Natural,True,,SMILES N#CCN(CC#N)C1CCCCC1
20257,SMILES COc1ccc2c(c1)CCC(c1ccccc1)C2(O)c1ccccc1,5.02752733,Natural,True,,SMILES COc1ccc2c(c1)CCC(c1ccccc1)C2(O)c1ccccc1
200004,,4.54576921,Natural,False,,
401179,SMILES C=Cc1nc2c(Cl)ncnc2n1Cc1ccccc1,4.3920846,Natural,True,,SMILES C=Cc1nc2c(Cl)ncnc2n1Cc1ccccc1
401024,SMILES Cc1c2c(c(C)n1-c1ccccc1)C(=O)N(CCN1CCSCC1)C2=O,4.59844065,Natural,True,,SMILES Cc1c2c(c(C)n1-c1ccccc1)C(=O)N(CCN1CCSCC1)C2=O
2954,SMILES N=C(N)c1ccc(-c2cc3ccc(C(=N)N)cc3[nH]2)cc1,3.73020816,Natural,True,,SMILES N=C(N)c1ccc(-c2cc3ccc(C(=N)N)cc3[nH]2)cc1
201295,SMILES CCC(CCN1CCOCC1)(C(=O)O)c1cccc2ccccc12,4.61920404,Natural,True,,SMILES CCC(CCN1CCOCC1)(C(=O)O)c1cccc2ccccc12
401974,SMILES Cn1c2c(c3c(=O)[nH]ncc31)Cc1ccccc1-2,3.65834498,Natural,True,,SMILES Cn1c2c(c3c(=O)[nH]ncc31)Cc1ccccc1-2
2004,,3.2512567,Natural,False,,
201367,SMILES CC(Cc1ccccc1)NCc1cccc(C(F)(F)F)c1,3.80445218,Natural,True,,SMILES CC(Cc1ccccc1)NCc1cccc(C(F)(F)F)c1
300576,SMILES COc1ccc2ccccc2c1C1NC(=O)c2ccccc2N1,4.150949,Natural,True,,SMILES COc1ccc2ccccc2c1C1NC(=O)c2ccccc2N1
401058,SMILES CC1(C2C=CC3COc4ccccc4C3C2)C(=O)CCCC1=O,4.93682671,Natural,True,,SMILES CC1(C2C=CC3COc4ccccc4C3C2)C(=O)CCCC1=O
300605,SMILES CCC(=O)OC(=N)C(=N)OC(=O)CC,3.51375127,Natural,True,,SMILES CCC(=O)OC(=N)C(=N)OC(=O)CC
5511,SMILES Cc1ccc(C(=O)C(C)CN2CCCCC2)cc1,3.42441177,Natural,True,,SMILES Cc1ccc(C(=O)C(C)CN2CCCCC2)cc1
401842,SMILES NCCC(=O)N1CCN(CCCc2ccccc2)CC1,3.05669403,Natural,True,,SMILES NCCC(=O)N1CCN(CCCc2ccccc2)CC1
6790,SMILES Nc1ccc(S(=O)(=O)O)c2ccccc12,3.11461163,Natural,True,,SMILES Nc1ccc(S(=O)(=O)O)c2ccccc12
6458,SMILES Cl[Si](c1ccccc1)(c1ccccc1)c1ccccc1,4.23256254,Natural,True,,SMILES Cl[Si](c1ccccc1)(c1ccccc1)c1ccccc1
401349,SMILES O=C(c1ccco1)N(C(=O)N1CCN(c2ccccc2)CC1)S(=O)(=O)c1ccccc1,4.04835939,Natural,True,,SMILES O=C(c1ccco1)N(C(=O)N1CCN(c2ccccc2)CC1)S(=O)(=O)c1ccccc1
200415,,3.11894679,Natural,False,,
200468,,5.06423521,Natural,False,,
401365,SMILES O=C(c1ccccc1)N(Cc1cccnc1)C(=S)N(Cc1cccnc1)C(=O)c1ccccc1,5.16760445,Natural,True,,SMILES O=C(c1ccccc1)N(Cc1cccnc1)C(=S)N(Cc1cccnc1)C(=O)c1ccccc1
200496,,3.3316021,Natural,False,,
300982,SMILES COc1ccc(C2CC(O)C3CCC2C3)cc1,4.55224228,Natural,True,,SMILES COc1ccc(C2CC(O)C3CCC2C3)cc1
201164,SMILES CN1CCC23c4c5ccc(O)c4OC2C(O)C=CC3(O)C1C5,4.48466587,Natural,True,,SMILES CN1CCC23c4c5ccc(O)c4OC2C(O)C=CC3(O)C1C5
201468,SMILES O=C(CCC(=O)N1CCOCC1)c1ccccc1,4.17827082,Natural,True,,SMILES O=C(CCC(=O)N1CCOCC1)c1ccccc1
200576,,2.88872528,Natural,False,,
21217,SMILES CCn1cc(C(O)CN(C)C)c2ccccc21,3.19815183,Natural,True,,SMILES CCn1cc(C(O)CN(C)C)c2ccccc21
201195,SMILES COc1cc(C(=O)N2CCN(Cc3ccc4c(c3)OCO4)CC2)cc(OC)c1OC,3.91747856,Natural,True,,SMILES COc1cc(C(=O)N2CCN(Cc3ccc4c(c3)OCO4)CC2)cc(OC)c1OC
2945,SMILES O=c1ccc2c(O)c(-c3ccc(O)cc3)coc-2c1,4.25055408,Natural,True,,SMILES O=c1ccc2c(O)c(-c3ccc(O)cc3)coc-2c1
200219,,5.66567469,Natural,False,,
401411,SMILES O=C1CS(=O)(=O)C(c2cccc(Oc3ccccc3)c2)N1c1ccccc1,5.09467459,Natural,True,,SMILES O=C1CS(=O)(=O)C(c2cccc(Oc3ccccc3)c2)N1c1ccccc1
301183,SMILES COc1ccc(C(=O)C(C)(C)C)cc1,3.65175128,Natural,True,,SMILES COc1ccc(C(=O)C(C)(C)C)cc1
20702,SMILES Cc1cc(C(=O)c2ccc(O)cc2)c(C)o1,3.94218135,Natural,True,,SMILES Cc1cc(C(=O)c2ccc(O)cc2)c(C)o1
201849,SMILES CCOc1c(OC)ccc2c1C13CCCCC1(O)C(C2)N(C)CC3,5.07467461,Natural,True,,SMILES CCOc1c(OC)ccc2c1C13CCCCC1(O)C(C2)N(C)CC3
2949,SMILES C#CC1(O)CCC2C3CCC4=Cc5oncc5CC4(C)C3CCC21C,5.61579132,Natural,True,,SMILES C#CC1(O)CCC2C3CCC4=Cc5oncc5CC4(C)C3CCC21C
201359,SMILES CCOC(=O)CCSP(=O)(OCC)OCC,3.26160836,Natural,True,,SMILES CCOC(=O)CCSP(=O)(OCC)OCC
401345,SMILES O=C(c1ccc(Cl)cc1)N(C(=O)N1CCN(c2ccccc2)CC1)S(=O)(=O)c1ccccc1,4.69249773,Natural,True,,SMILES O=C(c1ccc(Cl)cc1)N(C(=O)N1CCN(c2ccccc2)CC1)S(=O)(=O)c1ccccc1
5679,SMILES NCCCCNS(=O)(=O)c1cccc2ccccc12,3.17401671,Natural,True,,SMILES NCCCCNS(=O)(=O)c1cccc2ccccc12
6663,SMILES CCc1ccc2c(c1)C(C)(C)CCC2(C)C,4.11007214,Natural,True,,SMILES CCc1ccc2c(c1)C(C)(C)CCC2(C)C
201294,SMILES COc1ccc(-c2[nH]c(C(=O)O)c(C(=O)O)c2-c2ccc(OC)cc2)cc1,4.31745672,Natural,True,,SMILES COc1ccc(-c2[nH]c(C(=O)O)c(C(=O)O)c2-c2ccc(OC)cc2)cc1
201755,SMILES CCN(CC)CCNC(=O)C(C)N(C)c1ccc(Cl)cc1,3.633847,Natural,True,,SMILES CCN(CC)CCNC(=O)C(C)N(C)c1ccc(Cl)cc1
300959,SMILES CCOC(=O)C1CC2CCC1CC2,4.1533103,Natural,True,,SMILES CCOC(=O)C1CC2CCC1CC2
5734,SMILES NS(=O)(=O)Cc1noc2ccccc12,4.03162336,Natural,True,,SMILES NS(=O)(=O)Cc1noc2ccccc12
922,SMILES CNC(=O)CCC(N)C(=O)O,2.85600543,Natural,True,,SMILES CNC(=O)CCC(N)C(=O)O
5615,SMILES CC(C)Oc1cccnc1N(C)C1CCN(Cc2ccccc2)CC1,4.06967735,Natural,True,,SMILES CC(C)Oc1cccnc1N(C)C1CCN(Cc2ccccc2)CC1
201228,SMILES CS(=O)(=O)c1ccc(-c2nc3sccn3c2CN2CCOCC2)cc1,5.0117507,Natural,True,,SMILES CS(=O)(=O)c1ccc(-c2nc3sccn3c2CN2CCOCC2)cc1
5380,SMILES CCCCOC(=O)C(=O)Nc1cccc(-c2nn[nH]n2)c1,4.33067417,Natural,True,,SMILES CCCCOC(=O)C(=O)Nc1cccc(-c2nn[nH]n2)c1
300303,SMILES Cc1ccc(S(=O)(=O)ON=CC23c4ccccc4C4C(c5ccccc52)C43)cc1,4.92037058,Natural,True,,SMILES Cc1ccc(S(=O)(=O)ON=CC23c4ccccc4C4C(c5ccccc52)C43)cc1
5681,SMILES NCCCCCCNS(=O)(=O)c1cccc2c(Cl)cccc12,4.10601711,Natural,True,,SMILES NCCCCCCNS(=O)(=O)c1cccc2c(Cl)cccc12
6448,SMILES CC(=O)OC1CC2CCC1(C)C2(C)C,4.80270147,Natural,True,,SMILES CC(=O)OC1CC2CCC1(C)C2(C)C
20300,SMILES COc1ccc2c(c1)CCC(c1ccccc1)C2(O)c1ccc(F)cc1,4.65803671,Natural,True,,SMILES COc1ccc2c(c1)CCC(c1ccccc1)C2(O)c1ccc(F)cc1
301408,SMILES O=[N+]([O-])c1c(Cl)nc2sccn12,3.38891959,Natural,True,,SMILES O=[N+]([O-])c1c(Cl)nc2sccn12
5715,SMILES COc1ccc(CC[NH+](C)CCc2ccc(OC)c(OC)c2)cc1OC,4.04972267,Natural,True,,SMILES COc1ccc(CC[NH+](C)CCc2ccc(OC)c(OC)c2)cc1OC
66,SMILES Oc1cc(Cl)ccc1Cl,4.08494997,Natural,True,,SMILES Oc1cc(Cl)ccc1Cl
6794,SMILES c1cc[n+]2c(c1)-c1cccc[n+]1CC2,3.23024654,Natural,True,,SMILES c1cc[n+]2c(c1)-c1cccc[n+]1CC2
400918,SMILES CS(=O)(=O)N1CCn2c1nc1ccccc12,3.2371347,Natural,True,,SMILES CS(=O)(=O)N1CCn2c1nc1ccccc12
2777,SMILES O=C(NCCCCN1CCOCC1)c1cc2ccccc2o1,3.42299342,Natural,True,,SMILES O=C(NCCCCN1CCOCC1)c1cc2ccccc2o1
400885,SMILES CCCCC1Cc2ccccc2-c2nc3ccccc3n21,4.32333803,Natural,True,,SMILES CCCCC1Cc2ccccc2-c2nc3ccccc3n21
300167,SMILES CCSc1ncc(C)c(Cl)n1,3.35387611,Natural,True,,SMILES CCSc1ncc(C)c(Cl)n1
20780,SMILES CCC(C)Nc1nc(Cl)nc(SC)n1,3.8238976,Natural,True,,SMILES CCC(C)Nc1nc(Cl)nc(SC)n1
301259,SMILES CCNC(C)(C)C(SS(=O)(=O)O)c1ccc(Cl)s1,3.46856189,Natural,True,,SMILES CCNC(C)(C)C(SS(=O)(=O)O)c1ccc(Cl)s1
6088,SMILES CNCCc1c[nH]c2ccccc12,2.93845534,Natural,True,,SMILES CNCCc1c[nH]c2ccccc12
21001,SMILES O=C(Nc1ccc(F)cc1)OCc1ccncc1,3.37691975,Natural,True,,SMILES O=C(Nc1ccc(F)cc1)OCc1ccncc1
5474,SMILES Cn1cc(OCC(O)CNC(C)(C)C)c2ccccc2c1=O,3.62024236,Natural,True,,SMILES Cn1cc(OCC(O)CNC(C)(C)C)c2ccccc2c1=O
300646,SMILES Cc1cc(N)c(S)cc1C,3.10754848,Natural,True,,SMILES Cc1cc(N)c(S)cc1C
300480,SMILES CNC1(Cc2ccc(F)cc2)CCC1,3.12082267,Natural,True,,SMILES CNC1(Cc2ccc(F)cc2)CCC1
300861,SMILES N#CC(=Cc1ccncc1)c1csc2ccccc12,4.58474016,Natural,True,,SMILES N#CC(=Cc1ccncc1)c1csc2ccccc12
200072,,3.90574861,Natural,False,,
200435,,4.09878683,Natural,False,,
401744,SMILES COC(=O)C12CCC3CCC(C(c4ccccc4)N1C(=O)c1cc([N+](=O)[O-])cc([N+](=O)[O-])c1)C32,5.06471205,Natural,True,,SMILES COC(=O)C12CCC3CCC(C(c4ccccc4)N1C(=O)c1cc([N+](=O)[O-])cc([N+](=O)[O-])c1)C32
401559,SMILES CC12CCC3C(CCC4C(C)(C(=O)O)CCCC34C)(CC(=O)O1)C2,5.00542498,Natural,True,,SMILES CC12CCC3C(CCC4C(C)(C(=O)O)CCCC34C)(CC(=O)O1)C2
300654,SMILES CN1c2ccccc2NP1(=S)c1ccccc1,3.41888046,Natural,True,,SMILES CN1c2ccccc2NP1(=S)c1ccccc1
201486,SMILES OC(CN1CCCC1)(c1ccccc1)c1ccccc1,3.590523,Natural,True,,SMILES OC(CN1CCCC1)(c1ccccc1)c1ccccc1
301394,SMILES CC(=O)N1C=Cn2c(cnc2C)C1O,3.70858765,Natural,True,,SMILES CC(=O)N1C=Cn2c(cnc2C)C1O
300438,SMILES N#Cc1ccccc1OCCCOc1ccccc1C#N,3.6682198,Natural,True,,SMILES N#Cc1ccccc1OCCCOc1ccccc1C#N
301329,SMILES O=C(O)C(=O)Nc1ncn[nH]1,3.85825801,Natural,True,,SMILES O=C(O)C(=O)Nc1ncn[nH]1
400656,SMILES Cc1ccc(Nc2nnc3n2S(=O)(=O)c2cc(C)c(Cl)cc2S3)cc1,5.31678343,Natural,True,,SMILES Cc1ccc(Nc2nnc3n2S(=O)(=O)c2cc(C)c(Cl)cc2S3)cc1
20789,SMILES CC(CNC(=O)OCCO)c1ccccc1,3.80945468,Natural,True,,SMILES CC(CNC(=O)OCCO)c1ccccc1
5740,SMILES CCOc1cc2ncnc(Nc3cccc(-c4csc(CO)n4)c3)c2cc1OCC,5.52557421,Natural,True,,SMILES CCOc1cc2ncnc(Nc3cccc(-c4csc(CO)n4)c3)c2cc1OCC
400633,SMILES CCCCCOC(=O)Nc1nc(=O)n(C2OC(C)C(O)C2O)cc1F,4.6081028,Natural,True,,SMILES CCCCCOC(=O)Nc1nc(=O)n(C2OC(C)C(O)C2O)cc1F
5458,SMILES CNCC(O)c1ccc(O)c(C2(O)c3ccccc3-[n+]3ccc4c([nH]c5ccccc54)c32)c1,5.04881239,Natural,True,,SMILES CNCC(O)c1ccc(O)c(C2(O)c3ccccc3-[n+]3ccc4c([nH]c5ccccc54)c32)c1
6969,SMILES O=C1NC(=O)c2cc([N+](=O)[O-])ccc21,3.68563151,Natural,True,,SMILES O=C1NC(=O)c2cc([N+](=O)[O-])ccc21
20148,SMILES O=C(O)c1ccc(OCC(O)CO)cc1,2.9784832,Natural,True,,SMILES O=C(O)c1ccc(OCC(O)CO)cc1
300801,SMILES CCOC(=O)CN1C(=O)CC2CCCCC21,4.14914846,Natural,True,,SMILES CCOC(=O)CN1C(=O)CC2CCCCC21
200463,,3.59891391,Natural,False,,
5786,SMILES O=C(O)c1cc(Cl)c(Cl)cc1Cl,4.2704668,Natural,True,,SMILES O=C(O)c1cc(Cl)c(Cl)cc1Cl
301306,SMILES COc1ccc(C=Nc2oc(-c3ccc(OC)cc3)nc2SC)cc1,4.88946152,Natural,True,,SMILES COc1ccc(C=Nc2oc(-c3ccc(OC)cc3)nc2SC)cc1
401987,SMILES Cc1ccc(OCc2nn3c(=O)c(C)nnc3s2)cc1,4.46147966,Natural,True,,SMILES Cc1ccc(OCc2nn3c(=O)c(C)nnc3s2)cc1
2782,SMILES Clc1ccc(Cn2c(CN3CCCC3)nc3ccccc32)cc1,3.77505612,Natural,True,,SMILES Clc1ccc(Cn2c(CN3CCCC3)nc3ccccc32)cc1
300979,SMILES O=C(On1c(-c2ccccc2)cc2ccccc21)c1ccc([N+](=O)[O-])cc1,5.64216566,Natural,True,,SMILES O=C(On1c(-c2ccccc2)cc2ccccc21)c1ccc([N+](=O)[O-])cc1
6535,SMILES CCOP(=O)(OCC)OCC,3.12142372,Natural,True,,SMILES CCOP(=O)(OCC)OCC
50034,SMILES COc1cccc(NC(=O)OCC[NH+](C)C)c1,2.89106369,Natural,True,,SMILES COc1cccc(NC(=O)OCC[NH+](C)C)c1
201944,SMILES CC[N+](C)(CC)CCN(C(=O)c1ccc([N+](=O)[O-])cc1)c1ccccc1,3.80402756,Natural,True,,SMILES CC[N+](C)(CC)CCN(C(=O)c1ccc([N+](=O)[O-])cc1)c1ccccc1
6633,SMILES Cc1ccc(S(=O)(=O)NC2CCCCC2)cc1,3.62207031,Natural,True,,SMILES Cc1ccc(S(=O)(=O)NC2CCCCC2)cc1
300083,SMILES CCOC(=O)CC(C)(O)C1CC1,4.0078187,Natural,True,,SMILES CCOC(=O)CC(C)(O)C1CC1
300703,SMILES CC(=O)SCC1C(=O)n2c(cc3ccccc32)C(=O)N1C,4.01225853,Natural,True,,SMILES CC(=O)SCC1C(=O)n2c(cc3ccccc32)C(=O)N1C
301128,SMILES N#Cc1cnn2c(S)ncnc12,3.16969752,Natural,True,,SMILES N#Cc1cnn2c(S)ncnc12
300939,SMILES COc1ccc(C=Cc2cnccn2)cc1OC,3.97960162,Natural,True,,SMILES COc1ccc(C=Cc2cnccn2)cc1OC
200269,,3.21491122,Natural,False,,
6935,SMILES Cc1cc(S(=O)(=O)O)c(N)cc1Cl,4.18748713,Natural,True,,SMILES Cc1cc(S(=O)(=O)O)c(N)cc1Cl
200257,,3.78109574,Natural,False,,
300308,SMILES COC(=O)c1nnc(C(=O)OC)nn1,3.16375709,Natural,True,,SMILES COC(=O)c1nnc(C(=O)OC)nn1
201535,SMILES Cc1cc(C(F)(F)F)nc(NS(=O)(=O)c2ccc(N)cc2)n1,4.06800413,Natural,True,,SMILES Cc1cc(C(F)(F)F)nc(NS(=O)(=O)c2ccc(N)cc2)n1
201146,SMILES CCN(CC)CCC(c1ccccc1)c1ccccc1,4.37991381,Natural,True,,SMILES CCN(CC)CCC(c1ccccc1)c1ccccc1
401391,SMILES CC(NC(=O)c1ccccc1SC(=O)CCCCC[n+]1ccccc1)C(N)=O,4.78762245,Natural,True,,SMILES CC(NC(=O)c1ccccc1SC(=O)CCCCC[n+]1ccccc1)C(N)=O
200294,,4.00868797,Natural,False,,
5395,SMILES CC1(C)CC(O)CC(C)(C)N1O,3.6886797,Natural,True,,SMILES CC1(C)CC(O)CC(C)(C)N1O
21167,SMILES Cc1cc2ccccc2cc1[NH3+],3.10348773,Natural,True,,SMILES Cc1cc2ccccc2cc1[NH3+]
401837,SMILES Nc1ccc2c(=O)[nH]c(=O)[nH]c2c1,3.22755742,Natural,True,,SMILES Nc1ccc2c(=O)[nH]c(=O)[nH]c2c1
201808,SMILES CC(=O)NNC(=O)CSSCC(=O)NNC(C)=O,3.79418111,Natural,True,,SMILES CC(=O)NNC(=O)CSSCC(=O)NNC(C)=O
20124,SMILES O=[N+]([O-])N1CCN([N+](=O)[O-])CC1,3.12099838,Natural,True,,SMILES O=[N+]([O-])N1CCN([N+](=O)[O-])CC1
401211,SMILES O=c1nc(N2CCN(c3ccccc3)CC2)ccn1C1OC(CO)C(O)C1O,4.40863419,Natural,True,,SMILES O=c1nc(N2CCN(c3ccccc3)CC2)ccn1C1OC(CO)C(O)C1O
2097,SMILES C=C(C)CNc1ccc(C(C)C(=O)O)cc1,3.79294848,Natural,True,,SMILES C=C(C)CNc1ccc(C(C)C(=O)O)cc1
401819,SMILES COc1cccc(CC(=O)N2CCN(CCCc3ccccc3)CC2)c1,3.48702312,Natural,True,,SMILES COc1cccc(CC(=O)N2CCN(CCCc3ccccc3)CC2)c1
400009,SMILES O=C1OCC(c2ccccc2)N2OC3CCCC3C12,4.27082062,Natural,True,,SMILES O=C1OCC(c2ccccc2)N2OC3CCCC3C12
200507,,4.0119257,Natural,False,,
20954,SMILES CCC(C)CCC(C)CC(=O)O,4.38886595,Natural,True,,SMILES CCC(C)CCC(C)CC(=O)O
300442,SMILES N#Cc1ccc(Cc2ccc(C#N)cc2)cc1,3.35354495,Natural,True,,SMILES N#Cc1ccc(Cc2ccc(C#N)cc2)cc1
200143,,3.50205612,Natural,False,,
400924,SMILES Cc1ccc(NCc2nnc3c(-c4ccccc4)nc4ccccc4n23)cc1,4.81355047,Natural,True,,SMILES Cc1ccc(NCc2nnc3c(-c4ccccc4)nc4ccccc4n23)cc1
5015,SMILES CCC(CC)(CC)CC(=O)Nc1c(C)cccc1C,4.20375395,Natural,True,,SMILES CCC(CC)(CC)CC(=O)Nc1c(C)cccc1C
200304,,2.71943879,Natural,False,,
21135,SMILES NC1CC1OC1CCCCC1,3.19413948,Natural,False,,
20850,SMILES C=CCNC(C)CCC=C(C)C,3.58885098,Natural,True,,SMILES C=CCNC(C)CCC=C(C)C
201814,SMILES CNC(=O)Oc1ccccc1C(OC)OC,3.62498975,Natural,True,,SMILES CNC(=O)Oc1ccccc1C(OC)OC
5492,SMILES C[N+](C)(C)c1cccc(C(=O)C(F)(F)F)c1,3.15895629,Natural,True,,SMILES C[N+](C)(C)c1cccc(C(=O)C(F)(F)F)c1
301190,SMILES CC(CC1CC=CCC1)C(=O)c1ccccc1,4.20109797,Natural,True,,SMILES CC(CC1CC=CCC1)C(=O)c1ccccc1
401328,SMILES O=C(CCc1c[nH]c2ccccc12)NS(=O)(=O)c1cnccc1Nc1ccccc1,5.47063875,Natural,True,,SMILES O=C(CCc1c[nH]c2ccccc12)NS(=O)(=O)c1cnccc1Nc1ccccc1
300163,SMILES O=C(O)CSC(Cc1ccccc1)N1CCC(Br)CC1,3.23169112,Natural,True,,SMILES O=C(O)CSC(Cc1ccccc1)N1CCC(Br)CC1
300211,SMILES COC1=NS(=O)(=O)N=C(c2ccc(OC)cc2)O1,3.29302478,Natural,True,,SMILES COC1=NS(=O)(=O)N=C(c2ccc(OC)cc2)O1
400218,SMILES O=C1NC2c3c(Br)sc(N4CCCC4)c3C(=O)C2O1,3.62558556,Natural,True,,SMILES O=C1NC2c3c(Br)sc(N4CCCC4)c3C(=O)C2O1
301030,SMILES OCC1OC(Nc2ncnc3snnc23)C(O)C1O,3.44082999,Natural,True,,SMILES OCC1OC(Nc2ncnc3snnc23)C(O)C1O
5787,SMILES O=C(O)c1ccc(Cl)cc1Cl,3.40325642,Natural,True,,SMILES O=C(O)c1ccc(Cl)cc1Cl
5556,SMILES Cc1nnc2n1-c1ccc(Cl)cc1C(c1ccccc1Cl)=NC2,6.09757757,Natural,True,,SMILES Cc1nnc2n1-c1ccc(Cl)cc1C(c1ccccc1Cl)=NC2
201222,SMILES SC1=NCC(COc2ccc(Cl)cc2)O1,2.8876164,Natural,True,,SMILES SC1=NCC(COc2ccc(Cl)cc2)O1
50013,SMILES CCCCCCCC(=O)OCc1ccc(I)cc1,4.32080364,Natural,True,,SMILES CCCCCCCC(=O)OCc1ccc(I)cc1
21100,SMILES CNCC(O)c1ccc(O)c(OC)c1,2.94688225,Natural,True,,SMILES CNCC(O)c1ccc(O)c(OC)c1
5325,SMILES Cc1ccnc(NS(=O)(=O)c2ccc(N)cc2)n1,3.69310665,Natural,True,,SMILES Cc1ccnc(NS(=O)(=O)c2ccc(N)cc2)n1
20208,SMILES COc1cc(C(C)=O)c(O)cc1C,2.94745636,Natural,True,,SMILES COc1cc(C(C)=O)c(O)cc1C
301298,SMILES CONS(=O)c1ccc(Cl)cc1,2.71206355,Natural,True,,SMILES CONS(=O)c1ccc(Cl)cc1
401776,SMILES CC1OC(C)(CO)C(O)C1(C)O,2.96780801,Natural,True,,SMILES CC1OC(C)(CO)C(O)C1(C)O
3964,SMILES CN1CCN(C2=Nc3ccccc3Oc3ccc(Cl)cc32)CC1,4.37651205,Natural,True,,SMILES CN1CCN(C2=Nc3ccccc3Oc3ccc(Cl)cc32)CC1
20945,SMILES Cc1cc([N+](=O)[O-])cc(C)[n+]1[O-],3.05884147,Natural,True,,SMILES Cc1cc([N+](=O)[O-])cc(C)[n+]1[O-]
200207,,3.1092968,Natural,False,,
300310,SMILES CC1=C(C)C2(C)C1(C)C1(C)NN=NC12c1ccccc1,4.03835344,Natural,True,,SMILES CC1=C(C)C2(C)C1(C)C1(C)NN=NC12c1ccccc1
200370,,2.90065956,Natural,False,,
200355,,3.29047585,Natural,False,,
300701,SMILES CN(CC(=O)O)C(=O)c1cc2ccccc2[nH]1,3.11569858,Natural,True,,SMILES CN(CC(=O)O)C(=O)c1cc2ccccc2[nH]1
5321,SMILES Nc1ccc(S(=O)(=O)Nc2cnnc(Cl)c2)cc1,4.11188936,Natural,True,,SMILES Nc1ccc(S(=O)(=O)Nc2cnnc(Cl)c2)cc1
20617,SMILES Oc1c(Cl)cc(Cl)cc1Br,3.85711575,Natural,True,,SMILES Oc1c(Cl)cc(Cl)cc1Br
410,SMILES CN1CCCC1c1ccc[n+](C2OC(C(=O)O)C(O)C(O)C2O)c1,3.14406705,Natural,True,,SMILES CN1CCCC1c1ccc[n+](C2OC(C(=O)O)C(O)C(O)C2O)c1
401529,SMILES O=C(Cc1ccccc1)NN=Cc1ccc2c(c1)OCO2,4.3778882,Natural,True,,SMILES O=C(Cc1ccccc1)NN=Cc1ccc2c(c1)OCO2
200302,,4.02725458,Natural,False,,
401313,SMILES OCC1CCCN(Cc2ccc(CN3CCCC(CO)C3)cc2)C1,3.42109227,Natural,True,,SMILES OCC1CCCN(Cc2ccc(CN3CCCC(CO)C3)cc2)C1
50148,SMILES N=C(N)[NH2+]Cc1ccc2ccccc2n1,3.66947484,Natural,True,,SMILES N=C(N)[NH2+]Cc1ccc2ccccc2n1
20291,SMILES CC[NH+](CC)CCOC(=O)c1cc(OC)c(OC)c(OC)c1,3.10108161,Natural,True,,SMILES CC[NH+](CC)CCOC(=O)c1cc(OC)c(OC)c(OC)c1
300496,SMILES O=C(OCc1ccccc1CN1CCCCC1)c1ccc([N+](=O)[O-])cc1Cl,4.51066923,Natural,True,,SMILES O=C(OCc1ccccc1CN1CCCCC1)c1ccc([N+](=O)[O-])cc1Cl
200200,,2.79279351,Natural,False,,
200315,,4.97895145,Natural,False,,
300879,SMILES COc1ccc(CCN=C(S)NN)cc1OC,3.87974858,Natural,True,,SMILES COc1ccc(CCN=C(S)NN)cc1OC
300245,SMILES CCC1CC(C2CC(C)C(O)C(CC)C2)CC(C)C1O,4.93653679,Natural,True,,SMILES CCC1CC(C2CC(C)C(O)C(CC)C2)CC(C)C1O
20504,SMILES CCCCNCC1COc2ccccc2O1,3.2535584,Natural,True,,SMILES CCCCNCC1COc2ccccc2O1
301223,SMILES CN(C)c1ccc(S(=O)(=O)c2ccc(N(C)C)c([N+](=O)[O-])c2)cc1[N+](=O)[O-],3.89107513,Natural,True,,SMILES CN(C)c1ccc(S(=O)(=O)c2ccc(N(C)C)c([N+](=O)[O-])c2)cc1[N+](=O)[O-]
400428,SMILES COc1cc(-c2c[nH]c3ccccc23)nc(-c2c[nH]c3ccccc23)n1,4.59817648,Natural,True,,SMILES COc1cc(-c2c[nH]c3ccccc23)nc(-c2c[nH]c3ccccc23)n1
301269,SMILES CC(=O)n1cc(C2CC(=O)OC3=C2CC(=O)C(C)(C)C3)c2ccccc21,5.25086546,Natural,True,,SMILES CC(=O)n1cc(C2CC(=O)OC3=C2CC(=O)C(C)(C)C3)c2ccccc21
400201,SMILES O=C1CNC(=O)C(Cc2ccc(OCc3ccccc3)cn2)N1,4.029387,Natural,True,,SMILES O=C1CNC(=O)C(Cc2ccc(OCc3ccccc3)cn2)N1
20129,SMILES CC(CO)Oc1ccccc1,3.8265934,Natural,True,,SMILES CC(CO)Oc1ccccc1
400269,SMILES O=C1C(=O)N(CCc2c[nH]c3ccccc23)C(c2ccccc2)C1C(=O)c1ccccc1,5.01308775,Natural,True,,SMILES O=C1C(=O)N(CCc2c[nH]c3ccccc23)C(c2ccccc2)C1C(=O)c1ccccc1
5812,SMILES O=C(O)c1cc(Cl)c(Cl)c(Cl)c1,3.60194659,Natural,True,,SMILES O=C(O)c1cc(Cl)c(Cl)c(Cl)c1
200577,,3.37932849,Natural,False,,
200381,,3.41503215,Natural,False,,
5340,SMILES Nc1ccc(S(=O)(=O)Nc2nccs2)cc1,3.40588832,Natural,True,,SMILES Nc1ccc(S(=O)(=O)Nc2nccs2)cc1
301419,SMILES CC(=O)OCC(CCn1ccc(=O)[nH]c1=O)COC(C)=O,3.42584348,Natural,True,,SMILES CC(=O)OCC(CCn1ccc(=O)[nH]c1=O)COC(C)=O
6854,SMILES c1ccc2c(c1)[nH]c1ccccc12,3.1821568,Natural,True,,SMILES c1ccc2c(c1)[nH]c1ccccc12
301475,SMILES COC(=O)C1C2CCCCC2(C)CC12SCCS2,4.04341364,Natural,True,,SMILES COC(=O)C1C2CCCCC2(C)CC12SCCS2
400100,SMILES CC1(c2ccc(F)cc2)CC(c2ccc(F)cc2)=C(C#N)C(=C(C#N)C#N)N1,5.85924196,Natural,True,,SMILES CC1(c2ccc(F)cc2)CC(c2ccc(F)cc2)=C(C#N)C(=C(C#N)C#N)N1
2928,SMILES CC(=O)NC(Cc1cccc2ccccc12)[B-](O)(O)O,4.06427526,Natural,True,,SMILES CC(=O)NC(Cc1cccc2ccccc12)[B-](O)(O)O
401580,SMILES CNc1ccc(-c2nc3ccccc3o2)cc1,3.58674312,Natural,True,,SMILES CNc1ccc(-c2nc3ccccc3o2)cc1
401891,SMILES CN1C2CCC1CC(CC(=O)NC(c1ccc(F)cc1)c1ccc(F)cc1)C2,4.64661551,Natural,True,,SMILES CN1C2CCC1CC(CC(=O)NC(c1ccc(F)cc1)c1ccc(F)cc1)C2
21071,SMILES Cc1ccc(Cc2ccc(C)cc2)cc1,4.59698915,Natural,True,,SMILES Cc1ccc(Cc2ccc(C)cc2)cc1
200443,,4.09318018,Natural,False,,
400706,SMILES COC(N)=C(C#N)N=Cc1ccc(Cl)cc1Cl,4.00059891,Natural,True,,SMILES COC(N)=C(C#N)N=Cc1ccc(Cl)cc1Cl
300359,SMILES Cc1ccc(S(=O)(=O)NN=Cc2ccc(C)s2)cc1,4.10447264,Natural,True,,SMILES Cc1ccc(S(=O)(=O)NN=Cc2ccc(C)s2)cc1
21010,SMILES Cn1cnc([N+](=O)[O-])c1Cl,3.24143219,Natural,True,,SMILES Cn1cnc([N+](=O)[O-])c1Cl
300719,SMILES NCC1OC(n2ccc(=O)[nH]c2=O)CC1O,3.42473292,Natural,True,,SMILES NCC1OC(n2ccc(=O)[nH]c2=O)CC1O
400476,SMILES N#CCCC(c1cccc(Cl)c1)N1CCNC1=O,4.24968719,Natural,True,,SMILES N#CCCC(c1cccc(Cl)c1)N1CCNC1=O
6868,SMILES Nc1ccc2c(O)cc(S(=O)(=O)O)cc2c1,3.24514508,Natural,True,,SMILES Nc1ccc2c(O)cc(S(=O)(=O)O)cc2c1
401588,SMILES O=C(Nc1ccc2oc(-c3ccccc3)nc2c1)c1cccs1,4.6869607,Natural,True,,SMILES O=C(Nc1ccc2oc(-c3ccccc3)nc2c1)c1cccs1
300467,SMILES COc1cccc(C2N=C(S)N3C(c4cccc(OC)c4)N=C(S)N23)c1,4.90035439,Natural,True,,SMILES COc1cccc(C2N=C(S)N3C(c4cccc(OC)c4)N=C(S)N23)c1
5762,SMILES O=C(O)c1c(Cl)c(Cl)cc(Cl)c1Cl,4.37822723,Natural,True,,SMILES O=C(O)c1c(Cl)c(Cl)cc(Cl)c1Cl
300799,SMILES NC(Cc1ncc[nH]1)C(=O)O,2.69047737,Natural,True,,SMILES NC(Cc1ncc[nH]1)C(=O)O
DECOY_decoy_4553,SMILES CS(=O)(=O)Nc1ccc([N+](=O)[O-])cc1OC1CCCCC1,3.40070915,Natural,True,,SMILES CS(=O)(=O)Nc1ccc([N+](=O)[O-])cc1OC1CCCCC1
201587,SMILES Nc1ccc(O)c(C(=O)O)c1,2.77792835,Natural,True,,SMILES Nc1ccc(O)c(C(=O)O)c1
734,SMILES CC(C)=CCCC(C)=CCOP(=O)(O)OP(=O)(O)O,3.91417623,Natural,True,,SMILES CC(C)=CCCC(C)=CCOP(=O)(O)OP(=O)(O)O
2987,SMILES CC(CCC(=O)O)C1CCC2C3CCC4CC(O)CCC4(C)C3CC(O)C12C,6.35324717,Natural,True,,SMILES CC(CCC(=O)O)C1CCC2C3CCC4CC(O)CCC4(C)C3CC(O)C12C
279,SMILES NC(=O)NC(CC(=O)O)C(=O)O,3.05390954,Natural,True,,SMILES NC(=O)NC(CC(=O)O)C(=O)O
401640,SMILES O=[N+]([O-])c1cc2oc(C3CCCCC3)nc2cc1Cl,4.7219348,Natural,True,,SMILES O=[N+]([O-])c1cc2oc(C3CCCCC3)nc2cc1Cl
50059,SMILES CCCCCOc1ccc(NC(=O)OCCN(C)C)cc1,3.85775113,Natural,True,,SMILES CCCCCOc1ccc(NC(=O)OCCN(C)C)cc1
401533,SMILES O=C(NN=Cc1ccc2c(c1)OCO2)Nc1ccccc1Cl,4.74159241,Natural,True,,SMILES O=C(NN=Cc1ccc2c(c1)OCO2)Nc1ccccc1Cl
21011,SMILES Cn1cnc(Cl)c1[N+](=O)[O-],3.07871985,Natural,True,,SMILES Cn1cnc(Cl)c1[N+](=O)[O-]
6457,SMILES OC(c1ccccc1)(c1ccccc1)c1ccccc1,3.61977768,Natural,True,,SMILES OC(c1ccccc1)(c1ccccc1)c1ccccc1
400850,SMILES CN1CC(S(=O)(=O)c2ccccc2)CC(S(=O)(=O)c2ccccc2)C1c1ccccc1,4.43090057,Natural,True,,SMILES CN1CC(S(=O)(=O)c2ccccc2)CC(S(=O)(=O)c2ccccc2)C1c1ccccc1
20400,SMILES C[NH+](C)CCc1c[nH]c2ccc(O)cc12,3.13959575,Natural,True,,SMILES C[NH+](C)CCc1c[nH]c2ccc(O)cc12
400609,SMILES Cc1ccc(-c2nc(N(C)C)c3ccccc3n2)cc1,3.91378188,Natural,True,,SMILES Cc1ccc(-c2nc(N(C)C)c3ccccc3n2)cc1
20048,,3.02009511,Natural,False,,
300371,SMILES O=C1N=c2ccccc2=C1NN=P(c1ccccc1)(c1ccccc1)c1ccccc1,5.08254528,Natural,True,,SMILES O=C1N=c2ccccc2=C1NN=P(c1ccccc1)(c1ccccc1)c1ccccc1
300389,SMILES Cc1ccc(S(=O)(=O)NN2C(=O)c3ccccc3C2=O)cc1,4.51266241,Natural,True,,SMILES Cc1ccc(S(=O)(=O)NN2C(=O)c3ccccc3C2=O)cc1
301442,SMILES Cc1c(NC(C)C)ccc(NC(C)C)c1C,3.33310008,Natural,True,,SMILES Cc1c(NC(C)C)ccc(NC(C)C)c1C
201478,SMILES C(#CCN1CCCCC1)COCc1ccccc1,3.55301976,Natural,True,,SMILES C(#CCN1CCCCC1)COCc1ccccc1
6472,SMILES CCN(CC)CCOC(=O)C1(c2ccccc2)CCCC1,3.99249172,Natural,True,,SMILES CCN(CC)CCOC(=O)C1(c2ccccc2)CCCC1
20684,SMILES OCCNc1ncnc2nc[nH]c12,3.22238708,Natural,True,,SMILES OCCNc1ncnc2nc[nH]c12
300608,SMILES NC(=NC1=NCCO1)C(N)=NC1=NCCO1,3.65951753,Natural,True,,SMILES NC(=NC1=NCCO1)C(N)=NC1=NCCO1
20510,SMILES O=c1cc(O)c2c(O)cc(-c3ccccc3)oc-2c1O,3.660532,Natural,True,,SMILES O=c1cc(O)c2c(O)cc(-c3ccccc3)oc-2c1O
300502,SMILES OCc1ccccc1CN1CCCC1,2.90154958,Natural,True,,SMILES OCc1ccccc1CN1CCCC1
300164,SMILES S=C(Cc1ccccc1)N1CCCCC1,3.03359604,Natural,True,,SMILES S=C(Cc1ccccc1)N1CCCCC1
301140,SMILES CC(C)(C)OC(=O)c1c2ccccc2cc2ccccc12,4.50625801,Natural,True,,SMILES CC(C)(C)OC(=O)c1c2ccccc2cc2ccccc12
201599,SMILES CCC1(O)CCC2C3CCC4=C(CCC(=O)C4)C3CCC21C,5.24581385,Natural,True,,SMILES CCC1(O)CCC2C3CCC4=C(CCC(=O)C4)C3CCC21C
401684,SMILES CCOC(=O)C1C2C(=CC3C4CCCCN4S(=O)(=O)C31)CCCN2C(=O)OCc1ccccc1,5.18383455,Natural,True,,SMILES CCOC(=O)C1C2C(=CC3C4CCCCN4S(=O)(=O)C31)CCCN2C(=O)OCc1ccccc1
301468,SMILES CC(=O)OC1C=C2CCCCC2(C)CC1,4.69229269,Natural,True,,SMILES CC(=O)OC1C=C2CCCCC2(C)CC1
5323,SMILES COc1cc(NS(=O)(=O)c2ccc(N)cc2)nc(OC)n1,3.86550307,Natural,True,,SMILES COc1cc(NS(=O)(=O)c2ccc(N)cc2)nc(OC)n1
400640,SMILES O=C(O)CNC(=O)c1ccccc1SC(=O)CCCC[n+]1ccccc1,4.21585321,Natural,True,,SMILES O=C(O)CNC(=O)c1ccccc1SC(=O)CCCC[n+]1ccccc1
201977,SMILES Cc1ccccc1Nc1nc(N)nc(CCN2CCN(c3ccccc3)CC2)n1,4.59323025,Natural,True,,SMILES Cc1ccccc1Nc1nc(N)nc(CCN2CCN(c3ccccc3)CC2)n1
21088,SMILES NCCCN(CCO)CCO,2.81345725,Natural,True,,SMILES NCCCN(CCO)CCO
6318,SMILES O=C(O)c1ccc(Cl)cc1,3.66990852,Natural,True,,SMILES O=C(O)c1ccc(Cl)cc1
300696,SMILES CC(C)NC(=O)CCSCCC(=O)NC(C)C,3.17697239,Natural,True,,SMILES CC(C)NC(=O)CCSCCC(=O)NC(C)C
300702,SMILES CCOC(=O)c1cc2c([nH]1)CCCC2,3.44903588,Natural,True,,SMILES CCOC(=O)c1cc2c([nH]1)CCCC2
200276,,3.48435593,Natural,False,,
6635,SMILES O=S(=O)(Oc1ccc(Cl)cc1)c1ccc(Cl)cc1,3.28692698,Natural,True,,SMILES O=S(=O)(Oc1ccc(Cl)cc1)c1ccc(Cl)cc1
20050,,4.49391031,Natural,False,,
300126,SMILES Cc1cc(NCCN(C(C)C)C(C)C)nc(Nc2nc3ccc(Cl)cc3[nH]2)n1,5.25428247,Natural,True,,SMILES Cc1cc(NCCN(C(C)C)C(C)C)nc(Nc2nc3ccc(Cl)cc3[nH]2)n1
201246,SMILES CCCCN1CCN(C(=S)S)CC1,3.24419522,Natural,True,,SMILES CCCCN1CCN(C(=S)S)CC1
300122,SMILES O=C1c2ccccc2C(=O)N1NS(=O)c1ccccc1,4.80546045,Natural,True,,SMILES O=C1c2ccccc2C(=O)N1NS(=O)c1ccccc1
200431,,3.93899059,Natural,False,,
300098,SMILES O=C(CNc1ccccc1)NCc1ccccc1,3.27051449,Natural,True,,SMILES O=C(CNc1ccccc1)NCc1ccccc1
201941,SMILES N=C(N)CCCCCCCCCC(=N)N,3.31511188,Natural,True,,SMILES N=C(N)CCCCCCCCCC(=N)N
401121,SMILES NC(=O)c1ccc(NC(=O)c2ccccc2SC(=O)CCCC[n+]2ccccc2)cc1,4.71584749,Natural,True,,SMILES NC(=O)c1ccc(NC(=O)c2ccccc2SC(=O)CCCC[n+]2ccccc2)cc1
6826,SMILES CNc1ccccc1C(=O)OC,2.82678485,Natural,True,,SMILES CNc1ccccc1C(=O)OC
20346,SMILES CCN(C(=S)N(CC)c1ccccc1)c1ccccc1,4.00584602,Natural,True,,SMILES CCN(C(=S)N(CC)c1ccccc1)c1ccccc1
20788,SMILES O=C(NCCc1ccccc1)OCCO,3.1627872,Natural,True,,SMILES O=C(NCCc1ccccc1)OCCO
300160,SMILES CC(=O)CC(=O)c1cccnc1,3.34775066,Natural,True,,SMILES CC(=O)CC(=O)c1cccnc1
401450,SMILES CC(C)OC(=O)N1C(=O)c2ccccc2NC1(C(F)(F)F)C(F)(F)F,4.44760942,Natural,True,,SMILES CC(C)OC(=O)N1C(=O)c2ccccc2NC1(C(F)(F)F)C(F)(F)F
401381,SMILES COc1cc(OC)cc(C(=O)NCC(=O)NN=C2CCCCC2)c1,4.03266287,Natural,True,,SMILES COc1cc(OC)cc(C(=O)NCC(=O)NN=C2CCCCC2)c1
200291,,4.51082373,Natural,False,,
201936,SMILES c1ccc2c(N3CCOCC3)c3c(nc2c1)CCC3,3.99570084,Natural,True,,SMILES c1ccc2c(N3CCOCC3)c3c(nc2c1)CCC3
21153,SMILES CCCCNc1ccc(C(=O)OC2CC[NH+](C)CC2)c(Cl)c1,3.70812869,Natural,True,,SMILES CCCCNc1ccc(C(=O)OC2CC[NH+](C)CC2)c(Cl)c1
568,SMILES c1ccc2c(c1)oc1ccccc12,3.45816779,Natural,True,,SMILES c1ccc2c(c1)oc1ccccc12
300761,SMILES c1ccc(CNCCNCc2ccccn2)nc1,3.13205338,Natural,True,,SMILES c1ccc(CNCCNCc2ccccn2)nc1
200569,,5.36955881,Natural,False,,
472,SMILES Nc1ccccc1C(=O)CC(=O)C(=O)O,3.81572843,Natural,True,,SMILES Nc1ccccc1C(=O)CC(=O)C(=O)O
6218,SMILES CCN(CC)CCC(=O)OC1(C2CCCCC2)CCCCC1,4.96608686,Natural,True,,SMILES CCN(CC)CCC(=O)OC1(C2CCCCC2)CCCCC1
6819,SMILES CCCCOC(=O)COC(=O)c1ccccc1C(=O)OCCCC,3.42275214,Natural,True,,SMILES CCCCOC(=O)COC(=O)c1ccccc1C(=O)OCCCC
20593,SMILES CN(C)CCCC1(O)c2ccccc2COc2ccccc21,3.86124158,Natural,True,,SMILES CN(C)CCCC1(O)c2ccccc2COc2ccccc21
201543,SMILES COc1ccc2c(c1O)C13CCN(C)C(C2)C1(O)CCC(=O)C3,4.29821968,Natural,True,,SMILES COc1ccc2c(c1O)C13CCN(C)C(C2)C1(O)CCC(=O)C3
5472,SMILES Clc1ccccc1CN1CCc2sccc2C1,3.39781499,Natural,True,,SMILES Clc1ccccc1CN1CCc2sccc2C1
401833,SMILES Clc1cc2c(cc1Cl)CC(NCCN1CCCC1)CC2,4.08710957,Natural,True,,SMILES Clc1cc2c(cc1Cl)CC(NCCN1CCCC1)CC2
5567,SMILES O=C(CCCN1CCC(O)(c2cccc(C(F)(F)F)c2)CC1)c1ccc(F)cc1,4.14459848,Natural,True,,SMILES O=C(CCCN1CCC(O)(c2cccc(C(F)(F)F)c2)CC1)c1ccc(F)cc1
5899,SMILES O=c1[nH]cc(C(F)(F)F)c(=O)[nH]1,3.40557599,Natural,True,,SMILES O=c1[nH]cc(C(F)(F)F)c(=O)[nH]1
6548,SMILES CCC(C)(O)CCCC(C)C,3.4589386,Natural,True,,SMILES CCC(C)(O)CCCC(C)C
300193,SMILES COC(=O)N1C(N2CCCC2=O)C(C)(C)S1(=O)=O,3.83936882,Natural,True,,SMILES COC(=O)N1C(N2CCCC2=O)C(C)(C)S1(=O)=O
200592,,3.92636943,Natural,False,,
6921,SMILES FC(F)(F)c1ccccc1Cl,3.39197516,Natural,True,,SMILES FC(F)(F)c1ccccc1Cl
6626,SMILES O=S(=O)(c1ccc(O)cc1)c1ccc(O)cc1,3.31982923,Natural,True,,SMILES O=S(=O)(c1ccc(O)cc1)c1ccc(O)cc1
5867,SMILES CC12CCC(O)C=C1CCC1C2C(=O)CC2(C)C1CCC2(O)C(=O)CO,5.57428598,Natural,True,,SMILES CC12CCC(O)C=C1CCC1C2C(=O)CC2(C)C1CCC2(O)C(=O)CO
401060,SMILES Cc1ccnc2c1ncn2C1CC(O)C(CO)O1,3.22636414,Natural,True,,SMILES Cc1ccnc2c1ncn2C1CC(O)C(CO)O1
6040,SMILES c1ccc2c(c1)OCC(CN1CCCCC1)O2,3.04341817,Natural,True,,SMILES c1ccc2c(c1)OCC(CN1CCCCC1)O2
20310,SMILES Cc1ccc(C(=O)O)c(C(=O)O)c1,3.51812005,Natural,True,,SMILES Cc1ccc(C(=O)O)c(C(=O)O)c1
301167,SMILES O=C(O)CCC1CCC(=O)C1,4.47138214,Natural,True,,SMILES O=C(O)CCC1CCC(=O)C1
201928,SMILES c1cc2c3c(c4ccc5c(c4cc3c1)CCC5)CC2,4.82755232,Natural,True,,SMILES c1cc2c3c(c4ccc5c(c4cc3c1)CCC5)CC2
DECOY_decoy_4917,SMILES CN1CCN(CCCN2c3ccccc3Sc3ccc(Cl)cc32)CC1,4.92758417,Natural,True,,SMILES CN1CCN(CCCN2c3ccccc3Sc3ccc(Cl)cc32)CC1
201738,SMILES CCN(CC)CCNC(=O)COc1ccc(Cl)cc1OC,3.56800079,Natural,True,,SMILES CCN(CC)CCNC(=O)COc1ccc(Cl)cc1OC
201962,SMILES CCNc1nc(N)nc(CCN2CCN(c3ccccc3)CC2)n1,4.3040905,Natural,True,,SMILES CCNc1nc(N)nc(CCN2CCN(c3ccccc3)CC2)n1
300349,SMILES Cc1cccc(SC(=O)Cc2ccc([N+](=O)[O-])cc2)c1,3.64486885,Natural,True,,SMILES Cc1cccc(SC(=O)Cc2ccc([N+](=O)[O-])cc2)c1
401540,SMILES CCOC(=O)C1CC(=O)C(CCC(C)=O)(C(=O)OCC)CC1=O,3.81495285,Natural,True,,SMILES CCOC(=O)C1CC(=O)C(CCC(C)=O)(C(=O)OCC)CC1=O
5752,SMILES CCC(O)(COC(N)=O)c1ccccc1,3.16557121,Natural,True,,SMILES CCC(O)(COC(N)=O)c1ccccc1
20563,SMILES C=CC[N-]c1nc(N[N+]#N)nc(OCC=C)n1,4.14583445,Natural,True,,SMILES C=CC[N-]c1nc(N[N+]#N)nc(OCC=C)n1
300236,SMILES CCC1C(=O)OCc2c1cc(C(=O)OC)n(C)c2=O,3.61177826,Natural,True,,SMILES CCC1C(=O)OCc2c1cc(C(=O)OC)n(C)c2=O
2965,SMILES N=C([NH3+])N1CCc2ccccc2C1,3.22173619,Natural,True,,SMILES N=C([NH3+])N1CCc2ccccc2C1
5822,SMILES NC(N)=NC(=O)Nc1ccc([N+](=O)[O-])cc1,3.89081383,Natural,True,,SMILES NC(N)=NC(=O)Nc1ccc([N+](=O)[O-])cc1
300065,SMILES CCCCN(CCCC)CC(O)c1ccccc1,3.74151492,Natural,True,,SMILES CCCCN(CCCC)CC(O)c1ccccc1
20364,SMILES OCCCCCCC1CCCCC1,3.86625791,Natural,False,,
201152,SMILES CCOP(=O)(OCC)OP(=O)(OC)SC,3.37030673,Natural,True,,SMILES CCOP(=O)(OCC)OP(=O)(OC)SC
400595,SMILES Cc1c(C(=O)OCCOCCOC(=O)c2c(C)n(C)c3scc[n+]23)[n+]2ccsc2n1C,3.80460167,Natural,True,,SMILES Cc1c(C(=O)OCCOCCOC(=O)c2c(C)n(C)c3scc[n+]23)[n+]2ccsc2n1C
201815,SMILES Nc1cnccc1N1CCN(c2ccccc2)CC1,3.33668876,Natural,True,,SMILES Nc1cnccc1N1CCN(c2ccccc2)CC1
400951,SMILES CCOC(=O)Cn1nnc2cc(N=c3c(C)[n+]([O-])c4cc(Cl)ccc4n3O)ccc21,5.97247076,Natural,True,,SMILES CCOC(=O)Cn1nnc2cc(N=c3c(C)[n+]([O-])c4cc(Cl)ccc4n3O)ccc21
6428,SMILES FC(F)(Cl)C(F)(Cl)Cl,3.2209084,Natural,True,,SMILES FC(F)(Cl)C(F)(Cl)Cl
201712,SMILES CCOC(=O)c1ccc(NC(=O)C(CCC(=O)O)NC(=O)c2ccccc2)cc1,4.60718679,Natural,True,,SMILES CCOC(=O)c1ccc(NC(=O)C(CCC(=O)O)NC(=O)c2ccccc2)cc1
300133,SMILES COc1ccc(C=NC2CC(C)CCC2C)c(OC)c1,4.46766472,Natural,True,,SMILES COc1ccc(C=NC2CC(C)CCC2C)c(OC)c1
300817,SMILES O=C(OC1CSC(OC(=O)c2ccccc2)CS1)c1ccccc1,4.21041441,Natural,True,,SMILES O=C(OC1CSC(OC(=O)c2ccccc2)CS1)c1ccccc1
300950,SMILES O=S(=O)(Nc1ccc(Br)cc1)c1ccc(Cl)c(Cl)c1,4.36305952,Natural,True,,SMILES O=S(=O)(Nc1ccc(Br)cc1)c1ccc(Cl)c(Cl)c1
300731,SMILES C1=Nc2c(ccc3ccccc23)CS1,3.2907486,Natural,True,,SMILES C1=Nc2c(ccc3ccccc23)CS1
671,SMILES O=C(O)c1cc(O)c2ccccc2c1O,3.36632609,Natural,True,,SMILES O=C(O)c1cc(O)c2ccccc2c1O
20118,SMILES OC(CNCCc1ccccc1)c1ccccc1,3.02505803,Natural,True,,SMILES OC(CNCCc1ccccc1)c1ccccc1
201739,SMILES CC[N+](C)(CC)CCNC(=O)COc1ccc(Cl)cc1,3.26011586,Natural,True,,SMILES CC[N+](C)(CC)CCNC(=O)COc1ccc(Cl)cc1
400681,SMILES CC1=NN(c2nc(N)nc(C(C#N)=Cc3ccc[nH]3)n2)C(C)(C)C1,4.99851465,Natural,True,,SMILES CC1=NN(c2nc(N)nc(C(C#N)=Cc3ccc[nH]3)n2)C(C)(C)C1
21138,SMILES CC(C)NCC(O)COc1cccc2ccccc12,3.50636363,Natural,True,,SMILES CC(C)NCC(O)COc1cccc2ccccc12
6662,SMILES CC(=O)N(c1onc(C)c1C)S(=O)(=O)c1ccc(N)cc1,3.5660007,Natural,True,,SMILES CC(=O)N(c1onc(C)c1C)S(=O)(=O)c1ccc(N)cc1
400651,SMILES CCc1nn(CN2CCOCC2)c(=S)n1N=Cc1ccc(-c2ccc(Cl)cc2)o1,4.71102333,Natural,True,,SMILES CCc1nn(CN2CCOCC2)c(=S)n1N=Cc1ccc(-c2ccc(Cl)cc2)o1
5617,SMILES C1CCC(NC(=NC2C3CC4CC(C3)CC2C4)N2CCOCC2)CC1,4.77695274,Natural,True,,SMILES C1CCC(NC(=NC2C3CC4CC(C3)CC2C4)N2CCOCC2)CC1
201585,SMILES O=C(CCN1CCCC1)c1ccc([N+](=O)[O-])cc1,3.91246772,Natural,True,,SMILES O=C(CCN1CCCC1)c1ccc([N+](=O)[O-])cc1
6814,SMILES O=C(O)c1ccccc1C(=O)c1ccc(O)cc1,4.33864689,Natural,True,,SMILES O=C(O)c1ccccc1C(=O)c1ccc(O)cc1
3996,SMILES C=CC(C)(C)c1c(O)c(CC=C(C)C)c2oc3cc(=O)c(O)cc-3c(O)c2c1O,4.94349527,Natural,True,,SMILES C=CC(C)(C)c1c(O)c(CC=C(C)C)c2oc3cc(=O)c(O)cc-3c(O)c2c1O
300275,SMILES c1ccc2c(c1)CCC1=C2CCCC1,3.88961148,Natural,True,,SMILES c1ccc2c(c1)CCC1=C2CCCC1
401979,SMILES COC(=O)C(c1ccccc1)C1CCCN1C(=O)OC(C)(C)C,3.66219902,Natural,True,,SMILES COC(=O)C(c1ccccc1)C1CCCN1C(=O)OC(C)(C)C
301372,SMILES CC(=O)Nc1c(C#N)c(C#N)nn1C,3.3941164,Natural,True,,SMILES CC(=O)Nc1c(C#N)c(C#N)nn1C
401214,SMILES CN(C)CCCNc1ncnc2c1ncn2C1OC(CO)C(O)C1O,3.59645653,Natural,True,,SMILES CN(C)CCCNc1ncnc2c1ncn2C1OC(CO)C(O)C1O
200459,,4.53776932,Natural,False,,
301250,SMILES CN1CCN(C(=O)Cc2c[nH]c3ccccc23)CC1,3.20991969,Natural,True,,SMILES CN1CCN(C(=O)Cc2c[nH]c3ccccc23)CC1
300961,SMILES O=C1OC(=O)C2C=CC=CC12,4.29064131,Natural,True,,SMILES O=C1OC(=O)C2C=CC=CC12
20445,SMILES Cc1cccc(-c2cccc(C)n2)n1,3.4445374,Natural,True,,SMILES Cc1cccc(-c2cccc(C)n2)n1
401969,SMILES O=c1[nH][nH]cc2nc3c(c1-2)Cc1ccccc1-3,3.52578425,Natural,True,,SMILES O=c1[nH][nH]cc2nc3c(c1-2)Cc1ccccc1-3
6723,SMILES Cc1ncc(CO)c(C(=O)O)c1O,3.00241971,Natural,True,,SMILES Cc1ncc(CO)c(C(=O)O)c1O
20357,SMILES CCCCCCC1OCC(C)O1,4.1818018,Natural,True,,SMILES CCCCCCC1OCC(C)O1
21144,SMILES CC(C[N+](C)(C)C)c1cccc(C(C)C[N+](C)(C)C)c1,3.58662033,Natural,True,,SMILES CC(C[N+](C)(C)C)c1cccc(C(C)C[N+](C)(C)C)c1
300191,SMILES COC1=NS(=O)(=O)N=C(C)O1,3.24514651,Natural,True,,SMILES COC1=NS(=O)(=O)N=C(C)O1
2784,SMILES C[N+]12CCC(CC1)C(OC(=O)C(O)(c1ccccc1)c1ccccc1)C2,3.79640698,Natural,True,,SMILES C[N+]12CCC(CC1)C(OC(=O)C(O)(c1ccccc1)c1ccccc1)C2
2779,SMILES CC(C)C(O)C12NC(=O)C(C)C1OC2=O,3.46718287,Natural,True,,SMILES CC(C)C(O)C12NC(=O)C(C)C1OC2=O
300202,SMILES COC1=NS(=O)(=O)C(C)C(C)(C)O1,2.71271062,Natural,True,,SMILES COC1=NS(=O)(=O)C(C)C(C)(C)O1
20027,,3.55306315,Natural,False,,
401765,SMILES CC(=O)C1(C)C(C)OC(C)(COC(c2ccccc2)(C(F)(F)F)C(F)(F)F)C1O,4.25248814,Natural,True,,SMILES CC(=O)C1(C)C(C)OC(C)(COC(c2ccccc2)(C(F)(F)F)C(F)(F)F)C1O
2905,SMILES CN(C)CCOC(=O)C(c1ccccc1)C1(O)CCCC1,4.10418653,Natural,True,,SMILES CN(C)CCOC(=O)C(c1ccccc1)C1(O)CCCC1
2953,SMILES O=c1ccc2ccc(O)oc-2c1O,3.42223144,Natural,True,,SMILES O=c1ccc2ccc(O)oc-2c1O
300819,SMILES CCCCC(CC)(CC)OC(=O)c1ccc([N+](=O)[O-])cc1,3.99816632,Natural,True,,SMILES CCCCC(CC)(CC)OC(=O)c1ccc([N+](=O)[O-])cc1
20565,SMILES C[NH+](C)C(=O)Nc1ccccc1,3.06098366,Natural,True,,SMILES C[NH+](C)C(=O)Nc1ccccc1
300716,SMILES NC(=O)C(O)(c1ccc(Br)cc1)C(Cl)Cl,3.61751175,Natural,True,,SMILES NC(=O)C(O)(c1ccc(Br)cc1)C(Cl)Cl
21046,SMILES CC[NH+](CC)CC[n+]1c(Sc2ccc([NH+](CC)CC)cc2)[nH]c2ccccc21,4.23484468,Natural,True,,SMILES CC[NH+](CC)CC[n+]1c(Sc2ccc([NH+](CC)CC)cc2)[nH]c2ccccc21
400073,SMILES CC(C)=CCCC(C)=CCOc1ccc2ccc(=O)oc2c1,4.55227327,Natural,True,,SMILES CC(C)=CCCC(C)=CCOc1ccc2ccc(=O)oc2c1
300965,SMILES CC(O)(c1ccccc1)C1CC1c1ccccc1,4.47624731,Natural,True,,SMILES CC(O)(c1ccccc1)C1CC1c1ccccc1
400849,SMILES Cc1ccc(S(=O)(=O)C23N=NC(C)(C)C2C(C)(C)N=N3)cc1,4.45375586,Natural,True,,SMILES Cc1ccc(S(=O)(=O)C23N=NC(C)(C)C2C(C)(C)N=N3)cc1
445,SMILES CC(NC(C)(C)C)C(O)c1cccc(Cl)c1,3.21080089,Natural,True,,SMILES CC(NC(C)(C)C)C(O)c1cccc(Cl)c1
300030,SMILES Brc1ccc2c(c1)CCCC2,3.81342816,Natural,True,,SMILES Brc1ccc2c(c1)CCCC2
401259,SMILES C(=Nc1ccc(-c2nc3ccccc3o2)cc1)c1ccc[nH]1,4.40622711,Natural,True,,SMILES C(=Nc1ccc(-c2nc3ccccc3o2)cc1)c1ccc[nH]1
6770,SMILES c1cc2c(c3c1CC1c4cc5c(cc4CCN1C3)OCO5)OCO2,4.93518734,Natural,True,,SMILES c1cc2c(c3c1CC1c4cc5c(cc4CCN1C3)OCO5)OCO2
6978,SMILES Cc1ccc(N)c([N+](=O)[O-])c1,3.42802143,Natural,True,,SMILES Cc1ccc(N)c([N+](=O)[O-])c1
301337,SMILES Nc1nnc(N)c2nc(-c3ccccc3)c(-c3ccccc3)nc12,5.48926401,Natural,True,,SMILES Nc1nnc(N)c2nc(-c3ccccc3)c(-c3ccccc3)nc12
300058,SMILES CNc1ccc2cc(Br)ccc2c1,3.17613578,Natural,True,,SMILES CNc1ccc2cc(Br)ccc2c1
401165,SMILES Cc1cccc(NC(=O)C23CC4CC(CC(C4)C2)C3)c1C(=O)NN,4.32184553,Natural,True,,SMILES Cc1cccc(NC(=O)C23CC4CC(CC(C4)C2)C3)c1C(=O)NN
5860,SMILES C[N+]1(C)C2CCC1CC(OC(=O)C(CO)c1ccccc1)C2,3.56675696,Natural,True,,SMILES C[N+]1(C)C2CCC1CC(OC(=O)C(CO)c1ccccc1)C2
599,SMILES O=C(O)C(=O)CC(O)C(=O)O,3.24719024,Natural,True,,SMILES O=C(O)C(=O)CC(O)C(=O)O
401712,SMILES C=CC1(C)CC1C(=O)N(C)OC,3.45057297,Natural,True,,SMILES C=CC1(C)CC1C(=O)N(C)OC
401113,SMILES CCN1CCc2sc3nc(C)[nH]c(=O)c3c2C1,3.89642143,Natural,True,,SMILES CCN1CCc2sc3nc(C)[nH]c(=O)c3c2C1
301072,SMILES CC(=O)c1ccc(N=C(N)S)cc1,3.47146606,Natural,True,,SMILES CC(=O)c1ccc(N=C(N)S)cc1
300666,SMILES C[Si](C)(C)Oc1c(Cl)cc(Cl)cc1Cl,2.96198273,Natural,True,,SMILES C[Si](C)(C)Oc1c(Cl)cc(Cl)cc1Cl
300779,SMILES C(=Nc1ccc2ccccc2c1)c1ccccc1,3.23966336,Natural,True,,SMILES C(=Nc1ccc2ccccc2c1)c1ccccc1
200386,,5.01094198,Natural,False,,
200433,,3.68717074,Natural,False,,
20693,SMILES CCCCSSC(Cl)C(Cl)Cl,3.66916966,Natural,True,,SMILES CCCCSSC(Cl)C(Cl)Cl
5613,SMILES N#CC(C#N)Cc1ccc(O)cc1,4.36806297,Natural,True,,SMILES N#CC(C#N)Cc1ccc(O)cc1
2964,SMILES C=CC1(C)CC(=O)C2(O)C(C)(O1)C(O)C(O)C1C(C)(C)CCC(O)C12C,4.8849678,Natural,True,,SMILES C=CC1(C)CC(=O)C2(O)C(C)(O1)C(O)C(O)C1C(C)(C)CCC(O)C12C
201200,SMILES C[N+](C)(C)CCc1ccco1,2.81663775,Natural,True,,SMILES C[N+](C)(C)CCc1ccco1
444,SMILES CC(NC(C)(C)C)C(=O)c1cccc(Cl)c1,3.23605919,Natural,True,,SMILES CC(NC(C)(C)C)C(=O)c1cccc(Cl)c1
401590,SMILES COc1ccc(C(=O)Nc2ccc3oc(-c4ccccc4)nc3c2)cc1,4.56923437,Natural,True,,SMILES COc1ccc(C(=O)Nc2ccc3oc(-c4ccccc4)nc3c2)cc1
200049,,4.30363607,Natural,False,,
400489,SMILES COC(O)=C(Cc1cc(Br)c(OC)c(Br)c1O)N=O,3.9841063,Natural,True,,SMILES COC(O)=C(Cc1cc(Br)c(OC)c(Br)c1O)N=O
6982,SMILES Cc1cc(O)c(C(C)C)cc1Cl,3.64582372,Natural,True,,SMILES Cc1cc(O)c(C(C)C)cc1Cl
300063,SMILES COc1cc(CC(=O)NO)cc(OC)c1OC,3.73487878,Natural,True,,SMILES COc1cc(CC(=O)NO)cc(OC)c1OC
2083,SMILES CC(C)(C)NCC(O)c1ccc(O)c(CO)c1,3.29485226,Natural,True,,SMILES CC(C)(C)NCC(O)c1ccc(O)c(CO)c1
300233,SMILES CCC1(O)C(=O)OCc2c1cc(-c1ccccc1)n(C)c2=O,4.76343155,Natural,True,,SMILES CCC1(O)C(=O)OCc2c1cc(-c1ccccc1)n(C)c2=O
3970,SMILES CN1C2CCC1CC(NC(=O)c1nn(C)c3ccccc13)C2,4.10278749,Natural,True,,SMILES CN1C2CCC1CC(NC(=O)c1nn(C)c3ccccc13)C2
300186,SMILES N#Cc1nc(C#N)c(C#N)nc1C#N,3.2694149,Natural,True,,SMILES N#Cc1nc(C#N)c(C#N)nc1C#N
300788,SMILES Brc1cccc(CCOCc2ccccc2)c1,3.73534584,Natural,True,,SMILES Brc1cccc(CCOCc2ccccc2)c1
301009,SMILES O=C(OC1(c2ccccc2)C2CCC1CC2)c1ccc([N+](=O)[O-])cc1,4.4882102,Natural,True,,SMILES O=C(OC1(c2ccccc2)C2CCC1CC2)c1ccc([N+](=O)[O-])cc1
301014,SMILES CC(C)(C)C(=O)C1CCC(O)CC1,4.26839781,Natural,True,,SMILES CC(C)(C)C(=O)C1CCC(O)CC1
5594,SMILES CC1C2CCC1CC(OC(=O)c1cc(Cl)cc(Cl)c1)C2,4.53103685,Natural,True,,SMILES CC1C2CCC1CC(OC(=O)c1cc(Cl)cc(Cl)c1)C2
5426,SMILES O=C1CCC(N2C(=O)c3ccccc3C2=O)C(=O)N1,4.21140814,Natural,True,,SMILES O=C1CCC(N2C(=O)c3ccccc3C2=O)C(=O)N1
400158,SMILES CCN(CC)CCCNc1n[nH]c(C)c2nc3ccccc3c1-2,4.18011522,Natural,True,,SMILES CCN(CC)CCCNc1n[nH]c(C)c2nc3ccccc3c1-2
400411,SMILES c1cc(C2=NCCN2)ccc1CN1CCN(Cc2ccc(C3=NCCN3)cc2)CC1,3.86155343,Natural,True,,SMILES c1cc(C2=NCCN2)ccc1CN1CCN(Cc2ccc(C3=NCCN3)cc2)CC1
2803,SMILES Clc1cccc(Cl)c1NC1=NCCN1,4.3273654,Natural,True,,SMILES Clc1cccc(Cl)c1NC1=NCCN1
300933,SMILES CSc1nc(C)c(Br)c(Nc2ccc(C(N)=O)cc2)n1,5.30334711,Natural,True,,SMILES CSc1nc(C)c(Br)c(Nc2ccc(C(N)=O)cc2)n1
20790,SMILES OCCSc1nc2ccccc2s1,3.13081551,Natural,True,,SMILES OCCSc1nc2ccccc2s1
20293,SMILES C[N+](C)(CCOc1ccccc1)Cc1cccs1,3.05783534,Natural,True,,SMILES C[N+](C)(CCOc1ccccc1)Cc1cccs1
400083,SMILES CCOC(=O)Cn1c(=O)c(C=C(O)OCC)nc2ccccc21,3.56198883,Natural,True,,SMILES CCOC(=O)Cn1c(=O)c(C=C(O)OCC)nc2ccccc21
300507,SMILES CN(C)N=Cc1ccc(N(C)C)cc1,2.79903769,Natural,True,,SMILES CN(C)N=Cc1ccc(N(C)C)cc1
301226,SMILES Cc1cc(O)cc(C)c1C1=NCC(C)S1,3.44948316,Natural,True,,SMILES Cc1cc(O)cc(C)c1C1=NCC(C)S1
5525,SMILES CCOC(=O)C(CCc1ccccc1)NC(C)C(=O)N1C(C(=O)O)CC2CCCCC21,4.05282354,Natural,True,,SMILES CCOC(=O)C(CCc1ccccc1)NC(C)C(=O)N1C(C(=O)O)CC2CCCCC21
6087,SMILES COc1cccc(OC)c1C(=O)NC1C(=O)N2C1SC(C)(C)C2C(=O)O,3.82937312,Natural,True,,SMILES COc1cccc(OC)c1C(=O)NC1C(=O)N2C1SC(C)(C)C2C(=O)O
20273,SMILES O=C(O)c1ccc(C(=O)O)s1,3.26575208,Natural,True,,SMILES O=C(O)c1ccc(C(=O)O)s1
20132,SMILES Cc1cccc(C)c1NC(=O)C[N+](C)(C)C(C)C(=O)Nc1c(C)cccc1C,4.92109871,Natural,True,,SMILES Cc1cccc(C)c1NC(=O)C[N+](C)(C)C(C)C(=O)Nc1c(C)cccc1C
5338,SMILES Nc1ccc(S(=O)(=O)Nc2cnc3ccccc3n2)cc1,3.82562256,Natural,True,,SMILES Nc1ccc(S(=O)(=O)Nc2cnc3ccccc3n2)cc1
6301,SMILES Cc1ccc2c(Cl)cc(Cl)c(O)c2n1,4.6265502,Natural,True,,SMILES Cc1ccc2c(Cl)cc(Cl)c(O)c2n1
20897,SMILES NC([NH3+])=NC(N)=NC1CCCCC1,3.5555222,Natural,True,,SMILES NC([NH3+])=NC(N)=NC1CCCCC1
5932,SMILES NC(N)=NC(N)=Nc1ccccc1,3.85119557,Natural,True,,SMILES NC(N)=NC(N)=Nc1ccccc1
3008,SMILES COc1ccc2c(c1)C13CCCCC1C(C2)N(C)CC3,4.88356066,Natural,True,,SMILES COc1ccc2c(c1)C13CCCCC1C(C2)N(C)CC3
401915,SMILES OC(CCN1CCN(CCOC(c2ccc(F)cc2)c2ccc(F)cc2)CC1)c1ccccc1,4.23411703,Natural,True,,SMILES OC(CCN1CCN(CCOC(c2ccc(F)cc2)c2ccc(F)cc2)CC1)c1ccccc1
432,SMILES CN1CCCC1(O)c1cccnc1,2.92404103,Natural,True,,SMILES CN1CCCC1(O)c1cccnc1
21029,SMILES Cc1ccc(-c2ccc(C)c(C)c2)cc1C,3.77201724,Natural,True,,SMILES Cc1ccc(-c2ccc(C)c(C)c2)cc1C
415,SMILES CN1C(=O)CCC1(O)c1cccnc1,3.02067876,Natural,True,,SMILES CN1C(=O)CCC1(O)c1cccnc1
5373,SMILES CC1(C)SC2C(NC(=O)C(N)c3ccccc3)C(=O)N2C1C(=O)OC1OC(=O)c2ccccc21,4.28922415,Natural,True,,SMILES CC1(C)SC2C(NC(=O)C(N)c3ccccc3)C(=O)N2C1C(=O)OC1OC(=O)c2ccccc21
845,SMILES NC(COP(=O)(O)O)Cc1cnc[nH]1,3.94527125,Natural,True,,SMILES NC(COP(=O)(O)O)Cc1cnc[nH]1
300643,SMILES CNc1cc([N+](=O)[O-])ccc1Br,2.85846448,Natural,True,,SMILES CNc1cc([N+](=O)[O-])ccc1Br
300212,SMILES COC(=O)N1C2C3C(C)=C(C)C2(C)C3(C)S1(=O)=O,4.25888491,Natural,True,,SMILES COC(=O)N1C2C3C(C)=C(C)C2(C)C3(C)S1(=O)=O
400866,,4.81008911,Natural,False,,
21002,SMILES O=[N+]([O-])c1ccccc1S,3.43073153,Natural,True,,SMILES O=[N+]([O-])c1ccccc1S
6792,SMILES O=S(=O)(O)c1ccc(O)c2ncccc12,3.83879352,Natural,True,,SMILES O=S(=O)(O)c1ccc(O)c2ncccc12
6624,SMILES CC(O)(c1ccc(Cl)cc1)c1ccc(Cl)cc1,3.3034122,Natural,True,,SMILES CC(O)(c1ccc(Cl)cc1)c1ccc(Cl)cc1
200333,,3.88828778,Natural,False,,
201324,SMILES O=C1Nc2cc3ccccc3cc2C1=O,3.48563385,Natural,True,,SMILES O=C1Nc2cc3ccccc3cc2C1=O
400524,SMILES CC(=O)NS(=O)(=O)c1ccc(NN=C2CCOC2=O)cc1,3.39359164,Natural,True,,SMILES CC(=O)NS(=O)(=O)c1ccc(NN=C2CCOC2=O)cc1
300920,SMILES CC1CCN(C(=O)CC#N)CC1,2.95235944,Natural,True,,SMILES CC1CCN(C(=O)CC#N)CC1
3965,SMILES CC(C(=O)O)c1ccc(CC2CCCC2=O)cc1,4.56203127,Natural,True,,SMILES CC(C(=O)O)c1ccc(CC2CCCC2=O)cc1
21079,SMILES C1CCC(N=C(NC2CCCCC2)N2CCOCC2)CC1,4.18249416,Natural,True,,SMILES C1CCC(N=C(NC2CCCCC2)N2CCOCC2)CC1
400455,SMILES Cc1[nH][nH]c(=O)c2c(C)c(-c3ccccc3)nc1-2,3.86579251,Natural,True,,SMILES Cc1[nH][nH]c(=O)c2c(C)c(-c3ccccc3)nc1-2
201876,SMILES O=C(CN1CCOCC1)NN=CC(=O)c1ccc(-c2ccccc2)cc1,4.14304686,Natural,True,,SMILES O=C(CN1CCOCC1)NN=CC(=O)c1ccc(-c2ccccc2)cc1
300868,SMILES CCN=C(S)Nc1ccc(Cl)cc1,2.9804275,Natural,True,,SMILES CCN=C(S)Nc1ccc(Cl)cc1
300706,SMILES C=c1c(=O)n2c(cc3ccccc32)c(=O)n1C,3.38037181,Natural,True,,SMILES C=c1c(=O)n2c(cc3ccccc32)c(=O)n1C
5735,SMILES CN1CCN(C(=O)OC2c3nccnc3C(=O)N2c2ccc(Cl)cn2)CC1,4.55618143,Natural,True,,SMILES CN1CCN(C(=O)OC2c3nccnc3C(=O)N2c2ccc(Cl)cn2)CC1
401429,SMILES C=CC(C)(C)c1cc(C2COc3cc(O)ccc3C2=O)c(O)c(OC)c1OC,5.29243183,Natural,True,,SMILES C=CC(C)(C)c1cc(C2COc3cc(O)ccc3C2=O)c(O)c(OC)c1OC
400232,SMILES CC1C(c2ccccc2)OP(=O)(OC(C#N)(c2ccccc2)C2CCC(=O)C2)N1C,4.36338758,Natural,True,,SMILES CC1C(c2ccccc2)OP(=O)(OC(C#N)(c2ccccc2)C2CCC(=O)C2)N1C
401038,SMILES Cc1c2c(c(C)n1-c1ccccc1)C(=O)N(CCN(C)CCO)C2=O,4.51456404,Natural,True,,SMILES Cc1c2c(c(C)n1-c1ccccc1)C(=O)N(CCN(C)CCO)C2=O
2877,SMILES COc1ccc2[nH]cc(CCNC(=O)C3CC3)c2c1,3.36103988,Natural,True,,SMILES COc1ccc2[nH]cc(CCNC(=O)C3CC3)c2c1
300698,SMILES CC(=O)CC1CCC(CC(C)=O)CC1,4.47418642,Natural,True,,SMILES CC(=O)CC1CCC(CC(C)=O)CC1
400114,SMILES COC(=O)C(CC(C)=C1CC1)S(=O)(=O)c1ccccc1,4.07957792,Natural,True,,SMILES COC(=O)C(CC(C)=C1CC1)S(=O)(=O)c1ccccc1
400206,SMILES COc1ccc(Nc2nc3ccccc3n3cccc23)cc1OC,4.86833048,Natural,True,,SMILES COc1ccc(Nc2nc3ccccc3n3cccc23)cc1OC
400284,SMILES Nc1ccccc1N=Cc1cc2cc([N+](=O)[O-])ccc2s1,3.7052021,Natural,True,,SMILES Nc1ccccc1N=Cc1cc2cc([N+](=O)[O-])ccc2s1
2071,SMILES NC1(C(=O)O)CCc2cc(C(=O)O)ccc21,3.41542172,Natural,True,,SMILES NC1(C(=O)O)CCc2cc(C(=O)O)ccc21
20406,SMILES CCC1(CC)CSC(NC(C)=O)=NC1=O,3.38599563,Natural,True,,SMILES CCC1(CC)CSC(NC(C)=O)=NC1=O
5625,SMILES CC(C)Nc1cccnc1N1CCN(C(=O)c2cc3cc(NS(C)(=O)=O)ccc3[nH]2)CC1,4.86459684,Natural,True,,SMILES CC(C)Nc1cccnc1N1CCN(C(=O)c2cc3cc(NS(C)(=O)=O)ccc3[nH]2)CC1
20601,SMILES O=c1nc(-c2ccccc2)c(-c2ccccc2)n[nH]1,4.54310656,Natural,True,,SMILES O=c1nc(-c2ccccc2)c(-c2ccccc2)n[nH]1
201266,SMILES O=C([O-])c1ccccc1I(=O)=O,3.37587428,Natural,True,,SMILES O=C([O-])c1ccccc1I(=O)=O
831,SMILES N#[N+]C=C(O)OCC(N)C(=O)O,3.11090398,Natural,True,,SMILES N#[N+]C=C(O)OCC(N)C(=O)O
300040,SMILES CCOC(=O)C(CCC(C)C)C(C)=O,3.61337018,Natural,True,,SMILES CCOC(=O)C(CCC(C)C)C(C)=O
300051,SMILES CCC(=O)c1c(C)c(C)cc2ccccc12,4.04628229,Natural,True,,SMILES CCC(=O)c1c(C)c(C)cc2ccccc12
20240,SMILES CC(C)COC(=O)c1ccc(O)cc1,3.47984052,Natural,True,,SMILES CC(C)COC(=O)c1ccc(O)cc1
20464,SMILES CCCC(=O)Nc1c(C)n(C)n(-c2ccccc2)c1=O,3.64213061,Natural,True,,SMILES CCCC(=O)Nc1c(C)n(C)n(-c2ccccc2)c1=O
5563,SMILES O=P(O)(O)OCC(Cl)(Cl)Cl,4.46075964,Natural,True,,SMILES O=P(O)(O)OCC(Cl)(Cl)Cl
300010,SMILES CC(NCCN1CC1)C1CC1,2.99024081,Natural,True,,SMILES CC(NCCN1CC1)C1CC1
300818,SMILES CC12CCCCC1(OC(=O)c1ccc([N+](=O)[O-])cc1)CCCC2,4.87967157,Natural,True,,SMILES CC12CCCCC1(OC(=O)c1ccc([N+](=O)[O-])cc1)CCCC2
300241,SMILES COc1cccc2c(=O)c3ccccc3oc12,4.45276308,Natural,True,,SMILES COc1cccc2c(=O)c3ccccc3oc12
300019,SMILES O=C(Nc1cc2c(cc1Br)OCO2)C(Cl)Cl,3.33111382,Natural,True,,SMILES O=C(Nc1cc2c(cc1Br)OCO2)C(Cl)Cl
300724,SMILES CC(=O)Nc1ccc([N+](=O)[O-])c2ccccc12,3.87447166,Natural,True,,SMILES CC(=O)Nc1ccc([N+](=O)[O-])c2ccccc12
21141,SMILES CN(C)NC(=O)C(=O)c1c[nH]c2ccccc12,3.25887561,Natural,True,,SMILES CN(C)NC(=O)C(=O)c1c[nH]c2ccccc12
5314,SMILES C[N+](C)(C)CCOC(=O)CCC(=O)OCC[N+](C)(C)C,3.5257647,Natural,True,,SMILES C[N+](C)(C)CCOC(=O)CCC(=O)OCC[N+](C)(C)C
401030,SMILES CCOC(=O)Oc1nn(C)c(=O)c2c(C)n(-c3ccccc3)c(C)c12,4.61752653,Natural,True,,SMILES CCOC(=O)Oc1nn(C)c(=O)c2c(C)n(-c3ccccc3)c(C)c12
400867,SMILES COC(=O)C(Cc1c[nH]c2ccccc12)NC(=O)c1ccccc1I,4.09714842,Natural,True,,SMILES COC(=O)C(Cc1c[nH]c2ccccc12)NC(=O)c1ccccc1I
401666,SMILES O=C(Nc1nc2ccccc2s1)NP(=O)(O)O,4.06130266,Natural,True,,SMILES O=C(Nc1nc2ccccc2s1)NP(=O)(O)O
301311,SMILES NC(=O)C(NC(=O)c1ccc([N+](=O)[O-])cc1)SCc1ccccc1,4.86727715,Natural,True,,SMILES NC(=O)C(NC(=O)c1ccc([N+](=O)[O-])cc1)SCc1ccccc1
50014,SMILES CCCCCCOC(=O)NCc1ccc(I)cc1,3.82513309,Natural,True,,SMILES CCCCCCOC(=O)NCc1ccc(I)cc1
301352,SMILES CCSC1C(O)C(C(O)CO)OC1n1ccc(=O)[nH]c1=O,3.38886929,Natural,True,,SMILES CCSC1C(O)C(C(O)CO)OC1n1ccc(=O)[nH]c1=O
5784,SMILES O=C(O)c1cc(Cl)ccc1Cl,3.89539647,Natural,True,,SMILES O=C(O)c1cc(Cl)ccc1Cl
5522,SMILES CCCCNc1c(C(=O)OCC)c(C)nc2c1cnn2CC,4.44475937,Natural,True,,SMILES CCCCNc1c(C(=O)OCC)c(C)nc2c1cnn2CC
5638,SMILES O=C1NCC(C(F)(F)F)C(=O)N1,3.26057172,Natural,True,,SMILES O=C1NCC(C(F)(F)F)C(=O)N1
300253,SMILES O=S1(=O)CC2(N3CCCC3)C3c4ccccc4C(c4ccccc43)C21,4.46526384,Natural,True,,SMILES O=S1(=O)CC2(N3CCCC3)C3c4ccccc4C(c4ccccc43)C21
201980,SMILES COc1ccc(C2CNC2)cc1,2.90175414,Natural,True,,SMILES COc1ccc(C2CNC2)cc1
401025,SMILES Cc1c2c(c(C)n1-c1ccccc1)C(=O)N(CCSC(=N)N)C2=O,5.24903822,Natural,True,,SMILES Cc1c2c(c(C)n1-c1ccccc1)C(=O)N(CCSC(=N)N)C2=O
400692,SMILES CC1=NN(c2nc(N)nc(Cn3nc(C)cc3C)n2)C(C)(C)C1,5.0351243,Natural,True,,SMILES CC1=NN(c2nc(N)nc(Cn3nc(C)cc3C)n2)C(C)(C)C1
201992,SMILES COc1ccc2c(c1O)C13CCCCC1(O)C(C2)N(C)CC3,4.35036612,Natural,True,,SMILES COc1ccc2c(c1O)C13CCCCC1(O)C(C2)N(C)CC3
400456,SMILES Cc1c(-c2ccccc2)nc2c(-c3ccccc3)[nH][nH]c(=O)c1-2,4.68443108,Natural,True,,SMILES Cc1c(-c2ccccc2)nc2c(-c3ccccc3)[nH][nH]c(=O)c1-2
300064,SMILES CCOC(=O)C(CCC(=O)OC)(CCC(=O)OC)C(=O)OCC,3.8646872,Natural,True,,SMILES CCOC(=O)C(CCC(=O)OC)(CCC(=O)OC)C(=O)OCC
401887,SMILES CN1C2CCC1CC(CC(=O)NC(c1ccccc1)c1ccccc1)C2,4.12339497,Natural,True,,SMILES CN1C2CCC1CC(CC(=O)NC(c1ccccc1)c1ccccc1)C2
2910,SMILES NS(=O)(=O)c1cc2c(cc1Cl)NC(C1CC3C=CC1C3)NS2(=O)=O,4.8358283,Natural,True,,SMILES NS(=O)(=O)c1cc2c(cc1Cl)NC(C1CC3C=CC1C3)NS2(=O)=O
401029,SMILES CCCCn1c(C)c2c(OCCO)nn(C)c(=O)c2c1C,4.03909731,Natural,True,,SMILES CCCCn1c(C)c2c(OCCO)nn(C)c(=O)c2c1C
6243,SMILES C[N+](C)(C)CC[N+]1(C)Cc2c(Cl)c(Cl)c(Cl)c(Cl)c2C1,4.58292198,Natural,True,,SMILES C[N+](C)(C)CC[N+]1(C)Cc2c(Cl)c(Cl)c(Cl)c(Cl)c2C1
5501,SMILES CCOC(=O)NNc1nncc2ccccc12,3.84871602,Natural,True,,SMILES CCOC(=O)NNc1nncc2ccccc12
400497,SMILES CCn1ncc(Oc2c(Cl)cc(N)cc2Cl)c(Cl)c1=O,3.8348701,Natural,True,,SMILES CCn1ncc(Oc2c(Cl)cc(N)cc2Cl)c(Cl)c1=O
6546,SMILES CCC(C)(O)C#CC(C)(O)CC,3.52126479,Natural,True,,SMILES CCC(C)(O)C#CC(C)(O)CC
200402,,3.48470664,Natural,False,,
5724,SMILES O=C(O)Cn1c(=O)n(Cc2ccc(Br)cc2F)c(=O)c2ccc(Cl)cc21,4.69328737,Natural,True,,SMILES O=C(O)Cn1c(=O)n(Cc2ccc(Br)cc2F)c(=O)c2ccc(Cl)cc21
6424,SMILES CC(C)(O)C(Br)(Br)Br,3.31572437,Natural,True,,SMILES CC(C)(O)C(Br)(Br)Br
20475,SMILES CC12CCC(=O)OC1CCC1C2CCC2(C)C1CCC2(C)O,5.83785582,Natural,True,,SMILES CC12CCC(=O)OC1CCC1C2CCC2(C)C1CCC2(C)O
6833,SMILES CCN(CC)C(C)C=C(c1cccs1)c1cccs1,4.58719969,Natural,True,,SMILES CCN(CC)C(C)C=C(c1cccs1)c1cccs1
20255,SMILES CCCCCCCCC1C(=O)NC(=O)N(C2CCCCC2)C1=O,4.42776442,Natural,True,,SMILES CCCCCCCCC1C(=O)NC(=O)N(C2CCCCC2)C1=O
300178,SMILES COc1cccc(C(C)=NNc2ccc([N+](=O)[O-])cc2[N+](=O)[O-])c1OC,4.5698905,Natural,True,,SMILES COc1cccc(C(C)=NNc2ccc([N+](=O)[O-])cc2[N+](=O)[O-])c1OC
20436,SMILES CC(C)C(=O)Nc1ccccc1,2.86652946,Natural,True,,SMILES CC(C)C(=O)Nc1ccccc1
50167,SMILES COc1cc(CNC(C)(C)Cc2ccccc2)c(Br)cc1O,4.13200188,Natural,True,,SMILES COc1cc(CNC(C)(C)Cc2ccccc2)c(Br)cc1O
201537,SMILES CCCCSCC(=O)NC1C(=O)N2C1SC(C)(C)C2C(=O)O,4.27633429,Natural,True,,SMILES CCCCSCC(=O)NC1C(=O)N2C1SC(C)(C)C2C(=O)O
300255,SMILES CN(C)CCS(=O)(=O)Cc1ccccc1,2.85151553,Natural,True,,SMILES CN(C)CCS(=O)(=O)Cc1ccccc1
400839,SMILES Cc1cc2nc3c(C(O)CO)nn(-c4ccccc4)c3nc2cc1C,4.32197762,Natural,True,,SMILES Cc1cc2nc3c(C(O)CO)nn(-c4ccccc4)c3nc2cc1C
438,SMILES O=C(O)CCC(O)c1cccnc1,2.90286756,Natural,True,,SMILES O=C(O)CCC(O)c1cccnc1
401294,SMILES Cc1ccc(-c2c(-c3ccccc3)ccn2C)cc1,3.55130124,Natural,True,,SMILES Cc1ccc(-c2c(-c3ccccc3)ccn2C)cc1
300469,SMILES COc1ccc(C2NC(=O)N3C(c4ccc(OC)c(OC)c4)NC(=O)N23)cc1OC,4.87226629,Natural,True,,SMILES COc1ccc(C2NC(=O)N3C(c4ccc(OC)c(OC)c4)NC(=O)N23)cc1OC
DECOY_decoy_4594,SMILES COc1ccc2nc(S(=O)Cc3ncc(C)c(OC)c3C)[nH]c2c1,4.37911272,Natural,True,,SMILES COc1ccc2nc(S(=O)Cc3ncc(C)c(OC)c3C)[nH]c2c1
201777,SMILES O=C1CCCC2C3CC(CN12)C1CC(O)CCN1C3,4.35121059,Natural,True,,SMILES O=C1CCCC2C3CC(CN12)C1CC(O)CCN1C3
300244,SMILES O=NC12CCCCC1C(O)c1cc(Cl)cc(Cl)c1O2,5.4703846,Natural,True,,SMILES O=NC12CCCCC1C(O)c1cc(Cl)cc(Cl)c1O2
401589,SMILES O=[N+]([O-])c1cc2oc(COc3ccccc3)nc2cc1Cl,3.85579705,Natural,True,,SMILES O=[N+]([O-])c1cc2oc(COc3ccccc3)nc2cc1Cl
20985,SMILES C=COC(=O)C1CCCCC1,3.79205823,Natural,True,,SMILES C=COC(=O)C1CCCCC1
6463,SMILES O=C(O)C(O)(c1ccccc1)c1ccccc1,3.52616763,Natural,True,,SMILES O=C(O)C(O)(c1ccccc1)c1ccccc1
20723,,3.4620378,Natural,False,,
301248,SMILES CCON=C1C(C)(C)C(C)(C)C(C)(C)C1(C)C,4.35209036,Natural,True,,SMILES CCON=C1C(C)(C)C(C)(C)C(C)(C)C1(C)C
400568,SMILES Cc1ccc(-n2c(-c3cc(=O)oc4ccccc34)noc2=O)cc1,5.48400497,Natural,True,,SMILES Cc1ccc(-n2c(-c3cc(=O)oc4ccccc34)noc2=O)cc1
401356,SMILES COc1cc(C(=O)N(C(=S)N2CCN(c3ccccc3)CC2)c2ccccc2)cc(OC)c1OC,4.57193375,Natural,True,,SMILES COc1cc(C(=O)N(C(=S)N2CCN(c3ccccc3)CC2)c2ccccc2)cc(OC)c1OC
300177,SMILES COc1cc2ccc3c4cc5c(cc4cnc3c2cc1OC)OCO5,5.02541924,Natural,True,,SMILES COc1cc2ccc3c4cc5c(cc4cnc3c2cc1OC)OCO5
2895,SMILES CN(C)CCC=C1c2ccccc2C=Cc2ccccc21,3.81122303,Natural,True,,SMILES CN(C)CCC=C1c2ccccc2C=Cc2ccccc21
400152,SMILES Cc1ccc(N2C(=O)C(=O)N(NC3=c4ccccc4=NC3=O)C2=S)cc1,4.64169693,Natural,True,,SMILES Cc1ccc(N2C(=O)C(=O)N(NC3=c4ccccc4=NC3=O)C2=S)cc1
50015,SMILES O=C(O)CCCCCNC(=O)OCc1ccc(I)cc1,4.18131399,Natural,True,,SMILES O=C(O)CCCCCNC(=O)OCc1ccc(I)cc1
401380,SMILES COc1cc(OC)cc(C(=O)NCC(=O)NN=Cc2ccco2)c1,3.92935491,Natural,True,,SMILES COc1cc(OC)cc(C(=O)NCC(=O)NN=Cc2ccco2)c1
201406,SMILES O=C(Cc1ccccc1C(=O)O)Cc1ccccc1C(=O)O,4.16264105,Natural,True,,SMILES O=C(Cc1ccccc1C(=O)O)Cc1ccccc1C(=O)O
6199,SMILES O=c1ccc2cc3ccoc3cc2o1,3.12103844,Natural,True,,SMILES O=c1ccc2cc3ccoc3cc2o1
2854,SMILES CCC(C)C(=O)OC1CCC=C2C=CC(C)C(CCC3CC(O)CC(=O)O3)C21,6.44188452,Natural,True,,SMILES CCC(C)C(=O)OC1CCC=C2C=CC(C)C(CCC3CC(O)CC(=O)O3)C21
2969,SMILES CCCCCCCCCC(=O)O,4.34617949,Natural,True,,SMILES CCCCCCCCCC(=O)O
301197,SMILES CC(=O)C1(Cl)CCC(C(C)(C)C)CC1,4.38516426,Natural,True,,SMILES CC(=O)C1(Cl)CCC(C(C)(C)C)CC1
400674,SMILES CS(=O)(=O)n1ccn(S(=O)(=O)c2ccccc2)c1=O,3.84824634,Natural,True,,SMILES CS(=O)(=O)n1ccn(S(=O)(=O)c2ccccc2)c1=O
20053,,4.53908205,Natural,False,,
300498,SMILES Cc1ccc(C(=O)OCc2ccccc2CN2CCOCC2)cc1,3.94757533,Natural,True,,SMILES Cc1ccc(C(=O)OCc2ccccc2CN2CCOCC2)cc1
300722,SMILES CC(=O)c1ccc(O)c2ccccc12,3.08090663,Natural,True,,SMILES CC(=O)c1ccc(O)c2ccccc12
6305,SMILES NC(Cc1c[nH]c2ccccc12)C(=O)O,3.6241715,Natural,True,,SMILES NC(Cc1c[nH]c2ccccc12)C(=O)O
300501,SMILES O=C(O)c1ccccc1C(=O)N1CCCC1,4.32106113,Natural,True,,SMILES O=C(O)c1ccccc1C(=O)N1CCCC1
994,SMILES NC(Cc1ccccc1)C(=O)O,4.25512457,Natural,True,,SMILES NC(Cc1ccccc1)C(=O)O
201403,SMILES CC(Cc1cccc(C(F)(F)F)c1)N(C)Cc1ccccc1,3.38087201,Natural,True,,SMILES CC(Cc1cccc(C(F)(F)F)c1)N(C)Cc1ccccc1
200307,,4.14116526,Natural,False,,
20000,,3.0869205,Natural,False,,
20958,SMILES CCCc1ccc(CCC)cc1,4.43326807,Natural,True,,SMILES CCCc1ccc(CCC)cc1
2790,SMILES NC(=NCc1ccc(Cl)cc1)SCCCc1cnc[nH]1,4.11481905,Natural,True,,SMILES NC(=NCc1ccc(Cl)cc1)SCCCc1cnc[nH]1
401971,SMILES O=c1[nH][nH]cc2nc3c(c1-2)CCc1ccccc1-3,3.80672383,Natural,True,,SMILES O=c1[nH][nH]cc2nc3c(c1-2)CCc1ccccc1-3
400547,SMILES CC(C)C(NCC(F)(F)F)C(=O)NC(Cc1ccccc1)C(=O)OC(C)(C)C,4.25041819,Natural,True,,SMILES CC(C)C(NCC(F)(F)F)C(=O)NC(Cc1ccccc1)C(=O)OC(C)(C)C
401342,SMILES O=C(COc1ccccc1)N(C(=O)N1CCN(c2ccccc2)CC1)S(=O)(=O)c1ccccc1,3.6757462,Natural,True,,SMILES O=C(COc1ccccc1)N(C(=O)N1CCN(c2ccccc2)CC1)S(=O)(=O)c1ccccc1
200427,,2.66098118,Natural,False,,
5315,SMILES O=C(O)CCC(=O)Nc1ccc(S(=O)(=O)Nc2nccs2)cc1,3.62305832,Natural,True,,SMILES O=C(O)CCC(=O)Nc1ccc(S(=O)(=O)Nc2nccs2)cc1
300387,SMILES Nc1ccccc1-c1n[nH]c2ccccc12,3.79679799,Natural,True,,SMILES Nc1ccccc1-c1n[nH]c2ccccc12
300292,SMILES CC1(C)C2(c3ccccc3)C3C=CC3C12c1ccccc1,4.61385536,Natural,True,,SMILES CC1(C)C2(c3ccccc3)C3C=CC3C12c1ccccc1
434,SMILES CNCCCC(=O)c1cccnc1,2.91934323,Natural,True,,SMILES CNCCCC(=O)c1cccnc1
200273,,3.47493744,Natural,False,,
301137,SMILES N#CC12CCC(c3ccccc31)c1ccccc12,3.68275332,Natural,True,,SMILES N#CC12CCC(c3ccccc31)c1ccccc12
201948,SMILES CCN(CC)CCCN(C(=O)c1ccc([N+](=O)[O-])cc1)C(C)c1ccccc1,3.9884789,Natural,True,,SMILES CCN(CC)CCCN(C(=O)c1ccc([N+](=O)[O-])cc1)C(C)c1ccccc1
6891,SMILES CC1(C)SC2CC(=O)N2C1C(=O)O,3.59240842,Natural,True,,SMILES CC1(C)SC2CC(=O)N2C1C(=O)O
6084,SMILES COc1ccc(Cc2nccc3cc(OC)c(OC)cc23)cc1OC,4.33328676,Natural,True,,SMILES COc1ccc(Cc2nccc3cc(OC)c(OC)cc23)cc1OC
400252,SMILES CC1(C)C2=Nc3ccccc3CN2C(=O)C1(O)C(F)(F)F,5.4407258,Natural,True,,SMILES CC1(C)C2=Nc3ccccc3CN2C(=O)C1(O)C(F)(F)F
62,SMILES OC1C=C(Cl)C(Cl)C=C1Cl,2.94084239,Natural,True,,SMILES OC1C=C(Cl)C(Cl)C=C1Cl
200454,,4.42959166,Natural,False,,
200083,,3.69593883,Natural,False,,
201605,SMILES C=CCOc1ccc(NC(C)=O)cc1C(=O)NCCC,3.29221034,Natural,True,,SMILES C=CCOc1ccc(NC(C)=O)cc1C(=O)NCCC
6835,SMILES COc1ccccc1-c1ccccc1,3.2440958,Natural,True,,SMILES COc1ccccc1-c1ccccc1
201299,SMILES CC(C)NCC(O)COc1ccc(Cl)cc1,3.07243609,Natural,True,,SMILES CC(C)NCC(O)COc1ccc(Cl)cc1
20413,SMILES Cc1ccc(C(C)C)c(C(=O)O)c1O,2.91313052,Natural,True,,SMILES Cc1ccc(C(C)C)c(C(=O)O)c1O
20401,SMILES COc1ccc2[nH]c(C(=O)O)cc2c1,3.46394539,Natural,True,,SMILES COc1ccc2[nH]c(C(=O)O)cc2c1
201989,SMILES C=CCOc1c(CCC)cc(C(=O)N2CCCC2)cc1CCC,4.9355669,Natural,True,,SMILES C=CCOc1c(CCC)cc(C(=O)N2CCCC2)cc1CCC
300444,SMILES O=C1C2C3CCC(C4OCCO4)(O3)C2C(=O)N1Cc1ccccc1,4.66086388,Natural,True,,SMILES O=C1C2C3CCC(C4OCCO4)(O3)C2C(=O)N1Cc1ccccc1
6808,SMILES O=C1NC(=O)C2CC=CCC12,4.43926334,Natural,True,,SMILES O=C1NC(=O)C2CC=CCC12
20738,SMILES CC(=O)C(OC(=O)c1ccccc1)C(C)=O,3.04870892,Natural,True,,SMILES CC(=O)C(OC(=O)c1ccccc1)C(C)=O
21232,SMILES N#CCC(=O)c1cc2ccccc2o1,3.33513761,Natural,True,,SMILES N#CCC(=O)c1cc2ccccc2o1
200311,,4.55921125,Natural,False,,
485,SMILES C[N+](C)(C)CCOS(=O)(=O)[O-],3.133605,Natural,True,,SMILES C[N+](C)(C)CCOS(=O)(=O)[O-]
6882,SMILES O=[N+]([O-])c1cc([N+](=O)[O-])c2onnc2c1,3.38563132,Natural,True,,SMILES O=[N+]([O-])c1cc([N+](=O)[O-])c2onnc2c1
300852,SMILES CCOc1ccc(Br)cc1C=C(C#N)c1ccc([N+](=O)[O-])cc1,5.42797279,Natural,True,,SMILES CCOc1ccc(Br)cc1C=C(C#N)c1ccc([N+](=O)[O-])cc1
20489,SMILES COc1cc(O)c2c(=O)cc(-c3ccccc3)oc2c1O,4.51802635,Natural,True,,SMILES COc1cc(O)c2c(=O)cc(-c3ccccc3)oc2c1O
300648,SMILES O=[N+]([O-])C1CC(O)CCC1SSC1CCC(O)CC1[N+](=O)[O-],4.90339327,Natural,True,,SMILES O=[N+]([O-])C1CC(O)CCC1SSC1CCC(O)CC1[N+](=O)[O-]
400239,SMILES CC=CC(C)(C#N)OP1(=O)OC(c2ccccc2)C(C)N1C,3.432024,Natural,True,,SMILES CC=CC(C)(C#N)OP1(=O)OC(c2ccccc2)C(C)N1C
212,SMILES Cc1cc2ncn(C3OC(COP(=O)(O)O)C(O)C3O)c2cc1C,4.17055702,Natural,True,,SMILES Cc1cc2ncn(C3OC(COP(=O)(O)O)C(O)C3O)c2cc1C
20900,SMILES CC(=O)c1c[nH]c2ccc([N+](=O)[O-])cc12,3.69533038,Natural,True,,SMILES CC(=O)c1c[nH]c2ccc([N+](=O)[O-])cc12
20919,SMILES Cc1cc(-c2ccccc2)nc2ccccc12,3.47713017,Natural,True,,SMILES Cc1cc(-c2ccccc2)nc2ccccc12
6925,SMILES Cc1ccccc1S(=O)(=O)O,4.51879978,Natural,True,,SMILES Cc1ccccc1S(=O)(=O)O
288,SMILES C[N+](C)(C)CC(O)CC(=O)[O-],2.81345582,Natural,True,,SMILES C[N+](C)(C)CC(O)CC(=O)[O-]
20298,SMILES CC[N+](CC)(CC)CCC(O)(c1ccccc1)C1CCCCC1,4.67267513,Natural,True,,SMILES CC[N+](CC)(CC)CCC(O)(c1ccccc1)C1CCCCC1
201982,SMILES CC1C(c2ccccc2)N=C(c2ccccc2Cl)NN1C,4.0811739,Natural,True,,SMILES CC1C(c2ccccc2)N=C(c2ccccc2Cl)NN1C
201902,SMILES O=C1CCCC2(c3ccccc3)OCCCN12,4.59463549,Natural,True,,SMILES O=C1CCCC2(c3ccccc3)OCCCN12
20231,SMILES Cc1[nH]c(=O)c(C#N)cc1-c1ccccc1,3.66386223,Natural,True,,SMILES Cc1[nH]c(=O)c(C#N)cc1-c1ccccc1
300960,SMILES O=C1OC(=O)C2C3C=CC3C12,3.44781685,Natural,True,,SMILES O=C1OC(=O)C2C3C=CC3C12
200090,,3.58624339,Natural,False,,
301235,SMILES CCON=C(C(=O)NC(=O)N=C(NOCC)c1ccccc1)c1ccccc1,4.21352816,Natural,True,,SMILES CCON=C(C(=O)NC(=O)N=C(NOCC)c1ccccc1)c1ccccc1
401805,SMILES COc1ccccc1CC(=O)N(C)CCN1CCCC1,3.46214747,Natural,True,,SMILES COc1ccccc1CC(=O)N(C)CCN1CCCC1
400789,SMILES Cc1nn(CN2CCN(C)CC2)c(=S)n1N=Cc1ccc(-c2ccc(Cl)cc2Cl)o1,5.19509363,Natural,True,,SMILES Cc1nn(CN2CCN(C)CC2)c(=S)n1N=Cc1ccc(-c2ccc(Cl)cc2Cl)o1
201212,SMILES O=C(OCCCc1ccccn1)c1ccc([N+](=O)[O-])cc1,4.38553858,Natural,True,,SMILES O=C(OCCCc1ccccn1)c1ccc([N+](=O)[O-])cc1
300464,SMILES O=C1NC(c2cccs2)N2C(=O)NC(c3cccs3)N12,4.87474298,Natural,True,,SMILES O=C1NC(c2cccs2)N2C(=O)NC(c3cccs3)N12
5907,SMILES CCN(CC)CCN(CCC(C)C)C(=O)N(C(C)C)C(C)C,3.77601814,Natural,True,,SMILES CCN(CC)CCN(CCC(C)C)C(=O)N(C(C)C)C(C)C
201657,SMILES CC(C)C(CCCN(C)C)(C(N)=O)C(C)C,3.69041467,Natural,True,,SMILES CC(C)C(CCCN(C)C)(C(N)=O)C(C)C
400433,SMILES Nc1nccc(-c2c[nH]c3ccccc23)n1,3.84681892,Natural,True,,SMILES Nc1nccc(-c2c[nH]c3ccccc23)n1
300270,SMILES CC1C(=O)C2C1CS2(=O)=O,3.72836971,Natural,True,,SMILES CC1C(=O)C2C1CS2(=O)=O
200486,,3.52076912,Natural,False,,
200298,,4.11127281,Natural,False,,
300011,SMILES NC(=Nc1ccccc1)SCCS(=O)(=O)O,4.48189688,Natural,True,,SMILES NC(=Nc1ccccc1)SCCS(=O)(=O)O
20949,SMILES CC(C)Oc1ccccc1O,3.93687463,Natural,True,,SMILES CC(C)Oc1ccccc1O
300811,SMILES CCOC(=O)C12CCC(C(=O)OCC)(CC13OCCO3)C1(C2)OCCO1,4.5154624,Natural,True,,SMILES CCOC(=O)C12CCC(C(=O)OCC)(CC13OCCO3)C1(C2)OCCO1
301451,SMILES CC(=O)NC1(C(=O)O)SCCCS1,3.35868526,Natural,True,,SMILES CC(=O)NC1(C(=O)O)SCCCS1
200565,,3.44062161,Natural,False,,
200538,,3.68553543,Natural,False,,
20168,SMILES CC(COC(=O)c1ccccc1)(COC(=O)c1ccccc1)COC(=O)c1ccccc1,3.95695186,Natural,True,,SMILES CC(COC(=O)c1ccccc1)(COC(=O)c1ccccc1)COC(=O)c1ccccc1
400208,SMILES O=C(O)c1ccc(Nc2nc3ccccc3n3cccc23)cc1,4.26638937,Natural,True,,SMILES O=C(O)c1ccc(Nc2nc3ccccc3n3cccc23)cc1
2930,SMILES O=C(NO)NC(Cc1ccccc1)C(=O)O,4.44933176,Natural,True,,SMILES O=C(NO)NC(Cc1ccccc1)C(=O)O
400007,SMILES CCOC(O)=C(C#N)c1c2c(=O)nc(S)nc-2oc2ccc3ccccc3c12,5.04367447,Natural,True,,SMILES CCOC(O)=C(C#N)c1c2c(=O)nc(S)nc-2oc2ccc3ccccc3c12
6534,SMILES CCOP(=O)(CC)OCC,3.79102993,Natural,True,,SMILES CCOP(=O)(CC)OCC
301158,SMILES O=C1CCCC23C4CCCC4C12C1CCCC13,5.23897696,Natural,True,,SMILES O=C1CCCC23C4CCCC4C12C1CCCC13
6443,SMILES CC(Cl)C(Cl)(Cl)C(O)O,3.23378181,Natural,True,,SMILES CC(Cl)C(Cl)(Cl)C(O)O
400115,SMILES C=C(C)C1(Sc2ccc(Cl)cc2)CC1,3.75867653,Natural,True,,SMILES C=C(C)C1(Sc2ccc(Cl)cc2)CC1
5597,SMILES COc1cc(C(=O)NC2CCCNC2)cc(OC)c1OC,3.70062828,Natural,True,,SMILES COc1cc(C(=O)NC2CCCNC2)cc(OC)c1OC
401594,SMILES CCC(C(N)=O)N1OC2C(=O)NC(=O)C2C1c1cc(I)c(O)c(OC)c1,4.87225008,Natural,True,,SMILES CCC(C(N)=O)N1OC2C(=O)NC(=O)C2C1c1cc(I)c(O)c(OC)c1
400240,SMILES CC=CC(C#N)(CC)OP1(=O)OC(c2ccccc2)C(C)N1C,3.55214524,Natural,True,,SMILES CC=CC(C#N)(CC)OP1(=O)OC(c2ccccc2)C(C)N1C
301360,SMILES COc1cc2[nH]c(=O)c3cccn3c(=O)c2cc1OC,3.76387978,Natural,True,,SMILES COc1cc2[nH]c(=O)c3cccn3c(=O)c2cc1OC
20984,SMILES CC(C)(CC(=O)O)CC(=O)O,3.45999599,Natural,True,,SMILES CC(C)(CC(=O)O)CC(=O)O
400883,SMILES CC1(C)OCC(C2OC(CC#N)C3OC(C)(C)OC23)O1,4.11879683,Natural,True,,SMILES CC1(C)OCC(C2OC(CC#N)C3OC(C)(C)OC23)O1
200363,,3.96507192,Natural,False,,
5859,SMILES COP(=S)(OC)Oc1ccc(S(=O)(=O)N(C)C)cc1,3.10047841,Natural,True,,SMILES COP(=S)(OC)Oc1ccc(S(=O)(=O)N(C)C)cc1
400588,SMILES Cc1nc2sccn2c1C(=O)NCCCCNC(=O)c1c(C)nc2sccn12,4.18471146,Natural,True,,SMILES Cc1nc2sccn2c1C(=O)NCCCCNC(=O)c1c(C)nc2sccn12
401435,SMILES CC1CN=C(N(C)S(=O)(=O)c2ccccc2Cl)S1,4.08986235,Natural,True,,SMILES CC1CN=C(N(C)S(=O)(=O)c2ccccc2Cl)S1
300285,SMILES O=C1NC23CC=CCC12CCC3,3.72364974,Natural,True,,SMILES O=C1NC23CC=CCC12CCC3
201450,SMILES CC(=O)c1ccccc1NC(=O)c1ccccc1,3.25604701,Natural,True,,SMILES CC(=O)c1ccccc1NC(=O)c1ccccc1
6924,SMILES Cc1ccccc1S(N)(=O)=O,3.54189658,Natural,True,,SMILES Cc1ccccc1S(N)(=O)=O
200275,,5.33808517,Natural,False,,
50009,SMILES CCCCOC(=O)OCc1ccc(I)cc1,4.21163177,Natural,True,,SMILES CCCCOC(=O)OCc1ccc(I)cc1
439,SMILES O=C(O)CC=Cc1cccnc1,3.56309891,Natural,True,,SMILES O=C(O)CC=Cc1cccnc1
300014,SMILES CCOC(=O)CC(=O)c1c(C)cc(C)c(Br)c1C,4.31462479,Natural,True,,SMILES CCOC(=O)CC(=O)c1c(C)cc(C)c(Br)c1C
6990,SMILES CC(=O)c1ccc(O)cc1O,3.98927617,Natural,True,,SMILES CC(=O)c1ccc(O)cc1O
401047,SMILES CCCCn1c(C)c2c(c1C)C(=O)N(CC(O)CN1CCc3ccccc3C1)C2=O,4.64316702,Natural,True,,SMILES CCCCn1c(C)c2c(c1C)C(=O)N(CC(O)CN1CCc3ccccc3C1)C2=O
401248,SMILES COc1cccc2c1-c1ccccc1C(Nc1ccccc1)C2(C)O,4.40351915,Natural,True,,SMILES COc1cccc2c1-c1ccccc1C(Nc1ccccc1)C2(C)O
465,SMILES CSCC1OC(OP(=O)(O)O)C(O)C1O,3.59161448,Natural,True,,SMILES CSCC1OC(OP(=O)(O)O)C(O)C1O
5252,SMILES O=C1NC(=O)C2(CCOc3ccc(F)cc32)N1,3.84309697,Natural,True,,SMILES O=C1NC(=O)C2(CCOc3ccc(F)cc32)N1
401908,SMILES Cc1cc(C)c(-n2c(C)c(C)c(C#N)c2N)c(C)c1,5.05863047,Natural,True,,SMILES Cc1cc(C)c(-n2c(C)c(C)c(C#N)c2N)c(C)c1
200132,,5.03433943,Natural,False,,
997,SMILES O=C(O)C(=O)Cc1ccccc1,4.1920414,Natural,True,,SMILES O=C(O)C(=O)Cc1ccccc1
201385,SMILES Oc1ccc(-c2[nH]c3ccccc3c2-c2ccc(O)cc2)cc1,5.08301401,Natural,True,,SMILES Oc1ccc(-c2[nH]c3ccccc3c2-c2ccc(O)cc2)cc1
2894,SMILES COc1cc2nc(N3CCN(C(=O)c4ccco4)C4CCCCC43)nc(N)c2cc1OC,4.78093147,Natural,True,,SMILES COc1cc2nc(N3CCN(C(=O)c4ccco4)C4CCCCC43)nc(N)c2cc1OC
301133,SMILES O=C1CC2(O)CCC1(c1ccccc1)CC2,4.03582907,Natural,True,,SMILES O=C1CC2(O)CCC1(c1ccccc1)CC2
6817,SMILES Cn1c2cccc(=O)c-2nc2ccccc21,4.45597696,Natural,True,,SMILES Cn1c2cccc(=O)c-2nc2ccccc21
764,SMILES Nc1nc(=O)c2[nH]cnc2[nH]1,4.36769056,Natural,True,,SMILES Nc1nc(=O)c2[nH]cnc2[nH]1
300739,SMILES O=C1c2ccccc2C(=O)N1CCCCCCCCCN1C(=O)c2ccccc2C1=O,5.47254419,Natural,True,,SMILES O=C1c2ccccc2C(=O)N1CCCCCCCCCN1C(=O)c2ccccc2C1=O
401870,SMILES Nc1ccccc1CCN1CCNCC1,3.04949379,Natural,True,,SMILES Nc1ccccc1CCN1CCNCC1
400618,SMILES COc1ccc2c(c1)CN1C(=N2)CSC1c1ccccc1Cl,5.3073101,Natural,True,,SMILES COc1ccc2c(c1)CN1C(=N2)CSC1c1ccccc1Cl
201248,SMILES CC(C)N1CCN(C(=S)S)CC1,3.04032397,Natural,True,,SMILES CC(C)N1CCN(C(=S)S)CC1
21025,SMILES CC(C)c1cc(CN(C)C)cc(C(C)C)c1O,3.45785117,Natural,True,,SMILES CC(C)c1cc(CN(C)C)cc(C(C)C)c1O
5353,SMILES COc1cc(S(C)=O)ccc1-c1nc2ncccc2[nH]1,4.52617407,Natural,True,,SMILES COc1cc(S(C)=O)ccc1-c1nc2ncccc2[nH]1
2000,,2.93199468,Natural,False,,
401728,SMILES CCC(O)C#CCCO[Si](C)(C)C(C)(C)C,3.94254565,Natural,True,,SMILES CCC(O)C#CCCO[Si](C)(C)C(C)(C)C
401672,SMILES COC1OC2COC(c3ccccc3)OC2C2CC=CCC12O,4.78472519,Natural,True,,SMILES COC1OC2COC(c3ccccc3)OC2C2CC=CCC12O
401623,SMILES Cc1ccc(C)c(C2NC(C(=O)O)(C(C)C)C3C(=O)N(c4cccc5ccccc45)C(=O)C23)c1,5.00065422,Natural,True,,SMILES Cc1ccc(C)c(C2NC(C(=O)O)(C(C)C)C3C(=O)N(c4cccc5ccccc45)C(=O)C23)c1
6474,SMILES CCC1(CC)C(=O)N=C(S)NC1=O,4.31049204,Natural,True,,SMILES CCC1(CC)C(=O)N=C(S)NC1=O
400622,SMILES COc1ccc2c(c1)CN1C(=N2)CSC1c1cc([N+](=O)[O-])ccc1Cl,4.61362457,Natural,True,,SMILES COc1ccc2c(c1)CN1C(=N2)CSC1c1cc([N+](=O)[O-])ccc1Cl
401793,SMILES COc1cc(Br)c(CC2C3=C(CCN2C(=O)C2CCC2)CC(=O)CC3)cc1O,5.33464432,Natural,True,,SMILES COc1cc(Br)c(CC2C3=C(CCN2C(=O)C2CCC2)CC(=O)CC3)cc1O
200018,,3.52287674,Natural,False,,
2786,SMILES CCCC1CC(C(=O)NC(C(C)Cl)C2OC(SC)C(O)C(O)C2O)N(C)C1,3.96949792,Natural,True,,SMILES CCCC1CC(C(=O)NC(C(C)Cl)C2OC(SC)C(O)C(O)C2O)N(C)C1
401271,SMILES COc1ccc(C2=NOC3CCCC(O)C23C)cc1,4.4907012,Natural,True,,SMILES COc1ccc(C2=NOC3CCCC(O)C23C)cc1
6444,SMILES CN1CCC23c4c5ccc(O)c4OC2C(=O)CCC3(O)C1C5,4.44136,Natural,True,,SMILES CN1CCC23c4c5ccc(O)c4OC2C(=O)CCC3(O)C1C5
300669,SMILES C[Si](C)(C)Oc1ccc(OCc2ccccc2)cc1,3.40695024,Natural,True,,SMILES C[Si](C)(C)Oc1ccc(OCc2ccccc2)cc1
401575,SMILES CCCc1nc2ncccc2o1,3.04050827,Natural,True,,SMILES CCCc1nc2ncccc2o1
300354,SMILES CC(=NNS(=O)(=O)c1ccc(C)cc1)C1CCSC1,3.75894666,Natural,True,,SMILES CC(=NNS(=O)(=O)c1ccc(C)cc1)C1CCSC1
301031,SMILES CC1SCC(=NO)CS1,4.02636576,Natural,True,,SMILES CC1SCC(=NO)CS1
201773,SMILES N#CSCc1ccc(Cl)cc1[N+](=O)[O-],3.49278712,Natural,True,,SMILES N#CSCc1ccc(Cl)cc1[N+](=O)[O-]
6922,SMILES Nc1ccccc1C(F)(F)F,3.34858704,Natural,True,,SMILES Nc1ccccc1C(F)(F)F
400409,SMILES CC1CN=C(c2cccc(OCc3ccc(COc4cccc(C5=NCC(C)N5)c4)cc3)c2)N1,4.30705833,Natural,True,,SMILES CC1CN=C(c2cccc(OCc3ccc(COc4cccc(C5=NCC(C)N5)c4)cc3)c2)N1
20161,SMILES CC(C)OC(=O)c1ccc(O)cc1,3.5251503,Natural,True,,SMILES CC(C)OC(=O)c1ccc(O)cc1
400149,SMILES COc1ccc(CCN2C(=O)C3C4C=CC(C4)C3C2(C)O)cc1OC,5.43852854,Natural,True,,SMILES COc1ccc(CCN2C(=O)C3C4C=CC(C4)C3C2(C)O)cc1OC
400176,SMILES COc1cc(CC2C(=O)OCC2C(=O)c2ccc(OC(C)C)c(O)c2)cc(OC)c1O,4.36803532,Natural,True,,SMILES COc1cc(CC2C(=O)OCC2C(=O)c2ccc(OC(C)C)c(O)c2)cc(OC)c1O
400440,SMILES Cc1ccc(C2CC3C(=O)OCC(c4ccccc4)N3O2)c(C)c1,4.58685112,Natural,True,,SMILES Cc1ccc(C2CC3C(=O)OCC(c4ccccc4)N3O2)c(C)c1
20926,SMILES CCOC(=O)c1cc2cc(OC)ccc2[nH]1,3.21784997,Natural,True,,SMILES CCOC(=O)c1cc2cc(OC)ccc2[nH]1
6640,SMILES CC(C)c1ccc(S(=O)(=O)O)cc1,3.22034764,Natural,True,,SMILES CC(C)c1ccc(S(=O)(=O)O)cc1
400442,SMILES Cc1ccc(C2CC3C(=O)OCC(c4ccccc4)N3O2)cc1,4.52069712,Natural,True,,SMILES Cc1ccc(C2CC3C(=O)OCC(c4ccccc4)N3O2)cc1
300664,SMILES O=[N+]([O-])c1cccc(S(=O)(=O)N2CCCCC2)c1,3.27901196,Natural,True,,SMILES O=[N+]([O-])c1cccc(S(=O)(=O)N2CCCCC2)c1
400856,SMILES CC1CN=C(CN2CCN(Cc3ccc(CN4CCN(CC5=NCC(C)N5)CC4)cc3)CC2)N1,3.69761658,Natural,True,,SMILES CC1CN=C(CN2CCN(Cc3ccc(CN4CCN(CC5=NCC(C)N5)CC4)cc3)CC2)N1
300676,SMILES O=C(O)C1C2C=CC(C2)C1C(=O)Nc1ccccc1,3.89123821,Natural,True,,SMILES O=C(O)C1C2C=CC(C2)C1C(=O)Nc1ccccc1
300230,SMILES CCC1C(=O)OCc2c1c(Br)cn(C)c2=O,4.10798025,Natural,True,,SMILES CCC1C(=O)OCc2c1c(Br)cn(C)c2=O
5824,SMILES CN(C)C(=O)Oc1cccc([N+](C)(C)C)c1,2.87086296,Natural,True,,SMILES CN(C)C(=O)Oc1cccc([N+](C)(C)C)c1
5697,SMILES CCCn1c(=O)c2[nH]c(-c3ccc(OCC(=O)NCCN)cc3)nc2n(CCC)c1=O,5.31750345,Natural,True,,SMILES CCCn1c(=O)c2[nH]c(-c3ccc(OCC(=O)NCCN)cc3)nc2n(CCC)c1=O
300509,SMILES CCn1c(N)c(N=O)c(=O)[nH]c1=O,3.70529151,Natural,True,,SMILES CCn1c(N)c(N=O)c(=O)[nH]c1=O
20753,SMILES ON=c1ccn(O)c2ccccc12,4.38807631,Natural,True,,SMILES ON=c1ccn(O)c2ccccc12
6516,SMILES C=C[Si](OCC)(OCC)OCC,3.48296475,Natural,True,,SMILES C=C[Si](OCC)(OCC)OCC
300447,SMILES c1ccc(Cc2nnc(Cc3ccccc3)nn2)cc1,3.97364306,Natural,True,,SMILES c1ccc(Cc2nnc(Cc3ccccc3)nn2)cc1
6135,SMILES COc1cc(NC(C)CCCN)c2ncccc2c1,4.0625248,Natural,True,,SMILES COc1cc(NC(C)CCCN)c2ncccc2c1
2990,SMILES CN(N=O)c1cc(O)ccc1O,4.54533052,Natural,True,,SMILES CN(N=O)c1cc(O)ccc1O
300816,SMILES CCOC(=O)C12CCC(C(=O)OCC)(CC1=O)C(=O)C2,3.94552231,Natural,True,,SMILES CCOC(=O)C12CCC(C(=O)OCC)(CC1=O)C(=O)C2
492,SMILES O=S(=O)(O)SS(=O)(=O)O,3.23007846,Natural,True,,SMILES O=S(=O)(O)SS(=O)(=O)O
20522,SMILES Cc1ccc(S(=O)(=O)OCCc2ccccc2)cc1,3.58110499,Natural,True,,SMILES Cc1ccc(S(=O)(=O)OCCc2ccccc2)cc1
2092,SMILES COc1cc2nc(N(C)CCCNC(=O)C3CCCO3)nc(N)c2cc1OC,4.0562377,Natural,True,,SMILES COc1cc2nc(N(C)CCCNC(=O)C3CCCO3)nc(N)c2cc1OC
300871,SMILES CCn1c(S)nc2ccccc2c1=O,3.30929184,Natural,True,,SMILES CCn1c(S)nc2ccccc2c1=O
201208,SMILES O=C(OCCCc1cccnc1)c1cc(Cl)cc(Cl)c1,3.99622035,Natural,True,,SMILES O=C(OCCCc1cccnc1)c1cc(Cl)cc(Cl)c1
20505,SMILES CC(C)CNCC1COc2ccccc2O1,2.96842313,Natural,True,,SMILES CC(C)CNCC1COc2ccccc2O1
300018,SMILES COC(=O)CCc1ccc(OC)cc1,3.13900089,Natural,True,,SMILES COC(=O)CCc1ccc(OC)cc1
5572,SMILES OC(CCN1CCCCC1)(c1ccccc1)C1CCCCC1,4.68394136,Natural,True,,SMILES OC(CCN1CCCCC1)(c1ccccc1)C1CCCCC1
201637,SMILES N#CC(=Cc1ccc([N+](=O)[O-])o1)c1nc2ccccc2[nH]1,5.06579828,Natural,True,,SMILES N#CC(=Cc1ccc([N+](=O)[O-])o1)c1nc2ccccc2[nH]1
833,SMILES NC(=O)NCCCC(N)C(=O)O,3.1742382,Natural,True,,SMILES NC(=O)NCCCC(N)C(=O)O
20774,SMILES C[Si]1(C)O[Si](C)(c2ccccc2)O[Si](C)(C)O[Si](C)(c2ccccc2)O1,4.55839586,Natural,True,,SMILES C[Si]1(C)O[Si](C)(c2ccccc2)O[Si](C)(C)O[Si](C)(c2ccccc2)O1
201487,SMILES CC(C)(C)NCC(O)(c1ccccc1)c1ccccc1,3.56394076,Natural,True,,SMILES CC(C)(C)NCC(O)(c1ccccc1)c1ccccc1
20798,SMILES CN1CCC(n2nc(-c3ccncc3)cc2N)CC1,4.41458654,Natural,True,,SMILES CN1CCC(n2nc(-c3ccncc3)cc2N)CC1
400677,SMILES O=c1[nH]ccn1S(=O)(=O)c1ccc(Cl)cc1,3.59657359,Natural,True,,SMILES O=c1[nH]ccn1S(=O)(=O)c1ccc(Cl)cc1
300499,SMILES O=C(OCc1ccccc1CN1CCOCC1)c1cccc(Cl)c1,4.31919861,Natural,True,,SMILES O=C(OCc1ccccc1CN1CCOCC1)c1cccc(Cl)c1
201510,SMILES CC(C)C1(c2ccccc2)CCC(=O)N1,3.67738652,Natural,True,,SMILES CC(C)C1(c2ccccc2)CCC(=O)N1
201877,SMILES COC(=O)COCC(=O)OC,2.67334294,Natural,True,,SMILES COC(=O)COCC(=O)OC
400266,SMILES NS(=O)(=O)c1ccc(N2C(=O)C(=O)C(C(=O)c3ccccc3)C2c2ccccc2)cc1,6.03906679,Natural,True,,SMILES NS(=O)(=O)c1ccc(N2C(=O)C(=O)C(C(=O)c3ccccc3)C2c2ccccc2)cc1
300188,SMILES COC1=NS(=O)(=O)N=C(N(C)C)O1,3.22018051,Natural,True,,SMILES COC1=NS(=O)(=O)N=C(N(C)C)O1
300624,SMILES CC(C)N=C(N)C(N)=NC(C)C,3.12537384,Natural,True,,SMILES CC(C)N=C(N)C(N)=NC(C)C
20830,SMILES O=C1c2ccccc2CCC1CN1CCCCC1,3.89269185,Natural,True,,SMILES O=C1c2ccccc2CCC1CN1CCCCC1
201836,SMILES CN(C)CCC(=O)c1ccc2c(c1)CCCC2,3.66812396,Natural,True,,SMILES CN(C)CCC(=O)c1ccc2c(c1)CCCC2
300823,SMILES N#CC(=CC=Cc1ccccc1)c1ccc([N+](=O)[O-])cc1,4.07297754,Natural,True,,SMILES N#CC(=CC=Cc1ccccc1)c1ccc([N+](=O)[O-])cc1
300439,SMILES N#Cc1ccccc1OCCCCOc1ccccc1C#N,3.85038829,Natural,True,,SMILES N#Cc1ccccc1OCCCCOc1ccccc1C#N
301268,SMILES Sc1nc2nc(Cl)c(Cl)[nH]c-2n1,3.66871738,Natural,True,,SMILES Sc1nc2nc(Cl)c(Cl)[nH]c-2n1
400848,SMILES Cc1ccc(S(=O)(=O)C2=C(C(C)C)N=NC2(C)C)cc1,4.75624514,Natural,True,,SMILES Cc1ccc(S(=O)(=O)C2=C(C(C)C)N=NC2(C)C)cc1
300616,SMILES N#CC(=N)N1CCN(C(=N)C#N)CC1,4.15157127,Natural,True,,SMILES N#CC(=N)N1CCN(C(=N)C#N)CC1
2817,SMILES Oc1ccc(Cl)c2cccnc12,3.31680679,Natural,True,,SMILES Oc1ccc(Cl)c2cccnc12
21044,SMILES CCOc1ccc(Sc2nc3ccccc3n2CC[NH+](CC)CC)cc1,4.50974274,Natural,True,,SMILES CCOc1ccc(Sc2nc3ccccc3n2CC[NH+](CC)CC)cc1
301332,SMILES CC(=O)Oc1c2c(n3c1CCC3)CC(C)(C)CC2=O,4.24551344,Natural,True,,SMILES CC(=O)Oc1c2c(n3c1CCC3)CC(C)(C)CC2=O
201569,SMILES N=C(N)SCSC(=N)N,3.3153851,Natural,True,,SMILES N=C(N)SCSC(=N)N
300221,SMILES COC(=O)NS(=O)(=O)CC(=O)c1ccccc1,3.15894628,Natural,True,,SMILES COC(=O)NS(=O)(=O)CC(=O)c1ccccc1
20379,SMILES CCN(CC)CCNc1cc(C)nc(N=C(N)Nc2ccc(Cl)cc2)n1,5.14905405,Natural,True,,SMILES CCN(CC)CCNc1cc(C)nc(N=C(N)Nc2ccc(Cl)cc2)n1
5620,SMILES CN(C(=O)Cc1ccc(Cl)c(Cl)c1)C1CCC2(CCCO2)CC1N1CCCC1,4.34171343,Natural,True,,SMILES CN(C(=O)Cc1ccc(Cl)c(Cl)c1)C1CCC2(CCCO2)CC1N1CCCC1
5543,SMILES CC(C)N(C(=O)SCC(Cl)=C(Cl)Cl)C(C)C,4.16549826,Natural,True,,SMILES CC(C)N(C(=O)SCC(Cl)=C(Cl)Cl)C(C)C
201792,SMILES CN(C(N)=O)C(=O)Nc1ccccc1,3.91139722,Natural,True,,SMILES CN(C(N)=O)C(=O)Nc1ccccc1
5387,SMILES Cc1scc2c1N(C(=O)CN1CCN(C)CC1)c1ccccc1NC2=O,4.2850728,Natural,True,,SMILES Cc1scc2c1N(C(=O)CN1CCN(C)CC1)c1ccccc1NC2=O
400836,SMILES OCC(O)C(O)c1nn(-c2ccccc2)c2nc3ccccc3nc12,3.5801239,Natural,True,,SMILES OCC(O)C(O)c1nn(-c2ccccc2)c2nc3ccccc3nc12
300876,SMILES CCCCN=Cc1ccc(Cl)cc1,3.10362244,Natural,True,,SMILES CCCCN=Cc1ccc(Cl)cc1
400238,SMILES CC=CC(C#N)OP1(=O)OC(c2ccccc2)C(C)N1C,4.22036982,Natural,True,,SMILES CC=CC(C#N)OP1(=O)OC(c2ccccc2)C(C)N1C
20862,SMILES C=C(C)C(Cl)(Cl)Cl,3.30512261,Natural,True,,SMILES C=C(C)C(Cl)(Cl)Cl
200398,,4.03087664,Natural,False,,
401463,SMILES COc1cc(OC)cc(Oc2nc3ccccc3nc2C(F)(F)F)c1,4.70443201,Natural,True,,SMILES COc1cc(OC)cc(Oc2nc3ccccc3nc2C(F)(F)F)c1
300257,SMILES CN(C)S(=O)(=O)Cc1ccccc1,3.92254567,Natural,True,,SMILES CN(C)S(=O)(=O)Cc1ccccc1
300492,SMILES CN(C)Cc1ccccc1CO,3.63885951,Natural,True,,SMILES CN(C)Cc1ccccc1CO
20507,SMILES CC1(CC(=O)O)Oc2ccccc2O1,4.26427603,Natural,True,,SMILES CC1(CC(=O)O)Oc2ccccc2O1
300640,SMILES O=P1(c2ccccc2)NC2CC(C(F)(F)F)CCC2S1,3.98877454,Natural,True,,SMILES O=P1(c2ccccc2)NC2CC(C(F)(F)F)CCC2S1
21178,SMILES CSc1ccc2[nH]cc(CC(C)N)c2c1,3.67992473,Natural,True,,SMILES CSc1ccc2[nH]cc(CC(C)N)c2c1
639,SMILES O=c1nc[nH]c2c1ncn2C1CC(O)C(CO)O1,3.25892067,Natural,True,,SMILES O=c1nc[nH]c2c1ncn2C1CC(O)C(CO)O1
20777,SMILES CCNc1nc(N[N+]#N)nc(SC)n1,4.15390253,Natural,True,,SMILES CCNc1nc(N[N+]#N)nc(SC)n1
50051,SMILES CCCCOc1cccc(NC(=O)OCCN(C)C)c1,3.53196335,Natural,True,,SMILES CCCCOc1cccc(NC(=O)OCCN(C)C)c1
201905,SMILES Cc1ccc(C23CCC(=O)N2CCCO3)cc1,4.54652882,Natural,True,,SMILES Cc1ccc(C23CCC(=O)N2CCCO3)cc1
200400,,3.57522702,Natural,False,,
5662,SMILES OC1CCCCC1N1CCC(c2ccccc2)CC1,3.84320521,Natural,True,,SMILES OC1CCCCC1N1CCC(c2ccccc2)CC1
201911,SMILES CCC1(c2ccccc2)CCC(=O)N(CN2CCCCC2)C1=O,5.2004838,Natural,True,,SMILES CCC1(c2ccccc2)CCC(=O)N(CN2CCCCC2)C1=O
301055,SMILES CCNC(C)(C)C(SS(=O)(=O)O)c1cccs1,3.34859586,Natural,True,,SMILES CCNC(C)(C)C(SS(=O)(=O)O)c1cccs1
6231,SMILES C#CC1(O)CCC2C3CCC4=C(CCC(=O)C4)C3CCC21C,5.75601625,Natural,True,,SMILES C#CC1(O)CCC2C3CCC4=C(CCC(=O)C4)C3CCC21C
200374,,3.15764427,Natural,False,,
401139,SMILES CC(=O)OC1COC(OC2c3ccccc3-c3ccccc32)C(OC(C)=O)C1OC(C)=O,4.4360528,Natural,True,,SMILES CC(=O)OC1COC(OC2c3ccccc3-c3ccccc32)C(OC(C)=O)C1OC(C)=O
401998,SMILES O=C(c1cccnc1)N1N=C(c2ccc3c(c2)OCO3)CC1(O)c1cc(F)c(Cl)cc1Cl,5.30269003,Natural,True,,SMILES O=C(c1cccnc1)N1N=C(c2ccc3c(c2)OCO3)CC1(O)c1cc(F)c(Cl)cc1Cl
300409,SMILES O=C1c2ccccc2-c2ccccc2C12N=Nc1ccccc12,4.7764473,Natural,True,,SMILES O=C1c2ccccc2-c2ccccc2C12N=Nc1ccccc12
201748,SMILES CCN(CC)CCNC(=O)COc1ccc(O)cc1,3.41550827,Natural,True,,SMILES CCN(CC)CCNC(=O)COc1ccc(O)cc1
401090,SMILES CC(=O)C1(c2ccccc2)CCN(Cn2sc3nc(C)cc(C)c3c2=O)CC1,5.53221178,Natural,True,,SMILES CC(=O)C1(c2ccccc2)CCN(Cn2sc3nc(C)cc(C)c3c2=O)CC1
401654,SMILES O=C(NP(=O)(N1CCOCC1)N1CCOCC1)C(Cl)(Cl)Cl,3.76538372,Natural,True,,SMILES O=C(NP(=O)(N1CCOCC1)N1CCOCC1)C(Cl)(Cl)Cl
20866,SMILES c1ccc2c(NC3=NCCN3)cccc2c1,3.38001442,Natural,True,,SMILES c1ccc2c(NC3=NCCN3)cccc2c1
21109,SMILES COc1ccc(CN2CCNCC2)c(OC)c1OC,3.3192234,Natural,True,,SMILES COc1ccc(CN2CCNCC2)c(OC)c1OC
2805,SMILES Clc1ccc(C(OCCN2CCCCC2)c2ccccc2)cc1,4.02390289,Natural,True,,SMILES Clc1ccc(C(OCCN2CCCCC2)c2ccccc2)cc1
6964,SMILES O=C(O)c1ccc(Cl)cc1C(=O)O,4.35896826,Natural,True,,SMILES O=C(O)c1ccc(Cl)cc1C(=O)O
401561,SMILES CC12CCC3C(CCC4C(C)(C(=O)O)CCCC34C)(CC1=NO)C2,5.69115829,Natural,True,,SMILES CC12CCC3C(CCC4C(C)(C(=O)O)CCCC34C)(CC1=NO)C2
6089,SMILES CN(C)CCc1c[nH]c2ccccc12,2.99665093,Natural,True,,SMILES CN(C)CCc1c[nH]c2ccccc12
20040,,3.9842844,Natural,False,,
2788,SMILES Oc1c(I)cc(Cl)c2cccnc12,4.57833147,Natural,True,,SMILES Oc1c(I)cc(Cl)c2cccnc12
200306,,4.32109547,Natural,False,,
20588,SMILES CC[n+]1ccc2c(O)cccc2c1,3.05724621,Natural,True,,SMILES CC[n+]1ccc2c(O)cccc2c1
5897,SMILES CC(=O)Nc1ccc2c(c1)Cc1ccccc1-2,3.5849371,Natural,True,,SMILES CC(=O)Nc1ccc2c(c1)Cc1ccccc1-2
20624,SMILES OCCN(CCO)C1CCC(c2ccccc2)(c2ccccc2)CC1,4.34466791,Natural,True,,SMILES OCCN(CCO)C1CCC(c2ccccc2)(c2ccccc2)CC1
6670,SMILES Nc1ccc2ccccc2c1S(=O)(=O)O,3.88585639,Natural,True,,SMILES Nc1ccc2ccccc2c1S(=O)(=O)O
401141,SMILES OC1COC(OC2c3ccccc3-c3ccccc32)C(O)C1O,3.61920238,Natural,True,,SMILES OC1COC(OC2c3ccccc3-c3ccccc32)C(O)C1O
6191,SMILES O=[N+]([O-])c1cccc(O)c1[N+](=O)[O-],2.89338303,Natural,True,,SMILES O=[N+]([O-])c1cccc(O)c1[N+](=O)[O-]
400615,SMILES N#CC1CCN2N=C(c3ccccc3)SC12c1ccccc1,4.81989861,Natural,True,,SMILES N#CC1CCN2N=C(c3ccccc3)SC12c1ccccc1
200358,,2.92862296,Natural,False,,
5320,SMILES CC(=O)NS(=O)(=O)c1ccc(N)cc1,3.0671494,Natural,True,,SMILES CC(=O)NS(=O)(=O)c1ccc(N)cc1
20396,SMILES Cc1ccccc1C1(C)OCC(CO)O1,3.77448559,Natural,True,,SMILES Cc1ccccc1C1(C)OCC(CO)O1
2043,SMILES CC(C)(C)c1cc(C=C(C#N)C(=N)S)cc(C(C)(C)C)c1O,4.66731453,Natural,True,,SMILES CC(C)(C)c1cc(C=C(C#N)C(=N)S)cc(C(C)(C)C)c1O
301160,SMILES COC(=O)C1CC23CCCC12CC3,4.37217569,Natural,True,,SMILES COC(=O)C1CC23CCCC12CC3
5497,SMILES CCN(CC)C(=O)c1cccnc1,2.97248149,Natural,True,,SMILES CCN(CC)C(=O)c1cccnc1
200588,,3.75754476,Natural,False,,
2956,SMILES CC(NC(=O)Cc1cc(F)cc(F)c1)C(=O)NC(C(=O)OC(C)(C)C)c1ccccc1,4.61918306,Natural,True,,SMILES CC(NC(=O)Cc1cc(F)cc(F)c1)C(=O)NC(C(=O)OC(C)(C)C)c1ccccc1
2927,SMILES NC(CCCCP(=O)(O)O)C(=O)O,4.89790773,Natural,True,,SMILES NC(CCCCP(=O)(O)O)C(=O)O
5792,SMILES OC(c1ccccc1)c1nc2ccccc2[nH]1,3.0936029,Natural,True,,SMILES OC(c1ccccc1)c1nc2ccccc2[nH]1
201512,SMILES CCC1(c2ccc(OC)cc2)CCC(=O)N1,3.28982139,Natural,True,,SMILES CCC1(c2ccc(OC)cc2)CCC(=O)N1
401507,SMILES COc1ccc(C=NNC(=O)Nc2ccc(Br)cc2)cc1OC,4.57827187,Natural,True,,SMILES COc1ccc(C=NNC(=O)Nc2ccc(Br)cc2)cc1OC
301179,SMILES O=C1C2C3CC4C2C(Br)C2C1C3C42,4.43317938,Natural,True,,SMILES O=C1C2C3CC4C2C(Br)C2C1C3C42
300284,SMILES O=C1NC2Cc3ccccc3CC12,3.52070165,Natural,True,,SMILES O=C1NC2Cc3ccccc3CC12
433,SMILES O=C1CCC(c2cccnc2)N1CO,3.21056628,Natural,True,,SMILES O=C1CCC(c2cccnc2)N1CO
6984,SMILES CCC(C)c1ccccc1O,3.33487725,Natural,True,,SMILES CCC(C)c1ccccc1O
301392,SMILES C#CCOCC1CNC(=O)O1,2.84438968,Natural,True,,SMILES C#CCOCC1CNC(=O)O1
401815,SMILES CN(CCc1cccc(N)c1)CCN1CCCC1,3.26710296,Natural,True,,SMILES CN(CCc1cccc(N)c1)CCN1CCCC1
401493,SMILES O=C(NN=C1CCCCC1)Nc1ccc(Br)cc1,4.60786009,Natural,True,,SMILES O=C(NN=C1CCCCC1)Nc1ccc(Br)cc1
300197,SMILES COC(=O)NS(=O)(=O)C=C(c1ccccc1)c1ccccc1,3.57565808,Natural,True,,SMILES COC(=O)NS(=O)(=O)C=C(c1ccccc1)c1ccccc1
6002,SMILES CC[N+](C)(C)CC(C)N1c2ccccc2Sc2ccccc21,3.65442085,Natural,True,,SMILES CC[N+](C)(C)CC(C)N1c2ccccc2Sc2ccccc21
400655,SMILES C=CC(c1ccccc1)C1(O)c2cccc(O)c2C(=O)c2c(O)cccc21,4.5893569,Natural,True,,SMILES C=CC(c1ccccc1)C1(O)c2cccc(O)c2C(=O)c2c(O)cccc21
DECOY_decoy_4679,SMILES COc1ccnc(CS(=O)c2nc3ccc(OC(F)F)cc3[nH]2)c1OC,4.55433512,Natural,True,,SMILES COc1ccnc(CS(=O)c2nc3ccc(OC(F)F)cc3[nH]2)c1OC
300629,SMILES COCCCN=C(N)C(N)=NCCCOC,3.56211257,Natural,True,,SMILES COCCCN=C(N)C(N)=NCCCOC
5796,SMILES CCOCCOCCOC(C)Oc1ccc2c(c1)OCO2,3.48286128,Natural,True,,SMILES CCOCCOCCOC(C)Oc1ccc2c(c1)OCO2
201547,SMILES CCCNC(C)(C)C(=O)Nc1ccccc1C,3.09504032,Natural,True,,SMILES CCCNC(C)(C)C(=O)Nc1ccccc1C
400164,SMILES CN(C)c1ncnc2c1ncn2C(=O)NC12CC3CC(CC(C3)C1)C2,5.35218477,Natural,True,,SMILES CN(C)c1ncnc2c1ncn2C(=O)NC12CC3CC(CC(C3)C1)C2
300369,SMILES CCSC(C(N)=O)c1ccccc1,3.00077248,Natural,True,,SMILES CCSC(C(N)=O)c1ccccc1
201281,SMILES NC1CCC(c2ccccc2)CC1,3.4395256,Natural,True,,SMILES NC1CCC(c2ccccc2)CC1
20196,SMILES O=C(Nc1cccc(Cl)c1)c1cc(Cl)ccc1O,3.91369629,Natural,True,,SMILES O=C(Nc1cccc(Cl)c1)c1cc(Cl)ccc1O
5666,SMILES CCOc1ccccc1OCC1CNCCO1,3.2363255,Natural,True,,SMILES CCOc1ccccc1OCC1CNCCO1
6068,SMILES CCC1C(=O)NC(=O)C1(C)c1ccccc1,4.41183043,Natural,True,,SMILES CCC1C(=O)NC(=O)C1(C)c1ccccc1
401378,SMILES O=C(c1cccs1)N(Cc1cccnc1)C(=S)N(Cc1cccnc1)C(=O)c1cccs1,4.95435524,Natural,True,,SMILES O=C(c1cccs1)N(Cc1cccnc1)C(=S)N(Cc1cccnc1)C(=O)c1cccs1
300705,SMILES COC(=O)CN(C)C(=O)c1cc2ccccc2[nH]1,3.0988605,Natural,True,,SMILES COC(=O)CN(C)C(=O)c1cc2ccccc2[nH]1
401389,SMILES CC(NC(=O)c1ccccc1SC(=O)CCC[n+]1ccccc1)C(N)=O,4.05286455,Natural,True,,SMILES CC(NC(=O)c1ccccc1SC(=O)CCC[n+]1ccccc1)C(N)=O
3972,SMILES CC(O)C(C)OC(=O)C1CC2c3cccc4c3c(cn4C(C)C)CC2N(C)C1,4.75126457,Natural,True,,SMILES CC(O)C(C)OC(=O)C1CC2c3cccc4c3c(cn4C(C)C)CC2N(C)C1
200418,,3.28476238,Natural,False,,
5,SMILES NCC(=O)COP(=O)(O)O,3.83580041,Natural,True,,SMILES NCC(=O)COP(=O)(O)O
967,SMILES O=C(O)c1cc(=O)[nH]c(=O)[nH]1,2.85802102,Natural,True,,SMILES O=C(O)c1cc(=O)[nH]c(=O)[nH]1
401340,SMILES O=S1(=O)N=C(SCc2ccccc2)N(c2ccccc2)c2ccncc21,5.04718065,Natural,True,,SMILES O=S1(=O)N=C(SCc2ccccc2)N(c2ccccc2)c2ccncc21
401570,SMILES c1cnc2nc(C3CCCC3)oc2c1,3.8217926,Natural,True,,SMILES c1cnc2nc(C3CCCC3)oc2c1
300758,SMILES COC(=O)c1ccccc1NCCNc1ccccc1C(=O)OC,3.94952083,Natural,True,,SMILES COC(=O)c1ccccc1NCCNc1ccccc1C(=O)OC
200566,,4.2492795,Natural,False,,
200286,,4.44521379,Natural,False,,
65,SMILES Oc1cc(Cl)c(O)cc1Cl,4.15160561,Natural,True,,SMILES Oc1cc(Cl)c(O)cc1Cl
792,SMILES O=C(COP(=O)(O)O)Cc1cnc[nH]1,3.40902543,Natural,True,,SMILES O=C(COP(=O)(O)O)Cc1cnc[nH]1
201511,SMILES CCCCC1(c2ccccc2)CCC(=O)N1,3.62566686,Natural,True,,SMILES CCCCC1(c2ccccc2)CCC(=O)N1
401635,SMILES CCCCC(=C=C(C)CO)C1CCCN1C(=O)OC(C)(C)C,4.30102062,Natural,True,,SMILES CCCCC(=C=C(C)CO)C1CCCN1C(=O)OC(C)(C)C
21175,SMILES CC(C)N=C(S)Nc1nc(Cl)nc(Cl)n1,5.36135721,Natural,True,,SMILES CC(C)N=C(S)Nc1nc(Cl)nc(Cl)n1
851,,3.59331965,Natural,False,,
400759,SMILES O=NC1=C(O)c2c(Br)ccc(Br)c2C1,3.99192643,Natural,True,,SMILES O=NC1=C(O)c2c(Br)ccc(Br)c2C1
401989,SMILES Cc1nnc2sc(CNc3ccc(Cl)c(F)c3)nn2c1=O,4.90507555,Natural,True,,SMILES Cc1nnc2sc(CNc3ccc(Cl)c(F)c3)nn2c1=O
300159,SMILES COC(=O)c1ccc(C(=O)CC(=O)c2ccccc2)cc1,3.30311489,Natural,True,,SMILES COC(=O)c1ccc(C(=O)CC(=O)c2ccccc2)cc1
5542,SMILES CCCC=CCC=CC=CC=NNN=O,3.84578776,Natural,True,,SMILES CCCC=CCC=CC=CC=NNN=O
300980,SMILES COc1ccc(C2(OC(=O)c3ccc([N+](=O)[O-])cc3)C3C=CC2CC3)cc1,4.40852404,Natural,True,,SMILES COc1ccc(C2(OC(=O)c3ccc([N+](=O)[O-])cc3)C3C=CC2CC3)cc1
5842,SMILES C=CCC1(CC=C)C(=O)NC(=O)NC1=O,4.2920785,Natural,True,,SMILES C=CCC1(CC=C)C(=O)NC(=O)NC1=O
6515,SMILES CCO[Si](CC)(OCC)OCC,3.24116898,Natural,True,,SMILES CCO[Si](CC)(OCC)OCC
401519,SMILES CC(=NNC(=O)Nc1ccc(S(N)(=O)=O)cc1)c1ccccc1,4.6763835,Natural,True,,SMILES CC(=NNC(=O)Nc1ccc(S(N)(=O)=O)cc1)c1ccccc1
754,SMILES O=P(O)(O)OCC(O)CO,3.98521066,Natural,True,,SMILES O=P(O)(O)OCC(O)CO
50053,SMILES CCCCOc1ccc(NC(=O)OCCN(C)C)cc1,3.55111003,Natural,True,,SMILES CCCCOc1ccc(NC(=O)OCCN(C)C)cc1
21103,SMILES Cc1n[nH]c(=O)c2ccccc12,3.152565,Natural,True,,SMILES Cc1n[nH]c(=O)c2ccccc12
893,SMILES CSCCS(=O)(=O)O,3.16734624,Natural,True,,SMILES CSCCS(=O)(=O)O
20779,SMILES CSc1nc(N[N+]#N)nc(NC(C)C)n1,4.41653824,Natural,True,,SMILES CSc1nc(N[N+]#N)nc(NC(C)C)n1
50036,SMILES COc1ccc(NC(=O)OCC[NH+](C)C)cc1,3.18217444,Natural,True,,SMILES COc1ccc(NC(=O)OCC[NH+](C)C)cc1
50020,SMILES CCOc1ccc(N)cc1N,2.93903041,Natural,True,,SMILES CCOc1ccc(N)cc1N
5895,SMILES ONc1ccc2c(c1)Cc1ccccc1-2,3.9297142,Natural,True,,SMILES ONc1ccc2c(c1)Cc1ccccc1-2
20746,SMILES Cc1ccc2[nH]c3ccccc3c2c1,3.39173913,Natural,True,,SMILES Cc1ccc2[nH]c3ccccc3c2c1
21047,SMILES CCN(CC)CC[n+]1c(Sc2ccc(N(CC)CC)cc2)[nH]c2ccccc21,4.44834661,Natural,True,,SMILES CCN(CC)CC[n+]1c(Sc2ccc(N(CC)CC)cc2)[nH]c2ccccc21
300002,SMILES NCCNCCNCCN1CC1,2.81957364,Natural,False,,
401333,SMILES CSC1=NS(=O)(=O)c2cnccc2N1c1cccc(C(F)(F)F)c1,4.46246862,Natural,True,,SMILES CSC1=NS(=O)(=O)c2cnccc2N1c1cccc(C(F)(F)F)c1
300466,SMILES COc1cccc(C2NC(=O)N3C(c4cccc(OC)c4)NC(=O)N23)c1,4.65570307,Natural,True,,SMILES COc1cccc(C2NC(=O)N3C(c4cccc(OC)c4)NC(=O)N23)c1
300089,SMILES COCCCNc1ccc(S(=O)(=O)c2ccc(N)cc2)cc1,3.71338201,Natural,True,,SMILES COCCCNc1ccc(S(=O)(=O)c2ccc(N)cc2)cc1
20455,SMILES N#CCc1nc2ccccc2[nH]1,3.44113612,Natural,True,,SMILES N#CCc1nc2ccccc2[nH]1
486,SMILES C[N+](C)(C)CCOS(=O)(=O)O,3.24801373,Natural,True,,SMILES C[N+](C)(C)CCOS(=O)(=O)O
21229,SMILES NC([NH3+])=NC(N)=NCc1ccco1,3.51474667,Natural,True,,SMILES NC([NH3+])=NC(N)=NCc1ccco1
6479,SMILES CC1(C)C(=O)N(Br)C(=O)N1Br,3.12670922,Natural,True,,SMILES CC1(C)C(=O)N(Br)C(=O)N1Br
2951,SMILES O=C1N=C([O-])CN1N=Cc1ccc(-c2ccc([N+](=O)[O-])cc2)o1,3.85938907,Natural,True,,SMILES O=C1N=C([O-])CN1N=Cc1ccc(-c2ccc([N+](=O)[O-])cc2)o1
20128,SMILES OCC1COC2(CCCCC2)O1,3.59670734,Natural,True,,SMILES OCC1COC2(CCCCC2)O1
401153,SMILES Cc1cc(C)c(S(=O)OC2C(C3COC(C)(C)O3)OC3OC(C)(C)OC32)c(C)c1,4.13140392,Natural,True,,SMILES Cc1cc(C)c(S(=O)OC2C(C3COC(C)(C)O3)OC3OC(C)(C)OC32)c(C)c1
301038,SMILES CC(=O)Nc1nc(Cl)c([N+](=O)[O-])c(Cl)n1,4.25176048,Natural,True,,SMILES CC(=O)Nc1nc(Cl)c([N+](=O)[O-])c(Cl)n1
301374,SMILES CC(=O)Nc1nn(C)c(C#N)c1C#N,3.3067553,Natural,True,,SMILES CC(=O)Nc1nn(C)c(C#N)c1C#N
50116,SMILES CCc1ccc2c(c1)C(=CCC[NH+](C)C)c1ccccc1CS2,5.06686783,Natural,True,,SMILES CCc1ccc2c(c1)C(=CCC[NH+](C)C)c1ccccc1CS2
20613,SMILES Nc1nc(Br)nc(Br)n1,4.29116058,Natural,True,,SMILES Nc1nc(Br)nc(Br)n1
50130,SMILES C[NH+](C)CCCC1c2ccccc2C=Cc2ccccc21,3.82236552,Natural,True,,SMILES C[NH+](C)CCCC1c2ccccc2C=Cc2ccccc21
6,SMILES O=[N+]([O-])c1ccc(Cl)c([N+](=O)[O-])c1,3.65672326,Natural,True,,SMILES O=[N+]([O-])c1ccc(Cl)c([N+](=O)[O-])c1
401760,SMILES CCOC(=O)N1NC2(C(=O)OC)CCC3CCC1C32,4.26465368,Natural,True,,SMILES CCOC(=O)N1NC2(C(=O)OC)CCC3CCC1C32
300657,SMILES Cc1ccc2c(c1)NP(=S)(c1ccccc1)N2,3.43963885,Natural,True,,SMILES Cc1ccc2c(c1)NP(=S)(c1ccccc1)N2
401960,SMILES NC(S)=NN=Cc1ccccc1OCc1cccc(COc2ccccc2C=NN=C(N)S)n1,5.4294486,Natural,True,,SMILES NC(S)=NN=Cc1ccccc1OCc1cccc(COc2ccccc2C=NN=C(N)S)n1
400831,SMILES O=c1c(Cc2ccc(Cl)cc2)nnc2n1N=C(c1ccc(Cl)cc1)CS2,5.14404535,Natural,True,,SMILES O=c1c(Cc2ccc(Cl)cc2)nnc2n1N=C(c1ccc(Cl)cc1)CS2
5534,SMILES C(#CCN1CCCC1)CN1CCCC1,2.87802625,Natural,True,,SMILES C(#CCN1CCCC1)CN1CCCC1
300325,SMILES O=C(O)CCc1ccccc1-c1ccccc1,3.99201274,Natural,True,,SMILES O=C(O)CCc1ccccc1-c1ccccc1
5344,SMILES Cc1noc(NS(=O)(=O)c2ccc(N)cc2)c1C,3.74637127,Natural,True,,SMILES Cc1noc(NS(=O)(=O)c2ccc(N)cc2)c1C
5789,SMILES Cc1cn(C2CC(O)C(CO)O2)c(=O)[nH]c1=O,3.63666224,Natural,True,,SMILES Cc1cn(C2CC(O)C(CO)O2)c(=O)[nH]c1=O
6692,SMILES CC(=O)CC(c1ccc(Cl)cc1)c1c(O)oc2ccccc2c1=O,5.33433723,Natural,True,,SMILES CC(=O)CC(c1ccc(Cl)cc1)c1c(O)oc2ccccc2c1=O
5322,SMILES CCn1ccc(NS(=O)(=O)c2ccc(N)cc2)nc1=O,3.76352811,Natural,True,,SMILES CCn1ccc(NS(=O)(=O)c2ccc(N)cc2)nc1=O
201763,SMILES O=C(OCC1(COC(=O)N2CCCCC2)CCO1)N1CCCCC1,3.12443757,Natural,True,,SMILES O=C(OCC1(COC(=O)N2CCCCC2)CCO1)N1CCCCC1
201614,SMILES CC(C)C(CCN1CCCCC1)(C(=O)O)c1cccc2ccccc12,4.44894886,Natural,True,,SMILES CC(C)C(CCN1CCCCC1)(C(=O)O)c1cccc2ccccc12
401233,SMILES COC(=O)CNC(=O)N1Cc2ccccc2CN1C(C)=O,3.81777787,Natural,True,,SMILES COC(=O)CNC(=O)N1Cc2ccccc2CN1C(C)=O
20115,SMILES CS(=O)(=O)c1cc(Cl)c(Cl)cc1Cl,2.92448163,Natural,True,,SMILES CS(=O)(=O)c1cc(Cl)c(Cl)cc1Cl
6717,SMILES CN1CC(C(=O)O)C=C2c3cccc4[nH]cc(c34)CC21,4.13888407,Natural,True,,SMILES CN1CC(C(=O)O)C=C2c3cccc4[nH]cc(c34)CC21
201419,SMILES O=C(CN1CCCC1)NN=CC(=O)c1ccccc1,3.48881698,Natural,True,,SMILES O=C(CN1CCCC1)NN=CC(=O)c1ccccc1
401175,SMILES Clc1ncnc2c1nc(-c1cccs1)n2C1CCCCO1,4.97492361,Natural,True,,SMILES Clc1ncnc2c1nc(-c1cccs1)n2C1CCCCO1
2082,SMILES CCCSc1ccc2nc(NC(=O)OC)[nH]c2c1,4.61580706,Natural,True,,SMILES CCCSc1ccc2nc(NC(=O)OC)[nH]c2c1
5464,SMILES Cc1cn(C2CC3OP(=O)(O)OCC3O2)c(=O)[nH]c1=O,3.37609386,Natural,True,,SMILES Cc1cn(C2CC3OP(=O)(O)OCC3O2)c(=O)[nH]c1=O
20896,SMILES CCCCCN=C(N)N=C(N)N,3.65798116,Natural,True,,SMILES CCCCCN=C(N)N=C(N)N
400748,SMILES COP(=O)(OC)C1Sc2ccccc2S1,4.10177088,Natural,True,,SMILES COP(=O)(OC)C1Sc2ccccc2S1
20956,SMILES O=C(NN=CC=Cc1ccccc1)c1ccncc1,3.86394334,Natural,True,,SMILES O=C(NN=CC=Cc1ccccc1)c1ccncc1
400229,SMILES COC(=O)CC(C#N)(OP1(=O)OC(c2ccccc2)C(C)N1C)c1ccccc1,4.20807028,Natural,True,,SMILES COC(=O)CC(C#N)(OP1(=O)OC(c2ccccc2)C(C)N1C)c1ccccc1
201952,SMILES CNc1nc(N)nc(CCN2CCN(c3ccccc3)CC2)n1,4.27560425,Natural,True,,SMILES CNc1nc(N)nc(CCN2CCN(c3ccccc3)CC2)n1
301461,SMILES CC12CCC(O)CC1CCC1C2CCC2(C)C(C(=O)O)CCC12,5.24639368,Natural,True,,SMILES CC12CCC(O)CC1CCC1C2CCC2(C)C(C(=O)O)CCC12
300276,SMILES COC(=O)N1C2C=CC(C2)N1C(=O)OC,3.34613204,Natural,True,,SMILES COC(=O)N1C2C=CC(C2)N1C(=O)OC
401577,SMILES O=C(O)c1nc(NCc2nc3cc(Cl)ccc3o2)n[nH]1,4.87959051,Natural,True,,SMILES O=C(O)c1nc(NCc2nc3cc(Cl)ccc3o2)n[nH]1
21003,SMILES O=C1CCCC1C1CCCC1,3.90635467,Natural,True,,SMILES O=C1CCCC1C1CCCC1
2073,SMILES CCC1C2CC3C4N(C)c5ccccc5C45CC(C2C5O)N3C1O,4.93262339,Natural,True,,SMILES CCC1C2CC3C4N(C)c5ccccc5C45CC(C2C5O)N3C1O
5843,SMILES O=C1NC(=O)C2(CCCCC2)C(=O)N1,4.78150606,Natural,True,,SMILES O=C1NC(=O)C2(CCCCC2)C(=O)N1
5479,SMILES CCS(=O)(=O)CCn1c([N+](=O)[O-])cnc1C,3.33513808,Natural,True,,SMILES CCS(=O)(=O)CCn1c([N+](=O)[O-])cnc1C
300586,SMILES CCSCCNC(=O)C(=O)NCCSCC,3.41003227,Natural,True,,SMILES CCSCCNC(=O)C(=O)NCCSCC
300557,SMILES NC(=O)c1nc(-c2ccccc2)c(-c2ccccc2)[nH]c1=O,4.07310295,Natural,True,,SMILES NC(=O)c1nc(-c2ccccc2)c(-c2ccccc2)[nH]c1=O
903,SMILES CC(=O)NCCc1c[nH]c2ccc(O)cc12,3.23483276,Natural,True,,SMILES CC(=O)NCCc1c[nH]c2ccc(O)cc12
20725,SMILES COc1cc2ccnc(C)c2cc1OC,3.51027513,Natural,True,,SMILES COc1cc2ccnc(C)c2cc1OC
201966,SMILES C=CCOc1c(CCC)cc(C(N)=O)cc1CCC,4.17520666,Natural,True,,SMILES C=CCOc1c(CCC)cc(C(N)=O)cc1CCC
200335,,3.56929708,Natural,False,,
6413,SMILES C=C[Si](Cl)(Cl)Cl,3.13841367,Natural,True,,SMILES C=C[Si](Cl)(Cl)Cl
400006,SMILES CCN1C(=S)n2cccc2C1CC(=O)c1ccc(Cl)cc1,4.46741819,Natural,True,,SMILES CCN1C(=S)n2cccc2C1CC(=O)c1ccc(Cl)cc1
400436,SMILES Cc1ccc(C)c(C2CC3C(=O)OCC(c4ccccc4)N3O2)c1,4.60893154,Natural,True,,SMILES Cc1ccc(C)c(C2CC3C(=O)OCC(c4ccccc4)N3O2)c1
50037,SMILES COc1ccc(NC(=O)OCCN(C)C)cc1,3.28842711,Natural,True,,SMILES COc1ccc(NC(=O)OCCN(C)C)cc1
400072,SMILES C=CC(OC(C)=O)c1ccc(OC(C)=O)cc1,4.83050776,Natural,True,,SMILES C=CC(OC(C)=O)c1ccc(OC(C)=O)cc1
300595,SMILES CCOC(=O)C(C#N)C(=N)C#N,3.34548473,Natural,True,,SMILES CCOC(=O)C(C#N)C(=N)C#N
5381,SMILES CCOC(=O)c1ccc(C#Cc2ccc3c(c2)C(C)(C)CCS3)nc1,5.6824851,Natural,True,,SMILES CCOC(=O)c1ccc(C#Cc2ccc3c(c2)C(C)(C)CCS3)nc1
201959,SMILES CNc1nc(N)nc(CCCN2CCN(c3ccccc3)CC2)n1,4.49553537,Natural,True,,SMILES CNc1nc(N)nc(CCCN2CCN(c3ccccc3)CC2)n1
401828,SMILES COc1ccc(CCN2CCN(CCCc3ccccc3)CC2)cc1,3.76245236,Natural,True,,SMILES COc1ccc(CCN2CCN(CCCc3ccccc3)CC2)cc1
201827,SMILES NCC(O)(c1ccccc1)c1ccccc1,2.95846748,Natural,True,,SMILES NCC(O)(c1ccccc1)c1ccccc1
401973,SMILES Cc1[nH][nH]c(=O)c2c3c(nc1-2)-c1ccccc1C3,4.26197815,Natural,True,,SMILES Cc1[nH][nH]c(=O)c2c3c(nc1-2)-c1ccccc1C3
20556,SMILES O=C1C2(c3ccccc3)CN(CCCO)CC1(c1ccccc1)CN(CCCO)C2,4.67674303,Natural,True,,SMILES O=C1C2(c3ccccc3)CN(CCCO)CC1(c1ccccc1)CN(CCCO)C2
668,SMILES O=C(CO)COP(=O)(O)O,4.1093173,Natural,True,,SMILES O=C(CO)COP(=O)(O)O
400880,SMILES CC1(C)OCC(C2OC(CC(S)=NC(Cc3ccccc3)C(=O)O)C3OC(C)(C)OC23)O1,4.5703826,Natural,True,,SMILES CC1(C)OCC(C2OC(CC(S)=NC(Cc3ccccc3)C(=O)O)C3OC(C)(C)OC23)O1
401474,SMILES O=C(O)Cc1ccc(Oc2nc3ccccc3nc2-c2cccs2)cc1,6.12988806,Natural,True,,SMILES O=C(O)Cc1ccc(Oc2nc3ccccc3nc2-c2cccs2)cc1
201140,SMILES COc1ccc2c(c1O)C13CCCCC1C(C2)N(C)CC3,4.37590551,Natural,True,,SMILES COc1ccc2c(c1O)C13CCCCC1C(C2)N(C)CC3
401861,SMILES COc1cccc(CCN2CCN(CCCc3ccccc3)CC2)c1,3.97461581,Natural,True,,SMILES COc1cccc(CCN2CCN(CCCc3ccccc3)CC2)c1
201363,SMILES ClC1=C(Cl)C2(Cl)C3C4C=CC(O4)C3C1(Cl)C2(Cl)Cl,5.14394712,Natural,True,,SMILES ClC1=C(Cl)C2(Cl)C3C4C=CC(O4)C3C1(Cl)C2(Cl)Cl
400549,SMILES Oc1cccc(-c2cc(=S)ss2)c1,4.06686592,Natural,True,,SMILES Oc1cccc(-c2cc(=S)ss2)c1
300764,SMILES O=[N+]([O-])c1cccc(-c2nnc(-c3ccccc3O)o2)c1,4.14388132,Natural,True,,SMILES O=[N+]([O-])c1cccc(-c2nnc(-c3ccccc3O)o2)c1
200401,,3.65987206,Natural,False,,
5324,SMILES NC(N)=NS(=O)(=O)c1ccc(N)cc1,3.77280235,Natural,True,,SMILES NC(N)=NS(=O)(=O)c1ccc(N)cc1
5627,SMILES CSC(N)=C(C#N)C(C#N)=C(N)SC,3.29082179,Natural,True,,SMILES CSC(N)=C(C#N)C(C#N)=C(N)SC
301351,SMILES CCSC1C(O)C(CO)OC1n1ccc(=O)[nH]c1=O,4.67334366,Natural,True,,SMILES CCSC1C(O)C(CO)OC1n1ccc(=O)[nH]c1=O
301395,SMILES CCOC1c2cnc(C)n2C=CN1C(C)=O,3.32850337,Natural,True,,SMILES CCOC1c2cnc(C)n2C=CN1C(C)=O
300298,SMILES Cc1ccc(S(=O)(=O)OCC23Cc4ccccc4C4C(c5ccccc5C2)C43)cc1,5.01061964,Natural,True,,SMILES Cc1ccc(S(=O)(=O)OCC23Cc4ccccc4C4C(c5ccccc5C2)C43)cc1
6872,SMILES O=C(Nc1ccccc1)c1ccccc1O,3.20668149,Natural,True,,SMILES O=C(Nc1ccccc1)c1ccccc1O
20916,SMILES [NH3+]CCCSC1=NCC[NH2+]1,3.0445652,Natural,True,,SMILES [NH3+]CCCSC1=NCC[NH2+]1
20472,SMILES O=C1OCCC12CCCCC2,4.37958956,Natural,True,,SMILES O=C1OCCC12CCCCC2
401502,SMILES CC(=NNC(=O)Nc1ccc(Br)cc1)c1ccccc1,4.41217661,Natural,True,,SMILES CC(=NNC(=O)Nc1ccc(Br)cc1)c1ccccc1
300406,SMILES O=C(O)c1[nH]n2c(=O)nc3ccccc3c2c1C(=O)O,4.31586218,Natural,True,,SMILES O=C(O)c1[nH]n2c(=O)nc3ccccc3c2c1C(=O)O
411,SMILES CN1C(=O)CCC1c1ccc[n+](C2OC(C(=O)O)C(O)C(O)C2O)c1,3.4289968,Natural,True,,SMILES CN1C(=O)CCC1c1ccc[n+](C2OC(C(=O)O)C(O)C(O)C2O)c1
300100,SMILES CC1(C)Oc2[nH]c(=O)n(-c3ccc(Cl)cc3)c(=O)c2C1c1ccc(Cl)cc1,5.88432741,Natural,True,,SMILES CC1(C)Oc2[nH]c(=O)n(-c3ccc(Cl)cc3)c(=O)c2C1c1ccc(Cl)cc1
20126,SMILES CCCCCC(CC)C(N)=O,3.17866063,Natural,True,,SMILES CCCCCC(CC)C(N)=O
400580,SMILES COc1cccc2c1-c1c(OC)cccc1SS2,4.31374168,Natural,True,,SMILES COc1cccc2c1-c1c(OC)cccc1SS2
200467,,4.94837618,Natural,False,,
5587,SMILES CN(C)CCN(Cc1ccccc1)c1ccccn1,3.35109019,Natural,True,,SMILES CN(C)CCN(Cc1ccccc1)c1ccccn1
300377,SMILES O=[N+]([O-])c1ccc(SC=Cc2ccccc2)cc1,3.73554921,Natural,True,,SMILES O=[N+]([O-])c1ccc(SC=Cc2ccccc2)cc1
5268,SMILES O=C1NCN(c2ccccc2)C12CCN(CC1COc3ccccc3O1)CC2,3.92306828,Natural,True,,SMILES O=C1NCN(c2ccccc2)C12CCN(CC1COc3ccccc3O1)CC2
421,SMILES O=C(O)CCCCC(S)CCS,3.99765897,Natural,True,,SMILES O=C(O)CCCCC(S)CCS
201715,SMILES CN1C2CCC1CC(OC(=O)COc1ccc(Cl)cc1)C2,3.02614903,Natural,True,,SMILES CN1C2CCC1CC(OC(=O)COc1ccc(Cl)cc1)C2
201506,SMILES C=C1C2CCC3C(CCC4C5(C)CCCC43CN3CCOC35)(C2)C1O,5.55141497,Natural,True,,SMILES C=C1C2CCC3C(CCC4C5(C)CCCC43CN3CCOC35)(C2)C1O
300154,SMILES CCOC(=O)C1C(=O)NC(=O)CC1C,3.5185349,Natural,True,,SMILES CCOC(=O)C1C(=O)NC(=O)CC1C
20911,SMILES CNC(=O)Oc1ccc(C)c2c1OC(C)(C)C2,3.29822659,Natural,True,,SMILES CNC(=O)Oc1ccc(C)c2c1OC(C)(C)C2
5841,SMILES C[Si]1(C)CCCC2(C1)C(=O)N=C(S)NC2=O,3.64585018,Natural,True,,SMILES C[Si]1(C)CCCC2(C1)C(=O)N=C(S)NC2=O
6983,SMILES O=[N+]([O-])c1cc(Cl)c(Cl)cc1Cl,3.75338745,Natural,True,,SMILES O=[N+]([O-])c1cc(Cl)c(Cl)cc1Cl
200410,,4.23910952,Natural,False,,
301122,SMILES O=C(NC1CCOC1=O)OCc1ccccc1,3.56037927,Natural,True,,SMILES O=C(NC1CCOC1=O)OCc1ccccc1
200010,,3.77124524,Natural,False,,
21020,SMILES CC1(c2ccccc2)OCC(C2CCCC[NH2+]2)O1,3.66181588,Natural,True,,SMILES CC1(c2ccccc2)OCC(C2CCCC[NH2+]2)O1
6414,SMILES O=C([O-])C(Br)(Br)Br,3.5953896,Natural,True,,SMILES O=C([O-])C(Br)(Br)Br
20393,SMILES CCCCC(CC)COC(=O)c1ccccc1C(=O)O,3.69954944,Natural,True,,SMILES CCCCC(CC)COC(=O)c1ccccc1C(=O)O
6948,SMILES O=C(O)c1cc(I)cc(I)c1I,4.58773518,Natural,True,,SMILES O=C(O)c1cc(I)cc(I)c1I
201224,SMILES Oc1ccc(-c2nc(S)n[nH]2)cc1,3.37296462,Natural,True,,SMILES Oc1ccc(-c2nc(S)n[nH]2)cc1
6956,SMILES NC(=O)c1ccccc1C(N)=O,3.64753413,Natural,True,,SMILES NC(=O)c1ccccc1C(N)=O
300150,SMILES COc1ccc(CN(CCO)C(C)=O)cc1,3.11912847,Natural,True,,SMILES COc1ccc(CN(CCO)C(C)=O)cc1
5864,SMILES CC12CCC(O)CC1CCC1C2C(O)CC2(C)C1CCC2(O)C(=O)CO,5.45395422,Natural,True,,SMILES CC12CCC(O)CC1CCC1C2C(O)CC2(C)C1CCC2(O)C(=O)CO
400518,SMILES Cc1cc(Nc2ccc(F)cc2)n2c(nc3ccccc32)c1C#N,4.92882776,Natural,True,,SMILES Cc1cc(Nc2ccc(F)cc2)n2c(nc3ccccc32)c1C#N
913,SMILES CNCC(O)c1ccccc1,2.7865212,Natural,True,,SMILES CNCC(O)c1ccccc1
201433,SMILES CCOC(=O)CCSP(=S)(OCC)OCC,3.32146263,Natural,True,,SMILES CCOC(=O)CCSP(=S)(OCC)OCC
301484,SMILES O=C(OC1C2C3C=CC2C2C3C12)c1ccc([N+](=O)[O-])cc1,4.53537369,Natural,True,,SMILES O=C(OC1C2C3C=CC2C2C3C12)c1ccc([N+](=O)[O-])cc1
300460,SMILES O=C1NC(c2cccc(Cl)c2)N2C(=O)NC(c3cccc(Cl)c3)N12,4.95115614,Natural,True,,SMILES O=C1NC(c2cccc(Cl)c2)N2C(=O)NC(c3cccc(Cl)c3)N12
301341,SMILES O=C(c1ccccc1)c1cc2ccccc2n1S(=O)(=O)c1ccccc1,4.25142241,Natural,True,,SMILES O=C(c1ccccc1)c1cc2ccccc2n1S(=O)(=O)c1ccccc1
5269,SMILES O=C1CCc2c(ccc3ccccc23)O1,3.48147273,Natural,True,,SMILES O=C1CCc2c(ccc3ccccc23)O1
21055,SMILES CC[N+](C)(CC)CCSP(=O)(SC)SC,3.1752975,Natural,True,,SMILES CC[N+](C)(CC)CCSP(=O)(SC)SC
5992,SMILES CNC(=O)Oc1ccc2c(c1)C1(C)CC[NH+](C)C1[NH+]2C,2.89429593,Natural,True,,SMILES CNC(=O)Oc1ccc2c(c1)C1(C)CC[NH+](C)C1[NH+]2C
200317,,4.48400259,Natural,False,,
6774,SMILES c1ccc2cc3c(ccc4cccnc43)cc2c1,3.36379886,Natural,True,,SMILES c1ccc2cc3c(ccc4cccnc43)cc2c1
201316,SMILES CCCCCCCCOc1ccc(N)cc1COC,3.95836186,Natural,True,,SMILES CCCCCCCCOc1ccc(N)cc1COC
6781,SMILES CCOC(=O)c1ccccc1C(=O)OCC,3.95603967,Natural,True,,SMILES CCOC(=O)c1ccccc1C(=O)OCC
5533,SMILES O=c1n(CCCN2CCN(c3cccc(Cl)c3)CC2)nc2ccccn12,3.9279995,Natural,True,,SMILES O=c1n(CCCN2CCN(c3cccc(Cl)c3)CC2)nc2ccccn12
300289,SMILES CC1C(N2CCCCC2)CS1(=O)=O,2.91019368,Natural,True,,SMILES CC1C(N2CCCCC2)CS1(=O)=O
21027,SMILES COc1ccc([N+](=O)[O-])cc1Cl,3.63552737,Natural,True,,SMILES COc1ccc([N+](=O)[O-])cc1Cl
200426,,3.57985115,Natural,False,,
20402,SMILES Cc1cc(O)c(C(C)C)cc1CO,3.26024151,Natural,True,,SMILES Cc1cc(O)c(C(C)C)cc1CO
201939,SMILES c1ccc(C(CCN2CCOCC2)N2CCCCC2)cc1,3.47211003,Natural,True,,SMILES c1ccc(C(CCN2CCOCC2)N2CCCCC2)cc1
20718,SMILES O=c1ccccc(Br)c1O,4.35977888,Natural,True,,SMILES O=c1ccccc(Br)c1O
301152,SMILES OC1CCCC23CCC12CC3,4.64413118,Natural,False,,
200240,,4.72945213,Natural,False,,
6181,SMILES NC(Cc1cc(I)c(O)c(I)c1)C(=O)O,4.39802742,Natural,True,,SMILES NC(Cc1cc(I)c(O)c(I)c1)C(=O)O
5709,SMILES Cc1cc(C(C)(C)C)cc(C)c1CC1=NCCN1,4.01637793,Natural,True,,SMILES Cc1cc(C(C)(C)C)cc(C)c1CC1=NCCN1
21106,SMILES CC(C(=O)O)c1ccc(-c2ccccc2F)cc1,4.17460012,Natural,True,,SMILES CC(C(=O)O)c1ccc(-c2ccccc2F)cc1
20123,SMILES CN(CCN(C)[N+](=O)[O-])[N+](=O)[O-],2.9692421,Natural,True,,SMILES CN(CCN(C)[N+](=O)[O-])[N+](=O)[O-]
917,SMILES CN1CNc2nc[nH]c2C1N,3.54020381,Natural,True,,SMILES CN1CNc2nc[nH]c2C1N
300340,SMILES CC1(C)C(c2ccccc2)=NN=C1c1ccccc1,3.93256927,Natural,True,,SMILES CC1(C)C(c2ccccc2)=NN=C1c1ccccc1
5505,SMILES CCCCNC(=O)NS(=O)(=O)c1ccc(C)cc1,3.55121779,Natural,True,,SMILES CCCCNC(=O)NS(=O)(=O)c1ccc(C)cc1
50062,SMILES CCCCCCOc1cccc(NC(=O)OCC[NH+](C)C)c1,4.04140711,Natural,True,,SMILES CCCCCCOc1cccc(NC(=O)OCC[NH+](C)C)c1
2980,SMILES CC(N)CNCCNCC(C)N,2.8697443,Natural,True,,SMILES CC(N)CNCCNCC(C)N
201493,SMILES NC(=O)NC(=O)COc1ccccc1,3.65062237,Natural,True,,SMILES NC(=O)NC(=O)COc1ccccc1
300523,SMILES CCOC(=O)C(O)C(C)(Cl)c1ccccc1,3.30140972,Natural,True,,SMILES CCOC(=O)C(O)C(C)(Cl)c1ccccc1
300791,SMILES COP(=NC(C)=O)(OC)OC,2.89891362,Natural,True,,SMILES COP(=NC(C)=O)(OC)OC
201206,SMILES O=C(OCCCc1ccccn1)c1cc(Cl)cc(Cl)c1,4.58186865,Natural,True,,SMILES O=C(OCCCc1ccccn1)c1cc(Cl)cc(Cl)c1
6886,SMILES Clc1[nH]cnc2ncnc1-2,3.89826012,Natural,True,,SMILES Clc1[nH]cnc2ncnc1-2
6672,SMILES Cc1cccc(C)c1[N+](=O)[O-],3.02421284,Natural,True,,SMILES Cc1cccc(C)c1[N+](=O)[O-]
6834,SMILES CN(C)CCC(c1ccc(Br)cc1)c1ccccn1,3.59805489,Natural,True,,SMILES CN(C)CCC(c1ccc(Br)cc1)c1ccccn1
50162,SMILES CCNC(=O)OCCC1C(COC(=O)NCC)=CCN1C,2.58738852,Natural,True,,SMILES CCNC(=O)OCCC1C(COC(=O)NCC)=CCN1C
300391,SMILES O=c1nc2ccccc2c2c3ccccc3[nH]n12,4.3773942,Natural,True,,SMILES O=c1nc2ccccc2c2c3ccccc3[nH]n12
300430,SMILES O=C1CCCC(c2ccccc2)O1,3.12335777,Natural,True,,SMILES O=C1CCCC(c2ccccc2)O1
301141,SMILES CC(C)(C)NCC1CCCC1=O,3.08269095,Natural,True,,SMILES CC(C)(C)NCC1CCCC1=O
20865,SMILES O=S(=O)(Nc1ccc(Cl)cc1)c1ccccc1,4.73572397,Natural,True,,SMILES O=S(=O)(Nc1ccc(Cl)cc1)c1ccccc1
50115,SMILES CCN1CCCC1CNC(=O)c1cc(NS(C)(=O)=O)c(C)cc1OC,3.6820209,Natural,True,,SMILES CCN1CCCC1CNC(=O)c1cc(NS(C)(=O)=O)c(C)cc1OC
401081,SMILES Cc1cc(C)c2c(n1)S(=O)(=O)N(CCOCCSc1ccccc1)C2=O,3.95257282,Natural,True,,SMILES Cc1cc(C)c2c(n1)S(=O)(=O)N(CCOCCSc1ccccc1)C2=O
5640,SMILES COc1ccccc1N1CCN(CCCNc2c(C)c(=O)n(C)c(=O)n2C)CC1,3.7495935,Natural,True,,SMILES COc1ccccc1N1CCN(CCCNc2c(C)c(=O)n(C)c(=O)n2C)CC1
401049,SMILES Cc1c2c(c(C)n1-c1nccs1)C(=O)N(CC(=O)c1ccccc1)C2=O,5.39113474,Natural,True,,SMILES Cc1c2c(c(C)n1-c1nccs1)C(=O)N(CC(=O)c1ccccc1)C2=O
2079,SMILES CC(C)CC(NC(=O)CCN)C(=O)O,2.89978695,Natural,True,,SMILES CC(C)CC(NC(=O)CCN)C(=O)O
6461,SMILES C[N+]1(C)CCCC(OC(=O)C(O)(c2ccccc2)c2ccccc2)C1,3.63918948,Natural,True,,SMILES C[N+]1(C)CCCC(OC(=O)C(O)(c2ccccc2)c2ccccc2)C1
201210,SMILES O=C(OCCCc1ccncc1)c1cc(Cl)cc(Cl)c1,3.94414592,Natural,True,,SMILES O=C(OCCCc1ccncc1)c1cc(Cl)cc(Cl)c1
5628,SMILES N#CC(=C(N)Sc1ccccc1)C(C#N)=C(N)Sc1ccccc1,4.79111671,Natural,True,,SMILES N#CC(=C(N)Sc1ccccc1)C(C#N)=C(N)Sc1ccccc1
727,SMILES ClC1C(Cl)C(Cl)C(Cl)C(Cl)C1Cl,3.96541286,Natural,True,,SMILES ClC1C(Cl)C(Cl)C(Cl)C(Cl)C1Cl
71,SMILES O=C(O)CCCC(=O)C(=O)O,4.93550253,Natural,True,,SMILES O=C(O)CCCC(=O)C(=O)O
300190,SMILES CN(C1=NS(=O)(=O)N=C(N(C)c2ccccc2)O1)c1ccccc1,3.51143956,Natural,True,,SMILES CN(C1=NS(=O)(=O)N=C(N(C)c2ccccc2)O1)c1ccccc1
20144,SMILES OC1C2CCCC1C(N1CCN(c3ccccc3)CC1)CC2,3.76741099,Natural,True,,SMILES OC1C2CCCC1C(N1CCN(c3ccccc3)CC1)CC2
401350,SMILES O=C(c1cccs1)N(C(=O)N1CCN(c2ccccc2)CC1)S(=O)(=O)c1ccccc1,4.00588369,Natural,True,,SMILES O=C(c1cccs1)N(C(=O)N1CCN(c2ccccc2)CC1)S(=O)(=O)c1ccccc1
300361,SMILES C(=NN=Cc1cccs1)c1cccs1,3.66753888,Natural,True,,SMILES C(=NN=Cc1cccs1)c1cccs1
201771,SMILES Nc1[nH]ncc1-c1ccc(F)cc1,3.58782387,Natural,True,,SMILES Nc1[nH]ncc1-c1ccc(F)cc1
400541,SMILES CCC(C)C(NC(=O)C(Cc1ccc(O)cc1)NCC(F)(F)F)C(=O)OC(C)(C)C,4.7206254,Natural,True,,SMILES CCC(C)C(NC(=O)C(Cc1ccc(O)cc1)NCC(F)(F)F)C(=O)OC(C)(C)C
401031,SMILES Cc1c2c(OCCCCN3CCN(c4ncccn4)CC3)nn(C)c(=O)c2c(C)n1-c1ccccc1,5.02414989,Natural,True,,SMILES Cc1c2c(OCCCCN3CCN(c4ncccn4)CC3)nn(C)c(=O)c2c(C)n1-c1ccccc1
400135,SMILES COC1CC(S(=O)(=O)C2CCCc3ccccc32)OC(OC)C1OC,4.40922356,Natural,True,,SMILES COC1CC(S(=O)(=O)C2CCCc3ccccc32)OC(OC)C1OC
400085,SMILES CC(C)(C)[Si](C)(C)OCn1c(C=CCO)nc2c(N)ncnc21,4.28899908,Natural,True,,SMILES CC(C)(C)[Si](C)(C)OCn1c(C=CCO)nc2c(N)ncnc21
400141,SMILES COC1(c2ccccc2)N=C(S)NN=C1c1ccccc1,4.46090317,Natural,True,,SMILES COC1(c2ccccc2)N=C(S)NN=C1c1ccccc1
300357,SMILES CC(C)(C)SC(=O)Cc1ccc([N+](=O)[O-])cc1,4.04534769,Natural,True,,SMILES CC(C)(C)SC(=O)Cc1ccc([N+](=O)[O-])cc1
20630,SMILES O=[N+]([O-])c1ccc(Cl)c(S(=O)(=O)Cl)c1,3.0397079,Natural,True,,SMILES O=[N+]([O-])c1ccc(Cl)c(S(=O)(=O)Cl)c1
20376,SMILES Nc1ccc(-c2ccccc2)cc1O,3.02479172,Natural,True,,SMILES Nc1ccc(-c2ccccc2)cc1O
200409,,3.87528992,Natural,False,,
301013,SMILES CN1C(=O)C2CCC1C(O)C2,2.75451016,Natural,True,,SMILES CN1C(=O)C2CCC1C(O)C2
300352,SMILES N#CC(O)c1ccc([N+](=O)[O-])cc1,4.25051546,Natural,True,,SMILES N#CC(O)c1ccc([N+](=O)[O-])cc1
21061,SMILES CN(C)c1ccc(S)cc1,3.02830005,Natural,True,,SMILES CN(C)c1ccc(S)cc1
301342,SMILES COc1ccc(C(C)(O)c2cc3ccccc3n2S(=O)(=O)c2ccccc2)cc1,4.77011108,Natural,True,,SMILES COc1ccc(C(C)(O)c2cc3ccccc3n2S(=O)(=O)c2ccccc2)cc1
301191,SMILES O=C(CCC1CC=CCC1)c1ccccc1,4.16105795,Natural,True,,SMILES O=C(CCC1CC=CCC1)c1ccccc1
920,SMILES NCCCC(NC(=O)CCC(=O)O)C(=O)O,3.48838496,Natural,True,,SMILES NCCCC(NC(=O)CCC(=O)O)C(=O)O
5645,SMILES CC(CCC(=O)O)C1CCC2C3C(O)CC4CC(O)CCC4(C)C3CCC12C,6.06899118,Natural,True,,SMILES CC(CCC(=O)O)C1CCC2C3C(O)CC4CC(O)CCC4(C)C3CCC12C
400283,SMILES CC(=O)c1ccc(N=Cc2cc3cc([N+](=O)[O-])ccc3s2)cc1,5.77585936,Natural,True,,SMILES CC(=O)c1ccc(N=Cc2cc3cc([N+](=O)[O-])ccc3s2)cc1
300957,SMILES CNc1ccc(Cl)cc1C,3.58948588,Natural,True,,SMILES CNc1ccc(Cl)cc1C
401488,SMILES O=C1c2ccccc2C(=O)N1C(=S)c1ccccc1,4.3633709,Natural,True,,SMILES O=C1c2ccccc2C(=O)N1C(=S)c1ccccc1
20728,SMILES CC(=O)C1CCC2C3CC=C4CC(OC(=O)CCC(=O)O)CCC4(C)C3CCC12C,6.15827703,Natural,True,,SMILES CC(=O)C1CCC2C3CC=C4CC(OC(=O)CCC(=O)O)CCC4(C)C3CCC12C
300975,SMILES OC(c1ccccc1)C1(O)C2CCC1C2,3.56812119,Natural,True,,SMILES OC(c1ccccc1)C1(O)C2CCC1C2
300134,SMILES COc1ccc(OC)c(C=C(C#N)c2ccc([N+](=O)[O-])cc2)c1,5.06404161,Natural,True,,SMILES COc1ccc(OC)c(C=C(C#N)c2ccc([N+](=O)[O-])cc2)c1
401387,SMILES CCC(C)C(NC(=O)c1ccccc1SC(=O)CCC[n+]1ccccc1)C(N)=O,4.3867507,Natural,True,,SMILES CCC(C)C(NC(=O)c1ccccc1SC(=O)CCC[n+]1ccccc1)C(N)=O
400286,SMILES O=[N+]([O-])c1ccc2sc(C=Nc3ccccn3)cc2c1,4.30086327,Natural,True,,SMILES O=[N+]([O-])c1ccc2sc(C=Nc3ccccn3)cc2c1
20720,SMILES CCNc1nc(N[N+]#N)nc(OC)n1,3.89202619,Natural,True,,SMILES CCNc1nc(N[N+]#N)nc(OC)n1
301319,SMILES O=C(O)CNCc1cccnc1,3.49827957,Natural,True,,SMILES O=C(O)CNCc1cccnc1
200503,,3.21050429,Natural,False,,
400696,SMILES CC1=NN(c2nc(N)nc(C=Cc3cccs3)n2)C(C)(C)C1,5.69326353,Natural,True,,SMILES CC1=NN(c2nc(N)nc(C=Cc3cccs3)n2)C(C)(C)C1
50166,SMILES COc1cc(C[NH2+]C(C)(C)Cc2ccccc2)c(Br)cc1O,3.94875693,Natural,True,,SMILES COc1cc(C[NH2+]C(C)(C)Cc2ccccc2)c(Br)cc1O
200201,,3.66708875,Natural,False,,
6163,SMILES CCOS(=O)(=O)OCC,4.00594282,Natural,True,,SMILES CCOS(=O)(=O)OCC
200585,,4.05510569,Natural,False,,
300427,SMILES c1cc2c(cc1CCc1ccc3c(c1)OCO3)OCO2,3.90635943,Natural,True,,SMILES c1cc2c(cc1CCc1ccc3c(c1)OCO3)OCO2
6722,SMILES Nc1cccc2cccc(S(=O)(=O)O)c12,3.60827899,Natural,True,,SMILES Nc1cccc2cccc(S(=O)(=O)O)c12
300989,SMILES Cc1cc(Cl)ccc1NC(C)(C)C,3.04845309,Natural,True,,SMILES Cc1cc(Cl)ccc1NC(C)(C)C
301023,SMILES OC1(c2c(F)c(F)c(F)c(F)c2F)C2CCC1CC2,4.77230453,Natural,True,,SMILES OC1(c2c(F)c(F)c(F)c(F)c2F)C2CCC1CC2
300777,,3.8078835,Natural,False,,
20354,SMILES CCCC(=O)Oc1ccccc1,4.3608551,Natural,True,,SMILES CCCC(=O)Oc1ccccc1
5469,SMILES O=C(Cn1c(=O)sc2ccc(Cl)cc21)N1CCN(CCO)CC1,3.91817355,Natural,True,,SMILES O=C(Cn1c(=O)sc2ccc(Cl)cc21)N1CCN(CCO)CC1
300461,SMILES SC1=NC(c2cccc(Cl)c2)N2C(S)=NC(c3cccc(Cl)c3)N12,5.01977777,Natural,True,,SMILES SC1=NC(c2cccc(Cl)c2)N2C(S)=NC(c3cccc(Cl)c3)N12
200130,,4.83472061,Natural,False,,
300455,SMILES Cc1ccc(C2N=C(S)N3C(c4ccc(C)cc4)N=C(S)N23)cc1,5.09923601,Natural,True,,SMILES Cc1ccc(C2N=C(S)N3C(c4ccc(C)cc4)N=C(S)N23)cc1
400274,SMILES O=c1[nH]c2cccnc2nc1-c1c[nH]c2ccccc12,3.80271077,Natural,True,,SMILES O=c1[nH]c2cccnc2nc1-c1c[nH]c2ccccc12
20547,SMILES CC(=O)C(C#N)c1ccccc1,3.59568882,Natural,True,,SMILES CC(=O)C(C#N)c1ccccc1
5523,SMILES COc1cccc(C2(O)CCCCC2CN(C)C)c1,4.01770115,Natural,True,,SMILES COc1cccc(C2(O)CCCCC2CN(C)C)c1
6196,SMILES Cc1onc(-c2ccccc2)c1C(=O)NC1C(=O)N2C1SC(C)(C)C2C(=O)O,5.45532751,Natural,True,,SMILES Cc1onc(-c2ccccc2)c1C(=O)NC1C(=O)N2C1SC(C)(C)C2C(=O)O
301048,SMILES c1ccc(C2OCC3OC(c4ccccc4)OC(C4SCCS4)C3O2)cc1,4.91915274,Natural,True,,SMILES c1ccc(C2OCC3OC(c4ccccc4)OC(C4SCCS4)C3O2)cc1
300536,SMILES NC1CCC(CC(=O)O)CC1,3.18318558,Natural,True,,SMILES NC1CCC(CC(=O)O)CC1
401572,SMILES O=[N+]([O-])c1cc2oc(CSc3ccccc3)nc2cc1Cl,4.51709127,Natural,True,,SMILES O=[N+]([O-])c1cc2oc(CSc3ccccc3)nc2cc1Cl
494,SMILES CSCC1OC(O)C(O)C1O,3.64434886,Natural,True,,SMILES CSCC1OC(O)C(O)C1O
201642,SMILES O=C(O)CCC(NC(=O)c1ccccc1)C(=O)N1CCOCC1,3.72074628,Natural,True,,SMILES O=C(O)CCC(NC(=O)c1ccccc1)C(=O)N1CCOCC1
5449,SMILES CCCC(C)C1(CC)C(=O)N=C(S)N=C1[O-],3.88231015,Natural,True,,SMILES CCCC(C)C1(CC)C(=O)N=C(S)N=C1[O-]
5683,SMILES CC(O)CC(c1ccccc1)c1c(O)oc2ccccc2c1=O,4.26507711,Natural,True,,SMILES CC(O)CC(c1ccccc1)c1c(O)oc2ccccc2c1=O
6258,SMILES O=c1[nH]sc2cc(Cl)ccc12,3.23539615,Natural,True,,SMILES O=c1[nH]sc2cc(Cl)ccc12
89,SMILES Nc1c(O)cccc1C(=O)CC(N)C(=O)O,3.18003535,Natural,True,,SMILES Nc1c(O)cccc1C(=O)CC(N)C(=O)O
529,SMILES O=C(O)COP(=O)(O)O,3.58868384,Natural,True,,SMILES O=C(O)COP(=O)(O)O
6638,SMILES CCOS(=O)(=O)c1ccc(C)cc1,3.71573997,Natural,True,,SMILES CCOS(=O)(=O)c1ccc(C)cc1
6937,SMILES Cc1ccc(C(C)(C)C)c(O)c1,3.57504153,Natural,True,,SMILES Cc1ccc(C(C)(C)C)c(O)c1
201686,SMILES C=CCN1CCCC(C)(c2cccc(O)c2)C1,3.64055824,Natural,True,,SMILES C=CCN1CCCC(C)(c2cccc(O)c2)C1
200278,,3.06999755,Natural,False,,
400794,SMILES CC(C)(C)c1nnc2sc(-c3ccc(-c4ccc(F)c(Cl)c4)o3)nn2c1=O,5.20543098,Natural,True,,SMILES CC(C)(C)c1nnc2sc(-c3ccc(-c4ccc(F)c(Cl)c4)o3)nn2c1=O
201408,SMILES COc1ccc(C(N)C(O)c2ccc(OC)cc2)cc1,3.60970879,Natural,True,,SMILES COc1ccc(C(N)C(O)c2ccc(OC)cc2)cc1
400148,SMILES COc1ccc(C(CC2(c3ccc(OC)cc3)SCCCS2)NC(C)=O)cc1,4.49959517,Natural,True,,SMILES COc1ccc(C(CC2(c3ccc(OC)cc3)SCCCS2)NC(C)=O)cc1
6198,SMILES COc1ccc2[nH]cc(CCN)c2c1,2.92378354,Natural,True,,SMILES COc1ccc2[nH]cc(CCN)c2c1
400251,SMILES O=C1N2Cc3ccccc3NC23CCCCC3C1(O)C(F)(F)F,4.67903709,Natural,True,,SMILES O=C1N2Cc3ccccc3NC23CCCCC3C1(O)C(F)(F)F
5429,SMILES Cn1cnc2c1c(=O)[nH]c(=O)n2C,3.16625595,Natural,True,,SMILES Cn1cnc2c1c(=O)[nH]c(=O)n2C
DECOY_decoy_68619,,3.6171639,Natural,False,,
5765,SMILES O=C(O)c1cccc(Cl)c1Cl,3.57349849,Natural,True,,SMILES O=C(O)c1cccc(Cl)c1Cl
300448,SMILES CC12CCC(=O)OC1(C)OC(=O)CC2,4.49342632,Natural,True,,SMILES CC12CCC(=O)OC1(C)OC(=O)CC2
400162,SMILES O=C(NC12CC3CC(CC(C3)C1)C2)n1cnc2cncnc21,5.52677298,Natural,True,,SMILES O=C(NC12CC3CC(CC(C3)C1)C2)n1cnc2cncnc21
201647,SMILES O=C(O)CC(NC(=O)c1ccccc1)C(=O)NCc1ccccc1,3.79754901,Natural,True,,SMILES O=C(O)CC(NC(=O)c1ccccc1)C(=O)NCc1ccccc1
20908,SMILES OCc1cccc2ccccc12,4.05669928,Natural,True,,SMILES OCc1cccc2ccccc12
6336,SMILES CCCCC(C#N)(Cn1cncn1)c1ccc(Cl)cc1,5.03394651,Natural,True,,SMILES CCCCC(C#N)(Cn1cncn1)c1ccc(Cl)cc1
6880,SMILES O=C(OCCO)c1ccccc1O,3.9566896,Natural,True,,SMILES O=C(OCCO)c1ccccc1O
6750,SMILES CCCOC(=O)C1c2cc3c(cc2CC(C)C1C(=O)OCCC)OCO3,4.93491602,Natural,True,,SMILES CCCOC(=O)C1c2cc3c(cc2CC(C)C1C(=O)OCCC)OCO3
20892,SMILES CCC(C)N=C(N)N=C(N)N,4.12975788,Natural,True,,SMILES CCC(C)N=C(N)N=C(N)N
300208,SMILES COC(=O)NS(=O)(=O)c1cccs1,3.86574554,Natural,True,,SMILES COC(=O)NS(=O)(=O)c1cccs1
201575,SMILES C=CCSc1cc(C)[o+]c(C)c1,3.54354405,Natural,True,,SMILES C=CCSc1cc(C)[o+]c(C)c1
2915,SMILES NCCSSCCN,2.99863338,Natural,False,,
6749,SMILES Oc1cccc2c(O)cccc12,2.77958226,Natural,True,,SMILES Oc1cccc2c(O)cccc12
2122,SMILES C=CCSCC1Nc2cc(Cl)c(S(N)(=O)=O)cc2S(=O)(=O)N1,4.82726669,Natural,True,,SMILES C=CCSCC1Nc2cc(Cl)c(S(N)(=O)=O)cc2S(=O)(=O)N1
200354,,3.51558566,Natural,False,,
200293,,4.75484514,Natural,False,,
20439,SMILES COc1nc(Cl)nc(SC)n1,3.90734029,Natural,True,,SMILES COc1nc(Cl)nc(SC)n1
2974,SMILES CC(CCC(=O)[O-])C1CCC2C3C(=O)CC4CC(=O)CCC4(C)C3CC(=O)C12C,5.44304848,Natural,True,,SMILES CC(CCC(=O)[O-])C1CCC2C3C(=O)CC4CC(=O)CCC4(C)C3CC(=O)C12C
201229,SMILES CS(=O)(=O)c1ccc(-c2cn3c4c(sc3n2)CCCC4)cc1,4.79076719,Natural,True,,SMILES CS(=O)(=O)c1ccc(-c2cn3c4c(sc3n2)CCCC4)cc1
400561,SMILES COC(=O)C1ON(C(=O)OCc2ccccc2)C(C)C2OS(=O)(=O)OC12,3.3506937,Natural,True,,SMILES COC(=O)C1ON(C(=O)OCc2ccccc2)C(C)C2OS(=O)(=O)OC12
400088,SMILES Nc1ncnc2nc(CCCO)[nH]c12,3.71619892,Natural,True,,SMILES Nc1ncnc2nc(CCCO)[nH]c12
6747,SMILES CC(CCC(=O)O)C1CCC2C3CC(O)C4CC(O)CCC4(C)C3CCC12C,6.01409006,Natural,True,,SMILES CC(CCC(=O)O)C1CCC2C3CC(O)C4CC(O)CCC4(C)C3CCC12C
401035,SMILES Cc1c2c(OCC3CCCCO3)nn(C)c(=O)c2c(C)n1-c1cccnc1,5.41298866,Natural,True,,SMILES Cc1c2c(OCC3CCCCO3)nn(C)c(=O)c2c(C)n1-c1cccnc1
20516,SMILES C=CCNc1nc(Cl)nc(OC)n1,4.00953913,Natural,True,,SMILES C=CCNc1nc(Cl)nc(OC)n1
5722,SMILES CCCOc1ccccc1-c1nc2[nH][nH]nc-2c(=O)n1,4.36052275,Natural,True,,SMILES CCCOc1ccccc1-c1nc2[nH][nH]nc-2c(=O)n1
201488,SMILES CNC(=O)Oc1ccc(SC#N)cc1C,3.66540813,Natural,True,,SMILES CNC(=O)Oc1ccc(SC#N)cc1C
401825,SMILES COc1ccc(CCN2CCN(CCc3ccc(OC)cc3)CC2)cc1,4.16486311,Natural,True,,SMILES COc1ccc(CCN2CCN(CCc3ccc(OC)cc3)CC2)cc1
6867,SMILES Cc1cc(=O)oc2cc(N(C)C)ccc12,3.51225281,Natural,True,,SMILES Cc1cc(=O)oc2cc(N(C)C)ccc12
6951,SMILES O=C(O)c1cc(Cl)cc([N+](=O)[O-])c1Cl,2.88812423,Natural,True,,SMILES O=C(O)c1cc(Cl)cc([N+](=O)[O-])c1Cl
401078,SMILES Cc1cc(C)c2c(OCCO)nsc2n1,3.57409477,Natural,True,,SMILES Cc1cc(C)c2c(OCCO)nsc2n1
5510,SMILES Cc1cccc(N(C)C(=S)Oc2ccc3ccccc3c2)c1,4.27481031,Natural,True,,SMILES Cc1cccc(N(C)C(=S)Oc2ccc3ccccc3c2)c1
400023,SMILES COc1cccc2cc(C(N)=O)c(=Nc3sc4c(c3C#N)CCCC4)oc12,5.27829456,Natural,True,,SMILES COc1cccc2cc(C(N)=O)c(=Nc3sc4c(c3C#N)CCCC4)oc12
301132,SMILES CCOC(=O)C12CCC(C(=O)O)(CC1)CC2,4.18519402,Natural,True,,SMILES CCOC(=O)C12CCC(C(=O)O)(CC1)CC2
300847,SMILES O=c1oc(-c2cccc([N+](=O)[O-])c2)nc2cc(Cl)ccc12,4.42552519,Natural,True,,SMILES O=c1oc(-c2cccc([N+](=O)[O-])c2)nc2cc(Cl)ccc12
300969,SMILES CC(C)(C)Nc1ccc([N+](=O)[O-])cc1Cl,3.8120091,Natural,True,,SMILES CC(C)(C)Nc1ccc([N+](=O)[O-])cc1Cl
20041,,3.62592196,Natural,False,,
2975,SMILES CC(CCC(=O)O)C1CCC2C3C(=O)CC4CC(=O)CCC4(C)C3CC(=O)C12C,6.09319639,Natural,True,,SMILES CC(CCC(=O)O)C1CCC2C3C(=O)CC4CC(=O)CCC4(C)C3CC(=O)C12C
5782,SMILES O=C(O)c1cc(Cl)c(Cl)c(Cl)c1Cl,4.11469746,Natural,True,,SMILES O=C(O)c1cc(Cl)c(Cl)c(Cl)c1Cl
301146,SMILES CC(=O)OC1CC23CCC(=O)C2(CC3)C1,4.72240782,Natural,True,,SMILES CC(=O)OC1CC23CCC(=O)C2(CC3)C1
200594,,3.92423749,Natural,False,,
6271,SMILES CCC(=O)c1ccc(O)cc1,2.96147919,Natural,True,,SMILES CCC(=O)c1ccc(O)cc1
201522,SMILES CC1CCC2C(C)C3C(CC4C5CC=C6CC(O)CCC6(C)C5CC(O)C43C)N2C1,6.30044508,Natural,True,,SMILES CC1CCC2C(C)C3C(CC4C5CC=C6CC(O)CCC6(C)C5CC(O)C43C)N2C1
435,SMILES NC(=O)CCC(=O)c1cccnc1,3.22075462,Natural,True,,SMILES NC(=O)CCC(=O)c1cccnc1
401567,SMILES COc1ccc(Cc2nc3ccccc3o2)cc1,4.29661465,Natural,True,,SMILES COc1ccc(Cc2nc3ccccc3o2)cc1
200456,,2.88190007,Natural,False,,
401555,SMILES Cc1cc(N=Cc2ccc(Cl)cc2)n(-c2ccccc2)n1,4.33368874,Natural,True,,SMILES Cc1cc(N=Cc2ccc(Cl)cc2)n(-c2ccccc2)n1
93,SMILES O=C(O)CCC(=O)CC(=O)O,3.98531461,Natural,True,,SMILES O=C(O)CCC(=O)CC(=O)O
6035,SMILES O=c1[nH]c(=O)n(C2CC(O)C(CO)O2)cc1Br,4.44069767,Natural,True,,SMILES O=c1[nH]c(=O)n(C2CC(O)C(CO)O2)cc1Br
301388,SMILES O=[N+]([O-])c1ccc(C2OC(c3ccncc3)=NC2CO)cc1,3.34032369,Natural,True,,SMILES O=[N+]([O-])c1ccc(C2OC(c3ccncc3)=NC2CO)cc1
20348,SMILES O=NC(=C(O)c1ccco1)c1ccco1,2.98412108,Natural,True,,SMILES O=NC(=C(O)c1ccco1)c1ccco1
5327,SMILES Cc1cc(C)nc(NS(=O)(=O)c2ccc(N)cc2)n1,3.65123868,Natural,True,,SMILES Cc1cc(C)nc(NS(=O)(=O)c2ccc(N)cc2)n1
400267,SMILES COc1ccc(CCN2C(=O)C(=O)C(C(=O)c3ccccc3)C2c2ccccc2)cc1OC,4.77135849,Natural,True,,SMILES COc1ccc(CCN2C(=O)C(=O)C(C(=O)c3ccccc3)C2c2ccccc2)cc1OC
201753,SMILES CCN(CC)CCNC(=O)COc1cccc(OC)c1,3.29197884,Natural,True,,SMILES CCN(CC)CCNC(=O)COc1cccc(OC)c1
165,,2.91685677,Natural,False,,
201968,SMILES C=CCOc1c(CCC)cc(C(=O)N2CCN(C)CC2)cc1CCC,4.37842989,Natural,True,,SMILES C=CCOc1c(CCC)cc(C(=O)N2CCN(C)CC2)cc1CCC
300992,SMILES O=C(O)C12CCC1(Cl)CC2,3.22343373,Natural,True,,SMILES O=C(O)C12CCC1(Cl)CC2
400432,SMILES c1ccc2c(-c3ccnc(-c4c[nH]c5ccccc45)n3)c[nH]c2c1,4.43519354,Natural,True,,SMILES c1ccc2c(-c3ccnc(-c4c[nH]c5ccccc45)n3)c[nH]c2c1
6930,SMILES CCc1cc2c(cc1C(C)=O)C(C)(C)CCC2(C)C,4.80606318,Natural,True,,SMILES CCc1cc2c(cc1C(C)=O)C(C)(C)CCC2(C)C
300493,SMILES O=C(c1ccccc1CO)N1CCCCC1,3.44384766,Natural,True,,SMILES O=C(c1ccccc1CO)N1CCCCC1
20366,SMILES N#CC1C(=O)NC(=O)C(C#N)C12CCCCC2,5.62281609,Natural,True,,SMILES N#CC1C(=O)NC(=O)C(C#N)C12CCCCC2
400055,SMILES Cc1[nH][nH]c(=O)c2cc(-c3ccccc3)nc1-2,3.7480545,Natural,True,,SMILES Cc1[nH][nH]c(=O)c2cc(-c3ccccc3)nc1-2
300364,SMILES Cc1ccccc1S(=O)(=O)NN=Cc1ccsc1,3.90522456,Natural,True,,SMILES Cc1ccccc1S(=O)(=O)NN=Cc1ccsc1
400105,SMILES CC1(c2cccnc2)C=C(c2ccccn2)C(C#N)=C(C(C#N)C#N)N1,5.15547037,Natural,True,,SMILES CC1(c2cccnc2)C=C(c2ccccn2)C(C#N)=C(C(C#N)C#N)N1
144,,3.07421088,Natural,False,,
301139,SMILES O=[N+]([O-])C12CCC(c3ccccc31)c1ccccc12,3.60216641,Natural,True,,SMILES O=[N+]([O-])C12CCC(c3ccccc31)c1ccccc12
400167,SMILES Cc1cc(-c2nc3cccc(F)c3s2)ccc1N,4.12063169,Natural,True,,SMILES Cc1cc(-c2nc3cccc(F)c3s2)ccc1N
201653,SMILES COc1ccc2c3c1OC1C(=O)CCC4(O)C(C2)N(CCc2ccccc2)CCC314,5.0132966,Natural,True,,SMILES COc1ccc2c3c1OC1C(=O)CCC4(O)C(C2)N(CCc2ccccc2)CCC314
401461,SMILES [O-][N+](=Cc1ccccc1OC(=S)S)c1ccc(Cl)cc1,4.39221811,Natural,True,,SMILES [O-][N+](=Cc1ccccc1OC(=S)S)c1ccc(Cl)cc1
6057,SMILES NC(Cc1ccc(O)cc1)C(=O)O,4.35814524,Natural,True,,SMILES NC(Cc1ccc(O)cc1)C(=O)O
5775,SMILES Cc1ccc(N(CC2=NCCN2)c2cccc(O)c2)cc1,4.13902235,Natural,True,,SMILES Cc1ccc(N(CC2=NCCN2)c2cccc(O)c2)cc1
201857,SMILES OCC(CN1CCOCC1)c1ccccc1,2.87994671,Natural,True,,SMILES OCC(CN1CCOCC1)c1ccccc1
20266,SMILES CCCCNC(=O)OCC(C)(CCC)COC(N)=O,3.78263092,Natural,True,,SMILES CCCCNC(=O)OCC(C)(CCC)COC(N)=O
200536,,4.06667852,Natural,False,,
201417,SMILES O=C(CN1CCOCC1)NN=CC(=O)c1ccc(Oc2ccccc2)cc1,4.07997131,Natural,True,,SMILES O=C(CN1CCOCC1)NN=CC(=O)c1ccc(Oc2ccccc2)cc1
300886,SMILES Oc1ccc(Br)cc1C=NC1CCCCC1,3.6376121,Natural,True,,SMILES Oc1ccc(Br)cc1C=NC1CCCCC1
300486,SMILES N#Cc1nc(-c2ccco2)c(-c2ccco2)nc1C#N,4.65955591,Natural,True,,SMILES N#Cc1nc(-c2ccco2)c(-c2ccco2)nc1C#N
5619,SMILES CN(C(=O)Cc1ccc(Cl)c(Cl)c1)C1CCCCC1N1CCCC1,4.25463152,Natural,True,,SMILES CN(C(=O)Cc1ccc(Cl)c(Cl)c1)C1CCCCC1N1CCCC1
300345,SMILES CN(C)c1ccc(C2(OC(=O)c3ccc([N+](=O)[O-])cc3)C3C=CC2CC3)cc1,4.6988101,Natural,True,,SMILES CN(C)c1ccc(C2(OC(=O)c3ccc([N+](=O)[O-])cc3)C3C=CC2CC3)cc1
300945,SMILES CS(=O)c1ccc(C=C2C=Cc3ccccc32)cc1,4.24216986,Natural,True,,SMILES CS(=O)c1ccc(C=C2C=Cc3ccccc32)cc1
400852,SMILES c1cc(CN2CCC(C3=NCCCN3)CC2)ccc1CN1CCC(C2=NCCCN2)CC1,3.88739204,Natural,True,,SMILES c1cc(CN2CCC(C3=NCCCN3)CC2)ccc1CN1CCC(C2=NCCCN2)CC1
20042,,3.84864497,Natural,False,,
5909,SMILES CCC1C(=O)OCC1Cc1cncn1C,3.50280952,Natural,True,,SMILES CCC1C(=O)OCC1Cc1cncn1C
6636,SMILES O=S(=O)(Oc1ccc(Cl)cc1)c1ccccc1,3.70458531,Natural,True,,SMILES O=S(=O)(Oc1ccc(Cl)cc1)c1ccccc1
300242,SMILES CC(c1ccccc1O)C1CCCCC1N=O,4.90178728,Natural,True,,SMILES CC(c1ccccc1O)C1CCCCC1N=O
400846,SMILES N#CC(=NCCN=C(C#N)c1ccccc1)c1ccccc1,3.92660356,Natural,True,,SMILES N#CC(=NCCN=C(C#N)c1ccccc1)c1ccccc1
401307,SMILES NC(=O)C1CCCN(Cc2ccc(CN3CCCC(C(N)=O)C3)cc2)C1,3.39215016,Natural,True,,SMILES NC(=O)C1CCCN(Cc2ccc(CN3CCCC(C(N)=O)C3)cc2)C1
20261,SMILES O=C(Nc1ccccc1NC(=O)C(Cl)(Cl)Cl)C(Cl)(Cl)Cl,5.09552574,Natural,True,,SMILES O=C(Nc1ccccc1NC(=O)C(Cl)(Cl)Cl)C(Cl)(Cl)Cl
201590,SMILES c1ccc(CN2CCCCC2)cc1,2.81508064,Natural,True,,SMILES c1ccc(CN2CCCCC2)cc1
401437,SMILES CCOC(=O)NC(Nc1nnc(C)s1)(C(=O)OCC)C(F)(F)F,4.3406868,Natural,True,,SMILES CCOC(=O)NC(Nc1nnc(C)s1)(C(=O)OCC)C(F)(F)F
201805,SMILES C[N+]1(CCC(O)(c2ccccc2)C2CCCCC2)CCCC1,4.98029375,Natural,True,,SMILES C[N+]1(CCC(O)(c2ccccc2)C2CCCCC2)CCCC1
401232,SMILES NS(=O)(=O)c1nnc(N(COCc2ccccc2)S(=O)(=O)c2ccc(F)cc2)s1,4.71068668,Natural,True,,SMILES NS(=O)(=O)c1nnc(N(COCc2ccccc2)S(=O)(=O)c2ccc(F)cc2)s1
5983,SMILES CNC(=O)Oc1ccc2c(c1)C1(C)CCN(C)C1N2C,3.72830462,Natural,True,,SMILES CNC(=O)Oc1ccc2c(c1)C1(C)CCN(C)C1N2C
400562,SMILES Nc1csc(-c2scc3c2OCCO3)c1N,3.5515449,Natural,True,,SMILES Nc1csc(-c2scc3c2OCCO3)c1N
496,SMILES CC(=O)NCCCNCCCCN,2.84409523,Natural,True,,SMILES CC(=O)NCCCNCCCCN
20587,SMILES OCCN(CCO)C1CCCCC1,2.8524971,Natural,True,,SMILES OCCN(CCO)C1CCCCC1
DECOY_decoy_9579578,SMILES COc1ccc2nc([S@](=O)Cc3ncc(C)c(OC)c3C)[nH]c2c1,4.62074423,Natural,True,,SMILES COc1ccc2nc([S@](=O)Cc3ncc(C)c(OC)c3C)[nH]c2c1
401978,SMILES OC1C=C(Cl)C(O)C(O)C1O,2.93309617,Natural,True,,SMILES OC1C=C(Cl)C(O)C(O)C1O
201573,SMILES CSc1cc(C)[o+]c(C)c1,3.40157127,Natural,True,,SMILES CSc1cc(C)[o+]c(C)c1
300317,SMILES O=C(O)c1ccc(C(=O)O)nn1,3.48267674,Natural,True,,SMILES O=C(O)c1ccc(C(=O)O)nn1
DECOY_decoy_4369359,SMILES N[C@@H](CC(=O)N1CCn2c(nnc2C(F)(F)F)C1)Cc1cc(F)c(F)cc1F,5.18907738,Natural,True,,SMILES N[C@@H](CC(=O)N1CCn2c(nnc2C(F)(F)F)C1)Cc1cc(F)c(F)cc1F
5604,SMILES Nc1ncnc2c1ccn2C1OC(CO)C(O)C1O,3.59271979,Natural,True,,SMILES Nc1ncnc2c1ccn2C1OC(CO)C(O)C1O
6813,SMILES O=C(O)c1ccccc1C(=O)c1ccccc1,3.01595569,Natural,True,,SMILES O=C(O)c1ccccc1C(=O)c1ccccc1
400465,SMILES COc1ccc(N=C(S)c2ccc([N+](=O)[O-])o2)cc1,3.86128616,Natural,True,,SMILES COc1ccc(N=C(S)c2ccc([N+](=O)[O-])o2)cc1
300878,SMILES CCc1cccc(CC)c1N=C(S)NN,4.46830988,Natural,True,,SMILES CCc1cccc(CC)c1N=C(S)NN
301000,SMILES CC(=O)N1CCCC1(C)C(C)(C)C=NNc1ccc([N+](=O)[O-])cc1[N+](=O)[O-],5.01795816,Natural,True,,SMILES CC(=O)N1CCCC1(C)C(C)(C)C=NNc1ccc([N+](=O)[O-])cc1[N+](=O)[O-]
401674,SMILES COC1OC2COC(c3ccccc3)OC2CC12CC=CCO2,4.21784353,Natural,True,,SMILES COC1OC2COC(c3ccccc3)OC2CC12CC=CCO2
2911,SMILES OC(CCN1CCCCC1)(c1ccccc1)C1CCCC1,4.36449766,Natural,True,,SMILES OC(CCN1CCCCC1)(c1ccccc1)C1CCCC1
401775,SMILES CC(=O)C1(C)C(C)OC(C)(COS(=O)(=O)c2ccc(C)cc2)C1O[Si](C)(C)C(C)(C)C,4.40849161,Natural,True,,SMILES CC(=O)C1(C)C(C)OC(C)(COS(=O)(=O)c2ccc(C)cc2)C1O[Si](C)(C)C(C)(C)C
300090,SMILES Nc1ccc(S(=O)(=O)c2ccc(N3CCOCC3)c(N)c2)cc1,3.84331393,Natural,True,,SMILES Nc1ccc(S(=O)(=O)c2ccc(N3CCOCC3)c(N)c2)cc1
20218,SMILES CC12CC(=O)C(CC1=O)C2(C)C,3.81730461,Natural,True,,SMILES CC12CC(=O)C(CC1=O)C2(C)C
20373,SMILES CC1(c2cccs2)OCC(CO)O1,2.82162929,Natural,True,,SMILES CC1(c2cccs2)OCC(CO)O1
400216,SMILES O=C1c2c(Br)sc(Br)c2C2N=C(S)SC12,3.72830653,Natural,True,,SMILES O=C1c2c(Br)sc(Br)c2C2N=C(S)SC12
2868,SMILES O=C(NC=Cc1c[nH]c2ccccc12)C(=O)c1c[nH]c2ccccc12,4.26527405,Natural,True,,SMILES O=C(NC=Cc1c[nH]c2ccccc12)C(=O)c1c[nH]c2ccccc12
20874,SMILES CCNC(=O)c1ccc(N=C(N)N=C(N)N)cc1,3.41979098,Natural,True,,SMILES CCNC(=O)c1ccc(N=C(N)N=C(N)N)cc1
300580,SMILES O=[N+]([O-])c1cc2c(cc1Br)-c1ccccc1C2,4.30354452,Natural,True,,SMILES O=[N+]([O-])c1cc2c(cc1Br)-c1ccccc1C2
400703,SMILES COC(=O)C(C)=NN=C(S)SC,3.53803802,Natural,True,,SMILES COC(=O)C(C)=NN=C(S)SC
20760,SMILES O=C(O)c1ccc2c(c1)C(=O)N(c1ccccc1)C2=O,4.15187168,Natural,True,,SMILES O=C(O)c1ccc2c(c1)C(=O)N(c1ccccc1)C2=O
2077,SMILES CC(=O)SCC(C)C(=O)N1CCCC1C(=O)NC(Cc1ccccc1)C(=O)O,4.01474428,Natural,True,,SMILES CC(=O)SCC(C)C(=O)N1CCCC1C(=O)NC(Cc1ccccc1)C(=O)O
200522,,4.03373909,Natural,False,,
20324,SMILES CCC(C)C1(C)C(=O)NC(=O)N(C)C1=O,4.34601259,Natural,True,,SMILES CCC(C)C1(C)C(=O)NC(=O)N(C)C1=O
301176,SMILES O=C1C2C3CC4C5C3C1C5C1(OCCO1)C42,3.50719571,Natural,True,,SMILES O=C1C2C3CC4C5C3C1C5C1(OCCO1)C42
200434,,3.30955482,Natural,False,,
201302,SMILES CCOC(=O)C1(c2ccccc2)CCN(CCOCCO)CC1,3.87723923,Natural,True,,SMILES CCOC(=O)C1(c2ccccc2)CCN(CCOCCO)CC1
2941,SMILES S=C(S)OC1CC2CC1C1CCCC21,4.39589357,Natural,True,,SMILES S=C(S)OC1CC2CC1C1CCCC21
6877,SMILES CCOC(=O)c1ccccc1N,2.79624629,Natural,True,,SMILES CCOC(=O)c1ccccc1N
201973,SMILES C=C(C)COc1c(CCC)cc(C(N)=O)cc1CCC,4.24710131,Natural,True,,SMILES C=C(C)COc1c(CCC)cc(C(N)=O)cc1CCC
20873,SMILES CCNC(=O)c1ccc(N=C(N)[NH2+]C(=N)N)cc1,4.31555605,Natural,True,,SMILES CCNC(=O)c1ccc(N=C(N)[NH2+]C(=N)N)cc1
300500,SMILES O=C(OCc1ccccc1CN1CCOCC1)c1ccc(Br)cc1,3.65934443,Natural,True,,SMILES O=C(OCc1ccccc1CN1CCOCC1)c1ccc(Br)cc1
50122,SMILES Cc1cccc2c1SCc1ccccc1C2=CCC[NH+](C)C,4.27482986,Natural,True,,SMILES Cc1cccc2c1SCc1ccccc1C2=CCC[NH+](C)C
301409,SMILES CN(C)CCSC(=O)N1c2ccccc2C(C)(C)c2ccccc21,4.38265181,Natural,True,,SMILES CN(C)CCSC(=O)N1c2ccccc2C(C)(C)c2ccccc21
5703,SMILES O=c1c2cccnc2sn1-c1ccccc1,3.66331291,Natural,True,,SMILES O=c1c2cccnc2sn1-c1ccccc1
298,SMILES O=C(NC(CO)C(O)c1ccc([N+](=O)[O-])cc1)C(Cl)Cl,4.45928431,Natural,True,,SMILES O=C(NC(CO)C(O)c1ccc([N+](=O)[O-])cc1)C(Cl)Cl
50145,SMILES NC([NH3+])=NCc1ccc2ccccc2n1,3.24560523,Natural,True,,SMILES NC([NH3+])=NCc1ccc2ccccc2n1
401209,SMILES CC1CCCCN1c1ccn(C2OC(CO)C(O)C2O)c(=O)n1,3.44201016,Natural,True,,SMILES CC1CCCCN1c1ccn(C2OC(CO)C(O)C2O)c(=O)n1
201848,SMILES CN1CCC(OC(c2ccccc2)c2ccc(Cl)cc2)C1,3.60728383,Natural,True,,SMILES CN1CCC(OC(c2ccccc2)c2ccc(Cl)cc2)C1
300768,SMILES O=[N+]([O-])c1ccc(C=Cc2nnc(C=Cc3ccc([N+](=O)[O-])cc3)o2)cc1,5.96040487,Natural,True,,SMILES O=[N+]([O-])c1ccc(C=Cc2nnc(C=Cc3ccc([N+](=O)[O-])cc3)o2)cc1
6651,SMILES CC1(O)CCC(C(C)(C)O)CC1,3.75607038,Natural,True,,SMILES CC1(O)CCC(C(C)(C)O)CC1
300400,SMILES COC(=O)C1Nn2c(c3ccccc3nc2=O)C1=C(O)OC,5.00997114,Natural,True,,SMILES COC(=O)C1Nn2c(c3ccccc3nc2=O)C1=C(O)OC
300988,SMILES CC(C)(C)Nc1ccc(F)cc1,2.88421249,Natural,True,,SMILES CC(C)(C)Nc1ccc(F)cc1
201620,SMILES CCN(CC)CCOc1ccc(C(=O)Nc2ccccc2)cc1,3.46049309,Natural,True,,SMILES CCN(CC)CCOc1ccc(C(=O)Nc2ccccc2)cc1
20264,SMILES CCC(C)(SCC(=O)O)SCC(=O)O,3.28959298,Natural,True,,SMILES CCC(C)(SCC(=O)O)SCC(=O)O
300286,SMILES O=C1NC2c3ccccc3CCC12,3.21498179,Natural,True,,SMILES O=C1NC2c3ccccc3CCC12
20891,SMILES CCC(C)N=C(N)N=C(N)[NH3+],3.87696457,Natural,True,,SMILES CCC(C)N=C(N)N=C(N)[NH3+]
300925,SMILES CCCCC(CC)NC(=O)c1cc(OC)c(OC)c(OC)c1,3.91283345,Natural,True,,SMILES CCCCC(CC)NC(=O)c1cc(OC)c(OC)c(OC)c1
400065,SMILES CC(=O)N1C(=O)NC2C1C1(C)C(C)=C(C)C2(C)C1(C)C,4.60676241,Natural,True,,SMILES CC(=O)N1C(=O)NC2C1C1(C)C(C)=C(C)C2(C)C1(C)C
972,SMILES O=C(O)CC(C(=O)O)C(=O)C(=O)O,4.15227175,Natural,True,,SMILES O=C(O)CC(C(=O)O)C(=O)C(=O)O
300093,SMILES CC(C)(C)C(=O)CC1(O)C(=O)Nc2cccc(C(F)(F)F)c21,3.87343335,Natural,True,,SMILES CC(C)(C)C(=O)CC1(O)C(=O)Nc2cccc(C(F)(F)F)c21
400654,SMILES C=CCC1(O)c2cccc(O)c2C(=O)c2cccc(O)c21,4.16925955,Natural,True,,SMILES C=CCC1(O)c2cccc(O)c2C(=O)c2cccc(O)c21
301290,SMILES O=C(NC(Cc1cccnc1)C(=O)O)c1ccccc1,3.56393623,Natural,True,,SMILES O=C(NC(Cc1cccnc1)C(=O)O)c1ccccc1
201609,SMILES C=CCOc1ccc(NC(C)=O)cc1C(=O)NC(C)(C)C,3.40199399,Natural,True,,SMILES C=CCOc1ccc(NC(C)=O)cc1C(=O)NC(C)(C)C
464,SMILES O=C(O)CNC(=O)c1ccccc1,2.95484829,Natural,True,,SMILES O=C(O)CNC(=O)c1ccccc1
201842,SMILES CCOc1nc(CC)nc(NC)n1,3.32735372,Natural,True,,SMILES CCOc1nc(CC)nc(NC)n1
201423,SMILES O=C(CN1CCCC1)NN=CC(=O)c1ccc(Oc2ccccc2)cc1,3.99365616,Natural,True,,SMILES O=C(CN1CCCC1)NN=CC(=O)c1ccc(Oc2ccccc2)cc1
5788,SMILES Cc1ccc(C(=O)O)c(O)c1,4.32262182,Natural,True,,SMILES Cc1ccc(C(=O)O)c(O)c1
5450,SMILES SC(=NC1CCCCC1)N1CCC(c2cnc[nH]2)CC1,4.76521778,Natural,True,,SMILES SC(=NC1CCCCC1)N1CCC(c2cnc[nH]2)CC1
300363,SMILES Cc1ccc(S(=O)(=O)NN=Cc2ccccc2C)cc1,4.0971756,Natural,True,,SMILES Cc1ccc(S(=O)(=O)NN=Cc2ccccc2C)cc1
20877,SMILES Cc1ccccc1N=C(N)N=C(N)[NH3+],4.32920837,Natural,True,,SMILES Cc1ccccc1N=C(N)N=C(N)[NH3+]
20213,SMILES O=[N+]([O-])c1cc(Cl)c2nc(C(F)(F)F)[nH]c2c1,4.85021734,Natural,True,,SMILES O=[N+]([O-])c1cc(Cl)c2nc(C(F)(F)F)[nH]c2c1
5008,SMILES C=CC1CC2CCC1CC2C(O)c1cc[nH+]c2ccc(OC)cc12,4.91839743,Natural,True,,SMILES C=CC1CC2CCC1CC2C(O)c1cc[nH+]c2ccc(OC)cc12
2825,SMILES CCOC(=O)C1C(OC(=O)c2ccccc2)CC2CCC1N2C,4.01873922,Natural,True,,SMILES CCOC(=O)C1C(OC(=O)c2ccccc2)CC2CCC1N2C
6715,SMILES COc1c2c(cc3c1C(O)N(C)CC3)OCO2,3.03089523,Natural,True,,SMILES COc1c2c(cc3c1C(O)N(C)CC3)OCO2
401394,SMILES CCOC(=O)CCC1(C(=O)OC2CC(C)CCC2C(C)C)CCCCC1=O,5.07716703,Natural,True,,SMILES CCOC(=O)CCC1(C(=O)OC2CC(C)CCC2C(C)C)CCCCC1=O
20339,SMILES COP1(=O)OC(C)=CC1(C)C,3.49280715,Natural,True,,SMILES COP1(=O)OC(C)=CC1(C)C
300713,SMILES CCNC(=O)OCCc1c2ccccc2nc2ccccc12,3.87801671,Natural,True,,SMILES CCNC(=O)OCCc1c2ccccc2nc2ccccc12
400695,SMILES CC1=NN(c2nc(-c3ccco3)nc(-n3cccc3)n2)C(C)(C)C1,4.92048836,Natural,True,,SMILES CC1=NN(c2nc(-c3ccco3)nc(-n3cccc3)n2)C(C)(C)C1
200572,,3.29870677,Natural,False,,
300855,SMILES CCC(O)Cc1c[nH]c(=O)[nH]c1=O,3.24429059,Natural,True,,SMILES CCC(O)Cc1c[nH]c(=O)[nH]c1=O
2873,SMILES O=C(NC(Cc1ccccc1)C(=O)N1CC(C(=O)O)C1)c1cc2cc(Cl)ccc2[nH]1,4.79814196,Natural,True,,SMILES O=C(NC(Cc1ccccc1)C(=O)N1CC(C(=O)O)C1)c1cc2cc(Cl)ccc2[nH]1
431,SMILES C[N+]1=CCCC1c1cccnc1,2.76004434,Natural,True,,SMILES C[N+]1=CCCC1c1cccnc1
300204,SMILES COC1=NS(=O)(=O)C=C(c2ccccc2)O1,3.38893509,Natural,True,,SMILES COC1=NS(=O)(=O)C=C(c2ccccc2)O1
400466,SMILES COc1ccc(-c2c(C#N)c(N)nc(S)c2C#N)cc1,5.54931879,Natural,True,,SMILES COc1ccc(-c2c(C#N)c(N)nc(S)c2C#N)cc1
21111,SMILES CCN(CC)CCOc1ccc(Cl)cc1C(=O)OC,3.39603496,Natural,True,,SMILES CCN(CC)CCOc1ccc(Cl)cc1C(=O)OC
400270,SMILES O=C(Cc1nc2ncccc2[nH]c1=O)c1c[nH]c2ccccc12,4.32317972,Natural,True,,SMILES O=C(Cc1nc2ncccc2[nH]c1=O)c1c[nH]c2ccccc12
300875,SMILES Cc1cc(C)c(Nc2nnc(S)s2)cc1C,4.93396759,Natural,True,,SMILES Cc1cc(C)c(Nc2nnc(S)s2)cc1C
400407,SMILES CC1CN=C(c2ccc(COc3ccc(C4=NCC(C)N4)cc3)cc2)N1,3.79532123,Natural,True,,SMILES CC1CN=C(c2ccc(COc3ccc(C4=NCC(C)N4)cc3)cc2)N1
6881,SMILES Nc1ccccc1C(=O)OCC=Cc1ccccc1,3.59484839,Natural,True,,SMILES Nc1ccccc1C(=O)OCC=Cc1ccccc1
300569,SMILES CC1(c2cccc3ccccc23)NC(=O)c2ccccc2N1,4.51083565,Natural,True,,SMILES CC1(c2cccc3ccccc23)NC(=O)c2ccccc2N1
301267,SMILES O=c1nc(Cl)nc2c(Cl)c(C(Cl)(Cl)Cl)[nH]n12,4.53823233,Natural,True,,SMILES O=c1nc(Cl)nc2c(Cl)c(C(Cl)(Cl)Cl)[nH]n12
5689,SMILES Cc1c(C(=O)c2cccc3ccccc23)c2cccc3c2n1C(CN1CCOCC1)CO3,5.30452108,Natural,True,,SMILES Cc1c(C(=O)c2cccc3ccccc23)c2cccc3c2n1C(CN1CCOCC1)CO3
300513,SMILES NC(=O)c1nc2ccccc2nc1C(N)=O,4.33875704,Natural,True,,SMILES NC(=O)c1nc2ccccc2nc1C(N)=O
301045,SMILES CCOC(=O)Nc1cc2c(c(NC(=O)OCC)n1)N=C(CN(C)c1ccccc1)CN2,3.86781311,Natural,True,,SMILES CCOC(=O)Nc1cc2c(c(NC(=O)OCC)n1)N=C(CN(C)c1ccccc1)CN2
21048,SMILES CC[NH2+]c1ccc(Sc2[nH]c3ccccc3[n+]2CC[NH+](CC)CC)cc1,3.60836291,Natural,True,,SMILES CC[NH2+]c1ccc(Sc2[nH]c3ccccc3[n+]2CC[NH+](CC)CC)cc1
20523,SMILES O=C(CCCCC(=O)Nc1ccccc1)Nc1ccccc1,3.42997289,Natural,True,,SMILES O=C(CCCCC(=O)Nc1ccccc1)Nc1ccccc1
400422,SMILES Cc1ccc(S(=O)(=O)n2cc(-c3cnc(N)c(Br)n3)c3ccccc32)cc1,5.91070175,Natural,True,,SMILES Cc1ccc(S(=O)(=O)n2cc(-c3cnc(N)c(Br)n3)c3ccccc32)cc1
5434,SMILES CS(=O)(=O)c1ccc(C(O)C(COC(=O)CN)NC(=O)C(Cl)Cl)cc1,4.23598051,Natural,True,,SMILES CS(=O)(=O)c1ccc(C(O)C(COC(=O)CN)NC(=O)C(Cl)Cl)cc1
300008,SMILES CC(C)(C)OC(=O)NOC(=O)C(C)(C)C,3.25068378,Natural,True,,SMILES CC(C)(C)OC(=O)NOC(=O)C(C)(C)C
5869,SMILES CC12CCC(=O)CC1CCC1C2CCC2(C)C(C(=O)COC(=O)CCC(=O)O)CCC12,5.53043127,Natural,True,,SMILES CC12CCC(=O)CC1CCC1C2CCC2(C)C(C(=O)COC(=O)CCC(=O)O)CCC12
300080,SMILES CCOC(=O)C(C#N)C(C)(C[N+](=O)[O-])C1CC1,4.48949766,Natural,True,,SMILES CCOC(=O)C(C#N)C(C)(C[N+](=O)[O-])C1CC1
21191,SMILES SC(S)=NCc1ccccc1,3.1046803,Natural,True,,SMILES SC(S)=NCc1ccccc1
300644,SMILES Cc1ccc(S(=O)(=O)N(C)c2cc([N+](=O)[O-])ccc2Br)cc1,3.96037197,Natural,True,,SMILES Cc1ccc(S(=O)(=O)N(C)c2cc([N+](=O)[O-])ccc2Br)cc1
300946,SMILES COc1cc2nc(CCc3nc4cc(OC)c(OC)cc4[nH]3)[nH]c2cc1OC,4.27579117,Natural,True,,SMILES COc1cc2nc(CCc3nc4cc(OC)c(OC)cc4[nH]3)[nH]c2cc1OC
301163,SMILES O=C1CCC2C1CC1CC3C(=O)CCC3C12,4.73914766,Natural,True,,SMILES O=C1CCC2C1CC1CC3C(=O)CCC3C12
200472,,3.80916858,Natural,False,,
20845,SMILES CC1COC2(CCCCC2)O1,3.68933272,Natural,True,,SMILES CC1COC2(CCCCC2)O1
20724,SMILES CC(CC(=O)O)c1ccccc1,4.33619165,Natural,True,,SMILES CC(CC(=O)O)c1ccccc1
699,SMILES CC12CCC3c4ccc(OS(=O)(=O)O)cc4CCC3C1CCC2=O,5.28919935,Natural,True,,SMILES CC12CCC3c4ccc(OS(=O)(=O)O)cc4CCC3C1CCC2=O
200280,,2.64532185,Natural,False,,
201455,SMILES CC(C)OC(=O)c1ccc(N)cc1O,3.09156799,Natural,True,,SMILES CC(C)OC(=O)c1ccc(N)cc1O
401710,SMILES CCOC(=O)N1CCC2C(=O)CCC3N(Cc4ccccc4)C(=O)CC23C1,3.91513324,Natural,True,,SMILES CCOC(=O)N1CCC2C(=O)CCC3N(Cc4ccccc4)C(=O)CC23C1
300116,SMILES COc1cc(Cc2cnc(NC(C)=O)nc2NC(C)=O)cc(OC)c1OC,4.12470484,Natural,True,,SMILES COc1cc(Cc2cnc(NC(C)=O)nc2NC(C)=O)cc(OC)c1OC
400273,SMILES O=C(Cc1nc2ccccc2[nH]c1=O)c1c[nH]c2ccccc12,3.93712926,Natural,True,,SMILES O=C(Cc1nc2ccccc2[nH]c1=O)c1c[nH]c2ccccc12
6991,SMILES Cc1ccc([N+](=O)[O-])c(C)c1,4.40187883,Natural,True,,SMILES Cc1ccc([N+](=O)[O-])c(C)c1
476,SMILES CC(O)(CCOP(=O)(O)O)CC(=O)O,3.75563407,Natural,True,,SMILES CC(O)(CCOP(=O)(O)O)CC(=O)O
50181,SMILES COc1cc(CNCCc2ccccc2)cc(Br)c1O,3.87126422,Natural,True,,SMILES COc1cc(CNCCc2ccccc2)cc(Br)c1O
401625,SMILES COC(=O)c1ccccc1C1=C([N+](=O)[O-])C(c2cccc(Br)c2)C(C#N)=C(N)O1,5.00998068,Natural,True,,SMILES COC(=O)c1ccccc1C1=C([N+](=O)[O-])C(c2cccc(Br)c2)C(C#N)=C(N)O1
300372,SMILES Cc1ccc(S(=O)(=O)NN=C(CSc2ccc(N(C)C)cc2)c2ccccc2)cc1,4.58551025,Natural,True,,SMILES Cc1ccc(S(=O)(=O)NN=C(CSc2ccc(N(C)C)cc2)c2ccccc2)cc1
2819,SMILES C[N+]1([O-])CCN(C2=c3ccccc3=Nc3ccc(Cl)cc3N2)CC1,4.70365667,Natural,True,,SMILES C[N+]1([O-])CCN(C2=c3ccccc3=Nc3ccc(Cl)cc3N2)CC1
300807,SMILES ClC1CCC2CC(Cl)C1S2,3.83067226,Natural,True,,SMILES ClC1CCC2CC(Cl)C1S2
300341,SMILES Cc1ccc(S(=O)(=O)OC2C(C)C3C2S(=O)(=O)C3(C)C)cc1,3.42643189,Natural,True,,SMILES Cc1ccc(S(=O)(=O)OC2C(C)C3C2S(=O)(=O)C3(C)C)cc1
6042,SMILES Cc1ncc(C[n+]2csc(CCO)c2C)c(N)n1,4.66965199,Natural,True,,SMILES Cc1ncc(C[n+]2csc(CCO)c2C)c(N)n1
200251,,4.42003107,Natural,False,,
400021,SMILES N#Cc1c(N=c2oc3ccccc3cc2C(N)=O)sc2c1CCCC2,5.87444735,Natural,True,,SMILES N#Cc1c(N=c2oc3ccccc3cc2C(N)=O)sc2c1CCCC2
400538,SMILES CC(Cl)CSCC(C)Cl,3.19964862,Natural,True,,SMILES CC(Cl)CSCC(C)Cl
5690,SMILES Cc1c(C(=O)c2ccc3ccccc3c2)c2cccc3c2n1C(CN1CCOCC1)CO3,4.89447403,Natural,True,,SMILES Cc1c(C(=O)c2ccc3ccccc3c2)c2cccc3c2n1C(CN1CCOCC1)CO3
201595,SMILES CC(=O)C(CCN(C)C)(c1ccccc1)c1ccccc1,4.0606761,Natural,True,,SMILES CC(=O)C(CCN(C)C)(c1ccccc1)c1ccccc1
6307,SMILES CCC1NC(=O)c2cc(S(N)(=O)=O)c(Cl)cc2N1,4.61659622,Natural,True,,SMILES CCC1NC(=O)c2cc(S(N)(=O)=O)c(Cl)cc2N1
300198,SMILES COC(=O)N1C(c2ccccc2)(c2ccccc2)CS1(=O)=O,3.97244525,Natural,True,,SMILES COC(=O)N1C(c2ccccc2)(c2ccccc2)CS1(=O)=O
301174,SMILES CC(C1SCCCS1)C1SCCCS1,3.96084523,Natural,True,,SMILES CC(C1SCCCS1)C1SCCCS1
20616,SMILES Nc1ccc2c3c(cccc13)C=C2,3.07523608,Natural,True,,SMILES Nc1ccc2c3c(cccc13)C=C2
401514,SMILES O=C(NN=Cc1ccccc1Cl)Nc1ccc(C(=O)O)cc1,4.03080988,Natural,True,,SMILES O=C(NN=Cc1ccccc1Cl)Nc1ccc(C(=O)O)cc1
200106,,5.39406443,Natural,False,,
200027,,3.74942374,Natural,False,,
21193,,2.83254981,Natural,False,,
201718,SMILES CC(=O)OC1C[N+]2(C)CCC1CC2,3.35129285,Natural,True,,SMILES CC(=O)OC1C[N+]2(C)CCC1CC2
300844,SMILES Cc1ccc(S(=O)(=O)Nc2ccccc2-c2nc3ccc(C)cc3c(=O)o2)cc1,4.79507875,Natural,True,,SMILES Cc1ccc(S(=O)(=O)Nc2ccccc2-c2nc3ccc(C)cc3c(=O)o2)cc1
201963,SMILES Nc1nc(CCN2CCN(c3ccccc3)CC2)nc(Nc2cccc3ccccc23)n1,4.84526873,Natural,True,,SMILES Nc1nc(CCN2CCN(c3ccccc3)CC2)nc(Nc2cccc3ccccc23)n1
301159,,4.52229118,Natural,False,,
401770,SMILES CC(=C[Si](C)(C)c1ccco1)C(C)(O)C(C)O,3.67059708,Natural,True,,SMILES CC(=C[Si](C)(C)c1ccco1)C(C)(O)C(C)O
794,SMILES O=C(O)C(=O)Cc1cnc[nH]1,3.0165596,Natural,True,,SMILES O=C(O)C(=O)Cc1cnc[nH]1
301056,SMILES CC(=O)N1C(=O)NC(=O)C1(C)c1cccs1,4.51788425,Natural,True,,SMILES CC(=O)N1C(=O)NC(=O)C1(C)c1cccs1
6203,SMILES Cc1ccccc1OCC[N+](C)(C)C,3.09631157,Natural,True,,SMILES Cc1ccccc1OCC[N+](C)(C)C
300005,SMILES CCN=C(S)N(Cc1ccccc1)Cc1ccccc1,3.73247075,Natural,True,,SMILES CCN=C(S)N(Cc1ccccc1)Cc1ccccc1
300155,SMILES CCOC(=O)C1CCC(=O)NC1=O,3.33491683,Natural,True,,SMILES CCOC(=O)C1CCC(=O)NC1=O
300730,SMILES N#Cc1c(-c2ccccc2)ccc2ccccc12,3.68885398,Natural,True,,SMILES N#Cc1c(-c2ccccc2)ccc2ccccc12
401781,SMILES COC1(C)OCC2(C)OC(C)C1(C)C2O[Si](C)(C)C1C=CCC=C1,5.06048632,Natural,True,,SMILES COC1(C)OCC2(C)OC(C)C1(C)C2O[Si](C)(C)C1C=CCC=C1
20183,SMILES CC[NH+](CC)CCOC(=O)COc1ccc(Cl)cc1,2.99703789,Natural,True,,SMILES CC[NH+](CC)CCOC(=O)COc1ccc(Cl)cc1
301335,SMILES CCn1c2ccccc2c2cc(C=C[N+](=O)[O-])ccc21,3.79716969,Natural,True,,SMILES CCn1c2ccccc2c2cc(C=C[N+](=O)[O-])ccc21
201362,SMILES COP(=S)(OC)Oc1ccc(Cl)c([N+](=O)[O-])c1,4.22904825,Natural,True,,SMILES COP(=S)(OC)Oc1ccc(Cl)c([N+](=O)[O-])c1
400570,SMILES CC(C)(C)OC(=O)CN1C(=O)CC1CC(=O)c1ccccc1,4.55479193,Natural,True,,SMILES CC(C)(C)OC(=O)CN1C(=O)CC1CC(=O)c1ccccc1
20704,SMILES CC(=O)c1cc(I)c(O)c(I)c1,4.07321119,Natural,True,,SMILES CC(=O)c1cc(I)c(O)c(I)c1
300547,SMILES Cc1ncc2n1C=CN(C(=O)c1ccc([N+](=O)[O-])cc1)C2O,5.16307497,Natural,True,,SMILES Cc1ncc2n1C=CN(C(=O)c1ccc([N+](=O)[O-])cc1)C2O
400439,SMILES O=C1OCC(c2ccccc2)N2OC(c3ccccn3)CC12,4.41149712,Natural,True,,SMILES O=C1OCC(c2ccccc2)N2OC(c3ccccn3)CC12
300497,SMILES O=C(c1ccccc1CO)N1CCOCC1,2.95111346,Natural,True,,SMILES O=C(c1ccccc1CO)N1CCOCC1
300210,SMILES COC(=O)NS(=O)(=O)c1ccn(C)c1,2.82845283,Natural,True,,SMILES COC(=O)NS(=O)(=O)c1ccn(C)c1
400940,SMILES CCc1nc2ccccc2nc1Nc1ccc2c(c1)nnn2CCO,4.99509096,Natural,True,,SMILES CCc1nc2ccccc2nc1Nc1ccc2c(c1)nnn2CCO
200395,,3.80890203,Natural,False,,
400516,SMILES O=C(c1ccncc1)C1C(=O)c2ccccc2C1C1(O)c2ccccc2CC1C(O)c1ccncc1,5.6826973,Natural,True,,SMILES O=C(c1ccncc1)C1C(=O)c2ccccc2C1C1(O)c2ccccc2CC1C(O)c1ccncc1
5750,SMILES CCOC(=O)C1(c2ccccc2)CCN(C)CC1,3.92190742,Natural,True,,SMILES CCOC(=O)C1(c2ccccc2)CCN(C)CC1
300075,SMILES NS(=O)(=O)c1ccc(N2CCCCC2)c([N+](=O)[O-])c1,3.83097672,Natural,True,,SMILES NS(=O)(=O)c1ccc(N2CCCCC2)c([N+](=O)[O-])c1
400879,SMILES CC(N=C(S)CC1OC(C2COC(C)(C)O2)C2OC(C)(C)OC12)C(=O)O,4.22647619,Natural,True,,SMILES CC(N=C(S)CC1OC(C2COC(C)(C)O2)C2OC(C)(C)OC12)C(=O)O
6009,SMILES Cc1c(N(C)C)c(=O)n(-c2ccccc2)n1C,3.31239963,Natural,True,,SMILES Cc1c(N(C)C)c(=O)n(-c2ccccc2)n1C
300548,SMILES CCOC1c2cnc(C)n2C=CN1C(=O)c1ccc([N+](=O)[O-])cc1,5.17552137,Natural,True,,SMILES CCOC1c2cnc(C)n2C=CN1C(=O)c1ccc([N+](=O)[O-])cc1
20060,,3.64286733,Natural,False,,
401116,SMILES CCN1CCc2sc3nc4sc(C)cn4c(=O)c3c2C1,4.44952059,Natural,True,,SMILES CCN1CCc2sc3nc4sc(C)cn4c(=O)c3c2C1
401629,SMILES CC(C)(C)C(=O)OCC1OC(=O)C2C(O)C(O)C12C,3.8755753,Natural,True,,SMILES CC(C)(C)C(=O)OCC1OC(=O)C2C(O)C(O)C12C
200017,,3.81582808,Natural,False,,
400626,SMILES O=C(O)C1CCCN1C(=O)CCSSc1ccccn1,3.89111018,Natural,True,,SMILES O=C(O)C1CCCN1C(=O)CCSSc1ccccn1
401438,SMILES CCOc1ccc2nc(NC(NC(=O)c3cccnc3)(C(F)(F)F)C(F)(F)F)sc2c1,4.82067347,Natural,True,,SMILES CCOc1ccc2nc(NC(NC(=O)c3cccnc3)(C(F)(F)F)C(F)(F)F)sc2c1
200267,,3.1625793,Natural,False,,
300869,SMILES CCN=C(S)NNc1ccccc1,3.14397526,Natural,True,,SMILES CCN=C(S)NNc1ccccc1
301345,SMILES COc1ccc(C(O)c2cc3ccccc3[nH]2)cc1,3.58212066,Natural,True,,SMILES COc1ccc(C(O)c2cc3ccccc3[nH]2)cc1
401642,SMILES OCSc1nn(CO)c(=S)s1,3.62853241,Natural,True,,SMILES OCSc1nn(CO)c(=S)s1
301438,SMILES CC1CC2(C)C(CC1=O)CC(C)C1C2CCC2(C)C1CCC2(C)O,5.54308844,Natural,True,,SMILES CC1CC2(C)C(CC1=O)CC(C)C1C2CCC2(C)C1CCC2(C)O
6779,SMILES CCCCOC(=O)c1ccccc1C(=O)OC1CCCCC1,4.25066328,Natural,True,,SMILES CCCCOC(=O)c1ccccc1C(=O)OC1CCCCC1
21127,SMILES COc1cc(C=NO)cc(OC)c1O,3.37550354,Natural,True,,SMILES COc1cc(C=NO)cc(OC)c1O
5473,SMILES C[N+]1(CCC(O)(c2ccccc2)c2cccs2)CCOCC1,3.96431518,Natural,True,,SMILES C[N+]1(CCC(O)(c2ccccc2)c2cccs2)CCOCC1
20603,SMILES CCN1CCc2c(O)cccc2C1,2.73238635,Natural,True,,SMILES CCN1CCc2c(O)cccc2C1
401230,SMILES O=C1CCC1(O)C1(C2=COCCO2)CCCCC1,4.13443947,Natural,True,,SMILES O=C1CCC1(O)C1(C2=COCCO2)CCCCC1
300107,SMILES O=C(O)CCC(Cc1ccccc1)C(=O)O,4.03382492,Natural,True,,SMILES O=C(O)CCC(Cc1ccccc1)C(=O)O
20450,SMILES O=c1ccc2cc3ccc(=O)oc3cc2o1,4.36982298,Natural,True,,SMILES O=c1ccc2cc3ccc(=O)oc3cc2o1
50114,SMILES CCN1CCCC1CNC(=O)c1cc(NS(=O)(=O)N(C)C)ccc1OC,3.49316096,Natural,True,,SMILES CCN1CCCC1CNC(=O)c1cc(NS(=O)(=O)N(C)C)ccc1OC
6791,SMILES O=S(=O)(O)c1ccc(O)c2ccccc12,3.95002198,Natural,True,,SMILES O=S(=O)(O)c1ccc(O)c2ccccc12
201386,SMILES CCCCCCNCCS,3.11366773,Natural,False,,
400197,SMILES CCCNC(=O)C(Cc1ccc(O)cn1)NC(=O)OC(C)(C)C,3.6042769,Natural,True,,SMILES CCCNC(=O)C(Cc1ccc(O)cn1)NC(=O)OC(C)(C)C
301471,SMILES CC12CCCCC1C(C(=O)O)CC2,4.17578888,Natural,True,,SMILES CC12CCCCC1C(C(=O)O)CC2
401034,SMILES Cc1c2c(OCC3OCCO3)nn(C)c(=O)c2c(C)n1-c1nccs1,4.71888208,Natural,True,,SMILES Cc1c2c(OCC3OCCO3)nn(C)c(=O)c2c(C)n1-c1nccs1
401224,SMILES CC(=O)NCC1=C(NC(C)=O)C2CC1C(C)(C)C2C,4.08159065,Natural,True,,SMILES CC(=O)NCC1=C(NC(C)=O)C2CC1C(C)(C)C2C
400939,SMILES CCOC(=O)Cn1nnc2cc(Nc3nc4ccccc4nc3-c3ccccc3)ccc21,5.59397173,Natural,True,,SMILES CCOC(=O)Cn1nnc2cc(Nc3nc4ccccc4nc3-c3ccccc3)ccc21
437,SMILES O=C(O)CCC(=O)c1cccnc1,3.60150695,Natural,True,,SMILES O=C(O)CCC(=O)c1cccnc1
201870,SMILES COC(=O)c1cncn1C(C)c1ccc(C)cc1,3.53698158,Natural,True,,SMILES COC(=O)c1cncn1C(C)c1ccc(C)cc1
401083,SMILES Cc1cc(C)c2c(n1)S(=O)(=O)N(CCCN1CCN(c3cccc(Cl)c3)CC1)C2=O,5.27465391,Natural,True,,SMILES Cc1cc(C)c2c(n1)S(=O)(=O)N(CCCN1CCN(c3cccc(Cl)c3)CC1)C2=O
300635,SMILES N=C(N)C(N)=NC1=NCCN1,4.30845833,Natural,True,,SMILES N=C(N)C(N)=NC1=NCCN1
401587,SMILES COc1ccccc1-c1nc2ccc(C)cc2o1,4.20508575,Natural,True,,SMILES COc1ccccc1-c1nc2ccc(C)cc2o1
5656,SMILES COc1ccc(C(CN(C)C)C2(O)CCCCC2)cc1,4.1379528,Natural,True,,SMILES COc1ccc(C(CN(C)C)C2(O)CCCCC2)cc1
20361,SMILES CC1COC(C(Cl)(Cl)Cl)O1,3.21676946,Natural,True,,SMILES CC1COC(C(Cl)(Cl)Cl)O1
401093,SMILES Cc1cc(C)c2c(=O)n(CCN3C(=O)c4c(c(C)n(-c5ccccc5)c4C)C3=O)sc2n1,5.71966791,Natural,True,,SMILES Cc1cc(C)c2c(=O)n(CCN3C(=O)c4c(c(C)n(-c5ccccc5)c4C)C3=O)sc2n1
400061,SMILES O=c1c(Cc2ccc(Cl)cc2)nnc2sc(-c3ccc([N+](=O)[O-])cc3)nn12,5.04200983,Natural,True,,SMILES O=c1c(Cc2ccc(Cl)cc2)nnc2sc(-c3ccc([N+](=O)[O-])cc3)nn12
301156,SMILES O=C1CC23CCC(=O)C2(CC3)C1,3.87213111,Natural,True,,SMILES O=C1CC23CCC(=O)C2(CC3)C1
15,,5.4437027,Natural,False,,
200087,,3.061373,Natural,False,,
201323,SMILES CCc1cc(N)ccc1OCCCCCN1C(=O)c2ccccc2C1=O,4.25666237,Natural,True,,SMILES CCc1cc(N)ccc1OCCCCCN1C(=O)c2ccccc2C1=O
301028,SMILES CCOC(=O)C1(NC(C)=O)CCCC1,2.8443737,Natural,True,,SMILES CCOC(=O)C1(NC(C)=O)CCCC1
401645,SMILES COC(=O)C(C)=NNc1nncc2ccccc12,4.03955841,Natural,True,,SMILES COC(=O)C(C)=NNc1nncc2ccccc12
200530,,4.14502716,Natural,False,,
401247,SMILES COc1cc(C(=O)OCCn2nc(-c3ccc(Cl)cc3)nc2S)cc(OC)c1OC,4.38985872,Natural,True,,SMILES COc1cc(C(=O)OCCn2nc(-c3ccc(Cl)cc3)nc2S)cc(OC)c1OC
401982,SMILES O=c1nc2[nH]nc(COc3ccc(Cl)cc3Cl)n2nc1Cc1ccccc1,5.45495987,Natural,True,,SMILES O=c1nc2[nH]nc(COc3ccc(Cl)cc3Cl)n2nc1Cc1ccccc1
201143,SMILES CN(C)CCC(c1ccccc1)c1ccccc1,3.5862968,Natural,True,,SMILES CN(C)CCC(c1ccccc1)c1ccccc1
201188,SMILES CCC12CCCN3CCc4c(n(c5ccccc45)C(O)(CO)C1)C32,3.84784675,Natural,True,,SMILES CCC12CCCN3CCc4c(n(c5ccccc45)C(O)(CO)C1)C32
300504,SMILES Cc1cccc(C(=O)OCc2ccccc2CN2CCCCC2C)c1,4.42254448,Natural,True,,SMILES Cc1cccc(C(=O)OCc2ccccc2CN2CCCCC2C)c1
6696,SMILES O=C1c2ccccc2-c2ccc(Br)c3cccc1c23,4.4268527,Natural,True,,SMILES O=C1c2ccccc2-c2ccc(Br)c3cccc1c23
201984,SMILES CCN(CC)CC1=NC(c2ccccc2)CN(C)N1,3.62616992,Natural,True,,SMILES CCN(CC)CC1=NC(c2ccccc2)CN(C)N1
5417,SMILES COc1cc2c(cc1OC)C1Cc3ccc(OC)c(OC)c3CN1CC2,4.02833748,Natural,True,,SMILES COc1cc2c(cc1OC)C1Cc3ccc(OC)c(OC)c3CN1CC2
401522,SMILES NS(=O)(=O)c1ccc(NC(=O)NN=C2CCCCC2)cc1,4.06695557,Natural,True,,SMILES NS(=O)(=O)c1ccc(NC(=O)NN=C2CCCCC2)cc1
401125,SMILES NC(=O)CNC(=O)c1ccccc1SC(=O)CCC[n+]1ccccc1,4.28557539,Natural,True,,SMILES NC(=O)CNC(=O)c1ccccc1SC(=O)CCC[n+]1ccccc1
200360,,2.89832878,Natural,False,,
201202,SMILES COc1cc(C(=O)OCCCc2ccccn2)cc(OC)c1OC,3.68770862,Natural,True,,SMILES COc1cc(C(=O)OCCCc2ccccn2)cc(OC)c1OC
300319,SMILES O=S(=O)(Cl)C1c2ccccc2-c2ccccc21,3.26361465,Natural,True,,SMILES O=S(=O)(Cl)C1c2ccccc2-c2ccccc21
896,SMILES COc1ccc2[nH]cc(CCNC(C)=O)c2c1,3.17843556,Natural,True,,SMILES COc1ccc2[nH]cc(CCNC(C)=O)c2c1
401664,SMILES COP(=O)(NC(=O)Nc1nc2ccccc2s1)OC,4.15219545,Natural,True,,SMILES COP(=O)(NC(=O)Nc1nc2ccccc2s1)OC
400536,SMILES CC(=O)C(C(C)=O)C1OC(C)(C)OC1C1COC(C)(C)O1,3.6777389,Natural,True,,SMILES CC(=O)C(C(C)=O)C1OC(C)(C)OC1C1COC(C)(C)O1
200425,,5.87059021,Natural,False,,
846,SMILES Nc1ccccc1C(=O)CC(N)C(=O)O,3.07413983,Natural,True,,SMILES Nc1ccccc1C(=O)CC(N)C(=O)O
301148,SMILES CCOC1(OCC)CC2C(=O)CCCC21OC(C)=O,4.15145826,Natural,True,,SMILES CCOC1(OCC)CC2C(=O)CCCC21OC(C)=O
20181,SMILES COCCCN1CC2(c3ccccc3)CN(CCCOC)CC(c3ccccc3)(C1)C2=O,4.69593191,Natural,True,,SMILES COCCCN1CC2(c3ccccc3)CN(CCCOC)CC(c3ccccc3)(C1)C2=O
201565,SMILES OCCNC(Cc1ccccc1)c1ccccc1,3.30520535,Natural,True,,SMILES OCCNC(Cc1ccccc1)c1ccccc1
200391,,3.25137329,Natural,False,,
50174,SMILES COc1cc(C[NH2+]CCc2ccccc2)ccc1O,3.28896713,Natural,True,,SMILES COc1cc(C[NH2+]CCc2ccccc2)ccc1O
301343,SMILES COc1ccc(C(O)c2cc3ccccc3n2S(=O)(=O)c2ccccc2)cc1,4.94596529,Natural,True,,SMILES COc1ccc(C(O)c2cc3ccccc3n2S(=O)(=O)c2ccccc2)cc1
400084,SMILES CC(C)(C)[Si](C)(C)OCn1c(C#CCCO)nc2c(N)ncnc21,4.3858552,Natural,True,,SMILES CC(C)(C)[Si](C)(C)OCn1c(C#CCCO)nc2c(N)ncnc21
201898,SMILES SCCNCCCc1ccccc1,3.17452788,Natural,True,,SMILES SCCNCCCc1ccccc1
201214,SMILES O=C(OCCCc1cccnc1)c1ccc([N+](=O)[O-])cc1,4.30088854,Natural,True,,SMILES O=C(OCCCc1cccnc1)c1ccc([N+](=O)[O-])cc1
200397,,3.46551394,Natural,False,,
201893,SMILES CNC(=O)Oc1ccccc1C1OCCCO1,2.99505877,Natural,True,,SMILES CNC(=O)Oc1ccccc1C1OCCCO1
21013,SMILES Oc1cc(Cl)c(Cl)c(Cl)c1Cl,3.78237653,Natural,True,,SMILES Oc1cc(Cl)c(Cl)c(Cl)c1Cl
6730,SMILES O=C(O)C(c1ccc(Cl)cc1)c1ccc(Cl)cc1,3.06234956,Natural,True,,SMILES O=C(O)C(c1ccc(Cl)cc1)c1ccc(Cl)cc1
5483,SMILES CC(S)C(=O)NCC(=O)O,3.45217133,Natural,True,,SMILES CC(S)C(=O)NCC(=O)O
5438,SMILES NC(=[NH2+])c1cc2cccnc2s1,2.83800769,Natural,True,,SMILES NC(=[NH2+])c1cc2cccnc2s1
20211,SMILES FC(F)(F)c1nc2c(Cl)cc(Cl)cc2[nH]1,4.36676025,Natural,True,,SMILES FC(F)(F)c1nc2c(Cl)cc(Cl)cc2[nH]1
300859,SMILES CC1(C)OCC(CO)([N+](=O)[O-])CO1,3.18946362,Natural,True,,SMILES CC1(C)OCC(CO)([N+](=O)[O-])CO1
301155,SMILES COC1(OC)CC2C(=O)CCCC21OC,3.85184789,Natural,True,,SMILES COC1(OC)CC2C(=O)CCCC21OC
2813,SMILES Cc1onc(-c2ccccc2Cl)c1C(=O)NC1C(=O)N2C1SC(C)(C)C2C(=O)[O-],5.08557272,Natural,True,,SMILES Cc1onc(-c2ccccc2Cl)c1C(=O)NC1C(=O)N2C1SC(C)(C)C2C(=O)[O-]
6316,SMILES CC(C)NCC(O)c1ccc([N+](=O)[O-])cc1,2.97194505,Natural,True,,SMILES CC(C)NCC(O)c1ccc([N+](=O)[O-])cc1
20340,SMILES CC(C)C1(C)C(=O)NC(=O)N(C)C1=O,4.90735483,Natural,True,,SMILES CC(C)C1(C)C(=O)NC(=O)N(C)C1=O
301237,SMILES CCONC(=NC(=O)OC)c1ccccc1,3.75819683,Natural,True,,SMILES CCONC(=NC(=O)OC)c1ccccc1
5520,SMILES CP(=O)([O-])C1=CC[NH2+]CC1,3.3626585,Natural,True,,SMILES CP(=O)([O-])C1=CC[NH2+]CC1
400058,SMILES Cn1c(-c2ccccc2)cc2c(=O)[nH]ncc21,3.72157931,Natural,True,,SMILES Cn1c(-c2ccccc2)cc2c(=O)[nH]ncc21
864,SMILES O=C(O)CCCCC1CCSS1,3.97172284,Natural,True,,SMILES O=C(O)CCCCC1CCSS1
301184,SMILES CC1(C(=O)c2ccccc2)CC2C=CC1C2,4.71339083,Natural,True,,SMILES CC1(C(=O)c2ccccc2)CC2C=CC1C2
301207,SMILES COc1ccc(OC)c2c(C)cc(C)nc12,3.90117645,Natural,True,,SMILES COc1ccc(OC)c2c(C)cc(C)nc12
300036,SMILES CCOC(=O)C(C(=O)OCC)C(=O)C(C)C,3.23487782,Natural,True,,SMILES CCOC(=O)C(C(=O)OCC)C(=O)C(C)C
300678,SMILES O=C1C2C3C=CC(C3)C2C(=O)N1c1ccccc1,4.92107773,Natural,True,,SMILES O=C1C2C3C=CC(C3)C2C(=O)N1c1ccccc1
401148,SMILES O=c1oc(C23CC4CC(CC(C4)C2)C3)nc2ccc(Cl)cc12,4.88164759,Natural,True,,SMILES O=c1oc(C23CC4CC(CC(C4)C2)C3)nc2ccc(Cl)cc12
400642,SMILES CCOC(=O)CNC(=O)c1ccccc1SC(=O)CCCC[n+]1ccccc1,4.15800714,Natural,True,,SMILES CCOC(=O)CNC(=O)c1ccccc1SC(=O)CCCC[n+]1ccccc1
400754,SMILES COC(=O)c1cc(OCCCO)c(C(=O)OC)cc1N,3.3467052,Natural,True,,SMILES COC(=O)c1cc(OCCCO)c(C(=O)OC)cc1N
6810,SMILES O=C1OC(=O)C2CC=CCC12,3.55717564,Natural,True,,SMILES O=C1OC(=O)C2CC=CCC12
401582,SMILES CC(=O)Nc1ccc(-c2nc3cc(Cl)ccc3o2)cc1,3.97551274,Natural,True,,SMILES CC(=O)Nc1ccc(-c2nc3cc(Cl)ccc3o2)cc1
6292,SMILES Cc1ccccc1-n1c(C)nc2ccccc2c1=O,3.81076026,Natural,True,,SMILES Cc1ccccc1-n1c(C)nc2ccccc2c1=O
2814,SMILES Cc1onc(-c2ccccc2Cl)c1C(=O)NC1C(=O)N2C1SC(C)(C)C2C(=O)O,5.7813096,Natural,True,,SMILES Cc1onc(-c2ccccc2Cl)c1C(=O)NC1C(=O)N2C1SC(C)(C)C2C(=O)O
6643,SMILES CCC(C)(C)c1ccc(O)cc1,3.43681598,Natural,True,,SMILES CCC(C)(C)c1ccc(O)cc1
300113,SMILES COc1ccc2nc(C(C)O)[nH]c2c1,2.9857018,Natural,True,,SMILES COc1ccc2nc(C(C)O)[nH]c2c1
201920,SMILES COC(=O)c1cncn1C(C)c1ccc(Cl)cc1,3.82976222,Natural,True,,SMILES COC(=O)c1cncn1C(C)c1ccc(Cl)cc1
2002,,3.36301351,Natural,False,,
400753,SMILES CC(C#N)=C1CCC(=C(C)C#N)C(CCC(=O)O)C1,5.36461115,Natural,True,,SMILES CC(C#N)=C1CCC(=C(C)C#N)C(CCC(=O)O)C1
5012,SMILES O=[N+]([O-])c1ccc2nc(N3CCNCC3)ccc2c1,3.17853856,Natural,True,,SMILES O=[N+]([O-])c1ccc2nc(N3CCNCC3)ccc2c1
300675,SMILES C=CCNC(=O)C1C2C=CC(C2)C1C(=O)O,4.03521109,Natural,True,,SMILES C=CCNC(=O)C1C2C=CC(C2)C1C(=O)O
300593,SMILES Cc1nc(Cl)cc(Cl)c1C,3.66294503,Natural,True,,SMILES Cc1nc(Cl)cc(Cl)c1C
300038,SMILES Cc1ccc(C)c(Br)c1C,3.27199078,Natural,True,,SMILES Cc1ccc(C)c(Br)c1C
401598,SMILES COc1ccc(Br)cc1C1C2C(=O)N(c3ccccc3)C(=O)C2ON1CC(N)=O,4.96400595,Natural,True,,SMILES COc1ccc(Br)cc1C1C2C(=O)N(c3ccccc3)C(=O)C2ON1CC(N)=O
155,,4.42768908,Natural,False,,
201337,SMILES CCCOc1ccc(N)cc1CS(C)(=O)=O,3.17302513,Natural,True,,SMILES CCCOc1ccc(N)cc1CS(C)(=O)=O
400087,SMILES Nc1ncnc2nc(C=CCO)[nH]c12,3.74924088,Natural,True,,SMILES Nc1ncnc2nc(C=CCO)[nH]c12
200439,,4.09524107,Natural,False,,
201283,SMILES C1CCC2C(C1)N2P(N1C2CCCCC21)N1C2CCCCC21,3.89765549,Natural,True,,SMILES C1CCC2C(C1)N2P(N1C2CCCCC21)N1C2CCCCC21
400915,SMILES N=c1n(C(=O)N2CCCC2)c2cc(Cl)ccc2n1C1=NCCN1,4.63787651,Natural,True,,SMILES N=c1n(C(=O)N2CCCC2)c2cc(Cl)ccc2n1C1=NCCN1
400912,SMILES OCC1Cn2cccc2C1NCc1ccccc1,3.18683362,Natural,True,,SMILES OCC1Cn2cccc2C1NCc1ccccc1
300171,SMILES CN1C(=O)NC(C)(c2cccs2)C1=O,3.64271188,Natural,True,,SMILES CN1C(=O)NC(C)(c2cccs2)C1=O
20895,SMILES CCCCC[NH2+]C(N)=NC(=N)N,3.67982388,Natural,True,,SMILES CCCCC[NH2+]C(N)=NC(=N)N
201553,SMILES CC(N)Cc1ccc(Cl)c(Cl)c1,3.02011609,Natural,True,,SMILES CC(N)Cc1ccc(Cl)c(Cl)c1
21050,SMILES CN(C)c1ccc(C=NNC(=O)NN=Cc2ccc([N+](=O)[O-])o2)cc1,4.41324759,Natural,True,,SMILES CN(C)c1ccc(C=NNC(=O)NN=Cc2ccc([N+](=O)[O-])o2)cc1
301344,SMILES COCn1c(C(=O)c2ccc(OC)cc2)cc2ccccc21,4.16400766,Natural,True,,SMILES COCn1c(C(=O)c2ccc(OC)cc2)cc2ccccc21
301390,SMILES COc1ccc(=O)c2c(O)c3c(OC)cc4c(c3oc1-2)C1C=COC1O4,4.69872904,Natural,True,,SMILES COc1ccc(=O)c2c(O)c3c(OC)cc4c(c3oc1-2)C1C=COC1O4
401986,SMILES Cc1ccc(OCc2nnc3nc(S)[nH]n23)cc1,4.94153452,Natural,True,,SMILES Cc1ccc(OCc2nnc3nc(S)[nH]n23)cc1
200175,,4.13573122,Natural,False,,
20783,SMILES CN1CCC(O)(c2ccccc2)C(C(=O)c2ccccc2)C1,4.53504038,Natural,True,,SMILES CN1CCC(O)(c2ccccc2)C(C(=O)c2ccccc2)C1
401414,SMILES COc1ccccc1N1C(=O)CS(=O)(=O)C1c1cccc(Oc2ccccc2)c1,5.09815025,Natural,True,,SMILES COc1ccccc1N1C(=O)CS(=O)(=O)C1c1cccc(Oc2ccccc2)c1
20571,SMILES Nc1ccc2ccccc2c1-c1c(N)ccc2ccccc12,3.79035687,Natural,True,,SMILES Nc1ccc2ccccc2c1-c1c(N)ccc2ccccc12
400199,SMILES CC(=O)NC(Cc1ccc(OCc2ccccc2)cn1)C(=O)NCCN(C)C,4.33858347,Natural,True,,SMILES CC(=O)NC(Cc1ccc(OCc2ccccc2)cn1)C(=O)NCCN(C)C
301483,SMILES OC1C2C3CC(Br)C2C2C1C32,3.81562686,Natural,True,,SMILES OC1C2C3CC(Br)C2C2C1C32
301368,SMILES CCOC(=O)c1c(C)c2c(n1C)CCc1cnoc1-2,3.76280332,Natural,True,,SMILES CCOC(=O)c1c(C)c2c(n1C)CCc1cnoc1-2
201327,SMILES O=C1Nc2ccccc2Nc2ccccc21,3.36751938,Natural,True,,SMILES O=C1Nc2ccccc2Nc2ccccc21
201361,SMILES CCOP(=O)(OC=CCSCC)OCC,3.4303658,Natural,True,,SMILES CCOP(=O)(OC=CCSCC)OCC
201268,SMILES CC(C)NCC(O)COc1ccccc1Cc1ccccc1,3.55876422,Natural,True,,SMILES CC(C)NCC(O)COc1ccccc1Cc1ccccc1
400268,SMILES O=C1C(=O)N(c2ncn[nH]2)C(c2ccccc2)C1C(=O)c1ccccc1,5.26511002,Natural,True,,SMILES O=C1C(=O)N(c2ncn[nH]2)C(c2ccccc2)C1C(=O)c1ccccc1
5311,SMILES O=C(CCCCCCC(=O)Nc1ccccc1)NO,3.67160487,Natural,True,,SMILES O=C(CCCCCCC(=O)Nc1ccccc1)NO
20998,SMILES CC=C(C)C=NNC1=NS(=O)(=O)c2ccccc21,3.55579305,Natural,True,,SMILES CC=C(C)C=NNC1=NS(=O)(=O)c2ccccc21
201784,SMILES O=C1c2ccccc2C(=O)N1CCCN1CCOCC1,4.48154736,Natural,True,,SMILES O=C1c2ccccc2C(=O)N1CCCN1CCOCC1
300974,SMILES Cc1ccc(S(=O)(=O)NN=C2CCCC3CC23C)cc1,4.8818264,Natural,True,,SMILES Cc1ccc(S(=O)(=O)NN=C2CCCC3CC23C)cc1
6415,SMILES O=C(O)C(Br)(Br)Br,3.97367835,Natural,True,,SMILES O=C(O)C(Br)(Br)Br
300934,SMILES Cc1noc(-c2ccc([N+](=O)[O-])o2)n1,3.10576797,Natural,True,,SMILES Cc1noc(-c2ccc([N+](=O)[O-])o2)n1
5588,SMILES Cc1ccc(C(=CCN2CCCC2)c2ccccn2)cc1,3.8148582,Natural,True,,SMILES Cc1ccc(C(=CCN2CCCC2)c2ccccn2)cc1
5648,SMILES CCC(C)C(C(=O)OCC[N+](C)(CC)CC)c1ccccc1,3.86636615,Natural,True,,SMILES CCC(C)C(C(=O)OCC[N+](C)(CC)CC)c1ccccc1
301037,SMILES CC(=O)Nc1nc(Cl)c(N)c(Cl)n1,3.9676342,Natural,True,,SMILES CC(=O)Nc1nc(Cl)c(N)c(Cl)n1
300981,SMILES COC1(OC)C2(Cl)C=CC1(Cl)C1CC12,4.47105169,Natural,True,,SMILES COC1(OC)C2(Cl)C=CC1(Cl)C1CC12
20423,SMILES O=C(OCCN1CCCC1)C(O)(c1ccccc1)c1ccccc1,3.88950419,Natural,True,,SMILES O=C(OCCN1CCCC1)C(O)(c1ccccc1)c1ccccc1
200432,,3.69120979,Natural,False,,
401679,SMILES O=C1CCCC2C3C=CC(NC(=O)C(Cl)(Cl)Cl)C(C3)CN12,5.19842291,Natural,True,,SMILES O=C1CCCC2C3C=CC(NC(=O)C(Cl)(Cl)Cl)C(C3)CN12
401574,SMILES Clc1ccc2oc(CCC3CCCCC3)nc2c1,4.84204245,Natural,True,,SMILES Clc1ccc2oc(CCC3CCCCC3)nc2c1
300092,SMILES Cc1cc(C(O)c2ccccn2)c2cc(Cl)cc(Cl)c2n1,5.4206872,Natural,True,,SMILES Cc1cc(C(O)c2ccccn2)c2cc(Cl)cc(Cl)c2n1
6927,SMILES Nc1cc(Cl)cc(S(=O)(=O)O)c1O,3.23815179,Natural,True,,SMILES Nc1cc(Cl)cc(S(=O)(=O)O)c1O
401489,SMILES CCOC(=O)C1(C(=O)OCC)CC2CON=C2C1c1ccc(C(F)(F)F)cc1,4.96435213,Natural,True,,SMILES CCOC(=O)C1(C(=O)OCC)CC2CON=C2C1c1ccc(C(F)(F)F)cc1
200571,,4.51315451,Natural,False,,
400484,SMILES CC(C)OC(=O)c1cccnc1-c1ncccc1C(=O)OC(C)C,4.74228239,Natural,True,,SMILES CC(C)OC(=O)c1cccnc1-c1ncccc1C(=O)OC(C)C
6041,SMILES CNCC(O)c1cccc(O)c1,3.3760407,Natural,True,,SMILES CNCC(O)c1cccc(O)c1
20821,SMILES O=c1[nH]c2ccc([N+](=O)[O-])cc2c(=O)o1,3.58280945,Natural,True,,SMILES O=c1[nH]c2ccc([N+](=O)[O-])cc2c(=O)o1
401225,SMILES Clc1ccc(-c2nnc3sc4nc5ccccc5c-4nn23)c(Cl)c1,5.17633963,Natural,True,,SMILES Clc1ccc(-c2nnc3sc4nc5ccccc5c-4nn23)c(Cl)c1
400747,SMILES O=C(O)c1ccc(C=C2Sc3ccccc3S2)cc1,4.2795682,Natural,True,,SMILES O=C(O)c1ccc(C=C2Sc3ccccc3S2)cc1
20621,SMILES Oc1c(Cl)cc(Br)cc1Br,3.42908931,Natural,True,,SMILES Oc1c(Cl)cc(Br)cc1Br
20820,SMILES CC(=O)CC(=O)Nc1nc2ccccc2s1,3.61317706,Natural,True,,SMILES CC(=O)CC(=O)Nc1nc2ccccc2s1
5498,SMILES Cc1ccc(C(C)OC(=O)C2CCC(C)(C(=O)O)C2(C)C)cc1,4.55982494,Natural,True,,SMILES Cc1ccc(C(C)OC(=O)C2CCC(C)(C(=O)O)C2(C)C)cc1
6177,SMILES CN(C)c1ccc2nc3cccc(N(C)C)c3cc2c1,3.70031714,Natural,True,,SMILES CN(C)c1ccc2nc3cccc(N(C)C)c3cc2c1
50006,SMILES CC(=O)OC(C)CCCC(C)C,4.66684008,Natural,True,,SMILES CC(=O)OC(C)CCCC(C)C
20180,SMILES COCCN1CC2(c3ccccc3)CN(CCOC)CC(c3ccccc3)(C1)C2=O,3.96605897,Natural,True,,SMILES COCCN1CC2(c3ccccc3)CN(CCOC)CC(c3ccccc3)(C1)C2=O
401088,SMILES Cc1cc(C)c2c(=O)n(CC(O)CN3CCN(CCOCCO)CC3)sc2n1,4.39813185,Natural,True,,SMILES Cc1cc(C)c2c(=O)n(CC(O)CN3CCN(CCOCCO)CC3)sc2n1
6432,SMILES FC(F)(F)C(F)(F)C(F)(F)F,3.02069354,Natural,True,,SMILES FC(F)(F)C(F)(F)C(F)(F)F
3966,SMILES C1CCN2CC3CC(CN4CCCCC34)C2C1,3.88827324,Natural,True,,SMILES C1CCN2CC3CC(CN4CCCCC34)C2C1
401851,SMILES CN1C2CCC1C(C(O)c1ccccc1[N+](=O)[O-])C(=O)C2,4.26124716,Natural,True,,SMILES CN1C2CCC1C(C(O)c1ccccc1[N+](=O)[O-])C(=O)C2
300443,SMILES CC12CCC3C(C1)C(C(=O)O2)C(=O)OC3(C)C,4.16047621,Natural,True,,SMILES CC12CCC3C(C1)C(C(=O)O2)C(=O)OC3(C)C
2795,SMILES CN(C)CCC(O)(c1ccccc1)c1ccccc1Cl,4.00754547,Natural,True,,SMILES CN(C)CCC(O)(c1ccccc1)c1ccccc1Cl
401040,SMILES Cc1c2c(c(C)n1-c1ccccc1)C(=O)N(CN1CCC(C(N)=O)CC1)C2=O,5.023067,Natural,True,,SMILES Cc1c2c(c(C)n1-c1ccccc1)C(=O)N(CN1CCC(C(N)=O)CC1)C2=O
300926,SMILES COc1ccc(C(=O)NC2CCC2)cc1,3.24898076,Natural,True,,SMILES COc1ccc(C(=O)NC2CCC2)cc1
301202,SMILES CC1(C)Cc2ccccc2C1=O,3.40539145,Natural,True,,SMILES CC1(C)Cc2ccccc2C1=O
300118,SMILES S=P(Cc1ccccc1)(c1ccccc1)c1ccccc1,4.48671913,Natural,True,,SMILES S=P(Cc1ccccc1)(c1ccccc1)c1ccccc1
301437,SMILES CC1CC2(C)C(CC1=O)CC(C)C1C3CCC(O)C3(C)CCC12,5.36383295,Natural,True,,SMILES CC1CC2(C)C(CC1=O)CC(C)C1C3CCC(O)C3(C)CCC12
201847,SMILES CC1(C)OC(=O)N(CN(Cc2ccccc2)Cc2ccccc2)C1=O,4.09442949,Natural,True,,SMILES CC1(C)OC(=O)N(CN(Cc2ccccc2)Cc2ccccc2)C1=O
201829,SMILES CN1COCC(C)([N+](=O)[O-])C1,2.52344012,Natural,True,,SMILES CN1COCC(C)([N+](=O)[O-])C1
401087,SMILES Cc1cc(C)c2c(=O)n(CN3CC4Nc5ccccc5C4C3)sc2n1,5.58895731,Natural,True,,SMILES Cc1cc(C)c2c(=O)n(CN3CC4Nc5ccccc5C4C3)sc2n1
6264,SMILES O=[N+]([O-])c1ccc(F)c([N+](=O)[O-])c1,3.90192866,Natural,True,,SMILES O=[N+]([O-])c1ccc(F)c([N+](=O)[O-])c1
301312,SMILES COc1ccc(C(=O)NC(SC)C(N)=O)cc1,3.65732288,Natural,True,,SMILES COc1ccc(C(=O)NC(SC)C(N)=O)cc1
300029,SMILES C=CCC1(CO)CCCCC1O,3.67308712,Natural,True,,SMILES C=CCC1(CO)CCCCC1O
300458,SMILES O=C1NC(c2ccc(Cl)cc2)N2C(=O)NC(c3ccc(Cl)cc3)N12,4.94817686,Natural,True,,SMILES O=C1NC(c2ccc(Cl)cc2)N2C(=O)NC(c3ccc(Cl)cc3)N12
5712,SMILES OCc1ccc(-c2nn(Cc3ccccc3)c3ccccc23)o1,4.19335413,Natural,True,,SMILES OCc1ccc(-c2nn(Cc3ccccc3)c3ccccc23)o1
6839,SMILES CN1C(=O)CC(c2ccccc2)C1=O,3.59438777,Natural,True,,SMILES CN1C(=O)CC(c2ccccc2)C1=O
300745,SMILES C(=Cc1ccccc1)Nc1ccccc1,3.16711164,Natural,True,,SMILES C(=Cc1ccccc1)Nc1ccccc1
5685,SMILES COc1cccc(OC)c1OCCNCC1COc2ccccc2O1,3.86749268,Natural,True,,SMILES COc1cccc(OC)c1OCCNCC1COc2ccccc2O1
400145,SMILES CC12CCC(C1)C(C)(C)C2(S)Cc1ccccn1,4.7921133,Natural,True,,SMILES CC12CCC(C1)C(C)(C)C2(S)Cc1ccccn1
5817,SMILES O=C(O)c1ccc(Cl)c(Cl)c1,3.22388363,Natural,True,,SMILES O=C(O)c1ccc(Cl)c(Cl)c1
301165,SMILES NC(=O)NN=C1CC2C3C=CC4C3CC2C14,4.6932683,Natural,True,,SMILES NC(=O)NN=C1CC2C3C=CC4C3CC2C14
300781,SMILES C1=Cc2c3c(c4c(c2C1)C=CC4)CC=C3,3.79941821,Natural,True,,SMILES C1=Cc2c3c(c4c(c2C1)C=CC4)CC=C3
5005,SMILES CCOC(=O)C(CCc1ccccc1)NC(C)C(=O)N1Cc2ccccc2CC1C(=O)O,4.88274384,Natural,True,,SMILES CCOC(=O)C(CCc1ccccc1)NC(C)C(=O)N1Cc2ccccc2CC1C(=O)O
300994,SMILES CCOCCC(=NNc1ccc([N+](=O)[O-])cc1[N+](=O)[O-])c1ccccc1,4.62444496,Natural,True,,SMILES CCOCCC(=NNc1ccc([N+](=O)[O-])cc1[N+](=O)[O-])c1ccccc1
20614,SMILES O=NN1CCCCC1C(=O)O,3.69981098,Natural,True,,SMILES O=NN1CCCCC1C(=O)O
995,SMILES c1ccc2c(c1)ccc1ccccc12,3.25359559,Natural,True,,SMILES c1ccc2c(c1)ccc1ccccc12
20233,SMILES O=C(OCCF)C(c1ccccc1)c1ccccc1,3.89412332,Natural,True,,SMILES O=C(OCCF)C(c1ccccc1)c1ccccc1
20937,SMILES CC[NH+](CC)CCn1cc(C2CCC[NH+]2C)c2ccccc21,3.41683292,Natural,True,,SMILES CC[NH+](CC)CCn1cc(C2CCC[NH+]2C)c2ccccc21
401569,SMILES Clc1ccc(Cc2nc3cc(Cl)ccc3o2)cc1,4.54745054,Natural,True,,SMILES Clc1ccc(Cc2nc3cc(Cl)ccc3o2)cc1
300510,SMILES CC1C(=O)OCC1C(c1ccccc1)(c1ccccc1)c1ccccc1,4.79908419,Natural,True,,SMILES CC1C(=O)OCC1C(c1ccccc1)(c1ccccc1)c1ccccc1
300488,SMILES OCC1OC(n2cnc3c2nnn2ccnc32)C(O)C1O,3.56860471,Natural,True,,SMILES OCC1OC(n2cnc3c2nnn2ccnc32)C(O)C1O
400079,SMILES CN(C)c1nc(-c2ccccc2)c(C(=O)c2ccc(Cl)cc2)s1,4.12106895,Natural,True,,SMILES CN(C)c1nc(-c2ccccc2)c(C(=O)c2ccc(Cl)cc2)s1
200023,,4.19704628,Natural,False,,
401857,SMILES CN1C2CCC1c1cc3ccccc3nc1C2,3.72152925,Natural,True,,SMILES CN1C2CCC1c1cc3ccccc3nc1C2
5634,SMILES C=CCCCCCCCCC(=O)O,4.26192045,Natural,True,,SMILES C=CCCCCCCCCC(=O)O
201799,SMILES O=C1CCC2C3CC(CN2C1)C1CCCCN1C3=O,4.47917986,Natural,True,,SMILES O=C1CCC2C3CC(CN2C1)C1CCCCN1C3=O
401777,SMILES CC1OC(C)(CO)C(OC(=O)c2ccccc2)C1(C)O,3.50258231,Natural,True,,SMILES CC1OC(C)(CO)C(OC(=O)c2ccccc2)C1(C)O
301003,SMILES CCCCN(CCCC)S(=O)(=O)O,3.17843986,Natural,True,,SMILES CCCCN(CCCC)S(=O)(=O)O
300219,SMILES CCOC1OC(c2ccccc2)=NS(=O)(=O)C1(C)C,3.86301231,Natural,True,,SMILES CCOC1OC(c2ccccc2)=NS(=O)(=O)C1(C)C
300921,SMILES Cc1c(C)c(C)c(CN2CCCC2)c(C)c1C,3.57181859,Natural,True,,SMILES Cc1c(C)c(C)c(CN2CCCC2)c(C)c1C
301046,SMILES COC1OC(C)C(O)C1n1cnc2c(N)ncnc21,3.29985118,Natural,True,,SMILES COC1OC(C)C(O)C1n1cnc2c(N)ncnc21
301243,SMILES CONC(=NC(=O)OC)c1ccccc1,3.37119389,Natural,True,,SMILES CONC(=NC(=O)OC)c1ccccc1
2875,SMILES NC(CC1CCCCC1)C(O)C(F)(F)C(=O)O,3.81969643,Natural,True,,SMILES NC(CC1CCCCC1)C(O)C(F)(F)C(=O)O
300157,SMILES CC(=O)NN=C(C)C(O)(c1ccccc1)c1ccccc1,4.01627111,Natural,True,,SMILES CC(=O)NN=C(C)C(O)(c1ccccc1)c1ccccc1
401412,SMILES O=C1CS(=O)(=O)C(c2cccc(Oc3ccccc3)c2)N1c1cccc(Cl)c1,5.16276598,Natural,True,,SMILES O=C1CS(=O)(=O)C(c2cccc(Oc3ccccc3)c2)N1c1cccc(Cl)c1
5356,SMILES NS(=O)(=O)c1ccc(N2CCCCS2(=O)=O)cc1,4.40001059,Natural,True,,SMILES NS(=O)(=O)c1ccc(N2CCCCS2(=O)=O)cc1
5838,SMILES CCC1(C2=CCCCC2)C(=O)NC(=O)NC1=O,4.58688688,Natural,True,,SMILES CCC1(C2=CCCCC2)C(=O)NC(=O)NC1=O
6180,SMILES CSCCC(NC(C)=O)C(=O)O,2.80054212,Natural,True,,SMILES CSCCC(NC(C)=O)C(=O)O
300524,SMILES C=C1C(C(=O)OCC)C1C(=O)OCC,3.46712708,Natural,True,,SMILES C=C1C(C(=O)OCC)C1C(=O)OCC
643,SMILES CC1NC(=O)NC1CCCCCC(=O)O,3.5391705,Natural,True,,SMILES CC1NC(=O)NC1CCCCCC(=O)O
21179,SMILES CC(N)C(C)c1c[nH]c2ccc(SCc3ccccc3)cc12,4.20948601,Natural,True,,SMILES CC(N)C(C)c1c[nH]c2ccc(SCc3ccccc3)cc12
2984,SMILES CCCCn1c(=O)c2c(ncn2CC(C)=O)n(CCCC)c1=O,4.12251139,Natural,True,,SMILES CCCCn1c(=O)c2c(ncn2CC(C)=O)n(CCCC)c1=O
20430,SMILES CCCCOc1nc(Cl)nc(NCC)n1,3.86155581,Natural,True,,SMILES CCCCOc1nc(Cl)nc(NCC)n1
401526,SMILES COc1ccc(C=NNC(=O)Cc2ccccc2)cc1,4.46360064,Natural,True,,SMILES COc1ccc(C=NNC(=O)Cc2ccccc2)cc1
6973,SMILES Cc1ccc(O)c(C(=O)O)c1,2.9373064,Natural,True,,SMILES Cc1ccc(O)c(C(=O)O)c1
20500,SMILES N=C1c2ccccc2-c2ccccc21,2.91155219,Natural,True,,SMILES N=C1c2ccccc2-c2ccccc21
401685,SMILES CCOC(=O)C1C2C(=O)N3CCCCC3C2C=C2CCCN(C(=O)OCc3ccccc3)C21,4.88360786,Natural,True,,SMILES CCOC(=O)C1C2C(=O)N3CCCCC3C2C=C2CCCN(C(=O)OCc3ccccc3)C21
300110,SMILES COC(CCN1C(=O)c2ccccc2C1=O)C(Br)C(=O)O,4.22236824,Natural,True,,SMILES COC(CCN1C(=O)c2ccccc2C1=O)C(Br)C(=O)O
401144,SMILES CCCNC(=O)c1c(C)cccc1NC(=O)C12CC3CC(CC(C3)C1)C2,4.63596153,Natural,True,,SMILES CCCNC(=O)c1c(C)cccc1NC(=O)C12CC3CC(CC(C3)C1)C2
200301,,4.28860474,Natural,False,,
6114,SMILES CC(=O)OC(C)C[N+](C)(C)C,2.67150879,Natural,True,,SMILES CC(=O)OC(C)C[N+](C)(C)C
20665,SMILES CCCCCCOCCCCO,3.8170929,Natural,False,,
300615,SMILES CC1CN(C(=N)C#N)C(C)CN1C(=N)C#N,3.57075882,Natural,True,,SMILES CC1CN(C(=N)C#N)C(C)CN1C(=N)C#N
401743,SMILES COC(=O)C12CCC3CCC(C(c4ccccc4)N1)C32,3.95473361,Natural,True,,SMILES COC(=O)C12CCC3CCC(C(c4ccccc4)N1)C32
634,SMILES O=P(O)(O)OC1CC(O)C(CO)O1,4.25045586,Natural,True,,SMILES O=P(O)(O)OC1CC(O)C(CO)O1
200295,,3.99831605,Natural,False,,
2120,SMILES O=C(O)CN1C(=O)c2cccc3cccc(c23)C1=O,4.32241678,Natural,True,,SMILES O=C(O)CN1C(=O)c2cccc3cccc(c23)C1=O
200179,,4.17056417,Natural,False,,
300668,SMILES C[Si](C)(C)Oc1cccc(O[Si](C)(C)C)c1,3.92835331,Natural,True,,SMILES C[Si](C)(C)Oc1cccc(O[Si](C)(C)C)c1
401501,SMILES O=C(NN=Cc1ccc2c(c1)OCO2)Nc1ccc(Br)cc1,4.52767563,Natural,True,,SMILES O=C(NN=Cc1ccc2c(c1)OCO2)Nc1ccc(Br)cc1
400881,SMILES CCC(CO)N=C(S)CC1OC(C2COC(C)(C)O2)C2OC(C)(C)OC12,3.5464201,Natural,True,,SMILES CCC(CO)N=C(S)CC1OC(C2COC(C)(C)O2)C2OC(C)(C)OC12
2820,SMILES Clc1ccc2c(c1)NC(N1CCNCC1)=c1ccccc1=N2,4.34673071,Natural,True,,SMILES Clc1ccc2c(c1)NC(N1CCNCC1)=c1ccccc1=N2
301234,SMILES CCON=C(CNC(=O)Oc1ccccc1)c1ccccc1,3.83821416,Natural,True,,SMILES CCON=C(CNC(=O)Oc1ccccc1)c1ccccc1
2099,SMILES Cc1[nH]cnc1CN1CCc2c(c3ccccc3n2C)C1=O,3.6384275,Natural,True,,SMILES Cc1[nH]cnc1CN1CCc2c(c3ccccc3n2C)C1=O
401150,SMILES CCCn1c(C23CC4CC(CC(C4)C2)C3)nc2ccc(Cl)cc2c1=O,5.5585289,Natural,True,,SMILES CCCn1c(C23CC4CC(CC(C4)C2)C3)nc2ccc(Cl)cc2c1=O
300231,SMILES CCC1(O)C(=O)OCc2c1c(Br)c(-c1ccccc1)n(C)c2=O,5.17898607,Natural,True,,SMILES CCC1(O)C(=O)OCc2c1c(Br)c(-c1ccccc1)n(C)c2=O
401509,SMILES CN(C)c1ccc(C=NNC(=O)Nc2ccc(Br)cc2)cc1,4.66037989,Natural,True,,SMILES CN(C)c1ccc(C=NNC(=O)Nc2ccc(Br)cc2)cc1
300367,SMILES Cc1ccc(S(=O)(=O)NC(O)=C([N+]#N)c2ccc([N+](=O)[O-])cc2)cc1,5.41372252,Natural,True,,SMILES Cc1ccc(S(=O)(=O)NC(O)=C([N+]#N)c2ccc([N+](=O)[O-])cc2)cc1
301205,SMILES CCN(CC)C(=O)c1cc([N+](=O)[O-])ccc1OCc1ccccc1,4.35409403,Natural,True,,SMILES CCN(CC)C(=O)c1cc([N+](=O)[O-])ccc1OCc1ccccc1
401568,SMILES COc1ccc(Cc2nc3cc(Cl)ccc3o2)cc1,4.87791681,Natural,True,,SMILES COc1ccc(Cc2nc3cc(Cl)ccc3o2)cc1
300538,SMILES CC(=O)NC1CCC(CC(=O)O)CC1,3.85189056,Natural,True,,SMILES CC(=O)NC1CCC(CC(=O)O)CC1
21113,SMILES CCN(CC)CCOc1c(C(=O)OC)cccc1-c1ccccc1,4.17288065,Natural,True,,SMILES CCN(CC)CCOc1c(C(=O)OC)cccc1-c1ccccc1
6812,SMILES O=S(=O)(O)c1cccc2ccccc12,3.59111428,Natural,True,,SMILES O=S(=O)(O)c1cccc2ccccc12
20055,,3.2113359,Natural,False,,
6549,SMILES C=CC(C)(O)CCC=C(C)C,3.70822597,Natural,True,,SMILES C=CC(C)(O)CCC=C(C)C
401019,SMILES c1cnc(N2CCN(Cc3c[nH]c4ccccc34)CC2)nc1,3.48125839,Natural,True,,SMILES c1cnc(N2CCN(Cc3c[nH]c4ccccc34)CC2)nc1
400569,SMILES Cc1ccc(S(=O)(=O)N2C(=O)OCC2C)cc1,3.45125771,Natural,True,,SMILES Cc1ccc(S(=O)(=O)N2C(=O)OCC2C)cc1
200345,,3.97662663,Natural,False,,
20902,SMILES O=C(O)c1cccc(Cl)c1[N+](=O)[O-],3.56340337,Natural,True,,SMILES O=C(O)c1cccc(Cl)c1[N+](=O)[O-]
638,SMILES Nc1nc(=O)c2ncn(C3CC(O)C(CO)O3)c2[nH]1,4.13634872,Natural,True,,SMILES Nc1nc(=O)c2ncn(C3CC(O)C(CO)O3)c2[nH]1
401097,SMILES Clc1ccc(-c2nn3cnnc3cc2CN2CCCC2)cc1,5.35084152,Natural,True,,SMILES Clc1ccc(-c2nn3cnnc3cc2CN2CCCC2)cc1
400470,SMILES N#Cc1c(N)nc(S)c(C#N)c1-c1ccco1,4.65921354,Natural,True,,SMILES N#Cc1c(N)nc(S)c(C#N)c1-c1ccco1
185,,2.76603627,Natural,False,,
2966,SMILES N=C(N)N1CCc2ccccc2C1,3.23700309,Natural,True,,SMILES N=C(N)N1CCc2ccccc2C1
400758,SMILES N#CC(C#N)=c1ccc(=C(C#N)C#N)c(CCC(=O)O)c1,5.16538858,Natural,True,,SMILES N#CC(C#N)=c1ccc(=C(C#N)C#N)c(CCC(=O)O)c1
20139,SMILES Cc1cc(C)c(CO)c(C)c1,3.11375213,Natural,True,,SMILES Cc1cc(C)c(CO)c(C)c1
20800,SMILES Cc1cccc(C)c1NC(=O)C[N+](C)(C)CC(=O)Nc1c(C)cccc1Cl,4.31344175,Natural,True,,SMILES Cc1cccc(C)c1NC(=O)C[N+](C)(C)CC(=O)Nc1c(C)cccc1Cl
6455,SMILES CCC1(C(C)C)C(=O)NC(=O)NC1=O,4.89657068,Natural,True,,SMILES CCC1(C(C)C)C(=O)NC(=O)NC1=O
171,,4.27789068,Natural,False,,
21082,SMILES Oc1c2ccccc2c(O)c2ccccc12,3.28344798,Natural,True,,SMILES Oc1c2ccccc2c(O)c2ccccc12
2,,3.13417888,Natural,False,,
400437,SMILES COc1ccc(C2CC3C(=O)OCC(c4ccccc4)N3O2)cc1,4.39086628,Natural,True,,SMILES COc1ccc(C2CC3C(=O)OCC(c4ccccc4)N3O2)cc1
400621,SMILES COc1ccc2c(c1)N=C1CSC(c3cccc(Br)c3)N1C2,3.78840947,Natural,True,,SMILES COc1ccc2c(c1)N=C1CSC(c3cccc(Br)c3)N1C2
6687,SMILES N=C1CCC(=N)c2c1c(O)c1ccccc1c2O,3.30002904,Natural,True,,SMILES N=C1CCC(=N)c2c1c(O)c1ccccc1c2O
3982,SMILES CN1CC(CO)C=C2c3cccc4[nH]cc(c34)CC21,3.65837407,Natural,True,,SMILES CN1CC(CO)C=C2c3cccc4[nH]cc(c34)CC21
300891,SMILES O=C(N=C(S)NNC(S)=NNc1ccccc1)c1ccccc1,4.39273977,Natural,True,,SMILES O=C(N=C(S)NNC(S)=NNc1ccccc1)c1ccccc1
200041,,3.28201795,Natural,False,,
301161,SMILES OC1CC23C(O)CCCC12C1C=CC3C1,4.81044912,Natural,True,,SMILES OC1CC23C(O)CCCC12C1C=CC3C1
300115,SMILES CCC1(c2ccccc2)C(=O)N(Cl)C(=O)N(Cl)C1=O,4.76918793,Natural,True,,SMILES CCC1(c2ccccc2)C(=O)N(Cl)C(=O)N(Cl)C1=O
401719,SMILES CC1(C)OCC(CC2=CCCCC2[Si](C)(C)c2ccccc2)O1,4.73186636,Natural,True,,SMILES CC1(C)OCC(CC2=CCCCC2[Si](C)(C)c2ccccc2)O1
201389,SMILES CCCCCCCCOc1ccc(N)cc1C,3.66390872,Natural,True,,SMILES CCCCCCCCOc1ccc(N)cc1C
300873,SMILES CCN=C(S)NNC(S)=NNc1ccccc1,3.83330464,Natural,True,,SMILES CCN=C(S)NNC(S)=NNc1ccccc1
401749,SMILES CC(C)(C)[Si](C)(C)OCC12CCC3CNC(C(c4ccccc4)N1)C32,4.00845003,Natural,True,,SMILES CC(C)(C)[Si](C)(C)OCC12CCC3CNC(C(c4ccccc4)N1)C32
301452,SMILES CSc1ccc(OC(=O)C(C)NC(=O)C(CO)NC(=O)OCc2ccccc2)cc1,3.72673607,Natural,True,,SMILES CSc1ccc(OC(=O)C(C)NC(=O)C(CO)NC(=O)OCc2ccccc2)cc1
301377,SMILES CSc1ncnc2c1ncn2N1CCCC1COS(=O)(=O)c1ccc(C)cc1,4.88669729,Natural,True,,SMILES CSc1ncnc2c1ncn2N1CCCC1COS(=O)(=O)c1ccc(C)cc1
5403,SMILES CC(C)(C)NCC(O)c1cc(O)cc(O)c1,3.06049275,Natural,True,,SMILES CC(C)(C)NCC(O)c1cc(O)cc(O)c1
300294,SMILES ON=c1c2ccccc2c2ccccc2c2ccccc12,5.47168207,Natural,True,,SMILES ON=c1c2ccccc2c2ccccc2c2ccccc12
21201,SMILES O=[N+]([O-])c1cc(S(=O)(=O)Nc2ccccc2)ccc1Nc1ccccc1,4.37472868,Natural,True,,SMILES O=[N+]([O-])c1cc(S(=O)(=O)Nc2ccccc2)ccc1Nc1ccccc1
401100,SMILES C=CCSc1nnc2cc(CN3CCCC3)c(-c3ccc(Cl)cc3)nn12,5.14595842,Natural,True,,SMILES C=CCSc1nnc2cc(CN3CCCC3)c(-c3ccc(Cl)cc3)nn12
20038,,2.77603364,Natural,False,,
200498,,3.79067349,Natural,False,,
5009,SMILES C=CC1CC2CCC1CC2C(O)c1ccnc2ccc(OC)cc12,5.74558306,Natural,True,,SMILES C=CC1CC2CCC1CC2C(O)c1ccnc2ccc(OC)cc12
300506,SMILES CN(C)NC1=c2ccccc2=NC1=O,3.60564351,Natural,True,,SMILES CN(C)NC1=c2ccccc2=NC1=O
162,,4.07018137,Natural,False,,
400858,SMILES Cc1cn(CC(S)=NCCN2CCOCC2)c(=O)[nH]c1=O,4.36939764,Natural,True,,SMILES Cc1cn(CC(S)=NCCN2CCOCC2)c(=O)[nH]c1=O
300096,SMILES Nc1ccc(S(=O)(=O)c2ccc(Nc3ccccc3)c(N)c2)cc1,4.18544388,Natural,True,,SMILES Nc1ccc(S(=O)(=O)c2ccc(Nc3ccccc3)c(N)c2)cc1
5436,SMILES C=CCC1(C(C)CCC)C(=O)N=C(S)NC1=O,4.36209822,Natural,True,,SMILES C=CCC1(C(C)CCC)C(=O)N=C(S)NC1=O
400837,SMILES OCC(O)c1nn(-c2ccccc2)c2nc3ccccc3nc12,3.99413681,Natural,True,,SMILES OCC(O)c1nn(-c2ccccc2)c2nc3ccccc3nc12
401518,SMILES NS(=O)(=O)c1ccc(NC(=O)NN=Cc2ccccc2)cc1,4.36593246,Natural,True,,SMILES NS(=O)(=O)c1ccc(NC(=O)NN=Cc2ccccc2)cc1
400253,SMILES O=C1N2Cc3ccccc3NC2CC1(O)C(F)(F)F,3.73143768,Natural,True,,SMILES O=C1N2Cc3ccccc3NC2CC1(O)C(F)(F)F
201264,SMILES C[N+](C)(C)CCC(=O)c1ccccc1,3.05584455,Natural,True,,SMILES C[N+](C)(C)CCC(=O)c1ccccc1
50030,SMILES O=C(O)COc1cc(Cl)cc(Cl)n1,3.90339017,Natural,True,,SMILES O=C(O)COc1cc(Cl)cc(Cl)n1
401745,SMILES COC(=O)C12CCC3CN(S(=O)(=O)c4ccc(C)cc4)C(C(c4ccccc4)N1)C32,4.83953714,Natural,True,,SMILES COC(=O)C12CCC3CN(S(=O)(=O)c4ccc(C)cc4)C(C(c4ccccc4)N1)C32
5936,SMILES CC(C)OP(=O)(F)OC(C)C,4.15676785,Natural,True,,SMILES CC(C)OP(=O)(F)OC(C)C
200460,,3.17161751,Natural,False,,
200032,,3.68984914,Natural,False,,
200340,,4.30220175,Natural,False,,
20184,SMILES CCN(CC)CCOC(=O)COc1ccc(Cl)cc1,3.19344258,Natural,True,,SMILES CCN(CC)CCOC(=O)COc1ccc(Cl)cc1
200520,,4.45543289,Natural,False,,
6400,SMILES OCC(Br)(Br)Br,3.14833188,Natural,True,,SMILES OCC(Br)(Br)Br
201234,SMILES Cc1c(C)n(C)n(-c2ccccc2)c1=O,3.73985744,Natural,True,,SMILES Cc1c(C)n(C)n(-c2ccccc2)c1=O
300783,SMILES CC(C)(C)C1CCC(C(N)=O)CC1,3.86533761,Natural,True,,SMILES CC(C)(C)C1CCC(C(N)=O)CC1
201880,SMILES OC(CN1CCOCC1)c1cc(-c2ccccc2)no1,3.58327556,Natural,True,,SMILES OC(CN1CCOCC1)c1cc(-c2ccccc2)no1
401813,SMILES CN(CCN1CCCC1)CC(O)c1ccccc1,3.39447594,Natural,True,,SMILES CN(CCN1CCCC1)CC(O)c1ccccc1
300755,SMILES c1ccc(N(c2ccccn2)c2ccccn2)nc1,3.66594672,Natural,True,,SMILES c1ccc(N(c2ccccn2)c2ccccn2)nc1
300840,SMILES CC(=O)Nc1ccc(C=C(C#N)c2ccc(C)cc2)cc1,4.08727407,Natural,True,,SMILES CC(=O)Nc1ccc(C=C(C#N)c2ccc(C)cc2)cc1
201251,SMILES COc1ccccc1-c1nnc(N)o1,3.18204308,Natural,True,,SMILES COc1ccccc1-c1nnc(N)o1
300039,SMILES CCCCCCCCCCCC(C)(O)C#N,3.68519688,Natural,True,,SMILES CCCCCCCCCCCC(C)(O)C#N
5626,SMILES CCCN(CCC)C1Cc2cc(OC)c(OC)cc2C1,3.83252501,Natural,True,,SMILES CCCN(CCC)C1Cc2cc(OC)c(OC)cc2C1
301115,SMILES CC(C1CCCC1)C1CCCC1,4.3845973,Natural,True,,SMILES CC(C1CCCC1)C1CCCC1
200501,,3.42618108,Natural,False,,
401235,SMILES C#Cc1nc2c(=O)n(C)c(=O)n3c2n1CCC3,4.09843826,Natural,True,,SMILES C#Cc1nc2c(=O)n(C)c(=O)n3c2n1CCC3
400262,SMILES COC(=O)OCC(C)=C1CN2C(=O)OCC2C1CC(=O)N1C(=O)OCC1(C)C,4.33821726,Natural,True,,SMILES COC(=O)OCC(C)=C1CN2C(=O)OCC2C1CC(=O)N1C(=O)OCC1(C)C
50107,SMILES CCOC(=O)CNc1nc(Cl)nc(NC(C)C)n1,3.75137448,Natural,True,,SMILES CCOC(=O)CNc1nc(Cl)nc(NC(C)C)n1
300105,SMILES Cc1ccc(C2c3c(nc[nH]c3=O)OC2(C)C)cc1,5.1930356,Natural,True,,SMILES Cc1ccc(C2c3c(nc[nH]c3=O)OC2(C)C)cc1
201485,SMILES CN1CCC(C(O)(c2ccccc2)c2ccccc2)CC1,4.08110905,Natural,True,,SMILES CN1CCC(C(O)(c2ccccc2)c2ccccc2)CC1
300896,SMILES CCOc1ccccc1NCN1C(=O)c2ccccc2C1=O,4.5230732,Natural,True,,SMILES CCOc1ccccc1NCN1C(=O)c2ccccc2C1=O
400694,SMILES CC1=NN(c2nc(N)nc(-c3ccco3)n2)C(C)(C)C1,4.68931532,Natural,True,,SMILES CC1=NN(c2nc(N)nc(-c3ccco3)n2)C(C)(C)C1
200161,,4.21855831,Natural,False,,
200339,,3.78932571,Natural,False,,
201630,SMILES CC[N+](CC)(CC)CCOC(=O)C(O)(c1ccccc1)c1ccccc1,3.98127675,Natural,True,,SMILES CC[N+](CC)(CC)CCOC(=O)C(O)(c1ccccc1)c1ccccc1
201906,SMILES O=C1CCC2(c3cccs3)OCCCN12,3.40986443,Natural,True,,SMILES O=C1CCC2(c3cccs3)OCCCN12
300850,SMILES O=c1oc(-c2ccc([N+](=O)[O-])cc2)nc2cc(Cl)ccc12,4.42718887,Natural,True,,SMILES O=c1oc(-c2ccc([N+](=O)[O-])cc2)nc2cc(Cl)ccc12
21040,SMILES Clc1ccc2nc(-c3ccccc3)[nH]c2c1,3.6888721,Natural,True,,SMILES Clc1ccc2nc(-c3ccccc3)[nH]c2c1
914,SMILES CNC(Cc1c[nH]c2ccccc12)C(=O)O,3.14071655,Natural,True,,SMILES CNC(Cc1c[nH]c2ccccc12)C(=O)O
20372,SMILES CCCC1(C)OCC(CO)O1,3.51986432,Natural,True,,SMILES CCCC1(C)OCC(CO)O1
301220,SMILES CC1(C)CN=C(SC(=O)c2ccc([N+](=O)[O-])cc2)S1,4.74250841,Natural,True,,SMILES CC1(C)CN=C(SC(=O)c2ccc([N+](=O)[O-])cc2)S1
201274,SMILES CC12CCC3C4CCC(=O)CC4CCC3C1CCC2C(=O)COC(=O)CCC(=O)O,5.43171072,Natural,True,,SMILES CC12CCC3C4CCC(=O)CC4CCC3C1CCC2C(=O)COC(=O)CCC(=O)O
6532,SMILES C=CC(C)(CCC=C(C)C)OC(=O)C(C)C,4.18276453,Natural,True,,SMILES C=CC(C)(CCC=C(C)C)OC(=O)C(C)C
21009,SMILES COC(=O)c1ccccc1S,3.70814824,Natural,True,,SMILES COC(=O)c1ccccc1S
300620,SMILES COCCN=C(N)C(N)=NCCOC,3.81462169,Natural,True,,SMILES COCCN=C(N)C(N)=NCCOC
6980,SMILES O=[N+]([O-])c1cc(Cl)ccc1O,3.2685554,Natural,True,,SMILES O=[N+]([O-])c1cc(Cl)ccc1O
863,SMILES NC(=O)CCCCC1CCSS1,3.39326859,Natural,True,,SMILES NC(=O)CCCCC1CCSS1
50042,SMILES CCCOc1ccccc1NC(=O)OCC[NH+](C)C,3.29597569,Natural,True,,SMILES CCCOc1ccccc1NC(=O)OCC[NH+](C)C
5514,SMILES CC1(C)OC2COC3(COS(N)(=O)=O)OC(C)(C)OC3C2O1,4.00860643,Natural,True,,SMILES CC1(C)OC2COC3(COS(N)(=O)=O)OC(C)(C)OC3C2O1
401445,SMILES CCOC(=O)C(NC(=O)c1ccco1)(Sc1nc2ccccc2s1)C(F)(F)F,4.61544371,Natural,True,,SMILES CCOC(=O)C(NC(=O)c1ccco1)(Sc1nc2ccccc2s1)C(F)(F)F
20870,SMILES CNC(=O)c1ccc(N=C(N)N=C(N)N)cc1,3.46281123,Natural,True,,SMILES CNC(=O)c1ccc(N=C(N)N=C(N)N)cc1
5795,SMILES CCN(CC)CCOC(=O)c1ccc(N)cc1,3.11486697,Natural,True,,SMILES CCN(CC)CCOC(=O)c1ccc(N)cc1
300606,SMILES CCC(=O)NC(=O)C(=O)NC(=O)CC,2.98147845,Natural,True,,SMILES CCC(=O)NC(=O)C(=O)NC(=O)CC
6875,SMILES Nc1ccccc1C(=O)OCCC1CCCCN1,3.22100949,Natural,True,,SMILES Nc1ccccc1C(=O)OCCC1CCCCN1
400953,SMILES CCOC(=O)Cn1nc2ccc(N=c3c(C)[n+]([O-])c4cc(F)c(OCC)cc4n3O)cc2n1,5.80987597,Natural,True,,SMILES CCOC(=O)Cn1nc2ccc(N=c3c(C)[n+]([O-])c4cc(F)c(OCC)cc4n3O)cc2n1
400071,SMILES CCOC(S)=NCc1ccc(OC2OC(C)C(O)C(O)C2O)cc1,3.32487106,Natural,True,,SMILES CCOC(S)=NCc1ccc(OC2OC(C)C(O)C(O)C2O)cc1
300665,SMILES O=[N+]([O-])c1cccc(S(=O)(=O)Oc2ccc(-c3ccccc3)cc2)c1,4.15157175,Natural,True,,SMILES O=[N+]([O-])c1cccc(S(=O)(=O)Oc2ccc(-c3ccccc3)cc2)c1
5455,SMILES CN(C)C(=S)SSC(=S)N(C)C,2.71985626,Natural,True,,SMILES CN(C)C(=S)SSC(=S)N(C)C
201633,SMILES O=[N+]([O-])c1ccc(C(N2CCOCC2)N2CCOCC2)cc1,4.06023788,Natural,True,,SMILES O=[N+]([O-])c1ccc(C(N2CCOCC2)N2CCOCC2)cc1
6091,SMILES CCCN(CCC)CCc1c[nH]c2ccccc12,3.6765964,Natural,True,,SMILES CCCN(CCC)CCc1c[nH]c2ccccc12
401970,SMILES O=c1[nH][nH]c(-c2ccccc2)c2nc3c(c1-2)Cc1ccccc1-3,4.36141396,Natural,True,,SMILES O=c1[nH][nH]c(-c2ccccc2)c2nc3c(c1-2)Cc1ccccc1-3
21125,SMILES OC(c1ccc(Cl)cc1)c1nc2ccccc2[nH]1,3.31268692,Natural,True,,SMILES OC(c1ccc(Cl)cc1)c1nc2ccccc2[nH]1
401178,SMILES Clc1ncnc2c1nc(C#Cc1ccccc1)n2Cc1ccccc1,5.30614042,Natural,True,,SMILES Clc1ncnc2c1nc(C#Cc1ccccc1)n2Cc1ccccc1
200587,,3.40909648,Natural,False,,
200368,,3.21105313,Natural,False,,
77,SMILES CC(C)C(O)(CC(=O)O)C(=O)O,3.26617646,Natural,True,,SMILES CC(C)C(O)(CC(=O)O)C(=O)O
201163,SMILES CC(C)CC(NC(=O)c1ccccc1)C(=O)NOC(=O)c1ccccc1,4.44010973,Natural,True,,SMILES CC(C)CC(NC(=O)c1ccccc1)C(=O)NOC(=O)c1ccccc1
