mw,logp,tpsa,hbd,hba,rotatable_bonds,aromatic_rings,fraction_csp3,num_heavy_atoms,num_rings,qed,lipinski_violations,veber_violations,pains_alerts,permeability_score,pgp_risk,compound_id,smiles,cnn_affinity,type,drug_name,mw_bin,label,ml_score_corrected,composite_corrected,rank_corrected
749.956,5.254120000000005,156.89,2,10,8,3,0.5526315789473685,52,7,0.293723959783343,2,1,0,0.0,1,fda_1628,COc1ccc2c(O[C@@H]3C[C@H]4C(=O)N[C@]5(C(=O)NS(=O)(=O)C6CC6)C[C@H]5/C=C\CCCCN(C)C(=O)[C@@H]4C3)cc(-c3nc(C(C)C)cs3)nc2c1C,6.50695038,FDA,SIMEPREVIR,XL,1,0.9252501,0.6850608322675017,549.0
365.8420000000001,2.714120000000001,92.5,2,4,2,2,0.1875,24,3,0.8553020577996142,0,0,0,0.3392857142857143,0,fda_1149,Cc1ccccc1N1C(=O)c2cc(S(N)(=O)=O)c(Cl)cc2N[C@H]1C,5.24769831,FDA,METOLAZONE,M,-1,0.8708803,0.7374530831005288,280.0
360.429,3.675200000000003,52.61,1,5,12,2,0.35,26,2,0.5854024605222118,0,1,0,0.6242142857142857,0,fda_1775,CNc1ccc(/C=C/c2ccc(OCCOCCOCCF)nc2)cc1,4.70371199,FDA,FLORBETAPIR,M,-1,0.21627754,0.48208810196832325,1284.0
454.3320000000002,-2.8705599999999976,213.75,4,12,7,1,0.4117647058823529,31,3,0.2101942403384005,1,1,0,0.0,0,fda_1324,Cc1cc2nc3c(=O)[nH]c(=O)nc-3n(C[C@H](O)[C@H](O)[C@H](O)COP(=O)([O-])[O-])c2cc1C,4.64546061,FDA,RIBOFLAVIN PHOSPHATE,L,-1,0.008102034,0.2785854304811763,1993.0
499.6190000000003,4.509800000000003,87.55,2,8,10,4,0.25,37,4,0.3105348061023151,0,0,0,0.3746428571428571,1,fda_1812,C=CC(=O)Nc1cc(Nc2nccc(-c3cn(C)c4ccccc34)n2)c(OC)cc1N(C)CCN(C)C,5.13331795,FDA,OSIMERTINIB,XL,-1,0.78889906,0.600397762058914,890.0
521.5960000000002,-2.4744,270.21999999999997,2,17,8,2,0.5,31,3,0.2685718496326046,2,1,0,0.0,1,fda_1682,Nc1nc(Cl)nc2c1ncn2[C@H]1C[C@H](O)[C@@H](CO[P@](=O)([O-])O[P@@](=O)([O-])OP(=O)([O-])[O-])O1,4.74180841,FDA,M CLADRIBINE,XL,0,0.0107871005,0.2969992842683277,1931.0
551.7690000000003,3.2935000000000043,146.13,4,7,19,1,0.7333333333333333,39,1,0.1929941025707706,1,2,0,0.0,0,fda_1307,COCCCOc1cc(C[C@@H](C[C@H](N)[C@@H](O)C[C@H](C(=O)NCC(C)(C)C(N)=O)C(C)C)C(C)C)ccc1OC,5.60153198,FDA,ALISKIREN,XL,-1,0.060191277,0.3496442172584052,1752.0
152.113,-1.0605000000000004,94.4,3,3,0,2,0.0,11,2,0.4486681238776369,0,0,0,0.3257142857142856,0,fda_1755,O=c1[nH]c(=O)c2cn[nH]c2[nH]1,4.11631584,FDA,M ALLOPURINOL,XS,1,0.86920005,0.5845978979836777,934.0
436.5550000000003,-0.7570999999999966,112.6,1,8,8,1,0.55,29,3,0.5661132077880987,0,0,0,0.1957142857142857,0,fda_1681,C[C@H](N[C@@H](CCc1ccccc1)C(=O)[O-])C(=O)N1CC2(C[C@H]1C(=O)[O-])SCCS2,4.43182135,FDA,SPIRAPRILAT,L,0,0.04219334,0.3664127716519031,1681.0
292.37899999999996,1.6990999999999998,70.58999999999999,3,4,5,1,0.5625,21,2,0.7723075202218123,0,0,0,0.4957857142857144,0,fda_1180,CC(C)(C)NC[C@H](O)COc1cccc2c1CCC(=O)N2,3.21930432,FDA,CARTEOLOL,S,0,0.027274339,0.35851987254819995,1728.0
358.39300000000014,0.9455199999999992,77.4,1,6,3,2,0.4736842105263157,26,4,0.8838535055660096,0,0,0,0.447142857142857,0,fda_1199,Cc1c(F)c(N2CCN[C@H](C)C2)cc2c1c(=O)c(C(=O)[O-])cn2C1CC1,4.80435896,FDA,GREPAFLOXACIN,M,-1,0.9547314,0.7518048697222498,199.0
604.7209999999999,-0.0373999999999988,179.7,2,14,9,3,0.2727272727272727,39,5,0.1448488994610021,2,1,0,0.0,1,fda_1566,CCO/N=C(\C(=O)N[C@@H]1C(=O)N2C(C(=O)[O-])=C(Sc3nc(-c4cc[n+](C)cc4)cs3)CS[C@H]12)c1nsc(N)n1,4.83029604,FDA,M CEFTAROLINE,XL,-1,0.20924169,0.33723988229529317,1800.0
404.55100000000016,3.4323000000000023,71.03000000000002,2,5,11,1,0.6956521739130435,29,3,0.5530897750136828,0,1,0,0.492642857142857,0,fda_1728,CCCCCCCC(=O)N[C@H](CN1CCCC1)[C@H](O)c1ccc2c(c1)OCCO2,4.53364134,FDA,ELIGLUSTAT,L,-1,0.11177416,0.42064496423904413,1488.0
670.855,3.092400000000003,166.75,5,7,12,3,0.5,49,5,0.1975020712188346,1,2,0,0.0,1,fda_1268,CC(C)(C)NC(=O)[C@@H]1C[C@@H]2CCCC[C@@H]2CN1C[C@@H](O)[C@H](Cc1ccccc1)NC(=O)[C@H](CC(N)=O)NC(=O)c1ccc2ccccc2n1,5.4330163,FDA,SAQUINAVIR,XL,-1,0.54966086,0.48700999273855716,1268.0
612.6320000000002,3.6271200000000023,200.00999999999996,5,11,8,3,0.3870967741935484,44,4,0.183746289747101,2,1,0,0.0,1,fda_1000,CO[C@@H]1[C@@H](OC(N)=O)[C@@H](O)[C@H](Oc2ccc3c(O)c(NC(=O)c4ccc(O)c(CC=C(C)C)c4)c(=O)oc3c2C)OC1(C)C,5.71098089,FDA,NOVOBIOCIN,XL,-1,0.34342197,0.43950340180060865,1418.0
404.5070000000002,2.423,68.31,0,6,6,1,0.6363636363636364,29,3,0.6786181154392725,0,0,0,0.5120714285714285,0,fda_1460,CCN(CC)C(=O)[C@H]1CN2CCc3cc(OC)c(OC)cc3[C@@H]2C[C@H]1OC(C)=O,4.1828413,FDA,BENZQUINAMIDE,L,0,0.6328856,0.5824256906794362,946.0
265.356,3.620200000000003,21.26,1,2,3,2,0.2222222222222222,20,3,0.8558224264516979,0,0,0,0.8481428571428572,0,fda_1747,CNCC/C=C1\c2ccccc2COc2ccccc21,4.11050367,FDA,M DOXEPIN,S,-1,0.87334967,0.7191585922489402,370.0
448.9500000000001,5.683140000000005,69.64,2,3,3,3,0.2307692307692307,32,4,0.540891219756549,1,0,0,0.5025714285714286,1,fda_1492,Cc1ccccc1C(=O)Nc1ccc(C(=O)N2CCC[C@H](O)c3cc(Cl)ccc32)c(C)c1,5.44702864,FDA,TOLVAPTAN,L,-1,0.9369163,0.7229844535948391,347.0
341.4510000000001,3.2414000000000023,58.559999999999995,2,4,11,2,0.3809523809523809,25,2,0.4865357366381187,0,1,0,0.5817142857142857,0,fda_1178,CCCNC[C@@H](O)COc1ccccc1C(=O)CCc1ccccc1,3.94263721,FDA,PROPAFENONE,M,0,0.020819688,0.3525626731370343,1741.0
541.5690000000002,-2.251999999999996,207.73999999999995,3,13,9,2,0.3333333333333333,35,4,0.1742795027162374,2,1,0,0.0,1,fda_1039,O=C([O-])C1=C(CSc2nnnn2CS(=O)(=O)O)CS[C@@H]2[C@H](NC(=O)[C@H](O)c3ccccc3)C(=O)N12,4.51875544,FDA,CEFONICID,XL,0,0.0062128045,0.263033585226767,2025.0
89.07,-1.8829,60.36,1,3,1,0,0.6666666666666666,6,0,0.4085864124474562,0,0,0,0.5688571428571428,0,fda_1202,C[C@H](O)C(=O)[O-],2.7041328,FDA,LACTIC ACID,XS,0,0.061758388,0.27170527363633146,2012.0
302.34900000000005,2.3681,64.35,2,3,7,2,0.2352941176470588,22,2,0.8250455320199923,0,0,0,0.540357142857143,0,fda_1827,C[C@H](NCc1ccc(OCc2cccc(F)c2)cc1)C(N)=O,3.31493688,FDA,SAFINAMIDE,S,0,0.1563414,0.41813350709175956,1494.0
614.4830000000003,3.4326000000000025,136.82000000000002,1,7,7,4,0.2068965517241379,41,5,0.3369312317444118,1,0,0,0.0227142857142855,1,fda_1824,CS(=O)(=O)c1cccc(C[C@H](NC(=O)c2c(Cl)cc3c(c2Cl)CCN(C(=O)c2ccc4ccoc4c2)C3)C(=O)[O-])c1,5.02756929,FDA,LIFITEGRAST,XL,-1,0.88938177,0.594117296784578,904.0
613.8030000000003,2.8669000000000016,118.03000000000002,4,7,11,3,0.4722222222222222,45,5,0.2628234200956571,1,1,0,0.1569285714285713,1,fda_1271,CC(C)(C)NC(=O)[C@@H]1CN(Cc2cccnc2)CCN1C[C@@H](O)C[C@@H](Cc1ccccc1)C(=O)N[C@H]1c2ccccc2C[C@H]1O,5.06193924,FDA,INDINAVIR,XL,-1,0.6154167,0.5126440474389344,1194.0
181.162,-1.5621999999999985,92.17,2,4,5,0,0.8333333333333334,12,0,0.5360122413008694,0,0,0,0.3416428571428571,0,fda_1558,NCCC[C@@](N)(C(=O)[O-])C(F)F,3.29629827,FDA,EFLORNITHINE,XS,-1,0.11061865,0.3255908856662963,1853.0
489.9310000000001,5.544200000000004,91.92,2,4,7,4,0.1304347826086956,33,4,0.3330906331966008,1,0,0,0.3434285714285714,1,fda_1528,CCCS(=O)(=O)Nc1ccc(F)c(C(=O)c2c[nH]c3ncc(-c4ccc(Cl)cc4)cc23)c1F,5.40291452,FDA,VEMURAFENIB,XL,-1,0.9843774,0.6770319615583675,586.0
602.9050000000001,3.633500000000006,59.08,0,6,4,0,0.9428571428571428,43,6,0.3620424161456103,1,0,0,0.5780000000000001,0,fda_1248,CC(=O)O[C@H]1C[C@@H]2CC[C@@H]3[C@H](CC[C@@]4(C)[C@H]3C[C@H](N3CC[N+](C)(C)CC3)[C@@H]4OC(C)=O)[C@@]2(C)C[C@@H]1N1CC[N+](C)(C)CC1,6.06469393,FDA,PIPECURONIUM,XL,1,0.82796067,0.7001048523078703,475.0
323.371,2.979300000000001,56.92,3,2,3,3,0.2105263157894736,24,4,0.6939222125348533,0,0,0,0.5934285714285714,0,fda_1826,CNCc1ccc(-c2[nH]c3cc(F)cc4c3c2CCNC4=O)cc1,5.04596853,FDA,RUCAPARIB,M,-1,0.9871837,0.7530604871834182,192.0
278.4190000000001,4.358700000000004,0.0,0,0,2,2,0.3,21,3,0.7160780584944451,0,0,0,1.0,0,fda_106,C[N+]1(C)CCC(=C(c2ccccc2)c2ccccc2)CC1,4.52620554,FDA,DIPHEMANIL,S,-1,0.60013336,0.650028226795001,707.0
254.28599999999997,-0.1878999999999994,93.81,3,5,6,1,0.4166666666666667,18,1,0.6540368201081147,0,0,0,0.3299285714285714,0,fda_1187,COc1ccc(OC)c([C@H](O)CNC(=O)CN)c1,3.44303036,FDA,MIDODRINE,S,0,0.003932078,0.3250537259412739,1859.0
545.6290000000004,2.5807,123.99000000000002,2,10,9,1,0.6551724137931034,39,5,0.4476247910169288,1,0,0,0.1143571428571427,0,fda_1594,COC(=O)C[C@](O)(CCCC(C)(C)O)C(=O)O[C@@H]1C(OC)=C[C@]23CCCN2CCc2cc4c(cc2[C@H]13)OCO4,5.15336227,FDA,OMACETAXINE MEPESUCCINATE,XL,-1,0.5821744,0.5410040613334826,1117.0
283.348,-0.527799999999998,104.48,2,5,6,0,0.7142857142857143,20,1,0.6817577267914008,0,0,0,0.2537142857142858,0,fda_1561,CCC(CC)O[C@@H]1C=C(C(=O)[O-])C[C@H](N)[C@H]1NC(C)=O,4.08763361,FDA,M OSELTAMIVIR,S,-1,0.06696835,0.38158011824911087,1632.0
319.4450000000001,3.029900000000002,41.93,1,4,4,1,0.6842105263157895,23,3,0.9261145183663508,0,0,0,0.7005,0,fda_1638,COc1cc2c(cc1OC)[C@@H]1C[C@H](O)[C@@H](CC(C)C)CN1CC2,4.25459814,FDA,M TETRABENAZINE,M,-1,0.7569489,0.6924054047647976,512.0
129.09099999999998,-1.5345000000000004,66.43,0,4,2,0,0.2,9,0,0.3346886538696794,0,0,0,0.5255,0,fda_1624,COC(=O)/C=C/C(=O)[O-],4.53428936,FDA,MONOMETHYL FUMARATE,XS,1,0.812632,0.5905477200211136,913.0
412.6140000000003,6.400500000000007,43.370000000000005,0,3,4,0,0.8518518518518519,30,5,0.5017591238230259,1,0,0,0.6902142857142857,0,fda_1335,C[C@]12CC[C@H]3[C@@H](CCC4=CC(=O)CC[C@@]43C)[C@@H]1CC[C@@H]2OC(=O)CCC1CCCC1,6.27472258,FDA,TESTOSTERONE CYPIONATE,L,1,0.9918767,0.8013773646552359,34.0
181.162,-1.5621999999999985,92.17,2,4,5,0,0.8333333333333334,12,0,0.5360122413008694,0,0,0,0.3416428571428571,0,fda_1402,NCCC[C@](N)(C(=O)[O-])C(F)F,2.75194836,FDA,EFLORNITHINE,XS,0,0.11061865,0.29207143170517796,1951.0
456.3220000000001,4.245200000000003,90.93,1,7,7,1,0.3809523809523809,30,2,0.4847733126082574,0,0,0,0.3505,0,fda_1439,CCCC(=O)OCOC(=O)C1=C(C)NC(C)=C(C(=O)OC)[C@H]1c1cccc(Cl)c1Cl,4.44425201,FDA,CLEVIDIPINE,L,-1,0.08314762,0.3786750940429354,1642.0
402.48700000000014,2.1284,100.90000000000002,2,6,3,0,0.6956521739130435,29,4,0.7016123362777874,0,0,0,0.2792857142857141,0,fda_172,CC(=O)OCC(=O)[C@@]1(O)CC[C@H]2[C@@H]3CCC4=CC(=O)C=C[C@]4(C)[C@H]3[C@@H](O)C[C@@]21C,5.64298868,FDA,PREDNISOLONE ACETATE,L,-1,0.9900919,0.7608194204271325,162.0
233.31099999999995,2.0852999999999997,38.33,1,3,3,1,0.5,17,2,0.8123400616112664,0,0,0,0.7262142857142857,0,fda_180,COC(=O)[C@@H](c1ccccc1)[C@@H]1CCCCN1,3.19584346,FDA,METHYLPHENIDATE,XS,-1,0.029894112,0.38891051969486096,1602.0
135.20999999999998,1.5763,26.02,1,1,2,1,0.3333333333333333,10,1,0.6542162175383444,0,0,0,0.8141428571428572,0,fda_1332,C[C@H](N)Cc1ccccc1,2.81100678,FDA,DEXTROAMPHETAMINE,XS,0,0.05524155,0.3499857380133695,1750.0
510.56300000000016,-2.204499999999997,193.64000000000004,2,15,8,2,0.375,33,4,0.1685610297305967,2,1,0,0.0,1,fda_1036,CO/N=C(\C(=O)N[C@@H]1C(=O)N2C(C(=O)[O-])=C(CSc3nnnn3C)CS[C@H]12)c1csc(N)n1,4.98890781,FDA,CEFMENOXIME,XL,-1,0.013595534,0.29305529873222674,1946.0
205.301,2.599600000000001,20.31,0,2,5,1,0.4615384615384615,15,1,0.6885993839924636,0,0,0,0.8549285714285714,0,fda_1119,CCN(CC)[C@H](C)C(=O)c1ccccc1,3.42219257,FDA,DIETHYLPROPION,XS,-1,0.1830752,0.4369260480498066,1433.0
149.19,-1.734699999999999,63.93000000000001,3,4,6,0,1.0,10,0,0.419530358360434,0,0,0,0.5433571428571429,0,fda_1342,OCCN(CCO)CCO,2.56090617,FDA,TROLAMINE,XS,0,0.019827567,0.2499453445889168,2055.0
247.3379999999999,2.2131,29.54,0,3,3,1,0.5333333333333333,18,2,0.7669944339918414,0,0,0,0.789,0,fda_14,CCOC(=O)C1(c2ccccc2)CCN(C)CC1,3.99196529,FDA,MEPERIDINE,XS,-1,0.44526428,0.5597538380126711,1038.0
293.37000000000006,3.1285200000000017,39.82,0,4,2,3,0.3333333333333333,22,4,0.7280085381147323,0,0,0,0.7155714285714285,0,fda_1192,Cc1nccn1C[C@H]1CCc2c(c3ccccc3n2C)C1=O,3.9746542,FDA,ONDANSETRON,S,-1,0.98819655,0.7064275415127249,440.0
245.32199999999995,2.2512,38.33,1,2,4,1,0.5333333333333333,18,3,0.8832265983704791,0,0,0,0.7262142857142857,0,fda_1736,CCC(=O)NC[C@@H]1C[C@H]1c1cccc2c1CCO2,3.6575706,FDA,TASIMELTEON,XS,-1,0.41718954,0.5477082461934148,1087.0
502.9540000000002,-0.7574999999999965,154.45,3,10,9,0,0.9444444444444444,31,2,0.2705308269334761,1,1,0,0.0,0,fda_1445,CCC[C@@H]1C[C@@H](C(=O)N[C@@H]([C@H]2O[C@H](SC)[C@H](OP(=O)([O-])[O-])[C@@H](O)[C@H]2O)[C@H](C)Cl)N(C)C1,3.81997371,FDA,CLINDAMYCIN PHOSPHATE,XL,0,0.041865386,0.2499507169555984,2054.0
482.82100000000014,5.688800000000002,92.35,3,4,5,3,0.0952380952380952,33,3,0.4073596452034195,1,0,0,0.3403571428571428,1,fda_1585,CNC(=O)c1cc(Oc2ccc(NC(=O)Nc3ccc(Cl)c(C(F)(F)F)c3)c(F)c2)ccn1,5.22351837,FDA,REGORAFENIB,XL,-1,0.8968675,0.6542789529295184,694.0
162.19,-1.8291999999999993,69.23,2,4,3,0,0.6,10,0,0.4795672584018238,0,0,0,0.5055,0,fda_1397,C[C@@H](S)C(=O)NCC(=O)[O-],2.68835235,FDA,TIOPRONIN,XS,0,0.0497396,0.27498837843696394,2005.0
413.39300000000026,3.993300000000003,47.61000000000001,2,3,5,1,0.65,27,3,0.7675407710648973,0,0,0,0.6599285714285714,0,fda_1795,CNC(=O)N[C@H]1CC[C@H](CCN2CCN(c3cccc(Cl)c3Cl)CC2)CC1,4.85070038,FDA,M CARIPRAZINE,L,-1,0.16514422,0.5157983090787159,1185.0
475.46500000000026,-1.6877999999999973,212.96,3,11,10,3,0.2608695652173913,35,3,0.2813060083578683,1,1,0,0.0,1,fda_1495,C#CC[C@H](Cc1cnc2nc(N)nc(N)c2n1)c1ccc(C(=O)N[C@@H](CCC(=O)[O-])C(=O)[O-])cc1,4.98038483,FDA,PRALATREXATE,L,-1,0.37880313,0.4246417561312502,1477.0
185.22600000000003,2.1459200000000003,22.0,0,2,1,2,0.0833333333333333,14,2,0.6668204072157461,0,0,0,0.8428571428571429,0,fda_1739,Cc1ccc(=O)n(-c2ccccc2)c1,3.54147339,FDA,PIRFENIDONE,XS,-1,0.56942713,0.5546136558051332,1053.0
308.333,3.609600000000002,67.50999999999999,1,4,4,3,0.1578947368421052,23,3,0.799206301564618,0,0,0,0.5177857142857143,0,fda_147,CC(=O)C[C@@H](c1ccccc1)c1c(O)oc2ccccc2c1=O,4.85922766,FDA,WARFARIN,S,1,0.9681501,0.7493439748482037,212.0
407.57600000000014,5.675500000000006,58.59,0,4,20,0,1.0,27,0,0.148054699506973,1,1,0,0.5814999999999999,0,fda_1732,CCCCCCCCCCCCCCCCO[P@@](=O)([O-])OCC[N+](C)(C)C,4.62231779,FDA,MILTEFOSINE,L,-1,0.7968019,0.5594924290698619,1039.0
378.899,5.645700000000005,29.46,1,2,8,3,0.1666666666666666,27,3,0.4053557584634295,1,0,0,0.7895714285714286,0,fda_1597,OCCOc1ccc(/C(=C(/CCCl)c2ccccc2)c2ccccc2)cc1,4.97705078,FDA,OSPEMIFENE,M,-1,0.5616435,0.5830556537700241,941.0
379.50000000000017,4.361100000000004,38.77,0,4,6,2,0.4583333333333333,28,4,0.7474614915624849,0,0,0,0.7230714285714286,0,fda_1198,COc1cc2c(cc1OC)C(=O)[C@H](CC1CCN(Cc3ccccc3)CC1)C2,4.88029289,FDA,DONEPEZIL,M,-1,0.64517885,0.6639293602059628,644.0
1056.2389999999998,-4.329100000000012,425.54999999999984,13,16,19,2,0.5,73,4,0.0467371473973945,3,2,0,0.0,1,fda_1367,NCCCC[C@H](NC(=O)[C@@H]1CCCN1C(=O)[C@@H]1CSSC[C@H](N)C(=O)N[C@@H](Cc2ccc(O)cc2)C(=O)N[C@H](Cc2ccccc2)C(=O)N[C@@H](CCC(N)=O)C(=O)N[C@@H](CC(N)=O)C(=O)N1)C(=O)NCC(N)=O,4.6994195,FDA,LYPRESSIN,XL,0,0.7237242,0.4639032949088223,1328.0
163.264,2.2271,12.03,1,1,3,1,0.4545454545454545,12,1,0.7201830349328019,0,0,0,0.9140714285714284,0,fda_112,CNC(C)(C)Cc1ccccc1,2.91908836,FDA,MEPHENTERMINE,XS,0,0.03193858,0.3728364100877813,1659.0
232.27999999999992,1.2294000000000005,104.64,2,4,6,0,0.8,16,0,0.7179858695750139,0,0,0,0.2525714285714286,0,fda_1376,CC[C@H](C)C(C)(COC(N)=O)COC(N)=O,3.77110028,FDA,MEBUTAMATE,XS,-1,0.29201213,0.4367334149160621,1434.0
373.44900000000007,3.891000000000003,46.61,0,5,5,2,0.4,26,4,0.7462318337051916,0,0,0,0.6670714285714285,0,fda_1474,CC(=O)Oc1cc2c(s1)CCN([C@H](C(=O)C1CC1)c1ccccc1F)C2,4.61686516,FDA,PRASUGREL,M,-1,0.86204004,0.7069206953061808,439.0
588.2820000000002,3.572700000000003,128.22000000000003,2,8,11,3,0.2631578947368421,32,3,0.3258129796797541,1,1,0,0.0841428571428569,1,fda_1615,CCCNS(=O)(=O)Nc1ncnc(OCCOc2ncc(Br)cn2)c1-c1ccc(Br)cc1,4.9793725,FDA,MACITENTAN,XL,-1,0.56154853,0.4967187293872266,1239.0
194.237,2.970200000000001,38.91,1,2,0,3,0.0,15,3,0.558615089468334,0,0,1,0.7220714285714286,0,fda_1130,Nc1c2ccccc2nc2ccccc12,3.4243381,FDA,ACRISORCIN,XS,-1,0.87906456,0.5065724080464873,1215.0
459.5060000000003,2.699600000000001,110.76,1,6,5,3,0.28,34,5,0.6307445123645383,0,0,0,0.2088571428571429,1,fda_1571,COc1ccc(-n2nc(C(N)=O)c3c2C(=O)N(c2ccc(N4CCCCC4=O)cc2)CC3)cc1,6.06077814,FDA,APIXABAN,L,1,0.9130995,0.7422315113645848,246.0
221.256,1.7906399999999998,47.56,1,3,3,1,0.4166666666666667,16,2,0.8460710155484404,0,0,0,0.6602857142857143,0,fda_1134,Cc1cc(C)cc(OC[C@@H]2CNC(=O)O2)c1,3.34436345,FDA,METAXALONE,XS,-1,0.48776755,0.535571307227245,1136.0
620.735,2.2981199999999986,175.40000000000003,2,14,9,2,0.4,41,4,0.1383168578348206,2,1,0,0.0,1,fda_1425,CO/N=C(\C(=O)N[C@@H]1C(=O)N2C(C(=O)OCOC(=O)C(C)(C)C)=C(/C=C\c3scnc3C)CS[C@H]12)c1csc(N)n1,5.49285269,FDA,CEFDITOREN PIVOXIL,XL,-1,0.054593172,0.33033718812006296,1828.0
167.296,2.4206000000000003,12.03,1,1,1,0,1.0,12,2,0.632181599279575,0,0,0,0.9140714285714284,0,fda_181,CN[C@@]1(C)[C@H]2CC[C@H](C2)C1(C)C,3.55595589,FDA,MECAMYLAMINE,XS,-1,0.9169944,0.6599692873114118,671.0
354.8350000000001,1.2344999999999997,69.67,1,6,4,1,0.375,23,2,0.5001850177708402,0,0,0,0.5023571428571428,0,fda_1564,COC(=O)[C@H](c1ccccc1Cl)N1CC[C@H](S)/C(=C/C(=O)[O-])C1,4.62794828,FDA,M CLOPIDOGREL,M,-1,0.14254807,0.42607475407363027,1475.0
584.105,5.090000000000003,85.86,2,9,8,3,0.4482758620689655,40,5,0.3521921877728202,2,0,0,0.3867142857142857,1,fda_1841,COc1cc(N2CCC(N3CCN(C)CC3)CC2)ccc1Nc1ncc(Cl)c(Nc2ccccc2P(C)(C)=O)n1,4.90723181,FDA,BRIGATINIB,XL,-1,0.68447423,0.5646872106504783,1019.0
1815.708,2.83330000000001,575.3400000000001,20,30,22,7,0.4204545454545454,128,15,0.0433800730318552,3,2,0,0.0,1,fda_1711,CN[C@H]1C(=O)N[C@@H]2Cc3ccc(cc3)Oc3cc4cc(c3O[C@@H]3O[C@H](C(=O)[O-])[C@@H](O)[C@H](O)[C@H]3NC(=O)CCCCCCCCC(C)C)Oc3ccc(cc3Cl)[C@@H](O)[C@@H]3NC(=O)[C@H](NC(=O)[C@@H]4NC(=O)[C@@H](NC2=O)c2cc(cc(O)c2Cl)Oc2cc1ccc2O)c1ccc(O)c(c1)-c1c(O[C@H]2O[C@H](CO)[C@@H](O)[C@H](O)[C@@H]2O)cc(O)cc1[C@@H](C(=O)NCCCN(C)C)NC3=O,6.46600103,FDA,DALBAVANCIN,XL,1,0.90737504,0.6271080046402011,798.0
581.0690000000002,6.139100000000005,106.35,2,8,11,5,0.1724137931034483,40,5,0.1794794929805593,2,1,0,0.2403571428571428,1,fda_1309,CS(=O)(=O)CCNCc1ccc(-c2ccc3ncnc(Nc4ccc(OCc5cccc(F)c5)c(Cl)c4)c3c2)o1,5.74226332,FDA,LAPATINIB,XL,-1,0.9501876,0.6466417378181414,728.0
137.142,-0.3149000000000006,68.00999999999999,2,3,1,1,0.0,10,1,0.3165786787720106,0,0,0,0.5142142857142857,0,fda_117,NNC(=O)c1ccncc1,3.18299389,FDA,ISONIAZID,XS,-1,0.26074514,0.33702231201034333,1802.0
298.34400000000005,-1.7203999999999986,119.05,2,6,6,0,0.5833333333333334,20,2,0.2604540277735749,0,0,0,0.1496428571428572,0,fda_1043,C[C@@H](O)[C@H]1C(=O)N2C(C(=O)[O-])=C(SCC/N=C/N)C[C@H]12,3.1855762,FDA,IMIPENEM,S,0,0.010904807,0.21454715070968625,2097.0
224.26,0.961,75.27000000000001,2,3,4,0,0.5454545454545454,16,1,0.5513835393856523,0,0,0,0.4623571428571428,0,fda_156,C=CCC1([C@H](C)CC)C(=O)NC(=O)NC1=O,4.61890173,FDA,TALBUTAL,XS,1,0.986899,0.685062688556633,548.0
332.353,-2.9255999999999953,129.51,5,9,2,0,0.9285714285714286,23,3,0.3608202823251693,0,0,0,0.0749285714285714,0,fda_1001,CN[C@@H]1[C@H](O)[C@H](NC)[C@H]2O[C@@]3(O)C(=O)C[C@@H](C)O[C@H]3O[C@@H]2[C@H]1O,2.88872075,FDA,SPECTINOMYCIN,M,0,0.041780945,0.21813233623423905,2094.0
322.38800000000003,1.3302000000000005,61.19,0,5,1,2,0.3684210526315789,24,4,0.7945896150211051,0,0,1,0.5629285714285714,0,fda_1541,CN1CCC(=C2c3ccccc3CCn3c(C(=O)[O-])cnc32)CC1,4.61348534,FDA,M ALCAFTADINE,M,-1,0.91565984,0.6220557692755828,814.0
177.247,1.736,21.26,1,2,1,1,0.4545454545454545,13,2,0.705114488465338,0,0,0,0.8481428571428572,0,fda_1764,C[C@H]1NCCO[C@H]1c1ccccc1,2.89153695,FDA,PHENMETRAZINE,XS,0,0.045158904,0.3654994072081822,1688.0
366.4280000000001,4.989100000000003,97.42,2,6,5,3,0.0909090909090909,28,3,0.6174794624332792,0,0,0,0.3041428571428571,0,fda_1516,Cc1cc(/C=C/C#N)cc(C)c1Nc1ccnc(Nc2ccc(C#N)cc2)n1,5.61041641,FDA,RILPIVIRINE,M,1,0.93549645,0.7280942149756192,325.0
183.251,1.1278,46.17,1,2,2,0,0.8,13,1,0.6521582317615695,0,0,0,0.6702142857142857,0,fda_1767,CCC1(CC)C(=O)NC[C@H](C)C1=O,3.55616069,FDA,METHYPRYLON,XS,-1,0.9834833,0.6595382048731373,672.0
271.17299999999994,-1.703699999999999,142.04000000000002,1,9,5,2,0.375,18,2,0.5002251734160523,0,1,0,0.0,0,fda_1644,Nc1ncnc2c1ncn2CCOCP(=O)([O-])[O-],3.8366344,FDA,ADEFOVIR,S,-1,0.026947878,0.2924402503871859,1949.0
354.8350000000001,1.2344999999999997,69.67,1,6,4,1,0.375,23,2,0.5001850177708402,0,0,0,0.5023571428571428,0,fda_1565,COC(=O)[C@H](c1ccccc1Cl)N1CC[C@@H](S)/C(=C/C(=O)[O-])C1,4.66389227,FDA,M CLOPIDOGREL,M,-1,0.14254807,0.42828807843696837,1465.0
195.693,2.589200000000001,12.03,1,1,0,1,0.4545454545454545,13,2,0.6712914663019366,0,0,0,0.9140714285714284,0,fda_1575,C[C@H]1CNCCc2ccc(Cl)cc21,2.96360493,FDA,LORCASERIN,XS,0,0.25059322,0.43139568810106704,1451.0
529.7860000000004,4.407500000000003,59.00000000000001,1,5,5,0,0.90625,38,6,0.3249028216616177,1,0,0,0.5785714285714285,0,fda_1259,C=CC[N+]1([C@H]2C[C@H]3[C@@H]4CC[C@H]5C[C@H](O)[C@@H](N6CCOCC6)C[C@]5(C)[C@H]4CC[C@]3(C)[C@H]2OC(C)=O)CCCC1,6.08955383,FDA,ROCURONIUM,XL,1,0.97287244,0.7377384020589238,278.0
198.222,0.5009999999999999,66.48,1,3,2,0,0.6666666666666666,14,1,0.6569080951365892,0,0,0,0.5251428571428571,0,fda_116,CCC1(CC)C(=O)NC(=O)N(C)C1=O,5.27937651,FDA,METHARBITAL,XS,1,0.96779656,0.747385532013453,222.0
198.15399999999997,-2.430299999999999,89.89999999999999,1,5,2,0,0.5,14,2,0.4981022142507373,0,0,0,0.3578571428571429,0,fda_1034,O=C([O-])[C@H]1/C(=C/CO)O[C@@H]2CC(=O)N21,3.06482768,FDA,CLAVULANATE,XS,-1,0.18865389,0.3287876058692775,1832.0
586.5020000000003,-4.742199999999994,313.32,6,16,9,0,1.0,34,2,0.1380615976675013,3,1,0,0.0,0,fda_1258,O=S(=O)(O)O[C@@H]1[C@@H](OS(=O)(=O)O)[C@H](O[C@@H]2CO[C@@H](O)[C@H](OS(=O)(=O)O)[C@H]2S(=O)(=O)O)OC[C@H]1O,4.14206076,FDA,PENTOSAN POLYSULFATE,XL,0,0.033197142,0.24068956359784338,2070.0
386.48,4.639100000000004,70.67,2,4,5,4,0.0454545454545454,28,4,0.5241908173512972,0,0,0,0.4952142857142857,0,fda_1527,CNC(=O)c1ccccc1Sc1ccc2c(/C=C/c3ccccn3)n[nH]c2c1,5.63194036,FDA,AXITINIB,M,1,0.987638,0.7455114740195751,229.0
312.41,1.2853999999999997,90.65,2,5,7,0,0.75,22,1,0.6912235198580302,0,0,0,0.3525,0,fda_1289,CCOC(=O)C1=C[C@@H](OC(CC)CC)[C@H](NC(C)=O)[C@@H](N)C1,3.96236801,FDA,OSELTAMIVIR,S,-1,0.0702627,0.3866266685552886,1615.0
259.35299999999995,2.782700000000001,60.17,2,4,6,2,0.4,19,2,0.8371289360458547,0,0,0,0.5702142857142858,0,fda_1210,COc1cc(N[C@@H](C)CCCN)c2ncccc2c1,3.57218838,FDA,PRIMAQUINE,S,-1,0.11958819,0.42835072182484435,1463.0
179.30699999999996,2.5500000000000007,26.02,1,1,1,0,1.0,13,4,0.657471607480536,0,0,0,0.8141428571428572,0,fda_1184,C[C@H](N)[C@]12C[C@H]3C[C@H](C[C@H](C3)C1)C2,4.4405117,FDA,RIMANTADINE,XS,1,0.95742464,0.7216318250689946,358.0
352.45400000000006,2.7045000000000012,46.53,1,3,4,2,0.4090909090909091,26,5,0.6797893586378044,0,0,0,0.6676428571428572,0,fda_184,C[N@+]12CC[C@H](CC1)[C@@H](OC(=O)C(O)(c1ccccc1)c1ccccc1)C2,4.21942091,FDA,CLIDINIUM,M,-1,0.283912,0.4957774744589406,1244.0
174.19899999999998,2.5594200000000007,40.46,2,2,0,2,0.0909090909090909,13,2,0.6024007223993295,0,0,0,0.7110000000000001,0,fda_1321,Cc1cc(O)c2ccccc2c1O,2.86658096,FDA,MENADIOL,XS,0,0.3601511,0.424203320013592,1479.0
434.54800000000023,2.7964,91.21,2,8,5,3,0.4782608695652174,32,5,0.6380121763709555,0,0,0,0.3484999999999999,1,fda_1845,CN(C)C(=O)c1cc2cnc(Nc3ccc(N4CCNCC4)cn3)nc2n1C1CCCC1,5.47886133,FDA,RIBOCICLIB,L,-1,0.9124229,0.7216136339505499,359.0
1448.2630000000004,-1.2285000000000033,533.3200000000002,18,26,13,5,0.4242424242424242,101,12,0.0656252625730666,3,2,0,0.0,1,fda_1046,CN[C@H](CC(C)C)C(=O)N[C@H]1C(=O)N[C@@H](CC(N)=O)C(=O)N[C@H]2C(=O)N[C@H]3C(=O)N[C@H](C(=O)N[C@H](C(=O)[O-])c4cc(O)cc(O)c4-c4cc3ccc4O)[C@H](O)c3ccc(c(Cl)c3)Oc3cc2cc(c3O[C@@H]2O[C@H](CO)[C@@H](O)[C@H](O)[C@H]2O[C@H]2C[C@](C)(N)[C@H](O)[C@H](C)O2)Oc2ccc(cc2Cl)[C@H]1O,6.00930166,FDA,VANCOMYCIN,XL,-1,0.5905561,0.5083891483680238,1212.0
471.52100000000024,-0.1683999999999985,154.79000000000002,3,7,9,4,0.16,35,4,0.2261047387910402,0,1,0,0.0,1,fda_1539,Cn1c(CNc2ccc(C(N)=[NH2+])cc2)nc2cc(C(=O)N(CCC(=O)[O-])c3ccccn3)ccc21,5.27472878,FDA,DABIGATRAN,L,-1,0.36333182,0.4270849388629512,1471.0
165.236,1.3279,32.26,2,2,3,1,0.4,12,1,0.7078187228911748,0,0,0,0.7695714285714286,0,fda_1817,CN[C@@H](C)[C@H](O)c1ccccc1,2.83666301,FDA,EPHEDRINE,XS,0,0.03099576,0.3505551934819089,1747.0
268.058,-3.643399999999999,164.43,1,9,4,1,0.4,16,1,0.5456078030109119,0,1,0,0.0,0,fda_1426,O=P([O-])([O-])C(O)(Cn1ccnc1)P(=O)([O-])[O-],3.70572853,FDA,ZOLEDRONIC ACID,S,-1,0.02666426,0.2933708952166123,1943.0
1570.3500000000004,2.2726999999999924,451.4899999999998,16,16,44,5,0.5,112,6,0.0151047748900568,3,2,0,0.0,1,fda_1422,CCNC(=NCCCC[C@H](NC(=O)[C@H](CC(C)C)NC(=O)[C@@H](CCCCN=C(NCC)NCC)NC(=O)[C@H](Cc1ccc(O)cc1)NC(=O)[C@H](CO)NC(=O)[C@@H](Cc1cccnc1)NC(=O)[C@@H](Cc1ccc(Cl)cc1)NC(=O)[C@@H](Cc1ccc2ccccc2c1)NC(C)=O)C(=O)N1CCC[C@H]1C(=O)N[C@H](C)C(N)=O)NCC,6.76217127,FDA,GANIRELIX,XL,1,0.9778202,0.6608237725796082,662.0
480.5720000000003,-1.2798999999999958,150.04000000000002,2,10,7,1,0.5263157894736842,32,4,0.2120409462153182,0,1,0,0.0,0,fda_1057,CO/N=C(\C(=O)N[C@@H]1C(=O)N2C(C(=O)[O-])=C(C[N+]3(C)CCCC3)CS[C@H]12)c1csc(N)n1,4.72068262,FDA,CEFEPIME,L,-1,0.0020843442,0.28178141295753284,1981.0
445.5030000000001,2.3219000000000003,132.64,2,8,8,4,0.2916666666666667,33,4,0.4251656358347881,0,0,0,0.0525714285714287,1,fda_1647,CCCc1nc(C(C)(C)O)c(C(=O)[O-])n1Cc1ccc(-c2ccccc2-c2nn[nH]n2)cc1,4.95467091,FDA,OLMESARTAN,L,-1,0.62309486,0.5303749617912253,1147.0
299.37000000000006,1.9333,38.77,0,4,1,1,0.6111111111111112,22,5,0.7941668671387195,0,0,0,0.7230714285714286,0,fda_16,COc1ccc2c3c1O[C@H]1C(=O)CC[C@H]4[C@@H](C2)N(C)CC[C@]314,4.34501839,FDA,HYDROCODONE,S,-1,0.93282616,0.7266040073031473,331.0
295.411,3.134700000000002,27.63,1,4,0,2,0.2352941176470588,21,4,0.8089608082557965,0,0,0,0.8026428571428572,0,fda_1567,c1ccc2c(c1)N=C(N1CCNCC1)c1ccccc1S2,3.59988093,FDA,M QUETIAPINE,S,-1,0.50077814,0.5620221694593721,1029.0
461.5580000000003,5.163340000000004,84.86000000000001,2,6,7,3,0.2857142857142857,34,3,0.3733153100480422,1,0,0,0.3938571428571428,1,fda_1238,Cc1ccc(C(=O)Oc2ccc([C@@H](O)CNC(C)(C)C)cc2OC(=O)c2ccc(C)cc2)cc1,4.26400757,FDA,BITOLTEROL,L,0,0.09589345,0.3534440373187517,1739.0
495.03100000000035,4.595100000000004,80.66999999999999,1,5,3,0,0.7407407407407407,34,4,0.4579880475870269,0,0,0,0.4237857142857143,0,fda_1386,C[C@@H]1C[C@H]2[C@@H]3C[C@H](F)C4=CC(=O)C=C[C@]4(C)[C@@]3(Cl)[C@@H](O)C[C@]2(C)[C@H]1C(=O)COC(=O)C(C)(C)C,6.0873189,FDA,CLOCORTOLONE PIVALATE,XL,1,0.99239904,0.7545972297413934,184.0
318.5250000000002,4.721100000000004,20.23,1,1,8,1,0.7142857142857143,23,2,0.6875795926365253,0,0,0,0.8555,0,fda_159,CC[N+](CC)(CC)CC[C@](O)(c1ccccc1)C1CCCCC1,4.95570707,FDA,TRIDIHEXETHYL,M,-1,0.69766235,0.685584662988943,546.0
432.5570000000002,3.132600000000002,100.90000000000002,2,6,5,0,0.8,31,4,0.6475279981236738,0,0,0,0.2792857142857141,0,fda_111,CCCC(=O)O[C@]1(C(=O)CO)CC[C@H]2[C@@H]3CCC4=CC(=O)CC[C@]4(C)[C@H]3[C@@H](O)C[C@@]21C,5.39108086,FDA,HYDROCORTISONE BUTYRATE,L,-1,0.99434185,0.735765789069709,285.0
328.38500000000016,1.3482999999999994,104.76,1,6,7,0,0.8125,23,1,0.5584971740982958,0,0,0,0.2517142857142858,0,fda_1508,CC(C)C(=O)O[C@H](C)OC(=O)NCC1(CC(=O)[O-])CCCCC1,4.42039776,FDA,GABAPENTIN ENACARBIL,M,-1,0.47974506,0.5010516532890317,1227.0
187.202,1.0191,71.77,2,3,1,2,0.0,14,2,0.6996440987416698,0,0,0,0.4873571428571429,0,fda_1393,Nc1cc(-c2ccncc2)c[nH]c1=O,3.51974487,FDA,INAMRINONE,XS,-1,0.90990925,0.6264350599181496,802.0
499.62100000000015,1.2578000000000014,148.88,3,9,16,0,0.8461538461538461,35,2,0.1234319786879041,0,2,0,0.0,0,fda_1044,C/C(=C\C(=O)OCCCCCCCCC(=O)[O-])C[C@@H]1OC[C@H](C[C@@H]2O[C@H]2[C@@H](C)[C@H](C)O)[C@@H](O)[C@H]1O,4.72891665,FDA,MUPIROCIN,XL,0,0.158721,0.3115576463322544,1895.0
1019.261,-0.8053999999999897,332.21999999999997,13,14,17,4,0.4489795918367347,71,5,0.0455175534846949,3,2,0,0.0,1,fda_1249,C[C@@H](O)[C@@H]1NC(=O)[C@H](CCCCN)NC(=O)[C@@H](Cc2c[nH]c3ccccc23)NC(=O)[C@H](Cc2ccccc2)NC(=O)[C@@H](NC(=O)[C@H](N)Cc2ccccc2)CSSC[C@@H](C(=O)N[C@H](CO)[C@@H](C)O)NC1=O,5.71912527,FDA,OCTREOTIDE,XL,-1,0.25908017,0.38705662454233103,1613.0
400.4750000000003,-0.3745999999999969,112.6,1,6,8,1,0.5909090909090909,29,3,0.6368648940960338,0,0,0,0.1957142857142857,0,fda_1667,C[C@H](N[C@@H](CCc1ccccc1)C(=O)[O-])C(=O)N1[C@H](C(=O)[O-])C[C@H]2CCCC[C@@H]21,4.41287231,FDA,TRANDOLAPRILAT,L,0,0.05958582,0.3846140290969148,1624.0
545.5790000000002,-2.6338999999999952,194.05,2,12,9,2,0.3181818181818182,37,4,0.1455937897682478,2,1,0,0.0,1,fda_1038,CC(C)(O/N=C(\C(=O)N[C@@H]1C(=O)N2C(C(=O)[O-])=C(C[n+]3ccccc3)CS[C@H]12)c1csc(N)n1)C(=O)[O-],4.71331072,FDA,CEFTAZIDIME,XL,0,0.014564431,0.2717820683302075,2011.0
184.242,2.760440000000001,25.78,0,2,1,2,0.1666666666666666,14,2,0.680654393103414,0,0,0,0.8158571428571428,0,fda_1326,Cc1ccc(-c2ccc(C)cn2)nc1,3.13395047,FDA,ABAMETAPIR,XS,-1,0.77654696,0.591722349230477,911.0
287.4470000000001,3.940400000000003,23.47,1,2,5,1,0.6842105263157895,21,3,0.8863958351409401,0,0,0,0.8323571428571429,0,fda_1100,O[C@](CCN1CCCCC1)(c1ccccc1)C1CCCC1,4.40150833,FDA,CYCRIMINE,S,-1,0.23109041,0.5489361185235117,1079.0
324.42599999999993,0.071500000000001,76.04,0,5,3,0,0.8,22,3,0.4171412133163235,0,0,0,0.4568571428571428,0,fda_1035,CC1(C)S[C@@H]2[C@H](/N=C/N3CCCCCC3)C(=O)N2[C@H]1C(=O)[O-],3.49798012,FDA,AMDINOCILLIN,M,0,0.4955242,0.44122874397881867,1406.0
407.5710000000002,2.113999999999999,100.82,3,5,4,0,0.9583333333333334,29,4,0.6626328892426167,0,0,0,0.2798571428571428,0,fda_1781,C[C@H](CCC(=O)[O-])[C@H]1CC[C@H]2[C@@H]3[C@H](O)C[C@H]4C[C@H](O)CC[C@]4(C)[C@H]3C[C@H](O)[C@]12C,5.88233137,FDA,CHOLIC ACID,L,1,0.99710125,0.7699214795595916,126.0
226.276,1.1849999999999998,75.27000000000001,2,3,4,0,0.7272727272727273,16,1,0.7067836690245719,0,0,0,0.4623571428571428,0,fda_1081,CCC[C@@H](C)C1(CC)C(=O)NC(=O)NC1=O,4.89274168,FDA,PENTOBARBITAL,XS,1,0.994412,0.7352588569594344,290.0
1323.5040000000006,-3.232900000000019,473.8699999999998,17,14,33,6,0.4090909090909091,96,8,0.0109426701864789,3,2,0,0.0,1,fda_1253,CC(C)C[C@H](NC(=O)[C@@H](Cc1ccc2ccccc2c1)NC(=O)[C@H](Cc1ccc(O)cc1)NC(=O)[C@H](CO)NC(=O)[C@H](Cc1c[nH]c2ccccc12)NC(=O)[C@H](Cc1c[nH]cn1)NC(=O)[C@@H]1CCC(=O)N1)C(=O)N[C@@H](CCCNC(N)=[NH2+])C(=O)N1CCC[C@H]1C(=O)NCC(N)=O,6.44178724,FDA,NAFARELIN,XL,1,0.9812639,0.6412961502209581,751.0
447.12600000000015,-2.6815999999999987,241.27999999999997,1,15,8,1,0.5555555555555556,27,2,0.3993372545304874,1,1,0,0.0,0,fda_1684,Nc1ccn([C@H]2CC[C@@H](CO[P@@](=O)([O-])O[P@](=O)([O-])OP(=O)([O-])[O-])O2)c(=O)n1,4.26197052,FDA,M ZALCITABINE,L,0,0.0044255303,0.2916968990338368,1953.0
356.4440000000001,-1.236799999999996,135.38,2,7,11,0,0.6875,24,1,0.3491014441489554,0,1,0,0.033,0,fda_1042,CC1(C)C[C@@H]1C(=O)N/C(=C\CCCCSC[C@H](N)C(=O)[O-])C(=O)[O-],3.57902431,FDA,CILASTATIN,M,0,0.046434917,0.2554987498723747,2042.0
441.46700000000016,3.230140000000002,117.42,2,7,5,3,0.12,33,4,0.4656399387325317,0,0,1,0.1612857142857142,1,fda_1450,CC1=NN(c2ccc(C)c(C)c2)C(=O)/C1=N\Nc1cccc(-c2cccc(C(=O)[O-])c2)c1O,5.06914711,FDA,ELTROMBOPAG,L,-1,0.9965082,0.5684143503481791,1003.0
389.8860000000001,1.2295000000000005,118.36,3,5,2,1,0.4285714285714285,24,4,0.6571692284800612,0,0,0,0.1545714285714287,0,fda_1463,NS(=O)(=O)c1cc2c(cc1Cl)N[C@@H]([C@@H]1C[C@@H]3C=C[C@H]1C3)NS2(=O)=O,4.67832327,FDA,CYCLOTHIAZIDE,M,-1,0.16707715,0.43315369346963734,1445.0
290.38300000000004,2.033,46.53,1,3,3,1,0.5882352941176471,21,3,0.684255247270266,0,0,0,0.6676428571428572,0,fda_15,C[N+]1(C)[C@@H]2CC[C@H]1C[C@@H](OC(=O)[C@H](O)c1ccccc1)C2,3.95362091,FDA,HOMATROPINE METHYLBROMIDE,S,-1,0.04424353,0.40840292855582394,1541.0
295.304,4.174300000000002,35.25,1,2,5,2,0.25,21,2,0.8980027339714314,0,0,0,0.7482142857142857,0,fda_1609,NCC[C@H](Oc1ccc(C(F)(F)F)cc1)c1ccccc1,3.45718503,FDA,NORFLUOXETINE,S,0,0.07821304,0.4388313735188394,1421.0
460.4920000000002,-1.2404999999999975,150.98,3,7,5,1,0.45,32,4,0.4650533503478492,0,1,0,0.0,0,fda_1033,CC1(C)S[C@@H]2[C@H](NC(=O)[C@H](NC(=O)N3CCNC3=O)c3ccccc3)C(=O)N2[C@H]1C(=O)[O-],4.42720175,FDA,AZLOCILLIN,L,0,0.04072707,0.32590503083281397,1849.0
183.207,0.4784,86.71000000000001,4,4,2,1,0.3333333333333333,13,1,0.5021061623437857,0,0,1,0.380642857142857,0,fda_124,C[C@H](N)[C@H](O)c1ccc(O)c(O)c1,2.94401765,FDA,LEVONORDEFRIN,XS,0,0.04480003,0.1812716851806077,2114.0
806.9870000000003,3.8181000000000025,188.9,4,14,8,0,0.9069767441860463,57,8,0.2047865315695335,2,1,0,0.0,0,fda_158,CC(=O)O[C@H]1C[C@H](O[C@H]2[C@@H](O)C[C@H](O[C@H]3[C@@H](O)C[C@H](O[C@H]4CC[C@@]5(C)[C@H](CC[C@@H]6[C@@H]5CC[C@]5(C)[C@@H](C7=CC(=O)OC7)CC[C@]65O)C4)O[C@@H]3C)O[C@@H]2C)O[C@H](C)[C@H]1O,6.72336388,FDA,ACETYLDIGITOXIN,XL,1,0.9643507,0.692329612777287,514.0
312.482,5.019600000000005,6.48,0,3,5,2,0.3684210526315789,22,3,0.7651953187356423,1,0,1,0.9537142857142856,0,fda_1101,CCN(CC)[C@H](C)CN1c2ccccc2Sc2ccccc21,4.26101065,FDA,ETHOPROPAZINE,S,-1,0.73471475,0.5792676052800063,964.0
326.3960000000001,2.3108000000000004,65.56,2,4,2,2,0.5263157894736842,24,6,0.8313731396942865,0,0,0,0.5317142857142857,0,fda_1569,O=C(O[C@@H]1C[C@@H]2C[C@@H]3C[C@H](C1)N2C[C@H]3O)c1c[nH]c2ccccc12,3.76257443,FDA,M DOLASETRON,M,0,0.07822372,0.42266363246645405,1483.0
383.51700000000017,2.8560000000000016,48.3,1,6,5,2,0.3809523809523809,27,4,0.8048695029648197,0,0,0,0.655,0,fda_1269,OCCOCCN1CCN(C2=Nc3ccccc3Sc3ccccc32)CC1,4.19764185,FDA,QUETIAPINE,M,-1,0.024652177,0.4404101742973551,1411.0
360.2440000000001,0.5983000000000003,109.57,2,5,2,1,0.3333333333333333,20,2,0.7508465680270321,0,0,0,0.2173571428571429,0,fda_1131,CN1[C@H](CCl)Nc2cc(Cl)c(S(N)(=O)=O)cc2S1(=O)=O,3.62588429,FDA,METHYCLOTHIAZIDE,M,0,0.097041376,0.3723509257916626,1662.0
281.35900000000004,2.840420000000001,47.86,2,4,4,2,0.2352941176470588,21,3,0.905670967148002,0,0,0,0.6581428571428571,0,fda_1208,Cc1ccc(N(CC2=NCCN2)c2cccc(O)c2)cc1,4.17618513,FDA,PHENTOLAMINE,S,-1,0.9155574,0.7268350913390158,329.0
457.4470000000003,-2.927099999999995,208.43,5,11,9,2,0.35,33,3,0.2573379500489947,1,1,0,0.0,1,fda_1501,CN1c2c([nH]c(N)nc2=O)NC[C@@H]1CNc1ccc(C(=O)N[C@@H](CCC(=O)[O-])C(=O)[O-])cc1,3.99888301,FDA,LEVOMEFOLATE,L,0,0.033126947,0.2557073144847128,2041.0
517.5490000000003,-3.3795999999999955,199.28999999999996,2,13,10,2,0.35,35,4,0.234352291963058,2,1,0,0.0,1,fda_1028,NCc1ccccc1CC(=O)N[C@@H]1C(=O)N2C(C(=O)[O-])=C(CSc3nnnn3CC(=O)[O-])CS[C@H]12,4.13812637,FDA,CEFORANIDE,XL,0,0.013401762,0.25376682059530803,2044.0
470.6060000000005,3.497000000000003,93.06000000000002,2,6,3,0,0.7857142857142857,34,6,0.6559282998675063,0,0,0,0.3352857142857142,0,fda_1642,C[C@]12C=CC(=O)C=C1CC[C@@H]1[C@@H]2[C@@H](O)C[C@@]2(C)[C@H]1C[C@H]1O[C@@H](C3CCCCC3)O[C@]12C(=O)CO,6.19540024,FDA,M CICLESONIDE,L,1,0.99806434,0.7936902053963988,47.0
321.829,3.6739000000000024,29.54,0,4,3,2,0.3125,21,3,0.807761185070717,0,0,0,0.789,0,fda_1280,COC(=O)[C@H](c1ccccc1Cl)N1CCc2sccc2C1,4.50415277,FDA,CLOPIDOGREL,M,-1,0.37097117,0.5771582475142212,974.0
408.88200000000006,2.266300000000001,99.88,2,7,8,1,0.4,28,2,0.5023259105130484,0,0,0,0.2865714285714285,0,fda_1186,CCOC(=O)C1=C(COCCN)NC(C)=C(C(=O)OC)[C@H]1c1ccccc1Cl,4.13780355,FDA,AMLODIPINE,L,0,0.024067223,0.33919844719688486,1790.0
189.21399999999997,0.9908,46.17,1,2,1,1,0.2727272727272727,14,2,0.6695100341687275,0,0,0,0.6702142857142857,0,fda_1762,C[C@]1(c2ccccc2)CC(=O)NC1=O,4.76135874,FDA,M METHSUXIMIDE,XS,1,0.9800537,0.7361921935920192,282.0
408.4170000000001,-2.7175999999999965,168.57999999999998,2,10,6,1,0.2666666666666666,27,3,0.3750667341517135,0,1,0,0.0,0,fda_1060,Nc1nc(/C(=C/CC(=O)[O-])C(=O)N[C@@H]2C(=O)N3C(C(=O)[O-])=CCS[C@H]23)cs1,4.62833214,FDA,CEFTIBUTEN,L,-1,0.07806732,0.3314947944992429,1823.0
246.354,1.7714,46.33,1,2,5,1,0.5333333333333333,18,2,0.8603942445298217,0,0,0,0.6690714285714285,0,fda_1619,CCN(CC)C(=O)[C@@]1(c2ccccc2)C[C@H]1CN,3.3546207,FDA,LEVOMILNACIPRAN,XS,-1,0.39805835,0.5130333792395733,1193.0
370.587,5.885600000000005,6.48,0,4,4,2,0.4285714285714285,25,4,0.6192081845073194,1,0,0,0.9537142857142856,0,fda_1120,CSc1ccc2c(c1)N(CC[C@@H]1CCCCN1C)c1ccccc1S2,5.44778585,FDA,THIORIDAZINE,M,1,0.86026,0.7608118565408275,163.0
522.5780000000002,2.0136999999999996,138.44,4,11,10,3,0.5652173913043478,36,5,0.2310407817268838,2,0,0,0.0111428571428571,1,fda_1524,CCCSc1nc(N[C@@H]2C[C@H]2c2ccc(F)c(F)c2)c2nnn([C@@H]3C[C@H](OCCO)[C@@H](O)[C@H]3O)c2n1,5.26269674,FDA,TICAGRELOR,XL,-1,0.09701415,0.34855023128917695,1759.0
451.4420000000002,-3.2141999999999973,190.17,2,12,8,1,0.25,30,3,0.2309292966157701,1,1,0,0.0,0,fda_1047,C=CC1=C(C(=O)[O-])N2C(=O)[C@@H](NC(=O)/C(=N\OCC(=O)[O-])c3csc(N)n3)[C@H]2SC1,4.45410156,FDA,CEFIXIME,L,-1,0.021916116,0.2750933434450781,2004.0
157.16899999999995,0.7637,46.61,0,3,1,0,0.7142857142857143,11,1,0.5642459247185074,0,0,0,0.6670714285714285,0,fda_1095,CC[C@@]1(C)OC(=O)N(C)C1=O,3.90911269,FDA,PARAMETHADIONE,XS,-1,0.8991274,0.6380684046651514,757.0
426.4880000000001,4.826600000000004,64.80000000000001,0,6,8,3,0.4166666666666667,31,4,0.3798624175213931,0,0,0,0.5371428571428571,1,fda_1471,COc1cc(C(C)=O)ccc1OCCCN1CCC(c2noc3cc(F)ccc23)CC1,4.62906837,FDA,ILOPERIDONE,L,-1,0.54256564,0.5255630607792003,1159.0
238.287,1.3510999999999995,75.27000000000001,2,3,5,0,0.5833333333333334,17,1,0.5604883600608829,0,0,0,0.4623571428571428,0,fda_1096,C=CCC1([C@@H](C)CCC)C(=O)NC(=O)NC1=O,5.10873079,FDA,SECOBARBITAL,XS,1,0.9869925,0.7170739182993253,384.0
307.434,2.3933999999999997,50.72,2,4,11,1,0.6666666666666666,22,2,0.6164391834948149,0,1,0,0.6377142857142857,0,fda_1181,CC(C)NC[C@@H](O)COc1ccc(CCOCC2CC2)cc1,4.33641624,FDA,BETAXOLOL,S,-1,0.023060488,0.4090633477934543,1537.0
325.449,2.3659,59.95,2,5,12,1,0.6666666666666666,23,1,0.5778484804828311,0,1,0,0.5717857142857143,0,fda_1191,CC(C)NC[C@@H](O)COc1ccc(COCCOC(C)C)cc1,3.67768192,FDA,BISOPROLOL,M,0,0.0062207235,0.34913751354372957,1755.0
458.5950000000002,3.5447000000000024,100.90000000000002,2,6,4,0,0.7407407407407407,33,4,0.6251252881597862,0,0,0,0.2792857142857141,0,fda_1337,CC(C)(C)CC(=O)OCC(=O)[C@@]1(O)CC[C@H]2[C@@H]3CCC4=CC(=O)C=C[C@]4(C)[C@H]3[C@@H](O)C[C@@]21C,5.97596359,FDA,PREDNISOLONE TEBUTATE,L,1,0.9955295,0.7676568787152737,133.0
470.5380000000002,-2.0630199999999963,166.15999999999997,1,13,9,1,0.5333333333333333,30,3,0.1816146328274677,1,1,0,0.0,0,fda_1049,CO[C@@]1(NC(=O)CSCC#N)C(=O)N2C(C(=O)[O-])=C(CSc3nnnn3C)CS[C@H]21,4.28226233,FDA,CEFMETAZOLE,L,0,0.0049331165,0.24955416010404716,2056.0
358.43400000000014,1.7658,91.67,2,5,2,0,0.6666666666666666,26,4,0.7848332802556961,0,0,0,0.3452142857142857,0,fda_166,C[C@]12C=CC(=O)C=C1CC[C@@H]1[C@@H]2C(=O)C[C@@]2(C)[C@H]1CC[C@]2(O)C(=O)CO,5.44756508,FDA,PREDNISONE,M,1,0.9935023,0.7730459740563255,111.0
350.345,0.4611999999999996,77.4,1,6,3,2,0.4117647058823529,25,3,0.8703616805410703,0,0,0,0.447142857142857,0,fda_1193,CCn1cc(C(=O)[O-])c(=O)c2cc(F)c(N3CCN[C@@H](C)C3)c(F)c21,5.4960041,FDA,LOMEFLOXACIN,M,1,0.93810266,0.7867073516024585,68.0
387.44000000000017,1.0567999999999995,103.04,1,8,4,2,0.5263157894736842,28,4,0.8306226664509899,0,0,0,0.2639999999999999,0,fda_1176,COc1cc2nc(N3CCN(C(=O)[C@H]4CCCO4)CC3)nc(N)c2cc1OC,4.67160749,FDA,TERAZOSIN,M,-1,0.43435106,0.5585558727384254,1046.0
204.229,1.2994,49.41,1,2,2,1,0.2727272727272727,15,2,0.7380128478007799,0,0,0,0.6470714285714285,0,fda_1111,CCN1C(=O)N[C@@H](c2ccccc2)C1=O,3.89299273,FDA,ETHOTOIN,XS,-1,0.8964115,0.6690144042338997,618.0
433.5010000000003,2.52402,94.53000000000002,1,8,9,1,0.5652173913043478,31,3,0.4690174800061688,0,0,0,0.3247857142857141,0,fda_1066,COc1c(C)c2c(c(O)c1C/C=C(\C)CCC(=O)OCCN1CCOCC1)C(=O)OC2,4.81391954,FDA,MYCOPHENOLATE MOFETIL,L,-1,0.27834558,0.4542749195092886,1356.0
464.98600000000016,3.1259000000000015,100.90000000000002,2,6,4,0,0.72,32,4,0.489350804042416,0,0,0,0.2792857142857141,0,fda_1570,CCC(=O)O[C@]1(C(=O)CO)[C@@H](C)C[C@H]2[C@@H]3CCC4=CC(=O)C=C[C@]4(C)[C@@]3(Cl)[C@@H](O)C[C@@]21C,5.38227129,FDA,M BECLOMETHASONE DIPROPIONATE,L,-1,0.99022114,0.7023516827124862,467.0
582.8160000000005,4.049000000000006,103.30000000000004,1,10,37,0,1.0,40,0,0.1079531743784662,1,1,0,0.262142857142857,0,fda_1632,CCCCCCCCCCCCOCCOCCOCCOCCOCCOCCOCCOCCOCCO,4.68712521,FDA,POLIDOCANOL,XL,0,0.1123138,0.3181806158286315,1870.0
1994.112000000002,-18.359199999999923,792.4000000000002,16,56,40,0,0.8888888888888888,128,30,0.0253370828420759,3,2,0,0.0,0,fda_1792,O=C([O-])CCSC[C@H]1O[C@@H]2O[C@H]3[C@H](O)[C@@H](O)[C@@H](O[C@H]4[C@H](O)[C@@H](O)[C@@H](O[C@H]5[C@H](O)[C@@H](O)[C@@H](O[C@H]6[C@H](O)[C@@H](O)[C@@H](O[C@H]7[C@H](O)[C@@H](O)[C@@H](O[C@H]8[C@H](O)[C@@H](O)[C@@H](O[C@H]9[C@H](O)[C@@H](O)[C@@H](O[C@H]1[C@H](O)[C@H]2O)O[C@@H]9CSCCC(=O)[O-])O[C@@H]8CSCCC(=O)[O-])O[C@@H]7CSCCC(=O)[O-])O[C@@H]6CSCCC(=O)[O-])O[C@@H]5CSCCC(=O)[O-])O[C@@H]4CSCCC(=O)[O-])O[C@@H]3CSCCC(=O)[O-],6.1930337,FDA,SUGAMMADEX,XL,1,0.12005445,0.3704946899484788,1668.0
415.35100000000006,0.5598000000000001,104.28,1,7,3,3,0.25,30,5,0.670533154146242,0,0,0,0.2551428571428571,1,fda_1276,N[C@H]1[C@H]2CN(c3nc4c(cc3F)c(=O)c(C(=O)[O-])cn4-c3ccc(F)cc3F)C[C@@H]12,5.93103933,FDA,TROVAFLOXACIN,L,1,0.9688694,0.7635598439697163,151.0
242.344,1.3499,58.2,2,3,4,0,0.7272727272727273,16,1,0.5777126778981032,0,0,0,0.5842857142857143,0,fda_1760,CCC[C@H](C)C1(CC)C(=O)NC(=S)NC1=O,3.63075709,FDA,THIOPENTAL,XS,-1,0.9670246,0.6357120431890185,765.0
664.9070000000002,9.113520000000005,90.46,0,8,19,3,0.6923076923076923,48,5,0.0932591187326539,2,1,0,0.3538571428571427,1,fda_1487,CCCCCCCCCCCCCCCC(=O)O[C@@H]1CCCn2c1nc(C)c(CCN1CCC(c3noc4cc(F)ccc34)CC1)c2=O,6.35835981,FDA,PALIPERIDONE PALMITATE,XL,1,0.9780739,0.6870509579878927,540.0
152.182,1.0154899999999998,57.36,2,3,0,2,0.0,10,2,0.5538546640663037,0,0,0,0.5902857142857143,0,fda_139,S=c1nc[nH]c2nc[nH]c12,3.64289594,FDA,MERCAPTOPURINE,XS,-1,0.8450346,0.5956909013516254,901.0
308.3810000000001,3.7878000000000025,40.620000000000005,0,2,5,2,0.2631578947368421,23,3,0.7885515763199019,0,0,1,0.7098571428571427,0,fda_115,CCCCC1C(=O)N(c2ccccc2)N(c2ccccc2)C1=O,3.98610759,FDA,PHENYLBUTAZONE,S,-1,0.96443796,0.6115424033628801,851.0
578.6010000000003,6.787020000000006,39.68,0,4,5,3,0.4,41,4,0.312950179516564,2,0,0,0.7165714285714286,1,fda_1726,Cc1ccccc1-c1cc(N2CCN(C)CC2)ncc1N(C)C(=O)C(C)(C)c1cc(C(F)(F)F)cc(C(F)(F)F)c1,4.9994874,FDA,NETUPITANT,XL,-1,0.95953125,0.6780224514249175,578.0
439.7570000000001,0.5830000000000004,124.51,2,8,3,3,0.1666666666666666,30,4,0.6113877954509063,0,0,0,0.1106428571428571,1,fda_1836,Nc1nc(-n2cc(C(=O)[O-])c(=O)c3cc(F)c(N4CC(O)C4)c(Cl)c32)c(F)cc1F,5.17533731,FDA,DELAFLOXACIN,L,-1,0.9376777,0.6813893698030703,565.0
556.7690000000005,7.0490000000000075,88.85,1,6,18,3,0.5161290322580645,39,3,0.1334070362172129,2,1,0,0.3653571428571429,1,fda_1086,CCCCc1oc2ccc(NS(C)(=O)=O)cc2c1C(=O)c1ccc(OCCCN(CCCC)CCCC)cc1,5.1417861,FDA,DRONEDARONE,XL,-1,0.19480617,0.38633720112304976,1618.0
294.39500000000004,2.5562000000000005,64.78999999999999,1,5,9,1,0.5625,21,1,0.5599065078286075,0,0,0,0.5372142857142858,0,fda_1330,CCCOc1cc(N)ccc1C(=O)OCCN(CC)CC,3.51054096,FDA,PROPOXYCAINE,S,0,0.014880694,0.3343979227516495,1812.0
591.7530000000002,2.910700000000001,118.21,3,6,5,2,0.6666666666666666,43,7,0.4923988878134787,1,0,0,0.1556428571428572,1,fda_1213,CCC(C)(C)[C@H]1C(=O)N2CCC[C@H]2[C@]2(O)O[C@](NC(=O)[C@@H]3C[C@@H]4c5cccc6[nH]cc(c56)C[C@H]4N(C)C3)(C(C)C)C(=O)N12,6.58059931,FDA,ERGOLOID,XL,1,0.9136071,0.7414022946074114,250.0
348.4190000000001,1.526299999999999,60.44,1,5,5,1,0.4444444444444444,24,3,0.6475258733647374,0,0,0,0.5682857142857143,0,fda_1545,O=C([O-])/C=C1/CN([C@H](C(=O)C2CC2)c2ccccc2F)CC[C@H]1S,5.16196823,FDA,M PRASUGREL,M,-1,0.26144817,0.530689178840506,1146.0
290.794,3.4026000000000023,25.36,0,3,6,2,0.3125,20,2,0.8151739333124051,0,0,0,0.8188571428571428,0,fda_130,CN(C)CCO[C@@H](c1ccc(Cl)cc1)c1ccccn1,3.52999759,FDA,CARBINOXAMINE,S,0,0.020206437,0.4164114976937265,1501.0
296.799,1.5203999999999995,43.37,1,4,3,1,0.3571428571428571,19,2,0.6792913597377604,0,0,0,0.6902142857142857,0,fda_1689,O=C([O-])/C=C1/CN(Cc2ccccc2Cl)CC[C@H]1S,4.01326227,FDA,M TICLOPIDINE,S,-1,0.30135018,0.4904718270734484,1258.0
270.339,1.2295199999999995,97.97,2,6,3,2,0.1111111111111111,17,2,0.8173307365183631,0,0,0,0.3002142857142857,0,fda_120,Cc1nnc(NS(=O)(=O)c2ccc(N)cc2)s1,3.4513216,FDA,SULFAMETHIZOLE,S,0,0.26514804,0.4336164247777406,1443.0
335.8790000000001,3.783000000000002,48.39,2,4,9,2,0.5,23,2,0.7317801043771166,0,0,0,0.6543571428571429,0,fda_167,CCN(CCO)CCC[C@H](C)Nc1ccnc2cc(Cl)ccc12,4.0215683,FDA,HYDROXYCHLOROQUINE,M,0,0.08383569,0.43264097688703596,1446.0
483.96000000000015,2.4318,125.39,3,9,9,3,0.3478260869565217,34,4,0.4203166354901655,0,0,0,0.1043571428571427,1,fda_1584,COc1ccc(CNc2nc(N3CCC[C@H]3CO)ncc2C(=O)NCc2ncccn2)cc1Cl,5.10363245,FDA,AVANAFIL,XL,-1,0.51495177,0.511313415889616,1198.0
184.491,2.3528,9.23,0,1,3,0,1.0,10,0,0.4832940928615504,0,0,0,0.9340714285714286,0,fda_1146,FC(F)OC(F)(F)[C@H](F)Cl,3.15907598,FDA,ENFLURANE,XS,-1,0.115438536,0.3672863352197025,1678.0
397.3860000000002,-0.1123199999999999,110.42000000000002,1,8,3,2,0.45,29,5,0.7692659248351138,0,0,0,0.2112857142857142,0,fda_1724,N#Cc1c(N2C[C@@H]3NCCO[C@H]3C2)c(F)cc2c(=O)c(C(=O)[O-])cn(C3CC3)c12,5.66745996,FDA,FINAFLOXACIN,L,1,0.903491,0.7430767430777255,239.0
237.7299999999999,2.897800000000001,29.1,1,2,2,1,0.4615384615384615,16,2,0.8571565291687987,0,0,0,0.7921428571428571,0,fda_1141,CN[C@@]1(c2ccccc2Cl)CCCCC1=O,3.81570935,FDA,KETAMINE,XS,-1,0.91264576,0.7074616676206421,434.0
269.35200000000003,1.9118,49.74,1,4,5,3,0.3333333333333333,20,3,0.7695062288280017,0,0,0,0.6447142857142857,0,fda_1281,CN(C)CCc1c[nH]c2ccc(Cn3cncn3)cc12,4.02658224,FDA,RIZATRIPTAN,S,-1,0.80763483,0.6566704028948978,682.0
364.40300000000013,-1.3109999999999988,135.79000000000002,3,7,4,1,0.4375,25,3,0.5643537756805507,0,0,0,0.0300714285714284,0,fda_1007,CC1(C)S[C@@H]2[C@H](NC(=O)[C@H](N)c3ccc(O)cc3)C(=O)N2[C@H]1C(=O)[O-],4.29298162,FDA,AMOXICILLIN,M,-1,0.014392884,0.3326071243267393,1818.0
338.44400000000013,3.7177000000000024,46.150000000000006,0,5,13,1,0.6842105263157895,24,2,0.5130604440913922,0,1,0,0.6703571428571429,0,fda_1421,CCCCOCCOCCOCc1cc2c(cc1CCC)OCO2,4.46002102,FDA,PIPERONYL BUTOXIDE,M,-1,0.5294349,0.5511754336517761,1067.0
348.4190000000001,1.526299999999999,60.44,1,5,5,1,0.4444444444444444,24,3,0.6475258733647374,0,0,0,0.5682857142857143,0,fda_1542,O=C([O-])/C=C1/CN([C@@H](C(=O)C2CC2)c2ccccc2F)CC[C@H]1S,4.44619608,FDA,M PRASUGREL,M,-1,0.26144817,0.48661405144942094,1270.0
342.443,-0.7564999999999973,121.68,4,2,10,2,0.2631578947368421,25,2,0.257571879518029,0,0,0,0.1308571428571427,0,fda_1246,NC(=[NH2+])c1ccc(OCCCCCOc2ccc(C(N)=[NH2+])cc2)cc1,4.08963251,FDA,PENTAMIDINE,M,0,0.06975811,0.2854172482895654,1970.0
346.3830000000002,-1.543299999999996,112.6,1,6,8,1,0.5,25,2,0.6101756826088751,0,0,0,0.1957142857142857,0,fda_1396,C[C@H](N[C@@H](CCc1ccccc1)C(=O)[O-])C(=O)N1CCC[C@H]1C(=O)[O-],3.90822959,FDA,ENALAPRILAT,M,0,0.051763672,0.3458551387939215,1765.0
396.516,2.7722000000000007,100.27,4,6,9,3,0.238095238095238,28,3,0.4168643398571851,0,0,0,0.2837857142857143,0,fda_1583,Nc1nc(CC(=O)Nc2ccc(CCNC[C@H](O)c3ccccc3)cc2)cs1,4.37279844,FDA,MIRABEGRON,L,0,0.060505245,0.3472292570554781,1762.0
473.3810000000001,4.292600000000002,108.74,3,8,6,3,0.3157894736842105,33,3,0.4552702646600812,0,0,0,0.2232857142857143,1,fda_1837,CC(C)(O)CNc1nc(Nc2ccnc(C(F)(F)F)c2)nc(-c2cccc(C(F)(F)F)n2)n1,4.88615417,FDA,ENASIDENIB,L,-1,0.7983015,0.601810256734921,883.0
362.3870000000001,-1.184199999999998,135.79,3,7,4,1,0.3125,25,3,0.5733962602744812,0,0,0,0.0300714285714286,0,fda_1371,CC1=C(C(=O)[O-])N2C(=O)[C@@H](NC(=O)[C@H](N)c3ccc(O)cc3)[C@H]2SC1,4.02617168,FDA,CEFADROXIL,M,0,0.01008405,0.3166936053984759,1873.0
287.4470000000001,3.940400000000003,23.47,1,2,5,1,0.6842105263157895,21,3,0.8863958351409401,0,0,0,0.8323571428571429,0,fda_168,O[C@](CCN1CCCC1)(c1ccccc1)C1CCCCC1,4.68597555,FDA,PROCYCLIDINE,S,1,0.23109041,0.5664527667475139,1013.0
734.0529999999993,10.611799999999995,111.19,0,8,38,0,0.95,50,0,0.0266798202576407,2,1,0,0.2057857142857143,0,fda_1404,CCCCCCCCCCCCCCCC(=O)OC[C@H](CO[P@@](=O)([O-])OCC[N+](C)(C)C)OC(=O)CCCCCCCCCCCCCCC,6.43700027,FDA,COLFOSCERIL PALMITATE,XL,1,0.7705461,0.601512039095852,885.0
233.31099999999995,2.0852999999999997,38.33,1,3,3,1,0.5,17,2,0.8123400616112664,0,0,0,0.7262142857142857,0,fda_1427,COC(=O)[C@H](c1ccccc1)[C@H]1CCCCN1,3.28530002,FDA,DEXMETHYLPHENIDATE,XS,-1,0.029894112,0.39441898950326054,1584.0
303.83299999999997,4.194900000000003,12.47,0,2,8,2,0.3333333333333333,21,2,0.6778826115024819,0,0,0,0.9109285714285714,0,fda_123,C[C@H](COc1ccccc1)N(CCCl)Cc1ccccc1,3.52114749,FDA,PHENOXYBENZAMINE,S,0,0.05937571,0.40936619610324304,1536.0
128.15099999999998,-0.9701999999999996,66.15,1,3,4,0,0.5,9,0,0.4952133881188815,0,0,0,0.5275,0,fda_1494,C=C[C@H](N)CCC(=O)[O-],2.86180615,FDA,VIGABATRIN,XS,0,0.053724557,0.2921938628197281,1950.0
1051.296999999999,-15.84199999999989,567.4999999999998,21,13,36,0,0.6578947368421053,71,0,0.0119884794120415,3,2,0,0.0,0,fda_1833,CC(=O)N[C@H](CSSC[C@H](N)C(=O)[O-])C(=O)N[C@H](C)C(=O)N[C@H](CCCNC(N)=[NH2+])C(=O)N[C@H](CCCNC(N)=[NH2+])C(=O)N[C@H](CCCNC(N)=[NH2+])C(=O)N[C@H](C)C(=O)N[C@H](CCCNC(N)=[NH2+])C(N)=O,6.37498236,FDA,ETELCALCETIDE,XL,1,0.6508632,0.5382714509891898,1124.0
348.4040000000001,-0.986099999999998,115.56,2,6,4,0,0.4375,24,3,0.498015778604386,0,0,0,0.1745714285714287,0,fda_1022,CC1=C(C(=O)[O-])N2C(=O)[C@@H](NC(=O)[C@H](N)C3=CCC=CC3)[C@H]2SC1,3.84822392,FDA,CEPHRADINE,M,0,0.01646819,0.3070252555123471,1909.0
372.53600000000006,4.4596000000000044,9.49,0,2,4,2,0.24,28,3,0.7332076636758533,0,0,1,0.9322142857142856,0,fda_1082,CN(C)c1ccc(C(=C2C=CC(=[N+](C)C)C=C2)c2ccc(N(C)C)cc2)cc1,4.60446882,FDA,GENTIAN VIOLET,M,-1,0.6262505,0.5593299469715028,1043.0
284.74600000000004,2.6092000000000004,35.830000000000005,1,3,1,2,0.1875,20,4,0.8737077174467992,0,0,0,0.7440714285714285,0,fda_1148,O[C@]1(c2ccc(Cl)cc2)c2ccccc2C2=NCCN21,3.34536004,FDA,MAZINDOL,S,0,0.14264925,0.446003094120554,1380.0
287.4470000000001,3.940400000000003,23.47,1,2,5,1,0.6842105263157895,21,3,0.8863958351409401,0,0,0,0.8323571428571429,0,fda_137,O[C@@](CCN1CCCCC1)(c1ccccc1)C1CCCC1,4.42670679,FDA,CYCRIMINE,S,-1,0.23109041,0.5504877650000602,1069.0
189.214,1.1588999999999998,37.38,0,2,1,1,0.2727272727272727,14,2,0.621507214134734,0,0,0,0.733,0,fda_133,CN1C(=O)C[C@@H](c2ccccc2)C1=O,4.03378391,FDA,PHENSUXIMIDE,XS,-1,0.60494775,0.5755365034746391,980.0
290.403,4.468000000000004,35.53,0,3,9,1,0.5,21,1,0.497064500171454,0,0,0,0.7462142857142857,0,fda_1406,CCCC[C@H](CC)COC(=O)/C=C/c1ccc(OC)cc1,4.14172411,FDA,OCTINOXATE,S,-1,0.5319774,0.5367249246312376,1133.0
331.41600000000017,0.272879999999999,110.58,3,5,2,0,0.8888888888888888,24,6,0.6726618802340836,0,0,0,0.210142857142857,0,fda_1546,N#C[C@@H]1C[C@@H]2C[C@@H]2N1C(=O)[C@@H](N)[C@@]12C[C@@H]3C[C@@](O)(C[C@@](O)(C3)C1)C2,5.49917746,FDA,M SAXAGLIPTIN,M,1,0.83178747,0.6917682330151672,517.0
217.26799999999992,1.771,46.17,1,2,2,1,0.3846153846153846,16,2,0.7672998421844797,0,0,0,0.6702142857142857,0,fda_161,CC[C@]1(c2ccccc2)CCC(=O)NC1=O,5.15297937,FDA,GLUTETHIMIDE,XS,1,0.9832267,0.7808169087750776,85.0
1155.455,-5.8314999999999975,490.6599999999998,18,18,28,0,0.7884615384615384,81,1,0.0346950250075063,3,2,0,0.0,0,fda_1312,CC[C@@H](C)CCCC(=O)N[C@@H](CCN)C(=O)N[C@H](C(=O)N[C@@H](CCN)C(=O)N[C@H]1CCNC(=O)[C@H]([C@@H](C)O)NC(=O)[C@H](CCN)NC(=O)[C@H](CCN)NC(=O)[C@H](CC(C)C)NC(=O)[C@@H](CC(C)C)NC(=O)[C@H](CCN)NC1=O)[C@@H](C)O,5.68684959,FDA,COLISTIN,XL,-1,0.3257963,0.40291952297499534,1560.0
335.4730000000002,2.1975999999999996,56.41,1,3,6,2,0.5294117647058824,23,3,0.8803470485806123,0,0,0,0.5970714285714285,0,fda_1285,CN(C)CCc1c[nH]c2ccc(CS(=O)(=O)N3CCCC3)cc12,4.28862381,FDA,ALMOTRIPTAN,M,-1,0.18565792,0.503616949948008,1223.0
747.9640000000002,2.439700000000004,182.91,4,14,8,0,0.9473684210526316,52,3,0.2658294280815995,2,1,0,0.0,0,fda_1051,CC[C@H]1OC(=O)[C@H](C)[C@@H](O[C@H]2C[C@@](C)(OC)[C@@H](O)[C@H](C)O2)[C@H](C)[C@@H](O[C@@H]2O[C@H](C)C[C@H](N(C)C)[C@H]2O)[C@](C)(OC)C[C@@H](C)C(=O)[C@H](C)[C@@H](O)[C@]1(C)O,5.41407776,FDA,CLARITHROMYCIN,XL,-1,0.8313418,0.5840135763684723,937.0
1270.4410000000005,-4.715700000000025,495.12999999999977,18,15,31,4,0.5084745762711864,91,6,0.0097413264098977,3,2,0,0.0,1,fda_1252,CC(C)C[C@H](NC(=O)[C@@H](COC(C)(C)C)NC(=O)[C@H](Cc1ccc(O)cc1)NC(=O)[C@H](CO)NC(=O)[C@H](Cc1c[nH]c2ccccc12)NC(=O)[C@H](Cc1c[nH]cn1)NC(=O)[C@@H]1CCC(=O)N1)C(=O)N[C@@H](CCCNC(N)=[NH2+])C(=O)N1CCC[C@H]1C(=O)NNC(N)=O,5.91739416,FDA,GOSERELIN,XL,-1,0.90403515,0.5855966864948646,927.0
1350.4100000000003,-7.184700000000015,557.0599999999998,15,21,38,4,0.4137931034482758,94,5,0.0185440312664431,3,2,0,0.0,1,fda_1235,CSCC[C@H](NC(=O)[C@H](Cc1c[nH]c2ccccc12)NC(=O)CNC(=O)[C@@H](NC(=O)[C@H](Cc1ccc(OS(=O)(=O)O)cc1)NC(=O)[C@H](CC(=O)[O-])NC(=O)[C@H](CCC(N)=O)NC(=O)[C@@H]1CCC(=O)N1)[C@@H](C)O)C(=O)N[C@@H](CC(=O)[O-])C(=O)N[C@@H](Cc1ccccc1)C(N)=O,6.95496941,FDA,CERULETIDE,XL,1,0.9331158,0.6599722187492879,670.0
452.43100000000027,-2.4009999999999954,216.2,3,12,9,3,0.25,33,3,0.3094201310733961,1,1,0,0.0,1,fda_103,CN(Cc1cnc2nc(N)nc(N)c2n1)c1ccc(C(=O)N[C@@H](CCC(=O)[O-])C(=O)[O-])cc1,5.24456263,FDA,METHOTREXATE,L,-1,0.47728992,0.476077911321125,1298.0
254.246,-2.213099999999999,102.28,2,8,3,2,0.5,18,2,0.6460832424087163,0,0,0,0.2694285714285714,0,fda_1097,Cn1c(=O)c2c(ncn2C[C@@H](O)CO)n(C)c1=O,3.1321907,FDA,DYPHYLLINE,S,0,0.04190384,0.3096639543743002,1903.0
177.247,1.736,21.26,1,2,1,1,0.4545454545454545,13,2,0.705114488465338,0,0,0,0.8481428571428572,0,fda_1765,C[C@@H]1NCCO[C@H]1c1ccccc1,2.90519977,FDA,PHENMETRAZINE,XS,0,0.045158904,0.3663407231660907,1683.0
434.47100000000034,2.3474000000000004,86.37,1,4,4,3,0.3333333333333333,32,5,0.6830916301031819,0,0,0,0.3830714285714285,1,fda_1737,O=C(c1cc(Cc2n[nH]c(=O)c3ccccc23)ccc1F)N1CCN(C(=O)C2CC2)CC1,6.00663614,FDA,OLAPARIB,L,1,0.964529,0.7822173007190056,80.0
285.41599999999994,4.026800000000002,18.51,1,4,2,2,0.25,20,3,0.7657236071676111,0,0,0,0.8677857142857143,0,fda_1798,CN(C)c1ccc2c(c1)Sc1cc(N(C)C)ccc1N2,4.14355659,FDA,LEUCOMETHYLENE BLUE,S,-1,0.84187376,0.6956956385069353,498.0
651.7940000000003,1.8635000000000028,126.77000000000004,2,12,24,1,0.7647058823529411,46,5,0.1252158273224996,2,1,0,0.0944999999999997,0,fda_1727,C=CCN1CC[C@]23c4c5ccc(O)c4O[C@H]2[C@@H](OCCOCCOCCOCCOCCOCCOCCOC)CC[C@@]3(O)[C@H]1C5,4.62512159,FDA,NALOXEGOL,XL,0,0.08653394,0.2933169037252501,1944.0
391.5550000000001,5.9694000000000065,39.19,0,3,2,1,0.6153846153846154,29,5,0.4604575535940218,1,0,0,0.7200714285714286,0,fda_1519,CC(=O)O[C@H]1CC[C@@]2(C)C(=CC[C@@H]3[C@@H]2CC[C@]2(C)C(c4cccnc4)=CC[C@@H]32)C1,6.30808115,FDA,ABIRATERONE ACETATE,L,1,0.99368805,0.7987003023046964,36.0
315.4170000000001,1.157979999999999,90.35,2,4,2,0,0.8888888888888888,23,6,0.7998067802808753,0,0,0,0.354642857142857,0,fda_1476,N#C[C@@H]1C[C@@H]2C[C@@H]2N1C(=O)[C@@H](N)[C@@]12C[C@@H]3C[C@@H](C[C@@](O)(C3)C1)C2,5.32520533,FDA,SAXAGLIPTIN,S,1,0.94282347,0.7542453257172236,186.0
456.3220000000001,4.245200000000003,90.93,1,7,7,1,0.3809523809523809,30,2,0.4847733126082574,0,0,0,0.3505,0,fda_1551,CCCC(=O)OCOC(=O)C1=C(C)NC(C)=C(C(=O)OC)[C@@H]1c1cccc(Cl)c1Cl,4.21681356,FDA,CLEVIDIPINE,L,0,0.08314762,0.36467010843769654,1696.0
268.356,3.7375000000000025,37.3,1,2,0,1,0.5,20,4,0.7277739364016139,0,0,0,0.7335714285714285,0,fda_1322,C[C@]12CC[C@H]3C(=CCc4cc(O)ccc43)[C@@H]1CCC2=O,5.28230906,FDA,EQUILIN,S,1,0.99853146,0.7918025862625643,53.0
510.4810000000003,-0.1682999999999985,189.06,2,12,9,1,0.4,35,3,0.1474715429500461,2,1,0,0.0,0,fda_1030,CO/N=C(\C(=O)N[C@@H]1C(=O)N2C(C(=O)O[C@H](C)OC(C)=O)=C(COC(N)=O)CS[C@H]12)c1ccco1,4.71639299,FDA,CEFUROXIME AXETIL,XL,0,0.013917212,0.2721532501614262,2010.0
328.4120000000001,2.1353999999999997,95.57999999999998,4,4,8,2,0.3157894736842105,24,2,0.5968389616111595,0,0,0,0.3172857142857144,0,fda_1703,C[C@H](CCc1ccccc1)NC[C@@H](O)c1ccc(O)c(C(N)=O)c1,3.68257022,FDA,LABETALOL,M,0,0.017115405,0.33105502130861186,1825.0
294.442,4.121000000000003,6.48,0,2,4,2,0.4,22,3,0.8366473557753505,0,0,0,0.9537142857142856,0,fda_1140,C[C@H](CN(C)C)CN1c2ccccc2CCc2ccccc21,4.70799875,FDA,TRIMIPRAMINE,S,1,0.83771026,0.7519808753988315,197.0
135.20999999999998,1.5763,26.02,1,1,2,1,0.3333333333333333,10,1,0.6542162175383444,0,0,0,0.8141428571428572,0,fda_1106,C[C@@H](N)Cc1ccccc1,3.33328652,FDA,AMPHETAMINE,XS,-1,0.05524155,0.3821461763236374,1631.0
309.40600000000006,2.2748600000000003,67.79,2,5,7,1,0.5882352941176471,22,1,0.5972565891756851,0,0,0,0.5157857142857143,0,fda_1190,CC(=O)Oc1c(C)cc(OC[C@@H](O)CNC(C)C)c(C)c1C,3.86345172,FDA,METIPRANOLOL,S,-1,0.009601528,0.35987253029639865,1724.0
359.44100000000003,4.280200000000003,39.72,1,4,12,2,0.3333333333333333,26,2,0.4535162810194213,0,1,0,0.7162857142857143,0,fda_1777,CNc1ccc(/C=C/c2ccc(OCCOCCOCCF)cc2)cc1,4.49744749,FDA,FLORBETABEN,M,-1,0.3109249,0.4806110597577476,1291.0
719.9240000000002,2.583500000000007,158.47,4,8,20,2,0.575,52,4,0.152234084939085,1,2,0,0.0,1,fda_1580,CC(C)C[C@H](NC(=O)[C@H](CCc1ccccc1)NC(=O)CN1CCOCC1)C(=O)N[C@@H](Cc1ccccc1)C(=O)N[C@@H](CC(C)C)C(=O)[C@@]1(C)CO1,5.09233522,FDA,CARFILZOMIB,XL,-1,0.4034285,0.4131085529235001,1516.0
215.228,1.1408,49.36,0,3,3,2,0.1538461538461538,16,2,0.7710272896539462,0,0,0,0.6474285714285715,0,fda_1700,COc1ccc2cc(CC(=O)[O-])ccc2c1,3.65143514,FDA,M NABUMETONE,XS,-1,0.92841035,0.6703782623606916,613.0
570.6490000000002,5.906800000000007,77.72999999999999,1,6,3,6,0.2571428571428571,43,9,0.2872183916561939,2,0,0,0.4447857142857143,1,fda_1828,CO[C@@H]1[C@H](N(C)C(=O)c2ccccc2)C[C@H]2O[C@]1(C)n1c3ccccc3c3c4c(c5c6ccccc6n2c5c31)C(=O)NC4,5.1678443,FDA,MIDOSTAURIN,XL,-1,0.98536104,0.6638133729492989,646.0
388.42500000000007,-0.6279999999999981,135.79,3,7,5,1,0.2777777777777778,27,3,0.5715891633840007,0,0,0,0.0300714285714286,0,fda_1052,C/C=C/C1=C(C(=O)[O-])N2C(=O)[C@@H](NC(=O)[C@H](N)c3ccc(O)cc3)[C@H]2SC1,4.23877335,FDA,CEFPROZIL,M,-1,0.028347054,0.3349024684792139,1808.0
386.44800000000026,-0.7646999999999966,112.6,1,6,8,1,0.5714285714285714,28,3,0.6281516884306585,0,0,0,0.1957142857142857,0,fda_1694,C[C@H](N[C@@H](CCc1ccccc1)C(=O)[O-])C(=O)N1[C@H](C(=O)[O-])C[C@@H]2CCC[C@@H]21,4.1586771,FDA,RAMIPRILAT,M,-1,0.05233289,0.3650429197909364,1690.0
531.3160000000003,3.781100000000002,64.60000000000001,3,4,4,2,0.3809523809523809,30,4,0.5262225719674639,1,0,0,0.5385714285714285,1,fda_1800,O=C(c1ccc(F)c(F)c1Nc1ccc(I)cc1F)N1CC(O)([C@@H]2CCCCN2)C1,5.50502443,FDA,COBIMETINIB,XL,-1,0.7382242,0.6676142929722702,626.0
455.45000000000016,2.857100000000001,126.07,1,8,7,5,0.12,34,5,0.3998290004453371,0,0,0,0.0995,1,fda_1536,CCOc1nc2cccc(C(=O)[O-])c2n1Cc1ccc(-c2ccccc2-c2noc(=O)[nH]2)cc1,5.64682531,FDA,M AZILSARTAN KAMEDOXOMIL,L,1,0.7914924,0.6231405659910675,812.0
135.14199999999997,-0.0210000000000006,40.129999999999995,0,2,2,1,0.125,10,1,0.5713429347387613,0,0,0,0.7133571428571429,0,fda_1607,O=C([O-])Cc1ccccc1,2.88766408,FDA,PHENYLACETATE,XS,0,0.24621344,0.38534440852874885,1622.0
167.20799999999997,0.7728000000000002,66.48,3,3,2,1,0.3333333333333333,12,1,0.6092207315266324,0,0,0,0.5251428571428571,0,fda_160,C[C@H](N)[C@H](O)c1cccc(O)c1,3.08983922,FDA,METARAMINOL,XS,-1,0.06085865,0.33094144546314197,1826.0
437.7790000000001,7.0161000000000024,27.05,0,4,6,4,0.15,27,4,0.3240113707540214,1,0,0,0.8067857142857142,1,fda_1294,Clc1ccc([C@@H](Cn2ccnc2)OCc2csc3c(Cl)cccc23)c(Cl)c1,4.61988211,FDA,SERTACONAZOLE,L,-1,0.5368604,0.5390798973009736,1121.0
356.44200000000023,1.6699999999999997,66.76,2,4,2,1,0.6666666666666666,26,6,0.7913895398394191,0,0,0,0.5231428571428571,0,fda_1431,C[N@@+]1(CC2CC2)CC[C@]23c4c5ccc(O)c4O[C@H]2C(=O)CC[C@@]3(O)[C@H]1C5,4.4481082,FDA,METHYLNALTREXONE,M,-1,0.97373044,0.7246749346908539,339.0
434.50400000000025,2.3224,100.90000000000002,2,6,3,0,0.7083333333333334,31,4,0.661485150928691,0,0,0,0.2792857142857141,0,fda_1350,CC(=O)OCC(=O)[C@@]1(O)[C@H](C)C[C@H]2[C@@H]3C[C@H](F)C4=CC(=O)C=C[C@]4(C)[C@H]3[C@@H](O)C[C@@]21C,5.64472342,FDA,PARAMETHASONE ACETATE,L,-1,0.9800882,0.7498996798378418,208.0
244.207,-3.1679999999999997,143.72000000000003,4,9,2,1,0.625,17,2,0.4262474653048269,0,1,0,0.0,0,fda_1073,Nc1ncn([C@@H]2O[C@H](CO)[C@@H](O)[C@H]2O)c(=O)n1,3.25714946,FDA,AZACITIDINE,XS,-1,0.002675804,0.23468012083364218,2076.0
236.315,1.7674,55.56,1,4,6,1,0.4615384615384615,17,1,0.6038456847188672,0,0,0,0.6031428571428572,0,fda_122,CCN(CC)CCOC(=O)c1ccc(N)cc1,3.26402688,FDA,PROCAINE,XS,-1,0.01073811,0.3333562334435946,1814.0
440.4110000000002,5.182000000000006,49.77,1,3,5,1,0.6956521739130435,29,4,0.6421337808881203,1,0,0,0.6445000000000001,0,fda_1559,C[C@]12CC[C@@H]3c4ccc(OC(=O)N(CCCl)CCCl)cc4CC[C@H]3[C@@H]1CC[C@@H]2O,5.51277685,FDA,ESTRAMUSTINE,L,-1,0.9876637,0.7766986212213864,100.0
238.197,0.7035000000000001,73.80000000000001,1,4,3,2,0.1,17,2,0.8549954528788274,0,0,0,0.4728571428571427,0,fda_1453,NC(=O)c1cn(Cc2c(F)cccc2F)nn1,3.86161923,FDA,RUFINAMIDE,XS,-1,0.8802636,0.6682132420375246,621.0
289.4189999999999,3.924200000000003,29.54,0,3,8,1,0.6111111111111112,21,2,0.5363384776583598,0,0,0,0.789,0,fda_170,CCCCOc1ccc(C(=O)CCN2CCCCC2)cc1,3.66893363,FDA,DYCLONINE,S,-1,0.14920568,0.4049137368057624,1554.0
233.31099999999995,2.0852999999999997,38.33,1,3,3,1,0.5,17,2,0.8123400616112664,0,0,0,0.7262142857142857,0,fda_1470,COC(=O)[C@H](c1ccccc1)[C@@H]1CCCCN1,3.60453343,FDA,METHYLPHENIDATE,XS,-1,0.029894112,0.41407643665769434,1510.0
411.7850000000001,6.637000000000003,17.82,0,3,7,3,0.2105263157894736,25,3,0.4056053342949886,1,0,0,0.8727142857142858,1,fda_1245,Clc1ccc(CC[C@@H](Cn2ccnc2)Sc2c(Cl)cccc2Cl)cc1,4.88568926,FDA,BUTOCONAZOLE,L,-1,0.20863709,0.4798921637465513,1293.0
387.88700000000017,1.8135000000000008,55.84,0,5,8,2,0.3809523809523809,27,3,0.6465285493358316,0,0,0,0.6011428571428572,0,fda_1189,O=C([O-])COCCN1CCN([C@H](c2ccccc2)c2ccc(Cl)cc2)CC1,3.60457516,FDA,LEVOCETIRIZINE,M,0,0.018575486,0.36501397281796405,1691.0
386.44800000000015,2.3760000000000003,100.05,4,6,7,2,0.3809523809523809,28,3,0.5830459262462236,0,0,0,0.2853571428571427,0,fda_1741,COc1ccc(CC(C)(C)NC[C@H](O)c2cc(O)cc3c2OCC(=O)N3)cc1,4.04980516,FDA,OLODATEROL,M,0,0.079309605,0.36637505793039443,1682.0
254.289,2.492900000000001,66.56,2,2,0,2,0.1333333333333333,19,3,0.7581194848865717,0,0,0,0.5245714285714286,0,fda_1653,NC(=O)N1c2ccccc2C[C@@H](O)c2ccccc21,4.15954971,FDA,M OXCARBAZEPINE,S,-1,0.961982,0.6968706624845324,490.0
406.56600000000014,5.672800000000006,43.370000000000005,0,3,4,1,0.6296296296296297,30,5,0.6049275845173735,1,0,0,0.6902142857142857,0,fda_1345,C[C@]12CC[C@H]3[C@@H](CCC4=CC(=O)CC[C@@H]43)[C@@H]1CC[C@@H]2OC(=O)CCc1ccccc1,6.30494165,FDA,NANDROLONE PHENPROPIONATE,L,1,0.98497945,0.8218026823095866,8.0
519.6870000000004,1.7112000000000025,150.70000000000002,4,5,8,0,0.8148148148148148,37,3,0.3600552638977883,1,1,0,0.0,0,fda_1517,CC(C)(C)NC(=O)N[C@H](C(=O)N1C[C@H]2[C@@H]([C@H]1C(=O)N[C@@H](CC1CCC1)C(=O)C(N)=O)C2(C)C)C(C)(C)C,5.36858225,FDA,BOCEPREVIR,XL,-1,0.35178414,0.4561899584669751,1347.0
374.91200000000015,3.055900000000001,35.940000000000005,1,4,8,2,0.4285714285714285,26,3,0.720292463198365,0,0,0,0.7432857142857143,0,fda_1109,OCCOCCN1CCN([C@H](c2ccccc2)c2ccc(Cl)cc2)CC1,3.58753514,FDA,HYDROXYZINE,M,0,0.003419467,0.38838496163056035,1607.0
486.43600000000015,4.608100000000005,91.18,4,6,16,2,0.5,32,2,0.2593069982474659,0,1,0,0.3487142857142856,1,fda_1605,OCc1cc([C@@H](O)CNCCCCCCOCCOCc2c(Cl)cccc2Cl)ccc1O,4.59735012,FDA,VILANTEROL,XL,0,0.010707922,0.32109867563536065,1864.0
349.51800000000003,5.398600000000005,33.120000000000005,1,2,1,1,0.625,26,5,0.6887813871003827,1,0,0,0.7634285714285713,0,fda_1489,C[C@]12CC[C@H](O)CC1=CC[C@@H]1[C@@H]2CC[C@]2(C)C(c3cccnc3)=CC[C@@H]12,5.90645599,FDA,ABIRATERONE,M,1,0.99719244,0.8250212031125358,6.0
444.4230000000002,0.9115199999999996,152.24,3,9,6,3,0.3,32,3,0.5072974072735444,0,1,0,0.0,1,fda_1438,Cc1nnc(C(=O)NC(C)(C)c2nc(C(=O)NCc3ccc(F)cc3)c(O)c(=O)n2C)o1,4.84367323,FDA,RALTEGRAVIR,L,-1,0.76909024,0.5785078756614838,967.0
682.6840000000001,-1.3789999999999978,228.9,2,16,11,3,0.2727272727272727,43,5,0.0781320855067188,2,2,0,0.0,1,fda_1502,CCO/N=C(\C(=O)N[C@@H]1C(=O)N2C(C(=O)[O-])=C(Sc3nc(-c4cc[n+](C)cc4)cs3)CS[C@H]12)c1nsc(NP(=O)([O-])[O-])n1,5.53061104,FDA,CEFTAROLINE,XL,-1,0.29572365,0.39296442453271263,1587.0
179.159,-1.4106000000000007,70.99000000000001,0,5,0,2,0.2857142857142857,13,2,0.4977860727271668,0,0,0,0.4929285714285714,0,fda_149,Cn1c(=O)c2[n-]cnc2n(C)c1=O,3.50861049,FDA,OXTRIPHYLLINE,XS,-1,0.7004097,0.5230851110915146,1166.0
326.3960000000001,2.3108000000000004,65.56,2,4,2,2,0.5263157894736842,24,6,0.8313731396942865,0,0,0,0.5317142857142857,0,fda_1568,O=C(O[C@@H]1C[C@@H]2C[C@@H]3C[C@H](C1)N2C[C@@H]3O)c1c[nH]c2ccccc12,3.87061381,FDA,M DOLASETRON,M,0,0.07822372,0.4293163772494885,1459.0
384.259,3.9643000000000033,64.63,1,5,4,1,0.3333333333333333,25,2,0.7964461277127532,0,0,0,0.5383571428571429,0,fda_1188,CCOC(=O)C1=C(C)NC(C)=C(C(=O)OC)[C@H]1c1cccc(Cl)c1Cl,4.31650352,FDA,FELODIPINE,M,-1,0.17929457,0.4807730844454119,1290.0
441.54900000000015,4.374260000000002,84.86,2,6,5,2,0.4166666666666667,31,4,0.7166041254699328,0,0,0,0.3938571428571429,1,fda_1548,Cc1c(C)c2c(c(C)c1O)CC[C@](C)(COc1ccc(C[C@H]3SC(=O)NC3=O)cc1)O2,5.09572363,FDA,TROGLITAZONE,L,-1,0.9882157,0.7410130850181579,257.0
835.0080000000005,5.077420000000006,214.07999999999996,7,14,4,2,0.5777777777777777,60,7,0.1218710560553279,4,1,3,0.0,1,fda_1652,CO[C@H]1/C=C/O[C@@]2(C)Oc3c(C)c(O)c4c(O)c(c(/C=N/N5CCN(C6CCCC6)CC5)c(O)c4c3C2=O)NC(=O)/C(C)=C\C=C\[C@H](C)[C@H](O)[C@@H](C)[C@@H](O)[C@@H](C)[C@H](O)[C@@H]1C,4.61441231,FDA,M RIFAPENTINE,XL,0,0.28645065,0.24251351875208735,2067.0
748.9960000000001,1.9007000000000056,180.08,5,14,7,0,0.9736842105263158,52,3,0.2384754411912263,2,1,0,0.0,0,fda_1054,CC[C@H]1OC(=O)[C@H](C)[C@@H](O[C@H]2C[C@@](C)(OC)[C@@H](O)[C@H](C)O2)[C@H](C)[C@@H](O[C@@H]2O[C@H](C)C[C@H](N(C)C)[C@H]2O)[C@](C)(O)C[C@@H](C)CN(C)[C@H](C)[C@@H](O)[C@]1(C)O,5.04068613,FDA,AZITHROMYCIN,XL,-1,0.36148223,0.41459255213775126,1507.0
348.50700000000023,3.4841000000000015,46.53,1,3,8,1,0.6666666666666666,25,2,0.5777859217395951,0,0,0,0.6676428571428572,0,fda_1212,CC[N+](C)(CC)CCOC(=O)[C@](O)(c1ccccc1)C1CCCCC1,3.83411193,FDA,OXYPHENONIUM,M,0,0.25865224,0.44407266880647356,1392.0
222.251,-0.8561000000000003,115.04,2,6,2,1,0.25,13,1,0.6318586926732331,0,0,0,0.1782857142857143,0,fda_136,CC(=O)Nc1nnc(S(N)(=O)=O)s1,3.84131455,FDA,ACETAZOLAMIDE,XS,-1,0.15107375,0.37412147883670066,1652.0
320.396,2.591400000000001,72.94,2,4,3,3,0.2631578947368421,24,4,0.7788736009496425,0,0,0,0.479,0,fda_1834,NC(=O)c1cccc2cn(-c3ccc([C@@H]4CCCNC4)cc3)nc12,4.1349535,FDA,NIRAPARIB,M,-1,0.9730662,0.6982750646607121,484.0
245.662,1.1750000000000005,81.78000000000002,2,4,5,1,0.3,16,1,0.8160595704353588,0,0,0,0.4158571428571427,0,fda_1359,NC(=O)OC[C@@H](O)COc1ccc(Cl)cc1,3.03908849,FDA,CHLORPHENESIN CARBAMATE,XS,-1,0.066293836,0.35988611813048615,1723.0
471.43000000000023,-3.4004999999999965,225.5,5,11,10,2,0.3,34,3,0.2145563580923106,1,1,0,0.0,1,fda_105,Nc1nc(=O)c2c([nH]1)NC[C@@H](CNc1ccc(C(=O)N[C@@H](CCC(=O)[O-])C(=O)[O-])cc1)N2C=O,4.3214469,FDA,LEUCOVORIN,L,0,0.04581631,0.2708203332978186,2013.0
319.333,1.3985199999999995,95.89,1,6,6,1,0.4117647058823529,23,2,0.6287376853936307,0,0,0,0.3150714285714285,0,fda_1072,COc1c(C)c2c(c(O)c1C/C=C(\C)CCC(=O)[O-])C(=O)OC2,4.53480864,FDA,MYCOPHENOLIC ACID,M,-1,0.7350273,0.6050652345697648,875.0
451.40500000000026,3.412320000000002,100.58,1,6,5,3,0.2083333333333333,33,5,0.6382168999302117,0,0,0,0.2815714285714285,1,fda_1782,Cc1ccc(NC(=O)C2(c3ccc4c(c3)OC(F)(F)O4)CC2)nc1-c1cccc(C(=O)[O-])c1,5.86335182,FDA,LUMACAFTOR,L,1,0.99604285,0.7637234918937251,150.0
666.5250000000004,-0.1594999999999986,213.02,2,16,7,2,0.5517241379310345,46,7,0.290192838457237,2,1,0,0.0,1,fda_1395,COc1cc([C@@H]2c3cc4c(cc3[C@@H](O[C@@H]3O[C@@H]5CO[C@@H](C)O[C@H]5[C@H](O)[C@H]3O)[C@H]3COC(=O)[C@H]23)OCO4)cc(OC)c1OP(=O)([O-])[O-],4.15963507,FDA,ETOPOSIDE PHOSPHATE,XL,0,0.021964595,0.26882822171473053,2016.0
433.0390000000001,6.544700000000008,6.48,0,2,5,3,0.3571428571428571,31,4,0.450917622424228,1,0,0,0.9537142857142856,1,fda_1112,CC(C)(C)c1ccc(CN2CCN([C@H](c3ccccc3)c3ccc(Cl)cc3)CC2)cc1,4.43340921,FDA,BUCLIZINE,L,-1,0.13520944,0.4471762630270426,1378.0
441.5350000000002,4.029580000000003,102.29,2,5,7,4,0.3076923076923077,33,5,0.42169344518712,0,0,0,0.2693571428571429,1,fda_1511,N#Cc1ccc2[nH]cc(CCCCN3CCN(c4ccc5oc(C(N)=O)cc5c4)CC3)c2c1,4.82145548,FDA,VILAZODONE,L,-1,0.76077217,0.5844592713807738,936.0
287.35900000000004,1.8503,41.93,1,4,1,1,0.5294117647058824,21,4,0.8005242690101381,0,0,0,0.7005,0,fda_1290,COc1ccc2c3c1O[C@H]1C[C@@H](O)C=C[C@@]31CCN(C)C2,4.23226118,FDA,GALANTAMINE,S,-1,0.50375587,0.589954001878874,917.0
1096.3469999999998,0.8216000000000108,355.0799999999999,13,14,17,5,0.4074074074074074,77,6,0.0453319191804842,3,2,0,0.0,1,fda_1436,CC(C)[C@@H]1NC(=O)[C@@H](CCCCN)NC(=O)[C@@H](Cc2c[nH]c3ccccc23)NC(=O)[C@H](Cc2ccc(O)cc2)NC(=O)[C@@H](NC(=O)[C@H](N)Cc2ccc3ccccc3c2)CSSC[C@@H](C(=O)N[C@H](C(N)=O)[C@@H](C)O)NC1=O,5.5477066,FDA,LANREOTIDE,XL,-1,0.7492298,0.5235089411610081,1165.0
492.5910000000001,5.6295000000000055,77.52,1,5,5,2,0.4827586206896552,36,5,0.5476460146101547,1,0,0,0.4462857142857143,1,fda_1710,CCOC(=O)N[C@@H]1CC[C@@H]2[C@@H](C1)C[C@H]1C(=O)O[C@H](C)[C@H]1[C@H]2/C=C/c1ccc(-c2cccc(F)c2)cn1,5.92942858,FDA,VORAPAXAR,XL,-1,0.9711756,0.7586893774804068,171.0
298.45500000000004,4.487000000000004,6.48,0,3,4,2,0.3333333333333333,21,3,0.8210774052142695,0,0,1,0.9537142857142856,0,fda_1115,C[C@H](CN(C)C)CN1c2ccccc2Sc2ccccc21,4.2617135,FDA,TRIMEPRAZINE,S,-1,0.49973002,0.5199918902417736,1174.0
452.5380000000002,4.683000000000005,75.99000000000001,2,5,12,1,0.56,32,2,0.2735536224666615,0,1,0,0.4572142857142857,0,fda_1529,CC(C)OC(=O)CCC/C=C\C[C@@H]1[C@@H](/C=C/C(F)(F)COc2ccccc2)[C@H](O)C[C@@H]1O,5.40237474,FDA,TAFLUPROST,L,-1,0.6183775,0.5666699116712537,1012.0
144.60099999999997,1.5132,20.23,1,1,2,0,0.4285714285714285,9,0,0.5829710350354784,0,0,0,0.8555,0,fda_1105,C#C[C@@](O)(/C=C/Cl)CC,3.12859273,FDA,ETHCHLORVYNOL,XS,-1,0.53833,0.5043549596655627,1221.0
285.391,2.658400000000001,28.6,0,4,7,2,0.3529411764705882,21,2,0.7817668594270732,0,0,0,0.7957142857142857,0,fda_100,COc1ccc(CN(CCN(C)C)c2ccccn2)cc1,3.7501862,FDA,PYRILAMINE,S,-1,0.087783284,0.4412474140994584,1405.0
1141.4699999999996,1.227799999999997,325.4599999999999,10,12,16,2,0.6333333333333333,82,5,0.1135616701486414,3,2,0,0.0,1,fda_1075,CC(C)C[C@@H]1NC(=O)[C@H](CCCN)NC(=O)[C@@H](C(C)C)NC(=O)[C@@H]2CCCN2C(=O)[C@@H](Cc2ccccc2)NC(=O)[C@H](CC(C)C)NC(=O)[C@H](CCCN)NC(=O)[C@H](C(C)C)NC(=O)[C@@H]2CCCN2C(=O)[C@@H](Cc2ccccc2)NC1=O,5.39498138,FDA,GRAMICIDIN,XL,-1,0.15267111,0.3487829075446651,1757.0
343.898,5.104400000000005,12.47,0,2,6,2,0.4285714285714285,24,3,0.7227145221154115,1,0,0,0.9109285714285714,0,fda_1231,CN1CCC[C@@H]1CCO[C@](C)(c1ccccc1)c1ccc(Cl)cc1,4.77817106,FDA,CLEMASTINE,M,-1,0.31764063,0.5732158454450871,988.0
515.1110000000003,-1.1262999999999983,173.98999999999998,2,9,11,1,0.45,34,2,0.3460574596603075,1,2,0,0.0,0,fda_1821,CC(C)C[C@H](NC(=O)CNC(=O)c1cc(Cl)ccc1Cl)B1OC(=O)C(CC(=O)[O-])(CC(=O)[O-])O1,4.60250998,FDA,IXAZOMIB CITRATE,XL,0,0.032662142,0.3104813346797839,1901.0
300.74500000000006,2.4722,52.900000000000006,1,3,1,2,0.125,21,3,0.879421465403288,0,0,0,0.6221428571428571,0,fda_1157,CN1C(=O)[C@H](O)N=C(c2ccccc2)c2cc(Cl)ccc21,3.69718289,FDA,TEMAZEPAM,S,-1,0.7813493,0.6482272219455372,713.0
240.4349999999999,2.637500000000001,0.0,0,0,6,0,1.0,17,2,0.4944792209997182,0,0,0,1.0,0,fda_154,C[N+]1(CCCCC[N+]2(C)CCCC2)CCCC1,3.11972356,FDA,PENTOLINIUM,XS,-1,0.570715,0.5102759571524839,1204.0
396.6590000000001,7.641000000000008,20.23,1,1,5,0,0.7142857142857143,29,3,0.4732790343822408,1,0,0,0.8555,0,fda_10,C=C1CC[C@H](O)C/C1=C/C=C1\CCC[C@]2(C)[C@@H]([C@H](C)/C=C/[C@H](C)C(C)C)CC[C@@H]12,5.39842844,FDA,ERGOCALCIFEROL,L,-1,0.99718314,0.759842273115369,168.0
400.6030000000003,6.400500000000007,43.370000000000005,0,3,6,0,0.8461538461538461,29,4,0.3825496385561263,1,0,0,0.6902142857142857,0,fda_1334,CCCCCCC(=O)O[C@H]1CC[C@H]2[C@@H]3CCC4=CC(=O)CC[C@]4(C)[C@H]3CC[C@]12C,5.52111292,FDA,TESTOSTERONE ENANTHATE,L,-1,0.9903618,0.7306759628842876,317.0
212.249,0.7948999999999999,75.27000000000001,2,3,3,0,0.7,15,1,0.6791427219817272,0,0,0,0.4623571428571428,0,fda_1774,CC[C@H](C)C1(CC)C(=O)NC(=O)NC1=O,4.94630575,FDA,BUTABARBITAL,XS,1,0.9940612,0.7329237522129257,301.0
889.0169999999997,8.607300000000006,174.63999999999996,4,8,10,5,0.4693877551020408,65,10,0.1078810328858633,2,1,0,0.0,1,fda_1731,COC(=O)N[C@H](C(=O)N1CC2(CC2)C[C@H]1c1ncc(-c2ccc3c(c2)C(F)(F)c2cc(-c4ccc5nc([C@@H]6[C@H]7CC[C@H](C7)N6C(=O)[C@@H](NC(=O)OC)C(C)C)[nH]c5c4)ccc2-3)[nH]1)C(C)C,5.6843648,FDA,LEDIPASVIR,XL,-1,0.9925236,0.6174219083950524,827.0
738.8900000000001,6.222000000000006,174.63999999999996,4,8,11,4,0.45,54,6,0.1402981854910489,2,2,0,0.0,1,fda_1785,COC(=O)N[C@H](C(=O)N1CCC[C@H]1c1ncc(-c2ccc(-c3ccc(-c4cnc([C@@H]5CCCN5C(=O)[C@@H](NC(=O)OC)C(C)C)[nH]4)cc3)cc2)[nH]1)C(C)C,5.53621912,FDA,DACLATASVIR,XL,-1,0.96991044,0.6079990346099035,866.0
243.257,2.3461,40.129999999999995,0,2,3,2,0.1333333333333333,18,2,0.829740682106172,0,0,0,0.7133571428571429,0,fda_1168,C[C@@H](C(=O)[O-])c1ccc(-c2ccccc2)c(F)c1,4.56908607,FDA,FLURBIPROFEN,XS,1,0.96318895,0.7556536067243,181.0
368.4970000000001,4.730800000000005,35.53,0,3,6,2,0.4347826086956521,27,3,0.5460960608858308,0,0,0,0.7462142857142857,0,fda_128,CC(C)[N+](C)(CCOC(=O)C1c2ccccc2Oc2ccccc21)C(C)C,4.58011293,FDA,PROPANTHELINE,M,-1,0.35831797,0.5214280936940577,1172.0
1361.5750000000005,-9.041700000000017,530.2399999999998,15,26,9,1,0.58,89,5,0.0806348091117694,3,1,0,0.0,0,fda_1582,C[C@@H]1NC(=O)[C@@H]2CCCN2C(=O)[C@H](CC(N)=O)NC(=O)[C@H]2CSSC[C@H](N)C(=O)N[C@H]3CSSC[C@H](NC1=O)C(=O)N[C@@H]([C@@H](C)O)C(=O)NCC(=O)N[C@H](C(=O)[O-])CSSC[C@@H](NC(=O)[C@H](Cc1ccc(O)cc1)NC(=O)[C@H](CCC(=O)[O-])NC3=O)C(=O)N2,5.26472235,FDA,M LINACLOTIDE,XL,-1,0.49664423,0.4373685048940432,1427.0
460.56000000000034,1.2687,122.21,2,8,7,3,0.4761904761904761,32,4,0.5443497435384126,0,0,0,0.1270714285714286,1,fda_1563,CCCc1nn(C)c2c(=O)[nH]c(-c3cc(S(=O)(=O)N4CCNCC4)ccc3OCC)nc12,4.88391161,FDA,M SILDENAFIL,L,-1,0.06351574,0.3894308914526579,1600.0
301.386,2.956800000000002,72.72,4,4,7,2,0.3333333333333333,22,2,0.593334886982252,0,0,1,0.4805714285714285,0,fda_1155,C[C@H](CCc1ccc(O)cc1)NCCc1ccc(O)c(O)c1,3.60755372,FDA,DOBUTAMINE,S,-1,0.49401385,0.3851330251780953,1623.0
537.5760000000002,4.639200000000005,58.2,2,2,14,2,0.5,36,2,0.2726617298998794,1,1,0,0.5842857142857143,1,fda_179,CC[N+](CC)(CCNC(=O)C(=O)NCC[N+](CC)(CC)Cc1ccccc1Cl)Cc1ccccc1Cl,4.3643117,FDA,AMBENONIUM,XL,0,0.18189883,0.384334223374798,1625.0
330.4680000000001,3.695900000000003,54.370000000000005,1,3,2,0,0.8095238095238095,24,4,0.8398032346789407,0,0,0,0.6116428571428572,0,fda_1791,C[C@]12CC[C@H]3[C@@H](CCC4=CC(=O)CC[C@@]43C)[C@@H]1CC[C@@H]2C(=O)CO,5.57008219,FDA,DESOXYCORTICOSTERONE,M,1,0.99551034,0.8188294867118608,9.0
301.47400000000016,4.330500000000004,23.47,1,2,5,1,0.7,22,3,0.8747104302685795,0,0,0,0.8323571428571429,0,fda_1094,O[C@](CCN1CCCCC1)(c1ccccc1)C1CCCCC1,4.64758301,FDA,TRIHEXYPHENIDYL,S,-1,0.30902457,0.585131836697095,930.0
186.236,-0.2072999999999999,86.18,2,3,2,1,0.1428571428571428,12,1,0.6698196794692757,0,0,0,0.3844285714285713,0,fda_1223,NCc1ccc(S(N)(=O)=O)cc1,3.19087005,FDA,MAFENIDE,XS,-1,0.30106342,0.40727241991634,1548.0
257.377,3.080400000000002,23.47,1,2,0,1,0.6470588235294118,19,4,0.7718143750897628,0,0,0,0.8323571428571429,0,fda_127,CN1CC[C@]23CCCC[C@H]2[C@H]1Cc1ccc(O)cc13,4.80286455,FDA,LEVORPHANOL,S,1,0.9793091,0.7751997540351524,104.0
484.50300000000016,-7.2914000000000065,282.61000000000007,11,15,6,0,1.0,33,3,0.1668536519334857,2,1,0,0.0,0,fda_1318,NC[C@H]1O[C@H](O[C@H]2[C@H](O)[C@@H](O[C@H]3O[C@H](CO)[C@@H](O)[C@H](N)[C@H]3O)[C@H](N)C[C@@H]2N)[C@H](O)[C@@H](O)[C@@H]1O,3.35400271,FDA,KANAMYCIN,XL,0,0.016516538,0.19291751453820574,2110.0
309.45300000000003,4.292000000000004,20.31,0,2,7,2,0.3809523809523809,23,2,0.7601212787758543,0,0,0,0.8549285714285714,0,fda_1090,CCC(=O)C(C[C@H](C)N(C)C)(c1ccccc1)c1ccccc1,4.64024687,FDA,METHADONE,S,-1,0.8985799,0.7408860248278556,258.0
389.8860000000001,1.2295000000000005,118.36,3,5,2,1,0.4285714285714285,24,4,0.6571692284800612,0,0,0,0.1545714285714287,0,fda_1461,NS(=O)(=O)c1cc2c(cc1Cl)N[C@@H]([C@H]1C[C@@H]3C=C[C@H]1C3)NS2(=O)=O,4.88519669,FDA,CYCLOTHIAZIDE,M,-1,0.16707715,0.4458923454838704,1381.0
197.381,2.5084999999999997,0.0,0,0,0,0,1.0,7,0,0.523506439863351,0,0,0,1.0,0,fda_1761,FC(F)(F)[C@@H](Cl)Br,3.13127232,FDA,HALOTHANE,XS,-1,0.21078739,0.40881425497558366,1538.0
276.42400000000004,3.7524400000000018,32.34,1,2,7,1,0.5882352941176471,20,1,0.8222609245677037,0,0,0,0.769,0,fda_1384,CCCN(CC)[C@H](CC)C(=O)Nc1c(C)cccc1C,3.58532333,FDA,ETIDOCAINE,S,-1,0.24631356,0.484082114196379,1279.0
761.8500000000001,3.413240000000002,168.72,4,15,3,3,0.4871794871794871,54,10,0.2263033430827385,2,1,1,0.0,1,fda_1808,COc1cc2c(cc1O)CCN[C@]21CS[C@H]2c3c(OC(C)=O)c(C)c4c(c3[C@@H](COC1=O)N1[C@@H]2[C@H]2c3c(cc(C)c(OC)c3O)C[C@@H]([C@@H]1O)N2C)OCO4,4.794662,FDA,TRABECTEDIN,XL,-1,0.415088,0.3130904238670292,1887.0
249.317,2.4668,41.62,1,3,0,2,0.1875,19,4,0.7789519520165338,0,0,0,0.7027142857142857,0,fda_1201,NC1=NC[C@@H]2c3ccccc3Cc3ccccc3N12,4.77140093,FDA,EPINASTINE,XS,1,0.93866783,0.7495331787399224,211.0
398.48200000000014,3.3349400000000013,77.23,3,3,7,2,0.3636363636363636,29,3,0.6263032743124629,0,0,0,0.4483571428571428,0,fda_1304,CCN(CC)CCNC(=O)c1c(C)[nH]c(/C=C2\C(=O)Nc3ccc(F)cc32)c1C,4.86630297,FDA,SUNITINIB,L,-1,0.90453494,0.6891716458831997,532.0
212.29299999999995,0.8988999999999999,63.4,1,2,5,0,0.8181818181818182,15,1,0.7355284136638995,0,0,0,0.5471428571428572,0,fda_1799,CCC[C@@H]1CC(=O)N([C@@H](CC)C(N)=O)C1,3.57732272,FDA,BRIVARACETAM,XS,-1,0.8030093,0.6110659716694771,856.0
200.237,2.9712000000000014,29.46,1,2,3,2,0.0769230769230769,15,2,0.8248951292816564,0,0,0,0.7895714285714286,0,fda_107,Oc1ccc(OCc2ccccc2)cc1,3.54323173,FDA,MONOBENZONE,XS,-1,0.15041625,0.45530503067666883,1350.0
339.4830000000001,3.361900000000002,59.22,1,3,8,2,0.4285714285714285,25,2,0.8020711980677477,0,0,0,0.577,0,fda_1150,CC(C)N(CC[C@](C(N)=O)(c1ccccc1)c1ccccn1)C(C)C,4.72393084,FDA,DISOPYRAMIDE,M,-1,0.2485143,0.5316164701874544,1144.0
448.3070000000002,0.2486999999999994,158.45,0,11,6,3,0.2352941176470588,31,4,0.4784839534822249,1,1,0,0.0,1,fda_1717,Cn1nnc(-c2ccc(-c3ccc(N4C[C@H](COP(=O)([O-])[O-])OC4=O)cc3F)cn2)n1,5.73464251,FDA,TEDIZOLID PHOSPHATE,L,1,0.9499284,0.6818598944825413,562.0
1792.117,3.1604999999999923,563.8100000000002,19,29,19,7,0.4186046511627907,125,15,0.0552678967377424,3,2,0,0.0,1,fda_1714,CN[C@H](CC(C)C)C(=O)N[C@H]1C(=O)N[C@@H](CC(N)=O)C(=O)N[C@H]2C(=O)N[C@H]3C(=O)N[C@H](C(=O)N[C@H](C(=O)[O-])c4cc(O)cc(O)c4-c4cc3ccc4O)[C@H](O[C@H]3C[C@](C)(N)[C@@H](O)[C@H](C)O3)c3ccc(c(Cl)c3)Oc3cc2cc(c3O[C@@H]2O[C@H](CO)[C@@H](O)[C@H](O)[C@H]2O[C@H]2C[C@](C)(NCc3ccc(-c4ccc(Cl)cc4)cc3)[C@@H](O)[C@H](C)O2)Oc2ccc(cc2Cl)[C@H]1O,5.81857729,FDA,ORITAVANCIN,XL,-1,0.9593291,0.605205361666512,874.0
448.9500000000001,5.683140000000005,69.64,2,3,3,3,0.2307692307692307,32,4,0.540891219756549,1,0,0,0.5025714285714286,1,fda_1472,Cc1ccccc1C(=O)Nc1ccc(C(=O)N2CCC[C@@H](O)c3cc(Cl)ccc32)c(C)c1,5.71758032,FDA,TOLVAPTAN,L,1,0.9369163,0.7396442241124151,265.0
160.17999999999998,0.9153999999999998,63.83,2,4,1,2,0.0,12,2,0.480554166108739,0,0,0,0.5440714285714285,0,fda_113,NNc1nncc2ccccc12,3.32749867,FDA,HYDRALAZINE,XS,-1,0.7383827,0.5249925794656513,1160.0
328.41300000000007,-3.2937999999999956,153.1,5,4,7,0,0.8,23,1,0.2437291823447372,0,1,0,0.0,0,fda_1723,CCC(CC)[C@H](NC(C)=O)[C@@H]1[C@H](O)[C@@H](C(=O)[O-])C[C@H]1NC(N)=[NH2+],4.52463579,FDA,PERAMIVIR,M,-1,0.070815295,0.29666636348192,1932.0
478.8850000000002,0.4390000000000007,181.62,6,9,2,1,0.4090909090909091,33,4,0.3283008516696476,1,1,0,0.0,0,fda_1002,CN(C)[C@@H]1C(O)=C(C(N)=O)C(=O)[C@@]2(O)C(O)=C3C(=O)c4c(O)ccc(Cl)c4[C@@](C)(O)[C@H]3C[C@@H]12,4.24798059,FDA,CHLORTETRACYCLINE,L,0,0.01891597,0.28097529197635146,1986.0
1141.274,-3.9988000000000143,432.45999999999987,11,18,33,4,0.3877551020408163,78,4,0.0202574805861622,3,2,0,0.0,1,fda_1382,CSCC[C@H](NC(=O)[C@H](Cc1ccc(OS(=O)(=O)O)cc1)NC(=O)[C@@H](N)CC(=O)[O-])C(=O)NCC(=O)N[C@@H](Cc1c[nH]c2ccccc12)C(=O)N[C@@H](CCSC)C(=O)N[C@@H](CC(=O)[O-])C(=O)N[C@@H](Cc1ccccc1)C(N)=O,6.38599157,FDA,SINCALIDE,XL,1,0.8452453,0.5989178020933128,895.0
435.8950000000001,3.1380000000000017,112.41,1,7,8,4,0.2272727272727272,31,4,0.4546066211556448,0,0,0,0.1970714285714285,1,fda_1671,CCCCc1nc(Cl)c(C(=O)[O-])n1Cc1ccc(-c2ccccc2-c2nnn[nH]2)cc1,5.09315157,FDA,M LOSARTAN,L,-1,0.97226465,0.663991333594573,642.0
450.41700000000014,3.7317800000000023,90.43,1,4,3,2,0.2,31,3,0.5685786906882935,0,0,0,0.3540714285714285,1,fda_1591,CC1(C)C(=O)N(c2ccc(C#N)c(C(F)(F)F)c2)C(=S)N1c1ccc(C(N)=O)c(F)c1,5.41264963,FDA,M ENZALUTAMIDE,L,-1,0.9931712,0.728431449369228,323.0
439.8900000000002,1.655,109.57,2,6,4,1,0.4545454545454545,25,2,0.7378988516920792,0,0,0,0.2173571428571429,0,fda_1133,CN1[C@H](CSCC(F)(F)F)Nc2cc(Cl)c(S(N)(=O)=O)cc2S1(=O)=O,5.21278477,FDA,POLYTHIAZIDE,L,-1,0.0768077,0.4614079068867829,1334.0
357.497,5.653900000000005,21.26,1,2,8,3,0.2,27,3,0.41513409758476,1,0,0,0.8481428571428572,0,fda_1707,CC/C(=C(\c1ccccc1)c1ccc(OCCNC)cc1)c1ccccc1,4.90658236,FDA,M TAMOXIFEN,M,-1,0.7662201,0.6479022233984544,720.0
410.4900000000002,2.5003,95.53,1,5,11,2,0.375,30,2,0.5744417259607896,0,1,0,0.3176428571428571,1,fda_1789,CCOC(=O)[C@H](C)C[C@@H](Cc1ccc(-c2ccccc2)cc1)NC(=O)CCC(=O)[O-],4.70605278,FDA,SACUBITRIL,L,-1,0.52444875,0.5418343149107633,1112.0
281.339,-2.441799999999998,120.72,4,3,2,1,0.0,21,2,0.2732241016452689,0,0,0,0.1377142857142856,0,fda_145,NC(=[NH2+])C1=CC(=O)/C(=C\C=c2ccc(=C(N)N)cc2)C=C1,4.34595156,FDA,HYDROXYSTILBAMIDINE,S,-1,0.3565571,0.39105647768889595,1595.0
567.7960000000003,4.747620000000004,101.9,4,6,9,2,0.5625,40,4,0.326500977362608,1,0,0,0.2721428571428571,1,fda_1277,Cc1c(O)cccc1C(=O)N[C@@H](CSc1ccccc1)[C@H](O)CN1C[C@H]2CCCC[C@H]2C[C@H]1C(=O)NC(C)(C)C,5.84552383,FDA,NELFINAVIR,XL,-1,0.24941665,0.47535178553838936,1301.0
425.5980000000002,3.8820000000000032,47.02000000000001,1,6,8,2,0.4583333333333333,30,4,0.6479013320403016,0,0,0,0.6641428571428571,1,fda_1220,CCC(=O)c1ccc2c(c1)N(CCCN1CCN(CCO)CC1)c1ccccc1S2,4.55251932,FDA,CARPHENAZINE,L,-1,0.39952427,0.5442447639213837,1099.0
265.82800000000003,4.395800000000004,12.03,1,1,5,1,0.625,18,2,0.832337090661778,0,0,0,0.9140714285714284,0,fda_1657,CN[C@@H](CC(C)C)C1(c2ccc(Cl)cc2)CCC1,4.40920973,FDA,M SIBUTRAMINE,S,-1,0.69720316,0.6866038578805354,542.0
664.7250000000004,-1.2149999999999952,233.81999999999996,6,14,3,0,0.6363636363636364,47,4,0.1534721998247157,3,1,0,0.0,0,fda_1017,C[C@@H]1C/C=C/C=C/C=C/C=C/[C@H](O[C@@H]2O[C@H](C)[C@@H](O)[C@H](N)[C@@H]2O)C[C@@H]2O[C@](O)(C[C@@H](O)C[C@H]3O[C@@H]3/C=C/C(=O)O1)C[C@H](O)[C@H]2C(=O)[O-],4.99468231,FDA,NATAMYCIN,XL,-1,0.2098927,0.34928226368976767,1754.0
328.38500000000016,1.3482999999999994,104.76,1,6,7,0,0.8125,23,1,0.5584971740982958,0,0,0,0.2517142857142858,0,fda_1507,CC(C)C(=O)O[C@@H](C)OC(=O)NCC1(CC(=O)[O-])CCCCC1,4.37186575,FDA,GABAPENTIN ENACARBIL,M,-1,0.47974506,0.49806319596599186,1234.0
259.34900000000005,2.577500000000001,41.489999999999995,2,3,6,2,0.375,19,2,0.8375057924076362,0,0,0,0.7036428571428572,0,fda_1139,CC(C)NC[C@@H](O)COc1cccc2ccccc12,3.4013412,FDA,PROPRANOLOL,S,0,0.015109155,0.39990497762290944,1566.0
464.4440000000002,3.992480000000003,76.44,1,4,3,2,0.238095238095238,32,3,0.5492417106050057,0,0,0,0.454,1,fda_1590,CNC(=O)c1ccc(N2C(=S)N(c3ccc(C#N)c(C(F)(F)F)c3)C(=O)C2(C)C)cc1F,5.85742998,FDA,ENZALUTAMIDE,L,1,0.98780096,0.760334082337931,166.0
311.425,3.8371800000000023,61.09,1,3,1,0,0.7,23,4,0.8001121130289811,0,0,0,0.5636428571428571,0,fda_1497,C[C@]12CCC3=C4CCC(=O)C=C4CC[C@H]3[C@@H]1CC[C@@]2(O)CC#N,5.5657649,FDA,DIENOGEST,S,1,0.99758255,0.8064470631031468,23.0
124.13899999999995,1.4008,29.46,1,2,1,1,0.1428571428571428,9,1,0.6127725486570803,0,0,0,0.7895714285714286,0,fda_1418,COc1ccc(O)cc1,3.52578545,FDA,MEQUINOL,XS,-1,0.12846673,0.4052213676823493,1552.0
505.4580000000001,3.3366000000000007,177.57999999999998,6,2,9,2,0.2727272727272727,34,2,0.1728662272420182,2,1,0,0.0,1,fda_1233,NC(=N\CCCCCC/N=C(N)/N=C(\N)Nc1ccc(Cl)cc1)/N=C(\N)Nc1ccc(Cl)cc1,5.18994474,FDA,CHLORHEXIDINE,XL,-1,0.19448948,0.36056378154366275,1721.0
354.28700000000003,5.060880000000003,41.61,0,5,2,2,0.1428571428571428,21,3,0.7070685866540107,1,0,0,0.7027857142857143,0,fda_1631,N#C/C(=C1/SC[C@@H](c2ccc(Cl)cc2Cl)S1)n1ccnc1,3.74308848,FDA,LULICONAZOLE,M,0,0.30941233,0.48306655886864536,1281.0
338.40400000000005,-1.2072999999999965,112.6,1,6,7,0,0.8235294117647058,24,2,0.6233403097358331,0,0,0,0.1957142857142857,0,fda_1685,CCC[C@H](N[C@@H](C)C(=O)N1[C@H](C(=O)[O-])C[C@@H]2CCCC[C@@H]21)C(=O)[O-],3.88139725,FDA,PERINDOPRILAT,M,0,0.09030567,0.35839840805584255,1730.0
451.9140000000001,4.135170000000002,107.41,3,5,6,3,0.1304347826086956,32,3,0.3854531660971693,0,0,0,0.2327857142857142,1,fda_1832,[H]/N=C(/c1ccc(C(=O)Nc2ccc(OC)cc2C(=O)Nc2ccc(Cl)cn2)cc1)N(C)C,4.98085165,FDA,BETRIXABAN,L,-1,0.7903818,0.5922521115032787,909.0
166.24399999999997,1.9790000000000003,20.23,1,1,2,1,0.4,12,1,0.6659702056085907,0,0,0,0.8555,0,fda_101,CC[N+](C)(C)c1cccc(O)c1,3.87420869,FDA,EDROPHONIUM,XS,-1,0.20914419,0.46811186745178057,1317.0
161.22499999999997,0.1764,52.32,1,2,3,0,0.8571428571428571,11,0,0.6000594654010832,0,0,0,0.6262857142857143,0,fda_1093,C[C@@H](C[N+](C)(C)C)OC(N)=O,2.75888443,FDA,BETHANECHOL,XS,0,0.039618786,0.31247230384800745,1891.0
608.6080000000004,-9.215600000000013,328.96,6,16,21,0,0.6,40,0,0.051990568735421,3,2,0,0.0,0,fda_1391,N[C@@H](CCC(=O)N[C@@H](CSSC[C@H](NC(=O)CC[C@H](N)C(=O)[O-])C(=O)NCC(=O)[O-])C(=O)NCC(=O)[O-])C(=O)[O-],3.91180229,FDA,GLUTATHIONE DISULFIDE,XL,0,0.2023017,0.2600280920962569,2033.0
353.4660000000001,1.9351,57.5,2,4,4,2,0.4761904761904761,26,4,0.8831423888921255,0,0,1,0.5892857142857143,0,fda_1219,CC[C@@H](CO)NC(=O)[C@@H]1C=C2c3cccc4c3c(cn4C)C[C@H]2N(C)C1,3.75057626,FDA,METHYSERGIDE,M,0,0.20652008,0.37652472115762053,1648.0
426.4560000000002,-1.873899999999996,159.27000000000004,2,11,7,1,0.4,28,3,0.2890668391096812,1,1,0,0.0,0,fda_1633,COCC1=C(C(=O)[O-])N2C(=O)[C@@H](NC(=O)/C(=N\OC)c3csc(N)n3)[C@H]2SC1,4.61079788,FDA,CEFPODOXIME,L,-1,0.0045478144,0.2911592560881494,1955.0
146.142,-1.4942000000000004,58.92,2,4,0,0,1.0,10,2,0.4366832812212583,0,0,0,0.5791428571428572,0,fda_1456,O[C@@H]1CO[C@H]2[C@@H]1OC[C@@H]2O,2.7480309,FDA,ISOSORBIDE,XS,0,0.078917444,0.2862040515933067,1966.0
386.56100000000015,4.214800000000004,32.78,0,4,8,2,0.5,27,3,0.6810921785688575,0,0,0,0.7658571428571428,0,fda_1243,CCC(=O)N(c1ccccc1)C1(COC)CCN(CCc2cccs2)CC1,4.12913275,FDA,SUFENTANIL,M,-1,0.38905835,0.5318436927979161,1142.0
644.6720000000004,-2.4466999999999928,223.08999999999995,3,14,9,2,0.4,44,5,0.1467237929255473,2,1,0,0.0,1,fda_1027,CCN1CCN(C(=O)N[C@@H](C(=O)N[C@@H]2C(=O)N3C(C(=O)[O-])=C(CSc4nnnn4C)CS[C@H]23)c2ccc(O)cc2)C(=O)C1=O,5.39918375,FDA,CEFOPERAZONE,XL,-1,0.022204785,0.31653420309459945,1875.0
838.8779999999998,3.8568000000000016,195.22,3,11,6,2,0.631578947368421,58,7,0.2826248744385246,2,1,0,0.0,1,fda_1850,CC(C)(C)[C@@H]1NC(=O)O[C@@H]2CCC[C@H]2OC/C=C/C(F)(F)c2nc3ccccc3nc2O[C@@H]2C[C@@H](C(=O)N[C@]3(C(=O)NS(=O)(=O)C4(C)CC4)C[C@H]3C(F)F)N(C2)C1=O,5.82164001,FDA,GLECAPREVIR,XL,-1,0.8228473,0.6099207890638547,861.0
394.4270000000002,-0.5747999999999962,112.6,1,6,8,2,0.3181818181818182,29,3,0.6413864471796791,0,0,0,0.1957142857142857,0,fda_1696,O=C([O-])CN1C(=O)[C@@H](N[C@@H](CCc2ccccc2)C(=O)[O-])CCc2ccccc21,5.03592634,FDA,BENAZEPRILAT,L,-1,0.6899543,0.6129947055405623,848.0
218.25299999999996,0.9834000000000004,104.64,2,4,6,0,0.7777777777777778,15,0,0.6928160102714501,0,0,0,0.2525714285714286,0,fda_164,CCCC(C)(COC(N)=O)COC(N)=O,3.34052396,FDA,MEPROBAMATE,XS,-1,0.30669087,0.4095894504907366,1533.0
1420.704,-4.347000000000006,536.5299999999999,15,21,31,2,0.6363636363636364,100,4,0.0339246860957052,3,2,0,0.0,1,fda_1311,CC[C@@H](C)[C@H](NC(=O)[C@@H](CCC(=O)[O-])NC(=O)[C@H](CC(C)C)NC(=O)[C@@H]1CSC([C@@H](N)[C@@H](C)CC)=N1)C(=O)N[C@H]1CCCCNC(=O)[C@H](CC(N)=O)NC(=O)[C@@H](CC(=O)[O-])NC(=O)[C@H](Cc2cnc[nH]2)NC(=O)[C@@H](Cc2ccccc2)NC(=O)[C@H]([C@H](C)CC)NC(=O)[C@@H](CCCN)NC1=O,5.93531418,FDA,BACITRACIN,XL,-1,0.7446799,0.5437302591540587,1102.0
176.17499999999998,0.5992000000000001,64.67999999999999,1,3,1,1,0.1111111111111111,13,2,0.6809458251088377,0,0,0,0.538,0,fda_1143,NC1=NC(=O)[C@H](c2ccccc2)O1,3.7593298,FDA,PEMOLINE,XS,-1,0.67878777,0.5731761617057276,989.0
328.4120000000001,2.1353999999999997,95.57999999999998,4,4,8,2,0.3157894736842105,24,2,0.5968389616111595,0,0,0,0.3172857142857144,0,fda_1704,C[C@@H](CCc1ccccc1)NC[C@@H](O)c1ccc(O)c(C(N)=O)c1,4.25471497,FDA,LABETALOL,M,-1,0.017115405,0.36628599913080084,1684.0
470.6130000000003,6.331020000000006,57.86,2,5,7,4,0.3333333333333333,35,5,0.3313105320722487,1,0,0,0.5867142857142857,1,fda_1630,Cc1c(-c2ccc(O)cc2)n(Cc2ccc(OCCN3CCCCCC3)cc2)c2ccc(O)cc12,5.20028448,FDA,BAZEDOXIFENE,L,-1,0.7923253,0.6309115177312817,780.0
294.3949999999999,2.5562000000000005,64.79,1,5,9,1,0.5625,21,1,0.5599065078286075,0,0,0,0.5372142857142856,0,fda_134,CCCOc1ccc(C(=O)OCCN(CC)CC)cc1N,3.67678833,FDA,PROPARACAINE,S,-1,0.01444902,0.3445054407590994,1772.0
223.29599999999996,1.9437,29.540000000000003,0,2,2,1,0.4166666666666667,16,1,0.7170811018086075,0,0,0,0.7889999999999999,0,fda_1606,CN(C)C(=O)Oc1cccc([N+](C)(C)C)c1,2.85903168,FDA,NEOSTIGMINE,XS,0,0.12260969,0.38321210321006116,1629.0
1085.156,-0.2492799999999888,358.20000000000005,11,24,15,2,0.7692307692307693,76,8,0.1095381588789766,3,2,0,0.0,1,fda_1444,CO[C@H](C(=O)[C@@H](O)[C@@H](C)O)[C@@H]1Cc2cc3cc(O[C@H]4C[C@@H](O[C@H]5C[C@@H](O)[C@H](O)[C@@H](C)O5)[C@H](O)[C@@H](C)O4)c(C)c(O)c3c(O)c2C(=O)[C@H]1O[C@H]1C[C@@H](O[C@H]2C[C@@H](O[C@H]3C[C@](C)(O)[C@H](O)[C@@H](C)O3)[C@@H](O)[C@@H](C)O2)[C@H](O)[C@@H](C)O1,5.465065,FDA,PLICAMYCIN,XL,-1,0.49008417,0.45351767014280975,1359.0
476.8690000000002,0.2155,181.62,6,9,2,1,0.3181818181818182,33,4,0.3249428299467629,1,1,0,0.0,0,fda_1019,C=C1c2c(Cl)ccc(O)c2C(=O)C2=C(O)[C@]3(O)C(=O)C(C(N)=O)=C(O)[C@@H](N(C)C)[C@@H]3[C@@H](O)[C@H]12,4.88442039,FDA,MECLOCYCLINE,L,-1,0.008517188,0.31637412959290845,1876.0
309.47800000000007,5.015000000000005,3.24,0,2,2,2,0.4,22,4,0.7664689844331225,1,0,0,0.9768571428571428,0,fda_1356,CN1CCC[C@H](CC2c3ccccc3Sc3ccccc32)C1,4.42658186,FDA,METHIXENE,S,-1,0.835426,0.7222453942996645,355.0
367.50600000000026,2.530500000000001,97.66,2,5,13,0,0.8095238095238095,26,1,0.3849866768068556,0,1,0,0.3024285714285715,0,fda_1701,CCCC[C@](C)(O)C/C=C/[C@H]1[C@H](O)CC(=O)[C@@H]1CCCCCCC(=O)[O-],5.74122667,FDA,M MISOPROSTOL,M,1,0.964779,0.6982639083232064,485.0
505.5830000000002,-0.0419799999999984,162.93,2,12,7,2,0.2631578947368421,33,4,0.2984563702798238,2,1,0,0.0,1,fda_1553,CO/N=C(\C(=O)N[C@@H]1C(=O)N2C(C(=O)[O-])=C(/C=C\c3scnc3C)CS[C@H]12)c1csc(N)n1,5.34212255,FDA,CEFDITOREN,XL,-1,0.12009051,0.372732775505487,1661.0
392.5220000000001,2.3457,59.06,1,6,4,2,0.5263157894736842,26,5,0.492985025398511,0,0,0,0.5781428571428571,0,fda_1295,C[N+]1(C)[C@@H]2C[C@@H](OC(=O)C(O)(c3cccs3)c3cccs3)C[C@H]1[C@@H]1O[C@@H]12,4.37629223,FDA,TIOTROPIUM,L,0,0.061326273,0.3923505544257382,1589.0
265.35299999999995,1.9891,50.72,2,4,9,1,0.4666666666666667,19,1,0.6704564525308724,0,0,0,0.6377142857142857,0,fda_1158,C=CCOc1ccccc1OC[C@H](O)CNC(C)C,3.06638598,FDA,OXPRENOLOL,S,0,0.0053108875,0.3363372221850503,1806.0
347.43800000000005,2.680620000000001,56.260000000000005,0,4,6,2,0.2727272727272727,26,3,0.7540871252153405,0,0,0,0.5981428571428571,0,fda_1400,Cc1ccc(/C(=C\CN2CCCC2)c2cccc(/C=C/C(=O)[O-])n2)cc1,4.91312408,FDA,ACRIVASTINE,M,-1,0.96798754,0.7516258790549355,201.0
394.4140000000001,-1.5064999999999988,161.04000000000002,3,10,5,1,0.2142857142857142,26,3,0.2350719555253545,0,1,0,0.0,0,fda_1067,C=CC1=C(C(=O)[O-])N2C(=O)[C@@H](NC(=O)/C(=N\O)c3csc(N)n3)[C@H]2SC1,5.23147917,FDA,CEFDINIR,L,-1,0.027705342,0.3255272522970753,1854.0
296.799,1.5203999999999995,43.37,1,4,3,1,0.3571428571428571,19,2,0.6792913597377604,0,0,0,0.6902142857142857,0,fda_1690,O=C([O-])/C=C1/CN(Cc2ccccc2Cl)CC[C@@H]1S,4.10417223,FDA,M TICLOPIDINE,S,-1,0.30135018,0.49606979294585407,1242.0
129.115,0.0313999999999999,55.4,1,3,0,0,0.6,9,1,0.501695512229331,0,0,0,0.6042857142857143,0,fda_1773,CC1(C)OC(=O)NC1=O,3.47703671,FDA,M TRIMETHADIONE,XS,-1,0.9445159,0.6062903544877641,869.0
538.5840000000003,-1.5684999999999958,176.32999999999998,2,9,6,1,0.4761904761904761,36,4,0.4052799212104154,1,1,0,0.0,0,fda_1315,CC1(C)S[C@@H]2[C@H](NC(=O)[C@H](NC(=O)N3CCN(S(C)(=O)=O)C3=O)c3ccccc3)C(=O)N2[C@H]1C(=O)[O-],4.74569893,FDA,MEZLOCILLIN,XL,0,0.0045638257,0.32271348272238576,1861.0
334.33200000000005,-1.6511999999999971,146.89,3,8,3,0,0.5333333333333333,24,4,0.4106698403593517,0,1,1,0.0,0,fda_1006,CO[C@@]12[C@H](COC(N)=O)C3=C(C(=O)C(C)=C(N)C3=O)N1C[C@@H]1N[C@@H]12,3.35288644,FDA,MITOMYCIN,M,0,0.0030255702,0.13756472514526252,2128.0
263.381,2.7326000000000006,43.7,2,3,4,1,0.625,19,2,0.8775816874821688,0,0,0,0.6878571428571428,0,fda_1433,CN(C)C[C@@H](c1ccc(O)cc1)C1(O)CCCCC1,4.34468794,FDA,DESVENLAFAXINE,S,-1,0.8364841,0.7108425745917557,418.0
249.354,2.331600000000001,43.7,2,3,3,1,0.6,18,2,0.8638209859209474,0,0,0,0.6878571428571428,0,fda_1678,CN(C)C[C@@H]1CCCC[C@@]1(O)c1cccc(O)c1,3.80444217,FDA,M TRAMADOL,XS,-1,0.8515277,0.6793367859830519,573.0
144.12599999999998,-0.1114000000000001,52.60000000000001,0,4,2,0,0.3333333333333333,10,0,0.4004770226950069,0,0,0,0.6242857142857142,0,fda_1625,COC(=O)/C=C/C(=O)OC,4.55409527,FDA,DIMETHYL FUMARATE,XS,1,0.6390301,0.5627229827947899,1027.0
314.46900000000005,5.735800000000006,29.46,1,2,4,1,0.6190476190476191,23,3,0.5673159936374234,1,0,0,0.7895714285714286,0,fda_1392,CCCCCc1cc(O)c2c(c1)OC(C)(C)[C@@H]1CCC(C)=C[C@@H]21,5.24925947,FDA,DRONABINOL,S,1,0.9910567,0.7610334857757375,160.0
301.3860000000001,1.7251,41.93,1,4,1,1,0.6666666666666666,22,5,0.857564110359614,0,0,0,0.7005,0,fda_1216,COc1ccc2c3c1O[C@H]1[C@@H](O)CC[C@H]4[C@@H](C2)N(C)CC[C@@]341,3.70368314,FDA,DIHYDROCODEINE,S,-1,0.76788163,0.6480514305041558,717.0
389.8860000000001,1.2295000000000005,118.36,3,5,2,1,0.4285714285714285,24,4,0.6571692284800612,0,0,0,0.1545714285714287,0,fda_1462,NS(=O)(=O)c1cc2c(cc1Cl)N[C@H]([C@H]1C[C@@H]3C=C[C@H]1C3)NS2(=O)=O,4.52588654,FDA,CYCLOTHIAZIDE,M,-1,0.16707715,0.42376709147090014,1481.0
388.4200000000001,3.201800000000002,107.77,1,7,6,1,0.4,28,2,0.4527860366395833,0,0,0,0.2302142857142856,0,fda_1672,COC(=O)C1=C(C)NC(C)=C(C(=O)OCC(C)C)[C@H]1c1ccccc1[N+](=O)[O-],4.29345846,FDA,NISOLDIPINE,M,-1,0.098158106,0.3554667915270718,1732.0
168.16,-0.2733,108.52,3,4,3,1,0.2,12,1,0.4264148478247674,0,0,1,0.2248571428571427,0,fda_1651,CN/N=N/c1[nH]cnc1C(N)=O,3.545964,FDA,M TEMOZOLOMIDE,XS,-1,0.7968149,0.41322540113391043,1515.0
627.7460000000002,5.812270000000006,151.53000000000003,3,10,15,4,0.3529411764705882,46,4,0.0646297202377854,2,2,0,0.0,1,fda_1499,[H]/N=C(\NC(=O)OCCCCCC)c1ccc(NCc2nc3cc(C(=O)N(CCC(=O)OCC)c4ccccn4)ccc3n2C)cc1,5.7695179,FDA,DABIGATRAN ETEXILATE,XL,-1,0.7776601,0.549556065700681,1076.0
312.482,5.019600000000005,6.48,0,3,5,2,0.3684210526315789,22,3,0.7651953187356423,1,0,1,0.9537142857142856,0,fda_140,CCN(CC)[C@@H](C)CN1c2ccccc2Sc2ccccc21,4.54167891,FDA,ETHOPROPAZINE,S,-1,0.73471475,0.5965503248076299,900.0
318.354,2.006,95.5,3,4,5,2,0.0,22,2,0.4462558920281968,0,0,0,0.3178571428571428,0,fda_1729,O=C(/C=C/c1cccc(S(=O)(=O)Nc2ccccc2)c1)NO,4.77332735,FDA,BELINOSTAT,M,-1,0.5363858,0.523942251971816,1163.0
433.5770000000001,4.724000000000004,48.57,1,5,7,4,0.32,31,5,0.4284550784737121,0,0,0,0.6530714285714285,1,fda_1780,O=c1ccc2ccc(OCCCCN3CCN(c4cccc5sccc45)CC3)cc2[nH]1,5.07954073,FDA,BREXPIPRAZOLE,L,-1,0.5333596,0.5718513768860569,994.0
319.246,3.9277000000000024,16.130000000000003,0,2,5,2,0.3125,19,2,0.8300542359520316,0,0,0,0.8847857142857143,0,fda_1110,CN(C)CC[C@H](c1ccc(Br)cc1)c1ccccn1,3.56866908,FDA,BROMPHENIRAMINE,M,0,0.052650813,0.4380950038565926,1424.0
385.4410000000001,2.0572999999999997,118.67000000000002,2,6,14,1,0.6842105263157895,26,1,0.3736904578521614,0,1,0,0.1523571428571427,0,fda_1538,CCCCCCCCc1ccc(CC[C@](N)(CO)COP(=O)([O-])[O-])cc1,4.98142958,FDA,M FINGOLIMOD,M,-1,0.05444874,0.36111237434299626,1719.0
362.4660000000002,1.7815999999999996,94.83,3,5,2,0,0.8095238095238095,26,4,0.6960164410604959,0,0,0,0.3226428571428571,0,fda_108,C[C@]12CCC(=O)C=C1CC[C@@H]1[C@@H]2[C@@H](O)C[C@@]2(C)[C@H]1CC[C@]2(O)C(=O)CO,5.31878805,FDA,HYDROCORTISONE,M,1,0.9933136,0.7450391609479475,232.0
366.5490000000002,4.830200000000005,15.71,0,3,10,2,0.5,27,3,0.5988605961954666,0,0,0,0.8877857142857143,0,fda_1175,CC(C)COC[C@@H](CN(Cc1ccccc1)c1ccccc1)N1CCCC1,4.26199245,FDA,BEPRIDIL,M,-1,0.08531617,0.4446486810620471,1389.0
232.27999999999992,1.2294000000000005,104.64,2,4,6,0,0.8,16,0,0.7179858695750139,0,0,0,0.2525714285714286,0,fda_1377,CC[C@@H](C)C(C)(COC(N)=O)COC(N)=O,3.44453549,FDA,MEBUTAMATE,XS,-1,0.29201213,0.41662452311202514,1500.0
288.431,3.879200000000003,37.3,1,2,0,0,0.8421052631578947,21,4,0.7342296115534325,0,0,0,0.7335714285714285,0,fda_143,C[C@]12CC[C@H]3[C@@H](CCC4=CC(=O)CC[C@@]43C)[C@@H]1CC[C@@H]2O,4.99357605,FDA,TESTOSTERONE,S,1,0.9985695,0.775325812654343,103.0
543.5250000000003,0.0012999999999993,206.07,6,12,5,2,0.4444444444444444,39,5,0.2352625816856561,3,1,1,0.0,1,fda_1009,COc1cccc2c1C(=O)c1c(O)c3c(c(O)c1C2=O)C[C@@](O)(C(=O)CO)C[C@@H]3O[C@H]1C[C@H](N)[C@H](O)[C@H](C)O1,4.15304184,FDA,DOXORUBICIN,XL,0,0.006854997,0.1529032993485858,2125.0
339.4350000000001,2.512500000000001,52.93000000000001,2,4,2,1,0.6190476190476191,25,6,0.813193738638947,0,0,0,0.6219285714285714,0,fda_1415,C=C1CC[C@@]2(O)[C@H]3Cc4ccc(O)c5c4[C@@]2(CCN3CC2CC2)[C@H]1O5,4.43247461,FDA,NALMEFENE,M,-1,0.89442736,0.7141607500051467,404.0
558.1480000000001,6.361920000000006,105.24,3,8,9,3,0.4285714285714285,38,4,0.2788737905378975,2,0,0,0.2482857142857142,1,fda_1738,Cc1cc(Nc2ncc(Cl)c(Nc3ccccc3S(=O)(=O)C(C)C)n2)c(OC(C)C)cc1C1CCNCC1,5.65522146,FDA,CERITINIB,XL,-1,0.8954281,0.6455258299699005,730.0
943.0900000000008,0.0423000000000082,282.21,9,19,10,0,0.9361702127659576,66,9,0.1033102543066299,3,1,0,0.0,0,fda_150,C[C@H]1O[C@@H](O[C@H]2CC[C@@]3(C)[C@H](CC[C@@H]4[C@@H]3C[C@@H](O)[C@]3(C)[C@@H](C5=CC(=O)OC5)CC[C@]43O)C2)C[C@H](O)[C@@H]1O[C@H]1C[C@H](O)[C@H](O[C@H]2C[C@H](O)[C@H](O[C@@H]3O[C@H](CO)[C@@H](O)[C@H](O)[C@H]3O)[C@@H](C)O2)[C@@H](C)O1,6.25214243,FDA,DESLANOSIDE,XL,1,0.8631632,0.6126616790178667,850.0
381.4280000000003,0.6870999999999989,109.36,1,5,10,2,0.3181818181818182,28,2,0.6510654925004248,0,0,0,0.2188571428571427,0,fda_1790,C[C@H](C[C@@H](Cc1ccc(-c2ccccc2)cc1)NC(=O)CCC(=O)[O-])C(=O)[O-],4.66205359,FDA,M SACUBITRIL,M,-1,0.43228,0.5169205325734119,1181.0
549.7029999999999,6.829400000000008,36.02,0,6,12,2,0.5517241379310345,38,4,0.2134013967391396,2,1,0,0.7427142857142857,1,fda_1343,CCCCCCC(=O)OCCN1CCN(CCCN2c3ccccc3Sc3ccc(C(F)(F)F)cc32)CC1,5.01367092,FDA,FLUPHENAZINE ENANTHATE,XL,-1,0.39315248,0.49168672504637057,1256.0
276.42400000000004,3.7524400000000018,32.34,1,2,7,1,0.5882352941176471,20,1,0.8222609245677037,0,0,0,0.769,0,fda_1385,CCCN(CC)[C@@H](CC)C(=O)Nc1c(C)cccc1C,3.56268907,FDA,ETIDOCAINE,S,-1,0.24631356,0.48268836355533634,1282.0
349.3930000000001,4.4381800000000045,58.68,0,4,3,4,0.0,27,4,0.5493442133854947,0,0,0,0.5808571428571428,0,fda_1579,N#Cc1ccccc1-c1cc(-c2ccccn2)cn(-c2ccccc2)c1=O,5.75230455,FDA,PERAMPANEL,M,1,0.9887123,0.7668403913061125,138.0
357.261,1.9299,61.190000000000005,0,5,9,2,0.5,23,2,0.6437291201561798,0,0,0,0.5629285714285714,0,fda_1443,Cn1c(CCCC(=O)[O-])nc2cc(N(CCCl)CCCl)ccc21,4.20747185,FDA,BENDAMUSTINE,M,-1,0.30883914,0.48483635078890885,1276.0
411.5710000000003,3.491900000000003,47.02000000000001,1,6,7,2,0.4347826086956521,29,4,0.7040504664729512,0,0,0,0.6641428571428571,1,fda_1217,CC(=O)c1ccc2c(c1)Sc1ccccc1N2CCCN1CCN(CCO)CC1,4.80832911,FDA,ACETOPHENAZINE,L,-1,0.29983374,0.5413194399281563,1115.0
437.4750000000001,4.242980000000002,87.61999999999999,1,7,6,4,0.1818181818181818,31,4,0.4874521724874653,0,0,0,0.3741428571428572,1,fda_1788,C[C@@H](c1nc(-c2ccc(C#N)cc2)cs1)[C@](O)(Cn1cncn1)c1cc(F)ccc1F,5.35421705,FDA,ISAVUCONAZOLE,L,-1,0.98697376,0.7087559656264907,424.0
360.5380000000002,5.166000000000006,43.370000000000005,0,3,2,0,0.9130434782608696,26,4,0.6384037243072085,1,0,0,0.6902142857142857,0,fda_1353,CCC(=O)O[C@H]1CC[C@H]2[C@@H]3CC[C@H]4CC(=O)[C@H](C)C[C@]4(C)[C@H]3CC[C@]12C,5.45416498,FDA,DROMOSTANOLONE PROPIONATE,M,1,0.9966558,0.7796125100678714,90.0
252.273,3.0294000000000016,58.86000000000001,1,2,0,2,0.1333333333333333,19,4,0.732474562069225,0,0,0,0.5795714285714285,0,fda_1752,NC(=O)N1c2ccccc2[C@H]2O[C@H]2c2ccccc21,4.02918577,FDA,M CARBAMAZEPINE,XS,-1,0.8684611,0.6611579889813654,660.0
218.22899999999996,-2.3779999999999983,109.69,3,5,6,0,0.7777777777777778,15,0,0.46101245499216,0,0,0,0.2165,0,fda_1408,CC(C)(CO)[C@@H](O)C(=O)NCCC(=O)[O-],2.70209026,FDA,PANTOTHENIC ACID,XS,0,0.07850265,0.2518522725966037,2051.0
179.26299999999998,2.0294399999999997,35.25,1,2,3,1,0.4545454545454545,13,1,0.7701737793320904,0,0,0,0.7482142857142857,0,fda_1171,Cc1cccc(C)c1OC[C@@H](C)N,3.44256973,FDA,MEXILETINE,XS,-1,0.09795609,0.4182885292892202,1493.0
529.5260000000001,6.355840000000005,97.62,2,7,6,5,0.1071428571428571,39,5,0.2658598216325419,2,0,0,0.3027142857142857,1,fda_1310,Cc1cn(-c2cc(NC(=O)c3ccc(C)c(Nc4nccc(-c5cccnc5)n4)c3)cc(C(F)(F)F)c2)cn1,6.35661316,FDA,NILOTINIB,XL,1,0.9929517,0.7208125743338659,362.0
326.8270000000001,3.7245000000000017,45.150000000000006,2,3,0,2,0.3157894736842105,23,4,0.7751782492264959,0,0,0,0.6775,0,fda_1649,Oc1cnc2c(c1)CCc1cc(Cl)ccc1C2=C1CCNCC1,5.09638786,FDA,M DESLORATADINE,M,-1,0.9200462,0.7606822663387306,165.0
284.359,2.2062,53.43000000000001,1,3,6,2,0.2941176470588235,21,2,0.8845260918021192,0,0,0,0.6183571428571428,0,fda_1122,CCN(Cc1ccncc1)C(=O)[C@@H](CO)c1ccccc1,3.99501157,FDA,TROPICAMIDE,S,-1,0.11014752,0.465848437070642,1324.0
497.5000000000002,1.0202999999999998,176.61,5,10,3,2,0.4230769230769231,36,5,0.3283465061048781,0,1,1,0.0,1,fda_1050,CC(=O)[C@]1(O)Cc2c(O)c3c(c(O)c2[C@@H](O[C@H]2C[C@H](N)[C@H](O)[C@H](C)O2)C1)C(=O)c1ccccc1C3=O,4.4464016,FDA,IDARUBICIN,XL,0,0.018270507,0.19300896179638116,2109.0
392.8380000000002,1.81,91.39,1,6,3,2,0.4736842105263157,27,4,0.8596709221048505,0,0,0,0.3472142857142858,0,fda_1473,N[C@@H]1CCCCN(c2c(F)cc3c(=O)c(C(=O)[O-])cn(C4CC4)c3c2Cl)C1,5.57413101,FDA,BESIFLOXACIN,L,-1,0.91416216,0.7722050152365681,116.0
615.6340000000004,-8.861700000000015,347.32,13,19,9,0,1.0,42,4,0.1143750845502517,3,1,0,0.0,0,fda_1076,NC[C@@H]1O[C@H](O[C@H]2[C@@H](O)[C@H](O[C@@H]3[C@@H](O)[C@H](N)C[C@H](N)[C@H]3O[C@H]3O[C@H](CO)[C@@H](O)[C@H](O)[C@H]3N)O[C@@H]2CO)[C@H](N)[C@@H](O)[C@@H]1O,2.88108945,FDA,PAROMOMYCIN,XL,0,0.022595307,0.15512483491309148,2124.0
205.25399999999996,-1.1355999999999995,89.79,4,4,6,0,0.8888888888888888,14,0,0.412780402657381,0,0,0,0.3586428571428571,0,fda_1323,CC(C)(CO)[C@@H](O)C(=O)NCCCO,2.58386731,FDA,DEXPANTHENOL,XS,0,0.026728807,0.23360817627796907,2077.0
717.7789999999999,4.584580000000004,159.37,2,12,13,5,0.2857142857142857,51,5,0.1304183828366195,2,2,0,0.0,1,fda_1787,CNCC(=O)OCc1cccnc1N(C)C(=O)O[C@@H](C)[n+]1cnn(C[C@](O)(c2cc(F)ccc2F)[C@@H](C)c2nc(-c3ccc(C#N)cc3)cs2)c1,5.6262908,FDA,ISAVUCONAZONIUM,XL,-1,0.72735506,0.5388027893120926,1123.0
475.6290000000003,5.543000000000006,63.68000000000001,0,5,4,1,0.5666666666666667,35,5,0.5349596674784687,1,0,1,0.5451428571428572,0,fda_1498,CC(=O)O[C@]1(C(C)=O)CC[C@H]2[C@@H]3CCC4=CC(=O)CCC4=C3[C@@H](c3ccc(N(C)C)cc3)C[C@@]21C,5.78613424,FDA,ULIPRISTAL ACETATE,L,1,0.98709327,0.6619894971416189,656.0
284.38100000000003,2.16972,67.43,2,5,6,1,0.5384615384615384,19,1,0.7856511740400417,0,0,0,0.5183571428571427,0,fda_1555,CCCN[C@H](C)C(=O)Nc1c(C)csc1C(=O)OC,3.39420509,FDA,ARTICAINE,S,0,0.07522917,0.3886020661748943,1605.0
134.248,-0.1453999999999998,38.05,3,3,5,0,1.0,8,0,0.3613818494149863,0,0,0,0.7282142857142857,0,fda_1683,NCCCNCCS,4.68897486,FDA,M AMIFOSTINE,XS,1,0.6140583,0.5661107467509021,1016.0
151.20899999999995,1.2819,46.25,2,2,2,1,0.3333333333333333,11,1,0.6684959137911127,0,0,0,0.6696428571428572,0,fda_1319,C[C@H](N)Cc1ccc(O)cc1,3.97407818,FDA,HYDROXYAMPHETAMINE,XS,-1,0.19768056,0.45274187082962025,1361.0
377.4200000000002,2.1809399999999997,84.37,0,6,7,3,0.2272727272727272,28,3,0.6274711222776642,0,0,0,0.3973571428571428,0,fda_1437,COC(c1ccccc1)(c1ccccc1)[C@H](Oc1nc(C)cc(C)n1)C(=O)[O-],4.55749941,FDA,AMBRISENTAN,M,-1,0.98564976,0.6896244680667989,530.0
314.57900000000006,-0.4569000000000005,126.38,0,7,4,1,0.1428571428571428,17,1,0.5433575793442263,0,0,0,0.0972857142857143,0,fda_1274,O=P([O-])([O-])C(Sc1ccc(Cl)cc1)P(=O)([O-])[O-],4.49648285,FDA,TILUDRONATE,S,-1,0.26504853,0.4228570135570454,1482.0
232.28299999999996,1.3532,72.19,2,3,2,1,0.3846153846153846,17,2,0.5969362176118971,0,0,0,0.4843571428571428,0,fda_1159,CC[C@@]1(c2ccc(N)cc2)CCC(=O)NC1=O,4.01370955,FDA,AMINOGLUTETHIMIDE,XS,-1,0.9705265,0.6541955330404808,695.0
1524.7510000000009,-8.608600000000017,579.5699999999998,17,28,13,2,0.5254237288135594,101,6,0.0654066449822887,3,2,0,0.0,1,fda_1581,C[C@@H]1NC(=O)[C@@H]2CCCN2C(=O)[C@H](CC(N)=O)NC(=O)[C@H]2CSSC[C@H](N)C(=O)N[C@H]3CSSC[C@H](NC1=O)C(=O)N[C@@H]([C@@H](C)O)C(=O)NCC(=O)N[C@H](C(=O)N[C@@H](Cc1ccc(O)cc1)C(=O)[O-])CSSC[C@@H](NC(=O)[C@H](Cc1ccc(O)cc1)NC(=O)[C@H](CCC(=O)[O-])NC3=O)C(=O)N2,7.02369452,FDA,LINACLOTIDE,XL,1,0.8344355,0.6439725527203605,737.0
612.3950000000002,3.1023000000000023,135.57,1,9,7,3,0.391304347826087,41,4,0.3179029304106891,1,0,0,0.0316428571428571,1,fda_1434,C[C@@H](O[C@H]1OCCN(Cc2nn(P(=O)([O-])[O-])c(=O)[nH]2)[C@H]1c1ccc(F)cc1)c1cc(C(F)(F)F)cc(C(F)(F)F)c1,5.49073029,FDA,FOSAPREPITANT,XL,-1,0.6175984,0.5381895785656722,1125.0
408.878,1.8443999999999996,99.38,4,6,6,2,0.4285714285714285,28,3,0.5818339767551266,0,0,0,0.290142857142857,1,fda_1719,CCOc1ccc(Cc2cc([C@@H]3O[C@H](CO)[C@@H](O)[C@H](O)[C@H]3O)ccc2Cl)cc1,3.8103478,FDA,DAPAGLIFLOZIN,L,0,0.037881233,0.3394376522059586,1788.0
441.54900000000015,4.374260000000002,84.86,2,6,5,2,0.4166666666666667,31,4,0.7166041254699328,0,0,0,0.3938571428571429,1,fda_1547,Cc1c(C)c2c(c(C)c1O)CC[C@](C)(COc1ccc(C[C@@H]3SC(=O)NC3=O)cc1)O2,5.31247568,FDA,TROGLITAZONE,L,-1,0.9882157,0.7543600337867413,185.0
252.273,1.7696,58.2,2,2,2,2,0.0666666666666666,19,3,0.8001945345367882,0,0,0,0.5842857142857143,0,fda_129,O=C1NC(=O)C(c2ccccc2)(c2ccccc2)N1,4.65764093,FDA,PHENYTOIN,XS,1,0.948331,0.7378327958004753,277.0
437.4510000000001,2.625000000000001,140.09,2,7,7,3,0.0555555555555555,29,3,0.5336749188726526,0,1,0,0.0,1,fda_1601,O=S(=O)(O)Oc1ccc(C(c2ccc(OS(=O)(=O)O)cc2)c2ccccn2)cc1,4.71198082,FDA,PICOSULFATE,L,-1,0.3705444,0.45611039879766424,1348.0
451.4830000000003,1.717799999999999,112.27,1,9,4,3,0.3478260869565217,33,5,0.6334640734356928,0,0,0,0.1980714285714284,1,fda_1250,COc1cc2nc(N3CCN(C(=O)[C@H]4COc5ccccc5O4)CC3)nc(N)c2cc1OC,4.87354803,FDA,DOXAZOSIN,L,-1,0.55615574,0.5615075992177281,1033.0
247.23,-0.7278000000000002,95.25,1,6,3,2,0.25,18,2,0.7712543073207873,0,0,0,0.3196428571428571,0,fda_1756,CCn1cc(C(=O)[O-])c(=O)c2ccc(CO)nc21,3.50728154,FDA,M NALIDIXIC ACID,XS,-1,0.8796864,0.614151368196476,842.0
244.20300000000003,-2.8519,124.78,4,7,2,1,0.5555555555555556,17,2,0.4435105912731592,0,0,0,0.1087142857142856,0,fda_1814,O=c1ccn([C@@H]2O[C@H](CO)[C@@H](O)[C@H]2O)c(=O)[nH]1,3.05424404,FDA,URIDINE,XS,-1,0.023710683,0.24282032426243272,2065.0
491.1390000000002,-4.147899999999999,290.19,3,17,11,2,0.4444444444444444,30,2,0.2512754312098927,1,2,0,0.0,1,fda_1646,Nc1nc2c(ncn2CO[C@H](CO)CO[P@@](=O)([O-])O[P@@](=O)([O-])OP(=O)([O-])[O-])c(=O)[nH]1,3.11229801,FDA,M GANCICLOVIR,XL,0,0.0039807744,0.1911576821816527,2111.0
242.23,2.615400000000001,52.6,0,4,2,2,0.0,18,2,0.5996635086620677,0,0,0,0.6242857142857143,0,fda_1316,O=C(OOC(=O)c1ccccc1)c1ccccc1,3.36206794,FDA,BENZOYL PEROXIDE,XS,-1,0.2542168,0.4137147657354964,1513.0
485.94700000000023,4.389900000000002,88.61000000000001,2,7,8,3,0.2916666666666667,34,4,0.4572933534123706,0,0,0,0.3670714285714285,1,fda_1618,CN(C)C/C=C/C(=O)Nc1cc2c(Nc3ccc(F)c(Cl)c3)ncnc2cc1O[C@H]1CCOC1,5.67005301,FDA,AFATINIB,XL,-1,0.89877236,0.6950048622413252,500.0
353.50600000000003,4.654600000000005,29.54,0,3,8,2,0.4347826086956521,26,2,0.6468185140544594,0,0,0,0.789,0,fda_1260,CC[C@H](OC(C)=O)C(C[C@H](C)N(C)C)(c1ccccc1)c1ccccc1,5.37525415,FDA,LEVOMETHADYL ACETATE,M,1,0.80330855,0.7283107737763017,324.0
308.333,3.609600000000002,67.50999999999999,1,4,4,3,0.1578947368421052,23,3,0.799206301564618,0,0,0,0.5177857142857143,0,fda_1102,CC(=O)C[C@H](c1ccccc1)c1c(O)oc2ccccc2c1=O,4.46008682,FDA,WARFARIN,S,-1,0.9681501,0.724766065006385,338.0
502.7960000000004,0.4158000000000064,78.66,6,8,4,1,0.7857142857142857,36,3,0.3537783759817374,2,0,0,0.4381428571428571,0,fda_1449,c1cc(CN2CCCNCCNCCCNCC2)ccc1CN1CCCNCCNCCCNCC1,3.58196831,FDA,PLERIXAFOR,XL,0,0.019860322,0.2891573259975649,1958.0
425.4010000000001,-2.0029999999999974,196.92,4,8,9,3,0.25,31,3,0.301553668448796,0,1,0,0.0,1,fda_1297,Nc1nc(=O)c2c(CCc3ccc(C(=O)N[C@@H](CCC(=O)[O-])C(=O)[O-])cc3)c[nH]c2[nH]1,5.58744574,FDA,PEMETREXED,L,-1,0.44309232,0.48535905880784513,1275.0
259.306,1.8325,57.2,0,4,4,2,0.1428571428571428,18,2,0.7870481258790089,0,0,0,0.5914285714285714,0,fda_1183,C[C@H](C(=O)[O-])c1ccc(C(=O)c2cccs2)cc1,4.63130379,FDA,SUPROFEN,S,-1,0.9749315,0.7422761748308259,245.0
152.129,-0.6621000000000001,86.38,2,4,1,1,0.0,11,1,0.4127367486568201,0,0,0,0.383,0,fda_1399,Nc1ccc(O)c(C(=O)[O-])c1,2.90608859,FDA,MESALAMINE,XS,0,0.30406043,0.3390760772327558,1792.0
586.6480000000004,5.3977000000000075,97.96,2,7,3,6,0.2571428571428571,44,9,0.2896240303210923,2,0,0,0.3002857142857144,1,fda_1830,CO[C@@H]1[C@H](N(C)C(=O)c2ccccc2)C[C@H]2O[C@]1(C)n1c3ccccc3c3c4c(c5c6ccccc6n2c5c31)C(=O)N[C@H]4O,5.0859828,FDA,M MIDOSTAURIN,XL,-1,0.98485804,0.6446528229980646,734.0
493.58500000000026,4.023600000000002,110.26,2,6,5,4,0.2307692307692307,35,4,0.4363022246167922,0,0,0,0.2124285714285715,1,fda_1735,COc1c(-c2ccc3cc(NS(C)(=O)=O)ccc3c2)cc(-n2ccc(=O)[nH]c2=O)cc1C(C)(C)C,5.99825716,FDA,DASABUVIR,XL,-1,0.815829,0.6706691725576349,606.0
270.76,2.4208,55.56,1,4,6,1,0.4615384615384615,18,1,0.6371230261185129,0,0,0,0.6031428571428572,0,fda_157,CCN(CC)CCOC(=O)c1ccc(N)cc1Cl,3.20567513,FDA,CHLOROPROCAINE,S,0,0.024654523,0.3405934979077007,1783.0
370.31400000000014,-1.1394999999999988,142.99,1,10,5,1,0.5333333333333333,26,2,0.5022752412372868,0,1,0,0.0,0,fda_1813,CC(=O)OC[C@H]1O[C@@H](n2ccc(=O)[nH]c2=O)[C@H](OC(C)=O)[C@@H]1OC(C)=O,3.29858518,FDA,URIDINE TRIACETATE,M,0,0.006167241,0.25348459586459926,2047.0
460.5080000000002,2.4342000000000006,119.08,1,7,8,2,0.3181818181818182,32,3,0.6010508245322796,0,0,0,0.1494285714285714,1,fda_1715,CCOc1cc([C@@H](CS(C)(=O)=O)N2C(=O)c3cccc(NC(C)=O)c3C2=O)ccc1OC,4.38241339,FDA,APREMILAST,L,0,0.12508473,0.39059674513532083,1596.0
583.5960000000005,-11.381100000000014,334.9100000000001,14,13,9,0,0.8571428571428571,40,3,0.0679812400888044,3,1,0,0.0,0,fda_1074,CN[C@@H]1[C@H](O[C@H]2[C@H](O[C@H]3[C@H](O)[C@@H](O)[C@H](NC(N)=[NH2+])[C@@H](O)[C@@H]3NC(N)=[NH2+])O[C@@H](C)[C@]2(O)C=O)O[C@@H](CO)[C@H](O)[C@H]1O,3.75947571,FDA,STREPTOMYCIN,XL,0,0.058642283,0.21074858135779667,2101.0
307.43700000000007,4.417800000000004,12.47,0,2,4,2,0.4285714285714285,23,4,0.8289288715670488,0,0,0,0.9109285714285714,0,fda_1214,CN1[C@@H]2CC[C@H]1C[C@@H](OC(c1ccccc1)c1ccccc1)C2,4.26593781,FDA,BENZTROPINE,S,-1,0.12992518,0.5066022703536037,1214.0
412.6140000000003,5.090600000000006,60.69,3,3,5,0,0.7037037037037037,30,4,0.5512651961830369,1,0,0,0.5665,0,fda_1412,C=C1/C(=C\C=C2/CCC[C@]3(C)[C@@H]([C@H](C)/C=C/[C@@H](O)C4CC4)CC[C@@H]23)C[C@@H](O)C[C@@H]1O,6.08589697,FDA,CALCIPOTRIENE,L,1,0.9940528,0.7879326788604486,65.0
835.086,2.201700000000009,196.33,5,16,12,0,0.9761904761904762,58,4,0.1417323022660341,2,2,0,0.0,0,fda_1056,CC[C@H]1OC(=O)[C@H](C)[C@H](O[C@H]2C[C@@](C)(OC)[C@@H](O)[C@H](C)O2)[C@H](C)[C@@H](O[C@@H]2O[C@H](C)C[C@H](N(C)C)[C@H]2O)[C@](C)(O)C[C@H](C)[C@@H]2N[C@@H](COCCOC)O[C@H]([C@H]2C)[C@]1(C)O,6.21071863,FDA,DIRITHROMYCIN,XL,1,0.69567525,0.5675489609702579,1006.0
491.1390000000002,-4.147899999999999,290.19,3,17,11,2,0.4444444444444444,30,2,0.2512754312098927,1,2,0,0.0,1,fda_1645,Nc1nc2c(ncn2CO[C@@H](CO)CO[P@@](=O)([O-])O[P@@](=O)([O-])OP(=O)([O-])[O-])c(=O)[nH]1,3.53380275,FDA,M GANCICLOVIR,XL,0,0.0039807744,0.2171126946970826,2095.0
348.4280000000001,2.5299199999999997,100.19,3,5,5,2,0.25,24,2,0.7708144759661694,0,0,0,0.2843571428571428,0,fda_1407,Cc1cccc(Nc2ccncc2S(=O)(=O)NC(=O)NC(C)C)c1,4.72195292,FDA,TORSEMIDE,M,-1,0.80118215,0.6617794084273597,657.0
288.43500000000006,3.8965400000000026,32.34,1,2,5,1,0.6111111111111112,21,2,0.891012713024742,0,0,0,0.769,0,fda_1145,CCCCN1CCCC[C@@H]1C(=O)Nc1c(C)cccc1C,3.68517661,FDA,BUPIVACAINE,S,-1,0.54697204,0.5941786891673018,903.0
1108.3090000000009,2.4351000000000065,359.21,10,20,10,1,0.576271186440678,79,4,0.0695919771129138,3,1,0,0.0,0,fda_1079,C[C@H](C[C@H](C)[C@H](O)CC(=O)c1ccc(N)cc1)[C@H]1OC(=O)CC(=O)CCCC(=O)C[C@H](O)C[C@H](O)C[C@H](O)C[C@]2(O)C[C@H](O)[C@@H](C(=O)[O-])[C@H](C[C@@H](O[C@@H]3O[C@H](C)[C@@H](O)[C@H](N)[C@@H]3O)/C=C/C=C/C=C/C=C/C=C/C=C/C=C/[C@@H]1C)O2,6.80928564,FDA,CANDICIDIN,XL,1,0.9163973,0.6561954811364162,684.0
382.403,-1.8904999999999976,150.04000000000002,2,10,5,1,0.3076923076923077,25,3,0.3408224280691893,0,1,0,0.0,0,fda_1032,CO/N=C(\C(=O)N[C@@H]1C(=O)N2C(C(=O)[O-])=CCS[C@H]12)c1csc(N)n1,4.38452387,FDA,CEFTIZOXIME,M,-1,0.031434305,0.2956430387192529,1934.0
284.428,4.239400000000003,6.48,0,3,3,2,0.2941176470588235,20,3,0.8321538928687809,0,0,1,0.9537142857142856,0,fda_1098,C[C@H](CN1c2ccccc2Sc2ccccc21)N(C)C,4.07471752,FDA,PROMETHAZINE,S,-1,0.49370694,0.5088855998877934,1207.0
406.482,3.738000000000002,75.74000000000001,3,5,10,4,0.25,30,4,0.3499607634429391,0,0,0,0.4589999999999999,1,fda_1196,COc1ccccc1OCCNC[C@H](O)COc1cccc2[nH]c3ccccc3c12,4.05035257,FDA,CARVEDILOL,L,0,0.41608056,0.4381873093365019,1423.0
380.8710000000001,5.867800000000005,27.69,0,3,6,3,0.1304347826086956,27,3,0.5005017670153243,1,0,0,0.8022142857142858,0,fda_104,COc1ccc(C(Cl)=C(c2ccc(OC)cc2)c2ccc(OC)cc2)cc1,4.88617086,FDA,CHLOROTRIANISENE,M,-1,0.9012163,0.6996248881039875,479.0
1324.5360000000005,-2.6067000000000293,448.5999999999999,16,15,34,6,0.4393939393939394,96,8,0.0111854877726529,3,2,0,0.0,1,fda_1401,CCNC(=O)[C@@H]1CCCN1C(=O)[C@H](CCCNC(N)=[NH2+])NC(=O)[C@H](CC(C)C)NC(=O)[C@@H](Cc1cn(Cc2ccccc2)cn1)NC(=O)[C@H](Cc1ccc(O)cc1)NC(=O)[C@H](CO)NC(=O)[C@H](Cc1c[nH]c2ccccc12)NC(=O)[C@H](Cc1c[nH]cn1)NC(=O)[C@@H]1CCC(=O)N1,6.94086838,FDA,HISTRELIN,XL,1,0.942802,0.660538085864123,665.0
804.0310000000001,4.639000000000004,178.35999999999996,3,12,7,0,0.7727272727272727,57,4,0.1849555364451367,2,1,0,0.0,0,fda_1064,C=CC[C@@H]1/C=C(\C)C[C@H](C)C[C@H](OC)[C@H]2O[C@@](O)(C(=O)C(=O)N3CCCC[C@H]3C(=O)O[C@H](/C(C)=C/[C@@H]3CC[C@@H](O)[C@H](OC)C3)[C@H](C)[C@@H](O)CC1=O)[C@H](C)C[C@@H]2OC,6.05012131,FDA,TACROLIMUS,XL,-1,0.80731714,0.5997970660188121,891.0
386.5860000000001,4.901100000000005,23.55,0,4,4,2,0.4285714285714285,26,4,0.7454999719210018,0,0,0,0.8317857142857142,0,fda_1225,CN1CCCC[C@H]1CCN1c2ccccc2Sc2ccc([S@@](C)=O)cc21,5.19237566,FDA,MESORIDAZINE,M,-1,0.90498686,0.771568003056967,120.0
162.236,1.8483,16.130000000000003,0,2,1,1,0.5,12,2,0.6261518225795569,0,0,0,0.8847857142857143,0,fda_1237,CN1CCC[C@H]1c1cccnc1,2.76339698,FDA,NICOTINE,XS,0,0.09061461,0.35911739219470684,1726.0
167.20799999999997,1.4178000000000002,52.32,1,2,1,0,0.6666666666666666,12,1,0.6002616319602778,0,0,0,0.6262857142857143,0,fda_165,C#CC1(OC(N)=O)CCCCC1,3.54969859,FDA,ETHINAMATE,XS,-1,0.60657287,0.5312949555222753,1145.0
348.4190000000001,1.526299999999999,60.44,1,5,5,1,0.4444444444444444,24,3,0.6475258733647374,0,0,0,0.5682857142857143,0,fda_1543,O=C([O-])/C=C1/CN([C@@H](C(=O)C2CC2)c2ccccc2F)CC[C@@H]1S,4.64663076,FDA,M PRASUGREL,M,-1,0.26144817,0.4989562249393945,1231.0
444.52400000000017,2.968320000000001,90.15,4,6,5,3,0.3333333333333333,31,4,0.4859158173268412,0,0,0,0.3560714285714285,1,fda_1603,Cc1ccc([C@@H]2O[C@H](CO)[C@@H](O)[C@H](O)[C@H]2O)cc1Cc1ccc(-c2ccc(F)cc2)s1,5.05959463,FDA,CANAGLIFLOZIN,L,-1,0.9185194,0.6679632430755209,624.0
434.4320000000002,-2.5071999999999974,204.40999999999997,3,11,7,1,0.4615384615384615,28,2,0.1778074103168694,1,1,0,0.0,0,fda_1040,C[C@H]1[C@H](NC(=O)/C(=N\OC(C)(C)C(=O)[O-])c2csc(N)n2)C(=O)N1S(=O)(=O)O,4.31805277,FDA,AZTREONAM,L,0,0.005840539,0.2512688115641134,2053.0
464.8310000000002,5.549700000000003,92.35,3,4,5,3,0.0952380952380952,32,3,0.4613395020059931,1,0,0,0.3403571428571428,1,fda_1303,CNC(=O)c1cc(Oc2ccc(NC(=O)Nc3ccc(Cl)c(C(F)(F)F)c3)cc2)ccn1,5.11755323,FDA,SORAFENIB,L,-1,0.95212126,0.6751260461769887,592.0
454.4660000000001,-1.957199999999996,176.34000000000003,2,12,7,1,0.375,30,3,0.203529370991991,1,1,0,0.0,0,fda_1025,CO/N=C(\C(=O)N[C@@H]1C(=O)N2C(C(=O)[O-])=C(COC(C)=O)CS[C@H]12)c1csc(N)n1,4.43686342,FDA,CEFOTAXIME,L,-1,0.005965328,0.26376664796822863,2023.0
427.4200000000002,4.335500000000003,38.82000000000001,1,3,5,1,0.6666666666666666,28,3,0.7602495439352746,0,0,0,0.7227142857142856,0,fda_1794,CN(C)C(=O)N[C@H]1CC[C@H](CCN2CCN(c3cccc(Cl)c3Cl)CC2)CC1,4.28344917,FDA,CARIPRAZINE,L,0,0.13246378,0.4758848536217145,1299.0
213.64,1.2472999999999996,49.36,0,3,3,1,0.3,14,1,0.759418501076922,0,0,0,0.6474285714285715,0,fda_1754,CC(C)(Oc1ccc(Cl)cc1)C(=O)[O-],4.04674339,FDA,M CLOFIBRATE,XS,-1,0.73600316,0.6346762487743982,769.0
286.718,2.4479,61.69,2,3,1,2,0.0666666666666666,20,3,0.8457292457729301,0,0,0,0.5593571428571429,0,fda_1138,O=C1Nc2ccc(Cl)cc2C(c2ccccc2)=N[C@@H]1O,3.94227242,FDA,OXAZEPAM,S,-1,0.8736915,0.6780047527518349,579.0
296.4100000000001,3.6126000000000023,40.46,2,2,0,1,0.6,22,4,0.7180018360911579,0,0,0,0.7110000000000001,0,fda_18,C#C[C@]1(O)CC[C@H]2[C@@H]3CCc4cc(O)ccc4[C@H]3CC[C@@]21C,5.42335176,FDA,ETHINYL ESTRADIOL,S,1,0.99645907,0.7956543085001542,44.0
177.251,0.9814,36.42,2,1,2,1,0.3,13,1,0.5216669445312792,0,0,0,0.7398571428571428,0,fda_1232,CNC(=NCc1ccccc1)NC,4.52045393,FDA,BETHANIDINE,XS,1,0.4603313,0.542836921710245,1109.0
339.411,4.015300000000003,40.129999999999995,0,3,4,2,0.15,24,3,0.7901862796730263,0,0,0,0.7133571428571429,0,fda_1708,CSc1ccc(/C=C2/C(C)=C(CC(=O)[O-])c3cc(F)ccc32)cc1,5.15598679,FDA,M SULINDAC,M,-1,0.99462986,0.7933145891763556,49.0
225.288,1.5192999999999997,72.72,4,4,3,1,0.5,16,1,0.6290731330689312,0,0,0,0.4805714285714285,0,fda_1229,CC(C)(C)NC[C@@H](O)c1cc(O)cc(O)c1,3.2669735,FDA,TERBUTALINE,XS,-1,0.0077679236,0.3254349684702677,1856.0
346.3880000000001,-0.8897999999999975,115.56,2,6,4,1,0.3125,24,3,0.6835410149703657,0,0,0,0.1745714285714287,0,fda_1003,CC1=C(C(=O)[O-])N2C(=O)[C@@H](NC(=O)[C@H](N)c3ccccc3)[C@H]2SC1,3.79396176,FDA,CEPHALEXIN,M,0,0.02178512,0.34238407877763793,1779.0
530.4560000000004,5.190380000000005,82.88,1,8,9,3,0.3846153846153846,36,4,0.3788289261994078,2,0,0,0.408,1,fda_1592,COc1cc(Nc2c(C#N)cnc3cc(OCCCN4CCN(C)CC4)c(OC)cc23)c(Cl)cc1Cl,5.65839815,FDA,BOSUTINIB,XL,-1,0.8151584,0.6576029795886786,677.0
693.7320000000003,8.382100000000005,61.440000000000005,2,3,10,4,0.3333333333333333,50,6,0.1296889045604335,2,0,0,0.5611428571428572,1,fda_1572,O=C(NC1CCN(CCCCC2(C(=O)NCC(F)(F)F)c3ccccc3-c3ccccc32)CC1)c1ccccc1-c1ccc(C(F)(F)F)cc1,5.30189753,FDA,LOMITAPIDE,XL,-1,0.97245413,0.6483257236385417,712.0
356.14400000000006,-3.4407999999999985,202.92,2,12,8,1,0.5,22,1,0.4383135946167533,1,1,0,0.0,0,fda_1663,Nc1ccn(C[C@@H](CO)OC[P@](=O)([O-])OP(=O)([O-])[O-])c(=O)n1,3.61006737,FDA,M CIDOFOVIR,M,0,0.0019104669,0.2585953843506974,2036.0
254.289,2.492900000000001,66.56,2,2,0,2,0.1333333333333333,19,3,0.7581194848865717,0,0,0,0.5245714285714286,0,fda_1620,NC(=O)N1c2ccccc2C[C@H](O)c2ccccc21,4.88072252,FDA,ESLICARBAZEPINE,S,1,0.961982,0.7412783465104291,252.0
270.71899999999994,3.129500000000001,41.46,1,2,1,2,0.0666666666666666,19,3,0.8498120203195162,0,0,0,0.7038571428571428,0,fda_1709,O=C1CN=C(c2ccccc2)c2cc(Cl)ccc2N1,3.8883152,FDA,M DIAZEPAM,S,-1,0.9138912,0.7020086791714408,468.0
326.4180000000002,2.0605,95.5,3,4,4,1,0.5333333333333333,22,2,0.7889728437463693,0,0,0,0.3178571428571428,0,fda_1758,C[C@@H](O)c1ccc(S(=O)(=O)NC(=O)NC2CCCCC2)cc1,4.84959793,FDA,M ACETOHEXAMIDE,M,-1,0.0842539,0.46154259721953683,1333.0
352.45400000000006,2.7045000000000012,46.53,1,3,4,2,0.4090909090909091,26,5,0.6797893586378044,0,0,0,0.6676428571428572,0,fda_1108,C[N@+]12CC[C@H](CC1)[C@H](OC(=O)C(O)(c1ccccc1)c1ccccc1)C2,4.67676592,FDA,CLIDINIUM,M,-1,0.283912,0.523939424567543,1164.0
421.55400000000026,2.3809000000000005,106.89,2,6,10,0,0.75,30,2,0.5246403478312968,0,0,0,0.2364999999999999,0,fda_1699,CC[C@H](C)C(=O)O[C@H]1C[C@@H](C)C=C2C=C[C@H](C)[C@H](CC[C@@H](O)C[C@@H](O)CC(=O)[O-])[C@H]21,6.02587938,FDA,M LOVASTATIN,L,1,0.94299954,0.7305960241756767,318.0
883.019,7.731500000000008,193.1,4,10,11,6,0.3877551020408163,65,9,0.1001060928101877,2,2,0,0.0,1,fda_1818,COC[C@H]1C[C@@H](c2ncc(-c3ccc4c(c3)COc3cc5c(ccc6nc([C@@H]7CC[C@H](C)N7C(=O)[C@@H](NC(=O)OC)C(C)C)[nH]c65)cc3-4)[nH]2)N(C(=O)[C@H](NC(=O)OC)c2ccccc2)C1,5.73327017,FDA,VELPATASVIR,XL,-1,0.9869741,0.6172135209695443,829.0
273.248,-0.3299999999999998,109.57,2,5,1,1,0.2307692307692307,20,3,0.5375391722332333,0,0,0,0.2173571428571429,0,fda_1599,Nc1cccc2c1C(=O)N([C@@H]1CCC(=O)NC1=O)C2=O,5.24024773,FDA,POMALIDOMIDE,S,1,0.37913036,0.5137238591695578,1189.0
270.37199999999996,3.817400000000002,37.3,1,2,0,1,0.6111111111111112,20,4,0.7778844237760111,0,0,0,0.7335714285714285,0,fda_11,C[C@]12CC[C@@H]3c4ccc(O)cc4CC[C@H]3[C@@H]1CCC2=O,4.96658564,FDA,ESTRONE,S,1,0.99879587,0.7824627051455147,76.0
319.4450000000001,3.029900000000002,41.93,1,4,4,1,0.6842105263157895,23,3,0.9261145183663508,0,0,0,0.7005,0,fda_1637,COc1cc2c(cc1OC)[C@@H]1C[C@@H](O)[C@@H](CC(C)C)CN1CC2,4.18871355,FDA,M TETRABENAZINE,M,-1,0.7569489,0.6883484269997933,536.0
419.62600000000026,3.779300000000003,80.59,2,4,5,0,0.9615384615384616,30,4,0.7105708435230718,0,0,0,0.4243571428571429,0,fda_1811,CC[C@H]1[C@@H](O)[C@@H]2[C@H](CC[C@]3(C)[C@@H]([C@H](C)CCC(=O)[O-])CC[C@@H]23)[C@@]2(C)CC[C@@H](O)C[C@@H]12,5.61609888,FDA,OBETICHOLIC ACID,L,-1,0.999218,0.7782002907013186,97.0
494.53100000000023,2.9853000000000014,106.97,1,7,4,0,0.6923076923076923,35,4,0.5990209425922626,0,0,0,0.2359285714285713,0,fda_1383,CC(=O)OCC(=O)[C@@]1(OC(C)=O)[C@@H](C)C[C@H]2[C@@H]3C[C@H](F)C4=CC(=O)C=C[C@]4(C)[C@@]3(F)[C@@H](O)C[C@@]21C,5.26732016,FDA,DIFLORASONE DIACETATE,XL,-1,0.98443997,0.7111373001243347,416.0
485.5060000000001,5.821520000000005,63.69000000000001,1,5,5,3,0.3076923076923077,35,4,0.4933869710607965,1,0,0,0.5450714285714284,1,fda_1779,Cc1c(C(=O)Nc2ccc(N3C[C@@H](C)O[C@@H](C)C3)nc2)cccc1-c1ccc(OC(F)(F)F)cc1,5.71925926,FDA,SONIDEGIB,XL,-1,0.9532131,0.7393857997073312,267.0
475.3620000000003,5.004200000000005,59.51,1,6,6,3,0.3636363636363636,30,4,0.5415290027618135,1,0,0,0.5749285714285715,1,fda_1509,COc1cc2c(Nc3ccc(Br)cc3F)ncnc2cc1OCC1CCN(C)CC1,5.39506531,FDA,VANDETANIB,L,-1,0.9548509,0.732528338915936,307.0
315.482,4.265700000000003,23.47,1,3,6,2,0.4736842105263157,22,3,0.8604750415603676,0,0,0,0.8323571428571429,0,fda_1429,CCCN(CCc1cccs1)[C@H]1CCc2c(O)cccc2C1,3.94682384,FDA,ROTIGOTINE,S,-1,0.8867138,0.7124408718969852,411.0
189.214,1.1588999999999998,37.38,0,2,1,1,0.2727272727272727,14,2,0.621507214134734,0,0,0,0.733,0,fda_1769,CN1C(=O)C[C@H](c2ccccc2)C1=O,3.71075344,FDA,PHENSUXIMIDE,XS,-1,0.60494775,0.5556452446201949,1051.0
312.377,1.5447799999999996,88.91,1,5,3,2,0.5,23,3,0.9284511020269034,0,0,0,0.3649285714285715,0,fda_1589,C[C@@H]1CCN(C(=O)CC#N)C[C@@H]1N(C)c1ncnc2[nH]ccc12,4.26466322,FDA,TOFACITINIB,S,-1,0.26909882,0.5135803235116256,1190.0
548.0690000000001,1.2896000000000014,136.63,3,8,5,2,0.5,37,4,0.4796796282412841,1,0,0,0.0240714285714286,1,fda_1742,CN1CCc2nc(C(=O)N[C@@H]3C[C@@H](C(=O)N(C)C)CC[C@@H]3NC(=O)C(=O)Nc3ccc(Cl)cn3)sc2C1,5.47134161,FDA,EDOXABAN,XL,-1,0.34922245,0.48808108595782235,1267.0
384.58600000000007,4.164000000000003,69.64,2,4,14,1,0.7,26,1,0.4725190328976435,0,1,0,0.5025714285714286,0,fda_1263,CCCCCCCN(CC)CCC[C@@H](O)c1ccc(NS(C)(=O)=O)cc1,4.69024467,FDA,IBUTILIDE,M,-1,0.08136483,0.40604404175332665,1550.0
868.457,8.659900000000006,172.03,3,11,13,5,0.3777777777777777,61,8,0.0764080971409355,3,2,0,0.0,1,fda_1822,CC1(C)CCC(CN2CCN(c3ccc(C(=O)NS(=O)(=O)c4ccc(NCC5CCOCC5)c([N+](=O)[O-])c4)c(Oc4cnc5[nH]ccc5c4)c3)CC2)=C(c2ccc(Cl)cc2)C1,5.33389235,FDA,VENETOCLAX,XL,-1,0.96180737,0.5803313885211714,958.0
163.196,0.7591999999999998,40.129999999999995,0,2,4,1,0.3,12,1,0.6570235435085023,0,0,0,0.7133571428571429,0,fda_1416,O=C([O-])CCCc1ccccc1,4.04722977,FDA,PHENYLBUTYRATE,XS,-1,0.5707577,0.5712464192466128,995.0
508.5580000000002,3.5195000000000025,106.97,1,7,6,0,0.7037037037037037,36,4,0.5473104243510836,1,0,0,0.2359285714285713,0,fda_1442,CCCC(=O)O[C@]1(C(=O)COC(C)=O)CC[C@H]2[C@@H]3C[C@H](F)C4=CC(=O)C=C[C@]4(C)[C@@]3(F)[C@@H](O)C[C@@]21C,5.58651876,FDA,DIFLUPREDNATE,XL,-1,0.99184614,0.7226723526748822,349.0
521.0500000000003,3.942700000000003,106.97000000000004,1,7,6,0,0.7142857142857143,36,4,0.4171955230835296,1,0,0,0.2359285714285712,0,fda_1394,CCC(=O)OCC(=O)[C@@]1(OC(=O)CC)[C@H](C)C[C@H]2[C@H]3[C@H]([C@@H](O)C[C@@]21C)[C@@]1(C)C=CC(=O)C=C1C[C@H]3Cl,5.26364183,FDA,ALCLOMETASONE DIPROPIONATE,XL,-1,0.9461999,0.6630736691887779,650.0
239.315,1.9077999999999995,72.72,4,4,5,1,0.5384615384615384,17,1,0.5922201213727966,0,0,1,0.4805714285714285,0,fda_1468,CC[C@H](NC(C)C)[C@H](O)c1ccc(O)c(O)c1,3.34920001,FDA,ISOETHARINE,XS,-1,0.019546371,0.22666116513086457,2084.0
397.75800000000015,6.518000000000003,17.82,0,3,6,3,0.1666666666666666,24,3,0.4710605975806781,1,0,0,0.8727142857142858,0,fda_1165,Clc1ccc(CS[C@H](Cn2ccnc2)c2ccc(Cl)cc2Cl)cc1,5.13706732,FDA,SULCONAZOLE,L,-1,0.45726275,0.5830500424355491,942.0
411.58600000000007,5.381100000000005,49.77,1,4,10,2,0.5,30,2,0.4210996938628835,1,0,0,0.6445,1,fda_1452,CC(C)C(=O)Oc1ccc(CO)cc1[C@H](CCN(C(C)C)C(C)C)c1ccccc1,4.77759171,FDA,FESOTERODINE,L,-1,0.13154367,0.43038525513574233,1452.0
267.245,-1.9800000000000009,139.54000000000002,4,9,2,2,0.5,19,3,0.4905198676792232,0,0,0,0.0032857142857141,0,fda_1012,Nc1ncnc2c1ncn2[C@@H]1O[C@H](CO)[C@@H](O)[C@@H]1O,3.26997757,FDA,VIDARABINE,S,0,0.011525135,0.25130788887113226,2052.0
151.20899999999995,1.2819,46.25,2,2,2,1,0.3333333333333333,11,1,0.6684959137911127,0,0,0,0.6696428571428572,0,fda_177,C[C@@H](N)Cc1ccc(O)cc1,3.08051014,FDA,HYDROXYAMPHETAMINE,XS,-1,0.19768056,0.397718599533577,1573.0
293.4069999999999,2.9666000000000015,30.930000000000003,0,4,9,1,0.6470588235294118,21,2,0.6550248398751946,0,0,0,0.7790714285714285,0,fda_1080,CCCCOc1ccc(OCCCN2CCOCC2)cc1,3.95907402,FDA,PRAMOXINE,S,-1,0.121067904,0.4370828045954741,1429.0
424.6220000000002,5.122300000000006,83.83000000000001,2,5,16,0,0.84,30,1,0.2039929365997617,1,1,0,0.4012142857142856,0,fda_1424,CCCCCCCC(=O)CC[C@@H]1[C@@H](C/C=C\CCCC(=O)OC(C)C)[C@@H](O)C[C@H]1O,6.05131006,FDA,UNOPROSTONE ISOPROPYL,L,1,0.94118017,0.6839580868620976,551.0
259.35299999999995,2.782700000000001,60.17,2,4,6,2,0.4,19,2,0.8371289360458547,0,0,0,0.5702142857142858,0,fda_1209,COc1cc(N[C@H](C)CCCN)c2ncccc2c1,3.55998158,FDA,PRIMAQUINE,S,-1,0.11958819,0.4275990632627761,1468.0
389.8860000000001,1.2295000000000005,118.36,3,5,2,1,0.4285714285714285,24,4,0.6571692284800612,0,0,0,0.1545714285714287,0,fda_1464,NS(=O)(=O)c1cc2c(cc1Cl)N[C@@H]([C@@H]1C[C@H]3C=C[C@@H]1C3)NS2(=O)=O,5.20062065,FDA,CYCLOTHIAZIDE,M,-1,0.16707715,0.46531521799881875,1326.0
321.163,3.1013000000000015,61.69,2,3,1,2,0.0666666666666666,21,3,0.847697894583369,0,0,0,0.5593571428571429,0,fda_1154,O=C1Nc2ccc(Cl)cc2C(c2ccccc2Cl)=N[C@H]1O,5.02302456,FDA,LORAZEPAM,M,-1,0.8851125,0.7483743092595873,216.0
482.6280000000002,4.773280000000004,72.36,1,5,3,3,0.4666666666666667,36,6,0.5820901201895605,0,0,0,0.4831428571428571,1,fda_1819,CCc1cc2c(cc1N1CCC(N3CCOCC3)CC1)C(C)(C)c1[nH]c3cc(C#N)ccc3c1C2=O,6.11367226,FDA,ALECTINIB,L,1,0.9845748,0.7846288596293699,70.0
334.257,4.116700000000003,12.47,0,2,6,2,0.2941176470588235,20,2,0.7880221004554365,0,0,0,0.9109285714285714,0,fda_1099,CN(C)CCO[C@H](c1ccccc1)c1ccc(Br)cc1,3.65985847,FDA,BROMODIPHENHYDRAMINE,M,0,0.025442857,0.42975564856536125,1457.0
274.32000000000005,3.8497000000000017,45.150000000000006,2,4,2,3,0.0714285714285714,19,3,0.7457547162863496,0,0,0,0.6775,0,fda_1776,CNc1ccc(-c2nc3ccc(O)cc3s2)cc1F,4.39670753,FDA,FLUTEMETAMOL,S,-1,0.9928109,0.7335427154240568,297.0
446.58400000000023,3.522700000000002,100.90000000000002,2,6,6,0,0.8076923076923077,32,4,0.6056137866355813,0,0,0,0.2792857142857141,0,fda_110,CCCCC(=O)O[C@]1(C(=O)CO)CC[C@H]2[C@@H]3CCC4=CC(=O)CC[C@]4(C)[C@H]3[C@@H](O)C[C@@]21C,5.3588562,FDA,HYDROCORTISONE VALERATE,L,-1,0.99237037,0.724807220637977,337.0
251.80099999999996,4.135100000000003,26.02,1,1,4,1,0.6,17,2,0.8554670191758997,0,0,0,0.8141428571428572,0,fda_1660,CC(C)C[C@H](N)C1(c2ccc(Cl)cc2)CCC1,4.27650023,FDA,M SIBUTRAMINE,XS,1,0.8895888,0.7307808129675686,315.0
729.9079999999999,3.438000000000005,146.39,2,12,4,0,0.875,52,10,0.4091542480611178,2,1,0,0.0,0,fda_1505,C=C1C[C@@H]2CC[C@@]34C[C@H]5O[C@H]6[C@@H](O3)[C@H]3O[C@H](CC[C@@H]3O[C@H]6[C@H]5O4)CC(=O)C[C@@H]3[C@@H](OC)[C@@H](C[C@H](O)CN)O[C@H]3C[C@H]3O[C@@H](CC[C@@H]1O2)C[C@@H](C)C3=C,5.97780466,FDA,ERIBULIN,XL,-1,0.8148598,0.6424465643192748,744.0
286.351,2.0483,65.15,1,3,4,2,0.4705882352941176,21,3,0.93515804493898,0,0,0,0.5346428571428571,0,fda_1173,CCc1cccc2c3c([nH]c12)[C@](CC)(CC(=O)[O-])OCC3,4.39507103,FDA,ETODOLAC,S,-1,0.9132561,0.7331704512234595,299.0
530.6610000000004,6.053300000000006,78.9,0,6,17,3,0.3636363636363636,39,3,0.1560936140972599,2,1,0,0.4364285714285714,1,fda_1604,O=C(CCCc1ccccc1)OCC(COC(=O)CCCc1ccccc1)OC(=O)CCCc1ccccc1,4.75036001,FDA,GLYCEROL PHENYLBUTYRATE,XL,0,0.7284672,0.5339771228881061,1137.0
528.9510000000001,9.151699999999998,23.47,1,2,10,3,0.3333333333333333,35,4,0.2216866938390711,2,0,0,0.8323571428571429,1,fda_1116,CCCCN(CCCC)C[C@H](O)c1cc(Cl)cc2c1-c1ccc(Cl)cc1/C2=C/c1ccc(Cl)cc1,4.64072275,FDA,LUMEFANTRINE,XL,0,0.15267317,0.4071992342141756,1549.0
290.404,0.2654000000000025,52.60000000000001,0,4,9,0,0.8571428571428571,20,0,0.4515871613452488,0,0,0,0.6242857142857142,0,fda_118,C[N+](C)(C)CCOC(=O)CCC(=O)OCC[N+](C)(C)C,3.14934921,FDA,SUCCINYLCHOLINE,S,0,0.07678275,0.31777069625534077,1871.0
302.422,2.2146999999999997,33.53,0,5,5,2,0.5882352941176471,22,3,0.7931098529653791,0,0,0,0.7605,0,fda_1273,CCOCCn1c(N2CCCN(C)CC2)nc2ccccc21,3.72274661,FDA,EMEDASTINE,S,-1,0.081658445,0.43646748460568846,1436.0
328.5000000000001,4.1181000000000045,48.91,2,2,0,1,0.8571428571428571,24,5,0.7524910781410399,0,0,0,0.6506428571428572,0,fda_1351,C[C@]12Cc3cn[nH]c3C[C@@H]1CC[C@@H]1[C@@H]2CC[C@@]2(C)[C@H]1CC[C@]2(C)O,5.61148453,FDA,STANOZOLOL,M,1,0.9979832,0.8085583281905072,18.0
457.4650000000001,2.225700000000001,110.05,3,6,11,1,0.5217391304347826,32,2,0.3473152244357651,0,1,0,0.2139285714285713,0,fda_1648,O=C([O-])CCC/C=C\C[C@@H]1[C@@H](/C=C/[C@@H](O)COc2cccc(C(F)(F)F)c2)[C@H](O)C[C@@H]1O,5.43663979,FDA,M TRAVOPROST,L,-1,0.58577424,0.5494226276551238,1077.0
222.243,2.849400000000001,34.14,0,2,1,2,0.0666666666666666,17,3,0.6951125798613664,0,0,1,0.7561428571428571,0,fda_131,O=C1c2ccccc2C(=O)C1c1ccccc1,3.65962791,FDA,PHENINDIONE,XS,-1,0.7828566,0.5229050962211454,1168.0
339.39900000000006,0.3944800000000006,97.05,1,7,3,2,0.3888888888888889,25,3,0.8726102829759809,0,0,0,0.3067857142857142,0,fda_1602,Cn1c(=O)cc(N2CCC[C@@H](N)C2)n(Cc2ccccc2C#N)c1=O,4.80777407,FDA,ALOGLIPTIN,M,-1,0.7132889,0.6632980617468816,648.0
254.265,0.7921999999999998,83.22,1,4,4,2,0.0666666666666666,19,2,0.6455946074958699,0,0,1,0.4055714285714286,0,fda_1552,Nc1c(CC(=O)[O-])cccc1C(=O)c1ccccc1,3.72068596,FDA,AMFENAC,S,-1,0.7962699,0.48572813160471207,1272.0
270.37600000000003,2.923300000000001,25.36,0,3,6,2,0.3529411764705882,20,2,0.8067475103694609,0,0,0,0.8188571428571428,0,fda_1091,CN(C)CCO[C@](C)(c1ccccc1)c1ccccn1,3.40686011,FDA,DOXYLAMINE,S,0,0.033474002,0.41112404173166484,1523.0
413.53700000000015,4.324300000000004,53.6,2,3,8,2,0.4583333333333333,30,3,0.6775394484185063,0,0,0,0.6171428571428572,1,fda_1803,CC(C)COc1ccc(CNC(=O)N(Cc2ccc(F)cc2)C2CCNCC2)cc1,4.48276091,FDA,M PIMAVANSERIN,L,-1,0.5052691,0.572900318222764,990.0
585.6080000000002,-8.424200000000015,331.93999999999994,13,17,10,0,0.9545454545454546,40,3,0.1130637940445751,3,1,0,0.0,0,fda_1013,NCC[C@H](O)C(=O)N[C@@H]1C[C@H](N)[C@@H](O[C@H]2O[C@H](CN)[C@@H](O)[C@H](O)[C@H]2O)[C@H](O)[C@H]1O[C@H]1O[C@H](CO)[C@@H](O)[C@H](N)[C@H]1O,2.92015529,FDA,AMIKACIN,XL,0,0.02221858,0.15715511712214505,2123.0
501.51400000000024,5.5408000000000035,98.78000000000002,2,6,8,4,0.1785714285714285,37,5,0.3077223994485213,2,0,0,0.2944285714285714,1,fda_1576,COc1cc2nccc(Oc3ccc(NC(=O)C4(C(=O)Nc5ccc(F)cc5)CC4)cc3)c2cc1OC,5.88944817,FDA,CABOZANTINIB,XL,-1,0.9643756,0.6910170662499393,523.0
308.37800000000004,1.5852999999999997,87.66,3,5,8,1,0.5,22,1,0.6347552616268447,0,0,0,0.3738571428571429,0,fda_1611,CC(=O)Nc1ccc(OC[C@@H](O)CNC(C)C)c(C(C)=O)c1,3.25447774,FDA,DIACETOLOL,S,0,0.005313082,0.31439406122536656,1884.0
426.5600000000003,3.957500000000003,55.56,1,3,7,3,0.3214285714285714,32,5,0.6222713272119355,0,0,0,0.6031428571428572,1,fda_1298,NC(=O)C(c1ccccc1)(c1ccccc1)[C@@H]1CCN(CCc2ccc3c(c2)CCO3)C1,5.24171495,FDA,DARIFENACIN,L,-1,0.86681926,0.7156458947558562,392.0
912.0629999999996,-5.4549000000000225,359.61999999999995,12,12,25,2,0.5714285714285714,65,3,0.0251488807934355,3,2,0,0.0,1,fda_1388,CNCC(=O)N[C@@H](CCCNC(N)=[NH2+])C(=O)N[C@H](C(=O)N[C@@H](Cc1ccc(O)cc1)C(=O)N[C@H](C(=O)N[C@@H](Cc1c[nH]cn1)C(=O)N1CCC[C@H]1C(=O)N[C@@H](C)C(=O)[O-])C(C)C)C(C)C,6.09389114,FDA,SARALASIN,XL,1,0.9619821,0.6169304403277373,832.0
441.54900000000015,4.374260000000002,84.86,2,6,5,2,0.4166666666666667,31,4,0.7166041254699328,0,0,0,0.3938571428571429,1,fda_1459,Cc1c(C)c2c(c(C)c1O)CC[C@@](C)(COc1ccc(C[C@@H]3SC(=O)NC3=O)cc1)O2,4.95964289,FDA,TROGLITAZONE,L,-1,0.9882157,0.7326336364031577,306.0
250.298,0.4539000000000007,67.42999999999999,2,3,6,1,0.3846153846153846,18,1,0.7701920576724235,0,0,0,0.518357142857143,0,fda_1455,COC[C@@H](NC(C)=O)C(=O)NCc1ccccc1,2.80403042,FDA,LACOSAMIDE,XS,0,0.036829457,0.3376491224860649,1798.0
543.5250000000003,0.0012999999999993,206.07,6,12,5,2,0.4444444444444444,39,5,0.2352625816856561,3,1,1,0.0,1,fda_1071,COc1cccc2c1C(=O)c1c(O)c3c(c(O)c1C2=O)C[C@@](O)(C(=O)CO)C[C@@H]3O[C@H]1C[C@H](N)[C@@H](O)[C@H](C)O1,4.35509443,FDA,EPIRUBICIN,XL,0,0.006854997,0.16534509894074467,2119.0
399.3660000000002,3.7326000000000024,61.60000000000001,2,3,5,1,0.631578947368421,26,3,0.7932799641761825,0,0,0,0.5599999999999999,0,fda_1796,NC(=O)N[C@H]1CC[C@H](CCN2CCN(c3cccc(Cl)c3Cl)CC2)CC1,4.25588369,FDA,M CARIPRAZINE,L,0,0.08889704,0.45145208585903956,1366.0
136.04299999999998,-1.3551000000000002,75.72,0,4,1,0,1.0,8,1,0.3293938952766208,0,0,0,0.4591428571428572,0,fda_1065,C[C@@H]1O[C@@H]1P(=O)([O-])[O-],3.43492889,FDA,FOSFOMYCIN,XS,-1,0.26068234,0.34957278793087854,1753.0
479.12400000000014,-4.7399999999999975,281.73999999999995,3,17,8,1,0.5555555555555556,29,2,0.2949921367000568,1,1,0,0.0,0,fda_1750,Nc1ccn([C@@H]2O[C@H](CO[P@](=O)([O-])O[P@@](=O)([O-])OP(=O)([O-])[O-])[C@@H](O)[C@@H]2O)c(=O)n1,3.98918724,FDA,M CYTARABINE,L,0,0.0030857318,0.25362875008034724,2045.0
144.60099999999997,1.5132,20.23,1,1,2,0,0.4285714285714285,9,0,0.5829710350354784,0,0,0,0.8555,0,fda_174,C#C[C@](O)(/C=C/Cl)CC,3.25786471,FDA,ETHCHLORVYNOL,XS,-1,0.53833,0.512315145021472,1195.0
416.5140000000002,2.3744000000000005,100.90000000000002,2,6,3,0,0.7083333333333334,30,4,0.6853079587762,0,0,0,0.2792857142857141,0,fda_1340,CC(=O)OCC(=O)[C@@]1(O)CC[C@H]2[C@@H]3C[C@H](C)C4=CC(=O)C=C[C@]4(C)[C@H]3[C@@H](O)C[C@@]21C,5.40675402,FDA,METHYLPREDNISOLONE ACETATE,L,-1,0.9947761,0.7444171836899932,235.0
1069.2379999999991,-4.341700000000018,437.90999999999985,13,15,19,2,0.4782608695652174,74,4,0.0273758598968679,3,2,0,0.0,1,fda_1234,NC(=O)CC[C@@H]1NC(=O)[C@H](Cc2ccccc2)NC(=O)[C@H](Cc2ccc(O)cc2)NC(=O)CCSSC[C@@H](C(=O)N2CCC[C@H]2C(=O)N[C@H](CCCN=C(N)N)C(=O)NCC(N)=O)NC(=O)[C@H](CC(N)=O)NC1=O,5.62769318,FDA,DESMOPRESSIN,XL,-1,0.66141677,0.4984991539278475,1232.0
334.257,4.116700000000003,12.47,0,2,6,2,0.2941176470588235,20,2,0.7880221004554365,0,0,0,0.9109285714285714,0,fda_102,CN(C)CCO[C@@H](c1ccccc1)c1ccc(Br)cc1,4.12314081,FDA,BROMODIPHENHYDRAMINE,M,-1,0.025442857,0.45828320185664256,1344.0
461.6020000000003,5.518700000000006,72.47,1,5,4,1,0.5517241379310345,34,5,0.5980196000053634,1,0,0,0.4823571428571428,0,fda_1540,CNc1ccc([C@H]2C[C@@]3(C)[C@@H](CC[C@]3(OC(C)=O)C(C)=O)[C@@H]3CCC4=CC(=O)CCC4=C32)cc1,5.72905922,FDA,M ULIPRISTAL ACETATE,L,1,0.9875187,0.7649360152062158,145.0
301.45000000000005,4.658000000000004,40.129999999999995,0,2,13,0,0.45,22,0,0.3665448299038635,0,1,0,0.7133571428571429,0,fda_1574,CC/C=C\C/C=C\C/C=C\C/C=C\C/C=C\CCCC(=O)[O-],4.5285778,FDA,ICOSAPENT,S,-1,0.9500442,0.6565766435909739,683.0
704.869,4.2116000000000025,171.21999999999997,5,9,14,3,0.4473684210526316,51,3,0.1543119595881688,1,2,0,0.0,1,fda_1300,COC(=O)N[C@H](C(=O)N[C@@H](Cc1ccccc1)[C@@H](O)CN(Cc1ccc(-c2ccccn2)cc1)NC(=O)[C@@H](NC(=O)OC)C(C)(C)C)C(C)(C)C,5.40055656,FDA,ATAZANAVIR,XL,-1,0.09114139,0.33881735261732915,1794.0
338.77200000000005,0.9242,109.49,3,4,2,2,0.0714285714285714,22,3,0.7560395435859316,0,0,0,0.2179285714285713,0,fda_1127,NS(=O)(=O)c1cc([C@]2(O)NC(=O)c3ccccc32)ccc1Cl,5.24539709,FDA,CHLORTHALIDONE,M,-1,0.7425697,0.6668299625288892,629.0
608.6880000000004,4.171100000000004,117.78000000000004,1,10,8,3,0.5151515151515151,44,6,0.3735666920618681,1,0,1,0.1587142857142854,1,fda_141,COC(=O)[C@H]1[C@H]2C[C@@H]3c4[nH]c5cc(OC)ccc5c4CCN3C[C@H]2C[C@@H](OC(=O)c2cc(OC)c(OC)c(OC)c2)[C@@H]1OC,4.46043921,FDA,RESERPINE,XL,0,0.10153436,0.24376797888205648,2064.0
405.969,6.215000000000006,12.47,0,2,9,3,0.2307692307692307,29,3,0.3094533539966838,1,0,0,0.9109285714285714,1,fda_1264,CN(C)CCOc1ccc(/C(=C(/CCCl)c2ccccc2)c2ccccc2)cc1,5.0731225,FDA,TOREMIFENE,L,-1,0.37477592,0.525866429440742,1158.0
212.181,-1.7915999999999996,126.84000000000002,4,6,3,1,0.2222222222222222,15,1,0.4380206767847102,0,0,1,0.0939999999999998,0,fda_1722,N[C@H](C(=O)[O-])[C@H](O)c1ccc(O)c(O)c1,3.40886402,FDA,DROXIDOPA,XS,-1,0.03769083,0.16628140361644114,2118.0
277.32300000000004,3.6730000000000023,53.35,2,3,3,3,0.0555555555555555,21,3,0.7676233654588757,0,0,0,0.6189285714285715,0,fda_1608,Oc1ccc(C(c2ccc(O)cc2)c2ccccn2)cc1,4.63563776,FDA,M PICOSULFATE,S,-1,0.8939593,0.7171164314112118,383.0
386.5860000000001,4.901100000000005,23.55,0,4,4,2,0.4285714285714285,26,4,0.7454999719210018,0,0,0,0.8317857142857142,0,fda_1224,CN1CCCC[C@@H]1CCN1c2ccccc2Sc2ccc([S@@](C)=O)cc21,5.09620047,FDA,MESORIDAZINE,M,-1,0.90498686,0.7656458199277243,142.0
137.11399999999998,-0.2443000000000001,60.36,1,3,1,1,0.0,10,1,0.5804537671854755,0,0,0,0.5688571428571428,0,fda_1770,O=C([O-])c1ccccc1O,4.1436286,FDA,M ASPIRIN,XS,1,0.57488096,0.5486554082937483,1080.0
108.13999999999996,1.1789,20.23,1,1,1,1,0.1428571428571428,8,1,0.5723436119287516,0,0,0,0.8555,0,fda_1458,OCc1ccccc1,3.60570216,FDA,BENZYL ALCOHOL,XS,-1,0.05853469,0.3876698585360993,1610.0
574.991,4.988620000000003,131.17,2,9,9,4,0.2592592592592592,40,4,0.2673533192019243,1,0,0,0.0630714285714286,1,fda_1843,CCOC(=O)[C@@H](N)Cc1ccc(-c2cc(O[C@H](c3ccc(Cl)cc3-n3ccc(C)n3)C(F)(F)F)nc(N)n2)cc1,6.00391817,FDA,TELOTRISTAT ETHYL,XL,-1,0.7797376,0.611464858164193,852.0
428.6570000000003,7.180700000000009,43.370000000000005,0,3,9,0,0.8571428571428571,31,4,0.2884127521938969,1,0,0,0.6902142857142857,0,fda_1346,CCCCCCCCCC(=O)O[C@H]1CC[C@H]2[C@@H]3CCC4=CC(=O)CC[C@@H]4[C@H]3CC[C@]12C,5.75486565,FDA,NANDROLONE DECANOATE,L,1,0.99053043,0.7262929604045415,332.0
240.303,0.7009999999999998,85.61,4,5,4,1,0.5833333333333334,17,1,0.6222799026086435,0,0,0,0.3884999999999999,0,fda_1242,CC(C)(C)NC[C@@H](O)c1ccc(O)c(CO)n1,3.04730582,FDA,PIRBUTEROL,XS,-1,0.009657197,0.3019094768633975,1924.0
289.31700000000006,-0.8335299999999988,134.53,3,8,3,1,0.5555555555555556,19,2,0.6177212323365296,0,0,0,0.0390714285714285,0,fda_1706,[H]/N=c1\nc(N2CCCCC2)cc(N)n1OS(=O)(=O)O,3.33157468,FDA,M MINOXIDIL,S,0,0.012388976,0.28437885329978335,1975.0
263.3809999999999,2.6346000000000007,32.7,1,3,4,1,0.625,19,2,0.9061758690933456,0,0,0,0.7664285714285715,0,fda_1679,COc1cccc([C@@]2(O)CCCC[C@@H]2CN(C)C)c1,3.94101977,FDA,TRAMADOL,S,-1,0.6435952,0.6416952016265761,748.0
421.30500000000006,4.7112000000000025,76.13,1,4,4,3,0.0526315789473684,27,3,0.6621021756233525,0,0,0,0.4562142857142858,1,fda_1533,CS(=O)(=O)c1ccc(C(=O)Nc2ccc(Cl)c(-c3ccccn3)c2)c(Cl)c1,5.933002,FDA,VISMODEGIB,L,1,0.86331755,0.7504360829399963,207.0
241.2429999999999,0.5302000000000002,91.01,2,5,6,1,0.3636363636363636,17,1,0.757667099994584,0,0,0,0.3499285714285715,0,fda_1113,COc1ccccc1OC[C@H](O)COC(N)=O,2.67686176,FDA,METHOCARBAMOL,XS,0,0.051630113,0.31491080145272277,1882.0
557.054,5.932480000000005,112.4,2,8,11,4,0.2,40,4,0.2184754595815898,2,1,0,0.1971428571428571,1,fda_1831,CCOc1cc2ncc(C#N)c(Nc3ccc(OCc4ccccn4)c(Cl)c3)c2cc1NC(=O)/C=C/CN(C)C,5.79231787,FDA,NERATINIB,XL,-1,0.92860746,0.646727665490982,727.0
529.5420000000003,0.8206999999999993,189.0,6,11,4,2,0.4814814814814814,38,5,0.2625132085928076,3,1,1,0.0,1,fda_1636,COc1cccc2c1C(=O)c1c(O)c3c(c(O)c1C2=O)C[C@@](O)([C@H](C)O)C[C@@H]3O[C@H]1C[C@H](N)[C@H](O)[C@H](C)O1,4.15396118,FDA,DAUNORUBICINOL,XL,0,0.015968777,0.16114416916876706,2122.0
875.1060000000002,5.601400000000008,170.06,3,14,8,0,0.8125,62,7,0.2035245857212583,3,1,0,0.0,0,fda_1068,CC[C@H](C)[C@H]1O[C@]2(CC[C@@H]1C)C[C@@H]1C[C@@H](C/C=C(\C)[C@@H](O[C@H]3C[C@H](OC)[C@@H](O[C@H]4C[C@H](OC)[C@@H](O)[C@H](C)O4)[C@H](C)O3)[C@@H](C)/C=C/C=C3\CO[C@@H]4[C@H](O)C(C)=C[C@@H](C(=O)O1)[C@]34O)O2,6.69201136,FDA,IVERMECTIN,XL,1,0.9860423,0.6966541144623746,494.0
532.6490000000002,4.405900000000004,99.13,1,7,4,0,0.7666666666666667,38,5,0.5358144370210589,1,0,0,0.2919285714285713,0,fda_1341,CC(C)(C)CC(=O)OCC(=O)[C@@]12OC(C)(C)O[C@@H]1C[C@H]1[C@@H]3CCC4=CC(=O)C=C[C@]4(C)[C@@]3(F)[C@@H](O)C[C@@]12C,5.72384262,FDA,TRIAMCINOLONE HEXACETONIDE,XL,-1,0.99101347,0.7341793484025166,295.0
272.711,2.8279000000000005,55.919999999999995,1,2,2,3,0.1333333333333333,19,3,0.7798066602926482,0,0,0,0.6005714285714285,0,fda_1164,C[C@H](C(=O)[O-])c1ccc2c(c1)[nH]c1ccc(Cl)cc12,4.21298742,FDA,CARPROFEN,S,-1,0.97237474,0.7152164629151336,395.0
373.44900000000007,3.891000000000003,46.61,0,5,5,2,0.4,26,4,0.7462318337051916,0,0,0,0.6670714285714285,0,fda_1493,CC(=O)Oc1cc2c(s1)CCN([C@@H](C(=O)C1CC1)c1ccccc1F)C2,4.57621765,FDA,PRASUGREL,M,-1,0.86204004,0.7044177421228524,455.0
268.356,4.828600000000005,40.46,2,2,4,2,0.2222222222222222,20,2,0.7796984854737203,0,0,0,0.7110000000000001,0,fda_12,CC/C(=C(/CC)c1ccc(O)cc1)c1ccc(O)cc1,4.67038584,FDA,DIETHYLSTILBESTROL,S,-1,0.9402432,0.7447634522629633,233.0
521.1400000000002,-4.017899999999999,290.45,3,18,8,2,0.5,32,3,0.220024779274052,2,1,0,0.0,1,fda_1687,Nc1nc(F)nc2c1ncn2[C@@H]1O[C@H](CO[P@](=O)([O-])O[P@](=O)([O-])OP(=O)([O-])[O-])[C@@H](O)[C@@H]1O,4.25596189,FDA,M FLUDARABINE,XL,0,0.0083145285,0.2566311099278134,2039.0
248.326,1.9055999999999995,57.279999999999994,3,3,6,2,0.4285714285714285,18,2,0.7315916457547719,0,0,0,0.590857142857143,0,fda_1163,CC(C)NC[C@H](O)COc1cccc2[nH]ccc12,3.11070895,FDA,PINDOLOL,XS,-1,0.008636973,0.34760564930200333,1761.0
306.37300000000005,3.466380000000001,83.17999999999999,1,5,4,3,0.4117647058823529,23,4,0.7996787783250496,0,0,0,0.4058571428571429,0,fda_1526,N#CC[C@H](C1CCCC1)n1cc(-c2ncnc3[nH]ccc23)cn1,4.71331596,FDA,RUXOLITINIB,S,1,0.9796799,0.7327197500086677,303.0
524.6340000000001,-1.987899999999995,175.29000000000002,2,14,10,2,0.5,34,4,0.2589124371510058,2,1,0,0.0,1,fda_1045,CN(C)CCn1nnnc1SCC1=C(C(=O)[O-])N2C(=O)[C@@H](NC(=O)Cc3csc(N)n3)[C@H]2SC1,4.78887033,FDA,CEFOTIAM,XL,-1,0.005569402,0.29640002571965207,1933.0
440.5070000000002,4.2173000000000025,99.16,1,7,5,4,0.2,33,5,0.4667032430058404,0,0,0,0.2917142857142857,1,fda_1623,C=CC(=O)N1CCC[C@@H](n2nc(-c3ccc(Oc4ccccc4)cc3)c3c(N)ncnc32)C1,6.30511045,FDA,IBRUTINIB,L,1,0.9744201,0.7511504001550657,203.0
987.9610000000002,5.027500000000006,260.59,8,17,11,1,0.625,67,4,0.106851664500808,4,2,0,0.0,0,fda_1535,CCc1c(Cl)c(O)c(Cl)c(O)c1C(=O)O[C@H]1[C@H](O)[C@H](OC)[C@H](OC/C2=C\C=C\C[C@H](O)/C(C)=C/[C@H](CC)[C@@H](O[C@@H]3OC(C)(C)[C@@H](O)[C@H](O)[C@@H]3O)/C(C)=C/C(C)=C/C[C@@H]([C@@H](C)O)OC2=O)O[C@@H]1C,6.83681679,FDA,M FIDAXOMICIN,XL,1,0.63557863,0.581097127771897,952.0
340.425,-1.054999999999998,115.56,2,6,3,0,0.8,23,3,0.633195346785606,0,0,0,0.1745714285714286,0,fda_1016,CC1(C)S[C@@H]2[C@H](NC(=O)C3(N)CCCCC3)C(=O)N2[C@H]1C(=O)[O-],4.09069967,FDA,CYCLACILLIN,M,0,0.15267365,0.3898537439819538,1599.0
240.303,0.7009999999999998,85.61,4,5,4,1,0.5833333333333334,17,1,0.6222799026086435,0,0,0,0.3884999999999999,0,fda_1241,CC(C)(C)NC[C@H](O)c1ccc(O)c(CO)n1,3.1886375,FDA,PIRBUTEROL,XS,-1,0.009657197,0.3106122627993913,1900.0
259.265,0.0297999999999998,92.5,2,4,1,1,0.3076923076923077,19,3,0.5494349129687401,0,0,0,0.3392857142857143,0,fda_1204,Nc1cccc2c1CN([C@H]1CCC(=O)NC1=O)C2=O,4.37568617,FDA,LENALIDOMIDE,S,-1,0.35628337,0.46820463165943094,1316.0
540.7080000000002,1.4296000000000009,142.70000000000002,4,8,2,0,0.625,36,2,0.1783385860432622,1,1,0,0.0,0,fda_1483,C/C=C1\NC(=O)[C@H]2CSSCC/C=C/[C@H](CC(=O)N[C@H](C(C)C)C(=O)N2)OC(=O)[C@H](C(C)C)NC1=O,4.95712996,FDA,ROMIDEPSIN,XL,-1,0.70315367,0.49992147689471633,1229.0
281.337,2.2588,84.08000000000001,2,4,4,2,0.3333333333333333,19,2,0.8999360171265322,0,0,0,0.3994285714285713,0,fda_1656,CCC[S@](=O)c1ccc2nc(NC(=O)OC)[nH]c2c1,4.00431633,FDA,M ALBENDAZOLE,S,-1,0.15020616,0.4596281173211571,1340.0
266.34099999999995,0.4521,84.57999999999998,3,4,8,1,0.5,19,1,0.637673978167625,0,0,0,0.395857142857143,0,fda_1161,CC(C)NC[C@@H](O)COc1ccc(CC(N)=O)cc1,3.12897587,FDA,ATENOLOL,S,0,0.0043598316,0.3091637962071152,1904.0
573.6160000000001,-4.066899999999996,225.58999999999995,2,16,9,1,0.4117647058823529,36,4,0.0715163673500384,2,1,0,0.0,0,fda_1317,CO[C@@]1(NC(=O)C2SC(=C(C(N)=O)C(=O)[O-])S2)C(=O)N2C(C(=O)[O-])=C(CSc3nnnn3C)CS[C@@H]21,4.93731117,FDA,CEFOTETAN,XL,-1,0.041189786,0.27874747394146826,1992.0
287.4470000000001,3.940400000000003,23.47,1,2,5,1,0.6842105263157895,21,3,0.8863958351409401,0,0,0,0.8323571428571429,0,fda_1104,O[C@@](CCN1CCCC1)(c1ccccc1)C1CCCCC1,4.32303667,FDA,PROCYCLIDINE,S,-1,0.23109041,0.5441040662969896,1100.0
664.9070000000002,9.113520000000005,90.46,0,8,19,3,0.6923076923076923,48,5,0.0932591187326539,2,1,0,0.3538571428571427,1,fda_1488,CCCCCCCCCCCCCCCC(=O)O[C@H]1CCCn2c1nc(C)c(CCN1CCC(c3noc4cc(F)ccc34)CC1)c2=O,6.05917406,FDA,PALIPERIDONE PALMITATE,XL,1,0.9780739,0.6686279863133908,620.0
249.354,2.331600000000001,43.7,2,3,3,1,0.6,18,2,0.8638209859209474,0,0,0,0.6878571428571428,0,fda_1674,CN(C)C[C@H]1CCCC[C@@]1(O)c1cccc(O)c1,3.87963557,FDA,M TRAMADOL,XS,-1,0.8515277,0.6839669726757989,550.0
245.662,1.1750000000000005,81.78000000000002,2,4,5,1,0.3,16,1,0.8160595704353588,0,0,0,0.4158571428571427,0,fda_1358,NC(=O)OC[C@H](O)COc1ccc(Cl)cc1,3.80888653,FDA,CHLORPHENESIN CARBAMATE,XS,-1,0.066293836,0.4072879996907111,1547.0
169.17999999999998,0.0898999999999999,86.71000000000001,4,4,2,1,0.25,12,1,0.4724272074622585,0,0,1,0.380642857142857,0,fda_1207,NC[C@H](O)c1ccc(O)c(O)c1,3.04195285,FDA,NOREPINEPHRINE,XS,-1,0.30682462,0.2599738376479921,2034.0
348.3970000000001,2.4846000000000004,54.18,1,5,5,2,0.4444444444444444,25,3,0.8437713718747005,0,0,0,0.613,0,fda_1712,C=C1CCN([C@@H](C)[C@](O)(Cn2cncn2)c2ccc(F)cc2F)CC1,5.50071669,FDA,EFINACONAZOLE,M,1,0.75864434,0.7444276984165857,234.0
317.49700000000024,2.8465000000000007,23.47,1,2,4,1,0.7,23,3,0.8633480387484694,0,0,0,0.8323571428571429,0,fda_1339,C[N+]1(C)CCN(C[C@](O)(c2ccccc2)C2CCCCC2)CC1,4.50061226,FDA,HEXOCYCLIUM,M,-1,0.36094627,0.589385846862609,922.0
197.234,0.6959,64.71,2,4,4,1,0.4,14,1,0.7452129480793569,0,0,0,0.5377857142857143,0,fda_176,COc1ccc(OC)c([C@@H](O)CN)c1,2.90183091,FDA,M MIDODRINE,XS,0,0.029039564,0.3382814542595496,1797.0
324.38000000000005,2.519000000000001,62.4,1,4,2,2,0.4736842105263157,24,6,0.8624002843059125,0,0,0,0.5542857142857143,0,fda_1267,O=C(O[C@@H]1C[C@@H]2C[C@@H]3C[C@H](C1)N2CC3=O)c1c[nH]c2ccccc12,3.71503711,FDA,DOLASETRON,M,0,0.119971186,0.44072323484101056,1409.0
192.262,1.58914,55.120000000000005,2,2,2,1,0.3636363636363636,14,1,0.7472361299391438,0,0,0,0.6062857142857143,0,fda_1162,Cc1cccc(C)c1NC(=O)[C@H](C)N,3.5258255,FDA,TOCAINIDE,XS,-1,0.12744519,0.4134815176640762,1514.0
475.58700000000016,-3.200699999999992,199.72999999999996,8,12,8,0,0.9047619047619048,33,3,0.1750353705309133,2,1,0,0.0,0,fda_1023,CCN[C@@H]1C[C@H](N)[C@@H](O[C@H]2OC(CN)=CC[C@H]2N)[C@H](O)[C@H]1O[C@H]1OC[C@](C)(O)[C@H](NC)[C@H]1O,3.07185435,FDA,NETILMICIN,L,0,0.023112023,0.1791586441260533,2115.0
511.81900000000024,8.049500000000009,38.25,0,4,22,2,0.6875,37,2,0.1183570504805622,2,1,0,0.7267857142857144,1,fda_1370,CCCCCCCCCCCCCCCC[N+](C)(C)CCN(Cc1ccc(OC)cc1)c1ncccn1,5.04186821,FDA,THONZONIUM,XL,-1,0.4994802,0.5047196239121966,1220.0
319.88000000000005,4.810600000000004,28.16,1,3,8,2,0.5,22,2,0.7564117572128701,0,0,0,0.7988571428571428,0,fda_1088,CCN(CC)CCC[C@H](C)Nc1ccnc2cc(Cl)ccc12,3.86179233,FDA,CHLOROQUINE,M,0,0.12476458,0.4544574416674931,1354.0
461.5050000000001,-1.5602999999999962,153.36999999999998,2,11,7,2,0.3333333333333333,31,4,0.3654633725515254,1,1,0,0.0,1,fda_1635,Cn1nnnc1SCC1=C(C(=O)[O-])N2C(=O)[C@@H](NC(=O)[C@H](O)c3ccccc3)[C@H]2SC1,4.07039928,FDA,CEFAMANDOLE,L,0,0.005081987,0.27332267051729253,2006.0
313.72,1.247999999999999,81.59,1,4,2,2,0.0625,22,3,0.8471119866894983,0,0,0,0.4172142857142856,0,fda_1226,O=C([O-])[C@H]1N=C(c2ccccc2)c2cc(Cl)ccc2NC1=O,4.32325602,FDA,CLORAZEPATE,S,-1,0.9594283,0.7132478993913058,410.0
518.3740000000003,4.035000000000003,101.96,0,6,7,1,0.6956521739130435,33,4,0.3991256248803697,1,0,0,0.2717142857142858,0,fda_1389,C[C@]12CC[C@@H]3c4ccc(OC(=O)N(CCCl)CCCl)cc4CC[C@H]3[C@@H]1CC[C@@H]2OP(=O)([O-])[O-],5.83770895,FDA,ESTRAMUSTINE PHOSPHATE,XL,-1,0.8679243,0.6749049323247082,594.0
324.39900000000006,3.812980000000003,36.26,0,3,5,2,0.35,24,3,0.8388667572429986,0,0,0,0.741,0,fda_1279,CN(C)CCC[C@@]1(c2ccc(F)cc2)OCc2cc(C#N)ccc21,5.31001425,FDA,ESCITALOPRAM,M,1,0.9686686,0.8075111647228559,22.0
284.352,2.1867,57.150000000000006,1,5,0,0,1.0,20,5,0.6909963971993888,0,0,0,0.5917857142857142,0,fda_1092,C[C@H]1[C@@H](O)O[C@@H]2O[C@@]3(C)CC[C@H]4[C@H](C)CC[C@@H]1[C@@]24OO3,5.09609079,FDA,DIHYDROARTEMISININ,S,1,0.98506576,0.7547620330931455,183.0
392.49900000000014,5.081000000000005,82.19,3,3,2,3,0.3333333333333333,29,3,0.5686031632470885,1,0,0,0.4129285714285714,0,fda_1532,CC(C)(C)c1cc(C(C)(C)C)c(NC(=O)c2c[nH]c3ccccc3c2=O)cc1O,4.88409996,FDA,IVACAFTOR,L,-1,0.96021837,0.6918896885830956,516.0
1093.331,-3.31190000000001,412.03,16,18,23,1,0.75,77,4,0.0477155900477413,3,2,0,0.0,0,fda_1291,CC[C@H](C)C[C@H](C)CCCCCCCCC(=O)N[C@H]1C[C@@H](O)[C@H](NCCN)NC(=O)[C@@H]2[C@@H](O)CCN2C(=O)[C@@H]([C@H](O)CCN)NC(=O)[C@H]([C@H](O)[C@@H](O)c2ccc(O)cc2)NC(=O)[C@@H]2C[C@@H](O)CN2C(=O)[C@H]([C@@H](C)O)NC1=O,4.2635479,FDA,CASPOFUNGIN,XL,0,0.19557655,0.27881500570055195,1991.0
180.18299999999996,-0.9881000000000004,86.38,2,4,3,1,0.2222222222222222,13,1,0.6250416792094207,0,0,0,0.383,0,fda_1329,N[C@@H](Cc1ccc(O)cc1)C(=O)[O-],3.32335019,FDA,TYROSINE,XS,-1,0.43245107,0.4457479878806234,1382.0
246.306,-0.2809999999999997,86.74000000000001,0,6,7,0,1.0,14,0,0.453312740145793,0,0,0,0.3804285714285713,0,fda_155,CS(=O)(=O)OCCCCOS(C)(=O)=O,4.467834,FDA,BUSULFAN,XS,1,0.690515,0.5590381545867135,1044.0
539.5860000000002,-2.5264,270.21999999999997,2,17,8,2,0.5,32,3,0.2582874151145248,2,1,0,0.0,1,fda_1641,Nc1nc(Cl)nc2c1ncn2[C@@H]1O[C@H](CO[P@](=O)([O-])O[P@](=O)([O-])OP(=O)([O-])[O-])[C@@H](O)[C@@H]1F,4.4783268,FDA,M CLOFARABINE,XL,0,0.0029224171,0.27635857564153227,2001.0
332.4840000000001,4.401000000000005,57.53,2,3,0,0,0.8571428571428571,24,4,0.5104218936123291,0,0,1,0.5890714285714286,0,fda_1369,C[C@]12C/C(=C/O)C(=O)C[C@@H]1CC[C@@H]1[C@@H]2CC[C@@]2(C)[C@H]1CC[C@]2(C)O,5.52822542,FDA,OXYMETHOLONE,M,1,0.99555886,0.6481332033449356,715.0
499.10500000000013,-3.465599999999999,261.51,2,16,8,1,0.5555555555555556,30,2,0.3292238019331934,1,1,0,0.0,0,fda_1669,Nc1ccn([C@@H]2O[C@H](CO[P@@](=O)([O-])O[P@](=O)([O-])OP(=O)([O-])[O-])[C@@H](O)C2(F)F)c(=O)n1,4.58868551,FDA,M GEMCITABINE,XL,0,0.0031591663,0.29741244001003675,1929.0
435.2850000000001,4.717400000000002,120.64,2,7,4,3,0.1,28,3,0.6084537970432329,0,0,0,0.1382857142857143,1,fda_1441,Cc1cc(C#N)cc(C)c1Oc1nc(Nc2ccc(C#N)cc2)nc(N)c1Br,5.62263918,FDA,ETRAVIRINE,L,-1,0.8298684,0.6787675875945821,576.0
412.65800000000024,6.6118000000000094,40.46,2,2,5,0,0.7142857142857143,30,3,0.4986560295856184,1,0,0,0.7110000000000001,0,fda_1417,C=C1/C(=C\C=C2/CCC[C@]3(C)[C@@H]([C@H](C)/C=C/[C@H](C)C(C)C)CC[C@@H]23)C[C@@H](O)C[C@@H]1O,5.89418602,FDA,DOXERCALCIFEROL,L,1,0.99794585,0.7812237468962868,84.0
427.5640000000002,4.6665000000000045,44.81,1,3,8,2,0.48,31,3,0.6660910059272132,0,0,0,0.6799285714285714,1,fda_1802,CC(C)COc1ccc(CNC(=O)N(Cc2ccc(F)cc2)C2CCN(C)CC2)cc1,4.62136364,FDA,PIMAVANSERIN,L,-1,0.4867999,0.5798831880655437,960.0
326.4180000000002,2.0605,95.5,3,4,4,1,0.5333333333333333,22,2,0.7889728437463693,0,0,0,0.3178571428571428,0,fda_1757,C[C@H](O)c1ccc(S(=O)(=O)NC(=O)NC2CCCCC2)cc1,4.44081736,FDA,M ACETOHEXAMIDE,M,-1,0.0842539,0.4363711013772491,1438.0
299.3700000000001,1.5011,41.93,1,4,1,1,0.5555555555555556,22,5,0.7981444096668123,0,0,0,0.7005,0,fda_114,COc1ccc2c3c1O[C@H]1[C@@H](O)C=C[C@H]4[C@@H](C2)N(C)CC[C@@]341,3.84626079,FDA,CODEINE,S,-1,0.48756418,0.5608517598017524,1035.0
233.31099999999995,2.0852999999999997,38.33,1,3,3,1,0.5,17,2,0.8123400616112664,0,0,0,0.7262142857142857,0,fda_1469,COC(=O)[C@@H](c1ccccc1)[C@H]1CCCCN1,3.41013074,FDA,METHYLPHENIDATE,XS,-1,0.029894112,0.4021056952326199,1564.0
489.16700000000014,-3.4842999999999993,280.96,3,16,11,2,0.5,30,2,0.2582616445236428,1,2,0,0.0,1,fda_1662,Nc1nc(=O)c2ncn(CC[C@H](CO)CO[P@](=O)([O-])O[P@](=O)([O-])OP(=O)([O-])[O-])c2[nH]1,4.21345568,FDA,M PENCICLOVIR,XL,0,0.003439357,0.2601985250254253,2031.0
265.247,-1.5252999999999983,130.23999999999998,2,5,3,0,0.7142857142857143,17,2,0.5954486838383566,0,0,0,0.0697142857142858,0,fda_1743,NC(=O)[C@@H]1CC[C@@H]2CN1C(=O)N2OS(=O)(=O)O,3.87476087,FDA,AVIBACTAM,S,-1,0.055280026,0.32930374075248064,1830.0
557.6070000000001,0.8270000000000015,180.96999999999997,2,14,10,1,0.5238095238095238,37,3,0.1361090873395191,2,1,0,0.0,0,fda_1055,COCC1=C(C(=O)O[C@@H](C)OC(=O)OC(C)C)N2C(=O)[C@@H](NC(=O)/C(=N\OC)c3csc(N)n3)[C@H]2SC1,4.95589018,FDA,CEFPODOXIME PROXETIL,XL,-1,0.01288155,0.28431758735374146,1976.0
391.5720000000002,3.143200000000001,80.59,2,4,4,0,0.9583333333333334,28,4,0.7713900292451945,0,0,0,0.4243571428571429,0,fda_1784,C[C@H](CCC(=O)[O-])[C@H]1CC[C@H]2[C@@H]3CC[C@@H]4C[C@H](O)CC[C@]4(C)[C@H]3C[C@H](O)[C@]12C,5.83074331,FDA,DEOXYCHOLIC ACID,L,1,0.9990514,0.8035313171272368,30.0
504.5950000000003,3.8175000000000026,106.97,1,7,6,0,0.7142857142857143,36,4,0.5482119854331166,1,0,0,0.2359285714285713,0,fda_1349,CCC(=O)OCC(=O)[C@@]1(OC(=O)CC)[C@@H](C)C[C@H]2[C@@H]3CCC4=CC(=O)C=C[C@]4(C)[C@@]3(F)[C@@H](O)C[C@@]21C,5.75050783,FDA,BETAMETHASONE DIPROPIONATE,XL,-1,0.9910467,0.73271077665459,304.0
152.14899999999997,1.1787999999999998,46.53,1,3,1,1,0.125,11,1,0.6143884490200855,0,0,0,0.6676428571428572,0,fda_1435,COC(=O)c1ccccc1O,4.06221914,FDA,METHYL SALICYLATE,XS,-1,0.19204502,0.4454571735380459,1383.0
519.5740000000002,5.364900000000003,110.86,2,7,5,4,0.1739130434782608,35,4,0.3670492157866047,2,0,0,0.2081428571428571,1,fda_1598,CC(C)(C)c1nc(-c2cccc(NS(=O)(=O)c3c(F)cccc3F)c2F)c(-c2cnc(N)cn2)s1,6.44275331,FDA,DABRAFENIB,XL,1,0.9803137,0.7331061735687218,300.0
776.0420000000001,6.000700000000006,138.02,3,10,19,4,0.475,54,5,0.1055720166030379,2,1,0,0.0141428571428571,1,fda_1587,CC(C)c1nc(CN(C)C(=O)N[C@@H](CCN2CCOCC2)C(=O)N[C@H](CC[C@H](Cc2ccccc2)NC(=O)OCc2cncs2)Cc2ccccc2)cs1,5.97172785,FDA,COBICISTAT,XL,-1,0.8972757,0.6074949784063485,868.0
422.42400000000015,2.442699999999999,138.07000000000002,2,9,4,4,0.15,31,4,0.5113498614184088,0,0,0,0.0137857142857141,1,fda_1614,COC(=O)N(C)c1c(N)nc(-c2nn(Cc3ccccc3F)c3ncccc23)nc1N,5.5531249,FDA,RIOCIGUAT,L,-1,0.6054582,0.5752932583094919,982.0
295.408,1.3211999999999997,65.2,2,3,6,2,0.4285714285714285,20,2,0.8445712183265353,0,0,0,0.5342857142857143,0,fda_1257,CNS(=O)(=O)Cc1ccc2[nH]cc(CCN(C)C)c2c1,3.6347878,FDA,SUMATRIPTAN,S,-1,0.090004474,0.4212258948914303,1487.0
527.5260000000003,1.0288999999999997,185.84,5,11,4,2,0.4444444444444444,38,5,0.3051291560965146,2,1,1,0.0,1,fda_1011,COc1cccc2c1C(=O)c1c(O)c3c(c(O)c1C2=O)C[C@@](O)(C(C)=O)C[C@@H]3O[C@H]1C[C@H](N)[C@H](O)[C@H](C)O1,4.07304573,FDA,DAUNORUBICIN,XL,0,0.013467491,0.1639344389422338,2120.0
524.8740000000004,11.542499999999986,26.3,0,2,20,0,0.6944444444444444,38,1,0.089874345152857,2,1,0,0.8121428571428572,0,fda_1325,CCCCCCCCCCCCCCCC(=O)OC/C=C(C)/C=C/C=C(C)/C=C/C1=C(C)CCCC1(C)C,6.435009,FDA,VITAMIN A PALMITATE,XL,1,0.9891866,0.7402562116179509,263.0
317.49700000000024,2.8465000000000007,23.47,1,2,4,1,0.7,23,3,0.8633480387484694,0,0,0,0.8323571428571429,0,fda_1338,C[N+]1(C)CCN(C[C@@](O)(c2ccccc2)C2CCCCC2)CC1,4.34357023,FDA,HEXOCYCLIUM,M,-1,0.36094627,0.5797156641403494,962.0
289.74399999999997,0.8788000000000005,101.29,3,4,2,1,0.3,18,2,0.751957676885389,0,0,0,0.2765000000000001,0,fda_1135,CC[C@H]1NC(=O)c2cc(S(N)(=O)=O)c(Cl)cc2N1,4.32468796,FDA,QUINETHAZONE,S,-1,0.6295195,0.5812611499988449,951.0
139.154,0.3993199999999998,42.23,1,3,0,1,0.2857142857142857,10,1,0.5649178764789872,0,0,0,0.6983571428571429,0,fda_1520,Cc1c(O)c(=O)ccn1C,2.96940207,FDA,DEFERIPRONE,XS,0,0.29699445,0.40282687902713044,1561.0
250.28300000000004,0.8596000000000001,97.97,2,5,3,2,0.0,17,2,0.7871395577774678,0,0,0,0.3002142857142857,0,fda_13,Nc1ccc(S(=O)(=O)Nc2ncccn2)cc1,3.62555504,FDA,SULFADIAZINE,XS,-1,0.16970143,0.40967298215448583,1532.0
162.19,-1.8291999999999993,69.23,2,4,3,0,0.6,10,0,0.4795672584018238,0,0,0,0.5055,0,fda_1398,C[C@H](S)C(=O)NCC(=O)[O-],2.6464026,FDA,TIOPRONIN,XS,0,0.0497396,0.2724052371743789,2008.0
422.4640000000001,-0.8592999999999977,128.73000000000002,1,9,7,1,0.3529411764705882,28,3,0.3389583327822128,0,0,0,0.0804999999999999,0,fda_1005,CC(=O)OCC1=C(C(=O)[O-])N2C(=O)[C@@H](NC(=O)CSc3ccncc3)[C@H]2SC1,3.58053756,FDA,CEPHAPIRIN,L,0,0.0075391093,0.2466445666471067,2059.0
344.4550000000002,2.731700000000001,62.129999999999995,1,5,5,1,0.6,25,3,0.8344883565703411,0,0,0,0.5562142857142858,0,fda_1118,CN1CCCN=C1COC(=O)[C@@](O)(c1ccccc1)C1CCCCC1,4.45233297,FDA,OXYPHENCYCLIMINE,M,-1,0.116948225,0.4798273116960923,1294.0
384.58600000000007,4.164000000000003,69.64,2,4,14,1,0.7,26,1,0.4725190328976435,0,1,0,0.5025714285714286,0,fda_1262,CCCCCCCN(CC)CCC[C@H](O)c1ccc(NS(C)(=O)=O)cc1,4.25029898,FDA,IBUTILIDE,M,-1,0.08136483,0.3789534901973478,1640.0
405.9690000000001,6.562600000000006,12.47,0,2,9,3,0.2307692307692307,29,3,0.3734283215865669,1,0,0,0.9109285714285714,1,fda_1753,CCN(CC)CCOc1ccc(/C(=C(/Cl)c2ccccc2)c2ccccc2)cc1,4.65156555,FDA,CLOMIPHENE,L,-1,0.50705546,0.5523870590268656,1063.0
500.4320000000002,8.644300000000001,23.47,1,2,10,3,0.4615384615384615,33,3,0.2817693045006755,2,0,0,0.8323571428571429,1,fda_1195,CCCCN(CCCC)CC[C@H](O)c1cc2c(Cl)cc(Cl)cc2c2cc(C(F)(F)F)ccc12,5.55730677,FDA,HALOFANTRINE,XL,-1,0.09733096,0.45905362014645057,1342.0
211.261,1.1291999999999998,72.72,4,4,4,1,0.4545454545454545,15,1,0.6021334012552946,0,0,0,0.4805714285714285,0,fda_1221,CC(C)NC[C@@H](O)c1cc(O)cc(O)c1,2.99654651,FDA,METAPROTERENOL,XS,0,0.013160495,0.30501270120393786,1915.0
381.69000000000005,5.801400000000003,27.05,0,3,6,3,0.1666666666666666,24,3,0.5391871956552778,1,0,0,0.8067857142857142,0,fda_1166,Clc1ccc(CO[C@@H](Cn2ccnc2)c2ccc(Cl)cc2Cl)cc1,4.35572815,FDA,ECONAZOLE,M,-1,0.3712123,0.5161548105895681,1184.0
591.7840000000001,7.99970000000001,36.02,0,6,15,2,0.59375,41,4,0.1543207568036371,2,1,0,0.7427142857142857,1,fda_1344,CCCCCCCCCC(=O)OCCN1CCN(CCCN2c3ccccc3Sc3ccc(C(F)(F)F)cc32)CC1,5.16334343,FDA,FLUPHENAZINE DECANOATE,XL,-1,0.46397343,0.5103332708302212,1203.0
447.9340000000003,4.357300000000004,66.84,1,5,8,2,0.4166666666666667,31,3,0.4808424368475291,0,0,0,0.5225714285714285,1,fda_1361,C[C@@H](O)C(=O)OC1(c2ccc(Cl)cc2)CCN(CCCC(=O)c2ccc(F)cc2)CC1,4.6617322,FDA,HALOPERIDOL LACTATE,L,-1,0.67170423,0.5850548373118477,931.0
309.47800000000007,5.015000000000005,3.24,0,2,2,2,0.4,22,4,0.7664689844331225,1,0,0,0.9768571428571428,0,fda_1355,CN1CCC[C@@H](CC2c3ccccc3Sc3ccccc32)C1,4.73394632,FDA,METHIXENE,S,1,0.835426,0.7411719866936157,254.0
447.54300000000035,2.965820000000001,105.04,2,9,5,3,0.4583333333333333,33,5,0.5754108874418277,0,0,0,0.2497142857142857,1,fda_1745,CC(=O)c1c(C)c2cnc(Nc3ccc(N4CCNCC4)cn3)nc2n(C2CCCC2)c1=O,5.4295578,FDA,PALBOCICLIB,L,-1,0.9403953,0.7045705476339651,452.0
344.4950000000001,4.840100000000005,43.370000000000005,0,3,2,0,0.8181818181818182,25,4,0.6732503232022307,0,0,0,0.6902142857142857,0,fda_144,CCC(=O)O[C@H]1CC[C@H]2[C@@H]3CCC4=CC(=O)CC[C@]4(C)[C@H]3CC[C@]12C,5.81028891,FDA,TESTOSTERONE PROPIONATE,M,1,0.9947038,0.8079253000438612,20.0
414.34600000000006,3.4407000000000014,59.59,2,4,7,1,0.5882352941176471,28,2,0.6715843719947417,0,0,0,0.5743571428571428,0,fda_1169,O=C(NC[C@H]1CCCCN1)c1cc(OCC(F)(F)F)ccc1OCC(F)(F)F,3.81537247,FDA,FLECAINIDE,L,0,0.14184812,0.4173086316400647,1498.0
284.42800000000005,4.241000000000003,6.48,0,3,4,2,0.2941176470588235,20,3,0.8288580486751157,0,0,1,0.9537142857142856,0,fda_183,CN(C)CCCN1c2ccccc2Sc2ccccc21,4.17531157,FDA,PROMAZINE,S,-1,0.29287043,0.45416976163939704,1357.0
366.806,-0.7133999999999994,115.56,2,6,4,1,0.2666666666666666,24,3,0.6798087330589467,0,0,0,0.1745714285714286,0,fda_1021,N[C@@H](C(=O)N[C@@H]1C(=O)N2C(C(=O)[O-])=C(Cl)CS[C@H]12)c1ccccc1,3.90593076,FDA,CEFACLOR,M,0,0.038605444,0.3535784386263362,1738.0
160.237,0.6441999999999999,26.3,0,2,3,0,0.875,11,0,0.4472483918669033,0,0,0,0.8121428571428572,0,fda_1179,CC(=O)O[C@H](C)C[N+](C)(C)C,2.59113908,FDA,METHACHOLINE,XS,0,0.038114477,0.28971524914189634,1957.0
399.48700000000014,1.9924,96.19,2,6,2,0,0.6956521739130435,29,5,0.7403379417393309,0,0,0,0.3129285714285714,0,fda_1839,CC1=N[C@]2(C(=O)CO)[C@@H](C[C@H]3[C@@H]4CCC5=CC(=O)C=C[C@]5(C)[C@H]4[C@@H](O)C[C@@]32C)O1,5.26731443,FDA,M DEFLAZACORT,L,-1,0.99662125,0.7507547078885117,205.0
128.15099999999998,-0.9701999999999996,66.15,1,3,4,0,0.5,9,0,0.4952133881188815,0,0,0,0.5275,0,fda_1478,C=C[C@@H](N)CCC(=O)[O-],2.63106179,FDA,VIGABATRIN,XS,0,0.053724557,0.27798530907567087,1994.0
311.46900000000005,3.9624000000000033,23.47,1,2,5,1,0.6190476190476191,23,4,0.8320193452810374,0,0,0,0.8323571428571429,0,fda_1121,O[C@](CCN1CCCCC1)(c1ccccc1)[C@H]1C[C@H]2C=C[C@@H]1C2,4.83453512,FDA,BIPERIDEN,S,1,0.19106553,0.5527178667555522,1059.0
456.5720000000002,2.7171000000000003,110.43,3,6,6,3,0.3636363636363636,32,4,0.5260863337385334,0,0,0,0.2112142857142857,1,fda_1272,CC(C)Nc1cccnc1N1CCN(C(=O)c2cc3cc(NS(C)(=O)=O)ccc3[nH]2)CC1,3.95120168,FDA,DELAVIRDINE,L,0,0.32383493,0.41485474254086524,1506.0
461.1130000000001,-3.508799999999999,269.96,2,16,10,2,0.375,28,2,0.2563621381710445,1,1,0,0.0,1,fda_1670,Nc1nc2c(ncn2COCCO[P@@](=O)([O-])O[P@@](=O)([O-])OP(=O)([O-])[O-])c(=O)[nH]1,4.61172295,FDA,M ACYCLOVIR,L,-1,0.012423797,0.28703807379391644,1964.0
205.27699999999996,1.7385,40.129999999999995,0,2,4,1,0.4615384615384615,15,1,0.7507790478562271,0,0,0,0.7133571428571429,0,fda_1152,CC(C)Cc1ccc([C@H](C)C(=O)[O-])cc1,4.56401396,FDA,IBUPROFEN,XS,1,0.89334595,0.7185960441897906,374.0
488.6210000000003,4.093500000000003,106.97,1,7,7,0,0.7857142857142857,35,4,0.5378739644790023,0,0,0,0.2359285714285713,0,fda_1328,CCCC(=O)O[C@]1(C(=O)COC(=O)CC)CC[C@H]2[C@@H]3CCC4=CC(=O)CC[C@]4(C)[C@H]3[C@@H](O)C[C@@]21C,5.50807714,FDA,HYDROCORTISONE PROBUTATE,XL,-1,0.989594,0.7152792097972516,394.0
183.251,1.1278,46.17,1,2,2,0,0.8,13,1,0.6521582317615695,0,0,0,0.6702142857142857,0,fda_163,CCC1(CC)C(=O)NC[C@@H](C)C1=O,3.70696449,FDA,METHYPRYLON,XS,-1,0.9834833,0.6688242558826097,619.0
313.72,1.247999999999999,81.59,1,4,2,2,0.0625,22,3,0.8471119866894983,0,0,0,0.4172142857142856,0,fda_1228,O=C([O-])[C@@H]1N=C(c2ccccc2)c2cc(Cl)ccc2NC1=O,4.27301931,FDA,CLORAZEPATE,S,-1,0.9594283,0.7101544716951332,422.0
232.237,-2.129699999999998,94.57999999999998,0,5,1,0,0.75,15,2,0.4812035402653332,0,0,0,0.3244285714285715,0,fda_1372,CC1(C)[C@H](C(=O)[O-])N2C(=O)C[C@H]2S1(=O)=O,4.14346123,FDA,SULBACTAM,XS,1,0.72860986,0.5504708762808057,1071.0
254.289,1.5276,86.18,2,3,4,2,0.0666666666666666,19,2,0.6404218695353087,0,0,1,0.3844285714285713,0,fda_1430,NC(=O)Cc1cccc(C(=O)c2ccccc2)c1N,3.59967804,FDA,NEPAFENAC,S,-1,0.5710546,0.407563397496466,1545.0
111.14799999999998,-0.0891000000000003,54.7,2,2,2,1,0.4,8,1,0.560081635014732,0,0,0,0.6092857142857143,0,fda_153,NCCc1ccn[nH]1,2.85058689,FDA,BETAZOLE,XS,0,0.025068937,0.3040585482051115,1920.0
389.8860000000001,1.2295000000000005,118.36,3,5,2,1,0.4285714285714285,24,4,0.6571692284800612,0,0,0,0.1545714285714287,0,fda_1465,NS(=O)(=O)c1cc2c(cc1Cl)N[C@@H]([C@H]1C[C@H]3C=C[C@@H]1C3)NS2(=O)=O,5.00046682,FDA,CYCLOTHIAZIDE,M,-1,0.16707715,0.45299033841938335,1360.0
519.1490000000001,-4.451399999999998,310.68,4,19,8,2,0.5,32,3,0.2388841203489812,2,1,0,0.0,1,fda_1639,Nc1nc(O)c2ncn([C@@H]3O[C@H](CO[P@@](=O)([O-])O[P@@](=O)([O-])OP(=O)([O-])[O-])[C@@H](O)[C@@H]3O)c2n1,4.06674385,FDA,M NELARABINE,XL,0,0.0038250778,0.24740465681251353,2058.0
882.0349999999996,8.116000000000009,188.8,4,10,11,6,0.3877551020408163,65,9,0.099661312474857,2,2,0,0.0,1,fda_1815,COC(=O)N[C@H](C(=O)N1CCC[C@H]1c1nc(-c2ccc3c(c2)O[C@@H](c2ccccc2)n2c-3cc3cc(-c4c[nH]c([C@@H]5CCCN5C(=O)[C@@H](NC(=O)OC)C(C)C)n4)ccc32)c[nH]1)C(C)C,6.62048292,FDA,ELBASVIR,XL,1,0.9882492,0.6721390090857554,601.0
467.5420000000002,1.7581999999999998,111.16,2,7,10,2,0.3846153846153846,34,3,0.5123623645836826,0,0,0,0.206,1,fda_1673,C=C(O)[C@@H]1Cc2cc(OC)c(OC)cc2CN1C(=O)[C@H](C)N[C@@H](CCc1ccccc1)C(=O)[O-],5.45838022,FDA,MOEXIPRILAT,L,-1,0.3467346,0.5112660119308398,1199.0
403.21200000000016,5.030900000000003,60.45,1,4,7,2,0.2941176470588235,26,3,0.7046383457729449,1,0,0,0.5682142857142857,1,fda_1510,O=C(Nc1c(Cl)cncc1Cl)c1ccc(OC(F)F)c(OCC2CC2)c1,5.16700983,FDA,ROFLUMILAST,L,-1,0.7104462,0.6771143814889534,585.0
556.6220000000002,5.252700000000005,88.73,2,6,2,6,0.2352941176470588,42,9,0.304931565132616,2,0,0,0.3662142857142857,1,fda_1829,CN(C(=O)c1ccccc1)[C@@H]1C[C@H]2O[C@@](C)([C@@H]1O)n1c3ccccc3c3c4c(c5c6ccccc6n2c5c31)C(=O)NC4,4.91782045,FDA,M MIDOSTAURIN,XL,-1,0.99006456,0.6455142175555465,731.0
780.9490000000002,2.218100000000003,203.05999999999997,6,14,7,0,0.926829268292683,55,8,0.1622146238757446,3,1,0,0.0,0,fda_152,C[C@H]1O[C@@H](O[C@H]2[C@@H](O)C[C@H](O[C@H]3[C@@H](O)C[C@H](O[C@H]4CC[C@@]5(C)[C@H](CC[C@@H]6[C@@H]5C[C@@H](O)[C@]5(C)[C@@H](C7=CC(=O)OC7)CC[C@]65O)C4)O[C@@H]3C)O[C@@H]2C)C[C@H](O)[C@@H]1O,6.82241964,FDA,DIGOXIN,XL,1,0.9424967,0.6833586082303853,554.0
466.5210000000002,2.9487000000000014,100.90000000000002,2,6,5,0,0.72,33,4,0.604545875791816,0,0,0,0.2792857142857141,0,fda_1550,CCCC(=O)O[C@]1(C(=O)CO)CC[C@H]2[C@@H]3C[C@H](F)C4=CC(=O)C=C[C@]4(C)[C@@]3(F)[C@@H](O)C[C@@]21C,5.45816851,FDA,M DIFLUPREDNATE,L,-1,0.9946637,0.731396982761712,310.0
263.381,2.7326000000000006,43.7,2,3,4,1,0.625,19,2,0.8775816874821688,0,0,0,0.6878571428571428,0,fda_1432,CN(C)C[C@H](c1ccc(O)cc1)C1(O)CCCCC1,4.16016626,FDA,DESVENLAFAXINE,S,-1,0.8364841,0.699480276474377,481.0
419.3840000000002,1.3528,100.87,2,6,3,2,0.35,30,4,0.7824608276704148,0,0,0,0.2795000000000001,1,fda_1622,C[C@@H]1CCO[C@H]2Cn3cc(C(=O)NCc4ccc(F)cc4F)c(=O)c(O)c3C(=O)N12,4.6558342,FDA,DOLUTEGRAVIR,L,-1,0.6549895,0.6156937717057617,839.0
407.31800000000015,2.0164999999999997,77.04,1,5,4,2,0.4375,28,3,0.6216377742511342,0,0,0,0.4497142857142856,1,fda_1308,N[C@@H](CC(=O)N1CCn2c(nnc2C(F)(F)F)C1)Cc1cc(F)c(F)cc1F,5.18658686,FDA,SITAGLIPTIN,L,-1,0.36548746,0.5463821443965721,1093.0
274.408,3.5064400000000013,32.34,1,2,4,1,0.5882352941176471,20,2,0.910996282737818,0,0,0,0.769,0,fda_1265,CCCN1CCCC[C@H]1C(=O)Nc1c(C)cccc1C,3.72087789,FDA,ROPIVACAINE,S,-1,0.53812945,0.5977210028893322,898.0
273.248,-0.3299999999999998,109.57,2,5,1,1,0.2307692307692307,20,3,0.5375391722332333,0,0,0,0.2173571428571429,0,fda_1596,Nc1cccc2c1C(=O)N([C@H]1CCC(=O)NC1=O)C2=O,4.04118681,FDA,POMALIDOMIDE,S,-1,0.37913036,0.43988924182845046,1415.0
225.288,1.5192999999999997,72.72,4,4,3,1,0.5,16,1,0.6290731330689312,0,0,0,0.4805714285714285,0,fda_1227,CC(C)(C)NC[C@H](O)c1cc(O)cc(O)c1,2.76635385,FDA,TERBUTALINE,XS,0,0.0077679236,0.29460829429996027,1938.0
476.47400000000016,2.9729,143.48,2,10,11,3,0.4285714285714285,33,3,0.3129977215658726,0,2,0,0.0,1,fda_1805,CC(C)OC(=O)[C@H](C)N[P@](=O)(CO[C@H](C)Cn1cnc2c(N)ncnc21)Oc1ccccc1,4.98529387,FDA,TENOFOVIR ALAFENAMIDE,L,-1,0.087112084,0.3437750679252337,1773.0
492.68900000000025,4.255800000000003,56.75000000000001,0,6,5,2,0.6785714285714286,35,7,0.5841691518377902,0,0,0,0.594642857142857,1,fda_1503,O=C1[C@@H]2[C@H]3CC[C@H](C3)[C@@H]2C(=O)N1C[C@@H]1CCCC[C@H]1CN1CCN(c2nsc3ccccc23)CC1,5.38665962,FDA,LURASIDONE,XL,-1,0.83701605,0.7071597578948193,437.0
362.3900000000002,-1.808099999999996,150.28,4,5,6,1,0.5625,26,3,0.4703300603695735,0,1,0,0.0,0,fda_1381,NC(=O)[C@@H]1CCCN1C(=O)[C@H](Cc1c[nH]cn1)NC(=O)[C@@H]1CCC(=O)N1,4.88319445,FDA,PROTIRELIN,M,-1,0.6826519,0.5476164985152174,1088.0
243.168,3.0454000000000017,0.0,0,0,3,1,0.4545454545454545,13,1,0.7156100675468327,0,0,0,1.0,0,fda_1387,CC[N+](C)(C)Cc1ccccc1Br,3.14863849,FDA,BRETYLIUM,XS,-1,0.34610602,0.48889992885443057,1262.0
389.51200000000006,1.9846999999999997,100.82,3,5,12,1,0.6086956521739131,28,2,0.3748568143522166,0,1,0,0.2798571428571428,0,fda_1665,O=C([O-])CCC/C=C\C[C@@H]1[C@@H](CC[C@@H](O)CCc2ccccc2)[C@H](O)C[C@@H]1O,5.71371412,FDA,M LATANOPROST,M,1,0.85982513,0.660800498092935,663.0
389.8860000000001,1.2295000000000005,118.36,3,5,2,1,0.4285714285714285,24,4,0.6571692284800612,0,0,0,0.1545714285714287,0,fda_1466,NS(=O)(=O)c1cc2c(cc1Cl)N[C@H]([C@@H]1C[C@H]3C=C[C@@H]1C3)NS2(=O)=O,4.30281687,FDA,CYCLOTHIAZIDE,M,-1,0.16707715,0.41003112238864775,1528.0
211.224,1.617,69.53999999999999,1,3,1,2,0.0833333333333333,16,2,0.7786697771862998,0,0,0,0.5032857142857143,0,fda_1247,Cc1[nH]c(=O)c(C#N)cc1-c1ccncc1,4.27375269,FDA,MILRINONE,XS,1,0.96760714,0.7075719870227408,432.0
314.37000000000006,2.2553,90.00999999999999,2,5,4,3,0.0,22,3,0.7227517735358318,0,0,0,0.3570714285714286,0,fda_1354,Nc1ccc(S(=O)(=O)Nc2ccnn2-c2ccccc2)cc1,3.98390651,FDA,SULFAPHENAZOLE,S,-1,0.6812486,0.5780115255169225,970.0
441.5240000000002,2.5632,102.26,1,7,3,0,0.68,32,5,0.6756078663027947,0,0,0,0.2695714285714286,0,fda_1838,CC(=O)OCC(=O)[C@@]12N=C(C)O[C@@H]1C[C@H]1[C@@H]3CCC4=CC(=O)C=C[C@]4(C)[C@H]3[C@@H](O)C[C@@]12C,5.86068344,FDA,DEFLAZACORT,L,1,0.9954247,0.7696519143849149,127.0
446.88200000000023,2.9463,91.59000000000002,1,6,7,3,0.3043478260869565,31,3,0.6021275728743393,0,0,0,0.3457857142857141,1,fda_1586,COc1cc2c(cc1Cc1cccc(Cl)c1F)c(=O)c(C(=O)[O-])cn2[C@H](CO)C(C)C,5.5830512,FDA,ELVITEGRAVIR,L,-1,0.8986202,0.7164401639677747,389.0
325.4520000000001,3.9333000000000022,38.33,1,3,8,2,0.3809523809523809,24,2,0.7473500606662421,0,0,0,0.7262142857142857,0,fda_1560,CCC(=O)O[C@](Cc1ccccc1)(c1ccccc1)[C@H](C)CNC,4.18353033,FDA,NORPROPOXYPHENE,M,-1,0.18048508,0.48190864145629103,1285.0
410.5830000000001,4.976400000000005,43.78,1,5,7,2,0.4583333333333333,29,4,0.6525728569553443,0,0,0,0.6872857142857143,1,fda_1357,CC(=O)c1ccc2c(c1)N(CCCN1CCC(CCO)CC1)c1ccccc1S2,5.47827578,FDA,PIPERACETAZINE,L,-1,0.65766937,0.6819422260549716,561.0
493.5610000000003,1.1614999999999998,115.84,1,7,6,2,0.3846153846153846,35,5,0.2778852746524946,0,0,0,0.1725714285714286,1,fda_1448,CC1(C)S[C@@H]2[C@H](NC(=O)[C@H](C(=O)Oc3ccc4c(c3)CCC4)c3ccccc3)C(=O)N2[C@H]1C(=O)[O-],4.86078262,FDA,CARBENICILLIN INDANYL,XL,-1,0.30310807,0.41114148237280124,1522.0
545.9290000000002,3.175420000000001,145.0,2,9,8,4,0.2,38,4,0.3432527612643516,1,1,0,0.0,1,fda_1842,Cc1ccn(-c2cc(Cl)ccc2[C@@H](Oc2cc(-c3ccc(C[C@H](N)C(=O)[O-])cc3)nc(N)n2)C(F)(F)F)n1,5.93121386,FDA,TELOTRISTAT,XL,-1,0.8609814,0.6402338317224886,754.0
387.88700000000017,2.8355000000000015,65.49,0,5,8,2,0.4285714285714285,27,3,0.6964171502061315,0,0,0,0.5322142857142858,0,fda_1479,O=C([O-])CCCN1CCC(O[C@@H](c2ccc(Cl)cc2)c2ccccn2)CC1,4.92008066,FDA,BEPOTASTINE,M,-1,0.1077013,0.4758415120582243,1300.0
1047.2269999999996,3.3685000000000116,281.19999999999993,9,11,17,6,0.3275862068965517,77,8,0.0597664057401441,3,2,0,0.0,1,fda_1577,NCCCC[C@@H]1NC(=O)[C@@H](Cc2c[nH]c3ccccc23)NC(=O)[C@H](c2ccccc2)NC(=O)[C@@H]2C[C@@H](OC(=O)NCCN)CN2C(=O)[C@H](Cc2ccccc2)NC(=O)[C@H](Cc2ccc(OCc3ccccc3)cc2)NC1=O,5.18729925,FDA,PASIREOTIDE,XL,-1,0.6086434,0.4620271033186383,1330.0
300.833,4.186200000000004,15.27,1,2,4,2,0.3333333333333333,21,3,0.851977734438145,0,0,0,0.8909285714285714,0,fda_1693,CNCCCN1c2ccccc2CCc2ccc(Cl)cc21,4.04230928,FDA,M CLOMIPRAMINE,S,-1,0.41458833,0.5808406105859889,955.0
348.766,-0.6238999999999997,115.56,2,5,4,1,0.3125,24,3,0.7032282381265724,0,0,0,0.1745714285714286,0,fda_1053,N[C@@H](C(=O)N[C@@H]1C(=O)N2C(C(=O)[O-])=C(Cl)CC[C@H]12)c1ccccc1,4.61249208,FDA,LORACARBEF,M,-1,0.043557998,0.4032560582641447,1559.0
418.57800000000026,3.5641000000000025,74.02,1,6,7,1,0.7083333333333334,30,3,0.6826775892247292,0,0,0,0.4712857142857143,0,fda_1848,COc1cc2c(cc1OC)[C@H]1C[C@@H](OC(=O)[C@@H](N)C(C)C)[C@H](CC(C)C)CN1CC2,4.65208769,FDA,VALBENAZINE,L,-1,0.72703326,0.6362981174970662,763.0
392.49900000000014,3.148900000000001,85.35,4,4,6,3,0.375,29,4,0.5191742847910432,0,0,0,0.3903571428571428,0,fda_1522,CCc1cc2c(cc1CC)CC(NC[C@H](O)c1ccc(O)c3[nH]c(=O)ccc13)C2,5.1254096,FDA,INDACATEROL,L,-1,0.8860198,0.6723463391972394,599.0
450.9300000000002,4.111320000000004,80.29,0,7,3,4,0.3043478260869565,32,5,0.4669425315890487,0,0,0,0.4265,1,fda_1721,Cc1ccc(-n2nccn2)c(C(=O)N2CCN(c3nc4cc(Cl)ccc4o3)CC[C@H]2C)c1,5.31553841,FDA,SUVOREXANT,L,-1,0.92457,0.6887869022573696,535.0
302.458,4.269300000000005,37.3,1,2,0,0,0.85,22,4,0.7253305311285855,0,0,0,0.7335714285714285,0,fda_1320,C[C@]12CCC(=O)C=C1CC[C@@H]1[C@@H]2CC[C@@]2(C)[C@H]1CC[C@]2(C)O,5.15610552,FDA,METHYLTESTOSTERONE,S,1,0.9988825,0.7836479866994657,73.0
290.403,4.468000000000004,35.53,0,3,9,1,0.5,21,1,0.497064500171454,0,0,0,0.7462142857142857,0,fda_1405,CCCC[C@@H](CC)COC(=O)/C=C/c1ccc(OC)cc1,4.17677546,FDA,OCTINOXATE,S,-1,0.5319774,0.538883282869232,1122.0
422.4930000000002,2.444500000000001,100.90000000000002,2,6,3,0,0.782608695652174,30,4,0.6778330887220734,0,0,0,0.2792857142857141,0,fda_175,CC(=O)OCC(=O)[C@@]1(O)CC[C@H]2[C@@H]3CCC4=CC(=O)CC[C@]4(C)[C@@]3(F)[C@@H](O)C[C@@]21C,5.66596174,FDA,FLUDROCORTISONE ACETATE,L,1,0.98908335,0.7571756008775997,178.0
284.38100000000003,2.16972,67.43,2,5,6,1,0.5384615384615384,19,1,0.7856511740400417,0,0,0,0.5183571428571427,0,fda_1420,CCCN[C@@H](C)C(=O)Nc1c(C)csc1C(=O)OC,3.56823802,FDA,ARTICAINE,S,-1,0.07522917,0.39931849815676695,1568.0
317.74800000000005,2.478300000000001,66.43,0,4,5,2,0.1764705882352941,22,2,0.7945750436830831,0,0,0,0.5255,0,fda_1486,CC(C)(Oc1ccc(C(=O)c2ccc(Cl)cc2)cc1)C(=O)[O-],4.37509298,FDA,FENOFIBRIC ACID,M,-1,0.9315161,0.7083874006382598,427.0
426.4520000000002,-1.2360999999999984,151.09,2,9,7,1,0.375,28,3,0.4059709296632844,0,1,0,0.0,0,fda_1018,CO[C@@]1(NC(=O)Cc2cccs2)C(=O)N2C(C(=O)[O-])=C(COC(N)=O)CS[C@@H]21,4.12350035,FDA,CEFOXITIN,L,0,0.0060747606,0.2849918205043432,1973.0
218.25599999999991,1.4735000000000005,49.41,1,2,2,1,0.3333333333333333,16,2,0.764131318230403,0,0,0,0.6470714285714285,0,fda_1089,CC[C@@]1(c2ccccc2)NC(=O)N(C)C1=O,3.95000005,FDA,MEPHENYTOIN,XS,-1,0.8505228,0.6639818235282967,643.0
1306.5640000000003,-11.187699999999952,524.2699999999998,17,15,30,2,0.6101694915254238,92,7,0.0196167538944969,3,2,0,0.0,1,fda_1521,NC(=[NH2+])NCCC[C@@H](N)C(=O)N[C@@H](CCCNC(N)=[NH2+])C(=O)N1CCC[C@H]1C(=O)N1C[C@H](O)C[C@H]1C(=O)NCC(=O)N[C@@H](Cc1cccs1)C(=O)N[C@@H](CO)C(=O)N1Cc2ccccc2C[C@@H]1C(=O)N1[C@H](C(=O)N[C@@H](CCCNC(N)=[NH2+])C(=O)[O-])C[C@@H]2CCCC[C@@H]21,6.70219421,FDA,ICATIBANT,XL,1,0.9271936,0.6428449800579935,741.0
461.5580000000003,5.163340000000004,84.86000000000001,2,6,7,3,0.2857142857142857,34,3,0.3733153100480422,1,0,0,0.3938571428571428,1,fda_1239,Cc1ccc(C(=O)Oc2ccc([C@H](O)CNC(C)(C)C)cc2OC(=O)c2ccc(C)cc2)cc1,4.43072605,FDA,BITOLTEROL,L,0,0.09589345,0.3637100671502393,1701.0
958.24,6.197200000000008,204.6599999999999,3,14,9,0,0.7547169811320755,68,4,0.1339238691413767,3,1,0,0.0,0,fda_1185,CO[C@@H]1C[C@@H]2CC[C@@H](C)[C@@](O)(O2)C(=O)C(=O)N2CCCC[C@H]2C(=O)O[C@H]([C@H](C)C[C@@H]2CC[C@@H](OCCO)[C@H](OC)C2)CC(=O)[C@@H](C)/C=C(\C)[C@@H](O)[C@@H](OC)C(=O)[C@H](C)C[C@H](C)/C=C/C=C/C=C/1C,5.18629456,FDA,EVEROLIMUS,XL,-1,0.8907941,0.5614419269621299,1034.0
198.3139999999999,0.5258999999999996,67.64,2,2,3,0,0.9,14,1,0.5131425590842082,0,0,0,0.5168571428571429,0,fda_1218,NC(N)=NCCN1CCCCCCC1,3.58187175,FDA,GUANETHIDINE,XS,-1,0.28831828,0.40943303760307087,1535.0
349.43399999999997,3.3272200000000014,77.15,4,3,7,3,0.1904761904761904,26,3,0.2286715976780098,0,0,1,0.4489285714285713,0,fda_1744,Cc1[nH]c2ccccc2c1CCNCc1ccc(/C=C/C(=O)NO)cc1,4.61539221,FDA,PANOBINOSTAT,M,-1,0.8856476,0.4885859161859347,1263.0
428.90300000000025,3.090200000000002,74.6,2,4,2,0,0.7272727272727273,29,4,0.6626797624449254,0,0,0,0.4671428571428572,0,fda_1691,C[C@H]1C[C@H]2[C@@H]3C[C@H](F)C4=CC(=O)C=C[C@]4(C)[C@@]3(F)[C@@H](O)C[C@]2(C)[C@@]1(O)C(=O)CCl,5.57116652,FDA,HALOBETASOL,L,-1,0.9964227,0.7692952666212255,128.0
285.235,-1.8409,139.54000000000002,4,9,2,2,0.5,20,3,0.4718336471857848,0,0,0,0.0032857142857141,0,fda_1688,Nc1nc(F)nc2c1ncn2[C@@H]1O[C@H](CO)[C@@H](O)[C@@H]1O,3.53551793,FDA,FLUDARABINE,S,0,0.050330758,0.27556352100476816,2002.0
597.9050000000001,6.912200000000008,55.84,0,5,7,0,0.8918918918918919,43,6,0.1813365703224181,2,0,0,0.6011428571428572,0,fda_1284,C=CC[N+]1([C@H]2C[C@H]3[C@@H]4CC[C@H]5C[C@H](OC(C)=O)[C@@H](N6CCCCC6)C[C@]5(C)[C@H]4CC[C@]3(C)[C@H]2OC(=O)CC)CCCCC1,6.14489508,FDA,RAPACURONIUM,XL,1,0.9881989,0.7192879768876304,368.0
502.74600000000027,8.239600000000008,0.0,0,0,9,4,0.3333333333333333,38,6,0.1596591824529376,2,0,0,1.0,1,fda_1336,C[N+](C)(CCCCCC[N+](C)(C)C1c2ccccc2-c2ccccc21)C1c2ccccc2-c2ccccc21,4.86459303,FDA,HEXAFLUORENIUM,XL,-1,0.895444,0.6481745500624365,714.0
416.1350000000001,6.454800000000002,27.05,0,3,6,3,0.1666666666666666,25,3,0.4616906207935435,1,0,0,0.8067857142857142,1,fda_1151,Clc1ccc(CO[C@H](Cn2ccnc2)c2ccc(Cl)cc2Cl)c(Cl)c1,4.91622686,FDA,MICONAZOLE,L,-1,0.5220712,0.5804270174835078,957.0
285.343,1.1981,52.93000000000001,2,4,0,1,0.5294117647058824,21,5,0.7033474919154648,0,0,0,0.6219285714285714,0,fda_1236,CN1CC[C@]23c4c5ccc(O)c4O[C@H]2[C@@H](O)C=C[C@H]3[C@H]1C5,4.09412956,FDA,MORPHINE,S,-1,0.70074135,0.6132514038865388,847.0
291.4350000000001,3.472000000000002,41.489999999999995,2,3,6,1,0.6666666666666666,21,2,0.8429853880163447,0,0,0,0.7036428571428572,0,fda_1240,CC(C)(C)NC[C@H](O)COc1ccccc1C1CCCC1,4.02326393,FDA,PENBUTOLOL,S,-1,0.051393505,0.4501823598006888,1372.0
141.17,0.4491999999999999,46.17,1,2,1,0,0.7142857142857143,10,1,0.5387218646888615,0,0,0,0.6702142857142857,0,fda_1128,CC[C@@]1(C)CC(=O)NC1=O,4.12637424,FDA,ETHOSUXIMIDE,XS,1,0.9709607,0.6682062003557903,622.0
295.379,1.5298999999999996,67.79,2,5,9,1,0.5625,21,1,0.6762987306145708,0,0,0,0.5157857142857143,0,fda_1182,COC(=O)CCc1ccc(OC[C@H](O)CNC(C)C)cc1,3.70413423,FDA,ESMOLOL,S,-1,0.0053186943,0.36458580960054393,1698.0
465.5280000000002,1.2958000000000012,137.26000000000002,2,9,7,1,0.5238095238095238,32,3,0.3465790612399167,0,0,0,0.0195714285714284,0,fda_1020,CCOC(=O)O[C@H](C)OC(=O)[C@@H]1N2C(=O)[C@@H](NC(=O)[C@H](N)c3ccccc3)[C@H]2SC1(C)C,4.44262123,FDA,BACAMPICILLIN,L,-1,0.008891528,0.2955661376339515,1935.0
1022.2389999999992,2.323500000000009,231.2,4,14,10,3,0.5283018867924528,73,9,0.2139016389243514,2,1,1,0.0,1,fda_1069,CC[C@@H]1NC(=O)[C@@H](NC(=O)c2ncccc2O)[C@H](C)OC(=O)[C@H](c2ccccc2)NC(=O)[C@@H]2CC(=O)[C@H](CS[C@@H]3CN4CCC3CC4)CN2C(=O)[C@H](Cc2ccc(N(C)C)cc2)N(C)C(=O)[C@@H]2CCCN2C1=O,5.89764261,FDA,QUINUPRISTIN,XL,-1,0.24054717,0.3261661113748784,1846.0
528.9510000000001,9.151699999999998,23.47,1,2,10,3,0.3333333333333333,35,4,0.2216866938390711,2,0,0,0.8323571428571429,1,fda_1153,CCCCN(CCCC)C[C@@H](O)c1cc(Cl)cc2c1-c1ccc(Cl)cc1/C2=C/c1ccc(Cl)cc1,5.16482687,FDA,LUMEFANTRINE,XL,-1,0.15267317,0.4394720124372351,1419.0
168.03599999999997,2.0835,9.23,0,1,2,0,1.0,10,0,0.5732475481548114,0,0,0,0.9340714285714286,0,fda_1194,FC(F)O[C@@H](F)C(F)(F)F,3.06955028,FDA,DESFLURANE,XS,-1,0.06603809,0.36494416476648067,1693.0
324.15700000000004,-2.8305999999999996,156.74,2,9,4,1,0.5555555555555556,21,2,0.5610247630314301,0,1,0,0.0,0,fda_1654,O=c1[nH]c(=O)n([C@H]2C[C@H](O)[C@@H](COP(=O)([O-])[O-])O2)cc1F,3.55396962,FDA,M FLUOROURACIL,M,0,0.04697717,0.29320329607952844,1945.0
140.19,-1.0197999999999992,12.96,0,4,0,0,1.0,10,4,0.4267612580294936,0,0,0,0.9074285714285716,0,fda_1365,C1N2CN3CN1CN(C2)C3,2.95212173,FDA,METHENAMINE,XS,0,0.023655154,0.3130368380014715,1888.0
265.25,2.0092000000000003,105.36,2,6,3,2,0.0,18,2,0.6518867096514126,0,0,0,0.2474285714285714,0,fda_1643,O=C(Nc1ncc([N+](=O)[O-])s1)c1ccccc1O,4.74227381,FDA,TIZOXANIDE,S,1,0.7405406,0.6173598430224688,828.0
285.77400000000006,4.258500000000003,12.47,0,2,0,2,0.2941176470588235,20,4,0.7170507116408826,0,0,0,0.9109285714285714,0,fda_1477,CN1C[C@@H]2c3ccccc3Oc3ccc(Cl)cc3[C@H]2C1,4.20196342,FDA,ASENAPINE,S,-1,0.30389166,0.5324772312320021,1140.0
493.5610000000003,1.1614999999999998,115.84,1,7,6,2,0.3846153846153846,35,5,0.2778852746524946,0,0,0,0.1725714285714286,1,fda_1447,CC1(C)S[C@@H]2[C@H](NC(=O)[C@@H](C(=O)Oc3ccc4c(c3)CCC4)c3ccccc3)C(=O)N2[C@H]1C(=O)[O-],4.86446428,FDA,CARBENICILLIN INDANYL,XL,-1,0.30310807,0.41136818808286646,1520.0
360.4500000000002,1.5576,94.83,3,5,2,0,0.7142857142857143,26,4,0.6946116752943168,0,0,0,0.3226428571428571,0,fda_171,C[C@]12C=CC(=O)C=C1CC[C@@H]1[C@@H]2[C@@H](O)C[C@@]2(C)[C@H]1CC[C@]2(O)C(=O)CO,5.33013916,FDA,PREDNISOLONE,M,1,0.994524,0.7458202869988853,227.0
453.5110000000002,-1.970779999999998,158.91999999999996,1,13,7,2,0.4285714285714285,29,4,0.3658264038847418,1,1,0,0.0,1,fda_1008,Cc1nnc(SCC2=C(C(=O)[O-])N3C(=O)[C@@H](NC(=O)Cn4cnnn4)[C@H]3SC2)s1,4.31358099,FDA,CEFAZOLIN,L,0,0.010992976,0.2901429824146674,1956.0
660.7270000000002,8.675400000000007,62.32000000000001,0,6,19,2,0.6111111111111112,45,4,0.1110576667597675,2,1,0,0.5548571428571428,1,fda_1804,CCCCCCCCCCCC(=O)OCN1C(=O)CCc2ccc(OCCCCN3CCN(c4cccc(Cl)c4Cl)CC3)cc21,6.02829599,FDA,ARIPIPRAZOLE LAUROXIL,XL,-1,0.6022007,0.5776243415585666,973.0
380.662,0.8210000000000004,118.36,3,5,2,1,0.25,20,2,0.6564465021990212,0,0,0,0.1545714285714287,0,fda_1126,NS(=O)(=O)c1cc2c(cc1Cl)N[C@@H](C(Cl)Cl)NS2(=O)=O,4.18389559,FDA,TRICHLORMETHIAZIDE,M,-1,0.18428016,0.4077246588977173,1544.0
482.09900000000016,-3.860599999999997,255.46,2,15,8,1,0.5555555555555556,29,2,0.3363510491427183,1,1,0,0.0,0,fda_1655,O=c1[nH]c(=O)n([C@H]2C[C@H](O)[C@@H](CO[P@@](=O)([O-])O[P@](=O)([O-])OP(=O)([O-])[O-])O2)cc1F,3.88902855,FDA,M FLUOROURACIL,L,0,0.022153791,0.2614534754382495,2028.0
418.54100000000005,4.307500000000003,81.34,1,5,11,3,0.32,31,3,0.4694486043901936,0,1,0,0.4189999999999999,1,fda_1807,CC(C)N(CCCCOCC(N)=O)c1cnc(-c2ccccc2)c(-c2ccccc2)n1,5.34317017,FDA,M SELEXIPAG,L,-1,0.93304497,0.6927820944231904,511.0
211.261,1.1291999999999998,72.72,4,4,4,1,0.4545454545454545,15,1,0.6021334012552946,0,0,0,0.4805714285714285,0,fda_1222,CC(C)NC[C@H](O)c1cc(O)cc(O)c1,2.70020747,FDA,METAPROTERENOL,XS,0,0.013160495,0.2867650214933598,1965.0
408.45400000000024,-0.5807999999999973,112.6,1,6,8,2,0.3478260869565217,30,3,0.625384663396691,0,0,0,0.1957142857142857,1,fda_1695,C[C@H](N[C@@H](CCc1ccccc1)C(=O)[O-])C(=O)N1Cc2ccccc2C[C@H]1C(=O)[O-],4.82218218,FDA,QUINAPRILAT,L,-1,0.19461443,0.4480306528498582,1376.0
286.26399999999995,2.1149999999999993,81.65,0,5,6,1,0.5384615384615384,19,1,0.5906206074464447,0,0,0,0.4167857142857142,0,fda_1454,CC(C)c1cccc(C(C)C)c1OCOP(=O)([O-])[O-],4.80774164,FDA,FOSPROPOFOL,S,1,0.7193847,0.6197268598040532,821.0
570.6460000000004,3.4798000000000027,141.18,4,9,6,3,0.46875,42,8,0.3505216634050578,1,1,0,0.0,1,fda_1844,CC(C)(NC(=O)C1=C(O)[C@@H]2Oc3c(O)ccc4c3[C@@]23CCN(CC2CC2)[C@H](C4)[C@]3(O)C1)c1nc(-c2ccccc2)no1,6.04499674,FDA,NALDEMEDINE,XL,-1,0.7677051,0.6207111191323831,817.0
300.74500000000006,3.3712000000000018,40.620000000000005,0,2,1,2,0.125,21,3,0.7576569223589451,0,0,0,0.7098571428571427,0,fda_1525,CN1C(=O)CC(=O)N(c2ccccc2)c2cc(Cl)ccc21,5.46926641,FDA,CLOBAZAM,S,1,0.90501153,0.7788640684386386,95.0
649.9680000000001,2.618000000000001,95.61,2,5,5,2,0.1333333333333333,23,2,0.4862158687247325,1,0,0,0.3170714285714284,1,fda_185,N[C@@H](Cc1cc(I)c(Oc2ccc(O)c(I)c2)c(I)c1)C(=O)[O-],5.51388216,FDA,LIOTHYRONINE,XL,-1,0.88868004,0.6831451497276799,555.0
339.47900000000016,4.275500000000004,29.54,0,3,8,2,0.4090909090909091,25,2,0.6725578996267864,0,0,0,0.789,0,fda_1352,CCC(=O)O[C@@](Cc1ccccc1)(c1ccccc1)[C@@H](C)CN(C)C,4.68763018,FDA,LEVOPROPOXYPHENE,M,-1,0.5566464,0.617118160042619,830.0
357.435,2.490900000000001,71.53,1,6,7,2,0.2777777777777778,25,3,0.8208547527827771,0,0,0,0.4890714285714286,0,fda_1288,CN(CCOc1ccc(C[C@H]2SC(=O)NC2=O)cc1)c1ccccn1,4.20354605,FDA,ROSIGLITAZONE,M,-1,0.5710044,0.5912835969289868,912.0
263.3809999999999,2.6346000000000007,32.7,1,3,4,1,0.625,19,2,0.9061758690933456,0,0,0,0.7664285714285715,0,fda_1677,COc1cccc([C@]2(O)CCCC[C@H]2CN(C)C)c1,3.73488402,FDA,TRAMADOL,S,-1,0.6435952,0.6290019731444302,787.0
324.38000000000005,3.493400000000002,60.85,1,3,5,2,0.2631578947368421,24,3,0.8564589107930237,0,0,1,0.5653571428571429,0,fda_1132,CCCC[C@@H]1C(=O)N(c2ccccc2)N(c2ccc(O)cc2)C1=O,4.98186111,FDA,OXYPHENBUTAZONE,M,-1,0.9491432,0.6674009655642332,627.0
296.326,3.0637000000000008,72.63,1,3,1,2,0.1764705882352941,22,3,0.8219137462216773,0,0,0,0.4812142857142857,0,fda_1621,CC(=O)O[C@H]1Cc2ccccc2N(C(N)=O)c2ccccc21,4.94436789,FDA,ESLICARBAZEPINE ACETATE,S,1,0.920964,0.7413151988124882,251.0
357.435,2.490900000000001,71.53,1,6,7,2,0.2777777777777778,25,3,0.8208547527827771,0,0,0,0.4890714285714286,0,fda_1287,CN(CCOc1ccc(C[C@@H]2SC(=O)NC2=O)cc1)c1ccccn1,4.52131844,FDA,ROSIGLITAZONE,M,-1,0.5710044,0.6108510788024007,858.0
835.944,4.5678000000000045,202.45,3,14,10,2,0.5777777777777777,60,6,0.1707279713931615,2,1,0,0.0,1,fda_1504,CO[C@H]1C(=O)[C@]2(C)[C@@H](OC)C[C@H]3OC[C@@]3(OC(C)=O)[C@H]2[C@H](OC(=O)c2ccccc2)[C@]2(O)C[C@H](OC(=O)[C@H](O)[C@@H](NC(=O)OC(C)(C)C)c3ccccc3)C(C)=C1C2(C)C,5.45130157,FDA,CABAZITAXEL,XL,-1,0.106697336,0.34989206706009573,1751.0
538.5840000000003,4.9268000000000045,93.81,1,7,4,1,0.5925925925925926,37,5,0.5437695227604175,1,0,0,0.3299285714285714,0,fda_1403,C[C@@H]1C[C@H]2[C@@H]3C[C@H](F)C4=CC(=O)C=C[C@]4(C)[C@@]3(F)[C@@H](O)C[C@]2(C)[C@@]1(OC(=O)c1ccco1)C(=O)SCF,5.41979361,FDA,FLUTICASONE FUROATE,XL,-1,0.9465457,0.7075076045767412,433.0
314.46900000000005,4.723500000000005,34.14,0,2,1,0,0.8095238095238095,23,4,0.7013194281770768,0,0,0,0.7561428571428571,0,fda_148,CC(=O)[C@H]1CC[C@H]2[C@@H]3CCC4=CC(=O)CC[C@]4(C)[C@H]3CC[C@]12C,5.15522957,FDA,PROGESTERONE,S,1,0.9978969,0.7807533017212843,86.0
419.2110000000002,4.163500000000002,73.05000000000001,1,5,6,2,0.2941176470588235,27,3,0.7141415397540368,0,0,0,0.4782142857142856,1,fda_1537,O=C(N=c1c(Cl)cn(O)cc1Cl)c1ccc(OC(F)F)c(OCC2CC2)c1,5.84590006,FDA,M ROFLUMILAST,L,1,0.8480376,0.753096491864633,191.0
868.9480000000001,4.956500000000004,195.22,3,11,8,2,0.7,60,7,0.3038945728801688,2,1,0,0.0,1,fda_1847,CC[C@@H]1[C@@H]2CN(C(=O)[C@H](C(C)(C)C)NC(=O)O[C@@H]3C[C@H]3CCCCC(F)(F)c3nc4ccc(OC)cc4nc3O2)[C@@H]1C(=O)N[C@]1(C(=O)NS(=O)(=O)C2(C)CC2)C[C@H]1C(F)F,4.71763563,FDA,VOXILAPREVIR,XL,0,0.92480445,0.5767805630357012,975.0
500.483,5.729500000000005,50.36,2,3,5,2,0.48,35,4,0.5159896304310263,2,0,0,0.6402857142857143,1,fda_1801,C[C@@H](OC[C@@]1(c2ccccc2)CC[C@]2(CCC(=O)N2)CN1)c1cc(C(F)(F)F)cc(C(F)(F)F)c1,5.43059015,FDA,ROLAPITANT,XL,-1,0.8835026,0.7147392181105465,400.0
263.38499999999993,1.1901,81.14,3,3,8,1,0.5333333333333333,19,1,0.6162274227299266,0,0,0,0.4204285714285714,0,fda_1306,C[C@@H](Cc1ccccc1)NC(=O)[C@@H](N)CCCCN,3.22432923,FDA,LISDEXAMFETAMINE,S,0,0.06570586,0.3316070146517376,1821.0
251.80099999999996,4.135100000000003,26.02,1,1,4,1,0.6,17,2,0.8554670191758997,0,0,0,0.8141428571428572,0,fda_1659,CC(C)C[C@@H](N)C1(c2ccc(Cl)cc2)CCC1,4.1060214,FDA,M SIBUTRAMINE,XS,1,0.8895888,0.7202832319290593,364.0
403.2810000000002,2.902400000000001,70.84,0,6,5,3,0.2352941176470588,24,4,0.6130715524649576,0,0,0,0.494,1,fda_1810,O=C([O-])CSc1nnc(Br)n1-c1ccc(C2CC2)c2ccccc12,5.64604902,FDA,LESINURAD,L,1,0.9946391,0.7661352806047546,140.0
145.158,-0.5326000000000002,69.39,1,4,4,0,0.6666666666666666,10,0,0.5396004092310056,0,0,0,0.5043571428571428,0,fda_1296,COC(=O)CCC(=O)CN,3.94091678,FDA,METHYL AMINOLEVULINATE,XS,-1,0.04666972,0.3630889643131198,1704.0
423.3830000000001,-1.8706999999999971,176.58999999999995,2,10,7,1,0.3125,29,3,0.2887875722659721,0,1,0,0.0,0,fda_1029,CO/N=C(\C(=O)N[C@@H]1C(=O)N2C(C(=O)[O-])=C(COC(N)=O)CS[C@H]12)c1ccco1,4.10703087,FDA,CEFUROXIME,L,0,0.008620102,0.26130460970171987,2029.0
475.46500000000026,-1.6877999999999973,212.96,3,11,10,3,0.2608695652173913,35,3,0.2813060083578683,1,1,0,0.0,1,fda_1481,C#CC[C@@H](Cc1cnc2nc(N)nc(N)c2n1)c1ccc(C(=O)N[C@@H](CCC(=O)[O-])C(=O)[O-])cc1,5.40797663,FDA,PRALATREXATE,L,-1,0.37880313,0.4509715917589473,1369.0
220.316,2.32162,41.13,2,2,5,1,0.4615384615384615,16,1,0.7992484445643814,0,0,0,0.7062142857142857,0,fda_1136,CCCN[C@@H](C)C(=O)Nc1ccccc1C,3.25664067,FDA,PRILOCAINE,XS,-1,0.19292782,0.43694602318366854,1432.0
415.4320000000002,3.7543000000000015,101.38000000000002,2,7,5,5,0.1363636363636363,31,5,0.4533184660974361,0,0,0,0.2758571428571427,1,fda_1730,CC[C@H](Nc1ncnc2nc[nH]c12)c1nc2cccc(F)c2c(=O)n1-c1ccccc1,6.02280426,FDA,IDELALISIB,L,1,0.98486507,0.7326376576684117,305.0
318.8730000000001,4.894400000000004,6.48,0,3,4,2,0.2941176470588235,21,3,0.7918053413291345,0,0,0,0.9537142857142856,0,fda_142,CN(C)CCCN1c2ccccc2Sc2ccc(Cl)cc21,3.98391247,FDA,CHLORPROMAZINE,M,0,0.19565208,0.5058079208262399,1217.0
484.66300000000024,4.666800000000005,55.760000000000005,1,6,9,3,0.4230769230769231,33,6,0.272537178442321,0,0,0,0.6017142857142856,1,fda_1588,O=C(O[C@H]1C[N@+]2(CCCOc3ccccc3)CC[C@H]1CC2)C(O)(c1cccs1)c1cccs1,4.43856716,FDA,ACLIDINIUM,XL,0,0.11087209,0.3693165778712584,1670.0
450.91500000000013,1.6133999999999993,108.61,4,7,6,2,0.4782608695652174,31,4,0.5291572262506439,0,0,0,0.2242142857142856,1,fda_1720,OC[C@H]1O[C@@H](c2ccc(Cl)c(Cc3ccc(O[C@H]4CCOC4)cc3)c2)[C@H](O)[C@@H](O)[C@@H]1O,4.09976053,FDA,EMPAGLIFLOZIN,L,0,0.018948812,0.334450896432473,1811.0
539.6360000000004,3.6159000000000026,94.21999999999996,2,7,7,3,0.2580645161290322,40,5,0.3499792624442517,1,0,0,0.3270000000000002,1,fda_1740,COC(=O)c1ccc2c(c1)NC(=O)/C2=C(\Nc1ccc(N(C)C(=O)CN2CCN(C)CC2)cc1)c1ccccc1,6.0767417,FDA,NINTEDANIB,XL,1,0.5250293,0.5824546621271885,945.0
422.5060000000002,2.0749999999999997,98.08,0,7,10,3,0.2608695652173913,30,3,0.4660136688395425,0,0,0,0.2994285714285715,1,fda_1275,CCCCc1ncc(/C=C(\Cc2cccs2)C(=O)[O-])n1Cc1ccc(C(=O)[O-])cc1,5.87561274,FDA,EPROSARTAN,L,1,0.9907783,0.7302442067999442,321.0
286.33900000000006,1.0922999999999998,101.88,3,7,4,2,0.5,21,4,0.7272302824304794,0,0,0,0.2722857142857143,0,fda_1283,Nc1nc(NC2CC2)c2ncn([C@H]3C=C[C@@H](CO)C3)c2n1,4.6323123,FDA,ABACAVIR,S,-1,0.27469897,0.48839066080313126,1266.0
309.62100000000004,-2.4115200000000003,162.25,2,7,2,1,0.0,21,1,0.5743674366769347,0,1,0,0.0,0,fda_1409,N#Cc1cc(NC(=O)C(=O)[O-])c(Cl)c(NC(=O)C(=O)[O-])c1,3.44059825,FDA,LODOXAMIDE,S,0,0.13955866,0.3166652054610513,1874.0
496.6330000000002,3.8980000000000032,101.49,1,7,12,3,0.3461538461538461,35,3,0.3795721172996913,0,1,0,0.2750714285714285,1,fda_1806,CC(C)N(CCCCOCC(=O)NS(C)(=O)=O)c1cnc(-c2ccccc2)c(-c2ccccc2)n1,5.12096262,FDA,SELEXIPAG,XL,-1,0.47358772,0.5088938711184612,1206.0
409.4490000000001,2.4813000000000014,89.82000000000001,2,5,11,1,0.5,29,2,0.4329651273535212,0,1,0,0.3584285714285714,0,fda_1534,O=C([O-])CCC/C=C\C[C@@H]1[C@@H](/C=C/C(F)(F)COc2ccccc2)[C@H](O)C[C@@H]1O,5.18365479,FDA,M TAFLUPROST,L,-1,0.766843,0.6197451752178615,820.0
167.296,2.4206000000000003,12.03,1,1,1,0,1.0,12,2,0.632181599279575,0,0,0,0.9140714285714284,0,fda_1107,CN[C@]1(C)[C@H]2CC[C@H](C2)C1(C)C,3.49244618,FDA,MECAMYLAMINE,XS,-1,0.9169944,0.656058547617473,685.0
282.38599999999997,0.1434000000000001,108.74,2,6,7,0,1.0,14,0,0.3855117702421436,0,0,0,0.2232857142857143,0,fda_1698,O=S(=O)(O)CCSSCCS(=O)(=O)O,3.87579703,FDA,DIMESNA,S,-1,0.09692681,0.3152313396170939,1880.0
231.03699999999995,-4.191299999999998,172.63,2,8,4,0,1.0,13,0,0.4576639088920878,0,1,0,0.0,0,fda_1256,NCCC(O)(P(=O)([O-])[O-])P(=O)([O-])[O-],4.01753569,FDA,PAMIDRONATE,XS,-1,0.28018606,0.37103881709664,1667.0
174.20299999999995,1.7992,32.67,0,2,1,1,0.2,13,2,0.6385441833835214,0,0,0,0.7666428571428572,0,fda_1846,CC1=NN(c2ccccc2)C(=O)C1,3.38784599,FDA,EDARAVONE,XS,-1,0.6452027,0.5546097376146947,1054.0
279.383,3.9624000000000033,12.47,0,2,3,2,0.2631578947368421,21,3,0.8428637069733037,0,0,0,0.9109285714285714,0,fda_1749,CN(C)CC/C=C1\c2ccccc2COc2ccccc21,4.23376989,FDA,DOXEPIN,S,-1,0.72576547,0.6861605193261799,543.0
320.04600000000005,5.929000000000002,0.0,0,0,3,2,0.1428571428571428,18,2,0.6150214671313037,1,0,0,1.0,0,fda_1144,Clc1ccc([C@H](c2ccccc2Cl)C(Cl)Cl)cc1,3.95542645,FDA,MITOTANE,M,0,0.11377359,0.4487620855146811,1375.0
360.45000000000016,1.9898,91.67,2,5,2,0,0.7619047619047619,26,4,0.7856923773821717,0,0,1,0.3452142857142857,0,fda_1771,C[C@]12CCC(=O)C=C1CC[C@@H]1[C@@H]2C(=O)C[C@@]2(C)[C@H]1CC[C@]2(O)C(=O)CO,5.01362228,FDA,CORTISONE,M,-1,0.9950086,0.6469487747131601,726.0
847.0190000000003,4.615720000000003,205.54999999999995,5,14,4,1,0.5869565217391305,61,6,0.2630753883136941,2,1,1,0.0,0,fda_1061,CO[C@H]1/C=C/O[C@@]2(C)Oc3c(C)c(O)c4c(c3C2=O)C2=NC3(CCN(CC(C)C)CC3)NC2=C(NC(=O)/C(C)=C\C=C\[C@H](C)[C@H](O)[C@@H](C)[C@@H](O)[C@@H](C)[C@H](OC(C)=O)[C@@H]1C)C4=O,5.47704697,FDA,RIFABUTIN,XL,-1,0.32177734,0.33447088196328584,1810.0
444.6560000000003,4.841600000000007,80.92,4,4,5,0,0.7142857142857143,32,3,0.4574527487157263,0,0,0,0.422,0,fda_1556,C=C1/C(=C\C=C2/CCC[C@]3(C)[C@@H]([C@H](C)/C=C/[C@@](C)(O)C(C)(C)O)CC[C@@H]23)C[C@@H](O)C[C@@H]1O,5.72152185,FDA,M DOXERCALCIFEROL,L,1,0.9985373,0.7336283859516178,296.0
529.4580000000002,1.6565000000000003,158.17999999999995,3,10,10,2,0.5,36,3,0.3052832297679623,1,1,0,0.0,1,fda_1626,CC(C)OC(=O)[C@H](C)N[P@@](=O)(OC[C@H]1O[C@@H](n2ccc(=O)[nH]c2=O)[C@](C)(F)[C@@H]1O)Oc1ccccc1,4.71505404,FDA,SOFOSBUVIR,XL,0,0.017802414,0.30479869939944393,1916.0
308.37800000000004,1.5852999999999997,87.66,3,5,8,1,0.5,22,1,0.6347552616268447,0,0,0,0.3738571428571429,0,fda_1612,CC(=O)Nc1ccc(OC[C@H](O)CNC(C)C)c(C(C)=O)c1,3.21292043,FDA,DIACETOLOL,S,0,0.005313082,0.31183508525475806,1894.0
284.408,3.862600000000003,19.370000000000005,0,3,2,3,0.25,20,3,0.5259574390794158,0,0,0,0.8616428571428572,0,fda_1797,CN(C)c1ccc2nc3ccc(N(C)C)cc3[s+]c2c1,4.06119299,FDA,METHYLENE BLUE,S,-1,0.9101197,0.6625301910671434,654.0
404.5070000000002,2.423,68.31,0,6,6,1,0.6363636363636364,29,3,0.6786181154392725,0,0,0,0.5120714285714285,0,fda_1142,CCN(CC)C(=O)[C@H]1CN2CCc3cc(OC)c(OC)cc3[C@@H]2C[C@@H]1OC(C)=O,4.17962742,FDA,BENZQUINAMIDE,L,0,0.6328856,0.5822277894752336,947.0
307.39700000000005,2.7792000000000012,38.13,0,4,1,2,0.3684210526315789,23,4,0.7604480046242431,0,0,1,0.7276428571428571,0,fda_1496,CN1CCC(=C2c3ccccc3CCn3c(C=O)cnc32)CC1,5.02733183,FDA,ALCAFTADINE,S,1,0.9633664,0.6714942852279775,604.0
451.4830000000003,1.717799999999999,112.27,1,9,4,3,0.3478260869565217,33,5,0.6334640734356928,0,0,0,0.1980714285714284,1,fda_1251,COc1cc2nc(N3CCN(C(=O)[C@@H]4COc5ccccc5O4)CC3)nc(N)c2cc1OC,4.65940142,FDA,DOXAZOSIN,L,-1,0.55615574,0.548321085721612,1086.0
378.5160000000001,3.173300000000001,32.78,0,3,6,2,0.4583333333333333,28,4,0.7740303952237003,0,0,0,0.7658571428571428,0,fda_1137,CCN1C[C@H](CCN2CCOCC2)C(c2ccccc2)(c2ccccc2)C1=O,5.14859247,FDA,DOXAPRAM,M,-1,0.815104,0.7410203482381645,255.0
249.354,2.331600000000001,43.7,2,3,3,1,0.6,18,2,0.8638209859209474,0,0,0,0.6878571428571428,0,fda_1676,CN(C)C[C@@H]1CCCC[C@]1(O)c1cccc(O)c1,3.68411183,FDA,M TRAMADOL,XS,-1,0.8515277,0.6719272003146062,602.0
472.13600000000014,-2.3874999999999984,243.94,1,15,8,2,0.5,29,3,0.394161772764361,1,1,0,0.0,1,fda_1686,O=c1nc[nH]c2c1ncn2[C@H]1CC[C@@H](CO[P@](=O)([O-])O[P@](=O)([O-])OP(=O)([O-])[O-])O1,4.3532424,FDA,M DIDANOSINE,L,0,0.036805674,0.30599609809664696,1912.0
272.3879999999999,3.609200000000002,40.46,2,2,0,1,0.6666666666666666,20,4,0.757169743555686,0,0,0,0.7110000000000001,0,fda_17,C[C@]12CC[C@@H]3c4ccc(O)cc4CC[C@H]3[C@@H]1CC[C@@H]2O,5.07554245,FDA,ESTRADIOL,S,1,0.99599624,0.7819319745978754,81.0
246.35399999999996,2.7262400000000007,32.34,1,2,2,1,0.5333333333333333,18,2,0.8699043213708457,0,0,0,0.769,0,fda_1123,Cc1cccc(C)c1NC(=O)[C@@H]1CCCCN1C,3.67592359,FDA,MEPIVACAINE,XS,-1,0.5109931,0.5785935662796893,966.0
298.4550000000001,3.8642400000000023,15.27,1,3,3,2,0.3333333333333333,21,3,0.9259602218919863,0,0,0,0.8909285714285714,0,fda_1617,Cc1ccc(Sc2ccccc2N2CCNCC2)c(C)c1,4.67622566,FDA,VORTIOXETINE,S,-1,0.40364233,0.6313879936331019,777.0
395.4380000000001,-0.7423999999999975,115.84,1,8,6,1,0.375,26,3,0.4980041836349446,0,0,0,0.1725714285714286,0,fda_1010,CC(=O)OCC1=C(C(=O)[O-])N2C(=O)[C@@H](NC(=O)Cc3cccs3)[C@H]2SC1,3.82449031,FDA,CEPHALOTHIN,L,0,0.026975865,0.3085137940949717,1905.0
665.6949999999999,-5.2379999999999995,305.03999999999996,6,17,12,2,0.4347826086956521,45,4,0.0534313197752459,3,2,0,0.0,1,fda_1725,Cn1c(N)c(NC(=O)NCCN)c[n+]1CC1=C(C(=O)[O-])N2C(=O)[C@@H](NC(=O)/C(=N\OC(C)(C)C(=O)[O-])c3nsc(N)n3)[C@H]2SC1,4.58185577,FDA,CEFTOLOZANE,XL,0,0.015912408,0.2456593609883482,2061.0
1415.5760000000005,-7.703580000000035,627.07,20,31,35,4,0.6181818181818182,96,6,0.0150258661354466,3,2,0,0.0,1,fda_1313,Cc1c(N)nc([C@H](CC(N)=O)NC[C@H](N)C(N)=O)nc1C(=O)N[C@H](C(=O)N[C@H](C)[C@@H](O)[C@H](C)C(=O)N[C@H](C(=O)NCCc1nc(-c2nc(C(=O)NCCC[S+](C)C)cs2)cs1)[C@@H](C)O)[C@@H](O[C@@H]1O[C@@H](CO)[C@@H](O)[C@H](O)[C@@H]1O[C@H]1O[C@H](CO)[C@@H](O)[C@H](OC(N)=O)[C@@H]1O)c1cnc[nH]1,6.76447058,FDA,BLEOMYCIN,XL,1,0.8584273,0.6251316841638184,805.0
1058.052,6.23440000000001,266.65999999999997,7,18,13,1,0.6346153846153846,72,4,0.0655198478708427,4,2,0,0.0,0,fda_1514,CCc1c(Cl)c(O)c(Cl)c(O)c1C(=O)O[C@H]1[C@H](O)[C@H](OC)[C@H](OC/C2=C\C=C\C[C@H](O)/C(C)=C/[C@H](CC)[C@@H](O[C@@H]3OC(C)(C)[C@@H](OC(=O)C(C)C)[C@H](O)[C@@H]3O)/C(C)=C/C(C)=C/C[C@@H]([C@@H](C)O)OC2=O)O[C@@H]1C,6.69119644,FDA,FIDAXOMICIN,XL,1,0.7523305,0.5988894468384399,896.0
262.30899999999997,1.3066,66.48,1,3,3,0,0.5,19,1,0.4734897247740322,0,0,0,0.5251428571428571,0,fda_1117,C=CC[C@]1([C@@H](C)C#CCC)C(=O)NC(=O)N(C)C1=O,5.16053152,FDA,METHOHEXITAL,S,1,0.98470205,0.7084553757374482,426.0
290.794,3.4026000000000023,25.36,0,3,6,2,0.3125,20,2,0.8151739333124051,0,0,0,0.8188571428571428,0,fda_135,CN(C)CCO[C@H](c1ccc(Cl)cc1)c1ccccn1,3.3441937,FDA,CARBINOXAMINE,S,0,0.020206437,0.40497024488512096,1553.0
305.418,3.789600000000003,58.56,2,3,9,1,0.5,22,1,0.5388605597174689,0,0,0,0.5817142857142856,0,fda_1490,COc1cc(CNC(=O)CCCC/C=C/C(C)C)ccc1O,4.36488771,FDA,CAPSAICIN,S,-1,0.13293248,0.4226624117633211,1484.0
516.5560000000003,-1.574999999999993,159.26,2,8,6,1,0.4782608695652174,36,4,0.3387247955446623,1,1,0,0.0,0,fda_1024,CCN1CCN(C(=O)N[C@@H](C(=O)N[C@@H]2C(=O)N3[C@@H]2SC(C)(C)[C@@H]3C(=O)[O-])c2ccccc2)C(=O)C1=O,4.48129129,FDA,PIPERACILLIN,XL,0,0.0071254317,0.2938895005971994,1941.0
437.52900000000017,3.1390400000000005,119.03,2,8,5,4,0.1904761904761904,31,4,0.4921501033338167,0,0,0,0.1497857142857143,1,fda_1482,Cc1ccc(Nc2nccc(N(C)c3ccc4c(C)n(C)nc4c3)n2)cc1S(N)(=O)=O,5.56791353,FDA,PAZOPANIB,L,-1,0.7372167,0.6254914970329897,804.0
239.315,1.3059999999999998,72.72,4,4,4,1,0.5384615384615384,17,1,0.6389509580864461,0,0,0,0.4805714285714285,0,fda_1379,CC(C)(C)NC[C@@H](O)c1ccc(O)c(CO)c1,3.04252362,FDA,ALBUTEROL,XS,-1,0.0045076655,0.3126114976217729,1890.0
328.4120000000001,2.1353999999999997,95.57999999999998,4,4,8,2,0.3157894736842105,24,2,0.5968389616111595,0,0,0,0.3172857142857144,0,fda_1702,C[C@@H](CCc1ccccc1)NC[C@H](O)c1ccc(O)c(C(N)=O)c1,4.19065905,FDA,LABETALOL,M,-1,0.017115405,0.3623416254440722,1709.0
151.933,0.0433999999999999,29.46,1,2,0,1,0.1428571428571428,11,2,0.5315735345293469,0,0,0,0.7895714285714286,0,fda_1713,OB1OCc2cc(F)ccc21,4.33254004,FDA,TAVABOROLE,XS,1,0.5792045,0.5738804535354871,986.0
102.093,-1.624900000000001,64.35,2,3,0,0,0.6666666666666666,7,1,0.3858928560707065,0,0,0,0.540357142857143,0,fda_1077,N[C@@H]1CONC1=O,2.64991546,FDA,CYCLOSERINE,XS,0,0.045768548,0.2561810672591137,2040.0
465.16600000000017,-2.771099999999999,241.27999999999997,1,16,8,1,0.5,27,2,0.3819481544609711,1,1,0,0.0,0,fda_1666,Nc1ccn([C@@H]2CS[C@H](CO[P@@](=O)([O-])O[P@@](=O)([O-])OP(=O)([O-])[O-])O2)c(=O)n1,4.15770388,FDA,M LAMIVUDINE,L,0,0.0031621396,0.2814196311784183,1984.0
615.4029999999999,3.940120000000002,107.13,2,8,5,4,0.2307692307692307,37,5,0.3312388051900211,1,0,0,0.2347857142857142,1,fda_1600,CC(=O)Nc1cccc(-n2c(=O)n(C3CC3)c(=O)c3c(Nc4ccc(I)cc4F)n(C)c(=O)c(C)c32)c1,6.15010786,FDA,TRAMETINIB,XL,1,0.986292,0.7123816415385081,413.0
341.49500000000006,4.525300000000004,43.7,2,3,8,2,0.4545454545454545,25,2,0.7414736336132447,0,0,0,0.6878571428571428,0,fda_1549,CC(C)N(CC[C@H](c1ccccc1)c1cc(CO)ccc1O)C(C)C,4.37978554,FDA,M FESOTERODINE,M,-1,0.14526851,0.47841748416042246,1296.0
362.47300000000007,3.864900000000003,32.78,0,3,2,2,0.4347826086956521,27,6,0.8131189816830356,0,0,0,0.7658571428571428,0,fda_1299,O=C(O[C@H]1CN2CCC1CC2)N1CCc2ccccc2[C@@H]1c1ccccc1,5.22013092,FDA,SOLIFENACIN,M,-1,0.38976428,0.6256412622263821,803.0
308.42199999999997,2.946300000000001,64.79,1,5,10,1,0.5882352941176471,22,1,0.4088470851438764,0,0,0,0.5372142857142856,0,fda_1375,CCCCOc1cc(C(=O)OCCN(CC)CC)ccc1N,3.58759761,FDA,BENOXINATE,S,-1,0.04622163,0.3183332385273514,1869.0
188.139,-3.696699999999999,135.38,2,5,5,0,0.5,13,0,0.457282431142951,0,0,0,0.033,0,fda_1485,NC(=O)N[C@@H](CCC(=O)[O-])C(=O)[O-],4.44541168,FDA,CARGLUMIC ACID,XS,1,0.6404182,0.508679492680025,1210.0
468.59400000000034,3.3100000000000023,60.47000000000001,0,6,10,2,0.5185185185185185,34,4,0.5333149482831275,0,0,0,0.5680714285714286,1,fda_1783,COc1cc2c(cc1OC)CC(=O)N(CCCN(C)C[C@H]1Cc3cc(OC)c(OC)cc31)CC2,4.26162767,FDA,IVABRADINE,L,0,0.19928989,0.43373777776806854,1441.0
248.71700000000004,2.5238000000000005,77.82,2,4,2,2,0.1666666666666666,17,2,0.8561371493463951,0,0,0,0.4441428571428572,0,fda_121,CCc1nc(N)nc(N)c1-c1ccc(Cl)cc1,5.27643919,FDA,PYRIMETHAMINE,XS,1,0.8697844,0.7495468146751506,210.0
420.13400000000007,-2.9505999999999992,212.15,2,13,6,1,0.5555555555555556,26,2,0.4421799122036846,1,1,0,0.0,0,fda_1668,Nc1ccn([C@@H]2O[C@H](CO[P@@](=O)([O-])OP(=O)([O-])[O-])[C@@H](O)C2(F)F)c(=O)n1,3.94688058,FDA,M GEMCITABINE,L,0,0.0033595387,0.2805433285858097,1988.0
319.4450000000001,3.029900000000002,41.93,1,4,4,1,0.6842105263157895,23,3,0.9261145183663508,0,0,0,0.7005,0,fda_1849,COc1cc2c(cc1OC)[C@H]1C[C@@H](O)[C@H](CC(C)C)CN1CC2,4.61822653,FDA,M VALBENAZINE,M,-1,0.7569489,0.7147965631973592,398.0
894.127,7.687100000000008,178.72,4,9,13,3,0.52,65,6,0.1339738354999183,2,2,0,0.0,1,fda_1733,COC(=O)N[C@H](C(=O)N1CCC[C@H]1C(=O)Nc1ccc([C@@H]2CC[C@@H](c3ccc(NC(=O)[C@@H]4CCCN4C(=O)[C@@H](NC(=O)OC)C(C)C)cc3)N2c2ccc(C(C)(C)C)cc2)cc1)C(C)C,5.75161314,FDA,OMBITASVIR,XL,-1,0.7749511,0.5615096722730973,1032.0
415.57400000000007,4.107400000000005,81.95,4,5,16,2,0.52,30,2,0.3103203848328889,0,1,0,0.4146428571428571,1,fda_1410,OCc1cc([C@H](O)CNCCCCCCOCCCCc2ccccc2)ccc1O,4.38034964,FDA,SALMETEROL,L,0,0.013573995,0.3253917856574493,1857.0
470.4300000000003,0.7486999999999999,147.02,2,8,4,0,0.7272727272727273,32,4,0.5723620946730656,0,1,0,0.0,0,fda_1457,C[C@H]1C[C@H]2[C@@H]3CCC4=CC(=O)C=C[C@]4(C)[C@@]3(F)[C@@H](O)C[C@]2(C)[C@@]1(O)C(=O)COP(=O)([O-])[O-],5.01584721,FDA,BETAMETHASONE PHOSPHATE,L,-1,0.9342937,0.6516838300068177,701.0
261.365,3.154200000000002,38.33,1,3,5,1,0.5625,19,2,0.8274314065508214,0,0,0,0.7262142857142857,0,fda_119,C[C@@H](CNC1CCCCC1)OC(=O)c1ccccc1,3.41250992,FDA,HEXYLCAINE,S,0,0.118994236,0.4320005052985018,1449.0
430.3790000000001,2.8795800000000007,107.26,2,5,5,2,0.2222222222222222,29,2,0.5604120760868545,0,0,0,0.2338571428571428,1,fda_1197,C[C@](O)(CS(=O)(=O)c1ccc(F)cc1)C(=O)Nc1ccc(C#N)c(C(F)(F)F)c1,4.92825222,FDA,BICALUTAMIDE,L,-1,0.442289,0.5196842750819122,1177.0
361.034,1.2660999999999991,98.66,4,4,7,1,0.4285714285714285,23,1,0.5500149223256271,0,0,0,0.2952857142857142,0,fda_1820,CC(C)C[C@H](NC(=O)CNC(=O)c1cc(Cl)ccc1Cl)B(O)O,4.76758575,FDA,IXAZOMIB,M,-1,0.07387221,0.4033292946595756,1558.0
493.6150000000002,4.590320000000004,86.28000000000002,2,7,7,4,0.2413793103448276,37,5,0.389416162629646,0,0,0,0.3837142857142855,1,fda_1292,Cc1ccc(NC(=O)c2ccc(CN3CCN(C)CC3)cc2)cc1Nc1nccc(-c2cccnc2)n1,6.2706604,FDA,IMATINIB,XL,1,0.9585852,0.7380211917272548,276.0
426.8600000000003,4.071900000000002,115.57,3,5,6,3,0.1904761904761904,30,4,0.5490365970627805,0,0,0,0.1745000000000001,1,fda_1746,COc1cc2nccc(Oc3ccc(NC(=O)NC4CC4)c(Cl)c3)c2cc1C(N)=O,5.43806601,FDA,LENVATINIB,L,-1,0.8555638,0.666848746357441,628.0
216.19199999999995,2.5478000000000005,52.58,0,4,1,3,0.0833333333333333,16,3,0.5863590335117103,0,0,0,0.6244285714285714,0,fda_138,COc1c2occc2cc2ccc(=O)oc12,3.65078092,FDA,METHOXSALEN,XS,-1,0.962977,0.641474312499505,749.0
496.57500000000033,3.760400000000003,100.9,2,6,4,1,0.5517241379310345,36,5,0.6159542688928459,0,0,0,0.2792857142857142,0,fda_1348,C[C@H]1C[C@H]2[C@@H]3CCC4=CC(=O)C=C[C@]4(C)[C@@]3(F)[C@@H](O)C[C@]2(C)[C@@]1(OC(=O)c1ccccc1)C(=O)CO,6.83105707,FDA,BETAMETHASONE BENZOATE,XL,1,0.91088384,0.7930831021555967,50.0
327.81500000000005,4.446900000000003,57.18000000000001,3,4,5,3,0.1666666666666666,23,3,0.6060344222983689,0,0,1,0.5915714285714285,0,fda_1772,CCNCc1cc(Nc2ccnc3cc(Cl)ccc23)ccc1O,4.55802011,FDA,M AMODIAQUINE,M,-1,0.59976315,0.4890246309782202,1260.0
288.43100000000004,3.879200000000003,37.3,1,2,0,0,0.8421052631578947,21,4,0.6868426969908572,0,0,0,0.7335714285714285,0,fda_1825,C[C@]12CC[C@H](O)CC1=CC[C@@H]1[C@@H]2CC[C@]2(C)C(=O)CC[C@@H]12,5.29769468,FDA,PRASTERONE,S,1,0.99849176,0.7845518481291717,71.0
510.4810000000003,-0.1682999999999985,189.06,2,12,9,1,0.4,35,3,0.1474715429500461,2,1,0,0.0,0,fda_1031,CO/N=C(\C(=O)N[C@@H]1C(=O)N2C(C(=O)O[C@@H](C)OC(C)=O)=C(COC(N)=O)CS[C@H]12)c1ccco1,4.56505013,FDA,CEFUROXIME AXETIL,XL,0,0.013917212,0.2628340054349708,2026.0
251.72100000000003,1.5255000000000003,79.99999999999999,2,5,1,1,0.2727272727272727,17,2,0.7943028550339225,0,0,0,0.4285714285714287,0,fda_1650,CC1(C)N=C(N)N=C(N)N1c1ccc(Cl)cc1,4.80067253,FDA,CYCLOGUANIL,XS,1,0.83109176,0.6947187162894046,501.0
420.4600000000001,3.1834000000000016,93.48,2,5,8,3,0.28,31,4,0.5838521269593075,0,0,0,0.3322857142857143,1,fda_1475,O=C([O-])C[C@H](O)C[C@H](O)/C=C/c1c(C2CC2)nc2ccccc2c1-c1ccc(F)cc1,5.07504129,FDA,PITAVASTATIN,L,-1,0.98195857,0.7051548561878889,449.0
253.277,1.771,57.2,0,3,4,2,0.125,19,2,0.780180754938968,0,0,0,0.5914285714285714,0,fda_1167,C[C@@H](C(=O)[O-])c1cccc(C(=O)c2ccccc2)c1,4.47381401,FDA,KETOPROFEN,XS,1,0.91864693,0.7143195767866269,402.0
249.29500000000004,1.4646,85.08,2,4,3,2,0.0,17,2,0.8064259489968827,0,0,0,0.3922857142857143,0,fda_1,Nc1ccc(S(=O)(=O)Nc2ccccn2)cc1,3.39556313,FDA,SULFAPYRIDINE,XS,-1,0.2811814,0.4420191742469601,1398.0
568.6540000000002,2.824340000000001,167.46,3,7,11,4,0.25,42,4,0.2499715108010422,1,2,0,0.0,1,fda_1786,COc1ccc(CN(C(=O)[C@@H](N)Cc2c(C)cc(C(N)=O)cc2C)[C@@H](C)c2ncc(-c3ccccc3)[nH]2)cc1C(=O)[O-],5.54291964,FDA,ELUXADOLINE,XL,-1,0.9517466,0.624897121997969,806.0
200.285,2.1082,24.39,1,2,1,1,0.4615384615384615,15,3,0.7373798417697964,0,0,0,0.8257857142857143,0,fda_1085,c1ccc2c(c1)CCC[C@@H]2C1=NCCN1,3.21013927,FDA,TETRAHYDROZOLINE,XS,-1,0.4032949,0.49677615142355597,1238.0
218.25599999999991,0.5378999999999999,58.2,2,2,2,1,0.3333333333333333,16,2,0.7116448391760646,0,0,0,0.5842857142857143,0,fda_146,CCC1(c2ccccc2)C(=O)NCNC1=O,3.73613715,FDA,PRIMIDONE,XS,-1,0.87309223,0.6408077620415077,753.0
359.4860000000001,2.2066000000000003,80.59,2,4,8,0,0.6818181818181818,26,2,0.3954988979456659,0,0,0,0.4243571428571429,0,fda_1203,CC#CC[C@@H](C)[C@H](O)/C=C/[C@@H]1[C@H]2C/C(=C/CCCC(=O)[O-])C[C@H]2C[C@H]1O,5.72874975,FDA,ILOPROST,M,1,0.96577895,0.7120909081199692,415.0
328.481,4.495600000000004,15.71,0,4,5,2,0.3684210526315789,23,3,0.8027021109078474,0,0,0,0.8877857142857143,0,fda_1360,COc1ccc2c(c1)N(C[C@H](C)CN(C)C)c1ccccc1S2,4.06148338,FDA,LEVOMEPROMAZINE,M,0,0.22960353,0.5163564434501471,1183.0
388.42500000000007,-0.6279999999999981,135.79,3,7,5,1,0.2777777777777778,27,3,0.5715891633840007,0,0,0,0.0300714285714286,0,fda_1634,C/C=C\C1=C(C(=O)[O-])N2C(=O)[C@@H](NC(=O)[C@H](N)c3ccc(O)cc3)[C@H]2SC1,4.46304989,FDA,CEFPROZIL,M,-1,0.028347054,0.348712753038807,1758.0
611.6420000000004,-1.420279999999997,215.33,4,13,9,3,0.28,42,5,0.162012834607658,2,1,0,0.0,1,fda_1048,Cc1cc(=O)c(C(=O)N[C@@H](C(=O)N[C@@H]2C(=O)N3C(C(=O)[O-])=C(CSc4nnnn4C)CS[C@H]23)c2ccc(O)cc2)c[nH]1,5.49455309,FDA,CEFPIRAMIDE,XL,-1,0.1756342,0.3714934009542499,1666.0
322.40900000000005,2.6183000000000005,53.02,0,4,1,2,0.2631578947368421,23,3,0.757469217083975,0,0,0,0.6212857142857143,0,fda_1664,CC1(C)CCSc2ccc(C#Cc3ccc(C(=O)[O-])cn3)cc21,5.3993001,FDA,M TAZAROTENE,M,1,0.99738497,0.7933730838401867,48.0
494.0130000000003,3.641700000000003,113.6,3,5,8,2,0.391304347826087,33,3,0.51917970894521,0,0,0,0.1885714285714286,1,fda_1378,COc1ccc(Cl)cc1C(=O)NCCc1ccc(S(=O)(=O)NC(=O)NC2CCCCC2)cc1,5.01153994,FDA,GLYBURIDE,XL,-1,0.17386608,0.43151096395650373,1450.0
251.05,1.5682799999999997,62.48,1,4,2,2,0.0714285714285714,19,3,0.8225758081895174,0,0,0,0.5537142857142856,0,fda_1823,N#Cc1ccc(Oc2ccc3c(c2)COB3O)cc1,5.58846092,FDA,CRISABOROLE,XS,1,0.6678244,0.7124170454708919,412.0
348.4190000000001,1.526299999999999,60.44,1,5,5,1,0.4444444444444444,24,3,0.6475258733647374,0,0,0,0.5682857142857143,0,fda_1544,O=C([O-])/C=C1/CN([C@H](C(=O)C2CC2)c2ccccc2F)CC[C@@H]1S,4.8921752,FDA,M PRASUGREL,M,-1,0.26144817,0.5140761237412306,1188.0
568.5420000000003,4.705220000000004,155.58999999999995,1,11,9,6,0.1666666666666666,42,6,0.242490769835421,2,1,0,0.0,1,fda_1512,CCOc1nc2cccc(C(=O)OCc3oc(=O)oc3C)c2n1Cc1ccc(-c2ccccc2-c2noc(=O)[nH]2)cc1,5.93936157,FDA,AZILSARTAN KAMEDOXOMIL,XL,-1,0.61447227,0.5466303958965095,1092.0
270.21,2.99948,73.11999999999999,2,3,2,1,0.1666666666666666,19,1,0.4926033386442898,0,0,0,0.4777142857142857,0,fda_1578,C/C(O)=C(\C#N)C(=O)Nc1ccc(C(F)(F)F)cc1,3.3816452,FDA,TERIFLUNOMIDE,S,0,0.4692017,0.44334658751830724,1395.0
265.356,3.620200000000003,21.26,1,2,3,2,0.2222222222222222,20,3,0.8558224264516979,0,0,0,0.8481428571428572,0,fda_1748,CNCC/C=C1/c2ccccc2COc2ccccc21,3.82840657,FDA,M DOXEPIN,S,-1,0.87334967,0.7017878889893127,471.0
474.58700000000033,1.6109,113.42,1,8,7,3,0.5,33,4,0.5534046105187581,0,0,0,0.1898571428571429,1,fda_1282,CCCc1nn(C)c2c(=O)nc(-c3cc(S(=O)(=O)N4CCN(C)CC4)ccc3OCC)[nH]c12,5.16635036,FDA,SILDENAFIL,L,-1,0.1072754,0.4280400742659958,1466.0
290.4100000000001,3.707700000000002,16.130000000000003,0,2,0,2,0.35,22,4,0.7351080643084177,0,0,0,0.8847857142857143,0,fda_1230,CN1CCC(=C2c3ccccc3CCc3cccnc32)CC1,4.58781004,FDA,AZATADINE,S,-1,0.6665154,0.6660208340697347,634.0
212.248,3.0436000000000014,26.3,0,2,3,2,0.0714285714285714,16,2,0.7307975714616393,0,0,0,0.8121428571428572,0,fda_1084,O=C(OCc1ccccc1)c1ccccc1,3.358073,FDA,BENZYL BENZOATE,XS,-1,0.15988371,0.4301813720310503,1453.0
400.6470000000002,6.733900000000008,40.46,2,2,6,0,0.7777777777777778,29,3,0.5184686039927527,1,0,0,0.7110000000000001,0,fda_1390,C=C1CC[C@H](O)C/C1=C/C=C1\CCC[C@]2(C)[C@@H]([C@H](C)CCCC(C)(C)O)CC[C@@H]12,5.48402643,FDA,CALCIFEDIOL,L,-1,0.9971175,0.7596813582072829,169.0
679.8629999999999,2.4459000000000035,179.56,4,8,13,1,0.7222222222222222,49,5,0.2296749085578938,1,2,0,0.0,0,fda_1515,CCC[C@H](NC(=O)[C@@H]1[C@H]2CCC[C@H]2CN1C(=O)[C@@H](NC(=O)[C@@H](NC(=O)c1cnccn1)C1CCCCC1)C(C)(C)C)C(=O)C(=O)NC1CC1,5.59994268,FDA,TELAPREVIR,XL,-1,0.29890737,0.42849734575866216,1462.0
472.5530000000002,1.1474199999999997,116.86,1,10,4,4,0.4,35,5,0.442907235449374,0,0,0,0.1652857142857141,1,fda_1513,CC#CCn1c(N2CCC[C@@H](N)C2)nc2c1c(=O)n(Cc1nc(C)c3ccccc3n1)c(=O)n2C,5.86464262,FDA,LINAGLIPTIN,L,1,0.5227589,0.571127278312016,996.0
404.5030000000002,2.3524000000000003,100.90000000000002,2,6,3,0,0.782608695652174,29,4,0.7005234282178955,0,0,0,0.2792857142857141,0,fda_109,CC(=O)OCC(=O)[C@@]1(O)CC[C@H]2[C@@H]3CCC4=CC(=O)CC[C@]4(C)[C@H]3[C@@H](O)C[C@@]21C,5.72731543,FDA,HYDROCORTISONE ACETATE,L,1,0.9893113,0.7655600434795984,143.0
822.9530000000002,4.335420000000004,220.15,6,15,4,2,0.5348837209302325,59,6,0.1094848447314065,3,1,3,0.0,1,fda_1004,[c:1]1([OH:48])[c:2]2[c:3](/[CH:43]=[N:45]/[N:46]3[CH2:40][CH2:39][N:47]([CH3:38])[CH2:42][CH2:41]3)[c:4]([OH:59])[c:10]3[c:5]4[c:6]([c:7]([CH3:14])[c:8]([OH:49])[c:9]13)[O:50][C@@:12]([CH3:13])([C:11]4=[O:51])[O:52]/[CH:29]=[CH:28]/[C@H:27]([O:53][CH3:37])[C@@H:26]([CH3:34])[C@@H:25]([O:54][C:35]([CH3:36])=[O:55])[C@H:24]([CH3:33])[C@H:23]([OH:56])[C@H:22]([CH3:32])[C@@H:21]([OH:57])[C@@H:20]([CH3:31])/[CH:19]=[CH:18]/[CH:17]=[C:16](/[CH3:30])[C:15](=[O:58])[NH:44]2,5.31603813,FDA,RIFAMPIN,XL,-1,0.17162473,0.24879254051680344,2057.0
382.4190000000001,-2.121399999999997,129.67000000000002,1,8,5,1,0.4666666666666667,25,3,0.4550709345482054,0,0,0,0.0737857142857141,0,fda_1014,CC1(C)S[C@@H]2[C@H](NC(=O)[C@H](C(=O)[O-])c3cccs3)C(=O)N2[C@H]1C(=O)[O-],3.79715919,FDA,TICARCILLIN,M,0,0.15296654,0.3261628095725286,1847.0
430.54100000000017,2.3323,104.06000000000002,3,6,3,0,0.68,31,4,0.3606980489430093,0,0,0,0.2567142857142855,0,fda_1531,C/C=C(/C)C(=O)O[C@H]1C(C)=C[C@]23C(=O)[C@H](C=C(CO)[C@@H](O)[C@]12O)[C@H]1[C@@H](C[C@H]3C)C1(C)C,5.52428246,FDA,INGENOL MEBUTATE,L,-1,0.73121446,0.6054066001132417,873.0
340.4430000000001,3.953800000000003,35.53,0,3,6,2,0.3809523809523809,25,3,0.5898453885239513,0,0,0,0.7462142857142857,0,fda_1206,CC[N+](C)(CC)CCOC(=O)C1c2ccccc2Oc2ccccc21,4.22348356,FDA,METHANTHELINE,M,-1,0.38936958,0.5175332629671409,1179.0
77.15199999999999,-0.1250999999999998,26.02,2,2,1,0,1.0,4,0,0.4190213910899089,0,0,0,0.8141428571428572,0,fda_1261,NCCS,2.46744132,FDA,CYSTEAMINE,XS,0,0.13373773,0.30533988456734784,1914.0
303.33700000000005,3.588400000000001,76.38,3,4,5,2,0.1875,22,2,0.7377751534580852,0,0,0,0.4544285714285715,0,fda_1506,CCOC(=O)Nc1ccc(NCc2ccc(F)cc2)cc1N,3.6476078,FDA,EZOGABINE,S,-1,0.5742502,0.5379441079407455,1127.0
212.656,0.5223,66.15,1,3,4,1,0.3,14,1,0.791623082898053,0,0,0,0.5275,0,fda_1156,NC[C@H](CC(=O)[O-])c1ccc(Cl)cc1,3.2599535,FDA,BACLOFEN,XS,-1,0.14762527,0.4041627485512593,1556.0
318.3930000000001,1.0626999999999995,59.06,1,4,4,1,0.6111111111111112,23,4,0.5123331583066539,0,0,0,0.5781428571428571,0,fda_132,C[N+]1(C)[C@@H]2C[C@@H](OC(=O)[C@H](CO)c3ccccc3)C[C@H]1[C@@H]1O[C@@H]12,3.77598405,FDA,METHSCOPOLAMINE,M,0,0.027257286,0.34903428642612566,1756.0
1632.2890000000002,1.514699999999991,512.8699999999998,17,18,41,6,0.4146341463414634,117,8,0.0241939206252044,3,2,0,0.0,1,fda_1451,CC(=O)N[C@H](Cc1ccc2ccccc2c1)C(=O)N[C@@H](Cc1ccc(Cl)cc1)C(=O)N[C@H](Cc1cccnc1)C(=O)N[C@@H](CO)C(=O)N[C@H](Cc1ccc(NC(=O)[C@@H]2CC(=O)NC(=O)N2)cc1)C(=O)N[C@H](Cc1ccc(NC(N)=O)cc1)C(=O)N[C@H](CC(C)C)C(=O)N[C@@H](CCCCNC(C)C)C(=O)N1CCC[C@H]1C(=O)N[C@H](C)C(N)=O,6.91788101,FDA,DEGARELIX,XL,1,0.9085768,0.6514567226127834,702.0
489.51500000000016,-1.379599999999995,159.43999999999997,1,12,9,2,0.3157894736842105,33,4,0.2511801339011474,1,1,0,0.0,1,fda_1015,Cn1nnnc1SCC1=C(C(=O)[O-])N2C(=O)[C@@H](NC(=O)[C@H](OC=O)c3ccccc3)[C@H]2SC1,4.51309919,FDA,CEFAMANDOLE NAFATE,XL,0,0.0040789726,0.2774252667768058,1997.0
450.7070000000002,9.1576,34.14,0,2,14,1,0.6129032258064516,33,2,0.2647058309953126,1,1,1,0.7561428571428571,0,fda_178,CC1=C(C/C=C(\C)CCC[C@H](C)CCC[C@H](C)CCCC(C)C)C(=O)c2ccccc2C1=O,6.0516839,FDA,PHYTONADIONE,L,1,0.9588883,0.6369289856227144,760.0
331.368,2.0807,91.18,4,6,6,2,0.3333333333333333,24,3,0.6059944000084014,0,0,1,0.3487142857142856,0,fda_1331,C[C@@H](Cc1ccc2c(c1)OCO2)NC[C@H](O)c1ccc(O)c(O)c1,3.87492561,FDA,PROTOKYLOL,M,0,0.030497937,0.2518884002148438,2050.0
428.6130000000003,5.969600000000007,60.440000000000005,0,4,6,0,0.8148148148148148,31,4,0.3861836649826277,1,0,0,0.5682857142857143,0,fda_182,CCCCCC(=O)O[C@]1(C(C)=O)CC[C@H]2[C@@H]3CCC4=CC(=O)CC[C@]4(C)[C@H]3CC[C@@]21C,5.46742773,FDA,HYDROXYPROGESTERONE CAPROATE,L,-1,0.9909649,0.7160850660529444,391.0
217.26799999999992,1.771,46.17,1,2,2,1,0.3846153846153846,16,2,0.7672998421844797,0,0,0,0.6702142857142857,0,fda_1103,CC[C@@]1(c2ccccc2)CCC(=O)NC1=O,4.46142387,FDA,GLUTETHIMIDE,XS,1,0.9832267,0.7382329709109046,273.0
299.288,-2.857899999999997,125.29,0,8,3,1,0.6,20,3,0.5495134918977113,0,0,0,0.1050714285714286,0,fda_1059,C[C@]1(Cn2ccnn2)[C@H](C(=O)[O-])N2C(=O)C[C@H]2S1(=O)=O,3.78862453,FDA,TAZOBACTAM,S,-1,0.14259028,0.3445414747551894,1771.0
289.80600000000004,3.5276000000000023,23.47,1,2,5,2,0.2941176470588235,20,2,0.9101481503464453,0,0,0,0.8323571428571429,0,fda_1124,CN(C)CC[C@](O)(c1ccccc1)c1ccccc1Cl,3.95814347,FDA,CHLOPHEDIANOL,S,-1,0.122940734,0.4939405858903344,1250.0
426.49200000000025,3.081320000000002,84.39,1,7,4,3,0.5217391304347826,31,5,0.6902887957170618,0,0,0,0.3972142857142857,1,fda_1205,Cc1nc2n(c(=O)c1CCN1CCC(c3noc4cc(F)ccc34)CC1)CCC[C@H]2O,5.71276999,FDA,PALIPERIDONE,L,1,0.98511106,0.7731502370480624,108.0
243.30999999999997,1.3435,70.91,3,2,2,2,0.3571428571428571,18,3,0.7446286892388262,0,0,1,0.4935,0,fda_1286,CN[C@@H]1CCc2[nH]c3ccc(C(N)=O)cc3c2C1,3.41909599,FDA,FROVATRIPTAN,XS,-1,0.41513696,0.38141690803508393,1634.0
340.492,4.832100000000005,23.550000000000004,0,4,5,2,0.35,24,3,0.7273120276641493,0,0,0,0.8317857142857142,0,fda_1129,CCC(=O)c1ccc2c(c1)N(C[C@H](C)N(C)C)c1ccccc1S2,5.59150553,FDA,PROPIOMAZINE,M,1,0.92109364,0.7973397076923049,39.0
242.666,0.28967,92.81,3,3,2,1,0.4444444444444444,16,2,0.6959433277746746,0,0,0,0.3370714285714286,0,fda_1809,[H]/N=C1\CCCN1Cc1[nH]c(=O)[nH]c(=O)c1Cl,4.8859973,FDA,TIPIRACIL,XS,1,0.8072954,0.6640119344541561,641.0
467.5200000000002,-6.295800000000006,268.1700000000001,10,14,6,0,1.0,32,3,0.174006568228555,2,1,0,0.0,0,fda_1314,NC[C@H]1O[C@H](O[C@H]2[C@H](O)[C@@H](O[C@H]3O[C@H](CO)[C@@H](O)[C@H](N)[C@H]3O)[C@H](N)C[C@@H]2N)[C@H](N)C[C@@H]1O,3.53684306,FDA,TOBRAMYCIN,L,0,0.024316894,0.20794697135601517,2103.0
305.76099999999997,2.734400000000001,72.72,4,4,1,2,0.25,21,3,0.6113669325066001,0,0,1,0.4805714285714285,0,fda_1255,Oc1ccc([C@H]2CNCCc3c2cc(O)c(O)c3Cl)cc1,4.49930429,FDA,FENOLDOPAM,S,-1,0.86079407,0.5536848546219773,1057.0
211.33399999999995,1.5822,50.94,2,4,3,1,0.7,14,2,0.7978726845629878,0,0,0,0.6361428571428571,0,fda_1270,CCCN[C@H]1CCc2nc(N)sc2C1,3.28330994,FDA,PRAMIPEXOLE,XS,-1,0.54531103,0.537020915985274,1132.0
428.5960000000003,5.140000000000005,29.46,1,2,8,3,0.3793103448275862,32,6,0.3976273688512239,1,0,0,0.7895714285714286,1,fda_1629,OC(c1ccccc1)(c1ccccc1)[C@]12CC[N@+](CCOCc3ccccc3)(CC1)CC2,4.59558487,FDA,UMECLIDINIUM,L,-1,0.70748645,0.6017733296107616,884.0
456.7110000000004,7.960900000000009,43.370000000000005,0,3,10,0,0.8666666666666667,33,4,0.2472378135837483,1,0,0,0.6902142857142857,0,fda_1718,CCCCCCCCCCC(=O)O[C@H]1CC[C@H]2[C@@H]3CCC4=CC(=O)CC[C@]4(C)[C@H]3CC[C@]12C,5.88230562,FDA,TESTOSTERONE UNDECANOATE,L,1,0.99053043,0.7259053482928454,334.0
145.138,-2.6708999999999996,109.24,2,4,4,0,0.6,10,0,0.4491181306294733,0,0,0,0.2197142857142856,0,fda_1835,NC(=O)CC[C@H](N)C(=O)[O-],2.98284221,FDA,L-GLUTAMINE,XS,0,0.12740973,0.28175483396361756,1982.0
530.1240000000003,8.11720000000001,46.61,0,4,15,2,0.5483870967741935,37,3,0.1326709876432084,2,1,0,0.6670714285714285,1,fda_1362,CCCCCCCCCC(=O)OC1(c2ccc(Cl)cc2)CCN(CCCC(=O)c2ccc(F)cc2)CC1,5.38829422,FDA,HALOPERIDOL DECANOATE,XL,-1,0.8350363,0.6236097055388106,810.0
519.4480000000002,3.0356000000000014,185.43999999999997,1,15,13,2,0.631578947368421,35,2,0.2310328956549481,2,2,0,0.0,1,fda_1428,CC(C)OC(=O)OCOP(=O)(CO[C@H](C)Cn1cnc2c(N)ncnc21)OCOC(=O)OC(C)C,3.62163925,FDA,TENOFOVIR DISOPROXIL,XL,0,0.036663353,0.22827767274459657,2081.0
553.5840000000001,-2.945999999999997,217.79,3,15,8,2,0.3333333333333333,36,4,0.0982667082575581,2,1,0,0.0,1,fda_1041,CO/N=C(\C(=O)N[C@@H]1C(=O)N2C(C(=O)[O-])=C(CSc3nc(=O)c(=O)[nH]n3C)CS[C@H]12)c1csc(N)n1,4.94411135,FDA,CEFTRIAXONE,XL,-1,0.028087223,0.2805855081216727,1987.0
280.323,4.040500000000002,50.440000000000005,1,3,3,3,0.1666666666666666,21,3,0.787337428747122,0,0,0,0.6397142857142857,0,fda_1114,CC[C@H](c1ccccc1)c1c(O)oc2ccccc2c1=O,5.22137117,FDA,PHENPROCOUMON,S,1,0.97143215,0.7824474202803932,77.0
335.8790000000001,3.783000000000002,48.39,2,4,9,2,0.5,23,2,0.7317801043771166,0,0,0,0.6543571428571429,0,fda_162,CCN(CCO)CCC[C@@H](C)Nc1ccnc2cc(Cl)ccc12,4.15566778,FDA,HYDROXYCHLOROQUINE,M,-1,0.08383569,0.44089842538384916,1407.0
381.5330000000002,2.9206000000000016,97.66,2,5,15,0,0.8181818181818182,27,1,0.3356766249238511,0,1,0,0.3024285714285714,0,fda_1554,CCCCCCCC(=O)CC[C@@H]1[C@@H](C/C=C\CCCC(=O)[O-])[C@@H](O)C[C@H]1O,5.19922638,FDA,UNOPROSTONE,M,-1,0.9751075,0.6581256740792744,676.0
249.354,2.331600000000001,43.7,2,3,3,1,0.6,18,2,0.8638209859209474,0,0,0,0.6878571428571428,0,fda_1680,CN(C)C[C@H]1CCCC[C@]1(O)c1cccc(O)c1,3.87489295,FDA,M TRAMADOL,XS,-1,0.8515277,0.683674936193704,552.0
435.58100000000024,2.771000000000001,106.89,2,6,10,0,0.76,31,2,0.5111416379155503,0,0,0,0.2364999999999999,0,fda_1697,CCC(C)(C)C(=O)O[C@H]1C[C@@H](C)C=C2C=C[C@H](C)[C@H](CC[C@@H](O)C[C@@H](O)CC(=O)[O-])[C@H]21,6.1198926,FDA,M SIMVASTATIN,L,1,0.96503055,0.7402946284556637,262.0
288.70899999999995,3.268600000000002,41.46,1,2,1,2,0.0666666666666666,20,3,0.859566161059163,0,0,0,0.7038571428571428,0,fda_1751,O=C1CN=C(c2ccccc2F)c2cc(Cl)ccc2N1,4.92534494,FDA,M FLURAZEPAM,S,1,0.92182213,0.7701960230796016,125.0
264.3689999999999,2.617000000000001,41.57,1,4,8,1,0.5333333333333333,19,1,0.5786881428918659,0,0,0,0.7030714285714286,0,fda_1301,CCCCNc1ccc(C(=O)OCCN(C)C)cc1,3.17058063,FDA,TETRACAINE,S,0,0.0065060635,0.33129382515348454,1824.0
532.5700000000002,4.456020000000003,65.77000000000001,1,6,4,4,0.2758620689655172,39,5,0.3935993292770261,1,0,0,0.5302142857142856,1,fda_1593,Cc1ccc(C(=O)Nc2ccc(CN3CCN(C)CC3)c(C(F)(F)F)c2)cc1C#Cc1cnc2cccnn12,6.54260397,FDA,PONATINIB,XL,1,0.9348199,0.7631236944500253,152.0
265.82800000000003,4.395800000000004,12.03,1,1,5,1,0.625,18,2,0.832337090661778,0,0,0,0.9140714285714284,0,fda_1658,CN[C@H](CC(C)C)C1(c2ccc(Cl)cc2)CCC1,4.4654336,FDA,M SIBUTRAMINE,S,-1,0.69720316,0.6900659571430867,528.0
369.4250000000001,2.740520000000001,117.54,3,8,6,3,0.2631578947368421,27,3,0.6069831028443925,0,0,1,0.1604285714285713,0,fda_1413,COc1cc(NCc2ccc3nc(N)nc(N)c3c2C)cc(OC)c1OC,4.72920656,FDA,TRIMETREXATE,M,-1,0.67408025,0.4789363678332024,1295.0
772.3340000000004,0.3224999999999989,267.23,3,19,15,2,0.7058823529411765,44,3,0.0723261808950979,2,2,0,0.0,1,fda_1778,CSCCNc1nc(SCCC(F)(F)F)nc2c1ncn2[C@@H]1O[C@H](CO[P@](=O)([O-])O[P@@](=O)([O-])C(Cl)(Cl)P(=O)([O-])[O-])[C@@H](O)[C@H]1O,5.14416695,FDA,CANGRELOR,XL,-1,0.026215004,0.28715456777278825,1963.0
189.21399999999997,0.9908,46.17,1,2,1,1,0.2727272727272727,14,2,0.6695100341687275,0,0,0,0.6702142857142857,0,fda_1763,C[C@@]1(c2ccccc2)CC(=O)NC1=O,3.81015706,FDA,M METHSUXIMIDE,XS,-1,0.9800537,0.6776200135754955,581.0
263.3809999999999,2.6346000000000007,32.7,1,3,4,1,0.625,19,2,0.9061758690933456,0,0,0,0.7664285714285715,0,fda_1675,COc1cccc([C@@]2(O)CCCC[C@H]2CN(C)C)c1,3.78241849,FDA,TRAMADOL,S,-1,0.6435952,0.6319290049110583,776.0
663.4060000000002,6.421700000000006,108.33,3,8,22,0,0.9411764705882352,44,2,0.0692505448958907,2,1,0,0.2262142857142856,0,fda_1446,CCCCCCCCCCCCCCCC(=O)O[C@@H]1[C@@H](O)[C@@H](O)[C@@H]([C@H](NC(=O)[C@@H]2C[C@@H](CCC)CN2C)[C@H](C)Cl)O[C@@H]1SC,5.77789354,FDA,CLINDAMYCIN PALMITATE,XL,-1,0.85569584,0.5970281438033594,899.0
171.243,1.8967,12.03,1,1,2,1,0.3333333333333333,13,2,0.6700261204475028,0,0,0,0.9140714285714284,0,fda_1302,C#CCN[C@@H]1CCc2ccccc21,3.03389096,FDA,RASAGILINE,XS,-1,0.50395364,0.5114787504638052,1197.0
330.5120000000001,6.471200000000007,26.3,0,2,14,0,0.5,24,0,0.2071180474846085,1,1,0,0.8121428571428572,0,fda_1573,CC/C=C\C/C=C\C/C=C\C/C=C\C/C=C\CCCC(=O)OCC,4.86139345,FDA,ICOSAPENT ETHYL,M,-1,0.8046966,0.6114593603444033,853.0
336.4320000000001,2.3655,87.66,3,5,10,1,0.5555555555555556,24,1,0.5710137425129463,0,0,0,0.3738571428571429,0,fda_1172,CCCC(=O)Nc1ccc(OC[C@@H](O)CNC(C)C)c(C(C)=O)c1,3.63796544,FDA,ACEBUTOLOL,M,0,0.007009309,0.3257686612994613,1852.0
355.3060000000001,0.0408999999999997,154.31,2,8,7,2,0.1176470588235294,26,2,0.6682916841722518,0,1,1,0.0,0,fda_1266,O=C([O-])CCNC(=O)c1ccc(/N=N/c2ccc(O)c(C(=O)[O-])c2)cc1,4.05466318,FDA,BALSALAZIDE,M,0,0.15297537,0.27728736546665156,1998.0
437.7790000000001,7.0161000000000024,27.05,0,4,6,4,0.15,27,4,0.3240113707540214,1,0,0,0.8067857142857142,1,fda_1293,Clc1ccc([C@H](Cn2ccnc2)OCc2csc3c(Cl)cccc23)c(Cl)c1,4.9715085,FDA,SERTACONAZOLE,L,-1,0.5368604,0.5607320081484233,1036.0
372.4610000000002,2.0118000000000005,91.67,2,5,2,0,0.6818181818181818,27,4,0.7736478932798779,0,0,0,0.3452142857142857,0,fda_1363,C[C@H]1C[C@H]2[C@@H]3CCC4=CC(=O)C=C[C@]4(C)[C@H]3C(=O)C[C@]2(C)[C@@]1(O)C(=O)CO,5.12027502,FDA,MEPREDNISONE,M,-1,0.9950681,0.7511250890857579,204.0
239.315,1.9077999999999995,72.72,4,4,5,1,0.5384615384615384,17,1,0.5922201213727966,0,0,1,0.4805714285714285,0,fda_1467,CC[C@@H](NC(C)C)[C@@H](O)c1ccc(O)c(O)c1,3.30403256,FDA,ISOETHARINE,XS,-1,0.019546371,0.22387988743979978,2087.0
178.167,-0.8336999999999994,69.22999999999999,1,3,3,1,0.1111111111111111,13,1,0.6561272262821304,0,0,0,0.5055000000000001,0,fda_1366,O=C([O-])CNC(=O)c1ccccc1,3.65413547,FDA,HIPPURATE,XS,-1,0.28389165,0.44001605095349805,1414.0
181.21499999999995,0.5714999999999999,33.42,0,2,1,1,0.3333333333333333,13,1,0.5934152756520555,0,0,0,0.7612857142857142,0,fda_169,CN(C)C(=O)Oc1ccc[n+](C)c1,2.56759882,FDA,PYRIDOSTIGMINE,XS,0,0.085203946,0.3265402140878098,1844.0
1255.4379999999994,0.7256400000000032,359.97999999999996,5,18,8,1,0.6129032258064516,90,7,0.1178611576016293,2,1,0,0.0,0,fda_1058,Cc1c2oc3c(C)ccc(C(=O)N[C@@H]4C(=O)N[C@H](C(C)C)C(=O)N5CCC[C@H]5C(=O)N(C)CC(=O)N(C)[C@@H](C(C)C)C(=O)O[C@@H]4C)c3nc-2c(C(=O)N[C@@H]2C(=O)N[C@H](C(C)C)C(=O)N3CCC[C@H]3C(=O)N(C)CC(=O)N(C)[C@@H](C(C)C)C(=O)O[C@@H]2C)c(N)c1=O,5.54072189,FDA,DACTINOMYCIN,XL,-1,0.13244544,0.3525493729704612,1742.0
382.46200000000016,-1.6426999999999958,113.01,2,7,5,0,0.7058823529411765,26,3,0.5483134940593966,0,0,0,0.1927857142857142,0,fda_1063,C[C@@H](O)[C@H]1C(=O)N2C(C(=O)[O-])=C(S[C@@H]3CN[C@H](C(=O)N(C)C)C3)[C@H](C)[C@H]12,3.79723573,FDA,MEROPENEM,M,0,0.05564774,0.3275203906196666,1839.0
434.49300000000017,2.827,97.74,1,4,9,1,0.6521739130434783,30,3,0.4761217745270533,0,0,0,0.3018571428571429,0,fda_1692,O=C([O-])[C@@H]1C[C@@H](C2CCCCC2)CN1C(=O)C[P@@](=O)(O)CCCCc1ccccc1,4.54501772,FDA,FOSINOPRILAT,L,-1,0.9626513,0.642136477387229,745.0
331.368,2.0807,91.18,4,6,6,2,0.3333333333333333,24,3,0.6059944000084014,0,0,1,0.3487142857142856,0,fda_1374,C[C@H](Cc1ccc2c(c1)OCO2)NC[C@H](O)c1ccc(O)c(O)c1,3.26049113,FDA,PROTOKYLOL,M,0,0.030497937,0.2140533461693978,2098.0
305.76099999999997,2.734400000000001,72.72,4,4,1,2,0.25,21,3,0.6113669325066001,0,0,1,0.4805714285714285,0,fda_1254,Oc1ccc([C@@H]2CNCCc3c2cc(O)c(O)c3Cl)cc1,4.46296263,FDA,FENOLDOPAM,S,-1,0.86079407,0.551447042918765,1066.0
765.8929999999999,3.6369200000000026,189.65,3,10,7,4,0.425,55,8,0.1851505589764442,1,1,0,0.0,1,fda_1734,Cc1cnc(C(=O)N[C@H]2CCCCC/C=C\[C@@H]3C[C@@]3(C(=O)NS(=O)(=O)C3CC3)NC(=O)[C@@H]3C[C@@H](Oc4nc5ccccc5c5ccccc45)CN3C2=O)cn1,5.68608475,FDA,PARITAPREVIR,XL,-1,0.8219285,0.5818031931775101,949.0
348.50700000000023,3.4841000000000015,46.53,1,3,8,1,0.6666666666666666,25,2,0.5777859217395951,0,0,0,0.6676428571428572,0,fda_1211,CC[N+](C)(CC)CCOC(=O)[C@@](O)(c1ccccc1)C1CCCCC1,4.25335121,FDA,OXYPHENONIUM,M,-1,0.25865224,0.4698881810101081,1314.0
351.4430000000001,2.842400000000002,84.85999999999999,2,6,5,1,0.5789473684210527,25,1,0.6267146503427627,0,0,0,0.393857142857143,0,fda_1160,CNC[C@@H](O)c1ccc(OC(=O)C(C)(C)C)c(OC(=O)C(C)(C)C)c1,4.44797134,FDA,DIPIVEFRIN,M,-1,0.016097844,0.3915131657236767,1591.0
415.57400000000007,4.107400000000005,81.95,4,5,16,2,0.52,30,2,0.3103203848328889,0,1,0,0.4146428571428571,1,fda_1411,OCc1cc([C@@H](O)CNCCCCCCOCCCCc2ccccc2)ccc1O,3.78656268,FDA,SALMETEROL,L,0,0.013573995,0.2888281446927021,1959.0
547.6740000000003,2.3753,140.42000000000002,3,8,11,2,0.5185185185185185,38,4,0.3644231166724813,1,2,0,0.0,1,fda_1305,CC(C)CN(C[C@@H](O)[C@H](Cc1ccccc1)NC(=O)O[C@H]1CO[C@H]2OCC[C@H]21)S(=O)(=O)c1ccc(N)cc1,4.5027318,FDA,DARUNAVIR,XL,0,0.012983329,0.3021067770210648,1923.0
411.7850000000001,6.637000000000003,17.82,0,3,7,3,0.2105263157894736,25,3,0.4056053342949886,1,0,0,0.8727142857142858,1,fda_1244,Clc1ccc(CC[C@H](Cn2ccnc2)Sc2c(Cl)cccc2Cl)cc1,4.79030371,FDA,BUTOCONAZOLE,L,-1,0.20863709,0.4740186043079524,1304.0
518.4640000000004,-3.797099999999995,211.95999999999995,2,14,9,2,0.35,36,4,0.1412344807578232,2,1,0,0.0,1,fda_1026,CO[C@@]1(NC(=O)[C@H](C(=O)[O-])c2ccc(O)cc2)C(=O)N2C(C(=O)[O-])=C(CSc3nnnn3C)CO[C@@H]21,5.18487024,FDA,MOXALACTAM,XL,-1,0.027894536,0.3039464751784311,1922.0
307.478,3.204300000000001,66.48,3,3,12,1,0.6842105263157895,22,1,0.5194936783733953,0,1,0,0.5251428571428571,0,fda_1500,CCCCCCCCc1ccc(CCC(N)(CO)CO)cc1,4.7900033,FDA,FINGOLIMOD,S,1,0.7117944,0.612967822730301,849.0
292.21299999999997,2.3230000000000004,92.47,2,4,3,1,0.3636363636363636,20,1,0.6601912167697063,0,0,0,0.3395,0,fda_1705,CC(C)(O)C(=O)Nc1ccc([N+](=O)[O-])c(C(F)(F)F)c1,3.50969696,FDA,M FLUTAMIDE,S,0,0.1428138,0.37301139910084974,1657.0
450.34500000000014,5.037700000000004,77.99,2,6,5,3,0.3333333333333333,30,4,0.533055458733566,1,0,0,0.4429285714285714,1,fda_1530,C[C@@H](Oc1cc(-c2cnn(C3CCNCC3)c2)cnc1N)c1c(Cl)ccc(F)c1Cl,5.84396219,FDA,CRIZOTINIB,L,1,0.9639484,0.7480046362963648,217.0
324.39900000000006,3.812980000000003,36.26,0,3,5,2,0.35,24,3,0.8388667572429986,0,0,0,0.741,0,fda_1278,CN(C)CCC[C@]1(c2ccc(F)cc2)OCc2cc(C#N)ccc21,5.002707,FDA,CITALOPRAM,M,-1,0.9686686,0.7885880951511299,61.0
536.8880000000004,12.605799999999975,0.0,0,0,10,0,0.45,40,2,0.2435127020219794,2,0,0,1.0,0,fda_1380,CC1=C(/C=C/C(C)=C/C=C/C(C)=C/C=C/C=C(C)/C=C/C=C(C)/C=C/C2=C(C)CCCC2(C)C)C(C)(C)CCC1,5.50841093,FDA,BETA CAROTENE,XL,-1,0.9737606,0.7280846406103693,326.0
442.42400000000015,-0.4378999999999982,181.62,6,9,2,1,0.3181818181818182,32,4,0.3308521588911173,1,1,0,0.0,0,fda_1078,C=C1c2cccc(O)c2C(=O)C2=C(O)[C@]3(O)C(=O)C(C(N)=O)=C(O)[C@@H](N(C)C)[C@@H]3[C@@H](O)[C@H]12,4.37622976,FDA,METHACYCLINE,L,0,0.007762876,0.28603682901355976,1968.0
519.6870000000004,1.7112000000000025,150.70000000000002,4,5,8,0,0.8148148148148148,37,3,0.3600552638977883,1,1,0,0.0,0,fda_1518,CC(C)(C)NC(=O)N[C@H](C(=O)N1C[C@H]2[C@@H]([C@H]1C(=O)N[C@H](CC1CCC1)C(=O)C(N)=O)C2(C)C)C(C)(C)C,5.18326187,FDA,BOCEPREVIR,XL,-1,0.35178414,0.4447784787710072,1388.0
377.275,-2.4644099999999995,194.62999999999997,4,12,4,2,0.5,24,3,0.3256230838671753,1,1,0,0.0,0,fda_1759,Nc1nc(=S)c2ncn([C@@H]3O[C@H](COP(=O)([O-])[O-])[C@@H](O)[C@H]3O)c2[nH]1,3.90216708,FDA,M THIOGUANINE,M,0,0.0025875252,0.25424703403107585,2043.0
123.11499999999998,-0.4245000000000001,68.87,1,3,1,1,0.0,9,1,0.5507568071868295,0,0,0,0.5080714285714285,0,fda_1062,NC(=O)c1cnccn1,3.45752025,FDA,PYRAZINAMIDE,XS,-1,0.5095356,0.4747853163137289,1302.0
303.83299999999997,4.194900000000003,12.47,0,2,8,2,0.3333333333333333,21,2,0.6778826115024819,0,0,0,0.9109285714285714,0,fda_126,C[C@@H](COc1ccccc1)N(CCCl)Cc1ccccc1,3.24211001,FDA,PHENOXYBENZAMINE,S,0,0.05937571,0.392183895174257,1590.0
309.33099999999996,4.435000000000003,21.26,1,2,6,2,0.2941176470588235,22,2,0.8517964099245682,0,0,0,0.8481428571428572,0,fda_1174,CNCC[C@H](Oc1ccc(C(F)(F)F)cc1)c1ccccc1,4.07083702,FDA,FLUOXETINE,S,-1,0.053385194,0.46992148174696236,1313.0
327.46800000000013,4.1437000000000035,52.82000000000001,2,3,1,0,0.7619047619047619,24,4,0.4318395226667917,0,0,0,0.6227142857142857,0,fda_1423,C#C[C@]1(O)CC[C@H]2[C@@H]3CCC4=C/C(=N/O)CC[C@@H]4[C@H]3CC[C@@]21CC,6.27759552,FDA,NORELGESTROMIN,M,1,0.98452735,0.7786155459410008,96.0
390.4090000000001,3.170600000000002,44.27,1,4,4,3,0.35,28,4,0.7443729050399092,0,0,0,0.6837857142857142,0,fda_1793,O=c1[nH]c2ccccc2n1CCN1CCN(c2cccc(C(F)(F)F)c2)CC1,4.60731888,FDA,FLIBANSERIN,L,-1,0.85173374,0.7045406049773343,453.0
177.247,1.736,21.26,1,2,1,1,0.4545454545454545,13,2,0.705114488465338,0,0,0,0.8481428571428572,0,fda_1766,C[C@@H]1NCCO[C@@H]1c1ccccc1,3.18193793,FDA,PHENMETRAZINE,XS,-1,0.045158904,0.38338143878484515,1627.0
690.8600000000002,2.269300000000002,176.42,2,11,7,1,0.6176470588235294,48,3,0.4015975548403724,2,1,0,0.0,0,fda_1070,CCN(CC)CCS(=O)(=O)[C@@H]1CCN2C(=O)c3coc(n3)CC(=O)C[C@H](O)/C=C(C)/C=C/CNC(=O)/C=C/[C@@H](C)[C@@H](C(C)C)OC(=O)[C@@H]12,4.96027994,FDA,DALFOPRISTIN,XL,-1,0.0473046,0.3480125049165349,1760.0
370.3440000000001,1.3957,106.26000000000002,1,8,4,3,0.2352941176470588,27,4,0.7396454416164582,0,0,0,0.2409999999999998,0,fda_1716,Cn1nnc(-c2ccc(-c3ccc(N4C[C@H](CO)OC4=O)cc3F)cn2)n1,5.18020773,FDA,TEDIZOLID,M,-1,0.9743197,0.7313691357642043,311.0
241.251,-1.7002000000000006,136.29,6,7,2,1,0.5555555555555556,17,2,0.3628643483841513,1,0,0,0.0265,0,fda_1440,C[C@H](O)[C@H](O)[C@H]1CNc2[nH]c(N)nc(=O)c2N1,3.53969264,FDA,SAPROPTERIN,XS,-1,0.004156743,0.24249595072318741,2068.0
123.09099999999998,-1.1599000000000004,65.91,0,4,1,1,0.0,9,1,0.472079025478847,0,0,0,0.5292142857142857,0,fda_1613,O=C([O-])c1cnccn1,2.7507875,FDA,PYRAZINOIC ACID,XS,0,0.6356298,0.4554737894733031,1349.0
546.201,2.5318000000000005,142.20999999999998,2,8,8,3,0.125,29,3,0.4109825313744394,1,1,0,0.0,1,fda_1616,NS(=O)(=O)Nc1ncnc(OCCOc2ncc(Br)cn2)c1-c1ccc(Br)cc1,4.94514894,FDA,APROCITENTAN,XL,-1,0.36486834,0.44422690770439455,1391.0
285.2,-1.3151999999999988,142.04000000000002,1,9,5,2,0.4444444444444444,19,2,0.6665638429511046,0,1,0,0.0,0,fda_1491,C[C@H](Cn1cnc2c(N)ncnc21)OCP(=O)([O-])[O-],3.66511178,FDA,TENOFOVIR,S,-1,0.026237288,0.31493295281800227,1881.0
332.464,2.8541000000000016,46.53,1,3,5,1,0.65,24,3,0.6661029067869589,0,0,0,0.6676428571428572,0,fda_1177,CC(C)[N@+]1(C)[C@@H]2CC[C@H]1C[C@@H](OC(=O)[C@@H](CO)c1ccccc1)C2,4.74727774,FDA,IPRATROPIUM,M,-1,0.27094802,0.5216548474492848,1171.0
378.44000000000017,1.5056,94.83,3,5,2,0,0.7142857142857143,27,4,0.6770422256433893,0,0,0,0.3226428571428571,0,fda_1347,C[C@]12C=CC(=O)C=C1[C@@H](F)C[C@@H]1[C@@H]2[C@@H](O)C[C@@]2(C)[C@H]1CC[C@]2(O)C(=O)CO,5.98134232,FDA,FLUPREDNISOLONE,M,1,0.99565756,0.7827456317440027,75.0
302.1329999999999,2.271,66.43,0,4,6,1,0.2307692307692307,19,1,0.5970041677279345,0,0,0,0.5255,0,fda_1364,C=C(CC)C(=O)c1ccc(OCC(=O)[O-])c(Cl)c1Cl,4.297894,FDA,ETHACRYNATE,S,-1,0.93337655,0.6646776491741373,637.0
486.6490000000005,4.302900000000004,100.9,2,6,6,0,0.8275862068965517,35,5,0.5429922145181357,0,0,0,0.2792857142857142,0,fda_1327,C[C@]12CCC(=O)C=C1CC[C@@H]1[C@@H]2[C@@H](O)C[C@@]2(C)[C@H]1CC[C@]2(O)C(=O)COC(=O)CCC1CCCC1,5.84870338,FDA,HYDROCORTISONE CYPIONATE,XL,-1,0.99005973,0.7417530415939204,247.0
94.117,0.6638000000000001,38.91,1,2,0,1,0.0,7,1,0.5126510027980979,0,0,0,0.7220714285714286,0,fda_1484,Nc1ccncc1,2.76399732,FDA,DALFAMPRIDINE,XS,0,0.22028598,0.3590841834095801,1727.0
496.12600000000015,-3.661599999999998,255.46,2,15,8,1,0.6,30,2,0.329016169523085,1,1,0,0.0,0,fda_1627,C[C@@]1(F)[C@H](O)[C@@H](CO[P@@](=O)([O-])O[P@](=O)([O-])OP(=O)([O-])[O-])O[C@H]1n1ccc(=O)[nH]c1=O,4.49295044,FDA,M SOFOSBUVIR,XL,0,0.006584735,0.2925035023727486,1948.0
265.222,-2.8909,151.92,5,8,3,0,0.875,18,1,0.2710418297657056,0,1,0,0.0,0,fda_1037,CN(N=O)C(=O)N[C@@H]1[C@@H](O)[C@H](O)[C@@H](CO)O[C@H]1O,4.22144461,FDA,STREPTOZOCIN,S,-1,0.004692371,0.2636224008462668,2024.0
555.5160000000003,7.1305000000000085,45.59,1,4,8,5,0.21875,37,5,0.2213547523882577,2,0,0,0.6743571428571429,1,fda_1595,COc1nc2ccc(Br)cc2cc1[C@@H](c1ccccc1)[C@@](O)(CCN(C)C)c1cccc2ccccc12,4.63508558,FDA,BEDAQUILINE,XL,0,0.91376126,0.6193121506607575,823.0
555.8680000000003,6.341400000000007,49.77,1,4,6,0,0.9142857142857144,40,6,0.2360226063103687,2,0,0,0.6445,0,fda_1562,C=CC[N+]1([C@H]2C[C@H]3[C@@H]4CC[C@H]5C[C@H](O)[C@@H](N6CCCCC6)C[C@]5(C)[C@H]4CC[C@]3(C)[C@H]2OC(=O)CC)CCCCC1,6.35603094,FDA,M RAPACURONIUM,XL,1,0.9927309,0.7489216305558039,214.0
685.7000000000002,-8.882800000000016,392.86,15,15,10,0,0.6,48,2,0.0949841394750194,3,1,0,0.0,0,fda_1373,NCCC[C@H](N)CC(=O)N[C@H]1CNC(=O)[C@H]([C@H]2C[C@H](O)N=C(N)N2)NC(=O)/C(=C/NC(N)=O)NC(=O)[C@H](CO)NC(=O)[C@H](CO)NC1=O,4.62568521,FDA,VIOMYCIN,XL,0,0.10138393,0.28231027050421886,1979.0
227.367,0.2018999999999999,72.42,0,4,2,0,1.0,10,0,0.4989054823824423,0,0,0,0.4827142857142856,0,fda_1368,O=P([O-])([O-])OCC(Cl)(Cl)Cl,4.60790014,FDA,TRICLOFOS,XS,1,0.7264509,0.5977909137040625,897.0
298.379,2.8408000000000015,46.150000000000006,0,5,1,0,1.0,21,5,0.6966147525766675,0,0,0,0.6703571428571429,0,fda_1087,CO[C@H]1O[C@@H]2O[C@@]3(C)CC[C@H]4[C@H](C)CC[C@@H]([C@H]1C)[C@@]24OO3,5.14669847,FDA,ARTEMETHER,S,1,0.98903126,0.768048767060004,132.0
513.1890000000002,-3.0047999999999986,280.96,3,16,8,2,0.4166666666666667,32,3,0.2340360469184688,2,1,0,0.0,1,fda_1640,C=C1[C@H](CO[P@@](=O)([O-])O[P@@](=O)([O-])OP(=O)([O-])[O-])[C@@H](O)C[C@@H]1n1cnc2c(=O)[nH]c(N)nc21,3.57443881,FDA,M ENTECAVIR,XL,0,0.01957655,0.2208457989134428,2092.0
766.9180000000002,3.3019000000000016,195.22,3,11,7,2,0.631578947368421,54,7,0.350204501408946,2,1,0,0.0,1,fda_1816,C=C[C@@H]1C[C@]1(NC(=O)[C@@H]1C[C@@H]2CN1C(=O)[C@H](C(C)(C)C)NC(=O)O[C@@H]1C[C@H]1CCCCCc1nc3ccc(OC)cc3nc1O2)C(=O)NS(=O)(=O)C1CC1,6.24792624,FDA,GRAZOPREVIR,XL,1,0.5668014,0.5728723846341027,991.0
276.38,1.96282,45.33,1,3,3,1,0.6875,20,3,0.917711580112694,0,0,0,0.6762142857142857,0,fda_1147,CCc1c(C)[nH]c2c1C(=O)[C@@H](CN1CCOCC1)CC2,3.91901326,FDA,MOLINDONE,S,-1,0.9115308,0.7140064977791533,407.0
224.26,0.961,75.27000000000001,2,3,4,0,0.5454545454545454,16,1,0.5513835393856523,0,0,0,0.4623571428571428,0,fda_1768,C=CCC1([C@@H](C)CC)C(=O)NC(=O)NC1=O,4.97930479,FDA,TALBUTAL,XS,1,0.986899,0.7072552407279307,436.0
764.9500000000003,3.2473000000000014,182.83,5,13,7,0,0.926829268292683,54,8,0.1884815722438335,2,1,0,0.0,0,fda_1083,C[C@H]1O[C@@H](O[C@H]2[C@@H](O)C[C@H](O[C@H]3[C@@H](O)C[C@H](O[C@H]4CC[C@@]5(C)[C@H](CC[C@@H]6[C@@H]5CC[C@]5(C)[C@@H](C7=CC(=O)OC7)CC[C@]65O)C4)O[C@@H]3C)O[C@@H]2C)C[C@H](O)[C@@H]1O,7.30362701,FDA,DIGITOXIN,XL,1,0.9705611,0.7266626264975974,330.0
295.304,4.174300000000002,35.25,1,2,5,2,0.25,21,2,0.8980027339714314,0,0,0,0.7482142857142857,0,fda_1610,NCC[C@@H](Oc1ccc(C(F)(F)F)cc1)c1ccccc1,4.00591278,FDA,NORFLUOXETINE,S,-1,0.07821304,0.4726204018908897,1308.0
435.8890000000001,2.5199000000000007,88.18,1,6,5,2,0.3157894736842105,29,4,0.7792136827945354,0,0,0,0.3701428571428571,1,fda_1523,O=C(NC[C@H]1CN(c2ccc(N3CCOCC3=O)cc2)C(=O)O1)c1ccc(Cl)s1,4.22675514,FDA,RIVAROXABAN,L,0,0.4707571,0.5424174935845659,1111.0
318.5250000000002,4.721100000000004,20.23,1,1,8,1,0.7142857142857143,23,2,0.6875795926365253,0,0,0,0.8555,0,fda_151,CC[N+](CC)(CC)CC[C@@](O)(c1ccccc1)C1CCCCC1,4.76966143,FDA,TRIDIHEXETHYL,M,-1,0.69766235,0.6741285239319038,595.0
365.5220000000001,3.6559000000000026,23.550000000000004,0,1,4,2,0.4090909090909091,26,5,0.5991495641361972,0,0,0,0.8317857142857142,0,fda_1333,O=C1N(Cc2ccccc2)[C@@H]2[C@H](C[S@@+]3CCC[C@@H]23)N1Cc1ccccc1,4.74900198,FDA,TRIMETHAPHAN,M,-1,0.6426209,0.6362865182119337,764.0
376.36900000000014,-1.7235599999999989,161.56,5,9,5,1,0.4117647058823529,27,3,0.3284121594560428,0,1,0,0.0,0,fda_173,Cc1cc2nc3c(=O)[nH]c(=O)nc-3n(C[C@H](O)[C@H](O)[C@H](O)CO)c2cc1C,4.56642723,FDA,RIBOFLAVIN,M,-1,0.007932668,0.2973115630926932,1930.0
610.6710000000002,6.319100000000007,143.34,1,11,10,5,0.3333333333333333,45,6,0.1409102496279744,3,1,0,0.0,1,fda_1414,CCOc1nc2cccc(C(=O)O[C@@H](C)OC(=O)OC3CCCCC3)c2n1Cc1ccc(-c2ccccc2-c2nnn[nH]2)cc1,5.45148087,FDA,CANDESARTAN CILEXETIL,XL,-1,0.8795476,0.5757946392759781,979.0
258.23299999999995,0.0877999999999999,83.55000000000001,1,4,1,1,0.2307692307692307,19,3,0.7233587999857974,0,0,0,0.4032142857142856,0,fda_1200,O=C1CC[C@@H](N2C(=O)c3ccccc3C2=O)C(=O)N1,4.25959969,FDA,THALIDOMIDE,S,-1,0.98130184,0.6897395480888775,529.0
472.7540000000004,9.059960000000002,35.53,0,3,13,1,0.7741935483870968,34,2,0.2120436659581116,1,1,0,0.7462142857142857,0,fda_1419,CC(=O)Oc1c(C)c(C)c2c(c1C)CC[C@@](C)(CCC[C@H](C)CCC[C@H](C)CCCC(C)C)O2,5.29746771,FDA,ALPHA-TOCOPHEROL ACETATE,L,-1,0.9881002,0.6877248497613783,538.0
489.16700000000014,-3.4842999999999993,280.96,3,16,11,2,0.5,30,2,0.2582616445236428,1,2,0,0.0,1,fda_1661,Nc1nc(=O)c2ncn(CC[C@@H](CO)CO[P@](=O)([O-])O[P@](=O)([O-])OP(=O)([O-])[O-])c2[nH]1,3.64791298,FDA,M PENCICLOVIR,XL,0,0.003439357,0.22537408187323196,2086.0
421.4220000000001,1.6254000000000004,118.36,3,5,3,2,0.2,27,3,0.6961649733786912,0,0,0,0.1545714285714287,1,fda_1125,NS(=O)(=O)c1cc2c(cc1C(F)(F)F)N[C@@H](Cc1ccccc1)NS2(=O)=O,4.87941694,FDA,BENDROFLUMETHIAZIDE,L,-1,0.1622224,0.4518791699963122,1364.0
266.38800000000003,3.0234000000000014,6.48,0,2,3,2,0.3333333333333333,20,3,0.84234198198695,0,0,0,0.9537142857142856,0,fda_1215,CN1CCN(C(c2ccccc2)c2ccccc2)CC1,3.37992287,FDA,CYCLIZINE,S,0,0.106919944,0.4521037204156413,1362.0
439.4550000000001,2.6939,121.64,1,8,7,5,0.125,33,5,0.4136763329389924,0,0,0,0.131142857142857,1,fda_1557,CCOc1nc2cccc(C(=O)[O-])c2n1Cc1ccc(-c2ccccc2-c2nnn[nH]2)cc1,4.40366364,FDA,CANDESARTAN,L,0,0.42984882,0.44403103262138605,1393.0
377.3660000000001,3.2757000000000014,62.3,1,4,4,2,0.3157894736842105,27,3,0.831072974287591,0,0,0,0.5549999999999999,0,fda_1943,CN1CCC(C(=O)c2cccc(NC(=O)c3c(F)cc(F)cc3F)n2)CC1,4.67299986,FDA,LASMIDITAN,M,-1,0.9334042,0.7375476323490369,279.0
300.74500000000006,2.4722,52.900000000000006,1,3,1,2,0.125,21,3,0.879421465403288,0,0,0,0.6221428571428571,0,fda_491,CN1C(=O)[C@@H](O)N=C(c2ccccc2)c2cc(Cl)ccc21,4.52757406,FDA,TEMAZEPAM,S,-1,0.7813493,0.6993602488482773,482.0
360.2440000000001,0.5983000000000003,109.57,2,5,2,1,0.3333333333333333,20,2,0.7508465680270321,0,0,0,0.2173571428571429,0,fda_300,CN1[C@@H](CCl)Nc2cc(Cl)c(S(N)(=O)=O)cc2S1(=O)=O,4.76228714,FDA,METHYCLOTHIAZIDE,M,-1,0.097041376,0.4423272449057021,1397.0
374.39200000000017,0.6456999999999997,86.63,1,7,4,2,0.4736842105263157,27,4,0.8455651734986326,0,0,0,0.3812142857142857,0,fda_909,COc1c(N2CCN[C@@H](C)C2)c(F)cc2c(=O)c(C(=O)[O-])cn(C3CC3)c12,4.89638376,FDA,GATIFLOXACIN,M,-1,0.9423473,0.739505743467553,266.0
356.5060000000001,5.350300000000006,46.53,1,3,4,1,0.6956521739130435,26,4,0.7397426708714153,1,0,0,0.6676428571428572,0,fda_19,CCCCC(=O)O[C@H]1CC[C@H]2[C@@H]3CCc4cc(O)ccc4[C@H]3CC[C@]12C,5.58579445,FDA,ESTRADIOL VALERATE,M,1,0.99622226,0.8055984517909903,25.0
325.449,2.3659,59.95,2,5,12,1,0.6666666666666666,23,1,0.5778484804828311,0,1,0,0.5717857142857143,0,fda_662,CC(C)NC[C@H](O)COc1ccc(COCCOC(C)C)cc1,3.70071673,FDA,BISOPROLOL,M,0,0.0062207235,0.35055592886651,1746.0
1227.3950000000002,-6.980500000000019,512.8499999999998,16,19,25,2,0.5,85,4,0.0324449527711288,3,2,0,0.0,1,fda_2057,NCCCC[C@H](NC(=O)[C@@H]1CCCN1C(=O)[C@@H]1CSSC[C@H](NC(=O)CNC(=O)CNC(=O)CN)C(=O)N[C@@H](Cc2ccc(O)cc2)C(=O)N[C@@H](Cc2ccccc2)C(=O)N[C@@H](CCC(N)=O)C(=O)N[C@@H](CC(N)=O)C(=O)N1)C(=O)NCC(N)=O,6.67995071,FDA,TERLIPRESSIN,XL,1,0.6944613,0.5742212273366751,985.0
255.36500000000004,2.649800000000001,19.37,0,3,6,2,0.3125,19,2,0.7908033413514379,0,0,0,0.8616428571428572,0,fda_34,CN(C)CCN(Cc1ccccc1)c1ccccn1,3.32208896,FDA,TRIPELENNAMINE,S,0,0.14411528,0.44018620912749407,1413.0
498.4260000000003,3.270100000000002,84.66,2,5,13,2,0.4166666666666667,33,2,0.3273084397783963,0,1,1,0.3952857142857143,1,fda_2019,CCOC(=O)[C@H](Cc1ccc(F)cc1)NC(=O)[C@@H](N)Cc1ccc(N(CCCl)CCCl)cc1,4.89074087,FDA,MELPHALAN FLUFENAMIDE,XL,-1,0.11202134,0.28781626539548827,1962.0
325.53700000000003,5.525800000000005,52.32,1,3,17,0,0.85,23,0,0.217336395981777,1,1,0,0.6262857142857143,0,fda_589,CCCCCCCC/C=C\CCCCCCCC(=O)OCCN,5.15508032,FDA,ETHANOLAMINE OLEATE,M,-1,0.53492874,0.5320713155891853,1141.0
414.741,4.312400000000001,75.62,2,6,5,2,0.4285714285714285,27,2,0.5606168741905612,0,0,0,0.4598571428571428,1,fda_2149,C[C@@H](Nc1nc(N[C@H](C)C(F)(F)F)nc(-c2cccc(Cl)n2)n1)C(F)(F)F,5.27460527,FDA,VORASIDENIB,L,-1,0.62585044,0.6187210621882645,826.0
296.4390000000001,4.241000000000003,6.48,0,3,2,2,0.3333333333333333,21,4,0.8181633544074803,0,0,1,0.9537142857142856,0,fda_266,CN1CC[C@H](CN2c3ccccc3Sc3ccccc32)C1,4.43092299,FDA,METHDILAZINE,S,-1,0.5545587,0.5462771010044958,1094.0
253.73700000000005,1.7897000000000003,88.78999999999999,3,1,2,1,0.2727272727272727,17,1,0.5545446559991852,0,0,0,0.3657857142857144,0,fda_851,CC(C)/N=C(N)/N=C(\N)Nc1ccc(Cl)cc1,3.53844261,FDA,PROGUANIL,S,0,0.09231807,0.34113201052521425,1781.0
232.28299999999996,1.3532,72.19,2,3,2,1,0.3846153846153846,17,2,0.5969362176118971,0,0,0,0.4843571428571428,0,fda_494,CC[C@]1(c2ccc(N)cc2)CCC(=O)NC1=O,4.69571638,FDA,AMINOGLUTETHIMIDE,XS,1,0.9705265,0.6961914921090756,496.0
501.47700000000026,2.702500000000001,166.97999999999996,1,13,11,2,0.65,34,2,0.2071524581096599,2,2,0,0.0,1,fda_904,CC(C)(C)C(=O)OCOP(=O)(COCCn1cnc2c(N)ncnc21)OCOC(=O)C(C)(C)C,3.9902122,FDA,ADEFOVIR DIPIVOXIL,XL,0,0.014171581,0.23944968331222438,2073.0
391.46700000000016,4.411120000000004,59.75,0,5,5,3,0.3333333333333333,29,4,0.6030824294043329,0,0,0,0.5732142857142857,0,fda_384,Cc1c(-c2ccccc2)oc2c(C(=O)OCCN3CCCCC3)cccc2c1=O,5.17538595,FDA,FLAVOXATE,L,-1,0.6780087,0.6480877268362154,716.0
477.52600000000007,1.2151999999999985,133.14,1,9,10,4,0.1304347826086956,34,4,0.3604048418014806,0,0,0,0.049,1,fda_2063,O=C([O-])CNc1cccc(CN(Cc2ccc(-n3cccn3)cc2)S(=O)(=O)c2cccnc2)n1,5.52419424,FDA,OMIDENEPAG,L,-1,0.35053116,0.47036610245325006,1311.0
389.4560000000002,1.3507000000000002,111.83,2,8,8,2,0.5263157894736842,28,3,0.6509374244824966,0,0,0,0.2012142857142856,0,fda_859,COc1cc2nc(N(C)CCCNC(=O)[C@@H]3CCCO3)nc(N)c2cc1OC,4.07212973,FDA,ALFUZOSIN,M,0,0.0498556,0.3640775503887151,1700.0
418.4570000000002,1.7849,108.39,1,8,4,3,0.2727272727272727,31,4,0.5081726960704563,0,0,0,0.2257857142857142,1,fda_2059,C=CC(=O)N1CC[C@H](n2nc(C#Cc3cc(OC)cc(OC)c3)c3c(N)ncnc32)C1,5.21335459,FDA,FUTIBATINIB,L,-1,0.64453477,0.5866587436850998,925.0
344.41100000000006,2.2233,90.82,4,5,9,2,0.3157894736842105,25,2,0.4136022576828499,0,0,0,0.3512857142857143,0,fda_810,COc1ccc(C[C@H](C)NC[C@@H](O)c2ccc(O)c(NC=O)c2)cc1,4.04302645,FDA,FORMOTEROL,M,0,0.01837934,0.3203826872809215,1865.0
130.175,-2.8538299999999985,90.73,4,1,0,0,0.5,9,0,0.2099625408254056,0,0,0,0.3519285714285713,0,fda_721,[H]/N=C(/NC(N)=[NH2+])N(C)C,3.81276512,FDA,METFORMIN,XS,-1,0.17456771,0.3123967345448606,1892.0
495.7450000000004,6.881900000000007,81.69999999999999,1,5,23,0,0.896551724137931,35,1,0.0948674729834446,1,1,0,0.4164285714285715,0,fda_798,CCCCCCCCCCC[C@@H](C[C@@H]1OC(=O)[C@H]1CCCCCC)OC(=O)[C@H](CC(C)C)NC=O,6.00078726,FDA,ORLISTAT,XL,-1,0.92157054,0.6546604894075201,693.0
581.6730000000001,1.990800000000002,118.21,3,6,4,3,0.4242424242424242,43,8,0.4340104045325292,1,0,0,0.155642857142857,1,fda_70,CN1C[C@H](C(=O)N[C@]2(C)O[C@@]3(O)[C@@H]4CCCN4C(=O)[C@H](Cc4ccccc4)N3C2=O)C=C2c3cccc4[nH]cc(c34)C[C@H]21,6.16616964,FDA,ERGOTAMINE,XL,1,0.9179532,0.7055090690774573,445.0
465.6170000000003,1.0561000000000007,98.77,1,8,9,1,0.5909090909090909,31,3,0.5407377371089944,0,0,0,0.2944999999999999,0,fda_706,CCOC(=O)[C@H](CCc1ccccc1)N[C@@H](C)C(=O)N1CC2(C[C@H]1C(=O)[O-])SCCS2,4.32876539,FDA,SPIRAPRIL,L,0,0.08835222,0.3787180323925675,1641.0
234.29499999999996,2.8355000000000015,38.69,1,3,2,1,0.4285714285714285,17,2,0.8547782410682304,0,0,0,0.7236428571428571,0,fda_1886,CC(C)(C)[C@H](O)/C=C/c1ccc2c(c1)OCO2,4.23454905,FDA,STIRIPENTOL,XS,1,0.8251152,0.6996677631708055,478.0
178.191,0.4239999999999995,72.19,2,2,2,1,0.1111111111111111,13,1,0.6885995439708613,0,0,0,0.4843571428571428,0,fda_92,NC(=O)NC(=O)Cc1ccccc1,2.92925835,FDA,PHENACEMIDE,XS,0,0.15904038,0.3623050606329216,1711.0
239.271,0.9207999999999996,92.78,3,5,4,1,0.4166666666666667,17,1,0.5364059398397247,0,0,1,0.3372857142857143,0,fda_329,CCOC(=O)[C@](C)(N)Cc1ccc(O)c(O)c1,3.35458493,FDA,METHYLDOPATE,XS,-1,0.0437501,0.20876246365954718,2102.0
141.17,0.4491999999999999,46.17,1,2,1,0,0.7142857142857143,10,1,0.5387218646888615,0,0,0,0.6702142857142857,0,fda_289,CC[C@]1(C)CC(=O)NC1=O,3.65151882,FDA,ETHOSUXIMIDE,XS,-1,0.9709607,0.638966011101644,756.0
408.5200000000001,2.3409000000000004,99.88,2,6,11,2,0.4,28,2,0.55378695740702,0,1,0,0.2865714285714286,1,fda_757,CCOc1ccccc1OCCN[C@H](C)Cc1ccc(OC)c(S(N)(=O)=O)c1,4.04186583,FDA,TAMSULOSIN,L,0,0.014063323,0.3405819259122644,1784.0
392.519,3.769700000000003,46.53,1,3,4,2,0.48,29,5,0.6364424954881173,0,0,0,0.6676428571428572,0,fda_919,O=C(O[C@@H]1C[C@H]2CC[C@@H](C1)[N+]21CCCC1)C(O)(c1ccccc1)c1ccccc1,4.50377321,FDA,TROSPIUM,L,-1,0.23157802,0.48891747491007287,1261.0
232.23899999999995,0.7004,75.27000000000001,2,3,2,1,0.25,17,2,0.7368838068366227,0,0,0,0.4623571428571428,0,fda_2066,CCC1(c2ccccc2)C(=O)NC(=O)NC1=O,5.20153761,FDA,PHENOBARBITAL,XS,1,0.9874014,0.7581904727045043,174.0
509.6230000000003,3.359300000000002,91.37,0,7,12,2,0.5172413793103449,37,4,0.4333062116764473,1,1,0,0.3473571428571428,1,fda_2133,CCCCN(CCCC)C(=O)CN1C[C@H](c2ccc3c(c2)OCO3)[C@@H](C(=O)[O-])[C@@H]1c1ccc(OC)cc1,4.92639351,FDA,ATRASENTAN,XL,-1,0.41003662,0.4958229369540396,1243.0
267.328,2.8499000000000025,43.7,2,3,0,2,0.2941176470588235,20,4,0.7213394581196795,0,0,1,0.6878571428571428,0,fda_873,CN1CCc2cccc3c2[C@H]1Cc1ccc(O)c(O)c1-3,3.9629879,FDA,APOMORPHINE,S,-1,0.85929614,0.5629337981446887,1026.0
448.39400000000006,4.859300000000005,44.81,1,4,7,2,0.4347826086956521,30,4,0.6149801508040519,0,0,0,0.6799285714285714,1,fda_900,O=C1CCc2ccc(OCCCCN3CCN(c4cccc(Cl)c4Cl)CC3)cc2N1,4.86724281,FDA,ARIPIPRAZOLE,L,-1,0.43070513,0.5679730948448047,1005.0
201.995,-3.5201999999999996,146.61,1,7,2,0,1.0,11,0,0.4559526101689281,0,1,0,0.0,0,fda_459,CC(O)(P(=O)([O-])[O-])P(=O)([O-])[O-],3.89746118,FDA,ETIDRONATE,XS,-1,0.3573962,0.38646576789921283,1616.0
372.36000000000007,0.7776999999999998,101.57,2,7,2,1,0.0,28,4,0.7398755809943276,0,0,0,0.2744999999999999,0,fda_942,O=C1C=CC=C/C1=C1\N/C(=C2/C=CC=CC2=O)N(c2ccc(C(=O)[O-])cc2)N1,5.38363504,FDA,DEFERASIROX,M,1,0.9576062,0.7422775524869615,244.0
441.54900000000015,4.374260000000002,84.86,2,6,5,2,0.4166666666666667,31,4,0.7166041254699328,0,0,0,0.3938571428571429,1,fda_790,Cc1c(C)c2c(c(C)c1O)CC[C@@](C)(COc1ccc(C[C@H]3SC(=O)NC3=O)cc1)O2,5.01981783,FDA,TROGLITAZONE,L,-1,0.9882157,0.7363390308450216,281.0
316.42100000000016,1.9261999999999997,69.23,1,3,6,1,0.5789473684210527,23,2,0.8715900836005785,0,0,0,0.5055,0,fda_869,CC(C)[C@H]1CC[C@H](C(=O)N[C@H](Cc2ccccc2)C(=O)[O-])CC1,4.10764456,FDA,NATEGLINIDE,S,-1,0.41366237,0.549965588712046,1073.0
378.5160000000001,3.173300000000001,32.78,0,3,6,2,0.4583333333333333,28,4,0.7740303952237003,0,0,0,0.7658571428571428,0,fda_345,CCN1C[C@@H](CCN2CCOCC2)C(c2ccccc2)(c2ccccc2)C1=O,4.44233847,FDA,DOXAPRAM,M,-1,0.815104,0.6975313203115215,488.0
674.9720000000001,6.624500000000008,70.08,1,6,13,3,0.55,48,7,0.2056443089092152,2,1,0,0.4994285714285714,1,fda_2038,CCCCC1(CCCC)CS(=O)(=O)c2ccc(N(C)C)cc2[C@@H](c2ccc(OCc3ccc(C[N+]45CCN(CC4)CC5)cc3)cc2)[C@H]1O,5.11846161,FDA,MARALIXIBAT,XL,-1,0.5499374,0.5192949216400835,1178.0
324.4640000000001,4.048700000000004,37.3,1,2,1,0,0.6818181818181818,24,4,0.5834905102158031,0,0,0,0.7335714285714285,0,fda_866,C#C[C@]1(O)CC[C@H]2[C@@H]3CCC4=CC(=O)CC[C@@H]4[C@H]3C(=C)C[C@@]21CC,5.52974701,FDA,ETONOGESTREL,M,1,0.99857545,0.7781955989893409,98.0
351.46300000000014,1.9164,97.66,2,5,12,0,0.7,25,1,0.4134084974169977,0,1,0,0.3024285714285715,0,fda_456,CCCCC[C@H](O)/C=C/[C@H]1[C@H](O)CC(=O)[C@@H]1C/C=C\CCCC(=O)[O-],4.9015069,FDA,DINOPROSTONE,M,-1,0.8799655,0.6267967574411704,799.0
1035.2379999999998,7.709800000000011,163.36,0,16,27,4,0.5357142857142857,74,6,0.0323950069693237,3,2,0,0.0,1,fda_657,COc1cc(C[C@@H]2c3c(cc(OC)c(OC)c3OC)CC[N@@+]2(C)CCCOC(=O)CCC(=O)OCCC[N@+]2(C)CCc3cc(OC)c(OC)c(OC)c3[C@@H]2Cc2cc(OC)c(OC)c(OC)c2)cc(OC)c1OC,6.34159851,FDA,DOXACURIUM,XL,1,0.9618176,0.6335834283395018,774.0
411.4403053340002,1.722,146.80999999999997,4,8,8,3,0.2631578947368421,30,4,0.4380618566733292,0,1,0,0.0,1,fda_2061,[2H]C([2H])([2H])NC(=O)c1nnc(NC(=O)C2CC2)cc1Nc1cccc(-c2nc[nH]n2)c1OC,5.47483635,FDA,M DEUCRAVACITINIB,L,-1,0.58603704,0.5486099550496354,1082.0
181.213,-0.5995999999999997,83.47,2,3,4,0,0.8,11,0,0.447848265705855,0,0,0,0.4037857142857143,0,fda_899,CC(=O)NCCCS(=O)(=O)O,3.10037971,FDA,ACAMPROSATE,XS,-1,0.24743253,0.3431524565040412,1776.0
375.4730000000001,0.5248000000000006,89.87000000000002,1,7,6,1,0.6842105263157895,27,3,0.5727357460576663,0,0,0,0.3580714285714285,0,fda_2085,CC1(C)CC(=O)N(CCCCN2CCN(c3ncccn3)CC2)C(=O)[C@H]1O,4.53959274,FDA,M GEPIRONE,M,-1,0.45660558,0.5149329154789588,1187.0
259.265,0.0297999999999998,92.5,2,4,1,1,0.3076923076923077,19,3,0.5494349129687401,0,0,0,0.3392857142857143,0,fda_941,Nc1cccc2c1CN([C@@H]1CCC(=O)NC1=O)C2=O,3.51156688,FDA,LENALIDOMIDE,S,0,0.35628337,0.4149947270999368,1505.0
634.7260000000003,4.570700000000004,117.78000000000004,1,10,9,3,0.4857142857142857,46,6,0.2650263928374025,1,0,1,0.1587142857142854,1,fda_202,COC(=O)[C@H]1[C@H]2C[C@@H]3c4[nH]c5cc(OC)ccc5c4CCN3C[C@H]2C[C@@H](OC(=O)/C=C/c2cc(OC)c(OC)c(OC)c2)[C@@H]1OC,5.17705965,FDA,RESCINNAMINE,XL,-1,0.16187212,0.2842886087333068,1977.0
739.9370000000004,4.5443000000000024,177.2,4,10,17,3,0.4324324324324324,51,4,0.1438216757397382,1,2,0,0.0,1,fda_2052,CCCCC1(CCCC)CN(c2ccccc2)c2cc(SC)c(OCC(=O)N[C@@H](C(=O)N[C@@H](CC)C(=O)[O-])c3ccc(O)cc3)cc2S(=O)(=O)N1,5.15807867,FDA,ODEVIXIBAT,XL,-1,0.55894625,0.46212969239804624,1329.0
184.49099999999996,2.3528,9.23,0,1,2,0,1.0,10,0,0.4728712952679373,0,0,0,0.9340714285714286,0,fda_439,FC(F)O[C@@H](Cl)C(F)(F)F,3.16625977,FDA,ISOFLURANE,XS,-1,0.15613332,0.37785256788029414,1644.0
470.4300000000003,0.7486999999999999,147.02,2,8,4,0,0.7272727272727273,32,4,0.5723620946730656,0,1,0,0.0,0,fda_244,C[C@@H]1C[C@H]2[C@@H]3CCC4=CC(=O)C=C[C@]4(C)[C@@]3(F)[C@@H](O)C[C@]2(C)[C@@]1(O)C(=O)COP(=O)([O-])[O-],5.97377634,FDA,DEXAMETHASONE PHOSPHATE,L,1,0.9342937,0.7106702664536413,419.0
697.7780000000002,4.754120000000005,201.30999999999997,6,12,2,2,0.4864864864864865,50,5,0.1430874087072338,3,1,1,0.0,1,fda_1918,CO[C@H]1/C=C/O[C@@]2(C)Oc3c(C)c(O)c4c(O)c(cc(O)c4c3C2=O)NC(=O)/C(C)=C\C=C\[C@H](C)[C@H](O)[C@@H](C)[C@@H](O)[C@@H](C)[C@H](OC(C)=O)[C@@H]1C,4.66103888,FDA,RIFAMYCIN,XL,0,0.09813844,0.19313424923516895,2108.0
560.6050000000001,4.4814200000000035,104.45000000000002,1,8,5,4,0.3,41,5,0.3590679168093476,1,0,0,0.2539285714285713,1,fda_2023,C=CC(=O)N1CCN(c2nc(=O)n(-c3c(C)ccnc3C(C)C)c3nc(-c4c(O)cccc4F)c(F)cc23)[C@@H](C)C1,5.90185547,FDA,SOTORASIB,XL,-1,0.91626555,0.6835671481660931,553.0
285.31,2.65916,78.29,0,5,3,3,0.0588235294117647,22,3,0.7407442417149674,0,0,0,0.4407857142857142,0,fda_792,N#Cc1ccc(C(c2ccc(C#N)cc2)n2cncn2)cc1,4.48934793,FDA,LETROZOLE,S,-1,0.9626182,0.7055158933335026,444.0
1506.2570000000017,-16.419499999999992,811.1400000000006,17,41,30,0,0.935483870967742,91,5,0.0297009767339146,3,2,0,0.0,0,fda_888,CO[C@H]1O[C@H](COS(=O)(=O)O)[C@@H](O[C@@H]2O[C@@H](C(=O)[O-])[C@@H](O[C@H]3O[C@H](COS(=O)(=O)O)[C@@H](O[C@@H]4O[C@H](C(=O)[O-])[C@@H](O[C@H]5O[C@H](COS(=O)(=O)O)[C@@H](O)[C@H](O)[C@H]5NS(=O)(=O)O)[C@H](O)[C@H]4O)[C@H](OS(=O)(=O)O)[C@H]3NS(=O)(=O)O)[C@H](O)[C@H]2OS(=O)(=O)O)[C@H](O)[C@H]1NS(=O)(=O)O,3.82239318,FDA,FONDAPARINUX,XL,0,0.05975802,0.20730152105561128,2104.0
309.34700000000004,1.6154400000000002,106.5,1,6,3,2,0.2307692307692307,21,2,0.8632907802604699,0,0,0,0.2392857142857143,0,fda_66,CC(=O)N(c1onc(C)c1C)S(=O)(=O)c1ccc(N)cc1,4.0159874,FDA,SULFISOXAZOLE ACETYL,S,-1,0.40478948,0.5133784543090877,1191.0
237.219,-1.2000000000000002,133.45999999999998,4,7,2,1,0.3333333333333333,17,2,0.5101767236496731,0,0,0,0.0467142857142858,0,fda_2135,C[C@H](O)C(=O)C1=Nc2c([nH]c(N)nc2=O)NC1,3.91263318,FDA,SEPIAPTERIN,XS,-1,0.04047303,0.3078393138261663,1906.0
183.682,2.619800000000001,26.02,1,1,2,1,0.4,12,1,0.7497898295677915,0,0,0,0.8141428571428572,0,fda_343,CC(C)(N)Cc1ccc(Cl)cc1,2.96789718,FDA,CHLORPHENTERMINE,XS,0,0.15233704,0.4078899564189092,1543.0
434.5040000000002,2.466500000000001,100.90000000000002,2,6,3,0,0.7083333333333334,31,4,0.6621165611785135,0,0,0,0.2792857142857141,0,fda_305,CC(=O)OCC(=O)[C@@]1(O)[C@@H](C)C[C@H]2[C@@H]3CCC4=CC(=O)C=C[C@]4(C)[C@@]3(F)[C@@H](O)C[C@@]21C,5.52024794,FDA,BETAMETHASONE ACETATE,L,-1,0.9948605,0.7467928255307046,223.0
254.26499999999996,0.9562999999999996,62.129999999999995,0,4,3,2,0.2,19,3,0.7662225215846434,0,0,0,0.5562142857142858,0,fda_613,O=C(c1ccccc1)c1ccc2n1CC[C@@H]2C(=O)[O-],3.69562602,FDA,KETOROLAC,S,-1,0.83497226,0.634985584991403,767.0
156.269,2.439500000000001,20.23,1,1,1,0,1.0,11,1,0.6179494584335714,0,0,0,0.8555,0,fda_952,CC(C)[C@@H]1CC[C@@H](C)C[C@H]1O,4.82243776,FDA,MENTHOL,XS,1,0.9379124,0.7355273313066182,287.0
263.384,4.301900000000003,12.03,1,1,4,2,0.2631578947368421,20,3,0.8108521414626005,0,0,0,0.9140714285714284,0,fda_352,CNCCCC1c2ccccc2C=Cc2ccccc21,4.02316046,FDA,PROTRIPTYLINE,S,-1,0.46767437,0.5896764598692203,920.0
494.5750000000004,3.4407000000000023,100.9,2,6,3,0,0.7407407407407407,35,4,0.5832736199916968,0,0,0,0.2792857142857142,0,fda_373,C[C@@H]1C[C@H]2[C@@H]3C[C@H](F)C4=CC(=O)C=C[C@]4(C)[C@@]3(F)[C@@H](O)C[C@]2(C)[C@@]1(O)C(=O)COC(=O)C(C)(C)C,5.4394908,FDA,FLUMETHASONE PIVALATE,XL,-1,0.9878385,0.7239448450224681,342.0
534.5670000000003,4.490000000000004,119.12999999999998,2,7,3,4,0.3571428571428571,39,6,0.3740380384480267,1,0,0,0.1490714285714287,1,fda_1971,N[C@@H]1c2cccnc2[C@H](OC(=O)N2CCC(n3c(=O)[nH]c4ncccc43)CC2)CC[C@H]1c1cccc(F)c1F,5.46149588,FDA,RIMEGEPANT,XL,-1,0.6807839,0.5783149369467309,968.0
312.4420000000001,1.74642,30.870000000000005,1,5,1,2,0.3529411764705882,22,4,0.8701892005334668,0,0,0,0.7795,0,fda_759,Cc1cc2c(s1)=Nc1ccccc1NC=2N1CCN(C)CC1,3.76169682,FDA,OLANZAPINE,S,-1,0.6641519,0.63092984451116,779.0
392.4670000000002,1.8957,94.83,3,5,2,0,0.7272727272727273,28,4,0.667213496992105,0,0,0,0.3226428571428571,0,fda_304,C[C@H]1C[C@H]2[C@@H]3CCC4=CC(=O)C=C[C@]4(C)[C@@]3(F)[C@@H](O)C[C@]2(C)[C@@]1(O)C(=O)CO,6.10218382,FDA,BETAMETHASONE,L,1,0.9925551,0.7872901910693823,66.0
1416.089,1.1679999999999986,424.97999999999985,13,16,38,5,0.4583333333333333,101,6,0.0246745012319409,3,2,0,0.0,1,fda_884,CC(=O)N[C@H](Cc1ccc2ccccc2c1)C(=O)N[C@H](Cc1ccc(Cl)cc1)C(=O)N[C@H](Cc1cccnc1)C(=O)N[C@@H](CO)C(=O)N(C)[C@@H](Cc1ccc(O)cc1)C(=O)N[C@H](CC(N)=O)C(=O)N[C@@H](CC(C)C)C(=O)N[C@@H](CCCCNC(C)C)C(=O)N1CCC[C@H]1C(=O)N[C@H](C)C(N)=O,6.31335306,FDA,ABARELIX,XL,1,0.92790693,0.6201268247395022,819.0
372.55300000000017,3.8145000000000024,58.2,2,2,1,0,0.8260869565217391,27,4,0.7351466700288802,0,0,0,0.5842857142857143,0,fda_691,CC(C)(C)NC(=O)[C@H]1CC[C@H]2[C@@H]3CC[C@H]4NC(=O)C=C[C@]4(C)[C@H]3CC[C@]12C,5.29110813,FDA,FINASTERIDE,M,1,0.9891606,0.7760791291380673,101.0
431.94800000000015,2.4335000000000004,118.69,2,6,5,2,0.1333333333333333,26,3,0.7498958613046711,0,0,0,0.1522142857142857,1,fda_276,NS(=O)(=O)c1cc2c(cc1Cl)NC(CSCc1ccccc1)=NS2(=O)=O,4.49675035,FDA,BENZTHIAZIDE,L,-1,0.49256486,0.5379289019079702,1128.0
370.587,5.885600000000005,6.48,0,4,4,2,0.4285714285714285,25,4,0.6192081845073194,1,0,0,0.9537142857142856,0,fda_257,CSc1ccc2c(c1)N(CC[C@H]1CCCCN1C)c1ccccc1S2,5.23224974,FDA,THIORIDAZINE,M,-1,0.86026,0.7475397817533006,221.0
407.37700000000007,1.8184999999999996,111.71,2,7,5,2,0.3888888888888889,29,4,0.782117244605261,0,0,0,0.2020714285714285,1,fda_2155,C[C@H](Nc1ccc2c(c1)OCCn1cc(N3C(=O)OC[C@H]3C(F)F)nc1-2)C(N)=O,4.78204012,FDA,INAVOLISIB,L,-1,0.26927227,0.4999384085519496,1228.0
314.257,1.7404999999999995,118.05,1,6,4,2,0.0714285714285714,23,3,0.3989019993697669,0,0,0,0.1567857142857142,0,fda_420,O=C1CN(/N=C/c2ccc(-c3ccc([N+](=O)[O-])cc3)o2)C(=O)N1,4.03433371,FDA,DANTROLENE,S,-1,0.7920726,0.5295653444945333,1148.0
507.6370000000004,-0.6317999999999957,183.04,4,7,9,1,0.6086956521739131,35,3,0.1933405407869204,1,1,0,0.0,0,fda_811,C[C@@H]1CNc2c(cccc2S(=O)(=O)N[C@@H](CCCN=C(N)N)C(=O)N2CC[C@@H](C)C[C@@H]2C(=O)[O-])C1,4.24864531,FDA,ARGATROBAN,XL,0,0.057236724,0.2655203880560635,2021.0
465.9530000000003,3.358100000000002,86.05,2,6,9,2,0.4347826086956521,32,3,0.4360349382366308,0,0,0,0.3853571428571428,1,fda_696,COc1cc(N)c(Cl)cc1C(=O)N[C@H]1CCN(CCCOc2ccc(F)cc2)C[C@@H]1OC,4.61221552,FDA,CISAPRIDE,L,-1,0.11084939,0.3910663570149095,1593.0
325.46000000000015,2.2875200000000007,37.190000000000005,0,5,4,2,0.5789473684210527,24,4,0.8642279309285194,0,0,0,0.7343571428571428,0,fda_642,Cc1ccccc1N1CCN(CCc2nnc3n2CCCC3)CC1,4.48225641,FDA,DAPIPRAZOLE,M,-1,0.43025705,0.5994247632559144,893.0
404.42400000000015,-1.3465999999999965,141.86,2,8,6,1,0.3333333333333333,28,3,0.4379382930558762,0,1,0,0.0,0,fda_989,CC(=O)OCC1=C(C(=O)[O-])N2C(=O)[C@@H](NC(=O)[C@H](N)c3ccccc3)[C@H]2SC1,3.71773529,FDA,CEPHALOGLYCIN,L,0,0.003730701,0.2656962656972097,2020.0
473.5420000000003,0.8845999999999998,141.03,2,8,6,0,0.6923076923076923,34,4,0.5418963796193329,0,1,0,0.0,0,fda_223,C[C@H]1C[C@@H]2[C@H]([C@@H](O)C[C@@]3(C)[C@H]2CC[C@]3(O)C(=O)COC(=O)CCC(=O)[O-])[C@@]2(C)C=CC(=O)C=C12,5.41708326,FDA,METHYLPREDNISOLONE SUCCINATE,L,-1,0.96745056,0.6802446751980161,569.0
247.251,-0.4550000000000003,90.37,2,7,2,1,0.5,16,2,0.7349748054075844,0,0,0,0.3544999999999999,0,fda_911,Nc1nc(=O)n([C@@H]2CS[C@H](CO)O2)cc1F,3.42713618,FDA,EMTRICITABINE,XS,-1,0.40124854,0.4619146937546962,1331.0
383.5170000000001,0.0869000000000016,118.79999999999998,2,7,7,1,0.6666666666666666,23,2,0.6441091760572242,0,0,0,0.1514285714285715,0,fda_805,CCN[C@H]1CN(CCCOC)S(=O)(=O)c2sc(S(N)(=O)=O)cc21,3.5970459,FDA,BRINZOLAMIDE,M,0,0.017792985,0.31886028997786287,1868.0
443.6600000000001,3.515200000000001,99.27,4,5,6,3,0.125,26,3,0.3450818507491446,0,0,0,0.2909285714285714,1,fda_1989,O=C(NOCCO)c1cc2[nH]cnc2c(F)c1Nc1ccc(Br)cc1Cl,5.3770833,FDA,M SELUMETINIB,L,-1,0.5845994,0.5526561687269214,1061.0
319.246,3.9277000000000024,16.130000000000003,0,2,5,2,0.3125,19,2,0.8300542359520316,0,0,0,0.8847857142857143,0,fda_207,CN(C)CC[C@@H](c1ccc(Br)cc1)c1ccccn1,4.28443527,FDA,DEXBROMPHENIRAMINE,M,-1,0.052650813,0.4821697642485435,1283.0
289.37500000000006,1.9308999999999996,49.77,1,4,4,1,0.5882352941176471,21,3,0.8605899449393155,0,0,0,0.6445000000000001,0,fda_293,CN1[C@@H]2CC[C@H]1C[C@@H](OC(=O)[C@@H](CO)c1ccccc1)C2,4.28346825,FDA,ATROPINE,S,-1,0.040261243,0.4604719181810888,1337.0
259.34899999999993,2.5676000000000005,38.33,1,2,4,1,0.5625,19,3,0.9021804790562544,0,0,0,0.7262142857142857,0,fda_933,CCC(=O)NCC[C@@H]1CCc2ccc3c(c21)CCO3,4.01556063,FDA,RAMELTEON,S,-1,0.89909244,0.7181138594544959,377.0
236.29599999999996,2.7321999999999997,66.56,2,3,2,2,0.1818181818181818,16,2,0.621567647628534,0,0,0,0.5245714285714286,0,fda_736,C[C@H](c1cc2ccccc2s1)N(O)C(N)=O,4.11948252,FDA,ZILEUTON,XS,1,0.9242525,0.6557742435992019,686.0
308.425,3.2166000000000015,55.12,2,2,6,2,0.35,23,3,0.8051213486025681,0,0,0,0.6062857142857143,0,fda_624,CC(C)NCCCC1(C(N)=O)c2ccccc2-c2ccccc21,4.5003581,FDA,INDECAINIDE,S,-1,0.56342125,0.6158602055504088,837.0
464.9420000000002,2.0034999999999994,108.61,4,7,9,2,0.5,32,4,0.4201986534095145,0,0,0,0.2242142857142856,1,fda_2058,OC[C@H]1O[C@@H](c2ccc(Cl)c(Cc3ccc(OCCOC4CC4)cc3)c2)[C@H](O)[C@@H](O)[C@@H]1O,4.40689468,FDA,BEXAGLIFLOZIN,L,0,0.010729979,0.3291059422446237,1831.0
384.51600000000025,4.425900000000004,52.6,0,4,2,0,0.75,28,4,0.4015627733780324,0,0,0,0.6242857142857143,0,fda_354,C#C[C@]1(OC(C)=O)CC[C@H]2[C@@H]3CCC4=C[C@@H](OC(C)=O)CC[C@@H]4[C@H]3CC[C@@]21C,5.72230673,FDA,ETHYNODIOL DIACETATE,M,1,0.96729887,0.7333557738078581,298.0
387.44000000000017,1.0567999999999995,103.04,1,8,4,2,0.5263157894736842,28,4,0.8306226664509899,0,0,0,0.2639999999999999,0,fda_569,COc1cc2nc(N3CCN(C(=O)[C@@H]4CCCO4)CC3)nc(N)c2cc1OC,4.42918253,FDA,TERAZOSIN,M,-1,0.43435106,0.543628062268601,1103.0
738.3000000000002,3.8344000000000023,156.47,3,11,7,1,0.6,50,4,0.213640453265693,2,1,0,0.0,0,fda_1855,COc1cc2cc(c1Cl)N(C)C(=O)C[C@H](OC(=O)[C@H](C)N(C)C(=O)CCS)[C@]1(C)O[C@H]1[C@H](C)[C@@H]1C[C@@](O)(NC(=O)O1)[C@H](OC)/C=C/C=C(\C)C2,5.63801384,FDA,MAYTANSINE,XL,-1,0.28729665,0.42415155040277075,1480.0
203.28500000000005,2.9240200000000014,20.31,0,1,3,1,0.3076923076923077,15,1,0.6915773895824666,0,0,0,0.8549285714285714,0,fda_80,C/C=C/C(=O)N(CC)c1ccccc1C,3.76935577,FDA,CROTAMITON,XS,-1,0.5901637,0.581025483211945,954.0
249.19199999999995,1.7009,60.36,1,3,2,2,0.0,18,2,0.8807182677718015,0,0,0,0.5688571428571428,0,fda_508,O=C([O-])c1cc(-c2ccc(F)cc2F)ccc1O,4.56976938,FDA,DIFLUNISAL,XS,1,0.9440024,0.7456852391205259,228.0
357.4940000000002,3.342900000000002,49.77,1,4,7,1,0.5909090909090909,26,2,0.6005702926906202,0,0,0,0.6445000000000001,0,fda_441,CCN(CC)CC#CCOC(=O)[C@@](O)(c1ccccc1)C1CCCCC1,4.40480852,FDA,OXYBUTYNIN,M,-1,0.4961603,0.5527094896994488,1060.0
500.5540000000002,4.427400000000005,96.22,3,6,12,1,0.5769230769230769,35,2,0.2233331590824295,1,1,0,0.3127142857142856,0,fda_872,CC(C)OC(=O)CCC/C=C\C[C@@H]1[C@@H](/C=C/[C@@H](O)COc2cccc(C(F)(F)F)c2)[C@H](O)C[C@@H]1O,5.66291952,FDA,TRAVOPROST,XL,-1,0.5512986,0.5380957337068129,1126.0
261.21299999999997,-0.4914000000000005,93.48000000000002,0,7,2,2,0.25,19,3,0.7236431507520212,0,0,0,0.3322857142857142,0,fda_483,CCn1nc(C(=O)[O-])c(=O)c2cc3c(cc21)OCO3,3.81992459,FDA,CINOXACIN,S,-1,0.98046756,0.6553793917700239,690.0
352.47800000000007,3.4082000000000017,55.56,1,4,6,2,0.4090909090909091,26,3,0.6393437724099448,0,0,1,0.6031428571428572,0,fda_190,CCOC(=O)C1(c2ccccc2)CCN(CCc2ccc(N)cc2)CC1,4.15561676,FDA,ANILERIDINE,M,-1,0.31443217,0.38646553507485576,1617.0
314.36600000000004,2.9644200000000005,86.19,1,4,3,3,0.0625,22,3,0.8049353387121051,0,0,0,0.3843571428571428,0,fda_886,Cc1onc(-c2ccccc2)c1-c1ccc(S(N)(=O)=O)cc1,4.74627686,FDA,VALDECOXIB,S,1,0.986369,0.7356574359873097,286.0
211.261,1.1291999999999998,72.72,4,4,4,1,0.4545454545454545,15,1,0.5632719285067509,0,0,1,0.4805714285714285,0,fda_58,CC(C)NC[C@@H](O)c1ccc(O)c(O)c1,3.11517692,FDA,ISOPROTERENOL,XS,-1,0.00869195,0.20320475179731165,2106.0
321.33700000000016,0.5409999999999998,122.22,1,9,7,2,0.5,23,2,0.733115342152729,0,0,0,0.127,0,fda_722,CC(=O)OCC(CCn1cnc2cnc(N)nc21)COC(C)=O,4.34552431,FDA,FAMCICLOVIR,M,-1,0.07341502,0.39699435886953444,1575.0
472.58900000000017,4.466800000000004,67.68,1,7,4,2,0.3571428571428571,35,5,0.6655052785203615,0,0,0,0.5165714285714285,1,fda_2029,C1=N/C2=N/c3ccc(OCCN4CCCC4)c(c3)COC/C=C/COCc3cccc(c3)C(=C1)N2,4.85830879,FDA,PACRITINIB,L,-1,0.7812859,0.6663665041809058,632.0
441.4790000000001,3.835020000000002,101.21,2,5,4,2,0.4736842105263157,30,3,0.7528280893178394,0,0,0,0.2770714285714286,1,fda_1930,Cc1nc(NC(=O)N2CCC[C@H]2C(N)=O)sc1-c1ccnc(C(C)(C)C(F)(F)F)c1,5.69113159,FDA,ALPELISIB,L,1,0.83661884,0.7277637044797809,328.0
214.246,0.0935999999999998,89.26,2,4,2,1,0.125,14,1,0.6828174314400922,0,0,0,0.3624285714285714,0,fda_27,CC(=O)NS(=O)(=O)c1ccc(N)cc1,3.12694001,FDA,SULFACETAMIDE,XS,-1,0.082997344,0.33831552314712154,1796.0
810.4660000000001,5.7194000000000065,158.12999999999997,2,11,6,0,0.813953488372093,56,4,0.1464409750467884,3,1,0,0.0,0,fda_881,CC[C@@H]1/C=C(/C)C[C@H](C)C[C@H](OC)[C@H]2O[C@@](O)(C(=O)C(=O)N3CCCC[C@H]3C(=O)O[C@H](/C(C)=C/[C@@H]3CC[C@H](Cl)[C@H](OC)C3)[C@H](C)[C@@H](O)CC1=O)[C@H](C)C[C@@H]2OC,6.39873123,FDA,PIMECROLIMUS,XL,1,0.96333164,0.6603648728998304,666.0
400.43600000000015,0.5606199999999997,115.57,1,7,4,2,0.3684210526315789,28,4,0.7457264974219424,0,0,0,0.1745000000000001,1,fda_980,Cc1onc(-c2ccccc2)c1C(=O)N[C@@H]1C(=O)N2[C@@H]1SC(C)(C)[C@@H]2C(=O)[O-],5.5854454,FDA,OXACILLIN,L,-1,0.8748968,0.721061801985685,361.0
510.36700000000013,5.670700000000004,88.05000000000001,3,5,5,4,0.125,33,4,0.3229750184540736,2,0,0,0.3710714285714285,1,fda_1990,CCn1c(=O)c(-c2cc(NC(=O)Nc3ccccc3)c(F)cc2Br)cc2cnc(NC)cc21,6.0365243,FDA,RIPRETINIB,XL,-1,0.99712867,0.7206143030035104,363.0
261.08899999999994,1.884,41.57,1,2,5,0,1.0,14,1,0.605720669080109,0,0,0,0.7030714285714286,0,fda_629,O=[P@]1(NCCCl)OCCCN1CCCl,3.4949038,FDA,IFOSFAMIDE,S,0,0.061271403,0.37310079309614946,1656.0
373.95300000000015,4.580200000000004,9.72,0,4,4,2,0.4,25,4,0.775124662295156,0,0,0,0.9305714285714286,0,fda_192,CN1CCN(CCCN2c3ccccc3Sc3ccc(Cl)cc32)CC1,4.51681709,FDA,PROCHLORPERAZINE,M,-1,0.26609036,0.5541036756587296,1056.0
527.4000000000002,4.6342000000000025,85.95,1,7,8,4,0.217391304347826,37,4,0.336518429726495,1,0,0,0.3860714285714285,1,fda_2054,O[C@@](Cn1cnnn1)(c1ccc(F)cc1F)C(F)(F)c1ccc(-c2ccc(OCC(F)(F)F)cc2)cn1,5.1745429,FDA,OTESECONAZOLE,XL,-1,0.9679157,0.662980846090241,651.0
301.47400000000016,4.330500000000004,23.47,1,2,5,1,0.7,22,3,0.8747104302685795,0,0,0,0.8323571428571429,0,fda_74,O[C@@](CCN1CCCCC1)(c1ccccc1)C1CCCCC1,4.41133261,FDA,TRIHEXYPHENIDYL,S,-1,0.30902457,0.5705842373301808,998.0
404.4910000000001,1.7015999999999998,132.79999999999998,4,6,8,2,0.1428571428571428,25,2,0.4887779283307861,0,0,0,0.0514285714285716,1,fda_41,O=[S@](O)CNc1ccc(S(=O)(=O)c2ccc(NC[S@](=O)O)cc2)cc1,4.34451532,FDA,SULFOXONE,L,0,0.029355638,0.32728978743652587,1840.0
331.29699999999997,0.0141000000000005,118.36,3,5,1,1,0.25,20,2,0.6699841555806898,0,0,0,0.1545714285714287,0,fda_265,NS(=O)(=O)c1cc2c(cc1C(F)(F)F)NCNS2(=O)=O,3.29024386,FDA,HYDROFLUMETHIAZIDE,M,0,0.13119528,0.33947830160684916,1787.0
156.20499999999996,-0.4986000000000001,66.15,1,3,2,0,0.875,11,1,0.585865822840209,0,0,0,0.5275,0,fda_582,NC[C@H]1CC[C@H](C(=O)[O-])CC1,3.2575624,FDA,TRANEXAMIC ACID,XS,-1,0.16571416,0.36829072731977464,1677.0
785.8910000000003,6.157840000000009,198.37999999999997,5,13,2,4,0.4418604651162791,57,6,0.1148554830122395,3,1,0,0.0,1,fda_891,CO[C@H]1/C=C/O[C@@]2(C)Oc3c(C)c(O)c4c(O)c(c5c(nc6cc(C)ccn65)c4c3C2=O)NC(=O)/C(C)=C\C=C\[C@H](C)[C@H](O)[C@@H](C)[C@@H](O)[C@@H](C)[C@H](OC(C)=O)[C@@H]1C,5.67262888,FDA,RIFAXIMIN,XL,-1,0.7605623,0.5485057422799873,1083.0
398.8540000000001,2.670080000000001,119.62000000000002,3,6,6,3,0.2631578947368421,28,3,0.5892234115643401,0,0,0,0.1455714285714284,0,fda_1954,C[C@@H](Cn1ccc(-c2ccc(C#N)c(Cl)c2)n1)NC(=O)c1cc([C@@H](C)O)[nH]n1,5.11074495,FDA,DAROLUTAMIDE,L,-1,0.84803236,0.6495783581764029,708.0
253.26199999999997,-1.3073,130.05,4,7,5,2,0.5,18,2,0.5232780259906572,0,0,0,0.0710714285714284,0,fda_766,Nc1nc(=O)c2ncn(CCC(CO)CO)c2[nH]1,3.68102551,FDA,PENCICLOVIR,XS,-1,0.025508313,0.2941441594399157,1939.0
473.40700000000015,7.489800000000005,42.21,1,4,4,3,0.1111111111111111,33,5,0.2749298454816666,1,0,0,0.6985,1,fda_602,CC(C)/N=c1\cc2n(-c3ccc(Cl)cc3)c3ccccc3nc-2cc1Nc1ccc(Cl)cc1,6.73142242,FDA,CLOFAZIMINE,L,1,0.9311967,0.7667582992954094,139.0
415.51000000000033,1.0485000000000009,98.77,1,6,9,1,0.6086956521739131,30,3,0.6055239974450066,0,0,0,0.2944999999999999,0,fda_649,CCOC(=O)[C@H](CCc1ccccc1)N[C@@H](C)C(=O)N1[C@H](C(=O)[O-])C[C@@H]2CCC[C@@H]21,5.21211958,FDA,RAMIPRIL,L,-1,0.13363853,0.4596555105847481,1339.0
197.234,0.6959,64.71,2,4,4,1,0.4,14,1,0.7452129480793569,0,0,0,0.5377857142857143,0,fda_360,COc1ccc(OC)c([C@H](O)CN)c1,3.02260327,FDA,M MIDODRINE,XS,-1,0.029039564,0.3457182582094126,1767.0
482.196,2.4667000000000003,90.82,4,5,7,2,0.1875,26,2,0.3599603289691288,0,0,0,0.3512857142857142,1,fda_2134,O=C(NOC[C@H](O)CO)c1ccc(F)c(F)c1Nc1ccc(I)cc1F,5.14293718,FDA,MIRDAMETINIB,L,-1,0.18377443,0.427002071361385,1472.0
319.88000000000005,4.810600000000004,28.16,1,3,8,2,0.5,22,2,0.7564117572128701,0,0,0,0.7988571428571428,0,fda_38,CCN(CC)CCC[C@@H](C)Nc1ccnc2cc(Cl)ccc12,4.11860132,FDA,CHLOROQUINE,M,-1,0.12476458,0.4702709780693018,1312.0
491.52300000000025,2.7605000000000013,100.27,1,8,10,4,0.2307692307692307,36,4,0.3662651566237892,0,0,0,0.2837857142857142,1,fda_2156,COCc1nn(Cc2ccc(Cn3ccccc3=O)cc2)cc1C(=O)NCc1nccc(OC)c1F,4.95827103,FDA,SEBETRALSTAT,XL,-1,0.7038668,0.5661695621190306,1015.0
149.237,1.9664,26.02,1,1,2,1,0.4,11,1,0.6831676333388244,0,0,0,0.8141428571428572,0,fda_241,CC(C)(N)Cc1ccccc1,2.9948566,FDA,PHENTERMINE,XS,0,0.059639897,0.3684164515551415,1676.0
296.414,2.656500000000001,23.550000000000004,0,2,1,1,0.631578947368421,22,6,0.7952497114867856,0,0,0,0.8317857142857142,0,fda_894,O=C1c2cccc3c2[C@H](CCC3)CN1[C@@H]1CN2CCC1CC2,4.92502451,FDA,PALONOSETRON,S,1,0.9230265,0.7704671527326694,123.0
292.3140000000001,2.6911000000000014,66.16,0,4,5,3,0.1111111111111111,22,3,0.7248586740906383,0,0,0,0.5274285714285715,0,fda_554,O=C([O-])CCc1nc(-c2ccccc2)c(-c2ccccc2)o1,4.83206749,FDA,OXAPROZIN,S,1,0.9936945,0.7414296316804596,249.0
211.26799999999992,1.8039,37.81,1,3,0,2,0.3846153846153846,16,4,0.721762960406491,0,0,0,0.7299285714285715,0,fda_946,c1cnc2cc3c(cc2n1)[C@@H]1CNC[C@H]3C1,4.16373968,FDA,VARENICLINE,XS,1,0.8258775,0.6695617354679086,615.0
558.5630000000002,0.2940000000000011,193.73,6,10,5,1,0.4814814814814814,40,5,0.2161043359903892,2,1,0,0.0,0,fda_1920,CN(C)[C@@H]1C(O)=C(C(N)=O)C(=O)[C@@]2(O)C(O)=C3C(=O)c4c(O)c(NC(=O)CN5CCCC5)cc(F)c4C[C@H]3C[C@@H]12,4.71141958,FDA,ERAVACYCLINE,XL,0,0.035403498,0.2920194465591923,1952.0
184.49099999999996,2.3528,9.23,0,1,2,0,1.0,10,0,0.4728712952679373,0,0,0,0.9340714285714286,0,fda_447,FC(F)O[C@H](Cl)C(F)(F)F,3.29838395,FDA,ISOFLURANE,XS,-1,0.15613332,0.38598838325805457,1619.0
560.6930000000002,0.9221000000000046,205.84,6,9,23,0,0.8,39,0,0.0595799699294968,2,2,0,0.0,0,fda_368,CC(=O)N(O)CCCCCNC(=O)CCC(=O)N(O)CCCCCNC(=O)CCC(=O)N(O)CCCCCN,4.0449996,FDA,DEFEROXAMINE,XL,0,0.07086507,0.23031687892487177,2079.0
285.34299999999996,1.6303,49.77,1,4,0,1,0.5882352941176471,21,5,0.7869335307088955,0,0,0,0.6445,0,fda_568,CN1CC[C@]23c4c5ccc(O)c4O[C@H]2C(=O)CC[C@H]3[C@H]1C5,4.47693443,FDA,HYDROMORPHONE,S,-1,0.95318496,0.7315308242390332,309.0
351.463,2.0738,89.82000000000001,2,5,10,0,0.75,25,2,0.4644720502735788,0,0,0,0.3584285714285714,0,fda_732,CCCCC[C@H](O)/C=C/[C@@H]1[C@H]2C/C(=C/CCCC(=O)[O-])O[C@H]2C[C@H]1O,5.06297827,FDA,EPOPROSTENOL,M,-1,0.9793586,0.6823703351676546,559.0
388.3790000000002,-0.3686999999999991,125.87,1,9,5,2,0.4444444444444444,28,4,0.6927934149607258,0,0,0,0.1009285714285714,0,fda_827,CO/N=C1\CN(c2nc3c(cc2F)c(=O)c(C(=O)[O-])cn3C2CC2)C[C@@H]1CN,4.96975327,FDA,GEMIFLOXACIN,M,-1,0.52220845,0.5593990316108471,1041.0
372.5050000000002,4.266700000000004,60.440000000000005,0,4,3,0,0.782608695652174,27,4,0.6943873137939288,0,0,0,0.5682857142857143,0,fda_5,CC(=O)OCC(=O)[C@H]1CC[C@H]2[C@@H]3CCC4=CC(=O)CC[C@]4(C)[C@H]3CC[C@]12C,5.48502398,FDA,DESOXYCORTICOSTERONE ACETATE,M,1,0.9935813,0.7795942244982367,91.0
1625.9100000000003,-8.450499999999971,692.5600000000001,23,28,43,0,0.8070175438596491,106,1,0.0199113687142699,3,2,0,0.0,0,fda_977,CC[C@@H](C)CCCC(=O)N[C@@H](CCNCS(=O)(=O)O)C(=O)N[C@H](C(=O)N[C@@H](CCNCS(=O)(=O)O)C(=O)N[C@H]1CCNC(=O)[C@H]([C@@H](C)O)NC(=O)[C@H](CCNCS(=O)(=O)O)NC(=O)[C@H](CCNCS(=O)(=O)O)NC(=O)[C@H](CC(C)C)NC(=O)[C@@H](CC(C)C)NC(=O)[C@H](CCNCS(=O)(=O)O)NC1=O)[C@@H](C)O,5.62203407,FDA,COLISTIMETHATE,XL,-1,0.21254946,0.3619975851870292,1714.0
277.41100000000006,4.211400000000004,12.03,1,1,4,2,0.4,21,5,0.8254375445230729,0,0,0,0.9140714285714284,0,fda_432,CNCCC[C@]12CC[C@H](c3ccccc31)c1ccccc12,4.32737017,FDA,MAPROTILINE,S,-1,0.9227618,0.7478521146197341,218.0
194.274,3.2206000000000023,40.46,2,2,5,1,0.5,14,1,0.7064082483225956,0,0,0,0.7110000000000001,0,fda_298,CCCCCCc1ccc(O)cc1O,3.50459003,FDA,ACRISORCIN,XS,-1,0.7763575,0.6091534435581372,863.0
268.27299999999997,-2.708299999999996,98.82,2,6,3,0,0.6363636363636364,19,2,0.5400927830602834,0,0,0,0.2941428571428571,0,fda_697,C[C@@H](CN1CC(=O)NC(=O)C1)N1CC(=O)NC(=O)C1,3.08845592,FDA,DEXRAZOXANE,S,0,0.15766923,0.3229738515361782,1860.0
477.56500000000034,2.7160599999999997,112.87,2,7,6,3,0.3461538461538461,35,4,0.5683270046034609,0,0,0,0.1937857142857142,1,fda_2144,COc1cc2c(cc1OC)-c1c/c(=N\c3c(C)cc(C)cc3C)n(CCNC(N)=O)c(=O)n1CC2,6.22741175,FDA,ENSIFENTRINE,L,1,0.8301591,0.7136195478694156,409.0
265.35299999999995,1.9891,50.72,2,4,9,1,0.4666666666666667,19,1,0.6704564525308724,0,0,0,0.6377142857142857,0,fda_492,C=CCOc1ccccc1OC[C@@H](O)CNC(C)C,3.2925303,FDA,OXPRENOLOL,S,0,0.0053108875,0.3502625191007941,1749.0
238.287,1.3510999999999995,75.27000000000001,2,3,5,0,0.5833333333333334,17,1,0.5604883600608829,0,0,0,0.4623571428571428,0,fda_86,C=CCC1([C@H](C)CCC)C(=O)NC(=O)NC1=O,5.19929504,FDA,SECOBARBITAL,XS,1,0.9869925,0.7226505963746431,350.0
312.41300000000007,2.5349000000000004,40.620000000000005,0,2,1,1,0.5789473684210527,23,4,0.7993674496203519,0,0,0,0.7098571428571427,0,fda_536,O=C(C1CCCCC1)N1CC(=O)N2CCc3ccccc3[C@@H]2C1,5.67980814,FDA,PRAZIQUANTEL,S,1,0.9438908,0.8118344742769834,12.0
253.26900000000003,0.8334000000000001,129.62,3,7,1,3,0.0,19,3,0.5851791059173755,0,0,0,0.074142857142857,0,fda_322,Nc1nc(N)c2nc(-c3ccccc3)c(N)nc2n1,4.2437048,FDA,TRIAMTERENE,XS,1,0.9319978,0.6134264857790163,846.0
176.124,-1.4073999999999995,107.22,4,6,2,0,0.5,12,1,0.3850054008235984,0,0,0,0.2341428571428571,0,fda_42,O=C1O[C@H]([C@@H](O)CO)C(O)=C1O,2.76651359,FDA,ASCORBIC ACID,XS,0,0.014691508,0.22323880267653262,2088.0
443.63800000000026,3.4707000000000026,43.86000000000001,0,5,5,2,0.391304347826087,30,4,0.6041780809786208,0,0,1,0.6867142857142856,1,fda_376,CN1CCN(CC/C=C2/c3ccccc3Sc3ccc(S(=O)(=O)N(C)C)cc32)CC1,4.98203802,FDA,THIOTHIXENE,L,-1,0.6674562,0.5445853279259338,1098.0
357.4940000000002,3.342900000000002,49.77,1,4,7,1,0.5909090909090909,26,2,0.6005702926906202,0,0,0,0.6445000000000001,0,fda_427,CCN(CC)CC#CCOC(=O)[C@](O)(c1ccccc1)C1CCCCC1,5.42539215,FDA,OXYBUTYNIN,M,1,0.4961603,0.615554004543322,841.0
248.326,1.9055999999999995,57.279999999999994,3,3,6,2,0.4285714285714285,18,2,0.7315916457547719,0,0,0,0.590857142857143,0,fda_502,CC(C)NC[C@@H](O)COc1cccc2[nH]ccc12,3.08843112,FDA,PINDOLOL,XS,-1,0.008636973,0.3462338465638737,1764.0
628.8139999999999,4.328140000000003,120.0,4,5,15,3,0.4324324324324324,46,4,0.199874123748593,1,1,0,0.1428571428571429,1,fda_870,Cc1cccc(C)c1OCC(=O)N[C@@H](Cc1ccccc1)[C@@H](O)C[C@H](Cc1ccccc1)NC(=O)[C@H](C(C)C)N1CCCNC1=O,5.68978882,FDA,LOPINAVIR,XL,-1,0.36167634,0.4611860488802019,1335.0
297.423,4.630900000000003,21.26,1,3,6,3,0.2222222222222222,21,3,0.7159243797705694,0,0,0,0.8481428571428572,0,fda_898,CNCC[C@H](Oc1cccc2ccccc12)c1cccs1,3.76293111,FDA,DULOXETINE,S,-1,0.6145082,0.592124055425729,910.0
265.36,2.6949000000000014,27.63,1,3,5,2,0.2352941176470588,20,3,0.8998200956985529,0,0,0,0.8026428571428572,0,fda_544,c1ccc(CN(CC2=NCCN2)c2ccccc2)cc1,3.6026237,FDA,ANTAZOLINE,S,-1,0.3235283,0.5271879609617154,1152.0
240.30999999999997,2.8227,56.73,1,4,2,3,0.2857142857142857,18,3,0.7489707109733231,0,0,0,0.5947857142857143,0,fda_791,CC(C)Cn1cnc2c(N)nc3ccccc3c21,4.50424767,FDA,IMIQUIMOD,XS,1,0.89728224,0.703877890192222,456.0
234.29499999999996,2.8355000000000015,38.69,1,3,2,1,0.4285714285714285,17,2,0.8547782410682304,0,0,0,0.7236428571428571,0,fda_1885,CC(C)(C)[C@@H](O)/C=C/c1ccc2c(c1)OCO2,3.88244128,FDA,STIRIPENTOL,XS,-1,0.8251152,0.6779860103698048,580.0
469.9480000000004,5.1551000000000045,79.38000000000001,2,6,7,3,0.2916666666666667,33,4,0.4654453209405146,1,0,0,0.4329999999999999,1,fda_1924,COc1cc2ncnc(Nc3ccc(F)c(Cl)c3)c2cc1NC(=O)/C=C/CN1CCCCC1,5.41209364,FDA,DACOMITINIB,L,-1,0.87988037,0.6816761424419856,563.0
467.6500000000003,4.413800000000004,62.16,2,5,4,1,0.7931034482758621,34,8,0.686738022566705,0,0,0,0.556,0,fda_506,CO[C@]12CC[C@@]3(C[C@@H]1[C@](C)(O)C(C)(C)C)[C@H]1Cc4ccc(O)c5c4[C@@]3(CCN1CC1CC1)[C@H]2O5,5.50336885,FDA,BUPRENORPHINE,L,-1,0.8268317,0.7279405355841967,327.0
146.238,-1.916999999999998,76.1,4,4,7,0,1.0,10,0,0.3159259759712412,0,0,0,0.4564285714285715,0,fda_575,NCCNCCNCCN,2.86789799,FDA,TRIENTINE,XS,0,0.15262079,0.27927322629688955,1990.0
242.23099999999997,-1.5142799999999992,104.54999999999998,3,6,2,1,0.6,17,2,0.5842742137821719,0,0,0,0.2532142857142858,0,fda_951,Cc1cn([C@@H]2C[C@@H](O)[C@H](CO)O2)c(=O)[nH]c1=O,3.35675812,FDA,TELBIVUDINE,XS,-1,0.09761217,0.3262214159478073,1845.0
458.55000000000024,3.546000000000002,102.71,2,6,11,2,0.4615384615384615,33,2,0.5339288026419599,0,1,0,0.2663571428571428,1,fda_793,COCc1c(C(C)C)nc(C(C)C)c(/C=C/[C@@H](O)C[C@@H](O)CC(=O)[O-])c1-c1ccc(F)cc1,5.12032938,FDA,CERIVASTATIN,L,-1,0.8361555,0.6476251123531753,722.0
279.383,3.9624000000000033,12.47,0,2,3,2,0.2631578947368421,21,3,0.8428637069733037,0,0,0,0.9109285714285714,0,fda_388,CN(C)CC/C=C1/c2ccccc2COc2ccccc21,4.12251091,FDA,DOXEPIN,S,-1,0.72576547,0.6793095211182976,574.0
196.20199999999997,0.6436,52.60000000000001,0,4,0,0,0.8,14,3,0.4212459594629734,0,0,0,0.6242857142857142,0,fda_2087,C[C@@]12C(=O)OC(=O)[C@]1(C)[C@H]1CC[C@@H]2O1,3.59004807,FDA,CANTHARIDIN,XS,-1,0.8336741,0.5659067814557395,1017.0
460.9830000000001,4.267320000000003,82.36,2,6,8,2,0.3043478260869565,31,3,0.5747649132046131,0,0,0,0.4117142857142857,1,fda_2007,CCC/N=C1\S/C(=C/c2ccc(OC[C@H](O)CO)c(Cl)c2)C(=O)N1c1ccccc1C,5.02977085,FDA,PONESIMOD,L,-1,0.44290084,0.5467753256208232,1091.0
164.966,2.0293,9.23,0,1,2,0,1.0,8,0,0.5683931276423007,0,0,0,0.9340714285714286,0,fda_320,COC(F)(F)C(Cl)Cl,3.07437396,FDA,METHOXYFLURANE,XS,-1,0.07037219,0.3655705373402515,1687.0
392.41100000000023,2.3476,101.65000000000002,2,7,2,3,0.3181818181818182,29,5,0.5079598280970853,0,0,0,0.2739285714285713,0,fda_1992,CCc1c2c(nc3ccc(O)cc13)-c1cc3c(c(=O)n1C2)COC(=O)[C@]3(O)CC,4.8320365,FDA,SN38,L,-1,0.97163695,0.6660806763487644,633.0
359.665,6.037300000000002,37.91,1,3,3,3,0.0714285714285714,21,3,0.5794661724334339,1,0,0,0.7292142857142858,0,fda_1890,CSc1nc2cc(Cl)c(Oc3cccc(Cl)c3Cl)cc2[nH]1,5.56640005,FDA,TRICLABENDAZOLE,M,1,0.9646915,0.7690468179715579,131.0
200.05299999999997,2.4232000000000005,9.23,0,1,2,0,1.0,12,0,0.6216574973922095,0,0,0,0.9340714285714286,0,fda_738,FCOC(C(F)(F)F)C(F)(F)F,3.16174054,FDA,SEVOFLURANE,XS,-1,0.12658007,0.3984655526736058,1570.0
592.7620000000001,6.539440000000007,114.1,1,7,12,3,0.46875,42,5,0.2554754512604677,2,1,0,0.1849999999999999,1,fda_2072,CCCCC1=NC2(CCCC2)C(=O)N1Cc1ccc(-c2ccccc2S(=O)(=O)Nc2noc(C)c2C)c(COCC)c1,5.96400833,FDA,SPARSENTAN,XL,-1,0.90881765,0.6575486172898379,678.0
161.20099999999996,-1.8064999999999984,60.36,1,3,4,0,0.8571428571428571,11,0,0.4944861326467559,0,0,0,0.5688571428571428,0,fda_562,C[N+](C)(C)C[C@H](O)CC(=O)[O-],3.32736778,FDA,LEVOCARNITINE,XS,-1,0.03462073,0.3191208825792189,1867.0
263.3809999999999,2.6346000000000007,32.7,1,3,4,1,0.625,19,2,0.9061758690933456,0,0,0,0.7664285714285715,0,fda_714,COc1cccc([C@]2(O)CCCC[C@@H]2CN(C)C)c1,3.94460416,FDA,TRAMADOL,S,-1,0.6435952,0.6419159177383574,747.0
391.39800000000014,0.7468999999999997,103.42,2,7,3,2,0.4736842105263157,28,4,0.7486698204132052,0,0,0,0.2612857142857143,0,fda_779,C[C@@H]1CN(c2c(F)c(N)c3c(=O)c(C(=O)[O-])cn(C4CC4)c3c2F)C[C@H](C)N1,5.53911066,FDA,SPARFLOXACIN,L,-1,0.91015565,0.7380535309412828,275.0
466.3540000000002,-0.5549000000000004,179.37,1,11,8,4,0.1304347826086956,34,4,0.3517687344392013,1,1,0,0.0,1,fda_401,O=C([O-])c1cc(=O)c2c(OCC(O)COc3cccc4oc(C(=O)[O-])cc(=O)c34)cccc2o1,4.44018316,FDA,CROMOLYN,L,-1,0.2605239,0.3699865136374231,1669.0
329.3710000000001,3.326500000000002,39.72,1,4,4,2,0.3684210526315789,24,4,0.9339413767145556,0,0,0,0.7162857142857143,0,fda_666,Fc1ccc([C@@H]2CCNC[C@H]2COc2ccc3c(c2)OCO3)cc1,4.88633776,FDA,PAROXETINE,M,-1,0.8056519,0.7490609026107893,213.0
263.38399999999996,3.826400000000003,12.03,1,1,3,2,0.2631578947368421,20,3,0.8299677542138636,0,0,1,0.9140714285714284,0,fda_341,CNCCC=C1c2ccccc2CCc2ccccc21,4.0435853,FDA,NORTRIPTYLINE,S,-1,0.7828085,0.5892975219062455,923.0
428.9240000000002,2.1489000000000003,120.16,4,6,6,3,0.3809523809523809,30,4,0.4771433854195004,0,0,0,0.1417142857142858,1,fda_2109,NC1(C(=O)N[C@@H](CCO)c2ccc(Cl)cc2)CCN(c2ncnc3[nH]ccc23)CC1,4.94924402,FDA,CAPIVASERTIB,L,-1,0.6085315,0.5449816051599535,1096.0
393.5060000000001,3.916500000000003,26.79,0,4,5,2,0.4583333333333333,29,5,0.7198069073904806,0,0,0,0.8086428571428571,0,fda_1933,CN1CCN2c3c(cccc31)[C@@H]1CN(CCCC(=O)c3ccc(F)cc3)CC[C@@H]12,5.13787127,FDA,LUMATEPERONE,L,-1,0.66579056,0.6890000044444686,533.0
371.524,5.9961000000000055,12.47,0,2,8,3,0.2307692307692307,28,3,0.4505726789966775,1,0,0,0.9109285714285714,0,fda_473,CC/C(=C(\c1ccccc1)c1ccc(OCCN(C)C)cc1)c1ccccc1,4.74702978,FDA,TAMOXIFEN,M,-1,0.593413,0.5996015979884248,892.0
315.3690000000001,1.0481999999999998,59.00000000000001,1,5,1,1,0.6111111111111112,23,5,0.839282607029206,0,0,0,0.5785714285714285,0,fda_85,COc1ccc2c3c1O[C@H]1C(=O)CC[C@@]4(O)[C@@H](C2)N(C)CC[C@]314,4.43697548,FDA,OXYCODONE,S,-1,0.72406846,0.6642122847940329,639.0
300.3980000000001,3.5899000000000028,43.370000000000005,0,3,0,0,0.6842105263157895,22,4,0.6421056110726256,0,0,0,0.6902142857142857,0,fda_363,C[C@]12C=CC(=O)C=C1CC[C@@H]1[C@@H]2CC[C@]2(C)OC(=O)CC[C@@H]12,5.67837381,FDA,TESTOLACTONE,S,1,0.9987897,0.7947991862866558,45.0
376.4680000000002,2.7808000000000015,74.6,2,4,2,0,0.7272727272727273,27,4,0.7771649436279087,0,0,0,0.4671428571428572,0,fda_462,C[C@@H]1C[C@H]2[C@@H]3CCC4=CC(=O)C=C[C@]4(C)[C@@]3(F)[C@@H](O)C[C@]2(C)[C@H]1C(=O)CO,6.27066278,FDA,DESOXIMETASONE,M,1,0.99854255,0.8359011609431783,2.0
354.4900000000001,5.645560000000007,35.53,0,3,7,1,0.3478260869565217,26,1,0.3607017438834293,1,0,0,0.7462142857142857,0,fda_590,CCOC(=O)/C=C(C)/C=C/C=C(C)/C=C/c1c(C)cc(OC)c(C)c1C,5.21620178,FDA,ETRETINATE,M,-1,0.8789566,0.6797092837064584,571.0
350.345,0.4611999999999996,77.4,1,6,3,2,0.4117647058823529,25,3,0.8703616805410703,0,0,0,0.447142857142857,0,fda_665,CCn1cc(C(=O)[O-])c(=O)c2cc(F)c(N3CCN[C@H](C)C3)c(F)c21,5.9436183,FDA,LOMEFLOXACIN,M,1,0.93810266,0.8142701072741602,10.0
312.4170000000001,2.3183999999999996,50.16,1,4,2,2,0.5555555555555556,23,4,0.9256729590726124,0,0,0,0.6417142857142857,0,fda_705,CN1[C@@H]2CCC[C@H]1C[C@@H](NC(=O)c1nn(C)c3ccccc13)C2,4.27807236,FDA,GRANISETRON,S,-1,0.4687756,0.6014320019730726,888.0
1029.2779999999996,9.029000000000003,144.9,0,14,28,4,0.5172413793103449,74,6,0.0230912398641023,3,2,0,0.0,1,fda_679,COc1cc2c(cc1OC)[C@@H](Cc1cc(OC)c(OC)c(OC)c1)[N@+](C)(CCCOC(=O)CC/C=C/CCC(=O)OCCC[N@+]1(C)CCc3cc(OC)c(OC)cc3[C@H]1Cc1cc(OC)c(OC)c(OC)c1)CC2,6.02160406,FDA,MIVACURIUM,XL,-1,0.95850646,0.6110249941667805,857.0
295.8539999999999,4.165200000000003,12.47,0,2,8,1,0.6470588235294118,20,2,0.6676423821298553,0,0,0,0.9109285714285714,0,fda_1942,Clc1ccc(CCCOCCCN2CCCCC2)cc1,3.93507886,FDA,PITOLISANT,S,-1,0.05014098,0.4300363978350749,1455.0
284.35699999999997,0.8607999999999998,77.51,0,4,7,1,0.4615384615384615,19,1,0.7437635043017546,0,0,0,0.4463571428571428,0,fda_96,CCCN(CCC)S(=O)(=O)c1ccc(C(=O)[O-])cc1,3.31553459,FDA,PROBENECID,S,0,0.42638728,0.47352767194432316,1306.0
421.49700000000007,4.549300000000003,90.9,3,5,8,3,0.25,31,3,0.3666741867033796,0,0,0,0.3507142857142856,1,fda_2107,CCN(CC)Cc1ccc2cc(COC(=O)Nc3ccc(C(=O)NO)cc3)ccc2c1,4.75404358,FDA,GIVINOSTAT,L,-1,0.49403524,0.49741904052821584,1236.0
205.301,2.599600000000001,20.31,0,2,5,1,0.4615384615384615,15,1,0.6885993839924636,0,0,0,0.8549285714285714,0,fda_246,CCN(CC)[C@@H](C)C(=O)c1ccccc1,3.1550796,FDA,DIETHYLPROPION,XS,-1,0.1830752,0.420478023101419,1490.0
427.36800000000017,3.411500000000002,74.6,2,4,2,0,0.7272727272727273,28,4,0.662817209517144,0,0,0,0.4671428571428572,0,fda_605,C[C@@H]1C[C@H]2[C@@H]3CCC4=CC(=O)C=C[C@]4(C)[C@@]3(Cl)[C@@H](O)C[C@]2(C)[C@@]1(O)C(=O)CCl,5.38094282,FDA,MOMETASONE,L,-1,0.99838746,0.7581987747601179,173.0
720.9620000000001,5.905200000000005,145.77999999999997,4,9,17,4,0.4324324324324324,50,4,0.1062404658591032,2,2,0,0.0,1,fda_774,CC(C)c1nc(CN(C)C(=O)N[C@H](C(=O)N[C@@H](Cc2ccccc2)C[C@H](O)[C@H](Cc2ccccc2)NC(=O)OCc2cncs2)C(C)C)cs1,5.87436056,FDA,RITONAVIR,XL,-1,0.8222151,0.5777006205693673,971.0
280.415,3.875000000000002,6.48,0,2,4,2,0.3684210526315789,21,3,0.8384623265941307,0,0,0,0.9537142857142856,0,fda_258,CN(C)CCCN1c2ccccc2CCc2ccccc21,4.10155153,FDA,IMIPRAMINE,S,-1,0.5968804,0.6427516818112787,742.0
400.43000000000023,1.0358,86.63,1,7,4,2,0.5238095238095238,29,5,0.8253155684325444,0,0,0,0.3812142857142857,1,fda_854,COc1c(N2C[C@@H]3CCCN[C@@H]3C2)c(F)cc2c(=O)c(C(=O)[O-])cn(C3CC3)c12,5.34965134,FDA,MOXIFLOXACIN,L,-1,0.9455025,0.7643132480707222,149.0
414.58600000000024,5.292900000000006,60.440000000000005,0,4,3,0,0.8076923076923077,30,4,0.5885932991379204,1,0,0,0.5682857142857143,0,fda_6,CC(C)(C)C(=O)OCC(=O)[C@H]1CC[C@H]2[C@@H]3CCC4=CC(=O)CC[C@]4(C)[C@H]3CC[C@]12C,5.9616313,FDA,DESOXYCORTICOSTERONE PIVALATE,L,1,0.9950401,0.7882211347346729,64.0
201.254,2.6864,41.57,1,3,1,3,0.0,14,3,0.6572828314318542,0,0,0,0.7030714285714286,0,fda_361,c1ccc2[nH]c(-c3cscn3)nc2c1,3.51727176,FDA,THIABENDAZOLE,XS,-1,0.9402097,0.6484720738050714,711.0
310.8280000000001,4.018900000000002,24.92,1,2,0,2,0.3157894736842105,22,4,0.7947531162646359,0,0,0,0.822,0,fda_865,Clc1ccc2c(c1)CCc1cccnc1C2=C1CCNCC1,5.4936676,FDA,DESLORATADINE,S,1,0.8186055,0.7730783242929449,109.0
295.379,1.5298999999999996,67.79,2,5,9,1,0.5625,21,1,0.6762987306145708,0,0,0,0.5157857142857143,0,fda_593,COC(=O)CCc1ccc(OC[C@@H](O)CNC(C)C)cc1,3.38152432,FDA,ESMOLOL,S,0,0.0053186943,0.34472044758432624,1770.0
309.45300000000003,4.292000000000004,20.31,0,2,7,2,0.3809523809523809,23,2,0.7601212787758543,0,0,0,0.8549285714285714,0,fda_50,CCC(=O)C(C[C@@H](C)N(C)C)(c1ccccc1)c1ccccc1,5.04280901,FDA,METHADONE,S,1,0.8985799,0.7656746081826673,141.0
163.173,-2.9667999999999988,92.95,5,5,1,0,1.0,11,1,0.2845532670772798,0,0,0,0.3360714285714286,0,fda_1888,OC[C@H]1NC[C@H](O)[C@@H](O)[C@H]1O,2.53449273,FDA,MIGALASTAT,XS,0,0.10901619,0.22735147960136526,2082.0
241.266,2.3323,49.36,0,3,4,2,0.1333333333333333,18,2,0.8250239696136488,0,0,0,0.6474285714285715,0,fda_436,C[C@H](C(=O)[O-])c1cccc(Oc2ccccc2)c1,4.25902796,FDA,FENOPROFEN,XS,1,0.92925376,0.7188443849715773,373.0
152.12900000000002,-0.6621000000000001,86.38000000000001,2,4,1,1,0.0,11,1,0.5226981672670166,0,0,0,0.3829999999999999,0,fda_76,Nc1ccc(C(=O)[O-])c(O)c1,4.43743229,FDA,AMINOSALICYLIC ACID,XS,1,0.60201025,0.5447489251235622,1097.0
314.4980000000001,4.271100000000003,19.03,1,2,4,2,0.5789473684210527,22,4,0.9085285470025662,0,0,0,0.8640714285714286,0,fda_592,CCCN1C[C@H](CSC)C[C@@H]2c3cccc4[nH]cc(c34)C[C@H]21,5.205235,FDA,PERGOLIDE,S,1,0.8920185,0.804303644971482,27.0
328.4120000000001,2.1353999999999997,95.57999999999998,4,4,8,2,0.3157894736842105,24,2,0.5968389616111595,0,0,0,0.3172857142857144,0,fda_535,C[C@H](CCc1ccccc1)NC[C@H](O)c1ccc(O)c(C(N)=O)c1,3.77233624,FDA,LABETALOL,M,0,0.017115405,0.3365825467465472,1804.0
1025.1819999999996,-3.5937000000000214,381.0399999999999,13,11,17,4,0.46,74,5,0.0276794033439763,3,2,0,0.0,1,fda_1940,CCCC[C@H](NC(C)=O)C(=O)N[C@H]1CC(=O)NCCCC[C@H](C(=O)[O-])NC(=O)[C@H](Cc2c[nH]c3ccccc23)NC(=O)[C@H](CCCNC(N)=[NH2+])NC(=O)[C@H](Cc2ccccc2)NC(=O)[C@H](Cc2cnc[nH]2)NC1=O,4.65325356,FDA,BREMELANOTIDE,XL,0,0.622251,0.42680701471937565,1473.0
109.132,0.2460000000000001,64.92999999999999,2,3,0,1,0.0,8,1,0.5014053270919594,0,0,0,0.5362142857142858,0,fda_1887,Nc1ccncc1N,2.84217525,FDA,AMIFAMPRIDINE,XS,0,0.21120091,0.3403377724959161,1786.0
465.5170000000001,3.3126000000000015,118.51,2,7,4,4,0.1923076923076923,35,5,0.4465512202139589,0,0,0,0.1535,1,fda_1880,CC#CC(=O)N1CCC[C@H]1c1nc(-c2ccc(C(=O)Nc3ccccn3)cc2)c2c(N)nccn12,5.3621788,FDA,ACALABRUTINIB,L,-1,0.97624093,0.6757818777101506,590.0
341.4510000000001,3.2414000000000023,58.559999999999995,2,4,11,2,0.3809523809523809,25,2,0.4865357366381187,0,1,0,0.5817142857142857,0,fda_573,CCCNC[C@H](O)COc1ccccc1C(=O)CCc1ccccc1,3.5839386,FDA,PROPAFENONE,M,0,0.020819688,0.3304750759446106,1827.0
388.4200000000001,3.201800000000002,107.77,1,7,6,1,0.4,28,2,0.4527860366395833,0,0,0,0.2302142857142856,0,fda_720,COC(=O)C1=C(C)NC(C)=C(C(=O)OCC(C)C)[C@@H]1c1ccccc1[N+](=O)[O-],4.05171728,FDA,NISOLDIPINE,M,0,0.098158106,0.3405810862028688,1785.0
454.8700000000003,5.6381200000000025,107.74,2,7,6,4,0.1363636363636363,32,4,0.3878703691582941,1,0,0,0.2304285714285713,1,fda_1998,COc1cc2nccc(Oc3ccc(NC(=O)Nc4cc(C)on4)c(Cl)c3)c2cc1OC,5.53944159,FDA,TIVOZANIB,L,-1,0.93089765,0.6690509097983445,617.0
360.837,4.680000000000004,52.6,0,4,6,2,0.3,25,2,0.5540618915195044,0,0,0,0.6242857142857143,0,fda_584,CC(C)OC(=O)C(C)(C)Oc1ccc(C(=O)c2ccc(Cl)cc2)cc1,4.83714056,FDA,FENOFIBRATE,M,-1,0.48163906,0.5636517221728998,1022.0
430.5410000000002,2.7168000000000014,93.06,2,6,4,0,0.76,31,5,0.7124527920741569,0,0,0,0.3352857142857143,0,fda_703,CCC[C@H]1O[C@@H]2C[C@H]3[C@@H]4CCC5=CC(=O)C=C[C@]5(C)[C@H]4[C@@H](O)C[C@]3(C)[C@]2(C(=O)CO)O1,5.57903814,FDA,BUDESONIDE,L,-1,0.9987344,0.7672423693308078,134.0
452.5980000000001,5.483280000000006,53.33,0,4,8,3,0.3333333333333333,34,4,0.4246207896160024,1,0,0,0.6190714285714286,1,fda_297,CCOC(=O)C1(c2ccccc2)CCN(CCC(C#N)(c2ccccc2)c2ccccc2)CC1,5.61976242,FDA,DIPHENOXYLATE,L,-1,0.8926366,0.7087328933752299,425.0
242.702,3.060500000000001,35.53,0,3,4,1,0.4166666666666667,16,1,0.761604620096077,0,0,0,0.7462142857142857,0,fda_362,CCOC(=O)C(C)(C)Oc1ccc(Cl)cc1,4.28367567,FDA,CLOFIBRATE,XS,1,0.63288426,0.6286459715183522,791.0
296.20099999999996,-0.8039000000000001,104.55,3,6,2,1,0.6,20,2,0.6622919739385444,0,0,0,0.2532142857142856,0,fda_503,O=c1[nH]c(=O)n([C@H]2C[C@H](O)[C@@H](CO)O2)cc1C(F)(F)F,3.64334559,FDA,TRIFLURIDINE,S,-1,0.2145001,0.3945385541476883,1582.0
229.23500000000004,2.1936,72.55000000000001,2,4,2,2,0.0,17,2,0.4700844073028581,0,0,0,0.4817857142857141,0,fda_78,Nc1ccc(C(=O)Oc2ccccc2)c(O)c1,3.77615166,FDA,PHENYL AMINOSALICYLATE,XS,-1,0.54372,0.48589796454748657,1271.0
287.4060000000001,4.697900000000004,3.24,0,1,0,2,0.238095238095238,22,4,0.5791645622326819,0,0,0,0.9768571428571428,0,fda_303,CN1CCC(=C2c3ccccc3C=Cc3ccccc32)CC1,4.4575038,FDA,CYPROHEPTADINE,S,-1,0.6922151,0.6437253099958307,738.0
386.53200000000027,4.655200000000004,60.440000000000005,0,4,2,0,0.7916666666666666,28,4,0.6479725905950843,0,0,0,0.5682857142857143,0,fda_260,CC(=O)O[C@]1(C(C)=O)CC[C@H]2[C@@H]3C[C@H](C)C4=CC(=O)CC[C@]4(C)[C@H]3CC[C@@]21C,6.08828497,FDA,MEDROXYPROGESTERONE ACETATE,M,1,0.9964104,0.8083070438481113,19.0
254.26499999999996,0.9562999999999996,62.129999999999995,0,4,3,2,0.2,19,3,0.7662225215846434,0,0,0,0.5562142857142858,0,fda_617,O=C(c1ccccc1)c1ccc2n1CC[C@H]2C(=O)[O-],3.48551154,FDA,KETOROLAC,S,0,0.83497226,0.622047358109131,815.0
540.0210000000002,3.908400000000002,140.13,3,9,9,3,0.3636363636363636,36,3,0.3715984220442472,1,1,0,0.0,1,fda_1905,COC(=O)N[C@@H](C)CNc1nccc(-c2cn(C(C)C)nc2-c2cc(Cl)cc(NS(C)(=O)=O)c2F)n1,5.54770851,FDA,ENCORAFENIB,XL,-1,0.09613086,0.3928326681504113,1588.0
255.2259999999999,-0.592200000000001,89.98000000000002,0,6,5,0,0.4545454545454545,18,1,0.3702501101980568,0,0,0,0.3572857142857142,0,fda_1952,COC(=O)/C=C/C(=O)OCCN1C(=O)CCC1=O,3.4970665,FDA,DIROXIMEL,S,0,0.04323302,0.2861497666030458,1967.0
423.48900000000026,1.2383999999999993,98.77,1,6,9,2,0.375,31,3,0.6095604955890174,0,0,0,0.2944999999999999,1,fda_643,CCOC(=O)[C@H](CCc1ccccc1)N[C@H]1CCc2ccccc2N(CC(=O)[O-])C1=O,5.17924643,FDA,BENAZEPRIL,L,-1,0.82457846,0.6657205709146056,635.0
309.45300000000003,4.188600000000004,23.47,1,2,6,2,0.4285714285714285,23,3,0.8646915663127632,0,0,0,0.8323571428571429,0,fda_355,OC(CCCN1CCCCC1)(c1ccccc1)c1ccccc1,3.98665118,FDA,DIPHENIDOL,S,-1,0.1919647,0.5073118794030386,1213.0
439.3880000000002,-2.714199999999998,218.93999999999997,4,11,9,3,0.2105263157894736,32,3,0.2682562553337798,1,1,0,0.0,1,fda_33,Nc1nc(=O)c2nc(CNc3ccc(C(=O)N[C@@H](CCC(=O)[O-])C(=O)[O-])cc3)cnc2[nH]1,5.64690161,FDA,FOLIC ACID,L,1,0.39153945,0.4668948293784563,1318.0
303.20899999999995,2.0431999999999997,43.37,0,3,9,1,0.5,19,1,0.6557764827441045,0,0,1,0.6902142857142857,0,fda_199,O=C([O-])CCCc1ccc(N(CCCl)CCCl)cc1,4.09892654,FDA,CHLORAMBUCIL,S,-1,0.42894465,0.4293221522494833,1458.0
331.305,-5.120199999999996,203.55,6,8,6,0,0.5833333333333334,23,1,0.2029603390289559,1,1,0,0.0,0,fda_844,CC(=O)N[C@H]1[C@H]([C@H](O)[C@H](O)CO)OC(C(=O)[O-])=C[C@@H]1N=C(N)N,3.1032474,FDA,ZANAMIVIR,M,0,0.008993139,0.18244106324641998,2113.0
240.35,3.1652000000000013,16.130000000000003,0,2,5,2,0.3125,18,2,0.7977462845021502,0,0,0,0.8847857142857143,0,fda_667,CN(C)CC[C@@H](c1ccccc1)c1ccccn1,3.72244525,FDA,PHENIRAMINE,XS,-1,0.051500507,0.44075740297487076,1408.0
286.718,2.4479,61.69,2,3,1,2,0.0666666666666666,20,3,0.8457292457729301,0,0,0,0.5593571428571429,0,fda_349,O=C1Nc2ccc(Cl)cc2C(c2ccccc2)=N[C@H]1O,4.33023214,FDA,OXAZEPAM,S,-1,0.8736915,0.7018941623657877,469.0
399.62900000000013,5.0388000000000055,9.72,0,5,6,2,0.4545454545454545,27,4,0.6278219543332592,1,0,0,0.9305714285714286,0,fda_311,CCSc1ccc2c(c1)N(CCCN1CCN(C)CC1)c1ccccc1S2,4.52122641,FDA,THIETHYLPERAZINE,L,-1,0.6045495,0.6264523960936301,801.0
465.5280000000002,1.2958000000000012,137.26000000000002,2,9,7,1,0.5238095238095238,32,3,0.3465790612399167,0,0,0,0.0195714285714284,0,fda_972,CCOC(=O)O[C@@H](C)OC(=O)[C@@H]1N2C(=O)[C@@H](NC(=O)[C@H](N)c3ccccc3)[C@H]2SC1(C)C,4.15328646,FDA,BACAMPICILLIN,L,0,0.008891528,0.2777497601087568,1995.0
572.8750000000001,6.110500000000007,52.6,0,4,4,0,0.9428571428571428,41,6,0.3013327984236265,2,0,0,0.6242857142857143,0,fda_405,CC(=O)O[C@H]1C[C@@H]2CC[C@@H]3[C@H](CC[C@@]4(C)[C@H]3C[C@H]([N+]3(C)CCCCC3)[C@@H]4OC(C)=O)[C@@]2(C)C[C@@H]1[N+]1(C)CCCCC1,5.59231806,FDA,PANCURONIUM,XL,-1,0.99044144,0.7122482108386315,414.0
384.6480000000002,7.619000000000008,20.23,1,1,6,0,0.7777777777777778,28,3,0.499104026994848,1,0,0,0.8555,0,fda_824,C=C1CC[C@@H](O)C/C1=C/C=C1\CCC[C@]2(C)[C@@H]([C@H](C)CCCC(C)C)CC[C@@H]12,6.06267786,FDA,CHOLECALCIFEROL,M,1,0.9967558,0.8057815724421572,24.0
367.5060000000001,2.0983000000000005,100.82,3,5,12,0,0.7619047619047619,26,1,0.3621742407294253,0,1,0,0.2798571428571428,0,fda_475,CCCCC[C@@](C)(O)/C=C/[C@@H]1[C@@H](C/C=C\CCCC(=O)[O-])[C@@H](O)C[C@H]1O,5.56158829,FDA,CARBOPROST,M,1,0.95979565,0.6788876755724508,575.0
292.14000000000004,1.7634,62.2,2,5,1,2,0.1818181818181818,17,3,0.8405283183567286,0,0,0,0.5557142857142857,0,fda_741,Brc1c(NC2=NCCN2)ccc2nccnc12,4.13612223,FDA,BRIMONIDINE,S,-1,0.51208544,0.5800551538697232,959.0
571.5580000000001,3.391200000000002,99.54,0,10,4,3,0.2962962962962963,40,6,0.3447647571414497,1,0,0,0.289,1,fda_1913,COC(=O)OCOc1c2n(ccc1=O)N([C@@H]1c3ccccc3SCc3c1ccc(F)c3F)[C@@H]1COCCN1C2=O,4.55401564,FDA,BALOXAVIR MARBOXIL,XL,0,0.17552492,0.378995490838337,1639.0
352.7700000000001,2.8103000000000007,71.06,0,6,3,1,0.4117647058823529,24,3,0.8326610784751867,0,0,0,0.4924285714285714,0,fda_970,COC1=CC(=O)C[C@@H](C)[C@]12Oc1c(Cl)c(OC)cc(OC)c1C2=O,4.20169878,FDA,GRISEOFULVIN,M,-1,0.9335294,0.7026243377233272,464.0
576.6790000000004,4.8289000000000035,126.39,3,10,9,5,0.3448275862068966,41,6,0.2278686173368841,1,0,0,0.0972142857142857,1,fda_2099,CC(C)(CO)c1cc(NC(=O)Nc2ccc(-c3cn4c(n3)sc3cc(OCCN5CCOCC5)ccc34)cc2)no1,6.31376982,FDA,M QUIZARTINIB,XL,1,0.52473545,0.5495612954668107,1075.0
1270.2910000000004,-3.9019999999999966,510.14,16,23,18,4,0.4821428571428571,89,7,0.0334396661706397,3,2,0,0.0,1,fda_912,CCCCCOc1ccc(-c2cc(-c3ccc(C(=O)N[C@H]4C[C@@H](O)[C@@H](O)NC(=O)[C@@H]5[C@@H](O)[C@@H](C)CN5C(=O)[C@H]([C@H](O)CC(N)=O)NC(=O)[C@H]([C@H](O)[C@@H](O)c5ccc(O)c(OS(=O)(=O)O)c5)NC(=O)[C@@H]5C[C@@H](O)CN5C(=O)[C@H]([C@@H](C)O)NC4=O)cc3)no2)cc1,5.39892769,FDA,MICAFUNGIN,XL,-1,0.61623335,0.4720701793925366,1310.0
258.32399999999996,1.3424,82.28,1,5,3,2,0.2222222222222222,16,2,0.9002834195387214,0,0,0,0.4122857142857142,0,fda_217,CCOc1ccc2nc(S(N)(=O)=O)sc2c1,4.03704548,FDA,ETHOXZOLAMIDE,S,-1,0.5726964,0.5897457553280823,919.0
450.4650000000002,2.884500000000002,83.48,1,7,5,2,0.5238095238095238,32,4,0.7500668161155857,0,0,0,0.4037142857142857,1,fda_2082,CCC(=O)N1CC[C@H](Nc2ncnc3c2CN(c2cnc(OC)c(C(F)(F)F)c2)CC3)C1,5.68459702,FDA,LENIOLISIB,L,1,0.7806633,0.7226867062788154,348.0
231.26099999999997,3.2459000000000024,12.03,1,1,4,1,0.5,16,1,0.8383597745599246,0,0,0,0.9140714285714284,0,fda_1957,CCN[C@H](C)Cc1cccc(C(F)(F)F)c1,3.17509294,FDA,FENFLURAMINE,XS,-1,0.31338528,0.496669777839252,1240.0
301.3940000000001,2.8145700000000007,85.29,4,3,7,2,0.375,22,2,0.2744576423451118,0,0,0,0.3907857142857143,0,fda_868,[H]/N=C(\NCCCCC)N/N=C/c1c[nH]c2ccc(OC)cc12,4.10594749,FDA,TEGASEROD,S,-1,0.21197112,0.35845579187691967,1729.0
198.21799999999996,0.4272000000000001,58.92,2,4,5,1,0.4,14,1,0.7198499687675642,0,0,0,0.5791428571428572,0,fda_848,COc1ccccc1OC[C@H](O)CO,3.75222659,FDA,GUAIFENESIN,XS,-1,0.020516593,0.3871525263702412,1612.0
358.39300000000014,0.9455199999999992,77.4,1,6,3,2,0.4736842105263157,26,4,0.8838535055660096,0,0,0,0.447142857142857,0,fda_784,Cc1c(F)c(N2CCN[C@@H](C)C2)cc2c1c(=O)c(C(=O)[O-])cn2C1CC1,4.89221048,FDA,GREPAFLOXACIN,M,-1,0.9547314,0.7572145059249163,177.0
392.4320000000002,-0.075099999999999,126.92,1,6,5,0,0.7368421052631579,28,3,0.6524153404385062,0,0,0,0.0934285714285715,0,fda_2076,O=C([O-])CNC(=O)C1C(=O)N(C2CCCCC2)C(=O)N(C2CCCCC2)C1=O,4.35785246,FDA,DAPRODUSTAT,L,0,0.13943946,0.39806367973158835,1571.0
235.331,1.3403999999999996,58.36,2,3,6,1,0.4615384615384615,17,1,0.7315396930195435,0,0,0,0.5831428571428572,0,fda_83,CCN(CC)CCNC(=O)c1ccc(N)cc1,3.11275768,FDA,PROCAINAMIDE,XS,-1,0.06388159,0.36352337140398766,1703.0
430.7170000000003,8.840260000000002,29.46,1,2,12,1,0.7931034482758621,31,2,0.3586439444789777,1,1,0,0.7895714285714286,0,fda_48,Cc1c(C)c2c(c(C)c1O)CC[C@@](C)(CCC[C@H](C)CCC[C@H](C)CCCC(C)C)O2,5.67899513,FDA,ALPHA-TOCOPHEROL,L,1,0.9900123,0.7454475824983886,231.0
177.247,1.736,21.26,1,2,1,1,0.4545454545454545,13,2,0.705114488465338,0,0,0,0.8481428571428572,0,fda_189,C[C@H]1NCCO[C@@H]1c1ccccc1,2.94777608,FDA,PHENMETRAZINE,XS,0,0.045158904,0.3689624461363017,1673.0
389.45900000000034,2.975200000000001,86.66,1,5,11,0,0.9,27,2,0.5491490970247401,0,1,0,0.381,0,fda_944,CCCCC(F)(F)[C@@]1(O)CC[C@H]2[C@@H](CC(=O)[C@@H]2CCCCCCC(=O)[O-])O1,5.79233027,FDA,LUBIPROSTONE,M,1,0.9969921,0.7517642829127807,200.0
239.315,1.9077999999999995,72.72,4,4,5,1,0.5384615384615384,17,1,0.5922201213727966,0,0,1,0.4805714285714285,0,fda_287,CC[C@H](NC(C)C)[C@@H](O)c1ccc(O)c(O)c1,3.36017609,FDA,ISOETHARINE,XS,-1,0.019546371,0.22733703960328533,2083.0
391.57200000000023,3.1432,80.59,2,4,4,0,0.9583333333333334,28,4,0.7713900292451946,0,0,0,0.4243571428571429,0,fda_513,C[C@H](CCC(=O)[O-])[C@H]1CC[C@H]2[C@@H]3[C@H](O)C[C@@H]4C[C@H](O)CC[C@]4(C)[C@H]3CC[C@]12C,5.59990501,FDA,CHENODIOL,L,-1,0.9994437,0.7894346682075342,60.0
277.4079999999999,3.0356000000000014,32.7,1,3,5,1,0.6470588235294118,20,2,0.8976823731418612,0,0,0,0.7664285714285715,0,fda_685,COc1ccc([C@@H](CN(C)C)C2(O)CCCCC2)cc1,4.47355413,FDA,VENLAFAXINE,S,-1,0.59211564,0.6573445134649443,679.0
349.31600000000003,2.1769,76.72,1,6,5,3,0.25,25,3,0.7639757614487599,0,0,0,0.4519999999999999,0,fda_874,C[C@@H](c1ncncc1F)[C@](O)(Cn1cncn1)c1ccc(F)cc1F,5.38633871,FDA,VORICONAZOLE,M,1,0.9871258,0.773869951869347,107.0
359.47400000000016,1.5539999999999996,69.64000000000001,0,6,6,1,0.6842105263157895,26,3,0.5670068538462075,0,0,0,0.5025714285714284,0,fda_2084,CC1(C)CC(=O)N(CCCCN2CCN(c3ncccn3)CC2)C(=O)C1,5.07533503,FDA,GEPIRONE,M,-1,0.6512526,0.6196206784153458,822.0
167.20799999999997,0.645,52.489999999999995,3,3,3,1,0.3333333333333333,12,1,0.6190573678793356,0,0,0,0.6250714285714286,0,fda_98,CNC[C@H](O)c1cccc(O)c1,2.67670703,FDA,PHENYLEPHRINE,XS,0,0.021268018,0.30558498431717923,1913.0
274.795,3.818600000000002,16.130000000000003,0,2,5,2,0.3125,19,2,0.8240069237957237,0,0,0,0.8847857142857143,0,fda_79,CN(C)CC[C@@H](c1ccc(Cl)cc1)c1ccccn1,3.86299062,FDA,DEXCHLORPHENIRAMINE,S,-1,0.02050786,0.44536610393371034,1384.0
452.49400000000026,2.366800000000001,93.06,2,6,2,0,0.75,32,5,0.6684104451867194,0,0,0,0.3352857142857143,0,fda_312,CC1(C)O[C@@H]2C[C@H]3[C@@H]4C[C@H](F)C5=CC(=O)C=C[C@]5(C)[C@@]4(F)[C@@H](O)C[C@]3(C)[C@]2(C(=O)CO)O1,5.09770346,FDA,FLUOCINOLONE ACETONIDE,L,-1,0.98604476,0.7249878480162596,336.0
299.4340000000001,4.267900000000004,40.129999999999995,0,2,5,0,0.45,22,1,0.5616544918724433,0,0,0,0.7133571428571429,0,fda_530,CC1=C(/C=C/C(C)=C/C=C/C(C)=C\C(=O)[O-])C(C)(C)CCC1,4.68172789,FDA,ISOTRETINOIN,S,1,0.99657226,0.7189874991052062,372.0
336.4320000000001,2.3655,87.66,3,5,10,1,0.5555555555555556,24,1,0.5710137425129463,0,0,0,0.3738571428571429,0,fda_558,CCCC(=O)Nc1ccc(OC[C@H](O)CNC(C)C)c(C(C)=O)c1,3.68317342,FDA,ACEBUTOLOL,M,0,0.007009309,0.3285524347077919,1833.0
237.29899999999992,1.4525,39.72,1,4,5,1,0.5384615384615384,17,2,0.8411561496817552,0,0,0,0.7162857142857143,0,fda_1995,CCOc1ccccc1OC[C@H]1CNCCO1,3.34951997,FDA,VILOXAZINE,XS,-1,0.118660845,0.4297738457741494,1456.0
327.8150000000001,3.7714000000000025,28.07,0,4,0,2,0.2777777777777778,23,4,0.736992877851952,0,0,0,0.7995,0,fda_426,CN1CCN(C2=Nc3ccccc3Oc3ccc(Cl)cc32)CC1,4.88066626,FDA,LOXAPINE,M,-1,0.42973283,0.6048676691439783,876.0
169.224,0.6436999999999999,29.54,0,3,1,0,0.8888888888888888,12,3,0.5395192406329529,0,0,0,0.789,0,fda_2127,CC(=O)O[C@H]1CN2CCC1CC2,3.0067358,FDA,ACECLIDINE,XS,0,0.22245838,0.38674952140750835,1614.0
513.6770000000002,5.950920000000006,63.05,1,5,8,2,0.6896551724137931,37,5,0.473786196640125,2,0,0,0.5496428571428571,1,fda_958,Cc1nnc(C(C)C)n1[C@@H]1C[C@H]2CC[C@@H](C1)N2CC[C@H](NC(=O)C1CCC(F)(F)CC1)c1ccccc1,5.77617645,FDA,MARAVIROC,XL,-1,0.9754133,0.746087623726703,226.0
450.9300000000001,4.265420000000003,88.93,1,6,4,4,0.3043478260869565,32,5,0.5013077252659311,0,0,0,0.3647857142857142,1,fda_2041,COc1ccc(-n2nccn2)c(C(=O)N2CCC[C@@]2(C)c2nc3ccc(Cl)c(C)c3[nH]2)c1,5.59660387,FDA,DARIDOREXANT,L,-1,0.9198713,0.7053860703009931,446.0
350.43600000000015,3.293400000000002,80.67000000000002,1,4,2,1,0.6111111111111112,24,4,0.8279121640505417,0,0,0,0.4237857142857142,0,fda_961,C[C@]12CC[C@@H]3c4ccc(OS(=O)(=O)O)cc4CC[C@H]3[C@@H]1CCC2=O,4.69592047,FDA,ESTROPIPATE,M,-1,0.9937323,0.7433038388997211,238.0
402.48700000000025,2.560600000000001,97.74,1,6,3,0,0.7391304347826086,29,4,0.7288385619310164,0,0,1,0.3018571428571428,0,fda_82,CC(=O)OCC(=O)[C@@]1(O)CC[C@H]2[C@@H]3CCC4=CC(=O)CC[C@]4(C)[C@H]3C(=O)C[C@@]21C,5.65767813,FDA,CORTISONE ACETATE,L,1,0.99349546,0.670447398572541,610.0
172.18299999999996,2.0119,34.14,0,2,0,1,0.0909090909090909,13,2,0.5994834910884169,0,0,1,0.7561428571428571,0,fda_8,CC1=CC(=O)c2ccccc2C1=O,3.37217212,FDA,MENADIONE,XS,-1,0.63398725,0.4414178112055911,1403.0
252.347,0.5973999999999997,88.88999999999999,3,4,5,1,0.5,17,1,0.2346588097545296,0,0,1,0.3650714285714287,0,fda_469,C/N=C(\NC#N)NCCSCc1nc[nH]c1C,3.76303363,FDA,CIMETIDINE,XS,-1,0.6610597,0.3615355542197806,1715.0
279.081,-2.9024,159.5,1,8,4,1,0.2857142857142857,17,1,0.5738903572100275,0,1,0,0.0,0,fda_812,O=P([O-])([O-])C(O)(Cc1cccnc1)P(=O)([O-])[O-],4.00395346,FDA,RISEDRONATE,S,-1,0.14206673,0.35201195652817097,1744.0
318.43700000000024,2.4562999999999997,46.53,1,3,4,1,0.631578947368421,23,3,0.6850778093160973,0,0,0,0.6676428571428572,0,fda_1900,C[N+]1(C)CC[C@H](OC(=O)[C@@](O)(c2ccccc2)C2CCCC2)C1,4.43907547,FDA,GLYCOPYRRONIUM,M,-1,0.1443285,0.46848578812856534,1315.0
352.743,4.086300000000002,32.67,0,2,2,2,0.1764705882352941,24,3,0.8010325134858473,0,0,0,0.7666428571428572,0,fda_451,O=C1CN=C(c2ccccc2)c2cc(Cl)ccc2N1CC(F)(F)F,4.48555231,FDA,HALAZEPAM,M,-1,0.7751546,0.693686470436166,507.0
652.8319999999999,7.451600000000009,55.38000000000001,0,6,4,4,0.4,48,8,0.2136603529319946,2,0,0,0.6044285714285713,1,fda_71,COc1ccc2cc1Oc1cc3c(cc1OC)CC[N+](C)(C)[C@H]3Cc1ccc(cc1)Oc1c(OC)c(OC)cc3c1[C@@H](C2)[N+](C)(C)CC3,5.21874189,FDA,METOCURINE,XL,-1,0.97204167,0.664204367667641,640.0
379.50000000000017,4.361100000000004,38.77,0,4,6,2,0.4583333333333333,28,4,0.7474614915624849,0,0,0,0.7230714285714286,0,fda_783,COc1cc2c(cc1OC)C(=O)[C@@H](CC1CCN(Cc3ccccc3)CC1)C2,4.45661116,FDA,DONEPEZIL,M,-1,0.64517885,0.6378402950991054,758.0
374.5510000000001,3.710140000000002,43.370000000000005,0,5,6,2,0.45,25,3,0.7740779580305664,0,0,0,0.6902142857142857,0,fda_772,Cc1ccsc1C(=CCCN1CCC[C@@H](C(=O)[O-])C1)c1sccc1C,4.81861973,FDA,TIAGABINE,M,-1,0.92977095,0.7475469074957085,220.0
479.43400000000014,3.432200000000001,125.26,3,6,7,3,0.2272727272727272,34,3,0.4479676256623823,0,0,0,0.1052857142857143,1,fda_2068,COc1ccc(F)cc1C(=O)NCc1ccc(-c2nn([C@@H](C)C(F)(F)F)c(N)c2C(N)=O)cc1,5.16800165,FDA,PIRTOBRUTINIB,L,-1,0.9357726,0.6471463942239055,724.0
196.18199999999996,-1.2825000000000002,106.61,3,5,3,1,0.2222222222222222,14,1,0.5217043653230261,0,0,1,0.2384999999999999,0,fda_394,N[C@@H](Cc1ccc(O)c(O)c1)C(=O)[O-],3.51116371,FDA,LEVODOPA,XS,-1,0.22747578,0.26070294032489777,2030.0
245.33,2.3547800000000008,73.1,2,3,2,1,0.4615384615384615,18,1,0.4763426335858048,0,0,0,0.4778571428571428,0,fda_598,C[C@H](N/C(=N/C#N)Nc1ccncc1)C(C)(C)C,3.58416581,FDA,PINACIDIL,XS,-1,0.80248296,0.5525637287200105,1062.0
1616.6610000000005,-10.960599999999951,713.3399999999999,18,28,35,3,0.5277777777777778,115,4,0.0112517810245193,3,2,0,0.0,1,fda_918,CCCCCCCCCC(=O)N[C@@H](Cc1c[nH]c2ccccc12)C(=O)N[C@H](CC(N)=O)C(=O)N[C@@H](CC(=O)[O-])C(=O)N[C@@H]1C(=O)NCC(=O)N[C@@H](CCCN)C(=O)N[C@@H](CC(=O)[O-])C(=O)N[C@H](C)C(=O)N[C@@H](CC(=O)[O-])C(=O)NCC(=O)N[C@H](CO)C(=O)N[C@@H]([C@H](C)CC(=O)[O-])C(=O)N[C@@H](CC(=O)c2ccccc2N)C(=O)O[C@@H]1C,6.70789099,FDA,DAPTOMYCIN,XL,1,0.64998525,0.5583602599551718,1047.0
325.4280000000001,3.832360000000003,49.36,0,3,6,1,0.2857142857142857,24,1,0.5897491967203508,0,0,0,0.6474285714285715,0,fda_637,COc1cc(C)c(/C=C/C(C)=C/C=C/C(C)=C/C(=O)[O-])c(C)c1C,5.09619904,FDA,ACITRETIN,M,-1,0.9708726,0.7358255972192648,284.0
204.314,-0.292599999999999,64.52,4,4,9,0,1.0,14,0,0.3896708755641931,0,0,0,0.5391428571428571,0,fda_371,CC[C@@H](CO)NCCN[C@@H](CC)CO,2.60215378,FDA,ETHAMBUTOL,XS,0,0.09834541,0.26964727783904496,2015.0
228.21500000000003,0.1830199999999999,88.83,1,6,1,3,0.1,17,3,0.6415062679916463,0,0,0,0.3655,0,fda_852,Cc1cccn2c(=O)c(-c3nn[nH]n3)cnc12,4.39135599,FDA,PEMIROLAST,XS,1,0.97444195,0.6756528059662449,591.0
335.4730000000001,2.0687999999999995,65.2,2,3,5,2,0.5294117647058824,23,3,0.8790140987575411,0,0,0,0.5342857142857143,0,fda_797,CNS(=O)(=O)CCc1ccc2[nH]cc(C3CCN(C)CC3)c2c1,4.13905716,FDA,NARATRIPTAN,M,-1,0.2616018,0.5106450815102844,1201.0
489.65500000000026,4.786400000000004,70.98,3,5,10,2,0.6296296296296297,35,3,0.448987670057991,0,0,0,0.493,1,fda_2104,CCC[C@H](N[C@H]1CCc2cc(F)cc(F)c2C1)C(=O)Nc1cn(C(C)(C)CNCC(C)(C)C)cn1,5.17431259,FDA,NIROGACESTAT,XL,-1,0.93679357,0.6868167191207031,541.0
384.24500000000006,0.3605999999999996,124.44,4,6,9,2,0.3684210526315789,28,2,0.4630461526225883,0,0,0,0.1111428571428571,0,fda_920,CC(C)C[C@H](NC(=O)[C@H](Cc1ccccc1)NC(=O)c1cnccn1)B(O)O,5.59994173,FDA,BORTEZOMIB,M,1,0.6097199,0.5795295771878834,963.0
494.53100000000023,2.9376000000000015,99.13,1,7,3,0,0.7307692307692307,35,5,0.6025729235661365,0,0,0,0.2919285714285713,0,fda_393,CC(=O)OCC(=O)[C@@]12OC(C)(C)O[C@@H]1C[C@H]1[C@@H]3C[C@H](F)C4=CC(=O)C=C[C@]4(C)[C@@]3(F)[C@@H](O)C[C@@]12C,5.36790895,FDA,FLUOCINONIDE,XL,-1,0.9857372,0.7240308145798273,341.0
261.089,1.884,41.57000000000001,1,2,5,0,1.0,14,1,0.6057206690801091,0,0,0,0.7030714285714286,0,fda_277,O=[P@]1(N(CCCl)CCCl)NCCCO1,3.3993361,FDA,CYCLOPHOSPHAMIDE,S,0,0.26498964,0.42833149277193777,1464.0
609.7429999999999,6.701000000000008,80.62,2,7,2,4,0.3513513513513513,45,8,0.2449408495712499,2,0,0,0.4241428571428571,1,fda_25,COc1cc2c3cc1Oc1cc(ccc1O)C[C@H]1c4c(cc(OC)c(O)c4Oc4ccc(cc4)C[C@@H]3N(C)CC2)CC[N+]1(C)C,5.8456955,FDA,TUBOCURARINE,XL,-1,0.9332944,0.6794136831013223,572.0
319.31600000000003,-0.6713999999999998,90.29,1,7,3,2,0.4,23,3,0.8067552060436665,0,0,0,0.3550714285714285,0,fda_614,CCn1cc(C(=O)[O-])c(=O)c2cc(F)c(N3CCNCC3)nc21,5.08567381,FDA,ENOXACIN,M,-1,0.8818141,0.7226254287304478,351.0
296.41,4.029500000000003,34.14,0,2,0,0,0.6,22,4,0.6760895538895387,0,0,0,0.7561428571428571,0,fda_795,C=C1C[C@@H]2[C@H](CC[C@]3(C)C(=O)CC[C@@H]23)[C@@]2(C)C=CC(=O)C=C12,5.21221685,FDA,EXEMESTANE,S,1,0.99857867,0.7794209381875441,92.0
700.7910000000002,4.573200000000004,115.7,1,12,12,5,0.4054054054054054,51,7,0.1999514521531543,2,1,2,0.1735714285714286,1,fda_950,CC[C@@H]([C@H](C)O)n1ncn(-c2ccc(N3CCN(c4ccc(OC[C@@H]5CO[C@@](Cn6cncn6)(c6ccc(F)cc6F)C5)cc4)CC3)cc2)c1=O,5.79132462,FDA,POSACONAZOLE,XL,-1,0.7710123,0.493326021410934,1252.0
416.1350000000001,6.454800000000002,27.05,0,3,6,3,0.1666666666666666,25,3,0.4616906207935435,1,0,0,0.8067857142857142,1,fda_422,Clc1ccc(CO[C@@H](Cn2ccnc2)c2ccc(Cl)cc2Cl)c(Cl)c1,4.92705297,FDA,MICONAZOLE,L,-1,0.5220712,0.5810936572478516,953.0
487.5070000000004,3.6570000000000022,83.16,1,6,6,3,0.4166666666666667,35,5,0.5716360700489861,0,0,0,0.406,1,fda_1987,CCN1C(=O)N(c2c(F)c(OC)cc(OC)c2F)Cc2cnc3[nH]c(CN4CCOCC4)cc3c21,4.89723158,FDA,PEMIGATINIB,XL,-1,0.9546296,0.6909353999841589,525.0
656.6620000000001,2.752900000000001,160.83,3,14,6,3,0.46875,46,8,0.3327956777277973,2,1,0,0.0,1,fda_682,COc1cc([C@@H]2c3cc4c(cc3[C@@H](O[C@@H]3O[C@@H]5CO[C@@H](c6cccs6)O[C@H]5[C@H](O)[C@H]3O)[C@H]3COC(=O)[C@H]23)OCO4)cc(OC)c1O,5.2981348,FDA,TENIPOSIDE,XL,-1,0.119461805,0.3767033940107709,1647.0
443.311,3.386700000000001,97.62,2,7,5,3,0.1176470588235294,31,3,0.3565891422869935,0,0,0,0.3027142857142857,1,fda_1964,O=C(/C=C\n1cnc(-c2cc(C(F)(F)F)cc(C(F)(F)F)c2)n1)NNc1cnccn1,4.78005695,FDA,SELINEXOR,L,-1,0.93468374,0.6243984067091201,808.0
122.12699999999997,0.1805000000000001,55.98,1,2,1,1,0.0,9,1,0.5772627921564857,0,0,0,0.6001428571428571,0,fda_45,NC(=O)c1cccnc1,3.33241582,FDA,NIACINAMIDE,XS,-1,0.23338623,0.3987452800366609,1569.0
432.60100000000017,4.186400000000005,86.99000000000001,3,5,13,1,0.6538461538461539,31,2,0.2471860765188796,0,1,0,0.378642857142857,0,fda_761,CC(C)OC(=O)CCC/C=C\C[C@@H]1[C@@H](CC[C@@H](O)CCc2ccccc2)[C@H](O)C[C@@H]1O,6.18363047,FDA,LATANOPROST,L,1,0.7985343,0.6556937049641968,687.0
428.6100000000003,5.895800000000007,78.9,0,6,20,0,0.875,30,0,0.1364984176447444,1,1,0,0.4364285714285714,0,fda_1984,CCCCCCC(=O)OCC(COC(=O)CCCCCC)OC(=O)CCCCCC,4.36112595,FDA,TRIHEPTANOIN,L,0,0.498285,0.4370355258212298,1430.0
354.1,-1.2181000000000002,104.55,3,6,2,1,0.5555555555555556,17,2,0.578029884636738,0,0,0,0.2532142857142856,0,fda_335,O=c1[nH]c(=O)n([C@H]2C[C@H](O)[C@@H](CO)O2)cc1I,3.23320365,FDA,IDOXURIDINE,M,0,0.09178679,0.31561681644605905,1879.0
404.4910000000001,3.795500000000003,57.690000000000005,0,3,6,3,0.1304347826086956,29,4,0.5874798137867985,0,0,1,0.5879285714285714,1,fda_238,O=C1C(CC[S@](=O)c2ccccc2)C(=O)N(c2ccccc2)N1c1ccccc1,5.29204798,FDA,SULFINPYRAZONE,L,-1,0.97795564,0.6436064234320709,739.0
270.37600000000003,2.923300000000001,25.36,0,3,6,2,0.3529411764705882,20,2,0.8067475103694609,0,0,0,0.8188571428571428,0,fda_60,CN(C)CCO[C@@](C)(c1ccccc1)c1ccccn1,3.55267072,FDA,DOXYLAMINE,S,0,0.033474002,0.4201026269011518,1492.0
270.354,1.78302,75.27000000000001,2,3,5,1,0.4166666666666667,18,1,0.8008194430489943,0,0,0,0.4623571428571428,0,fda_200,CCCCNC(=O)NS(=O)(=O)c1ccc(C)cc1,3.50896144,FDA,TOLBUTAMIDE,S,0,0.06928888,0.39131999011615615,1592.0
439.8900000000002,1.655,109.57,2,6,4,1,0.4545454545454545,25,2,0.7378988516920792,0,0,0,0.2173571428571429,0,fda_316,CN1[C@@H](CSCC(F)(F)F)Nc2cc(Cl)c(S(N)(=O)=O)cc2S1(=O)=O,4.89165926,FDA,POLYTHIAZIDE,L,-1,0.0768077,0.4416339498226849,1400.0
277.28399999999993,-0.8278000000000001,130.04999999999998,4,7,2,2,0.4166666666666667,20,3,0.5301148369563783,0,0,0,0.0710714285714286,0,fda_936,C=C1[C@H](CO)[C@@H](O)C[C@@H]1n1cnc2c(=O)nc(N)[nH]c21,3.84922671,FDA,ENTECAVIR,S,-1,0.09948805,0.32806277562849173,1836.0
385.5120000000001,2.0881999999999996,69.64000000000001,0,6,6,1,0.7142857142857143,28,4,0.551662995519089,0,0,0,0.5025714285714284,0,fda_542,O=C1CC2(CCCC2)CC(=O)N1CCCCN1CCN(c2ncccn2)CC1,4.5002737,FDA,BUSPIRONE,M,-1,0.7895651,0.6226350633332143,813.0
389.4560000000002,1.3507000000000002,111.83,2,8,8,2,0.5263157894736842,28,3,0.6509374244824966,0,0,0,0.2012142857142856,0,fda_879,COc1cc2nc(N(C)CCCNC(=O)[C@H]3CCCO3)nc(N)c2cc1OC,3.90582776,FDA,ALFUZOSIN,M,0,0.0498556,0.3538371680084585,1736.0
596.7640000000002,6.007220000000003,79.78999999999999,2,5,6,2,0.35,36,3,0.3169009042809569,2,0,0,0.4300714285714286,1,fda_2103,Cc1cc(C2=NO[C@@](c3cc(Cl)c(Cl)c(Cl)c3)(C(F)(F)F)C2)sc1C(=O)NCC(=O)NCC(F)(F)F,5.88928747,FDA,LOTILANER,XL,-1,0.90821326,0.6895584443414787,531.0
241.2429999999999,0.5302000000000002,91.01,2,5,6,1,0.3636363636363636,17,1,0.757667099994584,0,0,0,0.3499285714285715,0,fda_216,COc1ccccc1OC[C@@H](O)COC(N)=O,3.02611852,FDA,METHOCARBAMOL,XS,-1,0.051630113,0.33641699750854526,1805.0
375.4730000000001,0.5248000000000006,89.87000000000002,1,7,6,1,0.6842105263157895,27,3,0.5727357460576663,0,0,0,0.3580714285714285,0,fda_2089,CC1(C)CC(=O)N(CCCCN2CCN(c3ncccn3)CC2)C(=O)[C@@H]1O,4.47909021,FDA,M GEPIRONE,M,-1,0.45660558,0.511207349015898,1200.0
369.4690000000002,3.4647000000000014,81.93,1,6,7,2,0.6,27,4,0.755913406639335,0,0,0,0.4147857142857142,0,fda_816,O=C1CCc2cc(OCCCCc3nnnn3C3CCCCC3)ccc2N1,5.28919411,FDA,CILOSTAZOL,M,-1,0.9494063,0.751238323408759,202.0
291.267,-1.85672,149.92,4,9,2,2,0.4166666666666667,21,3,0.5029394812456194,0,1,0,0.0,0,fda_2025,N#C[C@@]1(c2ccc3c(N)ncnn23)O[C@H](CO)[C@@H](O)[C@H]1O,4.24545622,FDA,M REMDESIVIR,S,-1,0.016086398,0.31489870301361833,1883.0
341.4070000000001,1.5254,70.0,2,5,2,1,0.65,25,6,0.8536215236957835,0,0,0,0.5,0,fda_560,O=C1CC[C@@]2(O)[C@H]3Cc4ccc(O)c5c4[C@@]2(CCN3CC2CC2)[C@H]1O5,4.61764145,FDA,NALTREXONE,M,-1,0.9507009,0.7383375369898425,272.0
311.319,1.3108,104.32999999999998,0,7,5,2,0.25,21,2,0.6087930968724747,0,0,0,0.2547857142857144,0,fda_2036,Cn1c([N+](=O)[O-])cnc1COc1ccc(S(C)(=O)=O)cc1,3.82036042,FDA,M FEXINIDAZOLE,S,-1,0.2853365,0.4161468886444758,1502.0
285.69100000000003,-0.2974000000000004,119.31000000000002,3,8,2,2,0.5,19,3,0.6481668237451135,0,0,0,0.1477857142857142,0,fda_701,Nc1nc(Cl)nc2c1ncn2[C@H]1C[C@H](O)[C@@H](CO)O1,3.36399293,FDA,CLADRIBINE,S,0,0.0727147,0.32143333837675403,1863.0
243.308,-0.5378999999999998,81.25999999999999,2,4,5,0,0.8,16,2,0.5018518828602035,0,0,0,0.4195714285714286,0,fda_43,O=C([O-])CCCC[C@@H]1SC[C@@H]2NC(=O)N[C@@H]21,3.55072522,FDA,BIOTIN,XS,-1,0.6713992,0.5104526868675001,1202.0
192.262,1.58914,55.120000000000005,2,2,2,1,0.3636363636363636,14,1,0.7472361299391438,0,0,0,0.6062857142857143,0,fda_500,Cc1cccc(C)c1NC(=O)[C@@H](C)N,3.48981214,FDA,TOCAINIDE,XS,-1,0.12744519,0.41126392170175635,1521.0
231.231,0.0883199999999997,75.02000000000001,0,5,2,2,0.25,17,2,0.7335821391572781,0,0,0,0.4641428571428571,0,fda_339,CCn1cc(C(=O)[O-])c(=O)c2ccc(C)nc21,3.54157472,FDA,NALIDIXIC ACID,XS,-1,0.97252786,0.6510310229789583,704.0
327.12300000000005,3.859500000000001,92.47,2,4,3,2,0.0,21,2,0.6611804498474478,0,0,0,0.3395,0,fda_532,O=C(Nc1ccc([N+](=O)[O-])cc1Cl)c1cc(Cl)ccc1O,4.91314268,FDA,NICLOSAMIDE,M,-1,0.83609974,0.6676150655376529,625.0
338.77200000000005,0.9242,109.49,3,4,2,2,0.0714285714285714,22,3,0.7560395435859316,0,0,0,0.2179285714285713,0,fda_284,NS(=O)(=O)c1cc([C@@]2(O)NC(=O)c3ccccc32)ccc1Cl,4.73603201,FDA,CHLORTHALIDONE,M,-1,0.7425697,0.6354647707013359,766.0
191.27399999999992,2.0782,12.47,0,2,1,1,0.5,14,2,0.6735555473027665,0,0,0,0.9109285714285714,0,fda_281,C[C@H]1[C@H](c2ccccc2)OCCN1C,2.92638588,FDA,PHENDIMETRAZINE,XS,0,0.0292887,0.36285102258747975,1706.0
375.4450000000003,0.2699000000000013,98.77,1,6,9,1,0.55,27,2,0.6222732170062923,0,0,0,0.2944999999999999,0,fda_564,CCOC(=O)[C@H](CCc1ccccc1)N[C@@H](C)C(=O)N1CCC[C@H]1C(=O)[O-],4.00977421,FDA,ENALAPRIL,M,0,0.053570706,0.36494814457868924,1692.0
278.30400000000003,-2.3393999999999986,127.20000000000002,2,8,7,0,1.0,16,0,0.495902415190424,0,0,0,0.0914285714285713,0,fda_2120,CS(=O)(=O)OC[C@H](O)[C@@H](O)COS(C)(=O)=O,4.2070632,FDA,TREOSULFAN,S,-1,0.037148815,0.32658874375369995,1842.0
479.5330000000002,3.677800000000002,111.01,1,8,9,2,0.3076923076923077,35,3,0.329448552641207,0,0,0,0.2070714285714286,1,fda_601,COC(=O)C1=C(C)NC(C)=C(C(=O)OCCN(C)Cc2ccccc2)[C@H]1c1cccc([N+](=O)[O-])c1,4.72573423,FDA,NICARDIPINE,L,-1,0.1183922,0.36117349978592933,1718.0
429.6040000000001,5.406500000000006,40.54,1,3,2,1,0.5517241379310345,32,5,0.6395257442251707,1,0,1,0.7104285714285714,0,fda_781,CC#C[C@]1(O)CC[C@H]2[C@@H]3CCC4=CC(=O)CCC4=C3[C@@H](c3ccc(N(C)C)cc3)C[C@@]21C,5.43756533,FDA,MIFEPRISTONE,L,-1,0.9965952,0.6808180059619264,568.0
1312.481000000001,-3.904800000000021,489.65999999999974,18,14,33,6,0.421875,95,8,0.010638720421724,3,2,0,0.0,1,fda_2,CC(C)C[C@H](NC(=O)[C@@H](Cc1c[nH]c2ccccc12)NC(=O)[C@H](Cc1ccc(O)cc1)NC(=O)[C@H](CO)NC(=O)[C@H](Cc1c[nH]c2ccccc12)NC(=O)[C@H](Cc1c[nH]cn1)NC(=O)[C@@H]1CCC(=O)N1)C(=O)N[C@@H](CCCNC(N)=[NH2+])C(=O)N1CCC[C@H]1C(=O)NCC(N)=O,6.75941277,FDA,TRIPTORELIN,XL,1,0.9728716,0.6582761285449358,675.0
216.28199999999995,-0.7068000000000001,60.44,1,4,3,0,0.7777777777777778,14,1,0.6341732873757703,0,0,0,0.5682857142857143,0,fda_504,C[C@H](CS)C(=O)N1CCC[C@H]1C(=O)[O-],3.53218269,FDA,CAPTOPRIL,XS,-1,0.19776523,0.4085564195547672,1540.0
436.5200000000002,2.498700000000001,93.06,2,6,2,0,0.8333333333333334,31,5,0.6910281010512151,0,0,0,0.3352857142857143,0,fda_313,CC1(C)O[C@@H]2C[C@H]3[C@@H]4C[C@H](F)C5=CC(=O)CC[C@]5(C)[C@H]4[C@@H](O)C[C@]3(C)[C@]2(C(=O)CO)O1,5.75183249,FDA,FLURANDRENOLIDE,L,1,0.9969061,0.7730491130817192,110.0
487.5090000000003,0.1138000000000017,173.85999999999996,5,10,5,1,0.4583333333333333,35,4,0.2832962279442589,0,1,0,0.0,0,fda_1893,CON(C)Cc1ccc(O)c2c1C[C@H]1C[C@H]3[C@H](N(C)C)C(O)=C(C(N)=O)C(=O)[C@@]3(O)C(O)=C1C2=O,4.7681632,FDA,SARECYCLINE,XL,0,0.005468616,0.29997146422103105,1925.0
332.5280000000001,4.985300000000005,37.3,1,2,1,0,0.9545454545454546,24,4,0.7346190222392027,0,0,0,0.7335714285714285,0,fda_2055,CC(=O)[C@H]1CC[C@H]2[C@@H]3CC[C@H]4C[C@](C)(O)CC[C@]4(C)[C@H]3CC[C@]12C,5.46343231,FDA,GANAXOLONE,M,1,0.9980799,0.804189184746027,28.0
390.5000000000002,2.3896000000000006,72.83,1,5,7,1,0.6363636363636364,28,3,0.5716865560890511,0,0,0,0.4797857142857142,0,fda_2100,CCOC(=O)C[N@@+]1(C)CC[C@@H](OC(=O)[C@](O)(c2ccccc2)C2CCCC2)C1,4.01058722,FDA,SOFPIRONIUM,L,0,0.10871319,0.38995219232390843,1598.0
434.5040000000002,2.466500000000001,100.90000000000002,2,6,3,0,0.7083333333333334,31,4,0.6621165611785135,0,0,0,0.2792857142857141,0,fda_245,CC(=O)OCC(=O)[C@@]1(O)[C@H](C)C[C@H]2[C@@H]3CCC4=CC(=O)C=C[C@]4(C)[C@@]3(F)[C@@H](O)C[C@@]21C,6.08486557,FDA,DEXAMETHASONE ACETATE,L,1,0.9948605,0.7815603056142794,82.0
359.4860000000001,2.2066000000000003,80.59,2,4,8,0,0.6818181818181818,26,2,0.3954988979456659,0,0,0,0.4243571428571429,0,fda_932,CC#CC[C@H](C)[C@H](O)/C=C/[C@@H]1[C@H]2C/C(=C/CCCC(=O)[O-])C[C@H]2C[C@H]1O,5.57102585,FDA,ILOPROST,M,1,0.96577895,0.7023787378642269,466.0
362.215,-3.1522999999999985,204.11,6,12,0,1,0.6,24,4,0.1998844342521052,2,1,0,0.0,0,fda_2013,Nc1nc(=O)c2c([nH]1)N[C@@H]1O[C@@H]3CO[P@](=O)([O-])O[C@@H]3C(O)(O)[C@@H]1N2,3.83461261,FDA,FOSDENOPTERIN,M,0,0.0069919163,0.2262608174775107,2085.0
337.46300000000014,4.221000000000004,46.260000000000005,1,3,0,1,0.6818181818181818,25,5,0.7210430866196731,0,0,0,0.6695714285714285,0,fda_435,C#C[C@]1(O)CC[C@H]2[C@@H]3CCC4=Cc5oncc5C[C@]4(C)[C@H]3CC[C@@]21C,5.41800165,FDA,DANAZOL,M,1,0.99884295,0.7925054238776915,52.0
203.2069999999999,2.5951000000000013,26.02,1,1,2,1,0.4,14,1,0.7850522858404502,0,0,0,0.8141428571428572,0,fda_1960,C[C@@H](N)Cc1cccc(C(F)(F)F)c1,3.59660029,FDA,M FENFLURAMINE,XS,-1,0.3883914,0.52447242992089,1162.0
645.3190000000002,6.936200000000007,42.68,0,4,11,3,0.4,31,3,0.1676472462674973,2,1,0,0.6951428571428571,1,fda_563,CCCCc1oc2ccccc2c1C(=O)c1cc(I)c(OCCN(CC)CC)c(I)c1,6.17877388,FDA,AMIODARONE,XL,1,0.7964538,0.6705127344592761,609.0
496.34000000000015,5.2112000000000025,102.04,3,5,4,4,0.0869565217391304,32,4,0.3610633995023453,1,0,0,0.2711428571428571,1,fda_1991,CCn1c(=O)c(-c2cc(NC(=O)Nc3ccccc3)c(F)cc2Br)cc2cnc(N)cc21,5.71052885,FDA,M RIPRETINIB,XL,-1,0.99622405,0.697893908588239,486.0
1409.3979999999997,2.422720000000007,330.55,7,27,23,1,0.6491228070175439,87,7,0.0271960217360628,3,2,0,0.0,0,fda_1854,CCN(C(C)=O)[C@H]1CO[C@@H](O[C@H]2[C@H](O[C@H]3C#C/C=C\C#C[C@]4(O)CC(=O)C(NC(=O)[O-])=C3/C4=C\CCSSSC)O[C@H](C)[C@@H](NO[C@H]3C[C@H](O)[C@H](SC(=O)c4c(C)c(I)c(O[C@@H]5O[C@@H](C)[C@H](O)[C@@H](OC)[C@H]5O)c(OC)c4OC)[C@@H](C)O3)[C@@H]2O)C[C@@H]1OC,5.82127619,FDA,CALICHEAMICIN,XL,-1,0.86815745,0.5724056485222774,992.0
214.051,3.2472000000000003,33.120000000000005,1,2,0,2,0.0,13,2,0.7295228001546942,0,0,0,0.7634285714285713,0,fda_444,Oc1c(Cl)cc(Cl)c2cccnc12,3.37660909,FDA,CHLOROXINE,XS,-1,0.66486466,0.5776906773576722,972.0
457.68700000000024,3.5256000000000016,88.41000000000001,3,6,6,3,0.1764705882352941,27,3,0.3892856543093889,0,0,0,0.3684999999999999,1,fda_1988,Cn1cnc2c(F)c(Nc3ccc(Br)cc3Cl)c(C(=O)NOCCO)cc21,5.28547049,FDA,SELUMETINIB,L,-1,0.54416794,0.5514834010015085,1065.0
189.22399999999996,0.1577000000000001,9.03,0,1,3,0,1.0,11,3,0.4613795142561899,0,0,0,0.9355,0,fda_248,S=P(N1CC1)(N1CC1)N1CC1,3.06500411,FDA,THIOTEPA,XS,-1,0.16865176,0.37321757761298346,1654.0
588.5620000000004,1.3385999999999991,160.83,3,13,5,2,0.5517241379310345,42,7,0.4298292584463983,2,1,0,0.0,1,fda_551,COc1cc([C@@H]2c3cc4c(cc3[C@@H](O[C@@H]3O[C@@H]5CO[C@@H](C)O[C@H]5[C@H](O)[C@H]3O)[C@H]3COC(=O)[C@H]23)OCO4)cc(OC)c1O,5.15959406,FDA,ETOPOSIDE,XL,-1,0.015881987,0.356505234128359,1731.0
254.329,4.391600000000004,40.46,2,2,3,2,0.1764705882352941,19,2,0.7973006402836676,0,0,0,0.7110000000000001,0,fda_2045,CC(C)c1c(O)cc(/C=C/c2ccccc2)cc1O,3.65908813,FDA,TAPINAROF,S,-1,0.8134757,0.6479809308510125,719.0
284.74600000000004,2.6092000000000004,35.830000000000005,1,3,1,2,0.1875,20,4,0.8737077174467992,0,0,0,0.7440714285714285,0,fda_409,O[C@@]1(c2ccc(Cl)cc2)c2ccccc2C2=NCCN21,3.35882115,FDA,MAZINDOL,S,0,0.14264925,0.446831989374547,1379.0
343.471,3.4853000000000023,54.46,1,4,10,2,0.5,25,2,0.6711145343894273,0,0,0,0.611,0,fda_52,CCCCOc1cc(C(=O)NCCN(CC)CC)c2ccccc2n1,3.99827504,FDA,DIBUCAINE,M,0,0.043821715,0.4027336248462083,1563.0
454.6110000000002,5.093080000000005,63.95,0,6,13,2,0.5185185185185185,33,2,0.4199048761764639,1,1,0,0.5432142857142856,1,fda_505,COc1ccc(CCN(C)CCC[C@@](C#N)(c2ccc(OC)c(OC)c2)C(C)C)cc1OC,5.26226759,FDA,VERAPAMIL,L,-1,0.4833281,0.5553979526304182,1052.0
321.163,3.1013000000000015,61.69,2,3,1,2,0.0666666666666666,21,3,0.847697894583369,0,0,0,0.5593571428571429,0,fda_455,O=C1Nc2ccc(Cl)cc2C(c2ccccc2Cl)=N[C@@H]1O,4.62039804,FDA,LORAZEPAM,M,-1,0.8851125,0.723581761575203,344.0
348.4040000000001,-1.016599999999999,115.56,2,6,4,1,0.4375,24,3,0.673352601542185,0,0,0,0.1745714285714286,0,fda_973,CC1(C)S[C@@H]2[C@H](NC(=O)[C@H](N)c3ccccc3)C(=O)N2[C@H]1C(=O)[O-],4.48612928,FDA,AMPICILLIN,M,-1,0.038916077,0.3881073074292154,1608.0
924.1699999999996,2.493300000000011,215.1,2,11,27,1,0.673469387755102,66,3,0.0966394859664058,2,2,0,0.0,0,fda_2027,CC[C@H](C)[C@@H]([C@@H](CC(=O)N1CCC[C@H]1[C@H](OC)[C@@H](C)C(=O)N[C@@H](Cc1ccccc1)C(=O)[O-])OC)N(C)C(=O)[C@@H](NC(=O)[C@H](C(C)C)N(C)C(=O)CCCCCN1C(=O)C=CC1=O)C(C)C,6.30364466,FDA,MAFODOTIN,XL,1,0.86779565,0.615888621914075,836.0
498.5860000000002,6.507320000000005,78.09,2,3,4,5,0.09375,38,6,0.296607059728768,1,0,0,0.4422142857142856,1,fda_927,Cc1nc2c([nH]1)CCN(C(=O)c1ccc(NC(=O)c3ccccc3-c3ccccc3)cc1)c1ccccc1-2,6.06403399,FDA,CONIVAPTAN,XL,1,0.98984003,0.7219623657484276,356.0
267.31,1.67444,98.22,2,5,3,2,0.1818181818181818,18,2,0.8241959038664723,0,0,0,0.2984285714285715,0,fda_65,Cc1noc(NS(=O)(=O)c2ccc(N)cc2)c1C,3.54450631,FDA,SULFISOXAZOLE,S,0,0.21462809,0.4253929391022321,1476.0
184.147,2.9140000000000015,35.53,0,3,4,0,1.0,11,0,0.6298693189390489,0,0,0,0.7462142857142857,0,fda_198,CC(C)OP(=O)(F)OC(C)C,4.15343142,FDA,ISOFLUROPHATE,XS,1,0.8692018,0.6651741110382923,636.0
488.01700000000034,3.3135400000000015,106.51,3,9,7,3,0.3636363636363636,33,4,0.4657173060978848,0,0,0,0.2392142857142858,1,fda_947,Cc1nc(Nc2ncc(C(=O)Nc3c(C)cccc3Cl)s2)cc(N2CCN(CCO)CC2)n1,6.06644487,FDA,DASATINIB,XL,1,0.87603354,0.701490941909075,472.0
389.4110000000002,2.2112999999999996,74.87,1,4,1,3,0.2727272727272727,29,6,0.6925587527204075,0,0,1,0.4652142857142857,0,fda_893,CN1CC(=O)N2[C@H](c3ccc4c(c3)OCO4)c3[nH]c4ccccc4c3C[C@@H]2C1=O,4.96295786,FDA,TADALAFIL,M,-1,0.9738975,0.6308689636376699,782.0
276.38,1.96282,45.33,1,3,3,1,0.6875,20,3,0.917711580112694,0,0,0,0.6762142857142857,0,fda_408,CCc1c(C)[nH]c2c1C(=O)[C@H](CN1CCOCC1)CC2,3.86454892,FDA,MOLINDONE,S,-1,0.9115308,0.7106527451586143,420.0
386.8010000000001,5.026200000000003,15.6,0,2,2,2,0.1764705882352941,25,3,0.5313446230748395,1,0,0,0.8885714285714286,0,fda_538,Fc1ccccc1C1=NCC(=S)N(CC(F)(F)F)c2ccc(Cl)cc21,5.102736,FDA,QUAZEPAM,M,-1,0.3645604,0.5667678257563626,1011.0
224.216,-0.7090799999999999,84.32,2,5,2,1,0.4,16,2,0.6498890462135971,0,0,0,0.3977142857142858,0,fda_728,Cc1cn([C@H]2C=C[C@@H](CO)O2)c(=O)[nH]c1=O,3.50565267,FDA,STAVUDINE,XS,-1,0.25543648,0.4103101653797089,1525.0
602.6750000000001,7.325500000000007,105.59000000000002,2,6,11,3,0.3548387096774194,42,4,0.2228367630279578,2,1,0,0.2457857142857141,1,fda_938,CCC[C@@]1(CCc2ccccc2)CC(O)=C([C@H](CC)c2cccc(NS(=O)(=O)c3ccc(C(F)(F)F)cn3)c2)C(=O)O1,6.38165617,FDA,TIPRANAVIR,XL,1,0.9612027,0.6985324767705889,483.0
167.197,0.5976899999999998,83.38,3,4,0,2,0.0,11,2,0.5014913838271434,0,0,0,0.4044285714285714,0,fda_295,Nc1nc(=S)c2[nH]cnc2[nH]1,4.67185402,FDA,THIOGUANINE,XS,1,0.93944436,0.6583156547747825,674.0
327.3800000000001,1.3014,70.0,2,5,2,1,0.5263157894736842,24,5,0.8015195132508509,0,0,0,0.5,0,fda_379,C=CCN1CC[C@]23c4c5ccc(O)c4O[C@H]2C(=O)CC[C@@]3(O)[C@H]1C5,4.48622322,FDA,NALOXONE,M,-1,0.9405626,0.7167833138203271,386.0
528.537,6.576100000000006,58.2,2,2,2,1,0.6296296296296297,37,5,0.4265424696021493,2,0,0,0.5842857142857143,0,fda_883,C[C@]12C=CC(=O)N[C@@H]1CC[C@@H]1[C@@H]2CC[C@]2(C)[C@@H](C(=O)Nc3cc(C(F)(F)F)ccc3C(F)(F)F)CC[C@@H]12,5.12271452,FDA,DUTASTERIDE,XL,-1,0.9912122,0.7046045872430035,451.0
480.53200000000027,5.093520000000003,110.85,2,10,5,5,0.1923076923076923,36,6,0.3577237568173836,1,0,0,0.2082142857142856,1,fda_1982,Cc1cc(Nc2ncnc3ccc(NC4=NC(C)(C)CO4)cc23)ccc1Oc1ccn2ncnc2c1,6.28526926,FDA,TUCATINIB,L,1,0.96797734,0.7178499116295947,378.0
326.60900000000004,7.800600000000008,20.23,1,1,20,0,1.0,23,0,0.226191976485649,1,1,0,0.8555,0,fda_829,CCCCCCCCCCCCCCCCCCCCCCO,6.02245951,FDA,DOCOSANOL,M,1,0.83916724,0.7014460492635501,473.0
165.236,1.3279,32.26,2,2,3,1,0.4,12,1,0.7078187228911748,0,0,0,0.7695714285714286,0,fda_292,CN[C@@H](C)[C@@H](O)c1ccccc1,3.02405548,FDA,PSEUDOEPHEDRINE,XS,-1,0.03099576,0.36209426633823627,1713.0
356.44700000000006,3.159600000000001,68.28999999999999,1,5,7,2,0.3157894736842105,25,3,0.8252539098127764,0,0,0,0.5122142857142857,0,fda_825,CCc1ccc(CCOc2ccc(C[C@@H]3SC(=O)NC3=O)cc2)nc1,5.06700897,FDA,PIOGLITAZONE,M,-1,0.9188046,0.7519872628350718,196.0
324.4240000000001,3.173200000000002,45.59,1,4,4,2,0.45,24,5,0.8776016184783941,0,0,0,0.6743571428571429,0,fda_89,C=C[C@H]1CN2CC[C@H]1C[C@@H]2[C@@H](O)c1ccnc2ccc(OC)cc12,4.87880707,FDA,QUINIDINE,M,-1,0.25559428,0.5681190843485717,1004.0
299.4340000000001,4.267900000000004,40.129999999999995,0,2,5,0,0.45,22,1,0.5616544918724433,0,0,0,0.7133571428571429,0,fda_819,CC1=C(/C=C/C(C)=C\C=C\C(C)=C\C(=O)[O-])C(C)(C)CCC1,4.9996953,FDA,ALITRETINOIN,S,1,0.99657226,0.7385669897321653,271.0
441.57500000000016,1.9828999999999997,104.81,2,6,11,2,0.3684210526315789,29,2,0.5525349937837031,0,1,0,0.2513571428571428,1,fda_826,CN(CCOc1ccc(NS(C)(=O)=O)cc1)CCc1ccc(NS(C)(=O)=O)cc1,3.95909572,FDA,DOFETILIDE,L,0,0.015356918,0.332101444971152,1819.0
474.56500000000017,1.8447999999999996,144.89999999999998,6,4,10,4,0.2692307692307692,35,4,0.1538534475464151,1,1,0,0.0,1,fda_1857,CC(C)(N)C(=O)N[C@H](Cc1c[nH]c2ccccc12)C(=O)N[C@H](Cc1c[nH]c2ccccc12)NC=O,4.53796101,FDA,MACIMORELIN,L,-1,0.6926244,0.46605447485129325,1323.0
303.681,-0.3494000000000002,119.31000000000002,3,8,2,2,0.5,20,3,0.648649936215886,0,0,0,0.1477857142857142,0,fda_925,Nc1nc(Cl)nc2c1ncn2[C@@H]1O[C@H](CO)[C@@H](O)[C@@H]1F,3.77245831,FDA,CLOFARABINE,S,-1,0.026413469,0.33279167752065925,1817.0
329.741,0.556,125.46,2,6,5,2,0.0833333333333333,21,2,0.824921814412653,0,0,0,0.1038571428571427,0,fda_369,NS(=O)(=O)c1cc(C(=O)[O-])c(NCc2ccco2)cc1Cl,4.59998417,FDA,FUROSEMIDE,M,-1,0.09898681,0.436381790287048,1437.0
571.5590000000001,6.662700000000005,109.06,1,8,6,6,0.1612903225806451,42,6,0.2380332320104602,2,0,0,0.2209999999999999,1,fda_2001,CC(C)Oc1ccc(-c2nn([C@@H](C)c3oc4ccc(F)cc4c(=O)c3-c3cccc(F)c3)c3ncnc(N)c23)cc1F,6.30315447,FDA,UMBRALISIB,XL,1,0.9894834,0.7027435414844556,463.0
60.07999999999999,-2.9811000000000005,77.63,3,0,0,0,0.0,4,0,0.2059078383213915,0,0,0,0.4455,0,fda_7,NC(N)=[NH2+],3.81651497,FDA,GUANIDINE,XS,-1,0.48769236,0.4151112311019385,1504.0
507.7370000000003,3.866800000000003,109.85,3,7,5,0,0.8571428571428571,35,4,0.3827349910036305,1,0,0,0.2153571428571428,0,fda_1946,C=C[C@]1(C)C[C@@H](OC(=O)CS[C@@H]2CC[C@@H](N)C[C@H]2O)[C@]2(C)[C@H](C)CC[C@]3(CCC(=O)[C@H]32)[C@@H](C)[C@@H]1O,5.99262762,FDA,LEFAMULIN,XL,-1,0.96012235,0.703189939969645,459.0
531.4399999999999,4.205800000000003,69.06,0,7,7,3,0.3846153846153846,36,5,0.4554144970214469,1,0,1,0.5067142857142857,1,fda_2033,CC(=O)N1CCN(c2ccc(OC[C@@H]3CO[C@@](Cn4ccnc4)(c4ccc(Cl)cc4Cl)O3)cc2)CC1,4.57366705,FDA,LEVOKETOCONAZOLE,XL,0,0.13836512,0.31295900429648577,1889.0
267.36899999999997,1.6132,50.72,2,4,9,1,0.6,19,1,0.7135696186852986,0,0,0,0.6377142857142857,0,fda_464,COCCc1ccc(OC[C@H](O)CNC(C)C)cc1,3.05996871,FDA,METOPROLOL,S,0,0.009397813,0.34579077662179997,1766.0
361.401,4.042080000000003,92.17,1,6,4,3,0.2857142857142857,27,4,0.7537563210999249,0,0,0,0.3416428571428572,0,fda_1938,CC(C)Oc1ccc(-c2nc(-c3cccc4c3CC[C@H]4O)no2)cc1C#N,5.14399958,FDA,M OZANIMOD,M,-1,0.98920107,0.7464903947157133,225.0
272.37,1.0895,78.43,3,4,6,1,0.5,18,1,0.7241218527557277,0,0,0,0.4397857142857142,0,fda_646,CC(C)NC[C@@H](O)c1ccc(NS(C)(=O)=O)cc1,3.2712841,FDA,SOTALOL,S,0,0.008312016,0.3407948025026404,1782.0
284.363,-2.6710999999999965,98.82,2,6,2,0,1.0,17,2,0.5736486979324413,0,0,0,0.294142857142857,0,fda_2088,O=S1(=O)CCN(CN2CCS(=O)(=O)NC2)CN1,5.1417675,FDA,TAUROLIDINE,S,1,0.52756155,0.5670895711402633,1009.0
388.8150000000001,1.5679999999999998,91.76,0,7,2,2,0.3529411764705882,27,4,0.7705081180627319,0,0,0,0.3445714285714286,0,fda_906,CN1CCN(C(=O)O[C@H]2c3nccnc3C(=O)N2c2ccc(Cl)cn2)CC1,4.85985518,FDA,ESZOPICLONE,M,-1,0.30075935,0.5261043257404429,1156.0
533.6120000000002,4.200140000000003,135.53,3,9,8,4,0.4074074074074074,39,5,0.3066783507750039,1,0,0,0.0319285714285714,1,fda_2010,CO[C@]1(C(=O)N[C@@H](C)c2ccc(-n3cc(F)cn3)nc2)CC[C@H](c2nc(C)cc(Nc3cc(C)[nH]n3)n2)CC1,6.59478712,FDA,PRALSETINIB,XL,1,0.96353525,0.7077388405300828,430.0
362.40900000000016,2.42044,87.05000000000001,1,6,4,3,0.2857142857142857,27,4,0.7701257408238925,0,0,0,0.3782142857142856,0,fda_1864,CNc1ncc(-c2ccc3c(=O)c(C(=O)[O-])cn(C4CC4)c3c2C)cc1C,5.11942387,FDA,OZENOXACIN,M,-1,0.9927779,0.7529811845601116,193.0
410.4240000000001,3.742040000000002,77.0,1,5,6,3,0.2727272727272727,30,4,0.6699507613704487,0,0,0,0.4499999999999999,1,fda_1953,Cc1ncc(OC[C@@]2(c3cccc(F)c3)C[C@H]2C(=O)Nc2ccc(F)cn2)c(C)n1,6.05913401,FDA,LEMBOREXANT,L,1,0.98105305,0.7944718762410317,46.0
616.8330000000004,4.483600000000006,103.30000000000004,1,10,35,1,0.8181818181818182,43,1,0.1098423552960077,1,1,0,0.262142857142857,0,fda_340,CCCCCCCCCc1ccc(OCCOCCOCCOCCOCCOCCOCCOCCOCCO)cc1,5.20313787,FDA,NONOXYNOL-9,XL,-1,0.0386443,0.32823213117238353,1834.0
369.5050000000003,4.714500000000005,58.89,1,4,2,0,0.7391304347826086,27,4,0.3316970024889565,0,0,0,0.5793571428571429,0,fda_619,C#C[C@]1(OC(C)=O)CC[C@H]2[C@@H]3CCC4=C/C(=N/O)CC[C@@H]4[C@H]3CC[C@@]21CC,6.17317343,FDA,NORGESTIMATE,M,1,0.9448384,0.7359146413879715,283.0
292.37899999999996,1.6990999999999998,70.58999999999999,3,4,5,1,0.5625,21,2,0.7723075202218123,0,0,0,0.4957857142857144,0,fda_578,CC(C)(C)NC[C@@H](O)COc1cccc2c1CCC(=O)N2,3.732795,FDA,CARTEOLOL,S,-1,0.027274339,0.39013910659514484,1597.0
502.5790000000003,3.5238000000000023,99.13,1,7,3,0,0.75,36,6,0.5897471433786257,1,0,0,0.2919285714285713,0,fda_487,CC(=O)OCC(=O)[C@@]12OC3(CCCC3)O[C@@H]1C[C@H]1[C@@H]3CCC4=CC(=O)C=C[C@]4(C)[C@@]3(F)[C@@H](O)C[C@@]12C,5.66424131,FDA,AMCINONIDE,XL,-1,0.9951912,0.7425491245329731,242.0
812.0179999999997,4.929200000000005,171.85,1,14,11,2,0.7209302325581395,58,5,0.1842834348292615,2,2,0,0.0,1,fda_862,CC[C@H]1OC(=O)[C@H](C)C(=O)[C@H](C)[C@@H](O[C@@H]2O[C@H](C)C[C@H](N(C)C)[C@H]2O)[C@](C)(OC)C[C@@H](C)C(=O)[C@H](C)[C@H]2N(CCCCn3cnc(-c4cccnc4)c3)C(=O)O[C@]12C,5.23260832,FDA,TELITHROMYCIN,XL,-1,0.7645102,0.536480544908743,1134.0
303.18700000000007,-2.8858999999999986,170.83,3,9,6,1,0.3,20,1,0.2832238033780692,0,1,0,0.0,0,fda_2142,C[C@@](Cc1ccc(OP(=O)([O-])[O-])c(O)c1)(NN)C(=O)[O-],3.61773562,FDA,FOSCARBIDOPA,S,-1,0.01572763,0.2321947633502042,2078.0
638.8319999999999,5.909900000000006,79.53,1,3,3,2,0.5185185185185185,36,5,0.4543005729988552,2,0,0,0.4319285714285714,1,fda_2012,NC(=O)N1CCC(CC(=O)N2CCC([C@H]3c4ncc(Br)cc4CCc4cc(Cl)cc(Br)c43)CC2)CC1,5.27894497,FDA,LONAFARNIB,XL,-1,0.8971684,0.6763275583193842,587.0
264.32500000000005,2.4711,78.43,3,3,8,1,0.4285714285714285,19,1,0.3832200999836573,0,0,0,0.4397857142857142,0,fda_948,O=C(CCCCCCC(=O)Nc1ccccc1)NO,3.89335442,FDA,VORINOSTAT,S,-1,0.33945298,0.4102619926578044,1526.0
317.4290000000001,3.238100000000002,38.77,0,4,4,1,0.631578947368421,23,3,0.8544146112857971,0,0,0,0.7230714285714286,0,fda_943,COc1cc2c(cc1OC)[C@@H]1CC(=O)[C@@H](CC(C)C)CN1CC2,4.95468664,FDA,TETRABENAZINE,S,1,0.85499245,0.7528450002713366,194.0
380.35800000000006,2.6285000000000007,88.49000000000001,2,6,2,4,0.1578947368421052,28,5,0.5581669450324385,0,0,0,0.3679285714285714,0,fda_1927,Cn1ncnc1[C@H]1c2n[nH]c(=O)c3cc(F)cc(c23)N[C@@H]1c1ccc(F)cc1,6.31356573,FDA,TALAZOPARIB,M,1,0.9868486,0.781313788766012,83.0
571.551,4.372700000000004,80.67,0,8,6,3,0.3103448275862069,41,5,0.4067679760163727,1,0,0,0.4237857142857143,1,fda_1876,COc1cccc(N2CCN(C3=Nc4c(F)cccc4[C@H](CC(=O)[O-])N3c3cc(C(F)(F)F)ccc3OC)CC2)c1,5.32389116,FDA,LETERMOVIR,XL,-1,0.7594303,0.6274529797346791,794.0
370.4490000000002,1.2533999999999996,103.86,3,5,3,1,0.6190476190476191,27,5,0.7429659635918742,0,0,0,0.258142857142857,0,fda_2003,NC(=O)c1ccc2c(c1O)[C@]13CCN(CC4CC4)[C@H](C2)[C@]1(O)CCC(=O)C3,4.56630325,FDA,SAMIDORPHAN,M,-1,0.95964015,0.691541218477935,519.0
234.343,2.5837400000000006,32.34,1,2,5,1,0.5,17,1,0.8489671904749567,0,0,0,0.769,0,fda_63,CCN(CC)CC(=O)Nc1c(C)cccc1C,3.14371371,FDA,LIDOCAINE,XS,-1,0.1773549,0.44154276093466854,1401.0
299.8020000000001,2.0023999999999997,67.59,2,4,7,1,0.5,20,1,0.7558132464087878,0,0,0,0.5172142857142856,0,fda_461,CCN(CC)CCNC(=O)c1cc(Cl)c(N)cc1OC,3.49595618,FDA,METOCLOPRAMIDE,S,0,0.02974355,0.37514004018030767,1649.0
488.6140000000004,2.0704199999999995,112.9,1,8,8,3,0.5217391304347826,34,4,0.5164114874787473,0,0,0,0.1935714285714286,1,fda_896,CCCc1nc(C)c2c(=O)[nH]c(-c3cc(S(=O)(=O)N4CCN(CC)CC4)ccc3OCC)nn12,4.67441368,FDA,VARDENAFIL,XL,0,0.13173248,0.3980580024955812,1572.0
212.656,0.5223,66.15,1,3,4,1,0.3,14,1,0.791623082898053,0,0,0,0.5275,0,fda_460,NC[C@@H](CC(=O)[O-])c1ccc(Cl)cc1,3.65695,FDA,BACLOFEN,XS,-1,0.14762527,0.42860861629187325,1460.0
423.5360000000001,3.6700800000000022,67.16,0,4,7,3,0.2857142857142857,32,4,0.5815522405303829,0,0,0,0.5202857142857142,1,fda_452,N#CC(CCN1CCC(C(=O)[O-])(c2ccccc2)CC1)(c1ccccc1)c1ccccc1,5.28832388,FDA,DIFENOXIN,L,-1,0.9690852,0.7327661950563902,302.0
1646.8740000000005,-7.25409999999997,647.5499999999998,22,21,50,5,0.5,118,6,0.0097704098628518,3,2,0,0.0,1,fda_1941,CCCC[C@H](NC(=O)[C@H](CO)NC(=O)[C@H](Cc1ccc(O)cc1)NC(=O)[C@H](CO)NC(C)=O)C(=O)N[C@@H](CCC(=O)[O-])C(=O)N[C@@H](Cc1cnc[nH]1)C(=O)N[C@H](Cc1ccccc1)C(=O)N[C@@H](CCCNC(N)=[NH2+])C(=O)N[C@@H](Cc1c[nH]c2ccccc12)C(=O)NCC(=O)N[C@@H](CCCCN)C(=O)N1CCC[C@H]1C(=O)N[C@H](C(N)=O)C(C)C,7.33938742,FDA,AFAMELANOTIDE,XL,1,0.983538,0.6970154914459896,489.0
397.3920000000001,0.4654999999999991,140.65,2,8,6,2,0.0,28,3,0.40986185986312,0,1,1,0.0,0,fda_81,O=C([O-])C1=C/C(=N/Nc2ccc(S(=O)(=O)Nc3ccccn3)cc2)C=CC1=O,4.54476786,FDA,SULFASALAZINE,L,-1,0.15629394,0.2567761667461379,2038.0
133.194,1.5012,26.02,1,1,1,1,0.3333333333333333,10,2,0.6169364851642574,0,0,0,0.8141428571428572,0,fda_288,N[C@@H]1C[C@H]1c1ccccc1,2.76042366,FDA,TRANYLCYPROMINE,XS,0,0.046929095,0.33692129567589885,1803.0
259.34900000000005,2.577500000000001,41.489999999999995,2,3,6,2,0.375,19,2,0.8375057924076362,0,0,0,0.7036428571428572,0,fda_375,CC(C)NC[C@H](O)COc1cccc2ccccc12,3.52434039,FDA,PROPRANOLOL,S,0,0.015109155,0.40747890316367025,1546.0
648.6620000000003,5.246700000000005,104.73000000000002,1,10,7,3,0.5172413793103449,42,6,0.3709536109436584,2,0,0,0.2519285714285713,1,fda_1878,O=C(Nc1nc(-c2cc(Cl)cs2)c(N2CCN(C3CCCCC3)CC2)s1)c1cnc(N2CCC(C(=O)[O-])CC2)c(Cl)c1,6.03330278,FDA,AVATROMBOPAG,XL,-1,0.809202,0.6617193721004261,658.0
194.21,-0.5980000000000001,86.38,2,4,3,1,0.3,14,1,0.6724482724410983,0,0,0,0.383,0,fda_465,C[C@](N)(Cc1ccc(O)cc1)C(=O)[O-],3.49239278,FDA,METYROSINE,XS,-1,0.31398734,0.4300993351782645,1454.0
208.261,1.1618000000000002,44.12,0,4,3,1,0.6363636363636364,15,2,0.7000907484342611,0,0,0,0.6848571428571428,0,fda_417,CC[C@@H]1C(=O)OC[C@@H]1Cc1cncn1C,3.58062768,FDA,PILOCARPINE,XS,-1,0.69596416,0.5858398396432674,926.0
293.37000000000006,3.1285200000000017,39.82,0,4,2,3,0.3333333333333333,22,4,0.7280085381147323,0,0,0,0.7155714285714285,0,fda_664,Cc1nccn1C[C@@H]1CCc2c(c3ccccc3n2C)C1=O,4.25449562,FDA,ONDANSETRON,S,-1,0.98819655,0.7236593466839685,343.0
246.35399999999996,2.7262400000000007,32.34,1,2,2,1,0.5333333333333333,18,2,0.8699043213708457,0,0,0,0.769,0,fda_274,Cc1cccc(C)c1NC(=O)[C@H]1CCCCN1C,3.49128413,FDA,MEPIVACAINE,XS,-1,0.5109931,0.56722401561902,1008.0
484.9670000000002,4.0511000000000035,80.67,1,5,4,0,0.72,33,4,0.4806760513310261,0,0,0,0.4237857142857143,0,fda_660,CCC(=O)O[C@]1(C(=O)CCl)[C@@H](C)C[C@H]2[C@@H]3C[C@H](F)C4=CC(=O)C=C[C@]4(C)[C@@]3(F)[C@@H](O)C[C@@]21C,5.49468803,FDA,HALOBETASOL PROPIONATE,XL,-1,0.98793834,0.7213041644387281,360.0
463.5000000000003,5.910820000000005,78.63,2,6,9,3,0.375,33,3,0.4107301234210515,1,0,0,0.4383571428571429,1,fda_1907,COc1cc(C)c2c(Oc3cccc(C(F)(F)F)c3)c(OC)cc(N[C@H](C)CCCN)c2n1,5.26579332,FDA,TAFENOQUINE,L,-1,0.76938856,0.6291125334953129,785.0
291.391,2.3334,58.559999999999995,2,4,5,1,0.5882352941176471,21,2,0.8739705938909597,0,0,0,0.5817142857142857,0,fda_579,CC(C)(C)NC[C@H](O)COc1cccc2c1CCCC2=O,4.17073917,FDA,LEVOBUNOLOL,S,-1,0.012910644,0.44172277341240324,1399.0
273.33600000000007,2.2906,66.89,2,4,4,2,0.3333333333333333,20,2,0.8978140982666175,0,0,0,0.5222142857142857,0,fda_2042,CC(C)n1c(=O)cc(N[C@@H](C)c2ccccc2)[nH]c1=O,3.94600558,FDA,MAVACAMTEN,S,-1,0.26241636,0.5015547660718828,1226.0
170.237,1.38499,48.65,2,2,2,1,0.4285714285714285,11,1,0.6587322532597095,0,0,0,0.6525000000000001,0,fda_51,CCCc1cc(=O)[nH]c(=S)[nH]1,4.07401848,FDA,PROPYLTHIOURACIL,XS,-1,0.710232,0.6089943278897727,864.0
260.334,2.0227,90.65,2,4,7,0,0.8333333333333334,18,0,0.7323095649562918,0,0,0,0.3524999999999999,0,fda_254,CCC[C@@](C)(COC(N)=O)COC(=O)NC(C)C,3.14596581,FDA,CARISOPRODOL,S,0,0.073139116,0.34543517622511033,1768.0
142.201,-0.1959999999999998,54.370000000000005,2,3,2,0,1.0,7,0,0.4146177358421434,0,0,0,0.6116428571428572,0,fda_630,O=S(=O)(O)CCS,3.55464339,FDA,MESNA,XS,-1,0.17864095,0.3646268008033959,1697.0
277.4079999999999,3.0356000000000014,32.7,1,3,5,1,0.6470588235294118,20,2,0.8976823731418612,0,0,0,0.7664285714285715,0,fda_686,COc1ccc([C@H](CN(C)C)C2(O)CCCCC2)cc1,4.3219533,FDA,VENLAFAXINE,S,-1,0.59211564,0.6480093837105325,718.0
388.4690000000002,0.0764000000000004,92.78,1,6,3,1,0.5263157894736842,27,4,0.737341001645303,0,0,0,0.3372857142857143,0,fda_971,CC1(C)S[C@@H]2[C@H](N3C(=O)[C@@H](c4ccccc4)NC3(C)C)C(=O)N2[C@H]1C(=O)[O-],4.59715652,FDA,HETACILLIN,M,-1,0.74667937,0.6363421427388047,762.0
288.475,5.090300000000005,20.23,1,1,1,0,0.9,21,4,0.6662692979783309,1,0,0,0.8555,0,fda_336,CC[C@]1(O)CC[C@H]2[C@@H]3CCC4=CCCC[C@@H]4[C@H]3CC[C@@]21C,5.29698801,FDA,ETHYLESTRENOL,S,1,0.99825794,0.7925163561586493,51.0
253.283,1.3660199999999998,98.22,2,5,3,2,0.1,17,2,0.804736706639606,0,0,0,0.2984285714285715,0,fda_310,Cc1cc(NS(=O)(=O)c2ccc(N)cc2)no1,3.82151103,FDA,SULFAMETHOXAZOLE,S,-1,0.2674631,0.4544087285226547,1355.0
477.0480000000002,5.088000000000005,43.78,1,3,7,3,0.3448275862068966,34,4,0.5163157587714763,1,0,0,0.6872857142857143,1,fda_450,CN(C)C(=O)C(CCN1CCC(O)(c2ccc(Cl)cc2)CC1)(c1ccccc1)c1ccccc1,5.27014542,FDA,LOPERAMIDE,L,-1,0.60708606,0.6266997559313287,800.0
380.662,0.8210000000000004,118.36,3,5,2,1,0.25,20,2,0.6564465021990212,0,0,0,0.1545714285714287,0,fda_283,NS(=O)(=O)c1cc2c(cc1Cl)N[C@H](C(Cl)Cl)NS2(=O)=O,4.28817034,FDA,TRICHLORMETHIAZIDE,M,-1,0.18428016,0.41414558892401626,1508.0
312.41300000000007,2.5349000000000004,40.620000000000005,0,2,1,1,0.5789473684210527,23,4,0.7993674496203519,0,0,0,0.7098571428571427,0,fda_539,O=C(C1CCCCC1)N1CC(=O)N2CCc3ccccc3[C@H]2C1,4.13347006,FDA,PRAZIQUANTEL,S,-1,0.9438908,0.7166155587803609,388.0
232.094,-0.0092999999999994,76.0,3,1,2,1,0.0,14,1,0.3808007220814716,0,0,0,0.4571428571428572,0,fda_522,NC(=[NH2+])N/N=C\c1c(Cl)cccc1Cl,4.14502525,FDA,GUANABENZ,XS,1,0.7944239,0.5635022514258029,1023.0
230.676,1.8726,58.53,1,3,0,1,0.125,14,2,0.7403757754864233,0,0,0,0.5819285714285714,0,fda_402,CC1=NS(=O)(=O)c2cc(Cl)ccc2N1,3.14750171,FDA,DIAZOXIDE,XS,-1,0.84683716,0.6021952641943894,881.0
279.8550000000001,4.738000000000005,3.24,0,1,5,1,0.6470588235294118,19,2,0.7525599819436475,0,0,0,0.9768571428571428,0,fda_764,CC(C)C[C@@H](N(C)C)C1(c2ccc(Cl)cc2)CCC1,4.11293077,FDA,SIBUTRAMINE,S,-1,0.7598243,0.6774693683551402,582.0
560.4860000000001,5.354400000000004,95.09,2,8,8,3,0.3461538461538461,38,4,0.380779207837911,2,0,1,0.3207857142857142,1,fda_2022,CCN1CCN(c2ccc(Nc3cc(N(C)C(=O)Nc4c(Cl)c(OC)cc(OC)c4Cl)ncn3)cc2)CC1,5.65694952,FDA,INFIGRATINIB,XL,-1,0.44438764,0.4379511673534884,1425.0
437.5310000000002,4.308100000000003,29.950000000000003,1,5,6,2,0.4545454545454545,30,4,0.7278115473639667,0,0,0,0.7860714285714285,1,fda_253,OCCN1CCN(CCCN2c3ccccc3Sc3ccc(C(F)(F)F)cc32)CC1,4.39901972,FDA,FLUPHENAZINE,L,0,0.20832683,0.5056083765222047,1218.0
775.864,3.222600000000001,95.61,2,5,5,2,0.1333333333333333,24,2,0.4558266797331836,1,0,0,0.3170714285714284,1,fda_858,N[C@@H](Cc1cc(I)c(Oc2cc(I)c(O)c(I)c2)c(I)c1)C(=O)[O-],6.51774025,FDA,LEVOTHYROXINE,XL,1,0.9636748,0.7613803166151234,158.0
370.5330000000002,4.496500000000005,54.370000000000005,1,3,2,0,0.75,27,4,0.7786891088285057,0,0,0,0.6116428571428572,0,fda_737,CCC(=O)[C@@]1(C)[C@H](C)C[C@H]2[C@@H]3CCC4=CC(=O)C=C[C@]4(C)[C@H]3[C@@H](O)C[C@@]21C,5.84598112,FDA,RIMEXOLONE,M,1,0.99924845,0.8247171314537998,7.0
355.3730000000001,2.5522,80.55000000000001,2,6,0,3,0.2777777777777778,26,4,0.6477648078196179,0,0,0,0.4246428571428571,0,fda_2110,C[C@H]1CNC(=O)c2cnn3ccc(nc23)N[C@H](C)c2cc(F)ccc2O1,4.94673491,FDA,REPOTRECTINIB,M,-1,0.9956785,0.7233883490182825,345.0
309.406,0.6347999999999998,81.95,4,5,5,1,0.6470588235294118,22,2,0.641468123492022,0,0,0,0.4146428571428571,0,fda_472,CC(C)(C)NC[C@H](O)COc1cccc2c1C[C@H](O)[C@H](O)C2,3.36070371,FDA,NADOLOL,S,0,0.022689054,0.33156907701060334,1822.0
388.3790000000002,-0.3686999999999991,125.87,1,9,5,2,0.4444444444444444,28,4,0.6927934149607258,0,0,0,0.1009285714285714,0,fda_864,CO/N=C1\CN(c2nc3c(cc2F)c(=O)c(C(=O)[O-])cn3C2CC2)C[C@H]1CN,5.12994909,FDA,GEMIFLOXACIN,M,-1,0.52220845,0.5692634153732209,1000.0
324.44900000000007,0.612,106.32999999999998,2,6,3,1,0.6,19,2,0.8471269771691101,0,0,0,0.2405000000000001,0,fda_727,CCN[C@H]1C[C@H](C)S(=O)(=O)c2sc(S(N)(=O)=O)cc21,4.23352003,FDA,DORZOLAMIDE,M,-1,0.060991336,0.4205226897852198,1489.0
260.253,1.1077,90.06,1,5,5,2,0.1666666666666666,19,2,0.6436381792760206,0,0,0,0.3567142857142856,0,fda_1872,[n:1]1([CH2:6][C:7]([NH:8][CH2:13][c:14]2[cH:15][cH:16][cH:17][cH:18][cH:19]2)=[O:12])[cH:2][cH:3][n:4][c:5]1[N+:9](=[O:10])[O-:11],3.88388634,FDA,BENZNIDAZOLE,S,-1,0.29574758,0.44034382821544715,1412.0
366.50100000000015,4.305900000000004,43.370000000000005,0,3,0,0,0.8333333333333334,27,7,0.6002668837960434,0,0,0,0.6902142857142857,0,fda_855,C[C@]12CCC(=O)C=C1[C@@H]1C[C@@H]1[C@H]1[C@@H]3[C@@H]4C[C@@H]4[C@@]4(CCC(=O)O4)[C@@]3(C)CC[C@@H]12,5.64053535,FDA,DROSPIRENONE,M,1,0.9973822,0.783679221317173,72.0
914.187,6.180600000000006,195.42999999999995,3,13,6,0,0.7450980392156863,65,4,0.1555112399819528,3,1,0,0.0,0,fda_853,CO[C@H]1C[C@@H]2CC[C@@H](C)[C@@](O)(O2)C(=O)C(=O)N2CCCC[C@H]2C(=O)O[C@H]([C@H](C)C[C@@H]2CC[C@@H](O)[C@H](OC)C2)CC(=O)[C@H](C)/C=C(\C)[C@@H](O)[C@@H](OC)C(=O)[C@H](C)C[C@H](C)/C=C/C=C/C=C/1C,6.48507357,FDA,SIROLIMUS,XL,1,0.9730815,0.6704206099915229,612.0
300.22600000000006,-1.661200000000001,141.95,2,8,4,1,0.0,22,2,0.2930376355391511,0,1,1,0.0,0,fda_625,O=C([O-])C1=C/C(=N\Nc2ccc(O)c(C(=O)[O-])c2)C=CC1=O,4.37398911,FDA,OLSALAZINE,S,-1,0.15657967,0.22298099158798915,2090.0
384.259,3.9643000000000033,64.63,1,5,4,1,0.3333333333333333,25,2,0.7964461277127532,0,0,0,0.5383571428571429,0,fda_639,CCOC(=O)C1=C(C)NC(C)=C(C(=O)OC)[C@@H]1c1cccc(Cl)c1Cl,4.41399956,FDA,FELODIPINE,M,-1,0.17929457,0.48677660160254954,1269.0
560.6930000000001,4.618500000000003,148.96,2,10,26,1,0.8518518518518519,38,1,0.1222273944205696,1,2,0,0.0,0,fda_2020,CCCCCCCCCCCCCCCCOCCCO[P@@](=O)([O-])CO[C@H](CO)Cn1ccc(N)nc1=O,5.15767813,FDA,BRINCIDOFOVIR,XL,-1,0.12650609,0.32805411461604334,1837.0
444.44000000000017,-0.3475999999999985,181.62,6,9,2,1,0.4090909090909091,32,4,0.3322174879037973,1,1,0,0.0,0,fda_963,C[C@H]1c2cccc(O)c2C(=O)C2=C(O)[C@]3(O)C(=O)C(C(N)=O)=C(O)[C@@H](N(C)C)[C@@H]3[C@@H](O)[C@@H]21,4.31557512,FDA,DOXYCYCLINE,L,0,0.0074261404,0.28247394107760193,1978.0
430.5410000000002,2.7168000000000014,93.06,2,6,4,0,0.76,31,5,0.7124527920741569,0,0,0,0.3352857142857143,0,fda_684,CCC[C@@H]1O[C@@H]2C[C@H]3[C@@H]4CCC5=CC(=O)C=C[C@]5(C)[C@H]4[C@@H](O)C[C@]3(C)[C@]2(C(=O)CO)O1,6.18686914,FDA,BUDESONIDE,L,1,0.9987344,0.8046708006510969,26.0
560.6800000000004,5.856500000000005,106.16,2,9,7,5,0.3448275862068966,40,6,0.2569479791185302,2,0,0,0.2417142857142856,1,fda_2098,CC(C)(C)c1cc(NC(=O)Nc2ccc(-c3cn4c(n3)sc3cc(OCCN5CCOCC5)ccc34)cc2)no1,5.78482008,FDA,QUIZARTINIB,XL,-1,0.8494118,0.6346589111406677,770.0
1214.6459999999988,3.435100000000004,278.8,5,12,16,0,0.7619047619047619,86,1,0.1391605898578191,2,2,0,0.0,0,fda_2009,C=C/C=C/C[C@@H](C)[C@@H](O)[C@H]1C(=O)N[C@@H](CC)C(=O)N(C)CC(=O)N(C)[C@@H](CC(C)C)C(=O)N[C@@H](C(C)C)C(=O)N(C)[C@@H](CC(C)C)C(=O)N[C@@H](C)C(=O)N[C@H](C)C(=O)N(C)[C@@H](CC(C)C)C(=O)N(C)[C@@H](CC(C)C)C(=O)N(C)[C@@H](C(C)C)C(=O)N1C,5.37251806,FDA,VOCLOSPORIN,XL,-1,0.5333051,0.4667096653050612,1320.0
404.5070000000002,2.423,68.31,0,6,6,1,0.6363636363636364,29,3,0.6786181154392725,0,0,0,0.5120714285714285,0,fda_2116,CCN(CC)C(=O)[C@@H]1CN2CCc3cc(OC)c(OC)cc3[C@@H]2C[C@@H]1OC(C)=O,4.59722948,FDA,BENZQUINAMIDE,L,-1,0.6328856,0.6079424865241193,867.0
387.88700000000017,1.8135000000000008,55.84,0,5,8,2,0.3809523809523809,27,3,0.6465285493358316,0,0,0,0.6011428571428572,0,fda_640,O=C([O-])COCCN1CCN([C@@H](c2ccccc2)c2ccc(Cl)cc2)CC1,3.59743571,FDA,CETIRIZINE,M,0,0.018575486,0.36457434664886507,1699.0
520.5040000000002,3.395300000000002,113.18,4,7,8,3,0.4230769230769231,37,5,0.3623253042445342,1,0,0,0.1915714285714285,1,fda_1881,CC(C)(CO)c1cc2cc(NC(=O)C3(c4ccc5c(c4)OC(F)(F)O5)CC3)c(F)cc2n1C[C@@H](O)CO,5.31461477,FDA,TEZACAFTOR,XL,-1,0.6941051,0.5751742440413322,983.0
525.6130000000003,3.2843800000000023,112.04,1,10,8,4,0.3793103448275862,39,7,0.3703189502463476,1,0,0,0.1997142857142857,1,fda_1981,COc1ccc(CN2[C@@H]3C[C@H]2CN(c2ccc(-c4cc(OCC(C)(C)O)cn5ncc(C#N)c45)cn2)C3)cn1,6.51633835,FDA,SELPERCATINIB,XL,1,0.87156916,0.7048250613487981,450.0
363.1980000000001,-2.9878999999999993,191.73,3,12,4,2,0.5,24,3,0.3704495485379418,1,1,0,0.0,0,fda_669,Nc1nc(F)nc2c1ncn2[C@@H]1O[C@H](COP(=O)([O-])[O-])[C@@H](O)[C@@H]1O,3.59000373,FDA,FLUDARABINE PHOSPHATE,M,0,0.0052901944,0.2448010339680983,2062.0
351.40900000000005,2.10752,99.6,2,7,2,2,0.1428571428571428,23,3,0.6348923048546949,0,0,0,0.2885714285714285,0,fda_828,Cc1cnc(N/C(O)=C2/C(=O)c3ccccc3S(=O)(=O)N2C)s1,4.42525911,FDA,MELOXICAM,M,-1,0.6881386,0.5828338163581235,943.0
499.5340000000003,1.0971800000000007,131.4,3,5,6,0,0.782608695652174,35,3,0.5037264667056947,0,0,0,0.0614285714285713,0,fda_2079,CC(C)(C)[C@H](NC(=O)C(F)(F)F)C(=O)N1C[C@H]2[C@@H]([C@H]1C(=O)N[C@H](C#N)C[C@@H]1CCNC1=O)C2(C)C,4.81280947,FDA,NIRMATRELVIR,XL,-1,0.64235,0.5440139896106626,1101.0
200.285,2.1082,24.39,1,2,1,1,0.4615384615384615,15,3,0.7373798417697964,0,0,0,0.8257857142857143,0,fda_995,c1ccc2c(c1)CCC[C@H]2C1=NCCN1,3.5464468,FDA,TETRAHYDROZOLINE,XS,-1,0.4032949,0.5174849722785322,1180.0
405.9690000000001,6.562600000000006,12.47,0,2,9,3,0.2307692307692307,29,3,0.3734283215865669,1,0,0,0.9109285714285714,1,fda_364,CCN(CC)CCOc1ccc(/C(=C(\Cl)c2ccccc2)c2ccccc2)cc1,4.62045097,FDA,CLOMIPHENE,L,-1,0.50705546,0.55047111541657,1070.0
402.5310000000003,3.7717000000000023,80.67000000000002,1,5,4,0,0.7916666666666666,29,4,0.724146959959367,0,0,0,0.4237857142857142,0,fda_2004,CCC(=O)O[C@]1(C(=O)CO)CC[C@H]2[C@@H]3CCC4=CC(=O)CC[C@]4(C)[C@H]3CC[C@@]21C,5.62796259,FDA,CLASCOTERONE,L,-1,0.9964121,0.7807471366324088,87.0
374.91200000000015,3.055900000000001,35.940000000000005,1,4,8,2,0.4285714285714285,26,3,0.720292463198365,0,0,0,0.7432857142857143,0,fda_186,OCCOCCN1CCN([C@@H](c2ccccc2)c2ccc(Cl)cc2)CC1,3.87398529,FDA,HYDROXYZINE,M,0,0.003419467,0.4060237128063995,1551.0
277.25800000000004,-1.3591999999999989,130.24,2,5,3,0,0.5,18,2,0.4837242090168431,0,0,0,0.0697142857142856,0,fda_2077,CC1=C[C@@H]2CN(C(=O)N2OS(=O)(=O)O)[C@@H]1C(N)=O,4.04987001,FDA,DURLOBACTAM,S,-1,0.03459859,0.311537115715338,1896.0
413.47500000000014,1.605399999999999,98.77,1,6,5,2,0.3809523809523809,29,4,0.5906385083400774,0,0,0,0.2944999999999999,1,fda_978,CCOc1ccc2ccccc2c1NC(=O)[C@@H]1C(=O)N2[C@@H]1SC(C)(C)[C@@H]2C(=O)[O-],4.27442455,FDA,NAFCILLIN,L,0,0.39534432,0.47744966950649204,1297.0
365.842,2.0834,92.5,2,4,3,2,0.1875,24,3,0.8705249450646536,0,0,0,0.3392857142857143,0,fda_514,C[C@@H]1Cc2ccccc2N1NC(=O)c1ccc(Cl)c(S(N)(=O)=O)c1,5.19727468,FDA,INDAPAMIDE,M,-1,0.4652413,0.615701004180262,838.0
500.57900000000024,4.430000000000004,80.67,1,6,4,0,0.72,34,4,0.5755860893833779,1,0,0,0.4237857142857143,0,fda_659,CCC(=O)O[C@]1(C(=O)SCF)[C@H](C)C[C@H]2[C@@H]3C[C@H](F)C4=CC(=O)C=C[C@]4(C)[C@@]3(F)[C@@H](O)C[C@@]21C,5.44835901,FDA,FLUTICASONE PROPIONATE,XL,-1,0.99236745,0.7387621048641755,270.0
297.271,-1.9713999999999992,148.76999999999998,4,10,3,2,0.5454545454545454,21,3,0.5056130599451503,0,1,0,0.0,0,fda_940,COc1nc(N)nc2c1ncn2[C@@H]1O[C@H](CO)[C@@H](O)[C@@H]1O,3.68220639,FDA,NELARABINE,S,-1,0.0034487823,0.27695887910867456,2000.0
705.6470000000002,5.5773000000000055,104.70000000000002,0,12,11,5,0.3714285714285714,49,7,0.1743942883815827,3,1,2,0.252142857142857,1,fda_678,CC[C@@H](C)n1ncn(-c2ccc(N3CCN(c4ccc(OC[C@H]5CO[C@](Cn6cncn6)(c6ccc(Cl)cc6Cl)O5)cc4)CC3)cc2)c1=O,5.05626154,FDA,ITRACONAZOLE,XL,-1,0.86839044,0.480022169231613,1292.0
381.3790000000001,3.5139200000000006,77.98,1,4,3,3,0.1176470588235294,26,3,0.7541053298167572,0,0,0,0.4429999999999999,0,fda_836,Cc1ccc(-c2cc(C(F)(F)F)nn2-c2ccc(S(N)(=O)=O)cc2)cc1,5.79189491,FDA,CELECOXIB,M,1,0.99310607,0.7977628842433417,37.0
265.222,-2.8909,151.92,5,8,3,0,0.875,18,1,0.2710418297657056,0,1,0,0.0,0,fda_983,CN(N=O)C(=O)N[C@@H]1[C@@H](O)[C@H](O)[C@@H](CO)O[C@@H]1O,3.01799679,FDA,STREPTOZOCIN,S,0,0.004692371,0.1895176512062821,2112.0
583.6000000000001,1.255800000000002,183.38,2,10,13,2,0.48,39,3,0.257029592858602,1,2,0,0.0,1,fda_914,CC(C)CN(C[C@@H](OP(=O)([O-])[O-])[C@H](Cc1ccccc1)NC(=O)O[C@H]1CCOC1)S(=O)(=O)c1ccc(N)cc1,4.73135662,FDA,FOSAMPRENAVIR,XL,0,0.007087027,0.2929372204761733,1947.0
478.52500000000015,1.9971,129.21,4,10,7,3,0.5238095238095238,33,5,0.2975931322503161,0,0,0,0.0770714285714285,1,fda_863,CCCSc1nc(N[C@@H]2C[C@H]2c2ccc(F)c(F)c2)c2nnn([C@@H]3C[C@H](O)[C@@H](O)[C@H]3O)c2n1,5.15358543,FDA,M TICAGRELOR,L,-1,0.5368637,0.4936896730117056,1251.0
321.38000000000005,2.4081,88.24000000000001,3,4,5,3,0.1578947368421052,24,3,0.6731507176016955,0,0,0,0.3697142857142856,0,fda_1861,NC[C@@H](C(=O)Nc1ccc2cnccc2c1)c1ccc(CO)cc1,4.02111387,FDA,M NETARSUDIL,M,0,0.52526647,0.5248520660487465,1161.0
159.232,1.7516,3.24,0,1,3,1,0.2727272727272727,12,1,0.6072627909596671,0,0,0,0.9768571428571428,0,fda_331,C#CCN(C)Cc1ccccc1,2.95890141,FDA,PARGYLINE,XS,0,0.10720368,0.3815620335169895,1633.0
630.5900000000004,4.200320000000001,105.39,1,8,12,4,0.28125,45,4,0.1859833544564762,1,1,0,0.2472142857142858,1,fda_1904,COc1cccc(-c2c(C)n(Cc3c(F)cccc3C(F)(F)F)c(=O)n(C[C@H](NCCCC(=O)[O-])c3ccccc3)c2=O)c1F,5.01699495,FDA,ELAGOLIX,XL,-1,0.7470308,0.543021302244049,1106.0
285.43100000000004,3.8826000000000023,23.47,1,2,2,1,0.5789473684210527,21,3,0.8335259245753123,0,0,0,0.8323571428571429,0,fda_365,CC(C)=CCN1CC[C@]2(C)c3cc(O)ccc3C[C@H]1[C@H]2C,4.71326208,FDA,PENTAZOCINE,S,1,0.97362375,0.7803190225083038,88.0
225.20799999999997,-1.3318000000000003,119.04999999999998,3,7,4,2,0.375,16,2,0.554385971786765,0,0,0,0.1496428571428573,0,fda_525,Nc1nc2c(ncn2COCCO)c(=O)[nH]1,3.47400403,FDA,ACYCLOVIR,XS,-1,0.020492163,0.29397027736020637,1940.0
639.8300000000002,5.7289000000000065,116.04000000000002,2,9,3,0,0.6756756756756757,46,5,0.2286886083765042,2,0,0,0.171142857142857,0,fda_1916,CO/N=C1\C[C@]2(C[C@@H]3C[C@@H](C/C=C(\C)C[C@@H](C)/C=C/C=C4\CO[C@@H]5[C@H](O)C(C)=C[C@@H](C(=O)O3)[C@]45O)O2)O[C@H](/C(C)=C/C(C)C)[C@H]1C,6.35724115,FDA,MOXIDECTIN,XL,1,0.9735985,0.6944539191523441,503.0
236.2309999999999,-0.2105,93.03,2,6,2,2,0.5,17,3,0.7521450742487874,0,0,0,0.3355,0,fda_688,O=c1nc[nH]c2c1ncn2[C@H]1CC[C@@H](CO)O1,3.36860442,FDA,DIDANOSINE,XS,-1,0.87924886,0.6032446306381504,880.0
286.351,2.0483,65.15,1,3,4,2,0.4705882352941176,21,3,0.93515804493898,0,0,0,0.5346428571428571,0,fda_559,CCc1cccc2c3c([nH]c12)[C@@](CC)(CC(=O)[O-])OCC3,4.08582211,FDA,ETODOLAC,S,-1,0.9132561,0.7141278193683985,405.0
210.20899999999995,-0.8924000000000003,106.61,3,5,3,1,0.3,15,1,0.5607802792688804,0,0,1,0.2384999999999999,0,fda_328,C[C@@](N)(Cc1ccc(O)c(O)c1)C(=O)[O-],3.31800008,FDA,METHYLDOPA,XS,-1,0.050550684,0.2035461492152784,2105.0
303.293,1.7736999999999998,64.43,0,5,2,2,0.2666666666666666,22,3,0.793247744649229,0,0,0,0.5397857142857143,0,fda_677,CCOC(=O)c1ncn2c1CN(C)C(=O)c1cc(F)ccc1-2,3.9274075,FDA,FLUMAZENIL,S,-1,0.8663266,0.662426487379985,655.0
287.406,4.985000000000004,3.24,0,1,5,3,0.1428571428571428,22,3,0.6390791725132271,0,0,0,0.9768571428571428,0,fda_588,CN(C/C=C/c1ccccc1)Cc1cccc2ccccc12,4.2110405,FDA,NAFTIFINE,S,-1,0.8604383,0.6909987221841387,524.0
623.6420000000004,3.7505000000000024,132.61,2,11,9,5,0.2068965517241379,44,5,0.2374898570302951,2,0,0,0.0527857142857142,1,fda_2021,CONC(=O)Nc1ccc(-c2sc3c(c2CN(C)C)c(=O)n(-c2ccc(OC)nn2)c(=O)n3Cc2c(F)cccc2F)cc1,5.60925484,FDA,RELUGOLIX,XL,-1,0.6448544,0.539696443665498,1120.0
450.5640000000003,3.203400000000001,82.60999999999999,1,5,6,3,0.3333333333333333,32,5,0.6236721234606906,0,0,0,0.4099285714285715,1,fda_2056,O=C(c1ccc(NS(=O)(=O)c2cccc3cccnc23)cc1)N1CCN(CC2CC2)CC1,4.86286211,FDA,MITAPIVAT,L,-1,0.6338273,0.6033783984293863,879.0
374.4480000000001,3.391580000000002,96.84,3,4,3,3,0.2857142857142857,28,4,0.6545376127478132,0,0,0,0.3082857142857143,0,fda_1911,CN1CC[C@@H](NC(=O)Nc2ccc(C#N)cc2)C[C@@H]1c1nc2ccccc2[nH]1,4.82602167,FDA,GLASDEGIB,M,-1,0.90591747,0.6787457265767922,577.0
405.35700000000014,0.9626999999999996,100.87,2,6,3,2,0.3157894736842105,29,4,0.7924971534172238,0,0,0,0.2795000000000001,1,fda_1997,C[C@H]1CO[C@@H]2Cn3cc(C(=O)NCc4ccc(F)cc4F)c(=O)c(O)c3C(=O)N12,5.19760561,FDA,CABOTEGRAVIR,L,-1,0.56612545,0.6244024939720451,807.0
294.336,0.6462000000000001,107.08,2,6,4,2,0.1666666666666666,20,2,0.8048811367345586,0,0,0,0.2351428571428571,0,fda_437,CCn1ccc(NS(=O)(=O)c2ccc(N)cc2)nc1=O,3.62515831,FDA,SULFACYTINE,S,-1,0.22871122,0.42439265903216994,1478.0
295.145,3.0294,52.16,1,3,4,2,0.0714285714285714,19,2,0.9429164250092252,0,0,0,0.6274285714285714,0,fda_576,O=C([O-])Cc1ccccc1Nc1c(Cl)cccc1Cl,4.51826096,FDA,DICLOFENAC,S,-1,0.6389491,0.6692942745839738,616.0
558.5950000000003,4.170020000000003,162.15999999999997,2,11,10,5,0.3103448275862069,41,5,0.2379075869315023,2,1,0,0.0,1,fda_878,CCCc1nc(C(C)(C)O)c(C(=O)OCc2oc(=O)oc2C)n1Cc1ccc(-c2ccccc2-c2nn[nH]n2)cc1,5.32858133,FDA,OLMESARTAN MEDOXOMIL,XL,-1,0.36646846,0.43370258232500736,1442.0
476.58500000000026,3.6368000000000023,100.90000000000002,2,6,6,0,0.7407407407407407,34,4,0.5679557810972998,0,0,0,0.2792857142857141,0,fda_306,CCCCC(=O)O[C@]1(C(=O)CO)[C@@H](C)C[C@H]2[C@@H]3CCC4=CC(=O)C=C[C@]4(C)[C@@]3(F)[C@@H](O)C[C@@]21C,6.56353569,FDA,BETAMETHASONE VALERATE,L,1,0.99188626,0.7913109552388193,56.0
345.399,2.645600000000001,63.99,1,5,5,3,0.1176470588235294,24,3,0.772079833537095,0,0,0,0.5429285714285714,0,fda_2043,CNCc1cc(-c2ccccc2F)n(S(=O)(=O)c2cccnc2)c1,4.34168148,FDA,VONOPRAZAN,M,-1,0.9293596,0.7029268858018862,461.0
333.16099999999994,1.5547,83.22,1,4,4,2,0.0666666666666666,20,2,0.6797744218025024,0,0,1,0.4055714285714286,0,fda_924,Nc1c(CC(=O)[O-])cccc1C(=O)c1ccc(Br)cc1,4.69197845,FDA,BROMFENAC,M,-1,0.8712778,0.5748757846408741,984.0
266.30400000000003,2.6512200000000004,58.120000000000005,1,4,1,2,0.2666666666666666,20,4,0.8617161250864191,0,0,0,0.5848571428571427,0,fda_770,Cc1ccnc2c1NC(=O)c1cccnc1N2C1CC1,5.2316494,FDA,NEVIRAPINE,S,1,0.9823621,0.7957493189188262,42.0
382.5410000000003,3.9536000000000033,83.83,2,5,13,0,0.8181818181818182,27,1,0.2861612823490276,0,1,0,0.4012142857142857,0,fda_577,CCCC[C@@](C)(O)C/C=C/[C@H]1[C@H](O)CC(=O)[C@@H]1CCCCCCC(=O)OC,5.38385439,FDA,MISOPROSTOL,M,1,0.65607935,0.5737615778819428,987.0
556.6600000000003,1.3223000000000011,176.65999999999997,6,10,6,1,0.5517241379310345,40,4,0.2802198620935801,2,1,1,0.0,0,fda_1895,CN(C)c1cc(CNCC(C)(C)C)c(O)c2c1C[C@H]1C[C@H]3[C@H](N(C)C)C(O)=C(C(N)=O)C(=O)[C@@]3(O)C(O)=C1C2=O,5.32448149,FDA,OMADACYCLINE,XL,-1,0.0411976,0.24433131866221702,2063.0
466.97700000000026,4.103100000000003,80.67,1,5,4,0,0.72,32,4,0.4979589398519903,0,0,0,0.4237857142857143,0,fda_585,CCC(=O)O[C@]1(C(=O)CCl)[C@@H](C)C[C@H]2[C@@H]3CCC4=CC(=O)C=C[C@]4(C)[C@@]3(F)[C@@H](O)C[C@@]21C,5.55156851,FDA,CLOBETASOL PROPIONATE,L,-1,0.9943508,0.7301870134131534,322.0
383.376,2.8843000000000005,86.33,1,6,7,3,0.25,26,3,0.6751975205030643,0,0,0,0.3833571428571428,0,fda_833,COc1ccnc(C[S@@](=O)c2nc3ccc(OC(F)F)cc3[nH]2)c1OC,4.48155499,FDA,PANTOPRAZOLE,M,-1,0.91331863,0.6713939762822329,605.0
276.745,1.7379,75.27000000000001,2,3,4,1,0.3,17,1,0.8794576573550539,0,0,0,0.4623571428571428,0,fda_242,CCCNC(=O)NS(=O)(=O)c1ccc(Cl)cc1,3.37874722,FDA,CHLORPROPAMIDE,S,0,0.030866478,0.38750270574547074,1611.0
968.296,7.662800000000007,157.94,2,10,11,5,0.3846153846153846,64,7,0.1009704019955641,2,2,0,0.0,1,fda_2067,CC(C)(C#Cc1ccc(-c2ccc(Cl)c3c(NS(C)(=O)=O)nn(CC(F)(F)F)c23)c([C@H](Cc2cc(F)cc(F)c2)NC(=O)Cn2nc(C(F)(F)F)c3c2C(F)(F)[C@@H]2C[C@H]32)n1)S(C)(=O)=O,6.9434495,FDA,LENACAPAVIR,XL,1,0.96517974,0.6853673371733561,547.0
705.6470000000002,5.5773000000000055,104.70000000000002,0,12,11,5,0.3714285714285714,49,7,0.1743942883815827,3,1,2,0.252142857142857,1,fda_671,CC[C@H](C)n1ncn(-c2ccc(N3CCN(c4ccc(OC[C@H]5CO[C@](Cn6cncn6)(c6ccc(Cl)cc6Cl)O5)cc4)CC3)cc2)c1=O,6.34651899,FDA,ITRACONAZOLE,XL,1,0.86839044,0.5594723985763095,1040.0
445.54500000000024,2.0781199999999993,130.14999999999998,3,6,7,2,0.4285714285714285,31,3,0.5981616815314104,0,0,0,0.070357142857143,1,fda_453,Cc1cnc(C(=O)NCCc2ccc(S(=O)(=O)NC(=O)NC3CCCCC3)cc2)cn1,4.36144304,FDA,GLIPIZIDE,L,0,0.15036863,0.38840565329291615,1606.0
304.38599999999997,1.5507999999999988,80.92,4,4,0,1,0.6666666666666666,22,4,0.5861178147244706,0,0,0,0.422,0,fda_2016,C[C@]12CC[C@@H]3c4ccc(O)cc4CC[C@H]3[C@@H]1[C@@H](O)[C@@H](O)[C@@H]2O,5.4794488,FDA,ESTETROL,S,1,0.9816321,0.7393837076505716,268.0
532.472,4.462700000000003,64.88000000000001,0,8,8,3,0.4615384615384615,36,5,0.4245793739951387,1,0,1,0.5365714285714285,1,fda_610,CC(C)N1CCN(c2ccc(OC[C@H]3CO[C@](Cn4cncn4)(c4ccc(Cl)cc4Cl)O3)cc2)CC1,4.72521639,FDA,TERCONAZOLE,XL,0,0.05984233,0.2955528134550593,1936.0
344.41100000000006,2.2233,90.82,4,5,9,2,0.3157894736842105,25,2,0.4136022576828499,0,0,0,0.3512857142857143,0,fda_945,COc1ccc(C[C@@H](C)NC[C@H](O)c2ccc(O)c(NC=O)c2)cc1,3.60627866,FDA,ARFORMOTEROL,M,0,0.01837934,0.2934890529281113,1942.0
406.907,6.609000000000001,40.46,2,2,2,2,0.0769230769230769,21,2,0.550692990866757,1,0,0,0.7110000000000001,1,fda_53,Oc1c(Cl)cc(Cl)c(Cl)c1Cc1c(O)c(Cl)cc(Cl)c1Cl,4.89311171,FDA,HEXACHLOROPHENE,L,-1,0.7595981,0.6584836257324498,673.0
475.6260000000004,2.6742999999999997,104.14,2,7,7,0,0.8148148148148148,34,4,0.5456854445989993,0,0,0,0.2561428571428571,0,fda_191,CCN(CC)CC(=O)OCC(=O)[C@@]1(O)CC[C@H]2[C@@H]3CCC4=CC(=O)CC[C@]4(C)[C@H]3[C@@H](O)C[C@@]21C,5.1537776,FDA,HYDROCORTAMATE,L,-1,0.9859912,0.6959653780656259,497.0
312.4530000000001,3.882600000000003,37.3,1,2,1,0,0.7619047619047619,23,4,0.7460501574652694,0,0,0,0.7335714285714285,0,fda_531,C#C[C@]1(O)CC[C@H]2[C@@H]3CCC4=CC(=O)CC[C@@H]4[C@H]3CC[C@@]21CC,5.79364157,FDA,LEVONORGESTREL,S,1,0.999019,0.8270904406089076,5.0
314.469,5.846500000000006,40.46,2,2,6,1,0.5238095238095238,23,2,0.5107748679217478,1,0,0,0.7110000000000001,0,fda_1902,C=C(C)[C@@H]1CCC(C)=C[C@H]1c1c(O)cc(CCCCC)cc1O,4.4848361,FDA,CANNABIDIOL,S,-1,0.96201396,0.6860843643035505,545.0
1210.4290000000003,-3.0481000000000273,430.77999999999986,16,13,32,4,0.5254237288135594,87,6,0.0131288339459295,3,2,0,0.0,1,fda_566,CCNC(=O)[C@@H]1CCCN1C(=O)[C@H](CCCNC(N)=[NH2+])NC(=O)[C@H](CC(C)C)NC(=O)[C@@H](CC(C)C)NC(=O)[C@H](Cc1ccc(O)cc1)NC(=O)[C@H](CO)NC(=O)[C@H](Cc1c[nH]c2ccccc12)NC(=O)[C@H](Cc1c[nH]cn1)NC(=O)[C@@H]1CCC(=O)N1,6.29191732,FDA,LEUPROLIDE,XL,1,0.9360437,0.6189387905724795,825.0
337.379,3.623100000000002,77.24000000000001,1,6,6,3,0.2105263157894736,25,3,0.6951676749276839,0,0,0,0.4482857142857142,0,fda_1979,CC(C)n1nccc1-c1ncccc1COc1cccc(O)c1C=O,5.08727264,FDA,VOXELOTOR,M,-1,0.9848155,0.7406282210494121,261.0
245.366,3.113600000000001,46.25,2,2,0,1,0.625,18,3,0.7374329703078921,0,0,0,0.6696428571428572,0,fda_571,C[C@@]12CCCCC[C@@H](Cc3ccc(O)cc31)[C@@H]2N,5.09036636,FDA,DEZOCINE,XS,1,0.99537706,0.7745759602257045,106.0
317.476,5.769300000000006,3.24,0,1,4,3,0.3043478260869565,24,3,0.5902547919222657,1,0,0,0.9768571428571428,0,fda_747,CN(Cc1ccc(C(C)(C)C)cc1)Cc1cccc2ccccc12,3.88921285,FDA,BUTENAFINE,S,-1,0.87695676,0.6663721834684735,631.0
449.3850000000003,1.6344,100.87,2,6,3,2,0.3809523809523809,32,5,0.742207162248136,0,0,0,0.2794999999999999,1,fda_1879,O=C(NCc1c(F)cc(F)cc1F)c1cn2c(c(O)c1=O)C(=O)N1[C@H]3CC[C@H](C3)O[C@@H]1C2,3.97216916,FDA,BICTEGRAVIR,L,0,0.74818856,0.5935046911962484,906.0
470.01700000000034,3.5519000000000025,55.53,0,7,10,3,0.44,33,4,0.4542179585941736,0,0,0,0.6033571428571429,1,fda_687,CCc1nn(CCCN2CCN(c3cccc(Cl)c3)CC2)c(=O)n1CCOc1ccccc1,4.31062603,FDA,NEFAZODONE,L,0,0.09933547,0.394477799381183,1583.0
597.7360000000003,4.100600000000004,105.25,1,7,10,3,0.4,44,5,0.3752820517012707,1,0,0,0.2482142857142857,1,fda_1910,CN(CCN1CCC(OC(=O)Nc2ccccc2-c2ccccc2)CC1)C(=O)c1ccc(CN2CCC(C(=O)[O-])CC2)cc1,4.37504005,FDA,M REVEFENACIN,XL,0,0.14988638,0.362308029811746,1710.0
473.49300000000034,1.6279199999999991,126.30999999999996,1,8,5,4,0.25,35,5,0.3447977059479667,0,0,0,0.0977857142857144,1,fda_1977,COc1cnc(-n2cnc(C)n2)c2[nH]cc(C(=O)C(=O)N3CCN(C(=O)c4ccccc4)CC3)c12,5.6511116,FDA,TEMSAVIR,L,1,0.30470207,0.4661897138078529,1322.0
204.298,2.1460999999999997,15.6,0,3,1,1,0.3636363636363636,14,3,0.6962524977611556,0,0,0,0.8885714285714286,0,fda_668,c1ccc([C@H]2CN3CCSC3=N2)cc1,2.95184779,FDA,LEVAMISOLE,XS,0,0.04933315,0.372735903000205,1660.0
212.21099999999996,-1.5132999999999992,101.24,2,6,7,0,1.0,12,0,0.3926180087278543,0,0,0,0.2768571428571429,0,fda_699,NCCCNCCSP(=O)([O-])[O-],3.33686328,FDA,AMIFOSTINE,XS,-1,0.118829094,0.29539447294400767,1937.0
413.54100000000017,4.814300000000005,57.95,0,4,5,3,0.3333333333333333,31,4,0.5639232081739476,0,0,0,0.5860714285714286,1,fda_2092,CC1(C)CCC(C)(C)c2cc(Cn3cccn3)c(/C=C/c3ccc(C(=O)[O-])cc3)cc21,5.27542114,FDA,PALOVAROTENE,L,-1,0.9932701,0.7422799123214797,243.0
349.4820000000002,3.5764000000000022,70.83,2,4,7,3,0.4285714285714285,26,4,0.6397394346969285,0,0,0,0.4940714285714286,0,fda_2114,NCCCCN(Cc1nc2ccccc2[nH]1)[C@H]1CCCc2cccnc21,4.64051104,FDA,MAVORIXAFOR,M,-1,0.93725073,0.6923414479747605,513.0
345.4240000000001,2.8997400000000004,77.1,1,5,5,3,0.2941176470588235,24,3,0.7692390365670643,0,0,0,0.4492857142857143,0,fda_635,COc1ccc2nc([S@@](=O)Cc3ncc(C)c(OC)c3C)[nH]c2c1,4.42386961,FDA,OMEPRAZOLE,M,-1,0.98270214,0.714058086563066,406.0
492.58300000000025,4.007880000000003,96.93,0,8,7,4,0.2758620689655172,37,5,0.3845344905374436,0,0,0,0.3076428571428572,1,fda_2015,CN1CCC(COc2cnc(-c3cccc(Cn4nc(-c5cccc(C#N)c5)ccc4=O)c3)nc2)CC1,5.38458204,FDA,TEPOTINIB,XL,-1,0.96336925,0.676310855691564,588.0
353.47900000000016,2.1403999999999996,97.66,2,5,13,0,0.8,25,1,0.3904193830430953,0,1,0,0.3024285714285715,0,fda_511,CCCCC[C@H](O)/C=C/[C@H]1[C@H](O)CC(=O)[C@@H]1CCCCCCC(=O)[O-],5.0672493,FDA,ALPROSTADIL,M,-1,0.91014105,0.6414575243261759,750.0
581.6540000000003,8.048040000000006,61.440000000000005,2,3,6,3,0.3939393939393939,42,5,0.2897436215275151,2,0,0,0.5611428571428572,1,fda_2037,Cc1ccc(NC(=O)[C@H]2CCCN(C(=O)c3c(C)cccc3F)[C@H]2c2ccc(NC3CCCC3)cc2)cc1C(F)(F)F,5.09977722,FDA,AVACOPAN,XL,-1,0.94966906,0.6610551771754399,661.0
552.7240000000003,2.697200000000002,121.11,3,10,9,2,0.6206896551724138,40,5,0.4281496579360725,1,0,1,0.1349285714285715,1,fda_1925,CCc1nc(C(N)=O)c(Nc2ccc(N3CCC(N4CCN(C)CC4)CC3)c(OC)c2)nc1NC1CCOCC1,5.4823246,FDA,GILTERITINIB,XL,-1,0.09031233,0.3118640658218233,1893.0
638.817,3.451520000000002,120.67,3,6,6,4,0.5,47,7,0.2977646057887886,1,0,0,0.1380714285714286,1,fda_2071,Cc1cc(C[C@@H](NC(=O)N2CCC(c3cc4ccccc4[nH]c3=O)CC2)C(=O)N2CCN(C3CCN(C)CC3)CC2)cc2cn[nH]c12,5.09955645,FDA,ZAVEGEPANT,XL,-1,0.93809694,0.6168669940757115,833.0
339.4390000000002,1.9247,68.36,3,3,4,2,0.45,25,4,0.7971701178185844,0,0,0,0.5117142857142858,0,fda_40,CC[C@@H](CO)NC(=O)[C@@H]1C=C2c3cccc4[nH]cc(c34)C[C@H]2N(C)C1,3.75973392,FDA,METHYLERGONOVINE,M,0,0.30363873,0.48127261792635107,1287.0
378.4320000000002,2.9856999999999996,110.26,2,6,5,2,0.2857142857142857,28,3,0.8274841249091268,0,0,0,0.2124285714285715,0,fda_2049,CCOc1ncc(C)c2c1[C@H](c1ccc(C#N)cc1OC)C(C(N)=O)=C(C)N2,4.48791552,FDA,FINERENONE,M,-1,0.7431951,0.6341130443706536,772.0
254.28599999999997,-0.1878999999999994,93.81,3,5,6,1,0.4166666666666667,18,1,0.6540368201081147,0,0,0,0.3299285714285714,0,fda_636,COc1ccc(OC)c([C@@H](O)CNC(=O)CN)c1,3.46758771,FDA,MIDODRINE,S,0,0.003932078,0.3265658947643239,1843.0
414.34600000000006,3.4407000000000014,59.59,2,4,7,1,0.5882352941176471,28,2,0.6715843719947417,0,0,0,0.5743571428571428,0,fda_553,O=C(NC[C@@H]1CCCCN1)c1cc(OCC(F)(F)F)ccc1OCC(F)(F)F,4.40533876,FDA,FLECAINIDE,L,0,0.14184812,0.4536370070709833,1358.0
280.30899999999997,0.8681999999999999,107.2,2,6,4,2,0.0909090909090909,19,2,0.8045216732232587,0,0,0,0.2342857142857143,0,fda_351,COc1cnc(NS(=O)(=O)c2ccc(N)cc2)nc1,3.60673213,FDA,SULFAMETER,S,-1,0.09275607,0.3823138786354357,1630.0
394.4480000000002,-1.2597999999999965,123.19,3,7,11,1,0.5789473684210527,28,2,0.4004185066809209,0,1,0,0.1200714285714286,0,fda_2138,O=C([O-])CCc1ccc(OC[C@@H](O)CNCCNC(=O)N2CCOCC2)cc1,3.83235478,FDA,M LANDIOLOL,L,0,0.0029261182,0.27701600484423194,1999.0
592.6910000000003,-5.361100000000009,269.29,11,15,13,0,0.88,41,3,0.0891178818883148,3,2,0,0.0,0,fda_1898,CN[C@@H]1[C@@H](O)[C@@H](O[C@@H]2[C@@H](O)[C@H](O[C@H]3OC(CNCCO)=CC[C@H]3N)[C@@H](N)C[C@H]2NC(=O)[C@@H](O)CCN)OC[C@]1(C)O,2.78832889,FDA,PLAZOMICIN,XL,0,0.033779256,0.14771665861557973,2127.0
237.7299999999999,2.897800000000001,29.1,1,2,2,1,0.4615384615384615,16,2,0.8571565291687987,0,0,0,0.7921428571428571,0,fda_389,CN[C@]1(c2ccccc2Cl)CCCCC1=O,3.93450475,FDA,ESKETAMINE,XS,-1,0.91264576,0.7147767362335727,399.0
194.154,-2.078099999999999,108.17000000000002,1,7,1,2,0.1666666666666666,14,2,0.5601191738811692,0,0,0,0.2273571428571427,0,fda_842,Cn1nnc2c(C(N)=O)ncn2c1=O,4.12670851,FDA,TEMOZOLOMIDE,XS,1,0.71540046,0.5515524475965794,1064.0
381.9070000000002,4.297500000000004,38.13,0,4,3,3,0.3636363636363636,27,4,0.678552511607709,0,0,0,0.7276428571428571,0,fda_680,CN1CCC[C@H](n2nc(Cc3ccc(Cl)cc3)c3ccccc3c2=O)CC1,5.70142031,FDA,AZELASTINE,M,1,0.94594914,0.7913983755912984,55.0
136.19799999999998,0.6923999999999992,38.05,2,2,3,1,0.25,10,1,0.4737324261638871,0,0,0,0.7282142857142857,0,fda_263,NNCCc1ccccc1,4.71889496,FDA,PHENELZINE,XS,1,0.5783823,0.5797204494421475,961.0
149.237,1.837,12.03,1,1,3,1,0.4,11,1,0.6911085509284692,0,0,0,0.9140714285714284,0,fda_22,CN[C@@H](C)Cc1ccccc1,2.99567413,FDA,METHAMPHETAMINE,XS,0,0.031155707,0.37150257613897647,1665.0
575.6870000000001,5.695920000000005,115.73,2,7,8,4,0.2903225806451613,41,5,0.2786932991732298,2,0,0,0.1733571428571428,1,fda_751,COc1cc(C(=O)NS(=O)(=O)c2ccccc2C)ccc1Cc1cn(C)c2ccc(NC(=O)OC3CCCC3)cc12,6.16434288,FDA,ZAFIRLUKAST,XL,1,0.87401116,0.6629219798375275,652.0
382.5310000000001,5.308240000000004,12.05,0,2,4,4,0.1923076923076923,29,4,0.4357934712440574,1,0,3,0.9139285714285714,0,fda_269,Cc1cc(/C=C/c2ccc3cc(N(C)C)ccc3[n+]2C)c(C)n1-c1ccccc1,5.65497065,FDA,PYRVINIUM,M,1,0.9406853,0.6570357411061687,680.0
458.6460000000002,5.851800000000007,44.73,2,4,10,3,0.4,34,4,0.3740819781817828,1,0,0,0.6805,1,fda_2081,CCNCCc1ccc(CN(CC)c2cc(OC)ccc2[C@@H]2CCc3cc(O)ccc3C2)cc1,5.4839344,FDA,ELACESTRANT,L,-1,0.9160019,0.7034136969973139,458.0
586.6890000000004,4.0911000000000035,114.2,1,9,4,3,0.5151515151515151,43,7,0.3559555692291821,1,0,0,0.1842857142857142,1,fda_755,CCc1c2c(nc3ccc(OC(=O)N4CCC(N5CCCCC5)CC4)cc13)-c1cc3c(c(=O)n1C2)COC(=O)[C@]3(O)CC,6.27114248,FDA,IRINOTECAN,XL,1,0.7881959,0.6602991066140181,667.0
157.16899999999995,0.7637,46.61,0,3,1,0,0.7142857142857143,11,1,0.5642459247185074,0,0,0,0.6670714285714285,0,fda_75,CC[C@]1(C)OC(=O)N(C)C1=O,3.54541326,FDA,PARAMETHADIONE,XS,-1,0.8991274,0.6156728717999581,840.0
383.40800000000024,1.7845999999999995,106.95,1,8,4,3,0.3157894736842105,28,4,0.7265621787893097,0,0,0,0.2360714285714286,0,fda_419,COc1cc2nc(N3CCN(C(=O)c4ccco4)CC3)nc(N)c2cc1OC,5.04747629,FDA,PRAZOSIN,M,-1,0.66556656,0.6274604566996598,793.0
389.5120000000002,2.2485000000000013,89.82000000000001,2,5,10,1,0.6956521739130435,28,3,0.5992252350375153,0,0,0,0.3584285714285714,0,fda_875,CCCCC[C@H](O)CC[C@@H]1[C@H]2Cc3cccc(OCC(=O)[O-])c3C[C@H]2C[C@H]1O,5.48483086,FDA,TREPROSTINIL,M,1,0.9490896,0.7262166961809305,333.0
810.9889999999998,3.990900000000003,154.10000000000002,3,12,7,3,0.5869565217391305,59,9,0.179801053533736,2,1,0,0.0,1,fda_307,CC[C@]1(O)C[C@@H]2CN(CCc3c([nH]c4ccccc34)[C@@](C(=O)OC)(c3cc4c(cc3OC)N(C)[C@H]3[C@@](O)(C(=O)OC)[C@H](OC(C)=O)[C@]5(CC)C=CCN6CC[C@]43[C@@H]65)C2)C1,4.78058195,FDA,VINBLASTINE,XL,0,0.09575649,0.30712350279344053,1908.0
367.4660000000001,0.6059000000000014,98.77,1,6,8,0,0.8421052631578947,26,2,0.6311425650572664,0,0,0,0.2945,0,fda_692,CCC[C@H](N[C@@H](C)C(=O)N1[C@H](C(=O)[O-])C[C@@H]2CCCC[C@@H]21)C(=O)OCC,4.15924788,FDA,PERINDOPRIL,M,-1,0.20664667,0.421848947595604,1486.0
248.307,1.6838000000000002,86.18,2,4,2,2,0.0,17,2,0.7916266736810947,0,0,0,0.3844285714285713,0,fda_935,Nc1ccc(S(=O)(=O)c2ccc(N)cc2)cc1,3.55224061,FDA,DAPSONE,XS,-1,0.6760902,0.566393982908486,1014.0
1145.0699999999997,6.156600000000009,217.99999999999997,6,12,29,4,0.48,74,6,0.0337498898649966,4,2,0,0.0,1,fda_1950,CN1Cc2c(Cl)cc(Cl)cc2[C@H](c2cccc(S(=O)(=O)NCCOCCOCCNC(=O)NCCCCNC(=O)NCCOCCOCCNS(=O)(=O)c3cccc([C@@H]4CN(C)Cc5c(Cl)cc(Cl)cc54)c3)c2)C1,6.61713839,FDA,TENAPANOR,XL,1,0.77456903,0.5946467428231262,902.0
170.23199999999994,0.0355999999999991,66.15,1,3,3,0,0.8888888888888888,12,1,0.6497575678161003,0,0,0,0.5275,0,fda_704,NCC1(CC(=O)[O-])CCCCC1,3.62956262,FDA,GABAPENTIN,XS,-1,0.7677727,0.5845933069253447,935.0
169.56699999999998,1.7745,46.0,1,2,0,2,0.0,11,2,0.6535135154314028,0,0,0,0.6714285714285715,0,fda_232,O=c1[nH]c2cc(Cl)ccc2o1,3.4954083,FDA,CHLORZOXAZONE,XS,-1,0.74506384,0.5846638812247453,933.0
617.776,4.084000000000003,130.81,2,10,5,2,0.5625,44,8,0.5134195560732345,1,0,0,0.0656428571428571,1,fda_2148,CC1(C)C[C@@H]2CCC/N=C3/C=CC=C(N3)S(=O)(=O)NC(=O)c3ccc(-n4ccc(OCC[C@H]5[C@]6(CC6)[C@@]56CC6)n4)nc3N1C2,4.97213984,FDA,VANZACAFTOR,XL,-1,0.8024325,0.6042098568664697,877.0
437.5160000000003,1.2324,98.77,1,6,9,2,0.4,32,3,0.5928019349769587,0,0,0,0.2944999999999999,1,fda_647,CCOC(=O)[C@H](CCc1ccccc1)N[C@@H](C)C(=O)N1Cc2ccccc2C[C@H]1C(=O)[O-],5.12289619,FDA,QUINAPRIL,L,-1,0.32333633,0.5085263312905937,1211.0
239.36199999999997,3.7496000000000023,3.24,0,1,5,2,0.2941176470588235,18,2,0.7678129737095625,0,0,0,0.9768571428571428,0,fda_294,C[C@@H](Cc1ccccc1)N(C)Cc1ccccc1,3.46464062,FDA,BENZPHETAMINE,XS,-1,0.3415366,0.5151138740090496,1186.0
359.35400000000004,0.7601999999999995,122.91,3,8,6,1,0.6666666666666666,25,2,0.640839151584694,0,0,0,0.1220714285714285,0,fda_821,CCCCCOC(=O)Nc1nc(=O)n([C@@H]2O[C@H](C)[C@@H](O)[C@H]2O)cc1F,4.35667801,FDA,CAPECITABINE,M,-1,0.059478164,0.3745520181838743,1651.0
209.253,0.1723699999999998,91.16,3,6,1,1,0.5555555555555556,15,2,0.574966146791026,0,0,0,0.3488571428571427,0,fda_490,[H]/N=c1\nc(N2CCCCC2)cc(N)n1O,3.68689656,FDA,MINOXIDIL,XS,-1,0.14579676,0.36870841103524377,1674.0
571.682,4.732800000000004,122.64,3,10,12,4,0.2903225806451613,42,4,0.1635571220074843,1,1,0,0.124,1,fda_2047,C=CC(=O)Nc1cc(Nc2ncc(C(=O)OC(C)C)c(-c3cn(C)c4ccccc34)n2)c(OC)cc1N(C)CCNC,5.57705736,FDA,M MOBOCERTINIB,XL,-1,0.8800896,0.6006192432582648,889.0
351.47100000000006,4.431500000000004,39.19,0,4,2,2,0.3333333333333333,25,3,0.5925551443407949,0,0,0,0.7200714285714286,0,fda_763,CCOC(=O)c1ccc(C#Cc2ccc3c(c2)C(C)(C)CCS3)nc1,5.56277418,FDA,TAZAROTENE,M,1,0.99262434,0.7789069031228077,94.0
729.043,7.283700000000008,128.21,1,9,8,2,0.7727272727272727,53,7,0.2810905952720637,2,0,0,0.0842142857142856,1,fda_2026,CC(C)[C@@H](C)[C@@]1(C)CC[C@]2(C)[C@H]3CC[C@@H]4[C@@]5(COC[C@@]4(C)[C@@H](OC[C@](C)(N)C(C)(C)C)[C@H](n4ncnc4-c4ccncc4)C5)C3=CC[C@@]2(C)[C@@H]1C(=O)[O-],6.81197977,FDA,IBREXAFUNGERP,XL,1,0.95774055,0.7194855113991571,367.0
363.4150000000001,1.7018,121.55,2,6,8,2,0.2352941176470588,25,2,0.6885491116580255,0,0,0,0.1317857142857142,0,fda_496,CCCCNc1cc(C(=O)[O-])cc(S(N)(=O)=O)c1Oc1ccccc1,3.93328834,FDA,BUMETANIDE,M,0,0.07491882,0.3636265551726838,1702.0
243.219,-2.563,130.82999999999998,4,8,2,1,0.5555555555555556,17,2,0.4489304892314893,0,0,0,0.0655000000000001,0,fda_387,Nc1ccn([C@@H]2O[C@H](CO)[C@@H](O)[C@@H]2O)c(=O)n1,3.45064616,FDA,CYTARABINE,XS,-1,0.010640446,0.26007107156439097,2032.0
330.46800000000013,4.818900000000005,60.69,3,3,7,1,0.5238095238095238,24,2,0.4960524093395854,0,0,0,0.5665,0,fda_1903,C=C(C)[C@@H]1CCC(CO)=C[C@H]1c1c(O)cc(CCCCC)cc1O,4.25982904,FDA,M CANNABIDIOL,M,-1,0.81134933,0.6096352105451703,862.0
423.53300000000024,1.7167000000000003,92.7,2,5,8,2,0.44,31,3,0.6744736179622672,0,0,0,0.3378571428571428,1,fda_931,C[C@H]1CN(C[C@H](Cc2ccccc2)C(=O)NCC(=O)[O-])CC[C@@]1(C)c1cccc(O)c1,4.55019617,FDA,ALVIMOPAN,L,-1,0.6275935,0.585208372220907,929.0
344.845,5.376700000000004,17.82,0,2,4,4,0.0454545454545454,25,4,0.4545449847420714,1,0,0,0.8727142857142858,0,fda_446,Clc1ccccc1C(c1ccccc1)(c1ccccc1)n1ccnc1,4.59328508,FDA,CLOTRIMAZOLE,M,-1,0.60399306,0.590281509491761,915.0
127.187,0.0728999999999999,23.47,1,2,0,0,1.0,9,3,0.4976212255765575,0,0,0,0.8323571428571429,0,fda_2130,O[C@@H]1CN2CCC1CC2,2.59379983,FDA,M ACECLIDINE,XS,0,0.23998877,0.36253737859880264,1707.0
76.05499999999999,-0.9561000000000002,75.35000000000001,3,2,0,0,0.0,5,0,0.2566436062791167,0,0,0,0.4617857142857142,0,fda_370,NC(=O)NO,4.04179001,FDA,HYDROXYUREA,XS,-1,0.52082705,0.45069914097281794,1370.0
1030.303,5.722400000000009,241.95999999999992,4,16,10,0,0.75,73,4,0.1161733722404602,3,1,0,0.0,0,fda_956,CO[C@H]1C[C@@H]2CC[C@@H](C)[C@@](O)(O2)C(=O)C(=O)N2CCCC[C@H]2C(=O)O[C@H]([C@H](C)C[C@@H]2CC[C@@H](OC(=O)C(C)(CO)CO)[C@H](OC)C2)CC(=O)[C@H](C)/C=C(\C)[C@@H](O)[C@@H](OC)C(=O)[C@H](C)C[C@H](C)/C=C/C=C/C=C/1C,5.10480356,FDA,TEMSIROLIMUS,XL,-1,0.92502695,0.5631437336425896,1024.0
280.323,4.040500000000002,50.440000000000005,1,3,3,3,0.1666666666666666,21,3,0.787337428747122,0,0,0,0.6397142857142857,0,fda_228,CC[C@@H](c1ccccc1)c1c(O)oc2ccccc2c1=O,4.70425081,FDA,PHENPROCOUMON,S,1,0.97143215,0.7506046812977102,206.0
137.162,0.3191999999999999,36.47,1,2,1,1,0.1428571428571428,10,1,0.2571575036828201,0,0,0,0.7395,0,fda_338,C[n+]1ccccc1/C=N\O,2.73039985,FDA,PRALIDOXIME,XS,0,0.33361483,0.34165816140502653,1780.0
418.57400000000024,4.585600000000005,72.83,1,5,6,0,0.76,30,3,0.6390622750209786,0,0,0,0.4797857142857142,0,fda_631,CCC(C)(C)C(=O)O[C@H]1C[C@@H](C)C=C2C=C[C@H](C)[C@H](CC[C@@H]3C[C@@H](O)CC(=O)O3)[C@H]21,5.65177774,FDA,SIMVASTATIN,L,1,0.976339,0.7647747193230964,147.0
399.4430000000002,2.871600000000001,83.09,1,6,5,2,0.3636363636363636,29,3,0.8325220081385356,0,0,0,0.4065,0,fda_291,COc1cc2c(c(OC)c1OC)-c1ccc(OC)c(=O)cc1[C@@H](NC(C)=O)CC2,5.08185768,FDA,COLCHICINE,L,-1,0.9508723,0.7534041023538682,189.0
307.434,2.3933999999999997,50.72,2,4,11,1,0.6666666666666666,22,2,0.6164391834948149,0,1,0,0.6377142857142857,0,fda_581,CC(C)NC[C@H](O)COc1ccc(CCOCC2CC2)cc1,3.86838722,FDA,LEVOBETAXOLOL,S,-1,0.023060488,0.3802435080173123,1636.0
504.6360000000004,-0.0175999999999973,145.44,4,12,12,2,0.75,36,4,0.3081454686289042,2,2,0,0.0,1,fda_315,OCCN(CCO)c1nc(N2CCCCC2)c2nc(N(CCO)CCO)nc(N3CCCCC3)c2n1,4.65392303,FDA,DIPYRIDAMOLE,XL,0,0.006569055,0.29823687304015334,1928.0
421.4530000000002,1.8468,104.89,2,8,3,3,0.3478260869565217,31,5,0.4865420212105028,0,0,1,0.2507857142857143,1,fda_778,CC[C@@]1(O)C(=O)OCc2c1cc1n(c2=O)Cc2cc3c(CN(C)C)c(O)ccc3nc2-1,5.73308516,FDA,TOPOTECAN,L,1,0.9592179,0.6112410274286739,854.0
597.7600000000002,4.836000000000004,108.21,2,6,10,3,0.4,44,5,0.3465569297530122,1,0,0,0.2270714285714284,1,fda_1909,CN(CCN1CCC(OC(=O)Nc2ccccc2-c2ccccc2)CC1)C(=O)c1ccc(CN2CCC(C(N)=O)CC2)cc1,5.37534332,FDA,REVEFENACIN,XL,-1,0.23467274,0.4414803397243593,1402.0
376.4530000000002,2.0002999999999997,76.15,0,6,7,1,0.55,27,2,0.677733039239407,0,0,0,0.4560714285714285,0,fda_767,CCC(=O)N(c1ccccc1)C1(C(=O)OC)CCN(CCC(=O)OC)CC1,4.16212893,FDA,REMIFENTANIL,M,-1,0.09884518,0.4151611453214432,1503.0
480.53800000000024,1.067,143.75,2,8,10,2,0.4090909090909091,33,2,0.5138586535908335,0,1,0,0.0,1,fda_892,CC(C)c1nc(N(C)S(C)(=O)=O)nc(-c2ccc(F)cc2)c1/C=C/[C@@H](O)C[C@@H](O)CC(=O)[O-],4.27770472,FDA,ROSUVASTATIN,L,0,0.32204387,0.4108555463904766,1524.0
416.8720000000002,4.483500000000002,88.49000000000001,2,6,4,5,0.0909090909090909,30,5,0.4505068915844373,0,0,0,0.3679285714285714,1,fda_1921,C[C@H](Nc1ncnc2nc[nH]c12)c1cc2cccc(Cl)c2c(=O)n1-c1ccccc1,6.26194811,FDA,DUVELISIB,L,1,0.98913586,0.7572894867062213,176.0
290.38300000000004,2.033,46.53,1,3,3,1,0.5882352941176471,21,3,0.684255247270266,0,0,0,0.6676428571428572,0,fda_35,C[N+]1(C)[C@@H]2CC[C@H]1C[C@H](OC(=O)[C@@H](O)c1ccccc1)C2,3.67199326,FDA,HOMATROPINE METHYLBROMIDE,S,-1,0.04424353,0.39106113263570896,1594.0
313.31000000000006,-3.908999999999996,155.69000000000003,2,7,7,0,0.6923076923076923,22,1,0.4860880120187533,0,1,0,0.0,0,fda_2078,C[C@@]1(C(=O)N[C@@H](CCC(=O)[O-])C(=O)[O-])CCCN1C(=O)CN,3.56001377,FDA,TROFINETIDE,S,-1,0.4423818,0.3972095151689138,1574.0
645.6080000000004,-8.564500000000011,321.17,14,19,9,0,0.92,44,4,0.1034832592569746,3,1,0,0.0,0,fda_739,C[C@H]1O[C@H](O[C@H]2[C@H](O)[C@@H](O)[C@@H](O[C@H]3[C@H](O)[C@@H](O)[C@@H](O)O[C@@H]3CO)O[C@@H]2CO)[C@H](O)[C@@H](O)[C@@H]1N[C@H]1C=C(CO)[C@@H](O)[C@H](O)[C@H]1O,2.74214864,FDA,ACARBOSE,XL,0,0.07863302,0.16120222157656716,2121.0
337.35100000000006,1.1235999999999997,71.11,1,5,4,1,0.5,24,3,0.8915973887511962,0,0,1,0.4920714285714286,0,fda_860,CC(=O)NC[C@H]1CN(c2ccc(N3CCOCC3)c(F)c2)C(=O)O1,3.52168155,FDA,LINEZOLID,M,0,0.17028475,0.3435290365218504,1774.0
410.4930000000003,3.5904200000000026,64.16,0,6,4,3,0.5217391304347826,30,5,0.6577452185749303,0,0,0,0.5417142857142858,1,fda_713,Cc1nc2n(c(=O)c1CCN1CCC(c3noc4cc(F)ccc34)CC1)CCCC2,6.04004812,FDA,RISPERIDONE,L,1,0.97338235,0.797725727593773,38.0
520.6150000000001,3.416900000000002,119.31,1,9,11,4,0.2307692307692307,37,4,0.2989262390394097,1,1,0,0.1477857142857143,1,fda_2062,CC(C)OC(=O)CNc1cccc(CN(Cc2ccc(-n3cccn3)cc2)S(=O)(=O)c2cccnc2)n1,4.91692972,FDA,OMIDENEPAG ISOPROPYL,XL,-1,0.70157176,0.535867595118343,1135.0
449.8450000000002,3.462900000000001,103.37,3,6,6,3,0.25,31,4,0.4978672672389255,0,0,0,0.2616428571428572,1,fda_2050,O=C(Nc1ccc(OC(F)(F)Cl)cc1)c1cnc(N2CC[C@@H](O)C2)c(-c2cc[nH]n2)c1,5.41764975,FDA,ASCIMINIB,L,-1,0.8428724,0.6602645678326213,668.0
340.46300000000014,4.0633000000000035,43.370000000000005,0,3,1,0,0.7272727272727273,25,4,0.5338581764582067,0,0,0,0.6902142857142857,0,fda_210,C#C[C@]1(OC(C)=O)CC[C@H]2[C@@H]3CCC4=CC(=O)CC[C@@H]4[C@H]3CC[C@@]21C,5.9484334,FDA,NORETHINDRONE ACETATE,M,1,0.99363685,0.7882332921731701,63.0
224.26,0.961,75.27000000000001,2,3,4,0,0.5454545454545454,16,1,0.5513835393856523,0,0,0,0.4623571428571428,0,fda_430,C=CCC1(CC(C)C)C(=O)NC(=O)NC1=O,5.11591911,FDA,BUTALBITAL,XS,1,0.9806622,0.713796526015935,408.0
473.5940000000001,6.075200000000007,70.0,2,6,7,4,0.25,34,5,0.3186643298109016,1,0,0,0.5,1,fda_804,O=C(c1ccc(OCCN2CCCCC2)cc1)c1c(-c2ccc(O)cc2)sc2cc(O)ccc12,5.18525362,FDA,RALOXIFENE,L,-1,0.9427986,0.6639272878546109,645.0
423.52600000000024,1.1056999999999997,127.12,3,7,10,0,0.7391304347826086,30,2,0.4491618061716244,0,0,0,0.0919999999999999,0,fda_648,CC[C@H](C)C(=O)O[C@H]1C[C@H](O)C=C2C=C[C@H](C)[C@H](CC[C@@H](O)C[C@@H](O)CC(=O)[O-])[C@H]21,6.00964737,FDA,PRAVASTATIN,L,1,0.77957004,0.6510219382384762,705.0
299.4340000000001,4.267900000000004,40.129999999999995,0,2,5,0,0.45,22,1,0.5616544918724433,0,0,0,0.7133571428571429,0,fda_395,CC1=C(/C=C/C(C)=C/C=C/C(C)=C/C(=O)[O-])C(C)(C)CCC1,5.24689817,FDA,TRETINOIN,S,1,0.99657226,0.7537890097376823,188.0
110.11199999999998,1.0978,40.46,2,2,0,1,0.0,8,1,0.4907276689015206,0,0,0,0.7110000000000001,0,fda_857,Oc1ccc(O)cc1,3.35013843,FDA,HYDROQUINONE,XS,-1,0.29522657,0.4121673776124812,1517.0
365.8420000000001,2.714120000000001,92.5,2,4,2,2,0.1875,24,3,0.8553020577996142,0,0,0,0.3392857142857143,0,fda_411,Cc1ccccc1N1C(=O)c2cc(S(N)(=O)=O)c(Cl)cc2N[C@@H]1C,4.56056738,FDA,METOLAZONE,M,-1,0.8708803,0.6951415971421764,499.0
356.44700000000006,3.159600000000001,68.28999999999999,1,5,7,2,0.3157894736842105,25,3,0.8252539098127764,0,0,0,0.5122142857142857,0,fda_850,CCc1ccc(CCOc2ccc(C[C@H]3SC(=O)NC3=O)cc2)nc1,5.38443613,FDA,PIOGLITAZONE,M,1,0.9188046,0.771533486468375,121.0
369.3290000000001,-0.1927000000000001,132.47,0,8,5,3,0.2631578947368421,27,3,0.5691319612582096,0,0,0,0.0537857142857143,0,fda_622,CCCc1c2oc(C(=O)[O-])cc(=O)c2cc2c(=O)cc(C(=O)[O-])n(CC)c12,5.44214678,FDA,NEDOCROMIL,M,1,0.9302135,0.6814425678995584,564.0
416.6460000000003,5.560600000000008,60.69,3,3,5,0,0.7777777777777778,30,3,0.5141969070179693,1,0,0,0.5665,0,fda_806,C[C@@H](/C=C/[C@H](C)C(C)(C)O)[C@H]1CC[C@H]2/C(=C/C=C3C[C@@H](O)C[C@H](O)C3)CCC[C@]12C,5.43228531,FDA,PARICALCITOL,L,-1,0.99714077,0.7411979277509838,253.0
279.32099999999997,2.629200000000001,70.19,0,6,5,2,0.25,19,2,0.4777865565414021,0,0,0,0.4986428571428571,0,fda_2034,CSc1ccc(OCc2ncc([N+](=O)[O-])n2C)cc1,3.38293338,FDA,FEXINIDAZOLE,S,0,0.8261525,0.5496406385130268,1074.0
203.241,1.333,37.38,0,2,1,1,0.3333333333333333,15,2,0.6456630004201521,0,0,0,0.733,0,fda_187,CN1C(=O)C[C@@](C)(c2ccccc2)C1=O,4.44859457,FDA,METHSUXIMIDE,XS,1,0.7957226,0.6631429409628387,649.0
295.145,3.408920000000003,52.16,1,3,3,2,0.0714285714285714,19,2,0.9437114379351168,0,0,0,0.6274285714285714,0,fda_476,Cc1ccc(Cl)c(Nc2ccccc2C(=O)[O-])c1Cl,4.80434561,FDA,MECLOFENAMATE,S,1,0.91247874,0.769128413592377,129.0
124.23,0.2069,20.23,3,3,2,0,1.0,6,0,0.4493996678556496,0,0,0,0.8555,0,fda_37,OC[C@H](S)CS,2.93076396,FDA,DIMERCAPROL,XS,0,0.07289308,0.325827893718153,1851.0
266.34,4.604600000000004,40.46,2,2,3,2,0.1111111111111111,20,2,0.7966718656376947,0,0,0,0.7110000000000001,0,fda_49,C/C=C(C(=C/C)/c1ccc(O)cc1)\c1ccc(O)cc1,4.44482231,FDA,DIENESTROL,S,-1,0.9269352,0.7302762159950059,320.0
256.09599999999995,2.0098,90.71,2,5,1,2,0.0,16,2,0.8138095128696987,0,0,0,0.3520714285714286,0,fda_707,Nc1nnc(-c2cccc(Cl)c2Cl)c(N)n1,5.08011723,FDA,LAMOTRIGINE,S,1,0.8621969,0.7175089783605364,381.0
387.7190000000001,5.8629000000000016,27.05,0,4,6,3,0.1875,23,3,0.5291897722454129,1,0,0,0.8067857142857142,0,fda_534,Clc1ccc([C@H](Cn2ccnc2)OCc2ccsc2Cl)c(Cl)c1,4.95200014,FDA,TIOCONAZOLE,M,-1,0.45721677,0.5766733333599006,976.0
766.8980000000001,0.1855000000000076,253.74,7,10,20,3,0.4324324324324324,54,3,0.0821808740111529,2,2,0,0.0,1,fda_406,CSCC[C@H](NC(=O)[C@H](Cc1c[nH]c2ccccc12)NC(=O)CCNC(=O)OC(C)(C)C)C(=O)N[C@@H](CC(=O)[O-])C(=O)N[C@@H](Cc1ccccc1)C(N)=O,4.81617975,FDA,PENTAGASTRIN,XL,-1,0.33427915,0.3613482748745924,1716.0
316.4270000000002,0.5024999999999997,79.74,2,8,6,1,0.8461538461538461,21,2,0.790985307512128,0,0,0,0.4304285714285715,0,fda_477,CC(C)(C)NC[C@H](O)COc1nsnc1N1CCOCC1,2.83446026,FDA,TIMOLOL,S,0,0.0069067716,0.32591188870669685,1848.0
687.5980000000005,5.104620000000005,108.86,0,7,8,3,0.4193548387096774,47,4,0.1842329604171882,2,0,0,0.2224285714285715,1,fda_1882,Cc1ccccc1-c1cc(N2CC[N+](C)(COP(=O)([O-])[O-])CC2)ncc1N(C)C(=O)C(C)(C)c1cc(C(F)(F)F)cc(C(F)(F)F)c1,5.49045324,FDA,FOSNETUPITANT,XL,-1,0.8142397,0.5895094819419995,921.0
428.44300000000015,2.9475000000000016,86.00000000000001,2,6,3,3,0.3809523809523809,31,5,0.6700804338306232,0,0,0,0.3857142857142855,1,fda_1915,O=C(Nc1cnn2ccc(N3CCC[C@@H]3c3cc(F)ccc3F)nc12)N1CC[C@H](O)C1,5.27363157,FDA,LAROTRECTINIB,L,-1,0.98416,0.7406323949740433,260.0
557.6420000000003,4.978900000000007,114.62,3,6,12,4,0.2727272727272727,41,4,0.2273848152878657,1,1,0,0.1812857142857142,1,fda_787,CC(C)c1c(C(=O)Nc2ccccc2)c(-c2ccccc2)c(-c2ccc(F)cc2)n1CC[C@@H](O)C[C@@H](O)CC(=O)[O-],5.82479429,FDA,ATORVASTATIN,XL,-1,0.97659564,0.6633200828916279,647.0
211.261,1.1291999999999998,72.72,4,4,4,1,0.4545454545454545,15,1,0.5632719285067509,0,0,1,0.4805714285714285,0,fda_57,CC(C)NC[C@H](O)c1ccc(O)c(O)c1,3.09717464,FDA,ISOPROTERENOL,XS,-1,0.00869195,0.20209622475510974,2107.0
398.854,2.6700799999999996,119.62,3,6,6,3,0.2631578947368421,28,3,0.5892234115643402,0,0,0,0.1455714285714285,0,fda_1955,C[C@H](O)c1cc(C(=O)N[C@@H](C)Cn2ccc(-c3ccc(C#N)c(Cl)c3)n2)n[nH]1,5.20562506,FDA,DAROLUTAMIDE,L,-1,0.84803236,0.6554207941179663,689.0
403.47800000000024,3.7150000000000025,48.00000000000001,0,5,3,2,0.4,30,6,0.7314564664233757,0,0,0,0.657142857142857,1,fda_1862,COc1ccc2c3c1O[C@H]1C(OC(=O)c4ccccc4)=CC[C@H]4[C@@H](C2)N(C)CC[C@]314,5.06827497,FDA,BENZHYDROCODONE,L,-1,0.56339234,0.6411749084280332,752.0
178.14,-3.0132000000000008,107.22,4,6,1,0,0.8333333333333334,12,1,0.3184070333040473,0,0,0,0.2341428571428571,0,fda_600,O=C1O[C@H](CO)[C@@H](O)[C@H](O)[C@H]1O,2.79155183,FDA,GLUCONOLACTONE,XS,0,0.01723306,0.21222337518641046,2100.0
451.61500000000024,3.193900000000001,71.68,2,4,8,2,0.5384615384615384,33,4,0.6049384423595515,0,0,0,0.488,1,fda_775,C=CCN1C[C@H](C(=O)N(CCCN(C)C)C(=O)NCC)C[C@@H]2c3cccc4[nH]cc(c34)C[C@H]21,4.49366951,FDA,CABERGOLINE,L,-1,0.68962026,0.6014428973973047,887.0
412.42800000000005,3.429000000000002,85.07000000000001,1,6,4,5,0.0869565217391304,31,5,0.4888913017817662,0,0,0,0.3923571428571428,1,fda_1983,CNC(=O)c1ccc(-c2cnc3ncc(Cc4ccc5ncccc5c4)n3n2)cc1F,5.71241236,FDA,CAPMATINIB,L,1,0.9950648,0.7353491352785353,288.0
203.241,1.333,37.38,0,2,1,1,0.3333333333333333,15,2,0.6456630004201521,0,0,0,0.733,0,fda_194,CN1C(=O)C[C@](C)(c2ccccc2)C1=O,4.40925646,FDA,METHSUXIMIDE,XS,1,0.7957226,0.6607206167503438,664.0
391.57200000000023,3.1432,80.59,2,4,4,0,0.9583333333333334,28,4,0.7713900292451946,0,0,0,0.4243571428571429,0,fda_612,C[C@H](CCC(=O)[O-])[C@H]1CC[C@H]2[C@@H]3[C@@H](O)C[C@@H]4C[C@H](O)CC[C@]4(C)[C@H]3CC[C@]12C,5.6205802,FDA,URSODIOL,L,-1,0.9994437,0.790707785124817,57.0
460.43900000000014,-1.2435999999999974,201.84999999999997,7,10,2,1,0.4090909090909091,33,4,0.2615545851161279,1,1,0,0.0,0,fda_993,CN(C)[C@@H]1C(O)=C(C(N)=O)C(=O)[C@@]2(O)C(O)=C3C(=O)c4c(O)cccc4[C@@](C)(O)[C@H]3[C@H](O)[C@@H]12,3.85558701,FDA,OXYTETRACYCLINE,L,0,0.005822454,0.23953555038901694,2072.0
376.3900000000001,-2.1828999999999965,129.67000000000002,1,7,5,1,0.4117647058823529,26,3,0.4565852866041509,0,0,0,0.0737857142857141,0,fda_953,CC1(C)S[C@@H]2[C@H](NC(=O)[C@@H](C(=O)[O-])c3ccccc3)C(=O)N2[C@H]1C(=O)[O-],4.45611238,FDA,CARBENICILLIN,M,-1,0.5720575,0.4927693526589145,1255.0
301.342,0.7451999999999999,70.0,2,5,0,1,0.5882352941176471,22,5,0.7396980124727146,0,0,0,0.5,0,fda_250,CN1CC[C@]23c4c5ccc(O)c4O[C@H]2C(=O)CC[C@@]3(O)[C@H]1C5,4.06049013,FDA,OXYMORPHONE,S,-1,0.93025935,0.6751126542206753,593.0
221.304,1.0487999999999995,53.16,3,3,5,1,0.4166666666666667,16,1,0.6513892787333422,0,0,0,0.6202857142857143,0,fda_385,CNNCc1ccc(C(=O)NC(C)C)cc1,3.08587074,FDA,PROCARBAZINE,XS,-1,0.02949218,0.3392351325817009,1789.0
279.8550000000001,4.738000000000005,3.24,0,1,5,1,0.6470588235294118,19,2,0.7525599819436475,0,0,0,0.9768571428571428,0,fda_768,CC(C)C[C@H](N(C)C)C1(c2ccc(Cl)cc2)CCC1,4.53586626,FDA,SIBUTRAMINE,S,-1,0.7598243,0.7035124822147125,457.0
421.5170000000002,3.590620000000002,77.62,1,5,7,3,0.4,31,4,0.6308425066397831,0,0,0,0.4455714285714285,1,fda_2113,CCO[C@H]1CCN(Cc2c(OC)cc(C)c3[nH]ccc23)[C@H](c2ccc(C(=O)[O-])cc2)C1,4.8315196,FDA,IPTACOPAN,L,-1,0.9731112,0.7082319648682784,428.0
689.6649999999998,-1.873079999999994,267.13,3,17,8,2,0.4230769230769231,47,6,0.0900548688613845,2,1,0,0.0,1,fda_2111,Cc1oc(=O)oc1COC(=O)N1CC[C@@H](N2CC/C(=C\C3=C(C(=O)[O-])N4C(=O)[C@@H](NC(=O)/C(=N\O)c5nsc(N)n5)[C@H]4SC3)C2=O)C1,5.39275026,FDA,CEFTOBIPROLE MEDOCARIL,XL,-1,0.030081458,0.3071672649646794,1907.0
318.43700000000024,2.4562999999999997,46.53,1,3,4,1,0.631578947368421,23,3,0.6850778093160973,0,0,0,0.6676428571428572,0,fda_314,C[N+]1(C)CC[C@@H](OC(=O)[C@@](O)(c2ccccc2)C2CCCC2)C1,4.52737188,FDA,GLYCOPYRROLATE,M,-1,0.1443285,0.47392281933874236,1305.0
260.3809999999999,2.850740000000001,44.620000000000005,2,3,2,1,0.5625,19,2,0.8585249056143486,0,0,0,0.6812857142857143,0,fda_509,Cc1cc(C(C)(C)C)c(O)c(C)c1CC1=NCCN1,3.88500881,FDA,OXYMETAZOLINE,S,-1,0.75993407,0.6551033830804993,692.0
245.113,1.9467,62.44,3,4,1,1,0.2222222222222222,15,2,0.662396812585478,0,0,0,0.554,0,fda_632,Nc1cc(Cl)c(NC2=NCCN2)c(Cl)c1,4.53639555,FDA,APRACLONIDINE,XS,1,0.6230185,0.6021849943322949,882.0
291.39100000000013,2.1801000000000004,49.77,1,4,6,1,0.5882352941176471,21,2,0.816248731137982,0,0,0,0.6445000000000001,0,fda_960,CN(C)CCOC(=O)[C@H](c1ccccc1)C1(O)CCCC1,3.5915072,FDA,CYCLOPENTOLATE,S,-1,0.13268849,0.4367229398028234,1435.0
281.3990000000001,3.8868000000000023,12.47,0,2,4,2,0.3684210526315789,21,3,0.8428209643790592,0,0,0,0.9109285714285714,0,fda_264,CN1CCC(OC(c2ccccc2)c2ccccc2)CC1,4.14058113,FDA,DIPHENYLPYRALINE,S,-1,0.06172139,0.48120045779098347,1288.0
426.3870000000001,2.557499999999999,146.86,3,9,4,4,0.1052631578947368,31,4,0.4510730043669502,0,1,0,0.0,1,fda_2018,COC(=O)Nc1c(N)nc(-c2nn(Cc3ccccc3F)c3ncc(F)cc23)nc1N,5.03199053,FDA,VERICIGUAT,L,-1,0.89657867,0.6171055584419693,831.0
182.197,-1.2777,76.13000000000001,1,5,4,0,1.0,11,1,0.4327485782445571,0,0,0,0.4562142857142857,0,fda_2136,CS(=O)(=O)OC[C@H](O)[C@@H]1CO1,3.30870032,FDA,M TREOSULFAN,XS,-1,0.016138686,0.28881498601404876,1960.0
495.5420000000002,3.0711000000000013,97.05,3,6,13,2,0.48,35,3,0.3698312599863209,0,1,0,0.3067857142857142,1,fda_31,C[C@H](Cc1cc2c(c(C(N)=O)c1)N(CCCO)CC2)NCCOc1ccccc1OCC(F)(F)F,4.22744799,FDA,SILODOSIN,XL,0,0.06685989,0.3330787861591633,1815.0
307.39700000000005,3.2488400000000013,37.61000000000001,0,3,3,3,0.2631578947368421,23,3,0.7446971593088008,0,0,0,0.7313571428571428,0,fda_652,Cc1ccc(-c2nc3ccc(C)cn3c2CC(=O)N(C)C)cc1,4.81839275,FDA,ZOLPIDEM,S,1,0.9832977,0.7618290844543213,156.0
343.21700000000004,4.233520000000002,43.07,0,4,1,3,0.1176470588235294,23,4,0.6634881818264521,0,0,0,0.6923571428571429,0,fda_467,Cc1nnc2n1-c1ccc(Cl)cc1C(c1ccccc1Cl)=NC2,6.17265701,FDA,TRIAZOLAM,M,1,0.93475646,0.8105164995480982,14.0
284.428,4.239400000000003,6.48,0,3,3,2,0.2941176470588235,20,3,0.8321538928687809,0,0,1,0.9537142857142856,0,fda_97,C[C@@H](CN1c2ccccc2Sc2ccccc21)N(C)C,3.98145223,FDA,PROMETHAZINE,S,-1,0.49370694,0.5031425997753742,1225.0
243.257,2.3461,40.129999999999995,0,2,3,2,0.1333333333333333,18,2,0.829740682106172,0,0,0,0.7133571428571429,0,fda_550,C[C@H](C(=O)[O-])c1ccc(-c2ccccc2)c(F)c1,4.64368629,FDA,FLURBIPROFEN,XS,1,0.96318895,0.7602472671508799,167.0
466.95800000000025,3.916500000000003,99.13,1,7,4,0,0.7083333333333334,32,4,0.4948039858066498,0,0,0,0.2919285714285713,0,fda_758,CCOC(=O)O[C@]1(C(=O)OCCl)CC[C@H]2[C@@H]3CCC4=CC(=O)C=C[C@]4(C)[C@H]3[C@@H](O)C[C@@]21C,5.19768286,FDA,LOTEPREDNOL ETABONATE,L,-1,0.99210054,0.6939039967300228,505.0
274.795,3.818600000000002,16.130000000000003,0,2,5,2,0.3125,19,2,0.8240069237957237,0,0,0,0.8847857142857143,0,fda_77,CN(C)CC[C@H](c1ccc(Cl)cc1)c1ccccn1,3.90208817,FDA,CHLORPHENIRAMINE,S,-1,0.02050786,0.44777361517444425,1377.0
274.145,-2.7805999999999997,158.8,2,8,5,1,0.2222222222222222,18,1,0.545077145661533,0,1,0,0.0,0,fda_2143,N[C@@H](Cc1ccc(OP(=O)([O-])[O-])c(O)c1)C(=O)[O-],3.74717331,FDA,FOSLEVODOPA,S,-1,0.16932392,0.3386147111898249,1795.0
287.297,0.6406000000000001,106.02,0,7,3,1,0.5,19,2,0.4585682353293902,0,0,0,0.2427142857142857,0,fda_2006,C[C@@H]1CS(=O)(=O)CCN1/N=C/c1ccc([N+](=O)[O-])o1,4.04024649,FDA,NIFURTIMOX,S,-1,0.4229653,0.43972334253422646,1417.0
129.094,-0.5088000000000001,71.77000000000001,2,3,0,1,0.0,9,1,0.4952172017431901,0,0,0,0.4873571428571428,0,fda_403,Nc1[nH]c(=O)ncc1F,3.29639125,FDA,FLUCYTOSINE,XS,-1,0.8661885,0.5586800159377705,1045.0
614.6500000000003,-8.895300000000017,353.11,13,19,9,0,1.0,42,4,0.114512756987258,3,1,0,0.0,0,fda_968,NC[C@@H]1O[C@H](O[C@H]2[C@@H](O)[C@H](O[C@@H]3[C@@H](O)[C@H](N)C[C@H](N)[C@H]3O[C@H]3O[C@H](CN)[C@@H](O)[C@H](O)[C@H]3N)O[C@@H]2CO)[C@H](N)[C@@H](O)[C@@H]1O,3.11819625,FDA,NEOMYCIN,XL,0,0.022595307,0.1697527033409688,2116.0
597.664,4.020020000000003,124.24,1,10,8,3,0.5384615384615384,41,4,0.4131104469248584,1,0,0,0.1125714285714285,1,fda_1962,Cc1nn(C)cc1S(=O)(=O)NC(=O)c1ccc(-n2ccc(OCC(C)(C)C(F)(F)F)n2)nc1N1C[C@@H](C)CC1(C)C,5.58983564,FDA,ELEXACAFTOR,XL,-1,0.44523743,0.5197182567668244,1176.0
263.27500000000003,3.917200000000002,41.57,1,2,1,4,0.0,20,4,0.5287702296851626,0,0,0,0.7030714285714286,0,fda_1961,Fc1ccc(-c2ccc3c(c2)[nH]c2ccncc23)cn1,4.45986938,FDA,FLORTAUCIPIR,S,-1,0.9832155,0.6937136741477584,506.0
428.4520000000002,2.503780000000001,120.24,2,7,6,3,0.1739130434782608,32,4,0.5788786270630801,0,0,0,0.1411428571428571,1,fda_2096,N#CCNC(=O)c1ccc(-c2ccnc(Nc3ccc(N4CCOCC4=O)cc3)n2)cc1,5.42305183,FDA,M MOMELOTINIB,L,-1,0.8714019,0.67330832343121,597.0
254.355,1.9272999999999996,58.53,2,2,5,0,0.5833333333333334,17,1,0.4472415875616168,0,0,0,0.5819285714285714,0,fda_90,C=CC[C@]1([C@H](C)CCC)C(=O)N=C(S)NC1=O,4.1898942,FDA,THIAMYLAL,S,-1,0.97348386,0.6457498935466519,729.0
434.50400000000025,2.4188000000000005,93.06,2,6,2,0,0.75,31,5,0.6935078414535659,0,0,0,0.3352857142857143,0,fda_225,CC1(C)O[C@@H]2C[C@H]3[C@@H]4CCC5=CC(=O)C=C[C@]5(C)[C@@]4(F)[C@@H](O)C[C@]3(C)[C@]2(C(=O)CO)O1,5.8955245,FDA,TRIAMCINOLONE ACETONIDE,L,1,0.9965448,0.7822847981768523,79.0
448.5270000000003,1.0870999999999995,94.28,1,9,5,3,0.5,33,6,0.6243883066833762,0,0,0,0.3265714285714285,1,fda_2126,O=c1ccc2ncc(=O)n3c2n1C[C@H]3CN1CCC(NCc2cc3c(cn2)OCCC3)CC1,4.89422655,FDA,GEPOTIDACIN,L,-1,0.84372926,0.6600878287072015,669.0
241.266,2.3323,49.36,0,3,4,2,0.1333333333333333,18,2,0.8250239696136488,0,0,0,0.6474285714285715,0,fda_445,C[C@@H](C(=O)[O-])c1cccc(Oc2ccccc2)c1,4.57202578,FDA,FENOPROFEN,XS,1,0.92925376,0.7381178629765988,274.0
929.161,8.06550000000001,126.44000000000004,0,12,24,4,0.5094339622641509,67,6,0.0383493961362308,3,1,0,0.0968571428571425,1,fda_752,COc1ccc(C[C@@H]2c3cc(OC)c(OC)cc3CC[N@+]2(C)CCC(=O)OCCCCCOC(=O)CC[N@@+]2(C)CCc3cc(OC)c(OC)cc3[C@H]2Cc2ccc(OC)c(OC)c2)cc1OC,6.39080286,FDA,CISATRACURIUM,XL,1,0.96639943,0.648864421199133,709.0
230.639,-2.902000000000001,158.53,5,5,1,1,0.0,15,1,0.2570199231054271,0,1,0,0.0,0,fda_493,NC(=[NH2+])NC(=O)c1nc(Cl)c(N)nc1N,4.74067926,FDA,AMILORIDE,XS,1,0.39391124,0.4095566146329166,1534.0
379.41400000000016,-0.3855999999999993,108.0,1,7,5,1,0.4705882352941176,26,3,0.6945829459077618,0,0,0,0.2285714285714285,0,fda_979,COc1cccc(OC)c1C(=O)N[C@@H]1C(=O)N2[C@@H]1SC(C)(C)[C@@H]2C(=O)[O-],4.29628325,FDA,METHICILLIN,M,-1,0.19993988,0.43437036178286653,1440.0
310.4370000000001,3.915600000000003,29.46,1,2,1,1,0.6190476190476191,23,4,0.7968347529245803,0,0,0,0.7895714285714286,0,fda_213,C#C[C@]1(O)CC[C@H]2[C@@H]3CCc4cc(OC)ccc4[C@H]3CC[C@@]21C,5.20662928,FDA,MESTRANOL,S,1,0.99027514,0.804077712219716,29.0
500.65900000000016,4.175800000000003,83.83,2,5,10,3,0.40625,37,4,0.4364838141488936,1,0,0,0.4012142857142857,1,fda_765,CC(C)(C(=O)[O-])c1ccc([C@@H](O)CCCN2CCC(C(O)(c3ccccc3)c3ccccc3)CC2)cc1,5.34025574,FDA,FEXOFENADINE,XL,-1,0.59824497,0.5837910776559728,938.0
396.57100000000025,6.130500000000006,46.53,1,3,4,1,0.7307692307692307,29,5,0.6227170001015172,1,0,0,0.6676428571428572,0,fda_20,C[C@]12CC[C@@H]3c4ccc(O)cc4CC[C@H]3[C@@H]1CC[C@@H]2OC(=O)CCC1CCCC1,5.93026352,FDA,ESTRADIOL CYPIONATE,L,1,0.99408734,0.8027642202232954,32.0
288.43500000000006,3.8965400000000026,32.34,1,2,5,1,0.6111111111111112,21,2,0.891012713024742,0,0,0,0.769,0,fda_835,CCCCN1CCCC[C@H]1C(=O)Nc1c(C)cccc1C,4.1116147,FDA,LEVOBUPIVACAINE,S,-1,0.54697204,0.6204374827528876,818.0
354.3670000000001,-1.4366999999999974,171.37,4,10,8,2,0.5714285714285714,25,2,0.4142937706843366,0,1,0,0.0,0,fda_882,CC(C)[C@H](N)C(=O)OC[C@H](CO)OCn1cnc2c(=O)nc(N)[nH]c21,4.2218194,FDA,VALGANCICLOVIR,M,-1,0.0012671738,0.2912683083533405,1954.0
429.5370000000004,1.4386000000000003,98.77,1,6,9,1,0.625,31,3,0.596634853150844,0,0,0,0.2944999999999999,0,fda_748,CCOC(=O)[C@H](CCc1ccccc1)N[C@@H](C)C(=O)N1[C@H](C(=O)[O-])C[C@H]2CCCC[C@@H]21,4.45451403,FDA,TRANDOLAPRIL,L,-1,0.12936752,0.40994527513808976,1529.0
86.09,-0.2159999999999999,25.06,0,2,1,0,1.0,6,2,0.4121649293296036,0,0,0,0.821,0,fda_2137,C1O[C@@H]1[C@@H]1CO1,2.67348981,FDA,M TREOSULFAN,XS,0,0.13046855,0.3163614083194069,1877.0
318.32800000000003,-0.0664000000000002,77.4,1,6,3,2,0.375,23,3,0.8573765660819532,0,0,0,0.447142857142857,0,fda_591,CCn1cc(C(=O)[O-])c(=O)c2cc(F)c(N3CCNCC3)cc21,4.16335917,FDA,NORFLOXACIN,M,-1,0.94863784,0.7052105700789577,447.0
784.8880000000001,4.188940000000003,164.28,4,14,3,4,0.4634146341463415,56,11,0.1728029394039162,2,1,1,0.0,1,fda_1986,COc1ccc2[nH]c3c(c2c1)CCN[C@]31CS[C@@H]2c3c(OC(C)=O)c(C)c4c(c3[C@H](COC1=O)N1[C@@H]2[C@H]2c3c(cc(C)c(OC)c3O)C[C@@H]([C@@H]1O)N2C)OCO4,5.8218956,FDA,LURBINECTEDIN,XL,-1,0.72702587,0.45922571442604465,1341.0
477.6030000000003,-3.327499999999993,199.73,8,12,7,0,1.0,33,3,0.1815983099627801,2,1,0,0.0,0,fda_969,CN[C@@H](C)[C@@H]1CC[C@@H](N)[C@@H](O[C@H]2[C@H](O)[C@@H](O[C@H]3OC[C@](C)(O)[C@H](NC)[C@H]3O)[C@H](N)C[C@@H]2N)O1,3.33105636,FDA,GENTAMICIN,L,0,0.08881198,0.21614211105860767,2096.0
179.15099999999995,-0.0246,66.43,0,4,2,1,0.1111111111111111,13,1,0.4721709057370543,0,0,0,0.5255,0,fda_84,CC(=O)Oc1ccccc1C(=O)[O-],3.09243774,FDA,ASPIRIN,XS,-1,0.91292155,0.5593460963603925,1042.0
359.38500000000005,4.191380000000003,89.00999999999999,0,6,4,3,0.238095238095238,27,4,0.6937167816719195,0,0,0,0.3642142857142858,0,fda_1937,CC(C)Oc1ccc(-c2nc(-c3cccc4c3CCC4=O)no2)cc1C#N,5.5613513,FDA,M OZANIMOD,M,1,0.99587184,0.7644401672916248,148.0
473.3980000000001,3.5455000000000014,103.54,2,5,5,2,0.3809523809523809,33,3,0.6469701662363415,0,0,0,0.2604285714285713,1,fda_2154,COc1c([C@H]2[C@H](C(=O)Nc3ccnc(C(N)=O)c3)O[C@@](C)(C(F)(F)F)[C@H]2C)ccc(F)c1F,5.41017723,FDA,SUZETRIGINE,L,-1,0.6242658,0.6239215911596607,809.0
309.33099999999996,4.435000000000003,21.26,1,2,6,2,0.2941176470588235,22,2,0.8517964099245682,0,0,0,0.8481428571428572,0,fda_561,CNCC[C@@H](Oc1ccc(C(F)(F)F)cc1)c1ccccc1,3.76877666,FDA,FLUOXETINE,S,-1,0.053385194,0.45132150010923444,1367.0
286.45900000000006,5.510300000000006,20.23,1,1,5,0,0.5,21,1,0.6605933879271789,1,0,0,0.8555,0,fda_24,CC1=C(/C=C/C(C)=C/C=C/C(C)=C/CO)C(C)(C)CCC1,4.71074772,FDA,VITAMIN A,S,1,0.99334115,0.7538071986090816,187.0
194.23400000000004,0.6517000000000001,78.34,2,3,4,1,0.3,14,1,0.7382960322356528,0,0,0,0.4404285714285714,0,fda_1923,NC(=O)OC[C@H](N)Cc1ccccc1,3.31487083,FDA,SOLRIAMFETOL,XS,-1,0.12311983,0.38082021252766074,1635.0
406.4210000000001,2.8006800000000016,110.06,1,7,0,3,0.238095238095238,30,4,0.6146965066530885,0,0,0,0.2138571428571428,1,fda_1917,C[C@H]1Oc2cc(cnc2N)-c2c(nn(C)c2C#N)CN(C)C(=O)c2ccc(F)cc21,6.06772184,FDA,LORLATINIB,L,1,0.9958917,0.7647871255947087,146.0
413.1730000000001,3.2800400000000014,149.46,2,8,3,3,0.1333333333333333,27,3,0.1658936220616076,0,1,1,0.0,1,fda_1966,[c:1]1(-[c:10]2[o:11][n:12][c:13](-[c:17]3[c:18]([Cl:27])[n+:19]([O-:26])[c:20]([CH3:25])[c:21]([Cl:24])[c:22]3[CH3:23])[n:14]2)[cH:2][c:3]([OH:7])[c:4]([OH:8])[c:5]([N+:9](=[O:15])[O-:16])[cH:6]1,5.18711042,FDA,OPICAPONE,L,-1,0.84791315,0.45502185392108585,1351.0
296.13300000000004,-0.8858999999999995,98.69,2,6,5,1,0.5,20,2,0.6871134410494694,0,0,0,0.2950714285714285,0,fda_1873,O=C([O-])C[C@@H]1CC[C@H](NC(=O)Cc2cccs2)B(O)O1,5.44591856,FDA,VABORBACTAM,S,1,0.3040675,0.541555883277279,1113.0
509.6000000000003,0.6850000000000034,127.82,3,9,13,1,0.68,36,3,0.2598475664508193,1,1,0,0.0869999999999999,0,fda_2123,CC1(C)OC[C@@H](COC(=O)CCc2ccc(OC[C@@H](O)CNCCNC(=O)N3CCOCC3)cc2)O1,5.14941931,FDA,LANDIOLOL,XL,-1,0.0075460374,0.32808157973396507,1835.0
172.20900000000003,-0.0838,86.18,2,3,1,1,0.0,11,1,0.5805509816764027,0,0,0,0.3844285714285713,0,fda_67,Nc1ccc(S(N)(=O)=O)cc1,3.06669641,FDA,SULFANILAMIDE,XS,-1,0.34030998,0.39354640191997214,1585.0
313.78500000000014,1.0838,72.0,1,5,6,1,0.5714285714285714,21,2,0.3691365154934619,0,0,0,0.4857142857142857,0,fda_2121,[O-][n+]1cccc(/C(Cl)=N/OC[C@H](O)CN2CCCCC2)c1,3.99054265,FDA,ARIMOCLOMOL,S,-1,0.03214826,0.32583127553682356,1850.0
505.63700000000034,2.4028,131.19,3,7,11,2,0.48,35,3,0.3997403747719006,1,1,0,0.0629285714285714,1,fda_837,CC(C)CN(C[C@@H](O)[C@H](Cc1ccccc1)NC(=O)O[C@H]1CCOC1)S(=O)(=O)c1ccc(N)cc1,4.60132074,FDA,AMPRENAVIR,XL,0,0.01400023,0.3218389710252995,1862.0
424.946,3.172600000000002,79.15,3,6,6,2,0.4285714285714285,28,3,0.6606272277437806,0,0,0,0.4346428571428571,1,fda_2069,CCOc1ccc(Cc2cc([C@@H]3O[C@H](SC)[C@@H](O)[C@H](O)[C@H]3O)ccc2Cl)cc1,3.80438399,FDA,SOTAGLIFLOZIN,L,0,0.3325043,0.4576659917358217,1345.0
436.888,1.3564999999999994,108.61,4,7,6,2,0.4545454545454545,30,4,0.5410269555469095,0,0,0,0.2242142857142856,1,fda_1874,CCOc1ccc(Cc2cc([C@]34OC[C@](CO)(O3)[C@@H](O)[C@H](O)[C@H]4O)ccc2Cl)cc1,4.00056505,FDA,ERTUGLIFLOZIN,L,0,0.032245353,0.33470564127716124,1809.0
324.341,-0.7975999999999985,151.14000000000004,3,9,7,2,0.5384615384615384,23,2,0.4421427639585916,0,1,0,0.0,0,fda_740,CC(C)[C@H](N)C(=O)OCCOCn1cnc2c(=O)[nH]c(N)nc21,3.93869662,FDA,VALACYCLOVIR,M,0,0.0030341896,0.27993435017840007,1989.0
348.3810000000001,-1.142399999999997,128.28,3,6,4,0,0.8333333333333334,23,3,0.5477029671920374,0,0,0,0.0837142857142857,0,fda_1973,O=C(NC1CCNCC1)[C@@H]1CC[C@@H]2CN1C(=O)N2OS(=O)(=O)O,4.86953068,FDA,RELEBACTAM,M,-1,0.020608537,0.37200812597646316,1664.0
340.4430000000001,2.7045000000000012,46.53,1,3,4,2,0.3809523809523809,25,3,0.6875579142294286,0,0,0,0.6676428571428572,0,fda_201,C[N+]1(C)CCC[C@@H](OC(=O)C(O)(c2ccccc2)c2ccccc2)C1,4.10975122,FDA,MEPENZOLATE,M,-1,0.29813662,0.4948454307783332,1246.0
204.229,1.2994,49.41,1,2,2,1,0.2727272727272727,15,2,0.7380128478007799,0,0,0,0.6470714285714285,0,fda_208,CCN1C(=O)N[C@H](c2ccccc2)C1=O,4.11707592,FDA,ETHOTOIN,XS,1,0.8964115,0.6828127828735977,556.0
124.23,0.2069,20.23,3,3,2,0,1.0,6,0,0.4493996678556496,0,0,0,0.8555,0,fda_54,OC[C@@H](S)CS,3.50634694,FDA,DIMERCAPROL,XS,-1,0.07289308,0.36127058755255315,1717.0
420.4690000000002,1.72788,109.29,2,7,5,3,0.3478260869565217,31,4,0.6506541917777005,0,0,0,0.2193571428571428,1,fda_2145,Cn1c(=O)oc2ccc(-c3ccc(C[C@@H](C#N)NC(=O)[C@@H]4CNCCCO4)cc3)cc21,4.62704134,FDA,BRENSOCATIB,L,-1,0.6118973,0.5686175135319779,1001.0
287.36299999999994,1.9229,57.36,2,3,5,2,0.4375,21,3,0.8831305051919813,0,0,0,0.5902857142857143,0,fda_799,CN(C)CCc1c[nH]c2ccc(C[C@H]3COC(=O)N3)cc12,3.64352441,FDA,ZOLMITRIPTAN,S,-1,0.5915935,0.585552443271106,928.0
451.58700000000033,3.885200000000003,81.7,1,5,10,2,0.4814814814814814,33,3,0.5927698191036681,0,0,0,0.4164285714285713,1,fda_794,CCOc1cc(CC(=O)N[C@@H](CC(C)C)c2ccccc2N2CCCCC2)ccc1C(=O)[O-],4.93334627,FDA,REPAGLINIDE,L,-1,0.43114805,0.5413843572899497,1114.0
853.918,3.735700000000003,221.28999999999996,4,14,10,3,0.4468085106382978,62,7,0.129786194451245,2,1,0,0.0,1,fda_712,CC(=O)O[C@H]1C(=O)[C@@]2(C)[C@H]([C@H](OC(=O)c3ccccc3)[C@]3(O)C[C@H](OC(=O)[C@H](O)[C@@H](NC(=O)c4ccccc4)c4ccccc4)C(C)=C1C3(C)C)[C@]1(OC(C)=O)CO[C@@H]1C[C@@H]2O,5.24197817,FDA,PACLITAXEL,XL,-1,0.21767573,0.3621077163201083,1712.0
554.6550000000002,4.104200000000003,109.67000000000002,2,10,10,4,0.2666666666666666,41,5,0.2800492068731047,1,0,0,0.216642857142857,1,fda_2151,C=CC(=O)Nc1cc(Nc2nccc(-n3cc(CN(C)C)c(-c4ccccc4)n3)n2)c(OC)cc1N1CCOCC1,5.98000574,FDA,LAZERTINIB,XL,-1,0.857701,0.6512777336160027,703.0
414.4690000000002,2.9771800000000015,103.17,2,7,6,3,0.217391304347826,31,4,0.597823059764905,0,0,1,0.2630714285714285,1,fda_2095,N#CCNC(=O)c1ccc(-c2ccnc(Nc3ccc(N4CCOCC4)cc3)n2)cc1,5.34688568,FDA,MOMELOTINIB,L,-1,0.88905656,0.5898963904900905,918.0
75.067,-0.4882999999999999,49.33,2,2,0,0,0.5,5,0,0.3013330093828796,0,0,0,0.6476428571428572,0,fda_547,CC(=O)NO,4.51809597,FDA,ACETOHYDROXAMIC ACID,XS,1,0.47828925,0.49479090554186467,1247.0
471.4700000000002,2.6847200000000004,136.31,2,8,7,4,0.1428571428571428,33,4,0.3927578678332285,0,0,0,0.0263571428571428,1,fda_2158,CNS(=O)(=O)Nc1nccc(Cc2c(C)c3ccc(Oc4ncccn4)cc3oc2=O)c1F,5.99225044,FDA,AVUTOMETINIB,L,1,0.8312519,0.6476101673870737,723.0
231.26099999999997,3.2459000000000024,12.03,1,1,4,1,0.5,16,1,0.8383597745599246,0,0,0,0.9140714285714284,0,fda_1958,CCN[C@@H](C)Cc1cccc(C(F)(F)F)c1,3.20274806,FDA,FENFLURAMINE,XS,-1,0.31338528,0.49837269815686386,1233.0
361.3970000000001,4.112400000000003,65.49000000000001,0,5,5,3,0.1363636363636363,27,3,0.5053017377899989,0,0,0,0.5322142857142856,0,fda_916,CC(=O)Oc1ccc(C(c2ccc(OC(C)=O)cc2)c2ccccn2)cc1,5.62429476,FDA,BISACODYL,M,1,0.82724416,0.6968447055465663,491.0
289.80600000000004,3.5276000000000023,23.47,1,2,5,2,0.2941176470588235,20,2,0.9101481503464453,0,0,0,0.8323571428571429,0,fda_275,CN(C)CC[C@@](O)(c1ccccc1)c1ccccc1Cl,3.80562782,FDA,CHLOPHEDIANOL,S,-1,0.122940734,0.4845491242319224,1278.0
331.35300000000007,1.7376,99.6,2,6,2,2,0.0666666666666666,23,3,0.6421512761710628,0,0,0,0.2885714285714286,0,fda_488,CN1/C(=C(/O)Nc2ccccn2)C(=O)c2ccccc2S1(=O)=O,4.64013481,FDA,PIROXICAM,M,-1,0.35132223,0.49647209625153915,1241.0
515.5960000000002,5.438000000000006,64.96,0,5,9,2,0.5172413793103449,37,4,0.3296958400794389,2,0,0,0.536,1,fda_1896,CCc1cc(/C(C)=N/OCc2ccc(C3CCCCC3)c(C(F)(F)F)c2)ccc1CN1CC(C(=O)[O-])C1,5.20903444,FDA,SIPONIMOD,XL,-1,0.9102791,0.6614420924774085,659.0
356.4620000000001,2.752900000000001,74.6,2,4,2,0,0.6363636363636364,26,4,0.7462733211519809,0,0,0,0.4671428571428572,0,fda_2091,C[C@@H]1C[C@H]2[C@@H]3CCC4=CC(=O)C=C[C@]4(C)C3=CC[C@]2(C)[C@@]1(O)C(=O)CO,5.549438,FDA,VAMOROLONE,M,1,0.99642557,0.7846768647734573,69.0
306.446,3.543100000000003,46.53,1,3,0,0,0.9473684210526316,22,4,0.6962908532154631,0,0,0,0.6676428571428572,0,fda_334,C[C@]12COC(=O)C[C@@H]1CC[C@@H]1[C@@H]2CC[C@@]2(C)[C@H]1CC[C@]2(C)O,5.49306917,FDA,OXANDROLONE,S,1,0.99786025,0.7916897508563986,54.0
1202.634999999999,3.269000000000005,278.8,5,12,15,0,0.7903225806451613,85,1,0.1479247146733168,2,2,0,0.0,0,fda_840,C/C=C/C[C@@H](C)[C@@H](O)[C@H]1C(=O)N[C@@H](CC)C(=O)N(C)CC(=O)N(C)[C@@H](CC(C)C)C(=O)N[C@@H](C(C)C)C(=O)N(C)[C@@H](CC(C)C)C(=O)N[C@@H](C)C(=O)N[C@H](C)C(=O)N(C)[C@@H](CC(C)C)C(=O)N(C)[C@@H](CC(C)C)C(=O)N(C)[C@@H](C(C)C)C(=O)N1C,7.06703329,FDA,CYCLOSPORINE,XL,1,0.51901007,0.5685172059647506,1002.0
114.173,1.08269,20.72,1,2,0,1,0.25,7,1,0.5004564356679512,0,0,0,0.852,0,fda_88,Cn1cc[nH]c1=S,3.2095058,FDA,METHIMAZOLE,XS,-1,0.288042,0.4173980268970104,1497.0
250.342,2.759700000000002,32.78,0,3,4,1,0.5,18,1,0.8234224757170807,0,0,0,0.7658571428571428,0,fda_807,CCN(C)C(=O)Oc1cccc([C@H](C)N(C)C)c1,2.92910385,FDA,RIVASTIGMINE,XS,0,0.13460065,0.41007821813035916,1527.0
391.66300000000007,4.7189000000000005,72.05000000000001,1,4,3,3,0.0714285714285714,23,3,0.7010036458654497,0,0,0,0.4853571428571428,0,fda_1892,CS(=O)(=O)c1nc2cc(Cl)c(Oc3cccc(Cl)c3Cl)cc2[nH]1,4.98456526,FDA,M TRICLABENDAZOLE,L,-1,0.96846247,0.7342722327667486,293.0
360.2620000000001,0.2847999999999997,121.83,1,6,5,2,0.125,25,3,0.6038768165958809,0,0,0,0.1297857142857141,0,fda_734,O=C1NC(c2ccccc2)(c2ccccc2)C(=O)N1COP(=O)([O-])[O-],4.18031073,FDA,FOSPHENYTOIN,M,-1,0.6242633,0.5265063419107583,1154.0
308.77200000000005,3.5801200000000017,43.07,0,4,1,3,0.1176470588235294,22,4,0.6893709827759431,0,0,0,0.6923571428571429,0,fda_501,Cc1nnc2n1-c1ccc(Cl)cc1C(c1ccccc1)=NC2,5.28632689,FDA,ALPRAZOLAM,S,1,0.9548455,0.7671421931419862,135.0
221.256,1.7906399999999998,47.56,1,3,3,1,0.4166666666666667,16,2,0.8460710155484404,0,0,0,0.6602857142857143,0,fda_323,Cc1cc(C)cc(OC[C@H]2CNC(=O)O2)c1,3.42870331,FDA,METAXALONE,XS,-1,0.48776755,0.5407647058159527,1119.0
298.42600000000004,3.4925000000000024,37.3,1,2,0,0,0.75,22,4,0.6950885218084817,0,0,0,0.7335714285714285,0,fda_209,C#C[C@]1(O)CC[C@H]2[C@@H]3CCC4=CC(=O)CC[C@@H]4[C@H]3CC[C@@]21C,5.67393494,FDA,NORETHINDRONE,S,1,0.998779,0.8094549316112892,17.0
229.25499999999997,1.7018,49.36,0,3,3,2,0.2142857142857142,17,2,0.8044886100489643,0,0,0,0.6474285714285715,0,fda_442,COc1ccc2cc([C@H](C)C(=O)[O-])ccc2c1,3.53290105,FDA,NAPROXEN,XS,-1,0.9669872,0.6813445949678675,567.0
357.4500000000003,1.7072999999999998,73.16,3,5,2,1,0.7142857142857143,26,6,0.7514859268568042,0,0,0,0.4774285714285714,0,fda_479,Oc1ccc2c3c1O[C@H]1[C@@H](O)CC[C@@]4(O)[C@@H](C2)N(CC2CCC2)CC[C@]314,4.54034328,FDA,NALBUPHINE,M,-1,0.92443806,0.7030146426046286,460.0
506.6050000000003,4.936920000000004,75.0,1,8,7,4,0.4074074074074074,37,5,0.3806883073588551,1,0,0,0.4642857142857143,1,fda_1863,CCN1CCN(Cc2ccc(Nc3ncc(F)c(-c4cc(F)c5nc(C)n(C(C)C)c5c4)n3)nc2)CC1,5.7972703,FDA,ABEMACICLIB,XL,-1,0.98586375,0.7233663730544166,346.0
429.1340000000001,6.117800000000003,39.41,0,4,6,3,0.1111111111111111,26,3,0.350148407155942,1,0,0,0.7185,1,fda_638,Clc1ccc(CO/N=C(\Cn2ccnc2)c2ccc(Cl)cc2Cl)c(Cl)c1,4.87380695,FDA,OXICONAZOLE,L,-1,0.5285691,0.5486272809130021,1081.0
344.4550000000002,2.731700000000001,62.129999999999995,1,5,5,1,0.6,25,3,0.8344883565703411,0,0,0,0.5562142857142858,0,fda_240,CN1CCCN=C1COC(=O)[C@](O)(c1ccccc1)C1CCCCC1,4.4794364,FDA,OXYPHENCYCLIMINE,M,-1,0.116948225,0.4814962605787574,1286.0
225.224,-1.3877999999999997,118.64,4,6,4,1,0.3,16,1,0.2844951644050399,0,0,1,0.1525714285714284,0,fda_433,C[C@@](Cc1ccc(O)c(O)c1)(NN)C(=O)[O-],3.69403005,FDA,CARBIDOPA,XS,-1,0.016448146,0.15262031811664112,2126.0
384.51600000000025,4.575300000000005,60.440000000000005,0,4,2,0,0.7083333333333334,28,4,0.6541950145872741,0,0,0,0.5682857142857143,0,fda_400,CC(=O)O[C@]1(C(C)=O)CC[C@H]2[C@@H]3C=C(C)C4=CC(=O)CC[C@]4(C)[C@H]3CC[C@@]21C,5.94436884,FDA,MEGESTROL ACETATE,M,1,0.99583864,0.8005180577724084,35.0
421.4220000000001,1.6254000000000004,118.36,3,5,3,2,0.2,27,3,0.6961649733786912,0,0,0,0.1545714285714287,1,fda_279,NS(=O)(=O)c1cc2c(cc1C(F)(F)F)N[C@H](Cc1ccccc1)NS2(=O)=O,5.11325073,FDA,BENDROFLUMETHIAZIDE,L,-1,0.1622224,0.4662779616824518,1321.0
423.64200000000034,3.8484000000000034,37.41,0,6,18,1,0.75,30,1,0.3570341652419156,0,1,0,0.7327857142857143,0,fda_94,CCN(CC)CCOc1cccc(OCCN(CC)CC)c1OCCN(CC)CC,3.27088284,FDA,GALLAMINE,L,0,0.03296063,0.30404714165840047,1921.0
369.3680000000001,3.515220000000001,67.87,1,4,5,3,0.25,25,3,0.7472859639825712,0,0,0,0.5152142857142856,0,fda_726,Cc1c(OCC(F)(F)F)ccnc1C[S@](=O)c1nc2ccccc2[nH]1,4.63642311,FDA,LANSOPRAZOLE,M,-1,0.9347231,0.7149550266428937,397.0
236.29599999999996,2.7321999999999997,66.56,2,3,2,2,0.1818181818181818,16,2,0.621567647628534,0,0,0,0.5245714285714286,0,fda_735,C[C@@H](c1cc2ccccc2s1)N(O)C(N)=O,4.03515053,FDA,ZILEUTON,XS,-1,0.9242525,0.650581329621767,706.0
244.294,2.669100000000001,44.12,0,4,4,2,0.2857142857142857,18,2,0.776550261358108,0,0,0,0.6848571428571428,0,fda_497,CCOC(=O)c1cncn1[C@H](C)c1ccccc1,3.5234859,FDA,ETOMIDATE,XS,-1,0.46826053,0.5293020255507122,1149.0
210.28000000000003,2.3840000000000003,24.39,1,2,2,2,0.2142857142857142,16,3,0.8082645116844471,0,0,0,0.8257857142857143,0,fda_545,c1ccc2c(CC3=NCCN3)cccc2c1,3.41302681,FDA,NAPHAZOLINE,XS,-1,0.30227402,0.49314003398667633,1253.0
606.7820000000003,8.682600000000003,57.53,2,3,14,1,0.8125,41,4,0.1645862016113967,2,1,0,0.5890714285714286,0,fda_887,C[C@]12CC[C@@H]3c4ccc(O)cc4C[C@@H](CCCCCCCCC[S@](=O)CCCC(F)(F)C(F)(F)F)[C@H]3[C@@H]1CC[C@@H]2O,5.74958467,FDA,FULVESTRANT,XL,-1,0.9914141,0.6913532989385639,520.0
336.47900000000004,4.136700000000004,23.550000000000004,0,2,6,2,0.4090909090909091,25,3,0.7914868412582013,0,0,0,0.8317857142857142,0,fda_357,CCC(=O)N(c1ccccc1)C1CCN(CCc2ccccc2)CC1,4.44702101,FDA,FENTANYL,M,-1,0.6408809,0.6556368631205455,688.0
517.7760000000004,5.251300000000007,66.84,1,6,5,0,0.8666666666666667,36,5,0.3968262654096404,2,0,0,0.5225714285714285,0,fda_954,C=C[C@]1(C)C[C@@H](OC(=O)CS[C@@H]2C[C@H]3CC[C@@H](C2)N3C)[C@@]2(C)[C@H](C)CC[C@]3(CCC(=O)[C@H]32)[C@@H](C)[C@@H]1O,5.41388273,FDA,RETAPAMULIN,XL,-1,0.9800903,0.7070826443537682,438.0
435.4550000000002,2.4731200000000007,107.44,2,7,1,3,0.375,32,6,0.4450009608516145,0,0,0,0.2325714285714285,1,fda_1993,CC[C@@]1(O)C(=O)OCc2c1cc1n(c2=O)Cc2c-1nc1cc(F)c(C)c3c1c2[C@@H](N)CC3,5.85588408,FDA,EXATECAN,L,1,0.9910024,0.7182083227481552,375.0
414.52700000000016,3.368500000000002,59.080000000000005,0,6,6,2,0.3636363636363636,29,3,0.6757916364888925,0,0,0,0.578,1,fda_523,COc1ccc([C@@H]2Sc3ccccc3N(CCN(C)C)C(=O)[C@@H]2OC(C)=O)cc1,5.08294439,FDA,DILTIAZEM,L,-1,0.2983213,0.5435096502700274,1104.0
253.718,1.715799999999999,62.2,2,6,1,2,0.2222222222222222,16,3,0.8124044266873097,0,0,0,0.5557142857142857,0,fda_725,Clc1ccc2nsnc2c1NC1=NCCN1,4.25136757,FDA,TIZANIDINE,S,-1,0.46505913,0.5674189440989388,1007.0
406.482,3.738000000000002,75.74000000000001,3,5,10,4,0.25,30,4,0.3499607634429391,0,0,0,0.4589999999999999,1,fda_715,COc1ccccc1OCCNC[C@@H](O)COc1cccc2[nH]c3ccccc3c12,4.08918524,FDA,CARVEDILOL,L,0,0.41608056,0.4405785100519613,1410.0
416.6460000000002,5.704700000000008,60.69,3,3,6,0,0.7777777777777778,30,3,0.5199919050350968,1,0,0,0.5665,0,fda_480,C=C1/C(=C\C=C2/CCC[C@]3(C)[C@@H]([C@H](C)CCCC(C)(C)O)CC[C@@H]23)C[C@@H](O)C[C@@H]1O,5.73014832,FDA,CALCITRIOL,L,1,0.99764353,0.7608492781740226,161.0
370.4890000000001,4.185200000000004,60.440000000000005,0,4,2,0,0.6956521739130435,27,4,0.5402057989764432,0,0,0,0.5682857142857143,0,fda_1894,C=C1C[C@H]2[C@@H]3CCC4=CC(=O)CC[C@@H]4[C@H]3CC[C@]2(C)[C@@]1(OC(C)=O)C(C)=O,5.78698492,FDA,SEGESTERONE ACETATE,M,1,0.99247944,0.7670212436259544,136.0
259.306,1.8325,57.2,0,4,4,2,0.1428571428571428,18,2,0.7870481258790089,0,0,0,0.5914285714285714,0,fda_594,C[C@@H](C(=O)[O-])c1ccc(C(=O)c2cccs2)cc1,4.682868,FDA,SUPROFEN,S,1,0.9749315,0.7454513460421823,230.0
375.664,5.052800000000001,54.98,1,3,3,3,0.0714285714285714,22,3,0.6964337451763656,1,0,0,0.6072857142857143,0,fda_1891,C[S@@](=O)c1nc2cc(Cl)c(Oc3cccc(Cl)c3Cl)cc2[nH]1,5.28469038,FDA,M TRICLABENDAZOLE,M,-1,0.960538,0.7616545938096566,157.0
557.8400000000003,5.965900000000007,55.84,0,5,4,0,0.9411764705882352,40,6,0.3151098082587802,2,0,0,0.6011428571428572,0,fda_552,CC(=O)O[C@H]1C[C@@H]2CC[C@@H]3[C@H](CC[C@@]4(C)[C@H]3C[C@H]([N+]3(C)CCCCC3)[C@@H]4OC(C)=O)[C@@]2(C)C[C@@H]1N1CCCCC1,5.50522804,FDA,VECURONIUM,XL,-1,0.98089474,0.7044625786201056,454.0
205.27699999999996,1.7385,40.129999999999995,0,2,4,1,0.4615384615384615,15,1,0.7507790478562271,0,0,0,0.7133571428571429,0,fda_423,CC(C)Cc1ccc([C@@H](C)C(=O)[O-])cc1,4.15643644,FDA,IBUPROFEN,XS,1,0.89334595,0.6934986286005665,509.0
302.37,3.5664000000000033,80.92,4,4,5,2,0.3333333333333333,22,2,0.636536149264244,0,0,1,0.422,0,fda_656,C[C@H](Cc1ccc(O)c(O)c1)[C@@H](C)Cc1ccc(O)c(O)c1,4.80050468,FDA,MASOPROCOL,S,1,0.8143268,0.5574684119432158,1048.0
431.50000000000017,3.5588200000000025,99.75,1,9,6,4,0.2608695652173913,32,4,0.4981804969528948,0,0,0,0.2875,1,fda_2157,Cc1nc(-c2cnc(NC(C)C)n(C)c2=O)ccc1Oc1ccnc(-c2cnn(C)c2)c1,6.4352994,FDA,VIMSELTINIB,L,1,0.98803675,0.7691260763532664,130.0
446.5590000000004,2.724500000000001,91.21,2,8,3,3,0.5,33,6,0.6392153051534564,0,0,0,0.3485,1,fda_2017,CN1CCN(c2ccc(Nc3ncc4cc5n(c4n3)C3(CCCCC3)CNC5=O)nc2)CC1,5.95517874,FDA,TRILACICLIB,L,1,0.98176676,0.7719876274868033,119.0
477.6260000000002,1.8019000000000005,110.21,1,9,9,0,0.7368421052631579,30,3,0.3018598166462976,0,0,0,0.2127857142857143,0,fda_2139,CCC(CC)C(=O)OCOC(=O)C1=C(S[C@H]2CC[S@@](=O)C2)S[C@@H]2[C@@H]([C@@H](C)O)C(=O)N12,4.11791182,FDA,SULOPENEM ETZADROXIL,L,0,0.05077313,0.2985135550539038,1927.0
198.21799999999996,0.4272000000000001,58.92,2,4,5,1,0.4,14,1,0.7198499687675642,0,0,0,0.5791428571428572,0,fda_877,COc1ccccc1OC[C@@H](O)CO,2.88159442,FDA,GUAIFENESIN,XS,0,0.020516593,0.33354157796504436,1813.0
560.6490000000001,5.026900000000005,85.52,3,6,7,4,0.3548387096774194,41,6,0.2942436042587454,2,0,0,0.3891428571428571,1,fda_1969,CN1CCN(c2ccc(C(=O)Nc3n[nH]c4ccc(Cc5cc(F)cc(F)c5)cc34)c(NC3CCOCC3)c2)CC1,5.89764595,FDA,ENTRECTINIB,XL,-1,0.97961867,0.7028704587287498,462.0
275.39500000000004,4.553800000000004,3.24,0,1,3,2,0.2,21,3,0.6773504085567709,0,0,0,0.9768571428571428,0,fda_458,CN(C)CCC=C1c2ccccc2C=Cc2ccccc21,4.10865784,FDA,CYCLOBENZAPRINE,S,-1,0.58963937,0.6111088632442208,855.0
122.10299999999997,-0.5549000000000002,53.02,0,3,1,1,0.0,9,1,0.5015757599713943,0,0,0,0.6212857142857143,0,fda_218,O=C([O-])c1cccnc1,2.8956635,FDA,NIACIN,XS,0,0.35275954,0.3946402439672224,1580.0
240.35,3.1652000000000013,16.130000000000003,0,2,5,2,0.3125,18,2,0.7977462845021502,0,0,0,0.8847857142857143,0,fda_673,CN(C)CC[C@H](c1ccccc1)c1ccccn1,3.73256397,FDA,PHENIRAMINE,XS,-1,0.051500507,0.4413804837597751,1404.0
324.4240000000001,3.173200000000002,45.59,1,4,4,2,0.45,24,5,0.8776016184783941,0,0,0,0.6743571428571429,0,fda_937,C=C[C@H]1CN2CC[C@H]1C[C@H]2[C@H](O)c1ccnc2ccc(OC)cc12,3.96409726,FDA,QUININE,M,0,0.25559428,0.5117939655218262,1196.0
404.4700000000001,3.631680000000002,104.2,2,7,7,3,0.3478260869565217,30,4,0.6194671591037015,0,0,0,0.2557142857142858,1,fda_1936,CC(C)Oc1ccc(-c2nc(-c3cccc4c3CC[C@@H]4NCCO)no2)cc1C#N,5.39591169,FDA,OZANIMOD,L,-1,0.87932885,0.6935900396357494,508.0
146.21,0.2557,26.3,0,2,3,0,0.8571428571428571,10,0,0.4213777873274688,0,0,0,0.8121428571428572,0,fda_366,CC(=O)OCC[N+](C)(C)C,2.678231,FDA,ACETYLCHOLINE,XS,0,0.032787856,0.2883060039636015,1961.0
923.0830000000002,-0.622999999999994,322.43999999999994,11,18,3,0,0.6595744680851063,65,3,0.1571695813638663,3,1,0,0.0,0,fda_996,C[C@@H]1[C@H](O)[C@@H](C)/C=C/C=C/C=C/C=C/C=C/C=C/C=C/[C@H](O[C@@H]2O[C@H](C)[C@@H](O)[C@H](N)[C@@H]2O)C[C@@H]2O[C@](O)(C[C@@H](O)C[C@@H](O)[C@H](O)CC[C@@H](O)C[C@@H](O)CC(=O)O[C@H]1C)C[C@H](O)[C@H]2C(=O)[O-],6.31735086,FDA,AMPHOTERICIN B,XL,1,0.7917651,0.6060294654273548,871.0
265.36,2.4789000000000003,19.37,0,3,0,2,0.3529411764705882,20,4,0.7292796247091089,0,0,0,0.8616428571428572,0,fda_729,CN1CCN2c3ncccc3Cc3ccccc3[C@@H]2C1,3.6747334,FDA,MIRTAZAPINE,S,-1,0.5523694,0.5720725150811391,993.0
267.36899999999997,1.6132,50.72,2,4,9,1,0.6,19,1,0.7135696186852986,0,0,0,0.6377142857142857,0,fda_471,COCCc1ccc(OC[C@@H](O)CNC(C)C)cc1,3.07950234,FDA,METOPROLOL,S,0,0.009397813,0.34699359965795795,1763.0
253.277,1.771,57.2,0,3,4,2,0.125,19,2,0.780180754938968,0,0,0,0.5914285714285714,0,fda_549,C[C@H](C(=O)[O-])c1cccc(C(=O)c2ccccc2)c1,3.76387095,FDA,KETOPROFEN,XS,-1,0.91864693,0.6706033874798528,607.0
452.51800000000014,4.820100000000003,104.82,3,6,7,5,0.1538461538461538,34,5,0.3270064003701213,0,0,0,0.2512857142857143,1,fda_2039,CC(C)NC(=O)COc1cccc(-c2nc(Nc3ccc4[nH]ncc4c3)c3ccccc3n2)c1,5.52563715,FDA,BELUMOSUDIL,L,-1,0.9110082,0.6521469516541587,700.0
357.41900000000004,6.142000000000005,12.03,1,1,6,3,0.2727272727272727,26,3,0.5224072222569837,1,0,0,0.9140714285714284,0,fda_926,C[C@@H](NCCCc1cccc(C(F)(F)F)c1)c1cccc2ccccc12,4.23967075,FDA,CINACALCET,M,-1,0.8847408,0.6704394773789257,611.0
513.6210000000003,5.929720000000006,75.77,0,6,7,6,0.1818181818181818,39,6,0.265169249147167,2,0,0,0.4587857142857143,1,fda_814,CCCc1nc2c(C)cc(-c3nc4ccccc4n3C)cc2n1Cc1ccc(-c2ccccc2C(=O)[O-])cc1,6.95807886,FDA,TELMISARTAN,XL,1,0.9915189,0.7728882686140058,114.0
211.221,-0.5046000000000002,90.37,2,6,2,1,0.5555555555555556,15,2,0.6875458801290978,0,0,0,0.3545,0,fda_695,Nc1ccn([C@H]2CC[C@@H](CO)O2)c(=O)n1,3.31476474,FDA,ZALCITABINE,XS,-1,0.3603375,0.4332360968867466,1444.0
178.27499999999995,3.6390000000000025,20.23,1,1,2,1,0.5,13,1,0.7326761559104263,0,0,0,0.8555,0,fda_615,CC(C)c1cccc(C(C)C)c1O,3.29622149,FDA,PROPOFOL,XS,-1,0.67276865,0.5849496681128548,932.0
233.69899999999996,2.250900000000001,61.77,1,3,4,0,0.8888888888888888,15,1,0.4599613459771248,0,0,0,0.5587857142857142,0,fda_443,O=NN(CCCl)C(=O)NC1CCCCC1,3.62499309,FDA,LOMUSTINE,XS,-1,0.30234876,0.40985408233019716,1531.0
733.9370000000002,1.785600000000004,193.91,5,14,7,0,0.945945945945946,51,3,0.2378725059837351,2,1,0,0.0,0,fda_964,CC[C@H]1OC(=O)[C@H](C)[C@@H](O[C@H]2C[C@@](C)(OC)[C@@H](O)[C@H](C)O2)[C@H](C)[C@@H](O[C@@H]2O[C@H](C)C[C@H](N(C)C)[C@H]2O)[C@](C)(O)C[C@@H](C)C(=O)[C@H](C)[C@@H](O)[C@]1(C)O,5.81159735,FDA,ERYTHROMYCIN,XL,-1,0.4790988,0.4972273592117159,1237.0
266.388,3.5328000000000026,15.27,1,2,4,2,0.3333333333333333,20,3,0.8516371541172786,0,0,0,0.8909285714285714,0,fda_333,CNCCCN1c2ccccc2CCc2ccccc21,3.66948128,FDA,DESIPRAMINE,S,-1,0.63385326,0.6235943287316987,811.0
329.44000000000005,3.466880000000002,76.78,2,4,0,0,0.85,24,5,0.6672313604458664,0,0,0,0.4515714285714285,0,fda_540,C[C@]12CC[C@H]3[C@@H](CC[C@@]45O[C@@H]4C(O)=C(C#N)C[C@]35C)[C@@H]1CC[C@@H]2O,5.91102552,FDA,TRILOSTANE,M,1,0.99201596,0.7882539221938877,62.0
427.5450000000002,2.30804,74.27,2,6,9,2,0.4583333333333333,31,3,0.6398550561014078,0,0,0,0.4695,1,fda_913,COc1ccccc1OC[C@H](O)CN1CCN(CC(=O)Nc2c(C)cccc2C)CC1,3.92242813,FDA,RANOLAZINE,L,0,0.006875545,0.3665774497187126,1680.0
287.35900000000004,2.3520000000000003,72.72,4,4,6,2,0.2941176470588235,21,2,0.6579030127323875,0,0,0,0.4805714285714285,0,fda_520,C[C@@H](NCCc1ccc(O)cc1)[C@@H](O)c1ccc(O)cc1,3.54626012,FDA,RITODRINE,S,0,0.10283902,0.37691991812748554,1646.0
309.4940000000001,4.402200000000004,29.54,0,3,7,0,0.9473684210526316,22,2,0.6527189222048309,0,0,0,0.789,0,fda_87,CCN(CC)CCOC(=O)C1(C2CCCCC2)CCCCC1,4.47401953,FDA,DICYCLOMINE,S,-1,0.954983,0.7194978336714343,366.0
268.216,-1.5664999999999996,102.26,4,5,2,0,0.8888888888888888,18,2,0.4846019873490332,0,0,0,0.2695714285714286,0,fda_1967,O=C1N[C@H](O)CCN1[C@@H]1O[C@H](CO)[C@@H](O)C1(F)F,3.71200562,FDA,CEDAZURIDINE,S,-1,0.30947298,0.39335601436732265,1586.0
207.273,2.4417199999999992,42.23,1,3,1,1,0.5833333333333334,15,2,0.7185665096760774,0,0,0,0.6983571428571429,0,fda_546,Cc1cc(C2CCCCC2)n(O)c(=O)c1,4.47840929,FDA,CICLOPIROX,XS,1,0.9503456,0.7224821418468957,353.0
301.386,2.956800000000002,72.72,4,4,7,2,0.3333333333333333,22,2,0.593334886982252,0,0,1,0.4805714285714285,0,fda_457,C[C@@H](CCc1ccc(O)cc1)NCCc1ccc(O)c(O)c1,3.85527539,FDA,DOBUTAMINE,S,-1,0.49401385,0.4003869913498475,1565.0
339.4210000000001,0.225300000000001,111.20999999999998,3,6,6,2,0.5714285714285714,23,3,0.6944032716087568,0,0,0,0.2056428571428572,0,fda_2031,C[C@@H](O)CS(=O)(=O)N[C@H]1C[C@@H](N(C)c2ncnc3[nH]ccc23)C1,3.77423549,FDA,M ABROCITINIB,M,0,0.017909745,0.34528637538103174,1769.0
572.75,4.734660000000003,86.9,2,6,9,3,0.4705882352941176,42,5,0.3855428910346651,1,0,0,0.3792857142857142,1,fda_1948,CCN(c1cc(-c2ccc(CN3CCOCC3)cc2)cc(C(=O)NCc2c(C)cc(C)[nH]c2=O)c1C)C1CCOCC1,5.77826357,FDA,TAZEMETOSTAT,XL,-1,0.7003694,0.6290185985289359,786.0
590.5490000000002,7.1889000000000065,100.58,1,7,13,3,0.3448275862068966,39,3,0.1671185900551599,2,1,0,0.2815714285714286,1,fda_1919,CCCCCCO[C@@H](C)c1cccc(-c2csc(NC(=O)c3cc(Cl)c(/C=C(\C)C(=O)[O-])c(Cl)c3)n2)c1OC,5.6026063,FDA,LUSUTROMBOPAG,XL,-1,0.9329366,0.6345160279755572,771.0
315.19900000000007,-2.027999999999997,149.85,1,8,9,0,1.0,19,0,0.3778506862692531,0,1,0,0.0,0,fda_905,CCCCCN(C)CCC(O)(P(=O)([O-])[O-])P(=O)([O-])[O-],3.30985141,FDA,IBANDRONATE,S,0,0.06317558,0.24639592878889624,2060.0
314.32300000000004,-3.4283999999999963,116.28,0,7,3,1,0.6363636363636364,21,3,0.4234149806094993,0,0,0,0.1694285714285714,0,fda_2093,Cn1cc[n+](C[C@@]2(C)[C@H](C(=O)[O-])N3C(=O)C[C@H]3S2(=O)=O)n1,4.54704952,FDA,ENMETAZOBACTAM,S,-1,0.06922485,0.35044941801625895,1748.0
464.8580000000002,0.2649000000000006,181.62,6,9,2,1,0.3809523809523809,32,4,0.3342986617953946,1,1,0,0.0,0,fda_992,CN(C)[C@@H]1C(O)=C(C(N)=O)C(=O)[C@@]2(O)C(O)=C3C(=O)c4c(O)ccc(Cl)c4[C@@H](O)[C@H]3C[C@@H]12,4.34235859,FDA,DEMECLOCYCLINE,L,0,0.011959695,0.28589948925090036,1969.0
185.183,0.4805199999999999,81.19,1,5,3,1,0.5714285714285714,13,1,0.5481589825040829,0,0,0,0.4200714285714285,0,fda_1870,[n:1]1([CH2:7][C@H:8]([CH3:9])[OH:10])[c:2]([CH3:6])[n:3][cH:4][c:5]1[N+:11]([O-:12])=[O:13],2.94464397,FDA,SECNIDAZOLE,XS,0,0.08568148,0.3067281093955158,1910.0
298.42600000000004,3.636600000000003,37.3,1,2,0,0,0.75,22,4,0.5474687039451945,0,0,0,0.7335714285714285,0,fda_214,C#C[C@]1(O)CC[C@H]2[C@@H]3CCC4=C(CCC(=O)C4)[C@H]3CC[C@@]21C,5.56759644,FDA,NORETHYNODREL,S,1,0.99761105,0.7730325725001409,112.0
582.9700000000001,4.324580000000004,119.29,1,6,7,3,0.2857142857142857,41,5,0.4429869547987632,1,0,0,0.1479285714285715,1,fda_1922,N#Cc1ccnc(N2C(=O)CC[C@H]2C(=O)N(c2cncc(F)c2)[C@H](C(=O)NC2CC(F)(F)C2)c2ccccc2Cl)c1,6.36968279,FDA,IVOSIDENIB,XL,1,0.99061745,0.740863953445366,259.0
393.39900000000017,3.853520000000003,95.71,1,7,5,4,0.1904761904761904,29,4,0.5500210816153454,0,0,0,0.3163571428571428,0,fda_2102,CNC(=O)c1c(C)oc2cc(Oc3ncnc4cc(OC)c(OC)cc34)ccc12,6.04449224,FDA,FRUQUINTINIB,L,1,0.99015117,0.7589494736720576,170.0
296.5520000000001,3.621200000000002,6.48,0,4,4,0,0.8,16,0,0.5731348904238733,0,0,0,0.9537142857142856,0,fda_95,CCN(CC)C(=S)SSC(=S)N(CC)CC,2.87787938,FDA,DISULFIRAM,S,0,0.22898735,0.4039681741179644,1557.0
381.69000000000005,5.801400000000003,27.05,0,3,6,3,0.1666666666666666,24,3,0.5391871956552778,1,0,0,0.8067857142857142,0,fda_548,Clc1ccc(CO[C@H](Cn2ccnc2)c2ccc(Cl)cc2Cl)cc1,4.30914354,FDA,ECONAZOLE,M,-1,0.3712123,0.5132862683862789,1192.0
556.7920000000001,6.762200000000008,59.08,0,4,15,2,0.5625,40,2,0.1796059262683667,2,1,0,0.5780000000000001,1,fda_261,CN(CCCCCCCCCCN(C)C(=O)Oc1cccc([N+](C)(C)C)c1)C(=O)Oc1cccc([N+](C)(C)C)c1,4.93262243,FDA,DEMECARIUM,XL,-1,0.42641136,0.47344314512458424,1307.0
580.418,3.7395200000000015,122.97,1,8,6,4,0.2692307692307692,38,5,0.272418296715661,1,0,0,0.121642857142857,1,fda_2108,CC(=O)c1nn(CC(=O)N2C[C@H](F)C[C@H]2C(=O)Nc2cccc(Br)n2)c2ccc(-c3cnc(C)nc3)cc12,5.32304335,FDA,DANICOPAN,XL,-1,0.9831486,0.6374320382016099,759.0
309.406,0.6347999999999998,81.95,4,5,5,1,0.6470588235294118,22,2,0.641468123492022,0,0,0,0.4146428571428571,0,fda_482,CC(C)(C)NC[C@@H](O)COc1cccc2c1C[C@H](O)[C@H](O)C2,3.15936875,FDA,NADOLOL,S,0,0.022689054,0.3191714669467317,1866.0
252.101,0.3472,68.96000000000001,2,3,5,1,0.5,15,1,0.7426114143470837,0,0,0,0.5074285714285713,0,fda_317,O=c1[nH]cc(N(CCCl)CCCl)c(=O)[nH]1,4.31921768,FDA,URACIL MUSTARD,XS,1,0.7813393,0.6476938317356257,721.0
239.315,1.9077999999999995,72.72,4,4,5,1,0.5384615384615384,17,1,0.5922201213727966,0,0,1,0.4805714285714285,0,fda_2117,CC[C@@H](NC(C)C)[C@H](O)c1ccc(O)c(O)c1,3.29294968,FDA,ISOETHARINE,XS,-1,0.019546371,0.22319743653994276,2089.0
285.35100000000006,1.9352999999999991,73.91,2,4,3,2,0.4,21,3,0.8451673485107614,0,0,0,0.4720714285714286,0,fda_2065,C=CC(=O)N1C[C@H](Nc2ncnc3[nH]ccc23)CC[C@@H]1C,3.85019565,FDA,RITLECITINIB,S,-1,0.5457392,0.5651082807532198,1018.0
226.276,1.1849999999999998,75.27000000000001,2,3,4,0,0.7272727272727273,16,1,0.7067836690245719,0,0,0,0.4623571428571428,0,fda_988,CCC[C@H](C)C1(CC)C(=O)NC(=O)NC1=O,4.55024862,FDA,PENTOBARBITAL,XS,1,0.994412,0.7141691495014639,403.0
578.6620000000004,4.162500000000003,108.55,1,9,7,3,0.5,42,6,0.4135684352582827,1,0,1,0.224642857142857,1,fda_206,COC(=O)[C@H]1[C@H]2C[C@@H]3c4[nH]c5ccccc5c4CCN3C[C@H]2C[C@@H](OC(=O)c2cc(OC)c(OC)c(OC)c2)[C@@H]1OC,4.72294855,FDA,DESERPIDINE,XL,0,0.0697888,0.26500206246495184,2022.0
780.3810000000002,5.003100000000004,156.47,3,11,8,1,0.631578947368421,53,4,0.1865101577230152,3,1,0,0.0,0,fda_2083,COc1cc2cc(c1Cl)N(C)C(=O)C[C@H](OC(=O)[C@H](C)N(C)C(=O)CCC(C)(C)S)[C@]1(C)O[C@H]1[C@H](C)[C@@H]1C[C@@](O)(NC(=O)O1)[C@H](OC)/C=C/C=C(\C)C2,5.83932066,FDA,SORAVTANSINE,XL,-1,0.46581236,0.4846760823063597,1277.0
293.374,2.928760000000002,78.28999999999999,0,5,4,2,0.4117647058823529,22,2,0.8678513137549794,0,0,0,0.4407857142857143,0,fda_750,CC(C)(C#N)c1cc(Cn2cncn2)cc(C(C)(C)C#N)c1,5.03405762,FDA,ANASTROZOLE,S,1,0.8858119,0.7414370417183033,248.0
172.20399999999995,-0.7128999999999999,69.23,1,3,4,0,0.75,12,0,0.6085071579582495,0,0,0,0.5055,0,fda_2132,CC(=O)N[C@@H](CC(C)C)C(=O)[O-],2.93263507,FDA,LEVACETYLLEUCINE,XS,0,0.13840632,0.34241858324730057,1778.0
213.28099999999992,0.3355999999999997,82.86000000000001,2,3,2,0,0.9,15,2,0.5114357848128608,0,0,0,0.408142857142857,0,fda_486,NC(N)=NC[C@H]1COC2(CCCCC2)O1,3.58671165,FDA,GUANADREL,XS,-1,0.9181841,0.5874780284263937,924.0
267.245,-0.1962800000000001,133.07999999999998,2,6,3,1,0.6,19,2,0.4454004294146897,0,0,1,0.0494285714285714,0,fda_620,Cc1cn([C@H]2C[C@H](N=[N+]=[N-])[C@@H](CO)O2)c(=O)[nH]c1=O,4.28647947,FDA,ZIDOVUDINE,S,-1,0.09987252,0.23599567789008283,2075.0
471.5610000000002,4.222600000000003,102.48000000000002,2,6,6,3,0.2962962962962963,35,5,0.5241842690990105,0,0,0,0.2679999999999999,1,fda_1980,C=CC(=O)N1CCC([C@@H]2CCNc3c(C(N)=O)c(-c4ccc(Oc5ccccc5)cc4)nn32)CC1,5.55655146,FDA,ZANUBRUTINIB,L,-1,0.75082344,0.6471021402623842,725.0
294.745,3.2717000000000027,43.07,0,4,1,3,0.0625,21,4,0.691129049070368,0,0,0,0.6923571428571429,0,fda_570,Clc1ccc2c(c1)C(c1ccccc1)=NCc1nncn1-2,5.18995142,FDA,ESTAZOLAM,S,1,0.9350582,0.7556230852357589,182.0
239.315,1.3059999999999998,72.72,4,4,4,1,0.5384615384615384,17,1,0.6389509580864461,0,0,0,0.4805714285714285,0,fda_813,CC(C)(C)NC[C@H](O)c1ccc(O)c(CO)c1,2.99766541,FDA,LEVALBUTEROL,XS,0,0.0045076655,0.30984926201329605,1902.0
554.7220000000002,6.729780000000008,87.03,1,4,2,0,0.7575757575757576,40,5,0.4100424722853117,2,0,0,0.3783571428571428,0,fda_2075,CC1(C)CC[C@]2(NC(=O)C(C)(F)F)CC[C@]3(C)[C@H](C(=O)C=C4[C@@]5(C)C=C(C#N)C(=O)C(C)(C)[C@@H]5CC[C@]43C)[C@@H]2C1,6.75742579,FDA,OMAVELOXOLONE,XL,1,0.9963237,0.7829058539245329,74.0
151.253,1.9139,26.02,1,1,0,0,1.0,11,4,0.5620664127719119,0,0,0,0.8141428571428572,0,fda_353,N[C@]12C[C@H]3C[C@H](C[C@H](C3)C1)C2,3.56669211,FDA,AMANTADINE,XS,-1,0.6510565,0.5568331439979437,1049.0
353.5300000000001,4.111500000000003,43.09,1,1,8,2,0.4347826086956521,26,2,0.7131154199141896,0,0,0,0.6922142857142857,0,fda_204,CC(C)[N+](C)(CCC(C(N)=O)(c1ccccc1)c1ccccc1)C(C)C,3.9337399,FDA,ISOPROPAMIDE,M,0,0.39245757,0.5198721112266173,1175.0
356.78499999999997,2.59262,71.36,0,5,4,3,0.1578947368421052,25,3,0.7200102973128709,0,0,0,0.4902857142857143,0,fda_358,COc1ccc2c(c1)c(CC(=O)[O-])c(C)n2C(=O)c1ccc(Cl)cc1,5.47758245,FDA,INDOMETHACIN,M,1,0.94130224,0.7607768832668116,164.0
392.4670000000002,1.8957,94.83,3,5,2,0,0.7272727272727273,28,4,0.667213496992105,0,0,0,0.3226428571428571,0,fda_243,C[C@@H]1C[C@H]2[C@@H]3CCC4=CC(=O)C=C[C@]4(C)[C@@]3(F)[C@@H](O)C[C@]2(C)[C@@]1(O)C(=O)CO,5.47765923,FDA,DEXAMETHASONE,L,-1,0.9925551,0.7488338179580295,215.0
414.41000000000025,2.4092,92.68,1,8,4,2,0.4090909090909091,30,5,0.7629173210900769,0,0,0,0.3379999999999999,1,fda_634,COc1cc([C@@H]2c3cc4c(cc3[C@H](O)[C@H]3COC(=O)[C@H]23)OCO4)cc(OC)c1OC,4.64062738,FDA,PODOFILOX,L,-1,0.6631214,0.6191382528954982,824.0
578.4500000000003,1.830499999999999,192.38,2,14,10,3,0.3043478260869565,40,4,0.330996613270984,2,1,0,0.0,1,fda_1867,COc1cc(Nc2ncc(F)c(Nc3ccc4c(n3)N(COP(=O)([O-])[O-])C(=O)C(C)(C)O4)n2)cc(OC)c1OC,4.30151701,FDA,FOSTAMATINIB,XL,0,0.31337437,0.3731485798884,1655.0
278.31200000000007,0.193,78.89,0,7,5,2,0.5384615384615384,20,2,0.7314900236053014,0,0,0,0.4365,0,fda_527,CC(=O)CCCCn1c(=O)c2c(ncn2C)n(C)c1=O,4.0251708,FDA,PENTOXIFYLLINE,S,-1,0.8043506,0.627173556209213,796.0
269.388,3.662620000000003,12.47,0,2,6,2,0.3333333333333333,20,2,0.7932087270574181,0,0,0,0.9109285714285714,0,fda_193,Cc1ccccc1[C@H](OCCN(C)C)c1ccccc1,4.04374743,FDA,ORPHENADRINE,S,-1,0.016804924,0.45184033778114935,1365.0
314.3620000000001,2.5577000000000005,60.44,0,4,3,2,0.1176470588235294,22,3,0.8169951703125135,0,0,0,0.5682857142857143,0,fda_846,CS(=O)(=O)c1ccc(C2=C(c3ccccc3)C(=O)OC2)cc1,5.13406515,FDA,ROFECOXIB,S,1,0.95656204,0.7713990154874728,122.0
433.0390000000001,6.544700000000008,6.48,0,2,5,3,0.3571428571428571,31,4,0.450917622424228,1,0,0,0.9537142857142856,1,fda_212,CC(C)(C)c1ccc(CN2CCN([C@@H](c3ccccc3)c3ccc(Cl)cc3)CC2)cc1,4.66938448,FDA,BUCLIZINE,L,-1,0.13520944,0.46170692070406416,1332.0
367.8770000000003,2.0877999999999997,76.82000000000001,2,5,6,1,0.6111111111111112,25,3,0.5943769539353737,0,0,0,0.4512857142857142,0,fda_1897,COCCCN1CCC(NC(=O)c2cc(Cl)c(N)c3c2OCC3)CC1,4.19953966,FDA,PRUCALOPRIDE,M,-1,0.081924915,0.3952389199990295,1578.0
390.9580000000002,5.555620000000006,6.48,0,2,5,3,0.28,28,4,0.5626410757187412,1,0,0,0.9537142857142856,0,fda_197,Cc1cccc(CN2CCN([C@H](c3ccccc3)c3ccc(Cl)cc3)CC2)c1,4.12806892,FDA,MECLIZINE,L,0,0.16183546,0.45870680839165734,1343.0
281.425,3.2161000000000017,38.25000000000001,0,5,7,1,0.7142857142857143,19,2,0.7193179399301258,0,0,0,0.7267857142857143,0,fda_2122,CCCCCCOc1nsnc1C1=CCCN(C)C1,4.25944281,FDA,XANOMELINE,S,-1,0.40102902,0.5471970116578433,1090.0
403.9790000000002,3.942700000000003,29.950000000000003,1,5,6,2,0.4285714285714285,27,4,0.7886610933771963,0,0,0,0.7860714285714285,1,fda_205,OCCN1CCN(CCCN2c3ccccc3Sc3ccc(Cl)cc32)CC1,4.54183292,FDA,PERPHENAZINE,L,-1,0.08772824,0.49039272133933887,1259.0
603.7500000000003,2.8346000000000036,121.40000000000003,1,12,32,1,0.7666666666666667,42,1,0.0962858493112641,2,1,0,0.1328571428571425,0,fda_227,CCCCNc1ccc(C(=O)OCCOCCOCCOCCOCCOCCOCCOCCOCCOC)cc1,3.97870827,FDA,BENZONATATE,XL,0,0.01151478,0.2290566576325725,2080.0
294.442,4.121000000000003,6.48,0,2,4,2,0.4,22,3,0.8366473557753505,0,0,0,0.9537142857142856,0,fda_386,C[C@@H](CN(C)C)CN1c2ccccc2CCc2ccccc21,4.2565155,FDA,TRIMIPRAMINE,S,-1,0.83771026,0.7241798750963035,340.0
305.16400000000004,0.2882000000000006,120.32,2,4,2,1,0.0,16,1,0.8152117113429302,0,0,0,0.1405714285714285,0,fda_235,NS(=O)(=O)c1cc(Cl)c(Cl)c(S(N)(=O)=O)c1,4.03505421,FDA,DICHLORPHENAMIDE,S,-1,0.25634927,0.4505332215246514,1371.0
347.4780000000002,4.769020000000005,40.129999999999995,0,2,3,2,0.375,26,3,0.802266996072772,0,0,0,0.7133571428571429,0,fda_847,C=C(c1ccc(C(=O)[O-])cc1)c1cc2c(cc1C)C(C)(C)CCC2(C)C,5.000916,FDA,BEXAROTENE,M,-1,0.9978689,0.7871536673741052,67.0
260.334,2.0227,90.65,2,4,7,0,0.8333333333333334,18,0,0.7323095649562918,0,0,0,0.3524999999999999,0,fda_255,CCC[C@](C)(COC(N)=O)COC(=O)NC(C)C,3.58246732,FDA,CARISOPRODOL,S,-1,0.073139116,0.37231364538551415,1663.0
259.13599999999997,2.7624000000000004,33.62,1,3,3,1,0.3636363636363636,16,2,0.9050107141126126,0,0,0,0.7598571428571429,0,fda_1866,C[C@@H](Oc1c(Cl)cccc1Cl)C1=NCCN1,3.60803103,FDA,LOFEXIDINE,S,-1,0.33369792,0.5273313666641672,1151.0
830.9709999999999,-3.389100000000006,329.21999999999997,9,12,10,2,0.5142857142857142,57,4,0.0489112880599794,3,1,0,0.0,1,fda_789,NC(=O)[C@@H]1CSSCCC(=O)N[C@@H](CCCCN=C(N)N)C(=O)NCC(=O)N[C@@H](CC(=O)[O-])C(=O)N[C@@H](Cc2c[nH]c3ccccc23)C(=O)N2CCC[C@H]2C(=O)N1,4.61049128,FDA,EPTIFIBATIDE,XL,0,0.096626475,0.27073286610339786,2014.0
416.58300000000025,4.852300000000005,60.44,0,5,1,0,0.7916666666666666,29,5,0.5718459844204299,0,0,0,0.5682857142857143,0,fda_278,CC(=O)S[C@@H]1CC2=CC(=O)CC[C@]2(C)[C@H]2CC[C@@]3(C)[C@@H](CC[C@@]34CCC(=O)O4)[C@H]12,5.50143242,FDA,SPIRONOLACTONE,L,-1,0.994107,0.7562540556128837,180.0
378.31600000000014,4.447900000000003,45.150000000000006,2,3,2,2,0.4705882352941176,26,3,0.7594432549357207,0,0,0,0.6775,0,fda_609,O[C@@H](c1cc(C(F)(F)F)nc2c(C(F)(F)F)cccc12)[C@H]1CCCCN1,4.38687134,FDA,MEFLOQUINE,M,-1,0.7933486,0.6758360573158838,589.0
249.317,2.4668,41.62,1,3,0,2,0.1875,19,4,0.7789519520165338,0,0,0,0.7027142857142857,0,fda_917,NC1=NC[C@H]2c3ccccc3Cc3ccccc3N12,4.27704239,FDA,EPINASTINE,XS,1,0.93866783,0.719092045164984,371.0
111.14799999999998,-0.0891000000000003,54.7,2,2,2,1,0.4,8,1,0.560081635014732,0,0,0,0.6092857142857143,0,fda_3,NCCc1cnc[nH]1,2.93667293,FDA,HISTAMINE,XS,0,0.17283915,0.35369053583016263,1737.0
348.44700000000006,-0.9282999999999996,97.74,1,7,4,0,0.6666666666666666,21,3,0.6556810636239288,0,0,0,0.3018571428571428,0,fda_2140,C[C@@H](O)[C@H]1C(=O)N2C(C(=O)[O-])=C(S[C@H]3CC[S@@](=O)C3)S[C@H]12,3.43683505,FDA,SULOPENEM,M,0,0.12863798,0.35960571560689825,1725.0
531.4399999999999,4.205800000000003,69.06,0,7,7,3,0.3846153846153846,36,5,0.4554144970214469,1,0,1,0.5067142857142857,1,fda_516,CC(=O)N1CCN(c2ccc(OC[C@H]3CO[C@](Cn4ccnc4)(c4ccc(Cl)cc4Cl)O3)cc2)CC1,4.623981,FDA,KETOCONAZOLE,XL,0,0.13836512,0.3160571882029128,1878.0
410.465,3.293400000000002,85.52,2,5,8,3,0.2916666666666667,30,3,0.5967583807359456,0,0,0,0.3891428571428571,1,fda_711,CC(C)n1c(/C=C/[C@H](O)C[C@H](O)CC(=O)[O-])c(-c2ccc(F)cc2)c2ccccc21,4.83704996,FDA,FLUVASTATIN,L,-1,0.9843938,0.6994975946838844,480.0
218.25599999999991,1.4735000000000005,49.41,1,2,2,1,0.3333333333333333,16,2,0.764131318230403,0,0,0,0.6470714285714285,0,fda_39,CC[C@]1(c2ccccc2)NC(=O)N(C)C1=O,3.63654518,FDA,MEPHENYTOIN,XS,-1,0.8505228,0.6446802017390081,733.0
179.26299999999998,2.0294399999999997,35.25,1,2,3,1,0.4545454545454545,13,1,0.7701737793320904,0,0,0,0.7482142857142857,0,fda_557,Cc1cccc(C)c1OC[C@H](C)N,3.50139999,FDA,MEXILETINE,XS,-1,0.09795609,0.4219111223224231,1485.0
239.746,3.2993000000000023,29.1,1,2,3,1,0.4615384615384615,16,1,0.8204937720146613,0,0,0,0.7921428571428571,0,fda_528,C[C@H](NC(C)(C)C)C(=O)c1cccc(Cl)c1,3.26620126,FDA,BUPROPION,XS,-1,0.3299595,0.4914861646512397,1257.0
349.3880000000001,-0.6375999999999995,98.77,1,6,5,1,0.4375,24,3,0.7103707489976623,0,0,0,0.2944999999999999,0,fda_982,CC1(C)S[C@@H]2[C@H](NC(=O)COc3ccccc3)C(=O)N2[C@H]1C(=O)[O-],3.79659534,FDA,PENICILLIN V,M,0,0.06494858,0.3728540904701343,1658.0
510.5020000000002,2.3965000000000005,142.09999999999997,3,9,8,3,0.25,35,3,0.4163412604272262,1,1,0,0.0,1,fda_2159,CNC(=O)c1ccc(Nc2ncc(C(F)(F)F)c(NCc3nccnc3N(C)S(C)(=O)=O)n2)cc1,5.20581007,FDA,DEFACTINIB,XL,-1,0.29026556,0.43896855697190695,1420.0
169.18,0.0802199999999998,73.58000000000001,3,4,2,1,0.375,12,1,0.5858308475922274,0,0,0,0.4744285714285713,0,fda_46,Cc1ncc(CO)c(CO)c1O,3.75413132,FDA,PYRIDOXINE,XS,-1,0.31092596,0.4371173726615539,1428.0
325.496,5.341420000000006,23.47,1,2,7,2,0.4545454545454545,24,2,0.742339965191979,1,0,0,0.8323571428571429,0,fda_800,Cc1ccc(O)c([C@H](CCN(C(C)C)C(C)C)c2ccccc2)c1,4.5464406,FDA,TOLTERODINE,M,-1,0.31620362,0.5545834108495806,1055.0
453.54200000000014,4.8896400000000035,94.31,2,5,7,4,0.1785714285714285,34,4,0.3886851025837273,0,0,0,0.3263571428571428,1,fda_1860,Cc1ccc(C(=O)OCc2ccc([C@@H](CN)C(=O)Nc3ccc4cnccc4c3)cc2)c(C)c1,5.13315439,FDA,NETARSUDIL,L,-1,0.7969144,0.6135937787684812,844.0
277.411,4.168600000000003,3.24,0,1,3,2,0.3,21,3,0.8136783893547587,0,0,1,0.9768571428571428,0,fda_309,CN(C)CCC=C1c2ccccc2CCc2ccccc21,4.58784819,FDA,AMITRIPTYLINE,S,-1,0.79246724,0.6287299360915592,789.0
610.6710000000002,6.319100000000007,143.34,1,11,10,5,0.3333333333333333,45,6,0.1409102496279744,3,1,0,0.0,1,fda_700,CCOc1nc2cccc(C(=O)O[C@H](C)OC(=O)OC3CCCCC3)c2n1Cc1ccc(-c2ccccc2-c2nnn[nH]2)cc1,4.91363287,FDA,CANDESARTAN CILEXETIL,XL,-1,0.8795476,0.5426755536604784,1110.0
425.4673053340002,1.7324,135.95,3,9,8,3,0.3,31,4,0.4964129193899599,0,0,0,0.0289285714285715,1,fda_2060,[2H]C([2H])([2H])NC(=O)c1nnc(NC(=O)C2CC2)cc1Nc1cccc(-c2ncn(C)n2)c1OC,5.59692144,FDA,DEUCRAVACITINIB,L,-1,0.47481263,0.53732334181285,1131.0
185.183,0.4805199999999999,81.19,1,5,3,1,0.5714285714285714,13,1,0.5481589825040829,0,0,0,0.4200714285714285,0,fda_1871,[n:1]1([CH2:7][C@@H:8]([CH3:9])[OH:10])[c:2]([CH3:6])[n:3][cH:4][c:5]1[N+:11](=[O:12])[O-:13],3.01202893,FDA,SECNIDAZOLE,XS,0,0.08568148,0.3108774754979035,1898.0
306.236,5.179600000000004,12.03,1,1,2,2,0.2941176470588235,20,3,0.8058613927728192,1,0,0,0.9140714285714284,0,fda_641,CN[C@H]1CC[C@@H](c2ccc(Cl)c(Cl)c2)c2ccccc21,4.35701132,FDA,SERTRALINE,S,-1,0.79100305,0.7062344586812774,441.0
533.5720000000003,-2.776899999999995,206.27,4,13,6,1,0.45,36,5,0.0967045017774161,2,1,0,0.0,0,fda_2112,Nc1nc(/C(=N/O)C(=O)N[C@@H]2C(=O)N3C(C(=O)[O-])=C(/C=C4\CCN([C@@H]5CCNC5)C4=O)CS[C@H]23)ns1,4.77490807,FDA,CEFTOBIPROLE,XL,0,0.02401182,0.2686314096571215,2017.0
311.4070000000001,1.7739199999999995,78.50999999999999,2,4,3,1,0.5,21,2,0.8915880432277354,0,0,0,0.4392142857142858,0,fda_348,Cc1ccc(S(=O)(=O)NC(=O)NN2CCCCCC2)cc1,4.47661638,FDA,TOLAZAMIDE,S,-1,0.061572682,0.46442988743495683,1327.0
361.393,4.421500000000001,9.23,0,1,2,1,0.1111111111111111,14,1,0.4304197664247793,0,0,0,0.9340714285714286,0,fda_397,Clc1cc(Cl)c(OCC#CI)cc1Cl,4.2821722,FDA,HALOPROGIN,M,-1,0.21093343,0.45451687581000483,1352.0
295.72900000000004,0.1299000000000004,118.69,2,5,1,1,0.0,17,2,0.7630288939101563,0,0,0,0.1522142857142857,0,fda_221,NS(=O)(=O)c1cc2c(cc1Cl)NC=NS2(=O)=O,4.36330557,FDA,CHLOROTHIAZIDE,S,-1,0.39650863,0.5035215030726276,1224.0
500.4320000000002,8.644300000000001,23.47,1,2,10,3,0.4615384615384615,33,3,0.2817693045006755,2,0,0,0.8323571428571429,1,fda_709,CCCCN(CCCC)CC[C@@H](O)c1cc2c(Cl)cc(Cl)cc2c2cc(C(F)(F)F)ccc12,4.75901651,FDA,HALOFANTRINE,XL,0,0.09733096,0.409897272131845,1530.0
355.4100000000001,3.030800000000002,57.2,0,3,4,2,0.15,25,3,0.8470253401152333,0,0,0,0.5914285714285714,0,fda_468,CC1=C(CC(=O)[O-])c2cc(F)ccc2/C1=C\c1ccc([S@](C)=O)cc1,5.45397329,FDA,SULINDAC,M,1,0.9912594,0.809827536342145,16.0
318.339,3.201500000000001,56.84,1,4,9,1,0.5333333333333333,22,1,0.432027738820179,0,0,0,0.594,0,fda_708,COCCCC/C(=N\OCCN)c1ccc(C(F)(F)F)cc1,3.88202286,FDA,FLUVOXAMINE,M,0,0.072976574,0.3548042583548995,1733.0
317.38500000000005,2.449300000000001,92.95,5,5,8,2,0.3333333333333333,23,2,0.3808434509975777,0,0,1,0.3360714285714286,0,fda_730,Oc1ccc(CCCCNC[C@H](O)c2ccc(O)c(O)c2)cc1,3.8378036,FDA,ARBUTAMINE,S,-1,0.08024342,0.21823170933261257,2093.0
498.57000000000016,2.6077000000000004,106.29,1,10,5,5,0.2692307692307692,37,6,0.3942447654838286,0,0,0,0.2407857142857143,1,fda_1968,Cn1cc(-c2cc3c(N4CCN(c5ncc([C@@](C)(N)c6ccc(F)cc6)cn5)CC4)ncnn3c2)cn1,5.91975451,FDA,AVAPRITINIB,XL,-1,0.92811316,0.6939446865883183,504.0
488.5770000000002,3.6993000000000023,116.2,1,8,6,0,0.7037037037037037,35,4,0.562816868972934,0,0,0,0.1699999999999999,0,fda_608,CCOC(=O)O[C@]1(C(=O)COC(=O)CC)CC[C@H]2[C@@H]3CCC4=CC(=O)C=C[C@]4(C)[C@H]3[C@@H](O)C[C@@]21C,6.04060698,FDA,PREDNICARBATE,XL,-1,0.9905839,0.7467634929796032,224.0
266.34099999999995,0.4521,84.57999999999998,3,4,8,1,0.5,19,1,0.637673978167625,0,0,0,0.395857142857143,0,fda_499,CC(C)NC[C@H](O)COc1ccc(CC(N)=O)cc1,3.21011639,FDA,ATENOLOL,S,0,0.0043598316,0.3141601889217226,1885.0
461.5560000000001,5.8570000000000055,41.03,1,3,7,4,0.3214285714285714,34,5,0.3747127472299499,1,0,0,0.7069285714285714,1,fda_424,O=c1[nH]c2ccccc2n1C1CCN(CCCC(c2ccc(F)cc2)c2ccc(F)cc2)CC1,5.48958588,FDA,PIMOZIDE,L,-1,0.9292018,0.7104906631217083,421.0
407.50500000000017,4.945600000000005,9.72,0,4,4,2,0.4285714285714285,28,4,0.7094782580960448,0,0,0,0.9305714285714286,1,fda_237,CN1CCN(CCCN2c3ccccc3Sc3ccc(C(F)(F)F)cc32)CC1,4.62148666,FDA,TRIFLUOPERAZINE,L,-1,0.61650753,0.6525447808145595,698.0
490.6260000000003,3.0740000000000016,124.68,3,5,7,1,0.5416666666666666,34,3,0.5417624275928407,0,0,0,0.1094285714285714,0,fda_742,CCC1=C(C)CN(C(=O)NCCc2ccc(S(=O)(=O)NC(=O)N[C@H]3CC[C@H](C)CC3)cc2)C1=O,4.85192251,FDA,GLIMEPIRIDE,XL,-1,0.33207077,0.46574586287292796,1325.0
386.5610000000003,4.692600000000004,43.379999999999995,1,5,7,2,0.5909090909090909,27,4,0.7010811066938075,0,0,0,0.6901428571428572,0,fda_1994,COc1ccsc1CNCC[C@@]1(c2ccccn2)CCOC2(CCCC2)C1,5.05789804,FDA,OLICERIDINE,M,-1,0.7313661,0.6881529918685153,537.0
371.8720000000001,2.3617,45.78,0,6,5,3,0.3684210526315789,26,4,0.690401062854676,0,0,0,0.673,0,fda_495,O=c1n(CCCN2CCN(c3cccc(Cl)c3)CC2)nc2ccccn12,4.6901145,FDA,TRAZODONE,M,-1,0.47131988,0.5836418099932225,940.0
305.697,0.5873000000000004,102.35,2,5,4,2,0.0714285714285714,21,2,0.8602710167458437,0,0,0,0.2689285714285715,0,fda_2090,O=C([O-])CNC(=O)c1ncc(-c2cccc(Cl)c2)cc1O,3.50691795,FDA,VADADUSTAT,S,0,0.31448326,0.45729993129026425,1346.0
274.40399999999994,3.4891000000000028,37.3,1,2,0,0,0.8333333333333334,20,4,0.733928635563028,0,0,0,0.7335714285714285,0,fda_262,C[C@]12CC[C@H]3[C@@H](CCC4=CC(=O)CC[C@@H]43)[C@@H]1CC[C@@H]2O,5.52163935,FDA,NANDROLONE,S,1,0.99852717,0.8077694944590582,21.0
234.2019999999999,2.7771,48.14,1,4,1,2,0.125,15,2,0.8248286060077297,0,0,0,0.6561428571428571,0,fda_762,Nc1nc2ccc(OC(F)(F)F)cc2s1,3.43680763,FDA,RILUZOLE,XS,-1,0.7040733,0.6014927188770129,886.0
1084.2529999999992,-5.404500000000021,463.9299999999998,14,16,19,2,0.4782608695652174,75,4,0.0270228115951467,3,2,0,0.0,1,fda_454,NC(=O)CC[C@@H]1NC(=O)[C@H](Cc2ccccc2)NC(=O)[C@H](Cc2ccc(O)cc2)NC(=O)[C@@H](N)CSSC[C@@H](C(=O)N2CCC[C@H]2C(=O)N[C@@H](CCCN=C(N)N)C(=O)NCC(N)=O)NC(=O)[C@H](CC(N)=O)NC1=O,5.81381226,FDA,VASOPRESSIN,XL,-1,0.7341838,0.5317193172840802,1143.0
367.50600000000026,2.530500000000001,97.66,2,5,13,0,0.8095238095238095,26,1,0.3849866768068556,0,1,0,0.3024285714285715,0,fda_596,CCCC[C@@](C)(O)C/C=C/[C@H]1[C@H](O)CC(=O)[C@@H]1CCCCCCC(=O)[O-],5.40086937,FDA,M MISOPROSTOL,M,1,0.964779,0.6773057146354725,584.0
289.37500000000006,1.9308999999999996,49.77,1,4,4,1,0.5882352941176471,21,3,0.8605899449393155,0,0,0,0.6445000000000001,0,fda_296,CN1[C@@H]2CC[C@H]1C[C@@H](OC(=O)[C@H](CO)c1ccccc1)C2,3.5941093,FDA,ATROPINE,S,-1,0.040261243,0.4180232373551658,1495.0
516.8570000000003,9.908299999999995,40.46,2,4,4,2,0.6129032258064516,35,2,0.3131966868527805,2,0,0,0.7110000000000001,1,fda_431,CC(C)(Sc1cc(C(C)(C)C)c(O)c(C(C)(C)C)c1)Sc1cc(C(C)(C)C)c(O)c(C(C)(C)C)c1,5.94319391,FDA,PROBUCOL,XL,-1,0.83014864,0.6968104766029116,493.0
333.38900000000007,-0.4738999999999993,89.54,1,5,4,1,0.4375,23,3,0.7523458257698715,0,0,0,0.3604285714285714,0,fda_981,CC1(C)S[C@@H]2[C@H](NC(=O)Cc3ccccc3)C(=O)N2[C@H]1C(=O)[O-],3.94282341,FDA,PENICILLIN G,M,0,0.16769123,0.42766904897077884,1467.0
238.243,0.9607999999999992,104.64,2,4,5,1,0.2727272727272727,17,1,0.796471019540729,0,0,0,0.2525714285714284,0,fda_693,NC(=O)OCC(COC(N)=O)c1ccccc1,3.52637959,FDA,FELBAMATE,XS,-1,0.09112693,0.37709570862495134,1645.0
507.6240000000003,3.7665000000000024,139.36,3,8,18,1,0.6666666666666666,36,2,0.0897046243875281,1,1,0,0.0045714285714284,0,fda_1858,O=C(CCC/C=C\C[C@@H]1[C@@H](CC[C@@H](O)CCc2ccccc2)[C@H](O)C[C@@H]1O)OCCCCO[N+](=O)[O-],5.58699846,FDA,LATANOPROSTENE BUNOD,XL,-1,0.44893274,0.44517097391276417,1385.0
207.226,-3.262099999999999,104.39,5,6,3,0,1.0,14,1,0.3326203956682485,0,0,0,0.2543571428571427,0,fda_780,OCCN1C[C@H](O)[C@@H](O)[C@H](O)[C@H]1CO,2.74609685,FDA,MIGLITOL,XS,0,0.015121828,0.2136551236288835,2099.0
405.4770000000001,4.4345000000000026,77.47,2,6,7,4,0.217391304347826,30,4,0.4754777568922793,0,0,0,0.4466428571428571,1,fda_2160,C[C@@H](N)COc1ccc(-c2cnc3ccc(N[C@H](C)c4cccc(F)c4)nn23)cc1,5.30634451,FDA,TALETRECTINIB,L,-1,0.9848985,0.7100406330752905,423.0
206.329,4.106000000000003,20.23,1,1,2,1,0.5714285714285714,15,1,0.7718376945063485,0,0,0,0.8555,0,fda_670,CC(C)(C)CC(C)(C)c1ccc(O)cc1,4.2271595,FDA,TYLOXAPOL,XS,1,0.7493771,0.67308890195837,598.0
294.35800000000006,2.4083200000000007,53.92,1,3,2,3,0.2941176470588235,22,4,0.7888476665596758,0,0,0,0.6148571428571428,0,fda_856,Cc1[nH]cnc1CN1CCc2c(c3ccccc3n2C)C1=O,4.15848589,FDA,ALOSETRON,S,-1,0.93934613,0.7051886061861119,448.0
183.207,0.3506000000000001,72.72,4,4,3,1,0.3333333333333333,13,1,0.5101568892419974,0,0,1,0.4805714285714285,0,fda_64,CNC[C@H](O)c1ccc(O)c(O)c1,3.83032918,FDA,EPINEPHRINE,XS,-1,0.019534951,0.23987160101786342,2071.0
267.245,-1.9800000000000009,139.54000000000002,4,9,2,2,0.5,19,3,0.4905198676792232,0,0,0,0.0032857142857141,0,fda_655,Nc1ncnc2c1ncn2[C@@H]1O[C@H](CO)[C@@H](O)[C@H]1O,3.28114724,FDA,ADENOSINE,S,0,0.011525135,0.2519956840419368,2049.0
387.7190000000001,5.8629000000000016,27.05,0,4,6,3,0.1875,23,3,0.5291897722454129,1,0,0,0.8067857142857142,0,fda_526,Clc1ccc([C@@H](Cn2ccnc2)OCc2ccsc2Cl)c(Cl)c1,4.74673033,FDA,TIOCONAZOLE,M,-1,0.45721677,0.5640334268962393,1020.0
551.6250000000002,4.203900000000004,145.65,2,10,10,4,0.2592592592592592,39,4,0.2939150654582937,1,1,0,0.0,1,fda_880,COc1ccccc1Oc1c(NS(=O)(=O)c2ccc(C(C)(C)C)cc2)nc(-c2ncccn2)nc1OCCO,5.70466471,FDA,BOSENTAN,XL,-1,0.45457515,0.49449418538073364,1248.0
336.44700000000006,3.332200000000002,57.53,2,3,0,0,0.85,24,4,0.7132510411285401,0,0,0,0.5890714285714286,0,fda_195,C[C@]1(O)CC[C@H]2[C@@H]3CCC4=CC(=O)CC[C@]4(C)[C@@]3(F)[C@@H](O)C[C@@]21C,5.73720503,FDA,FLUOXYMESTERONE,M,1,0.997391,0.8021170220314916,33.0
310.48100000000005,4.869700000000004,20.23,1,1,1,0,0.7272727272727273,23,4,0.540960336622813,0,0,0,0.8555,0,fda_676,C#C[C@]1(O)CC[C@H]2[C@@H]3CCC4=CCCC[C@@H]4[C@H]3C(=C)C[C@@]21CC,5.39214182,FDA,DESOGESTREL,S,1,0.9938619,0.7719950410935402,118.0
586.6480000000004,5.3977000000000075,97.96,2,7,3,6,0.2571428571428571,44,9,0.2896240303210923,2,0,0,0.3002857142857144,1,fda_1852,CO[C@@H]1[C@H](N(C)C(=O)c2ccccc2)C[C@H]2O[C@]1(C)n1c3ccccc3c3c4c(c5c6ccccc6n2c5c31)C(=O)N[C@@H]4O,4.83922958,FDA,M MIDOSTAURIN,XL,-1,0.98485804,0.6294584911067491,784.0
557.6070000000001,0.8270000000000015,180.96999999999997,2,14,10,1,0.5238095238095238,37,3,0.1361090873395191,2,1,0,0.0,0,fda_985,COCC1=C(C(=O)O[C@H](C)OC(=O)OC(C)C)N2C(=O)[C@@H](NC(=O)/C(=N\OC)c3csc(N)n3)[C@H]2SC1,4.95982313,FDA,CEFPODOXIME PROXETIL,XL,-1,0.01288155,0.2845597667571631,1974.0
130.123,-1.9556999999999995,83.22,1,4,4,0,0.6,9,0,0.4788052409598551,0,0,0,0.4055714285714286,0,fda_830,NCC(=O)CCC(=O)[O-],3.01121783,FDA,AMINOLEVULINIC ACID,XS,0,0.22465657,0.33719931279155047,1801.0
389.8860000000001,1.2295000000000005,118.36,3,5,2,1,0.4285714285714285,24,4,0.6571692284800612,0,0,0,0.1545714285714287,0,fda_382,NS(=O)(=O)c1cc2c(cc1Cl)N[C@H]([C@H]1C[C@H]3C=C[C@@H]1C3)NS2(=O)=O,5.12138939,FDA,CYCLOTHIAZIDE,M,-1,0.16707715,0.46043639185581203,1338.0
200.28500000000005,3.1783400000000013,28.68,1,1,2,2,0.3076923076923077,15,2,0.7920749783499234,0,0,0,0.7951428571428572,0,fda_845,Cc1cccc([C@H](C)c2cnc[nH]2)c1C,4.3295989,FDA,DEXMEDETOMIDINE,XS,1,0.9271793,0.7307492325014491,316.0
179.307,2.6941000000000006,26.02,1,1,0,0,1.0,13,4,0.6076471131693595,0,0,0,0.8141428571428572,0,fda_907,C[C@]12C[C@@H]3C[C@](C)(C1)C[C@@](N)(C3)C2,4.49938011,FDA,MEMANTINE,XS,1,0.9643026,0.717355261996717,382.0
549.5530000000003,3.5306000000000024,104.29,2,5,4,3,0.3448275862068966,40,6,0.518443001557986,1,0,0,0.2550714285714285,1,fda_1949,C[C@@H]1[C@H](c2ccccc2)C[C@H](NC(=O)c2cnc3c(c2)C[C@@]2(C3)C(=O)Nc3ncccc32)C(=O)N1CC(F)(F)F,6.55305862,FDA,UBROGEPANT,XL,1,0.9946556,0.7791726529873259,93.0
258.23299999999995,0.0877999999999999,83.55000000000001,1,4,1,1,0.2307692307692307,19,3,0.7233587999857974,0,0,0,0.4032142857142856,0,fda_801,O=C1CC[C@H](N2C(=O)c3ccccc3C2=O)C(=O)N1,4.99970293,FDA,THALIDOMIDE,S,1,0.98130184,0.7353129118828652,289.0
186.20699999999997,-0.7830999999999997,80.25999999999999,0,4,8,0,0.7777777777777778,13,0,0.4654357947101322,0,0,0,0.4267142857142858,0,fda_731,O=C([O-])CCCCCCCC(=O)[O-],4.36421633,FDA,AZELAIC ACID,XS,1,0.8452621,0.606135003506374,870.0
290.32300000000004,1.2575999999999998,105.51,2,7,5,2,0.2857142857142857,21,2,0.8533555071280714,0,0,0,0.2463571428571428,0,fda_410,COc1cc(Cc2cnc(N)nc2N)cc(OC)c1OC,4.26532745,FDA,TRIMETHOPRIM,S,-1,0.32778275,0.5043501410474329,1222.0
561.445,4.719400000000002,122.47,3,7,6,3,0.3076923076923077,38,4,0.3725423469228782,1,0,0,0.1252142857142857,1,fda_2146,C[C@@H]1CN(C(=O)c2ccc(NC(=O)c3cc(O[C@H](C)c4c(Cl)ccc(F)c4Cl)c(N)nn3)cc2)C[C@H](C)N1,5.92246294,FDA,ENSARTINIB,XL,-1,0.5044558,0.551116632782799,1068.0
166.24900000000002,1.2782,38.91,1,2,2,1,0.25,11,1,0.6725460532160716,0,0,0,0.7220714285714286,0,fda_319,CCc1cc(C(N)=S)ccn1,3.25135922,FDA,ETHIONAMIDE,XS,-1,0.59461904,0.5333734138439319,1138.0
353.47900000000004,1.7081999999999993,100.82,3,5,12,0,0.75,25,1,0.366198748006001,0,1,0,0.2798571428571428,0,fda_418,CCCCC[C@H](O)/C=C/[C@@H]1[C@@H](C/C=C\CCCC(=O)[O-])[C@@H](O)C[C@H]1O,5.48940611,FDA,DINOPROST,M,1,0.886393,0.6532270253364659,697.0
312.4530000000001,4.499500000000004,34.14,0,2,1,0,0.7142857142857143,23,4,0.7141681268421906,0,0,0,0.7561428571428571,0,fda_412,CC(=O)[C@H]1CC[C@H]2[C@@H]3C=CC4=CC(=O)CC[C@@]4(C)[C@@H]3CC[C@]12C,5.60154581,FDA,DYDROGESTERONE,S,1,0.99872977,0.8110557054650421,13.0
499.5200000000002,-0.279899999999998,149.18,2,8,9,2,0.4,36,3,0.3534644741314993,0,1,0,0.0,1,fda_1999,COC(=O)[C@H](c1ccccc1)[C@H]1CCCCN1C(=O)OC[n+]1cccc(C(=O)N[C@@H](CO)C(=O)[O-])c1,4.22474623,FDA,SERDEXMETHYLPHENIDATE,XL,0,0.020601535,0.2850829834222143,1971.0
160.22000000000003,1.2308,24.39,1,2,2,1,0.3,12,2,0.6910509635760047,0,0,0,0.8257857142857143,0,fda_59,c1ccc(CC2=NCCN2)cc1,3.11811447,FDA,TOLAZOLINE,XS,-1,0.07622256,0.3837220568359707,1626.0
127.187,0.0728999999999999,23.47,1,2,0,0,1.0,9,3,0.4976212255765575,0,0,0,0.8323571428571429,0,fda_2129,O[C@H]1CN2CCC1CC2,2.69183159,FDA,M ACECLIDINE,XS,0,0.23998877,0.3685738838056234,1675.0
383.41700000000014,1.2676999999999998,103.35000000000002,0,8,4,0,0.8947368421052632,27,5,0.5280665544899107,0,0,0,0.2617857142857142,0,fda_1978,C[C@H]1[C@H](OC(=O)CCC(=O)[O-])O[C@@H]2O[C@@]3(C)CC[C@H]4[C@H](C)CC[C@@H]1[C@@]24OO3,4.01820946,FDA,ARTESUNATE,M,0,0.9272054,0.6054452029202094,872.0
585.709,5.075000000000005,113.85,2,10,12,4,0.3125,43,4,0.1736590945564849,2,1,0,0.1867857142857143,1,fda_2046,C=CC(=O)Nc1cc(Nc2ncc(C(=O)OC(C)C)c(-c3cn(C)c4ccccc34)n2)c(OC)cc1N(C)CCN(C)C,4.86736727,FDA,MOBOCERTINIB,XL,-1,0.8984439,0.5707239039193117,997.0
326.8310000000001,2.0298999999999996,30.869999999999997,1,4,1,2,0.2777777777777778,23,4,0.8697054686334906,0,0,0,0.7795000000000001,0,fda_628,CN1CCN(C2=c3ccccc3=Nc3ccc(Cl)cc3N2)CC1,4.75688791,FDA,CLOZAPINE,M,-1,0.45280504,0.628709947276566,790.0
240.282,2.41054,52.16,1,3,3,2,0.1333333333333333,18,2,0.8959050086261833,0,0,0,0.6274285714285714,0,fda_346,Cc1cccc(Nc2ccccc2C(=O)[O-])c1C,3.93438792,FDA,MEFENAMIC ACID,XS,-1,0.86435336,0.6915600959331514,518.0
130.167,-0.7445999999999997,66.15,1,3,5,0,0.8333333333333334,9,0,0.4980805873617275,0,0,0,0.5275,0,fda_347,NCCCCCC(=O)[O-],3.37986946,FDA,AMINOCAPROIC ACID,XS,-1,0.20217684,0.36920379104763035,1671.0
603.5230000000003,3.9479000000000015,104.29,2,5,4,3,0.3448275862068966,43,6,0.347500779398385,1,0,0,0.2550714285714285,1,fda_2044,C[C@@H]1[C@H](c2c(F)ccc(F)c2F)C[C@H](NC(=O)c2cnc3c(c2)C[C@@]2(C3)C(=O)Nc3ncccc32)C(=O)N1CC(F)(F)F,6.13219833,FDA,ATOGEPANT,XL,1,0.98122597,0.7150399630018265,396.0
394.4390000000002,0.6204999999999998,115.06,4,6,2,0,0.7142857142857143,28,4,0.545907213602937,0,0,0,0.1781428571428571,0,fda_224,C[C@]12C=CC(=O)C=C1CC[C@H]1[C@@H]3C[C@@H](O)[C@](O)(C(=O)CO)[C@@]3(C)C[C@H](O)[C@@]12F,4.78993845,FDA,TRIAMCINOLONE,L,-1,0.91813296,0.645448105871885,732.0
446.9100000000004,4.275600000000003,68.74000000000001,1,7,8,3,0.3636363636363636,31,4,0.517854527865434,0,0,0,0.5089999999999999,1,fda_895,COc1cc2ncnc(Nc3ccc(F)c(Cl)c3)c2cc1OCCCN1CCOCC1,5.57013845,FDA,GEFITINIB,L,-1,0.39476278,0.5639546394292286,1021.0
790.0010000000001,2.7465000000000055,199.98,4,15,9,0,0.925,55,3,0.2485906886791703,2,1,0,0.0,0,fda_965,CCC(=O)O[C@H]1[C@H](O[C@@H]2[C@@H](C)[C@H](O[C@H]3C[C@@](C)(OC)[C@@H](O)[C@H](C)O3)[C@@H](C)C(=O)O[C@H](CC)[C@@](C)(O)[C@H](O)[C@@H](C)C(=O)[C@H](C)C[C@@]2(C)O)O[C@H](C)C[C@@H]1N(C)C,5.45084333,FDA,ERYTHROMYCIN ESTOLATE,XL,-1,0.8156249,0.5781146731840549,969.0
431.5360000000001,3.318500000000001,63.69,1,5,9,3,0.3076923076923077,32,4,0.5631942375722424,0,0,0,0.5450714285714287,1,fda_2002,O=C(Cc1ccc(-c2ccc(OCCN3CCOCC3)cc2)cn1)NCc1ccccc1,4.95354652,FDA,TIRBANIBULIN,L,-1,0.33926237,0.5220116954218108,1169.0
404.5070000000002,2.423,68.31,0,6,6,1,0.6363636363636364,29,3,0.6786181154392725,0,0,0,0.5120714285714285,0,fda_390,CCN(CC)C(=O)[C@@H]1CN2CCc3cc(OC)c(OC)cc3[C@@H]2C[C@H]1OC(C)=O,4.81767893,FDA,BENZQUINAMIDE,L,-1,0.6328856,0.6215171102253133,816.0
291.39100000000013,2.1801000000000004,49.77,1,4,6,1,0.5882352941176471,21,2,0.816248731137982,0,0,0,0.6445000000000001,0,fda_817,CN(C)CCOC(=O)[C@@H](c1ccccc1)C1(O)CCCC1,4.38427353,FDA,CYCLOPENTOLATE,S,-1,0.13268849,0.48553914058139935,1274.0
387.88600000000014,4.004900000000003,35.91,0,3,6,2,0.3333333333333333,27,3,0.7505075074463576,0,0,0,0.7435,0,fda_381,CCN(CC)CCN1C(=O)CN=C(c2ccccc2F)c2cc(Cl)ccc21,4.69594002,FDA,FLURAZEPAM,M,-1,0.76404715,0.6908899927201271,526.0
228.20799999999997,-2.1388,123.49,3,8,2,1,0.625,16,2,0.5273624425093522,0,0,0,0.1179285714285715,0,fda_934,Nc1ncn([C@H]2C[C@H](O)[C@@H](CO)O2)c(=O)n1,3.1269989,FDA,DECITABINE,XS,-1,0.047848493,0.2722334948567271,2009.0
143.206,0.9527,40.129999999999995,0,2,5,0,0.875,10,0,0.574585486305641,0,0,0,0.7133571428571429,0,fda_485,CCCC(CCC)C(=O)[O-],4.28245306,FDA,VALPROIC ACID,XS,1,0.8358651,0.6487753966444155,710.0
315.67799999999994,4.073100000000001,38.33,1,2,0,1,0.3571428571428571,21,3,0.7328090954055055,0,0,0,0.7262142857142857,0,fda_831,O=C1Nc2ccc(Cl)cc2[C@@](C#CC2CC2)(C(F)(F)F)O1,4.33912563,FDA,EFAVIRENZ,S,-1,0.96942085,0.7252622806838472,335.0
265.33799999999997,3.2433000000000005,67.00999999999999,2,4,4,2,0.3333333333333333,18,2,0.8327124144827058,0,0,0,0.5213571428571429,0,fda_777,CCCSc1ccc2nc(NC(=O)OC)[nH]c2c1,5.09991789,FDA,ALBENDAZOLE,S,1,0.31744727,0.5760124869489314,977.0
305.502,3.1984000000000004,33.120000000000005,1,2,0,2,0.0,13,2,0.7583081059543383,0,0,0,0.7634285714285713,0,fda_991,Oc1c(I)cc(Cl)c2cccnc12,4.53304386,FDA,CLIOQUINOL,S,-1,0.666387,0.6551142695784573,691.0
148.207,-1.2279999999999995,66.15,2,4,2,0,0.8,9,0,0.4819192583807676,0,0,0,0.5275,0,fda_644,CC(C)(S)[C@@H](N)C(=O)[O-],2.67625618,FDA,PENICILLAMINE,XS,0,0.07684798,0.28504644668199963,1972.0
252.269,2.8580000000000005,43.370000000000005,0,3,2,2,0.125,19,3,0.7717726415372386,0,0,1,0.6902142857142857,0,fda_211,COc1ccc(C2C(=O)c3ccccc3C2=O)cc1,3.82344556,FDA,ANISINDIONE,XS,-1,0.8965946,0.5758530657904134,978.0
371.4260000000001,1.09568,120.56,1,7,5,3,0.375,26,4,0.7167032115900049,0,0,0,0.1388571428571429,0,fda_1859,CCS(=O)(=O)N1CC(CC#N)(n2cc(-c3ncnc4[nH]ccc34)cn2)C1,5.39638138,FDA,BARICITINIB,M,1,0.87829435,0.7010701263822741,474.0
314.86,4.528400000000004,6.48,0,2,4,2,0.3684210526315789,22,3,0.8178744322781549,0,0,0,0.9537142857142856,0,fda_650,CN(C)CCCN1c2ccccc2CCc2ccc(Cl)cc21,4.63554239,FDA,CLOMIPRAMINE,S,-1,0.38668656,0.6084575245204169,865.0
463.5000000000003,5.910820000000005,78.63,2,6,9,3,0.375,33,3,0.4107301234210515,1,0,0,0.4383571428571429,1,fda_1908,COc1cc(C)c2c(Oc3cccc(C(F)(F)F)c3)c(OC)cc(N[C@@H](C)CCCN)c2n1,4.85751915,FDA,TAFENOQUINE,L,-1,0.76938856,0.6039722202640151,878.0
309.4340000000001,4.014400000000004,20.31,0,3,0,2,0.3157894736842105,22,4,0.7325276241844828,0,0,0,0.8549285714285714,0,fda_849,CN1CCC(=C2c3ccccc3CC(=O)c3sccc32)CC1,5.0134263,FDA,KETOTIFEN,S,1,0.9468829,0.7728374794991547,115.0
434.50400000000025,2.2747000000000006,93.06,2,6,2,0,0.75,31,5,0.6927713808384576,0,0,0,0.3352857142857143,0,fda_489,CC1(C)O[C@@H]2C[C@H]3[C@@H]4C[C@H](F)C5=CC(=O)C=C[C@]5(C)[C@H]4[C@@H](O)C[C@]3(C)[C@]2(C(=O)CO)O1,5.79385233,FDA,FLUNISOLIDE,L,1,0.99255013,0.7746784242018223,105.0
318.43700000000024,2.4562999999999997,46.53,1,3,4,1,0.631578947368421,23,3,0.6850778093160973,0,0,0,0.6676428571428572,0,fda_1899,C[N+]1(C)CC[C@@H](OC(=O)[C@](O)(c2ccccc2)C2CCCC2)C1,4.17138529,FDA,GLYCOPYRRONIUM,M,-1,0.1443285,0.4520022202992743,1363.0
751.2199999999998,-1.516399999999993,259.72999999999996,5,15,13,2,0.4333333333333333,50,5,0.0513272345512638,2,2,1,0.0,1,fda_1932,CC(C)(O/N=C(\C(=O)N[C@@H]1C(=O)N2C(C(=O)[O-])=C(C[N+]3(CCNC(=O)c4ccc(O)c(O)c4Cl)CCCC3)CS[C@H]12)c1csc(N)n1)C(=O)[O-],4.96021652,FDA,CEFIDEROCOL,XL,-1,0.0115779955,0.16723655368247065,2117.0
497.5680000000005,1.2496000000000007,117.23000000000002,1,8,11,2,0.4444444444444444,36,3,0.4612404047320605,0,1,0,0.1626428571428569,1,fda_716,CCOC(=O)[C@H](CCc1ccccc1)N[C@@H](C)C(=O)N1Cc2cc(OC)c(OC)cc2C[C@H]1C(=O)[O-],5.33798075,FDA,MOEXIPRIL,XL,-1,0.36643395,0.4952018637153422,1245.0
289.419,4.342100000000004,38.33,1,2,4,1,0.6111111111111112,21,2,0.8949670888562631,0,0,0,0.7262142857142857,0,fda_2124,COc1ccc(NC(=O)[C@@H]2C[C@H](C)CC[C@H]2C(C)C)cc1,4.8355732,FDA,ACOLTREMON,S,1,0.81193626,0.741018280862812,256.0
161.22499999999997,0.1764,52.32,1,2,3,0,0.8571428571428571,11,0,0.6000594654010832,0,0,0,0.6262857142857143,0,fda_68,C[C@H](C[N+](C)(C)C)OC(N)=O,2.73655701,FDA,BETHANECHOL,XS,0,0.039618786,0.3110974475046665,1897.0
261.365,3.154200000000002,38.33,1,3,5,1,0.5625,19,2,0.8274314065508214,0,0,0,0.7262142857142857,0,fda_99,C[C@H](CNC1CCCCC1)OC(=O)c1ccccc1,3.41950488,FDA,HEXYLCAINE,S,0,0.118994236,0.4324312342016808,1447.0
364.52900000000017,5.228400000000006,29.46,1,2,2,1,0.68,27,5,0.7283713862390043,1,0,0,0.7895714285714286,0,fda_383,C#C[C@]1(O)CC[C@H]2[C@@H]3CCc4cc(OC5CCCC5)ccc4[C@H]3CC[C@@]21C,5.52449036,FDA,QUINESTROL,M,1,0.99775344,0.812201471050354,11.0
427.52600000000024,4.106600000000004,71.11,1,6,5,2,0.3636363636363636,30,4,0.7745106536439257,0,0,0,0.4920714285714286,1,fda_627,CCOC(=O)Nc1ccc2c(c1)N(C(=O)CCN1CCOCC1)c1ccccc1S2,4.83064651,FDA,MORICIZINE,L,-1,0.16556895,0.49929912953956057,1230.0
295.32,1.6446999999999998,87.25999999999999,0,6,5,2,0.25,20,2,0.6179107716427477,0,0,0,0.3767142857142858,0,fda_2035,Cn1c([N+](=O)[O-])cnc1COc1ccc([S@@](C)=O)cc1,3.36555123,FDA,M FEXINIDAZOLE,S,0,0.6842452,0.521830112619535,1170.0
354.797,2.9249800000000006,90.68,2,5,3,3,0.1666666666666666,25,3,0.7561838271258684,0,0,0,0.3522857142857142,0,fda_2064,C[C@H](Nc1ccc(C#N)n(C)c1=O)c1cc2cc(Cl)ccc2[nH]c1=O,4.81315994,FDA,OLUTASIDENIB,M,-1,0.88645643,0.696844677484128,492.0
315.374,2.3885000000000005,86.03999999999999,0,6,5,2,0.3125,22,2,0.8452708717294677,0,0,0,0.3854285714285714,0,fda_760,Cc1nc(-c2ccc(OCC(C)C)c(C#N)c2)sc1C(=O)[O-],5.71770859,FDA,FEBUXOSTAT,S,1,0.9624286,0.7964674507031066,40.0
562.571,5.7018800000000045,108.76,3,6,9,4,0.2333333333333333,41,5,0.2268705766731385,2,0,0,0.2231428571428571,1,fda_2014,N#Cc1cccc([C@@H](NCC2CC2)c2ccc(F)c(NC(=O)c3cc(C(F)(F)F)nn3-c3cccc(CN)c3)c2)c1,5.7994194,FDA,BEROTRALSTAT,XL,-1,0.9319919,0.6524593153986152,699.0
324.8110000000001,3.934000000000003,32.67,0,2,3,2,0.2631578947368421,23,4,0.8415175711014194,0,0,0,0.7666428571428572,0,fda_415,O=C1CN=C(c2ccccc2)c2cc(Cl)ccc2N1CC1CC1,4.44650602,FDA,PRAZEPAM,M,-1,0.83408046,0.7170568813211499,385.0
307.112,3.1651000000000007,66.16,0,4,2,3,0.0,20,3,0.7291210723776334,0,0,0,0.5274285714285715,0,fda_1928,O=C([O-])c1ccc2nc(-c3cc(Cl)cc(Cl)c3)oc2c1,5.31941938,FDA,TAFAMIDIS,S,1,0.99340326,0.7722044157648273,117.0
396.8380000000001,2.81938,116.46,2,6,6,3,0.2105263157894736,28,3,0.6211560477951573,0,0,0,0.168142857142857,0,fda_1956,CC(=O)c1cc(C(=O)N[C@@H](C)Cn2ccc(-c3ccc(C#N)c(Cl)c3)n2)n[nH]1,6.02641153,FDA,M DAROLUTAMIDE,L,1,0.9588407,0.747848556034986,219.0
269.388,3.662620000000003,12.47,0,2,6,2,0.3333333333333333,20,2,0.7932087270574181,0,0,0,0.9109285714285714,0,fda_196,Cc1ccccc1[C@@H](OCCN(C)C)c1ccccc1,3.48972774,FDA,ORPHENADRINE,S,0,0.016804924,0.4177254474296325,1496.0
371.3930000000001,2.5822000000000003,103.55,1,8,4,2,0.3684210526315789,27,3,0.8181000978992072,0,0,0,0.2603571428571428,0,fda_606,COC(=O)C1=C(C)NC(C)=C(C(=O)OC(C)C)[C@@H]1c1cccc2nonc12,4.3665061,FDA,ISRADIPINE,M,-1,0.12844862,0.445129103149826,1386.0
130.078,-0.7977000000000001,65.72,2,2,0,1,0.0,9,1,0.482564502908463,0,0,0,0.5305714285714286,0,fda_280,O=c1[nH]cc(F)c(=O)[nH]1,3.08076882,FDA,FLUOROURACIL,XS,-1,0.7379666,0.5087269269622892,1209.0
211.261,1.0844,64.71,2,4,4,1,0.4545454545454545,15,1,0.781942163264455,0,0,0,0.5377857142857143,0,fda_73,COc1ccc(OC)c([C@H](O)[C@@H](C)N)c1,3.46440959,FDA,METHOXAMINE,XS,-1,0.18665408,0.427553579338524,1469.0
231.255,1.4176199999999997,67.16,2,4,4,2,0.1666666666666666,17,2,0.7807773221849421,0,0,0,0.5202857142857142,0,fda_267,Cc1cc(C(=O)NNCc2ccccc2)no1,3.88723111,FDA,ISOCARBOXAZID,XS,-1,0.4984964,0.5451594156732035,1095.0
264.31,1.16802,97.97,2,5,3,2,0.0909090909090909,18,2,0.8107373568997642,0,0,0,0.3002142857142857,0,fda_55,Cc1ccnc(NS(=O)(=O)c2ccc(N)cc2)n1,3.67086291,FDA,SULFAMERAZINE,S,-1,0.13939579,0.40809077240941766,1542.0
299.761,1.8492,48.19,1,3,1,2,0.125,21,3,0.8734531270112922,0,0,0,0.6557857142857143,0,fda_282,C/N=C1/CN(O)C(c2ccccc2)=c2cc(Cl)ccc2=N1,3.76564908,FDA,CHLORDIAZEPOXIDE,S,-1,0.708705,0.6328204940496496,775.0
197.381,2.5084999999999997,0.0,0,0,0,0,1.0,7,0,0.523506439863351,0,0,0,1.0,0,fda_234,FC(F)(F)[C@H](Cl)Br,3.17472458,FDA,HALOTHANE,XS,-1,0.21078739,0.41148991635040877,1519.0
430.3790000000001,2.8795800000000007,107.26,2,5,5,2,0.2222222222222222,29,2,0.5604120760868545,0,0,0,0.2338571428571428,1,fda_743,C[C@@](O)(CS(=O)(=O)c1ccc(F)cc1)C(=O)Nc1ccc(C#N)c(C(F)(F)F)c1,5.31269503,FDA,BICALUTAMIDE,L,-1,0.442289,0.5433571238024677,1105.0
284.74600000000004,3.153800000000002,32.67,0,2,1,2,0.125,20,3,0.79164533623487,0,0,0,0.7666428571428572,0,fda_324,CN1C(=O)CN=C(c2ccccc2)c2cc(Cl)ccc21,3.9490757,FDA,DIAZEPAM,S,-1,0.83693206,0.6773076253296422,583.0
385.5050000000001,3.748140000000002,66.43,0,5,8,2,0.3636363636363636,27,2,0.5113912674413162,0,0,0,0.5255,0,fda_2118,CSc1ccc(C(=O)CCc2cc(C)c(OC(C)(C)C(=O)[O-])c(C)c2)cc1,5.29030752,FDA,M ELAFIBRANOR,M,1,0.9312008,0.7080122514227335,429.0
340.492,4.832100000000005,23.550000000000004,0,4,5,2,0.35,24,3,0.7273120276641493,0,0,0,0.8317857142857142,0,fda_290,CCC(=O)c1ccc2c(c1)N(C[C@@H](C)N(C)C)c1ccccc1S2,4.52647734,FDA,PROPIOMAZINE,M,-1,0.92109364,0.7317584285808632,308.0
184.491,2.3528,9.23,0,1,3,0,1.0,10,0,0.4832940928615504,0,0,0,0.9340714285714286,0,fda_407,FC(F)OC(F)(F)[C@@H](F)Cl,3.26460743,FDA,ENFLURANE,XS,-1,0.115438536,0.37378464910704207,1653.0
309.40600000000006,2.2748600000000003,67.79,2,5,7,1,0.5882352941176471,22,1,0.5972565891756851,0,0,0,0.5157857142857143,0,fda_651,CC(=O)Oc1c(C)cc(OC[C@H](O)CNC(C)C)c(C)c1C,4.01284361,FDA,METIPRANOLOL,S,-1,0.009601528,0.3690716400730852,1672.0
162.19,-1.8291999999999995,69.23,2,4,3,0,0.6,10,0,0.4795672584018238,0,0,0,0.5055,0,fda_332,CC(=O)N[C@@H](CS)C(=O)[O-],3.2299757,FDA,ACETYLCYSTEINE,XS,-1,0.1139889,0.32761472968632976,1838.0
325.77400000000006,4.324220000000002,30.18,0,3,1,3,0.1111111111111111,23,4,0.654885085071007,0,0,0,0.7844285714285715,0,fda_529,Cc1ncc2n1-c1ccc(Cl)cc1C(c1ccccc1F)=NC2,5.56681395,FDA,MIDAZOLAM,M,1,0.9321466,0.7799140365728804,89.0
342.47600000000006,1.800499999999999,100.49,1,5,14,0,0.8947368421052632,24,0,0.4851341672148907,0,1,0,0.2822142857142856,0,fda_1945,CC(C)(CCCCCC(O)CCCCCC(C)(C)C(=O)[O-])C(=O)[O-],4.49821615,FDA,BEMPEDOIC ACID,M,-1,0.7682163,0.5807622621671589,956.0
312.4530000000001,3.882600000000003,37.3,1,2,1,0,0.7619047619047619,23,4,0.7460501574652694,0,0,0,0.7335714285714285,0,fda_380,C#C[C@@]1(O)CC[C@H]2[C@@H]3CCC4=CC(=O)CC[C@@H]4[C@H]3CC[C@@]21CC,5.83266211,FDA,NORGESTREL,S,1,0.999019,0.8294932098021053,4.0
212.249,0.7948999999999999,75.27000000000001,2,3,3,0,0.7,15,1,0.6791427219817272,0,0,0,0.4623571428571428,0,fda_4,CC[C@@H](C)C1(CC)C(=O)NC(=O)NC1=O,5.05086756,FDA,BUTABARBITAL,XS,1,0.9940612,0.7393623585431559,269.0
147.19799999999998,-0.2121000000000003,52.32,1,2,3,0,0.8333333333333334,10,0,0.5613640399929508,0,0,0,0.6262857142857143,0,fda_399,C[N+](C)(C)CCOC(N)=O,2.72506523,FDA,CARBACHOL,XS,0,0.044856932,0.3042221765364084,1919.0
360.36500000000007,0.2093000000000002,77.84,0,7,2,2,0.4444444444444444,26,4,0.7619798913591553,0,0,0,0.4439999999999999,0,fda_626,C[C@@H]1COc2c(N3CCN(C)CC3)c(F)cc3c(=O)c(C(=O)[O-])cn1c23,4.89957762,FDA,OFLOXACIN,M,-1,0.91198575,0.7201554729111436,365.0
419.5200000000002,3.5593800000000018,67.16,0,4,4,2,0.4615384615384615,31,4,0.7600468495976936,0,0,0,0.5202857142857142,1,fda_698,C[C@@H]1CN([C@H]2CC[C@](C#N)(c3ccc(F)cc3)CC2)CC[C@]1(C(=O)[O-])c1ccccc1,5.7674675,FDA,LEVOCABASTINE,L,1,0.98564154,0.8029362456208865,31.0
416.51400000000024,2.326700000000001,93.06,2,6,2,0,0.75,30,5,0.7177493123306525,0,0,0,0.3352857142857143,0,fda_404,CC1(C)O[C@@H]2C[C@H]3[C@@H]4CCC5=CC(=O)C=C[C@]5(C)[C@H]4[C@@H](O)C[C@]3(C)[C@]2(C(=O)CO)O1,5.62150812,FDA,DESONIDE,L,-1,0.9971487,0.7704411441961362,124.0
557.5090000000002,-0.4307999999999978,162.48,3,9,7,3,0.3461538461538461,40,5,0.3525523612864984,1,1,0,0.0,1,fda_689,C[C@H](N)C(=O)N[C@@H](C)C(=O)N[C@H]1[C@@H]2CN(c3nc4c(cc3F)c(=O)c(C(=O)[O-])cn4-c3ccc(F)cc3F)C[C@@H]21,5.63142538,FDA,ALATROFLOXACIN,XL,-1,0.31802768,0.4607475378960042,1336.0
213.28099999999992,0.3355999999999997,82.86000000000001,2,3,2,0,0.9,15,2,0.5114357848128608,0,0,0,0.408142857142857,0,fda_481,NC(N)=NC[C@@H]1COC2(CCCCC2)O1,4.34063196,FDA,GUANADREL,XS,1,0.9181841,0.6339022064360806,773.0
239.746,3.2993000000000023,29.1,1,2,3,1,0.4615384615384615,16,1,0.8204937720146613,0,0,0,0.7921428571428571,0,fda_524,C[C@@H](NC(C)(C)C)C(=O)c1cccc(Cl)c1,3.292413,FDA,BUPROPION,XS,-1,0.3299595,0.49310020590674525,1254.0
480.5290000000002,0.661800000000002,139.79000000000002,2,11,7,2,0.4347826086956521,35,5,0.5470559666602671,1,0,0,0.0014999999999998,1,fda_1875,COc1c(OCCCN2CCOCC2)ccc2c1N=C(NC(=O)c1cnc(N)nc1)N1CCN=C21,5.49352407,FDA,COPANLISIB,L,-1,0.011663972,0.3993975914785627,1567.0
439.5980000000003,1.6158000000000006,107.56,2,6,14,1,0.6818181818181818,30,2,0.4266297483826753,0,1,0,0.2317142857142856,0,fda_823,CCCCS(=O)(=O)N[C@@H](Cc1ccc(OCCCCC2CCNCC2)cc1)C(=O)[O-],4.71055555,FDA,TIROFIBAN,L,-1,0.13757266,0.3878935020739989,1609.0
296.4390000000001,4.241000000000003,6.48,0,3,2,2,0.3333333333333333,21,4,0.8181633544074803,0,0,1,0.9537142857142856,0,fda_259,CN1CC[C@@H](CN2c3ccccc3Sc3ccccc32)C1,4.4470644,FDA,METHDILAZINE,S,-1,0.5545587,0.5472710411878652,1089.0
540.6970000000002,4.703900000000005,99.13,1,7,5,0,0.78125,39,6,0.5046539264256359,1,0,0,0.2919285714285713,0,fda_923,CC(C)C(=O)OCC(=O)[C@@]12O[C@H](C3CCCCC3)O[C@@H]1C[C@H]1[C@@H]3CCC4=CC(=O)C=C[C@]4(C)[C@H]3[C@@H](O)C[C@@]12C,6.47911072,FDA,CICLESONIDE,XL,1,0.9958348,0.7759008133188036,102.0
283.415,3.6366000000000023,23.47,1,2,2,1,0.5789473684210527,21,4,0.8377375629702639,0,0,0,0.8323571428571429,0,fda_188,C=CCN1CC[C@]23CCCC[C@H]2[C@H]1Cc1ccc(O)cc13,4.3124733,FDA,LEVALLORPHAN,S,-1,0.9624843,0.7531401412686021,190.0
324.38000000000005,3.493400000000002,60.85,1,3,5,2,0.2631578947368421,24,3,0.8564589107930237,0,0,1,0.5653571428571429,0,fda_301,CCCC[C@H]1C(=O)N(c2ccccc2)N(c2ccc(O)cc2)C1=O,4.60583448,FDA,OXYPHENBUTAZONE,M,-1,0.9491432,0.644246360261847,736.0
314.425,3.828900000000002,46.53,1,3,1,1,0.65,23,4,0.6328232396055683,0,0,0,0.6676428571428572,0,fda_21,CC(=O)Oc1ccc2c(c1)CC[C@@H]1[C@@H]2CC[C@]2(C)[C@@H](O)CC[C@@H]12,4.77331161,FDA,ESTRADIOL ACETATE,S,1,0.9849953,0.730816200852435,314.0
807.8900000000002,3.2596000000000025,224.44999999999996,5,14,8,2,0.5581395348837209,58,6,0.1468094861389331,2,1,0,0.0,1,fda_733,CC(=O)O[C@@]12CO[C@@H]1C[C@H](O)[C@@]1(C)C(=O)[C@H](O)C3=C(C)[C@@H](OC(=O)[C@H](O)[C@@H](NC(=O)OC(C)(C)C)c4ccccc4)C[C@@](O)([C@@H](OC(=O)c4ccccc4)[C@H]21)C3(C)C,5.37471771,FDA,DOCETAXEL,XL,-1,0.10236627,0.3390932412596791,1791.0
417.82200000000006,5.228000000000002,66.49000000000001,2,4,5,4,0.15,29,4,0.466457655707693,1,0,0,0.5250714285714285,1,fda_1951,FC(F)(F)c1ccc(CNc2ccc(Cc3c[nH]c4ncc(Cl)cc34)cn2)cn1,5.85878372,FDA,PEXIDARTINIB,L,1,0.9837167,0.7497425106318923,209.0
256.092,1.9263,44.7,1,3,0,1,0.2,16,3,0.7703086660163128,0,0,0,0.6807142857142857,0,fda_717,O=C1CN2Cc3c(ccc(Cl)c3Cl)N=C2N1,4.53475952,FDA,ANAGRELIDE,S,-1,0.94968086,0.7343367601983711,292.0
117.14799999999998,-1.5574999999999983,40.129999999999995,0,2,2,0,0.8,8,0,0.4104086183653024,0,0,0,0.7133571428571429,0,fda_756,C[N+](C)(C)CC(=O)[O-],2.49395442,FDA,BETAINE,XS,0,0.090161346,0.282098441329673,1980.0
303.358,0.9180999999999996,62.3,1,5,4,1,0.5882352941176471,22,4,0.6618093940597772,0,0,0,0.5549999999999999,0,fda_466,CN1[C@@H]2C[C@@H](OC(=O)[C@H](CO)c3ccccc3)C[C@H]1[C@@H]1O[C@@H]12,3.66986179,FDA,SCOPOLAMINE,S,-1,0.011441825,0.3653359149576708,1689.0
180.16699999999997,-1.0397000000000003,72.68,1,5,0,2,0.2857142857142857,13,2,0.5624722357827983,0,0,0,0.4808571428571427,0,fda_9,Cn1c(=O)c2[nH]cnc2n(C)c1=O,3.24328303,FDA,THEOPHYLLINE,XS,-1,0.84672296,0.5623711003102031,1028.0
507.63700000000034,-0.6317999999999964,183.04,4,7,9,1,0.6086956521739131,35,3,0.1933405407869204,1,1,0,0.0,0,fda_818,C[C@@H]1CCN(C(=O)[C@H](CCCN=C(N)N)NS(=O)(=O)c2cccc3c2NC[C@H](C)C3)[C@@H](C(=O)[O-])C1,3.84856296,FDA,ARGATROBAN,XL,0,0.057236724,0.24088450281915577,2069.0
342.29699999999997,-5.395599999999993,189.52999999999997,8,11,5,0,1.0,23,2,0.2378914345193498,2,1,0,0.0,0,fda_449,OC[C@H]1O[C@@H](O[C@@H]2[C@@H](CO)O[C@](O)(CO)[C@H]2O)[C@H](O)[C@@H](O)[C@H]1O,3.90007138,FDA,LACTULOSE,M,0,0.006800117,0.23783543465990112,2074.0
214.612,-0.0224000000000002,72.94,1,6,0,0,0.2857142857142857,14,2,0.6257838764930321,0,0,0,0.479,0,fda_962,Cn1c2nc(Cl)nc-2c(O)n(C)c1=O,3.65788054,FDA,DIMENHYDRINATE,XS,-1,0.65546715,0.5430006426680105,1107.0
404.54700000000025,4.195500000000004,72.83,1,5,6,0,0.75,29,3,0.671999391844661,0,0,0,0.4797857142857142,0,fda_616,CC[C@H](C)C(=O)O[C@H]1C[C@@H](C)C=C2C=C[C@H](C)[C@H](CC[C@@H]3C[C@@H](O)CC(=O)O3)[C@H]21,6.0455451,FDA,LOVASTATIN,L,1,0.9774786,0.7959510618011078,41.0
254.246,-2.213099999999999,102.28,2,8,3,2,0.5,18,2,0.6460832424087163,0,0,0,0.2694285714285714,0,fda_93,Cn1c(=O)c2c(ncn2C[C@H](O)CO)n(C)c1=O,3.60897517,FDA,DYPHYLLINE,S,-1,0.04190384,0.33902292880958795,1793.0
439.5780000000003,2.4116,88.50999999999999,0,7,5,0,0.8095238095238095,30,3,0.2136547968679551,0,0,0,0.3677857142857144,0,fda_2094,CC(C)(C)C(=O)OCOC(=O)[C@@H]1N2C(=O)[C@@H](/N=C/N3CCCCCC3)[C@H]2SC1(C)C,4.42698145,FDA,PIVMECILLINAM,L,0,0.40020356,0.4202332735007963,1491.0
303.35800000000006,1.8677,55.84,0,5,3,1,0.5294117647058824,22,3,0.7979361284429697,0,0,0,0.6011428571428572,0,fda_1877,COC(=O)[C@H]1[C@@H](OC(=O)c2ccccc2)C[C@@H]2CC[C@H]1N2C,3.85053086,FDA,COCAINE,S,-1,0.0295739,0.4137402366206258,1512.0
187.286,2.1826,3.24,0,1,4,1,0.3846153846153846,14,1,0.6530251998867979,0,0,0,0.9768571428571428,0,fda_586,C#CCN(C)[C@H](C)Cc1ccccc1,3.34890199,FDA,SELEGILINE,XS,-1,0.067260705,0.40274670145463853,1562.0
259.13599999999997,2.7624000000000004,33.62,1,3,3,1,0.3636363636363636,16,2,0.9050107141126126,0,0,0,0.7598571428571429,0,fda_1865,C[C@H](Oc1c(Cl)cccc1Cl)C1=NCCN1,3.77521777,FDA,LOFEXIDINE,S,-1,0.33369792,0.5376262305584948,1129.0
170.212,-0.1272999999999999,63.400000000000006,1,2,3,0,0.75,12,1,0.6410492145588488,0,0,0,0.5471428571428572,0,fda_843,CC[C@@H](C(N)=O)N1CCCC1=O,3.05856442,FDA,LEVETIRACETAM,XS,-1,0.35702807,0.42643215861160355,1474.0
435.2270000000001,2.0982800000000004,146.51999999999998,2,8,4,3,0.1764705882352941,29,3,0.6379909002470271,0,1,0,0.0,1,fda_2106,CC(C)c1cc(Oc2c(Cl)cc(-n3nc(C#N)c(=O)[nH]c3=O)cc2Cl)n[nH]c1=O,6.17696905,FDA,RESMETIROM,L,1,0.8875036,0.7222709895145693,354.0
339.4830000000001,3.361900000000002,59.22,1,3,8,2,0.4285714285714285,25,2,0.8020711980677477,0,0,0,0.577,0,fda_421,CC(C)N(CC[C@@](C(N)=O)(c1ccccc1)c1ccccn1)C(C)C,4.63255119,FDA,DISOPYRAMIDE,M,-1,0.2485143,0.5259895821970474,1157.0
297.29,1.4103,109.25,1,6,2,3,0.1875,22,3,0.7161140965925937,0,0,0,0.2196428571428571,0,fda_746,CC(C)c1ccc2oc3nc(N)c(C(=O)[O-])cc3c(=O)c2c1,5.07699966,FDA,AMLEXANOX,S,1,0.97219896,0.7175356854617607,380.0
287.297,0.6406000000000001,106.02,0,7,3,1,0.5,19,2,0.4585682353293902,0,0,0,0.2427142857142857,0,fda_2005,C[C@H]1CS(=O)(=O)CCN1/N=C/c1ccc([N+](=O)[O-])o1,3.62443089,FDA,NIFURTIMOX,S,-1,0.4229653,0.41411865039693047,1509.0
409.4320000000001,4.888300000000004,60.77,2,3,6,3,0.2083333333333333,30,4,0.5702138618789355,0,0,0,0.5659285714285713,1,fda_902,O=C1[C@H](CC[C@H](O)c2ccc(F)cc2)[C@@H](c2ccc(O)cc2)N1c1ccc(F)cc1,6.12651014,FDA,EZETIMIBE,L,1,0.90307,0.7668712335791162,137.0
443.4630000000002,3.718720000000003,67.82000000000001,0,6,11,2,0.3809523809523809,30,2,0.4934199993148911,0,1,0,0.5155714285714286,1,fda_2125,CCO[C@H](COc1ccc(C(F)(F)F)cc1)CSc1ccc(OCC(=O)[O-])c(C)c1,4.54578066,FDA,SELADELPAR,L,-1,0.8318315,0.6277685823045526,792.0
534.4320000000001,4.952100000000004,83.24000000000001,2,5,6,3,0.391304347826087,37,4,0.4376253118047191,1,0,0,0.4054285714285713,1,fda_915,C[C@@H](O[C@H]1OCCN(Cc2nc(=O)[nH][nH]2)[C@H]1c1ccc(F)cc1)c1cc(C(F)(F)F)cc(C(F)(F)F)c1,5.08835459,FDA,APREPITANT,XL,-1,0.8016039,0.6299371730066472,783.0
260.3809999999999,2.845700000000001,32.34,1,2,7,1,0.5625,19,2,0.8173315946878695,0,0,0,0.769,0,fda_773,CCCN(CCC)CCc1cccc2c1CC(=O)N2,3.67754364,FDA,ROPINIROLE,S,-1,0.93264174,0.6946733801890403,502.0
306.276,0.7357999999999993,81.64999999999999,1,7,5,3,0.2307692307692307,22,3,0.7515159753061997,0,0,0,0.4167857142857143,0,fda_658,OC(Cn1cncn1)(Cn1cncn1)c1ccc(F)cc1F,4.83332491,FDA,FLUCONAZOLE,S,1,0.9759854,0.7304614936030279,319.0
273.357,2.01,60.16,1,2,5,2,0.1333333333333333,19,2,0.9055446265663244,0,0,0,0.5702857142857143,0,fda_788,NC(=O)C[S@@](=O)C(c1ccccc1)c1ccccc1,3.2242527,FDA,MODAFINIL,S,0,0.17657387,0.43771186227780157,1426.0
411.5210000000003,5.346700000000005,49.36,0,3,4,3,0.3928571428571428,31,7,0.5816891229939615,1,0,0,0.6474285714285715,1,fda_718,COc1ccc(-c2ccc3cc(C(=O)[O-])ccc3c2)cc1[C@]12C[C@H]3C[C@H](C[C@H](C3)C1)C2,5.3758893,FDA,ADAPALENE,L,-1,0.99441916,0.758500034729069,172.0
158.221,-0.2525999999999999,66.15,1,3,5,0,0.875,11,0,0.5995200512640643,0,0,0,0.5275,0,fda_903,CC(C)C[C@H](CN)CC(=O)[O-],3.14140511,FDA,PREGABALIN,XS,-1,0.1729724,0.3660464245434902,1686.0
454.6110000000002,5.093080000000005,63.95,0,6,13,2,0.5185185185185185,33,2,0.4199048761764639,1,1,0,0.5432142857142856,1,fda_512,COc1ccc(CCN(C)CCC[C@](C#N)(c2ccc(OC)c(OC)c2)C(C)C)cc1OC,5.05973911,FDA,VERAPAMIL,L,-1,0.4833281,0.5429268491426353,1108.0
194.194,-1.0293,61.82,0,6,0,2,0.375,14,2,0.5384628262372215,0,0,0,0.5584285714285715,0,fda_69,Cn1c(=O)c2c(ncn2C)n(C)c1=O,2.90698934,FDA,CAFFEINE,XS,0,0.35458177,0.3969760260413158,1576.0
252.27299999999997,2.6422000000000008,63.400000000000006,1,2,0,2,0.0666666666666666,19,3,0.7829578147216556,0,0,0,0.5471428571428572,0,fda_838,NC(=O)N1c2ccccc2CC(=O)c2ccccc21,4.61087656,FDA,OXCARBAZEPINE,XS,1,0.9728723,0.7351539503568757,291.0
246.097,1.3359,81.47,2,1,2,1,0.1111111111111111,15,1,0.6097254058343433,0,0,0,0.4180714285714285,0,fda_567,NC(N)=NC(=O)Cc1c(Cl)cccc1Cl,4.22336388,FDA,GUANFACINE,XS,1,0.73648506,0.5928222527630087,907.0
390.9580000000002,5.555620000000006,6.48,0,2,5,3,0.28,28,4,0.5626410757187412,1,0,0,0.9537142857142856,0,fda_203,Cc1cccc(CN2CCN([C@@H](c3ccccc3)c3ccc(Cl)cc3)CC2)c1,4.70384932,FDA,MECLIZINE,L,-1,0.16183546,0.4941616587644888,1249.0
506.7090000000003,4.050520000000002,112.05,3,7,2,1,0.7407407407407407,35,3,0.521911808548141,1,0,0,0.199642857142857,0,fda_955,C/C(=C\c1csc(C)n1)[C@@H]1C[C@@H]2O[C@]2(C)CCC[C@H](C)[C@H](O)[C@@H](C)C(=O)C(C)(C)[C@@H](O)CC(=O)N1,5.6230197,FDA,IXABEPILONE,XL,-1,0.99675554,0.7176844787492935,379.0
327.46800000000013,3.3656000000000015,43.7,2,3,2,1,0.7142857142857143,24,5,0.875191488403328,0,0,0,0.6878571428571428,0,fda_463,Oc1ccc2c(c1)[C@@]13CCCC[C@@]1(O)[C@@H](C2)N(CC1CCC1)CC3,4.78919744,FDA,BUTORPHANOL,M,-1,0.9681207,0.7772270802132362,99.0
585.1890000000002,7.613300000000008,73.25,1,5,12,4,0.3142857142857143,41,5,0.1854028783479699,2,1,0,0.4767857142857142,1,fda_809,CC(C)(O)c1ccccc1CC[C@@H](SCC1(CC(=O)[O-])CC1)c1cccc(/C=C/c2ccc3ccc(Cl)cc3n2)c1,5.66755104,FDA,MONTELUKAST,XL,-1,0.9545806,0.6681865997835619,623.0
391.46700000000016,3.7150000000000025,48.00000000000001,0,5,3,2,0.375,29,5,0.5896396812689977,0,0,0,0.657142857142857,0,fda_2147,COc1ccc2c3c1O[C@H]1C[C@@H](OC(=O)c4ccccc4)C=C[C@@]31CCN(C)C2,4.67735243,FDA,BENZGALANTAMINE,L,-1,0.5465356,0.5836826930352842,939.0
778.9469999999999,4.753600000000004,133.87,2,11,7,3,0.5333333333333333,57,9,0.1956898904603122,2,0,0,0.0437857142857142,1,fda_724,CCC1=C[C@H]2CN(C1)Cc1c([nH]c3ccccc13)[C@@](C(=O)OC)(c1cc3c(cc1OC)N(C)[C@H]1[C@@](O)(C(=O)OC)[C@H](OC(C)=O)[C@]4(CC)C=CCN5CC[C@]31[C@@H]54)C2,5.48337317,FDA,VINORELBINE,XL,-1,0.16238004,0.3779427090132213,1643.0
143.142,0.3735999999999999,46.61,0,3,0,0,0.6666666666666666,10,1,0.4919347410358442,0,0,0,0.6670714285714285,0,fda_32,CN1C(=O)OC(C)(C)C1=O,3.79418254,FDA,TRIMETHADIONE,XS,-1,0.8123485,0.5904954402436186,914.0
245.06399999999996,-3.8011999999999984,172.63,2,8,5,0,1.0,14,0,0.4633326276963488,0,1,0,0.0,0,fda_753,NCCCC(O)(P(=O)([O-])[O-])P(=O)([O-])[O-],4.22902632,FDA,ALENDRONATE,XS,1,0.51110274,0.45447054108020435,1353.0
458.5780000000003,4.652900000000003,72.83,1,5,7,3,0.3448275862068966,34,4,0.5578465581990995,0,0,0,0.4797857142857142,1,fda_1944,CC(C)(C)c1cc(-c2cc(-c3ccc(C(=O)[O-])cc3)ccc2OCCO)ccc1N1CCCC1,5.61166143,FDA,TRIFAROTENE,L,-1,0.8979038,0.7225307896463784,352.0
236.13599999999997,-1.0621999999999998,123.20000000000005,0,8,4,0,1.0,16,2,0.4464104917907699,0,0,0,0.1199999999999997,0,fda_271,O=[N+]([O-])O[C@H]1CO[C@@H]2[C@H](O[N+](=O)[O-])CO[C@H+15]12,3.17652249,FDA,ISOSORBIDE DINITRATE,XS,-1,0.09238322,0.2726601827611001,2007.0
310.33500000000004,0.8768,116.43,2,7,5,2,0.1666666666666666,21,2,0.7870878791639985,0,0,0,0.1683571428571427,0,fda_521,COc1ncnc(NS(=O)(=O)c2ccc(N)cc2)c1OC,3.71627498,FDA,SULFADOXINE,S,-1,0.12574175,0.3888752932392425,1603.0
374.39200000000017,0.6456999999999997,86.63,1,7,4,2,0.4736842105263157,27,4,0.8455651734986326,0,0,0,0.3812142857142857,0,fda_890,COc1c(N2CCN[C@H](C)C2)c(F)cc2c(=O)c(C(=O)[O-])cn(C3CC3)c12,5.31268358,FDA,GATIFLOXACIN,M,1,0.9423473,0.7651402524371823,144.0
471.43000000000023,-3.4004999999999965,225.5,5,11,10,2,0.3,34,3,0.2145563580923106,1,1,0,0.0,1,fda_1853,Nc1nc(=O)c2c([nH]1)NC[C@H](CNc1ccc(C(=O)N[C@@H](CCC(=O)[O-])C(=O)[O-])cc1)N2C=O,5.28585148,FDA,LEVOLEUCOVORIN,L,-1,0.04581631,0.33020550876189037,1829.0
168.03599999999997,2.0835,9.23,0,1,2,0,1.0,10,0,0.5732475481548114,0,0,0,0.9340714285714286,0,fda_681,FC(F)O[C@H](F)C(F)(F)F,3.09088063,FDA,DESFLURANE,XS,-1,0.06603809,0.3662576244946168,1685.0
228.24699999999996,3.4644600000000025,43.35,0,3,0,3,0.2142857142857142,17,3,0.5532100636122295,0,0,0,0.6903571428571429,0,fda_308,Cc1cc2cc3c(C)cc(=O)oc3c(C)c2o1,4.31045008,FDA,TRIOXSALEN,XS,1,0.9932811,0.6911491052721129,521.0
424.9910000000001,0.3895000000000004,102.26,4,7,7,0,0.9444444444444444,27,2,0.4382730169795818,0,0,0,0.2695714285714286,0,fda_984,CCC[C@@H]1C[C@@H](C(=O)N[C@@H]([C@H]2O[C@H](SC)[C@H](O)[C@@H](O)[C@H]2O)[C@H](C)Cl)N(C)C1,4.33550406,FDA,CLINDAMYCIN,L,0,0.117041804,0.3647540538637795,1694.0
352.42500000000007,5.259800000000004,6.48,0,3,4,2,0.3333333333333333,24,3,0.7410247450790446,1,0,0,0.9537142857142856,0,fda_220,CN(C)CCCN1c2ccccc2Sc2ccc(C(F)(F)F)cc21,4.81279755,FDA,TRIFLUPROMAZINE,M,-1,0.61401516,0.6722010110044772,600.0
339.47900000000016,4.275500000000004,29.54,0,3,8,2,0.4090909090909091,25,2,0.6725578996267864,0,0,0,0.789,0,fda_215,CCC(=O)O[C@](Cc1ccccc1)(c1ccccc1)[C@H](C)CN(C)C,4.63913107,FDA,PROPOXYPHENE,M,-1,0.5566464,0.6141317286040611,843.0
478.5130000000003,1.7620999999999991,127.2,2,8,4,0,0.68,34,4,0.5855060519155003,0,0,0,0.0914285714285714,0,fda_226,CC(=O)OCC(=O)[C@@]1(O)[C@H](OC(C)=O)C[C@H]2[C@@H]3CCC4=CC(=O)C=C[C@]4(C)[C@@]3(F)[C@@H](O)C[C@@]21C,4.94850349,FDA,TRIAMCINOLONE DIACETATE,L,-1,0.9155885,0.6536970832433892,696.0
386.49900000000014,3.168820000000002,39.150000000000006,0,4,4,2,0.3333333333333333,29,5,0.8102897759421738,0,0,0,0.7203571428571428,0,fda_2162,Cc1ccccc1CN1C(=O)C2=C(CCN(Cc3ccccc3)C2)N2CCN=C12,4.33513308,FDA,DORDAVIPRONE,M,-1,0.8726031,0.7108815395139787,417.0
668.7170000000002,-8.025130000000015,375.9199999999999,15,12,10,0,0.6,47,2,0.0962806245495909,3,1,0,0.0,0,fda_976,[H]/N=C1\NCC[C@@H]([C@@H]2NC(=O)/C(=C\NC(N)=O)NC(=O)[C@H](CNC(=O)C[C@@H](N)CCCN)NC(=O)[C@H](CO)NC(=O)[C@@H](N)CNC2=O)N1,4.99383926,FDA,CAPREOMYCIN,XL,-1,0.09826512,0.3043037587687146,1917.0
156.056,1.3958,3.24,0,1,4,0,1.0,8,0,0.555740070043485,0,0,0,0.9768571428571428,0,fda_72,CN(CCCl)CCCl,2.92243123,FDA,MECHLORETHAMINE,XS,0,0.0783906,0.3603678385599123,1722.0
678.8549999999999,-0.5015999999999918,225.8,6,9,18,2,0.5277777777777778,49,3,0.111612090935993,2,2,0,0.0,1,fda_2040,CC(C)C[C@@H](NC(=O)[C@@H](Cc1ccccc1)NC(=O)[C@H](N)Cc1ccccc1)C(=O)N[C@H](CCCCN)C(=O)N1CCC(N)(C(=O)[O-])CC1,5.51591063,FDA,DIFELIKEFALIN,XL,-1,0.26393822,0.3892195923669858,1601.0
457.48300000000023,0.1866000000000017,164.63,5,9,3,1,0.4347826086956521,33,4,0.3983715598370968,0,1,0,0.0,0,fda_997,CN(C)c1ccc(O)c2c1C[C@H]1C[C@H]3[C@H](N(C)C)C(O)=C(C(N)=O)C(=O)[C@@]3(O)C(O)=C1C2=O,4.06223774,FDA,MINOCYCLINE,L,0,0.011457601,0.28131442882892205,1985.0
463.41600000000005,3.270880000000001,103.32,1,5,3,2,0.25,32,4,0.5537212709573479,0,0,0,0.262,1,fda_1884,N#Cc1ncc(N2C(=O)C3(CCC3)N(c3ccc(C(N)=O)c(F)c3)C2=S)cc1C(F)(F)F,4.68343782,FDA,M APALUTAMIDE,L,-1,0.9939766,0.6715917281758355,603.0
289.74399999999997,0.8788000000000005,101.29,3,4,2,1,0.3,18,2,0.751957676885389,0,0,0,0.2765000000000001,0,fda_325,CC[C@@H]1NC(=O)c2cc(S(N)(=O)=O)c(Cl)cc2N1,3.80386353,FDA,QUINETHAZONE,S,-1,0.6295195,0.5491903253647219,1078.0
256.328,2.6069000000000004,35.53,0,4,8,0,1.0,15,0,0.4937890995003399,0,0,0,0.7462142857142857,0,fda_268,CCOP(=O)(OCC)SCC[N+](C)(C)C,3.44082332,FDA,ECHOTHIOPHATE,S,0,0.36793518,0.44369778700906043,1394.0
581.4820000000004,-0.0958799999999993,187.87,0,13,8,4,0.28,41,5,0.1535824874302373,2,1,0,0.0,1,fda_1976,COc1cnc(-n2cnc(C)n2)c2c1c(C(=O)C(=O)N1CCN(C(=O)c3ccccc3)CC1)cn2COP(=O)([O-])[O-],5.27087402,FDA,FOSTEMSAVIR,XL,-1,0.47031796,0.4444389734098151,1390.0
439.31300000000016,4.183520000000003,69.37,0,6,4,3,0.238095238095238,28,4,0.5722695378751442,0,0,0,0.5045,1,fda_1963,COC(=O)CC[C@@H]1N=C(c2ccccn2)c2cc(Br)ccc2-n2c(C)cnc21,5.81298018,FDA,REMIMAZOLAM,L,1,0.96745646,0.7611492240496562,159.0
320.04600000000005,5.929000000000002,0.0,0,0,3,2,0.1428571428571428,18,2,0.6150214671313037,1,0,0,1.0,0,fda_392,Clc1ccc([C@@H](c2ccccc2Cl)C(Cl)Cl)cc1,3.96899796,FDA,MITOTANE,M,0,0.11377359,0.44959777887343966,1374.0
313.788,3.4292000000000025,36.86,1,4,0,2,0.2352941176470588,22,4,0.8093498766353519,0,0,0,0.7367142857142857,0,fda_478,Clc1ccc2c(c1)C(N1CCNCC1)=Nc1ccccc1O2,4.08687878,FDA,AMOXAPINE,S,-1,0.35204238,0.5408742801119856,1118.0
82.106,0.7181199999999999,28.68,1,1,0,1,0.25,6,1,0.4904468907838006,0,0,0,0.7951428571428572,0,fda_785,Cc1cn[nH]c1,3.01713061,FDA,FOMEPIZOLE,XS,-1,0.41847682,0.4369949589447633,1431.0
236.278,-1.4237999999999995,107.41,1,6,1,1,0.4,14,1,0.6449098524835121,0,0,0,0.2327857142857142,0,fda_251,CC(=O)/N=c1\sc(S(N)(=O)=O)nn1C,3.45677829,FDA,METHAZOLAMIDE,XS,-1,0.046890967,0.32724827041474186,1841.0
199.29799999999992,0.6956,26.790000000000006,0,2,2,0,0.9,14,1,0.6541651065181895,0,0,0,0.8086428571428571,0,fda_62,CCN(CC)C(=O)N1CCN(C)CC1,2.99019623,FDA,DIETHYLCARBAMAZINE,XS,0,0.35765648,0.45118395600348093,1368.0
315.869,5.188000000000004,3.24,0,2,3,2,0.2222222222222222,21,3,0.6542213588943052,1,0,1,0.9768571428571428,0,fda_299,CN(C)CC/C=C1/c2ccccc2Sc2ccc(Cl)cc21,5.05203295,FDA,CHLORPROTHIXENE,S,1,0.46308333,0.5266064787288145,1153.0
203.2069999999999,2.5951000000000013,26.02,1,1,2,1,0.4,14,1,0.7850522858404502,0,0,0,0.8141428571428572,0,fda_1959,C[C@H](N)Cc1cccc(C(F)(F)F)c1,3.57292295,FDA,M FENFLURAMINE,XS,-1,0.3883914,0.52301444950522,1167.0
813.9790000000003,3.6209000000000087,184.18999999999997,0,16,9,0,0.8780487804878049,57,4,0.1866995587423804,2,1,0,0.0,0,fda_999,CO[C@H]1C[C@H](O[C@H]2[C@H](C)[C@@H](O[C@@H]3O[C@H](C)C[C@H](N(C)C)[C@H]3OC(C)=O)[C@@H](C)C[C@@]3(CO3)C(=O)[C@H](C)[C@@H](OC(C)=O)[C@@H](C)[C@@H](C)OC(=O)[C@@H]2C)O[C@@H](C)[C@@H]1OC(C)=O,4.77336121,FDA,TROLEANDOMYCIN,XL,0,0.3646497,0.3887265390455822,1604.0
480.11200000000014,-5.344999999999998,294.63,3,18,8,1,0.625,29,2,0.2924426939926711,1,1,0,0.0,0,fda_2119,Nc1ncn([C@@H]2O[C@H](CO[P@](=O)([O-])O[P@](=O)([O-])OP(=O)([O-])[O-])[C@@H](O)[C@H]2O)c(=O)n1,3.47146797,FDA,M AZACITIDINE,L,0,0.004478722,0.22165714052389668,2091.0
351.4430000000001,2.842400000000002,84.85999999999999,2,6,5,1,0.5789473684210527,25,1,0.6267146503427627,0,0,0,0.393857142857143,0,fda_498,CNC[C@H](O)c1ccc(OC(=O)C(C)(C)C)c(OC(=O)C(C)(C)C)c1,3.82300925,FDA,DIPIVEFRIN,M,0,0.016097844,0.353029852659109,1740.0
408.88200000000006,2.266300000000001,99.88,2,7,8,1,0.4,28,2,0.5023259105130484,0,0,0,0.2865714285714285,0,fda_633,CCOC(=O)C1=C(COCCN)NC(C)=C(C(=O)OC)[C@@H]1c1ccccc1Cl,4.37902927,FDA,LEVAMLODIPINE,L,0,0.024067223,0.35405241202215254,1734.0
389.8860000000001,1.2295000000000005,118.36,3,5,2,1,0.4285714285714285,24,4,0.6571692284800612,0,0,0,0.1545714285714287,0,fda_321,NS(=O)(=O)c1cc2c(cc1Cl)N[C@H]([C@@H]1C[C@@H]3C=C[C@H]1C3)NS2(=O)=O,4.95057487,FDA,CYCLOTHIAZIDE,M,-1,0.16707715,0.44991814002211455,1373.0
524.6910000000001,4.823620000000004,108.48000000000002,3,8,10,3,0.4074074074074074,37,4,0.3463330582394302,1,0,0,0.2251428571428569,1,fda_1965,Cc1cnc(Nc2ccc(OCCN3CCCC3)cc2)nc1Nc1cccc(S(=O)(=O)NC(C)(C)C)c1,5.46120691,FDA,FEDRATINIB,XL,-1,0.18753897,0.43238980082979006,1448.0
425.7540000000001,2.654580000000001,105.7,1,7,4,3,0.1764705882352941,29,3,0.6914051268589834,0,0,0,0.2450000000000001,1,fda_1912,Cn1c(Cn2ccc(C(F)(F)F)c(Oc3cc(Cl)cc(C#N)c3)c2=O)n[nH]c1=O,4.04183197,FDA,DORAVIRINE,L,0,0.538276,0.5212101459530786,1173.0
278.337,1.4764399999999998,97.97,2,5,3,2,0.1666666666666666,19,2,0.8285267006028038,0,0,0,0.3002142857142857,0,fda_56,Cc1cc(C)nc(NS(=O)(=O)c2ccc(N)cc2)n1,3.8893652,FDA,SULFAMETHAZINE,S,-1,0.15094249,0.4285673741227563,1461.0
412.9460000000002,3.809000000000002,48.470000000000006,1,5,4,3,0.3333333333333333,28,5,0.7074872979003035,0,0,0,0.6537857142857142,1,fda_808,O=C1Cc2cc(CCN3CCN(c4nsc5ccccc45)CC3)c(Cl)cc2N1,5.29276466,FDA,ZIPRASIDONE,L,-1,0.9402084,0.7629135983190023,153.0
824.9719999999999,3.5175000000000027,171.17,3,12,8,3,0.5652173913043478,60,9,0.1310247762677446,2,1,0,0.0,1,fda_337,CC[C@]1(O)C[C@@H]2CN(CCc3c([nH]c4ccccc34)[C@@](C(=O)OC)(c3cc4c(cc3OC)N(C=O)[C@H]3[C@@](O)(C(=O)OC)[C@H](OC(C)=O)[C@]5(CC)C=CCN6CC[C@]43[C@@H]65)C2)C1,5.30634499,FDA,VINCRISTINE,XL,-1,0.21908182,0.3667407801922603,1679.0
160.237,0.6441999999999999,26.3,0,2,3,0,0.875,11,0,0.4472483918669033,0,0,0,0.8121428571428572,0,fda_574,CC(=O)O[C@@H](C)C[N+](C)(C)C,2.85609722,FDA,METHACHOLINE,XS,0,0.038114477,0.30603058604597255,1911.0
434.52000000000015,2.827000000000001,114.9,1,6,10,3,0.375,32,3,0.5246475407415528,0,0,0,0.1792857142857142,1,fda_776,CCCCC(=O)N(Cc1ccc(-c2ccccc2-c2nn[nH]n2)cc1)[C@H](C(=O)[O-])C(C)C,4.41742849,FDA,VALSARTAN,L,0,0.9730089,0.6348351709110569,768.0
356.058,1.2272,40.620000000000005,0,2,4,0,0.8,16,1,0.7114345138310305,0,0,0,0.7098571428571427,0,fda_367,O=C(CCBr)N1CCN(C(=O)CCBr)CC1,3.57476354,FDA,PIPOBROMAN,M,0,0.38854927,0.4980230250921633,1235.0
305.341,2.6407800000000003,74.28999999999999,0,5,3,3,0.1764705882352941,23,3,0.7452640844090571,0,0,0,0.4693571428571429,0,fda_815,CCN(C(C)=O)c1cccc(-c2ccnc3c(C#N)cnn23)c1,4.28535318,FDA,ZALEPLON,S,-1,0.992397,0.7056492760494474,442.0
255.234,-1.970899999999999,139.28000000000003,4,8,5,2,0.4444444444444444,18,2,0.4854930576221492,0,0,0,0.0051428571428568,0,fda_623,Nc1nc(=O)c2ncn(COC(CO)CO)c2[nH]1,3.47936821,FDA,GANCICLOVIR,S,0,0.0058786664,0.2616879557338171,2027.0
263.2,-1.2886,110.6,3,7,2,1,0.5555555555555556,18,2,0.6120873727300362,0,0,0,0.2099999999999999,0,fda_745,Nc1ccn([C@@H]2O[C@H](CO)[C@@H](O)C2(F)F)c(=O)n1,3.44530225,FDA,GEMCITABINE,S,0,0.035092857,0.31415910973667194,1886.0
366.5490000000002,4.830200000000005,15.71,0,3,10,2,0.5,27,3,0.5988605961954666,0,0,0,0.8877857142857143,0,fda_565,CC(C)COC[C@H](CN(Cc1ccccc1)c1ccccc1)N1CCCC1,4.26553011,FDA,BEPRIDIL,M,-1,0.08531617,0.4448665196789398,1387.0
426.49200000000025,3.081320000000002,84.39,1,7,4,3,0.5217391304347826,31,5,0.6902887957170618,0,0,0,0.3972142857142857,1,fda_949,Cc1nc2n(c(=O)c1CCN1CCC(c3noc4cc(F)ccc34)CC1)CCC[C@@H]2O,5.54485178,FDA,PALIPERIDONE,L,-1,0.98511106,0.7628103313992705,155.0
473.50700000000023,-1.728699999999996,161.93,3,9,7,1,0.4545454545454545,33,4,0.3907761063536747,0,1,0,0.0,0,fda_885,C[C@@H](O)[C@H]1C(=O)N2C(C(=O)[O-])=C(S[C@@H]3CN[C@H](C(=O)Nc4cccc(C(=O)[O-])c4)C3)[C@H](C)[C@H]12,5.09736967,FDA,ERTAPENEM,L,-1,0.009572809,0.3429702563349385,1777.0
278.399,3.917520000000003,16.130000000000003,0,2,4,2,0.3157894736842105,21,3,0.8424584892829,0,0,0,0.8847857142857143,0,fda_219,Cc1ccc(/C(=C\CN2CCCC2)c2ccccn2)cc1,4.00817347,FDA,TRIPROLIDINE,S,-1,0.32185155,0.5483994596490871,1084.0
382.52900000000005,3.8210000000000024,53.17,1,3,6,3,0.3636363636363636,27,4,0.7050592233207416,0,0,0,0.6202142857142857,0,fda_839,CN1CCC[C@@H]1Cc1c[nH]c2cc(CCS(=O)(=O)c3ccccc3)ccc12,4.18357277,FDA,ELETRIPTAN,M,-1,0.82688755,0.6567738374875415,681.0
365.842,2.0834,92.5,2,4,3,2,0.1875,24,3,0.8705249450646536,0,0,0,0.3392857142857143,0,fda_517,C[C@H]1Cc2ccccc2N1NC(=O)c1ccc(Cl)c(S(N)(=O)=O)c1,4.92500353,FDA,INDAPAMIDE,M,-1,0.4652413,0.5989353537967325,894.0
249.32999999999996,2.2385400000000004,49.36,0,3,6,1,0.5333333333333333,18,1,0.7264036029422303,0,0,0,0.6474285714285715,0,fda_507,Cc1ccc(C)c(OCCCC(C)(C)C(=O)[O-])c1,4.60338116,FDA,GEMFIBROZIL,XS,1,0.8604456,0.699682131412635,477.0
369.4870000000002,1.2851000000000006,101.73,2,6,7,1,0.5882352941176471,25,2,0.7023165228263907,0,0,0,0.2733571428571428,0,fda_1935,CCN1CCC[C@H]1CNC(=O)c1cc(S(=O)(=O)CC)c(N)cc1OC,3.77275252,FDA,AMISULPRIDE,M,0,0.049150553,0.3629213800254144,1705.0
268.273,-0.9890000000000004,112.13,4,8,2,1,0.6363636363636364,19,3,0.5477635402256686,0,0,0,0.1990714285714284,0,fda_683,OC[C@H]1O[C@@H](n2cnc3c2NC=NC[C@H]3O)C[C@H]1O,3.43774891,FDA,PENTOSTATIN,S,0,0.031200517,0.2985686713158441,1926.0
255.361,3.3542000000000023,12.47,0,2,6,2,0.2941176470588235,19,2,0.7845504400951161,0,0,0,0.9109285714285714,0,fda_30,CN(C)CCOC(c1ccccc1)c1ccccc1,3.14233017,FDA,DIPHENHYDRAMINE,S,0,0.01779257,0.3948983711486176,1579.0
376.3900000000001,-2.1828999999999965,129.67000000000002,1,7,5,1,0.4117647058823529,26,3,0.4565852866041509,0,0,0,0.0737857142857141,0,fda_994,CC1(C)S[C@@H]2[C@H](NC(=O)[C@H](C(=O)[O-])c3ccccc3)C(=O)N2[C@H]1C(=O)[O-],5.35940027,FDA,CARBENICILLIN,M,1,0.5720575,0.5483911435075448,1085.0
422.9200000000001,4.2668000000000035,92.51,2,6,8,4,0.2727272727272727,30,4,0.4420801782398025,0,0,0,0.3392142857142857,1,fda_723,CCCCc1nc(Cl)c(CO)n1Cc1ccc(-c2ccccc2-c2nn[nH]n2)cc1,4.54140139,FDA,LOSARTAN,L,-1,0.8878709,0.6164070741233335,835.0
456.4840000000002,5.593100000000005,65.14999999999999,1,3,6,3,0.4230769230769231,33,5,0.5256981651563906,1,0,0,0.5346428571428572,1,fda_2097,O=C([O-])C[C@H]1CCc2c1[nH]c1ccc(OCc3ccc(C4CCCC4)c(C(F)(F)F)c3)cc21,5.36909723,FDA,ETRASIMOD,L,-1,0.9396511,0.719174628432095,369.0
380.374,2.9079000000000006,78.32,2,4,3,3,0.4705882352941176,27,4,0.7334449348650801,0,0,0,0.4405714285714286,0,fda_1947,CC[C@@H]1CN(C(=O)NCC(F)(F)F)C[C@@H]1c1cnc2cnc3[nH]ccc3n12,5.25100327,FDA,UPADACITINIB,M,-1,0.9359009,0.7429199258296996,240.0
276.317,1.3875,89.25999999999999,2,4,3,2,0.0,19,2,0.828903233575629,0,0,0,0.3624285714285715,0,fda_26,Nc1ccc(S(=O)(=O)NC(=O)c2ccccc2)cc1,3.21842575,FDA,SULFABENZAMIDE,S,0,0.11677644,0.3832998307947031,1628.0
336.4110000000001,2.2548000000000004,52.599999999999994,0,4,5,2,0.2857142857142857,25,3,0.8403327799545587,0,0,0,0.6242857142857143,0,fda_782,CN(C)CC/C=C1/c2ccccc2COc2ccc(CC(=O)[O-])cc21,4.75234222,FDA,OLOPATADINE,M,-1,0.9050516,0.7427080408369944,241.0
401.47400000000016,1.9632399999999992,79.83,1,8,2,4,0.3636363636363636,30,6,0.5532138256622311,0,0,0,0.4297857142857143,1,fda_2008,Cc1cn2nc(-c3cc(=O)n4cc(N5CCNC6(CC6)C5)ccc4n3)cc(C)c2n1,5.60612488,FDA,RISDIPLAM,L,-1,0.94758123,0.7311665363548743,313.0
409.57400000000024,4.3436800000000035,78.91,1,5,3,1,0.8,30,5,0.805143916086387,0,0,0,0.4363571428571429,0,fda_2101,C[C@@]1(O)CC[C@H]2[C@H](CC[C@@H]3[C@@H]2CC[C@]2(C)[C@@H](C(=O)Cn4cc(C#N)cn4)CC[C@@H]32)C1,6.61865616,FDA,ZURANOLONE,L,1,0.99470514,0.8586955509549702,1.0
337.456,-0.7679999999999998,175.82999999999998,4,6,7,1,0.375,20,1,0.2866124384738552,0,1,0,0.0,0,fda_599,NC(N)=Nc1nc(CSCC/C(N)=N/S(N)(=O)=O)cs1,5.00769806,FDA,FAMOTIDINE,M,-1,0.010265264,0.3168235474315426,1872.0
1432.0720000000003,-2.3258000000000205,497.4099999999998,17,15,38,5,0.4285714285714285,102,6,0.0111997899594311,3,2,0,0.0,1,fda_867,CC(=O)N[C@H](Cc1ccc2ccccc2c1)C(=O)N[C@H](Cc1ccc(Cl)cc1)C(=O)N[C@H](Cc1cccnc1)C(=O)N[C@@H](CO)C(=O)N[C@@H](Cc1ccc(O)cc1)C(=O)N[C@H](CCCNC(N)=O)C(=O)N[C@@H](CC(C)C)C(=O)N[C@@H](CCCNC(N)=[NH2+])C(=O)N1CCC[C@H]1C(=O)N[C@H](C)C(N)=O,6.16811752,FDA,CETRORELIX,XL,1,0.94462776,0.6135049757212119,845.0
179.30699999999996,2.5500000000000007,26.02,1,1,1,0,1.0,13,4,0.657471607480536,0,0,0,0.8141428571428572,0,fda_618,C[C@@H](N)[C@]12C[C@H]3C[C@H](C[C@H](C3)C1)C2,3.95859718,FDA,RIMANTADINE,XS,-1,0.95742464,0.6919569573605855,515.0
483.49600000000027,2.977500000000001,75.00999999999999,1,7,1,3,0.25,34,6,0.5738798265868963,0,0,0,0.4642142857142858,1,fda_1914,O=C1c2c(O)c(=O)ccn2N([C@@H]2c3ccccc3SCc3c2ccc(F)c3F)[C@@H]2COCCN12,4.8227644,FDA,BALOXAVIR,XL,-1,0.9714206,0.6976573895823839,487.0
775.864,3.222600000000001,95.61,2,5,5,2,0.1333333333333333,24,2,0.4558266797331836,1,0,0,0.3170714285714284,1,fda_286,N[C@H](Cc1cc(I)c(Oc2cc(I)c(O)c(I)c2)c(I)c1)C(=O)[O-],6.43466616,FDA,DEXTROTHYROXINE,XL,1,0.9636748,0.7562648603911721,179.0
359.451,2.989420000000001,77.1,1,5,8,3,0.3333333333333333,25,3,0.6257737929632612,0,0,0,0.4492857142857143,0,fda_832,COCCCOc1ccnc(C[S@](=O)c2nc3ccccc3[nH]2)c1C,4.6686101,FDA,RABEPRAZOLE,M,-1,0.75088805,0.630891205854946,781.0
469.3260000000002,1.8674199999999992,115.57,1,7,4,2,0.3684210526315789,30,4,0.6801189085942149,0,0,0,0.1745000000000001,1,fda_967,Cc1onc(-c2c(Cl)cccc2Cl)c1C(=O)N[C@@H]1C(=O)N2[C@@H]1SC(C)(C)[C@@H]2C(=O)[O-],6.09219551,FDA,DICLOXACILLIN,L,1,0.88960505,0.7435569261941505,237.0
182.187,-1.6656999999999993,95.44,2,5,3,0,0.3333333333333333,13,1,0.5108675029753476,0,0,0,0.3182857142857143,0,fda_440,CN(C)N/N=C1\N=CN=C1C(N)=O,3.56354642,FDA,DACARBAZINE,XS,-1,0.28128582,0.3858827278163528,1620.0
384.4360000000002,2.1241000000000003,80.28,0,8,6,3,0.35,28,3,0.6503791123748318,0,0,0,0.4265714285714286,0,fda_1931,CCn1c(=O)c2c(nc(/C=C/c3ccc(OC)c(OC)c3)n2C)n(CC)c1=O,5.01126337,FDA,ISTRADEFYLLINE,M,-1,0.8557913,0.6861113682989091,544.0
242.344,1.3499,58.2,2,3,4,0,0.7272727272727273,16,1,0.5777126778981032,0,0,0,0.5842857142857143,0,fda_247,CCC[C@@H](C)C1(CC)C(=O)NC(=S)NC1=O,4.09667301,FDA,THIOPENTAL,XS,1,0.9670246,0.664401764530558,638.0
298.45500000000004,4.487000000000004,6.48,0,3,4,2,0.3333333333333333,21,3,0.8210774052142695,0,0,1,0.9537142857142856,0,fda_233,C[C@@H](CN(C)C)CN1c2ccccc2Sc2ccccc21,4.40005445,FDA,TRIMEPRAZINE,S,-1,0.49973002,0.5285105158891304,1150.0
272.37,1.0895,78.43,3,4,6,1,0.5,18,1,0.7241218527557277,0,0,0,0.4397857142857142,0,fda_645,CC(C)NC[C@H](O)c1ccc(NS(C)(=O)=O)cc1,3.18170071,FDA,SOTALOL,S,0,0.008312016,0.33527852287877513,1807.0
383.347,3.2888800000000016,87.39,1,5,3,2,0.2352941176470588,26,3,0.8788754903467066,0,0,0,0.3757857142857143,0,fda_2051,CS(=O)(=O)c1ccc(Oc2cc(F)cc(C#N)c2)c2c1[C@H](O)[C@H](F)[C@@H]2F,5.66498613,FDA,BELZUTIFAN,M,1,0.9334757,0.7902917090391642,58.0
723.65,2.4622,215.21999999999997,5,13,10,2,0.5,51,5,0.1503753541940368,2,1,1,0.0,1,fda_820,CCCCC(=O)OCC(=O)[C@]1(O)Cc2c(O)c3c(c(O)c2[C@@H](O[C@H]2C[C@H](NC(=O)C(F)(F)F)[C@H](O)[C@H](C)O2)C1)C(=O)c1c(OC)cccc1C3=O,5.37239075,FDA,VALRUBICIN,XL,-1,0.11190532,0.24252484342440972,2066.0
262.30899999999997,1.3066,66.48,1,3,3,0,0.5,19,1,0.4734897247740322,0,0,0,0.5251428571428571,0,fda_239,C=CC[C@@]1([C@@H](C)C#CCC)C(=O)NC(=O)N(C)C1=O,4.72029638,FDA,METHOHEXITAL,S,1,0.98470205,0.6813470007084222,566.0
164.21200000000002,-0.1138000000000003,41.05,1,4,1,1,0.5,12,2,0.6283118001545716,0,0,0,0.7067857142857142,0,fda_2086,c1cnc(N2CCNCC2)nc1,3.01612163,FDA,M GEPIRONE,XS,0,0.07280677,0.35196906942528167,1745.0
406.5450000000002,-0.856999999999998,122.49,5,8,7,0,0.9444444444444444,27,2,0.3703435076305699,0,0,0,0.1250714285714285,0,fda_998,CCC[C@@H]1C[C@@H](C(=O)N[C@@H]([C@H]2O[C@H](SC)[C@H](O)[C@@H](O)[C@H]2O)[C@@H](C)O)N(C)C1,3.48291206,FDA,LINCOMYCIN,L,0,0.03189906,0.2586752411184069,2035.0
427.5450000000002,2.30804,74.27,2,6,9,2,0.4583333333333333,31,3,0.6398550561014078,0,0,0,0.4695,1,fda_908,COc1ccccc1OC[C@@H](O)CN1CCN(CC(=O)Nc2c(C)cccc2C)CC1,3.85424113,FDA,RANOLAZINE,L,0,0.006875545,0.36237869637043557,1708.0
198.26899999999992,2.695800000000001,38.91,1,2,0,2,0.3076923076923077,15,3,0.7064882384087371,0,0,0,0.7220714285714286,0,fda_675,Nc1c2c(nc3ccccc13)CCCC2,3.62380528,FDA,TACRINE,XS,-1,0.49547553,0.5333529148277196,1139.0
584.6730000000001,6.000300000000006,102.26,0,8,10,2,0.3939393939393939,43,6,0.3175931346562137,2,0,0,0.2695714285714287,1,fda_2028,COc1cc2c(cc1OCCCCCOc1cc3c(cc1OC)C(=O)N1C=C(C)C[C@H]1C=N3)N=C[C@@H]1CC(C)=CN1C2=O,5.20886421,FDA,SG3199,XL,-1,0.8573697,0.616495405680428,834.0
416.52600000000024,1.3838999999999997,85.49000000000001,0,8,9,2,0.6190476190476191,30,3,0.6140453744926113,0,0,0,0.3893571428571428,1,fda_587,CCC(=O)N(c1ccccc1)C1(COC)CCN(CCn2nnn(CC)c2=O)CC1,4.86215973,FDA,ALFENTANIL,L,-1,0.25490266,0.4856752504792191,1273.0
535.6120000000002,4.421820000000003,122.98,2,10,7,5,0.2413793103448276,40,6,0.2915482138057243,1,0,0,0.1215714285714285,1,fda_2152,C=CC(=O)NC1CCN(c2ncc3ncnc(Nc4ccc(Oc5ccc6c(c5)ncn6C)c(C)c4)c3n2)CC1,6.41971731,FDA,ZONGERTINIB,XL,1,0.9221014,0.6904666576339187,527.0
254.355,1.9272999999999996,58.53,2,2,5,0,0.5833333333333334,17,1,0.4472415875616168,0,0,0,0.5819285714285714,0,fda_91,C=CC[C@]1([C@@H](C)CCC)C(=O)N=C(S)NC1=O,4.77942657,FDA,THIAMYLAL,S,1,0.97348386,0.6820515494701441,560.0
237.29899999999992,1.4525,39.72,1,4,5,1,0.5384615384615384,17,2,0.8411561496817552,0,0,0,0.7162857142857143,0,fda_1996,CCOc1ccccc1OC[C@@H]1CNCCO1,3.13625216,FDA,VILOXAZINE,XS,-1,0.118660845,0.41664144617719984,1499.0
428.5400000000001,4.777400000000004,87.13000000000001,1,5,7,3,0.4,32,5,0.5867441988589208,0,0,0,0.377642857142857,1,fda_796,CCCCC1=NC2(CCCC2)C(=O)N1Cc1ccc(-c2ccccc2-c2nn[nH]n2)cc1,5.1329937,FDA,IRBESARTAN,L,-1,0.9917258,0.7167676868229046,387.0
359.26,2.667700000000001,88.65,0,7,5,2,0.3571428571428571,25,3,0.6023770905669862,0,0,0,0.3667857142857142,0,fda_1975,O=[N+]([O-])c1cn2c(n1)OC[C@@H](OCc1ccc(OC(F)(F)F)cc1)C2,4.32174063,FDA,PRETOMANID,M,-1,0.5665533,0.5413022420985634,1116.0
176.17499999999998,0.5992000000000001,64.67999999999999,1,3,1,1,0.1111111111111111,13,2,0.6809458251088377,0,0,0,0.538,0,fda_391,NC1=NC(=O)[C@@H](c2ccccc2)O1,3.91583824,FDA,PEMOLINE,XS,-1,0.67878777,0.5828134875373906,944.0
388.46400000000017,2.5828000000000007,69.26,1,6,10,2,0.3809523809523809,28,2,0.6747430301104641,0,0,0,0.5052857142857142,0,fda_428,COc1cc(C(=O)NCc2ccc(OCCN(C)C)cc2)cc(OC)c1OC,4.1764636,FDA,TRIMETHOBENZAMIDE,M,-1,0.04685158,0.40476917843559385,1555.0
324.4020000000001,2.2098000000000004,92.34,2,4,4,1,0.4666666666666667,22,2,0.8305743326907693,0,0,0,0.3404285714285714,0,fda_327,CC(=O)c1ccc(S(=O)(=O)NC(=O)NC2CCCCC2)cc1,4.0882287,FDA,ACETOHEXAMIDE,M,0,0.22267278,0.46676284497474607,1319.0
369.4870000000002,1.2851000000000006,101.73,2,6,7,1,0.5882352941176471,25,2,0.7023165228263907,0,0,0,0.2733571428571428,0,fda_1934,CCN1CCC[C@@H]1CNC(=O)c1cc(S(=O)(=O)CC)c(N)cc1OC,4.1447196,FDA,AMISULPRIDE,M,-1,0.049150553,0.3858260102716316,1621.0
604.1299999999999,4.732980000000004,88.83000000000001,0,8,7,3,0.4375,43,6,0.3582133101044694,1,0,0,0.3654999999999999,1,fda_2070,C=C(F)C(=O)N1CCN(c2nc(OC[C@@H]3CCCN3C)nc3c2CCN(c2cccc4cccc(Cl)c24)C3)C[C@@H]1CC#N,4.58804512,FDA,ADAGRASIB,XL,0,0.11941442,0.3745974870465456,1650.0
265.36,2.4789000000000003,19.37,0,3,0,2,0.3529411764705882,20,4,0.7292796247091089,0,0,0,0.8616428571428572,0,fda_719,CN1CCN2c3ncccc3Cc3ccccc3[C@H]2C1,3.58922505,FDA,MIRTAZAPINE,S,-1,0.5523694,0.5668071643417292,1010.0
221.34399999999997,3.0835000000000017,23.47,1,2,5,1,0.5714285714285714,16,1,0.825629722285547,0,0,0,0.8323571428571429,0,fda_398,CC[C@@H](c1cccc(O)c1)[C@@H](C)CN(C)C,3.95604777,FDA,TAPENTADOL,XS,-1,0.32453638,0.5373865480209347,1130.0
271.404,3.383400000000002,12.47,0,2,1,1,0.6666666666666666,20,4,0.7761322150181272,0,0,0,0.9109285714285714,0,fda_229,COc1ccc2c(c1)[C@]13CCCC[C@@H]1[C@H](C2)N(C)CC3,4.41075659,FDA,DEXTROMETHORPHAN,S,-1,0.8942156,0.7342475754320008,294.0
393.4430000000002,3.405100000000002,74.73000000000002,1,7,10,3,0.2727272727272727,29,3,0.4178840975839869,0,0,0,0.4662142857142856,0,fda_930,C#Cc1cccc(Nc2ncnc3cc(OCCOC)c(OCCOC)cc23)c1,5.19610357,FDA,ERLOTINIB,L,-1,0.7947672,0.6366513536749931,761.0
244.207,-3.0114999999999994,143.72000000000003,4,8,3,1,0.625,17,2,0.442842031674371,0,1,0,0.0,0,fda_555,NC(=O)c1ncn([C@@H]2O[C@H](CO)[C@@H](O)[C@H]2O)n1,3.47550488,FDA,RIBAVIRIN,XS,-1,0.005534338,0.25230227384510895,2048.0
434.8810000000002,1.2140199999999997,115.57,1,7,4,2,0.3684210526315789,29,4,0.7188262939920901,0,0,0,0.1745000000000001,1,fda_986,Cc1onc(-c2ccccc2Cl)c1C(=O)N[C@@H]1C(=O)N2[C@@H]1SC(C)(C)[C@@H]2C(=O)[O-],5.95031166,FDA,CLOXACILLIN,L,1,0.89453065,0.7440393048967568,236.0
444.53500000000014,2.766000000000001,96.25,3,6,6,3,0.3461538461538461,33,5,0.5433932096189031,0,0,0,0.3125,1,fda_2000,O=C(Nc1ccc(C[C@@H]2CC[C@H]([C@H](O)c3ccccc3)N2)cc1)[C@@H]1CCc2nccc(=O)n21,4.83241606,FDA,VIBEGRON,L,-1,0.343181,0.48851108214705974,1264.0
562.6640000000003,4.786600000000004,113.04,0,7,14,1,0.7,39,3,0.1387021303980434,1,1,0,0.1925714285714286,0,fda_653,CCC(=O)O[C@@H](O[P@](=O)(CCCCc1ccccc1)CC(=O)N1C[C@H](C2CCCCC2)C[C@H]1C(=O)[O-])C(C)C,5.87077332,FDA,FOSINOPRIL,XL,-1,0.84503,0.6100736805933286,860.0
1045.1889999999996,-5.5941000000000285,413.7399999999999,12,14,29,3,0.5,75,4,0.0175234445639969,3,2,0,0.0,1,fda_1869,CC[C@H](C)[C@H](NC(=O)[C@H](Cc1ccc(O)cc1)NC(=O)[C@@H](NC(=O)[C@H](CCCNC(N)=[NH2+])NC(=O)[C@@H](N)CC(=O)[O-])C(C)C)C(=O)N[C@@H](Cc1cnc[nH]1)C(=O)N1CCC[C@H]1C(=O)N[C@@H](Cc1ccccc1)C(=O)[O-],6.44341516,FDA,ANGIOTENSIN II,XL,1,0.93537754,0.6289466462576434,788.0
602.5850000000002,2.3121799999999997,203.54999999999995,4,13,13,3,0.4814814814814814,42,4,0.1640024328376909,2,2,0,0.0,1,fda_2024,CCC(CC)COC(=O)[C@H](C)N[P@](=O)(OC[C@H]1O[C@@](C#N)(c2ccc3c(N)ncnn23)[C@H](O)[C@@H]1O)Oc1ccccc1,5.041677,FDA,REMDESIVIR,XL,-1,0.113777965,0.32544767909361244,1855.0
499.71400000000034,3.3973000000000013,123.93,4,5,7,0,0.9615384615384616,34,4,0.398161662848806,0,0,0,0.1147857142857142,0,fda_2074,C[C@H](CCC(=O)NCCS(=O)(=O)O)[C@H]1CC[C@H]2[C@@H]3[C@@H](O)C[C@@H]4C[C@H](O)CC[C@]4(C)[C@H]3CC[C@]12C,5.95914841,FDA,TAURURSODIOL,XL,-1,0.9857173,0.701835089723339,470.0
267.41299999999995,3.371200000000002,29.54,0,3,6,0,0.9375,19,2,0.6910303996816318,0,0,0,0.789,0,fda_330,CCCC(CCC)C(=O)O[C@H]1C[C@H]2CC[C@@H](C1)N2C,4.1718955,FDA,ANISOTROPINE,S,-1,0.82826424,0.6705405930977021,608.0
381.9070000000002,4.297500000000004,38.13,0,4,3,3,0.3636363636363636,27,4,0.678552511607709,0,0,0,0.7276428571428571,0,fda_672,CN1CCC[C@@H](n2nc(Cc3ccc(Cl)cc3)c3ccccc3c2=O)CC1,5.06294775,FDA,AZELASTINE,M,-1,0.94594914,0.7520831278302447,195.0
925.0990000000002,-0.3989999999999922,322.43999999999994,11,18,3,0,0.7021276595744681,65,3,0.160515462867039,3,1,0,0.0,0,fda_990,C[C@@H]1[C@H](O)[C@@H](C)/C=C/C=C/CC/C=C/C=C/C=C/C=C/[C@H](O[C@@H]2O[C@H](C)[C@@H](O)[C@H](N)[C@@H]2O)C[C@@H]2O[C@](O)(C[C@@H](O)[C@H](O)CC[C@@H](O)C[C@@H](O)C[C@@H](O)CC(=O)O[C@H]1C)C[C@H](O)[C@H]2C(=O)[O-],6.39415359,FDA,NYSTATIN,XL,1,0.8442093,0.627161212930349,797.0
265.36199999999997,0.60774,75.91,2,5,4,2,0.4166666666666667,18,2,0.79412732636072,0,0,0,0.4577857142857143,0,fda_47,Cc1ncc(C[n+]2csc(CCO)c2C)c(N)n1,4.13431978,FDA,THIAMINE,S,-1,0.67650855,0.6101980501702344,859.0
330.33900000000006,0.2485999999999995,77.4,1,6,3,2,0.4117647058823529,24,4,0.8728152550280803,0,0,0,0.447142857142857,0,fda_604,O=C([O-])c1cn(C2CC2)c2cc(N3CCNCC3)c(F)cc2c1=O,4.26072359,FDA,CIPROFLOXACIN,M,-1,0.97340953,0.7217252273664487,357.0
318.5010000000001,4.595200000000005,37.3,1,2,1,0,0.9523809523809524,23,4,0.7672110598231308,0,0,0,0.7335714285714285,0,fda_1926,CC(=O)[C@H]1CC[C@H]2[C@@H]3CC[C@H]4C[C@H](O)CC[C@]4(C)[C@H]3CC[C@]12C,5.21733332,FDA,BREXANOLONE,M,-1,0.99857783,0.7957029151555142,43.0
212.23,0.6163,86.19000000000001,1,4,2,2,0.125,14,2,0.7899579227288236,0,0,0,0.3843571428571427,0,fda_802,NS(=O)(=O)Cc1noc2ccccc12,4.0894208,FDA,ZONISAMIDE,XS,1,0.78298336,0.6311990082562835,778.0
210.285,0.0696000000000001,48.39000000000001,0,6,3,1,0.6666666666666666,15,1,0.7033804434333938,0,0,0,0.6543571428571429,0,fda_654,CN(C)c1nc(N(C)C)nc(N(C)C)n1,3.15237522,FDA,ALTRETAMINE,XS,-1,0.4501723,0.48333969982811764,1280.0
323.4220000000001,1.2544999999999995,90.98,2,5,6,2,0.5714285714285714,22,3,0.8348104206667458,0,0,0,0.3501428571428572,0,fda_2030,CCCS(=O)(=O)N[C@H]1C[C@@H](N(C)c2ncnc3[nH]ccc23)C1,4.7509551,FDA,ABROCITINIB,M,-1,0.15270539,0.4883999957868121,1265.0
470.4610000000003,3.6332000000000018,128.75,3,10,7,3,0.2727272727272727,34,4,0.4706880685636287,0,0,0,0.0803571428571429,1,fda_1868,COc1cc(Nc2ncc(F)c(Nc3ccc4c(n3)NC(=O)C(C)(C)O4)n2)cc(OC)c1OC,4.84447861,FDA,M FOSTAMATINIB,L,-1,0.98686814,0.6446046815124471,735.0
263.793,3.959800000000002,3.24,0,2,2,2,0.2857142857142857,17,3,0.7928094140981296,0,0,0,0.9768571428571428,0,fda_661,Clc1ccccc1CN1CCc2sccc2C1,3.44073486,FDA,TICLOPIDINE,S,0,0.3117066,0.5096921121308741,1205.0
546.6220000000002,4.684700000000004,94.31,4,6,7,4,0.3333333333333333,40,6,0.2689592253955131,1,0,0,0.3263571428571428,1,fda_1970,O=C(Nc1n[nH]c2ccc(Cc3cc(F)cc(F)c3)cc12)c1ccc(N2CCNCC2)cc1NC1CCOCC1,5.94898558,FDA,M ENTRECTINIB,XL,-1,0.93854266,0.6823735404956852,558.0
372.5490000000002,6.264000000000007,46.53,1,3,6,1,0.7083333333333334,27,3,0.5991110663803345,1,0,0,0.6676428571428572,0,fda_533,CCCCCCC(C)(C)c1cc(O)c2c(c1)OC(C)(C)[C@@H]1CCC(=O)C[C@@H]21,5.51400375,FDA,NABILONE,M,1,0.9961557,0.7730315048241525,113.0
403.4790000000002,-1.4341999999999964,138.62,2,7,12,1,0.5714285714285714,29,2,0.4078041459818439,0,1,0,0.0098571428571427,0,fda_607,NCCCC[C@H](N[C@@H](CCc1ccccc1)C(=O)[O-])C(=O)N1CCC[C@H]1C(=O)[O-],3.79764748,FDA,LISINOPRIL,L,0,0.03679828,0.27549618026967604,2003.0
246.354,1.7714,46.33,1,2,5,1,0.5333333333333333,18,2,0.8603942445298217,0,0,0,0.6690714285714285,0,fda_541,CCN(CC)C(=O)[C@]1(c2ccccc2)C[C@@H]1CN,3.24696159,FDA,MILNACIPRAN,XS,-1,0.39805835,0.5064040503559881,1216.0
310.36100000000005,1.2987799999999996,88.91,1,5,2,2,0.5,23,4,0.9028284909836288,0,0,0,0.3649285714285715,0,fda_2153,C[C@H]1CN(C(=O)CC#N)[C@]12CCN(c1ncnc3[nH]ccc13)C2,5.16743469,FDA,DELGOCITINIB,S,1,0.7408519,0.7055717167444912,443.0
366.8440000000001,5.348500000000005,54.370000000000005,1,3,2,2,0.2727272727272727,26,4,0.7288095712183457,1,0,2,0.6116428571428572,0,fda_710,O=C1C(=O)C([C@H]2CC[C@H](c3ccc(Cl)cc3)CC2)=C(O)c2ccccc21,5.53536034,FDA,ATOVAQUONE,M,1,0.95634645,0.6827435072439252,557.0
583.6890000000001,2.0811000000000024,118.21,3,6,4,3,0.4848484848484848,43,8,0.4331360862734447,1,0,0,0.155642857142857,1,fda_36,CN1C[C@H](C(=O)N[C@]2(C)O[C@@]3(O)[C@@H]4CCCN4C(=O)[C@H](Cc4ccccc4)N3C2=O)C[C@@H]2c3cccc4[nH]cc(c34)C[C@H]21,5.15818739,FDA,DIHYDROERGOTAMINE,XL,-1,0.9158317,0.6426291878137572,743.0
284.359,2.2062,53.43000000000001,1,3,6,2,0.2941176470588235,21,2,0.8845260918021192,0,0,0,0.6183571428571428,0,fda_273,CCN(Cc1ccncc1)C(=O)[C@H](CO)c1ccccc1,3.49993706,FDA,TROPICAMIDE,S,0,0.11014752,0.4353632161852961,1439.0
862.064,2.6798000000000073,226.27999999999997,4,17,12,0,0.9069767441860463,60,3,0.1634604456345816,2,2,0,0.0,0,fda_966,CCOC(=O)CCC(=O)O[C@H]1[C@H](O[C@@H]2[C@@H](C)[C@H](O[C@H]3C[C@@](C)(OC)[C@@H](O)[C@H](C)O3)[C@@H](C)C(=O)O[C@H](CC)[C@@](C)(O)[C@H](O)[C@@H](C)C(=O)[C@H](C)C[C@@]2(C)O)O[C@H](C)C[C@@H]1N(C)C,7.29332018,FDA,ERYTHROMYCIN ETHYLSUCCINATE,XL,1,0.88847834,0.6963989126106899,495.0
414.4980000000003,3.124500000000002,82.2,0,6,1,0,0.7916666666666666,30,6,0.4843337144772066,0,0,0,0.4128571428571428,0,fda_901,COC(=O)[C@@H]1CC2=CC(=O)CC[C@]2(C)[C@@]23O[C@@H]2C[C@@]2(C)[C@@H](CC[C@@]24CCC(=O)O4)[C@H]13,4.65104151,FDA,EPLERENONE,L,-1,0.9902906,0.669699277051103,614.0
444.44000000000017,-0.2143999999999983,181.62,6,9,2,1,0.4090909090909091,32,4,0.3361104616305243,1,1,0,0.0,0,fda_987,CN(C)[C@@H]1C(O)=C(C(N)=O)C(=O)[C@@]2(O)C(O)=C3C(=O)c4c(O)cccc4[C@@](C)(O)[C@H]3C[C@@H]12,4.02619123,FDA,TETRACYCLINE,L,0,0.015968336,0.26799579226219705,2019.0
1113.1989999999996,9.447500000000002,199.57999999999996,4,12,15,6,0.4736842105263157,80,10,0.0711751503666903,3,2,1,0.0,1,fda_1851,COC(=O)N[C@H](C(=O)N1CCC[C@H]1c1nc2cc([C@H]3CC[C@H](c4cc5nc([C@@H]6CCCN6C(=O)[C@@H](NC(=O)OC)[C@@H](C)OC)[nH]c5cc4F)N3c3cc(F)c(N4CCC(c5ccc(F)cc5)CC4)c(F)c3)c(F)cc2[nH]1)[C@@H](C)OC,7.03613424,FDA,PIBRENTASVIR,XL,1,0.9816337,0.5900517268711936,916.0
419.50500000000017,-2.9377999999999957,164.89,4,8,7,0,0.7333333333333333,27,3,0.3182853835821977,0,1,0,0.0,0,fda_957,C[C@@H](O)[C@H]1C(=O)N2C(C(=O)[O-])=C(S[C@@H]3CN[C@H](CNS(N)(=O)=O)C3)[C@H](C)[C@H]12,4.29487848,FDA,DORIPENEM,L,0,0.005037997,0.2776966395278221,1996.0
371.3930000000001,2.5822000000000003,103.55,1,8,4,2,0.3684210526315789,27,3,0.8181000978992072,0,0,0,0.2603571428571428,0,fda_597,COC(=O)C1=C(C)NC(C)=C(C(=O)OC(C)C)[C@H]1c1cccc2nonc12,4.9518075,FDA,ISRADIPINE,M,-1,0.12844862,0.4811702284816519,1289.0
297.74500000000006,-0.3512999999999996,118.36,3,5,1,1,0.1428571428571428,17,2,0.6544582690300507,0,0,0,0.1545714285714287,0,fda_256,NS(=O)(=O)c1cc2c(cc1Cl)NCNS2(=O)=O,3.34053516,FDA,HYDROCHLOROTHIAZIDE,S,0,0.10638868,0.3320279345816602,1820.0
361.401,4.042080000000003,92.17,1,6,4,3,0.2857142857142857,27,4,0.7537563210999249,0,0,0,0.3416428571428572,0,fda_1939,CC(C)Oc1ccc(-c2nc(-c3cccc4c3CC[C@@H]4O)no2)cc1C#N,5.8528676,FDA,M OZANIMOD,M,1,0.98920107,0.7901403862457921,59.0
289.54499999999996,5.144700000000002,29.46,1,2,2,2,0.0,17,2,0.8286850628089901,1,0,0,0.7895714285714286,0,fda_702,Oc1cc(Cl)ccc1Oc1ccc(Cl)cc1Cl,4.27052212,FDA,TRICLOSAN,S,-1,0.62077725,0.6419557043883067,746.0
444.4880000000002,-0.1391999999999994,163.17999999999998,8,10,12,2,0.3636363636363636,32,3,0.1393167780475147,1,2,2,0.0,1,fda_583,O=C1c2c(O)ccc(O)c2C(=O)c2c(NCCNCCO)ccc(NCCNCCO)c21,3.86420798,FDA,MITOXANTRONE,L,0,0.015166626,0.11842209448399636,2129.0
230.098,2.1737000000000006,36.42,2,1,1,1,0.2222222222222222,14,2,0.7751501329110597,0,0,0,0.7398571428571428,0,fda_414,Clc1cccc(Cl)c1N=C1NCCN1,4.08911371,FDA,CLONIDINE,XS,-1,0.5499162,0.5938483881750042,905.0
220.316,2.32162,41.13,2,2,5,1,0.4615384615384615,16,1,0.7992484445643814,0,0,0,0.7062142857142857,0,fda_344,CCCN[C@H](C)C(=O)Nc1ccccc1C,3.09927821,FDA,PRILOCAINE,XS,-1,0.19292782,0.4272561093317891,1470.0
405.44100000000014,2.363600000000001,70.95,3,5,6,2,0.4545454545454545,29,4,0.68846240126238,0,0,0,0.4932142857142857,1,fda_929,O[C@@H](CNC[C@H](O)[C@H]1CCc2cc(F)ccc2O1)[C@@H]1CCc2cc(F)ccc2O1,4.53872061,FDA,NEBIVOLOL,L,-1,0.5568666,0.5816171358480171,950.0
354.3670000000001,-1.4366999999999974,171.37,4,10,8,2,0.5714285714285714,25,2,0.4142937706843366,0,1,0,0.0,0,fda_861,CC(C)[C@H](N)C(=O)OC[C@@H](CO)OCn1cnc2c(=O)nc(N)[nH]c21,3.85365367,FDA,VALGANCICLOVIR,M,0,0.0012671738,0.26859775397261776,2018.0
415.5740000000001,3.146900000000002,89.79,4,4,12,1,0.56,30,2,0.3118436301825295,0,1,0,0.3586428571428571,0,fda_876,CCNC(=O)CCC/C=C\C[C@@H]1[C@@H](/C=C/[C@@H](O)CCc2ccccc2)[C@H](O)C[C@@H]1O,4.89391851,FDA,BIMATOPROST,L,-1,0.6837483,0.5527727822521156,1058.0
375.87100000000015,4.425600000000004,40.540000000000006,1,3,6,2,0.3809523809523809,26,3,0.759345285057915,0,0,0,0.7104285714285714,0,fda_350,O=C(CCCN1CCC(O)(c2ccc(Cl)cc2)CC1)c1ccc(F)cc1,4.03770971,FDA,HALOPERIDOL,M,0,0.4545772,0.5559775494791017,1050.0
379.4350000000002,3.6784000000000026,58.1,1,4,6,3,0.2727272727272727,28,4,0.6649515564043438,0,0,0,0.585,0,fda_356,O=C(CCCN1CC=C(n2c(=O)[nH]c3ccccc32)CC1)c1ccc(F)cc1,4.29841089,FDA,DROPERIDOL,M,-1,0.9491418,0.6889785542241207,534.0
270.21,3.2541200000000012,55.13,1,3,2,2,0.1666666666666666,19,2,0.9108229912132476,0,0,0,0.6062142857142857,0,fda_822,Cc1oncc1C(=O)Nc1ccc(C(F)(F)F)cc1,4.09694433,FDA,LEFLUNOMIDE,S,-1,0.9053634,0.7147350303071426,401.0
136.11399999999998,-0.4022000000000001,74.43,2,3,0,0,0.0,10,2,0.5169670612450268,0,0,0,0.4683571428571428,0,fda_359,O=c1ncnc2[nH][nH]cc1-2,3.41081691,FDA,ALLOPURINOL,XS,-1,0.873808,0.5704618189412636,999.0
332.464,2.8541000000000016,46.53,1,3,5,1,0.65,24,3,0.6661029067869589,0,0,0,0.6676428571428572,0,fda_572,CC(C)[N@+]1(C)[C@@H]2CC[C@H]1C[C@@H](OC(=O)[C@H](CO)c1ccccc1)C2,4.66516542,FDA,IPRATROPIUM,M,-1,0.27094802,0.5165986141711704,1182.0
151.165,1.3505999999999998,49.33,2,2,1,1,0.125,11,1,0.5950261967780849,0,0,0,0.6476428571428572,0,fda_374,CC(=O)Nc1ccc(O)cc1,2.77598405,FDA,ACETAMINOPHEN,XS,0,0.2065649,0.36473814579598274,1695.0
213.24400000000003,2.6613999999999995,89.64999999999999,2,5,2,2,0.0,16,2,0.7511676712570863,0,0,1,0.3596428571428571,0,fda_326,Nc1ccc(/N=N/c2ccccc2)c(N)n1,3.93004489,FDA,PHENAZOPYRIDINE,XS,-1,0.95214146,0.5619030576197448,1030.0
255.32400000000004,1.5261,85.08,2,5,3,2,0.0,16,2,0.8143349412643328,0,0,0,0.3922857142857143,0,fda_28,Nc1ccc(S(=O)(=O)Nc2nccs2)cc1,3.53560901,FDA,SULFATHIAZOLE,S,0,0.23984079,0.4398223985760828,1416.0
199.31899999999993,1.5602,12.47,0,3,0,0,1.0,13,4,0.5872820800253644,0,0,0,0.9109285714285714,0,fda_834,C[C@@H]1O[C@@]2(CS1)CN1CCC2CC1,3.98799253,FDA,CEVIMELINE,XS,-1,0.41376162,0.5263088003107148,1155.0
272.711,2.8279000000000005,55.919999999999995,1,2,2,3,0.1333333333333333,19,3,0.7798066602926482,0,0,0,0.6005714285714285,0,fda_518,C[C@@H](C(=O)[O-])c1ccc2c(c1)[nH]c1ccc(Cl)cc12,4.00491476,FDA,CARPROFEN,S,-1,0.97237474,0.7024039652563439,465.0
291.30199999999996,1.5407399999999998,78.03999999999999,1,4,6,2,0.3333333333333333,21,2,0.8188771143524993,0,0,0,0.4425714285714286,0,fda_2141,Cc1n[nH]c(C)c1CCCOc1cc(C(=O)[O-])ccc1F,4.94256592,FDA,ACORAMIDIS,S,1,0.8589628,0.7181322522927298,376.0
180.206,-2.9170000000000003,80.25999999999999,2,6,3,0,0.5,10,0,0.4560071470758333,0,0,0,0.4267142857142858,0,fda_663,O=C([O-])[C@@H](S)[C@@H](S)C(=O)[O-],2.70858312,FDA,SUCCIMER,XS,0,0.37376633,0.3608515595967853,1720.0
500.65900000000016,4.175800000000003,83.83,2,5,10,3,0.40625,37,4,0.4364838141488936,1,0,0,0.4012142857142857,1,fda_749,CC(C)(C(=O)[O-])c1ccc([C@H](O)CCCN2CCC(C(O)(c3ccccc3)c3ccccc3)CC2)cc1,5.31226349,FDA,FEXOFENADINE,XL,-1,0.59824497,0.5820673978722413,948.0
1119.3499999999997,-6.395400000000022,447.6399999999998,17,12,18,4,0.4285714285714285,78,5,0.0190706855632627,3,2,0,0.0,1,fda_2011,CC(=O)N[C@@H](CCCNC(N)=[NH2+])C(=O)N[C@H]1CSSC[C@@H](C(N)=O)NC(=O)[C@H](Cc2c[nH]c3ccccc23)NC(=O)[C@H](CCCNC(N)=[NH2+])NC(=O)[C@@H](Cc2ccccc2)NC(=O)[C@H](Cc2cnc[nH]2)NC(=O)[C@@H](C)NC1=O,5.59105253,FDA,SETMELANOTIDE,XL,-1,0.8461997,0.5500167641796218,1072.0
441.2320000000002,3.0113000000000003,88.41000000000001,3,6,6,3,0.1764705882352941,27,3,0.4045699827911374,0,0,0,0.3684999999999999,1,fda_1906,Cn1cnc2c(F)c(Nc3ccc(Br)cc3F)c(C(=O)NOCCO)cc21,5.43783951,FDA,BINIMETINIB,L,-1,0.5944699,0.5790132840704372,965.0
153.18099999999998,0.5989999999999998,66.48,3,3,2,1,0.25,11,1,0.544872838506118,0,0,1,0.5251428571428571,0,fda_413,NCCc1ccc(O)c(O)c1,2.8973,FDA,DOPAMINE,XS,0,0.23275365,0.2577843730907032,2037.0
122.98,-2.7566,103.32,0,5,1,0,0.0,7,0,0.3511209936301175,0,0,0,0.262,0,fda_674,O=C([O-])P(=O)([O-])[O-],3.56065941,FDA,FOSCARNET,XS,-1,0.48345903,0.4087790389890029,1539.0
129.179,0.7066999999999999,40.129999999999995,0,2,5,0,0.8571428571428571,9,0,0.5126635675381731,0,0,0,0.7133571428571429,0,fda_1985,CCCCCCC(=O)[O-],4.29635143,FDA,M TRIHEPTANOIN,XS,1,0.8546558,0.6428840320062411,740.0
382.89100000000025,4.887800000000005,42.43,0,3,1,2,0.3636363636363636,27,4,0.7048857984659846,0,0,0,0.6969285714285715,0,fda_621,CCOC(=O)N1CCC(=C2c3ccc(Cl)cc3CCc3cccnc32)CC1,5.51040602,FDA,LORATADINE,M,1,0.8460635,0.7518658118759372,198.0
339.3660000000001,-0.3953999999999982,115.54,1,8,3,0,1.0,22,3,0.7386170940393365,0,0,0,0.1747142857142857,0,fda_744,CC1(C)O[C@@H]2[C@@H](CO[C@@]3(COS(N)(=O)=O)OC(C)(C)O[C@@H]23)O1,4.30670023,FDA,TOPIRAMATE,M,-1,0.42368132,0.5055553609349843,1219.0
521.4370000000004,4.869200000000005,93.81,1,6,4,1,0.5925925925925926,35,5,0.4491018490022087,1,0,0,0.3299285714285714,0,fda_44,C[C@@H]1C[C@H]2[C@@H]3CCC4=CC(=O)C=C[C@]4(C)[C@@]3(Cl)[C@@H](O)C[C@]2(C)[C@@]1(OC(=O)c1ccco1)C(=O)CCl,5.29610682,FDA,MOMETASONE FUROATE,XL,-1,0.96817565,0.6874467827772026,539.0
382.5410000000003,3.9536000000000033,83.83,2,5,13,0,0.8181818181818182,27,1,0.2861612823490276,0,1,0,0.4012142857142857,0,fda_580,CCCC[C@](C)(O)C/C=C/[C@H]1[C@H](O)CC(=O)[C@@H]1CCCCCCC(=O)OC,5.21118307,FDA,MISOPROSTOL,M,-1,0.65607935,0.5631289898079491,1025.0
236.274,3.3872000000000018,46.330000000000005,1,1,0,2,0.0,18,3,0.748363450121821,0,0,0,0.6690714285714285,0,fda_377,NC(=O)N1c2ccccc2C=Cc2ccccc21,4.31982565,FDA,CARBAMAZEPINE,XS,1,0.9231964,0.7076030819185684,431.0
255.361,3.7246200000000034,21.26,1,2,6,2,0.2941176470588235,19,2,0.8489950317721323,0,0,0,0.8481428571428572,0,fda_897,CNCC[C@@H](Oc1ccccc1C)c1ccccc1,3.29195786,FDA,ATOMOXETINE,S,0,0.028740548,0.4140067415069417,1511.0
446.5550000000001,4.183600000000003,77.33,1,8,9,4,0.32,33,4,0.4131561812525344,0,0,0,0.4476428571428571,1,fda_1929,COc1cc(OC)cc(N(CCNC(C)C)c2ccc3ncc(-c4cnn(C)c4)nc3c2)c1,5.82816362,FDA,ERDAFITINIB,L,1,0.939582,0.7162134368216362,390.0
226.279,2.637100000000001,42.85,0,3,3,2,0.2142857142857142,17,2,0.755476256361758,0,0,0,0.6939285714285715,0,fda_318,CC(C)(C(=O)c1cccnc1)c1cccnc1,4.03742027,FDA,METYRAPONE,XS,-1,0.9429658,0.7000525121930947,476.0
397.75800000000015,6.518000000000003,17.82,0,3,6,3,0.1666666666666666,24,3,0.4710605975806781,1,0,0,0.8727142857142858,0,fda_543,Clc1ccc(CS[C@@H](Cn2ccnc2)c2ccc(Cl)cc2Cl)cc1,4.79135847,FDA,SULCONAZOLE,L,-1,0.45726275,0.5617623161612375,1031.0
374.4770000000001,1.8036,94.83,3,5,2,0,0.7272727272727273,27,4,0.685142538776804,0,0,0,0.322642857142857,0,fda_222,C[C@H]1C[C@@H]2[C@H]([C@@H](O)C[C@@]3(C)[C@H]2CC[C@]3(O)C(=O)CO)[C@@]2(C)C=CC(=O)C=C12,5.25441599,FDA,METHYLPREDNISOLONE,M,-1,0.99654406,0.7398696517597478,264.0
246.194,-1.6836,104.55,3,6,2,1,0.5555555555555556,17,2,0.5776171321259124,0,0,0,0.2532142857142856,0,fda_396,O=c1[nH]c(=O)n([C@H]2C[C@H](O)[C@@H](CO)O2)cc1F,3.43305135,FDA,FLOXURIDINE,XS,-1,0.14347751,0.3433475143046018,1775.0
1140.2540000000004,-0.927099999999986,377.42,14,17,14,4,0.4655172413793103,82,7,0.0678686206218411,3,2,0,0.0,1,fda_922,CCCCCOc1ccc(-c2ccc(-c3ccc(C(=O)N[C@@H]4C[C@@H](O)[C@@H](O)NC(=O)[C@@H]5[C@@H](O)[C@@H](C)CN5C(=O)[C@H]([C@@H](C)O)NC(=O)[C@H]([C@H](O)[C@@H](O)c5ccc(O)cc5)NC(=O)[C@@H]5C[C@@H](O)CN5C(=O)[C@H]([C@@H](C)O)NC4=O)cc3)cc2)cc1,4.93358946,FDA,ANIDULAFUNGIN,XL,-1,0.4306128,0.39461566045706753,1581.0
390.36000000000007,-2.4346999999999985,186.46,5,12,4,3,0.4,28,4,0.3203311326860454,1,1,0,0.0,0,fda_959,CNC(=O)c1cnn(-c2nc(N)c3ncn([C@@H]4O[C@H](CO)[C@@H](O)[C@H]4O)c3n2)c1,4.71467161,FDA,REGADENOSON,M,-1,0.075662255,0.32514268490131654,1858.0
477.4430000000002,3.5315800000000026,89.33000000000001,1,5,3,2,0.2857142857142857,33,4,0.5376107076331194,0,0,0,0.3619285714285714,1,fda_1883,CNC(=O)c1ccc(N2C(=S)N(c3cnc(C#N)c(C(F)(F)F)c3)C(=O)C23CCC3)cc1F,5.53330803,FDA,APALUTAMIDE,L,-1,0.9957925,0.7312397475556012,312.0
454.96600000000024,3.889300000000003,72.83,1,5,2,0,0.8333333333333334,31,5,0.6406683863701529,0,0,0,0.4797857142857142,0,fda_434,CC1(C)O[C@@H]2C[C@H]3[C@@H]4CCC5=CC(=O)CC[C@]5(C)[C@@]4(F)[C@@H](O)C[C@]3(C)[C@]2(C(=O)CCl)O1,6.28372431,FDA,HALCINONIDE,L,1,0.9977543,0.8104339440797466,15.0
571.682,5.064600000000004,124.71,3,9,12,4,0.2903225806451613,42,4,0.15797555755793,2,1,0,0.1092142857142857,1,fda_2048,C=CC(=O)Nc1cc(Nc2ncc(C(=O)OC(C)C)c(-c3c[nH]c4ccccc34)n2)c(OC)cc1N(C)CCN(C)C,5.03363228,FDA,M MOBOCERTINIB,XL,-1,0.9163329,0.5754348431617535,981.0
267.67600000000004,1.1630999999999994,95.92000000000002,1,6,4,2,0.2,18,2,0.8966858117841482,0,0,0,0.3148571428571427,0,fda_1974,NC(=O)O[C@@H](Cn1ncnn1)c1ccccc1Cl,4.24153042,FDA,CENOBAMATE,S,-1,0.46768868,0.560372631767294,1037.0
506.2970000000001,3.9792000000000014,135.78000000000003,3,8,5,3,0.1764705882352941,32,3,0.476447317615037,1,0,0,0.0301428571428569,1,fda_2105,C[C@@H](NC(=O)c1ncnc(N)c1Cl)c1ncc(C(=O)Nc2cc(C(F)(F)F)c(Cl)cn2)s1,4.84118843,FDA,TOVORAFENIB,XL,-1,0.9838561,0.6396288968044619,755.0
245.33,2.3547800000000008,73.1,2,3,2,1,0.4615384615384615,18,1,0.4763426335858048,0,0,0,0.4778571428571428,0,fda_595,C[C@@H](N/C(=N/C#N)Nc1ccncc1)C(C)(C)C,4.23251438,FDA,PINACIDIL,XS,1,0.80248296,0.5924871119035806,908.0
717.993,3.529800000000007,149.54,4,8,20,1,0.7435897435897436,51,2,0.160217476778965,1,2,0,0.0,0,fda_1856,CC[C@H](C)[C@@H]([C@@H](CC(=O)N1CCC[C@H]1[C@H](OC)[C@@H](C)C(=O)N[C@H](C)[C@@H](O)c1ccccc1)OC)N(C)C(=O)[C@@H](NC(=O)[C@@H](NC)C(C)C)C(C)C,4.52009392,FDA,MMAE,XL,0,0.077496395,0.281688676591784,1983.0
877.0450000000004,5.6482200000000065,220.14999999999995,6,15,5,2,0.574468085106383,63,7,0.0926381879262952,4,1,3,0.0,1,fda_841,CO[C@H]1/C=C/O[C@@]2(C)Oc3c(C)c(O)c4c(O)c(c(/C=N/N5CCN(C6CCCC6)CC5)c(O)c4c3C2=O)NC(=O)/C(C)=C\C=C\[C@H](C)[C@H](O)[C@@H](C)[C@@H](O)[C@@H](C)[C@H](OC(C)=O)[C@@H]1C,5.71221781,FDA,RIFAPENTINE,XL,-1,0.64425045,0.4116064947981291,1518.0
376.24000000000007,1.7748999999999993,99.77,4,7,4,2,0.5333333333333333,24,3,0.6493088431254908,0,0,0,0.2873571428571427,0,fda_2053,CC(C)Nc1nc2cc(Cl)c(Cl)cc2n1[C@H]1O[C@@H](CO)[C@H](O)[C@@H]1O,3.78974271,FDA,MARIBAVIR,M,0,0.046432834,0.35395073352175316,1735.0
585.6580000000004,0.5132000000000028,205.75999999999996,7,11,6,1,0.5172413793103449,42,4,0.1808752373069158,3,1,0,0.0,0,fda_939,CN(C)c1cc(NC(=O)CNC(C)(C)C)c(O)c2c1C[C@H]1C[C@H]3[C@H](N(C)C)C(O)=C(C(N)=O)C(=O)[C@@]3(O)C(O)=C1C2=O,5.07480431,FDA,TIGECYCLINE,XL,-1,0.025208166,0.30429118208635375,1918.0
339.4210000000001,0.225300000000001,111.20999999999998,3,6,6,2,0.5714285714285714,23,3,0.6944032716087568,0,0,0,0.2056428571428572,0,fda_2032,C[C@H](O)CS(=O)(=O)N[C@H]1C[C@@H](N(C)c2ncnc3[nH]ccc23)C1,4.32853603,FDA,M ABROCITINIB,M,-1,0.017909745,0.3794185596430867,1638.0
214.052,1.157,61.77,1,3,5,0,0.8,12,0,0.4236058600444414,0,0,0,0.5587857142857142,0,fda_416,O=NN(CCCl)C(=O)NCCCl,3.66942334,FDA,CARMUSTINE,XS,-1,0.061433457,0.33304427088216126,1816.0
227.242,2.42948,41.61,0,3,1,2,0.2307692307692307,17,3,0.75036916148326,0,0,0,0.7027857142857143,0,fda_1972,N#Cc1ccc([C@H]2CCc3cncn32)c(F)c1,4.80909538,FDA,OSILODROSTAT,XS,1,0.97778803,0.7578809411413524,175.0
1226.4120000000005,-0.1965999999999887,366.42,13,17,18,4,0.5079365079365079,88,7,0.045331203169163,3,2,0,0.0,1,fda_2080,CCCCCOc1ccc(-c2ccc(-c3ccc(C(=O)N[C@H]4C[C@@H](O)[C@@H](OCC[N+](C)(C)C)NC(=O)[C@@H]5[C@@H](O)[C@@H](C)CN5C(=O)[C@H]([C@@H](C)O)NC(=O)[C@H]([C@H](O)[C@@H](O)c5ccc(O)cc5)NC(=O)[C@@H]5C[C@@H](O)CN5C(=O)[C@H]([C@@H](C)O)NC4=O)cc3)cc2)cc1,5.93002319,FDA,REZAFUNGIN,XL,-1,0.4999603,0.4722698687514312,1309.0
360.36500000000007,0.2093000000000002,77.84,0,7,2,2,0.4444444444444444,26,4,0.7619798913591553,0,0,0,0.4439999999999999,0,fda_769,C[C@H]1COc2c(N3CCN(C)CC3)c(F)cc3c(=O)c(C(=O)[O-])cn1c23,4.45784903,FDA,LEVOFLOXACIN,M,-1,0.91198575,0.6929551356578231,510.0
169.224,0.6436999999999999,29.54,0,3,1,0,0.8888888888888888,12,3,0.5395192406329529,0,0,0,0.789,0,fda_2128,CC(=O)O[C@@H]1CN2CCC1CC2,2.8933754,FDA,ACECLIDINE,XS,0,0.22245838,0.37976912398480284,1637.0
383.4890000000001,3.8287400000000025,66.43,0,5,7,2,0.2727272727272727,27,2,0.4129542687611122,0,0,0,0.5255,0,fda_2115,CSc1ccc(C(=O)/C=C/c2cc(C)c(OC(C)(C)C(=O)[O-])c(C)c2)cc1,4.98049927,FDA,ELAFIBRANOR,M,-1,0.94525117,0.6734628694150342,596.0
358.40200000000004,2.46112,76.80000000000001,0,7,2,3,0.3125,25,4,0.7032475119343297,0,0,0,0.4514285714285714,0,fda_2073,Cc1nsc(-c2nnc3n2CCN(C(=O)c2ccc(F)cc2)[C@@H]3C)n1,5.64366293,FDA,FEZOLINETANT,M,1,0.9381414,0.7628171052942281,154.0
318.43700000000024,2.4562999999999997,46.53,1,3,4,1,0.631578947368421,23,3,0.6850778093160973,0,0,0,0.6676428571428572,0,fda_1901,C[N+]1(C)CC[C@H](OC(=O)[C@](O)(c2ccccc2)C2CCCC2)C1,4.01687813,FDA,GLYCOPYRRONIUM,M,0,0.1443285,0.4424881273580573,1396.0
654.6059999999999,3.192800000000001,118.21,3,6,5,2,0.59375,43,7,0.4563272246110119,1,0,0,0.1556428571428572,1,fda_470,CC(C)C[C@H]1C(=O)N2CCC[C@H]2[C@]2(O)O[C@](NC(=O)[C@@H]3C=C4c5cccc6[nH]c(Br)c(c56)C[C@H]4N(C)C3)(C(C)C)C(=O)N12,6.29839945,FDA,BROMOCRIPTINE,XL,1,0.9091894,0.7154856217744984,393.0
304.197,0.5902999999999998,69.39,1,4,8,1,0.4615384615384615,19,1,0.7137755920938958,0,0,1,0.5043571428571428,0,fda_342,N[C@@H](Cc1ccc(N(CCCl)CCCl)cc1)C(=O)[O-],3.69511247,FDA,MELPHALAN,S,-1,0.2777983,0.35212667320242347,1743.0
376.334,2.4033000000000007,66.48,1,3,2,1,0.4210526315789473,27,6,0.6368222948475758,0,0,0,0.5251428571428571,0,fda_1889,O=C(NN1C(=O)[C@@H]2[C@@H]3C=C[C@@H]([C@H]4C[C@@H]34)[C@@H]2C1=O)c1ccc(C(F)(F)F)cc1,5.39883995,FDA,TECOVIRIMAT,M,1,0.73129404,0.6797738001530799,570.0
89.07,-1.8829,60.36,1,3,1,0,0.6666666666666666,6,0,0.4085864124474562,0,0,0,0.5688571428571428,0,fda_928,C[C@@H](O)C(=O)[O-],3.76888013,FDA,LACTIC ACID,XS,-1,0.061758388,0.3372692582214647,1799.0
344.49500000000006,3.9403000000000032,54.370000000000005,1,3,1,0,0.8181818181818182,25,4,0.7837023582235211,0,0,0,0.6116428571428572,0,fda_378,CC(=O)[C@H]1CC[C@H]2[C@@H]3C[C@H](C)C4=CC(=O)CC[C@]4(C)[C@H]3[C@@H](O)C[C@]12C,5.99710417,FDA,MEDRYSONE,M,1,0.9990682,0.834971399595859,3.0
561.5470000000001,6.941200000000008,118.77,2,6,21,1,0.7037037037037037,37,1,0.055176678177888,2,1,0,0.151642857142857,0,fda_975,CCCCCCCCCCCCCCCC(=O)OC[C@@H](NC(=O)C(Cl)Cl)[C@H](O)c1ccc([N+](=O)[O-])cc1,5.22507858,FDA,CHLORAMPHENICOL PALMITATE,XL,-1,0.47470227,0.4384174306148762,1422.0
295.298,2.972200000000001,84.07999999999998,2,4,3,3,0.0625,22,3,0.72749043527813,0,0,0,0.3994285714285716,0,fda_425,COC(=O)Nc1nc2ccc(C(=O)c3ccccc3)cc2[nH]1,4.68145132,FDA,MEBENDAZOLE,S,1,0.8975123,0.6910268184673239,522.0
291.438,4.877300000000004,3.24,0,1,4,2,0.3333333333333333,22,2,0.7258618266744273,0,0,0,0.9768571428571428,0,fda_694,CN(C/C=C/C#CC(C)(C)C)Cc1cccc2ccccc12,4.65155649,FDA,TERBINAFINE,S,-1,0.7667047,0.7073608363589046,435.0
376.4680000000002,2.923300000000001,74.6,2,4,1,0,0.7272727272727273,27,4,0.7379088954419751,0,0,0,0.4671428571428572,0,fda_252,CC(=O)[C@@]1(O)CC[C@H]2[C@@H]3C[C@H](C)C4=CC(=O)C=C[C@]4(C)[C@@]3(F)[C@@H](O)C[C@@]21C,5.52550459,FDA,FLUOROMETHOLONE,M,1,0.99915135,0.7823479473058718,78.0
273.741,1.6155000000000002,54.45,0,3,1,1,0.3636363636363636,17,2,0.7812058854471293,0,0,0,0.6110714285714285,0,fda_236,CN1C(=O)CCS(=O)(=O)[C@H]1c1ccc(Cl)cc1,3.41470838,FDA,CHLORMEZANONE,S,0,0.33010074,0.4747084441950607,1303.0
228.29099999999997,3.370000000000002,26.3,0,2,4,2,0.2666666666666666,17,2,0.8015823313615688,0,0,0,0.8121428571428572,0,fda_611,COc1ccc2cc(CCC(C)=O)ccc2c1,3.85106397,FDA,NABUMETONE,XS,-1,0.6682988,0.6272197738412748,795.0
219.281,-1.4542999999999997,84.16000000000001,4,5,4,0,1.0,15,1,0.4645740538240355,0,0,0,0.3988571428571428,0,fda_889,CCCCN1C[C@H](O)[C@@H](O)[C@H](O)[C@H]1CO,2.87507176,FDA,MIGLUSTAT,XS,0,0.17581026,0.310644280299914,1899.0
521.0500000000003,4.086800000000004,106.97,1,7,6,0,0.7142857142857143,36,4,0.4149432383701715,1,0,0,0.2359285714285713,0,fda_438,CCC(=O)OCC(=O)[C@@]1(OC(=O)CC)[C@@H](C)C[C@H]2[C@@H]3CCC4=CC(=O)C=C[C@]4(C)[C@@]3(Cl)[C@@H](O)C[C@@]21C,5.2390728,FDA,BECLOMETHASONE DIPROPIONATE,XL,-1,0.9515931,0.6627282922857047,653.0
277.17299999999994,-2.925799999999999,153.56,2,9,6,1,0.5,18,1,0.5237483929827751,0,1,0,0.0,0,fda_771,Nc1ccn(C[C@@H](CO)OCP(=O)([O-])[O-])c(=O)n1,3.22432709,FDA,CIDOFOVIR,S,0,0.0073927864,0.2535742968227175,2046.0
355.8690000000001,5.179200000000004,48.39,2,4,6,3,0.25,25,3,0.5980257885078599,1,0,1,0.6543571428571429,0,fda_61,CCN(CC)Cc1cc(Nc2ccnc3cc(Cl)ccc23)ccc1O,4.2944169,FDA,AMODIAQUINE,M,-1,0.70408607,0.5087664354698473,1208.0
256.28099999999995,0.8569199999999996,62.13,0,4,4,2,0.2,19,2,0.7620379778402954,0,0,0,0.5562142857142858,0,fda_448,Cc1ccc(C(=O)c2ccc(CC(=O)[O-])n2C)cc1,3.81102943,FDA,TOLMETIN,S,-1,0.9196375,0.6666544716644324,630.0
229.261,-0.5941000000000001,90.37,2,7,2,1,0.5,15,2,0.7038615838122526,0,0,0,0.3545,0,fda_754,Nc1ccn([C@@H]2CS[C@H](CO)O2)c(=O)n1,3.50329399,FDA,LAMIVUDINE,XS,-1,0.18458164,0.39538154579067786,1577.0
