frame,G908R_febuxostat_rep1,G908R_febuxostat_rep2,G908R_febuxostat_rep3,G908R_natural_rep1,G908R_natural_rep2,G908R_natural_rep3,R702W_febuxostat_rep1,R702W_febuxostat_rep2,R702W_febuxostat_rep3,R702W_natural_rep1,R702W_natural_rep2,R702W_natural_rep3
0,17.0459,16.1948,19.0815,20.6665,19.9179,19.6999,24.0724,17.2701,21.1377,16.0182,21.4292,20.8048
1,17.0640,15.8812,19.6960,21.1914,20.5136,20.6435,24.0341,17.1337,21.3329,15.3893,21.6271,21.2326
2,17.7028,17.6228,20.3484,21.2117,20.2073,20.1756,23.4950,17.3337,20.6042,16.4022,22.7789,21.3781
3,17.8380,17.7725,20.2271,22.0330,19.7224,20.1430,23.7702,17.5002,20.4467,19.6055,23.2527,22.1837
4,17.6272,16.0844,20.1536,21.9535,20.5663,20.8304,23.2330,17.5268,20.8295,16.5485,24.3405,22.4366
5,20.7496,18.4505,19.5746,22.6835,20.6293,21.0692,23.9524,17.6407,20.6398,16.2900,23.7478,21.9061
6,18.1657,17.2341,18.5862,22.5319,20.5511,21.6930,23.9724,18.0596,20.4404,16.0557,23.4576,20.2670
7,17.7231,17.7590,17.5243,23.0594,20.1491,21.9391,24.4008,18.2226,21.1935,16.4777,23.4582,20.2049
8,18.0676,17.8509,17.5761,22.5120,22.9453,21.5991,23.5498,18.5136,20.0403,16.7769,23.2167,20.8294
9,17.8573,17.2322,17.7434,22.5868,19.7903,22.5136,23.7390,18.2813,20.0456,16.7292,22.4007,20.8260
10,17.0022,15.7136,16.9560,22.6888,19.1293,22.2849,24.1504,18.4202,20.3308,16.6279,22.5365,20.2451
11,17.2147,16.0863,17.1264,23.0449,19.0132,21.5718,24.6305,18.6693,21.0639,16.6107,22.9253,19.4355
12,18.2356,15.2871,17.4239,21.7322,19.1803,22.2646,24.7519,18.2266,21.9699,17.9068,22.9008,18.3846
13,18.7732,17.7394,17.4264,22.6756,19.0998,22.2354,25.3866,17.8252,21.3877,17.7211,23.5496,18.2408
14,18.5657,17.1391,17.4151,22.3252,19.1897,22.0788,24.7182,18.1200,21.2207,17.6201,22.9174,17.4400
15,18.9258,17.3852,16.7945,22.6531,19.3347,22.4205,24.9288,18.1370,20.4918,17.8574,22.3708,21.2300
16,18.8785,16.8269,17.6327,22.5037,19.0613,22.4903,25.1209,18.3299,20.0012,18.7977,22.3381,21.1713
17,17.9063,16.0203,16.4898,23.0693,19.1253,22.4985,24.4576,18.2012,19.9030,19.0735,22.9069,18.7365
18,20.0153,16.5627,16.7547,23.0771,19.6448,22.7907,24.8163,17.9831,19.6746,18.9225,23.1988,21.1644
19,19.6952,16.7390,16.7172,23.8790,20.3866,22.5622,25.8040,18.1389,19.3898,18.1409,19.9350,21.1469
20,19.1093,15.9573,16.3672,24.4407,20.2178,22.6086,26.2418,18.4332,19.2970,17.4155,21.9404,21.1740
21,20.0062,18.6653,17.2842,24.6195,20.1500,23.4605,26.5097,17.7902,18.6560,17.9362,22.3352,19.1024
22,20.1820,16.1970,16.3801,24.7735,21.1753,23.4774,26.6132,18.0942,17.7471,18.1031,22.1504,18.9708
23,20.4490,16.9259,16.3367,25.3393,21.6967,23.2663,26.6068,17.2056,17.6827,18.4884,22.4690,19.7019
24,19.9833,16.9727,16.7774,25.3186,21.3133,23.1461,27.7937,18.1252,17.6933,18.5089,22.4516,21.9081
25,19.8046,17.1148,16.3642,25.2128,21.8461,24.1355,26.9373,18.3548,17.8485,18.6235,19.9352,22.4612
26,20.1163,17.4432,16.1776,25.8990,21.6711,25.1308,26.9745,17.9874,18.5971,18.7767,21.7708,21.8518
27,20.7413,17.2124,16.5721,25.5403,21.8180,24.8836,26.3816,17.9083,18.2502,18.2534,22.4169,21.9408
28,20.6952,17.9177,16.0895,26.0293,22.1228,24.7533,26.2203,17.5053,18.6744,18.4893,22.5196,21.8891
29,20.3033,17.5601,16.3772,25.3574,22.9029,25.8482,25.7937,17.8526,18.4403,18.2859,22.6303,19.8798
30,19.2014,17.8175,16.5588,26.2220,22.6790,26.1798,25.7329,18.4957,18.6595,18.5417,22.2093,22.1028
31,20.5757,17.9315,16.7121,27.5731,21.8585,26.4612,25.4265,18.1753,18.5052,19.4204,21.4490,23.2975
32,18.4222,17.5655,16.3820,27.7805,21.7473,26.0328,25.9436,18.2174,18.8504,18.3346,21.2864,22.2861
33,19.6474,17.8465,16.6051,27.5709,21.4683,26.3586,26.1005,17.8382,19.1532,18.2007,19.2078,22.1085
34,19.0160,17.7502,16.5431,27.7281,22.4109,25.8579,26.8009,18.3436,19.8056,17.5450,19.1885,23.1290
35,18.9312,17.4723,16.3728,27.3967,21.2703,25.9207,26.7775,17.5840,20.5361,17.3137,19.3777,23.0475
36,18.9848,18.3727,16.4556,27.8727,21.3930,23.5130,26.9074,18.2310,20.1650,17.3980,20.0361,22.0629
37,18.9157,18.5808,16.6089,28.8125,20.8582,24.1364,26.8347,18.0215,19.6375,17.7720,22.8840,22.3876
38,18.4277,19.1711,16.5157,28.1586,20.9000,23.8758,27.0829,17.8316,19.9936,16.6381,23.1294,22.7418
39,18.3968,19.2197,17.5287,27.8990,20.9550,19.5483,26.6972,18.3144,19.9470,16.5709,19.5914,24.0575
40,18.3232,18.5874,16.6524,28.2764,21.9957,18.5057,26.8874,18.6295,19.7116,16.7389,22.4530,25.0727
41,18.7744,18.0917,17.1032,27.8706,21.3323,19.3220,26.0345,19.1789,19.9597,16.7817,22.3890,25.7280
42,18.3444,18.4687,16.8181,28.1592,20.5411,20.0692,26.6321,18.9312,19.4545,16.4833,23.5682,25.6958
43,17.6940,17.3351,16.3118,28.1155,20.8271,19.5026,26.3760,19.1185,20.1050,16.1316,21.3223,25.6332
44,17.4870,16.8927,16.3107,27.9061,20.2392,17.9726,26.1610,19.1007,19.7979,16.6102,20.3471,25.4977
45,17.4385,17.5047,16.4240,28.2928,21.0760,17.6558,26.4516,18.6394,19.2977,16.4428,20.9482,25.1960
46,16.4800,19.6850,16.3370,29.1369,19.4566,18.2806,26.7712,18.8170,19.4373,16.6868,19.8912,25.9724
47,18.7307,18.2178,16.4992,29.3380,20.2490,18.4112,26.7204,18.5071,18.7248,16.5971,19.8335,26.2612
48,17.6129,17.9902,16.4180,28.8287,18.3829,22.1654,26.4006,18.0680,19.1346,16.4207,19.5573,22.9547
49,17.1934,15.6645,16.1812,29.0024,19.1418,22.5416,27.0304,18.5863,18.8722,16.0010,19.5636,23.1486
50,16.8694,15.4828,16.2603,29.3095,19.1654,22.6997,26.5782,18.0685,18.8393,16.9714,18.6949,23.8622
51,16.7932,14.9204,16.3895,30.9385,19.1184,22.2811,26.9638,18.4630,19.3738,16.7706,19.5951,24.4565
52,16.8931,17.6989,16.4025,30.9306,18.9172,21.9884,27.0694,18.8497,19.4715,17.1092,19.7754,25.4045
53,16.3362,18.3008,16.5666,31.1367,18.7832,22.7385,27.0180,18.3524,21.2793,16.8507,18.8460,24.3045
54,17.2064,16.8687,16.6109,31.0561,17.5755,23.1715,26.7060,18.4717,21.6606,17.3323,19.7862,24.6168
55,16.4608,18.1429,16.7918,33.9632,18.6668,22.6607,27.2775,18.5412,20.4847,17.8179,21.4993,24.5158
56,16.5043,16.6944,17.0228,33.5265,19.4618,21.4349,26.7533,18.8861,20.2607,17.7343,21.9686,24.6076
57,16.7141,17.5397,16.3613,31.0887,17.4515,21.4052,26.9452,18.9927,21.1411,16.9516,21.9627,23.8686
58,16.7242,17.7206,16.7976,31.5372,19.9667,17.9981,26.6220,18.6346,20.2381,17.6900,22.1634,24.7870
59,17.3559,17.2820,16.6758,34.3956,17.3570,17.9265,26.0508,18.7812,21.3054,19.6152,21.7701,24.1159
60,16.1564,16.2545,17.2541,31.5406,17.3277,17.8609,26.1968,18.0226,20.7686,17.1691,22.4965,24.0551
61,17.1218,16.2287,17.0388,31.0728,17.9690,16.9222,26.4973,18.7808,20.2867,19.5969,22.1368,23.4568
62,16.7888,16.4327,16.7757,30.5084,19.3829,21.8253,26.2123,18.1260,20.6885,19.7844,21.3415,24.2973
63,17.1524,15.5869,16.8765,33.8096,18.0516,20.9220,26.0476,18.5096,21.2391,16.8610,21.7630,24.4932
64,16.8861,15.6098,16.7824,32.1600,18.0598,20.4014,25.2274,18.5761,19.4445,20.0750,21.9561,23.8723
65,16.9517,15.7858,17.5420,32.9710,17.7400,20.6363,24.8608,18.4458,20.0300,20.2518,21.5772,24.4194
66,16.8821,16.8757,16.8697,33.1014,18.5051,21.4701,25.1178,18.0449,19.9923,20.7457,21.1456,23.9984
67,17.2975,16.0734,16.4300,33.0414,18.1944,21.0921,25.2478,17.5386,19.5995,20.2599,20.1494,24.8499
68,17.5427,17.1566,16.5403,33.6026,19.9072,22.0607,25.5213,17.3268,19.8068,20.9596,20.8337,23.9407
69,17.8000,16.7451,16.6915,32.2199,19.4369,22.2692,25.5893,17.7408,19.3067,17.8769,20.9798,24.0931
70,18.9871,17.0467,16.3960,32.5508,16.6532,22.3179,25.7255,17.2630,19.5616,18.6442,20.8291,24.4519
71,18.3359,17.7644,16.3606,32.4663,18.7707,22.3347,25.6890,16.7452,19.1727,17.7534,21.2020,24.6533
72,22.0249,17.6530,16.3457,31.5897,19.0162,23.0386,25.5315,16.5810,18.9508,18.5127,22.1120,24.2077
73,21.4929,18.0144,16.2740,31.8020,16.3468,22.4737,25.3977,16.5770,19.5197,18.7904,22.7478,24.0200
74,21.9765,17.6804,16.1361,31.2211,16.6953,22.5273,25.5525,15.8671,19.7995,18.5708,22.9651,23.3801
75,19.5605,17.8934,15.8893,30.9808,17.2701,22.1925,25.9888,16.1715,20.1980,19.0006,22.6440,23.3524
76,22.3369,18.1574,15.9994,28.8555,17.3940,22.1686,25.4239,15.9850,19.7020,20.7817,22.9153,23.2227
77,21.4797,18.3573,16.4271,28.3913,17.3378,22.0613,24.7190,16.4344,19.3832,18.8520,22.5678,23.2064
78,21.5088,17.7822,15.7795,28.0949,17.8193,22.3896,24.7695,16.1736,19.2934,18.6658,23.0268,22.9523
79,22.3112,16.8780,16.4477,27.1600,16.6098,21.3299,23.9398,15.9795,19.2057,18.4233,22.7303,27.6029
80,22.6654,16.7270,16.3864,27.7660,17.0950,20.8801,24.0281,15.6922,19.1544,20.2649,23.0651,27.3024
81,23.0928,17.1808,16.2957,27.6024,16.5882,20.9356,23.8379,15.6825,19.1424,19.9597,23.0657,27.9212
82,23.1475,16.9237,16.2496,27.2251,19.4913,20.6477,23.3996,15.8159,19.8033,18.3275,22.6030,27.3388
83,23.4508,17.4666,16.3719,26.3738,19.3058,20.5058,23.7439,15.4619,19.4583,18.8699,22.9184,26.5973
84,20.1023,17.8841,16.4238,26.9423,18.4931,21.1080,24.0894,15.6059,19.1963,19.5122,22.6308,26.8481
85,20.0570,18.2800,16.2130,26.6164,16.3468,21.2092,23.9720,15.6930,19.2814,20.5930,22.2238,27.2332
86,19.7472,18.4463,16.6265,26.4775,15.6692,20.6629,23.0053,15.9224,18.3886,20.8429,22.6427,27.0568
87,19.7281,18.7814,17.7225,26.6298,15.8812,20.6006,23.1374,15.6250,17.9383,21.1046,21.6059,27.4964
88,19.3378,18.5025,17.8469,26.7729,16.2567,19.9672,22.9989,15.8249,18.5127,21.0688,22.7918,27.5098
89,19.4963,19.5605,17.5385,27.1664,18.3453,20.4900,22.5343,15.5250,17.9929,21.9654,22.6015,26.5838
90,19.7661,19.3008,17.7557,26.6844,19.2840,20.7893,22.6193,15.8361,18.6211,21.6635,22.3492,25.8443
91,19.6554,18.5519,17.7120,27.7089,18.7431,20.5649,22.6848,16.1612,17.8444,21.9605,22.4940,26.2947
92,19.7748,20.0675,17.8634,27.3385,18.5023,20.9290,22.8474,15.6072,17.4980,22.1513,22.0521,26.2023
93,22.1562,20.8608,17.9854,28.2049,18.5604,20.9238,23.4836,15.6655,17.6055,21.6090,21.5770,25.9397
94,19.0164,21.0967,17.6898,28.8322,17.2182,20.9764,23.1102,15.6922,16.9776,21.6305,21.5965,25.6106
95,19.6927,20.4345,18.2560,28.7558,17.0896,21.4413,22.4187,15.6601,17.3763,21.2785,21.8664,24.7386
96,19.3339,20.4606,17.1081,29.3748,17.2074,21.0343,22.6049,15.2621,17.4280,21.1314,21.6283,24.2794
97,19.3415,21.0035,17.3960,29.6281,17.2799,19.6893,22.2623,15.4977,17.4019,21.1976,21.4749,23.7600
98,19.5551,20.8496,17.3401,28.8843,19.6770,19.4274,21.9605,15.8107,17.3651,21.4356,22.1923,24.2253
99,20.1010,20.4391,17.4901,29.1169,19.0847,18.2600,22.0685,16.0291,18.0958,21.5765,23.1451,23.3649
100,20.3188,20.7627,16.9967,29.5969,20.1934,19.3668,22.2362,16.3753,18.0312,21.0238,22.2589,23.3621
101,20.9500,21.0315,17.1612,28.9413,20.1660,20.2043,21.7862,15.8100,18.2958,20.1027,23.5410,23.2246
102,21.5251,22.0785,17.0832,28.9525,20.3872,20.3123,22.1948,17.1030,17.8077,21.1004,22.4493,24.9580
103,21.0783,22.4033,17.2113,29.4527,19.3259,16.8691,21.8981,16.0414,18.4568,21.7081,23.0851,24.8804
104,20.2525,21.7328,17.7687,29.6062,19.0995,19.9586,22.0141,16.9441,18.8045,21.9607,22.4117,25.3914
105,21.0372,22.3404,17.9901,29.3065,19.0057,20.7702,21.7319,16.2395,18.8264,21.9352,22.2759,25.3774
106,20.8801,21.5279,17.6391,29.6608,19.6099,20.4479,21.7091,15.9045,19.1224,21.1092,21.7315,26.2199
107,20.7161,21.9075,17.4024,28.9126,19.6627,20.3033,22.4121,15.9638,20.2390,21.4673,21.8361,25.3924
108,21.8021,22.4020,17.9836,29.2254,20.2263,19.7970,22.2843,16.0973,20.2037,21.5192,22.0454,22.4857
109,22.2557,22.3566,17.7587,29.2405,20.7872,19.4661,22.3458,15.9328,20.3038,20.9665,21.3442,22.3253
110,22.8004,23.1935,17.9913,28.8785,20.4417,19.0222,22.6489,15.2371,19.5478,21.0708,21.2910,21.0992
111,22.0084,22.3265,18.5207,29.2032,20.8061,19.3822,22.1868,15.6455,20.2028,21.6785,20.8768,22.2899
112,21.2951,21.6736,17.7958,28.7604,20.8882,19.2230,21.9401,15.0859,20.5520,20.8067,20.6901,22.6273
113,21.6714,22.2365,17.8041,29.1329,20.3184,19.1434,21.6577,15.3528,20.5310,22.4776,20.4756,23.1817
114,22.4064,22.1991,16.9906,29.0358,21.8744,19.5057,21.6689,15.1183,19.5424,22.5987,20.4061,22.7205
115,22.1214,22.1254,16.0935,29.2470,20.5356,18.5132,21.4674,15.2844,20.3514,22.7228,20.5273,27.3328
116,22.4171,21.0577,17.3364,29.2004,20.6826,18.1313,21.4063,15.3569,19.3968,22.0841,20.6938,27.0939
117,22.8969,21.1169,16.4540,28.3527,20.7468,19.2525,20.6583,15.6053,19.9642,21.0237,20.2115,26.2066
118,22.6823,21.4077,16.6532,29.1588,20.7201,19.1306,18.8393,16.0259,19.2119,20.3472,20.8732,25.8861
119,22.4149,20.1631,16.4448,28.8451,21.2453,19.2557,19.4855,16.3487,19.9449,20.1329,20.2681,26.5266
120,22.3381,20.1133,16.1119,28.9011,20.8048,17.1914,20.1650,15.7481,19.8044,20.3289,20.7868,25.9613
121,21.9979,21.3323,15.9481,29.1425,21.4450,17.9732,19.5217,15.1433,19.9620,19.9695,20.7421,25.9304
122,17.4689,20.7472,15.7567,30.0673,19.8939,17.7681,19.4388,15.7234,19.7806,21.2101,20.7965,26.2192
123,17.9682,20.2972,15.6725,29.7301,20.4890,18.5215,19.3166,15.5366,19.5862,21.3438,21.0082,25.2738
124,17.5690,20.0920,16.5324,32.7632,20.3269,18.1737,19.6696,15.5764,20.6307,20.6561,21.4000,26.2540
125,17.8165,19.1714,16.6076,30.6309,22.1107,17.9398,19.2949,14.3745,19.8537,19.3764,21.5369,26.1917
126,18.0474,18.2738,16.0912,32.0486,22.2822,18.0019,21.0033,14.8565,19.6033,20.9570,21.0092,26.1529
127,17.2057,17.9189,17.9482,32.4738,21.3087,17.7364,19.3711,14.7028,19.3690,20.2379,20.3587,26.0869
128,18.6895,16.3003,17.2543,34.4775,21.4816,16.9112,19.5711,16.0467,18.6554,20.4658,20.2351,26.6159
129,18.2335,15.8796,17.2654,32.8662,22.7421,17.1013,20.0193,15.3524,18.5043,21.6473,20.3997,27.5694
130,17.8024,16.7089,16.6509,30.3309,22.3931,17.2014,20.3147,15.4383,18.4038,21.6470,20.1958,27.1563
131,17.9239,16.0517,16.5450,29.4431,21.4530,17.4802,20.0171,15.4367,18.1899,21.6818,20.1636,27.5022
132,18.4361,15.8151,16.6827,34.6070,22.2238,18.5488,20.1954,16.6563,17.5826,22.6056,19.7987,26.1612
133,18.8061,15.6422,15.9108,30.4584,22.2581,17.7831,20.1837,15.9323,17.6488,22.5036,18.6707,26.1987
134,18.1089,18.8645,17.2970,30.3336,21.6818,18.3656,20.3481,14.9074,17.6324,22.2780,19.0638,26.4714
135,17.9171,20.4042,15.7300,33.7974,22.2264,17.9375,22.8055,15.4892,17.4696,22.8656,19.2812,26.6413
136,18.0067,19.7132,16.1079,33.4126,21.4924,18.2788,22.1735,15.4559,16.5798,22.7577,18.8692,26.5073
137,18.2581,17.1504,16.2934,33.3648,22.8227,17.4771,22.8430,15.1510,16.6487,22.4763,19.0324,26.3507
138,19.0938,19.2095,16.2928,32.6532,26.0299,18.2634,23.6696,14.9298,20.2723,22.6679,19.3795,26.4824
139,18.8429,17.2612,16.2108,31.9990,26.1218,17.7807,23.2831,14.7927,20.8579,22.9075,18.9726,25.8990
140,19.1157,17.1534,16.0632,33.2813,24.7825,18.3102,23.0611,15.3754,20.1074,22.8200,18.5218,25.7178
141,18.9429,19.1978,15.8180,32.3787,26.9436,17.6564,20.6559,14.4595,20.6172,23.1316,19.0942,25.9416
142,19.2909,19.3950,15.7253,32.3923,26.6083,17.4248,20.9594,14.5746,20.2663,22.8750,18.5517,26.0884
143,19.9583,17.0712,15.6289,32.9263,26.2740,18.3655,20.6814,15.2557,16.2344,22.7702,18.9848,26.4997
144,19.8414,16.7659,16.5959,33.3718,27.4523,17.5638,22.9544,14.0663,15.8540,23.5172,18.4741,22.4264
145,19.2611,15.9433,16.8166,32.7544,25.2078,17.7133,23.0899,14.5024,15.5988,21.9677,18.7287,26.5972
146,18.8715,16.4726,17.1658,29.2093,25.6351,18.5280,21.1640,15.1814,15.6319,21.4158,18.9099,26.5990
147,18.8176,15.3816,17.0355,29.4125,24.7155,18.8337,21.4500,15.6687,15.3518,21.1795,19.3357,26.6827
148,18.8933,15.8696,17.3361,28.7221,24.6046,18.7832,23.6331,15.6330,16.0929,20.6811,19.1258,26.6244
149,19.5344,15.7192,17.1649,28.2549,23.7134,19.0979,21.1255,15.5588,17.5887,20.8921,18.7662,23.1853
150,18.5192,15.9223,17.2857,28.3843,21.3458,19.0015,23.4809,15.3464,15.7356,21.9918,18.3966,22.9317
151,17.5335,15.3652,17.4680,28.3094,22.8189,21.4842,24.1351,16.3900,15.1566,22.0564,19.1027,22.7176
152,18.1335,15.5723,17.1956,29.1124,20.9385,22.1329,24.0338,16.5910,15.8317,21.0454,18.8514,23.2489
153,17.9073,15.7281,17.9796,29.0764,23.3489,22.7786,24.8325,16.5600,15.8282,20.2076,18.7654,23.6912
154,17.8798,15.8198,17.7705,29.0384,22.8742,21.9199,24.6774,17.2083,16.4563,20.3047,19.0352,22.9175
155,17.6997,15.6615,17.7270,29.4417,22.6214,21.8844,24.7264,17.2091,15.5715,18.7842,19.3470,22.8819
156,17.4432,16.2476,18.8306,30.1308,22.9491,21.5567,24.2757,17.5101,15.2274,18.8363,19.3063,22.2255
157,17.6573,18.2778,18.6408,31.2464,23.5635,20.7968,21.8950,17.3587,15.3073,19.2309,19.2561,22.7330
158,17.8323,18.0047,19.3604,31.9240,23.3937,21.6853,22.4028,17.9689,15.4646,18.7177,19.1170,22.4254
159,17.4234,18.1709,18.6613,32.7038,19.5158,21.1109,22.2257,17.4199,14.8577,19.1837,18.9396,23.2749
160,17.4373,18.7546,18.5443,33.3226,19.5865,21.0241,22.0007,17.4995,13.3772,20.0685,20.5942,23.5666
161,18.2153,17.5369,18.6147,32.8490,23.0961,21.5409,21.9870,16.4577,13.4387,19.1631,21.4588,23.8723
162,18.7998,17.7258,19.3141,33.2216,22.7716,20.6962,21.8421,16.7105,13.4458,18.6962,20.0420,24.3569
163,19.1923,16.8644,18.8910,32.5316,20.4943,19.6752,21.9683,17.1294,13.2274,19.2505,19.6149,25.0127
164,18.9949,16.4093,18.7854,31.4068,20.3088,19.9447,22.1703,16.5371,13.5480,18.9048,21.5512,24.9934
165,19.9761,17.4836,18.3076,32.0721,22.1721,20.8663,24.4103,16.7630,12.8107,19.4426,20.8151,24.8565
166,19.9734,17.1190,17.6032,32.2950,22.5981,20.0992,25.0632,16.9262,12.5987,18.9094,20.8661,25.4721
167,20.5689,17.7103,17.7285,32.7754,22.7339,20.7281,25.4512,16.9744,13.1070,18.5402,20.5862,25.7792
168,19.6943,18.0755,17.8803,33.1957,22.5804,20.1835,25.2905,17.0306,12.5747,19.8285,19.8611,24.7948
169,19.2101,18.4479,17.7352,31.8245,22.1479,22.9227,25.3253,16.4617,13.0539,20.0081,19.7258,24.6446
170,18.2861,19.2116,17.7123,32.1531,21.5738,15.9794,24.8487,15.5051,12.5181,19.6150,20.4118,24.4437
171,18.3561,18.4746,17.4931,32.2240,21.3246,22.3877,24.2822,15.3721,12.7551,18.9411,16.4645,25.0828
172,19.2235,19.1948,17.7926,31.2406,21.7452,23.4883,22.5592,16.1225,12.5766,18.8023,20.5387,25.2742
173,18.7082,18.9855,17.7863,30.7946,21.5840,23.2614,20.4058,16.0317,13.4360,19.0651,21.1451,24.7187
174,19.1400,18.8669,17.4205,31.8081,21.7650,23.9627,18.1646,15.7081,13.4171,18.2756,19.6548,24.5772
175,18.3200,18.4885,17.9469,30.7453,20.6287,24.4105,18.5159,15.7823,13.3632,17.8440,19.5954,24.1665
176,18.5239,18.4338,17.4876,31.3677,20.5682,24.7742,20.8130,14.7012,12.9788,17.7756,19.2944,24.0386
177,19.5497,18.5383,17.1948,30.6915,20.9254,24.0634,20.4947,15.4018,12.6733,17.9423,18.9927,23.7816
178,19.5029,17.9542,17.2480,29.8774,19.9821,24.5476,24.4637,15.7743,12.3418,17.4903,19.5260,24.2239
179,19.3245,18.3894,17.0008,29.8633,18.5793,25.3122,20.7758,16.0505,12.9587,16.6380,18.7129,24.3440
180,18.7226,18.9076,17.2474,31.5120,18.4828,25.7455,21.2578,16.0227,12.6535,17.9890,18.2772,24.5116
181,19.1743,20.1271,17.3574,31.1743,18.7250,26.2679,21.4076,15.7276,12.9980,18.2275,18.1790,25.0530
182,18.5852,21.5849,16.7571,31.0982,18.6258,26.9518,18.2058,14.8040,13.1064,17.3340,18.5447,25.2032
183,20.3947,21.7782,16.9769,31.2916,18.0739,26.6992,21.7408,14.8614,13.1480,17.6830,18.6454,21.7229
184,20.6019,21.9508,16.7661,30.9287,18.2869,27.1215,22.2149,15.0538,12.9046,16.9402,19.1352,24.3433
185,20.8602,22.3251,17.3885,30.1075,18.4767,27.0254,22.0124,15.0137,12.4344,16.7760,19.4725,21.6901
186,19.6080,20.1382,17.1864,30.0950,19.4870,27.9450,22.2743,15.4538,12.5662,16.7413,19.7282,24.7255
187,19.6262,22.2837,17.5296,30.5886,19.4648,28.0532,18.6359,15.6847,12.8756,16.9240,19.5824,24.8345
188,20.4457,19.8194,17.0966,30.5289,19.6874,27.8971,18.2774,15.6902,12.5508,17.2539,19.1938,25.2009
189,19.9565,20.0837,17.0592,30.1380,20.2747,28.7516,18.5795,15.2104,12.5758,16.3375,20.3819,25.2247
190,20.1440,19.6382,16.8961,31.4199,20.0746,27.5659,21.5857,16.0615,12.0671,16.4055,19.8034,25.6210
191,20.4447,20.3900,16.5170,30.8658,20.0856,27.9754,21.7332,15.5646,12.4611,16.4847,20.0335,26.0869
192,20.3855,19.6756,15.6532,30.0506,20.0670,28.2922,22.5017,15.1186,12.2634,16.2136,19.9744,25.9243
193,20.0987,21.3225,15.9535,30.7846,20.0603,28.6872,17.9664,15.4208,12.1274,16.3283,19.8242,25.9657
194,20.8759,18.5277,16.5624,29.2827,19.1919,29.7373,20.8601,15.9599,16.0216,16.8438,20.2949,25.3538
195,21.0922,18.9086,16.5883,28.3767,19.4581,27.9363,21.5026,15.9778,16.6862,16.6123,20.0977,25.9118
196,17.2992,21.6602,16.5248,28.4986,19.5557,27.3939,21.5665,15.5628,16.6442,16.8704,20.7908,24.8972
197,17.0927,22.0279,16.2359,29.1346,22.0676,28.0747,20.4425,15.4323,15.9217,16.6992,20.5887,24.5273
198,17.5364,22.7883,16.5428,28.7359,22.8526,28.9207,19.8995,16.1237,16.3174,16.6914,20.6362,22.1526
199,18.6978,22.2944,16.9062,27.4665,19.9490,27.9418,20.6226,15.3419,12.6170,16.8551,20.9562,21.7657
200,18.9562,23.2552,16.3838,27.9741,22.0844,28.0191,21.1334,15.4451,19.3688,17.3311,21.1045,22.0820
201,23.4083,23.2457,16.6444,28.1156,22.1359,27.3415,21.1683,14.8717,20.3636,17.0877,21.1490,20.6868
202,19.6011,23.2345,17.0850,28.2233,19.4337,26.7679,20.7026,15.0859,15.7287,16.9216,21.0841,20.9507
203,22.5112,22.5183,16.5544,28.2289,21.8269,26.5917,17.7848,15.4541,20.1052,16.4177,20.9929,22.0030
204,22.2037,22.4350,16.7404,28.6379,19.8895,26.8376,18.2504,16.0791,16.2436,15.9486,20.4560,26.0793
205,22.9961,22.0960,16.6827,28.5094,19.3126,26.5382,18.2837,15.8951,15.6945,15.9549,20.1099,26.5886
206,23.9237,21.9886,16.0338,28.8785,20.5786,27.4600,18.6916,16.3613,15.9291,15.9751,20.8151,25.7457
207,25.1021,22.1850,16.3014,28.6649,19.8201,26.3251,25.4355,15.5306,19.8743,16.6944,21.6078,25.9919
208,24.4792,21.7556,16.7350,27.3140,19.2944,25.7193,25.2848,16.2510,15.8754,16.6795,21.2833,24.6889
209,23.6503,23.5061,16.1122,26.8019,20.0361,26.5204,25.2642,16.0440,15.9815,16.7087,20.8179,25.1798
210,23.6038,23.0913,16.5152,26.5698,20.2693,26.3915,21.8300,16.2830,15.9906,16.5799,21.0270,24.7907
211,25.6279,22.4922,15.6878,27.0540,19.5815,26.6390,21.8067,16.3563,16.3927,16.7808,21.2906,25.7290
212,23.7284,22.2827,15.8237,26.8127,20.1225,27.3528,26.0545,16.0252,16.1865,17.2195,20.9020,25.8941
213,24.0728,21.9271,16.4189,26.1175,19.3396,27.1991,25.6599,16.6406,12.7850,17.7474,19.7917,26.0297
214,24.0180,21.8911,16.0501,25.4166,20.9079,26.4765,25.4587,16.8330,16.3216,17.7285,21.1176,26.1981
215,23.8747,21.9372,16.0251,25.5496,20.2773,26.4435,25.3954,16.3146,16.6066,17.0496,20.8346,25.5886
216,24.0261,21.1793,15.6930,26.0728,19.8671,28.0994,25.0323,16.1891,12.8494,17.9250,18.8292,25.8176
217,27.1655,20.8513,15.6910,27.1068,19.5085,28.4708,25.0498,17.0628,12.6032,17.6934,21.0034,25.5066
218,22.7319,20.5848,15.1100,26.9251,17.3868,28.2292,18.2904,16.4143,12.0072,18.3074,21.1593,25.8017
219,22.7533,21.0805,14.9345,28.0912,18.2546,28.4841,25.0655,16.9705,12.2587,17.1679,20.9674,26.6722
220,23.2236,18.6274,15.1045,28.4496,17.6498,29.1197,20.7324,16.9670,12.5201,17.7237,20.3730,26.1219
221,20.0986,17.9423,15.3591,27.9430,17.3614,28.3037,20.9651,17.1450,12.5454,17.5311,20.3184,26.7365
222,19.9211,17.5786,15.0629,28.0289,17.1317,28.8778,24.9775,17.2691,12.1949,18.0081,19.3929,27.3490
223,24.3543,17.9607,15.2755,28.9248,17.0236,28.3801,23.8760,17.0373,12.8890,18.3484,19.4383,27.6917
224,23.7684,17.9475,15.3762,28.9120,16.9947,28.0135,20.3433,16.6110,16.7389,18.0558,18.9399,27.0738
225,24.1731,20.8064,14.8977,29.2499,16.6895,28.4827,21.0860,16.6696,15.9653,18.6407,19.1379,27.1940
226,23.5889,21.0093,15.1460,29.8142,19.1896,29.2728,21.1747,21.3811,15.9314,17.9522,18.9188,27.0490
227,22.3981,20.9906,15.5828,29.4340,16.8539,28.4530,24.3037,18.2986,16.0501,17.7607,18.9649,26.8334
228,22.2565,20.9587,14.6600,28.7953,17.4296,29.3115,24.6218,18.0239,16.1202,17.3419,18.8830,26.7670
229,25.1080,20.6641,14.7645,28.7289,17.1843,27.8826,24.8540,18.1609,16.2080,17.6295,19.1734,27.0758
230,26.0602,20.5464,15.5313,29.1526,17.2623,27.2160,24.9744,18.4849,12.9355,18.7456,18.8930,26.5871
231,27.3059,21.9775,15.0335,29.6510,17.4954,27.0264,25.1034,18.7760,13.0054,18.1860,18.9251,27.4386
232,27.0071,22.0250,14.7722,29.2659,20.5203,26.3050,25.5829,18.3205,12.6818,19.2239,19.2655,27.8448
233,27.3954,21.6357,15.8866,30.0029,20.0370,26.3842,24.8970,19.0489,13.1144,19.0807,19.0268,27.4949
234,26.7354,22.2176,14.6449,30.3397,20.7411,26.4132,25.3167,18.7683,12.4724,18.9653,18.8094,27.7855
235,26.3789,22.7368,14.7759,29.0882,21.4447,26.8106,24.5063,18.4947,13.8213,19.5406,20.0336,27.6420
236,26.1916,22.1815,14.6012,29.9322,21.3249,26.4521,24.4252,17.9347,12.4061,19.7495,19.3141,27.6857
237,25.8425,21.3274,14.7135,29.2311,21.6767,25.9322,25.0148,18.0001,12.7651,20.2070,18.7575,28.5778
238,26.5020,21.4830,16.0251,29.7035,21.6213,25.7182,25.7374,17.7320,12.6908,20.7982,19.1353,28.4375
239,25.6267,21.8870,14.8805,30.3972,19.2019,26.0405,25.9921,18.3527,12.4705,21.6145,19.2559,25.3983
240,24.8536,21.5442,15.4404,29.7403,22.4299,26.6883,25.8048,18.8113,13.0009,21.2452,18.8168,29.1946
241,25.4140,21.2717,14.7772,30.7718,20.6578,26.4735,25.8648,18.1270,17.9463,22.0097,17.8345,29.2022
242,27.2866,17.8238,14.8882,30.7138,20.4852,26.1393,25.8913,18.5711,17.4016,21.1767,18.2731,25.8222
243,25.9949,18.0574,14.3585,29.7742,21.7590,26.3494,26.5494,18.0380,17.2832,21.8236,18.0520,25.6578
244,26.0202,17.5219,14.5581,29.7871,22.1938,25.1839,26.1214,18.1645,17.1016,21.9337,18.7789,24.2918
245,25.7670,18.2098,14.3889,29.9517,18.7691,26.3386,26.4671,23.1054,16.4663,22.5369,18.6559,24.2168
246,26.7864,17.6993,14.1251,29.3695,18.4831,26.3046,26.5598,18.3642,16.9301,22.1953,19.5787,23.8979
247,26.2745,18.9756,14.6425,30.2114,23.1585,26.1476,26.7480,18.5748,16.2312,22.0760,19.5768,24.1656
248,26.2874,18.4527,14.8964,29.0360,24.1271,25.9612,26.4829,18.3307,16.9524,22.5470,19.9218,23.8723
249,24.6199,18.6547,14.6282,29.4683,24.5520,25.6990,26.3646,17.9616,16.9218,23.1630,20.1805,23.2782
250,24.9826,17.9400,14.6763,28.7364,23.9907,25.0874,26.8388,17.8608,13.9990,23.0345,20.3484,23.2086
251,25.1059,19.7861,14.2995,29.6268,23.9981,25.7932,27.0949,22.7153,14.6723,23.2217,21.3363,24.1487
252,24.4257,20.0775,14.4253,29.8274,23.2937,25.5658,26.6954,18.6002,14.0430,22.4125,20.6839,23.5137
253,24.7425,21.5572,14.4482,30.4904,22.8241,25.6338,25.4269,18.3372,13.7111,23.2031,19.4118,23.5380
254,24.2432,23.0443,14.8544,30.6203,22.4322,25.3510,25.3782,18.2798,14.8011,22.6843,20.0070,23.7290
255,23.7799,22.5529,14.5109,30.2051,22.8174,25.4235,25.7834,17.7858,14.8047,22.6822,19.5732,23.7742
256,23.6484,22.7245,14.3601,30.3947,22.1914,25.6485,26.4942,17.1508,14.7879,21.6854,19.9303,24.0834
257,24.6780,23.5262,14.3994,30.7382,22.4402,26.7120,26.4881,16.9913,15.2821,21.8436,20.0369,24.2697
258,24.8737,23.3004,14.7878,30.4256,22.1275,25.6250,26.8147,17.3012,15.2124,22.4568,19.1871,24.7287
259,25.2540,23.2353,15.0625,31.4135,22.6894,25.9057,26.3990,17.4302,16.1824,22.7162,19.3416,23.6254
260,24.9687,22.8416,14.7335,31.3710,23.2674,26.4589,26.1627,17.0955,15.8082,22.3898,18.8665,24.6038
261,26.4401,23.3736,14.2640,29.7980,24.1634,26.4307,26.6569,17.6577,15.5477,22.3215,19.0931,24.2402
262,26.4475,23.8811,14.6042,30.3770,23.1338,25.7408,26.4164,17.8590,15.3308,21.7172,19.4639,25.1515
263,25.5454,23.9393,14.8764,29.6927,22.0162,26.0475,27.1312,18.1232,18.2310,22.5914,19.6371,25.6765
264,26.5305,23.5062,14.2113,29.6603,21.0447,25.0897,27.2366,17.6437,17.8333,22.9633,19.4185,26.0291
265,26.5838,23.1443,13.9844,29.0149,20.7537,24.8943,26.7864,16.7725,15.7770,23.2452,18.4334,25.7046
266,26.3600,23.4299,14.9002,29.5840,21.8991,24.8936,27.0751,17.5525,17.7655,23.3316,18.8037,25.5105
267,25.8804,22.9757,14.0629,30.2639,21.8795,24.6324,26.0683,17.8992,18.6579,23.5443,18.5143,25.7111
268,25.1562,23.3357,14.3920,29.9166,21.2423,25.6112,25.9987,17.4288,18.4717,22.7158,19.0063,25.4320
269,25.9352,23.6024,14.5091,29.1519,21.7714,26.1898,25.4543,17.4233,17.7551,22.3054,18.8905,25.3530
270,25.7547,23.2660,14.2905,30.0130,22.0809,25.3218,25.2828,17.0786,17.8178,23.6352,18.9915,26.2499
271,24.8436,22.6397,14.8618,31.1234,22.6147,25.8760,26.0095,17.2338,15.1211,22.6557,19.1703,26.3103
272,24.4380,22.0282,15.2635,30.4163,22.8168,26.0030,25.7926,17.7678,15.0935,23.1017,19.0111,26.4494
273,25.6674,22.5602,15.4999,30.7968,22.1494,19.7109,25.9450,17.6765,15.0679,23.3020,18.3008,26.8257
274,25.6044,22.8567,14.6170,30.7352,19.6489,25.5221,26.2547,17.6972,16.1023,22.3330,18.6672,27.3160
275,25.8829,22.4707,15.1904,30.6840,22.6847,18.9609,26.5787,17.8870,15.6771,22.6675,18.4366,26.8485
276,24.5945,24.0777,15.2295,30.8381,21.3918,25.6566,26.0347,18.2284,15.4299,23.4323,17.9216,26.9521
277,23.4023,24.0815,15.3188,30.8089,19.2383,18.7480,26.3616,18.3973,19.1788,22.4206,18.5194,26.8771
278,25.3299,24.1111,15.1046,31.6611,20.2671,17.9226,26.8694,18.8050,16.5704,22.5635,18.6401,27.1100
279,22.9950,23.7495,15.6644,31.2200,19.8123,17.9259,26.7998,18.7383,16.5967,22.8501,18.9271,28.3244
280,22.2473,24.5368,15.5762,31.6415,19.9879,17.8160,27.6434,19.3223,17.5328,21.8480,18.5072,28.7689
281,24.6792,24.3000,16.0740,31.4179,20.2400,19.0331,27.4765,19.1817,17.7539,23.6753,19.3096,28.8337
282,24.7238,24.0824,15.2276,30.8049,20.4772,18.6777,27.1641,18.9611,17.9035,23.0960,19.1846,29.0483
283,26.2381,24.1757,15.1942,31.5286,20.9778,18.8740,23.9229,19.7590,18.1762,23.8450,19.7307,28.6708
284,26.4533,24.7416,15.2796,31.4744,20.2592,18.4020,24.3244,20.5105,19.4717,22.8073,19.4142,27.3832
285,27.3571,24.1684,14.9782,32.6619,22.0045,18.5490,24.2690,20.8857,18.7991,23.9926,18.8131,26.6919
286,27.0927,24.0878,14.7870,32.8293,22.1165,17.8243,24.6032,20.4118,18.3150,24.1227,18.6631,26.0508
287,26.9560,23.4902,15.5176,33.5591,20.4988,18.1793,24.1137,19.7654,17.6051,23.8901,19.0848,26.8691
288,25.6643,24.1922,16.1541,33.2153,20.9288,17.2752,23.3958,20.5846,17.0956,23.8132,19.1828,28.2590
289,27.9025,23.8496,15.7531,33.7014,20.1304,17.8267,24.2381,20.2620,17.9103,23.7277,19.2952,27.8260
290,28.4144,23.4191,14.8865,33.6883,18.9505,17.1483,24.4382,20.0714,18.9970,22.9496,19.8236,28.5220
291,27.3943,23.5398,15.6649,34.0537,18.5442,17.6950,24.1486,20.7200,20.2050,23.6697,19.2657,27.8666
292,30.1814,23.3147,16.1431,34.6541,19.5517,17.4441,24.5921,20.2480,21.2195,23.6525,19.2601,27.7946
293,31.0407,24.6513,15.6018,33.6999,18.6970,17.5332,28.9487,20.9909,17.5586,23.8612,20.3139,27.5362
294,30.5350,22.8776,15.0854,34.2074,18.2567,17.3861,28.9115,21.6346,17.5209,23.2996,20.1982,27.4270
295,30.3485,22.7256,15.1634,34.9325,18.4075,16.8265,27.3538,17.4774,17.9181,23.0493,20.1520,27.5039
296,26.2607,23.5289,15.3337,34.4803,18.5208,18.0765,28.8194,16.9003,18.9210,22.4729,20.7157,26.8853
297,26.5684,23.6787,15.3360,32.9626,18.8220,17.1208,28.6833,18.2302,19.4201,22.8126,20.7468,26.8760
298,27.4700,22.9536,14.8834,32.0643,18.7087,17.3471,29.6939,18.0295,19.5443,23.7835,20.8346,26.2018
299,25.8972,23.8588,14.6876,32.0761,18.3258,17.4540,29.9529,18.0645,18.2245,25.5049,20.6792,26.6674
300,25.9405,23.4302,15.0674,32.8881,18.7060,17.6894,29.5530,17.9053,18.2036,24.8077,20.0789,27.8123
301,25.6958,23.6632,15.1758,33.2296,18.3950,17.1929,29.4351,18.2550,18.0753,26.0638,19.7516,28.5233
302,27.5906,23.2996,15.1164,34.3109,18.9262,17.6718,28.8104,18.4253,17.1956,24.8462,19.2771,29.4241
303,27.4515,23.3639,15.3184,32.2231,17.9147,17.6948,28.7888,17.9986,17.5915,25.0828,19.7250,29.4932
304,28.3944,22.3903,15.4405,32.3182,18.3706,18.2419,28.6313,18.0367,17.9795,25.4433,19.6508,29.4613
305,26.7800,21.5170,14.7721,33.2724,17.9106,18.4941,28.9449,18.3077,17.7813,24.1993,19.1759,29.1766
306,28.2119,22.8332,14.9704,33.1915,18.4081,17.3099,29.3927,18.0125,17.5555,24.7574,19.3818,29.5318
307,28.9295,22.5573,15.0069,31.2251,18.7431,17.1010,30.0451,17.5824,17.3516,25.1523,18.9948,29.9071
308,30.0182,22.3655,15.2167,31.6097,18.4698,17.4576,30.0946,18.7344,16.5733,25.0729,19.4531,30.2814
309,30.8264,22.7536,14.7293,32.2096,18.2349,17.3123,30.5821,18.6047,16.8559,25.0263,19.2319,30.9856
310,30.2179,22.4407,14.7902,31.3863,17.9130,16.7409,30.6925,18.5696,17.3502,25.2986,19.1950,30.6775
311,30.4726,22.2547,14.8843,30.7636,18.1260,16.9071,27.4485,18.8378,17.1317,24.5582,19.3800,29.9925
312,27.8336,22.3885,15.0486,31.2857,17.9283,16.9334,30.1877,20.3273,17.7587,24.7634,19.0449,29.9129
313,29.8125,22.9367,14.4261,31.0873,17.2169,17.0839,31.1653,20.5378,18.2156,23.7939,19.6418,29.4952
314,29.3139,23.1100,13.7818,30.4535,16.6443,16.7783,31.8484,19.2910,18.9498,24.6378,16.1041,27.0175
315,29.3343,25.9758,14.0205,30.1897,17.1911,16.7609,31.7021,19.7015,18.0559,25.0653,20.3952,27.8354
316,29.3049,24.4334,14.4729,31.0196,18.8008,17.4176,31.8940,19.4472,18.3683,25.0453,20.1720,27.2377
317,30.8561,24.3978,14.3957,31.7008,17.8207,17.3205,31.1459,19.2358,13.2946,24.7686,19.8975,27.8680
318,30.9363,24.8895,13.7780,32.0090,16.8833,17.6416,31.7665,18.4175,13.1020,25.6366,19.9477,27.1009
319,31.1846,25.1200,14.0123,31.8973,16.7957,16.9560,31.7899,18.9770,23.9624,25.9191,20.9670,27.4388
320,31.5738,24.1302,14.3285,32.8089,16.2623,16.6821,30.7793,19.0653,23.9691,25.4015,19.8796,27.1435
321,30.5392,24.0584,13.7799,33.5041,15.8466,17.1887,30.8186,19.5025,23.4847,25.5732,19.6605,27.3648
322,30.7394,24.2787,14.1053,34.1796,15.9105,17.8734,30.5827,19.9321,24.6395,24.8069,19.7608,29.1847
323,31.0768,24.8315,13.6397,33.9994,16.5909,18.3961,29.9058,19.5904,22.9786,25.3653,20.1828,28.4513
324,31.1018,24.7609,13.4358,33.8852,16.7137,18.1392,26.6256,19.6989,24.6469,23.9675,20.5668,28.6083
325,32.6486,24.5258,13.3692,33.9636,17.3581,17.7111,27.0587,18.1936,24.2879,24.1438,20.0644,28.6025
326,33.3616,24.2411,12.9792,31.6772,17.0405,17.5236,27.5300,17.8492,25.4122,23.7151,21.2140,30.2206
327,30.9948,24.2278,12.9680,32.2077,17.0244,17.4174,27.6211,18.1792,24.9467,22.8530,20.5761,33.5323
328,31.9736,24.3708,12.7689,31.3240,16.8468,17.6566,24.5768,22.6096,24.3635,23.0828,20.9516,33.8899
329,31.7096,23.0802,12.6262,31.5741,16.1619,17.3157,28.3297,21.9081,23.9740,23.1122,20.0448,32.9575
330,31.0779,22.0267,12.5535,31.7635,15.9085,17.3785,29.0068,22.7166,24.6804,23.6082,19.1847,34.0054
331,30.8917,21.5857,12.0536,31.8329,16.2706,17.4185,29.2813,21.1954,24.5751,23.2413,19.6427,30.3548
332,31.5594,21.6069,12.1613,30.9494,17.0641,17.6675,29.2687,22.6567,25.2099,22.9793,19.6838,30.6121
333,31.7599,21.4728,12.7204,31.9558,16.2112,17.4078,28.7732,17.0931,24.6781,23.5239,19.7285,34.0466
334,31.6021,21.7287,12.5854,31.9942,15.7332,17.7856,28.9742,17.1305,25.6045,23.8363,19.5754,33.1253
335,31.8901,21.6812,12.7440,31.4890,15.6352,17.6748,28.9584,21.1898,25.9487,24.2840,20.0120,33.5987
336,31.6043,21.7434,12.8480,31.5128,15.1555,17.9480,29.0389,21.3890,25.8804,24.5568,19.9933,32.9457
337,32.4364,21.3071,12.9127,31.2304,15.0888,17.3493,28.9700,16.9301,25.7800,24.3726,19.7643,33.0746
338,32.3545,20.8703,13.2240,30.8874,14.9859,17.9270,29.5067,16.8823,26.1545,23.7662,19.5394,30.6709
339,32.4725,20.9636,13.2114,30.5964,14.9842,18.3245,29.4897,17.3235,25.2041,24.0053,19.2485,30.5448
340,33.6888,21.5945,13.8669,30.2061,14.7500,17.2600,29.1633,17.3231,26.0058,24.3251,19.2112,31.1627
341,33.6276,21.3242,13.1548,29.8644,14.9848,17.6073,29.5057,17.5947,25.3499,25.0335,19.3636,32.0489
342,34.3511,25.2547,13.3566,30.0130,15.8325,17.4672,30.3844,15.8570,24.7623,23.9094,19.2450,32.6039
343,34.2648,25.4501,13.0928,30.2392,15.9290,17.9509,29.9931,22.0558,25.6044,24.6927,19.4342,32.5249
344,36.0122,21.0486,12.7369,31.1425,15.9563,17.5750,29.6040,17.3122,25.3624,25.0601,19.5374,32.3915
345,39.4455,20.6774,12.5170,31.0321,16.0238,17.5267,30.1338,21.2862,24.9106,24.2588,19.7226,31.7409
346,35.8787,20.7944,12.5451,31.5491,16.8387,17.5480,30.5783,16.3981,24.5059,24.1271,19.7037,30.4146
347,35.9087,23.9357,12.2541,31.3407,16.8049,17.3275,30.8292,20.9478,24.7266,23.8565,19.4444,30.4486
348,35.9962,24.3744,12.4002,31.6545,16.8286,18.1041,30.4826,15.9385,23.7930,22.9876,19.3238,31.1874
349,35.7993,22.8856,12.9067,31.5282,15.4558,18.2513,30.6909,16.0554,23.8436,23.3756,19.0495,32.5762
350,36.7003,23.6785,12.4003,31.3300,16.9793,17.7589,29.7577,20.1596,25.0884,23.6773,19.1903,32.2290
351,36.5097,23.4955,12.4823,31.7434,15.8035,18.7151,29.4476,19.1721,23.8093,24.3534,19.2577,33.1629
352,37.5585,23.6974,12.7798,31.6617,15.7607,17.8174,28.8244,19.4521,18.7364,23.8018,19.3658,32.1819
353,36.6417,22.7074,12.9043,32.0248,16.0674,17.3222,28.8809,18.9831,23.9493,23.3821,19.7162,32.8010
354,35.1529,22.7668,13.6151,32.2710,16.1209,17.4934,29.3583,18.6106,19.2230,24.4518,19.4740,32.1857
355,35.0346,22.5381,13.1412,32.2291,15.4935,17.7942,29.7945,14.6222,19.5617,24.1831,19.2662,32.1517
356,34.2914,23.0743,12.6739,31.8084,15.4926,18.1623,29.0729,14.7668,20.0380,25.7288,19.6110,31.2319
357,35.2558,23.6429,12.8481,31.1756,16.0037,18.0572,29.1072,18.6892,24.8561,24.6112,16.5635,31.0833
358,35.4768,23.2510,13.4521,30.7620,15.4569,18.3519,30.3830,14.1544,26.3627,24.2851,19.8694,31.6664
359,35.5855,23.1645,13.8807,31.2460,15.7707,18.0260,30.8475,18.2651,25.9615,24.7504,22.7312,32.1958
360,34.9329,23.2357,13.2623,30.4101,16.6098,17.8322,30.7734,17.8658,24.6276,24.6453,19.2565,32.4812
361,36.0779,23.0671,13.7478,29.7829,17.7000,17.4948,31.7284,18.5284,24.1729,24.2810,20.1238,31.6294
362,37.1850,22.3226,13.9021,30.5009,16.4028,17.0651,31.1583,18.6464,19.0676,24.4268,19.4759,32.6774
363,36.5913,22.8850,13.6639,30.2867,16.2474,17.2713,30.0415,13.2841,20.5838,24.5373,20.0970,32.9058
364,36.1781,23.1071,13.7169,29.8998,16.3895,17.1604,30.0332,17.9445,20.1311,24.1240,16.3359,29.8704
365,37.2948,21.8235,13.4438,28.8472,16.6467,17.6160,30.1120,18.2369,20.3985,24.1569,20.1211,29.5847
366,36.8002,21.7763,13.5259,28.4028,16.6064,16.4758,29.6051,13.7045,21.4161,24.2920,19.6718,29.4836
367,37.7280,22.5065,13.1230,28.9330,16.7674,16.7754,30.2221,18.4929,25.9547,23.2297,16.1104,32.2310
368,38.8952,22.2188,13.8689,28.0920,16.7871,18.3363,30.3256,13.1718,25.6287,23.2995,16.7923,32.5547
369,38.8518,22.0552,13.6262,28.1878,17.8937,21.4294,30.4191,18.5950,25.8837,23.7707,16.6511,31.5875
370,38.6738,22.8062,13.9329,28.3876,18.4841,18.8507,30.8341,18.5003,25.7991,23.9610,16.3170,31.9627
371,38.0847,21.7773,13.8264,28.8875,19.1417,18.9837,31.1793,19.0986,25.1196,23.6507,16.5106,32.5957
372,38.5450,22.2228,13.7981,28.9546,19.7514,19.4710,31.5647,19.1333,25.6752,23.7794,16.5985,32.5413
373,38.8526,22.4840,13.6495,29.3851,20.1776,18.7054,32.2178,15.5665,25.2468,24.5281,15.6481,32.8860
374,37.3979,20.3160,13.4550,29.9931,19.6766,19.1027,31.9619,15.2223,25.1549,23.8714,15.7230,32.2357
375,38.0143,22.3751,13.8522,29.2753,20.2891,19.5203,31.9823,15.4240,25.0551,23.8234,15.6909,30.2675
376,38.0161,22.8831,12.8823,28.6875,19.4910,19.5041,31.3443,14.9934,25.9455,23.0443,16.3288,33.7590
377,36.6744,22.3567,12.5866,27.8770,19.5981,24.1029,31.7305,13.8754,18.5573,24.3224,16.2273,33.5430
378,37.2866,21.1103,12.1734,27.5336,21.1926,20.1893,32.0702,14.3105,18.6593,23.3027,16.6162,31.2557
379,36.0824,21.0452,12.6949,26.4560,22.2486,20.3448,32.2518,13.5736,18.4411,23.8106,16.0463,32.5792
380,37.3249,22.3482,12.4137,25.5530,22.7230,20.0731,28.6478,13.7665,18.6052,23.3759,15.7599,30.7102
381,37.9018,23.1774,12.8186,25.3202,23.1422,20.3462,25.1174,13.9025,18.9041,23.5282,16.1442,32.2465
382,38.2457,23.3693,11.9959,25.2291,23.2749,20.4704,27.1721,14.1734,18.5844,23.1793,16.2492,30.3458
383,38.1042,23.0137,12.0019,25.3133,19.9590,19.4840,26.7308,13.3045,18.4610,23.3454,15.6695,29.4927
384,37.9451,23.0673,11.6960,24.8608,22.0419,19.3272,27.2975,13.2191,18.1964,23.3938,15.3834,30.3413
385,39.8525,23.4177,11.7265,24.5481,22.5255,19.3215,27.2758,12.8578,18.3500,23.2847,15.5850,31.2882
386,39.0001,24.3171,11.5394,23.7816,22.8048,20.8269,27.2450,18.1612,16.9126,23.0793,16.2031,31.8383
387,40.4206,25.4887,11.6240,23.8568,22.1673,21.0016,28.1371,18.0041,17.7182,23.0335,16.7619,29.5271
388,41.3705,25.0219,11.3500,23.0663,18.7840,20.9870,28.2327,17.8314,17.5266,22.9048,16.6003,29.5285
389,42.2073,25.3638,11.8841,22.2282,18.9273,21.1160,28.2042,17.2995,17.7061,23.3513,16.3504,28.1820
390,41.7947,25.2461,17.2525,22.8175,19.9290,21.7137,28.6027,17.6808,18.0979,22.6226,15.8947,28.8283
391,41.0039,25.6960,17.0809,23.6532,20.0726,21.6694,28.1168,17.9286,17.9545,23.3314,16.1316,27.5819
392,41.0742,26.3938,17.0483,22.8821,20.2783,21.0304,27.7921,17.4594,17.7901,22.6317,16.4932,29.0123
393,42.0365,26.4673,16.9164,24.0204,18.9579,20.5345,27.5451,17.6706,17.5005,23.1268,16.9643,30.5216
394,41.1996,26.1070,16.3088,23.8582,20.7028,20.9223,27.3247,17.3449,17.5594,23.6808,17.2282,30.1986
395,42.3295,26.1914,16.8337,23.0094,21.1783,20.6079,28.2629,17.1862,17.2144,23.0384,17.0610,31.3021
396,39.8313,25.8162,16.9685,22.1540,21.5954,21.0155,27.6538,17.3148,17.2039,23.5210,16.8616,31.3506
397,40.5147,26.3663,17.1167,23.0510,22.3329,21.4574,27.1416,17.5499,17.3600,23.2629,17.1022,32.3591
398,39.0844,25.8843,16.8449,28.3660,23.3241,20.6294,23.6013,17.5844,17.1638,22.7992,17.4311,32.1316
399,40.0212,26.0858,16.6723,23.8096,23.6201,20.8325,26.0129,17.9729,16.9538,23.3515,18.0514,29.7857
400,40.0015,24.1821,16.9911,23.5628,22.3145,20.2988,22.0154,17.9494,16.7696,22.3867,17.3828,30.0849
401,38.8354,24.2874,16.6439,23.9212,22.1378,20.4648,24.7030,19.1096,17.8973,21.6713,18.2175,30.2636
402,39.4537,25.0019,16.4440,28.8453,24.4885,20.5862,24.6372,18.0308,18.0094,22.1234,18.1745,30.0763
403,38.7309,24.7521,16.4939,28.7157,24.7126,20.3490,24.9053,17.6568,18.1620,21.8063,19.2825,31.3252
404,38.9195,25.3307,16.4064,28.6943,24.4153,20.4456,21.3107,17.8742,17.4623,21.4688,19.1119,31.7409
405,38.0618,25.1184,17.1980,28.5944,23.9389,20.4418,20.0717,18.0694,17.6183,21.7483,19.8171,31.6858
406,37.8836,25.9313,17.0482,28.9876,24.5679,20.5401,21.0187,18.3322,17.3399,22.0900,19.9078,32.0152
407,39.3424,21.5133,17.0285,29.3692,24.4804,20.4072,25.0735,18.5389,17.2997,22.3087,19.9235,31.0494
408,40.3665,24.2788,16.9378,29.8799,24.6304,20.6068,21.3990,18.0617,16.8530,22.6051,20.4944,29.3452
409,40.1852,23.6679,16.6983,29.6459,25.3338,21.3988,25.2262,18.5433,18.1078,23.4777,20.3800,30.9584
410,40.0554,24.4949,16.9321,28.8120,25.8249,21.0898,24.3326,18.6653,17.7751,21.7468,20.3481,30.6001
411,40.9944,23.1938,17.3935,28.6042,25.7931,21.4748,24.2964,18.8009,17.8733,22.2393,21.1365,30.6334
412,40.2100,24.1780,17.2492,27.7119,25.2487,21.0420,24.6120,19.5370,17.1727,22.4653,21.7325,30.9964
413,40.4691,23.6762,17.6809,28.0795,25.3508,20.7625,23.8341,20.3138,17.0372,22.6642,21.3555,31.4746
414,40.6295,21.0287,16.8645,27.7287,24.5938,21.2668,24.2350,19.6801,16.9385,22.5194,21.5157,28.5090
415,41.2527,19.7333,16.8578,27.1897,23.4645,21.2548,24.3409,20.7844,17.2784,22.6839,20.5568,28.8204
416,40.3227,18.6495,16.8118,27.4805,23.6107,20.2497,21.0113,20.4928,17.1612,21.6099,20.7202,28.6314
417,40.1366,19.6580,17.1371,27.3173,23.2369,20.5354,20.9348,19.6432,17.2650,22.7777,20.8210,29.2221
418,40.7722,18.7047,17.0797,27.6502,22.2974,21.1170,20.4765,20.4387,17.2759,22.6907,20.2120,30.3587
419,40.0292,19.3640,17.0996,27.7579,23.2387,21.7775,20.0722,20.6506,17.3137,22.9244,19.6428,30.1168
420,38.8842,19.7757,17.1469,29.3994,22.7823,22.1170,23.3549,20.5742,17.1917,23.2821,20.2608,30.0092
421,38.5799,19.7666,17.2378,29.2637,23.3595,21.3035,23.2997,20.3861,17.9343,23.8107,20.6239,29.7973
422,39.5358,19.7453,17.0904,28.4146,22.9003,21.2992,23.6885,20.2976,17.2254,23.8015,19.7370,31.4711
423,39.2322,20.1739,16.9389,27.5978,23.0744,21.8513,23.6723,20.2817,17.0762,24.7802,19.5033,30.4360
424,38.8987,20.0227,17.0936,28.0913,23.3785,22.2534,24.1771,21.1067,17.5394,25.8004,19.3497,30.8256
425,39.3237,20.1069,16.7324,27.3466,23.4812,21.7299,20.2211,21.1294,17.3508,25.5831,19.1169,31.7542
426,39.1129,20.0998,16.9428,27.8523,23.9942,21.0185,24.6805,20.9603,18.2336,25.2221,18.6904,32.6766
427,38.5252,19.1784,17.1466,27.6480,23.9761,22.1419,24.5913,20.3282,18.4490,25.5853,19.1823,32.6285
428,38.8186,19.6821,17.3973,27.7506,23.4159,21.6385,24.8063,21.0484,19.4202,27.6307,20.3665,32.1788
429,37.9568,18.7757,17.6147,27.7596,23.1674,20.8672,24.6199,19.8829,19.3847,26.5707,19.8392,32.8283
430,38.6892,18.7244,17.4112,28.8639,22.3981,22.3409,24.6704,20.4005,20.0165,25.9216,19.8893,32.0388
431,37.8597,18.5859,17.7269,28.2397,22.9929,21.8066,24.3311,20.0603,20.9036,26.2341,20.1757,32.6291
432,37.8080,19.3006,17.2912,27.6598,23.6164,22.3409,20.9072,20.8148,20.6972,26.1651,20.2417,32.2176
433,36.8259,19.3419,17.5651,27.4158,23.7388,22.1505,20.3810,20.5120,20.5609,26.0212,19.6541,31.8482
434,37.4811,19.6487,17.4711,27.0018,23.2718,21.0896,20.7837,20.0171,19.8675,25.7578,20.6503,31.9773
435,37.0400,19.7022,17.6640,27.0053,24.3689,21.8158,20.9717,19.7660,19.0002,24.6895,20.8506,32.4281
436,36.5425,19.4309,18.0809,27.3359,23.2724,20.4644,20.9484,20.1541,18.8686,24.8436,20.4433,33.4911
437,35.5591,19.4824,13.0759,27.4124,23.0615,20.3807,21.3463,19.9713,18.9212,25.1160,20.0466,34.1954
438,36.0917,19.0997,17.9395,27.4066,23.6806,21.2994,21.4839,20.0613,19.7296,25.4520,20.1363,33.2420
439,36.0129,22.8187,17.8091,28.0049,24.7523,20.7442,24.9062,20.0881,19.3791,25.0300,20.3516,32.9528
440,35.0983,23.7435,18.0269,28.0782,25.1366,21.2379,25.3119,20.2054,20.2444,26.3632,21.0206,33.6760
441,36.5936,23.8928,17.8299,26.8270,25.4164,20.8859,25.5185,20.7562,19.4283,25.5398,21.4451,33.0800
442,36.5045,23.9558,17.7387,26.0303,25.2136,21.2778,25.3186,21.6091,19.3300,25.7539,22.1572,30.1228
443,36.0068,24.2799,17.5420,26.2347,25.6069,20.4058,25.6533,20.8939,19.1459,25.5268,21.9408,33.0835
444,36.4351,24.3241,17.2342,26.2874,24.8585,20.6636,26.5918,21.2366,19.1977,25.2035,21.9411,33.6357
445,36.7864,23.9493,16.5795,25.8669,25.0457,20.3674,26.5314,21.2769,18.1815,25.0010,21.8238,33.4512
446,36.6558,24.0829,17.0889,25.2922,24.9751,20.6621,26.4617,20.5938,18.5339,24.5750,21.7425,34.4096
447,36.5816,22.8899,16.9581,24.7633,24.8820,20.2766,26.7495,20.0897,18.3015,24.4036,21.5844,34.6021
448,35.9963,21.9339,17.8036,25.3812,25.2309,19.8383,26.7358,20.4811,18.1566,25.0708,22.3461,33.6588
449,36.2167,21.7669,17.7659,24.6201,23.7861,20.4017,27.4736,20.6961,18.3138,24.4373,21.9272,34.7632
450,36.1954,22.2925,17.4709,25.0234,23.5974,20.0901,26.4832,20.9846,17.7009,24.3553,21.8051,34.2546
451,36.6695,22.0066,17.1909,25.0924,23.6342,20.5929,27.1785,21.3403,17.6678,24.3971,20.9426,33.4251
452,36.0075,22.8408,17.2780,25.2598,24.4037,20.6690,27.0797,21.3217,17.2348,24.1944,20.8872,33.7793
453,35.7328,22.3780,16.8794,25.3792,25.0375,19.7788,26.7700,21.6655,16.5365,23.9011,20.5407,33.8310
454,35.1325,22.6428,16.8270,26.1099,24.5209,20.1928,26.8340,20.9746,15.8780,28.2314,20.9361,34.5906
455,35.4316,23.1203,16.8361,25.9428,25.5593,20.0975,27.1286,20.7547,16.5922,28.7865,20.8312,34.6698
456,35.0702,22.6576,16.9331,25.9902,25.6432,20.0308,27.7456,21.2980,17.3325,27.4102,21.6099,34.3614
457,34.6633,23.7120,16.7375,26.2154,24.9037,20.4827,28.3762,20.4752,17.2073,23.0111,21.7447,34.0256
458,34.0139,23.4627,16.8590,27.3733,26.0169,20.4010,27.9887,20.1723,17.4671,26.1879,21.2826,33.4738
459,35.7210,23.5923,17.1733,26.9131,25.4776,19.3927,27.4098,19.4560,17.2008,26.0870,22.0973,32.2923
460,34.7810,23.8960,11.9353,26.6746,25.6898,19.6914,27.8369,19.3629,17.4865,25.7320,21.4436,33.0188
461,34.1677,23.1068,12.2842,26.9849,25.3374,19.5127,26.5451,19.6540,17.4349,25.3970,21.8965,32.4483
462,34.8570,22.1535,17.1551,27.6421,25.2251,18.8213,26.9155,18.7137,17.0225,23.8063,22.5527,32.5175
463,34.6211,16.6005,12.2209,26.6267,25.4153,19.0096,26.6414,19.0529,16.9425,24.7524,22.7712,33.2890
464,35.6095,16.7965,17.2448,26.5351,25.6244,18.7391,25.6719,19.3322,16.6552,20.3759,22.6622,34.0782
465,35.3214,17.1092,12.4209,26.7276,20.7242,18.1989,26.0547,19.8977,16.9786,20.8027,22.0672,34.1117
466,35.5490,16.6294,12.6631,28.1725,25.3103,18.1937,26.4805,20.2102,18.1346,20.1444,22.4425,33.4632
467,35.4972,16.5625,12.7701,27.1048,24.9266,18.9844,25.6830,20.0460,17.8993,20.2373,22.0754,33.7293
468,35.9889,16.3605,12.6495,28.3347,25.0735,18.6592,25.6374,20.5953,18.3392,20.8467,21.1863,33.2810
469,36.5590,16.5986,12.5673,28.0360,25.4988,18.5709,25.6062,21.4131,17.9316,21.4715,20.9128,33.7909
470,36.3988,17.5188,13.4584,27.3111,26.2186,18.3239,25.6043,21.1066,17.9181,21.2168,20.4345,33.9071
471,35.4219,17.3746,13.1381,25.5583,26.1804,17.9278,25.8987,21.1162,16.9562,21.0390,21.3081,33.9750
472,34.7085,17.7446,12.6875,26.0715,26.8530,19.2159,26.1966,20.8345,17.8908,20.9842,20.9492,34.9380
473,34.6222,16.9784,12.9837,26.7374,27.3750,19.4158,26.4711,20.5388,18.1781,21.2931,20.8975,35.0478
474,34.2182,16.5338,13.4241,25.0638,27.0239,20.2653,26.9208,20.1101,18.2562,20.2928,20.5243,36.6249
475,34.1783,17.0600,13.4534,24.9808,23.9429,20.1263,26.7736,20.3958,18.4233,20.9049,20.5721,36.5799
476,33.9488,17.4264,13.4137,24.3374,23.4896,20.1958,26.8977,21.2502,18.1728,21.8441,21.7755,36.2708
477,34.1939,16.1318,13.0320,24.9419,23.6388,19.9345,26.5857,21.0350,17.5019,20.8368,21.6890,36.7343
478,34.2335,16.0647,12.8143,25.3214,23.5891,20.6248,26.7938,20.9966,17.6316,21.5896,22.2422,37.2075
479,34.0171,16.6253,13.2248,26.0003,23.2851,20.1475,28.8539,21.1073,16.9528,21.8657,22.2225,37.2803
480,34.6495,17.1296,13.7753,25.1244,22.2955,19.3323,29.6182,21.6712,17.3940,21.1704,20.3013,35.9593
481,34.2726,17.0855,14.4001,25.4390,22.0916,20.2003,27.7586,21.5226,17.4891,21.7447,20.6552,36.8177
482,33.9183,18.2156,14.5267,24.5916,22.5977,20.2426,27.5308,21.9995,17.4936,21.8932,20.3674,35.8210
483,34.0115,18.0225,13.6086,24.0487,22.9440,20.3563,27.5629,22.9286,18.2312,21.9002,20.3309,36.2613
484,34.1022,18.2850,13.5152,25.1788,23.0868,20.5793,27.0873,22.4410,18.7644,21.6388,20.2392,35.8192
485,32.9723,17.9304,13.7458,24.1316,23.4474,20.4121,27.1719,22.7600,17.8512,21.2747,20.4724,35.7338
486,32.4682,17.7779,13.6881,24.5795,22.5146,21.1281,26.9048,22.6261,17.3489,21.7375,19.9078,35.8883
487,33.5548,17.4036,13.4742,27.4603,21.1927,21.3430,26.8729,22.1033,17.7523,21.5101,19.6003,35.1806
488,32.7173,18.3466,13.1674,26.4379,20.0873,20.8131,26.8667,21.5943,17.7447,22.5785,19.8977,35.2334
489,33.8815,17.7477,12.9735,27.4251,20.3309,21.4890,26.5264,21.7804,17.7714,21.9950,19.8409,36.2825
490,32.6998,17.5356,13.7854,27.3985,19.7303,20.9584,26.7901,21.0583,18.1653,22.2582,20.3182,36.6423
491,33.0186,16.6232,13.6309,27.8614,19.2468,20.8770,26.0292,21.0405,17.3262,25.6286,21.3135,36.4636
492,33.3558,16.8811,13.9121,25.7079,20.0697,19.8486,26.2989,20.3744,16.7236,24.4064,21.9348,36.7876
493,33.2816,17.4309,13.7709,22.9664,20.1815,19.8394,26.8524,20.3065,17.0862,20.9132,22.0954,36.5922
494,34.2044,16.4813,14.0165,25.7645,20.4589,19.4772,27.1526,20.4706,17.0011,25.5232,22.6176,36.5792
495,34.0095,16.0217,14.2240,25.8704,21.9815,19.7485,27.0597,20.2979,17.8773,22.1119,22.2928,35.6947
496,33.8856,16.4530,14.4984,25.6617,26.6501,20.2940,26.6788,20.8589,17.3745,23.3285,22.4042,35.7194
497,34.3519,15.6785,15.0261,26.1207,25.7160,19.7682,26.1894,21.0277,17.2013,22.9713,21.9712,35.8524
498,33.2711,16.0927,14.8476,26.5030,25.6994,20.5519,25.9664,20.9079,18.1868,23.3150,21.7612,35.8019
499,32.5223,16.6719,14.7639,26.2862,26.6492,19.9026,24.9393,20.8459,18.5048,23.6123,22.3958,35.8304
500,33.0756,16.9073,14.7184,25.6206,27.2333,19.9679,25.2766,21.1744,17.9422,23.5029,22.6204,34.9885
501,32.4390,16.9165,14.7251,26.5052,22.1845,20.1353,24.9874,22.0635,18.8659,22.2411,22.7654,35.0520
502,32.5252,16.2721,14.9215,27.3895,25.5823,20.6649,25.6009,21.8882,17.9413,22.8168,23.4765,33.5925
503,33.1774,16.2227,14.7200,27.7434,25.7324,20.4970,26.3315,21.2773,17.5014,23.6991,23.8980,34.1447
504,32.1028,17.4165,14.7313,28.6437,22.3806,19.8324,26.5445,21.0092,18.3676,23.9326,23.9671,34.2280
505,31.2852,18.0274,15.0421,29.3033,22.2890,17.2229,26.1101,21.4173,18.6302,23.5940,24.2871,29.9851
506,31.4087,17.5210,14.6091,29.6100,21.1127,20.2939,25.7163,21.4801,17.5594,23.7515,23.8760,31.0108
507,32.3573,17.0183,15.4770,28.6889,22.5707,20.3287,24.8441,20.9777,18.2230,23.9652,24.4835,31.8978
508,32.7864,16.5797,15.0745,29.4976,21.9392,20.7116,25.4958,21.0031,17.7781,22.4898,25.2329,31.9400
509,32.5252,17.3118,15.7203,29.7749,21.7004,22.3096,26.3724,20.6427,17.1929,23.4168,24.6490,32.0589
510,32.7848,17.8123,16.2729,30.3987,21.1917,22.4592,25.6908,21.1723,17.6282,22.6559,25.4565,31.8242
511,31.7103,17.2699,15.5971,30.4889,19.6864,22.4871,25.1411,21.2152,17.5099,22.3363,25.2662,31.3952
512,31.9413,17.5772,14.7994,30.4860,24.6489,22.9192,25.5424,21.5024,17.8536,21.2073,25.5044,31.8803
513,31.2038,17.8360,14.9558,28.5562,20.1239,22.7831,25.3070,21.4446,17.5266,21.2080,24.7263,30.4665
514,31.7683,17.4960,14.9725,28.5784,21.4766,21.6416,33.6812,21.0704,17.4325,21.2877,26.6490,30.4759
515,31.4636,17.2234,15.6999,27.6209,21.4935,21.1132,33.5997,22.1450,18.5002,22.6446,25.8368,29.9150
516,31.6418,17.2359,14.3623,26.9999,20.8752,21.0534,32.6344,22.2900,19.2107,22.5154,23.7061,30.1660
517,31.9313,17.0645,14.4085,27.4929,20.0737,21.2432,32.3551,21.7799,18.4645,21.6406,25.9749,30.5885
518,32.2004,17.6408,14.4823,28.1570,21.3422,20.3497,32.1223,22.7083,19.3265,21.3274,23.9521,30.4584
519,31.7041,17.3093,14.3172,28.2132,22.5973,20.1621,31.6186,22.1834,19.3420,21.0639,25.4135,30.3375
520,31.9721,17.5853,13.7094,27.9574,22.1965,20.4259,32.0308,22.2296,18.9614,20.1619,23.6581,29.9860
521,32.1268,16.9518,14.3101,28.1057,22.8568,20.1050,31.9398,20.6829,20.4502,20.8785,24.0784,29.9769
522,32.9293,17.7787,14.1167,31.0139,21.6436,20.9154,30.8022,17.1659,19.9339,20.9084,22.7904,29.4454
523,33.2543,18.2445,13.9065,27.9288,20.9024,20.9337,31.6875,17.8402,19.6502,20.7409,23.4863,28.3294
524,33.3246,19.1810,18.3986,28.0256,20.7884,19.8681,32.4291,18.4529,20.4776,21.0778,23.6019,28.8603
525,33.3277,19.5996,13.6377,30.7535,22.2329,20.8562,32.0214,17.8641,20.1609,20.5941,22.6181,28.5066
526,33.4309,19.5260,13.1603,31.1787,21.9750,21.2038,31.6748,18.6077,19.9391,20.5587,22.8430,29.5387
527,32.9274,19.3269,13.1199,32.8309,21.0148,21.8302,32.5372,18.3825,21.4213,21.5283,22.1829,29.0366
528,32.2379,19.0049,13.2995,29.2245,21.2342,21.4675,32.1334,18.2982,21.2939,21.5298,21.4311,29.0601
529,32.1395,19.1126,13.2077,29.1590,21.1154,21.7078,31.4651,18.2176,22.0072,24.9821,20.6434,28.8703
530,32.7467,18.9390,14.1850,28.9888,20.7750,22.2146,31.6844,17.8904,21.6585,21.2776,21.0799,29.4713
531,32.4900,19.4175,13.2116,28.3483,21.1059,21.7887,31.6635,18.4499,22.6965,20.6757,21.4509,30.4494
532,32.8354,20.0404,13.8411,28.0441,19.7997,21.3817,31.7672,18.2381,23.5477,20.7879,21.9622,29.5657
533,33.4380,20.4372,13.1068,27.9975,19.6995,21.5556,32.1430,17.6891,21.5580,20.2520,22.3856,28.6647
534,32.8727,21.5275,14.1463,27.4711,20.1854,22.4153,33.5125,18.2743,22.1715,23.6267,22.4641,27.8728
535,32.0187,21.7937,14.3758,27.0139,21.4539,22.9436,31.2285,18.6896,23.1715,24.1591,21.7509,31.0116
536,32.2104,22.5483,13.8890,27.6103,21.2869,22.4513,30.2357,19.4037,23.3078,23.1860,23.3679,30.7673
537,31.1048,23.2274,13.7103,27.9215,20.1851,22.9955,30.6229,19.0575,24.1488,23.2693,22.9596,26.8717
538,31.7575,21.7282,18.2971,27.6540,19.6070,22.7561,31.4127,18.3476,25.0015,23.9608,22.3917,26.9421
539,31.9913,23.4823,14.1626,27.6263,19.0371,22.0004,31.2801,18.1070,23.7915,24.1400,22.0430,27.4451
540,31.8171,22.4469,13.9634,28.2739,19.3380,22.0490,32.8577,18.1389,23.9895,23.1345,21.4247,27.4864
541,31.0345,23.9631,13.4264,27.9242,19.4333,22.6676,31.8663,17.8542,23.2485,21.9070,21.1037,27.1642
542,31.5165,24.0813,13.5759,27.1876,20.2734,22.2372,31.7243,18.1410,23.9316,21.9038,21.3220,31.4697
543,32.7652,24.6969,12.8145,27.6269,20.2132,22.4631,32.2747,17.5087,23.3835,22.3058,20.9622,30.9661
544,32.2973,25.3484,13.1655,28.1483,21.6708,23.3767,33.8755,17.9076,23.6752,22.4355,20.5728,31.6302
545,32.1858,25.2190,12.5993,28.9855,22.0074,23.5973,33.8608,18.0102,22.9744,22.4256,21.1167,31.0150
546,33.2140,26.3735,12.9537,28.3587,22.3409,23.6130,34.1034,18.2904,23.4623,22.8821,19.8689,27.5627
547,33.3958,26.1099,13.1356,29.0606,22.0486,23.5936,33.1558,18.1984,22.2424,23.3739,19.9006,28.0543
548,33.2755,26.0382,13.1895,28.5220,22.6345,23.7854,32.3358,17.6715,22.4257,23.3425,20.3175,24.9796
549,32.3664,26.7930,13.0943,28.3619,21.4409,23.5830,31.4040,17.6920,21.9475,22.5386,19.8317,25.1103
550,32.6973,26.4420,13.6766,28.2288,25.0646,23.2886,30.8327,17.2802,36.0214,23.2522,19.9946,25.3950
551,33.0753,26.1882,13.2416,27.4960,25.4015,23.3731,31.4071,17.9188,34.7204,22.2630,20.5467,25.2041
552,32.5719,26.4574,13.9165,26.7559,26.4234,24.1716,30.8971,17.9301,35.5954,21.1174,20.8919,24.9746
553,31.6844,26.6803,13.2090,26.4557,27.4350,23.9749,32.1464,17.3168,34.8916,21.3647,20.9237,25.9844
554,31.6873,27.4169,12.9652,26.3256,26.6089,23.9953,32.1801,17.6451,33.9356,21.0868,20.9892,26.7435
555,32.7556,26.6048,12.7982,26.5546,26.7423,24.2849,32.0784,17.1115,33.8866,20.6141,20.5162,25.9854
556,31.5973,26.0100,12.7691,26.7645,27.3732,23.8709,31.5798,16.9131,34.1815,21.3547,20.1252,26.2318
557,29.8421,25.1847,12.8291,28.5292,26.7908,23.7532,30.9744,17.6790,35.3988,20.1033,20.5666,25.9274
558,30.9350,25.6209,17.6966,26.4520,27.2632,23.8814,31.4345,17.4648,35.6275,19.4650,19.7413,26.2795
559,31.3208,26.3768,13.1166,28.1569,27.3488,25.1344,31.8332,16.8799,36.2756,18.9366,19.8826,26.0395
560,30.5169,26.0034,13.5423,26.8454,26.8123,25.5266,31.6357,16.8097,34.7622,19.4857,20.0285,26.0881
561,29.4881,26.0499,18.7011,27.2679,26.8701,25.0977,31.9962,16.7903,33.5086,18.9875,19.3959,27.2092
562,29.5957,25.8021,17.5400,27.5941,27.7961,24.7439,30.2574,16.8830,31.9341,19.3619,20.0671,27.2800
563,29.7617,24.5546,17.4781,27.4440,26.9941,25.4002,29.5023,16.9932,32.0397,20.4204,20.1861,26.3097
564,30.6713,24.4390,18.2168,26.9553,27.6528,24.2677,30.6827,16.5841,32.3469,21.5586,19.3593,26.2415
565,30.5191,24.7388,18.0354,27.4897,29.2011,23.9984,29.8675,17.1335,34.4499,20.9044,19.9611,27.2066
566,29.3890,24.9937,17.8208,27.2048,29.2799,24.1026,29.5131,16.2124,34.8479,20.9164,19.5083,27.4164
567,29.5459,25.2420,17.3180,27.0453,30.1045,24.8434,28.2995,16.4212,34.7683,21.0312,19.4448,28.1591
568,27.9732,25.1310,17.5020,27.0177,30.2340,25.0154,26.8539,16.4084,34.1387,20.9899,20.0187,29.8933
569,28.0837,25.7454,17.3858,27.7196,29.5614,25.6196,26.8060,15.7623,34.5693,20.3296,19.5228,30.4320
570,28.4683,26.8696,17.1885,27.8167,30.2337,24.8595,26.6750,16.3724,33.9527,19.9597,20.4492,29.5947
571,28.9149,27.2861,17.5822,27.4774,29.6774,24.5252,26.9844,16.1639,31.2842,20.0908,20.9107,30.3188
572,28.0942,26.3325,17.6876,23.0853,29.1037,25.6092,26.5520,17.3049,33.1628,20.0202,20.9366,27.1938
573,28.2352,25.5079,17.2278,26.4729,29.8988,25.4670,26.3516,17.3338,30.5367,19.6048,20.9845,27.4146
574,27.4916,25.0072,17.1074,22.9434,30.1401,25.2034,23.0165,17.3532,32.4444,19.1607,21.0936,27.3741
575,28.5758,25.3191,16.8167,26.1347,30.1961,23.2998,26.7275,17.0207,29.9783,18.3916,20.0674,28.1929
576,29.3074,24.7533,17.5875,23.8338,30.6220,23.3105,24.1222,17.2552,29.1524,19.2126,20.5142,30.3957
577,30.0230,25.4680,17.1011,24.1396,29.8496,26.2573,23.6154,16.8916,29.2911,20.1732,20.6299,28.3292
578,30.5344,25.5352,17.5957,24.4005,30.8179,26.9633,23.8369,16.9833,29.4283,20.4264,21.1080,31.0120
579,30.2084,25.4209,17.6147,24.8069,30.7851,26.6283,23.9117,16.7812,28.6501,19.9589,21.0786,31.0359
580,30.9849,25.4838,17.4387,20.3375,30.9569,23.4866,22.6957,16.8073,29.7895,19.3615,20.6526,31.4332
581,30.1286,23.6854,17.4632,25.0158,30.2350,23.8994,22.8932,16.8073,28.5439,18.9043,20.9047,30.9758
582,30.1724,24.1848,17.7910,27.5037,30.7575,23.0076,22.6949,16.9534,23.6587,18.4717,20.5050,30.6803
583,30.6220,25.2363,17.9464,19.4663,31.7878,23.4336,23.2030,17.3775,23.4299,17.8195,19.9347,30.6267
584,28.8595,24.7822,17.8185,19.0076,31.1138,23.1550,22.8379,16.9388,23.7135,18.2354,19.7428,33.4775
585,28.0196,24.9722,17.3620,20.8858,29.9210,22.7920,23.5949,17.0788,23.6370,17.6629,19.5199,31.8228
586,28.0870,25.3716,17.7434,24.6628,30.4680,23.1018,24.6580,17.1729,23.0644,18.7963,20.1372,34.4933
587,29.3964,24.5330,17.6985,24.3040,30.8031,25.5322,23.0442,16.9748,24.1434,18.8396,20.6520,34.1550
588,27.9441,25.6657,17.8581,24.5975,30.1924,25.6438,25.1704,16.5547,24.1872,18.8022,20.9969,33.1611
589,28.9516,27.3021,17.7163,17.4791,30.3485,26.0050,23.7046,16.5463,24.3412,18.8597,20.3622,33.0792
590,29.1356,26.2886,18.0429,19.3183,29.3808,25.9122,24.1408,16.7101,25.0142,18.8227,19.8988,33.2436
591,29.2080,26.1882,18.1826,18.3049,28.9907,25.7145,23.9196,16.4101,26.9597,19.0091,19.2474,33.1895
592,29.7626,27.4545,17.7710,18.7216,29.6148,25.4576,23.5085,16.9908,25.5854,19.4104,18.9451,33.5237
593,28.6846,26.4970,17.6202,18.3189,29.1702,26.2881,23.3361,20.7396,26.4416,19.1590,19.0193,34.5627
594,27.7552,25.2681,17.1169,18.8991,29.5439,25.5419,25.1008,20.8981,25.6981,18.5001,19.2402,34.8486
595,27.1153,25.2242,17.3760,17.9730,28.0008,22.5198,24.0687,20.4474,24.5847,18.7181,19.1441,35.4514
596,27.3429,25.6061,17.6505,18.2096,29.7901,25.9150,24.6242,20.2665,26.4212,18.7558,18.9222,35.2507
597,27.2458,25.7572,17.1623,19.0839,30.4768,24.8998,25.4060,15.8528,26.6110,18.1335,18.3901,34.4663
598,27.8144,25.6919,17.5134,19.3114,30.6148,25.5677,27.1580,15.7115,26.3647,18.5887,17.7626,34.4077
599,29.2013,26.4556,17.9690,19.5927,29.5957,25.4592,26.9995,15.7634,27.6862,19.3729,17.8127,35.3757
600,25.5829,25.7538,17.5407,19.4679,29.4195,25.7450,26.7611,16.1342,29.0695,19.2478,18.2333,35.8539
601,24.2625,25.4700,17.0343,20.0748,28.3725,23.8468,28.0112,20.7671,29.1514,20.1466,17.9431,35.0576
602,24.8032,25.2778,17.2994,20.2012,28.5096,25.1095,25.9069,15.6246,28.7858,20.0932,18.6091,31.2798
603,23.7542,25.6825,17.2946,20.6297,28.1714,25.7959,26.3858,15.8067,29.1889,19.6344,18.7324,34.7109
604,22.5229,25.3277,17.4863,21.3897,28.1659,20.6711,25.9466,20.6972,27.9272,19.8108,18.7532,31.7681
605,23.8436,24.7905,17.4210,21.4790,27.5404,24.6778,30.0223,20.6662,28.9431,19.2976,18.0477,32.1797
606,23.8256,25.1643,17.2443,21.2118,28.5084,24.7621,30.5355,20.1741,28.1364,19.3934,18.0145,32.8760
607,24.7072,25.8362,17.6954,22.2838,27.5962,24.9239,30.4090,19.8522,27.8720,19.2016,18.6006,35.9447
608,25.1307,24.9417,17.0795,21.7860,28.0723,26.1898,27.1812,20.1806,28.4894,19.1035,18.8814,36.6293
609,24.0312,26.0461,17.3254,22.0233,26.9771,26.6424,27.0454,19.9569,28.9713,19.0023,18.3643,36.4579
610,25.2032,25.6642,17.4637,20.4894,28.4175,26.1667,26.6989,15.1831,28.7886,19.0714,18.3846,36.2405
611,25.6835,25.1927,17.6500,20.2174,29.1053,26.0933,26.1681,14.8619,29.0802,19.4555,18.6542,33.6759
612,25.4043,25.7996,16.7884,22.0153,28.8808,25.2976,30.3587,14.5497,30.2039,18.9753,18.1802,32.4468
613,24.5094,26.9168,17.4113,26.1791,27.8603,25.5905,26.2869,14.5109,29.4322,17.5540,19.1386,33.6359
614,24.1530,26.5388,17.5422,26.0419,28.7821,25.7217,26.3963,15.3053,29.3460,17.8023,19.4389,32.1716
615,23.9208,26.1289,17.0737,24.9418,29.5564,26.0528,30.2867,15.1847,29.8286,18.6912,19.2204,31.7010
616,25.5956,26.2476,17.0429,24.5412,33.1577,26.2656,30.7641,15.1116,30.4917,20.1597,19.5408,29.3904
617,25.2796,24.9801,17.5729,25.6824,33.4096,25.5448,30.7085,14.5885,30.0304,20.3337,20.0025,28.5725
618,26.3805,25.7376,17.2812,25.8657,34.2748,25.7815,31.4024,15.1621,29.4034,19.6503,20.2685,31.9681
619,25.8586,25.8470,17.2678,26.4291,34.4765,26.2825,32.1833,14.7794,28.2860,19.1416,20.1390,29.0251
620,26.7013,26.0571,17.5244,26.4562,34.2910,24.9070,27.5944,20.2714,29.2539,19.4743,19.7339,29.7923
621,25.7171,24.8560,17.4224,26.2137,33.9359,25.0036,27.3027,14.7011,28.8974,19.5194,19.8029,32.0677
622,25.2253,25.1927,17.5082,25.5527,33.7394,24.4671,27.2368,15.1036,28.8020,19.6199,19.2138,29.6254
623,25.2673,24.6276,17.1291,30.8678,32.4560,25.7177,27.1976,14.6120,28.4855,19.3011,19.6673,29.2906
624,24.6975,25.5105,16.8422,29.6214,33.4188,25.5666,27.1379,19.2339,28.6337,18.6022,19.9978,31.8009
625,24.5512,26.0263,17.2778,30.3916,30.5345,25.2235,26.7013,19.6719,28.8416,18.5713,20.2996,31.9783
626,25.3362,27.5218,16.6955,29.6443,31.9966,25.3692,26.6338,19.0288,29.3536,18.0492,20.0286,33.2255
627,24.0540,27.6442,17.4075,29.3551,34.4638,25.0968,27.2128,19.6733,28.8468,17.5943,20.3786,32.6739
628,25.0790,29.1071,16.6308,28.9640,34.5074,24.9775,27.3461,19.6331,28.7619,18.0952,19.3171,33.3578
629,24.9138,29.1772,17.1243,29.2191,33.9046,25.3255,27.8804,20.3964,29.8265,18.8323,19.9178,33.2742
630,25.1601,28.5668,17.4038,27.4144,31.6423,26.2569,27.0822,15.0772,31.1667,17.9571,19.5517,33.8189
631,25.5261,28.0433,16.6255,27.6696,32.0104,25.4956,26.7012,19.9481,31.0754,18.8688,19.8618,34.0536
632,24.1322,29.6584,17.0221,27.5409,31.8320,25.5514,26.3095,19.9689,31.2598,18.9767,19.0411,34.5027
633,26.1090,29.4978,16.5978,27.1552,32.7066,25.9658,26.6484,20.2823,31.4188,17.9282,18.7968,34.2821
634,25.2662,28.9888,16.9648,26.9484,32.2164,25.6621,26.3950,20.3560,31.3365,18.3325,18.5543,34.9740
635,25.0908,29.0231,16.3402,28.2692,32.1012,26.4590,26.1334,21.4215,31.8878,18.4124,18.7556,31.9795
636,23.2164,29.4605,16.8924,27.7814,31.9106,26.3808,26.3120,20.6202,32.5183,18.0296,18.5272,32.7063
637,24.1215,29.8523,16.4909,27.2262,32.5546,25.8727,26.4536,20.3460,32.7528,18.9898,18.8562,32.3360
638,25.2611,28.6116,17.2943,27.6404,34.1603,26.6502,26.0675,20.3681,32.9304,18.6913,19.6529,33.2710
639,25.7781,28.7156,16.5772,27.3854,33.4599,26.9718,25.6268,20.1022,34.7565,17.7545,19.9289,35.4947
640,26.3233,28.2628,16.4692,27.1554,32.4178,26.7421,26.1434,19.9281,33.9153,21.0601,19.6627,34.6408
641,26.1138,29.3675,16.8524,26.5654,32.0490,27.7283,25.8329,19.8257,33.0432,21.0281,20.0563,32.6446
642,25.2060,29.1140,16.7398,27.2456,33.3980,27.7478,26.6955,19.8887,33.5914,20.5387,19.3227,33.9330
643,25.7972,29.0597,16.4417,27.2652,32.9319,27.9924,26.6290,19.9013,27.9740,20.1466,20.0236,36.4962
644,25.9733,30.2536,16.8593,27.1659,32.3126,28.4793,26.6188,20.3591,28.0517,21.2038,19.8896,34.5555
645,26.2848,30.3257,16.4835,27.0736,32.9256,29.3127,26.2248,20.4859,28.0973,20.8032,19.7577,33.3124
646,26.4203,29.6677,16.2663,27.2102,32.7393,29.6823,25.5366,19.8207,31.8165,20.6297,19.8143,32.5328
647,27.0486,29.7207,15.8736,27.6162,30.4193,27.6097,25.8759,19.8684,26.9260,20.2726,20.3845,32.2601
648,26.1635,29.8086,15.9835,28.6884,29.4539,29.3071,24.8102,19.7944,26.2945,19.9352,19.6296,31.9192
649,25.9380,29.8884,16.4759,27.7690,30.1222,28.3028,24.7082,19.6636,26.4700,19.2134,20.0796,31.8404
650,25.5990,29.4652,16.2982,28.2424,30.7505,28.1069,29.4315,19.3813,32.6906,19.1473,20.4145,33.1104
651,26.3496,29.5133,15.9950,27.7713,29.8497,23.7526,28.8501,20.0071,32.9537,19.3979,19.9587,32.5097
652,26.5527,29.2012,16.2265,26.9883,29.0856,23.7074,25.1008,19.5656,33.4741,19.2725,19.9598,32.8760
653,25.7188,29.5655,15.9536,26.9253,28.6138,24.1510,24.7639,19.4099,29.1161,19.1113,20.4765,32.5967
654,26.4296,27.9366,16.1028,26.4319,29.3663,23.0899,28.4811,19.4362,29.1691,20.0579,20.9768,32.0759
655,26.8435,29.4099,15.7233,26.8463,32.4425,22.5585,30.2590,18.8937,33.9837,19.7678,20.1949,32.0298
656,27.7399,30.2775,15.5380,26.0150,33.2583,22.9872,28.6105,18.9441,34.5984,18.8166,19.3688,32.1044
657,27.8772,29.6353,15.6689,25.6560,32.8804,22.9594,28.9816,19.3435,34.6049,18.4589,19.5618,32.4244
658,28.4244,29.5935,15.7635,25.7234,32.4295,23.8126,28.2937,19.4668,33.9635,19.9954,19.4802,32.2292
659,27.8137,28.4007,16.0538,24.9949,31.4237,26.3093,28.6161,19.0402,33.5166,20.5635,19.4915,32.5091
660,27.1373,28.7622,15.5464,25.0324,31.1134,26.3186,28.3767,18.7359,33.4154,20.8031,20.1493,32.2174
661,26.9519,28.9591,15.1940,25.6863,30.2303,23.0761,27.4534,19.6511,34.4935,19.7224,20.2794,32.0012
662,26.7182,28.2274,15.4563,24.5008,31.0445,26.6524,27.1576,19.5181,31.7061,19.4092,21.0775,30.7819
663,28.5371,28.1953,15.0183,24.5356,30.9731,24.2457,27.7327,19.0563,31.2377,19.3613,20.7980,31.5299
664,27.4273,30.4107,14.8003,23.8889,30.3748,23.3927,28.0558,18.8569,30.9139,18.5190,20.5751,31.0209
665,27.8086,30.7509,15.0281,23.8201,31.5038,23.1341,24.7177,19.2659,30.5906,19.6668,18.2059,30.8255
666,27.5830,30.3683,15.3337,24.1116,31.1447,23.1808,24.9883,18.7806,31.4099,19.8865,17.8388,31.2142
667,28.1215,29.8015,15.0618,25.0556,30.8416,23.3761,24.6769,18.7364,30.6587,19.0447,17.5609,30.5140
668,27.5454,30.5966,15.6229,25.2124,30.0628,23.0144,23.6435,18.8718,32.0631,18.7719,17.9852,31.3627
669,27.1714,30.8677,15.1689,25.7114,30.7456,23.6837,23.5583,19.5637,31.6192,18.8818,18.1675,31.6047
670,27.0811,29.9673,15.1716,26.2465,30.3693,23.5166,23.6592,19.8239,30.9268,19.7191,17.9462,32.3047
671,26.8863,29.3024,17.8576,26.2133,29.7718,24.5648,24.0364,19.9410,30.1102,18.0362,18.0123,31.5041
672,26.3403,29.3304,18.5554,26.3990,28.7695,23.4440,23.3070,18.9833,30.4986,16.9512,17.7143,32.4130
673,26.8467,29.1832,15.7158,26.9983,29.3125,19.0368,23.4247,19.3380,29.7917,17.3378,17.6937,32.3457
674,27.0171,30.0812,15.9905,26.8923,28.6686,22.4659,23.9898,19.2643,29.6757,17.8312,17.3898,31.8739
675,26.5075,29.6745,15.7726,27.0385,28.8567,23.9699,24.1449,19.9893,29.6730,17.4177,17.1839,31.9690
676,30.9693,28.8277,16.0278,26.8741,29.6230,23.1260,24.5466,20.4055,28.8999,18.1381,16.8704,32.1382
677,30.4631,28.9072,15.4400,26.6642,28.5682,22.7685,23.9478,20.8762,29.5996,18.9206,17.7453,31.4491
678,30.0038,29.3225,15.6032,27.0031,28.2396,24.0611,23.8109,21.1080,29.4602,19.1549,17.3512,31.7148
679,30.1919,29.1728,15.8354,25.6491,34.0703,24.5290,24.9070,20.8583,29.7437,18.9124,17.6048,31.4884
680,29.8169,30.2409,16.0161,26.7381,32.5573,24.7085,23.8705,20.4020,29.7823,19.1183,16.7147,31.5575
681,30.0977,30.6856,15.7991,27.3064,33.0023,23.3589,23.1658,20.2002,29.9222,21.8595,16.6143,31.6523
682,30.1991,30.6222,15.9577,26.5448,29.2758,24.0803,23.8354,20.1406,29.8486,22.6035,17.1781,30.9181
683,31.0007,30.3430,15.9733,27.3551,29.7016,24.7244,22.7823,21.1339,30.9756,23.7330,17.3161,30.6805
684,30.9092,30.5704,15.8283,27.8307,33.0542,24.5231,23.2202,20.7788,22.2995,23.2896,17.6935,31.1403
685,31.0596,30.3007,14.8670,28.1570,31.3723,24.4830,23.2459,20.2939,22.6960,23.7116,17.4295,31.5585
686,31.1437,31.0059,15.3343,27.5451,29.4917,24.4494,23.4143,21.0692,23.0308,24.8893,17.3420,31.9638
687,31.3330,30.7659,15.2234,27.4539,29.4009,24.2648,24.2497,21.5686,22.8857,25.2502,16.8848,31.7923
688,31.1557,30.4101,14.8466,27.9474,27.4907,24.9037,24.1691,21.2899,23.3880,24.2762,17.1982,31.6028
689,31.0742,30.8534,15.2634,28.3446,27.1265,25.2058,23.4895,21.2292,23.5549,25.2436,16.8444,32.5988
690,30.1104,30.9799,14.9624,27.8771,27.3072,24.8121,23.3082,21.1309,23.7112,28.8059,17.0827,32.0513
691,30.5153,30.9528,14.5652,24.7267,32.0841,24.1071,23.1081,19.9370,24.2901,25.1373,16.8072,31.3219
692,30.0183,33.0387,14.9289,27.8179,32.9213,24.6111,22.5871,20.1072,24.8852,25.1431,16.7525,31.4478
693,30.3475,32.6932,15.1132,25.0417,32.2376,24.3260,22.0467,19.6687,25.0604,25.2208,17.3413,31.9572
694,31.0157,32.1442,15.0321,27.6097,32.1723,24.1759,22.3423,19.8447,24.6120,25.0468,17.2912,32.5878
695,30.8219,32.4596,14.9280,27.4231,31.6814,23.7069,22.0744,19.6526,25.1819,25.1513,17.0139,32.4380
696,30.2792,31.6804,15.0604,28.9410,31.2644,23.5136,20.8639,19.0251,24.9008,24.7220,17.2680,33.2384
697,29.5597,31.1287,15.2902,26.8078,31.5516,24.1425,20.3837,19.0133,24.1949,24.7551,16.4699,33.7011
698,29.6721,31.0794,15.9382,26.1936,30.9183,23.6576,20.3025,20.1515,23.0713,25.2465,16.5910,33.1722
699,29.8074,30.4731,15.3192,26.6441,30.1846,26.0265,20.2809,19.8192,24.0063,25.3432,16.2674,32.4143
700,29.9475,31.1848,15.4602,25.8939,30.0583,24.8946,20.7926,19.4553,24.2699,26.0931,16.5641,33.1975
701,29.1946,30.1262,15.1593,29.0962,30.1631,26.9769,25.7350,19.4993,24.7924,24.8073,16.9349,33.2282
702,29.6279,30.4650,15.6588,29.3136,29.3480,29.3753,26.5728,19.7951,23.8152,23.9527,16.2067,32.7259
703,30.1181,29.2598,15.4106,29.0691,29.8133,29.1367,26.5774,19.8503,23.6916,23.6642,16.2366,32.8907
704,30.6833,29.6962,15.6203,26.3207,29.1276,25.3097,21.1356,19.3024,23.9747,27.4360,15.8508,33.0980
705,29.5188,28.8187,15.9446,27.0101,29.0809,26.1321,26.7932,20.4471,24.5881,26.7748,15.9414,32.6428
706,28.9168,29.7399,15.2551,26.5495,29.1178,26.8314,26.6985,20.0324,25.3470,26.9433,15.8697,33.2570
707,28.7970,30.2231,14.9740,26.9209,29.0916,25.5765,21.1819,20.3798,24.9924,25.6515,15.8503,32.5286
708,29.0590,30.4616,14.8454,26.6831,28.2891,26.5669,21.6108,21.4353,24.9657,25.3454,15.7274,32.4061
709,29.6640,30.9821,15.1173,27.5615,26.6817,26.4348,22.0592,20.9741,24.4512,20.3958,15.9452,32.0633
710,29.5703,30.4262,14.8127,27.2300,26.4780,26.6123,22.5099,21.3627,24.3288,20.9464,15.8105,32.1667
711,28.7232,30.6906,15.1606,27.4657,26.6964,26.4993,22.0327,20.8246,24.5421,20.2559,15.8928,33.4622
712,28.7248,30.0158,15.3423,28.4467,27.6273,25.5548,21.3498,21.0705,24.1492,19.9834,15.9469,33.0163
713,29.4190,29.5798,15.6444,28.6141,27.8517,25.3961,21.8256,20.6100,24.2044,20.0929,15.6704,33.5402
714,29.4274,29.2022,15.4419,27.6111,27.9189,25.6316,21.8795,20.6778,24.4586,19.3418,15.3558,34.2697
715,28.9614,30.0511,14.9749,29.0260,27.8946,26.0722,21.7551,20.0330,23.8771,20.0638,15.3356,32.2950
716,29.5709,29.1808,16.0154,28.4678,28.7174,25.9513,21.2707,19.8980,23.0452,24.1914,15.0746,32.3143
717,28.5997,29.9835,15.8673,29.0241,28.6623,25.1283,21.9819,19.8998,23.5553,24.2080,15.3369,33.2251
718,29.3371,30.2151,16.0924,28.2809,28.8478,24.8947,22.1555,19.5074,24.2062,25.8652,15.5519,33.0809
719,28.3737,30.9995,16.3425,29.4762,28.2602,25.0578,21.8580,19.6700,24.3501,25.6165,15.8014,32.7845
720,28.2764,30.6840,15.9556,31.2102,28.9902,25.3011,21.8575,19.0991,24.5111,25.3076,15.8522,34.1178
721,27.9372,31.1746,16.2318,32.0377,29.1736,25.3542,22.6917,19.8465,24.4812,21.6736,15.8668,34.0273
722,27.6851,31.1160,15.7531,31.6840,29.5772,23.7324,22.0111,18.7944,25.1357,21.7797,15.7533,32.9628
723,27.6160,31.8695,16.0869,32.3682,29.7461,24.2558,21.7993,20.4090,24.2141,25.6605,15.5483,34.1299
724,27.9046,32.4862,16.3280,32.7937,27.9513,24.4546,21.4901,20.9307,24.4357,25.1435,16.3094,33.7124
725,27.3621,32.0211,16.0035,33.0333,27.5248,24.8306,21.3582,20.7484,25.3872,24.7260,15.8904,35.1687
726,27.0747,31.1733,15.6629,31.9906,28.3105,24.2705,21.0544,24.6051,25.2848,23.9774,15.9281,34.6278
727,27.0969,31.7744,15.6878,31.6159,28.8053,24.0802,21.9839,24.3200,25.5271,23.0470,16.1948,34.4591
728,27.5929,32.2421,15.9808,34.7892,28.8421,24.2408,21.6638,22.6226,25.4527,23.9740,16.4893,34.7254
729,26.8352,32.1964,16.1885,31.2543,28.5756,24.1514,21.7092,23.2669,25.1724,24.2587,16.2945,33.9660
730,26.0346,31.7628,15.8723,34.1727,28.3454,25.2507,22.0270,24.1673,25.2450,24.1990,15.8369,34.8424
731,26.2535,32.3015,14.8662,34.1702,28.2199,24.5716,22.0678,25.7176,24.4668,24.4955,16.1647,35.1737
732,26.1641,32.4434,14.5828,35.0076,28.6152,23.9062,22.3231,25.9327,24.0714,24.0616,16.2942,35.0370
733,26.4590,32.5002,14.7976,35.3083,28.3787,23.2242,22.5682,26.1237,24.0130,24.2522,16.3559,35.5065
734,27.2078,33.1280,14.1212,35.5837,29.6628,22.0671,22.3629,26.4328,23.4468,25.2372,15.8314,34.9348
735,26.4920,33.1300,13.9931,35.4227,26.0291,24.1013,23.2805,26.3917,23.4717,24.8944,16.1364,34.6924
736,27.2658,32.8814,14.2835,35.5489,30.5115,24.1029,22.8593,26.1932,39.4507,25.1369,16.2530,34.3229
737,26.8141,32.9026,13.7594,36.5670,29.7403,24.4513,22.6096,27.5600,39.7174,24.8450,15.8340,34.7178
738,26.4060,33.1229,13.3824,33.2351,29.4830,25.4371,23.0989,23.1412,38.4465,25.2423,15.8330,34.2060
739,26.3338,33.7602,13.2150,32.6922,29.3633,26.7120,23.1757,22.9909,38.4313,25.1828,15.3879,33.6008
740,26.6617,33.5429,14.0816,36.4862,29.6689,26.2364,22.9305,27.2105,39.3635,25.4709,16.1186,33.5802
741,25.9832,32.9853,14.3490,35.9729,30.5563,26.4242,22.7154,18.7869,39.2813,26.1853,16.6519,33.9553
742,25.4551,33.4898,13.8396,35.8342,29.4660,26.0018,22.6936,19.4631,39.4616,26.8889,16.0337,34.7040
743,26.1188,33.2008,14.1811,36.5332,29.3810,26.9790,23.0580,19.1630,35.2544,25.8047,15.7025,34.6753
744,26.4964,32.6573,18.9027,36.5521,30.1712,27.3308,23.6480,18.1833,38.3765,25.4061,16.1315,35.0322
745,26.2238,31.6473,14.6383,36.6529,30.0373,26.8499,23.2521,17.7885,38.8896,25.0602,16.3245,35.9500
746,26.2746,31.1174,18.9686,36.7258,29.4852,26.0327,23.7157,17.8588,39.1387,24.7179,15.7232,35.5793
747,26.3071,30.0540,19.2715,36.4661,29.2639,26.6473,23.4933,17.2615,38.3810,24.9389,16.4216,35.6435
748,26.5671,30.1643,18.9229,36.0727,29.3461,25.9672,23.7589,21.4192,38.9263,24.9105,15.9785,34.8934
749,26.3512,30.9881,18.7904,36.4470,29.7398,26.6075,23.6057,24.9460,38.4699,24.7876,15.7840,33.1510
750,27.7798,31.4747,18.5229,36.0230,30.9635,26.6230,23.3395,25.2285,38.8917,24.9769,15.8286,33.3176
751,28.2846,31.4666,19.3143,35.4194,31.8791,26.8788,23.5826,21.3224,37.7233,25.1591,16.0316,34.2295
752,28.5814,30.2116,18.9315,36.8708,32.2655,26.5886,24.4368,21.5004,37.9648,24.5993,16.2834,33.5166
753,27.2858,31.9162,19.1248,36.3143,32.3403,26.1868,24.1587,25.4714,38.1447,25.0179,16.5642,34.0002
754,27.2871,31.3648,19.5238,36.3418,31.4822,25.8652,24.3481,20.7584,38.3815,25.0165,16.3099,33.8847
755,28.1492,31.2408,19.2585,27.5906,31.9324,26.0475,24.3361,21.7988,38.1835,25.1024,15.6981,34.0732
756,28.0092,32.3997,18.5788,30.8560,31.1868,25.2031,23.9848,18.0422,39.0046,24.8686,15.4431,33.5663
757,27.9797,34.1265,18.6182,26.6567,31.2221,25.3798,23.8680,17.2637,39.2103,25.9407,16.0457,34.0097
758,28.3093,32.5838,18.3357,31.0422,30.6252,27.0624,23.8667,17.0437,37.2093,25.3142,16.6312,34.2588
759,28.0030,32.8176,18.3194,30.3516,29.9317,27.4741,24.0985,20.4776,36.4112,25.8676,16.5746,33.9901
760,27.5658,32.0614,18.6815,31.1666,28.9650,26.7634,24.0463,20.2945,35.8370,26.0777,17.4044,33.6586
761,27.3858,32.0090,18.3508,30.4479,30.1228,26.8562,24.5065,17.1991,35.1111,25.2257,21.4773,33.4013
762,27.5801,31.4586,18.6113,29.4189,29.0545,26.1277,24.1921,16.8393,35.0149,26.1801,21.5904,33.6068
763,27.6789,31.6547,18.7760,28.9904,29.1502,25.4575,24.3169,17.8802,33.2353,25.5476,21.2856,32.8677
764,27.5331,31.0818,19.2058,29.7321,28.9914,25.8043,24.1176,20.2026,33.0315,26.1845,21.1632,33.2248
765,27.1254,31.1108,19.1871,30.0850,29.1241,25.9185,27.0267,16.5435,32.8522,25.1077,20.6759,33.5211
766,27.0683,30.2503,19.1542,30.2288,29.3855,25.4349,27.4488,16.2148,33.2714,24.5531,21.7444,33.7881
767,27.0720,30.2678,19.0899,30.5500,30.2195,25.3706,27.1063,16.0387,33.7798,25.3023,21.1681,33.1998
768,27.1994,30.4960,18.7173,30.0405,30.5524,25.7797,27.1133,16.1137,33.7397,25.4201,20.2943,33.0475
769,26.6214,29.9340,19.6231,38.3562,30.6850,25.1818,27.2963,16.0678,33.3512,25.9940,19.7357,32.6068
770,26.6663,29.4625,19.4140,38.5906,31.1271,23.9621,27.7465,16.1426,33.0241,25.6340,20.8410,33.6224
771,26.3658,30.2427,15.2581,39.0028,31.1178,23.9923,27.5830,15.3254,32.5305,26.5182,20.6619,32.8724
772,26.0064,30.5055,14.8413,38.7355,27.5197,24.6108,28.0921,14.3949,31.7363,25.6227,21.0790,32.7190
773,26.6713,29.9937,14.4443,39.2205,32.0445,24.7913,31.8794,14.7702,32.3388,26.1613,21.2130,32.3821
774,26.5542,28.7448,13.7314,38.5907,27.5701,25.0988,31.4890,15.2743,33.4157,26.7252,21.2208,34.3087
775,23.6687,29.4381,14.1116,31.6106,27.3418,25.1681,24.7605,14.8024,32.8702,28.4704,21.0587,34.3692
776,23.9034,29.2705,18.5662,38.1364,27.4933,25.8077,27.5294,15.1166,31.8354,26.5818,20.7629,33.2255
777,24.8290,29.0341,17.8246,37.2176,27.9051,25.8980,27.3605,14.0152,32.1295,26.5212,20.6509,32.9862
778,23.0887,27.9706,17.6685,30.1430,28.6166,26.1191,27.1926,15.1349,32.3320,27.1087,20.9237,33.6283
779,22.8256,28.0000,18.0473,29.8434,29.4854,27.0741,26.6188,14.9438,33.7269,27.3871,20.3186,32.9998
780,27.8834,28.3841,18.1772,37.3641,29.7704,24.7563,26.9491,15.7141,33.1027,27.3704,19.8948,32.5519
781,22.9497,27.5324,17.8026,36.5566,30.7506,25.9160,22.5866,15.6433,33.1425,27.0149,19.9942,33.1275
782,22.7129,27.7448,18.0727,36.6651,31.3773,25.6923,23.7963,15.3195,32.2209,26.7583,20.0446,32.7984
783,25.8704,28.7582,17.6070,36.9003,30.9855,24.9185,23.1802,15.1024,32.3124,27.2101,20.3554,31.6374
784,25.4724,28.6104,17.4484,35.9110,30.5985,25.6488,22.6071,15.8348,31.0548,27.7330,19.5726,31.9494
785,23.8615,28.4221,17.4265,36.3326,30.0090,26.1891,27.1491,19.6118,31.4997,28.1341,19.0970,32.3827
786,24.5075,28.6497,17.7499,34.9341,31.5282,27.4653,27.4784,16.3226,31.6396,25.1862,19.2400,31.0869
787,24.0049,29.2450,18.0143,34.4852,31.7196,27.2513,27.8203,16.1287,31.4832,24.6834,18.4577,30.7212
788,26.3085,28.8796,18.0889,34.9780,30.6707,26.7180,28.5542,16.8994,31.0305,23.3145,18.6937,31.3204
789,23.8762,28.2577,17.7053,26.8757,31.8009,27.7758,28.3209,16.7785,31.3732,26.4076,18.2734,31.5702
790,23.6946,28.7182,18.3624,26.7399,31.3798,28.4127,28.1042,15.7667,31.0180,25.9270,18.4721,31.2427
791,24.3879,28.0330,18.9639,26.1750,31.8146,27.2153,27.4926,17.2794,32.4857,24.1219,19.4243,31.9268
792,24.3507,28.3579,19.0445,33.2876,31.6895,26.9449,27.3911,17.5024,32.0661,24.1213,19.3427,32.4602
793,24.4551,28.1069,19.3954,33.6458,31.4083,26.0513,27.7201,18.2016,33.1980,26.1863,18.4847,32.7222
794,21.8711,27.6383,18.3768,33.8102,30.9481,25.8276,28.3156,17.7317,33.2867,25.7247,18.8547,34.9414
795,22.2517,27.7802,18.5268,33.7434,30.7580,26.2950,27.9876,17.4142,32.2452,26.0065,19.6275,33.1066
796,21.6518,28.0056,18.3129,33.0765,30.6324,26.9513,27.0057,17.0326,32.3113,26.0640,20.2245,33.1909
797,25.4357,28.2795,18.3155,32.7664,30.8652,26.1653,22.4798,17.1236,33.0068,26.2637,21.0311,35.2467
798,25.5068,28.5602,18.2324,32.1140,30.1320,27.2928,23.5171,16.8890,30.8792,25.4049,20.4253,35.9846
799,24.8537,29.0626,18.4409,32.3037,30.6604,27.6258,22.8336,17.9051,31.5918,20.1302,20.6598,35.0115
800,25.1017,29.2906,18.6140,32.3412,30.5888,27.3769,23.5352,21.7005,31.1674,20.4053,19.9578,33.6426
801,24.7783,29.4468,16.9317,30.2308,30.5968,28.2669,23.6588,17.5543,30.0797,20.7350,20.3244,34.1376
802,24.1640,29.9390,17.3376,29.2379,30.9743,27.8029,23.9083,16.9229,30.6470,24.6856,20.6950,33.4626
803,23.5355,28.5127,16.7607,30.4029,30.9465,28.2535,23.5990,21.1835,29.6114,24.4725,20.8721,33.2511
804,23.7819,29.1655,17.2654,28.0169,30.8011,27.1763,23.2813,20.8111,28.1262,21.0514,21.4002,33.9856
805,24.2192,27.9894,17.8647,28.8929,31.1376,27.3640,23.7684,16.8372,28.5718,23.4772,21.7155,34.2130
806,27.5149,27.8656,17.5133,28.2700,30.9018,27.3640,23.7690,16.7493,28.6336,28.0973,21.0082,31.4035
807,28.1026,27.4544,17.4252,28.6096,31.0625,27.2049,23.2640,16.7249,27.8098,27.6128,20.1288,31.5388
808,28.1072,27.4858,17.1884,28.6752,31.1444,26.9061,23.0084,16.7075,28.9444,27.5692,20.4476,30.9252
809,27.6561,27.6319,17.3946,29.0437,30.9085,27.3403,23.2963,17.3354,30.0758,28.0820,20.8380,31.3600
810,27.7229,27.8941,16.9017,29.1002,31.2457,27.9543,22.7080,17.3939,30.7218,28.7418,21.8182,31.3950
811,27.0944,28.5393,17.2436,29.8901,31.6750,28.6513,22.7469,17.7612,28.7953,27.9347,22.2800,30.5484
812,26.3641,27.9017,17.6697,31.9018,32.1019,27.9862,22.8390,17.8118,29.3847,27.5641,21.3347,31.1256
813,25.8253,27.6073,17.5737,30.9975,32.5844,24.4836,23.5598,22.3269,28.5348,26.1769,22.2369,30.5487
814,26.5961,28.6260,19.0592,29.6150,31.8923,24.7286,23.2451,17.7226,28.4335,26.1203,22.3724,30.4164
815,26.3123,29.2126,18.5603,30.1591,20.3881,26.1872,22.7502,17.1339,28.1927,26.0400,21.8460,30.4158
816,26.0835,29.7857,18.8837,30.3066,20.3531,25.8230,22.1302,20.6180,28.5823,27.0379,21.6705,29.9367
817,25.7564,30.3412,18.2421,30.2447,21.3480,25.7630,22.6376,21.0577,28.5547,27.0774,21.6832,30.2528
818,25.9836,29.9733,18.2521,31.6145,21.5965,26.0922,22.1362,16.9517,34.6460,27.8116,21.5236,30.1280
819,26.1398,29.9617,18.4169,31.7712,21.9024,25.9331,22.5935,21.1030,33.0227,28.2418,20.9073,29.1876
820,25.1685,29.4844,19.0370,31.0031,21.4411,26.8057,22.5857,22.1369,33.4907,28.0903,21.7930,29.7357
821,25.2715,28.5771,18.7710,31.2451,21.0340,26.5451,22.5279,21.5406,32.2205,26.7652,21.9474,31.9811
822,24.6667,28.3124,18.4813,31.8650,21.1460,25.7813,22.5767,21.5496,32.6527,25.3900,22.8130,31.9541
823,25.4447,28.2527,17.9757,31.4330,22.1016,25.9083,23.1664,21.7131,32.4066,26.6426,21.9287,31.8786
824,25.0938,28.4432,17.8304,30.4418,21.5338,25.8284,22.8603,21.4324,32.8445,26.1559,21.2277,31.6649
825,23.9611,29.4625,17.7624,30.6595,22.0034,25.9771,23.5045,21.2917,33.9386,26.4203,20.5831,32.0485
826,24.8155,29.0233,18.0423,29.7479,21.3707,25.9166,28.7929,21.4351,34.6502,26.8999,20.2928,30.7804
827,24.3061,28.2831,18.4813,29.7648,21.0616,26.9380,29.0855,21.2653,33.7789,22.9136,20.2960,30.8573
828,24.5101,28.2750,18.7309,29.5768,21.2135,26.5063,27.8080,20.8801,34.2400,22.6065,20.3240,30.7865
829,23.7992,29.3173,18.1650,28.8522,21.3248,26.7938,28.7717,16.2160,35.4155,23.1287,20.5725,31.9225
830,23.9894,30.1855,17.9664,28.8766,21.6355,26.9478,29.0567,19.7855,35.6215,22.4926,20.4916,31.0587
831,23.6246,31.4689,18.4336,29.0703,21.8891,27.7747,28.3842,24.5719,35.7617,22.4439,20.3689,28.2745
832,24.4325,32.1060,18.3846,32.4860,21.4523,27.8819,22.4386,24.4897,34.7848,22.4233,19.9767,27.9339
833,23.9746,31.6717,18.6094,29.1511,21.2744,28.3745,22.5374,24.6192,34.7155,22.1440,20.3124,29.2930
834,24.5429,33.1762,18.8245,32.2924,21.7782,28.4320,29.7347,24.0817,35.2596,22.1794,20.8108,28.9761
835,23.9643,34.2015,18.1642,32.7685,21.9094,28.0600,29.3145,23.9798,36.2620,22.2823,20.4756,29.3465
836,23.5660,33.4994,18.0862,29.4777,20.6964,28.8850,29.3708,25.1817,36.4880,22.1118,20.2435,29.2305
837,23.9235,34.2263,18.3312,28.7413,20.4136,29.5646,29.4865,20.4236,37.2517,22.3422,20.7447,29.3723
838,23.9603,33.8466,18.7563,28.9910,20.5733,30.2232,30.0288,24.2786,36.9807,22.5215,20.7375,29.2719
839,24.5524,33.5112,19.2650,28.4581,20.7629,30.8777,23.6281,25.1071,38.6337,22.4661,21.1398,30.5047
840,25.1018,33.5437,19.2498,28.7540,20.5876,31.0925,30.3631,24.2639,39.6689,21.2440,20.7591,31.0119
841,25.0451,35.3056,19.0240,28.5634,21.3167,30.9147,23.1016,23.5629,37.1254,21.4154,21.5636,31.5927
842,25.3162,34.1475,19.6140,29.0438,21.1692,31.4294,22.9485,24.8382,37.8363,19.7933,19.6780,31.3820
843,25.2969,34.7618,19.2416,29.6363,20.4067,30.5655,30.2150,20.1223,38.9356,20.5025,21.4279,30.4143
844,24.8601,34.4779,18.7958,27.9019,20.5449,30.2952,30.2645,25.1502,39.6006,19.8323,21.4154,31.0237
845,24.6248,33.4859,19.1412,28.3913,20.7190,30.2830,29.4451,25.3904,39.3561,20.5483,21.4699,31.3100
846,23.7050,33.3924,18.8596,29.7360,20.9259,30.3574,30.6305,24.5874,39.7720,20.3788,21.7730,31.5625
847,23.8664,33.0301,19.1202,27.7146,20.7340,31.1746,30.8915,24.7822,38.7855,19.5344,21.2775,27.9559
848,23.2864,33.1560,15.2895,27.7084,20.6864,30.7816,30.7516,24.6357,38.6629,19.5496,20.4135,27.5737
849,23.9576,32.4032,15.3239,27.8947,21.0232,30.6824,31.5823,24.5646,38.1723,19.0418,21.1851,28.6051
850,24.4354,32.9244,15.3450,27.5844,21.3393,32.1089,31.8049,24.3096,33.6667,22.3077,21.6645,32.5074
851,24.6360,34.0493,16.1286,27.8442,21.2217,32.2371,31.9150,24.2007,34.8625,21.4459,21.9493,32.4707
852,24.8886,33.8281,15.8077,27.5344,20.7417,31.7693,31.0196,23.5359,35.9616,22.2001,21.5194,32.3713
853,24.9945,33.7704,15.4121,26.8055,20.8300,31.6195,31.0743,23.9056,35.7780,21.8203,21.5159,32.0281
854,23.8148,34.6120,14.8390,26.3496,21.0536,32.4310,30.5202,23.9419,34.5701,21.9248,21.1817,32.8585
855,24.8715,35.1298,14.9791,26.7615,20.4502,32.4691,30.1228,23.6898,35.6704,21.9857,21.1606,33.0319
856,24.9684,35.8191,15.7659,27.0977,20.0486,32.3797,29.8174,24.0509,35.6797,21.8308,22.2224,32.9758
857,25.1632,35.1600,15.8819,27.8240,20.0959,33.1068,29.9062,23.7629,34.8398,22.1129,22.9177,33.1023
858,25.7489,35.3900,16.3813,27.7818,19.4884,33.2068,29.5359,23.6914,33.9306,21.6743,25.3757,33.5919
859,25.1483,34.2251,15.8822,26.5444,19.7759,33.3103,29.3336,19.5809,34.4047,22.1294,25.1744,33.5602
860,25.6566,34.9092,15.8799,29.4613,20.7326,33.3044,30.3156,19.3167,33.8723,21.7840,25.5516,35.2063
861,25.8825,34.5523,16.0198,29.0331,20.6423,32.2492,30.6997,18.3121,34.3843,22.0541,24.5578,35.3595
862,25.3020,33.9700,16.1648,28.9530,20.5117,32.5552,31.7635,18.0989,34.4355,22.5990,23.9058,34.8458
863,25.7684,34.1706,16.3715,29.7963,20.7194,32.2443,32.2415,18.7990,35.2441,23.7526,24.2969,34.3355
864,25.7578,34.0670,15.4442,27.7665,20.8540,31.8903,31.4119,18.1731,35.3345,23.8280,24.5536,34.5946
865,24.9068,34.1382,15.1453,28.2616,21.0621,32.5940,32.0867,21.8899,34.8499,23.9016,25.5963,34.5896
866,25.2042,34.3386,15.3045,30.8350,20.5753,31.9506,32.1679,17.3204,33.9239,23.9838,25.9190,34.8073
867,25.9363,34.4872,14.7899,30.5861,20.9644,31.8618,31.7656,17.9092,35.2836,21.6693,25.6990,34.7007
868,26.1085,33.9681,14.4361,31.1686,21.0737,32.9076,31.5807,16.3560,34.5974,20.8739,26.0855,34.3068
869,25.0840,32.9395,13.1609,32.1529,21.5639,32.5406,25.0493,16.9232,33.9082,20.9503,25.5695,33.4608
870,25.0113,33.7144,13.1697,31.7477,21.3087,32.3039,31.2351,16.6593,34.1283,21.8584,25.3009,32.9840
871,25.4523,33.3745,13.2801,31.8766,21.1679,31.9095,30.5417,17.8681,35.3947,21.7433,25.2111,33.3376
872,25.6246,32.5361,13.9054,31.8401,20.8347,31.5852,30.5802,22.4355,40.2125,23.6769,25.0985,33.5863
873,25.9816,33.4220,14.1280,32.2913,21.2940,28.9622,30.8004,21.5265,35.5627,24.7452,25.7032,33.8305
874,26.3310,33.2586,14.3753,33.3058,21.3439,29.0609,30.7408,22.4613,36.6468,23.7179,25.2832,33.3849
875,26.7593,33.7628,16.7781,32.6696,21.8775,29.2255,29.8242,21.7078,37.0950,24.0142,26.2619,33.7819
876,26.4600,33.3503,14.1317,34.8050,21.3256,29.1904,25.0747,21.1219,40.3186,25.1064,26.2107,33.4099
877,26.7584,32.4546,16.7202,32.1329,22.1235,29.2062,25.2648,16.8234,40.6057,24.1621,24.8705,33.5864
878,25.5110,33.0782,13.7463,32.7026,22.3080,28.5211,25.6671,17.5507,39.5218,23.2908,25.8374,32.6858
879,26.1692,33.0328,14.0900,32.4254,21.9609,28.0087,25.4953,18.1069,40.8353,22.7432,27.1676,33.0867
880,25.9481,32.2855,14.2242,34.1230,21.8786,28.6405,25.1263,19.2164,41.3718,22.9770,26.5224,33.0180
881,26.4836,32.1834,13.4699,32.2130,22.0106,27.8938,24.7876,18.4854,40.8377,28.0518,26.6286,32.5254
882,26.7228,32.0091,13.4271,29.6933,22.0753,27.8037,24.9105,18.7338,41.6568,24.0354,26.5333,32.5663
883,26.2708,32.2245,13.8560,31.8142,22.6837,26.8806,25.1564,18.6916,39.5393,24.0613,26.7129,32.1314
884,26.2221,32.3326,14.3749,32.4022,22.0331,28.2890,25.9803,18.4470,40.9084,23.9101,27.2084,32.0169
885,27.3623,32.2548,19.2618,30.7286,22.0754,27.9402,32.1969,18.2381,40.2520,23.5108,27.3723,32.2680
886,27.1723,32.1804,14.6016,29.7759,21.1295,26.6869,31.8072,18.3106,39.8187,23.1616,27.3024,30.9740
887,27.4276,31.7989,15.0713,30.2152,21.4635,27.4124,33.7558,18.5010,39.2634,23.7315,27.6325,31.6742
888,26.5044,31.5739,19.2301,31.6570,22.2609,27.6370,33.6295,18.1363,40.4094,24.6674,28.1301,32.8970
889,26.3800,31.3211,15.3853,31.4955,22.3987,26.6606,33.3206,18.1560,40.6122,24.9925,28.2368,32.8194
890,26.5187,31.1860,14.8881,32.1053,21.7474,27.7543,27.4328,18.4444,40.7785,25.5171,26.4056,32.6575
891,26.5555,30.6478,15.5119,32.2863,21.8637,27.2157,27.7191,18.3884,42.1156,24.4636,26.8317,33.5015
892,27.2622,30.3734,14.7662,29.7366,21.9176,27.2203,27.4884,18.3710,41.6455,23.8184,26.9869,33.8347
893,26.2534,30.6037,19.0980,29.8510,21.9980,26.8731,27.2383,17.3427,43.3602,25.3831,30.0432,33.7054
894,24.8827,30.3179,21.9003,29.3980,22.5707,27.8390,27.2647,21.4872,43.6129,24.1924,27.5399,33.9723
895,25.8208,30.8510,21.4328,29.5197,23.1577,27.1324,27.5755,21.2216,43.5164,25.2422,29.9205,34.1987
896,24.1983,31.2454,21.3180,29.3096,22.1484,27.7770,26.6075,21.5379,42.8091,25.1969,26.8396,34.2000
897,24.0489,30.6903,21.5612,29.2617,21.7869,27.1235,26.1923,22.5555,43.1797,25.4182,27.4718,35.5244
898,24.4535,31.6191,18.7465,29.1395,21.6799,26.9038,26.5757,22.5709,45.1608,25.3828,26.4070,35.5181
899,24.9461,32.7317,21.5031,29.4654,22.0979,26.5944,26.4110,23.2674,44.7302,24.1894,28.8974,35.7469
900,25.6296,33.3344,17.5192,25.2076,22.9595,24.9466,26.4862,18.7949,44.5185,24.8710,29.0343,35.6325
901,25.9260,33.3721,14.5800,28.7639,22.4229,25.6246,26.7282,22.4604,43.1788,24.1107,28.9311,35.4125
902,26.9699,33.2946,14.7583,28.4458,22.6782,25.6648,25.8053,22.6222,42.3305,24.2275,26.3576,35.2544
903,27.3438,33.5846,14.3076,28.6465,22.5421,29.0357,25.3622,22.1281,42.4220,24.7967,28.1436,34.4261
904,26.8008,33.5124,14.6169,28.9953,22.5212,26.5898,25.0773,18.8802,41.7639,24.9972,29.0061,34.7846
905,25.3163,32.5595,15.0837,28.9171,21.9401,27.4624,24.8718,23.3117,43.1731,24.8717,26.9144,35.5855
906,24.6522,31.5996,15.8206,26.4242,22.0229,29.8373,25.6193,23.7857,38.1207,25.0635,27.3521,34.6779
907,23.9464,32.5840,16.0919,26.0440,22.1233,27.2180,25.9163,24.1328,38.0531,25.7084,26.4917,35.2720
908,24.7685,33.2113,16.5717,30.3394,23.1562,27.6201,25.8654,24.2401,37.3745,25.7348,24.5293,35.3645
909,24.6025,33.7010,17.0897,31.0486,23.2054,28.1324,26.0390,23.1543,37.6913,26.7875,23.0679,34.4832
910,25.8722,34.4876,18.0767,30.5743,22.3697,28.6899,25.9383,23.0256,36.4801,26.2429,23.5508,35.2424
911,25.3014,34.6438,18.0228,29.9863,22.6232,31.3797,25.7871,23.0339,35.5647,26.7447,23.2661,35.0963
912,24.6321,35.0206,22.5988,30.1439,22.6768,32.2456,27.1364,22.9267,35.3373,27.8680,22.7316,35.9263
913,24.3562,36.1408,22.2836,30.4814,22.8475,32.2370,26.8523,23.5699,38.6170,27.4324,22.3874,35.3634
914,22.9329,35.3029,18.5009,30.4660,22.5230,32.7636,26.0797,23.3854,34.0482,27.8730,23.7064,35.7978
915,23.0048,34.7713,17.6768,30.5414,23.5171,33.5378,25.9671,23.5174,39.3934,28.9221,22.8087,35.2748
916,24.0876,34.6163,17.8761,29.6138,23.6659,33.1721,26.0344,22.9746,39.6325,29.0808,23.0310,34.5006
917,23.6173,35.2813,22.1571,30.0437,23.6230,31.0596,26.2511,22.6542,38.7074,28.2809,23.1862,35.4512
918,22.8306,35.4429,22.2145,31.8635,24.9736,34.2608,25.5869,22.4763,39.9038,28.9208,18.4558,35.1924
919,22.9001,34.4205,22.7858,32.1794,24.2981,31.9475,25.0556,22.8635,36.2654,29.4437,22.5905,35.0109
920,22.1973,33.8059,22.6745,32.5315,24.3073,30.8764,25.0676,22.8411,42.4185,28.8279,22.3523,34.3018
921,21.8584,33.7608,21.9449,32.8878,23.7299,31.4136,24.8888,22.4282,41.8564,28.7944,22.7974,34.1478
922,21.7827,33.5263,21.8792,32.5535,24.4318,31.7118,25.1755,22.8756,41.2997,29.8915,22.9388,34.5192
923,20.7446,33.7183,21.5092,33.2778,25.1172,34.2864,25.4140,23.0707,41.5355,28.3093,25.2579,34.4005
924,20.6945,34.1775,20.8239,36.3146,24.6838,34.2636,25.1936,23.6940,42.1177,29.2451,22.3706,34.6723
925,21.3140,32.5984,20.8381,32.5188,25.4602,34.5089,24.9585,24.4660,42.2103,29.2430,23.4743,34.5158
926,21.2875,33.5300,20.8327,32.6607,25.6954,34.4119,24.8058,23.9835,43.0048,28.5261,22.9426,33.7049
927,21.8908,32.5004,21.3923,33.2251,26.5087,34.1659,25.2344,24.8533,41.5084,28.1290,22.9641,33.6679
928,21.0526,33.0163,21.5809,32.4642,26.4030,33.7754,25.2901,24.2748,41.5872,27.7749,23.2781,33.7438
929,22.0237,32.4313,21.8750,31.3611,26.1252,34.3038,24.6831,20.1564,41.5397,26.0349,26.3052,34.3245
930,21.3758,32.1245,21.9975,34.8825,26.1563,33.9323,24.1783,20.5570,40.9564,26.0651,23.1382,35.7417
931,21.4263,32.3851,21.2413,35.0410,26.3088,35.3101,23.8570,21.5488,41.3758,25.3312,25.2618,33.9982
932,21.4140,32.7328,20.4016,33.9343,25.5931,35.7784,24.2588,24.8557,40.5033,25.0191,25.8023,33.9385
933,20.9213,32.6464,20.9331,34.3131,25.6830,34.7440,24.3479,21.6539,40.8838,25.9064,22.8666,35.0110
934,21.4519,33.2918,21.8101,36.0265,26.0608,31.9943,23.8773,25.1815,40.8164,25.6302,22.5247,34.9527
935,21.1142,31.8234,21.2791,36.1452,25.2167,32.9270,24.0155,25.5283,41.6637,25.1823,22.9609,34.4722
936,22.0704,31.8374,22.2623,36.1618,25.7216,33.7095,24.8195,23.4504,42.1946,25.0931,24.0770,35.1759
937,21.6517,32.2657,22.2962,35.5470,26.1173,33.6804,25.5666,23.7069,41.2885,25.3776,24.3708,36.4604
938,21.3375,32.8820,22.6143,35.2602,25.7347,33.2106,26.4545,23.9376,41.3775,25.1805,24.6352,37.3190
939,21.8883,33.5488,25.1695,33.0917,26.8909,34.4138,26.1759,24.1315,41.1967,25.8725,23.5856,36.4290
940,22.2912,33.4069,23.0910,33.3663,27.3157,33.6055,25.6909,24.0270,41.2681,25.8670,22.8224,36.5703
941,22.3027,33.1876,22.7161,33.2258,27.0416,34.7369,25.4351,24.5886,41.6840,26.0892,23.4165,35.4731
942,22.3334,33.2437,22.4717,34.6400,26.3616,34.8070,24.4507,24.3464,41.6694,26.8992,23.7005,35.9249
943,22.5014,32.9086,22.2620,33.5969,26.2177,35.8101,24.6403,25.1830,42.1840,24.6243,24.0261,36.6324
944,22.7636,32.0845,22.1310,32.8184,25.5442,36.3800,24.7358,21.2586,41.6759,25.4782,24.0133,35.7594
945,22.8128,33.1618,21.8139,36.1339,25.5283,35.2862,24.8150,24.7383,41.2658,25.6912,24.0755,36.9430
946,22.6979,32.2913,22.7271,36.6795,24.6978,36.5409,24.9308,19.6901,36.3247,26.7045,23.7043,35.7690
947,22.5516,32.7565,22.8159,36.3123,24.7796,37.3619,25.5417,20.8073,41.9131,26.8129,24.3387,35.6366
948,22.4221,31.2173,22.9960,33.1072,24.7131,37.6335,24.9364,25.7613,40.4855,26.0715,25.0877,35.0228
949,22.6569,31.6954,22.2478,35.2846,24.5667,37.1328,25.5089,25.8267,36.0977,24.9922,26.3404,35.3481
950,23.1608,31.3852,22.9868,32.0099,24.3083,35.9992,25.6845,25.7144,35.5927,24.3920,26.2105,34.5736
951,23.1463,32.1019,22.9702,35.2080,24.4326,37.7094,25.0161,25.9673,40.4356,23.5695,26.1627,34.0085
952,23.4177,32.0912,26.1990,32.8541,24.7447,36.8142,26.3079,26.5654,36.0357,23.5640,24.9336,34.4777
953,23.3162,32.5966,22.1482,32.9380,26.1287,36.6923,26.1622,24.9258,35.3246,23.7383,23.8574,34.1743
954,23.0256,31.6671,25.0388,32.3953,26.3982,36.1307,25.6699,25.2309,34.5087,24.1342,23.7033,33.9057
955,23.4549,31.9036,21.5304,32.7758,25.9992,36.9081,25.0497,24.4641,34.6245,25.0883,24.5602,32.9724
956,23.0079,31.1424,21.3818,33.2679,25.8054,36.2048,24.5076,23.5799,38.3633,23.7302,24.0556,31.6754
957,23.3456,30.7502,21.1376,33.7560,25.9275,35.6859,24.8867,22.9795,34.2227,25.3697,23.4784,30.7227
958,23.1066,30.6728,20.6279,35.8913,25.1733,37.0594,24.6472,22.1331,34.2890,24.7639,23.2370,31.1612
959,22.8869,29.9174,21.1985,36.4560,24.3163,36.4250,24.7032,20.9791,34.9912,23.9143,23.0743,30.4622
960,23.1074,29.3818,21.4078,36.2151,24.9081,35.1841,24.2872,22.0975,35.2800,24.5111,23.7560,30.0969
961,23.9295,28.9871,21.7341,35.0194,25.7665,35.8649,24.2887,22.1767,34.6558,25.6111,22.9955,30.0842
962,24.4291,30.1473,21.2664,35.9666,25.3142,34.6311,24.0670,21.9018,34.2794,25.7405,23.1342,30.8833
963,24.6749,30.0443,21.3821,37.0614,25.0208,34.9866,24.4725,22.0922,33.2018,26.6877,23.9128,31.0510
964,24.8899,30.3300,21.6231,37.7059,25.7913,33.6601,24.5844,22.0874,33.1768,26.3647,23.4072,30.8435
965,25.2991,30.9668,21.5192,37.6457,25.6679,33.2563,24.5924,21.7231,34.4275,25.5798,23.4400,31.2695
966,25.2114,30.9509,21.8186,38.3491,26.6991,34.1462,24.8182,23.1827,33.5251,26.7291,23.1156,31.3679
967,24.9307,30.3823,23.9831,38.7832,25.8701,33.9253,25.8422,22.0468,33.4806,26.9921,23.2875,31.5959
968,25.0102,30.5393,24.4237,38.2670,26.0726,38.5318,25.7482,21.1145,33.2579,27.5372,23.2544,33.0578
969,24.6106,31.0094,24.6295,37.4210,25.8821,33.7979,26.1000,21.3198,32.5417,28.1474,23.4221,32.4793
970,24.5813,30.1913,24.3617,37.6027,25.8935,38.4633,25.4588,21.2926,32.6523,28.2547,23.9432,32.8649
971,24.9250,30.4561,25.2436,38.7737,25.7560,38.6700,25.6845,21.4986,30.5514,27.3200,23.7134,32.7108
972,25.0515,30.3190,25.3458,38.3954,25.9050,37.8134,25.9919,20.6977,28.6770,27.2295,23.7043,32.3356
973,24.9113,31.6067,25.2563,38.4064,25.2481,37.8894,26.2379,20.0634,30.0815,26.4719,24.0837,32.1269
974,24.5083,32.7154,24.9854,38.4432,25.4327,38.4608,25.6742,19.8614,31.3526,26.3203,22.3823,32.6099
975,24.1585,32.8127,25.3856,38.4953,25.1369,38.8091,25.4609,19.7420,30.1685,26.1654,21.9734,31.7569
976,24.6349,33.3614,24.9039,38.1804,25.4676,38.1877,25.8251,20.4025,30.4596,25.5922,22.0210,33.4259
977,24.4603,33.5677,25.0660,38.0367,25.1207,38.9422,25.7466,19.9421,30.2259,26.0957,22.1021,33.5305
978,25.4020,32.8318,26.3415,37.5262,26.4023,37.8124,25.7228,20.0800,30.0596,27.0785,22.9864,33.2122
979,26.2777,33.0967,26.6568,37.5492,25.8570,37.5427,25.6754,20.8292,29.0778,26.7295,23.9977,32.3388
980,27.3488,33.8837,26.9193,36.8700,26.3368,37.9801,24.5767,22.2508,28.8765,27.0815,24.4650,33.1674
981,26.4720,33.8370,26.3356,35.9148,26.0161,37.5191,25.0866,21.3685,30.6152,27.2583,24.4509,33.9148
982,26.5390,34.1109,25.4949,36.7172,25.4375,36.0745,25.5018,21.6612,29.6903,27.8382,24.6078,34.1098
983,26.6194,34.2709,25.6278,36.4676,26.1150,36.4856,25.9849,21.1655,30.5326,29.0733,25.2560,33.8521
984,25.9177,34.2596,26.2774,37.9923,26.7316,36.1631,25.5219,22.8634,29.4543,28.2982,26.0655,29.5844
985,26.0567,34.6997,21.9361,36.9989,26.9519,36.0417,26.5616,21.7140,29.5337,28.1388,25.5148,29.1672
986,25.7095,35.0195,25.5580,37.2036,27.6131,36.6862,25.4794,21.9969,29.0907,28.3945,25.5890,33.3031
987,25.5130,35.1337,25.4751,37.4919,26.5416,35.7452,25.5068,22.2715,29.7476,28.4073,25.5889,30.3005
988,25.4455,35.0083,25.4340,37.1553,43.1552,35.4088,25.0177,22.3070,31.6140,27.3169,25.0624,33.6640
989,25.0848,35.2251,25.3208,37.7512,25.6483,34.4776,25.3248,22.3871,33.8200,26.2699,24.6894,33.5997
990,25.0096,35.4787,24.8430,38.1924,41.7395,35.0627,25.6864,21.6451,33.2624,25.8506,23.9122,34.0974
991,25.5793,36.2744,24.9362,37.4167,41.9825,34.9875,25.2878,17.6820,31.5772,26.9723,25.0945,34.9259
992,25.4450,37.5928,25.6278,37.3013,24.7539,34.4847,25.8863,18.8417,31.3861,26.8470,24.2512,34.4424
993,24.4290,37.1960,25.0257,36.6553,43.1223,33.9910,26.3712,22.8252,31.8018,27.2478,23.4626,34.5802
994,25.1658,37.7154,26.2736,37.1098,43.9336,34.0901,26.3814,22.8741,31.3973,28.3600,22.7262,34.1059
995,24.8847,37.8194,26.0755,36.9073,44.7035,34.1644,26.7028,24.0283,31.8673,28.8332,22.8488,34.0462
996,24.9607,38.1098,25.9530,36.7652,44.8771,35.7113,27.3895,24.0573,31.9404,29.6083,23.2728,33.9426
997,25.8108,38.1443,25.9579,37.0909,45.9977,35.3456,27.1070,23.9765,32.3400,28.7188,23.2023,34.3754
998,25.5329,38.9977,26.2549,36.7112,45.8148,36.3206,27.6079,24.3509,32.2397,29.3164,22.6289,33.3183
999,26.0346,39.1908,26.7538,36.4775,45.9866,35.3995,27.6596,24.3084,32.2058,28.3065,22.9048,33.3217
1000,25.5413,39.4627,27.4462,36.8257,46.4883,36.7210,27.9626,23.6834,32.3760,29.1906,23.2377,33.6618
1001,25.6739,39.9126,26.7815,36.2606,46.7001,36.8602,27.8280,24.4540,32.4896,29.0016,22.6674,33.2096
1002,25.6016,41.1372,27.4584,36.5594,45.0512,38.6622,27.6908,24.8388,32.5512,28.8140,24.0102,31.8300
1003,24.8854,41.5684,27.6854,35.9295,45.8340,39.0301,26.6576,24.1139,33.4936,29.0494,23.8434,32.4805
1004,24.2588,41.5650,28.0837,36.8175,46.1581,38.3845,27.5973,24.2975,33.7157,28.9355,23.4622,32.0455
1005,24.8034,40.1098,28.5392,36.8892,46.5294,38.4643,27.3124,24.4303,34.3855,28.5750,23.2645,32.0335
1006,26.2370,39.9845,28.4009,37.1880,47.4876,38.3884,27.4760,24.8080,33.6725,27.9906,22.8704,33.1056
1007,25.2154,40.7890,28.7209,35.8862,45.2063,38.4847,27.7767,24.8492,33.1054,27.4336,22.9263,32.6986
1008,26.2799,42.8078,29.2983,36.0472,48.7436,40.2519,27.9299,25.1516,33.2669,27.9243,23.3399,33.2874
1009,26.1811,41.5479,29.3235,35.4632,45.0244,41.9851,28.4746,24.5993,34.3927,27.6024,23.4545,33.4631
1010,25.9312,42.9018,29.9082,34.7904,42.9735,41.8660,28.5460,25.4251,34.2548,26.4172,23.4782,33.1518
1011,26.1354,42.8225,31.0502,34.6955,42.4965,40.8412,28.7158,25.1171,34.7991,25.0816,23.9144,32.8352
1012,26.1445,42.1465,30.8205,34.7606,44.2425,40.5856,28.4161,25.2401,35.4993,24.6476,23.1374,32.0579
1013,25.8442,41.9458,31.2803,34.8825,43.8168,41.5038,28.8293,25.7716,35.6828,25.4766,23.4659,32.7691
1014,25.0276,42.0449,31.2698,35.3363,49.5545,40.5518,28.9639,22.5490,35.0653,25.5365,22.9447,32.0431
1015,25.5096,42.8676,29.5637,35.0438,49.3834,40.7531,29.8161,22.1279,35.5546,25.0583,23.2890,33.2558
1016,25.1672,41.7694,31.2362,35.4739,49.2395,40.7450,29.3706,22.5340,34.9295,26.3569,24.1971,33.0413
1017,24.9127,41.5608,28.8294,34.7799,50.3016,39.6393,29.9157,22.7043,33.6971,25.6831,24.4507,33.2486
1018,25.5038,41.6749,28.0717,34.5916,46.7218,40.2199,30.1811,25.0332,33.6322,25.7922,24.4396,33.1351
1019,25.1741,42.2055,28.4464,35.6203,46.2067,40.6291,30.1734,27.2220,35.2927,26.8451,24.8676,32.4792
1020,25.8771,41.4728,30.5008,35.3083,46.4469,39.3811,30.4394,24.6974,33.9188,27.2496,25.1697,33.4064
1021,25.8030,41.5603,29.2821,35.0245,47.2584,40.5785,31.4830,24.3395,34.5933,28.1641,25.1642,32.3171
1022,25.4056,40.4153,29.0334,35.5494,48.5703,39.4250,32.2875,24.1867,34.4721,27.7027,25.5815,32.6117
1023,25.1433,40.6651,28.2999,34.6208,48.5621,39.4465,32.3340,22.1973,34.3851,27.2223,24.8082,32.2100
1024,24.2126,40.2523,28.7478,33.8748,52.6114,39.3396,32.5626,22.2969,33.9562,26.6657,26.0529,31.7654
1025,24.6271,40.8819,29.5130,33.1659,50.4945,38.8619,32.4610,24.5883,34.4843,26.8723,26.4581,31.7506
1026,23.9215,40.4707,26.0836,29.9848,31.8051,38.5354,32.9961,26.1613,35.7370,27.9693,26.9628,31.3156
1027,24.2749,40.7293,26.4390,30.4897,32.1262,37.6804,32.5155,26.5097,35.2075,27.5849,25.5587,30.8617
1028,24.4893,41.0531,25.4964,29.5550,30.7358,38.6599,32.3066,26.8936,35.3743,28.6424,25.4580,31.2116
1029,25.5360,41.1049,20.9698,29.8788,31.2817,38.9934,31.6931,26.6491,34.8260,28.5513,25.3914,32.1285
1030,26.5858,42.6678,21.7225,32.2394,30.9028,39.3662,30.7816,27.5165,33.6771,28.1215,25.4818,32.5714
1031,26.0819,42.6134,22.8672,29.8445,31.4190,39.1112,30.4738,25.6035,32.2231,28.1013,25.6523,32.9293
1032,26.4603,43.0368,28.7770,28.9426,30.7907,40.2205,30.7368,24.9222,32.3647,27.3692,24.9895,31.4219
1033,25.9480,42.3576,22.4017,29.0887,27.3416,38.9586,31.0090,27.2779,33.2453,28.7177,26.3007,30.7770
1034,25.7495,42.7843,22.3193,29.1784,26.6769,39.2026,30.9759,27.1435,34.7923,28.3995,26.8966,30.7477
1035,25.6267,42.7243,23.6569,29.6363,27.0576,39.8028,30.7359,27.7756,33.9226,28.5276,26.4418,30.0285
1036,26.0050,43.1899,22.9039,30.9577,26.9865,39.3401,31.0724,25.7096,35.2762,28.5417,25.2811,29.4875
1037,26.7715,43.7222,26.9616,31.2331,26.8626,38.8440,31.4828,24.6815,33.8630,27.3717,25.1385,29.1034
1038,26.5654,43.2003,26.8107,29.3273,26.6862,37.5190,31.6989,25.9476,33.0081,28.9930,25.6856,28.9616
1039,26.3583,43.3805,26.8420,29.1899,26.2077,36.5660,31.4849,28.8540,33.4716,30.2223,26.2198,28.1906
1040,26.5466,44.2304,26.1625,31.9330,26.8536,37.6452,32.2561,29.5160,33.5039,31.2345,25.9410,30.8629
1041,26.1678,44.1372,25.4693,31.8201,27.2291,38.5336,31.5361,29.4842,33.7735,29.7575,26.5078,29.5963
1042,26.3122,44.3727,25.2643,29.1297,27.9181,38.0344,31.3086,29.8761,33.8265,31.5176,26.1883,29.3713
1043,25.4265,45.2761,26.0059,26.5747,28.0042,39.6195,31.1109,29.0283,32.8248,29.4066,25.6625,29.4427
1044,25.7112,45.2533,25.5385,29.7526,29.0012,38.3737,31.1440,26.9444,31.2848,29.5779,24.9128,29.8269
1045,26.2804,45.3156,21.9940,29.4421,28.9195,39.2914,28.8717,24.7460,30.4366,29.0617,24.9353,29.6803
1046,27.0936,46.1838,21.6065,29.1629,29.6888,38.7838,28.7088,25.7840,31.3327,28.0364,24.3740,29.4504
1047,25.7918,43.2682,21.5854,29.0974,30.2345,37.5263,29.5889,25.8078,30.6410,28.3122,25.0205,30.3374
1048,27.0904,43.4477,22.3899,30.3493,29.4111,37.5532,29.7221,26.0680,30.7238,28.6852,26.4117,31.4762
1049,26.8585,43.8356,27.2094,30.2012,29.3522,37.6501,30.0452,26.6412,30.7869,27.0986,27.0458,32.2439
1050,28.5080,44.7424,22.4442,29.3528,28.3332,38.0895,31.0070,29.7670,30.1857,27.4332,27.0336,31.7131
1051,29.2248,43.9936,22.2813,29.9401,29.2176,37.6663,30.5220,26.6757,30.0392,27.1449,27.0299,31.4289
1052,27.7507,44.8343,21.7248,29.8294,32.1131,36.9957,31.5155,29.7892,31.3559,26.3461,27.2436,31.1240
1053,28.1474,45.4590,25.7974,29.7438,30.2760,37.3103,31.5859,28.6492,31.3924,26.1566,26.7301,29.8060
1054,27.8981,47.7876,21.9859,29.7154,31.3265,37.8993,32.4305,28.2212,31.7587,24.5813,26.9081,30.3570
1055,27.7615,47.8337,25.9985,29.7630,44.5503,40.3544,33.1102,29.4631,31.3828,23.8199,26.3580,29.4298
1056,26.7448,47.2453,25.6791,29.5776,45.5454,38.5091,36.3708,28.4864,31.5428,23.7824,27.0664,29.3150
1057,27.4476,46.6291,26.8870,30.7101,45.1438,39.2352,36.6325,27.9189,30.8473,22.9098,26.9368,29.0037
1058,27.3764,45.8476,26.8512,30.5173,45.3891,40.3833,35.1279,27.6228,31.7098,22.8609,26.9142,28.5057
1059,27.2767,45.7379,26.9123,30.9532,45.0155,40.6206,34.4275,27.8994,30.2146,22.8927,26.9452,28.8085
1060,27.4668,45.9510,27.1392,30.9774,44.7630,41.7197,36.5107,27.5364,29.8772,22.7065,26.6845,28.4593
1061,27.7020,43.0650,28.3857,30.9755,44.4923,41.9103,36.5178,30.3515,29.0620,23.1683,27.0656,27.7621
1062,27.4985,43.2674,28.2517,30.3367,43.5956,43.4086,34.9022,30.6957,29.7440,22.5165,27.2633,27.8644
1063,27.8547,46.2174,27.7061,30.3123,42.3836,43.2961,35.0939,29.9003,29.3772,22.4344,27.0980,28.5063
1064,27.9740,44.1282,28.9566,30.5808,42.8936,43.4278,35.3074,30.1890,30.7485,21.9614,27.2291,27.4570
1065,27.9860,44.2894,29.5105,27.5720,43.4518,41.4787,35.4767,29.0856,29.7924,21.5279,27.3632,27.0017
1066,27.5705,43.9251,29.4106,27.4130,44.7268,43.0147,36.2172,28.7607,29.2087,21.8559,27.3747,28.2084
1067,27.9104,46.4139,31.4825,27.9195,44.7151,41.2053,38.1992,29.4601,28.7124,22.1867,26.8993,28.4927
1068,28.3039,43.4971,31.9327,27.4147,45.9904,40.4870,37.9881,29.0226,28.6277,23.1824,27.7951,28.2274
1069,28.7886,45.7536,32.6477,28.1387,45.6396,40.7138,37.5072,28.6111,29.0395,21.1272,27.5208,28.4290
1070,28.9964,43.3999,32.2795,29.0314,45.1855,41.0349,38.0579,28.0134,28.6772,20.6748,27.8595,28.7569
1071,29.2122,43.9093,32.3971,29.6464,48.0987,42.4333,38.4949,28.3659,28.0043,21.5880,27.7147,28.8518
1072,29.5303,44.1712,31.9649,29.2981,48.1228,41.8612,37.5928,29.2430,29.0301,21.6852,28.0808,28.1829
1073,28.9143,43.2451,29.3611,28.9178,48.9991,41.9169,38.6158,26.1931,28.4617,21.3905,27.4670,28.7576
1074,28.4551,41.6216,29.3177,30.0096,50.8804,43.0233,37.5147,25.7793,28.6338,21.1213,27.6337,29.4630
1075,28.4567,41.1399,29.8334,30.1706,49.9570,41.9929,38.0856,25.7708,28.6790,20.6382,28.6483,29.0922
1076,27.3386,42.2423,30.2610,30.5435,31.9750,42.1958,37.2531,27.1122,29.3360,21.7366,28.6832,28.8274
1077,26.9826,43.6748,29.6151,30.5012,31.9628,40.9173,37.3780,26.0115,28.8432,22.1870,28.4434,28.1261
1078,27.6836,44.2834,29.0440,30.1274,31.1378,41.8616,37.9894,22.3693,30.4125,22.5009,28.1921,26.9693
1079,27.5013,43.2092,28.8332,32.5378,31.2325,41.5667,38.1248,25.3180,30.6488,23.5021,28.4339,26.0435
1080,29.4425,42.0094,28.4223,33.0444,31.8884,41.1784,37.6594,25.7231,31.1548,22.1977,28.0071,26.5638
1081,29.4529,42.4093,24.7022,33.1252,48.7006,41.4596,36.9912,26.5375,30.8635,22.9964,27.5581,27.3424
1082,29.0288,41.8241,25.5114,32.7890,30.9976,42.5458,37.0018,22.9419,31.2722,23.3766,27.5911,28.5655
1083,29.3080,42.2811,29.3310,32.5205,47.5350,42.2510,36.9577,22.9277,29.2189,23.7138,27.5835,27.8328
1084,29.7510,42.1034,29.3332,32.0115,31.3475,40.4747,36.6513,26.4103,29.8059,23.9939,27.2308,27.9539
1085,29.2648,42.1071,29.0123,32.4486,32.5465,39.5598,36.6971,26.0813,29.3216,23.8416,26.5831,27.9627
1086,29.7908,43.3289,29.2870,32.9605,32.6924,39.1317,36.7117,26.2293,30.5832,23.5382,26.7624,27.6953
1087,29.5498,43.6976,28.8917,33.4032,33.2855,38.8925,36.7616,26.4154,30.0180,24.3367,27.1107,27.3328
1088,28.6948,44.0414,28.8533,32.5379,32.6433,38.7946,37.1332,25.1517,29.9607,23.6173,27.9065,27.2804
1089,28.2158,43.3595,28.9496,32.5029,32.6401,35.4056,36.8068,25.0955,28.6047,22.8209,28.2489,28.1025
1090,27.3421,44.0537,24.5656,32.9865,33.7143,40.7041,35.7859,26.2838,27.8696,23.3576,27.9915,27.8118
1091,28.0161,43.8272,25.4154,32.1296,31.9289,40.4395,36.4439,26.8536,27.1554,23.0745,28.1926,28.2496
1092,28.9737,44.0529,29.7033,31.7482,32.7331,40.4483,36.0068,26.3676,26.0267,23.2820,28.6204,27.9908
1093,29.3121,44.4125,30.3011,32.2181,34.0057,35.1743,36.4360,26.0454,26.9332,22.7849,27.4623,24.9849
1094,29.0677,44.7701,30.8750,29.5168,49.1810,35.9689,36.4990,26.1828,28.0447,24.0844,27.8208,24.2690
1095,29.2741,45.2266,29.8700,29.3439,49.4822,36.0211,36.6251,28.4216,27.7920,23.5449,27.6683,23.6501
1096,28.0042,43.9263,30.8645,30.0571,49.9989,36.4300,36.1595,27.7116,28.5714,24.2084,28.5152,23.4389
1097,29.3111,44.9473,31.2743,29.7064,49.7591,35.2915,36.0869,27.1349,27.8460,24.0062,28.6689,23.6544
1098,29.6751,44.9841,31.0073,29.0319,49.7214,34.7579,36.8433,25.1644,27.3110,24.5773,27.7520,24.2326
1099,29.6056,45.8194,30.8814,29.9669,49.9621,35.0373,36.8676,28.2774,27.4811,24.4747,27.4949,24.9510
1100,29.0334,45.7497,30.8156,29.7511,51.0526,37.2029,36.9811,28.8690,27.5473,24.0940,27.5058,25.2140
1101,29.4227,44.9521,27.2023,29.0809,50.6516,35.8195,36.4916,29.6321,27.5285,24.5196,26.6813,25.8650
1102,28.9669,44.8684,27.0805,29.6399,35.7972,36.0564,37.4347,29.2492,28.0493,24.1116,26.7912,25.8493
1103,28.1762,44.5030,26.6454,29.8921,36.5917,36.2439,38.2342,28.8230,28.3629,24.8196,27.5152,26.1775
1104,29.6105,43.4860,27.3061,28.9060,49.4762,35.9964,38.6429,26.2144,27.4328,24.1672,27.4391,26.0119
1105,30.3656,42.7891,28.1387,28.1332,50.9946,37.0372,38.2588,26.6905,29.0770,24.9606,27.8509,26.6544
1106,30.9593,44.5430,27.3764,27.9645,50.4388,36.8882,38.5847,24.9857,28.5319,24.2826,27.9574,26.9248
1107,30.1948,43.9366,27.1335,27.7294,50.3139,37.7839,38.0877,25.3167,27.8030,24.1312,26.9309,27.2754
1108,30.0431,43.6901,27.3886,23.5143,49.5200,37.4080,38.5669,24.9093,28.2535,25.0067,27.8364,25.8784
1109,30.0700,43.8906,28.0004,24.0009,48.8756,36.5594,38.8869,24.6018,29.3258,24.6366,28.1156,26.0688
1110,29.0280,43.6952,28.2271,24.2782,49.7141,41.1974,38.8829,27.4295,29.4795,24.9103,27.3783,25.2562
1111,30.0465,44.5787,29.3166,23.9188,49.0361,36.4201,38.0395,28.7039,29.5131,23.9833,27.6178,26.6601
1112,29.7742,42.8631,30.7279,24.7342,49.8864,41.2224,37.6386,26.6625,29.0590,23.3566,27.6874,26.0910
1113,30.5555,45.6930,29.2095,24.0916,49.0040,41.7075,37.8385,23.2931,29.4895,22.0322,28.1780,26.7705
1114,30.4332,42.6364,30.2755,24.3333,35.9954,40.9766,38.6288,22.7290,30.6470,22.6969,28.2396,26.5850
1115,30.0412,41.8735,31.4015,24.1031,50.4807,41.0168,39.1499,26.8247,30.9916,23.0276,28.3267,26.1017
1116,30.2874,42.0572,31.6886,24.4431,50.3895,41.2068,38.8772,26.0975,31.8865,22.9066,28.7034,25.8818
1117,30.6341,43.6418,31.1956,25.0487,48.9747,39.9990,38.1103,29.0894,32.1328,23.9362,28.3483,25.3347
1118,30.0681,44.4936,30.2608,24.8297,47.8651,41.8612,38.7374,27.3072,32.4768,22.8557,29.3460,25.7812
1119,30.6948,45.1855,29.9351,24.9666,48.6990,42.3487,38.8301,27.2981,31.3223,23.7506,28.8242,24.6531
1120,30.9642,46.0079,35.0159,26.1862,48.2257,42.8552,39.7605,25.8237,30.9267,23.3466,29.0796,25.1698
1121,31.1998,45.0929,34.9973,25.1075,47.6915,42.7751,39.1812,25.0676,28.9007,22.9542,29.3566,25.5991
1122,31.0586,46.1731,34.8112,26.3452,48.6248,42.7690,38.6368,25.3786,30.5766,22.0997,29.0369,26.7688
1123,31.2290,45.8707,34.9994,26.3464,49.0856,42.2160,38.5403,25.8175,30.8791,22.5233,29.3682,25.8714
1124,31.4712,45.4505,33.6047,25.1860,46.9679,40.6250,39.3249,26.4278,31.3726,22.5715,29.0435,24.9870
1125,30.6134,45.0365,34.4928,25.6558,47.8724,42.0289,38.6612,26.7510,32.6474,23.2489,29.4805,25.3711
1126,30.6644,41.9866,35.1693,25.3219,48.4552,39.9884,39.4862,26.1889,32.9432,22.9049,29.6751,25.5215
1127,29.8274,46.8709,35.4102,25.2830,48.3948,42.7391,38.3031,26.0421,31.8108,21.6366,29.1753,26.5123
1128,29.4495,46.3227,35.1574,29.0249,48.2851,42.6630,34.2887,26.6352,31.9506,21.8934,29.0797,26.4753
1129,28.7925,42.7790,36.0692,26.2946,48.8319,42.5556,34.6130,26.5773,31.8223,21.9771,24.9191,25.6364
1130,29.1273,46.6572,33.1818,26.0268,49.8436,42.6454,33.9419,26.8966,31.1241,22.1476,24.5327,24.7140
1131,29.4382,44.6336,37.8606,25.0587,49.6551,43.1807,38.0983,27.0004,31.4492,22.0195,25.6590,23.4080
1132,30.0906,44.9489,37.4400,25.4115,50.2760,43.6954,37.7505,26.6791,31.1677,22.7327,26.0973,23.5918
1133,30.5816,45.2168,37.3412,28.4781,51.0676,42.3590,37.6979,26.6774,31.9247,22.6367,25.7238,23.8776
1134,31.1538,44.9363,37.3548,25.1762,50.7664,41.8254,37.6764,26.9827,31.6054,22.6437,26.4433,24.2673
1135,31.9531,44.4295,39.3136,25.9550,49.4229,43.0290,37.9903,27.7404,31.5449,23.0868,27.0313,24.5230
1136,30.4499,44.2646,39.3252,25.9641,48.7685,42.2017,38.0000,27.9771,30.5927,24.0499,30.6207,24.7673
1137,30.1219,43.2785,38.0826,26.2899,48.1415,41.3084,37.2291,27.5594,30.5855,23.3635,27.5745,25.2894
1138,30.5405,42.1067,37.8663,25.1156,47.5792,42.3477,38.4043,27.2025,29.7192,22.4276,28.1298,25.6775
1139,30.8158,43.3566,36.8276,28.2669,47.7981,42.6276,38.1263,26.7134,30.5641,23.1876,27.6468,25.9502
1140,30.6861,43.8869,32.3225,29.7326,48.4274,43.8552,38.7114,26.7707,31.4044,21.5673,29.0121,26.7411
1141,30.4369,43.7336,33.1032,30.0576,48.2088,43.8529,37.9613,26.9446,32.3160,22.1275,30.9396,26.8183
1142,30.0504,43.4911,32.8519,26.1692,49.6861,43.7452,38.6865,27.5175,31.7330,22.2514,28.6046,27.2677
1143,30.0682,43.5941,34.8035,31.2669,49.4899,44.5347,38.9207,26.4998,31.8597,22.3276,27.1387,27.5253
1144,30.2430,44.7829,33.4802,26.3600,50.0707,45.0760,38.8245,27.4596,31.5683,21.6017,26.8615,28.3782
1145,29.7922,44.8873,34.1278,26.8786,51.6171,44.8554,38.5798,26.8520,33.6945,21.9837,25.9266,27.8681
1146,29.8099,45.6716,34.5078,26.8539,49.9869,44.8521,39.2979,26.8064,34.3538,22.8438,26.0625,28.6225
1147,29.7524,45.8369,34.8102,26.5393,50.6420,43.7471,39.7781,27.4133,34.2446,22.5785,29.2500,27.6829
1148,30.6244,46.7017,35.4175,31.0036,50.8763,43.8142,39.6798,27.5006,34.6298,22.9723,29.1501,26.8190
1149,30.6820,48.0151,34.1760,30.0928,49.8398,42.6833,39.4936,29.3085,33.6308,22.5963,28.8061,7.8956
1150,30.7969,48.1656,33.2786,30.5242,49.6548,42.8078,40.1451,27.6004,33.5223,22.3816,25.7408,7.9837
1151,30.7652,49.0082,33.0857,30.8327,50.0561,42.9324,40.6767,27.0507,31.9290,23.1347,25.7960,7.8931
1152,30.6548,47.2902,33.5163,30.8490,50.2725,42.7360,40.5056,26.9473,32.0868,22.3625,25.3317,8.3069
1153,30.9225,47.3127,32.8535,30.8613,49.5188,43.0550,40.1729,26.1977,32.1109,22.1890,26.0819,8.2453
1154,30.0048,46.9133,32.7832,31.4412,50.3313,42.9929,40.6612,26.4497,32.1128,22.3200,25.3625,8.0545
1155,30.4621,47.3558,32.4577,31.9331,50.1434,43.1611,40.8762,26.4403,32.3692,21.4417,25.5832,27.1986
1156,29.9152,47.4897,31.4027,32.2892,49.9883,43.2841,41.4437,26.8634,31.2656,21.7447,25.5512,27.1697
1157,29.5379,46.9965,32.5960,32.4246,50.0141,43.8519,40.4347,25.8798,31.4689,21.5840,25.5257,26.6994
1158,30.6357,46.8801,32.2452,31.4957,50.6112,44.3758,40.6771,25.7733,31.3154,22.4905,25.0668,26.3657
1159,29.9575,48.0050,31.8134,32.7831,50.4167,43.0988,41.2913,25.6918,31.1004,22.4858,25.2900,26.3403
1160,30.3286,47.0118,31.5981,31.8001,52.0718,42.5314,40.8456,25.7784,31.0727,22.9478,25.7354,25.6823
1161,30.2402,47.4234,33.0552,31.0863,51.8956,42.6801,41.5145,25.0195,29.6019,23.1798,25.3837,25.6103
1162,31.7252,46.5939,33.5442,30.6369,53.7012,42.8587,42.5521,24.7394,29.2115,24.0034,26.0240,26.0150
1163,31.6406,47.9465,33.6168,31.9001,52.3682,42.4814,42.1534,24.0166,29.5837,24.0568,24.8445,25.9583
1164,31.3886,48.6080,33.4351,31.4980,51.9926,42.6385,42.4215,23.8076,29.7254,23.4092,24.5331,25.8711
1165,30.8529,49.4469,34.9006,30.2107,51.3323,42.7062,43.2449,23.5645,30.0988,23.2849,25.7070,25.9851
1166,29.7291,49.3571,34.9760,30.5948,51.1343,42.8253,43.2849,24.0059,30.5981,23.5659,25.0847,25.7106
1167,29.4146,49.5121,35.0126,31.5133,51.7424,43.0599,42.4915,23.7136,31.3087,23.0418,24.8978,25.0589
1168,29.9539,48.9635,35.3644,32.4692,51.2940,43.4607,42.8408,24.0933,30.0074,23.0901,23.3946,25.9317
1169,30.4204,49.7524,35.2355,32.8044,49.4267,42.3544,42.7715,24.0093,29.5161,22.6986,22.9611,25.3715
1170,30.1497,48.5146,34.4254,32.5999,50.3909,42.7115,43.2808,23.3308,29.1214,22.7283,23.0526,24.7549
1171,30.8815,49.2499,33.9629,33.2910,50.5285,42.8935,42.1273,23.9447,30.1959,23.4380,23.5379,25.1755
1172,30.5146,47.6832,33.0812,32.9733,50.9285,42.1995,42.7044,24.7074,31.5108,23.0054,23.2416,24.0738
1173,29.8178,46.9152,32.5885,32.5973,46.4900,42.5593,43.3227,25.1628,31.8787,21.9415,22.4802,23.6044
1174,28.8589,47.1641,31.4867,32.5610,45.6868,42.2006,42.6725,25.7784,31.9539,22.1157,22.8309,23.8034
1175,30.0277,47.1463,30.8227,32.8677,46.3413,46.8492,42.5971,23.8099,30.8489,22.6409,27.6581,23.4169
1176,29.7945,47.6010,31.0355,32.4257,46.0412,41.7365,42.3855,24.4079,30.8280,22.4410,23.3825,23.9536
1177,30.9131,45.7447,31.9916,32.7971,46.1360,46.6708,41.2351,24.4864,30.4321,23.1103,24.2600,24.6914
1178,30.6281,45.3962,32.5752,33.0238,45.5375,46.0046,41.5721,24.4805,30.5226,21.4475,24.2675,25.8408
1179,30.4793,44.8662,32.3152,33.7393,46.5951,46.4106,41.2073,24.9793,32.6253,22.1292,22.3504,25.8741
1180,29.8135,45.0817,32.6879,34.2653,46.4088,46.8933,41.3104,25.3422,33.1376,21.7037,23.6054,26.3646
1181,29.1159,45.2479,33.7259,32.7111,45.1297,42.8878,41.2151,25.3321,32.6897,22.6050,23.6407,26.8737
1182,29.1579,45.9005,33.7972,32.4551,45.3921,42.7715,40.5089,23.8316,33.0342,22.5143,27.0982,26.5392
1183,29.1059,45.9844,34.1240,33.0455,45.2347,43.8480,38.8440,23.5413,35.3669,23.0769,22.8768,28.7178
1184,29.6981,47.2785,34.0913,33.4067,48.2810,43.0432,38.9444,23.6849,36.1503,21.3393,23.0500,29.4581
1185,30.9136,47.8427,34.5239,34.0065,45.4354,43.0632,38.8559,23.7317,36.5668,22.2650,23.4235,8.7702
1186,30.1970,47.8978,34.2944,32.6432,45.2474,42.2427,38.2712,23.7042,35.3490,21.6006,23.8145,8.5748
1187,29.3132,47.4423,34.6307,32.2625,46.5568,42.9171,38.0333,24.9731,32.5728,21.7282,26.8302,9.4659
1188,29.8144,48.5610,34.8244,31.7173,49.7267,42.6056,37.6471,24.9690,31.8866,21.5207,26.4745,9.0299
1189,29.2118,48.8553,34.9701,31.5688,50.3983,42.4503,38.9099,24.5987,30.8976,21.4085,25.7772,7.8806
1190,29.4050,48.8600,34.6599,30.0323,50.5589,42.4926,39.2896,25.9086,29.8473,20.5648,26.6916,8.9076
1191,29.2113,48.6802,35.5917,30.8035,50.3317,42.0372,39.5141,26.4573,32.0887,21.4946,22.4549,8.5812
1192,29.2736,49.6979,36.4701,30.5839,49.4530,43.5188,38.8972,26.8477,31.2829,21.8926,23.0854,8.4823
1193,29.4431,48.9420,35.9335,31.8408,51.2987,43.2422,38.5522,26.1823,31.0755,22.6936,22.2246,8.0198
1194,29.3913,49.2605,32.8419,32.2530,49.5769,43.1430,39.2141,26.8815,31.3128,21.7560,22.1110,7.9404
1195,29.0731,49.3141,32.8787,33.2575,49.5002,43.5344,38.6416,31.2481,31.3963,21.6406,21.6717,7.9131
1196,28.8546,49.3481,32.9505,33.3155,47.9370,43.9772,38.7287,30.8374,31.4780,21.2909,22.7052,8.2984
1197,28.7728,48.2067,32.2356,34.1041,47.0982,44.3829,39.1840,27.8621,28.6488,22.2948,22.9195,8.7167
1198,29.3008,47.6487,32.2713,33.1928,49.0218,44.2567,39.4496,27.7177,28.6713,22.5888,22.5691,8.6183
1199,29.3340,47.8975,31.7430,34.2259,49.8891,43.5208,38.8203,31.1234,28.1343,22.6672,27.0302,9.2945
1200,28.8686,48.6966,32.0080,33.4247,48.1208,43.1562,39.2580,30.3462,28.4372,23.5093,27.3419,8.5921
1201,29.1607,48.9612,31.7021,31.1588,47.2560,43.8379,39.2331,31.1203,28.1320,23.1769,27.7647,8.3474
1202,29.4897,49.3863,30.8042,31.8069,46.7396,44.3854,39.4439,30.5911,27.3852,23.2944,26.8613,8.3988
1203,29.9384,48.2464,30.8358,31.9949,46.2364,43.5511,39.3473,30.4582,27.4341,23.4957,27.0172,8.1260
1204,30.3028,48.0912,31.8909,31.3367,45.9485,43.9013,39.0912,30.2246,26.4258,22.5610,25.8750,29.2664
1205,30.3301,46.7019,32.0062,31.6222,46.7476,44.4256,39.3080,29.8817,27.6805,28.3172,25.6144,29.4323
1206,29.9848,47.3488,32.1511,31.6000,47.5021,43.6494,38.9926,31.2875,27.9314,22.9289,26.5104,8.1605
1207,29.9329,46.3669,8.0516,31.3902,48.9224,43.9302,38.9483,30.2940,28.0050,22.8834,26.4293,8.3133
1208,29.6325,45.6731,7.0415,31.1045,47.5642,44.0762,39.1130,30.7916,26.9075,21.8733,25.8149,8.9625
1209,29.1975,45.3372,7.7606,35.1915,47.4290,47.8565,38.9010,29.0321,27.1019,22.1429,26.2596,8.7334
1210,28.9083,45.8417,7.4678,36.9916,49.3070,47.6662,39.1987,29.7173,27.5786,20.7732,25.6713,8.8378
1211,29.5275,46.1958,7.5733,36.3070,46.5844,47.2615,39.4435,29.4015,27.1992,22.1038,26.2548,8.6971
1212,29.1551,46.3226,7.5662,36.2587,46.9017,46.8392,39.4513,28.4734,28.1603,21.1675,26.0634,9.1532
1213,29.1142,45.9467,7.5832,35.9151,47.3867,46.4052,40.1399,29.1426,27.6562,27.1111,25.9756,8.8071
1214,29.5601,45.9448,7.5048,38.8496,47.5291,45.5517,38.6793,28.0713,27.5003,26.2969,25.9217,8.7274
1215,28.6472,45.8923,6.7439,38.1182,48.4880,46.0742,39.3245,27.7092,28.0541,25.7290,26.4402,9.2936
1216,29.7483,46.2620,7.7480,37.4789,48.6634,45.1866,38.9400,27.8322,28.0328,25.6960,27.4594,30.5174
1217,30.3875,45.5948,6.5159,37.4948,49.2893,45.5520,39.7991,27.4793,29.2108,27.6982,28.1691,30.2180
1218,30.1571,46.7963,6.8537,37.6425,49.9104,45.6418,39.4742,27.5332,29.1349,26.6213,27.5773,29.5890
1219,30.1000,46.8606,6.3849,34.9901,49.8861,45.7883,38.9677,28.1400,28.2724,26.9549,27.2755,30.5597
1220,29.6248,48.1162,6.0277,34.2964,50.4084,47.0482,38.3871,28.8063,28.0488,25.0987,26.7883,8.2811
1221,29.5925,48.2486,5.8770,33.0953,50.6604,45.8667,37.3154,28.9548,28.0477,26.3912,27.9038,8.7483
1222,29.7012,47.6629,6.1100,32.4235,50.5829,41.2552,37.8462,27.1373,29.2274,25.9299,27.6727,8.6762
1223,29.7368,48.2129,6.0077,33.7122,50.9110,40.4932,38.4868,27.7893,28.5658,26.9296,27.2617,8.3617
1224,29.7626,48.0660,28.5720,37.4273,51.3141,40.0584,37.9949,26.6858,28.1950,26.0319,26.9714,30.0179
1225,30.3071,48.0959,27.7878,36.9900,50.3575,39.8937,38.0186,25.7194,29.2666,25.1149,27.4432,8.1510
1226,29.5515,49.4356,5.7513,37.7032,49.9780,39.8406,38.0300,24.6496,28.9939,25.4474,27.1813,8.4229
1227,29.7503,49.7687,27.0863,37.0224,49.5278,39.7441,38.3211,25.7466,27.4989,25.0809,27.3683,8.4778
1228,30.3417,50.5280,27.4930,37.4285,49.8077,38.6427,38.6735,25.8709,27.8606,24.7601,27.1320,8.4242
1229,30.7490,50.6778,28.3283,37.6628,48.5588,39.3060,38.1169,26.2232,27.8806,25.1372,26.5959,8.0644
1230,31.1719,50.2426,28.2415,36.3485,47.5187,38.3813,37.6425,25.9971,28.5131,25.5032,26.5974,8.1910
1231,31.3666,51.0995,28.9021,35.6939,47.4522,43.5033,36.9922,25.1860,27.9113,26.5309,25.5532,7.7339
1232,28.2694,52.6150,28.7076,35.7391,47.5657,43.8530,37.3146,25.3119,28.6409,26.9550,25.9150,7.3506
1233,28.7818,52.1011,27.9191,32.9928,46.9788,39.6418,37.8904,25.6259,28.3421,28.5104,25.8105,7.6987
1234,27.9415,52.3376,27.1913,31.0729,47.1624,39.2282,37.7800,25.2530,27.4116,27.3024,26.2910,7.4532
1235,31.6799,51.2273,27.1080,31.2336,46.9367,39.3616,38.1758,26.6957,26.7857,27.6239,26.2390,6.9459
1236,28.2335,50.3539,26.4740,31.1195,47.4006,38.9027,38.2213,27.1913,26.8478,26.3554,26.0393,7.6050
1237,32.0123,50.2253,28.5141,33.3487,46.9675,39.6463,38.6788,26.3761,30.2684,27.1015,26.1186,7.5278
1238,31.5194,50.7490,29.8719,32.2255,46.2539,44.0019,38.1444,27.0756,28.2850,27.0930,25.8882,7.4217
1239,31.0090,51.2341,29.1506,34.3979,45.4348,43.5446,38.4822,27.1848,27.7049,27.1789,25.6005,7.7646
1240,30.9474,50.7113,26.7420,32.9626,45.6293,37.4889,37.2942,27.6051,26.6780,29.2034,25.5610,7.6138
1241,31.2790,51.3852,5.8462,33.5883,46.1577,38.5399,38.4752,28.1291,25.8908,28.7300,26.4274,30.2159
1242,31.1385,50.7195,5.9440,32.3000,46.7780,38.6876,38.6541,26.7728,25.3990,28.5849,25.6606,8.1157
1243,30.4321,50.0487,6.0001,34.1592,47.4337,38.2783,39.0547,26.8558,25.8187,26.7638,25.2121,8.7046
1244,27.6674,50.5744,6.2548,33.7939,45.4927,38.2829,38.9668,26.6824,27.0831,26.5112,24.8360,8.3392
1245,27.9393,51.3848,6.1906,34.9722,45.3078,42.7496,38.6833,27.3668,28.0261,27.3970,25.5609,8.0126
1246,27.7833,51.7752,6.2818,37.3855,45.1584,43.1646,37.8630,27.5561,28.3520,28.0739,25.3722,7.9304
1247,27.4714,51.1003,5.7832,37.9495,45.0909,42.4716,38.6218,26.7020,29.2315,28.0111,25.0145,7.7225
1248,26.7007,51.4975,6.1332,37.5396,44.7067,40.7180,39.0649,27.1805,28.0774,28.9248,24.9459,7.6748
1249,27.2540,52.6898,5.7166,37.3816,45.5339,41.7732,38.6880,27.1512,28.7985,28.9275,25.4672,7.9845
1250,27.7797,53.6268,11.3104,37.3786,45.0358,36.7538,38.3891,26.2319,26.6536,29.3821,22.7138,7.7565
1251,27.9531,52.3368,10.7443,36.7330,44.2337,37.9435,38.8825,26.4433,28.2948,30.0835,19.0744,7.4476
1252,27.5235,53.3197,10.4864,36.0998,44.9818,38.0875,38.4065,26.3487,27.2314,28.1217,23.8181,7.5468
1253,26.4812,52.2261,10.2297,35.8861,44.8465,31.6032,39.2083,26.5398,26.8421,29.2788,19.3668,7.6860
1254,25.5932,52.0793,9.7865,36.3441,45.9355,33.0854,38.8581,26.7172,26.7411,28.8672,20.6752,7.5078
1255,25.7058,51.7215,10.2791,32.9638,43.8445,31.5192,39.2998,26.6647,26.6532,29.5563,20.5042,7.8108
1256,26.1492,53.4002,10.5645,32.2818,45.5726,33.9386,38.8729,27.4708,26.6153,29.6805,20.4015,7.7628
1257,25.1087,54.1603,32.9139,32.0519,44.4047,38.1533,39.3280,27.1092,27.9311,28.2772,19.5383,7.5074
1258,25.4557,54.2447,28.0563,32.8002,44.9958,33.7961,39.7510,27.3693,27.6363,28.7704,23.7960,7.1724
1259,29.0670,55.1963,28.9633,28.9426,44.4605,40.2113,39.0987,28.0984,26.6896,28.0912,24.3750,7.4903
1260,25.3138,55.4730,33.5289,28.8131,43.5710,30.7203,39.4476,28.5868,28.3843,27.8338,24.5975,7.8860
1261,26.2228,55.1875,32.7348,29.9874,45.8794,30.7686,39.5604,28.3504,27.4664,27.8692,23.4151,7.9873
1262,25.7069,54.5998,33.4067,30.7389,45.9527,37.3714,39.2494,28.1009,28.0587,28.8861,23.9602,8.0891
1263,25.3893,55.1555,32.6705,30.3202,44.8977,35.5005,39.8094,28.6849,29.1606,29.6359,24.1007,8.0432
1264,25.1916,54.1583,32.2564,29.8938,45.0861,37.9489,39.6723,28.9039,29.3578,29.2875,24.7912,8.0687
1265,25.5499,54.6776,32.2411,30.1344,47.7016,38.9535,40.1591,29.1870,29.3041,28.9714,24.6535,7.8143
1266,25.4757,55.8096,32.5923,29.0333,47.9659,39.2851,40.5695,28.4332,29.0305,28.4755,25.5774,7.9434
1267,25.7541,54.9864,32.1152,28.7920,48.6362,40.4017,39.8639,28.6937,29.3796,28.6148,25.3441,7.7149
1268,26.3271,54.6874,9.4310,28.6541,49.0955,37.8586,39.1367,28.8134,30.5823,24.6413,25.5911,7.3045
1269,26.5876,56.7231,9.7245,27.6964,44.6974,38.3701,39.4103,28.4368,27.3343,24.8706,21.5015,7.4483
1270,27.3770,56.8185,9.8861,27.5008,44.3046,37.2928,39.1582,29.1868,27.7141,24.1324,25.7200,7.2215
1271,26.9850,56.4846,10.1484,27.5000,42.3636,39.2976,39.6088,29.4912,28.6217,23.8366,22.4426,7.3973
1272,27.6717,56.2019,9.3924,27.6590,41.6223,38.3510,39.0845,30.0829,28.6905,23.1163,22.8230,7.4189
1273,27.0753,56.9861,9.4967,28.0907,41.3163,39.0565,39.2701,29.5876,29.3204,22.8306,22.7213,7.6531
1274,27.8100,57.1043,9.5259,28.0522,40.4513,38.4701,38.9611,30.0898,28.2224,23.5015,22.4983,7.5115
1275,27.7623,57.1963,9.7214,28.3305,41.3787,39.5757,38.8186,29.6546,28.7892,22.3967,26.2813,7.5398
1276,27.3793,57.0709,10.2386,28.4540,45.0053,39.9604,38.6021,30.1818,29.8926,23.2891,25.6794,7.8151
1277,27.7387,58.0161,9.9440,28.8896,45.5151,40.5507,39.1803,30.4980,30.2276,22.2964,25.4923,7.3681
1278,27.5719,58.6273,10.1646,28.2085,44.9659,38.7915,39.6981,30.3131,28.7753,23.1755,25.1431,7.5747
1279,27.5449,58.1071,10.0819,28.6280,44.9718,38.8236,40.1448,30.0105,28.3587,22.8289,28.1313,7.1620
1280,27.0819,59.9476,10.3210,28.8129,44.4656,39.2507,40.2985,30.8376,28.3278,25.3074,28.1525,7.4539
1281,30.2959,60.1304,10.0584,30.0144,44.2588,38.8236,35.6281,31.2003,29.0797,23.6173,25.2825,7.2856
1282,34.4526,58.8439,9.5759,29.7924,44.4726,38.3219,38.9497,30.6729,28.7802,22.9446,25.5845,6.7766
1283,30.5284,61.2334,10.5382,31.9076,42.1194,38.7133,34.7737,30.9749,28.0116,22.4535,25.0890,6.4128
1284,33.4265,59.5883,5.3235,32.0577,40.1308,40.5855,34.1464,31.2453,27.5630,21.9950,25.1946,6.8567
1285,33.2318,58.9221,5.7000,31.5994,40.7993,39.6036,34.5697,30.7389,27.8639,20.7968,25.4380,7.3297
1286,32.7675,59.0323,4.1997,31.4023,41.3091,40.2047,34.7106,31.2063,29.3159,19.7034,26.6105,6.4218
1287,34.1001,58.4149,4.8640,31.6074,39.6213,39.9249,34.5193,32.2863,28.9499,18.5655,26.6713,7.0502
1288,33.4398,57.8117,4.9304,31.1578,40.1184,40.8314,34.5766,32.1960,29.5229,19.2227,26.7677,7.4243
1289,35.0282,57.9693,4.8783,31.0811,40.5504,40.6418,34.4564,32.6211,29.4063,19.7558,26.3890,6.8846
1290,33.8676,57.5908,4.9258,30.5513,41.0363,39.3834,34.3082,32.9894,29.1298,19.2426,26.6372,7.3470
1291,34.4849,57.4202,5.5677,30.4568,41.4221,40.4321,35.1521,32.4118,28.9834,19.1401,27.1138,29.2330
1292,34.2856,58.5550,4.8628,31.3219,41.5187,40.9359,34.9482,31.5395,29.2080,20.1848,27.4860,6.6412
1293,34.9691,57.9631,5.6387,30.5045,43.3330,44.8943,35.0360,32.5851,28.5736,21.0608,27.4161,6.6684
1294,31.4820,58.1041,5.9170,30.4979,42.6159,40.5248,35.6167,32.0743,29.6487,20.6870,27.6653,6.9496
1295,33.9548,58.7325,6.0260,31.0758,42.6772,45.5776,35.7379,32.5667,29.0833,21.1374,27.3900,6.6142
1296,29.9223,59.6362,6.2133,30.3458,43.0141,40.3566,36.0601,32.4888,29.3769,21.1084,27.7296,6.5600
1297,30.7959,58.8135,5.5911,30.1101,42.7471,40.0542,34.6286,32.3963,29.3343,20.5596,28.1532,6.3267
1298,31.2872,58.6666,5.5321,30.6900,41.0571,40.7191,34.1570,32.7025,28.2318,20.1660,28.5363,6.8974
1299,31.3868,58.6836,5.9553,32.1567,42.9598,40.5208,34.1763,29.2352,29.1322,21.5220,28.9445,6.5805
1300,31.1095,57.8241,5.8853,32.4724,43.4343,40.0805,34.6831,28.9686,28.5788,21.8659,29.8841,6.0705
1301,32.0489,57.4192,6.8782,32.9346,41.2251,39.3938,34.1420,28.7149,28.1615,22.9827,30.3359,5.7648
1302,32.0589,58.0883,6.7600,33.1723,42.2294,39.0425,34.4822,29.5064,28.0002,22.1774,29.9137,5.7890
1303,32.8399,57.9892,6.4809,31.4666,42.2590,38.0726,35.0135,32.2429,26.7831,23.5629,29.3630,5.2058
1304,32.6882,57.7569,6.2282,31.8097,41.1628,38.2984,33.9667,29.3696,27.0966,24.8364,29.6896,5.8791
1305,31.8307,57.6234,6.4809,31.2859,39.2503,38.3795,34.3139,32.8092,28.1299,24.4236,29.6809,5.8003
1306,31.3005,57.5675,6.0859,31.0620,38.3874,37.3259,33.9646,30.7327,28.4380,24.4221,29.5978,6.1968
1307,31.1742,56.2432,6.3488,38.5548,42.0037,37.6031,34.7928,30.0936,28.6552,24.5410,28.9521,5.6498
1308,32.2031,55.9849,6.1749,39.5615,42.1795,37.7239,35.0932,31.3491,28.7700,24.6035,25.3528,5.5187
1309,31.9943,55.7125,6.3106,40.1253,42.8650,37.5513,35.4143,31.3518,29.3673,25.5015,25.5642,5.5994
1310,31.6408,56.2643,6.7616,40.6738,42.0535,38.3652,36.1353,31.4235,29.7605,25.8155,26.3224,6.1891
1311,31.0523,57.2439,6.1851,40.5529,42.3199,39.6636,35.9709,31.9408,30.1653,25.3730,25.9984,6.3028
1312,31.7488,57.9532,6.3040,40.0782,42.0850,38.9885,35.3751,32.4728,30.4685,26.0831,26.5321,6.2886
1313,30.5006,57.9078,6.3004,38.6121,41.8930,38.3403,36.0083,34.8582,30.9434,25.5604,26.8150,6.0763
1314,30.6480,57.8834,6.7490,38.5546,41.3637,39.4766,36.1893,31.8533,30.3423,24.1009,27.3723,6.4440
1315,30.9205,57.1736,5.5722,39.5611,42.5020,40.0867,36.8149,31.6626,31.3577,23.6538,28.7040,6.2879
1316,30.8854,57.3685,5.1052,38.9082,41.6046,40.8832,36.7078,34.8221,31.3716,24.3026,28.2660,8.4807
1317,31.3518,57.3467,5.6425,38.6192,41.8945,41.9687,36.6592,30.7837,30.2805,24.8385,27.2348,8.6601
1318,31.6936,58.2626,6.3801,38.0963,40.7464,42.4414,36.9364,31.3133,29.7494,28.8711,27.9715,7.9782
1319,31.4412,58.6928,6.6490,39.0244,40.7686,42.5817,36.5043,34.7190,29.7992,28.5592,28.3976,8.3475
1320,31.8956,57.6330,6.4098,39.0521,40.4625,41.7973,36.9027,34.5976,30.0911,27.6557,29.2194,8.1380
1321,31.7956,57.4726,6.7450,37.7840,39.4101,40.3358,37.2026,33.4938,30.7740,28.4649,29.1183,9.0514
1322,32.5823,57.7408,6.1335,37.7348,37.6817,38.7590,36.7443,33.1591,30.5771,27.7803,29.2030,8.9212
1323,33.1332,56.9596,6.5922,38.0845,37.4872,40.2290,36.7731,33.4994,30.2037,28.6412,29.3806,9.8666
1324,33.6714,56.9928,5.6562,36.7149,37.2558,39.6307,38.0474,34.8645,29.0323,27.2523,29.7366,9.5600
1325,32.3075,57.6517,5.2914,37.0658,38.0734,40.2883,37.2656,34.6962,29.8246,26.3601,30.4693,9.9404
1326,31.1728,59.5832,4.8773,36.6798,36.5283,41.1838,38.5849,34.9405,29.6456,27.2794,30.3593,10.5277
1327,32.3229,60.5181,5.6839,38.1658,36.1718,41.0994,38.2257,35.6904,29.6946,27.3850,30.8737,10.7889
1328,31.9502,59.4158,3.6328,38.2425,36.5952,40.9740,37.8886,35.7000,29.7017,27.2091,30.0119,10.9504
1329,32.8591,60.8660,3.4632,39.0477,37.0819,42.0088,37.3773,33.9395,29.7430,23.9224,29.7248,10.8201
1330,32.8427,61.5463,3.9054,40.7666,36.9182,42.6281,37.6160,35.2426,30.0030,24.4538,30.1763,11.2301
1331,33.2329,61.4935,4.4707,40.2476,35.2655,42.9591,36.4970,35.1756,30.3213,24.8081,30.3076,10.7009
1332,34.5057,61.7148,4.0001,39.9142,34.6230,43.2265,37.1313,34.9984,28.5605,24.1511,34.5390,10.6062
1333,33.8220,60.4515,6.5123,38.9917,34.0761,43.6118,36.0441,35.1228,29.0762,23.7024,33.4394,10.2177
1334,34.0703,59.8230,6.6494,41.0624,33.5415,43.4678,35.2305,36.1442,29.6335,23.4155,33.0025,11.2976
1335,34.0477,60.6166,6.5844,41.1604,32.9363,42.7202,34.5025,34.5769,31.0470,24.4716,32.9241,10.6644
1336,34.8437,59.8196,3.7531,40.4368,33.4835,41.8624,34.1400,35.0988,32.1292,24.7026,30.1164,10.0841
1337,34.2316,60.3825,3.5037,39.4556,34.0429,41.9577,33.6408,35.1939,31.3694,24.6942,29.2479,8.7806
1338,34.8128,60.2252,3.0161,39.9939,34.1813,43.0967,33.3747,35.3573,31.2581,24.5117,29.2972,8.5556
1339,36.0207,60.5203,2.7953,39.3164,34.7013,42.2905,33.0418,34.4772,29.5240,27.9995,28.4094,10.4619
1340,36.0084,59.8497,2.8576,39.2539,35.3751,41.2958,32.6784,34.6271,31.2073,27.5798,27.0996,9.9696
1341,35.9885,59.3523,2.5354,39.5618,34.8917,41.6850,33.3479,34.7244,30.7078,28.1162,32.0114,10.1693
1342,36.0593,59.3996,2.8448,39.6347,36.2028,42.7948,33.2078,35.2328,28.6397,27.8338,32.2268,10.0596
1343,35.6327,58.7875,3.3626,39.6228,35.4625,42.5072,33.3489,34.7648,27.7023,28.9329,30.4935,10.1231
1344,35.7037,59.4736,3.5966,40.1943,35.7812,42.2526,33.9822,35.3053,28.3033,28.7576,30.7477,10.3041
1345,34.2027,58.7541,4.0108,40.0145,34.9435,41.6624,33.0389,34.7362,28.3057,29.2494,29.5169,10.1066
1346,35.3832,58.4425,3.6669,40.6016,36.1099,41.1046,32.4043,32.7875,28.3857,28.4695,30.3419,10.6433
1347,35.4699,58.3298,3.6992,41.9022,36.7329,41.2019,32.2521,32.0902,28.8542,28.9452,29.3498,10.5163
1348,35.2830,58.5417,4.3042,40.5616,37.8180,39.5884,32.7725,31.6765,28.0522,28.5832,32.6097,10.7335
1349,36.4332,59.0113,3.6456,40.6054,36.8248,39.5040,32.5792,30.7684,28.5081,29.5768,28.6100,10.5832
1350,36.2555,59.4091,4.6111,41.1922,37.7585,38.9991,32.0394,30.2647,27.4602,29.4199,24.8904,10.9226
1351,36.4753,59.0211,3.9812,40.5324,36.5386,40.2103,32.3914,30.5574,27.0908,30.1456,23.8198,10.1883
1352,36.3284,58.3897,4.4240,40.9429,35.4922,39.8170,32.2818,31.6006,25.4289,30.1094,28.3124,9.8793
1353,36.4083,57.9846,4.9195,39.5486,34.1441,39.4047,32.0233,32.4262,24.6122,31.7718,29.6390,10.0044
1354,36.8525,57.8679,3.9248,39.9898,35.3724,39.4722,32.1312,32.3371,24.6560,31.2300,24.6778,10.1130
1355,38.3955,57.5042,3.3663,40.4622,34.8972,38.3038,31.9275,35.4586,25.4733,31.3696,23.9495,10.5430
1356,38.8663,57.3251,3.6715,41.7116,34.9503,38.4910,31.7708,35.1689,25.9700,31.7682,24.4779,10.5310
1357,38.3625,59.8178,4.2127,41.8128,34.3342,38.4810,31.3570,34.9766,25.8303,31.5023,23.7229,9.8606
1358,37.9691,57.6709,4.9790,41.8482,33.5473,38.0182,31.2476,35.4060,24.2923,32.1879,22.6475,10.0694
1359,37.8849,56.2120,4.5682,43.4170,32.9614,38.9091,31.5726,35.5515,25.3764,32.6301,23.3976,9.7207
1360,36.5041,56.3949,4.9002,43.4259,32.8969,38.3786,30.6999,35.1490,25.2014,32.9445,23.8540,10.2418
1361,36.5415,58.3294,5.0032,42.5129,33.9228,38.6441,30.9152,34.5067,25.1986,32.6392,24.2634,8.6732
1362,37.9225,58.2551,5.1759,42.7358,33.5479,39.0945,31.6240,34.4026,24.4968,32.4999,23.7941,8.9996
1363,36.8717,59.2699,4.3298,41.9712,36.6692,39.2081,32.9145,34.8795,24.7695,32.9908,24.5029,10.3785
1364,36.8415,58.1916,4.0968,40.2922,35.4716,39.0806,33.1151,34.9211,23.9200,33.6527,27.2643,10.8401
1365,37.2000,58.2820,4.4557,40.9356,36.2131,39.3321,32.5056,31.5831,23.1785,34.5966,27.6592,10.4494
1366,36.9202,58.2601,4.6335,40.6155,35.1459,39.0569,32.7374,31.0703,24.7401,33.6030,27.2352,10.2305
1367,37.0515,57.6930,4.8900,41.8128,35.7062,38.5452,31.7239,34.0642,24.3791,34.3192,26.4520,9.5716
1368,36.4804,58.2711,4.1437,42.5136,34.8546,38.4235,31.4203,33.8639,23.9201,33.7422,26.6707,11.2537
1369,36.5715,58.0533,4.5748,43.0717,33.8676,43.4726,31.2496,31.4322,23.8873,34.1411,27.4973,10.6960
1370,35.9789,58.2977,4.8846,44.8901,30.3152,43.6310,31.9376,35.2770,23.9007,33.7898,30.5746,10.9817
1371,35.5027,58.5440,4.6472,44.7740,35.1101,43.4111,31.1578,36.2121,24.6567,33.2889,30.4931,10.8484
1372,35.1272,59.4577,4.2065,45.1175,34.9256,43.3411,31.4733,32.9732,24.0642,33.1636,30.9280,11.0776
1373,35.6409,60.0986,4.2553,44.8474,36.1561,43.9246,30.9680,34.4648,24.6363,32.9474,31.1297,10.9412
1374,36.4111,60.3728,4.7292,45.6487,35.7450,43.3245,31.5898,30.7104,23.7038,33.5685,31.4518,10.7221
1375,36.6166,59.8445,4.8938,45.6406,35.2727,43.9680,31.1769,31.3357,23.6096,34.1803,31.4650,10.8097
1376,32.1237,60.2513,4.6037,45.0028,34.9032,43.9063,31.3834,31.7959,24.8640,34.4730,29.3506,10.2595
1377,31.7115,58.9039,3.9100,45.2760,36.0577,44.5926,31.2854,32.1155,25.1035,33.4145,29.4636,10.4132
1378,31.8019,59.8098,3.4666,46.2901,36.7505,44.9363,30.5657,31.9843,25.7854,34.5028,29.6643,10.0961
1379,32.0746,59.7108,4.2098,45.6880,37.2692,44.1829,29.9384,34.2613,25.1740,34.4597,31.4519,10.3342
1380,32.5527,59.9021,4.0851,46.2781,36.5763,43.7817,30.0017,33.9638,25.9913,34.2556,28.6843,9.9501
1381,33.3138,59.1854,8.9642,46.7477,33.9063,43.3940,30.3777,30.7417,26.3335,35.1471,27.7327,39.0204
1382,33.6532,58.4501,8.3044,45.9970,33.3559,42.6604,31.6910,33.2938,27.1903,34.2662,27.6406,39.9810
1383,34.3120,58.7354,9.0171,44.4879,32.3187,42.7561,35.6171,33.9062,27.2369,34.0427,27.8330,10.3979
1384,38.8407,59.3734,4.5453,48.5156,32.9017,43.8947,35.9363,33.1327,25.9386,34.0805,27.9698,10.5484
1385,38.5876,60.7850,8.6464,48.0541,31.8374,41.9381,35.7424,33.5819,26.3840,34.3219,28.3935,10.2399
1386,35.3035,59.3699,9.2415,48.6506,32.0094,42.3986,35.3950,33.9180,26.8288,34.5914,27.9199,10.4813
1387,36.1323,59.1954,9.1667,50.0632,32.2437,43.0180,35.8712,35.2652,26.0081,34.9450,24.0708,10.4856
1388,36.1091,58.5848,9.7803,49.1781,32.3371,43.0616,36.1484,35.4222,25.1988,35.9944,25.3597,10.8335
1389,34.9346,58.2200,9.5359,48.8729,32.7795,43.0482,35.7435,34.7899,26.7220,35.0120,25.7270,10.4688
1390,36.0277,59.6400,9.8176,46.7753,33.9206,43.0937,35.5219,35.3669,26.6198,35.5542,30.3116,39.3064
1391,36.4060,59.3084,10.0057,49.0397,34.7342,41.8425,36.0366,34.8941,26.7883,35.9149,30.6714,39.2182
1392,36.0368,57.8941,9.8651,47.3926,34.6604,42.3799,35.9703,34.2152,27.1248,35.4749,31.7001,10.2643
1393,35.8192,58.0529,9.5758,47.8228,34.8142,41.5028,35.1335,30.9444,27.2710,35.3870,31.5623,39.3244
1394,35.7532,58.4308,4.8493,50.2943,32.8969,41.2503,30.9496,30.9826,27.1821,36.4567,32.0882,9.8002
1395,35.1577,57.6859,4.7128,50.1849,31.3250,40.5358,31.7738,31.6478,27.6690,36.1050,32.0597,38.6352
1396,35.1250,57.3131,10.1459,49.7081,31.0770,39.8261,30.7230,32.1076,27.6993,36.8288,30.9927,9.7906
1397,34.4333,58.2938,9.9764,51.4795,32.1133,40.8364,30.5822,32.3456,27.4058,37.5056,31.3288,8.5845
1398,34.3999,58.3535,10.1813,51.2845,32.6266,41.4258,30.6068,34.7262,26.8829,37.1982,31.1059,8.8725
1399,34.2044,58.9671,4.7060,51.4227,32.1502,40.1219,30.4236,34.8285,26.8187,36.7604,26.0932,9.7761
1400,35.1168,58.7847,5.4412,50.8385,32.4655,39.2570,30.8598,34.2119,27.2668,36.4762,26.7163,40.0399
1401,32.7313,59.2759,5.0684,50.9681,31.8759,39.1376,29.8911,33.7163,26.8034,36.5302,26.6826,40.1221
1402,33.5105,56.2279,5.0153,52.0783,32.7798,39.8039,30.1503,34.1774,29.7824,36.3086,25.4499,40.3415
1403,33.8609,56.7600,5.5749,52.7773,31.6432,39.3796,29.9449,33.5344,26.8857,37.0136,25.2420,9.2889
1404,34.2393,58.6780,5.1001,52.3012,32.5835,37.2137,29.3091,33.3602,27.5191,37.1419,23.7545,9.4513
1405,34.9806,59.5386,5.4761,53.4939,30.0652,36.7892,29.6284,33.2182,27.1588,37.3807,24.1216,9.7143
1406,35.6519,59.0444,4.7910,54.7149,31.3332,36.4028,35.0055,30.0329,28.1066,38.1166,22.9832,9.6700
1407,34.7051,59.2494,5.7235,53.6126,30.2999,36.0141,30.2017,30.2854,30.4892,37.5885,22.1957,40.1441
1408,34.9123,59.5082,5.2445,53.7304,29.4920,35.6748,30.1718,31.0818,29.8555,37.0796,22.4795,8.7286
1409,35.2176,60.7421,5.0813,53.4055,30.2354,36.4764,34.7190,31.7311,30.2252,37.7706,23.2060,9.0013
1410,35.2320,59.5957,5.3650,54.0625,29.9022,35.5558,33.9616,30.9671,31.0025,37.4697,23.0741,8.7204
1411,35.4733,59.3257,5.3468,53.8095,30.1393,35.7745,33.9079,30.0544,30.7813,36.6329,22.7817,8.6176
1412,39.8132,58.9979,5.6031,52.2820,29.4798,37.4904,33.8523,30.1535,30.6966,37.2562,25.8012,8.4380
1413,35.4579,59.8013,5.2685,51.7443,29.2786,36.8429,33.5494,29.7560,31.9022,37.2246,23.9435,37.3021
1414,35.3583,59.9907,5.2348,50.5897,28.3689,35.7147,34.8454,29.7751,31.2709,37.9067,26.3305,8.5201
1415,39.8475,60.8179,5.4359,50.8611,29.8045,36.9082,34.7895,29.5169,31.8630,36.8605,23.7731,8.7259
1416,40.6199,60.5419,5.7708,49.7988,30.0186,36.6164,34.0105,29.1430,31.5902,37.1547,23.1580,8.6375
1417,35.9407,61.0515,6.4143,51.2626,29.5685,36.5514,35.4807,29.8071,30.4733,35.5459,22.7299,8.0352
1418,40.6553,60.5339,5.9162,49.8460,30.2525,37.0917,35.0336,29.8540,30.1909,36.5948,22.0905,8.0727
1419,41.3145,60.4204,5.2017,49.1914,29.7729,36.4785,35.5441,29.4895,30.0219,36.5878,22.9318,7.5457
1420,41.7428,58.4759,5.5243,49.3925,29.9153,37.1042,35.8777,30.1444,31.4722,36.6436,22.6542,8.3657
1421,41.8111,58.5569,5.3812,49.8833,31.2710,36.2442,35.0167,30.0738,31.4977,36.6902,22.9477,8.5984
1422,41.2465,58.8537,5.4888,50.6469,30.2921,35.8997,34.9436,30.9059,31.1428,37.5532,22.1308,8.9183
1423,42.4484,59.8844,6.0489,51.5870,28.9289,36.3290,35.2798,29.9615,31.9433,37.6819,25.6535,8.9167
1424,41.8469,60.2039,5.6705,50.7929,28.2718,37.0299,34.8299,29.5922,31.0570,37.4643,25.9889,8.8825
1425,41.9716,59.8593,5.8218,51.8261,27.5325,38.2700,35.2389,30.2736,31.1877,34.9845,26.4898,8.5297
1426,42.0148,59.9764,7.7707,51.2517,27.6532,38.4723,34.4815,29.9857,31.6793,39.0478,26.5178,8.9511
1427,41.8663,59.8277,5.4305,51.5845,27.5780,39.1943,34.7609,28.9394,33.1689,37.8036,29.0054,8.7058
1428,42.4043,60.4253,7.5149,52.2077,26.5996,38.9879,35.7339,29.3679,33.9230,38.2420,29.1604,8.6038
1429,43.1886,58.9110,5.6263,52.6797,27.7054,39.5061,36.5209,29.2368,32.5745,37.6932,29.0047,8.9390
1430,42.2188,57.4256,5.4182,51.9331,26.2416,40.0826,35.6313,32.3533,33.1068,37.9624,29.0437,9.0390
1431,41.6994,57.9830,6.8801,52.1691,25.9616,41.2738,35.2711,29.6343,33.5230,37.0774,28.5032,8.9969
1432,41.1201,56.7774,7.6960,52.9137,27.3015,39.4593,36.5910,33.2247,34.9488,36.7848,28.8344,8.9405
1433,41.1910,57.0039,7.3376,52.1865,27.5197,40.0532,37.0371,33.0316,34.8896,36.9378,28.5897,8.6109
1434,41.1279,57.3676,7.8090,51.6931,27.4309,40.8621,32.8186,33.1660,35.8075,37.4858,27.1980,8.7364
1435,40.9083,57.2663,8.1553,52.4007,27.7871,40.7071,33.5899,33.2197,34.0301,37.4266,26.8068,8.8350
1436,41.0491,57.0878,7.7677,52.5263,27.6004,40.8493,34.3634,32.9311,39.0436,38.3767,26.7621,9.1406
1437,41.6960,56.4395,7.8590,52.7321,28.2009,42.0340,34.6872,32.8531,41.1106,37.9692,27.1557,8.7343
1438,40.7985,57.3132,7.9510,52.8484,28.4544,41.5975,34.8741,32.4698,40.8773,36.3258,26.3267,8.8075
1439,40.0523,57.2663,7.4625,52.9763,28.5078,41.5221,34.3716,33.2311,38.6932,37.6724,28.9611,8.6763
1440,34.8063,57.0474,7.6968,51.1426,28.5061,42.1590,33.3303,34.1205,37.8914,37.9161,25.4375,8.5542
1441,35.5878,57.7572,7.2889,52.3221,27.0810,41.6702,34.5251,34.0950,38.8352,37.2641,25.0011,8.7849
1442,35.9612,58.5091,7.9186,52.1825,26.1250,43.1094,35.1035,34.1522,35.7955,38.0194,24.7299,8.7341
1443,36.5907,58.7465,8.3245,53.3114,26.4925,41.7628,34.8053,33.3880,38.5460,38.3897,25.0277,8.5007
1444,36.3452,58.5735,8.1730,52.5546,26.2896,42.3432,35.1207,33.4580,39.7284,37.7233,26.0447,8.3790
1445,36.3514,57.0632,5.4537,52.3464,25.2990,41.8798,35.2511,32.7930,37.9788,38.3939,25.7809,8.3141
1446,36.4635,58.2574,5.4553,52.7508,23.8374,42.1231,34.8557,33.1995,37.4159,39.5079,29.4912,7.6126
1447,37.3807,57.5973,5.7628,53.2987,22.8777,41.9368,34.9151,33.9713,38.2491,39.0535,28.9860,7.7145
1448,36.7748,58.8840,5.1025,53.6526,20.5106,42.8277,34.3977,35.0552,40.7922,38.8423,29.0488,7.8007
1449,41.5535,58.3585,4.8932,52.9969,22.9092,43.2235,34.2138,34.8762,40.2672,39.3806,30.1247,7.4412
1450,42.2894,58.4595,7.7444,52.3131,23.3799,43.1308,33.9404,34.9877,39.8950,39.4743,29.8452,7.5965
1451,42.7460,58.0652,6.9771,52.4964,22.2700,43.5972,34.3541,35.1263,40.0763,38.2599,29.6112,7.8134
1452,43.0122,58.0776,7.2597,52.2214,21.3746,43.0437,34.1804,35.7337,39.4983,40.3943,30.0439,8.1880
1453,43.2190,59.3609,7.4889,51.2537,22.3905,44.3183,34.0776,35.1875,39.2668,39.2644,29.9306,7.9803
1454,43.0515,59.5441,5.1378,50.4621,23.4375,43.6287,35.0493,35.4779,35.7187,39.2424,27.1695,35.0217
1455,43.4295,59.6812,7.8558,50.0872,22.2517,43.5120,35.6635,34.4631,35.1116,38.4051,26.0824,35.9892
1456,43.1757,59.9296,8.2580,50.9654,22.0029,43.9644,35.1249,34.7694,34.9801,37.1933,27.0251,36.6237
1457,42.8695,59.3832,8.4797,50.4887,21.5679,44.1998,35.3139,34.7183,34.5185,37.3604,30.6620,35.7174
1458,42.9888,59.1801,6.1727,49.8828,22.6711,44.4587,35.3489,35.0957,34.8075,36.5991,31.6108,35.5491
1459,42.0731,58.6118,6.9246,50.3309,22.9282,44.1199,35.1760,34.8382,37.7165,36.7375,31.5775,35.2565
1460,43.1339,59.3455,6.4084,50.4421,22.8778,43.9977,34.9955,34.7213,35.4657,36.1678,31.9911,35.8486
1461,43.6900,59.7624,6.5897,51.3911,22.2419,44.4029,34.9192,34.9838,38.5107,36.5124,32.0555,36.1993
1462,42.9474,59.8027,7.0492,52.7007,22.3014,43.8157,34.3633,35.1059,37.2616,37.2668,32.0997,36.7172
1463,43.4651,59.4765,6.5185,51.9462,21.0440,43.1812,35.2275,34.5801,37.6631,37.5422,28.9219,36.8020
1464,43.2484,58.7310,6.5793,52.2975,21.9434,43.3644,36.3364,34.7109,38.3617,37.8416,26.4987,36.3765
1465,42.4879,58.3211,5.9237,52.7663,19.2729,43.1564,35.3247,35.6164,38.8812,38.5962,28.7918,36.3285
1466,41.8693,58.8929,5.8068,52.9127,22.0211,42.2264,34.5843,35.9414,38.9893,39.0351,29.5525,36.2273
1467,41.9559,58.5078,6.4958,52.1770,19.4220,41.9451,34.1971,35.5674,38.1554,39.6782,26.1422,35.7193
1468,41.4106,58.5485,6.1109,53.0658,19.3830,44.4763,33.8153,36.2016,38.5180,39.4431,25.1146,37.0857
1469,42.7033,58.5547,6.1870,52.8647,19.0100,43.8592,34.0806,36.4352,38.3341,38.4708,26.3413,37.9637
1470,41.6837,57.7921,6.1087,52.9464,18.1030,44.5120,34.4230,36.4760,38.2609,40.5092,26.8065,37.4976
1471,42.5355,57.6962,5.6966,51.4085,18.6867,44.1924,33.9569,36.3073,37.9044,39.1806,26.5936,37.1631
1472,41.2644,57.5553,6.5540,52.4758,21.5050,44.1756,33.5660,36.5127,37.9010,40.2041,27.4753,37.0605
1473,42.2398,58.1785,5.5479,53.3987,21.3777,43.1378,33.6324,37.0403,35.8746,39.6344,27.1264,36.7448
1474,42.3889,58.2752,5.7407,53.0301,20.2438,43.8003,33.2920,37.6251,37.9750,38.8605,30.4620,36.8796
1475,42.3665,58.5708,5.5791,52.8012,20.9675,43.6738,33.1626,37.9696,34.9435,38.9459,27.4934,36.4887
1476,43.4758,57.7635,5.9022,53.4599,20.2385,43.5033,32.3605,36.9245,35.9274,39.4643,29.6464,37.0224
1477,43.7864,58.1006,5.8378,53.6648,19.8177,43.0651,32.5026,36.8580,35.7354,38.6625,30.2173,36.3668
1478,43.2143,57.6288,5.5473,52.9830,19.9720,43.5086,32.9771,36.0172,35.5668,35.7336,26.8046,35.5898
1479,43.2033,58.2632,5.8825,53.7498,20.2317,43.1086,32.8211,35.6349,35.8118,34.5232,25.5036,34.8143
1480,42.3675,59.9160,6.1943,53.2676,19.3367,43.6486,32.6392,36.2315,35.4663,37.4948,26.4525,34.9031
1481,43.4609,60.2031,6.0433,52.7073,19.4568,42.5208,32.5206,35.8064,36.7252,33.8838,27.0730,34.9325
1482,42.7725,59.0877,5.9505,51.9861,20.2358,42.5366,31.9746,35.5271,36.8000,34.0944,26.1173,35.6808
1483,42.2516,58.6553,6.3690,52.4871,20.1233,43.1079,32.8686,36.1283,34.9722,33.8408,27.0754,34.8951
1484,41.1664,57.6772,6.6213,52.1091,20.6335,43.0936,33.4039,35.9775,35.5882,34.7098,25.9708,34.8880
1485,41.0265,58.9794,6.3321,52.6769,18.9174,42.7288,30.8626,35.6670,36.4452,34.8186,26.0433,35.2559
1486,40.4514,57.4280,6.2557,53.5014,18.6017,43.7452,30.7506,34.6541,35.5544,34.5248,26.4207,34.5473
1487,40.7303,58.0913,6.0346,54.4322,19.3630,42.8059,30.8364,34.4829,36.0219,35.1314,27.1102,34.0965
1488,40.9623,58.5599,6.5976,53.8759,21.0166,42.9272,31.3304,34.0720,36.7675,34.7989,26.5085,34.3342
1489,40.2773,59.1566,6.3708,52.9692,20.4447,43.5823,31.1006,34.0779,36.1794,34.8697,27.1109,34.4733
1490,39.8272,58.8333,5.8029,52.7843,18.0266,43.3347,30.2580,34.8183,36.1330,33.8116,27.7416,34.6093
1491,39.4121,59.9548,5.7708,50.8100,19.0927,44.3556,30.9891,33.5492,35.7693,33.4822,27.9341,34.5588
1492,38.6781,59.4528,5.9037,50.7349,20.1227,45.1788,30.7075,32.9604,35.8015,33.8138,28.9000,34.8158
1493,39.3230,58.6927,5.8580,50.3135,18.5427,45.4943,30.4568,32.8239,36.7085,33.6260,28.8006,34.3058
1494,39.0038,58.3071,5.4148,49.0191,19.4679,44.2072,31.0682,32.9208,34.3583,36.5164,28.5056,34.6765
1495,35.3280,57.4002,5.3117,49.9933,21.8519,43.9548,31.1700,31.9894,35.8909,34.9669,29.2863,36.4903
1496,35.2921,57.5423,6.0908,51.0054,21.1753,44.6708,32.3862,31.6241,36.9817,35.2437,28.5618,35.7483
1497,35.2428,57.1168,4.6259,50.4537,20.9689,44.9937,31.6068,31.0340,37.6250,34.4043,28.4286,34.9029
1498,40.5129,57.1952,4.9071,51.0132,20.3649,45.3960,31.9805,30.4601,38.1375,35.1800,28.5616,34.4278
1499,40.6559,58.1691,5.0789,52.2806,21.3339,45.2579,32.2362,30.1632,38.0121,35.0166,29.5902,33.5403
1500,39.9775,59.0909,5.7831,52.9084,20.9953,45.7421,33.1408,30.9518,38.5904,35.6815,29.7145,34.2710
1501,39.2810,58.7996,6.1159,51.8774,20.8459,45.8222,32.3414,30.8910,38.9820,35.5295,29.2804,34.0850
1502,40.1115,58.8267,6.7784,50.5664,20.5075,46.6831,32.4334,31.5391,39.6302,35.9850,29.4481,34.0644
1503,39.7737,58.8574,6.4609,51.3572,20.0696,45.1188,32.6284,31.6776,39.7337,36.3940,29.0604,33.7739
1504,40.3418,59.3918,6.2511,51.1780,18.8962,46.0297,33.6785,31.5147,40.0737,34.6378,29.3827,33.3614
1505,41.0492,58.8483,5.7595,50.8605,18.8665,46.2163,33.2159,31.6971,40.6597,34.6885,29.4188,33.8696
1506,41.0619,59.1928,6.1486,50.4945,18.1901,45.3277,33.2672,31.7759,39.6701,34.7436,28.8995,34.2818
1507,41.8372,60.2396,5.8002,50.7378,18.0929,45.6861,33.6951,32.3160,38.4956,34.8958,28.1397,34.5246
1508,42.2003,58.6303,5.5300,51.2372,18.0768,45.4952,32.5200,32.4350,37.5133,34.5549,28.7758,35.3016
1509,41.5232,59.1802,6.0432,50.1807,17.2016,46.6437,32.4753,32.1045,38.7424,34.4401,29.2429,34.5594
1510,41.8010,59.1115,6.0760,51.9948,16.8374,46.8929,32.1514,31.9790,40.2565,35.1111,28.1124,33.4655
1511,40.0039,59.1508,5.2893,51.5387,15.9574,47.5758,32.1115,31.3977,40.7523,34.8898,28.5999,34.2146
1512,41.1495,57.6961,5.4613,52.2326,16.1598,48.1838,32.0754,31.6535,40.8317,35.1804,28.5447,33.8561
1513,40.9547,58.8256,5.1080,50.9341,15.6292,47.9430,36.9548,31.7199,40.8589,34.1428,27.9792,34.7535
1514,40.8688,59.0868,5.3637,49.5292,15.5868,47.4351,32.9346,31.9932,39.3978,35.0181,28.4804,35.0662
1515,40.7370,60.0008,5.7701,51.3385,15.4841,47.6321,32.7138,31.7571,38.9559,35.3174,28.0439,35.0671
1516,39.6555,59.3026,5.9886,51.4766,15.4535,48.0659,32.9939,30.9182,38.1304,35.7284,28.5142,35.1806
1517,39.3407,58.5193,6.5403,50.1263,15.7768,48.2100,32.5040,31.8842,39.3153,36.4074,27.8922,35.5431
1518,38.5278,59.2233,5.8888,49.4736,16.3063,47.3649,31.9605,32.2019,39.0856,35.8741,31.9611,34.3562
1519,37.2125,57.9390,6.0475,49.6357,18.4848,46.5478,32.9429,32.7546,38.9079,35.9511,31.8485,34.9148
1520,36.8124,57.4635,5.6321,49.9474,20.0896,46.9179,33.3115,33.0644,39.2265,35.8312,31.1160,35.0315
1521,36.9174,57.7054,6.1441,49.8372,20.6414,47.6164,33.2805,32.8487,39.2692,36.3412,31.0774,35.2910
1522,36.8291,54.9818,7.0995,49.8088,18.8660,48.3898,33.4539,31.7669,39.5758,35.9766,31.4444,36.4143
1523,37.4140,55.1875,6.3251,50.2436,19.1311,48.3276,33.3284,29.7912,40.9279,35.7334,31.0516,36.1418
1524,37.6986,54.5331,6.4177,50.1690,19.1807,47.4907,34.5533,31.0211,40.0952,34.9909,31.3932,35.7639
1525,38.1219,54.7254,6.6179,50.0851,19.5201,47.8601,35.0952,30.3883,40.6491,35.0083,27.9262,36.2494
1526,39.1593,55.0542,6.8606,50.1535,19.6458,47.7975,34.9281,30.0920,41.2725,36.7806,32.0154,36.0612
1527,38.1183,55.7691,6.2541,49.4765,20.2951,47.0944,35.7254,30.4706,41.9430,37.1564,32.5123,37.0366
1528,37.6906,54.7267,6.5070,49.8498,19.6454,46.0036,36.1559,30.6370,42.4428,36.5227,32.2303,36.7824
1529,37.3519,54.3923,6.3115,50.3473,18.6533,47.1319,36.9078,30.9675,42.7098,36.5819,31.3773,36.1537
1530,36.6230,54.4961,6.2552,49.1075,19.3459,46.5893,37.0488,30.7014,42.2948,36.5577,32.5066,37.6249
1531,36.3354,55.4105,6.0970,48.3716,17.5821,46.3578,36.8076,30.8671,41.2879,35.0784,32.0728,37.4948
1532,36.2597,54.9687,5.7989,49.6093,16.3549,46.3260,35.6673,30.6571,41.1756,34.0844,31.5705,36.9167
1533,36.3826,54.5249,5.4480,50.2266,16.2248,46.3588,35.5407,29.9909,40.6154,33.8740,31.8329,37.1229
1534,36.3368,54.3755,6.1593,49.9441,14.3746,47.1103,35.3993,30.3910,40.9091,34.8301,31.6432,37.7790
1535,36.2584,54.5597,5.6096,51.1356,13.6258,46.8936,34.3201,29.6164,40.4455,34.1204,31.3342,38.4128
1536,37.0538,53.8695,5.8728,50.2950,12.8953,44.7667,33.5220,29.4080,39.9643,34.6076,31.1600,38.1236
1537,37.6307,53.7238,6.2206,49.6801,12.9974,45.5227,32.8120,29.6487,39.4641,33.9723,30.9532,38.3105
1538,37.4949,54.1578,5.7382,49.9609,13.4012,45.3192,32.8879,28.6009,39.8118,34.1552,30.5476,38.1060
1539,38.6244,54.8240,6.9317,50.0388,13.8577,46.1088,31.6933,28.6456,39.7439,33.5597,32.0008,38.1714
1540,38.8750,54.1426,6.6904,50.5198,13.8703,45.8869,31.9095,28.0760,39.4501,33.1614,32.6129,38.2796
1541,38.9885,55.1783,7.2230,51.2701,14.4475,45.9127,31.3119,27.5839,40.0984,33.6566,32.4361,38.9627
1542,38.4569,55.2122,6.8304,50.0139,14.8964,46.6119,32.2083,26.8005,40.6694,33.3713,32.2737,39.4642
1543,38.0239,54.3294,6.2737,50.2027,15.2453,46.7572,32.3026,26.7947,40.1266,34.8772,31.8637,38.9509
1544,38.1569,54.9808,6.9521,50.7730,15.2449,46.2199,31.6719,26.1426,40.7151,35.5204,26.3304,38.3693
1545,38.5715,54.0799,7.2458,50.9977,17.4658,46.9077,31.9726,25.4341,40.2373,32.9883,27.4967,39.1583
1546,37.9795,55.1567,6.9004,51.0285,17.6441,46.7545,32.8261,25.5605,39.8117,33.3422,26.9526,39.2211
1547,37.8781,56.3248,6.4466,50.6548,17.8470,46.3594,32.7859,26.5467,40.1202,33.5093,27.7630,39.5360
1548,38.7919,55.6120,30.2080,50.6122,16.4465,47.0189,32.6584,26.4768,40.0278,34.9417,28.3344,39.7818
1549,38.5815,55.6349,30.6109,50.7012,19.9474,46.8413,32.0606,26.6971,39.8772,35.0739,27.8372,39.3388
1550,39.4121,55.4473,30.3216,50.0945,19.7430,45.9983,31.4210,26.3536,40.8869,34.3180,32.9657,38.7389
1551,40.6111,57.1862,30.1903,50.0960,20.6240,46.4833,31.1751,26.3793,41.1934,36.3863,32.4725,39.7089
1552,41.3028,55.5808,30.7296,50.5595,21.5420,45.6230,30.9885,27.0758,40.7267,36.9238,28.4262,38.7123
1553,41.1828,54.3364,30.9117,50.4691,22.1217,44.9328,30.9524,27.8706,41.1283,36.4406,29.0440,39.5884
1554,43.4419,55.1010,30.2313,48.6473,18.7159,46.3846,31.0332,28.1025,41.3384,33.6354,33.4905,39.8872
1555,41.7110,55.7490,30.2180,48.7540,18.9414,45.8493,30.4412,31.1602,42.1686,33.9741,33.6176,39.7327
1556,41.3331,55.1194,6.4344,48.3899,19.2106,47.6443,29.9385,27.5443,42.0720,34.1921,31.6577,39.5717
1557,41.4282,55.8289,29.7906,47.0603,19.3979,47.0813,29.8685,26.9871,41.2728,35.4807,31.3886,39.9178
1558,40.9118,55.5744,29.5653,47.3629,19.2377,47.0242,30.5616,27.2443,40.9825,35.0479,30.9190,40.4359
1559,41.5752,56.2583,28.8497,47.0445,18.8984,47.2490,29.7827,29.4816,40.1731,35.8488,30.7496,39.3274
1560,40.1342,56.2944,27.4165,45.4684,18.7163,46.5358,29.1204,30.3217,41.3119,35.8687,30.3574,38.9500
1561,40.4334,56.3453,27.5684,44.9604,18.2035,46.8018,29.7414,29.3050,41.1303,35.6132,30.2392,40.5330
1562,39.2601,55.7724,27.7554,45.4848,18.1617,47.1533,30.6676,26.5099,42.5245,36.3767,30.2436,40.4225
1563,38.9322,55.3027,27.6122,46.4878,17.9484,48.2427,30.8849,31.0061,42.5447,36.7385,29.7008,39.4621
1564,38.1891,54.7347,28.0218,45.8921,17.5537,50.1375,31.1593,28.3654,42.6962,36.1949,29.6828,41.1285
1565,38.5521,55.4255,27.4105,46.7460,17.8604,50.9078,31.6531,29.1296,42.7457,34.9003,31.3587,40.5128
1566,39.9554,55.0752,28.0395,46.7735,17.8560,50.4763,32.3601,28.5281,43.6717,34.9477,31.5614,40.4069
1567,38.4837,54.2176,27.8282,47.3740,17.4189,50.9617,32.8788,28.7176,44.3645,35.5591,31.6808,40.9879
1568,37.1710,54.8459,28.3191,47.4565,17.5358,50.5306,33.1260,28.3086,43.4737,35.4734,32.7348,39.9115
1569,37.8597,54.0336,27.9873,47.9817,16.5355,50.5156,33.1602,28.3697,44.0546,34.6122,32.2919,40.0434
1570,38.2429,54.7316,27.3689,48.3565,17.1038,51.2420,33.5605,31.9046,43.7941,35.9340,32.2355,40.3449
1571,39.8951,55.1640,27.4088,48.2148,16.4919,51.6433,33.5833,28.6451,43.1808,35.1654,33.6056,40.7435
1572,35.9077,55.0207,5.5805,48.5782,17.1033,51.1239,33.9606,29.3910,42.1260,34.2164,32.9954,40.6049
1573,39.9926,53.6405,27.2303,48.2070,17.7574,50.9367,34.0945,32.0306,41.6150,33.8832,31.6077,40.3109
1574,41.1916,52.9195,5.4398,48.3033,18.6412,50.3194,32.9672,29.2775,41.0734,35.4891,31.6771,39.5569
1575,41.4254,52.9506,26.8932,49.3224,18.8932,50.8666,32.8329,32.4706,40.4916,36.0745,31.3521,39.6116
1576,41.3958,53.6856,5.3930,49.4995,18.7570,51.4898,32.3679,29.2708,41.1840,36.2464,32.6968,39.7793
1577,41.7909,55.0753,5.9275,47.6917,18.6069,52.9461,32.9933,27.2683,41.2386,36.0923,28.6578,39.9055
1578,40.6462,54.6035,5.7585,48.9044,17.1266,52.6883,32.6732,28.0738,40.9913,35.8761,30.2010,39.7998
1579,37.1417,54.5507,25.6996,48.5055,16.5480,52.7096,33.2270,28.4797,42.7737,34.8784,29.2229,39.7389
1580,40.0674,54.6212,25.4892,48.7707,16.9257,52.9957,33.1038,28.7947,42.1264,35.7002,28.9867,39.2826
1581,39.5621,56.0603,25.7468,47.3915,17.5821,52.0369,33.3878,29.4836,42.8523,34.9443,29.6618,38.2564
1582,40.2100,56.6612,6.2465,47.0224,19.1425,51.9556,34.4536,31.3373,43.8078,35.7758,29.2932,37.4822
1583,39.5068,56.6893,6.2290,48.0281,18.3132,51.7314,34.2427,30.8954,41.7421,34.3056,28.1806,38.8250
1584,39.2393,55.9091,6.5878,47.7687,19.0043,51.0961,34.2552,29.7336,41.9742,34.6191,29.4365,38.0698
1585,39.7404,55.2397,6.0034,46.1414,19.7555,51.3112,34.5015,26.8862,42.5887,34.4200,28.2394,38.4324
1586,38.4362,54.9568,6.2593,45.5861,19.2297,50.1904,34.6305,26.1670,43.2528,33.8854,27.6745,36.7127
1587,38.9097,54.8335,6.2808,44.9283,18.7176,51.5755,34.5044,25.9778,43.3227,33.5014,28.0684,38.6453
1588,38.9966,54.7956,5.7354,45.6640,20.1224,50.5530,33.8054,25.2686,43.1292,33.9634,27.1470,38.1904
1589,38.6408,55.9476,5.9476,45.7113,18.8432,51.3730,33.6441,26.4634,43.5832,34.1184,27.7965,38.0547
1590,38.5586,55.6479,5.5590,44.5157,18.9261,51.1392,33.9318,26.1433,44.5168,34.1837,28.3780,38.8978
1591,33.5777,57.1272,5.8505,44.2971,19.3923,51.6974,34.1781,28.5050,44.9022,34.9428,29.2866,37.1848
1592,33.3823,55.6641,5.5671,44.9225,18.2183,51.9502,33.9682,28.4207,44.9127,35.0162,28.4651,40.0182
1593,37.6070,56.3523,5.8533,46.7577,17.9130,52.1557,33.7412,28.6604,45.0162,35.7784,28.9351,38.2862
1594,38.1893,54.6263,5.7594,45.6609,16.9825,52.1391,34.2136,28.9714,45.6053,34.6589,28.1194,40.5408
1595,39.0837,55.6012,5.7047,45.9609,18.7146,51.3396,33.8987,28.7857,46.0510,34.7067,27.9058,38.7166
1596,39.6356,56.2247,5.1707,46.2529,20.3701,50.2810,33.7304,28.5572,46.1635,35.1675,28.7059,39.3849
1597,37.0007,56.5807,5.5670,45.9998,20.1281,50.6279,33.8732,26.2414,46.5260,34.2405,29.2485,38.8479
1598,38.1373,55.9288,5.8920,46.3113,20.0306,51.1342,34.2272,26.4533,45.0464,34.3978,29.0263,38.0591
1599,37.1245,55.8260,6.0653,45.7003,19.8308,51.3628,34.0707,28.6094,44.7048,34.7742,28.6175,38.4655
1600,37.2597,56.1162,28.3953,45.5587,20.2667,51.4169,35.3426,28.0102,45.1249,34.7091,28.3805,38.7187
1601,36.4115,56.5210,28.1789,45.6341,19.9587,50.9501,34.9599,28.4846,44.0523,35.3559,26.6967,39.5260
1602,37.6424,55.9330,28.6774,44.9674,19.1608,50.7738,34.4214,28.4830,44.1629,36.0914,27.4054,39.4224
1603,37.7541,56.3215,29.4136,43.8427,19.1783,49.5642,34.0912,27.6530,44.0015,36.7291,26.8718,38.8571
1604,37.2179,57.2250,29.5917,44.8754,18.8552,50.9138,34.3871,25.3311,42.8280,36.2356,27.5030,40.1889
1605,37.6212,57.4228,29.3791,45.1341,18.2471,51.2079,34.3616,25.5394,43.0010,36.2300,26.6103,37.7985
1606,36.5639,56.0469,29.7640,44.4687,20.3150,51.3335,35.1612,27.3409,42.1985,36.4547,27.4312,39.2963
1607,35.7650,57.7320,29.0268,43.5746,20.7054,52.2505,35.2289,27.0063,41.5594,36.8708,27.2153,38.4297
1608,37.0194,57.3607,29.2226,44.2502,19.6224,52.0941,34.6526,25.0420,41.8722,36.9311,28.6834,39.0954
1609,37.1699,57.1013,30.1493,44.9568,18.9572,50.6275,34.4583,24.7950,41.8752,37.1277,30.0745,38.7173
1610,35.6015,57.1057,31.1195,44.4692,16.8613,51.4302,35.0419,26.8723,42.4090,37.3543,29.7147,39.3326
1611,36.1443,56.7636,31.7800,43.9663,17.0657,51.5270,34.3686,24.9100,43.7340,37.3667,28.9053,41.7325
1612,35.3488,56.8929,30.7117,44.3394,17.5100,51.3377,36.3412,26.1333,43.9060,36.3672,30.2768,39.4718
1613,36.1364,56.2618,30.3246,44.3028,17.3344,51.6408,36.4809,25.2686,44.2830,34.0310,30.6966,39.9604
1614,36.2416,56.9375,30.4411,44.6897,16.8654,52.0982,36.4525,25.4041,43.1535,33.1758,31.2667,40.1975
1615,37.1197,55.7922,30.4274,44.3308,15.6375,50.6462,35.7560,26.9246,42.6530,34.3375,29.9943,40.6446
1616,36.7492,54.9309,30.6666,43.7755,14.5415,49.3109,36.1467,25.5057,42.1349,35.6354,29.5580,41.7466
1617,37.3656,54.7342,29.6308,43.9297,14.8246,49.6410,35.6518,27.4075,42.0045,35.6744,29.6697,41.2863
1618,38.1029,54.4102,28.9992,43.5141,15.1804,49.8841,34.3303,27.7301,42.0394,35.3328,29.4952,41.1486
1619,37.2601,54.3417,28.6902,44.6105,15.6781,50.1660,34.5633,27.1823,42.2858,35.8992,29.4103,42.3383
1620,37.3477,54.5154,28.9594,42.5018,16.0127,51.2649,34.9441,27.1677,42.0565,35.5465,29.5916,40.2211
1621,37.2643,54.7303,28.1022,44.0754,17.1339,50.8312,35.3377,26.9612,41.4012,35.1536,29.3707,41.1374
1622,37.6807,55.3067,27.3040,45.9590,16.0637,52.1035,35.4474,26.3342,42.8605,34.8989,28.9680,40.0969
1623,38.6639,55.3156,3.7580,43.1993,16.2048,51.1766,35.5534,27.3047,42.9509,34.7887,29.3442,42.2741
1624,38.1490,55.6199,26.3632,44.2481,15.9303,51.9336,36.1204,26.6127,40.1952,34.4335,29.3637,42.3148
1625,39.4360,56.6987,4.3497,42.3535,16.0329,51.3681,36.5112,26.9573,41.2203,34.7145,28.1425,42.4530
1626,39.0436,57.0431,4.0947,44.3243,16.4321,51.6597,35.9294,26.2160,40.8623,34.6397,28.0793,42.9918
1627,39.2869,57.5638,4.6889,44.0412,15.8514,51.1042,35.6566,26.8575,41.3033,35.6911,27.9185,41.6720
1628,38.9492,57.2500,5.4870,43.5923,17.4425,51.8993,35.9735,26.8640,41.4976,34.5254,29.3704,41.7630
1629,39.6323,56.6858,4.7625,44.1634,18.0287,52.3404,34.9841,28.4558,41.5464,34.7920,29.1509,42.4504
1630,38.8047,56.4036,4.8888,44.4712,18.6739,51.7987,34.6517,28.2861,39.9888,36.5756,30.1071,42.4418
1631,34.0403,54.7594,5.1193,43.7398,18.3117,51.9170,34.7223,27.7177,40.4916,36.1907,29.8064,41.3485
1632,39.0063,54.7511,5.0286,44.4394,17.9632,51.0596,34.9721,27.3120,41.3513,35.8091,29.3601,41.4325
1633,34.6749,54.4865,4.8885,44.3129,19.9621,51.6154,35.0773,28.3596,40.6471,36.2814,29.2524,41.5472
1634,34.1373,54.0027,4.4942,44.1189,18.6484,51.7122,37.0140,27.8493,40.5193,36.1521,29.0675,40.7042
1635,34.8879,53.4781,4.3107,43.6270,17.7086,52.2720,36.9514,28.6302,40.8245,36.4426,29.5285,40.4781
1636,35.4211,54.7269,4.5957,42.6206,18.1357,52.6874,36.4950,27.8353,40.5518,39.2779,29.9181,40.5975
1637,36.1560,54.2451,26.3099,42.0018,17.7756,52.7801,34.9367,27.7789,41.7750,36.2386,29.9871,40.2244
1638,35.8117,53.7602,4.1963,42.9589,17.2364,53.1487,35.3455,27.3251,40.2183,39.7787,30.2509,40.0862
1639,36.6368,53.7579,4.2982,42.6791,18.1352,54.6667,35.4639,27.4317,41.1686,40.1583,29.8261,40.8538
1640,36.2446,55.5449,29.2641,41.5285,17.4483,53.7161,35.8475,28.1096,41.3601,37.4262,27.6308,40.7438
1641,35.9344,57.6120,9.1147,38.7071,17.8774,52.9912,35.9000,29.1961,42.7936,37.8223,31.0740,41.7485
1642,36.0276,56.8166,24.1873,43.9635,17.9442,52.8777,35.8183,29.8249,42.3542,37.3882,29.8177,40.7567
1643,35.5720,55.2794,28.3328,44.3551,18.9118,52.7619,35.6092,29.2176,42.4575,41.0839,28.8072,41.5270
1644,35.9181,54.9466,29.9060,44.5574,17.2425,52.7055,36.4427,29.8743,43.0402,39.6945,29.0763,42.3949
1645,35.8570,53.9812,29.4002,43.5975,18.0664,52.3323,36.4030,29.9323,43.9535,39.1747,28.7708,42.0083
1646,41.1161,54.9275,29.3389,42.6556,18.9562,52.7051,36.9178,29.4523,43.4709,37.7085,28.4622,43.0514
1647,40.3161,54.7583,9.4226,43.0468,18.7327,52.9757,36.7543,29.1138,43.9660,37.5170,28.0091,43.6167
1648,40.0303,53.7796,9.3988,42.5870,18.9067,53.4944,37.6037,28.7149,44.0746,38.2420,28.8270,44.5388
1649,34.5092,53.9555,9.2202,42.2385,18.6907,54.4119,37.4801,28.8019,44.4672,38.5557,26.8422,44.8864
1650,33.6701,52.6192,31.3896,36.8260,18.7281,54.5096,37.1504,30.4630,43.4592,39.6970,27.2812,45.1951
1651,34.3562,52.8924,30.4641,40.7908,19.0192,55.7309,36.1965,30.3967,43.8031,38.3583,28.3506,43.8513
1652,34.3662,52.3125,30.9153,41.3457,19.9850,55.8861,36.5250,30.4255,44.9766,39.2809,27.1486,45.3581
1653,36.0403,51.1416,31.0516,41.7320,20.8687,56.3959,36.7098,30.0240,44.3893,38.4488,26.4269,45.4150
1654,36.5137,51.6288,31.7222,40.7815,19.6321,55.8012,37.3543,30.4850,45.1912,38.0030,25.7305,45.8774
1655,41.8587,51.0300,31.5208,37.1515,21.1578,55.7793,36.9921,30.5813,46.0279,37.3539,26.5276,43.6111
1656,41.8697,50.8394,33.4800,37.2116,21.0185,56.9494,37.2890,30.2942,44.9245,37.8538,25.6723,44.4125
1657,36.6949,51.4740,29.0644,36.3751,20.0155,57.0525,37.2771,29.7381,45.5024,37.0370,26.1235,44.3925
1658,35.8037,52.1480,28.3920,36.5428,20.2054,58.0525,36.2814,28.6887,48.4294,36.1679,26.0357,43.8739
1659,36.4240,51.2576,28.8060,40.6772,20.0278,58.0300,36.6458,28.1620,45.4095,34.8216,26.7671,44.1449
1660,37.0770,51.4557,32.9881,36.1648,21.0052,58.8434,36.6419,28.8734,46.3742,35.4034,25.7010,44.4557
1661,37.0693,51.0668,31.9001,40.5553,21.3434,58.6720,36.9024,28.1027,46.8612,36.0015,26.2983,45.2285
1662,37.4285,50.8210,32.0692,40.9814,21.4279,58.2046,36.7656,28.4571,46.4589,37.0540,25.5600,40.5143
1663,37.4021,51.2413,32.8302,37.9710,20.6280,57.6498,36.3432,28.8156,46.8872,37.5717,25.3711,40.4233
1664,36.4690,52.0709,32.8524,37.5414,20.4184,57.7543,36.8157,22.0872,47.4999,36.7755,25.6106,39.9454
1665,35.3807,52.0334,27.6365,35.7304,20.6886,57.7485,36.9854,21.5193,46.7801,36.7527,25.8773,40.1832
1666,35.9029,52.7086,27.5123,34.8682,21.3839,58.1181,36.9936,28.0561,46.4910,37.2905,25.4130,39.1803
1667,34.3895,52.1570,32.3978,34.3095,21.7608,58.6599,37.0666,22.3781,47.0403,38.0460,25.9637,44.0103
1668,35.1203,53.1983,32.4106,34.4413,21.7870,57.1773,37.0920,21.6074,47.6679,38.2625,25.1829,39.7489
1669,34.4238,53.8161,32.3492,33.9746,22.3219,57.4644,36.9330,22.4657,47.4455,38.4378,28.0794,43.4956
1670,35.4575,54.9450,31.9807,34.6437,22.8306,57.0509,37.2235,27.9367,47.1575,37.9252,28.3076,38.1276
1671,34.3631,54.9100,32.8253,34.5099,23.1058,56.9955,36.3865,28.3953,47.4257,37.6302,27.9442,38.7865
1672,34.8934,54.2783,31.5726,33.9562,23.1561,57.5073,37.4039,29.6985,47.0366,38.0005,28.5026,38.6697
1673,34.8525,53.0898,31.5165,34.3165,22.9750,56.5535,37.5125,28.7563,47.0773,38.8538,27.8994,39.0382
1674,35.4262,52.3878,32.4900,37.3183,24.0812,57.6118,36.8304,28.7875,46.2242,38.7782,28.6577,38.1971
1675,34.5849,51.8080,27.7097,37.2950,23.5840,57.7047,37.1936,22.5821,46.5091,38.6284,28.6165,38.4101
1676,35.1670,51.7380,27.8469,37.7637,23.6587,57.6496,37.5226,30.0057,46.2097,39.3238,29.1251,37.9361
1677,35.2725,52.6748,27.8753,36.1767,23.9111,58.0576,37.8735,25.0727,46.1988,39.7647,28.2770,37.0409
1678,35.6040,53.6864,28.2082,36.9679,24.0567,55.3847,37.5908,21.9156,47.9823,40.2473,25.8765,37.0348
1679,34.6996,54.8222,27.3342,35.8376,23.6997,56.4976,38.1101,29.4643,47.3725,39.4528,28.6587,36.3851
1680,38.3755,55.1513,27.3886,36.9021,22.6680,56.6514,38.5289,28.9563,50.5131,39.1698,29.1810,37.3307
1681,33.6789,54.5498,28.3907,37.0875,22.7157,57.0466,39.0480,20.8809,49.0520,38.3722,26.6407,37.7852
1682,33.1917,55.4147,27.9048,37.9750,23.0775,56.9480,38.9887,21.0216,49.0161,39.4490,26.2050,38.2013
1683,36.5927,55.7053,27.7200,37.5567,22.5739,56.6090,39.6981,18.9823,48.2174,38.7580,26.1042,37.7760
1684,35.6790,55.0298,28.3102,39.1146,22.0204,55.4036,39.0144,19.8769,47.8278,39.3993,29.5956,37.1903
1685,37.0634,56.0948,28.4546,38.4787,23.0024,54.7637,39.1101,19.1687,48.1846,39.9632,30.2665,36.9849
1686,37.2227,57.2313,28.2782,37.7930,22.0703,55.4836,39.2994,17.2806,47.9829,39.7387,31.0386,37.6542
1687,36.9328,56.5228,29.1286,37.8028,24.8047,54.6923,39.6184,22.0109,48.7472,38.4805,30.5089,38.1637
1688,38.3240,56.3015,32.5325,37.7320,24.5839,55.1177,38.8810,17.1554,47.1705,37.8644,31.0014,37.0983
1689,37.9090,55.6147,28.1964,37.9295,24.5603,55.4386,38.4413,28.2371,47.7279,38.9791,30.5651,37.8449
1690,33.2091,54.4325,32.6216,37.8504,24.8109,54.5737,37.8683,23.1349,47.4351,40.3959,31.6104,37.7605
1691,32.3826,53.1759,32.0483,34.6707,24.0931,54.3087,37.6724,27.2340,47.6282,39.4982,30.5482,38.2482
1692,33.6518,52.9111,10.1972,35.4726,22.8603,54.3174,38.0307,26.8595,48.0438,39.0580,30.6882,37.7567
1693,33.7806,51.9645,10.3801,34.9149,24.3779,53.2051,38.0677,27.4821,43.3985,38.7540,30.0730,37.2876
1694,34.2603,51.7393,5.6716,34.5645,23.1908,53.3407,38.8176,27.6129,43.5878,39.7074,30.7584,33.7043
1695,35.2724,52.0080,5.0704,35.3805,24.3864,52.5716,37.8181,27.9263,43.9606,40.7896,31.0490,34.2457
1696,35.1117,51.8838,27.7026,35.3617,25.0492,52.5345,37.9152,27.6109,44.9715,40.6032,31.0338,34.7123
1697,35.2762,51.1894,27.3085,35.0315,24.1719,53.1416,37.4653,27.9000,43.8814,40.5405,31.3481,36.1599
1698,36.4542,51.6592,27.3083,35.5181,25.0800,53.9450,37.4658,28.6172,44.0067,40.6398,31.9655,35.8153
1699,36.1204,52.6595,29.2864,36.7672,25.3888,54.4899,36.8209,29.2054,46.0089,41.7106,32.2206,38.0152
1700,40.5632,52.1977,29.7833,35.7329,24.0600,54.0629,36.9921,25.4264,48.9672,41.5684,31.5989,37.6505
1701,40.2966,51.5120,28.8994,35.7759,25.0049,53.2368,37.3481,25.4765,44.7024,42.0098,30.7153,37.8337
1702,38.5902,52.3503,34.1197,34.8990,24.1640,54.2673,37.3374,24.8460,45.4899,43.0792,30.2516,39.5806
1703,39.3043,52.1544,34.7365,35.3841,23.7345,54.3297,37.1919,24.9024,49.1010,42.1625,30.6932,39.4524
1704,39.3914,52.2286,10.6747,37.2020,24.5543,52.9199,35.7543,25.2132,49.3463,42.1783,30.6765,39.0150
1705,40.3635,52.4206,5.6967,38.1065,25.1426,53.5667,35.5157,25.1330,49.1622,42.2821,29.8473,34.6666
1706,40.4778,52.0241,29.9188,36.3481,23.3696,52.1663,35.1847,24.7510,47.5037,42.7708,30.0936,40.1575
1707,36.1439,54.0098,33.7080,36.0552,23.6862,50.7764,36.4113,24.5888,48.8929,43.1404,29.9876,37.7223
1708,35.7884,54.6483,32.9893,35.8440,24.5011,50.5241,36.1877,25.2648,48.9961,41.8943,25.2431,37.5419
1709,34.4920,53.8850,32.8127,35.8015,19.6976,50.8493,36.2570,28.2567,47.3096,42.2986,29.2657,32.9811
1710,34.1307,54.2533,32.6390,36.8292,20.8673,51.0918,35.8887,27.2577,50.2983,43.2250,29.6371,33.8617
1711,34.6956,55.1590,9.5423,36.9981,20.5113,51.1435,36.4795,27.2069,50.7725,43.6015,29.1747,34.4489
1712,34.7307,54.6013,9.7840,36.0334,19.8023,49.6373,36.8001,26.6060,51.1032,43.1817,29.6919,36.9482
1713,34.6700,54.6054,9.9082,36.7987,19.9198,50.1247,36.6285,26.6392,52.2091,41.8789,29.9332,35.3192
1714,35.4022,55.2973,9.9567,36.3082,19.0375,46.0737,36.6701,27.2599,52.8734,43.8245,30.1067,34.8946
1715,34.0779,55.2362,10.2356,37.0680,18.8951,46.2158,35.6981,22.6579,52.7903,43.2644,30.7694,35.1741
1716,33.3236,54.7893,10.4403,37.1232,21.2986,45.8603,34.8010,27.5849,53.8371,42.5978,32.2989,39.9321
1717,33.2636,55.2155,9.5787,37.7344,20.2481,45.8470,34.6534,28.2764,54.4069,43.3846,32.5386,35.7280
1718,33.9076,54.5161,10.2883,36.5902,18.7004,46.7817,34.2062,29.5570,53.8340,43.7047,33.0018,40.4563
1719,34.0607,53.8556,10.3644,37.5181,19.9242,45.7768,34.2515,30.4146,54.0580,43.2547,29.8467,35.7624
1720,35.0329,55.1118,9.7574,39.2578,19.6037,45.8180,34.1622,30.5855,54.6108,44.0536,29.1090,40.0934
1721,34.5975,53.6311,9.3505,39.2454,19.0827,45.7383,34.6744,30.1592,54.2401,44.0914,28.8545,35.7612
1722,34.6725,53.8334,10.7921,39.4247,19.4797,45.9077,34.5413,29.1904,54.7916,44.2305,28.2404,35.9943
1723,34.4777,52.8554,10.3284,39.7659,19.9312,49.7801,34.9291,29.2341,54.6267,44.4681,33.1307,35.7284
1724,33.9780,54.0586,11.0466,39.5527,18.8849,48.9411,35.4149,29.8185,55.1609,43.7498,34.5552,40.0001
1725,33.5966,54.6605,10.7478,39.7571,18.9826,50.0727,35.7393,29.0551,54.6313,43.2390,34.0191,40.0603
1726,33.1711,55.5673,11.3166,40.0006,19.2502,49.8342,36.8503,29.0514,54.8385,43.3113,35.3890,39.9070
1727,33.7901,55.2762,10.8060,39.1133,19.1341,50.1454,36.6270,28.6398,53.1870,43.1255,35.2880,40.4522
1728,32.7849,54.7809,10.8833,37.8380,19.1830,49.5222,37.0879,26.6082,53.2965,43.2659,35.4463,40.5156
1729,34.0589,54.8090,11.0871,39.0528,20.1749,49.7369,36.4503,26.9876,54.6291,42.8323,34.4212,41.0170
1730,34.2279,54.7966,11.0883,38.7848,19.6783,54.3029,36.9366,26.4904,53.3544,43.8192,34.2827,45.2633
1731,35.4175,55.1826,11.0877,40.1093,20.5198,53.3941,35.8838,25.6570,53.1326,45.2266,38.3289,45.5582
1732,34.1638,54.8291,10.6635,39.5673,22.7841,51.6404,35.8364,25.0256,52.6572,45.4573,34.8734,45.5087
1733,34.3607,55.5026,10.6836,40.2553,22.0362,51.3138,35.7463,25.6292,51.7884,45.9612,34.0681,45.3541
1734,34.5665,55.3022,9.4589,38.7625,22.2060,50.2725,35.8431,25.9263,52.1622,46.1929,35.2967,43.2545
1735,34.8384,55.7117,10.3176,38.4005,22.7923,50.5873,35.7364,25.8294,53.1683,45.7643,35.6038,43.3720
1736,35.2955,54.9110,10.2680,39.2804,22.3657,50.4728,36.0043,24.7905,53.0725,44.3239,39.1009,43.9761
1737,34.9268,55.7835,10.4110,36.1483,21.8878,49.4004,35.6144,28.7830,52.3450,44.3703,39.1438,44.1609
1738,34.4117,56.4832,42.4511,36.7938,22.6129,50.9279,35.6769,25.3839,52.9290,44.0806,39.6253,43.7918
1739,34.4475,55.5220,41.1596,37.7514,23.3237,51.6294,35.2411,29.3324,53.3924,44.6660,39.8090,43.4272
1740,34.3553,55.6917,41.4112,38.1342,23.2825,52.5822,34.1896,28.5762,54.8622,44.0102,39.5457,38.4740
1741,34.2470,55.7435,41.9967,37.7631,22.2636,52.3692,34.4872,28.9826,54.2614,45.3247,40.4679,43.6228
1742,34.8528,56.4364,42.5373,36.8389,23.1807,51.4183,34.3830,26.5794,54.5564,46.0540,39.3494,38.1677
1743,35.8723,56.6946,41.9656,35.5562,22.6089,51.1519,34.5935,28.7825,54.0855,43.9949,38.9781,42.2855
1744,36.0759,57.0494,40.9642,37.1495,24.3846,51.3604,34.5213,28.6130,54.5654,43.9063,39.7405,37.3107
1745,35.5339,57.7519,41.3656,37.0597,24.4747,51.4649,34.4768,28.8393,55.1501,42.9526,39.9814,43.0084
1746,34.7059,57.2992,41.4928,37.2564,24.6944,53.1050,33.9480,27.8887,56.0759,43.9595,40.4017,42.5929
1747,35.0495,57.5978,41.7244,36.7740,24.3959,52.0416,34.2608,28.1926,56.3410,43.3674,39.6661,37.0184
1748,33.3144,57.7307,41.8738,36.7381,24.5806,52.1057,34.2901,28.1897,56.1987,44.6242,39.7921,37.4513
1749,33.4263,57.8187,41.6644,37.6571,24.9317,50.9929,34.2729,28.7159,55.2288,45.0095,38.8513,43.2600
1750,31.9406,57.4196,40.7362,37.8362,24.8715,51.5126,33.0923,28.8154,55.4380,43.7582,38.6843,44.0454
1751,33.6018,57.5669,41.1624,37.0712,25.1333,52.5234,33.3826,28.0948,55.9635,43.5779,39.7464,43.6294
1752,34.1074,57.8714,41.0960,37.4967,24.5878,52.3321,34.0492,28.2853,56.8352,43.3047,39.4276,43.3538
1753,33.7858,57.6335,41.7660,36.3369,25.8769,52.6892,34.1036,28.2675,55.8434,43.1225,40.7208,43.6448
1754,35.4239,56.9641,41.7737,37.7057,25.2871,51.1311,34.1015,25.7394,55.7805,42.4251,41.3917,44.0694
1755,34.5669,57.3049,41.7769,38.7656,25.9370,52.0854,34.5148,26.9553,56.1322,40.5704,41.1948,44.4757
1756,32.4860,57.6146,41.3858,40.1545,27.6063,52.3087,34.4135,27.1468,54.5551,41.3502,40.5963,45.3019
1757,32.1337,57.3819,40.5919,39.5868,26.9047,52.3842,35.5012,28.6907,55.9788,42.6869,41.2524,44.7871
1758,30.9317,57.6362,40.9433,38.7518,26.6579,52.6234,34.9916,28.4572,56.8637,42.4293,41.1581,44.6076
1759,31.2917,57.2997,41.2204,39.0205,27.6363,49.0908,35.5526,28.1192,56.0086,42.4525,41.9628,44.7557
1760,30.7564,57.3997,41.6801,38.4568,26.6571,48.3019,35.8241,28.9300,56.1966,42.7053,41.7497,45.7276
1761,31.4961,57.7471,41.0950,38.9438,26.5315,49.7114,35.5253,29.7191,57.1187,42.1040,42.3642,45.4181
1762,30.6761,57.7757,41.5074,39.0093,26.0075,49.1442,35.7940,28.9321,57.8538,43.8266,42.5916,45.9655
1763,32.3673,57.0432,41.6629,39.5273,27.3129,48.4821,36.2198,28.2613,58.1987,43.4745,41.9499,44.4694
1764,32.0010,56.9790,41.5001,40.3396,25.4564,47.5922,36.3443,28.2786,58.4776,44.0719,42.4393,44.9984
1765,33.6091,57.0868,41.8296,40.0958,24.7794,48.0642,35.8346,28.5903,59.0440,43.4792,43.2807,45.3231
1766,33.2373,56.7428,41.6507,39.7508,24.9954,48.5402,35.0309,28.3428,58.8465,43.1331,43.0628,45.1676
1767,33.4279,56.3427,40.8082,39.8488,25.8837,47.8554,35.4341,28.2302,59.1116,43.0242,47.3378,44.7839
1768,34.5457,56.3094,41.0204,40.9285,25.4333,48.7425,35.6021,29.0589,58.5521,42.8754,47.7435,43.6314
1769,35.1167,56.7215,41.2646,40.5673,25.6902,48.5948,34.9026,28.5905,59.1131,43.3135,48.0933,44.4366
1770,35.7503,56.5231,58.8132,41.2889,24.8525,48.4968,36.1747,28.4564,58.6832,45.5476,48.3857,43.7161
1771,35.1578,56.3727,40.8366,42.0183,25.5154,48.3150,35.5775,27.9119,58.3700,44.3675,48.5559,43.8302
1772,35.4138,56.0388,57.1517,41.3824,24.7175,48.8036,35.3833,27.7554,58.3048,42.6243,48.1739,43.4263
1773,35.0496,56.9468,56.4481,42.1981,23.9217,49.0125,35.2505,27.4209,57.8421,42.7170,46.9554,45.1767
1774,36.5506,57.4918,56.3634,42.6498,24.6136,48.1169,35.8630,27.6757,58.0513,44.1215,47.1723,44.3581
1775,35.4987,56.9266,56.2179,43.6152,24.8355,49.1271,35.5176,27.2760,56.6988,43.3971,45.9304,45.1646
1776,35.6683,57.5658,56.5494,43.8579,25.0347,49.0731,36.2356,27.7044,56.0434,43.3100,46.5193,44.5856
1777,36.5952,57.1974,56.9621,42.4841,25.3805,48.6919,35.4453,27.7394,56.1155,43.7473,48.0089,44.5485
1778,35.8452,58.7255,55.9444,42.9313,26.6584,48.4491,36.2445,28.2021,55.5201,43.2240,45.6628,44.8253
1779,35.8818,58.5314,56.9117,43.4365,28.0269,49.9822,35.9421,28.0890,55.6951,42.2983,47.3172,44.2892
1780,35.6519,58.7672,56.8734,42.4045,28.6834,49.4857,34.3813,27.6558,55.0455,44.3771,46.1241,42.9729
1781,33.9549,57.8357,56.5752,41.7623,28.4849,49.1088,35.1500,28.2846,56.5758,43.7254,45.7578,43.4522
1782,35.6898,58.8083,56.5943,42.0159,29.1848,49.8817,35.2323,27.6930,56.3957,43.9258,45.4534,44.0227
1783,35.9110,58.4747,56.2862,42.7188,28.7639,48.9606,35.7802,28.1919,55.6894,43.2437,45.4560,44.6808
1784,35.5258,57.4752,56.0212,44.1764,28.6497,49.8252,34.4893,27.9248,54.7917,43.0464,46.0203,43.8152
1785,36.0553,57.7332,56.2247,43.8251,27.5242,49.8720,34.7362,28.3323,56.9776,43.7441,42.8787,43.3481
1786,36.0426,56.2346,57.2928,43.7146,26.4491,50.2968,34.2160,33.2552,56.8498,43.8053,42.7773,44.1439
1787,35.5191,56.6266,57.6097,44.1442,25.9604,51.3207,33.1433,28.2425,56.4889,43.8758,45.6109,43.3812
1788,35.6706,54.8658,57.6621,43.0528,26.5782,51.1639,33.6469,32.2713,56.7555,44.6633,44.3425,43.7662
1789,36.1890,56.3870,56.8456,44.6528,26.5678,50.6709,33.4269,32.5472,56.2762,44.9124,45.2851,44.9115
1790,36.2919,56.3865,54.7767,44.3040,27.3079,50.1226,33.0488,31.3789,55.9412,44.2793,44.7375,45.3303
1791,36.6100,57.0817,54.6251,45.0333,28.8392,50.4725,33.5235,31.6262,56.2666,46.1297,44.5785,45.3066
1792,36.2279,56.4724,57.3977,44.2253,26.3331,49.7339,33.0621,32.2436,57.2133,46.2923,44.3830,45.5892
1793,36.3402,54.8802,56.8319,43.8651,27.2652,49.5060,33.6711,29.4132,57.1758,47.3642,44.6993,45.3963
1794,35.0086,53.8212,55.9889,45.1890,26.6361,50.9100,33.4475,33.1586,57.6800,45.6278,44.6460,45.2763
1795,35.6855,54.5875,55.3914,45.3816,28.4129,50.4504,33.3983,33.0535,57.4157,45.9612,43.8940,44.5659
1796,35.3988,56.0896,55.0704,46.5181,30.1876,50.3834,34.0020,32.7684,57.1983,44.7743,43.8964,45.0283
1797,36.1479,55.4915,55.8929,46.8100,30.3447,50.5203,33.5799,33.5546,57.5175,46.3238,44.0542,45.4992
1798,37.3136,55.2944,56.0076,46.7768,29.9112,50.8657,33.1111,33.6973,56.9036,46.5525,43.4192,46.2799
1799,37.8883,54.3151,54.5945,45.7699,29.6719,50.2201,33.6735,29.1003,56.7024,45.7424,42.3660,46.0476
1800,36.0761,53.7926,52.1817,46.7122,30.9309,50.6087,33.4078,32.6789,56.8334,45.2336,41.7870,45.6747
1801,36.2886,53.8011,52.8888,45.6001,30.9683,50.7951,33.0829,32.0704,57.8822,46.0960,42.1902,46.1054
1802,37.1831,53.7819,53.5537,45.1746,31.1879,50.9172,33.7247,30.9899,57.4276,46.3121,42.2724,45.6176
1803,38.2419,54.1706,53.1557,45.0438,31.2216,49.8034,34.2952,30.0675,57.9916,45.7102,38.9113,46.2294
1804,37.1628,53.5181,52.6331,45.9621,30.3495,50.3747,33.7061,28.9448,59.1231,44.8556,40.0814,46.1339
1805,38.1812,52.7226,53.0744,46.4041,29.1793,50.1394,32.9393,30.9121,59.8565,46.3277,40.4165,45.1156
1806,37.9698,53.1821,53.3946,46.8319,30.8457,48.7120,32.8368,30.5998,59.9303,46.2510,39.6709,45.2068
1807,38.1680,54.0335,53.5457,47.4005,31.9788,50.1714,32.9950,30.5442,59.8745,46.5214,38.9723,45.9610
1808,38.6602,53.4919,54.4733,47.3389,29.3273,49.5521,33.3786,30.2222,59.2165,45.8170,39.2967,45.5321
1809,38.3963,55.2653,55.0682,48.6137,31.2000,48.0890,33.7225,30.3212,59.9207,45.1901,39.1576,44.7121
1810,38.8542,53.6968,55.4824,47.8443,31.8265,47.6481,33.3730,28.7396,60.3133,43.8900,39.8279,43.4939
1811,39.5327,54.3459,54.4299,48.7447,29.2146,48.2785,33.7307,29.2647,60.2722,44.3564,39.5331,43.5237
1812,39.6570,55.0738,54.3634,47.9456,29.7465,48.3604,33.1942,27.6689,60.3521,44.9128,39.1554,43.4384
1813,40.5054,55.3695,52.9248,48.3345,29.7885,47.4957,32.8763,28.1611,59.9926,45.2406,39.4370,43.4420
1814,39.9265,55.6690,52.3615,48.4194,30.8795,47.9577,32.9146,28.8675,59.6541,44.0640,38.9851,43.7742
1815,40.2243,55.3777,53.2533,48.2246,32.1282,48.0433,32.2974,29.7337,34.0994,43.8233,38.9335,43.7488
1816,39.7157,56.4354,53.9508,48.1698,31.5091,46.0518,33.0365,29.7167,34.5872,43.9630,38.3332,43.1929
1817,40.3050,56.3980,53.7660,47.6797,31.3466,46.7480,32.3301,30.3756,34.7370,44.1105,41.3003,43.4361
1818,41.2522,56.7062,56.4803,47.5604,30.3735,46.0831,31.5738,30.6699,34.7311,43.7367,41.9005,43.5861
1819,41.0928,56.9368,57.1421,46.5443,30.5293,46.6253,31.6678,30.1813,34.8039,44.0838,41.6702,44.0866
1820,41.1867,55.9734,56.3514,45.4745,32.2974,46.4034,31.6511,30.3621,34.3566,44.2497,38.0553,43.8379
1821,41.7352,57.0410,56.9109,45.7067,32.9258,46.5160,31.5491,31.3553,34.6617,45.1173,37.4358,43.0957
1822,40.7741,57.0548,58.0014,46.3536,32.5083,46.6123,30.8913,32.4478,35.6241,45.9943,37.6286,42.7837
1823,41.1904,56.0500,58.4378,46.1548,31.8535,47.2904,30.8316,32.6856,35.1125,46.1094,36.8414,42.6152
1824,40.7797,57.1564,58.1425,45.8928,34.6009,47.9451,31.2041,32.6321,35.4115,46.0689,36.3121,42.3919
1825,40.5726,58.1895,58.1763,46.8909,35.9869,48.3129,31.3425,33.2319,35.7545,46.0625,36.4391,42.2436
1826,42.1355,57.9678,58.1445,47.0361,36.5369,51.8575,30.8115,33.1356,34.9776,46.7890,36.0002,42.1823
1827,41.4895,57.7250,58.2739,47.0892,36.4168,46.9469,31.0748,32.1706,35.8013,46.6720,36.4993,42.5951
1828,41.8846,58.3064,58.1072,48.2532,37.0098,46.6705,31.1633,32.4717,36.2218,46.3642,36.4837,42.8793
1829,41.5089,57.7362,57.6806,47.1883,36.7710,47.0974,31.5100,32.0600,35.4323,45.7563,36.6731,43.2182
1830,41.0261,57.0822,56.4703,45.7839,37.6794,46.2743,31.5196,32.3566,35.6968,46.4544,36.1177,43.6428
1831,41.7962,56.6487,56.9588,45.4214,37.0615,46.1208,31.0536,32.7453,35.2633,46.6196,35.4214,43.9285
1832,42.3936,56.0490,56.8574,45.1968,40.1710,45.3047,31.4744,33.8208,36.1045,46.0667,36.7383,43.5537
1833,44.1917,56.2160,57.3009,46.2653,39.9871,46.0851,31.2905,35.0300,39.9917,46.9751,37.4845,43.3700
1834,43.0599,55.9321,56.5451,45.0424,39.6715,45.7651,32.0840,34.4146,39.9450,47.0990,37.9623,42.1969
1835,44.4536,54.5815,41.7189,44.3093,39.2968,45.3459,32.2745,33.3415,39.9591,47.2866,37.1316,42.0954
1836,44.6798,54.7606,41.2027,43.9093,36.0952,45.0587,32.1463,33.6466,39.5038,47.7584,37.6012,42.7337
1837,45.9995,55.4863,41.6365,44.5747,35.8606,45.6368,31.5263,33.1082,39.4989,47.3608,37.5779,43.4107
1838,46.3238,54.8021,40.3386,45.1944,35.7127,45.8692,31.3885,32.7328,39.2570,47.0392,37.3880,43.4521
1839,47.0349,54.8617,39.3483,45.7597,35.3072,44.2339,31.5267,33.0605,40.1472,46.4258,36.4618,43.1434
1840,46.7384,55.4261,40.0429,45.9430,38.3348,44.6059,31.3347,32.6872,40.7292,47.4397,36.6252,42.1329
1841,46.2417,54.3949,54.3253,46.1759,38.9113,43.9389,31.1955,33.1617,40.5131,47.8758,37.1973,41.7881
1842,46.5441,53.8008,55.1551,47.0510,39.1370,43.0111,31.3169,33.0447,41.2687,48.1220,36.3675,41.8014
1843,47.5501,54.6858,54.8402,47.6070,39.2221,42.3698,31.1252,33.7398,41.3075,48.2596,36.7980,42.0928
1844,42.9215,55.2422,53.8012,47.7236,38.8975,42.5346,31.3457,33.5506,41.2623,49.1922,36.6230,42.2718
1845,46.5732,54.7034,53.4089,48.8386,39.7242,42.1106,30.6784,34.4233,41.6450,49.5788,36.1158,41.5804
1846,46.6519,54.8884,54.2035,47.9274,39.3533,42.4963,30.6486,35.1152,37.1464,49.5984,32.1153,42.3284
1847,44.6183,56.1008,53.0391,49.1786,37.0984,42.6497,30.0525,34.2178,35.9397,49.1870,31.5930,41.8665
1848,45.3555,55.9931,53.5070,49.6268,37.8298,43.9070,29.1086,34.8529,40.9606,47.5780,32.7487,41.6721
1849,44.1312,56.1442,52.4008,50.1407,37.4746,42.6603,29.6262,34.5878,41.7387,51.3632,32.7305,41.1620
1850,43.1220,56.0834,51.8460,49.3558,36.4994,43.3519,29.2157,34.5615,40.7803,51.3952,33.4608,41.4999
1851,43.5389,56.4233,52.6789,49.4640,35.7454,43.1128,29.0304,33.9370,40.7193,51.5019,29.4598,41.2047
1852,44.9476,55.9773,53.5457,49.4265,37.4330,41.4754,29.7856,32.0843,39.9897,51.6167,29.5923,41.7951
1853,44.6892,56.6420,53.7245,48.7222,37.2648,41.4985,30.3004,33.3121,34.6662,52.2893,31.1356,40.8694
1854,43.9485,56.1431,55.2730,48.0418,37.8453,40.3929,29.9571,32.7070,34.7080,52.1025,31.1719,40.7233
1855,45.8027,56.8432,55.9441,48.6314,37.8378,40.8642,30.0978,32.5121,39.7986,50.9364,31.9928,40.1301
1856,45.0061,56.3867,55.3014,48.3900,38.8089,39.7791,30.1268,32.2577,34.7537,50.3887,31.7488,41.1471
1857,45.6363,57.2991,55.6514,47.6929,39.0989,40.9284,29.4882,31.7021,39.5398,52.1026,32.0906,40.8796
1858,45.4186,57.2184,55.4743,48.7133,39.2718,40.7356,26.6626,31.6437,34.7012,53.5505,32.3239,46.2880
1859,45.6849,55.5159,55.2205,49.0666,40.8105,40.5047,26.2491,31.2796,40.9261,51.3049,32.0268,45.6503
1860,46.1887,57.7202,55.7673,48.4720,41.2001,40.0717,26.6403,31.6856,41.3042,51.4879,32.1977,45.4443
1861,45.9416,57.8052,55.5522,49.0387,39.2239,40.2761,27.7785,31.6966,40.3283,51.2163,32.1462,46.0889
1862,46.1450,55.6937,54.2606,49.7800,39.6546,40.5225,27.6041,31.0637,40.2136,51.7908,32.1115,45.8729
1863,45.3473,56.4960,54.3117,48.8855,39.4896,41.2135,27.8528,30.8850,39.8619,52.3675,31.2514,45.8189
1864,45.7529,57.2157,54.9876,48.5262,38.7432,41.0959,27.3258,31.0860,39.1476,51.7929,30.7776,46.8038
1865,45.4597,57.2922,55.0336,47.7099,39.0756,41.1531,27.6213,32.4699,39.8794,51.1358,30.8874,46.6785
1866,45.0038,58.0297,55.5110,48.7368,39.1349,43.4675,28.4567,31.8671,40.3471,51.0503,31.9598,46.4452
1867,45.1881,57.3560,55.7191,47.9405,38.8401,41.9543,28.0678,31.5513,40.1196,50.4689,32.1390,45.3179
1868,45.5555,58.5975,56.4744,47.4201,38.4614,41.6401,28.6831,33.5018,40.2866,45.6408,32.8848,45.0652
1869,45.0549,56.9504,55.6416,48.6789,37.1136,42.3400,28.8214,33.8025,40.0314,48.8382,33.9929,44.2983
1870,44.9712,58.5036,54.8541,48.9200,38.0095,41.5637,29.4436,31.6695,40.5695,50.0860,34.1872,44.6986
1871,43.0506,58.6019,54.2833,48.4406,38.2127,42.5730,32.3174,33.3234,40.6030,45.4073,34.8376,45.6737
1872,43.5015,59.1123,54.7746,48.5805,38.4969,43.1094,29.7825,32.1701,40.5680,50.2294,34.6350,45.0054
1873,44.9242,58.7856,54.9354,49.8355,38.9680,42.2744,32.8368,34.1390,40.7796,50.7408,36.2549,44.8832
1874,43.7099,59.0246,38.9380,48.2233,38.5212,42.4536,32.4035,33.8343,41.2901,50.9056,36.4737,44.9717
1875,42.4945,60.1269,53.7725,45.7705,38.1420,42.4988,32.6249,32.7960,40.2127,50.6853,36.2641,44.4245
1876,42.5477,60.1745,40.0668,45.6292,36.7787,41.6322,31.9183,34.1945,39.7323,50.6812,36.1268,44.5685
1877,42.2942,61.4166,55.0876,45.9928,37.9941,45.7971,31.9334,32.9155,39.0036,50.3696,36.3434,44.1675
1878,42.7904,60.4781,56.0768,46.4490,38.1573,47.5366,31.9238,32.6739,39.9019,51.0342,37.1414,44.3664
1879,41.7230,59.9553,59.0581,47.3601,38.1949,44.9926,32.5326,32.2863,40.1292,50.3050,36.9799,44.6791
1880,43.5341,61.3336,56.7878,47.2286,38.5608,45.3534,33.1185,31.2736,38.6543,50.8657,36.7590,43.5053
1881,42.5166,61.3616,55.8477,46.5077,37.8836,45.6007,33.1676,33.0350,38.4998,50.5459,36.5024,43.7543
1882,43.8211,61.5763,57.0977,46.8803,37.8861,45.4119,32.6585,32.4549,39.2131,50.8825,36.2101,42.7176
1883,44.2748,61.5393,55.9229,45.5283,37.8951,47.4890,32.8819,32.3036,39.6499,50.8021,36.2565,43.5008
1884,43.9101,61.2472,55.8731,45.3465,38.3030,47.9579,33.2233,33.3505,38.6150,50.6549,36.0122,44.0369
1885,44.0718,60.9965,53.7374,46.2182,38.7309,49.2924,33.1970,31.9973,38.1271,50.8166,35.7137,44.5579
1886,45.2883,60.8742,37.0882,44.7967,39.0926,48.8698,33.3717,32.1840,38.3920,52.1992,35.7143,43.1452
1887,45.6989,60.8958,37.0744,44.9802,40.5252,45.9010,33.5687,33.3165,38.9486,52.2897,34.9069,43.6800
1888,46.0255,60.7520,36.5304,45.8867,41.2011,49.0478,32.9992,32.1210,38.3836,50.8145,35.3649,42.2503
1889,46.3327,60.6759,37.1892,44.9290,40.4509,49.6393,33.9442,32.9021,38.5675,52.4353,35.3692,43.0787
1890,45.4224,60.0131,52.5625,44.7910,41.5774,50.1328,33.7278,33.1992,38.4732,51.6322,35.5356,42.9240
1891,47.0144,60.8951,51.3205,44.6956,42.0664,48.8947,34.5170,31.8810,38.0896,51.1864,35.6771,42.8916
1892,47.0126,61.4672,36.2208,46.0097,41.2857,45.0027,33.4958,31.8473,39.3663,50.9441,36.1322,42.3985
1893,47.2961,62.3623,51.2756,45.0868,41.2028,45.7187,33.3800,32.0239,40.0347,50.1203,36.8545,43.0697
1894,49.4940,63.5067,49.8346,44.7611,41.2300,45.6772,33.8970,31.7811,40.2803,49.8718,36.7528,42.5519
1895,47.4285,62.1141,48.9923,45.2324,41.5388,50.4448,33.6246,34.9386,40.3101,49.3865,36.0622,42.8806
1896,47.4629,63.0705,49.7814,45.1169,41.7501,51.5722,33.2945,35.2454,40.3231,48.9862,35.0271,42.3890
1897,47.7567,62.2774,51.1386,45.6345,41.5662,52.6628,33.3618,34.3724,41.2210,48.3548,35.6601,42.7016
1898,46.6683,61.8000,50.1804,47.6431,40.5686,52.8630,34.1309,33.9746,41.0224,48.3006,36.2269,41.9434
1899,46.1747,61.4248,49.8427,46.5864,41.4877,49.0917,34.6086,34.0788,40.4987,48.7855,37.0283,42.0281
1900,48.4613,62.4005,53.7924,45.3337,41.5479,52.6616,34.4887,33.7272,40.8642,50.2512,37.3668,40.8875
1901,47.6537,61.9737,54.3890,46.9076,41.6475,50.0713,34.0888,34.6942,40.5731,49.2873,37.1885,41.6926
1902,46.0425,60.5826,55.1106,47.5509,42.5107,53.7944,33.2347,34.8081,41.3466,49.1674,36.9783,41.6738
1903,46.3987,60.3703,50.4915,47.4842,42.2812,54.2747,33.4051,35.2088,41.7550,49.1552,36.1856,41.8941
1904,47.7419,59.8590,51.0657,45.4580,42.4913,55.6571,33.0741,33.9420,42.6980,49.3912,36.4698,41.5437
1905,46.2067,60.7257,50.0256,46.3324,43.5319,56.3342,33.6766,34.9182,41.7623,49.5928,36.5556,41.4179
1906,45.6059,59.7817,49.8590,45.8840,44.1516,57.4528,33.4193,33.5184,41.5549,49.1767,36.7389,41.6023
1907,44.2619,58.7184,50.5556,46.4372,43.2845,56.5407,34.0480,33.9542,41.5628,49.4832,37.1430,41.4714
1908,40.9599,59.2297,50.4107,45.9838,43.4340,56.0136,32.9447,34.1240,40.5601,49.2136,37.3369,40.9448
1909,39.9082,59.2714,49.4625,45.3556,43.6455,55.7001,33.3619,34.2396,40.5312,51.0609,37.3774,41.0305
1910,39.3656,58.7596,50.0206,44.7047,44.3017,54.9775,32.8396,34.3348,40.4983,52.5356,37.5811,40.9683
1911,36.8522,60.4001,49.7666,44.1373,43.9098,54.0871,31.5320,33.5017,40.4210,51.9195,38.1524,40.3380
1912,35.8648,60.9255,50.3352,44.4339,43.1225,54.8377,31.5159,33.2223,40.9958,52.8113,36.9284,40.5205
1913,35.9495,60.4684,49.6254,45.5474,43.9797,54.7606,31.7517,34.9942,40.6960,51.8598,36.5258,40.6182
1914,37.2767,59.4388,50.0171,44.0684,43.9372,55.3309,31.8473,36.2624,40.6381,52.4549,36.4399,39.9851
1915,35.1829,58.9636,49.1882,44.7340,44.9518,56.5618,32.6472,34.9303,39.9839,53.5828,36.8068,41.8538
1916,36.7365,58.7541,49.3006,45.8131,40.5589,56.8455,33.0097,36.6383,40.1130,52.7516,37.8603,41.7190
1917,35.7096,58.1455,50.0063,45.6941,44.0070,56.9462,32.2275,36.6855,39.7561,53.4774,39.1467,41.3620
1918,36.1120,57.7567,50.0881,45.1213,42.4215,56.9772,32.7757,36.5573,39.7007,53.9331,39.5490,40.9735
1919,36.2481,57.8516,53.2424,44.6869,43.9573,55.1629,31.8422,34.7246,39.2285,54.1683,39.9725,41.1801
1920,40.1914,58.1128,51.1409,43.6632,44.9770,55.2781,31.3342,33.9699,38.7996,54.8614,39.3838,41.5928
1921,36.2223,56.6856,50.7503,44.8470,44.9468,54.5655,29.9588,33.4070,38.8718,54.4972,39.6453,41.8727
1922,40.8872,56.6967,49.4264,44.9818,45.5484,55.1025,30.2964,29.8478,38.5218,54.6957,37.9890,9.1072
1923,40.7450,57.3166,49.4874,43.5674,46.6531,54.9031,30.0298,35.5839,39.2425,54.3939,37.3053,9.4881
1924,38.5974,57.1356,50.1201,44.4684,46.0492,54.8640,30.3487,33.9215,38.9434,53.9601,36.9053,10.1801
1925,38.6559,56.6459,48.7828,43.8897,47.3053,54.3035,29.1274,33.9841,39.5221,53.5626,40.4819,9.9385
1926,40.1576,56.2024,50.8811,44.1370,48.2102,54.7013,29.1508,33.9175,40.3437,52.7893,39.6958,9.8656
1927,39.3579,56.2837,47.8323,47.8801,47.5476,54.9034,29.6095,33.3673,38.8326,53.1537,40.6856,9.2354
1928,39.1939,56.0023,46.5230,47.6703,48.4608,53.3860,29.2573,34.3853,39.6942,52.7074,40.4670,9.4603
1929,39.4345,57.0799,46.5613,47.5186,48.5346,52.6791,28.6522,34.5721,39.5682,53.1290,40.6082,9.3065
1930,38.9640,57.6833,46.3492,46.2037,48.4098,53.2216,28.6157,35.0194,39.6733,52.5201,40.4964,9.3790
1931,38.8056,56.4134,45.5011,47.3716,49.2488,48.6734,27.5267,34.8551,39.9128,52.6031,40.2871,9.5117
1932,38.1461,56.4177,45.4177,47.6777,48.2717,47.8532,27.2465,34.9407,39.2434,52.9745,39.9603,9.6818
1933,38.9924,57.3048,46.5129,46.3402,47.2034,47.8960,27.4485,33.9993,39.6098,52.2258,40.9113,9.6333
1934,38.4542,58.1021,47.0040,46.1252,46.6176,45.3183,27.6331,33.5818,39.0884,52.5138,40.8744,9.6112
1935,37.7414,57.7704,46.9430,45.8254,46.7940,46.9565,27.4441,34.1901,39.7967,51.8411,41.1001,9.1834
1936,38.6971,56.4753,46.6465,46.3161,47.0718,44.2237,27.5723,32.0745,40.0587,51.3454,41.6778,8.8055
1937,38.4474,55.2679,47.9190,44.8783,47.9877,45.4130,28.2863,32.5733,39.5998,49.9822,41.6096,8.4072
1938,41.0908,54.7579,48.6940,45.2733,47.2255,46.0107,28.3621,32.4061,39.7959,51.3365,41.2339,8.6266
1939,40.4834,54.6593,47.9931,45.2963,47.2423,49.0229,28.7028,32.4999,39.6243,51.4673,42.0961,9.2137
1940,41.0662,53.0050,44.6698,45.5871,46.7235,48.5315,28.8882,33.1909,39.8079,51.2662,42.4585,9.4510
1941,41.2086,52.7648,49.6312,46.1827,46.2644,49.5344,28.3561,31.9201,39.4299,51.7181,42.3680,9.1312
1942,41.1019,51.7764,52.1867,46.5278,47.4446,49.8845,27.7942,33.0158,39.0010,51.2380,42.5298,9.4158
1943,41.2357,52.7528,52.2422,45.1168,47.1072,50.4113,28.5726,32.7324,39.7530,51.9936,42.1313,9.4754
1944,41.8335,52.8247,53.6975,46.1381,49.0229,49.3575,27.8090,33.9422,39.3887,51.1540,42.3873,8.9347
1945,42.2145,51.8398,54.1275,46.7974,48.6385,49.9501,27.9535,35.7125,39.4494,54.0157,43.7889,9.2259
1946,41.4912,51.5133,54.3216,46.0259,49.4226,50.5337,27.3659,35.1447,39.1083,53.5662,38.6842,9.2279
1947,41.3561,51.7381,54.1526,46.5853,48.3725,50.2690,28.0075,33.5363,38.2501,53.9600,43.4044,9.0949
1948,42.4562,51.5102,53.9642,45.6571,48.3970,49.7124,28.3885,34.4624,38.7452,52.2042,38.9262,8.7585
1949,42.8242,51.0503,52.9189,46.7312,48.9758,50.2273,29.3813,34.4310,38.7924,52.3428,38.7664,8.8312
1950,43.2791,50.8038,53.0250,45.6795,46.6456,51.1765,28.6751,33.3998,37.5777,54.4697,42.8951,9.1600
1951,42.4729,50.5215,52.9582,45.9982,46.4974,50.9560,28.6493,32.8245,37.6680,50.7653,39.9251,8.9094
1952,43.3434,48.6991,52.8503,45.5902,48.7066,50.7562,30.9506,32.5444,36.8195,50.4778,44.5886,8.6036
1953,42.2575,48.6995,53.5475,46.0182,48.8982,52.4103,29.7153,32.5877,37.0773,50.4896,44.7379,8.6205
1954,42.4108,48.4584,52.5717,46.8076,48.9497,52.5954,27.1328,32.6697,37.7077,53.1625,41.1607,9.0549
1955,41.7431,49.2144,53.2179,47.0331,49.6276,50.4370,28.8722,32.6930,38.3509,51.9422,45.4858,9.0070
1956,42.0248,48.0229,54.6946,48.7694,48.8440,52.8479,26.8080,31.7631,38.7252,52.2530,45.4636,8.7240
1957,41.9393,54.2521,52.7128,48.5752,49.3479,54.3856,27.2687,31.8011,38.8225,51.9243,45.8333,8.5835
1958,41.2067,48.7532,52.5156,48.8302,48.8422,54.8852,29.3174,31.8062,37.9983,51.6830,46.4566,8.7148
1959,42.2763,48.1197,56.0677,47.9120,50.0833,55.6704,28.7125,31.6676,38.3357,52.0892,46.1458,9.0175
1960,40.9182,48.9627,55.4011,48.6834,49.3080,55.0560,28.1434,32.2580,38.8042,52.9990,46.4311,9.3033
1961,40.8191,48.6819,55.2301,48.8152,49.2466,50.1318,28.3427,31.6957,38.4079,53.8764,45.8874,9.0606
1962,39.2995,49.8136,54.2076,49.1481,49.1632,55.2507,28.3965,31.8152,38.4806,54.3497,45.3007,8.3826
1963,38.5128,51.6350,52.6337,49.4486,47.9370,50.9650,29.4191,31.8274,38.5250,54.9312,45.1509,7.9823
1964,39.7766,51.3793,52.3868,53.3642,50.9920,50.4773,28.7810,32.1269,38.4703,54.2278,44.9546,7.9280
1965,39.1775,51.8987,53.7565,48.8182,51.9684,50.9086,28.5445,31.7368,39.3090,55.0232,45.5633,8.4671
1966,39.6199,52.8701,53.0289,50.1034,49.9964,49.4142,27.9761,31.8172,39.0453,56.2813,45.0092,9.0791
1967,39.2728,52.8144,52.3845,50.8233,49.6542,49.6692,27.8380,31.0226,39.3317,54.8873,46.3767,8.7240
1968,38.9196,53.4318,51.5315,51.4804,50.6697,51.6403,28.1586,30.5146,39.3624,54.1381,44.4574,8.3073
1969,38.5170,53.7586,51.4919,52.5483,51.6668,52.6489,28.5871,30.0383,40.2871,54.5259,44.4762,8.6831
1970,40.3622,59.0163,52.3845,53.1566,52.2097,53.1423,26.2622,30.3404,40.0619,53.7784,43.2528,8.2845
1971,38.8424,57.6549,51.6559,52.7403,51.3174,50.7211,26.4778,31.1022,39.6459,53.8767,43.5070,8.3394
1972,38.6722,58.1885,50.4770,52.7810,49.4350,49.8514,25.5677,30.3649,39.5195,55.0907,44.0656,8.2350
1973,38.9248,57.3779,49.8092,52.1777,49.7126,49.9106,25.9127,30.1848,39.1769,55.3452,43.7489,8.3614
1974,38.4633,52.3795,49.5699,57.0840,52.4334,51.1393,26.5376,30.4839,38.7911,54.6387,43.1907,8.6301
1975,38.0626,56.5577,50.1003,56.7548,53.4012,51.9577,26.9821,30.0577,38.9057,54.9006,42.8830,8.4149
1976,38.3659,57.4920,49.1149,57.0213,52.9136,51.2137,28.8716,30.9516,40.5941,55.8956,42.7726,7.8728
1977,37.9573,57.3886,48.7874,57.7176,53.8063,51.1691,28.9838,31.8296,40.6893,55.0911,42.1823,8.8241
1978,39.0151,57.0127,47.4042,57.5761,55.7952,49.4068,29.0926,31.3362,41.0308,54.6154,42.7244,8.7250
1979,39.1783,57.6824,47.6232,57.8056,54.7379,50.3733,28.6203,30.4048,40.8179,54.1176,41.6912,8.6933
1980,39.2896,53.6336,46.9317,57.4984,52.8197,49.4428,28.6622,31.1046,41.0759,54.3092,41.0692,8.3430
1981,39.2844,53.2061,45.6177,56.0089,54.0994,49.7821,28.3037,31.1985,40.9844,54.2163,40.6404,8.2957
1982,40.3678,57.3854,46.7358,56.1749,54.3895,51.4727,28.1374,30.8180,41.5111,52.9118,41.6403,8.3950
1983,39.1318,57.3651,45.8391,56.5948,54.3252,50.4831,27.6956,30.6855,40.5085,54.6921,40.6528,8.7888
1984,38.1680,57.4773,44.7992,56.6303,53.3634,50.4625,27.9911,29.8324,40.6852,55.2949,40.2557,8.6050
1985,37.4695,56.9037,45.9282,56.9799,51.1286,51.5198,28.5903,29.3288,39.9728,54.5139,40.4638,8.4406
1986,38.0998,52.5383,45.4265,57.3783,49.2931,50.5834,28.6374,29.6136,40.4438,53.5725,41.5906,8.7469
1987,38.9877,52.2135,46.2484,57.2893,50.5759,51.5572,28.4398,29.4776,40.8972,52.6481,42.3065,8.5242
1988,39.7521,56.2935,46.1043,57.2343,51.7730,52.5466,29.0817,30.0908,41.5286,52.4097,42.1821,9.3923
1989,40.4032,55.7004,45.8774,57.4391,51.4325,51.4316,29.7817,29.8437,40.8470,52.1545,43.0742,8.6511
1990,42.1804,55.7214,46.1896,57.3312,51.3446,51.8011,29.1993,29.2933,40.5226,52.0642,43.7616,9.1948
1991,41.5708,55.9627,46.0860,56.9407,52.0715,52.6006,29.8834,29.7126,40.1356,51.8734,44.4609,9.0230
1992,40.7644,55.4786,45.2696,53.1362,51.3840,52.9097,29.6879,28.9381,39.7390,51.9002,45.0519,8.3209
1993,40.5068,56.0479,44.8575,53.8920,49.3837,51.5371,29.9289,29.4454,40.2057,51.1564,44.7639,9.0213
1994,41.6952,54.7522,44.9579,53.7823,50.4342,51.7419,29.5825,29.6323,40.3090,51.9462,45.3684,8.5255
1995,42.1176,55.1413,44.3433,52.7240,49.7282,50.6869,29.3555,30.2382,40.1833,50.5802,45.6680,8.9891
1996,43.1083,55.8354,43.5416,52.4895,49.2823,51.1857,28.9318,30.9383,40.4298,50.5912,46.1923,8.9444
1997,43.1931,56.5102,44.7938,56.6358,50.1849,49.9684,28.2302,30.3271,40.8714,51.1979,45.5765,9.0527
1998,43.0125,56.9775,45.1486,56.8873,48.6841,48.8131,28.8994,28.7681,39.9700,52.2712,47.2325,9.7378
1999,40.9498,55.9362,45.5966,56.6005,47.7514,48.3012,29.0424,29.6006,40.2861,52.7988,47.0642,9.7755
