frame,G908R_febuxostat_rep1,G908R_febuxostat_rep2,G908R_febuxostat_rep3,G908R_natural_rep1,G908R_natural_rep2,G908R_natural_rep3,R702W_febuxostat_rep1,R702W_febuxostat_rep2,R702W_febuxostat_rep3,R702W_natural_rep1,R702W_natural_rep2,R702W_natural_rep3
0,184.6818,129.8196,181.4516,126.5382,183.1833,129.6522,128.8210,129.0438,183.9217,131.1435,131.2493,183.4553
1,184.1509,130.1960,180.5288,126.1230,183.4232,129.8936,128.6978,129.5458,184.9792,131.0723,130.6229,183.2950
2,183.2460,183.4758,127.1492,125.8640,183.3766,129.9037,128.8957,129.5135,185.0505,130.6310,130.7827,182.7800
3,183.4180,130.0830,127.0363,125.6611,184.3832,130.3423,128.7776,129.1822,185.3933,130.8391,130.0713,182.3337
4,183.0263,130.2896,126.8022,125.0460,184.2211,130.5285,128.8594,129.2158,185.9645,130.5029,129.4458,181.9824
5,182.9787,129.6445,127.1316,124.3366,184.4639,130.5607,128.9070,128.7209,186.9299,130.5990,130.1801,182.3087
6,182.7928,129.1966,127.5072,124.4163,184.8719,129.9099,129.2575,128.2139,186.4010,131.1731,130.6712,182.4243
7,182.9847,129.9517,128.5937,124.5597,184.4489,129.6493,129.1089,127.7709,185.7596,130.6270,131.1053,183.2239
8,182.7993,129.5357,128.4299,124.4261,130.3078,130.4122,128.8832,127.4551,186.1698,130.7541,131.0632,182.3696
9,182.8901,129.9608,128.2287,124.3487,185.2908,129.8967,129.6036,127.7328,186.0582,131.3253,131.4304,181.8280
10,183.7121,182.0323,129.4258,124.2471,185.4768,129.4661,129.8742,127.4776,184.8184,130.8687,130.8819,182.8152
11,183.9450,182.0282,129.2163,124.0089,184.5235,130.1553,129.5452,127.0425,184.0613,130.5755,130.7015,182.7462
12,132.7394,181.9531,128.7262,125.7963,184.7859,130.1596,129.2209,127.6220,184.5210,131.2182,130.7017,183.3786
13,132.8381,129.0936,128.7795,125.2265,184.9543,129.5945,129.0845,127.8921,184.8097,131.1298,130.9754,182.4593
14,133.3500,128.9058,128.8840,125.4608,184.5780,129.5146,129.0461,127.0865,185.2285,131.0783,131.2498,183.1584
15,132.9762,128.9672,129.3338,125.5564,184.9200,129.8114,128.9834,127.5673,131.0235,131.4686,131.6902,129.8079
16,133.3083,130.1201,128.4351,126.0622,184.9617,129.5799,128.7262,127.1796,131.9875,131.2106,131.5755,130.0967
17,132.9420,130.0332,129.5921,125.1006,185.5753,129.6922,129.2836,127.1471,132.6554,131.8122,131.2548,182.6515
18,132.3163,129.7368,129.3623,126.0025,185.6418,129.4776,129.3326,127.5690,132.8097,132.3165,130.9836,130.2190
19,133.3848,129.8061,129.4666,125.2629,185.0255,129.1505,129.1664,127.2132,186.2448,132.1724,185.6223,129.9063
20,133.3853,129.9455,129.7199,124.4498,183.8996,129.2931,129.2852,126.5085,185.8658,132.1117,131.1860,129.9819
21,132.5796,129.8410,128.9675,125.0222,184.9885,129.4390,128.6859,126.8578,186.5110,131.7972,131.5207,182.1917
22,132.7175,129.7810,128.8482,125.0474,185.3606,129.8186,128.3280,127.2158,187.1724,131.7578,131.4655,183.0563
23,132.2938,128.6052,129.2037,125.2622,185.2484,130.4370,128.9698,128.0819,187.5583,132.3391,130.9806,183.1569
24,132.8117,129.2094,128.6100,125.3752,185.4593,130.6799,129.0379,127.5002,187.0778,131.8372,130.5614,129.5122
25,132.7327,129.0577,128.7883,125.5764,185.5038,130.8058,129.2662,127.0325,186.6409,131.8960,184.2053,129.4264
26,132.5471,129.3735,129.0629,125.3171,186.1364,130.2727,128.7310,127.1667,187.1962,132.1427,131.2778,129.6976
27,132.6146,129.5717,128.7454,125.7213,186.0152,130.5251,129.3574,126.9058,187.7705,132.3229,131.3327,129.2598
28,132.6750,128.5493,130.3289,125.5435,185.2855,130.1646,129.6741,127.5552,186.7395,131.8124,131.2569,129.4183
29,133.4849,128.6902,129.9715,125.8075,185.9248,129.3822,129.6731,127.3608,186.8202,132.2418,130.9994,183.0864
30,184.9869,129.2493,130.3111,125.5846,185.1164,129.1017,129.4775,127.1968,186.1198,132.1205,131.0589,129.4270
31,133.3913,129.4480,129.8802,125.5736,185.1798,130.2760,128.8736,126.9315,186.8009,131.7490,130.7025,129.3030
32,184.9788,129.7062,130.2300,125.5674,185.6135,131.2757,129.2774,127.0807,186.5297,182.6578,130.7158,129.8767
33,184.7923,129.5055,129.7783,125.4396,185.3736,131.2447,128.9181,127.3302,186.6929,183.1019,183.9336,130.2218
34,185.1373,129.3377,129.6512,126.2008,185.3775,131.8609,128.5824,127.3941,186.2073,183.0027,184.5496,129.6393
35,185.0160,129.2949,130.2553,126.0834,185.7490,131.1013,128.9176,127.6910,186.3130,184.3075,184.3546,129.6645
36,184.7725,129.7477,129.7735,126.1202,186.3927,131.0166,129.4703,127.2947,185.8542,184.6079,184.0085,130.2136
37,185.6481,129.4803,129.8257,126.7115,185.8724,131.4368,129.6483,127.6533,186.1466,184.2471,130.0696,130.3299
38,185.8963,129.3743,129.8543,126.7864,185.4204,131.3939,129.6486,128.0171,186.5401,185.4397,129.8541,130.2424
39,185.9830,128.7041,130.0599,127.3215,186.1910,130.8299,130.1596,127.4556,186.8209,185.5875,183.9282,129.7720
40,185.6958,129.0695,129.9185,127.1085,186.2962,131.0482,130.5213,126.9639,187.2271,185.1370,130.5453,129.3985
41,185.8835,129.2825,129.8482,126.1763,185.0308,130.4119,130.2726,126.8601,186.8374,185.3634,130.2329,129.3463
42,185.8573,129.9646,130.7308,126.5037,185.7904,130.6078,129.6867,127.8618,187.8915,185.1627,130.3355,129.0581
43,185.9550,130.8296,131.2256,126.3247,185.0272,130.4347,129.1094,127.8110,187.4476,185.2150,184.1863,129.2143
44,185.8198,130.0645,131.0867,126.1124,184.6977,131.4238,129.3179,127.8133,187.3675,184.4150,184.1758,129.4037
45,185.5382,130.1874,130.8647,126.1170,184.0728,131.5751,129.4527,128.0600,187.7210,184.2801,183.4042,129.9622
46,186.5158,129.8552,130.9028,125.9796,183.6817,131.0283,129.4710,127.9072,186.2995,183.7717,184.2558,129.3351
47,133.4427,130.6296,130.8815,126.0084,183.5245,131.9065,129.0293,127.8881,187.0419,183.8350,183.3614,129.2854
48,185.1028,183.1651,130.2524,126.2007,184.8911,132.0437,128.9778,128.3825,187.7220,184.4755,184.0137,129.3905
49,185.2271,131.3436,130.5243,126.3864,184.4626,131.5935,129.2829,128.5854,187.1387,184.5102,184.2985,129.9800
50,186.0949,131.6998,130.7018,126.0038,184.4975,131.9326,128.4197,129.1218,187.2235,184.0060,184.2016,130.0808
51,186.2760,131.9609,130.4913,182.5283,185.1618,132.3714,128.3910,129.0475,187.0748,183.9425,183.6240,129.5320
52,185.8170,131.6136,130.4999,183.3663,185.3290,132.6378,129.0905,128.5170,187.5549,183.4456,183.6219,129.6919
53,186.6233,132.2978,130.6910,183.2305,185.4365,131.8551,129.2603,128.3428,185.8107,184.1730,184.5034,130.0823
54,185.9462,132.0111,130.3714,126.2572,185.0599,131.9488,129.1867,128.1937,186.1458,183.8461,184.5048,130.0381
55,185.9887,131.6005,129.7955,181.1067,185.2045,131.5547,128.6865,128.1439,187.1259,183.8718,130.7167,130.4530
56,185.8863,132.1297,129.4462,181.3306,184.4876,131.7957,129.5087,127.6755,133.7269,183.4451,130.5644,130.5972
57,185.4253,131.9124,130.5871,125.7688,184.1240,132.0825,129.6806,127.7418,132.8886,183.8839,183.7920,130.2376
58,185.1046,131.3344,130.3768,125.8104,183.3255,131.8104,129.6134,127.5904,133.6293,183.1913,130.7545,130.2926
59,184.6200,132.0157,130.2460,181.4597,183.7993,132.3818,129.3340,127.0162,186.6233,183.6826,130.5025,130.7022
60,186.2268,131.7849,130.1117,125.7985,184.4495,131.8414,129.3641,128.1277,186.3385,183.7992,130.0636,130.4825
61,185.7108,131.8266,130.3742,126.1523,184.2922,131.9132,129.0177,128.1525,187.3073,184.3665,130.5958,129.6792
62,185.8896,131.6238,130.2989,126.4842,184.1349,131.6718,128.6406,128.0195,186.4896,184.3580,130.9990,129.6652
63,185.3139,132.4229,130.0268,181.6653,183.8466,131.9671,128.6975,127.8721,186.5008,184.9907,130.7452,129.7259
64,185.4693,132.4969,130.4816,182.4441,183.2165,131.8747,128.3626,127.9910,187.7922,184.7627,130.8104,129.4217
65,186.3293,131.5503,130.2330,182.9429,183.5081,132.0366,127.5169,127.3715,133.6850,184.2144,184.2093,129.8199
66,185.8140,131.5094,130.1416,183.3723,182.9983,131.6948,127.4849,128.4053,186.9382,183.3306,184.0610,130.0791
67,185.9721,131.8037,130.4422,183.0395,182.8567,131.8762,127.3074,128.6797,187.9904,184.6989,183.8951,130.1112
68,185.7637,131.6672,130.2445,181.6951,183.0725,131.2706,127.7464,128.3750,187.5442,183.8155,183.5206,129.3601
69,185.9371,131.4183,130.1472,181.9274,183.6711,131.6185,128.1379,127.3485,187.7254,184.6503,184.3899,130.0207
70,184.8161,131.9350,130.4094,182.3549,184.3725,131.8972,127.9284,128.2102,186.8746,184.2221,184.1990,130.0533
71,184.9376,131.9571,130.3977,181.9437,184.9847,131.4948,128.3398,128.2403,187.6558,185.4962,183.6656,129.6841
72,184.5935,132.3655,130.6873,181.8502,184.6460,131.1865,128.7334,128.2934,134.6013,184.5916,184.0255,129.2532
73,185.1524,132.8063,130.2364,182.2172,185.1926,131.1974,128.8340,128.5853,134.0817,184.1317,182.8880,129.9759
74,185.2110,132.4684,130.3557,182.4446,185.2679,130.9425,128.7925,129.0262,134.2008,183.7210,183.0522,129.6011
75,184.7588,132.4313,130.4281,182.6902,185.2950,131.1653,129.1136,129.0286,134.1871,183.3498,182.1728,129.9814
76,184.8212,132.1311,130.6071,126.8347,184.9663,131.6704,128.8980,128.8934,188.1882,183.7676,182.4883,129.5838
77,185.6506,131.5217,129.8222,126.5227,184.6595,131.8856,129.9440,128.9928,134.4956,183.5057,129.7793,129.3512
78,185.4698,131.4267,130.1217,126.8614,184.5339,131.7070,129.8478,129.6963,133.5805,183.6783,129.5867,129.0583
79,184.6773,131.9042,129.8119,127.0968,185.7572,131.9295,130.7346,130.4161,133.8336,183.8791,129.1686,129.1395
80,184.3326,131.6078,129.2032,127.1362,185.0719,132.0190,130.7677,130.7356,133.3928,183.9095,128.7909,129.6727
81,183.9701,131.6198,129.3278,127.0331,185.1142,131.8906,130.7372,130.6314,133.8957,184.1627,129.2137,129.0123
82,184.1131,130.8911,129.2796,127.1606,184.7973,132.3628,130.7299,130.2700,133.3508,184.3063,129.9384,129.2039
83,184.3387,131.4082,129.3365,127.5906,184.3493,132.4442,130.7383,130.2213,133.3940,184.1017,129.9568,129.2209
84,185.0145,131.6195,129.4147,128.1575,184.8807,131.8851,130.6583,130.1206,133.7123,183.6055,183.7344,128.9549
85,184.5680,130.9446,129.5573,127.5804,185.6137,132.3800,130.7955,130.3941,133.7395,183.5232,184.3066,128.6223
86,185.2719,130.5462,129.2641,127.8480,185.7559,132.2499,130.2984,129.6719,133.8024,183.8875,183.5536,128.9712
87,185.4446,130.3052,129.1896,128.1394,185.2334,132.3350,130.2785,130.0929,133.8034,184.1055,184.0061,128.6660
88,185.7639,130.5618,128.9797,127.7761,185.1846,132.5414,130.3402,130.3613,133.4846,184.4015,183.4924,128.4784
89,185.4764,130.2605,129.2783,127.9103,185.1171,132.2592,130.1538,130.6148,133.9073,184.2306,130.8667,128.8133
90,186.0138,130.6300,128.9041,128.6263,184.2392,132.5110,129.6737,130.6671,133.9819,184.7138,185.0019,128.8624
91,185.6996,130.9187,128.8431,128.2251,184.8272,132.5424,130.3015,130.3759,134.7878,184.7269,184.2261,128.4576
92,185.9731,130.7567,128.6168,128.3411,184.5157,132.5225,130.3941,130.6264,134.7420,184.5891,184.2685,128.8281
93,185.4346,130.1123,128.5568,127.8355,185.1235,132.5600,130.1436,131.1544,134.1822,184.5775,184.0368,128.4209
94,185.7615,130.7404,129.3348,127.7154,184.8440,132.4142,130.3581,130.7691,134.9474,185.3157,184.2673,128.8899
95,185.6813,131.7354,128.5153,127.9195,185.1632,132.0679,130.3891,130.7910,134.1179,184.8285,184.7922,129.1805
96,186.1562,131.0879,129.7570,128.5147,185.0712,132.5188,131.1556,131.1605,134.4542,185.2406,184.6329,129.2326
97,186.0368,130.6176,129.7079,128.2572,185.4348,133.0774,130.9522,130.8958,134.4180,184.5930,184.4199,129.4526
98,185.4952,130.2387,129.7388,128.7910,184.9434,133.4438,131.6374,130.5916,134.1172,184.3776,184.1787,129.4561
99,186.1936,130.5230,129.4505,127.9615,185.0834,133.0026,131.2850,131.3294,133.6416,184.6804,183.5694,130.0568
100,185.1171,130.4906,129.7533,127.8680,185.1060,133.5968,131.0382,131.1886,134.5430,185.1450,184.0761,130.4140
101,184.4788,130.5312,129.7608,128.1413,184.2164,132.7254,130.6817,131.8463,134.2276,185.0889,182.8385,130.0785
102,184.0338,130.6197,130.4295,127.9846,184.9902,132.0951,131.1666,129.8901,134.7776,185.1284,183.1787,130.1273
103,183.7616,129.9112,130.0954,127.4317,184.7588,132.2950,131.6630,130.8022,135.0439,185.2502,182.7812,130.1441
104,184.9681,130.3001,129.6919,128.1360,184.8825,131.7167,130.9989,130.2900,135.4174,185.1386,183.3464,130.1106
105,183.8226,130.3418,129.7950,128.7677,184.8676,131.6358,131.4398,131.0792,135.0440,184.0157,183.1624,129.7873
106,183.7133,130.0900,129.6959,128.8290,184.8689,131.8659,130.7999,130.9614,134.4272,183.6994,183.8676,129.8270
107,183.6605,130.3897,130.2259,128.6296,185.2898,131.4892,130.6128,130.4079,135.3158,183.9441,183.6334,130.3683
108,183.6421,129.8340,129.4970,128.9937,185.2338,131.9301,130.8521,130.6877,134.7754,183.3702,184.2001,130.0495
109,183.4000,129.9851,129.5018,129.0811,184.9294,131.9938,130.8362,130.3381,134.4504,184.0163,183.9845,130.1122
110,183.7434,129.8499,129.4374,128.5653,184.6662,131.9961,130.3393,130.9190,134.0856,184.6886,183.4782,130.2224
111,184.0093,129.5382,129.0803,128.5113,184.5649,131.0825,130.8145,130.0403,134.3696,184.4631,183.8352,129.5936
112,184.5054,130.1324,129.0061,129.1594,184.7054,131.4303,130.7096,130.2194,134.4027,184.3706,183.8678,129.5980
113,183.7670,129.6197,129.4364,128.5025,184.4905,131.2621,130.9337,130.4135,133.5672,184.5764,183.8966,129.7205
114,182.7739,129.2505,129.0729,128.7489,184.3318,131.0334,130.7779,130.7086,134.0286,183.8910,183.3232,129.8707
115,183.2743,128.9048,129.8645,129.7156,184.7005,132.0806,130.6289,130.2501,134.0825,183.2666,183.9884,129.2259
116,183.7531,129.6321,129.3958,129.4211,184.7830,132.3246,130.8615,130.2557,134.9208,183.8122,183.5823,129.5964
117,183.1958,130.0794,129.3590,129.7544,184.3071,131.7967,131.1563,130.9948,134.6074,183.7604,184.1316,129.6292
118,183.5827,130.1715,129.3839,130.0097,184.6324,132.3308,131.1412,131.1904,134.5618,183.7977,183.2572,130.0665
119,183.4722,130.9302,129.3775,130.0831,184.0017,132.0343,130.4305,131.6080,134.5958,184.2368,183.7608,129.7922
120,183.7289,130.3259,128.6122,130.1884,130.6509,131.9627,130.1383,132.2154,135.5443,184.6083,183.4906,129.5713
121,184.1830,129.9848,128.9353,129.8030,184.3111,131.5483,130.7564,132.0262,134.6708,185.5128,184.4343,130.2518
122,184.2897,130.2175,128.9257,130.6378,130.3377,132.0220,130.8099,131.8699,135.7042,184.6550,183.6339,129.9277
123,184.4397,130.8548,129.1308,130.7496,129.9583,131.6693,130.6268,131.4653,135.7186,184.6696,183.4143,130.5410
124,184.2356,130.6684,128.1615,130.2826,130.3023,132.0761,130.1170,131.2234,135.4100,184.8871,183.3968,129.8484
125,183.9541,130.8272,128.4840,131.0228,185.1433,132.0401,130.1124,131.5219,135.1483,185.0867,182.4615,130.0017
126,183.9142,130.9385,128.2076,130.3253,184.4498,132.3501,130.0408,131.4706,188.6833,184.7477,183.0388,129.3516
127,184.5601,131.3169,127.9667,130.1355,185.2105,132.8127,130.6900,131.5839,134.5152,185.5602,183.4630,129.6159
128,183.5401,131.7487,128.0101,130.5324,185.3690,133.6840,130.8368,130.9509,134.5167,185.5784,183.9703,129.1607
129,183.9554,131.6303,128.3701,131.0016,184.9526,132.8222,130.6761,130.4581,188.1801,185.7015,184.0588,129.4475
130,183.7410,131.4890,128.5900,131.1565,184.4545,132.8906,130.0216,130.7655,188.6548,186.1123,183.8932,129.5857
131,184.2129,131.0993,129.0617,130.9170,131.0018,132.5995,130.2400,131.5656,188.1300,185.9375,183.5546,130.1773
132,183.7588,131.9508,129.0063,130.2171,130.9663,132.2144,130.2638,131.3929,188.2683,185.6523,183.0289,130.8108
133,182.9533,131.8911,128.8919,129.6908,130.7956,132.1877,130.4672,130.6085,188.0230,186.7463,183.6634,131.5696
134,183.4901,130.9623,128.6296,129.6910,131.2063,131.8150,130.4468,131.6127,187.9586,185.9871,183.0419,130.7579
135,183.2279,130.6377,129.0986,129.6437,130.8959,131.8539,129.8384,131.3044,187.9172,185.2962,182.9428,130.2202
136,183.4614,130.8197,129.1659,129.8537,131.1428,131.6752,130.5756,132.1575,187.9502,186.1767,183.0032,130.6725
137,183.3444,131.2603,128.7622,130.1860,184.3055,132.2517,130.1657,131.6730,187.8451,185.8964,182.8076,131.0279
138,182.1185,130.8589,128.5390,130.2726,183.8941,131.7789,129.6921,132.2093,134.8715,185.8969,182.6390,131.0586
139,182.6789,130.8447,128.6541,130.7297,185.0695,132.1785,130.1379,132.0004,133.9729,185.6716,183.5927,130.4226
140,182.8885,130.9680,128.7310,130.5486,184.1729,132.0548,129.8159,131.8793,134.2252,185.2221,184.0387,129.9344
141,183.1680,130.5532,128.7330,130.6619,184.7722,132.5857,129.9011,131.8152,133.8954,185.9952,183.0268,130.0515
142,183.8861,130.9345,128.5676,131.1731,184.6705,132.1470,129.4221,131.3559,134.2576,185.7887,183.9710,130.0697
143,183.6203,130.7066,128.5747,130.9126,184.3338,132.6183,129.4800,130.4706,187.9489,185.4350,183.7594,129.8029
144,183.3326,130.8561,127.9872,130.1240,183.8906,133.2521,130.1384,131.3397,187.7550,185.4702,183.6625,130.4114
145,183.0193,131.4889,128.2715,130.1526,184.1558,132.2489,130.4714,131.0301,187.7879,185.6946,183.5893,130.6163
146,183.5299,131.5615,128.0743,130.6181,183.7733,132.3621,129.7683,131.6539,187.6501,185.1716,183.4074,130.3256
147,183.3503,131.5458,128.5832,130.9027,183.2681,132.4389,130.1844,130.7625,188.1731,184.9314,182.9951,130.3587
148,182.6512,131.7554,128.5435,129.9762,184.0471,131.6661,130.2904,130.2641,187.1061,185.1818,183.4298,130.4425
149,181.9932,132.1078,128.6700,130.3789,183.7447,131.4558,130.4034,130.0578,187.5986,184.6330,183.6166,130.5159
150,182.5791,131.7494,128.7834,129.6889,130.3536,130.9625,130.9542,130.2987,187.6067,185.1061,184.1228,130.4592
151,183.5472,132.6003,128.5854,129.6740,184.2570,131.2771,131.1969,129.7145,188.3337,184.6642,183.2651,130.4788
152,182.9029,132.7360,128.6343,129.5959,184.3798,130.8913,131.2097,129.4372,187.0921,185.1097,184.1422,130.3283
153,182.7672,132.3864,128.5737,129.4431,130.0584,131.3740,130.7515,129.2707,187.9011,185.7953,184.4364,130.4096
154,182.8448,132.4945,128.4405,129.6105,130.3441,131.3628,131.1668,128.2824,187.0372,185.2008,184.1398,130.7512
155,182.7386,132.2819,128.7749,129.7285,130.2748,131.6083,131.2793,128.7292,187.3313,186.6279,183.8917,130.3744
156,182.8170,132.5406,128.7285,129.6741,129.9551,131.7048,131.2867,128.4494,187.7656,185.8152,184.3336,129.7357
157,182.9217,131.9624,129.1790,130.7179,129.4553,131.4994,130.3913,129.1855,187.3242,185.5049,184.7285,129.4230
158,182.9518,132.2103,128.8089,130.9216,129.7598,131.4789,130.4896,128.9052,187.1693,185.3292,184.3454,129.3045
159,183.1725,131.7120,129.2252,131.2579,184.1202,131.9507,130.6504,128.9765,187.1463,185.1093,184.6125,129.1466
160,182.8775,131.4085,128.9013,130.2679,183.8645,132.6492,130.2282,128.2798,188.5000,184.1799,183.8347,129.3026
161,183.0167,131.1155,129.0965,130.7582,129.3514,132.8414,130.3041,129.6847,187.7446,184.7960,183.0469,129.6459
162,183.4528,130.9888,128.8024,129.9042,130.0882,132.3276,130.2406,129.3586,188.2642,184.8744,182.0268,129.0757
163,183.1389,131.2147,129.5840,130.0689,184.0098,132.4193,130.6419,129.2761,188.7596,184.2836,183.0631,128.6713
164,183.0108,131.1191,129.4690,130.4964,184.5797,132.6297,130.4696,129.5577,189.1263,184.2617,181.0259,128.8526
165,183.1240,130.4301,129.3499,130.1125,183.4634,132.0389,130.9375,129.0091,188.9643,184.4525,182.1328,128.7425
166,183.0540,131.1300,129.4068,129.7699,184.0462,132.0100,130.4268,128.7576,189.3246,184.7662,182.0917,128.4765
167,183.5219,130.6310,128.5698,130.2374,130.2485,132.2381,129.7385,129.7933,188.9610,184.5022,182.1863,128.4633
168,183.7022,130.8544,128.1565,130.8009,130.4190,132.0773,129.3377,129.9306,188.9584,183.6484,182.3751,128.6614
169,184.1306,131.1358,128.4290,131.0654,130.9395,183.4707,129.4717,130.1739,188.0018,183.2389,182.8709,129.2674
170,183.9539,130.6298,128.1897,130.9373,130.5152,132.7794,129.5402,130.8524,188.2852,183.7111,182.4573,129.4169
171,184.0331,130.6857,128.3942,131.4307,130.8834,184.0582,130.0474,130.4699,188.1441,184.0646,183.1237,129.1226
172,183.9747,131.2480,128.3136,131.4904,130.5415,183.7242,129.5649,129.4578,187.8232,184.1004,183.2237,128.7500
173,184.2422,131.1389,128.5932,131.7655,130.9214,183.5949,129.8360,129.5858,187.0140,183.9902,182.7463,128.5722
174,182.8082,130.7451,128.5494,132.3674,130.5891,183.4345,129.3506,129.5586,187.6932,184.1091,183.8011,128.7046
175,182.5234,130.5084,127.9999,132.1997,131.1181,183.3039,128.6956,129.6450,187.8165,184.4609,183.2441,128.8019
176,182.1629,130.7519,127.5896,131.1875,130.8061,184.0499,128.5827,129.6419,188.2120,184.7433,183.1319,128.8144
177,181.0731,131.0415,128.0739,130.8574,130.9712,184.3456,128.8490,129.4256,188.7852,184.4406,183.6426,127.9573
178,181.1646,131.9529,127.6584,131.2076,131.3478,183.8284,128.9525,129.4875,189.4065,185.8834,182.7950,128.6068
179,181.2343,132.3958,128.1688,131.0656,184.7991,184.2727,128.5899,128.5292,188.1376,185.4931,183.5111,128.1463
180,182.3176,132.1498,128.0583,131.0654,184.1608,184.1166,128.8947,128.9659,188.9514,184.6080,184.5030,128.1729
181,181.9121,131.8104,127.8550,130.9327,183.6906,184.2384,128.6344,129.0863,188.0606,183.9791,184.4103,128.2168
182,182.1411,131.7738,128.4048,130.4426,183.5492,183.5975,128.7195,129.3921,187.6367,185.0234,184.2717,128.2185
183,181.6150,132.0175,128.5068,130.5629,184.7392,183.9720,129.1041,129.3094,187.2947,184.0320,184.4171,128.2028
184,181.2905,132.2215,129.1286,130.6338,184.4885,183.3183,128.3574,129.2445,187.3528,184.0948,183.7280,128.2629
185,181.2809,131.9948,128.2725,131.4048,184.0078,182.7194,128.5744,129.2177,187.8820,184.1234,183.6221,128.3009
186,181.3098,131.8549,128.9050,131.0911,183.6560,183.3629,128.6008,128.0808,186.7710,185.0763,183.3023,128.6827
187,181.5688,131.7967,128.6064,132.1582,184.2852,183.5793,129.0756,128.1330,186.2603,184.7301,182.9437,128.1824
188,180.8110,131.6931,128.7769,131.2634,184.6380,184.0009,129.2190,127.6839,186.2798,183.9666,183.5634,128.1141
189,181.3879,131.7211,129.3205,131.0625,184.5686,183.2058,129.9162,128.1392,186.4843,184.3142,182.4812,127.7372
190,181.4610,132.0588,129.2482,131.9255,184.6685,183.3728,129.4570,128.0964,186.9296,183.9535,182.9380,128.0667
191,180.8793,131.8707,129.1197,131.3920,184.0526,183.1631,129.5112,128.8903,186.5437,184.3648,183.0447,128.0913
192,181.0828,131.7200,128.6308,130.9889,183.9032,183.6282,128.7089,129.6986,186.6622,185.0038,183.0366,128.4297
193,181.9114,131.9761,129.2168,130.8430,183.9157,183.8110,128.8062,129.7599,186.8948,185.0846,182.7982,129.0471
194,180.4870,132.2399,128.4634,131.3248,183.8265,183.9529,129.2550,129.7242,187.6114,184.4987,182.5925,128.5421
195,179.9200,131.6010,128.4650,131.0845,184.2180,183.9795,129.2634,129.8501,186.4946,184.7910,181.8981,128.9798
196,180.6492,131.3585,128.5299,130.7478,184.6436,183.8950,128.8787,129.7067,186.6054,184.4732,181.5157,128.4241
197,180.4705,131.8345,128.7144,130.7798,184.1210,184.2433,129.0046,129.3193,186.9856,184.3501,181.8530,129.1798
198,180.0278,131.5113,128.4157,130.5772,183.9988,183.9518,129.6355,129.3560,186.4361,184.1647,182.1902,128.6695
199,180.0589,131.8303,128.3358,130.6272,184.2668,184.3023,129.7395,130.0053,186.6457,183.8536,182.1844,128.2794
200,179.4335,131.2535,129.2321,131.4008,183.9536,183.3113,130.4668,129.6164,187.1284,183.3061,182.2724,128.6315
201,179.4807,131.3079,128.8060,130.9338,183.4284,183.9033,130.3776,130.2988,186.5884,183.1260,182.1862,129.0199
202,180.1980,131.6653,128.7018,131.1050,183.7811,184.4939,130.3489,130.6920,187.1206,182.9919,182.2549,128.4427
203,180.3829,131.3814,128.7443,131.6624,183.2264,183.9323,130.7364,129.7398,187.1120,183.4169,182.3468,127.8141
204,180.3901,130.6859,128.6006,131.3292,183.9338,183.1231,129.8859,129.1621,186.4880,184.0418,182.6413,127.7237
205,180.5814,130.8242,128.6672,130.6507,183.5751,183.4291,130.2854,128.5880,187.6055,184.4289,183.5596,128.7404
206,180.7994,131.2354,129.1905,130.7583,183.9513,183.5090,130.4781,128.0347,187.0136,184.8739,183.3020,128.6031
207,180.2915,130.9952,128.4162,130.7671,183.8815,183.6403,129.9310,128.5378,187.6883,184.2280,182.1692,127.8957
208,180.4791,131.4580,127.6249,130.2895,184.4605,184.1564,129.9690,128.5112,187.0622,184.1697,182.6919,127.9606
209,180.9976,130.9456,128.1875,130.2113,184.1406,184.0451,129.7157,127.7881,187.8480,184.4743,183.3100,128.2631
210,181.6943,131.0982,128.1010,130.9049,183.5051,183.8772,129.3662,127.5074,187.3009,184.3675,183.9154,129.2497
211,181.1649,131.6419,128.7543,130.3176,183.6046,184.6265,129.6989,127.7932,187.5147,184.4953,183.1940,129.0575
212,181.2103,131.6821,127.9612,130.7867,183.4804,184.2224,129.8320,127.7254,187.1971,184.2637,183.6501,129.1163
213,181.0267,131.8691,128.0488,130.9874,182.6016,183.9175,129.9134,127.8369,187.4823,184.4127,183.9862,128.7401
214,180.8410,131.8960,127.9551,130.7869,182.3899,183.9130,129.2160,127.5329,187.7748,184.5886,183.1360,128.4777
215,181.5920,132.0140,128.5226,130.5232,182.8496,183.0312,129.8896,127.8301,187.7097,184.1758,184.1877,128.5896
216,181.8207,131.7641,128.5903,130.2987,183.3068,182.8275,129.6123,128.4527,187.9685,183.2116,130.8899,128.4345
217,180.7527,131.9982,129.2079,130.7717,184.0202,182.1763,129.2891,128.4919,187.6580,183.3844,183.6657,129.2051
218,180.9803,131.8815,129.5186,130.2933,184.6486,182.2988,129.2786,128.4449,187.7063,183.1302,183.1049,129.1173
219,180.6192,132.1105,129.2308,130.9142,185.3503,182.5265,129.1113,128.2252,187.6762,183.4430,183.1777,128.5879
220,180.4967,132.4231,128.8341,130.3750,184.6804,183.1072,129.2126,128.6404,187.9985,182.6075,183.1274,128.7108
221,180.8898,132.7669,128.7014,130.0271,184.8546,182.8419,129.3033,127.9915,187.4211,183.1455,183.5730,129.2274
222,181.4338,132.8750,129.2135,130.5924,185.1153,181.6695,129.7213,127.9796,187.8364,183.0344,184.6463,129.1652
223,181.2621,132.2846,129.2405,130.8116,185.6478,181.6119,129.8357,128.7407,187.3624,182.8020,184.5661,129.4137
224,182.0448,132.5119,129.1225,131.1435,184.8890,181.5284,129.9586,129.1258,186.7268,183.0495,184.6734,129.1398
225,182.3976,132.4641,129.3777,130.8819,184.7275,181.5044,128.8093,129.2584,187.8032,182.1086,184.0824,129.0468
226,182.4317,132.1563,129.5270,130.2248,184.0160,181.5486,129.7482,129.7292,188.0444,182.2533,184.5168,129.0335
227,183.2399,131.3455,128.6131,129.7467,184.1994,181.8997,129.8048,127.5260,188.0263,183.7040,184.1920,128.3319
228,183.3009,131.9155,129.4051,129.9718,183.7513,181.7494,129.9817,128.0880,187.0503,184.0326,183.8598,128.4761
229,183.2596,132.1213,129.7890,130.5312,183.5283,182.2016,129.6635,127.9569,186.8434,183.8248,184.8670,128.4758
230,181.6154,131.4541,128.7481,130.7627,183.1922,181.3563,129.8024,127.4535,186.8246,183.1857,184.7489,128.9600
231,180.9218,131.0509,129.8059,131.2460,183.5605,182.0154,129.6214,127.5078,186.5752,183.0584,184.6026,129.0673
232,181.2739,131.5137,130.1018,130.4935,183.2498,181.9479,129.9142,127.8790,186.9724,182.9991,183.7262,129.0965
233,181.0915,131.8008,128.9032,130.3602,183.4139,182.0634,129.9700,127.3738,186.8260,182.8245,183.9827,129.9495
234,180.8968,132.2644,129.4418,130.3559,183.2003,181.0460,129.8714,127.5500,187.0937,183.2747,184.3558,129.6705
235,182.1264,131.8233,129.3284,129.7281,182.9146,181.8199,130.2662,127.3712,186.3226,182.7377,183.8436,129.9149
236,183.0886,132.5618,130.0244,129.5769,183.2446,182.1945,130.3225,127.7627,187.9207,182.7528,183.9296,129.2733
237,183.7704,132.2171,129.6610,128.9139,183.5321,181.9216,130.1012,128.0427,187.6048,182.4064,184.1641,129.8918
238,182.5321,132.3828,128.4633,129.9552,183.9319,182.1972,130.3222,128.5749,187.8927,182.1427,184.2589,129.9865
239,182.6400,132.1190,129.7433,128.8922,183.7231,182.2916,130.0487,128.4518,188.7338,181.6765,184.4782,129.5257
240,182.4547,132.1377,129.1599,128.8641,183.1699,182.4193,130.1913,128.0623,188.0326,182.6265,184.1621,130.0730
241,181.8615,131.7813,129.7349,128.9217,182.8511,181.4170,129.8647,128.5684,186.6388,182.5232,184.4093,130.4375
242,182.1198,132.0025,129.1553,128.8028,183.7093,182.4021,129.9744,127.8651,186.6363,183.1065,184.7611,130.0214
243,181.6294,132.0193,129.9982,129.4413,184.7007,182.0400,129.0748,128.5332,187.0842,183.0186,185.0956,130.2857
244,180.7682,131.6102,128.9247,129.7514,184.3176,182.7799,129.6980,129.0938,186.5575,182.2846,184.7469,130.6493
245,181.5484,131.9117,129.3703,129.3788,130.8914,183.1234,129.8269,128.8706,186.8059,182.5000,184.8045,130.5151
246,182.1144,132.6468,129.5194,129.8096,131.8586,183.0611,130.3041,128.5523,186.7104,181.8515,184.4731,130.8792
247,182.6594,133.2903,129.4418,129.8830,184.7770,183.2886,130.1541,128.7157,186.8926,181.6010,184.2240,130.5977
248,182.4826,132.6432,129.6885,130.4661,184.2561,182.3800,129.6848,128.9268,186.5725,181.9919,184.2868,130.2228
249,182.7642,132.7853,129.8107,130.1335,184.9279,182.9987,129.3667,128.2645,186.1468,181.8170,184.3217,130.2385
250,181.9702,132.3915,129.0765,129.9468,184.7163,182.8075,129.7802,128.3684,187.5130,181.4975,183.7867,130.0746
251,182.7994,132.1499,129.6477,129.6143,184.4367,182.5934,130.1119,129.4135,187.7135,180.6851,183.4217,130.0527
252,183.3380,132.8264,129.2064,129.5260,183.6973,182.6575,130.1800,128.3413,188.3232,181.2947,183.1546,130.6658
253,182.6805,132.5536,129.2009,129.5807,183.7661,182.6333,130.0095,128.1494,189.1378,181.2989,183.6510,130.6399
254,181.9192,131.8370,128.7071,129.5778,184.2960,182.6701,129.1240,127.7892,187.3746,182.2968,183.4631,130.5029
255,181.8637,132.0083,129.7800,129.2742,184.3579,182.6541,129.3721,128.4906,186.9622,182.4290,183.9333,131.3754
256,181.8293,131.5182,129.3506,129.9112,184.4424,182.8261,129.1758,128.8485,187.5954,182.3086,184.0708,131.1720
257,182.3548,131.6447,128.9242,130.3137,184.6064,182.7734,129.3260,129.1280,186.9438,182.8714,183.7370,131.0562
258,182.1776,131.9858,129.2900,129.8873,184.9409,182.7584,128.8614,129.0590,186.4319,182.6492,183.9912,130.3381
259,182.0101,132.2417,129.0592,131.1613,184.2547,183.4381,129.1401,128.6742,186.2165,183.1039,183.7148,130.6045
260,181.6634,132.5273,128.8173,130.3634,184.7424,182.9193,129.5025,129.3091,186.3644,182.8355,184.2892,130.9335
261,181.9462,131.9103,129.4543,130.5336,184.1679,183.9015,129.4829,128.9926,185.5076,182.6847,183.6305,131.0088
262,181.4839,132.5631,129.5800,130.7319,184.6180,183.3877,129.8951,128.6478,185.5658,182.8047,183.5670,130.7662
263,182.2795,132.4357,129.0964,130.3123,185.0285,183.1312,130.2766,128.3838,185.5420,181.8274,183.7954,131.0870
264,182.9535,131.8269,129.2184,130.5763,185.1412,182.8775,130.0025,128.7215,186.6352,182.3920,183.4108,130.3889
265,182.1269,132.5959,130.0383,131.2299,185.8999,183.6620,129.8713,130.0268,185.7269,181.9203,183.4182,130.5088
266,181.4991,132.4124,129.1218,129.8287,184.6714,183.6123,130.2801,129.6902,186.5174,182.7589,182.9954,131.0760
267,182.0286,132.4343,129.6027,130.5546,184.3444,184.2071,130.3772,128.9295,185.9514,182.1843,183.2238,130.9953
268,182.6895,132.2764,130.0652,130.3650,185.2648,184.1497,130.3220,129.5729,185.9834,182.4939,182.8438,130.9010
269,181.9455,131.3895,129.6503,130.3786,185.4796,183.3165,130.3508,129.2634,186.7504,182.4096,183.6067,131.2940
270,181.3311,132.1282,129.8971,130.3128,185.0285,184.0778,130.2069,129.7786,186.9302,181.2365,183.5707,131.7758
271,182.3725,133.0075,129.1706,129.9558,184.2924,183.9896,130.2139,129.4595,186.7124,182.3842,183.9319,131.8072
272,182.3268,133.6203,128.7197,130.6469,184.1463,183.8953,130.3124,129.1604,186.8999,182.7796,183.2033,132.1349
273,182.4248,133.9308,128.3611,130.8149,184.9265,134.3261,130.1593,128.8612,186.8758,182.0217,183.9519,132.1800
274,181.8498,133.8130,128.6830,130.6402,184.6878,185.0792,129.5368,128.8931,186.5014,182.2560,184.1107,132.0018
275,182.0089,134.3861,128.6432,130.9289,183.8068,134.4270,130.0922,129.5623,186.4776,182.0742,184.0271,132.3537
276,183.1812,133.2135,129.1369,131.0244,184.6420,183.6106,129.9533,128.6971,186.9320,181.5910,184.8715,132.2167
277,182.7964,133.2787,129.1913,130.8223,184.6253,134.1253,130.0181,128.7980,187.2695,182.3058,183.7993,131.4713
278,182.4227,133.2364,129.9811,130.7575,183.8368,134.1188,130.1884,128.2929,188.2888,182.3809,183.7329,131.7226
279,183.3923,133.2533,129.5890,130.1580,184.7853,133.6289,129.7352,127.9814,188.3647,182.4390,183.0263,130.9384
280,184.1638,132.3044,130.0929,130.1653,185.4155,133.9623,129.4871,128.3412,186.9597,182.5040,183.3853,131.3563
281,183.7561,133.1167,129.8750,130.7575,184.5514,133.7065,129.4274,128.7589,187.5096,182.4376,182.5910,131.3263
282,184.0715,131.7474,129.8970,131.1631,184.5179,133.6438,129.2174,128.4821,187.4705,181.8783,183.2656,131.1400
283,182.8075,131.9120,129.3116,130.4014,185.1975,133.4246,129.3540,128.2926,186.9881,181.3020,182.3289,131.2635
284,182.6301,131.7972,129.5342,131.1850,185.1779,133.6975,129.5874,128.5822,186.9406,182.3146,182.5969,131.3882
285,182.3857,132.5793,129.5219,131.0345,184.1394,133.3672,129.3952,128.9289,186.9477,182.6351,182.7775,131.8329
286,182.3851,132.5533,129.6063,130.9947,184.4484,133.6063,129.9198,128.3500,186.7635,182.2437,182.9454,131.4784
287,183.3677,132.6638,129.3788,131.2417,184.3981,133.3786,129.9491,128.4276,187.9235,182.4152,182.0102,132.0707
288,182.4901,132.4919,128.5258,130.6468,183.7127,133.9327,129.5888,128.5323,188.1245,182.3054,182.5142,131.5238
289,182.0906,132.1145,129.2067,131.0577,184.4106,133.6244,129.2512,129.2532,188.2218,182.2195,182.3001,131.3341
290,181.4594,131.8049,129.7410,131.0110,183.9332,133.7286,129.0761,128.9031,187.9759,182.5777,182.0576,131.2691
291,182.6894,132.4030,129.0909,130.6388,183.7498,133.2647,129.2512,128.3409,187.8179,182.3186,182.4966,131.1372
292,182.4849,132.6397,129.1505,131.2435,183.1680,133.3088,129.7544,128.1872,187.9944,181.6325,182.1365,131.1992
293,181.9424,187.2015,129.2102,130.4462,184.5397,132.8572,128.7196,127.9213,188.6386,181.1052,181.3477,131.3123
294,182.7294,132.6359,128.8812,130.4968,184.2356,132.6113,129.1926,128.6189,188.6802,181.9046,181.8840,131.8708
295,182.3997,132.1718,128.8386,130.3977,184.8306,132.7287,128.3462,127.8482,187.8971,181.9452,181.9123,132.2177
296,183.2575,132.3125,128.8610,130.6843,185.3367,132.6732,128.8876,128.7273,187.9280,182.0186,181.2640,132.0517
297,183.1864,132.5673,128.5826,131.0601,184.9870,132.8968,128.8840,128.4790,188.2180,181.6890,181.0803,132.1943
298,182.8283,132.7458,128.8530,131.0259,184.5741,132.5591,128.3915,129.3053,188.2975,181.3446,181.3986,132.1118
299,183.1745,186.7360,128.6988,131.5151,185.3450,132.7269,128.4917,128.9445,188.7640,180.4418,181.5302,131.5664
300,182.2436,186.4745,129.0722,131.5692,185.1009,132.7138,128.5187,128.7622,188.5083,180.9418,182.3234,132.1110
301,182.4940,132.5607,128.9580,130.7276,185.1551,132.8250,129.4562,129.3285,188.4798,180.5033,182.7908,131.8479
302,181.8517,186.5196,129.0536,131.4729,185.7503,131.8750,128.9851,128.9138,188.9787,181.5928,182.7989,132.4629
303,182.1903,186.8939,129.5673,131.1554,185.6028,132.8852,129.0956,129.3684,189.6603,181.4277,182.2727,132.2265
304,181.9247,187.1262,129.5326,130.9889,185.3850,132.6785,129.6812,129.5179,189.3517,181.6618,182.4549,132.5754
305,182.7625,186.7492,129.9838,131.1993,185.1132,133.4246,129.7163,129.8899,189.0131,182.6815,183.1931,132.2341
306,182.3337,131.8439,129.5818,130.8764,185.8510,133.4174,129.5302,129.1261,189.0893,181.9527,182.5819,132.9769
307,182.0022,131.9817,129.6539,131.3843,186.1201,133.7657,129.5462,129.3614,189.7294,181.7815,182.3017,131.9605
308,181.4562,132.5908,129.4864,130.6096,186.0389,133.6177,129.9867,129.0828,189.0276,182.8095,182.2663,132.2564
309,181.3371,132.5155,129.7668,130.6166,185.5945,133.7874,129.4637,128.7976,190.2965,182.9338,182.8055,132.7540
310,182.1407,131.5369,129.3925,130.0700,185.4153,133.8096,129.4452,128.9987,190.2806,182.3011,182.8577,132.6308
311,181.4388,131.7127,129.7304,130.7564,186.2719,133.8017,130.2310,129.1286,189.3649,183.0437,182.3750,132.6487
312,182.6337,131.6497,129.1784,130.1788,186.2471,133.6560,130.4827,129.7541,189.1685,183.4240,182.4614,132.3560
313,180.9522,132.0523,129.5425,129.9245,186.0867,133.4374,129.9714,129.6823,189.6233,183.8632,181.8850,132.5671
314,181.3978,131.0975,129.9054,129.9205,185.0256,134.1650,130.1170,130.8826,190.0449,183.5784,182.2492,132.0634
315,181.0710,131.6050,129.4860,131.0413,185.2308,134.0212,130.0302,130.5001,189.0567,183.6072,182.0190,131.9456
316,181.6824,131.0044,128.8871,130.6961,184.4042,133.2160,129.8297,129.8491,188.7374,183.8461,181.8986,131.9472
317,181.5844,186.5147,128.9932,130.6137,184.0780,133.0153,130.0592,130.5811,133.9341,183.6006,182.0482,132.0813
318,182.7298,186.2059,129.6937,130.7422,184.4189,133.3216,129.4316,131.2202,133.6007,183.4239,182.1220,132.5350
319,182.2720,186.6602,129.8133,130.6900,184.7586,133.5184,129.9188,131.3923,188.7213,183.6260,181.8594,131.7425
320,182.2506,186.9108,129.6710,130.1258,185.1923,133.2202,129.4953,130.6195,188.7165,183.9919,183.0204,131.4928
321,181.5513,186.3826,129.8767,130.7345,185.3959,133.3045,129.4242,129.9827,189.6907,184.0597,183.0876,131.9362
322,181.6078,186.1786,129.1317,130.1288,185.2261,132.8302,129.9942,130.0841,189.4773,184.8082,182.9044,131.1763
323,181.9235,186.2074,129.7928,130.4902,185.1649,132.2406,130.2588,130.8205,189.9133,184.2811,182.5140,131.9203
324,180.8233,186.7683,130.0159,130.7065,185.7070,132.2608,130.5091,130.0976,189.3213,183.5429,181.8507,131.8023
325,181.4352,186.3878,130.5083,130.3380,185.4065,132.6394,129.5970,130.7301,188.9038,183.3757,182.1105,131.4148
326,180.6844,186.4611,130.6229,130.6306,185.6744,132.4164,130.0583,130.4259,189.5258,184.7621,181.5202,131.5280
327,181.1331,185.4985,130.5305,130.1314,184.8165,132.4912,129.7689,130.1677,189.5922,184.1403,181.4454,130.9397
328,180.2348,184.3911,130.4526,130.4780,185.1112,132.8535,130.1769,129.7007,190.1176,183.8966,181.9093,131.2549
329,180.0146,130.8056,131.0813,130.2397,185.3940,133.7547,130.3078,129.9214,190.4496,183.6259,182.3178,130.9734
330,181.1218,131.0193,130.7805,130.4896,185.6030,133.2505,130.0090,129.0680,189.3860,183.3862,182.9956,130.9252
331,180.9501,131.4862,131.2534,130.2415,185.3900,132.9691,130.1661,129.1445,188.9814,184.4194,183.2362,130.5386
332,181.4946,131.7783,131.2557,130.1497,185.6112,132.4311,129.8807,129.0220,188.4617,183.9801,182.9575,130.4109
333,181.2665,131.6267,130.4568,130.1239,185.9253,132.2573,131.1300,128.6907,189.0028,184.3058,183.9784,130.8178
334,181.4332,131.7727,130.3476,130.9958,186.0097,132.1541,130.7602,128.9224,186.7382,183.7494,183.5611,130.5024
335,181.2133,131.9783,130.6428,130.8325,186.5823,132.6059,130.8364,128.1584,186.8530,183.0985,183.3068,130.1679
336,181.1664,132.0713,130.4315,130.6627,186.8103,132.4786,130.9401,127.6014,187.1070,183.1429,182.0049,131.0917
337,180.2961,132.8132,130.4301,129.8402,186.4724,132.4627,130.9081,127.3749,187.5068,183.5844,182.6176,130.6672
338,181.2356,133.3410,130.3587,130.9143,185.9423,132.1607,131.6209,127.2706,187.1941,184.0729,182.5676,130.6935
339,180.8483,132.7347,129.5862,129.8466,185.8106,131.7959,131.4276,127.0529,187.8597,184.0290,182.2995,130.4949
340,181.1661,132.0761,129.3400,129.5667,186.5025,132.3122,131.2793,126.5878,187.2373,183.4363,182.5900,130.4401
341,181.5413,131.6513,130.5813,129.9185,185.6198,131.8849,130.8867,126.9573,187.9247,183.4004,182.5729,129.8658
342,181.8143,132.2847,130.4390,129.9262,185.3410,132.1543,130.8313,128.4117,187.7828,183.2030,182.0569,129.4406
343,181.2650,132.5056,130.2358,131.2900,185.6708,131.5595,131.4703,127.7949,188.2705,182.8629,182.1451,130.0836
344,180.3767,132.2544,130.6980,130.7876,186.0605,131.7488,131.1622,128.5715,187.0021,182.8889,181.8230,129.2251
345,180.4878,132.7558,130.9441,132.1111,185.7822,131.3051,130.5900,128.9321,186.7471,182.5832,181.8392,130.3323
346,181.1539,132.6025,130.4378,132.2966,185.2794,131.6912,130.3629,129.1200,187.2976,182.3000,182.3938,130.4777
347,180.7195,132.1802,130.8285,131.2589,185.5202,131.8791,130.7636,128.6935,187.3539,181.7247,181.9097,130.6767
348,180.9565,132.4350,130.5841,130.4367,185.6374,131.5157,130.7700,129.5687,187.2226,182.6175,182.4594,129.8488
349,180.7554,132.8806,130.2906,130.4297,185.3806,131.3182,130.7951,129.4531,188.2023,181.7924,182.2963,130.6872
350,180.3727,132.4103,130.0260,130.6451,185.3052,131.4870,130.8336,129.4002,188.1033,182.4892,181.6594,130.1794
351,180.8251,131.6129,130.5303,130.2024,185.3425,131.3729,130.9623,129.3538,187.6307,181.8669,181.6969,130.4458
352,181.2313,131.2664,129.8005,130.3842,185.2588,131.5395,130.8394,128.9776,188.5099,182.0041,181.7030,130.6805
353,180.6012,132.1568,129.5284,130.9474,184.9892,131.9435,129.7755,129.1187,188.5573,181.8941,181.0839,129.8175
354,181.1203,132.1267,129.3326,130.9368,185.5139,131.8828,129.6715,129.4847,187.6349,181.1679,181.0144,130.3807
355,180.9437,131.8545,129.7409,131.0281,184.9802,132.0430,130.5072,129.6233,187.1910,181.3040,181.3607,130.4636
356,181.3604,131.5986,130.2145,130.6942,186.0485,131.7636,130.1875,129.7416,187.9494,181.5840,180.9341,130.7171
357,180.3233,132.0010,129.8359,130.5496,185.5781,132.6572,130.4387,130.3645,188.7560,182.9067,180.3896,130.9888
358,180.9725,131.7868,129.4084,130.9344,185.6437,132.6112,130.4314,129.8246,187.8100,182.1653,180.3895,130.9871
359,180.9559,131.7640,129.2269,130.9670,185.1028,132.6062,129.9491,129.5795,187.8779,181.4715,181.0884,130.5824
360,180.4523,132.0093,129.8808,130.9012,184.2061,132.3322,129.1490,129.7942,188.0236,181.2898,181.6412,130.9005
361,182.0618,132.4144,129.8772,130.1840,131.8426,132.0906,129.0889,129.5754,187.1688,180.8250,181.3727,131.2746
362,182.2716,132.5285,129.5606,130.2471,184.4639,132.2378,129.5568,129.4587,186.8842,181.3237,181.4223,131.1651
363,182.7286,132.4259,129.8298,130.7164,184.9778,132.1509,129.5420,130.1799,186.8713,181.0611,181.1868,130.4997
364,183.8181,132.3689,129.9104,130.3413,185.1719,132.1870,130.0758,130.4301,187.7106,181.7238,181.4113,130.3688
365,183.6267,132.2485,130.2412,131.1111,184.9385,132.2001,129.7933,129.7366,187.5650,181.5617,180.7369,129.9488
366,183.3246,132.1981,129.9747,131.3123,185.2021,132.9685,130.3778,129.6215,186.2218,181.2039,181.2299,130.1093
367,182.6350,131.6147,130.1703,131.4858,185.1239,132.7329,130.5845,129.4360,186.5061,181.2346,181.3459,130.1877
368,183.0614,131.6208,129.9666,131.5550,185.3857,131.6195,130.9335,130.4576,186.4544,181.7687,180.0730,129.9583
369,183.0944,131.1349,129.9453,131.0916,184.5222,185.5890,130.5484,130.2036,185.7743,181.6773,179.7986,129.5269
370,183.7808,131.1104,130.3428,130.9883,184.3945,132.3996,130.2002,130.4245,186.1078,181.5223,180.3677,129.4834
371,183.2452,131.9770,129.5243,130.9727,184.1790,132.3639,130.4811,129.7805,186.4376,181.6338,180.1089,129.0403
372,184.5777,131.9208,129.8343,130.7071,183.8921,132.2598,130.8485,129.5040,185.9981,181.1794,179.3013,129.1282
373,184.2932,131.8180,129.3355,130.4948,183.8640,132.3233,130.7564,129.4994,186.5835,180.9418,180.9773,129.0634
374,183.9589,188.4518,129.8977,130.9633,183.7355,132.0098,130.8627,129.2775,185.7214,181.1073,180.7931,129.3445
375,183.9359,132.1453,129.5615,130.5653,184.1005,132.2243,130.6221,129.6162,185.9290,180.4373,180.8143,129.3098
376,184.9375,131.4702,129.6525,130.0224,183.9893,132.7536,130.7893,129.5452,185.8557,181.1326,180.4856,129.7240
377,185.4397,131.4470,130.0120,130.6417,184.9434,186.0567,130.2258,130.8215,133.0242,180.7913,180.5925,130.1362
378,184.7859,132.2621,130.3923,130.5268,184.3894,132.4431,130.1759,129.8365,132.6258,181.9057,179.9973,129.8450
379,184.4215,132.4081,129.9626,130.0682,184.4120,132.3308,129.7594,130.5554,132.8015,180.6497,180.1093,130.2068
380,184.7980,132.8053,130.2064,130.8932,184.1123,132.4429,130.0546,130.1215,132.5909,181.5022,180.0603,129.4736
381,185.1389,132.8525,130.3649,130.0141,184.0343,132.3554,131.0170,129.5330,132.1284,181.3256,179.9579,129.5984
382,184.6280,132.3848,131.2446,130.3456,185.1038,131.5390,130.9057,129.0828,132.5171,181.3213,180.1036,129.5620
383,184.8627,132.1301,131.2930,130.0730,131.7912,132.1194,130.6179,129.9642,133.4589,180.3284,180.8323,129.9439
384,184.8147,132.6682,131.2735,129.8579,184.4620,132.4695,131.2310,129.7092,132.9310,180.9078,180.8051,130.0252
385,185.7650,132.1076,131.0261,129.6741,184.8443,132.5663,131.1957,130.3259,133.0031,181.0231,180.8320,129.7419
386,186.4554,132.8227,131.3556,130.2788,184.1428,132.1009,130.7755,129.4472,133.8571,181.3354,180.5827,129.3507
387,186.4065,132.8074,130.7641,129.5727,183.4745,131.8505,130.5393,128.7488,133.8457,181.3048,180.2166,129.8184
388,186.9134,132.1742,131.2512,130.1829,131.7860,131.4898,130.8799,128.7102,134.0068,181.2115,180.5745,130.5421
389,186.6135,132.7580,130.8963,130.0556,131.0236,131.3630,131.4330,129.0255,133.7609,181.7847,180.8272,130.1150
390,186.0573,132.6049,130.4691,129.6327,131.0462,131.6310,131.0505,128.4445,133.1331,181.7306,181.2271,130.4604
391,185.2646,131.8367,131.0122,129.6254,131.0786,131.7436,130.6124,128.2727,132.9335,181.2114,181.1671,130.8813
392,184.3224,131.4240,130.5166,129.6326,131.7083,132.4247,130.3860,128.8608,133.4136,182.4361,180.9727,130.7814
393,185.0030,131.7856,130.8195,128.7534,131.5596,132.6812,130.2361,128.7198,133.3548,181.7579,181.3049,130.2330
394,184.2701,131.6482,130.7279,129.0403,185.0456,132.2497,130.4337,129.0637,132.9783,181.7660,181.4745,129.9906
395,184.6510,132.1878,130.4721,129.3589,186.3310,132.4198,129.4773,128.5126,133.4536,182.8233,181.5786,130.0390
396,184.0274,132.8650,130.4446,129.2891,185.5370,132.0687,129.8013,128.5655,132.8868,182.8452,181.1244,129.7916
397,184.5328,132.6371,130.3239,130.6666,185.7982,132.4724,129.6278,128.4404,132.2245,182.0492,181.9911,129.8453
398,184.8750,132.6635,130.7614,130.3825,185.4667,132.6920,129.8087,128.2097,132.9808,182.0407,181.6004,130.0089
399,184.5213,132.7788,130.7772,131.0617,186.0762,133.1109,129.9368,127.7923,133.0986,181.1803,180.7703,129.6784
400,184.5748,132.9043,130.5223,130.7561,186.5382,133.0126,129.6069,127.8497,133.6174,181.8129,180.2865,129.5988
401,184.1493,132.5515,131.0789,130.8762,185.9748,133.0270,129.6443,127.2456,133.2220,182.1511,180.1668,130.0962
402,184.4946,132.1235,131.0290,131.0304,185.7828,132.7841,130.2949,128.2887,133.0365,182.4032,180.4790,129.8809
403,184.6154,132.4490,130.8160,132.1082,186.3041,132.6605,129.6132,128.1054,132.2659,182.1660,179.6866,130.6106
404,184.6806,132.6018,130.9802,131.0749,186.0504,132.4901,129.6282,128.2273,133.2451,182.7120,180.0112,130.7236
405,184.9454,132.8112,130.5194,130.2770,185.7117,132.9966,130.0047,127.8958,132.7446,182.3980,180.3110,130.4391
406,185.9674,132.4682,130.6085,131.2736,185.3078,132.7500,129.5233,128.1332,133.5253,182.1015,180.5810,130.5472
407,186.3230,187.4726,130.3603,130.2843,185.4769,132.6706,129.2215,127.8863,133.9226,183.2425,179.8582,131.0398
408,186.0221,132.4953,130.0495,130.0286,185.7885,131.9674,129.8660,128.2910,133.9842,183.0067,179.8802,130.9467
409,186.7075,132.5416,130.1323,129.9390,185.1019,131.5857,129.7386,128.0665,133.0087,181.9745,178.5996,131.0924
410,187.1195,132.2160,130.2142,129.9378,186.1245,131.6017,129.4752,127.7172,133.2876,182.9724,179.3913,130.1936
411,186.4525,132.0663,129.4092,129.6007,185.8771,131.6729,129.7029,127.9115,133.8865,182.9139,179.1001,130.1875
412,185.8187,132.0098,129.3862,129.4351,185.5057,130.9348,129.7908,127.3173,133.6700,183.3098,178.7953,129.9963
413,184.5695,131.8710,129.5366,129.0662,185.3629,131.2918,129.9535,126.0849,133.1636,184.0603,178.8652,130.0838
414,184.5616,184.9520,130.0760,130.4082,184.8513,131.1725,130.3689,126.7816,133.6577,184.1220,178.8543,129.8237
415,183.8694,185.3005,130.1957,130.2064,185.0080,131.7091,130.3084,126.3634,133.8543,184.4287,178.9986,129.9743
416,183.9043,185.5872,130.4639,130.4855,184.3000,131.8956,130.5933,126.3282,134.0276,184.6410,179.2316,129.2166
417,184.8376,185.2391,130.1905,131.1032,185.0017,131.5896,130.0232,127.1379,134.1053,184.0994,178.6850,129.4765
418,185.5134,186.0301,130.7425,130.8370,184.9198,131.1931,130.4315,126.7799,133.9051,184.0781,179.0310,129.3851
419,186.1174,185.7766,130.5309,130.1088,185.0723,131.4513,130.9481,126.0332,134.0859,184.1409,179.8374,130.1879
420,185.8921,186.0015,130.0343,130.6278,185.6472,130.8208,131.0112,126.2383,133.9199,184.1096,180.0552,130.2139
421,185.2811,184.8928,130.2160,130.0345,185.3895,131.3937,131.1573,126.6595,133.6869,183.5188,179.1654,129.9916
422,185.2450,185.8570,130.4424,130.0486,184.7015,131.3826,130.8147,126.8161,133.6567,182.7839,179.6615,130.0481
423,185.5660,185.2591,129.8166,130.5200,184.6308,131.5026,130.6992,126.5129,134.0104,183.1355,179.9342,130.1531
424,185.9936,185.8404,129.4932,130.5130,185.0127,131.0601,130.3701,126.2004,133.5735,182.6818,180.1374,130.4487
425,185.1574,185.5430,129.9078,129.9990,185.4157,131.6817,130.7763,125.7948,134.0289,183.2364,180.6137,129.9981
426,185.5477,185.5427,129.4813,129.6977,185.1917,131.5807,129.3778,125.9983,133.3667,182.8634,180.8816,129.8864
427,185.7412,185.9127,129.5216,129.9395,184.8758,131.2573,130.8424,126.2978,133.6186,182.3411,179.9706,129.8975
428,186.7537,185.3803,128.8131,129.5708,184.7189,131.8468,130.3742,126.4027,133.5688,181.5372,179.3038,131.1671
429,185.5091,186.1586,128.4678,130.2286,184.4399,131.6957,130.9103,126.4897,133.1528,180.8976,179.7074,130.8167
430,185.1613,185.7921,128.6760,130.1889,184.0613,132.1806,130.9717,126.1641,133.2795,181.8304,179.9071,130.4560
431,185.9121,186.6184,128.4441,130.4658,183.0712,132.4612,130.3951,126.6302,132.4311,182.1765,179.9794,130.3012
432,186.1846,186.4791,128.9203,130.1757,183.1469,131.9799,130.9053,126.3186,132.9659,182.2330,179.9947,130.3518
433,184.8493,186.7898,128.7540,129.7610,183.9268,131.4429,131.0564,126.1110,132.4772,182.3337,180.1850,130.1646
434,184.4986,187.0212,128.9115,129.8582,183.9607,131.9018,129.9077,126.6616,132.8627,182.6465,179.8330,130.1240
435,185.6164,186.4543,128.5659,130.5080,183.7280,131.9526,130.3534,126.6845,133.2229,182.0985,179.4236,129.9481
436,186.2001,187.8288,128.9649,130.2346,183.5781,131.9071,130.2482,126.6772,132.7911,182.3487,180.1609,130.4841
437,186.2359,186.9822,129.0321,128.9624,183.7424,132.2657,130.4757,127.2155,133.1814,181.7098,180.6393,130.1991
438,185.8141,186.8980,128.6911,129.3873,183.4777,131.9739,129.9886,126.6053,132.9435,180.9928,180.1815,131.0233
439,186.7695,132.0831,128.9714,129.8686,183.5559,132.3712,129.9991,127.1832,132.8090,181.1976,180.0052,130.7451
440,186.1803,131.5380,127.7326,129.0394,182.6330,132.7205,130.6728,127.3243,131.9880,180.8978,179.5404,130.7228
441,186.6834,131.3529,128.0556,128.8755,182.8584,132.7700,130.3507,126.7367,132.7403,180.7166,179.8454,130.1116
442,186.7584,131.3444,128.0233,129.0488,183.2970,132.4593,130.4773,126.7667,132.2745,180.8212,179.2965,130.7609
443,186.0387,131.5408,128.5597,129.5019,182.7127,132.4751,130.1994,127.2813,131.9626,180.1052,179.5823,130.7947
444,186.8175,131.5799,128.5131,129.2507,183.5370,132.6811,129.3346,127.1311,131.8167,179.4709,179.7443,130.6268
445,187.6740,131.6441,129.0728,128.7620,182.7591,133.0780,129.8840,126.9252,132.4880,180.0380,179.1485,130.5417
446,187.4087,131.9649,129.2301,128.5673,183.5704,132.7760,129.8191,127.3990,132.1263,180.3725,179.6876,130.7432
447,187.6973,132.3325,129.0275,129.0207,183.6453,132.8771,129.7961,127.4354,132.1523,180.8895,179.9125,129.9927
448,188.1093,133.0546,129.2782,128.2559,183.2051,132.3644,129.5610,127.5168,132.4831,181.4278,180.4227,130.2973
449,186.9470,133.2376,129.1423,128.5049,184.0522,132.6826,129.7358,127.1352,131.9747,181.9635,180.3557,129.9821
450,187.0719,132.2912,128.9470,129.1236,184.1121,132.3907,129.7414,127.0293,132.1174,182.0946,179.8623,129.7331
451,187.0296,132.1034,129.3514,129.0152,183.7447,132.7596,130.0962,126.9633,132.2905,182.2129,180.7544,129.7643
452,186.7522,132.2395,129.0292,128.8150,182.3246,132.6444,129.8179,127.5403,132.6449,181.6562,179.4299,129.9638
453,186.3571,132.0442,129.4362,128.8834,182.7267,132.6298,129.9020,127.3107,132.1874,182.4577,180.7597,129.5655
454,186.1935,131.8618,129.4691,128.9615,182.9420,132.5763,129.6380,127.7732,132.1966,182.4946,179.7428,130.0290
455,186.0718,131.9128,129.7238,129.2533,183.1597,133.1827,130.3920,127.9625,132.6697,182.0889,180.6542,130.2818
456,185.1903,132.2669,129.3836,129.3017,183.1825,133.4918,129.5407,127.5907,131.4905,182.8354,180.0210,130.1933
457,184.9697,131.9583,129.3805,129.7718,183.0097,133.8031,129.4325,128.4014,131.7782,183.5798,179.5200,129.9793
458,185.7723,132.4067,129.0587,128.7926,182.9172,133.4285,129.2986,127.7028,131.1627,183.3562,179.6293,129.8806
459,185.5348,131.7059,129.0109,129.2109,183.7178,133.4950,128.8487,128.4433,131.2800,182.8253,179.3962,130.5723
460,185.7404,131.5592,128.9286,130.1691,183.6848,133.5932,128.8508,128.7716,130.9188,182.5354,180.2864,130.2766
461,185.1755,132.0395,128.3381,130.6754,184.5992,133.2115,129.0344,128.8159,131.3433,182.8911,179.8101,130.1093
462,185.2083,132.5468,128.7899,130.5550,184.6473,134.0916,128.8978,129.4976,131.2047,183.2404,179.2096,130.0214
463,186.2238,187.3423,129.2323,130.2860,183.8622,133.7511,130.1866,129.4759,130.5842,182.7605,179.3842,130.0705
464,185.9647,186.4606,129.0015,129.2735,184.1586,133.9567,130.9898,128.6736,131.4290,183.1342,179.6961,129.8793
465,185.8771,186.2773,128.7259,130.6107,183.2320,133.6588,130.5635,128.7383,131.0136,183.2093,180.4346,130.0466
466,186.0074,186.6090,128.7087,130.0434,183.8513,133.6971,130.5211,128.0528,130.9185,183.5036,179.5565,130.1385
467,185.8996,186.5682,128.6232,130.2446,184.2920,133.3120,130.7369,128.3943,130.9027,182.9647,179.6159,129.7300
468,185.2414,187.0261,129.0053,130.2223,184.3196,133.0264,130.5714,128.3092,131.2924,181.8471,180.7596,130.0602
469,185.5839,186.6057,129.1516,129.5425,183.7760,133.4391,130.4016,127.7402,131.9264,182.3090,179.9237,130.4572
470,185.5580,185.5786,128.5984,129.4227,183.1621,133.3116,130.1535,126.9571,131.7475,182.6461,180.7058,129.9491
471,186.0306,186.4486,128.4922,130.2086,183.1691,133.5232,130.1601,127.7882,132.0447,182.6820,179.8527,130.2969
472,185.8708,186.2802,128.8418,129.8967,183.0598,132.7853,129.8751,127.5431,131.1969,183.0793,179.9535,130.2055
473,187.0265,186.5340,128.6249,129.2787,182.5750,132.6899,130.7174,127.7788,131.2078,182.8298,180.1877,129.9295
474,186.7218,187.3686,128.4412,129.1084,183.1473,132.7799,130.5942,127.9364,131.3163,183.2235,180.5214,129.6090
475,186.9506,186.6838,128.6859,129.0384,183.8683,132.3901,131.1596,127.9067,131.9332,182.9281,180.5020,129.1353
476,187.4939,186.5666,128.7927,129.0234,183.8128,132.1062,130.6825,127.6516,131.3069,181.9289,180.8706,129.5655
477,187.8064,187.4924,129.3346,128.8982,184.0560,132.0808,130.8492,128.2944,131.5986,182.7518,180.2016,129.2159
478,187.4607,187.6590,129.3453,129.4422,183.9357,132.0933,129.7823,128.7089,131.6113,181.8477,180.5659,129.4315
479,187.1889,187.7804,129.4488,128.9830,183.9071,132.1218,129.8072,128.5264,131.8204,181.5649,179.3534,129.3910
480,186.7130,186.6603,129.0202,128.9426,184.0416,132.7310,130.1845,129.3520,131.2868,181.7476,181.0087,129.2551
481,186.1043,186.4782,128.6120,129.4105,183.4866,132.0147,130.2204,130.4093,131.5632,181.5281,180.5303,129.2900
482,186.2987,186.1708,130.0126,128.5643,183.4800,132.1235,130.4918,130.0656,131.7281,181.4829,179.8195,129.4557
483,185.7683,186.4758,130.1866,129.2784,184.0539,132.0590,129.3712,129.9186,131.7035,181.2465,179.6656,128.9237
484,185.7558,185.9564,130.1181,129.0142,184.5000,132.6562,129.3546,129.7095,131.3681,181.8663,178.8217,128.8936
485,185.7633,186.2354,130.0242,129.7507,184.0885,132.3824,130.2535,128.3844,131.3610,181.9215,178.8421,129.0547
486,185.5765,186.2991,130.4095,128.6621,184.5577,131.4829,130.2312,128.8859,131.5197,181.7133,179.2175,129.3473
487,185.8101,186.6239,130.2267,129.1233,185.1485,131.3997,130.7764,129.1354,131.4838,182.0355,179.9773,129.5599
488,185.8909,185.6368,130.6504,129.1384,184.8162,131.8787,131.0257,129.1904,131.4255,181.3401,179.5599,128.9370
489,185.1509,186.3044,130.7778,128.7485,184.3173,131.8526,130.4421,128.5375,131.4010,180.9741,180.4379,129.1222
490,184.7488,186.8051,129.9237,128.4677,184.8587,132.4348,130.9124,128.9359,131.1717,180.7923,180.3519,128.7181
491,184.4711,187.0230,129.2167,127.9627,184.7717,132.1553,130.1643,128.6819,131.7357,181.9963,180.0185,129.6947
492,184.4619,186.2461,129.4148,128.5636,183.9976,132.5791,130.2014,129.4921,132.0544,181.7282,180.8177,129.5919
493,184.4837,186.0420,129.4208,127.7373,183.5987,132.6851,129.7978,129.5108,131.7555,181.7904,180.9921,129.6975
494,183.7032,186.3353,129.5862,128.9379,184.1203,132.3556,129.7178,129.3429,131.6829,181.4920,180.6854,129.0627
495,184.3723,186.6164,129.8491,128.6977,183.5560,132.0586,129.4934,130.0538,131.3231,181.7021,180.8176,129.4523
496,183.6653,186.6975,129.6968,128.8421,183.9041,132.2098,129.5910,129.3156,131.7281,180.0139,181.3063,129.4706
497,183.8659,187.3053,129.7102,129.0422,183.8523,132.0733,130.2100,129.6561,131.7309,181.1961,180.0718,129.8858
498,184.1833,186.7708,129.1182,128.3858,183.8544,131.8136,130.2243,129.8065,131.3540,180.7289,180.1164,129.8884
499,185.3443,186.4834,129.4412,128.9021,182.8443,132.0279,130.5204,129.3702,130.5598,180.7066,179.9414,129.6339
500,185.3425,185.8534,129.1260,128.9997,183.4652,131.6623,130.9206,129.5151,130.9335,181.6255,179.9038,129.5835
501,186.1605,185.9816,129.2050,129.1335,183.3237,131.7723,130.3562,129.3041,130.0473,181.1364,179.5939,129.7562
502,186.4000,185.9801,129.4295,129.4114,183.0395,131.9432,130.7944,129.5651,130.5990,181.8324,179.6366,130.0366
503,185.9538,185.9916,129.3231,130.0226,182.8962,131.8477,131.3772,129.6692,130.6807,181.0448,179.7457,129.3029
504,186.6530,185.0220,129.2521,129.0258,182.9043,131.5808,131.1081,129.4657,130.3294,181.4877,179.7759,129.6284
505,186.9785,185.0202,129.5650,129.8132,182.2798,131.9424,130.4722,129.1725,130.4145,181.3174,179.6278,129.9624
506,187.2201,185.7477,129.5953,128.7032,183.0157,131.1993,130.3288,129.0646,131.1215,180.9588,178.8216,129.8784
507,186.1331,185.2498,129.2791,128.8713,183.1292,130.8803,129.8947,129.1021,130.7717,180.8366,179.4353,130.3789
508,186.3989,185.3331,129.8204,129.4628,183.3540,130.9206,129.9479,128.5749,131.5027,181.5250,178.2400,129.8892
509,186.1967,185.1554,129.6736,130.0494,182.5277,131.1192,130.5259,128.9861,131.9701,180.4085,179.1174,129.9590
510,186.3303,185.6516,128.9696,129.6273,182.9095,131.0256,130.3594,128.7698,132.3215,181.2630,178.7445,130.1003
511,186.6635,186.3850,129.8559,129.7194,183.2603,130.9933,130.6315,128.8270,132.2611,181.4938,179.2453,130.4288
512,185.9086,185.4415,130.2190,130.3364,182.9258,131.3643,130.8725,128.8943,133.0238,181.2103,179.4022,130.5779
513,187.1294,185.6866,130.1594,130.3241,183.2475,131.6026,130.9628,128.9922,132.4582,181.5300,179.5660,129.7979
514,186.3379,185.9082,130.3872,129.4248,183.3305,131.9700,184.5762,128.4922,133.4838,181.4074,179.6554,130.0461
515,185.3437,186.2851,130.0025,129.2632,184.0349,131.2244,183.5926,128.5564,133.4035,180.0020,179.7495,129.7692
516,186.0439,186.0377,129.9810,129.4997,184.2234,131.5586,183.5077,127.8243,132.7244,180.5422,180.2445,129.9241
517,187.3032,186.6334,129.8797,128.1111,184.4997,131.2979,183.5118,128.5293,132.5868,181.0328,180.3745,130.0193
518,187.2146,185.9296,129.2454,129.2095,184.1085,132.0729,184.2464,128.6631,133.2551,180.4555,181.2891,130.2883
519,186.8458,186.0688,129.9224,128.8021,184.2543,131.9502,183.7615,128.3001,133.4050,180.8452,181.3959,130.7718
520,187.4470,185.7640,129.5119,128.8487,183.7716,132.1778,183.9908,128.4469,132.8500,180.9013,181.0005,130.2097
521,185.8835,186.0692,129.3166,127.8625,183.3854,132.2155,184.4872,128.9591,132.2888,180.8130,180.9988,130.5063
522,186.8952,186.7220,128.9920,127.4232,183.5532,131.4704,184.4011,129.3604,131.5935,181.0430,180.9964,130.0866
523,187.2886,186.2524,129.8859,128.3605,185.0542,131.2561,184.8850,128.9583,131.4851,181.2593,180.8584,130.3380
524,187.0123,185.2057,129.8812,128.3893,184.5455,131.9677,184.1138,129.1835,131.0863,179.9327,180.6231,130.3746
525,186.2949,184.6323,129.9655,128.5056,184.1772,130.7247,184.4692,129.8695,131.6310,181.2076,181.0016,130.5175
526,184.9802,184.6343,129.7688,128.0398,184.1397,131.1603,184.7908,128.7373,131.3766,180.8689,180.8406,130.3513
527,185.6056,184.8471,129.6263,127.8247,183.9247,130.9566,184.4374,128.1558,131.3931,181.2954,180.7617,130.7119
528,185.2744,185.0381,129.3635,127.5475,183.1353,131.1647,185.0716,127.5223,130.5035,181.5571,180.1168,130.2493
529,184.2399,184.7957,129.3057,127.0857,183.5038,130.6260,185.1775,127.8122,130.7378,181.6083,179.7961,130.2092
530,184.2352,185.2554,128.5330,127.1505,183.3942,130.5305,184.5909,128.1251,131.3241,181.9800,180.7336,130.3232
531,185.5563,185.2563,128.8072,127.6213,183.0209,130.5731,184.5469,128.5056,130.9557,181.9274,181.3041,130.3138
532,185.6681,184.2706,128.6513,127.7333,183.1154,130.3319,184.1446,128.8134,130.2310,181.3226,181.3883,130.6355
533,186.6380,185.0916,128.3158,128.3811,183.3831,130.4296,183.4555,128.5362,130.9283,181.1879,181.4398,130.9848
534,186.1730,185.2678,128.5966,128.9312,183.7047,129.6556,183.6381,128.2495,131.1339,181.2654,180.8480,130.7535
535,185.9041,185.1647,128.7960,128.3295,183.1267,129.5119,183.3541,128.6952,130.9816,180.3290,180.8627,130.4661
536,185.7767,185.4351,128.5785,128.1561,182.9074,130.2819,183.5633,128.1117,131.0938,180.1339,181.3311,130.8498
537,185.9581,184.9669,128.6490,128.7912,182.8457,130.2786,182.9819,128.2419,130.3811,180.6477,181.2812,130.6772
538,185.4590,185.8850,128.6326,128.9556,182.5953,130.5124,182.9623,128.2523,130.8160,180.7438,181.7634,130.8104
539,184.8921,186.2565,128.9091,129.0952,182.3806,130.9402,183.5783,128.6752,130.5734,180.9517,181.0477,130.6263
540,184.8903,184.9716,128.8032,129.2266,182.3094,130.5991,184.2006,128.7211,130.3845,180.5779,181.5146,130.6025
541,184.7754,185.3731,129.4899,129.0348,182.7575,130.7592,183.9121,128.9649,130.4199,180.0295,182.0955,130.8000
542,185.3911,185.5840,129.8040,129.1263,182.0323,130.3600,184.4743,128.0294,130.3472,180.0723,181.4938,130.4373
543,185.1719,185.3898,130.0636,128.9912,182.2755,130.8257,183.6543,127.8513,129.7117,180.0313,181.5275,130.8632
544,185.1614,184.8120,129.4641,129.3074,181.8081,130.8209,183.7594,127.3870,130.0471,179.7063,181.5547,129.9127
545,185.5000,185.2783,129.7784,129.2247,182.8244,130.9677,183.2341,127.9713,130.4079,180.8066,181.4728,130.5578
546,184.0470,185.4492,129.8642,128.4440,181.8981,130.4531,183.3153,127.7825,130.4577,180.0297,181.4881,130.7002
547,184.5851,185.9771,129.5351,129.2771,181.9935,130.2675,183.1589,127.4927,130.4800,180.2932,182.3063,130.6319
548,185.2974,185.4560,129.4483,129.9531,182.4500,130.4843,184.6458,127.7812,130.4122,180.3751,181.6066,131.2868
549,185.4229,185.4497,129.6997,130.4056,182.6799,130.8000,184.5075,128.1057,130.6825,181.0002,182.2426,131.0132
550,185.1785,185.3750,129.9837,129.5455,183.5337,130.7020,185.2575,128.1792,186.0455,180.4265,181.6433,130.5076
551,184.4689,184.5294,130.7162,130.3995,183.5076,130.9279,184.8958,127.6584,186.2466,180.4213,181.7044,131.0396
552,184.8903,185.5607,130.2540,129.4989,183.6224,130.3273,184.4139,127.9310,185.9823,180.2714,180.6788,130.9261
553,184.7054,185.6483,130.5747,130.0465,182.4327,130.0901,183.8712,128.1959,186.4766,180.7267,180.8644,130.9516
554,184.7131,186.0236,130.4007,130.0608,182.9693,130.2536,183.7511,127.9545,186.1691,181.2458,180.3991,130.3811
555,183.8334,185.6721,130.5139,130.4057,183.0481,129.9791,184.5872,128.6677,187.4370,181.7420,180.3558,131.0235
556,184.8634,185.8183,130.1927,130.1380,182.2280,130.6896,183.8782,128.7340,187.6334,180.8954,181.0230,130.8957
557,185.5883,185.7896,129.5080,130.4539,182.6724,130.6922,184.5501,127.4277,187.4537,181.6421,180.7437,130.6938
558,184.6623,186.0453,129.5507,129.5693,182.6784,130.7980,184.9112,126.9489,187.3189,181.6473,181.6454,130.8607
559,184.9100,184.7007,129.2959,129.1320,182.7576,130.5075,184.7904,127.5372,186.2216,181.8886,181.0517,130.7224
560,184.1976,185.2344,129.4108,129.1066,182.8674,131.1470,184.9702,128.2945,187.1686,182.0827,181.0097,130.6241
561,184.4369,185.7117,129.0351,129.1011,182.9113,130.4672,184.7488,128.9945,186.8740,181.2900,181.9230,130.1737
562,184.5405,185.4206,129.9230,129.2902,182.6465,131.1123,185.2894,129.8010,186.7995,181.5858,181.2718,130.1525
563,185.0274,184.7636,129.9195,129.6072,182.3760,130.5148,185.5379,129.1385,186.0305,181.2897,180.7369,130.6271
564,185.1816,185.0264,129.8686,128.4400,181.4062,131.4955,184.7779,129.7701,186.4900,182.1437,181.6261,130.5672
565,184.7621,185.3348,130.0968,127.0711,181.7774,131.0274,185.3655,129.5701,186.3715,182.1766,181.4024,130.1661
566,185.1251,184.8712,129.9768,128.3691,181.2490,130.8616,185.5725,130.0050,185.8333,182.2571,182.1108,130.0468
567,185.4947,184.5915,130.0419,127.8103,181.4347,130.8619,185.3057,129.6830,186.0863,181.7578,182.5159,130.1270
568,185.5422,184.7055,129.7391,128.1732,181.8899,131.5134,185.8375,129.5144,186.7746,181.9770,181.9377,130.3195
569,185.3369,185.5238,129.5597,127.9588,181.9986,130.2580,186.5829,129.7974,186.8875,181.5021,182.7410,129.6598
570,184.8378,184.8556,129.5318,128.3589,182.3183,130.3709,186.4034,129.5151,187.0547,181.2165,181.6850,129.9215
571,184.8277,184.8855,129.4800,127.8418,182.8075,130.9280,185.9392,130.3657,186.0800,181.5891,181.1992,129.9725
572,185.8889,185.1342,129.5683,128.1263,182.4247,130.3437,185.7232,129.0375,186.9481,181.7477,181.0601,130.1933
573,186.4800,185.8709,129.7604,128.4302,181.9510,130.5485,185.9002,129.3381,186.2425,181.8156,181.2312,129.9589
574,185.8235,186.2278,130.0738,127.6040,181.7286,130.5163,131.3262,129.3573,186.0460,182.2629,180.5810,129.4107
575,185.7379,185.5408,129.9569,127.7913,182.3177,130.7800,185.9422,129.2965,185.9154,182.6750,181.5004,129.8419
576,186.3437,185.4738,129.1251,127.3816,182.1647,130.7944,130.8452,129.4267,185.7629,181.9354,181.4148,129.6073
577,186.1023,184.6254,129.4296,127.4623,182.4224,130.8218,130.6593,129.1816,186.5620,181.1614,180.8510,129.7399
578,186.2037,185.0524,128.4513,127.7286,182.9494,130.5128,130.8959,129.4841,186.9678,181.5821,180.7042,130.1014
579,186.4781,185.0827,128.9404,127.1966,182.6908,131.0500,130.6028,129.6106,187.4954,181.3018,180.5019,129.4776
580,186.6796,185.9243,129.1063,185.2247,183.1594,130.6276,130.8680,129.3626,186.1790,180.8474,179.9813,129.3157
581,187.7330,185.7563,129.1065,128.2958,183.2849,131.1388,131.0728,129.8611,187.2005,181.3603,180.4155,130.2512
582,187.4473,185.6409,128.7522,129.1699,182.9293,130.9717,130.6568,129.9548,186.2527,180.9424,181.4792,130.1491
583,186.4940,185.1181,128.9732,186.4372,182.7653,129.9909,130.4589,129.7008,186.9678,181.2914,181.5292,129.8661
584,186.4789,185.1606,128.8675,185.9689,182.4194,130.7117,130.5553,129.6524,187.3152,181.0813,181.4413,130.2023
585,186.6260,184.8282,129.1694,128.6724,183.6504,131.4979,131.3156,129.4074,188.1357,181.6477,181.6963,130.5960
586,186.9610,185.0103,129.0672,129.5520,182.9514,131.4819,130.4353,128.8722,187.6773,180.8539,181.4472,131.2910
587,187.0048,184.5238,129.0499,129.2661,182.8044,131.1835,130.8602,129.0794,186.9620,181.6497,180.7653,130.5897
588,187.4551,184.6554,129.1738,128.7487,183.1493,131.4557,130.2968,129.1745,186.5593,181.0913,181.4916,130.8401
589,187.2797,184.7829,128.8955,187.2523,183.1071,131.6061,130.2927,128.3581,185.8018,181.1687,181.8146,130.6534
590,186.7767,184.3575,128.8182,185.6673,183.2453,131.0154,129.6634,129.1952,185.9988,181.6572,181.5424,131.0358
591,186.6368,184.9855,129.2755,186.1911,183.3870,131.6364,130.1601,129.5467,185.7249,180.4130,181.5076,130.1523
592,186.1828,184.9294,129.8201,186.4848,184.0304,131.4802,129.8534,128.9396,186.2114,181.0278,181.4822,130.5090
593,185.7800,184.9128,129.9395,186.5090,183.0357,131.2902,130.4871,128.8666,185.4283,181.2925,181.3093,130.7188
594,186.1981,186.4358,130.0376,187.1398,183.7376,130.5391,130.4177,128.9570,186.5285,181.5470,180.7480,130.8903
595,186.0884,185.7622,129.8719,187.9005,183.7094,130.9724,129.9115,129.1103,186.1259,180.4392,180.5380,130.8803
596,186.5275,184.7834,129.8164,187.3300,183.8478,131.1095,130.0485,129.1484,186.0439,180.7530,180.9414,130.7296
597,187.4433,185.7661,130.8350,186.8517,183.9357,131.3501,129.9329,128.9482,185.8044,180.4413,180.5951,131.1700
598,186.9820,185.7049,130.9020,186.8805,183.0942,131.5036,129.6971,129.5518,185.4780,181.6068,180.8578,131.2099
599,185.8501,186.0077,130.3467,186.6086,182.7527,131.6949,129.9630,129.2003,185.5798,181.3981,181.5131,131.1819
600,186.2467,186.2768,130.8030,186.9939,182.9011,131.6587,129.9671,128.8251,185.6904,181.1216,181.1948,130.2327
601,185.9286,186.3320,131.3222,186.2292,183.5961,131.6505,130.2618,128.5279,186.5595,181.0440,181.4943,130.8626
602,185.7317,186.9118,130.8541,187.1250,183.3143,131.7358,130.0586,129.0413,187.2431,180.6197,181.5761,131.4656
603,185.4347,186.2823,130.5964,186.6303,183.1573,131.7851,130.0813,129.3692,186.8400,179.9297,181.3670,131.3939
604,186.3460,186.4134,130.6900,186.0270,183.4777,131.6791,130.0190,129.3065,186.7203,180.4350,181.4323,131.4619
605,186.5473,186.9315,130.9992,186.3940,183.0465,130.9846,129.8605,129.4864,186.4543,181.3952,181.9534,131.7705
606,187.0300,186.1008,130.7391,186.6253,182.3951,131.1212,130.1589,130.0663,187.1012,180.8203,182.1180,131.7565
607,186.6888,186.6056,129.4742,186.5702,182.6353,131.6384,129.9135,129.5188,186.6622,180.2556,181.8747,131.7346
608,186.7400,186.9174,130.2210,187.9456,181.8174,131.5730,130.7871,128.9790,187.2816,180.9571,182.3286,132.1645
609,186.9693,186.6977,129.6197,187.4948,183.3830,131.4231,130.0847,129.1627,187.2884,181.5209,182.3271,131.8022
610,186.5075,186.6660,130.0625,188.8265,183.3019,131.9015,130.1663,128.9414,187.2768,181.2215,182.6157,131.7352
611,185.9136,186.3458,129.7823,188.4860,182.9050,131.6221,129.9660,129.1415,186.3314,180.8491,182.6080,131.4272
612,186.2758,187.5090,130.3166,187.5497,183.2164,131.9289,129.5125,129.1258,185.8484,181.3568,183.0749,130.9059
613,186.8247,186.6020,130.2592,128.7009,182.8649,132.0542,129.4164,129.2438,187.2640,181.3035,183.3775,130.3148
614,186.3040,186.5915,129.7262,129.0175,183.0257,131.7379,130.0529,128.3630,188.0650,181.3347,182.6331,131.1645
615,186.7841,186.5373,129.4223,129.2379,183.0253,131.4801,131.0128,128.3499,188.9720,180.6316,182.1476,131.2564
616,186.6356,186.4515,129.9964,128.1882,183.3096,131.5302,130.3354,128.1944,187.9499,180.6516,182.6247,130.6355
617,186.7739,186.9216,128.7198,129.0431,182.0631,131.0893,130.5900,128.4543,186.9192,181.7392,181.8934,131.0850
618,185.1809,187.2115,129.2924,129.5375,182.4764,131.1065,130.5637,128.2583,186.6630,181.6439,181.4333,130.7460
619,186.8517,186.5260,129.7527,129.6056,182.7251,130.1655,130.9013,128.5119,186.7367,181.6447,182.2793,130.4624
620,186.3471,186.2756,129.5892,129.7549,182.4592,130.6750,130.3733,127.7952,186.8702,181.1858,182.4542,130.6356
621,187.1031,187.0053,129.3688,128.8639,182.8024,130.5535,130.3198,128.6029,187.4159,181.1936,182.9192,130.3937
622,187.4716,186.9351,129.5941,129.0367,182.4025,131.3265,130.6502,128.2209,187.0045,180.5041,183.2741,130.2909
623,187.7469,186.4617,129.6401,128.9520,182.6885,131.0723,130.4174,128.5771,187.9165,180.9910,182.8820,129.9228
624,187.8315,185.8314,129.7704,129.7319,182.3224,130.6419,130.7035,128.4479,187.3280,181.0017,183.2763,130.5843
625,187.5107,186.7643,129.0902,129.5082,181.5675,130.6614,129.4072,128.0920,188.0408,181.0481,183.3321,130.4863
626,186.7286,186.3209,129.3989,129.4804,181.6468,130.2793,129.5688,128.6138,187.5868,181.2553,182.7284,130.8214
627,186.3906,186.5120,128.1443,129.1823,181.2872,130.0594,130.3055,128.3472,186.7417,181.2241,182.8790,130.0578
628,186.0434,184.8848,128.6452,129.5961,181.9160,129.7183,129.8302,128.8325,188.1520,181.6728,183.3802,129.8062
629,185.5479,185.2386,128.4053,130.6245,182.3269,130.1940,129.9716,127.8947,186.9944,180.9966,182.7254,130.3037
630,185.6275,185.4725,128.3614,129.6701,181.7923,129.9114,129.3264,128.2794,187.1469,180.0245,183.4838,130.5950
631,184.9262,186.3575,129.1972,129.7138,182.3540,130.1045,129.3296,128.5908,186.7342,179.7065,182.7307,130.7689
632,185.9677,185.6264,128.7855,129.4938,182.1767,129.7702,129.4038,127.8390,186.8062,179.8323,183.3023,130.5974
633,185.3438,185.3834,129.1352,128.9713,181.8676,130.0876,129.0924,127.8874,186.6077,181.0843,182.4869,130.9877
634,186.0392,185.2096,128.7704,129.5083,182.6535,129.5643,129.5966,128.4610,186.8302,179.9230,182.6540,130.6584
635,185.3833,185.8639,128.8838,129.5649,182.6723,130.0263,129.3083,128.1666,186.1995,180.2341,182.4725,131.0727
636,186.6916,186.0761,128.4949,129.8864,182.8673,129.9516,129.2665,128.4078,187.2732,180.5909,182.4766,130.9858
637,186.7641,186.0709,128.9979,130.1539,183.0899,129.8964,129.1497,127.9486,185.8369,180.6082,181.9326,130.6574
638,186.0306,187.2095,128.4733,129.9916,182.6032,130.0915,128.9170,127.8250,185.7431,180.7356,182.2029,130.3140
639,185.7004,187.7827,129.2812,129.2791,182.4408,130.1634,129.1665,127.8105,185.9695,180.8470,181.8266,130.7845
640,186.1603,187.3435,128.9174,129.2734,183.0764,130.1527,128.8974,127.4800,187.3758,181.3868,182.6202,130.7934
641,186.0062,187.0663,128.0887,129.9673,183.0438,129.9580,129.3299,127.9900,187.3750,181.5732,181.7928,131.1657
642,186.4957,186.3153,128.8372,129.5908,182.9025,130.1001,128.8694,127.2913,187.5405,181.8033,181.6925,130.4611
643,186.3804,186.3499,129.0418,129.7338,181.9007,130.1162,129.0277,126.6276,186.6107,181.1006,181.5293,129.5629
644,186.1318,186.1804,128.7805,129.5758,182.1550,129.6746,128.7625,126.4675,187.0111,180.8238,181.7604,129.7357
645,185.4870,185.6756,129.5110,130.2708,182.4218,129.3221,129.0981,126.7520,186.9613,181.0986,182.2948,129.7043
646,185.3087,185.8821,129.1249,130.0879,182.7620,129.1505,129.1529,127.4867,186.5199,180.9717,181.3940,130.2625
647,185.9184,186.5110,128.9885,130.4817,183.1744,129.7280,129.2630,127.2535,186.8801,180.8841,181.8797,129.7530
648,186.2698,186.2552,128.7610,130.0389,183.7870,128.6037,129.4220,127.5604,186.5844,181.4583,181.7997,130.2963
649,186.0755,186.1967,128.5275,129.9963,183.2811,129.5060,128.6532,127.5415,186.4257,181.2097,181.5083,130.0267
650,185.0175,186.4831,128.3857,130.2856,183.1629,129.5538,128.7264,127.6365,186.5783,181.1124,182.0983,129.6548
651,184.1269,185.7623,129.0713,130.3866,183.1011,130.1396,129.2464,127.0556,186.6338,180.9459,182.3318,129.8313
652,183.7537,186.3692,129.3477,129.9250,183.3450,129.9977,129.7307,127.6527,186.4763,180.1593,182.1909,129.9794
653,184.0860,185.6727,128.6652,129.6743,183.1574,129.8785,129.3565,127.1923,186.6437,179.9740,181.7273,130.7933
654,182.9752,186.0635,129.5506,130.1106,183.0530,130.2287,130.0705,127.3791,186.9140,180.3333,181.5274,130.8497
655,182.2035,186.5608,129.1020,129.2250,183.6005,130.4352,130.1561,127.6261,185.6663,180.7563,181.5917,131.1827
656,182.6475,186.6040,128.9544,129.3519,182.0909,130.2870,130.4337,127.9708,186.4648,181.9826,181.5824,130.6746
657,183.0862,186.6964,128.9103,129.0893,182.1393,129.9205,130.4207,127.8231,186.1167,181.9576,181.5716,130.9193
658,182.3071,186.8161,128.4714,129.4008,182.5074,129.4810,130.6854,127.5708,185.7454,180.7423,180.9574,130.3060
659,182.4585,186.1835,128.3925,128.6743,183.1398,129.4203,130.0462,127.9074,186.2795,180.9893,180.9278,130.6540
660,182.7827,187.3103,128.8666,129.2162,182.8502,129.4261,130.4761,127.9779,186.4833,181.2384,181.0543,130.3273
661,183.4690,186.4870,128.5585,129.2537,183.1136,129.4020,130.3170,127.3876,186.5219,181.3305,181.3281,130.3810
662,183.6885,187.3783,128.5406,128.6992,183.4446,129.2239,129.8344,127.5679,185.9981,181.1252,181.3497,131.1202
663,182.5977,187.0210,128.6902,129.1554,183.8853,128.8545,129.7009,127.5279,185.0307,181.2231,181.6304,130.9650
664,183.4021,187.4720,129.2135,128.8963,183.2142,128.8063,129.5051,127.8998,185.5179,181.8823,181.8631,130.5140
665,182.7823,187.5548,129.1047,128.9738,182.2596,129.3000,128.6920,127.6968,185.7085,180.8655,181.6575,130.6684
666,183.1568,187.9912,129.1484,129.3339,182.4142,128.9351,129.2549,128.0418,185.5576,180.2314,181.3558,130.1716
667,183.0787,187.9892,129.4880,129.5669,182.6277,129.1334,128.5307,128.0631,186.2793,180.2823,181.4308,130.0530
668,182.3672,187.9882,128.5248,129.6639,183.5826,129.0297,128.6667,128.1127,185.7600,180.3979,180.3808,129.9711
669,183.8626,187.6432,128.9582,129.3472,183.0511,128.7032,128.3992,128.2499,185.6642,180.4505,180.3090,130.7059
670,183.3850,187.3492,128.3012,128.7810,183.5440,128.6221,128.5154,127.9409,185.9563,180.1652,180.7824,130.4130
671,184.0295,187.1031,128.4928,129.6283,182.8480,128.5556,128.1932,127.4217,186.2694,180.3235,180.6029,130.3698
672,183.6927,186.6483,128.0522,129.8389,183.2825,128.7149,128.2145,128.0505,186.1903,181.6134,180.9287,130.4488
673,184.7583,186.1616,128.6389,130.0017,183.4108,128.0257,127.8020,127.5802,186.1424,180.9174,180.7400,130.1953
674,183.7626,186.8244,128.4064,129.5482,183.4103,127.9514,127.3916,128.0137,185.7224,181.1523,180.8242,130.3064
675,183.7127,186.7269,128.6300,129.5970,183.9891,128.7368,127.4852,127.8206,185.5910,181.4706,180.8529,130.2027
676,183.6230,187.0737,128.3358,130.0456,184.4550,128.5880,127.7630,127.3693,186.8930,181.2236,180.9283,130.7241
677,183.6731,187.5239,128.2761,130.2149,184.2297,128.1974,128.2429,127.1502,186.5932,180.2332,181.2212,130.7753
678,183.0258,186.8917,128.2318,129.2690,184.6560,128.4450,127.9016,126.9386,185.3778,180.6064,181.5356,130.7502
679,182.5626,187.8849,128.3700,129.2992,184.3471,127.6030,127.6710,127.2554,185.2793,180.4197,181.3303,131.0239
680,182.9096,187.2194,127.7937,129.2843,184.4672,127.0671,127.6841,126.9320,185.9311,180.6179,182.2264,130.9668
681,182.9373,187.0195,127.9129,129.9077,183.8688,127.1121,127.9207,127.6829,184.9827,179.8332,181.4487,130.6071
682,182.4463,186.7923,127.8218,129.8812,184.6924,127.2384,127.0769,128.5372,185.1007,180.1247,180.8623,130.7129
683,182.6071,186.2381,127.4032,129.8764,184.3248,126.6296,127.7612,128.1552,185.8705,180.1223,181.3164,130.6964
684,182.3104,186.4688,127.2409,129.8563,184.5308,127.2395,128.1501,128.5696,131.4985,180.5663,181.4110,130.8127
685,182.3070,185.9852,128.0694,130.2271,185.9434,126.6044,128.8135,128.9936,131.1277,180.9441,181.5305,130.1088
686,182.5490,185.7701,127.9194,130.8169,184.8712,127.0829,128.8933,128.5476,129.9881,180.7893,181.7524,129.7943
687,182.9925,186.9060,127.2093,130.4076,184.8612,127.5274,128.7693,128.1716,130.8163,180.4773,181.4028,130.1176
688,182.8862,187.0091,127.7669,130.9337,184.0382,127.5241,128.8246,128.0543,130.6539,180.8983,181.7592,129.4797
689,183.0019,187.3533,127.7378,130.1300,184.0841,127.5538,129.1097,128.1956,131.3763,180.0787,181.0801,128.4533
690,182.9483,186.7170,127.8179,129.8956,184.5954,127.9879,128.9353,128.0453,131.3346,180.8460,181.0906,128.8128
691,182.7798,187.2100,127.8914,129.2254,183.8254,127.4701,128.6625,128.2100,131.5343,180.0962,181.2045,128.5707
692,182.4690,186.7004,128.5884,129.5905,184.4875,127.7187,128.2803,128.5796,131.2266,180.4519,181.5605,128.4016
693,181.4530,187.0346,128.5850,129.2809,185.1504,127.3678,128.4075,128.4175,130.8250,180.6328,181.0217,127.4579
694,181.3984,187.2838,128.8438,128.7379,185.1291,127.9075,128.9356,127.8414,130.8412,180.4544,180.5794,128.0952
695,180.3944,187.0167,128.7926,129.5307,185.4122,128.6752,128.9455,128.2434,130.7293,180.4384,180.8229,128.4928
696,182.7471,187.2940,128.8350,128.8707,184.9453,128.5423,129.3778,128.3511,131.1777,180.1136,181.1060,128.7511
697,184.3150,187.0261,128.9709,129.5736,184.3755,127.7303,129.4677,128.5388,131.8810,180.7712,181.7255,128.2823
698,183.7901,186.9942,128.5504,129.6874,184.7774,128.4461,129.9750,128.2718,132.4892,180.0684,181.4725,127.9546
699,183.4091,187.3572,128.7846,129.3342,184.4964,128.5101,128.9974,128.3857,132.2084,179.7803,181.5889,128.2057
700,183.7119,186.9290,128.4654,129.6397,184.1161,129.4795,129.1771,128.2825,132.0821,179.4532,181.5805,127.3615
701,184.0743,187.5736,129.2334,129.6077,183.9830,128.8497,182.8643,127.5460,132.6865,179.3781,181.0251,127.9803
702,183.0555,187.4848,129.0366,129.8004,184.4631,128.7791,182.7209,127.9484,132.0715,179.9728,181.5196,128.8364
703,182.6939,186.4910,128.9069,129.7235,184.7200,128.8725,183.5300,128.0767,131.8880,181.6874,181.4651,129.0423
704,182.2148,186.8298,128.7047,129.2928,184.3906,129.1631,129.5201,128.4176,131.7123,181.0722,181.2012,128.6228
705,182.7521,187.3065,128.3426,130.0534,184.4923,129.0382,183.6213,128.3092,131.8987,180.6835,181.4157,129.1419
706,183.0914,186.4352,128.6588,129.7375,184.5065,128.8715,184.1369,128.2342,131.1947,181.0751,181.9713,127.8499
707,182.4507,187.1601,128.9855,129.9661,184.3185,129.6689,129.3580,128.8738,131.4318,181.1757,181.8195,128.4620
708,181.3434,186.9508,129.3707,129.3986,185.0267,128.6434,129.3310,128.5838,131.9021,181.2486,181.8847,129.1222
709,180.9810,186.3196,129.0477,129.1043,185.8595,128.1021,129.1224,129.1101,132.1752,181.5355,181.5095,129.1131
710,180.4627,186.5597,129.0418,129.7733,185.3337,127.8524,129.3319,128.7638,131.7848,182.4064,181.7752,128.5426
711,180.9843,186.2778,128.9150,130.0106,184.7006,127.7695,129.3289,128.8707,131.5825,181.7910,181.4407,129.0223
712,180.6917,186.9174,128.6296,129.8281,184.4315,127.7145,129.4683,128.9218,131.4970,181.3068,181.4695,129.1101
713,180.4806,187.3909,128.9124,130.4560,184.1213,127.4755,129.4114,129.6107,132.0337,182.1525,181.5781,129.1653
714,180.0741,187.6930,129.1060,129.8019,184.5108,127.1187,129.5998,128.7962,131.8766,182.5246,181.8105,129.4711
715,179.6633,188.4503,129.1652,129.9120,183.8703,126.8500,129.7197,129.6060,131.7445,181.3533,181.4296,129.3648
716,179.4227,187.8203,128.0129,130.4348,184.0324,127.2557,129.3095,129.5274,131.5765,182.0467,182.1890,129.4399
717,179.8306,187.1532,127.9851,130.2484,184.4024,128.0617,128.9181,129.5982,132.0560,182.3541,181.5360,128.9249
718,178.4001,187.2800,128.2450,130.5909,184.6091,127.7893,129.2754,129.8624,132.3056,181.7069,181.3325,128.3809
719,179.7164,186.6418,127.7020,130.0994,184.3421,127.9308,128.6768,129.5433,131.8702,181.8600,180.5831,128.4704
720,180.0951,186.9665,128.2765,130.1194,184.1118,127.8118,128.9476,129.5593,132.5658,182.3728,181.4788,128.6828
721,180.4343,187.1354,128.7145,130.6739,183.7906,128.1249,128.9098,129.2988,132.0169,182.4031,180.6168,128.0029
722,180.4628,187.1100,128.8855,131.2488,183.8707,128.2791,129.3403,129.4199,131.1832,182.6193,181.0652,128.7965
723,180.4177,187.3053,129.2866,130.5186,183.4313,128.4512,129.2736,129.4067,132.1883,182.9391,180.5920,128.7300
724,180.2772,186.2820,129.5703,130.3453,183.4947,128.1354,129.3199,129.2356,131.9390,182.7771,179.8632,129.1319
725,180.6713,186.9090,129.4104,130.7477,183.5439,127.9526,128.8653,129.2550,131.2768,182.3830,180.3978,129.3886
726,181.2995,187.1987,129.0806,129.9255,182.8541,127.8563,129.7136,129.5263,131.2888,183.7224,180.6438,129.6394
727,181.3543,186.7303,129.1253,130.1619,182.0448,127.7549,129.0066,129.0794,131.2895,183.8557,180.7140,129.4715
728,180.8496,186.2293,128.7064,130.0448,182.4364,127.7571,129.1292,129.4115,131.9662,182.9335,180.6036,129.2277
729,181.8756,185.8628,128.7221,130.1207,180.8121,127.6638,129.2187,129.0667,131.9073,182.3562,180.7642,129.5665
730,182.4796,184.3320,129.0423,129.7697,181.5799,128.2956,129.9921,128.1975,132.3033,182.0631,181.6072,129.4953
731,182.3700,184.8595,129.6353,129.2741,181.8252,127.7049,129.9927,128.5439,132.3550,181.9418,181.3980,129.1036
732,182.0982,184.9049,129.3177,130.1706,182.0384,128.3468,128.8931,128.4986,131.4288,182.0979,181.3014,129.6694
733,181.4238,185.7819,129.1179,129.7228,182.0973,127.6754,129.3621,128.2647,131.3218,182.2609,180.9999,129.1524
734,180.6462,185.5214,128.9733,129.6671,181.8957,128.5343,129.0676,128.1656,131.0428,181.7434,181.2727,128.6311
735,180.9557,185.2645,129.0367,129.6222,182.1383,128.1148,129.1157,127.9090,131.3685,181.6890,180.3828,128.3761
736,179.6665,185.6810,128.8813,129.8586,181.4030,128.7738,129.5285,128.2165,187.6853,182.0338,180.6573,128.6989
737,180.0818,185.5901,129.6213,129.2443,181.7600,128.6498,129.6451,127.1635,187.5225,181.7139,180.5989,128.1570
738,180.2086,185.3133,129.1977,129.7951,181.9489,128.7901,129.2273,127.5533,187.5652,182.1433,179.9139,128.3983
739,179.7968,185.7485,129.6490,129.8475,182.9196,128.7661,129.4259,128.1874,188.1271,181.3149,181.3229,128.2559
740,180.3947,184.9320,129.8688,130.0350,181.8707,128.1424,129.6220,128.3522,187.0371,182.2183,180.7604,128.8724
741,180.8125,185.1891,129.3947,129.2867,181.1683,128.5049,129.6331,128.8823,187.1341,181.0341,180.3125,128.1587
742,181.3265,185.6164,129.9846,129.3266,181.5982,128.2946,129.7131,128.0150,185.7895,179.8950,180.5569,127.9456
743,181.3379,185.1583,129.6848,129.1684,181.6402,128.2198,129.4569,129.2349,185.4805,180.4342,180.9657,127.3598
744,181.5052,184.4066,129.8514,128.6349,182.4847,128.2689,129.3273,129.7807,186.2622,180.5328,180.9420,127.3617
745,182.1299,185.1827,129.5185,129.8889,182.6256,127.8508,130.0312,129.5049,186.2798,180.8475,180.9303,127.4490
746,182.1574,185.2777,129.5676,129.4654,181.8397,128.2126,129.5828,128.9064,186.5745,181.5778,181.2431,127.7495
747,182.1343,185.3046,129.8591,129.4030,182.6548,127.8076,129.6361,128.6978,186.1463,182.1749,180.5723,127.4314
748,181.5296,184.9882,128.9990,129.7251,182.1718,128.4178,130.1631,128.0309,185.7408,181.7560,180.7976,127.5377
749,181.6987,185.9483,129.0427,129.8305,182.9336,127.3834,129.8832,128.9462,185.9563,182.3901,181.2065,128.5012
750,180.1263,185.7481,128.6594,129.5971,182.0549,127.7315,129.7832,128.5565,186.0372,182.0301,181.2027,127.9651
751,179.6275,185.3954,128.8597,129.5055,182.2797,127.4883,130.1977,128.1835,186.6658,181.6458,180.1148,127.7116
752,179.9315,185.9425,129.4580,128.7874,183.4327,128.4523,130.2644,128.5247,186.3037,181.9561,180.1630,127.9318
753,181.0448,185.5995,129.5322,129.1330,182.0982,128.9177,130.1148,128.8177,186.3477,182.1843,179.6815,128.0875
754,181.0227,185.9017,129.5068,128.5673,182.1331,129.1370,130.4729,128.6390,186.1354,182.0252,179.7119,128.2911
755,179.8806,185.8917,129.3470,187.2252,182.3375,129.2459,130.6268,128.7527,187.1359,182.4959,180.5816,128.1419
756,178.9966,185.3748,129.3518,187.3322,182.9293,129.5463,130.2881,128.4701,185.9276,182.6331,180.8672,128.1673
757,179.5558,184.2347,129.7133,188.2758,181.8122,129.3454,130.3706,128.5989,185.8709,182.6979,180.1106,128.6353
758,179.1549,185.2459,129.9090,187.1538,182.8413,129.2557,130.4003,128.6367,185.8031,182.8221,179.9548,128.5173
759,179.7508,184.9709,130.1140,187.4505,183.3299,129.8091,130.3669,128.7830,186.4223,182.5930,180.2843,128.4088
760,180.8829,185.6153,129.7103,188.4211,184.0274,129.8457,130.2379,129.4623,187.1440,182.9789,179.9272,128.0663
761,181.1173,185.1224,129.7631,189.4798,183.8501,130.7454,129.7731,129.0755,186.8336,182.7427,179.5830,128.7025
762,180.9137,185.1322,130.1296,188.8726,183.5620,130.1121,130.0098,128.8662,186.3101,182.3992,179.3936,128.6746
763,180.3190,184.9284,129.8823,188.4613,183.4831,130.1660,129.9581,128.6115,186.7851,182.1348,179.5315,128.8027
764,180.5667,184.3731,129.5176,188.6849,183.9675,130.1288,130.4310,129.1755,185.7981,181.5263,180.2237,128.4239
765,181.3099,183.4971,130.0333,188.9316,183.3632,130.6057,130.3555,128.8136,185.5817,181.7979,179.8777,128.5185
766,182.1885,184.2668,129.8016,189.1012,183.1611,130.3546,130.3147,128.2578,185.5308,181.6154,179.0877,128.0608
767,181.6754,184.6045,130.0243,187.8599,182.0023,130.7673,130.3700,128.8839,185.0283,181.4516,179.4896,128.3790
768,181.7296,184.4978,130.1411,188.0641,182.5381,130.5449,129.9875,128.7223,185.3616,182.1836,180.2604,128.3998
769,181.6323,184.8595,129.8126,130.3658,181.8072,130.2287,129.9501,128.8565,185.2403,182.0523,181.0193,128.9746
770,181.7504,183.8692,129.4459,130.0154,181.9962,130.1372,129.8452,128.1773,185.2085,182.3327,179.7263,128.2991
771,181.9226,184.4200,130.1211,130.2540,182.4696,130.1083,129.1497,128.6035,185.3279,182.0054,180.2100,128.8159
772,182.3051,185.0472,131.0439,130.5029,181.0549,130.2579,129.3921,128.6359,185.3323,182.4805,179.6876,129.3769
773,181.9546,184.7586,131.0025,129.6575,181.6588,130.5762,183.9890,129.3444,186.1335,181.8698,180.3716,129.1269
774,181.5854,184.3826,130.6418,130.4530,182.2459,130.5693,184.6956,128.8830,185.1463,182.0804,180.6262,128.0153
775,180.7194,184.6664,130.9021,188.4602,182.1347,130.4332,130.2703,129.0693,185.4056,181.4760,180.9055,128.6607
776,180.4577,184.7006,130.3884,130.1470,182.3837,130.5293,129.4050,128.8736,185.7400,182.3990,180.8599,129.0140
777,180.0919,184.7371,130.8340,131.2330,181.5339,130.2129,129.4599,128.4868,185.5664,182.9035,180.3334,128.4312
778,181.8834,185.3206,130.9501,188.1811,181.5431,130.3219,129.1993,128.1425,185.8572,182.8670,180.8057,127.8472
779,182.7786,184.7564,130.3718,188.7417,181.0711,130.1703,129.3228,128.6937,186.7218,182.4669,181.6614,127.5249
780,183.1066,184.3623,130.5473,130.3714,181.7511,130.5368,129.7891,128.1522,186.0629,182.2407,181.3049,128.0678
781,181.9807,186.3518,131.1412,130.6665,180.6062,130.7300,130.2022,128.2787,185.6567,181.7553,182.2007,128.3097
782,182.6506,184.7825,131.2873,130.7487,180.7090,131.2819,129.6726,128.2593,185.2833,181.8355,181.9047,127.8795
783,181.5759,184.6331,131.6824,130.8576,180.5020,131.2441,130.0024,128.7490,185.3242,181.9848,181.4106,128.6864
784,181.9318,185.5489,131.2552,130.1300,179.8574,131.2014,130.7162,128.2298,185.9283,181.9098,181.1055,127.7462
785,181.4077,185.0636,130.7535,129.4843,179.9933,131.0138,185.8754,127.9255,185.8754,181.7948,181.2155,127.8445
786,181.4083,184.7815,130.4613,129.6697,180.5414,131.1667,185.0017,128.1505,186.2419,181.9473,181.1497,128.5010
787,181.7183,184.7146,130.6861,130.0390,180.0167,131.3470,185.1760,127.9238,185.7108,181.3573,181.4531,128.6957
788,181.8603,184.0863,130.8397,129.7487,181.2213,130.8179,184.7363,127.5662,186.5436,181.5658,180.5964,128.6992
789,181.8129,185.9152,131.0102,187.7153,181.9718,130.7923,184.5278,128.4990,185.8865,181.4073,180.9688,127.7846
790,182.1944,184.9233,131.0844,186.5994,181.6604,130.5624,184.4885,128.4075,185.5755,181.1599,180.9232,128.6228
791,182.1297,184.6516,131.0918,186.3726,181.1537,130.5919,185.0278,128.8209,186.2362,180.6677,180.6444,127.7658
792,182.7267,184.6650,130.7992,129.6035,180.4533,130.4087,185.5289,128.6796,186.8488,181.7721,180.3971,127.8563
793,182.7245,183.4447,130.7422,129.8912,180.5886,130.3861,185.7108,128.0079,186.0466,182.3135,180.6502,128.3878
794,181.8928,183.7811,131.1136,129.6055,179.8839,130.4593,184.9761,128.1821,187.0886,181.0410,179.8733,128.5993
795,181.4859,184.9795,131.2150,129.6698,180.3023,129.5060,185.3196,128.3553,187.5475,180.6994,179.9857,128.0256
796,180.7602,184.3438,130.9162,129.2986,180.2383,129.6217,185.2678,127.6727,187.8724,180.4569,179.8116,127.9017
797,180.5687,184.8321,131.7325,129.8876,180.9469,129.7746,130.0787,128.2520,188.6520,181.0286,179.6407,128.4489
798,180.7311,185.0980,131.5342,129.6047,181.0357,129.5107,129.9597,128.1350,188.5767,180.8354,179.8036,127.5278
799,181.1756,183.8822,131.0526,129.6781,179.3411,129.4748,130.1698,128.4174,187.7045,181.2105,179.7738,127.6372
800,180.9073,184.2704,130.9584,129.2934,178.4747,129.6876,129.6826,127.9135,186.7241,180.7710,179.9125,128.2949
801,181.1437,183.6309,130.8972,129.4678,178.7749,129.7204,129.8652,128.1998,187.2709,181.2284,179.6612,127.6547
802,181.7423,184.6252,130.9856,129.2853,177.6356,129.7379,129.9111,128.6932,187.8573,181.1248,180.4638,128.4760
803,181.7763,184.8334,131.1424,129.5991,178.6902,129.1929,130.0689,128.4263,187.4307,181.3680,180.2227,128.9668
804,182.2283,184.2020,130.5311,129.2605,178.9732,129.2103,130.4731,128.5984,187.7570,181.4424,179.4920,128.8189
805,180.9706,185.2306,130.0392,129.0457,178.5399,129.6970,129.3515,128.4201,187.3351,181.2283,179.0767,128.7702
806,181.7978,184.7326,130.3722,129.1489,179.7232,129.2494,129.8876,128.2265,187.3732,181.0012,179.9851,129.2307
807,180.5706,184.4150,130.8801,128.4610,179.4223,129.6263,129.1020,129.2052,187.3869,181.5724,179.9637,129.5112
808,180.7340,184.3739,130.7000,129.9314,179.5686,129.7085,129.0284,128.6790,187.5143,182.2867,179.4574,128.4787
809,180.9266,184.5211,130.9030,129.2529,180.2970,129.3933,129.0670,128.2803,187.1411,182.1453,179.0812,128.7495
810,181.3844,185.0971,130.9151,129.2429,178.9176,129.8420,129.2135,128.9584,187.9267,180.8262,180.3052,128.3609
811,180.8573,185.0283,130.3161,128.4187,179.1796,129.3989,129.0454,128.7885,188.6554,181.8063,179.7204,128.8372
812,181.7935,185.4124,129.9527,128.0870,178.5239,129.4952,129.2250,128.5869,187.9731,181.0202,180.3493,129.7565
813,182.5909,185.2270,129.6288,128.1725,178.6453,129.4900,128.6111,128.4907,187.0809,181.0328,179.4623,129.1425
814,180.7703,184.6368,130.0591,128.8142,177.9725,129.2797,128.9631,128.3414,187.1446,180.6590,179.2322,130.0479
815,180.5316,185.5589,130.4684,129.0562,126.7280,128.5572,128.5192,128.2486,187.2471,181.0941,179.2555,130.0029
816,180.9769,185.1764,130.5048,128.9957,127.1445,128.6216,128.7338,128.7522,187.4830,180.7880,180.0198,129.9589
817,181.1886,185.4895,130.4710,129.2245,126.2683,129.0821,128.5226,128.8353,187.2266,180.7276,179.8761,129.4469
818,181.3937,186.2131,129.5362,129.2849,126.3928,129.1691,128.8233,128.1335,187.5445,181.0159,180.1555,129.5303
819,181.1470,185.6128,129.9426,129.1003,126.2053,128.8159,128.7039,128.4812,188.1052,181.1083,180.2271,129.6730
820,180.9860,184.8654,130.0715,128.9556,125.4458,128.9225,129.0137,128.7389,188.5062,181.6518,180.2832,129.4604
821,181.4130,185.1493,129.6115,129.0576,125.8179,128.6859,128.9652,128.9521,188.5419,182.3231,180.0931,129.9229
822,182.0129,185.1929,129.5416,129.4477,126.2744,128.8003,128.9434,129.3479,187.7558,181.5275,180.1595,129.9733
823,181.5037,185.5815,130.4184,128.7605,126.0492,128.7910,128.8897,129.1493,188.1003,181.6896,179.9998,129.7265
824,181.6486,184.9217,130.5265,129.3050,126.3682,128.9272,128.6318,129.7210,187.8243,181.9555,180.0146,130.2478
825,181.8677,185.2628,129.8779,129.2957,126.5521,129.0500,128.3098,129.8687,188.4594,181.4458,179.4220,129.5519
826,181.7290,185.7501,130.4772,129.0950,126.8812,129.2727,183.3605,130.0130,187.6688,181.3103,179.0943,130.6416
827,181.3650,185.7577,130.1143,129.3570,127.1029,129.0444,183.6730,130.3275,187.3704,180.6481,179.1364,129.5266
828,180.8706,185.1581,130.1803,129.4441,127.0905,130.0347,183.7724,131.0012,188.0764,180.6429,178.7290,129.8411
829,180.9194,185.1503,130.5309,129.4463,126.8468,129.1449,183.6866,130.6853,186.5854,181.1646,179.0112,129.9805
830,181.5343,184.4261,130.1705,130.0479,127.1668,129.4241,183.4941,130.8568,187.8463,181.0181,179.3105,130.2244
831,181.4294,184.9735,129.9377,130.2982,128.1243,128.6676,183.4659,130.1948,187.1202,181.3391,178.8681,130.3325
832,180.8251,184.3882,130.9149,129.7172,127.6368,128.5252,128.9063,130.5324,187.4261,180.2850,178.9394,129.9325
833,180.6968,185.5796,130.7912,129.2534,127.2189,128.4662,129.2267,130.3168,187.7852,181.2625,178.4362,130.1517
834,180.7957,185.3301,130.9269,129.8574,126.7927,128.2622,183.3512,130.3629,187.7176,181.1914,178.3453,130.0694
835,180.8092,185.2427,131.2531,129.0888,126.6844,128.7576,183.1559,129.8449,187.0539,180.8539,178.8922,129.5741
836,181.2849,185.1393,130.9344,129.3400,126.8662,128.5678,183.0006,129.5417,186.7754,181.0499,178.9104,130.1562
837,181.0171,184.8245,131.3023,129.5986,126.8497,128.5832,183.0681,130.1787,186.6004,181.1119,178.4304,129.9257
838,181.6528,184.6991,131.7085,129.3067,126.5076,129.0053,183.6508,130.0692,186.5132,180.4063,178.2491,130.2008
839,181.8835,185.7323,131.4161,130.1007,126.1783,128.7982,129.2581,130.0933,186.3830,180.6920,177.6579,129.5161
840,181.4645,185.3092,131.5501,129.9588,126.4370,128.8782,183.4108,130.0061,186.6354,181.1275,178.2427,129.5002
841,181.7584,185.8027,131.1561,129.7186,126.6408,129.6855,128.9884,130.3450,186.3882,181.0879,177.8760,129.3366
842,180.9565,185.9785,130.9556,129.5199,127.3172,129.5459,129.3831,129.6745,185.7290,181.5565,178.8765,129.0716
843,180.9271,185.8244,131.8030,129.2174,127.1247,129.3377,183.9207,129.9404,186.1056,180.4891,178.8181,129.6588
844,181.7476,185.5846,131.4435,129.0800,126.9626,129.5921,183.0688,129.8360,185.3107,180.9942,179.4286,129.1877
845,181.5800,186.0361,130.8991,129.3825,127.0309,129.6571,183.1591,129.7151,185.6087,180.5449,179.5150,129.8506
846,182.6438,185.4408,130.8597,129.1218,126.9774,129.0592,182.7932,130.0789,186.3253,181.0939,179.5429,129.1987
847,182.2943,185.3359,131.0201,129.7357,127.5091,128.7946,182.7713,130.2342,186.8898,181.5351,180.3799,129.6426
848,183.1235,184.6248,130.7597,129.8186,127.0960,128.5833,183.3158,129.6801,186.8127,182.0756,179.8660,129.8310
849,182.8394,184.1530,131.0135,130.1974,126.4146,128.7500,183.7504,129.6729,187.4133,181.8219,179.1999,130.0342
850,182.1080,183.8895,131.4286,130.5415,126.0887,128.9351,183.9329,129.1884,188.0856,182.2406,179.8159,130.2534
851,181.9882,184.6488,131.8975,130.5741,126.9983,128.9171,183.1503,129.6240,187.8518,183.0825,179.1451,129.8699
852,182.2839,185.0989,131.7208,130.2291,127.3752,128.6704,184.0687,129.7333,189.2890,182.1365,180.1139,129.3378
853,181.9089,185.1946,131.0344,130.2367,127.7428,128.9672,183.6548,129.6520,188.2493,182.5747,180.0112,129.0685
854,182.8585,184.5502,130.8204,130.2063,126.8838,129.4450,184.3392,130.1355,188.4455,182.6765,180.2622,129.4913
855,182.2131,183.9757,130.7814,130.1076,127.3837,129.2310,183.5873,129.8407,187.7725,183.0063,180.1539,129.2941
856,182.9528,184.1124,130.8002,130.2005,127.4506,128.4643,183.5451,129.2604,187.8141,182.9034,180.0588,129.1264
857,182.6006,184.4546,131.1110,130.8562,126.5083,128.5603,183.8899,129.1552,188.2549,182.5626,180.0560,129.0957
858,181.1489,184.7313,130.9872,131.5814,127.0974,127.9224,183.9314,129.3824,187.3387,183.1383,179.5266,129.2710
859,182.9503,184.7887,131.0069,131.4568,127.0786,127.9422,183.8149,129.4136,186.7270,182.3599,179.5001,129.4276
860,182.6903,184.3358,131.6856,130.9025,126.5107,127.8024,183.3648,129.3971,186.6447,182.9620,179.1744,129.3723
861,182.5795,184.6581,131.1575,131.2780,126.4637,128.8354,183.4997,129.3075,186.8752,182.7504,179.4206,128.7883
862,183.3484,185.2336,131.8316,131.5888,126.1102,129.0363,183.8403,129.1127,186.3969,182.8084,179.1675,128.5089
863,183.6218,184.4248,131.5935,131.0003,125.5193,128.3099,184.2395,129.1130,185.5763,182.4812,179.0579,129.7787
864,183.3415,184.1341,131.5923,131.1170,125.2990,128.6394,182.7903,129.1850,186.9772,182.8172,179.9276,129.2849
865,183.8813,184.1325,131.1382,130.5970,125.4855,129.0944,182.3030,129.5462,186.6181,182.8647,179.6245,128.6794
866,183.7131,184.7544,131.0892,130.8816,125.6325,129.2892,182.3545,129.8425,187.0054,183.2136,179.3931,128.2101
867,183.1825,184.9877,130.9339,131.7147,124.8579,128.8738,182.6822,129.6219,185.9332,182.8254,179.8078,129.1382
868,183.2857,184.7472,131.2776,131.8633,124.9938,129.1598,183.1607,130.4984,186.6667,182.7098,179.2704,129.1229
869,183.9527,185.4513,131.3823,131.7501,124.5253,128.9076,129.6346,129.6453,187.2257,183.4389,179.2314,128.8518
870,184.0795,184.9203,131.5794,131.0864,125.4662,128.8581,183.1956,130.3633,187.6683,182.9128,179.8437,128.9301
871,183.4318,184.2847,131.1524,131.2873,125.2427,128.8858,183.4043,130.5669,187.1916,183.1476,180.6186,129.3155
872,183.2444,184.3849,131.5903,130.9648,125.7827,128.5289,183.1815,129.9714,186.6611,181.9687,180.9373,129.5082
873,183.2684,184.2715,131.7942,131.3865,125.2901,128.9908,183.2907,130.2817,187.1758,181.9361,180.9562,128.8864
874,182.1022,183.6722,131.0421,131.1327,125.2097,129.0003,183.5064,130.7739,186.3469,181.8002,180.7995,129.5797
875,182.4924,184.2648,131.3399,131.0134,124.7845,128.1008,183.0338,131.3098,186.1627,181.5862,180.7038,129.1757
876,182.4989,184.0400,131.3045,131.3809,125.3049,128.3293,128.0913,131.7053,185.3775,181.0951,179.9702,129.3998
877,183.0690,184.0596,131.2181,130.9924,125.3950,127.9506,128.4698,130.7183,185.6656,181.5682,180.1078,128.9139
878,184.0646,184.2446,130.4297,130.6928,124.9488,127.9750,128.3466,130.8692,186.7001,181.3499,179.6517,129.9062
879,183.4836,184.5027,130.8184,129.4028,125.2026,128.0836,128.1472,129.9441,187.2167,180.9334,179.1591,129.3874
880,183.2653,184.2324,131.3838,129.9018,125.0832,127.7234,128.4105,128.9230,186.6923,180.8088,179.7747,128.8009
881,183.1737,184.0244,130.9577,129.4411,124.5483,128.1385,128.6635,129.4036,186.6799,180.9393,180.2820,129.3249
882,182.7823,184.0866,130.9833,129.5931,124.7244,128.5580,128.5539,129.2463,187.3422,180.9395,180.0194,129.4439
883,183.5226,184.0285,130.7705,129.3906,124.9065,128.7432,128.6938,129.0562,186.8877,180.9693,180.1452,129.7057
884,183.4273,185.0319,130.7184,130.0298,125.1882,128.4955,128.5177,129.7013,187.4674,181.4226,179.7723,129.3881
885,182.9200,185.7818,131.1382,130.5011,125.7385,128.5684,183.0151,130.4659,186.5109,181.5012,179.3031,129.5674
886,183.8376,184.7762,131.1405,130.2409,127.0202,128.6212,182.9016,130.0040,186.1396,181.2464,180.2325,130.1030
887,183.7215,184.8295,130.9750,130.2055,126.9282,129.0080,182.2117,130.0798,187.2532,180.8511,180.6309,129.4781
888,184.5596,185.4102,130.3948,129.5939,125.3821,129.1485,183.3732,130.2318,186.4832,181.0810,179.8841,130.2415
889,184.4566,185.2015,130.1210,130.8301,125.7222,129.3305,184.1665,130.0659,186.2664,180.7846,180.0467,129.8724
890,184.9985,185.5268,130.7194,130.7670,126.0690,129.4704,129.7339,130.2229,185.9288,180.0500,180.4585,129.7792
891,184.2209,185.1857,129.9537,130.3897,126.3914,129.1736,128.8994,130.5114,186.6279,180.2094,180.3781,129.7973
892,183.3248,185.3377,130.3011,131.2134,125.6299,128.9170,129.6732,130.6297,187.1234,180.2306,180.6927,129.8133
893,183.8611,184.7206,129.9532,130.0871,125.5968,128.9652,129.0401,130.6097,186.6747,179.7984,180.0882,129.5466
894,183.7145,184.6298,130.7960,130.0960,125.7724,128.4053,128.3854,129.9617,187.2199,180.8733,180.2647,129.7961
895,182.1766,184.2951,130.2286,130.6083,126.2526,129.0283,128.8803,130.1566,187.1546,180.2152,180.1621,129.3809
896,183.1875,184.2986,130.0053,131.3739,126.2091,129.2121,129.3959,130.6893,187.1724,180.2365,180.8005,129.8449
897,183.2364,184.8274,130.7783,131.3119,126.6553,129.1065,128.6530,130.2123,187.1863,180.3281,180.3703,129.6484
898,182.7259,184.2154,130.3445,131.2423,126.7708,129.2768,129.0533,129.4162,187.5200,181.2725,180.8538,129.4493
899,183.2000,183.4143,130.9533,130.9675,126.9473,129.0387,129.3840,130.6164,188.0542,181.4521,181.3509,129.7647
900,182.2039,183.3786,131.1073,131.8797,126.0772,129.4906,129.2735,130.5464,187.3721,181.2591,180.8459,130.9881
901,180.8382,184.2428,130.4592,131.1853,126.7194,128.1988,128.7657,129.7111,186.6979,181.8835,180.5970,130.4635
902,179.9343,183.8942,130.5147,130.6401,127.2072,128.7527,128.6216,129.9576,186.8401,182.0680,181.2435,130.5476
903,180.2398,184.1053,130.7748,130.7538,126.4209,128.1670,128.7114,130.0780,186.2765,181.1320,181.2848,130.3018
904,180.7621,183.5896,131.0354,130.4849,127.3780,128.3414,129.4118,130.1734,187.0195,180.8061,181.1720,130.5461
905,180.5742,184.8799,131.0852,130.5194,127.4926,128.3488,128.5493,129.7983,187.4173,181.2543,181.1422,130.3239
906,180.8599,184.5634,131.0948,130.8122,128.0239,128.5920,128.8650,129.4452,187.7298,180.9478,181.5735,130.1131
907,181.0744,184.8900,131.2951,131.0755,127.4917,128.4096,128.0876,129.7815,187.5333,181.4560,181.4705,129.8480
908,180.7271,184.4657,131.0845,130.2733,127.0104,128.1881,128.4034,130.0205,186.3774,181.6568,181.7307,129.9307
909,180.6614,184.2480,130.9811,129.3727,127.4311,128.2717,128.0288,130.2047,186.4530,182.0675,181.0279,129.8492
910,179.7042,184.9533,131.1435,129.7876,128.2474,128.0799,128.5749,130.3204,187.2566,182.2108,181.4029,130.1807
911,180.1270,184.4377,131.9606,130.8497,127.8281,128.2122,127.7152,130.2678,187.2353,182.6227,181.1754,130.8155
912,180.7314,184.3552,131.6183,130.0009,127.7393,128.1479,127.7529,130.0389,186.5167,182.1413,181.4665,130.4571
913,180.6474,183.9003,132.1116,130.4253,127.7477,127.9323,127.5899,129.7305,187.0065,182.8867,181.8243,130.5660
914,181.9090,183.6591,132.2836,130.6111,128.3354,127.5838,127.3130,129.1741,187.7773,182.7229,181.5780,130.6025
915,181.6960,184.2201,132.3291,131.4265,128.1691,127.2114,127.8735,128.9589,187.5828,182.4419,181.7676,130.9894
916,181.0771,184.9455,132.5333,131.5020,127.8545,127.5903,127.8264,129.4680,187.0606,182.5275,181.2942,130.8384
917,181.4912,183.9364,131.6903,131.6890,128.2432,128.0250,127.7227,129.9135,187.2108,182.9065,181.2758,130.4551
918,181.9114,184.1484,132.2245,131.4552,128.2141,128.1807,127.9003,130.2260,187.4573,183.4545,181.3580,130.5372
919,182.1377,184.3341,131.8471,131.3643,128.8201,128.1045,128.1456,129.5477,187.2579,183.5832,180.9525,131.0274
920,182.4387,183.8435,132.4907,131.0697,128.2250,127.9319,128.0487,129.4781,187.6356,183.6464,181.6755,131.2730
921,182.9380,182.8393,131.8151,131.9173,127.9865,127.7898,127.8877,129.5061,187.0252,183.0315,181.2356,131.1639
922,182.2042,183.7323,131.2306,131.4471,128.1881,127.4924,128.3008,129.7058,186.2465,182.3795,181.0275,131.2884
923,183.3704,183.5659,130.8717,131.2659,128.5642,127.6939,127.7865,129.2377,187.5827,182.6484,180.7692,131.4122
924,183.3096,183.7825,131.0407,131.5313,130.2894,127.6374,127.6038,129.3316,188.0511,182.9933,181.0835,132.1839
925,183.9264,184.4287,131.9231,132.1648,129.6242,127.7116,128.0685,129.4890,187.1787,182.2464,180.7821,131.5390
926,183.3345,183.9262,132.0223,131.8246,128.4033,128.0053,127.8411,129.4020,186.9669,182.4766,181.5604,131.8048
927,182.9773,184.3113,131.7341,132.1734,128.5203,128.3424,128.2633,129.5932,187.3347,182.7545,180.8730,132.5507
928,184.5264,183.6943,130.8253,132.8228,128.0830,128.4695,128.7551,130.1819,186.6120,182.3055,180.3409,132.3841
929,183.6994,184.3726,130.7317,132.1131,128.7130,128.5993,128.2763,130.2460,187.6013,182.2725,180.7561,132.2958
930,184.5200,184.0290,131.2355,132.2891,129.1448,128.4044,128.7468,129.6110,186.9808,182.1716,181.1131,131.8343
931,184.3488,184.2797,131.0991,132.1361,128.7786,128.0609,128.5505,129.3797,187.8678,183.5081,180.1718,132.0942
932,184.0173,184.4967,130.3845,132.1747,128.9480,128.6649,128.4599,129.5931,187.4365,183.3221,180.0243,132.6130
933,184.5554,184.7072,131.2199,132.1725,129.5179,128.7233,128.0360,128.9991,188.1271,183.8517,179.6089,132.4068
934,184.3156,184.4755,131.2353,132.1619,129.6039,128.7009,127.6056,129.2606,187.4903,182.7188,180.2932,132.7547
935,184.1950,184.6077,131.6196,131.8037,128.9908,129.6800,128.0917,128.0904,187.2463,183.3556,180.3992,133.2062
936,183.8407,184.9008,131.2118,132.0810,129.7585,129.7338,127.7969,129.6495,187.7475,183.5121,180.4656,132.7885
937,184.0746,184.2747,131.4485,132.8248,129.2659,129.5890,127.3966,129.8767,187.8424,182.8318,181.0775,133.1776
938,183.8740,184.2353,131.7754,132.9458,130.1697,129.6139,126.5754,128.8985,186.9024,182.8956,180.6605,132.5504
939,183.7749,183.7223,130.9180,133.0826,129.6822,130.1853,128.0442,129.8568,187.9394,182.9776,181.0875,132.7384
940,182.7840,184.2882,130.1821,131.8338,130.0095,130.2346,127.7908,130.2440,187.4232,182.8087,180.6830,133.1594
941,182.2231,183.2526,129.7262,131.3666,129.4602,130.1871,127.7656,129.7404,188.1194,183.0780,180.4834,133.8559
942,182.5665,183.7183,130.5625,131.9167,129.5039,130.5547,127.5997,130.3929,187.4803,182.7260,180.9910,133.9668
943,181.9957,183.6069,130.6807,131.7041,128.9539,129.8064,127.6495,130.3971,187.6354,183.2651,180.4823,133.4384
944,182.3993,184.8879,129.9117,131.1490,129.2154,129.2613,128.1159,130.6822,187.4809,182.8112,180.1319,134.5291
945,182.7742,184.5745,130.1511,131.7048,129.2114,130.0742,127.8459,129.9905,187.4660,183.6112,180.4384,132.3146
946,182.9724,184.3457,130.3359,131.7637,129.1646,129.8265,128.4135,131.1880,187.2631,183.1460,180.4954,132.8209
947,182.9758,184.5337,129.6711,131.8263,129.2305,129.6636,128.5381,131.0699,188.2752,182.9322,180.0184,132.7355
948,183.3736,185.2733,129.4838,131.4102,129.6790,129.3406,128.9104,130.3346,188.2167,183.4329,179.9738,132.7722
949,183.2834,185.0303,129.9474,131.8170,129.6672,129.5104,128.9221,130.3448,187.8956,184.0853,180.3695,132.1593
950,183.2188,185.2020,130.1521,130.6220,128.8087,128.8931,129.1807,129.8081,186.6150,184.0671,180.9884,132.7503
951,182.6642,185.1392,130.3797,130.7577,129.3182,128.8844,128.3356,129.4396,186.7799,184.2811,180.9683,132.1599
952,182.6729,185.2212,130.0734,130.7290,129.5322,129.3469,128.9699,129.3767,186.9771,183.9749,180.7838,131.9379
953,181.9443,185.1512,129.4579,130.7023,128.7836,129.7752,128.7561,128.8484,186.7267,183.3716,180.1997,131.5694
954,181.5682,185.1437,130.2123,130.7631,128.3101,129.8127,128.6218,128.7221,187.3585,183.4078,180.1020,131.9818
955,181.4953,185.1704,129.6988,130.8645,128.9693,130.6803,128.5441,129.1464,187.4633,183.2313,179.9672,131.8009
956,181.6784,184.3891,130.0858,130.7596,128.4966,130.2537,128.5916,129.7799,186.6281,183.7403,179.3086,132.9105
957,181.2048,186.1707,129.7726,130.6348,128.7140,130.5167,128.5644,130.0722,187.0964,183.5838,179.3883,132.2948
958,181.8281,184.1880,129.8482,130.1675,129.3231,129.7600,128.6506,129.7030,187.4641,183.5121,179.6939,132.0156
959,182.2070,184.8501,129.2639,130.4175,129.6931,130.8892,129.1047,130.2092,186.8044,183.1437,180.3121,131.7220
960,182.3336,184.9772,129.1129,130.9428,129.7700,131.4485,129.1614,129.3188,186.1979,183.6181,180.5884,131.3880
961,181.6257,184.7529,128.7177,130.7698,129.0407,130.7992,129.0195,129.6541,186.0265,183.3497,180.7412,131.3525
962,180.6702,184.4855,129.2762,130.5018,129.8818,130.3965,128.8219,129.6218,186.5701,183.1615,180.1501,130.9222
963,180.7921,184.5145,129.8078,131.0511,129.2738,130.6027,128.7340,129.6763,187.2070,183.5840,180.3349,131.0123
964,181.1679,184.5941,130.0530,131.1895,129.2437,131.2104,129.0028,129.3710,187.6978,183.5206,180.0482,130.7125
965,181.1306,184.3271,129.8075,131.3079,128.3327,131.7865,128.3866,129.5050,187.5524,182.9081,179.9005,129.9335
966,181.3335,184.1862,129.5545,131.1217,128.5922,131.0854,128.7679,129.5183,187.5651,182.6189,180.4339,129.9778
967,181.6325,184.6959,130.2246,131.1051,128.9199,130.7688,128.6736,129.7975,188.5301,182.0595,180.7509,130.0863
968,182.3126,184.0480,129.7543,131.1989,129.2964,130.6641,128.5707,130.7717,187.8873,182.5044,180.8902,130.0890
969,182.0677,184.3194,130.0690,129.8969,129.2814,131.1420,128.1510,130.6204,187.4536,182.6162,180.9438,130.1735
970,180.7124,184.9265,129.7053,130.2705,128.7292,131.0401,128.4720,130.9576,187.3689,182.1738,180.7037,130.9703
971,180.9651,184.6485,129.3507,130.3277,129.3487,131.1489,128.9425,131.0367,187.4558,181.9348,180.9649,131.1693
972,180.7975,184.8307,129.3689,130.1525,128.2803,130.5665,129.4944,130.7319,187.8841,182.3551,181.1244,131.7543
973,180.5103,183.5568,130.1823,130.5538,129.0772,130.4747,128.5003,132.0279,187.8480,182.3046,181.4136,131.4614
974,180.8695,183.7667,129.8535,130.7182,129.8452,130.4928,128.9446,132.0964,186.9605,183.2150,181.2817,131.2638
975,181.8968,183.4659,129.8001,130.9132,130.3232,130.4441,128.8846,131.5464,187.0227,182.7322,181.0792,131.4883
976,181.5587,183.8015,130.1238,131.1829,130.4870,130.5135,128.8844,130.9663,187.6494,182.7328,181.0795,131.4079
977,180.9911,184.1640,129.8359,130.9325,130.9712,129.9357,128.6842,132.0832,187.5969,182.7148,181.1628,130.8938
978,181.2189,184.6647,128.7026,130.9243,130.9294,130.5449,128.5917,133.1774,187.6001,183.3779,180.5053,130.7265
979,180.7215,184.0273,128.5326,130.4848,130.9553,129.9074,128.5142,133.2910,187.7106,183.3533,179.7810,131.1537
980,180.0017,185.2895,128.6853,130.5080,130.8034,129.7823,127.9376,131.8002,187.6313,183.4808,179.6817,130.3056
981,180.8269,183.4074,129.0783,130.7190,129.9761,129.8247,127.2640,131.1353,187.6877,183.2620,179.7993,129.4176
982,180.8375,184.1836,129.8503,130.1065,129.9782,129.7819,127.9969,130.8906,187.9208,183.2709,179.1704,129.6265
983,180.7481,184.4029,129.6936,130.5855,129.8696,130.5673,128.4382,131.0688,187.8553,183.6684,179.1438,130.1740
984,181.8772,184.9868,129.6288,130.1390,129.4917,130.6362,128.1769,131.1823,187.3561,183.4911,179.2326,130.1637
985,181.9315,184.7585,129.8972,129.6870,129.4898,130.1589,127.9045,131.2170,187.1302,183.5120,178.9693,130.1184
986,181.7918,184.6949,130.5369,130.1567,130.0162,129.7671,127.7113,131.6721,187.7167,183.9117,179.3087,130.4334
987,181.8659,184.8648,129.7340,130.9499,129.9616,129.9535,128.2309,131.6421,188.2654,183.5763,179.0190,130.8958
988,181.9472,184.2308,130.3132,130.5784,180.2587,130.6068,127.9836,131.1212,187.3105,184.2708,180.1890,130.9561
989,180.9206,184.3452,129.8096,130.1771,130.6036,130.0237,128.4789,131.6726,187.0267,185.0569,180.1744,130.9231
990,181.3529,183.8782,130.4476,129.8728,180.6486,130.3405,128.4767,130.5330,187.4618,184.8755,179.3278,130.9916
991,181.6356,183.8424,130.5225,130.3073,180.8055,129.8405,128.8589,131.3580,187.4515,183.8341,179.0462,130.9037
992,181.7739,183.1465,130.7409,129.8145,129.8112,129.9979,128.8855,131.2629,187.3802,184.1395,179.5512,131.2194
993,182.3803,182.9376,131.2894,130.3199,181.6102,130.2800,128.9347,130.9995,187.8488,183.0190,179.8549,130.4106
994,181.5635,182.8547,130.9411,130.2068,180.9980,130.4491,128.9754,131.1107,187.3863,183.3381,179.4182,131.1882
995,181.5293,183.0514,131.3202,130.3692,180.8449,130.2284,129.0601,131.0212,187.6835,183.1499,179.4426,130.7685
996,182.1156,183.1145,131.2803,130.7954,181.4867,130.3716,128.7627,130.2386,187.5772,183.3132,179.9690,130.8527
997,181.5014,183.4555,131.7397,130.5008,181.6436,131.0274,128.0386,130.0450,187.3388,183.5888,180.4384,130.3407
998,182.0786,183.9465,130.7686,130.5127,180.4248,130.3813,128.3011,129.7398,187.3991,183.3252,180.3829,130.9304
999,182.0296,183.4690,130.3821,130.0174,181.8341,130.8770,128.6882,129.9337,188.3830,184.1306,180.0689,131.3122
1000,182.2904,183.4752,130.5434,129.6331,180.5214,130.5795,129.4317,130.5751,187.1954,184.1086,180.4415,131.3365
1001,183.7752,184.0960,130.7511,129.1731,180.9764,130.2679,129.2238,130.0244,187.9268,184.5069,180.4473,131.1804
1002,184.2331,183.0000,130.9393,129.4661,181.1276,130.4459,128.9536,130.4642,187.9197,183.6029,180.9327,131.0489
1003,183.4480,183.2733,132.0689,128.9011,181.5597,130.1313,129.0027,130.2837,187.7264,184.3981,181.0443,131.2281
1004,183.7186,183.3922,131.2827,129.4853,180.8729,130.2143,129.2944,130.2673,187.4403,183.8870,181.5808,130.3611
1005,183.7142,183.5147,131.5307,129.7263,181.6438,130.5183,128.7414,130.0139,187.7868,183.8571,181.3248,130.3341
1006,182.8680,182.8077,132.0065,129.5042,181.9752,130.9749,128.5534,129.5176,187.8243,184.3305,181.0601,130.8017
1007,183.3336,183.2326,131.9232,129.2064,183.6000,130.2653,128.9252,129.0889,188.0845,184.7414,180.4420,131.1688
1008,182.5342,183.9794,132.2035,129.7537,182.4548,130.1781,128.6597,129.0217,187.3677,184.5726,180.5485,130.4476
1009,182.8208,183.6466,131.8976,129.4041,182.1067,129.6774,129.1896,129.0106,187.0178,184.1536,179.9032,130.7925
1010,182.9217,183.7693,132.0411,130.1424,182.9144,130.1872,129.2669,128.9764,187.2908,184.2069,179.8892,130.6410
1011,182.6527,184.0483,132.2338,130.1593,182.2045,129.5553,129.2625,128.6807,187.8848,184.6173,180.2776,130.9433
1012,182.5219,184.3468,133.4066,130.6027,180.9193,129.2641,128.8876,128.4062,186.2003,184.7853,180.1520,131.0714
1013,182.5504,185.1291,132.9041,130.6443,181.2666,129.2297,128.6795,128.5725,187.0776,184.5732,179.9824,130.8367
1014,183.2433,185.0384,131.8806,130.7358,180.5315,129.3815,129.3769,129.8697,186.6384,184.6534,179.9333,131.2233
1015,183.2835,185.3284,131.7134,131.4243,180.3793,128.6752,129.1817,130.2019,185.5443,185.2755,179.8804,130.8802
1016,183.1364,185.5590,131.7066,131.0188,181.3862,129.4088,129.4072,130.1494,186.2316,184.7984,179.2141,130.8509
1017,184.1566,185.1743,131.5937,131.0857,181.7694,129.4526,129.0594,129.8728,187.0566,184.9769,179.2195,131.0435
1018,183.4220,185.4595,131.3853,131.1666,181.5674,129.1705,129.6161,129.4856,186.1727,184.7956,179.4982,131.4133
1019,182.9258,184.5882,131.4167,130.3912,181.9302,129.3345,129.0896,129.5335,186.3144,183.9976,179.5799,131.3534
1020,182.7016,184.3498,131.2386,129.8615,181.5736,129.9299,128.9679,129.4150,187.0694,184.0590,180.0317,131.5875
1021,183.0651,184.2710,130.8227,130.3158,182.0881,129.6126,128.9888,130.3855,186.9729,183.5047,179.3283,131.8732
1022,183.4858,184.5276,129.9474,130.3582,180.5179,129.0916,128.4746,130.3019,186.7832,184.2346,179.6564,131.2865
1023,183.6057,184.8069,129.6639,130.5819,181.8469,129.8169,128.9665,130.7383,186.8447,184.7213,179.7379,131.9495
1024,183.6086,184.8148,130.7545,130.0000,180.8303,129.1057,128.5221,129.7846,186.8651,185.1187,179.0009,131.5232
1025,183.2968,185.1733,130.6370,129.6156,181.2594,128.9152,128.9946,129.2694,187.7329,184.5681,179.4284,131.3189
1026,182.2602,184.6472,130.4224,130.2499,128.3067,128.6469,128.4339,129.2437,187.3537,184.2216,179.1171,131.1301
1027,182.0653,184.3286,131.0495,130.6653,128.1362,128.9935,128.6571,129.3468,187.2865,184.4542,180.1079,131.9410
1028,182.5606,184.7196,131.3588,130.3643,129.2106,128.7889,128.2096,128.2720,186.8614,184.3797,179.0989,131.5584
1029,181.8325,184.7426,130.9785,130.0739,128.4099,128.7759,128.2417,129.2065,187.7983,184.3979,179.5203,130.9468
1030,182.0407,185.0919,131.0233,130.1905,128.7098,129.1091,128.2335,128.5286,187.5592,183.7400,179.5763,131.3637
1031,182.0001,184.5885,130.6149,130.2366,129.2090,129.1329,127.9808,128.2784,187.7339,183.8895,179.4134,130.2646
1032,180.9789,185.3787,131.4377,130.3270,129.0063,129.2125,127.9083,128.4174,187.7004,183.1942,180.5359,130.8045
1033,181.8563,185.3692,131.3603,129.4393,129.6896,128.6742,128.1992,127.7808,188.1176,182.6164,180.9302,131.2993
1034,182.4401,184.3169,130.5716,129.6921,129.3887,129.5498,128.5375,128.4730,187.2678,182.1073,180.6304,131.1915
1035,183.1159,184.0222,130.2071,129.9329,129.3827,129.0287,128.3276,127.7475,188.2193,182.1315,180.1540,131.6838
1036,182.9172,183.7851,129.4473,130.3156,128.9788,128.9176,128.5463,128.8220,188.0949,182.1040,180.6146,131.8294
1037,182.7210,183.9704,130.0452,130.8585,128.5976,129.2448,128.7117,128.7340,188.2157,182.3970,180.1573,131.8011
1038,182.7170,184.3039,130.9890,130.5863,129.7427,130.0255,129.0519,128.6201,187.6211,182.9024,179.3234,131.7940
1039,183.7154,184.4713,130.2444,129.6767,130.5634,129.7220,129.1534,128.5575,187.0928,181.7612,179.9166,131.8168
1040,184.3295,184.1890,130.3303,130.3243,129.4919,130.1574,129.4708,129.1731,186.9664,181.9382,180.1983,131.5677
1041,184.5455,184.2469,130.6175,129.8571,130.0005,130.2248,129.4172,129.8174,187.5543,182.1382,179.7442,131.0384
1042,184.3799,184.2561,130.6028,129.6812,130.0865,130.3237,129.3141,129.1564,185.8815,183.1321,180.6843,131.6242
1043,183.4111,184.4099,132.0167,128.9315,130.6174,129.5814,129.1553,129.4808,186.2049,183.2152,180.3082,131.8007
1044,183.7639,184.2427,131.1197,129.7853,130.1925,129.2441,128.8886,129.6783,186.3379,182.3575,180.4103,131.6274
1045,183.1996,183.9899,131.4086,129.7321,131.2577,128.9724,129.4765,130.1404,186.4519,181.7825,180.1667,132.0514
1046,182.6875,184.6230,130.9495,129.6496,130.8069,128.7251,129.2394,129.9747,185.8134,181.8890,180.4039,131.8232
1047,183.1076,184.7470,130.7051,129.8808,130.7538,128.7543,129.4485,129.3200,186.0089,182.0712,180.2641,131.3240
1048,182.6073,186.0450,130.4494,130.5597,131.4841,128.1681,128.6448,129.3802,185.8244,182.2259,179.8214,130.9679
1049,182.4194,185.5889,130.0622,130.3909,131.2459,128.0243,128.2021,129.4961,184.7085,182.5366,179.7327,130.6455
1050,181.7270,185.3402,131.0385,129.9121,130.4245,127.7247,128.6177,129.5685,186.0097,182.5155,179.2716,130.9729
1051,181.7231,185.1744,130.6355,130.1437,130.4620,128.2894,128.2069,129.1429,185.8481,181.5751,179.5460,130.5051
1052,181.4728,185.1879,130.0664,129.9548,130.3430,128.1680,128.5073,128.4912,185.2388,181.2288,179.2559,131.3239
1053,181.8607,184.4280,129.9173,130.6144,130.0968,128.1958,128.5900,129.6216,185.2591,180.5537,179.6882,131.6780
1054,181.4498,184.7479,130.2867,130.0422,130.7470,128.3309,128.3679,129.1101,185.0311,181.0450,179.5414,130.9195
1055,181.5216,184.1295,129.5760,129.4480,185.3892,128.6261,128.4368,128.1436,185.4260,180.0130,179.3864,131.3406
1056,182.0965,184.2429,129.6469,129.1115,185.5853,128.4041,128.3065,129.0200,185.5382,180.0507,178.5857,131.3491
1057,182.1409,184.2553,129.5959,129.8906,184.5941,128.5984,128.2970,128.7110,184.9551,180.1276,179.0969,131.2749
1058,181.7537,183.8655,130.6522,130.1477,184.7318,129.0435,127.8531,128.3336,184.5389,180.4768,179.2050,130.8317
1059,181.3419,183.7687,129.4787,130.0300,184.7998,128.4245,128.4702,128.5881,185.2247,180.6626,179.0170,130.3215
1060,180.6033,184.2108,129.7899,129.7483,184.6565,128.3448,128.3856,129.3045,185.3962,180.6890,178.4029,131.2474
1061,181.3016,184.1021,129.3300,129.0037,184.6345,127.8490,128.6665,129.5173,185.6221,181.0112,178.4339,130.6939
1062,181.5272,184.1059,129.4740,128.7194,184.0117,127.9016,129.0489,129.7662,185.0641,181.0790,178.3175,130.8510
1063,181.2193,184.2330,128.7638,129.2799,184.9976,128.6774,129.1656,129.4874,185.7190,181.2458,178.6927,130.7123
1064,180.6793,184.8830,129.0420,129.1394,184.8326,128.6100,128.2800,129.8563,184.7710,182.5654,180.1587,131.1875
1065,181.0131,184.5538,129.7454,128.9889,185.2568,128.3959,128.8957,130.6970,184.8840,182.5372,179.3411,130.7894
1066,182.0709,183.3998,128.5011,128.6879,184.1779,128.5348,128.8634,131.1119,185.8053,181.9729,179.9808,130.6654
1067,182.2320,182.9202,129.2694,128.9518,184.9338,128.9669,129.6186,130.4878,184.6722,181.6102,179.8332,130.0948
1068,182.0578,182.9659,129.8705,128.8201,184.0197,128.6279,130.0670,131.4022,185.3727,181.7443,179.2962,130.2584
1069,181.4675,183.0633,129.4355,128.3852,184.4361,129.1667,129.3589,131.0317,185.2222,181.6618,179.7515,129.9105
1070,181.2321,183.5496,130.0704,128.2338,184.3537,128.5419,129.5372,131.1828,185.5794,180.6953,179.4269,129.5382
1071,180.8429,183.3067,129.7447,128.0804,183.3788,128.9204,129.4862,131.6836,184.8738,181.4068,179.0467,129.6199
1072,181.1058,183.0248,129.7645,128.3970,183.4651,128.9490,129.5254,131.6502,185.3123,181.4909,179.0601,130.4685
1073,181.0053,183.9700,130.4368,129.5390,183.2022,129.0795,129.0583,131.1991,185.1254,181.9790,178.8752,130.4861
1074,181.1409,183.4897,130.6718,129.2472,182.8469,129.1403,129.0911,131.6841,184.6528,182.2381,178.4899,130.7375
1075,181.4658,184.8460,131.1721,129.3229,184.3223,129.4082,128.7233,131.6530,184.7381,183.1326,178.5114,130.8288
1076,181.9721,184.7383,130.7912,129.2285,129.5853,129.0409,128.9985,131.3291,183.8479,182.2493,178.8957,130.0700
1077,182.9095,184.2621,130.5648,128.2582,128.5028,129.0000,128.8883,131.9282,183.7550,181.9596,178.9160,130.3053
1078,182.5835,184.3995,130.7839,129.9166,128.8199,129.8195,129.3468,131.6364,183.4469,182.3346,178.2164,130.8119
1079,182.5179,184.7418,130.4244,129.3286,128.3967,129.1711,128.7142,132.4722,184.0976,181.8992,178.5864,130.8952
1080,181.3753,183.8995,130.3151,130.1410,128.9059,129.0616,128.9199,131.5068,183.5822,182.1778,178.6272,130.3431
1081,181.3170,185.3318,131.1992,129.7966,183.4326,129.0734,129.3960,131.7574,184.1628,182.1648,178.9583,130.5745
1082,181.0129,184.4745,130.8761,129.9640,128.7247,128.6837,129.1956,130.7369,184.7392,181.5679,178.5260,130.3099
1083,180.6201,184.2599,131.0420,129.1334,184.8171,128.8595,128.9620,131.0871,183.9413,181.9757,177.9534,130.5030
1084,180.8114,184.2913,130.4873,129.5697,129.5947,129.3069,129.0223,131.0306,184.2739,181.6768,178.0647,130.8573
1085,181.5755,185.1707,130.1831,129.9656,128.8178,128.7860,128.8849,131.2330,184.9526,181.6657,178.1366,130.8869
1086,181.7264,183.5848,130.1989,129.4875,129.4875,129.1722,129.7941,131.2094,184.8434,182.2118,177.9618,130.6543
1087,181.0313,183.8961,130.6393,128.8886,128.9690,129.2207,129.3774,131.2603,184.7355,181.8020,177.8456,130.3024
1088,180.3108,183.0826,130.3481,129.1150,129.0680,129.5029,128.8023,130.9927,184.7413,182.3555,177.5585,130.6961
1089,180.0195,182.6850,129.8499,129.9299,129.2499,128.3938,129.1013,131.1278,184.5488,182.3753,177.0370,130.5260
1090,180.8218,183.2615,129.5277,129.8605,129.5005,128.1561,129.0974,130.6789,184.7700,182.1679,177.7561,130.6626
1091,180.2154,182.9264,129.9516,130.6369,128.7672,127.7735,128.8003,130.9698,185.2334,182.0089,178.4602,130.2143
1092,180.9393,182.8606,130.2712,130.2982,129.4574,128.2840,129.1294,130.7541,185.9149,181.4681,178.0426,130.3925
1093,180.8636,183.0195,130.1498,129.6751,129.5296,128.4627,129.1001,130.6994,186.1208,181.1589,178.4544,129.9269
1094,181.8808,183.5712,129.8367,130.2245,185.1888,129.3265,129.3210,130.3887,185.2951,181.2033,178.3606,130.6946
1095,182.1957,183.9910,129.8129,129.9956,185.2834,128.7743,129.5208,131.2140,185.3116,180.9338,178.2935,130.0185
1096,182.6335,184.5282,130.2854,130.0407,185.2685,129.1763,129.7232,130.1263,184.7985,181.7164,177.4457,130.8951
1097,181.8119,184.5116,130.6807,129.9624,185.8708,129.3706,129.1709,130.8383,185.3802,181.8441,177.6993,130.2036
1098,181.2252,184.7437,130.2246,130.2479,186.3662,129.0770,128.5059,131.5314,186.5347,181.3457,178.1412,130.4937
1099,180.8091,184.3322,130.3399,130.0867,185.7714,128.3758,129.0582,131.4599,185.9418,182.1006,178.5926,130.4556
1100,180.9367,184.9058,130.2771,129.4482,186.0086,128.7337,128.5736,131.3787,186.0739,181.8256,178.8318,130.5079
1101,180.9473,184.1781,130.1846,130.5898,186.4315,128.8222,129.0253,131.3432,186.0399,182.4346,178.1801,130.9016
1102,181.2095,184.4461,130.7449,129.5260,130.3805,129.2969,129.6910,131.0535,185.9156,182.3897,178.3054,130.7944
1103,180.7572,183.9830,130.6630,129.3974,131.4893,129.5040,129.1521,131.1497,185.7385,182.4658,178.3273,130.3118
1104,180.9305,185.0024,129.8201,129.7856,188.5344,129.2226,129.4366,131.8236,185.8397,182.4353,177.9565,130.8031
1105,179.1539,185.2427,130.2984,129.2856,187.8887,128.6862,129.5669,131.4251,184.9159,181.9575,177.1847,131.3447
1106,179.4167,185.7293,130.5997,128.6627,188.3736,129.0085,128.9212,132.2516,185.4449,182.6668,177.4806,131.2107
1107,180.1138,185.4258,130.9950,128.7867,187.5703,129.2483,128.8609,132.0537,185.6860,182.3458,177.6989,130.4029
1108,178.9998,185.4756,130.5511,186.2293,186.4075,129.4094,129.9996,131.9246,185.4322,182.3779,177.7797,130.3881
1109,179.1946,185.3609,130.2005,186.5464,187.5945,129.1357,129.8227,131.2936,184.6488,181.6564,178.1579,130.6411
1110,179.9194,185.4991,131.0495,185.9653,187.7882,129.1788,129.9108,131.9078,185.2990,182.3360,178.4452,130.7520
1111,179.3070,185.2761,131.0948,186.2391,187.8512,129.7441,129.8385,131.4252,185.4203,182.3985,177.8813,129.9061
1112,179.5470,186.3295,131.0571,185.7766,186.9381,129.1573,130.0284,131.5576,186.9195,182.2002,177.7197,130.5276
1113,179.1897,185.4257,131.1650,185.6094,186.5617,129.4701,129.7757,130.3514,186.4466,183.0894,177.9978,130.5602
1114,179.3711,186.4926,131.4118,186.0783,130.6846,129.3984,129.9098,130.2331,185.4833,183.6966,178.1448,130.6328
1115,178.7288,185.6573,131.4506,185.9375,186.1008,129.5823,128.9001,130.4332,185.8112,182.9905,177.8426,130.5645
1116,179.1117,185.6930,130.8555,184.9961,185.5465,129.6411,129.1422,130.6805,186.9407,182.7364,178.2265,130.3387
1117,178.3763,185.7306,129.9821,185.3608,186.8655,130.0706,128.5855,131.2902,186.3151,182.3126,177.8362,130.8273
1118,179.1172,184.6658,130.8214,185.3391,186.7627,129.6420,128.6661,130.8314,185.6824,182.0138,177.1471,131.5588
1119,178.4907,184.6672,130.6463,186.0375,186.3243,129.5323,128.5906,130.4045,185.2729,181.8985,177.8111,131.6974
1120,178.5877,185.1059,131.0806,185.4906,186.8086,128.9415,127.2513,130.0867,184.6293,181.9830,177.1479,131.6839
1121,179.2154,185.1195,131.4168,186.0331,186.8456,129.1818,128.2599,130.9578,185.8981,182.6677,177.4791,131.5750
1122,179.5032,185.3511,131.2729,185.7996,186.1431,129.1137,128.2430,130.2205,185.5054,182.5229,177.9708,131.1417
1123,179.0091,186.0634,131.2524,185.3113,186.0796,129.2431,128.4347,129.4425,185.1844,182.7134,178.3119,130.3906
1124,179.3322,186.0456,130.7181,186.7674,186.6969,129.3587,128.6651,130.0949,184.2331,182.0135,178.3811,130.3923
1125,179.2597,185.4884,130.6969,185.5258,186.6671,129.0731,127.8157,130.2992,183.4999,182.6517,178.2719,130.2869
1126,179.6240,185.1118,131.5149,185.6252,185.9403,129.1799,128.6401,130.0298,183.8935,182.3580,178.1404,130.2657
1127,179.9871,185.0560,130.9154,186.1371,186.6614,128.7720,128.1746,130.2312,183.6158,183.0844,179.0376,130.6298
1128,179.7580,185.3431,131.2683,129.2777,186.7825,128.2006,127.6493,130.9300,183.6707,182.9890,179.2267,130.5633
1129,180.5463,185.0480,131.5911,129.6060,186.6688,128.0889,127.8255,130.7023,184.9861,182.9417,179.3625,130.0784
1130,180.5188,184.9603,131.8722,186.4496,186.7007,128.3841,126.8279,130.6895,184.9348,181.5017,179.9888,130.3048
1131,180.6285,184.7113,131.7912,187.8198,186.4997,128.2965,127.0269,130.0992,185.0780,182.5311,179.3471,130.9203
1132,180.5684,185.3997,132.1848,188.5129,185.5806,127.8459,127.1475,129.6295,184.6407,181.6645,178.6839,131.1440
1133,180.0327,184.7229,132.0569,131.2629,185.3856,127.7544,126.7978,129.4725,184.4975,181.5560,178.5484,131.1432
1134,180.2814,184.6386,131.7340,187.9439,185.7865,128.3572,127.3095,130.3356,185.0636,181.8994,179.0820,130.3118
1135,180.1429,184.8487,131.9922,186.3835,186.8808,128.1745,127.8876,130.5592,186.0480,181.7496,178.5430,130.3358
1136,180.7669,185.4060,131.9172,186.0736,187.4354,128.7527,127.7946,131.6214,185.7286,181.6831,178.3657,130.8762
1137,181.6635,185.3232,131.7725,186.0273,186.7977,128.8133,127.8092,131.3648,185.5620,182.6413,178.7015,130.8350
1138,181.3215,186.0610,131.3539,187.0344,186.6390,128.8953,127.1904,131.9750,186.3873,182.6497,178.4378,131.1072
1139,181.7123,186.0755,131.7504,187.0629,187.7897,129.1157,127.7620,131.7496,186.3549,182.2002,178.6432,131.6610
1140,182.9734,185.4670,131.8783,187.7758,187.8895,128.0578,127.7269,131.7765,185.6067,183.1183,178.5353,131.8691
1141,181.6782,185.3392,131.9461,188.5152,187.8809,128.5520,127.7173,131.1903,184.9055,182.9380,179.0689,131.4960
1142,182.6775,186.3333,132.8730,188.3421,187.4172,128.6071,128.2700,131.4183,184.9929,182.0072,179.2406,131.2888
1143,182.2799,185.6995,133.2135,187.5960,188.1722,128.6212,128.1066,131.6642,185.4487,182.7058,179.1023,130.4870
1144,183.2218,184.8998,133.7603,187.4610,187.7736,127.7513,128.3122,131.6296,185.7268,182.8189,179.2076,130.8642
1145,183.5256,185.3384,133.8645,187.1792,186.9282,128.1142,128.1141,132.4487,184.5567,182.5987,179.5336,131.0842
1146,182.3982,185.8130,133.7105,187.5247,188.1892,128.1004,128.1632,132.4841,184.0042,182.8687,179.9647,131.3715
1147,182.9932,186.3222,132.7382,188.0465,186.6344,128.1652,128.0724,133.1134,183.9874,182.6739,179.3369,130.9257
1148,182.2977,185.6815,132.9824,187.7652,185.8458,127.8916,127.7149,132.3937,183.4328,182.3513,180.6027,131.3000
1149,182.7302,185.8003,132.8812,187.7607,185.3362,127.3741,127.6143,132.3538,183.8353,182.4792,179.8559,5.9062
1150,182.4281,186.1074,132.7107,187.0546,186.6411,128.1112,127.5341,132.8957,183.6455,182.0843,180.4248,5.3395
1151,182.4191,185.6203,133.2629,187.7084,186.8672,127.7102,127.2657,132.5221,183.5192,182.3349,180.3244,5.2392
1152,183.0156,185.3982,133.7458,188.0483,186.2147,127.7271,127.6983,131.4784,184.2048,182.5807,180.3504,5.1626
1153,181.9055,185.5190,134.1199,188.3682,186.6714,127.9906,127.8889,131.0487,184.2690,182.5930,180.1961,5.0940
1154,183.1549,185.6708,134.7447,187.8970,188.1121,128.2048,127.7928,131.1980,184.7785,182.7662,180.0161,5.0861
1155,181.5188,185.2563,133.5027,187.2165,188.9010,128.0955,127.9208,130.6787,183.4548,182.8512,180.3248,130.4796
1156,182.1295,185.3894,134.1409,187.1927,188.5655,128.3384,127.8413,131.4555,184.5121,183.3493,180.6820,130.5716
1157,181.6436,184.9812,133.8202,187.3036,188.6706,127.6420,127.3243,131.0519,184.6345,182.9780,180.7271,130.8640
1158,180.8219,184.3144,133.0987,187.8621,188.0656,128.6167,128.0957,131.3669,185.0576,183.2532,180.1686,131.2953
1159,180.6137,184.2322,132.8729,188.0885,187.8755,128.5751,127.2317,131.3932,185.7643,183.2383,179.4375,131.4064
1160,180.3275,184.9473,132.9190,188.0290,188.0114,128.5811,127.2705,131.0508,184.4882,182.4514,181.1166,130.7338
1161,180.9310,185.4576,132.5282,187.4456,187.4960,127.5545,127.2072,130.6601,185.1144,182.7730,180.7905,130.8010
1162,180.2245,185.3031,133.0918,186.3625,187.8361,127.3760,126.9237,130.5666,185.5871,183.1798,180.7517,131.0829
1163,180.0273,185.0263,133.0139,187.3103,188.7778,127.4805,126.8545,131.2089,185.6461,182.9865,180.9361,131.0211
1164,180.1266,185.1631,132.9403,188.0686,189.2313,127.4774,126.4481,131.0259,186.3856,182.6120,181.7037,130.6377
1165,180.4415,184.9180,133.0092,187.6243,188.6775,127.4985,127.4020,131.3746,185.9713,182.8051,182.0049,130.9065
1166,180.4582,184.4000,133.1363,187.2619,188.2423,127.7288,127.2954,130.9701,185.3986,182.2305,181.6957,131.0124
1167,180.3478,184.8773,133.0647,187.0967,187.4407,128.0602,127.2107,130.5248,185.3929,182.7743,181.6469,131.0137
1168,179.7960,185.0622,132.8824,187.6870,188.3528,127.6233,127.6954,131.2464,186.0771,182.5030,181.8673,130.5844
1169,179.6641,185.0908,133.0906,187.8801,188.9696,128.4469,127.1909,131.1980,186.3914,183.0805,181.3835,130.2435
1170,178.5149,184.0382,133.2746,187.8075,187.8718,129.2478,127.8868,132.0309,185.8290,183.2279,181.8460,130.6543
1171,177.8888,184.1412,133.3397,187.8690,187.2985,129.0052,126.8900,132.0049,185.0901,182.0463,181.2745,130.8735
1172,178.7164,184.1596,133.2065,188.7640,188.0703,128.9582,126.5898,131.5906,185.0358,181.4445,181.6142,131.0007
1173,179.8192,184.5803,133.7271,188.4218,188.1553,127.7301,126.2606,133.0493,184.7735,182.1334,181.4596,130.8905
1174,180.7869,184.7297,133.0825,188.6871,187.7385,128.4137,127.0153,132.5457,184.9515,182.0987,180.6752,130.9293
1175,180.3728,184.3846,133.5292,187.9899,187.5012,128.4474,126.1303,131.9526,186.2045,182.5286,180.8645,131.1407
1176,179.4880,185.3221,133.5358,188.3282,188.2508,128.2284,126.5752,131.9598,185.9825,183.0011,181.6745,130.7568
1177,179.6962,185.1208,133.5200,188.8855,187.4872,128.0209,126.3486,132.1641,185.3303,183.8305,181.7587,130.4850
1178,179.0047,185.8628,133.4535,187.8436,188.0269,128.1699,126.5503,132.8377,184.9486,183.1705,180.8332,130.5152
1179,179.5253,185.4347,133.3628,188.4017,187.2544,128.2932,127.3340,132.9021,184.6092,182.5864,181.4993,130.1115
1180,180.1220,185.9736,133.2841,188.7166,187.9122,128.5859,127.4972,131.7725,184.3009,183.1153,180.2047,130.8354
1181,181.3978,185.4137,132.8660,188.5926,188.2947,128.3418,127.4871,131.7988,184.8596,182.4428,180.2144,130.7959
1182,181.2633,184.9882,132.7489,188.8326,188.4473,127.9782,127.6586,131.5602,184.5768,181.9517,180.6837,131.2140
1183,180.3756,185.7809,133.1398,187.8999,188.8288,127.9884,127.1777,131.9511,184.7091,181.3708,180.4976,130.9225
1184,179.9327,185.8597,133.6479,187.7579,188.2752,128.7754,127.1650,133.1430,185.4692,182.7465,179.4282,131.4481
1185,178.8889,185.2077,133.7149,187.3652,188.7110,128.5579,127.5367,132.7120,185.7114,182.4541,179.1806,5.5882
1186,179.1949,185.4005,133.5884,187.6644,188.9524,129.2259,127.7267,133.2229,184.4460,182.8263,178.8317,5.3578
1187,179.5817,185.3598,133.2111,186.3166,189.3650,128.8403,127.8564,132.6569,184.8817,182.6855,180.0599,5.3510
1188,179.9060,185.1846,133.5048,187.5748,190.0846,128.2023,127.7182,132.9260,185.6109,182.7478,179.8131,5.5449
1189,178.9986,185.6898,133.5211,187.3511,190.6002,127.7134,127.5850,132.5445,184.7208,182.6491,179.9506,5.6254
1190,178.0008,185.8631,133.2118,188.9898,189.7990,127.2587,128.0504,132.0230,184.5546,182.7849,179.4810,5.4514
1191,178.0283,185.6895,132.4655,189.0810,188.8502,127.4160,128.3855,131.9018,184.1228,182.3401,178.8621,5.0774
1192,178.2516,185.5553,132.6550,188.7402,189.3589,126.9245,128.2300,132.0533,184.2272,183.0453,178.7822,5.3125
1193,178.1270,185.5040,132.0638,188.5868,189.6218,126.6660,128.0621,132.2361,184.5920,183.1763,179.5569,5.3944
1194,177.5237,185.9103,132.0327,189.2261,189.1144,125.9238,127.4997,132.6534,184.5168,183.7048,179.5258,5.7499
1195,177.1967,186.3805,132.4986,188.4940,188.3657,126.1533,128.0449,133.0162,185.2388,183.4795,179.3186,5.6924
1196,177.3467,186.2465,132.0561,188.1046,188.2365,126.4375,127.8274,132.5510,185.2044,183.5532,179.4010,5.3837
1197,177.7568,185.2130,132.2554,188.9734,188.3271,126.3007,128.0039,132.0595,184.8777,183.5772,179.6292,5.7089
1198,176.6789,186.2414,132.4145,188.2757,188.1347,127.1506,127.3180,131.7804,184.3753,183.9051,178.7357,5.4946
1199,177.2435,185.9694,132.7930,187.9167,188.7798,127.2688,127.4265,131.7429,185.6036,184.6362,177.9823,5.3971
1200,178.2400,185.2631,132.7858,188.0113,189.9171,127.6567,127.2244,131.8538,185.6460,182.7227,178.2438,5.4208
1201,177.5007,185.3552,131.2807,189.0356,189.3377,127.8052,127.3487,130.5477,184.8472,183.0182,178.6490,5.2083
1202,178.0682,185.3745,131.3961,188.4015,189.2538,127.6787,127.7059,130.8389,185.2606,182.9012,178.8187,5.2648
1203,176.9886,186.0796,132.0872,189.1657,189.7177,127.1284,127.7116,131.0868,185.7438,182.5105,177.9365,5.3342
1204,177.2540,187.0242,132.7880,189.0999,189.7940,127.1582,127.5224,131.5941,185.6350,184.3580,178.8791,131.0909
1205,177.9864,186.6376,132.5391,188.5364,189.8102,126.4025,127.3782,131.1920,185.2595,183.8155,178.4928,131.1701
1206,177.5611,186.7495,131.2303,189.5620,190.0911,126.4322,127.3725,131.2366,184.8037,184.0927,178.2837,5.4094
1207,177.5971,187.3124,6.4476,189.1744,190.6020,126.6861,127.4698,130.6496,184.7696,184.0214,177.8643,5.6091
1208,178.3557,186.9813,5.6394,189.4289,189.7243,126.4566,127.0358,131.6255,184.6827,183.4040,178.6486,5.8352
1209,178.8297,186.5859,5.7997,189.7278,189.5015,127.3895,128.1131,132.7106,184.1151,183.8019,178.0454,5.4727
1210,179.4677,186.6110,6.2767,189.4865,189.6231,127.3489,127.4070,131.8950,184.6299,183.6487,178.7870,5.6653
1211,178.5102,185.8962,6.2905,189.8291,189.9489,126.9757,127.4842,132.0528,185.5895,183.5725,178.5928,5.5677
1212,178.7643,185.9404,6.6458,189.5254,189.2888,127.0272,127.3957,132.2352,184.1213,183.4358,178.0711,5.7232
1213,178.4509,186.0734,6.7020,188.9921,189.6745,126.6105,128.1138,132.5372,185.1490,183.3204,178.8062,5.5230
1214,178.2347,185.1937,6.7150,188.5262,190.2381,127.1292,128.1835,132.1894,184.9965,183.6624,178.1904,5.6538
1215,178.7062,186.0018,6.3824,188.0868,190.6206,126.8807,127.8914,131.9278,184.0991,183.9877,178.2639,5.4171
1216,178.2485,185.8712,6.8544,187.3320,190.2351,126.3696,128.6130,130.8412,184.9907,183.8493,177.8212,131.1983
1217,177.8781,185.2358,6.5500,187.0442,189.7783,125.9501,128.6265,132.2274,184.5565,183.3356,178.2096,130.8982
1218,178.2622,185.8472,6.1543,187.1944,189.5568,125.8513,128.8979,131.7633,184.7981,183.7222,178.0768,131.3740
1219,177.9166,186.1313,6.6577,186.9530,189.3474,126.4619,129.0055,131.1088,185.3310,183.5198,178.9131,130.8124
1220,178.5400,184.7626,6.1755,186.1939,189.8322,126.7568,128.9127,131.3725,185.3648,184.1657,178.5836,5.1892
1221,177.5967,185.1776,6.0159,187.3654,188.4573,126.5632,128.4463,130.8525,185.8850,183.4796,178.4121,5.0327
1222,177.8556,184.9791,6.8274,188.1003,188.4573,126.9022,127.5954,131.4779,185.0018,183.5653,178.3189,5.3449
1223,177.9372,184.0712,6.3567,187.2571,190.2061,126.7895,127.6502,131.4331,184.7951,183.8674,178.2652,5.3252
1224,177.8083,183.7515,132.9171,187.3524,189.0965,126.8949,127.7604,131.1680,185.2351,183.9204,178.6067,130.8828
1225,177.6136,185.2120,133.0530,188.4831,189.6682,126.8908,128.2651,131.4665,184.8621,184.1146,178.5142,5.2953
1226,178.5298,184.8380,6.5624,188.6404,190.2044,126.9868,129.0492,131.8808,184.1729,183.4776,178.1476,5.2553
1227,178.5635,184.6571,132.4862,188.3553,190.8088,126.6361,128.8656,131.0852,185.2752,183.7391,178.1248,5.6438
1228,178.1693,183.8125,133.3702,188.1712,189.0245,125.7169,129.5175,130.7858,184.2269,184.0398,177.9547,5.5945
1229,177.6212,184.1871,132.6928,188.8095,188.8934,125.6473,129.0561,131.6275,184.1709,184.2405,178.2361,5.8333
1230,178.2396,183.4673,131.9272,187.7150,189.0457,126.8729,128.8113,131.9698,184.1623,183.9656,178.1655,5.8483
1231,178.7883,184.0221,130.8671,188.0155,189.7659,126.3927,128.7278,132.4108,185.5343,183.5141,178.2950,5.8199
1232,178.3718,184.0834,130.2407,188.4850,189.4931,125.2240,128.9039,131.7535,184.9360,184.0808,178.7790,5.8449
1233,177.4606,183.7479,130.9490,129.8692,189.1698,126.1843,128.4259,131.5734,184.7327,183.1594,178.4900,5.4810
1234,177.0215,185.3528,131.1737,129.6262,188.4742,126.0247,128.9154,132.0437,185.3658,183.4683,177.7004,5.7092
1235,177.3064,185.5035,130.6281,129.8616,189.7701,125.5209,129.0937,132.6405,185.0401,183.4930,178.3615,5.5401
1236,177.9387,184.3092,131.5065,129.9475,189.7184,125.7445,128.3879,132.1080,185.1235,183.7532,178.3931,5.6792
1237,176.8879,183.7620,132.4966,188.8332,188.4007,125.1439,128.4692,133.3417,184.6349,183.4641,178.5189,5.6625
1238,177.7835,183.7123,132.1697,129.5124,189.5152,125.8331,128.7741,133.8567,183.9573,183.3446,178.3511,5.6839
1239,177.1749,184.0233,132.0383,186.9838,189.4366,126.1708,128.7347,134.0472,184.3713,183.4712,179.4238,5.6492
1240,178.0590,184.9653,132.2117,128.8965,188.9311,126.2664,128.7323,134.4387,183.8447,182.2099,179.2828,5.8661
1241,177.0872,184.6879,5.7654,188.4826,189.8356,125.9187,128.8311,133.2519,184.5825,182.1965,179.3223,130.6659
1242,177.6805,184.3172,5.6026,129.0220,189.4084,125.4439,129.0477,133.8863,184.8570,182.2679,179.3670,5.4496
1243,178.3931,185.3775,6.0051,129.0062,189.2249,126.1180,128.5348,132.7187,183.7486,182.5125,179.1394,6.0202
1244,178.0556,184.4736,6.1372,129.1481,189.0227,126.0413,128.0057,133.1798,184.4237,182.2736,179.0106,5.6258
1245,177.8137,184.4360,5.5656,128.9714,189.5937,126.0305,128.4948,132.5753,183.8564,181.9789,179.2250,5.3965
1246,177.9224,185.5889,5.6165,188.2091,188.5706,125.9198,128.2239,133.6868,183.7834,181.7647,179.3056,5.8155
1247,177.3353,184.3749,6.4728,187.8263,188.3686,125.2874,128.0956,132.9684,183.8208,181.3452,179.8649,5.3205
1248,178.2092,184.6151,5.3377,187.0461,188.4839,125.5570,128.1125,132.9960,183.5568,182.0643,178.8353,5.4542
1249,177.7496,185.1273,5.7787,187.6455,187.5453,125.3734,128.5015,132.9615,183.9407,181.4877,179.7282,5.5165
1250,178.3379,185.1269,6.7294,187.5891,188.4777,124.8849,128.5501,132.7459,183.4688,181.9519,179.2086,5.4816
1251,178.4897,184.1354,6.4551,186.7172,187.3248,125.3730,129.2849,132.8224,183.2389,181.7334,179.0685,5.5037
1252,177.9482,185.0718,6.0798,186.4479,187.4945,125.8584,128.9548,132.9547,183.5044,182.5066,179.1630,5.7558
1253,177.9855,184.9226,5.0811,187.1727,187.2326,125.5371,129.1473,133.3092,183.8744,182.3407,180.0475,5.4109
1254,177.9482,185.1913,4.4790,187.8209,187.3797,126.4279,129.5000,133.8280,184.8329,182.2512,180.0908,5.3958
1255,178.0702,185.4528,5.2698,128.7353,188.2998,126.4947,128.6987,133.5559,184.4474,181.5631,180.4347,5.4434
1256,177.8222,185.5301,5.7055,128.7586,188.1413,126.1542,128.9006,132.7111,184.4218,181.7399,180.0473,5.5204
1257,177.8747,185.4538,132.0694,128.5816,187.7835,126.5033,129.6145,132.8355,183.9440,181.4381,179.5506,5.1092
1258,177.5124,185.4390,132.1631,128.3733,189.0405,126.3718,129.3584,134.0115,183.7455,181.3008,179.9268,5.4270
1259,178.4330,185.2479,132.4025,128.5965,189.5232,126.0988,129.1458,134.0365,184.6870,181.2511,179.6636,5.5938
1260,178.9223,185.1820,131.7363,129.3797,189.2080,126.7105,128.7837,133.6097,183.9132,181.9695,179.7975,5.4699
1261,178.9496,185.3932,131.7795,128.5971,188.3706,127.1122,129.3073,133.6442,184.3158,180.8732,180.2960,5.3103
1262,178.7918,184.4903,132.5581,128.0244,188.7910,127.2403,128.7822,133.6324,184.8922,180.6181,179.9454,5.1904
1263,178.4849,184.9091,132.8641,128.0085,188.6013,127.0512,129.0588,132.8961,184.1354,180.7417,178.9466,5.2560
1264,178.3280,185.1489,132.4746,128.6546,188.2311,127.3663,129.1587,133.7531,184.6544,180.4127,179.6825,5.1945
1265,178.7017,185.1599,132.9535,128.4782,188.5016,128.0188,129.0674,133.9541,184.2207,180.2315,179.9711,5.0358
1266,178.5533,184.8629,132.0884,128.1729,187.7706,126.5806,129.1500,133.8808,183.3301,180.0917,178.9103,5.0681
1267,178.3917,184.7542,132.5874,128.4631,188.9486,126.6225,129.3723,134.5785,183.7098,180.6752,179.4226,5.1332
1268,179.4401,184.2440,5.8949,129.1754,188.6705,127.1814,129.4804,134.8112,184.5098,180.8283,179.2508,5.1598
1269,178.3870,185.2315,6.5825,128.7023,189.2883,126.8749,129.3372,133.7668,184.6516,181.7966,179.5469,5.2537
1270,179.1794,183.7964,6.9783,128.7125,188.2817,126.7792,129.6857,134.0147,184.7236,182.1609,178.9775,5.5922
1271,179.4154,184.6333,6.8440,129.0081,189.0194,126.8419,129.5395,134.4672,183.4545,181.3900,179.1647,5.4926
1272,179.4575,184.5582,5.7836,129.1206,188.9594,127.3074,129.4181,133.9271,184.0038,181.7078,180.4511,5.4749
1273,180.0477,184.6959,6.9915,128.8628,189.3228,127.0473,129.3085,134.9199,184.2919,181.7886,180.2527,5.6134
1274,180.8150,183.8196,7.0410,129.9207,187.7797,127.3257,128.9935,135.3596,184.9451,181.3841,180.0955,5.8371
1275,181.1476,183.5905,6.8831,130.7091,187.9483,126.2674,129.4858,135.1606,184.4559,181.4588,179.7204,5.6445
1276,181.2797,184.6576,7.2560,130.7720,187.6651,126.4438,129.0975,134.5434,183.5153,181.0262,179.7485,5.9309
1277,179.7401,183.8420,7.0757,130.9829,187.9347,126.3323,128.9948,135.1154,183.4648,181.2207,180.0748,5.4433
1278,179.7804,183.6426,6.2667,130.6592,189.2625,126.3139,128.7554,134.7544,183.5826,181.1780,179.6485,5.7574
1279,180.4312,184.3004,7.0778,130.5663,189.3683,126.5068,128.4079,135.3087,185.1129,180.8308,179.8259,5.5252
1280,180.3177,184.4943,6.6795,130.8866,190.1133,126.6638,128.8041,135.3599,183.8028,180.0769,179.8190,5.7037
1281,180.5219,184.1518,6.6815,130.3439,190.9602,126.9322,128.6890,134.7936,184.3547,180.9937,179.3488,5.6757
1282,179.9506,184.5218,6.1809,131.2827,190.6585,126.8476,128.7198,134.6053,184.8943,181.5437,179.8465,5.5291
1283,180.2756,184.3479,6.7128,130.8441,190.3551,127.3187,128.8855,134.1508,184.6445,181.0084,179.4734,5.6671
1284,179.8475,185.8705,5.9541,130.5607,191.2151,127.3398,128.3639,133.9909,184.5425,181.2318,178.8962,5.8854
1285,179.9843,185.5137,6.9601,130.5114,189.7622,127.4584,128.1934,134.2573,184.0259,182.0780,179.2814,5.5635
1286,180.4363,184.4274,6.0687,130.7106,188.6939,127.9834,128.8093,133.5484,183.5925,181.2066,179.7158,5.4768
1287,179.4602,184.3530,6.0874,130.8384,188.3752,127.8255,128.9146,133.2268,184.0486,181.4687,179.7010,5.8324
1288,179.7741,184.4541,6.4544,130.2272,187.8999,126.9396,128.5993,133.4311,184.1862,181.2409,179.5998,5.4768
1289,180.0017,184.5777,6.0762,130.8511,188.4004,127.4586,128.7073,134.0088,184.3519,180.9688,179.0957,5.7395
1290,181.8830,184.7507,4.9854,131.1031,189.0397,128.1871,129.1477,134.4283,184.4791,181.3769,178.7870,5.4031
1291,180.8710,184.8501,5.2651,131.2932,188.3821,127.7642,128.9157,134.0750,185.1079,181.1408,179.8997,131.3606
1292,180.3607,185.0858,4.9204,130.6450,188.3667,127.8563,129.1652,133.8797,184.9970,181.7457,179.9161,5.5160
1293,179.6247,184.9959,5.4850,129.8528,188.3061,127.3563,129.4178,133.8036,185.6071,181.5336,179.9729,5.5108
1294,180.0967,184.1005,5.6600,130.3120,186.9159,127.3678,129.2425,133.7106,185.3246,181.7868,180.3738,5.6237
1295,180.3406,184.8201,5.8613,130.9298,186.4437,127.6410,129.5394,133.7708,185.0824,181.8217,180.0506,5.5470
1296,181.0136,185.0920,5.5500,130.5373,186.8483,127.6375,129.9317,134.2472,184.8213,181.0202,179.6433,5.2336
1297,180.7699,184.2499,5.4822,130.6111,186.6423,128.5939,129.5463,134.1001,184.5489,180.7996,179.2285,5.2308
1298,180.4755,183.8422,5.4617,131.3607,186.9357,127.9252,129.4281,133.5645,185.5834,181.6854,179.2737,5.3631
1299,181.5009,184.3928,5.5589,130.9822,186.5819,128.3521,129.8828,134.2739,183.7783,181.3271,179.3702,5.2958
1300,181.3396,184.5196,6.5996,131.0880,186.2425,128.4990,129.9280,134.7143,184.4961,181.3749,179.1901,5.4587
1301,181.4400,184.3593,6.4089,130.7559,185.2593,127.8078,129.9167,135.3565,184.0352,181.5311,178.9220,5.7981
1302,180.5332,184.5201,6.3721,130.4990,184.9581,128.0345,130.0092,135.4143,184.1747,181.6903,179.5478,5.8990
1303,179.8329,184.3815,5.8436,131.4280,185.8178,127.7778,129.3960,135.0961,184.1446,181.3766,179.9417,5.5557
1304,179.2196,184.7568,6.0047,131.5671,185.1169,126.7774,129.8793,135.3539,184.9881,181.1947,179.8548,5.4507
1305,179.7716,185.0730,5.9353,131.1053,186.5585,127.0013,130.1637,135.0389,184.7014,181.7522,179.7758,5.6458
1306,179.2730,185.2738,5.4658,131.1158,186.4636,126.7361,130.0633,136.0176,185.9743,181.5301,180.4184,5.5315
1307,179.5120,184.3549,5.2900,188.8050,187.4243,127.8322,130.2101,135.8207,185.6123,181.9533,180.8588,5.5585
1308,179.0945,183.7734,5.7367,187.7603,187.7803,128.0609,129.9263,135.5448,184.8468,182.4959,181.7295,5.6694
1309,179.6583,183.8844,5.2081,187.2759,187.6713,127.8838,129.6710,134.9160,185.5967,182.1920,180.7285,5.7144
1310,179.4711,184.6121,5.4293,186.1413,187.6663,127.1459,129.5833,135.2896,185.2728,182.2832,181.5409,5.4356
1311,179.6681,184.8307,4.5841,186.0284,187.3224,126.4765,129.9371,135.6346,185.4077,181.8952,180.5068,5.3261
1312,180.1723,184.1823,5.0486,187.1553,187.6720,126.5034,129.8057,135.9054,186.3409,182.0236,180.8129,5.6191
1313,180.6918,184.4460,5.0776,187.5422,187.4366,126.9584,129.7391,135.8791,185.1674,182.1251,181.0401,5.5139
1314,180.6680,184.5276,5.8028,188.3263,187.4365,126.7996,129.7124,135.4201,184.6483,182.3858,179.8331,5.3141
1315,181.0023,184.0065,4.8872,188.3908,187.0579,127.1716,129.4100,135.2461,184.1070,182.1280,179.5866,5.7565
1316,180.4463,184.0072,5.6189,188.5752,187.8402,126.9236,129.4620,135.3416,184.4911,181.3228,179.9293,5.6089
1317,179.8378,184.1589,4.6459,188.4763,187.5102,127.6633,129.7353,134.7443,183.7060,181.0819,179.9310,5.9144
1318,179.5490,184.3874,5.6857,188.0503,187.6919,126.4933,129.6644,135.6036,184.0759,181.5232,179.6637,6.2972
1319,179.1147,184.9488,5.2817,187.8691,187.9090,126.5690,129.8065,135.1376,184.1399,180.9257,179.4322,5.9992
1320,179.3686,185.3808,5.8849,187.8501,188.2271,126.1726,129.2975,135.1565,182.5644,181.7134,179.0852,5.6036
1321,179.4896,184.4568,5.9864,188.0573,188.6920,126.4938,129.5923,135.6111,182.4505,181.2377,178.9598,5.7825
1322,179.4241,184.6546,4.8582,189.0114,188.6191,126.6714,129.4094,135.0191,183.1997,181.1788,178.4011,6.1241
1323,179.0871,184.2582,5.3952,189.7095,189.3836,126.0411,129.0319,135.0124,182.6999,180.7493,178.3662,5.9750
1324,179.7766,185.3046,4.9269,189.7606,189.1151,126.0330,128.7595,134.8683,183.5940,181.1774,179.0813,6.0772
1325,178.8722,185.1386,4.5270,189.3825,188.5139,126.3620,128.5348,134.3907,183.7619,181.7005,179.0330,5.7331
1326,179.4554,184.8700,4.4651,188.9334,188.7039,126.1489,129.0334,133.8537,183.6934,182.1273,179.3558,5.6829
1327,180.6633,185.0224,4.2279,188.5692,188.0814,125.9518,129.3482,134.3680,182.4253,182.3009,179.5748,6.2985
1328,180.3907,184.4850,5.0297,189.4576,188.8070,125.9011,128.8955,134.5442,181.0347,181.8605,179.8166,5.6383
1329,180.5090,184.0525,4.6515,189.2459,188.8718,125.4968,129.1813,134.1148,181.2895,181.8129,179.5621,5.3355
1330,180.2929,185.2421,4.3390,189.6525,188.6697,125.2937,129.6787,134.6266,181.9945,181.9953,180.0047,5.7360
1331,179.3079,185.1609,4.8457,189.5385,189.6833,125.8442,129.1523,133.4582,182.4093,181.7755,179.8736,5.2704
1332,179.6279,185.7411,4.4040,188.9525,190.2929,125.7056,129.5621,133.6386,183.3168,181.7794,179.6899,5.9020
1333,179.1199,186.2465,4.1094,188.7026,189.5970,125.5984,128.9702,133.8733,183.8344,182.4092,179.1243,5.5948
1334,178.9933,185.6189,4.4450,189.0857,189.6483,124.9941,128.5747,133.7609,182.5986,181.9024,179.4942,5.8268
1335,178.4614,184.4827,4.7396,188.4596,189.4303,124.8845,129.1047,134.6791,182.3870,181.9817,179.6937,5.4564
1336,178.2872,185.2449,4.6486,187.9873,189.6594,125.7183,129.5461,134.5194,182.2638,182.7992,179.7231,5.0730
1337,178.6829,185.0044,5.6989,188.4171,190.1628,125.4431,129.4264,133.5330,182.4208,182.1786,179.1875,5.0738
1338,179.5584,184.8896,4.5310,188.1774,189.0817,125.9243,129.6302,133.9754,181.9509,182.2732,179.2668,5.1797
1339,179.5393,184.8523,4.3504,188.9599,189.4376,126.1833,129.2211,133.8393,182.3965,182.2703,179.1212,5.2187
1340,179.3003,184.7510,4.2583,189.4659,189.6094,125.8306,129.0147,133.5821,181.5677,181.9318,179.5815,4.8007
1341,179.5665,184.4999,4.6664,189.4457,189.7169,126.4576,129.0916,133.2582,181.9360,181.2395,178.6996,4.9109
1342,180.0957,185.2358,3.8437,189.9252,189.9529,126.2060,128.9241,133.0054,183.4419,181.1739,178.6362,5.1160
1343,180.1505,185.3277,4.7936,190.9799,189.5465,126.7727,129.3394,133.2360,183.8924,181.7232,179.2310,5.0829
1344,179.2108,184.7493,4.6946,191.4530,189.8082,127.1717,128.6012,132.7124,183.2534,181.6882,178.6663,4.8206
1345,179.1451,184.7737,5.3530,190.6901,189.9065,126.9861,129.0634,133.6818,183.9491,181.8780,179.2532,4.7296
1346,178.7271,185.1385,5.0760,190.9391,190.2887,126.7723,129.1995,133.0613,184.0674,182.5233,178.4742,5.0969
1347,177.0612,186.0247,5.7705,189.8657,190.5977,126.5986,128.5649,132.7747,184.0372,182.0968,179.6912,4.8364
1348,178.2138,185.7362,6.1569,190.0086,189.4530,126.4972,128.8847,132.2169,184.4344,182.0404,178.9641,5.0052
1349,178.8380,185.2835,5.4317,189.5170,189.6553,127.1852,128.6949,133.1147,184.0572,182.1893,178.9107,4.9827
1350,178.7611,185.5203,5.5997,190.7051,189.3307,126.6993,128.3542,133.5737,183.1162,182.3003,178.9058,5.0241
1351,178.9293,184.5744,5.2338,191.0661,188.6659,126.2597,129.0990,132.8465,182.5993,182.2347,178.8436,4.8017
1352,178.8414,184.8775,5.8827,190.0647,188.8727,125.6841,128.9802,132.8302,183.1675,183.0303,178.0095,4.8313
1353,179.8485,184.4066,5.9415,189.4883,189.7279,125.4974,128.9683,132.9238,182.7118,182.4976,178.0596,4.9840
1354,179.2686,184.6318,5.8146,188.5674,189.0971,125.1327,128.5406,132.5110,183.1064,182.4355,178.1660,5.1338
1355,178.8693,185.3601,4.7717,189.0454,190.0402,125.9366,128.6711,132.1280,183.1651,182.6028,178.0142,5.0861
1356,178.7218,184.9646,5.4768,189.8237,188.7036,125.5000,128.8449,132.7083,183.0115,182.7376,178.1676,4.9882
1357,180.5542,185.7692,5.7244,189.9298,188.5407,125.0994,129.0244,133.2570,182.6241,182.6074,179.0251,4.9797
1358,180.8754,185.8192,6.6910,189.7430,187.6865,126.2198,128.5687,133.0662,182.5625,182.8211,179.0132,5.5042
1359,180.2371,186.1937,5.9666,189.3826,189.2740,125.7669,128.7498,132.5491,183.4232,182.7107,179.3222,5.2723
1360,179.7774,184.7757,6.0601,189.5820,189.9503,125.6660,127.8960,132.9284,184.6279,182.7783,178.6122,5.5398
1361,179.8317,185.0961,5.7846,188.9278,189.3834,125.7751,127.4694,133.3216,184.3659,182.8609,178.4188,5.4615
1362,179.7638,185.6359,5.5423,188.8095,187.9700,125.7452,127.8579,133.2445,184.0644,183.1256,178.5090,5.4159
1363,180.0374,184.9701,4.9271,188.9349,187.6046,125.7943,127.8688,133.3972,184.1472,183.8685,177.8226,5.0803
1364,180.6162,184.3798,4.8572,187.9497,187.4792,125.8803,127.4543,133.5572,184.5339,183.8017,177.5279,5.0266
1365,180.0356,185.0942,5.4036,188.4995,187.9949,125.7711,128.1479,132.9296,185.1299,183.2439,177.5083,4.9389
1366,179.9993,185.0070,5.1312,188.6134,186.1441,126.2198,127.6986,133.6866,183.9852,184.3417,177.3860,4.9578
1367,180.1662,185.0424,5.3027,188.4267,187.5236,125.7222,127.7907,133.3896,184.0816,183.0548,177.9570,5.0491
1368,179.1694,184.0668,4.9724,188.2301,186.8847,126.1534,128.0778,133.5106,183.7607,183.8104,177.7574,5.4021
1369,178.8194,184.5919,4.9636,188.5595,187.0220,125.7936,127.8849,132.9714,183.3605,183.2271,178.3474,5.7052
1370,178.8042,184.3073,5.5636,187.9638,187.6418,126.2206,127.7953,132.4325,184.2324,183.8798,178.7529,5.1849
1371,179.0236,184.3082,5.5962,188.6235,187.8842,125.9209,128.1888,132.3820,184.4514,183.5919,178.8796,5.3422
1372,179.5980,184.0548,5.1982,187.6757,187.8286,126.3493,127.7970,132.5207,185.0638,183.5353,179.9362,5.0841
1373,178.9460,183.7107,5.0390,187.4859,186.6452,126.0607,127.8536,132.0311,184.1511,182.9446,180.4089,5.1998
1374,178.9275,183.6313,5.9006,186.7955,186.4133,126.4464,128.0064,131.9996,183.6249,183.7959,179.0359,5.2872
1375,178.3322,184.1212,6.2790,187.6248,188.0620,126.6174,128.3505,132.2959,183.0201,183.9197,178.9854,5.4979
1376,178.3287,184.6793,6.0306,188.4198,187.8085,125.9944,128.4850,132.3646,183.3447,184.0410,178.9229,5.2444
1377,179.0084,184.4232,5.3103,186.9228,188.2309,126.6435,127.9334,132.3612,183.8013,184.0032,179.0841,5.3283
1378,178.1439,183.9699,4.4591,187.5707,187.5348,126.1718,127.4669,132.6249,182.5572,184.1612,179.6683,5.2367
1379,177.6192,184.3762,5.1201,187.9026,187.3205,126.1468,128.1150,132.9809,182.9565,183.8407,179.5560,5.0102
1380,177.5698,184.4205,4.9038,188.8648,187.0340,125.6380,127.8258,133.0359,182.2169,183.7618,179.3448,4.8379
1381,177.5525,184.6334,5.1681,187.9707,187.1466,126.7519,128.1322,132.4445,182.8158,183.3116,179.3086,130.1102
1382,177.9112,185.1045,5.1127,187.6014,187.4545,126.6407,128.1389,134.0248,182.7851,183.3306,179.5301,130.2588
1383,179.0159,185.0662,5.5671,187.4399,188.3969,126.4415,128.3693,133.6629,183.0546,183.7076,180.1597,5.0040
1384,178.7446,185.1616,5.9399,187.4720,188.8968,126.4063,128.5352,133.4696,182.9097,183.3738,179.6388,5.1403
1385,177.8027,184.2907,5.0085,186.9954,188.1017,126.2466,128.9065,133.6002,182.4976,184.4706,179.1111,4.8690
1386,178.3798,184.0527,5.9255,186.7204,188.0538,126.6713,128.8338,133.0774,181.4990,184.0465,179.0467,5.0047
1387,177.8099,184.0209,6.2106,187.4481,189.1137,126.1564,128.7423,132.7064,181.1227,183.9797,179.1335,5.2610
1388,178.5559,184.4587,6.4815,187.7494,188.5308,126.0525,128.6151,133.2119,181.3156,183.0730,178.7511,4.9803
1389,178.0718,184.4263,5.6220,187.9968,188.5781,126.1011,127.9581,132.9635,182.3149,183.8748,178.5602,4.6942
1390,178.4685,184.3198,5.8172,188.4967,187.8728,125.3815,128.3854,132.4158,181.9371,183.6253,178.7986,129.8408
1391,177.6344,184.5602,5.7202,188.7362,188.7459,125.4478,127.7039,132.1108,181.7443,183.3030,178.8612,129.7173
1392,178.2979,185.5230,5.6621,188.8373,190.7715,126.2307,127.7901,132.7617,182.0433,183.5615,178.8506,4.5682
1393,178.5795,184.6081,5.4471,189.0185,189.6080,126.2466,127.4447,132.1437,182.1157,183.5455,179.7330,130.2145
1394,178.9183,184.4187,5.5563,188.9458,189.1492,126.1032,127.6512,132.2141,182.2643,183.8970,179.4242,5.0884
1395,177.8618,185.2091,6.1061,189.2281,189.3878,125.0289,127.0817,132.1577,181.8570,183.1866,178.7869,129.7684
1396,177.9637,185.0614,6.2745,189.3065,189.3842,125.8513,127.2785,131.8016,182.3154,182.5602,178.4431,4.6084
1397,178.5073,184.8341,6.4568,188.7412,189.5828,125.2916,126.9483,131.8626,181.5750,182.5869,178.4633,4.5332
1398,179.1067,184.7093,5.9837,188.5786,190.3475,125.2577,127.1052,132.4721,182.8808,183.0615,178.8109,4.6161
1399,179.5729,185.5216,5.7358,188.3428,190.1110,126.0317,127.7677,131.4233,183.0333,183.0062,178.8502,4.6447
1400,179.3304,186.3492,6.4590,187.7914,189.6924,125.9955,127.4996,132.4890,182.6023,183.6639,179.0085,131.1685
1401,179.9163,185.6870,6.4227,188.4943,190.9733,125.0974,127.2009,132.4111,182.9485,183.6001,178.7490,131.5518
1402,179.4319,185.7122,6.2688,187.4321,190.3385,125.1527,127.4304,131.9879,182.9404,183.4109,179.3797,132.0263
1403,179.0216,185.2354,7.1280,188.5729,189.6389,125.6455,127.7352,132.7990,182.7420,183.9062,179.5627,5.1160
1404,179.0551,185.7109,7.0958,187.9661,189.9165,125.4272,127.9796,131.7654,181.2506,183.7759,180.0467,5.3985
1405,179.7061,187.0212,6.6248,187.8799,190.3320,125.0763,128.2009,132.5882,181.2967,184.1340,179.4426,5.3628
1406,179.1173,186.5196,6.0270,187.7401,189.6229,125.0155,127.7809,132.3778,180.9333,184.1851,180.2146,5.3324
1407,180.6473,186.1168,6.7735,187.3567,190.3324,125.3319,127.7475,131.3433,180.7031,184.8177,180.0853,131.1762
1408,180.7608,186.1400,5.8304,187.4838,190.5361,125.2010,128.0955,131.3334,182.6242,184.2950,180.1967,4.7506
1409,179.2489,185.8553,5.7206,186.7543,189.9009,124.4398,128.0072,132.0523,183.1388,183.8672,179.0312,4.7952
1410,180.0824,185.5550,5.8512,186.3743,190.0352,124.6066,128.1359,132.6489,182.7924,183.7027,178.7102,4.8849
1411,179.3754,185.0128,6.0443,186.1846,190.5618,125.3136,127.6870,132.9484,183.8622,183.0957,178.6484,5.4168
1412,180.6077,186.6152,6.1591,186.5678,190.4245,124.7299,127.6652,133.9180,183.9172,182.3200,177.9266,5.4798
1413,180.4602,187.0662,5.4386,187.0965,190.0873,124.9438,128.0417,133.8436,182.3887,182.2824,177.5683,132.6107
1414,180.5560,185.9838,5.2810,186.5656,189.6971,125.3900,127.8625,133.3198,182.6706,182.1254,178.5546,5.6516
1415,181.1392,186.2978,5.5631,186.5405,188.9758,124.7032,128.1260,133.7451,181.8752,182.5968,178.6040,5.3908
1416,180.6712,185.0049,5.9759,185.7954,187.8709,125.4651,128.0181,132.5914,182.6508,182.5200,178.2743,5.2321
1417,180.7050,185.4005,6.2779,186.9795,188.0931,124.7129,127.5481,133.0996,183.7506,182.3474,178.3220,4.8522
1418,180.2668,185.3095,6.1742,186.9419,189.4178,125.0283,127.9554,132.4880,183.8734,182.6046,178.7597,4.6860
1419,181.2719,185.1313,6.1769,186.9771,189.9596,125.1774,127.9122,133.5231,183.0750,182.2806,178.7412,4.8044
1420,181.5909,185.3830,5.7372,187.5896,189.9098,125.3136,128.1590,133.5729,183.7186,182.1082,178.3825,5.1532
1421,181.0290,185.6800,5.2972,188.0554,188.8058,125.1458,127.6490,133.3499,184.5563,182.1580,178.4113,5.0572
1422,181.0157,185.7687,5.2785,188.3793,189.6661,125.2120,127.8999,133.1664,185.0130,182.7325,179.4387,5.1308
1423,181.4926,186.1082,5.5350,188.4940,190.2976,124.2706,128.2925,132.6403,184.4589,182.7216,179.6148,5.4229
1424,181.3628,185.7147,5.2825,189.2980,189.7099,124.6027,127.9954,133.1997,185.1855,182.4817,179.8438,5.5473
1425,181.3386,184.3012,5.3574,188.5049,190.4788,124.4288,127.3198,134.0910,185.5062,182.3266,179.7464,5.4444
1426,180.8587,184.3971,5.8910,189.0731,189.3165,124.3981,127.2070,132.8672,184.6654,182.7462,179.6807,5.8353
1427,181.5149,184.7234,5.7952,188.6044,189.8727,124.1845,126.9117,133.4252,185.1415,183.6604,180.2620,5.8114
1428,181.5745,184.4014,6.0456,188.4492,188.8365,123.9416,127.6603,133.7133,185.0987,183.0099,180.1926,5.7903
1429,181.1649,184.7124,6.1223,188.4732,187.7792,123.5401,127.5178,134.2994,185.7144,183.3308,180.5063,5.8449
1430,180.6091,184.8519,5.3345,188.2655,188.7396,124.0883,127.7180,133.3278,186.1135,182.6064,180.7672,5.6717
1431,181.8326,184.3648,5.5344,188.6050,188.9922,123.3247,127.3948,133.6377,186.2508,182.8111,180.5124,5.6343
1432,181.2796,184.5763,7.0621,188.1045,189.0374,123.9944,127.4304,133.0169,185.2530,182.3135,180.4587,5.8370
1433,181.5761,185.4203,7.4275,188.8380,189.4078,123.9932,127.3415,132.8266,185.2871,182.3200,180.3631,6.0117
1434,181.3308,184.8763,7.5123,188.4175,189.2489,124.2883,127.7816,132.7724,185.2418,182.4536,180.3912,6.2447
1435,180.2644,185.0080,7.6435,188.3123,189.6363,124.1920,127.3679,132.2519,185.1698,182.7093,180.6047,6.0937
1436,181.9500,185.3391,6.7053,188.3602,190.2334,123.8435,126.9510,132.5821,184.9077,183.1486,180.6742,6.4937
1437,182.0538,184.5779,6.5610,187.0227,189.5541,124.0313,127.6272,133.2170,183.7783,183.3410,180.9359,6.0692
1438,182.9944,185.5269,6.4345,188.0208,188.9616,123.8077,127.8728,133.1634,184.0084,183.2773,180.5010,6.2039
1439,182.8560,186.2204,5.6916,188.4314,188.6525,124.3587,127.2159,132.8024,183.7854,183.9835,180.6355,5.9694
1440,182.4326,185.5481,5.9503,187.9205,188.1010,124.9814,127.6721,132.9445,185.1527,184.4175,180.6060,5.8744
1441,183.0067,186.2423,5.2061,186.6882,189.4237,125.4556,127.5928,133.2346,185.2352,184.3161,180.7338,6.2769
1442,182.6225,185.6762,5.6264,186.3613,189.7792,124.5408,127.9425,133.1267,185.8285,184.6122,180.2699,5.7852
1443,182.4970,185.1349,6.0538,186.3814,189.5373,125.0011,127.7927,133.0950,185.4037,184.8287,180.8735,5.9208
1444,183.4668,185.3088,5.7558,186.7099,189.6685,124.6349,127.0592,134.1392,185.0290,184.6780,180.3202,5.5987
1445,183.6752,185.4852,5.4592,186.8435,190.0422,124.9022,126.9107,133.4310,185.9437,184.1019,181.1621,5.6783
1446,182.3795,185.1356,5.3323,186.7810,190.3594,124.2614,126.9343,133.3170,185.0407,183.9196,180.5092,5.2178
1447,182.3532,185.2042,5.5999,185.7615,189.3826,124.6717,127.2509,133.0675,184.1668,183.8487,180.0330,5.3702
1448,181.9122,186.0937,5.3279,186.5546,189.6720,124.6898,127.2341,132.9406,185.3546,183.4811,179.2262,5.5595
1449,182.2776,186.2764,4.6867,186.3581,189.2671,124.6074,127.7032,131.5195,184.9796,183.4571,179.1276,5.1720
1450,181.9933,185.5448,4.4347,186.5751,189.0351,124.3465,128.3733,132.3614,184.6714,183.4695,179.2199,5.2219
1451,181.6760,185.4806,4.0251,186.7140,189.0803,124.2238,128.2785,131.7880,184.6861,183.9585,178.5732,5.3163
1452,181.5193,185.5238,3.7865,186.2000,188.8131,124.6462,128.3855,132.3197,184.4816,183.7401,178.4689,5.2147
1453,180.6536,185.7488,4.9602,187.0137,188.9625,124.1361,128.2455,132.4403,184.8319,183.9056,178.5347,5.5706
1454,179.9586,184.9731,5.0271,187.2839,189.6924,124.6792,128.3064,132.3040,185.9290,183.6423,179.5680,132.3566
1455,179.8329,184.5231,4.5795,187.6092,190.7592,124.5420,127.9152,132.6261,185.3542,183.4265,180.3085,131.9139
1456,179.4177,184.1971,5.1714,186.6830,190.1253,124.5691,128.0350,132.3349,186.4244,183.2004,180.2641,132.2413
1457,179.4879,184.5899,4.9474,186.3326,190.2060,124.0934,127.5525,132.0985,185.1235,183.3828,179.3944,132.5441
1458,179.4393,184.6736,5.1625,187.2459,190.0995,124.6954,127.7360,131.8993,185.0239,182.9088,179.9419,132.9598
1459,179.9615,185.3584,5.8028,186.9452,188.8467,124.4857,127.7943,131.5404,185.8937,183.3155,179.7634,132.3447
1460,178.9983,184.8862,5.6007,187.2467,188.9814,124.6852,127.6482,131.9939,185.3885,182.8702,180.1081,132.0889
1461,178.8887,185.3848,5.5375,187.1021,189.6226,124.1000,127.5874,132.0896,184.9731,183.4906,179.8048,131.9929
1462,179.4385,186.1004,6.0501,187.2570,188.8779,124.2091,127.1692,132.4740,185.5102,183.0730,180.1547,132.0676
1463,179.2981,185.7689,5.5462,186.2082,188.6994,123.9538,128.1451,132.6606,185.4148,183.2255,180.1974,131.5919
1464,179.5961,185.1545,5.7697,186.1451,188.4126,124.8095,127.4596,132.3548,185.3840,183.1285,180.0218,131.5245
1465,179.3000,185.9423,5.1504,186.6527,189.0315,124.1248,127.3015,131.8610,184.8854,183.2050,180.3578,131.9196
1466,178.6375,185.0588,5.2787,186.5736,189.0904,124.2465,126.5887,131.5896,184.4645,183.0922,180.9159,132.1708
1467,178.3259,185.2342,6.1801,187.5675,188.4148,123.5922,127.0775,132.2311,185.1026,182.4939,180.7213,132.8350
1468,179.2188,185.3542,5.8915,187.6453,188.5696,124.2413,127.6843,133.0468,184.6744,182.3119,179.9819,132.2882
1469,179.0791,185.6537,6.3877,188.4464,189.0393,124.5664,127.2712,131.2523,184.5789,182.7339,180.2982,132.0785
1470,179.9092,186.1619,6.0176,188.3009,189.7845,125.0847,127.6977,131.8372,184.6651,182.3205,180.1794,132.1755
1471,179.6725,186.6583,5.5777,188.1415,189.3016,125.0803,127.8072,131.6157,183.8716,182.4692,179.7739,132.3095
1472,179.8043,187.2267,6.2505,188.3436,189.7533,125.4788,127.6619,131.6985,183.0441,183.3807,179.0814,131.8676
1473,179.7783,186.8696,5.5321,187.6782,189.8473,125.1733,127.9121,132.1291,183.2193,182.8481,179.2974,131.6935
1474,180.4066,187.0826,4.9579,188.1759,190.2566,124.8252,128.2768,131.7219,183.7053,183.0791,179.1105,131.6275
1475,180.2740,186.4747,5.2263,188.2284,189.1689,125.3399,128.3196,131.1170,184.4163,183.4165,179.6203,131.9326
1476,181.5022,186.9694,5.8430,189.0765,189.6232,126.0014,127.9354,130.7317,183.5534,183.4491,180.3537,131.1235
1477,181.1471,186.7486,5.9248,188.7789,189.1925,125.1887,128.1464,130.8984,183.8565,183.5973,180.5833,130.9586
1478,181.2842,186.5332,5.5221,188.8451,188.8600,124.8269,128.2829,130.6455,183.8040,183.7546,180.1541,131.1616
1479,181.3098,185.8046,5.5687,188.7983,189.0901,125.7579,127.7741,131.1030,184.2675,184.0821,179.7374,131.2013
1480,179.3329,186.6942,5.4082,188.5876,189.9315,125.5468,127.8075,130.5408,184.5948,184.1336,179.9548,130.8639
1481,179.0226,186.5089,5.1500,188.8085,189.6036,124.6558,127.5493,131.6251,183.9085,184.0136,180.8598,131.7254
1482,179.4462,185.6795,5.4537,187.9358,189.8049,124.7195,127.7744,130.9521,183.7666,183.7829,181.2717,131.2093
1483,178.8024,185.9272,5.8277,188.0050,189.7470,125.1742,128.0628,130.2493,183.8102,182.6826,180.9569,130.8221
1484,178.0609,185.4520,6.0230,188.0888,189.5613,125.2096,127.8970,130.8428,183.0754,183.2875,181.3108,131.1448
1485,178.2869,185.0878,5.9252,189.1112,190.0085,124.6574,127.8182,130.9660,183.2595,183.2949,181.1319,131.1037
1486,178.2637,185.1429,5.2614,188.9930,189.3228,125.4695,127.3297,130.5453,184.2164,183.8690,180.6274,131.2772
1487,179.3503,185.9519,5.9895,189.4733,190.5476,124.9704,127.7879,129.9933,184.2911,182.5538,180.6527,132.0389
1488,178.2533,184.8935,6.1485,189.7006,189.3933,124.7178,127.2800,130.6191,183.1529,183.3209,180.9245,131.8632
1489,179.0243,185.4174,5.3754,189.8539,189.9372,124.5649,127.3692,129.3350,183.3099,182.7546,181.5139,131.3677
1490,180.2392,185.4990,4.9660,189.8263,189.3165,124.1883,127.9623,128.6523,183.2525,183.2382,181.3071,131.9324
1491,179.1387,185.2434,5.0046,189.3627,188.4333,125.4279,127.5848,129.8403,183.7186,183.7023,180.9135,131.8197
1492,178.7479,185.4821,5.4968,188.1529,188.0715,124.9950,127.8225,129.8951,183.8979,183.8308,181.3674,132.0427
1493,179.0677,185.9775,5.1923,188.4245,188.3791,125.0205,127.8220,130.6682,182.6265,184.2719,181.5628,132.6483
1494,179.6851,185.7590,4.5747,188.9746,188.3173,125.0207,127.3161,131.4345,183.0786,184.4201,182.2388,131.4759
1495,180.0607,184.9343,3.9820,188.2934,188.4287,124.1145,128.1647,131.0710,182.2992,185.0949,182.2302,131.8725
1496,179.4417,186.2359,4.8305,187.3222,189.1695,125.0553,128.0072,131.2507,182.9356,184.9650,182.5557,131.5100
1497,179.1224,185.6037,3.5642,187.9382,188.8705,124.5498,127.1677,131.5108,182.6105,184.3480,182.2901,131.8473
1498,179.5354,185.4010,3.8798,188.3724,188.9378,124.5677,127.4250,131.8162,182.7117,184.2301,181.6441,131.1611
1499,178.8683,185.4312,3.9218,187.2458,188.9053,124.6240,127.8995,131.3358,183.8483,185.0651,181.3626,131.6840
1500,179.0296,185.0958,4.5312,188.3949,189.2264,124.8876,128.0218,130.8873,183.3540,184.2544,181.6559,131.9092
1501,179.3838,185.2682,4.9744,189.3472,189.4692,124.8415,128.5730,131.3236,184.0067,184.0658,181.9360,131.4534
1502,178.9423,185.2270,5.5675,189.8136,188.5309,124.1792,128.5408,131.0280,183.4396,184.4094,181.2243,131.1732
1503,179.4443,184.6723,5.4953,189.9295,188.7633,125.1837,128.3599,131.3337,183.3353,184.5612,181.7587,130.7083
1504,179.7712,184.4386,5.3668,189.1088,188.4592,124.8615,128.8246,131.4147,184.1907,185.0553,181.6515,131.0190
1505,179.4936,183.8011,5.5046,188.7682,190.1034,125.2120,128.5465,131.3673,183.2979,185.0537,181.0868,130.8087
1506,180.8000,185.0023,5.4894,189.0153,190.4406,125.1717,128.7263,130.3131,183.2997,185.2250,180.8712,130.7951
1507,180.2202,184.8988,5.6554,189.5321,190.7024,124.0108,128.4810,130.3207,184.1441,184.4184,181.0247,130.6265
1508,179.7813,185.0353,5.0507,189.0845,189.8947,124.2106,128.9120,130.6039,183.7490,184.0513,180.4586,130.6792
1509,179.0143,184.2693,4.7322,188.9066,189.4820,124.0934,129.0761,131.3955,184.3518,183.8804,180.1126,130.4126
1510,179.7936,184.7930,4.3676,188.7847,189.8509,124.4777,128.5088,131.6051,184.6129,184.3723,179.4406,130.6889
1511,180.7032,184.8943,4.0127,188.5650,189.6755,124.2317,129.4462,131.8815,184.9430,184.0572,179.4945,130.9589
1512,179.7239,185.5341,4.5702,188.2657,189.5279,124.1397,129.2182,130.6701,184.3270,184.1732,179.7487,130.7556
1513,179.7445,185.4185,4.0586,188.3915,190.0078,123.9968,128.8605,130.8870,184.2431,183.9080,180.0543,131.0593
1514,180.5194,186.4944,4.7783,188.4872,190.7002,123.8461,128.7863,130.8025,185.1837,183.9815,180.2238,131.2038
1515,180.4292,185.5767,4.6001,188.9450,190.3729,123.5236,128.2622,130.0068,185.0029,184.1678,179.8502,131.1529
1516,180.2417,186.2283,4.4614,188.7489,189.9624,124.2554,128.7301,131.7753,184.8402,183.7941,180.2928,130.7693
1517,180.4894,185.1200,5.8042,188.6313,190.1930,123.6856,128.7678,131.8828,184.0972,183.9339,179.3120,131.3943
1518,180.0194,185.1228,5.3089,187.9210,189.7621,124.4139,128.7288,131.8248,183.7061,184.2969,179.6621,131.7542
1519,180.8969,184.5263,5.8958,188.7154,188.6642,123.7471,129.0371,131.5275,183.2347,183.5407,179.2480,131.2960
1520,180.7840,184.9907,5.7021,187.4403,187.2530,124.1876,128.0883,131.9854,183.9216,183.5275,179.6001,131.2957
1521,180.3169,185.5095,6.3623,187.7995,187.8194,124.8333,127.9036,131.4847,183.1012,184.3175,179.9604,131.0849
1522,180.5389,185.1985,6.5373,188.1104,189.3705,124.3497,128.6289,131.5249,183.4060,183.7839,179.4534,131.6865
1523,180.6263,185.7231,5.9297,187.7986,190.0384,124.0470,129.0258,132.2159,183.1816,183.9555,179.8723,130.8649
1524,180.7163,185.6851,6.0275,187.9030,189.3542,123.5524,128.3704,130.9777,182.9155,184.1386,179.1988,130.8737
1525,179.9340,185.6378,6.5458,188.7741,190.0344,124.1248,128.6173,132.0654,184.1809,183.8302,179.3480,130.7004
1526,181.1097,185.5186,7.0456,188.6697,189.3614,123.9684,128.7213,132.0615,184.1598,183.0519,179.2764,130.9856
1527,181.4386,184.5335,7.0936,189.0236,188.3230,123.7323,129.0460,132.4688,183.5496,182.4779,178.7233,130.2100
1528,181.5126,184.2139,7.1864,188.1369,188.9565,124.6019,128.7102,131.5586,183.3789,182.9116,178.8489,130.5467
1529,181.5823,185.2090,7.0299,188.3290,188.3958,124.5923,129.2332,132.9843,184.0650,182.1285,179.3387,130.9373
1530,181.8874,185.7127,7.0118,188.1875,188.1743,125.7117,128.7997,133.0260,183.9158,182.1315,178.9192,130.3626
1531,181.6133,184.5123,6.4324,189.0715,189.3634,125.2512,129.0527,132.8087,182.8793,182.5752,178.8879,130.6924
1532,181.6034,184.7281,6.4593,188.3186,189.8027,125.1234,128.4185,132.8913,183.3569,183.0443,178.9643,130.5918
1533,180.6499,184.9586,6.2960,189.6096,189.9094,125.0982,128.5699,132.6299,184.2891,183.3722,179.1395,131.2773
1534,181.2063,184.7053,5.9235,189.3457,189.9959,125.3302,129.6547,132.4653,184.1723,183.4017,178.4229,130.9355
1535,181.9735,184.0062,5.1689,188.1735,189.6392,124.9660,129.0310,132.4134,184.0497,183.2892,179.7908,130.6298
1536,181.8700,184.4451,5.4681,187.1606,189.3606,125.4063,128.9974,133.3727,183.9605,183.4062,180.0226,131.1162
1537,182.3464,184.2994,6.4335,187.3078,189.4448,124.9805,129.0606,132.1257,183.7922,183.3789,180.6349,130.6009
1538,182.8827,185.3587,6.2354,186.8391,190.2933,124.7792,129.2128,132.2446,183.6767,183.2954,180.9777,131.3562
1539,183.9497,184.9105,7.5789,186.1656,189.6660,125.0599,128.7379,131.9724,183.6050,182.9599,181.1271,130.5771
1540,183.1963,185.2941,8.4364,186.2938,189.9083,124.5647,129.0635,132.1950,183.5680,183.0581,181.8779,130.5021
1541,183.7970,184.6192,8.7048,186.2659,190.2467,124.6029,128.5117,131.6398,184.2071,183.7069,182.0734,130.0819
1542,182.1170,185.0320,8.1292,185.7466,190.6237,124.4970,128.0874,132.1830,182.8054,183.4732,182.3252,130.0259
1543,182.4539,185.4876,7.4559,185.5424,189.9749,124.1202,128.5323,132.0763,183.4881,183.5667,181.7687,130.3286
1544,183.0740,186.1000,8.0538,185.6618,190.7303,123.9869,128.2554,133.0863,183.1129,183.5909,182.1959,130.2618
1545,182.6078,185.4566,7.6345,186.4535,189.9064,124.2852,128.7258,132.4366,183.6889,183.3933,182.2536,130.3570
1546,182.4531,184.7480,7.8136,187.2834,190.0874,123.8114,128.5419,132.7202,183.5273,182.9388,181.7481,130.4456
1547,182.8713,184.7752,6.7146,186.3681,190.6296,124.0006,128.1901,132.5205,184.1295,183.3263,181.8268,130.8769
1548,183.1567,184.4595,133.0263,185.9932,189.9969,123.8157,128.8893,133.4994,184.9897,183.4788,181.4807,131.2084
1549,182.2742,185.5153,132.5746,187.3345,189.1578,123.7705,128.7114,132.9377,184.9840,183.5509,181.1144,131.0105
1550,181.7748,185.7892,132.6753,186.2096,190.2208,123.8637,128.5830,133.8229,183.6376,183.6686,181.6746,130.5595
1551,182.0656,185.8213,131.7485,186.5266,189.6480,124.6680,128.9906,133.1024,182.9864,183.9754,180.9676,129.8898
1552,182.2703,186.6691,131.7612,186.5796,188.5455,124.9486,128.5875,132.1937,183.0693,182.9960,180.9517,130.8538
1553,181.9249,186.9184,132.5796,186.3727,188.8005,124.4889,129.1901,132.6513,183.8246,182.4431,181.9423,130.5751
1554,181.7674,186.1791,132.0102,186.6676,189.4784,124.2631,129.2106,133.1708,182.9219,182.7037,182.0727,130.6232
1555,181.5784,185.8643,131.6806,186.9623,188.7720,124.2826,129.2661,133.1201,183.8512,181.7813,181.7434,130.6774
1556,181.2109,186.5887,6.0382,186.2851,188.7648,124.6695,129.5282,133.1709,184.0562,182.6761,181.0346,131.2174
1557,181.3294,186.8468,131.9744,187.5820,189.4330,124.3082,129.5575,132.0657,184.0731,182.8848,180.8125,130.9959
1558,180.9203,186.1878,131.4496,186.9070,190.0809,124.0772,129.2453,133.2991,183.8711,182.9265,181.1204,130.6020
1559,181.5616,186.1431,130.3920,186.0952,189.8756,124.7359,129.9323,133.6252,183.1889,182.2578,180.9287,130.4744
1560,181.1912,185.6519,130.2278,186.1307,190.0194,124.2109,128.8273,133.0761,183.5619,182.8194,181.1960,131.5381
1561,181.9563,185.7689,130.4484,186.1287,190.5305,124.2732,129.1084,133.3952,183.3994,182.9212,181.6351,131.9067
1562,180.4155,185.8175,131.0705,186.2778,190.4683,124.1670,128.7979,133.5473,182.9949,182.6988,181.5251,131.3690
1563,179.9176,186.4016,132.0755,186.8918,189.6552,124.3756,129.0713,133.0714,183.3021,182.5796,181.6530,131.7214
1564,180.4969,186.8477,132.0792,187.1685,189.1556,124.7922,128.3716,133.3194,184.4184,182.2673,181.7635,131.4294
1565,179.8877,185.4106,131.9386,186.1631,189.1390,124.1389,129.0190,133.1469,183.4196,183.0028,181.4942,131.1713
1566,180.7686,186.4931,132.2142,186.5092,189.9533,124.2300,129.3119,133.8358,183.8152,182.5615,180.1932,132.2912
1567,180.9226,186.3226,132.2229,186.7774,190.1032,124.4521,129.0838,134.5940,183.7614,182.8132,180.2647,131.8766
1568,181.3679,185.9799,131.9028,187.9420,189.9625,124.9885,129.7303,134.7250,183.4130,182.7763,180.3546,132.0649
1569,182.1015,186.0326,132.2377,187.8757,189.9655,123.8939,129.6615,134.0290,184.0919,183.6182,181.0982,131.9615
1570,181.1595,185.2072,131.8599,187.1987,189.1159,125.1990,130.0299,133.8427,183.3561,183.6612,181.6697,132.4452
1571,180.2181,185.4916,132.5896,187.4003,189.6508,124.7763,129.3463,133.8042,183.6185,183.2834,181.3461,131.9100
1572,179.7929,185.7249,6.3921,187.2188,189.8531,125.5652,129.0851,133.7293,184.0084,183.5744,180.7453,131.8335
1573,180.3997,185.9653,132.8799,188.3172,190.3451,125.3094,129.7754,132.4970,184.2641,182.7314,181.2267,131.9379
1574,180.1423,186.3808,7.2709,188.4970,189.6854,125.1702,128.6710,133.3147,184.5229,183.2261,180.8606,132.4236
1575,179.2775,185.0535,132.7890,188.3834,189.2167,124.9215,129.8238,133.5115,185.2420,183.6062,180.8463,132.3775
1576,180.6860,185.5350,6.8945,187.4336,189.4812,124.2500,129.3060,133.1774,184.9356,183.2835,181.4729,132.3926
1577,181.2157,184.8076,7.4593,187.2762,189.6452,123.9316,128.6596,132.8656,185.4704,183.2701,181.0274,131.7875
1578,182.5353,186.1627,7.8415,187.4849,190.0387,124.6190,128.9686,133.5741,185.1222,183.4850,181.5504,132.7126
1579,182.2518,186.0449,133.0825,187.8419,190.6248,124.3466,129.1868,133.2106,184.9710,183.7632,180.8958,132.7577
1580,182.3103,186.0383,132.0950,188.3989,190.2184,123.9908,128.9783,134.1813,185.2793,183.4111,181.3371,132.7172
1581,181.7813,185.0379,132.6499,187.9099,190.0979,124.7772,127.1028,133.1455,183.9151,183.1775,181.4415,132.7399
1582,181.5879,186.3286,6.8591,187.8589,188.9427,123.5717,127.7187,133.2800,183.6902,182.9874,180.7594,132.4482
1583,180.3516,185.8436,6.8293,187.9986,189.1035,124.6128,128.1047,133.7870,184.9843,183.3489,180.9893,132.3319
1584,180.8234,186.2416,6.9248,187.8278,188.3262,124.5059,128.7218,133.6105,184.2651,183.3546,180.2291,132.7114
1585,181.0267,185.0235,6.2061,187.6090,188.5643,124.3108,128.3637,133.5906,184.7652,182.6969,180.5858,132.7673
1586,181.5186,185.6222,5.9985,187.4849,188.4639,125.2129,128.7365,133.7230,185.2163,183.2628,180.2431,132.3275
1587,181.3855,186.0118,6.5324,187.5703,188.4547,124.8892,128.0187,134.1179,184.9443,183.2960,179.4733,132.5377
1588,180.5482,186.3677,6.3745,186.0913,188.2806,125.3608,127.0009,133.2213,184.5607,183.6956,179.3458,132.7933
1589,180.2811,186.7929,6.4748,186.3711,189.0004,124.7080,128.3414,133.0030,184.5420,183.2165,180.2278,133.0643
1590,180.0243,185.8948,5.2549,186.7129,189.0137,124.4600,127.8733,133.0350,184.0657,182.8568,179.8946,132.7981
1591,179.2638,186.0128,5.4502,187.1900,188.4082,124.6764,128.0857,133.7098,183.8767,183.6509,180.0569,132.7711
1592,179.6746,186.1035,6.3828,187.0101,188.7336,125.1056,127.6492,133.5291,183.3976,183.2436,179.7114,133.0328
1593,180.3400,185.4893,6.6805,187.4122,189.8979,124.5534,127.7433,132.9645,183.2232,182.6148,179.0437,133.0213
1594,180.7854,185.1543,5.7513,187.2521,190.2747,125.4794,127.9472,133.7348,183.2324,182.7691,179.2667,132.9396
1595,181.6455,186.0779,5.9867,187.8058,190.1431,124.6743,127.6603,133.3867,182.7572,183.0563,179.2641,132.6635
1596,180.9859,186.4230,5.8444,187.9888,189.7947,124.8856,127.8567,133.3935,182.7042,183.6685,180.5530,132.3283
1597,180.4013,186.4709,6.3295,188.3375,189.7178,124.8041,127.5405,133.1215,183.0019,183.7854,180.6584,132.6746
1598,179.4328,186.0536,6.3242,188.4133,190.3731,125.4094,127.0663,133.3347,183.2227,183.2894,180.8287,132.7814
1599,179.9802,185.9919,6.4987,189.4379,190.3642,125.7129,127.2884,133.2449,183.2717,182.5359,180.0958,133.0389
1600,180.3691,184.9736,131.8112,189.5734,189.1562,125.5366,127.1561,133.1417,184.0196,183.5007,180.3936,132.7404
1601,180.9363,185.4266,132.4281,189.9630,189.1628,124.3544,127.4871,132.1569,183.4011,183.5668,180.6069,132.1621
1602,180.3824,186.2727,132.7624,189.9659,188.9502,123.6725,127.0316,132.1280,182.0063,183.3268,180.5186,131.9037
1603,179.9822,186.2121,132.7290,189.1623,189.3583,123.9285,126.7725,132.2826,183.3570,183.1195,180.0719,132.5634
1604,180.2449,186.5419,132.2618,189.9345,189.0550,124.9491,127.0066,132.1120,182.9003,182.8107,180.4286,132.2306
1605,180.7462,186.4789,132.1511,189.9959,189.9275,124.4249,127.1329,132.8511,182.4541,183.1839,181.0695,132.2245
1606,179.9702,186.2817,132.4818,189.7356,188.4855,124.4676,127.6294,133.2765,181.9574,183.1599,180.5368,132.5940
1607,179.4773,186.3250,132.5543,188.9347,188.8781,125.5463,127.7439,133.7614,182.6711,182.7042,180.8027,131.9645
1608,178.5750,186.4179,131.8297,189.3793,189.6924,125.0343,127.7224,133.5272,182.2266,183.2885,182.0144,131.9055
1609,178.6910,186.4487,132.4501,188.8789,189.7301,124.9634,127.9799,133.5906,182.3455,182.5542,181.7879,131.4537
1610,179.3143,185.8820,132.5663,189.0846,190.1181,125.0819,129.1695,133.4350,182.9897,182.1339,181.4217,131.5860
1611,179.6916,186.0698,132.8009,189.1912,189.6286,125.6272,127.8729,133.8673,182.6126,181.9341,181.1476,131.7407
1612,178.9811,186.2326,132.6263,189.0485,190.4593,125.0417,128.9803,134.0190,182.9880,181.8197,181.4757,131.3321
1613,179.7377,186.3522,132.1608,188.8418,189.6667,124.0004,127.9738,133.6496,183.1925,181.5461,180.8296,132.0529
1614,180.3178,184.8508,133.4270,189.2150,189.3896,124.8453,127.5349,133.5984,183.0967,182.6445,180.8614,132.3193
1615,179.4525,186.3117,133.6083,188.3879,189.5186,124.6916,127.9100,133.7280,183.1228,182.3903,181.7376,132.3693
1616,178.9188,186.3219,133.3756,188.3703,189.8707,123.6396,127.3203,133.3793,183.1154,181.8077,181.1266,132.3668
1617,179.6295,186.4059,132.1129,187.6806,189.9851,124.3652,127.5845,133.5744,182.9583,181.6495,181.1171,132.8674
1618,179.5937,186.8946,134.0091,187.3634,189.3267,125.3153,127.3445,133.2593,183.4369,181.5633,181.4785,132.6320
1619,179.4758,187.0317,134.2265,187.9368,188.4433,125.1780,127.0892,133.6304,182.6529,182.2699,181.7013,131.7861
1620,178.4452,186.9774,133.6038,188.5332,188.2583,125.1631,126.7999,133.9135,183.6012,181.4797,180.1733,132.2149
1621,179.1402,185.5657,133.6985,188.8478,189.1538,125.5230,127.2886,133.6869,184.0015,181.3573,180.0235,132.3182
1622,179.7218,185.5613,132.4606,189.4401,189.6965,125.2313,127.4514,133.6519,183.8966,181.2372,181.1075,132.5285
1623,179.7475,185.8932,5.5787,189.1768,188.9814,125.2730,127.4531,133.5335,183.3703,181.3800,181.2328,132.5984
1624,179.1812,186.0665,132.2941,189.4667,188.6739,125.2400,127.5524,132.8041,182.9135,181.2645,180.8673,132.4890
1625,179.3760,186.2311,5.8544,188.9753,188.8313,124.1410,126.6095,133.1848,183.0573,181.3533,181.4261,132.6752
1626,179.4696,185.4550,5.4177,190.4647,188.3946,123.2849,127.5197,132.9839,181.9573,181.7798,181.1368,132.2171
1627,179.1194,185.1817,5.2390,190.3628,188.4109,124.0850,128.1162,133.5873,181.9387,181.5976,181.5102,132.7566
1628,178.7445,186.0122,6.6618,189.2942,188.7429,124.6196,128.0195,133.3411,181.1974,181.9149,181.3090,132.5478
1629,179.4037,186.1899,6.7573,189.8364,188.4052,124.3565,126.8982,133.4408,180.7397,182.3089,181.2139,133.0276
1630,178.9749,185.3287,6.9663,189.9817,188.8853,123.9960,127.4983,133.0624,182.2574,181.4615,181.2485,132.9686
1631,180.3330,185.0710,7.2069,189.4082,189.8394,124.0160,126.9247,133.6548,182.7051,181.7085,181.2890,132.7484
1632,180.2295,186.3379,6.2568,190.0532,190.7136,124.4138,126.8773,134.0888,183.0922,182.6294,181.5456,133.2920
1633,179.5494,185.6555,6.9401,189.6758,189.0080,124.9464,126.7331,133.4399,183.2796,182.4817,182.4391,133.3446
1634,179.8738,186.2924,6.0013,190.0237,190.4517,124.8692,127.1067,134.4496,183.6597,182.3436,183.0344,133.1085
1635,180.7464,185.7469,6.0177,189.8633,189.8986,124.3038,127.0217,133.4483,182.9391,182.4023,181.8091,133.4977
1636,180.7415,185.9660,5.9992,189.2690,190.1274,124.5536,127.2828,133.2848,183.1700,182.4294,182.1903,133.5771
1637,180.1728,185.5878,132.9136,188.2348,190.2299,124.6664,127.0568,133.3058,183.3169,182.6118,182.4370,133.4568
1638,181.6818,186.5238,5.5300,188.2558,191.0711,124.7466,126.9678,133.9815,183.5884,181.9983,182.0614,133.3152
1639,181.2464,185.4157,5.9292,188.2587,190.4619,124.8272,126.9364,133.4918,183.4013,181.9128,182.1541,133.7691
1640,181.6511,185.3835,131.9812,188.9123,191.1375,124.6353,126.4879,134.3144,184.1702,181.3668,182.2200,133.2037
1641,182.1639,185.9639,5.2500,188.8183,190.4998,124.4302,126.7946,133.5364,184.2024,180.3545,182.7834,133.1195
1642,181.2675,186.0176,131.2468,189.1853,189.8145,124.4162,126.7038,132.7756,184.1318,180.2675,182.6063,132.5444
1643,181.5397,186.4615,130.7975,189.8870,189.0703,124.4557,127.2837,133.1022,184.2745,180.9152,182.4559,133.0170
1644,180.9218,185.9213,131.5909,190.6287,190.5040,124.4142,127.1301,133.1063,184.4513,181.9043,181.9128,133.0090
1645,180.8352,186.5641,130.4958,191.0481,190.1126,124.2357,126.9427,132.8858,184.7975,181.4286,181.1165,132.9102
1646,181.3889,185.5829,131.5795,190.6594,190.3650,124.4212,127.1943,133.7506,185.0061,181.8982,180.8996,132.7388
1647,180.8440,184.6840,5.0530,190.0855,191.5002,124.2172,127.5040,133.3671,185.1908,182.0860,181.0918,132.9513
1648,181.0319,184.7920,4.9490,190.4016,190.9643,123.7909,127.4148,133.3257,185.1456,182.1798,181.0668,133.2993
1649,180.5663,184.4217,4.1231,191.1169,190.8077,123.9383,126.8133,133.4429,185.1339,181.6117,181.2029,133.1833
1650,179.8971,184.8508,130.8491,191.8179,190.7045,123.4452,127.3206,133.2164,184.0631,181.3070,181.1026,133.1857
1651,179.6940,184.3665,131.3059,191.8427,190.3241,123.7013,126.8412,133.2102,184.2611,182.2964,181.4250,133.8268
1652,179.2853,185.0332,130.5369,191.3565,190.6973,124.1716,126.9105,132.3352,184.0326,182.0843,181.0090,133.5604
1653,179.2763,184.3664,130.9646,191.6953,190.0605,124.3174,127.0958,133.0050,183.8142,183.0006,180.9244,132.5210
1654,178.7804,184.1030,131.6025,191.3753,190.0100,124.4617,126.8015,133.1392,183.5048,182.1439,181.0656,133.2078
1655,178.7832,184.6963,130.8886,190.1301,189.5700,124.0513,126.6005,133.4612,183.9980,182.5752,180.7606,132.7166
1656,178.3212,185.1371,131.4667,189.6686,188.6795,124.2162,126.7678,133.9284,184.5563,182.7720,182.2983,132.5979
1657,179.5122,184.2633,131.5110,189.6526,188.9590,124.0801,127.1507,134.3931,183.8073,182.3349,181.6810,132.7630
1658,179.5836,184.0543,131.3063,190.3417,188.8610,125.5590,126.1186,135.0076,183.3480,181.9617,181.4334,133.1231
1659,179.2339,184.7283,130.7330,190.2223,188.8917,124.7838,127.4624,133.5320,184.0868,181.5325,181.2905,132.7854
1660,179.8981,184.2091,130.9454,189.8509,188.6265,124.8065,127.4570,134.4418,183.7292,181.8460,180.4804,132.5530
1661,180.2451,184.9961,130.9192,189.6220,188.9521,124.8465,127.2343,133.9648,184.3986,181.6552,180.8838,132.3379
1662,180.3023,184.4203,131.4554,189.5497,189.0768,125.2548,127.3892,133.9849,184.3914,182.5765,180.0739,132.3205
1663,180.7283,184.8307,131.1715,189.3610,190.0286,125.2635,126.7284,134.3074,184.8234,182.9317,181.0207,132.4033
1664,179.7663,184.7137,130.9131,189.3935,190.7676,125.0247,126.3601,190.5243,184.6996,183.1748,180.9230,131.7988
1665,179.6135,184.9884,130.8449,189.8928,189.6110,125.1620,126.7287,190.9990,185.3422,182.8770,180.7516,132.1959
1666,179.1357,185.0454,130.8530,189.3476,189.4910,124.7449,126.9226,134.0669,185.1154,182.3951,180.9179,131.7850
1667,178.6712,185.6583,130.6801,190.0469,189.4557,124.4305,127.2518,190.4150,184.7831,183.2217,180.7314,131.5259
1668,179.5160,185.6485,130.6772,189.3995,189.6590,124.7361,126.1585,191.0484,185.2786,183.2987,181.3109,130.9326
1669,179.9798,185.2475,130.5454,189.4236,189.1030,124.8509,126.5061,191.8544,185.8011,184.4018,180.9725,130.6373
1670,179.8714,185.4730,130.3447,189.5715,189.8146,124.0702,126.0909,134.8048,184.8746,184.1064,180.4351,130.0803
1671,180.0589,184.6720,130.7073,188.4879,190.0336,124.5083,125.5292,133.8129,184.1034,183.3490,180.7563,130.6406
1672,181.3589,184.6660,130.8329,188.1835,190.0717,124.9002,125.9011,133.5626,184.0811,183.2414,180.5395,130.9788
1673,181.9897,185.2835,130.9088,188.0359,190.6683,124.8086,126.2285,134.1652,184.5963,182.9880,180.5669,130.9544
1674,182.0147,185.0009,130.7795,188.5416,189.8969,124.7984,125.9452,133.6310,185.0302,182.6136,180.4336,131.4433
1675,182.6070,185.8113,131.4598,188.7993,190.6510,124.3935,126.3670,189.3078,185.2740,182.5511,180.5101,131.5159
1676,181.9924,184.8554,131.8626,189.3995,189.7919,124.3521,126.6294,133.5990,185.3390,183.4647,180.6064,131.5765
1677,181.7124,186.0293,132.4058,189.1912,189.7253,125.3329,126.4123,133.4583,184.9751,182.7293,180.5622,131.5952
1678,180.8412,185.0085,131.8525,189.1563,190.3286,124.7006,126.3730,189.3371,185.1007,182.5827,180.8111,131.9962
1679,181.0250,184.3129,131.5543,188.8771,189.4265,124.9373,125.9731,133.4909,185.6028,182.9347,180.6085,132.0437
1680,180.3089,184.5009,132.2052,188.2614,189.8719,125.4906,126.3592,134.3057,185.8087,182.9101,179.3080,131.7993
1681,179.8137,183.9167,132.2381,189.8914,189.5592,124.9159,126.2692,190.6234,185.9265,183.3989,179.8555,132.4049
1682,179.9364,184.0749,132.5113,188.8090,189.7719,125.2110,126.4360,190.2107,185.6335,183.2435,179.8204,132.4325
1683,179.8532,184.3240,132.7327,189.3972,189.9504,124.6265,126.5292,191.2166,185.2203,182.4961,180.3667,132.4076
1684,179.1207,183.7310,132.2040,189.1797,188.8380,124.9912,126.8246,189.6311,185.5178,182.7297,180.8248,132.1965
1685,179.7268,183.1665,132.9831,188.6709,189.8464,125.1242,126.7133,189.8959,185.3928,182.9918,180.6648,131.8765
1686,179.2136,184.7420,132.9243,189.2360,190.1240,124.8330,126.8545,190.1454,185.5962,183.2996,180.9156,132.2717
1687,180.1475,184.9475,132.2574,189.0201,189.3289,124.9463,126.3315,134.0830,184.5896,182.9581,181.2748,132.2106
1688,179.9242,184.2664,131.9790,189.9942,189.2437,124.7317,126.0702,191.2424,185.0669,182.9209,181.9628,132.5372
1689,181.0839,184.7208,133.0185,189.4454,188.7890,125.1542,125.9127,133.6152,184.7403,182.8932,182.5117,132.0931
1690,180.0216,185.6747,132.9024,189.8213,189.5728,125.3333,125.9848,133.2909,183.9467,181.7002,181.5593,132.6822
1691,180.7239,185.2042,132.4195,189.6200,189.4400,125.9504,126.1760,133.7338,184.0605,182.4756,181.6233,132.4037
1692,180.5649,185.2736,6.7699,189.8796,189.7745,125.6671,126.0690,133.4134,183.7535,182.1820,181.0549,131.7744
1693,179.8868,185.2381,6.8209,189.2339,189.3035,126.3413,126.5958,132.9960,184.1067,181.8987,182.2363,131.7407
1694,179.5477,185.3581,6.5188,188.3009,188.7526,126.1546,126.5929,133.5570,184.4158,181.8058,182.7071,131.1882
1695,179.3287,185.4155,6.5323,187.6437,189.1439,126.7972,126.2882,132.3732,184.4224,182.0213,182.8765,130.8597
1696,180.4006,184.7953,132.3283,188.3689,189.1906,126.5035,126.2723,133.0768,183.6868,182.5015,182.3456,131.5400
1697,180.8778,185.1070,132.2420,189.0502,189.3194,127.0247,126.4738,132.7294,184.4596,182.1870,181.8451,131.2209
1698,180.4653,185.1066,131.9568,189.2420,189.2770,125.9352,126.9936,133.1370,183.9662,182.6416,181.9744,131.1648
1699,181.1789,185.1050,131.1885,188.1970,189.4361,126.8676,126.6525,133.8711,184.1291,182.3664,181.7991,130.1961
1700,183.0103,185.4836,131.3681,189.0753,189.9365,126.5462,126.8059,133.6228,184.8951,182.7625,180.8897,130.6043
1701,182.7450,185.3157,131.5970,189.6750,189.6152,125.9074,126.4875,133.9848,184.5640,182.7581,181.2476,130.6561
1702,182.7606,184.7686,132.0990,189.6926,190.2490,126.1978,126.6920,133.5992,184.3737,182.6194,180.4153,131.5218
1703,181.4738,185.9189,131.9470,189.0440,190.3794,126.4784,126.4910,133.7523,183.3293,183.2081,180.8833,131.2890
1704,180.1290,186.2306,5.9550,189.5800,190.0967,126.1623,126.2218,133.4913,184.0890,183.3275,181.6089,131.2212
1705,180.1187,185.4879,6.6138,189.0439,190.6358,125.9820,126.6418,133.8701,184.7107,183.0503,181.3618,130.9297
1706,179.9645,186.1544,132.2283,189.0719,190.6261,127.0246,125.4776,133.8387,184.4830,183.6182,181.0538,131.2866
1707,179.7852,186.0739,132.2199,189.7164,189.7544,127.6816,125.3915,133.9377,183.5355,183.3654,182.1058,131.2119
1708,179.1410,186.3443,132.8294,189.6132,188.8625,127.2981,125.7795,133.6499,183.1748,183.6339,181.4288,131.1878
1709,179.8755,185.9523,132.5424,189.7959,190.1295,127.2767,125.6099,133.0470,184.1665,182.9388,180.3745,130.7696
1710,179.9857,186.6190,132.0175,189.7681,188.7887,127.6924,125.7764,133.5602,184.1925,182.6815,180.6024,130.7509
1711,180.1662,185.9822,5.6446,190.2266,188.9506,127.3107,126.2247,133.4158,183.4615,182.0077,181.0475,130.9534
1712,179.6366,186.7527,5.3523,190.4102,189.3561,127.0455,125.8955,133.4568,183.5994,182.5533,181.6395,130.6427
1713,179.6183,186.4652,5.5800,190.6626,188.9658,126.9899,126.0117,132.7317,184.0019,183.7311,181.4388,130.9512
1714,179.6820,186.2414,6.2362,191.3343,190.1066,127.6456,126.8548,133.3614,183.4710,182.8090,182.1408,131.3118
1715,180.1155,185.8227,6.2007,190.8635,190.3565,127.5051,126.2019,190.5599,182.7532,183.5443,182.2684,131.3330
1716,180.9499,186.2326,5.7981,191.1727,190.8781,127.9710,125.6781,132.9440,182.9533,183.6951,182.1381,131.1893
1717,180.8510,187.0292,5.4508,190.1784,188.9335,128.1306,126.5031,133.5034,183.9264,182.6580,181.5220,131.5718
1718,181.2237,186.9368,6.0907,190.6011,189.3702,128.6899,126.4253,132.2311,183.5964,182.8495,181.3261,130.9779
1719,180.0036,187.0935,6.6260,189.6168,188.0991,128.4063,126.0647,132.7068,183.7720,183.2083,180.9365,131.3904
1720,180.0533,186.8325,5.7507,189.1623,188.3698,128.4912,126.6767,132.8608,183.5571,183.4075,180.9666,130.8962
1721,180.5159,187.1910,5.4071,189.2691,188.7207,128.6828,127.0602,132.9188,184.1281,183.0333,181.8198,131.1368
1722,181.3466,186.6798,6.9470,189.7639,188.8910,127.9649,127.2949,132.0536,183.4058,183.1946,181.0157,131.1490
1723,181.3114,185.2291,6.4390,189.7302,187.8945,128.0210,126.8174,132.6299,183.8649,182.9922,181.2046,131.1254
1724,181.5417,186.1111,6.8812,189.8107,189.4712,128.3578,126.1259,132.7538,183.7363,182.9752,181.5808,130.4364
1725,182.1063,186.1170,6.1342,189.4209,189.4123,127.7816,127.1544,133.7199,184.2276,182.8079,181.6909,130.5462
1726,181.9997,185.6682,6.6955,188.3998,189.0139,127.5179,126.9617,132.8403,184.2352,183.0267,181.2673,131.0446
1727,182.1455,185.5312,6.6704,188.5898,188.5362,126.4278,126.7533,133.0668,184.6880,182.4219,181.6078,130.9648
1728,182.3452,186.4993,6.6113,188.1647,189.3193,126.7361,126.7837,132.7405,184.2321,183.5586,181.0434,131.0749
1729,182.4971,186.3141,7.0021,188.0637,187.8385,126.0044,126.7053,133.4885,184.7451,183.4032,181.1683,130.7540
1730,180.9057,185.8633,6.4139,188.2166,188.8742,126.0196,127.1675,132.8693,185.3790,182.9045,181.3542,131.3587
1731,180.4215,186.3211,6.2032,189.3265,187.7964,125.9825,127.3953,189.3390,185.4439,183.3459,181.5333,130.5165
1732,180.1561,186.0216,6.0685,188.8226,188.0055,125.8566,127.8011,188.9169,185.5647,184.0073,181.3486,130.8255
1733,181.4006,185.6777,6.0098,188.5809,187.9692,126.0065,127.2270,189.1796,185.0591,183.7399,181.8324,131.1119
1734,181.5798,185.4118,5.2851,188.4171,187.2546,125.8254,127.6344,189.0628,184.5853,183.6705,181.4171,130.2678
1735,182.1810,185.3118,6.4565,188.4871,187.4817,125.7100,127.3593,189.0800,184.3192,183.3754,181.3504,130.0229
1736,182.0352,185.6662,6.0196,189.9503,188.2442,126.3608,127.2681,189.2565,184.1163,184.0701,180.6855,130.1317
1737,182.3919,185.5935,5.3558,188.9078,188.6688,126.7332,127.2260,132.7495,183.9657,183.4795,180.0660,130.1512
1738,181.9403,184.4146,133.4869,189.1969,188.5282,126.6969,127.5026,190.0253,183.4754,184.2616,180.7431,130.1815
1739,181.5991,185.5860,133.8659,188.5464,190.1166,126.2442,127.5116,133.3754,184.1789,183.7349,179.7928,129.7742
1740,181.5689,185.7142,134.7254,188.5555,189.4998,126.4281,127.3087,133.4505,183.7558,184.5636,180.4702,129.9459
1741,180.8732,184.7486,134.6203,188.5993,189.5297,126.7523,128.0188,133.2902,183.5395,184.5427,180.1868,129.6495
1742,181.3463,184.4747,134.3633,188.6038,189.0323,125.4398,127.3904,190.2585,183.7921,183.9148,180.1081,130.6335
1743,180.7329,184.9213,133.5768,189.0109,189.1377,126.3784,127.6707,134.0274,183.3383,184.2849,180.3527,130.7555
1744,180.6808,184.8198,133.3510,188.2487,188.5259,126.7552,127.4307,133.7244,183.6124,183.7364,180.5151,129.7998
1745,181.3748,183.9372,133.6281,187.9408,188.1691,126.4018,127.5777,133.5389,183.5735,184.1835,180.8853,129.8680
1746,180.9902,184.1614,134.1171,187.6033,188.2191,126.3905,128.4237,133.3595,182.8600,183.6648,179.5893,130.1548
1747,181.5393,184.4407,134.8399,189.7715,188.1528,126.6562,128.6819,132.8212,182.8466,183.9614,179.7092,130.6026
1748,181.1574,185.2984,134.2657,189.1090,188.6761,126.6466,129.1595,133.3322,182.7514,184.0214,179.9265,130.3225
1749,180.8457,184.7962,134.1462,189.2575,188.6462,126.0173,128.1156,134.5330,182.4379,183.9890,180.0717,130.0078
1750,180.1064,184.9004,133.4801,188.1028,188.2797,126.4108,127.8387,133.3938,182.7641,183.1800,178.5174,129.9232
1751,181.8314,185.5987,133.6410,188.8488,188.2922,126.7085,127.6906,133.7794,182.6591,183.6337,180.6436,130.0359
1752,183.0635,185.7735,134.5688,189.6906,188.8260,126.1015,127.5419,133.4897,182.3723,183.8748,180.0357,129.9788
1753,182.0828,185.8016,134.0170,189.2550,188.0030,125.7408,126.7485,133.6132,182.1566,183.9670,180.3368,129.9521
1754,181.6352,185.6978,133.4617,190.0470,189.2274,125.5744,126.2357,190.9475,182.7771,184.5989,180.4769,130.1431
1755,182.3314,185.6392,132.8834,189.8307,189.6180,125.6130,127.4430,189.2038,181.5447,184.5767,180.7148,129.8652
1756,182.2535,185.9495,133.6957,190.7725,188.3268,125.1797,126.2934,189.7854,183.7658,184.6876,181.4667,129.9360
1757,182.8237,185.1521,133.7549,191.8100,187.5709,125.4060,127.2953,189.7632,184.2717,183.9456,180.7063,129.6531
1758,183.1291,185.9897,133.5300,192.2172,189.7496,125.3327,127.5963,189.6793,183.9838,184.4160,180.8219,129.6210
1759,182.6461,185.9265,133.7677,191.5199,188.9807,125.0714,127.9885,189.9838,184.0451,183.4223,180.5182,129.6684
1760,182.4811,185.6471,133.7270,191.5708,188.0681,125.3273,127.5124,189.1839,184.1685,184.0739,180.3002,129.2193
1761,182.2852,185.5275,132.7211,190.7779,187.2507,125.7000,127.4031,132.6122,184.0089,184.0016,179.9820,129.9133
1762,182.0463,185.9424,132.5416,190.8891,188.3766,125.3433,127.3689,133.4247,183.5382,183.2682,180.6144,130.2544
1763,182.7510,186.5517,132.8624,190.9284,189.4332,126.1020,126.7483,133.7290,183.2288,183.9038,179.9078,130.2429
1764,181.7927,186.6035,132.5500,189.9973,189.3506,125.0505,127.1973,134.1313,183.1271,183.5887,180.2091,130.8749
1765,182.5248,186.2396,132.9607,189.8495,189.0159,125.1380,127.1567,133.2082,182.4945,183.8095,180.3904,130.5131
1766,182.9627,185.8550,132.7100,189.8714,188.8682,125.3992,126.9924,133.3414,182.8228,183.2242,180.9730,130.2724
1767,183.5535,185.5716,133.0757,189.9236,188.8979,125.8925,127.6006,133.4622,182.5472,182.7140,180.6273,130.7645
1768,183.3678,185.0393,133.6808,190.8592,189.1059,126.1726,127.0926,133.4810,183.4513,183.8698,180.0783,131.0620
1769,183.7642,185.3173,132.9364,189.6054,189.4901,126.2350,126.5633,133.6641,182.3813,183.9220,180.5976,131.3072
1770,183.7047,185.3466,187.6087,190.1374,189.9371,125.7156,125.8093,133.8717,183.4642,183.6934,181.0451,131.4673
1771,183.4334,185.0192,134.5726,190.4595,190.0515,125.1445,126.0778,134.0944,183.2964,183.5524,181.1277,131.4564
1772,183.7213,184.9055,187.4017,190.0840,190.9987,125.2809,126.4291,134.0495,183.2382,183.6211,181.0697,130.9121
1773,184.1725,186.1745,188.4918,189.8901,189.6717,125.6054,126.1535,134.1975,183.8122,182.8303,180.5634,131.2706
1774,185.5408,185.3129,187.4848,189.4318,188.9830,125.6123,126.1626,133.6399,183.6864,183.1059,180.7209,131.2506
1775,184.5507,185.1108,187.2215,190.4094,188.9213,125.6242,126.1993,132.8474,183.1795,183.1296,181.3808,130.5051
1776,184.4984,184.9896,187.5238,190.2551,190.2433,125.6530,125.4336,133.5468,183.3382,183.4700,181.3996,131.0029
1777,185.0687,185.2104,187.1829,189.8138,189.3214,125.2362,126.1837,133.0036,182.6968,183.5451,180.7796,131.8181
1778,184.8392,184.8142,187.4007,189.2481,189.4862,125.5180,126.2478,133.4573,182.6881,182.7553,181.4646,132.0076
1779,185.1254,184.4397,187.5194,189.8672,189.0914,125.0708,125.8934,133.1160,183.3066,182.9431,181.0423,131.3555
1780,184.6524,184.2580,188.3509,189.2690,188.9703,124.8755,125.9572,132.3266,182.9219,183.6521,180.2426,131.9510
1781,183.9882,184.2356,187.2097,190.5829,189.9421,125.3662,126.5800,132.7468,182.5641,183.4238,180.6074,131.8156
1782,185.0115,184.3621,186.6629,189.6328,188.7920,125.2597,125.8765,132.9721,182.3877,183.1625,180.7646,131.4946
1783,184.6119,183.7391,187.2467,190.4387,188.9914,125.4024,125.9474,132.4770,183.6845,183.2559,180.8125,130.6610
1784,184.7462,183.6611,188.6084,190.4413,188.8626,125.6261,125.6526,132.4159,184.1000,182.9558,180.8773,131.1153
1785,186.1866,184.5343,188.1644,190.9583,190.0299,125.5483,125.7746,132.5368,182.6940,182.6847,180.1073,130.5743
1786,185.8294,185.7934,188.2579,190.7747,189.3420,125.5230,126.3752,132.0284,183.3020,182.7607,181.1252,131.0341
1787,185.4709,186.3400,187.9876,190.2378,189.8247,125.9272,126.1173,132.4011,183.2048,182.7746,181.4988,130.7556
1788,185.2094,186.0451,188.5142,189.7328,188.9101,125.6028,126.1508,133.1317,183.7508,183.1410,179.9361,130.5277
1789,184.2855,185.4325,188.6144,190.3835,188.9415,125.1965,125.6535,133.0456,184.4914,183.2089,180.9645,130.3587
1790,184.8800,186.1685,188.3648,189.4847,188.3780,124.8035,125.5771,132.8785,184.3108,183.3641,182.1159,130.8441
1791,184.5176,186.8504,188.2038,189.7514,189.1996,124.9442,126.0415,132.0811,184.4390,182.5830,181.6269,130.9918
1792,184.5154,185.1557,188.5003,188.5508,188.5874,125.1432,126.1438,132.1267,184.7383,183.1725,180.8993,131.5690
1793,185.2436,185.6630,189.0137,188.6525,187.3905,125.5607,126.1325,132.2212,184.2245,182.3796,181.5617,131.5094
1794,185.1310,185.3535,188.5290,188.8511,188.2525,125.1175,126.2512,131.9900,184.3242,182.8338,180.8381,131.8740
1795,184.3445,185.8716,187.8682,189.0154,188.0179,125.5416,126.1352,132.6971,184.7502,182.4131,180.6493,131.8005
1796,185.0704,186.0831,187.7084,189.5217,187.2470,125.9111,126.0825,132.9001,184.7277,182.6855,180.4157,131.0957
1797,184.0853,186.8863,187.1356,188.7989,187.5869,126.1335,126.2176,132.2748,184.1721,182.2513,180.8723,131.1167
1798,185.0872,186.8814,187.1708,189.1720,187.1950,126.1119,125.8584,132.2779,183.4551,182.1147,180.1432,130.2591
1799,184.6158,185.9683,187.3142,190.1734,187.2175,125.9017,125.7082,132.1870,183.6018,182.9078,180.4327,130.7552
1800,182.8355,185.9866,187.7443,190.7409,186.0456,126.5237,126.0764,132.7009,184.2986,182.7921,180.2094,130.5328
1801,183.5302,186.0570,187.8141,190.0750,186.5093,126.8097,125.8858,132.8246,182.5115,182.3511,181.2270,129.8070
1802,181.9121,186.0055,187.1532,190.5879,186.9058,126.8664,126.3687,133.1903,183.5529,182.6739,181.9311,130.1235
1803,182.9302,185.8325,186.8506,190.9518,188.1974,126.0537,126.6831,133.8911,182.4946,182.9495,182.4653,130.4376
1804,182.4738,186.0762,187.4338,190.1527,187.8158,126.9050,126.2765,190.4426,182.2347,182.4798,182.0044,130.2507
1805,183.2266,185.9606,186.8708,189.8247,187.2783,126.5779,125.7484,133.4704,182.8764,182.2421,182.7211,130.0908
1806,183.5092,185.1760,186.4251,189.4372,186.0990,126.6379,125.9070,133.1107,182.7752,181.8744,181.6678,130.4851
1807,182.9130,185.3539,185.9057,189.2885,185.3465,126.0923,126.0965,133.5714,182.8829,182.3883,181.4282,131.0427
1808,182.9034,185.2402,187.2062,190.0100,186.0655,125.7355,126.4101,190.4419,183.4069,182.2976,181.4687,130.8496
1809,182.0779,184.9131,187.2887,189.8023,185.4391,125.4833,127.0822,133.4841,182.4829,181.3999,182.6433,130.9095
1810,183.0238,185.5785,188.5866,189.6291,186.4650,124.8557,126.7985,191.1723,182.2592,182.9105,181.7562,131.4320
1811,183.2920,184.5106,188.3051,188.9737,186.3557,125.1769,126.2593,190.7361,182.2800,183.4608,181.0498,131.0810
1812,182.7343,185.9610,187.7857,189.1301,186.6529,124.6380,126.4032,191.0842,182.3952,182.9264,180.9638,130.8861
1813,182.3875,185.3010,187.6193,188.7344,186.5541,125.5094,126.8138,189.8819,182.6044,182.1105,181.1633,130.3923
1814,182.8947,185.2256,187.3698,189.1313,186.8542,125.1340,126.3493,190.8118,182.8964,182.6765,181.3568,130.6312
1815,181.9350,184.7896,186.7679,189.4193,185.9564,125.2950,126.6983,190.9464,129.6319,183.2436,181.5979,130.7015
1816,181.9577,185.5267,186.8977,189.2643,186.0850,126.0962,126.3771,190.8948,128.6660,183.4606,182.3044,129.4906
1817,181.7195,184.5621,187.0310,189.4251,186.8278,126.4195,126.6834,190.7070,128.6225,182.9680,181.8391,129.5720
1818,182.9406,185.1742,187.1228,189.6716,186.9380,125.6673,127.0155,190.9753,129.5436,182.8559,182.1720,129.7663
1819,181.5324,184.9196,185.5455,189.7882,187.4151,126.5629,126.6665,190.0457,129.8489,182.7590,182.4769,129.8304
1820,182.1620,185.0442,185.8325,190.3823,186.6438,126.4135,127.2177,190.2112,130.4190,182.8513,182.5493,129.6669
1821,182.4072,184.8502,186.7081,189.6901,186.1984,125.8466,127.0044,190.0815,130.5843,182.7927,182.7923,130.0553
1822,182.7321,184.8447,185.9071,190.2578,185.5658,125.5610,126.3492,190.7386,129.3283,182.9652,181.8150,129.7881
1823,182.0889,185.1684,186.0681,190.7503,186.4949,125.0527,126.4648,190.1234,129.9853,182.8598,182.3198,129.7211
1824,182.0376,185.0762,184.8553,190.3635,185.8252,124.8591,126.6825,190.2603,130.1838,182.7729,182.8897,129.7268
1825,181.4343,185.6437,185.5086,189.9831,186.7517,124.4915,126.4927,190.7884,130.2776,183.0472,182.8186,129.7049
1826,182.3471,185.5306,185.8828,189.4515,185.9316,124.9102,125.9965,190.2611,129.3197,183.0722,182.3884,129.5841
1827,182.5093,185.5090,185.7064,189.7314,186.1969,125.3504,126.9891,189.9783,128.9930,182.9216,182.4882,129.8301
1828,182.6902,184.3865,186.5824,189.7380,184.8733,125.0418,126.1309,190.0670,128.9950,183.1843,182.3282,129.5484
1829,180.6098,184.9717,187.2951,190.1195,184.9981,125.5072,126.3959,190.5284,129.8270,182.9721,182.7576,129.3774
1830,180.0203,184.7619,187.3980,189.6929,184.8328,125.2410,125.9317,190.1232,129.9759,182.6054,182.1262,128.8797
1831,180.0470,184.8961,186.4332,190.3244,185.2300,124.3202,126.1707,191.4648,129.8142,182.8870,181.5350,128.6990
1832,180.7622,184.9441,186.5710,189.8659,185.7521,125.4710,126.1163,190.8723,130.5857,182.5932,180.6988,128.5586
1833,180.9852,184.5116,186.4318,191.4163,185.8125,125.5612,125.8356,191.1430,130.4538,182.5981,181.9480,128.5824
1834,179.9619,185.0283,186.3271,190.9765,185.5677,125.5312,126.0832,190.6816,130.8921,182.8351,181.0428,129.3261
1835,180.3880,186.3103,131.7521,190.7608,185.2666,125.8839,126.4921,190.8128,130.4570,182.9203,181.4856,128.9321
1836,179.4069,185.2304,132.2056,191.0271,184.6796,125.4705,127.1577,190.3867,130.8567,182.4386,182.2139,129.1073
1837,181.2401,184.7197,132.2520,190.5698,184.9523,126.0698,126.7010,190.0307,132.4464,182.7510,181.6508,129.5083
1838,180.7479,184.9166,132.4335,189.1781,184.9319,125.9457,126.7976,190.0327,130.8216,183.0700,181.4166,128.9802
1839,180.7444,185.0633,132.3807,189.4273,184.8342,125.6335,127.3267,190.4283,131.6183,182.7142,182.0094,129.0249
1840,180.8138,185.4694,132.5285,189.7021,184.4773,124.5853,127.1946,190.7934,131.3302,182.0393,181.7235,129.5682
1841,180.6962,185.8610,186.0309,189.9012,184.4281,124.2396,127.7665,190.7927,130.5300,182.2822,181.9396,129.6834
1842,181.2396,185.3124,185.3745,188.9330,184.9575,123.5708,126.8064,191.8054,129.8714,181.6496,182.1242,129.8168
1843,181.0198,186.2348,185.8825,189.1947,185.7608,123.8852,127.8675,191.9569,131.0850,181.8931,182.4150,129.2754
1844,181.0245,185.7944,186.2088,189.1731,186.0309,123.5813,128.1799,191.9285,130.9791,181.9808,181.9652,129.0312
1845,181.9947,185.4874,186.6266,189.5512,185.3309,123.5972,127.3517,191.2544,130.7928,181.4214,181.0682,129.5301
1846,181.6876,185.8709,186.3104,189.4703,184.9794,124.7219,127.7434,191.7161,131.0876,182.5006,181.7708,129.3702
1847,180.8376,185.6265,185.7176,189.7591,186.2909,124.2493,127.6777,191.1740,130.7292,181.8286,181.3610,129.2807
1848,181.5164,186.4261,186.0844,190.3751,185.2938,123.7295,127.4251,191.4254,130.2195,181.5415,180.8323,129.6405
1849,182.0099,186.4332,185.8007,190.7043,184.8787,124.1729,127.6551,191.9978,130.8164,180.9006,181.7217,129.3701
1850,182.0183,187.0508,186.4956,189.7370,185.3009,123.4869,127.7017,192.0106,130.4976,181.8126,181.3237,129.5748
1851,181.8807,187.5449,187.8280,189.7002,186.1745,123.4905,128.4356,192.2336,131.0279,181.1078,181.5635,129.0987
1852,181.2976,187.5554,186.2745,189.7019,185.6197,124.7034,128.1236,192.1666,131.1220,181.0603,181.3626,129.4715
1853,181.8969,187.7880,187.1430,189.1621,185.8907,124.2744,128.9819,191.4904,130.1842,181.5696,181.5483,128.9863
1854,180.9787,186.6850,186.8202,189.5321,186.1924,124.5227,128.8929,191.2882,130.9770,180.7508,182.2145,129.8057
1855,180.6322,186.8821,187.3381,189.2628,186.2327,124.1542,129.0685,191.4759,131.0534,181.6568,181.7584,129.7168
1856,180.3975,186.8417,187.6548,191.1035,186.6621,123.4912,128.6654,191.5339,130.6919,181.5246,180.8379,129.0159
1857,180.5151,185.8323,187.4609,190.3018,186.4667,122.9273,128.2233,191.6482,130.9653,181.6427,181.7152,129.2890
1858,180.3119,185.1343,187.9388,189.9981,186.6753,122.9058,127.7837,191.5861,131.6280,181.2202,181.2117,129.8046
1859,181.1973,186.3808,186.9466,190.1849,186.7691,123.4906,128.0438,192.0746,131.7391,181.2413,180.6301,129.8197
1860,180.0995,185.9758,187.2556,189.9348,186.4664,123.2234,127.1477,192.9615,131.3452,181.5618,180.9179,129.3797
1861,180.6769,185.8970,187.3926,189.5510,186.9766,122.8411,126.4166,192.8223,130.4290,180.9958,181.2906,130.0964
1862,180.6399,185.9355,187.4886,189.0591,186.6184,122.1638,126.9795,193.8341,131.2801,181.2542,180.9054,129.6062
1863,181.2692,187.0330,186.3767,188.8716,185.2282,123.3300,126.7550,193.0691,131.1110,180.9527,180.5209,129.6562
1864,180.7559,186.2591,186.2377,189.3083,185.1729,123.2241,126.7309,193.7824,130.0679,181.5059,181.1966,130.4564
1865,181.1689,186.2063,187.4415,190.2592,184.2317,122.5048,127.7197,192.6052,129.7412,181.6364,180.9502,130.5183
1866,181.1829,186.0907,187.5815,189.4039,184.5975,122.0974,127.4737,192.3153,129.4230,181.3239,181.8903,130.4505
1867,181.2921,186.4860,186.9534,189.0662,185.2274,122.7156,127.5427,192.5279,130.1744,181.5574,182.1951,130.1620
1868,181.8417,186.0595,187.6088,189.4253,185.1458,123.3849,127.7074,191.7534,130.1624,182.3000,182.2180,130.3820
1869,182.0626,186.9821,187.8984,189.0573,186.0988,123.7119,127.9407,191.9442,130.8793,181.8882,182.1047,130.2946
1870,181.7688,187.4141,187.6413,188.6360,186.1283,122.9294,127.2149,192.3924,130.5772,181.7971,181.9330,130.3355
1871,180.9362,187.4489,187.1626,188.7262,185.7930,123.5237,127.5794,192.5176,129.9910,181.7934,181.7236,130.3779
1872,179.7488,186.5407,186.8095,189.7639,186.7589,124.1445,127.7980,192.7520,130.0793,182.6883,182.0541,129.8291
1873,179.4345,185.8304,186.2084,189.2942,186.1526,123.7424,128.0192,192.8314,129.7408,183.1147,182.0169,130.2342
1874,179.7174,186.0718,133.6848,189.2769,185.9983,123.8913,128.0778,194.7642,130.1525,182.9745,182.0051,130.3873
1875,178.1343,185.7596,186.3635,189.1825,186.7366,123.5532,127.8446,194.4534,129.8300,183.4546,181.5716,130.0354
1876,177.8986,186.0794,133.9108,189.3613,185.7427,123.9868,127.8581,195.5776,130.3582,183.3834,181.6879,130.1102
1877,177.2128,186.1473,187.5044,189.1586,184.8881,123.7534,127.9612,195.6728,130.4451,183.2390,181.2515,130.0713
1878,177.4214,186.2580,186.4662,190.0956,185.1201,122.9461,126.6263,195.6898,129.5658,182.8724,180.8311,130.2587
1879,176.5816,185.6160,186.5409,189.6296,186.5122,123.6542,127.7290,195.7008,129.3325,183.7815,181.0421,129.4811
1880,177.2275,186.1413,187.7159,189.5243,185.7756,123.5949,127.0045,195.0999,129.4753,182.7729,180.9100,129.1794
1881,176.4446,185.8873,187.4596,189.4549,185.2957,124.0124,127.3208,194.8514,130.2487,183.6333,181.5667,129.2760
1882,176.9477,185.0171,186.6010,188.4120,185.7778,123.6592,127.3180,195.3500,130.2187,183.2480,182.0286,129.8657
1883,176.9858,185.4569,187.3735,188.6877,186.0114,123.6641,126.7190,194.7341,129.5819,182.9352,181.9404,129.7844
1884,177.7828,185.1348,187.4755,189.0531,185.7431,123.2787,126.5061,194.9178,130.1727,182.4545,181.3822,129.2431
1885,178.2000,185.7375,186.6695,188.8338,185.2745,123.1295,126.9553,194.8833,130.3344,182.3644,181.1291,129.4549
1886,177.5250,185.7940,133.3572,188.0084,185.7617,123.4675,128.3548,194.9893,131.2835,182.8370,181.5158,129.7381
1887,177.9338,186.1661,133.6460,188.2326,185.6229,122.7235,128.3598,194.6819,129.8607,182.2641,181.7133,130.7152
1888,178.6693,185.5475,134.1310,188.5698,186.2516,123.6451,128.0463,195.3174,129.7168,183.3513,182.2384,130.6559
1889,178.6319,186.4217,133.7846,188.7746,186.9737,123.4864,127.4478,195.7129,131.0598,182.0280,182.3751,130.9914
1890,179.3832,186.4033,185.9668,189.1621,185.9020,122.8155,127.2398,196.0663,130.7730,181.8064,182.1222,130.2387
1891,178.0678,185.5988,185.6524,189.3540,186.2652,123.5862,127.8860,196.0420,130.9826,181.6983,181.8553,129.2444
1892,178.5603,185.8262,132.3011,189.1977,185.8840,123.2637,127.8951,197.0010,130.0796,181.8873,182.3523,129.7020
1893,177.4977,186.0400,186.1233,188.9001,186.4079,123.7400,127.1988,195.8874,130.2043,182.2462,181.4159,130.1482
1894,178.3637,185.3993,185.3576,189.2957,186.6500,123.9268,126.5510,195.9780,130.1882,181.3408,182.4015,130.0923
1895,179.9239,185.7452,185.7231,189.7704,185.7091,124.8771,127.2504,137.6637,130.3322,181.0848,181.7208,129.9553
1896,180.5589,184.8801,185.7563,189.8047,185.8746,124.1984,126.5745,138.1490,129.3514,180.4489,182.2565,129.8909
1897,180.6663,185.0558,185.6890,191.0272,186.4848,124.0081,126.9564,138.0664,129.7232,181.0582,182.7112,129.6269
1898,180.9011,185.3236,185.0467,191.3486,186.4199,124.4643,126.9502,138.8439,129.8804,180.2822,181.8351,129.8339
1899,181.6665,185.2698,184.8488,191.4751,187.0455,124.8951,126.9762,137.8265,130.2848,180.8307,180.7384,130.0352
1900,182.5434,184.7423,185.9402,190.8624,188.5242,124.6249,126.5418,138.8975,130.2304,181.3203,181.0254,129.6586
1901,182.2722,184.9465,186.1556,190.8912,188.8279,123.7384,126.7016,138.4300,130.2806,181.8435,181.4726,130.1187
1902,181.4108,185.2495,186.1892,190.0173,187.6213,124.3185,126.4483,137.9951,130.5274,181.5541,181.2438,129.9870
1903,182.0302,185.0536,186.6584,190.1488,187.8068,125.4217,126.5184,137.6637,128.8187,181.6613,181.6419,129.1479
1904,182.1017,184.3430,186.0914,190.8325,188.3654,124.9560,126.7251,138.5623,129.6300,181.0195,181.1750,129.1192
1905,181.4095,184.6577,185.5324,191.1439,187.4922,125.5462,127.1139,137.4282,129.8950,181.9691,181.2956,129.4226
1906,180.9369,184.9849,186.1059,189.5221,186.6315,124.9104,126.9287,137.6214,129.4679,181.7373,181.0444,129.0183
1907,182.0284,184.8506,186.8966,189.8119,187.7999,124.8715,127.4549,137.7211,130.0169,182.4762,181.2520,129.4277
1908,180.7156,184.5655,188.0660,191.5374,188.3905,125.4153,127.6764,138.5634,128.8359,181.6380,182.1443,128.6602
1909,181.4352,185.1068,188.1846,190.9979,189.5606,125.6647,127.0298,137.7924,130.1700,181.8879,182.5619,129.2381
1910,179.8857,185.3303,187.3805,190.8147,189.6740,125.8003,127.5133,137.7320,129.6461,181.6237,182.7530,129.1686
1911,179.5171,185.8522,187.9138,190.2213,189.1890,126.7847,127.6254,138.2895,129.9755,181.2290,181.5706,129.0603
1912,179.7149,184.8303,186.9231,190.3613,188.7097,126.4109,127.2524,137.9329,129.8665,181.4481,181.4105,129.5223
1913,179.2847,186.2917,187.9574,190.1014,188.2356,126.3904,127.3184,138.2019,130.3262,181.7057,180.7936,129.5251
1914,179.3362,185.8740,188.3281,188.9860,188.3822,126.2000,127.6237,138.5725,130.3017,181.5425,181.2083,129.6378
1915,178.9095,185.5442,188.1408,189.3094,188.1958,126.0123,126.8872,137.7841,129.8385,181.2333,181.0554,129.1062
1916,179.5876,185.7904,188.1397,189.5196,187.8843,125.0136,126.8249,138.3098,129.1974,181.7563,181.1315,129.3594
1917,178.5247,185.7469,188.5837,189.3540,187.6785,126.0241,127.0501,137.0327,129.0389,181.5631,180.9590,129.5168
1918,179.4769,185.2010,187.7878,189.2867,187.7312,124.8270,127.1362,137.4552,129.6266,180.8552,179.8622,129.3727
1919,179.3006,185.9978,188.3938,189.0654,187.0507,125.1673,127.3731,139.1230,129.8341,181.4995,180.0186,129.7631
1920,179.6911,185.1629,187.9778,189.0479,187.2878,125.2738,127.0941,138.6521,128.9867,181.6290,179.0120,129.1403
1921,179.1469,185.7510,187.0617,189.5585,186.3813,125.5224,127.1140,139.2809,128.9919,180.5296,178.1404,129.4229
1922,178.8931,185.8507,187.8444,190.0182,186.9600,126.4390,127.2550,139.6412,129.8021,180.7048,177.4204,3.5525
1923,178.4638,185.3435,188.0461,189.5468,187.0328,126.0341,127.1607,139.7556,130.4779,180.8022,179.0471,3.4395
1924,179.1788,184.5611,188.2671,189.5749,187.9625,125.3987,126.9897,140.3500,130.1449,180.4954,179.3630,4.1195
1925,179.7268,185.6130,187.3228,188.9841,189.1413,125.4373,126.4094,139.1436,129.7619,180.7997,179.2759,3.9408
1926,179.9705,185.2886,187.2242,189.9616,188.8915,125.2295,127.0860,139.8971,128.9012,180.1095,179.6500,3.6196
1927,179.2642,185.5090,187.9089,189.3149,188.6342,125.3288,126.9625,140.7737,129.2720,180.0889,179.7721,3.6931
1928,179.0745,186.0367,188.1675,189.1526,188.5525,124.8800,127.1886,140.3504,129.9756,180.1934,179.1436,3.7725
1929,178.3687,186.4390,188.6346,189.1860,188.2687,124.7787,126.9659,140.4935,130.5669,179.2364,179.5325,3.6121
1930,179.2371,185.4355,188.5616,189.5438,188.2953,124.6354,126.4066,141.6712,130.1981,179.4104,178.4254,3.8698
1931,179.5893,185.5902,188.4041,189.2917,188.7111,124.6788,126.8946,141.5750,130.5879,178.9604,178.6332,3.9358
1932,179.8979,185.1492,188.3579,189.8595,189.0818,124.5869,127.6129,142.7870,130.4021,179.5915,178.0530,3.7675
1933,178.4804,185.8408,187.1730,189.5980,188.4515,125.4271,127.8058,142.3472,129.8095,179.6117,178.3991,4.1377
1934,179.6554,185.1687,188.3957,189.4309,189.1140,125.2454,127.3720,141.8896,130.4560,179.4027,178.7209,4.1098
1935,179.1690,186.0936,187.4462,189.6509,189.0738,125.2409,127.4654,142.4257,130.7067,179.3196,178.5377,4.0340
1936,177.6179,184.6562,188.0607,190.4419,188.6458,125.2524,127.9308,141.3656,130.3738,179.1742,177.9546,3.5268
1937,177.4902,186.2239,188.3942,189.6127,187.7688,125.1856,127.3540,141.4064,130.1631,178.8209,179.0165,3.8192
1938,176.7085,185.9218,188.4322,189.7041,188.3227,124.8679,127.6111,140.4086,130.7641,178.1504,179.3095,3.9668
1939,177.2916,185.1312,188.4765,189.5498,187.5322,124.8758,127.6200,141.2504,129.8144,177.8580,178.3522,3.9828
1940,177.2641,185.5303,189.0569,191.2130,188.7590,125.1222,127.8246,140.9059,130.1019,177.4443,178.1590,3.7914
1941,177.6418,184.8455,188.8224,190.5666,188.7725,124.7840,127.8751,138.8099,130.1585,177.5367,178.8440,4.0700
1942,178.1126,184.8443,189.3771,190.9243,187.5211,124.5961,128.1941,137.8301,129.8472,177.5918,178.8835,3.6015
1943,177.1727,185.4735,189.1779,190.9771,186.7845,124.7611,127.6169,137.2153,129.5135,177.7598,179.6173,3.6293
1944,178.3821,185.8066,187.7825,190.4392,187.5057,124.9105,127.8808,137.5203,128.9822,177.1827,179.0243,3.5363
1945,178.0086,185.3423,188.3893,190.5962,188.1598,123.9064,128.0786,137.7943,129.3916,177.0360,178.4808,3.8244
1946,177.8531,186.8134,187.5312,190.9264,188.3349,124.2185,127.5889,137.1962,129.8599,176.9214,178.3799,4.2021
1947,177.7385,186.4588,187.3530,191.1033,189.2651,124.5601,127.3050,137.4945,130.7921,176.3984,178.7146,3.7858
1948,178.0222,185.6343,187.4853,191.2929,188.6051,124.5373,128.4667,137.1458,130.4319,177.4318,178.8187,3.3739
1949,179.5136,185.7653,188.0290,189.9753,187.3999,124.4032,128.4874,136.5705,130.4541,176.9853,178.0268,3.6507
1950,179.9993,186.5918,186.4294,189.9002,187.7934,124.6418,128.1851,136.7700,130.0652,177.4720,178.4237,3.8440
1951,179.8707,185.9387,186.6490,189.4933,186.8780,123.3318,128.0977,136.6740,130.1578,177.0848,176.5507,3.4641
1952,180.3100,186.2794,187.4833,190.8100,185.5315,124.1739,128.8584,137.7040,130.6622,178.2206,177.0520,3.7387
1953,180.8498,185.1195,188.7252,190.5783,185.7425,123.9762,128.9942,136.9530,130.9524,178.4824,177.4304,3.6019
1954,180.5744,185.2490,188.2361,190.5313,185.6505,123.8984,129.4317,137.4538,130.1771,178.5606,177.4188,3.6095
1955,179.7126,185.3691,187.8176,189.7082,186.2539,123.4053,128.6413,138.4776,130.5879,179.2509,176.9546,3.6594
1956,179.3847,185.1591,188.4272,189.7038,186.7514,123.1271,128.2167,136.8969,130.4360,177.5048,178.2536,3.7017
1957,180.9078,185.4739,188.2286,189.4345,187.4333,123.2811,129.4578,136.3101,130.2742,177.7960,178.0922,3.8088
1958,180.6506,184.9169,188.1794,190.3178,187.4901,123.3412,129.2173,136.3651,129.7958,177.6465,177.6895,3.3737
1959,181.6889,185.8359,187.6183,189.6494,187.9876,123.3167,128.8118,136.0985,130.7154,178.3814,177.9618,3.5846
1960,181.4473,185.6747,188.1290,190.0089,188.2975,122.5543,129.3306,135.8882,130.9063,178.3426,176.9771,3.8619
1961,181.1922,185.7873,188.2354,188.8778,187.6769,123.4063,129.1248,136.1581,130.7048,178.0723,176.1097,3.6471
1962,180.6187,185.7881,187.2142,189.7117,186.5761,122.3905,128.9710,136.2031,130.9259,178.5158,177.1929,3.6206
1963,180.4859,184.5888,188.7225,189.4988,187.1310,122.1839,129.1044,135.9170,131.0536,177.7989,177.1656,3.8019
1964,180.4592,185.0008,187.9686,189.2503,186.5168,121.8550,129.1542,136.1839,130.7315,177.8198,177.5673,3.5383
1965,180.0850,185.1291,187.3336,190.1111,186.8208,121.6560,129.4824,135.6091,131.0259,177.5489,177.0510,3.4159
1966,179.7700,186.0944,187.8544,189.8724,186.5348,121.8394,129.1427,135.4566,130.7791,177.7044,177.0008,3.3743
1967,179.9371,185.7018,187.1750,189.4419,185.7567,122.4570,127.6766,135.6334,130.5311,178.5387,176.3673,3.7438
1968,180.9552,184.9814,187.4085,189.1175,186.0951,122.6729,127.7072,136.0245,130.5971,178.9695,176.9130,3.4607
1969,181.0706,185.4658,186.6937,189.1874,186.1946,122.3868,127.6663,136.4411,131.8814,178.8783,176.8068,3.4670
1970,181.5696,184.9059,185.8953,189.5307,185.5166,123.1023,127.3751,136.5528,132.3262,179.2755,176.6274,3.5986
1971,181.8805,185.3070,185.5616,190.4667,185.6894,122.6362,127.4272,135.0323,131.8735,179.2399,176.5744,3.8472
1972,182.1624,185.6372,185.3618,189.9518,184.7242,122.7321,127.4801,135.2584,131.8390,179.1052,176.9662,3.3992
1973,183.6510,186.3625,186.1061,189.2297,184.6367,122.4659,127.5251,135.7445,131.9578,179.2874,177.0188,3.6695
1974,184.1411,185.4171,186.0496,189.6430,183.5019,121.4515,127.3189,135.7737,131.2433,179.2966,175.7674,3.5397
1975,184.4669,186.3608,186.1259,189.7466,185.0822,121.5918,126.8566,136.1015,130.7789,179.7899,176.0417,3.7225
1976,183.5591,185.6763,185.2402,190.0763,184.5816,122.0212,127.0600,135.2190,130.8443,180.0632,176.2737,3.5930
1977,182.9291,186.7214,185.6689,189.8917,184.4630,121.5651,127.1472,136.6398,131.4585,180.3140,176.9452,3.8955
1978,182.2645,186.1167,186.3140,190.2740,184.6190,121.4576,126.8679,136.0653,131.1557,180.1569,176.0052,3.8214
1979,181.2845,185.5584,186.6326,190.4944,185.1738,121.7370,126.8902,137.1308,130.8715,180.6474,176.9810,3.8567
1980,183.1757,184.6036,186.1371,191.1658,183.9220,122.6475,126.5031,136.3830,130.8234,181.1998,176.8778,3.8276
1981,181.4774,184.3526,186.6771,190.9124,184.7101,122.5333,126.2257,136.7410,131.4469,181.0067,177.5085,4.3887
1982,181.4543,184.6741,185.7503,190.1836,183.6757,122.6378,126.2982,135.5565,131.3799,181.6154,176.4133,3.9150
1983,180.9049,184.7287,186.3502,189.9769,182.9845,122.3596,126.5833,135.3522,131.9248,181.6304,177.2092,3.9300
1984,181.3096,185.0347,186.1542,189.3108,183.7077,122.2642,126.1132,136.2007,131.6404,181.9670,177.4156,3.7737
1985,180.5966,185.4525,185.6462,189.0780,183.4021,122.3427,126.4936,136.9547,131.4624,181.5997,178.4154,3.1350
1986,180.4384,184.9697,185.4750,188.9019,183.7434,122.4497,126.7870,137.4072,131.1285,181.3931,179.2427,3.5813
1987,180.8369,185.4645,185.7580,189.2057,184.4766,122.4067,127.2754,137.0506,130.6398,181.7121,178.6448,3.7915
1988,180.1057,185.0737,186.4430,188.9005,184.0463,122.3471,126.8150,136.1143,131.1758,182.1175,179.5318,3.7508
1989,180.6514,184.8762,187.4478,189.0268,183.4184,123.2298,126.5812,137.0598,131.3188,182.6439,178.7510,3.9001
1990,179.6044,184.4941,187.7629,188.8787,183.7303,123.4706,126.5573,136.4669,130.3198,182.1536,179.0550,3.2621
1991,179.8137,184.8104,188.0317,189.5196,182.4230,123.3286,126.2096,136.1297,131.5644,182.7651,178.0310,3.3643
1992,180.6032,184.6383,188.2377,190.1381,183.7959,122.4803,126.8595,136.1653,132.1461,182.3609,178.0612,3.5219
1993,180.4021,184.7075,187.7436,189.6088,183.4446,123.4725,125.8891,135.0622,132.2433,182.1464,178.6505,3.4419
1994,180.4954,184.7204,188.6008,189.2202,184.4714,123.4817,126.2965,136.6333,131.3299,182.3107,178.4033,3.6219
1995,180.1745,185.1885,188.4081,189.8327,184.4726,122.8930,126.6798,137.0908,132.0248,182.7151,178.3652,3.3692
1996,181.0803,184.0948,188.2040,189.9397,185.6218,123.3887,126.5203,137.0900,130.1338,182.7276,178.3542,3.4850
1997,182.2717,184.6166,188.0770,189.6915,184.4403,123.2383,126.5406,137.9336,130.6617,181.6092,178.0283,3.7046
1998,182.3489,184.3101,187.9817,189.5353,183.5610,123.0542,126.2313,138.1432,130.9520,181.2766,177.8311,4.0517
1999,181.7394,185.2529,187.9235,189.7272,183.5682,123.1353,126.7375,137.0847,130.3236,182.0597,177.8117,4.0488
